<TICKER>;<PER>;<DATE>;<TIME>;<OPEN>;<HIGH>;<LOW>;<CLOSE>;<VOL>;<OPENINT>
DEPOSIT_RUONIA;D;20000301;000000;1000.000000;1000.000000;1000.000000;1000.000000;0;0
DEPOSIT_RUONIA;D;20000302;000000;1000.000000;1000.000000;1000.000000;1000.000000;0;0
DEPOSIT_RUONIA;D;20000303;000000;1000.000000;1000.000000;1000.000000;1000.000000;0;0
DEPOSIT_RUONIA;D;20000306;000000;1000.000000;1000.000000;1000.000000;1000.000000;0;0
DEPOSIT_RUONIA;D;20000307;000000;1000.000000;1000.000000;1000.000000;1000.000000;0;0
DEPOSIT_RUONIA;D;20000309;000000;1000.000000;1000.000000;1000.000000;1000.000000;0;0
DEPOSIT_RUONIA;D;20000310;000000;1000.000000;1000.000000;1000.000000;1000.000000;0;0
DEPOSIT_RUONIA;D;20000313;000000;1000.000000;1000.000000;1000.000000;1000.000000;0;0
DEPOSIT_RUONIA;D;20000314;000000;1000.000000;1000.000000;1000.000000;1000.000000;0;0
DEPOSIT_RUONIA;D;20000315;000000;1000.000000;1000.000000;1000.000000;1000.000000;0;0
DEPOSIT_RUONIA;D;20000316;000000;1000.000000;1000.000000;1000.000000;1000.000000;0;0
DEPOSIT_RUONIA;D;20000317;000000;1000.000000;1000.000000;1000.000000;1000.000000;0;0
DEPOSIT_RUONIA;D;20000320;000000;1000.000000;1000.000000;1000.000000;1000.000000;0;0
DEPOSIT_RUONIA;D;20000321;000000;1000.000000;1000.000000;1000.000000;1000.000000;0;0
DEPOSIT_RUONIA;D;20000322;000000;1000.000000;1000.000000;1000.000000;1000.000000;0;0
DEPOSIT_RUONIA;D;20000323;000000;1000.000000;1000.000000;1000.000000;1000.000000;0;0
DEPOSIT_RUONIA;D;20000324;000000;1000.000000;1000.000000;1000.000000;1000.000000;0;0
DEPOSIT_RUONIA;D;20000327;000000;1000.000000;1000.000000;1000.000000;1000.000000;0;0
DEPOSIT_RUONIA;D;20000328;000000;1000.000000;1000.000000;1000.000000;1000.000000;0;0
DEPOSIT_RUONIA;D;20000329;000000;1000.000000;1000.000000;1000.000000;1000.000000;0;0
DEPOSIT_RUONIA;D;20000330;000000;1000.000000;1000.000000;1000.000000;1000.000000;0;0
DEPOSIT_RUONIA;D;20000331;000000;1000.000000;1000.000000;1000.000000;1000.000000;0;0
DEPOSIT_RUONIA;D;20000403;000000;1000.000000;1000.000000;1000.000000;1000.000000;0;0
DEPOSIT_RUONIA;D;20000404;000000;1000.000000;1000.000000;1000.000000;1000.000000;0;0
DEPOSIT_RUONIA;D;20000405;000000;1000.000000;1000.000000;1000.000000;1000.000000;0;0
DEPOSIT_RUONIA;D;20000406;000000;1000.000000;1000.000000;1000.000000;1000.000000;0;0
DEPOSIT_RUONIA;D;20000407;000000;1000.000000;1000.000000;1000.000000;1000.000000;0;0
DEPOSIT_RUONIA;D;20000410;000000;1000.000000;1000.000000;1000.000000;1000.000000;0;0
DEPOSIT_RUONIA;D;20000411;000000;1000.000000;1000.000000;1000.000000;1000.000000;0;0
DEPOSIT_RUONIA;D;20000412;000000;1000.000000;1000.000000;1000.000000;1000.000000;0;0
DEPOSIT_RUONIA;D;20000413;000000;1000.000000;1000.000000;1000.000000;1000.000000;0;0
DEPOSIT_RUONIA;D;20000414;000000;1000.000000;1000.000000;1000.000000;1000.000000;0;0
DEPOSIT_RUONIA;D;20000417;000000;1000.000000;1000.000000;1000.000000;1000.000000;0;0
DEPOSIT_RUONIA;D;20000418;000000;1000.000000;1000.000000;1000.000000;1000.000000;0;0
DEPOSIT_RUONIA;D;20000419;000000;1000.000000;1000.000000;1000.000000;1000.000000;0;0
DEPOSIT_RUONIA;D;20000420;000000;1000.000000;1000.000000;1000.000000;1000.000000;0;0
DEPOSIT_RUONIA;D;20000421;000000;1000.000000;1000.000000;1000.000000;1000.000000;0;0
DEPOSIT_RUONIA;D;20000424;000000;1000.000000;1000.000000;1000.000000;1000.000000;0;0
DEPOSIT_RUONIA;D;20000425;000000;1000.000000;1000.000000;1000.000000;1000.000000;0;0
DEPOSIT_RUONIA;D;20000426;000000;1000.000000;1000.000000;1000.000000;1000.000000;0;0
DEPOSIT_RUONIA;D;20000427;000000;1000.000000;1000.000000;1000.000000;1000.000000;0;0
DEPOSIT_RUONIA;D;20000428;000000;1000.000000;1000.000000;1000.000000;1000.000000;0;0
DEPOSIT_RUONIA;D;20000503;000000;1000.000000;1000.000000;1000.000000;1000.000000;0;0
DEPOSIT_RUONIA;D;20000504;000000;1000.000000;1000.000000;1000.000000;1000.000000;0;0
DEPOSIT_RUONIA;D;20000505;000000;1000.000000;1000.000000;1000.000000;1000.000000;0;0
DEPOSIT_RUONIA;D;20000506;000000;1000.000000;1000.000000;1000.000000;1000.000000;0;0
DEPOSIT_RUONIA;D;20000510;000000;1000.000000;1000.000000;1000.000000;1000.000000;0;0
DEPOSIT_RUONIA;D;20000511;000000;1000.000000;1000.000000;1000.000000;1000.000000;0;0
DEPOSIT_RUONIA;D;20000512;000000;1000.000000;1000.000000;1000.000000;1000.000000;0;0
DEPOSIT_RUONIA;D;20000515;000000;1000.000000;1000.000000;1000.000000;1000.000000;0;0
DEPOSIT_RUONIA;D;20000516;000000;1000.000000;1000.000000;1000.000000;1000.000000;0;0
DEPOSIT_RUONIA;D;20000517;000000;1000.000000;1000.000000;1000.000000;1000.000000;0;0
DEPOSIT_RUONIA;D;20000518;000000;1000.000000;1000.000000;1000.000000;1000.000000;0;0
DEPOSIT_RUONIA;D;20000519;000000;1000.000000;1000.000000;1000.000000;1000.000000;0;0
DEPOSIT_RUONIA;D;20000522;000000;1000.000000;1000.000000;1000.000000;1000.000000;0;0
DEPOSIT_RUONIA;D;20000523;000000;1000.000000;1000.000000;1000.000000;1000.000000;0;0
DEPOSIT_RUONIA;D;20000524;000000;1000.000000;1000.000000;1000.000000;1000.000000;0;0
DEPOSIT_RUONIA;D;20000525;000000;1000.000000;1000.000000;1000.000000;1000.000000;0;0
DEPOSIT_RUONIA;D;20000526;000000;1000.000000;1000.000000;1000.000000;1000.000000;0;0
DEPOSIT_RUONIA;D;20000529;000000;1000.000000;1000.000000;1000.000000;1000.000000;0;0
DEPOSIT_RUONIA;D;20000530;000000;1000.000000;1000.000000;1000.000000;1000.000000;0;0
DEPOSIT_RUONIA;D;20000531;000000;1000.000000;1000.000000;1000.000000;1000.000000;0;0
DEPOSIT_RUONIA;D;20000601;000000;1000.000000;1000.000000;1000.000000;1000.000000;0;0
DEPOSIT_RUONIA;D;20000602;000000;1000.000000;1000.000000;1000.000000;1000.000000;0;0
DEPOSIT_RUONIA;D;20000605;000000;1000.000000;1000.000000;1000.000000;1000.000000;0;0
DEPOSIT_RUONIA;D;20000606;000000;1000.000000;1000.000000;1000.000000;1000.000000;0;0
DEPOSIT_RUONIA;D;20000607;000000;1000.000000;1000.000000;1000.000000;1000.000000;0;0
DEPOSIT_RUONIA;D;20000608;000000;1000.000000;1000.000000;1000.000000;1000.000000;0;0
DEPOSIT_RUONIA;D;20000609;000000;1000.000000;1000.000000;1000.000000;1000.000000;0;0
DEPOSIT_RUONIA;D;20000613;000000;1000.000000;1000.000000;1000.000000;1000.000000;0;0
DEPOSIT_RUONIA;D;20000614;000000;1000.000000;1000.000000;1000.000000;1000.000000;0;0
DEPOSIT_RUONIA;D;20000615;000000;1000.000000;1000.000000;1000.000000;1000.000000;0;0
DEPOSIT_RUONIA;D;20000616;000000;1000.000000;1000.000000;1000.000000;1000.000000;0;0
DEPOSIT_RUONIA;D;20000619;000000;1000.000000;1000.000000;1000.000000;1000.000000;0;0
DEPOSIT_RUONIA;D;20000620;000000;1000.000000;1000.000000;1000.000000;1000.000000;0;0
DEPOSIT_RUONIA;D;20000621;000000;1000.000000;1000.000000;1000.000000;1000.000000;0;0
DEPOSIT_RUONIA;D;20000622;000000;1000.000000;1000.000000;1000.000000;1000.000000;0;0
DEPOSIT_RUONIA;D;20000623;000000;1000.000000;1000.000000;1000.000000;1000.000000;0;0
DEPOSIT_RUONIA;D;20000626;000000;1000.000000;1000.000000;1000.000000;1000.000000;0;0
DEPOSIT_RUONIA;D;20000627;000000;1000.000000;1000.000000;1000.000000;1000.000000;0;0
DEPOSIT_RUONIA;D;20000628;000000;1000.000000;1000.000000;1000.000000;1000.000000;0;0
DEPOSIT_RUONIA;D;20000629;000000;1000.000000;1000.000000;1000.000000;1000.000000;0;0
DEPOSIT_RUONIA;D;20000630;000000;1000.000000;1000.000000;1000.000000;1000.000000;0;0
DEPOSIT_RUONIA;D;20000703;000000;1000.000000;1000.000000;1000.000000;1000.000000;0;0
DEPOSIT_RUONIA;D;20000704;000000;1000.000000;1000.000000;1000.000000;1000.000000;0;0
DEPOSIT_RUONIA;D;20000705;000000;1000.000000;1000.000000;1000.000000;1000.000000;0;0
DEPOSIT_RUONIA;D;20000706;000000;1000.000000;1000.000000;1000.000000;1000.000000;0;0
DEPOSIT_RUONIA;D;20000707;000000;1000.000000;1000.000000;1000.000000;1000.000000;0;0
DEPOSIT_RUONIA;D;20000710;000000;1000.000000;1000.000000;1000.000000;1000.000000;0;0
DEPOSIT_RUONIA;D;20000711;000000;1000.000000;1000.000000;1000.000000;1000.000000;0;0
DEPOSIT_RUONIA;D;20000712;000000;1000.000000;1000.000000;1000.000000;1000.000000;0;0
DEPOSIT_RUONIA;D;20000713;000000;1000.000000;1000.000000;1000.000000;1000.000000;0;0
DEPOSIT_RUONIA;D;20000714;000000;1000.000000;1000.000000;1000.000000;1000.000000;0;0
DEPOSIT_RUONIA;D;20000717;000000;1000.000000;1000.000000;1000.000000;1000.000000;0;0
DEPOSIT_RUONIA;D;20000718;000000;1000.000000;1000.000000;1000.000000;1000.000000;0;0
DEPOSIT_RUONIA;D;20000719;000000;1000.000000;1000.000000;1000.000000;1000.000000;0;0
DEPOSIT_RUONIA;D;20000720;000000;1000.000000;1000.000000;1000.000000;1000.000000;0;0
DEPOSIT_RUONIA;D;20000721;000000;1000.000000;1000.000000;1000.000000;1000.000000;0;0
DEPOSIT_RUONIA;D;20000724;000000;1000.000000;1000.000000;1000.000000;1000.000000;0;0
DEPOSIT_RUONIA;D;20000725;000000;1000.000000;1000.000000;1000.000000;1000.000000;0;0
DEPOSIT_RUONIA;D;20000726;000000;1000.000000;1000.000000;1000.000000;1000.000000;0;0
DEPOSIT_RUONIA;D;20000727;000000;1000.000000;1000.000000;1000.000000;1000.000000;0;0
DEPOSIT_RUONIA;D;20000728;000000;1000.000000;1000.000000;1000.000000;1000.000000;0;0
DEPOSIT_RUONIA;D;20000731;000000;1000.000000;1000.000000;1000.000000;1000.000000;0;0
DEPOSIT_RUONIA;D;20000801;000000;1000.000000;1000.000000;1000.000000;1000.000000;0;0
DEPOSIT_RUONIA;D;20000802;000000;1000.000000;1000.000000;1000.000000;1000.000000;0;0
DEPOSIT_RUONIA;D;20000803;000000;1000.000000;1000.000000;1000.000000;1000.000000;0;0
DEPOSIT_RUONIA;D;20000804;000000;1000.000000;1000.000000;1000.000000;1000.000000;0;0
DEPOSIT_RUONIA;D;20000807;000000;1000.000000;1000.000000;1000.000000;1000.000000;0;0
DEPOSIT_RUONIA;D;20000808;000000;1000.000000;1000.000000;1000.000000;1000.000000;0;0
DEPOSIT_RUONIA;D;20000809;000000;1000.000000;1000.000000;1000.000000;1000.000000;0;0
DEPOSIT_RUONIA;D;20000810;000000;1000.000000;1000.000000;1000.000000;1000.000000;0;0
DEPOSIT_RUONIA;D;20000811;000000;1000.000000;1000.000000;1000.000000;1000.000000;0;0
DEPOSIT_RUONIA;D;20000814;000000;1000.000000;1000.000000;1000.000000;1000.000000;0;0
DEPOSIT_RUONIA;D;20000815;000000;1000.000000;1000.000000;1000.000000;1000.000000;0;0
DEPOSIT_RUONIA;D;20000816;000000;1000.000000;1000.000000;1000.000000;1000.000000;0;0
DEPOSIT_RUONIA;D;20000817;000000;1000.000000;1000.000000;1000.000000;1000.000000;0;0
DEPOSIT_RUONIA;D;20000818;000000;1000.000000;1000.000000;1000.000000;1000.000000;0;0
DEPOSIT_RUONIA;D;20000821;000000;1000.000000;1000.000000;1000.000000;1000.000000;0;0
DEPOSIT_RUONIA;D;20000822;000000;1000.000000;1000.000000;1000.000000;1000.000000;0;0
DEPOSIT_RUONIA;D;20000823;000000;1000.000000;1000.000000;1000.000000;1000.000000;0;0
DEPOSIT_RUONIA;D;20000824;000000;1000.000000;1000.000000;1000.000000;1000.000000;0;0
DEPOSIT_RUONIA;D;20000825;000000;1000.000000;1000.000000;1000.000000;1000.000000;0;0
DEPOSIT_RUONIA;D;20000828;000000;1000.000000;1000.000000;1000.000000;1000.000000;0;0
DEPOSIT_RUONIA;D;20000829;000000;1000.000000;1000.000000;1000.000000;1000.000000;0;0
DEPOSIT_RUONIA;D;20000830;000000;1000.000000;1000.000000;1000.000000;1000.000000;0;0
DEPOSIT_RUONIA;D;20000831;000000;1000.000000;1000.000000;1000.000000;1000.000000;0;0
DEPOSIT_RUONIA;D;20000901;000000;1000.000000;1000.000000;1000.000000;1000.000000;0;0
DEPOSIT_RUONIA;D;20000904;000000;1000.000000;1000.000000;1000.000000;1000.000000;0;0
DEPOSIT_RUONIA;D;20000905;000000;1000.000000;1000.000000;1000.000000;1000.000000;0;0
DEPOSIT_RUONIA;D;20000906;000000;1000.000000;1000.000000;1000.000000;1000.000000;0;0
DEPOSIT_RUONIA;D;20000907;000000;1000.000000;1000.000000;1000.000000;1000.000000;0;0
DEPOSIT_RUONIA;D;20000908;000000;1000.000000;1000.000000;1000.000000;1000.000000;0;0
DEPOSIT_RUONIA;D;20000911;000000;1000.000000;1000.000000;1000.000000;1000.000000;0;0
DEPOSIT_RUONIA;D;20000912;000000;1000.000000;1000.000000;1000.000000;1000.000000;0;0
DEPOSIT_RUONIA;D;20000913;000000;1000.000000;1000.000000;1000.000000;1000.000000;0;0
DEPOSIT_RUONIA;D;20000914;000000;1000.000000;1000.000000;1000.000000;1000.000000;0;0
DEPOSIT_RUONIA;D;20000915;000000;1000.000000;1000.000000;1000.000000;1000.000000;0;0
DEPOSIT_RUONIA;D;20000918;000000;1000.000000;1000.000000;1000.000000;1000.000000;0;0
DEPOSIT_RUONIA;D;20000919;000000;1000.000000;1000.000000;1000.000000;1000.000000;0;0
DEPOSIT_RUONIA;D;20000920;000000;1000.000000;1000.000000;1000.000000;1000.000000;0;0
DEPOSIT_RUONIA;D;20000921;000000;1000.000000;1000.000000;1000.000000;1000.000000;0;0
DEPOSIT_RUONIA;D;20000922;000000;1000.000000;1000.000000;1000.000000;1000.000000;0;0
DEPOSIT_RUONIA;D;20000925;000000;1000.000000;1000.000000;1000.000000;1000.000000;0;0
DEPOSIT_RUONIA;D;20000926;000000;1000.000000;1000.000000;1000.000000;1000.000000;0;0
DEPOSIT_RUONIA;D;20000927;000000;1000.000000;1000.000000;1000.000000;1000.000000;0;0
DEPOSIT_RUONIA;D;20000928;000000;1000.000000;1000.000000;1000.000000;1000.000000;0;0
DEPOSIT_RUONIA;D;20000929;000000;1000.000000;1000.000000;1000.000000;1000.000000;0;0
DEPOSIT_RUONIA;D;20001002;000000;1000.000000;1000.000000;1000.000000;1000.000000;0;0
DEPOSIT_RUONIA;D;20001003;000000;1000.000000;1000.000000;1000.000000;1000.000000;0;0
DEPOSIT_RUONIA;D;20001004;000000;1000.000000;1000.000000;1000.000000;1000.000000;0;0
DEPOSIT_RUONIA;D;20001005;000000;1000.000000;1000.000000;1000.000000;1000.000000;0;0
DEPOSIT_RUONIA;D;20001006;000000;1000.000000;1000.000000;1000.000000;1000.000000;0;0
DEPOSIT_RUONIA;D;20001009;000000;1000.000000;1000.000000;1000.000000;1000.000000;0;0
DEPOSIT_RUONIA;D;20001010;000000;1000.000000;1000.000000;1000.000000;1000.000000;0;0
DEPOSIT_RUONIA;D;20001011;000000;1000.000000;1000.000000;1000.000000;1000.000000;0;0
DEPOSIT_RUONIA;D;20001012;000000;1000.000000;1000.000000;1000.000000;1000.000000;0;0
DEPOSIT_RUONIA;D;20001013;000000;1000.000000;1000.000000;1000.000000;1000.000000;0;0
DEPOSIT_RUONIA;D;20001016;000000;1000.000000;1000.000000;1000.000000;1000.000000;0;0
DEPOSIT_RUONIA;D;20001017;000000;1000.000000;1000.000000;1000.000000;1000.000000;0;0
DEPOSIT_RUONIA;D;20001018;000000;1000.000000;1000.000000;1000.000000;1000.000000;0;0
DEPOSIT_RUONIA;D;20001019;000000;1000.000000;1000.000000;1000.000000;1000.000000;0;0
DEPOSIT_RUONIA;D;20001020;000000;1000.000000;1000.000000;1000.000000;1000.000000;0;0
DEPOSIT_RUONIA;D;20001023;000000;1000.000000;1000.000000;1000.000000;1000.000000;0;0
DEPOSIT_RUONIA;D;20001024;000000;1000.000000;1000.000000;1000.000000;1000.000000;0;0
DEPOSIT_RUONIA;D;20001025;000000;1000.000000;1000.000000;1000.000000;1000.000000;0;0
DEPOSIT_RUONIA;D;20001026;000000;1000.000000;1000.000000;1000.000000;1000.000000;0;0
DEPOSIT_RUONIA;D;20001027;000000;1000.000000;1000.000000;1000.000000;1000.000000;0;0
DEPOSIT_RUONIA;D;20001030;000000;1000.000000;1000.000000;1000.000000;1000.000000;0;0
DEPOSIT_RUONIA;D;20001031;000000;1000.000000;1000.000000;1000.000000;1000.000000;0;0
DEPOSIT_RUONIA;D;20001101;000000;1000.000000;1000.000000;1000.000000;1000.000000;0;0
DEPOSIT_RUONIA;D;20001102;000000;1000.000000;1000.000000;1000.000000;1000.000000;0;0
DEPOSIT_RUONIA;D;20001103;000000;1000.000000;1000.000000;1000.000000;1000.000000;0;0
DEPOSIT_RUONIA;D;20001104;000000;1000.000000;1000.000000;1000.000000;1000.000000;0;0
DEPOSIT_RUONIA;D;20001108;000000;1000.000000;1000.000000;1000.000000;1000.000000;0;0
DEPOSIT_RUONIA;D;20001109;000000;1000.000000;1000.000000;1000.000000;1000.000000;0;0
DEPOSIT_RUONIA;D;20001110;000000;1000.000000;1000.000000;1000.000000;1000.000000;0;0
DEPOSIT_RUONIA;D;20001113;000000;1000.000000;1000.000000;1000.000000;1000.000000;0;0
DEPOSIT_RUONIA;D;20001114;000000;1000.000000;1000.000000;1000.000000;1000.000000;0;0
DEPOSIT_RUONIA;D;20001115;000000;1000.000000;1000.000000;1000.000000;1000.000000;0;0
DEPOSIT_RUONIA;D;20001116;000000;1000.000000;1000.000000;1000.000000;1000.000000;0;0
DEPOSIT_RUONIA;D;20001117;000000;1000.000000;1000.000000;1000.000000;1000.000000;0;0
DEPOSIT_RUONIA;D;20001120;000000;1000.000000;1000.000000;1000.000000;1000.000000;0;0
DEPOSIT_RUONIA;D;20001121;000000;1000.000000;1000.000000;1000.000000;1000.000000;0;0
DEPOSIT_RUONIA;D;20001122;000000;1000.000000;1000.000000;1000.000000;1000.000000;0;0
DEPOSIT_RUONIA;D;20001123;000000;1000.000000;1000.000000;1000.000000;1000.000000;0;0
DEPOSIT_RUONIA;D;20001124;000000;1000.000000;1000.000000;1000.000000;1000.000000;0;0
DEPOSIT_RUONIA;D;20001127;000000;1000.000000;1000.000000;1000.000000;1000.000000;0;0
DEPOSIT_RUONIA;D;20001128;000000;1000.000000;1000.000000;1000.000000;1000.000000;0;0
DEPOSIT_RUONIA;D;20001129;000000;1000.000000;1000.000000;1000.000000;1000.000000;0;0
DEPOSIT_RUONIA;D;20001130;000000;1000.000000;1000.000000;1000.000000;1000.000000;0;0
DEPOSIT_RUONIA;D;20001201;000000;1000.000000;1000.000000;1000.000000;1000.000000;0;0
DEPOSIT_RUONIA;D;20001204;000000;1000.000000;1000.000000;1000.000000;1000.000000;0;0
DEPOSIT_RUONIA;D;20001205;000000;1000.000000;1000.000000;1000.000000;1000.000000;0;0
DEPOSIT_RUONIA;D;20001206;000000;1000.000000;1000.000000;1000.000000;1000.000000;0;0
DEPOSIT_RUONIA;D;20001207;000000;1000.000000;1000.000000;1000.000000;1000.000000;0;0
DEPOSIT_RUONIA;D;20001208;000000;1000.000000;1000.000000;1000.000000;1000.000000;0;0
DEPOSIT_RUONIA;D;20001209;000000;1000.000000;1000.000000;1000.000000;1000.000000;0;0
DEPOSIT_RUONIA;D;20001213;000000;1000.000000;1000.000000;1000.000000;1000.000000;0;0
DEPOSIT_RUONIA;D;20001214;000000;1000.000000;1000.000000;1000.000000;1000.000000;0;0
DEPOSIT_RUONIA;D;20001215;000000;1000.000000;1000.000000;1000.000000;1000.000000;0;0
DEPOSIT_RUONIA;D;20001218;000000;1000.000000;1000.000000;1000.000000;1000.000000;0;0
DEPOSIT_RUONIA;D;20001219;000000;1000.000000;1000.000000;1000.000000;1000.000000;0;0
DEPOSIT_RUONIA;D;20001220;000000;1000.000000;1000.000000;1000.000000;1000.000000;0;0
DEPOSIT_RUONIA;D;20001221;000000;1000.000000;1000.000000;1000.000000;1000.000000;0;0
DEPOSIT_RUONIA;D;20001222;000000;1000.000000;1000.000000;1000.000000;1000.000000;0;0
DEPOSIT_RUONIA;D;20001225;000000;1000.000000;1000.000000;1000.000000;1000.000000;0;0
DEPOSIT_RUONIA;D;20001226;000000;1000.000000;1000.000000;1000.000000;1000.000000;0;0
DEPOSIT_RUONIA;D;20001227;000000;1000.000000;1000.000000;1000.000000;1000.000000;0;0
DEPOSIT_RUONIA;D;20001228;000000;1000.000000;1000.000000;1000.000000;1000.000000;0;0
DEPOSIT_RUONIA;D;20010103;000000;1000.000000;1000.000000;1000.000000;1000.000000;0;0
DEPOSIT_RUONIA;D;20010104;000000;1000.000000;1000.000000;1000.000000;1000.000000;0;0
DEPOSIT_RUONIA;D;20010105;000000;1000.000000;1000.000000;1000.000000;1000.000000;0;0
DEPOSIT_RUONIA;D;20010109;000000;1000.000000;1000.000000;1000.000000;1000.000000;0;0
DEPOSIT_RUONIA;D;20010110;000000;1000.000000;1000.000000;1000.000000;1000.000000;0;0
DEPOSIT_RUONIA;D;20010111;000000;1000.000000;1000.000000;1000.000000;1000.000000;0;0
DEPOSIT_RUONIA;D;20010112;000000;1000.000000;1000.000000;1000.000000;1000.000000;0;0
DEPOSIT_RUONIA;D;20010115;000000;1000.000000;1000.000000;1000.000000;1000.000000;0;0
DEPOSIT_RUONIA;D;20010116;000000;1000.000000;1000.000000;1000.000000;1000.000000;0;0
DEPOSIT_RUONIA;D;20010117;000000;1000.000000;1000.000000;1000.000000;1000.000000;0;0
DEPOSIT_RUONIA;D;20010118;000000;1000.000000;1000.000000;1000.000000;1000.000000;0;0
DEPOSIT_RUONIA;D;20010119;000000;1000.000000;1000.000000;1000.000000;1000.000000;0;0
DEPOSIT_RUONIA;D;20010122;000000;1000.000000;1000.000000;1000.000000;1000.000000;0;0
DEPOSIT_RUONIA;D;20010123;000000;1000.000000;1000.000000;1000.000000;1000.000000;0;0
DEPOSIT_RUONIA;D;20010124;000000;1000.000000;1000.000000;1000.000000;1000.000000;0;0
DEPOSIT_RUONIA;D;20010125;000000;1000.000000;1000.000000;1000.000000;1000.000000;0;0
DEPOSIT_RUONIA;D;20010126;000000;1000.000000;1000.000000;1000.000000;1000.000000;0;0
DEPOSIT_RUONIA;D;20010129;000000;1000.000000;1000.000000;1000.000000;1000.000000;0;0
DEPOSIT_RUONIA;D;20010130;000000;1000.000000;1000.000000;1000.000000;1000.000000;0;0
DEPOSIT_RUONIA;D;20010131;000000;1000.000000;1000.000000;1000.000000;1000.000000;0;0
DEPOSIT_RUONIA;D;20010201;000000;1000.000000;1000.000000;1000.000000;1000.000000;0;0
DEPOSIT_RUONIA;D;20010202;000000;1000.000000;1000.000000;1000.000000;1000.000000;0;0
DEPOSIT_RUONIA;D;20010205;000000;1000.000000;1000.000000;1000.000000;1000.000000;0;0
DEPOSIT_RUONIA;D;20010206;000000;1000.000000;1000.000000;1000.000000;1000.000000;0;0
DEPOSIT_RUONIA;D;20010207;000000;1000.000000;1000.000000;1000.000000;1000.000000;0;0
DEPOSIT_RUONIA;D;20010208;000000;1000.000000;1000.000000;1000.000000;1000.000000;0;0
DEPOSIT_RUONIA;D;20010209;000000;1000.000000;1000.000000;1000.000000;1000.000000;0;0
DEPOSIT_RUONIA;D;20010212;000000;1000.000000;1000.000000;1000.000000;1000.000000;0;0
DEPOSIT_RUONIA;D;20010213;000000;1000.000000;1000.000000;1000.000000;1000.000000;0;0
DEPOSIT_RUONIA;D;20010214;000000;1000.000000;1000.000000;1000.000000;1000.000000;0;0
DEPOSIT_RUONIA;D;20010215;000000;1000.000000;1000.000000;1000.000000;1000.000000;0;0
DEPOSIT_RUONIA;D;20010216;000000;1000.000000;1000.000000;1000.000000;1000.000000;0;0
DEPOSIT_RUONIA;D;20010219;000000;1000.000000;1000.000000;1000.000000;1000.000000;0;0
DEPOSIT_RUONIA;D;20010220;000000;1000.000000;1000.000000;1000.000000;1000.000000;0;0
DEPOSIT_RUONIA;D;20010221;000000;1000.000000;1000.000000;1000.000000;1000.000000;0;0
DEPOSIT_RUONIA;D;20010222;000000;1000.000000;1000.000000;1000.000000;1000.000000;0;0
DEPOSIT_RUONIA;D;20010223;000000;1000.000000;1000.000000;1000.000000;1000.000000;0;0
DEPOSIT_RUONIA;D;20010226;000000;1000.000000;1000.000000;1000.000000;1000.000000;0;0
DEPOSIT_RUONIA;D;20010227;000000;1000.000000;1000.000000;1000.000000;1000.000000;0;0
DEPOSIT_RUONIA;D;20010228;000000;1000.000000;1000.000000;1000.000000;1000.000000;0;0
DEPOSIT_RUONIA;D;20010301;000000;1000.000000;1000.000000;1000.000000;1000.000000;0;0
DEPOSIT_RUONIA;D;20010302;000000;1000.000000;1000.000000;1000.000000;1000.000000;0;0
DEPOSIT_RUONIA;D;20010305;000000;1000.000000;1000.000000;1000.000000;1000.000000;0;0
DEPOSIT_RUONIA;D;20010306;000000;1000.000000;1000.000000;1000.000000;1000.000000;0;0
DEPOSIT_RUONIA;D;20010307;000000;1000.000000;1000.000000;1000.000000;1000.000000;0;0
DEPOSIT_RUONIA;D;20010311;000000;1000.000000;1000.000000;1000.000000;1000.000000;0;0
DEPOSIT_RUONIA;D;20010312;000000;1000.000000;1000.000000;1000.000000;1000.000000;0;0
DEPOSIT_RUONIA;D;20010313;000000;1000.000000;1000.000000;1000.000000;1000.000000;0;0
DEPOSIT_RUONIA;D;20010314;000000;1000.000000;1000.000000;1000.000000;1000.000000;0;0
DEPOSIT_RUONIA;D;20010315;000000;1000.000000;1000.000000;1000.000000;1000.000000;0;0
DEPOSIT_RUONIA;D;20010316;000000;1000.000000;1000.000000;1000.000000;1000.000000;0;0
DEPOSIT_RUONIA;D;20010319;000000;1000.000000;1000.000000;1000.000000;1000.000000;0;0
DEPOSIT_RUONIA;D;20010320;000000;1000.000000;1000.000000;1000.000000;1000.000000;0;0
DEPOSIT_RUONIA;D;20010321;000000;1000.000000;1000.000000;1000.000000;1000.000000;0;0
DEPOSIT_RUONIA;D;20010322;000000;1000.000000;1000.000000;1000.000000;1000.000000;0;0
DEPOSIT_RUONIA;D;20010323;000000;1000.000000;1000.000000;1000.000000;1000.000000;0;0
DEPOSIT_RUONIA;D;20010326;000000;1000.000000;1000.000000;1000.000000;1000.000000;0;0
DEPOSIT_RUONIA;D;20010327;000000;1000.000000;1000.000000;1000.000000;1000.000000;0;0
DEPOSIT_RUONIA;D;20010328;000000;1000.000000;1000.000000;1000.000000;1000.000000;0;0
DEPOSIT_RUONIA;D;20010329;000000;1000.000000;1000.000000;1000.000000;1000.000000;0;0
DEPOSIT_RUONIA;D;20010330;000000;1000.000000;1000.000000;1000.000000;1000.000000;0;0
DEPOSIT_RUONIA;D;20010402;000000;1000.000000;1000.000000;1000.000000;1000.000000;0;0
DEPOSIT_RUONIA;D;20010403;000000;1000.000000;1000.000000;1000.000000;1000.000000;0;0
DEPOSIT_RUONIA;D;20010404;000000;1000.000000;1000.000000;1000.000000;1000.000000;0;0
DEPOSIT_RUONIA;D;20010405;000000;1000.000000;1000.000000;1000.000000;1000.000000;0;0
DEPOSIT_RUONIA;D;20010406;000000;1000.000000;1000.000000;1000.000000;1000.000000;0;0
DEPOSIT_RUONIA;D;20010409;000000;1000.000000;1000.000000;1000.000000;1000.000000;0;0
DEPOSIT_RUONIA;D;20010410;000000;1000.000000;1000.000000;1000.000000;1000.000000;0;0
DEPOSIT_RUONIA;D;20010411;000000;1000.000000;1000.000000;1000.000000;1000.000000;0;0
DEPOSIT_RUONIA;D;20010412;000000;1000.000000;1000.000000;1000.000000;1000.000000;0;0
DEPOSIT_RUONIA;D;20010413;000000;1000.000000;1000.000000;1000.000000;1000.000000;0;0
DEPOSIT_RUONIA;D;20010416;000000;1000.000000;1000.000000;1000.000000;1000.000000;0;0
DEPOSIT_RUONIA;D;20010417;000000;1000.000000;1000.000000;1000.000000;1000.000000;0;0
DEPOSIT_RUONIA;D;20010418;000000;1000.000000;1000.000000;1000.000000;1000.000000;0;0
DEPOSIT_RUONIA;D;20010419;000000;1000.000000;1000.000000;1000.000000;1000.000000;0;0
DEPOSIT_RUONIA;D;20010420;000000;1000.000000;1000.000000;1000.000000;1000.000000;0;0
DEPOSIT_RUONIA;D;20010423;000000;1000.000000;1000.000000;1000.000000;1000.000000;0;0
DEPOSIT_RUONIA;D;20010424;000000;1000.000000;1000.000000;1000.000000;1000.000000;0;0
DEPOSIT_RUONIA;D;20010425;000000;1000.000000;1000.000000;1000.000000;1000.000000;0;0
DEPOSIT_RUONIA;D;20010426;000000;1000.000000;1000.000000;1000.000000;1000.000000;0;0
DEPOSIT_RUONIA;D;20010427;000000;1000.000000;1000.000000;1000.000000;1000.000000;0;0
DEPOSIT_RUONIA;D;20010428;000000;1000.000000;1000.000000;1000.000000;1000.000000;0;0
DEPOSIT_RUONIA;D;20010503;000000;1000.000000;1000.000000;1000.000000;1000.000000;0;0
DEPOSIT_RUONIA;D;20010504;000000;1000.000000;1000.000000;1000.000000;1000.000000;0;0
DEPOSIT_RUONIA;D;20010507;000000;1000.000000;1000.000000;1000.000000;1000.000000;0;0
DEPOSIT_RUONIA;D;20010508;000000;1000.000000;1000.000000;1000.000000;1000.000000;0;0
DEPOSIT_RUONIA;D;20010510;000000;1000.000000;1000.000000;1000.000000;1000.000000;0;0
DEPOSIT_RUONIA;D;20010511;000000;1000.000000;1000.000000;1000.000000;1000.000000;0;0
DEPOSIT_RUONIA;D;20010514;000000;1000.000000;1000.000000;1000.000000;1000.000000;0;0
DEPOSIT_RUONIA;D;20010515;000000;1000.000000;1000.000000;1000.000000;1000.000000;0;0
DEPOSIT_RUONIA;D;20010516;000000;1000.000000;1000.000000;1000.000000;1000.000000;0;0
DEPOSIT_RUONIA;D;20010517;000000;1000.000000;1000.000000;1000.000000;1000.000000;0;0
DEPOSIT_RUONIA;D;20010518;000000;1000.000000;1000.000000;1000.000000;1000.000000;0;0
DEPOSIT_RUONIA;D;20010521;000000;1000.000000;1000.000000;1000.000000;1000.000000;0;0
DEPOSIT_RUONIA;D;20010522;000000;1000.000000;1000.000000;1000.000000;1000.000000;0;0
DEPOSIT_RUONIA;D;20010523;000000;1000.000000;1000.000000;1000.000000;1000.000000;0;0
DEPOSIT_RUONIA;D;20010524;000000;1000.000000;1000.000000;1000.000000;1000.000000;0;0
DEPOSIT_RUONIA;D;20010525;000000;1000.000000;1000.000000;1000.000000;1000.000000;0;0
DEPOSIT_RUONIA;D;20010528;000000;1000.000000;1000.000000;1000.000000;1000.000000;0;0
DEPOSIT_RUONIA;D;20010529;000000;1000.000000;1000.000000;1000.000000;1000.000000;0;0
DEPOSIT_RUONIA;D;20010530;000000;1000.000000;1000.000000;1000.000000;1000.000000;0;0
DEPOSIT_RUONIA;D;20010531;000000;1000.000000;1000.000000;1000.000000;1000.000000;0;0
DEPOSIT_RUONIA;D;20010601;000000;1000.000000;1000.000000;1000.000000;1000.000000;0;0
DEPOSIT_RUONIA;D;20010604;000000;1000.000000;1000.000000;1000.000000;1000.000000;0;0
DEPOSIT_RUONIA;D;20010605;000000;1000.000000;1000.000000;1000.000000;1000.000000;0;0
DEPOSIT_RUONIA;D;20010606;000000;1000.000000;1000.000000;1000.000000;1000.000000;0;0
DEPOSIT_RUONIA;D;20010607;000000;1000.000000;1000.000000;1000.000000;1000.000000;0;0
DEPOSIT_RUONIA;D;20010608;000000;1000.000000;1000.000000;1000.000000;1000.000000;0;0
DEPOSIT_RUONIA;D;20010609;000000;1000.000000;1000.000000;1000.000000;1000.000000;0;0
DEPOSIT_RUONIA;D;20010613;000000;1000.000000;1000.000000;1000.000000;1000.000000;0;0
DEPOSIT_RUONIA;D;20010614;000000;1000.000000;1000.000000;1000.000000;1000.000000;0;0
DEPOSIT_RUONIA;D;20010615;000000;1000.000000;1000.000000;1000.000000;1000.000000;0;0
DEPOSIT_RUONIA;D;20010618;000000;1000.000000;1000.000000;1000.000000;1000.000000;0;0
DEPOSIT_RUONIA;D;20010619;000000;1000.000000;1000.000000;1000.000000;1000.000000;0;0
DEPOSIT_RUONIA;D;20010620;000000;1000.000000;1000.000000;1000.000000;1000.000000;0;0
DEPOSIT_RUONIA;D;20010621;000000;1000.000000;1000.000000;1000.000000;1000.000000;0;0
DEPOSIT_RUONIA;D;20010622;000000;1000.000000;1000.000000;1000.000000;1000.000000;0;0
DEPOSIT_RUONIA;D;20010625;000000;1000.000000;1000.000000;1000.000000;1000.000000;0;0
DEPOSIT_RUONIA;D;20010626;000000;1000.000000;1000.000000;1000.000000;1000.000000;0;0
DEPOSIT_RUONIA;D;20010627;000000;1000.000000;1000.000000;1000.000000;1000.000000;0;0
DEPOSIT_RUONIA;D;20010628;000000;1000.000000;1000.000000;1000.000000;1000.000000;0;0
DEPOSIT_RUONIA;D;20010629;000000;1000.000000;1000.000000;1000.000000;1000.000000;0;0
DEPOSIT_RUONIA;D;20010702;000000;1000.000000;1000.000000;1000.000000;1000.000000;0;0
DEPOSIT_RUONIA;D;20010703;000000;1000.000000;1000.000000;1000.000000;1000.000000;0;0
DEPOSIT_RUONIA;D;20010704;000000;1000.000000;1000.000000;1000.000000;1000.000000;0;0
DEPOSIT_RUONIA;D;20010705;000000;1000.000000;1000.000000;1000.000000;1000.000000;0;0
DEPOSIT_RUONIA;D;20010706;000000;1000.000000;1000.000000;1000.000000;1000.000000;0;0
DEPOSIT_RUONIA;D;20010709;000000;1000.000000;1000.000000;1000.000000;1000.000000;0;0
DEPOSIT_RUONIA;D;20010710;000000;1000.000000;1000.000000;1000.000000;1000.000000;0;0
DEPOSIT_RUONIA;D;20010711;000000;1000.000000;1000.000000;1000.000000;1000.000000;0;0
DEPOSIT_RUONIA;D;20010712;000000;1000.000000;1000.000000;1000.000000;1000.000000;0;0
DEPOSIT_RUONIA;D;20010713;000000;1000.000000;1000.000000;1000.000000;1000.000000;0;0
DEPOSIT_RUONIA;D;20010716;000000;1000.000000;1000.000000;1000.000000;1000.000000;0;0
DEPOSIT_RUONIA;D;20010717;000000;1000.000000;1000.000000;1000.000000;1000.000000;0;0
DEPOSIT_RUONIA;D;20010718;000000;1000.000000;1000.000000;1000.000000;1000.000000;0;0
DEPOSIT_RUONIA;D;20010719;000000;1000.000000;1000.000000;1000.000000;1000.000000;0;0
DEPOSIT_RUONIA;D;20010720;000000;1000.000000;1000.000000;1000.000000;1000.000000;0;0
DEPOSIT_RUONIA;D;20010723;000000;1000.000000;1000.000000;1000.000000;1000.000000;0;0
DEPOSIT_RUONIA;D;20010724;000000;1000.000000;1000.000000;1000.000000;1000.000000;0;0
DEPOSIT_RUONIA;D;20010725;000000;1000.000000;1000.000000;1000.000000;1000.000000;0;0
DEPOSIT_RUONIA;D;20010726;000000;1000.000000;1000.000000;1000.000000;1000.000000;0;0
DEPOSIT_RUONIA;D;20010727;000000;1000.000000;1000.000000;1000.000000;1000.000000;0;0
DEPOSIT_RUONIA;D;20010730;000000;1000.000000;1000.000000;1000.000000;1000.000000;0;0
DEPOSIT_RUONIA;D;20010731;000000;1000.000000;1000.000000;1000.000000;1000.000000;0;0
DEPOSIT_RUONIA;D;20010801;000000;1000.000000;1000.000000;1000.000000;1000.000000;0;0
DEPOSIT_RUONIA;D;20010802;000000;1000.000000;1000.000000;1000.000000;1000.000000;0;0
DEPOSIT_RUONIA;D;20010803;000000;1000.000000;1000.000000;1000.000000;1000.000000;0;0
DEPOSIT_RUONIA;D;20010806;000000;1000.000000;1000.000000;1000.000000;1000.000000;0;0
DEPOSIT_RUONIA;D;20010807;000000;1000.000000;1000.000000;1000.000000;1000.000000;0;0
DEPOSIT_RUONIA;D;20010808;000000;1000.000000;1000.000000;1000.000000;1000.000000;0;0
DEPOSIT_RUONIA;D;20010809;000000;1000.000000;1000.000000;1000.000000;1000.000000;0;0
DEPOSIT_RUONIA;D;20010810;000000;1000.000000;1000.000000;1000.000000;1000.000000;0;0
DEPOSIT_RUONIA;D;20010813;000000;1000.000000;1000.000000;1000.000000;1000.000000;0;0
DEPOSIT_RUONIA;D;20010814;000000;1000.000000;1000.000000;1000.000000;1000.000000;0;0
DEPOSIT_RUONIA;D;20010815;000000;1000.000000;1000.000000;1000.000000;1000.000000;0;0
DEPOSIT_RUONIA;D;20010816;000000;1000.000000;1000.000000;1000.000000;1000.000000;0;0
DEPOSIT_RUONIA;D;20010817;000000;1000.000000;1000.000000;1000.000000;1000.000000;0;0
DEPOSIT_RUONIA;D;20010820;000000;1000.000000;1000.000000;1000.000000;1000.000000;0;0
DEPOSIT_RUONIA;D;20010821;000000;1000.000000;1000.000000;1000.000000;1000.000000;0;0
DEPOSIT_RUONIA;D;20010822;000000;1000.000000;1000.000000;1000.000000;1000.000000;0;0
DEPOSIT_RUONIA;D;20010823;000000;1000.000000;1000.000000;1000.000000;1000.000000;0;0
DEPOSIT_RUONIA;D;20010824;000000;1000.000000;1000.000000;1000.000000;1000.000000;0;0
DEPOSIT_RUONIA;D;20010827;000000;1000.000000;1000.000000;1000.000000;1000.000000;0;0
DEPOSIT_RUONIA;D;20010828;000000;1000.000000;1000.000000;1000.000000;1000.000000;0;0
DEPOSIT_RUONIA;D;20010829;000000;1000.000000;1000.000000;1000.000000;1000.000000;0;0
DEPOSIT_RUONIA;D;20010830;000000;1000.000000;1000.000000;1000.000000;1000.000000;0;0
DEPOSIT_RUONIA;D;20010831;000000;1000.000000;1000.000000;1000.000000;1000.000000;0;0
DEPOSIT_RUONIA;D;20010903;000000;1000.000000;1000.000000;1000.000000;1000.000000;0;0
DEPOSIT_RUONIA;D;20010904;000000;1000.000000;1000.000000;1000.000000;1000.000000;0;0
DEPOSIT_RUONIA;D;20010905;000000;1000.000000;1000.000000;1000.000000;1000.000000;0;0
DEPOSIT_RUONIA;D;20010906;000000;1000.000000;1000.000000;1000.000000;1000.000000;0;0
DEPOSIT_RUONIA;D;20010907;000000;1000.000000;1000.000000;1000.000000;1000.000000;0;0
DEPOSIT_RUONIA;D;20010910;000000;1000.000000;1000.000000;1000.000000;1000.000000;0;0
DEPOSIT_RUONIA;D;20010911;000000;1000.000000;1000.000000;1000.000000;1000.000000;0;0
DEPOSIT_RUONIA;D;20010912;000000;1000.000000;1000.000000;1000.000000;1000.000000;0;0
DEPOSIT_RUONIA;D;20010913;000000;1000.000000;1000.000000;1000.000000;1000.000000;0;0
DEPOSIT_RUONIA;D;20010914;000000;1000.000000;1000.000000;1000.000000;1000.000000;0;0
DEPOSIT_RUONIA;D;20010917;000000;1000.000000;1000.000000;1000.000000;1000.000000;0;0
DEPOSIT_RUONIA;D;20010918;000000;1000.000000;1000.000000;1000.000000;1000.000000;0;0
DEPOSIT_RUONIA;D;20010919;000000;1000.000000;1000.000000;1000.000000;1000.000000;0;0
DEPOSIT_RUONIA;D;20010920;000000;1000.000000;1000.000000;1000.000000;1000.000000;0;0
DEPOSIT_RUONIA;D;20010921;000000;1000.000000;1000.000000;1000.000000;1000.000000;0;0
DEPOSIT_RUONIA;D;20010924;000000;1000.000000;1000.000000;1000.000000;1000.000000;0;0
DEPOSIT_RUONIA;D;20010925;000000;1000.000000;1000.000000;1000.000000;1000.000000;0;0
DEPOSIT_RUONIA;D;20010926;000000;1000.000000;1000.000000;1000.000000;1000.000000;0;0
DEPOSIT_RUONIA;D;20010927;000000;1000.000000;1000.000000;1000.000000;1000.000000;0;0
DEPOSIT_RUONIA;D;20010928;000000;1000.000000;1000.000000;1000.000000;1000.000000;0;0
DEPOSIT_RUONIA;D;20011001;000000;1000.000000;1000.000000;1000.000000;1000.000000;0;0
DEPOSIT_RUONIA;D;20011002;000000;1000.000000;1000.000000;1000.000000;1000.000000;0;0
DEPOSIT_RUONIA;D;20011003;000000;1000.000000;1000.000000;1000.000000;1000.000000;0;0
DEPOSIT_RUONIA;D;20011004;000000;1000.000000;1000.000000;1000.000000;1000.000000;0;0
DEPOSIT_RUONIA;D;20011005;000000;1000.000000;1000.000000;1000.000000;1000.000000;0;0
DEPOSIT_RUONIA;D;20011008;000000;1000.000000;1000.000000;1000.000000;1000.000000;0;0
DEPOSIT_RUONIA;D;20011009;000000;1000.000000;1000.000000;1000.000000;1000.000000;0;0
DEPOSIT_RUONIA;D;20011010;000000;1000.000000;1000.000000;1000.000000;1000.000000;0;0
DEPOSIT_RUONIA;D;20011011;000000;1000.000000;1000.000000;1000.000000;1000.000000;0;0
DEPOSIT_RUONIA;D;20011012;000000;1000.000000;1000.000000;1000.000000;1000.000000;0;0
DEPOSIT_RUONIA;D;20011015;000000;1000.000000;1000.000000;1000.000000;1000.000000;0;0
DEPOSIT_RUONIA;D;20011016;000000;1000.000000;1000.000000;1000.000000;1000.000000;0;0
DEPOSIT_RUONIA;D;20011017;000000;1000.000000;1000.000000;1000.000000;1000.000000;0;0
DEPOSIT_RUONIA;D;20011018;000000;1000.000000;1000.000000;1000.000000;1000.000000;0;0
DEPOSIT_RUONIA;D;20011019;000000;1000.000000;1000.000000;1000.000000;1000.000000;0;0
DEPOSIT_RUONIA;D;20011022;000000;1000.000000;1000.000000;1000.000000;1000.000000;0;0
DEPOSIT_RUONIA;D;20011023;000000;1000.000000;1000.000000;1000.000000;1000.000000;0;0
DEPOSIT_RUONIA;D;20011024;000000;1000.000000;1000.000000;1000.000000;1000.000000;0;0
DEPOSIT_RUONIA;D;20011025;000000;1000.000000;1000.000000;1000.000000;1000.000000;0;0
DEPOSIT_RUONIA;D;20011026;000000;1000.000000;1000.000000;1000.000000;1000.000000;0;0
DEPOSIT_RUONIA;D;20011029;000000;1000.000000;1000.000000;1000.000000;1000.000000;0;0
DEPOSIT_RUONIA;D;20011030;000000;1000.000000;1000.000000;1000.000000;1000.000000;0;0
DEPOSIT_RUONIA;D;20011031;000000;1000.000000;1000.000000;1000.000000;1000.000000;0;0
DEPOSIT_RUONIA;D;20011101;000000;1000.000000;1000.000000;1000.000000;1000.000000;0;0
DEPOSIT_RUONIA;D;20011102;000000;1000.000000;1000.000000;1000.000000;1000.000000;0;0
DEPOSIT_RUONIA;D;20011105;000000;1000.000000;1000.000000;1000.000000;1000.000000;0;0
DEPOSIT_RUONIA;D;20011106;000000;1000.000000;1000.000000;1000.000000;1000.000000;0;0
DEPOSIT_RUONIA;D;20011108;000000;1000.000000;1000.000000;1000.000000;1000.000000;0;0
DEPOSIT_RUONIA;D;20011109;000000;1000.000000;1000.000000;1000.000000;1000.000000;0;0
DEPOSIT_RUONIA;D;20011112;000000;1000.000000;1000.000000;1000.000000;1000.000000;0;0
DEPOSIT_RUONIA;D;20011113;000000;1000.000000;1000.000000;1000.000000;1000.000000;0;0
DEPOSIT_RUONIA;D;20011114;000000;1000.000000;1000.000000;1000.000000;1000.000000;0;0
DEPOSIT_RUONIA;D;20011115;000000;1000.000000;1000.000000;1000.000000;1000.000000;0;0
DEPOSIT_RUONIA;D;20011116;000000;1000.000000;1000.000000;1000.000000;1000.000000;0;0
DEPOSIT_RUONIA;D;20011119;000000;1000.000000;1000.000000;1000.000000;1000.000000;0;0
DEPOSIT_RUONIA;D;20011120;000000;1000.000000;1000.000000;1000.000000;1000.000000;0;0
DEPOSIT_RUONIA;D;20011121;000000;1000.000000;1000.000000;1000.000000;1000.000000;0;0
DEPOSIT_RUONIA;D;20011122;000000;1000.000000;1000.000000;1000.000000;1000.000000;0;0
DEPOSIT_RUONIA;D;20011123;000000;1000.000000;1000.000000;1000.000000;1000.000000;0;0
DEPOSIT_RUONIA;D;20011126;000000;1000.000000;1000.000000;1000.000000;1000.000000;0;0
DEPOSIT_RUONIA;D;20011127;000000;1000.000000;1000.000000;1000.000000;1000.000000;0;0
DEPOSIT_RUONIA;D;20011128;000000;1000.000000;1000.000000;1000.000000;1000.000000;0;0
DEPOSIT_RUONIA;D;20011129;000000;1000.000000;1000.000000;1000.000000;1000.000000;0;0
DEPOSIT_RUONIA;D;20011130;000000;1000.000000;1000.000000;1000.000000;1000.000000;0;0
DEPOSIT_RUONIA;D;20011203;000000;1000.000000;1000.000000;1000.000000;1000.000000;0;0
DEPOSIT_RUONIA;D;20011204;000000;1000.000000;1000.000000;1000.000000;1000.000000;0;0
DEPOSIT_RUONIA;D;20011205;000000;1000.000000;1000.000000;1000.000000;1000.000000;0;0
DEPOSIT_RUONIA;D;20011206;000000;1000.000000;1000.000000;1000.000000;1000.000000;0;0
DEPOSIT_RUONIA;D;20011207;000000;1000.000000;1000.000000;1000.000000;1000.000000;0;0
DEPOSIT_RUONIA;D;20011210;000000;1000.000000;1000.000000;1000.000000;1000.000000;0;0
DEPOSIT_RUONIA;D;20011211;000000;1000.000000;1000.000000;1000.000000;1000.000000;0;0
DEPOSIT_RUONIA;D;20011213;000000;1000.000000;1000.000000;1000.000000;1000.000000;0;0
DEPOSIT_RUONIA;D;20011214;000000;1000.000000;1000.000000;1000.000000;1000.000000;0;0
DEPOSIT_RUONIA;D;20011217;000000;1000.000000;1000.000000;1000.000000;1000.000000;0;0
DEPOSIT_RUONIA;D;20011218;000000;1000.000000;1000.000000;1000.000000;1000.000000;0;0
DEPOSIT_RUONIA;D;20011219;000000;1000.000000;1000.000000;1000.000000;1000.000000;0;0
DEPOSIT_RUONIA;D;20011220;000000;1000.000000;1000.000000;1000.000000;1000.000000;0;0
DEPOSIT_RUONIA;D;20011221;000000;1000.000000;1000.000000;1000.000000;1000.000000;0;0
DEPOSIT_RUONIA;D;20011224;000000;1000.000000;1000.000000;1000.000000;1000.000000;0;0
DEPOSIT_RUONIA;D;20011225;000000;1000.000000;1000.000000;1000.000000;1000.000000;0;0
DEPOSIT_RUONIA;D;20011226;000000;1000.000000;1000.000000;1000.000000;1000.000000;0;0
DEPOSIT_RUONIA;D;20011227;000000;1000.000000;1000.000000;1000.000000;1000.000000;0;0
DEPOSIT_RUONIA;D;20011228;000000;1000.000000;1000.000000;1000.000000;1000.000000;0;0
DEPOSIT_RUONIA;D;20011229;000000;1000.000000;1000.000000;1000.000000;1000.000000;0;0
DEPOSIT_RUONIA;D;20020103;000000;1000.000000;1000.000000;1000.000000;1000.000000;0;0
DEPOSIT_RUONIA;D;20020104;000000;1000.000000;1000.000000;1000.000000;1000.000000;0;0
DEPOSIT_RUONIA;D;20020108;000000;1000.000000;1000.000000;1000.000000;1000.000000;0;0
DEPOSIT_RUONIA;D;20020109;000000;1000.000000;1000.000000;1000.000000;1000.000000;0;0
DEPOSIT_RUONIA;D;20020110;000000;1000.000000;1000.000000;1000.000000;1000.000000;0;0
DEPOSIT_RUONIA;D;20020111;000000;1000.000000;1000.000000;1000.000000;1000.000000;0;0
DEPOSIT_RUONIA;D;20020114;000000;1000.000000;1000.000000;1000.000000;1000.000000;0;0
DEPOSIT_RUONIA;D;20020115;000000;1000.000000;1000.000000;1000.000000;1000.000000;0;0
DEPOSIT_RUONIA;D;20020116;000000;1000.000000;1000.000000;1000.000000;1000.000000;0;0
DEPOSIT_RUONIA;D;20020117;000000;1000.000000;1000.000000;1000.000000;1000.000000;0;0
DEPOSIT_RUONIA;D;20020118;000000;1000.000000;1000.000000;1000.000000;1000.000000;0;0
DEPOSIT_RUONIA;D;20020121;000000;1000.000000;1000.000000;1000.000000;1000.000000;0;0
DEPOSIT_RUONIA;D;20020122;000000;1000.000000;1000.000000;1000.000000;1000.000000;0;0
DEPOSIT_RUONIA;D;20020123;000000;1000.000000;1000.000000;1000.000000;1000.000000;0;0
DEPOSIT_RUONIA;D;20020124;000000;1000.000000;1000.000000;1000.000000;1000.000000;0;0
DEPOSIT_RUONIA;D;20020125;000000;1000.000000;1000.000000;1000.000000;1000.000000;0;0
DEPOSIT_RUONIA;D;20020128;000000;1000.000000;1000.000000;1000.000000;1000.000000;0;0
DEPOSIT_RUONIA;D;20020129;000000;1000.000000;1000.000000;1000.000000;1000.000000;0;0
DEPOSIT_RUONIA;D;20020130;000000;1000.000000;1000.000000;1000.000000;1000.000000;0;0
DEPOSIT_RUONIA;D;20020131;000000;1000.000000;1000.000000;1000.000000;1000.000000;0;0
DEPOSIT_RUONIA;D;20020201;000000;1000.000000;1000.000000;1000.000000;1000.000000;0;0
DEPOSIT_RUONIA;D;20020204;000000;1000.000000;1000.000000;1000.000000;1000.000000;0;0
DEPOSIT_RUONIA;D;20020205;000000;1000.000000;1000.000000;1000.000000;1000.000000;0;0
DEPOSIT_RUONIA;D;20020206;000000;1000.000000;1000.000000;1000.000000;1000.000000;0;0
DEPOSIT_RUONIA;D;20020207;000000;1000.000000;1000.000000;1000.000000;1000.000000;0;0
DEPOSIT_RUONIA;D;20020208;000000;1000.000000;1000.000000;1000.000000;1000.000000;0;0
DEPOSIT_RUONIA;D;20020211;000000;1000.000000;1000.000000;1000.000000;1000.000000;0;0
DEPOSIT_RUONIA;D;20020212;000000;1000.000000;1000.000000;1000.000000;1000.000000;0;0
DEPOSIT_RUONIA;D;20020213;000000;1000.000000;1000.000000;1000.000000;1000.000000;0;0
DEPOSIT_RUONIA;D;20020214;000000;1000.000000;1000.000000;1000.000000;1000.000000;0;0
DEPOSIT_RUONIA;D;20020215;000000;1000.000000;1000.000000;1000.000000;1000.000000;0;0
DEPOSIT_RUONIA;D;20020218;000000;1000.000000;1000.000000;1000.000000;1000.000000;0;0
DEPOSIT_RUONIA;D;20020219;000000;1000.000000;1000.000000;1000.000000;1000.000000;0;0
DEPOSIT_RUONIA;D;20020220;000000;1000.000000;1000.000000;1000.000000;1000.000000;0;0
DEPOSIT_RUONIA;D;20020221;000000;1000.000000;1000.000000;1000.000000;1000.000000;0;0
DEPOSIT_RUONIA;D;20020222;000000;1000.000000;1000.000000;1000.000000;1000.000000;0;0
DEPOSIT_RUONIA;D;20020226;000000;1000.000000;1000.000000;1000.000000;1000.000000;0;0
DEPOSIT_RUONIA;D;20020227;000000;1000.000000;1000.000000;1000.000000;1000.000000;0;0
DEPOSIT_RUONIA;D;20020228;000000;1000.000000;1000.000000;1000.000000;1000.000000;0;0
DEPOSIT_RUONIA;D;20020301;000000;1000.000000;1000.000000;1000.000000;1000.000000;0;0
DEPOSIT_RUONIA;D;20020304;000000;1000.000000;1000.000000;1000.000000;1000.000000;0;0
DEPOSIT_RUONIA;D;20020305;000000;1000.000000;1000.000000;1000.000000;1000.000000;0;0
DEPOSIT_RUONIA;D;20020306;000000;1000.000000;1000.000000;1000.000000;1000.000000;0;0
DEPOSIT_RUONIA;D;20020307;000000;1000.000000;1000.000000;1000.000000;1000.000000;0;0
DEPOSIT_RUONIA;D;20020311;000000;1000.000000;1000.000000;1000.000000;1000.000000;0;0
DEPOSIT_RUONIA;D;20020312;000000;1000.000000;1000.000000;1000.000000;1000.000000;0;0
DEPOSIT_RUONIA;D;20020313;000000;1000.000000;1000.000000;1000.000000;1000.000000;0;0
DEPOSIT_RUONIA;D;20020314;000000;1000.000000;1000.000000;1000.000000;1000.000000;0;0
DEPOSIT_RUONIA;D;20020315;000000;1000.000000;1000.000000;1000.000000;1000.000000;0;0
DEPOSIT_RUONIA;D;20020318;000000;1000.000000;1000.000000;1000.000000;1000.000000;0;0
DEPOSIT_RUONIA;D;20020319;000000;1000.000000;1000.000000;1000.000000;1000.000000;0;0
DEPOSIT_RUONIA;D;20020320;000000;1000.000000;1000.000000;1000.000000;1000.000000;0;0
DEPOSIT_RUONIA;D;20020321;000000;1000.000000;1000.000000;1000.000000;1000.000000;0;0
DEPOSIT_RUONIA;D;20020322;000000;1000.000000;1000.000000;1000.000000;1000.000000;0;0
DEPOSIT_RUONIA;D;20020325;000000;1000.000000;1000.000000;1000.000000;1000.000000;0;0
DEPOSIT_RUONIA;D;20020326;000000;1000.000000;1000.000000;1000.000000;1000.000000;0;0
DEPOSIT_RUONIA;D;20020327;000000;1000.000000;1000.000000;1000.000000;1000.000000;0;0
DEPOSIT_RUONIA;D;20020328;000000;1000.000000;1000.000000;1000.000000;1000.000000;0;0
DEPOSIT_RUONIA;D;20020329;000000;1000.000000;1000.000000;1000.000000;1000.000000;0;0
DEPOSIT_RUONIA;D;20020401;000000;1000.000000;1000.000000;1000.000000;1000.000000;0;0
DEPOSIT_RUONIA;D;20020402;000000;1000.000000;1000.000000;1000.000000;1000.000000;0;0
DEPOSIT_RUONIA;D;20020403;000000;1000.000000;1000.000000;1000.000000;1000.000000;0;0
DEPOSIT_RUONIA;D;20020404;000000;1000.000000;1000.000000;1000.000000;1000.000000;0;0
DEPOSIT_RUONIA;D;20020405;000000;1000.000000;1000.000000;1000.000000;1000.000000;0;0
DEPOSIT_RUONIA;D;20020408;000000;1000.000000;1000.000000;1000.000000;1000.000000;0;0
DEPOSIT_RUONIA;D;20020409;000000;1000.000000;1000.000000;1000.000000;1000.000000;0;0
DEPOSIT_RUONIA;D;20020410;000000;1000.000000;1000.000000;1000.000000;1000.000000;0;0
DEPOSIT_RUONIA;D;20020411;000000;1000.000000;1000.000000;1000.000000;1000.000000;0;0
DEPOSIT_RUONIA;D;20020412;000000;1000.000000;1000.000000;1000.000000;1000.000000;0;0
DEPOSIT_RUONIA;D;20020415;000000;1000.000000;1000.000000;1000.000000;1000.000000;0;0
DEPOSIT_RUONIA;D;20020416;000000;1000.000000;1000.000000;1000.000000;1000.000000;0;0
DEPOSIT_RUONIA;D;20020417;000000;1000.000000;1000.000000;1000.000000;1000.000000;0;0
DEPOSIT_RUONIA;D;20020418;000000;1000.000000;1000.000000;1000.000000;1000.000000;0;0
DEPOSIT_RUONIA;D;20020419;000000;1000.000000;1000.000000;1000.000000;1000.000000;0;0
DEPOSIT_RUONIA;D;20020422;000000;1000.000000;1000.000000;1000.000000;1000.000000;0;0
DEPOSIT_RUONIA;D;20020423;000000;1000.000000;1000.000000;1000.000000;1000.000000;0;0
DEPOSIT_RUONIA;D;20020424;000000;1000.000000;1000.000000;1000.000000;1000.000000;0;0
DEPOSIT_RUONIA;D;20020425;000000;1000.000000;1000.000000;1000.000000;1000.000000;0;0
DEPOSIT_RUONIA;D;20020426;000000;1000.000000;1000.000000;1000.000000;1000.000000;0;0
DEPOSIT_RUONIA;D;20020427;000000;1000.000000;1000.000000;1000.000000;1000.000000;0;0
DEPOSIT_RUONIA;D;20020429;000000;1000.000000;1000.000000;1000.000000;1000.000000;0;0
DEPOSIT_RUONIA;D;20020430;000000;1000.000000;1000.000000;1000.000000;1000.000000;0;0
DEPOSIT_RUONIA;D;20020506;000000;1000.000000;1000.000000;1000.000000;1000.000000;0;0
DEPOSIT_RUONIA;D;20020507;000000;1000.000000;1000.000000;1000.000000;1000.000000;0;0
DEPOSIT_RUONIA;D;20020508;000000;1000.000000;1000.000000;1000.000000;1000.000000;0;0
DEPOSIT_RUONIA;D;20020513;000000;1000.000000;1000.000000;1000.000000;1000.000000;0;0
DEPOSIT_RUONIA;D;20020514;000000;1000.000000;1000.000000;1000.000000;1000.000000;0;0
DEPOSIT_RUONIA;D;20020515;000000;1000.000000;1000.000000;1000.000000;1000.000000;0;0
DEPOSIT_RUONIA;D;20020516;000000;1000.000000;1000.000000;1000.000000;1000.000000;0;0
DEPOSIT_RUONIA;D;20020517;000000;1000.000000;1000.000000;1000.000000;1000.000000;0;0
DEPOSIT_RUONIA;D;20020518;000000;1000.000000;1000.000000;1000.000000;1000.000000;0;0
DEPOSIT_RUONIA;D;20020520;000000;1000.000000;1000.000000;1000.000000;1000.000000;0;0
DEPOSIT_RUONIA;D;20020521;000000;1000.000000;1000.000000;1000.000000;1000.000000;0;0
DEPOSIT_RUONIA;D;20020522;000000;1000.000000;1000.000000;1000.000000;1000.000000;0;0
DEPOSIT_RUONIA;D;20020523;000000;1000.000000;1000.000000;1000.000000;1000.000000;0;0
DEPOSIT_RUONIA;D;20020524;000000;1000.000000;1000.000000;1000.000000;1000.000000;0;0
DEPOSIT_RUONIA;D;20020527;000000;1000.000000;1000.000000;1000.000000;1000.000000;0;0
DEPOSIT_RUONIA;D;20020529;000000;1000.000000;1000.000000;1000.000000;1000.000000;0;0
DEPOSIT_RUONIA;D;20020530;000000;1000.000000;1000.000000;1000.000000;1000.000000;0;0
DEPOSIT_RUONIA;D;20020531;000000;1000.000000;1000.000000;1000.000000;1000.000000;0;0
DEPOSIT_RUONIA;D;20020603;000000;1000.000000;1000.000000;1000.000000;1000.000000;0;0
DEPOSIT_RUONIA;D;20020604;000000;1000.000000;1000.000000;1000.000000;1000.000000;0;0
DEPOSIT_RUONIA;D;20020605;000000;1000.000000;1000.000000;1000.000000;1000.000000;0;0
DEPOSIT_RUONIA;D;20020606;000000;1000.000000;1000.000000;1000.000000;1000.000000;0;0
DEPOSIT_RUONIA;D;20020607;000000;1000.000000;1000.000000;1000.000000;1000.000000;0;0
DEPOSIT_RUONIA;D;20020610;000000;1000.000000;1000.000000;1000.000000;1000.000000;0;0
DEPOSIT_RUONIA;D;20020611;000000;1000.000000;1000.000000;1000.000000;1000.000000;0;0
DEPOSIT_RUONIA;D;20020613;000000;1000.000000;1000.000000;1000.000000;1000.000000;0;0
DEPOSIT_RUONIA;D;20020614;000000;1000.000000;1000.000000;1000.000000;1000.000000;0;0
DEPOSIT_RUONIA;D;20020617;000000;1000.000000;1000.000000;1000.000000;1000.000000;0;0
DEPOSIT_RUONIA;D;20020618;000000;1000.000000;1000.000000;1000.000000;1000.000000;0;0
DEPOSIT_RUONIA;D;20020619;000000;1000.000000;1000.000000;1000.000000;1000.000000;0;0
DEPOSIT_RUONIA;D;20020620;000000;1000.000000;1000.000000;1000.000000;1000.000000;0;0
DEPOSIT_RUONIA;D;20020621;000000;1000.000000;1000.000000;1000.000000;1000.000000;0;0
DEPOSIT_RUONIA;D;20020624;000000;1000.000000;1000.000000;1000.000000;1000.000000;0;0
DEPOSIT_RUONIA;D;20020625;000000;1000.000000;1000.000000;1000.000000;1000.000000;0;0
DEPOSIT_RUONIA;D;20020626;000000;1000.000000;1000.000000;1000.000000;1000.000000;0;0
DEPOSIT_RUONIA;D;20020627;000000;1000.000000;1000.000000;1000.000000;1000.000000;0;0
DEPOSIT_RUONIA;D;20020628;000000;1000.000000;1000.000000;1000.000000;1000.000000;0;0
DEPOSIT_RUONIA;D;20020701;000000;1000.000000;1000.000000;1000.000000;1000.000000;0;0
DEPOSIT_RUONIA;D;20020702;000000;1000.000000;1000.000000;1000.000000;1000.000000;0;0
DEPOSIT_RUONIA;D;20020703;000000;1000.000000;1000.000000;1000.000000;1000.000000;0;0
DEPOSIT_RUONIA;D;20020704;000000;1000.000000;1000.000000;1000.000000;1000.000000;0;0
DEPOSIT_RUONIA;D;20020705;000000;1000.000000;1000.000000;1000.000000;1000.000000;0;0
DEPOSIT_RUONIA;D;20020708;000000;1000.000000;1000.000000;1000.000000;1000.000000;0;0
DEPOSIT_RUONIA;D;20020709;000000;1000.000000;1000.000000;1000.000000;1000.000000;0;0
DEPOSIT_RUONIA;D;20020710;000000;1000.000000;1000.000000;1000.000000;1000.000000;0;0
DEPOSIT_RUONIA;D;20020711;000000;1000.000000;1000.000000;1000.000000;1000.000000;0;0
DEPOSIT_RUONIA;D;20020712;000000;1000.000000;1000.000000;1000.000000;1000.000000;0;0
DEPOSIT_RUONIA;D;20020715;000000;1000.000000;1000.000000;1000.000000;1000.000000;0;0
DEPOSIT_RUONIA;D;20020716;000000;1000.000000;1000.000000;1000.000000;1000.000000;0;0
DEPOSIT_RUONIA;D;20020717;000000;1000.000000;1000.000000;1000.000000;1000.000000;0;0
DEPOSIT_RUONIA;D;20020718;000000;1000.000000;1000.000000;1000.000000;1000.000000;0;0
DEPOSIT_RUONIA;D;20020719;000000;1000.000000;1000.000000;1000.000000;1000.000000;0;0
DEPOSIT_RUONIA;D;20020722;000000;1000.000000;1000.000000;1000.000000;1000.000000;0;0
DEPOSIT_RUONIA;D;20020723;000000;1000.000000;1000.000000;1000.000000;1000.000000;0;0
DEPOSIT_RUONIA;D;20020724;000000;1000.000000;1000.000000;1000.000000;1000.000000;0;0
DEPOSIT_RUONIA;D;20020725;000000;1000.000000;1000.000000;1000.000000;1000.000000;0;0
DEPOSIT_RUONIA;D;20020726;000000;1000.000000;1000.000000;1000.000000;1000.000000;0;0
DEPOSIT_RUONIA;D;20020729;000000;1000.000000;1000.000000;1000.000000;1000.000000;0;0
DEPOSIT_RUONIA;D;20020730;000000;1000.000000;1000.000000;1000.000000;1000.000000;0;0
DEPOSIT_RUONIA;D;20020731;000000;1000.000000;1000.000000;1000.000000;1000.000000;0;0
DEPOSIT_RUONIA;D;20020801;000000;1000.000000;1000.000000;1000.000000;1000.000000;0;0
DEPOSIT_RUONIA;D;20020802;000000;1000.000000;1000.000000;1000.000000;1000.000000;0;0
DEPOSIT_RUONIA;D;20020805;000000;1000.000000;1000.000000;1000.000000;1000.000000;0;0
DEPOSIT_RUONIA;D;20020806;000000;1000.000000;1000.000000;1000.000000;1000.000000;0;0
DEPOSIT_RUONIA;D;20020807;000000;1000.000000;1000.000000;1000.000000;1000.000000;0;0
DEPOSIT_RUONIA;D;20020808;000000;1000.000000;1000.000000;1000.000000;1000.000000;0;0
DEPOSIT_RUONIA;D;20020809;000000;1000.000000;1000.000000;1000.000000;1000.000000;0;0
DEPOSIT_RUONIA;D;20020812;000000;1000.000000;1000.000000;1000.000000;1000.000000;0;0
DEPOSIT_RUONIA;D;20020813;000000;1000.000000;1000.000000;1000.000000;1000.000000;0;0
DEPOSIT_RUONIA;D;20020814;000000;1000.000000;1000.000000;1000.000000;1000.000000;0;0
DEPOSIT_RUONIA;D;20020815;000000;1000.000000;1000.000000;1000.000000;1000.000000;0;0
DEPOSIT_RUONIA;D;20020816;000000;1000.000000;1000.000000;1000.000000;1000.000000;0;0
DEPOSIT_RUONIA;D;20020819;000000;1000.000000;1000.000000;1000.000000;1000.000000;0;0
DEPOSIT_RUONIA;D;20020820;000000;1000.000000;1000.000000;1000.000000;1000.000000;0;0
DEPOSIT_RUONIA;D;20020821;000000;1000.000000;1000.000000;1000.000000;1000.000000;0;0
DEPOSIT_RUONIA;D;20020822;000000;1000.000000;1000.000000;1000.000000;1000.000000;0;0
DEPOSIT_RUONIA;D;20020823;000000;1000.000000;1000.000000;1000.000000;1000.000000;0;0
DEPOSIT_RUONIA;D;20020826;000000;1000.000000;1000.000000;1000.000000;1000.000000;0;0
DEPOSIT_RUONIA;D;20020827;000000;1000.000000;1000.000000;1000.000000;1000.000000;0;0
DEPOSIT_RUONIA;D;20020828;000000;1000.000000;1000.000000;1000.000000;1000.000000;0;0
DEPOSIT_RUONIA;D;20020829;000000;1000.000000;1000.000000;1000.000000;1000.000000;0;0
DEPOSIT_RUONIA;D;20020830;000000;1000.000000;1000.000000;1000.000000;1000.000000;0;0
DEPOSIT_RUONIA;D;20020902;000000;1000.000000;1000.000000;1000.000000;1000.000000;0;0
DEPOSIT_RUONIA;D;20020903;000000;1000.000000;1000.000000;1000.000000;1000.000000;0;0
DEPOSIT_RUONIA;D;20020904;000000;1000.000000;1000.000000;1000.000000;1000.000000;0;0
DEPOSIT_RUONIA;D;20020905;000000;1000.000000;1000.000000;1000.000000;1000.000000;0;0
DEPOSIT_RUONIA;D;20020906;000000;1000.000000;1000.000000;1000.000000;1000.000000;0;0
DEPOSIT_RUONIA;D;20020909;000000;1000.000000;1000.000000;1000.000000;1000.000000;0;0
DEPOSIT_RUONIA;D;20020910;000000;1000.000000;1000.000000;1000.000000;1000.000000;0;0
DEPOSIT_RUONIA;D;20020911;000000;1000.000000;1000.000000;1000.000000;1000.000000;0;0
DEPOSIT_RUONIA;D;20020912;000000;1000.000000;1000.000000;1000.000000;1000.000000;0;0
DEPOSIT_RUONIA;D;20020913;000000;1000.000000;1000.000000;1000.000000;1000.000000;0;0
DEPOSIT_RUONIA;D;20020916;000000;1000.000000;1000.000000;1000.000000;1000.000000;0;0
DEPOSIT_RUONIA;D;20020917;000000;1000.000000;1000.000000;1000.000000;1000.000000;0;0
DEPOSIT_RUONIA;D;20020918;000000;1000.000000;1000.000000;1000.000000;1000.000000;0;0
DEPOSIT_RUONIA;D;20020919;000000;1000.000000;1000.000000;1000.000000;1000.000000;0;0
DEPOSIT_RUONIA;D;20020920;000000;1000.000000;1000.000000;1000.000000;1000.000000;0;0
DEPOSIT_RUONIA;D;20020923;000000;1000.000000;1000.000000;1000.000000;1000.000000;0;0
DEPOSIT_RUONIA;D;20020924;000000;1000.000000;1000.000000;1000.000000;1000.000000;0;0
DEPOSIT_RUONIA;D;20020925;000000;1000.000000;1000.000000;1000.000000;1000.000000;0;0
DEPOSIT_RUONIA;D;20020926;000000;1000.000000;1000.000000;1000.000000;1000.000000;0;0
DEPOSIT_RUONIA;D;20020927;000000;1000.000000;1000.000000;1000.000000;1000.000000;0;0
DEPOSIT_RUONIA;D;20020930;000000;1000.000000;1000.000000;1000.000000;1000.000000;0;0
DEPOSIT_RUONIA;D;20021001;000000;1000.000000;1000.000000;1000.000000;1000.000000;0;0
DEPOSIT_RUONIA;D;20021002;000000;1000.000000;1000.000000;1000.000000;1000.000000;0;0
DEPOSIT_RUONIA;D;20021003;000000;1000.000000;1000.000000;1000.000000;1000.000000;0;0
DEPOSIT_RUONIA;D;20021004;000000;1000.000000;1000.000000;1000.000000;1000.000000;0;0
DEPOSIT_RUONIA;D;20021007;000000;1000.000000;1000.000000;1000.000000;1000.000000;0;0
DEPOSIT_RUONIA;D;20021008;000000;1000.000000;1000.000000;1000.000000;1000.000000;0;0
DEPOSIT_RUONIA;D;20021009;000000;1000.000000;1000.000000;1000.000000;1000.000000;0;0
DEPOSIT_RUONIA;D;20021010;000000;1000.000000;1000.000000;1000.000000;1000.000000;0;0
DEPOSIT_RUONIA;D;20021011;000000;1000.000000;1000.000000;1000.000000;1000.000000;0;0
DEPOSIT_RUONIA;D;20021014;000000;1000.000000;1000.000000;1000.000000;1000.000000;0;0
DEPOSIT_RUONIA;D;20021015;000000;1000.000000;1000.000000;1000.000000;1000.000000;0;0
DEPOSIT_RUONIA;D;20021016;000000;1000.000000;1000.000000;1000.000000;1000.000000;0;0
DEPOSIT_RUONIA;D;20021017;000000;1000.000000;1000.000000;1000.000000;1000.000000;0;0
DEPOSIT_RUONIA;D;20021018;000000;1000.000000;1000.000000;1000.000000;1000.000000;0;0
DEPOSIT_RUONIA;D;20021021;000000;1000.000000;1000.000000;1000.000000;1000.000000;0;0
DEPOSIT_RUONIA;D;20021022;000000;1000.000000;1000.000000;1000.000000;1000.000000;0;0
DEPOSIT_RUONIA;D;20021023;000000;1000.000000;1000.000000;1000.000000;1000.000000;0;0
DEPOSIT_RUONIA;D;20021024;000000;1000.000000;1000.000000;1000.000000;1000.000000;0;0
DEPOSIT_RUONIA;D;20021025;000000;1000.000000;1000.000000;1000.000000;1000.000000;0;0
DEPOSIT_RUONIA;D;20021028;000000;1000.000000;1000.000000;1000.000000;1000.000000;0;0
DEPOSIT_RUONIA;D;20021029;000000;1000.000000;1000.000000;1000.000000;1000.000000;0;0
DEPOSIT_RUONIA;D;20021030;000000;1000.000000;1000.000000;1000.000000;1000.000000;0;0
DEPOSIT_RUONIA;D;20021031;000000;1000.000000;1000.000000;1000.000000;1000.000000;0;0
DEPOSIT_RUONIA;D;20021101;000000;1000.000000;1000.000000;1000.000000;1000.000000;0;0
DEPOSIT_RUONIA;D;20021104;000000;1000.000000;1000.000000;1000.000000;1000.000000;0;0
DEPOSIT_RUONIA;D;20021105;000000;1000.000000;1000.000000;1000.000000;1000.000000;0;0
DEPOSIT_RUONIA;D;20021106;000000;1000.000000;1000.000000;1000.000000;1000.000000;0;0
DEPOSIT_RUONIA;D;20021110;000000;1000.000000;1000.000000;1000.000000;1000.000000;0;0
DEPOSIT_RUONIA;D;20021111;000000;1000.000000;1000.000000;1000.000000;1000.000000;0;0
DEPOSIT_RUONIA;D;20021112;000000;1000.000000;1000.000000;1000.000000;1000.000000;0;0
DEPOSIT_RUONIA;D;20021113;000000;1000.000000;1000.000000;1000.000000;1000.000000;0;0
DEPOSIT_RUONIA;D;20021114;000000;1000.000000;1000.000000;1000.000000;1000.000000;0;0
DEPOSIT_RUONIA;D;20021115;000000;1000.000000;1000.000000;1000.000000;1000.000000;0;0
DEPOSIT_RUONIA;D;20021118;000000;1000.000000;1000.000000;1000.000000;1000.000000;0;0
DEPOSIT_RUONIA;D;20021119;000000;1000.000000;1000.000000;1000.000000;1000.000000;0;0
DEPOSIT_RUONIA;D;20021120;000000;1000.000000;1000.000000;1000.000000;1000.000000;0;0
DEPOSIT_RUONIA;D;20021121;000000;1000.000000;1000.000000;1000.000000;1000.000000;0;0
DEPOSIT_RUONIA;D;20021122;000000;1000.000000;1000.000000;1000.000000;1000.000000;0;0
DEPOSIT_RUONIA;D;20021125;000000;1000.000000;1000.000000;1000.000000;1000.000000;0;0
DEPOSIT_RUONIA;D;20021126;000000;1000.000000;1000.000000;1000.000000;1000.000000;0;0
DEPOSIT_RUONIA;D;20021127;000000;1000.000000;1000.000000;1000.000000;1000.000000;0;0
DEPOSIT_RUONIA;D;20021128;000000;1000.000000;1000.000000;1000.000000;1000.000000;0;0
DEPOSIT_RUONIA;D;20021129;000000;1000.000000;1000.000000;1000.000000;1000.000000;0;0
DEPOSIT_RUONIA;D;20021202;000000;1000.000000;1000.000000;1000.000000;1000.000000;0;0
DEPOSIT_RUONIA;D;20021203;000000;1000.000000;1000.000000;1000.000000;1000.000000;0;0
DEPOSIT_RUONIA;D;20021204;000000;1000.000000;1000.000000;1000.000000;1000.000000;0;0
DEPOSIT_RUONIA;D;20021205;000000;1000.000000;1000.000000;1000.000000;1000.000000;0;0
DEPOSIT_RUONIA;D;20021206;000000;1000.000000;1000.000000;1000.000000;1000.000000;0;0
DEPOSIT_RUONIA;D;20021209;000000;1000.000000;1000.000000;1000.000000;1000.000000;0;0
DEPOSIT_RUONIA;D;20021210;000000;1000.000000;1000.000000;1000.000000;1000.000000;0;0
DEPOSIT_RUONIA;D;20021211;000000;1000.000000;1000.000000;1000.000000;1000.000000;0;0
DEPOSIT_RUONIA;D;20021215;000000;1000.000000;1000.000000;1000.000000;1000.000000;0;0
DEPOSIT_RUONIA;D;20021216;000000;1000.000000;1000.000000;1000.000000;1000.000000;0;0
DEPOSIT_RUONIA;D;20021217;000000;1000.000000;1000.000000;1000.000000;1000.000000;0;0
DEPOSIT_RUONIA;D;20021218;000000;1000.000000;1000.000000;1000.000000;1000.000000;0;0
DEPOSIT_RUONIA;D;20021219;000000;1000.000000;1000.000000;1000.000000;1000.000000;0;0
DEPOSIT_RUONIA;D;20021220;000000;1000.000000;1000.000000;1000.000000;1000.000000;0;0
DEPOSIT_RUONIA;D;20021223;000000;1000.000000;1000.000000;1000.000000;1000.000000;0;0
DEPOSIT_RUONIA;D;20021224;000000;1000.000000;1000.000000;1000.000000;1000.000000;0;0
DEPOSIT_RUONIA;D;20021225;000000;1000.000000;1000.000000;1000.000000;1000.000000;0;0
DEPOSIT_RUONIA;D;20021226;000000;1000.000000;1000.000000;1000.000000;1000.000000;0;0
DEPOSIT_RUONIA;D;20021227;000000;1000.000000;1000.000000;1000.000000;1000.000000;0;0
DEPOSIT_RUONIA;D;20021230;000000;1000.000000;1000.000000;1000.000000;1000.000000;0;0
DEPOSIT_RUONIA;D;20021231;000000;1000.000000;1000.000000;1000.000000;1000.000000;0;0
DEPOSIT_RUONIA;D;20030104;000000;1000.000000;1000.000000;1000.000000;1000.000000;0;0
DEPOSIT_RUONIA;D;20030105;000000;1000.000000;1000.000000;1000.000000;1000.000000;0;0
DEPOSIT_RUONIA;D;20030108;000000;1000.000000;1000.000000;1000.000000;1000.000000;0;0
DEPOSIT_RUONIA;D;20030109;000000;1000.000000;1000.000000;1000.000000;1000.000000;0;0
DEPOSIT_RUONIA;D;20030110;000000;1000.000000;1000.000000;1000.000000;1000.000000;0;0
DEPOSIT_RUONIA;D;20030113;000000;1000.000000;1000.000000;1000.000000;1000.000000;0;0
DEPOSIT_RUONIA;D;20030114;000000;1000.000000;1000.000000;1000.000000;1000.000000;0;0
DEPOSIT_RUONIA;D;20030115;000000;1000.000000;1000.000000;1000.000000;1000.000000;0;0
DEPOSIT_RUONIA;D;20030116;000000;1000.000000;1000.000000;1000.000000;1000.000000;0;0
DEPOSIT_RUONIA;D;20030117;000000;1000.000000;1000.000000;1000.000000;1000.000000;0;0
DEPOSIT_RUONIA;D;20030120;000000;1000.000000;1000.000000;1000.000000;1000.000000;0;0
DEPOSIT_RUONIA;D;20030121;000000;1000.000000;1000.000000;1000.000000;1000.000000;0;0
DEPOSIT_RUONIA;D;20030122;000000;1000.000000;1000.000000;1000.000000;1000.000000;0;0
DEPOSIT_RUONIA;D;20030123;000000;1000.000000;1000.000000;1000.000000;1000.000000;0;0
DEPOSIT_RUONIA;D;20030124;000000;1000.000000;1000.000000;1000.000000;1000.000000;0;0
DEPOSIT_RUONIA;D;20030127;000000;1000.000000;1000.000000;1000.000000;1000.000000;0;0
DEPOSIT_RUONIA;D;20030128;000000;1000.000000;1000.000000;1000.000000;1000.000000;0;0
DEPOSIT_RUONIA;D;20030129;000000;1000.000000;1000.000000;1000.000000;1000.000000;0;0
DEPOSIT_RUONIA;D;20030130;000000;1000.000000;1000.000000;1000.000000;1000.000000;0;0
DEPOSIT_RUONIA;D;20030131;000000;1000.000000;1000.000000;1000.000000;1000.000000;0;0
DEPOSIT_RUONIA;D;20030203;000000;1000.000000;1000.000000;1000.000000;1000.000000;0;0
DEPOSIT_RUONIA;D;20030204;000000;1000.000000;1000.000000;1000.000000;1000.000000;0;0
DEPOSIT_RUONIA;D;20030205;000000;1000.000000;1000.000000;1000.000000;1000.000000;0;0
DEPOSIT_RUONIA;D;20030206;000000;1000.000000;1000.000000;1000.000000;1000.000000;0;0
DEPOSIT_RUONIA;D;20030207;000000;1000.000000;1000.000000;1000.000000;1000.000000;0;0
DEPOSIT_RUONIA;D;20030210;000000;1000.000000;1000.000000;1000.000000;1000.000000;0;0
DEPOSIT_RUONIA;D;20030211;000000;1000.000000;1000.000000;1000.000000;1000.000000;0;0
DEPOSIT_RUONIA;D;20030212;000000;1000.000000;1000.000000;1000.000000;1000.000000;0;0
DEPOSIT_RUONIA;D;20030213;000000;1000.000000;1000.000000;1000.000000;1000.000000;0;0
DEPOSIT_RUONIA;D;20030214;000000;1000.000000;1000.000000;1000.000000;1000.000000;0;0
DEPOSIT_RUONIA;D;20030217;000000;1000.000000;1000.000000;1000.000000;1000.000000;0;0
DEPOSIT_RUONIA;D;20030218;000000;1000.000000;1000.000000;1000.000000;1000.000000;0;0
DEPOSIT_RUONIA;D;20030219;000000;1000.000000;1000.000000;1000.000000;1000.000000;0;0
DEPOSIT_RUONIA;D;20030220;000000;1000.000000;1000.000000;1000.000000;1000.000000;0;0
DEPOSIT_RUONIA;D;20030221;000000;1000.000000;1000.000000;1000.000000;1000.000000;0;0
DEPOSIT_RUONIA;D;20030225;000000;1000.000000;1000.000000;1000.000000;1000.000000;0;0
DEPOSIT_RUONIA;D;20030226;000000;1000.000000;1000.000000;1000.000000;1000.000000;0;0
DEPOSIT_RUONIA;D;20030227;000000;1000.000000;1000.000000;1000.000000;1000.000000;0;0
DEPOSIT_RUONIA;D;20030228;000000;1000.000000;1000.000000;1000.000000;1000.000000;0;0
DEPOSIT_RUONIA;D;20030303;000000;1000.000000;1000.000000;1000.000000;1000.000000;0;0
DEPOSIT_RUONIA;D;20030304;000000;1000.000000;1000.000000;1000.000000;1000.000000;0;0
DEPOSIT_RUONIA;D;20030305;000000;1000.000000;1000.000000;1000.000000;1000.000000;0;0
DEPOSIT_RUONIA;D;20030306;000000;1000.000000;1000.000000;1000.000000;1000.000000;0;0
DEPOSIT_RUONIA;D;20030307;000000;1000.000000;1000.000000;1000.000000;1000.000000;0;0
DEPOSIT_RUONIA;D;20030311;000000;1000.000000;1000.000000;1000.000000;1000.000000;0;0
DEPOSIT_RUONIA;D;20030312;000000;1000.000000;1000.000000;1000.000000;1000.000000;0;0
DEPOSIT_RUONIA;D;20030313;000000;1000.000000;1000.000000;1000.000000;1000.000000;0;0
DEPOSIT_RUONIA;D;20030314;000000;1000.000000;1000.000000;1000.000000;1000.000000;0;0
DEPOSIT_RUONIA;D;20030317;000000;1000.000000;1000.000000;1000.000000;1000.000000;0;0
DEPOSIT_RUONIA;D;20030318;000000;1000.000000;1000.000000;1000.000000;1000.000000;0;0
DEPOSIT_RUONIA;D;20030319;000000;1000.000000;1000.000000;1000.000000;1000.000000;0;0
DEPOSIT_RUONIA;D;20030320;000000;1000.000000;1000.000000;1000.000000;1000.000000;0;0
DEPOSIT_RUONIA;D;20030321;000000;1000.000000;1000.000000;1000.000000;1000.000000;0;0
DEPOSIT_RUONIA;D;20030324;000000;1000.000000;1000.000000;1000.000000;1000.000000;0;0
DEPOSIT_RUONIA;D;20030325;000000;1000.000000;1000.000000;1000.000000;1000.000000;0;0
DEPOSIT_RUONIA;D;20030326;000000;1000.000000;1000.000000;1000.000000;1000.000000;0;0
DEPOSIT_RUONIA;D;20030327;000000;1000.000000;1000.000000;1000.000000;1000.000000;0;0
DEPOSIT_RUONIA;D;20030328;000000;1000.000000;1000.000000;1000.000000;1000.000000;0;0
DEPOSIT_RUONIA;D;20030331;000000;1000.000000;1000.000000;1000.000000;1000.000000;0;0
DEPOSIT_RUONIA;D;20030401;000000;1000.000000;1000.000000;1000.000000;1000.000000;0;0
DEPOSIT_RUONIA;D;20030402;000000;1000.000000;1000.000000;1000.000000;1000.000000;0;0
DEPOSIT_RUONIA;D;20030403;000000;1000.000000;1000.000000;1000.000000;1000.000000;0;0
DEPOSIT_RUONIA;D;20030404;000000;1000.000000;1000.000000;1000.000000;1000.000000;0;0
DEPOSIT_RUONIA;D;20030407;000000;1000.000000;1000.000000;1000.000000;1000.000000;0;0
DEPOSIT_RUONIA;D;20030408;000000;1000.000000;1000.000000;1000.000000;1000.000000;0;0
DEPOSIT_RUONIA;D;20030409;000000;1000.000000;1000.000000;1000.000000;1000.000000;0;0
DEPOSIT_RUONIA;D;20030410;000000;1000.000000;1000.000000;1000.000000;1000.000000;0;0
DEPOSIT_RUONIA;D;20030411;000000;1000.000000;1000.000000;1000.000000;1000.000000;0;0
DEPOSIT_RUONIA;D;20030414;000000;1000.000000;1000.000000;1000.000000;1000.000000;0;0
DEPOSIT_RUONIA;D;20030415;000000;1000.000000;1000.000000;1000.000000;1000.000000;0;0
DEPOSIT_RUONIA;D;20030416;000000;1000.000000;1000.000000;1000.000000;1000.000000;0;0
DEPOSIT_RUONIA;D;20030417;000000;1000.000000;1000.000000;1000.000000;1000.000000;0;0
DEPOSIT_RUONIA;D;20030418;000000;1000.000000;1000.000000;1000.000000;1000.000000;0;0
DEPOSIT_RUONIA;D;20030421;000000;1000.000000;1000.000000;1000.000000;1000.000000;0;0
DEPOSIT_RUONIA;D;20030422;000000;1000.000000;1000.000000;1000.000000;1000.000000;0;0
DEPOSIT_RUONIA;D;20030423;000000;1000.000000;1000.000000;1000.000000;1000.000000;0;0
DEPOSIT_RUONIA;D;20030424;000000;1000.000000;1000.000000;1000.000000;1000.000000;0;0
DEPOSIT_RUONIA;D;20030425;000000;1000.000000;1000.000000;1000.000000;1000.000000;0;0
DEPOSIT_RUONIA;D;20030428;000000;1000.000000;1000.000000;1000.000000;1000.000000;0;0
DEPOSIT_RUONIA;D;20030429;000000;1000.000000;1000.000000;1000.000000;1000.000000;0;0
DEPOSIT_RUONIA;D;20030430;000000;1000.000000;1000.000000;1000.000000;1000.000000;0;0
DEPOSIT_RUONIA;D;20030505;000000;1000.000000;1000.000000;1000.000000;1000.000000;0;0
DEPOSIT_RUONIA;D;20030506;000000;1000.000000;1000.000000;1000.000000;1000.000000;0;0
DEPOSIT_RUONIA;D;20030507;000000;1000.000000;1000.000000;1000.000000;1000.000000;0;0
DEPOSIT_RUONIA;D;20030508;000000;1000.000000;1000.000000;1000.000000;1000.000000;0;0
DEPOSIT_RUONIA;D;20030512;000000;1000.000000;1000.000000;1000.000000;1000.000000;0;0
DEPOSIT_RUONIA;D;20030513;000000;1000.000000;1000.000000;1000.000000;1000.000000;0;0
DEPOSIT_RUONIA;D;20030514;000000;1000.000000;1000.000000;1000.000000;1000.000000;0;0
DEPOSIT_RUONIA;D;20030515;000000;1000.000000;1000.000000;1000.000000;1000.000000;0;0
DEPOSIT_RUONIA;D;20030516;000000;1000.000000;1000.000000;1000.000000;1000.000000;0;0
DEPOSIT_RUONIA;D;20030519;000000;1000.000000;1000.000000;1000.000000;1000.000000;0;0
DEPOSIT_RUONIA;D;20030520;000000;1000.000000;1000.000000;1000.000000;1000.000000;0;0
DEPOSIT_RUONIA;D;20030521;000000;1000.000000;1000.000000;1000.000000;1000.000000;0;0
DEPOSIT_RUONIA;D;20030522;000000;1000.000000;1000.000000;1000.000000;1000.000000;0;0
DEPOSIT_RUONIA;D;20030523;000000;1000.000000;1000.000000;1000.000000;1000.000000;0;0
DEPOSIT_RUONIA;D;20030526;000000;1000.000000;1000.000000;1000.000000;1000.000000;0;0
DEPOSIT_RUONIA;D;20030527;000000;1000.000000;1000.000000;1000.000000;1000.000000;0;0
DEPOSIT_RUONIA;D;20030528;000000;1000.000000;1000.000000;1000.000000;1000.000000;0;0
DEPOSIT_RUONIA;D;20030529;000000;1000.000000;1000.000000;1000.000000;1000.000000;0;0
DEPOSIT_RUONIA;D;20030530;000000;1000.000000;1000.000000;1000.000000;1000.000000;0;0
DEPOSIT_RUONIA;D;20030602;000000;1000.000000;1000.000000;1000.000000;1000.000000;0;0
DEPOSIT_RUONIA;D;20030603;000000;1000.000000;1000.000000;1000.000000;1000.000000;0;0
DEPOSIT_RUONIA;D;20030604;000000;1000.000000;1000.000000;1000.000000;1000.000000;0;0
DEPOSIT_RUONIA;D;20030605;000000;1000.000000;1000.000000;1000.000000;1000.000000;0;0
DEPOSIT_RUONIA;D;20030606;000000;1000.000000;1000.000000;1000.000000;1000.000000;0;0
DEPOSIT_RUONIA;D;20030609;000000;1000.000000;1000.000000;1000.000000;1000.000000;0;0
DEPOSIT_RUONIA;D;20030610;000000;1000.000000;1000.000000;1000.000000;1000.000000;0;0
DEPOSIT_RUONIA;D;20030611;000000;1000.000000;1000.000000;1000.000000;1000.000000;0;0
DEPOSIT_RUONIA;D;20030616;000000;1000.000000;1000.000000;1000.000000;1000.000000;0;0
DEPOSIT_RUONIA;D;20030617;000000;1000.000000;1000.000000;1000.000000;1000.000000;0;0
DEPOSIT_RUONIA;D;20030618;000000;1000.000000;1000.000000;1000.000000;1000.000000;0;0
DEPOSIT_RUONIA;D;20030619;000000;1000.000000;1000.000000;1000.000000;1000.000000;0;0
DEPOSIT_RUONIA;D;20030620;000000;1000.000000;1000.000000;1000.000000;1000.000000;0;0
DEPOSIT_RUONIA;D;20030621;000000;1000.000000;1000.000000;1000.000000;1000.000000;0;0
DEPOSIT_RUONIA;D;20030623;000000;1000.000000;1000.000000;1000.000000;1000.000000;0;0
DEPOSIT_RUONIA;D;20030624;000000;1000.000000;1000.000000;1000.000000;1000.000000;0;0
DEPOSIT_RUONIA;D;20030625;000000;1000.000000;1000.000000;1000.000000;1000.000000;0;0
DEPOSIT_RUONIA;D;20030626;000000;1000.000000;1000.000000;1000.000000;1000.000000;0;0
DEPOSIT_RUONIA;D;20030627;000000;1000.000000;1000.000000;1000.000000;1000.000000;0;0
DEPOSIT_RUONIA;D;20030630;000000;1000.000000;1000.000000;1000.000000;1000.000000;0;0
DEPOSIT_RUONIA;D;20030701;000000;1000.000000;1000.000000;1000.000000;1000.000000;0;0
DEPOSIT_RUONIA;D;20030702;000000;1000.000000;1000.000000;1000.000000;1000.000000;0;0
DEPOSIT_RUONIA;D;20030703;000000;1000.000000;1000.000000;1000.000000;1000.000000;0;0
DEPOSIT_RUONIA;D;20030704;000000;1000.000000;1000.000000;1000.000000;1000.000000;0;0
DEPOSIT_RUONIA;D;20030707;000000;1000.000000;1000.000000;1000.000000;1000.000000;0;0
DEPOSIT_RUONIA;D;20030708;000000;1000.000000;1000.000000;1000.000000;1000.000000;0;0
DEPOSIT_RUONIA;D;20030709;000000;1000.000000;1000.000000;1000.000000;1000.000000;0;0
DEPOSIT_RUONIA;D;20030710;000000;1000.000000;1000.000000;1000.000000;1000.000000;0;0
DEPOSIT_RUONIA;D;20030711;000000;1000.000000;1000.000000;1000.000000;1000.000000;0;0
DEPOSIT_RUONIA;D;20030714;000000;1000.000000;1000.000000;1000.000000;1000.000000;0;0
DEPOSIT_RUONIA;D;20030715;000000;1000.000000;1000.000000;1000.000000;1000.000000;0;0
DEPOSIT_RUONIA;D;20030716;000000;1000.000000;1000.000000;1000.000000;1000.000000;0;0
DEPOSIT_RUONIA;D;20030717;000000;1000.000000;1000.000000;1000.000000;1000.000000;0;0
DEPOSIT_RUONIA;D;20030718;000000;1000.000000;1000.000000;1000.000000;1000.000000;0;0
DEPOSIT_RUONIA;D;20030721;000000;1000.000000;1000.000000;1000.000000;1000.000000;0;0
DEPOSIT_RUONIA;D;20030722;000000;1000.000000;1000.000000;1000.000000;1000.000000;0;0
DEPOSIT_RUONIA;D;20030723;000000;1000.000000;1000.000000;1000.000000;1000.000000;0;0
DEPOSIT_RUONIA;D;20030724;000000;1000.000000;1000.000000;1000.000000;1000.000000;0;0
DEPOSIT_RUONIA;D;20030725;000000;1000.000000;1000.000000;1000.000000;1000.000000;0;0
DEPOSIT_RUONIA;D;20030728;000000;1000.000000;1000.000000;1000.000000;1000.000000;0;0
DEPOSIT_RUONIA;D;20030729;000000;1000.000000;1000.000000;1000.000000;1000.000000;0;0
DEPOSIT_RUONIA;D;20030730;000000;1000.000000;1000.000000;1000.000000;1000.000000;0;0
DEPOSIT_RUONIA;D;20030731;000000;1000.000000;1000.000000;1000.000000;1000.000000;0;0
DEPOSIT_RUONIA;D;20030801;000000;1000.000000;1000.000000;1000.000000;1000.000000;0;0
DEPOSIT_RUONIA;D;20030804;000000;1000.000000;1000.000000;1000.000000;1000.000000;0;0
DEPOSIT_RUONIA;D;20030805;000000;1000.000000;1000.000000;1000.000000;1000.000000;0;0
DEPOSIT_RUONIA;D;20030806;000000;1000.000000;1000.000000;1000.000000;1000.000000;0;0
DEPOSIT_RUONIA;D;20030807;000000;1000.000000;1000.000000;1000.000000;1000.000000;0;0
DEPOSIT_RUONIA;D;20030808;000000;1000.000000;1000.000000;1000.000000;1000.000000;0;0
DEPOSIT_RUONIA;D;20030811;000000;1000.000000;1000.000000;1000.000000;1000.000000;0;0
DEPOSIT_RUONIA;D;20030812;000000;1000.000000;1000.000000;1000.000000;1000.000000;0;0
DEPOSIT_RUONIA;D;20030813;000000;1000.000000;1000.000000;1000.000000;1000.000000;0;0
DEPOSIT_RUONIA;D;20030814;000000;1000.000000;1000.000000;1000.000000;1000.000000;0;0
DEPOSIT_RUONIA;D;20030815;000000;1000.000000;1000.000000;1000.000000;1000.000000;0;0
DEPOSIT_RUONIA;D;20030818;000000;1000.000000;1000.000000;1000.000000;1000.000000;0;0
DEPOSIT_RUONIA;D;20030819;000000;1000.000000;1000.000000;1000.000000;1000.000000;0;0
DEPOSIT_RUONIA;D;20030820;000000;1000.000000;1000.000000;1000.000000;1000.000000;0;0
DEPOSIT_RUONIA;D;20030821;000000;1000.000000;1000.000000;1000.000000;1000.000000;0;0
DEPOSIT_RUONIA;D;20030822;000000;1000.000000;1000.000000;1000.000000;1000.000000;0;0
DEPOSIT_RUONIA;D;20030825;000000;1000.000000;1000.000000;1000.000000;1000.000000;0;0
DEPOSIT_RUONIA;D;20030826;000000;1000.000000;1000.000000;1000.000000;1000.000000;0;0
DEPOSIT_RUONIA;D;20030827;000000;1000.000000;1000.000000;1000.000000;1000.000000;0;0
DEPOSIT_RUONIA;D;20030828;000000;1000.000000;1000.000000;1000.000000;1000.000000;0;0
DEPOSIT_RUONIA;D;20030829;000000;1000.000000;1000.000000;1000.000000;1000.000000;0;0
DEPOSIT_RUONIA;D;20030901;000000;1000.000000;1000.000000;1000.000000;1000.000000;0;0
DEPOSIT_RUONIA;D;20030902;000000;1000.000000;1000.000000;1000.000000;1000.000000;0;0
DEPOSIT_RUONIA;D;20030903;000000;1000.000000;1000.000000;1000.000000;1000.000000;0;0
DEPOSIT_RUONIA;D;20030904;000000;1000.000000;1000.000000;1000.000000;1000.000000;0;0
DEPOSIT_RUONIA;D;20030905;000000;1000.000000;1000.000000;1000.000000;1000.000000;0;0
DEPOSIT_RUONIA;D;20030908;000000;1000.000000;1000.000000;1000.000000;1000.000000;0;0
DEPOSIT_RUONIA;D;20030909;000000;1000.000000;1000.000000;1000.000000;1000.000000;0;0
DEPOSIT_RUONIA;D;20030910;000000;1000.000000;1000.000000;1000.000000;1000.000000;0;0
DEPOSIT_RUONIA;D;20030911;000000;1000.000000;1000.000000;1000.000000;1000.000000;0;0
DEPOSIT_RUONIA;D;20030912;000000;1000.000000;1000.000000;1000.000000;1000.000000;0;0
DEPOSIT_RUONIA;D;20030915;000000;1000.000000;1000.000000;1000.000000;1000.000000;0;0
DEPOSIT_RUONIA;D;20030916;000000;1000.000000;1000.000000;1000.000000;1000.000000;0;0
DEPOSIT_RUONIA;D;20030917;000000;1000.000000;1000.000000;1000.000000;1000.000000;0;0
DEPOSIT_RUONIA;D;20030918;000000;1000.000000;1000.000000;1000.000000;1000.000000;0;0
DEPOSIT_RUONIA;D;20030919;000000;1000.000000;1000.000000;1000.000000;1000.000000;0;0
DEPOSIT_RUONIA;D;20030922;000000;1000.000000;1000.000000;1000.000000;1000.000000;0;0
DEPOSIT_RUONIA;D;20030923;000000;1000.000000;1000.000000;1000.000000;1000.000000;0;0
DEPOSIT_RUONIA;D;20030924;000000;1000.000000;1000.000000;1000.000000;1000.000000;0;0
DEPOSIT_RUONIA;D;20030925;000000;1000.000000;1000.000000;1000.000000;1000.000000;0;0
DEPOSIT_RUONIA;D;20030926;000000;1000.000000;1000.000000;1000.000000;1000.000000;0;0
DEPOSIT_RUONIA;D;20030929;000000;1000.000000;1000.000000;1000.000000;1000.000000;0;0
DEPOSIT_RUONIA;D;20030930;000000;1000.000000;1000.000000;1000.000000;1000.000000;0;0
DEPOSIT_RUONIA;D;20031001;000000;1000.000000;1000.000000;1000.000000;1000.000000;0;0
DEPOSIT_RUONIA;D;20031002;000000;1000.000000;1000.000000;1000.000000;1000.000000;0;0
DEPOSIT_RUONIA;D;20031003;000000;1000.000000;1000.000000;1000.000000;1000.000000;0;0
DEPOSIT_RUONIA;D;20031006;000000;1000.000000;1000.000000;1000.000000;1000.000000;0;0
DEPOSIT_RUONIA;D;20031007;000000;1000.000000;1000.000000;1000.000000;1000.000000;0;0
DEPOSIT_RUONIA;D;20031008;000000;1000.000000;1000.000000;1000.000000;1000.000000;0;0
DEPOSIT_RUONIA;D;20031009;000000;1000.000000;1000.000000;1000.000000;1000.000000;0;0
DEPOSIT_RUONIA;D;20031010;000000;1000.000000;1000.000000;1000.000000;1000.000000;0;0
DEPOSIT_RUONIA;D;20031013;000000;1000.000000;1000.000000;1000.000000;1000.000000;0;0
DEPOSIT_RUONIA;D;20031014;000000;1000.000000;1000.000000;1000.000000;1000.000000;0;0
DEPOSIT_RUONIA;D;20031015;000000;1000.000000;1000.000000;1000.000000;1000.000000;0;0
DEPOSIT_RUONIA;D;20031016;000000;1000.000000;1000.000000;1000.000000;1000.000000;0;0
DEPOSIT_RUONIA;D;20031017;000000;1000.000000;1000.000000;1000.000000;1000.000000;0;0
DEPOSIT_RUONIA;D;20031020;000000;1000.000000;1000.000000;1000.000000;1000.000000;0;0
DEPOSIT_RUONIA;D;20031021;000000;1000.000000;1000.000000;1000.000000;1000.000000;0;0
DEPOSIT_RUONIA;D;20031022;000000;1000.000000;1000.000000;1000.000000;1000.000000;0;0
DEPOSIT_RUONIA;D;20031023;000000;1000.000000;1000.000000;1000.000000;1000.000000;0;0
DEPOSIT_RUONIA;D;20031024;000000;1000.000000;1000.000000;1000.000000;1000.000000;0;0
DEPOSIT_RUONIA;D;20031027;000000;1000.000000;1000.000000;1000.000000;1000.000000;0;0
DEPOSIT_RUONIA;D;20031028;000000;1000.000000;1000.000000;1000.000000;1000.000000;0;0
DEPOSIT_RUONIA;D;20031029;000000;1000.000000;1000.000000;1000.000000;1000.000000;0;0
DEPOSIT_RUONIA;D;20031030;000000;1000.000000;1000.000000;1000.000000;1000.000000;0;0
DEPOSIT_RUONIA;D;20031031;000000;1000.000000;1000.000000;1000.000000;1000.000000;0;0
DEPOSIT_RUONIA;D;20031103;000000;1000.000000;1000.000000;1000.000000;1000.000000;0;0
DEPOSIT_RUONIA;D;20031104;000000;1000.000000;1000.000000;1000.000000;1000.000000;0;0
DEPOSIT_RUONIA;D;20031105;000000;1000.000000;1000.000000;1000.000000;1000.000000;0;0
DEPOSIT_RUONIA;D;20031106;000000;1000.000000;1000.000000;1000.000000;1000.000000;0;0
DEPOSIT_RUONIA;D;20031110;000000;1000.000000;1000.000000;1000.000000;1000.000000;0;0
DEPOSIT_RUONIA;D;20031111;000000;1000.000000;1000.000000;1000.000000;1000.000000;0;0
DEPOSIT_RUONIA;D;20031112;000000;1000.000000;1000.000000;1000.000000;1000.000000;0;0
DEPOSIT_RUONIA;D;20031113;000000;1000.000000;1000.000000;1000.000000;1000.000000;0;0
DEPOSIT_RUONIA;D;20031114;000000;1000.000000;1000.000000;1000.000000;1000.000000;0;0
DEPOSIT_RUONIA;D;20031117;000000;1000.000000;1000.000000;1000.000000;1000.000000;0;0
DEPOSIT_RUONIA;D;20031118;000000;1000.000000;1000.000000;1000.000000;1000.000000;0;0
DEPOSIT_RUONIA;D;20031119;000000;1000.000000;1000.000000;1000.000000;1000.000000;0;0
DEPOSIT_RUONIA;D;20031120;000000;1000.000000;1000.000000;1000.000000;1000.000000;0;0
DEPOSIT_RUONIA;D;20031121;000000;1000.000000;1000.000000;1000.000000;1000.000000;0;0
DEPOSIT_RUONIA;D;20031124;000000;1000.000000;1000.000000;1000.000000;1000.000000;0;0
DEPOSIT_RUONIA;D;20031125;000000;1000.000000;1000.000000;1000.000000;1000.000000;0;0
DEPOSIT_RUONIA;D;20031126;000000;1000.000000;1000.000000;1000.000000;1000.000000;0;0
DEPOSIT_RUONIA;D;20031127;000000;1000.000000;1000.000000;1000.000000;1000.000000;0;0
DEPOSIT_RUONIA;D;20031128;000000;1000.000000;1000.000000;1000.000000;1000.000000;0;0
DEPOSIT_RUONIA;D;20031201;000000;1000.000000;1000.000000;1000.000000;1000.000000;0;0
DEPOSIT_RUONIA;D;20031202;000000;1000.000000;1000.000000;1000.000000;1000.000000;0;0
DEPOSIT_RUONIA;D;20031203;000000;1000.000000;1000.000000;1000.000000;1000.000000;0;0
DEPOSIT_RUONIA;D;20031204;000000;1000.000000;1000.000000;1000.000000;1000.000000;0;0
DEPOSIT_RUONIA;D;20031205;000000;1000.000000;1000.000000;1000.000000;1000.000000;0;0
DEPOSIT_RUONIA;D;20031208;000000;1000.000000;1000.000000;1000.000000;1000.000000;0;0
DEPOSIT_RUONIA;D;20031209;000000;1000.000000;1000.000000;1000.000000;1000.000000;0;0
DEPOSIT_RUONIA;D;20031210;000000;1000.000000;1000.000000;1000.000000;1000.000000;0;0
DEPOSIT_RUONIA;D;20031211;000000;1000.000000;1000.000000;1000.000000;1000.000000;0;0
DEPOSIT_RUONIA;D;20031215;000000;1000.000000;1000.000000;1000.000000;1000.000000;0;0
DEPOSIT_RUONIA;D;20031216;000000;1000.000000;1000.000000;1000.000000;1000.000000;0;0
DEPOSIT_RUONIA;D;20031217;000000;1000.000000;1000.000000;1000.000000;1000.000000;0;0
DEPOSIT_RUONIA;D;20031218;000000;1000.000000;1000.000000;1000.000000;1000.000000;0;0
DEPOSIT_RUONIA;D;20031219;000000;1000.000000;1000.000000;1000.000000;1000.000000;0;0
DEPOSIT_RUONIA;D;20031222;000000;1000.000000;1000.000000;1000.000000;1000.000000;0;0
DEPOSIT_RUONIA;D;20031223;000000;1000.000000;1000.000000;1000.000000;1000.000000;0;0
DEPOSIT_RUONIA;D;20031224;000000;1000.000000;1000.000000;1000.000000;1000.000000;0;0
DEPOSIT_RUONIA;D;20031225;000000;1000.000000;1000.000000;1000.000000;1000.000000;0;0
DEPOSIT_RUONIA;D;20031226;000000;1000.000000;1000.000000;1000.000000;1000.000000;0;0
DEPOSIT_RUONIA;D;20031229;000000;1000.000000;1000.000000;1000.000000;1000.000000;0;0
DEPOSIT_RUONIA;D;20031230;000000;1000.000000;1000.000000;1000.000000;1000.000000;0;0
DEPOSIT_RUONIA;D;20040105;000000;1000.000000;1000.000000;1000.000000;1000.000000;0;0
DEPOSIT_RUONIA;D;20040106;000000;1000.000000;1000.000000;1000.000000;1000.000000;0;0
DEPOSIT_RUONIA;D;20040108;000000;1000.000000;1000.000000;1000.000000;1000.000000;0;0
DEPOSIT_RUONIA;D;20040109;000000;1000.000000;1000.000000;1000.000000;1000.000000;0;0
DEPOSIT_RUONIA;D;20040112;000000;1000.000000;1000.000000;1000.000000;1000.000000;0;0
DEPOSIT_RUONIA;D;20040113;000000;1000.000000;1000.000000;1000.000000;1000.000000;0;0
DEPOSIT_RUONIA;D;20040114;000000;1000.000000;1000.000000;1000.000000;1000.000000;0;0
DEPOSIT_RUONIA;D;20040115;000000;1000.000000;1000.000000;1000.000000;1000.000000;0;0
DEPOSIT_RUONIA;D;20040116;000000;1000.000000;1000.000000;1000.000000;1000.000000;0;0
DEPOSIT_RUONIA;D;20040119;000000;1000.000000;1000.000000;1000.000000;1000.000000;0;0
DEPOSIT_RUONIA;D;20040120;000000;1000.000000;1000.000000;1000.000000;1000.000000;0;0
DEPOSIT_RUONIA;D;20040121;000000;1000.000000;1000.000000;1000.000000;1000.000000;0;0
DEPOSIT_RUONIA;D;20040122;000000;1000.000000;1000.000000;1000.000000;1000.000000;0;0
DEPOSIT_RUONIA;D;20040123;000000;1000.000000;1000.000000;1000.000000;1000.000000;0;0
DEPOSIT_RUONIA;D;20040126;000000;1000.000000;1000.000000;1000.000000;1000.000000;0;0
DEPOSIT_RUONIA;D;20040127;000000;1000.000000;1000.000000;1000.000000;1000.000000;0;0
DEPOSIT_RUONIA;D;20040128;000000;1000.000000;1000.000000;1000.000000;1000.000000;0;0
DEPOSIT_RUONIA;D;20040129;000000;1000.000000;1000.000000;1000.000000;1000.000000;0;0
DEPOSIT_RUONIA;D;20040130;000000;1000.000000;1000.000000;1000.000000;1000.000000;0;0
DEPOSIT_RUONIA;D;20040202;000000;1000.000000;1000.000000;1000.000000;1000.000000;0;0
DEPOSIT_RUONIA;D;20040203;000000;1000.000000;1000.000000;1000.000000;1000.000000;0;0
DEPOSIT_RUONIA;D;20040204;000000;1000.000000;1000.000000;1000.000000;1000.000000;0;0
DEPOSIT_RUONIA;D;20040205;000000;1000.000000;1000.000000;1000.000000;1000.000000;0;0
DEPOSIT_RUONIA;D;20040206;000000;1000.000000;1000.000000;1000.000000;1000.000000;0;0
DEPOSIT_RUONIA;D;20040209;000000;1000.000000;1000.000000;1000.000000;1000.000000;0;0
DEPOSIT_RUONIA;D;20040210;000000;1000.000000;1000.000000;1000.000000;1000.000000;0;0
DEPOSIT_RUONIA;D;20040211;000000;1000.000000;1000.000000;1000.000000;1000.000000;0;0
DEPOSIT_RUONIA;D;20040212;000000;1000.000000;1000.000000;1000.000000;1000.000000;0;0
DEPOSIT_RUONIA;D;20040213;000000;1000.000000;1000.000000;1000.000000;1000.000000;0;0
DEPOSIT_RUONIA;D;20040216;000000;1000.000000;1000.000000;1000.000000;1000.000000;0;0
DEPOSIT_RUONIA;D;20040217;000000;1000.000000;1000.000000;1000.000000;1000.000000;0;0
DEPOSIT_RUONIA;D;20040218;000000;1000.000000;1000.000000;1000.000000;1000.000000;0;0
DEPOSIT_RUONIA;D;20040219;000000;1000.000000;1000.000000;1000.000000;1000.000000;0;0
DEPOSIT_RUONIA;D;20040220;000000;1000.000000;1000.000000;1000.000000;1000.000000;0;0
DEPOSIT_RUONIA;D;20040224;000000;1000.000000;1000.000000;1000.000000;1000.000000;0;0
DEPOSIT_RUONIA;D;20040225;000000;1000.000000;1000.000000;1000.000000;1000.000000;0;0
DEPOSIT_RUONIA;D;20040226;000000;1000.000000;1000.000000;1000.000000;1000.000000;0;0
DEPOSIT_RUONIA;D;20040227;000000;1000.000000;1000.000000;1000.000000;1000.000000;0;0
DEPOSIT_RUONIA;D;20040301;000000;1000.000000;1000.000000;1000.000000;1000.000000;0;0
DEPOSIT_RUONIA;D;20040302;000000;1000.000000;1000.000000;1000.000000;1000.000000;0;0
DEPOSIT_RUONIA;D;20040303;000000;1000.000000;1000.000000;1000.000000;1000.000000;0;0
DEPOSIT_RUONIA;D;20040304;000000;1000.000000;1000.000000;1000.000000;1000.000000;0;0
DEPOSIT_RUONIA;D;20040305;000000;1000.000000;1000.000000;1000.000000;1000.000000;0;0
DEPOSIT_RUONIA;D;20040309;000000;1000.000000;1000.000000;1000.000000;1000.000000;0;0
DEPOSIT_RUONIA;D;20040310;000000;1000.000000;1000.000000;1000.000000;1000.000000;0;0
DEPOSIT_RUONIA;D;20040311;000000;1000.000000;1000.000000;1000.000000;1000.000000;0;0
DEPOSIT_RUONIA;D;20040312;000000;1000.000000;1000.000000;1000.000000;1000.000000;0;0
DEPOSIT_RUONIA;D;20040315;000000;1000.000000;1000.000000;1000.000000;1000.000000;0;0
DEPOSIT_RUONIA;D;20040316;000000;1000.000000;1000.000000;1000.000000;1000.000000;0;0
DEPOSIT_RUONIA;D;20040317;000000;1000.000000;1000.000000;1000.000000;1000.000000;0;0
DEPOSIT_RUONIA;D;20040318;000000;1000.000000;1000.000000;1000.000000;1000.000000;0;0
DEPOSIT_RUONIA;D;20040319;000000;1000.000000;1000.000000;1000.000000;1000.000000;0;0
DEPOSIT_RUONIA;D;20040322;000000;1000.000000;1000.000000;1000.000000;1000.000000;0;0
DEPOSIT_RUONIA;D;20040323;000000;1000.000000;1000.000000;1000.000000;1000.000000;0;0
DEPOSIT_RUONIA;D;20040324;000000;1000.000000;1000.000000;1000.000000;1000.000000;0;0
DEPOSIT_RUONIA;D;20040325;000000;1000.000000;1000.000000;1000.000000;1000.000000;0;0
DEPOSIT_RUONIA;D;20040326;000000;1000.000000;1000.000000;1000.000000;1000.000000;0;0
DEPOSIT_RUONIA;D;20040329;000000;1000.000000;1000.000000;1000.000000;1000.000000;0;0
DEPOSIT_RUONIA;D;20040330;000000;1000.000000;1000.000000;1000.000000;1000.000000;0;0
DEPOSIT_RUONIA;D;20040331;000000;1000.000000;1000.000000;1000.000000;1000.000000;0;0
DEPOSIT_RUONIA;D;20040401;000000;1000.000000;1000.000000;1000.000000;1000.000000;0;0
DEPOSIT_RUONIA;D;20040402;000000;1000.000000;1000.000000;1000.000000;1000.000000;0;0
DEPOSIT_RUONIA;D;20040405;000000;1000.000000;1000.000000;1000.000000;1000.000000;0;0
DEPOSIT_RUONIA;D;20040406;000000;1000.000000;1000.000000;1000.000000;1000.000000;0;0
DEPOSIT_RUONIA;D;20040407;000000;1000.000000;1000.000000;1000.000000;1000.000000;0;0
DEPOSIT_RUONIA;D;20040408;000000;1000.000000;1000.000000;1000.000000;1000.000000;0;0
DEPOSIT_RUONIA;D;20040409;000000;1000.000000;1000.000000;1000.000000;1000.000000;0;0
DEPOSIT_RUONIA;D;20040412;000000;1000.000000;1000.000000;1000.000000;1000.000000;0;0
DEPOSIT_RUONIA;D;20040413;000000;1000.000000;1000.000000;1000.000000;1000.000000;0;0
DEPOSIT_RUONIA;D;20040414;000000;1000.000000;1000.000000;1000.000000;1000.000000;0;0
DEPOSIT_RUONIA;D;20040415;000000;1000.000000;1000.000000;1000.000000;1000.000000;0;0
DEPOSIT_RUONIA;D;20040416;000000;1000.000000;1000.000000;1000.000000;1000.000000;0;0
DEPOSIT_RUONIA;D;20040419;000000;1000.000000;1000.000000;1000.000000;1000.000000;0;0
DEPOSIT_RUONIA;D;20040420;000000;1000.000000;1000.000000;1000.000000;1000.000000;0;0
DEPOSIT_RUONIA;D;20040421;000000;1000.000000;1000.000000;1000.000000;1000.000000;0;0
DEPOSIT_RUONIA;D;20040422;000000;1000.000000;1000.000000;1000.000000;1000.000000;0;0
DEPOSIT_RUONIA;D;20040423;000000;1000.000000;1000.000000;1000.000000;1000.000000;0;0
DEPOSIT_RUONIA;D;20040426;000000;1000.000000;1000.000000;1000.000000;1000.000000;0;0
DEPOSIT_RUONIA;D;20040427;000000;1000.000000;1000.000000;1000.000000;1000.000000;0;0
DEPOSIT_RUONIA;D;20040428;000000;1000.000000;1000.000000;1000.000000;1000.000000;0;0
DEPOSIT_RUONIA;D;20040429;000000;1000.000000;1000.000000;1000.000000;1000.000000;0;0
DEPOSIT_RUONIA;D;20040430;000000;1000.000000;1000.000000;1000.000000;1000.000000;0;0
DEPOSIT_RUONIA;D;20040505;000000;1000.000000;1000.000000;1000.000000;1000.000000;0;0
DEPOSIT_RUONIA;D;20040506;000000;1000.000000;1000.000000;1000.000000;1000.000000;0;0
DEPOSIT_RUONIA;D;20040507;000000;1000.000000;1000.000000;1000.000000;1000.000000;0;0
DEPOSIT_RUONIA;D;20040511;000000;1000.000000;1000.000000;1000.000000;1000.000000;0;0
DEPOSIT_RUONIA;D;20040512;000000;1000.000000;1000.000000;1000.000000;1000.000000;0;0
DEPOSIT_RUONIA;D;20040513;000000;1000.000000;1000.000000;1000.000000;1000.000000;0;0
DEPOSIT_RUONIA;D;20040514;000000;1000.000000;1000.000000;1000.000000;1000.000000;0;0
DEPOSIT_RUONIA;D;20040517;000000;1000.000000;1000.000000;1000.000000;1000.000000;0;0
DEPOSIT_RUONIA;D;20040518;000000;1000.000000;1000.000000;1000.000000;1000.000000;0;0
DEPOSIT_RUONIA;D;20040519;000000;1000.000000;1000.000000;1000.000000;1000.000000;0;0
DEPOSIT_RUONIA;D;20040520;000000;1000.000000;1000.000000;1000.000000;1000.000000;0;0
DEPOSIT_RUONIA;D;20040521;000000;1000.000000;1000.000000;1000.000000;1000.000000;0;0
DEPOSIT_RUONIA;D;20040524;000000;1000.000000;1000.000000;1000.000000;1000.000000;0;0
DEPOSIT_RUONIA;D;20040525;000000;1000.000000;1000.000000;1000.000000;1000.000000;0;0
DEPOSIT_RUONIA;D;20040526;000000;1000.000000;1000.000000;1000.000000;1000.000000;0;0
DEPOSIT_RUONIA;D;20040527;000000;1000.000000;1000.000000;1000.000000;1000.000000;0;0
DEPOSIT_RUONIA;D;20040528;000000;1000.000000;1000.000000;1000.000000;1000.000000;0;0
DEPOSIT_RUONIA;D;20040531;000000;1000.000000;1000.000000;1000.000000;1000.000000;0;0
DEPOSIT_RUONIA;D;20040601;000000;1000.000000;1000.000000;1000.000000;1000.000000;0;0
DEPOSIT_RUONIA;D;20040602;000000;1000.000000;1000.000000;1000.000000;1000.000000;0;0
DEPOSIT_RUONIA;D;20040603;000000;1000.000000;1000.000000;1000.000000;1000.000000;0;0
DEPOSIT_RUONIA;D;20040604;000000;1000.000000;1000.000000;1000.000000;1000.000000;0;0
DEPOSIT_RUONIA;D;20040607;000000;1000.000000;1000.000000;1000.000000;1000.000000;0;0
DEPOSIT_RUONIA;D;20040608;000000;1000.000000;1000.000000;1000.000000;1000.000000;0;0
DEPOSIT_RUONIA;D;20040609;000000;1000.000000;1000.000000;1000.000000;1000.000000;0;0
DEPOSIT_RUONIA;D;20040610;000000;1000.000000;1000.000000;1000.000000;1000.000000;0;0
DEPOSIT_RUONIA;D;20040611;000000;1000.000000;1000.000000;1000.000000;1000.000000;0;0
DEPOSIT_RUONIA;D;20040615;000000;1000.000000;1000.000000;1000.000000;1000.000000;0;0
DEPOSIT_RUONIA;D;20040616;000000;1000.000000;1000.000000;1000.000000;1000.000000;0;0
DEPOSIT_RUONIA;D;20040617;000000;1000.000000;1000.000000;1000.000000;1000.000000;0;0
DEPOSIT_RUONIA;D;20040618;000000;1000.000000;1000.000000;1000.000000;1000.000000;0;0
DEPOSIT_RUONIA;D;20040621;000000;1000.000000;1000.000000;1000.000000;1000.000000;0;0
DEPOSIT_RUONIA;D;20040622;000000;1000.000000;1000.000000;1000.000000;1000.000000;0;0
DEPOSIT_RUONIA;D;20040623;000000;1000.000000;1000.000000;1000.000000;1000.000000;0;0
DEPOSIT_RUONIA;D;20040624;000000;1000.000000;1000.000000;1000.000000;1000.000000;0;0
DEPOSIT_RUONIA;D;20040625;000000;1000.000000;1000.000000;1000.000000;1000.000000;0;0
DEPOSIT_RUONIA;D;20040628;000000;1000.000000;1000.000000;1000.000000;1000.000000;0;0
DEPOSIT_RUONIA;D;20040629;000000;1000.000000;1000.000000;1000.000000;1000.000000;0;0
DEPOSIT_RUONIA;D;20040630;000000;1000.000000;1000.000000;1000.000000;1000.000000;0;0
DEPOSIT_RUONIA;D;20040701;000000;1000.000000;1000.000000;1000.000000;1000.000000;0;0
DEPOSIT_RUONIA;D;20040702;000000;1000.000000;1000.000000;1000.000000;1000.000000;0;0
DEPOSIT_RUONIA;D;20040705;000000;1000.000000;1000.000000;1000.000000;1000.000000;0;0
DEPOSIT_RUONIA;D;20040706;000000;1000.000000;1000.000000;1000.000000;1000.000000;0;0
DEPOSIT_RUONIA;D;20040707;000000;1000.000000;1000.000000;1000.000000;1000.000000;0;0
DEPOSIT_RUONIA;D;20040708;000000;1000.000000;1000.000000;1000.000000;1000.000000;0;0
DEPOSIT_RUONIA;D;20040709;000000;1000.000000;1000.000000;1000.000000;1000.000000;0;0
DEPOSIT_RUONIA;D;20040712;000000;1000.000000;1000.000000;1000.000000;1000.000000;0;0
DEPOSIT_RUONIA;D;20040713;000000;1000.000000;1000.000000;1000.000000;1000.000000;0;0
DEPOSIT_RUONIA;D;20040714;000000;1000.000000;1000.000000;1000.000000;1000.000000;0;0
DEPOSIT_RUONIA;D;20040715;000000;1000.000000;1000.000000;1000.000000;1000.000000;0;0
DEPOSIT_RUONIA;D;20040716;000000;1000.000000;1000.000000;1000.000000;1000.000000;0;0
DEPOSIT_RUONIA;D;20040719;000000;1000.000000;1000.000000;1000.000000;1000.000000;0;0
DEPOSIT_RUONIA;D;20040720;000000;1000.000000;1000.000000;1000.000000;1000.000000;0;0
DEPOSIT_RUONIA;D;20040721;000000;1000.000000;1000.000000;1000.000000;1000.000000;0;0
DEPOSIT_RUONIA;D;20040722;000000;1000.000000;1000.000000;1000.000000;1000.000000;0;0
DEPOSIT_RUONIA;D;20040723;000000;1000.000000;1000.000000;1000.000000;1000.000000;0;0
DEPOSIT_RUONIA;D;20040726;000000;1000.000000;1000.000000;1000.000000;1000.000000;0;0
DEPOSIT_RUONIA;D;20040727;000000;1000.000000;1000.000000;1000.000000;1000.000000;0;0
DEPOSIT_RUONIA;D;20040728;000000;1000.000000;1000.000000;1000.000000;1000.000000;0;0
DEPOSIT_RUONIA;D;20040729;000000;1000.000000;1000.000000;1000.000000;1000.000000;0;0
DEPOSIT_RUONIA;D;20040730;000000;1000.000000;1000.000000;1000.000000;1000.000000;0;0
DEPOSIT_RUONIA;D;20040802;000000;1000.000000;1000.000000;1000.000000;1000.000000;0;0
DEPOSIT_RUONIA;D;20040803;000000;1000.000000;1000.000000;1000.000000;1000.000000;0;0
DEPOSIT_RUONIA;D;20040804;000000;1000.000000;1000.000000;1000.000000;1000.000000;0;0
DEPOSIT_RUONIA;D;20040805;000000;1000.000000;1000.000000;1000.000000;1000.000000;0;0
DEPOSIT_RUONIA;D;20040806;000000;1000.000000;1000.000000;1000.000000;1000.000000;0;0
DEPOSIT_RUONIA;D;20040809;000000;1000.000000;1000.000000;1000.000000;1000.000000;0;0
DEPOSIT_RUONIA;D;20040810;000000;1000.000000;1000.000000;1000.000000;1000.000000;0;0
DEPOSIT_RUONIA;D;20040811;000000;1000.000000;1000.000000;1000.000000;1000.000000;0;0
DEPOSIT_RUONIA;D;20040812;000000;1000.000000;1000.000000;1000.000000;1000.000000;0;0
DEPOSIT_RUONIA;D;20040813;000000;1000.000000;1000.000000;1000.000000;1000.000000;0;0
DEPOSIT_RUONIA;D;20040816;000000;1000.000000;1000.000000;1000.000000;1000.000000;0;0
DEPOSIT_RUONIA;D;20040817;000000;1000.000000;1000.000000;1000.000000;1000.000000;0;0
DEPOSIT_RUONIA;D;20040818;000000;1000.000000;1000.000000;1000.000000;1000.000000;0;0
DEPOSIT_RUONIA;D;20040819;000000;1000.000000;1000.000000;1000.000000;1000.000000;0;0
DEPOSIT_RUONIA;D;20040820;000000;1000.000000;1000.000000;1000.000000;1000.000000;0;0
DEPOSIT_RUONIA;D;20040823;000000;1000.000000;1000.000000;1000.000000;1000.000000;0;0
DEPOSIT_RUONIA;D;20040824;000000;1000.000000;1000.000000;1000.000000;1000.000000;0;0
DEPOSIT_RUONIA;D;20040825;000000;1000.000000;1000.000000;1000.000000;1000.000000;0;0
DEPOSIT_RUONIA;D;20040826;000000;1000.000000;1000.000000;1000.000000;1000.000000;0;0
DEPOSIT_RUONIA;D;20040827;000000;1000.000000;1000.000000;1000.000000;1000.000000;0;0
DEPOSIT_RUONIA;D;20040830;000000;1000.000000;1000.000000;1000.000000;1000.000000;0;0
DEPOSIT_RUONIA;D;20040831;000000;1000.000000;1000.000000;1000.000000;1000.000000;0;0
DEPOSIT_RUONIA;D;20040901;000000;1000.000000;1000.000000;1000.000000;1000.000000;0;0
DEPOSIT_RUONIA;D;20040902;000000;1000.000000;1000.000000;1000.000000;1000.000000;0;0
DEPOSIT_RUONIA;D;20040903;000000;1000.000000;1000.000000;1000.000000;1000.000000;0;0
DEPOSIT_RUONIA;D;20040906;000000;1000.000000;1000.000000;1000.000000;1000.000000;0;0
DEPOSIT_RUONIA;D;20040907;000000;1000.000000;1000.000000;1000.000000;1000.000000;0;0
DEPOSIT_RUONIA;D;20040908;000000;1000.000000;1000.000000;1000.000000;1000.000000;0;0
DEPOSIT_RUONIA;D;20040909;000000;1000.000000;1000.000000;1000.000000;1000.000000;0;0
DEPOSIT_RUONIA;D;20040910;000000;1000.000000;1000.000000;1000.000000;1000.000000;0;0
DEPOSIT_RUONIA;D;20040913;000000;1000.000000;1000.000000;1000.000000;1000.000000;0;0
DEPOSIT_RUONIA;D;20040914;000000;1000.000000;1000.000000;1000.000000;1000.000000;0;0
DEPOSIT_RUONIA;D;20040915;000000;1000.000000;1000.000000;1000.000000;1000.000000;0;0
DEPOSIT_RUONIA;D;20040916;000000;1000.000000;1000.000000;1000.000000;1000.000000;0;0
DEPOSIT_RUONIA;D;20040917;000000;1000.000000;1000.000000;1000.000000;1000.000000;0;0
DEPOSIT_RUONIA;D;20040920;000000;1000.000000;1000.000000;1000.000000;1000.000000;0;0
DEPOSIT_RUONIA;D;20040921;000000;1000.000000;1000.000000;1000.000000;1000.000000;0;0
DEPOSIT_RUONIA;D;20040922;000000;1000.000000;1000.000000;1000.000000;1000.000000;0;0
DEPOSIT_RUONIA;D;20040923;000000;1000.000000;1000.000000;1000.000000;1000.000000;0;0
DEPOSIT_RUONIA;D;20040924;000000;1000.000000;1000.000000;1000.000000;1000.000000;0;0
DEPOSIT_RUONIA;D;20040927;000000;1000.000000;1000.000000;1000.000000;1000.000000;0;0
DEPOSIT_RUONIA;D;20040928;000000;1000.000000;1000.000000;1000.000000;1000.000000;0;0
DEPOSIT_RUONIA;D;20040929;000000;1000.000000;1000.000000;1000.000000;1000.000000;0;0
DEPOSIT_RUONIA;D;20040930;000000;1000.000000;1000.000000;1000.000000;1000.000000;0;0
DEPOSIT_RUONIA;D;20041001;000000;1000.000000;1000.000000;1000.000000;1000.000000;0;0
DEPOSIT_RUONIA;D;20041004;000000;1000.000000;1000.000000;1000.000000;1000.000000;0;0
DEPOSIT_RUONIA;D;20041005;000000;1000.000000;1000.000000;1000.000000;1000.000000;0;0
DEPOSIT_RUONIA;D;20041006;000000;1000.000000;1000.000000;1000.000000;1000.000000;0;0
DEPOSIT_RUONIA;D;20041007;000000;1000.000000;1000.000000;1000.000000;1000.000000;0;0
DEPOSIT_RUONIA;D;20041008;000000;1000.000000;1000.000000;1000.000000;1000.000000;0;0
DEPOSIT_RUONIA;D;20041011;000000;1000.000000;1000.000000;1000.000000;1000.000000;0;0
DEPOSIT_RUONIA;D;20041012;000000;1000.000000;1000.000000;1000.000000;1000.000000;0;0
DEPOSIT_RUONIA;D;20041013;000000;1000.000000;1000.000000;1000.000000;1000.000000;0;0
DEPOSIT_RUONIA;D;20041014;000000;1000.000000;1000.000000;1000.000000;1000.000000;0;0
DEPOSIT_RUONIA;D;20041015;000000;1000.000000;1000.000000;1000.000000;1000.000000;0;0
DEPOSIT_RUONIA;D;20041018;000000;1000.000000;1000.000000;1000.000000;1000.000000;0;0
DEPOSIT_RUONIA;D;20041019;000000;1000.000000;1000.000000;1000.000000;1000.000000;0;0
DEPOSIT_RUONIA;D;20041020;000000;1000.000000;1000.000000;1000.000000;1000.000000;0;0
DEPOSIT_RUONIA;D;20041021;000000;1000.000000;1000.000000;1000.000000;1000.000000;0;0
DEPOSIT_RUONIA;D;20041022;000000;1000.000000;1000.000000;1000.000000;1000.000000;0;0
DEPOSIT_RUONIA;D;20041025;000000;1000.000000;1000.000000;1000.000000;1000.000000;0;0
DEPOSIT_RUONIA;D;20041026;000000;1000.000000;1000.000000;1000.000000;1000.000000;0;0
DEPOSIT_RUONIA;D;20041027;000000;1000.000000;1000.000000;1000.000000;1000.000000;0;0
DEPOSIT_RUONIA;D;20041028;000000;1000.000000;1000.000000;1000.000000;1000.000000;0;0
DEPOSIT_RUONIA;D;20041029;000000;1000.000000;1000.000000;1000.000000;1000.000000;0;0
DEPOSIT_RUONIA;D;20041101;000000;1000.000000;1000.000000;1000.000000;1000.000000;0;0
DEPOSIT_RUONIA;D;20041102;000000;1000.000000;1000.000000;1000.000000;1000.000000;0;0
DEPOSIT_RUONIA;D;20041103;000000;1000.000000;1000.000000;1000.000000;1000.000000;0;0
DEPOSIT_RUONIA;D;20041104;000000;1000.000000;1000.000000;1000.000000;1000.000000;0;0
DEPOSIT_RUONIA;D;20041105;000000;1000.000000;1000.000000;1000.000000;1000.000000;0;0
DEPOSIT_RUONIA;D;20041109;000000;1000.000000;1000.000000;1000.000000;1000.000000;0;0
DEPOSIT_RUONIA;D;20041110;000000;1000.000000;1000.000000;1000.000000;1000.000000;0;0
DEPOSIT_RUONIA;D;20041111;000000;1000.000000;1000.000000;1000.000000;1000.000000;0;0
DEPOSIT_RUONIA;D;20041112;000000;1000.000000;1000.000000;1000.000000;1000.000000;0;0
DEPOSIT_RUONIA;D;20041115;000000;1000.000000;1000.000000;1000.000000;1000.000000;0;0
DEPOSIT_RUONIA;D;20041116;000000;1000.000000;1000.000000;1000.000000;1000.000000;0;0
DEPOSIT_RUONIA;D;20041117;000000;1000.000000;1000.000000;1000.000000;1000.000000;0;0
DEPOSIT_RUONIA;D;20041118;000000;1000.000000;1000.000000;1000.000000;1000.000000;0;0
DEPOSIT_RUONIA;D;20041119;000000;1000.000000;1000.000000;1000.000000;1000.000000;0;0
DEPOSIT_RUONIA;D;20041122;000000;1000.000000;1000.000000;1000.000000;1000.000000;0;0
DEPOSIT_RUONIA;D;20041123;000000;1000.000000;1000.000000;1000.000000;1000.000000;0;0
DEPOSIT_RUONIA;D;20041124;000000;1000.000000;1000.000000;1000.000000;1000.000000;0;0
DEPOSIT_RUONIA;D;20041125;000000;1000.000000;1000.000000;1000.000000;1000.000000;0;0
DEPOSIT_RUONIA;D;20041126;000000;1000.000000;1000.000000;1000.000000;1000.000000;0;0
DEPOSIT_RUONIA;D;20041129;000000;1000.000000;1000.000000;1000.000000;1000.000000;0;0
DEPOSIT_RUONIA;D;20041130;000000;1000.000000;1000.000000;1000.000000;1000.000000;0;0
DEPOSIT_RUONIA;D;20041201;000000;1000.000000;1000.000000;1000.000000;1000.000000;0;0
DEPOSIT_RUONIA;D;20041202;000000;1000.000000;1000.000000;1000.000000;1000.000000;0;0
DEPOSIT_RUONIA;D;20041203;000000;1000.000000;1000.000000;1000.000000;1000.000000;0;0
DEPOSIT_RUONIA;D;20041206;000000;1000.000000;1000.000000;1000.000000;1000.000000;0;0
DEPOSIT_RUONIA;D;20041207;000000;1000.000000;1000.000000;1000.000000;1000.000000;0;0
DEPOSIT_RUONIA;D;20041208;000000;1000.000000;1000.000000;1000.000000;1000.000000;0;0
DEPOSIT_RUONIA;D;20041209;000000;1000.000000;1000.000000;1000.000000;1000.000000;0;0
DEPOSIT_RUONIA;D;20041210;000000;1000.000000;1000.000000;1000.000000;1000.000000;0;0
DEPOSIT_RUONIA;D;20041214;000000;1000.000000;1000.000000;1000.000000;1000.000000;0;0
DEPOSIT_RUONIA;D;20041215;000000;1000.000000;1000.000000;1000.000000;1000.000000;0;0
DEPOSIT_RUONIA;D;20041216;000000;1000.000000;1000.000000;1000.000000;1000.000000;0;0
DEPOSIT_RUONIA;D;20041217;000000;1000.000000;1000.000000;1000.000000;1000.000000;0;0
DEPOSIT_RUONIA;D;20041220;000000;1000.000000;1000.000000;1000.000000;1000.000000;0;0
DEPOSIT_RUONIA;D;20041221;000000;1000.000000;1000.000000;1000.000000;1000.000000;0;0
DEPOSIT_RUONIA;D;20041222;000000;1000.000000;1000.000000;1000.000000;1000.000000;0;0
DEPOSIT_RUONIA;D;20041223;000000;1000.000000;1000.000000;1000.000000;1000.000000;0;0
DEPOSIT_RUONIA;D;20041224;000000;1000.000000;1000.000000;1000.000000;1000.000000;0;0
DEPOSIT_RUONIA;D;20041227;000000;1000.000000;1000.000000;1000.000000;1000.000000;0;0
DEPOSIT_RUONIA;D;20041228;000000;1000.000000;1000.000000;1000.000000;1000.000000;0;0
DEPOSIT_RUONIA;D;20041229;000000;1000.000000;1000.000000;1000.000000;1000.000000;0;0
DEPOSIT_RUONIA;D;20041230;000000;1000.000000;1000.000000;1000.000000;1000.000000;0;0
DEPOSIT_RUONIA;D;20050111;000000;1000.000000;1000.000000;1000.000000;1000.000000;0;0
DEPOSIT_RUONIA;D;20050112;000000;1000.000000;1000.000000;1000.000000;1000.000000;0;0
DEPOSIT_RUONIA;D;20050113;000000;1000.000000;1000.000000;1000.000000;1000.000000;0;0
DEPOSIT_RUONIA;D;20050114;000000;1000.000000;1000.000000;1000.000000;1000.000000;0;0
DEPOSIT_RUONIA;D;20050117;000000;1000.000000;1000.000000;1000.000000;1000.000000;0;0
DEPOSIT_RUONIA;D;20050118;000000;1000.000000;1000.000000;1000.000000;1000.000000;0;0
DEPOSIT_RUONIA;D;20050119;000000;1000.000000;1000.000000;1000.000000;1000.000000;0;0
DEPOSIT_RUONIA;D;20050120;000000;1000.000000;1000.000000;1000.000000;1000.000000;0;0
DEPOSIT_RUONIA;D;20050121;000000;1000.000000;1000.000000;1000.000000;1000.000000;0;0
DEPOSIT_RUONIA;D;20050124;000000;1000.000000;1000.000000;1000.000000;1000.000000;0;0
DEPOSIT_RUONIA;D;20050125;000000;1000.000000;1000.000000;1000.000000;1000.000000;0;0
DEPOSIT_RUONIA;D;20050126;000000;1000.000000;1000.000000;1000.000000;1000.000000;0;0
DEPOSIT_RUONIA;D;20050127;000000;1000.000000;1000.000000;1000.000000;1000.000000;0;0
DEPOSIT_RUONIA;D;20050128;000000;1000.000000;1000.000000;1000.000000;1000.000000;0;0
DEPOSIT_RUONIA;D;20050131;000000;1000.000000;1000.000000;1000.000000;1000.000000;0;0
DEPOSIT_RUONIA;D;20050201;000000;1000.000000;1000.000000;1000.000000;1000.000000;0;0
DEPOSIT_RUONIA;D;20050202;000000;1000.000000;1000.000000;1000.000000;1000.000000;0;0
DEPOSIT_RUONIA;D;20050203;000000;1000.000000;1000.000000;1000.000000;1000.000000;0;0
DEPOSIT_RUONIA;D;20050204;000000;1000.000000;1000.000000;1000.000000;1000.000000;0;0
DEPOSIT_RUONIA;D;20050207;000000;1000.000000;1000.000000;1000.000000;1000.000000;0;0
DEPOSIT_RUONIA;D;20050208;000000;1000.000000;1000.000000;1000.000000;1000.000000;0;0
DEPOSIT_RUONIA;D;20050209;000000;1000.000000;1000.000000;1000.000000;1000.000000;0;0
DEPOSIT_RUONIA;D;20050210;000000;1000.000000;1000.000000;1000.000000;1000.000000;0;0
DEPOSIT_RUONIA;D;20050211;000000;1000.000000;1000.000000;1000.000000;1000.000000;0;0
DEPOSIT_RUONIA;D;20050214;000000;1000.000000;1000.000000;1000.000000;1000.000000;0;0
DEPOSIT_RUONIA;D;20050215;000000;1000.000000;1000.000000;1000.000000;1000.000000;0;0
DEPOSIT_RUONIA;D;20050216;000000;1000.000000;1000.000000;1000.000000;1000.000000;0;0
DEPOSIT_RUONIA;D;20050217;000000;1000.000000;1000.000000;1000.000000;1000.000000;0;0
DEPOSIT_RUONIA;D;20050218;000000;1000.000000;1000.000000;1000.000000;1000.000000;0;0
DEPOSIT_RUONIA;D;20050221;000000;1000.000000;1000.000000;1000.000000;1000.000000;0;0
DEPOSIT_RUONIA;D;20050222;000000;1000.000000;1000.000000;1000.000000;1000.000000;0;0
DEPOSIT_RUONIA;D;20050224;000000;1000.000000;1000.000000;1000.000000;1000.000000;0;0
DEPOSIT_RUONIA;D;20050225;000000;1000.000000;1000.000000;1000.000000;1000.000000;0;0
DEPOSIT_RUONIA;D;20050228;000000;1000.000000;1000.000000;1000.000000;1000.000000;0;0
DEPOSIT_RUONIA;D;20050301;000000;1000.000000;1000.000000;1000.000000;1000.000000;0;0
DEPOSIT_RUONIA;D;20050302;000000;1000.000000;1000.000000;1000.000000;1000.000000;0;0
DEPOSIT_RUONIA;D;20050303;000000;1000.000000;1000.000000;1000.000000;1000.000000;0;0
DEPOSIT_RUONIA;D;20050304;000000;1000.000000;1000.000000;1000.000000;1000.000000;0;0
DEPOSIT_RUONIA;D;20050305;000000;1000.000000;1000.000000;1000.000000;1000.000000;0;0
DEPOSIT_RUONIA;D;20050309;000000;1000.000000;1000.000000;1000.000000;1000.000000;0;0
DEPOSIT_RUONIA;D;20050310;000000;1000.000000;1000.000000;1000.000000;1000.000000;0;0
DEPOSIT_RUONIA;D;20050311;000000;1000.000000;1000.000000;1000.000000;1000.000000;0;0
DEPOSIT_RUONIA;D;20050314;000000;1000.000000;1000.000000;1000.000000;1000.000000;0;0
DEPOSIT_RUONIA;D;20050315;000000;1000.000000;1000.000000;1000.000000;1000.000000;0;0
DEPOSIT_RUONIA;D;20050316;000000;1000.000000;1000.000000;1000.000000;1000.000000;0;0
DEPOSIT_RUONIA;D;20050317;000000;1000.000000;1000.000000;1000.000000;1000.000000;0;0
DEPOSIT_RUONIA;D;20050318;000000;1000.000000;1000.000000;1000.000000;1000.000000;0;0
DEPOSIT_RUONIA;D;20050321;000000;1000.000000;1000.000000;1000.000000;1000.000000;0;0
DEPOSIT_RUONIA;D;20050322;000000;1000.000000;1000.000000;1000.000000;1000.000000;0;0
DEPOSIT_RUONIA;D;20050323;000000;1000.000000;1000.000000;1000.000000;1000.000000;0;0
DEPOSIT_RUONIA;D;20050324;000000;1000.000000;1000.000000;1000.000000;1000.000000;0;0
DEPOSIT_RUONIA;D;20050325;000000;1000.000000;1000.000000;1000.000000;1000.000000;0;0
DEPOSIT_RUONIA;D;20050328;000000;1000.000000;1000.000000;1000.000000;1000.000000;0;0
DEPOSIT_RUONIA;D;20050329;000000;1000.000000;1000.000000;1000.000000;1000.000000;0;0
DEPOSIT_RUONIA;D;20050330;000000;1000.000000;1000.000000;1000.000000;1000.000000;0;0
DEPOSIT_RUONIA;D;20050331;000000;1000.000000;1000.000000;1000.000000;1000.000000;0;0
DEPOSIT_RUONIA;D;20050401;000000;1000.000000;1000.000000;1000.000000;1000.000000;0;0
DEPOSIT_RUONIA;D;20050404;000000;1000.000000;1000.000000;1000.000000;1000.000000;0;0
DEPOSIT_RUONIA;D;20050405;000000;1000.000000;1000.000000;1000.000000;1000.000000;0;0
DEPOSIT_RUONIA;D;20050406;000000;1000.000000;1000.000000;1000.000000;1000.000000;0;0
DEPOSIT_RUONIA;D;20050407;000000;1000.000000;1000.000000;1000.000000;1000.000000;0;0
DEPOSIT_RUONIA;D;20050408;000000;1000.000000;1000.000000;1000.000000;1000.000000;0;0
DEPOSIT_RUONIA;D;20050411;000000;1000.000000;1000.000000;1000.000000;1000.000000;0;0
DEPOSIT_RUONIA;D;20050412;000000;1000.000000;1000.000000;1000.000000;1000.000000;0;0
DEPOSIT_RUONIA;D;20050413;000000;1000.000000;1000.000000;1000.000000;1000.000000;0;0
DEPOSIT_RUONIA;D;20050414;000000;1000.000000;1000.000000;1000.000000;1000.000000;0;0
DEPOSIT_RUONIA;D;20050415;000000;1000.000000;1000.000000;1000.000000;1000.000000;0;0
DEPOSIT_RUONIA;D;20050418;000000;1000.000000;1000.000000;1000.000000;1000.000000;0;0
DEPOSIT_RUONIA;D;20050419;000000;1000.000000;1000.000000;1000.000000;1000.000000;0;0
DEPOSIT_RUONIA;D;20050420;000000;1000.000000;1000.000000;1000.000000;1000.000000;0;0
DEPOSIT_RUONIA;D;20050421;000000;1000.000000;1000.000000;1000.000000;1000.000000;0;0
DEPOSIT_RUONIA;D;20050422;000000;1000.000000;1000.000000;1000.000000;1000.000000;0;0
DEPOSIT_RUONIA;D;20050425;000000;1000.000000;1000.000000;1000.000000;1000.000000;0;0
DEPOSIT_RUONIA;D;20050426;000000;1000.000000;1000.000000;1000.000000;1000.000000;0;0
DEPOSIT_RUONIA;D;20050427;000000;1000.000000;1000.000000;1000.000000;1000.000000;0;0
DEPOSIT_RUONIA;D;20050428;000000;1000.000000;1000.000000;1000.000000;1000.000000;0;0
DEPOSIT_RUONIA;D;20050429;000000;1000.000000;1000.000000;1000.000000;1000.000000;0;0
DEPOSIT_RUONIA;D;20050503;000000;1000.000000;1000.000000;1000.000000;1000.000000;0;0
DEPOSIT_RUONIA;D;20050504;000000;1000.000000;1000.000000;1000.000000;1000.000000;0;0
DEPOSIT_RUONIA;D;20050505;000000;1000.000000;1000.000000;1000.000000;1000.000000;0;0
DEPOSIT_RUONIA;D;20050506;000000;1000.000000;1000.000000;1000.000000;1000.000000;0;0
DEPOSIT_RUONIA;D;20050511;000000;1000.000000;1000.000000;1000.000000;1000.000000;0;0
DEPOSIT_RUONIA;D;20050512;000000;1000.000000;1000.000000;1000.000000;1000.000000;0;0
DEPOSIT_RUONIA;D;20050513;000000;1000.000000;1000.000000;1000.000000;1000.000000;0;0
DEPOSIT_RUONIA;D;20050514;000000;1000.000000;1000.000000;1000.000000;1000.000000;0;0
DEPOSIT_RUONIA;D;20050516;000000;1000.000000;1000.000000;1000.000000;1000.000000;0;0
DEPOSIT_RUONIA;D;20050517;000000;1000.000000;1000.000000;1000.000000;1000.000000;0;0
DEPOSIT_RUONIA;D;20050518;000000;1000.000000;1000.000000;1000.000000;1000.000000;0;0
DEPOSIT_RUONIA;D;20050519;000000;1000.000000;1000.000000;1000.000000;1000.000000;0;0
DEPOSIT_RUONIA;D;20050520;000000;1000.000000;1000.000000;1000.000000;1000.000000;0;0
DEPOSIT_RUONIA;D;20050523;000000;1000.000000;1000.000000;1000.000000;1000.000000;0;0
DEPOSIT_RUONIA;D;20050524;000000;1000.000000;1000.000000;1000.000000;1000.000000;0;0
DEPOSIT_RUONIA;D;20050525;000000;1000.000000;1000.000000;1000.000000;1000.000000;0;0
DEPOSIT_RUONIA;D;20050526;000000;1000.000000;1000.000000;1000.000000;1000.000000;0;0
DEPOSIT_RUONIA;D;20050527;000000;1000.000000;1000.000000;1000.000000;1000.000000;0;0
DEPOSIT_RUONIA;D;20050530;000000;1000.000000;1000.000000;1000.000000;1000.000000;0;0
DEPOSIT_RUONIA;D;20050531;000000;1000.000000;1000.000000;1000.000000;1000.000000;0;0
DEPOSIT_RUONIA;D;20050601;000000;1000.000000;1000.000000;1000.000000;1000.000000;0;0
DEPOSIT_RUONIA;D;20050602;000000;1000.000000;1000.000000;1000.000000;1000.000000;0;0
DEPOSIT_RUONIA;D;20050603;000000;1000.000000;1000.000000;1000.000000;1000.000000;0;0
DEPOSIT_RUONIA;D;20050606;000000;1000.000000;1000.000000;1000.000000;1000.000000;0;0
DEPOSIT_RUONIA;D;20050607;000000;1000.000000;1000.000000;1000.000000;1000.000000;0;0
DEPOSIT_RUONIA;D;20050608;000000;1000.000000;1000.000000;1000.000000;1000.000000;0;0
DEPOSIT_RUONIA;D;20050609;000000;1000.000000;1000.000000;1000.000000;1000.000000;0;0
DEPOSIT_RUONIA;D;20050610;000000;1000.000000;1000.000000;1000.000000;1000.000000;0;0
DEPOSIT_RUONIA;D;20050614;000000;1000.000000;1000.000000;1000.000000;1000.000000;0;0
DEPOSIT_RUONIA;D;20050615;000000;1000.000000;1000.000000;1000.000000;1000.000000;0;0
DEPOSIT_RUONIA;D;20050616;000000;1000.000000;1000.000000;1000.000000;1000.000000;0;0
DEPOSIT_RUONIA;D;20050617;000000;1000.000000;1000.000000;1000.000000;1000.000000;0;0
DEPOSIT_RUONIA;D;20050620;000000;1000.000000;1000.000000;1000.000000;1000.000000;0;0
DEPOSIT_RUONIA;D;20050621;000000;1000.000000;1000.000000;1000.000000;1000.000000;0;0
DEPOSIT_RUONIA;D;20050622;000000;1000.000000;1000.000000;1000.000000;1000.000000;0;0
DEPOSIT_RUONIA;D;20050623;000000;1000.000000;1000.000000;1000.000000;1000.000000;0;0
DEPOSIT_RUONIA;D;20050624;000000;1000.000000;1000.000000;1000.000000;1000.000000;0;0
DEPOSIT_RUONIA;D;20050627;000000;1000.000000;1000.000000;1000.000000;1000.000000;0;0
DEPOSIT_RUONIA;D;20050628;000000;1000.000000;1000.000000;1000.000000;1000.000000;0;0
DEPOSIT_RUONIA;D;20050629;000000;1000.000000;1000.000000;1000.000000;1000.000000;0;0
DEPOSIT_RUONIA;D;20050630;000000;1000.000000;1000.000000;1000.000000;1000.000000;0;0
DEPOSIT_RUONIA;D;20050701;000000;1000.000000;1000.000000;1000.000000;1000.000000;0;0
DEPOSIT_RUONIA;D;20050704;000000;1000.000000;1000.000000;1000.000000;1000.000000;0;0
DEPOSIT_RUONIA;D;20050705;000000;1000.000000;1000.000000;1000.000000;1000.000000;0;0
DEPOSIT_RUONIA;D;20050706;000000;1000.000000;1000.000000;1000.000000;1000.000000;0;0
DEPOSIT_RUONIA;D;20050707;000000;1000.000000;1000.000000;1000.000000;1000.000000;0;0
DEPOSIT_RUONIA;D;20050708;000000;1000.000000;1000.000000;1000.000000;1000.000000;0;0
DEPOSIT_RUONIA;D;20050711;000000;1000.000000;1000.000000;1000.000000;1000.000000;0;0
DEPOSIT_RUONIA;D;20050712;000000;1000.000000;1000.000000;1000.000000;1000.000000;0;0
DEPOSIT_RUONIA;D;20050713;000000;1000.000000;1000.000000;1000.000000;1000.000000;0;0
DEPOSIT_RUONIA;D;20050714;000000;1000.000000;1000.000000;1000.000000;1000.000000;0;0
DEPOSIT_RUONIA;D;20050715;000000;1000.000000;1000.000000;1000.000000;1000.000000;0;0
DEPOSIT_RUONIA;D;20050718;000000;1000.000000;1000.000000;1000.000000;1000.000000;0;0
DEPOSIT_RUONIA;D;20050719;000000;1000.000000;1000.000000;1000.000000;1000.000000;0;0
DEPOSIT_RUONIA;D;20050720;000000;1000.000000;1000.000000;1000.000000;1000.000000;0;0
DEPOSIT_RUONIA;D;20050721;000000;1000.000000;1000.000000;1000.000000;1000.000000;0;0
DEPOSIT_RUONIA;D;20050722;000000;1000.000000;1000.000000;1000.000000;1000.000000;0;0
DEPOSIT_RUONIA;D;20050725;000000;1000.000000;1000.000000;1000.000000;1000.000000;0;0
DEPOSIT_RUONIA;D;20050726;000000;1000.000000;1000.000000;1000.000000;1000.000000;0;0
DEPOSIT_RUONIA;D;20050727;000000;1000.000000;1000.000000;1000.000000;1000.000000;0;0
DEPOSIT_RUONIA;D;20050728;000000;1000.000000;1000.000000;1000.000000;1000.000000;0;0
DEPOSIT_RUONIA;D;20050729;000000;1000.000000;1000.000000;1000.000000;1000.000000;0;0
DEPOSIT_RUONIA;D;20050801;000000;1000.000000;1000.000000;1000.000000;1000.000000;0;0
DEPOSIT_RUONIA;D;20050802;000000;1000.000000;1000.000000;1000.000000;1000.000000;0;0
DEPOSIT_RUONIA;D;20050803;000000;1000.000000;1000.000000;1000.000000;1000.000000;0;0
DEPOSIT_RUONIA;D;20050804;000000;1000.000000;1000.000000;1000.000000;1000.000000;0;0
DEPOSIT_RUONIA;D;20050805;000000;1000.000000;1000.000000;1000.000000;1000.000000;0;0
DEPOSIT_RUONIA;D;20050808;000000;1000.000000;1000.000000;1000.000000;1000.000000;0;0
DEPOSIT_RUONIA;D;20050809;000000;1000.000000;1000.000000;1000.000000;1000.000000;0;0
DEPOSIT_RUONIA;D;20050810;000000;1000.000000;1000.000000;1000.000000;1000.000000;0;0
DEPOSIT_RUONIA;D;20050811;000000;1000.000000;1000.000000;1000.000000;1000.000000;0;0
DEPOSIT_RUONIA;D;20050812;000000;1000.000000;1000.000000;1000.000000;1000.000000;0;0
DEPOSIT_RUONIA;D;20050815;000000;1000.000000;1000.000000;1000.000000;1000.000000;0;0
DEPOSIT_RUONIA;D;20050816;000000;1000.000000;1000.000000;1000.000000;1000.000000;0;0
DEPOSIT_RUONIA;D;20050817;000000;1000.000000;1000.000000;1000.000000;1000.000000;0;0
DEPOSIT_RUONIA;D;20050818;000000;1000.000000;1000.000000;1000.000000;1000.000000;0;0
DEPOSIT_RUONIA;D;20050819;000000;1000.000000;1000.000000;1000.000000;1000.000000;0;0
DEPOSIT_RUONIA;D;20050822;000000;1000.000000;1000.000000;1000.000000;1000.000000;0;0
DEPOSIT_RUONIA;D;20050823;000000;1000.000000;1000.000000;1000.000000;1000.000000;0;0
DEPOSIT_RUONIA;D;20050824;000000;1000.000000;1000.000000;1000.000000;1000.000000;0;0
DEPOSIT_RUONIA;D;20050825;000000;1000.000000;1000.000000;1000.000000;1000.000000;0;0
DEPOSIT_RUONIA;D;20050826;000000;1000.000000;1000.000000;1000.000000;1000.000000;0;0
DEPOSIT_RUONIA;D;20050829;000000;1000.000000;1000.000000;1000.000000;1000.000000;0;0
DEPOSIT_RUONIA;D;20050830;000000;1000.000000;1000.000000;1000.000000;1000.000000;0;0
DEPOSIT_RUONIA;D;20050831;000000;1000.000000;1000.000000;1000.000000;1000.000000;0;0
DEPOSIT_RUONIA;D;20050901;000000;1000.000000;1000.000000;1000.000000;1000.000000;0;0
DEPOSIT_RUONIA;D;20050902;000000;1000.000000;1000.000000;1000.000000;1000.000000;0;0
DEPOSIT_RUONIA;D;20050905;000000;1000.000000;1000.000000;1000.000000;1000.000000;0;0
DEPOSIT_RUONIA;D;20050906;000000;1000.000000;1000.000000;1000.000000;1000.000000;0;0
DEPOSIT_RUONIA;D;20050907;000000;1000.000000;1000.000000;1000.000000;1000.000000;0;0
DEPOSIT_RUONIA;D;20050908;000000;1000.000000;1000.000000;1000.000000;1000.000000;0;0
DEPOSIT_RUONIA;D;20050909;000000;1000.000000;1000.000000;1000.000000;1000.000000;0;0
DEPOSIT_RUONIA;D;20050912;000000;1000.000000;1000.000000;1000.000000;1000.000000;0;0
DEPOSIT_RUONIA;D;20050913;000000;1000.000000;1000.000000;1000.000000;1000.000000;0;0
DEPOSIT_RUONIA;D;20050914;000000;1000.000000;1000.000000;1000.000000;1000.000000;0;0
DEPOSIT_RUONIA;D;20050915;000000;1000.000000;1000.000000;1000.000000;1000.000000;0;0
DEPOSIT_RUONIA;D;20050916;000000;1000.000000;1000.000000;1000.000000;1000.000000;0;0
DEPOSIT_RUONIA;D;20050919;000000;1000.000000;1000.000000;1000.000000;1000.000000;0;0
DEPOSIT_RUONIA;D;20050920;000000;1000.000000;1000.000000;1000.000000;1000.000000;0;0
DEPOSIT_RUONIA;D;20050921;000000;1000.000000;1000.000000;1000.000000;1000.000000;0;0
DEPOSIT_RUONIA;D;20050922;000000;1000.000000;1000.000000;1000.000000;1000.000000;0;0
DEPOSIT_RUONIA;D;20050923;000000;1000.000000;1000.000000;1000.000000;1000.000000;0;0
DEPOSIT_RUONIA;D;20050926;000000;1000.000000;1000.000000;1000.000000;1000.000000;0;0
DEPOSIT_RUONIA;D;20050927;000000;1000.000000;1000.000000;1000.000000;1000.000000;0;0
DEPOSIT_RUONIA;D;20050928;000000;1000.000000;1000.000000;1000.000000;1000.000000;0;0
DEPOSIT_RUONIA;D;20050929;000000;1000.000000;1000.000000;1000.000000;1000.000000;0;0
DEPOSIT_RUONIA;D;20050930;000000;1000.000000;1000.000000;1000.000000;1000.000000;0;0
DEPOSIT_RUONIA;D;20051003;000000;1000.000000;1000.000000;1000.000000;1000.000000;0;0
DEPOSIT_RUONIA;D;20051004;000000;1000.000000;1000.000000;1000.000000;1000.000000;0;0
DEPOSIT_RUONIA;D;20051005;000000;1000.000000;1000.000000;1000.000000;1000.000000;0;0
DEPOSIT_RUONIA;D;20051006;000000;1000.000000;1000.000000;1000.000000;1000.000000;0;0
DEPOSIT_RUONIA;D;20051007;000000;1000.000000;1000.000000;1000.000000;1000.000000;0;0
DEPOSIT_RUONIA;D;20051010;000000;1000.000000;1000.000000;1000.000000;1000.000000;0;0
DEPOSIT_RUONIA;D;20051011;000000;1000.000000;1000.000000;1000.000000;1000.000000;0;0
DEPOSIT_RUONIA;D;20051012;000000;1000.000000;1000.000000;1000.000000;1000.000000;0;0
DEPOSIT_RUONIA;D;20051013;000000;1000.000000;1000.000000;1000.000000;1000.000000;0;0
DEPOSIT_RUONIA;D;20051014;000000;1000.000000;1000.000000;1000.000000;1000.000000;0;0
DEPOSIT_RUONIA;D;20051017;000000;1000.000000;1000.000000;1000.000000;1000.000000;0;0
DEPOSIT_RUONIA;D;20051018;000000;1000.000000;1000.000000;1000.000000;1000.000000;0;0
DEPOSIT_RUONIA;D;20051019;000000;1000.000000;1000.000000;1000.000000;1000.000000;0;0
DEPOSIT_RUONIA;D;20051020;000000;1000.000000;1000.000000;1000.000000;1000.000000;0;0
DEPOSIT_RUONIA;D;20051021;000000;1000.000000;1000.000000;1000.000000;1000.000000;0;0
DEPOSIT_RUONIA;D;20051024;000000;1000.000000;1000.000000;1000.000000;1000.000000;0;0
DEPOSIT_RUONIA;D;20051025;000000;1000.000000;1000.000000;1000.000000;1000.000000;0;0
DEPOSIT_RUONIA;D;20051026;000000;1000.000000;1000.000000;1000.000000;1000.000000;0;0
DEPOSIT_RUONIA;D;20051027;000000;1000.000000;1000.000000;1000.000000;1000.000000;0;0
DEPOSIT_RUONIA;D;20051028;000000;1000.000000;1000.000000;1000.000000;1000.000000;0;0
DEPOSIT_RUONIA;D;20051031;000000;1000.000000;1000.000000;1000.000000;1000.000000;0;0
DEPOSIT_RUONIA;D;20051101;000000;1000.000000;1000.000000;1000.000000;1000.000000;0;0
DEPOSIT_RUONIA;D;20051102;000000;1000.000000;1000.000000;1000.000000;1000.000000;0;0
DEPOSIT_RUONIA;D;20051103;000000;1000.000000;1000.000000;1000.000000;1000.000000;0;0
DEPOSIT_RUONIA;D;20051107;000000;1000.000000;1000.000000;1000.000000;1000.000000;0;0
DEPOSIT_RUONIA;D;20051108;000000;1000.000000;1000.000000;1000.000000;1000.000000;0;0
DEPOSIT_RUONIA;D;20051109;000000;1000.000000;1000.000000;1000.000000;1000.000000;0;0
DEPOSIT_RUONIA;D;20051110;000000;1000.000000;1000.000000;1000.000000;1000.000000;0;0
DEPOSIT_RUONIA;D;20051111;000000;1000.000000;1000.000000;1000.000000;1000.000000;0;0
DEPOSIT_RUONIA;D;20051114;000000;1000.000000;1000.000000;1000.000000;1000.000000;0;0
DEPOSIT_RUONIA;D;20051115;000000;1000.000000;1000.000000;1000.000000;1000.000000;0;0
DEPOSIT_RUONIA;D;20051116;000000;1000.000000;1000.000000;1000.000000;1000.000000;0;0
DEPOSIT_RUONIA;D;20051117;000000;1000.000000;1000.000000;1000.000000;1000.000000;0;0
DEPOSIT_RUONIA;D;20051118;000000;1000.000000;1000.000000;1000.000000;1000.000000;0;0
DEPOSIT_RUONIA;D;20051121;000000;1000.000000;1000.000000;1000.000000;1000.000000;0;0
DEPOSIT_RUONIA;D;20051122;000000;1000.000000;1000.000000;1000.000000;1000.000000;0;0
DEPOSIT_RUONIA;D;20051123;000000;1000.000000;1000.000000;1000.000000;1000.000000;0;0
DEPOSIT_RUONIA;D;20051124;000000;1000.000000;1000.000000;1000.000000;1000.000000;0;0
DEPOSIT_RUONIA;D;20051125;000000;1000.000000;1000.000000;1000.000000;1000.000000;0;0
DEPOSIT_RUONIA;D;20051128;000000;1000.000000;1000.000000;1000.000000;1000.000000;0;0
DEPOSIT_RUONIA;D;20051129;000000;1000.000000;1000.000000;1000.000000;1000.000000;0;0
DEPOSIT_RUONIA;D;20051130;000000;1000.000000;1000.000000;1000.000000;1000.000000;0;0
DEPOSIT_RUONIA;D;20051201;000000;1000.000000;1000.000000;1000.000000;1000.000000;0;0
DEPOSIT_RUONIA;D;20051202;000000;1000.000000;1000.000000;1000.000000;1000.000000;0;0
DEPOSIT_RUONIA;D;20051205;000000;1000.000000;1000.000000;1000.000000;1000.000000;0;0
DEPOSIT_RUONIA;D;20051206;000000;1000.000000;1000.000000;1000.000000;1000.000000;0;0
DEPOSIT_RUONIA;D;20051207;000000;1000.000000;1000.000000;1000.000000;1000.000000;0;0
DEPOSIT_RUONIA;D;20051208;000000;1000.000000;1000.000000;1000.000000;1000.000000;0;0
DEPOSIT_RUONIA;D;20051209;000000;1000.000000;1000.000000;1000.000000;1000.000000;0;0
DEPOSIT_RUONIA;D;20051212;000000;1000.000000;1000.000000;1000.000000;1000.000000;0;0
DEPOSIT_RUONIA;D;20051213;000000;1000.000000;1000.000000;1000.000000;1000.000000;0;0
DEPOSIT_RUONIA;D;20051214;000000;1000.000000;1000.000000;1000.000000;1000.000000;0;0
DEPOSIT_RUONIA;D;20051215;000000;1000.000000;1000.000000;1000.000000;1000.000000;0;0
DEPOSIT_RUONIA;D;20051216;000000;1000.000000;1000.000000;1000.000000;1000.000000;0;0
DEPOSIT_RUONIA;D;20051219;000000;1000.000000;1000.000000;1000.000000;1000.000000;0;0
DEPOSIT_RUONIA;D;20051220;000000;1000.000000;1000.000000;1000.000000;1000.000000;0;0
DEPOSIT_RUONIA;D;20051221;000000;1000.000000;1000.000000;1000.000000;1000.000000;0;0
DEPOSIT_RUONIA;D;20051222;000000;1000.000000;1000.000000;1000.000000;1000.000000;0;0
DEPOSIT_RUONIA;D;20051223;000000;1000.000000;1000.000000;1000.000000;1000.000000;0;0
DEPOSIT_RUONIA;D;20051226;000000;1000.000000;1000.000000;1000.000000;1000.000000;0;0
DEPOSIT_RUONIA;D;20051227;000000;1000.000000;1000.000000;1000.000000;1000.000000;0;0
DEPOSIT_RUONIA;D;20051228;000000;1000.000000;1000.000000;1000.000000;1000.000000;0;0
DEPOSIT_RUONIA;D;20051229;000000;1000.000000;1000.000000;1000.000000;1000.000000;0;0
DEPOSIT_RUONIA;D;20051230;000000;1000.000000;1000.000000;1000.000000;1000.000000;0;0
DEPOSIT_RUONIA;D;20060110;000000;1000.000000;1000.000000;1000.000000;1000.000000;0;0
DEPOSIT_RUONIA;D;20060111;000000;1000.000000;1000.000000;1000.000000;1000.000000;0;0
DEPOSIT_RUONIA;D;20060112;000000;1000.000000;1000.000000;1000.000000;1000.000000;0;0
DEPOSIT_RUONIA;D;20060113;000000;1000.000000;1000.000000;1000.000000;1000.000000;0;0
DEPOSIT_RUONIA;D;20060116;000000;1000.000000;1000.000000;1000.000000;1000.000000;0;0
DEPOSIT_RUONIA;D;20060117;000000;1000.000000;1000.000000;1000.000000;1000.000000;0;0
DEPOSIT_RUONIA;D;20060118;000000;1000.000000;1000.000000;1000.000000;1000.000000;0;0
DEPOSIT_RUONIA;D;20060119;000000;1000.000000;1000.000000;1000.000000;1000.000000;0;0
DEPOSIT_RUONIA;D;20060120;000000;1000.000000;1000.000000;1000.000000;1000.000000;0;0
DEPOSIT_RUONIA;D;20060123;000000;1000.000000;1000.000000;1000.000000;1000.000000;0;0
DEPOSIT_RUONIA;D;20060124;000000;1000.000000;1000.000000;1000.000000;1000.000000;0;0
DEPOSIT_RUONIA;D;20060125;000000;1000.000000;1000.000000;1000.000000;1000.000000;0;0
DEPOSIT_RUONIA;D;20060126;000000;1000.000000;1000.000000;1000.000000;1000.000000;0;0
DEPOSIT_RUONIA;D;20060127;000000;1000.000000;1000.000000;1000.000000;1000.000000;0;0
DEPOSIT_RUONIA;D;20060130;000000;1000.000000;1000.000000;1000.000000;1000.000000;0;0
DEPOSIT_RUONIA;D;20060131;000000;1000.000000;1000.000000;1000.000000;1000.000000;0;0
DEPOSIT_RUONIA;D;20060201;000000;1000.000000;1000.000000;1000.000000;1000.000000;0;0
DEPOSIT_RUONIA;D;20060202;000000;1000.000000;1000.000000;1000.000000;1000.000000;0;0
DEPOSIT_RUONIA;D;20060203;000000;1000.000000;1000.000000;1000.000000;1000.000000;0;0
DEPOSIT_RUONIA;D;20060206;000000;1000.000000;1000.000000;1000.000000;1000.000000;0;0
DEPOSIT_RUONIA;D;20060207;000000;1000.000000;1000.000000;1000.000000;1000.000000;0;0
DEPOSIT_RUONIA;D;20060208;000000;1000.000000;1000.000000;1000.000000;1000.000000;0;0
DEPOSIT_RUONIA;D;20060209;000000;1000.000000;1000.000000;1000.000000;1000.000000;0;0
DEPOSIT_RUONIA;D;20060210;000000;1000.000000;1000.000000;1000.000000;1000.000000;0;0
DEPOSIT_RUONIA;D;20060213;000000;1000.000000;1000.000000;1000.000000;1000.000000;0;0
DEPOSIT_RUONIA;D;20060214;000000;1000.000000;1000.000000;1000.000000;1000.000000;0;0
DEPOSIT_RUONIA;D;20060215;000000;1000.000000;1000.000000;1000.000000;1000.000000;0;0
DEPOSIT_RUONIA;D;20060216;000000;1000.000000;1000.000000;1000.000000;1000.000000;0;0
DEPOSIT_RUONIA;D;20060217;000000;1000.000000;1000.000000;1000.000000;1000.000000;0;0
DEPOSIT_RUONIA;D;20060220;000000;1000.000000;1000.000000;1000.000000;1000.000000;0;0
DEPOSIT_RUONIA;D;20060221;000000;1000.000000;1000.000000;1000.000000;1000.000000;0;0
DEPOSIT_RUONIA;D;20060222;000000;1000.000000;1000.000000;1000.000000;1000.000000;0;0
DEPOSIT_RUONIA;D;20060226;000000;1000.000000;1000.000000;1000.000000;1000.000000;0;0
DEPOSIT_RUONIA;D;20060227;000000;1000.000000;1000.000000;1000.000000;1000.000000;0;0
DEPOSIT_RUONIA;D;20060228;000000;1000.000000;1000.000000;1000.000000;1000.000000;0;0
DEPOSIT_RUONIA;D;20060301;000000;1000.000000;1000.000000;1000.000000;1000.000000;0;0
DEPOSIT_RUONIA;D;20060302;000000;1000.000000;1000.000000;1000.000000;1000.000000;0;0
DEPOSIT_RUONIA;D;20060303;000000;1000.000000;1000.000000;1000.000000;1000.000000;0;0
DEPOSIT_RUONIA;D;20060306;000000;1000.000000;1000.000000;1000.000000;1000.000000;0;0
DEPOSIT_RUONIA;D;20060307;000000;1000.000000;1000.000000;1000.000000;1000.000000;0;0
DEPOSIT_RUONIA;D;20060309;000000;1000.000000;1000.000000;1000.000000;1000.000000;0;0
DEPOSIT_RUONIA;D;20060310;000000;1000.000000;1000.000000;1000.000000;1000.000000;0;0
DEPOSIT_RUONIA;D;20060313;000000;1000.000000;1000.000000;1000.000000;1000.000000;0;0
DEPOSIT_RUONIA;D;20060314;000000;1000.000000;1000.000000;1000.000000;1000.000000;0;0
DEPOSIT_RUONIA;D;20060315;000000;1000.000000;1000.000000;1000.000000;1000.000000;0;0
DEPOSIT_RUONIA;D;20060316;000000;1000.000000;1000.000000;1000.000000;1000.000000;0;0
DEPOSIT_RUONIA;D;20060317;000000;1000.000000;1000.000000;1000.000000;1000.000000;0;0
DEPOSIT_RUONIA;D;20060320;000000;1000.000000;1000.000000;1000.000000;1000.000000;0;0
DEPOSIT_RUONIA;D;20060321;000000;1000.000000;1000.000000;1000.000000;1000.000000;0;0
DEPOSIT_RUONIA;D;20060322;000000;1000.000000;1000.000000;1000.000000;1000.000000;0;0
DEPOSIT_RUONIA;D;20060323;000000;1000.000000;1000.000000;1000.000000;1000.000000;0;0
DEPOSIT_RUONIA;D;20060324;000000;1000.000000;1000.000000;1000.000000;1000.000000;0;0
DEPOSIT_RUONIA;D;20060327;000000;1000.000000;1000.000000;1000.000000;1000.000000;0;0
DEPOSIT_RUONIA;D;20060328;000000;1000.000000;1000.000000;1000.000000;1000.000000;0;0
DEPOSIT_RUONIA;D;20060329;000000;1000.000000;1000.000000;1000.000000;1000.000000;0;0
DEPOSIT_RUONIA;D;20060330;000000;1000.000000;1000.000000;1000.000000;1000.000000;0;0
DEPOSIT_RUONIA;D;20060331;000000;1000.000000;1000.000000;1000.000000;1000.000000;0;0
DEPOSIT_RUONIA;D;20060403;000000;1000.000000;1000.000000;1000.000000;1000.000000;0;0
DEPOSIT_RUONIA;D;20060404;000000;1000.000000;1000.000000;1000.000000;1000.000000;0;0
DEPOSIT_RUONIA;D;20060405;000000;1000.000000;1000.000000;1000.000000;1000.000000;0;0
DEPOSIT_RUONIA;D;20060406;000000;1000.000000;1000.000000;1000.000000;1000.000000;0;0
DEPOSIT_RUONIA;D;20060407;000000;1000.000000;1000.000000;1000.000000;1000.000000;0;0
DEPOSIT_RUONIA;D;20060410;000000;1000.000000;1000.000000;1000.000000;1000.000000;0;0
DEPOSIT_RUONIA;D;20060411;000000;1000.000000;1000.000000;1000.000000;1000.000000;0;0
DEPOSIT_RUONIA;D;20060412;000000;1000.000000;1000.000000;1000.000000;1000.000000;0;0
DEPOSIT_RUONIA;D;20060413;000000;1000.000000;1000.000000;1000.000000;1000.000000;0;0
DEPOSIT_RUONIA;D;20060414;000000;1000.000000;1000.000000;1000.000000;1000.000000;0;0
DEPOSIT_RUONIA;D;20060417;000000;1000.000000;1000.000000;1000.000000;1000.000000;0;0
DEPOSIT_RUONIA;D;20060418;000000;1000.000000;1000.000000;1000.000000;1000.000000;0;0
DEPOSIT_RUONIA;D;20060419;000000;1000.000000;1000.000000;1000.000000;1000.000000;0;0
DEPOSIT_RUONIA;D;20060420;000000;1000.000000;1000.000000;1000.000000;1000.000000;0;0
DEPOSIT_RUONIA;D;20060421;000000;1000.000000;1000.000000;1000.000000;1000.000000;0;0
DEPOSIT_RUONIA;D;20060424;000000;1000.000000;1000.000000;1000.000000;1000.000000;0;0
DEPOSIT_RUONIA;D;20060425;000000;1000.000000;1000.000000;1000.000000;1000.000000;0;0
DEPOSIT_RUONIA;D;20060426;000000;1000.000000;1000.000000;1000.000000;1000.000000;0;0
DEPOSIT_RUONIA;D;20060427;000000;1000.000000;1000.000000;1000.000000;1000.000000;0;0
DEPOSIT_RUONIA;D;20060428;000000;1000.000000;1000.000000;1000.000000;1000.000000;0;0
DEPOSIT_RUONIA;D;20060502;000000;1000.000000;1000.000000;1000.000000;1000.000000;0;0
DEPOSIT_RUONIA;D;20060503;000000;1000.000000;1000.000000;1000.000000;1000.000000;0;0
DEPOSIT_RUONIA;D;20060504;000000;1000.000000;1000.000000;1000.000000;1000.000000;0;0
DEPOSIT_RUONIA;D;20060505;000000;1000.000000;1000.000000;1000.000000;1000.000000;0;0
DEPOSIT_RUONIA;D;20060506;000000;1000.000000;1000.000000;1000.000000;1000.000000;0;0
DEPOSIT_RUONIA;D;20060510;000000;1000.000000;1000.000000;1000.000000;1000.000000;0;0
DEPOSIT_RUONIA;D;20060511;000000;1000.000000;1000.000000;1000.000000;1000.000000;0;0
DEPOSIT_RUONIA;D;20060512;000000;1000.000000;1000.000000;1000.000000;1000.000000;0;0
DEPOSIT_RUONIA;D;20060515;000000;1000.000000;1000.000000;1000.000000;1000.000000;0;0
DEPOSIT_RUONIA;D;20060516;000000;1000.000000;1000.000000;1000.000000;1000.000000;0;0
DEPOSIT_RUONIA;D;20060517;000000;1000.000000;1000.000000;1000.000000;1000.000000;0;0
DEPOSIT_RUONIA;D;20060518;000000;1000.000000;1000.000000;1000.000000;1000.000000;0;0
DEPOSIT_RUONIA;D;20060519;000000;1000.000000;1000.000000;1000.000000;1000.000000;0;0
DEPOSIT_RUONIA;D;20060522;000000;1000.000000;1000.000000;1000.000000;1000.000000;0;0
DEPOSIT_RUONIA;D;20060523;000000;1000.000000;1000.000000;1000.000000;1000.000000;0;0
DEPOSIT_RUONIA;D;20060524;000000;1000.000000;1000.000000;1000.000000;1000.000000;0;0
DEPOSIT_RUONIA;D;20060525;000000;1000.000000;1000.000000;1000.000000;1000.000000;0;0
DEPOSIT_RUONIA;D;20060526;000000;1000.000000;1000.000000;1000.000000;1000.000000;0;0
DEPOSIT_RUONIA;D;20060529;000000;1000.000000;1000.000000;1000.000000;1000.000000;0;0
DEPOSIT_RUONIA;D;20060530;000000;1000.000000;1000.000000;1000.000000;1000.000000;0;0
DEPOSIT_RUONIA;D;20060531;000000;1000.000000;1000.000000;1000.000000;1000.000000;0;0
DEPOSIT_RUONIA;D;20060601;000000;1000.000000;1000.000000;1000.000000;1000.000000;0;0
DEPOSIT_RUONIA;D;20060602;000000;1000.000000;1000.000000;1000.000000;1000.000000;0;0
DEPOSIT_RUONIA;D;20060605;000000;1000.000000;1000.000000;1000.000000;1000.000000;0;0
DEPOSIT_RUONIA;D;20060606;000000;1000.000000;1000.000000;1000.000000;1000.000000;0;0
DEPOSIT_RUONIA;D;20060607;000000;1000.000000;1000.000000;1000.000000;1000.000000;0;0
DEPOSIT_RUONIA;D;20060608;000000;1000.000000;1000.000000;1000.000000;1000.000000;0;0
DEPOSIT_RUONIA;D;20060609;000000;1000.000000;1000.000000;1000.000000;1000.000000;0;0
DEPOSIT_RUONIA;D;20060613;000000;1000.000000;1000.000000;1000.000000;1000.000000;0;0
DEPOSIT_RUONIA;D;20060614;000000;1000.000000;1000.000000;1000.000000;1000.000000;0;0
DEPOSIT_RUONIA;D;20060615;000000;1000.000000;1000.000000;1000.000000;1000.000000;0;0
DEPOSIT_RUONIA;D;20060616;000000;1000.000000;1000.000000;1000.000000;1000.000000;0;0
DEPOSIT_RUONIA;D;20060619;000000;1000.000000;1000.000000;1000.000000;1000.000000;0;0
DEPOSIT_RUONIA;D;20060620;000000;1000.000000;1000.000000;1000.000000;1000.000000;0;0
DEPOSIT_RUONIA;D;20060621;000000;1000.000000;1000.000000;1000.000000;1000.000000;0;0
DEPOSIT_RUONIA;D;20060622;000000;1000.000000;1000.000000;1000.000000;1000.000000;0;0
DEPOSIT_RUONIA;D;20060623;000000;1000.000000;1000.000000;1000.000000;1000.000000;0;0
DEPOSIT_RUONIA;D;20060626;000000;1000.000000;1000.000000;1000.000000;1000.000000;0;0
DEPOSIT_RUONIA;D;20060627;000000;1000.000000;1000.000000;1000.000000;1000.000000;0;0
DEPOSIT_RUONIA;D;20060628;000000;1000.000000;1000.000000;1000.000000;1000.000000;0;0
DEPOSIT_RUONIA;D;20060629;000000;1000.000000;1000.000000;1000.000000;1000.000000;0;0
DEPOSIT_RUONIA;D;20060630;000000;1000.000000;1000.000000;1000.000000;1000.000000;0;0
DEPOSIT_RUONIA;D;20060703;000000;1000.000000;1000.000000;1000.000000;1000.000000;0;0
DEPOSIT_RUONIA;D;20060704;000000;1000.000000;1000.000000;1000.000000;1000.000000;0;0
DEPOSIT_RUONIA;D;20060705;000000;1000.000000;1000.000000;1000.000000;1000.000000;0;0
DEPOSIT_RUONIA;D;20060706;000000;1000.000000;1000.000000;1000.000000;1000.000000;0;0
DEPOSIT_RUONIA;D;20060707;000000;1000.000000;1000.000000;1000.000000;1000.000000;0;0
DEPOSIT_RUONIA;D;20060710;000000;1000.000000;1000.000000;1000.000000;1000.000000;0;0
DEPOSIT_RUONIA;D;20060711;000000;1000.000000;1000.000000;1000.000000;1000.000000;0;0
DEPOSIT_RUONIA;D;20060712;000000;1000.000000;1000.000000;1000.000000;1000.000000;0;0
DEPOSIT_RUONIA;D;20060713;000000;1000.000000;1000.000000;1000.000000;1000.000000;0;0
DEPOSIT_RUONIA;D;20060714;000000;1000.000000;1000.000000;1000.000000;1000.000000;0;0
DEPOSIT_RUONIA;D;20060717;000000;1000.000000;1000.000000;1000.000000;1000.000000;0;0
DEPOSIT_RUONIA;D;20060718;000000;1000.000000;1000.000000;1000.000000;1000.000000;0;0
DEPOSIT_RUONIA;D;20060719;000000;1000.000000;1000.000000;1000.000000;1000.000000;0;0
DEPOSIT_RUONIA;D;20060720;000000;1000.000000;1000.000000;1000.000000;1000.000000;0;0
DEPOSIT_RUONIA;D;20060721;000000;1000.000000;1000.000000;1000.000000;1000.000000;0;0
DEPOSIT_RUONIA;D;20060724;000000;1000.000000;1000.000000;1000.000000;1000.000000;0;0
DEPOSIT_RUONIA;D;20060725;000000;1000.000000;1000.000000;1000.000000;1000.000000;0;0
DEPOSIT_RUONIA;D;20060726;000000;1000.000000;1000.000000;1000.000000;1000.000000;0;0
DEPOSIT_RUONIA;D;20060727;000000;1000.000000;1000.000000;1000.000000;1000.000000;0;0
DEPOSIT_RUONIA;D;20060728;000000;1000.000000;1000.000000;1000.000000;1000.000000;0;0
DEPOSIT_RUONIA;D;20060731;000000;1000.000000;1000.000000;1000.000000;1000.000000;0;0
DEPOSIT_RUONIA;D;20060801;000000;1000.000000;1000.000000;1000.000000;1000.000000;0;0
DEPOSIT_RUONIA;D;20060802;000000;1000.000000;1000.000000;1000.000000;1000.000000;0;0
DEPOSIT_RUONIA;D;20060803;000000;1000.000000;1000.000000;1000.000000;1000.000000;0;0
DEPOSIT_RUONIA;D;20060804;000000;1000.000000;1000.000000;1000.000000;1000.000000;0;0
DEPOSIT_RUONIA;D;20060807;000000;1000.000000;1000.000000;1000.000000;1000.000000;0;0
DEPOSIT_RUONIA;D;20060808;000000;1000.000000;1000.000000;1000.000000;1000.000000;0;0
DEPOSIT_RUONIA;D;20060809;000000;1000.000000;1000.000000;1000.000000;1000.000000;0;0
DEPOSIT_RUONIA;D;20060810;000000;1000.000000;1000.000000;1000.000000;1000.000000;0;0
DEPOSIT_RUONIA;D;20060811;000000;1000.000000;1000.000000;1000.000000;1000.000000;0;0
DEPOSIT_RUONIA;D;20060814;000000;1000.000000;1000.000000;1000.000000;1000.000000;0;0
DEPOSIT_RUONIA;D;20060815;000000;1000.000000;1000.000000;1000.000000;1000.000000;0;0
DEPOSIT_RUONIA;D;20060816;000000;1000.000000;1000.000000;1000.000000;1000.000000;0;0
DEPOSIT_RUONIA;D;20060817;000000;1000.000000;1000.000000;1000.000000;1000.000000;0;0
DEPOSIT_RUONIA;D;20060818;000000;1000.000000;1000.000000;1000.000000;1000.000000;0;0
DEPOSIT_RUONIA;D;20060821;000000;1000.000000;1000.000000;1000.000000;1000.000000;0;0
DEPOSIT_RUONIA;D;20060822;000000;1000.000000;1000.000000;1000.000000;1000.000000;0;0
DEPOSIT_RUONIA;D;20060823;000000;1000.000000;1000.000000;1000.000000;1000.000000;0;0
DEPOSIT_RUONIA;D;20060824;000000;1000.000000;1000.000000;1000.000000;1000.000000;0;0
DEPOSIT_RUONIA;D;20060825;000000;1000.000000;1000.000000;1000.000000;1000.000000;0;0
DEPOSIT_RUONIA;D;20060828;000000;1000.000000;1000.000000;1000.000000;1000.000000;0;0
DEPOSIT_RUONIA;D;20060829;000000;1000.000000;1000.000000;1000.000000;1000.000000;0;0
DEPOSIT_RUONIA;D;20060830;000000;1000.000000;1000.000000;1000.000000;1000.000000;0;0
DEPOSIT_RUONIA;D;20060831;000000;1000.000000;1000.000000;1000.000000;1000.000000;0;0
DEPOSIT_RUONIA;D;20060901;000000;1000.000000;1000.000000;1000.000000;1000.000000;0;0
DEPOSIT_RUONIA;D;20060904;000000;1000.000000;1000.000000;1000.000000;1000.000000;0;0
DEPOSIT_RUONIA;D;20060905;000000;1000.000000;1000.000000;1000.000000;1000.000000;0;0
DEPOSIT_RUONIA;D;20060906;000000;1000.000000;1000.000000;1000.000000;1000.000000;0;0
DEPOSIT_RUONIA;D;20060907;000000;1000.000000;1000.000000;1000.000000;1000.000000;0;0
DEPOSIT_RUONIA;D;20060908;000000;1000.000000;1000.000000;1000.000000;1000.000000;0;0
DEPOSIT_RUONIA;D;20060911;000000;1000.000000;1000.000000;1000.000000;1000.000000;0;0
DEPOSIT_RUONIA;D;20060912;000000;1000.000000;1000.000000;1000.000000;1000.000000;0;0
DEPOSIT_RUONIA;D;20060913;000000;1000.000000;1000.000000;1000.000000;1000.000000;0;0
DEPOSIT_RUONIA;D;20060914;000000;1000.000000;1000.000000;1000.000000;1000.000000;0;0
DEPOSIT_RUONIA;D;20060915;000000;1000.000000;1000.000000;1000.000000;1000.000000;0;0
DEPOSIT_RUONIA;D;20060918;000000;1000.000000;1000.000000;1000.000000;1000.000000;0;0
DEPOSIT_RUONIA;D;20060919;000000;1000.000000;1000.000000;1000.000000;1000.000000;0;0
DEPOSIT_RUONIA;D;20060920;000000;1000.000000;1000.000000;1000.000000;1000.000000;0;0
DEPOSIT_RUONIA;D;20060921;000000;1000.000000;1000.000000;1000.000000;1000.000000;0;0
DEPOSIT_RUONIA;D;20060922;000000;1000.000000;1000.000000;1000.000000;1000.000000;0;0
DEPOSIT_RUONIA;D;20060925;000000;1000.000000;1000.000000;1000.000000;1000.000000;0;0
DEPOSIT_RUONIA;D;20060926;000000;1000.000000;1000.000000;1000.000000;1000.000000;0;0
DEPOSIT_RUONIA;D;20060927;000000;1000.000000;1000.000000;1000.000000;1000.000000;0;0
DEPOSIT_RUONIA;D;20060928;000000;1000.000000;1000.000000;1000.000000;1000.000000;0;0
DEPOSIT_RUONIA;D;20060929;000000;1000.000000;1000.000000;1000.000000;1000.000000;0;0
DEPOSIT_RUONIA;D;20061002;000000;1000.000000;1000.000000;1000.000000;1000.000000;0;0
DEPOSIT_RUONIA;D;20061003;000000;1000.000000;1000.000000;1000.000000;1000.000000;0;0
DEPOSIT_RUONIA;D;20061004;000000;1000.000000;1000.000000;1000.000000;1000.000000;0;0
DEPOSIT_RUONIA;D;20061005;000000;1000.000000;1000.000000;1000.000000;1000.000000;0;0
DEPOSIT_RUONIA;D;20061006;000000;1000.000000;1000.000000;1000.000000;1000.000000;0;0
DEPOSIT_RUONIA;D;20061009;000000;1000.000000;1000.000000;1000.000000;1000.000000;0;0
DEPOSIT_RUONIA;D;20061010;000000;1000.000000;1000.000000;1000.000000;1000.000000;0;0
DEPOSIT_RUONIA;D;20061011;000000;1000.000000;1000.000000;1000.000000;1000.000000;0;0
DEPOSIT_RUONIA;D;20061012;000000;1000.000000;1000.000000;1000.000000;1000.000000;0;0
DEPOSIT_RUONIA;D;20061013;000000;1000.000000;1000.000000;1000.000000;1000.000000;0;0
DEPOSIT_RUONIA;D;20061016;000000;1000.000000;1000.000000;1000.000000;1000.000000;0;0
DEPOSIT_RUONIA;D;20061017;000000;1000.000000;1000.000000;1000.000000;1000.000000;0;0
DEPOSIT_RUONIA;D;20061018;000000;1000.000000;1000.000000;1000.000000;1000.000000;0;0
DEPOSIT_RUONIA;D;20061019;000000;1000.000000;1000.000000;1000.000000;1000.000000;0;0
DEPOSIT_RUONIA;D;20061020;000000;1000.000000;1000.000000;1000.000000;1000.000000;0;0
DEPOSIT_RUONIA;D;20061023;000000;1000.000000;1000.000000;1000.000000;1000.000000;0;0
DEPOSIT_RUONIA;D;20061024;000000;1000.000000;1000.000000;1000.000000;1000.000000;0;0
DEPOSIT_RUONIA;D;20061025;000000;1000.000000;1000.000000;1000.000000;1000.000000;0;0
DEPOSIT_RUONIA;D;20061026;000000;1000.000000;1000.000000;1000.000000;1000.000000;0;0
DEPOSIT_RUONIA;D;20061027;000000;1000.000000;1000.000000;1000.000000;1000.000000;0;0
DEPOSIT_RUONIA;D;20061030;000000;1000.000000;1000.000000;1000.000000;1000.000000;0;0
DEPOSIT_RUONIA;D;20061031;000000;1000.000000;1000.000000;1000.000000;1000.000000;0;0
DEPOSIT_RUONIA;D;20061101;000000;1000.000000;1000.000000;1000.000000;1000.000000;0;0
DEPOSIT_RUONIA;D;20061102;000000;1000.000000;1000.000000;1000.000000;1000.000000;0;0
DEPOSIT_RUONIA;D;20061103;000000;1000.000000;1000.000000;1000.000000;1000.000000;0;0
DEPOSIT_RUONIA;D;20061107;000000;1000.000000;1000.000000;1000.000000;1000.000000;0;0
DEPOSIT_RUONIA;D;20061108;000000;1000.000000;1000.000000;1000.000000;1000.000000;0;0
DEPOSIT_RUONIA;D;20061109;000000;1000.000000;1000.000000;1000.000000;1000.000000;0;0
DEPOSIT_RUONIA;D;20061110;000000;1000.000000;1000.000000;1000.000000;1000.000000;0;0
DEPOSIT_RUONIA;D;20061113;000000;1000.000000;1000.000000;1000.000000;1000.000000;0;0
DEPOSIT_RUONIA;D;20061114;000000;1000.000000;1000.000000;1000.000000;1000.000000;0;0
DEPOSIT_RUONIA;D;20061115;000000;1000.000000;1000.000000;1000.000000;1000.000000;0;0
DEPOSIT_RUONIA;D;20061116;000000;1000.000000;1000.000000;1000.000000;1000.000000;0;0
DEPOSIT_RUONIA;D;20061117;000000;1000.000000;1000.000000;1000.000000;1000.000000;0;0
DEPOSIT_RUONIA;D;20061120;000000;1000.000000;1000.000000;1000.000000;1000.000000;0;0
DEPOSIT_RUONIA;D;20061121;000000;1000.000000;1000.000000;1000.000000;1000.000000;0;0
DEPOSIT_RUONIA;D;20061122;000000;1000.000000;1000.000000;1000.000000;1000.000000;0;0
DEPOSIT_RUONIA;D;20061123;000000;1000.000000;1000.000000;1000.000000;1000.000000;0;0
DEPOSIT_RUONIA;D;20061124;000000;1000.000000;1000.000000;1000.000000;1000.000000;0;0
DEPOSIT_RUONIA;D;20061127;000000;1000.000000;1000.000000;1000.000000;1000.000000;0;0
DEPOSIT_RUONIA;D;20061128;000000;1000.000000;1000.000000;1000.000000;1000.000000;0;0
DEPOSIT_RUONIA;D;20061129;000000;1000.000000;1000.000000;1000.000000;1000.000000;0;0
DEPOSIT_RUONIA;D;20061130;000000;1000.000000;1000.000000;1000.000000;1000.000000;0;0
DEPOSIT_RUONIA;D;20061201;000000;1000.000000;1000.000000;1000.000000;1000.000000;0;0
DEPOSIT_RUONIA;D;20061204;000000;1000.000000;1000.000000;1000.000000;1000.000000;0;0
DEPOSIT_RUONIA;D;20061205;000000;1000.000000;1000.000000;1000.000000;1000.000000;0;0
DEPOSIT_RUONIA;D;20061206;000000;1000.000000;1000.000000;1000.000000;1000.000000;0;0
DEPOSIT_RUONIA;D;20061207;000000;1000.000000;1000.000000;1000.000000;1000.000000;0;0
DEPOSIT_RUONIA;D;20061208;000000;1000.000000;1000.000000;1000.000000;1000.000000;0;0
DEPOSIT_RUONIA;D;20061211;000000;1000.000000;1000.000000;1000.000000;1000.000000;0;0
DEPOSIT_RUONIA;D;20061212;000000;1000.000000;1000.000000;1000.000000;1000.000000;0;0
DEPOSIT_RUONIA;D;20061213;000000;1000.000000;1000.000000;1000.000000;1000.000000;0;0
DEPOSIT_RUONIA;D;20061214;000000;1000.000000;1000.000000;1000.000000;1000.000000;0;0
DEPOSIT_RUONIA;D;20061215;000000;1000.000000;1000.000000;1000.000000;1000.000000;0;0
DEPOSIT_RUONIA;D;20061218;000000;1000.000000;1000.000000;1000.000000;1000.000000;0;0
DEPOSIT_RUONIA;D;20061219;000000;1000.000000;1000.000000;1000.000000;1000.000000;0;0
DEPOSIT_RUONIA;D;20061220;000000;1000.000000;1000.000000;1000.000000;1000.000000;0;0
DEPOSIT_RUONIA;D;20061221;000000;1000.000000;1000.000000;1000.000000;1000.000000;0;0
DEPOSIT_RUONIA;D;20061222;000000;1000.000000;1000.000000;1000.000000;1000.000000;0;0
DEPOSIT_RUONIA;D;20061225;000000;1000.000000;1000.000000;1000.000000;1000.000000;0;0
DEPOSIT_RUONIA;D;20061226;000000;1000.000000;1000.000000;1000.000000;1000.000000;0;0
DEPOSIT_RUONIA;D;20061227;000000;1000.000000;1000.000000;1000.000000;1000.000000;0;0
DEPOSIT_RUONIA;D;20061228;000000;1000.000000;1000.000000;1000.000000;1000.000000;0;0
DEPOSIT_RUONIA;D;20061229;000000;1000.000000;1000.000000;1000.000000;1000.000000;0;0
DEPOSIT_RUONIA;D;20070109;000000;1000.000000;1000.000000;1000.000000;1000.000000;0;0
DEPOSIT_RUONIA;D;20070110;000000;1000.000000;1000.000000;1000.000000;1000.000000;0;0
DEPOSIT_RUONIA;D;20070111;000000;1000.000000;1000.000000;1000.000000;1000.000000;0;0
DEPOSIT_RUONIA;D;20070112;000000;1000.000000;1000.000000;1000.000000;1000.000000;0;0
DEPOSIT_RUONIA;D;20070115;000000;1000.000000;1000.000000;1000.000000;1000.000000;0;0
DEPOSIT_RUONIA;D;20070116;000000;1000.000000;1000.000000;1000.000000;1000.000000;0;0
DEPOSIT_RUONIA;D;20070117;000000;1000.000000;1000.000000;1000.000000;1000.000000;0;0
DEPOSIT_RUONIA;D;20070118;000000;1000.000000;1000.000000;1000.000000;1000.000000;0;0
DEPOSIT_RUONIA;D;20070119;000000;1000.000000;1000.000000;1000.000000;1000.000000;0;0
DEPOSIT_RUONIA;D;20070122;000000;1000.000000;1000.000000;1000.000000;1000.000000;0;0
DEPOSIT_RUONIA;D;20070123;000000;1000.000000;1000.000000;1000.000000;1000.000000;0;0
DEPOSIT_RUONIA;D;20070124;000000;1000.000000;1000.000000;1000.000000;1000.000000;0;0
DEPOSIT_RUONIA;D;20070125;000000;1000.000000;1000.000000;1000.000000;1000.000000;0;0
DEPOSIT_RUONIA;D;20070126;000000;1000.000000;1000.000000;1000.000000;1000.000000;0;0
DEPOSIT_RUONIA;D;20070129;000000;1000.000000;1000.000000;1000.000000;1000.000000;0;0
DEPOSIT_RUONIA;D;20070130;000000;1000.000000;1000.000000;1000.000000;1000.000000;0;0
DEPOSIT_RUONIA;D;20070131;000000;1000.000000;1000.000000;1000.000000;1000.000000;0;0
DEPOSIT_RUONIA;D;20070201;000000;1000.000000;1000.000000;1000.000000;1000.000000;0;0
DEPOSIT_RUONIA;D;20070202;000000;1000.000000;1000.000000;1000.000000;1000.000000;0;0
DEPOSIT_RUONIA;D;20070205;000000;1000.000000;1000.000000;1000.000000;1000.000000;0;0
DEPOSIT_RUONIA;D;20070206;000000;1000.000000;1000.000000;1000.000000;1000.000000;0;0
DEPOSIT_RUONIA;D;20070207;000000;1000.000000;1000.000000;1000.000000;1000.000000;0;0
DEPOSIT_RUONIA;D;20070208;000000;1000.000000;1000.000000;1000.000000;1000.000000;0;0
DEPOSIT_RUONIA;D;20070209;000000;1000.000000;1000.000000;1000.000000;1000.000000;0;0
DEPOSIT_RUONIA;D;20070212;000000;1000.000000;1000.000000;1000.000000;1000.000000;0;0
DEPOSIT_RUONIA;D;20070213;000000;1000.000000;1000.000000;1000.000000;1000.000000;0;0
DEPOSIT_RUONIA;D;20070214;000000;1000.000000;1000.000000;1000.000000;1000.000000;0;0
DEPOSIT_RUONIA;D;20070215;000000;1000.000000;1000.000000;1000.000000;1000.000000;0;0
DEPOSIT_RUONIA;D;20070216;000000;1000.000000;1000.000000;1000.000000;1000.000000;0;0
DEPOSIT_RUONIA;D;20070219;000000;1000.000000;1000.000000;1000.000000;1000.000000;0;0
DEPOSIT_RUONIA;D;20070220;000000;1000.000000;1000.000000;1000.000000;1000.000000;0;0
DEPOSIT_RUONIA;D;20070221;000000;1000.000000;1000.000000;1000.000000;1000.000000;0;0
DEPOSIT_RUONIA;D;20070222;000000;1000.000000;1000.000000;1000.000000;1000.000000;0;0
DEPOSIT_RUONIA;D;20070226;000000;1000.000000;1000.000000;1000.000000;1000.000000;0;0
DEPOSIT_RUONIA;D;20070227;000000;1000.000000;1000.000000;1000.000000;1000.000000;0;0
DEPOSIT_RUONIA;D;20070228;000000;1000.000000;1000.000000;1000.000000;1000.000000;0;0
DEPOSIT_RUONIA;D;20070301;000000;1000.000000;1000.000000;1000.000000;1000.000000;0;0
DEPOSIT_RUONIA;D;20070302;000000;1000.000000;1000.000000;1000.000000;1000.000000;0;0
DEPOSIT_RUONIA;D;20070305;000000;1000.000000;1000.000000;1000.000000;1000.000000;0;0
DEPOSIT_RUONIA;D;20070306;000000;1000.000000;1000.000000;1000.000000;1000.000000;0;0
DEPOSIT_RUONIA;D;20070307;000000;1000.000000;1000.000000;1000.000000;1000.000000;0;0
DEPOSIT_RUONIA;D;20070309;000000;1000.000000;1000.000000;1000.000000;1000.000000;0;0
DEPOSIT_RUONIA;D;20070312;000000;1000.000000;1000.000000;1000.000000;1000.000000;0;0
DEPOSIT_RUONIA;D;20070313;000000;1000.000000;1000.000000;1000.000000;1000.000000;0;0
DEPOSIT_RUONIA;D;20070314;000000;1000.000000;1000.000000;1000.000000;1000.000000;0;0
DEPOSIT_RUONIA;D;20070315;000000;1000.000000;1000.000000;1000.000000;1000.000000;0;0
DEPOSIT_RUONIA;D;20070316;000000;1000.000000;1000.000000;1000.000000;1000.000000;0;0
DEPOSIT_RUONIA;D;20070319;000000;1000.000000;1000.000000;1000.000000;1000.000000;0;0
DEPOSIT_RUONIA;D;20070320;000000;1000.000000;1000.000000;1000.000000;1000.000000;0;0
DEPOSIT_RUONIA;D;20070321;000000;1000.000000;1000.000000;1000.000000;1000.000000;0;0
DEPOSIT_RUONIA;D;20070322;000000;1000.000000;1000.000000;1000.000000;1000.000000;0;0
DEPOSIT_RUONIA;D;20070323;000000;1000.000000;1000.000000;1000.000000;1000.000000;0;0
DEPOSIT_RUONIA;D;20070326;000000;1000.000000;1000.000000;1000.000000;1000.000000;0;0
DEPOSIT_RUONIA;D;20070327;000000;1000.000000;1000.000000;1000.000000;1000.000000;0;0
DEPOSIT_RUONIA;D;20070328;000000;1000.000000;1000.000000;1000.000000;1000.000000;0;0
DEPOSIT_RUONIA;D;20070329;000000;1000.000000;1000.000000;1000.000000;1000.000000;0;0
DEPOSIT_RUONIA;D;20070330;000000;1000.000000;1000.000000;1000.000000;1000.000000;0;0
DEPOSIT_RUONIA;D;20070402;000000;1000.000000;1000.000000;1000.000000;1000.000000;0;0
DEPOSIT_RUONIA;D;20070403;000000;1000.000000;1000.000000;1000.000000;1000.000000;0;0
DEPOSIT_RUONIA;D;20070404;000000;1000.000000;1000.000000;1000.000000;1000.000000;0;0
DEPOSIT_RUONIA;D;20070405;000000;1000.000000;1000.000000;1000.000000;1000.000000;0;0
DEPOSIT_RUONIA;D;20070406;000000;1000.000000;1000.000000;1000.000000;1000.000000;0;0
DEPOSIT_RUONIA;D;20070409;000000;1000.000000;1000.000000;1000.000000;1000.000000;0;0
DEPOSIT_RUONIA;D;20070410;000000;1000.000000;1000.000000;1000.000000;1000.000000;0;0
DEPOSIT_RUONIA;D;20070411;000000;1000.000000;1000.000000;1000.000000;1000.000000;0;0
DEPOSIT_RUONIA;D;20070412;000000;1000.000000;1000.000000;1000.000000;1000.000000;0;0
DEPOSIT_RUONIA;D;20070413;000000;1000.000000;1000.000000;1000.000000;1000.000000;0;0
DEPOSIT_RUONIA;D;20070416;000000;1000.000000;1000.000000;1000.000000;1000.000000;0;0
DEPOSIT_RUONIA;D;20070417;000000;1000.000000;1000.000000;1000.000000;1000.000000;0;0
DEPOSIT_RUONIA;D;20070418;000000;1000.000000;1000.000000;1000.000000;1000.000000;0;0
DEPOSIT_RUONIA;D;20070419;000000;1000.000000;1000.000000;1000.000000;1000.000000;0;0
DEPOSIT_RUONIA;D;20070420;000000;1000.000000;1000.000000;1000.000000;1000.000000;0;0
DEPOSIT_RUONIA;D;20070423;000000;1000.000000;1000.000000;1000.000000;1000.000000;0;0
DEPOSIT_RUONIA;D;20070424;000000;1000.000000;1000.000000;1000.000000;1000.000000;0;0
DEPOSIT_RUONIA;D;20070425;000000;1000.000000;1000.000000;1000.000000;1000.000000;0;0
DEPOSIT_RUONIA;D;20070426;000000;1000.000000;1000.000000;1000.000000;1000.000000;0;0
DEPOSIT_RUONIA;D;20070427;000000;1000.000000;1000.000000;1000.000000;1000.000000;0;0
DEPOSIT_RUONIA;D;20070428;000000;1000.000000;1000.000000;1000.000000;1000.000000;0;0
DEPOSIT_RUONIA;D;20070502;000000;1000.000000;1000.000000;1000.000000;1000.000000;0;0
DEPOSIT_RUONIA;D;20070503;000000;1000.000000;1000.000000;1000.000000;1000.000000;0;0
DEPOSIT_RUONIA;D;20070504;000000;1000.000000;1000.000000;1000.000000;1000.000000;0;0
DEPOSIT_RUONIA;D;20070507;000000;1000.000000;1000.000000;1000.000000;1000.000000;0;0
DEPOSIT_RUONIA;D;20070508;000000;1000.000000;1000.000000;1000.000000;1000.000000;0;0
DEPOSIT_RUONIA;D;20070510;000000;1000.000000;1000.000000;1000.000000;1000.000000;0;0
DEPOSIT_RUONIA;D;20070511;000000;1000.000000;1000.000000;1000.000000;1000.000000;0;0
DEPOSIT_RUONIA;D;20070514;000000;1000.000000;1000.000000;1000.000000;1000.000000;0;0
DEPOSIT_RUONIA;D;20070515;000000;1000.000000;1000.000000;1000.000000;1000.000000;0;0
DEPOSIT_RUONIA;D;20070516;000000;1000.000000;1000.000000;1000.000000;1000.000000;0;0
DEPOSIT_RUONIA;D;20070517;000000;1000.000000;1000.000000;1000.000000;1000.000000;0;0
DEPOSIT_RUONIA;D;20070518;000000;1000.000000;1000.000000;1000.000000;1000.000000;0;0
DEPOSIT_RUONIA;D;20070521;000000;1000.000000;1000.000000;1000.000000;1000.000000;0;0
DEPOSIT_RUONIA;D;20070522;000000;1000.000000;1000.000000;1000.000000;1000.000000;0;0
DEPOSIT_RUONIA;D;20070523;000000;1000.000000;1000.000000;1000.000000;1000.000000;0;0
DEPOSIT_RUONIA;D;20070524;000000;1000.000000;1000.000000;1000.000000;1000.000000;0;0
DEPOSIT_RUONIA;D;20070525;000000;1000.000000;1000.000000;1000.000000;1000.000000;0;0
DEPOSIT_RUONIA;D;20070528;000000;1000.000000;1000.000000;1000.000000;1000.000000;0;0
DEPOSIT_RUONIA;D;20070529;000000;1000.000000;1000.000000;1000.000000;1000.000000;0;0
DEPOSIT_RUONIA;D;20070530;000000;1000.000000;1000.000000;1000.000000;1000.000000;0;0
DEPOSIT_RUONIA;D;20070531;000000;1000.000000;1000.000000;1000.000000;1000.000000;0;0
DEPOSIT_RUONIA;D;20070601;000000;1000.000000;1000.000000;1000.000000;1000.000000;0;0
DEPOSIT_RUONIA;D;20070604;000000;1000.000000;1000.000000;1000.000000;1000.000000;0;0
DEPOSIT_RUONIA;D;20070605;000000;1000.000000;1000.000000;1000.000000;1000.000000;0;0
DEPOSIT_RUONIA;D;20070606;000000;1000.000000;1000.000000;1000.000000;1000.000000;0;0
DEPOSIT_RUONIA;D;20070607;000000;1000.000000;1000.000000;1000.000000;1000.000000;0;0
DEPOSIT_RUONIA;D;20070608;000000;1000.000000;1000.000000;1000.000000;1000.000000;0;0
DEPOSIT_RUONIA;D;20070609;000000;1000.000000;1000.000000;1000.000000;1000.000000;0;0
DEPOSIT_RUONIA;D;20070613;000000;1000.000000;1000.000000;1000.000000;1000.000000;0;0
DEPOSIT_RUONIA;D;20070614;000000;1000.000000;1000.000000;1000.000000;1000.000000;0;0
DEPOSIT_RUONIA;D;20070615;000000;1000.000000;1000.000000;1000.000000;1000.000000;0;0
DEPOSIT_RUONIA;D;20070618;000000;1000.000000;1000.000000;1000.000000;1000.000000;0;0
DEPOSIT_RUONIA;D;20070619;000000;1000.000000;1000.000000;1000.000000;1000.000000;0;0
DEPOSIT_RUONIA;D;20070620;000000;1000.000000;1000.000000;1000.000000;1000.000000;0;0
DEPOSIT_RUONIA;D;20070621;000000;1000.000000;1000.000000;1000.000000;1000.000000;0;0
DEPOSIT_RUONIA;D;20070622;000000;1000.000000;1000.000000;1000.000000;1000.000000;0;0
DEPOSIT_RUONIA;D;20070625;000000;1000.000000;1000.000000;1000.000000;1000.000000;0;0
DEPOSIT_RUONIA;D;20070626;000000;1000.000000;1000.000000;1000.000000;1000.000000;0;0
DEPOSIT_RUONIA;D;20070627;000000;1000.000000;1000.000000;1000.000000;1000.000000;0;0
DEPOSIT_RUONIA;D;20070628;000000;1000.000000;1000.000000;1000.000000;1000.000000;0;0
DEPOSIT_RUONIA;D;20070629;000000;1000.000000;1000.000000;1000.000000;1000.000000;0;0
DEPOSIT_RUONIA;D;20070702;000000;1000.000000;1000.000000;1000.000000;1000.000000;0;0
DEPOSIT_RUONIA;D;20070703;000000;1000.000000;1000.000000;1000.000000;1000.000000;0;0
DEPOSIT_RUONIA;D;20070704;000000;1000.000000;1000.000000;1000.000000;1000.000000;0;0
DEPOSIT_RUONIA;D;20070705;000000;1000.000000;1000.000000;1000.000000;1000.000000;0;0
DEPOSIT_RUONIA;D;20070706;000000;1000.000000;1000.000000;1000.000000;1000.000000;0;0
DEPOSIT_RUONIA;D;20070709;000000;1000.000000;1000.000000;1000.000000;1000.000000;0;0
DEPOSIT_RUONIA;D;20070710;000000;1000.000000;1000.000000;1000.000000;1000.000000;0;0
DEPOSIT_RUONIA;D;20070711;000000;1000.000000;1000.000000;1000.000000;1000.000000;0;0
DEPOSIT_RUONIA;D;20070712;000000;1000.000000;1000.000000;1000.000000;1000.000000;0;0
DEPOSIT_RUONIA;D;20070713;000000;1000.000000;1000.000000;1000.000000;1000.000000;0;0
DEPOSIT_RUONIA;D;20070716;000000;1000.000000;1000.000000;1000.000000;1000.000000;0;0
DEPOSIT_RUONIA;D;20070717;000000;1000.000000;1000.000000;1000.000000;1000.000000;0;0
DEPOSIT_RUONIA;D;20070718;000000;1000.000000;1000.000000;1000.000000;1000.000000;0;0
DEPOSIT_RUONIA;D;20070719;000000;1000.000000;1000.000000;1000.000000;1000.000000;0;0
DEPOSIT_RUONIA;D;20070720;000000;1000.000000;1000.000000;1000.000000;1000.000000;0;0
DEPOSIT_RUONIA;D;20070723;000000;1000.000000;1000.000000;1000.000000;1000.000000;0;0
DEPOSIT_RUONIA;D;20070724;000000;1000.000000;1000.000000;1000.000000;1000.000000;0;0
DEPOSIT_RUONIA;D;20070725;000000;1000.000000;1000.000000;1000.000000;1000.000000;0;0
DEPOSIT_RUONIA;D;20070726;000000;1000.000000;1000.000000;1000.000000;1000.000000;0;0
DEPOSIT_RUONIA;D;20070727;000000;1000.000000;1000.000000;1000.000000;1000.000000;0;0
DEPOSIT_RUONIA;D;20070730;000000;1000.000000;1000.000000;1000.000000;1000.000000;0;0
DEPOSIT_RUONIA;D;20070731;000000;1000.000000;1000.000000;1000.000000;1000.000000;0;0
DEPOSIT_RUONIA;D;20070801;000000;1000.000000;1000.000000;1000.000000;1000.000000;0;0
DEPOSIT_RUONIA;D;20070802;000000;1000.000000;1000.000000;1000.000000;1000.000000;0;0
DEPOSIT_RUONIA;D;20070803;000000;1000.000000;1000.000000;1000.000000;1000.000000;0;0
DEPOSIT_RUONIA;D;20070806;000000;1000.000000;1000.000000;1000.000000;1000.000000;0;0
DEPOSIT_RUONIA;D;20070807;000000;1000.000000;1000.000000;1000.000000;1000.000000;0;0
DEPOSIT_RUONIA;D;20070808;000000;1000.000000;1000.000000;1000.000000;1000.000000;0;0
DEPOSIT_RUONIA;D;20070809;000000;1000.000000;1000.000000;1000.000000;1000.000000;0;0
DEPOSIT_RUONIA;D;20070810;000000;1000.000000;1000.000000;1000.000000;1000.000000;0;0
DEPOSIT_RUONIA;D;20070813;000000;1000.000000;1000.000000;1000.000000;1000.000000;0;0
DEPOSIT_RUONIA;D;20070814;000000;1000.000000;1000.000000;1000.000000;1000.000000;0;0
DEPOSIT_RUONIA;D;20070815;000000;1000.000000;1000.000000;1000.000000;1000.000000;0;0
DEPOSIT_RUONIA;D;20070816;000000;1000.000000;1000.000000;1000.000000;1000.000000;0;0
DEPOSIT_RUONIA;D;20070817;000000;1000.000000;1000.000000;1000.000000;1000.000000;0;0
DEPOSIT_RUONIA;D;20070820;000000;1000.000000;1000.000000;1000.000000;1000.000000;0;0
DEPOSIT_RUONIA;D;20070821;000000;1000.000000;1000.000000;1000.000000;1000.000000;0;0
DEPOSIT_RUONIA;D;20070822;000000;1000.000000;1000.000000;1000.000000;1000.000000;0;0
DEPOSIT_RUONIA;D;20070823;000000;1000.000000;1000.000000;1000.000000;1000.000000;0;0
DEPOSIT_RUONIA;D;20070824;000000;1000.000000;1000.000000;1000.000000;1000.000000;0;0
DEPOSIT_RUONIA;D;20070827;000000;1000.000000;1000.000000;1000.000000;1000.000000;0;0
DEPOSIT_RUONIA;D;20070828;000000;1000.000000;1000.000000;1000.000000;1000.000000;0;0
DEPOSIT_RUONIA;D;20070829;000000;1000.000000;1000.000000;1000.000000;1000.000000;0;0
DEPOSIT_RUONIA;D;20070830;000000;1000.000000;1000.000000;1000.000000;1000.000000;0;0
DEPOSIT_RUONIA;D;20070831;000000;1000.000000;1000.000000;1000.000000;1000.000000;0;0
DEPOSIT_RUONIA;D;20070903;000000;1000.000000;1000.000000;1000.000000;1000.000000;0;0
DEPOSIT_RUONIA;D;20070904;000000;1000.000000;1000.000000;1000.000000;1000.000000;0;0
DEPOSIT_RUONIA;D;20070905;000000;1000.000000;1000.000000;1000.000000;1000.000000;0;0
DEPOSIT_RUONIA;D;20070906;000000;1000.000000;1000.000000;1000.000000;1000.000000;0;0
DEPOSIT_RUONIA;D;20070907;000000;1000.000000;1000.000000;1000.000000;1000.000000;0;0
DEPOSIT_RUONIA;D;20070910;000000;1000.000000;1000.000000;1000.000000;1000.000000;0;0
DEPOSIT_RUONIA;D;20070911;000000;1000.000000;1000.000000;1000.000000;1000.000000;0;0
DEPOSIT_RUONIA;D;20070912;000000;1000.000000;1000.000000;1000.000000;1000.000000;0;0
DEPOSIT_RUONIA;D;20070913;000000;1000.000000;1000.000000;1000.000000;1000.000000;0;0
DEPOSIT_RUONIA;D;20070914;000000;1000.000000;1000.000000;1000.000000;1000.000000;0;0
DEPOSIT_RUONIA;D;20070917;000000;1000.000000;1000.000000;1000.000000;1000.000000;0;0
DEPOSIT_RUONIA;D;20070918;000000;1000.000000;1000.000000;1000.000000;1000.000000;0;0
DEPOSIT_RUONIA;D;20070919;000000;1000.000000;1000.000000;1000.000000;1000.000000;0;0
DEPOSIT_RUONIA;D;20070920;000000;1000.000000;1000.000000;1000.000000;1000.000000;0;0
DEPOSIT_RUONIA;D;20070921;000000;1000.000000;1000.000000;1000.000000;1000.000000;0;0
DEPOSIT_RUONIA;D;20070924;000000;1000.000000;1000.000000;1000.000000;1000.000000;0;0
DEPOSIT_RUONIA;D;20070925;000000;1000.000000;1000.000000;1000.000000;1000.000000;0;0
DEPOSIT_RUONIA;D;20070926;000000;1000.000000;1000.000000;1000.000000;1000.000000;0;0
DEPOSIT_RUONIA;D;20070927;000000;1000.000000;1000.000000;1000.000000;1000.000000;0;0
DEPOSIT_RUONIA;D;20070928;000000;1000.000000;1000.000000;1000.000000;1000.000000;0;0
DEPOSIT_RUONIA;D;20071001;000000;1000.000000;1000.000000;1000.000000;1000.000000;0;0
DEPOSIT_RUONIA;D;20071002;000000;1000.000000;1000.000000;1000.000000;1000.000000;0;0
DEPOSIT_RUONIA;D;20071003;000000;1000.000000;1000.000000;1000.000000;1000.000000;0;0
DEPOSIT_RUONIA;D;20071004;000000;1000.000000;1000.000000;1000.000000;1000.000000;0;0
DEPOSIT_RUONIA;D;20071005;000000;1000.000000;1000.000000;1000.000000;1000.000000;0;0
DEPOSIT_RUONIA;D;20071008;000000;1000.000000;1000.000000;1000.000000;1000.000000;0;0
DEPOSIT_RUONIA;D;20071009;000000;1000.000000;1000.000000;1000.000000;1000.000000;0;0
DEPOSIT_RUONIA;D;20071010;000000;1000.000000;1000.000000;1000.000000;1000.000000;0;0
DEPOSIT_RUONIA;D;20071011;000000;1000.000000;1000.000000;1000.000000;1000.000000;0;0
DEPOSIT_RUONIA;D;20071012;000000;1000.000000;1000.000000;1000.000000;1000.000000;0;0
DEPOSIT_RUONIA;D;20071015;000000;1000.000000;1000.000000;1000.000000;1000.000000;0;0
DEPOSIT_RUONIA;D;20071016;000000;1000.000000;1000.000000;1000.000000;1000.000000;0;0
DEPOSIT_RUONIA;D;20071017;000000;1000.000000;1000.000000;1000.000000;1000.000000;0;0
DEPOSIT_RUONIA;D;20071018;000000;1000.000000;1000.000000;1000.000000;1000.000000;0;0
DEPOSIT_RUONIA;D;20071019;000000;1000.000000;1000.000000;1000.000000;1000.000000;0;0
DEPOSIT_RUONIA;D;20071022;000000;1000.000000;1000.000000;1000.000000;1000.000000;0;0
DEPOSIT_RUONIA;D;20071023;000000;1000.000000;1000.000000;1000.000000;1000.000000;0;0
DEPOSIT_RUONIA;D;20071024;000000;1000.000000;1000.000000;1000.000000;1000.000000;0;0
DEPOSIT_RUONIA;D;20071025;000000;1000.000000;1000.000000;1000.000000;1000.000000;0;0
DEPOSIT_RUONIA;D;20071026;000000;1000.000000;1000.000000;1000.000000;1000.000000;0;0
DEPOSIT_RUONIA;D;20071029;000000;1000.000000;1000.000000;1000.000000;1000.000000;0;0
DEPOSIT_RUONIA;D;20071030;000000;1000.000000;1000.000000;1000.000000;1000.000000;0;0
DEPOSIT_RUONIA;D;20071031;000000;1000.000000;1000.000000;1000.000000;1000.000000;0;0
DEPOSIT_RUONIA;D;20071101;000000;1000.000000;1000.000000;1000.000000;1000.000000;0;0
DEPOSIT_RUONIA;D;20071102;000000;1000.000000;1000.000000;1000.000000;1000.000000;0;0
DEPOSIT_RUONIA;D;20071106;000000;1000.000000;1000.000000;1000.000000;1000.000000;0;0
DEPOSIT_RUONIA;D;20071107;000000;1000.000000;1000.000000;1000.000000;1000.000000;0;0
DEPOSIT_RUONIA;D;20071108;000000;1000.000000;1000.000000;1000.000000;1000.000000;0;0
DEPOSIT_RUONIA;D;20071109;000000;1000.000000;1000.000000;1000.000000;1000.000000;0;0
DEPOSIT_RUONIA;D;20071112;000000;1000.000000;1000.000000;1000.000000;1000.000000;0;0
DEPOSIT_RUONIA;D;20071113;000000;1000.000000;1000.000000;1000.000000;1000.000000;0;0
DEPOSIT_RUONIA;D;20071114;000000;1000.000000;1000.000000;1000.000000;1000.000000;0;0
DEPOSIT_RUONIA;D;20071115;000000;1000.000000;1000.000000;1000.000000;1000.000000;0;0
DEPOSIT_RUONIA;D;20071116;000000;1000.000000;1000.000000;1000.000000;1000.000000;0;0
DEPOSIT_RUONIA;D;20071119;000000;1000.000000;1000.000000;1000.000000;1000.000000;0;0
DEPOSIT_RUONIA;D;20071120;000000;1000.000000;1000.000000;1000.000000;1000.000000;0;0
DEPOSIT_RUONIA;D;20071121;000000;1000.000000;1000.000000;1000.000000;1000.000000;0;0
DEPOSIT_RUONIA;D;20071122;000000;1000.000000;1000.000000;1000.000000;1000.000000;0;0
DEPOSIT_RUONIA;D;20071123;000000;1000.000000;1000.000000;1000.000000;1000.000000;0;0
DEPOSIT_RUONIA;D;20071126;000000;1000.000000;1000.000000;1000.000000;1000.000000;0;0
DEPOSIT_RUONIA;D;20071127;000000;1000.000000;1000.000000;1000.000000;1000.000000;0;0
DEPOSIT_RUONIA;D;20071128;000000;1000.000000;1000.000000;1000.000000;1000.000000;0;0
DEPOSIT_RUONIA;D;20071129;000000;1000.000000;1000.000000;1000.000000;1000.000000;0;0
DEPOSIT_RUONIA;D;20071130;000000;1000.000000;1000.000000;1000.000000;1000.000000;0;0
DEPOSIT_RUONIA;D;20071203;000000;1000.000000;1000.000000;1000.000000;1000.000000;0;0
DEPOSIT_RUONIA;D;20071204;000000;1000.000000;1000.000000;1000.000000;1000.000000;0;0
DEPOSIT_RUONIA;D;20071205;000000;1000.000000;1000.000000;1000.000000;1000.000000;0;0
DEPOSIT_RUONIA;D;20071206;000000;1000.000000;1000.000000;1000.000000;1000.000000;0;0
DEPOSIT_RUONIA;D;20071207;000000;1000.000000;1000.000000;1000.000000;1000.000000;0;0
DEPOSIT_RUONIA;D;20071210;000000;1000.000000;1000.000000;1000.000000;1000.000000;0;0
DEPOSIT_RUONIA;D;20071211;000000;1000.000000;1000.000000;1000.000000;1000.000000;0;0
DEPOSIT_RUONIA;D;20071212;000000;1000.000000;1000.000000;1000.000000;1000.000000;0;0
DEPOSIT_RUONIA;D;20071213;000000;1000.000000;1000.000000;1000.000000;1000.000000;0;0
DEPOSIT_RUONIA;D;20071214;000000;1000.000000;1000.000000;1000.000000;1000.000000;0;0
DEPOSIT_RUONIA;D;20071217;000000;1000.000000;1000.000000;1000.000000;1000.000000;0;0
DEPOSIT_RUONIA;D;20071218;000000;1000.000000;1000.000000;1000.000000;1000.000000;0;0
DEPOSIT_RUONIA;D;20071219;000000;1000.000000;1000.000000;1000.000000;1000.000000;0;0
DEPOSIT_RUONIA;D;20071220;000000;1000.000000;1000.000000;1000.000000;1000.000000;0;0
DEPOSIT_RUONIA;D;20071221;000000;1000.000000;1000.000000;1000.000000;1000.000000;0;0
DEPOSIT_RUONIA;D;20071224;000000;1000.000000;1000.000000;1000.000000;1000.000000;0;0
DEPOSIT_RUONIA;D;20071225;000000;1000.000000;1000.000000;1000.000000;1000.000000;0;0
DEPOSIT_RUONIA;D;20071226;000000;1000.000000;1000.000000;1000.000000;1000.000000;0;0
DEPOSIT_RUONIA;D;20071227;000000;1000.000000;1000.000000;1000.000000;1000.000000;0;0
DEPOSIT_RUONIA;D;20071228;000000;1000.000000;1000.000000;1000.000000;1000.000000;0;0
DEPOSIT_RUONIA;D;20080109;000000;1000.000000;1000.000000;1000.000000;1000.000000;0;0
DEPOSIT_RUONIA;D;20080110;000000;1000.000000;1000.000000;1000.000000;1000.000000;0;0
DEPOSIT_RUONIA;D;20080111;000000;1000.000000;1000.000000;1000.000000;1000.000000;0;0
DEPOSIT_RUONIA;D;20080114;000000;1000.000000;1000.000000;1000.000000;1000.000000;0;0
DEPOSIT_RUONIA;D;20080115;000000;1000.000000;1000.000000;1000.000000;1000.000000;0;0
DEPOSIT_RUONIA;D;20080116;000000;1000.000000;1000.000000;1000.000000;1000.000000;0;0
DEPOSIT_RUONIA;D;20080117;000000;1000.000000;1000.000000;1000.000000;1000.000000;0;0
DEPOSIT_RUONIA;D;20080118;000000;1000.000000;1000.000000;1000.000000;1000.000000;0;0
DEPOSIT_RUONIA;D;20080121;000000;1000.000000;1000.000000;1000.000000;1000.000000;0;0
DEPOSIT_RUONIA;D;20080122;000000;1000.000000;1000.000000;1000.000000;1000.000000;0;0
DEPOSIT_RUONIA;D;20080123;000000;1000.000000;1000.000000;1000.000000;1000.000000;0;0
DEPOSIT_RUONIA;D;20080124;000000;1000.000000;1000.000000;1000.000000;1000.000000;0;0
DEPOSIT_RUONIA;D;20080125;000000;1000.000000;1000.000000;1000.000000;1000.000000;0;0
DEPOSIT_RUONIA;D;20080128;000000;1000.000000;1000.000000;1000.000000;1000.000000;0;0
DEPOSIT_RUONIA;D;20080129;000000;1000.000000;1000.000000;1000.000000;1000.000000;0;0
DEPOSIT_RUONIA;D;20080130;000000;1000.000000;1000.000000;1000.000000;1000.000000;0;0
DEPOSIT_RUONIA;D;20080131;000000;1000.000000;1000.000000;1000.000000;1000.000000;0;0
DEPOSIT_RUONIA;D;20080201;000000;1000.000000;1000.000000;1000.000000;1000.000000;0;0
DEPOSIT_RUONIA;D;20080204;000000;1000.000000;1000.000000;1000.000000;1000.000000;0;0
DEPOSIT_RUONIA;D;20080205;000000;1000.000000;1000.000000;1000.000000;1000.000000;0;0
DEPOSIT_RUONIA;D;20080206;000000;1000.000000;1000.000000;1000.000000;1000.000000;0;0
DEPOSIT_RUONIA;D;20080207;000000;1000.000000;1000.000000;1000.000000;1000.000000;0;0
DEPOSIT_RUONIA;D;20080208;000000;1000.000000;1000.000000;1000.000000;1000.000000;0;0
DEPOSIT_RUONIA;D;20080211;000000;1000.000000;1000.000000;1000.000000;1000.000000;0;0
DEPOSIT_RUONIA;D;20080212;000000;1000.000000;1000.000000;1000.000000;1000.000000;0;0
DEPOSIT_RUONIA;D;20080213;000000;1000.000000;1000.000000;1000.000000;1000.000000;0;0
DEPOSIT_RUONIA;D;20080214;000000;1000.000000;1000.000000;1000.000000;1000.000000;0;0
DEPOSIT_RUONIA;D;20080215;000000;1000.000000;1000.000000;1000.000000;1000.000000;0;0
DEPOSIT_RUONIA;D;20080218;000000;1000.000000;1000.000000;1000.000000;1000.000000;0;0
DEPOSIT_RUONIA;D;20080219;000000;1000.000000;1000.000000;1000.000000;1000.000000;0;0
DEPOSIT_RUONIA;D;20080220;000000;1000.000000;1000.000000;1000.000000;1000.000000;0;0
DEPOSIT_RUONIA;D;20080221;000000;1000.000000;1000.000000;1000.000000;1000.000000;0;0
DEPOSIT_RUONIA;D;20080222;000000;1000.000000;1000.000000;1000.000000;1000.000000;0;0
DEPOSIT_RUONIA;D;20080226;000000;1000.000000;1000.000000;1000.000000;1000.000000;0;0
DEPOSIT_RUONIA;D;20080227;000000;1000.000000;1000.000000;1000.000000;1000.000000;0;0
DEPOSIT_RUONIA;D;20080228;000000;1000.000000;1000.000000;1000.000000;1000.000000;0;0
DEPOSIT_RUONIA;D;20080229;000000;1000.000000;1000.000000;1000.000000;1000.000000;0;0
DEPOSIT_RUONIA;D;20080303;000000;1000.000000;1000.000000;1000.000000;1000.000000;0;0
DEPOSIT_RUONIA;D;20080304;000000;1000.000000;1000.000000;1000.000000;1000.000000;0;0
DEPOSIT_RUONIA;D;20080305;000000;1000.000000;1000.000000;1000.000000;1000.000000;0;0
DEPOSIT_RUONIA;D;20080306;000000;1000.000000;1000.000000;1000.000000;1000.000000;0;0
DEPOSIT_RUONIA;D;20080307;000000;1000.000000;1000.000000;1000.000000;1000.000000;0;0
DEPOSIT_RUONIA;D;20080311;000000;1000.000000;1000.000000;1000.000000;1000.000000;0;0
DEPOSIT_RUONIA;D;20080312;000000;1000.000000;1000.000000;1000.000000;1000.000000;0;0
DEPOSIT_RUONIA;D;20080313;000000;1000.000000;1000.000000;1000.000000;1000.000000;0;0
DEPOSIT_RUONIA;D;20080314;000000;1000.000000;1000.000000;1000.000000;1000.000000;0;0
DEPOSIT_RUONIA;D;20080317;000000;1000.000000;1000.000000;1000.000000;1000.000000;0;0
DEPOSIT_RUONIA;D;20080318;000000;1000.000000;1000.000000;1000.000000;1000.000000;0;0
DEPOSIT_RUONIA;D;20080319;000000;1000.000000;1000.000000;1000.000000;1000.000000;0;0
DEPOSIT_RUONIA;D;20080320;000000;1000.000000;1000.000000;1000.000000;1000.000000;0;0
DEPOSIT_RUONIA;D;20080321;000000;1000.000000;1000.000000;1000.000000;1000.000000;0;0
DEPOSIT_RUONIA;D;20080324;000000;1000.000000;1000.000000;1000.000000;1000.000000;0;0
DEPOSIT_RUONIA;D;20080325;000000;1000.000000;1000.000000;1000.000000;1000.000000;0;0
DEPOSIT_RUONIA;D;20080326;000000;1000.000000;1000.000000;1000.000000;1000.000000;0;0
DEPOSIT_RUONIA;D;20080327;000000;1000.000000;1000.000000;1000.000000;1000.000000;0;0
DEPOSIT_RUONIA;D;20080328;000000;1000.000000;1000.000000;1000.000000;1000.000000;0;0
DEPOSIT_RUONIA;D;20080331;000000;1000.000000;1000.000000;1000.000000;1000.000000;0;0
DEPOSIT_RUONIA;D;20080401;000000;1000.000000;1000.000000;1000.000000;1000.000000;0;0
DEPOSIT_RUONIA;D;20080402;000000;1000.000000;1000.000000;1000.000000;1000.000000;0;0
DEPOSIT_RUONIA;D;20080403;000000;1000.000000;1000.000000;1000.000000;1000.000000;0;0
DEPOSIT_RUONIA;D;20080404;000000;1000.000000;1000.000000;1000.000000;1000.000000;0;0
DEPOSIT_RUONIA;D;20080407;000000;1000.000000;1000.000000;1000.000000;1000.000000;0;0
DEPOSIT_RUONIA;D;20080408;000000;1000.000000;1000.000000;1000.000000;1000.000000;0;0
DEPOSIT_RUONIA;D;20080409;000000;1000.000000;1000.000000;1000.000000;1000.000000;0;0
DEPOSIT_RUONIA;D;20080410;000000;1000.000000;1000.000000;1000.000000;1000.000000;0;0
DEPOSIT_RUONIA;D;20080411;000000;1000.000000;1000.000000;1000.000000;1000.000000;0;0
DEPOSIT_RUONIA;D;20080414;000000;1000.000000;1000.000000;1000.000000;1000.000000;0;0
DEPOSIT_RUONIA;D;20080415;000000;1000.000000;1000.000000;1000.000000;1000.000000;0;0
DEPOSIT_RUONIA;D;20080416;000000;1000.000000;1000.000000;1000.000000;1000.000000;0;0
DEPOSIT_RUONIA;D;20080417;000000;1000.000000;1000.000000;1000.000000;1000.000000;0;0
DEPOSIT_RUONIA;D;20080418;000000;1000.000000;1000.000000;1000.000000;1000.000000;0;0
DEPOSIT_RUONIA;D;20080421;000000;1000.000000;1000.000000;1000.000000;1000.000000;0;0
DEPOSIT_RUONIA;D;20080422;000000;1000.000000;1000.000000;1000.000000;1000.000000;0;0
DEPOSIT_RUONIA;D;20080423;000000;1000.000000;1000.000000;1000.000000;1000.000000;0;0
DEPOSIT_RUONIA;D;20080424;000000;1000.000000;1000.000000;1000.000000;1000.000000;0;0
DEPOSIT_RUONIA;D;20080425;000000;1000.000000;1000.000000;1000.000000;1000.000000;0;0
DEPOSIT_RUONIA;D;20080428;000000;1000.000000;1000.000000;1000.000000;1000.000000;0;0
DEPOSIT_RUONIA;D;20080429;000000;1000.000000;1000.000000;1000.000000;1000.000000;0;0
DEPOSIT_RUONIA;D;20080430;000000;1000.000000;1000.000000;1000.000000;1000.000000;0;0
DEPOSIT_RUONIA;D;20080504;000000;1000.000000;1000.000000;1000.000000;1000.000000;0;0
DEPOSIT_RUONIA;D;20080505;000000;1000.000000;1000.000000;1000.000000;1000.000000;0;0
DEPOSIT_RUONIA;D;20080506;000000;1000.000000;1000.000000;1000.000000;1000.000000;0;0
DEPOSIT_RUONIA;D;20080507;000000;1000.000000;1000.000000;1000.000000;1000.000000;0;0
DEPOSIT_RUONIA;D;20080508;000000;1000.000000;1000.000000;1000.000000;1000.000000;0;0
DEPOSIT_RUONIA;D;20080512;000000;1000.000000;1000.000000;1000.000000;1000.000000;0;0
DEPOSIT_RUONIA;D;20080513;000000;1000.000000;1000.000000;1000.000000;1000.000000;0;0
DEPOSIT_RUONIA;D;20080514;000000;1000.000000;1000.000000;1000.000000;1000.000000;0;0
DEPOSIT_RUONIA;D;20080515;000000;1000.000000;1000.000000;1000.000000;1000.000000;0;0
DEPOSIT_RUONIA;D;20080516;000000;1000.000000;1000.000000;1000.000000;1000.000000;0;0
DEPOSIT_RUONIA;D;20080519;000000;1000.000000;1000.000000;1000.000000;1000.000000;0;0
DEPOSIT_RUONIA;D;20080520;000000;1000.000000;1000.000000;1000.000000;1000.000000;0;0
DEPOSIT_RUONIA;D;20080521;000000;1000.000000;1000.000000;1000.000000;1000.000000;0;0
DEPOSIT_RUONIA;D;20080522;000000;1000.000000;1000.000000;1000.000000;1000.000000;0;0
DEPOSIT_RUONIA;D;20080523;000000;1000.000000;1000.000000;1000.000000;1000.000000;0;0
DEPOSIT_RUONIA;D;20080526;000000;1000.000000;1000.000000;1000.000000;1000.000000;0;0
DEPOSIT_RUONIA;D;20080527;000000;1000.000000;1000.000000;1000.000000;1000.000000;0;0
DEPOSIT_RUONIA;D;20080528;000000;1000.000000;1000.000000;1000.000000;1000.000000;0;0
DEPOSIT_RUONIA;D;20080529;000000;1000.000000;1000.000000;1000.000000;1000.000000;0;0
DEPOSIT_RUONIA;D;20080530;000000;1000.000000;1000.000000;1000.000000;1000.000000;0;0
DEPOSIT_RUONIA;D;20080602;000000;1000.000000;1000.000000;1000.000000;1000.000000;0;0
DEPOSIT_RUONIA;D;20080603;000000;1000.000000;1000.000000;1000.000000;1000.000000;0;0
DEPOSIT_RUONIA;D;20080604;000000;1000.000000;1000.000000;1000.000000;1000.000000;0;0
DEPOSIT_RUONIA;D;20080605;000000;1000.000000;1000.000000;1000.000000;1000.000000;0;0
DEPOSIT_RUONIA;D;20080606;000000;1000.000000;1000.000000;1000.000000;1000.000000;0;0
DEPOSIT_RUONIA;D;20080607;000000;1000.000000;1000.000000;1000.000000;1000.000000;0;0
DEPOSIT_RUONIA;D;20080609;000000;1000.000000;1000.000000;1000.000000;1000.000000;0;0
DEPOSIT_RUONIA;D;20080610;000000;1000.000000;1000.000000;1000.000000;1000.000000;0;0
DEPOSIT_RUONIA;D;20080611;000000;1000.000000;1000.000000;1000.000000;1000.000000;0;0
DEPOSIT_RUONIA;D;20080616;000000;1000.000000;1000.000000;1000.000000;1000.000000;0;0
DEPOSIT_RUONIA;D;20080617;000000;1000.000000;1000.000000;1000.000000;1000.000000;0;0
DEPOSIT_RUONIA;D;20080618;000000;1000.000000;1000.000000;1000.000000;1000.000000;0;0
DEPOSIT_RUONIA;D;20080619;000000;1000.000000;1000.000000;1000.000000;1000.000000;0;0
DEPOSIT_RUONIA;D;20080620;000000;1000.000000;1000.000000;1000.000000;1000.000000;0;0
DEPOSIT_RUONIA;D;20080623;000000;1000.000000;1000.000000;1000.000000;1000.000000;0;0
DEPOSIT_RUONIA;D;20080624;000000;1000.000000;1000.000000;1000.000000;1000.000000;0;0
DEPOSIT_RUONIA;D;20080625;000000;1000.000000;1000.000000;1000.000000;1000.000000;0;0
DEPOSIT_RUONIA;D;20080626;000000;1000.000000;1000.000000;1000.000000;1000.000000;0;0
DEPOSIT_RUONIA;D;20080627;000000;1000.000000;1000.000000;1000.000000;1000.000000;0;0
DEPOSIT_RUONIA;D;20080630;000000;1000.000000;1000.000000;1000.000000;1000.000000;0;0
DEPOSIT_RUONIA;D;20080701;000000;1000.000000;1000.000000;1000.000000;1000.000000;0;0
DEPOSIT_RUONIA;D;20080702;000000;1000.000000;1000.000000;1000.000000;1000.000000;0;0
DEPOSIT_RUONIA;D;20080703;000000;1000.000000;1000.000000;1000.000000;1000.000000;0;0
DEPOSIT_RUONIA;D;20080704;000000;1000.000000;1000.000000;1000.000000;1000.000000;0;0
DEPOSIT_RUONIA;D;20080707;000000;1000.000000;1000.000000;1000.000000;1000.000000;0;0
DEPOSIT_RUONIA;D;20080708;000000;1000.000000;1000.000000;1000.000000;1000.000000;0;0
DEPOSIT_RUONIA;D;20080709;000000;1000.000000;1000.000000;1000.000000;1000.000000;0;0
DEPOSIT_RUONIA;D;20080710;000000;1000.000000;1000.000000;1000.000000;1000.000000;0;0
DEPOSIT_RUONIA;D;20080711;000000;1000.000000;1000.000000;1000.000000;1000.000000;0;0
DEPOSIT_RUONIA;D;20080714;000000;1000.000000;1000.000000;1000.000000;1000.000000;0;0
DEPOSIT_RUONIA;D;20080715;000000;1000.000000;1000.000000;1000.000000;1000.000000;0;0
DEPOSIT_RUONIA;D;20080716;000000;1000.000000;1000.000000;1000.000000;1000.000000;0;0
DEPOSIT_RUONIA;D;20080717;000000;1000.000000;1000.000000;1000.000000;1000.000000;0;0
DEPOSIT_RUONIA;D;20080718;000000;1000.000000;1000.000000;1000.000000;1000.000000;0;0
DEPOSIT_RUONIA;D;20080721;000000;1000.000000;1000.000000;1000.000000;1000.000000;0;0
DEPOSIT_RUONIA;D;20080722;000000;1000.000000;1000.000000;1000.000000;1000.000000;0;0
DEPOSIT_RUONIA;D;20080723;000000;1000.000000;1000.000000;1000.000000;1000.000000;0;0
DEPOSIT_RUONIA;D;20080724;000000;1000.000000;1000.000000;1000.000000;1000.000000;0;0
DEPOSIT_RUONIA;D;20080725;000000;1000.000000;1000.000000;1000.000000;1000.000000;0;0
DEPOSIT_RUONIA;D;20080728;000000;1000.000000;1000.000000;1000.000000;1000.000000;0;0
DEPOSIT_RUONIA;D;20080729;000000;1000.000000;1000.000000;1000.000000;1000.000000;0;0
DEPOSIT_RUONIA;D;20080730;000000;1000.000000;1000.000000;1000.000000;1000.000000;0;0
DEPOSIT_RUONIA;D;20080731;000000;1000.000000;1000.000000;1000.000000;1000.000000;0;0
DEPOSIT_RUONIA;D;20080801;000000;1000.000000;1000.000000;1000.000000;1000.000000;0;0
DEPOSIT_RUONIA;D;20080804;000000;1000.000000;1000.000000;1000.000000;1000.000000;0;0
DEPOSIT_RUONIA;D;20080805;000000;1000.000000;1000.000000;1000.000000;1000.000000;0;0
DEPOSIT_RUONIA;D;20080806;000000;1000.000000;1000.000000;1000.000000;1000.000000;0;0
DEPOSIT_RUONIA;D;20080807;000000;1000.000000;1000.000000;1000.000000;1000.000000;0;0
DEPOSIT_RUONIA;D;20080808;000000;1000.000000;1000.000000;1000.000000;1000.000000;0;0
DEPOSIT_RUONIA;D;20080811;000000;1000.000000;1000.000000;1000.000000;1000.000000;0;0
DEPOSIT_RUONIA;D;20080812;000000;1000.000000;1000.000000;1000.000000;1000.000000;0;0
DEPOSIT_RUONIA;D;20080813;000000;1000.000000;1000.000000;1000.000000;1000.000000;0;0
DEPOSIT_RUONIA;D;20080814;000000;1000.000000;1000.000000;1000.000000;1000.000000;0;0
DEPOSIT_RUONIA;D;20080815;000000;1000.000000;1000.000000;1000.000000;1000.000000;0;0
DEPOSIT_RUONIA;D;20080818;000000;1000.000000;1000.000000;1000.000000;1000.000000;0;0
DEPOSIT_RUONIA;D;20080819;000000;1000.000000;1000.000000;1000.000000;1000.000000;0;0
DEPOSIT_RUONIA;D;20080820;000000;1000.000000;1000.000000;1000.000000;1000.000000;0;0
DEPOSIT_RUONIA;D;20080821;000000;1000.000000;1000.000000;1000.000000;1000.000000;0;0
DEPOSIT_RUONIA;D;20080822;000000;1000.000000;1000.000000;1000.000000;1000.000000;0;0
DEPOSIT_RUONIA;D;20080825;000000;1000.000000;1000.000000;1000.000000;1000.000000;0;0
DEPOSIT_RUONIA;D;20080826;000000;1000.000000;1000.000000;1000.000000;1000.000000;0;0
DEPOSIT_RUONIA;D;20080827;000000;1000.000000;1000.000000;1000.000000;1000.000000;0;0
DEPOSIT_RUONIA;D;20080828;000000;1000.000000;1000.000000;1000.000000;1000.000000;0;0
DEPOSIT_RUONIA;D;20080829;000000;1000.000000;1000.000000;1000.000000;1000.000000;0;0
DEPOSIT_RUONIA;D;20080901;000000;1000.000000;1000.000000;1000.000000;1000.000000;0;0
DEPOSIT_RUONIA;D;20080902;000000;1000.000000;1000.000000;1000.000000;1000.000000;0;0
DEPOSIT_RUONIA;D;20080903;000000;1000.000000;1000.000000;1000.000000;1000.000000;0;0
DEPOSIT_RUONIA;D;20080904;000000;1000.000000;1000.000000;1000.000000;1000.000000;0;0
DEPOSIT_RUONIA;D;20080905;000000;1000.000000;1000.000000;1000.000000;1000.000000;0;0
DEPOSIT_RUONIA;D;20080908;000000;1000.000000;1000.000000;1000.000000;1000.000000;0;0
DEPOSIT_RUONIA;D;20080909;000000;1000.000000;1000.000000;1000.000000;1000.000000;0;0
DEPOSIT_RUONIA;D;20080910;000000;1000.000000;1000.000000;1000.000000;1000.000000;0;0
DEPOSIT_RUONIA;D;20080911;000000;1000.000000;1000.000000;1000.000000;1000.000000;0;0
DEPOSIT_RUONIA;D;20080912;000000;1000.000000;1000.000000;1000.000000;1000.000000;0;0
DEPOSIT_RUONIA;D;20080915;000000;1000.000000;1000.000000;1000.000000;1000.000000;0;0
DEPOSIT_RUONIA;D;20080916;000000;1000.000000;1000.000000;1000.000000;1000.000000;0;0
DEPOSIT_RUONIA;D;20080917;000000;1000.000000;1000.000000;1000.000000;1000.000000;0;0
DEPOSIT_RUONIA;D;20080918;000000;1000.000000;1000.000000;1000.000000;1000.000000;0;0
DEPOSIT_RUONIA;D;20080919;000000;1000.000000;1000.000000;1000.000000;1000.000000;0;0
DEPOSIT_RUONIA;D;20080922;000000;1000.000000;1000.000000;1000.000000;1000.000000;0;0
DEPOSIT_RUONIA;D;20080923;000000;1000.000000;1000.000000;1000.000000;1000.000000;0;0
DEPOSIT_RUONIA;D;20080924;000000;1000.000000;1000.000000;1000.000000;1000.000000;0;0
DEPOSIT_RUONIA;D;20080925;000000;1000.000000;1000.000000;1000.000000;1000.000000;0;0
DEPOSIT_RUONIA;D;20080926;000000;1000.000000;1000.000000;1000.000000;1000.000000;0;0
DEPOSIT_RUONIA;D;20080929;000000;1000.000000;1000.000000;1000.000000;1000.000000;0;0
DEPOSIT_RUONIA;D;20080930;000000;1000.000000;1000.000000;1000.000000;1000.000000;0;0
DEPOSIT_RUONIA;D;20081001;000000;1000.000000;1000.000000;1000.000000;1000.000000;0;0
DEPOSIT_RUONIA;D;20081002;000000;1000.000000;1000.000000;1000.000000;1000.000000;0;0
DEPOSIT_RUONIA;D;20081003;000000;1000.000000;1000.000000;1000.000000;1000.000000;0;0
DEPOSIT_RUONIA;D;20081006;000000;1000.000000;1000.000000;1000.000000;1000.000000;0;0
DEPOSIT_RUONIA;D;20081007;000000;1000.000000;1000.000000;1000.000000;1000.000000;0;0
DEPOSIT_RUONIA;D;20081008;000000;1000.000000;1000.000000;1000.000000;1000.000000;0;0
DEPOSIT_RUONIA;D;20081009;000000;1000.000000;1000.000000;1000.000000;1000.000000;0;0
DEPOSIT_RUONIA;D;20081010;000000;1000.000000;1000.000000;1000.000000;1000.000000;0;0
DEPOSIT_RUONIA;D;20081013;000000;1000.000000;1000.000000;1000.000000;1000.000000;0;0
DEPOSIT_RUONIA;D;20081014;000000;1000.000000;1000.000000;1000.000000;1000.000000;0;0
DEPOSIT_RUONIA;D;20081015;000000;1000.000000;1000.000000;1000.000000;1000.000000;0;0
DEPOSIT_RUONIA;D;20081016;000000;1000.000000;1000.000000;1000.000000;1000.000000;0;0
DEPOSIT_RUONIA;D;20081017;000000;1000.000000;1000.000000;1000.000000;1000.000000;0;0
DEPOSIT_RUONIA;D;20081020;000000;1000.000000;1000.000000;1000.000000;1000.000000;0;0
DEPOSIT_RUONIA;D;20081021;000000;1000.000000;1000.000000;1000.000000;1000.000000;0;0
DEPOSIT_RUONIA;D;20081022;000000;1000.000000;1000.000000;1000.000000;1000.000000;0;0
DEPOSIT_RUONIA;D;20081023;000000;1000.000000;1000.000000;1000.000000;1000.000000;0;0
DEPOSIT_RUONIA;D;20081024;000000;1000.000000;1000.000000;1000.000000;1000.000000;0;0
DEPOSIT_RUONIA;D;20081027;000000;1000.000000;1000.000000;1000.000000;1000.000000;0;0
DEPOSIT_RUONIA;D;20081028;000000;1000.000000;1000.000000;1000.000000;1000.000000;0;0
DEPOSIT_RUONIA;D;20081029;000000;1000.000000;1000.000000;1000.000000;1000.000000;0;0
DEPOSIT_RUONIA;D;20081030;000000;1000.000000;1000.000000;1000.000000;1000.000000;0;0
DEPOSIT_RUONIA;D;20081031;000000;1000.000000;1000.000000;1000.000000;1000.000000;0;0
DEPOSIT_RUONIA;D;20081101;000000;1000.000000;1000.000000;1000.000000;1000.000000;0;0
DEPOSIT_RUONIA;D;20081105;000000;1000.000000;1000.000000;1000.000000;1000.000000;0;0
DEPOSIT_RUONIA;D;20081106;000000;1000.000000;1000.000000;1000.000000;1000.000000;0;0
DEPOSIT_RUONIA;D;20081107;000000;1000.000000;1000.000000;1000.000000;1000.000000;0;0
DEPOSIT_RUONIA;D;20081110;000000;1000.000000;1000.000000;1000.000000;1000.000000;0;0
DEPOSIT_RUONIA;D;20081111;000000;1000.000000;1000.000000;1000.000000;1000.000000;0;0
DEPOSIT_RUONIA;D;20081112;000000;1000.000000;1000.000000;1000.000000;1000.000000;0;0
DEPOSIT_RUONIA;D;20081113;000000;1000.000000;1000.000000;1000.000000;1000.000000;0;0
DEPOSIT_RUONIA;D;20081114;000000;1000.000000;1000.000000;1000.000000;1000.000000;0;0
DEPOSIT_RUONIA;D;20081117;000000;1000.000000;1000.000000;1000.000000;1000.000000;0;0
DEPOSIT_RUONIA;D;20081118;000000;1000.000000;1000.000000;1000.000000;1000.000000;0;0
DEPOSIT_RUONIA;D;20081119;000000;1000.000000;1000.000000;1000.000000;1000.000000;0;0
DEPOSIT_RUONIA;D;20081120;000000;1000.000000;1000.000000;1000.000000;1000.000000;0;0
DEPOSIT_RUONIA;D;20081121;000000;1000.000000;1000.000000;1000.000000;1000.000000;0;0
DEPOSIT_RUONIA;D;20081124;000000;1000.000000;1000.000000;1000.000000;1000.000000;0;0
DEPOSIT_RUONIA;D;20081125;000000;1000.000000;1000.000000;1000.000000;1000.000000;0;0
DEPOSIT_RUONIA;D;20081126;000000;1000.000000;1000.000000;1000.000000;1000.000000;0;0
DEPOSIT_RUONIA;D;20081127;000000;1000.000000;1000.000000;1000.000000;1000.000000;0;0
DEPOSIT_RUONIA;D;20081128;000000;1000.000000;1000.000000;1000.000000;1000.000000;0;0
DEPOSIT_RUONIA;D;20081201;000000;1000.000000;1000.000000;1000.000000;1000.000000;0;0
DEPOSIT_RUONIA;D;20081202;000000;1000.000000;1000.000000;1000.000000;1000.000000;0;0
DEPOSIT_RUONIA;D;20081203;000000;1000.000000;1000.000000;1000.000000;1000.000000;0;0
DEPOSIT_RUONIA;D;20081204;000000;1000.000000;1000.000000;1000.000000;1000.000000;0;0
DEPOSIT_RUONIA;D;20081205;000000;1000.000000;1000.000000;1000.000000;1000.000000;0;0
DEPOSIT_RUONIA;D;20081208;000000;1000.000000;1000.000000;1000.000000;1000.000000;0;0
DEPOSIT_RUONIA;D;20081209;000000;1000.000000;1000.000000;1000.000000;1000.000000;0;0
DEPOSIT_RUONIA;D;20081210;000000;1000.000000;1000.000000;1000.000000;1000.000000;0;0
DEPOSIT_RUONIA;D;20081211;000000;1000.000000;1000.000000;1000.000000;1000.000000;0;0
DEPOSIT_RUONIA;D;20081212;000000;1000.000000;1000.000000;1000.000000;1000.000000;0;0
DEPOSIT_RUONIA;D;20081215;000000;1000.000000;1000.000000;1000.000000;1000.000000;0;0
DEPOSIT_RUONIA;D;20081216;000000;1000.000000;1000.000000;1000.000000;1000.000000;0;0
DEPOSIT_RUONIA;D;20081217;000000;1000.000000;1000.000000;1000.000000;1000.000000;0;0
DEPOSIT_RUONIA;D;20081218;000000;1000.000000;1000.000000;1000.000000;1000.000000;0;0
DEPOSIT_RUONIA;D;20081219;000000;1000.000000;1000.000000;1000.000000;1000.000000;0;0
DEPOSIT_RUONIA;D;20081222;000000;1000.000000;1000.000000;1000.000000;1000.000000;0;0
DEPOSIT_RUONIA;D;20081223;000000;1000.000000;1000.000000;1000.000000;1000.000000;0;0
DEPOSIT_RUONIA;D;20081224;000000;1000.000000;1000.000000;1000.000000;1000.000000;0;0
DEPOSIT_RUONIA;D;20081225;000000;1000.000000;1000.000000;1000.000000;1000.000000;0;0
DEPOSIT_RUONIA;D;20081226;000000;1000.000000;1000.000000;1000.000000;1000.000000;0;0
DEPOSIT_RUONIA;D;20081229;000000;1000.000000;1000.000000;1000.000000;1000.000000;0;0
DEPOSIT_RUONIA;D;20081230;000000;1000.000000;1000.000000;1000.000000;1000.000000;0;0
DEPOSIT_RUONIA;D;20081231;000000;1000.000000;1000.000000;1000.000000;1000.000000;0;0
DEPOSIT_RUONIA;D;20090111;000000;1000.000000;1000.000000;1000.000000;1000.000000;0;0
DEPOSIT_RUONIA;D;20090112;000000;1000.000000;1000.000000;1000.000000;1000.000000;0;0
DEPOSIT_RUONIA;D;20090113;000000;1000.000000;1000.000000;1000.000000;1000.000000;0;0
DEPOSIT_RUONIA;D;20090114;000000;1000.000000;1000.000000;1000.000000;1000.000000;0;0
DEPOSIT_RUONIA;D;20090115;000000;1000.000000;1000.000000;1000.000000;1000.000000;0;0
DEPOSIT_RUONIA;D;20090116;000000;1000.000000;1000.000000;1000.000000;1000.000000;0;0
DEPOSIT_RUONIA;D;20090119;000000;1000.000000;1000.000000;1000.000000;1000.000000;0;0
DEPOSIT_RUONIA;D;20090120;000000;1000.000000;1000.000000;1000.000000;1000.000000;0;0
DEPOSIT_RUONIA;D;20090121;000000;1000.000000;1000.000000;1000.000000;1000.000000;0;0
DEPOSIT_RUONIA;D;20090122;000000;1000.000000;1000.000000;1000.000000;1000.000000;0;0
DEPOSIT_RUONIA;D;20090123;000000;1000.000000;1000.000000;1000.000000;1000.000000;0;0
DEPOSIT_RUONIA;D;20090126;000000;1000.000000;1000.000000;1000.000000;1000.000000;0;0
DEPOSIT_RUONIA;D;20090127;000000;1000.000000;1000.000000;1000.000000;1000.000000;0;0
DEPOSIT_RUONIA;D;20090128;000000;1000.000000;1000.000000;1000.000000;1000.000000;0;0
DEPOSIT_RUONIA;D;20090129;000000;1000.000000;1000.000000;1000.000000;1000.000000;0;0
DEPOSIT_RUONIA;D;20090130;000000;1000.000000;1000.000000;1000.000000;1000.000000;0;0
DEPOSIT_RUONIA;D;20090202;000000;1000.000000;1000.000000;1000.000000;1000.000000;0;0
DEPOSIT_RUONIA;D;20090203;000000;1000.000000;1000.000000;1000.000000;1000.000000;0;0
DEPOSIT_RUONIA;D;20090204;000000;1000.000000;1000.000000;1000.000000;1000.000000;0;0
DEPOSIT_RUONIA;D;20090205;000000;1000.000000;1000.000000;1000.000000;1000.000000;0;0
DEPOSIT_RUONIA;D;20090206;000000;1000.000000;1000.000000;1000.000000;1000.000000;0;0
DEPOSIT_RUONIA;D;20090209;000000;1000.000000;1000.000000;1000.000000;1000.000000;0;0
DEPOSIT_RUONIA;D;20090210;000000;1000.000000;1000.000000;1000.000000;1000.000000;0;0
DEPOSIT_RUONIA;D;20090211;000000;1000.000000;1000.000000;1000.000000;1000.000000;0;0
DEPOSIT_RUONIA;D;20090212;000000;1000.000000;1000.000000;1000.000000;1000.000000;0;0
DEPOSIT_RUONIA;D;20090213;000000;1000.000000;1000.000000;1000.000000;1000.000000;0;0
DEPOSIT_RUONIA;D;20090216;000000;1000.000000;1000.000000;1000.000000;1000.000000;0;0
DEPOSIT_RUONIA;D;20090217;000000;1000.000000;1000.000000;1000.000000;1000.000000;0;0
DEPOSIT_RUONIA;D;20090218;000000;1000.000000;1000.000000;1000.000000;1000.000000;0;0
DEPOSIT_RUONIA;D;20090219;000000;1000.000000;1000.000000;1000.000000;1000.000000;0;0
DEPOSIT_RUONIA;D;20090220;000000;1000.000000;1000.000000;1000.000000;1000.000000;0;0
DEPOSIT_RUONIA;D;20090224;000000;1000.000000;1000.000000;1000.000000;1000.000000;0;0
DEPOSIT_RUONIA;D;20090225;000000;1000.000000;1000.000000;1000.000000;1000.000000;0;0
DEPOSIT_RUONIA;D;20090226;000000;1000.000000;1000.000000;1000.000000;1000.000000;0;0
DEPOSIT_RUONIA;D;20090227;000000;1000.000000;1000.000000;1000.000000;1000.000000;0;0
DEPOSIT_RUONIA;D;20090302;000000;1000.000000;1000.000000;1000.000000;1000.000000;0;0
DEPOSIT_RUONIA;D;20090303;000000;1000.000000;1000.000000;1000.000000;1000.000000;0;0
DEPOSIT_RUONIA;D;20090304;000000;1000.000000;1000.000000;1000.000000;1000.000000;0;0
DEPOSIT_RUONIA;D;20090305;000000;1000.000000;1000.000000;1000.000000;1000.000000;0;0
DEPOSIT_RUONIA;D;20090306;000000;1000.000000;1000.000000;1000.000000;1000.000000;0;0
DEPOSIT_RUONIA;D;20090310;000000;1000.000000;1000.000000;1000.000000;1000.000000;0;0
DEPOSIT_RUONIA;D;20090311;000000;1000.000000;1000.000000;1000.000000;1000.000000;0;0
DEPOSIT_RUONIA;D;20090312;000000;1000.000000;1000.000000;1000.000000;1000.000000;0;0
DEPOSIT_RUONIA;D;20090313;000000;1000.000000;1000.000000;1000.000000;1000.000000;0;0
DEPOSIT_RUONIA;D;20090316;000000;1000.000000;1000.000000;1000.000000;1000.000000;0;0
DEPOSIT_RUONIA;D;20090317;000000;1000.000000;1000.000000;1000.000000;1000.000000;0;0
DEPOSIT_RUONIA;D;20090318;000000;1000.000000;1000.000000;1000.000000;1000.000000;0;0
DEPOSIT_RUONIA;D;20090319;000000;1000.000000;1000.000000;1000.000000;1000.000000;0;0
DEPOSIT_RUONIA;D;20090320;000000;1000.000000;1000.000000;1000.000000;1000.000000;0;0
DEPOSIT_RUONIA;D;20090323;000000;1000.000000;1000.000000;1000.000000;1000.000000;0;0
DEPOSIT_RUONIA;D;20090324;000000;1000.000000;1000.000000;1000.000000;1000.000000;0;0
DEPOSIT_RUONIA;D;20090325;000000;1000.000000;1000.000000;1000.000000;1000.000000;0;0
DEPOSIT_RUONIA;D;20090326;000000;1000.000000;1000.000000;1000.000000;1000.000000;0;0
DEPOSIT_RUONIA;D;20090327;000000;1000.000000;1000.000000;1000.000000;1000.000000;0;0
DEPOSIT_RUONIA;D;20090330;000000;1000.000000;1000.000000;1000.000000;1000.000000;0;0
DEPOSIT_RUONIA;D;20090331;000000;1000.000000;1000.000000;1000.000000;1000.000000;0;0
DEPOSIT_RUONIA;D;20090401;000000;1000.000000;1000.000000;1000.000000;1000.000000;0;0
DEPOSIT_RUONIA;D;20090402;000000;1000.000000;1000.000000;1000.000000;1000.000000;0;0
DEPOSIT_RUONIA;D;20090403;000000;1000.000000;1000.000000;1000.000000;1000.000000;0;0
DEPOSIT_RUONIA;D;20090406;000000;1000.000000;1000.000000;1000.000000;1000.000000;0;0
DEPOSIT_RUONIA;D;20090407;000000;1000.000000;1000.000000;1000.000000;1000.000000;0;0
DEPOSIT_RUONIA;D;20090408;000000;1000.000000;1000.000000;1000.000000;1000.000000;0;0
DEPOSIT_RUONIA;D;20090409;000000;1000.000000;1000.000000;1000.000000;1000.000000;0;0
DEPOSIT_RUONIA;D;20090410;000000;1000.000000;1000.000000;1000.000000;1000.000000;0;0
DEPOSIT_RUONIA;D;20090413;000000;1000.000000;1000.000000;1000.000000;1000.000000;0;0
DEPOSIT_RUONIA;D;20090414;000000;1000.000000;1000.000000;1000.000000;1000.000000;0;0
DEPOSIT_RUONIA;D;20090415;000000;1000.000000;1000.000000;1000.000000;1000.000000;0;0
DEPOSIT_RUONIA;D;20090416;000000;1000.000000;1000.000000;1000.000000;1000.000000;0;0
DEPOSIT_RUONIA;D;20090417;000000;1000.000000;1000.000000;1000.000000;1000.000000;0;0
DEPOSIT_RUONIA;D;20090420;000000;1000.000000;1000.000000;1000.000000;1000.000000;0;0
DEPOSIT_RUONIA;D;20090421;000000;1000.000000;1000.000000;1000.000000;1000.000000;0;0
DEPOSIT_RUONIA;D;20090422;000000;1000.000000;1000.000000;1000.000000;1000.000000;0;0
DEPOSIT_RUONIA;D;20090423;000000;1000.000000;1000.000000;1000.000000;1000.000000;0;0
DEPOSIT_RUONIA;D;20090424;000000;1000.000000;1000.000000;1000.000000;1000.000000;0;0
DEPOSIT_RUONIA;D;20090427;000000;1000.000000;1000.000000;1000.000000;1000.000000;0;0
DEPOSIT_RUONIA;D;20090428;000000;1000.000000;1000.000000;1000.000000;1000.000000;0;0
DEPOSIT_RUONIA;D;20090429;000000;1000.000000;1000.000000;1000.000000;1000.000000;0;0
DEPOSIT_RUONIA;D;20090430;000000;1000.000000;1000.000000;1000.000000;1000.000000;0;0
DEPOSIT_RUONIA;D;20090504;000000;1000.000000;1000.000000;1000.000000;1000.000000;0;0
DEPOSIT_RUONIA;D;20090505;000000;1000.000000;1000.000000;1000.000000;1000.000000;0;0
DEPOSIT_RUONIA;D;20090506;000000;1000.000000;1000.000000;1000.000000;1000.000000;0;0
DEPOSIT_RUONIA;D;20090507;000000;1000.000000;1000.000000;1000.000000;1000.000000;0;0
DEPOSIT_RUONIA;D;20090508;000000;1000.000000;1000.000000;1000.000000;1000.000000;0;0
DEPOSIT_RUONIA;D;20090512;000000;1000.000000;1000.000000;1000.000000;1000.000000;0;0
DEPOSIT_RUONIA;D;20090513;000000;1000.000000;1000.000000;1000.000000;1000.000000;0;0
DEPOSIT_RUONIA;D;20090514;000000;1000.000000;1000.000000;1000.000000;1000.000000;0;0
DEPOSIT_RUONIA;D;20090515;000000;1000.000000;1000.000000;1000.000000;1000.000000;0;0
DEPOSIT_RUONIA;D;20090518;000000;1000.000000;1000.000000;1000.000000;1000.000000;0;0
DEPOSIT_RUONIA;D;20090519;000000;1000.000000;1000.000000;1000.000000;1000.000000;0;0
DEPOSIT_RUONIA;D;20090520;000000;1000.000000;1000.000000;1000.000000;1000.000000;0;0
DEPOSIT_RUONIA;D;20090521;000000;1000.000000;1000.000000;1000.000000;1000.000000;0;0
DEPOSIT_RUONIA;D;20090522;000000;1000.000000;1000.000000;1000.000000;1000.000000;0;0
DEPOSIT_RUONIA;D;20090525;000000;1000.000000;1000.000000;1000.000000;1000.000000;0;0
DEPOSIT_RUONIA;D;20090526;000000;1000.000000;1000.000000;1000.000000;1000.000000;0;0
DEPOSIT_RUONIA;D;20090527;000000;1000.000000;1000.000000;1000.000000;1000.000000;0;0
DEPOSIT_RUONIA;D;20090528;000000;1000.000000;1000.000000;1000.000000;1000.000000;0;0
DEPOSIT_RUONIA;D;20090529;000000;1000.000000;1000.000000;1000.000000;1000.000000;0;0
DEPOSIT_RUONIA;D;20090601;000000;1000.000000;1000.000000;1000.000000;1000.000000;0;0
DEPOSIT_RUONIA;D;20090602;000000;1000.000000;1000.000000;1000.000000;1000.000000;0;0
DEPOSIT_RUONIA;D;20090603;000000;1000.000000;1000.000000;1000.000000;1000.000000;0;0
DEPOSIT_RUONIA;D;20090604;000000;1000.000000;1000.000000;1000.000000;1000.000000;0;0
DEPOSIT_RUONIA;D;20090605;000000;1000.000000;1000.000000;1000.000000;1000.000000;0;0
DEPOSIT_RUONIA;D;20090608;000000;1000.000000;1000.000000;1000.000000;1000.000000;0;0
DEPOSIT_RUONIA;D;20090609;000000;1000.000000;1000.000000;1000.000000;1000.000000;0;0
DEPOSIT_RUONIA;D;20090610;000000;1000.000000;1000.000000;1000.000000;1000.000000;0;0
DEPOSIT_RUONIA;D;20090611;000000;1000.000000;1000.000000;1000.000000;1000.000000;0;0
DEPOSIT_RUONIA;D;20090615;000000;1000.000000;1000.000000;1000.000000;1000.000000;0;0
DEPOSIT_RUONIA;D;20090616;000000;1000.000000;1000.000000;1000.000000;1000.000000;0;0
DEPOSIT_RUONIA;D;20090617;000000;1000.000000;1000.000000;1000.000000;1000.000000;0;0
DEPOSIT_RUONIA;D;20090618;000000;1000.000000;1000.000000;1000.000000;1000.000000;0;0
DEPOSIT_RUONIA;D;20090619;000000;1000.000000;1000.000000;1000.000000;1000.000000;0;0
DEPOSIT_RUONIA;D;20090622;000000;1000.000000;1000.000000;1000.000000;1000.000000;0;0
DEPOSIT_RUONIA;D;20090623;000000;1000.000000;1000.000000;1000.000000;1000.000000;0;0
DEPOSIT_RUONIA;D;20090624;000000;1000.000000;1000.000000;1000.000000;1000.000000;0;0
DEPOSIT_RUONIA;D;20090625;000000;1000.000000;1000.000000;1000.000000;1000.000000;0;0
DEPOSIT_RUONIA;D;20090626;000000;1000.000000;1000.000000;1000.000000;1000.000000;0;0
DEPOSIT_RUONIA;D;20090629;000000;1000.000000;1000.000000;1000.000000;1000.000000;0;0
DEPOSIT_RUONIA;D;20090630;000000;1000.000000;1000.000000;1000.000000;1000.000000;0;0
DEPOSIT_RUONIA;D;20090701;000000;1000.000000;1000.000000;1000.000000;1000.000000;0;0
DEPOSIT_RUONIA;D;20090702;000000;1000.000000;1000.000000;1000.000000;1000.000000;0;0
DEPOSIT_RUONIA;D;20090703;000000;1000.000000;1000.000000;1000.000000;1000.000000;0;0
DEPOSIT_RUONIA;D;20090706;000000;1000.000000;1000.000000;1000.000000;1000.000000;0;0
DEPOSIT_RUONIA;D;20090707;000000;1000.000000;1000.000000;1000.000000;1000.000000;0;0
DEPOSIT_RUONIA;D;20090708;000000;1000.000000;1000.000000;1000.000000;1000.000000;0;0
DEPOSIT_RUONIA;D;20090709;000000;1000.000000;1000.000000;1000.000000;1000.000000;0;0
DEPOSIT_RUONIA;D;20090710;000000;1000.000000;1000.000000;1000.000000;1000.000000;0;0
DEPOSIT_RUONIA;D;20090713;000000;1000.000000;1000.000000;1000.000000;1000.000000;0;0
DEPOSIT_RUONIA;D;20090714;000000;1000.000000;1000.000000;1000.000000;1000.000000;0;0
DEPOSIT_RUONIA;D;20090715;000000;1000.000000;1000.000000;1000.000000;1000.000000;0;0
DEPOSIT_RUONIA;D;20090716;000000;1000.000000;1000.000000;1000.000000;1000.000000;0;0
DEPOSIT_RUONIA;D;20090717;000000;1000.000000;1000.000000;1000.000000;1000.000000;0;0
DEPOSIT_RUONIA;D;20090720;000000;1000.000000;1000.000000;1000.000000;1000.000000;0;0
DEPOSIT_RUONIA;D;20090721;000000;1000.000000;1000.000000;1000.000000;1000.000000;0;0
DEPOSIT_RUONIA;D;20090722;000000;1000.000000;1000.000000;1000.000000;1000.000000;0;0
DEPOSIT_RUONIA;D;20090723;000000;1000.000000;1000.000000;1000.000000;1000.000000;0;0
DEPOSIT_RUONIA;D;20090724;000000;1000.000000;1000.000000;1000.000000;1000.000000;0;0
DEPOSIT_RUONIA;D;20090727;000000;1000.000000;1000.000000;1000.000000;1000.000000;0;0
DEPOSIT_RUONIA;D;20090728;000000;1000.000000;1000.000000;1000.000000;1000.000000;0;0
DEPOSIT_RUONIA;D;20090729;000000;1000.000000;1000.000000;1000.000000;1000.000000;0;0
DEPOSIT_RUONIA;D;20090730;000000;1000.000000;1000.000000;1000.000000;1000.000000;0;0
DEPOSIT_RUONIA;D;20090731;000000;1000.000000;1000.000000;1000.000000;1000.000000;0;0
DEPOSIT_RUONIA;D;20090803;000000;1000.000000;1000.000000;1000.000000;1000.000000;0;0
DEPOSIT_RUONIA;D;20090804;000000;1000.000000;1000.000000;1000.000000;1000.000000;0;0
DEPOSIT_RUONIA;D;20090805;000000;1000.000000;1000.000000;1000.000000;1000.000000;0;0
DEPOSIT_RUONIA;D;20090806;000000;1000.000000;1000.000000;1000.000000;1000.000000;0;0
DEPOSIT_RUONIA;D;20090807;000000;1000.000000;1000.000000;1000.000000;1000.000000;0;0
DEPOSIT_RUONIA;D;20090810;000000;1000.000000;1000.000000;1000.000000;1000.000000;0;0
DEPOSIT_RUONIA;D;20090811;000000;1000.000000;1000.000000;1000.000000;1000.000000;0;0
DEPOSIT_RUONIA;D;20090812;000000;1000.000000;1000.000000;1000.000000;1000.000000;0;0
DEPOSIT_RUONIA;D;20090813;000000;1000.000000;1000.000000;1000.000000;1000.000000;0;0
DEPOSIT_RUONIA;D;20090814;000000;1000.000000;1000.000000;1000.000000;1000.000000;0;0
DEPOSIT_RUONIA;D;20090817;000000;1000.000000;1000.000000;1000.000000;1000.000000;0;0
DEPOSIT_RUONIA;D;20090818;000000;1000.000000;1000.000000;1000.000000;1000.000000;0;0
DEPOSIT_RUONIA;D;20090819;000000;1000.000000;1000.000000;1000.000000;1000.000000;0;0
DEPOSIT_RUONIA;D;20090820;000000;1000.000000;1000.000000;1000.000000;1000.000000;0;0
DEPOSIT_RUONIA;D;20090821;000000;1000.000000;1000.000000;1000.000000;1000.000000;0;0
DEPOSIT_RUONIA;D;20090824;000000;1000.000000;1000.000000;1000.000000;1000.000000;0;0
DEPOSIT_RUONIA;D;20090825;000000;1000.000000;1000.000000;1000.000000;1000.000000;0;0
DEPOSIT_RUONIA;D;20090826;000000;1000.000000;1000.000000;1000.000000;1000.000000;0;0
DEPOSIT_RUONIA;D;20090827;000000;1000.000000;1000.000000;1000.000000;1000.000000;0;0
DEPOSIT_RUONIA;D;20090828;000000;1000.000000;1000.000000;1000.000000;1000.000000;0;0
DEPOSIT_RUONIA;D;20090831;000000;1000.000000;1000.000000;1000.000000;1000.000000;0;0
DEPOSIT_RUONIA;D;20090901;000000;1000.000000;1000.000000;1000.000000;1000.000000;0;0
DEPOSIT_RUONIA;D;20090902;000000;1000.000000;1000.000000;1000.000000;1000.000000;0;0
DEPOSIT_RUONIA;D;20090903;000000;1000.000000;1000.000000;1000.000000;1000.000000;0;0
DEPOSIT_RUONIA;D;20090904;000000;1000.000000;1000.000000;1000.000000;1000.000000;0;0
DEPOSIT_RUONIA;D;20090907;000000;1000.000000;1000.000000;1000.000000;1000.000000;0;0
DEPOSIT_RUONIA;D;20090908;000000;1000.000000;1000.000000;1000.000000;1000.000000;0;0
DEPOSIT_RUONIA;D;20090909;000000;1000.000000;1000.000000;1000.000000;1000.000000;0;0
DEPOSIT_RUONIA;D;20090910;000000;1000.000000;1000.000000;1000.000000;1000.000000;0;0
DEPOSIT_RUONIA;D;20090911;000000;1000.000000;1000.000000;1000.000000;1000.000000;0;0
DEPOSIT_RUONIA;D;20090914;000000;1000.000000;1000.000000;1000.000000;1000.000000;0;0
DEPOSIT_RUONIA;D;20090915;000000;1000.000000;1000.000000;1000.000000;1000.000000;0;0
DEPOSIT_RUONIA;D;20090916;000000;1000.000000;1000.000000;1000.000000;1000.000000;0;0
DEPOSIT_RUONIA;D;20090917;000000;1000.000000;1000.000000;1000.000000;1000.000000;0;0
DEPOSIT_RUONIA;D;20090918;000000;1000.000000;1000.000000;1000.000000;1000.000000;0;0
DEPOSIT_RUONIA;D;20090921;000000;1000.000000;1000.000000;1000.000000;1000.000000;0;0
DEPOSIT_RUONIA;D;20090922;000000;1000.000000;1000.000000;1000.000000;1000.000000;0;0
DEPOSIT_RUONIA;D;20090923;000000;1000.000000;1000.000000;1000.000000;1000.000000;0;0
DEPOSIT_RUONIA;D;20090924;000000;1000.000000;1000.000000;1000.000000;1000.000000;0;0
DEPOSIT_RUONIA;D;20090925;000000;1000.000000;1000.000000;1000.000000;1000.000000;0;0
DEPOSIT_RUONIA;D;20090928;000000;1000.000000;1000.000000;1000.000000;1000.000000;0;0
DEPOSIT_RUONIA;D;20090929;000000;1000.000000;1000.000000;1000.000000;1000.000000;0;0
DEPOSIT_RUONIA;D;20090930;000000;1000.000000;1000.000000;1000.000000;1000.000000;0;0
DEPOSIT_RUONIA;D;20091001;000000;1000.000000;1000.000000;1000.000000;1000.000000;0;0
DEPOSIT_RUONIA;D;20091002;000000;1000.000000;1000.000000;1000.000000;1000.000000;0;0
DEPOSIT_RUONIA;D;20091005;000000;1000.000000;1000.000000;1000.000000;1000.000000;0;0
DEPOSIT_RUONIA;D;20091006;000000;1000.000000;1000.000000;1000.000000;1000.000000;0;0
DEPOSIT_RUONIA;D;20091007;000000;1000.000000;1000.000000;1000.000000;1000.000000;0;0
DEPOSIT_RUONIA;D;20091008;000000;1000.000000;1000.000000;1000.000000;1000.000000;0;0
DEPOSIT_RUONIA;D;20091009;000000;1000.000000;1000.000000;1000.000000;1000.000000;0;0
DEPOSIT_RUONIA;D;20091012;000000;1000.000000;1000.000000;1000.000000;1000.000000;0;0
DEPOSIT_RUONIA;D;20091013;000000;1000.000000;1000.000000;1000.000000;1000.000000;0;0
DEPOSIT_RUONIA;D;20091014;000000;1000.000000;1000.000000;1000.000000;1000.000000;0;0
DEPOSIT_RUONIA;D;20091015;000000;1000.000000;1000.000000;1000.000000;1000.000000;0;0
DEPOSIT_RUONIA;D;20091016;000000;1000.000000;1000.000000;1000.000000;1000.000000;0;0
DEPOSIT_RUONIA;D;20091019;000000;1000.000000;1000.000000;1000.000000;1000.000000;0;0
DEPOSIT_RUONIA;D;20091020;000000;1000.000000;1000.000000;1000.000000;1000.000000;0;0
DEPOSIT_RUONIA;D;20091021;000000;1000.000000;1000.000000;1000.000000;1000.000000;0;0
DEPOSIT_RUONIA;D;20091022;000000;1000.000000;1000.000000;1000.000000;1000.000000;0;0
DEPOSIT_RUONIA;D;20091023;000000;1000.000000;1000.000000;1000.000000;1000.000000;0;0
DEPOSIT_RUONIA;D;20091026;000000;1000.000000;1000.000000;1000.000000;1000.000000;0;0
DEPOSIT_RUONIA;D;20091027;000000;1000.000000;1000.000000;1000.000000;1000.000000;0;0
DEPOSIT_RUONIA;D;20091028;000000;1000.000000;1000.000000;1000.000000;1000.000000;0;0
DEPOSIT_RUONIA;D;20091029;000000;1000.000000;1000.000000;1000.000000;1000.000000;0;0
DEPOSIT_RUONIA;D;20091030;000000;1000.000000;1000.000000;1000.000000;1000.000000;0;0
DEPOSIT_RUONIA;D;20091102;000000;1000.000000;1000.000000;1000.000000;1000.000000;0;0
DEPOSIT_RUONIA;D;20091103;000000;1000.000000;1000.000000;1000.000000;1000.000000;0;0
DEPOSIT_RUONIA;D;20091105;000000;1000.000000;1000.000000;1000.000000;1000.000000;0;0
DEPOSIT_RUONIA;D;20091106;000000;1000.000000;1000.000000;1000.000000;1000.000000;0;0
DEPOSIT_RUONIA;D;20091109;000000;1000.000000;1000.000000;1000.000000;1000.000000;0;0
DEPOSIT_RUONIA;D;20091110;000000;1000.000000;1000.000000;1000.000000;1000.000000;0;0
DEPOSIT_RUONIA;D;20091111;000000;1000.000000;1000.000000;1000.000000;1000.000000;0;0
DEPOSIT_RUONIA;D;20091112;000000;1000.000000;1000.000000;1000.000000;1000.000000;0;0
DEPOSIT_RUONIA;D;20091113;000000;1000.000000;1000.000000;1000.000000;1000.000000;0;0
DEPOSIT_RUONIA;D;20091116;000000;1000.000000;1000.000000;1000.000000;1000.000000;0;0
DEPOSIT_RUONIA;D;20091117;000000;1000.000000;1000.000000;1000.000000;1000.000000;0;0
DEPOSIT_RUONIA;D;20091118;000000;1000.000000;1000.000000;1000.000000;1000.000000;0;0
DEPOSIT_RUONIA;D;20091119;000000;1000.000000;1000.000000;1000.000000;1000.000000;0;0
DEPOSIT_RUONIA;D;20091120;000000;1000.000000;1000.000000;1000.000000;1000.000000;0;0
DEPOSIT_RUONIA;D;20091123;000000;1000.000000;1000.000000;1000.000000;1000.000000;0;0
DEPOSIT_RUONIA;D;20091124;000000;1000.000000;1000.000000;1000.000000;1000.000000;0;0
DEPOSIT_RUONIA;D;20091125;000000;1000.000000;1000.000000;1000.000000;1000.000000;0;0
DEPOSIT_RUONIA;D;20091126;000000;1000.000000;1000.000000;1000.000000;1000.000000;0;0
DEPOSIT_RUONIA;D;20091127;000000;1000.000000;1000.000000;1000.000000;1000.000000;0;0
DEPOSIT_RUONIA;D;20091130;000000;1000.000000;1000.000000;1000.000000;1000.000000;0;0
DEPOSIT_RUONIA;D;20091201;000000;1000.000000;1000.000000;1000.000000;1000.000000;0;0
DEPOSIT_RUONIA;D;20091202;000000;1000.000000;1000.000000;1000.000000;1000.000000;0;0
DEPOSIT_RUONIA;D;20091203;000000;1000.000000;1000.000000;1000.000000;1000.000000;0;0
DEPOSIT_RUONIA;D;20091204;000000;1000.000000;1000.000000;1000.000000;1000.000000;0;0
DEPOSIT_RUONIA;D;20091207;000000;1000.000000;1000.000000;1000.000000;1000.000000;0;0
DEPOSIT_RUONIA;D;20091208;000000;1000.000000;1000.000000;1000.000000;1000.000000;0;0
DEPOSIT_RUONIA;D;20091209;000000;1000.000000;1000.000000;1000.000000;1000.000000;0;0
DEPOSIT_RUONIA;D;20091210;000000;1000.000000;1000.000000;1000.000000;1000.000000;0;0
DEPOSIT_RUONIA;D;20091211;000000;1000.000000;1000.000000;1000.000000;1000.000000;0;0
DEPOSIT_RUONIA;D;20091214;000000;1000.000000;1000.000000;1000.000000;1000.000000;0;0
DEPOSIT_RUONIA;D;20091215;000000;1000.000000;1000.000000;1000.000000;1000.000000;0;0
DEPOSIT_RUONIA;D;20091216;000000;1000.000000;1000.000000;1000.000000;1000.000000;0;0
DEPOSIT_RUONIA;D;20091217;000000;1000.000000;1000.000000;1000.000000;1000.000000;0;0
DEPOSIT_RUONIA;D;20091218;000000;1000.000000;1000.000000;1000.000000;1000.000000;0;0
DEPOSIT_RUONIA;D;20091221;000000;1000.000000;1000.000000;1000.000000;1000.000000;0;0
DEPOSIT_RUONIA;D;20091222;000000;1000.000000;1000.000000;1000.000000;1000.000000;0;0
DEPOSIT_RUONIA;D;20091223;000000;1000.000000;1000.000000;1000.000000;1000.000000;0;0
DEPOSIT_RUONIA;D;20091224;000000;1000.000000;1000.000000;1000.000000;1000.000000;0;0
DEPOSIT_RUONIA;D;20091225;000000;1000.000000;1000.000000;1000.000000;1000.000000;0;0
DEPOSIT_RUONIA;D;20091228;000000;1000.000000;1000.000000;1000.000000;1000.000000;0;0
DEPOSIT_RUONIA;D;20091229;000000;1000.000000;1000.000000;1000.000000;1000.000000;0;0
DEPOSIT_RUONIA;D;20091230;000000;1000.000000;1000.000000;1000.000000;1000.000000;0;0
DEPOSIT_RUONIA;D;20091231;000000;1000.000000;1000.000000;1000.000000;1000.000000;0;0
DEPOSIT_RUONIA;D;20100111;000000;1000.000000;1000.000000;1000.000000;1000.000000;0;0
DEPOSIT_RUONIA;D;20100112;000000;1000.118254;1000.118254;1000.118254;1000.118254;0;0
DEPOSIT_RUONIA;D;20100113;000000;1000.241284;1000.241284;1000.241284;1000.241284;0;0
DEPOSIT_RUONIA;D;20100114;000000;1000.376238;1000.376238;1000.376238;1000.376238;0;0
DEPOSIT_RUONIA;D;20100115;000000;1000.518751;1000.518751;1000.518751;1000.518751;0;0
DEPOSIT_RUONIA;D;20100118;000000;1000.685902;1000.685902;1000.685902;1000.685902;0;0
DEPOSIT_RUONIA;D;20100119;000000;1000.819326;1000.819326;1000.819326;1000.819326;0;0
DEPOSIT_RUONIA;D;20100120;000000;1000.953960;1000.953960;1000.953960;1000.953960;0;0
DEPOSIT_RUONIA;D;20100121;000000;1001.116814;1001.116814;1001.116814;1001.116814;0;0
DEPOSIT_RUONIA;D;20100122;000000;1001.276516;1001.276516;1001.276516;1001.276516;0;0
DEPOSIT_RUONIA;D;20100125;000000;1001.491473;1001.491473;1001.491473;1001.491473;0;0
DEPOSIT_RUONIA;D;20100126;000000;1001.689386;1001.689386;1001.689386;1001.689386;0;0
DEPOSIT_RUONIA;D;20100127;000000;1001.863887;1001.863887;1001.863887;1001.863887;0;0
DEPOSIT_RUONIA;D;20100128;000000;1002.038418;1002.038418;1002.038418;1002.038418;0;0
DEPOSIT_RUONIA;D;20100129;000000;1002.209401;1002.209401;1002.209401;1002.209401;0;0
DEPOSIT_RUONIA;D;20100201;000000;1002.368084;1002.368084;1002.368084;1002.368084;0;0
DEPOSIT_RUONIA;D;20100202;000000;1002.507302;1002.507302;1002.507302;1002.507302;0;0
DEPOSIT_RUONIA;D;20100203;000000;1002.654893;1002.654893;1002.654893;1002.654893;0;0
DEPOSIT_RUONIA;D;20100204;000000;1002.797334;1002.797334;1002.797334;1002.797334;0;0
DEPOSIT_RUONIA;D;20100205;000000;1002.929050;1002.929050;1002.929050;1002.929050;0;0
DEPOSIT_RUONIA;D;20100208;000000;1003.066754;1003.066754;1003.066754;1003.066754;0;0
DEPOSIT_RUONIA;D;20100209;000000;1003.220797;1003.220797;1003.220797;1003.220797;0;0
DEPOSIT_RUONIA;D;20100210;000000;1003.361725;1003.361725;1003.361725;1003.361725;0;0
DEPOSIT_RUONIA;D;20100211;000000;1003.507452;1003.507452;1003.507452;1003.507452;0;0
DEPOSIT_RUONIA;D;20100212;000000;1003.649615;1003.649615;1003.649615;1003.649615;0;0
DEPOSIT_RUONIA;D;20100215;000000;1003.785825;1003.785825;1003.785825;1003.785825;0;0
DEPOSIT_RUONIA;D;20100216;000000;1003.950732;1003.950732;1003.950732;1003.950732;0;0
DEPOSIT_RUONIA;D;20100217;000000;1004.104512;1004.104512;1004.104512;1004.104512;0;0
DEPOSIT_RUONIA;D;20100218;000000;1004.257519;1004.257519;1004.257519;1004.257519;0;0
DEPOSIT_RUONIA;D;20100219;000000;1004.421308;1004.421308;1004.421308;1004.421308;0;0
DEPOSIT_RUONIA;D;20100224;000000;1004.565196;1004.565196;1004.565196;1004.565196;0;0
DEPOSIT_RUONIA;D;20100225;000000;1004.701131;1004.701131;1004.701131;1004.701131;0;0
DEPOSIT_RUONIA;D;20100226;000000;1004.884130;1004.884130;1004.884130;1004.884130;0;0
DEPOSIT_RUONIA;D;20100227;000000;1005.025292;1005.025292;1005.025292;1005.025292;0;0
DEPOSIT_RUONIA;D;20100301;000000;1005.128985;1005.128985;1005.128985;1005.128985;0;0
DEPOSIT_RUONIA;D;20100302;000000;1005.261407;1005.261407;1005.261407;1005.261407;0;0
DEPOSIT_RUONIA;D;20100303;000000;1005.381480;1005.381480;1005.381480;1005.381480;0;0
DEPOSIT_RUONIA;D;20100304;000000;1005.514733;1005.514733;1005.514733;1005.514733;0;0
DEPOSIT_RUONIA;D;20100305;000000;1005.655585;1005.655585;1005.655585;1005.655585;0;0
DEPOSIT_RUONIA;D;20100309;000000;1005.799649;1005.799649;1005.799649;1005.799649;0;0
DEPOSIT_RUONIA;D;20100310;000000;1005.934953;1005.934953;1005.934953;1005.934953;0;0
DEPOSIT_RUONIA;D;20100311;000000;1006.059497;1006.059497;1006.059497;1006.059497;0;0
DEPOSIT_RUONIA;D;20100312;000000;1006.178468;1006.178468;1006.178468;1006.178468;0;0
DEPOSIT_RUONIA;D;20100315;000000;1006.292262;1006.292262;1006.292262;1006.292262;0;0
DEPOSIT_RUONIA;D;20100316;000000;1006.441209;1006.441209;1006.441209;1006.441209;0;0
DEPOSIT_RUONIA;D;20100317;000000;1006.588181;1006.588181;1006.588181;1006.588181;0;0
DEPOSIT_RUONIA;D;20100318;000000;1006.726787;1006.726787;1006.726787;1006.726787;0;0
DEPOSIT_RUONIA;D;20100319;000000;1006.863814;1006.863814;1006.863814;1006.863814;0;0
DEPOSIT_RUONIA;D;20100322;000000;1006.980082;1006.980082;1006.980082;1006.980082;0;0
DEPOSIT_RUONIA;D;20100323;000000;1007.104357;1007.104357;1007.104357;1007.104357;0;0
DEPOSIT_RUONIA;D;20100324;000000;1007.229845;1007.229845;1007.229845;1007.229845;0;0
DEPOSIT_RUONIA;D;20100325;000000;1007.363743;1007.363743;1007.363743;1007.363743;0;0
DEPOSIT_RUONIA;D;20100326;000000;1007.546827;1007.546827;1007.546827;1007.546827;0;0
DEPOSIT_RUONIA;D;20100329;000000;1007.703157;1007.703157;1007.703157;1007.703157;0;0
DEPOSIT_RUONIA;D;20100330;000000;1007.855512;1007.855512;1007.855512;1007.855512;0;0
DEPOSIT_RUONIA;D;20100331;000000;1008.036286;1008.036286;1008.036286;1008.036286;0;0
DEPOSIT_RUONIA;D;20100401;000000;1008.161490;1008.161490;1008.161490;1008.161490;0;0
DEPOSIT_RUONIA;D;20100402;000000;1008.291111;1008.291111;1008.291111;1008.291111;0;0
DEPOSIT_RUONIA;D;20100405;000000;1008.421949;1008.421949;1008.421949;1008.421949;0;0
DEPOSIT_RUONIA;D;20100406;000000;1008.546001;1008.546001;1008.546001;1008.546001;0;0
DEPOSIT_RUONIA;D;20100407;000000;1008.667266;1008.667266;1008.667266;1008.667266;0;0
DEPOSIT_RUONIA;D;20100408;000000;1008.787346;1008.787346;1008.787346;1008.787346;0;0
DEPOSIT_RUONIA;D;20100409;000000;1008.903436;1008.903436;1008.903436;1008.903436;0;0
DEPOSIT_RUONIA;D;20100412;000000;1009.021542;1009.021542;1009.021542;1009.021542;0;0
DEPOSIT_RUONIA;D;20100413;000000;1009.143666;1009.143666;1009.143666;1009.143666;0;0
DEPOSIT_RUONIA;D;20100414;000000;1009.267406;1009.267406;1009.267406;1009.267406;0;0
DEPOSIT_RUONIA;D;20100415;000000;1009.393965;1009.393965;1009.393965;1009.393965;0;0
DEPOSIT_RUONIA;D;20100416;000000;1009.546576;1009.546576;1009.546576;1009.546576;0;0
DEPOSIT_RUONIA;D;20100419;000000;1009.685188;1009.685188;1009.685188;1009.685188;0;0
DEPOSIT_RUONIA;D;20100420;000000;1009.801382;1009.801382;1009.801382;1009.801382;0;0
DEPOSIT_RUONIA;D;20100421;000000;1009.938427;1009.938427;1009.938427;1009.938427;0;0
DEPOSIT_RUONIA;D;20100422;000000;1010.071081;1010.071081;1010.071081;1010.071081;0;0
DEPOSIT_RUONIA;D;20100423;000000;1010.203352;1010.203352;1010.203352;1010.203352;0;0
DEPOSIT_RUONIA;D;20100426;000000;1010.317201;1010.317201;1010.317201;1010.317201;0;0
DEPOSIT_RUONIA;D;20100427;000000;1010.451910;1010.451910;1010.451910;1010.451910;0;0
DEPOSIT_RUONIA;D;20100428;000000;1010.580221;1010.580221;1010.580221;1010.580221;0;0
DEPOSIT_RUONIA;D;20100429;000000;1010.726194;1010.726194;1010.726194;1010.726194;0;0
DEPOSIT_RUONIA;D;20100430;000000;1010.885022;1010.885022;1010.885022;1010.885022;0;0
DEPOSIT_RUONIA;D;20100504;000000;1011.001755;1011.001755;1011.001755;1011.001755;0;0
DEPOSIT_RUONIA;D;20100505;000000;1011.115694;1011.115694;1011.115694;1011.115694;0;0
DEPOSIT_RUONIA;D;20100506;000000;1011.228842;1011.228842;1011.228842;1011.228842;0;0
DEPOSIT_RUONIA;D;20100507;000000;1011.343207;1011.343207;1011.343207;1011.343207;0;0
DEPOSIT_RUONIA;D;20100511;000000;1011.437519;1011.437519;1011.437519;1011.437519;0;0
DEPOSIT_RUONIA;D;20100512;000000;1011.551105;1011.551105;1011.551105;1011.551105;0;0
DEPOSIT_RUONIA;D;20100513;000000;1011.642225;1011.642225;1011.642225;1011.642225;0;0
DEPOSIT_RUONIA;D;20100514;000000;1011.739375;1011.739375;1011.739375;1011.739375;0;0
DEPOSIT_RUONIA;D;20100517;000000;1011.839344;1011.839344;1011.839344;1011.839344;0;0
DEPOSIT_RUONIA;D;20100518;000000;1011.962210;1011.962210;1011.962210;1011.962210;0;0
DEPOSIT_RUONIA;D;20100519;000000;1012.066619;1012.066619;1012.066619;1012.066619;0;0
DEPOSIT_RUONIA;D;20100520;000000;1012.176661;1012.176661;1012.176661;1012.176661;0;0
DEPOSIT_RUONIA;D;20100521;000000;1012.285109;1012.285109;1012.285109;1012.285109;0;0
DEPOSIT_RUONIA;D;20100524;000000;1012.383124;1012.383124;1012.383124;1012.383124;0;0
DEPOSIT_RUONIA;D;20100525;000000;1012.486371;1012.486371;1012.486371;1012.486371;0;0
DEPOSIT_RUONIA;D;20100526;000000;1012.588423;1012.588423;1012.588423;1012.588423;0;0
DEPOSIT_RUONIA;D;20100527;000000;1012.692495;1012.692495;1012.692495;1012.692495;0;0
DEPOSIT_RUONIA;D;20100528;000000;1012.798184;1012.798184;1012.798184;1012.798184;0;0
DEPOSIT_RUONIA;D;20100531;000000;1012.908708;1012.908708;1012.908708;1012.908708;0;0
DEPOSIT_RUONIA;D;20100601;000000;1013.021655;1013.021655;1013.021655;1013.021655;0;0
DEPOSIT_RUONIA;D;20100602;000000;1013.103662;1013.103662;1013.103662;1013.103662;0;0
DEPOSIT_RUONIA;D;20100603;000000;1013.197736;1013.197736;1013.197736;1013.197736;0;0
DEPOSIT_RUONIA;D;20100604;000000;1013.288602;1013.288602;1013.288602;1013.288602;0;0
DEPOSIT_RUONIA;D;20100607;000000;1013.384301;1013.384301;1013.384301;1013.384301;0;0
DEPOSIT_RUONIA;D;20100608;000000;1013.488857;1013.488857;1013.488857;1013.488857;0;0
DEPOSIT_RUONIA;D;20100609;000000;1013.580956;1013.580956;1013.580956;1013.580956;0;0
DEPOSIT_RUONIA;D;20100610;000000;1013.681912;1013.681912;1013.681912;1013.681912;0;0
DEPOSIT_RUONIA;D;20100611;000000;1013.778855;1013.778855;1013.778855;1013.778855;0;0
DEPOSIT_RUONIA;D;20100615;000000;1013.878221;1013.878221;1013.878221;1013.878221;0;0
DEPOSIT_RUONIA;D;20100616;000000;1013.976793;1013.976793;1013.976793;1013.976793;0;0
DEPOSIT_RUONIA;D;20100617;000000;1014.078191;1014.078191;1014.078191;1014.078191;0;0
DEPOSIT_RUONIA;D;20100618;000000;1014.166721;1014.166721;1014.166721;1014.166721;0;0
DEPOSIT_RUONIA;D;20100621;000000;1014.268138;1014.268138;1014.268138;1014.268138;0;0
DEPOSIT_RUONIA;D;20100622;000000;1014.371577;1014.371577;1014.371577;1014.371577;0;0
DEPOSIT_RUONIA;D;20100623;000000;1014.465366;1014.465366;1014.465366;1014.465366;0;0
DEPOSIT_RUONIA;D;20100624;000000;1014.553126;1014.553126;1014.553126;1014.553126;0;0
DEPOSIT_RUONIA;D;20100625;000000;1014.643711;1014.643711;1014.643711;1014.643711;0;0
DEPOSIT_RUONIA;D;20100628;000000;1014.750007;1014.750007;1014.750007;1014.750007;0;0
DEPOSIT_RUONIA;D;20100629;000000;1014.882488;1014.882488;1014.882488;1014.882488;0;0
DEPOSIT_RUONIA;D;20100630;000000;1014.987198;1014.987198;1014.987198;1014.987198;0;0
DEPOSIT_RUONIA;D;20100701;000000;1015.077016;1015.077016;1015.077016;1015.077016;0;0
DEPOSIT_RUONIA;D;20100702;000000;1015.157981;1015.157981;1015.157981;1015.157981;0;0
DEPOSIT_RUONIA;D;20100705;000000;1015.255065;1015.255065;1015.255065;1015.255065;0;0
DEPOSIT_RUONIA;D;20100706;000000;1015.356591;1015.356591;1015.356591;1015.356591;0;0
DEPOSIT_RUONIA;D;20100707;000000;1015.460544;1015.460544;1015.460544;1015.460544;0;0
DEPOSIT_RUONIA;D;20100708;000000;1015.559269;1015.559269;1015.559269;1015.559269;0;0
DEPOSIT_RUONIA;D;20100709;000000;1015.658004;1015.658004;1015.658004;1015.658004;0;0
DEPOSIT_RUONIA;D;20100712;000000;1015.751912;1015.751912;1015.751912;1015.751912;0;0
DEPOSIT_RUONIA;D;20100713;000000;1015.852278;1015.852278;1015.852278;1015.852278;0;0
DEPOSIT_RUONIA;D;20100714;000000;1015.949832;1015.949832;1015.949832;1015.949832;0;0
DEPOSIT_RUONIA;D;20100715;000000;1016.049815;1016.049815;1016.049815;1016.049815;0;0
DEPOSIT_RUONIA;D;20100716;000000;1016.149807;1016.149807;1016.149807;1016.149807;0;0
DEPOSIT_RUONIA;D;20100719;000000;1016.255454;1016.255454;1016.255454;1016.255454;0;0
DEPOSIT_RUONIA;D;20100720;000000;1016.360709;1016.360709;1016.360709;1016.360709;0;0
DEPOSIT_RUONIA;D;20100721;000000;1016.467992;1016.467992;1016.467992;1016.467992;0;0
DEPOSIT_RUONIA;D;20100722;000000;1016.574882;1016.574882;1016.574882;1016.574882;0;0
DEPOSIT_RUONIA;D;20100723;000000;1016.662824;1016.662824;1016.662824;1016.662824;0;0
DEPOSIT_RUONIA;D;20100726;000000;1016.768928;1016.768928;1016.768928;1016.768928;0;0
DEPOSIT_RUONIA;D;20100727;000000;1016.896831;1016.896831;1016.896831;1016.896831;0;0
DEPOSIT_RUONIA;D;20100728;000000;1017.016276;1017.016276;1017.016276;1017.016276;0;0
DEPOSIT_RUONIA;D;20100729;000000;1017.153493;1017.153493;1017.153493;1017.153493;0;0
DEPOSIT_RUONIA;D;20100730;000000;1017.268124;1017.268124;1017.268124;1017.268124;0;0
DEPOSIT_RUONIA;D;20100802;000000;1017.375099;1017.375099;1017.375099;1017.375099;0;0
DEPOSIT_RUONIA;D;20100803;000000;1017.464725;1017.464725;1017.464725;1017.464725;0;0
DEPOSIT_RUONIA;D;20100804;000000;1017.570509;1017.570509;1017.570509;1017.570509;0;0
DEPOSIT_RUONIA;D;20100805;000000;1017.666613;1017.666613;1017.666613;1017.666613;0;0
DEPOSIT_RUONIA;D;20100806;000000;1017.762726;1017.762726;1017.762726;1017.762726;0;0
DEPOSIT_RUONIA;D;20100809;000000;1017.869752;1017.869752;1017.869752;1017.869752;0;0
DEPOSIT_RUONIA;D;20100810;000000;1017.972751;1017.972751;1017.972751;1017.972751;0;0
DEPOSIT_RUONIA;D;20100811;000000;1018.077376;1018.077376;1018.077376;1018.077376;0;0
DEPOSIT_RUONIA;D;20100812;000000;1018.184436;1018.184436;1018.184436;1018.184436;0;0
DEPOSIT_RUONIA;D;20100813;000000;1018.280194;1018.280194;1018.280194;1018.280194;0;0
DEPOSIT_RUONIA;D;20100816;000000;1018.388487;1018.388487;1018.388487;1018.388487;0;0
DEPOSIT_RUONIA;D;20100817;000000;1018.496792;1018.496792;1018.496792;1018.496792;0;0
DEPOSIT_RUONIA;D;20100818;000000;1018.600258;1018.600258;1018.600258;1018.600258;0;0
DEPOSIT_RUONIA;D;20100819;000000;1018.698884;1018.698884;1018.698884;1018.698884;0;0
DEPOSIT_RUONIA;D;20100820;000000;1018.789840;1018.789840;1018.789840;1018.789840;0;0
DEPOSIT_RUONIA;D;20100823;000000;1018.894549;1018.894549;1018.894549;1018.894549;0;0
DEPOSIT_RUONIA;D;20100824;000000;1018.996438;1018.996438;1018.996438;1018.996438;0;0
DEPOSIT_RUONIA;D;20100825;000000;1019.099551;1019.099551;1019.099551;1019.099551;0;0
DEPOSIT_RUONIA;D;20100826;000000;1019.208336;1019.208336;1019.208336;1019.208336;0;0
DEPOSIT_RUONIA;D;20100827;000000;1019.307830;1019.307830;1019.307830;1019.307830;0;0
DEPOSIT_RUONIA;D;20100830;000000;1019.415828;1019.415828;1019.415828;1019.415828;0;0
DEPOSIT_RUONIA;D;20100831;000000;1019.528692;1019.528692;1019.528692;1019.528692;0;0
DEPOSIT_RUONIA;D;20100901;000000;1019.633477;1019.633477;1019.633477;1019.633477;0;0
DEPOSIT_RUONIA;D;20100902;000000;1019.727752;1019.727752;1019.727752;1019.727752;0;0
DEPOSIT_RUONIA;D;20100903;000000;1019.820013;1019.820013;1019.820013;1019.820013;0;0
DEPOSIT_RUONIA;D;20100906;000000;1019.917949;1019.917949;1019.917949;1019.917949;0;0
DEPOSIT_RUONIA;D;20100907;000000;1020.019131;1020.019131;1020.019131;1020.019131;0;0
DEPOSIT_RUONIA;D;20100908;000000;1020.117085;1020.117085;1020.117085;1020.117085;0;0
DEPOSIT_RUONIA;D;20100909;000000;1020.211810;1020.211810;1020.211810;1020.211810;0;0
DEPOSIT_RUONIA;D;20100910;000000;1020.295209;1020.295209;1020.295209;1020.295209;0;0
DEPOSIT_RUONIA;D;20100913;000000;1020.399262;1020.399262;1020.399262;1020.399262;0;0
DEPOSIT_RUONIA;D;20100914;000000;1020.512235;1020.512235;1020.512235;1020.512235;0;0
DEPOSIT_RUONIA;D;20100915;000000;1020.619146;1020.619146;1020.619146;1020.619146;0;0
DEPOSIT_RUONIA;D;20100916;000000;1020.728903;1020.728903;1020.728903;1020.728903;0;0
DEPOSIT_RUONIA;D;20100917;000000;1020.824090;1020.824090;1020.824090;1020.824090;0;0
DEPOSIT_RUONIA;D;20100920;000000;1020.924957;1020.924957;1020.924957;1020.924957;0;0
DEPOSIT_RUONIA;D;20100921;000000;1021.030696;1021.030696;1021.030696;1021.030696;0;0
DEPOSIT_RUONIA;D;20100922;000000;1021.129963;1021.129963;1021.129963;1021.129963;0;0
DEPOSIT_RUONIA;D;20100923;000000;1021.230860;1021.230860;1021.230860;1021.230860;0;0
DEPOSIT_RUONIA;D;20100924;000000;1021.335009;1021.335009;1021.335009;1021.335009;0;0
DEPOSIT_RUONIA;D;20100927;000000;1021.443222;1021.443222;1021.443222;1021.443222;0;0
DEPOSIT_RUONIA;D;20100928;000000;1021.562391;1021.562391;1021.562391;1021.562391;0;0
DEPOSIT_RUONIA;D;20100929;000000;1021.678735;1021.678735;1021.678735;1021.678735;0;0
DEPOSIT_RUONIA;D;20100930;000000;1021.791850;1021.791850;1021.791850;1021.791850;0;0
DEPOSIT_RUONIA;D;20101001;000000;1021.897678;1021.897678;1021.897678;1021.897678;0;0
DEPOSIT_RUONIA;D;20101004;000000;1021.990136;1021.990136;1021.990136;1021.990136;0;0
DEPOSIT_RUONIA;D;20101005;000000;1022.087874;1022.087874;1022.087874;1022.087874;0;0
DEPOSIT_RUONIA;D;20101006;000000;1022.188054;1022.188054;1022.188054;1022.188054;0;0
DEPOSIT_RUONIA;D;20101007;000000;1022.284594;1022.284594;1022.284594;1022.284594;0;0
DEPOSIT_RUONIA;D;20101008;000000;1022.377492;1022.377492;1022.377492;1022.377492;0;0
DEPOSIT_RUONIA;D;20101011;000000;1022.476079;1022.476079;1022.476079;1022.476079;0;0
DEPOSIT_RUONIA;D;20101012;000000;1022.577921;1022.577921;1022.577921;1022.577921;0;0
DEPOSIT_RUONIA;D;20101013;000000;1022.680179;1022.680179;1022.680179;1022.680179;0;0
DEPOSIT_RUONIA;D;20101014;000000;1022.784881;1022.784881;1022.784881;1022.784881;0;0
DEPOSIT_RUONIA;D;20101015;000000;1022.884319;1022.884319;1022.884319;1022.884319;0;0
DEPOSIT_RUONIA;D;20101018;000000;1022.987013;1022.987013;1022.987013;1022.987013;0;0
DEPOSIT_RUONIA;D;20101019;000000;1023.093777;1023.093777;1023.093777;1023.093777;0;0
DEPOSIT_RUONIA;D;20101020;000000;1023.196899;1023.196899;1023.196899;1023.196899;0;0
DEPOSIT_RUONIA;D;20101021;000000;1023.307339;1023.307339;1023.307339;1023.307339;0;0
DEPOSIT_RUONIA;D;20101022;000000;1023.419416;1023.419416;1023.419416;1023.419416;0;0
DEPOSIT_RUONIA;D;20101025;000000;1023.532317;1023.532317;1023.532317;1023.532317;0;0
DEPOSIT_RUONIA;D;20101026;000000;1023.659040;1023.659040;1023.659040;1023.659040;0;0
DEPOSIT_RUONIA;D;20101027;000000;1023.787403;1023.787403;1023.787403;1023.787403;0;0
DEPOSIT_RUONIA;D;20101028;000000;1023.908876;1023.908876;1023.908876;1023.908876;0;0
DEPOSIT_RUONIA;D;20101029;000000;1024.029145;1024.029145;1024.029145;1024.029145;0;0
DEPOSIT_RUONIA;D;20101101;000000;1024.153491;1024.153491;1024.153491;1024.153491;0;0
DEPOSIT_RUONIA;D;20101102;000000;1024.271350;1024.271350;1024.271350;1024.271350;0;0
DEPOSIT_RUONIA;D;20101103;000000;1024.385158;1024.385158;1024.385158;1024.385158;0;0
DEPOSIT_RUONIA;D;20101108;000000;1024.497759;1024.497759;1024.497759;1024.497759;0;0
DEPOSIT_RUONIA;D;20101109;000000;1024.611592;1024.611592;1024.611592;1024.611592;0;0
DEPOSIT_RUONIA;D;20101110;000000;1024.718526;1024.718526;1024.718526;1024.718526;0;0
DEPOSIT_RUONIA;D;20101111;000000;1024.828317;1024.828317;1024.828317;1024.828317;0;0
DEPOSIT_RUONIA;D;20101112;000000;1024.937307;1024.937307;1024.937307;1024.937307;0;0
DEPOSIT_RUONIA;D;20101113;000000;1025.045902;1025.045902;1025.045902;1025.045902;0;0
DEPOSIT_RUONIA;D;20101115;000000;1025.151254;1025.151254;1025.151254;1025.151254;0;0
DEPOSIT_RUONIA;D;20101116;000000;1025.262718;1025.262718;1025.262718;1025.262718;0;0
DEPOSIT_RUONIA;D;20101117;000000;1025.372161;1025.372161;1025.372161;1025.372161;0;0
DEPOSIT_RUONIA;D;20101118;000000;1025.479581;1025.479581;1025.479581;1025.479581;0;0
DEPOSIT_RUONIA;D;20101119;000000;1025.589047;1025.589047;1025.589047;1025.589047;0;0
DEPOSIT_RUONIA;D;20101122;000000;1025.706257;1025.706257;1025.706257;1025.706257;0;0
DEPOSIT_RUONIA;D;20101123;000000;1025.845460;1025.845460;1025.845460;1025.845460;0;0
DEPOSIT_RUONIA;D;20101124;000000;1025.967585;1025.967585;1025.967585;1025.967585;0;0
DEPOSIT_RUONIA;D;20101125;000000;1026.085652;1026.085652;1026.085652;1026.085652;0;0
DEPOSIT_RUONIA;D;20101126;000000;1026.219206;1026.219206;1026.219206;1026.219206;0;0
DEPOSIT_RUONIA;D;20101129;000000;1026.347076;1026.347076;1026.347076;1026.347076;0;0
DEPOSIT_RUONIA;D;20101130;000000;1026.520985;1026.520985;1026.520985;1026.520985;0;0
DEPOSIT_RUONIA;D;20101201;000000;1026.701441;1026.701441;1026.701441;1026.701441;0;0
DEPOSIT_RUONIA;D;20101202;000000;1026.828964;1026.828964;1026.828964;1026.828964;0;0
DEPOSIT_RUONIA;D;20101203;000000;1026.942241;1026.942241;1026.942241;1026.942241;0;0
DEPOSIT_RUONIA;D;20101206;000000;1027.055531;1027.055531;1027.055531;1027.055531;0;0
DEPOSIT_RUONIA;D;20101207;000000;1027.171686;1027.171686;1027.171686;1027.171686;0;0
DEPOSIT_RUONIA;D;20101208;000000;1027.287447;1027.287447;1027.287447;1027.287447;0;0
DEPOSIT_RUONIA;D;20101209;000000;1027.402405;1027.402405;1027.402405;1027.402405;0;0
DEPOSIT_RUONIA;D;20101210;000000;1027.508814;1027.508814;1027.508814;1027.508814;0;0
DEPOSIT_RUONIA;D;20101213;000000;1027.618905;1027.618905;1027.618905;1027.618905;0;0
DEPOSIT_RUONIA;D;20101214;000000;1027.730230;1027.730230;1027.730230;1027.730230;0;0
DEPOSIT_RUONIA;D;20101215;000000;1027.854618;1027.854618;1027.854618;1027.854618;0;0
DEPOSIT_RUONIA;D;20101216;000000;1027.973719;1027.973719;1027.973719;1027.973719;0;0
DEPOSIT_RUONIA;D;20101217;000000;1028.078148;1028.078148;1028.078148;1028.078148;0;0
DEPOSIT_RUONIA;D;20101220;000000;1028.178508;1028.178508;1028.178508;1028.178508;0;0
DEPOSIT_RUONIA;D;20101221;000000;1028.289894;1028.289894;1028.289894;1028.289894;0;0
DEPOSIT_RUONIA;D;20101222;000000;1028.396803;1028.396803;1028.396803;1028.396803;0;0
DEPOSIT_RUONIA;D;20101223;000000;1028.509845;1028.509845;1028.509845;1028.509845;0;0
DEPOSIT_RUONIA;D;20101224;000000;1028.622492;1028.622492;1028.622492;1028.622492;0;0
DEPOSIT_RUONIA;D;20101227;000000;1028.742498;1028.742498;1028.742498;1028.742498;0;0
DEPOSIT_RUONIA;D;20101228;000000;1028.903341;1028.903341;1028.903341;1028.903341;0;0
DEPOSIT_RUONIA;D;20101229;000000;1029.038078;1029.038078;1029.038078;1029.038078;0;0
DEPOSIT_RUONIA;D;20101230;000000;1029.149965;1029.149965;1029.149965;1029.149965;0;0
DEPOSIT_RUONIA;D;20110111;000000;1029.268399;1029.268399;1029.268399;1029.268399;0;0
DEPOSIT_RUONIA;D;20110112;000000;1029.368059;1029.368059;1029.368059;1029.368059;0;0
DEPOSIT_RUONIA;D;20110113;000000;1029.471404;1029.471404;1029.471404;1029.471404;0;0
DEPOSIT_RUONIA;D;20110114;000000;1029.574351;1029.574351;1029.574351;1029.574351;0;0
DEPOSIT_RUONIA;D;20110117;000000;1029.676491;1029.676491;1029.676491;1029.676491;0;0
DEPOSIT_RUONIA;D;20110118;000000;1029.785997;1029.785997;1029.785997;1029.785997;0;0
DEPOSIT_RUONIA;D;20110119;000000;1029.895922;1029.895922;1029.895922;1029.895922;0;0
DEPOSIT_RUONIA;D;20110120;000000;1029.993599;1029.993599;1029.993599;1029.993599;0;0
DEPOSIT_RUONIA;D;20110121;000000;1030.105999;1030.105999;1030.105999;1030.105999;0;0
DEPOSIT_RUONIA;D;20110124;000000;1030.212280;1030.212280;1030.212280;1030.212280;0;0
DEPOSIT_RUONIA;D;20110125;000000;1030.327565;1030.327565;1030.327565;1030.327565;0;0
DEPOSIT_RUONIA;D;20110126;000000;1030.436322;1030.436322;1030.436322;1030.436322;0;0
DEPOSIT_RUONIA;D;20110127;000000;1030.547135;1030.547135;1030.547135;1030.547135;0;0
DEPOSIT_RUONIA;D;20110128;000000;1030.655506;1030.655506;1030.655506;1030.655506;0;0
DEPOSIT_RUONIA;D;20110131;000000;1030.772886;1030.772886;1030.772886;1030.772886;0;0
DEPOSIT_RUONIA;D;20110201;000000;1030.886189;1030.886189;1030.886189;1030.886189;0;0
DEPOSIT_RUONIA;D;20110202;000000;1030.982324;1030.982324;1030.982324;1030.982324;0;0
DEPOSIT_RUONIA;D;20110203;000000;1031.088286;1031.088286;1031.088286;1031.088286;0;0
DEPOSIT_RUONIA;D;20110204;000000;1031.201624;1031.201624;1031.201624;1031.201624;0;0
DEPOSIT_RUONIA;D;20110207;000000;1031.306381;1031.306381;1031.306381;1031.306381;0;0
DEPOSIT_RUONIA;D;20110208;000000;1031.409511;1031.409511;1031.409511;1031.409511;0;0
DEPOSIT_RUONIA;D;20110209;000000;1031.517564;1031.517564;1031.517564;1031.517564;0;0
DEPOSIT_RUONIA;D;20110210;000000;1031.621125;1031.621125;1031.621125;1031.621125;0;0
DEPOSIT_RUONIA;D;20110211;000000;1031.732474;1031.732474;1031.732474;1031.732474;0;0
DEPOSIT_RUONIA;D;20110214;000000;1031.844245;1031.844245;1031.844245;1031.844245;0;0
DEPOSIT_RUONIA;D;20110215;000000;1031.962989;1031.962989;1031.962989;1031.962989;0;0
DEPOSIT_RUONIA;D;20110216;000000;1032.082976;1032.082976;1032.082976;1032.082976;0;0
DEPOSIT_RUONIA;D;20110217;000000;1032.200518;1032.200518;1032.200518;1032.200518;0;0
DEPOSIT_RUONIA;D;20110218;000000;1032.311930;1032.311930;1032.311930;1032.311930;0;0
DEPOSIT_RUONIA;D;20110221;000000;1032.423764;1032.423764;1032.423764;1032.423764;0;0
DEPOSIT_RUONIA;D;20110222;000000;1032.540526;1032.540526;1032.540526;1032.540526;0;0
DEPOSIT_RUONIA;D;20110224;000000;1032.652385;1032.652385;1032.652385;1032.652385;0;0
DEPOSIT_RUONIA;D;20110225;000000;1032.765075;1032.765075;1032.765075;1032.765075;0;0
DEPOSIT_RUONIA;D;20110228;000000;1032.885155;1032.885155;1032.885155;1032.885155;0;0
DEPOSIT_RUONIA;D;20110301;000000;1033.019184;1033.019184;1033.019184;1033.019184;0;0
DEPOSIT_RUONIA;D;20110302;000000;1033.147901;1033.147901;1033.147901;1033.147901;0;0
DEPOSIT_RUONIA;D;20110303;000000;1033.274995;1033.274995;1033.274995;1033.274995;0;0
DEPOSIT_RUONIA;D;20110304;000000;1033.400874;1033.400874;1033.400874;1033.400874;0;0
DEPOSIT_RUONIA;D;20110305;000000;1033.512416;1033.512416;1033.512416;1033.512416;0;0
DEPOSIT_RUONIA;D;20110309;000000;1033.622739;1033.622739;1033.622739;1033.622739;0;0
DEPOSIT_RUONIA;D;20110310;000000;1033.749891;1033.749891;1033.749891;1033.749891;0;0
DEPOSIT_RUONIA;D;20110311;000000;1033.877059;1033.877059;1033.877059;1033.877059;0;0
DEPOSIT_RUONIA;D;20110314;000000;1033.998498;1033.998498;1033.998498;1033.998498;0;0
DEPOSIT_RUONIA;D;20110315;000000;1034.125286;1034.125286;1034.125286;1034.125286;0;0
DEPOSIT_RUONIA;D;20110316;000000;1034.248807;1034.248807;1034.248807;1034.248807;0;0
DEPOSIT_RUONIA;D;20110317;000000;1034.372752;1034.372752;1034.372752;1034.372752;0;0
DEPOSIT_RUONIA;D;20110318;000000;1034.498355;1034.498355;1034.498355;1034.498355;0;0
DEPOSIT_RUONIA;D;20110321;000000;1034.616583;1034.616583;1034.616583;1034.616583;0;0
DEPOSIT_RUONIA;D;20110322;000000;1034.743447;1034.743447;1034.743447;1034.743447;0;0
DEPOSIT_RUONIA;D;20110323;000000;1034.869915;1034.869915;1034.869915;1034.869915;0;0
DEPOSIT_RUONIA;D;20110324;000000;1034.989418;1034.989418;1034.989418;1034.989418;0;0
DEPOSIT_RUONIA;D;20110325;000000;1035.113453;1035.113453;1035.113453;1035.113453;0;0
DEPOSIT_RUONIA;D;20110328;000000;1035.238734;1035.238734;1035.238734;1035.238734;0;0
DEPOSIT_RUONIA;D;20110329;000000;1035.366496;1035.366496;1035.366496;1035.366496;0;0
DEPOSIT_RUONIA;D;20110330;000000;1035.493452;1035.493452;1035.493452;1035.493452;0;0
DEPOSIT_RUONIA;D;20110331;000000;1035.620423;1035.620423;1035.620423;1035.620423;0;0
DEPOSIT_RUONIA;D;20110401;000000;1035.744122;1035.744122;1035.744122;1035.744122;0;0
DEPOSIT_RUONIA;D;20110404;000000;1035.865781;1035.865781;1035.865781;1035.865781;0;0
DEPOSIT_RUONIA;D;20110405;000000;1035.991564;1035.991564;1035.991564;1035.991564;0;0
DEPOSIT_RUONIA;D;20110406;000000;1036.110375;1036.110375;1036.110375;1036.110375;0;0
DEPOSIT_RUONIA;D;20110407;000000;1036.234955;1036.234955;1036.234955;1036.234955;0;0
DEPOSIT_RUONIA;D;20110408;000000;1036.357905;1036.357905;1036.357905;1036.357905;0;0
DEPOSIT_RUONIA;D;20110411;000000;1036.461540;1036.461540;1036.461540;1036.461540;0;0
DEPOSIT_RUONIA;D;20110412;000000;1036.584929;1036.584929;1036.584929;1036.584929;0;0
DEPOSIT_RUONIA;D;20110413;000000;1036.709566;1036.709566;1036.709566;1036.709566;0;0
DEPOSIT_RUONIA;D;20110414;000000;1036.833806;1036.833806;1036.833806;1036.833806;0;0
DEPOSIT_RUONIA;D;20110415;000000;1036.958473;1036.958473;1036.958473;1036.958473;0;0
DEPOSIT_RUONIA;D;20110418;000000;1037.082332;1037.082332;1037.082332;1037.082332;0;0
DEPOSIT_RUONIA;D;20110419;000000;1037.209087;1037.209087;1037.209087;1037.209087;0;0
DEPOSIT_RUONIA;D;20110420;000000;1037.335857;1037.335857;1037.335857;1037.335857;0;0
DEPOSIT_RUONIA;D;20110421;000000;1037.463877;1037.463877;1037.463877;1037.463877;0;0
DEPOSIT_RUONIA;D;20110422;000000;1037.592325;1037.592325;1037.592325;1037.592325;0;0
DEPOSIT_RUONIA;D;20110425;000000;1037.720789;1037.720789;1037.720789;1037.720789;0;0
DEPOSIT_RUONIA;D;20110426;000000;1037.854622;1037.854622;1037.854622;1037.854622;0;0
DEPOSIT_RUONIA;D;20110427;000000;1037.991355;1037.991355;1037.991355;1037.991355;0;0
DEPOSIT_RUONIA;D;20110428;000000;1038.128106;1038.128106;1038.128106;1038.128106;0;0
DEPOSIT_RUONIA;D;20110429;000000;1038.287945;1038.287945;1038.287945;1038.287945;0;0
DEPOSIT_RUONIA;D;20110503;000000;1038.477886;1038.477886;1038.477886;1038.477886;0;0
DEPOSIT_RUONIA;D;20110504;000000;1038.667037;1038.667037;1038.667037;1038.667037;0;0
DEPOSIT_RUONIA;D;20110505;000000;1038.822837;1038.822837;1038.822837;1038.822837;0;0
DEPOSIT_RUONIA;D;20110506;000000;1038.962171;1038.962171;1038.962171;1038.962171;0;0
DEPOSIT_RUONIA;D;20110510;000000;1039.099875;1039.099875;1039.099875;1039.099875;0;0
DEPOSIT_RUONIA;D;20110511;000000;1039.238422;1039.238422;1039.238422;1039.238422;0;0
DEPOSIT_RUONIA;D;20110512;000000;1039.376987;1039.376987;1039.376987;1039.376987;0;0
DEPOSIT_RUONIA;D;20110513;000000;1039.515158;1039.515158;1039.515158;1039.515158;0;0
DEPOSIT_RUONIA;D;20110516;000000;1039.652110;1039.652110;1039.652110;1039.652110;0;0
DEPOSIT_RUONIA;D;20110517;000000;1039.791555;1039.791555;1039.791555;1039.791555;0;0
DEPOSIT_RUONIA;D;20110518;000000;1039.930607;1039.930607;1039.930607;1039.930607;0;0
DEPOSIT_RUONIA;D;20110519;000000;1040.070090;1040.070090;1040.070090;1040.070090;0;0
DEPOSIT_RUONIA;D;20110520;000000;1040.213306;1040.213306;1040.213306;1040.213306;0;0
DEPOSIT_RUONIA;D;20110523;000000;1040.366448;1040.366448;1040.366448;1040.366448;0;0
DEPOSIT_RUONIA;D;20110524;000000;1040.511769;1040.511769;1040.511769;1040.511769;0;0
DEPOSIT_RUONIA;D;20110525;000000;1040.655872;1040.655872;1040.655872;1040.655872;0;0
DEPOSIT_RUONIA;D;20110526;000000;1040.807841;1040.807841;1040.807841;1040.807841;0;0
DEPOSIT_RUONIA;D;20110527;000000;1040.970157;1040.970157;1040.970157;1040.970157;0;0
DEPOSIT_RUONIA;D;20110530;000000;1041.166372;1041.166372;1041.166372;1041.166372;0;0
DEPOSIT_RUONIA;D;20110531;000000;1041.341965;1041.341965;1041.341965;1041.341965;0;0
DEPOSIT_RUONIA;D;20110601;000000;1041.508911;1041.508911;1041.508911;1041.508911;0;0
DEPOSIT_RUONIA;D;20110602;000000;1041.661417;1041.661417;1041.661417;1041.661417;0;0
DEPOSIT_RUONIA;D;20110603;000000;1041.811879;1041.811879;1041.811879;1041.811879;0;0
DEPOSIT_RUONIA;D;20110606;000000;1041.960296;1041.960296;1041.960296;1041.960296;0;0
DEPOSIT_RUONIA;D;20110607;000000;1042.109148;1042.109148;1042.109148;1042.109148;0;0
DEPOSIT_RUONIA;D;20110608;000000;1042.258848;1042.258848;1042.258848;1042.258848;0;0
DEPOSIT_RUONIA;D;20110609;000000;1042.407742;1042.407742;1042.407742;1042.407742;0;0
DEPOSIT_RUONIA;D;20110610;000000;1042.557071;1042.557071;1042.557071;1042.557071;0;0
DEPOSIT_RUONIA;D;20110614;000000;1042.706835;1042.706835;1042.706835;1042.706835;0;0
DEPOSIT_RUONIA;D;20110615;000000;1042.857448;1042.857448;1042.857448;1042.857448;0;0
DEPOSIT_RUONIA;D;20110616;000000;1043.008083;1043.008083;1043.008083;1043.008083;0;0
DEPOSIT_RUONIA;D;20110617;000000;1043.160395;1043.160395;1043.160395;1043.160395;0;0
DEPOSIT_RUONIA;D;20110620;000000;1043.310246;1043.310246;1043.310246;1043.310246;0;0
DEPOSIT_RUONIA;D;20110621;000000;1043.461775;1043.461775;1043.461775;1043.461775;0;0
DEPOSIT_RUONIA;D;20110622;000000;1043.613325;1043.613325;1043.613325;1043.613325;0;0
DEPOSIT_RUONIA;D;20110623;000000;1043.763655;1043.763655;1043.763655;1043.763655;0;0
DEPOSIT_RUONIA;D;20110624;000000;1043.914421;1043.914421;1043.914421;1043.914421;0;0
DEPOSIT_RUONIA;D;20110627;000000;1044.064380;1044.064380;1044.064380;1044.064380;0;0
DEPOSIT_RUONIA;D;20110628;000000;1044.217675;1044.217675;1044.217675;1044.217675;0;0
DEPOSIT_RUONIA;D;20110629;000000;1044.373479;1044.373479;1044.373479;1044.373479;0;0
DEPOSIT_RUONIA;D;20110630;000000;1044.527648;1044.527648;1044.527648;1044.527648;0;0
DEPOSIT_RUONIA;D;20110701;000000;1044.683084;1044.683084;1044.683084;1044.683084;0;0
DEPOSIT_RUONIA;D;20110704;000000;1044.836470;1044.836470;1044.836470;1044.836470;0;0
DEPOSIT_RUONIA;D;20110705;000000;1044.990293;1044.990293;1044.990293;1044.990293;0;0
DEPOSIT_RUONIA;D;20110706;000000;1045.143310;1045.143310;1045.143310;1045.143310;0;0
DEPOSIT_RUONIA;D;20110707;000000;1045.290127;1045.290127;1045.290127;1045.290127;0;0
DEPOSIT_RUONIA;D;20110708;000000;1045.439869;1045.439869;1045.439869;1045.439869;0;0
DEPOSIT_RUONIA;D;20110711;000000;1045.585069;1045.585069;1045.585069;1045.585069;0;0
DEPOSIT_RUONIA;D;20110712;000000;1045.735683;1045.735683;1045.735683;1045.735683;0;0
DEPOSIT_RUONIA;D;20110713;000000;1045.885904;1045.885904;1045.885904;1045.885904;0;0
DEPOSIT_RUONIA;D;20110714;000000;1046.037807;1046.037807;1046.037807;1046.037807;0;0
DEPOSIT_RUONIA;D;20110715;000000;1046.188901;1046.188901;1046.188901;1046.188901;0;0
DEPOSIT_RUONIA;D;20110718;000000;1046.340432;1046.340432;1046.340432;1046.340432;0;0
DEPOSIT_RUONIA;D;20110719;000000;1046.492401;1046.492401;1046.492401;1046.492401;0;0
DEPOSIT_RUONIA;D;20110720;000000;1046.645637;1046.645637;1046.645637;1046.645637;0;0
DEPOSIT_RUONIA;D;20110721;000000;1046.799311;1046.799311;1046.799311;1046.799311;0;0
DEPOSIT_RUONIA;D;20110722;000000;1046.954254;1046.954254;1046.954254;1046.954254;0;0
DEPOSIT_RUONIA;D;20110725;000000;1047.109636;1047.109636;1047.109636;1047.109636;0;0
DEPOSIT_RUONIA;D;20110726;000000;1047.275012;1047.275012;1047.275012;1047.275012;0;0
DEPOSIT_RUONIA;D;20110727;000000;1047.442078;1047.442078;1047.442078;1047.442078;0;0
DEPOSIT_RUONIA;D;20110728;000000;1047.622055;1047.622055;1047.622055;1047.622055;0;0
DEPOSIT_RUONIA;D;20110729;000000;1047.815366;1047.815366;1047.815366;1047.815366;0;0
DEPOSIT_RUONIA;D;20110801;000000;1048.014534;1048.014534;1048.014534;1048.014534;0;0
DEPOSIT_RUONIA;D;20110802;000000;1048.188787;1048.188787;1048.188787;1048.188787;0;0
DEPOSIT_RUONIA;D;20110803;000000;1048.353503;1048.353503;1048.353503;1048.353503;0;0
DEPOSIT_RUONIA;D;20110804;000000;1048.512004;1048.512004;1048.512004;1048.512004;0;0
DEPOSIT_RUONIA;D;20110805;000000;1048.668032;1048.668032;1048.668032;1048.668032;0;0
DEPOSIT_RUONIA;D;20110808;000000;1048.822836;1048.822836;1048.822836;1048.822836;0;0
DEPOSIT_RUONIA;D;20110809;000000;1048.976413;1048.976413;1048.976413;1048.976413;0;0
DEPOSIT_RUONIA;D;20110810;000000;1049.132511;1049.132511;1049.132511;1049.132511;0;0
DEPOSIT_RUONIA;D;20110811;000000;1049.285301;1049.285301;1049.285301;1049.285301;0;0
DEPOSIT_RUONIA;D;20110812;000000;1049.438530;1049.438530;1049.438530;1049.438530;0;0
DEPOSIT_RUONIA;D;20110815;000000;1049.592615;1049.592615;1049.592615;1049.592615;0;0
DEPOSIT_RUONIA;D;20110816;000000;1049.747554;1049.747554;1049.747554;1049.747554;0;0
DEPOSIT_RUONIA;D;20110817;000000;1049.902934;1049.902934;1049.902934;1049.902934;0;0
DEPOSIT_RUONIA;D;20110818;000000;1050.055420;1050.055420;1050.055420;1050.055420;0;0
DEPOSIT_RUONIA;D;20110819;000000;1050.208344;1050.208344;1050.208344;1050.208344;0;0
DEPOSIT_RUONIA;D;20110822;000000;1050.362958;1050.362958;1050.362958;1050.362958;0;0
DEPOSIT_RUONIA;D;20110823;000000;1050.518429;1050.518429;1050.518429;1050.518429;0;0
DEPOSIT_RUONIA;D;20110824;000000;1050.673088;1050.673088;1050.673088;1050.673088;0;0
DEPOSIT_RUONIA;D;20110825;000000;1050.828188;1050.828188;1050.828188;1050.828188;0;0
DEPOSIT_RUONIA;D;20110826;000000;1050.988731;1050.988731;1050.988731;1050.988731;0;0
DEPOSIT_RUONIA;D;20110829;000000;1051.160559;1051.160559;1051.160559;1051.160559;0;0
DEPOSIT_RUONIA;D;20110830;000000;1051.359112;1051.359112;1051.359112;1051.359112;0;0
DEPOSIT_RUONIA;D;20110831;000000;1051.555616;1051.555616;1051.555616;1051.555616;0;0
DEPOSIT_RUONIA;D;20110901;000000;1051.716688;1051.716688;1051.716688;1051.716688;0;0
DEPOSIT_RUONIA;D;20110902;000000;1051.873193;1051.873193;1051.873193;1051.873193;0;0
DEPOSIT_RUONIA;D;20110905;000000;1052.028887;1052.028887;1052.028887;1052.028887;0;0
DEPOSIT_RUONIA;D;20110906;000000;1052.184186;1052.184186;1052.184186;1052.184186;0;0
DEPOSIT_RUONIA;D;20110907;000000;1052.337839;1052.337839;1052.337839;1052.337839;0;0
DEPOSIT_RUONIA;D;20110908;000000;1052.489008;1052.489008;1052.489008;1052.489008;0;0
DEPOSIT_RUONIA;D;20110909;000000;1052.639781;1052.639781;1052.639781;1052.639781;0;0
DEPOSIT_RUONIA;D;20110912;000000;1052.790576;1052.790576;1052.790576;1052.790576;0;0
DEPOSIT_RUONIA;D;20110913;000000;1052.955179;1052.955179;1052.955179;1052.955179;0;0
DEPOSIT_RUONIA;D;20110914;000000;1053.122315;1053.122315;1053.122315;1053.122315;0;0
DEPOSIT_RUONIA;D;20110915;000000;1053.293238;1053.293238;1053.293238;1053.293238;0;0
DEPOSIT_RUONIA;D;20110916;000000;1053.497627;1053.497627;1053.497627;1053.497627;0;0
DEPOSIT_RUONIA;D;20110919;000000;1053.693277;1053.693277;1053.693277;1053.693277;0;0
DEPOSIT_RUONIA;D;20110920;000000;1053.903597;1053.903597;1053.903597;1053.903597;0;0
DEPOSIT_RUONIA;D;20110921;000000;1054.099740;1054.099740;1054.099740;1054.099740;0;0
DEPOSIT_RUONIA;D;20110922;000000;1054.282116;1054.282116;1054.282116;1054.282116;0;0
DEPOSIT_RUONIA;D;20110923;000000;1054.479167;1054.479167;1054.479167;1054.479167;0;0
DEPOSIT_RUONIA;D;20110926;000000;1054.671233;1054.671233;1054.671233;1054.671233;0;0
DEPOSIT_RUONIA;D;20110927;000000;1054.879656;1054.879656;1054.879656;1054.879656;0;0
DEPOSIT_RUONIA;D;20110928;000000;1055.096073;1055.096073;1055.096073;1055.096073;0;0
DEPOSIT_RUONIA;D;20110929;000000;1055.307093;1055.307093;1055.307093;1055.307093;0;0
DEPOSIT_RUONIA;D;20110930;000000;1055.511454;1055.511454;1055.511454;1055.511454;0;0
DEPOSIT_RUONIA;D;20111003;000000;1055.728001;1055.728001;1055.728001;1055.728001;0;0
DEPOSIT_RUONIA;D;20111004;000000;1055.924903;1055.924903;1055.924903;1055.924903;0;0
DEPOSIT_RUONIA;D;20111005;000000;1056.105918;1056.105918;1056.105918;1056.105918;0;0
DEPOSIT_RUONIA;D;20111006;000000;1056.279841;1056.279841;1056.279841;1056.279841;0;0
DEPOSIT_RUONIA;D;20111007;000000;1056.450438;1056.450438;1056.450438;1056.450438;0;0
DEPOSIT_RUONIA;D;20111010;000000;1056.619386;1056.619386;1056.619386;1056.619386;0;0
DEPOSIT_RUONIA;D;20111011;000000;1056.806391;1056.806391;1056.806391;1056.806391;0;0
DEPOSIT_RUONIA;D;20111012;000000;1057.032430;1057.032430;1057.032430;1057.032430;0;0
DEPOSIT_RUONIA;D;20111013;000000;1057.231673;1057.231673;1057.231673;1057.231673;0;0
DEPOSIT_RUONIA;D;20111014;000000;1057.430952;1057.430952;1057.430952;1057.430952;0;0
DEPOSIT_RUONIA;D;20111017;000000;1057.638243;1057.638243;1057.638243;1057.638243;0;0
DEPOSIT_RUONIA;D;20111018;000000;1057.847672;1057.847672;1057.847672;1057.847672;0;0
DEPOSIT_RUONIA;D;20111019;000000;1058.059241;1058.059241;1058.059241;1058.059241;0;0
DEPOSIT_RUONIA;D;20111020;000000;1058.267074;1058.267074;1058.267074;1058.267074;0;0
DEPOSIT_RUONIA;D;20111021;000000;1058.482927;1058.482927;1058.482927;1058.482927;0;0
DEPOSIT_RUONIA;D;20111024;000000;1058.692104;1058.692104;1058.692104;1058.692104;0;0
DEPOSIT_RUONIA;D;20111025;000000;1058.912244;1058.912244;1058.912244;1058.912244;0;0
DEPOSIT_RUONIA;D;20111026;000000;1059.147978;1059.147978;1059.147978;1059.147978;0;0
DEPOSIT_RUONIA;D;20111027;000000;1059.366953;1059.366953;1059.366953;1059.366953;0;0
DEPOSIT_RUONIA;D;20111028;000000;1059.573782;1059.573782;1059.573782;1059.573782;0;0
DEPOSIT_RUONIA;D;20111031;000000;1059.789901;1059.789901;1059.789901;1059.789901;0;0
DEPOSIT_RUONIA;D;20111101;000000;1060.022046;1060.022046;1060.022046;1060.022046;0;0
DEPOSIT_RUONIA;D;20111102;000000;1060.229423;1060.229423;1060.229423;1060.229423;0;0
DEPOSIT_RUONIA;D;20111103;000000;1060.425061;1060.425061;1060.425061;1060.425061;0;0
DEPOSIT_RUONIA;D;20111107;000000;1060.619472;1060.619472;1060.619472;1060.619472;0;0
DEPOSIT_RUONIA;D;20111108;000000;1060.821495;1060.821495;1060.821495;1060.821495;0;0
DEPOSIT_RUONIA;D;20111109;000000;1061.026923;1061.026923;1061.026923;1061.026923;0;0
DEPOSIT_RUONIA;D;20111110;000000;1061.222287;1061.222287;1061.222287;1061.222287;0;0
DEPOSIT_RUONIA;D;20111111;000000;1061.436637;1061.436637;1061.436637;1061.436637;0;0
DEPOSIT_RUONIA;D;20111114;000000;1061.648503;1061.648503;1061.648503;1061.648503;0;0
DEPOSIT_RUONIA;D;20111115;000000;1061.862939;1061.862939;1061.862939;1061.862939;0;0
DEPOSIT_RUONIA;D;20111116;000000;1062.074048;1062.074048;1062.074048;1062.074048;0;0
DEPOSIT_RUONIA;D;20111117;000000;1062.277612;1062.277612;1062.277612;1062.277612;0;0
DEPOSIT_RUONIA;D;20111118;000000;1062.482902;1062.482902;1062.482902;1062.482902;0;0
DEPOSIT_RUONIA;D;20111121;000000;1062.681063;1062.681063;1062.681063;1062.681063;0;0
DEPOSIT_RUONIA;D;20111122;000000;1062.885587;1062.885587;1062.885587;1062.885587;0;0
DEPOSIT_RUONIA;D;20111123;000000;1063.088463;1063.088463;1063.088463;1063.088463;0;0
DEPOSIT_RUONIA;D;20111124;000000;1063.293909;1063.293909;1063.293909;1063.293909;0;0
DEPOSIT_RUONIA;D;20111125;000000;1063.506568;1063.506568;1063.506568;1063.506568;0;0
DEPOSIT_RUONIA;D;20111128;000000;1063.734040;1063.734040;1063.734040;1063.734040;0;0
DEPOSIT_RUONIA;D;20111129;000000;1063.960295;1063.960295;1063.960295;1063.960295;0;0
DEPOSIT_RUONIA;D;20111130;000000;1064.195042;1064.195042;1064.195042;1064.195042;0;0
DEPOSIT_RUONIA;D;20111201;000000;1064.416749;1064.416749;1064.416749;1064.416749;0;0
DEPOSIT_RUONIA;D;20111202;000000;1064.628365;1064.628365;1064.628365;1064.628365;0;0
DEPOSIT_RUONIA;D;20111205;000000;1064.837911;1064.837911;1064.837911;1064.837911;0;0
DEPOSIT_RUONIA;D;20111206;000000;1065.047921;1065.047921;1065.047921;1065.047921;0;0
DEPOSIT_RUONIA;D;20111207;000000;1065.266847;1065.266847;1065.266847;1065.266847;0;0
DEPOSIT_RUONIA;D;20111208;000000;1065.490046;1065.490046;1065.490046;1065.490046;0;0
DEPOSIT_RUONIA;D;20111209;000000;1065.714137;1065.714137;1065.714137;1065.714137;0;0
DEPOSIT_RUONIA;D;20111212;000000;1065.908672;1065.908672;1065.908672;1065.908672;0;0
DEPOSIT_RUONIA;D;20111213;000000;1066.143849;1066.143849;1066.143849;1066.143849;0;0
DEPOSIT_RUONIA;D;20111214;000000;1066.389654;1066.389654;1066.389654;1066.389654;0;0
DEPOSIT_RUONIA;D;20111215;000000;1066.599124;1066.599124;1066.599124;1066.599124;0;0
DEPOSIT_RUONIA;D;20111216;000000;1066.821755;1066.821755;1066.821755;1066.821755;0;0
DEPOSIT_RUONIA;D;20111219;000000;1067.029616;1067.029616;1067.029616;1067.029616;0;0
DEPOSIT_RUONIA;D;20111220;000000;1067.237941;1067.237941;1067.237941;1067.237941;0;0
DEPOSIT_RUONIA;D;20111221;000000;1067.493316;1067.493316;1067.493316;1067.493316;0;0
DEPOSIT_RUONIA;D;20111222;000000;1067.745786;1067.745786;1067.745786;1067.745786;0;0
DEPOSIT_RUONIA;D;20111223;000000;1067.986876;1067.986876;1067.986876;1067.986876;0;0
DEPOSIT_RUONIA;D;20111226;000000;1068.225478;1068.225478;1068.225478;1068.225478;0;0
DEPOSIT_RUONIA;D;20111227;000000;1068.476003;1068.476003;1068.476003;1068.476003;0;0
DEPOSIT_RUONIA;D;20111228;000000;1068.718530;1068.718530;1068.718530;1068.718530;0;0
DEPOSIT_RUONIA;D;20111229;000000;1068.950509;1068.950509;1068.950509;1068.950509;0;0
DEPOSIT_RUONIA;D;20111230;000000;1069.156664;1069.156664;1069.156664;1069.156664;0;0
DEPOSIT_RUONIA;D;20120103;000000;1069.362859;1069.362859;1069.362859;1069.362859;0;0
DEPOSIT_RUONIA;D;20120104;000000;1069.569093;1069.569093;1069.569093;1069.569093;0;0
DEPOSIT_RUONIA;D;20120105;000000;1069.775367;1069.775367;1069.775367;1069.775367;0;0
DEPOSIT_RUONIA;D;20120106;000000;1069.981681;1069.981681;1069.981681;1069.981681;0;0
DEPOSIT_RUONIA;D;20120109;000000;1070.188034;1070.188034;1070.188034;1070.188034;0;0
DEPOSIT_RUONIA;D;20120110;000000;1070.394428;1070.394428;1070.394428;1070.394428;0;0
DEPOSIT_RUONIA;D;20120111;000000;1070.586419;1070.586419;1070.586419;1070.586419;0;0
DEPOSIT_RUONIA;D;20120112;000000;1070.774622;1070.774622;1070.774622;1070.774622;0;0
DEPOSIT_RUONIA;D;20120113;000000;1070.962007;1070.962007;1070.962007;1070.962007;0;0
DEPOSIT_RUONIA;D;20120116;000000;1071.149000;1071.149000;1071.149000;1071.149000;0;0
DEPOSIT_RUONIA;D;20120117;000000;1071.337727;1071.337727;1071.337727;1071.337727;0;0
DEPOSIT_RUONIA;D;20120118;000000;1071.529037;1071.529037;1071.529037;1071.529037;0;0
DEPOSIT_RUONIA;D;20120119;000000;1071.719956;1071.719956;1071.719956;1071.719956;0;0
DEPOSIT_RUONIA;D;20120120;000000;1071.910910;1071.910910;1071.910910;1071.910910;0;0
DEPOSIT_RUONIA;D;20120123;000000;1072.104449;1072.104449;1072.104449;1072.104449;0;0
DEPOSIT_RUONIA;D;20120124;000000;1072.300151;1072.300151;1072.300151;1072.300151;0;0
DEPOSIT_RUONIA;D;20120125;000000;1072.513760;1072.513760;1072.513760;1072.513760;0;0
DEPOSIT_RUONIA;D;20120126;000000;1072.748691;1072.748691;1072.748691;1072.748691;0;0
DEPOSIT_RUONIA;D;20120127;000000;1072.988357;1072.988357;1072.988357;1072.988357;0;0
DEPOSIT_RUONIA;D;20120130;000000;1073.225947;1073.225947;1073.225947;1073.225947;0;0
DEPOSIT_RUONIA;D;20120131;000000;1073.461035;1073.461035;1073.461035;1073.461035;0;0
DEPOSIT_RUONIA;D;20120201;000000;1073.658688;1073.658688;1073.658688;1073.658688;0;0
DEPOSIT_RUONIA;D;20120202;000000;1073.848282;1073.848282;1073.848282;1073.848282;0;0
DEPOSIT_RUONIA;D;20120203;000000;1074.030666;1074.030666;1074.030666;1074.030666;0;0
DEPOSIT_RUONIA;D;20120206;000000;1074.210950;1074.210950;1074.210950;1074.210950;0;0
DEPOSIT_RUONIA;D;20120207;000000;1074.390838;1074.390838;1074.390838;1074.390838;0;0
DEPOSIT_RUONIA;D;20120208;000000;1074.569903;1074.569903;1074.569903;1074.569903;0;0
DEPOSIT_RUONIA;D;20120209;000000;1074.745586;1074.745586;1074.745586;1074.745586;0;0
DEPOSIT_RUONIA;D;20120210;000000;1074.924284;1074.924284;1074.924284;1074.924284;0;0
DEPOSIT_RUONIA;D;20120213;000000;1075.104718;1075.104718;1075.104718;1075.104718;0;0
DEPOSIT_RUONIA;D;20120214;000000;1075.286888;1075.286888;1075.286888;1075.286888;0;0
DEPOSIT_RUONIA;D;20120215;000000;1075.469090;1075.469090;1075.469090;1075.469090;0;0
DEPOSIT_RUONIA;D;20120216;000000;1075.651749;1075.651749;1075.651749;1075.651749;0;0
DEPOSIT_RUONIA;D;20120217;000000;1075.833585;1075.833585;1075.833585;1075.833585;0;0
DEPOSIT_RUONIA;D;20120220;000000;1076.015452;1076.015452;1076.015452;1076.015452;0;0
DEPOSIT_RUONIA;D;20120221;000000;1076.203755;1076.203755;1076.203755;1076.203755;0;0
DEPOSIT_RUONIA;D;20120222;000000;1076.386112;1076.386112;1076.386112;1076.386112;0;0
DEPOSIT_RUONIA;D;20120224;000000;1076.568072;1076.568072;1076.568072;1076.568072;0;0
DEPOSIT_RUONIA;D;20120227;000000;1076.749209;1076.749209;1076.749209;1076.749209;0;0
DEPOSIT_RUONIA;D;20120228;000000;1076.938922;1076.938922;1076.938922;1076.938922;0;0
DEPOSIT_RUONIA;D;20120229;000000;1077.157301;1077.157301;1077.157301;1077.157301;0;0
DEPOSIT_RUONIA;D;20120301;000000;1077.378717;1077.378717;1077.378717;1077.378717;0;0
DEPOSIT_RUONIA;D;20120302;000000;1077.578802;1077.578802;1077.578802;1077.578802;0;0
DEPOSIT_RUONIA;D;20120305;000000;1077.766950;1077.766950;1077.766950;1077.766950;0;0
DEPOSIT_RUONIA;D;20120306;000000;1077.957698;1077.957698;1077.957698;1077.957698;0;0
DEPOSIT_RUONIA;D;20120307;000000;1078.150190;1078.150190;1078.150190;1078.150190;0;0
DEPOSIT_RUONIA;D;20120311;000000;1078.342289;1078.342289;1078.342289;1078.342289;0;0
DEPOSIT_RUONIA;D;20120312;000000;1078.540841;1078.540841;1078.540841;1078.540841;0;0
DEPOSIT_RUONIA;D;20120313;000000;1078.757405;1078.757405;1078.757405;1078.757405;0;0
DEPOSIT_RUONIA;D;20120314;000000;1078.966736;1078.966736;1078.966736;1078.966736;0;0
DEPOSIT_RUONIA;D;20120315;000000;1079.170541;1079.170541;1079.170541;1079.170541;0;0
DEPOSIT_RUONIA;D;20120316;000000;1079.380379;1079.380379;1079.380379;1079.380379;0;0
DEPOSIT_RUONIA;D;20120319;000000;1079.596255;1079.596255;1079.596255;1079.596255;0;0
DEPOSIT_RUONIA;D;20120320;000000;1079.819029;1079.819029;1079.819029;1079.819029;0;0
DEPOSIT_RUONIA;D;20120321;000000;1080.047419;1080.047419;1080.047419;1080.047419;0;0
DEPOSIT_RUONIA;D;20120322;000000;1080.269001;1080.269001;1080.269001;1080.269001;0;0
DEPOSIT_RUONIA;D;20120323;000000;1080.480768;1080.480768;1080.480768;1080.480768;0;0
DEPOSIT_RUONIA;D;20120326;000000;1080.694720;1080.694720;1080.694720;1080.694720;0;0
DEPOSIT_RUONIA;D;20120327;000000;1080.949884;1080.949884;1080.949884;1080.949884;0;0
DEPOSIT_RUONIA;D;20120328;000000;1081.184948;1081.184948;1081.184948;1081.184948;0;0
DEPOSIT_RUONIA;D;20120329;000000;1081.429501;1081.429501;1081.429501;1081.429501;0;0
DEPOSIT_RUONIA;D;20120330;000000;1081.673681;1081.673681;1081.673681;1081.673681;0;0
DEPOSIT_RUONIA;D;20120402;000000;1081.908902;1081.908902;1081.908902;1081.908902;0;0
DEPOSIT_RUONIA;D;20120403;000000;1082.153191;1082.153191;1082.153191;1082.153191;0;0
DEPOSIT_RUONIA;D;20120404;000000;1082.367045;1082.367045;1082.367045;1082.367045;0;0
DEPOSIT_RUONIA;D;20120405;000000;1082.565479;1082.565479;1082.565479;1082.565479;0;0
DEPOSIT_RUONIA;D;20120406;000000;1082.757505;1082.757505;1082.757505;1082.757505;0;0
DEPOSIT_RUONIA;D;20120409;000000;1082.949995;1082.949995;1082.949995;1082.949995;0;0
DEPOSIT_RUONIA;D;20120410;000000;1083.137793;1083.137793;1083.137793;1083.137793;0;0
DEPOSIT_RUONIA;D;20120411;000000;1083.336798;1083.336798;1083.336798;1083.336798;0;0
DEPOSIT_RUONIA;D;20120412;000000;1083.547447;1083.547447;1083.547447;1083.547447;0;0
DEPOSIT_RUONIA;D;20120413;000000;1083.781355;1083.781355;1083.781355;1083.781355;0;0
DEPOSIT_RUONIA;D;20120416;000000;1084.008433;1084.008433;1084.008433;1084.008433;0;0
DEPOSIT_RUONIA;D;20120417;000000;1084.233838;1084.233838;1084.233838;1084.233838;0;0
DEPOSIT_RUONIA;D;20120418;000000;1084.464023;1084.464023;1084.464023;1084.464023;0;0
DEPOSIT_RUONIA;D;20120419;000000;1084.682637;1084.682637;1084.682637;1084.682637;0;0
DEPOSIT_RUONIA;D;20120420;000000;1084.908612;1084.908612;1084.908612;1084.908612;0;0
DEPOSIT_RUONIA;D;20120423;000000;1085.137649;1085.137649;1085.137649;1085.137649;0;0
DEPOSIT_RUONIA;D;20120424;000000;1085.371470;1085.371470;1085.371470;1085.371470;0;0
DEPOSIT_RUONIA;D;20120425;000000;1085.614387;1085.614387;1085.614387;1085.614387;0;0
DEPOSIT_RUONIA;D;20120426;000000;1085.860373;1085.860373;1085.860373;1085.860373;0;0
DEPOSIT_RUONIA;D;20120427;000000;1086.122789;1086.122789;1086.122789;1086.122789;0;0
DEPOSIT_RUONIA;D;20120428;000000;1086.388717;1086.388717;1086.388717;1086.388717;0;0
DEPOSIT_RUONIA;D;20120502;000000;1086.647381;1086.647381;1086.647381;1086.647381;0;0
DEPOSIT_RUONIA;D;20120503;000000;1086.899638;1086.899638;1086.899638;1086.899638;0;0
DEPOSIT_RUONIA;D;20120504;000000;1087.142034;1087.142034;1087.142034;1087.142034;0;0
DEPOSIT_RUONIA;D;20120505;000000;1087.368091;1087.368091;1087.368091;1087.368091;0;0
DEPOSIT_RUONIA;D;20120507;000000;1087.586859;1087.586859;1087.586859;1087.586859;0;0
DEPOSIT_RUONIA;D;20120508;000000;1087.805671;1087.805671;1087.805671;1087.805671;0;0
DEPOSIT_RUONIA;D;20120510;000000;1088.024527;1088.024527;1088.024527;1088.024527;0;0
DEPOSIT_RUONIA;D;20120511;000000;1088.281853;1088.281853;1088.281853;1088.281853;0;0
DEPOSIT_RUONIA;D;20120512;000000;1088.528876;1088.528876;1088.528876;1088.528876;0;0
DEPOSIT_RUONIA;D;20120514;000000;1088.754357;1088.754357;1088.754357;1088.754357;0;0
DEPOSIT_RUONIA;D;20120515;000000;1088.983773;1088.983773;1088.983773;1088.983773;0;0
DEPOSIT_RUONIA;D;20120516;000000;1089.211941;1089.211941;1089.211941;1089.211941;0;0
DEPOSIT_RUONIA;D;20120517;000000;1089.449666;1089.449666;1089.449666;1089.449666;0;0
DEPOSIT_RUONIA;D;20120518;000000;1089.699980;1089.699980;1089.699980;1089.699980;0;0
DEPOSIT_RUONIA;D;20120521;000000;1089.949487;1089.949487;1089.949487;1089.949487;0;0
DEPOSIT_RUONIA;D;20120522;000000;1090.199051;1090.199051;1090.199051;1090.199051;0;0
DEPOSIT_RUONIA;D;20120523;000000;1090.430502;1090.430502;1090.430502;1090.430502;0;0
DEPOSIT_RUONIA;D;20120524;000000;1090.652049;1090.652049;1090.652049;1090.652049;0;0
DEPOSIT_RUONIA;D;20120525;000000;1090.902640;1090.902640;1090.902640;1090.902640;0;0
DEPOSIT_RUONIA;D;20120528;000000;1091.177097;1091.177097;1091.177097;1091.177097;0;0
DEPOSIT_RUONIA;D;20120529;000000;1091.438200;1091.438200;1091.438200;1091.438200;0;0
DEPOSIT_RUONIA;D;20120530;000000;1091.715391;1091.715391;1091.715391;1091.715391;0;0
DEPOSIT_RUONIA;D;20120531;000000;1091.992219;1091.992219;1091.992219;1091.992219;0;0
DEPOSIT_RUONIA;D;20120601;000000;1092.261750;1092.261750;1092.261750;1092.261750;0;0
DEPOSIT_RUONIA;D;20120604;000000;1092.476735;1092.476735;1092.476735;1092.476735;0;0
DEPOSIT_RUONIA;D;20120605;000000;1092.690028;1092.690028;1092.690028;1092.690028;0;0
DEPOSIT_RUONIA;D;20120606;000000;1092.913336;1092.913336;1092.913336;1092.913336;0;0
DEPOSIT_RUONIA;D;20120607;000000;1093.142327;1093.142327;1093.142327;1093.142327;0;0
DEPOSIT_RUONIA;D;20120608;000000;1093.414311;1093.414311;1093.414311;1093.414311;0;0
DEPOSIT_RUONIA;D;20120609;000000;1093.648614;1093.648614;1093.648614;1093.648614;0;0
DEPOSIT_RUONIA;D;20120613;000000;1093.872118;1093.872118;1093.872118;1093.872118;0;0
DEPOSIT_RUONIA;D;20120614;000000;1094.139943;1094.139943;1094.139943;1094.139943;0;0
DEPOSIT_RUONIA;D;20120615;000000;1094.429108;1094.429108;1094.429108;1094.429108;0;0
DEPOSIT_RUONIA;D;20120618;000000;1094.672749;1094.672749;1094.672749;1094.672749;0;0
DEPOSIT_RUONIA;D;20120619;000000;1094.894290;1094.894290;1094.894290;1094.894290;0;0
DEPOSIT_RUONIA;D;20120620;000000;1095.128041;1095.128041;1095.128041;1095.128041;0;0
DEPOSIT_RUONIA;D;20120621;000000;1095.370534;1095.370534;1095.370534;1095.370534;0;0
DEPOSIT_RUONIA;D;20120622;000000;1095.602214;1095.602214;1095.602214;1095.602214;0;0
DEPOSIT_RUONIA;D;20120625;000000;1095.857419;1095.857419;1095.857419;1095.857419;0;0
DEPOSIT_RUONIA;D;20120626;000000;1096.106162;1096.106162;1096.106162;1096.106162;0;0
DEPOSIT_RUONIA;D;20120627;000000;1096.374969;1096.374969;1096.374969;1096.374969;0;0
DEPOSIT_RUONIA;D;20120628;000000;1096.640361;1096.640361;1096.640361;1096.640361;0;0
DEPOSIT_RUONIA;D;20120629;000000;1096.907123;1096.907123;1096.907123;1096.907123;0;0
DEPOSIT_RUONIA;D;20120702;000000;1097.173079;1097.173079;1097.173079;1097.173079;0;0
DEPOSIT_RUONIA;D;20120703;000000;1097.414283;1097.414283;1097.414283;1097.414283;0;0
DEPOSIT_RUONIA;D;20120704;000000;1097.628105;1097.628105;1097.628105;1097.628105;0;0
DEPOSIT_RUONIA;D;20120705;000000;1097.847631;1097.847631;1097.847631;1097.847631;0;0
DEPOSIT_RUONIA;D;20120706;000000;1098.075913;1098.075913;1098.075913;1098.075913;0;0
DEPOSIT_RUONIA;D;20120709;000000;1098.305986;1098.305986;1098.305986;1098.305986;0;0
DEPOSIT_RUONIA;D;20120710;000000;1098.556156;1098.556156;1098.556156;1098.556156;0;0
DEPOSIT_RUONIA;D;20120711;000000;1098.786766;1098.786766;1098.786766;1098.786766;0;0
DEPOSIT_RUONIA;D;20120712;000000;1099.023528;1099.023528;1099.023528;1099.023528;0;0
DEPOSIT_RUONIA;D;20120713;000000;1099.281711;1099.281711;1099.281711;1099.281711;0;0
DEPOSIT_RUONIA;D;20120716;000000;1099.524687;1099.524687;1099.524687;1099.524687;0;0
DEPOSIT_RUONIA;D;20120717;000000;1099.762045;1099.762045;1099.762045;1099.762045;0;0
DEPOSIT_RUONIA;D;20120718;000000;1100.003382;1100.003382;1100.003382;1100.003382;0;0
DEPOSIT_RUONIA;D;20120719;000000;1100.240406;1100.240406;1100.240406;1100.240406;0;0
DEPOSIT_RUONIA;D;20120720;000000;1100.465694;1100.465694;1100.465694;1100.465694;0;0
DEPOSIT_RUONIA;D;20120723;000000;1100.693647;1100.693647;1100.693647;1100.693647;0;0
DEPOSIT_RUONIA;D;20120724;000000;1100.939556;1100.939556;1100.939556;1100.939556;0;0
DEPOSIT_RUONIA;D;20120725;000000;1101.189015;1101.189015;1101.189015;1101.189015;0;0
DEPOSIT_RUONIA;D;20120726;000000;1101.450766;1101.450766;1101.450766;1101.450766;0;0
DEPOSIT_RUONIA;D;20120727;000000;1101.713453;1101.713453;1101.713453;1101.713453;0;0
DEPOSIT_RUONIA;D;20120730;000000;1101.959590;1101.959590;1101.959590;1101.959590;0;0
DEPOSIT_RUONIA;D;20120731;000000;1102.215839;1102.215839;1102.215839;1102.215839;0;0
DEPOSIT_RUONIA;D;20120801;000000;1102.483958;1102.483958;1102.483958;1102.483958;0;0
DEPOSIT_RUONIA;D;20120802;000000;1102.706642;1102.706642;1102.706642;1102.706642;0;0
DEPOSIT_RUONIA;D;20120803;000000;1102.948625;1102.948625;1102.948625;1102.948625;0;0
DEPOSIT_RUONIA;D;20120806;000000;1103.181032;1103.181032;1103.181032;1103.181032;0;0
DEPOSIT_RUONIA;D;20120807;000000;1103.415677;1103.415677;1103.415677;1103.415677;0;0
DEPOSIT_RUONIA;D;20120808;000000;1103.662632;1103.662632;1103.662632;1103.662632;0;0
DEPOSIT_RUONIA;D;20120809;000000;1103.885992;1103.885992;1103.885992;1103.885992;0;0
DEPOSIT_RUONIA;D;20120810;000000;1104.081362;1104.081362;1104.081362;1104.081362;0;0
DEPOSIT_RUONIA;D;20120813;000000;1104.323209;1104.323209;1104.323209;1104.323209;0;0
DEPOSIT_RUONIA;D;20120814;000000;1104.583075;1104.583075;1104.583075;1104.583075;0;0
DEPOSIT_RUONIA;D;20120815;000000;1104.832921;1104.832921;1104.832921;1104.832921;0;0
DEPOSIT_RUONIA;D;20120816;000000;1105.068794;1105.068794;1105.068794;1105.068794;0;0
DEPOSIT_RUONIA;D;20120817;000000;1105.290247;1105.290247;1105.290247;1105.290247;0;0
DEPOSIT_RUONIA;D;20120820;000000;1105.503848;1105.503848;1105.503848;1105.503848;0;0
DEPOSIT_RUONIA;D;20120821;000000;1105.746445;1105.746445;1105.746445;1105.746445;0;0
DEPOSIT_RUONIA;D;20120822;000000;1105.989534;1105.989534;1105.989534;1105.989534;0;0
DEPOSIT_RUONIA;D;20120823;000000;1106.207221;1106.207221;1106.207221;1106.207221;0;0
DEPOSIT_RUONIA;D;20120824;000000;1106.409147;1106.409147;1106.409147;1106.409147;0;0
DEPOSIT_RUONIA;D;20120827;000000;1106.618575;1106.618575;1106.618575;1106.618575;0;0
DEPOSIT_RUONIA;D;20120828;000000;1106.873712;1106.873712;1106.873712;1106.873712;0;0
DEPOSIT_RUONIA;D;20120829;000000;1107.112217;1107.112217;1107.112217;1107.112217;0;0
DEPOSIT_RUONIA;D;20120830;000000;1107.339790;1107.339790;1107.339790;1107.339790;0;0
DEPOSIT_RUONIA;D;20120831;000000;1107.570046;1107.570046;1107.570046;1107.570046;0;0
DEPOSIT_RUONIA;D;20120903;000000;1107.775738;1107.775738;1107.775738;1107.775738;0;0
DEPOSIT_RUONIA;D;20120904;000000;1107.975313;1107.975313;1107.975313;1107.975313;0;0
DEPOSIT_RUONIA;D;20120905;000000;1108.172287;1108.172287;1108.172287;1108.172287;0;0
DEPOSIT_RUONIA;D;20120906;000000;1108.395680;1108.395680;1108.395680;1108.395680;0;0
DEPOSIT_RUONIA;D;20120907;000000;1108.620878;1108.620878;1108.620878;1108.620878;0;0
DEPOSIT_RUONIA;D;20120910;000000;1108.828084;1108.828084;1108.828084;1108.828084;0;0
DEPOSIT_RUONIA;D;20120911;000000;1109.074491;1109.074491;1109.074491;1109.074491;0;0
DEPOSIT_RUONIA;D;20120912;000000;1109.299827;1109.299827;1109.299827;1109.299827;0;0
DEPOSIT_RUONIA;D;20120913;000000;1109.521686;1109.521686;1109.521686;1109.521686;0;0
DEPOSIT_RUONIA;D;20120914;000000;1109.752837;1109.752837;1109.752837;1109.752837;0;0
DEPOSIT_RUONIA;D;20120917;000000;1110.000329;1110.000329;1110.000329;1110.000329;0;0
DEPOSIT_RUONIA;D;20120918;000000;1110.254484;1110.254484;1110.254484;1110.254484;0;0
DEPOSIT_RUONIA;D;20120919;000000;1110.505613;1110.505613;1110.505613;1110.505613;0;0
DEPOSIT_RUONIA;D;20120920;000000;1110.739172;1110.739172;1110.739172;1110.739172;0;0
DEPOSIT_RUONIA;D;20120921;000000;1110.982477;1110.982477;1110.982477;1110.982477;0;0
DEPOSIT_RUONIA;D;20120924;000000;1111.225835;1111.225835;1111.225835;1111.225835;0;0
DEPOSIT_RUONIA;D;20120925;000000;1111.493058;1111.493058;1111.493058;1111.493058;0;0
DEPOSIT_RUONIA;D;20120926;000000;1111.777547;1111.777547;1111.777547;1111.777547;0;0
DEPOSIT_RUONIA;D;20120927;000000;1112.043580;1112.043580;1112.043580;1112.043580;0;0
DEPOSIT_RUONIA;D;20120928;000000;1112.311441;1112.311441;1112.311441;1112.311441;0;0
DEPOSIT_RUONIA;D;20121001;000000;1112.585988;1112.585988;1112.585988;1112.585988;0;0
DEPOSIT_RUONIA;D;20121003;000000;1112.849565;1112.849565;1112.849565;1112.849565;0;0
DEPOSIT_RUONIA;D;20121004;000000;1113.094215;1113.094215;1113.094215;1113.094215;0;0
DEPOSIT_RUONIA;D;20121005;000000;1113.351287;1113.351287;1113.351287;1113.351287;0;0
DEPOSIT_RUONIA;D;20121008;000000;1113.596047;1113.596047;1113.596047;1113.596047;0;0
DEPOSIT_RUONIA;D;20121009;000000;1113.853677;1113.853677;1113.853677;1113.853677;0;0
DEPOSIT_RUONIA;D;20121010;000000;1114.115786;1114.115786;1114.115786;1114.115786;0;0
DEPOSIT_RUONIA;D;20121011;000000;1114.388568;1114.388568;1114.388568;1114.388568;0;0
DEPOSIT_RUONIA;D;20121012;000000;1114.668491;1114.668491;1114.668491;1114.668491;0;0
DEPOSIT_RUONIA;D;20121015;000000;1114.936100;1114.936100;1114.936100;1114.936100;0;0
DEPOSIT_RUONIA;D;20121016;000000;1115.211295;1115.211295;1115.211295;1115.211295;0;0
DEPOSIT_RUONIA;D;20121017;000000;1115.485230;1115.485230;1115.485230;1115.485230;0;0
DEPOSIT_RUONIA;D;20121018;000000;1115.741968;1115.741968;1115.741968;1115.741968;0;0
DEPOSIT_RUONIA;D;20121019;000000;1115.994781;1115.994781;1115.994781;1115.994781;0;0
DEPOSIT_RUONIA;D;20121022;000000;1116.247209;1116.247209;1116.247209;1116.247209;0;0
DEPOSIT_RUONIA;D;20121023;000000;1116.508995;1116.508995;1116.508995;1116.508995;0;0
DEPOSIT_RUONIA;D;20121024;000000;1116.780591;1116.780591;1116.780591;1116.780591;0;0
DEPOSIT_RUONIA;D;20121025;000000;1117.053581;1117.053581;1117.053581;1117.053581;0;0
DEPOSIT_RUONIA;D;20121026;000000;1117.338164;1117.338164;1117.338164;1117.338164;0;0
DEPOSIT_RUONIA;D;20121029;000000;1117.614395;1117.614395;1117.614395;1117.614395;0;0
DEPOSIT_RUONIA;D;20121030;000000;1117.896903;1117.896903;1117.896903;1117.896903;0;0
DEPOSIT_RUONIA;D;20121031;000000;1118.179482;1118.179482;1118.179482;1118.179482;0;0
DEPOSIT_RUONIA;D;20121101;000000;1118.466127;1118.466127;1118.466127;1118.466127;0;0
DEPOSIT_RUONIA;D;20121102;000000;1118.744856;1118.744856;1118.744856;1118.744856;0;0
DEPOSIT_RUONIA;D;20121106;000000;1119.005008;1119.005008;1119.005008;1119.005008;0;0
DEPOSIT_RUONIA;D;20121107;000000;1119.274102;1119.274102;1119.274102;1119.274102;0;0
DEPOSIT_RUONIA;D;20121108;000000;1119.532601;1119.532601;1119.532601;1119.532601;0;0
DEPOSIT_RUONIA;D;20121109;000000;1119.766726;1119.766726;1119.766726;1119.766726;0;0
DEPOSIT_RUONIA;D;20121112;000000;1120.015119;1120.015119;1120.015119;1120.015119;0;0
DEPOSIT_RUONIA;D;20121113;000000;1120.279122;1120.279122;1120.279122;1120.279122;0;0
DEPOSIT_RUONIA;D;20121114;000000;1120.550745;1120.550745;1120.550745;1120.550745;0;0
DEPOSIT_RUONIA;D;20121115;000000;1120.837108;1120.837108;1120.837108;1120.837108;0;0
DEPOSIT_RUONIA;D;20121116;000000;1121.116428;1121.116428;1121.116428;1121.116428;0;0
DEPOSIT_RUONIA;D;20121119;000000;1121.387809;1121.387809;1121.387809;1121.387809;0;0
DEPOSIT_RUONIA;D;20121120;000000;1121.656141;1121.656141;1121.656141;1121.656141;0;0
DEPOSIT_RUONIA;D;20121121;000000;1121.923648;1121.923648;1121.923648;1121.923648;0;0
DEPOSIT_RUONIA;D;20121122;000000;1122.184539;1122.184539;1122.184539;1122.184539;0;0
DEPOSIT_RUONIA;D;20121123;000000;1122.447273;1122.447273;1122.447273;1122.447273;0;0
DEPOSIT_RUONIA;D;20121126;000000;1122.711850;1122.711850;1122.711850;1122.711850;0;0
DEPOSIT_RUONIA;D;20121127;000000;1122.992528;1122.992528;1122.992528;1122.992528;0;0
DEPOSIT_RUONIA;D;20121128;000000;1123.278624;1123.278624;1123.278624;1123.278624;0;0
DEPOSIT_RUONIA;D;20121129;000000;1123.568358;1123.568358;1123.568358;1123.568358;0;0
DEPOSIT_RUONIA;D;20121130;000000;1123.844346;1123.844346;1123.844346;1123.844346;0;0
DEPOSIT_RUONIA;D;20121203;000000;1124.132888;1124.132888;1124.132888;1124.132888;0;0
DEPOSIT_RUONIA;D;20121204;000000;1124.418828;1124.418828;1124.418828;1124.418828;0;0
DEPOSIT_RUONIA;D;20121205;000000;1124.702610;1124.702610;1124.702610;1124.702610;0;0
DEPOSIT_RUONIA;D;20121206;000000;1124.985571;1124.985571;1124.985571;1124.985571;0;0
DEPOSIT_RUONIA;D;20121207;000000;1125.251639;1125.251639;1125.251639;1125.251639;0;0
DEPOSIT_RUONIA;D;20121210;000000;1125.514645;1125.514645;1125.514645;1125.514645;0;0
DEPOSIT_RUONIA;D;20121211;000000;1125.795577;1125.795577;1125.795577;1125.795577;0;0
DEPOSIT_RUONIA;D;20121212;000000;1126.080153;1126.080153;1126.080153;1126.080153;0;0
DEPOSIT_RUONIA;D;20121213;000000;1126.352289;1126.352289;1126.352289;1126.352289;0;0
DEPOSIT_RUONIA;D;20121214;000000;1126.627172;1126.627172;1126.627172;1126.627172;0;0
DEPOSIT_RUONIA;D;20121217;000000;1126.915535;1126.915535;1126.915535;1126.915535;0;0
DEPOSIT_RUONIA;D;20121218;000000;1127.196370;1127.196370;1127.196370;1127.196370;0;0
DEPOSIT_RUONIA;D;20121219;000000;1127.485773;1127.485773;1127.485773;1127.485773;0;0
DEPOSIT_RUONIA;D;20121220;000000;1127.771671;1127.771671;1127.771671;1127.771671;0;0
DEPOSIT_RUONIA;D;20121221;000000;1128.057642;1128.057642;1128.057642;1128.057642;0;0
DEPOSIT_RUONIA;D;20121224;000000;1128.338313;1128.338313;1128.338313;1128.338313;0;0
DEPOSIT_RUONIA;D;20121225;000000;1128.610995;1128.610995;1128.610995;1128.610995;0;0
DEPOSIT_RUONIA;D;20121226;000000;1128.876577;1128.876577;1128.876577;1128.876577;0;0
DEPOSIT_RUONIA;D;20121227;000000;1129.152077;1129.152077;1129.152077;1129.152077;0;0
DEPOSIT_RUONIA;D;20121228;000000;1129.431676;1129.431676;1129.431676;1129.431676;0;0
DEPOSIT_RUONIA;D;20130108;000000;1129.670560;1129.670560;1129.670560;1129.670560;0;0
DEPOSIT_RUONIA;D;20130109;000000;1129.909494;1129.909494;1129.909494;1129.909494;0;0
DEPOSIT_RUONIA;D;20130110;000000;1130.164621;1130.164621;1130.164621;1130.164621;0;0
DEPOSIT_RUONIA;D;20130111;000000;1130.387963;1130.387963;1130.387963;1130.387963;0;0
DEPOSIT_RUONIA;D;20130114;000000;1130.610452;1130.610452;1130.610452;1130.610452;0;0
DEPOSIT_RUONIA;D;20130115;000000;1130.833882;1130.833882;1130.833882;1130.833882;0;0
DEPOSIT_RUONIA;D;20130116;000000;1131.054215;1131.054215;1131.054215;1131.054215;0;0
DEPOSIT_RUONIA;D;20130117;000000;1131.286709;1131.286709;1131.286709;1131.286709;0;0
DEPOSIT_RUONIA;D;20130118;000000;1131.533617;1131.533617;1131.533617;1131.533617;0;0
DEPOSIT_RUONIA;D;20130121;000000;1131.772047;1131.772047;1131.772047;1131.772047;0;0
DEPOSIT_RUONIA;D;20130122;000000;1132.018612;1132.018612;1132.018612;1132.018612;0;0
DEPOSIT_RUONIA;D;20130123;000000;1132.255797;1132.255797;1132.255797;1132.255797;0;0
DEPOSIT_RUONIA;D;20130124;000000;1132.475958;1132.475958;1132.475958;1132.475958;0;0
DEPOSIT_RUONIA;D;20130125;000000;1132.696161;1132.696161;1132.696161;1132.696161;0;0
DEPOSIT_RUONIA;D;20130128;000000;1132.951917;1132.951917;1132.951917;1132.951917;0;0
DEPOSIT_RUONIA;D;20130129;000000;1133.229310;1133.229310;1133.229310;1133.229310;0;0
DEPOSIT_RUONIA;D;20130130;000000;1133.491032;1133.491032;1133.491032;1133.491032;0;0
DEPOSIT_RUONIA;D;20130131;000000;1133.746068;1133.746068;1133.746068;1133.746068;0;0
DEPOSIT_RUONIA;D;20130201;000000;1134.010159;1134.010159;1134.010159;1134.010159;0;0
DEPOSIT_RUONIA;D;20130204;000000;1134.259011;1134.259011;1134.259011;1134.259011;0;0
DEPOSIT_RUONIA;D;20130205;000000;1134.497566;1134.497566;1134.497566;1134.497566;0;0
DEPOSIT_RUONIA;D;20130206;000000;1134.731668;1134.731668;1134.731668;1134.731668;0;0
DEPOSIT_RUONIA;D;20130207;000000;1134.964018;1134.964018;1134.964018;1134.964018;0;0
DEPOSIT_RUONIA;D;20130208;000000;1135.186507;1135.186507;1135.186507;1135.186507;0;0
DEPOSIT_RUONIA;D;20130211;000000;1135.403183;1135.403183;1135.403183;1135.403183;0;0
DEPOSIT_RUONIA;D;20130212;000000;1135.639726;1135.639726;1135.639726;1135.639726;0;0
DEPOSIT_RUONIA;D;20130213;000000;1135.877219;1135.877219;1135.877219;1135.877219;0;0
DEPOSIT_RUONIA;D;20130214;000000;1136.122424;1136.122424;1136.122424;1136.122424;0;0
DEPOSIT_RUONIA;D;20130215;000000;1136.374445;1136.374445;1136.374445;1136.374445;0;0
DEPOSIT_RUONIA;D;20130218;000000;1136.633737;1136.633737;1136.633737;1136.633737;0;0
DEPOSIT_RUONIA;D;20130219;000000;1136.910227;1136.910227;1136.910227;1136.910227;0;0
DEPOSIT_RUONIA;D;20130220;000000;1137.170995;1137.170995;1137.170995;1137.170995;0;0
DEPOSIT_RUONIA;D;20130221;000000;1137.434981;1137.434981;1137.434981;1137.434981;0;0
DEPOSIT_RUONIA;D;20130222;000000;1137.706250;1137.706250;1137.706250;1137.706250;0;0
DEPOSIT_RUONIA;D;20130225;000000;1137.975778;1137.975778;1137.975778;1137.975778;0;0
DEPOSIT_RUONIA;D;20130226;000000;1138.252144;1138.252144;1138.252144;1138.252144;0;0
DEPOSIT_RUONIA;D;20130227;000000;1138.526770;1138.526770;1138.526770;1138.526770;0;0
DEPOSIT_RUONIA;D;20130228;000000;1138.792426;1138.792426;1138.792426;1138.792426;0;0
DEPOSIT_RUONIA;D;20130301;000000;1139.070797;1139.070797;1139.070797;1139.070797;0;0
DEPOSIT_RUONIA;D;20130304;000000;1139.340197;1139.340197;1139.340197;1139.340197;0;0
DEPOSIT_RUONIA;D;20130305;000000;1139.611468;1139.611468;1139.611468;1139.611468;0;0
DEPOSIT_RUONIA;D;20130306;000000;1139.890040;1139.890040;1139.890040;1139.890040;0;0
DEPOSIT_RUONIA;D;20130307;000000;1140.178179;1140.178179;1140.178179;1140.178179;0;0
DEPOSIT_RUONIA;D;20130311;000000;1140.470010;1140.470010;1140.470010;1140.470010;0;0
DEPOSIT_RUONIA;D;20130312;000000;1140.745623;1140.745623;1140.745623;1140.745623;0;0
DEPOSIT_RUONIA;D;20130313;000000;1141.001386;1141.001386;1141.001386;1141.001386;0;0
DEPOSIT_RUONIA;D;20130314;000000;1141.244075;1141.244075;1141.244075;1141.244075;0;0
DEPOSIT_RUONIA;D;20130315;000000;1141.510365;1141.510365;1141.510365;1141.510365;0;0
DEPOSIT_RUONIA;D;20130318;000000;1141.770829;1141.770829;1141.770829;1141.770829;0;0
DEPOSIT_RUONIA;D;20130319;000000;1142.039961;1142.039961;1142.039961;1142.039961;0;0
DEPOSIT_RUONIA;D;20130320;000000;1142.287856;1142.287856;1142.287856;1142.287856;0;0
DEPOSIT_RUONIA;D;20130321;000000;1142.549404;1142.549404;1142.549404;1142.549404;0;0
DEPOSIT_RUONIA;D;20130322;000000;1142.809651;1142.809651;1142.809651;1142.809651;0;0
DEPOSIT_RUONIA;D;20130325;000000;1143.078574;1143.078574;1143.078574;1143.078574;0;0
DEPOSIT_RUONIA;D;20130326;000000;1143.360715;1143.360715;1143.360715;1143.360715;0;0
DEPOSIT_RUONIA;D;20130327;000000;1143.640203;1143.640203;1143.640203;1143.640203;0;0
DEPOSIT_RUONIA;D;20130328;000000;1143.908868;1143.908868;1143.908868;1143.908868;0;0
DEPOSIT_RUONIA;D;20130329;000000;1144.187128;1144.187128;1144.187128;1144.187128;0;0
DEPOSIT_RUONIA;D;20130401;000000;1144.472267;1144.472267;1144.472267;1144.472267;0;0
DEPOSIT_RUONIA;D;20130402;000000;1144.741581;1144.741581;1144.741581;1144.741581;0;0
DEPOSIT_RUONIA;D;20130403;000000;1145.010959;1145.010959;1145.010959;1145.010959;0;0
DEPOSIT_RUONIA;D;20130404;000000;1145.280400;1145.280400;1145.280400;1145.280400;0;0
DEPOSIT_RUONIA;D;20130405;000000;1145.539906;1145.539906;1145.539906;1145.539906;0;0
DEPOSIT_RUONIA;D;20130408;000000;1145.794470;1145.794470;1145.794470;1145.794470;0;0
DEPOSIT_RUONIA;D;20130409;000000;1146.061368;1146.061368;1146.061368;1146.061368;0;0
DEPOSIT_RUONIA;D;20130410;000000;1146.344245;1146.344245;1146.344245;1146.344245;0;0
DEPOSIT_RUONIA;D;20130411;000000;1146.614454;1146.614454;1146.614454;1146.614454;0;0
DEPOSIT_RUONIA;D;20130412;000000;1146.880178;1146.880178;1146.880178;1146.880178;0;0
DEPOSIT_RUONIA;D;20130415;000000;1147.144142;1147.144142;1147.144142;1147.144142;0;0
DEPOSIT_RUONIA;D;20130416;000000;1147.417727;1147.417727;1147.417727;1147.417727;0;0
DEPOSIT_RUONIA;D;20130417;000000;1147.697296;1147.697296;1147.697296;1147.697296;0;0
DEPOSIT_RUONIA;D;20130418;000000;1147.975112;1147.975112;1147.975112;1147.975112;0;0
DEPOSIT_RUONIA;D;20130419;000000;1148.254817;1148.254817;1148.254817;1148.254817;0;0
DEPOSIT_RUONIA;D;20130422;000000;1148.539147;1148.539147;1148.539147;1148.539147;0;0
DEPOSIT_RUONIA;D;20130423;000000;1148.825370;1148.825370;1148.825370;1148.825370;0;0
DEPOSIT_RUONIA;D;20130424;000000;1149.114856;1149.114856;1149.114856;1149.114856;0;0
DEPOSIT_RUONIA;D;20130425;000000;1149.405782;1149.405782;1149.405782;1149.405782;0;0
DEPOSIT_RUONIA;D;20130426;000000;1149.702256;1149.702256;1149.702256;1149.702256;0;0
DEPOSIT_RUONIA;D;20130429;000000;1149.994700;1149.994700;1149.994700;1149.994700;0;0
DEPOSIT_RUONIA;D;20130430;000000;1150.292238;1150.292238;1150.292238;1150.292238;0;0
DEPOSIT_RUONIA;D;20130502;000000;1150.589854;1150.589854;1150.589854;1150.589854;0;0
DEPOSIT_RUONIA;D;20130503;000000;1150.887546;1150.887546;1150.887546;1150.887546;0;0
DEPOSIT_RUONIA;D;20130506;000000;1151.185315;1151.185315;1151.185315;1151.185315;0;0
DEPOSIT_RUONIA;D;20130507;000000;1151.483619;1151.483619;1151.483619;1151.483619;0;0
DEPOSIT_RUONIA;D;20130508;000000;1151.769205;1151.769205;1151.769205;1151.769205;0;0
DEPOSIT_RUONIA;D;20130510;000000;1152.048006;1152.048006;1152.048006;1152.048006;0;0
DEPOSIT_RUONIA;D;20130513;000000;1152.326875;1152.326875;1152.326875;1152.326875;0;0
DEPOSIT_RUONIA;D;20130514;000000;1152.617700;1152.617700;1152.617700;1152.617700;0;0
DEPOSIT_RUONIA;D;20130515;000000;1152.903568;1152.903568;1152.903568;1152.903568;0;0
DEPOSIT_RUONIA;D;20130516;000000;1153.189506;1153.189506;1153.189506;1153.189506;0;0
DEPOSIT_RUONIA;D;20130517;000000;1153.481007;1153.481007;1153.481007;1153.481007;0;0
DEPOSIT_RUONIA;D;20130520;000000;1153.768461;1153.768461;1153.768461;1153.768461;0;0
DEPOSIT_RUONIA;D;20130521;000000;1154.058277;1154.058277;1154.058277;1154.058277;0;0
DEPOSIT_RUONIA;D;20130522;000000;1154.348624;1154.348624;1154.348624;1154.348624;0;0
DEPOSIT_RUONIA;D;20130523;000000;1154.638127;1154.638127;1154.638127;1154.638127;0;0
DEPOSIT_RUONIA;D;20130524;000000;1154.926786;1154.926786;1154.926786;1154.926786;0;0
DEPOSIT_RUONIA;D;20130527;000000;1155.212768;1155.212768;1155.212768;1155.212768;0;0
DEPOSIT_RUONIA;D;20130528;000000;1155.499279;1155.499279;1155.499279;1155.499279;0;0
DEPOSIT_RUONIA;D;20130529;000000;1155.787696;1155.787696;1155.787696;1155.787696;0;0
DEPOSIT_RUONIA;D;20130530;000000;1156.074808;1156.074808;1156.074808;1156.074808;0;0
DEPOSIT_RUONIA;D;20130531;000000;1156.363827;1156.363827;1156.363827;1156.363827;0;0
DEPOSIT_RUONIA;D;20130603;000000;1156.652459;1156.652459;1156.652459;1156.652459;0;0
DEPOSIT_RUONIA;D;20130604;000000;1156.943917;1156.943917;1156.943917;1156.943917;0;0
DEPOSIT_RUONIA;D;20130605;000000;1157.237744;1157.237744;1157.237744;1157.237744;0;0
DEPOSIT_RUONIA;D;20130606;000000;1157.524298;1157.524298;1157.524298;1157.524298;0;0
DEPOSIT_RUONIA;D;20130607;000000;1157.802655;1157.802655;1157.802655;1157.802655;0;0
DEPOSIT_RUONIA;D;20130610;000000;1158.070971;1158.070971;1158.070971;1158.070971;0;0
DEPOSIT_RUONIA;D;20130611;000000;1158.348081;1158.348081;1158.348081;1158.348081;0;0
DEPOSIT_RUONIA;D;20130613;000000;1158.624798;1158.624798;1158.624798;1158.624798;0;0
DEPOSIT_RUONIA;D;20130614;000000;1158.907557;1158.907557;1158.907557;1158.907557;0;0
DEPOSIT_RUONIA;D;20130617;000000;1159.187626;1159.187626;1159.187626;1159.187626;0;0
DEPOSIT_RUONIA;D;20130618;000000;1159.472823;1159.472823;1159.472823;1159.472823;0;0
DEPOSIT_RUONIA;D;20130619;000000;1159.757170;1159.757170;1159.757170;1159.757170;0;0
DEPOSIT_RUONIA;D;20130620;000000;1160.038826;1160.038826;1160.038826;1160.038826;0;0
DEPOSIT_RUONIA;D;20130621;000000;1160.329296;1160.329296;1160.329296;1160.329296;0;0
DEPOSIT_RUONIA;D;20130624;000000;1160.621680;1160.621680;1160.621680;1160.621680;0;0
DEPOSIT_RUONIA;D;20130625;000000;1160.915981;1160.915981;1160.915981;1160.915981;0;0
DEPOSIT_RUONIA;D;20130626;000000;1161.215423;1161.215423;1161.215423;1161.215423;0;0
DEPOSIT_RUONIA;D;20130627;000000;1161.512178;1161.512178;1161.512178;1161.512178;0;0
DEPOSIT_RUONIA;D;20130628;000000;1161.810853;1161.810853;1161.810853;1161.810853;0;0
DEPOSIT_RUONIA;D;20130701;000000;1162.110065;1162.110065;1162.110065;1162.110065;0;0
DEPOSIT_RUONIA;D;20130702;000000;1162.402899;1162.402899;1162.402899;1162.402899;0;0
DEPOSIT_RUONIA;D;20130703;000000;1162.687042;1162.687042;1162.687042;1162.687042;0;0
DEPOSIT_RUONIA;D;20130704;000000;1162.958335;1162.958335;1162.958335;1162.958335;0;0
DEPOSIT_RUONIA;D;20130705;000000;1163.216770;1163.216770;1163.216770;1163.216770;0;0
DEPOSIT_RUONIA;D;20130708;000000;1163.470185;1163.470185;1163.470185;1163.470185;0;0
DEPOSIT_RUONIA;D;20130709;000000;1163.724579;1163.724579;1163.724579;1163.724579;0;0
DEPOSIT_RUONIA;D;20130710;000000;1163.983185;1163.983185;1163.983185;1163.983185;0;0
DEPOSIT_RUONIA;D;20130711;000000;1164.255243;1164.255243;1164.255243;1164.255243;0;0
DEPOSIT_RUONIA;D;20130712;000000;1164.530598;1164.530598;1164.530598;1164.530598;0;0
DEPOSIT_RUONIA;D;20130715;000000;1164.805095;1164.805095;1164.805095;1164.805095;0;0
DEPOSIT_RUONIA;D;20130716;000000;1165.088900;1165.088900;1165.088900;1165.088900;0;0
DEPOSIT_RUONIA;D;20130717;000000;1165.373238;1165.373238;1165.373238;1165.373238;0;0
DEPOSIT_RUONIA;D;20130718;000000;1165.652095;1165.652095;1165.652095;1165.652095;0;0
DEPOSIT_RUONIA;D;20130719;000000;1165.929631;1165.929631;1165.929631;1165.929631;0;0
DEPOSIT_RUONIA;D;20130722;000000;1166.204920;1166.204920;1166.204920;1166.204920;0;0
DEPOSIT_RUONIA;D;20130723;000000;1166.483050;1166.483050;1166.483050;1166.483050;0;0
DEPOSIT_RUONIA;D;20130724;000000;1166.761710;1166.761710;1166.761710;1166.761710;0;0
DEPOSIT_RUONIA;D;20130725;000000;1167.039974;1167.039974;1167.039974;1167.039974;0;0
DEPOSIT_RUONIA;D;20130726;000000;1167.328955;1167.328955;1167.328955;1167.328955;0;0
DEPOSIT_RUONIA;D;20130729;000000;1167.623567;1167.623567;1167.623567;1167.623567;0;0
DEPOSIT_RUONIA;D;20130730;000000;1167.918716;1167.918716;1167.918716;1167.918716;0;0
DEPOSIT_RUONIA;D;20130731;000000;1168.208378;1168.208378;1168.208378;1168.208378;0;0
DEPOSIT_RUONIA;D;20130801;000000;1168.493013;1168.493013;1168.493013;1168.493013;0;0
DEPOSIT_RUONIA;D;20130802;000000;1168.777254;1168.777254;1168.777254;1168.777254;0;0
DEPOSIT_RUONIA;D;20130805;000000;1169.055998;1169.055998;1169.055998;1169.055998;0;0
DEPOSIT_RUONIA;D;20130806;000000;1169.334808;1169.334808;1169.334808;1169.334808;0;0
DEPOSIT_RUONIA;D;20130807;000000;1169.612293;1169.612293;1169.612293;1169.612293;0;0
DEPOSIT_RUONIA;D;20130808;000000;1169.882418;1169.882418;1169.882418;1169.882418;0;0
DEPOSIT_RUONIA;D;20130809;000000;1170.150284;1170.150284;1170.150284;1170.150284;0;0
DEPOSIT_RUONIA;D;20130812;000000;1170.414961;1170.414961;1170.414961;1170.414961;0;0
DEPOSIT_RUONIA;D;20130813;000000;1170.685736;1170.685736;1170.685736;1170.685736;0;0
DEPOSIT_RUONIA;D;20130814;000000;1170.963077;1170.963077;1170.963077;1170.963077;0;0
DEPOSIT_RUONIA;D;20130815;000000;1171.247918;1171.247918;1171.247918;1171.247918;0;0
DEPOSIT_RUONIA;D;20130816;000000;1171.530970;1171.530970;1171.530970;1171.530970;0;0
DEPOSIT_RUONIA;D;20130819;000000;1171.809906;1171.809906;1171.809906;1171.809906;0;0
DEPOSIT_RUONIA;D;20130820;000000;1172.086118;1172.086118;1172.086118;1172.086118;0;0
DEPOSIT_RUONIA;D;20130821;000000;1172.363791;1172.363791;1172.363791;1172.363791;0;0
DEPOSIT_RUONIA;D;20130822;000000;1172.637342;1172.637342;1172.637342;1172.637342;0;0
DEPOSIT_RUONIA;D;20130823;000000;1172.912354;1172.912354;1172.912354;1172.912354;0;0
DEPOSIT_RUONIA;D;20130826;000000;1173.186964;1173.186964;1173.186964;1173.186964;0;0
DEPOSIT_RUONIA;D;20130827;000000;1173.477467;1173.477467;1173.477467;1173.477467;0;0
DEPOSIT_RUONIA;D;20130828;000000;1173.772234;1173.772234;1173.772234;1173.772234;0;0
DEPOSIT_RUONIA;D;20130829;000000;1174.064745;1174.064745;1174.064745;1174.064745;0;0
DEPOSIT_RUONIA;D;20130830;000000;1174.357330;1174.357330;1174.357330;1174.357330;0;0
DEPOSIT_RUONIA;D;20130902;000000;1174.641133;1174.641133;1174.641133;1174.641133;0;0
DEPOSIT_RUONIA;D;20130903;000000;1174.914750;1174.914750;1174.914750;1174.914750;0;0
DEPOSIT_RUONIA;D;20130904;000000;1175.189363;1175.189363;1175.189363;1175.189363;0;0
DEPOSIT_RUONIA;D;20130905;000000;1175.463573;1175.463573;1175.463573;1175.463573;0;0
DEPOSIT_RUONIA;D;20130906;000000;1175.739714;1175.739714;1175.739714;1175.739714;0;0
DEPOSIT_RUONIA;D;20130909;000000;1176.022918;1176.022918;1176.022918;1176.022918;0;0
DEPOSIT_RUONIA;D;20130910;000000;1176.308990;1176.308990;1176.308990;1176.308990;0;0
DEPOSIT_RUONIA;D;20130911;000000;1176.595599;1176.595599;1176.595599;1176.595599;0;0
DEPOSIT_RUONIA;D;20130912;000000;1176.877141;1176.877141;1176.877141;1176.877141;0;0
DEPOSIT_RUONIA;D;20130913;000000;1177.162954;1177.162954;1177.162954;1177.162954;0;0
DEPOSIT_RUONIA;D;20130916;000000;1177.444633;1177.444633;1177.444633;1177.444633;0;0
DEPOSIT_RUONIA;D;20130917;000000;1177.730584;1177.730584;1177.730584;1177.730584;0;0
DEPOSIT_RUONIA;D;20130918;000000;1178.018473;1178.018473;1178.018473;1178.018473;0;0
DEPOSIT_RUONIA;D;20130919;000000;1178.304563;1178.304563;1178.304563;1178.304563;0;0
DEPOSIT_RUONIA;D;20130920;000000;1178.598204;1178.598204;1178.598204;1178.598204;0;0
DEPOSIT_RUONIA;D;20130923;000000;1178.892854;1178.892854;1178.892854;1178.892854;0;0
DEPOSIT_RUONIA;D;20130924;000000;1179.188981;1179.188981;1179.188981;1179.188981;0;0
DEPOSIT_RUONIA;D;20130925;000000;1179.488925;1179.488925;1179.488925;1179.488925;0;0
DEPOSIT_RUONIA;D;20130926;000000;1179.790818;1179.790818;1179.790818;1179.790818;0;0
DEPOSIT_RUONIA;D;20130927;000000;1180.094193;1180.094193;1180.094193;1180.094193;0;0
DEPOSIT_RUONIA;D;20130930;000000;1180.397646;1180.397646;1180.397646;1180.397646;0;0
DEPOSIT_RUONIA;D;20131001;000000;1180.703519;1180.703519;1180.703519;1180.703519;0;0
DEPOSIT_RUONIA;D;20131002;000000;1180.995415;1180.995415;1180.995415;1180.995415;0;0
DEPOSIT_RUONIA;D;20131003;000000;1181.269574;1181.269574;1181.269574;1181.269574;0;0
DEPOSIT_RUONIA;D;20131004;000000;1181.542860;1181.542860;1181.542860;1181.542860;0;0
DEPOSIT_RUONIA;D;20131007;000000;1181.794172;1181.794172;1181.794172;1181.794172;0;0
DEPOSIT_RUONIA;D;20131008;000000;1182.015055;1182.015055;1182.015055;1182.015055;0;0
DEPOSIT_RUONIA;D;20131009;000000;1182.237387;1182.237387;1182.237387;1182.237387;0;0
DEPOSIT_RUONIA;D;20131010;000000;1182.517934;1182.517934;1182.517934;1182.517934;0;0
DEPOSIT_RUONIA;D;20131011;000000;1182.801363;1182.801363;1182.801363;1182.801363;0;0
DEPOSIT_RUONIA;D;20131014;000000;1183.089553;1183.089553;1183.089553;1183.089553;0;0
DEPOSIT_RUONIA;D;20131015;000000;1183.388142;1183.388142;1183.388142;1183.388142;0;0
DEPOSIT_RUONIA;D;20131016;000000;1183.677885;1183.677885;1183.677885;1183.677885;0;0
DEPOSIT_RUONIA;D;20131017;000000;1183.964879;1183.964879;1183.964879;1183.964879;0;0
DEPOSIT_RUONIA;D;20131018;000000;1184.248655;1184.248655;1184.248655;1184.248655;0;0
DEPOSIT_RUONIA;D;20131021;000000;1184.529679;1184.529679;1184.529679;1184.529679;0;0
DEPOSIT_RUONIA;D;20131022;000000;1184.816411;1184.816411;1184.816411;1184.816411;0;0
DEPOSIT_RUONIA;D;20131023;000000;1185.104622;1185.104622;1185.104622;1185.104622;0;0
DEPOSIT_RUONIA;D;20131024;000000;1185.386319;1185.386319;1185.386319;1185.386319;0;0
DEPOSIT_RUONIA;D;20131025;000000;1185.668554;1185.668554;1185.668554;1185.668554;0;0
DEPOSIT_RUONIA;D;20131028;000000;1185.961678;1185.961678;1185.961678;1185.961678;0;0
DEPOSIT_RUONIA;D;20131029;000000;1186.265698;1186.265698;1186.265698;1186.265698;0;0
DEPOSIT_RUONIA;D;20131030;000000;1186.565560;1186.565560;1186.565560;1186.565560;0;0
DEPOSIT_RUONIA;D;20131031;000000;1186.865497;1186.865497;1186.865497;1186.865497;0;0
DEPOSIT_RUONIA;D;20131101;000000;1187.164097;1187.164097;1187.164097;1187.164097;0;0
DEPOSIT_RUONIA;D;20131105;000000;1187.459004;1187.459004;1187.459004;1187.459004;0;0
DEPOSIT_RUONIA;D;20131106;000000;1187.753513;1187.753513;1187.753513;1187.753513;0;0
DEPOSIT_RUONIA;D;20131107;000000;1188.049509;1188.049509;1188.049509;1188.049509;0;0
DEPOSIT_RUONIA;D;20131108;000000;1188.343692;1188.343692;1188.343692;1188.343692;0;0
DEPOSIT_RUONIA;D;20131111;000000;1188.596451;1188.596451;1188.596451;1188.596451;0;0
DEPOSIT_RUONIA;D;20131112;000000;1188.856339;1188.856339;1188.856339;1188.856339;0;0
DEPOSIT_RUONIA;D;20131113;000000;1189.131380;1189.131380;1189.131380;1189.131380;0;0
DEPOSIT_RUONIA;D;20131114;000000;1189.409787;1189.409787;1189.409787;1189.409787;0;0
DEPOSIT_RUONIA;D;20131115;000000;1189.692980;1189.692980;1189.692980;1189.692980;0;0
DEPOSIT_RUONIA;D;20131118;000000;1189.974824;1189.974824;1189.974824;1189.974824;0;0
DEPOSIT_RUONIA;D;20131119;000000;1190.259568;1190.259568;1190.259568;1190.259568;0;0
DEPOSIT_RUONIA;D;20131120;000000;1190.543435;1190.543435;1190.543435;1190.543435;0;0
DEPOSIT_RUONIA;D;20131121;000000;1190.827371;1190.827371;1190.827371;1190.827371;0;0
DEPOSIT_RUONIA;D;20131122;000000;1191.117517;1191.117517;1191.117517;1191.117517;0;0
DEPOSIT_RUONIA;D;20131125;000000;1191.412933;1191.412933;1191.412933;1191.412933;0;0
DEPOSIT_RUONIA;D;20131126;000000;1191.715987;1191.715987;1191.715987;1191.715987;0;0
DEPOSIT_RUONIA;D;20131127;000000;1192.021955;1192.021955;1192.021955;1192.021955;0;0
DEPOSIT_RUONIA;D;20131128;000000;1192.322799;1192.322799;1192.322799;1192.322799;0;0
DEPOSIT_RUONIA;D;20131129;000000;1192.630342;1192.630342;1192.630342;1192.630342;0;0
DEPOSIT_RUONIA;D;20131202;000000;1192.938438;1192.938438;1192.938438;1192.938438;0;0
DEPOSIT_RUONIA;D;20131203;000000;1193.243774;1193.243774;1193.243774;1193.243774;0;0
DEPOSIT_RUONIA;D;20131204;000000;1193.547767;1193.547767;1193.547767;1193.547767;0;0
DEPOSIT_RUONIA;D;20131205;000000;1193.834313;1193.834313;1193.834313;1193.834313;0;0
DEPOSIT_RUONIA;D;20131206;000000;1194.138930;1194.138930;1194.138930;1194.138930;0;0
DEPOSIT_RUONIA;D;20131209;000000;1194.441256;1194.441256;1194.441256;1194.441256;0;0
DEPOSIT_RUONIA;D;20131210;000000;1194.738918;1194.738918;1194.738918;1194.738918;0;0
DEPOSIT_RUONIA;D;20131211;000000;1195.046611;1195.046611;1195.046611;1195.046611;0;0
DEPOSIT_RUONIA;D;20131212;000000;1195.353434;1195.353434;1195.353434;1195.353434;0;0
DEPOSIT_RUONIA;D;20131213;000000;1195.652747;1195.652747;1195.652747;1195.652747;0;0
DEPOSIT_RUONIA;D;20131216;000000;1195.954507;1195.954507;1195.954507;1195.954507;0;0
DEPOSIT_RUONIA;D;20131217;000000;1196.263937;1196.263937;1196.263937;1196.263937;0;0
DEPOSIT_RUONIA;D;20131218;000000;1196.572022;1196.572022;1196.572022;1196.572022;0;0
DEPOSIT_RUONIA;D;20131219;000000;1196.881611;1196.881611;1196.881611;1196.881611;0;0
DEPOSIT_RUONIA;D;20131220;000000;1197.190806;1197.190806;1197.190806;1197.190806;0;0
DEPOSIT_RUONIA;D;20131223;000000;1197.504356;1197.504356;1197.504356;1197.504356;0;0
DEPOSIT_RUONIA;D;20131224;000000;1197.815612;1197.815612;1197.815612;1197.815612;0;0
DEPOSIT_RUONIA;D;20131225;000000;1198.119344;1198.119344;1198.119344;1198.119344;0;0
DEPOSIT_RUONIA;D;20131226;000000;1198.427431;1198.427431;1198.427431;1198.427431;0;0
DEPOSIT_RUONIA;D;20131227;000000;1198.740354;1198.740354;1198.740354;1198.740354;0;0
DEPOSIT_RUONIA;D;20131230;000000;1199.049553;1199.049553;1199.049553;1199.049553;0;0
DEPOSIT_RUONIA;D;20140106;000000;1199.346461;1199.346461;1199.346461;1199.346461;0;0
DEPOSIT_RUONIA;D;20140108;000000;1199.643442;1199.643442;1199.643442;1199.643442;0;0
DEPOSIT_RUONIA;D;20140109;000000;1199.940496;1199.940496;1199.940496;1199.940496;0;0
DEPOSIT_RUONIA;D;20140110;000000;1200.202864;1200.202864;1200.202864;1200.202864;0;0
DEPOSIT_RUONIA;D;20140113;000000;1200.481006;1200.481006;1200.481006;1200.481006;0;0
DEPOSIT_RUONIA;D;20140114;000000;1200.781603;1200.781603;1200.781603;1200.781603;0;0
DEPOSIT_RUONIA;D;20140115;000000;1201.052732;1201.052732;1201.052732;1201.052732;0;0
DEPOSIT_RUONIA;D;20140116;000000;1201.319632;1201.319632;1201.319632;1201.319632;0;0
DEPOSIT_RUONIA;D;20140117;000000;1201.590406;1201.590406;1201.590406;1201.590406;0;0
DEPOSIT_RUONIA;D;20140120;000000;1201.873638;1201.873638;1201.873638;1201.873638;0;0
DEPOSIT_RUONIA;D;20140121;000000;1202.161229;1202.161229;1202.161229;1202.161229;0;0
DEPOSIT_RUONIA;D;20140122;000000;1202.456045;1202.456045;1202.456045;1202.456045;0;0
DEPOSIT_RUONIA;D;20140123;000000;1202.757613;1202.757613;1202.757613;1202.757613;0;0
DEPOSIT_RUONIA;D;20140124;000000;1203.053053;1203.053053;1203.053053;1203.053053;0;0
DEPOSIT_RUONIA;D;20140127;000000;1203.344268;1203.344268;1203.344268;1203.344268;0;0
DEPOSIT_RUONIA;D;20140128;000000;1203.644626;1203.644626;1203.644626;1203.644626;0;0
DEPOSIT_RUONIA;D;20140129;000000;1203.942194;1203.942194;1203.942194;1203.942194;0;0
DEPOSIT_RUONIA;D;20140130;000000;1204.241746;1204.241746;1204.241746;1204.241746;0;0
DEPOSIT_RUONIA;D;20140131;000000;1204.544240;1204.544240;1204.544240;1204.544240;0;0
DEPOSIT_RUONIA;D;20140203;000000;1204.844898;1204.844898;1204.844898;1204.844898;0;0
DEPOSIT_RUONIA;D;20140204;000000;1205.144675;1205.144675;1205.144675;1205.144675;0;0
DEPOSIT_RUONIA;D;20140205;000000;1205.442136;1205.442136;1205.442136;1205.442136;0;0
DEPOSIT_RUONIA;D;20140206;000000;1205.721014;1205.721014;1205.721014;1205.721014;0;0
DEPOSIT_RUONIA;D;20140207;000000;1205.987038;1205.987038;1205.987038;1205.987038;0;0
DEPOSIT_RUONIA;D;20140210;000000;1206.220100;1206.220100;1206.220100;1206.220100;0;0
DEPOSIT_RUONIA;D;20140211;000000;1206.483362;1206.483362;1206.483362;1206.483362;0;0
DEPOSIT_RUONIA;D;20140212;000000;1206.773971;1206.773971;1206.773971;1206.773971;0;0
DEPOSIT_RUONIA;D;20140213;000000;1207.055073;1207.055073;1207.055073;1207.055073;0;0
DEPOSIT_RUONIA;D;20140214;000000;1207.321392;1207.321392;1207.321392;1207.321392;0;0
DEPOSIT_RUONIA;D;20140217;000000;1207.600704;1207.600704;1207.600704;1207.600704;0;0
DEPOSIT_RUONIA;D;20140218;000000;1207.894937;1207.894937;1207.894937;1207.894937;0;0
DEPOSIT_RUONIA;D;20140219;000000;1208.185887;1208.185887;1208.185887;1208.185887;0;0
DEPOSIT_RUONIA;D;20140220;000000;1208.473550;1208.473550;1208.473550;1208.473550;0;0
DEPOSIT_RUONIA;D;20140221;000000;1208.762241;1208.762241;1208.762241;1208.762241;0;0
DEPOSIT_RUONIA;D;20140224;000000;1209.062033;1209.062033;1209.062033;1209.062033;0;0
DEPOSIT_RUONIA;D;20140225;000000;1209.349425;1209.349425;1209.349425;1209.349425;0;0
DEPOSIT_RUONIA;D;20140226;000000;1209.655602;1209.655602;1209.655602;1209.655602;0;0
DEPOSIT_RUONIA;D;20140227;000000;1209.957536;1209.957536;1209.957536;1209.957536;0;0
DEPOSIT_RUONIA;D;20140228;000000;1210.256664;1210.256664;1210.256664;1210.256664;0;0
DEPOSIT_RUONIA;D;20140303;000000;1210.560189;1210.560189;1210.560189;1210.560189;0;0
DEPOSIT_RUONIA;D;20140304;000000;1210.917592;1210.917592;1210.917592;1210.917592;0;0
DEPOSIT_RUONIA;D;20140305;000000;1211.287595;1211.287595;1211.287595;1211.287595;0;0
DEPOSIT_RUONIA;D;20140306;000000;1211.657710;1211.657710;1211.657710;1211.657710;0;0
DEPOSIT_RUONIA;D;20140307;000000;1212.026977;1212.026977;1212.026977;1212.026977;0;0
DEPOSIT_RUONIA;D;20140311;000000;1212.394433;1212.394433;1212.394433;1212.394433;0;0
DEPOSIT_RUONIA;D;20140312;000000;1212.776434;1212.776434;1212.776434;1212.776434;0;0
DEPOSIT_RUONIA;D;20140313;000000;1213.159036;1213.159036;1213.159036;1213.159036;0;0
DEPOSIT_RUONIA;D;20140314;000000;1213.540796;1213.540796;1213.540796;1213.540796;0;0
DEPOSIT_RUONIA;D;20140317;000000;1213.903413;1213.903413;1213.903413;1213.903413;0;0
DEPOSIT_RUONIA;D;20140318;000000;1214.269511;1214.269511;1214.269511;1214.269511;0;0
DEPOSIT_RUONIA;D;20140319;000000;1214.643911;1214.643911;1214.643911;1214.643911;0;0
DEPOSIT_RUONIA;D;20140320;000000;1215.021800;1215.021800;1215.021800;1215.021800;0;0
DEPOSIT_RUONIA;D;20140321;000000;1215.404628;1215.404628;1215.404628;1215.404628;0;0
DEPOSIT_RUONIA;D;20140324;000000;1215.786613;1215.786613;1215.786613;1215.786613;0;0
DEPOSIT_RUONIA;D;20140325;000000;1216.164858;1216.164858;1216.164858;1216.164858;0;0
DEPOSIT_RUONIA;D;20140326;000000;1216.552389;1216.552389;1216.552389;1216.552389;0;0
DEPOSIT_RUONIA;D;20140327;000000;1216.937148;1216.937148;1216.937148;1216.937148;0;0
DEPOSIT_RUONIA;D;20140328;000000;1217.323477;1217.323477;1217.323477;1217.323477;0;0
DEPOSIT_RUONIA;D;20140331;000000;1217.711862;1217.711862;1217.711862;1217.711862;0;0
DEPOSIT_RUONIA;D;20140401;000000;1218.105685;1218.105685;1218.105685;1218.105685;0;0
DEPOSIT_RUONIA;D;20140402;000000;1218.489968;1218.489968;1218.489968;1218.489968;0;0
DEPOSIT_RUONIA;D;20140403;000000;1218.864702;1218.864702;1218.864702;1218.864702;0;0
DEPOSIT_RUONIA;D;20140404;000000;1219.240035;1219.240035;1219.240035;1219.240035;0;0
DEPOSIT_RUONIA;D;20140407;000000;1219.610646;1219.610646;1219.610646;1219.610646;0;0
DEPOSIT_RUONIA;D;20140408;000000;1219.981853;1219.981853;1219.981853;1219.981853;0;0
DEPOSIT_RUONIA;D;20140409;000000;1220.351720;1220.351720;1220.351720;1220.351720;0;0
DEPOSIT_RUONIA;D;20140410;000000;1220.666493;1220.666493;1220.666493;1220.666493;0;0
DEPOSIT_RUONIA;D;20140411;000000;1221.022037;1221.022037;1221.022037;1221.022037;0;0
DEPOSIT_RUONIA;D;20140414;000000;1221.389312;1221.389312;1221.389312;1221.389312;0;0
DEPOSIT_RUONIA;D;20140415;000000;1221.765423;1221.765423;1221.765423;1221.765423;0;0
DEPOSIT_RUONIA;D;20140416;000000;1222.142619;1222.142619;1222.142619;1222.142619;0;0
DEPOSIT_RUONIA;D;20140417;000000;1222.518961;1222.518961;1222.518961;1222.518961;0;0
DEPOSIT_RUONIA;D;20140418;000000;1222.897360;1222.897360;1222.897360;1222.897360;0;0
DEPOSIT_RUONIA;D;20140421;000000;1223.277817;1223.277817;1223.277817;1223.277817;0;0
DEPOSIT_RUONIA;D;20140422;000000;1223.661304;1223.661304;1223.661304;1223.661304;0;0
DEPOSIT_RUONIA;D;20140423;000000;1224.042485;1224.042485;1224.042485;1224.042485;0;0
DEPOSIT_RUONIA;D;20140424;000000;1224.425241;1224.425241;1224.425241;1224.425241;0;0
DEPOSIT_RUONIA;D;20140425;000000;1224.806173;1224.806173;1224.806173;1224.806173;0;0
DEPOSIT_RUONIA;D;20140428;000000;1225.199375;1225.199375;1225.199375;1225.199375;0;0
DEPOSIT_RUONIA;D;20140429;000000;1225.611664;1225.611664;1225.611664;1225.611664;0;0
DEPOSIT_RUONIA;D;20140430;000000;1226.027497;1226.027497;1226.027497;1226.027497;0;0
DEPOSIT_RUONIA;D;20140502;000000;1226.450281;1226.450281;1226.450281;1226.450281;0;0
DEPOSIT_RUONIA;D;20140505;000000;1226.873212;1226.873212;1226.873212;1226.873212;0;0
DEPOSIT_RUONIA;D;20140506;000000;1227.285578;1227.285578;1227.285578;1227.285578;0;0
DEPOSIT_RUONIA;D;20140507;000000;1227.697595;1227.697595;1227.697595;1227.697595;0;0
DEPOSIT_RUONIA;D;20140508;000000;1228.086366;1228.086366;1228.086366;1228.086366;0;0
DEPOSIT_RUONIA;D;20140512;000000;1228.428963;1228.428963;1228.428963;1228.428963;0;0
DEPOSIT_RUONIA;D;20140513;000000;1228.834540;1228.834540;1228.834540;1228.834540;0;0
DEPOSIT_RUONIA;D;20140514;000000;1229.236349;1229.236349;1229.236349;1229.236349;0;0
DEPOSIT_RUONIA;D;20140515;000000;1229.636339;1229.636339;1229.636339;1229.636339;0;0
DEPOSIT_RUONIA;D;20140516;000000;1230.039874;1230.039874;1230.039874;1230.039874;0;0
DEPOSIT_RUONIA;D;20140519;000000;1230.447935;1230.447935;1230.447935;1230.447935;0;0
DEPOSIT_RUONIA;D;20140520;000000;1230.859061;1230.859061;1230.859061;1230.859061;0;0
DEPOSIT_RUONIA;D;20140521;000000;1231.272278;1231.272278;1231.272278;1231.272278;0;0
DEPOSIT_RUONIA;D;20140522;000000;1231.677816;1231.677816;1231.677816;1231.677816;0;0
DEPOSIT_RUONIA;D;20140523;000000;1232.081044;1232.081044;1232.081044;1232.081044;0;0
DEPOSIT_RUONIA;D;20140526;000000;1232.450179;1232.450179;1232.450179;1232.450179;0;0
DEPOSIT_RUONIA;D;20140527;000000;1232.846813;1232.846813;1232.846813;1232.846813;0;0
DEPOSIT_RUONIA;D;20140528;000000;1233.235258;1233.235258;1233.235258;1233.235258;0;0
DEPOSIT_RUONIA;D;20140529;000000;1233.630676;1233.630676;1233.630676;1233.630676;0;0
DEPOSIT_RUONIA;D;20140530;000000;1234.035522;1234.035522;1234.035522;1234.035522;0;0
DEPOSIT_RUONIA;D;20140602;000000;1234.436584;1234.436584;1234.436584;1234.436584;0;0
DEPOSIT_RUONIA;D;20140603;000000;1234.812793;1234.812793;1234.812793;1234.812793;0;0
DEPOSIT_RUONIA;D;20140604;000000;1235.172947;1235.172947;1235.172947;1235.172947;0;0
DEPOSIT_RUONIA;D;20140605;000000;1235.543498;1235.543498;1235.543498;1235.543498;0;0
DEPOSIT_RUONIA;D;20140606;000000;1235.926909;1235.926909;1235.926909;1235.926909;0;0
DEPOSIT_RUONIA;D;20140609;000000;1236.317305;1236.317305;1236.317305;1236.317305;0;0
DEPOSIT_RUONIA;D;20140610;000000;1236.729902;1236.729902;1236.729902;1236.729902;0;0
DEPOSIT_RUONIA;D;20140611;000000;1237.139691;1237.139691;1237.139691;1237.139691;0;0
DEPOSIT_RUONIA;D;20140616;000000;1237.549616;1237.549616;1237.549616;1237.549616;0;0
DEPOSIT_RUONIA;D;20140617;000000;1237.962133;1237.962133;1237.962133;1237.962133;0;0
DEPOSIT_RUONIA;D;20140618;000000;1238.373804;1238.373804;1238.373804;1238.373804;0;0
DEPOSIT_RUONIA;D;20140619;000000;1238.783647;1238.783647;1238.783647;1238.783647;0;0
DEPOSIT_RUONIA;D;20140620;000000;1239.187235;1239.187235;1239.187235;1239.187235;0;0
DEPOSIT_RUONIA;D;20140623;000000;1239.594888;1239.594888;1239.594888;1239.594888;0;0
DEPOSIT_RUONIA;D;20140624;000000;1239.998740;1239.998740;1239.998740;1239.998740;0;0
DEPOSIT_RUONIA;D;20140625;000000;1240.402232;1240.402232;1240.402232;1240.402232;0;0
DEPOSIT_RUONIA;D;20140626;000000;1240.819145;1240.819145;1240.819145;1240.819145;0;0
DEPOSIT_RUONIA;D;20140627;000000;1241.235213;1241.235213;1241.235213;1241.235213;0;0
DEPOSIT_RUONIA;D;20140630;000000;1241.648958;1241.648958;1241.648958;1241.648958;0;0
DEPOSIT_RUONIA;D;20140701;000000;1242.074174;1242.074174;1242.074174;1242.074174;0;0
DEPOSIT_RUONIA;D;20140702;000000;1242.476862;1242.476862;1242.476862;1242.476862;0;0
DEPOSIT_RUONIA;D;20140703;000000;1242.869327;1242.869327;1242.869327;1242.869327;0;0
DEPOSIT_RUONIA;D;20140704;000000;1243.232324;1243.232324;1243.232324;1243.232324;0;0
DEPOSIT_RUONIA;D;20140707;000000;1243.589506;1243.589506;1243.589506;1243.589506;0;0
DEPOSIT_RUONIA;D;20140708;000000;1243.970973;1243.970973;1243.970973;1243.970973;0;0
DEPOSIT_RUONIA;D;20140709;000000;1244.339721;1244.339721;1244.339721;1244.339721;0;0
DEPOSIT_RUONIA;D;20140710;000000;1244.678952;1244.678952;1244.678952;1244.678952;0;0
DEPOSIT_RUONIA;D;20140711;000000;1245.071125;1245.071125;1245.071125;1245.071125;0;0
DEPOSIT_RUONIA;D;20140714;000000;1245.483678;1245.483678;1245.483678;1245.483678;0;0
DEPOSIT_RUONIA;D;20140715;000000;1245.896862;1245.896862;1245.896862;1245.896862;0;0
DEPOSIT_RUONIA;D;20140716;000000;1246.317105;1246.317105;1246.317105;1246.317105;0;0
DEPOSIT_RUONIA;D;20140717;000000;1246.722653;1246.722653;1246.722653;1246.722653;0;0
DEPOSIT_RUONIA;D;20140718;000000;1247.124374;1247.124374;1247.124374;1247.124374;0;0
DEPOSIT_RUONIA;D;20140721;000000;1247.540578;1247.540578;1247.540578;1247.540578;0;0
DEPOSIT_RUONIA;D;20140722;000000;1247.966325;1247.966325;1247.966325;1247.966325;0;0
DEPOSIT_RUONIA;D;20140723;000000;1248.382809;1248.382809;1248.382809;1248.382809;0;0
DEPOSIT_RUONIA;D;20140724;000000;1248.790515;1248.790515;1248.790515;1248.790515;0;0
DEPOSIT_RUONIA;D;20140725;000000;1249.189435;1249.189435;1249.189435;1249.189435;0;0
DEPOSIT_RUONIA;D;20140728;000000;1249.605335;1249.605335;1249.605335;1249.605335;0;0
DEPOSIT_RUONIA;D;20140729;000000;1250.049640;1250.049640;1250.049640;1250.049640;0;0
DEPOSIT_RUONIA;D;20140730;000000;1250.484677;1250.484677;1250.484677;1250.484677;0;0
DEPOSIT_RUONIA;D;20140731;000000;1250.913414;1250.913414;1250.913414;1250.913414;0;0
DEPOSIT_RUONIA;D;20140801;000000;1251.315494;1251.315494;1251.315494;1251.315494;0;0
DEPOSIT_RUONIA;D;20140804;000000;1251.685923;1251.685923;1251.685923;1251.685923;0;0
DEPOSIT_RUONIA;D;20140805;000000;1252.046527;1252.046527;1252.046527;1252.046527;0;0
DEPOSIT_RUONIA;D;20140806;000000;1252.406242;1252.406242;1252.406242;1252.406242;0;0
DEPOSIT_RUONIA;D;20140807;000000;1252.773515;1252.773515;1252.773515;1252.773515;0;0
DEPOSIT_RUONIA;D;20140808;000000;1253.137914;1253.137914;1253.137914;1253.137914;0;0
DEPOSIT_RUONIA;D;20140811;000000;1253.508882;1253.508882;1253.508882;1253.508882;0;0
DEPOSIT_RUONIA;D;20140812;000000;1253.918760;1253.918760;1253.918760;1253.918760;0;0
DEPOSIT_RUONIA;D;20140813;000000;1254.322800;1254.322800;1254.322800;1254.322800;0;0
DEPOSIT_RUONIA;D;20140814;000000;1254.712038;1254.712038;1254.712038;1254.712038;0;0
DEPOSIT_RUONIA;D;20140815;000000;1255.084469;1255.084469;1255.084469;1255.084469;0;0
DEPOSIT_RUONIA;D;20140818;000000;1255.454519;1255.454519;1255.454519;1255.454519;0;0
DEPOSIT_RUONIA;D;20140819;000000;1255.847596;1255.847596;1255.847596;1255.847596;0;0
DEPOSIT_RUONIA;D;20140820;000000;1256.264219;1256.264219;1256.264219;1256.264219;0;0
DEPOSIT_RUONIA;D;20140821;000000;1256.673003;1256.673003;1256.673003;1256.673003;0;0
DEPOSIT_RUONIA;D;20140822;000000;1257.072446;1257.072446;1257.072446;1257.072446;0;0
DEPOSIT_RUONIA;D;20140825;000000;1257.476006;1257.476006;1257.476006;1257.476006;0;0
DEPOSIT_RUONIA;D;20140826;000000;1257.894166;1257.894166;1257.894166;1257.894166;0;0
DEPOSIT_RUONIA;D;20140827;000000;1258.311468;1258.311468;1258.311468;1258.311468;0;0
DEPOSIT_RUONIA;D;20140828;000000;1258.719920;1258.719920;1258.719920;1258.719920;0;0
DEPOSIT_RUONIA;D;20140829;000000;1259.123509;1259.123509;1259.123509;1259.123509;0;0
DEPOSIT_RUONIA;D;20140901;000000;1259.528727;1259.528727;1259.528727;1259.528727;0;0
DEPOSIT_RUONIA;D;20140902;000000;1259.935075;1259.935075;1259.935075;1259.935075;0;0
DEPOSIT_RUONIA;D;20140903;000000;1260.336055;1260.336055;1260.336055;1260.336055;0;0
DEPOSIT_RUONIA;D;20140904;000000;1260.725158;1260.725158;1260.725158;1260.725158;0;0
DEPOSIT_RUONIA;D;20140905;000000;1261.103376;1261.103376;1261.103376;1261.103376;0;0
DEPOSIT_RUONIA;D;20140908;000000;1261.474200;1261.474200;1261.474200;1261.474200;0;0
DEPOSIT_RUONIA;D;20140909;000000;1261.837625;1261.837625;1261.837625;1261.837625;0;0
DEPOSIT_RUONIA;D;20140910;000000;1262.200654;1262.200654;1262.200654;1262.200654;0;0
DEPOSIT_RUONIA;D;20140911;000000;1262.587829;1262.587829;1262.587829;1262.587829;0;0
DEPOSIT_RUONIA;D;20140912;000000;1262.987648;1262.987648;1262.987648;1262.987648;0;0
DEPOSIT_RUONIA;D;20140915;000000;1263.393609;1263.393609;1263.393609;1263.393609;0;0
DEPOSIT_RUONIA;D;20140916;000000;1263.804211;1263.804211;1263.804211;1263.804211;0;0
DEPOSIT_RUONIA;D;20140917;000000;1264.234005;1264.234005;1264.234005;1264.234005;0;0
DEPOSIT_RUONIA;D;20140918;000000;1264.677490;1264.677490;1264.677490;1264.677490;0;0
DEPOSIT_RUONIA;D;20140919;000000;1265.087005;1265.087005;1265.087005;1265.087005;0;0
DEPOSIT_RUONIA;D;20140922;000000;1265.484102;1265.484102;1265.484102;1265.484102;0;0
DEPOSIT_RUONIA;D;20140923;000000;1265.891869;1265.891869;1265.891869;1265.891869;0;0
DEPOSIT_RUONIA;D;20140924;000000;1266.291730;1266.291730;1266.291730;1266.291730;0;0
DEPOSIT_RUONIA;D;20140925;000000;1266.685185;1266.685185;1266.685185;1266.685185;0;0
DEPOSIT_RUONIA;D;20140926;000000;1267.084794;1267.084794;1267.084794;1267.084794;0;0
DEPOSIT_RUONIA;D;20140929;000000;1267.488552;1267.488552;1267.488552;1267.488552;0;0
DEPOSIT_RUONIA;D;20140930;000000;1267.886402;1267.886402;1267.886402;1267.886402;0;0
DEPOSIT_RUONIA;D;20141001;000000;1268.292931;1268.292931;1268.292931;1268.292931;0;0
DEPOSIT_RUONIA;D;20141002;000000;1268.690531;1268.690531;1268.690531;1268.690531;0;0
DEPOSIT_RUONIA;D;20141003;000000;1269.078689;1269.078689;1269.078689;1269.078689;0;0
DEPOSIT_RUONIA;D;20141006;000000;1269.446319;1269.446319;1269.446319;1269.446319;0;0
DEPOSIT_RUONIA;D;20141007;000000;1269.810530;1269.810530;1269.810530;1269.810530;0;0
DEPOSIT_RUONIA;D;20141008;000000;1270.175852;1270.175852;1270.175852;1270.175852;0;0
DEPOSIT_RUONIA;D;20141009;000000;1270.549344;1270.549344;1270.549344;1270.549344;0;0
DEPOSIT_RUONIA;D;20141010;000000;1270.927484;1270.927484;1270.927484;1270.927484;0;0
DEPOSIT_RUONIA;D;20141013;000000;1271.332970;1271.332970;1271.332970;1271.332970;0;0
DEPOSIT_RUONIA;D;20141014;000000;1271.744135;1271.744135;1271.744135;1271.744135;0;0
DEPOSIT_RUONIA;D;20141015;000000;1272.170573;1272.170573;1272.170573;1272.170573;0;0
DEPOSIT_RUONIA;D;20141016;000000;1272.601193;1272.601193;1272.601193;1272.601193;0;0
DEPOSIT_RUONIA;D;20141017;000000;1273.034989;1273.034989;1273.034989;1273.034989;0;0
DEPOSIT_RUONIA;D;20141020;000000;1273.460344;1273.460344;1273.460344;1273.460344;0;0
DEPOSIT_RUONIA;D;20141021;000000;1273.896959;1273.896959;1273.896959;1273.896959;0;0
DEPOSIT_RUONIA;D;20141022;000000;1274.332713;1274.332713;1274.332713;1274.332713;0;0
DEPOSIT_RUONIA;D;20141023;000000;1274.759513;1274.759513;1274.759513;1274.759513;0;0
DEPOSIT_RUONIA;D;20141024;000000;1275.196067;1275.196067;1275.196067;1275.196067;0;0
DEPOSIT_RUONIA;D;20141027;000000;1275.628723;1275.628723;1275.628723;1275.628723;0;0
DEPOSIT_RUONIA;D;20141028;000000;1276.066082;1276.066082;1276.066082;1276.066082;0;0
DEPOSIT_RUONIA;D;20141029;000000;1276.508147;1276.508147;1276.508147;1276.508147;0;0
DEPOSIT_RUONIA;D;20141030;000000;1276.952392;1276.952392;1276.952392;1276.952392;0;0
DEPOSIT_RUONIA;D;20141031;000000;1277.394765;1277.394765;1277.394765;1277.394765;0;0
DEPOSIT_RUONIA;D;20141103;000000;1277.854019;1277.854019;1277.854019;1277.854019;0;0
DEPOSIT_RUONIA;D;20141105;000000;1278.313438;1278.313438;1278.313438;1278.313438;0;0
DEPOSIT_RUONIA;D;20141106;000000;1278.840489;1278.840489;1278.840489;1278.840489;0;0
DEPOSIT_RUONIA;D;20141107;000000;1279.359130;1279.359130;1279.359130;1279.359130;0;0
DEPOSIT_RUONIA;D;20141110;000000;1279.857673;1279.857673;1279.857673;1279.857673;0;0
DEPOSIT_RUONIA;D;20141111;000000;1280.366569;1280.366569;1280.366569;1280.366569;0;0
DEPOSIT_RUONIA;D;20141112;000000;1280.867538;1280.867538;1280.867538;1280.867538;0;0
DEPOSIT_RUONIA;D;20141113;000000;1281.384968;1281.384968;1281.384968;1281.384968;0;0
DEPOSIT_RUONIA;D;20141114;000000;1281.888369;1281.888369;1281.888369;1281.888369;0;0
DEPOSIT_RUONIA;D;20141118;000000;1282.381286;1282.381286;1282.381286;1282.381286;0;0
DEPOSIT_RUONIA;D;20141119;000000;1282.884569;1282.884569;1282.884569;1282.884569;0;0
DEPOSIT_RUONIA;D;20141120;000000;1283.395178;1283.395178;1283.395178;1283.395178;0;0
DEPOSIT_RUONIA;D;20141121;000000;1283.915666;1283.915666;1283.915666;1283.915666;0;0
DEPOSIT_RUONIA;D;20141124;000000;1284.455726;1284.455726;1284.455726;1284.455726;0;0
DEPOSIT_RUONIA;D;20141125;000000;1284.999071;1284.999071;1284.999071;1284.999071;0;0
DEPOSIT_RUONIA;D;20141126;000000;1285.556414;1285.556414;1285.556414;1285.556414;0;0
DEPOSIT_RUONIA;D;20141127;000000;1286.095633;1286.095633;1286.095633;1286.095633;0;0
DEPOSIT_RUONIA;D;20141128;000000;1286.629465;1286.629465;1286.629465;1286.629465;0;0
DEPOSIT_RUONIA;D;20141201;000000;1287.175261;1287.175261;1287.175261;1287.175261;0;0
DEPOSIT_RUONIA;D;20141202;000000;1287.702901;1287.702901;1287.702901;1287.702901;0;0
DEPOSIT_RUONIA;D;20141203;000000;1288.207762;1288.207762;1288.207762;1288.207762;0;0
DEPOSIT_RUONIA;D;20141204;000000;1288.689307;1288.689307;1288.689307;1288.689307;0;0
DEPOSIT_RUONIA;D;20141205;000000;1289.170520;1289.170520;1289.170520;1289.170520;0;0
DEPOSIT_RUONIA;D;20141208;000000;1289.668283;1289.668283;1289.668283;1289.668283;0;0
DEPOSIT_RUONIA;D;20141209;000000;1290.189268;1290.189268;1290.189268;1290.189268;0;0
DEPOSIT_RUONIA;D;20141210;000000;1290.718143;1290.718143;1290.718143;1290.718143;0;0
DEPOSIT_RUONIA;D;20141211;000000;1291.263113;1291.263113;1291.263113;1291.263113;0;0
DEPOSIT_RUONIA;D;20141212;000000;1291.852380;1291.852380;1291.852380;1291.852380;0;0
DEPOSIT_RUONIA;D;20141215;000000;1292.448067;1292.448067;1292.448067;1292.448067;0;0
DEPOSIT_RUONIA;D;20141216;000000;1293.055313;1293.055313;1293.055313;1293.055313;0;0
DEPOSIT_RUONIA;D;20141217;000000;1294.014329;1294.014329;1294.014329;1294.014329;0;0
DEPOSIT_RUONIA;D;20141218;000000;1295.227210;1295.227210;1295.227210;1295.227210;0;0
DEPOSIT_RUONIA;D;20141219;000000;1296.699760;1296.699760;1296.699760;1296.699760;0;0
DEPOSIT_RUONIA;D;20141222;000000;1297.950149;1297.950149;1297.950149;1297.950149;0;0
DEPOSIT_RUONIA;D;20141223;000000;1299.153329;1299.153329;1299.153329;1299.153329;0;0
DEPOSIT_RUONIA;D;20141224;000000;1300.180794;1300.180794;1300.180794;1300.180794;0;0
DEPOSIT_RUONIA;D;20141225;000000;1301.128584;1301.128584;1301.128584;1301.128584;0;0
DEPOSIT_RUONIA;D;20141226;000000;1301.993422;1301.993422;1301.993422;1301.993422;0;0
DEPOSIT_RUONIA;D;20141229;000000;1302.870201;1302.870201;1302.870201;1302.870201;0;0
DEPOSIT_RUONIA;D;20141230;000000;1303.747053;1303.747053;1303.747053;1303.747053;0;0
DEPOSIT_RUONIA;D;20150105;000000;1304.646742;1304.646742;1304.646742;1304.646742;0;0
DEPOSIT_RUONIA;D;20150106;000000;1305.547052;1305.547052;1305.547052;1305.547052;0;0
DEPOSIT_RUONIA;D;20150108;000000;1306.447983;1306.447983;1306.447983;1306.447983;0;0
DEPOSIT_RUONIA;D;20150109;000000;1307.349536;1307.349536;1307.349536;1307.349536;0;0
DEPOSIT_RUONIA;D;20150112;000000;1308.251711;1308.251711;1308.251711;1308.251711;0;0
DEPOSIT_RUONIA;D;20150113;000000;1309.162815;1309.162815;1309.162815;1309.162815;0;0
DEPOSIT_RUONIA;D;20150114;000000;1310.055851;1310.055851;1310.055851;1310.055851;0;0
DEPOSIT_RUONIA;D;20150115;000000;1310.943257;1310.943257;1310.943257;1310.943257;0;0
DEPOSIT_RUONIA;D;20150116;000000;1311.832826;1311.832826;1311.832826;1311.832826;0;0
DEPOSIT_RUONIA;D;20150119;000000;1312.714149;1312.714149;1312.714149;1312.714149;0;0
DEPOSIT_RUONIA;D;20150120;000000;1313.597626;1313.597626;1313.597626;1313.597626;0;0
DEPOSIT_RUONIA;D;20150121;000000;1314.482220;1314.482220;1314.482220;1314.482220;0;0
DEPOSIT_RUONIA;D;20150122;000000;1315.364279;1315.364279;1315.364279;1315.364279;0;0
DEPOSIT_RUONIA;D;20150123;000000;1316.243798;1316.243798;1316.243798;1316.243798;0;0
DEPOSIT_RUONIA;D;20150126;000000;1317.121816;1317.121816;1317.121816;1317.121816;0;0
DEPOSIT_RUONIA;D;20150127;000000;1318.003034;1318.003034;1318.003034;1318.003034;0;0
DEPOSIT_RUONIA;D;20150128;000000;1318.890594;1318.890594;1318.890594;1318.890594;0;0
DEPOSIT_RUONIA;D;20150129;000000;1319.769854;1319.769854;1319.769854;1319.769854;0;0
DEPOSIT_RUONIA;D;20150130;000000;1320.646558;1320.646558;1320.646558;1320.646558;0;0
DEPOSIT_RUONIA;D;20150202;000000;1321.518080;1321.518080;1321.518080;1321.518080;0;0
DEPOSIT_RUONIA;D;20150203;000000;1322.302076;1322.302076;1322.302076;1322.302076;0;0
DEPOSIT_RUONIA;D;20150204;000000;1323.081290;1323.081290;1323.081290;1323.081290;0;0
DEPOSIT_RUONIA;D;20150205;000000;1323.859388;1323.859388;1323.859388;1323.859388;0;0
DEPOSIT_RUONIA;D;20150206;000000;1324.625860;1324.625860;1324.625860;1324.625860;0;0
DEPOSIT_RUONIA;D;20150209;000000;1325.392251;1325.392251;1325.392251;1325.392251;0;0
DEPOSIT_RUONIA;D;20150210;000000;1326.173285;1326.173285;1326.173285;1326.173285;0;0
DEPOSIT_RUONIA;D;20150211;000000;1326.987409;1326.987409;1326.987409;1326.987409;0;0
DEPOSIT_RUONIA;D;20150212;000000;1327.795186;1327.795186;1327.795186;1327.795186;0;0
DEPOSIT_RUONIA;D;20150213;000000;1328.598186;1328.598186;1328.598186;1328.598186;0;0
DEPOSIT_RUONIA;D;20150216;000000;1329.401144;1329.401144;1329.401144;1329.401144;0;0
DEPOSIT_RUONIA;D;20150217;000000;1330.200367;1330.200367;1330.200367;1330.200367;0;0
DEPOSIT_RUONIA;D;20150218;000000;1331.014323;1331.014323;1331.014323;1331.014323;0;0
DEPOSIT_RUONIA;D;20150219;000000;1331.805537;1331.805537;1331.805537;1331.805537;0;0
DEPOSIT_RUONIA;D;20150220;000000;1332.598279;1332.598279;1332.598279;1332.598279;0;0
DEPOSIT_RUONIA;D;20150224;000000;1333.392021;1333.392021;1333.392021;1333.392021;0;0
DEPOSIT_RUONIA;D;20150225;000000;1334.185177;1334.185177;1334.185177;1334.185177;0;0
DEPOSIT_RUONIA;D;20150226;000000;1335.004219;1335.004219;1335.004219;1335.004219;0;0
DEPOSIT_RUONIA;D;20150227;000000;1335.827471;1335.827471;1335.827471;1335.827471;0;0
DEPOSIT_RUONIA;D;20150302;000000;1336.648581;1336.648581;1336.648581;1336.648581;0;0
DEPOSIT_RUONIA;D;20150303;000000;1337.481335;1337.481335;1337.481335;1337.481335;0;0
DEPOSIT_RUONIA;D;20150304;000000;1338.303992;1338.303992;1338.303992;1338.303992;0;0
DEPOSIT_RUONIA;D;20150305;000000;1339.131935;1339.131935;1339.131935;1339.131935;0;0
DEPOSIT_RUONIA;D;20150306;000000;1339.955076;1339.955076;1339.955076;1339.955076;0;0
DEPOSIT_RUONIA;D;20150310;000000;1340.729272;1340.729272;1340.729272;1340.729272;0;0
DEPOSIT_RUONIA;D;20150311;000000;1341.553927;1341.553927;1341.553927;1341.553927;0;0
DEPOSIT_RUONIA;D;20150312;000000;1342.362053;1342.362053;1342.362053;1342.362053;0;0
DEPOSIT_RUONIA;D;20150313;000000;1343.145631;1343.145631;1343.145631;1343.145631;0;0
DEPOSIT_RUONIA;D;20150316;000000;1343.909411;1343.909411;1343.909411;1343.909411;0;0
DEPOSIT_RUONIA;D;20150317;000000;1344.658694;1344.658694;1344.658694;1344.658694;0;0
DEPOSIT_RUONIA;D;20150318;000000;1345.423869;1345.423869;1345.423869;1345.423869;0;0
DEPOSIT_RUONIA;D;20150319;000000;1346.211903;1346.211903;1346.211903;1346.211903;0;0
DEPOSIT_RUONIA;D;20150320;000000;1346.999864;1346.999864;1346.999864;1346.999864;0;0
DEPOSIT_RUONIA;D;20150323;000000;1347.775458;1347.775458;1347.775458;1347.775458;0;0
DEPOSIT_RUONIA;D;20150324;000000;1348.548290;1348.548290;1348.548290;1348.548290;0;0
DEPOSIT_RUONIA;D;20150325;000000;1349.324240;1349.324240;1349.324240;1349.324240;0;0
DEPOSIT_RUONIA;D;20150326;000000;1350.111346;1350.111346;1350.111346;1350.111346;0;0
DEPOSIT_RUONIA;D;20150327;000000;1350.898375;1350.898375;1350.898375;1350.898375;0;0
DEPOSIT_RUONIA;D;20150330;000000;1351.688008;1351.688008;1351.688008;1351.688008;0;0
DEPOSIT_RUONIA;D;20150331;000000;1352.472738;1352.472738;1352.472738;1352.472738;0;0
DEPOSIT_RUONIA;D;20150401;000000;1353.259533;1353.259533;1353.259533;1353.259533;0;0
DEPOSIT_RUONIA;D;20150402;000000;1354.025843;1354.025843;1354.025843;1354.025843;0;0
DEPOSIT_RUONIA;D;20150403;000000;1354.792050;1354.792050;1354.792050;1354.792050;0;0
DEPOSIT_RUONIA;D;20150406;000000;1355.553314;1355.553314;1355.553314;1355.553314;0;0
DEPOSIT_RUONIA;D;20150407;000000;1356.306937;1356.306937;1356.306937;1356.306937;0;0
DEPOSIT_RUONIA;D;20150408;000000;1357.046986;1357.046986;1357.046986;1357.046986;0;0
DEPOSIT_RUONIA;D;20150409;000000;1357.786361;1357.786361;1357.786361;1357.786361;0;0
DEPOSIT_RUONIA;D;20150410;000000;1358.516440;1358.516440;1358.516440;1358.516440;0;0
DEPOSIT_RUONIA;D;20150413;000000;1359.284110;1359.284110;1359.284110;1359.284110;0;0
DEPOSIT_RUONIA;D;20150414;000000;1360.077565;1360.077565;1360.077565;1360.077565;0;0
DEPOSIT_RUONIA;D;20150415;000000;1360.873102;1360.873102;1360.873102;1360.873102;0;0
DEPOSIT_RUONIA;D;20150416;000000;1361.670725;1361.670725;1361.670725;1361.670725;0;0
DEPOSIT_RUONIA;D;20150417;000000;1362.473138;1362.473138;1362.473138;1362.473138;0;0
DEPOSIT_RUONIA;D;20150420;000000;1363.272240;1363.272240;1363.272240;1363.272240;0;0
DEPOSIT_RUONIA;D;20150421;000000;1364.083170;1364.083170;1364.083170;1364.083170;0;0
DEPOSIT_RUONIA;D;20150422;000000;1364.893501;1364.893501;1364.893501;1364.893501;0;0
DEPOSIT_RUONIA;D;20150423;000000;1365.677231;1365.677231;1365.677231;1365.677231;0;0
DEPOSIT_RUONIA;D;20150424;000000;1366.409386;1366.409386;1366.409386;1366.409386;0;0
DEPOSIT_RUONIA;D;20150427;000000;1367.168502;1367.168502;1367.168502;1367.168502;0;0
DEPOSIT_RUONIA;D;20150428;000000;1367.960592;1367.960592;1367.960592;1367.960592;0;0
DEPOSIT_RUONIA;D;20150429;000000;1368.751512;1368.751512;1368.751512;1368.751512;0;0
DEPOSIT_RUONIA;D;20150430;000000;1369.555382;1369.555382;1369.555382;1369.555382;0;0
DEPOSIT_RUONIA;D;20150505;000000;1370.340702;1370.340702;1370.340702;1370.340702;0;0
DEPOSIT_RUONIA;D;20150506;000000;1371.053606;1371.053606;1371.053606;1371.053606;0;0
DEPOSIT_RUONIA;D;20150507;000000;1371.750558;1371.750558;1371.750558;1371.750558;0;0
DEPOSIT_RUONIA;D;20150508;000000;1372.415204;1372.415204;1372.415204;1372.415204;0;0
DEPOSIT_RUONIA;D;20150512;000000;1373.054575;1373.054575;1373.054575;1373.054575;0;0
DEPOSIT_RUONIA;D;20150513;000000;1373.751455;1373.751455;1373.751455;1373.751455;0;0
DEPOSIT_RUONIA;D;20150514;000000;1374.464497;1374.464497;1374.464497;1374.464497;0;0
DEPOSIT_RUONIA;D;20150515;000000;1375.181728;1375.181728;1375.181728;1375.181728;0;0
DEPOSIT_RUONIA;D;20150518;000000;1375.903698;1375.903698;1375.903698;1375.903698;0;0
DEPOSIT_RUONIA;D;20150519;000000;1376.628232;1376.628232;1376.628232;1376.628232;0;0
DEPOSIT_RUONIA;D;20150520;000000;1377.348776;1377.348776;1377.348776;1377.348776;0;0
DEPOSIT_RUONIA;D;20150521;000000;1378.028159;1378.028159;1378.028159;1378.028159;0;0
DEPOSIT_RUONIA;D;20150522;000000;1378.684910;1378.684910;1378.684910;1378.684910;0;0
DEPOSIT_RUONIA;D;20150525;000000;1379.355651;1379.355651;1379.355651;1379.355651;0;0
DEPOSIT_RUONIA;D;20150526;000000;1380.055181;1380.055181;1380.055181;1380.055181;0;0
DEPOSIT_RUONIA;D;20150527;000000;1380.768757;1380.768757;1380.768757;1380.768757;0;0
DEPOSIT_RUONIA;D;20150528;000000;1381.482702;1381.482702;1381.482702;1381.482702;0;0
DEPOSIT_RUONIA;D;20150529;000000;1382.194824;1382.194824;1382.194824;1382.194824;0;0
DEPOSIT_RUONIA;D;20150601;000000;1382.918282;1382.918282;1382.918282;1382.918282;0;0
DEPOSIT_RUONIA;D;20150602;000000;1383.620717;1383.620717;1383.620717;1383.620717;0;0
DEPOSIT_RUONIA;D;20150603;000000;1384.308135;1384.308135;1384.308135;1384.308135;0;0
DEPOSIT_RUONIA;D;20150604;000000;1385.007979;1385.007979;1385.007979;1385.007979;0;0
DEPOSIT_RUONIA;D;20150605;000000;1385.736208;1385.736208;1385.736208;1385.736208;0;0
DEPOSIT_RUONIA;D;20150608;000000;1386.454371;1386.454371;1386.454371;1386.454371;0;0
DEPOSIT_RUONIA;D;20150609;000000;1387.175107;1387.175107;1387.175107;1387.175107;0;0
DEPOSIT_RUONIA;D;20150610;000000;1387.897319;1387.897319;1387.897319;1387.897319;0;0
DEPOSIT_RUONIA;D;20150611;000000;1388.614950;1388.614950;1388.614950;1388.614950;0;0
DEPOSIT_RUONIA;D;20150615;000000;1389.314217;1389.314217;1389.314217;1389.314217;0;0
DEPOSIT_RUONIA;D;20150616;000000;1390.017144;1390.017144;1390.017144;1390.017144;0;0
DEPOSIT_RUONIA;D;20150617;000000;1390.682366;1390.682366;1390.682366;1390.682366;0;0
DEPOSIT_RUONIA;D;20150618;000000;1391.353978;1391.353978;1391.353978;1391.353978;0;0
DEPOSIT_RUONIA;D;20150619;000000;1392.026465;1392.026465;1392.026465;1392.026465;0;0
DEPOSIT_RUONIA;D;20150622;000000;1392.690992;1392.690992;1392.690992;1392.690992;0;0
DEPOSIT_RUONIA;D;20150623;000000;1393.356942;1393.356942;1393.356942;1393.356942;0;0
DEPOSIT_RUONIA;D;20150624;000000;1394.019892;1394.019892;1394.019892;1394.019892;0;0
DEPOSIT_RUONIA;D;20150625;000000;1394.675967;1394.675967;1394.675967;1394.675967;0;0
DEPOSIT_RUONIA;D;20150626;000000;1395.346739;1395.346739;1395.346739;1395.346739;0;0
DEPOSIT_RUONIA;D;20150629;000000;1396.025587;1396.025587;1396.025587;1396.025587;0;0
DEPOSIT_RUONIA;D;20150630;000000;1396.706980;1396.706980;1396.706980;1396.706980;0;0
DEPOSIT_RUONIA;D;20150701;000000;1397.394249;1397.394249;1397.394249;1397.394249;0;0
DEPOSIT_RUONIA;D;20150702;000000;1398.066883;1398.066883;1398.066883;1398.066883;0;0
DEPOSIT_RUONIA;D;20150703;000000;1398.723753;1398.723753;1398.723753;1398.723753;0;0
DEPOSIT_RUONIA;D;20150706;000000;1399.355954;1399.355954;1399.355954;1399.355954;0;0
DEPOSIT_RUONIA;D;20150707;000000;1399.961786;1399.961786;1399.961786;1399.961786;0;0
DEPOSIT_RUONIA;D;20150708;000000;1400.553436;1400.553436;1400.553436;1400.553436;0;0
DEPOSIT_RUONIA;D;20150709;000000;1401.142002;1401.142002;1401.142002;1401.142002;0;0
DEPOSIT_RUONIA;D;20150710;000000;1401.738600;1401.738600;1401.738600;1401.738600;0;0
DEPOSIT_RUONIA;D;20150713;000000;1402.380507;1402.380507;1402.380507;1402.380507;0;0
DEPOSIT_RUONIA;D;20150714;000000;1403.044412;1403.044412;1403.044412;1403.044412;0;0
DEPOSIT_RUONIA;D;20150715;000000;1403.708074;1403.708074;1403.708074;1403.708074;0;0
DEPOSIT_RUONIA;D;20150716;000000;1404.378735;1404.378735;1404.378735;1404.378735;0;0
DEPOSIT_RUONIA;D;20150717;000000;1405.055288;1405.055288;1405.055288;1405.055288;0;0
DEPOSIT_RUONIA;D;20150720;000000;1405.738301;1405.738301;1405.738301;1405.738301;0;0
DEPOSIT_RUONIA;D;20150721;000000;1406.415510;1406.415510;1406.415510;1406.415510;0;0
DEPOSIT_RUONIA;D;20150722;000000;1407.094720;1407.094720;1407.094720;1407.094720;0;0
DEPOSIT_RUONIA;D;20150723;000000;1407.738521;1407.738521;1407.738521;1407.738521;0;0
DEPOSIT_RUONIA;D;20150724;000000;1408.350217;1408.350217;1408.350217;1408.350217;0;0
DEPOSIT_RUONIA;D;20150727;000000;1408.963297;1408.963297;1408.963297;1408.963297;0;0
DEPOSIT_RUONIA;D;20150728;000000;1409.609071;1409.609071;1409.609071;1409.609071;0;0
DEPOSIT_RUONIA;D;20150729;000000;1410.255702;1410.255702;1410.255702;1410.255702;0;0
DEPOSIT_RUONIA;D;20150730;000000;1410.883601;1410.883601;1410.883601;1410.883601;0;0
DEPOSIT_RUONIA;D;20150731;000000;1411.497784;1411.497784;1411.497784;1411.497784;0;0
DEPOSIT_RUONIA;D;20150803;000000;1412.124556;1412.124556;1412.124556;1412.124556;0;0
DEPOSIT_RUONIA;D;20150804;000000;1412.710139;1412.710139;1412.710139;1412.710139;0;0
DEPOSIT_RUONIA;D;20150805;000000;1413.280269;1413.280269;1413.280269;1413.280269;0;0
DEPOSIT_RUONIA;D;20150806;000000;1413.850067;1413.850067;1413.850067;1413.850067;0;0
DEPOSIT_RUONIA;D;20150807;000000;1414.422901;1414.422901;1414.422901;1414.422901;0;0
DEPOSIT_RUONIA;D;20150810;000000;1415.001018;1415.001018;1415.001018;1415.001018;0;0
DEPOSIT_RUONIA;D;20150811;000000;1415.587795;1415.587795;1415.587795;1415.587795;0;0
DEPOSIT_RUONIA;D;20150812;000000;1416.182678;1416.182678;1416.182678;1416.182678;0;0
DEPOSIT_RUONIA;D;20150813;000000;1416.777812;1416.777812;1416.777812;1416.777812;0;0
DEPOSIT_RUONIA;D;20150814;000000;1417.389501;1417.389501;1417.389501;1417.389501;0;0
DEPOSIT_RUONIA;D;20150817;000000;1418.017764;1418.017764;1418.017764;1418.017764;0;0
DEPOSIT_RUONIA;D;20150818;000000;1418.642367;1418.642367;1418.642367;1418.642367;0;0
DEPOSIT_RUONIA;D;20150819;000000;1419.271749;1419.271749;1419.271749;1419.271749;0;0
DEPOSIT_RUONIA;D;20150820;000000;1419.895778;1419.895778;1419.895778;1419.895778;0;0
DEPOSIT_RUONIA;D;20150821;000000;1420.516137;1420.516137;1420.516137;1420.516137;0;0
DEPOSIT_RUONIA;D;20150824;000000;1421.135640;1421.135640;1421.135640;1421.135640;0;0
DEPOSIT_RUONIA;D;20150825;000000;1421.755977;1421.755977;1421.755977;1421.755977;0;0
DEPOSIT_RUONIA;D;20150826;000000;1422.382791;1422.382791;1422.382791;1422.382791;0;0
DEPOSIT_RUONIA;D;20150827;000000;1423.015525;1423.015525;1423.015525;1423.015525;0;0
DEPOSIT_RUONIA;D;20150828;000000;1423.648541;1423.648541;1423.648541;1423.648541;0;0
DEPOSIT_RUONIA;D;20150831;000000;1424.273365;1424.273365;1424.273365;1424.273365;0;0
DEPOSIT_RUONIA;D;20150901;000000;1424.897332;1424.897332;1424.897332;1424.897332;0;0
DEPOSIT_RUONIA;D;20150902;000000;1425.514222;1425.514222;1425.514222;1425.514222;0;0
DEPOSIT_RUONIA;D;20150903;000000;1426.112712;1426.112712;1426.112712;1426.112712;0;0
DEPOSIT_RUONIA;D;20150904;000000;1426.714849;1426.714849;1426.714849;1426.714849;0;0
DEPOSIT_RUONIA;D;20150907;000000;1427.314975;1427.314975;1427.314975;1427.314975;0;0
DEPOSIT_RUONIA;D;20150908;000000;1427.904025;1427.904025;1427.904025;1427.904025;0;0
DEPOSIT_RUONIA;D;20150909;000000;1428.493319;1428.493319;1428.493319;1428.493319;0;0
DEPOSIT_RUONIA;D;20150910;000000;1429.082289;1429.082289;1429.082289;1429.082289;0;0
DEPOSIT_RUONIA;D;20150911;000000;1429.677740;1429.677740;1429.677740;1429.677740;0;0
DEPOSIT_RUONIA;D;20150914;000000;1430.303508;1430.303508;1430.303508;1430.303508;0;0
DEPOSIT_RUONIA;D;20150915;000000;1430.960199;1430.960199;1430.960199;1430.960199;0;0
DEPOSIT_RUONIA;D;20150916;000000;1431.623437;1431.623437;1431.623437;1431.623437;0;0
DEPOSIT_RUONIA;D;20150917;000000;1432.283575;1432.283575;1432.283575;1432.283575;0;0
DEPOSIT_RUONIA;D;20150918;000000;1432.932649;1432.932649;1432.932649;1432.932649;0;0
DEPOSIT_RUONIA;D;20150921;000000;1433.580881;1433.580881;1433.580881;1433.580881;0;0
DEPOSIT_RUONIA;D;20150922;000000;1434.237370;1434.237370;1434.237370;1434.237370;0;0
DEPOSIT_RUONIA;D;20150923;000000;1434.898144;1434.898144;1434.898144;1434.898144;0;0
DEPOSIT_RUONIA;D;20150924;000000;1435.531890;1435.531890;1435.531890;1435.531890;0;0
DEPOSIT_RUONIA;D;20150925;000000;1436.159081;1436.159081;1436.159081;1436.159081;0;0
DEPOSIT_RUONIA;D;20150928;000000;1436.811621;1436.811621;1436.811621;1436.811621;0;0
DEPOSIT_RUONIA;D;20150929;000000;1437.463318;1437.463318;1437.463318;1437.463318;0;0
DEPOSIT_RUONIA;D;20150930;000000;1438.112458;1438.112458;1438.112458;1438.112458;0;0
DEPOSIT_RUONIA;D;20151001;000000;1438.765886;1438.765886;1438.765886;1438.765886;0;0
DEPOSIT_RUONIA;D;20151002;000000;1439.408764;1439.408764;1439.408764;1439.408764;0;0
DEPOSIT_RUONIA;D;20151005;000000;1440.060496;1440.060496;1440.060496;1440.060496;0;0
DEPOSIT_RUONIA;D;20151006;000000;1440.677665;1440.677665;1440.677665;1440.677665;0;0
DEPOSIT_RUONIA;D;20151007;000000;1441.266513;1441.266513;1441.266513;1441.266513;0;0
DEPOSIT_RUONIA;D;20151008;000000;1441.855602;1441.855602;1441.855602;1441.855602;0;0
DEPOSIT_RUONIA;D;20151009;000000;1442.455231;1442.455231;1442.455231;1442.455231;0;0
DEPOSIT_RUONIA;D;20151012;000000;1443.053964;1443.053964;1443.053964;1443.053964;0;0
DEPOSIT_RUONIA;D;20151013;000000;1443.684442;1443.684442;1443.684442;1443.684442;0;0
DEPOSIT_RUONIA;D;20151014;000000;1444.336391;1444.336391;1444.336391;1444.336391;0;0
DEPOSIT_RUONIA;D;20151015;000000;1444.989208;1444.989208;1444.989208;1444.989208;0;0
DEPOSIT_RUONIA;D;20151016;000000;1445.638880;1445.638880;1445.638880;1445.638880;0;0
DEPOSIT_RUONIA;D;20151019;000000;1446.296875;1446.296875;1446.296875;1446.296875;0;0
DEPOSIT_RUONIA;D;20151020;000000;1446.947709;1446.947709;1446.947709;1446.947709;0;0
DEPOSIT_RUONIA;D;20151021;000000;1447.599409;1447.599409;1447.599409;1447.599409;0;0
DEPOSIT_RUONIA;D;20151022;000000;1448.253127;1448.253127;1448.253127;1448.253127;0;0
DEPOSIT_RUONIA;D;20151023;000000;1448.905990;1448.905990;1448.905990;1448.905990;0;0
DEPOSIT_RUONIA;D;20151026;000000;1449.561448;1449.561448;1449.561448;1449.561448;0;0
DEPOSIT_RUONIA;D;20151027;000000;1450.222954;1450.222954;1450.222954;1450.222954;0;0
DEPOSIT_RUONIA;D;20151028;000000;1450.876130;1450.876130;1450.876130;1450.876130;0;0
DEPOSIT_RUONIA;D;20151029;000000;1451.533630;1451.533630;1451.533630;1451.533630;0;0
DEPOSIT_RUONIA;D;20151030;000000;1452.191428;1452.191428;1452.191428;1452.191428;0;0
DEPOSIT_RUONIA;D;20151102;000000;1452.851829;1452.851829;1452.851829;1452.851829;0;0
DEPOSIT_RUONIA;D;20151103;000000;1453.505036;1453.505036;1453.505036;1453.505036;0;0
DEPOSIT_RUONIA;D;20151105;000000;1454.157960;1454.157960;1454.157960;1454.157960;0;0
DEPOSIT_RUONIA;D;20151106;000000;1454.807138;1454.807138;1454.807138;1454.807138;0;0
DEPOSIT_RUONIA;D;20151109;000000;1455.464687;1455.464687;1455.464687;1455.464687;0;0
DEPOSIT_RUONIA;D;20151110;000000;1456.093078;1456.093078;1456.093078;1456.093078;0;0
DEPOSIT_RUONIA;D;20151111;000000;1456.753521;1456.753521;1456.753521;1456.753521;0;0
DEPOSIT_RUONIA;D;20151112;000000;1457.407904;1457.407904;1457.407904;1457.407904;0;0
DEPOSIT_RUONIA;D;20151113;000000;1458.078774;1458.078774;1458.078774;1458.078774;0;0
DEPOSIT_RUONIA;D;20151116;000000;1458.747060;1458.747060;1458.747060;1458.747060;0;0
DEPOSIT_RUONIA;D;20151117;000000;1459.419704;1459.419704;1459.419704;1459.419704;0;0
DEPOSIT_RUONIA;D;20151118;000000;1460.096134;1460.096134;1460.096134;1460.096134;0;0
DEPOSIT_RUONIA;D;20151119;000000;1460.772877;1460.772877;1460.772877;1460.772877;0;0
DEPOSIT_RUONIA;D;20151120;000000;1461.449354;1461.449354;1461.449354;1461.449354;0;0
DEPOSIT_RUONIA;D;20151123;000000;1462.124404;1462.124404;1462.124404;1462.124404;0;0
DEPOSIT_RUONIA;D;20151124;000000;1462.791644;1462.791644;1462.791644;1462.791644;0;0
DEPOSIT_RUONIA;D;20151125;000000;1463.465573;1463.465573;1463.465573;1463.465573;0;0
DEPOSIT_RUONIA;D;20151126;000000;1464.115421;1464.115421;1464.115421;1464.115421;0;0
DEPOSIT_RUONIA;D;20151127;000000;1464.782407;1464.782407;1464.782407;1464.782407;0;0
DEPOSIT_RUONIA;D;20151130;000000;1465.447953;1465.447953;1465.447953;1465.447953;0;0
DEPOSIT_RUONIA;D;20151201;000000;1466.106241;1466.106241;1466.106241;1466.106241;0;0
DEPOSIT_RUONIA;D;20151202;000000;1466.757262;1466.757262;1466.757262;1466.757262;0;0
DEPOSIT_RUONIA;D;20151203;000000;1467.403916;1467.403916;1467.403916;1467.403916;0;0
DEPOSIT_RUONIA;D;20151204;000000;1468.039791;1468.039791;1468.039791;1468.039791;0;0
DEPOSIT_RUONIA;D;20151207;000000;1468.680602;1468.680602;1468.680602;1468.680602;0;0
DEPOSIT_RUONIA;D;20151208;000000;1469.354330;1469.354330;1469.354330;1469.354330;0;0
DEPOSIT_RUONIA;D;20151209;000000;1470.041195;1470.041195;1470.041195;1470.041195;0;0
DEPOSIT_RUONIA;D;20151210;000000;1470.700380;1470.700380;1470.700380;1470.700380;0;0
DEPOSIT_RUONIA;D;20151211;000000;1471.379704;1471.379704;1471.379704;1471.379704;0;0
DEPOSIT_RUONIA;D;20151214;000000;1472.053502;1472.053502;1472.053502;1472.053502;0;0
DEPOSIT_RUONIA;D;20151215;000000;1472.727609;1472.727609;1472.727609;1472.727609;0;0
DEPOSIT_RUONIA;D;20151216;000000;1473.397350;1473.397350;1473.397350;1473.397350;0;0
DEPOSIT_RUONIA;D;20151217;000000;1474.050439;1474.050439;1474.050439;1474.050439;0;0
DEPOSIT_RUONIA;D;20151218;000000;1474.713762;1474.713762;1474.713762;1474.713762;0;0
DEPOSIT_RUONIA;D;20151221;000000;1475.374457;1475.374457;1475.374457;1475.374457;0;0
DEPOSIT_RUONIA;D;20151222;000000;1476.030179;1476.030179;1476.030179;1476.030179;0;0
DEPOSIT_RUONIA;D;20151223;000000;1476.677992;1476.677992;1476.677992;1476.677992;0;0
DEPOSIT_RUONIA;D;20151224;000000;1477.321988;1477.321988;1477.321988;1477.321988;0;0
DEPOSIT_RUONIA;D;20151225;000000;1477.956884;1477.956884;1477.956884;1477.956884;0;0
DEPOSIT_RUONIA;D;20151228;000000;1478.606716;1478.606716;1478.606716;1478.606716;0;0
DEPOSIT_RUONIA;D;20151229;000000;1479.249206;1479.249206;1479.249206;1479.249206;0;0
DEPOSIT_RUONIA;D;20151230;000000;1479.895497;1479.895497;1479.895497;1479.895497;0;0
DEPOSIT_RUONIA;D;20160104;000000;1480.513295;1480.513295;1480.513295;1480.513295;0;0
DEPOSIT_RUONIA;D;20160105;000000;1481.131350;1481.131350;1481.131350;1481.131350;0;0
DEPOSIT_RUONIA;D;20160106;000000;1481.749664;1481.749664;1481.749664;1481.749664;0;0
DEPOSIT_RUONIA;D;20160111;000000;1482.368235;1482.368235;1482.368235;1482.368235;0;0
DEPOSIT_RUONIA;D;20160112;000000;1483.006477;1483.006477;1483.006477;1483.006477;0;0
DEPOSIT_RUONIA;D;20160113;000000;1483.650879;1483.650879;1483.650879;1483.650879;0;0
DEPOSIT_RUONIA;D;20160114;000000;1484.299093;1484.299093;1484.299093;1484.299093;0;0
DEPOSIT_RUONIA;D;20160115;000000;1484.950535;1484.950535;1484.950535;1484.950535;0;0
DEPOSIT_RUONIA;D;20160118;000000;1485.599907;1485.599907;1485.599907;1485.599907;0;0
DEPOSIT_RUONIA;D;20160119;000000;1486.253689;1486.253689;1486.253689;1486.253689;0;0
DEPOSIT_RUONIA;D;20160120;000000;1486.907168;1486.907168;1486.907168;1486.907168;0;0
DEPOSIT_RUONIA;D;20160121;000000;1487.562116;1487.562116;1487.562116;1487.562116;0;0
DEPOSIT_RUONIA;D;20160122;000000;1488.213219;1488.213219;1488.213219;1488.213219;0;0
DEPOSIT_RUONIA;D;20160125;000000;1488.866379;1488.866379;1488.866379;1488.866379;0;0
DEPOSIT_RUONIA;D;20160126;000000;1489.526325;1489.526325;1489.526325;1489.526325;0;0
DEPOSIT_RUONIA;D;20160127;000000;1490.183608;1490.183608;1490.183608;1490.183608;0;0
DEPOSIT_RUONIA;D;20160128;000000;1490.845912;1490.845912;1490.845912;1490.845912;0;0
DEPOSIT_RUONIA;D;20160129;000000;1491.503186;1491.503186;1491.503186;1491.503186;0;0
DEPOSIT_RUONIA;D;20160201;000000;1492.158382;1492.158382;1492.158382;1492.158382;0;0
DEPOSIT_RUONIA;D;20160202;000000;1492.802615;1492.802615;1492.802615;1492.802615;0;0
DEPOSIT_RUONIA;D;20160203;000000;1493.437649;1493.437649;1493.437649;1493.437649;0;0
DEPOSIT_RUONIA;D;20160204;000000;1494.088954;1494.088954;1494.088954;1494.088954;0;0
DEPOSIT_RUONIA;D;20160205;000000;1494.741728;1494.741728;1494.741728;1494.741728;0;0
DEPOSIT_RUONIA;D;20160208;000000;1495.382332;1495.382332;1495.382332;1495.382332;0;0
DEPOSIT_RUONIA;D;20160209;000000;1496.012529;1496.012529;1496.012529;1496.012529;0;0
DEPOSIT_RUONIA;D;20160210;000000;1496.642991;1496.642991;1496.642991;1496.642991;0;0
DEPOSIT_RUONIA;D;20160211;000000;1497.285597;1497.285597;1497.285597;1497.285597;0;0
DEPOSIT_RUONIA;D;20160212;000000;1497.921944;1497.921944;1497.921944;1497.921944;0;0
DEPOSIT_RUONIA;D;20160215;000000;1498.555588;1498.555588;1498.555588;1498.555588;0;0
DEPOSIT_RUONIA;D;20160216;000000;1499.191880;1499.191880;1499.191880;1499.191880;0;0
DEPOSIT_RUONIA;D;20160217;000000;1499.839150;1499.839150;1499.839150;1499.839150;0;0
DEPOSIT_RUONIA;D;20160218;000000;1500.503365;1500.503365;1500.503365;1500.503365;0;0
DEPOSIT_RUONIA;D;20160219;000000;1501.157155;1501.157155;1501.157155;1501.157155;0;0
DEPOSIT_RUONIA;D;20160220;000000;1501.814209;1501.814209;1501.814209;1501.814209;0;0
DEPOSIT_RUONIA;D;20160222;000000;1502.462016;1502.462016;1502.462016;1502.462016;0;0
DEPOSIT_RUONIA;D;20160224;000000;1503.110102;1503.110102;1503.110102;1503.110102;0;0
DEPOSIT_RUONIA;D;20160225;000000;1503.766221;1503.766221;1503.766221;1503.766221;0;0
DEPOSIT_RUONIA;D;20160226;000000;1504.425611;1504.425611;1504.425611;1504.425611;0;0
DEPOSIT_RUONIA;D;20160229;000000;1505.090065;1505.090065;1505.090065;1505.090065;0;0
DEPOSIT_RUONIA;D;20160301;000000;1505.742868;1505.742868;1505.742868;1505.742868;0;0
DEPOSIT_RUONIA;D;20160302;000000;1506.395954;1506.395954;1506.395954;1506.395954;0;0
DEPOSIT_RUONIA;D;20160303;000000;1507.047530;1507.047530;1507.047530;1507.047530;0;0
DEPOSIT_RUONIA;D;20160304;000000;1507.708359;1507.708359;1507.708359;1507.708359;0;0
DEPOSIT_RUONIA;D;20160307;000000;1508.353921;1508.353921;1508.353921;1508.353921;0;0
DEPOSIT_RUONIA;D;20160309;000000;1508.999760;1508.999760;1508.999760;1508.999760;0;0
DEPOSIT_RUONIA;D;20160310;000000;1509.653061;1509.653061;1509.653061;1509.653061;0;0
DEPOSIT_RUONIA;D;20160311;000000;1510.303650;1510.303650;1510.303650;1510.303650;0;0
DEPOSIT_RUONIA;D;20160314;000000;1510.952721;1510.952721;1510.952721;1510.952721;0;0
DEPOSIT_RUONIA;D;20160315;000000;1511.616461;1511.616461;1511.616461;1511.616461;0;0
DEPOSIT_RUONIA;D;20160316;000000;1512.282292;1512.282292;1512.282292;1512.282292;0;0
DEPOSIT_RUONIA;D;20160317;000000;1512.935814;1512.935814;1512.935814;1512.935814;0;0
DEPOSIT_RUONIA;D;20160318;000000;1513.590819;1513.590819;1513.590819;1513.590819;0;0
DEPOSIT_RUONIA;D;20160321;000000;1514.233494;1514.233494;1514.233494;1514.233494;0;0
DEPOSIT_RUONIA;D;20160322;000000;1514.873438;1514.873438;1514.873438;1514.873438;0;0
DEPOSIT_RUONIA;D;20160323;000000;1515.508242;1515.508242;1515.508242;1515.508242;0;0
DEPOSIT_RUONIA;D;20160324;000000;1516.142110;1516.142110;1516.142110;1516.142110;0;0
DEPOSIT_RUONIA;D;20160325;000000;1516.791283;1516.791283;1516.791283;1516.791283;0;0
DEPOSIT_RUONIA;D;20160328;000000;1517.461199;1517.461199;1517.461199;1517.461199;0;0
DEPOSIT_RUONIA;D;20160329;000000;1518.142250;1518.142250;1518.142250;1518.142250;0;0
DEPOSIT_RUONIA;D;20160330;000000;1518.814570;1518.814570;1518.814570;1518.814570;0;0
DEPOSIT_RUONIA;D;20160331;000000;1519.490805;1519.490805;1519.490805;1519.490805;0;0
DEPOSIT_RUONIA;D;20160401;000000;1520.171561;1520.171561;1520.171561;1520.171561;0;0
DEPOSIT_RUONIA;D;20160404;000000;1520.832111;1520.832111;1520.832111;1520.832111;0;0
DEPOSIT_RUONIA;D;20160405;000000;1521.463377;1521.463377;1521.463377;1521.463377;0;0
DEPOSIT_RUONIA;D;20160406;000000;1522.094302;1522.094302;1522.094302;1522.094302;0;0
DEPOSIT_RUONIA;D;20160407;000000;1522.741192;1522.741192;1522.741192;1522.741192;0;0
DEPOSIT_RUONIA;D;20160408;000000;1523.395608;1523.395608;1523.395608;1523.395608;0;0
DEPOSIT_RUONIA;D;20160411;000000;1524.054537;1524.054537;1524.054537;1524.054537;0;0
DEPOSIT_RUONIA;D;20160412;000000;1524.704679;1524.704679;1524.704679;1524.704679;0;0
DEPOSIT_RUONIA;D;20160413;000000;1525.352679;1525.352679;1525.352679;1525.352679;0;0
DEPOSIT_RUONIA;D;20160414;000000;1525.996111;1525.996111;1525.996111;1525.996111;0;0
DEPOSIT_RUONIA;D;20160415;000000;1526.647687;1526.647687;1526.647687;1526.647687;0;0
DEPOSIT_RUONIA;D;20160418;000000;1527.310446;1527.310446;1527.310446;1527.310446;0;0
DEPOSIT_RUONIA;D;20160419;000000;1527.978342;1527.978342;1527.978342;1527.978342;0;0
DEPOSIT_RUONIA;D;20160420;000000;1528.645316;1528.645316;1528.645316;1528.645316;0;0
DEPOSIT_RUONIA;D;20160421;000000;1529.286498;1529.286498;1529.286498;1529.286498;0;0
DEPOSIT_RUONIA;D;20160422;000000;1529.912777;1529.912777;1529.912777;1529.912777;0;0
DEPOSIT_RUONIA;D;20160425;000000;1530.538706;1530.538706;1530.538706;1530.538706;0;0
DEPOSIT_RUONIA;D;20160426;000000;1531.185541;1531.185541;1531.185541;1531.185541;0;0
DEPOSIT_RUONIA;D;20160427;000000;1531.825358;1531.825358;1531.825358;1531.825358;0;0
DEPOSIT_RUONIA;D;20160428;000000;1532.466050;1532.466050;1532.466050;1532.466050;0;0
DEPOSIT_RUONIA;D;20160429;000000;1533.125253;1533.125253;1533.125253;1533.125253;0;0
DEPOSIT_RUONIA;D;20160504;000000;1533.799950;1533.799950;1533.799950;1533.799950;0;0
DEPOSIT_RUONIA;D;20160505;000000;1534.471900;1534.471900;1534.471900;1534.471900;0;0
DEPOSIT_RUONIA;D;20160506;000000;1535.139274;1535.139274;1535.139274;1535.139274;0;0
DEPOSIT_RUONIA;D;20160510;000000;1535.775869;1535.775869;1535.775869;1535.775869;0;0
DEPOSIT_RUONIA;D;20160511;000000;1536.402368;1536.402368;1536.402368;1536.402368;0;0
DEPOSIT_RUONIA;D;20160512;000000;1537.035220;1537.035220;1537.035220;1537.035220;0;0
DEPOSIT_RUONIA;D;20160513;000000;1537.706148;1537.706148;1537.706148;1537.706148;0;0
DEPOSIT_RUONIA;D;20160516;000000;1538.383471;1538.383471;1538.383471;1538.383471;0;0
DEPOSIT_RUONIA;D;20160517;000000;1539.080627;1539.080627;1539.080627;1539.080627;0;0
DEPOSIT_RUONIA;D;20160518;000000;1539.755502;1539.755502;1539.755502;1539.755502;0;0
DEPOSIT_RUONIA;D;20160519;000000;1540.434339;1540.434339;1540.434339;1540.434339;0;0
DEPOSIT_RUONIA;D;20160520;000000;1541.115920;1541.115920;1541.115920;1541.115920;0;0
DEPOSIT_RUONIA;D;20160523;000000;1541.803306;1541.803306;1541.803306;1541.803306;0;0
DEPOSIT_RUONIA;D;20160524;000000;1542.490388;1542.490388;1542.490388;1542.490388;0;0
DEPOSIT_RUONIA;D;20160525;000000;1543.183284;1543.183284;1543.183284;1543.183284;0;0
DEPOSIT_RUONIA;D;20160526;000000;1543.876492;1543.876492;1543.876492;1543.876492;0;0
DEPOSIT_RUONIA;D;20160527;000000;1544.567560;1544.567560;1544.567560;1544.567560;0;0
DEPOSIT_RUONIA;D;20160530;000000;1545.260777;1545.260777;1545.260777;1545.260777;0;0
DEPOSIT_RUONIA;D;20160531;000000;1545.953692;1545.953692;1545.953692;1545.953692;0;0
DEPOSIT_RUONIA;D;20160601;000000;1546.643236;1546.643236;1546.643236;1546.643236;0;0
DEPOSIT_RUONIA;D;20160602;000000;1547.333088;1547.333088;1547.333088;1547.333088;0;0
DEPOSIT_RUONIA;D;20160603;000000;1548.023248;1548.023248;1548.023248;1548.023248;0;0
DEPOSIT_RUONIA;D;20160606;000000;1548.703272;1548.703272;1548.703272;1548.703272;0;0
DEPOSIT_RUONIA;D;20160607;000000;1549.367617;1549.367617;1549.367617;1549.367617;0;0
DEPOSIT_RUONIA;D;20160608;000000;1550.023024;1550.023024;1550.023024;1550.023024;0;0
DEPOSIT_RUONIA;D;20160609;000000;1550.696546;1550.696546;1550.696546;1550.696546;0;0
DEPOSIT_RUONIA;D;20160610;000000;1551.358668;1551.358668;1551.358668;1551.358668;0;0
DEPOSIT_RUONIA;D;20160614;000000;1552.014302;1552.014302;1552.014302;1552.014302;0;0
DEPOSIT_RUONIA;D;20160615;000000;1552.649889;1552.649889;1552.649889;1552.649889;0;0
DEPOSIT_RUONIA;D;20160616;000000;1553.297443;1553.297443;1553.297443;1553.297443;0;0
DEPOSIT_RUONIA;D;20160617;000000;1553.936020;1553.936020;1553.936020;1553.936020;0;0
DEPOSIT_RUONIA;D;20160620;000000;1554.573011;1554.573011;1554.573011;1554.573011;0;0
DEPOSIT_RUONIA;D;20160621;000000;1555.215814;1555.215814;1555.215814;1555.215814;0;0
DEPOSIT_RUONIA;D;20160622;000000;1555.849009;1555.849009;1555.849009;1555.849009;0;0
DEPOSIT_RUONIA;D;20160623;000000;1556.483080;1556.483080;1556.483080;1556.483080;0;0
DEPOSIT_RUONIA;D;20160624;000000;1557.109379;1557.109379;1557.109379;1557.109379;0;0
DEPOSIT_RUONIA;D;20160627;000000;1557.724190;1557.724190;1557.724190;1557.724190;0;0
DEPOSIT_RUONIA;D;20160628;000000;1558.368915;1558.368915;1558.368915;1558.368915;0;0
DEPOSIT_RUONIA;D;20160629;000000;1559.016998;1559.016998;1559.016998;1559.016998;0;0
DEPOSIT_RUONIA;D;20160630;000000;1559.659165;1559.659165;1559.659165;1559.659165;0;0
DEPOSIT_RUONIA;D;20160701;000000;1560.303452;1560.303452;1560.303452;1560.303452;0;0
DEPOSIT_RUONIA;D;20160704;000000;1560.933766;1560.933766;1560.933766;1560.933766;0;0
DEPOSIT_RUONIA;D;20160705;000000;1561.548848;1561.548848;1561.548848;1561.548848;0;0
DEPOSIT_RUONIA;D;20160706;000000;1562.166651;1562.166651;1562.166651;1562.166651;0;0
DEPOSIT_RUONIA;D;20160707;000000;1562.796477;1562.796477;1562.796477;1562.796477;0;0
DEPOSIT_RUONIA;D;20160708;000000;1563.433379;1563.433379;1563.433379;1563.433379;0;0
DEPOSIT_RUONIA;D;20160711;000000;1564.072401;1564.072401;1564.072401;1564.072401;0;0
DEPOSIT_RUONIA;D;20160712;000000;1564.705478;1564.705478;1564.705478;1564.705478;0;0
DEPOSIT_RUONIA;D;20160713;000000;1565.345641;1565.345641;1565.345641;1565.345641;0;0
DEPOSIT_RUONIA;D;20160714;000000;1565.989793;1565.989793;1565.989793;1565.989793;0;0
DEPOSIT_RUONIA;D;20160715;000000;1566.630482;1566.630482;1566.630482;1566.630482;0;0
DEPOSIT_RUONIA;D;20160718;000000;1567.262729;1567.262729;1567.262729;1567.262729;0;0
DEPOSIT_RUONIA;D;20160719;000000;1567.912024;1567.912024;1567.912024;1567.912024;0;0
DEPOSIT_RUONIA;D;20160720;000000;1568.557854;1568.557854;1568.557854;1568.557854;0;0
DEPOSIT_RUONIA;D;20160721;000000;1569.203328;1569.203328;1569.203328;1569.203328;0;0
DEPOSIT_RUONIA;D;20160722;000000;1569.851559;1569.851559;1569.851559;1569.851559;0;0
DEPOSIT_RUONIA;D;20160725;000000;1570.479499;1570.479499;1570.479499;1570.479499;0;0
DEPOSIT_RUONIA;D;20160726;000000;1571.121402;1571.121402;1571.121402;1571.121402;0;0
DEPOSIT_RUONIA;D;20160727;000000;1571.774165;1571.774165;1571.774165;1571.774165;0;0
DEPOSIT_RUONIA;D;20160728;000000;1572.420963;1572.420963;1572.420963;1572.420963;0;0
DEPOSIT_RUONIA;D;20160729;000000;1573.073642;1573.073642;1573.073642;1573.073642;0;0
DEPOSIT_RUONIA;D;20160801;000000;1573.719102;1573.719102;1573.719102;1573.719102;0;0
DEPOSIT_RUONIA;D;20160802;000000;1574.354210;1574.354210;1574.354210;1574.354210;0;0
DEPOSIT_RUONIA;D;20160803;000000;1574.977079;1574.977079;1574.977079;1574.977079;0;0
DEPOSIT_RUONIA;D;20160804;000000;1575.622695;1575.622695;1575.622695;1575.622695;0;0
DEPOSIT_RUONIA;D;20160805;000000;1576.268575;1576.268575;1576.268575;1576.268575;0;0
DEPOSIT_RUONIA;D;20160808;000000;1576.916597;1576.916597;1576.916597;1576.916597;0;0
DEPOSIT_RUONIA;D;20160809;000000;1577.565510;1577.565510;1577.565510;1577.565510;0;0
DEPOSIT_RUONIA;D;20160810;000000;1578.215943;1578.215943;1578.215943;1578.215943;0;0
DEPOSIT_RUONIA;D;20160811;000000;1578.866018;1578.866018;1578.866018;1578.866018;0;0
DEPOSIT_RUONIA;D;20160812;000000;1579.515734;1579.515734;1579.515734;1579.515734;0;0
DEPOSIT_RUONIA;D;20160815;000000;1580.166971;1580.166971;1580.166971;1580.166971;0;0
DEPOSIT_RUONIA;D;20160816;000000;1580.814714;1580.814714;1580.814714;1580.814714;0;0
DEPOSIT_RUONIA;D;20160817;000000;1581.463977;1581.463977;1581.463977;1581.463977;0;0
DEPOSIT_RUONIA;D;20160818;000000;1582.109114;1582.109114;1582.109114;1582.109114;0;0
DEPOSIT_RUONIA;D;20160819;000000;1582.758908;1582.758908;1582.758908;1582.758908;0;0
DEPOSIT_RUONIA;D;20160822;000000;1583.404574;1583.404574;1583.404574;1583.404574;0;0
DEPOSIT_RUONIA;D;20160823;000000;1584.051759;1584.051759;1584.051759;1584.051759;0;0
DEPOSIT_RUONIA;D;20160824;000000;1584.692923;1584.692923;1584.692923;1584.692923;0;0
DEPOSIT_RUONIA;D;20160825;000000;1585.326171;1585.326171;1585.326171;1585.326171;0;0
DEPOSIT_RUONIA;D;20160826;000000;1585.972883;1585.972883;1585.972883;1585.972883;0;0
DEPOSIT_RUONIA;D;20160829;000000;1586.624265;1586.624265;1586.624265;1586.624265;0;0
DEPOSIT_RUONIA;D;20160830;000000;1587.272137;1587.272137;1587.272137;1587.272137;0;0
DEPOSIT_RUONIA;D;20160831;000000;1587.918383;1587.918383;1587.918383;1587.918383;0;0
DEPOSIT_RUONIA;D;20160901;000000;1588.567413;1588.567413;1588.567413;1588.567413;0;0
DEPOSIT_RUONIA;D;20160902;000000;1589.213557;1589.213557;1589.213557;1589.213557;0;0
DEPOSIT_RUONIA;D;20160905;000000;1589.861855;1589.861855;1589.861855;1589.861855;0;0
DEPOSIT_RUONIA;D;20160906;000000;1590.512310;1590.512310;1590.512310;1590.512310;0;0
DEPOSIT_RUONIA;D;20160907;000000;1591.163032;1591.163032;1591.163032;1591.163032;0;0
DEPOSIT_RUONIA;D;20160908;000000;1591.807706;1591.807706;1591.807706;1591.807706;0;0
DEPOSIT_RUONIA;D;20160909;000000;1592.455167;1592.455167;1592.455167;1592.455167;0;0
DEPOSIT_RUONIA;D;20160912;000000;1593.103524;1593.103524;1593.103524;1593.103524;0;0
DEPOSIT_RUONIA;D;20160913;000000;1593.760995;1593.760995;1593.760995;1593.760995;0;0
DEPOSIT_RUONIA;D;20160914;000000;1594.417473;1594.417473;1594.417473;1594.417473;0;0
DEPOSIT_RUONIA;D;20160915;000000;1595.081813;1595.081813;1595.081813;1595.081813;0;0
DEPOSIT_RUONIA;D;20160916;000000;1595.755925;1595.755925;1595.755925;1595.755925;0;0
DEPOSIT_RUONIA;D;20160919;000000;1596.428422;1596.428422;1596.428422;1596.428422;0;0
DEPOSIT_RUONIA;D;20160920;000000;1597.073329;1597.073329;1597.073329;1597.073329;0;0
DEPOSIT_RUONIA;D;20160921;000000;1597.717862;1597.717862;1597.717862;1597.717862;0;0
DEPOSIT_RUONIA;D;20160922;000000;1598.339197;1598.339197;1598.339197;1598.339197;0;0
DEPOSIT_RUONIA;D;20160923;000000;1598.955065;1598.955065;1598.955065;1598.955065;0;0
DEPOSIT_RUONIA;D;20160926;000000;1599.567998;1599.567998;1599.567998;1599.567998;0;0
DEPOSIT_RUONIA;D;20160927;000000;1600.201477;1600.201477;1600.201477;1600.201477;0;0
DEPOSIT_RUONIA;D;20160928;000000;1600.837113;1600.837113;1600.837113;1600.837113;0;0
DEPOSIT_RUONIA;D;20160929;000000;1601.490153;1601.490153;1601.490153;1601.490153;0;0
DEPOSIT_RUONIA;D;20160930;000000;1602.157440;1602.157440;1602.157440;1602.157440;0;0
DEPOSIT_RUONIA;D;20161003;000000;1602.828185;1602.828185;1602.828185;1602.828185;0;0
DEPOSIT_RUONIA;D;20161004;000000;1603.462956;1603.462956;1603.462956;1603.462956;0;0
DEPOSIT_RUONIA;D;20161005;000000;1604.112613;1604.112613;1604.112613;1604.112613;0;0
DEPOSIT_RUONIA;D;20161006;000000;1604.760623;1604.760623;1604.760623;1604.760623;0;0
DEPOSIT_RUONIA;D;20161007;000000;1605.414627;1605.414627;1605.414627;1605.414627;0;0
DEPOSIT_RUONIA;D;20161010;000000;1606.072082;1606.072082;1606.072082;1606.072082;0;0
DEPOSIT_RUONIA;D;20161011;000000;1606.738730;1606.738730;1606.738730;1606.738730;0;0
DEPOSIT_RUONIA;D;20161012;000000;1607.408204;1607.408204;1607.408204;1607.408204;0;0
DEPOSIT_RUONIA;D;20161013;000000;1608.073493;1608.073493;1608.073493;1608.073493;0;0
DEPOSIT_RUONIA;D;20161014;000000;1608.743523;1608.743523;1608.743523;1608.743523;0;0
DEPOSIT_RUONIA;D;20161017;000000;1609.411918;1609.411918;1609.411918;1609.411918;0;0
DEPOSIT_RUONIA;D;20161018;000000;1610.078674;1610.078674;1610.078674;1610.078674;0;0
DEPOSIT_RUONIA;D;20161019;000000;1610.746346;1610.746346;1610.746346;1610.746346;0;0
DEPOSIT_RUONIA;D;20161020;000000;1611.415572;1611.415572;1611.415572;1611.415572;0;0
DEPOSIT_RUONIA;D;20161021;000000;1612.077404;1612.077404;1612.077404;1612.077404;0;0
DEPOSIT_RUONIA;D;20161024;000000;1612.738228;1612.738228;1612.738228;1612.738228;0;0
DEPOSIT_RUONIA;D;20161025;000000;1613.389083;1613.389083;1613.389083;1613.389083;0;0
DEPOSIT_RUONIA;D;20161026;000000;1614.049804;1614.049804;1614.049804;1614.049804;0;0
DEPOSIT_RUONIA;D;20161027;000000;1614.701188;1614.701188;1614.701188;1614.701188;0;0
DEPOSIT_RUONIA;D;20161028;000000;1615.352195;1615.352195;1615.352195;1615.352195;0;0
DEPOSIT_RUONIA;D;20161031;000000;1616.007951;1616.007951;1616.007951;1616.007951;0;0
DEPOSIT_RUONIA;D;20161101;000000;1616.672310;1616.672310;1616.672310;1616.672310;0;0
DEPOSIT_RUONIA;D;20161102;000000;1617.316413;1617.316413;1617.316413;1617.316413;0;0
DEPOSIT_RUONIA;D;20161103;000000;1617.942160;1617.942160;1617.942160;1617.942160;0;0
DEPOSIT_RUONIA;D;20161107;000000;1618.552098;1618.552098;1618.552098;1618.552098;0;0
DEPOSIT_RUONIA;D;20161108;000000;1619.144283;1619.144283;1619.144283;1619.144283;0;0
DEPOSIT_RUONIA;D;20161109;000000;1619.746322;1619.746322;1619.746322;1619.746322;0;0
DEPOSIT_RUONIA;D;20161110;000000;1620.389721;1620.389721;1620.389721;1620.389721;0;0
DEPOSIT_RUONIA;D;20161111;000000;1621.035948;1621.035948;1621.035948;1621.035948;0;0
DEPOSIT_RUONIA;D;20161114;000000;1621.681146;1621.681146;1621.681146;1621.681146;0;0
DEPOSIT_RUONIA;D;20161115;000000;1622.337541;1622.337541;1622.337541;1622.337541;0;0
DEPOSIT_RUONIA;D;20161116;000000;1622.992914;1622.992914;1622.992914;1622.992914;0;0
DEPOSIT_RUONIA;D;20161117;000000;1623.642755;1623.642755;1623.642755;1623.642755;0;0
DEPOSIT_RUONIA;D;20161118;000000;1624.296078;1624.296078;1624.296078;1624.296078;0;0
DEPOSIT_RUONIA;D;20161121;000000;1624.947085;1624.947085;1624.947085;1624.947085;0;0
DEPOSIT_RUONIA;D;20161122;000000;1625.604157;1625.604157;1625.604157;1625.604157;0;0
DEPOSIT_RUONIA;D;20161123;000000;1626.254399;1626.254399;1626.254399;1626.254399;0;0
DEPOSIT_RUONIA;D;20161124;000000;1626.897802;1626.897802;1626.897802;1626.897802;0;0
DEPOSIT_RUONIA;D;20161125;000000;1627.549852;1627.549852;1627.549852;1627.549852;0;0
DEPOSIT_RUONIA;D;20161128;000000;1628.209268;1628.209268;1628.209268;1628.209268;0;0
DEPOSIT_RUONIA;D;20161129;000000;1628.881874;1628.881874;1628.881874;1628.881874;0;0
DEPOSIT_RUONIA;D;20161130;000000;1629.539244;1629.539244;1629.539244;1629.539244;0;0
DEPOSIT_RUONIA;D;20161201;000000;1630.191706;1630.191706;1630.191706;1630.191706;0;0
DEPOSIT_RUONIA;D;20161202;000000;1630.837314;1630.837314;1630.837314;1630.837314;0;0
DEPOSIT_RUONIA;D;20161205;000000;1631.494826;1631.494826;1631.494826;1631.494826;0;0
DEPOSIT_RUONIA;D;20161206;000000;1632.156488;1632.156488;1632.156488;1632.156488;0;0
DEPOSIT_RUONIA;D;20161207;000000;1632.812589;1632.812589;1632.812589;1632.812589;0;0
DEPOSIT_RUONIA;D;20161208;000000;1633.468954;1633.468954;1633.468954;1633.468954;0;0
DEPOSIT_RUONIA;D;20161209;000000;1634.129472;1634.129472;1634.129472;1634.129472;0;0
DEPOSIT_RUONIA;D;20161212;000000;1634.791553;1634.791553;1634.791553;1634.791553;0;0
DEPOSIT_RUONIA;D;20161213;000000;1635.450660;1635.450660;1635.450660;1635.450660;0;0
DEPOSIT_RUONIA;D;20161214;000000;1636.111330;1636.111330;1636.111330;1636.111330;0;0
DEPOSIT_RUONIA;D;20161215;000000;1636.771618;1636.771618;1636.771618;1636.771618;0;0
DEPOSIT_RUONIA;D;20161216;000000;1637.423728;1637.423728;1637.423728;1637.423728;0;0
DEPOSIT_RUONIA;D;20161219;000000;1638.072200;1638.072200;1638.072200;1638.072200;0;0
DEPOSIT_RUONIA;D;20161220;000000;1638.730029;1638.730029;1638.730029;1638.730029;0;0
DEPOSIT_RUONIA;D;20161221;000000;1639.389423;1639.389423;1639.389423;1639.389423;0;0
DEPOSIT_RUONIA;D;20161222;000000;1640.049082;1640.049082;1640.049082;1640.049082;0;0
DEPOSIT_RUONIA;D;20161223;000000;1640.711610;1640.711610;1640.711610;1640.711610;0;0
DEPOSIT_RUONIA;D;20161226;000000;1641.367894;1641.367894;1641.367894;1641.367894;0;0
DEPOSIT_RUONIA;D;20161227;000000;1642.035514;1642.035514;1642.035514;1642.035514;0;0
DEPOSIT_RUONIA;D;20161228;000000;1642.710573;1642.710573;1642.710573;1642.710573;0;0
DEPOSIT_RUONIA;D;20161229;000000;1643.393080;1643.393080;1643.393080;1643.393080;0;0
DEPOSIT_RUONIA;D;20161230;000000;1644.077827;1644.077827;1644.077827;1644.077827;0;0
DEPOSIT_RUONIA;D;20170103;000000;1644.762860;1644.762860;1644.762860;1644.762860;0;0
DEPOSIT_RUONIA;D;20170104;000000;1645.448178;1645.448178;1645.448178;1645.448178;0;0
DEPOSIT_RUONIA;D;20170105;000000;1646.133781;1646.133781;1646.133781;1646.133781;0;0
DEPOSIT_RUONIA;D;20170106;000000;1646.819670;1646.819670;1646.819670;1646.819670;0;0
DEPOSIT_RUONIA;D;20170109;000000;1647.505845;1647.505845;1647.505845;1647.505845;0;0
DEPOSIT_RUONIA;D;20170110;000000;1648.168116;1648.168116;1648.168116;1648.168116;0;0
DEPOSIT_RUONIA;D;20170111;000000;1648.817573;1648.817573;1648.817573;1648.817573;0;0
DEPOSIT_RUONIA;D;20170112;000000;1649.469903;1649.469903;1649.469903;1649.469903;0;0
DEPOSIT_RUONIA;D;20170113;000000;1650.119873;1650.119873;1650.119873;1650.119873;0;0
DEPOSIT_RUONIA;D;20170116;000000;1650.778611;1650.778611;1650.778611;1650.778611;0;0
DEPOSIT_RUONIA;D;20170117;000000;1651.448093;1651.448093;1651.448093;1651.448093;0;0
DEPOSIT_RUONIA;D;20170118;000000;1652.117192;1652.117192;1652.117192;1652.117192;0;0
DEPOSIT_RUONIA;D;20170119;000000;1652.789840;1652.789840;1652.789840;1652.789840;0;0
DEPOSIT_RUONIA;D;20170120;000000;1653.458170;1653.458170;1653.458170;1653.458170;0;0
DEPOSIT_RUONIA;D;20170123;000000;1654.120866;1654.120866;1654.120866;1654.120866;0;0
DEPOSIT_RUONIA;D;20170124;000000;1654.765448;1654.765448;1654.765448;1654.765448;0;0
DEPOSIT_RUONIA;D;20170125;000000;1655.410281;1655.410281;1655.410281;1655.410281;0;0
DEPOSIT_RUONIA;D;20170126;000000;1656.082299;1656.082299;1656.082299;1656.082299;0;0
DEPOSIT_RUONIA;D;20170127;000000;1656.764447;1656.764447;1656.764447;1656.764447;0;0
DEPOSIT_RUONIA;D;20170130;000000;1657.443589;1657.443589;1657.443589;1657.443589;0;0
DEPOSIT_RUONIA;D;20170131;000000;1658.119063;1658.119063;1658.119063;1658.119063;0;0
DEPOSIT_RUONIA;D;20170201;000000;1658.792838;1658.792838;1658.792838;1658.792838;0;0
DEPOSIT_RUONIA;D;20170202;000000;1659.466887;1659.466887;1659.466887;1659.466887;0;0
DEPOSIT_RUONIA;D;20170203;000000;1660.133967;1660.133967;1660.133967;1660.133967;0;0
DEPOSIT_RUONIA;D;20170206;000000;1660.790115;1660.790115;1660.790115;1660.790115;0;0
DEPOSIT_RUONIA;D;20170207;000000;1661.434001;1661.434001;1661.434001;1661.434001;0;0
DEPOSIT_RUONIA;D;20170208;000000;1662.086707;1662.086707;1662.086707;1662.086707;0;0
DEPOSIT_RUONIA;D;20170209;000000;1662.762094;1662.762094;1662.762094;1662.762094;0;0
DEPOSIT_RUONIA;D;20170210;000000;1663.438416;1663.438416;1663.438416;1663.438416;0;0
DEPOSIT_RUONIA;D;20170213;000000;1664.118314;1664.118314;1664.118314;1664.118314;0;0
DEPOSIT_RUONIA;D;20170214;000000;1664.792546;1664.792546;1664.792546;1664.792546;0;0
DEPOSIT_RUONIA;D;20170215;000000;1665.465069;1665.465069;1665.465069;1665.465069;0;0
DEPOSIT_RUONIA;D;20170216;000000;1666.155708;1666.155708;1666.155708;1666.155708;0;0
DEPOSIT_RUONIA;D;20170217;000000;1666.842667;1666.842667;1666.842667;1666.842667;0;0
DEPOSIT_RUONIA;D;20170220;000000;1667.525279;1667.525279;1667.525279;1667.525279;0;0
DEPOSIT_RUONIA;D;20170221;000000;1668.196921;1668.196921;1668.196921;1668.196921;0;0
DEPOSIT_RUONIA;D;20170222;000000;1668.870158;1668.870158;1668.870158;1668.870158;0;0
DEPOSIT_RUONIA;D;20170224;000000;1669.537706;1669.537706;1669.537706;1669.537706;0;0
DEPOSIT_RUONIA;D;20170227;000000;1670.205521;1670.205521;1670.205521;1670.205521;0;0
DEPOSIT_RUONIA;D;20170228;000000;1670.878242;1670.878242;1670.878242;1670.878242;0;0
DEPOSIT_RUONIA;D;20170301;000000;1671.541289;1671.541289;1671.541289;1671.541289;0;0
DEPOSIT_RUONIA;D;20170302;000000;1672.203936;1672.203936;1672.203936;1672.203936;0;0
DEPOSIT_RUONIA;D;20170303;000000;1672.857555;1672.857555;1672.857555;1672.857555;0;0
DEPOSIT_RUONIA;D;20170306;000000;1673.504128;1673.504128;1673.504128;1673.504128;0;0
DEPOSIT_RUONIA;D;20170307;000000;1674.146966;1674.146966;1674.146966;1674.146966;0;0
DEPOSIT_RUONIA;D;20170309;000000;1674.780086;1674.780086;1674.780086;1674.780086;0;0
DEPOSIT_RUONIA;D;20170310;000000;1675.440694;1675.440694;1675.440694;1675.440694;0;0
DEPOSIT_RUONIA;D;20170313;000000;1676.100232;1676.100232;1676.100232;1676.100232;0;0
DEPOSIT_RUONIA;D;20170314;000000;1676.759365;1676.759365;1676.759365;1676.759365;0;0
DEPOSIT_RUONIA;D;20170315;000000;1677.426077;1677.426077;1677.426077;1677.426077;0;0
DEPOSIT_RUONIA;D;20170316;000000;1678.093053;1678.093053;1678.093053;1678.093053;0;0
DEPOSIT_RUONIA;D;20170317;000000;1678.754968;1678.754968;1678.754968;1678.754968;0;0
DEPOSIT_RUONIA;D;20170320;000000;1679.417143;1679.417143;1679.417143;1679.417143;0;0
DEPOSIT_RUONIA;D;20170321;000000;1680.084912;1680.084912;1680.084912;1680.084912;0;0
DEPOSIT_RUONIA;D;20170322;000000;1680.751612;1680.751612;1680.751612;1680.751612;0;0
DEPOSIT_RUONIA;D;20170323;000000;1681.415242;1681.415242;1681.415242;1681.415242;0;0
DEPOSIT_RUONIA;D;20170324;000000;1682.081136;1682.081136;1682.081136;1682.081136;0;0
DEPOSIT_RUONIA;D;20170327;000000;1682.731274;1682.731274;1682.731274;1682.731274;0;0
DEPOSIT_RUONIA;D;20170328;000000;1683.383666;1683.383666;1683.383666;1683.383666;0;0
DEPOSIT_RUONIA;D;20170329;000000;1684.038315;1684.038315;1684.038315;1684.038315;0;0
DEPOSIT_RUONIA;D;20170330;000000;1684.706584;1684.706584;1684.706584;1684.706584;0;0
DEPOSIT_RUONIA;D;20170331;000000;1685.377124;1685.377124;1685.377124;1685.377124;0;0
DEPOSIT_RUONIA;D;20170403;000000;1686.033886;1686.033886;1686.033886;1686.033886;0;0
DEPOSIT_RUONIA;D;20170404;000000;1686.694919;1686.694919;1686.694919;1686.694919;0;0
DEPOSIT_RUONIA;D;20170405;000000;1687.344832;1687.344832;1687.344832;1687.344832;0;0
DEPOSIT_RUONIA;D;20170406;000000;1687.970890;1687.970890;1687.970890;1687.970890;0;0
DEPOSIT_RUONIA;D;20170407;000000;1688.593162;1688.593162;1688.593162;1688.593162;0;0
DEPOSIT_RUONIA;D;20170410;000000;1689.216333;1689.216333;1689.216333;1689.216333;0;0
DEPOSIT_RUONIA;D;20170411;000000;1689.845097;1689.845097;1689.845097;1689.845097;0;0
DEPOSIT_RUONIA;D;20170412;000000;1690.464036;1690.464036;1690.464036;1690.464036;0;0
DEPOSIT_RUONIA;D;20170413;000000;1691.106010;1691.106010;1691.106010;1691.106010;0;0
DEPOSIT_RUONIA;D;20170414;000000;1691.746215;1691.746215;1691.746215;1691.746215;0;0
DEPOSIT_RUONIA;D;20170417;000000;1692.392032;1692.392032;1692.392032;1692.392032;0;0
DEPOSIT_RUONIA;D;20170418;000000;1693.037424;1693.037424;1693.037424;1693.037424;0;0
DEPOSIT_RUONIA;D;20170419;000000;1693.680376;1693.680376;1693.680376;1693.680376;0;0
DEPOSIT_RUONIA;D;20170420;000000;1694.324243;1694.324243;1694.324243;1694.324243;0;0
DEPOSIT_RUONIA;D;20170421;000000;1694.970372;1694.970372;1694.970372;1694.970372;0;0
DEPOSIT_RUONIA;D;20170424;000000;1695.612712;1695.612712;1695.612712;1695.612712;0;0
DEPOSIT_RUONIA;D;20170425;000000;1696.253277;1696.253277;1696.253277;1696.253277;0;0
DEPOSIT_RUONIA;D;20170426;000000;1696.910912;1696.910912;1696.910912;1696.910912;0;0
DEPOSIT_RUONIA;D;20170427;000000;1697.558027;1697.558027;1697.558027;1697.558027;0;0
DEPOSIT_RUONIA;D;20170428;000000;1698.204042;1698.204042;1698.204042;1698.204042;0;0
DEPOSIT_RUONIA;D;20170502;000000;1698.858390;1698.858390;1698.858390;1698.858390;0;0
DEPOSIT_RUONIA;D;20170503;000000;1699.472541;1699.472541;1699.472541;1699.472541;0;0
DEPOSIT_RUONIA;D;20170504;000000;1700.106471;1700.106471;1700.106471;1700.106471;0;0
DEPOSIT_RUONIA;D;20170505;000000;1700.748733;1700.748733;1700.748733;1700.748733;0;0
DEPOSIT_RUONIA;D;20170510;000000;1701.384490;1701.384490;1701.384490;1701.384490;0;0
DEPOSIT_RUONIA;D;20170511;000000;1702.010356;1702.010356;1702.010356;1702.010356;0;0
DEPOSIT_RUONIA;D;20170512;000000;1702.619568;1702.619568;1702.619568;1702.619568;0;0
DEPOSIT_RUONIA;D;20170515;000000;1703.226970;1703.226970;1703.226970;1703.226970;0;0
DEPOSIT_RUONIA;D;20170516;000000;1703.835266;1703.835266;1703.835266;1703.835266;0;0
DEPOSIT_RUONIA;D;20170517;000000;1704.434313;1704.434313;1704.434313;1704.434313;0;0
DEPOSIT_RUONIA;D;20170518;000000;1705.046421;1705.046421;1705.046421;1705.046421;0;0
DEPOSIT_RUONIA;D;20170519;000000;1705.660779;1705.660779;1705.660779;1705.660779;0;0
DEPOSIT_RUONIA;D;20170522;000000;1706.276712;1706.276712;1706.276712;1706.276712;0;0
DEPOSIT_RUONIA;D;20170523;000000;1706.881357;1706.881357;1706.881357;1706.881357;0;0
DEPOSIT_RUONIA;D;20170524;000000;1707.490280;1707.490280;1707.490280;1707.490280;0;0
DEPOSIT_RUONIA;D;20170525;000000;1708.089934;1708.089934;1708.089934;1708.089934;0;0
DEPOSIT_RUONIA;D;20170526;000000;1708.708100;1708.708100;1708.708100;1708.708100;0;0
DEPOSIT_RUONIA;D;20170529;000000;1709.323100;1709.323100;1709.323100;1709.323100;0;0
DEPOSIT_RUONIA;D;20170530;000000;1709.951886;1709.951886;1709.951886;1709.951886;0;0
DEPOSIT_RUONIA;D;20170531;000000;1710.574797;1710.574797;1710.574797;1710.574797;0;0
DEPOSIT_RUONIA;D;20170601;000000;1711.195899;1711.195899;1711.195899;1711.195899;0;0
DEPOSIT_RUONIA;D;20170602;000000;1711.819942;1711.819942;1711.819942;1711.819942;0;0
DEPOSIT_RUONIA;D;20170605;000000;1712.444892;1712.444892;1712.444892;1712.444892;0;0
DEPOSIT_RUONIA;D;20170606;000000;1713.087059;1713.087059;1713.087059;1713.087059;0;0
DEPOSIT_RUONIA;D;20170607;000000;1713.740344;1713.740344;1713.740344;1713.740344;0;0
DEPOSIT_RUONIA;D;20170608;000000;1714.361914;1714.361914;1714.361914;1714.361914;0;0
DEPOSIT_RUONIA;D;20170609;000000;1714.979629;1714.979629;1714.979629;1714.979629;0;0
DEPOSIT_RUONIA;D;20170613;000000;1715.596885;1715.596885;1715.596885;1715.596885;0;0
DEPOSIT_RUONIA;D;20170614;000000;1716.214364;1716.214364;1716.214364;1716.214364;0;0
DEPOSIT_RUONIA;D;20170615;000000;1716.840238;1716.840238;1716.840238;1716.840238;0;0
DEPOSIT_RUONIA;D;20170616;000000;1717.471108;1717.471108;1717.471108;1717.471108;0;0
DEPOSIT_RUONIA;D;20170619;000000;1718.102892;1718.102892;1718.102892;1718.102892;0;0
DEPOSIT_RUONIA;D;20170620;000000;1718.717864;1718.717864;1718.717864;1718.717864;0;0
DEPOSIT_RUONIA;D;20170621;000000;1719.333738;1719.333738;1719.333738;1719.333738;0;0
DEPOSIT_RUONIA;D;20170622;000000;1719.947103;1719.947103;1719.947103;1719.947103;0;0
DEPOSIT_RUONIA;D;20170623;000000;1720.545672;1720.545672;1720.545672;1720.545672;0;0
DEPOSIT_RUONIA;D;20170626;000000;1721.135574;1721.135574;1721.135574;1721.135574;0;0
DEPOSIT_RUONIA;D;20170627;000000;1721.743435;1721.743435;1721.743435;1721.743435;0;0
DEPOSIT_RUONIA;D;20170628;000000;1722.361760;1722.361760;1722.361760;1722.361760;0;0
DEPOSIT_RUONIA;D;20170629;000000;1722.983040;1722.983040;1722.983040;1722.983040;0;0
DEPOSIT_RUONIA;D;20170630;000000;1723.608647;1723.608647;1723.608647;1723.608647;0;0
DEPOSIT_RUONIA;D;20170703;000000;1724.230377;1724.230377;1724.230377;1724.230377;0;0
DEPOSIT_RUONIA;D;20170704;000000;1724.848227;1724.848227;1724.848227;1724.848227;0;0
DEPOSIT_RUONIA;D;20170705;000000;1725.465613;1725.465613;1725.465613;1725.465613;0;0
DEPOSIT_RUONIA;D;20170706;000000;1726.081850;1726.081850;1726.081850;1726.081850;0;0
DEPOSIT_RUONIA;D;20170707;000000;1726.699678;1726.699678;1726.699678;1726.699678;0;0
DEPOSIT_RUONIA;D;20170710;000000;1727.314986;1727.314986;1727.314986;1727.314986;0;0
DEPOSIT_RUONIA;D;20170711;000000;1727.907208;1727.907208;1727.907208;1727.907208;0;0
DEPOSIT_RUONIA;D;20170712;000000;1728.488663;1728.488663;1728.488663;1728.488663;0;0
DEPOSIT_RUONIA;D;20170713;000000;1729.091576;1729.091576;1729.091576;1729.091576;0;0
DEPOSIT_RUONIA;D;20170714;000000;1729.696758;1729.696758;1729.696758;1729.696758;0;0
DEPOSIT_RUONIA;D;20170717;000000;1730.297347;1730.297347;1730.297347;1730.297347;0;0
DEPOSIT_RUONIA;D;20170718;000000;1730.912564;1730.912564;1730.912564;1730.912564;0;0
DEPOSIT_RUONIA;D;20170719;000000;1731.521131;1731.521131;1731.521131;1731.521131;0;0
DEPOSIT_RUONIA;D;20170720;000000;1732.133348;1732.133348;1732.133348;1732.133348;0;0
DEPOSIT_RUONIA;D;20170721;000000;1732.748530;1732.748530;1732.748530;1732.748530;0;0
DEPOSIT_RUONIA;D;20170724;000000;1733.364618;1733.364618;1733.364618;1733.364618;0;0
DEPOSIT_RUONIA;D;20170725;000000;1733.979550;1733.979550;1733.979550;1733.979550;0;0
DEPOSIT_RUONIA;D;20170726;000000;1734.594012;1734.594012;1734.594012;1734.594012;0;0
DEPOSIT_RUONIA;D;20170727;000000;1735.216951;1735.216951;1735.216951;1735.216951;0;0
DEPOSIT_RUONIA;D;20170728;000000;1735.845623;1735.845623;1735.845623;1735.845623;0;0
DEPOSIT_RUONIA;D;20170731;000000;1736.477278;1736.477278;1736.477278;1736.477278;0;0
DEPOSIT_RUONIA;D;20170801;000000;1737.113986;1737.113986;1737.113986;1737.113986;0;0
DEPOSIT_RUONIA;D;20170802;000000;1737.727491;1737.727491;1737.727491;1737.727491;0;0
DEPOSIT_RUONIA;D;20170803;000000;1738.327421;1738.327421;1738.327421;1738.327421;0;0
DEPOSIT_RUONIA;D;20170804;000000;1738.923419;1738.923419;1738.923419;1738.923419;0;0
DEPOSIT_RUONIA;D;20170807;000000;1739.498919;1739.498919;1739.498919;1739.498919;0;0
DEPOSIT_RUONIA;D;20170808;000000;1740.067708;1740.067708;1740.067708;1740.067708;0;0
DEPOSIT_RUONIA;D;20170809;000000;1740.635302;1740.635302;1740.635302;1740.635302;0;0
DEPOSIT_RUONIA;D;20170810;000000;1741.231400;1741.231400;1741.231400;1741.231400;0;0
DEPOSIT_RUONIA;D;20170811;000000;1741.814574;1741.814574;1741.814574;1741.814574;0;0
DEPOSIT_RUONIA;D;20170814;000000;1742.391723;1742.391723;1742.391723;1742.391723;0;0
DEPOSIT_RUONIA;D;20170815;000000;1742.962149;1742.962149;1742.962149;1742.962149;0;0
DEPOSIT_RUONIA;D;20170816;000000;1743.538295;1743.538295;1743.538295;1743.538295;0;0
DEPOSIT_RUONIA;D;20170817;000000;1744.126393;1744.126393;1744.126393;1744.126393;0;0
DEPOSIT_RUONIA;D;20170818;000000;1744.715382;1744.715382;1744.715382;1744.715382;0;0
DEPOSIT_RUONIA;D;20170821;000000;1745.305262;1745.305262;1745.305262;1745.305262;0;0
DEPOSIT_RUONIA;D;20170822;000000;1745.898112;1745.898112;1745.898112;1745.898112;0;0
DEPOSIT_RUONIA;D;20170823;000000;1746.491855;1746.491855;1746.491855;1746.491855;0;0
DEPOSIT_RUONIA;D;20170824;000000;1747.074019;1747.074019;1747.074019;1747.074019;0;0
DEPOSIT_RUONIA;D;20170825;000000;1747.654298;1747.654298;1747.654298;1747.654298;0;0
DEPOSIT_RUONIA;D;20170828;000000;1748.245865;1748.245865;1748.245865;1748.245865;0;0
DEPOSIT_RUONIA;D;20170829;000000;1748.841101;1748.841101;1748.841101;1748.841101;0;0
DEPOSIT_RUONIA;D;20170830;000000;1749.434458;1749.434458;1749.434458;1749.434458;0;0
DEPOSIT_RUONIA;D;20170831;000000;1750.028710;1750.028710;1750.028710;1750.028710;0;0
DEPOSIT_RUONIA;D;20170901;000000;1750.633581;1750.633581;1750.633581;1750.633581;0;0
DEPOSIT_RUONIA;D;20170904;000000;1751.243524;1751.243524;1751.243524;1751.243524;0;0
DEPOSIT_RUONIA;D;20170905;000000;1751.864798;1751.864798;1751.864798;1751.864798;0;0
DEPOSIT_RUONIA;D;20170906;000000;1752.461267;1752.461267;1752.461267;1752.461267;0;0
DEPOSIT_RUONIA;D;20170907;000000;1753.051679;1753.051679;1753.051679;1753.051679;0;0
DEPOSIT_RUONIA;D;20170908;000000;1753.640204;1753.640204;1753.640204;1753.640204;0;0
DEPOSIT_RUONIA;D;20170911;000000;1754.226142;1754.226142;1754.226142;1754.226142;0;0
DEPOSIT_RUONIA;D;20170912;000000;1754.813669;1754.813669;1754.813669;1754.813669;0;0
DEPOSIT_RUONIA;D;20170913;000000;1755.383983;1755.383983;1755.383983;1755.383983;0;0
DEPOSIT_RUONIA;D;20170914;000000;1755.957966;1755.957966;1755.957966;1755.957966;0;0
DEPOSIT_RUONIA;D;20170915;000000;1756.557918;1756.557918;1756.557918;1756.557918;0;0
DEPOSIT_RUONIA;D;20170918;000000;1757.163652;1757.163652;1757.163652;1757.163652;0;0
DEPOSIT_RUONIA;D;20170919;000000;1757.718692;1757.718692;1757.718692;1757.718692;0;0
DEPOSIT_RUONIA;D;20170920;000000;1758.279488;1758.279488;1758.279488;1758.279488;0;0
DEPOSIT_RUONIA;D;20170921;000000;1758.837672;1758.837672;1758.837672;1758.837672;0;0
DEPOSIT_RUONIA;D;20170922;000000;1759.397429;1759.397429;1759.397429;1759.397429;0;0
DEPOSIT_RUONIA;D;20170925;000000;1759.955270;1759.955270;1759.955270;1759.955270;0;0
DEPOSIT_RUONIA;D;20170926;000000;1760.517478;1760.517478;1760.517478;1760.517478;0;0
DEPOSIT_RUONIA;D;20170927;000000;1761.074975;1761.074975;1761.074975;1761.074975;0;0
DEPOSIT_RUONIA;D;20170928;000000;1761.648722;1761.648722;1761.648722;1761.648722;0;0
DEPOSIT_RUONIA;D;20170929;000000;1762.240832;1762.240832;1762.240832;1762.240832;0;0
DEPOSIT_RUONIA;D;20171002;000000;1762.834539;1762.834539;1762.834539;1762.834539;0;0
DEPOSIT_RUONIA;D;20171003;000000;1763.411658;1763.411658;1763.411658;1763.411658;0;0
DEPOSIT_RUONIA;D;20171004;000000;1763.986866;1763.986866;1763.986866;1763.986866;0;0
DEPOSIT_RUONIA;D;20171005;000000;1764.546162;1764.546162;1764.546162;1764.546162;0;0
DEPOSIT_RUONIA;D;20171006;000000;1765.102834;1765.102834;1765.102834;1765.102834;0;0
DEPOSIT_RUONIA;D;20171009;000000;1765.684197;1765.684197;1765.684197;1765.684197;0;0
DEPOSIT_RUONIA;D;20171010;000000;1766.270657;1766.270657;1766.270657;1766.270657;0;0
DEPOSIT_RUONIA;D;20171011;000000;1766.849601;1766.849601;1766.849601;1766.849601;0;0
DEPOSIT_RUONIA;D;20171012;000000;1767.404897;1767.404897;1767.404897;1767.404897;0;0
DEPOSIT_RUONIA;D;20171013;000000;1767.978602;1767.978602;1767.978602;1767.978602;0;0
DEPOSIT_RUONIA;D;20171016;000000;1768.551090;1768.551090;1768.551090;1768.551090;0;0
DEPOSIT_RUONIA;D;20171017;000000;1769.126571;1769.126571;1769.126571;1769.126571;0;0
DEPOSIT_RUONIA;D;20171018;000000;1769.684688;1769.684688;1769.684688;1769.684688;0;0
DEPOSIT_RUONIA;D;20171019;000000;1770.237364;1770.237364;1770.237364;1770.237364;0;0
DEPOSIT_RUONIA;D;20171020;000000;1770.788807;1770.788807;1770.788807;1770.788807;0;0
DEPOSIT_RUONIA;D;20171023;000000;1771.331989;1771.331989;1771.331989;1771.331989;0;0
DEPOSIT_RUONIA;D;20171024;000000;1771.892911;1771.892911;1771.892911;1771.892911;0;0
DEPOSIT_RUONIA;D;20171025;000000;1772.439948;1772.439948;1772.439948;1772.439948;0;0
DEPOSIT_RUONIA;D;20171026;000000;1772.992780;1772.992780;1772.992780;1772.992780;0;0
DEPOSIT_RUONIA;D;20171027;000000;1773.554931;1773.554931;1773.554931;1773.554931;0;0
DEPOSIT_RUONIA;D;20171030;000000;1774.105296;1774.105296;1774.105296;1774.105296;0;0
DEPOSIT_RUONIA;D;20171031;000000;1774.676249;1774.676249;1774.676249;1774.676249;0;0
DEPOSIT_RUONIA;D;20171101;000000;1775.241046;1775.241046;1775.241046;1775.241046;0;0
DEPOSIT_RUONIA;D;20171102;000000;1775.811660;1775.811660;1775.811660;1775.811660;0;0
DEPOSIT_RUONIA;D;20171103;000000;1776.391617;1776.391617;1776.391617;1776.391617;0;0
DEPOSIT_RUONIA;D;20171107;000000;1776.954141;1776.954141;1776.954141;1776.954141;0;0
DEPOSIT_RUONIA;D;20171108;000000;1777.499920;1777.499920;1777.499920;1777.499920;0;0
DEPOSIT_RUONIA;D;20171109;000000;1778.047277;1778.047277;1778.047277;1778.047277;0;0
DEPOSIT_RUONIA;D;20171110;000000;1778.593391;1778.593391;1778.593391;1778.593391;0;0
DEPOSIT_RUONIA;D;20171113;000000;1779.146026;1779.146026;1779.146026;1779.146026;0;0
DEPOSIT_RUONIA;D;20171114;000000;1779.700950;1779.700950;1779.700950;1779.700950;0;0
DEPOSIT_RUONIA;D;20171115;000000;1780.260285;1780.260285;1780.260285;1780.260285;0;0
DEPOSIT_RUONIA;D;20171116;000000;1780.824034;1780.824034;1780.824034;1780.824034;0;0
DEPOSIT_RUONIA;D;20171117;000000;1781.388668;1781.388668;1781.388668;1781.388668;0;0
DEPOSIT_RUONIA;D;20171120;000000;1781.953481;1781.953481;1781.953481;1781.953481;0;0
DEPOSIT_RUONIA;D;20171121;000000;1782.519181;1782.519181;1782.519181;1782.519181;0;0
DEPOSIT_RUONIA;D;20171122;000000;1783.083645;1783.083645;1783.083645;1783.083645;0;0
DEPOSIT_RUONIA;D;20171123;000000;1783.646873;1783.646873;1783.646873;1783.646873;0;0
DEPOSIT_RUONIA;D;20171124;000000;1784.209571;1784.209571;1784.209571;1784.209571;0;0
DEPOSIT_RUONIA;D;20171127;000000;1784.773863;1784.773863;1784.773863;1784.773863;0;0
DEPOSIT_RUONIA;D;20171128;000000;1785.342583;1785.342583;1785.342583;1785.342583;0;0
DEPOSIT_RUONIA;D;20171129;000000;1785.923527;1785.923527;1785.923527;1785.923527;0;0
DEPOSIT_RUONIA;D;20171130;000000;1786.510331;1786.510331;1786.510331;1786.510331;0;0
DEPOSIT_RUONIA;D;20171201;000000;1787.094491;1787.094491;1787.094491;1787.094491;0;0
DEPOSIT_RUONIA;D;20171204;000000;1787.676715;1787.676715;1787.676715;1787.676715;0;0
DEPOSIT_RUONIA;D;20171205;000000;1788.232172;1788.232172;1788.232172;1788.232172;0;0
DEPOSIT_RUONIA;D;20171206;000000;1788.804832;1788.804832;1788.804832;1788.804832;0;0
DEPOSIT_RUONIA;D;20171207;000000;1789.377676;1789.377676;1789.377676;1789.377676;0;0
DEPOSIT_RUONIA;D;20171208;000000;1789.953543;1789.953543;1789.953543;1789.953543;0;0
DEPOSIT_RUONIA;D;20171211;000000;1790.528175;1790.528175;1790.528175;1790.528175;0;0
DEPOSIT_RUONIA;D;20171212;000000;1791.095175;1791.095175;1791.095175;1791.095175;0;0
DEPOSIT_RUONIA;D;20171213;000000;1791.663066;1791.663066;1791.663066;1791.663066;0;0
DEPOSIT_RUONIA;D;20171214;000000;1792.229715;1792.229715;1792.229715;1792.229715;0;0
DEPOSIT_RUONIA;D;20171215;000000;1792.788009;1792.788009;1792.788009;1792.788009;0;0
DEPOSIT_RUONIA;D;20171218;000000;1793.350034;1793.350034;1793.350034;1793.350034;0;0
DEPOSIT_RUONIA;D;20171219;000000;1793.886615;1793.886615;1793.886615;1793.886615;0;0
DEPOSIT_RUONIA;D;20171220;000000;1794.419087;1794.419087;1794.419087;1794.419087;0;0
DEPOSIT_RUONIA;D;20171221;000000;1794.953140;1794.953140;1794.953140;1794.953140;0;0
DEPOSIT_RUONIA;D;20171222;000000;1795.487352;1795.487352;1795.487352;1795.487352;0;0
DEPOSIT_RUONIA;D;20171225;000000;1796.024573;1796.024573;1796.024573;1796.024573;0;0
DEPOSIT_RUONIA;D;20171226;000000;1796.583337;1796.583337;1796.583337;1796.583337;0;0
DEPOSIT_RUONIA;D;20171227;000000;1797.123737;1797.123737;1797.123737;1797.123737;0;0
DEPOSIT_RUONIA;D;20171228;000000;1797.652177;1797.652177;1797.652177;1797.652177;0;0
DEPOSIT_RUONIA;D;20171229;000000;1798.165079;1798.165079;1798.165079;1798.165079;0;0
DEPOSIT_RUONIA;D;20180103;000000;1798.678127;1798.678127;1798.678127;1798.678127;0;0
DEPOSIT_RUONIA;D;20180104;000000;1799.191321;1799.191321;1799.191321;1799.191321;0;0
DEPOSIT_RUONIA;D;20180105;000000;1799.704662;1799.704662;1799.704662;1799.704662;0;0
DEPOSIT_RUONIA;D;20180109;000000;1800.218149;1800.218149;1800.218149;1800.218149;0;0
DEPOSIT_RUONIA;D;20180110;000000;1800.709637;1800.709637;1800.709637;1800.709637;0;0
DEPOSIT_RUONIA;D;20180111;000000;1801.221267;1801.221267;1801.221267;1801.221267;0;0
DEPOSIT_RUONIA;D;20180112;000000;1801.724466;1801.724466;1801.724466;1801.724466;0;0
DEPOSIT_RUONIA;D;20180115;000000;1802.224945;1802.224945;1802.224945;1802.224945;0;0
DEPOSIT_RUONIA;D;20180116;000000;1802.725563;1802.725563;1802.725563;1802.725563;0;0
DEPOSIT_RUONIA;D;20180117;000000;1803.227751;1803.227751;1803.227751;1803.227751;0;0
DEPOSIT_RUONIA;D;20180118;000000;1803.727216;1803.727216;1803.727216;1803.727216;0;0
DEPOSIT_RUONIA;D;20180119;000000;1804.233262;1804.233262;1804.233262;1804.233262;0;0
DEPOSIT_RUONIA;D;20180122;000000;1804.735154;1804.735154;1804.735154;1804.735154;0;0
DEPOSIT_RUONIA;D;20180123;000000;1805.237185;1805.237185;1805.237185;1805.237185;0;0
DEPOSIT_RUONIA;D;20180124;000000;1805.735058;1805.735058;1805.735058;1805.735058;0;0
DEPOSIT_RUONIA;D;20180125;000000;1806.231635;1806.231635;1806.231635;1806.231635;0;0
DEPOSIT_RUONIA;D;20180126;000000;1806.748418;1806.748418;1806.748418;1806.748418;0;0
DEPOSIT_RUONIA;D;20180129;000000;1807.268217;1807.268217;1807.268217;1807.268217;0;0
DEPOSIT_RUONIA;D;20180130;000000;1807.795337;1807.795337;1807.795337;1807.795337;0;0
DEPOSIT_RUONIA;D;20180131;000000;1808.324045;1808.324045;1808.324045;1808.324045;0;0
DEPOSIT_RUONIA;D;20180201;000000;1808.834968;1808.834968;1808.834968;1808.834968;0;0
DEPOSIT_RUONIA;D;20180202;000000;1809.356085;1809.356085;1809.356085;1809.356085;0;0
DEPOSIT_RUONIA;D;20180205;000000;1809.865146;1809.865146;1809.865146;1809.865146;0;0
DEPOSIT_RUONIA;D;20180206;000000;1810.381532;1810.381532;1810.381532;1810.381532;0;0
DEPOSIT_RUONIA;D;20180207;000000;1810.900939;1810.900939;1810.900939;1810.900939;0;0
DEPOSIT_RUONIA;D;20180208;000000;1811.408997;1811.408997;1811.408997;1811.408997;0;0
DEPOSIT_RUONIA;D;20180209;000000;1811.916480;1811.916480;1811.916480;1811.916480;0;0
DEPOSIT_RUONIA;D;20180212;000000;1812.419071;1812.419071;1812.419071;1812.419071;0;0
DEPOSIT_RUONIA;D;20180213;000000;1812.906698;1812.906698;1812.906698;1812.906698;0;0
DEPOSIT_RUONIA;D;20180214;000000;1813.398053;1813.398053;1813.398053;1813.398053;0;0
DEPOSIT_RUONIA;D;20180215;000000;1813.898896;1813.898896;1813.898896;1813.898896;0;0
DEPOSIT_RUONIA;D;20180216;000000;1814.408515;1814.408515;1814.408515;1814.408515;0;0
DEPOSIT_RUONIA;D;20180219;000000;1814.927638;1814.927638;1814.927638;1814.927638;0;0
DEPOSIT_RUONIA;D;20180220;000000;1815.451950;1815.451950;1815.451950;1815.451950;0;0
DEPOSIT_RUONIA;D;20180221;000000;1815.976414;1815.976414;1815.976414;1815.976414;0;0
DEPOSIT_RUONIA;D;20180222;000000;1816.501750;1816.501750;1816.501750;1816.501750;0;0
DEPOSIT_RUONIA;D;20180226;000000;1817.022913;1817.022913;1817.022913;1817.022913;0;0
DEPOSIT_RUONIA;D;20180227;000000;1817.549273;1817.549273;1817.549273;1817.549273;0;0
DEPOSIT_RUONIA;D;20180228;000000;1818.086604;1818.086604;1818.086604;1818.086604;0;0
DEPOSIT_RUONIA;D;20180301;000000;1818.627701;1818.627701;1818.627701;1818.627701;0;0
DEPOSIT_RUONIA;D;20180302;000000;1819.160299;1819.160299;1819.160299;1819.160299;0;0
DEPOSIT_RUONIA;D;20180305;000000;1819.677172;1819.677172;1819.677172;1819.677172;0;0
DEPOSIT_RUONIA;D;20180306;000000;1820.200690;1820.200690;1820.200690;1820.200690;0;0
DEPOSIT_RUONIA;D;20180307;000000;1820.714247;1820.714247;1820.714247;1820.714247;0;0
DEPOSIT_RUONIA;D;20180309;000000;1821.233006;1821.233006;1821.233006;1821.233006;0;0
DEPOSIT_RUONIA;D;20180312;000000;1821.751913;1821.751913;1821.751913;1821.751913;0;0
DEPOSIT_RUONIA;D;20180313;000000;1822.280365;1822.280365;1822.280365;1822.280365;0;0
DEPOSIT_RUONIA;D;20180314;000000;1822.808971;1822.808971;1822.808971;1822.808971;0;0
DEPOSIT_RUONIA;D;20180315;000000;1823.337731;1823.337731;1823.337731;1823.337731;0;0
DEPOSIT_RUONIA;D;20180316;000000;1823.864473;1823.864473;1823.864473;1823.864473;0;0
DEPOSIT_RUONIA;D;20180319;000000;1824.381958;1824.381958;1824.381958;1824.381958;0;0
DEPOSIT_RUONIA;D;20180320;000000;1824.898866;1824.898866;1824.898866;1824.898866;0;0
DEPOSIT_RUONIA;D;20180321;000000;1825.417369;1825.417369;1825.417369;1825.417369;0;0
DEPOSIT_RUONIA;D;20180322;000000;1825.927327;1825.927327;1825.927327;1825.927327;0;0
DEPOSIT_RUONIA;D;20180323;000000;1826.443224;1826.443224;1826.443224;1826.443224;0;0
DEPOSIT_RUONIA;D;20180326;000000;1826.943321;1826.943321;1826.943321;1826.943321;0;0
DEPOSIT_RUONIA;D;20180327;000000;1827.461680;1827.461680;1827.461680;1827.461680;0;0
DEPOSIT_RUONIA;D;20180328;000000;1827.975110;1827.975110;1827.975110;1827.975110;0;0
DEPOSIT_RUONIA;D;20180329;000000;1828.474176;1828.474176;1828.474176;1828.474176;0;0
DEPOSIT_RUONIA;D;20180330;000000;1828.982086;1828.982086;1828.982086;1828.982086;0;0
DEPOSIT_RUONIA;D;20180402;000000;1829.503926;1829.503926;1829.503926;1829.503926;0;0
DEPOSIT_RUONIA;D;20180403;000000;1830.017204;1830.017204;1830.017204;1830.017204;0;0
DEPOSIT_RUONIA;D;20180404;000000;1830.524090;1830.524090;1830.524090;1830.524090;0;0
DEPOSIT_RUONIA;D;20180405;000000;1831.028210;1831.028210;1831.028210;1831.028210;0;0
DEPOSIT_RUONIA;D;20180406;000000;1831.537556;1831.537556;1831.537556;1831.537556;0;0
DEPOSIT_RUONIA;D;20180409;000000;1832.050677;1832.050677;1832.050677;1832.050677;0;0
DEPOSIT_RUONIA;D;20180410;000000;1832.564669;1832.564669;1832.564669;1832.564669;0;0
DEPOSIT_RUONIA;D;20180411;000000;1833.091168;1833.091168;1833.091168;1833.091168;0;0
DEPOSIT_RUONIA;D;20180412;000000;1833.600360;1833.600360;1833.600360;1833.600360;0;0
DEPOSIT_RUONIA;D;20180413;000000;1834.108965;1834.108965;1834.108965;1834.108965;0;0
DEPOSIT_RUONIA;D;20180416;000000;1834.617712;1834.617712;1834.617712;1834.617712;0;0
DEPOSIT_RUONIA;D;20180417;000000;1835.128056;1835.128056;1835.128056;1835.128056;0;0
DEPOSIT_RUONIA;D;20180418;000000;1835.638542;1835.638542;1835.638542;1835.638542;0;0
DEPOSIT_RUONIA;D;20180419;000000;1836.155726;1836.155726;1836.155726;1836.155726;0;0
DEPOSIT_RUONIA;D;20180420;000000;1836.667227;1836.667227;1836.667227;1836.667227;0;0
DEPOSIT_RUONIA;D;20180423;000000;1837.179599;1837.179599;1837.179599;1837.179599;0;0
DEPOSIT_RUONIA;D;20180424;000000;1837.675345;1837.675345;1837.675345;1837.675345;0;0
DEPOSIT_RUONIA;D;20180425;000000;1838.171226;1838.171226;1838.171226;1838.171226;0;0
DEPOSIT_RUONIA;D;20180426;000000;1838.675264;1838.675264;1838.675264;1838.675264;0;0
DEPOSIT_RUONIA;D;20180427;000000;1839.189656;1839.189656;1839.189656;1839.189656;0;0
DEPOSIT_RUONIA;D;20180428;000000;1839.700542;1839.700542;1839.700542;1839.700542;0;0
DEPOSIT_RUONIA;D;20180430;000000;1840.216680;1840.216680;1840.216680;1840.216680;0;0
DEPOSIT_RUONIA;D;20180502;000000;1840.732963;1840.732963;1840.732963;1840.732963;0;0
DEPOSIT_RUONIA;D;20180503;000000;1841.249391;1841.249391;1841.249391;1841.249391;0;0
DEPOSIT_RUONIA;D;20180504;000000;1841.760849;1841.760849;1841.760849;1841.760849;0;0
DEPOSIT_RUONIA;D;20180507;000000;1842.260755;1842.260755;1842.260755;1842.260755;0;0
DEPOSIT_RUONIA;D;20180508;000000;1842.750563;1842.750563;1842.750563;1842.750563;0;0
DEPOSIT_RUONIA;D;20180510;000000;1843.223682;1843.223682;1843.223682;1843.223682;0;0
DEPOSIT_RUONIA;D;20180511;000000;1843.720328;1843.720328;1843.720328;1843.720328;0;0
DEPOSIT_RUONIA;D;20180514;000000;1844.215645;1844.215645;1844.215645;1844.215645;0;0
DEPOSIT_RUONIA;D;20180515;000000;1844.718413;1844.718413;1844.718413;1844.718413;0;0
DEPOSIT_RUONIA;D;20180516;000000;1845.229371;1845.229371;1845.229371;1845.229371;0;0
DEPOSIT_RUONIA;D;20180517;000000;1845.744864;1845.744864;1845.744864;1845.744864;0;0
DEPOSIT_RUONIA;D;20180518;000000;1846.264895;1846.264895;1846.264895;1846.264895;0;0
DEPOSIT_RUONIA;D;20180521;000000;1846.788736;1846.788736;1846.788736;1846.788736;0;0
DEPOSIT_RUONIA;D;20180522;000000;1847.305397;1847.305397;1847.305397;1847.305397;0;0
DEPOSIT_RUONIA;D;20180523;000000;1847.822203;1847.822203;1847.822203;1847.822203;0;0
DEPOSIT_RUONIA;D;20180524;000000;1848.334020;1848.334020;1848.334020;1848.334020;0;0
DEPOSIT_RUONIA;D;20180525;000000;1848.835711;1848.835711;1848.835711;1848.835711;0;0
DEPOSIT_RUONIA;D;20180528;000000;1849.347809;1849.347809;1849.347809;1849.347809;0;0
DEPOSIT_RUONIA;D;20180529;000000;1849.866654;1849.866654;1849.866654;1849.866654;0;0
DEPOSIT_RUONIA;D;20180530;000000;1850.386378;1850.386378;1850.386378;1850.386378;0;0
DEPOSIT_RUONIA;D;20180531;000000;1850.909186;1850.909186;1850.909186;1850.909186;0;0
DEPOSIT_RUONIA;D;20180601;000000;1851.430672;1851.430672;1851.430672;1851.430672;0;0
DEPOSIT_RUONIA;D;20180604;000000;1851.942020;1851.942020;1851.942020;1851.942020;0;0
DEPOSIT_RUONIA;D;20180605;000000;1852.435136;1852.435136;1852.435136;1852.435136;0;0
DEPOSIT_RUONIA;D;20180606;000000;1852.931324;1852.931324;1852.931324;1852.931324;0;0
DEPOSIT_RUONIA;D;20180607;000000;1853.446027;1853.446027;1853.446027;1853.446027;0;0
DEPOSIT_RUONIA;D;20180608;000000;1853.960873;1853.960873;1853.960873;1853.960873;0;0
DEPOSIT_RUONIA;D;20180609;000000;1854.475862;1854.475862;1854.475862;1854.475862;0;0
DEPOSIT_RUONIA;D;20180611;000000;1854.973333;1854.973333;1854.973333;1854.973333;0;0
DEPOSIT_RUONIA;D;20180613;000000;1855.470937;1855.470937;1855.470937;1855.470937;0;0
DEPOSIT_RUONIA;D;20180614;000000;1855.985609;1855.985609;1855.985609;1855.985609;0;0
DEPOSIT_RUONIA;D;20180615;000000;1856.501161;1856.501161;1856.501161;1856.501161;0;0
DEPOSIT_RUONIA;D;20180618;000000;1857.015382;1857.015382;1857.015382;1857.015382;0;0
DEPOSIT_RUONIA;D;20180619;000000;1857.531957;1857.531957;1857.531957;1857.531957;0;0
DEPOSIT_RUONIA;D;20180620;000000;1858.047938;1858.047938;1858.047938;1858.047938;0;0
DEPOSIT_RUONIA;D;20180621;000000;1858.563325;1858.563325;1858.563325;1858.563325;0;0
DEPOSIT_RUONIA;D;20180622;000000;1859.076642;1859.076642;1859.076642;1859.076642;0;0
DEPOSIT_RUONIA;D;20180625;000000;1859.590102;1859.590102;1859.590102;1859.590102;0;0
DEPOSIT_RUONIA;D;20180626;000000;1860.114772;1860.114772;1860.114772;1860.114772;0;0
DEPOSIT_RUONIA;D;20180627;000000;1860.651400;1860.651400;1860.651400;1860.651400;0;0
DEPOSIT_RUONIA;D;20180628;000000;1861.183753;1861.183753;1861.183753;1861.183753;0;0
DEPOSIT_RUONIA;D;20180629;000000;1861.710350;1861.710350;1861.710350;1861.710350;0;0
DEPOSIT_RUONIA;D;20180702;000000;1862.239312;1862.239312;1862.239312;1862.239312;0;0
DEPOSIT_RUONIA;D;20180703;000000;1862.757340;1862.757340;1862.757340;1862.757340;0;0
DEPOSIT_RUONIA;D;20180704;000000;1863.254075;1863.254075;1863.254075;1863.254075;0;0
DEPOSIT_RUONIA;D;20180705;000000;1863.773124;1863.773124;1863.773124;1863.773124;0;0
DEPOSIT_RUONIA;D;20180706;000000;1864.290839;1864.290839;1864.290839;1864.290839;0;0
DEPOSIT_RUONIA;D;20180709;000000;1864.788723;1864.788723;1864.788723;1864.788723;0;0
DEPOSIT_RUONIA;D;20180710;000000;1865.280080;1865.280080;1865.280080;1865.280080;0;0
DEPOSIT_RUONIA;D;20180711;000000;1865.800434;1865.800434;1865.800434;1865.800434;0;0
DEPOSIT_RUONIA;D;20180712;000000;1866.323154;1866.323154;1866.323154;1866.323154;0;0
DEPOSIT_RUONIA;D;20180713;000000;1866.848243;1866.848243;1866.848243;1866.848243;0;0
DEPOSIT_RUONIA;D;20180716;000000;1867.376442;1867.376442;1867.376442;1867.376442;0;0
DEPOSIT_RUONIA;D;20180717;000000;1867.905532;1867.905532;1867.905532;1867.905532;0;0
DEPOSIT_RUONIA;D;20180718;000000;1868.438478;1868.438478;1868.438478;1868.438478;0;0
DEPOSIT_RUONIA;D;20180719;000000;1868.961196;1868.961196;1868.961196;1868.961196;0;0
DEPOSIT_RUONIA;D;20180720;000000;1869.487027;1869.487027;1869.487027;1869.487027;0;0
DEPOSIT_RUONIA;D;20180723;000000;1870.007071;1870.007071;1870.007071;1870.007071;0;0
DEPOSIT_RUONIA;D;20180724;000000;1870.508708;1870.508708;1870.508708;1870.508708;0;0
DEPOSIT_RUONIA;D;20180725;000000;1871.013448;1871.013448;1871.013448;1871.013448;0;0
DEPOSIT_RUONIA;D;20180726;000000;1871.533174;1871.533174;1871.533174;1871.533174;0;0
DEPOSIT_RUONIA;D;20180727;000000;1872.067155;1872.067155;1872.067155;1872.067155;0;0
DEPOSIT_RUONIA;D;20180730;000000;1872.639919;1872.639919;1872.639919;1872.639919;0;0
DEPOSIT_RUONIA;D;20180731;000000;1873.213600;1873.213600;1873.213600;1873.213600;0;0
DEPOSIT_RUONIA;D;20180801;000000;1873.788945;1873.788945;1873.788945;1873.788945;0;0
DEPOSIT_RUONIA;D;20180802;000000;1874.312416;1874.312416;1874.312416;1874.312416;0;0
DEPOSIT_RUONIA;D;20180803;000000;1874.830827;1874.830827;1874.830827;1874.830827;0;0
DEPOSIT_RUONIA;D;20180806;000000;1875.342685;1875.342685;1875.342685;1875.342685;0;0
DEPOSIT_RUONIA;D;20180807;000000;1875.853195;1875.853195;1875.853195;1875.853195;0;0
DEPOSIT_RUONIA;D;20180808;000000;1876.363100;1876.363100;1876.363100;1876.363100;0;0
DEPOSIT_RUONIA;D;20180809;000000;1876.885801;1876.885801;1876.885801;1876.885801;0;0
DEPOSIT_RUONIA;D;20180810;000000;1877.414606;1877.414606;1877.414606;1877.414606;0;0
DEPOSIT_RUONIA;D;20180813;000000;1877.947285;1877.947285;1877.947285;1877.947285;0;0
DEPOSIT_RUONIA;D;20180814;000000;1878.479370;1878.479370;1878.479370;1878.479370;0;0
DEPOSIT_RUONIA;D;20180815;000000;1879.014588;1879.014588;1879.014588;1879.014588;0;0
DEPOSIT_RUONIA;D;20180816;000000;1879.543247;1879.543247;1879.543247;1879.543247;0;0
DEPOSIT_RUONIA;D;20180817;000000;1880.071309;1880.071309;1880.071309;1880.071309;0;0
DEPOSIT_RUONIA;D;20180820;000000;1880.589821;1880.589821;1880.589821;1880.589821;0;0
DEPOSIT_RUONIA;D;20180821;000000;1881.109968;1881.109968;1881.109968;1881.109968;0;0
DEPOSIT_RUONIA;D;20180822;000000;1881.625781;1881.625781;1881.625781;1881.625781;0;0
DEPOSIT_RUONIA;D;20180823;000000;1882.145468;1882.145468;1882.145468;1882.145468;0;0
DEPOSIT_RUONIA;D;20180824;000000;1882.648120;1882.648120;1882.648120;1882.648120;0;0
DEPOSIT_RUONIA;D;20180827;000000;1883.168837;1883.168837;1883.168837;1883.168837;0;0
DEPOSIT_RUONIA;D;20180828;000000;1883.708379;1883.708379;1883.708379;1883.708379;0;0
DEPOSIT_RUONIA;D;20180829;000000;1884.251067;1884.251067;1884.251067;1884.251067;0;0
DEPOSIT_RUONIA;D;20180830;000000;1884.787929;1884.787929;1884.787929;1884.787929;0;0
DEPOSIT_RUONIA;D;20180831;000000;1885.321952;1885.321952;1885.321952;1885.321952;0;0
DEPOSIT_RUONIA;D;20180903;000000;1885.856127;1885.856127;1885.856127;1885.856127;0;0
DEPOSIT_RUONIA;D;20180904;000000;1886.391201;1886.391201;1886.391201;1886.391201;0;0
DEPOSIT_RUONIA;D;20180905;000000;1886.927924;1886.927924;1886.927924;1886.927924;0;0
DEPOSIT_RUONIA;D;20180906;000000;1887.452071;1887.452071;1887.452071;1887.452071;0;0
DEPOSIT_RUONIA;D;20180907;000000;1887.966626;1887.966626;1887.966626;1887.966626;0;0
DEPOSIT_RUONIA;D;20180910;000000;1888.488814;1888.488814;1888.488814;1888.488814;0;0
DEPOSIT_RUONIA;D;20180911;000000;1889.011895;1889.011895;1889.011895;1889.011895;0;0
DEPOSIT_RUONIA;D;20180912;000000;1889.537370;1889.537370;1889.537370;1889.537370;0;0
DEPOSIT_RUONIA;D;20180913;000000;1890.047995;1890.047995;1890.047995;1890.047995;0;0
DEPOSIT_RUONIA;D;20180914;000000;1890.573009;1890.573009;1890.573009;1890.573009;0;0
DEPOSIT_RUONIA;D;20180917;000000;1891.099668;1891.099668;1891.099668;1891.099668;0;0
DEPOSIT_RUONIA;D;20180918;000000;1891.642984;1891.642984;1891.642984;1891.642984;0;0
DEPOSIT_RUONIA;D;20180919;000000;1892.186456;1892.186456;1892.186456;1892.186456;0;0
DEPOSIT_RUONIA;D;20180920;000000;1892.712814;1892.712814;1892.712814;1892.712814;0;0
DEPOSIT_RUONIA;D;20180921;000000;1893.260349;1893.260349;1893.260349;1893.260349;0;0
DEPOSIT_RUONIA;D;20180924;000000;1893.803535;1893.803535;1893.803535;1893.803535;0;0
DEPOSIT_RUONIA;D;20180925;000000;1894.346124;1894.346124;1894.346124;1894.346124;0;0
DEPOSIT_RUONIA;D;20180926;000000;1894.907663;1894.907663;1894.907663;1894.907663;0;0
DEPOSIT_RUONIA;D;20180927;000000;1895.452073;1895.452073;1895.452073;1895.452073;0;0
DEPOSIT_RUONIA;D;20180928;000000;1895.995887;1895.995887;1895.995887;1895.995887;0;0
DEPOSIT_RUONIA;D;20181001;000000;1896.552648;1896.552648;1896.552648;1896.552648;0;0
DEPOSIT_RUONIA;D;20181002;000000;1897.099788;1897.099788;1897.099788;1897.099788;0;0
DEPOSIT_RUONIA;D;20181003;000000;1897.645581;1897.645581;1897.645581;1897.645581;0;0
DEPOSIT_RUONIA;D;20181004;000000;1898.199814;1898.199814;1898.199814;1898.199814;0;0
DEPOSIT_RUONIA;D;20181005;000000;1898.758728;1898.758728;1898.758728;1898.758728;0;0
DEPOSIT_RUONIA;D;20181008;000000;1899.326095;1899.326095;1899.326095;1899.326095;0;0
DEPOSIT_RUONIA;D;20181009;000000;1899.880819;1899.880819;1899.880819;1899.880819;0;0
DEPOSIT_RUONIA;D;20181010;000000;1900.413087;1900.413087;1900.413087;1900.413087;0;0
DEPOSIT_RUONIA;D;20181011;000000;1900.953046;1900.953046;1900.953046;1900.953046;0;0
DEPOSIT_RUONIA;D;20181012;000000;1901.505227;1901.505227;1901.505227;1901.505227;0;0
DEPOSIT_RUONIA;D;20181015;000000;1902.058324;1902.058324;1902.058324;1902.058324;0;0
DEPOSIT_RUONIA;D;20181016;000000;1902.613091;1902.613091;1902.613091;1902.613091;0;0
DEPOSIT_RUONIA;D;20181017;000000;1903.161980;1903.161980;1903.161980;1903.161980;0;0
DEPOSIT_RUONIA;D;20181018;000000;1903.712537;1903.712537;1903.712537;1903.712537;0;0
DEPOSIT_RUONIA;D;20181019;000000;1904.272319;1904.272319;1904.272319;1904.272319;0;0
DEPOSIT_RUONIA;D;20181022;000000;1904.828488;1904.828488;1904.828488;1904.828488;0;0
DEPOSIT_RUONIA;D;20181023;000000;1905.369701;1905.369701;1905.369701;1905.369701;0;0
DEPOSIT_RUONIA;D;20181024;000000;1905.906531;1905.906531;1905.906531;1905.906531;0;0
DEPOSIT_RUONIA;D;20181025;000000;1906.439731;1906.439731;1906.439731;1906.439731;0;0
DEPOSIT_RUONIA;D;20181026;000000;1906.993507;1906.993507;1906.993507;1906.993507;0;0
DEPOSIT_RUONIA;D;20181029;000000;1907.542146;1907.542146;1907.542146;1907.542146;0;0
DEPOSIT_RUONIA;D;20181030;000000;1908.087158;1908.087158;1908.087158;1908.087158;0;0
DEPOSIT_RUONIA;D;20181031;000000;1908.626268;1908.626268;1908.626268;1908.626268;0;0
DEPOSIT_RUONIA;D;20181101;000000;1909.160986;1909.160986;1909.160986;1909.160986;0;0
DEPOSIT_RUONIA;D;20181102;000000;1909.680703;1909.680703;1909.680703;1909.680703;0;0
DEPOSIT_RUONIA;D;20181106;000000;1910.232388;1910.232388;1910.232388;1910.232388;0;0
DEPOSIT_RUONIA;D;20181107;000000;1910.800910;1910.800910;1910.800910;1910.800910;0;0
DEPOSIT_RUONIA;D;20181108;000000;1911.358227;1911.358227;1911.358227;1911.358227;0;0
DEPOSIT_RUONIA;D;20181109;000000;1911.914948;1911.914948;1911.914948;1911.914948;0;0
DEPOSIT_RUONIA;D;20181112;000000;1912.474107;1912.474107;1912.474107;1912.474107;0;0
DEPOSIT_RUONIA;D;20181113;000000;1913.037983;1913.037983;1913.037983;1913.037983;0;0
DEPOSIT_RUONIA;D;20181114;000000;1913.598989;1913.598989;1913.598989;1913.598989;0;0
DEPOSIT_RUONIA;D;20181115;000000;1914.141935;1914.141935;1914.141935;1914.141935;0;0
DEPOSIT_RUONIA;D;20181116;000000;1914.674400;1914.674400;1914.674400;1914.674400;0;0
DEPOSIT_RUONIA;D;20181119;000000;1915.200176;1915.200176;1915.200176;1915.200176;0;0
DEPOSIT_RUONIA;D;20181120;000000;1915.732936;1915.732936;1915.732936;1915.732936;0;0
DEPOSIT_RUONIA;D;20181121;000000;1916.269646;1916.269646;1916.269646;1916.269646;0;0
DEPOSIT_RUONIA;D;20181122;000000;1916.811068;1916.811068;1916.811068;1916.811068;0;0
DEPOSIT_RUONIA;D;20181123;000000;1917.336670;1917.336670;1917.336670;1917.336670;0;0
DEPOSIT_RUONIA;D;20181126;000000;1917.874589;1917.874589;1917.874589;1917.874589;0;0
DEPOSIT_RUONIA;D;20181127;000000;1918.440058;1918.440058;1918.440058;1918.440058;0;0
DEPOSIT_RUONIA;D;20181128;000000;1919.016351;1919.016351;1919.016351;1919.016351;0;0
DEPOSIT_RUONIA;D;20181129;000000;1919.584441;1919.584441;1919.584441;1919.584441;0;0
DEPOSIT_RUONIA;D;20181130;000000;1920.139749;1920.139749;1920.139749;1920.139749;0;0
DEPOSIT_RUONIA;D;20181203;000000;1920.711219;1920.711219;1920.711219;1920.711219;0;0
DEPOSIT_RUONIA;D;20181204;000000;1921.266091;1921.266091;1921.266091;1921.266091;0;0
DEPOSIT_RUONIA;D;20181205;000000;1921.831035;1921.831035;1921.831035;1921.831035;0;0
DEPOSIT_RUONIA;D;20181206;000000;1922.396145;1922.396145;1922.396145;1922.396145;0;0
DEPOSIT_RUONIA;D;20181207;000000;1922.961421;1922.961421;1922.961421;1922.961421;0;0
DEPOSIT_RUONIA;D;20181210;000000;1923.524574;1923.524574;1923.524574;1923.524574;0;0
DEPOSIT_RUONIA;D;20181211;000000;1924.090945;1924.090945;1924.090945;1924.090945;0;0
DEPOSIT_RUONIA;D;20181212;000000;1924.658246;1924.658246;1924.658246;1924.658246;0;0
DEPOSIT_RUONIA;D;20181213;000000;1925.223424;1925.223424;1925.223424;1925.223424;0;0
DEPOSIT_RUONIA;D;20181214;000000;1925.787239;1925.787239;1925.787239;1925.787239;0;0
DEPOSIT_RUONIA;D;20181217;000000;1926.360390;1926.360390;1926.360390;1926.360390;0;0
DEPOSIT_RUONIA;D;20181218;000000;1926.939063;1926.939063;1926.939063;1926.939063;0;0
DEPOSIT_RUONIA;D;20181219;000000;1927.525556;1927.525556;1927.525556;1927.525556;0;0
DEPOSIT_RUONIA;D;20181220;000000;1928.112992;1928.112992;1928.112992;1928.112992;0;0
DEPOSIT_RUONIA;D;20181221;000000;1928.699077;1928.699077;1928.699077;1928.699077;0;0
DEPOSIT_RUONIA;D;20181224;000000;1929.285340;1929.285340;1929.285340;1929.285340;0;0
DEPOSIT_RUONIA;D;20181225;000000;1929.868720;1929.868720;1929.868720;1929.868720;0;0
DEPOSIT_RUONIA;D;20181226;000000;1930.452275;1930.452275;1930.452275;1930.452275;0;0
DEPOSIT_RUONIA;D;20181227;000000;1931.021452;1931.021452;1931.021452;1931.021452;0;0
DEPOSIT_RUONIA;D;20181228;000000;1931.599992;1931.599992;1931.599992;1931.599992;0;0
DEPOSIT_RUONIA;D;20181229;000000;1932.141913;1932.141913;1932.141913;1932.141913;0;0
DEPOSIT_RUONIA;D;20190103;000000;1932.683987;1932.683987;1932.683987;1932.683987;0;0
DEPOSIT_RUONIA;D;20190104;000000;1933.226212;1933.226212;1933.226212;1933.226212;0;0
DEPOSIT_RUONIA;D;20190108;000000;1933.768589;1933.768589;1933.768589;1933.768589;0;0
DEPOSIT_RUONIA;D;20190109;000000;1934.311119;1934.311119;1934.311119;1934.311119;0;0
DEPOSIT_RUONIA;D;20190110;000000;1934.893715;1934.893715;1934.893715;1934.893715;0;0
DEPOSIT_RUONIA;D;20190111;000000;1935.471879;1935.471879;1935.471879;1935.471879;0;0
DEPOSIT_RUONIA;D;20190114;000000;1936.050217;1936.050217;1936.050217;1936.050217;0;0
DEPOSIT_RUONIA;D;20190115;000000;1936.628727;1936.628727;1936.628727;1936.628727;0;0
DEPOSIT_RUONIA;D;20190116;000000;1937.207410;1937.207410;1937.207410;1937.207410;0;0
DEPOSIT_RUONIA;D;20190117;000000;1937.788572;1937.788572;1937.788572;1937.788572;0;0
DEPOSIT_RUONIA;D;20190118;000000;1938.371447;1938.371447;1938.371447;1938.371447;0;0
DEPOSIT_RUONIA;D;20190121;000000;1938.958343;1938.958343;1938.958343;1938.958343;0;0
DEPOSIT_RUONIA;D;20190122;000000;1939.544647;1939.544647;1939.544647;1939.544647;0;0
DEPOSIT_RUONIA;D;20190123;000000;1940.134207;1940.134207;1940.134207;1940.134207;0;0
DEPOSIT_RUONIA;D;20190124;000000;1940.716247;1940.716247;1940.716247;1940.716247;0;0
DEPOSIT_RUONIA;D;20190125;000000;1941.297692;1941.297692;1941.297692;1941.297692;0;0
DEPOSIT_RUONIA;D;20190128;000000;1941.891636;1941.891636;1941.891636;1941.891636;0;0
DEPOSIT_RUONIA;D;20190129;000000;1942.489616;1942.489616;1942.489616;1942.489616;0;0
DEPOSIT_RUONIA;D;20190130;000000;1943.089321;1943.089321;1943.089321;1943.089321;0;0
DEPOSIT_RUONIA;D;20190131;000000;1943.684585;1943.684585;1943.684585;1943.684585;0;0
DEPOSIT_RUONIA;D;20190201;000000;1944.272318;1944.272318;1944.272318;1944.272318;0;0
DEPOSIT_RUONIA;D;20190204;000000;1944.858686;1944.858686;1944.858686;1944.858686;0;0
DEPOSIT_RUONIA;D;20190205;000000;1945.437513;1945.437513;1945.437513;1945.437513;0;0
DEPOSIT_RUONIA;D;20190206;000000;1946.018828;1946.018828;1946.018828;1946.018828;0;0
DEPOSIT_RUONIA;D;20190207;000000;1946.604178;1946.604178;1946.604178;1946.604178;0;0
DEPOSIT_RUONIA;D;20190208;000000;1947.192022;1947.192022;1947.192022;1947.192022;0;0
DEPOSIT_RUONIA;D;20190211;000000;1947.779270;1947.779270;1947.779270;1947.779270;0;0
DEPOSIT_RUONIA;D;20190212;000000;1948.367469;1948.367469;1948.367469;1948.367469;0;0
DEPOSIT_RUONIA;D;20190213;000000;1948.945793;1948.945793;1948.945793;1948.945793;0;0
DEPOSIT_RUONIA;D;20190214;000000;1949.528157;1949.528157;1949.528157;1949.528157;0;0
DEPOSIT_RUONIA;D;20190215;000000;1950.095996;1950.095996;1950.095996;1950.095996;0;0
DEPOSIT_RUONIA;D;20190218;000000;1950.679477;1950.679477;1950.679477;1950.679477;0;0
DEPOSIT_RUONIA;D;20190219;000000;1951.264681;1951.264681;1951.264681;1951.264681;0;0
DEPOSIT_RUONIA;D;20190220;000000;1951.854706;1951.854706;1951.854706;1951.854706;0;0
DEPOSIT_RUONIA;D;20190221;000000;1952.438713;1952.438713;1952.438713;1952.438713;0;0
DEPOSIT_RUONIA;D;20190222;000000;1953.010499;1953.010499;1953.010499;1953.010499;0;0
DEPOSIT_RUONIA;D;20190225;000000;1953.568502;1953.568502;1953.568502;1953.568502;0;0
DEPOSIT_RUONIA;D;20190226;000000;1954.149921;1954.149921;1954.149921;1954.149921;0;0
DEPOSIT_RUONIA;D;20190227;000000;1954.730738;1954.730738;1954.730738;1954.730738;0;0
DEPOSIT_RUONIA;D;20190228;000000;1955.323363;1955.323363;1955.323363;1955.323363;0;0
DEPOSIT_RUONIA;D;20190301;000000;1955.908408;1955.908408;1955.908408;1955.908408;0;0
DEPOSIT_RUONIA;D;20190304;000000;1956.491300;1956.491300;1956.491300;1956.491300;0;0
DEPOSIT_RUONIA;D;20190305;000000;1957.080576;1957.080576;1957.080576;1957.080576;0;0
DEPOSIT_RUONIA;D;20190306;000000;1957.680126;1957.680126;1957.680126;1957.680126;0;0
DEPOSIT_RUONIA;D;20190307;000000;1958.280637;1958.280637;1958.280637;1958.280637;0;0
DEPOSIT_RUONIA;D;20190311;000000;1958.885217;1958.885217;1958.885217;1958.885217;0;0
DEPOSIT_RUONIA;D;20190312;000000;1959.482988;1959.482988;1959.482988;1959.482988;0;0
DEPOSIT_RUONIA;D;20190313;000000;1960.069278;1960.069278;1960.069278;1960.069278;0;0
DEPOSIT_RUONIA;D;20190314;000000;1960.654965;1960.654965;1960.654965;1960.654965;0;0
DEPOSIT_RUONIA;D;20190315;000000;1961.236937;1961.236937;1961.236937;1961.236937;0;0
DEPOSIT_RUONIA;D;20190318;000000;1961.820639;1961.820639;1961.820639;1961.820639;0;0
DEPOSIT_RUONIA;D;20190319;000000;1962.400622;1962.400622;1962.400622;1962.400622;0;0
DEPOSIT_RUONIA;D;20190320;000000;1962.981554;1962.981554;1962.981554;1962.981554;0;0
DEPOSIT_RUONIA;D;20190321;000000;1963.559543;1963.559543;1963.559543;1963.559543;0;0
DEPOSIT_RUONIA;D;20190322;000000;1964.139261;1964.139261;1964.139261;1964.139261;0;0
DEPOSIT_RUONIA;D;20190325;000000;1964.719929;1964.719929;1964.719929;1964.719929;0;0
DEPOSIT_RUONIA;D;20190326;000000;1965.328836;1965.328836;1965.328836;1965.328836;0;0
DEPOSIT_RUONIA;D;20190327;000000;1965.934033;1965.934033;1965.934033;1965.934033;0;0
DEPOSIT_RUONIA;D;20190328;000000;1966.529274;1966.529274;1966.529274;1966.529274;0;0
DEPOSIT_RUONIA;D;20190329;000000;1967.116111;1967.116111;1967.116111;1967.116111;0;0
DEPOSIT_RUONIA;D;20190401;000000;1967.725761;1967.725761;1967.725761;1967.725761;0;0
DEPOSIT_RUONIA;D;20190402;000000;1968.319983;1968.319983;1968.319983;1968.319983;0;0
DEPOSIT_RUONIA;D;20190403;000000;1968.914385;1968.914385;1968.914385;1968.914385;0;0
DEPOSIT_RUONIA;D;20190404;000000;1969.511309;1969.511309;1969.511309;1969.511309;0;0
DEPOSIT_RUONIA;D;20190405;000000;1970.114668;1970.114668;1970.114668;1970.114668;0;0
DEPOSIT_RUONIA;D;20190408;000000;1970.726029;1970.726029;1970.726029;1970.726029;0;0
DEPOSIT_RUONIA;D;20190409;000000;1971.323503;1971.323503;1971.323503;1971.323503;0;0
DEPOSIT_RUONIA;D;20190410;000000;1971.925852;1971.925852;1971.925852;1971.925852;0;0
DEPOSIT_RUONIA;D;20190411;000000;1972.523689;1972.523689;1972.523689;1972.523689;0;0
DEPOSIT_RUONIA;D;20190412;000000;1973.133450;1973.133450;1973.133450;1973.133450;0;0
DEPOSIT_RUONIA;D;20190415;000000;1973.751228;1973.751228;1973.751228;1973.751228;0;0
DEPOSIT_RUONIA;D;20190416;000000;1974.369200;1974.369200;1974.369200;1974.369200;0;0
DEPOSIT_RUONIA;D;20190417;000000;1974.994417;1974.994417;1974.994417;1974.994417;0;0
DEPOSIT_RUONIA;D;20190418;000000;1975.589267;1975.589267;1975.589267;1975.589267;0;0
DEPOSIT_RUONIA;D;20190419;000000;1976.184296;1976.184296;1976.184296;1976.184296;0;0
DEPOSIT_RUONIA;D;20190422;000000;1976.781072;1976.781072;1976.781072;1976.781072;0;0
DEPOSIT_RUONIA;D;20190423;000000;1977.365477;1977.365477;1977.365477;1977.365477;0;0
DEPOSIT_RUONIA;D;20190424;000000;1977.942994;1977.942994;1977.942994;1977.942994;0;0
DEPOSIT_RUONIA;D;20190425;000000;1978.517539;1978.517539;1978.517539;1978.517539;0;0
DEPOSIT_RUONIA;D;20190426;000000;1979.105598;1979.105598;1979.105598;1979.105598;0;0
DEPOSIT_RUONIA;D;20190429;000000;1979.699330;1979.699330;1979.699330;1979.699330;0;0
DEPOSIT_RUONIA;D;20190430;000000;1980.324664;1980.324664;1980.324664;1980.324664;0;0
DEPOSIT_RUONIA;D;20190502;000000;1980.950195;1980.950195;1980.950195;1980.950195;0;0
DEPOSIT_RUONIA;D;20190503;000000;1981.575923;1981.575923;1981.575923;1981.575923;0;0
DEPOSIT_RUONIA;D;20190506;000000;1982.201850;1982.201850;1982.201850;1982.201850;0;0
DEPOSIT_RUONIA;D;20190507;000000;1982.781565;1982.781565;1982.781565;1982.781565;0;0
DEPOSIT_RUONIA;D;20190508;000000;1983.371679;1983.371679;1983.371679;1983.371679;0;0
DEPOSIT_RUONIA;D;20190510;000000;1983.969051;1983.969051;1983.969051;1983.969051;0;0
DEPOSIT_RUONIA;D;20190513;000000;1984.566604;1984.566604;1984.566604;1984.566604;0;0
DEPOSIT_RUONIA;D;20190514;000000;1985.177725;1985.177725;1985.177725;1985.177725;0;0
DEPOSIT_RUONIA;D;20190515;000000;1985.777217;1985.777217;1985.777217;1985.777217;0;0
DEPOSIT_RUONIA;D;20190516;000000;1986.380042;1986.380042;1986.380042;1986.380042;0;0
DEPOSIT_RUONIA;D;20190517;000000;1986.981474;1986.981474;1986.981474;1986.981474;0;0
DEPOSIT_RUONIA;D;20190520;000000;1987.587030;1987.587030;1987.587030;1987.587030;0;0
DEPOSIT_RUONIA;D;20190521;000000;1988.191982;1988.191982;1988.191982;1988.191982;0;0
DEPOSIT_RUONIA;D;20190522;000000;1988.793962;1988.793962;1988.793962;1988.793962;0;0
DEPOSIT_RUONIA;D;20190523;000000;1989.385865;1989.385865;1989.385865;1989.385865;0;0
DEPOSIT_RUONIA;D;20190524;000000;1989.976366;1989.976366;1989.976366;1989.976366;0;0
DEPOSIT_RUONIA;D;20190527;000000;1990.560724;1990.560724;1990.560724;1990.560724;0;0
DEPOSIT_RUONIA;D;20190528;000000;1991.161052;1991.161052;1991.161052;1991.161052;0;0
DEPOSIT_RUONIA;D;20190529;000000;1991.780524;1991.780524;1991.780524;1991.780524;0;0
DEPOSIT_RUONIA;D;20190530;000000;1992.397818;1992.397818;1992.397818;1992.397818;0;0
DEPOSIT_RUONIA;D;20190531;000000;1993.035069;1993.035069;1993.035069;1993.035069;0;0
DEPOSIT_RUONIA;D;20190603;000000;1993.659079;1993.659079;1993.659079;1993.659079;0;0
DEPOSIT_RUONIA;D;20190604;000000;1994.269043;1994.269043;1994.269043;1994.269043;0;0
DEPOSIT_RUONIA;D;20190605;000000;1994.867324;1994.867324;1994.867324;1994.867324;0;0
DEPOSIT_RUONIA;D;20190606;000000;1995.480825;1995.480825;1995.480825;1995.480825;0;0
DEPOSIT_RUONIA;D;20190607;000000;1996.092931;1996.092931;1996.092931;1996.092931;0;0
DEPOSIT_RUONIA;D;20190610;000000;1996.694135;1996.694135;1996.694135;1996.694135;0;0
DEPOSIT_RUONIA;D;20190611;000000;1997.291558;1997.291558;1997.291558;1997.291558;0;0
DEPOSIT_RUONIA;D;20190613;000000;1997.888368;1997.888368;1997.888368;1997.888368;0;0
DEPOSIT_RUONIA;D;20190614;000000;1998.482978;1998.482978;1998.482978;1998.482978;0;0
DEPOSIT_RUONIA;D;20190617;000000;1999.076971;1999.076971;1999.076971;1999.076971;0;0
DEPOSIT_RUONIA;D;20190618;000000;1999.664795;1999.664795;1999.664795;1999.664795;0;0
DEPOSIT_RUONIA;D;20190619;000000;2000.258346;2000.258346;2000.258346;2000.258346;0;0
DEPOSIT_RUONIA;D;20190620;000000;2000.852868;2000.852868;2000.852868;2000.852868;0;0
DEPOSIT_RUONIA;D;20190621;000000;2001.440420;2001.440420;2001.440420;2001.440420;0;0
DEPOSIT_RUONIA;D;20190624;000000;2002.028939;2002.028939;2002.028939;2002.028939;0;0
DEPOSIT_RUONIA;D;20190625;000000;2002.617630;2002.617630;2002.617630;2002.617630;0;0
DEPOSIT_RUONIA;D;20190626;000000;2003.214442;2003.214442;2003.214442;2003.214442;0;0
DEPOSIT_RUONIA;D;20190627;000000;2003.805073;2003.805073;2003.805073;2003.805073;0;0
DEPOSIT_RUONIA;D;20190628;000000;2004.401443;2004.401443;2004.401443;2004.401443;0;0
DEPOSIT_RUONIA;D;20190701;000000;2005.001968;2005.001968;2005.001968;2005.001968;0;0
DEPOSIT_RUONIA;D;20190702;000000;2005.589943;2005.589943;2005.589943;2005.589943;0;0
DEPOSIT_RUONIA;D;20190703;000000;2006.174111;2006.174111;2006.174111;2006.174111;0;0
DEPOSIT_RUONIA;D;20190704;000000;2006.753672;2006.753672;2006.753672;2006.753672;0;0
DEPOSIT_RUONIA;D;20190705;000000;2007.340568;2007.340568;2007.340568;2007.340568;0;0
DEPOSIT_RUONIA;D;20190708;000000;2007.909314;2007.909314;2007.909314;2007.909314;0;0
DEPOSIT_RUONIA;D;20190709;000000;2008.466270;2008.466270;2008.466270;2008.466270;0;0
DEPOSIT_RUONIA;D;20190710;000000;2009.040118;2009.040118;2009.040118;2009.040118;0;0
DEPOSIT_RUONIA;D;20190711;000000;2009.622899;2009.622899;2009.622899;2009.622899;0;0
DEPOSIT_RUONIA;D;20190712;000000;2010.201064;2010.201064;2010.201064;2010.201064;0;0
DEPOSIT_RUONIA;D;20190715;000000;2010.780194;2010.780194;2010.780194;2010.780194;0;0
DEPOSIT_RUONIA;D;20190716;000000;2011.359490;2011.359490;2011.359490;2011.359490;0;0
DEPOSIT_RUONIA;D;20190717;000000;2011.940549;2011.940549;2011.940549;2011.940549;0;0
DEPOSIT_RUONIA;D;20190718;000000;2012.521776;2012.521776;2012.521776;2012.521776;0;0
DEPOSIT_RUONIA;D;20190719;000000;2013.102373;2013.102373;2013.102373;2013.102373;0;0
DEPOSIT_RUONIA;D;20190722;000000;2013.683137;2013.683137;2013.683137;2013.683137;0;0
DEPOSIT_RUONIA;D;20190723;000000;2014.258475;2014.258475;2014.258475;2014.258475;0;0
DEPOSIT_RUONIA;D;20190724;000000;2014.836375;2014.836375;2014.836375;2014.836375;0;0
DEPOSIT_RUONIA;D;20190725;000000;2015.404847;2015.404847;2015.404847;2015.404847;0;0
DEPOSIT_RUONIA;D;20190726;000000;2015.983076;2015.983076;2015.983076;2015.983076;0;0
DEPOSIT_RUONIA;D;20190729;000000;2016.557472;2016.557472;2016.557472;2016.557472;0;0
DEPOSIT_RUONIA;D;20190730;000000;2017.129630;2017.129630;2017.129630;2017.129630;0;0
DEPOSIT_RUONIA;D;20190731;000000;2017.709955;2017.709955;2017.709955;2017.709955;0;0
DEPOSIT_RUONIA;D;20190801;000000;2018.294450;2018.294450;2018.294450;2018.294450;0;0
DEPOSIT_RUONIA;D;20190802;000000;2018.877513;2018.877513;2018.877513;2018.877513;0;0
DEPOSIT_RUONIA;D;20190805;000000;2019.452733;2019.452733;2019.452733;2019.452733;0;0
DEPOSIT_RUONIA;D;20190806;000000;2020.016897;2020.016897;2020.016897;2020.016897;0;0
DEPOSIT_RUONIA;D;20190807;000000;2020.581220;2020.581220;2020.581220;2020.581220;0;0
DEPOSIT_RUONIA;D;20190808;000000;2021.150510;2021.150510;2021.150510;2021.150510;0;0
DEPOSIT_RUONIA;D;20190809;000000;2021.718357;2021.718357;2021.718357;2021.718357;0;0
DEPOSIT_RUONIA;D;20190812;000000;2022.284759;2022.284759;2022.284759;2022.284759;0;0
DEPOSIT_RUONIA;D;20190813;000000;2022.849715;2022.849715;2022.849715;2022.849715;0;0
DEPOSIT_RUONIA;D;20190814;000000;2023.412421;2023.412421;2023.412421;2023.412421;0;0
DEPOSIT_RUONIA;D;20190815;000000;2023.976085;2023.976085;2023.976085;2023.976085;0;0
DEPOSIT_RUONIA;D;20190816;000000;2024.538301;2024.538301;2024.538301;2024.538301;0;0
DEPOSIT_RUONIA;D;20190819;000000;2025.104690;2025.104690;2025.104690;2025.104690;0;0
DEPOSIT_RUONIA;D;20190820;000000;2025.673648;2025.673648;2025.673648;2025.673648;0;0
DEPOSIT_RUONIA;D;20190821;000000;2026.240354;2026.240354;2026.240354;2026.240354;0;0
DEPOSIT_RUONIA;D;20190822;000000;2026.801590;2026.801590;2026.801590;2026.801590;0;0
DEPOSIT_RUONIA;D;20190823;000000;2027.362982;2027.362982;2027.362982;2027.362982;0;0
DEPOSIT_RUONIA;D;20190826;000000;2027.926139;2027.926139;2027.926139;2027.926139;0;0
DEPOSIT_RUONIA;D;20190827;000000;2028.522445;2028.522445;2028.522445;2028.522445;0;0
DEPOSIT_RUONIA;D;20190828;000000;2029.099608;2029.099608;2029.099608;2029.099608;0;0
DEPOSIT_RUONIA;D;20190829;000000;2029.672104;2029.672104;2029.672104;2029.672104;0;0
DEPOSIT_RUONIA;D;20190830;000000;2030.239124;2030.239124;2030.239124;2030.239124;0;0
DEPOSIT_RUONIA;D;20190902;000000;2030.813553;2030.813553;2030.813553;2030.813553;0;0
DEPOSIT_RUONIA;D;20190903;000000;2031.385726;2031.385726;2031.385726;2031.385726;0;0
DEPOSIT_RUONIA;D;20190904;000000;2031.960480;2031.960480;2031.960480;2031.960480;0;0
DEPOSIT_RUONIA;D;20190905;000000;2032.524107;2032.524107;2032.524107;2032.524107;0;0
DEPOSIT_RUONIA;D;20190906;000000;2033.074985;2033.074985;2033.074985;2033.074985;0;0
DEPOSIT_RUONIA;D;20190909;000000;2033.632467;2033.632467;2033.632467;2033.632467;0;0
DEPOSIT_RUONIA;D;20190910;000000;2034.177190;2034.177190;2034.177190;2034.177190;0;0
DEPOSIT_RUONIA;D;20190911;000000;2034.718830;2034.718830;2034.718830;2034.718830;0;0
DEPOSIT_RUONIA;D;20190912;000000;2035.266267;2035.266267;2035.266267;2035.266267;0;0
DEPOSIT_RUONIA;D;20190913;000000;2035.818696;2035.818696;2035.818696;2035.818696;0;0
DEPOSIT_RUONIA;D;20190916;000000;2036.363197;2036.363197;2036.363197;2036.363197;0;0
DEPOSIT_RUONIA;D;20190917;000000;2036.907035;2036.907035;2036.907035;2036.907035;0;0
DEPOSIT_RUONIA;D;20190918;000000;2037.455868;2037.455868;2037.455868;2037.455868;0;0
DEPOSIT_RUONIA;D;20190919;000000;2038.000807;2038.000807;2038.000807;2038.000807;0;0
DEPOSIT_RUONIA;D;20190920;000000;2038.557213;2038.557213;2038.557213;2038.557213;0;0
DEPOSIT_RUONIA;D;20190923;000000;2039.098402;2039.098402;2039.098402;2039.098402;0;0
DEPOSIT_RUONIA;D;20190924;000000;2039.639734;2039.639734;2039.639734;2039.639734;0;0
DEPOSIT_RUONIA;D;20190925;000000;2040.176353;2040.176353;2040.176353;2040.176353;0;0
DEPOSIT_RUONIA;D;20190926;000000;2040.740640;2040.740640;2040.740640;2040.740640;0;0
DEPOSIT_RUONIA;D;20190927;000000;2041.290506;2041.290506;2041.290506;2041.290506;0;0
DEPOSIT_RUONIA;D;20190930;000000;2041.841331;2041.841331;2041.841331;2041.841331;0;0
DEPOSIT_RUONIA;D;20191001;000000;2042.399596;2042.399596;2042.399596;2042.399596;0;0
DEPOSIT_RUONIA;D;20191002;000000;2042.954772;2042.954772;2042.954772;2042.954772;0;0
DEPOSIT_RUONIA;D;20191003;000000;2043.506857;2043.506857;2043.506857;2043.506857;0;0
DEPOSIT_RUONIA;D;20191004;000000;2044.057468;2044.057468;2044.057468;2044.057468;0;0
DEPOSIT_RUONIA;D;20191007;000000;2044.610661;2044.610661;2044.610661;2044.610661;0;0
DEPOSIT_RUONIA;D;20191008;000000;2045.191590;2045.191590;2045.191590;2045.191590;0;0
DEPOSIT_RUONIA;D;20191009;000000;2045.745091;2045.745091;2045.745091;2045.745091;0;0
DEPOSIT_RUONIA;D;20191010;000000;2046.301988;2046.301988;2046.301988;2046.301988;0;0
DEPOSIT_RUONIA;D;20191011;000000;2046.852541;2046.852541;2046.852541;2046.852541;0;0
DEPOSIT_RUONIA;D;20191014;000000;2047.404866;2047.404866;2047.404866;2047.404866;0;0
DEPOSIT_RUONIA;D;20191015;000000;2047.953278;2047.953278;2047.953278;2047.953278;0;0
DEPOSIT_RUONIA;D;20191016;000000;2048.508338;2048.508338;2048.508338;2048.508338;0;0
DEPOSIT_RUONIA;D;20191017;000000;2049.061923;2049.061923;2049.061923;2049.061923;0;0
DEPOSIT_RUONIA;D;20191018;000000;2049.614032;2049.614032;2049.614032;2049.614032;0;0
DEPOSIT_RUONIA;D;20191021;000000;2050.164662;2050.164662;2050.164662;2050.164662;0;0
DEPOSIT_RUONIA;D;20191022;000000;2050.715441;2050.715441;2050.715441;2050.715441;0;0
DEPOSIT_RUONIA;D;20191023;000000;2051.253346;2051.253346;2051.253346;2051.253346;0;0
DEPOSIT_RUONIA;D;20191024;000000;2051.792207;2051.792207;2051.792207;2051.792207;0;0
DEPOSIT_RUONIA;D;20191025;000000;2052.332024;2052.332024;2052.332024;2052.332024;0;0
DEPOSIT_RUONIA;D;20191028;000000;2052.881756;2052.881756;2052.881756;2052.881756;0;0
DEPOSIT_RUONIA;D;20191029;000000;2053.428376;2053.428376;2053.428376;2053.428376;0;0
DEPOSIT_RUONIA;D;20191030;000000;2053.979217;2053.979217;2053.979217;2053.979217;0;0
DEPOSIT_RUONIA;D;20191031;000000;2054.513903;2054.513903;2054.513903;2054.513903;0;0
DEPOSIT_RUONIA;D;20191101;000000;2055.051990;2055.051990;2055.051990;2055.051990;0;0
DEPOSIT_RUONIA;D;20191105;000000;2055.569831;2055.569831;2055.569831;2055.569831;0;0
DEPOSIT_RUONIA;D;20191106;000000;2056.081276;2056.081276;2056.081276;2056.081276;0;0
DEPOSIT_RUONIA;D;20191107;000000;2056.614062;2056.614062;2056.614062;2056.614062;0;0
DEPOSIT_RUONIA;D;20191108;000000;2057.138009;2057.138009;2057.138009;2057.138009;0;0
DEPOSIT_RUONIA;D;20191111;000000;2057.660457;2057.660457;2057.660457;2057.660457;0;0
DEPOSIT_RUONIA;D;20191112;000000;2058.180588;2058.180588;2058.180588;2058.180588;0;0
DEPOSIT_RUONIA;D;20191113;000000;2058.705751;2058.705751;2058.705751;2058.705751;0;0
DEPOSIT_RUONIA;D;20191114;000000;2059.226963;2059.226963;2059.226963;2059.226963;0;0
DEPOSIT_RUONIA;D;20191115;000000;2059.749124;2059.749124;2059.749124;2059.749124;0;0
DEPOSIT_RUONIA;D;20191118;000000;2060.273052;2060.273052;2060.273052;2060.273052;0;0
DEPOSIT_RUONIA;D;20191119;000000;2060.798749;2060.798749;2060.798749;2060.798749;0;0
DEPOSIT_RUONIA;D;20191120;000000;2061.330304;2061.330304;2061.330304;2061.330304;0;0
DEPOSIT_RUONIA;D;20191121;000000;2061.861178;2061.861178;2061.861178;2061.861178;0;0
DEPOSIT_RUONIA;D;20191122;000000;2062.388917;2062.388917;2062.388917;2062.388917;0;0
DEPOSIT_RUONIA;D;20191125;000000;2062.920064;2062.920064;2062.920064;2062.920064;0;0
DEPOSIT_RUONIA;D;20191126;000000;2063.457078;2063.457078;2063.457078;2063.457078;0;0
DEPOSIT_RUONIA;D;20191127;000000;2063.990137;2063.990137;2063.990137;2063.990137;0;0
DEPOSIT_RUONIA;D;20191128;000000;2064.519240;2064.519240;2064.519240;2064.519240;0;0
DEPOSIT_RUONIA;D;20191129;000000;2065.050935;2065.050935;2065.050935;2065.050935;0;0
DEPOSIT_RUONIA;D;20191202;000000;2065.591782;2065.591782;2065.591782;2065.591782;0;0
DEPOSIT_RUONIA;D;20191203;000000;2066.132770;2066.132770;2066.132770;2066.132770;0;0
DEPOSIT_RUONIA;D;20191204;000000;2066.664062;2066.664062;2066.664062;2066.664062;0;0
DEPOSIT_RUONIA;D;20191205;000000;2067.193849;2067.193849;2067.193849;2067.193849;0;0
DEPOSIT_RUONIA;D;20191206;000000;2067.718031;2067.718031;2067.718031;2067.718031;0;0
DEPOSIT_RUONIA;D;20191209;000000;2068.230037;2068.230037;2068.230037;2068.230037;0;0
DEPOSIT_RUONIA;D;20191210;000000;2068.738887;2068.738887;2068.738887;2068.738887;0;0
DEPOSIT_RUONIA;D;20191211;000000;2069.241295;2069.241295;2069.241295;2069.241295;0;0
DEPOSIT_RUONIA;D;20191212;000000;2069.752036;2069.752036;2069.752036;2069.752036;0;0
DEPOSIT_RUONIA;D;20191213;000000;2070.248120;2070.248120;2070.248120;2070.248120;0;0
DEPOSIT_RUONIA;D;20191216;000000;2070.739393;2070.739393;2070.739393;2070.739393;0;0
DEPOSIT_RUONIA;D;20191217;000000;2071.224209;2071.224209;2071.224209;2071.224209;0;0
DEPOSIT_RUONIA;D;20191218;000000;2071.705029;2071.705029;2071.705029;2071.705029;0;0
DEPOSIT_RUONIA;D;20191219;000000;2072.189249;2072.189249;2072.189249;2072.189249;0;0
DEPOSIT_RUONIA;D;20191220;000000;2072.677693;2072.677693;2072.677693;2072.677693;0;0
DEPOSIT_RUONIA;D;20191223;000000;2073.174478;2073.174478;2073.174478;2073.174478;0;0
DEPOSIT_RUONIA;D;20191224;000000;2073.669736;2073.669736;2073.669736;2073.669736;0;0
DEPOSIT_RUONIA;D;20191225;000000;2074.169228;2074.169228;2074.169228;2074.169228;0;0
DEPOSIT_RUONIA;D;20191226;000000;2074.681185;2074.681185;2074.681185;2074.681185;0;0
DEPOSIT_RUONIA;D;20191227;000000;2075.189976;2075.189976;2075.189976;2075.189976;0;0
DEPOSIT_RUONIA;D;20191230;000000;2075.703009;2075.703009;2075.703009;2075.703009;0;0
DEPOSIT_RUONIA;D;20200103;000000;2076.216169;2076.216169;2076.216169;2076.216169;0;0
DEPOSIT_RUONIA;D;20200106;000000;2076.729456;2076.729456;2076.729456;2076.729456;0;0
DEPOSIT_RUONIA;D;20200108;000000;2077.242869;2077.242869;2077.242869;2077.242869;0;0
DEPOSIT_RUONIA;D;20200109;000000;2077.756410;2077.756410;2077.756410;2077.756410;0;0
DEPOSIT_RUONIA;D;20200110;000000;2078.265131;2078.265131;2078.265131;2078.265131;0;0
DEPOSIT_RUONIA;D;20200113;000000;2078.772326;2078.772326;2078.772326;2078.772326;0;0
DEPOSIT_RUONIA;D;20200114;000000;2079.268922;2079.268922;2079.268922;2079.268922;0;0
DEPOSIT_RUONIA;D;20200115;000000;2079.753260;2079.753260;2079.753260;2079.753260;0;0
DEPOSIT_RUONIA;D;20200116;000000;2080.254216;2080.254216;2080.254216;2080.254216;0;0
DEPOSIT_RUONIA;D;20200117;000000;2080.745387;2080.745387;2080.745387;2080.745387;0;0
DEPOSIT_RUONIA;D;20200120;000000;2081.235023;2081.235023;2081.235023;2081.235023;0;0
DEPOSIT_RUONIA;D;20200121;000000;2081.723122;2081.723122;2081.723122;2081.723122;0;0
DEPOSIT_RUONIA;D;20200122;000000;2082.213814;2082.213814;2082.213814;2082.213814;0;0
DEPOSIT_RUONIA;D;20200123;000000;2082.709579;2082.709579;2082.709579;2082.709579;0;0
DEPOSIT_RUONIA;D;20200124;000000;2083.204636;2083.204636;2083.204636;2083.204636;0;0
DEPOSIT_RUONIA;D;20200127;000000;2083.696504;2083.696504;2083.696504;2083.696504;0;0
DEPOSIT_RUONIA;D;20200128;000000;2084.208332;2084.208332;2084.208332;2084.208332;0;0
DEPOSIT_RUONIA;D;20200129;000000;2084.716978;2084.716978;2084.716978;2084.716978;0;0
DEPOSIT_RUONIA;D;20200130;000000;2085.228230;2085.228230;2085.228230;2085.228230;0;0
DEPOSIT_RUONIA;D;20200131;000000;2085.736298;2085.736298;2085.736298;2085.736298;0;0
DEPOSIT_RUONIA;D;20200203;000000;2086.237040;2086.237040;2086.237040;2086.237040;0;0
DEPOSIT_RUONIA;D;20200204;000000;2086.734591;2086.734591;2086.734591;2086.734591;0;0
DEPOSIT_RUONIA;D;20200205;000000;2087.225636;2087.225636;2087.225636;2087.225636;0;0
DEPOSIT_RUONIA;D;20200206;000000;2087.723423;2087.723423;2087.723423;2087.723423;0;0
DEPOSIT_RUONIA;D;20200207;000000;2088.221328;2088.221328;2088.221328;2088.221328;0;0
DEPOSIT_RUONIA;D;20200210;000000;2088.721839;2088.721839;2088.721839;2088.721839;0;0
DEPOSIT_RUONIA;D;20200211;000000;2089.215838;2089.215838;2089.215838;2089.215838;0;0
DEPOSIT_RUONIA;D;20200212;000000;2089.702492;2089.702492;2089.702492;2089.702492;0;0
DEPOSIT_RUONIA;D;20200213;000000;2090.185114;2090.185114;2090.185114;2090.185114;0;0
DEPOSIT_RUONIA;D;20200214;000000;2090.668677;2090.668677;2090.668677;2090.668677;0;0
DEPOSIT_RUONIA;D;20200217;000000;2091.149033;2091.149033;2091.149033;2091.149033;0;0
DEPOSIT_RUONIA;D;20200218;000000;2091.630329;2091.630329;2091.630329;2091.630329;0;0
DEPOSIT_RUONIA;D;20200219;000000;2092.111736;2092.111736;2092.111736;2092.111736;0;0
DEPOSIT_RUONIA;D;20200220;000000;2092.596575;2092.596575;2092.596575;2092.596575;0;0
DEPOSIT_RUONIA;D;20200221;000000;2093.079034;2093.079034;2093.079034;2093.079034;0;0
DEPOSIT_RUONIA;D;20200225;000000;2093.562436;2093.562436;2093.562436;2093.562436;0;0
DEPOSIT_RUONIA;D;20200226;000000;2094.058411;2094.058411;2094.058411;2094.058411;0;0
DEPOSIT_RUONIA;D;20200227;000000;2094.554503;2094.554503;2094.554503;2094.554503;0;0
DEPOSIT_RUONIA;D;20200228;000000;2095.049051;2095.049051;2095.049051;2095.049051;0;0
DEPOSIT_RUONIA;D;20200302;000000;2095.574476;2095.574476;2095.574476;2095.574476;0;0
DEPOSIT_RUONIA;D;20200303;000000;2096.070096;2096.070096;2096.070096;2096.070096;0;0
DEPOSIT_RUONIA;D;20200304;000000;2096.565001;2096.565001;2096.565001;2096.565001;0;0
DEPOSIT_RUONIA;D;20200305;000000;2097.055864;2097.055864;2097.055864;2097.055864;0;0
DEPOSIT_RUONIA;D;20200306;000000;2097.544345;2097.544345;2097.544345;2097.544345;0;0
DEPOSIT_RUONIA;D;20200310;000000;2098.039598;2098.039598;2098.039598;2098.039598;0;0
DEPOSIT_RUONIA;D;20200311;000000;2098.528308;2098.528308;2098.528308;2098.528308;0;0
DEPOSIT_RUONIA;D;20200312;000000;2098.991317;2098.991317;2098.991317;2098.991317;0;0
DEPOSIT_RUONIA;D;20200313;000000;2099.460258;2099.460258;2099.460258;2099.460258;0;0
DEPOSIT_RUONIA;D;20200316;000000;2099.901811;2099.901811;2099.901811;2099.901811;0;0
DEPOSIT_RUONIA;D;20200317;000000;2100.345124;2100.345124;2100.345124;2100.345124;0;0
DEPOSIT_RUONIA;D;20200318;000000;2100.786863;2100.786863;2100.786863;2100.786863;0;0
DEPOSIT_RUONIA;D;20200319;000000;2101.238699;2101.238699;2101.238699;2101.238699;0;0
DEPOSIT_RUONIA;D;20200320;000000;2101.715647;2101.715647;2101.715647;2101.715647;0;0
DEPOSIT_RUONIA;D;20200323;000000;2102.207715;2102.207715;2102.207715;2102.207715;0;0
DEPOSIT_RUONIA;D;20200324;000000;2102.691557;2102.691557;2102.691557;2102.691557;0;0
DEPOSIT_RUONIA;D;20200325;000000;2103.182185;2103.182185;2103.182185;2103.182185;0;0
DEPOSIT_RUONIA;D;20200326;000000;2103.669589;2103.669589;2103.669589;2103.669589;0;0
DEPOSIT_RUONIA;D;20200327;000000;2104.162949;2104.162949;2104.162949;2104.162949;0;0
DEPOSIT_RUONIA;D;20200330;000000;2104.683980;2104.683980;2104.683980;2104.683980;0;0
DEPOSIT_RUONIA;D;20200331;000000;2105.205140;2105.205140;2105.205140;2105.205140;0;0
DEPOSIT_RUONIA;D;20200401;000000;2105.726429;2105.726429;2105.726429;2105.726429;0;0
DEPOSIT_RUONIA;D;20200402;000000;2106.247847;2106.247847;2106.247847;2106.247847;0;0
DEPOSIT_RUONIA;D;20200403;000000;2106.769394;2106.769394;2106.769394;2106.769394;0;0
DEPOSIT_RUONIA;D;20200406;000000;2107.291070;2107.291070;2107.291070;2107.291070;0;0
DEPOSIT_RUONIA;D;20200407;000000;2107.783608;2107.783608;2107.783608;2107.783608;0;0
DEPOSIT_RUONIA;D;20200408;000000;2108.263714;2108.263714;2108.263714;2108.263714;0;0
DEPOSIT_RUONIA;D;20200409;000000;2108.745603;2108.745603;2108.745603;2108.745603;0;0
DEPOSIT_RUONIA;D;20200410;000000;2109.238480;2109.238480;2109.238480;2109.238480;0;0
DEPOSIT_RUONIA;D;20200413;000000;2109.737332;2109.737332;2109.737332;2109.737332;0;0
DEPOSIT_RUONIA;D;20200414;000000;2110.225418;2110.225418;2110.225418;2110.225418;0;0
DEPOSIT_RUONIA;D;20200415;000000;2110.720316;2110.720316;2110.720316;2110.720316;0;0
DEPOSIT_RUONIA;D;20200416;000000;2111.219518;2111.219518;2111.219518;2111.219518;0;0
DEPOSIT_RUONIA;D;20200417;000000;2111.723027;2111.723027;2111.723027;2111.723027;0;0
DEPOSIT_RUONIA;D;20200420;000000;2112.235874;2112.235874;2112.235874;2112.235874;0;0
DEPOSIT_RUONIA;D;20200421;000000;2112.748008;2112.748008;2112.748008;2112.748008;0;0
DEPOSIT_RUONIA;D;20200422;000000;2113.263619;2113.263619;2113.263619;2113.263619;0;0
DEPOSIT_RUONIA;D;20200423;000000;2113.780194;2113.780194;2113.780194;2113.780194;0;0
DEPOSIT_RUONIA;D;20200424;000000;2114.296896;2114.296896;2114.296896;2114.296896;0;0
DEPOSIT_RUONIA;D;20200427;000000;2114.787715;2114.787715;2114.787715;2114.787715;0;0
DEPOSIT_RUONIA;D;20200428;000000;2115.255990;2115.255990;2115.255990;2115.255990;0;0
DEPOSIT_RUONIA;D;20200429;000000;2115.735280;2115.735280;2115.735280;2115.735280;0;0
DEPOSIT_RUONIA;D;20200430;000000;2116.229791;2116.229791;2116.229791;2116.229791;0;0
DEPOSIT_RUONIA;D;20200504;000000;2116.713501;2116.713501;2116.713501;2116.713501;0;0
DEPOSIT_RUONIA;D;20200505;000000;2117.197321;2117.197321;2117.197321;2117.197321;0;0
DEPOSIT_RUONIA;D;20200506;000000;2117.681252;2117.681252;2117.681252;2117.681252;0;0
DEPOSIT_RUONIA;D;20200507;000000;2118.130839;2118.130839;2118.130839;2118.130839;0;0
DEPOSIT_RUONIA;D;20200508;000000;2118.579681;2118.579681;2118.579681;2118.579681;0;0
DEPOSIT_RUONIA;D;20200512;000000;2119.016007;2119.016007;2119.016007;2119.016007;0;0
DEPOSIT_RUONIA;D;20200513;000000;2119.474287;2119.474287;2119.474287;2119.474287;0;0
DEPOSIT_RUONIA;D;20200514;000000;2119.937711;2119.937711;2119.937711;2119.937711;0;0
DEPOSIT_RUONIA;D;20200515;000000;2120.389460;2120.389460;2120.389460;2120.389460;0;0
DEPOSIT_RUONIA;D;20200518;000000;2120.832891;2120.832891;2120.832891;2120.832891;0;0
DEPOSIT_RUONIA;D;20200519;000000;2121.277256;2121.277256;2121.277256;2121.277256;0;0
DEPOSIT_RUONIA;D;20200520;000000;2121.723397;2121.723397;2121.723397;2121.723397;0;0
DEPOSIT_RUONIA;D;20200521;000000;2122.174684;2122.174684;2122.174684;2122.174684;0;0
DEPOSIT_RUONIA;D;20200522;000000;2122.622699;2122.622699;2122.622699;2122.622699;0;0
DEPOSIT_RUONIA;D;20200525;000000;2123.072493;2123.072493;2123.072493;2123.072493;0;0
DEPOSIT_RUONIA;D;20200526;000000;2123.528279;2123.528279;2123.528279;2123.528279;0;0
DEPOSIT_RUONIA;D;20200527;000000;2123.988377;2123.988377;2123.988377;2123.988377;0;0
DEPOSIT_RUONIA;D;20200528;000000;2124.451946;2124.451946;2124.451946;2124.451946;0;0
DEPOSIT_RUONIA;D;20200529;000000;2124.917302;2124.917302;2124.917302;2124.917302;0;0
DEPOSIT_RUONIA;D;20200601;000000;2125.378544;2125.378544;2125.378544;2125.378544;0;0
DEPOSIT_RUONIA;D;20200602;000000;2125.835669;2125.835669;2125.835669;2125.835669;0;0
DEPOSIT_RUONIA;D;20200603;000000;2126.286144;2126.286144;2126.286144;2126.286144;0;0
DEPOSIT_RUONIA;D;20200604;000000;2126.735870;2126.735870;2126.735870;2126.735870;0;0
DEPOSIT_RUONIA;D;20200605;000000;2127.189068;2127.189068;2127.189068;2127.189068;0;0
DEPOSIT_RUONIA;D;20200608;000000;2127.638141;2127.638141;2127.638141;2127.638141;0;0
DEPOSIT_RUONIA;D;20200609;000000;2128.067890;2128.067890;2128.067890;2128.067890;0;0
DEPOSIT_RUONIA;D;20200610;000000;2128.512927;2128.512927;2128.512927;2128.512927;0;0
DEPOSIT_RUONIA;D;20200611;000000;2128.947076;2128.947076;2128.947076;2128.947076;0;0
DEPOSIT_RUONIA;D;20200615;000000;2129.379624;2129.379624;2129.379624;2129.379624;0;0
DEPOSIT_RUONIA;D;20200616;000000;2129.807189;2129.807189;2129.807189;2129.807189;0;0
DEPOSIT_RUONIA;D;20200617;000000;2130.232306;2130.232306;2130.232306;2130.232306;0;0
DEPOSIT_RUONIA;D;20200618;000000;2130.640600;2130.640600;2130.640600;2130.640600;0;0
DEPOSIT_RUONIA;D;20200619;000000;2131.042209;2131.042209;2131.042209;2131.042209;0;0
DEPOSIT_RUONIA;D;20200622;000000;2131.438820;2131.438820;2131.438820;2131.438820;0;0
DEPOSIT_RUONIA;D;20200623;000000;2131.810130;2131.810130;2131.810130;2131.810130;0;0
DEPOSIT_RUONIA;D;20200625;000000;2132.184043;2132.184043;2132.184043;2132.184043;0;0
DEPOSIT_RUONIA;D;20200626;000000;2132.566482;2132.566482;2132.566482;2132.566482;0;0
DEPOSIT_RUONIA;D;20200629;000000;2132.948144;2132.948144;2132.948144;2132.948144;0;0
DEPOSIT_RUONIA;D;20200630;000000;2133.329874;2133.329874;2133.329874;2133.329874;0;0
DEPOSIT_RUONIA;D;20200702;000000;2133.700667;2133.700667;2133.700667;2133.700667;0;0
DEPOSIT_RUONIA;D;20200703;000000;2134.057977;2134.057977;2134.057977;2134.057977;0;0
DEPOSIT_RUONIA;D;20200706;000000;2134.400951;2134.400951;2134.400951;2134.400951;0;0
DEPOSIT_RUONIA;D;20200707;000000;2134.749061;2134.749061;2134.749061;2134.749061;0;0
DEPOSIT_RUONIA;D;20200708;000000;2135.109088;2135.109088;2135.109088;2135.109088;0;0
DEPOSIT_RUONIA;D;20200709;000000;2135.473412;2135.473412;2135.473412;2135.473412;0;0
DEPOSIT_RUONIA;D;20200710;000000;2135.836104;2135.836104;2135.836104;2135.836104;0;0
DEPOSIT_RUONIA;D;20200713;000000;2136.203942;2136.203942;2136.203942;2136.203942;0;0
DEPOSIT_RUONIA;D;20200714;000000;2136.572692;2136.572692;2136.572692;2136.572692;0;0
DEPOSIT_RUONIA;D;20200715;000000;2136.938962;2136.938962;2136.938962;2136.938962;0;0
DEPOSIT_RUONIA;D;20200716;000000;2137.299358;2137.299358;2137.299358;2137.299358;0;0
DEPOSIT_RUONIA;D;20200717;000000;2137.649638;2137.649638;2137.649638;2137.649638;0;0
DEPOSIT_RUONIA;D;20200720;000000;2138.000823;2138.000823;2138.000823;2138.000823;0;0
DEPOSIT_RUONIA;D;20200721;000000;2138.350369;2138.350369;2138.350369;2138.350369;0;0
DEPOSIT_RUONIA;D;20200722;000000;2138.699972;2138.699972;2138.699972;2138.699972;0;0
DEPOSIT_RUONIA;D;20200723;000000;2139.048784;2139.048784;2139.048784;2139.048784;0;0
DEPOSIT_RUONIA;D;20200724;000000;2139.390862;2139.390862;2139.390862;2139.390862;0;0
DEPOSIT_RUONIA;D;20200727;000000;2139.727052;2139.727052;2139.727052;2139.727052;0;0
DEPOSIT_RUONIA;D;20200728;000000;2140.069239;2140.069239;2140.069239;2140.069239;0;0
DEPOSIT_RUONIA;D;20200729;000000;2140.418274;2140.418274;2140.418274;2140.418274;0;0
DEPOSIT_RUONIA;D;20200730;000000;2140.770763;2140.770763;2140.770763;2140.770763;0;0
DEPOSIT_RUONIA;D;20200731;000000;2141.130956;2141.130956;2141.130956;2141.130956;0;0
DEPOSIT_RUONIA;D;20200803;000000;2141.492910;2141.492910;2141.492910;2141.492910;0;0
DEPOSIT_RUONIA;D;20200804;000000;2141.826031;2141.826031;2141.826031;2141.826031;0;0
DEPOSIT_RUONIA;D;20200805;000000;2142.168553;2142.168553;2142.168553;2142.168553;0;0
DEPOSIT_RUONIA;D;20200806;000000;2142.517080;2142.517080;2142.517080;2142.517080;0;0
DEPOSIT_RUONIA;D;20200807;000000;2142.868215;2142.868215;2142.868215;2142.868215;0;0
DEPOSIT_RUONIA;D;20200810;000000;2143.222809;2143.222809;2143.222809;2143.222809;0;0
DEPOSIT_RUONIA;D;20200811;000000;2143.578312;2143.578312;2143.578312;2143.578312;0;0
DEPOSIT_RUONIA;D;20200812;000000;2143.933873;2143.933873;2143.933873;2143.933873;0;0
DEPOSIT_RUONIA;D;20200813;000000;2144.281837;2144.281837;2144.281837;2144.281837;0;0
DEPOSIT_RUONIA;D;20200814;000000;2144.629007;2144.629007;2144.629007;2144.629007;0;0
DEPOSIT_RUONIA;D;20200817;000000;2144.978785;2144.978785;2144.978785;2144.978785;0;0
DEPOSIT_RUONIA;D;20200818;000000;2145.328621;2145.328621;2145.328621;2145.328621;0;0
DEPOSIT_RUONIA;D;20200819;000000;2145.679365;2145.679365;2145.679365;2145.679365;0;0
DEPOSIT_RUONIA;D;20200820;000000;2146.028464;2146.028464;2146.028464;2146.028464;0;0
DEPOSIT_RUONIA;D;20200821;000000;2146.379323;2146.379323;2146.379323;2146.379323;0;0
DEPOSIT_RUONIA;D;20200824;000000;2146.728535;2146.728535;2146.728535;2146.728535;0;0
DEPOSIT_RUONIA;D;20200825;000000;2147.074397;2147.074397;2147.074397;2147.074397;0;0
DEPOSIT_RUONIA;D;20200826;000000;2147.428835;2147.428835;2147.428835;2147.428835;0;0
DEPOSIT_RUONIA;D;20200827;000000;2147.784183;2147.784183;2147.784183;2147.784183;0;0
DEPOSIT_RUONIA;D;20200828;000000;2148.137886;2148.137886;2148.137886;2148.137886;0;0
DEPOSIT_RUONIA;D;20200831;000000;2148.494204;2148.494204;2148.494204;2148.494204;0;0
DEPOSIT_RUONIA;D;20200901;000000;2148.843760;2148.843760;2148.843760;2148.843760;0;0
DEPOSIT_RUONIA;D;20200902;000000;2149.193374;2149.193374;2149.193374;2149.193374;0;0
DEPOSIT_RUONIA;D;20200903;000000;2149.544750;2149.544750;2149.544750;2149.544750;0;0
DEPOSIT_RUONIA;D;20200904;000000;2149.898742;2149.898742;2149.898742;2149.898742;0;0
DEPOSIT_RUONIA;D;20200907;000000;2150.251087;2150.251087;2150.251087;2150.251087;0;0
DEPOSIT_RUONIA;D;20200908;000000;2150.592397;2150.592397;2150.592397;2150.592397;0;0
DEPOSIT_RUONIA;D;20200909;000000;2150.966190;2150.966190;2150.966190;2150.966190;0;0
DEPOSIT_RUONIA;D;20200910;000000;2151.317856;2151.317856;2151.317856;2151.317856;0;0
DEPOSIT_RUONIA;D;20200911;000000;2151.668726;2151.668726;2151.668726;2151.668726;0;0
DEPOSIT_RUONIA;D;20200914;000000;2152.018799;2152.018799;2152.018799;2152.018799;0;0
DEPOSIT_RUONIA;D;20200915;000000;2152.370637;2152.370637;2152.370637;2152.370637;0;0
DEPOSIT_RUONIA;D;20200916;000000;2152.727657;2152.727657;2152.727657;2152.727657;0;0
DEPOSIT_RUONIA;D;20200917;000000;2153.086445;2153.086445;2153.086445;2153.086445;0;0
DEPOSIT_RUONIA;D;20200918;000000;2153.448710;2153.448710;2153.448710;2153.448710;0;0
DEPOSIT_RUONIA;D;20200921;000000;2153.807618;2153.807618;2153.807618;2153.807618;0;0
DEPOSIT_RUONIA;D;20200922;000000;2154.163167;2154.163167;2154.163167;2154.163167;0;0
DEPOSIT_RUONIA;D;20200923;000000;2154.521340;2154.521340;2154.521340;2154.521340;0;0
DEPOSIT_RUONIA;D;20200924;000000;2154.880427;2154.880427;2154.880427;2154.880427;0;0
DEPOSIT_RUONIA;D;20200925;000000;2155.234443;2155.234443;2155.234443;2155.234443;0;0
DEPOSIT_RUONIA;D;20200928;000000;2155.596214;2155.596214;2155.596214;2155.596214;0;0
DEPOSIT_RUONIA;D;20200929;000000;2155.956336;2155.956336;2155.956336;2155.956336;0;0
DEPOSIT_RUONIA;D;20200930;000000;2156.314806;2156.314806;2156.314806;2156.314806;0;0
DEPOSIT_RUONIA;D;20201001;000000;2156.673336;2156.673336;2156.673336;2156.673336;0;0
DEPOSIT_RUONIA;D;20201002;000000;2157.022512;2157.022512;2157.022512;2157.022512;0;0
DEPOSIT_RUONIA;D;20201005;000000;2157.356337;2157.356337;2157.356337;2157.356337;0;0
DEPOSIT_RUONIA;D;20201006;000000;2157.702199;2157.702199;2157.702199;2157.702199;0;0
DEPOSIT_RUONIA;D;20201007;000000;2158.044691;2158.044691;2158.044691;2158.044691;0;0
DEPOSIT_RUONIA;D;20201008;000000;2158.404365;2158.404365;2158.404365;2158.404365;0;0
DEPOSIT_RUONIA;D;20201009;000000;2158.764099;2158.764099;2158.764099;2158.764099;0;0
DEPOSIT_RUONIA;D;20201012;000000;2159.127320;2159.127320;2159.127320;2159.127320;0;0
DEPOSIT_RUONIA;D;20201013;000000;2159.491459;2159.491459;2159.491459;2159.491459;0;0
DEPOSIT_RUONIA;D;20201014;000000;2159.854802;2159.854802;2159.854802;2159.854802;0;0
DEPOSIT_RUONIA;D;20201015;000000;2160.216492;2160.216492;2160.216492;2160.216492;0;0
DEPOSIT_RUONIA;D;20201016;000000;2160.579957;2160.579957;2160.579957;2160.579957;0;0
DEPOSIT_RUONIA;D;20201019;000000;2160.946055;2160.946055;2160.946055;2160.946055;0;0
DEPOSIT_RUONIA;D;20201020;000000;2161.307928;2161.307928;2161.307928;2161.307928;0;0
DEPOSIT_RUONIA;D;20201021;000000;2161.671576;2161.671576;2161.671576;2161.671576;0;0
DEPOSIT_RUONIA;D;20201022;000000;2162.035286;2162.035286;2162.035286;2162.035286;0;0
DEPOSIT_RUONIA;D;20201023;000000;2162.398199;2162.398199;2162.398199;2162.398199;0;0
DEPOSIT_RUONIA;D;20201026;000000;2162.761173;2162.761173;2162.761173;2162.761173;0;0
DEPOSIT_RUONIA;D;20201027;000000;2163.125066;2163.125066;2163.125066;2163.125066;0;0
DEPOSIT_RUONIA;D;20201028;000000;2163.488162;2163.488162;2163.488162;2163.488162;0;0
DEPOSIT_RUONIA;D;20201029;000000;2163.853895;2163.853895;2163.853895;2163.853895;0;0
DEPOSIT_RUONIA;D;20201030;000000;2164.219689;2164.219689;2164.219689;2164.219689;0;0
DEPOSIT_RUONIA;D;20201102;000000;2164.585545;2164.585545;2164.585545;2164.585545;0;0
DEPOSIT_RUONIA;D;20201103;000000;2164.942015;2164.942015;2164.942015;2164.942015;0;0
DEPOSIT_RUONIA;D;20201105;000000;2165.293388;2165.293388;2165.293388;2165.293388;0;0
DEPOSIT_RUONIA;D;20201106;000000;2165.649115;2165.649115;2165.649115;2165.649115;0;0
DEPOSIT_RUONIA;D;20201109;000000;2165.999744;2165.999744;2165.999744;2165.999744;0;0
DEPOSIT_RUONIA;D;20201110;000000;2166.324644;2166.324644;2166.324644;2166.324644;0;0
DEPOSIT_RUONIA;D;20201111;000000;2166.650452;2166.650452;2166.650452;2166.650452;0;0
DEPOSIT_RUONIA;D;20201112;000000;2167.006402;2167.006402;2167.006402;2167.006402;0;0
DEPOSIT_RUONIA;D;20201113;000000;2167.364990;2167.364990;2167.364990;2167.364990;0;0
DEPOSIT_RUONIA;D;20201116;000000;2167.726217;2167.726217;2167.726217;2167.726217;0;0
DEPOSIT_RUONIA;D;20201117;000000;2168.083204;2168.083204;2168.083204;2168.083204;0;0
DEPOSIT_RUONIA;D;20201118;000000;2168.442831;2168.442831;2168.442831;2168.442831;0;0
DEPOSIT_RUONIA;D;20201119;000000;2168.795633;2168.795633;2168.795633;2168.795633;0;0
DEPOSIT_RUONIA;D;20201120;000000;2169.148492;2169.148492;2169.148492;2169.148492;0;0
DEPOSIT_RUONIA;D;20201123;000000;2169.499688;2169.499688;2169.499688;2169.499688;0;0
DEPOSIT_RUONIA;D;20201124;000000;2169.845775;2169.845775;2169.845775;2169.845775;0;0
DEPOSIT_RUONIA;D;20201125;000000;2170.191056;2170.191056;2170.191056;2170.191056;0;0
DEPOSIT_RUONIA;D;20201126;000000;2170.540698;2170.540698;2170.540698;2170.540698;0;0
DEPOSIT_RUONIA;D;20201127;000000;2170.891257;2170.891257;2170.891257;2170.891257;0;0
DEPOSIT_RUONIA;D;20201130;000000;2171.238427;2171.238427;2171.238427;2171.238427;0;0
DEPOSIT_RUONIA;D;20201201;000000;2171.589100;2171.589100;2171.589100;2171.589100;0;0
DEPOSIT_RUONIA;D;20201202;000000;2171.938967;2171.938967;2171.938967;2171.938967;0;0
DEPOSIT_RUONIA;D;20201203;000000;2172.285443;2172.285443;2172.285443;2172.285443;0;0
DEPOSIT_RUONIA;D;20201204;000000;2172.631974;2172.631974;2172.631974;2172.631974;0;0
DEPOSIT_RUONIA;D;20201207;000000;2172.977698;2172.977698;2172.977698;2172.977698;0;0
DEPOSIT_RUONIA;D;20201208;000000;2173.291573;2173.291573;2173.291573;2173.291573;0;0
DEPOSIT_RUONIA;D;20201209;000000;2173.600318;2173.600318;2173.600318;2173.600318;0;0
DEPOSIT_RUONIA;D;20201210;000000;2173.949647;2173.949647;2173.949647;2173.949647;0;0
DEPOSIT_RUONIA;D;20201211;000000;2174.304208;2174.304208;2174.304208;2174.304208;0;0
DEPOSIT_RUONIA;D;20201214;000000;2174.665729;2174.665729;2174.665729;2174.665729;0;0
DEPOSIT_RUONIA;D;20201215;000000;2175.025584;2175.025584;2175.025584;2175.025584;0;0
DEPOSIT_RUONIA;D;20201216;000000;2175.392404;2175.392404;2175.392404;2175.392404;0;0
DEPOSIT_RUONIA;D;20201217;000000;2175.765329;2175.765329;2175.765329;2175.765329;0;0
DEPOSIT_RUONIA;D;20201218;000000;2176.137454;2176.137454;2176.137454;2176.137454;0;0
DEPOSIT_RUONIA;D;20201221;000000;2176.506188;2176.506188;2176.506188;2176.506188;0;0
DEPOSIT_RUONIA;D;20201222;000000;2176.874985;2176.874985;2176.874985;2176.874985;0;0
DEPOSIT_RUONIA;D;20201223;000000;2177.244708;2177.244708;2177.244708;2177.244708;0;0
DEPOSIT_RUONIA;D;20201224;000000;2177.607582;2177.607582;2177.607582;2177.607582;0;0
DEPOSIT_RUONIA;D;20201225;000000;2177.970517;2177.970517;2177.970517;2177.970517;0;0
DEPOSIT_RUONIA;D;20201228;000000;2178.332648;2178.332648;2178.332648;2178.332648;0;0
DEPOSIT_RUONIA;D;20201229;000000;2178.699161;2178.699161;2178.699161;2178.699161;0;0
DEPOSIT_RUONIA;D;20201230;000000;2179.062277;2179.062277;2179.062277;2179.062277;0;0
DEPOSIT_RUONIA;D;20210104;000000;2179.431507;2179.431507;2179.431507;2179.431507;0;0
DEPOSIT_RUONIA;D;20210105;000000;2179.800800;2179.800800;2179.800800;2179.800800;0;0
DEPOSIT_RUONIA;D;20210106;000000;2180.170155;2180.170155;2180.170155;2180.170155;0;0
DEPOSIT_RUONIA;D;20210108;000000;2180.539573;2180.539573;2180.539573;2180.539573;0;0
DEPOSIT_RUONIA;D;20210111;000000;2180.909053;2180.909053;2180.909053;2180.909053;0;0
DEPOSIT_RUONIA;D;20210112;000000;2181.278596;2181.278596;2181.278596;2181.278596;0;0
DEPOSIT_RUONIA;D;20210113;000000;2181.640411;2181.640411;2181.640411;2181.640411;0;0
DEPOSIT_RUONIA;D;20210114;000000;2182.006615;2182.006615;2182.006615;2182.006615;0;0
DEPOSIT_RUONIA;D;20210115;000000;2182.373746;2182.373746;2182.373746;2182.373746;0;0
DEPOSIT_RUONIA;D;20210118;000000;2182.741805;2182.741805;2182.741805;2182.741805;0;0
DEPOSIT_RUONIA;D;20210119;000000;2183.114257;2183.114257;2183.114257;2183.114257;0;0
DEPOSIT_RUONIA;D;20210120;000000;2183.486773;2183.486773;2183.486773;2183.486773;0;0
DEPOSIT_RUONIA;D;20210121;000000;2183.860218;2183.860218;2183.860218;2183.860218;0;0
DEPOSIT_RUONIA;D;20210122;000000;2184.237194;2184.237194;2184.237194;2184.237194;0;0
DEPOSIT_RUONIA;D;20210125;000000;2184.607301;2184.607301;2184.607301;2184.607301;0;0
DEPOSIT_RUONIA;D;20210126;000000;2184.977471;2184.977471;2184.977471;2184.977471;0;0
DEPOSIT_RUONIA;D;20210127;000000;2185.354640;2185.354640;2185.354640;2185.354640;0;0
DEPOSIT_RUONIA;D;20210128;000000;2185.723201;2185.723201;2185.723201;2185.723201;0;0
DEPOSIT_RUONIA;D;20210129;000000;2186.093560;2186.093560;2186.093560;2186.093560;0;0
DEPOSIT_RUONIA;D;20210201;000000;2186.477861;2186.477861;2186.477861;2186.477861;0;0
DEPOSIT_RUONIA;D;20210202;000000;2186.844877;2186.844877;2186.844877;2186.844877;0;0
DEPOSIT_RUONIA;D;20210203;000000;2187.200673;2187.200673;2187.200673;2187.200673;0;0
DEPOSIT_RUONIA;D;20210204;000000;2187.547848;2187.547848;2187.547848;2187.547848;0;0
DEPOSIT_RUONIA;D;20210205;000000;2187.895078;2187.895078;2187.895078;2187.895078;0;0
DEPOSIT_RUONIA;D;20210208;000000;2188.218921;2188.218921;2188.218921;2188.218921;0;0
DEPOSIT_RUONIA;D;20210209;000000;2188.503737;2188.503737;2188.503737;2188.503737;0;0
DEPOSIT_RUONIA;D;20210210;000000;2188.865014;2188.865014;2188.865014;2188.865014;0;0
DEPOSIT_RUONIA;D;20210211;000000;2189.220270;2189.220270;2189.220270;2189.220270;0;0
DEPOSIT_RUONIA;D;20210212;000000;2189.569503;2189.569503;2189.569503;2189.569503;0;0
DEPOSIT_RUONIA;D;20210215;000000;2189.917054;2189.917054;2189.917054;2189.917054;0;0
DEPOSIT_RUONIA;D;20210216;000000;2190.259445;2190.259445;2190.259445;2190.259445;0;0
DEPOSIT_RUONIA;D;20210217;000000;2190.599283;2190.599283;2190.599283;2190.599283;0;0
DEPOSIT_RUONIA;D;20210218;000000;2190.946997;2190.946997;2190.946997;2190.946997;0;0
DEPOSIT_RUONIA;D;20210219;000000;2191.299114;2191.299114;2191.299114;2191.299114;0;0
DEPOSIT_RUONIA;D;20210220;000000;2191.648678;2191.648678;2191.648678;2191.648678;0;0
DEPOSIT_RUONIA;D;20210222;000000;2192.001777;2192.001777;2192.001777;2192.001777;0;0
DEPOSIT_RUONIA;D;20210224;000000;2192.354933;2192.354933;2192.354933;2192.354933;0;0
DEPOSIT_RUONIA;D;20210225;000000;2192.708146;2192.708146;2192.708146;2192.708146;0;0
DEPOSIT_RUONIA;D;20210226;000000;2193.070117;2193.070117;2193.070117;2193.070117;0;0
DEPOSIT_RUONIA;D;20210301;000000;2193.433888;2193.433888;2193.433888;2193.433888;0;0
DEPOSIT_RUONIA;D;20210302;000000;2193.787274;2193.787274;2193.787274;2193.787274;0;0
DEPOSIT_RUONIA;D;20210303;000000;2194.136365;2194.136365;2194.136365;2194.136365;0;0
DEPOSIT_RUONIA;D;20210304;000000;2194.489865;2194.489865;2194.489865;2194.489865;0;0
DEPOSIT_RUONIA;D;20210305;000000;2194.844292;2194.844292;2194.844292;2194.844292;0;0
DEPOSIT_RUONIA;D;20210309;000000;2195.196164;2195.196164;2195.196164;2195.196164;0;0
DEPOSIT_RUONIA;D;20210310;000000;2195.575097;2195.575097;2195.575097;2195.575097;0;0
DEPOSIT_RUONIA;D;20210311;000000;2195.931442;2195.931442;2195.931442;2195.931442;0;0
DEPOSIT_RUONIA;D;20210312;000000;2196.289588;2196.289588;2196.289588;2196.289588;0;0
DEPOSIT_RUONIA;D;20210315;000000;2196.650407;2196.650407;2196.650407;2196.650407;0;0
DEPOSIT_RUONIA;D;20210316;000000;2197.010414;2197.010414;2197.010414;2197.010414;0;0
DEPOSIT_RUONIA;D;20210317;000000;2197.370479;2197.370479;2197.370479;2197.370479;0;0
DEPOSIT_RUONIA;D;20210318;000000;2197.729732;2197.729732;2197.729732;2197.729732;0;0
DEPOSIT_RUONIA;D;20210319;000000;2198.088171;2198.088171;2198.088171;2198.088171;0;0
DEPOSIT_RUONIA;D;20210322;000000;2198.449286;2198.449286;2198.449286;2198.449286;0;0
DEPOSIT_RUONIA;D;20210323;000000;2198.819184;2198.819184;2198.819184;2198.819184;0;0
DEPOSIT_RUONIA;D;20210324;000000;2199.187399;2199.187399;2199.187399;2199.187399;0;0
DEPOSIT_RUONIA;D;20210325;000000;2199.560911;2199.560911;2199.560911;2199.560911;0;0
DEPOSIT_RUONIA;D;20210326;000000;2199.945834;2199.945834;2199.945834;2199.945834;0;0
DEPOSIT_RUONIA;D;20210329;000000;2200.322095;2200.322095;2200.322095;2200.322095;0;0
DEPOSIT_RUONIA;D;20210330;000000;2200.710644;2200.710644;2200.710644;2200.710644;0;0
DEPOSIT_RUONIA;D;20210331;000000;2201.101881;2201.101881;2201.101881;2201.101881;0;0
DEPOSIT_RUONIA;D;20210401;000000;2201.490568;2201.490568;2201.490568;2201.490568;0;0
DEPOSIT_RUONIA;D;20210402;000000;2201.879323;2201.879323;2201.879323;2201.879323;0;0
DEPOSIT_RUONIA;D;20210405;000000;2202.262031;2202.262031;2202.262031;2202.262031;0;0
DEPOSIT_RUONIA;D;20210406;000000;2202.633444;2202.633444;2202.633444;2202.633444;0;0
DEPOSIT_RUONIA;D;20210407;000000;2202.993557;2202.993557;2202.993557;2202.993557;0;0
DEPOSIT_RUONIA;D;20210408;000000;2203.375584;2203.375584;2203.375584;2203.375584;0;0
DEPOSIT_RUONIA;D;20210409;000000;2203.764673;2203.764673;2203.764673;2203.764673;0;0
DEPOSIT_RUONIA;D;20210412;000000;2204.152080;2204.152080;2204.152080;2204.152080;0;0
DEPOSIT_RUONIA;D;20210413;000000;2204.542180;2204.542180;2204.542180;2204.542180;0;0
DEPOSIT_RUONIA;D;20210414;000000;2204.937598;2204.937598;2204.937598;2204.937598;0;0
DEPOSIT_RUONIA;D;20210415;000000;2205.327837;2205.327837;2205.327837;2205.327837;0;0
DEPOSIT_RUONIA;D;20210416;000000;2205.719020;2205.719020;2205.719020;2205.719020;0;0
DEPOSIT_RUONIA;D;20210419;000000;2206.108522;2206.108522;2206.108522;2206.108522;0;0
DEPOSIT_RUONIA;D;20210420;000000;2206.482335;2206.482335;2206.482335;2206.482335;0;0
DEPOSIT_RUONIA;D;20210421;000000;2206.864967;2206.864967;2206.864967;2206.864967;0;0
DEPOSIT_RUONIA;D;20210422;000000;2207.245914;2207.245914;2207.245914;2207.245914;0;0
DEPOSIT_RUONIA;D;20210423;000000;2207.627803;2207.627803;2207.627803;2207.627803;0;0
DEPOSIT_RUONIA;D;20210426;000000;2208.013261;2208.013261;2208.013261;2208.013261;0;0
DEPOSIT_RUONIA;D;20210427;000000;2208.434712;2208.434712;2208.434712;2208.434712;0;0
DEPOSIT_RUONIA;D;20210428;000000;2208.837839;2208.837839;2208.837839;2208.837839;0;0
DEPOSIT_RUONIA;D;20210429;000000;2209.262952;2209.262952;2209.262952;2209.262952;0;0
DEPOSIT_RUONIA;D;20210430;000000;2209.690778;2209.690778;2209.690778;2209.690778;0;0
DEPOSIT_RUONIA;D;20210504;000000;2210.115179;2210.115179;2210.115179;2210.115179;0;0
DEPOSIT_RUONIA;D;20210505;000000;2210.528260;2210.528260;2210.528260;2210.528260;0;0
DEPOSIT_RUONIA;D;20210506;000000;2210.925628;2210.925628;2210.925628;2210.925628;0;0
DEPOSIT_RUONIA;D;20210507;000000;2211.302890;2211.302890;2211.302890;2211.302890;0;0
DEPOSIT_RUONIA;D;20210510;000000;2211.674073;2211.674073;2211.674073;2211.674073;0;0
DEPOSIT_RUONIA;D;20210511;000000;2212.045318;2212.045318;2212.045318;2212.045318;0;0
DEPOSIT_RUONIA;D;20210512;000000;2212.420137;2212.420137;2212.420137;2212.420137;0;0
DEPOSIT_RUONIA;D;20210513;000000;2212.837160;2212.837160;2212.837160;2212.837160;0;0
DEPOSIT_RUONIA;D;20210514;000000;2213.262166;2213.262166;2213.262166;2213.262166;0;0
DEPOSIT_RUONIA;D;20210517;000000;2213.698670;2213.698670;2213.698670;2213.698670;0;0
DEPOSIT_RUONIA;D;20210518;000000;2214.135261;2214.135261;2214.135261;2214.135261;0;0
DEPOSIT_RUONIA;D;20210519;000000;2214.571937;2214.571937;2214.571937;2214.571937;0;0
DEPOSIT_RUONIA;D;20210520;000000;2215.003427;2215.003427;2215.003427;2215.003427;0;0
DEPOSIT_RUONIA;D;20210521;000000;2215.426212;2215.426212;2215.426212;2215.426212;0;0
DEPOSIT_RUONIA;D;20210524;000000;2215.849956;2215.849956;2215.849956;2215.849956;0;0
DEPOSIT_RUONIA;D;20210525;000000;2216.269385;2216.269385;2216.269385;2216.269385;0;0
DEPOSIT_RUONIA;D;20210526;000000;2216.699446;2216.699446;2216.699446;2216.699446;0;0
DEPOSIT_RUONIA;D;20210527;000000;2217.130471;2217.130471;2217.130471;2217.130471;0;0
DEPOSIT_RUONIA;D;20210528;000000;2217.564219;2217.564219;2217.564219;2217.564219;0;0
DEPOSIT_RUONIA;D;20210531;000000;2218.001572;2218.001572;2218.001572;2218.001572;0;0
DEPOSIT_RUONIA;D;20210601;000000;2218.428450;2218.428450;2218.428450;2218.428450;0;0
DEPOSIT_RUONIA;D;20210602;000000;2218.848366;2218.848366;2218.848366;2218.848366;0;0
DEPOSIT_RUONIA;D;20210603;000000;2219.271004;2219.271004;2219.271004;2219.271004;0;0
DEPOSIT_RUONIA;D;20210604;000000;2219.688439;2219.688439;2219.688439;2219.688439;0;0
DEPOSIT_RUONIA;D;20210607;000000;2220.106832;2220.106832;2220.106832;2220.106832;0;0
DEPOSIT_RUONIA;D;20210608;000000;2220.492708;2220.492708;2220.492708;2220.492708;0;0
DEPOSIT_RUONIA;D;20210609;000000;2220.909491;2220.909491;2220.909491;2220.909491;0;0
DEPOSIT_RUONIA;D;20210610;000000;2221.350148;2221.350148;2221.350148;2221.350148;0;0
DEPOSIT_RUONIA;D;20210611;000000;2221.794418;2221.794418;2221.794418;2221.794418;0;0
DEPOSIT_RUONIA;D;20210614;000000;2222.252883;2222.252883;2222.252883;2222.252883;0;0
DEPOSIT_RUONIA;D;20210615;000000;2222.711443;2222.711443;2222.711443;2222.711443;0;0
DEPOSIT_RUONIA;D;20210616;000000;2223.184210;2223.184210;2223.184210;2223.184210;0;0
DEPOSIT_RUONIA;D;20210617;000000;2223.657078;2223.657078;2223.657078;2223.657078;0;0
DEPOSIT_RUONIA;D;20210618;000000;2224.129164;2224.129164;2224.129164;2224.129164;0;0
DEPOSIT_RUONIA;D;20210621;000000;2224.600468;2224.600468;2224.600468;2224.600468;0;0
DEPOSIT_RUONIA;D;20210622;000000;2225.056864;2225.056864;2225.056864;2225.056864;0;0
DEPOSIT_RUONIA;D;20210623;000000;2225.514237;2225.514237;2225.514237;2225.514237;0;0
DEPOSIT_RUONIA;D;20210624;000000;2225.963755;2225.963755;2225.963755;2225.963755;0;0
DEPOSIT_RUONIA;D;20210625;000000;2226.414248;2226.414248;2226.414248;2226.414248;0;0
DEPOSIT_RUONIA;D;20210628;000000;2226.893987;2226.893987;2226.893987;2226.893987;0;0
DEPOSIT_RUONIA;D;20210629;000000;2227.376481;2227.376481;2227.376481;2227.376481;0;0
DEPOSIT_RUONIA;D;20210630;000000;2227.855544;2227.855544;2227.855544;2227.855544;0;0
DEPOSIT_RUONIA;D;20210701;000000;2228.322332;2228.322332;2228.322332;2228.322332;0;0
DEPOSIT_RUONIA;D;20210702;000000;2228.769765;2228.769765;2228.769765;2228.769765;0;0
DEPOSIT_RUONIA;D;20210705;000000;2229.221710;2229.221710;2229.221710;2229.221710;0;0
DEPOSIT_RUONIA;D;20210706;000000;2229.691439;2229.691439;2229.691439;2229.691439;0;0
DEPOSIT_RUONIA;D;20210707;000000;2230.157728;2230.157728;2230.157728;2230.157728;0;0
DEPOSIT_RUONIA;D;20210708;000000;2230.632079;2230.632079;2230.632079;2230.632079;0;0
DEPOSIT_RUONIA;D;20210709;000000;2231.110957;2231.110957;2231.110957;2231.110957;0;0
DEPOSIT_RUONIA;D;20210712;000000;2231.596135;2231.596135;2231.596135;2231.596135;0;0
DEPOSIT_RUONIA;D;20210713;000000;2232.083189;2232.083189;2232.083189;2232.083189;0;0
DEPOSIT_RUONIA;D;20210714;000000;2232.574779;2232.574779;2232.574779;2232.574779;0;0
DEPOSIT_RUONIA;D;20210715;000000;2233.070907;2233.070907;2233.070907;2233.070907;0;0
DEPOSIT_RUONIA;D;20210716;000000;2233.567145;2233.567145;2233.567145;2233.567145;0;0
DEPOSIT_RUONIA;D;20210719;000000;2234.073243;2234.073243;2234.073243;2234.073243;0;0
DEPOSIT_RUONIA;D;20210720;000000;2234.585661;2234.585661;2234.585661;2234.585661;0;0
DEPOSIT_RUONIA;D;20210721;000000;2235.104404;2235.104404;2235.104404;2235.104404;0;0
DEPOSIT_RUONIA;D;20210722;000000;2235.615285;2235.615285;2235.615285;2235.615285;0;0
DEPOSIT_RUONIA;D;20210723;000000;2236.120960;2236.120960;2236.120960;2236.120960;0;0
DEPOSIT_RUONIA;D;20210726;000000;2236.631186;2236.631186;2236.631186;2236.631186;0;0
DEPOSIT_RUONIA;D;20210727;000000;2237.185906;2237.185906;2237.185906;2237.185906;0;0
DEPOSIT_RUONIA;D;20210728;000000;2237.739876;2237.739876;2237.739876;2237.739876;0;0
DEPOSIT_RUONIA;D;20210729;000000;2238.326839;2238.326839;2238.326839;2238.326839;0;0
DEPOSIT_RUONIA;D;20210730;000000;2238.965473;2238.965473;2238.965473;2238.965473;0;0
DEPOSIT_RUONIA;D;20210802;000000;2239.566084;2239.566084;2239.566084;2239.566084;0;0
DEPOSIT_RUONIA;D;20210803;000000;2240.116200;2240.116200;2240.116200;2240.116200;0;0
DEPOSIT_RUONIA;D;20210804;000000;2240.614892;2240.614892;2240.614892;2240.614892;0;0
DEPOSIT_RUONIA;D;20210805;000000;2241.135924;2241.135924;2241.135924;2241.135924;0;0
DEPOSIT_RUONIA;D;20210806;000000;2241.647294;2241.647294;2241.647294;2241.647294;0;0
DEPOSIT_RUONIA;D;20210809;000000;2242.182799;2242.182799;2242.182799;2242.182799;0;0
DEPOSIT_RUONIA;D;20210810;000000;2242.736227;2242.736227;2242.736227;2242.736227;0;0
DEPOSIT_RUONIA;D;20210811;000000;2243.292461;2243.292461;2243.292461;2243.292461;0;0
DEPOSIT_RUONIA;D;20210812;000000;2243.847943;2243.847943;2243.847943;2243.847943;0;0
DEPOSIT_RUONIA;D;20210813;000000;2244.410685;2244.410685;2244.410685;2244.410685;0;0
DEPOSIT_RUONIA;D;20210816;000000;2244.979804;2244.979804;2244.979804;2244.979804;0;0
DEPOSIT_RUONIA;D;20210817;000000;2245.558866;2245.558866;2245.558866;2245.558866;0;0
DEPOSIT_RUONIA;D;20210818;000000;2246.155900;2246.155900;2246.155900;2246.155900;0;0
DEPOSIT_RUONIA;D;20210819;000000;2246.733483;2246.733483;2246.733483;2246.733483;0;0
DEPOSIT_RUONIA;D;20210820;000000;2247.309431;2247.309431;2247.309431;2247.309431;0;0
DEPOSIT_RUONIA;D;20210823;000000;2247.885527;2247.885527;2247.885527;2247.885527;0;0
DEPOSIT_RUONIA;D;20210824;000000;2248.456418;2248.456418;2248.456418;2248.456418;0;0
DEPOSIT_RUONIA;D;20210825;000000;2249.031916;2249.031916;2249.031916;2249.031916;0;0
DEPOSIT_RUONIA;D;20210826;000000;2249.612916;2249.612916;2249.612916;2249.612916;0;0
DEPOSIT_RUONIA;D;20210827;000000;2250.191388;2250.191388;2250.191388;2250.191388;0;0
DEPOSIT_RUONIA;D;20210830;000000;2250.769116;2250.769116;2250.769116;2250.769116;0;0
DEPOSIT_RUONIA;D;20210831;000000;2251.350564;2251.350564;2251.350564;2251.350564;0;0
DEPOSIT_RUONIA;D;20210901;000000;2251.929483;2251.929483;2251.929483;2251.929483;0;0
DEPOSIT_RUONIA;D;20210902;000000;2252.494253;2252.494253;2252.494253;2252.494253;0;0
DEPOSIT_RUONIA;D;20210903;000000;2253.035030;2253.035030;2253.035030;2253.035030;0;0
DEPOSIT_RUONIA;D;20210906;000000;2253.600077;2253.600077;2253.600077;2253.600077;0;0
DEPOSIT_RUONIA;D;20210907;000000;2254.160794;2254.160794;2254.160794;2254.160794;0;0
DEPOSIT_RUONIA;D;20210908;000000;2254.727912;2254.727912;2254.727912;2254.727912;0;0
DEPOSIT_RUONIA;D;20210909;000000;2255.304121;2255.304121;2255.304121;2255.304121;0;0
DEPOSIT_RUONIA;D;20210910;000000;2255.886741;2255.886741;2255.886741;2255.886741;0;0
DEPOSIT_RUONIA;D;20210913;000000;2256.485625;2256.485625;2256.485625;2256.485625;0;0
DEPOSIT_RUONIA;D;20210914;000000;2257.079296;2257.079296;2257.079296;2257.079296;0;0
DEPOSIT_RUONIA;D;20210915;000000;2257.676705;2257.676705;2257.676705;2257.676705;0;0
DEPOSIT_RUONIA;D;20210916;000000;2258.272481;2258.272481;2258.272481;2258.272481;0;0
DEPOSIT_RUONIA;D;20210917;000000;2258.872895;2258.872895;2258.872895;2258.872895;0;0
DEPOSIT_RUONIA;D;20210920;000000;2259.472572;2259.472572;2259.472572;2259.472572;0;0
DEPOSIT_RUONIA;D;20210921;000000;2260.077788;2260.077788;2260.077788;2260.077788;0;0
DEPOSIT_RUONIA;D;20210922;000000;2260.674197;2260.674197;2260.674197;2260.674197;0;0
DEPOSIT_RUONIA;D;20210923;000000;2261.265381;2261.265381;2261.265381;2261.265381;0;0
DEPOSIT_RUONIA;D;20210924;000000;2261.849541;2261.849541;2261.849541;2261.849541;0;0
DEPOSIT_RUONIA;D;20210927;000000;2262.438340;2262.438340;2262.438340;2262.438340;0;0
DEPOSIT_RUONIA;D;20210928;000000;2263.038964;2263.038964;2263.038964;2263.038964;0;0
DEPOSIT_RUONIA;D;20210929;000000;2263.645135;2263.645135;2263.645135;2263.645135;0;0
DEPOSIT_RUONIA;D;20210930;000000;2264.245181;2264.245181;2264.245181;2264.245181;0;0
DEPOSIT_RUONIA;D;20211001;000000;2264.854370;2264.854370;2264.854370;2264.854370;0;0
DEPOSIT_RUONIA;D;20211004;000000;2265.451142;2265.451142;2265.451142;2265.451142;0;0
DEPOSIT_RUONIA;D;20211005;000000;2266.047171;2266.047171;2266.047171;2266.047171;0;0
DEPOSIT_RUONIA;D;20211006;000000;2266.627171;2266.627171;2266.627171;2266.627171;0;0
DEPOSIT_RUONIA;D;20211007;000000;2267.203722;2267.203722;2267.203722;2267.203722;0;0
DEPOSIT_RUONIA;D;20211008;000000;2267.778620;2267.778620;2267.778620;2267.778620;0;0
DEPOSIT_RUONIA;D;20211011;000000;2268.348264;2268.348264;2268.348264;2268.348264;0;0
DEPOSIT_RUONIA;D;20211012;000000;2268.936955;2268.936955;2268.936955;2268.936955;0;0
DEPOSIT_RUONIA;D;20211013;000000;2269.502388;2269.502388;2269.502388;2269.502388;0;0
DEPOSIT_RUONIA;D;20211014;000000;2270.103086;2270.103086;2270.103086;2270.103086;0;0
DEPOSIT_RUONIA;D;20211015;000000;2270.713852;2270.713852;2270.713852;2270.713852;0;0
DEPOSIT_RUONIA;D;20211018;000000;2271.325683;2271.325683;2271.325683;2271.325683;0;0
DEPOSIT_RUONIA;D;20211019;000000;2271.947594;2271.947594;2271.947594;2271.947594;0;0
DEPOSIT_RUONIA;D;20211020;000000;2272.565167;2272.565167;2272.565167;2272.565167;0;0
DEPOSIT_RUONIA;D;20211021;000000;2273.183809;2273.183809;2273.183809;2273.183809;0;0
DEPOSIT_RUONIA;D;20211022;000000;2273.799012;2273.799012;2273.799012;2273.799012;0;0
DEPOSIT_RUONIA;D;20211025;000000;2274.430623;2274.430623;2274.430623;2274.430623;0;0
DEPOSIT_RUONIA;D;20211026;000000;2275.096706;2275.096706;2275.096706;2275.096706;0;0
DEPOSIT_RUONIA;D;20211027;000000;2275.755762;2275.755762;2275.755762;2275.755762;0;0
DEPOSIT_RUONIA;D;20211028;000000;2276.413203;2276.413203;2276.413203;2276.413203;0;0
DEPOSIT_RUONIA;D;20211029;000000;2277.075350;2277.075350;2277.075350;2277.075350;0;0
DEPOSIT_RUONIA;D;20211101;000000;2277.739497;2277.739497;2277.739497;2277.739497;0;0
DEPOSIT_RUONIA;D;20211102;000000;2278.382145;2278.382145;2278.382145;2278.382145;0;0
DEPOSIT_RUONIA;D;20211103;000000;2279.002371;2279.002371;2279.002371;2279.002371;0;0
DEPOSIT_RUONIA;D;20211105;000000;2279.643567;2279.643567;2279.643567;2279.643567;0;0
DEPOSIT_RUONIA;D;20211109;000000;2280.284943;2280.284943;2280.284943;2280.284943;0;0
DEPOSIT_RUONIA;D;20211110;000000;2280.963599;2280.963599;2280.963599;2280.963599;0;0
DEPOSIT_RUONIA;D;20211111;000000;2281.623449;2281.623449;2281.623449;2281.623449;0;0
DEPOSIT_RUONIA;D;20211112;000000;2282.286206;2282.286206;2282.286206;2282.286206;0;0
DEPOSIT_RUONIA;D;20211115;000000;2282.943722;2282.943722;2282.943722;2282.943722;0;0
DEPOSIT_RUONIA;D;20211116;000000;2283.606863;2283.606863;2283.606863;2283.606863;0;0
DEPOSIT_RUONIA;D;20211117;000000;2284.274727;2284.274727;2284.274727;2284.274727;0;0
DEPOSIT_RUONIA;D;20211118;000000;2284.949132;2284.949132;2284.949132;2284.949132;0;0
DEPOSIT_RUONIA;D;20211119;000000;2285.627363;2285.627363;2285.627363;2285.627363;0;0
DEPOSIT_RUONIA;D;20211122;000000;2286.297632;2286.297632;2286.297632;2286.297632;0;0
DEPOSIT_RUONIA;D;20211123;000000;2286.959933;2286.959933;2286.959933;2286.959933;0;0
DEPOSIT_RUONIA;D;20211124;000000;2287.622425;2287.622425;2287.622425;2287.622425;0;0
DEPOSIT_RUONIA;D;20211125;000000;2288.282386;2288.282386;2288.282386;2288.282386;0;0
DEPOSIT_RUONIA;D;20211126;000000;2288.962515;2288.962515;2288.962515;2288.962515;0;0
DEPOSIT_RUONIA;D;20211129;000000;2289.628312;2289.628312;2289.628312;2289.628312;0;0
DEPOSIT_RUONIA;D;20211130;000000;2290.297029;2290.297029;2290.297029;2290.297029;0;0
DEPOSIT_RUONIA;D;20211201;000000;2290.957761;2290.957761;2290.957761;2290.957761;0;0
DEPOSIT_RUONIA;D;20211202;000000;2291.587775;2291.587775;2291.587775;2291.587775;0;0
DEPOSIT_RUONIA;D;20211203;000000;2292.217961;2292.217961;2292.217961;2292.217961;0;0
DEPOSIT_RUONIA;D;20211206;000000;2292.869242;2292.869242;2292.869242;2292.869242;0;0
DEPOSIT_RUONIA;D;20211207;000000;2293.525258;2293.525258;2293.525258;2293.525258;0;0
DEPOSIT_RUONIA;D;20211208;000000;2294.184191;2294.184191;2294.184191;2294.184191;0;0
DEPOSIT_RUONIA;D;20211209;000000;2294.861522;2294.861522;2294.861522;2294.861522;0;0
DEPOSIT_RUONIA;D;20211210;000000;2295.543606;2295.543606;2295.543606;2295.543606;0;0
DEPOSIT_RUONIA;D;20211213;000000;2296.222248;2296.222248;2296.222248;2296.222248;0;0
DEPOSIT_RUONIA;D;20211214;000000;2296.896536;2296.896536;2296.896536;2296.896536;0;0
DEPOSIT_RUONIA;D;20211215;000000;2297.569198;2297.569198;2297.569198;2297.569198;0;0
DEPOSIT_RUONIA;D;20211216;000000;2298.240235;2298.240235;2298.240235;2298.240235;0;0
DEPOSIT_RUONIA;D;20211217;000000;2298.910555;2298.910555;2298.910555;2298.910555;0;0
DEPOSIT_RUONIA;D;20211220;000000;2299.594754;2299.594754;2299.594754;2299.594754;0;0
DEPOSIT_RUONIA;D;20211221;000000;2300.331172;2300.331172;2300.331172;2300.331172;0;0
DEPOSIT_RUONIA;D;20211222;000000;2301.042266;2301.042266;2301.042266;2301.042266;0;0
DEPOSIT_RUONIA;D;20211223;000000;2301.780061;2301.780061;2301.780061;2301.780061;0;0
DEPOSIT_RUONIA;D;20211224;000000;2302.489776;2302.489776;2302.489776;2302.489776;0;0
DEPOSIT_RUONIA;D;20211227;000000;2303.221639;2303.221639;2303.221639;2303.221639;0;0
DEPOSIT_RUONIA;D;20211228;000000;2303.966530;2303.966530;2303.966530;2303.966530;0;0
DEPOSIT_RUONIA;D;20211229;000000;2304.724462;2304.724462;2304.724462;2304.724462;0;0
DEPOSIT_RUONIA;D;20220103;000000;2305.468010;2305.468010;2305.468010;2305.468010;0;0
DEPOSIT_RUONIA;D;20220104;000000;2306.211798;2306.211798;2306.211798;2306.211798;0;0
DEPOSIT_RUONIA;D;20220105;000000;2306.955826;2306.955826;2306.955826;2306.955826;0;0
DEPOSIT_RUONIA;D;20220106;000000;2307.700094;2307.700094;2307.700094;2307.700094;0;0
DEPOSIT_RUONIA;D;20220107;000000;2308.444602;2308.444602;2308.444602;2308.444602;0;0
DEPOSIT_RUONIA;D;20220110;000000;2309.189350;2309.189350;2309.189350;2309.189350;0;0
DEPOSIT_RUONIA;D;20220111;000000;2309.926092;2309.926092;2309.926092;2309.926092;0;0
DEPOSIT_RUONIA;D;20220112;000000;2310.664901;2310.664901;2310.664901;2310.664901;0;0
DEPOSIT_RUONIA;D;20220113;000000;2311.404864;2311.404864;2311.404864;2311.404864;0;0
DEPOSIT_RUONIA;D;20220114;000000;2312.146898;2312.146898;2312.146898;2312.146898;0;0
DEPOSIT_RUONIA;D;20220117;000000;2312.899264;2312.899264;2312.899264;2312.899264;0;0
DEPOSIT_RUONIA;D;20220118;000000;2313.660134;2313.660134;2313.660134;2313.660134;0;0
DEPOSIT_RUONIA;D;20220119;000000;2314.420337;2314.420337;2314.420337;2314.420337;0;0
DEPOSIT_RUONIA;D;20220120;000000;2315.178034;2315.178034;2315.178034;2315.178034;0;0
DEPOSIT_RUONIA;D;20220121;000000;2315.936898;2315.936898;2315.936898;2315.936898;0;0
DEPOSIT_RUONIA;D;20220124;000000;2316.698768;2316.698768;2316.698768;2316.698768;0;0
DEPOSIT_RUONIA;D;20220125;000000;2317.464565;2317.464565;2317.464565;2317.464565;0;0
DEPOSIT_RUONIA;D;20220126;000000;2318.238893;2318.238893;2318.238893;2318.238893;0;0
DEPOSIT_RUONIA;D;20220127;000000;2319.016239;2319.016239;2319.016239;2319.016239;0;0
DEPOSIT_RUONIA;D;20220128;000000;2319.795686;2319.795686;2319.795686;2319.795686;0;0
DEPOSIT_RUONIA;D;20220131;000000;2320.570792;2320.570792;2320.570792;2320.570792;0;0
DEPOSIT_RUONIA;D;20220201;000000;2321.333265;2321.333265;2321.333265;2321.333265;0;0
DEPOSIT_RUONIA;D;20220202;000000;2322.082172;2322.082172;2322.082172;2322.082172;0;0
DEPOSIT_RUONIA;D;20220203;000000;2322.835005;2322.835005;2322.835005;2322.835005;0;0
DEPOSIT_RUONIA;D;20220204;000000;2323.583474;2323.583474;2323.583474;2323.583474;0;0
DEPOSIT_RUONIA;D;20220207;000000;2324.322042;2324.322042;2324.322042;2324.322042;0;0
DEPOSIT_RUONIA;D;20220208;000000;2325.043320;2325.043320;2325.043320;2325.043320;0;0
DEPOSIT_RUONIA;D;20220209;000000;2325.804495;2325.804495;2325.804495;2325.804495;0;0
DEPOSIT_RUONIA;D;20220210;000000;2326.589915;2326.589915;2326.589915;2326.589915;0;0
DEPOSIT_RUONIA;D;20220211;000000;2327.394066;2327.394066;2327.394066;2327.394066;0;0
DEPOSIT_RUONIA;D;20220214;000000;2328.222507;2328.222507;2328.222507;2328.222507;0;0
DEPOSIT_RUONIA;D;20220215;000000;2329.087276;2329.087276;2329.087276;2329.087276;0;0
DEPOSIT_RUONIA;D;20220216;000000;2329.956062;2329.956062;2329.956062;2329.956062;0;0
DEPOSIT_RUONIA;D;20220217;000000;2330.834419;2330.834419;2330.834419;2330.834419;0;0
DEPOSIT_RUONIA;D;20220218;000000;2331.713106;2331.713106;2331.713106;2331.713106;0;0
DEPOSIT_RUONIA;D;20220221;000000;2332.595826;2332.595826;2332.595826;2332.595826;0;0
DEPOSIT_RUONIA;D;20220222;000000;2333.475178;2333.475178;2333.475178;2333.475178;0;0
DEPOSIT_RUONIA;D;20220224;000000;2334.367825;2334.367825;2334.367825;2334.367825;0;0
DEPOSIT_RUONIA;D;20220225;000000;2335.261739;2335.261739;2335.261739;2335.261739;0;0
DEPOSIT_RUONIA;D;20220329;000000;2336.188431;2336.188431;2336.188431;2336.188431;0;0
DEPOSIT_RUONIA;D;20220330;000000;2337.977654;2337.977654;2337.977654;2337.977654;0;0
DEPOSIT_RUONIA;D;20220331;000000;2339.777526;2339.777526;2339.777526;2339.777526;0;0
DEPOSIT_RUONIA;D;20220401;000000;2341.564856;2341.564856;2341.564856;2341.564856;0;0
DEPOSIT_RUONIA;D;20220404;000000;2343.353551;2343.353551;2343.353551;2343.353551;0;0
DEPOSIT_RUONIA;D;20220405;000000;2345.127805;2345.127805;2345.127805;2345.127805;0;0
DEPOSIT_RUONIA;D;20220406;000000;2346.900610;2346.900610;2346.900610;2346.900610;0;0
DEPOSIT_RUONIA;D;20220407;000000;2348.692450;2348.692450;2348.692450;2348.692450;0;0
DEPOSIT_RUONIA;D;20220408;000000;2350.486590;2350.486590;2350.486590;2350.486590;0;0
DEPOSIT_RUONIA;D;20220411;000000;2352.281168;2352.281168;2352.281168;2352.281168;0;0
DEPOSIT_RUONIA;D;20220412;000000;2353.800816;2353.800816;2353.800816;2353.800816;0;0
DEPOSIT_RUONIA;D;20220413;000000;2355.324248;2355.324248;2355.324248;2355.324248;0;0
DEPOSIT_RUONIA;D;20220414;000000;2356.843058;2356.843058;2356.843058;2356.843058;0;0
DEPOSIT_RUONIA;D;20220415;000000;2358.362848;2358.362848;2358.362848;2358.362848;0;0
DEPOSIT_RUONIA;D;20220418;000000;2359.883618;2359.883618;2359.883618;2359.883618;0;0
DEPOSIT_RUONIA;D;20220419;000000;2361.405368;2361.405368;2361.405368;2361.405368;0;0
DEPOSIT_RUONIA;D;20220420;000000;2362.928100;2362.928100;2362.928100;2362.928100;0;0
DEPOSIT_RUONIA;D;20220421;000000;2364.450876;2364.450876;2364.450876;2364.450876;0;0
DEPOSIT_RUONIA;D;20220422;000000;2365.975571;2365.975571;2365.975571;2365.975571;0;0
DEPOSIT_RUONIA;D;20220425;000000;2367.501250;2367.501250;2367.501250;2367.501250;0;0
DEPOSIT_RUONIA;D;20220426;000000;2369.027912;2369.027912;2369.027912;2369.027912;0;0
DEPOSIT_RUONIA;D;20220427;000000;2370.561200;2370.561200;2370.561200;2370.561200;0;0
DEPOSIT_RUONIA;D;20220428;000000;2372.099243;2372.099243;2372.099243;2372.099243;0;0
DEPOSIT_RUONIA;D;20220429;000000;2373.652403;2373.652403;2373.652403;2373.652403;0;0
DEPOSIT_RUONIA;D;20220504;000000;2375.212231;2375.212231;2375.212231;2375.212231;0;0
DEPOSIT_RUONIA;D;20220505;000000;2376.501632;2376.501632;2376.501632;2376.501632;0;0
DEPOSIT_RUONIA;D;20220506;000000;2377.821911;2377.821911;2377.821911;2377.821911;0;0
DEPOSIT_RUONIA;D;20220511;000000;2379.157077;2379.157077;2379.157077;2379.157077;0;0
DEPOSIT_RUONIA;D;20220512;000000;2380.487328;2380.487328;2380.487328;2380.487328;0;0
DEPOSIT_RUONIA;D;20220513;000000;2381.819267;2381.819267;2381.819267;2381.819267;0;0
DEPOSIT_RUONIA;D;20220516;000000;2383.157623;2383.157623;2383.157623;2383.157623;0;0
DEPOSIT_RUONIA;D;20220517;000000;2384.437151;2384.437151;2384.437151;2384.437151;0;0
DEPOSIT_RUONIA;D;20220518;000000;2385.759946;2385.759946;2385.759946;2385.759946;0;0
DEPOSIT_RUONIA;D;20220519;000000;2387.081582;2387.081582;2387.081582;2387.081582;0;0
DEPOSIT_RUONIA;D;20220520;000000;2388.397318;2388.397318;2388.397318;2388.397318;0;0
DEPOSIT_RUONIA;D;20220523;000000;2389.693877;2389.693877;2389.693877;2389.693877;0;0
DEPOSIT_RUONIA;D;20220524;000000;2390.989243;2390.989243;2390.989243;2390.989243;0;0
DEPOSIT_RUONIA;D;20220525;000000;2392.270130;2392.270130;2392.270130;2392.270130;0;0
DEPOSIT_RUONIA;D;20220526;000000;2393.555500;2393.555500;2393.555500;2393.555500;0;0
DEPOSIT_RUONIA;D;20220527;000000;2394.822565;2394.822565;2394.822565;2394.822565;0;0
DEPOSIT_RUONIA;D;20220601;000000;2395.834663;2395.834663;2395.834663;2395.834663;0;0
DEPOSIT_RUONIA;D;20220602;000000;2396.847188;2396.847188;2396.847188;2396.847188;0;0
DEPOSIT_RUONIA;D;20220603;000000;2397.859190;2397.859190;2397.859190;2397.859190;0;0
DEPOSIT_RUONIA;D;20220606;000000;2398.871620;2398.871620;2398.871620;2398.871620;0;0
DEPOSIT_RUONIA;D;20220607;000000;2399.859726;2399.859726;2399.859726;2399.859726;0;0
DEPOSIT_RUONIA;D;20220608;000000;2400.839669;2400.839669;2400.839669;2400.839669;0;0
DEPOSIT_RUONIA;D;20220609;000000;2401.839066;2401.839066;2401.839066;2401.839066;0;0
DEPOSIT_RUONIA;D;20220610;000000;2402.871285;2402.871285;2402.871285;2402.871285;0;0
DEPOSIT_RUONIA;D;20220614;000000;2403.882017;2403.882017;2403.882017;2403.882017;0;0
DEPOSIT_RUONIA;D;20220615;000000;2404.808274;2404.808274;2404.808274;2404.808274;0;0
DEPOSIT_RUONIA;D;20220616;000000;2405.724392;2405.724392;2405.724392;2405.724392;0;0
DEPOSIT_RUONIA;D;20220617;000000;2406.612219;2406.612219;2406.612219;2406.612219;0;0
DEPOSIT_RUONIA;D;20220620;000000;2407.470768;2407.470768;2407.470768;2407.470768;0;0
DEPOSIT_RUONIA;D;20220621;000000;2408.306695;2408.306695;2408.306695;2408.306695;0;0
DEPOSIT_RUONIA;D;20220622;000000;2409.156292;2409.156292;2409.156292;2409.156292;0;0
DEPOSIT_RUONIA;D;20220623;000000;2410.006189;2410.006189;2410.006189;2410.006189;0;0
DEPOSIT_RUONIA;D;20220624;000000;2410.862124;2410.862124;2410.862124;2410.862124;0;0
DEPOSIT_RUONIA;D;20220627;000000;2411.709752;2411.709752;2411.709752;2411.709752;0;0
DEPOSIT_RUONIA;D;20220628;000000;2412.556722;2412.556722;2412.556722;2412.556722;0;0
DEPOSIT_RUONIA;D;20220629;000000;2413.417392;2413.417392;2413.417392;2413.417392;0;0
DEPOSIT_RUONIA;D;20220630;000000;2414.278369;2414.278369;2414.278369;2414.278369;0;0
DEPOSIT_RUONIA;D;20220701;000000;2415.140611;2415.140611;2415.140611;2415.140611;0;0
DEPOSIT_RUONIA;D;20220704;000000;2415.993578;2415.993578;2415.993578;2415.993578;0;0
DEPOSIT_RUONIA;D;20220705;000000;2416.833423;2416.833423;2416.833423;2416.833423;0;0
DEPOSIT_RUONIA;D;20220706;000000;2417.673560;2417.673560;2417.673560;2417.673560;0;0
DEPOSIT_RUONIA;D;20220707;000000;2418.520705;2418.520705;2418.520705;2418.520705;0;0
DEPOSIT_RUONIA;D;20220708;000000;2419.378704;2419.378704;2419.378704;2419.378704;0;0
DEPOSIT_RUONIA;D;20220711;000000;2420.252369;2420.252369;2420.252369;2420.252369;0;0
DEPOSIT_RUONIA;D;20220712;000000;2421.150359;2421.150359;2421.150359;2421.150359;0;0
DEPOSIT_RUONIA;D;20220713;000000;2422.068859;2422.068859;2422.068859;2422.068859;0;0
DEPOSIT_RUONIA;D;20220714;000000;2422.943495;2422.943495;2422.943495;2422.943495;0;0
DEPOSIT_RUONIA;D;20220715;000000;2423.830946;2423.830946;2423.830946;2423.830946;0;0
DEPOSIT_RUONIA;D;20220718;000000;2424.729303;2424.729303;2424.729303;2424.729303;0;0
DEPOSIT_RUONIA;D;20220719;000000;2425.628954;2425.628954;2425.628954;2425.628954;0;0
DEPOSIT_RUONIA;D;20220720;000000;2426.526052;2426.526052;2426.526052;2426.526052;0;0
DEPOSIT_RUONIA;D;20220721;000000;2427.420593;2427.420593;2427.420593;2427.420593;0;0
DEPOSIT_RUONIA;D;20220722;000000;2428.317390;2428.317390;2428.317390;2428.317390;0;0
DEPOSIT_RUONIA;D;20220725;000000;2429.207773;2429.207773;2429.207773;2429.207773;0;0
DEPOSIT_RUONIA;D;20220726;000000;2429.983770;2429.983770;2429.983770;2429.983770;0;0
DEPOSIT_RUONIA;D;20220727;000000;2430.763872;2430.763872;2430.763872;2430.763872;0;0
DEPOSIT_RUONIA;D;20220728;000000;2431.560622;2431.560622;2431.560622;2431.560622;0;0
DEPOSIT_RUONIA;D;20220729;000000;2432.342195;2432.342195;2432.342195;2432.342195;0;0
DEPOSIT_RUONIA;D;20220801;000000;2433.124020;2433.124020;2433.124020;2433.124020;0;0
DEPOSIT_RUONIA;D;20220802;000000;2433.905130;2433.905130;2433.905130;2433.905130;0;0
DEPOSIT_RUONIA;D;20220803;000000;2434.682627;2434.682627;2434.682627;2434.682627;0;0
DEPOSIT_RUONIA;D;20220804;000000;2435.454576;2435.454576;2435.454576;2435.454576;0;0
DEPOSIT_RUONIA;D;20220805;000000;2436.204541;2436.204541;2436.204541;2436.204541;0;0
DEPOSIT_RUONIA;D;20220808;000000;2436.952804;2436.952804;2436.952804;2436.952804;0;0
DEPOSIT_RUONIA;D;20220809;000000;2437.685824;2437.685824;2437.685824;2437.685824;0;0
DEPOSIT_RUONIA;D;20220810;000000;2438.462595;2438.462595;2438.462595;2438.462595;0;0
DEPOSIT_RUONIA;D;20220811;000000;2439.226066;2439.226066;2439.226066;2439.226066;0;0
DEPOSIT_RUONIA;D;20220812;000000;2440.007199;2440.007199;2440.007199;2440.007199;0;0
DEPOSIT_RUONIA;D;20220815;000000;2440.800201;2440.800201;2440.800201;2440.800201;0;0
DEPOSIT_RUONIA;D;20220816;000000;2441.582807;2441.582807;2441.582807;2441.582807;0;0
DEPOSIT_RUONIA;D;20220817;000000;2442.352099;2442.352099;2442.352099;2442.352099;0;0
DEPOSIT_RUONIA;D;20220818;000000;2443.113881;2443.113881;2443.113881;2443.113881;0;0
DEPOSIT_RUONIA;D;20220819;000000;2443.876869;2443.876869;2443.876869;2443.876869;0;0
DEPOSIT_RUONIA;D;20220822;000000;2444.655612;2444.655612;2444.655612;2444.655612;0;0
DEPOSIT_RUONIA;D;20220823;000000;2445.423933;2445.423933;2445.423933;2445.423933;0;0
DEPOSIT_RUONIA;D;20220824;000000;2446.199287;2446.199287;2446.199287;2446.199287;0;0
DEPOSIT_RUONIA;D;20220825;000000;2446.971976;2446.971976;2446.971976;2446.971976;0;0
DEPOSIT_RUONIA;D;20220826;000000;2447.740053;2447.740053;2447.740053;2447.740053;0;0
DEPOSIT_RUONIA;D;20220829;000000;2448.506429;2448.506429;2448.506429;2448.506429;0;0
DEPOSIT_RUONIA;D;20220830;000000;2449.285675;2449.285675;2449.285675;2449.285675;0;0
DEPOSIT_RUONIA;D;20220831;000000;2450.052535;2450.052535;2450.052535;2450.052535;0;0
DEPOSIT_RUONIA;D;20220901;000000;2450.833246;2450.833246;2450.833246;2450.833246;0;0
DEPOSIT_RUONIA;D;20220902;000000;2451.605453;2451.605453;2451.605453;2451.605453;0;0
DEPOSIT_RUONIA;D;20220905;000000;2452.368175;2452.368175;2452.368175;2452.368175;0;0
DEPOSIT_RUONIA;D;20220906;000000;2453.136973;2453.136973;2453.136973;2453.136973;0;0
DEPOSIT_RUONIA;D;20220907;000000;2453.896277;2453.896277;2453.896277;2453.896277;0;0
DEPOSIT_RUONIA;D;20220908;000000;2454.656790;2454.656790;2454.656790;2454.656790;0;0
DEPOSIT_RUONIA;D;20220909;000000;2455.416565;2455.416565;2455.416565;2455.416565;0;0
DEPOSIT_RUONIA;D;20220912;000000;2456.178524;2456.178524;2456.178524;2456.178524;0;0
DEPOSIT_RUONIA;D;20220913;000000;2456.913428;2456.913428;2456.913428;2456.913428;0;0
DEPOSIT_RUONIA;D;20220914;000000;2457.670976;2457.670976;2457.670976;2457.670976;0;0
DEPOSIT_RUONIA;D;20220915;000000;2458.421931;2458.421931;2458.421931;2458.421931;0;0
DEPOSIT_RUONIA;D;20220916;000000;2459.177018;2459.177018;2459.177018;2459.177018;0;0
DEPOSIT_RUONIA;D;20220919;000000;2459.917699;2459.917699;2459.917699;2459.917699;0;0
DEPOSIT_RUONIA;D;20220920;000000;2460.634199;2460.634199;2460.634199;2460.634199;0;0
DEPOSIT_RUONIA;D;20220921;000000;2461.357742;2461.357742;2461.357742;2461.357742;0;0
DEPOSIT_RUONIA;D;20220922;000000;2462.094196;2462.094196;2462.094196;2462.094196;0;0
DEPOSIT_RUONIA;D;20220923;000000;2462.835755;2462.835755;2462.835755;2462.835755;0;0
DEPOSIT_RUONIA;D;20220926;000000;2463.570697;2463.570697;2463.570697;2463.570697;0;0
DEPOSIT_RUONIA;D;20220927;000000;2464.303902;2464.303902;2464.303902;2464.303902;0;0
DEPOSIT_RUONIA;D;20220928;000000;2465.045149;2465.045149;2465.045149;2465.045149;0;0
DEPOSIT_RUONIA;D;20220929;000000;2465.801292;2465.801292;2465.801292;2465.801292;0;0
DEPOSIT_RUONIA;D;20220930;000000;2466.573323;2466.573323;2466.573323;2466.573323;0;0
DEPOSIT_RUONIA;D;20221003;000000;2467.342659;2467.342659;2467.342659;2467.342659;0;0
DEPOSIT_RUONIA;D;20221004;000000;2468.142587;2468.142587;2468.142587;2468.142587;0;0
DEPOSIT_RUONIA;D;20221005;000000;2468.918289;2468.918289;2468.918289;2468.918289;0;0
DEPOSIT_RUONIA;D;20221006;000000;2469.692275;2469.692275;2469.692275;2469.692275;0;0
DEPOSIT_RUONIA;D;20221007;000000;2470.471404;2470.471404;2470.471404;2470.471404;0;0
DEPOSIT_RUONIA;D;20221010;000000;2471.252740;2471.252740;2471.252740;2471.252740;0;0
DEPOSIT_RUONIA;D;20221011;000000;2472.000000;2472.000000;2472.000000;2472.000000;0;0
DEPOSIT_RUONIA;D;20221012;000000;2472.740619;2472.740619;2472.740619;2472.740619;0;0
DEPOSIT_RUONIA;D;20221013;000000;2473.488328;2473.488328;2473.488328;2473.488328;0;0
DEPOSIT_RUONIA;D;20221014;000000;2474.239209;2474.239209;2474.239209;2474.239209;0;0
DEPOSIT_RUONIA;D;20221017;000000;2474.985408;2474.985408;2474.985408;2474.985408;0;0
DEPOSIT_RUONIA;D;20221018;000000;2475.727903;2475.727903;2475.727903;2475.727903;0;0
DEPOSIT_RUONIA;D;20221019;000000;2476.477499;2476.477499;2476.477499;2476.477499;0;0
DEPOSIT_RUONIA;D;20221020;000000;2477.229287;2477.229287;2477.229287;2477.229287;0;0
DEPOSIT_RUONIA;D;20221021;000000;2477.987201;2477.987201;2477.987201;2477.987201;0;0
DEPOSIT_RUONIA;D;20221024;000000;2478.746330;2478.746330;2478.746330;2478.746330;0;0
DEPOSIT_RUONIA;D;20221025;000000;2479.502741;2479.502741;2479.502741;2479.502741;0;0
DEPOSIT_RUONIA;D;20221026;000000;2480.260367;2480.260367;2480.260367;2480.260367;0;0
DEPOSIT_RUONIA;D;20221027;000000;2481.013303;2481.013303;2481.013303;2481.013303;0;0
DEPOSIT_RUONIA;D;20221028;000000;2481.763515;2481.763515;2481.763515;2481.763515;0;0
DEPOSIT_RUONIA;D;20221031;000000;2482.515922;2482.515922;2482.515922;2482.515922;0;0
DEPOSIT_RUONIA;D;20221101;000000;2483.258707;2483.258707;2483.258707;2483.258707;0;0
DEPOSIT_RUONIA;D;20221102;000000;2484.007626;2484.007626;2484.007626;2484.007626;0;0
DEPOSIT_RUONIA;D;20221103;000000;2484.761700;2484.761700;2484.761700;2484.761700;0;0
DEPOSIT_RUONIA;D;20221107;000000;2485.518961;2485.518961;2485.518961;2485.518961;0;0
DEPOSIT_RUONIA;D;20221108;000000;2486.271520;2486.271520;2486.271520;2486.271520;0;0
DEPOSIT_RUONIA;D;20221109;000000;2487.021348;2487.021348;2487.021348;2487.021348;0;0
DEPOSIT_RUONIA;D;20221110;000000;2487.779298;2487.779298;2487.779298;2487.779298;0;0
DEPOSIT_RUONIA;D;20221111;000000;2488.527606;2488.527606;2488.527606;2488.527606;0;0
DEPOSIT_RUONIA;D;20221114;000000;2489.227751;2489.227751;2489.227751;2489.227751;0;0
DEPOSIT_RUONIA;D;20221115;000000;2489.914264;2489.914264;2489.914264;2489.914264;0;0
DEPOSIT_RUONIA;D;20221116;000000;2490.614800;2490.614800;2490.614800;2490.614800;0;0
DEPOSIT_RUONIA;D;20221117;000000;2491.360008;2491.360008;2491.360008;2491.360008;0;0
DEPOSIT_RUONIA;D;20221118;000000;2492.106427;2492.106427;2492.106427;2492.106427;0;0
DEPOSIT_RUONIA;D;20221121;000000;2492.852081;2492.852081;2492.852081;2492.852081;0;0
DEPOSIT_RUONIA;D;20221122;000000;2493.586087;2493.586087;2493.586087;2493.586087;0;0
DEPOSIT_RUONIA;D;20221123;000000;2494.303488;2494.303488;2494.303488;2494.303488;0;0
DEPOSIT_RUONIA;D;20221124;000000;2494.988432;2494.988432;2494.988432;2494.988432;0;0
DEPOSIT_RUONIA;D;20221125;000000;2495.663663;2495.663663;2495.663663;2495.663663;0;0
DEPOSIT_RUONIA;D;20221128;000000;2496.359874;2496.359874;2496.359874;2496.359874;0;0
DEPOSIT_RUONIA;D;20221129;000000;2497.059251;2497.059251;2497.059251;2497.059251;0;0
DEPOSIT_RUONIA;D;20221130;000000;2497.766751;2497.766751;2497.766751;2497.766751;0;0
DEPOSIT_RUONIA;D;20221201;000000;2498.478416;2498.478416;2498.478416;2498.478416;0;0
DEPOSIT_RUONIA;D;20221202;000000;2499.194250;2499.194250;2499.194250;2499.194250;0;0
DEPOSIT_RUONIA;D;20221205;000000;2499.930124;2499.930124;2499.930124;2499.930124;0;0
DEPOSIT_RUONIA;D;20221206;000000;2500.653318;2500.653318;2500.653318;2500.653318;0;0
DEPOSIT_RUONIA;D;20221207;000000;2501.368783;2501.368783;2501.368783;2501.368783;0;0
DEPOSIT_RUONIA;D;20221208;000000;2502.089415;2502.089415;2502.089415;2502.089415;0;0
DEPOSIT_RUONIA;D;20221209;000000;2502.812241;2502.812241;2502.812241;2502.812241;0;0
DEPOSIT_RUONIA;D;20221212;000000;2503.537262;2503.537262;2503.537262;2503.537262;0;0
DEPOSIT_RUONIA;D;20221213;000000;2504.256532;2504.256532;2504.256532;2504.256532;0;0
DEPOSIT_RUONIA;D;20221214;000000;2504.974022;2504.974022;2504.974022;2504.974022;0;0
DEPOSIT_RUONIA;D;20221215;000000;2505.692711;2505.692711;2505.692711;2505.692711;0;0
DEPOSIT_RUONIA;D;20221216;000000;2506.412600;2506.412600;2506.412600;2506.412600;0;0
DEPOSIT_RUONIA;D;20221219;000000;2507.151594;2507.151594;2507.151594;2507.151594;0;0
DEPOSIT_RUONIA;D;20221220;000000;2507.885831;2507.885831;2507.885831;2507.885831;0;0
DEPOSIT_RUONIA;D;20221221;000000;2508.624264;2508.624264;2508.624264;2508.624264;0;0
DEPOSIT_RUONIA;D;20221222;000000;2509.361919;2509.361919;2509.361919;2509.361919;0;0
DEPOSIT_RUONIA;D;20221223;000000;2510.094812;2510.094812;2510.094812;2510.094812;0;0
DEPOSIT_RUONIA;D;20221226;000000;2510.826923;2510.826923;2510.826923;2510.826923;0;0
DEPOSIT_RUONIA;D;20221227;000000;2511.563233;2511.563233;2511.563233;2511.563233;0;0
DEPOSIT_RUONIA;D;20221228;000000;2512.292783;2512.292783;2512.292783;2512.292783;0;0
DEPOSIT_RUONIA;D;20221229;000000;2513.026532;2513.026532;2513.026532;2513.026532;0;0
DEPOSIT_RUONIA;D;20230104;000000;2513.761492;2513.761492;2513.761492;2513.761492;0;0
DEPOSIT_RUONIA;D;20230105;000000;2514.496668;2514.496668;2514.496668;2514.496668;0;0
DEPOSIT_RUONIA;D;20230109;000000;2515.232058;2515.232058;2515.232058;2515.232058;0;0
DEPOSIT_RUONIA;D;20230110;000000;2515.964669;2515.964669;2515.964669;2515.964669;0;0
DEPOSIT_RUONIA;D;20230111;000000;2516.684515;2516.684515;2516.684515;2516.684515;0;0
DEPOSIT_RUONIA;D;20230112;000000;2517.384592;2517.384592;2517.384592;2517.384592;0;0
DEPOSIT_RUONIA;D;20230113;000000;2518.077872;2518.077872;2518.077872;2518.077872;0;0
DEPOSIT_RUONIA;D;20230116;000000;2518.752357;2518.752357;2518.752357;2518.752357;0;0
DEPOSIT_RUONIA;D;20230117;000000;2519.439017;2519.439017;2519.439017;2519.439017;0;0
DEPOSIT_RUONIA;D;20230118;000000;2520.134862;2520.134862;2520.134862;2520.134862;0;0
DEPOSIT_RUONIA;D;20230119;000000;2520.833900;2520.833900;2520.833900;2520.833900;0;0
DEPOSIT_RUONIA;D;20230120;000000;2521.530130;2521.530130;2521.530130;2521.530130;0;0
DEPOSIT_RUONIA;D;20230123;000000;2522.224551;2522.224551;2522.224551;2522.224551;0;0
DEPOSIT_RUONIA;D;20230124;000000;2522.924168;2522.924168;2522.924168;2522.924168;0;0
DEPOSIT_RUONIA;D;20230125;000000;2523.621977;2523.621977;2523.621977;2523.621977;0;0
DEPOSIT_RUONIA;D;20230126;000000;2524.321982;2524.321982;2524.321982;2524.321982;0;0
DEPOSIT_RUONIA;D;20230127;000000;2525.020177;2525.020177;2525.020177;2525.020177;0;0
DEPOSIT_RUONIA;D;20230130;000000;2525.721572;2525.721572;2525.721572;2525.721572;0;0
DEPOSIT_RUONIA;D;20230131;000000;2526.423161;2526.423161;2526.423161;2526.423161;0;0
DEPOSIT_RUONIA;D;20230201;000000;2527.135973;2527.135973;2527.135973;2527.135973;0;0
DEPOSIT_RUONIA;D;20230202;000000;2527.844975;2527.844975;2527.844975;2527.844975;0;0
DEPOSIT_RUONIA;D;20230203;000000;2528.548158;2528.548158;2528.548158;2528.548158;0;0
DEPOSIT_RUONIA;D;20230206;000000;2529.250532;2529.250532;2529.250532;2529.250532;0;0
DEPOSIT_RUONIA;D;20230207;000000;2529.950091;2529.950091;2529.950091;2529.950091;0;0
DEPOSIT_RUONIA;D;20230208;000000;2530.641811;2530.641811;2530.641811;2530.641811;0;0
DEPOSIT_RUONIA;D;20230209;000000;2531.334725;2531.334725;2531.334725;2531.334725;0;0
DEPOSIT_RUONIA;D;20230210;000000;2532.026824;2532.026824;2532.026824;2532.026824;0;0
DEPOSIT_RUONIA;D;20230213;000000;2532.719112;2532.719112;2532.719112;2532.719112;0;0
DEPOSIT_RUONIA;D;20230214;000000;2533.405560;2533.405560;2533.405560;2533.405560;0;0
DEPOSIT_RUONIA;D;20230215;000000;2534.135422;2534.135422;2534.135422;2534.135422;0;0
DEPOSIT_RUONIA;D;20230216;000000;2534.849404;2534.849404;2534.849404;2534.849404;0;0
DEPOSIT_RUONIA;D;20230217;000000;2535.571635;2535.571635;2535.571635;2535.571635;0;0
DEPOSIT_RUONIA;D;20230220;000000;2536.303128;2536.303128;2536.303128;2536.303128;0;0
DEPOSIT_RUONIA;D;20230221;000000;2537.038857;2537.038857;2537.038857;2537.038857;0;0
DEPOSIT_RUONIA;D;20230222;000000;2537.783860;2537.783860;2537.783860;2537.783860;0;0
DEPOSIT_RUONIA;D;20230227;000000;2538.538146;2538.538146;2538.538146;2538.538146;0;0
DEPOSIT_RUONIA;D;20230228;000000;2539.289634;2539.289634;2539.289634;2539.289634;0;0
DEPOSIT_RUONIA;D;20230301;000000;2540.046382;2540.046382;2540.046382;2540.046382;0;0
DEPOSIT_RUONIA;D;20230302;000000;2540.812428;2540.812428;2540.812428;2540.812428;0;0
DEPOSIT_RUONIA;D;20230303;000000;2541.579713;2541.579713;2541.579713;2541.579713;0;0
DEPOSIT_RUONIA;D;20230306;000000;2542.351264;2542.351264;2542.351264;2542.351264;0;0
DEPOSIT_RUONIA;D;20230307;000000;2543.118005;2543.118005;2543.118005;2543.118005;0;0
DEPOSIT_RUONIA;D;20230309;000000;2543.885986;2543.885986;2543.885986;2543.885986;0;0
DEPOSIT_RUONIA;D;20230310;000000;2544.652181;2544.652181;2544.652181;2544.652181;0;0
DEPOSIT_RUONIA;D;20230313;000000;2545.394371;2545.394371;2545.394371;2545.394371;0;0
DEPOSIT_RUONIA;D;20230314;000000;2546.103445;2546.103445;2546.103445;2546.103445;0;0
DEPOSIT_RUONIA;D;20230315;000000;2546.824841;2546.824841;2546.824841;2546.824841;0;0
DEPOSIT_RUONIA;D;20230316;000000;2547.561601;2547.561601;2547.561601;2547.561601;0;0
DEPOSIT_RUONIA;D;20230317;000000;2548.298574;2548.298574;2548.298574;2548.298574;0;0
DEPOSIT_RUONIA;D;20230320;000000;2549.034749;2549.034749;2549.034749;2549.034749;0;0
DEPOSIT_RUONIA;D;20230321;000000;2549.768103;2549.768103;2549.768103;2549.768103;0;0
DEPOSIT_RUONIA;D;20230322;000000;2550.502679;2550.502679;2550.502679;2550.502679;0;0
DEPOSIT_RUONIA;D;20230323;000000;2551.238478;2551.238478;2551.238478;2551.238478;0;0
DEPOSIT_RUONIA;D;20230324;000000;2551.958292;2551.958292;2551.958292;2551.958292;0;0
DEPOSIT_RUONIA;D;20230327;000000;2552.673245;2552.673245;2552.673245;2552.673245;0;0
DEPOSIT_RUONIA;D;20230328;000000;2553.393464;2553.393464;2553.393464;2553.393464;0;0
DEPOSIT_RUONIA;D;20230329;000000;2554.138204;2554.138204;2554.138204;2554.138204;0;0
DEPOSIT_RUONIA;D;20230330;000000;2554.891269;2554.891269;2554.891269;2554.891269;0;0
DEPOSIT_RUONIA;D;20230331;000000;2555.635432;2555.635432;2555.635432;2555.635432;0;0
DEPOSIT_RUONIA;D;20230403;000000;2556.370684;2556.370684;2556.370684;2556.370684;0;0
DEPOSIT_RUONIA;D;20230404;000000;2557.099047;2557.099047;2557.099047;2557.099047;0;0
DEPOSIT_RUONIA;D;20230405;000000;2557.807323;2557.807323;2557.807323;2557.807323;0;0
DEPOSIT_RUONIA;D;20230406;000000;2558.515795;2558.515795;2558.515795;2558.515795;0;0
DEPOSIT_RUONIA;D;20230407;000000;2559.218371;2559.218371;2559.218371;2559.218371;0;0
DEPOSIT_RUONIA;D;20230410;000000;2559.943483;2559.943483;2559.943483;2559.943483;0;0
DEPOSIT_RUONIA;D;20230411;000000;2560.662705;2560.662705;2560.662705;2560.662705;0;0
DEPOSIT_RUONIA;D;20230412;000000;2561.404485;2561.404485;2561.404485;2561.404485;0;0
DEPOSIT_RUONIA;D;20230414;000000;2562.134282;2562.134282;2562.134282;2562.134282;0;0
DEPOSIT_RUONIA;D;20230417;000000;2562.881571;2562.881571;2562.881571;2562.881571;0;0
DEPOSIT_RUONIA;D;20230418;000000;2563.632129;2563.632129;2563.632129;2563.632129;0;0
DEPOSIT_RUONIA;D;20230419;000000;2564.390028;2564.390028;2564.390028;2564.390028;0;0
DEPOSIT_RUONIA;D;20230420;000000;2565.134922;2565.134922;2565.134922;2565.134922;0;0
DEPOSIT_RUONIA;D;20230421;000000;2565.873926;2565.873926;2565.873926;2565.873926;0;0
DEPOSIT_RUONIA;D;20230424;000000;2566.608051;2566.608051;2566.608051;2566.608051;0;0
DEPOSIT_RUONIA;D;20230425;000000;2567.318960;2567.318960;2567.318960;2567.318960;0;0
DEPOSIT_RUONIA;D;20230426;000000;2568.029048;2568.029048;2568.029048;2568.029048;0;0
DEPOSIT_RUONIA;D;20230427;000000;2568.723027;2568.723027;2568.723027;2568.723027;0;0
DEPOSIT_RUONIA;D;20230428;000000;2569.414136;2569.414136;2569.414136;2569.414136;0;0
DEPOSIT_RUONIA;D;20230502;000000;2570.181902;2570.181902;2570.181902;2570.181902;0;0
DEPOSIT_RUONIA;D;20230503;000000;2570.940717;2570.940717;2570.940717;2570.940717;0;0
DEPOSIT_RUONIA;D;20230504;000000;2571.666090;2571.666090;2571.666090;2571.666090;0;0
DEPOSIT_RUONIA;D;20230505;000000;2572.380442;2572.380442;2572.380442;2572.380442;0;0
DEPOSIT_RUONIA;D;20230510;000000;2573.085805;2573.085805;2573.085805;2573.085805;0;0
DEPOSIT_RUONIA;D;20230511;000000;2573.796466;2573.796466;2573.796466;2573.796466;0;0
DEPOSIT_RUONIA;D;20230512;000000;2574.506303;2574.506303;2574.506303;2574.506303;0;0
DEPOSIT_RUONIA;D;20230515;000000;2575.204076;2575.204076;2575.204076;2575.204076;0;0
DEPOSIT_RUONIA;D;20230516;000000;2575.959265;2575.959265;2575.959265;2575.959265;0;0
DEPOSIT_RUONIA;D;20230517;000000;2576.713653;2576.713653;2576.713653;2576.713653;0;0
DEPOSIT_RUONIA;D;20230518;000000;2577.458037;2577.458037;2577.458037;2577.458037;0;0
DEPOSIT_RUONIA;D;20230519;000000;2578.204681;2578.204681;2578.204681;2578.204681;0;0
DEPOSIT_RUONIA;D;20230522;000000;2578.951542;2578.951542;2578.951542;2578.951542;0;0
DEPOSIT_RUONIA;D;20230523;000000;2579.699643;2579.699643;2579.699643;2579.699643;0;0
DEPOSIT_RUONIA;D;20230524;000000;2580.439771;2580.439771;2580.439771;2580.439771;0;0
DEPOSIT_RUONIA;D;20230525;000000;2581.188303;2581.188303;2581.188303;2581.188303;0;0
DEPOSIT_RUONIA;D;20230526;000000;2581.927834;2581.927834;2581.927834;2581.927834;0;0
DEPOSIT_RUONIA;D;20230529;000000;2582.677823;2582.677823;2582.677823;2582.677823;0;0
DEPOSIT_RUONIA;D;20230530;000000;2583.425980;2583.425980;2583.425980;2583.425980;0;0
DEPOSIT_RUONIA;D;20230531;000000;2584.176403;2584.176403;2584.176403;2584.176403;0;0
DEPOSIT_RUONIA;D;20230601;000000;2584.932172;2584.932172;2584.932172;2584.932172;0;0
DEPOSIT_RUONIA;D;20230602;000000;2585.677905;2585.677905;2585.677905;2585.677905;0;0
DEPOSIT_RUONIA;D;20230605;000000;2586.430009;2586.430009;2586.430009;2586.430009;0;0
DEPOSIT_RUONIA;D;20230606;000000;2587.185410;2587.185410;2587.185410;2587.185410;0;0
DEPOSIT_RUONIA;D;20230607;000000;2587.936926;2587.936926;2587.936926;2587.936926;0;0
DEPOSIT_RUONIA;D;20230608;000000;2588.695849;2588.695849;2588.695849;2588.695849;0;0
DEPOSIT_RUONIA;D;20230609;000000;2589.446776;2589.446776;2589.446776;2589.446776;0;0
DEPOSIT_RUONIA;D;20230613;000000;2590.194839;2590.194839;2590.194839;2590.194839;0;0
DEPOSIT_RUONIA;D;20230614;000000;2590.964702;2590.964702;2590.964702;2590.964702;0;0
DEPOSIT_RUONIA;D;20230615;000000;2591.719372;2591.719372;2591.719372;2591.719372;0;0
DEPOSIT_RUONIA;D;20230616;000000;2592.475290;2592.475290;2592.475290;2592.475290;0;0
DEPOSIT_RUONIA;D;20230619;000000;2593.226285;2593.226285;2593.226285;2593.226285;0;0
DEPOSIT_RUONIA;D;20230620;000000;2593.972352;2593.972352;2593.972352;2593.972352;0;0
DEPOSIT_RUONIA;D;20230621;000000;2594.715546;2594.715546;2594.715546;2594.715546;0;0
DEPOSIT_RUONIA;D;20230622;000000;2595.462041;2595.462041;2595.462041;2595.462041;0;0
DEPOSIT_RUONIA;D;20230623;000000;2596.198452;2596.198452;2596.198452;2596.198452;0;0
DEPOSIT_RUONIA;D;20230626;000000;2596.933011;2596.933011;2596.933011;2596.933011;0;0
DEPOSIT_RUONIA;D;20230627;000000;2597.669840;2597.669840;2597.669840;2597.669840;0;0
DEPOSIT_RUONIA;D;20230628;000000;2598.405846;2598.405846;2598.405846;2598.405846;0;0
DEPOSIT_RUONIA;D;20230629;000000;2599.154434;2599.154434;2599.154434;2599.154434;0;0
DEPOSIT_RUONIA;D;20230630;000000;2599.918710;2599.918710;2599.918710;2599.918710;0;0
DEPOSIT_RUONIA;D;20230703;000000;2600.687336;2600.687336;2600.687336;2600.687336;0;0
DEPOSIT_RUONIA;D;20230704;000000;2601.444838;2601.444838;2601.444838;2601.444838;0;0
DEPOSIT_RUONIA;D;20230705;000000;2602.203593;2602.203593;2602.203593;2602.203593;0;0
DEPOSIT_RUONIA;D;20230706;000000;2602.958439;2602.958439;2602.958439;2602.958439;0;0
DEPOSIT_RUONIA;D;20230707;000000;2603.719701;2603.719701;2603.719701;2603.719701;0;0
DEPOSIT_RUONIA;D;20230710;000000;2604.479119;2604.479119;2604.479119;2604.479119;0;0
DEPOSIT_RUONIA;D;20230711;000000;2605.243926;2605.243926;2605.243926;2605.243926;0;0
DEPOSIT_RUONIA;D;20230712;000000;2606.027567;2606.027567;2606.027567;2606.027567;0;0
DEPOSIT_RUONIA;D;20230713;000000;2606.809375;2606.809375;2606.809375;2606.809375;0;0
DEPOSIT_RUONIA;D;20230714;000000;2607.601763;2607.601763;2607.601763;2607.601763;0;0
DEPOSIT_RUONIA;D;20230717;000000;2608.408877;2608.408877;2608.408877;2608.408877;0;0
DEPOSIT_RUONIA;D;20230718;000000;2609.246259;2609.246259;2609.246259;2609.246259;0;0
DEPOSIT_RUONIA;D;20230719;000000;2610.051812;2610.051812;2610.051812;2610.051812;0;0
DEPOSIT_RUONIA;D;20230720;000000;2610.876257;2610.876257;2610.876257;2610.876257;0;0
DEPOSIT_RUONIA;D;20230721;000000;2611.704071;2611.704071;2611.704071;2611.704071;0;0
DEPOSIT_RUONIA;D;20230724;000000;2612.537329;2612.537329;2612.537329;2612.537329;0;0
DEPOSIT_RUONIA;D;20230725;000000;2613.392624;2613.392624;2613.392624;2613.392624;0;0
DEPOSIT_RUONIA;D;20230726;000000;2614.238865;2614.238865;2614.238865;2614.238865;0;0
DEPOSIT_RUONIA;D;20230727;000000;2615.094717;2615.094717;2615.094717;2615.094717;0;0
DEPOSIT_RUONIA;D;20230728;000000;2615.966416;2615.966416;2615.966416;2615.966416;0;0
DEPOSIT_RUONIA;D;20230731;000000;2616.836328;2616.836328;2616.836328;2616.836328;0;0
DEPOSIT_RUONIA;D;20230801;000000;2617.710684;2617.710684;2617.710684;2617.710684;0;0
DEPOSIT_RUONIA;D;20230802;000000;2618.590525;2618.590525;2618.590525;2618.590525;0;0
DEPOSIT_RUONIA;D;20230803;000000;2619.472741;2619.472741;2619.472741;2619.472741;0;0
DEPOSIT_RUONIA;D;20230804;000000;2620.334464;2620.334464;2620.334464;2620.334464;0;0
DEPOSIT_RUONIA;D;20230807;000000;2621.183994;2621.183994;2621.183994;2621.183994;0;0
DEPOSIT_RUONIA;D;20230808;000000;2622.037959;2622.037959;2622.037959;2622.037959;0;0
DEPOSIT_RUONIA;D;20230809;000000;2622.920295;2622.920295;2622.920295;2622.920295;0;0
DEPOSIT_RUONIA;D;20230810;000000;2623.789398;2623.789398;2623.789398;2623.789398;0;0
DEPOSIT_RUONIA;D;20230811;000000;2624.658788;2624.658788;2624.658788;2624.658788;0;0
DEPOSIT_RUONIA;D;20230814;000000;2625.526384;2625.526384;2625.526384;2625.526384;0;0
DEPOSIT_RUONIA;D;20230815;000000;2626.413020;2626.413020;2626.413020;2626.413020;0;0
DEPOSIT_RUONIA;D;20230816;000000;2627.631384;2627.631384;2627.631384;2627.631384;0;0
DEPOSIT_RUONIA;D;20230817;000000;2628.858654;2628.858654;2628.858654;2628.858654;0;0
DEPOSIT_RUONIA;D;20230818;000000;2630.097974;2630.097974;2630.097974;2630.097974;0;0
DEPOSIT_RUONIA;D;20230821;000000;2631.330571;2631.330571;2631.330571;2631.330571;0;0
DEPOSIT_RUONIA;D;20230822;000000;2632.568967;2632.568967;2632.568967;2632.568967;0;0
DEPOSIT_RUONIA;D;20230823;000000;2633.811080;2633.811080;2633.811080;2633.811080;0;0
DEPOSIT_RUONIA;D;20230824;000000;2635.050643;2635.050643;2635.050643;2635.050643;0;0
DEPOSIT_RUONIA;D;20230825;000000;2636.296019;2636.296019;2636.296019;2636.296019;0;0
DEPOSIT_RUONIA;D;20230828;000000;2637.540936;2637.540936;2637.540936;2637.540936;0;0
DEPOSIT_RUONIA;D;20230829;000000;2638.787488;2638.787488;2638.787488;2638.787488;0;0
DEPOSIT_RUONIA;D;20230830;000000;2640.035677;2640.035677;2640.035677;2640.035677;0;0
DEPOSIT_RUONIA;D;20230831;000000;2641.284455;2641.284455;2641.284455;2641.284455;0;0
DEPOSIT_RUONIA;D;20230901;000000;2642.525440;2642.525440;2642.525440;2642.525440;0;0
DEPOSIT_RUONIA;D;20230904;000000;2643.773299;2643.773299;2643.773299;2643.773299;0;0
DEPOSIT_RUONIA;D;20230905;000000;2645.025944;2645.025944;2645.025944;2645.025944;0;0
DEPOSIT_RUONIA;D;20230906;000000;2646.281282;2646.281282;2646.281282;2646.281282;0;0
DEPOSIT_RUONIA;D;20230907;000000;2647.531965;2647.531965;2647.531965;2647.531965;0;0
DEPOSIT_RUONIA;D;20230908;000000;2648.788492;2648.788492;2648.788492;2648.788492;0;0
DEPOSIT_RUONIA;D;20230911;000000;2650.041411;2650.041411;2650.041411;2650.041411;0;0
DEPOSIT_RUONIA;D;20230912;000000;2651.298077;2651.298077;2651.298077;2651.298077;0;0
DEPOSIT_RUONIA;D;20230913;000000;2652.561652;2652.561652;2652.561652;2652.561652;0;0
DEPOSIT_RUONIA;D;20230914;000000;2653.823724;2653.823724;2653.823724;2653.823724;0;0
DEPOSIT_RUONIA;D;20230915;000000;2655.108512;2655.108512;2655.108512;2655.108512;0;0
DEPOSIT_RUONIA;D;20230918;000000;2656.416047;2656.416047;2656.416047;2656.416047;0;0
DEPOSIT_RUONIA;D;20230919;000000;2657.754797;2657.754797;2657.754797;2657.754797;0;0
DEPOSIT_RUONIA;D;20230920;000000;2659.078401;2659.078401;2659.078401;2659.078401;0;0
DEPOSIT_RUONIA;D;20230921;000000;2660.391057;2660.391057;2660.391057;2660.391057;0;0
DEPOSIT_RUONIA;D;20230922;000000;2661.705417;2661.705417;2661.705417;2661.705417;0;0
DEPOSIT_RUONIA;D;20230926;000000;2663.020426;2663.020426;2663.020426;2663.020426;0;0
DEPOSIT_RUONIA;D;20230927;000000;2664.329745;2664.329745;2664.329745;2664.329745;0;0
DEPOSIT_RUONIA;D;20230928;000000;2665.648165;2665.648165;2665.648165;2665.648165;0;0
DEPOSIT_RUONIA;D;20230929;000000;2666.957717;2666.957717;2666.957717;2666.957717;0;0
DEPOSIT_RUONIA;D;20231002;000000;2668.273205;2668.273205;2668.273205;2668.273205;0;0
DEPOSIT_RUONIA;D;20231003;000000;2669.595694;2669.595694;2669.595694;2669.595694;0;0
DEPOSIT_RUONIA;D;20231004;000000;2670.913542;2670.913542;2670.913542;2670.913542;0;0
DEPOSIT_RUONIA;D;20231005;000000;2672.230981;2672.230981;2672.230981;2672.230981;0;0
DEPOSIT_RUONIA;D;20231006;000000;2673.554372;2673.554372;2673.554372;2673.554372;0;0
DEPOSIT_RUONIA;D;20231009;000000;2674.873113;2674.873113;2674.873113;2674.873113;0;0
DEPOSIT_RUONIA;D;20231010;000000;2676.251946;2676.251946;2676.251946;2676.251946;0;0
DEPOSIT_RUONIA;D;20231011;000000;2677.638924;2677.638924;2677.638924;2677.638924;0;0
DEPOSIT_RUONIA;D;20231012;000000;2678.987307;2678.987307;2678.987307;2678.987307;0;0
DEPOSIT_RUONIA;D;20231013;000000;2680.369324;2680.369324;2680.369324;2680.369324;0;0
DEPOSIT_RUONIA;D;20231016;000000;2681.768009;2681.768009;2681.768009;2681.768009;0;0
DEPOSIT_RUONIA;D;20231017;000000;2683.171680;2683.171680;2683.171680;2683.171680;0;0
DEPOSIT_RUONIA;D;20231018;000000;2684.573957;2684.573957;2684.573957;2684.573957;0;0
DEPOSIT_RUONIA;D;20231019;000000;2685.980162;2685.980162;2685.980162;2685.980162;0;0
DEPOSIT_RUONIA;D;20231020;000000;2687.383907;2687.383907;2687.383907;2687.383907;0;0
DEPOSIT_RUONIA;D;20231023;000000;2688.785186;2688.785186;2688.785186;2688.785186;0;0
DEPOSIT_RUONIA;D;20231024;000000;2690.183994;2690.183994;2690.183994;2690.183994;0;0
DEPOSIT_RUONIA;D;20231025;000000;2691.583530;2691.583530;2691.583530;2691.583530;0;0
DEPOSIT_RUONIA;D;20231026;000000;2692.958160;2692.958160;2692.958160;2692.958160;0;0
DEPOSIT_RUONIA;D;20231027;000000;2694.313189;2694.313189;2694.313189;2694.313189;0;0
DEPOSIT_RUONIA;D;20231030;000000;2695.667829;2695.667829;2695.667829;2695.667829;0;0
DEPOSIT_RUONIA;D;20231031;000000;2697.245651;2697.245651;2697.245651;2697.245651;0;0
DEPOSIT_RUONIA;D;20231101;000000;2698.797637;2698.797637;2698.797637;2698.797637;0;0
DEPOSIT_RUONIA;D;20231102;000000;2700.343020;2700.343020;2700.343020;2700.343020;0;0
DEPOSIT_RUONIA;D;20231107;000000;2701.876429;2701.876429;2701.876429;2701.876429;0;0
DEPOSIT_RUONIA;D;20231108;000000;2703.396771;2703.396771;2703.396771;2703.396771;0;0
DEPOSIT_RUONIA;D;20231109;000000;2704.925477;2704.925477;2704.925477;2704.925477;0;0
DEPOSIT_RUONIA;D;20231110;000000;2706.472223;2706.472223;2706.472223;2706.472223;0;0
DEPOSIT_RUONIA;D;20231113;000000;2708.043480;2708.043480;2708.043480;2708.043480;0;0
DEPOSIT_RUONIA;D;20231114;000000;2709.633918;2709.633918;2709.633918;2709.633918;0;0
DEPOSIT_RUONIA;D;20231115;000000;2711.238194;2711.238194;2711.238194;2711.238194;0;0
DEPOSIT_RUONIA;D;20231116;000000;2712.822977;2712.822977;2712.822977;2712.822977;0;0
DEPOSIT_RUONIA;D;20231117;000000;2714.438829;2714.438829;2714.438829;2714.438829;0;0
DEPOSIT_RUONIA;D;20231120;000000;2716.057798;2716.057798;2716.057798;2716.057798;0;0
DEPOSIT_RUONIA;D;20231121;000000;2717.676655;2717.676655;2717.676655;2717.676655;0;0
DEPOSIT_RUONIA;D;20231122;000000;2719.302947;2719.302947;2719.302947;2719.302947;0;0
DEPOSIT_RUONIA;D;20231123;000000;2720.939924;2720.939924;2720.939924;2720.939924;0;0
DEPOSIT_RUONIA;D;20231124;000000;2722.561691;2722.561691;2722.561691;2722.561691;0;0
DEPOSIT_RUONIA;D;20231127;000000;2724.202790;2724.202790;2724.202790;2724.202790;0;0
DEPOSIT_RUONIA;D;20231128;000000;2725.842717;2725.842717;2725.842717;2725.842717;0;0
DEPOSIT_RUONIA;D;20231129;000000;2727.486876;2727.486876;2727.486876;2727.486876;0;0
DEPOSIT_RUONIA;D;20231130;000000;2729.116874;2729.116874;2729.116874;2729.116874;0;0
DEPOSIT_RUONIA;D;20231201;000000;2730.731602;2730.731602;2730.731602;2730.731602;0;0
DEPOSIT_RUONIA;D;20231206;000000;2732.346201;2732.346201;2732.346201;2732.346201;0;0
DEPOSIT_RUONIA;D;20231207;000000;2733.923806;2733.923806;2733.923806;2733.923806;0;0
DEPOSIT_RUONIA;D;20231208;000000;2735.499066;2735.499066;2735.499066;2735.499066;0;0
DEPOSIT_RUONIA;D;20231211;000000;2737.071978;2737.071978;2737.071978;2737.071978;0;0
DEPOSIT_RUONIA;D;20231212;000000;2738.699016;2738.699016;2738.699016;2738.699016;0;0
DEPOSIT_RUONIA;D;20231213;000000;2740.329194;2740.329194;2740.329194;2740.329194;0;0
DEPOSIT_RUONIA;D;20231214;000000;2741.977741;2741.977741;2741.977741;2741.977741;0;0
DEPOSIT_RUONIA;D;20231215;000000;2743.652306;2743.652306;2743.652306;2743.652306;0;0
DEPOSIT_RUONIA;D;20231218;000000;2745.364911;2745.364911;2745.364911;2745.364911;0;0
DEPOSIT_RUONIA;D;20231219;000000;2747.076406;2747.076406;2747.076406;2747.076406;0;0
DEPOSIT_RUONIA;D;20231220;000000;2748.766076;2748.766076;2748.766076;2748.766076;0;0
DEPOSIT_RUONIA;D;20231221;000000;2750.460058;2750.460058;2750.460058;2750.460058;0;0
DEPOSIT_RUONIA;D;20231222;000000;2752.134346;2752.134346;2752.134346;2752.134346;0;0
DEPOSIT_RUONIA;D;20231225;000000;2753.805285;2753.805285;2753.805285;2753.805285;0;0
DEPOSIT_RUONIA;D;20231226;000000;2755.477238;2755.477238;2755.477238;2755.477238;0;0
DEPOSIT_RUONIA;D;20231227;000000;2757.144739;2757.144739;2757.144739;2757.144739;0;0
DEPOSIT_RUONIA;D;20231228;000000;2758.813249;2758.813249;2758.813249;2758.813249;0;0
DEPOSIT_RUONIA;D;20240109;000000;2760.484959;2760.484959;2760.484959;2760.484959;0;0
DEPOSIT_RUONIA;D;20240110;000000;2762.192735;2762.192735;2762.192735;2762.192735;0;0
DEPOSIT_RUONIA;D;20240111;000000;2763.874165;2763.874165;2763.874165;2763.874165;0;0
DEPOSIT_RUONIA;D;20240112;000000;2765.541264;2765.541264;2765.541264;2765.541264;0;0
DEPOSIT_RUONIA;D;20240115;000000;2767.203881;2767.203881;2767.203881;2767.203881;0;0
DEPOSIT_RUONIA;D;20240116;000000;2768.897146;2768.897146;2768.897146;2768.897146;0;0
DEPOSIT_RUONIA;D;20240117;000000;2770.606830;2770.606830;2770.606830;2770.606830;0;0
DEPOSIT_RUONIA;D;20240118;000000;2772.320868;2772.320868;2772.320868;2772.320868;0;0
DEPOSIT_RUONIA;D;20240119;000000;2774.039267;2774.039267;2774.039267;2774.039267;0;0
DEPOSIT_RUONIA;D;20240122;000000;2775.778546;2775.778546;2775.778546;2775.778546;0;0
DEPOSIT_RUONIA;D;20240123;000000;2777.522219;2777.522219;2777.522219;2777.522219;0;0
DEPOSIT_RUONIA;D;20240124;000000;2779.283521;2779.283521;2779.283521;2779.283521;0;0
DEPOSIT_RUONIA;D;20240125;000000;2781.045940;2781.045940;2781.045940;2781.045940;0;0
DEPOSIT_RUONIA;D;20240126;000000;2782.811683;2782.811683;2782.811683;2782.811683;0;0
DEPOSIT_RUONIA;D;20240129;000000;2784.549836;2784.549836;2784.549836;2784.549836;0;0
DEPOSIT_RUONIA;D;20240130;000000;2786.317804;2786.317804;2786.317804;2786.317804;0;0
DEPOSIT_RUONIA;D;20240131;000000;2788.088001;2788.088001;2788.088001;2788.088001;0;0
DEPOSIT_RUONIA;D;20240201;000000;2789.858215;2789.858215;2789.858215;2789.858215;0;0
DEPOSIT_RUONIA;D;20240202;000000;2791.609626;2791.609626;2791.609626;2791.609626;0;0
DEPOSIT_RUONIA;D;20240205;000000;2793.378754;2793.378754;2793.378754;2793.378754;0;0
DEPOSIT_RUONIA;D;20240206;000000;2795.152327;2795.152327;2795.152327;2795.152327;0;0
DEPOSIT_RUONIA;D;20240207;000000;2796.927027;2796.927027;2796.927027;2796.927027;0;0
DEPOSIT_RUONIA;D;20240208;000000;2798.698414;2798.698414;2798.698414;2798.698414;0;0
DEPOSIT_RUONIA;D;20240209;000000;2800.460928;2800.460928;2800.460928;2800.460928;0;0
DEPOSIT_RUONIA;D;20240212;000000;2802.232331;2802.232331;2802.232331;2802.232331;0;0
DEPOSIT_RUONIA;D;20240213;000000;2804.011526;2804.011526;2804.011526;2804.011526;0;0
DEPOSIT_RUONIA;D;20240214;000000;2805.774047;2805.774047;2805.774047;2805.774047;0;0
DEPOSIT_RUONIA;D;20240215;000000;2807.532110;2807.532110;2807.532110;2807.532110;0;0
DEPOSIT_RUONIA;D;20240216;000000;2809.286817;2809.286817;2809.286817;2809.286817;0;0
DEPOSIT_RUONIA;D;20240219;000000;2811.041507;2811.041507;2811.041507;2811.041507;0;0
DEPOSIT_RUONIA;D;20240220;000000;2812.797292;2812.797292;2812.797292;2812.797292;0;0
DEPOSIT_RUONIA;D;20240221;000000;2814.555290;2814.555290;2814.555290;2814.555290;0;0
DEPOSIT_RUONIA;D;20240222;000000;2816.314388;2816.314388;2816.314388;2816.314388;0;0
DEPOSIT_RUONIA;D;20240226;000000;2818.074584;2818.074584;2818.074584;2818.074584;0;0
DEPOSIT_RUONIA;D;20240227;000000;2819.834762;2819.834762;2819.834762;2819.834762;0;0
DEPOSIT_RUONIA;D;20240228;000000;2821.592683;2821.592683;2821.592683;2821.592683;0;0
DEPOSIT_RUONIA;D;20240229;000000;2823.350580;2823.350580;2823.350580;2823.350580;0;0
DEPOSIT_RUONIA;D;20240301;000000;2825.115174;2825.115174;2825.115174;2825.115174;0;0
DEPOSIT_RUONIA;D;20240304;000000;2826.846118;2826.846118;2826.846118;2826.846118;0;0
DEPOSIT_RUONIA;D;20240305;000000;2828.580366;2828.580366;2828.580366;2828.580366;0;0
DEPOSIT_RUONIA;D;20240306;000000;2830.302208;2830.302208;2830.302208;2830.302208;0;0
DEPOSIT_RUONIA;D;20240307;000000;2832.031837;2832.031837;2832.031837;2832.031837;0;0
DEPOSIT_RUONIA;D;20240311;000000;2833.792866;2833.792866;2833.792866;2833.792866;0;0
DEPOSIT_RUONIA;D;20240312;000000;2835.579730;2835.579730;2835.579730;2835.579730;0;0
DEPOSIT_RUONIA;D;20240313;000000;2837.380098;2837.380098;2837.380098;2837.380098;0;0
DEPOSIT_RUONIA;D;20240314;000000;2839.153461;2839.153461;2839.153461;2839.153461;0;0
DEPOSIT_RUONIA;D;20240315;000000;2840.927932;2840.927932;2840.927932;2840.927932;0;0
DEPOSIT_RUONIA;D;20240318;000000;2842.702384;2842.702384;2842.702384;2842.702384;0;0
DEPOSIT_RUONIA;D;20240319;000000;2844.475689;2844.475689;2844.475689;2844.475689;0;0
DEPOSIT_RUONIA;D;20240320;000000;2846.245585;2846.245585;2846.245585;2846.245585;0;0
DEPOSIT_RUONIA;D;20240321;000000;2848.018841;2848.018841;2848.018841;2848.018841;0;0
DEPOSIT_RUONIA;D;20240322;000000;2849.775119;2849.775119;2849.775119;2849.775119;0;0
DEPOSIT_RUONIA;D;20240325;000000;2851.510994;2851.510994;2851.510994;2851.510994;0;0
DEPOSIT_RUONIA;D;20240326;000000;2853.241137;2853.241137;2853.241137;2853.241137;0;0
DEPOSIT_RUONIA;D;20240327;000000;2854.996107;2854.996107;2854.996107;2854.996107;0;0
DEPOSIT_RUONIA;D;20240328;000000;2856.723833;2856.723833;2856.723833;2856.723833;0;0
DEPOSIT_RUONIA;D;20240329;000000;2858.471876;2858.471876;2858.471876;2858.471876;0;0
DEPOSIT_RUONIA;D;20240401;000000;2860.285644;2860.285644;2860.285644;2860.285644;0;0
DEPOSIT_RUONIA;D;20240402;000000;2862.059702;2862.059702;2862.059702;2862.059702;0;0
DEPOSIT_RUONIA;D;20240403;000000;2863.818961;2863.818961;2863.818961;2863.818961;0;0
DEPOSIT_RUONIA;D;20240404;000000;2865.603165;2865.603165;2865.603165;2865.603165;0;0
DEPOSIT_RUONIA;D;20240405;000000;2867.385070;2867.385070;2867.385070;2867.385070;0;0
DEPOSIT_RUONIA;D;20240408;000000;2869.173772;2869.173772;2869.173772;2869.173772;0;0
DEPOSIT_RUONIA;D;20240409;000000;2870.979530;2870.979530;2870.979530;2870.979530;0;0
DEPOSIT_RUONIA;D;20240410;000000;2872.790981;2872.790981;2872.790981;2872.790981;0;0
DEPOSIT_RUONIA;D;20240411;000000;2874.570516;2874.570516;2874.570516;2874.570516;0;0
DEPOSIT_RUONIA;D;20240415;000000;2876.354575;2876.354575;2876.354575;2876.354575;0;0
DEPOSIT_RUONIA;D;20240416;000000;2878.146589;2878.146589;2878.146589;2878.146589;0;0
DEPOSIT_RUONIA;D;20240417;000000;2879.944289;2879.944289;2879.944289;2879.944289;0;0
DEPOSIT_RUONIA;D;20240418;000000;2881.740825;2881.740825;2881.740825;2881.740825;0;0
DEPOSIT_RUONIA;D;20240419;000000;2883.538483;2883.538483;2883.538483;2883.538483;0;0
DEPOSIT_RUONIA;D;20240422;000000;2885.338406;2885.338406;2885.338406;2885.338406;0;0
DEPOSIT_RUONIA;D;20240423;000000;2887.134872;2887.134872;2887.134872;2887.134872;0;0
DEPOSIT_RUONIA;D;20240424;000000;2888.937040;2888.937040;2888.937040;2888.937040;0;0
DEPOSIT_RUONIA;D;20240425;000000;2890.725430;2890.725430;2890.725430;2890.725430;0;0
DEPOSIT_RUONIA;D;20240426;000000;2892.513779;2892.513779;2892.513779;2892.513779;0;0
DEPOSIT_RUONIA;D;20240502;000000;2894.315861;2894.315861;2894.315861;2894.315861;0;0
DEPOSIT_RUONIA;D;20240503;000000;2896.122512;2896.122512;2896.122512;2896.122512;0;0
DEPOSIT_RUONIA;D;20240506;000000;2897.955573;2897.955573;2897.955573;2897.955573;0;0
DEPOSIT_RUONIA;D;20240507;000000;2899.816245;2899.816245;2899.816245;2899.816245;0;0
DEPOSIT_RUONIA;D;20240508;000000;2901.673508;2901.673508;2901.673508;2901.673508;0;0
DEPOSIT_RUONIA;D;20240513;000000;2903.516992;2903.516992;2903.516992;2903.516992;0;0
DEPOSIT_RUONIA;D;20240514;000000;2905.384691;2905.384691;2905.384691;2905.384691;0;0
DEPOSIT_RUONIA;D;20240515;000000;2907.240909;2907.240909;2907.240909;2907.240909;0;0
DEPOSIT_RUONIA;D;20240516;000000;2909.086776;2909.086776;2909.086776;2909.086776;0;0
DEPOSIT_RUONIA;D;20240517;000000;2910.922271;2910.922271;2910.922271;2910.922271;0;0
DEPOSIT_RUONIA;D;20240520;000000;2912.753149;2912.753149;2912.753149;2912.753149;0;0
DEPOSIT_RUONIA;D;20240521;000000;2914.585178;2914.585178;2914.585178;2914.585178;0;0
DEPOSIT_RUONIA;D;20240522;000000;2916.418360;2916.418360;2916.418360;2916.418360;0;0
DEPOSIT_RUONIA;D;20240523;000000;2918.252694;2918.252694;2918.252694;2918.252694;0;0
DEPOSIT_RUONIA;D;20240524;000000;2920.088183;2920.088183;2920.088183;2920.088183;0;0
DEPOSIT_RUONIA;D;20240527;000000;2921.923667;2921.923667;2921.923667;2921.923667;0;0
DEPOSIT_RUONIA;D;20240528;000000;2923.755666;2923.755666;2923.755666;2923.755666;0;0
DEPOSIT_RUONIA;D;20240529;000000;2925.599257;2925.599257;2925.599257;2925.599257;0;0
DEPOSIT_RUONIA;D;20240530;000000;2927.440527;2927.440527;2927.440527;2927.440527;0;0
DEPOSIT_RUONIA;D;20240531;000000;2929.293411;2929.293411;2929.293411;2929.293411;0;0
DEPOSIT_RUONIA;D;20240603;000000;2931.169553;2931.169553;2931.169553;2931.169553;0;0
DEPOSIT_RUONIA;D;20240604;000000;2933.027124;2933.027124;2933.027124;2933.027124;0;0
DEPOSIT_RUONIA;D;20240605;000000;2934.869577;2934.869577;2934.869577;2934.869577;0;0
DEPOSIT_RUONIA;D;20240606;000000;2936.732986;2936.732986;2936.732986;2936.732986;0;0
DEPOSIT_RUONIA;D;20240607;000000;2938.611563;2938.611563;2938.611563;2938.611563;0;0
DEPOSIT_RUONIA;D;20240610;000000;2940.477348;2940.477348;2940.477348;2940.477348;0;0
DEPOSIT_RUONIA;D;20240611;000000;2942.326815;2942.326815;2942.326815;2942.326815;0;0
DEPOSIT_RUONIA;D;20240613;000000;2944.148256;2944.148256;2944.148256;2944.148256;0;0
DEPOSIT_RUONIA;D;20240614;000000;2945.982507;2945.982507;2945.982507;2945.982507;0;0
DEPOSIT_RUONIA;D;20240617;000000;2947.810886;2947.810886;2947.810886;2947.810886;0;0
DEPOSIT_RUONIA;D;20240618;000000;2949.635722;2949.635722;2949.635722;2949.635722;0;0
DEPOSIT_RUONIA;D;20240619;000000;2951.451152;2951.451152;2951.451152;2951.451152;0;0
DEPOSIT_RUONIA;D;20240620;000000;2953.251303;2953.251303;2953.251303;2953.251303;0;0
DEPOSIT_RUONIA;D;20240621;000000;2955.047864;2955.047864;2955.047864;2955.047864;0;0
DEPOSIT_RUONIA;D;20240624;000000;2956.836137;2956.836137;2956.836137;2956.836137;0;0
DEPOSIT_RUONIA;D;20240625;000000;2958.633706;2958.633706;2958.633706;2958.633706;0;0
DEPOSIT_RUONIA;D;20240626;000000;2960.454675;2960.454675;2960.454675;2960.454675;0;0
DEPOSIT_RUONIA;D;20240627;000000;2962.287337;2962.287337;2962.287337;2962.287337;0;0
DEPOSIT_RUONIA;D;20240628;000000;2964.110554;2964.110554;2964.110554;2964.110554;0;0
DEPOSIT_RUONIA;D;20240701;000000;2965.952537;2965.952537;2965.952537;2965.952537;0;0
DEPOSIT_RUONIA;D;20240702;000000;2967.840390;2967.840390;2967.840390;2967.840390;0;0
DEPOSIT_RUONIA;D;20240703;000000;2969.729444;2969.729444;2969.729444;2969.729444;0;0
DEPOSIT_RUONIA;D;20240704;000000;2971.631485;2971.631485;2971.631485;2971.631485;0;0
DEPOSIT_RUONIA;D;20240705;000000;2973.518235;2973.518235;2973.518235;2973.518235;0;0
DEPOSIT_RUONIA;D;20240708;000000;2975.406183;2975.406183;2975.406183;2975.406183;0;0
DEPOSIT_RUONIA;D;20240709;000000;2977.246920;2977.246920;2977.246920;2977.246920;0;0
DEPOSIT_RUONIA;D;20240710;000000;2979.127784;2979.127784;2979.127784;2979.127784;0;0
DEPOSIT_RUONIA;D;20240711;000000;2981.051213;2981.051213;2981.051213;2981.051213;0;0
DEPOSIT_RUONIA;D;20240712;000000;2982.998360;2982.998360;2982.998360;2982.998360;0;0
DEPOSIT_RUONIA;D;20240715;000000;2984.947963;2984.947963;2984.947963;2984.947963;0;0
DEPOSIT_RUONIA;D;20240716;000000;2986.864489;2986.864489;2986.864489;2986.864489;0;0
DEPOSIT_RUONIA;D;20240717;000000;2988.795283;2988.795283;2988.795283;2988.795283;0;0
DEPOSIT_RUONIA;D;20240718;000000;2990.716652;2990.716652;2990.716652;2990.716652;0;0
DEPOSIT_RUONIA;D;20240719;000000;2992.625014;2992.625014;2992.625014;2992.625014;0;0
DEPOSIT_RUONIA;D;20240722;000000;2994.510843;2994.510843;2994.510843;2994.510843;0;0
DEPOSIT_RUONIA;D;20240723;000000;2996.363399;2996.363399;2996.363399;2996.363399;0;0
DEPOSIT_RUONIA;D;20240724;000000;2998.199266;2998.199266;2998.199266;2998.199266;0;0
DEPOSIT_RUONIA;D;20240725;000000;3000.018412;3000.018412;3000.018412;3000.018412;0;0
DEPOSIT_RUONIA;D;20240726;000000;3001.844613;3001.844613;3001.844613;3001.844613;0;0
DEPOSIT_RUONIA;D;20240729;000000;3003.696942;3003.696942;3003.696942;3003.696942;0;0
DEPOSIT_RUONIA;D;20240730;000000;3005.755428;3005.755428;3005.755428;3005.755428;0;0
DEPOSIT_RUONIA;D;20240731;000000;3007.817710;3007.817710;3007.817710;3007.817710;0;0
DEPOSIT_RUONIA;D;20240801;000000;3009.880214;3009.880214;3009.880214;3009.880214;0;0
DEPOSIT_RUONIA;D;20240802;000000;3011.935771;3011.935771;3011.935771;3011.935771;0;0
DEPOSIT_RUONIA;D;20240805;000000;3013.993927;3013.993927;3013.993927;3013.993927;0;0
DEPOSIT_RUONIA;D;20240806;000000;3016.047509;3016.047509;3016.047509;3016.047509;0;0
DEPOSIT_RUONIA;D;20240807;000000;3018.098900;3018.098900;3018.098900;3018.098900;0;0
DEPOSIT_RUONIA;D;20240808;000000;3020.161268;3020.161268;3020.161268;3020.161268;0;0
DEPOSIT_RUONIA;D;20240809;000000;3022.226243;3022.226243;3022.226243;3022.226243;0;0
DEPOSIT_RUONIA;D;20240812;000000;3024.295029;3024.295029;3024.295029;3024.295029;0;0
DEPOSIT_RUONIA;D;20240813;000000;3026.449239;3026.449239;3026.449239;3026.449239;0;0
DEPOSIT_RUONIA;D;20240814;000000;3028.622998;3028.622998;3028.622998;3028.622998;0;0
DEPOSIT_RUONIA;D;20240815;000000;3030.744236;3030.744236;3030.744236;3030.744236;0;0
DEPOSIT_RUONIA;D;20240816;000000;3032.869365;3032.869365;3032.869365;3032.869365;0;0
DEPOSIT_RUONIA;D;20240819;000000;3034.993577;3034.993577;3034.993577;3034.993577;0;0
DEPOSIT_RUONIA;D;20240820;000000;3037.112051;3037.112051;3037.112051;3037.112051;0;0
DEPOSIT_RUONIA;D;20240821;000000;3039.235619;3039.235619;3039.235619;3039.235619;0;0
DEPOSIT_RUONIA;D;20240822;000000;3041.366702;3041.366702;3041.366702;3041.366702;0;0
DEPOSIT_RUONIA;D;20240823;000000;3043.533073;3043.533073;3043.533073;3043.533073;0;0
DEPOSIT_RUONIA;D;20240826;000000;3045.726349;3045.726349;3045.726349;3045.726349;0;0
DEPOSIT_RUONIA;D;20240827;000000;3047.928457;3047.928457;3047.928457;3047.928457;0;0
DEPOSIT_RUONIA;D;20240828;000000;3050.135786;3050.135786;3050.135786;3050.135786;0;0
DEPOSIT_RUONIA;D;20240829;000000;3052.314455;3052.314455;3052.314455;3052.314455;0;0
DEPOSIT_RUONIA;D;20240830;000000;3054.549185;3054.549185;3054.549185;3054.549185;0;0
DEPOSIT_RUONIA;D;20240902;000000;3056.849794;3056.849794;3056.849794;3056.849794;0;0
DEPOSIT_RUONIA;D;20240903;000000;3059.106040;3059.106040;3059.106040;3059.106040;0;0
DEPOSIT_RUONIA;D;20240904;000000;3061.326320;3061.326320;3061.326320;3061.326320;0;0
DEPOSIT_RUONIA;D;20240905;000000;3063.560359;3063.560359;3063.560359;3063.560359;0;0
DEPOSIT_RUONIA;D;20240906;000000;3065.804539;3065.804539;3065.804539;3065.804539;0;0
DEPOSIT_RUONIA;D;20240909;000000;3068.040630;3068.040630;3068.040630;3068.040630;0;0
DEPOSIT_RUONIA;D;20240910;000000;3070.221130;3070.221130;3070.221130;3070.221130;0;0
DEPOSIT_RUONIA;D;20240911;000000;3072.360538;3072.360538;3072.360538;3072.360538;0;0
DEPOSIT_RUONIA;D;20240912;000000;3074.573369;3074.573369;3074.573369;3074.573369;0;0
DEPOSIT_RUONIA;D;20240913;000000;3076.819516;3076.819516;3076.819516;3076.819516;0;0
DEPOSIT_RUONIA;D;20240916;000000;3079.074629;3079.074629;3079.074629;3079.074629;0;0
DEPOSIT_RUONIA;D;20240917;000000;3081.401041;3081.401041;3081.401041;3081.401041;0;0
DEPOSIT_RUONIA;D;20240918;000000;3083.681522;3083.681522;3083.681522;3083.681522;0;0
DEPOSIT_RUONIA;D;20240919;000000;3085.946560;3085.946560;3085.946560;3085.946560;0;0
DEPOSIT_RUONIA;D;20240920;000000;3088.209587;3088.209587;3088.209587;3088.209587;0;0
DEPOSIT_RUONIA;D;20240930;000000;3090.474274;3090.474274;3090.474274;3090.474274;0;0
DEPOSIT_RUONIA;D;20241001;000000;3092.732037;3092.732037;3092.732037;3092.732037;0;0
DEPOSIT_RUONIA;D;20241002;000000;3094.977950;3094.977950;3094.977950;3094.977950;0;0
DEPOSIT_RUONIA;D;20241003;000000;3097.231634;3097.231634;3097.231634;3097.231634;0;0
DEPOSIT_RUONIA;D;20241004;000000;3099.478356;3099.478356;3099.478356;3099.478356;0;0
DEPOSIT_RUONIA;D;20241007;000000;3101.725478;3101.725478;3101.725478;3101.725478;0;0
DEPOSIT_RUONIA;D;20241008;000000;3103.971767;3103.971767;3103.971767;3103.971767;0;0
DEPOSIT_RUONIA;D;20241009;000000;3106.286197;3106.286197;3106.286197;3106.286197;0;0
DEPOSIT_RUONIA;D;20241010;000000;3108.574002;3108.574002;3108.574002;3108.574002;0;0
DEPOSIT_RUONIA;D;20241011;000000;3110.874593;3110.874593;3110.874593;3110.874593;0;0
DEPOSIT_RUONIA;D;20241014;000000;3113.173184;3113.173184;3113.173184;3113.173184;0;0
DEPOSIT_RUONIA;D;20241015;000000;3115.472237;3115.472237;3115.472237;3115.472237;0;0
DEPOSIT_RUONIA;D;20241016;000000;3117.772989;3117.772989;3117.772989;3117.772989;0;0
DEPOSIT_RUONIA;D;20241017;000000;3120.064305;3120.064305;3120.064305;3120.064305;0;0
DEPOSIT_RUONIA;D;20241018;000000;3122.391972;3122.391972;3122.391972;3122.391972;0;0
DEPOSIT_RUONIA;D;20241021;000000;3124.715180;3124.715180;3124.715180;3124.715180;0;0
DEPOSIT_RUONIA;D;20241022;000000;3127.026477;3127.026477;3127.026477;3127.026477;0;0
DEPOSIT_RUONIA;D;20241023;000000;3129.341966;3129.341966;3129.341966;3129.341966;0;0
DEPOSIT_RUONIA;D;20241024;000000;3131.665378;3131.665378;3131.665378;3131.665378;0;0
DEPOSIT_RUONIA;D;20241025;000000;3133.981816;3133.981816;3133.981816;3133.981816;0;0
DEPOSIT_RUONIA;D;20241028;000000;3136.309917;3136.309917;3136.309917;3136.309917;0;0
DEPOSIT_RUONIA;D;20241029;000000;3138.860036;3138.860036;3138.860036;3138.860036;0;0
DEPOSIT_RUONIA;D;20241030;000000;3141.418456;3141.418456;3141.418456;3141.418456;0;0
DEPOSIT_RUONIA;D;20241031;000000;3143.964002;3143.964002;3143.964002;3143.964002;0;0
DEPOSIT_RUONIA;D;20241101;000000;3146.530325;3146.530325;3146.530325;3146.530325;0;0
DEPOSIT_RUONIA;D;20241105;000000;3149.073770;3149.073770;3149.073770;3149.073770;0;0
DEPOSIT_RUONIA;D;20241106;000000;3151.609275;3151.609275;3151.609275;3151.609275;0;0
DEPOSIT_RUONIA;D;20241107;000000;3154.144319;3154.144319;3154.144319;3154.144319;0;0
DEPOSIT_RUONIA;D;20241108;000000;3156.685158;3156.685158;3156.685158;3156.685158;0;0
DEPOSIT_RUONIA;D;20241111;000000;3159.251843;3159.251843;3159.251843;3159.251843;0;0
DEPOSIT_RUONIA;D;20241112;000000;3161.861987;3161.861987;3161.861987;3161.861987;0;0
DEPOSIT_RUONIA;D;20241113;000000;3164.508164;3164.508164;3164.508164;3164.508164;0;0
DEPOSIT_RUONIA;D;20241114;000000;3167.126418;3167.126418;3167.126418;3167.126418;0;0
DEPOSIT_RUONIA;D;20241115;000000;3169.727986;3169.727986;3169.727986;3169.727986;0;0
DEPOSIT_RUONIA;D;20241118;000000;3172.341754;3172.341754;3172.341754;3172.341754;0;0
DEPOSIT_RUONIA;D;20241119;000000;3174.953901;3174.953901;3174.953901;3174.953901;0;0
DEPOSIT_RUONIA;D;20241120;000000;3177.555599;3177.555599;3177.555599;3177.555599;0;0
DEPOSIT_RUONIA;D;20241121;000000;3180.164473;3180.164473;3180.164473;3180.164473;0;0
DEPOSIT_RUONIA;D;20241122;000000;3182.754035;3182.754035;3182.754035;3182.754035;0;0
DEPOSIT_RUONIA;D;20241125;000000;3185.359600;3185.359600;3185.359600;3185.359600;0;0
DEPOSIT_RUONIA;D;20241126;000000;3187.943280;3187.943280;3187.943280;3187.943280;0;0
DEPOSIT_RUONIA;D;20241127;000000;3190.536647;3190.536647;3190.536647;3190.536647;0;0
DEPOSIT_RUONIA;D;20241128;000000;3193.149848;3193.149848;3193.149848;3193.149848;0;0
DEPOSIT_RUONIA;D;20241129;000000;3195.794334;3195.794334;3195.794334;3195.794334;0;0
DEPOSIT_RUONIA;D;20241202;000000;3198.468909;3198.468909;3198.468909;3198.468909;0;0
DEPOSIT_RUONIA;D;20241203;000000;3201.162223;3201.162223;3201.162223;3201.162223;0;0
DEPOSIT_RUONIA;D;20241204;000000;3203.824777;3203.824777;3203.824777;3203.824777;0;0
DEPOSIT_RUONIA;D;20241205;000000;3206.490817;3206.490817;3206.490817;3206.490817;0;0
DEPOSIT_RUONIA;D;20241206;000000;3209.160348;3209.160348;3209.160348;3209.160348;0;0
DEPOSIT_RUONIA;D;20241209;000000;3211.800264;3211.800264;3211.800264;3211.800264;0;0
DEPOSIT_RUONIA;D;20241210;000000;3214.405391;3214.405391;3214.405391;3214.405391;0;0
DEPOSIT_RUONIA;D;20241211;000000;3217.038142;3217.038142;3217.038142;3217.038142;0;0
DEPOSIT_RUONIA;D;20241212;000000;3219.758582;3219.758582;3219.758582;3219.758582;0;0
DEPOSIT_RUONIA;D;20241213;000000;3222.543929;3222.543929;3222.543929;3222.543929;0;0
DEPOSIT_RUONIA;D;20241216;000000;3225.352146;3225.352146;3225.352146;3225.352146;0;0
DEPOSIT_RUONIA;D;20241227;000000;3228.170489;3228.170489;3228.170489;3228.170489;0;0
DEPOSIT_RUONIA;D;20250130;000000;3230.792737;3230.792737;3230.792737;3230.792737;0;0
DEPOSIT_RUONIA;D;20250204;000000;3233.444038;3233.444038;3233.444038;3233.444038;0;0
DEPOSIT_RUONIA;D;20250214;000000;3236.043625;3236.043625;3236.043625;3236.043625;0;0
DEPOSIT_RUONIA;D;20250219;000000;3238.737759;3238.737759;3238.737759;3238.737759;0;0
DEPOSIT_RUONIA;D;20250416;000000;3241.432852;3241.432852;3241.432852;3241.432852;0;0
DEPOSIT_RUONIA;D;20250505;000000;3244.130187;3244.130187;3244.130187;3244.130187;0;0
DEPOSIT_RUONIA;D;20250530;000000;3246.788572;3246.788572;3246.788572;3246.788572;0;0
DEPOSIT_RUONIA;D;20250602;000000;3249.498094;3249.498094;3249.498094;3249.498094;0;0
DEPOSIT_RUONIA;D;20250603;000000;3252.216325;3252.216325;3252.216325;3252.216325;0;0
DEPOSIT_RUONIA;D;20250604;000000;3254.940701;3254.940701;3254.940701;3254.940701;0;0
DEPOSIT_RUONIA;D;20250605;000000;3257.626027;3257.626027;3257.626027;3257.626027;0;0
DEPOSIT_RUONIA;D;20250606;000000;3260.313569;3260.313569;3260.313569;3260.313569;0;0
DEPOSIT_RUONIA;D;20250609;000000;3262.978746;3262.978746;3262.978746;3262.978746;0;0
DEPOSIT_RUONIA;D;20250610;000000;3265.532156;3265.532156;3265.532156;3265.532156;0;0
DEPOSIT_RUONIA;D;20250611;000000;3268.097931;3268.097931;3268.097931;3268.097931;0;0
DEPOSIT_RUONIA;D;20250616;000000;3270.676098;3270.676098;3270.676098;3270.676098;0;0
DEPOSIT_RUONIA;D;20250617;000000;3273.239425;3273.239425;3273.239425;3273.239425;0;0
DEPOSIT_RUONIA;D;20250618;000000;3275.809957;3275.809957;3275.809957;3275.809957;0;0
DEPOSIT_RUONIA;D;20250619;000000;3278.385108;3278.385108;3278.385108;3278.385108;0;0
DEPOSIT_RUONIA;D;20250620;000000;3280.951875;3280.951875;3280.951875;3280.951875;0;0
DEPOSIT_RUONIA;D;20250623;000000;3283.520652;3283.520652;3283.520652;3283.520652;0;0
DEPOSIT_RUONIA;D;20250624;000000;3286.090137;3286.090137;3286.090137;3286.090137;0;0
DEPOSIT_RUONIA;D;20250625;000000;3288.662937;3288.662937;3288.662937;3288.662937;0;0
DEPOSIT_RUONIA;D;20250626;000000;3291.237752;3291.237752;3291.237752;3291.237752;0;0
DEPOSIT_RUONIA;D;20250627;000000;3293.811970;3293.811970;3293.811970;3293.811970;0;0
DEPOSIT_RUONIA;D;20250630;000000;3296.407807;3296.407807;3296.407807;3296.407807;0;0
DEPOSIT_RUONIA;D;20250701;000000;3299.054090;3299.054090;3299.054090;3299.054090;0;0
DEPOSIT_RUONIA;D;20250702;000000;3301.667150;3301.667150;3301.667150;3301.667150;0;0
DEPOSIT_RUONIA;D;20250703;000000;3304.295382;3304.295382;3304.295382;3304.295382;0;0
DEPOSIT_RUONIA;D;20250704;000000;3306.916528;3306.916528;3306.916528;3306.916528;0;0
DEPOSIT_RUONIA;D;20250707;000000;3309.541065;3309.541065;3309.541065;3309.541065;0;0
DEPOSIT_RUONIA;D;20250708;000000;3312.167685;3312.167685;3312.167685;3312.167685;0;0
DEPOSIT_RUONIA;D;20250709;000000;3314.789817;3314.789817;3314.789817;3314.789817;0;0
DEPOSIT_RUONIA;D;20250710;000000;3317.375880;3317.375880;3317.375880;3317.375880;0;0
DEPOSIT_RUONIA;D;20250711;000000;3319.925783;3319.925783;3319.925783;3319.925783;0;0
DEPOSIT_RUONIA;D;20250714;000000;3322.461838;3322.461838;3322.461838;3322.461838;0;0
DEPOSIT_RUONIA;D;20250715;000000;3324.995874;3324.995874;3324.995874;3324.995874;0;0
DEPOSIT_RUONIA;D;20250716;000000;3327.534482;3327.534482;3327.534482;3327.534482;0;0
DEPOSIT_RUONIA;D;20250717;000000;3330.065785;3330.065785;3330.065785;3330.065785;0;0
DEPOSIT_RUONIA;D;20250718;000000;3332.604299;3332.604299;3332.604299;3332.604299;0;0
DEPOSIT_RUONIA;D;20250721;000000;3335.134169;3335.134169;3335.134169;3335.134169;0;0
DEPOSIT_RUONIA;D;20250722;000000;3337.661989;3337.661989;3337.661989;3337.661989;0;0
DEPOSIT_RUONIA;D;20250723;000000;3340.191725;3340.191725;3340.191725;3340.191725;0;0
DEPOSIT_RUONIA;D;20250724;000000;3342.723378;3342.723378;3342.723378;3342.723378;0;0
DEPOSIT_RUONIA;D;20250725;000000;3345.258277;3345.258277;3345.258277;3345.258277;0;0
DEPOSIT_RUONIA;D;20250728;000000;3347.796425;3347.796425;3347.796425;3347.796425;0;0
DEPOSIT_RUONIA;D;20250729;000000;3350.251476;3350.251476;3350.251476;3350.251476;0;0
DEPOSIT_RUONIA;D;20250730;000000;3352.721622;3352.721622;3352.721622;3352.721622;0;0
DEPOSIT_RUONIA;D;20250731;000000;3355.182945;3355.182945;3355.182945;3355.182945;0;0
DEPOSIT_RUONIA;D;20250801;000000;3357.610127;3357.610127;3357.610127;3357.610127;0;0
DEPOSIT_RUONIA;D;20250804;000000;3360.020411;3360.020411;3360.020411;3360.020411;0;0
DEPOSIT_RUONIA;D;20250805;000000;3362.411093;3362.411093;3362.411093;3362.411093;0;0
DEPOSIT_RUONIA;D;20250806;000000;3364.779458;3364.779458;3364.779458;3364.779458;0;0
DEPOSIT_RUONIA;D;20250807;000000;3367.152161;3367.152161;3367.152161;3367.152161;0;0
DEPOSIT_RUONIA;D;20250808;000000;3369.526538;3369.526538;3369.526538;3369.526538;0;0
DEPOSIT_RUONIA;D;20250811;000000;3371.899915;3371.899915;3371.899915;3371.899915;0;0
DEPOSIT_RUONIA;D;20250812;000000;3374.253554;3374.253554;3374.253554;3374.253554;0;0
DEPOSIT_RUONIA;D;20250813;000000;3376.541887;3376.541887;3376.541887;3376.541887;0;0
DEPOSIT_RUONIA;D;20250814;000000;3378.917526;3378.917526;3378.917526;3378.917526;0;0
DEPOSIT_RUONIA;D;20250815;000000;3381.300199;3381.300199;3381.300199;3381.300199;0;0
DEPOSIT_RUONIA;D;20250818;000000;3383.689920;3383.689920;3383.689920;3383.689920;0;0
DEPOSIT_RUONIA;D;20250819;000000;3386.063873;3386.063873;3386.063873;3386.063873;0;0
DEPOSIT_RUONIA;D;20250820;000000;3388.447555;3388.447555;3388.447555;3388.447555;0;0
DEPOSIT_RUONIA;D;20250821;000000;3390.830225;3390.830225;3390.830225;3390.830225;0;0
DEPOSIT_RUONIA;D;20250822;000000;3393.219953;3393.219953;3393.219953;3393.219953;0;0
DEPOSIT_RUONIA;D;20250825;000000;3395.608672;3395.608672;3395.608672;3395.608672;0;0
DEPOSIT_RUONIA;D;20250826;000000;3397.999073;3397.999073;3397.999073;3397.999073;0;0
DEPOSIT_RUONIA;D;20250827;000000;3400.392505;3400.392505;3400.392505;3400.392505;0;0
DEPOSIT_RUONIA;D;20250828;000000;3402.783575;3402.783575;3402.783575;3402.783575;0;0
DEPOSIT_RUONIA;D;20250829;000000;3405.180376;3405.180376;3405.180376;3405.180376;0;0
DEPOSIT_RUONIA;D;20250901;000000;3407.578867;3407.578867;3407.578867;3407.578867;0;0
DEPOSIT_RUONIA;D;20250902;000000;3409.979046;3409.979046;3409.979046;3409.979046;0;0
DEPOSIT_RUONIA;D;20250903;000000;3412.380916;3412.380916;3412.380916;3412.380916;0;0
DEPOSIT_RUONIA;D;20250904;000000;3414.783124;3414.783124;3414.783124;3414.783124;0;0
DEPOSIT_RUONIA;D;20250905;000000;3417.188378;3417.188378;3417.188378;3417.188378;0;0
DEPOSIT_RUONIA;D;20250908;000000;3419.592614;3419.592614;3419.592614;3419.592614;0;0
DEPOSIT_RUONIA;D;20250909;000000;3421.997185;3421.997185;3421.997185;3421.997185;0;0
DEPOSIT_RUONIA;D;20250910;000000;3424.407520;3424.407520;3424.407520;3424.407520;0;0
DEPOSIT_RUONIA;D;20250911;000000;3426.727149;3426.727149;3426.727149;3426.727149;0;0
DEPOSIT_RUONIA;D;20250912;000000;3429.045629;3429.045629;3429.045629;3429.045629;0;0
DEPOSIT_RUONIA;D;20250915;000000;3431.367038;3431.367038;3431.367038;3431.367038;0;0
