<TICKER>;<PER>;<DATE>;<TIME>;<OPEN>;<HIGH>;<LOW>;<CLOSE>;<VOL>;<OPENINT>
GCHE;D;20080408;000000;0;0;0;0;0;0
GCHE;D;20080409;000000;0;0;0;0;0;0
GCHE;D;20080410;000000;0;0;0;0;0;0
GCHE;D;20080411;000000;0;0;0;0;0;0
GCHE;D;20080414;000000;0;0;0;0;0;0
GCHE;D;20080415;000000;0;0;0;0;0;0
GCHE;D;20080416;000000;0;0;0;0;0;0
GCHE;D;20080417;000000;0;0;0;0;0;0
GCHE;D;20080418;000000;0;0;0;0;0;0
GCHE;D;20080421;000000;0;0;0;0;0;0
GCHE;D;20080422;000000;0;0;0;0;0;0
GCHE;D;20080423;000000;0;0;0;0;0;0
GCHE;D;20080424;000000;0;0;0;0;0;0
GCHE;D;20080425;000000;0;0;0;0;0;0
GCHE;D;20080428;000000;0;0;0;0;0;0
GCHE;D;20080429;000000;0;0;0;0;0;0
GCHE;D;20080430;000000;0;0;0;0;0;0
GCHE;D;20080504;000000;0;0;0;0;0;0
GCHE;D;20080505;000000;0;0;0;0;0;0
GCHE;D;20080506;000000;0;0;0;0;0;0
GCHE;D;20080507;000000;0;0;0;0;0;0
GCHE;D;20080512;000000;0;0;0;0;0;0
GCHE;D;20080513;000000;0;0;0;0;0;0
GCHE;D;20080514;000000;0;0;0;0;0;0
GCHE;D;20080515;000000;0;0;0;0;0;0
GCHE;D;20080516;000000;0;0;0;0;0;0
GCHE;D;20080519;000000;569;570;568.5;569.5;15000;0
GCHE;D;20080520;000000;0;0;0;0;0;0
GCHE;D;20080521;000000;0;0;0;0;0;0
GCHE;D;20080522;000000;0;0;0;0;0;0
GCHE;D;20080523;000000;0;0;0;0;0;0
GCHE;D;20080526;000000;0;0;0;0;0;0
GCHE;D;20080527;000000;0;0;0;0;0;0
GCHE;D;20080528;000000;0;0;0;0;0;0
GCHE;D;20080529;000000;654.44;654.44;600;600;8;0
GCHE;D;20080530;000000;600;600;600;600;2;0
GCHE;D;20080602;000000;600;600;600;600;3;0
GCHE;D;20080603;000000;550;565;550;565;20;0
GCHE;D;20080604;000000;550;560;550;560;6;0
GCHE;D;20080605;000000;0;0;0;0;0;0
GCHE;D;20080606;000000;0;0;0;0;0;0
GCHE;D;20080607;000000;0;0;0;0;0;0
GCHE;D;20080609;000000;0;0;0;0;0;0
GCHE;D;20080610;000000;570;570;570;570;8;0
GCHE;D;20080611;000000;568.5;569.5;568.5;569.5;6000;0
GCHE;D;20080616;000000;0;0;0;0;0;0
GCHE;D;20080617;000000;560;560;560;560;35;0
GCHE;D;20080618;000000;565;565;565;565;19;0
GCHE;D;20080619;000000;525.01;525.01;525;525;32;0
GCHE;D;20080620;000000;546.02;546.02;510;510;11;0
GCHE;D;20080623;000000;539.99;559.99;539.99;539.99;1074;0
GCHE;D;20080624;000000;0;0;0;0;0;0
GCHE;D;20080625;000000;0;0;0;0;0;0
GCHE;D;20080626;000000;560;560;549.5;550;2005;0
GCHE;D;20080627;000000;0;0;0;0;0;0
GCHE;D;20080630;000000;0;0;0;0;0;0
GCHE;D;20080701;000000;0;0;0;0;0;0
GCHE;D;20080702;000000;0;0;0;0;0;0
GCHE;D;20080703;000000;0;0;0;0;0;0
GCHE;D;20080704;000000;0;0;0;0;0;0
GCHE;D;20080707;000000;620;620;620;620;15;0
GCHE;D;20080708;000000;0;0;0;0;0;0
GCHE;D;20080709;000000;450;450;450;450;15;0
GCHE;D;20080710;000000;0;0;0;0;0;0
GCHE;D;20080711;000000;0;0;0;0;0;0
GCHE;D;20080714;000000;0;0;0;0;0;0
GCHE;D;20080715;000000;0;0;0;0;0;0
GCHE;D;20080716;000000;0;0;0;0;0;0
GCHE;D;20080717;000000;0;0;0;0;0;0
GCHE;D;20080718;000000;561;561;561;561;2700;0
GCHE;D;20080721;000000;625;650;625;650;11;0
GCHE;D;20080722;000000;757.35;757.35;653;757.35;9;0
GCHE;D;20080723;000000;757.35;757.35;480;490;978;0
GCHE;D;20080724;000000;500;611.9;500;540;444;0
GCHE;D;20080725;000000;0;0;0;0;0;0
GCHE;D;20080728;000000;500;550;500;550;35;0
GCHE;D;20080729;000000;567.97;567.97;557;557;2;0
GCHE;D;20080730;000000;0;0;0;0;0;0
GCHE;D;20080731;000000;527;527;527;527;63;0
GCHE;D;20080801;000000;500;500;500;500;33;0
GCHE;D;20080804;000000;505;505;500;500;168;0
GCHE;D;20080805;000000;450;450;450;450;57;0
GCHE;D;20080806;000000;450;450;450;450;50;0
GCHE;D;20080807;000000;450;472.83;450;460;62;0
GCHE;D;20080808;000000;452;452;452;452;1;0
GCHE;D;20080811;000000;452;452;450;450;4;0
GCHE;D;20080812;000000;490;490;480.55;480.55;3;0
GCHE;D;20080813;000000;0;0;0;0;0;0
GCHE;D;20080814;000000;0;0;0;0;0;0
GCHE;D;20080815;000000;0;0;0;0;0;0
GCHE;D;20080818;000000;480;480;480;480;10;0
GCHE;D;20080819;000000;490;490;490;490;9;0
GCHE;D;20080820;000000;0;0;0;0;0;0
GCHE;D;20080821;000000;490;490;451;490;251;0
GCHE;D;20080822;000000;0;0;0;0;0;0
GCHE;D;20080825;000000;450.01;450.1;450;450;40;0
GCHE;D;20080826;000000;420;420;420;420;300;0
GCHE;D;20080827;000000;420;420;420;420;5;0
GCHE;D;20080828;000000;420;450;420;450;210;0
GCHE;D;20080829;000000;450;450;450;450;1;0
GCHE;D;20080901;000000;0;0;0;0;0;0
GCHE;D;20080902;000000;0;0;0;0;0;0
GCHE;D;20080903;000000;450;450;450;450;500;0
GCHE;D;20080904;000000;0;0;0;0;0;0
GCHE;D;20080905;000000;0;0;0;0;0;0
GCHE;D;20080908;000000;0;0;0;0;0;0
GCHE;D;20080909;000000;450;450;450;450;1;0
GCHE;D;20080910;000000;400;400;400;400;500;0
GCHE;D;20080911;000000;400;400;400;400;1100;0
GCHE;D;20080912;000000;400;450;400;405;7377;0
GCHE;D;20080915;000000;400;401;350.01;350.01;812;0
GCHE;D;20080916;000000;365;365;350;350;102;0
GCHE;D;20080917;000000;375;375;375;375;2;0
GCHE;D;20080918;000000;0;0;0;0;0;0
GCHE;D;20080919;000000;375;375;300;375;137;0
GCHE;D;20080922;000000;375;375;350;350;57;0
GCHE;D;20080923;000000;0;0;0;0;0;0
GCHE;D;20080924;000000;300;305;300;305;2;0
GCHE;D;20080925;000000;350;374.99;350;374.99;2;0
GCHE;D;20080926;000000;300;315;288;290;5676;0
GCHE;D;20080929;000000;300;308.82;300;301;1315;0
GCHE;D;20080930;000000;305;305;300;300;181;0
GCHE;D;20081001;000000;300;310;300;310;1071;0
GCHE;D;20081002;000000;0;0;0;0;0;0
GCHE;D;20081003;000000;310;375.2;300;300;210;0
GCHE;D;20081006;000000;290;290;270;275;598;0
GCHE;D;20081007;000000;290;290;275;275;301;0
GCHE;D;20081008;000000;0;0;0;0;0;0
GCHE;D;20081009;000000;270;270;250;250;562;0
GCHE;D;20081010;000000;0;0;0;0;0;0
GCHE;D;20081013;000000;250;250;225.12;225.12;595;0
GCHE;D;20081014;000000;225.12;225.12;225.12;225.12;23;0
GCHE;D;20081015;000000;225.12;225.12;180;180;569;0
GCHE;D;20081016;000000;0;0;0;0;0;0
GCHE;D;20081017;000000;225.12;225.12;225.12;225.12;1154;0
GCHE;D;20081020;000000;0;0;0;0;0;0
GCHE;D;20081021;000000;195;195;140;140;3580;0
GCHE;D;20081022;000000;0;0;0;0;0;0
GCHE;D;20081023;000000;140;140;91.5;91.5;4576;0
GCHE;D;20081024;000000;0;0;0;0;0;0
GCHE;D;20081027;000000;0;0;0;0;0;0
GCHE;D;20081028;000000;91.5;91.5;75;75;4009;0
GCHE;D;20081029;000000;84.99;84.99;80;80;5;0
GCHE;D;20081030;000000;80;82;72.1;82;1416;0
GCHE;D;20081031;000000;80;105;73.85;105;521;0
GCHE;D;20081101;000000;85;89.99;85;89.99;139;0
GCHE;D;20081105;000000;88;90;85;85;399;0
GCHE;D;20081106;000000;80;80;80;80;50;0
GCHE;D;20081107;000000;80;98;75.01;82;1688;0
GCHE;D;20081110;000000;82.3;84;79.5;84;2472;0
GCHE;D;20081111;000000;84;84;80;80;428;0
GCHE;D;20081112;000000;0;0;0;0;0;0
GCHE;D;20081113;000000;75;80;70;80;301;0
GCHE;D;20081114;000000;82;82;82;82;21;0
GCHE;D;20081117;000000;83.99;83.99;83.99;83.99;5;0
GCHE;D;20081118;000000;85;85;84.89;84.89;10;0
GCHE;D;20081119;000000;85;85;70;80;2113;0
GCHE;D;20081120;000000;80;80;80;80;2;0
GCHE;D;20081121;000000;80;80;77;79;205;0
GCHE;D;20081124;000000;79;79;79;79;11;0
GCHE;D;20081125;000000;78;78;78;78;2;0
GCHE;D;20081126;000000;84.99;84.99;75.2;75.3;8305;0
GCHE;D;20081127;000000;85;94;85;93;970;0
GCHE;D;20081128;000000;94;94.15;90;90;12414;0
GCHE;D;20081201;000000;85;85;85;85;1000;0
GCHE;D;20081202;000000;90;91;80;80;4021;0
GCHE;D;20081203;000000;84;86;84;84;2804;0
GCHE;D;20081204;000000;85;85;82;82;138;0
GCHE;D;20081205;000000;80;80;75;75;20;0
GCHE;D;20081208;000000;89.99;89.99;89.99;89.99;1;0
GCHE;D;20081209;000000;75.01;75.01;75;75.01;8;0
GCHE;D;20081210;000000;89.9;89.9;89.9;89.9;1;0
GCHE;D;20081211;000000;85;85;74.21;85;405;0
GCHE;D;20081212;000000;90;90;87;87;656;0
GCHE;D;20081215;000000;90;90;80;80;12;0
GCHE;D;20081216;000000;90;90;90;90;1;0
GCHE;D;20081217;000000;0;0;0;0;0;0
GCHE;D;20081218;000000;80;80;75;75;154;0
GCHE;D;20081219;000000;0;0;0;0;0;0
GCHE;D;20081222;000000;85;85;75;75;1100;0
GCHE;D;20081223;000000;73;73.99;72;73.99;922;0
GCHE;D;20081224;000000;71.5;76;71.5;75;22;0
GCHE;D;20081225;000000;0;0;0;0;0;0
GCHE;D;20081226;000000;75.02;75.02;75.02;75.02;16;0
GCHE;D;20081229;000000;72;72;72;72;989;0
GCHE;D;20081230;000000;78;78;70.01;70.01;26;0
GCHE;D;20081231;000000;68.01;70;68.01;68.01;62;0
GCHE;D;20090111;000000;70;72;70;72;30;0
GCHE;D;20090112;000000;70.1;71;66.01;71;504;0
GCHE;D;20090113;000000;68.01;71;66;66;1015;0
GCHE;D;20090114;000000;66;66;58.1;60;5620;0
GCHE;D;20090115;000000;58.1;60;54;60;1403;0
GCHE;D;20090116;000000;57;61;54;54;1102;0
GCHE;D;20090119;000000;59.9;59.9;45;50;66450;0
GCHE;D;20090120;000000;45.6;51.99;45;48;6514;0
GCHE;D;20090121;000000;45.2;47;45.2;46.5;715;0
GCHE;D;20090122;000000;45.01;48;45.01;48;507;0
GCHE;D;20090123;000000;45;45;38;38;13586;0
GCHE;D;20090126;000000;0;0;0;0;0;0
GCHE;D;20090127;000000;49;49;37;41;447;0
GCHE;D;20090128;000000;41;41;38.11;40;576;0
GCHE;D;20090129;000000;41.5;41.5;40;40;42;0
GCHE;D;20090130;000000;40;44;40;40;45370;0
GCHE;D;20090202;000000;35.12;40.01;28.01;40;9216;0
GCHE;D;20090203;000000;39;50;39;46;75642;0
GCHE;D;20090204;000000;45;51;40.61;44;1006;0
GCHE;D;20090205;000000;44.5;44.5;40;41;47;0
GCHE;D;20090206;000000;39;40.81;39;40.06;3620;0
GCHE;D;20090209;000000;40.06;52;33;50;10143;0
GCHE;D;20090210;000000;0;0;0;0;0;0
GCHE;D;20090211;000000;39.11;51;39.11;50;667;0
GCHE;D;20090212;000000;0;0;0;0;0;0
GCHE;D;20090213;000000;49.99;55.01;46.01;52;6899;0
GCHE;D;20090216;000000;52.07;57;49.13;52;8194;0
GCHE;D;20090217;000000;47.5;58;47.5;53;14513;0
GCHE;D;20090218;000000;49.01;53;49.01;53;315;0
GCHE;D;20090219;000000;48.55;55;48.55;53.5;2741;0
GCHE;D;20090220;000000;48.21;55;48.21;54;1675;0
GCHE;D;20090224;000000;54;54.5;50.01;54;3075;0
GCHE;D;20090225;000000;53;53;52;52;102;0
GCHE;D;20090226;000000;52;55;52;52.01;2174;0
GCHE;D;20090227;000000;52.78;55;52;52;1311;0
GCHE;D;20090302;000000;52.78;52.78;48;48.2;54;0
GCHE;D;20090303;000000;47.5;50;47.5;50;9;0
GCHE;D;20090304;000000;50;50;48;50;400;0
GCHE;D;20090305;000000;48;51;48;51;31;0
GCHE;D;20090306;000000;47.02;50;47.01;50;297;0
GCHE;D;20090310;000000;48;60;48;60;2907;0
GCHE;D;20090311;000000;51;58.83;43;53.51;7030;0
GCHE;D;20090312;000000;47.01;50.92;47;47.5;129;0
GCHE;D;20090313;000000;53;55;48.04;48.1;784;0
GCHE;D;20090316;000000;48.5;50.99;48.04;50.99;341;0
GCHE;D;20090317;000000;48.34;50.99;48.33;50;730;0
GCHE;D;20090318;000000;50;50;47;48;1431;0
GCHE;D;20090319;000000;50;50;47.02;48.5;308;0
GCHE;D;20090320;000000;49;50.9;49;50.5;1213;0
GCHE;D;20090323;000000;50.49;50.5;40;48.7;62762;0
GCHE;D;20090324;000000;49;50;46.14;49.98;6551;0
GCHE;D;20090325;000000;48;49.98;47.51;49;2300;0
GCHE;D;20090326;000000;49;49;43.8;47;13046;0
GCHE;D;20090327;000000;45.8;48.4;45.8;48;26133;0
GCHE;D;20090330;000000;48;48.89;46.1;47;11337;0
GCHE;D;20090331;000000;47;48.25;46.3;46.35;15290;0
GCHE;D;20090401;000000;47.25;47.25;46.5;46.5;2224;0
GCHE;D;20090402;000000;46.4;48.99;46;47;35690;0
GCHE;D;20090403;000000;47;47.98;46;46;18436;0
GCHE;D;20090406;000000;46;47;43;46;42835;0
GCHE;D;20090407;000000;46.01;47;45.5;46.2;6357;0
GCHE;D;20090408;000000;46.98;59.98;46;57.5;43511;0
GCHE;D;20090409;000000;60;70;54.9;69.48;53638;0
GCHE;D;20090410;000000;70;84;70;81.99;20121;0
GCHE;D;20090413;000000;79.53;94.9;75;84.5;57321;0
GCHE;D;20090414;000000;85.86;85.86;78.01;78.01;31389;0
GCHE;D;20090415;000000;82;90;80;85;48272;0
GCHE;D;20090416;000000;83;91.5;83;90.85;13192;0
GCHE;D;20090417;000000;91.7;99.55;90;94.9;13439;0
GCHE;D;20090420;000000;95;119;90.01;103.01;34287;0
GCHE;D;20090421;000000;114.97;115.97;93.1;102.3;4460;0
GCHE;D;20090422;000000;104.9;114.97;97.22;98.99;22750;0
GCHE;D;20090423;000000;96.5;102.5;96.5;99.99;12230;0
GCHE;D;20090424;000000;100;100;94.5;97;4513;0
GCHE;D;20090427;000000;105;114.13;96.45;103;102205;0
GCHE;D;20090428;000000;105.5;105.5;97;98.98;14432;0
GCHE;D;20090429;000000;98.98;128.55;98.98;124;30689;0
GCHE;D;20090430;000000;133.5;135;119;125.99;11550;0
GCHE;D;20090504;000000;130;145;124.5;128;35009;0
GCHE;D;20090505;000000;129.9;145.01;129.9;140;24160;0
GCHE;D;20090506;000000;144.97;173.99;138;166;39271;0
GCHE;D;20090507;000000;154.99;180.01;150;157.88;14430;0
GCHE;D;20090508;000000;160;160;150;153;3492;0
GCHE;D;20090512;000000;157.35;157.35;145;150;5193;0
GCHE;D;20090513;000000;150;150.25;135.04;138.5;20852;0
GCHE;D;20090514;000000;135.33;137;125;128;15675;0
GCHE;D;20090515;000000;128.03;135;128.03;135;10017;0
GCHE;D;20090518;000000;133;148;128.44;143.8;19674;0
GCHE;D;20090519;000000;143;148;137;141;2393;0
GCHE;D;20090520;000000;137;158;137;154;8081;0
GCHE;D;20090521;000000;150;150;137;138;4454;0
GCHE;D;20090522;000000;132.71;143;132.71;137.1;57566;0
GCHE;D;20090525;000000;133;139.7;128.8;137.99;2541;0
GCHE;D;20090526;000000;131.01;139.79;131.01;138;1569;0
GCHE;D;20090527;000000;133;135.99;131;132.01;9095;0
GCHE;D;20090528;000000;132.01;144.65;132.01;141;17080;0
GCHE;D;20090529;000000;141.9;146.77;140;146;165184;0
GCHE;D;20090601;000000;146.77;163;146.77;162.28;48408;0
GCHE;D;20090602;000000;153.03;175.9;153.03;162.51;18163;0
GCHE;D;20090603;000000;178;179;158.01;160;4248;0
GCHE;D;20090604;000000;159.95;167;155;159;12864;0
GCHE;D;20090605;000000;169.9;204;161.02;170;6873;0
GCHE;D;20090608;000000;184.99;189.99;170;175;12631;0
GCHE;D;20090609;000000;175;179.99;173.8;174;206;0
GCHE;D;20090610;000000;170.21;187.5;170.21;179.89;4028;0
GCHE;D;20090611;000000;174;177.5;174;177;354;0
GCHE;D;20090615;000000;176.7;176.7;160;160;10945;0
GCHE;D;20090616;000000;160.99;160.99;145.1;154.89;17677;0
GCHE;D;20090617;000000;147.31;150.99;145;147;24173;0
GCHE;D;20090618;000000;142.1;163;135;155;55477;0
GCHE;D;20090619;000000;164.95;179;154;167.29;188849;0
GCHE;D;20090622;000000;169;179;156.01;160;2833;0
GCHE;D;20090623;000000;155;160.02;150;155;36137;0
GCHE;D;20090624;000000;158;169;158;167;7803;0
GCHE;D;20090625;000000;159;170;159;170;13028;0
GCHE;D;20090626;000000;162.01;168.99;162.01;165;3215;0
GCHE;D;20090629;000000;169.8;180;165;180;7012;0
GCHE;D;20090630;000000;181;197.75;170;193;7804;0
GCHE;D;20090701;000000;170.02;197;170.02;195;9057;0
GCHE;D;20090702;000000;185;198.8;168;186;100998;0
GCHE;D;20090703;000000;180;193.9;180;191.99;10898;0
GCHE;D;20090706;000000;183;190;183;188.99;1342;0
GCHE;D;20090707;000000;190;191;184;188.89;1903;0
GCHE;D;20090708;000000;188;197;187;190;3168;0
GCHE;D;20090709;000000;194;195;191;191;231;0
GCHE;D;20090710;000000;188.03;193.49;184;184.01;3885;0
GCHE;D;20090713;000000;170;183.89;158;175.99;1034;0
GCHE;D;20090714;000000;193.87;193.87;170;170;1290;0
GCHE;D;20090715;000000;177;177;170;174.5;2414;0
GCHE;D;20090716;000000;175.98;179.49;174;174;757;0
GCHE;D;20090717;000000;172.3;189;172.3;189;13858;0
GCHE;D;20090720;000000;194.65;194.65;185;189.98;2795;0
GCHE;D;20090721;000000;189.98;189.98;175.51;175.52;699;0
GCHE;D;20090722;000000;189.44;189.88;171.99;179.99;2863;0
GCHE;D;20090723;000000;175.1;181;164.01;181;168;0
GCHE;D;20090724;000000;180;185;180;180;509;0
GCHE;D;20090727;000000;189.86;191;189.86;191;8011;0
GCHE;D;20090728;000000;182.01;199.99;182.01;189;2139;0
GCHE;D;20090729;000000;193.5;203;186.5;194.5;27803;0
GCHE;D;20090730;000000;195;198;190;198;12627;0
GCHE;D;20090731;000000;198;203;198;200;10308;0
GCHE;D;20090803;000000;191;202;191;198.53;197;0
GCHE;D;20090804;000000;200;203;191.03;203;578;0
GCHE;D;20090805;000000;201.99;205.99;201;205;5656;0
GCHE;D;20090806;000000;205.99;205.99;204;204;568;0
GCHE;D;20090807;000000;200;204.99;185.05;199.9;589;0
GCHE;D;20090810;000000;197.4;205.5;197.4;200;10615;0
GCHE;D;20090811;000000;204;206.99;204;206.99;9826;0
GCHE;D;20090812;000000;200;206.99;185.01;206.99;617;0
GCHE;D;20090813;000000;207;207;201;204;2304;0
GCHE;D;20090814;000000;203;234;203;211.99;6539;0
GCHE;D;20090817;000000;206;212;200;206;656;0
GCHE;D;20090818;000000;208;214.8;207;210;1594;0
GCHE;D;20090819;000000;208;210;203;210;6744;0
GCHE;D;20090820;000000;209.5;214;205;208.99;7819;0
GCHE;D;20090821;000000;209;210;207.01;210;2477;0
GCHE;D;20090824;000000;209.99;209.99;208.01;208.01;83;0
GCHE;D;20090825;000000;210;210;208;208.1;1069;0
GCHE;D;20090826;000000;210;224;208.5;219.76;4801;0
GCHE;D;20090827;000000;220;230;217.23;223.49;5251;0
GCHE;D;20090828;000000;218.01;228.93;218.01;225;3962;0
GCHE;D;20090831;000000;220.35;234;218.06;225;132;0
GCHE;D;20090901;000000;234;249.5;224;235;786;0
GCHE;D;20090902;000000;233;238;220.01;235;541;0
GCHE;D;20090903;000000;232;234.74;220.01;234.74;4154;0
GCHE;D;20090904;000000;230;230;225;230;1292;0
GCHE;D;20090907;000000;220;230.22;220;230;1263;0
GCHE;D;20090908;000000;220.13;230.22;220.13;225;3651;0
GCHE;D;20090909;000000;225;230;224.99;229.99;2153;0
GCHE;D;20090910;000000;225;229.99;220;227.5;2812;0
GCHE;D;20090911;000000;220.01;224.9;214.7;223.99;7449;0
GCHE;D;20090914;000000;220.01;225;220;225;1744;0
GCHE;D;20090915;000000;222.22;230;220;230;7294;0
GCHE;D;20090916;000000;225.03;235;225.03;230;8370;0
GCHE;D;20090917;000000;228;235;228;230;2459;0
GCHE;D;20090918;000000;233;234.55;228;230;4115;0
GCHE;D;20090921;000000;230;233;230;233;7386;0
GCHE;D;20090922;000000;226.01;235;226.01;234;1064;0
GCHE;D;20090923;000000;230;275;230;247.11;22555;0
GCHE;D;20090924;000000;235;242.01;233;242;3316;0
GCHE;D;20090925;000000;235.25;243;234.99;243;8528;0
GCHE;D;20090928;000000;237.01;239.99;236.05;239.99;993;0
GCHE;D;20090929;000000;235.35;240;233;235.17;812;0
GCHE;D;20090930;000000;235.01;239;233;239;1954;0
GCHE;D;20091001;000000;240;240;235.75;235.75;2129;0
GCHE;D;20091002;000000;225.08;235;215.06;232.17;524;0
GCHE;D;20091005;000000;222;289;222;265;25544;0
GCHE;D;20091006;000000;285;340;285;317.4;30403;0
GCHE;D;20091007;000000;310;310;224.05;305;6338;0
GCHE;D;20091008;000000;304.99;330;289.13;311;5828;0
GCHE;D;20091009;000000;311;332;309.01;321.8;2531;0
GCHE;D;20091012;000000;329.99;329.99;304;311.89;1148;0
GCHE;D;20091013;000000;296;310.8;292.35;296.18;439;0
GCHE;D;20091014;000000;309.85;309.85;298.03;305.93;92;0
GCHE;D;20091015;000000;305.93;313;295.71;302.9;802;0
GCHE;D;20091016;000000;319.08;319.08;302;302;126;0
GCHE;D;20091019;000000;300;340;290;330;3154;0
GCHE;D;20091020;000000;335;338.9;317.88;325;1007;0
GCHE;D;20091021;000000;335;370;335;360;1782;0
GCHE;D;20091022;000000;358;370;358;365;4245;0
GCHE;D;20091023;000000;365;375;360;365.03;7940;0
GCHE;D;20091026;000000;350.76;375;350.76;374;3475;0
GCHE;D;20091027;000000;357.82;365.54;355.01;364.99;629;0
GCHE;D;20091028;000000;365;367;355.01;362;2335;0
GCHE;D;20091029;000000;367.49;367.49;357;364.91;6748;0
GCHE;D;20091030;000000;355;365;350;350;5399;0
GCHE;D;20091102;000000;350.01;398;343;384.95;5888;0
GCHE;D;20091103;000000;390;390;365;365;281;0
GCHE;D;20091105;000000;370;372.76;370;372.76;11;0
GCHE;D;20091106;000000;384.99;385;367;367;117;0
GCHE;D;20091109;000000;389.99;390;373.83;379.14;160;0
GCHE;D;20091110;000000;383.2;383.2;378.01;378.01;122;0
GCHE;D;20091111;000000;365.01;374.21;365;369.58;6354;0
GCHE;D;20091112;000000;365;380.38;361;379.98;8128;0
GCHE;D;20091113;000000;375.01;388;375;375;607;0
GCHE;D;20091116;000000;385;385;375.26;380;283;0
GCHE;D;20091117;000000;380;387.99;369.82;374;853;0
GCHE;D;20091118;000000;375;380;375;380;548;0
GCHE;D;20091119;000000;366.75;374;361;374;287;0
GCHE;D;20091120;000000;365.73;380;365.73;380;195;0
GCHE;D;20091123;000000;380;380;366.11;366.11;418;0
GCHE;D;20091124;000000;370;375;364;375;188;0
GCHE;D;20091125;000000;368.62;379.19;368.62;379.19;2;0
GCHE;D;20091126;000000;380;428.98;380;399.53;8475;0
GCHE;D;20091127;000000;384.78;399.98;384.78;399.98;1065;0
GCHE;D;20091130;000000;0;0;0;0;0;0
GCHE;D;20091201;000000;400;417.5;399.89;410;4356;0
GCHE;D;20091202;000000;410.01;420;410;420;1609;0
GCHE;D;20091203;000000;420.03;420.03;415.5;420;1550;0
GCHE;D;20091204;000000;417;435;412;433;30228;0
GCHE;D;20091207;000000;433;433;422;422.48;525;0
GCHE;D;20091208;000000;398.74;428.9;398.74;425;467;0
GCHE;D;20091209;000000;430;433;420;432.99;2520;0
GCHE;D;20091210;000000;432.9;432.9;425;425;51;0
GCHE;D;20091211;000000;426;433;426;433;2073;0
GCHE;D;20091214;000000;433;433;428.01;432.74;24;0
GCHE;D;20091215;000000;425.98;434;420;434;648;0
GCHE;D;20091216;000000;427;434;425.01;434;170;0
GCHE;D;20091217;000000;435;435;419.99;433;6295;0
GCHE;D;20091218;000000;430;439;430;439;8939;0
GCHE;D;20091221;000000;439;439.98;435;439;701;0
GCHE;D;20091222;000000;432.4;433.91;430;433.91;2306;0
GCHE;D;20091223;000000;426.44;434.98;419.99;430;2843;0
GCHE;D;20091224;000000;431.38;438.13;431.38;438.13;2;0
GCHE;D;20091225;000000;439.74;439.74;425.68;434.64;459;0
GCHE;D;20091228;000000;436.25;436.25;425;434.96;363;0
GCHE;D;20091229;000000;430;434.85;430;434.85;620;0
GCHE;D;20091230;000000;434.5;435;425.98;435;357;0
GCHE;D;20091231;000000;439.9;439.99;439.9;439.99;97;0
GCHE;D;20100111;000000;440;440;420.03;440;3485;0
GCHE;D;20100112;000000;442;499;430.61;499;6064;0
GCHE;D;20100113;000000;500;500;442;451.98;3061;0
GCHE;D;20100114;000000;454.99;495;447.49;495;5438;0
GCHE;D;20100115;000000;495;524.95;480;516;15874;0
GCHE;D;20100118;000000;530;540;490.02;513.91;4901;0
GCHE;D;20100119;000000;511;545;509.99;543.96;17509;0
GCHE;D;20100120;000000;549;600;525.5;569.98;3519;0
GCHE;D;20100121;000000;560.01;594.42;556.01;580;9428;0
GCHE;D;20100122;000000;580;580;525;555;30618;0
GCHE;D;20100125;000000;530.01;562.6;530.01;531;395;0
GCHE;D;20100126;000000;530;554;530;550;11670;0
GCHE;D;20100127;000000;492;585;492;571.82;8210;0
GCHE;D;20100128;000000;566.16;590;555.56;590;2729;0
GCHE;D;20100129;000000;590;595;557;595;8268;0
GCHE;D;20100201;000000;570;605;570;605;4168;0
GCHE;D;20100202;000000;605;660;605;655;28208;0
GCHE;D;20100203;000000;660;839.99;660;758.01;20383;0
GCHE;D;20100204;000000;745;848;690;735;28844;0
GCHE;D;20100205;000000;677.2;734.98;677;709;14919;0
GCHE;D;20100208;000000;708;708;668.03;680;943;0
GCHE;D;20100209;000000;681.01;699.97;650.1;669.92;2709;0
GCHE;D;20100210;000000;699.88;700;647.8;650.02;1579;0
GCHE;D;20100211;000000;650.58;709.95;650.58;704;4162;0
GCHE;D;20100212;000000;710;710;670.01;684;2824;0
GCHE;D;20100215;000000;680;720;680;705;4094;0
GCHE;D;20100216;000000;705.06;753.67;661;734;7732;0
GCHE;D;20100217;000000;750;750;700.01;717.99;3485;0
GCHE;D;20100218;000000;710;726;710;724;3317;0
GCHE;D;20100219;000000;710;749.99;710;743;2058;0
GCHE;D;20100224;000000;749.95;750;725;739.5;1211;0
GCHE;D;20100225;000000;749.68;749.68;725;738;1895;0
GCHE;D;20100226;000000;745.98;775;730;759.86;1535;0
GCHE;D;20100227;000000;769.8;769.8;755.5;767;906;0
GCHE;D;20100301;000000;768.97;768.97;715.02;747.9;6432;0
GCHE;D;20100302;000000;737.07;747.97;717.01;731;12094;0
GCHE;D;20100303;000000;732.99;732.99;712.54;725;14041;0
GCHE;D;20100304;000000;724.97;729.7;718;720;1330;0
GCHE;D;20100305;000000;723.98;725;705.1;717.28;6270;0
GCHE;D;20100309;000000;690;717.29;681;712;5803;0
GCHE;D;20100310;000000;712.48;714.98;685;701.27;2186;0
GCHE;D;20100311;000000;706.88;714;700;709.99;14656;0
GCHE;D;20100312;000000;710;727.77;696;718;11508;0
GCHE;D;20100315;000000;738.95;738.95;705;712.53;201;0
GCHE;D;20100316;000000;729.99;730;712.18;722.94;1001;0
GCHE;D;20100317;000000;724.34;730;701.8;704;2868;0
GCHE;D;20100318;000000;706;710;700.25;706.99;580;0
GCHE;D;20100319;000000;707.07;728;704.8;718.24;2559;0
GCHE;D;20100322;000000;712.18;719.24;680;709.87;1250;0
GCHE;D;20100323;000000;710;710;690.03;706.18;3747;0
GCHE;D;20100324;000000;710;724.5;704.99;724;4425;0
GCHE;D;20100325;000000;725;748.94;692;709.99;4935;0
GCHE;D;20100326;000000;712.53;715.84;680.01;706.18;880;0
GCHE;D;20100329;000000;706;720;690;706.88;10326;0
GCHE;D;20100330;000000;709;745;700;740;18632;0
GCHE;D;20100331;000000;760;810;745;790;45901;0
GCHE;D;20100401;000000;790;799;765.1;788.51;5984;0
GCHE;D;20100402;000000;782.7;810;782.7;789;2260;0
GCHE;D;20100405;000000;880.15;880.15;775.01;780;2421;0
GCHE;D;20100406;000000;780;795;780;795;3297;0
GCHE;D;20100407;000000;788;800;770;797.99;6436;0
GCHE;D;20100408;000000;795;822;771.12;816;7233;0
GCHE;D;20100409;000000;821;843;800;819;21390;0
GCHE;D;20100412;000000;828.96;860;815;858;43284;0
GCHE;D;20100413;000000;865;890;820.01;877;4728;0
GCHE;D;20100414;000000;878;894.9;857;882;24507;0
GCHE;D;20100415;000000;885;900;881;896;7688;0
GCHE;D;20100416;000000;885;898;850.52;877;7313;0
GCHE;D;20100419;000000;878;878;810.01;838;916;0
GCHE;D;20100420;000000;846.52;880;837.67;848;4473;0
GCHE;D;20100421;000000;852.82;873.7;831.13;841.03;5219;0
GCHE;D;20100422;000000;848.6;865;702;780;3365;0
GCHE;D;20100423;000000;799.97;820;741;820;3370;0
GCHE;D;20100426;000000;824.99;825;791.54;799;920;0
GCHE;D;20100427;000000;808.17;809.99;751.2;785;2146;0
GCHE;D;20100428;000000;777;779.97;735.01;769.97;2224;0
GCHE;D;20100429;000000;772.13;772.13;755;760.98;1546;0
GCHE;D;20100430;000000;764.98;809.97;751.01;754.99;3597;0
GCHE;D;20100504;000000;759.9;769.89;740;765.97;671;0
GCHE;D;20100505;000000;766.05;800;725.11;749.99;4387;0
GCHE;D;20100506;000000;761.12;761.12;741.01;757;219;0
GCHE;D;20100507;000000;739.9;749.98;666;715;10114;0
GCHE;D;20100511;000000;730;749;685.01;699.8;2034;0
GCHE;D;20100512;000000;699.8;749.96;685;715;7962;0
GCHE;D;20100513;000000;725;725;689.01;698.98;6914;0
GCHE;D;20100514;000000;671.02;708.98;668.1;685.93;1593;0
GCHE;D;20100517;000000;660;683.69;660;669;890;0
GCHE;D;20100518;000000;679.66;683;660.12;683;2530;0
GCHE;D;20100519;000000;680;690;650;689.99;1366;0
GCHE;D;20100520;000000;670;680;600;636.98;3063;0
GCHE;D;20100521;000000;613.13;648.98;600;630;6253;0
GCHE;D;20100524;000000;624.81;675;624.81;647;593;0
GCHE;D;20100525;000000;590;635;590;614.81;991;0
GCHE;D;20100526;000000;650;675;610;667.86;3285;0
GCHE;D;20100527;000000;666;673.98;621.03;668.5;2199;0
GCHE;D;20100528;000000;668;668.4;631.04;656.82;260;0
GCHE;D;20100531;000000;655;676.99;645;666.62;135;0
GCHE;D;20100601;000000;660;687;650;686.99;942;0
GCHE;D;20100602;000000;686;686;660;686;1301;0
GCHE;D;20100603;000000;699;747.47;691.3;746.99;1722;0
GCHE;D;20100604;000000;749.97;794;738.75;767.99;2728;0
GCHE;D;20100607;000000;745;758.7;701;758.5;1745;0
GCHE;D;20100608;000000;749.98;786.97;710.22;740;523;0
GCHE;D;20100609;000000;743.87;750;710;750;1281;0
GCHE;D;20100610;000000;735;760;735;760;2534;0
GCHE;D;20100611;000000;779;797.96;748.02;789.99;3419;0
GCHE;D;20100615;000000;770;799;750;799;1620;0
GCHE;D;20100616;000000;790;790;760.02;768.1;1573;0
GCHE;D;20100617;000000;761.19;768.99;749.5;760;2394;0
GCHE;D;20100618;000000;748;765;711.56;763;7406;0
GCHE;D;20100621;000000;765;765;747;749.99;2177;0
GCHE;D;20100622;000000;760;760;747;755;419;0
GCHE;D;20100623;000000;753;755;747;755;210;0
GCHE;D;20100624;000000;755;755;728.66;740;34;0
GCHE;D;20100625;000000;739.98;745.98;734;735;991;0
GCHE;D;20100628;000000;745.94;747;720;729;1506;0
GCHE;D;20100629;000000;729.99;729.99;653;670;2528;0
GCHE;D;20100630;000000;699.9;699.92;630;662.99;14043;0
GCHE;D;20100701;000000;645;665;620.01;621;1344;0
GCHE;D;20100702;000000;640;640;620;624.01;804;0
GCHE;D;20100705;000000;630;635;624.01;634.79;593;0
GCHE;D;20100706;000000;640;667;640;667;1228;0
GCHE;D;20100707;000000;652.45;680;651.3;675.26;5678;0
GCHE;D;20100708;000000;685;699.49;660;665;2351;0
GCHE;D;20100709;000000;665.21;677.4;640;674.97;232;0
GCHE;D;20100712;000000;660.01;689.88;660;689.88;466;0
GCHE;D;20100713;000000;697.01;720.5;692.52;705.25;1997;0
GCHE;D;20100714;000000;709;720.01;709;711;1001;0
GCHE;D;20100715;000000;711;745;711;715;319;0
GCHE;D;20100716;000000;715.01;715.01;693;693;4758;0
GCHE;D;20100719;000000;684.97;699;684.97;690;1634;0
GCHE;D;20100720;000000;697.96;697.96;680;680.01;3105;0
GCHE;D;20100721;000000;695;700;690.05;699.99;161;0
GCHE;D;20100722;000000;700;709;693.03;693.03;1103;0
GCHE;D;20100723;000000;690;699.99;681.02;697.37;175;0
GCHE;D;20100726;000000;695.98;696;683.01;695.99;11;0
GCHE;D;20100727;000000;690;693;685;690;580;0
GCHE;D;20100728;000000;697;698.97;690;692;15003;0
GCHE;D;20100729;000000;695;720.01;650;705;31616;0
GCHE;D;20100730;000000;700;700;655.01;700;14103;0
GCHE;D;20100802;000000;704.81;710;697.84;705;1290;0
GCHE;D;20100803;000000;700;711.87;698;704.9;1388;0
GCHE;D;20100804;000000;711.88;718.99;705;708;2917;0
GCHE;D;20100805;000000;704.85;710;700;709;1902;0
GCHE;D;20100806;000000;700.11;709;700;708;331;0
GCHE;D;20100809;000000;711.9;745;693.01;706.99;856;0
GCHE;D;20100810;000000;698.05;700.1;698;700;2010;0
GCHE;D;20100811;000000;704.9;704.9;691.14;700;4850;0
GCHE;D;20100812;000000;703.01;705;700;704;26056;0
GCHE;D;20100813;000000;705.03;740;705;719.34;9363;0
GCHE;D;20100816;000000;760;760;707;712.47;237;0
GCHE;D;20100817;000000;753;753;703;710;703;0
GCHE;D;20100818;000000;708;708;708;708;13;0
GCHE;D;20100819;000000;705;708;700;700;1893;0
GCHE;D;20100820;000000;708;708;687;700;571;0
GCHE;D;20100823;000000;700;700;695;700;3;0
GCHE;D;20100824;000000;705;708;680;680.02;286;0
GCHE;D;20100825;000000;750;750;660.01;689.55;138;0
GCHE;D;20100826;000000;697.94;697.94;697.94;697.94;1;0
GCHE;D;20100827;000000;697.94;698;681.01;697.55;1161;0
GCHE;D;20100830;000000;705;705;698;705;348;0
GCHE;D;20100831;000000;699;702.99;685;702.98;170;0
GCHE;D;20100901;000000;756;756;695;700;282;0
GCHE;D;20100902;000000;705;712.12;700;709;1121;0
GCHE;D;20100903;000000;757.5;757.5;698.44;719.99;267;0
GCHE;D;20100906;000000;755;755;695;719.85;6472;0
GCHE;D;20100907;000000;760.5;760.5;709;722.99;6143;0
GCHE;D;20100908;000000;762;762;720;725;1777;0
GCHE;D;20100909;000000;773.5;773.5;712.68;728;2556;0
GCHE;D;20100910;000000;780.5;780.5;721.09;730;5008;0
GCHE;D;20100913;000000;781;781;730;733.5;2024;0
GCHE;D;20100914;000000;767.5;767.5;730;739;807;0
GCHE;D;20100915;000000;777.5;777.5;721.12;739;2193;0
GCHE;D;20100916;000000;782;782;720.02;737.5;1568;0
GCHE;D;20100917;000000;769;775;723;764.96;8823;0
GCHE;D;20100920;000000;799;799;750;759.99;394;0
GCHE;D;20100921;000000;780;789.97;750;785;10233;0
GCHE;D;20100922;000000;839;839;762.58;789.99;3057;0
GCHE;D;20100923;000000;842.5;842.5;767.43;790;154;0
GCHE;D;20100924;000000;839;839;775;790.41;1521;0
GCHE;D;20100927;000000;850;850;788.01;796.1;4229;0
GCHE;D;20100928;000000;872.5;872.5;785;814;2902;0
GCHE;D;20100929;000000;850;850;805;828;8299;0
GCHE;D;20100930;000000;839;841;825;838;8772;0
GCHE;D;20101001;000000;882.5;882.5;839.86;844.99;3331;0
GCHE;D;20101004;000000;903;903;849;869.1;8535;0
GCHE;D;20101005;000000;917.5;917.5;869.9;871.97;725;0
GCHE;D;20101006;000000;913.5;913.5;853.01;863.99;1229;0
GCHE;D;20101007;000000;895;895;855;866.25;3509;0
GCHE;D;20101008;000000;862;869.7;855.39;869.69;398;0
GCHE;D;20101011;000000;915;915;855.01;875.33;4379;0
GCHE;D;20101012;000000;907.5;907.5;860;885;6341;0
GCHE;D;20101013;000000;910;910;884.21;887;1266;0
GCHE;D;20101014;000000;927.5;927.5;867.01;894.84;806;0
GCHE;D;20101015;000000;930.45;930.45;881.12;894.95;934;0
GCHE;D;20101018;000000;940;940;895.89;909.99;4647;0
GCHE;D;20101019;000000;957;957;892;894.99;2603;0
GCHE;D;20101020;000000;929.5;929.5;898.2;903.49;6503;0
GCHE;D;20101021;000000;898.22;902;891.21;900;2391;0
GCHE;D;20101022;000000;901.03;915;901.03;903;3616;0
GCHE;D;20101025;000000;900;914;900;913.92;620;0
GCHE;D;20101026;000000;905.01;930;905.01;925;7146;0
GCHE;D;20101027;000000;929.99;930;915.43;929.99;564;0
GCHE;D;20101028;000000;929.96;976.48;920.01;957.8;3489;0
GCHE;D;20101029;000000;961.98;996.99;928.8;939;18232;0
GCHE;D;20101101;000000;957.5;960;930.02;950;3847;0
GCHE;D;20101102;000000;969.5;969.5;934.39;940.02;109;0
GCHE;D;20101103;000000;935.01;949.9;929.44;938.99;213;0
GCHE;D;20101108;000000;968;968;930;936.98;2514;0
GCHE;D;20101109;000000;940.92;944.95;900;915;3386;0
GCHE;D;20101110;000000;935;935;882.01;889.99;3618;0
GCHE;D;20101111;000000;889.01;944;888.99;924.99;1333;0
GCHE;D;20101112;000000;927;927;900.04;909.99;134;0
GCHE;D;20101113;000000;924.99;924.99;923.5;924.9;284;0
GCHE;D;20101115;000000;942.5;942.5;920;928;299;0
GCHE;D;20101116;000000;941;941;920;922.01;157;0
GCHE;D;20101117;000000;928.49;930;910.17;925.07;185;0
GCHE;D;20101118;000000;939.23;939.87;850.02;910;2761;0
GCHE;D;20101119;000000;922.5;922.5;885.01;899.94;448;0
GCHE;D;20101122;000000;902.16;902.16;875;893.24;1602;0
GCHE;D;20101123;000000;884.41;895.65;875.82;895.65;1683;0
GCHE;D;20101124;000000;920.49;920.49;884.4;893.99;966;0
GCHE;D;20101125;000000;898.92;919.99;893.36;915;3495;0
GCHE;D;20101126;000000;932.5;932.5;900.01;916.99;175;0
GCHE;D;20101129;000000;916.98;929.49;910;920.33;543;0
GCHE;D;20101130;000000;935.5;935.5;905;920;12908;0
GCHE;D;20101201;000000;940;940;913;915;6037;0
GCHE;D;20101202;000000;940;940;909;915;7012;0
GCHE;D;20101203;000000;915;924.99;906;916;1998;0
GCHE;D;20101206;000000;925;925;906;923;1222;0
GCHE;D;20101207;000000;925;925;920;925;308;0
GCHE;D;20101208;000000;924.9;924.99;895;904.99;6074;0
GCHE;D;20101209;000000;929.5;929.5;908;908;420;0
GCHE;D;20101210;000000;929.99;929.99;881.13;923.75;2619;0
GCHE;D;20101213;000000;934.95;934.95;910.7;924.89;1283;0
GCHE;D;20101214;000000;939.45;939.45;920.01;924.83;504;0
GCHE;D;20101215;000000;923;924.88;910;915;2967;0
GCHE;D;20101216;000000;934;934;896.91;900;12551;0
GCHE;D;20101217;000000;905;905;879.01;884.99;3858;0
GCHE;D;20101220;000000;883.99;889.83;872;880;1328;0
GCHE;D;20101221;000000;884.4;913.99;872.81;879.49;11404;0
GCHE;D;20101222;000000;880;890;878;878.02;2013;0
GCHE;D;20101223;000000;879.99;880;875;880;330;0
GCHE;D;20101224;000000;875;880;865.01;865.27;1795;0
GCHE;D;20101227;000000;874.99;880;870.01;878.91;933;0
GCHE;D;20101228;000000;880;885;865.01;880;1399;0
GCHE;D;20101229;000000;897.5;897.5;865.06;874.99;578;0
GCHE;D;20101230;000000;875;885;865.06;870;5166;0
GCHE;D;20110111;000000;870.01;895;869.99;880;4788;0
GCHE;D;20110112;000000;889.99;900;870;895;8408;0
GCHE;D;20110113;000000;906.5;906.5;885;892.5;1409;0
GCHE;D;20110114;000000;887.01;892.49;870;877.93;962;0
GCHE;D;20110117;000000;877.2;885;870;874;4888;0
GCHE;D;20110118;000000;879.94;880;867;870.01;5828;0
GCHE;D;20110119;000000;875;875;862.1;865.03;3101;0
GCHE;D;20110120;000000;870.82;880;870;870.01;1781;0
GCHE;D;20110121;000000;875;889;865;889;2430;0
GCHE;D;20110124;000000;889;899.5;863;869.97;1025;0
GCHE;D;20110125;000000;865.02;865.02;820;844.58;5625;0
GCHE;D;20110126;000000;850.45;870;850;869;20877;0
GCHE;D;20110127;000000;865.01;870;851;851;4667;0
GCHE;D;20110128;000000;850.47;891;850.46;890.95;52977;0
GCHE;D;20110131;000000;877.01;885.01;860;875;785;0
GCHE;D;20110201;000000;875;876;850.01;874;2346;0
GCHE;D;20110202;000000;870.01;880;820;862;7701;0
GCHE;D;20110203;000000;861.82;865;855;857;13068;0
GCHE;D;20110204;000000;855.01;889;840;860;12233;0
GCHE;D;20110207;000000;859.9;867.49;850;867.49;1645;0
GCHE;D;20110208;000000;865;875.5;860;873.89;5754;0
GCHE;D;20110209;000000;865.01;885;865;875;1959;0
GCHE;D;20110210;000000;867.5;874.93;850;869.99;6018;0
GCHE;D;20110211;000000;869.99;875;854.74;872.99;1777;0
GCHE;D;20110214;000000;875;878.7;872;873.5;869;0
GCHE;D;20110215;000000;870;900;870;895;4491;0
GCHE;D;20110216;000000;895;915;885;915;9782;0
GCHE;D;20110217;000000;915;949.01;915;925;15110;0
GCHE;D;20110218;000000;951;951;906.73;921.83;1035;0
GCHE;D;20110221;000000;928.59;935;915;924.1;2654;0
GCHE;D;20110222;000000;920.02;929.71;906;910.01;2105;0
GCHE;D;20110224;000000;905;927;890;905.83;1918;0
GCHE;D;20110225;000000;917.84;917.84;881;898.92;621;0
GCHE;D;20110228;000000;898.85;920;878.73;920;3045;0
GCHE;D;20110301;000000;919;922;886.5;918.9;4035;0
GCHE;D;20110302;000000;918.9;918.9;890;895;538;0
GCHE;D;20110303;000000;900.9;912;870;895;2590;0
GCHE;D;20110304;000000;861;919.9;767.8;860.9;5527;0
GCHE;D;20110305;000000;898.5;898.5;851.2;890;1600;0
GCHE;D;20110309;000000;925.8;925.8;870;888;450;0
GCHE;D;20110310;000000;874.5;890;863.5;881.7;3036;0
GCHE;D;20110311;000000;915.5;915.5;863.5;879.5;1359;0
GCHE;D;20110314;000000;917.5;917.5;795;863.4;2502;0
GCHE;D;20110315;000000;866.4;866.4;800;845.8;4046;0
GCHE;D;20110316;000000;902.5;902.5;830.1;848;3788;0
GCHE;D;20110317;000000;902.5;902.5;820.4;820.7;23085;0
GCHE;D;20110318;000000;830;830;824.4;824.7;866;0
GCHE;D;20110321;000000;825;828.9;820;825;5310;0
GCHE;D;20110322;000000;825.5;826;824;826;1351;0
GCHE;D;20110323;000000;823;825;805.2;824.9;3555;0
GCHE;D;20110324;000000;824.9;824.9;810.2;819.9;1862;0
GCHE;D;20110325;000000;825;830;811;825;6632;0
GCHE;D;20110328;000000;825;849.7;824;829.7;6531;0
GCHE;D;20110329;000000;825.1;825.1;810.4;820.2;1348;0
GCHE;D;20110330;000000;890.5;890.5;820.2;840;6644;0
GCHE;D;20110331;000000;920;920;824.8;830;1759;0
GCHE;D;20110401;000000;830;840;829;840;6130;0
GCHE;D;20110404;000000;840;845;826;838;5829;0
GCHE;D;20110405;000000;838;844;825;844;6462;0
GCHE;D;20110406;000000;835.2;840;819.9;826;24445;0
GCHE;D;20110407;000000;825.1;826;817.1;819.8;5239;0
GCHE;D;20110408;000000;820;827;812.5;815;13804;0
GCHE;D;20110411;000000;815;826.9;807.9;813;6434;0
GCHE;D;20110412;000000;813;813;808;811.8;2462;0
GCHE;D;20110413;000000;811.8;813;810;812.9;407;0
GCHE;D;20110414;000000;815;819;805;810;3336;0
GCHE;D;20110415;000000;810.9;814.7;808;809;471;0
GCHE;D;20110418;000000;804.5;812.5;760.4;783;9967;0
GCHE;D;20110419;000000;790;806.7;780;800.1;840;0
GCHE;D;20110420;000000;821;821;783;800;483;0
GCHE;D;20110421;000000;800;815;790;809.9;3980;0
GCHE;D;20110422;000000;810.2;820;809;814.9;4643;0
GCHE;D;20110425;000000;813.4;820;800;800;381;0
GCHE;D;20110426;000000;800;809.2;800;804.8;367;0
GCHE;D;20110427;000000;800;815;800;813.6;1015;0
GCHE;D;20110428;000000;812.8;825;807;807;951;0
GCHE;D;20110429;000000;812.9;815;800;801.3;2366;0
GCHE;D;20110503;000000;804.9;805.9;800;800;2935;0
GCHE;D;20110504;000000;800;815;800;808.4;2768;0
GCHE;D;20110505;000000;804.7;815;800;800;2171;0
GCHE;D;20110506;000000;796.1;805;775.6;805;9752;0
GCHE;D;20110510;000000;800;804.8;796.2;799.7;92;0
GCHE;D;20110511;000000;806.3;807.7;795;795.5;232;0
GCHE;D;20110512;000000;795;801;780.1;780.1;762;0
GCHE;D;20110513;000000;781.1;789.9;780;783;1247;0
GCHE;D;20110516;000000;780.2;780.6;773;779.3;4870;0
GCHE;D;20110517;000000;780.6;780.8;773.5;773.6;813;0
GCHE;D;20110518;000000;773;781;773;777.9;196;0
GCHE;D;20110519;000000;780.9;798.9;780.9;793.9;380;0
GCHE;D;20110520;000000;793.8;825;790.8;810.3;5270;0
GCHE;D;20110523;000000;800.4;809.9;790;809.5;1404;0
GCHE;D;20110524;000000;790.6;808.8;783.5;799;1302;0
GCHE;D;20110525;000000;804.6;804.7;789.9;801;941;0
GCHE;D;20110526;000000;804.6;810.3;797.1;810;2113;0
GCHE;D;20110527;000000;808.8;809;797.7;806;149;0
GCHE;D;20110530;000000;808.8;814.6;808.8;814.6;11;0
GCHE;D;20110531;000000;807.5;821;803;821;3120;0
GCHE;D;20110601;000000;822.3;830;812.6;813.3;343;0
GCHE;D;20110602;000000;810;819;810;810;627;0
GCHE;D;20110603;000000;810.1;815;790;815;583;0
GCHE;D;20110606;000000;815;815;805;814;160;0
GCHE;D;20110607;000000;807;814;807;810;26;0
GCHE;D;20110608;000000;805.2;805.2;792.2;797.9;902;0
GCHE;D;20110609;000000;800;800;781;781.1;1134;0
GCHE;D;20110610;000000;781.1;791.6;776.4;777.2;692;0
GCHE;D;20110614;000000;779;783;756.1;767.2;788;0
GCHE;D;20110615;000000;768;776.3;756;770;2403;0
GCHE;D;20110616;000000;777.9;781;770.4;776.2;211;0
GCHE;D;20110617;000000;767.6;777.5;767.6;776.7;18;0
GCHE;D;20110620;000000;776.6;777.5;771;777.5;175;0
GCHE;D;20110621;000000;786;789.8;770.3;779;1180;0
GCHE;D;20110622;000000;777;779;770;775;2169;0
GCHE;D;20110623;000000;770;780;770;774.9;3947;0
GCHE;D;20110624;000000;777.8;777.8;770.3;775;116;0
GCHE;D;20110627;000000;778.9;780;770;774.4;1297;0
GCHE;D;20110628;000000;771.1;780;771.1;779.9;391;0
GCHE;D;20110629;000000;779.9;782;760;775;238;0
GCHE;D;20110630;000000;785.1;791;771.7;779.9;2681;0
GCHE;D;20110701;000000;785;789.8;769.9;773.2;204;0
GCHE;D;20110704;000000;772.8;780;770;777.9;524;0
GCHE;D;20110705;000000;778;778;751.6;770.1;1939;0
GCHE;D;20110706;000000;770.2;789.7;770.1;787.8;634;0
GCHE;D;20110707;000000;780;796;779;782;1021;0
GCHE;D;20110708;000000;783.1;783.1;772;772.1;638;0
GCHE;D;20110711;000000;769.6;781.3;759.9;767.3;305;0
GCHE;D;20110712;000000;781.1;781.1;768.2;778.4;594;0
GCHE;D;20110713;000000;760.2;770.1;752.2;768.9;440;0
GCHE;D;20110714;000000;758.2;769.9;757.2;769.9;16;0
GCHE;D;20110715;000000;753.5;769.4;753.5;768.4;419;0
GCHE;D;20110718;000000;754.4;767.5;751.5;755.1;450;0
GCHE;D;20110719;000000;761;762.1;755;758.9;330;0
GCHE;D;20110720;000000;762.1;780;755.1;780;1004;0
GCHE;D;20110721;000000;775.1;805;775;804.7;939;0
GCHE;D;20110722;000000;805.3;825;798;818.4;4686;0
GCHE;D;20110725;000000;819.8;819.8;801;803;574;0
GCHE;D;20110726;000000;812.8;813.7;790;803;1741;0
GCHE;D;20110727;000000;806.9;810;790.2;804.9;1657;0
GCHE;D;20110728;000000;802.6;802.7;781.4;800;1099;0
GCHE;D;20110729;000000;802.5;810;795;810;1308;0
GCHE;D;20110801;000000;855;855;803;805;904;0
GCHE;D;20110802;000000;814.9;830;805;812.7;3497;0
GCHE;D;20110803;000000;811;819;806.3;812;1517;0
GCHE;D;20110804;000000;834.7;834.7;800;800.1;4533;0
GCHE;D;20110805;000000;775.2;795;762;778.5;2103;0
GCHE;D;20110808;000000;767.3;767.3;651.4;700;2777;0
GCHE;D;20110809;000000;603;700;505;685;3981;0
GCHE;D;20110810;000000;685;725;685;689.9;2640;0
GCHE;D;20110811;000000;688;689.9;651;664.6;3402;0
GCHE;D;20110812;000000;678.8;710;659.9;705.8;475;0
GCHE;D;20110815;000000;699.7;727;695.1;705;2325;0
GCHE;D;20110816;000000;690.2;705;651.4;694.8;3503;0
GCHE;D;20110817;000000;675.6;699.6;675.6;681;337;0
GCHE;D;20110818;000000;690;692.5;660.1;678.7;1193;0
GCHE;D;20110819;000000;670.1;693.9;670;680.1;825;0
GCHE;D;20110822;000000;650.6;699.5;650.5;679.3;122;0
GCHE;D;20110823;000000;687.1;700;677.6;680;613;0
GCHE;D;20110824;000000;700;700;651.1;683.6;1835;0
GCHE;D;20110825;000000;683.7;698.9;666.1;698;630;0
GCHE;D;20110826;000000;699.8;700;670;681.3;512;0
GCHE;D;20110829;000000;690;710;682;699.7;2478;0
GCHE;D;20110830;000000;704.9;710;699;699;334;0
GCHE;D;20110831;000000;700;713.9;700;706;7785;0
GCHE;D;20110901;000000;714.9;714.9;701;714.9;735;0
GCHE;D;20110902;000000;681;713;681;700;650;0
GCHE;D;20110905;000000;699.9;701.8;683;687.2;3728;0
GCHE;D;20110906;000000;698.9;698.9;687.6;690;327;0
GCHE;D;20110907;000000;697.8;709;694.1;700;584;0
GCHE;D;20110908;000000;700;700;691.5;700;85;0
GCHE;D;20110909;000000;704;705;686;686;3708;0
GCHE;D;20110912;000000;681.9;681.9;656;660.8;438;0
GCHE;D;20110913;000000;660;667.8;657.8;666;533;0
GCHE;D;20110914;000000;666.5;671.9;660.1;668.5;425;0
GCHE;D;20110915;000000;670;677;654.9;655;1545;0
GCHE;D;20110916;000000;655;665;651;651;538;0
GCHE;D;20110919;000000;650.3;651;635;635;230;0
GCHE;D;20110920;000000;654.8;654.8;640;650.5;1031;0
GCHE;D;20110921;000000;654.8;660;640;655;5987;0
GCHE;D;20110922;000000;655;690;644.9;674;57361;0
GCHE;D;20110923;000000;673.1;695;670.1;695;10199;0
GCHE;D;20110926;000000;685;685;673;679;428;0
GCHE;D;20110927;000000;675.5;689.5;674;675.3;754;0
GCHE;D;20110928;000000;674.1;720;674.1;700;6203;0
GCHE;D;20110929;000000;687.4;696;686.5;696;2164;0
GCHE;D;20110930;000000;690.2;704.9;673;680.9;3736;0
GCHE;D;20111003;000000;674.1;697.4;670.1;685;361;0
GCHE;D;20111004;000000;674.6;674.6;550;584.9;13645;0
GCHE;D;20111005;000000;582.8;582.8;536.1;560;1647;0
GCHE;D;20111006;000000;564.9;580;559.5;559.5;6964;0
GCHE;D;20111007;000000;559.7;570;559.7;563;2767;0
GCHE;D;20111010;000000;563;565;556.7;565;537;0
GCHE;D;20111011;000000;565;580;561;570;2859;0
GCHE;D;20111012;000000;560.5;595;560.5;575;1268;0
GCHE;D;20111013;000000;575;575;564.9;569.9;451;0
GCHE;D;20111014;000000;570;570.6;563.1;565;1093;0
GCHE;D;20111017;000000;569.9;570;555.1;555.1;329;0
GCHE;D;20111018;000000;555.6;565;526.4;560;1222;0
GCHE;D;20111019;000000;560;565;560;560.5;61;0
GCHE;D;20111020;000000;557;565;557;565;1016;0
GCHE;D;20111021;000000;530.1;580;530.1;572.3;12107;0
GCHE;D;20111024;000000;575;590;566;575.1;16436;0
GCHE;D;20111025;000000;572;579.6;570;572;1598;0
GCHE;D;20111026;000000;579.8;585;575;575;1326;0
GCHE;D;20111027;000000;575;605;575;600;12540;0
GCHE;D;20111028;000000;600.5;605.2;582.2;597.4;1745;0
GCHE;D;20111031;000000;590;639;590;635;3721;0
GCHE;D;20111101;000000;639.5;640;625;634.3;868;0
GCHE;D;20111102;000000;633;642;630;635;614;0
GCHE;D;20111103;000000;633;645;629.9;640.1;2209;0
GCHE;D;20111107;000000;640.1;645;613;640;296;0
GCHE;D;20111108;000000;630.1;665;630.1;660;1372;0
GCHE;D;20111109;000000;630.1;690;629.9;660;7253;0
GCHE;D;20111110;000000;651;675;649.9;670;3903;0
GCHE;D;20111111;000000;679.9;680;679.9;680;129;0
GCHE;D;20111114;000000;680;703;674.3;690;2547;0
GCHE;D;20111115;000000;686.1;686.9;685;685;2817;0
GCHE;D;20111116;000000;671.1;698;671;691;939;0
GCHE;D;20111117;000000;690.1;709;680;709;5198;0
GCHE;D;20111118;000000;686.9;700;685;690;11438;0
GCHE;D;20111121;000000;681.2;681.2;630.5;650;12071;0
GCHE;D;20111122;000000;660;680;640.1;660.2;813;0
GCHE;D;20111123;000000;660.1;670;641.1;667;367;0
GCHE;D;20111124;000000;673.9;678.8;661;665;380;0
GCHE;D;20111125;000000;650.3;670;635.1;665;4228;0
GCHE;D;20111128;000000;679.1;699.9;665.1;687;3548;0
GCHE;D;20111129;000000;690;690;680;685;2870;0
GCHE;D;20111130;000000;685.5;695;676.1;694.9;962;0
GCHE;D;20111201;000000;690.1;715;675.1;685;1036;0
GCHE;D;20111202;000000;680.7;685;680;683.9;88;0
GCHE;D;20111205;000000;675.2;676;630.1;640;10405;0
GCHE;D;20111206;000000;620.1;650;620.1;641.2;7127;0
GCHE;D;20111207;000000;649.8;655;641;650.7;969;0
GCHE;D;20111208;000000;654.8;654.9;645.2;645.2;41;0
GCHE;D;20111209;000000;654.8;654.9;602.4;625.1;1029;0
GCHE;D;20111212;000000;639;649.8;620.5;620.5;380;0
GCHE;D;20111213;000000;601.1;616;600.2;610;2258;0
GCHE;D;20111214;000000;610;620;601;605.1;1468;0
GCHE;D;20111215;000000;601;605.1;600;600.1;2941;0
GCHE;D;20111216;000000;604.8;604.8;575.5;590;3427;0
GCHE;D;20111219;000000;570.8;586;570.2;585;351;0
GCHE;D;20111220;000000;589.9;590;576.9;585;260;0
GCHE;D;20111221;000000;584.8;590;557.5;560;1519;0
GCHE;D;20111222;000000;574.9;574.9;539;540;2442;0
GCHE;D;20111223;000000;539.9;550;515.4;524.9;3536;0
GCHE;D;20111226;000000;515.6;520;503;510;2003;0
GCHE;D;20111227;000000;504.9;506.6;500;505;976;0
GCHE;D;20111228;000000;514.7;525;503;510;3385;0
GCHE;D;20111229;000000;514.9;520;509.9;510;3880;0
GCHE;D;20111230;000000;515;587;504.1;569;3341;0
GCHE;D;20120103;000000;535.1;560;535.1;559.9;880;0
GCHE;D;20120104;000000;549.9;549.9;540.5;549.1;16;0
GCHE;D;20120105;000000;549;550.9;540;540;112;0
GCHE;D;20120106;000000;540;558.6;540;555.2;91;0
GCHE;D;20120109;000000;570;588.8;569.6;588.8;28;0
GCHE;D;20120110;000000;581.6;600;565;594.7;2788;0
GCHE;D;20120111;000000;599.9;611;597;609;1145;0
GCHE;D;20120112;000000;610;639.5;601;601;2378;0
GCHE;D;20120113;000000;596;611;594;600;718;0
GCHE;D;20120116;000000;580;596.3;580;596.3;111;0
GCHE;D;20120117;000000;599.8;620;580;582.5;1054;0
GCHE;D;20120118;000000;597.7;599.5;564.8;564.9;2393;0
GCHE;D;20120119;000000;575.7;585;565;584;1468;0
GCHE;D;20120120;000000;571;580;560;570;2202;0
GCHE;D;20120123;000000;562;578;561.9;577;2674;0
GCHE;D;20120124;000000;578.9;586;576;582;5376;0
GCHE;D;20120125;000000;581.9;660;573.3;573.3;24564;0
GCHE;D;20120126;000000;581.9;581.9;567.1;574.8;1398;0
GCHE;D;20120127;000000;574.6;574.7;567.3;570;2223;0
GCHE;D;20120130;000000;565.5;565.5;562.2;562.2;858;0
GCHE;D;20120131;000000;566.9;569;564.5;565.8;74;0
GCHE;D;20120201;000000;569;590;568;585;4170;0
GCHE;D;20120202;000000;585;590;582;582;12548;0
GCHE;D;20120203;000000;581.2;590;570;590;5693;0
GCHE;D;20120206;000000;589.9;590;572.2;585;2434;0
GCHE;D;20120207;000000;589;590;580;582;8448;0
GCHE;D;20120208;000000;584;595;583;588.5;2168;0
GCHE;D;20120209;000000;585;585;578;582.2;2772;0
GCHE;D;20120210;000000;578;578;572;572;9830;0
GCHE;D;20120213;000000;566.3;580.2;566.3;573;346;0
GCHE;D;20120214;000000;579.9;579.9;531.3;564.9;2580;0
GCHE;D;20120215;000000;570;570;561;564.7;1700;0
GCHE;D;20120216;000000;570;570;557.5;562.8;170;0
GCHE;D;20120217;000000;605.3;605.3;558;558;8076;0
GCHE;D;20120220;000000;564.9;570;561;561;1070;0
GCHE;D;20120221;000000;564.9;565;560.2;560.2;2159;0
GCHE;D;20120222;000000;561;564.8;553.1;560;4294;0
GCHE;D;20120224;000000;564;567.5;559.9;560;11491;0
GCHE;D;20120227;000000;559.9;560;550;550;9429;0
GCHE;D;20120228;000000;557.9;558.9;550;550;2552;0
GCHE;D;20120229;000000;549;553.9;526.9;536.8;4798;0
GCHE;D;20120301;000000;530.2;540;527;530.9;1235;0
GCHE;D;20120302;000000;534.4;550;530;541;8405;0
GCHE;D;20120305;000000;540;550;530.2;542.8;1127;0
GCHE;D;20120306;000000;542.8;558.8;531.2;547;1084;0
GCHE;D;20120307;000000;544;588.5;541.7;570;3014;0
GCHE;D;20120311;000000;571;579.5;561.9;567;1360;0
GCHE;D;20120312;000000;556.7;585;552.5;585;25574;0
GCHE;D;20120313;000000;587;600;582;583.1;3119;0
GCHE;D;20120314;000000;583.1;599.8;583;594.9;20716;0
GCHE;D;20120315;000000;594.9;594.9;583;589.9;3441;0
GCHE;D;20120316;000000;589.9;594.9;582;584.4;8457;0
GCHE;D;20120319;000000;585;585;575;581;10368;0
GCHE;D;20120320;000000;585;585;576;579;11606;0
GCHE;D;20120321;000000;577;577;571.1;574.9;19458;0
GCHE;D;20120322;000000;575;575;555;555;741;0
GCHE;D;20120323;000000;562;575;542.1;555;21681;0
GCHE;D;20120326;000000;559.8;560;550.7;554.9;23027;0
GCHE;D;20120327;000000;555;555;548;548.2;647;0
GCHE;D;20120328;000000;546.9;550;544;545.1;634;0
GCHE;D;20120329;000000;550;555;525.3;531.3;1703;0
GCHE;D;20120330;000000;532.2;550;532.2;549;5911;0
GCHE;D;20120402;000000;543.8;552.8;543.8;548;174;0
GCHE;D;20120403;000000;546.8;549;538;549;18318;0
GCHE;D;20120404;000000;540.3;555;530;539.9;26780;0
GCHE;D;20120405;000000;541.8;542.4;535;539.9;7066;0
GCHE;D;20120406;000000;539.9;543.9;528;528;14046;0
GCHE;D;20120409;000000;529.9;534.8;529.9;533;527;0
GCHE;D;20120410;000000;534.4;534.8;530;530;2828;0
GCHE;D;20120411;000000;525;532.5;505;510.1;9447;0
GCHE;D;20120412;000000;510.1;510.1;503.5;510;5514;0
GCHE;D;20120413;000000;510;510;505.2;505.3;2146;0
GCHE;D;20120416;000000;506;506.8;503;505;2100;0
GCHE;D;20120417;000000;505.1;508.4;495;501.9;2449;0
GCHE;D;20120418;000000;505;505;501.5;501.6;156;0
GCHE;D;20120419;000000;502;529.2;500.6;523.8;10533;0
GCHE;D;20120420;000000;516.2;545;500;515;2421;0
GCHE;D;20120423;000000;517.8;529.6;510;516;244;0
GCHE;D;20120424;000000;511.5;514;494.6;494.6;20956;0
GCHE;D;20120425;000000;497.9;520;479.9;511.5;4713;0
GCHE;D;20120426;000000;507.1;519;507.1;519;1923;0
GCHE;D;20120427;000000;512.4;517;505.1;517;1045;0
GCHE;D;20120428;000000;510.1;517;510;512.1;50;0
GCHE;D;20120502;000000;515.7;519.8;515;515;39;0
GCHE;D;20120503;000000;519.7;519.7;510;518.8;2005;0
GCHE;D;20120504;000000;518.6;518.6;487.5;494.9;2616;0
GCHE;D;20120505;000000;485;510;481;505;5596;0
GCHE;D;20120507;000000;497;505;485;505;58;0
GCHE;D;20120508;000000;495.1;507;495.1;507;30;0
GCHE;D;20120510;000000;500.1;510;500.1;510;145;0
GCHE;D;20120511;000000;510;510;500;504.9;456;0
GCHE;D;20120512;000000;500.2;509.8;497.1;499.4;10039;0
GCHE;D;20120514;000000;485.7;507.5;479.8;480;9760;0
GCHE;D;20120515;000000;479;479;450;469.9;1708;0
GCHE;D;20120516;000000;456;469.7;441.2;469.7;354;0
GCHE;D;20120517;000000;461;499.1;452.9;486.5;1415;0
GCHE;D;20120518;000000;470;482.3;455.1;460;372;0
GCHE;D;20120521;000000;470;499.9;470;497.9;210;0
GCHE;D;20120522;000000;470.1;497.8;465;497.8;43;0
GCHE;D;20120523;000000;498.2;499;453.5;460;315;0
GCHE;D;20120524;000000;477.6;480;461.2;480;87;0
GCHE;D;20120525;000000;475;480;460.8;479.9;20;0
GCHE;D;20120528;000000;480;490;480;490;135;0
GCHE;D;20120529;000000;490;519.9;490;515.1;3378;0
GCHE;D;20120530;000000;519.6;524.3;514.7;514.7;1083;0
GCHE;D;20120531;000000;516;516.1;510.1;510.3;68;0
GCHE;D;20120601;000000;505.1;510.4;493;493;211;0
GCHE;D;20120604;000000;492.7;508.9;485;500;182;0
GCHE;D;20120605;000000;504.9;505;500;503;231;0
GCHE;D;20120606;000000;509;509;501;501;197;0
GCHE;D;20120607;000000;504.7;511.3;500.1;500.1;309;0
GCHE;D;20120608;000000;500;500;485.2;489.8;182;0
GCHE;D;20120609;000000;495;499.6;495;499.1;67;0
GCHE;D;20120613;000000;504;509.4;492;505.9;533;0
GCHE;D;20120614;000000;500.1;506.9;500.1;506.5;8;0
GCHE;D;20120615;000000;507.7;522;507.7;509.5;565;0
GCHE;D;20120618;000000;511.7;520;511.7;514.9;2634;0
GCHE;D;20120619;000000;518.8;518.8;513.5;517.8;462;0
GCHE;D;20120620;000000;510.4;519.5;510;510;3556;0
GCHE;D;20120621;000000;519.1;520;490.1;495;210;0
GCHE;D;20120622;000000;500;500;494.9;494.9;380;0
GCHE;D;20120625;000000;490.1;500;490;495;5822;0
GCHE;D;20120626;000000;494.8;498;494;494.8;241;0
GCHE;D;20120627;000000;493;493;488.9;489;2620;0
GCHE;D;20120628;000000;485.2;489.7;484.9;485;474;0
GCHE;D;20120629;000000;490;500;490;498.6;5423;0
GCHE;D;20120702;000000;500;502.9;500;502.9;971;0
GCHE;D;20120703;000000;505;515;505;511;263;0
GCHE;D;20120704;000000;505.1;520;505.1;520;2179;0
GCHE;D;20120705;000000;515.1;515.2;515;515.2;17;0
GCHE;D;20120706;000000;517;517;514.9;515;2073;0
GCHE;D;20120709;000000;510.1;510.1;510;510;580;0
GCHE;D;20120710;000000;510;515;510;515;161;0
GCHE;D;20120711;000000;520;520;515;515;463;0
GCHE;D;20120712;000000;515;516;515;516;60;0
GCHE;D;20120713;000000;517;522.1;517;520.3;557;0
GCHE;D;20120716;000000;520;540;520;539.7;10093;0
GCHE;D;20120717;000000;517.2;530;517;523.2;410;0
GCHE;D;20120718;000000;523.5;525;520;525;781;0
GCHE;D;20120719;000000;529.4;540;523;540;3223;0
GCHE;D;20120720;000000;539;539;530.5;530.5;62;0
GCHE;D;20120723;000000;530;530;517.7;517.7;252;0
GCHE;D;20120724;000000;517.7;519.7;509;515;578;0
GCHE;D;20120725;000000;0;0;0;0;0;0
GCHE;D;20120726;000000;510.3;519.4;510;519.4;49;0
GCHE;D;20120727;000000;519.9;519.9;510;514.7;571;0
GCHE;D;20120730;000000;514.9;523.7;514.9;515.1;84;0
GCHE;D;20120731;000000;515.1;519.3;496.1;496.1;1557;0
GCHE;D;20120801;000000;500;501.4;496.9;498;3042;0
GCHE;D;20120802;000000;499.1;517;499.1;515.1;718;0
GCHE;D;20120803;000000;509;510;500;510;2591;0
GCHE;D;20120806;000000;510;512;502.1;510;3601;0
GCHE;D;20120807;000000;510;515;507.6;507.6;366;0
GCHE;D;20120808;000000;510;510;505.1;505.1;335;0
GCHE;D;20120809;000000;509.8;510;500;500;2076;0
GCHE;D;20120810;000000;498.7;505.5;485;485;938;0
GCHE;D;20120813;000000;491;505.2;485;495;17583;0
GCHE;D;20120814;000000;500;512.5;495.1;504;9876;0
GCHE;D;20120815;000000;509;510;500.2;505.2;1724;0
GCHE;D;20120816;000000;507.8;525;507.8;520;1893;0
GCHE;D;20120817;000000;519;530;519;528.5;4246;0
GCHE;D;20120820;000000;510.6;524.2;510.6;520;567;0
GCHE;D;20120821;000000;536.6;536.6;524.5;532.5;9512;0
GCHE;D;20120822;000000;525.1;539.9;511;539.5;3615;0
GCHE;D;20120823;000000;537;539.4;525;525;2724;0
GCHE;D;20120824;000000;534.9;534.9;510.9;513;2589;0
GCHE;D;20120827;000000;513;528.8;511;522;836;0
GCHE;D;20120828;000000;522;522;522;522;1;0
GCHE;D;20120829;000000;520;530;514;515;899;0
GCHE;D;20120830;000000;515;520.1;515;516;1137;0
GCHE;D;20120831;000000;515;525;515;525;208;0
GCHE;D;20120903;000000;525;525;519.2;519.2;11;0
GCHE;D;20120904;000000;524;524;510.1;515.9;484;0
GCHE;D;20120905;000000;514.9;514.9;500;506;620;0
GCHE;D;20120906;000000;500.2;518.9;500.1;518.9;1105;0
GCHE;D;20120907;000000;523.9;539.7;513;520;9468;0
GCHE;D;20120910;000000;524.9;535.1;521.6;530.9;10352;0
GCHE;D;20120911;000000;530.5;535;528.9;535;4471;0
GCHE;D;20120912;000000;535;555.5;535;543.6;10733;0
GCHE;D;20120913;000000;543.6;545;530;535.1;1179;0
GCHE;D;20120914;000000;540;545;539;542.5;4251;0
GCHE;D;20120917;000000;545;548;535;542.6;10004;0
GCHE;D;20120918;000000;542.5;545;535.5;542;9928;0
GCHE;D;20120919;000000;543.8;543.8;540;540;2859;0
GCHE;D;20120920;000000;530.4;544.6;530.4;534.9;204;0
GCHE;D;20120921;000000;544.9;544.9;535;535;17;0
GCHE;D;20120924;000000;539.6;539.6;539.6;539.6;20;0
GCHE;D;20120925;000000;537.9;537.9;531.1;531.1;12;0
GCHE;D;20120926;000000;531.1;531.1;515.3;515.3;707;0
GCHE;D;20120927;000000;515.3;528.5;511.9;523;4321;0
GCHE;D;20120928;000000;527.7;532.6;525;529.4;2459;0
GCHE;D;20121001;000000;532.4;532.4;532.4;532.4;1;0
GCHE;D;20121002;000000;532.5;535.1;524.9;525;1877;0
GCHE;D;20121003;000000;525;532.5;525;528;2157;0
GCHE;D;20121004;000000;529.6;529.6;524;525.5;308;0
GCHE;D;20121005;000000;530.2;532.5;528;528;3948;0
GCHE;D;20121008;000000;531.7;531.7;531.7;531.7;12;0
GCHE;D;20121009;000000;526.2;539.9;526.2;534.2;3050;0
GCHE;D;20121010;000000;528.1;534.6;502.2;529;441;0
GCHE;D;20121011;000000;532;537;532;537;104;0
GCHE;D;20121012;000000;537;540;532.1;532.1;82;0
GCHE;D;20121015;000000;535.5;535.5;535.5;535.5;2;0
GCHE;D;20121016;000000;535.2;535.2;531.1;533.9;4;0
GCHE;D;20121017;000000;531.1;535.9;531.1;531.1;3889;0
GCHE;D;20121018;000000;535.9;535.9;531.1;535.7;20;0
GCHE;D;20121019;000000;532.6;537.3;525;537.3;2783;0
GCHE;D;20121022;000000;537.2;544.9;537.2;540;99;0
GCHE;D;20121023;000000;539;548;535;535;1562;0
GCHE;D;20121024;000000;535.2;540;530;530;515;0
GCHE;D;20121025;000000;0;0;0;0;0;0
GCHE;D;20121026;000000;520.1;523.4;515;523.4;250;0
GCHE;D;20121029;000000;520.2;520.2;511.1;511.1;426;0
GCHE;D;20121030;000000;511.2;520.2;510;520;1760;0
GCHE;D;20121031;000000;524.9;536.9;524.9;531.1;323;0
GCHE;D;20121101;000000;530;530;516.5;516.5;113;0
GCHE;D;20121102;000000;518.2;535.1;518.2;535;110;0
GCHE;D;20121106;000000;520.2;540;520.2;539.9;1153;0
GCHE;D;20121107;000000;540;559;536.6;547.1;28170;0
GCHE;D;20121108;000000;536.2;536.6;536;536.6;114;0
GCHE;D;20121109;000000;535;548.9;530;540.1;73;0
GCHE;D;20121112;000000;587.9;587.9;540.2;549.7;617;0
GCHE;D;20121113;000000;577.7;577.7;540;540;199;0
GCHE;D;20121114;000000;559.4;559.4;532;532;42;0
GCHE;D;20121115;000000;549.7;549.7;532;532;356;0
GCHE;D;20121116;000000;535;535;530;534.9;200;0
GCHE;D;20121119;000000;522.7;580;512.6;560;916;0
GCHE;D;20121120;000000;550;550;520;539.9;2253;0
GCHE;D;20121121;000000;525.4;530.7;520;530.7;481;0
GCHE;D;20121122;000000;535;535;526.2;526.2;2;0
GCHE;D;20121123;000000;533.9;533.9;525.1;525.1;8;0
GCHE;D;20121126;000000;534;534;516.2;533.7;108;0
GCHE;D;20121127;000000;535;535.3;525;525;159;0
GCHE;D;20121128;000000;525.1;525.1;516.3;523.5;374;0
GCHE;D;20121129;000000;529.9;529.9;520.3;520.3;5;0
GCHE;D;20121130;000000;532;532;518.1;528.4;5975;0
GCHE;D;20121203;000000;528.9;528.9;520;528.9;80;0
GCHE;D;20121204;000000;520.8;535;520.8;535;417;0
GCHE;D;20121205;000000;533.5;533.6;533.5;533.5;256;0
GCHE;D;20121206;000000;539.9;545;539.9;545;227;0
GCHE;D;20121207;000000;541.1;541.9;535;541.9;149;0
GCHE;D;20121210;000000;535;536;535;536;63;0
GCHE;D;20121211;000000;535;540;534.9;538.9;935;0
GCHE;D;20121212;000000;535.1;536;533.9;535;176;0
GCHE;D;20121213;000000;535.1;535.1;535;535;60;0
GCHE;D;20121214;000000;535.1;535.1;535;535;37;0
GCHE;D;20121217;000000;535;539.7;535;539.7;39;0
GCHE;D;20121218;000000;535.1;539.8;535;538.8;85;0
GCHE;D;20121219;000000;543.7;543.7;532;537.9;214;0
GCHE;D;20121220;000000;535.1;535.1;525;528.9;836;0
GCHE;D;20121221;000000;530.1;546.9;525;530.8;9497;0
GCHE;D;20121224;000000;530.9;544.7;530.2;535.1;34;0
GCHE;D;20121225;000000;542.2;543.9;530.1;535.1;206;0
GCHE;D;20121226;000000;544;544.5;538;538;451;0
GCHE;D;20121227;000000;530.2;549.2;530;541;20437;0
GCHE;D;20121228;000000;543.3;543.3;537;541;7952;0
GCHE;D;20130108;000000;535.1;538.6;531.2;531.2;81;0
GCHE;D;20130109;000000;530.9;540;530.9;540;72;0
GCHE;D;20130110;000000;540.1;544;540;540;333;0
GCHE;D;20130111;000000;518.6;539.7;517;539.7;224;0
GCHE;D;20130114;000000;543.6;550;539.9;550;320;0
GCHE;D;20130115;000000;558.2;575;558.2;570;887;0
GCHE;D;20130116;000000;564.4;567.4;564.4;565.3;14;0
GCHE;D;20130117;000000;568.8;568.9;567.8;568;168;0
GCHE;D;20130118;000000;566.8;568.1;551.4;568.1;289;0
GCHE;D;20130121;000000;555.5;575;540.1;574.9;1872;0
GCHE;D;20130122;000000;575;746;560;572.7;3227;0
GCHE;D;20130123;000000;558.6;572.7;555.5;563;979;0
GCHE;D;20130124;000000;560;560;550;554.9;506;0
GCHE;D;20130125;000000;554.6;554.6;540;543.6;527;0
GCHE;D;20130128;000000;554.3;555;541.1;543.4;819;0
GCHE;D;20130129;000000;543.5;549.9;541.2;545.2;788;0
GCHE;D;20130130;000000;554.7;554.7;545.3;548.3;1000;0
GCHE;D;20130131;000000;550.1;560;546;546;780;0
GCHE;D;20130201;000000;557.4;559.8;554.3;554.3;26;0
GCHE;D;20130204;000000;541.1;560;541.1;549.6;1115;0
GCHE;D;20130205;000000;544;544.1;540.9;541.7;118;0
GCHE;D;20130206;000000;558.9;558.9;540;546.8;58;0
GCHE;D;20130207;000000;550.1;550.1;550;550;2352;0
GCHE;D;20130208;000000;554.5;554.5;539.9;545.2;9682;0
GCHE;D;20130211;000000;540.1;548;537.3;548;480;0
GCHE;D;20130212;000000;553.5;557.1;545;557.1;248;0
GCHE;D;20130213;000000;564.5;564.5;530.2;548;1845;0
GCHE;D;20130214;000000;548;551.9;548;551.9;2180;0
GCHE;D;20130215;000000;549.5;549.5;540;545;1222;0
GCHE;D;20130218;000000;546.5;555.8;546.5;546.5;699;0
GCHE;D;20130219;000000;544;548;530;540;1169;0
GCHE;D;20130220;000000;542;542.1;540;540.2;550;0
GCHE;D;20130221;000000;540.3;542.6;539.8;540.3;1128;0
GCHE;D;20130222;000000;536.5;556;536;556;1478;0
GCHE;D;20130225;000000;546;554;545.7;547.2;2172;0
GCHE;D;20130226;000000;548;548;540;540.1;3199;0
GCHE;D;20130227;000000;544;550;544;550;351;0
GCHE;D;20130228;000000;544.3;549.9;544.3;549.9;17;0
GCHE;D;20130301;000000;546;552;542;551.2;3440;0
GCHE;D;20130304;000000;545.3;550;545;550;55;0
GCHE;D;20130305;000000;550;551.1;540;550.9;1044;0
GCHE;D;20130306;000000;549.9;550;536;545;560;0
GCHE;D;20130307;000000;545;570;544.9;570;2976;0
GCHE;D;20130311;000000;550.1;570;550;567.4;871;0
GCHE;D;20130312;000000;568.9;568.9;551.5;568;97;0
GCHE;D;20130313;000000;568.4;590;568.4;580;10043;0
GCHE;D;20130314;000000;582;582;560.1;572;195;0
GCHE;D;20130315;000000;575;575;550;557.7;1807;0
GCHE;D;20130318;000000;546.7;550.3;535.3;543.4;338;0
GCHE;D;20130319;000000;545;560;545;559.8;765;0
GCHE;D;20130320;000000;545.4;559.7;545;555.7;177;0
GCHE;D;20130321;000000;552.6;555;550;555;479;0
GCHE;D;20130322;000000;552.3;552.3;550;550;85;0
GCHE;D;20130325;000000;545.3;550;545.3;545.4;359;0
GCHE;D;20130326;000000;544.4;547.9;540.2;547.9;127;0
GCHE;D;20130327;000000;540.2;549.7;530;549.7;95;0
GCHE;D;20130328;000000;549.8;549.9;544;548.6;159;0
GCHE;D;20130329;000000;549.9;551;547;547;226;0
GCHE;D;20130401;000000;543;544.1;540.2;544;49;0
GCHE;D;20130402;000000;544;548.9;544;544;411;0
GCHE;D;20130403;000000;544.1;544.1;540;540;147;0
GCHE;D;20130404;000000;540;540;520;530;671;0
GCHE;D;20130405;000000;525.5;527.2;520;527.2;23;0
GCHE;D;20130408;000000;523.5;529.9;515;515;483;0
GCHE;D;20130409;000000;524.5;524.5;500;511.4;873;0
GCHE;D;20130410;000000;506.3;514.2;505;510;42;0
GCHE;D;20130411;000000;511.7;518.3;511;512.1;106;0
GCHE;D;20130412;000000;519.7;519.7;510;510;324;0
GCHE;D;20130415;000000;508.1;509.3;500;507.1;176;0
GCHE;D;20130416;000000;499.6;509.8;496;507;471;0
GCHE;D;20130417;000000;500.9;504.7;489.9;504.7;977;0
GCHE;D;20130418;000000;504.9;509.7;486.2;506.1;1869;0
GCHE;D;20130419;000000;494.2;506.6;490.1;506.6;327;0
GCHE;D;20130422;000000;500.5;506.3;500.5;506.3;4;0
GCHE;D;20130423;000000;506.2;506.2;498.1;499.9;797;0
GCHE;D;20130424;000000;500;539.9;500;500.1;4686;0
GCHE;D;20130425;000000;509.6;515;505;508.7;5188;0
GCHE;D;20130426;000000;507;507;507;507;4;0
GCHE;D;20130429;000000;509.8;514.8;506;510.1;6127;0
GCHE;D;20130430;000000;510;510;481.2;509.9;6243;0
GCHE;D;20130502;000000;505.1;505.1;505.1;505.1;2;0
GCHE;D;20130503;000000;505.2;505.2;505.1;505.1;7;0
GCHE;D;20130506;000000;509.6;544.9;505;515.1;4764;0
GCHE;D;20130507;000000;515;518;514.1;515;849;0
GCHE;D;20130508;000000;515;520;515;519.7;68;0
GCHE;D;20130510;000000;514.9;515.1;512.3;512.3;1087;0
GCHE;D;20130513;000000;510.4;511;508.3;511;488;0
GCHE;D;20130514;000000;514.8;514.8;509.1;509.1;121;0
GCHE;D;20130515;000000;509;509;509;509;10;0
GCHE;D;20130516;000000;506.7;506.7;505;505;168;0
GCHE;D;20130517;000000;507.5;507.5;505;505;729;0
GCHE;D;20130520;000000;505;506;479.3;479.3;1016;0
GCHE;D;20130521;000000;499.9;508.8;499.9;506;11961;0
GCHE;D;20130522;000000;504.5;508.7;503.1;505;110;0
GCHE;D;20130523;000000;500.1;502.1;497.1;502.1;67;0
GCHE;D;20130524;000000;496;496;495.5;495.5;23;0
GCHE;D;20130527;000000;493;493;493;493;500;0
GCHE;D;20130528;000000;499.9;499.9;490.5;490.6;136;0
GCHE;D;20130529;000000;491.1;495;490;495;1159;0
GCHE;D;20130530;000000;495;495.1;490.1;492;809;0
GCHE;D;20130531;000000;494.9;495;485;490.4;1339;0
GCHE;D;20130603;000000;490.1;490.1;486;488;1199;0
GCHE;D;20130604;000000;488.1;489;485.2;488;918;0
GCHE;D;20130605;000000;488.1;488.1;488;488;584;0
GCHE;D;20130606;000000;490;493;490;490.1;270;0
GCHE;D;20130607;000000;494.7;509.1;490.5;500.2;1683;0
GCHE;D;20130610;000000;507;510.2;501;501.5;3576;0
GCHE;D;20130611;000000;500.1;504.4;500;500;1043;0
GCHE;D;20130613;000000;490.5;506.1;485;494;2768;0
GCHE;D;20130614;000000;492.5;498.9;492.3;498.9;49;0
GCHE;D;20130617;000000;491.1;499.7;491.1;499.7;92;0
GCHE;D;20130618;000000;491.1;499.9;480.2;499.9;259;0
GCHE;D;20130619;000000;0;0;0;0;0;0
GCHE;D;20130620;000000;491.4;492.8;491.4;492.8;4;0
GCHE;D;20130621;000000;492.7;500;492.7;500;706;0
GCHE;D;20130624;000000;492.1;509.9;492;500.9;567;0
GCHE;D;20130625;000000;500.1;500.1;495;495;2517;0
GCHE;D;20130626;000000;495;500;495;497;542;0
GCHE;D;20130627;000000;495;505;490.1;490.1;1199;0
GCHE;D;20130628;000000;494.9;499.8;494.9;499.7;51;0
GCHE;D;20130701;000000;0;0;0;0;0;0
GCHE;D;20130702;000000;500;500;500;500;60;0
GCHE;D;20130703;000000;495.5;495.5;495.5;495.5;101;0
GCHE;D;20130704;000000;499.1;504.9;499.1;504.8;10;0
GCHE;D;20130705;000000;501;502;500;502;489;0
GCHE;D;20130708;000000;504.8;514.2;502.6;510;1284;0
GCHE;D;20130709;000000;508;510;508;510;618;0
GCHE;D;20130710;000000;510;510;505;505;650;0
GCHE;D;20130711;000000;509.5;509.5;505;505;202;0
GCHE;D;20130712;000000;503.9;510;500;505.9;414;0
GCHE;D;20130715;000000;500.5;506.5;500.2;500.2;65;0
GCHE;D;20130716;000000;500.1;514.7;500;509;12784;0
GCHE;D;20130717;000000;0;0;0;0;0;0
GCHE;D;20130718;000000;514.9;514.9;500.7;500.7;30;0
GCHE;D;20130719;000000;495.6;499.1;486.7;494.8;133;0
GCHE;D;20130722;000000;494.5;504.7;494.5;502;406;0
GCHE;D;20130723;000000;495.2;510;495.2;502.1;35;0
GCHE;D;20130724;000000;510;529.8;502.6;527;1994;0
GCHE;D;20130725;000000;513;513;511.8;512;100;0
GCHE;D;20130726;000000;503.6;519;486.1;519;197;0
GCHE;D;20130729;000000;514.5;514.5;509.8;513.9;56;0
GCHE;D;20130730;000000;510.2;519.5;505.1;510.2;27;0
GCHE;D;20130731;000000;0;0;0;0;0;0
GCHE;D;20130801;000000;505.5;505.5;498.6;505;7;0
GCHE;D;20130802;000000;500.2;531;496;531;413;0
GCHE;D;20130805;000000;515.2;529;500.1;529;1128;0
GCHE;D;20130806;000000;534;541.8;528.1;528.1;461;0
GCHE;D;20130807;000000;520.1;520.1;520;520;380;0
GCHE;D;20130808;000000;520;520.2;520;520;65;0
GCHE;D;20130809;000000;520.1;520.1;520.1;520.1;1;0
GCHE;D;20130812;000000;515.1;515.2;515.1;515.2;3;0
GCHE;D;20130813;000000;524.8;541.9;524.8;535.5;1427;0
GCHE;D;20130814;000000;555.5;579.8;549.8;550;1617;0
GCHE;D;20130815;000000;559.8;569.8;539.5;539.5;10187;0
GCHE;D;20130816;000000;539.6;539.6;530.1;530.1;1109;0
GCHE;D;20130819;000000;534.7;534.8;530;530;7;0
GCHE;D;20130820;000000;529.3;529.3;511.7;520.1;11;0
GCHE;D;20130821;000000;525;530.1;525;530;116;0
GCHE;D;20130822;000000;530;530;530;530;5;0
GCHE;D;20130823;000000;525.1;538.6;525;538.6;999;0
GCHE;D;20130826;000000;525.1;530.8;525;525;102;0
GCHE;D;20130827;000000;530;530;525;525;19;0
GCHE;D;20130828;000000;525;534.6;525;534.6;4;0
GCHE;D;20130829;000000;525;525;510;520;1270;0
GCHE;D;20130830;000000;515.2;526.9;509.9;526.9;2034;0
GCHE;D;20130902;000000;550;579.9;521.2;521.2;21;0
GCHE;D;20130903;000000;535;535;520;529.6;342;0
GCHE;D;20130904;000000;532;532;532;532;2;0
GCHE;D;20130905;000000;540.9;540.9;540.9;540.9;2;0
GCHE;D;20130906;000000;536;536;511;520;497;0
GCHE;D;20130909;000000;519.9;520;511;515;2403;0
GCHE;D;20130910;000000;515.2;538.7;515.1;520;532;0
GCHE;D;20130911;000000;516.3;529;511.2;529;73;0
GCHE;D;20130912;000000;526;534.4;513.3;528.5;46;0
GCHE;D;20130913;000000;534.4;534.4;501;501;1973;0
GCHE;D;20130916;000000;510;510;495.9;500.1;1000;0
GCHE;D;20130917;000000;505.6;505.6;480.7;495;1740;0
GCHE;D;20130918;000000;497.9;497.9;490;490;113;0
GCHE;D;20130919;000000;499.6;534.5;484.9;485;486;0
GCHE;D;20130920;000000;489.8;509;489.8;490.2;258;0
GCHE;D;20130923;000000;499.9;507.3;495;499.8;43;0
GCHE;D;20130924;000000;485.2;523;485.2;523;3168;0
GCHE;D;20130925;000000;500.1;520.3;493;500.3;2064;0
GCHE;D;20130926;000000;509.6;509.6;500;501.1;3;0
GCHE;D;20130927;000000;513.9;513.9;513.9;513.9;1;0
GCHE;D;20130930;000000;510.8;510.8;495.3;500;274;0
GCHE;D;20131001;000000;495.6;505;491.1;497;55;0
GCHE;D;20131002;000000;500.9;501;491.3;499.8;75;0
GCHE;D;20131003;000000;503.1;508.5;477;477;2894;0
GCHE;D;20131004;000000;489.9;496;489.9;490.2;209;0
GCHE;D;20131007;000000;490.1;499.7;490.1;499;151;0
GCHE;D;20131008;000000;499;513;499;504.9;1526;0
GCHE;D;20131009;000000;510.7;511;505;505;1004;0
GCHE;D;20131010;000000;500;502;499.9;500.2;3793;0
GCHE;D;20131011;000000;500;507.4;500;507.4;11;0
GCHE;D;20131014;000000;500.2;506.6;500;500.5;73;0
GCHE;D;20131015;000000;501;512;500;511.8;300;0
GCHE;D;20131016;000000;505.1;519;505;519;364;0
GCHE;D;20131017;000000;507;519.9;491.5;511;128;0
GCHE;D;20131018;000000;507;520.4;483;520.4;705;0
GCHE;D;20131021;000000;518.9;518.9;500;500;181;0
GCHE;D;20131022;000000;500;500;490.2;499;285;0
GCHE;D;20131023;000000;503.5;503.8;503.5;503.8;2;0
GCHE;D;20131024;000000;495.2;504.8;495.1;504.8;5;0
GCHE;D;20131025;000000;0;0;0;0;0;0
GCHE;D;20131028;000000;500;514.6;497;510;3661;0
GCHE;D;20131029;000000;514;514;490;510;573;0
GCHE;D;20131030;000000;510;519.6;496;496;335;0
GCHE;D;20131031;000000;510;535;510;530;663;0
GCHE;D;20131101;000000;525.8;549;525.8;532.2;1113;0
GCHE;D;20131105;000000;542.6;542.7;542.6;542.7;5;0
GCHE;D;20131106;000000;530;540;528.3;528.3;114;0
GCHE;D;20131107;000000;530;547.8;530;535;291;0
GCHE;D;20131108;000000;544.9;544.9;544.9;544.9;4;0
GCHE;D;20131111;000000;540.8;548.4;540.8;541.6;170;0
GCHE;D;20131112;000000;543.8;545;537.4;537.4;85;0
GCHE;D;20131113;000000;540;540;535;535;570;0
GCHE;D;20131114;000000;520.1;545;520;531;2239;0
GCHE;D;20131115;000000;513.4;538;513.2;538;219;0
GCHE;D;20131118;000000;540;542.3;530;533.8;78;0
GCHE;D;20131119;000000;516.7;544.1;516.2;524.8;580;0
GCHE;D;20131120;000000;530.3;530.3;518;518;502;0
GCHE;D;20131121;000000;521;521.9;518;518;72;0
GCHE;D;20131122;000000;515.5;525;515;515;1738;0
GCHE;D;20131125;000000;515;525;513;519.9;10556;0
GCHE;D;20131126;000000;515.2;526.7;515;526.7;4737;0
GCHE;D;20131127;000000;520.5;534.6;520;520.2;2451;0
GCHE;D;20131128;000000;525.3;534.7;525.3;526.8;85;0
GCHE;D;20131129;000000;515;527.3;515;527.3;8;0
GCHE;D;20131202;000000;527.3;527.3;510;510;361;0
GCHE;D;20131203;000000;519.8;519.8;519.8;519.8;1;0
GCHE;D;20131204;000000;520.7;520.7;505.8;520.6;41;0
GCHE;D;20131205;000000;523.8;555;523.7;554.1;5891;0
GCHE;D;20131206;000000;555;566.6;552;558;1454;0
GCHE;D;20131209;000000;568.9;570;550;567.1;7651;0
GCHE;D;20131210;000000;567.9;567.9;561;561;194;0
GCHE;D;20131211;000000;556.1;567.6;556;564.8;1281;0
GCHE;D;20131212;000000;569.7;589.8;569.5;569.9;1033;0
GCHE;D;20131213;000000;561.1;575;559.9;575;577;0
GCHE;D;20131216;000000;555.9;574.2;555.1;565;609;0
GCHE;D;20131217;000000;572.8;572.8;560;568;3089;0
GCHE;D;20131218;000000;567.2;568.4;553.5;568.4;232;0
GCHE;D;20131219;000000;570.7;585.1;570.1;584;1023;0
GCHE;D;20131220;000000;589.3;590;570;582;812;0
GCHE;D;20131223;000000;578.7;578.7;570;576.5;279;0
GCHE;D;20131224;000000;568.9;581;550.7;581;378;0
GCHE;D;20131225;000000;577;577;564.2;576.8;171;0
GCHE;D;20131226;000000;550;585;550;571.4;5149;0
GCHE;D;20131227;000000;584.9;584.9;580.8;581;1268;0
GCHE;D;20131230;000000;575.1;583.8;575.1;583.8;58;0
GCHE;D;20140106;000000;584;587.2;584;584.9;513;0
GCHE;D;20140108;000000;575.2;575.2;563;563;159;0
GCHE;D;20140109;000000;584.8;584.9;560.1;569.9;116;0
GCHE;D;20140110;000000;569.5;579.8;569.5;579.6;2599;0
GCHE;D;20140113;000000;574.8;574.8;556.1;557.1;2150;0
GCHE;D;20140114;000000;565.7;578.5;565.7;578.3;942;0
GCHE;D;20140115;000000;570.2;580;560.1;580;1690;0
GCHE;D;20140116;000000;597.9;599.6;579.1;588;119;0
GCHE;D;20140117;000000;585;592.1;585;592.1;3664;0
GCHE;D;20140120;000000;599.9;609.9;592.5;605;6516;0
GCHE;D;20140121;000000;605;610.7;600;610.7;8523;0
GCHE;D;20140122;000000;610.2;612;605;612;5715;0
GCHE;D;20140123;000000;619.9;642.9;605.3;615;4332;0
GCHE;D;20140124;000000;610;624;600.6;619.7;572;0
GCHE;D;20140127;000000;615;615;597.3;614.8;31;0
GCHE;D;20140128;000000;642.6;642.6;595;595;7062;0
GCHE;D;20140129;000000;595;613;587.6;613;18364;0
GCHE;D;20140130;000000;612.8;612.8;595.1;600;117;0
GCHE;D;20140131;000000;590;605;590;592.8;155;0
GCHE;D;20140203;000000;590.7;590.8;590.7;590.8;57;0
GCHE;D;20140204;000000;586.1;607;565.2;603.7;1844;0
GCHE;D;20140205;000000;608.6;623;608.1;608.1;1076;0
GCHE;D;20140206;000000;618;629;605.1;605.1;22;0
GCHE;D;20140207;000000;628.8;628.8;606.2;617.8;10;0
GCHE;D;20140210;000000;612.7;628.8;612.7;628.8;92;0
GCHE;D;20140211;000000;622.9;623;610.3;617.8;71;0
GCHE;D;20140212;000000;620;623.3;611.3;611.3;150;0
GCHE;D;20140213;000000;610.5;610.5;603.1;609.6;157;0
GCHE;D;20140214;000000;641.7;641.7;600;613.2;473;0
GCHE;D;20140217;000000;600.2;614;600.2;611.7;130;0
GCHE;D;20140218;000000;591.1;613.4;591;596;294;0
GCHE;D;20140219;000000;637;640.6;637;640.6;2;0
GCHE;D;20140220;000000;611.2;613;601;607.6;201;0
GCHE;D;20140221;000000;600.5;613;600.5;613;249;0
GCHE;D;20140224;000000;609.2;609.2;609.2;609.2;1;0
GCHE;D;20140225;000000;609.2;609.2;597.3;604;343;0
GCHE;D;20140226;000000;602.3;609.9;602.2;609.9;344;0
GCHE;D;20140227;000000;608;608;604.3;607.2;589;0
GCHE;D;20140228;000000;605.9;611.5;605.9;606.2;687;0
GCHE;D;20140303;000000;580.6;590;511;520;2939;0
GCHE;D;20140304;000000;521.2;562.4;520;550;48;0
GCHE;D;20140305;000000;542.1;564.6;542.1;564.6;3;0
GCHE;D;20140306;000000;568.9;569;550.3;550.3;64;0
GCHE;D;20140307;000000;535.3;574.8;535;565.3;22;0
GCHE;D;20140311;000000;540.1;566.8;540;566.8;11;0
GCHE;D;20140312;000000;535.1;565.6;522.1;559.4;388;0
GCHE;D;20140313;000000;564.4;564.4;520;540;466;0
GCHE;D;20140314;000000;520.3;539;510;528;1265;0
GCHE;D;20140317;000000;506.9;614.1;505.1;614.1;1366;0
GCHE;D;20140318;000000;571;617.8;570;617.8;769;0
GCHE;D;20140319;000000;585.3;630;523.1;630;2936;0
GCHE;D;20140320;000000;630;643;601;630;718;0
GCHE;D;20140321;000000;640;646;616.1;633;30;0
GCHE;D;20140324;000000;635.6;635.6;618;618;503;0
GCHE;D;20140325;000000;619.9;620;601;610.1;1060;0
GCHE;D;20140326;000000;580.5;619.9;570;619.5;1176;0
GCHE;D;20140327;000000;619.9;649.5;574.1;590;1050;0
GCHE;D;20140328;000000;599.8;600;560.3;560.3;678;0
GCHE;D;20140331;000000;587.7;598.2;550.1;581.1;414;0
GCHE;D;20140401;000000;562.5;586;550.6;561.1;813;0
GCHE;D;20140402;000000;552.3;568.1;552.3;555.6;455;0
GCHE;D;20140403;000000;568.6;582.3;551.7;554.3;211;0
GCHE;D;20140404;000000;573.7;574.7;556.1;574.7;81;0
GCHE;D;20140407;000000;555.3;570;555;567;529;0
GCHE;D;20140408;000000;560.3;560.3;555;558;549;0
GCHE;D;20140409;000000;558;575;558;575;1023;0
GCHE;D;20140410;000000;565;591.4;556.5;558.4;3869;0
GCHE;D;20140411;000000;564.9;639.9;564.9;574.9;355;0
GCHE;D;20140414;000000;565.1;565.1;550;557;278;0
GCHE;D;20140415;000000;550.6;570.3;550;554.2;1684;0
GCHE;D;20140416;000000;561.3;569.6;549.9;566.2;1143;0
GCHE;D;20140417;000000;557.8;557.8;550.1;550.1;19;0
GCHE;D;20140418;000000;560;564;560;564;1159;0
GCHE;D;20140421;000000;556;567.9;556;567.9;288;0
GCHE;D;20140422;000000;564.2;564.2;555.1;560;538;0
GCHE;D;20140423;000000;554.8;560.3;554.8;560;353;0
GCHE;D;20140424;000000;573;639.1;530.2;579.3;394;0
GCHE;D;20140425;000000;570.3;570.3;560;560;303;0
GCHE;D;20140428;000000;573.8;600.1;573.8;600;259;0
GCHE;D;20140429;000000;598.8;600.1;560.2;580.1;244;0
GCHE;D;20140430;000000;588.8;600.1;588.8;600;620;0
GCHE;D;20140502;000000;589.2;589.5;571.2;571.2;19;0
GCHE;D;20140505;000000;596.7;609.7;596.7;609.7;1263;0
GCHE;D;20140506;000000;610;612.8;600;612.8;3624;0
GCHE;D;20140507;000000;599.9;612;599.9;612;4896;0
GCHE;D;20140508;000000;600.1;613;600;613;881;0
GCHE;D;20140512;000000;619.9;620;580.7;600;140;0
GCHE;D;20140513;000000;599.8;600;585;586.2;193;0
GCHE;D;20140514;000000;581;589.6;564.5;584.9;738;0
GCHE;D;20140515;000000;584.6;584.7;565;573.6;149;0
GCHE;D;20140516;000000;578.9;578.9;568.1;573.2;38;0
GCHE;D;20140519;000000;578.7;579.8;577.5;578.2;42;0
GCHE;D;20140520;000000;588.8;588.8;565;574;287;0
GCHE;D;20140521;000000;573.1;574;566;574;381;0
GCHE;D;20140522;000000;567.2;597.6;555.9;570;426;0
GCHE;D;20140523;000000;570.6;592.2;559;592.2;336;0
GCHE;D;20140526;000000;578.6;600;578.6;580;1228;0
GCHE;D;20140527;000000;565.3;585;560.7;585;1909;0
GCHE;D;20140528;000000;598.9;612.6;586.7;586.7;24;0
GCHE;D;20140529;000000;600.9;604.9;593;593;2451;0
GCHE;D;20140530;000000;603.6;604.6;590;590.3;1885;0
GCHE;D;20140602;000000;601.4;602.3;592.5;600;1066;0
GCHE;D;20140603;000000;590.3;605;590;605;20104;0
GCHE;D;20140604;000000;609.9;629;600;600.1;748;0
GCHE;D;20140605;000000;600.7;616.8;600.6;607.7;1158;0
GCHE;D;20140606;000000;609.3;625;607.7;624.2;774;0
GCHE;D;20140609;000000;610.2;614.3;607.7;607.7;2719;0
GCHE;D;20140610;000000;607.8;616;607.7;615;2506;0
GCHE;D;20140611;000000;616;624.4;573;607.9;1503;0
GCHE;D;20140616;000000;595.3;677.9;595;627;7199;0
GCHE;D;20140617;000000;615.1;659.5;612.8;620.3;357;0
GCHE;D;20140618;000000;647.5;648;613.7;642.7;559;0
GCHE;D;20140619;000000;649;650.5;610.1;650.5;782;0
GCHE;D;20140620;000000;615.5;657.9;615.5;641.5;62;0
GCHE;D;20140623;000000;0;0;0;0;0;0
GCHE;D;20140624;000000;656.9;672.7;637.7;639;1987;0
GCHE;D;20140625;000000;635;642.1;630.1;634.7;41;0
GCHE;D;20140626;000000;634.7;648.8;634.7;635;390;0
GCHE;D;20140627;000000;626.9;650;623;623;630;0
GCHE;D;20140630;000000;0;0;0;0;0;0
GCHE;D;20140701;000000;616.3;621.5;616.1;617;13;0
GCHE;D;20140702;000000;640.6;640.6;615.2;617;1814;0
GCHE;D;20140703;000000;617.7;620;614.9;614.9;2608;0
GCHE;D;20140704;000000;610.5;620;610.1;610.5;1248;0
GCHE;D;20140707;000000;619.9;619.9;619.8;619.8;2;0
GCHE;D;20140708;000000;617.4;617.5;610.2;617.5;207;0
GCHE;D;20140709;000000;613.6;617.5;609.1;617;419;0
GCHE;D;20140710;000000;621;621;601;601.1;88;0
GCHE;D;20140711;000000;612.5;619.5;601.5;612.7;55;0
GCHE;D;20140714;000000;615;648.4;570.2;603.9;1257;0
GCHE;D;20140715;000000;597.8;634.6;573.1;634.6;3581;0
GCHE;D;20140716;000000;614.6;620;610.3;619.9;1127;0
GCHE;D;20140717;000000;600.3;650;600.3;638.9;344;0
GCHE;D;20140718;000000;637.6;643.7;615.3;626.1;207;0
GCHE;D;20140721;000000;625.5;629.3;610.5;620.7;306;0
GCHE;D;20140722;000000;628.5;628.5;618.4;620;349;0
GCHE;D;20140723;000000;605.1;654.8;605.1;654.8;1441;0
GCHE;D;20140724;000000;656;656.4;620;638.1;887;0
GCHE;D;20140725;000000;621.1;639;614.2;622.3;265;0
GCHE;D;20140728;000000;615.1;630;604.9;630;181;0
GCHE;D;20140729;000000;621.9;640;589.9;615.2;537;0
GCHE;D;20140730;000000;630.1;630.1;613.6;628.9;68;0
GCHE;D;20140731;000000;617;621.3;602;621.3;123;0
GCHE;D;20140801;000000;618.1;618.1;610;610;25;0
GCHE;D;20140804;000000;609.6;636.6;609.6;630.2;904;0
GCHE;D;20140805;000000;644.2;645;617.4;644.8;328;0
GCHE;D;20140806;000000;625.6;656.8;617.9;656.7;87;0
GCHE;D;20140807;000000;656.7;678.9;630;637.2;2851;0
GCHE;D;20140808;000000;677.7;743.9;663.2;680;30847;0
GCHE;D;20140811;000000;672.1;679.3;651.2;653;3105;0
GCHE;D;20140812;000000;669.9;670;650;650.8;3393;0
GCHE;D;20140813;000000;650.7;664.9;610;641.1;6685;0
GCHE;D;20140814;000000;633;655.1;626.7;640.1;1867;0
GCHE;D;20140815;000000;640.5;640.5;629.8;636.1;808;0
GCHE;D;20140818;000000;634.9;635;620;623.5;450;0
GCHE;D;20140819;000000;620;635;620;627.9;14050;0
GCHE;D;20140820;000000;642.1;642.1;610;632.8;5680;0
GCHE;D;20140821;000000;632.9;638;630;630;516;0
GCHE;D;20140822;000000;625.1;634.9;625;632.3;1560;0
GCHE;D;20140825;000000;632.5;632.5;630.4;632.3;225;0
GCHE;D;20140826;000000;632.4;640.5;631.9;638.5;789;0
GCHE;D;20140827;000000;629.9;639.9;629.9;637;2291;0
GCHE;D;20140828;000000;629.9;658;629.8;639.9;1830;0
GCHE;D;20140829;000000;631.2;652;616.2;638.3;1210;0
GCHE;D;20140901;000000;647.8;649.7;636.8;648.1;311;0
GCHE;D;20140902;000000;658.8;658.8;639.9;640.1;895;0
GCHE;D;20140903;000000;593;649.7;593;638.8;1084;0
GCHE;D;20140904;000000;635.5;639.2;623.1;638.1;88;0
GCHE;D;20140905;000000;625.5;636.2;618.3;633.5;305;0
GCHE;D;20140908;000000;630;644.9;628.4;640;7504;0
GCHE;D;20140909;000000;649.4;649.4;635;635.3;422;0
GCHE;D;20140910;000000;635.6;658.9;635.2;644.9;2293;0
GCHE;D;20140911;000000;640;655.5;640;650;4278;0
GCHE;D;20140912;000000;646.6;647.5;645.1;646;75;0
GCHE;D;20140915;000000;649.9;690;625.3;645.4;7791;0
GCHE;D;20140916;000000;649.9;698;649.7;681.1;9044;0
GCHE;D;20140917;000000;699;699;663.2;670.1;13685;0
GCHE;D;20140918;000000;679.4;691.9;670;680;1436;0
GCHE;D;20140919;000000;670.2;680;670;679.9;2401;0
GCHE;D;20140922;000000;677.1;684.8;675.6;675.6;345;0
GCHE;D;20140923;000000;675.3;680;675;680;938;0
GCHE;D;20140924;000000;686.8;689.5;680;689.4;4445;0
GCHE;D;20140925;000000;694;717.6;686.5;707.8;9282;0
GCHE;D;20140926;000000;706.4;713;677.7;696;3981;0
GCHE;D;20140929;000000;704;710.4;687;707.8;3147;0
GCHE;D;20140930;000000;709.8;717;679.1;716.8;2609;0
GCHE;D;20141001;000000;715;745;713;730;7884;0
GCHE;D;20141002;000000;725;747;710;727;1840;0
GCHE;D;20141003;000000;722;724;702;709;2314;0
GCHE;D;20141006;000000;713;720;709;718;753;0
GCHE;D;20141007;000000;705;720;705;719;522;0
GCHE;D;20141008;000000;707;717;701;702;848;0
GCHE;D;20141009;000000;714;720;707;711;2927;0
GCHE;D;20141010;000000;705;734;703;715;3870;0
GCHE;D;20141013;000000;702;729;701;724;3525;0
GCHE;D;20141014;000000;720;723;700;720;5686;0
GCHE;D;20141015;000000;712;720;691;691;2518;0
GCHE;D;20141016;000000;699;709;690;696;1700;0
GCHE;D;20141017;000000;701;715;694;710;1290;0
GCHE;D;20141020;000000;715;715;701;708;674;0
GCHE;D;20141021;000000;701;717;700;717;1880;0
GCHE;D;20141022;000000;709;716;700;713;4174;0
GCHE;D;20141023;000000;715;715;702;703;339;0
GCHE;D;20141024;000000;704;709;700;700;612;0
GCHE;D;20141027;000000;708;714;700;706;461;0
GCHE;D;20141028;000000;701;714;696;705;563;0
GCHE;D;20141029;000000;707;726;706;717;1486;0
GCHE;D;20141030;000000;709;728;709;728;619;0
GCHE;D;20141031;000000;721;736;721;736;324;0
GCHE;D;20141103;000000;741;777;741;757;181;0
GCHE;D;20141105;000000;777;888;750;773;2331;0
GCHE;D;20141106;000000;778;797;749;769;2269;0
GCHE;D;20141107;000000;772;775;730;750;3533;0
GCHE;D;20141110;000000;756;756;737;751;1532;0
GCHE;D;20141111;000000;754;755;747;754;1286;0
GCHE;D;20141112;000000;775;775;740;743;2334;0
GCHE;D;20141113;000000;750;750;724;724;678;0
GCHE;D;20141114;000000;728;740;710;738;3322;0
GCHE;D;20141117;000000;739;740;735;740;782;0
GCHE;D;20141118;000000;740;766;738;740;8239;0
GCHE;D;20141119;000000;740;757;721;737;10908;0
GCHE;D;20141120;000000;701;755;699;746;8798;0
GCHE;D;20141121;000000;738;750;712;716;2886;0
GCHE;D;20141124;000000;717;739;715;736;2859;0
GCHE;D;20141125;000000;725;735;722;733;566;0
GCHE;D;20141126;000000;725;742;721;735;983;0
GCHE;D;20141127;000000;732;752;720;750;2514;0
GCHE;D;20141128;000000;735;788;715;780;3970;0
GCHE;D;20141201;000000;777;829;773;820;3788;0
GCHE;D;20141202;000000;829;829;778;817;1014;0
GCHE;D;20141203;000000;819;820;761;788;3811;0
GCHE;D;20141204;000000;780;799;751;767;1961;0
GCHE;D;20141205;000000;787;787;730;744;1413;0
GCHE;D;20141208;000000;763;763;702;702;5700;0
GCHE;D;20141209;000000;702;724;677;677;1231;0
GCHE;D;20141210;000000;698;730;650;716;1511;0
GCHE;D;20141211;000000;704;777;700;731;1768;0
GCHE;D;20141212;000000;701;767;700;720;707;0
GCHE;D;20141215;000000;739;800;728;728;6509;0
GCHE;D;20141216;000000;718;778;665;702;7669;0
GCHE;D;20141217;000000;716;737;701;713;2925;0
GCHE;D;20141218;000000;705;790;701;757;4148;0
GCHE;D;20141219;000000;742;764;730;735;659;0
GCHE;D;20141222;000000;749;750;715;715;1347;0
GCHE;D;20141223;000000;724;724;685;708;5998;0
GCHE;D;20141224;000000;718;740;696;703;805;0
GCHE;D;20141225;000000;712;716;695;706;148;0
GCHE;D;20141226;000000;701;704;681;697;202;0
GCHE;D;20141229;000000;686;700;667;689;1463;0
GCHE;D;20141230;000000;690;725;665;700;7762;0
GCHE;D;20150105;000000;697;716;672;702;232;0
GCHE;D;20150106;000000;702;729;700;703;363;0
GCHE;D;20150108;000000;708;716;686;686;1201;0
GCHE;D;20150109;000000;717;718;652;680;317;0
GCHE;D;20150112;000000;691;697;677;691;4377;0
GCHE;D;20150113;000000;691;709;681;700;273;0
GCHE;D;20150114;000000;685;708;679;697;2611;0
GCHE;D;20150115;000000;688;699;660;666;4766;0
GCHE;D;20150116;000000;670;680;655;668;1606;0
GCHE;D;20150119;000000;668;670;636;648;2517;0
GCHE;D;20150120;000000;663;670;650;660;1526;0
GCHE;D;20150121;000000;661;668;635;656;1732;0
GCHE;D;20150122;000000;657;680;628;670;8270;0
GCHE;D;20150123;000000;657;690;657;660;2166;0
GCHE;D;20150126;000000;660;695;650;655;993;0
GCHE;D;20150127;000000;640;680;640;660;3606;0
GCHE;D;20150128;000000;679;708;674;680;11560;0
GCHE;D;20150129;000000;693;715;690;700;3256;0
GCHE;D;20150130;000000;718;718;686;698;3872;0
GCHE;D;20150202;000000;699;715;682;691;905;0
GCHE;D;20150203;000000;698;713;677;687;2899;0
GCHE;D;20150204;000000;691;700;683;691;873;0
GCHE;D;20150205;000000;694;694;674;688;1118;0
GCHE;D;20150206;000000;696;696;679;690;748;0
GCHE;D;20150209;000000;690;701;685;685;2681;0
GCHE;D;20150210;000000;684;696;674;694;4564;0
GCHE;D;20150211;000000;699;707;690;699;1851;0
GCHE;D;20150212;000000;700;725;692;717;3116;0
GCHE;D;20150213;000000;708;730;700;706;1172;0
GCHE;D;20150216;000000;701;708;692;707;455;0
GCHE;D;20150217;000000;706;747;706;730;1289;0
GCHE;D;20150218;000000;739;765;732;754;1882;0
GCHE;D;20150219;000000;754;755;739;743;630;0
GCHE;D;20150220;000000;750;795;745;750;2263;0
GCHE;D;20150224;000000;733;766;733;766;1093;0
GCHE;D;20150225;000000;776;790;753;774;1173;0
GCHE;D;20150226;000000;783;847;782;812;7160;0
GCHE;D;20150227;000000;824;824;790;798;2466;0
GCHE;D;20150302;000000;814;820;796;800;986;0
GCHE;D;20150303;000000;800;800;770;798;859;0
GCHE;D;20150304;000000;797;800;779;787;821;0
GCHE;D;20150305;000000;795;800;775;780;1036;0
GCHE;D;20150306;000000;781;781;763;769;595;0
GCHE;D;20150310;000000;761;777;751;762;2481;0
GCHE;D;20150311;000000;760;800;752;768;2266;0
GCHE;D;20150312;000000;793;794;771;791;348;0
GCHE;D;20150313;000000;790;795;780;791;812;0
GCHE;D;20150316;000000;788;831;777;813;1878;0
GCHE;D;20150317;000000;809;845;809;830;3400;0
GCHE;D;20150318;000000;823;845;790;796;2652;0
GCHE;D;20150319;000000;805;808;778;778;859;0
GCHE;D;20150320;000000;788;808;769;780;1130;0
GCHE;D;20150323;000000;781;797;770;778;850;0
GCHE;D;20150324;000000;781;782;760;765;2879;0
GCHE;D;20150325;000000;773;780;732;740;10768;0
GCHE;D;20150326;000000;745;760;720;735;4344;0
GCHE;D;20150327;000000;730;748;720;723;4022;0
GCHE;D;20150330;000000;727;741;725;730;3432;0
GCHE;D;20150331;000000;732;740;711;728;2485;0
GCHE;D;20150401;000000;754;754;720;740;7180;0
GCHE;D;20150402;000000;741;750;726;735;3610;0
GCHE;D;20150403;000000;735;735;725;733;1312;0
GCHE;D;20150406;000000;730;756;725;750;904;0
GCHE;D;20150407;000000;767;767;731;737;6988;0
GCHE;D;20150408;000000;696;747;696;719;5992;0
GCHE;D;20150409;000000;720;725;680;690;12371;0
GCHE;D;20150410;000000;701;738;668;687;28004;0
GCHE;D;20150413;000000;695;727;687;727;17276;0
GCHE;D;20150414;000000;726;738;725;734;6579;0
GCHE;D;20150415;000000;737;767;730;751;11781;0
GCHE;D;20150416;000000;720;729;700;723;11752;0
GCHE;D;20150417;000000;725;767;715;730;16520;0
GCHE;D;20150420;000000;733;755;711;752;5465;0
GCHE;D;20150421;000000;753;765;750;764;3020;0
GCHE;D;20150422;000000;755;760;728;739;4107;0
GCHE;D;20150423;000000;739;749;728;735;1105;0
GCHE;D;20150424;000000;744;748;735;739;8483;0
GCHE;D;20150427;000000;746;747;722;731;1221;0
GCHE;D;20150428;000000;729;743;723;740;7854;0
GCHE;D;20150429;000000;734;755;732;740;1500;0
GCHE;D;20150430;000000;737;746;732;739;474;0
GCHE;D;20150505;000000;741;748;727;734;7727;0
GCHE;D;20150506;000000;740;740;725;725;769;0
GCHE;D;20150507;000000;725;726;692;714;3742;0
GCHE;D;20150508;000000;710;740;706;731;3128;0
GCHE;D;20150512;000000;738;740;730;738;4059;0
GCHE;D;20150513;000000;735;744;735;741;13302;0
GCHE;D;20150514;000000;740;752;740;748;3177;0
GCHE;D;20150515;000000;745;765;745;749;4409;0
GCHE;D;20150518;000000;750;768;750;758;3719;0
GCHE;D;20150519;000000;768;787;762;780;2455;0
GCHE;D;20150520;000000;775;780;752;762;1222;0
GCHE;D;20150521;000000;765;771;746;746;1414;0
GCHE;D;20150522;000000;756;770;744;763;2808;0
GCHE;D;20150525;000000;761;770;745;755;1249;0
GCHE;D;20150526;000000;765;768;753;763;411;0
GCHE;D;20150527;000000;762;779;750;779;681;0
GCHE;D;20150528;000000;776;778;754;754;986;0
GCHE;D;20150529;000000;760;779;752;756;11426;0
GCHE;D;20150601;000000;767;778;760;761;9984;0
GCHE;D;20150602;000000;769;771;761;765;2427;0
GCHE;D;20150603;000000;763;784;762;766;13191;0
GCHE;D;20150604;000000;774;780;753;759;4432;0
GCHE;D;20150605;000000;766;767;743;765;2163;0
GCHE;D;20150608;000000;757;766;751;755;1538;0
GCHE;D;20150609;000000;760;780;751;761;5938;0
GCHE;D;20150610;000000;756;756;730;737;10501;0
GCHE;D;20150611;000000;740;743;723;738;7181;0
GCHE;D;20150615;000000;741;758;738;750;4264;0
GCHE;D;20150616;000000;747;765;740;748;9809;0
GCHE;D;20150617;000000;755;757;730;730;3092;0
GCHE;D;20150618;000000;739;743;734;736;893;0
GCHE;D;20150619;000000;737;746;730;738;953;0
GCHE;D;20150622;000000;744;750;730;745;755;0
GCHE;D;20150623;000000;746;747;736;740;1128;0
GCHE;D;20150624;000000;743;743;730;731;2303;0
GCHE;D;20150625;000000;733;735;728;730;1517;0
GCHE;D;20150626;000000;734;734;721;730;937;0
GCHE;D;20150629;000000;730;751;721;740;3434;0
GCHE;D;20150630;000000;740;742;735;735;190;0
GCHE;D;20150701;000000;736;752;727;751;1550;0
GCHE;D;20150702;000000;751;756;735;742;21212;0
GCHE;D;20150703;000000;746;752;743;745;7262;0
GCHE;D;20150706;000000;748;776;747;765;2807;0
GCHE;D;20150707;000000;776;777;752;752;2247;0
GCHE;D;20150708;000000;759;779;753;763;2552;0
GCHE;D;20150709;000000;765;774;765;769;71;0
GCHE;D;20150710;000000;765;770;755;760;570;0
GCHE;D;20150713;000000;767;767;746;752;1134;0
GCHE;D;20150714;000000;748;760;746;755;401;0
GCHE;D;20150715;000000;752;770;752;765;9221;0
GCHE;D;20150716;000000;767;777;762;777;1066;0
GCHE;D;20150717;000000;774;785;770;776;317;0
GCHE;D;20150720;000000;774;782;761;761;429;0
GCHE;D;20150721;000000;776;777;766;767;437;0
GCHE;D;20150722;000000;771;775;766;771;501;0
GCHE;D;20150723;000000;772;778;760;778;703;0
GCHE;D;20150724;000000;772;800;764;788;1148;0
GCHE;D;20150727;000000;789;805;782;798;3505;0
GCHE;D;20150728;000000;803;825;794;800;4488;0
GCHE;D;20150729;000000;802;820;794;800;1169;0
GCHE;D;20150730;000000;809;824;807;820;928;0
GCHE;D;20150731;000000;815;845;802;840;1323;0
GCHE;D;20150803;000000;839;844;814;827;793;0
GCHE;D;20150804;000000;840;860;831;839;1200;0
GCHE;D;20150805;000000;855;863;838;849;2001;0
GCHE;D;20150806;000000;848;850;831;831;1313;0
GCHE;D;20150807;000000;831;850;820;835;1916;0
GCHE;D;20150810;000000;840;898;826;875;3244;0
GCHE;D;20150811;000000;863;895;861;888;635;0
GCHE;D;20150812;000000;888;914;880;895;1601;0
GCHE;D;20150813;000000;889;923;863;885;5537;0
GCHE;D;20150814;000000;880;896;860;887;4656;0
GCHE;D;20150817;000000;890;891;870;873;1116;0
GCHE;D;20150818;000000;878;881;850;851;1837;0
GCHE;D;20150819;000000;857;870;851;865;1591;0
GCHE;D;20150820;000000;870;885;857;871;3304;0
GCHE;D;20150821;000000;878;900;872;891;4134;0
GCHE;D;20150824;000000;875;900;822;871;3815;0
GCHE;D;20150825;000000;870;923;865;901;3590;0
GCHE;D;20150826;000000;902;923;900;923;3598;0
GCHE;D;20150827;000000;923;947;899;908;9280;0
GCHE;D;20150828;000000;900;920;876;920;6186;0
GCHE;D;20150831;000000;900;930;892;905;1772;0
GCHE;D;20150901;000000;904;904;861;873;9189;0
GCHE;D;20150902;000000;870;903;865;882;4337;0
GCHE;D;20150903;000000;893;895;880;889;16693;0
GCHE;D;20150904;000000;883;894;877;883;3321;0
GCHE;D;20150907;000000;890;919;890;895;10739;0
GCHE;D;20150908;000000;904;907;884;906;1910;0
GCHE;D;20150909;000000;901;914;886;908;2602;0
GCHE;D;20150910;000000;908;909;893;895;4015;0
GCHE;D;20150911;000000;907;915;890;892;2086;0
GCHE;D;20150914;000000;898;899;886;893;15354;0
GCHE;D;20150915;000000;904;904;871;882;26722;0
GCHE;D;20150916;000000;880;886;865;877;6178;0
GCHE;D;20150917;000000;880;888;871;885;645;0
GCHE;D;20150918;000000;890;899;866;884;2437;0
GCHE;D;20150921;000000;866;900;866;884;2400;0
GCHE;D;20150922;000000;883;903;874;900;2526;0
GCHE;D;20150923;000000;903;904;881;900;4077;0
GCHE;D;20150924;000000;888;905;883;900;1282;0
GCHE;D;20150925;000000;907;907;890;900;2687;0
GCHE;D;20150928;000000;892;927;888;896;623;0
GCHE;D;20150929;000000;896;896;878;882;1278;0
GCHE;D;20150930;000000;886;921;884;895;1135;0
GCHE;D;20151001;000000;895;900;885;890;266;0
GCHE;D;20151002;000000;893;894;884;887;819;0
GCHE;D;20151005;000000;895;917;880;890;1430;0
GCHE;D;20151006;000000;890;912;887;912;1163;0
GCHE;D;20151007;000000;901;919;887;910;3224;0
GCHE;D;20151008;000000;890;895;867;875;3334;0
GCHE;D;20151009;000000;879;879;844;857;5391;0
GCHE;D;20151012;000000;860;867;830;833;1826;0
GCHE;D;20151013;000000;832;858;827;846;7763;0
GCHE;D;20151014;000000;845;858;840;846;2036;0
GCHE;D;20151015;000000;840;848;835;835;3837;0
GCHE;D;20151016;000000;840;849;827;835;3094;0
GCHE;D;20151019;000000;842;850;835;847;377;0
GCHE;D;20151020;000000;847;853;840;853;1847;0
GCHE;D;20151021;000000;853;853;835;843;335;0
GCHE;D;20151022;000000;833;857;832;850;738;0
GCHE;D;20151023;000000;852;855;835;850;869;0
GCHE;D;20151026;000000;815;853;815;843;973;0
GCHE;D;20151027;000000;843;849;837;849;402;0
GCHE;D;20151028;000000;844;889;836;881;6457;0
GCHE;D;20151029;000000;882;896;869;876;1073;0
GCHE;D;20151030;000000;871;873;856;863;788;0
GCHE;D;20151102;000000;855;883;855;880;1113;0
GCHE;D;20151103;000000;875;886;862;872;2891;0
GCHE;D;20151105;000000;875;908;875;900;3026;0
GCHE;D;20151106;000000;904;968;901;950;6338;0
GCHE;D;20151109;000000;933;978;916;939;4716;0
GCHE;D;20151110;000000;938;958;914;933;1644;0
GCHE;D;20151111;000000;930;947;917;934;1763;0
GCHE;D;20151112;000000;929;936;915;929;944;0
GCHE;D;20151113;000000;935;948;917;940;1792;0
GCHE;D;20151116;000000;936;975;936;937;2192;0
GCHE;D;20151117;000000;953;979;940;950;4040;0
GCHE;D;20151118;000000;949;973;930;945;1725;0
GCHE;D;20151119;000000;954;963;924;930;3636;0
GCHE;D;20151120;000000;923;962;923;939;2056;0
GCHE;D;20151123;000000;943;944;936;941;3140;0
GCHE;D;20151124;000000;938;940;925;925;1720;0
GCHE;D;20151125;000000;931;947;930;937;2254;0
GCHE;D;20151126;000000;944;944;933;936;599;0
GCHE;D;20151127;000000;943;943;927;936;10614;0
GCHE;D;20151130;000000;950;1198;940;976;3962;0
GCHE;D;20151201;000000;990;1016;978;1010;4959;0
GCHE;D;20151202;000000;1010;1048;1000;1024;2096;0
GCHE;D;20151203;000000;1019;1086;1018;1055;2230;0
GCHE;D;20151204;000000;1042;1079;1006;1050;5007;0
GCHE;D;20151207;000000;1052;1077;1027;1077;2081;0
GCHE;D;20151208;000000;1062;1074;1043;1066;818;0
GCHE;D;20151209;000000;1065;1085;1020;1059;5224;0
GCHE;D;20151210;000000;1056;1069;1042;1045;609;0
GCHE;D;20151211;000000;1043;1046;1016;1019;894;0
GCHE;D;20151214;000000;1017;1047;988;1023;1915;0
GCHE;D;20151215;000000;1035;1058;1024;1056;752;0
GCHE;D;20151216;000000;1059;1067;1028;1030;2300;0
GCHE;D;20151217;000000;1034;1049;1019;1046;1365;0
GCHE;D;20151218;000000;1038;1070;1024;1024;1284;0
GCHE;D;20151221;000000;1023;1042;990;1029;715;0
GCHE;D;20151222;000000;1039;1088;1028;1028;1697;0
GCHE;D;20151223;000000;1040;1059;1032;1040;1697;0
GCHE;D;20151224;000000;1036;1046;1020;1040;2165;0
GCHE;D;20151225;000000;1044;1059;1040;1040;682;0
GCHE;D;20151228;000000;1054;1063;1040;1049;1363;0
GCHE;D;20151229;000000;1062;1062;1020;1040;868;0
GCHE;D;20151230;000000;1049;1049;1033;1040;975;0
GCHE;D;20160104;000000;1042;1052;1031;1031;383;0
GCHE;D;20160105;000000;1040;1045;1036;1040;128;0
GCHE;D;20160106;000000;1042;1046;1034;1040;3910;0
GCHE;D;20160111;000000;1011;1049;1011;1040;4867;0
GCHE;D;20160112;000000;1033;1048;1023;1035;2456;0
GCHE;D;20160113;000000;1027;1041;1020;1028;3018;0
GCHE;D;20160114;000000;1018;1033;990;998;1479;0
GCHE;D;20160115;000000;998;1006;950;968;5772;0
GCHE;D;20160118;000000;952;985;942;972;1503;0
GCHE;D;20160119;000000;976;988;962;980;2463;0
GCHE;D;20160120;000000;975;977;945;970;2149;0
GCHE;D;20160121;000000;977;1060;957;1032;8846;0
GCHE;D;20160122;000000;1039;1100;1020;1042;3124;0
GCHE;D;20160125;000000;1056;1078;1032;1065;381;0
GCHE;D;20160126;000000;1049;1074;1049;1060;540;0
GCHE;D;20160127;000000;1068;1075;1051;1058;444;0
GCHE;D;20160128;000000;1065;1351;1061;1098;3277;0
GCHE;D;20160129;000000;1113;1158;1085;1091;2645;0
GCHE;D;20160201;000000;1086;1094;1071;1080;2809;0
GCHE;D;20160202;000000;1077;1080;1044;1079;1047;0
GCHE;D;20160203;000000;1079;1097;1060;1076;1620;0
GCHE;D;20160204;000000;1079;1086;1030;1070;2455;0
GCHE;D;20160205;000000;1071;1081;1036;1054;2508;0
GCHE;D;20160208;000000;1063;1063;1033;1042;754;0
GCHE;D;20160209;000000;1033;1043;1011;1014;1659;0
GCHE;D;20160210;000000;1007;1018;992;1010;1557;0
GCHE;D;20160211;000000;1010;1030;999;1015;3813;0
GCHE;D;20160212;000000;1020;1048;1011;1045;537;0
GCHE;D;20160215;000000;1053;1070;1031;1050;1475;0
GCHE;D;20160216;000000;1054;1083;1047;1054;828;0
GCHE;D;20160217;000000;1055;1055;1031;1035;565;0
GCHE;D;20160218;000000;1027;1048;1011;1022;2799;0
GCHE;D;20160219;000000;1015;1032;1011;1032;309;0
GCHE;D;20160220;000000;1023;1045;1023;1039;203;0
GCHE;D;20160222;000000;1039;1040;1022;1022;1753;0
GCHE;D;20160224;000000;1038;1040;1009;1018;2296;0
GCHE;D;20160225;000000;1018;1028;1016;1022;248;0
GCHE;D;20160226;000000;1023;1030;1002;1025;5697;0
GCHE;D;20160229;000000;1025;1036;1005;1016;1580;0
GCHE;D;20160301;000000;1019;1038;1005;1024;5044;0
GCHE;D;20160302;000000;1014;1040;1003;1007;6245;0
GCHE;D;20160303;000000;1009;1018;1003;1005;2387;0
GCHE;D;20160304;000000;1005;1005;985;991;8943;0
GCHE;D;20160307;000000;993;996;975;980;3210;0
GCHE;D;20160309;000000;984;999;970;971;9234;0
GCHE;D;20160310;000000;982;987;959;965;7144;0
GCHE;D;20160311;000000;972;985;961;985;6300;0
GCHE;D;20160314;000000;986;986;959;964;6713;0
GCHE;D;20160315;000000;964;978;960;961;8182;0
GCHE;D;20160316;000000;963;970;951;955;7582;0
GCHE;D;20160317;000000;950;969;922;925;16374;0
GCHE;D;20160318;000000;927;931;907;912;5844;0
GCHE;D;20160321;000000;913;940;907;934;3171;0
GCHE;D;20160322;000000;933;989;910;921;6012;0
GCHE;D;20160323;000000;924;926;911;917;2783;0
GCHE;D;20160324;000000;914;921;912;915;1639;0
GCHE;D;20160325;000000;924;924;912;918;1082;0
GCHE;D;20160328;000000;914;923;910;923;6885;0
GCHE;D;20160329;000000;922;935;919;930;2872;0
GCHE;D;20160330;000000;930;940;912;926;3343;0
GCHE;D;20160331;000000;925;939;921;928;1212;0
GCHE;D;20160401;000000;929;935;920;928;1044;0
GCHE;D;20160404;000000;924;933;907;923;3002;0
GCHE;D;20160405;000000;928;928;919;926;955;0
GCHE;D;20160406;000000;928;933;924;930;1050;0
GCHE;D;20160407;000000;934;934;916;928;1211;0
GCHE;D;20160408;000000;928;931;920;924;615;0
GCHE;D;20160411;000000;923;930;923;925;1376;0
GCHE;D;20160412;000000;925;935;916;923;2314;0
GCHE;D;20160413;000000;927;928;917;924;1596;0
GCHE;D;20160414;000000;925;927;921;923;1059;0
GCHE;D;20160415;000000;923;925;914;919;3783;0
GCHE;D;20160418;000000;919;922;915;922;1036;0
GCHE;D;20160419;000000;922;930;912;922;2022;0
GCHE;D;20160420;000000;922;923;915;919;3597;0
GCHE;D;20160421;000000;923;923;909;916;1601;0
GCHE;D;20160422;000000;916;918;912;918;2849;0
GCHE;D;20160425;000000;916;925;916;923;1790;0
GCHE;D;20160426;000000;928;928;918;923;520;0
GCHE;D;20160427;000000;920;924;915;920;1275;0
GCHE;D;20160428;000000;904;917;902;915;1467;0
GCHE;D;20160429;000000;910;911;888;898;4555;0
GCHE;D;20160504;000000;906;906;889;898;2580;0
GCHE;D;20160505;000000;899;909;892;902;1893;0
GCHE;D;20160506;000000;905;912;885;902;1820;0
GCHE;D;20160510;000000;900;915;898;914;1060;0
GCHE;D;20160511;000000;913;917;911;915;990;0
GCHE;D;20160512;000000;911;915;905;915;2993;0
GCHE;D;20160513;000000;915;923;906;923;2388;0
GCHE;D;20160516;000000;918;928;897;922;1792;0
GCHE;D;20160517;000000;925;925;915;924;4299;0
GCHE;D;20160518;000000;925;927;904;910;1798;0
GCHE;D;20160519;000000;904;909;903;908;572;0
GCHE;D;20160520;000000;909;909;901;905;1015;0
GCHE;D;20160523;000000;909;912;901;905;721;0
GCHE;D;20160524;000000;908;910;893;899;1500;0
GCHE;D;20160525;000000;902;905;896;897;1274;0
GCHE;D;20160526;000000;898;900;870;882;3745;0
GCHE;D;20160527;000000;871;895;871;892;928;0
GCHE;D;20160530;000000;889;900;880;896;1181;0
GCHE;D;20160531;000000;898;898;881;881;283;0
GCHE;D;20160601;000000;880;909;871;900;7021;0
GCHE;D;20160602;000000;898;913;898;903;890;0
GCHE;D;20160603;000000;903;909;900;900;2974;0
GCHE;D;20160606;000000;910;910;898;900;503;0
GCHE;D;20160607;000000;898;909;898;900;507;0
GCHE;D;20160608;000000;902;909;897;904;3268;0
GCHE;D;20160609;000000;906;908;899;904;959;0
GCHE;D;20160610;000000;907;907;899;900;5409;0
GCHE;D;20160614;000000;906;907;897;902;11593;0
GCHE;D;20160615;000000;901;907;887;887;781;0
GCHE;D;20160616;000000;893;899;875;880;422;0
GCHE;D;20160617;000000;885;889;870;879;652;0
GCHE;D;20160620;000000;881;885;874;884;587;0
GCHE;D;20160621;000000;883;890;860;869;1745;0
GCHE;D;20160622;000000;870;875;861;865;586;0
GCHE;D;20160623;000000;866;875;859;872;692;0
GCHE;D;20160624;000000;866;874;851;871;633;0
GCHE;D;20160627;000000;875;875;858;869;614;0
GCHE;D;20160628;000000;869;870;859;868;491;0
GCHE;D;20160629;000000;863;872;850;860;1452;0
GCHE;D;20160630;000000;857;866;850;862;1901;0
GCHE;D;20160701;000000;869;871;856;859;756;0
GCHE;D;20160704;000000;855;864;851;857;675;0
GCHE;D;20160705;000000;858;864;851;862;968;0
GCHE;D;20160706;000000;862;865;854;860;204;0
GCHE;D;20160707;000000;864;865;849;850;2173;0
GCHE;D;20160708;000000;854;854;841;844;626;0
GCHE;D;20160711;000000;853;859;844;858;879;0
GCHE;D;20160712;000000;859;863;849;849;2935;0
GCHE;D;20160713;000000;844;852;844;849;205;0
GCHE;D;20160714;000000;852;852;839;840;1133;0
GCHE;D;20160715;000000;843;849;835;835;816;0
GCHE;D;20160718;000000;841;847;835;837;288;0
GCHE;D;20160719;000000;840;843;829;830;1874;0
GCHE;D;20160720;000000;835;835;806;810;3233;0
GCHE;D;20160721;000000;814;820;808;817;999;0
GCHE;D;20160722;000000;820;826;810;826;1161;0
GCHE;D;20160725;000000;826;832;824;825;649;0
GCHE;D;20160726;000000;834;840;819;835;1512;0
GCHE;D;20160727;000000;838;850;838;849;675;0
GCHE;D;20160728;000000;850;884;845;873;2466;0
GCHE;D;20160729;000000;871;874;864;869;2052;0
GCHE;D;20160801;000000;873;873;852;867;888;0
GCHE;D;20160802;000000;868;868;836;847;2109;0
GCHE;D;20160803;000000;854;857;846;850;801;0
GCHE;D;20160804;000000;854;859;845;857;775;0
GCHE;D;20160805;000000;859;859;835;844;3501;0
GCHE;D;20160808;000000;843;847;827;839;13429;0
GCHE;D;20160809;000000;843;850;829;847;1934;0
GCHE;D;20160810;000000;842;846;822;835;5111;0
GCHE;D;20160811;000000;838;842;831;837;1517;0
GCHE;D;20160812;000000;835;852;826;846;18559;0
GCHE;D;20160815;000000;847;855;832;852;1863;0
GCHE;D;20160816;000000;852;853;830;842;3889;0
GCHE;D;20160817;000000;844;844;830;839;1200;0
GCHE;D;20160818;000000;841;848;837;845;993;0
GCHE;D;20160819;000000;839;844;835;842;629;0
GCHE;D;20160822;000000;846;850;831;844;2054;0
GCHE;D;20160823;000000;844;851;838;845;1894;0
GCHE;D;20160824;000000;851;852;832;836;1975;0
GCHE;D;20160825;000000;840;840;822;826;2956;0
GCHE;D;20160826;000000;833;833;814;830;1244;0
GCHE;D;20160829;000000;832;833;820;827;482;0
GCHE;D;20160830;000000;833;833;820;828;583;0
GCHE;D;20160831;000000;831;836;825;832;1011;0
GCHE;D;20160901;000000;837;837;811;831;3456;0
GCHE;D;20160902;000000;834;843;818;840;2430;0
GCHE;D;20160905;000000;844;846;833;845;724;0
GCHE;D;20160906;000000;846;846;830;833;2810;0
GCHE;D;20160907;000000;834;846;825;830;1663;0
GCHE;D;20160908;000000;840;844;823;832;3792;0
GCHE;D;20160909;000000;835;838;803;818;7992;0
GCHE;D;20160912;000000;820;820;808;815;586;0
GCHE;D;20160913;000000;815;821;814;817;2186;0
GCHE;D;20160914;000000;816;819;813;818;346;0
GCHE;D;20160915;000000;819;825;814;825;1003;0
GCHE;D;20160916;000000;823;828;816;824;534;0
GCHE;D;20160919;000000;818;823;815;819;949;0
GCHE;D;20160920;000000;818;819;800;803;2126;0
GCHE;D;20160921;000000;806;806;784;791;1950;0
GCHE;D;20160922;000000;792;797;780;795;1468;0
GCHE;D;20160923;000000;795;797;779;788;2030;0
GCHE;D;20160926;000000;785;787;778;780;1144;0
GCHE;D;20160927;000000;784;785;774;777;927;0
GCHE;D;20160928;000000;780;783;775;778;823;0
GCHE;D;20160929;000000;779;799;779;788;1058;0
GCHE;D;20160930;000000;788;789;783;785;691;0
GCHE;D;20161003;000000;791;805;762;773;2712;0
GCHE;D;20161004;000000;773;773;756;762;1051;0
GCHE;D;20161005;000000;764;785;761;779;2421;0
GCHE;D;20161006;000000;779;788;757;766;2060;0
GCHE;D;20161007;000000;771;771;759;763;736;0
GCHE;D;20161010;000000;774;774;751;762;3357;0
GCHE;D;20161011;000000;763;766;745;750;2291;0
GCHE;D;20161012;000000;750;763;745;750;533;0
GCHE;D;20161013;000000;751;770;751;756;1919;0
GCHE;D;20161014;000000;756;764;740;764;868;0
GCHE;D;20161017;000000;762;762;748;757;1450;0
GCHE;D;20161018;000000;764;764;751;756;226;0
GCHE;D;20161019;000000;757;757;737;750;2384;0
GCHE;D;20161020;000000;759;768;746;748;236;0
GCHE;D;20161021;000000;748;758;733;744;810;0
GCHE;D;20161024;000000;742;759;735;738;608;0
GCHE;D;20161025;000000;740;760;735;741;2668;0
GCHE;D;20161026;000000;748;748;737;741;555;0
GCHE;D;20161027;000000;732;750;732;744;652;0
GCHE;D;20161028;000000;741;750;736;749;901;0
GCHE;D;20161031;000000;754;755;742;745;1530;0
GCHE;D;20161101;000000;744;754;744;753;3564;0
GCHE;D;20161102;000000;757;763;753;759;468;0
GCHE;D;20161103;000000;766;772;760;770;774;0
GCHE;D;20161107;000000;756;782;756;771;1987;0
GCHE;D;20161108;000000;766;780;756;768;1241;0
GCHE;D;20161109;000000;758;775;751;771;860;0
GCHE;D;20161110;000000;775;780;760;766;2604;0
GCHE;D;20161111;000000;757;789;757;787;14436;0
GCHE;D;20161114;000000;788;794;780;791;650;0
GCHE;D;20161115;000000;790;799;785;790;455;0
GCHE;D;20161116;000000;792;793;780;780;1164;0
GCHE;D;20161117;000000;782;788;772;787;1760;0
GCHE;D;20161118;000000;794;794;777;779;739;0
GCHE;D;20161121;000000;780;790;778;790;727;0
GCHE;D;20161122;000000;790;790;772;772;1239;0
GCHE;D;20161123;000000;772;782;766;773;3804;0
GCHE;D;20161124;000000;774;774;767;767;711;0
GCHE;D;20161125;000000;769;770;750;760;4869;0
GCHE;D;20161128;000000;762;775;751;760;1082;0
GCHE;D;20161129;000000;760;767;747;762;1360;0
GCHE;D;20161130;000000;767;780;759;767;1072;0
GCHE;D;20161201;000000;769;771;753;758;2249;0
GCHE;D;20161202;000000;757;757;750;753;1801;0
GCHE;D;20161205;000000;759;759;750;751;1572;0
GCHE;D;20161206;000000;755;768;751;762;2082;0
GCHE;D;20161207;000000;765;770;759;765;577;0
GCHE;D;20161208;000000;760;770;759;765;706;0
GCHE;D;20161209;000000;771;775;762;773;3343;0
GCHE;D;20161212;000000;772;772;762;766;792;0
GCHE;D;20161213;000000;769;777;735;748;12416;0
GCHE;D;20161214;000000;755;758;741;750;2686;0
GCHE;D;20161215;000000;752;775;743;745;5927;0
GCHE;D;20161216;000000;750;767;750;764;2502;0
GCHE;D;20161219;000000;764;774;761;770;3261;0
GCHE;D;20161220;000000;773;780;766;768;1662;0
GCHE;D;20161221;000000;767;786;760;777;3120;0
GCHE;D;20161222;000000;782;785;769;774;1789;0
GCHE;D;20161223;000000;774;792;770;790;2861;0
GCHE;D;20161226;000000;793;793;774;778;1017;0
GCHE;D;20161227;000000;780;784;764;768;3898;0
GCHE;D;20161228;000000;764;774;760;760;1637;0
GCHE;D;20161229;000000;766;767;763;765;252;0
GCHE;D;20161230;000000;766;774;764;773;2696;0
GCHE;D;20170103;000000;769;772;764;771;1123;0
GCHE;D;20170104;000000;771;771;763;769;856;0
GCHE;D;20170105;000000;766;773;765;771;1110;0
GCHE;D;20170106;000000;766;770;765;770;864;0
GCHE;D;20170109;000000;769;780;768;779;1351;0
GCHE;D;20170110;000000;776;791;770;770;6531;0
GCHE;D;20170111;000000;774;792;769;780;4848;0
GCHE;D;20170112;000000;780;792;779;788;2276;0
GCHE;D;20170113;000000;792;816;792;811;8513;0
GCHE;D;20170116;000000;811;823;811;821;2145;0
GCHE;D;20170117;000000;822;829;820;823;2858;0
GCHE;D;20170118;000000;827;832;816;819;2884;0
GCHE;D;20170119;000000;820;820;807;812;1626;0
GCHE;D;20170120;000000;806;818;806;815;1722;0
GCHE;D;20170123;000000;816;816;808;809;1066;0
GCHE;D;20170124;000000;808;819;808;816;1408;0
GCHE;D;20170125;000000;812;820;810;810;1970;0
GCHE;D;20170126;000000;815;827;815;821;1767;0
GCHE;D;20170127;000000;824;824;817;821;1728;0
GCHE;D;20170130;000000;825;829;819;823;4298;0
GCHE;D;20170131;000000;818;827;818;827;4336;0
GCHE;D;20170201;000000;825;838;823;831;1906;0
GCHE;D;20170202;000000;839;845;832;835;2687;0
GCHE;D;20170203;000000;835;849;832;840;2346;0
GCHE;D;20170206;000000;843;848;842;842;649;0
GCHE;D;20170207;000000;840;848;840;845;1072;0
GCHE;D;20170208;000000;845;850;842;845;1008;0
GCHE;D;20170209;000000;830;850;830;843;2466;0
GCHE;D;20170210;000000;848;850;842;843;614;0
GCHE;D;20170213;000000;843;848;842;842;750;0
GCHE;D;20170214;000000;841;844;826;826;3345;0
GCHE;D;20170215;000000;828;828;815;825;2880;0
GCHE;D;20170216;000000;822;827;822;824;241;0
GCHE;D;20170217;000000;824;827;821;827;879;0
GCHE;D;20170220;000000;828;890;822;888;6497;0
GCHE;D;20170221;000000;888;888;853;853;3879;0
GCHE;D;20170222;000000;864;868;855;862;2614;0
GCHE;D;20170224;000000;862;864;856;857;395;0
GCHE;D;20170227;000000;860;890;851;871;4353;0
GCHE;D;20170228;000000;875;876;844;848;4260;0
GCHE;D;20170301;000000;844;864;844;851;3870;0
GCHE;D;20170302;000000;850;861;841;856;5485;0
GCHE;D;20170303;000000;855;862;850;851;4883;0
GCHE;D;20170306;000000;851;859;851;858;455;0
GCHE;D;20170307;000000;856;869;856;861;3925;0
GCHE;D;20170309;000000;861;861;825;830;4695;0
GCHE;D;20170310;000000;837;870;828;854;13000;0
GCHE;D;20170313;000000;852;853;843;847;542;0
GCHE;D;20170314;000000;847;852;836;837;6188;0
GCHE;D;20170315;000000;842;843;831;836;873;0
GCHE;D;20170316;000000;836;847;833;839;1981;0
GCHE;D;20170317;000000;838;842;837;842;409;0
GCHE;D;20170320;000000;843;846;838;844;2395;0
GCHE;D;20170321;000000;840;845;835;843;1894;0
GCHE;D;20170322;000000;844;844;832;838;49251;0
GCHE;D;20170323;000000;838;841;835;837;619;0
GCHE;D;20170324;000000;841;845;839;843;1959;0
GCHE;D;20170327;000000;841;844;834;835;1893;0
GCHE;D;20170328;000000;840;843;838;843;711;0
GCHE;D;20170329;000000;842;874;838;863;7424;0
GCHE;D;20170330;000000;861;861;851;851;3707;0
GCHE;D;20170331;000000;852;854;847;847;782;0
GCHE;D;20170403;000000;851;852;842;845;1621;0
GCHE;D;20170404;000000;841;843;838;840;1630;0
GCHE;D;20170405;000000;843;844;836;838;279;0
GCHE;D;20170406;000000;841;841;836;839;92;0
GCHE;D;20170407;000000;842;897;835;865;12695;0
GCHE;D;20170410;000000;874;885;866;872;3434;0
GCHE;D;20170411;000000;876;883;876;879;221;0
GCHE;D;20170412;000000;879;884;877;884;1565;0
GCHE;D;20170413;000000;897;938;878;922;12562;0
GCHE;D;20170414;000000;911;930;889;924;4036;0
GCHE;D;20170417;000000;911;925;911;920;3206;0
GCHE;D;20170418;000000;921;1008;919;1000;18175;0
GCHE;D;20170419;000000;1000;1137;1000;1110;32742;0
GCHE;D;20170420;000000;1137;1260;1100;1250;20289;0
GCHE;D;20170421;000000;1335;1335;1211;1289;14315;0
GCHE;D;20170424;000000;1289;1300;1249;1260;4124;0
GCHE;D;20170425;000000;1250;1254;1050;1189;3832;0
GCHE;D;20170426;000000;1103;1210;1103;1148;3153;0
GCHE;D;20170427;000000;1103;1137;995;1000;6882;0
GCHE;D;20170428;000000;1001;1042;961;1015;11861;0
GCHE;D;20170502;000000;1028;1039;1000;1000;1593;0
GCHE;D;20170503;000000;1034;1089;1000;1079;1312;0
GCHE;D;20170504;000000;1069;1125;1020;1109;4006;0
GCHE;D;20170505;000000;1096;1149;1015;1108;2167;0
GCHE;D;20170510;000000;1099;1158;1090;1140;1488;0
GCHE;D;20170511;000000;1155;1218;1102;1200;12385;0
GCHE;D;20170512;000000;1200;1205;1125;1176;7729;0
GCHE;D;20170515;000000;1175;1175;1092;1170;563;0
GCHE;D;20170516;000000;1152;1170;1110;1162;454;0
GCHE;D;20170517;000000;1162;1195;1149;1164;2016;0
GCHE;D;20170518;000000;1156;1159;1119;1151;4071;0
GCHE;D;20170519;000000;1169;1205;1150;1200;34818;0
GCHE;D;20170522;000000;1195;1248;1195;1209;4455;0
GCHE;D;20170523;000000;1300;1305;1206;1237;3692;0
GCHE;D;20170524;000000;1225;1225;1211;1218;1126;0
GCHE;D;20170525;000000;1219;1258;1209;1242;1282;0
GCHE;D;20170526;000000;1226;1240;1201;1223;531;0
GCHE;D;20170529;000000;1213;1237;1200;1200;380;0
GCHE;D;20170530;000000;1199;1242;1160;1240;12455;0
GCHE;D;20170531;000000;1240;1260;1167;1248;22386;0
GCHE;D;20170601;000000;1248;1277;1191;1228;5570;0
GCHE;D;20170602;000000;1240;1257;1240;1240;913;0
GCHE;D;20170605;000000;1250;1250;1240;1240;372;0
GCHE;D;20170606;000000;1274;1289;1240;1244;182;0
GCHE;D;20170607;000000;1245;1245;1230;1239;884;0
GCHE;D;20170608;000000;1235;1240;1202;1234;501;0
GCHE;D;20170609;000000;1211;1255;1202;1232;120;0
GCHE;D;20170613;000000;1230;1232;1204;1221;1212;0
GCHE;D;20170614;000000;1240;1240;1210;1210;270;0
GCHE;D;20170615;000000;1183;1275;1172;1240;6747;0
GCHE;D;20170616;000000;1238;1238;1201;1201;5799;0
GCHE;D;20170619;000000;1212;1300;1201;1260;664;0
GCHE;D;20170620;000000;1299;1300;1245;1266;179;0
GCHE;D;20170621;000000;1297;1297;1268;1268;44;0
GCHE;D;20170622;000000;1267;1269;1247;1269;89;0
GCHE;D;20170623;000000;1299;1299;1225;1227;109;0
GCHE;D;20170626;000000;1253;1260;1232;1240;310;0
GCHE;D;20170627;000000;1251;1259;1227;1250;2785;0
GCHE;D;20170628;000000;1251;1314;1250;1301;2356;0
GCHE;D;20170629;000000;1322;1350;1320;1335;952;0
GCHE;D;20170630;000000;1334;1418;1334;1341;7626;0
GCHE;D;20170703;000000;1364;1370;1304;1335;64;0
GCHE;D;20170704;000000;1342;1342;1339;1339;83;0
GCHE;D;20170705;000000;1330;1330;1310;1326;220;0
GCHE;D;20170706;000000;1302;1310;1300;1301;455;0
GCHE;D;20170707;000000;1310;1310;974;1289;1179;0
GCHE;D;20170710;000000;1289;1337;1289;1310;603;0
GCHE;D;20170711;000000;1321;1321;1302;1307;26;0
GCHE;D;20170712;000000;1267;1288;1242;1245;1814;0
GCHE;D;20170713;000000;1237;1237;1187;1220;3313;0
GCHE;D;20170714;000000;1220;1223;1201;1216;760;0
GCHE;D;20170717;000000;1227;1228;1167;1222;835;0
GCHE;D;20170718;000000;1220;1220;1214;1215;823;0
GCHE;D;20170719;000000;1216;1300;1210;1248;13027;0
GCHE;D;20170720;000000;1261;1263;1258;1259;22;0
GCHE;D;20170721;000000;1266;1294;1248;1248;910;0
GCHE;D;20170724;000000;1244;1244;1220;1233;272;0
GCHE;D;20170725;000000;1231;1238;1227;1230;1642;0
GCHE;D;20170726;000000;1234;1249;1233;1248;208;0
GCHE;D;20170727;000000;1251;1263;1244;1249;84;0
GCHE;D;20170728;000000;1275;1275;1240;1245;284;0
GCHE;D;20170731;000000;1269;1274;1245;1245;227;0
GCHE;D;20170801;000000;1260;1265;1245;1245;125;0
GCHE;D;20170802;000000;1245;1257;1245;1245;255;0
GCHE;D;20170803;000000;1243;1251;1243;1250;3735;0
GCHE;D;20170804;000000;1259;1259;1250;1250;193;0
GCHE;D;20170807;000000;1253;1259;1251;1251;566;0
GCHE;D;20170808;000000;1251;1255;1251;1254;9966;0
GCHE;D;20170809;000000;1259;1267;1225;1248;667;0
GCHE;D;20170810;000000;1269;1269;1249;1269;285;0
GCHE;D;20170811;000000;1280;1280;1245;1254;287;0
GCHE;D;20170814;000000;1251;1259;1245;1259;658;0
GCHE;D;20170815;000000;1249;1271;1249;1265;7093;0
GCHE;D;20170816;000000;1282;1292;1265;1285;281;0
GCHE;D;20170817;000000;1269;1281;1265;1278;908;0
GCHE;D;20170818;000000;1278;1279;1265;1269;313;0
GCHE;D;20170821;000000;1267;1272;1245;1254;2897;0
GCHE;D;20170822;000000;1265;1270;1251;1270;888;0
GCHE;D;20170823;000000;1257;1300;1255;1275;2181;0
GCHE;D;20170824;000000;1298;1298;1276;1280;545;0
GCHE;D;20170825;000000;1289;1289;1280;1280;123;0
GCHE;D;20170828;000000;1253;1298;1066;1290;983;0
GCHE;D;20170829;000000;1290;1295;1276;1289;1686;0
GCHE;D;20170830;000000;1289;1295;1280;1287;481;0
GCHE;D;20170831;000000;1277;1285;1269;1275;1283;0
GCHE;D;20170901;000000;1283;1289;1277;1283;78;0
GCHE;D;20170904;000000;1264;1290;1218;1280;549;0
GCHE;D;20170905;000000;1278;1330;1278;1317;1316;0
GCHE;D;20170906;000000;1311;1330;1305;1330;22284;0
GCHE;D;20170907;000000;1329;1329;1310;1315;808;0
GCHE;D;20170908;000000;1320;1320;1302;1317;1007;0
GCHE;D;20170911;000000;1315;1326;1310;1320;1714;0
GCHE;D;20170912;000000;1328;1329;1315;1322;834;0
GCHE;D;20170913;000000;1326;1326;1289;1294;9159;0
GCHE;D;20170914;000000;1299;1299;1287;1290;2026;0
GCHE;D;20170915;000000;1287;1289;1285;1288;546;0
GCHE;D;20170918;000000;1288;1298;1288;1295;8870;0
GCHE;D;20170919;000000;1294;1294;1292;1292;259;0
GCHE;D;20170920;000000;1295;1295;1290;1292;1079;0
GCHE;D;20170921;000000;1291;1295;1275;1282;991;0
GCHE;D;20170922;000000;1282;1290;1281;1281;469;0
GCHE;D;20170925;000000;1288;1298;1284;1295;2937;0
GCHE;D;20170926;000000;1295;1299;1280;1290;2290;0
GCHE;D;20170927;000000;1286;1290;1275;1278;549;0
GCHE;D;20170928;000000;1278;1300;1278;1298;1507;0
GCHE;D;20170929;000000;1301;1309;1298;1309;2054;0
GCHE;D;20171002;000000;1308;1328;1308;1325;2822;0
GCHE;D;20171003;000000;1330;1349;1330;1342;1055;0
GCHE;D;20171004;000000;1349;1404;1335;1359;3572;0
GCHE;D;20171005;000000;1330;1347;1270;1313;6434;0
GCHE;D;20171006;000000;1298;1298;1279;1286;1130;0
GCHE;D;20171009;000000;1160;1294;1160;1289;2417;0
GCHE;D;20171010;000000;1299;1299;1252;1281;295;0
GCHE;D;20171011;000000;1276;1284;1264;1272;820;0
GCHE;D;20171012;000000;1272;1281;1246;1251;511;0
GCHE;D;20171013;000000;1253;1253;1206;1214;1443;0
GCHE;D;20171016;000000;1225;1281;1218;1228;1082;0
GCHE;D;20171017;000000;1228;1228;1218;1221;68;0
GCHE;D;20171018;000000;1216;1236;1216;1229;292;0
GCHE;D;20171019;000000;1227;1234;1197;1214;205;0
GCHE;D;20171020;000000;1220;1233;1219;1229;389;0
GCHE;D;20171023;000000;1226;1228;1215;1224;316;0
GCHE;D;20171024;000000;1231;1231;1196;1212;246;0
GCHE;D;20171025;000000;1216;1216;1195;1205;117;0
GCHE;D;20171026;000000;1181;1234;1181;1216;477;0
GCHE;D;20171027;000000;1226;1230;1201;1230;668;0
GCHE;D;20171030;000000;1217;1227;1205;1222;487;0
GCHE;D;20171031;000000;1212;1224;1201;1213;391;0
GCHE;D;20171101;000000;1210;1210;1185;1185;292;0
GCHE;D;20171102;000000;1200;1200;1139;1166;633;0
GCHE;D;20171103;000000;1165;1177;1165;1173;116;0
GCHE;D;20171107;000000;1179;1183;1170;1183;325;0
GCHE;D;20171108;000000;1183;1190;1176;1178;56;0
GCHE;D;20171109;000000;1188;1188;1169;1170;192;0
GCHE;D;20171110;000000;1164;1173;1163;1163;85;0
GCHE;D;20171113;000000;1173;1180;1164;1180;243;0
GCHE;D;20171114;000000;1185;1185;1170;1170;245;0
GCHE;D;20171115;000000;1184;1200;1175;1180;1578;0
GCHE;D;20171116;000000;1176;1176;1157;1170;710;0
GCHE;D;20171117;000000;1174;1175;1165;1170;179;0
GCHE;D;20171120;000000;1180;1180;1168;1172;177;0
GCHE;D;20171121;000000;1173;1173;1139;1153;402;0
GCHE;D;20171122;000000;1162;1162;1154;1157;127;0
GCHE;D;20171123;000000;1140;1164;1117;1164;394;0
GCHE;D;20171124;000000;1167;1186;1162;1174;973;0
GCHE;D;20171127;000000;1166;1188;1166;1188;79;0
GCHE;D;20171128;000000;1181;1239;1179;1235;558;0
GCHE;D;20171129;000000;1235;1235;1209;1228;132;0
GCHE;D;20171130;000000;1240;1240;1208;1208;101;0
GCHE;D;20171201;000000;1207;1233;1201;1225;49;0
GCHE;D;20171204;000000;1226;1226;1200;1214;388;0
GCHE;D;20171205;000000;1196;1204;1129;1174;205;0
GCHE;D;20171206;000000;1142;1185;1120;1185;316;0
GCHE;D;20171207;000000;1193;1193;1152;1180;65;0
GCHE;D;20171208;000000;1130;1199;1130;1167;76;0
GCHE;D;20171211;000000;1221;1221;1152;1161;133;0
GCHE;D;20171212;000000;1203;1203;1153;1162;21;0
GCHE;D;20171213;000000;1205;1242;1180;1212;2800;0
GCHE;D;20171214;000000;1236;1254;1200;1219;400;0
GCHE;D;20171215;000000;1205;1217;1130;1199;1305;0
GCHE;D;20171218;000000;1218;1255;1081;1145;1063;0
GCHE;D;20171219;000000;1139;1153;1125;1150;534;0
GCHE;D;20171220;000000;1153;1157;1112;1137;205;0
GCHE;D;20171221;000000;1137;1141;1126;1141;55;0
GCHE;D;20171222;000000;1140;1140;1123;1134;80;0
GCHE;D;20171225;000000;1134;1184;1132;1154;497;0
GCHE;D;20171226;000000;1172;1172;1160;1160;5;0
GCHE;D;20171227;000000;1148;1155;1116;1120;225;0
GCHE;D;20171228;000000;1137;1150;1116;1116;272;0
GCHE;D;20171229;000000;1122;1122;1114;1117;184;0
GCHE;D;20180103;000000;1144;1144;1105;1110;152;0
GCHE;D;20180104;000000;1111;1111;1065;1087;275;0
GCHE;D;20180105;000000;1100;1127;1069;1108;292;0
GCHE;D;20180109;000000;1099;1376;1080;1328;5407;0
GCHE;D;20180110;000000;1315;1315;1122;1171;2803;0
GCHE;D;20180111;000000;1153;1171;1148;1168;271;0
GCHE;D;20180112;000000;1161;1161;1100;1105;2859;0
GCHE;D;20180115;000000;1105;1116;1101;1110;393;0
GCHE;D;20180116;000000;1106;1117;1105;1111;182;0
GCHE;D;20180117;000000;1104;1148;1104;1148;1346;0
GCHE;D;20180118;000000;1148;1154;1125;1134;88;0
GCHE;D;20180119;000000;1126;1127;1110;1124;223;0
GCHE;D;20180122;000000;1141;1141;1103;1122;831;0
GCHE;D;20180123;000000;1123;1123;1098;1110;951;0
GCHE;D;20180124;000000;1106;1113;1100;1113;197;0
GCHE;D;20180125;000000;1123;1142;1105;1107;500;0
GCHE;D;20180126;000000;1131;1132;1096;1107;102;0
GCHE;D;20180129;000000;1105;1107;1099;1103;144;0
GCHE;D;20180130;000000;1110;1114;1088;1114;326;0
GCHE;D;20180131;000000;1102;1135;1094;1129;334;0
GCHE;D;20180201;000000;1125;1160;1125;1140;203;0
GCHE;D;20180202;000000;1150;1150;1075;1110;785;0
GCHE;D;20180205;000000;1090;1120;1090;1105;544;0
GCHE;D;20180206;000000;1085;1095;1000;1090;1049;0
GCHE;D;20180207;000000;1085;1125;1070;1125;980;0
GCHE;D;20180208;000000;1125;1150;1110;1120;928;0
GCHE;D;20180209;000000;1150;1160;1100;1105;667;0
GCHE;D;20180212;000000;1120;1190;1110;1185;701;0
GCHE;D;20180213;000000;1165;1190;1160;1180;911;0
GCHE;D;20180214;000000;1155;1195;1155;1180;888;0
GCHE;D;20180215;000000;1165;1240;1155;1210;2705;0
GCHE;D;20180216;000000;1240;1250;1160;1195;2099;0
GCHE;D;20180219;000000;1200;1225;1195;1210;957;0
GCHE;D;20180220;000000;1220;1245;1195;1235;511;0
GCHE;D;20180221;000000;1235;1265;1220;1250;671;0
GCHE;D;20180222;000000;1250;1295;1250;1285;867;0
GCHE;D;20180226;000000;1300;1315;1285;1285;2282;0
GCHE;D;20180227;000000;1285;1300;1270;1300;279;0
GCHE;D;20180228;000000;1300;1300;1270;1285;165;0
GCHE;D;20180301;000000;1280;1285;1240;1280;518;0
GCHE;D;20180302;000000;1280;1280;1255;1270;264;0
GCHE;D;20180305;000000;1280;1305;1265;1295;2039;0
GCHE;D;20180306;000000;1295;1295;1270;1290;287;0
GCHE;D;20180307;000000;1310;1310;1260;1280;396;0
GCHE;D;20180309;000000;1280;1295;1270;1285;285;0
GCHE;D;20180312;000000;1300;1300;1280;1290;1710;0
GCHE;D;20180313;000000;1290;1295;1285;1295;4090;0
GCHE;D;20180314;000000;1290;1295;1280;1285;2118;0
GCHE;D;20180315;000000;1300;1300;1275;1280;897;0
GCHE;D;20180316;000000;1290;1300;1270;1285;732;0
GCHE;D;20180319;000000;1290;1300;1285;1285;1230;0
GCHE;D;20180320;000000;1280;1290;1280;1280;827;0
GCHE;D;20180321;000000;1285;1285;1280;1280;1088;0
GCHE;D;20180322;000000;1290;1310;1280;1290;1979;0
GCHE;D;20180323;000000;1305;1305;1295;1300;1578;0
GCHE;D;20180326;000000;1310;1315;1275;1300;4927;0
GCHE;D;20180327;000000;1300;1300;1290;1295;1396;0
GCHE;D;20180328;000000;1300;1300;1285;1295;3297;0
GCHE;D;20180329;000000;1300;1300;1280;1300;2326;0
GCHE;D;20180330;000000;1300;1315;1300;1310;4262;0
GCHE;D;20180402;000000;1200;1240;1190;1200;3096;0
GCHE;D;20180403;000000;1215;1220;1205;1215;2141;0
GCHE;D;20180404;000000;1215;1215;1190;1190;1198;0
GCHE;D;20180405;000000;1195;1205;1180;1205;1210;0
GCHE;D;20180406;000000;1210;1210;1190;1190;635;0
GCHE;D;20180409;000000;1185;1190;1070;1095;3626;0
GCHE;D;20180410;000000;1050;1110;1000;1065;2611;0
GCHE;D;20180411;000000;1075;1100;1050;1050;2174;0
GCHE;D;20180412;000000;1080;1100;1065;1080;424;0
GCHE;D;20180413;000000;1090;1100;1065;1075;1021;0
GCHE;D;20180416;000000;1080;1080;1040;1045;929;0
GCHE;D;20180417;000000;1055;1080;1050;1070;1790;0
GCHE;D;20180418;000000;1075;1090;1060;1090;477;0
GCHE;D;20180419;000000;1105;1105;1080;1090;702;0
GCHE;D;20180420;000000;1095;1100;1080;1095;270;0
GCHE;D;20180423;000000;1100;1100;1080;1090;1555;0
GCHE;D;20180424;000000;1085;1090;1035;1090;1341;0
GCHE;D;20180425;000000;1090;1095;1075;1080;983;0
GCHE;D;20180426;000000;1100;1105;950;1055;3982;0
GCHE;D;20180427;000000;1065;1085;1050;1080;3123;0
GCHE;D;20180428;000000;1090;1200;1080;1115;954;0
GCHE;D;20180430;000000;1130;1135;1120;1125;111;0
GCHE;D;20180502;000000;1125;1145;1105;1115;224;0
GCHE;D;20180503;000000;1125;1135;1105;1105;627;0
GCHE;D;20180504;000000;1105;1110;1095;1095;74;0
GCHE;D;20180507;000000;1100;1100;1080;1085;431;0
GCHE;D;20180508;000000;1080;1090;1080;1080;641;0
GCHE;D;20180510;000000;1080;1085;1080;1085;581;0
GCHE;D;20180511;000000;1085;1100;1080;1095;1046;0
GCHE;D;20180514;000000;1100;1135;1100;1100;1455;0
GCHE;D;20180515;000000;1110;1145;1095;1100;1914;0
GCHE;D;20180516;000000;1110;1125;1065;1085;470;0
GCHE;D;20180517;000000;1095;1125;1080;1120;779;0
GCHE;D;20180518;000000;1125;1135;1080;1100;408;0
GCHE;D;20180521;000000;1100;1100;1085;1085;291;0
GCHE;D;20180522;000000;1095;1095;1080;1085;61;0
GCHE;D;20180523;000000;1085;1085;1070;1075;400;0
GCHE;D;20180524;000000;1075;1085;1065;1085;556;0
GCHE;D;20180525;000000;1075;1085;1075;1075;496;0
GCHE;D;20180528;000000;1070;1085;1070;1080;476;0
GCHE;D;20180529;000000;1080;1095;1070;1080;581;0
GCHE;D;20180530;000000;1080;1080;1050;1070;483;0
GCHE;D;20180531;000000;1080;1120;1065;1070;226;0
GCHE;D;20180601;000000;1075;1080;1070;1070;301;0
GCHE;D;20180604;000000;1080;1080;1065;1080;399;0
GCHE;D;20180605;000000;1080;1080;1040;1070;272;0
GCHE;D;20180606;000000;1070;1075;1045;1060;594;0
GCHE;D;20180607;000000;1065;1075;1060;1060;129;0
GCHE;D;20180608;000000;1070;1080;1065;1065;834;0
GCHE;D;20180609;000000;1080;1085;1070;1070;56;0
GCHE;D;20180611;000000;1085;1085;1055;1070;69;0
GCHE;D;20180613;000000;1085;1085;1055;1065;116;0
GCHE;D;20180614;000000;1075;1075;1045;1045;324;0
GCHE;D;20180615;000000;1065;1070;1035;1070;258;0
GCHE;D;20180618;000000;1050;1070;1040;1060;459;0
GCHE;D;20180619;000000;1060;1060;1040;1040;309;0
GCHE;D;20180620;000000;1045;1050;1035;1040;5459;0
GCHE;D;20180621;000000;1045;1045;1025;1040;384;0
GCHE;D;20180622;000000;1045;1045;1020;1040;280;0
GCHE;D;20180625;000000;1045;1045;1015;1035;334;0
GCHE;D;20180626;000000;1040;1040;1030;1040;701;0
GCHE;D;20180627;000000;1045;1045;1035;1040;210;0
GCHE;D;20180628;000000;1040;1040;1030;1040;125;0
GCHE;D;20180629;000000;1040;1040;1025;1040;118;0
GCHE;D;20180702;000000;1045;1055;1035;1040;525;0
GCHE;D;20180703;000000;1045;1080;1040;1045;442;0
GCHE;D;20180704;000000;1045;1045;990;1035;280;0
GCHE;D;20180705;000000;1035;1050;1025;1045;585;0
GCHE;D;20180706;000000;1035;1050;1030;1050;334;0
GCHE;D;20180709;000000;1055;1080;1045;1055;539;0
GCHE;D;20180710;000000;1060;1070;1050;1060;563;0
GCHE;D;20180711;000000;1060;1070;1040;1055;539;0
GCHE;D;20180712;000000;1055;1070;1055;1055;244;0
GCHE;D;20180713;000000;1055;1060;1050;1050;189;0
GCHE;D;20180716;000000;1050;1095;1045;1055;1031;0
GCHE;D;20180717;000000;1065;1100;1065;1070;4721;0
GCHE;D;20180718;000000;1075;1245;1070;1130;2616;0
GCHE;D;20180719;000000;1140;1200;1070;1100;1191;0
GCHE;D;20180720;000000;1090;1105;1075;1080;136;0
GCHE;D;20180723;000000;1085;1100;1075;1085;86;0
GCHE;D;20180724;000000;1095;1120;1095;1120;303;0
GCHE;D;20180725;000000;1125;1185;1105;1125;1653;0
GCHE;D;20180726;000000;1140;1150;1120;1120;352;0
GCHE;D;20180727;000000;1120;1125;1105;1115;319;0
GCHE;D;20180730;000000;1115;1115;1085;1095;400;0
GCHE;D;20180731;000000;1100;1125;1080;1105;366;0
GCHE;D;20180801;000000;1115;1115;1095;1115;159;0
GCHE;D;20180802;000000;1100;1120;1085;1085;204;0
GCHE;D;20180803;000000;1100;1120;1085;1105;262;0
GCHE;D;20180806;000000;1120;1125;1105;1105;200;0
GCHE;D;20180807;000000;1120;1135;1105;1110;780;0
GCHE;D;20180808;000000;1105;1115;1090;1090;490;0
GCHE;D;20180809;000000;1110;1115;1075;1095;341;0
GCHE;D;20180810;000000;1085;1100;1075;1095;250;0
GCHE;D;20180813;000000;1095;1145;1090;1105;1132;0
GCHE;D;20180814;000000;1110;1115;1090;1090;372;0
GCHE;D;20180815;000000;1090;1100;1080;1095;311;0
GCHE;D;20180816;000000;1090;1095;1080;1090;151;0
GCHE;D;20180817;000000;1085;1095;1080;1085;262;0
GCHE;D;20180820;000000;1090;1105;1085;1100;210;0
GCHE;D;20180821;000000;1105;1110;1095;1105;316;0
GCHE;D;20180822;000000;1100;1100;1060;1075;2343;0
GCHE;D;20180823;000000;1075;1075;1050;1070;762;0
GCHE;D;20180824;000000;1055;1065;1035;1065;318;0
GCHE;D;20180827;000000;1095;1095;1065;1065;251;0
GCHE;D;20180828;000000;1085;1085;1060;1075;99;0
GCHE;D;20180829;000000;1075;1075;1060;1075;159;0
GCHE;D;20180830;000000;1080;1090;1060;1065;208;0
GCHE;D;20180831;000000;1075;1075;1055;1070;109;0
GCHE;D;20180903;000000;1070;1080;1040;1060;412;0
GCHE;D;20180904;000000;1055;1070;1040;1060;1335;0
GCHE;D;20180905;000000;1060;1065;1040;1050;473;0
GCHE;D;20180906;000000;1060;1065;1040;1050;1591;0
GCHE;D;20180907;000000;1055;1070;1045;1070;336;0
GCHE;D;20180910;000000;1065;1080;1045;1065;739;0
GCHE;D;20180911;000000;1070;1070;1060;1065;63;0
GCHE;D;20180912;000000;1070;1120;1065;1105;1600;0
GCHE;D;20180913;000000;1100;1150;1100;1130;1404;0
GCHE;D;20180914;000000;1120;1130;1100;1105;174;0
GCHE;D;20180917;000000;1105;1110;1100;1110;28;0
GCHE;D;20180918;000000;1115;1115;1100;1100;80;0
GCHE;D;20180919;000000;1095;1110;1070;1100;97;0
GCHE;D;20180920;000000;1105;1120;1085;1115;238;0
GCHE;D;20180921;000000;1115;1125;1110;1125;144;0
GCHE;D;20180924;000000;1125;1135;1090;1110;542;0
GCHE;D;20180925;000000;1100;1170;1100;1160;1484;0
GCHE;D;20180926;000000;1155;1180;1135;1180;3438;0
GCHE;D;20180927;000000;1180;1185;1165;1170;3365;0
GCHE;D;20180928;000000;1160;1180;1140;1180;408;0
GCHE;D;20181001;000000;1175;1200;1150;1170;663;0
GCHE;D;20181002;000000;1175;1190;1170;1175;171;0
GCHE;D;20181003;000000;1185;1200;1170;1180;2182;0
GCHE;D;20181004;000000;1175;1185;1130;1155;874;0
GCHE;D;20181005;000000;1125;1130;1115;1125;225;0
GCHE;D;20181008;000000;1130;1130;1095;1095;367;0
GCHE;D;20181009;000000;1100;1115;1100;1105;288;0
GCHE;D;20181010;000000;1125;1125;1070;1085;817;0
GCHE;D;20181011;000000;1080;1080;1055;1065;743;0
GCHE;D;20181012;000000;1065;1080;1065;1080;662;0
GCHE;D;20181015;000000;1095;1095;1075;1085;93;0
GCHE;D;20181016;000000;1085;1090;1085;1090;202;0
GCHE;D;20181017;000000;1100;1100;1080;1085;112;0
GCHE;D;20181018;000000;1085;1085;1080;1080;14;0
GCHE;D;20181019;000000;1075;1080;1075;1080;173;0
GCHE;D;20181022;000000;1070;1085;1065;1070;363;0
GCHE;D;20181023;000000;1080;1080;1050;1070;213;0
GCHE;D;20181024;000000;1075;1085;1060;1085;99;0
GCHE;D;20181025;000000;1075;1085;1075;1085;698;0
GCHE;D;20181026;000000;1080;1080;1050;1070;203;0
GCHE;D;20181029;000000;1070;1080;1050;1070;434;0
GCHE;D;20181030;000000;1070;1075;1060;1060;282;0
GCHE;D;20181031;000000;1065;1075;1060;1070;164;0
GCHE;D;20181101;000000;1064;1074;1050;1070;242;0
GCHE;D;20181102;000000;1070;1092;1060;1076;315;0
GCHE;D;20181106;000000;1078;1096;1074;1092;830;0
GCHE;D;20181107;000000;1094;1096;1076;1092;191;0
GCHE;D;20181108;000000;1096;1096;1080;1088;57;0
GCHE;D;20181109;000000;1092;1092;1070;1084;117;0
GCHE;D;20181112;000000;1076;1094;1072;1072;395;0
GCHE;D;20181113;000000;1072;1076;1066;1070;195;0
GCHE;D;20181114;000000;1070;1074;1060;1074;221;0
GCHE;D;20181115;000000;1084;1162;1084;1134;2257;0
GCHE;D;20181116;000000;1140;1158;1094;1116;1317;0
GCHE;D;20181119;000000;1100;1110;1098;1104;92;0
GCHE;D;20181120;000000;1096;1106;1076;1082;486;0
GCHE;D;20181121;000000;1092;1106;1086;1100;260;0
GCHE;D;20181122;000000;1112;1112;1090;1094;65;0
GCHE;D;20181123;000000;1092;1114;1088;1092;344;0
GCHE;D;20181126;000000;1084;1096;1076;1084;446;0
GCHE;D;20181127;000000;1082;1090;1080;1080;364;0
GCHE;D;20181128;000000;1082;1094;1074;1084;474;0
GCHE;D;20181129;000000;1104;1104;1088;1088;72;0
GCHE;D;20181130;000000;1100;1100;1082;1092;88;0
GCHE;D;20181203;000000;1084;1108;1084;1092;163;0
GCHE;D;20181204;000000;1092;1094;1082;1090;397;0
GCHE;D;20181205;000000;1092;1094;1074;1088;171;0
GCHE;D;20181206;000000;1088;1096;1078;1086;321;0
GCHE;D;20181207;000000;1094;1104;1090;1100;212;0
GCHE;D;20181210;000000;1100;1110;1092;1108;363;0
GCHE;D;20181211;000000;1110;1110;1092;1106;110;0
GCHE;D;20181212;000000;1096;1100;1084;1100;415;0
GCHE;D;20181213;000000;1084;1088;1080;1086;167;0
GCHE;D;20181214;000000;1090;1096;1078;1088;361;0
GCHE;D;20181217;000000;1100;1102;1100;1102;444;0
GCHE;D;20181218;000000;1100;1102;1100;1100;176;0
GCHE;D;20181219;000000;1102;1106;1098;1100;454;0
GCHE;D;20181220;000000;1102;1112;1100;1100;350;0
GCHE;D;20181221;000000;1100;1118;1100;1112;317;0
GCHE;D;20181224;000000;1120;1120;1100;1102;959;0
GCHE;D;20181225;000000;1100;1122;1088;1088;3776;0
GCHE;D;20181226;000000;1094;1108;1094;1094;165;0
GCHE;D;20181227;000000;1102;1122;1100;1100;476;0
GCHE;D;20181228;000000;1116;1118;1102;1110;453;0
GCHE;D;20181229;000000;1114;1122;1114;1118;348;0
GCHE;D;20190103;000000;1122;1124;1114;1118;174;0
GCHE;D;20190104;000000;1120;1136;1116;1136;165;0
GCHE;D;20190108;000000;1132;1140;1120;1128;641;0
GCHE;D;20190109;000000;1124;1190;1124;1150;1609;0
GCHE;D;20190110;000000;1182;1184;1150;1150;1209;0
GCHE;D;20190111;000000;1174;1174;1150;1150;309;0
GCHE;D;20190114;000000;1154;1176;1154;1160;159;0
GCHE;D;20190115;000000;1168;1190;1152;1186;706;0
GCHE;D;20190116;000000;1188;1200;1168;1198;1920;0
GCHE;D;20190117;000000;1166;1222;1166;1216;553;0
GCHE;D;20190118;000000;1224;1248;1208;1218;496;0
GCHE;D;20190121;000000;1228;1248;1208;1228;583;0
GCHE;D;20190122;000000;1230;1230;1200;1210;523;0
GCHE;D;20190123;000000;1204;1230;1204;1206;295;0
GCHE;D;20190124;000000;1214;1224;1200;1202;558;0
GCHE;D;20190125;000000;1208;1212;1200;1204;414;0
GCHE;D;20190128;000000;1210;1210;1200;1208;209;0
GCHE;D;20190129;000000;1214;1214;1202;1206;204;0
GCHE;D;20190130;000000;1204;1210;1200;1210;197;0
GCHE;D;20190131;000000;1202;1216;1200;1200;2376;0
GCHE;D;20190201;000000;1210;1210;1200;1210;308;0
GCHE;D;20190204;000000;1210;1238;1210;1210;1243;0
GCHE;D;20190205;000000;1218;1224;1212;1214;432;0
GCHE;D;20190206;000000;1226;1230;1212;1218;291;0
GCHE;D;20190207;000000;1214;1230;1212;1216;202;0
GCHE;D;20190208;000000;1214;1230;1214;1228;402;0
GCHE;D;20190211;000000;1234;1236;1226;1236;129;0
GCHE;D;20190212;000000;1222;1250;1222;1248;555;0
GCHE;D;20190213;000000;1248;1290;1248;1256;1239;0
GCHE;D;20190214;000000;1254;1324;1252;1324;5355;0
GCHE;D;20190215;000000;1326;1510;1326;1430;11269;0
GCHE;D;20190218;000000;1436;1530;1436;1494;3982;0
GCHE;D;20190219;000000;1498;1588;1410;1458;7638;0
GCHE;D;20190220;000000;1472;1504;1420;1476;3551;0
GCHE;D;20190221;000000;1484;1508;1476;1490;1078;0
GCHE;D;20190222;000000;1476;1510;1438;1468;1885;0
GCHE;D;20190225;000000;1480;1518;1470;1506;4288;0
GCHE;D;20190226;000000;1514;1514;1500;1500;3035;0
GCHE;D;20190227;000000;1508;1510;1500;1508;1539;0
GCHE;D;20190228;000000;1506;1510;1500;1506;937;0
GCHE;D;20190301;000000;1514;1518;1454;1490;1818;0
GCHE;D;20190304;000000;1500;1500;1474;1500;812;0
GCHE;D;20190305;000000;1496;1500;1470;1492;1652;0
GCHE;D;20190306;000000;1492;1492;1460;1478;863;0
GCHE;D;20190307;000000;1478;1510;1476;1504;1703;0
GCHE;D;20190311;000000;1524;1548;1498;1536;2278;0
GCHE;D;20190312;000000;1548;1644;1504;1594;3640;0
GCHE;D;20190313;000000;1602;1776;1596;1698;4697;0
GCHE;D;20190314;000000;1670;2550;1664;2060;64513;0
GCHE;D;20190315;000000;2076;2446;2060;2120;23481;0
GCHE;D;20190318;000000;2146;2250;1952;2060;9711;0
GCHE;D;20190319;000000;2060;2084;1730;1846;15947;0
GCHE;D;20190320;000000;1868;1880;1800;1840;2462;0
GCHE;D;20190321;000000;1848;2062;1834;1920;8018;0
GCHE;D;20190322;000000;1928;1984;1864;1886;1622;0
GCHE;D;20190325;000000;1898;1944;1884;1902;3592;0
GCHE;D;20190326;000000;1920;1926;1890;1900;3318;0
GCHE;D;20190327;000000;1920;1928;1884;1900;2509;0
GCHE;D;20190328;000000;1892;1904;1890;1900;751;0
GCHE;D;20190329;000000;1888;1904;1840;1880;2120;0
GCHE;D;20190401;000000;1890;1992;1880;1946;8982;0
GCHE;D;20190402;000000;1970;1970;1880;1902;7412;0
GCHE;D;20190403;000000;1902;1950;1886;1950;9352;0
GCHE;D;20190404;000000;1852;1864;1462;1844;8788;0
GCHE;D;20190405;000000;1860;1860;1824;1848;2426;0
GCHE;D;20190408;000000;1826;1850;1558;1760;4466;0
GCHE;D;20190409;000000;1808;1808;1582;1612;10288;0
GCHE;D;20190410;000000;1630;1644;1490;1540;8774;0
GCHE;D;20190411;000000;1470;1568;1446;1498;7320;0
GCHE;D;20190412;000000;1500;1738;1490;1594;15419;0
GCHE;D;20190415;000000;1588;1638;1510;1586;2786;0
GCHE;D;20190416;000000;1594;1616;1560;1608;1514;0
GCHE;D;20190417;000000;1590;1668;1590;1654;1440;0
GCHE;D;20190418;000000;1654;1824;1640;1714;9677;0
GCHE;D;20190419;000000;1714;1736;1690;1710;845;0
GCHE;D;20190422;000000;1700;1748;1680;1722;1827;0
GCHE;D;20190423;000000;1752;1752;1700;1706;1128;0
GCHE;D;20190424;000000;1708;1712;1700;1700;955;0
GCHE;D;20190425;000000;1700;1710;1662;1676;894;0
GCHE;D;20190426;000000;1702;1716;1688;1700;1803;0
GCHE;D;20190429;000000;1688;1708;1676;1680;952;0
GCHE;D;20190430;000000;1690;1690;1580;1646;1178;0
GCHE;D;20190502;000000;1646;1659.5;1646;1646;362;0
GCHE;D;20190503;000000;1658.5;1678;1645.5;1646;719;0
GCHE;D;20190506;000000;1674.5;1674.5;1600;1641;1164;0
GCHE;D;20190507;000000;1649.5;1652;1632;1633;656;0
GCHE;D;20190508;000000;1638.5;1673;1622.5;1635.5;454;0
GCHE;D;20190510;000000;1620;1632;1590;1597.5;520;0
GCHE;D;20190513;000000;1597.5;1628.5;1555.5;1594.5;1108;0
GCHE;D;20190514;000000;1590;1609.5;1560;1560;767;0
GCHE;D;20190515;000000;1560;1560;1510;1522.5;1518;0
GCHE;D;20190516;000000;1529.5;1547.5;1515;1534.5;505;0
GCHE;D;20190517;000000;1537.5;1616.5;1536.5;1600;2292;0
GCHE;D;20190520;000000;1588.5;1616.5;1588;1588;583;0
GCHE;D;20190521;000000;1582;1609.5;1551.5;1578;1306;0
GCHE;D;20190522;000000;1574;1590.5;1565;1590.5;961;0
GCHE;D;20190523;000000;1585.5;1640;1585;1604;585;0
GCHE;D;20190524;000000;1610.5;1619.5;1590.5;1600.5;1110;0
GCHE;D;20190527;000000;1601.5;1629.5;1601.5;1604.5;394;0
GCHE;D;20190528;000000;1625.5;1625.5;1600;1603;766;0
GCHE;D;20190529;000000;1600;1634;1600;1605.5;327;0
GCHE;D;20190530;000000;1605;1625;1605;1615;259;0
GCHE;D;20190531;000000;1602;1625;1602;1613;798;0
GCHE;D;20190603;000000;1613;1639;1613;1637;749;0
GCHE;D;20190604;000000;1640;1641;1622;1622;963;0
GCHE;D;20190605;000000;1612;1634;1612;1624;358;0
GCHE;D;20190606;000000;1640;1640;1610;1634;772;0
GCHE;D;20190607;000000;1641.5;1666;1641;1664.5;879;0
GCHE;D;20190610;000000;1668;1685;1610;1658.5;760;0
GCHE;D;20190611;000000;1641.5;1654;1640;1642;341;0
GCHE;D;20190613;000000;1640;1654.5;1640;1640;912;0
GCHE;D;20190614;000000;1658;1665;1622;1653;733;0
GCHE;D;20190617;000000;1628;1723;1628;1721.5;2524;0
GCHE;D;20190618;000000;1700.5;1814;1700.5;1790;3511;0
GCHE;D;20190619;000000;1791;1837.5;1790.5;1800;1327;0
GCHE;D;20190620;000000;1817;1855;1800;1827.5;1255;0
GCHE;D;20190621;000000;1839.5;1855;1800;1810.5;2337;0
GCHE;D;20190624;000000;1833.5;1865;1833.5;1860;1374;0
GCHE;D;20190625;000000;1861;1947;1811.5;1925;2512;0
GCHE;D;20190626;000000;1925;1940.5;1830;1885.5;2352;0
GCHE;D;20190627;000000;1879.5;1879.5;1855;1855;445;0
GCHE;D;20190628;000000;1855;1890;1839.5;1868;595;0
GCHE;D;20190701;000000;1889.5;1891;1870;1875.5;1109;0
GCHE;D;20190702;000000;1898;1898;1850;1881;419;0
GCHE;D;20190703;000000;1888;1889;1860;1860;549;0
GCHE;D;20190704;000000;1854.5;1880;1850;1855;737;0
GCHE;D;20190705;000000;1865;1879.5;1851;1871.5;243;0
GCHE;D;20190708;000000;1851.5;1891;1851.5;1891;405;0
GCHE;D;20190709;000000;1899;1918.5;1880;1890.5;376;0
GCHE;D;20190710;000000;1909;1909;1865;1865;609;0
GCHE;D;20190711;000000;1898;1898;1869.5;1875;404;0
GCHE;D;20190712;000000;1870;1889.5;1850;1860;714;0
GCHE;D;20190715;000000;1870;1877;1855;1875;353;0
GCHE;D;20190716;000000;1877.5;1901.5;1865.5;1872.5;300;0
GCHE;D;20190717;000000;1865.5;1884.5;1854;1879.5;266;0
GCHE;D;20190718;000000;1871.5;1885;1859;1882;221;0
GCHE;D;20190719;000000;1880.5;1889.5;1880;1881;164;0
GCHE;D;20190722;000000;1888;1888.5;1861.5;1871.5;236;0
GCHE;D;20190723;000000;1881;1881.5;1857.5;1877.5;181;0
GCHE;D;20190724;000000;1887.5;1888;1872.5;1873;192;0
GCHE;D;20190725;000000;1863.5;1902;1863.5;1901;534;0
GCHE;D;20190726;000000;1900;1900;1873.5;1880.5;179;0
GCHE;D;20190729;000000;1898.5;1898.5;1874.5;1894.5;246;0
GCHE;D;20190730;000000;1898;1930;1894;1915.5;462;0
GCHE;D;20190731;000000;1929;1930;1900;1917;714;0
GCHE;D;20190801;000000;1927;1928;1900;1907;491;0
GCHE;D;20190802;000000;1904.5;1927;1900;1900;1051;0
GCHE;D;20190805;000000;1899;1926;1797;1906.5;900;0
GCHE;D;20190806;000000;1900;1916.5;1900;1906.5;317;0
GCHE;D;20190807;000000;1900.5;1907.5;1900;1900;1504;0
GCHE;D;20190808;000000;1906.5;1913.5;1900;1903.5;177;0
GCHE;D;20190809;000000;1911;1930;1880;1910;1194;0
GCHE;D;20190812;000000;1900.5;1901;1830;1875;1604;0
GCHE;D;20190813;000000;1879.5;1879.5;1800;1837;919;0
GCHE;D;20190814;000000;1830.5;1853;1787;1799.5;669;0
GCHE;D;20190815;000000;1812.5;1812.5;1707;1708.5;1191;0
GCHE;D;20190816;000000;1708.5;1775.5;1708;1775.5;530;0
GCHE;D;20190819;000000;1774.5;1840;1723.5;1839;853;0
GCHE;D;20190820;000000;1848.5;1900;1848.5;1890;858;0
GCHE;D;20190821;000000;1900;1927;1899;1926.5;1296;0
GCHE;D;20190822;000000;1902.5;1960;1704;1833.5;3541;0
GCHE;D;20190823;000000;1834;1834;1800;1820;470;0
GCHE;D;20190826;000000;1847;1854.5;1800;1831.5;230;0
GCHE;D;20190827;000000;1829;1834;1810;1810;340;0
GCHE;D;20190828;000000;1809.5;1820;1809;1810;297;0
GCHE;D;20190829;000000;1827.5;1838;1747;1763;2296;0
GCHE;D;20190830;000000;1765.5;1789.5;1753;1783;1118;0
GCHE;D;20190902;000000;1780;1799;1773;1795;629;0
GCHE;D;20190903;000000;1780.5;1797;1765.5;1771;762;0
GCHE;D;20190904;000000;1773;1800;1760;1792;540;0
GCHE;D;20190905;000000;1793;2190;1775;1799.5;1555;0
GCHE;D;20190906;000000;1800;1813.5;1790;1801;350;0
GCHE;D;20190909;000000;1807.5;1875.5;1807.5;1845;2184;0
GCHE;D;20190910;000000;1845;1889;1815;1815;994;0
GCHE;D;20190911;000000;1845;1852;1815.5;1830;465;0
GCHE;D;20190912;000000;1821;1859.5;1821;1831.5;736;0
GCHE;D;20190913;000000;1855;1872;1827;1843;617;0
GCHE;D;20190916;000000;1806.5;1855;1806.5;1847;326;0
GCHE;D;20190917;000000;1846;1856.5;1826;1840;887;0
GCHE;D;20190918;000000;1834.5;1850;1833.5;1845;337;0
GCHE;D;20190919;000000;1821;1850;1821;1844.5;186;0
GCHE;D;20190920;000000;1849;1855.5;1830.5;1842;193;0
GCHE;D;20190923;000000;1829;1848.5;1821;1835.5;169;0
GCHE;D;20190924;000000;1844.5;1854;1833.5;1835;336;0
GCHE;D;20190925;000000;1849.5;1850;1822;1833;163;0
GCHE;D;20190926;000000;1841.5;1854.5;1819.5;1836;295;0
GCHE;D;20190927;000000;1855.5;1885;1842;1853;993;0
GCHE;D;20190930;000000;1878;1890;1867.5;1880.5;680;0
GCHE;D;20191001;000000;1888.5;1888.5;1830;1871.5;732;0
GCHE;D;20191002;000000;1870.5;1879.5;1841;1841;921;0
GCHE;D;20191003;000000;1871;1871;1749.5;1810;1224;0
GCHE;D;20191004;000000;1761;1781.5;1730;1765;1008;0
GCHE;D;20191007;000000;1774.5;1815;1767;1794.5;423;0
GCHE;D;20191008;000000;1799.5;1799.5;1784;1793;236;0
GCHE;D;20191009;000000;1793;1816;1782.5;1788;230;0
GCHE;D;20191010;000000;1789;1823;1788.5;1822.5;1148;0
GCHE;D;20191011;000000;1822.5;1822.5;1782;1800;692;0
GCHE;D;20191014;000000;1806.5;1819.5;1783;1801;343;0
GCHE;D;20191015;000000;1790.5;1803;1770.5;1784;322;0
GCHE;D;20191016;000000;1785;1797.5;1747;1778;426;0
GCHE;D;20191017;000000;1782;1797.5;1782;1788.5;166;0
GCHE;D;20191018;000000;1794;1842;1785.5;1825.5;676;0
GCHE;D;20191021;000000;1829.5;1835;1790;1799.5;997;0
GCHE;D;20191022;000000;1813;1814;1783.5;1800;943;0
GCHE;D;20191023;000000;1815;1824.5;1797;1800;420;0
GCHE;D;20191024;000000;1817;1817;1796;1800;497;0
GCHE;D;20191025;000000;1807;1820;1770.5;1792;1575;0
GCHE;D;20191028;000000;1801.5;1809.5;1782.5;1786;709;0
GCHE;D;20191029;000000;1795.5;1810;1786.5;1807;1025;0
GCHE;D;20191030;000000;1807;1809.5;1792;1792;500;0
GCHE;D;20191031;000000;1783;1805.5;1783;1798.5;318;0
GCHE;D;20191101;000000;1785;1800;1785;1785;752;0
GCHE;D;20191105;000000;1786;1800;1783;1785.5;776;0
GCHE;D;20191106;000000;1795.5;1812;1775;1796;1511;0
GCHE;D;20191107;000000;1797;1812;1797;1797.5;685;0
GCHE;D;20191108;000000;1798;1820;1795;1795;1872;0
GCHE;D;20191111;000000;1794;1813.5;1787;1803;1860;0
GCHE;D;20191112;000000;1800;1809.5;1790;1793.5;922;0
GCHE;D;20191113;000000;1805.5;1805.5;1785.5;1788.5;586;0
GCHE;D;20191114;000000;1798.5;1808;1787;1791.5;584;0
GCHE;D;20191115;000000;1805.5;1805.5;1786;1804;471;0
GCHE;D;20191118;000000;1794.5;1808;1788.5;1788.5;724;0
GCHE;D;20191119;000000;1805;1805;1781;1783.5;1205;0
GCHE;D;20191120;000000;1789;1797;1776;1780;1294;0
GCHE;D;20191121;000000;1774;1780.5;1731;1750;2700;0
GCHE;D;20191122;000000;1759;1760;1712;1732.5;840;0
GCHE;D;20191125;000000;1743.5;1749.5;1732;1734;728;0
GCHE;D;20191126;000000;1749;1749;1735;1740;852;0
GCHE;D;20191127;000000;1745;1745;1735;1736.5;755;0
GCHE;D;20191128;000000;1747;1764.5;1732.5;1739;337;0
GCHE;D;20191129;000000;1740;1748;1737;1737;385;0
GCHE;D;20191202;000000;1762;1764.5;1726.5;1738;1276;0
GCHE;D;20191203;000000;1727;1752.5;1710;1735.5;614;0
GCHE;D;20191204;000000;1746.5;1746.5;1726;1731.5;331;0
GCHE;D;20191205;000000;1731.5;1749;1724.5;1728;391;0
GCHE;D;20191206;000000;1728.5;1728.5;1721;1721.5;258;0
GCHE;D;20191209;000000;1729;1746.5;1713.5;1724.5;1761;0
GCHE;D;20191210;000000;1725;1744.5;1714;1714;1467;0
GCHE;D;20191211;000000;1721.5;1721.5;1702;1703;2802;0
GCHE;D;20191212;000000;1714.5;1715;1687;1690;2413;0
GCHE;D;20191213;000000;1710;1715;1681;1696;2385;0
GCHE;D;20191216;000000;1696;1699;1681.5;1684;1426;0
GCHE;D;20191217;000000;1681;1696;1661;1690;1844;0
GCHE;D;20191218;000000;1677;1740;1677;1729.5;1827;0
GCHE;D;20191219;000000;1717.5;1740;1717.5;1730;1031;0
GCHE;D;20191220;000000;1723.5;1760;1701;1710;1548;0
GCHE;D;20191223;000000;1722.5;1725.5;1681;1700;1908;0
GCHE;D;20191224;000000;1702;1716.5;1689.5;1708;1028;0
GCHE;D;20191225;000000;1700.5;1724;1700;1712;796;0
GCHE;D;20191226;000000;1726.5;1740;1714;1736.5;801;0
GCHE;D;20191227;000000;1743;1749;1724;1739;2213;0
GCHE;D;20191230;000000;1752;1752.5;1719;1736;2293;0
GCHE;D;20200103;000000;1749;1800;1749;1768.5;1501;0
GCHE;D;20200106;000000;1777.5;1815;1755.5;1813;2620;0
GCHE;D;20200108;000000;1813;1847;1791.5;1835;1939;0
GCHE;D;20200109;000000;1849;1889.5;1835;1884;2844;0
GCHE;D;20200110;000000;1889;1889;1835.5;1852;2827;0
GCHE;D;20200113;000000;1860;1889;1835.5;1873;1805;0
GCHE;D;20200114;000000;1883.5;2000;1880;1939;3558;0
GCHE;D;20200115;000000;1981;2198;1941.5;2010.5;13990;0
GCHE;D;20200116;000000;2010.5;2100;2010.5;2067;3161;0
GCHE;D;20200117;000000;2070;2090;1908;2078.5;3174;0
GCHE;D;20200120;000000;2079.5;2104.5;2051;2075;3026;0
GCHE;D;20200121;000000;2075;2085;2010.5;2025.5;3142;0
GCHE;D;20200122;000000;2036;2076;1950;1961;3081;0
GCHE;D;20200123;000000;1971;1978.5;1855;1890;4136;0
GCHE;D;20200124;000000;1900;2030;1900;1975;2159;0
GCHE;D;20200127;000000;1980;1997;1911.5;1950;1715;0
GCHE;D;20200128;000000;1957.5;1996;1935;1979.5;1539;0
GCHE;D;20200129;000000;1990;2000;1960;1978;1464;0
GCHE;D;20200130;000000;1960;1983;1911.5;1936;2239;0
GCHE;D;20200131;000000;1946;1970;1940.5;1942;1406;0
GCHE;D;20200203;000000;1939;1942;1888;1916.5;1579;0
GCHE;D;20200204;000000;1941.5;1941.5;1914;1922;2491;0
GCHE;D;20200205;000000;1920.5;2020;1900.5;1985;3448;0
GCHE;D;20200206;000000;1997;2009.5;1944;1983;3019;0
GCHE;D;20200207;000000;1996.5;2025;1976.5;1988;2121;0
GCHE;D;20200210;000000;2000;2039;1993.5;2005;4242;0
GCHE;D;20200211;000000;2041;2041;1985;1995.5;4929;0
GCHE;D;20200212;000000;2014.5;2014.5;1982;2005;4162;0
GCHE;D;20200213;000000;2015;2015.5;1960.5;1987.5;5206;0
GCHE;D;20200214;000000;1971;1971;1928;1944.5;10509;0
GCHE;D;20200217;000000;1944;1957.5;1926.5;1954;1958;0
GCHE;D;20200218;000000;1954;1990;1937.5;1950;2418;0
GCHE;D;20200219;000000;1947.5;1980;1945.5;1967;2273;0
GCHE;D;20200220;000000;1977;1977;1950;1961;1358;0
GCHE;D;20200221;000000;1970;1988;1952;1974.5;4862;0
GCHE;D;20200225;000000;1942;1972;1926.5;1936;2747;0
GCHE;D;20200226;000000;1935;1950;1924;1939.5;2608;0
GCHE;D;20200227;000000;1935;1948.5;1906.5;1937.5;3457;0
GCHE;D;20200228;000000;1933.5;1933.5;1781;1790;7461;0
GCHE;D;20200302;000000;1818;1910;1800;1880;3624;0
GCHE;D;20200303;000000;1890;1930;1880;1899.5;1743;0
GCHE;D;20200304;000000;1898;1898;1880.5;1890;1398;0
GCHE;D;20200305;000000;1914.5;1915;1880;1906.5;1885;0
GCHE;D;20200306;000000;1906.5;1915;1800;1862;2858;0
GCHE;D;20200310;000000;1676;1857;1521;1831.5;4259;0
GCHE;D;20200311;000000;1842;1874;1840;1849;1711;0
GCHE;D;20200312;000000;1800;1839;1700;1712;3396;0
GCHE;D;20200313;000000;1700;1823.5;1652.5;1740;5100;0
GCHE;D;20200316;000000;1740;1789.5;1687;1720;3616;0
GCHE;D;20200317;000000;1719;1750;1709.5;1740;1577;0
GCHE;D;20200318;000000;1740;1740;1675;1715;2855;0
GCHE;D;20200319;000000;1715;1740.5;1690;1738;2369;0
GCHE;D;20200320;000000;1745;1810;1738;1780.5;4210;0
GCHE;D;20200323;000000;1780.5;1840;1735;1781.5;5365;0
GCHE;D;20200324;000000;1796.5;1839.5;1796.5;1825.5;3358;0
GCHE;D;20200325;000000;1845.5;1898;1799;1828;4723;0
GCHE;D;20200326;000000;1828;1847;1806;1822;3129;0
GCHE;D;20200327;000000;1844;1859.5;1801;1805.5;4804;0
GCHE;D;20200330;000000;1810;1857;1810;1842.5;3923;0
GCHE;D;20200331;000000;1840;1896;1825;1888;8183;0
GCHE;D;20200401;000000;1897;1914.5;1840;1905.5;9192;0
GCHE;D;20200402;000000;1917.5;2021;1906;1965;20304;0
GCHE;D;20200403;000000;1970;2010;1968;1995;15249;0
GCHE;D;20200406;000000;1906;1935;1880;1912;13148;0
GCHE;D;20200407;000000;1919;1920;1840.5;1849.5;12000;0
GCHE;D;20200408;000000;1849.5;1849.5;1760;1800;9417;0
GCHE;D;20200409;000000;1800;1855;1800;1810.5;6824;0
GCHE;D;20200410;000000;1849;1849;1800;1812;3292;0
GCHE;D;20200413;000000;1781;1816;1781;1807.5;2231;0
GCHE;D;20200414;000000;1807;1840;1781.5;1786;5103;0
GCHE;D;20200415;000000;1785;1785;1730.5;1731;4886;0
GCHE;D;20200416;000000;1730;1769;1694;1730;5327;0
GCHE;D;20200417;000000;1761;1761;1731.5;1735;2882;0
GCHE;D;20200420;000000;1753.5;1760.5;1733.5;1733.5;2809;0
GCHE;D;20200421;000000;1739;1739;1702;1725;2474;0
GCHE;D;20200422;000000;1725.5;1740;1711;1725;4040;0
GCHE;D;20200423;000000;1730;1740;1715.5;1725;2577;0
GCHE;D;20200424;000000;1725;1725;1708.5;1712;2773;0
GCHE;D;20200427;000000;1709;1722;1688;1698;8173;0
GCHE;D;20200428;000000;1718;1718;1680;1700;4483;0
GCHE;D;20200429;000000;1702.5;1704;1675;1685;7529;0
GCHE;D;20200430;000000;1692;1710;1674;1683;4801;0
GCHE;D;20200504;000000;1687;1699;1672;1687;3110;0
GCHE;D;20200505;000000;1690;1720.5;1689.5;1718;5768;0
GCHE;D;20200506;000000;1718.5;1737;1718.5;1727.5;2308;0
GCHE;D;20200507;000000;1736.5;1738;1718.5;1720;1551;0
GCHE;D;20200508;000000;1722.5;1734.5;1715;1724;1188;0
GCHE;D;20200512;000000;1722;1734;1716;1717;1736;0
GCHE;D;20200513;000000;1696;1719.5;1657;1673;5117;0
GCHE;D;20200514;000000;1683.5;1690;1667;1674;1982;0
GCHE;D;20200515;000000;1689.5;1696;1670;1674;2179;0
GCHE;D;20200518;000000;1699.5;1709;1682;1704;2007;0
GCHE;D;20200519;000000;1701;1717;1695;1700.5;1312;0
GCHE;D;20200520;000000;1703.5;1716.5;1695;1708;2386;0
GCHE;D;20200521;000000;1711.5;1740;1704;1710;7064;0
GCHE;D;20200522;000000;1705;1715;1701;1710;2100;0
GCHE;D;20200525;000000;1718.5;1719;1704;1710;2314;0
GCHE;D;20200526;000000;1717.5;1725;1707.5;1709;3043;0
GCHE;D;20200527;000000;1719;1719;1700;1700.5;1893;0
GCHE;D;20200528;000000;1704;1715;1701;1708;1156;0
GCHE;D;20200529;000000;1705.5;1707.5;1693;1695;2011;0
GCHE;D;20200601;000000;1695;1707;1695;1696.5;2100;0
GCHE;D;20200602;000000;1697.5;1702;1692;1699.5;2862;0
GCHE;D;20200603;000000;1704;1715;1704;1708;5299;0
GCHE;D;20200604;000000;1715;1729.5;1708;1720;3419;0
GCHE;D;20200605;000000;1724.5;1729.5;1712;1718;2875;0
GCHE;D;20200608;000000;1720;1733;1715;1724.5;3448;0
GCHE;D;20200609;000000;1730;1732;1704;1714;1546;0
GCHE;D;20200610;000000;1710;1774.5;1710;1751;7760;0
GCHE;D;20200611;000000;1750;1799;1731;1771;10543;0
GCHE;D;20200615;000000;1749;1769.5;1730;1765;3071;0
GCHE;D;20200616;000000;1770;1795;1765;1768;3337;0
GCHE;D;20200617;000000;1772;1790.5;1770.5;1780;1532;0
GCHE;D;20200618;000000;1780;1782;1745;1751.5;2234;0
GCHE;D;20200619;000000;1755.5;1777;1753.5;1767;1199;0
GCHE;D;20200622;000000;1776;1784.5;1762;1764.5;2345;0
GCHE;D;20200623;000000;1760;1777.5;1756;1760;2402;0
GCHE;D;20200625;000000;1756;1770;1730;1747;2292;0
GCHE;D;20200626;000000;1750;1765;1740;1740.5;1830;0
GCHE;D;20200629;000000;1745;1745;1723;1742;1395;0
GCHE;D;20200630;000000;1746;1749;1725;1730.5;1183;0
GCHE;D;20200702;000000;1749;1749;1722.5;1740.5;1153;0
GCHE;D;20200703;000000;1741;1779;1731;1745;1181;0
GCHE;D;20200706;000000;1749;1755;1745.5;1750;2372;0
GCHE;D;20200707;000000;1774;1774;1675.5;1749;1743;0
GCHE;D;20200708;000000;1760;1760;1738;1748;1379;0
GCHE;D;20200709;000000;1744;1747.5;1730;1732;1371;0
GCHE;D;20200710;000000;1743;1744.5;1722;1738;1676;0
GCHE;D;20200713;000000;1740;1764.5;1733;1735.5;3225;0
GCHE;D;20200714;000000;1730;1753.5;1720;1734.5;2215;0
GCHE;D;20200715;000000;1732.5;1755;1732.5;1743;1900;0
GCHE;D;20200716;000000;1744.5;1774;1743.5;1756;3475;0
GCHE;D;20200717;000000;1761;1773.5;1744.5;1744.5;1673;0
GCHE;D;20200720;000000;1764.5;1770;1730;1750;1624;0
GCHE;D;20200721;000000;1750.5;1760;1742;1758;1630;0
GCHE;D;20200722;000000;1754.5;1764;1754;1758;956;0
GCHE;D;20200723;000000;1761;1785;1750.5;1755.5;1309;0
GCHE;D;20200724;000000;1752;1779;1743;1751;1423;0
GCHE;D;20200727;000000;1755.5;1776;1747;1758.5;2636;0
GCHE;D;20200728;000000;1767.5;1776;1765;1772;2152;0
GCHE;D;20200729;000000;1775.5;1790;1761.5;1765;2874;0
GCHE;D;20200730;000000;1785.5;1819;1754;1755;6757;0
GCHE;D;20200731;000000;1759;1796.5;1759;1780;1818;0
GCHE;D;20200803;000000;1796;1807.5;1756.5;1776;4761;0
GCHE;D;20200804;000000;1776;1792;1770.5;1782;1861;0
GCHE;D;20200805;000000;1782;1786;1775;1776.5;2416;0
GCHE;D;20200806;000000;1772;1782.5;1758.5;1763;4427;0
GCHE;D;20200807;000000;1763;1775.5;1758;1763;2367;0
GCHE;D;20200810;000000;1760.5;1793;1760.5;1775;3886;0
GCHE;D;20200811;000000;1790;1790;1770;1779;1808;0
GCHE;D;20200812;000000;1779.5;1790;1761;1780;3174;0
GCHE;D;20200813;000000;1781;1798.5;1767.5;1789;3748;0
GCHE;D;20200814;000000;1801;1808;1790;1801.5;2311;0
GCHE;D;20200817;000000;1807.5;1845;1802.5;1833;10984;0
GCHE;D;20200818;000000;1850;1898;1835.5;1878.5;14625;0
GCHE;D;20200819;000000;1878.5;1964;1878.5;1911;24198;0
GCHE;D;20200820;000000;1912;1923.5;1857;1885;14032;0
GCHE;D;20200821;000000;1890;1906;1858;1863;4306;0
GCHE;D;20200824;000000;1867.5;1899;1867.5;1894;3139;0
GCHE;D;20200825;000000;1900;1900;1880;1884;2766;0
GCHE;D;20200826;000000;1878.5;1911;1876;1900;5516;0
GCHE;D;20200827;000000;1912;1912;1883;1900.5;2274;0
GCHE;D;20200828;000000;1896;1910;1892.5;1900;2535;0
GCHE;D;20200831;000000;1900;1919.5;1896.5;1904;3284;0
GCHE;D;20200901;000000;1900.5;1907;1889.5;1900;2720;0
GCHE;D;20200902;000000;1901;1911;1893;1893;3440;0
GCHE;D;20200903;000000;1889.5;1898;1850;1855.5;3290;0
GCHE;D;20200904;000000;1850;1864;1828;1839;3581;0
GCHE;D;20200907;000000;1850;1894;1849;1855.5;2831;0
GCHE;D;20200908;000000;1860;1889.5;1835;1847.5;2723;0
GCHE;D;20200909;000000;1852;1878.5;1835;1860;1592;0
GCHE;D;20200910;000000;1879;1880.5;1857;1875;3148;0
GCHE;D;20200911;000000;1879;1898.5;1875.5;1875.5;3048;0
GCHE;D;20200914;000000;1880;1900;1868;1870;2660;0
GCHE;D;20200915;000000;1876;1890;1873;1879;3560;0
GCHE;D;20200916;000000;1886.5;1904;1882;1890.5;3830;0
GCHE;D;20200917;000000;1890;1908;1839;1893;3785;0
GCHE;D;20200918;000000;1898;1908;1886.5;1890;2851;0
GCHE;D;20200921;000000;1894;1898.5;1858;1860;2631;0
GCHE;D;20200922;000000;1864;1882.5;1860;1860;2295;0
GCHE;D;20200923;000000;1857;1894.5;1841.5;1868;3190;0
GCHE;D;20200924;000000;1883.5;1894;1866;1890;2369;0
GCHE;D;20200925;000000;1899;1909.5;1873;1874.5;3087;0
GCHE;D;20200928;000000;1874;1905;1870;1883.5;3350;0
GCHE;D;20200929;000000;1884;1892;1872;1882;3865;0
GCHE;D;20200930;000000;1881;1885.5;1865;1881;5104;0
GCHE;D;20201001;000000;1890;1924.5;1880;1902.5;22684;0
GCHE;D;20201002;000000;1880;1880;1835.5;1857;8038;0
GCHE;D;20201005;000000;1855.5;1869;1841;1845;3501;0
GCHE;D;20201006;000000;1850.5;1865;1825.5;1864;16238;0
GCHE;D;20201007;000000;1867;1867;1841;1841;3815;0
GCHE;D;20201008;000000;1851;1867;1840;1847.5;3265;0
GCHE;D;20201009;000000;1841;1859.5;1840;1849;1534;0
GCHE;D;20201012;000000;1854;1862;1848;1849.5;4102;0
GCHE;D;20201013;000000;1842.5;1852;1832.5;1840;4838;0
GCHE;D;20201014;000000;1840;1853;1840;1847;2947;0
GCHE;D;20201015;000000;1850.5;1858;1830.5;1835;3797;0
GCHE;D;20201016;000000;1839;1842.5;1822;1830;2063;0
GCHE;D;20201019;000000;1839.5;1855;1830.5;1830.5;2750;0
GCHE;D;20201020;000000;1830.5;1844.5;1823.5;1835;1419;0
GCHE;D;20201021;000000;1846.5;1867;1836.5;1845.5;4121;0
GCHE;D;20201022;000000;1847;1860;1841.5;1849.5;2381;0
GCHE;D;20201023;000000;1867;1867;1847.5;1860;3043;0
GCHE;D;20201026;000000;1850;1861;1846.5;1847;2025;0
GCHE;D;20201027;000000;1840;1845.5;1830;1831;1953;0
GCHE;D;20201028;000000;1831;1831;1790;1800;4195;0
GCHE;D;20201029;000000;1795;1809.5;1793.5;1808;1412;0
GCHE;D;20201030;000000;1794.5;1809.5;1792.5;1809;651;0
GCHE;D;20201102;000000;1808;1840;1806;1838;2404;0
GCHE;D;20201103;000000;1843.5;1864;1811;1843;2994;0
GCHE;D;20201105;000000;1859.5;1859.5;1830;1846;2529;0
GCHE;D;20201106;000000;1853.5;1854.5;1830;1846;1646;0
GCHE;D;20201109;000000;1847.5;1863;1837;1850;4009;0
GCHE;D;20201110;000000;1861.5;1877;1843;1843;3728;0
GCHE;D;20201111;000000;1842;1888;1840;1854;3206;0
GCHE;D;20201112;000000;1875;1875;1845;1850;3314;0
GCHE;D;20201113;000000;1847;1871.5;1840.5;1849.5;2098;0
GCHE;D;20201116;000000;1852;1907;1852;1894.5;7352;0
GCHE;D;20201117;000000;1920;1920;1850;1870;2899;0
GCHE;D;20201118;000000;1862;1901;1850.5;1870;5855;0
GCHE;D;20201119;000000;1890;1950.5;1867;1905.5;18524;0
GCHE;D;20201120;000000;1902.5;1955;1902.5;1950;11992;0
GCHE;D;20201123;000000;1954.5;1960;1905;1925;3816;0
GCHE;D;20201124;000000;1939.5;1950;1882;1924.5;6163;0
GCHE;D;20201125;000000;1924.5;1951.5;1920;1945;3631;0
GCHE;D;20201126;000000;1950;1953.5;1925;1940.5;2902;0
GCHE;D;20201127;000000;1948;1950;1928;1943;1785;0
GCHE;D;20201130;000000;1929.5;1943.5;1911;1927;3028;0
GCHE;D;20201201;000000;1915;1937;1908;1913;3558;0
GCHE;D;20201202;000000;1920;1964.5;1908.5;1960.5;5612;0
GCHE;D;20201203;000000;1964;1993;1959;1979.5;4978;0
GCHE;D;20201204;000000;1977.5;2000;1929.5;1932;8715;0
GCHE;D;20201207;000000;1934;1983.5;1925.5;1963.5;8815;0
GCHE;D;20201208;000000;1961;2000;1945.5;1991.5;5126;0
GCHE;D;20201209;000000;1999.5;2010;1955;1955;3995;0
GCHE;D;20201210;000000;1957;1989.5;1931;1932;3313;0
GCHE;D;20201211;000000;1932;1981;1931.5;1970;3979;0
GCHE;D;20201214;000000;1986;1995;1942.5;1955.5;6237;0
GCHE;D;20201215;000000;1952;2006.5;1937;1985.5;7844;0
GCHE;D;20201216;000000;1990.5;2059;1980;2037;7280;0
GCHE;D;20201217;000000;2036;2088.5;2030.5;2031.5;4709;0
GCHE;D;20201218;000000;2031.5;2068.5;2002;2031.5;4887;0
GCHE;D;20201221;000000;2050;2050;1976.5;2002;5651;0
GCHE;D;20201222;000000;1995;2025;1975;1979;2838;0
GCHE;D;20201223;000000;1980.5;2008;1971.5;1976.5;3105;0
GCHE;D;20201224;000000;1994;1994;1970;1979;2478;0
GCHE;D;20201225;000000;1982.5;2002.5;1980.5;1990;1552;0
GCHE;D;20201228;000000;1986;2000;1962.5;1966;3590;0
GCHE;D;20201229;000000;1966;1991;1961;1961;4505;0
GCHE;D;20201230;000000;1964;1978.5;1953.5;1973;2157;0
GCHE;D;20210104;000000;1985;1986;1972;1973;3491;0
GCHE;D;20210105;000000;1971;1995.5;1961;1990.5;2245;0
GCHE;D;20210106;000000;2000;2050;1999;2006;5487;0
GCHE;D;20210108;000000;2013;2050;2013;2039;3488;0
GCHE;D;20210111;000000;2043.5;2095;2025;2075;3714;0
GCHE;D;20210112;000000;2082;2100;2070;2088.5;4211;0
GCHE;D;20210113;000000;2088;2096.5;2040.5;2056;4222;0
GCHE;D;20210114;000000;2070.5;2100;2051;2074;5197;0
GCHE;D;20210115;000000;2075;2150;2053.5;2071;8578;0
GCHE;D;20210118;000000;2109;2195;2040.5;2092;14372;0
GCHE;D;20210119;000000;2095.5;2141;2082.5;2087.5;8815;0
GCHE;D;20210120;000000;2083;2120.5;2081;2103;5312;0
GCHE;D;20210121;000000;2116.5;2130.5;2060;2060;6470;0
GCHE;D;20210122;000000;2055.5;2058;2002;2030;4763;0
GCHE;D;20210125;000000;2030;2080;2030;2039;4359;0
GCHE;D;20210126;000000;2056;2077.5;2035;2038;2964;0
GCHE;D;20210127;000000;2033;2066;2002;2010;4733;0
GCHE;D;20210128;000000;2011;2026;1983;2020;3861;0
GCHE;D;20210129;000000;2003;2052;1960;1970;6493;0
GCHE;D;20210201;000000;1992.5;2018;1970;1991.5;4121;0
GCHE;D;20210202;000000;2004.5;2013;1998;2000;3187;0
GCHE;D;20210203;000000;2007;2035.5;1998;2004.5;4383;0
GCHE;D;20210204;000000;1999;2006.5;1978;1978;6421;0
GCHE;D;20210205;000000;1996;2000;1980;1990;3301;0
GCHE;D;20210208;000000;2000.5;2040;1988;2019;4038;0
GCHE;D;20210209;000000;2028.5;2035.5;2000.5;2010;3941;0
GCHE;D;20210210;000000;2000;2036.5;2000;2012;4359;0
GCHE;D;20210211;000000;2069.5;2178;2038;2096;77229;0
GCHE;D;20210212;000000;2121;2133.5;2073;2099;31634;0
GCHE;D;20210215;000000;2115;2119.5;2083.5;2087;29524;0
GCHE;D;20210216;000000;2091;2098;2050;2081;33212;0
GCHE;D;20210217;000000;2082;2095;2080;2083;18438;0
GCHE;D;20210218;000000;2093.5;2104;2074.5;2079;23738;0
GCHE;D;20210219;000000;2086.5;2104.5;2082;2091;23696;0
GCHE;D;20210220;000000;2104;2175;2085.5;2118.5;32700;0
GCHE;D;20210222;000000;2135;2171;2124;2140;37875;0
GCHE;D;20210224;000000;2148;2148;2110;2110.5;28405;0
GCHE;D;20210225;000000;2126;2147;2088;2122;35041;0
GCHE;D;20210226;000000;2082;2128;2082;2112;13777;0
GCHE;D;20210301;000000;2117.5;2175;2106;2165.5;25596;0
GCHE;D;20210302;000000;2169;2252;2168;2245;43165;0
GCHE;D;20210303;000000;2253;2384.5;2252;2365;59997;0
GCHE;D;20210304;000000;2390.5;2537.5;2307.5;2456;96791;0
GCHE;D;20210305;000000;2456;2531;2334;2370;51526;0
GCHE;D;20210309;000000;2390;2458;2330;2420;41195;0
GCHE;D;20210310;000000;2435;2450;2390;2420;13504;0
GCHE;D;20210311;000000;2450;2450;2411;2444;15579;0
GCHE;D;20210312;000000;2444;2470;2438;2456;23382;0
GCHE;D;20210315;000000;2444.5;2479;2410;2437.5;22251;0
GCHE;D;20210316;000000;2445;2445;2283;2384;44908;0
GCHE;D;20210317;000000;2383;2410;2355.5;2409;14596;0
GCHE;D;20210318;000000;2430;2445;2410;2432.5;10961;0
GCHE;D;20210319;000000;2430;2455;2420.5;2442;9084;0
GCHE;D;20210322;000000;2474;2489;2432.5;2480;16100;0
GCHE;D;20210323;000000;2483.5;2512;2455.5;2475;19671;0
GCHE;D;20210324;000000;2460;2492;2425;2451.5;14195;0
GCHE;D;20210325;000000;2455.5;2472.5;2440;2452;10026;0
GCHE;D;20210326;000000;2459;2488;2442;2465;21509;0
GCHE;D;20210329;000000;2484;2495;2461.5;2485;26443;0
GCHE;D;20210330;000000;2498;2499.5;2480.5;2493;28413;0
GCHE;D;20210331;000000;2490;2493;2440;2464;48863;0
GCHE;D;20210401;000000;2485;2485;2440;2470.5;47478;0
GCHE;D;20210402;000000;2309;2369.5;2251;2342.5;88733;0
GCHE;D;20210405;000000;2342.5;2368.5;2282;2307;29003;0
GCHE;D;20210406;000000;2313;2314.5;2235;2262;28002;0
GCHE;D;20210407;000000;2248;2269;2206;2206.5;18849;0
GCHE;D;20210408;000000;2220;2275;2207;2254;11521;0
GCHE;D;20210409;000000;2248.5;2297;2248.5;2276.5;9415;0
GCHE;D;20210412;000000;2282;2330;2274.5;2320.5;14431;0
GCHE;D;20210413;000000;2321;2349;2225;2262;9226;0
GCHE;D;20210414;000000;2277;2297.5;2260;2265;7038;0
GCHE;D;20210415;000000;2295;2295;2230;2255;4724;0
GCHE;D;20210416;000000;2268.5;2269;2245;2248;9824;0
GCHE;D;20210419;000000;2244.5;2263;2220;2226;10232;0
GCHE;D;20210420;000000;2222;2239.5;2210;2210.5;6211;0
GCHE;D;20210421;000000;2217;2227;2200;2202;8338;0
GCHE;D;20210422;000000;2200;2219.5;2195.5;2203;10217;0
GCHE;D;20210423;000000;2207;2245;2205;2222;7801;0
GCHE;D;20210426;000000;2235;2290.5;2224;2274;8894;0
GCHE;D;20210427;000000;2274;2311.5;2274;2289;10294;0
GCHE;D;20210428;000000;2289;2308;2222;2269;6870;0
GCHE;D;20210429;000000;2265.5;2288;2225.5;2229;2934;0
GCHE;D;20210430;000000;2234;2258;2220.5;2242.5;5652;0
GCHE;D;20210504;000000;2300;2316;2204.5;2281.5;14982;0
GCHE;D;20210505;000000;2295.5;2299;2240.5;2260;7386;0
GCHE;D;20210506;000000;2260;2275.5;2235;2240;7809;0
GCHE;D;20210507;000000;2244.5;2270;2243.5;2262.5;4150;0
GCHE;D;20210510;000000;2254;2277.5;2229.5;2230;8062;0
GCHE;D;20210511;000000;2230;2236;2210;2232.5;7358;0
GCHE;D;20210512;000000;2232.5;2259;2232.5;2247;3662;0
GCHE;D;20210513;000000;2268.5;2275;2211;2224.5;5684;0
GCHE;D;20210514;000000;2229;2249.5;2225;2238.5;3105;0
GCHE;D;20210517;000000;2238;2256;2238;2246.5;3307;0
GCHE;D;20210518;000000;2250.5;2281;2243;2271.5;5818;0
GCHE;D;20210519;000000;2280;2312;2262;2284.5;8387;0
GCHE;D;20210520;000000;2297.5;2350;2238.5;2276.5;21989;0
GCHE;D;20210521;000000;2276.5;2298.5;2200;2257.5;9147;0
GCHE;D;20210524;000000;2263;2275;2200;2253.5;4502;0
GCHE;D;20210525;000000;2219.5;2276;2212.5;2245;4865;0
GCHE;D;20210526;000000;2246.5;2260;2235;2244.5;8534;0
GCHE;D;20210527;000000;2263;2277;2232.5;2238;2704;0
GCHE;D;20210528;000000;2243;2246.5;2230;2238;4137;0
GCHE;D;20210531;000000;2243;2265;2230;2263;5070;0
GCHE;D;20210601;000000;2264;2274;2254;2263;4334;0
GCHE;D;20210602;000000;2256;2262;2248;2259.5;2765;0
GCHE;D;20210603;000000;2269;2270;2247;2248;4035;0
GCHE;D;20210604;000000;2250;2258.5;2240;2247;4258;0
GCHE;D;20210607;000000;2254.5;2267;2247;2257;4572;0
GCHE;D;20210608;000000;2257.5;2278;2257.5;2271;3877;0
GCHE;D;20210609;000000;2271;2273.5;2260;2268.5;3058;0
GCHE;D;20210610;000000;2268.5;2275.5;2260;2270.5;6722;0
GCHE;D;20210611;000000;2270;2275;2261;2271;2835;0
GCHE;D;20210614;000000;2271;2289;2261;2267.5;3087;0
GCHE;D;20210615;000000;2264.5;2276;2260;2265;3037;0
GCHE;D;20210616;000000;2264.5;2268.5;2251.5;2267;3002;0
GCHE;D;20210617;000000;2269;2269;2255;2260;1654;0
GCHE;D;20210618;000000;2264.5;2267;2240;2241.5;4362;0
GCHE;D;20210621;000000;2242;2260;2242;2255;2250;0
GCHE;D;20210622;000000;2266.5;2266.5;2243;2254.5;3782;0
GCHE;D;20210623;000000;2249.5;2267;2246.5;2254;2204;0
GCHE;D;20210624;000000;2257.5;2258;2235;2241.5;2941;0
GCHE;D;20210625;000000;2241;2253;2221.5;2227;4543;0
GCHE;D;20210628;000000;2217;2250;2212.5;2246;2551;0
GCHE;D;20210629;000000;2245;2249;2226;2230.5;3143;0
GCHE;D;20210630;000000;2226;2249;2226;2231;2718;0
GCHE;D;20210701;000000;2230;2239;2216;2226;5167;0
GCHE;D;20210702;000000;2229;2241;2220.5;2238;3815;0
GCHE;D;20210705;000000;2236;2238;2220;2228;3248;0
GCHE;D;20210706;000000;2231.5;2237.5;2225.5;2232.5;2141;0
GCHE;D;20210707;000000;2228;2236;2221;2223.5;2495;0
GCHE;D;20210708;000000;2228.5;2228.5;2210;2216.5;2799;0
GCHE;D;20210709;000000;2225;2232;2216.5;2224;2457;0
GCHE;D;20210712;000000;2222;2248.5;2221.5;2244.5;4785;0
GCHE;D;20210713;000000;2239.5;2266;2239.5;2251;3918;0
GCHE;D;20210714;000000;2248;2267;2232;2236;6498;0
GCHE;D;20210715;000000;2240.5;2270.5;2240;2266.5;4541;0
GCHE;D;20210716;000000;2271;2280.5;2253;2258;3741;0
GCHE;D;20210719;000000;2269.5;2274;2220;2221.5;6111;0
GCHE;D;20210720;000000;2219.5;2245;2219.5;2242;1717;0
GCHE;D;20210721;000000;2247;2269;2243.5;2254;1327;0
GCHE;D;20210722;000000;2254;2264.5;2240;2252.5;4317;0
GCHE;D;20210723;000000;2258;2260;2240.5;2254.5;2202;0
GCHE;D;20210726;000000;2254;2325;2244;2312.5;9929;0
GCHE;D;20210727;000000;2295;2370;2295;2340;8353;0
GCHE;D;20210728;000000;2335;2394;2318.5;2329;8789;0
GCHE;D;20210729;000000;2329;2380;2326.5;2380;5908;0
GCHE;D;20210730;000000;2379;2397.5;2352;2370.5;6058;0
GCHE;D;20210802;000000;2378.5;2378.5;2252;2353.5;8937;0
GCHE;D;20210803;000000;2350;2392;2345;2374;5777;0
GCHE;D;20210804;000000;2374.5;2397.5;2372;2377.5;3642;0
GCHE;D;20210805;000000;2307.5;2394;2307.5;2371.5;5116;0
GCHE;D;20210806;000000;2379.5;2379.5;2350;2354;2607;0
GCHE;D;20210809;000000;2350;2370;2330;2369.5;2837;0
GCHE;D;20210810;000000;2364;2388;2361;2380.5;9151;0
GCHE;D;20210811;000000;2381;2430;2380;2397.5;11215;0
GCHE;D;20210812;000000;2398.5;2447.5;2398.5;2432;6927;0
GCHE;D;20210813;000000;2425;2455;2423;2445.5;7621;0
GCHE;D;20210816;000000;2447;2478;2404.5;2461.5;10463;0
GCHE;D;20210817;000000;2461.5;2494.5;2420;2474;10541;0
GCHE;D;20210818;000000;2411;2474.5;2400;2432;14350;0
GCHE;D;20210819;000000;2429.5;2429.5;2370;2375.5;7264;0
GCHE;D;20210820;000000;2412;2412;2341.5;2380.5;6681;0
GCHE;D;20210823;000000;2370.5;2480;2370.5;2477.5;16199;0
GCHE;D;20210824;000000;2475;2497.5;2475;2493.5;7702;0
GCHE;D;20210825;000000;2498;2509.5;2488;2509.5;10794;0
GCHE;D;20210826;000000;2500;2505;2438;2500;5526;0
GCHE;D;20210827;000000;2500;2515;2493;2512;8232;0
GCHE;D;20210830;000000;2523.5;2723.5;2512;2719;20904;0
GCHE;D;20210831;000000;2719;2980;2651;2725;22588;0
GCHE;D;20210901;000000;2725;2775;2630.5;2689;10347;0
GCHE;D;20210902;000000;2705;2762;2650;2710;8368;0
GCHE;D;20210903;000000;2730;2886;2685.5;2862;12572;0
GCHE;D;20210906;000000;2870;2990;2862;2940;13233;0
GCHE;D;20210907;000000;2966;3000;2850;2990;12433;0
GCHE;D;20210908;000000;2952;3000;2900;2970;11320;0
GCHE;D;20210909;000000;3000;3000;2906.5;2969.5;6866;0
GCHE;D;20210910;000000;2975.5;3000;2900.5;2999.5;9807;0
GCHE;D;20210913;000000;3010;3140;3010;3128;15471;0
GCHE;D;20210914;000000;3136;3560;3136;3340;51932;0
GCHE;D;20210915;000000;3374.5;3379.5;3150;3277;20417;0
GCHE;D;20210916;000000;3310;3580;3233;3467;36519;0
GCHE;D;20210917;000000;3450;3700;3312.5;3394.5;70034;0
GCHE;D;20210920;000000;3300.5;3496.5;3067.5;3217.5;43351;0
GCHE;D;20210921;000000;3294.5;3320;3112.5;3122.5;22302;0
GCHE;D;20210922;000000;3175;3268;3066;3219;20259;0
GCHE;D;20210923;000000;3294;3300;3156;3197.5;22989;0
GCHE;D;20210924;000000;3197.5;3258;3050;3089;23105;0
GCHE;D;20210927;000000;3136;3136;2913;2930.5;24960;0
GCHE;D;20210928;000000;2971;3112;2917.5;3069.5;25491;0
GCHE;D;20210929;000000;3180;3180;2972;3035.5;16224;0
GCHE;D;20210930;000000;2960;3005;2910.5;2930;21583;0
GCHE;D;20211001;000000;2930;2987;2930;2962;4930;0
GCHE;D;20211004;000000;2956;3110;2930;3014;11453;0
GCHE;D;20211005;000000;2975;3095;2968.5;3010;7944;0
GCHE;D;20211006;000000;3016;3098.5;2939;2940;4911;0
GCHE;D;20211007;000000;2950;3147.5;2940.5;3071.5;16096;0
GCHE;D;20211008;000000;3071.5;3400;3047.5;3225.5;24467;0
GCHE;D;20211011;000000;3227;3433.5;3227;3317;20176;0
GCHE;D;20211012;000000;3399.5;3399.5;3190;3194;12917;0
GCHE;D;20211013;000000;3193.5;3348.5;3112.5;3241;16988;0
GCHE;D;20211014;000000;3300;3306;3200;3220;4558;0
GCHE;D;20211015;000000;3208;3324;3200.5;3292;9811;0
GCHE;D;20211018;000000;3252;3400;3229;3280;10760;0
GCHE;D;20211019;000000;3270;3380;3266.5;3332.5;6004;0
GCHE;D;20211020;000000;3308;3420;3300.5;3381.5;6155;0
GCHE;D;20211021;000000;3372;3500;3357.5;3499;13253;0
GCHE;D;20211022;000000;3500;3673;3300.5;3340;18675;0
GCHE;D;20211025;000000;3379;3600;3340;3533.5;15645;0
GCHE;D;20211026;000000;3535;3675;3460.5;3520.5;17304;0
GCHE;D;20211027;000000;3520;3640;3515;3574.5;10918;0
GCHE;D;20211028;000000;3554;3675;3371.5;3460.5;13070;0
GCHE;D;20211029;000000;3566;3590;3471;3543.5;7854;0
GCHE;D;20211101;000000;3532;3600;3376;3509.5;10533;0
GCHE;D;20211102;000000;3530.5;3565;3500;3507;5199;0
GCHE;D;20211103;000000;3527;3527.5;3442.5;3456;2939;0
GCHE;D;20211105;000000;3442.5;3519.5;3371.5;3375.5;8897;0
GCHE;D;20211108;000000;3359;3510;3266.5;3433;11767;0
GCHE;D;20211109;000000;3442;3499.5;3440;3478.5;3537;0
GCHE;D;20211110;000000;3479;3548;3449;3459.5;4977;0
GCHE;D;20211111;000000;3442.5;3489;3305;3349.5;8866;0
GCHE;D;20211112;000000;3396.5;3460;3311;3407;7439;0
GCHE;D;20211115;000000;3436.5;3499;3376;3470;3537;0
GCHE;D;20211116;000000;3458;3579;3458;3532;7519;0
GCHE;D;20211117;000000;3521.5;3597;3482.5;3496.5;3928;0
GCHE;D;20211118;000000;3480;3587;3330;3344.5;11138;0
GCHE;D;20211119;000000;3344.5;3445;3180.5;3245.5;13687;0
GCHE;D;20211122;000000;3245.5;3245.5;3038;3060;15382;0
GCHE;D;20211123;000000;3083.5;3227.5;2950;3143.5;15349;0
GCHE;D;20211124;000000;3188;3300;3153;3245;10196;0
GCHE;D;20211125;000000;3246;3294.5;3082.5;3129;11280;0
GCHE;D;20211126;000000;3110;3110;3021;3030.5;8478;0
GCHE;D;20211129;000000;3081.5;3125.5;2969.5;3024.5;11777;0
GCHE;D;20211130;000000;3029;3036;2930;2960;8177;0
GCHE;D;20211201;000000;2987.5;3050;2928;2979.5;11339;0
GCHE;D;20211202;000000;2993;3023;2975.5;3006.5;4881;0
GCHE;D;20211203;000000;3019;3070;3009.5;3014.5;4353;0
GCHE;D;20211206;000000;3045;3075.5;2850.5;2865;8430;0
GCHE;D;20211207;000000;2952;2981.5;2860;2873.5;6318;0
GCHE;D;20211208;000000;2968.5;2968.5;2765;2813;7258;0
GCHE;D;20211209;000000;2813;2911.5;2755;2800;7565;0
GCHE;D;20211210;000000;2836;2836;2660;2702;11843;0
GCHE;D;20211213;000000;2702;2748;2601.5;2645;8574;0
GCHE;D;20211214;000000;2645;2876;2605.5;2793.5;10503;0
GCHE;D;20211215;000000;2793.5;2950;2793.5;2913.5;8426;0
GCHE;D;20211216;000000;3115;3115;2971.5;3009;6159;0
GCHE;D;20211217;000000;3009;3009;2954;2980;1919;0
GCHE;D;20211220;000000;2922;2980;2780;2786.5;7656;0
GCHE;D;20211221;000000;2808;2835.5;2721.5;2744.5;5645;0
GCHE;D;20211222;000000;2761.5;2834.5;2735;2809.5;6035;0
GCHE;D;20211223;000000;2835;2922.5;2810;2867;5407;0
GCHE;D;20211224;000000;2934;2934;2822;2861.5;2927;0
GCHE;D;20211227;000000;2886;3000;2803;2947;4822;0
GCHE;D;20211228;000000;2936;3050;2936;2973.5;4357;0
GCHE;D;20211229;000000;2944;2981.5;2885;2910;4320;0
GCHE;D;20211230;000000;2894;2968.5;2894;2944;2307;0
GCHE;D;20220103;000000;3011;3070;2957;3063.5;4360;0
GCHE;D;20220104;000000;3072;3095;2952.5;3000;5672;0
GCHE;D;20220105;000000;2931;3117.5;2931;3058;5573;0
GCHE;D;20220106;000000;3042;3055;2951.5;2992;3790;0
GCHE;D;20220107;000000;0;0;0;0;0;0
GCHE;D;20220110;000000;2998;3115;2997.5;3006.5;3541;0
GCHE;D;20220111;000000;3038.5;3080;3011;3025;2709;0
GCHE;D;20220112;000000;3022;3059;3020;3027;3112;0
GCHE;D;20220113;000000;3026;3170;3026;3078;10302;0
GCHE;D;20220114;000000;3070;3080;2930;3041;8756;0
GCHE;D;20220117;000000;3030.5;3100;2975;2999;4681;0
GCHE;D;20220118;000000;3010;3029;2850;2884.5;9366;0
GCHE;D;20220119;000000;2822;3029.5;2820;2960;5106;0
GCHE;D;20220120;000000;3029.5;3042.5;2851;2963.5;3954;0
GCHE;D;20220121;000000;2951.5;2964;2860.5;2911;2823;0
GCHE;D;20220124;000000;2943.5;2943.5;2704;2704;8998;0
GCHE;D;20220125;000000;2727;2900;2704.5;2762.5;4553;0
GCHE;D;20220126;000000;2820;2938;2782;2883.5;3778;0
GCHE;D;20220127;000000;2883.5;2950;2856.5;2903;3674;0
GCHE;D;20220128;000000;2931;2980;2870;2925.5;3532;0
GCHE;D;20220131;000000;3026;3026;2950.5;2996;3622;0
GCHE;D;20220201;000000;3015;3042.5;2996;3013.5;2200;0
GCHE;D;20220202;000000;3034;3104.5;3003;3082.5;4259;0
GCHE;D;20220203;000000;3032;3048.5;2920;2937;8341;0
GCHE;D;20220204;000000;2955;2996.5;2941;2980;3127;0
GCHE;D;20220207;000000;3000;3020;2951;2972.5;2532;0
GCHE;D;20220208;000000;2954.5;3019;2954.5;2981;2863;0
GCHE;D;20220209;000000;3030;3060;3000;3051;3854;0
GCHE;D;20220210;000000;3042;3070;2990;3047.5;3298;0
GCHE;D;20220211;000000;3011.5;3080;3011.5;3034;4273;0
GCHE;D;20220214;000000;3052.5;3066;2952;2981;5546;0
GCHE;D;20220215;000000;3004.5;3100;2999;3018;4913;0
GCHE;D;20220216;000000;3045;3106;3015;3078;7506;0
GCHE;D;20220217;000000;3107;3160;3075.5;3097;8913;0
GCHE;D;20220218;000000;3124.5;3299.5;2968.5;3012;16907;0
GCHE;D;20220221;000000;3100;3115.5;2762.5;2816.5;16909;0
GCHE;D;20220222;000000;2765;2950;2600;2939.5;13073;0
GCHE;D;20220223;000000;0;0;0;0;0;0
GCHE;D;20220224;000000;2641.5;2641.5;2300;2500;18391;0
GCHE;D;20220225;000000;2600;2998;2544;2815;8516;0
GCHE;D;20220228;000000;0;0;0;0;0;0
GCHE;D;20220301;000000;0;0;0;0;0;0
GCHE;D;20220302;000000;0;0;0;0;0;0
GCHE;D;20220303;000000;0;0;0;0;0;0
GCHE;D;20220304;000000;0;0;0;0;0;0
GCHE;D;20220309;000000;0;0;0;0;0;0
GCHE;D;20220310;000000;0;0;0;0;0;0
GCHE;D;20220311;000000;0;0;0;0;0;0
GCHE;D;20220314;000000;0;0;0;0;0;0
GCHE;D;20220315;000000;0;0;0;0;0;0
GCHE;D;20220316;000000;0;0;0;0;0;0
GCHE;D;20220317;000000;0;0;0;0;0;0
GCHE;D;20220318;000000;0;0;0;0;0;0
GCHE;D;20220321;000000;0;0;0;0;0;0
GCHE;D;20220322;000000;0;0;0;0;0;0
GCHE;D;20220323;000000;0;0;0;0;0;0
GCHE;D;20220324;000000;0;0;0;0;0;0
GCHE;D;20220325;000000;0;0;0;0;0;0
GCHE;D;20220328;000000;3025;3200;2775;3188;23675;0
GCHE;D;20220329;000000;3205;3600;3205;3282;19068;0
GCHE;D;20220330;000000;3297.5;3550;3260;3377;10984;0
GCHE;D;20220331;000000;3385;3419.5;3260;3277;12267;0
GCHE;D;20220401;000000;3277;3333.5;3124;3240;10928;0
GCHE;D;20220404;000000;3239;3249.5;3035.5;3120;9553;0
GCHE;D;20220405;000000;3180;3180;3000;3059;6388;0
GCHE;D;20220406;000000;3065;3199.5;3000.5;3150;8656;0
GCHE;D;20220407;000000;3200;3215;3150;3180.5;4229;0
GCHE;D;20220408;000000;3182.5;3519.5;3175;3356;32050;0
GCHE;D;20220411;000000;3500;3520;3200;3308.5;10315;0
GCHE;D;20220412;000000;3204;3499;3204;3421;8246;0
GCHE;D;20220413;000000;3439.5;3439.5;3350;3377;3846;0
GCHE;D;20220414;000000;3450;3450;3113;3155;7657;0
GCHE;D;20220415;000000;3157;3350;3049;3165;10178;0
GCHE;D;20220418;000000;3165;3200;3006.5;3054;8276;0
GCHE;D;20220419;000000;3079.5;3079.5;2798;3001;14985;0
GCHE;D;20220420;000000;2980;3080;2838;2886;10797;0
GCHE;D;20220421;000000;2916.5;3047;2888.5;2960;7660;0
GCHE;D;20220422;000000;2960;3030;2900;2901;5850;0
GCHE;D;20220425;000000;2929;2929;2801;2825;6387;0
GCHE;D;20220426;000000;2831;2927.5;2829.5;2876;5097;0
GCHE;D;20220427;000000;2898;2986.5;2870;2920.5;6187;0
GCHE;D;20220428;000000;2998.5;2998.5;2900;2927;7591;0
GCHE;D;20220429;000000;2930;2962;2901;2913;3766;0
GCHE;D;20220504;000000;2915;2979;2700;2890.5;7488;0
GCHE;D;20220505;000000;2890;2910.5;2843;2868;6783;0
GCHE;D;20220506;000000;2868;2900;2800;2850;3915;0
GCHE;D;20220511;000000;2850;2874;2830.5;2870;5389;0
GCHE;D;20220512;000000;2870;2943.5;2851;2901;6212;0
GCHE;D;20220513;000000;2915;3002;2860.5;2907;3989;0
GCHE;D;20220516;000000;2916;3000;2885.5;2939;6423;0
GCHE;D;20220517;000000;2960;3075;2933;3050;7540;0
GCHE;D;20220518;000000;3070;3127;2916;2966;9022;0
GCHE;D;20220519;000000;2975;2985.5;2921;2931.5;3357;0
GCHE;D;20220520;000000;2957.5;2957.5;2880;2881.5;5109;0
GCHE;D;20220523;000000;2883.5;2922.5;2880;2890.5;3480;0
GCHE;D;20220524;000000;2891;2895;2800;2889;4572;0
GCHE;D;20220525;000000;2906;3010;2830;2851;6298;0
GCHE;D;20220526;000000;2832.5;2899.5;2830;2859.5;4255;0
GCHE;D;20220527;000000;2909;3100;2851;2905;31151;0
GCHE;D;20220530;000000;2926;2953;2835.5;2869;7668;0
GCHE;D;20220531;000000;2864;2887.5;2836;2859;3078;0
GCHE;D;20220601;000000;2850;2898;2832;2840;3775;0
GCHE;D;20220602;000000;2847.5;2851;2801.5;2806;3695;0
GCHE;D;20220603;000000;2806;2850.5;2760;2787;3237;0
GCHE;D;20220606;000000;2804;2831;2760.5;2801.5;2806;0
GCHE;D;20220607;000000;2800.5;2823;2771.5;2810;2784;0
GCHE;D;20220608;000000;2813.5;2888;2785;2790.5;6335;0
GCHE;D;20220609;000000;2801;2885;2738;2761;4692;0
GCHE;D;20220610;000000;2740.5;2797.5;2740.5;2750;2506;0
GCHE;D;20220614;000000;2797;2797;2720;2742;2798;0
GCHE;D;20220615;000000;2748.5;2748.5;2700;2710;4216;0
GCHE;D;20220616;000000;2734;2734;2705.5;2710;3128;0
GCHE;D;20220617;000000;2715;2730;2700;2709.5;3435;0
GCHE;D;20220620;000000;2709.5;2757.5;2704;2748;4350;0
GCHE;D;20220621;000000;2760;2798;2744;2767;5001;0
GCHE;D;20220622;000000;2790;2790;2700;2731.5;3956;0
GCHE;D;20220623;000000;2728.5;2738.5;2707;2718.5;2237;0
GCHE;D;20220624;000000;2730;2737.5;2710;2714;3443;0
GCHE;D;20220627;000000;2714;2791;2712.5;2757;3422;0
GCHE;D;20220628;000000;2779.5;2779.5;2727;2736.5;3193;0
GCHE;D;20220629;000000;2736.5;2770.5;2712;2733;2960;0
GCHE;D;20220630;000000;2734;2749.5;2650;2684;6894;0
GCHE;D;20220701;000000;2690;2690;2580;2640;5733;0
GCHE;D;20220704;000000;2640;2730;2604;2631;6089;0
GCHE;D;20220705;000000;2650;2650;2601.5;2613;3204;0
GCHE;D;20220706;000000;2630;2699.5;2614;2645.5;4031;0
GCHE;D;20220707;000000;2665;2674;2645;2649;1551;0
GCHE;D;20220708;000000;2649;2674.5;2641;2650.5;2508;0
GCHE;D;20220711;000000;2674.5;2674.5;2613;2640;4133;0
GCHE;D;20220712;000000;2630;2647;2602;2610.5;2694;0
GCHE;D;20220713;000000;2666;2666;2550;2566.5;2986;0
GCHE;D;20220714;000000;2600;2619;2522;2579;4683;0
GCHE;D;20220715;000000;2579;2606;2550;2570;2141;0
GCHE;D;20220718;000000;2500;2579.5;2500;2532;3382;0
GCHE;D;20220719;000000;2535;2535;2513;2521.5;1770;0
GCHE;D;20220720;000000;2500.5;2531;2500.5;2512;2039;0
GCHE;D;20220721;000000;2510.5;2547.5;2424.5;2487;4162;0
GCHE;D;20220722;000000;2485.5;2535;2485;2506;2608;0
GCHE;D;20220725;000000;2501;2538.5;2501;2525;2444;0
GCHE;D;20220726;000000;2525;2566;2502.5;2550;4879;0
GCHE;D;20220727;000000;2550;2653.5;2545.5;2630;7391;0
GCHE;D;20220728;000000;2630;2700;2580.5;2610.5;4086;0
GCHE;D;20220729;000000;2616;2690;2596.5;2647;5900;0
GCHE;D;20220801;000000;2661;2724;2618;2651;7144;0
GCHE;D;20220802;000000;2671.5;2682.5;2607;2613;3086;0
GCHE;D;20220803;000000;2629;2630;2509.5;2569.5;6491;0
GCHE;D;20220804;000000;2570.5;2654;2559;2605.5;4106;0
GCHE;D;20220805;000000;2615;2615;2490.5;2515.5;6521;0
GCHE;D;20220808;000000;2520;2574;2520;2543;3874;0
GCHE;D;20220809;000000;2543;2639.5;2526;2590.5;3015;0
GCHE;D;20220810;000000;2633;2650;2600;2637.5;3356;0
GCHE;D;20220811;000000;2650;2714;2637.5;2665;5809;0
GCHE;D;20220812;000000;2664;2674.5;2612;2641;2247;0
GCHE;D;20220815;000000;2702;2790;2630;2747;9777;0
GCHE;D;20220816;000000;2788;2788;2675;2751;4174;0
GCHE;D;20220817;000000;2751;2860;2746.5;2807;8693;0
GCHE;D;20220818;000000;2850;2859;2805;2810;5049;0
GCHE;D;20220819;000000;2836.5;2837;2757.5;2801.5;4495;0
GCHE;D;20220822;000000;2797;2950;2754.5;2881;33900;0
GCHE;D;20220823;000000;2882;2934.5;2829;2850;10763;0
GCHE;D;20220824;000000;2849;2892.5;2839.5;2855.5;5139;0
GCHE;D;20220825;000000;2855.5;2884;2821;2843;2977;0
GCHE;D;20220826;000000;2830.5;2851.5;2785;2809;4071;0
GCHE;D;20220829;000000;2809;2894.5;2800;2870.5;5986;0
GCHE;D;20220830;000000;2871;2900;2819.5;2870;5339;0
GCHE;D;20220831;000000;2851;2903;2851;2883.5;3881;0
GCHE;D;20220901;000000;2902;2910.5;2864;2885.5;3568;0
GCHE;D;20220902;000000;2899.5;2899.5;2865;2873;3323;0
GCHE;D;20220905;000000;2873;2890;2867;2889;3339;0
GCHE;D;20220906;000000;2890;2930;2807;2847;7750;0
GCHE;D;20220907;000000;2847;2880;2816.5;2842.5;3080;0
GCHE;D;20220908;000000;2862;3075;2822.5;2960;20478;0
GCHE;D;20220909;000000;2970;3012;2919;2932.5;6382;0
GCHE;D;20220912;000000;2932.5;2991;2927;2940;8970;0
GCHE;D;20220913;000000;2940;2964.5;2880.5;2911;3852;0
GCHE;D;20220914;000000;2911;2948;2865.5;2894.5;3338;0
GCHE;D;20220915;000000;2900.5;2970;2885.5;2898;8350;0
GCHE;D;20220916;000000;2900;2937;2810;2830;5997;0
GCHE;D;20220919;000000;2839;2871;2712;2766.5;20004;0
GCHE;D;20220920;000000;2767;2789;2610;2620;11861;0
GCHE;D;20220921;000000;2520;2680;2349.5;2652.5;9756;0
GCHE;D;20220922;000000;2652.5;2724.5;2600;2646.5;7372;0
GCHE;D;20220923;000000;2639;2639;2437;2510;10019;0
GCHE;D;20220926;000000;2501;2506;2280;2355;9866;0
GCHE;D;20220927;000000;2343.5;2425.5;2301;2373;4984;0
GCHE;D;20220928;000000;2398;2448;2333.5;2369.5;4238;0
GCHE;D;20220929;000000;2400;2404.5;2219;2250;5016;0
GCHE;D;20220930;000000;2279;2384.5;2200;2220.5;7940;0
GCHE;D;20221003;000000;2230;2438;2220.5;2395.5;6044;0
GCHE;D;20221004;000000;2395.5;2473;2320;2454;8280;0
GCHE;D;20221005;000000;2456.5;2465;2320;2402.5;4992;0
GCHE;D;20221006;000000;2423;2437.5;2362.5;2371.5;2406;0
GCHE;D;20221007;000000;2371.5;2415;2331.5;2411;3262;0
GCHE;D;20221010;000000;2250;2471;2250;2409;5291;0
GCHE;D;20221011;000000;2409;2585;2399;2508;5609;0
GCHE;D;20221012;000000;2525;2569.5;2512.5;2555.5;2929;0
GCHE;D;20221013;000000;2555.5;2555.5;2500;2538;2896;0
GCHE;D;20221014;000000;2547;2561.5;2512.5;2540.5;1601;0
GCHE;D;20221017;000000;2543.5;2655;2503;2550;13533;0
GCHE;D;20221018;000000;2560;2574;2512.5;2513.5;3712;0
GCHE;D;20221019;000000;2505;2533.5;2435;2492.5;3063;0
GCHE;D;20221020;000000;2498.5;2561;2492.5;2525;8278;0
GCHE;D;20221021;000000;2565;2565;2500;2520.5;3268;0
GCHE;D;20221024;000000;2520;2564;2502.5;2527;6768;0
GCHE;D;20221025;000000;2527;2600;2511;2582;9871;0
GCHE;D;20221026;000000;2582;2599.5;2502;2567;6850;0
GCHE;D;20221027;000000;2580.5;2691.5;2559.5;2629.5;12087;0
GCHE;D;20221028;000000;2652;2727;2633;2676;13166;0
GCHE;D;20221031;000000;2660;2695;2540.5;2616.5;11748;0
GCHE;D;20221101;000000;2639.5;2662;2600;2609;3488;0
GCHE;D;20221102;000000;2610;2644.5;2600;2608.5;2832;0
GCHE;D;20221103;000000;2630;2630;2512;2560;7602;0
GCHE;D;20221107;000000;2570;2667.5;2550;2620.5;8913;0
GCHE;D;20221108;000000;2632;2632;2593;2593;2900;0
GCHE;D;20221109;000000;2593;2624;2516;2579.5;13805;0
GCHE;D;20221110;000000;2580;2644;2580;2627;5002;0
GCHE;D;20221111;000000;2627;2656;2610.5;2630.5;3402;0
GCHE;D;20221114;000000;2632;2704.5;2609.5;2663.5;5956;0
GCHE;D;20221115;000000;2671.5;2732;2670;2675.5;9517;0
GCHE;D;20221116;000000;2664.5;2720;2634.5;2684;5048;0
GCHE;D;20221117;000000;2715;2795;2687;2742;12057;0
GCHE;D;20221118;000000;2765;2772;2688;2718;5640;0
GCHE;D;20221121;000000;2730;2734.5;2638;2645;8926;0
GCHE;D;20221122;000000;2659;2682;2589;2659;8131;0
GCHE;D;20221123;000000;2653;2688;2626;2674;4691;0
GCHE;D;20221124;000000;2690;2735;2671.5;2711.5;6609;0
GCHE;D;20221125;000000;2730;2748;2710;2720.5;5472;0
GCHE;D;20221128;000000;2738.5;2884.5;2722;2791.5;11655;0
GCHE;D;20221129;000000;2829;2871;2792.5;2822;15655;0
GCHE;D;20221130;000000;2822;2932;2758;2828.5;17590;0
GCHE;D;20221201;000000;2877;2916;2796;2828;13310;0
GCHE;D;20221202;000000;2850;2850;2800;2811;3744;0
GCHE;D;20221205;000000;2830.5;2847.5;2803.5;2832.5;8882;0
GCHE;D;20221206;000000;2844.5;2890;2805;2870;17489;0
GCHE;D;20221207;000000;2884;2950;2862;2927;25510;0
GCHE;D;20221208;000000;2938.5;2950;2850.5;2948.5;27497;0
GCHE;D;20221209;000000;2771;2834;2761;2780;55180;0
GCHE;D;20221212;000000;2783;2809;2712;2718;11328;0
GCHE;D;20221213;000000;2708;2732;2658;2666.5;9384;0
GCHE;D;20221214;000000;2666.5;2691.5;2654.5;2655;5401;0
GCHE;D;20221215;000000;2670;2685;2614;2618.5;6098;0
GCHE;D;20221216;000000;2614;2699.5;2580;2670;8835;0
GCHE;D;20221219;000000;2670;2680.5;2604;2621;4343;0
GCHE;D;20221220;000000;2621.5;2743.5;2621;2685.5;12450;0
GCHE;D;20221221;000000;2687;2743;2675.5;2691;8209;0
GCHE;D;20221222;000000;2696.5;2711.5;2661;2669.5;5698;0
GCHE;D;20221223;000000;2696;2696;2650;2654.5;2028;0
GCHE;D;20221226;000000;2672.5;2705;2657.5;2692;5568;0
GCHE;D;20221227;000000;2695;2748;2692;2735;9261;0
GCHE;D;20221228;000000;2740;2747;2703;2704;4047;0
GCHE;D;20221229;000000;2703;2729;2684;2715;3313;0
GCHE;D;20221230;000000;2715;2725;2710;2710;3075;0
GCHE;D;20230103;000000;2729.5;2750;2703.5;2744;3432;0
GCHE;D;20230104;000000;2754.5;2825;2735;2799.5;9133;0
GCHE;D;20230105;000000;2799.5;2822.5;2762;2774.5;3387;0
GCHE;D;20230106;000000;2794.5;2794.5;2760;2760;2039;0
GCHE;D;20230109;000000;2767;2789.5;2762;2768;2875;0
GCHE;D;20230110;000000;2776;2785.5;2725;2763.5;4067;0
GCHE;D;20230111;000000;2761;2787;2751.5;2782;3092;0
GCHE;D;20230112;000000;2777.5;2825;2777.5;2790;7060;0
GCHE;D;20230113;000000;2817;2817;2723;2764;8299;0
GCHE;D;20230116;000000;2770;2788;2762;2771;5358;0
GCHE;D;20230117;000000;2790;2884;2775;2796.5;24171;0
GCHE;D;20230118;000000;2798.5;2813.5;2779;2793;3625;0
GCHE;D;20230119;000000;2790.5;2799.5;2744;2761;5788;0
GCHE;D;20230120;000000;2761;2799.5;2761;2794;3631;0
GCHE;D;20230123;000000;2799.5;2864.5;2780.5;2833.5;9252;0
GCHE;D;20230124;000000;2845;2885;2824;2824;9911;0
GCHE;D;20230125;000000;2840;2924.5;2812.5;2868.5;18462;0
GCHE;D;20230126;000000;2876.5;2896;2860;2872;5139;0
GCHE;D;20230127;000000;2872;2879.5;2855;2866;3698;0
GCHE;D;20230130;000000;2865.5;2875;2826;2860.5;4796;0
GCHE;D;20230131;000000;2876;2889;2861.5;2874.5;3576;0
GCHE;D;20230201;000000;2888;2899.5;2876;2895;4820;0
GCHE;D;20230202;000000;2895;3048;2895;2981;26720;0
GCHE;D;20230203;000000;2993.5;3019;2930;2958;12871;0
GCHE;D;20230206;000000;2948;3028.5;2945;3012;12086;0
GCHE;D;20230207;000000;3024.5;3043.5;2994.5;3020;8416;0
GCHE;D;20230208;000000;3012;3097;2937.5;2980;23596;0
GCHE;D;20230209;000000;2999.5;2999.5;2930;2952;6978;0
GCHE;D;20230210;000000;2961;3015;2949;2986;4497;0
GCHE;D;20230213;000000;3000;3019.5;2975;2996.5;5049;0
GCHE;D;20230214;000000;3005;3005;2955;2961.5;5238;0
GCHE;D;20230215;000000;2961.5;2962;2816;2836.5;10893;0
GCHE;D;20230216;000000;2837;2880;2801.5;2828;7974;0
GCHE;D;20230217;000000;2828;2847.5;2775;2820;4326;0
GCHE;D;20230220;000000;2832;2887;2780;2855.5;9157;0
GCHE;D;20230221;000000;2859;2960;2856;2915.5;12511;0
GCHE;D;20230222;000000;2940;2949.5;2872.5;2924;5352;0
GCHE;D;20230224;000000;2926;2970.5;2924.5;2947.5;2587;0
GCHE;D;20230227;000000;2941;3038.5;2930.5;2968.5;11542;0
GCHE;D;20230228;000000;2980;3000;2942.5;2964;7484;0
GCHE;D;20230301;000000;2981;2990.5;2960;2965;4183;0
GCHE;D;20230302;000000;2960.5;2976;2901;2925.5;5497;0
GCHE;D;20230303;000000;2925.5;2970;2925.5;2969.5;2150;0
GCHE;D;20230306;000000;2969.5;3008;2968.5;2977;10406;0
GCHE;D;20230307;000000;2970.5;2989.5;2968;2973.5;3170;0
GCHE;D;20230309;000000;2967;2985;2955.5;2964;2705;0
GCHE;D;20230310;000000;2955.5;2962;2929;2942.5;3967;0
GCHE;D;20230313;000000;2949;2968;2912.5;2945;4369;0
GCHE;D;20230314;000000;2945;3045;2940;2985.5;14949;0
GCHE;D;20230315;000000;2995.5;3009.5;2915;2945;8146;0
GCHE;D;20230316;000000;2953.5;2974.5;2934;2950;4660;0
GCHE;D;20230317;000000;2950.5;2993;2920;2945.5;4185;0
GCHE;D;20230320;000000;2994;2994;2910;2945;7905;0
GCHE;D;20230321;000000;2950;2960;2927.5;2951.5;7753;0
GCHE;D;20230322;000000;2952;2955;2925.5;2937;3535;0
GCHE;D;20230323;000000;2937;2949.5;2928.5;2940;5899;0
GCHE;D;20230324;000000;2955.5;2955.5;2906;2909.5;10641;0
GCHE;D;20230327;000000;2918.5;2950;2906;2928;11855;0
GCHE;D;20230328;000000;2935.5;2949.5;2907;2925;7054;0
GCHE;D;20230329;000000;2931;2994;2881;2977;13430;0
GCHE;D;20230330;000000;2977;3038;2942;2999;16189;0
GCHE;D;20230331;000000;3000;3010;2932;2976.5;8096;0
GCHE;D;20230403;000000;2982;3105.5;2965.5;3027;24105;0
GCHE;D;20230404;000000;3045;3099;3024.5;3035;18545;0
GCHE;D;20230405;000000;3030;3048.5;2980;3033.5;6500;0
GCHE;D;20230406;000000;3023.5;3066;3020;3029;5064;0
GCHE;D;20230407;000000;3057;3057;3022.5;3034;3312;0
GCHE;D;20230410;000000;3035.5;3080;3035.5;3077;10972;0
GCHE;D;20230411;000000;3078;3185;3030;3089;39143;0
GCHE;D;20230412;000000;3072;3150;3063;3111.5;8496;0
GCHE;D;20230413;000000;3110;3148;3006;3095.5;17788;0
GCHE;D;20230414;000000;3118;3118;3080;3109.5;3995;0
GCHE;D;20230417;000000;3110.5;3155.5;3110.5;3142;7092;0
GCHE;D;20230418;000000;3150;3285;3116;3242.5;34859;0
GCHE;D;20230419;000000;3235;3288;3131;3201.5;13127;0
GCHE;D;20230420;000000;3206;3220;3105.5;3174;15853;0
GCHE;D;20230421;000000;3201.5;3218.5;3124;3180;5020;0
GCHE;D;20230424;000000;3177;3194;3150;3151;7207;0
GCHE;D;20230425;000000;3160;3173.5;3140.5;3154.5;2749;0
GCHE;D;20230426;000000;3155;3187;3140;3154.5;5914;0
GCHE;D;20230427;000000;3168;3177.5;3144;3147.5;3328;0
GCHE;D;20230428;000000;3160;3173;3090;3121.5;6676;0
GCHE;D;20230502;000000;3148.5;3148.5;3016.5;3045;7036;0
GCHE;D;20230503;000000;3016.5;3045;2950;2993;8683;0
GCHE;D;20230504;000000;2993;3015;2963.5;2995;3747;0
GCHE;D;20230505;000000;3001;3100;2996.5;3041;7598;0
GCHE;D;20230508;000000;3033.5;3037;3000;3007.5;2125;0
GCHE;D;20230510;000000;3004.5;3107;3004;3081.5;4116;0
GCHE;D;20230511;000000;3081.5;3143.5;3050;3095;4821;0
GCHE;D;20230512;000000;3095;3095;3033.5;3070.5;3267;0
GCHE;D;20230515;000000;3083;3220;3073;3158.5;19215;0
GCHE;D;20230516;000000;3160.5;3249.5;3160.5;3206;14243;0
GCHE;D;20230517;000000;3224.5;3240;3165.5;3207;9734;0
GCHE;D;20230518;000000;3215;3240;3172.5;3182;10016;0
GCHE;D;20230519;000000;3184;3185.5;3005.5;3010;30575;0
GCHE;D;20230522;000000;3030;3133.5;3020;3056.5;27357;0
GCHE;D;20230523;000000;3057;3140;3056.5;3101;18347;0
GCHE;D;20230524;000000;3101;3116;3040;3058;7043;0
GCHE;D;20230525;000000;3061;3095.5;3040.5;3060.5;6481;0
GCHE;D;20230526;000000;3060.5;3074;2983;3015;12464;0
GCHE;D;20230529;000000;3072;3100;3021;3043.5;14013;0
GCHE;D;20230530;000000;3043;3099.5;3000;3046.5;14991;0
GCHE;D;20230531;000000;3023;3046;3016;3030.5;5511;0
GCHE;D;20230601;000000;3030.5;3069.5;3016;3042;14512;0
GCHE;D;20230602;000000;3050;3064.5;3016;3024;6215;0
GCHE;D;20230605;000000;3030;3038;3009;3013;8756;0
GCHE;D;20230606;000000;3013;3017.5;2872.5;3009.5;14941;0
GCHE;D;20230607;000000;3027.5;3039;3009;3015.5;5716;0
GCHE;D;20230608;000000;3040;3044;3015.5;3028;4496;0
GCHE;D;20230609;000000;3028;3072;3010.5;3029;7283;0
GCHE;D;20230613;000000;3036.5;3041;3020;3034.5;4987;0
GCHE;D;20230614;000000;3041.5;3047;3020;3025;4092;0
GCHE;D;20230615;000000;3024.5;3036.5;3008;3030;4248;0
GCHE;D;20230616;000000;3030;3160;3030;3100;37626;0
GCHE;D;20230619;000000;3110.5;3130;3061;3112;7197;0
GCHE;D;20230620;000000;3122;3196;3100.5;3151;23306;0
GCHE;D;20230621;000000;3151.5;3178.5;3115;3121.5;7550;0
GCHE;D;20230622;000000;3131;3137.5;3121.5;3130;4029;0
GCHE;D;20230623;000000;3120;3120.5;3068;3093;7231;0
GCHE;D;20230626;000000;3100;3100;3046;3070.5;7365;0
GCHE;D;20230627;000000;3071;3130;3054.5;3119;7509;0
GCHE;D;20230628;000000;3135;3135;3094.5;3100;3379;0
GCHE;D;20230629;000000;3095;3237;3049;3156.5;36885;0
GCHE;D;20230630;000000;3156.5;3165;3099;3126.5;7842;0
GCHE;D;20230703;000000;3127;3190;3125.5;3150;4468;0
GCHE;D;20230704;000000;3168;3168;3102;3128;2683;0
GCHE;D;20230705;000000;3130;3227;3116.5;3185;19120;0
GCHE;D;20230706;000000;3194.5;3200.5;3100.5;3113;12661;0
GCHE;D;20230707;000000;3132.5;3134.5;3105;3128;3634;0
GCHE;D;20230710;000000;3146;3155;3129;3147;4006;0
GCHE;D;20230711;000000;3164;3179.5;3136;3162;3551;0
GCHE;D;20230712;000000;3154.5;3175;3142.5;3164;4405;0
GCHE;D;20230713;000000;3159.5;3179.5;3145;3162;3246;0
GCHE;D;20230714;000000;3170;3194.5;3150;3177.5;4369;0
GCHE;D;20230717;000000;3177.5;3246.5;3160.5;3227.5;15882;0
GCHE;D;20230718;000000;3227.5;3408.5;3227.5;3352.5;46442;0
GCHE;D;20230719;000000;3369;3446;3350;3372.5;27720;0
GCHE;D;20230720;000000;3395;3397;3301;3308;9377;0
GCHE;D;20230721;000000;3303;3349;3241;3334.5;8320;0
GCHE;D;20230724;000000;3349;3465;3338;3440;17259;0
GCHE;D;20230725;000000;3444;3489.5;3308;3434;15349;0
GCHE;D;20230726;000000;3425;3452;3374.5;3408.5;7155;0
GCHE;D;20230727;000000;3449;3449;3390.5;3424;6292;0
GCHE;D;20230728;000000;3424;3440;3402;3419.5;4425;0
GCHE;D;20230731;000000;3411.5;3456;3411;3433;7883;0
GCHE;D;20230801;000000;3440;3440;3399;3423;5568;0
GCHE;D;20230802;000000;3423;3490;3420;3466;12223;0
GCHE;D;20230803;000000;3477.5;3550;3440.5;3480;21837;0
GCHE;D;20230804;000000;3482;3547;3392.5;3435.5;16066;0
GCHE;D;20230807;000000;3437;3520;3436;3445.5;10572;0
GCHE;D;20230808;000000;3442;3464.5;3266;3370;13220;0
GCHE;D;20230809;000000;3380;3700;3375.5;3443.5;56625;0
GCHE;D;20230810;000000;3474;3540;3463.5;3531;9722;0
GCHE;D;20230811;000000;3543.5;3564.5;3490;3538;5803;0
GCHE;D;20230814;000000;3551;4991;3540.5;4211.5;418052;0
GCHE;D;20230815;000000;4143;4589;3911;4126;234825;0
GCHE;D;20230816;000000;4137.5;4146.5;3732;3873;51243;0
GCHE;D;20230817;000000;4014.5;4310;3931.5;4067;187481;0
GCHE;D;20230818;000000;4079.5;4109;3916.5;3958;33799;0
GCHE;D;20230821;000000;4000;4088.5;3966;4033;24677;0
GCHE;D;20230822;000000;4113;4113;4040;4069.5;30344;0
GCHE;D;20230823;000000;4099;4190;3960.5;4070;52110;0
GCHE;D;20230824;000000;4070;4077.5;4010;4033;11602;0
GCHE;D;20230825;000000;4054;4164;4040.5;4067;32033;0
GCHE;D;20230828;000000;4067;4137.5;4051;4088.5;16933;0
GCHE;D;20230829;000000;4099;4387;4060;4199.5;112850;0
GCHE;D;20230830;000000;4200;4320;4199;4207.5;34563;0
GCHE;D;20230831;000000;4209;4261.5;4100;4160;20844;0
GCHE;D;20230901;000000;4175;4350;4160;4225;36378;0
GCHE;D;20230904;000000;4240;4427;4215.5;4307;69361;0
GCHE;D;20230905;000000;4330.5;4600;4320;4600;113200;0
GCHE;D;20230906;000000;4600;4670;4399.5;4473;42726;0
GCHE;D;20230907;000000;4473.5;4781;4090;4400;125739;0
GCHE;D;20230908;000000;4410;4459;4152;4291.5;20830;0
GCHE;D;20230911;000000;4290;4506;4161;4310.5;27735;0
GCHE;D;20230912;000000;4356.5;4540;4306;4490;34350;0
GCHE;D;20230913;000000;4499;4590;4311.5;4413;26761;0
GCHE;D;20230914;000000;4413;4417.5;3920;4181.5;40388;0
GCHE;D;20230915;000000;4312;4366;4070;4311;15132;0
GCHE;D;20230918;000000;4260.5;4427;4138;4250;25722;0
GCHE;D;20230919;000000;4292.5;4320;4145;4145.5;15136;0
GCHE;D;20230920;000000;4394.5;4474;3952.5;4292.5;79880;0
GCHE;D;20230921;000000;4292;4342;4127.5;4147;13024;0
GCHE;D;20230922;000000;4130;4148;3730;4081.5;29518;0
GCHE;D;20230925;000000;4110.5;4200;4084.5;4149.5;11174;0
GCHE;D;20230926;000000;4177.5;4286.5;4070.5;4124.5;14974;0
GCHE;D;20230927;000000;4123.5;4193.5;4116;4163;13626;0
GCHE;D;20230928;000000;4172;4345;4092;4279.5;69863;0
GCHE;D;20230929;000000;4190;4248;4158;4175.5;19439;0
GCHE;D;20231002;000000;4175;4270;4101.5;4169;25513;0
GCHE;D;20231003;000000;4169;4224.5;4160;4162.5;7923;0
GCHE;D;20231004;000000;4162.5;4250;4162.5;4173.5;12930;0
GCHE;D;20231005;000000;4250;4250;4134.5;4150;6504;0
GCHE;D;20231006;000000;4120.5;4175;4120.5;4161;4435;0
GCHE;D;20231009;000000;4181;4199.5;4118;4137.5;7256;0
GCHE;D;20231010;000000;4137.5;4170.5;4016;4060;10627;0
GCHE;D;20231011;000000;4089;4112.5;4027;4035.5;5417;0
GCHE;D;20231012;000000;4020;4127.5;4000;4083;11250;0
GCHE;D;20231013;000000;4130;4165;4048;4102.5;9285;0
GCHE;D;20231016;000000;4100;4150;4048;4141.5;8801;0
GCHE;D;20231017;000000;4157;4188.5;4098;4137;7511;0
GCHE;D;20231018;000000;4145.5;4449.5;4137;4307;84415;0
GCHE;D;20231019;000000;4306;4464;4253;4263.5;36633;0
GCHE;D;20231020;000000;4379;4379;4200;4224;9536;0
GCHE;D;20231023;000000;4230;4295.5;4200;4238;8075;0
GCHE;D;20231024;000000;4245;4245;4200.5;4211;6354;0
GCHE;D;20231025;000000;4211;4229;4100;4155;8403;0
GCHE;D;20231026;000000;4156;4156;4070;4085;6171;0
GCHE;D;20231027;000000;4085;4133;4052;4113;5261;0
GCHE;D;20231030;000000;4133;4133;4085;4090.5;4045;0
GCHE;D;20231031;000000;4090.5;4102;4001;4022;6117;0
GCHE;D;20231101;000000;4022;4045.5;4006.5;4020.5;3450;0
GCHE;D;20231102;000000;4060;4150;4024.5;4034.5;6309;0
GCHE;D;20231103;000000;4035;4060.5;4016;4034;3436;0
GCHE;D;20231106;000000;4034;4140;4034;4088.5;7390;0
GCHE;D;20231107;000000;4090;4126.5;4071;4108;4775;0
GCHE;D;20231108;000000;4130;4210;4108.5;4165;10227;0
GCHE;D;20231109;000000;4168.5;4200;4150;4165.5;4625;0
GCHE;D;20231110;000000;4158;4198;4124.5;4133.5;7768;0
GCHE;D;20231113;000000;4139;4172;4121.5;4122.5;4021;0
GCHE;D;20231114;000000;4122;4159.5;4002;4026;6112;0
GCHE;D;20231115;000000;4038;4102.5;4020;4069;4106;0
GCHE;D;20231116;000000;4081.5;4081.5;4016;4021;3906;0
GCHE;D;20231117;000000;4008;4089;4000;4045.5;11783;0
GCHE;D;20231120;000000;4028.5;4099.5;4028.5;4030;3535;0
GCHE;D;20231121;000000;4030;4041.5;3922;3971.5;11916;0
GCHE;D;20231122;000000;3970;4016.5;3946.5;3965;10187;0
GCHE;D;20231123;000000;3970.5;3996.5;3785;3828;17764;0
GCHE;D;20231124;000000;3828;3924.5;3824.5;3845.5;10329;0
GCHE;D;20231127;000000;3847;3882;3751;3768.5;8142;0
GCHE;D;20231128;000000;3768.5;3831.5;3690;3753;11746;0
GCHE;D;20231129;000000;3778.5;3824;3754.5;3807;5131;0
GCHE;D;20231130;000000;3802.5;3806.5;3702;3766;4392;0
GCHE;D;20231201;000000;3767;3789.5;3700;3702.5;3173;0
GCHE;D;20231204;000000;3700;3700.5;3600;3654.5;8669;0
GCHE;D;20231205;000000;3654.5;3694.5;3603;3678;4475;0
GCHE;D;20231206;000000;3654.5;3701;3606;3615;3852;0
GCHE;D;20231207;000000;3628;3630.5;3509;3580.5;10261;0
GCHE;D;20231208;000000;3582.5;3700;3581;3651;7185;0
GCHE;D;20231211;000000;3659;3668.5;3615.5;3631;4526;0
GCHE;D;20231212;000000;3631;3656;3610;3644;2474;0
GCHE;D;20231213;000000;3652.5;3680;3620.5;3651.5;3315;0
GCHE;D;20231214;000000;3678;3702;3653.5;3653.5;2548;0
GCHE;D;20231215;000000;3651;3792;3604;3774.5;5760;0
GCHE;D;20231218;000000;3775;3960;3775;3944;9928;0
GCHE;D;20231219;000000;3944;4025;3940.5;3950.5;9911;0
GCHE;D;20231220;000000;3999;4080;3965;4053;8200;0
GCHE;D;20231221;000000;4053;4061.5;3918.5;3955.5;5931;0
GCHE;D;20231222;000000;3990;4066.5;3952.5;4010.5;5704;0
GCHE;D;20231225;000000;4022;4150;3984;4104.5;9731;0
GCHE;D;20231226;000000;4105;4149.5;4032;4091;7397;0
GCHE;D;20231227;000000;4089;4198;4064;4157;14159;0
GCHE;D;20231228;000000;4157;4200;4090.5;4094.5;6103;0
GCHE;D;20231229;000000;4095;4104;4037.5;4097;4810;0
GCHE;D;20240103;000000;4181.5;4304;4086.5;4185;6782;0
GCHE;D;20240104;000000;4185;4215;4101;4142;5573;0
GCHE;D;20240105;000000;4142;4169.5;4131;4139.5;3061;0
GCHE;D;20240108;000000;4127;4129.5;4050;4090;5120;0
GCHE;D;20240109;000000;4089.5;4235.5;4060;4171.5;13901;0
GCHE;D;20240110;000000;4166;4189;4145;4172.5;7415;0
GCHE;D;20240111;000000;4187;4255;4172.5;4210;16726;0
GCHE;D;20240112;000000;4210;4252;4199;4200;8961;0
GCHE;D;20240115;000000;4224.5;4383;4210;4330;26882;0
GCHE;D;20240116;000000;4334;4430;4330;4331;15947;0
GCHE;D;20240117;000000;4348.5;4396;4231;4265;8686;0
GCHE;D;20240118;000000;4294;4299;4206;4228;7594;0
GCHE;D;20240119;000000;4200.5;4219.5;4132;4183.5;13040;0
GCHE;D;20240122;000000;4195;4279;4160.5;4241.5;5995;0
GCHE;D;20240123;000000;4258;4292;4224;4245;3928;0
GCHE;D;20240124;000000;4282.5;4370;4238.5;4275.5;8104;0
GCHE;D;20240125;000000;4336;4418;4257.5;4302.5;14391;0
GCHE;D;20240126;000000;4315.5;4315.5;4232;4259.5;5778;0
GCHE;D;20240129;000000;4287;4378.5;4192.5;4251.5;21013;0
GCHE;D;20240130;000000;4251.5;4308;4248;4259.5;4907;0
GCHE;D;20240131;000000;4260;4298;4260;4278;5175;0
GCHE;D;20240201;000000;4300;4300;4242.5;4266.5;3419;0
GCHE;D;20240202;000000;4266.5;4492;4240;4298.5;50417;0
GCHE;D;20240205;000000;4295;4450;4262.5;4380.5;19808;0
GCHE;D;20240206;000000;4382;4469.5;4382;4431;13085;0
GCHE;D;20240207;000000;4450;4491.5;4410.5;4431;13347;0
GCHE;D;20240208;000000;4461.5;4461.5;4350.5;4350.5;9054;0
GCHE;D;20240209;000000;4336.5;4462.5;4315.5;4357;5785;0
GCHE;D;20240212;000000;4385;4607.5;4360.5;4415.5;41708;0
GCHE;D;20240213;000000;4493.5;4550;4415.5;4535.5;21819;0
GCHE;D;20240214;000000;4535.5;4860;4518;4687;54414;0
GCHE;D;20240215;000000;4700;4777;4680.5;4725;19620;0
GCHE;D;20240216;000000;4778.5;4917.5;4648;4733.5;80526;0
GCHE;D;20240219;000000;4755.5;4925;4518;4546.5;149688;0
GCHE;D;20240220;000000;4535;4557;4389;4446.5;36322;0
GCHE;D;20240221;000000;4441;4441;4339;4369;21473;0
GCHE;D;20240222;000000;4371.5;4489.5;4371.5;4420;10119;0
GCHE;D;20240226;000000;4544;4564.5;4435.5;4531;16485;0
GCHE;D;20240227;000000;4564;4641.5;4537;4568;14922;0
GCHE;D;20240228;000000;4588;4630;4470;4500;18722;0
GCHE;D;20240229;000000;4513;4535;4454;4505;21492;0
GCHE;D;20240301;000000;4505;4505;4444;4450.5;16802;0
GCHE;D;20240304;000000;4482;4509.5;4410;4443.5;23528;0
GCHE;D;20240305;000000;4480.5;4545;4433.5;4520;15041;0
GCHE;D;20240306;000000;4520;4544.5;4490.5;4509;9207;0
GCHE;D;20240307;000000;4509;4525;4480;4507.5;6551;0
GCHE;D;20240311;000000;4509;4600;4509;4560;16437;0
GCHE;D;20240312;000000;4562;4610;4550.5;4591;13230;0
GCHE;D;20240313;000000;4600;4758.5;4593;4720;50038;0
GCHE;D;20240314;000000;4720;4730;4615;4644;17946;0
GCHE;D;20240315;000000;4681.5;4699;4646;4658;5610;0
GCHE;D;20240318;000000;4660;4770;4658;4721;16834;0
GCHE;D;20240319;000000;4730;4805;4531.5;4615.5;32827;0
GCHE;D;20240320;000000;4616;4764.5;4616;4743.5;18392;0
GCHE;D;20240321;000000;4750;4800;4662;4712.5;10630;0
GCHE;D;20240322;000000;4748;4800;4681;4728.5;7849;0
GCHE;D;20240325;000000;4729;4783;4660.5;4742;12805;0
GCHE;D;20240326;000000;4769.5;4881;4750;4872;28730;0
GCHE;D;20240327;000000;4881;4985;4881;4969.5;27633;0
GCHE;D;20240328;000000;4980;5112;4901.5;5037;45709;0
GCHE;D;20240329;000000;5095;5200;5028.5;5198.5;47323;0
GCHE;D;20240401;000000;5250;5471;5201;5425;66396;0
GCHE;D;20240402;000000;5428;5499;5428;5475;31801;0
GCHE;D;20240403;000000;5476;5620;5476;5611;49133;0
GCHE;D;20240404;000000;5611;5670;5418;5562.5;92273;0
GCHE;D;20240405;000000;5355;5360;5112;5142;102355;0
GCHE;D;20240408;000000;5142;5191.5;5016;5021.5;53117;0
GCHE;D;20240409;000000;5020;5155;5000;5103;42589;0
GCHE;D;20240410;000000;5103;5124;5027;5040;11984;0
GCHE;D;20240411;000000;5040.5;5190;5040.5;5133.5;28183;0
GCHE;D;20240412;000000;5133.5;5230;5111;5207;24486;0
GCHE;D;20240415;000000;5210;5297;5150;5169;20278;0
GCHE;D;20240416;000000;5169;5251;5169;5225;13457;0
GCHE;D;20240417;000000;5226;5300;5215;5252.5;17912;0
GCHE;D;20240418;000000;5249;5278;5151;5151;11642;0
GCHE;D;20240419;000000;5160;5209.5;5157.5;5164;6100;0
GCHE;D;20240422;000000;5171;5191;5103;5110.5;12175;0
GCHE;D;20240423;000000;5111;5159.5;5100;5100;6461;0
GCHE;D;20240424;000000;5100;5122.5;5000;5018.5;13467;0
GCHE;D;20240425;000000;5018.5;5037;4909;4935;14454;0
GCHE;D;20240426;000000;4941;5077.5;4941;5030.5;9782;0
GCHE;D;20240427;000000;5080;5088;5008.5;5042;4924;0
GCHE;D;20240429;000000;5009.5;5058.5;5001.5;5005;4129;0
GCHE;D;20240430;000000;5005;5028;4950;4958;4139;0
GCHE;D;20240502;000000;4959;4997.5;4856;4880.5;11474;0
GCHE;D;20240503;000000;4881;5061;4881;5003.5;7789;0
GCHE;D;20240506;000000;5005;5141;5005;5079.5;14169;0
GCHE;D;20240507;000000;5103;5127;4986.5;5009.5;7628;0
GCHE;D;20240508;000000;5019.5;5025.5;4942.5;4953;7399;0
GCHE;D;20240510;000000;4953;5007.5;4942;4988.5;2770;0
GCHE;D;20240513;000000;4988.5;5010.5;4953.5;4988.5;4655;0
GCHE;D;20240514;000000;4990;5057;4942;4945;6810;0
GCHE;D;20240515;000000;4983;4998;4952.5;4994;3884;0
GCHE;D;20240516;000000;4998;5038.5;4961.5;4977;3168;0
GCHE;D;20240517;000000;5010;5099;4977;5043.5;10482;0
GCHE;D;20240520;000000;5051;5070;4942;5010;8666;0
GCHE;D;20240521;000000;5024;5067;4968.5;4996;4839;0
GCHE;D;20240522;000000;4998.5;5066;4990;4990;5349;0
GCHE;D;20240523;000000;4990;4990;4816;4877.5;17727;0
GCHE;D;20240524;000000;4887;4900.5;4750;4788;8815;0
GCHE;D;20240527;000000;4788;4788;4620;4632;9625;0
GCHE;D;20240528;000000;4632.5;4777.5;4559;4700;5246;0
GCHE;D;20240529;000000;4707.5;4890;4707.5;4805.5;8118;0
GCHE;D;20240530;000000;4805.5;4870;4805.5;4840;3865;0
GCHE;D;20240531;000000;4825.5;4829.5;4565;4569;9849;0
GCHE;D;20240603;000000;4567;4567;4341.5;4452.5;16681;0
GCHE;D;20240604;000000;4455;4866;4452;4866;11076;0
GCHE;D;20240605;000000;4866;4882;4768.5;4768.5;3952;0
GCHE;D;20240606;000000;4769;4823.5;4680.5;4734;3803;0
GCHE;D;20240607;000000;4738;4944;4736;4780;7834;0
GCHE;D;20240610;000000;4871;4889.5;4740;4740;4974;0
GCHE;D;20240611;000000;4734.5;4772.5;4654;4682;3666;0
GCHE;D;20240613;000000;4510;4850;4500;4797;5922;0
GCHE;D;20240614;000000;4797;4968;4790.5;4966;7945;0
GCHE;D;20240617;000000;4966;5017.5;4868;4926;5205;0
GCHE;D;20240618;000000;4880;4946;4725;4785;4701;0
GCHE;D;20240619;000000;4785;4799.5;4600;4708;4999;0
GCHE;D;20240620;000000;4708;4849;4667.5;4817.5;4383;0
GCHE;D;20240621;000000;4817.5;4871.5;4748;4757;3023;0
GCHE;D;20240624;000000;4700;4799;4600;4660;5089;0
GCHE;D;20240625;000000;4660;4660;4538;4628;6367;0
GCHE;D;20240626;000000;4616;4850;4501;4743;6793;0
GCHE;D;20240627;000000;4737;4760;4654.5;4676.5;2703;0
GCHE;D;20240628;000000;4669.5;4750;4620;4658.5;2845;0
GCHE;D;20240701;000000;4676.5;4699.5;4657.5;4659.5;1550;0
GCHE;D;20240702;000000;4688;4724.5;4650;4658;2728;0
GCHE;D;20240703;000000;4677;4677;4606;4612.5;2120;0
GCHE;D;20240704;000000;4640;4640;4525;4592.5;3228;0
GCHE;D;20240705;000000;4600;4621;4510;4554;2228;0
GCHE;D;20240708;000000;4554;4562.5;4465;4485;2057;0
GCHE;D;20240709;000000;4486;4507;4281;4308.5;7804;0
GCHE;D;20240710;000000;4308;4406;4236;4397;8722;0
GCHE;D;20240711;000000;4450.5;4571.5;4357;4507;4998;0
GCHE;D;20240712;000000;4507.5;4558;4341.5;4444;2509;0
GCHE;D;20240715;000000;4442.5;4442.5;4253.5;4253.5;6824;0
GCHE;D;20240716;000000;4253.5;4349.5;4176.5;4310.5;6231;0
GCHE;D;20240717;000000;4310.5;4432.5;4266.5;4361.5;2948;0
GCHE;D;20240718;000000;4357.5;4400;4341;4387.5;2587;0
GCHE;D;20240719;000000;4388;4485;4388;4426;2583;0
GCHE;D;20240722;000000;4450;4599;4432;4555;4965;0
GCHE;D;20240723;000000;4479.5;4573;4470;4490.5;5434;0
GCHE;D;20240724;000000;4495;4687;4490.5;4619;4539;0
GCHE;D;20240725;000000;4619;4622.5;4545;4575;2208;0
GCHE;D;20240726;000000;4575.5;4715;4404;4556;10529;0
GCHE;D;20240729;000000;4545;4545;4357;4400;3782;0
GCHE;D;20240730;000000;4356;4412.5;4317;4395;5580;0
GCHE;D;20240731;000000;4379.5;4539;4368;4400.5;2789;0
GCHE;D;20240801;000000;4460;4559;4325;4493;5876;0
GCHE;D;20240802;000000;4485.5;4485.5;4362;4410;3124;0
GCHE;D;20240805;000000;4385.5;4393;4314.5;4378;6842;0
GCHE;D;20240806;000000;4356;4429.5;4356;4409.5;1968;0
GCHE;D;20240807;000000;4404;4555;4328;4435.5;5266;0
GCHE;D;20240808;000000;4435.5;4530;4417;4462;2980;0
GCHE;D;20240809;000000;4476.5;4493.5;4400;4410;2466;0
GCHE;D;20240812;000000;4410.5;4416.5;4351;4355;2397;0
GCHE;D;20240813;000000;4381.5;4555;4381.5;4464.5;4244;0
GCHE;D;20240814;000000;4465;4661;4410;4496;13125;0
GCHE;D;20240815;000000;4463;4593;4411.5;4509.5;6454;0
GCHE;D;20240816;000000;4500;4680;4500;4625;5665;0
GCHE;D;20240819;000000;4600;4680;4554;4600;5782;0
GCHE;D;20240820;000000;4600;4642.5;4500.5;4505;5973;0
GCHE;D;20240821;000000;4506;4557;4490;4494.5;3095;0
GCHE;D;20240822;000000;4517;4517;4431;4445;2964;0
GCHE;D;20240823;000000;4445;4470;4281.5;4301;6795;0
GCHE;D;20240826;000000;4385.5;4469;4350;4437.5;3787;0
GCHE;D;20240827;000000;4437.5;4507;4435.5;4435.5;3597;0
GCHE;D;20240828;000000;4435.5;4440;4350.5;4400;1992;0
GCHE;D;20240829;000000;4411;4444;4330;4356;2892;0
GCHE;D;20240830;000000;4383;4393;4250.5;4256;3889;0
GCHE;D;20240902;000000;4150.5;4239;3945;4009;13350;0
GCHE;D;20240903;000000;4009;4129;3991.5;4030.5;6239;0
GCHE;D;20240904;000000;4031;4184.5;4031;4172;4171;0
GCHE;D;20240905;000000;4247.5;4249;4172.5;4182.5;2985;0
GCHE;D;20240906;000000;4173;4198.5;4129;4185;2118;0
GCHE;D;20240909;000000;4185;4350;4162.5;4350;4152;0
GCHE;D;20240910;000000;4350;4350;4276;4287.5;2317;0
GCHE;D;20240911;000000;4287.5;4342;4287.5;4319;1308;0
GCHE;D;20240912;000000;4300;4330;4125;4180;5812;0
GCHE;D;20240913;000000;4207;4284.5;4127.5;4200;4403;0
GCHE;D;20240916;000000;4249;4381.5;4121;4311;4735;0
GCHE;D;20240917;000000;4327;4431;4314.5;4414.5;7024;0
GCHE;D;20240918;000000;4424;4495.5;4401;4407.5;4802;0
GCHE;D;20240919;000000;4407.5;4480;4356.5;4456;5150;0
GCHE;D;20240920;000000;4456;4554;4427;4518.5;6238;0
GCHE;D;20240923;000000;4560;4800;4551.5;4631.5;7473;0
GCHE;D;20240924;000000;4660;4677.5;4555;4592.5;6404;0
GCHE;D;20240925;000000;4592.5;4600;4542.5;4580.5;3262;0
GCHE;D;20240926;000000;4549;4600;4480;4550;5632;0
GCHE;D;20240927;000000;4406;4566.5;4372;4455.5;6473;0
GCHE;D;20240930;000000;4450;4487;4405.5;4445;3665;0
GCHE;D;20241001;000000;4540;4540;4305;4325;3326;0
GCHE;D;20241002;000000;4389;4389;4205;4222;4336;0
GCHE;D;20241003;000000;4263;4268;4200.5;4255;2193;0
GCHE;D;20241004;000000;4256.5;4326.5;4236;4254.5;2928;0
GCHE;D;20241007;000000;4247.5;4254.5;4206.5;4240.5;1695;0
GCHE;D;20241008;000000;4248;4254;4185.5;4197.5;2063;0
GCHE;D;20241009;000000;4197;4210;4132;4140;1968;0
GCHE;D;20241010;000000;4140;4179.5;4131;4174.5;1164;0
GCHE;D;20241011;000000;4175;4219.5;4150.5;4215;1298;0
GCHE;D;20241014;000000;4215;4369.5;4160.5;4304.5;3701;0
GCHE;D;20241015;000000;4304.5;4341.5;4264.5;4280;2625;0
GCHE;D;20241016;000000;4294;4320;4207.5;4250;2021;0
GCHE;D;20241017;000000;4243.5;4250;4055;4182;3687;0
GCHE;D;20241018;000000;4179;4224;4152;4159;2559;0
GCHE;D;20241021;000000;4106;4238.5;4062;4180;4910;0
GCHE;D;20241022;000000;4180;4352;4170;4300;6417;0
GCHE;D;20241023;000000;4300;4348;4178;4206.5;3666;0
GCHE;D;20241024;000000;4199;4206.5;4140.5;4158;2175;0
GCHE;D;20241025;000000;4158;4189.5;4140;4152;3528;0
GCHE;D;20241028;000000;4152;4189;4066;4067;8131;0
GCHE;D;20241029;000000;4070;4187;4061.5;4159;2857;0
GCHE;D;20241030;000000;4150.5;4218;4145;4201;1385;0
GCHE;D;20241031;000000;4150;4202;4107;4180;1961;0
GCHE;D;20241101;000000;4130;4200;4000;4033;10558;0
GCHE;D;20241102;000000;4031;4048;4008;4020;2638;0
GCHE;D;20241105;000000;4020;4172;3970;4040;5159;0
GCHE;D;20241106;000000;4085;4150;4010;4015;5105;0
GCHE;D;20241107;000000;4024;4046;3901;4002;2559;0
GCHE;D;20241108;000000;4050;4068;4003;4029;2057;0
GCHE;D;20241111;000000;4030;4100;4030;4098;3883;0
GCHE;D;20241112;000000;4097;4097;4036;4061;1445;0
GCHE;D;20241113;000000;4061;4099;4038;4098;2039;0
GCHE;D;20241114;000000;4093;4093;4002;4002;1884;0
GCHE;D;20241115;000000;4020;4047;4004;4046;1203;0
GCHE;D;20241118;000000;4031;4060;3946;4030;2953;0
GCHE;D;20241119;000000;4045;4089;3950;3995;2385;0
GCHE;D;20241120;000000;3999;4014;3951;3958;1373;0
GCHE;D;20241121;000000;3958;3961;3926;3933;1794;0
GCHE;D;20241122;000000;3943;3979;3935;3952;1277;0
GCHE;D;20241125;000000;3940;3969;3820;3840;3389;0
GCHE;D;20241126;000000;3840;3939;3799;3805;3912;0
GCHE;D;20241127;000000;3808;3842;3720;3749;4068;0
GCHE;D;20241128;000000;3768;3850;3745;3797;2123;0
GCHE;D;20241129;000000;3825;3893;3786;3856;1865;0
GCHE;D;20241202;000000;3860;3916;3860;3890;1658;0
GCHE;D;20241203;000000;3919;3920;3808;3854;1976;0
GCHE;D;20241204;000000;3853;3854;3752;3769;2066;0
GCHE;D;20241205;000000;3766;3812;3734;3790;2643;0
GCHE;D;20241206;000000;3790;3829;3750;3772;1823;0
GCHE;D;20241209;000000;3787;3827;3696;3805;3104;0
GCHE;D;20241210;000000;3835;3914;3764;3900;3934;0
GCHE;D;20241211;000000;3900;3980;3852;3943;4533;0
GCHE;D;20241212;000000;3984;4019;3895;3910;1655;0
GCHE;D;20241213;000000;3894;3943;3847;3921;2898;0
GCHE;D;20241216;000000;3913;3964;3862;3908;3354;0
GCHE;D;20241217;000000;3904;3939;3851;3892;1378;0
GCHE;D;20241218;000000;3910;3944;3858;3940;2570;0
GCHE;D;20241219;000000;3950;3985;3908;3918;1857;0
GCHE;D;20241220;000000;3919;4094;3918;4074;5123;0
GCHE;D;20241223;000000;4076;4195;4076;4119;4526;0
GCHE;D;20241224;000000;4154;4262;4117;4182;3030;0
GCHE;D;20241225;000000;4182;4229;4148;4203;2360;0
GCHE;D;20241226;000000;4209;4248;4116;4188;4381;0
GCHE;D;20241227;000000;4188;4233;4156;4190;2321;0
GCHE;D;20241228;000000;4190;4248;4158;4248;2502;0
GCHE;D;20241230;000000;4252;4332;4156;4267;5328;0
GCHE;D;20250103;000000;4267;4268;4173;4186;1747;0
GCHE;D;20250106;000000;4166;4175;4081;4144;1375;0
GCHE;D;20250108;000000;4182;4248;4163;4228;1791;0
GCHE;D;20250109;000000;4228;4286;4162;4162;5177;0
GCHE;D;20250110;000000;4162;4270;4160;4250;3333;0
GCHE;D;20250113;000000;4285;4330;4262;4325;4120;0
GCHE;D;20250114;000000;4331;4349;4278;4331;1679;0
GCHE;D;20250115;000000;4335;4335;4285;4290;1669;0
GCHE;D;20250116;000000;4331;4666;4303;4573;9403;0
GCHE;D;20250117;000000;4573;4633;4500;4608;5269;0
GCHE;D;20250120;000000;4607;4645;4508;4571;3216;0
GCHE;D;20250121;000000;4546;4569;4459;4478;2859;0
GCHE;D;20250122;000000;4495;4523;4478;4490;1647;0
GCHE;D;20250123;000000;4478;4478;4436;4440;2028;0
GCHE;D;20250124;000000;4439;4541;4439;4480;2568;0
GCHE;D;20250127;000000;4537;4621;4481;4562;3799;0
GCHE;D;20250128;000000;4541;4610;4502;4577;2311;0
GCHE;D;20250129;000000;4577;4600;4534;4583;2037;0
GCHE;D;20250130;000000;4585;4630;4480;4590;3488;0
GCHE;D;20250131;000000;4590;4637;4575;4580;2511;0
GCHE;D;20250203;000000;4552;4637;4534;4537;1889;0
GCHE;D;20250204;000000;4545;4592;4450;4456;3105;0
GCHE;D;20250205;000000;4456;4456;4370;4428;2685;0
GCHE;D;20250206;000000;4433;4524;4433;4504;1335;0
GCHE;D;20250207;000000;4519;4523;4424;4464;1312;0
GCHE;D;20250210;000000;4523;4524;4460;4460;2161;0
GCHE;D;20250211;000000;4455;4620;4413;4483;9941;0
GCHE;D;20250212;000000;4520;4556;4441;4492;6697;0
GCHE;D;20250213;000000;4572;4745;4507;4639;18965;0
GCHE;D;20250214;000000;4639;4669;4407;4460;12780;0
GCHE;D;20250217;000000;4455;4500;4438;4487;8544;0
GCHE;D;20250218;000000;4487;4488;4427;4433;4010;0
GCHE;D;20250219;000000;4425;4444;4380;4391;4283;0
GCHE;D;20250220;000000;4409;4410;4380;4380;3951;0
GCHE;D;20250221;000000;4385;4385;4317;4318;6472;0
GCHE;D;20250224;000000;4340;4374;4305;4314;4551;0
GCHE;D;20250225;000000;4295;4395;4280;4280;7046;0
GCHE;D;20250226;000000;4310;4310;4153;4155;7031;0
GCHE;D;20250227;000000;4155;4268;4096;4129;7830;0
GCHE;D;20250228;000000;4129;4150;4086;4118;5612;0
GCHE;D;20250303;000000;4118;4129;4050;4077;4639;0
GCHE;D;20250304;000000;4100;4191;4091;4152;4169;0
GCHE;D;20250305;000000;4156;4235;4133;4189;4412;0
GCHE;D;20250306;000000;4189;4189;4118;4146;2889;0
GCHE;D;20250307;000000;4167;4200;4086;4114;3295;0
GCHE;D;20250310;000000;4153;4200;4043;4102;3964;0
GCHE;D;20250311;000000;4112;4155;4080;4080;2266;0
GCHE;D;20250312;000000;4080;4118;4069;4097;2414;0
GCHE;D;20250313;000000;4097;4130;4054;4080;2309;0
GCHE;D;20250314;000000;4090;4155;4081;4132;2648;0
GCHE;D;20250317;000000;4140;4277;4140;4190;3785;0
GCHE;D;20250318;000000;4225;4225;4187;4190;2183;0
GCHE;D;20250319;000000;4193;4195;4083;4134;4685;0
GCHE;D;20250320;000000;4152;4170;4124;4130;2301;0
GCHE;D;20250321;000000;4135;4157;4098;4102;2641;0
GCHE;D;20250324;000000;4103;4150;4103;4136;1928;0
GCHE;D;20250325;000000;4136;4190;4132;4155;2610;0
GCHE;D;20250326;000000;4183;4223;4174;4177;2383;0
GCHE;D;20250327;000000;4175;4265;4125;4223;6134;0
GCHE;D;20250328;000000;4231;4239;4160;4189;3734;0
GCHE;D;20250331;000000;4180;4300;4154;4256;9645;0
GCHE;D;20250401;000000;4256;4300;4250;4266;3702;0
GCHE;D;20250402;000000;4241;4256;4201;4230;2697;0
GCHE;D;20250403;000000;4250;4264;4083;4130;6458;0
GCHE;D;20250404;000000;4180;4224;4101;4109;7670;0
GCHE;D;20250407;000000;4006;4006;3720;3834;20020;0
GCHE;D;20250408;000000;3840;4027;3840;3932;6277;0
GCHE;D;20250409;000000;3932;3941;3705;3772;6564;0
GCHE;D;20250410;000000;3883;3988;3841;3841;1672;0
GCHE;D;20250411;000000;3866;3907;3866;3879;1386;0
GCHE;D;20250414;000000;3882;3910;3725;3725;4755;0
GCHE;D;20250415;000000;3738;3785;3725;3758;2366;0
GCHE;D;20250416;000000;3758;3813;3758;3812;1543;0
GCHE;D;20250417;000000;3812;3814;3753;3787;2536;0
GCHE;D;20250418;000000;3757;3802;3757;3786;2227;0
GCHE;D;20250421;000000;3790;3826;3790;3804;1630;0
GCHE;D;20250422;000000;3806;3828;3796;3815;1522;0
GCHE;D;20250423;000000;3815;3823;3766;3823;1307;0
GCHE;D;20250424;000000;3827;3835;3798;3801;1877;0
GCHE;D;20250425;000000;3823;3858;3811;3852;1325;0
GCHE;D;20250428;000000;3869;3956;3861;3925;2533;0
GCHE;D;20250429;000000;3924;3935;3812;3822;5848;0
GCHE;D;20250430;000000;3822;3832;3750;3795;2340;0
GCHE;D;20250502;000000;3790;3834;3740;3779;1268;0
GCHE;D;20250505;000000;3778;3778;3729;3730;1952;0
GCHE;D;20250506;000000;3763;3786;3732;3783;1609;0
GCHE;D;20250507;000000;3783;3798;3731;3792;770;0
GCHE;D;20250508;000000;3805;3838;3788;3800;735;0
GCHE;D;20250512;000000;3831;3915;3831;3849;1205;0
GCHE;D;20250513;000000;3850;3869;3836;3841;1280;0
GCHE;D;20250514;000000;3840;3840;3810;3823;1012;0
GCHE;D;20250515;000000;3827;3827;3740;3755;2248;0
GCHE;D;20250516;000000;3755;3763;3646;3731;3382;0
GCHE;D;20250519;000000;3760;3787;3740;3747;1407;0
GCHE;D;20250520;000000;3736;3736;3680;3702;1371;0
GCHE;D;20250521;000000;3702;3707;3670;3676;1279;0
GCHE;D;20250522;000000;3676;3676;3604;3631;2354;0
GCHE;D;20250523;000000;3630;3631;3591;3598;2377;0
GCHE;D;20250526;000000;3559;3565;3505;3520;2945;0
GCHE;D;20250527;000000;3522;3554;3505;3530;2297;0
GCHE;D;20250528;000000;3546;3587;3546;3562;1623;0
GCHE;D;20250529;000000;3562;3597;3547;3554;1055;0
GCHE;D;20250530;000000;3547;3547;3503;3532;2000;0
GCHE;D;20250602;000000;3522;3540;3500;3517;2246;0
GCHE;D;20250603;000000;3517;3569;3511;3536;2503;0
GCHE;D;20250604;000000;3536;3567;3482;3515;4379;0
GCHE;D;20250605;000000;3535;3575;3522;3562;1820;0
GCHE;D;20250606;000000;3564;3674;3551;3577;5740;0
GCHE;D;20250609;000000;3563;3608;3501;3515;3082;0
GCHE;D;20250610;000000;3517;3572;3487;3494;2706;0
GCHE;D;20250611;000000;3519;3540;3470;3528;1832;0
GCHE;D;20250613;000000;3520;3539;3502;3519;847;0
GCHE;D;20250616;000000;3516;3538;3474;3494;1752;0
GCHE;D;20250617;000000;3499;3539;3477;3534;2816;0
GCHE;D;20250618;000000;3525;3536;3495;3495;1275;0
GCHE;D;20250619;000000;3497;3514;3486;3497;1061;0
GCHE;D;20250620;000000;3510;3512;3470;3479;1500;0
GCHE;D;20250623;000000;3470;3479;3411;3440;1934;0
GCHE;D;20250624;000000;3449;3455;3369;3435;3384;0
GCHE;D;20250625;000000;3439;3483;3413;3451;1824;0
GCHE;D;20250626;000000;3458;3476;3440;3469;1916;0
GCHE;D;20250627;000000;3467;3468;3370;3463;2370;0
GCHE;D;20250630;000000;3468;3486;3420;3455;2282;0
GCHE;D;20250701;000000;3470;3499;3431;3460;3068;0
GCHE;D;20250702;000000;3475;3496;3450;3463;1391;0
GCHE;D;20250703;000000;3461;3474;3402;3415;2497;0
GCHE;D;20250704;000000;3411;3425;3389;3415;1583;0
GCHE;D;20250707;000000;3409;3424;3359;3365;2304;0
GCHE;D;20250708;000000;3359;3361;3315;3328;2805;0
GCHE;D;20250709;000000;3333;3344;3166;3258;8662;0
GCHE;D;20250710;000000;3255;3255;3170;3202;2614;0
GCHE;D;20250711;000000;3197;3204;3106;3148;3383;0
GCHE;D;20250714;000000;3127;3215;3100;3210;3860;0
GCHE;D;20250715;000000;3214;3249;3204;3249;2036;0
GCHE;D;20250716;000000;3233;3305;3222;3292;2660;0
GCHE;D;20250717;000000;3300;3315;3257;3268;2548;0
GCHE;D;20250718;000000;3278;3365;3256;3355;3356;0
GCHE;D;20250721;000000;3370;3410;3319;3350;3320;0
GCHE;D;20250722;000000;3357;3395;3316;3392;1838;0
GCHE;D;20250723;000000;3399;3425;3384;3424;2079;0
GCHE;D;20250724;000000;3423;3436;3363;3372;2013;0
GCHE;D;20250725;000000;3372;3430;3369;3403;2604;0
GCHE;D;20250728;000000;3413;3419;3318;3339;3260;0
GCHE;D;20250729;000000;3320;3412;3320;3404;1536;0
GCHE;D;20250730;000000;3404;3405;3336;3348;1462;0
GCHE;D;20250731;000000;3367;3435;3325;3345;2617;0
GCHE;D;20250801;000000;3358;3382;3286;3364;2554;0
GCHE;D;20250804;000000;3372;3399;3344;3379;2021;0
GCHE;D;20250805;000000;3386;3412;3355;3390;2401;0
GCHE;D;20250806;000000;3395;3517;3395;3489;6160;0
GCHE;D;20250807;000000;3488;3627;3470;3550;7238;0
GCHE;D;20250808;000000;3561;3740;3506;3701;7687;0
GCHE;D;20250811;000000;3721;3799;3627;3715;6170;0
GCHE;D;20250812;000000;3690;3730;3680;3725;2113;0
GCHE;D;20250813;000000;3738;3738;3688;3710;1847;0
GCHE;D;20250814;000000;3704;3709;3650;3664;3264;0
GCHE;D;20250815;000000;3657;3731;3652;3712;2214;0
GCHE;D;20250818;000000;3675;3761;3631;3732;3690;0
GCHE;D;20250819;000000;3728;3795;3723;3781;3802;0
GCHE;D;20250820;000000;3776;3948;3776;3813;8116;0
GCHE;D;20250821;000000;3827;3940;3638;3674;7757;0
GCHE;D;20250822;000000;3645;3707;3638;3701;2168;0
GCHE;D;20250825;000000;3720;3784;3640;3665;3082;0
GCHE;D;20250826;000000;3699;3708;3566;3599;5698;0
GCHE;D;20250827;000000;3602;3607;3502;3595;3336;0
GCHE;D;20250828;000000;3598;3621;3503;3552;2113;0
GCHE;D;20250829;000000;3552;3599;3547;3560;2506;0
GCHE;D;20250901;000000;3594;3594;3481;3502;2595;0
GCHE;D;20250902;000000;3501;3518;3450;3486;2262;0
GCHE;D;20250903;000000;3499;3500;3445;3474;2441;0
GCHE;D;20250904;000000;3475;3494;3432;3459;2961;0
GCHE;D;20250905;000000;3444;3527;3444;3490;1709;0
GCHE;D;20250908;000000;3500;3631;3465;3595;4404;0
GCHE;D;20250909;000000;3594;3633;3579;3603;4061;0
GCHE;D;20250910;000000;3601;3622;3450;3511;4909;0
GCHE;D;20250911;000000;3511;3541;3449;3502;3115;0
GCHE;D;20250912;000000;3529;3562;3451;3479;3455;0
GCHE;D;20250915;000000;3502;3515;3350;3449;5440;0
GCHE;D;20250916;000000;3427;3465;3385;3416;1841;0
GCHE;D;20250917;000000;3404;3438;3381;3424;1478;0
GCHE;D;20250918;000000;3414;3438;3380;3381;727;0
GCHE;D;20250919;000000;3394;3400;3351;3351;1356;0
GCHE;D;20250922;000000;3350;3359;3236;3299;3464;0
GCHE;D;20250923;000000;3307;3346;3260;3260;2160;0
GCHE;D;20250924;000000;3288;3311;3224;3300;1486;0
GCHE;D;20250925;000000;3278;3313;3200;3231;2370;0
GCHE;D;20250926;000000;3230;3235;3183;3224;1497;0
GCHE;D;20250929;000000;3214;3227;3151;3172;2773;0
GCHE;D;20250930;000000;3178;3268;3151;3159;3016;0
GCHE;D;20251001;000000;3178;3198;3138;3146;1763;0
GCHE;D;20251002;000000;3139;3146;3111;3137;1470;0
GCHE;D;20251003;000000;3140;3217;3129;3180;2422;0
GCHE;D;20251006;000000;3195;3234;3106;3222;3173;0
GCHE;D;20251007;000000;3222;3271;3210;3252;2165;0
GCHE;D;20251008;000000;3252;3270;3132;3141;3274;0
GCHE;D;20251009;000000;3144;3246;3101;3211;3498;0
GCHE;D;20251010;000000;3234;3236;3140;3186;1676;0
GCHE;D;20251013;000000;3211;3211;3125;3158;2404;0
GCHE;D;20251014;000000;3164;3164;3104;3114;1551;0
GCHE;D;20251015;000000;3119;3124;3083;3097;2189;0
GCHE;D;20251016;000000;3111;3211;3086;3190;5577;0
GCHE;D;20251017;000000;3191;3235;3173;3199;3262;0
GCHE;D;20251020;000000;3216;3255;3183;3211;3179;0
GCHE;D;20251021;000000;3222;3222;3109;3132;2620;0
GCHE;D;20251022;000000;3132;3175;3102;3113;1601;0
GCHE;D;20251023;000000;3102;3120;3050;3100;3371;0
GCHE;D;20251024;000000;3108;3112;3068;3088;1372;0
GCHE;D;20251027;000000;3050;3064;2966;2990;5365;0
GCHE;D;20251028;000000;2989;3045;2971;3032;2456;0
GCHE;D;20251029;000000;3047;3048;2983;3003;2140;0
GCHE;D;20251030;000000;3001;3033;3000;3017;1311;0
GCHE;D;20251031;000000;3022;3037;3000;3009;1520;0
GCHE;D;20251101;000000;3005;3020;3002;3007;392;0
GCHE;D;20251103;000000;3008;3028;3000;3008;1423;0
GCHE;D;20251105;000000;3016;3019;2977;2990;2111;0
GCHE;D;20251106;000000;2995;3001;2975;2993;1609;0
GCHE;D;20251107;000000;3000;3016;2985;2997;1523;0
GCHE;D;20251110;000000;3013;3020;2993;2994;3403;0
GCHE;D;20251111;000000;2996;3008;2988;3004;1541;0
GCHE;D;20251112;000000;3000;3009;2979;2998;2675;0
GCHE;D;20251113;000000;2985;3016;2982;2982;1679;0
GCHE;D;20251114;000000;2991;3001;2911;2951;4934;0
GCHE;D;20251117;000000;2964;2964;2922;2931;2502;0
GCHE;D;20251118;000000;2950;2984;2920;2935;2964;0
GCHE;D;20251119;000000;2951;2990;2927;2957;3908;0
GCHE;D;20251120;000000;2967;3015;2955;2996;2783;0
GCHE;D;20251121;000000;2996;3015;2962;2971;2220;0
GCHE;D;20251124;000000;2972;3268;2972;3211;19247;0
GCHE;D;20251125;000000;3203;3250;3112;3181;7366;0
GCHE;D;20251126;000000;3200;3208;3137;3208;2712;0
GCHE;D;20251127;000000;3181;3208;3139;3163;2541;0
GCHE;D;20251128;000000;3161;3371;3150;3344;12341;0
GCHE;D;20251201;000000;3336;3377;3275;3348;6605;0
GCHE;D;20251202;000000;3335;3417;3314;3379;3563;0
GCHE;D;20251203;000000;3356;3457;3266;3421;5933;0
GCHE;D;20251204;000000;3411;3450;3364;3427;10331;0
GCHE;D;20251205;000000;3426;3499;3426;3468;3709;0
GCHE;D;20251208;000000;3459;3499;3449;3453;2734;0
GCHE;D;20251209;000000;3445;3471;3390;3448;3091;0
GCHE;D;20251210;000000;3440;3467;3425;3437;1651;0
GCHE;D;20251211;000000;3432;3452;3406;3414;3809;0
GCHE;D;20251212;000000;3405;3542;3405;3441;3031;0
GCHE;D;20251215;000000;3465;3473;3430;3464;1688;0
GCHE;D;20251216;000000;3459;3474;3430;3457;1172;0
GCHE;D;20251217;000000;3473;3485;3413;3440;2458;0
GCHE;D;20251218;000000;3444;3469;3424;3468;1226;0
GCHE;D;20251219;000000;3468;3490;3440;3454;3229;0
GCHE;D;20251222;000000;3442;3461;3339;3357;3618;0
GCHE;D;20251223;000000;3342;3352;3276;3298;2729;0
GCHE;D;20251224;000000;3310;3313;3288;3290;1545;0
GCHE;D;20251225;000000;3305;3315;3260;3269;2728;0
GCHE;D;20251226;000000;3269;3387;3263;3299;4139;0
GCHE;D;20251229;000000;3300;3369;3300;3324;4834;0
GCHE;D;20251230;000000;3312;3334;3284;3315;2755;0
GCHE;D;20260105;000000;3317;3320;3262;3282;1815;0
GCHE;D;20260106;000000;3271;3301;3223;3293;4187;0
GCHE;D;20260108;000000;3281;3285;3237;3273;1142;0
GCHE;D;20260109;000000;3271;3319;3271;3319;921;0
GCHE;D;20260112;000000;3291;3428;3274;3406;2950;0
GCHE;D;20260113;000000;3408;3444;3407;3440;2232;0
GCHE;D;20260114;000000;3440;3450;3386;3392;2384;0
GCHE;D;20260115;000000;3401;3600;3380;3434;14062;0
GCHE;D;20260116;000000;3421;3648;3418;3589;13996;0
GCHE;D;20260119;000000;3569;3635;3510;3520;7228;0
GCHE;D;20260120;000000;3515;3602;3510;3531;6926;0
GCHE;D;20260121;000000;3556;3615;3538;3599;3788;0
GCHE;D;20260122;000000;3614;3688;3584;3636;6548;0
GCHE;D;20260123;000000;3658;3683;3559;3647;8913;0
GCHE;D;20260126;000000;3642;3680;3609;3655;4019;0
GCHE;D;20260127;000000;3654;3667;3591;3641;3498;0
GCHE;D;20260128;000000;3640;3654;3604;3637;3286;0
GCHE;D;20260129;000000;3637;3712;3604;3703;7735;0
GCHE;D;20260130;000000;3712;3727;3548;3551;6683;0
GCHE;D;20260202;000000;3546;3596;3481;3556;6803;0
GCHE;D;20260203;000000;3550;3633;3544;3607;2632;0
GCHE;D;20260204;000000;3607;3630;3562;3570;2075;0
GCHE;D;20260205;000000;3570;3586;3508;3570;2792;0
GCHE;D;20260206;000000;3576;3612;3557;3565;2063;0
GCHE;D;20260209;000000;3570;3572;3492;3492;2783;0
GCHE;D;20260210;000000;3502;3545;3482;3490;2231;0
GCHE;D;20260211;000000;3488;3524;3484;3504;2583;0
GCHE;D;20260212;000000;3524;3547;3491;3510;3514;0
GCHE;D;20260213;000000;3525;3544;3500;3518;1720;0
GCHE;D;20260216;000000;3550;3588;3524;3551;3788;0
GCHE;D;20260217;000000;3552;3651;3545;3572;3988;0
GCHE;D;20260218;000000;3572;3583;3530;3568;2375;0
GCHE;D;20260219;000000;3568;3579;3504;3525;1954;0
GCHE;D;20260220;000000;3526;3553;3510;3535;1719;0
GCHE;D;20260224;000000;3536;3564;3421;3506;12138;0
GCHE;D;20260225;000000;3499;3535;3486;3529;2974;0
GCHE;D;20260226;000000;3527;3577;3522;3569;4258;0
GCHE;D;20260227;000000;3577;3577;3564;3564;1648;0
GCHE;D;20260302;000000;3564;3635;3543;3617;6604;0
GCHE;D;20260303;000000;3633;3642;3605;3610;3413;0
GCHE;D;20260304;000000;3617;3670;3607;3640;3840;0
GCHE;D;20260305;000000;3637;3815;3575;3807;29635;0
GCHE;D;20260306;000000;3808;3861;3710;3779;16921;0
GCHE;D;20260309;000000;3786;3836;3720;3753;7551;0
GCHE;D;20260310;000000;3780;3836;3731;3790;6408;0
GCHE;D;20260311;000000;3807;3907;3785;3905;8572;0
GCHE;D;20260312;000000;3905;3947;3850;3884;6823;0
GCHE;D;20260313;000000;3889;3947;3878;3935;4904;0
GCHE;D;20260316;000000;3935;4074;3928;4062;21230;0
GCHE;D;20260317;000000;4062;4100;3976;4057;6831;0
GCHE;D;20260318;000000;4050;4057;4001;4026;4987;0
GCHE;D;20260319;000000;4026;4071;4026;4057;5883;0
GCHE;D;20260320;000000;4057;4064;4037;4048;3283;0
GCHE;D;20260323;000000;4048;4054;3963;3992;9875;0
GCHE;D;20260324;000000;3995;4005;3939;3964;5353;0
GCHE;D;20260325;000000;3952;4046;3951;4046;5339;0
GCHE;D;20260326;000000;4044;4049;3931;3972;5434;0
GCHE;D;20260327;000000;3996;4016;3960;4014;5462;0
GCHE;D;20260330;000000;4019;4065;4000;4046;11224;0
GCHE;D;20260331;000000;4046;4060;4034;4053;5163;0
GCHE;D;20260401;000000;4051;4080;4028;4074;10870;0
GCHE;D;20260402;000000;4073;4095;4059;4069;8124;0
GCHE;D;20260403;000000;4071;4084;4009;4071;10527;0
GCHE;D;20260406;000000;4072;4105;4000;4092;38336;0
GCHE;D;20260407;000000;3890;3893;3705;3743;46882;0
GCHE;D;20260408;000000;3743;3745;3608;3616;17148;0
GCHE;D;20260409;000000;3633;3635;3604;3611;5297;0
GCHE;D;20260410;000000;3604;3640;3602;3628;4777;0
GCHE;D;20260413;000000;3631;3690;3626;3638;7571;0
GCHE;D;20260414;000000;3630;3642;3558;3568;4945;0
GCHE;D;20260415;000000;3589;3626;3556;3614;3649;0
GCHE;D;20260416;000000;3609;3737;3576;3596;5942;0
GCHE;D;20260417;000000;3582;3620;3570;3583;2063;0
GCHE;D;20260420;000000;3591;3635;3520;3611;8535;0
GCHE;D;20260421;000000;3616;3624;3578;3587;1995;0
GCHE;D;20260422;000000;3587;3603;3545;3580;2812;0
GCHE;D;20260423;000000;3587;3587;3545;3563;1674;0
GCHE;D;20260424;000000;3574;3574;3534;3552;1874;0
GCHE;D;20260427;000000;3552;3565;3357;3400;12010;0
GCHE;D;20260428;000000;3406;3406;3360;3394;2450;0
GCHE;D;20260429;000000;3380;3415;3334;3360;4596;0
GCHE;D;20260430;000000;3370;3399;3339;3397;2252;0
GCHE;D;20260504;000000;3397;3457;3375;3432;2705;0
GCHE;D;20260505;000000;3435;3449;3423;3432;1493;0
GCHE;D;20260506;000000;3431;3443;3396;3422;2542;0
GCHE;D;20260507;000000;3404;3437;3404;3423;595;0
GCHE;D;20260508;000000;3438;3449;3416;3439;1158;0
GCHE;D;20260511;000000;3450;3487;3435;3478;856;0
GCHE;D;20260512;000000;3478;3537;3476;3523;1821;0
GCHE;D;20260513;000000;3523;3550;3519;3539;1636;0
GCHE;D;20260514;000000;3548;3554;3481;3484;1711;0
