<TICKER>;<PER>;<DATE>;<TIME>;<OPEN>;<HIGH>;<LOW>;<CLOSE>;<VOL>;<OPENINT>
HYDR;D;20080522;000000;2.195;2.195;2.092;2.104;15656500;0
HYDR;D;20080523;000000;2.121;2.175;2.113;2.14;29532000;0
HYDR;D;20080526;000000;2.158;2.169;2.129;2.143;34365400;0
HYDR;D;20080527;000000;2.145;2.151;2.095;2.12;29492300;0
HYDR;D;20080528;000000;2.115;2.141;2.092;2.107;16438800;0
HYDR;D;20080529;000000;2.1;2.124;2.093;2.104;10490600;0
HYDR;D;20080530;000000;2.105;2.149;2.1;2.115;12800300;0
HYDR;D;20080602;000000;2.116;2.155;2.1;2.131;27488000;0
HYDR;D;20080603;000000;2.113;2.185;2.113;2.177;47510500;0
HYDR;D;20080604;000000;2.187;2.199;2.141;2.15;52876900;0
HYDR;D;20080605;000000;2.152;2.166;2.113;2.113;78192800;0
HYDR;D;20080606;000000;2.134;2.139;2.032;2.06;55408700;0
HYDR;D;20080607;000000;2.044;2.048;1.971;1.98;17087100;0
HYDR;D;20080609;000000;1.98;2.079;1.95;2.061;12747100;0
HYDR;D;20080610;000000;2.062;2.106;2.06;2.07;13060900;0
HYDR;D;20080611;000000;2.08;2.08;2.05;2.061;4418100;0
HYDR;D;20080616;000000;2.07;2.08;2.015;2.027;12553000;0
HYDR;D;20080617;000000;2.03;2.061;2.012;2.036;20269200;0
HYDR;D;20080618;000000;2.077;2.077;2.015;2.028;21637700;0
HYDR;D;20080619;000000;2.03;2.035;2;2.012;21842600;0
HYDR;D;20080620;000000;2.013;2.027;1.975;1.994;51742800;0
HYDR;D;20080623;000000;1.98;2.021;1.967;2.012;33173300;0
HYDR;D;20080624;000000;2.05;2.05;1.973;1.99;25873200;0
HYDR;D;20080625;000000;2;2;1.977;1.985;13238400;0
HYDR;D;20080626;000000;1.997;1.997;1.86;1.88;33420300;0
HYDR;D;20080627;000000;1.86;1.868;1.811;1.851;23259800;0
HYDR;D;20080630;000000;1.852;1.87;1.785;1.838;27459100;0
HYDR;D;20080701;000000;1.834;1.87;1.781;1.791;34829500;0
HYDR;D;20080702;000000;1.81;1.816;1.771;1.779;22190000;0
HYDR;D;20080703;000000;1.78;1.78;1.72;1.74;25322400;0
HYDR;D;20080704;000000;1.745;1.758;1.638;1.647;61582200;0
HYDR;D;20080707;000000;1.65;1.738;1.63;1.708;101928700;0
HYDR;D;20080708;000000;1.707;1.707;1.595;1.603;113201300;0
HYDR;D;20080709;000000;1.624;1.646;1.59;1.606;99912700;0
HYDR;D;20080710;000000;1.6;1.61;1.581;1.592;81515900;0
HYDR;D;20080711;000000;1.6;1.625;1.52;1.534;137235100;0
HYDR;D;20080714;000000;1.534;1.58;1.517;1.551;81000700;0
HYDR;D;20080715;000000;1.551;1.551;1.507;1.514;27194700;0
HYDR;D;20080716;000000;1.521;1.531;1.47;1.485;41242000;0
HYDR;D;20080717;000000;1.5;1.526;1.45;1.472;198757500;0
HYDR;D;20080718;000000;1.462;1.48;1.455;1.459;38255300;0
HYDR;D;20080721;000000;1.483;1.483;1.453;1.464;34684900;0
HYDR;D;20080722;000000;1.47;1.47;1.45;1.454;25256100;0
HYDR;D;20080723;000000;1.462;1.474;1.401;1.417;99465600;0
HYDR;D;20080724;000000;1.41;1.439;1.34;1.4;101091400;0
HYDR;D;20080725;000000;1.39;1.45;1.311;1.429;118326600;0
HYDR;D;20080728;000000;1.39;1.489;1.39;1.4;106384600;0
HYDR;D;20080729;000000;1.363;1.41;1.363;1.4;79652300;0
HYDR;D;20080730;000000;1.4;1.497;1.4;1.486;113654500;0
HYDR;D;20080731;000000;1.499;1.576;1.467;1.52;189193600;0
HYDR;D;20080801;000000;1.5;1.58;1.5;1.55;114761100;0
HYDR;D;20080804;000000;1.53;1.569;1.52;1.529;64642800;0
HYDR;D;20080805;000000;1.525;1.525;1.457;1.5;97374900;0
HYDR;D;20080806;000000;1.54;1.547;1.46;1.508;86525100;0
HYDR;D;20080807;000000;1.517;1.574;1.5;1.55;159176300;0
HYDR;D;20080808;000000;1.531;1.6;1.476;1.485;137819100;0
HYDR;D;20080811;000000;1.451;1.512;1.401;1.508;141060700;0
HYDR;D;20080812;000000;1.514;1.585;1.49;1.572;113517800;0
HYDR;D;20080813;000000;1.58;1.589;1.551;1.571;66913000;0
HYDR;D;20080814;000000;1.583;1.72;1.583;1.667;234028800;0
HYDR;D;20080815;000000;1.724;1.739;1.66;1.733;139877300;0
HYDR;D;20080818;000000;1.739;1.748;1.703;1.724;80011800;0
HYDR;D;20080819;000000;1.7;1.707;1.57;1.62;160422800;0
HYDR;D;20080820;000000;1.627;1.66;1.6;1.657;120411500;0
HYDR;D;20080821;000000;1.665;1.665;1.57;1.637;52675100;0
HYDR;D;20080822;000000;1.65;1.667;1.611;1.629;43726800;0
HYDR;D;20080825;000000;1.629;1.634;1.535;1.54;56255100;0
HYDR;D;20080826;000000;1.505;1.53;1.42;1.467;143284900;0
HYDR;D;20080827;000000;1.495;1.53;1.48;1.512;148062800;0
HYDR;D;20080828;000000;1.531;1.6;1.515;1.583;120700200;0
HYDR;D;20080829;000000;1.58;1.721;1.58;1.679;239975700;0
HYDR;D;20080901;000000;1.671;1.707;1.63;1.653;127499800;0
HYDR;D;20080902;000000;1.641;1.7;1.641;1.684;70740600;0
HYDR;D;20080903;000000;1.674;1.694;1.63;1.666;129340300;0
HYDR;D;20080904;000000;1.681;1.75;1.62;1.65;207906000;0
HYDR;D;20080905;000000;1.6;1.66;1.491;1.593;243200600;0
HYDR;D;20080908;000000;1.686;1.689;1.6;1.619;110128400;0
HYDR;D;20080909;000000;1.6;1.6;1.453;1.473;105476900;0
HYDR;D;20080910;000000;1.403;1.485;1.253;1.3;314199800;0
HYDR;D;20080911;000000;1.318;1.318;1.142;1.157;185455800;0
HYDR;D;20080912;000000;1.2;1.23;1.075;1.135;288770400;0
HYDR;D;20080915;000000;1.111;1.115;0.985;0.999;349772200;0
HYDR;D;20080916;000000;0.941;0.941;0.738;0.749;506662100;0
HYDR;D;20080917;000000;0;0;0;0;0;0
HYDR;D;20080918;000000;0;0;0;0;0;0
HYDR;D;20080919;000000;0.93;0.95;0.816;0.885;238269600;0
HYDR;D;20080922;000000;0.935;0.989;0.83;0.864;257796100;0
HYDR;D;20080923;000000;0.85;0.853;0.792;0.822;134564200;0
HYDR;D;20080924;000000;0.832;0.884;0.812;0.85;232055300;0
HYDR;D;20080925;000000;0.85;0.87;0.813;0.849;122217400;0
HYDR;D;20080926;000000;0.85;0.855;0.788;0.805;96087200;0
HYDR;D;20080929;000000;0.807;0.807;0.75;0.76;95473700;0
HYDR;D;20080930;000000;0.722;0.899;0.681;0.88;218782500;0
HYDR;D;20081001;000000;0.838;0.938;0.817;0.834;370465600;0
HYDR;D;20081002;000000;0.815;0.882;0.79;0.88;119694400;0
HYDR;D;20081003;000000;0.803;0.846;0.755;0.81;193976800;0
HYDR;D;20081006;000000;0.75;0.758;0.65;0.675;154310300;0
HYDR;D;20081007;000000;0.675;0.7;0.605;0.629;130713100;0
HYDR;D;20081008;000000;0.596;0.596;0.462;0.555;93289000;0
HYDR;D;20081009;000000;0.565;0.629;0.502;0.537;173797000;0
HYDR;D;20081010;000000;0;0;0;0;0;0
HYDR;D;20081013;000000;0.54;0.55;0.48;0.515;149889500;0
HYDR;D;20081014;000000;0.548;0.569;0.526;0.55;122437400;0
HYDR;D;20081015;000000;0.563;0.563;0.44;0.446;190517500;0
HYDR;D;20081016;000000;0.439;0.468;0.359;0.4;167183200;0
HYDR;D;20081017;000000;0.416;0.429;0.364;0.377;220837200;0
HYDR;D;20081020;000000;0.39;0.429;0.38;0.407;128916600;0
HYDR;D;20081021;000000;0.418;0.455;0.418;0.437;154469600;0
HYDR;D;20081022;000000;0.432;0.51;0.4;0.493;358575500;0
HYDR;D;20081023;000000;0.465;0.53;0.456;0.475;378102200;0
HYDR;D;20081024;000000;0.471;0.471;0.395;0.409;61141500;0
HYDR;D;20081027;000000;0;0;0;0;0;0
HYDR;D;20081028;000000;0.4;0.436;0.389;0.422;177439300;0
HYDR;D;20081029;000000;0.446;0.48;0.443;0.451;154806100;0
HYDR;D;20081030;000000;0.465;0.517;0.465;0.489;378219700;0
HYDR;D;20081031;000000;0.489;0.513;0.457;0.51;217760700;0
HYDR;D;20081101;000000;0.511;0.555;0.51;0.546;137680400;0
HYDR;D;20081105;000000;0.58;0.69;0.58;0.599;414512900;0
HYDR;D;20081106;000000;0.557;0.57;0.522;0.535;248568200;0
HYDR;D;20081107;000000;0.521;0.578;0.51;0.564;255688400;0
HYDR;D;20081110;000000;0.589;0.61;0.557;0.569;192624000;0
HYDR;D;20081111;000000;0.579;0.579;0.486;0.499;115685600;0
HYDR;D;20081112;000000;0;0;0;0;0;0
HYDR;D;20081113;000000;0.45;0.56;0.421;0.557;143226400;0
HYDR;D;20081114;000000;0.57;0.614;0.549;0.55;302823200;0
HYDR;D;20081117;000000;0.555;0.571;0.508;0.533;163348300;0
HYDR;D;20081118;000000;0.521;0.528;0.476;0.514;217874300;0
HYDR;D;20081119;000000;0.52;0.52;0.455;0.465;155550000;0
HYDR;D;20081120;000000;0.44;0.447;0.405;0.412;162457700;0
HYDR;D;20081121;000000;0.425;0.528;0.42;0.501;294569900;0
HYDR;D;20081124;000000;0.516;0.635;0.516;0.627;378202000;0
HYDR;D;20081125;000000;0;0;0;0;0;0
HYDR;D;20081126;000000;0.649;0.819;0.641;0.819;1186133100;0
HYDR;D;20081127;000000;0;0;0;0;0;0
HYDR;D;20081128;000000;0.827;0.97;0.662;0.69;1303980300;0
HYDR;D;20081201;000000;0.691;0.765;0.62;0.642;520627000;0
HYDR;D;20081202;000000;0.611;0.673;0.582;0.63;595542400;0
HYDR;D;20081203;000000;0.64;0.649;0.597;0.611;195256200;0
HYDR;D;20081204;000000;0.611;0.673;0.6;0.655;601934600;0
HYDR;D;20081205;000000;0.635;0.683;0.62;0.657;374561700;0
HYDR;D;20081208;000000;0.709;0.745;0.675;0.745;595608700;0
HYDR;D;20081209;000000;0.731;0.731;0.674;0.686;494242900;0
HYDR;D;20081210;000000;0.69;0.69;0.635;0.675;489983700;0
HYDR;D;20081211;000000;0.677;0.679;0.625;0.645;311424400;0
HYDR;D;20081212;000000;0.611;0.632;0.587;0.605;312885300;0
HYDR;D;20081215;000000;0.622;0.623;0.595;0.612;390638000;0
HYDR;D;20081216;000000;0.611;0.614;0.575;0.593;274557300;0
HYDR;D;20081217;000000;0.609;0.649;0.6;0.645;752474400;0
HYDR;D;20081218;000000;0.66;0.696;0.625;0.662;700598700;0
HYDR;D;20081219;000000;0.66;0.691;0.641;0.68;717831400;0
HYDR;D;20081222;000000;0.687;0.696;0.666;0.669;532482500;0
HYDR;D;20081223;000000;0.672;0.679;0.646;0.669;255350200;0
HYDR;D;20081224;000000;0.669;0.679;0.626;0.636;334641800;0
HYDR;D;20081225;000000;0.636;0.64;0.606;0.612;191675200;0
HYDR;D;20081226;000000;0.615;0.618;0.594;0.597;155574800;0
HYDR;D;20081229;000000;0.6;0.608;0.578;0.591;173203500;0
HYDR;D;20081230;000000;0.591;0.604;0.583;0.592;154760800;0
HYDR;D;20081231;000000;0.599;0.607;0.589;0.604;77551200;0
HYDR;D;20090111;000000;0.622;0.625;0.595;0.605;72705500;0
HYDR;D;20090112;000000;0.603;0.651;0.597;0.651;702623400;0
HYDR;D;20090113;000000;0.65;0.653;0.626;0.646;315929400;0
HYDR;D;20090114;000000;0.65;0.66;0.612;0.614;301136200;0
HYDR;D;20090115;000000;0.61;0.619;0.589;0.599;245576200;0
HYDR;D;20090116;000000;0.602;0.63;0.601;0.605;235130600;0
HYDR;D;20090119;000000;0.61;0.614;0.562;0.571;185151300;0
HYDR;D;20090120;000000;0.576;0.576;0.505;0.538;182906300;0
HYDR;D;20090121;000000;0.515;0.543;0.5;0.542;156683600;0
HYDR;D;20090122;000000;0.553;0.555;0.506;0.514;143729900;0
HYDR;D;20090123;000000;0.51;0.517;0.471;0.507;157389800;0
HYDR;D;20090126;000000;0.517;0.55;0.505;0.547;173432900;0
HYDR;D;20090127;000000;0.571;0.624;0.542;0.611;740351100;0
HYDR;D;20090128;000000;0.622;0.65;0.605;0.64;513115300;0
HYDR;D;20090129;000000;0.64;0.642;0.585;0.594;350325600;0
HYDR;D;20090130;000000;0.593;0.614;0.582;0.592;238156900;0
HYDR;D;20090202;000000;0.587;0.6;0.557;0.578;294835200;0
HYDR;D;20090203;000000;0.581;0.608;0.579;0.603;246833100;0
HYDR;D;20090204;000000;0.611;0.618;0.592;0.602;195446600;0
HYDR;D;20090205;000000;0.596;0.621;0.595;0.606;224107900;0
HYDR;D;20090206;000000;0.612;0.621;0.603;0.611;174800900;0
HYDR;D;20090209;000000;0.619;0.628;0.608;0.623;442889200;0
HYDR;D;20090210;000000;0.619;0.639;0.617;0.625;447098200;0
HYDR;D;20090211;000000;0.618;0.655;0.605;0.642;659939500;0
HYDR;D;20090212;000000;0.644;0.675;0.624;0.634;798900900;0
HYDR;D;20090213;000000;0.646;0.699;0.64;0.691;543244000;0
HYDR;D;20090216;000000;0.686;0.705;0.658;0.668;364849000;0
HYDR;D;20090217;000000;0.658;0.683;0.611;0.626;377592800;0
HYDR;D;20090218;000000;0.617;0.627;0.57;0.584;442469000;0
HYDR;D;20090219;000000;0.587;0.621;0.584;0.606;264917900;0
HYDR;D;20090220;000000;0.599;0.599;0.573;0.588;155943800;0
HYDR;D;20090224;000000;0.579;0.62;0.565;0.602;428864800;0
HYDR;D;20090225;000000;0.62;0.628;0.604;0.61;268993300;0
HYDR;D;20090226;000000;0.615;0.625;0.578;0.602;491640600;0
HYDR;D;20090227;000000;0.6;0.605;0.574;0.587;315836700;0
HYDR;D;20090302;000000;0.578;0.607;0.577;0.588;265703600;0
HYDR;D;20090303;000000;0.581;0.596;0.581;0.594;172383200;0
HYDR;D;20090304;000000;0.6;0.609;0.597;0.602;297978500;0
HYDR;D;20090305;000000;0.608;0.608;0.588;0.592;283459000;0
HYDR;D;20090306;000000;0.59;0.615;0.586;0.61;279583300;0
HYDR;D;20090310;000000;0.613;0.635;0.61;0.632;613729500;0
HYDR;D;20090311;000000;0.633;0.653;0.62;0.64;513776100;0
HYDR;D;20090312;000000;0.636;0.648;0.62;0.638;309813800;0
HYDR;D;20090313;000000;0.65;0.657;0.627;0.635;471517600;0
HYDR;D;20090316;000000;0.63;0.66;0.63;0.657;302535900;0
HYDR;D;20090317;000000;0.661;0.669;0.647;0.661;442451200;0
HYDR;D;20090318;000000;0.67;0.672;0.632;0.647;234499300;0
HYDR;D;20090319;000000;0.654;0.666;0.646;0.647;424037000;0
HYDR;D;20090320;000000;0.648;0.674;0.647;0.669;317255000;0
HYDR;D;20090323;000000;0.68;0.731;0.68;0.707;583999200;0
HYDR;D;20090324;000000;0.719;0.722;0.663;0.673;401349100;0
HYDR;D;20090325;000000;0.676;0.71;0.657;0.702;379417800;0
HYDR;D;20090326;000000;0.712;0.755;0.706;0.749;752334500;0
HYDR;D;20090327;000000;0.75;0.796;0.725;0.727;679483300;0
HYDR;D;20090330;000000;0.711;0.748;0.701;0.721;404058900;0
HYDR;D;20090331;000000;0.723;0.768;0.723;0.752;472305400;0
HYDR;D;20090401;000000;0.75;0.815;0.745;0.803;744295600;0
HYDR;D;20090402;000000;0.829;0.849;0.804;0.823;757691100;0
HYDR;D;20090403;000000;0.826;0.83;0.786;0.825;437404100;0
HYDR;D;20090406;000000;0.84;0.843;0.79;0.802;357637700;0
HYDR;D;20090407;000000;0.806;0.821;0.768;0.788;276812300;0
HYDR;D;20090408;000000;0.78;0.85;0.754;0.85;975894900;0
HYDR;D;20090409;000000;0.862;0.902;0.824;0.896;1121401300;0
HYDR;D;20090410;000000;0.9;0.915;0.848;0.88;367691100;0
HYDR;D;20090413;000000;0.88;0.925;0.865;0.881;406653100;0
HYDR;D;20090414;000000;0.891;0.924;0.883;0.919;483923100;0
HYDR;D;20090415;000000;0.874;0.962;0.874;0.944;565708100;0
HYDR;D;20090416;000000;0.952;0.968;0.917;0.946;690099700;0
HYDR;D;20090417;000000;0.95;0.985;0.94;0.968;514598200;0
HYDR;D;20090420;000000;0.965;0.979;0.9;0.91;321598500;0
HYDR;D;20090421;000000;0.9;0.915;0.837;0.874;685090600;0
HYDR;D;20090422;000000;0.881;0.955;0.87;0.919;728352400;0
HYDR;D;20090423;000000;0.921;0.945;0.91;0.938;353363000;0
HYDR;D;20090424;000000;0.938;0.944;0.902;0.917;417732500;0
HYDR;D;20090427;000000;0.929;0.929;0.873;0.912;218519900;0
HYDR;D;20090428;000000;0.9;0.9;0.861;0.88;274643500;0
HYDR;D;20090429;000000;0.89;0.905;0.879;0.904;249642300;0
HYDR;D;20090430;000000;0.92;0.922;0.905;0.908;176918100;0
HYDR;D;20090504;000000;0.92;0.956;0.915;0.947;440938800;0
HYDR;D;20090505;000000;0.959;0.979;0.927;0.935;454628700;0
HYDR;D;20090506;000000;0.934;0.982;0.923;0.969;740096400;0
HYDR;D;20090507;000000;0.985;1.038;0.977;1.031;1361745100;0
HYDR;D;20090508;000000;1.021;1.076;1.021;1.068;494986200;0
HYDR;D;20090512;000000;1.055;1.112;1.032;1.104;374277900;0
HYDR;D;20090513;000000;1.106;1.131;1.017;1.038;457421400;0
HYDR;D;20090514;000000;1.006;1.069;1.002;1.051;330101700;0
HYDR;D;20090515;000000;1.07;1.08;1.038;1.056;177656900;0
HYDR;D;20090518;000000;1.025;1.09;1.025;1.087;228238800;0
HYDR;D;20090519;000000;1.128;1.128;1.08;1.109;401866700;0
HYDR;D;20090520;000000;1.11;1.188;1.092;1.169;523702200;0
HYDR;D;20090521;000000;1.15;1.166;1.115;1.132;338167700;0
HYDR;D;20090522;000000;1.121;1.212;1.111;1.173;449261900;0
HYDR;D;20090525;000000;1.19;1.285;1.19;1.27;748092200;0
HYDR;D;20090526;000000;1.289;1.302;1.211;1.272;684724200;0
HYDR;D;20090527;000000;1.3;1.31;1.226;1.24;575305000;0
HYDR;D;20090528;000000;1.225;1.255;1.215;1.245;310122100;0
HYDR;D;20090529;000000;1.26;1.286;1.24;1.253;692455500;0
HYDR;D;20090601;000000;1.27;1.299;1.26;1.276;1047882200;0
HYDR;D;20090602;000000;1.29;1.31;1.235;1.289;523362200;0
HYDR;D;20090603;000000;1.289;1.3;1.235;1.24;360930100;0
HYDR;D;20090604;000000;1.23;1.275;1.217;1.271;336811100;0
HYDR;D;20090605;000000;1.29;1.445;1.29;1.434;1472081600;0
HYDR;D;20090608;000000;1.435;1.452;1.345;1.37;564003500;0
HYDR;D;20090609;000000;1.374;1.397;1.32;1.335;346402900;0
HYDR;D;20090610;000000;1.37;1.39;1.335;1.338;248603900;0
HYDR;D;20090611;000000;1.335;1.364;1.286;1.309;406861200;0
HYDR;D;20090615;000000;1.309;1.332;1.26;1.268;565917500;0
HYDR;D;20090616;000000;1.268;1.291;1.23;1.277;390145300;0
HYDR;D;20090617;000000;1.27;1.275;1.232;1.25;302448600;0
HYDR;D;20090618;000000;1.25;1.264;1.175;1.244;452217400;0
HYDR;D;20090619;000000;1.262;1.262;1.222;1.24;250007600;0
HYDR;D;20090622;000000;1.245;1.255;1.18;1.18;360247400;0
HYDR;D;20090623;000000;1.159;1.239;1.122;1.152;503089400;0
HYDR;D;20090624;000000;1.18;1.219;1.175;1.195;238229300;0
HYDR;D;20090625;000000;1.206;1.206;1.152;1.16;314901000;0
HYDR;D;20090626;000000;1.173;1.187;1.154;1.157;165248000;0
HYDR;D;20090629;000000;1.157;1.177;1.15;1.156;233796300;0
HYDR;D;20090630;000000;1.17;1.205;1.163;1.171;400353900;0
HYDR;D;20090701;000000;1.18;1.349;1.175;1.337;1448554400;0
HYDR;D;20090702;000000;1.32;1.37;1.266;1.29;1072193600;0
HYDR;D;20090703;000000;1.29;1.338;1.223;1.235;806016900;0
HYDR;D;20090706;000000;1.235;1.294;1.168;1.177;1268151100;0
HYDR;D;20090707;000000;1.199;1.26;1.176;1.23;1022783600;0
HYDR;D;20090708;000000;1.199;1.235;1.157;1.164;738356300;0
HYDR;D;20090709;000000;1.17;1.193;1.157;1.168;709694200;0
HYDR;D;20090710;000000;1.174;1.184;1.099;1.11;444568400;0
HYDR;D;20090713;000000;1.074;1.142;1.059;1.087;671743000;0
HYDR;D;20090714;000000;1.104;1.117;1.086;1.095;472561300;0
HYDR;D;20090715;000000;1.111;1.138;1.107;1.12;412310000;0
HYDR;D;20090716;000000;1.13;1.135;1.067;1.08;426188800;0
HYDR;D;20090717;000000;1.09;1.106;1.073;1.085;369214800;0
HYDR;D;20090720;000000;1.109;1.114;1.084;1.094;592096500;0
HYDR;D;20090721;000000;1.1;1.125;1.076;1.097;970616400;0
HYDR;D;20090722;000000;1.105;1.148;1.08;1.084;901192000;0
HYDR;D;20090723;000000;1.1;1.13;1.086;1.124;333840400;0
HYDR;D;20090724;000000;1.133;1.135;1.089;1.1;408819100;0
HYDR;D;20090727;000000;1.11;1.131;1.099;1.1;505167900;0
HYDR;D;20090728;000000;1.11;1.117;1.072;1.089;762349800;0
HYDR;D;20090729;000000;1.081;1.085;1.052;1.075;471578900;0
HYDR;D;20090730;000000;1.08;1.11;1.075;1.095;1087660800;0
HYDR;D;20090731;000000;1.109;1.115;1.08;1.1;481310100;0
HYDR;D;20090803;000000;1.11;1.14;1.106;1.13;671863700;0
HYDR;D;20090804;000000;1.13;1.232;1.122;1.21;1795501400;0
HYDR;D;20090805;000000;1.215;1.277;1.202;1.224;1237839700;0
HYDR;D;20090806;000000;1.239;1.277;1.232;1.259;898238200;0
HYDR;D;20090807;000000;1.255;1.301;1.213;1.272;1082818500;0
HYDR;D;20090810;000000;1.28;1.301;1.252;1.281;609189300;0
HYDR;D;20090811;000000;1.282;1.296;1.244;1.248;442874900;0
HYDR;D;20090812;000000;1.242;1.297;1.21;1.289;625016300;0
HYDR;D;20090813;000000;1.301;1.378;1.301;1.374;1171169000;0
HYDR;D;20090814;000000;1.38;1.415;1.313;1.329;698528000;0
HYDR;D;20090817;000000;1.27;1.287;1.217;1.235;191761900;0
HYDR;D;20090818;000000;0;0;0;0;0;0
HYDR;D;20090819;000000;1.076;1.145;1.046;1.097;1385452500;0
HYDR;D;20090820;000000;1.115;1.124;1.074;1.106;781071400;0
HYDR;D;20090821;000000;1.105;1.168;1.102;1.155;1352822500;0
HYDR;D;20090824;000000;1.175;1.179;1.16;1.165;779204100;0
HYDR;D;20090825;000000;1.15;1.159;1.09;1.097;637046900;0
HYDR;D;20090826;000000;1.1;1.115;1.073;1.086;555217400;0
HYDR;D;20090827;000000;1.081;1.095;1.07;1.072;354598200;0
HYDR;D;20090828;000000;1.077;1.094;1.072;1.076;602241700;0
HYDR;D;20090831;000000;1.076;1.112;1.071;1.101;675249700;0
HYDR;D;20090901;000000;1.108;1.111;1.085;1.095;284342900;0
HYDR;D;20090902;000000;1.079;1.094;1.062;1.067;415701500;0
HYDR;D;20090903;000000;1.06;1.077;1.044;1.05;430265400;0
HYDR;D;20090904;000000;1.058;1.072;1.039;1.049;413295000;0
HYDR;D;20090907;000000;1.06;1.06;1.043;1.053;241960100;0
HYDR;D;20090908;000000;1.064;1.064;1.043;1.051;440367300;0
HYDR;D;20090909;000000;1.051;1.06;1.038;1.046;695381500;0
HYDR;D;20090910;000000;1.05;1.061;1.045;1.049;472793800;0
HYDR;D;20090911;000000;1.056;1.057;1.047;1.05;353729100;0
HYDR;D;20090914;000000;1.045;1.096;1.037;1.091;1083220100;0
HYDR;D;20090915;000000;1.1;1.141;1.085;1.093;1898379200;0
HYDR;D;20090916;000000;1.111;1.136;1.094;1.108;942848800;0
HYDR;D;20090917;000000;1.127;1.127;1.069;1.072;661961100;0
HYDR;D;20090918;000000;1.06;1.115;1.053;1.09;722452000;0
HYDR;D;20090921;000000;1.097;1.106;1.061;1.068;346634100;0
HYDR;D;20090922;000000;1.073;1.087;1.068;1.069;391177000;0
HYDR;D;20090923;000000;1.074;1.075;1.058;1.062;417369500;0
HYDR;D;20090924;000000;1.052;1.073;1.042;1.055;555638600;0
HYDR;D;20090925;000000;1.05;1.06;1.043;1.049;403925700;0
HYDR;D;20090928;000000;1.048;1.059;1.028;1.045;502653200;0
HYDR;D;20090929;000000;1.05;1.057;1.034;1.039;404003800;0
HYDR;D;20090930;000000;1.042;1.06;1.038;1.043;664771800;0
HYDR;D;20091001;000000;1.052;1.066;1.043;1.049;584516200;0
HYDR;D;20091002;000000;1.042;1.045;1.019;1.037;682876300;0
HYDR;D;20091005;000000;1.042;1.042;1.025;1.03;215827100;0
HYDR;D;20091006;000000;1.036;1.036;1.025;1.03;381566700;0
HYDR;D;20091007;000000;1.031;1.037;1.025;1.036;432513100;0
HYDR;D;20091008;000000;1.041;1.069;1.037;1.065;952432600;0
HYDR;D;20091009;000000;1.065;1.116;1.06;1.113;1419277600;0
HYDR;D;20091012;000000;1.119;1.137;1.116;1.129;742945100;0
HYDR;D;20091013;000000;1.121;1.218;1.121;1.175;2332796100;0
HYDR;D;20091014;000000;1.191;1.214;1.171;1.192;1133702600;0
HYDR;D;20091015;000000;1.201;1.201;1.126;1.133;948857300;0
HYDR;D;20091016;000000;1.143;1.145;1.107;1.114;506777200;0
HYDR;D;20091019;000000;1.121;1.148;1.114;1.145;521595800;0
HYDR;D;20091020;000000;1.158;1.158;1.124;1.13;411688100;0
HYDR;D;20091021;000000;1.13;1.135;1.118;1.133;238985900;0
HYDR;D;20091022;000000;1.128;1.13;1.11;1.114;233109200;0
HYDR;D;20091023;000000;1.124;1.132;1.117;1.117;288827600;0
HYDR;D;20091026;000000;1.114;1.132;1.112;1.123;310587600;0
HYDR;D;20091027;000000;1.115;1.119;1.08;1.085;570806200;0
HYDR;D;20091028;000000;1.072;1.084;1.003;1.02;1188011300;0
HYDR;D;20091029;000000;1.004;1.058;0.97;1.05;979181200;0
HYDR;D;20091030;000000;1.065;1.065;1.015;1.027;639587200;0
HYDR;D;20091102;000000;1.02;1.04;1.006;1.038;413332800;0
HYDR;D;20091103;000000;1.037;1.037;0.999;1.003;376614600;0
HYDR;D;20091105;000000;1.02;1.03;1;1.018;355343900;0
HYDR;D;20091106;000000;1.018;1.023;0.999;1.005;270367700;0
HYDR;D;20091109;000000;1.015;1.048;1.012;1.043;483653300;0
HYDR;D;20091110;000000;1.045;1.069;1.036;1.067;612895300;0
HYDR;D;20091111;000000;1.067;1.094;1.06;1.085;613267900;0
HYDR;D;20091112;000000;1.078;1.092;1.052;1.089;422940500;0
HYDR;D;20091113;000000;1.075;1.108;1.07;1.077;759431300;0
HYDR;D;20091116;000000;1.087;1.131;1.084;1.131;790444300;0
HYDR;D;20091117;000000;1.13;1.131;1.105;1.115;548265500;0
HYDR;D;20091118;000000;1.12;1.152;1.12;1.149;961626500;0
HYDR;D;20091119;000000;1.146;1.174;1.134;1.137;741899200;0
HYDR;D;20091120;000000;1.14;1.165;1.14;1.154;810390600;0
HYDR;D;20091123;000000;1.165;1.224;1.165;1.215;1302141100;0
HYDR;D;20091124;000000;1.2;1.205;1.139;1.156;1229462400;0
HYDR;D;20091125;000000;1.165;1.168;1.107;1.129;616448800;0
HYDR;D;20091126;000000;1.125;1.126;1.077;1.084;567205100;0
HYDR;D;20091127;000000;1.062;1.11;1.04;1.107;719531600;0
HYDR;D;20091130;000000;1.129;1.141;1.099;1.131;687866000;0
HYDR;D;20091201;000000;1.145;1.145;1.131;1.139;334780700;0
HYDR;D;20091202;000000;1.141;1.159;1.12;1.134;489503800;0
HYDR;D;20091203;000000;1.14;1.148;1.128;1.135;323522800;0
HYDR;D;20091204;000000;1.13;1.155;1.122;1.152;422728800;0
HYDR;D;20091207;000000;1.15;1.152;1.133;1.146;167943500;0
HYDR;D;20091208;000000;1.14;1.176;1.127;1.137;720629100;0
HYDR;D;20091209;000000;1.127;1.147;1.127;1.143;249849800;0
HYDR;D;20091210;000000;1.14;1.147;1.126;1.147;162597000;0
HYDR;D;20091211;000000;1.145;1.156;1.134;1.14;283299400;0
HYDR;D;20091214;000000;1.142;1.155;1.134;1.138;154005900;0
HYDR;D;20091215;000000;1.137;1.144;1.132;1.137;184939900;0
HYDR;D;20091216;000000;1.137;1.147;1.128;1.145;608938600;0
HYDR;D;20091217;000000;1.145;1.15;1.13;1.134;326752700;0
HYDR;D;20091218;000000;1.135;1.145;1.131;1.134;235898000;0
HYDR;D;20091221;000000;1.134;1.164;1.132;1.159;445726900;0
HYDR;D;20091222;000000;1.161;1.174;1.151;1.168;494457000;0
HYDR;D;20091223;000000;1.175;1.189;1.167;1.17;561692500;0
HYDR;D;20091224;000000;1.173;1.174;1.153;1.163;259003400;0
HYDR;D;20091225;000000;1.165;1.168;1.15;1.155;114545400;0
HYDR;D;20091228;000000;1.155;1.17;1.152;1.168;135477600;0
HYDR;D;20091229;000000;1.168;1.173;1.159;1.163;147825200;0
HYDR;D;20091230;000000;1.168;1.168;1.131;1.142;180089000;0
HYDR;D;20091231;000000;1.142;1.142;1.129;1.138;146648400;0
HYDR;D;20100111;000000;1.175;1.197;1.163;1.188;338032800;0
HYDR;D;20100112;000000;1.188;1.193;1.15;1.187;289725900;0
HYDR;D;20100113;000000;1.17;1.239;1.17;1.236;714616700;0
HYDR;D;20100114;000000;1.25;1.28;1.241;1.267;628598900;0
HYDR;D;20100115;000000;1.267;1.288;1.24;1.257;327637300;0
HYDR;D;20100118;000000;1.248;1.276;1.241;1.275;256395500;0
HYDR;D;20100119;000000;1.268;1.303;1.253;1.294;378491600;0
HYDR;D;20100120;000000;1.295;1.318;1.278;1.29;484252700;0
HYDR;D;20100121;000000;1.292;1.3;1.25;1.263;292970100;0
HYDR;D;20100122;000000;1.25;1.253;1.215;1.232;616895600;0
HYDR;D;20100125;000000;1.219;1.233;1.206;1.22;352066000;0
HYDR;D;20100126;000000;1.21;1.224;1.185;1.212;326649200;0
HYDR;D;20100127;000000;1.21;1.296;1.204;1.275;680853100;0
HYDR;D;20100128;000000;1.299;1.342;1.27;1.283;1272246700;0
HYDR;D;20100129;000000;1.27;1.31;1.258;1.3;501435500;0
HYDR;D;20100201;000000;1.286;1.298;1.262;1.295;301036900;0
HYDR;D;20100202;000000;1.305;1.327;1.28;1.305;455216700;0
HYDR;D;20100203;000000;1.316;1.319;1.287;1.295;474861700;0
HYDR;D;20100204;000000;1.29;1.309;1.267;1.279;316312800;0
HYDR;D;20100205;000000;1.258;1.261;1.22;1.232;439802500;0
HYDR;D;20100208;000000;1.232;1.257;1.225;1.229;515694400;0
HYDR;D;20100209;000000;1.24;1.243;1.2;1.223;472699300;0
HYDR;D;20100210;000000;1.23;1.239;1.207;1.21;380316100;0
HYDR;D;20100211;000000;1.23;1.23;1.187;1.199;321818700;0
HYDR;D;20100212;000000;1.211;1.219;1.171;1.182;350457600;0
HYDR;D;20100215;000000;1.181;1.193;1.171;1.189;299026800;0
HYDR;D;20100216;000000;1.2;1.219;1.195;1.213;607005300;0
HYDR;D;20100217;000000;1.22;1.245;1.217;1.23;544813100;0
HYDR;D;20100218;000000;1.239;1.268;1.224;1.266;910559600;0
HYDR;D;20100219;000000;1.25;1.294;1.233;1.284;973969100;0
HYDR;D;20100224;000000;1.294;1.305;1.273;1.301;678733100;0
HYDR;D;20100225;000000;1.295;1.3;1.249;1.254;446269300;0
HYDR;D;20100226;000000;1.264;1.297;1.255;1.282;878091100;0
HYDR;D;20100227;000000;1.282;1.284;1.272;1.28;123622200;0
HYDR;D;20100301;000000;1.287;1.302;1.277;1.289;638520700;0
HYDR;D;20100302;000000;1.283;1.294;1.274;1.286;346135500;0
HYDR;D;20100303;000000;1.281;1.328;1.279;1.313;892475100;0
HYDR;D;20100304;000000;1.3;1.329;1.292;1.318;504837300;0
HYDR;D;20100305;000000;1.33;1.332;1.298;1.33;646076600;0
HYDR;D;20100309;000000;1.341;1.357;1.333;1.349;701502200;0
HYDR;D;20100310;000000;1.35;1.374;1.341;1.372;631163300;0
HYDR;D;20100311;000000;1.371;1.407;1.365;1.37;962814300;0
HYDR;D;20100312;000000;1.385;1.444;1.381;1.435;1129160200;0
HYDR;D;20100315;000000;1.42;1.495;1.42;1.48;1243589800;0
HYDR;D;20100316;000000;1.499;1.51;1.463;1.464;941956400;0
HYDR;D;20100317;000000;1.477;1.485;1.441;1.45;767574000;0
HYDR;D;20100318;000000;1.446;1.476;1.424;1.46;883112200;0
HYDR;D;20100319;000000;1.465;1.482;1.435;1.442;726079600;0
HYDR;D;20100322;000000;1.44;1.473;1.428;1.462;740313400;0
HYDR;D;20100323;000000;1.47;1.47;1.443;1.446;768435300;0
HYDR;D;20100324;000000;1.452;1.464;1.444;1.453;641860700;0
HYDR;D;20100325;000000;1.451;1.476;1.445;1.465;539931900;0
HYDR;D;20100326;000000;1.465;1.486;1.46;1.476;576513000;0
HYDR;D;20100329;000000;1.47;1.533;1.468;1.501;637309100;0
HYDR;D;20100330;000000;1.505;1.526;1.482;1.522;571774100;0
HYDR;D;20100331;000000;1.52;1.577;1.515;1.555;712089100;0
HYDR;D;20100401;000000;1.56;1.69;1.556;1.678;1553018000;0
HYDR;D;20100402;000000;1.694;1.699;1.623;1.639;1054070700;0
HYDR;D;20100405;000000;1.65;1.679;1.628;1.663;735180200;0
HYDR;D;20100406;000000;1.663;1.675;1.575;1.64;757945900;0
HYDR;D;20100407;000000;1.633;1.644;1.567;1.596;963014600;0
HYDR;D;20100408;000000;1.58;1.644;1.566;1.642;1068525600;0
HYDR;D;20100409;000000;1.657;1.746;1.65;1.739;1548694800;0
HYDR;D;20100412;000000;1.755;1.8;1.741;1.799;1418036900;0
HYDR;D;20100413;000000;1.78;1.844;1.761;1.82;1144802800;0
HYDR;D;20100414;000000;1.84;1.857;1.773;1.786;1503156500;0
HYDR;D;20100415;000000;1.799;1.799;1.728;1.745;1086838400;0
HYDR;D;20100416;000000;1.72;1.74;1.662;1.669;1182256500;0
HYDR;D;20100419;000000;1.65;1.71;1.595;1.685;1408228700;0
HYDR;D;20100420;000000;1.71;1.738;1.678;1.702;1213454800;0
HYDR;D;20100421;000000;1.715;1.718;1.655;1.67;592746200;0
HYDR;D;20100422;000000;1.651;1.686;1.616;1.62;534765600;0
HYDR;D;20100423;000000;1.639;1.698;1.621;1.698;900237800;0
HYDR;D;20100426;000000;1.715;1.737;1.693;1.703;684777000;0
HYDR;D;20100427;000000;1.692;1.724;1.661;1.676;951225400;0
HYDR;D;20100428;000000;1.65;1.65;1.597;1.612;1092936200;0
HYDR;D;20100429;000000;1.625;1.665;1.621;1.665;694623900;0
HYDR;D;20100430;000000;1.674;1.697;1.635;1.687;800659700;0
HYDR;D;20100504;000000;1.699;1.715;1.632;1.638;597524700;0
HYDR;D;20100505;000000;1.63;1.65;1.561;1.596;854377500;0
HYDR;D;20100506;000000;1.579;1.61;1.565;1.571;723159600;0
HYDR;D;20100507;000000;1.53;1.549;1.401;1.435;1257592400;0
HYDR;D;20100511;000000;1.542;1.565;1.512;1.56;899957500;0
HYDR;D;20100512;000000;1.559;1.643;1.54;1.637;1137878400;0
HYDR;D;20100513;000000;1.65;1.675;1.58;1.626;671906000;0
HYDR;D;20100514;000000;1.6;1.65;1.583;1.62;737169500;0
HYDR;D;20100517;000000;1.553;1.647;1.553;1.628;586801600;0
HYDR;D;20100518;000000;1.636;1.677;1.6;1.67;690235200;0
HYDR;D;20100519;000000;1.643;1.665;1.605;1.652;904709900;0
HYDR;D;20100520;000000;1.65;1.696;1.538;1.555;1659719400;0
HYDR;D;20100521;000000;1.574;1.585;1.5;1.551;1351418400;0
HYDR;D;20100524;000000;1.57;1.588;1.519;1.551;749988700;0
HYDR;D;20100525;000000;1.474;1.509;1.45;1.47;1136718200;0
HYDR;D;20100526;000000;1.513;1.643;1.498;1.624;1241186300;0
HYDR;D;20100527;000000;1.63;1.69;1.596;1.679;1458865600;0
HYDR;D;20100528;000000;1.685;1.699;1.616;1.64;792954900;0
HYDR;D;20100531;000000;1.633;1.68;1.633;1.673;454460800;0
HYDR;D;20100601;000000;1.655;1.687;1.63;1.673;859961200;0
HYDR;D;20100602;000000;1.653;1.68;1.641;1.662;672762500;0
HYDR;D;20100603;000000;1.69;1.698;1.668;1.677;807153000;0
HYDR;D;20100604;000000;1.677;1.689;1.609;1.622;822886500;0
HYDR;D;20100607;000000;1.587;1.598;1.537;1.58;608575100;0
HYDR;D;20100608;000000;1.6;1.622;1.552;1.555;634730400;0
HYDR;D;20100609;000000;1.575;1.599;1.567;1.581;533370600;0
HYDR;D;20100610;000000;1.589;1.635;1.564;1.633;704843100;0
HYDR;D;20100611;000000;1.64;1.65;1.608;1.629;522392000;0
HYDR;D;20100615;000000;1.643;1.71;1.619;1.7;1263547900;0
HYDR;D;20100616;000000;1.712;1.719;1.652;1.681;1031619500;0
HYDR;D;20100617;000000;1.665;1.75;1.662;1.711;1115954400;0
HYDR;D;20100618;000000;1.72;1.807;1.716;1.776;1818832300;0
HYDR;D;20100621;000000;1.8;1.827;1.778;1.79;690619100;0
HYDR;D;20100622;000000;1.772;1.798;1.746;1.78;678394000;0
HYDR;D;20100623;000000;1.76;1.78;1.728;1.735;750033600;0
HYDR;D;20100624;000000;1.745;1.755;1.693;1.693;669382600;0
HYDR;D;20100625;000000;1.691;1.699;1.596;1.61;1039182000;0
HYDR;D;20100628;000000;1.61;1.634;1.604;1.618;712365100;0
HYDR;D;20100629;000000;1.6;1.6;1.55;1.566;941575700;0
HYDR;D;20100630;000000;1.57;1.575;1.506;1.518;970151000;0
HYDR;D;20100701;000000;1.49;1.54;1.456;1.468;1356536400;0
HYDR;D;20100702;000000;1.489;1.534;1.482;1.534;1272659900;0
HYDR;D;20100705;000000;1.534;1.544;1.515;1.541;385912800;0
HYDR;D;20100706;000000;1.552;1.577;1.543;1.576;786670300;0
HYDR;D;20100707;000000;1.551;1.556;1.51;1.543;799874200;0
HYDR;D;20100708;000000;1.57;1.573;1.524;1.544;624585300;0
HYDR;D;20100709;000000;1.559;1.563;1.534;1.545;572625400;0
HYDR;D;20100712;000000;1.546;1.597;1.536;1.589;753348600;0
HYDR;D;20100713;000000;1.576;1.645;1.569;1.633;1128967800;0
HYDR;D;20100714;000000;1.65;1.655;1.615;1.63;512703300;0
HYDR;D;20100715;000000;1.611;1.64;1.57;1.575;762738000;0
HYDR;D;20100716;000000;1.574;1.595;1.558;1.564;571693000;0
HYDR;D;20100719;000000;1.559;1.595;1.55;1.59;369256000;0
HYDR;D;20100720;000000;1.6;1.607;1.57;1.583;489663700;0
HYDR;D;20100721;000000;1.57;1.595;1.554;1.587;695424100;0
HYDR;D;20100722;000000;1.576;1.597;1.564;1.593;562089300;0
HYDR;D;20100723;000000;1.597;1.61;1.575;1.585;472398600;0
HYDR;D;20100726;000000;1.607;1.617;1.581;1.598;519063400;0
HYDR;D;20100727;000000;1.599;1.609;1.57;1.578;481713300;0
HYDR;D;20100728;000000;1.579;1.595;1.543;1.548;434542500;0
HYDR;D;20100729;000000;1.548;1.593;1.548;1.58;636589400;0
HYDR;D;20100730;000000;1.57;1.58;1.558;1.577;370272400;0
HYDR;D;20100802;000000;1.587;1.638;1.586;1.633;883646300;0
HYDR;D;20100803;000000;1.639;1.642;1.598;1.609;484213300;0
HYDR;D;20100804;000000;1.6;1.63;1.594;1.627;550278800;0
HYDR;D;20100805;000000;1.627;1.633;1.607;1.615;442338600;0
HYDR;D;20100806;000000;1.61;1.622;1.595;1.611;240772900;0
HYDR;D;20100809;000000;1.619;1.654;1.617;1.638;461727100;0
HYDR;D;20100810;000000;1.634;1.638;1.61;1.636;542353400;0
HYDR;D;20100811;000000;1.62;1.666;1.617;1.642;683382600;0
HYDR;D;20100812;000000;1.639;1.675;1.623;1.674;1008544100;0
HYDR;D;20100813;000000;1.684;1.686;1.653;1.673;456301400;0
HYDR;D;20100816;000000;1.674;1.68;1.639;1.672;408417900;0
HYDR;D;20100817;000000;1.677;1.677;1.655;1.664;244019300;0
HYDR;D;20100818;000000;1.662;1.668;1.632;1.645;408707400;0
HYDR;D;20100819;000000;1.657;1.66;1.641;1.646;266227400;0
HYDR;D;20100820;000000;1.645;1.653;1.61;1.613;309298000;0
HYDR;D;20100823;000000;1.621;1.624;1.592;1.594;517561300;0
HYDR;D;20100824;000000;1.581;1.585;1.566;1.574;481825500;0
HYDR;D;20100825;000000;1.571;1.589;1.563;1.575;317525400;0
HYDR;D;20100826;000000;1.59;1.609;1.582;1.594;428362100;0
HYDR;D;20100827;000000;1.589;1.599;1.578;1.586;418774200;0
HYDR;D;20100830;000000;1.6;1.61;1.59;1.595;436606100;0
HYDR;D;20100831;000000;1.57;1.586;1.569;1.582;379475200;0
HYDR;D;20100901;000000;1.59;1.594;1.581;1.594;392959900;0
HYDR;D;20100902;000000;1.597;1.638;1.594;1.638;983336700;0
HYDR;D;20100903;000000;1.641;1.657;1.626;1.646;709109400;0
HYDR;D;20100906;000000;1.66;1.66;1.62;1.631;371294600;0
HYDR;D;20100907;000000;1.628;1.634;1.601;1.618;284612000;0
HYDR;D;20100908;000000;1.61;1.643;1.603;1.636;407505700;0
HYDR;D;20100909;000000;1.646;1.665;1.63;1.644;498777600;0
HYDR;D;20100910;000000;1.647;1.653;1.623;1.637;389239900;0
HYDR;D;20100913;000000;1.657;1.663;1.642;1.648;384378500;0
HYDR;D;20100914;000000;1.641;1.65;1.612;1.625;320079300;0
HYDR;D;20100915;000000;1.629;1.635;1.602;1.629;492987400;0
HYDR;D;20100916;000000;1.625;1.629;1.607;1.617;179085600;0
HYDR;D;20100917;000000;1.625;1.628;1.606;1.611;243361500;0
HYDR;D;20100920;000000;1.612;1.617;1.591;1.606;314122700;0
HYDR;D;20100921;000000;1.613;1.625;1.604;1.612;304527700;0
HYDR;D;20100922;000000;1.616;1.617;1.595;1.599;307815200;0
HYDR;D;20100923;000000;1.599;1.603;1.567;1.579;499936200;0
HYDR;D;20100924;000000;1.579;1.585;1.563;1.572;482882300;0
HYDR;D;20100927;000000;1.581;1.585;1.556;1.559;509792300;0
HYDR;D;20100928;000000;1.56;1.561;1.544;1.552;648223200;0
HYDR;D;20100929;000000;1.563;1.563;1.551;1.558;450806300;0
HYDR;D;20100930;000000;1.393;1.575;1.393;1.569;525662900;0
HYDR;D;20101001;000000;1.575;1.583;1.564;1.573;743143900;0
HYDR;D;20101004;000000;1.579;1.599;1.574;1.59;571648800;0
HYDR;D;20101005;000000;1.59;1.624;1.582;1.611;744791200;0
HYDR;D;20101006;000000;1.62;1.626;1.584;1.597;579765500;0
HYDR;D;20101007;000000;1.595;1.61;1.587;1.6;327859800;0
HYDR;D;20101008;000000;1.592;1.603;1.576;1.586;293580600;0
HYDR;D;20101011;000000;1.591;1.607;1.591;1.604;304163000;0
HYDR;D;20101012;000000;1.592;1.597;1.587;1.59;400741200;0
HYDR;D;20101013;000000;1.609;1.619;1.594;1.612;1031074200;0
HYDR;D;20101014;000000;1.617;1.619;1.59;1.594;590445100;0
HYDR;D;20101015;000000;1.594;1.611;1.586;1.598;473049500;0
HYDR;D;20101018;000000;1.59;1.595;1.587;1.59;343196500;0
HYDR;D;20101019;000000;1.595;1.6;1.567;1.569;744798400;0
HYDR;D;20101020;000000;1.567;1.58;1.562;1.576;318307400;0
HYDR;D;20101021;000000;1.576;1.605;1.575;1.598;775289900;0
HYDR;D;20101022;000000;1.6;1.641;1.592;1.61;1604673500;0
HYDR;D;20101025;000000;1.621;1.627;1.601;1.605;529185800;0
HYDR;D;20101026;000000;1.601;1.61;1.586;1.592;559940400;0
HYDR;D;20101027;000000;1.59;1.608;1.577;1.578;692080400;0
HYDR;D;20101028;000000;1.584;1.59;1.577;1.584;387002900;0
HYDR;D;20101029;000000;1.584;1.587;1.578;1.586;536666000;0
HYDR;D;20101101;000000;1.595;1.606;1.573;1.574;686214600;0
HYDR;D;20101102;000000;1.578;1.58;1.565;1.568;564134800;0
HYDR;D;20101103;000000;1.572;1.583;1.568;1.571;323284500;0
HYDR;D;20101108;000000;1.605;1.614;1.58;1.587;733394200;0
HYDR;D;20101109;000000;1.589;1.615;1.583;1.597;656753500;0
HYDR;D;20101110;000000;1.59;1.595;1.581;1.593;283950400;0
HYDR;D;20101111;000000;1.597;1.6;1.57;1.573;435362200;0
HYDR;D;20101112;000000;1.568;1.582;1.557;1.581;420130100;0
HYDR;D;20101113;000000;1.572;1.581;1.566;1.577;127446500;0
HYDR;D;20101115;000000;1.589;1.589;1.571;1.588;281540900;0
HYDR;D;20101116;000000;1.586;1.586;1.561;1.562;304105500;0
HYDR;D;20101117;000000;1.56;1.568;1.548;1.552;455218200;0
HYDR;D;20101118;000000;1.547;1.576;1.547;1.573;354840900;0
HYDR;D;20101119;000000;1.575;1.575;1.557;1.568;260973400;0
HYDR;D;20101122;000000;1.575;1.585;1.572;1.584;369199300;0
HYDR;D;20101123;000000;1.572;1.614;1.571;1.613;961237500;0
HYDR;D;20101124;000000;1.615;1.67;1.612;1.656;1537669600;0
HYDR;D;20101125;000000;1.656;1.669;1.646;1.664;603780700;0
HYDR;D;20101126;000000;1.655;1.665;1.636;1.644;417916600;0
HYDR;D;20101129;000000;1.663;1.663;1.616;1.629;521789400;0
HYDR;D;20101130;000000;1.629;1.652;1.623;1.651;507319700;0
HYDR;D;20101201;000000;1.65;1.659;1.63;1.638;512093700;0
HYDR;D;20101202;000000;1.65;1.654;1.607;1.639;692836300;0
HYDR;D;20101203;000000;1.64;1.645;1.624;1.634;467809400;0
HYDR;D;20101206;000000;1.635;1.679;1.632;1.674;872330900;0
HYDR;D;20101207;000000;1.675;1.707;1.645;1.65;1072415100;0
HYDR;D;20101208;000000;1.645;1.671;1.617;1.621;644396100;0
HYDR;D;20101209;000000;1.635;1.647;1.617;1.625;478549000;0
HYDR;D;20101210;000000;1.627;1.636;1.603;1.621;503179800;0
HYDR;D;20101213;000000;1.631;1.652;1.631;1.634;459225900;0
HYDR;D;20101214;000000;1.633;1.638;1.621;1.635;344458300;0
HYDR;D;20101215;000000;1.63;1.647;1.62;1.625;535214700;0
HYDR;D;20101216;000000;1.62;1.634;1.62;1.627;230382500;0
HYDR;D;20101217;000000;1.631;1.646;1.623;1.641;538200700;0
HYDR;D;20101220;000000;1.637;1.645;1.626;1.639;345921700;0
HYDR;D;20101221;000000;1.64;1.663;1.635;1.661;557491500;0
HYDR;D;20101222;000000;1.664;1.672;1.651;1.657;610496600;0
HYDR;D;20101223;000000;1.658;1.668;1.648;1.667;476074900;0
HYDR;D;20101224;000000;1.67;1.67;1.64;1.644;291484200;0
HYDR;D;20101227;000000;1.644;1.645;1.626;1.63;176429400;0
HYDR;D;20101228;000000;1.632;1.639;1.623;1.63;194495500;0
HYDR;D;20101229;000000;1.631;1.643;1.624;1.64;370052600;0
HYDR;D;20101230;000000;1.633;1.652;1.631;1.649;326304800;0
HYDR;D;20110111;000000;1.65;1.67;1.627;1.655;555838800;0
HYDR;D;20110112;000000;1.655;1.712;1.652;1.705;1174080100;0
HYDR;D;20110113;000000;1.705;1.716;1.655;1.66;905899900;0
HYDR;D;20110114;000000;1.66;1.675;1.652;1.674;479849500;0
HYDR;D;20110117;000000;1.674;1.684;1.664;1.678;348643400;0
HYDR;D;20110118;000000;1.68;1.68;1.653;1.665;602733100;0
HYDR;D;20110119;000000;1.67;1.673;1.645;1.648;309006900;0
HYDR;D;20110120;000000;1.638;1.639;1.603;1.607;759917300;0
HYDR;D;20110121;000000;1.608;1.613;1.586;1.6;858952900;0
HYDR;D;20110124;000000;1.61;1.61;1.538;1.546;1274084400;0
HYDR;D;20110125;000000;1.555;1.557;1.527;1.539;954342200;0
HYDR;D;20110126;000000;1.547;1.557;1.525;1.532;1007196400;0
HYDR;D;20110127;000000;1.533;1.54;1.505;1.509;1196944200;0
HYDR;D;20110128;000000;1.51;1.529;1.501;1.505;1270840900;0
HYDR;D;20110131;000000;1.5;1.502;1.466;1.49;878211200;0
HYDR;D;20110201;000000;1.5;1.542;1.496;1.536;1562914700;0
HYDR;D;20110202;000000;1.542;1.552;1.521;1.528;910330800;0
HYDR;D;20110203;000000;1.53;1.536;1.509;1.522;500596000;0
HYDR;D;20110204;000000;1.529;1.529;1.497;1.511;516906800;0
HYDR;D;20110207;000000;1.515;1.52;1.495;1.515;384420200;0
HYDR;D;20110208;000000;1.518;1.518;1.484;1.489;972664400;0
HYDR;D;20110209;000000;1.49;1.516;1.475;1.512;687405100;0
HYDR;D;20110210;000000;1.51;1.51;1.477;1.486;447455300;0
HYDR;D;20110211;000000;1.49;1.505;1.484;1.492;322168500;0
HYDR;D;20110214;000000;1.496;1.503;1.493;1.494;272861600;0
HYDR;D;20110215;000000;1.499;1.5;1.485;1.489;308526000;0
HYDR;D;20110216;000000;1.49;1.526;1.483;1.526;759142200;0
HYDR;D;20110217;000000;1.53;1.54;1.492;1.496;799364100;0
HYDR;D;20110218;000000;1.492;1.5;1.451;1.462;1025304400;0
HYDR;D;20110221;000000;1.466;1.47;1.451;1.455;505789100;0
HYDR;D;20110222;000000;1.451;1.453;1.418;1.433;571980800;0
HYDR;D;20110224;000000;1.426;1.455;1.411;1.451;626518500;0
HYDR;D;20110225;000000;1.454;1.483;1.441;1.47;554804900;0
HYDR;D;20110228;000000;1.475;1.486;1.467;1.478;425439200;0
HYDR;D;20110301;000000;1.485;1.485;1.456;1.4578;346605000;0
HYDR;D;20110302;000000;1.4505;1.4818;1.442;1.48;375606000;0
HYDR;D;20110303;000000;1.4826;1.488;1.4625;1.4633;341288000;0
HYDR;D;20110304;000000;1.47;1.47;1.4429;1.4502;297262000;0
HYDR;D;20110305;000000;1.45;1.4751;1.4441;1.4698;190301000;0
HYDR;D;20110309;000000;1.481;1.4949;1.4649;1.472;413852000;0
HYDR;D;20110310;000000;1.461;1.4784;1.432;1.4371;484359000;0
HYDR;D;20110311;000000;1.4364;1.4424;1.4195;1.4291;520890000;0
HYDR;D;20110314;000000;1.429;1.4291;1.3975;1.402;816116000;0
HYDR;D;20110315;000000;1.385;1.395;1.3453;1.3534;1074549000;0
HYDR;D;20110316;000000;1.3632;1.385;1.3573;1.3679;668475000;0
HYDR;D;20110317;000000;1.37;1.381;1.359;1.3755;385982000;0
HYDR;D;20110318;000000;1.3819;1.3992;1.3715;1.3743;563688000;0
HYDR;D;20110321;000000;1.38;1.4018;1.3723;1.395;474413000;0
HYDR;D;20110322;000000;1.3953;1.44;1.3862;1.4398;1048566000;0
HYDR;D;20110323;000000;1.4294;1.4532;1.4071;1.43;1103193000;0
HYDR;D;20110324;000000;1.435;1.449;1.4301;1.447;778478000;0
HYDR;D;20110325;000000;1.4501;1.4509;1.4265;1.4369;628150000;0
HYDR;D;20110328;000000;1.4365;1.4469;1.4288;1.44;364023000;0
HYDR;D;20110329;000000;1.442;1.4448;1.4085;1.419;594239000;0
HYDR;D;20110330;000000;1.425;1.4403;1.4193;1.4377;652437000;0
HYDR;D;20110331;000000;1.44;1.4495;1.4162;1.4305;871972000;0
HYDR;D;20110401;000000;1.4305;1.4475;1.4252;1.4475;724982000;0
HYDR;D;20110404;000000;1.449;1.4796;1.4476;1.475;1327647000;0
HYDR;D;20110405;000000;1.475;1.4948;1.4663;1.4937;864382000;0
HYDR;D;20110406;000000;1.495;1.496;1.472;1.474;548172000;0
HYDR;D;20110407;000000;1.474;1.4815;1.4555;1.4735;423500000;0
HYDR;D;20110408;000000;1.4773;1.4838;1.4667;1.4731;322027000;0
HYDR;D;20110411;000000;1.4731;1.48;1.4585;1.4642;261181000;0
HYDR;D;20110412;000000;1.45;1.45;1.4073;1.425;582413000;0
HYDR;D;20110413;000000;1.4221;1.442;1.4125;1.441;402250000;0
HYDR;D;20110414;000000;1.4303;1.4473;1.409;1.4189;370415000;0
HYDR;D;20110415;000000;1.415;1.4583;1.411;1.4339;505370000;0
HYDR;D;20110418;000000;1.435;1.442;1.364;1.3864;494891000;0
HYDR;D;20110419;000000;1.3899;1.4235;1.388;1.4235;485236000;0
HYDR;D;20110420;000000;1.4253;1.449;1.4166;1.44;503298000;0
HYDR;D;20110421;000000;1.4475;1.452;1.425;1.44;447151000;0
HYDR;D;20110422;000000;1.4276;1.449;1.4276;1.444;164541000;0
HYDR;D;20110425;000000;1.445;1.477;1.4142;1.417;644316000;0
HYDR;D;20110426;000000;1.4196;1.4451;1.4117;1.442;525866000;0
HYDR;D;20110427;000000;1.4433;1.4522;1.401;1.4135;471027000;0
HYDR;D;20110428;000000;1.425;1.4298;1.3821;1.4099;460392000;0
HYDR;D;20110429;000000;1.4011;1.4098;1.374;1.39;269161000;0
HYDR;D;20110503;000000;1.3868;1.3997;1.3703;1.3859;358998000;0
HYDR;D;20110504;000000;1.371;1.4125;1.3502;1.3529;558005000;0
HYDR;D;20110505;000000;1.365;1.373;1.3211;1.3553;486881000;0
HYDR;D;20110506;000000;1.3439;1.3863;1.3378;1.3823;522584000;0
HYDR;D;20110510;000000;1.38;1.41;1.375;1.408;434313000;0
HYDR;D;20110511;000000;1.41;1.41;1.384;1.387;414959000;0
HYDR;D;20110512;000000;1.3801;1.3997;1.3666;1.392;423908000;0
HYDR;D;20110513;000000;1.3953;1.405;1.3725;1.3783;364006000;0
HYDR;D;20110516;000000;1.3773;1.4;1.3585;1.385;475602000;0
HYDR;D;20110517;000000;1.3852;1.4048;1.3778;1.3999;451287000;0
HYDR;D;20110518;000000;1.407;1.412;1.375;1.3873;416299000;0
HYDR;D;20110519;000000;1.39;1.404;1.3804;1.389;366879000;0
HYDR;D;20110520;000000;1.3899;1.393;1.357;1.3683;379493000;0
HYDR;D;20110523;000000;1.36;1.3673;1.3291;1.3379;409042000;0
HYDR;D;20110524;000000;1.3399;1.36;1.334;1.344;376826000;0
HYDR;D;20110525;000000;1.3359;1.3555;1.325;1.3469;407680000;0
HYDR;D;20110526;000000;1.35;1.3547;1.316;1.3163;400225000;0
HYDR;D;20110527;000000;1.3269;1.344;1.3161;1.3411;429771000;0
HYDR;D;20110530;000000;1.3418;1.37;1.338;1.3632;228498000;0
HYDR;D;20110531;000000;1.3642;1.385;1.346;1.3601;375040000;0
HYDR;D;20110601;000000;1.36;1.379;1.35;1.3589;441848000;0
HYDR;D;20110602;000000;1.3411;1.3494;1.329;1.349;582746000;0
HYDR;D;20110603;000000;1.3495;1.3575;1.323;1.333;576718000;0
HYDR;D;20110606;000000;1.3285;1.3371;1.319;1.3233;299652000;0
HYDR;D;20110607;000000;1.3205;1.3488;1.319;1.3475;321625000;0
HYDR;D;20110608;000000;1.3431;1.3599;1.333;1.355;553682000;0
HYDR;D;20110609;000000;1.35;1.3876;1.35;1.3814;660214000;0
HYDR;D;20110610;000000;1.3821;1.3889;1.368;1.38;371586000;0
HYDR;D;20110614;000000;1.385;1.4091;1.378;1.4001;674416000;0
HYDR;D;20110615;000000;1.4001;1.41;1.3753;1.3818;835402000;0
HYDR;D;20110616;000000;1.37;1.3824;1.3572;1.3695;493950000;0
HYDR;D;20110617;000000;1.3586;1.3719;1.3351;1.3416;729412000;0
HYDR;D;20110620;000000;1.34;1.3588;1.3249;1.3315;478105000;0
HYDR;D;20110621;000000;1.3395;1.3485;1.33;1.3465;330153000;0
HYDR;D;20110622;000000;1.347;1.35;1.3302;1.34;340730000;0
HYDR;D;20110623;000000;1.3315;1.339;1.3045;1.3157;560908000;0
HYDR;D;20110624;000000;1.321;1.344;1.3125;1.3313;534893000;0
HYDR;D;20110627;000000;1.33;1.337;1.3173;1.3369;288582000;0
HYDR;D;20110628;000000;1.339;1.354;1.3313;1.333;444122000;0
HYDR;D;20110629;000000;1.3398;1.3434;1.3272;1.3293;455064000;0
HYDR;D;20110630;000000;1.3351;1.3398;1.3277;1.3375;223730000;0
HYDR;D;20110701;000000;1.3375;1.3458;1.3233;1.3441;572456000;0
HYDR;D;20110704;000000;1.3377;1.371;1.3359;1.3665;721133000;0
HYDR;D;20110705;000000;1.3574;1.3998;1.3561;1.395;930366000;0
HYDR;D;20110706;000000;1.3892;1.406;1.3751;1.376;527903000;0
HYDR;D;20110707;000000;1.384;1.4134;1.3812;1.4022;768463000;0
HYDR;D;20110708;000000;1.405;1.406;1.3763;1.3834;425281000;0
HYDR;D;20110711;000000;1.3901;1.3901;1.3624;1.3699;421749000;0
HYDR;D;20110712;000000;1.3602;1.391;1.3541;1.3839;572836000;0
HYDR;D;20110713;000000;1.3865;1.3965;1.364;1.39;528073000;0
HYDR;D;20110714;000000;1.38;1.3849;1.365;1.3721;486185000;0
HYDR;D;20110715;000000;1.3695;1.37;1.354;1.355;391018000;0
HYDR;D;20110718;000000;1.355;1.3698;1.3252;1.3269;595488000;0
HYDR;D;20110719;000000;1.3345;1.3413;1.3292;1.3366;496106000;0
HYDR;D;20110720;000000;1.3494;1.35;1.33;1.333;355491000;0
HYDR;D;20110721;000000;1.339;1.345;1.3208;1.3384;520365000;0
HYDR;D;20110722;000000;1.3458;1.347;1.3315;1.3334;429918000;0
HYDR;D;20110725;000000;1.3295;1.3317;1.3203;1.327;367523000;0
HYDR;D;20110726;000000;1.3288;1.338;1.3268;1.3354;302692000;0
HYDR;D;20110727;000000;1.3323;1.3417;1.3281;1.3335;285173000;0
HYDR;D;20110728;000000;1.33;1.3403;1.3251;1.3403;388143000;0
HYDR;D;20110729;000000;1.336;1.386;1.3333;1.381;1264858000;0
HYDR;D;20110801;000000;1.3885;1.4006;1.3665;1.37;754450000;0
HYDR;D;20110802;000000;1.365;1.3796;1.3602;1.3665;367413000;0
HYDR;D;20110803;000000;1.3553;1.3928;1.339;1.35;990098000;0
HYDR;D;20110804;000000;1.366;1.368;1.3411;1.3576;767798000;0
HYDR;D;20110805;000000;1.324;1.3457;1.285;1.3172;1175725000;0
HYDR;D;20110808;000000;1.2843;1.302;1.2396;1.2574;1122184000;0
HYDR;D;20110809;000000;1.2316;1.25;1.1331;1.23;1369006000;0
HYDR;D;20110810;000000;1.249;1.2549;1.18;1.1889;1240566000;0
HYDR;D;20110811;000000;1.2001;1.2168;1.1377;1.1739;1118131000;0
HYDR;D;20110812;000000;1.195;1.2075;1.1625;1.185;676370000;0
HYDR;D;20110815;000000;1.205;1.2116;1.1863;1.2094;593395000;0
HYDR;D;20110816;000000;1.201;1.214;1.18;1.207;519104000;0
HYDR;D;20110817;000000;1.213;1.2308;1.193;1.224;700329000;0
HYDR;D;20110818;000000;1.2062;1.2175;1.1811;1.198;672800000;0
HYDR;D;20110819;000000;1.18;1.189;1.1501;1.164;855463000;0
HYDR;D;20110822;000000;1.15;1.19;1.1415;1.17;439510000;0
HYDR;D;20110823;000000;1.18;1.1937;1.16;1.1657;515894000;0
HYDR;D;20110824;000000;1.18;1.195;1.1668;1.1881;380406000;0
HYDR;D;20110825;000000;1.194;1.2099;1.178;1.1834;556827000;0
HYDR;D;20110826;000000;1.19;1.2045;1.178;1.2026;498894000;0
HYDR;D;20110829;000000;1.22;1.2517;1.2147;1.239;445320000;0
HYDR;D;20110830;000000;1.239;1.2445;1.222;1.2385;515398000;0
HYDR;D;20110831;000000;1.24;1.2686;1.2355;1.2469;606334000;0
HYDR;D;20110901;000000;1.249;1.249;1.21;1.2434;467929000;0
HYDR;D;20110902;000000;1.23;1.2376;1.212;1.215;292650000;0
HYDR;D;20110905;000000;1.2;1.2164;1.188;1.196;450062000;0
HYDR;D;20110906;000000;1.1899;1.22;1.188;1.2116;456186000;0
HYDR;D;20110907;000000;1.2227;1.2626;1.2227;1.26;674676000;0
HYDR;D;20110908;000000;1.26;1.2642;1.246;1.261;578348000;0
HYDR;D;20110909;000000;1.2548;1.2944;1.2455;1.251;1066571000;0
HYDR;D;20110912;000000;1.236;1.2465;1.222;1.2326;563470000;0
HYDR;D;20110913;000000;1.24;1.249;1.231;1.2419;476675000;0
HYDR;D;20110914;000000;1.23;1.26;1.207;1.2518;481705000;0
HYDR;D;20110915;000000;1.257;1.29;1.2566;1.2581;1251223000;0
HYDR;D;20110916;000000;1.27;1.275;1.2586;1.2712;562766000;0
HYDR;D;20110919;000000;1.265;1.272;1.249;1.2643;357544000;0
HYDR;D;20110920;000000;1.2633;1.2844;1.2588;1.2611;292073000;0
HYDR;D;20110921;000000;1.2698;1.2788;1.2611;1.266;280862000;0
HYDR;D;20110922;000000;1.25;1.254;1.183;1.183;1062165000;0
HYDR;D;20110923;000000;1.1725;1.1785;1.07;1.0812;1010978000;0
HYDR;D;20110926;000000;1.0837;1.096;1.0199;1.0633;1101693000;0
HYDR;D;20110927;000000;1.0961;1.12;1.0755;1.0816;554731000;0
HYDR;D;20110928;000000;1.0747;1.0886;1.055;1.0562;593709000;0
HYDR;D;20110929;000000;1.0499;1.087;1.0416;1.0782;575870000;0
HYDR;D;20110930;000000;1.0802;1.0848;1.0226;1.0471;678505000;0
HYDR;D;20111003;000000;1.034;1.0799;1.0051;1.067;650197000;0
HYDR;D;20111004;000000;1.0559;1.082;1.0091;1.023;972795000;0
HYDR;D;20111005;000000;1.04;1.055;1.02;1.043;519125000;0
HYDR;D;20111006;000000;1.05;1.0878;1.0424;1.0835;650112000;0
HYDR;D;20111007;000000;1.0901;1.118;1.081;1.1038;680426000;0
HYDR;D;20111010;000000;1.11;1.1276;1.0855;1.125;474499000;0
HYDR;D;20111011;000000;1.1331;1.1331;1.0777;1.0877;496492000;0
HYDR;D;20111012;000000;1.0827;1.1175;1.072;1.112;644824000;0
HYDR;D;20111013;000000;1.1174;1.1174;1.0851;1.0987;541423000;0
HYDR;D;20111014;000000;1.1007;1.135;1.0959;1.127;679491000;0
HYDR;D;20111017;000000;1.137;1.138;1.0883;1.089;717752000;0
HYDR;D;20111018;000000;1.085;1.0995;1.0662;1.0975;483212000;0
HYDR;D;20111019;000000;1.1165;1.1165;1.076;1.084;522246000;0
HYDR;D;20111020;000000;1.0789;1.097;1.0627;1.085;577235000;0
HYDR;D;20111021;000000;1.0971;1.0997;1.075;1.085;715171000;0
HYDR;D;20111024;000000;1.0962;1.114;1.0861;1.1119;805912000;0
HYDR;D;20111025;000000;1.1111;1.1287;1.0972;1.103;511075000;0
HYDR;D;20111026;000000;1.0994;1.149;1.0994;1.1475;912887000;0
HYDR;D;20111027;000000;1.1612;1.183;1.1601;1.1701;829701000;0
HYDR;D;20111028;000000;1.1795;1.19;1.1322;1.148;833887000;0
HYDR;D;20111031;000000;1.1394;1.1499;1.1255;1.1416;424213000;0
HYDR;D;20111101;000000;1.1299;1.1477;1.1072;1.1186;559995000;0
HYDR;D;20111102;000000;1.1201;1.1391;1.1;1.137;601006000;0
HYDR;D;20111103;000000;1.1348;1.16;1.109;1.152;508270000;0
HYDR;D;20111107;000000;1.1835;1.1835;1.1375;1.178;311899000;0
HYDR;D;20111108;000000;1.1783;1.198;1.1621;1.1841;452244000;0
HYDR;D;20111109;000000;1.1935;1.1949;1.1255;1.1359;796149000;0
HYDR;D;20111110;000000;1.1191;1.156;1.1155;1.1503;478870000;0
HYDR;D;20111111;000000;1.1558;1.1722;1.131;1.1722;391247000;0
HYDR;D;20111114;000000;1.18;1.185;1.161;1.1675;284726000;0
HYDR;D;20111115;000000;1.168;1.185;1.1363;1.1699;551141000;0
HYDR;D;20111116;000000;1.1591;1.185;1.15;1.1686;388764000;0
HYDR;D;20111117;000000;1.1605;1.18;1.1354;1.1562;434626000;0
HYDR;D;20111118;000000;1.1345;1.16;1.1301;1.1502;301413000;0
HYDR;D;20111121;000000;1.1471;1.1471;1.1;1.1047;513992000;0
HYDR;D;20111122;000000;1.1049;1.135;1.1049;1.1279;335949000;0
HYDR;D;20111123;000000;1.1123;1.165;1.1061;1.1275;469483000;0
HYDR;D;20111124;000000;1.1303;1.164;1.1229;1.1277;253823000;0
HYDR;D;20111125;000000;1.1945;1.1945;1.1051;1.1293;363838000;0
HYDR;D;20111128;000000;1.151;1.177;1.1395;1.175;558623000;0
HYDR;D;20111129;000000;1.1805;1.1839;1.1529;1.1529;444254000;0
HYDR;D;20111130;000000;1.15;1.2101;1.1411;1.2101;717038000;0
HYDR;D;20111201;000000;1.22;1.2383;1.198;1.2221;858584000;0
HYDR;D;20111202;000000;1.2306;1.238;1.1977;1.1999;604279000;0
HYDR;D;20111205;000000;1.201;1.208;1.1862;1.2002;354019000;0
HYDR;D;20111206;000000;1.198;1.2148;1.1605;1.1605;719502000;0
HYDR;D;20111207;000000;1.1614;1.1775;1.1399;1.1399;571906000;0
HYDR;D;20111208;000000;1.1408;1.158;1.1303;1.1351;493835000;0
HYDR;D;20111209;000000;1.115;1.1198;1.0692;1.073;764011000;0
HYDR;D;20111212;000000;1.0835;1.098;1.0195;1.0201;526604000;0
HYDR;D;20111213;000000;1.02;1.0424;1.002;1.033;693757000;0
HYDR;D;20111214;000000;1.02;1.0887;1.0197;1.064;903225000;0
HYDR;D;20111215;000000;1.05;1.0983;1.03;1.0817;1268947000;0
HYDR;D;20111216;000000;1.0862;1.1049;1.0603;1.07;575228000;0
HYDR;D;20111219;000000;1.0611;1.0699;1.0255;1.0303;807926000;0
HYDR;D;20111220;000000;1.0299;1.0384;1.0212;1.0349;481017000;0
HYDR;D;20111221;000000;1.037;1.0444;1.016;1.0216;478675000;0
HYDR;D;20111222;000000;1.021;1.0276;1.0099;1.019;313406000;0
HYDR;D;20111223;000000;1.0207;1.0242;0.9953;1.002;270469000;0
HYDR;D;20111226;000000;1.0062;1.0148;1.0019;1.0078;330282000;0
HYDR;D;20111227;000000;1.0078;1.0114;0.9965;0.9995;240412000;0
HYDR;D;20111228;000000;1;1.004;0.9924;0.993;290402000;0
HYDR;D;20111229;000000;0.9926;0.995;0.9401;0.9559;935367000;0
HYDR;D;20111230;000000;0.9538;0.973;0.9538;0.9658;499267000;0
HYDR;D;20120103;000000;0.972;1.0039;0.971;1.0005;324691000;0
HYDR;D;20120104;000000;1.0008;1.0129;1.0008;1.0115;275858000;0
HYDR;D;20120105;000000;1.0408;1.0408;0.992;1.0008;304144000;0
HYDR;D;20120106;000000;1.0006;1.009;1.0006;1.003;211498000;0
HYDR;D;20120109;000000;1.002;1.011;1.0011;1.0079;176454000;0
HYDR;D;20120110;000000;1.0101;1.0376;1.0101;1.0375;834583000;0
HYDR;D;20120111;000000;1.03;1.037;1.0255;1.0341;370353000;0
HYDR;D;20120112;000000;1.0812;1.0812;1.027;1.0379;599642000;0
HYDR;D;20120113;000000;1.04;1.049;1.0261;1.0272;366753000;0
HYDR;D;20120116;000000;1.0231;1.0297;1.0124;1.024;288917000;0
HYDR;D;20120117;000000;1.0314;1.0595;1.0314;1.053;654167000;0
HYDR;D;20120118;000000;1.0506;1.0588;1.042;1.05;437437000;0
HYDR;D;20120119;000000;1.0594;1.064;1.0401;1.058;807912000;0
HYDR;D;20120120;000000;1.059;1.061;1.0434;1.0498;336848000;0
HYDR;D;20120123;000000;1.045;1.0522;1.0352;1.052;370714000;0
HYDR;D;20120124;000000;1.045;1.0573;1.039;1.05;441789000;0
HYDR;D;20120125;000000;1.0553;1.062;1.0537;1.061;536831000;0
HYDR;D;20120126;000000;1.0716;1.0943;1.0684;1.093;846037000;0
HYDR;D;20120127;000000;1.085;1.1237;1.08;1.123;1061931000;0
HYDR;D;20120130;000000;1.119;1.1225;1.0938;1.1041;593403000;0
HYDR;D;20120131;000000;1.111;1.1513;1.1054;1.1503;1140445000;0
HYDR;D;20120201;000000;1.145;1.177;1.1405;1.17;1025267000;0
HYDR;D;20120202;000000;1.175;1.1769;1.159;1.1697;594092000;0
HYDR;D;20120203;000000;1.1602;1.175;1.1526;1.173;599422000;0
HYDR;D;20120206;000000;1.1723;1.1811;1.1635;1.1711;583971000;0
HYDR;D;20120207;000000;1.1745;1.1765;1.1536;1.1553;581664000;0
HYDR;D;20120208;000000;1.16;1.1755;1.1535;1.1567;498761000;0
HYDR;D;20120209;000000;1.159;1.1643;1.1151;1.1241;987857000;0
HYDR;D;20120210;000000;1.12;1.12;1.0874;1.0885;828407000;0
HYDR;D;20120213;000000;1.104;1.1169;1.1002;1.1143;636629000;0
HYDR;D;20120214;000000;1.11;1.1275;1.1048;1.119;601893000;0
HYDR;D;20120215;000000;1.1288;1.1518;1.121;1.14;710753000;0
HYDR;D;20120216;000000;1.13;1.1468;1.1211;1.143;498368000;0
HYDR;D;20120217;000000;1.154;1.161;1.1331;1.1401;386762000;0
HYDR;D;20120220;000000;1.147;1.1687;1.1458;1.1599;444296000;0
HYDR;D;20120221;000000;1.16;1.164;1.1435;1.1507;544579000;0
HYDR;D;20120222;000000;1.1547;1.1588;1.1362;1.1461;454650000;0
HYDR;D;20120224;000000;1.1531;1.181;1.1471;1.1779;1126566000;0
HYDR;D;20120227;000000;1.175;1.1928;1.171;1.1886;742401000;0
HYDR;D;20120228;000000;1.1933;1.198;1.1735;1.1779;649274000;0
HYDR;D;20120229;000000;1.1798;1.1907;1.178;1.1871;538334000;0
HYDR;D;20120301;000000;1.165;1.195;1.1504;1.195;816301000;0
HYDR;D;20120302;000000;1.195;1.199;1.181;1.1961;834230000;0
HYDR;D;20120305;000000;1.1989;1.21;1.1907;1.2092;898191000;0
HYDR;D;20120306;000000;1.2;1.2;1.1756;1.1774;741110000;0
HYDR;D;20120307;000000;1.18;1.181;1.1626;1.1713;648878000;0
HYDR;D;20120311;000000;1.192;1.195;1.1807;1.1884;232476000;0
HYDR;D;20120312;000000;1.185;1.1894;1.1754;1.182;388852000;0
HYDR;D;20120313;000000;1.1882;1.1939;1.1736;1.181;416700000;0
HYDR;D;20120314;000000;1.19;1.1937;1.176;1.1785;475906000;0
HYDR;D;20120315;000000;1.1785;1.1814;1.1557;1.1583;1016146000;0
HYDR;D;20120316;000000;1.1718;1.1718;1.1299;1.1464;961271000;0
HYDR;D;20120319;000000;1.1497;1.1515;1.1101;1.1182;846928000;0
HYDR;D;20120320;000000;1.12;1.1419;1.1061;1.1309;989844000;0
HYDR;D;20120321;000000;1.1346;1.1493;1.122;1.132;713346000;0
HYDR;D;20120322;000000;1.13;1.14;1.106;1.11;430655000;0
HYDR;D;20120323;000000;1.1145;1.121;1.0994;1.1115;453858000;0
HYDR;D;20120326;000000;1.1115;1.1287;1.1072;1.1205;518044000;0
HYDR;D;20120327;000000;1.1279;1.1314;1.105;1.1172;474124000;0
HYDR;D;20120328;000000;1.1125;1.1176;1.1001;1.102;435579000;0
HYDR;D;20120329;000000;1.1;1.1009;1.0517;1.066;784237000;0
HYDR;D;20120330;000000;1.078;1.0939;1.0767;1.0861;451829000;0
HYDR;D;20120402;000000;1.0895;1.097;1.0741;1.0838;293755000;0
HYDR;D;20120403;000000;1.09;1.0974;1.0835;1.0872;483763000;0
HYDR;D;20120404;000000;1.08;1.0819;1.0456;1.048;545626000;0
HYDR;D;20120405;000000;1.053;1.058;1.032;1.0502;382311000;0
HYDR;D;20120406;000000;1.0502;1.0538;1.037;1.041;209884000;0
HYDR;D;20120409;000000;1.041;1.05;1.0201;1.0498;260633000;0
HYDR;D;20120410;000000;1.0505;1.059;1.036;1.052;320983000;0
HYDR;D;20120411;000000;1.048;1.054;1.0351;1.048;384315000;0
HYDR;D;20120412;000000;1.0537;1.0545;1.0335;1.054;347795000;0
HYDR;D;20120413;000000;1.0561;1.0766;1.0511;1.0568;335666000;0
HYDR;D;20120416;000000;1.0544;1.0625;1.036;1.0362;371958000;0
HYDR;D;20120417;000000;1.0362;1.0427;1.016;1.0205;486364000;0
HYDR;D;20120418;000000;1.0289;1.0409;1.021;1.0242;460880000;0
HYDR;D;20120419;000000;1.0243;1.0569;1.0243;1.0548;573107000;0
HYDR;D;20120420;000000;1.0498;1.091;1.0472;1.085;605967000;0
HYDR;D;20120423;000000;1.0765;1.09;1.035;1.042;534482000;0
HYDR;D;20120424;000000;1.039;1.044;1.017;1.0319;539543000;0
HYDR;D;20120425;000000;1.035;1.0616;1.0334;1.0465;603742000;0
HYDR;D;20120426;000000;1.0497;1.0525;1.0213;1.026;456400000;0
HYDR;D;20120427;000000;1.025;1.0471;1.0101;1.0384;372129000;0
HYDR;D;20120428;000000;1.0393;1.042;1.0324;1.0403;53846000;0
HYDR;D;20120502;000000;1.0449;1.0527;1.0111;1.0117;406430000;0
HYDR;D;20120503;000000;1.015;1.021;0.99;0.9999;526033000;0
HYDR;D;20120504;000000;0.9902;0.9977;0.941;0.945;967079000;0
HYDR;D;20120505;000000;0.945;0.9498;0.9215;0.938;140946000;0
HYDR;D;20120507;000000;0.9;0.9439;0.898;0.9369;349374000;0
HYDR;D;20120508;000000;0.9444;0.9512;0.9279;0.9444;181318000;0
HYDR;D;20120510;000000;0.93;0.9596;0.9271;0.953;551543000;0
HYDR;D;20120511;000000;0.94;0.944;0.9165;0.9372;387093000;0
HYDR;D;20120512;000000;0.93;0.9509;0.9272;0.95;139091000;0
HYDR;D;20120514;000000;0.9483;0.9549;0.8911;0.8982;614723000;0
HYDR;D;20120515;000000;0.9;0.909;0.874;0.9063;646309000;0
HYDR;D;20120516;000000;0.8856;0.8975;0.8675;0.8775;1002201000;0
HYDR;D;20120517;000000;0.88;0.8857;0.827;0.833;843658000;0
HYDR;D;20120518;000000;0.8094;0.83;0.7868;0.8032;890934000;0
HYDR;D;20120521;000000;0.8112;0.8509;0.8035;0.8482;642489000;0
HYDR;D;20120522;000000;0.8545;0.8557;0.8228;0.8416;450485000;0
HYDR;D;20120523;000000;0.825;0.825;0.761;0.7749;1124773000;0
HYDR;D;20120524;000000;0.7831;0.7899;0.7189;0.7588;1377835000;0
HYDR;D;20120525;000000;0.7511;0.7925;0.7472;0.776;782828000;0
HYDR;D;20120528;000000;0.785;0.795;0.7762;0.7821;490022000;0
HYDR;D;20120529;000000;0.7893;0.8174;0.781;0.8173;812603000;0
HYDR;D;20120530;000000;0.8041;0.8059;0.781;0.7886;573402000;0
HYDR;D;20120531;000000;0.787;0.815;0.7852;0.798;749622000;0
HYDR;D;20120601;000000;0.8;0.818;0.776;0.8045;605466000;0
HYDR;D;20120604;000000;0.79;0.8275;0.79;0.813;478639000;0
HYDR;D;20120605;000000;0.821;0.8298;0.793;0.8;462665000;0
HYDR;D;20120606;000000;0.8095;0.8224;0.8014;0.8118;541660000;0
HYDR;D;20120607;000000;0.8189;0.859;0.8101;0.851;909757000;0
HYDR;D;20120608;000000;0.84;0.8472;0.8271;0.8427;417413000;0
HYDR;D;20120609;000000;0.8513;0.8535;0.8418;0.851;127064000;0
HYDR;D;20120613;000000;0.8438;0.8648;0.835;0.8565;669490000;0
HYDR;D;20120614;000000;0.8547;0.8566;0.8357;0.8466;392506000;0
HYDR;D;20120615;000000;0.8504;0.8838;0.846;0.8822;726636000;0
HYDR;D;20120618;000000;0.8901;0.897;0.8811;0.8924;522663000;0
HYDR;D;20120619;000000;0.8915;0.8915;0.838;0.8408;1801439000;0
HYDR;D;20120620;000000;0.8408;0.8443;0.7765;0.7774;1732897000;0
HYDR;D;20120621;000000;0.7648;0.81;0.748;0.7914;1717602000;0
HYDR;D;20120622;000000;0.771;0.795;0.7699;0.793;502264000;0
HYDR;D;20120625;000000;0.7985;0.8143;0.7731;0.7802;853271000;0
HYDR;D;20120626;000000;0.792;0.7929;0.7752;0.7792;420447000;0
HYDR;D;20120627;000000;0.7821;0.7934;0.7781;0.792;960652000;0
HYDR;D;20120628;000000;0.7949;0.7952;0.7602;0.7615;761897000;0
HYDR;D;20120629;000000;0.7711;0.794;0.7711;0.788;773356000;0
HYDR;D;20120702;000000;0.785;0.8167;0.781;0.8156;889065000;0
HYDR;D;20120703;000000;0.8237;0.8397;0.8193;0.8342;768965000;0
HYDR;D;20120704;000000;0.834;0.8507;0.8202;0.8445;572602000;0
HYDR;D;20120705;000000;0.8389;0.8499;0.8172;0.8297;716005000;0
HYDR;D;20120706;000000;0.8265;0.834;0.8058;0.8076;427680000;0
HYDR;D;20120709;000000;0.8007;0.8323;0.8007;0.826;502118000;0
HYDR;D;20120710;000000;0.8251;0.8725;0.8223;0.8603;1349053000;0
HYDR;D;20120711;000000;0.8599;0.8888;0.8524;0.865;1613995000;0
HYDR;D;20120712;000000;0.867;0.8797;0.838;0.847;932606000;0
HYDR;D;20120713;000000;0.8513;0.8623;0.8475;0.8584;458174000;0
HYDR;D;20120716;000000;0.8597;0.871;0.849;0.8545;507020000;0
HYDR;D;20120717;000000;0.86;0.8693;0.849;0.856;732930000;0
HYDR;D;20120718;000000;0.8623;0.8623;0.8441;0.8508;448632000;0
HYDR;D;20120719;000000;0.859;0.8627;0.852;0.8592;385735000;0
HYDR;D;20120720;000000;0.855;0.8573;0.8452;0.8527;324555000;0
HYDR;D;20120723;000000;0.845;0.845;0.8068;0.8106;762945000;0
HYDR;D;20120724;000000;0.82;0.82;0.794;0.8015;395401000;0
HYDR;D;20120725;000000;0.7951;0.8137;0.79;0.805;458667000;0
HYDR;D;20120726;000000;0.807;0.8161;0.8021;0.8081;345597000;0
HYDR;D;20120727;000000;0.8134;0.825;0.8081;0.8192;392297000;0
HYDR;D;20120730;000000;0.8236;0.8482;0.8222;0.8443;451039000;0
HYDR;D;20120731;000000;0.8443;0.8475;0.8172;0.8197;580518000;0
HYDR;D;20120801;000000;0.8197;0.8316;0.8149;0.8234;432803000;0
HYDR;D;20120802;000000;0.8232;0.8625;0.8182;0.8432;974241000;0
HYDR;D;20120803;000000;0.8411;0.857;0.8374;0.8556;409808000;0
HYDR;D;20120806;000000;0.8571;0.867;0.848;0.8624;536318000;0
HYDR;D;20120807;000000;0.8612;0.868;0.8551;0.8627;408484000;0
HYDR;D;20120808;000000;0.86;0.8687;0.8562;0.8658;350531000;0
HYDR;D;20120809;000000;0.8686;0.88;0.8542;0.8687;506543000;0
HYDR;D;20120810;000000;0.864;0.864;0.8454;0.8581;411427000;0
HYDR;D;20120813;000000;0.86;0.8725;0.856;0.8627;453735000;0
HYDR;D;20120814;000000;0.866;0.8838;0.8628;0.8833;559713000;0
HYDR;D;20120815;000000;0.88;0.9;0.8731;0.8934;1086321000;0
HYDR;D;20120816;000000;0.8965;0.9034;0.8875;0.8934;768475000;0
HYDR;D;20120817;000000;0.9007;0.9007;0.8762;0.8762;439495000;0
HYDR;D;20120820;000000;0.8758;0.882;0.85;0.8509;518103000;0
HYDR;D;20120821;000000;0.8542;0.873;0.8527;0.8682;467929000;0
HYDR;D;20120822;000000;0.86;0.8649;0.8552;0.8636;273090000;0
HYDR;D;20120823;000000;0.87;0.8857;0.8591;0.8603;615005000;0
HYDR;D;20120824;000000;0.8568;0.8642;0.8515;0.856;366847000;0
HYDR;D;20120827;000000;0.861;0.8635;0.8545;0.8577;277535000;0
HYDR;D;20120828;000000;0.8497;0.8591;0.8371;0.8405;777162000;0
HYDR;D;20120829;000000;0.88;0.88;0.8155;0.816;1002057000;0
HYDR;D;20120830;000000;0.815;0.8168;0.8012;0.8042;620671000;0
HYDR;D;20120831;000000;0.8042;0.8198;0.8011;0.817;675902000;0
HYDR;D;20120903;000000;0.817;0.828;0.817;0.8221;398164000;0
HYDR;D;20120904;000000;0.8245;0.8264;0.8153;0.82;278557000;0
HYDR;D;20120905;000000;0.8175;0.8208;0.807;0.8102;287004000;0
HYDR;D;20120906;000000;0.8119;0.8378;0.8119;0.8333;606594000;0
HYDR;D;20120907;000000;0.8392;0.8686;0.8369;0.8645;1075175000;0
HYDR;D;20120910;000000;0.8645;0.8795;0.855;0.8754;526956000;0
HYDR;D;20120911;000000;0.866;0.8877;0.8638;0.8765;427704000;0
HYDR;D;20120912;000000;0.8803;0.8829;0.851;0.8528;913188000;0
HYDR;D;20120913;000000;0.8533;0.8634;0.8342;0.839;569293000;0
HYDR;D;20120914;000000;0.8614;0.892;0.8614;0.8852;1377788000;0
HYDR;D;20120917;000000;0.882;0.9158;0.8741;0.909;1284489000;0
HYDR;D;20120918;000000;0.9001;0.9056;0.8852;0.8868;731050000;0
HYDR;D;20120919;000000;0.893;0.955;0.877;0.8865;1417622000;0
HYDR;D;20120920;000000;0.8865;0.9075;0.8677;0.88;1992623000;0
HYDR;D;20120921;000000;0.89;0.897;0.8607;0.8655;1269700000;0
HYDR;D;20120924;000000;0.8616;0.8616;0.8483;0.8586;442529000;0
HYDR;D;20120925;000000;0.861;0.8739;0.855;0.8591;538711000;0
HYDR;D;20120926;000000;0.846;0.85;0.8375;0.8452;668247000;0
HYDR;D;20120927;000000;0.85;0.86;0.842;0.855;435033000;0
HYDR;D;20120928;000000;0.8601;0.8698;0.845;0.8545;557467000;0
HYDR;D;20121001;000000;0.85;0.8699;0.845;0.8699;421413000;0
HYDR;D;20121002;000000;0.8649;0.8769;0.8608;0.8695;425739000;0
HYDR;D;20121003;000000;0.865;0.87;0.8606;0.8627;248607000;0
HYDR;D;20121004;000000;0.8674;0.8685;0.8552;0.858;375144000;0
HYDR;D;20121005;000000;0.8656;0.8725;0.8636;0.8685;423970000;0
HYDR;D;20121008;000000;0.7592;0.8615;0.7592;0.8548;387137000;0
HYDR;D;20121009;000000;0.8558;0.8593;0.8411;0.8429;823108000;0
HYDR;D;20121010;000000;0.8398;0.8454;0.8327;0.8433;900191000;0
HYDR;D;20121011;000000;0.838;0.8565;0.8371;0.8506;545585000;0
HYDR;D;20121012;000000;0.8497;0.8516;0.8388;0.843;348025000;0
HYDR;D;20121015;000000;0.846;0.8496;0.8406;0.8459;312970000;0
HYDR;D;20121016;000000;0.85;0.8519;0.8358;0.844;786151000;0
HYDR;D;20121017;000000;0.8416;0.8448;0.8388;0.8439;477518000;0
HYDR;D;20121018;000000;0.8435;0.8523;0.839;0.8394;421134000;0
HYDR;D;20121019;000000;0.8291;0.8419;0.8249;0.8267;339342000;0
HYDR;D;20121022;000000;0.8201;0.8377;0.8195;0.8361;344928000;0
HYDR;D;20121023;000000;0.8353;0.8385;0.8155;0.8228;370002000;0
HYDR;D;20121024;000000;0.8319;0.8319;0.795;0.8076;1142418000;0
HYDR;D;20121025;000000;0.8076;0.8078;0.7874;0.788;815660000;0
HYDR;D;20121026;000000;0.785;0.787;0.7719;0.7819;944948000;0
HYDR;D;20121029;000000;0.78;0.7836;0.7725;0.7785;350044000;0
HYDR;D;20121030;000000;0.7783;0.7825;0.7685;0.7713;589023000;0
HYDR;D;20121031;000000;0.7711;0.7755;0.7687;0.7707;422260000;0
HYDR;D;20121101;000000;0.771;0.773;0.751;0.7587;535211000;0
HYDR;D;20121102;000000;0.7543;0.7667;0.7543;0.763;561077000;0
HYDR;D;20121106;000000;0.7635;0.7903;0.7603;0.7775;764599000;0
HYDR;D;20121107;000000;0.783;0.7875;0.76;0.7607;532254000;0
HYDR;D;20121108;000000;0.7553;0.7597;0.726;0.744;739994000;0
HYDR;D;20121109;000000;0.7401;0.748;0.7253;0.7361;458882000;0
HYDR;D;20121112;000000;0.7384;0.7442;0.7338;0.7416;212699000;0
HYDR;D;20121113;000000;0.735;0.7386;0.725;0.7296;415303000;0
HYDR;D;20121114;000000;0.7302;0.7355;0.712;0.7154;534065000;0
HYDR;D;20121115;000000;0.7097;0.7189;0.7066;0.7187;291348000;0
HYDR;D;20121116;000000;0.7189;0.7336;0.71;0.7234;358782000;0
HYDR;D;20121119;000000;0.7333;0.7377;0.7281;0.7349;289041000;0
HYDR;D;20121120;000000;0.7363;0.7399;0.7202;0.7256;319346000;0
HYDR;D;20121121;000000;0.7205;0.7319;0.7205;0.7283;306794000;0
HYDR;D;20121122;000000;0.7308;0.761;0.729;0.7576;1285252000;0
HYDR;D;20121123;000000;0.7602;0.7774;0.7602;0.7685;1481040000;0
HYDR;D;20121126;000000;0.7699;0.7726;0.751;0.7539;406134000;0
HYDR;D;20121127;000000;0.7582;0.7641;0.7372;0.7402;474177000;0
HYDR;D;20121128;000000;0.7341;0.7394;0.7257;0.7306;460477000;0
HYDR;D;20121129;000000;0.74;0.744;0.7355;0.7393;226042000;0
HYDR;D;20121130;000000;0.7351;0.7481;0.732;0.7355;486408000;0
HYDR;D;20121203;000000;0.7362;0.744;0.7325;0.744;313845000;0
HYDR;D;20121204;000000;0.737;0.7474;0.7343;0.7367;295679000;0
HYDR;D;20121205;000000;0.7396;0.75;0.7395;0.743;463243000;0
HYDR;D;20121206;000000;0.743;0.7485;0.7355;0.741;371098000;0
HYDR;D;20121207;000000;0.7385;0.7427;0.7263;0.7355;421643000;0
HYDR;D;20121210;000000;0.7345;0.7659;0.7314;0.7607;1237474000;0
HYDR;D;20121211;000000;0.7565;0.7775;0.756;0.7688;1326266000;0
HYDR;D;20121212;000000;0.769;0.774;0.7549;0.7582;914419000;0
HYDR;D;20121213;000000;0.758;0.7638;0.7502;0.7518;626560000;0
HYDR;D;20121214;000000;0.7553;0.7557;0.7415;0.746;534390000;0
HYDR;D;20121217;000000;0.7468;0.7496;0.7307;0.7378;520133000;0
HYDR;D;20121218;000000;0.745;0.755;0.7431;0.7491;765123000;0
HYDR;D;20121219;000000;0.7519;0.7654;0.7466;0.7518;1027886000;0
HYDR;D;20121220;000000;0.7466;0.7535;0.7412;0.7505;374896000;0
HYDR;D;20121221;000000;0.7401;0.7497;0.7384;0.7425;610747000;0
HYDR;D;20121224;000000;0.7425;0.746;0.734;0.7344;403425000;0
HYDR;D;20121225;000000;0.7345;0.7382;0.7312;0.7352;234373000;0
HYDR;D;20121226;000000;0.769;0.769;0.7313;0.7352;276618000;0
HYDR;D;20121227;000000;0.735;0.7365;0.7326;0.7334;456899000;0
HYDR;D;20121228;000000;0.734;0.7393;0.7315;0.7335;433310000;0
HYDR;D;20130108;000000;0.7451;0.759;0.737;0.7407;769566000;0
HYDR;D;20130109;000000;0.74;0.746;0.7371;0.7387;362456000;0
HYDR;D;20130110;000000;0.7402;0.743;0.7389;0.7389;289934000;0
HYDR;D;20130111;000000;0.7399;0.7505;0.7392;0.7478;616630000;0
HYDR;D;20130114;000000;0.75;0.7705;0.7485;0.7652;1026901000;0
HYDR;D;20130115;000000;0.7689;0.7689;0.7609;0.7647;583836000;0
HYDR;D;20130116;000000;0.766;0.7887;0.7613;0.7866;1516092000;0
HYDR;D;20130117;000000;0.7853;0.7966;0.7805;0.7868;690629000;0
HYDR;D;20130118;000000;0.7908;0.8005;0.7867;0.788;923166000;0
HYDR;D;20130121;000000;0.7873;0.7873;0.7702;0.784;292914000;0
HYDR;D;20130122;000000;0.785;0.7894;0.767;0.7724;527781000;0
HYDR;D;20130123;000000;0.7753;0.785;0.7723;0.7818;474031000;0
HYDR;D;20130124;000000;0.7805;0.7897;0.7702;0.7813;409149000;0
HYDR;D;20130125;000000;0.7812;0.7865;0.7744;0.783;282902000;0
HYDR;D;20130128;000000;0.7832;0.7952;0.7832;0.7919;528144000;0
HYDR;D;20130129;000000;0.7904;0.8075;0.79;0.792;1130676000;0
HYDR;D;20130130;000000;0.7934;0.801;0.774;0.7767;942906000;0
HYDR;D;20130131;000000;0.7767;0.7839;0.7533;0.7553;1561617000;0
HYDR;D;20130201;000000;0.7553;0.7615;0.7485;0.75;749218000;0
HYDR;D;20130204;000000;0.755;0.755;0.7318;0.733;1035670000;0
HYDR;D;20130205;000000;0.733;0.74;0.7272;0.7397;531379000;0
HYDR;D;20130206;000000;0.742;0.7469;0.7328;0.7337;427293000;0
HYDR;D;20130207;000000;0.7301;0.74;0.7301;0.7324;310792000;0
HYDR;D;20130208;000000;0.7325;0.7364;0.7151;0.719;806011000;0
HYDR;D;20130211;000000;0.7195;0.7237;0.7132;0.7153;297765000;0
HYDR;D;20130212;000000;0.7151;0.7168;0.7089;0.7145;579098000;0
HYDR;D;20130213;000000;0.7196;0.7356;0.716;0.7355;813183000;0
HYDR;D;20130214;000000;0.73;0.745;0.7212;0.723;895426000;0
HYDR;D;20130215;000000;0.7237;0.7265;0.7112;0.7137;487440000;0
HYDR;D;20130218;000000;0.7103;0.713;0.6955;0.7008;842713000;0
HYDR;D;20130219;000000;0.7008;0.7092;0.6975;0.7058;438346000;0
HYDR;D;20130220;000000;0.7078;0.71;0.6992;0.6995;272302000;0
HYDR;D;20130221;000000;0.6923;0.6943;0.687;0.6896;495517000;0
HYDR;D;20130222;000000;0.6918;0.6988;0.691;0.6972;338435000;0
HYDR;D;20130225;000000;0.699;0.6999;0.6893;0.694;373584000;0
HYDR;D;20130226;000000;0.6806;0.6945;0.6806;0.6935;401230000;0
HYDR;D;20130227;000000;0.697;0.697;0.6881;0.6926;258015000;0
HYDR;D;20130228;000000;0.6983;0.6994;0.6866;0.6884;296405000;0
HYDR;D;20130301;000000;0.6875;0.6884;0.6772;0.6802;428556000;0
HYDR;D;20130304;000000;0.6766;0.6785;0.6685;0.6732;484546000;0
HYDR;D;20130305;000000;0.6763;0.6854;0.6736;0.6829;479915000;0
HYDR;D;20130306;000000;0.6895;0.6895;0.6812;0.6834;264962000;0
HYDR;D;20130307;000000;0.6833;0.686;0.679;0.685;242821000;0
HYDR;D;20130311;000000;0.685;0.6925;0.6833;0.6849;360953000;0
HYDR;D;20130312;000000;0.6849;0.6877;0.677;0.6785;244280000;0
HYDR;D;20130313;000000;0.677;0.685;0.6752;0.677;466472000;0
HYDR;D;20130314;000000;0.675;0.6788;0.6565;0.6648;555381000;0
HYDR;D;20130315;000000;0.6689;0.673;0.6556;0.6605;559151000;0
HYDR;D;20130318;000000;0.6499;0.65;0.6301;0.6343;853091000;0
HYDR;D;20130319;000000;0.6397;0.6397;0.6225;0.6267;367487000;0
HYDR;D;20130320;000000;0.6294;0.6439;0.6141;0.621;1270095000;0
HYDR;D;20130321;000000;0.6274;0.6334;0.6156;0.6296;715636000;0
HYDR;D;20130322;000000;0.6263;0.6398;0.6189;0.6275;735905000;0
HYDR;D;20130325;000000;0.6351;0.6361;0.613;0.614;374405000;0
HYDR;D;20130326;000000;0.61;0.6144;0.58;0.5839;1289660000;0
HYDR;D;20130327;000000;0.5892;0.6077;0.568;0.6069;1306310000;0
HYDR;D;20130328;000000;0.6031;0.615;0.5978;0.6103;789436000;0
HYDR;D;20130329;000000;0.6115;0.6193;0.6104;0.6136;258696000;0
HYDR;D;20130401;000000;0.61;0.6118;0.596;0.5975;376386000;0
HYDR;D;20130402;000000;0.5975;0.604;0.5905;0.5917;472976000;0
HYDR;D;20130403;000000;0.6209;0.6209;0.5708;0.5712;556532000;0
HYDR;D;20130404;000000;0.5695;0.5734;0.5517;0.5608;685738000;0
HYDR;D;20130405;000000;0.561;0.5663;0.5475;0.552;715243000;0
HYDR;D;20130408;000000;0.5521;0.565;0.5355;0.5355;568427000;0
HYDR;D;20130409;000000;0.5395;0.5463;0.5278;0.5338;827168000;0
HYDR;D;20130410;000000;0.535;0.55;0.5321;0.5372;875356000;0
HYDR;D;20130411;000000;0.54;0.5412;0.5101;0.512;1068345000;0
HYDR;D;20130412;000000;0.512;0.512;0.4811;0.5002;1362023000;0
HYDR;D;20130415;000000;0.4917;0.5;0.4544;0.4842;1510845000;0
HYDR;D;20130416;000000;0.4807;0.51;0.4752;0.4975;1504427000;0
HYDR;D;20130417;000000;0.503;0.5143;0.469;0.4726;1704802000;0
HYDR;D;20130418;000000;0.4726;0.4828;0.4606;0.4645;936881000;0
HYDR;D;20130419;000000;0.4713;0.4745;0.4457;0.4537;745063000;0
HYDR;D;20130422;000000;0.455;0.4836;0.4487;0.4699;1246342000;0
HYDR;D;20130423;000000;0.467;0.498;0.4586;0.49;1487921000;0
HYDR;D;20130424;000000;0.499;0.5387;0.4921;0.5387;2705091000;0
HYDR;D;20130425;000000;0.5407;0.565;0.5155;0.516;2691221000;0
HYDR;D;20130426;000000;0.514;0.525;0.494;0.5139;2016816000;0
HYDR;D;20130429;000000;0.5115;0.5324;0.505;0.5288;1040730000;0
HYDR;D;20130430;000000;0.529;0.5574;0.525;0.5568;1293216000;0
HYDR;D;20130502;000000;0.545;0.5897;0.5382;0.577;1308022000;0
HYDR;D;20130503;000000;0.5818;0.59;0.5607;0.5767;1072579000;0
HYDR;D;20130506;000000;0.5795;0.6019;0.5716;0.582;1203708000;0
HYDR;D;20130507;000000;0.5818;0.587;0.563;0.5719;1021355000;0
HYDR;D;20130508;000000;0.5725;0.5725;0.5516;0.5549;1014438000;0
HYDR;D;20130510;000000;0.5546;0.5668;0.5372;0.5407;512895000;0
HYDR;D;20130513;000000;0.5178;0.5392;0.5178;0.532;1073408000;0
HYDR;D;20130514;000000;0.5293;0.555;0.527;0.5432;1226900000;0
HYDR;D;20130515;000000;0.5627;0.5627;0.5335;0.5468;891491000;0
HYDR;D;20130516;000000;0.5464;0.5517;0.5117;0.5148;879437000;0
HYDR;D;20130517;000000;0.515;0.5356;0.5031;0.5326;950837000;0
HYDR;D;20130520;000000;0.54;0.5479;0.526;0.541;674317000;0
HYDR;D;20130521;000000;0.5413;0.5508;0.5325;0.5474;878483000;0
HYDR;D;20130522;000000;0.5479;0.562;0.545;0.5539;1199545000;0
HYDR;D;20130523;000000;0.5411;0.5454;0.5271;0.5285;1100666000;0
HYDR;D;20130524;000000;0.5285;0.534;0.5187;0.5259;662127000;0
HYDR;D;20130527;000000;0.5377;0.5377;0.5161;0.5229;506084000;0
HYDR;D;20130528;000000;0.531;0.5389;0.5233;0.5334;551291000;0
HYDR;D;20130529;000000;0.5344;0.5345;0.5101;0.5129;523952000;0
HYDR;D;20130530;000000;0.5101;0.5138;0.4982;0.5032;709051000;0
HYDR;D;20130531;000000;0.5061;0.5089;0.4631;0.4698;1382276000;0
HYDR;D;20130603;000000;0.4635;0.4738;0.457;0.4626;1199976000;0
HYDR;D;20130604;000000;0.4672;0.4838;0.4647;0.468;968755000;0
HYDR;D;20130605;000000;0.4629;0.4767;0.458;0.471;1377969000;0
HYDR;D;20130606;000000;0.468;0.4744;0.455;0.4617;903459000;0
HYDR;D;20130607;000000;0.4695;0.4881;0.4626;0.483;1104526000;0
HYDR;D;20130610;000000;0.4878;0.4963;0.475;0.4764;988966000;0
HYDR;D;20130611;000000;0.4656;0.4789;0.4613;0.4669;1145391000;0
HYDR;D;20130613;000000;0.4575;0.471;0.45;0.469;1023771000;0
HYDR;D;20130614;000000;0.4833;0.4875;0.4692;0.484;1098124000;0
HYDR;D;20130617;000000;0.485;0.4995;0.4811;0.4982;1047251000;0
HYDR;D;20130618;000000;0.498;0.5157;0.4953;0.497;855684000;0
HYDR;D;20130619;000000;0.497;0.5038;0.482;0.4886;558631000;0
HYDR;D;20130620;000000;0.475;0.4863;0.4655;0.4794;675471000;0
HYDR;D;20130621;000000;0.488;0.495;0.4792;0.494;611450000;0
HYDR;D;20130624;000000;0.49;0.5;0.4888;0.4921;653429000;0
HYDR;D;20130625;000000;0.4921;0.507;0.4921;0.4953;587664000;0
HYDR;D;20130626;000000;0.5002;0.505;0.495;0.497;477135000;0
HYDR;D;20130627;000000;0.5;0.5094;0.494;0.4994;643609000;0
HYDR;D;20130628;000000;0.5002;0.507;0.4945;0.5049;592182000;0
HYDR;D;20130701;000000;0.5047;0.5095;0.4981;0.5034;468368000;0
HYDR;D;20130702;000000;0.5089;0.5089;0.498;0.504;415435000;0
HYDR;D;20130703;000000;0.5012;0.5229;0.5012;0.5225;677729000;0
HYDR;D;20130704;000000;0.5252;0.53;0.509;0.5298;1197011000;0
HYDR;D;20130705;000000;0.5303;0.5353;0.5201;0.5237;457825000;0
HYDR;D;20130708;000000;0.5246;0.531;0.5203;0.5299;260474000;0
HYDR;D;20130709;000000;0.53;0.5435;0.5296;0.5329;698025000;0
HYDR;D;20130710;000000;0.5329;0.5369;0.5221;0.5329;583987000;0
HYDR;D;20130711;000000;0.5378;0.5523;0.5361;0.5492;888473000;0
HYDR;D;20130712;000000;0.5488;0.5552;0.5464;0.5495;599031000;0
HYDR;D;20130715;000000;0.551;0.5546;0.5435;0.5478;460367000;0
HYDR;D;20130716;000000;0.5478;0.5628;0.5478;0.5624;656758000;0
HYDR;D;20130717;000000;0.5624;0.5837;0.5616;0.5751;1388764000;0
HYDR;D;20130718;000000;0.5751;0.5832;0.5575;0.5679;798959000;0
HYDR;D;20130719;000000;0.5637;0.5864;0.5637;0.5743;992116000;0
HYDR;D;20130722;000000;0.5747;0.5815;0.5732;0.5772;448969000;0
HYDR;D;20130723;000000;0.58;0.5989;0.5772;0.5915;1055495000;0
HYDR;D;20130724;000000;0.5901;0.5979;0.585;0.591;693416000;0
HYDR;D;20130725;000000;0.5911;0.5916;0.5752;0.576;686549000;0
HYDR;D;20130726;000000;0.5807;0.582;0.5558;0.5578;1001122000;0
HYDR;D;20130729;000000;0.5582;0.5671;0.5458;0.5664;864144000;0
HYDR;D;20130730;000000;0.5687;0.5931;0.5661;0.58;1270362000;0
HYDR;D;20130731;000000;0.5857;0.5905;0.5672;0.5714;845651000;0
HYDR;D;20130801;000000;0.5785;0.583;0.5727;0.5778;471158000;0
HYDR;D;20130802;000000;0.5865;0.5865;0.568;0.5775;441631000;0
HYDR;D;20130805;000000;0.5778;0.5849;0.574;0.5788;344419000;0
HYDR;D;20130806;000000;0.5643;0.5775;0.5643;0.5701;484216000;0
HYDR;D;20130807;000000;0.5676;0.5748;0.5625;0.5673;255555000;0
HYDR;D;20130808;000000;0.5722;0.5734;0.565;0.5698;283758000;0
HYDR;D;20130809;000000;0.5699;0.5749;0.5673;0.5691;305565000;0
HYDR;D;20130812;000000;0.5696;0.5919;0.5688;0.5916;871009000;0
HYDR;D;20130813;000000;0.595;0.6039;0.5895;0.594;780615000;0
HYDR;D;20130814;000000;0.594;0.6019;0.5911;0.599;837814000;0
HYDR;D;20130815;000000;0.598;0.5988;0.5733;0.5761;841159000;0
HYDR;D;20130816;000000;0.5778;0.5788;0.5616;0.5655;704457000;0
HYDR;D;20130819;000000;0.5653;0.5772;0.5606;0.5712;573638000;0
HYDR;D;20130820;000000;0.565;0.5677;0.5623;0.565;339431000;0
HYDR;D;20130821;000000;0.5777;0.5777;0.5623;0.5671;398236000;0
HYDR;D;20130822;000000;0.5641;0.5797;0.5635;0.5785;596195000;0
HYDR;D;20130823;000000;0.58;0.5837;0.5673;0.5696;391932000;0
HYDR;D;20130826;000000;0.574;0.5756;0.564;0.5652;235148000;0
HYDR;D;20130827;000000;0.5629;0.5639;0.5526;0.56;616335000;0
HYDR;D;20130828;000000;0.558;0.5699;0.5507;0.5568;572007000;0
HYDR;D;20130829;000000;0.5598;0.5663;0.546;0.5506;747842000;0
HYDR;D;20130830;000000;0.5543;0.5543;0.5326;0.5405;1178925000;0
HYDR;D;20130902;000000;0.541;0.552;0.5405;0.5488;200253000;0
HYDR;D;20130903;000000;0.5517;0.5547;0.5408;0.5516;479126000;0
HYDR;D;20130904;000000;0.551;0.551;0.5376;0.5412;691432000;0
HYDR;D;20130905;000000;0.543;0.5472;0.5354;0.5452;1131854000;0
HYDR;D;20130906;000000;0.5452;0.5497;0.531;0.5432;1426002000;0
HYDR;D;20130909;000000;0.5445;0.5523;0.5431;0.5455;958283000;0
HYDR;D;20130910;000000;0.5483;0.5537;0.5433;0.551;862944000;0
HYDR;D;20130911;000000;0.5519;0.5743;0.551;0.5651;2416736000;0
HYDR;D;20130912;000000;0.5675;0.571;0.5528;0.555;898837000;0
HYDR;D;20130913;000000;0.55;0.5567;0.5366;0.5374;754083000;0
HYDR;D;20130916;000000;0.5419;0.5555;0.539;0.5463;765419000;0
HYDR;D;20130917;000000;0.549;0.5598;0.542;0.5588;702879000;0
HYDR;D;20130918;000000;0.562;0.5673;0.5532;0.5563;738537000;0
HYDR;D;20130919;000000;0.5701;0.574;0.5622;0.5676;984457000;0
HYDR;D;20130920;000000;0.5613;0.5674;0.5613;0.5628;482558000;0
HYDR;D;20130923;000000;0.5582;0.5687;0.5582;0.5596;562210000;0
HYDR;D;20130924;000000;0.5596;0.5645;0.5556;0.562;396925000;0
HYDR;D;20130925;000000;0.5618;0.5668;0.5582;0.566;469655000;0
HYDR;D;20130926;000000;0.5673;0.5689;0.5625;0.5664;315132000;0
HYDR;D;20130927;000000;0.5621;0.5679;0.5444;0.55;762241000;0
HYDR;D;20130930;000000;0.545;0.5496;0.536;0.5397;912052000;0
HYDR;D;20131001;000000;0.54;0.5426;0.533;0.5373;804188000;0
HYDR;D;20131002;000000;0.5368;0.5393;0.5324;0.5338;448991000;0
HYDR;D;20131003;000000;0.5335;0.544;0.5329;0.5405;544595000;0
HYDR;D;20131004;000000;0.538;0.5402;0.5311;0.5328;758518000;0
HYDR;D;20131007;000000;0.5296;0.5384;0.526;0.5357;451233000;0
HYDR;D;20131008;000000;0.536;0.5419;0.535;0.5419;609292000;0
HYDR;D;20131009;000000;0.5385;0.5522;0.5383;0.5449;745240000;0
HYDR;D;20131010;000000;0.5454;0.5585;0.5423;0.5579;745244000;0
HYDR;D;20131011;000000;0.56;0.5609;0.5503;0.552;607332000;0
HYDR;D;20131014;000000;0.55;0.5585;0.5473;0.5551;246275000;0
HYDR;D;20131015;000000;0.56;0.563;0.5545;0.5579;739489000;0
HYDR;D;20131016;000000;0.5559;0.558;0.549;0.5533;468942000;0
HYDR;D;20131017;000000;0.556;0.5565;0.5364;0.5435;957446000;0
HYDR;D;20131018;000000;0.5467;0.5637;0.5439;0.563;725218000;0
HYDR;D;20131021;000000;0.5641;0.578;0.5627;0.5708;650278000;0
HYDR;D;20131022;000000;0.5569;0.5797;0.5569;0.5621;521183000;0
HYDR;D;20131023;000000;0.5603;0.5633;0.5512;0.5539;553205000;0
HYDR;D;20131024;000000;0.555;0.5566;0.5437;0.5471;1080778000;0
HYDR;D;20131025;000000;0.545;0.5491;0.5361;0.5423;1225229000;0
HYDR;D;20131028;000000;0.5467;0.5598;0.545;0.5579;645118000;0
HYDR;D;20131029;000000;0.5576;0.5588;0.5531;0.5543;365000000;0
HYDR;D;20131030;000000;0.5578;0.5641;0.5509;0.5574;502980000;0
HYDR;D;20131031;000000;0.5523;0.5649;0.5501;0.5636;575370000;0
HYDR;D;20131101;000000;0.5657;0.5657;0.5575;0.5588;286797000;0
HYDR;D;20131105;000000;0.5545;0.5615;0.5541;0.555;231964000;0
HYDR;D;20131106;000000;0.5576;0.5576;0.551;0.551;424786000;0
HYDR;D;20131107;000000;0.5525;0.563;0.5519;0.557;551851000;0
HYDR;D;20131108;000000;0.5521;0.5545;0.5489;0.5543;626751000;0
HYDR;D;20131111;000000;0.5514;0.5604;0.5514;0.5535;290491000;0
HYDR;D;20131112;000000;0.5545;0.556;0.552;0.5549;274363000;0
HYDR;D;20131113;000000;0.5518;0.5627;0.5369;0.549;847877000;0
HYDR;D;20131114;000000;0.55;0.561;0.55;0.5591;487642000;0
HYDR;D;20131115;000000;0.5632;0.5673;0.5565;0.5601;393350000;0
HYDR;D;20131118;000000;0.5605;0.5633;0.5575;0.5611;262933000;0
HYDR;D;20131119;000000;0.5612;0.5637;0.5555;0.56;448529000;0
HYDR;D;20131120;000000;0.5599;0.5625;0.555;0.5609;254087000;0
HYDR;D;20131121;000000;0.559;0.56;0.555;0.5577;185438000;0
HYDR;D;20131122;000000;0.5611;0.5778;0.559;0.5778;579310000;0
HYDR;D;20131125;000000;0.582;0.587;0.5705;0.571;747242000;0
HYDR;D;20131126;000000;0.5709;0.5775;0.56;0.56;698387000;0
HYDR;D;20131127;000000;0.5631;0.5725;0.5595;0.5635;720855000;0
HYDR;D;20131128;000000;0.5668;0.5697;0.5611;0.5625;260560000;0
HYDR;D;20131129;000000;0.5618;0.5723;0.5565;0.571;818640000;0
HYDR;D;20131202;000000;0.57;0.5742;0.563;0.5679;329141000;0
HYDR;D;20131203;000000;0.5672;0.5672;0.5553;0.5579;654746000;0
HYDR;D;20131204;000000;0.5566;0.5625;0.5507;0.5542;1203798000;0
HYDR;D;20131205;000000;0.5542;0.5704;0.5542;0.5589;858682000;0
HYDR;D;20131206;000000;0.5609;0.566;0.556;0.5615;462829000;0
HYDR;D;20131209;000000;0.5632;0.5654;0.559;0.561;481067000;0
HYDR;D;20131210;000000;0.5614;0.5622;0.5575;0.56;566636000;0
HYDR;D;20131211;000000;0.5595;0.5656;0.556;0.5591;607451000;0
HYDR;D;20131212;000000;0.556;0.5574;0.5511;0.5545;568732000;0
HYDR;D;20131213;000000;0.555;0.5655;0.555;0.558;332344000;0
HYDR;D;20131216;000000;0.558;0.5649;0.5577;0.563;435140000;0
HYDR;D;20131217;000000;0.563;0.5723;0.5613;0.5643;665113000;0
HYDR;D;20131218;000000;0.5673;0.5713;0.564;0.5642;541689000;0
HYDR;D;20131219;000000;0.57;0.5947;0.5691;0.5871;1396395000;0
HYDR;D;20131220;000000;0.587;0.5932;0.584;0.5885;662632000;0
HYDR;D;20131223;000000;0.5944;0.5945;0.586;0.5879;562292000;0
HYDR;D;20131224;000000;0.5851;0.5925;0.5851;0.587;356420000;0
HYDR;D;20131225;000000;0.589;0.5906;0.584;0.5856;120068000;0
HYDR;D;20131226;000000;0.586;0.5868;0.5702;0.5716;799937000;0
HYDR;D;20131227;000000;0.5709;0.5744;0.5666;0.5696;373062000;0
HYDR;D;20131230;000000;0.5693;0.573;0.5647;0.5675;354955000;0
HYDR;D;20140106;000000;0.5631;0.5697;0.5587;0.5606;344929000;0
HYDR;D;20140108;000000;0.5616;0.5718;0.5587;0.565;365279000;0
HYDR;D;20140109;000000;0.5653;0.5705;0.5605;0.5616;239294000;0
HYDR;D;20140110;000000;0.5607;0.567;0.5601;0.5657;319539000;0
HYDR;D;20140113;000000;0.5657;0.5737;0.56;0.5721;463229000;0
HYDR;D;20140114;000000;0.5689;0.5698;0.5605;0.5675;352075000;0
HYDR;D;20140115;000000;0.5675;0.5725;0.5671;0.5715;318727000;0
HYDR;D;20140116;000000;0.5725;0.5789;0.5653;0.5672;393197000;0
HYDR;D;20140117;000000;0.5663;0.5711;0.563;0.5645;392595000;0
HYDR;D;20140120;000000;0.5645;0.5709;0.5622;0.565;282153000;0
HYDR;D;20140121;000000;0.5667;0.5698;0.5631;0.5644;266310000;0
HYDR;D;20140122;000000;0.5644;0.5687;0.5621;0.5667;353087000;0
HYDR;D;20140123;000000;0.5723;0.5723;0.5631;0.5679;328598000;0
HYDR;D;20140124;000000;0.5675;0.5678;0.56;0.56;434035000;0
HYDR;D;20140127;000000;0.5575;0.564;0.554;0.554;737837000;0
HYDR;D;20140128;000000;0.554;0.5652;0.5512;0.553;707198000;0
HYDR;D;20140129;000000;0.5542;0.5625;0.5515;0.5518;924331000;0
HYDR;D;20140130;000000;0.551;0.5589;0.5491;0.5501;659950000;0
HYDR;D;20140131;000000;0.552;0.556;0.549;0.554;539489000;0
HYDR;D;20140203;000000;0.556;0.5618;0.554;0.5555;472525000;0
HYDR;D;20140204;000000;0.5494;0.5597;0.5494;0.5569;478548000;0
HYDR;D;20140205;000000;0.5543;0.563;0.5543;0.5565;431848000;0
HYDR;D;20140206;000000;0.5587;0.5593;0.5555;0.5568;239290000;0
HYDR;D;20140207;000000;0.5568;0.5655;0.555;0.5647;415584000;0
HYDR;D;20140210;000000;0.565;0.5672;0.5581;0.5594;311471000;0
HYDR;D;20140211;000000;0.56;0.5628;0.557;0.5574;288048000;0
HYDR;D;20140212;000000;0.561;0.5622;0.558;0.5603;257512000;0
HYDR;D;20140213;000000;0.56;0.5628;0.5575;0.5585;278986000;0
HYDR;D;20140214;000000;0.561;0.5629;0.5586;0.5624;188044000;0
HYDR;D;20140217;000000;0.5631;0.5667;0.5605;0.5629;223129000;0
HYDR;D;20140218;000000;0.5613;0.5658;0.56;0.5641;304123000;0
HYDR;D;20140219;000000;0.561;0.564;0.5571;0.5586;412638000;0
HYDR;D;20140220;000000;0.5521;0.5655;0.5518;0.5602;413161000;0
HYDR;D;20140221;000000;0.5612;0.5647;0.5585;0.56;257191000;0
HYDR;D;20140224;000000;0.56;0.5648;0.56;0.5622;148515000;0
HYDR;D;20140225;000000;0.565;0.5657;0.5612;0.564;224992000;0
HYDR;D;20140226;000000;0.5716;0.5716;0.5623;0.5632;525703000;0
HYDR;D;20140227;000000;0.5636;0.5649;0.5531;0.556;865434000;0
HYDR;D;20140228;000000;0.5528;0.5618;0.5528;0.5595;335692000;0
HYDR;D;20140303;000000;0.55;0.5614;0.4915;0.5066;1740867000;0
HYDR;D;20140304;000000;0.5051;0.529;0.5051;0.5235;841295000;0
HYDR;D;20140305;000000;0.525;0.529;0.5191;0.5212;406234000;0
HYDR;D;20140306;000000;0.5216;0.5284;0.5112;0.5193;579432000;0
HYDR;D;20140307;000000;0.52;0.5374;0.5195;0.5262;389717000;0
HYDR;D;20140311;000000;0.5236;0.533;0.5232;0.5285;474801000;0
HYDR;D;20140312;000000;0.5297;0.5319;0.5227;0.523;535700000;0
HYDR;D;20140313;000000;0.525;0.5255;0.5147;0.5153;508355000;0
HYDR;D;20140314;000000;0.5054;0.52;0.4967;0.5076;1323694000;0
HYDR;D;20140317;000000;0.5101;0.5495;0.5084;0.5461;948555000;0
HYDR;D;20140318;000000;0.5425;0.5653;0.5317;0.559;825472000;0
HYDR;D;20140319;000000;0.5585;0.5628;0.5432;0.544;1080463000;0
HYDR;D;20140320;000000;0.5403;0.5676;0.5403;0.5611;824131000;0
HYDR;D;20140321;000000;0.5549;0.5587;0.5375;0.5432;1180442000;0
HYDR;D;20140324;000000;0.546;0.5529;0.541;0.5498;426567000;0
HYDR;D;20140325;000000;0.5475;0.5585;0.5383;0.5549;495237000;0
HYDR;D;20140326;000000;0.5589;0.569;0.5558;0.5604;534023000;0
HYDR;D;20140327;000000;0.5605;0.5698;0.5505;0.565;541925000;0
HYDR;D;20140328;000000;0.5636;0.57;0.5635;0.568;476343000;0
HYDR;D;20140331;000000;0.5653;0.568;0.5531;0.559;691852000;0
HYDR;D;20140401;000000;0.56;0.5715;0.5581;0.57;622747000;0
HYDR;D;20140402;000000;0.5732;0.5745;0.564;0.57;481435000;0
HYDR;D;20140403;000000;0.569;0.572;0.5645;0.5688;252935000;0
HYDR;D;20140404;000000;0.5686;0.5697;0.5582;0.5629;295166000;0
HYDR;D;20140407;000000;0.56;0.5647;0.536;0.5419;627318000;0
HYDR;D;20140408;000000;0.5447;0.5458;0.5325;0.5405;490660000;0
HYDR;D;20140409;000000;0.5408;0.5544;0.5391;0.551;270302000;0
HYDR;D;20140410;000000;0.5539;0.5723;0.5515;0.572;575964000;0
HYDR;D;20140411;000000;0.5663;0.5718;0.5619;0.5673;293930000;0
HYDR;D;20140414;000000;0.5636;0.5694;0.5521;0.5681;246667000;0
HYDR;D;20140415;000000;0.5642;0.5675;0.5329;0.5329;394075000;0
HYDR;D;20140416;000000;0.5369;0.5465;0.5279;0.5356;537616000;0
HYDR;D;20140417;000000;0.54;0.5474;0.5302;0.534;320319000;0
HYDR;D;20140418;000000;0.5483;0.5538;0.5417;0.5495;302071000;0
HYDR;D;20140421;000000;0.565;0.565;0.5481;0.5529;311035000;0
HYDR;D;20140422;000000;0.5529;0.5566;0.5385;0.545;441560000;0
HYDR;D;20140423;000000;0.5467;0.5467;0.5357;0.5409;277708000;0
HYDR;D;20140424;000000;0.5413;0.5447;0.5292;0.5349;374371000;0
HYDR;D;20140425;000000;0.5306;0.5356;0.528;0.5304;304021000;0
HYDR;D;20140428;000000;0.5282;0.5549;0.5238;0.548;463531000;0
HYDR;D;20140429;000000;0.55;0.557;0.5415;0.554;492462000;0
HYDR;D;20140430;000000;0.5512;0.5656;0.5508;0.557;357126000;0
HYDR;D;20140502;000000;0.555;0.5752;0.55;0.5731;362837000;0
HYDR;D;20140505;000000;0.5701;0.5762;0.568;0.5699;238154000;0
HYDR;D;20140506;000000;0.5706;0.5744;0.568;0.573;367218000;0
HYDR;D;20140507;000000;0.5705;0.5921;0.5661;0.572;1836680000;0
HYDR;D;20140508;000000;0.5697;0.5823;0.5671;0.57;239151000;0
HYDR;D;20140512;000000;0.5703;0.5749;0.5675;0.571;214147000;0
HYDR;D;20140513;000000;0.572;0.5775;0.5693;0.576;503125000;0
HYDR;D;20140514;000000;0.5762;0.5835;0.5759;0.582;595227000;0
HYDR;D;20140515;000000;0.5716;0.5973;0.5716;0.5954;821105000;0
HYDR;D;20140516;000000;0.5943;0.5948;0.5869;0.5936;604490000;0
HYDR;D;20140519;000000;0.5918;0.5949;0.587;0.5924;452303000;0
HYDR;D;20140520;000000;0.5863;0.6589;0.5863;0.6551;2082530000;0
HYDR;D;20140521;000000;0.6563;0.673;0.631;0.6388;1512116000;0
HYDR;D;20140522;000000;0.6471;0.6659;0.633;0.664;830549000;0
HYDR;D;20140523;000000;0.6601;0.6895;0.6464;0.6835;1135129000;0
HYDR;D;20140526;000000;0.6885;0.6936;0.679;0.6794;499654000;0
HYDR;D;20140527;000000;0.6614;0.6793;0.6525;0.6525;1094191000;0
HYDR;D;20140528;000000;0.6589;0.6873;0.6455;0.686;1075216000;0
HYDR;D;20140529;000000;0.6807;0.698;0.6807;0.6864;604038000;0
HYDR;D;20140530;000000;0.6865;0.6918;0.6783;0.6861;460428000;0
HYDR;D;20140602;000000;0.7033;0.7285;0.6873;0.723;964206000;0
HYDR;D;20140603;000000;0.72;0.7356;0.7056;0.7356;723674000;0
HYDR;D;20140604;000000;0.7307;0.738;0.7282;0.7299;452383000;0
HYDR;D;20140605;000000;0.73;0.7474;0.724;0.7355;529182000;0
HYDR;D;20140606;000000;0.7389;0.7523;0.7291;0.7434;740590000;0
HYDR;D;20140609;000000;0.7299;0.747;0.7299;0.7299;530498000;0
HYDR;D;20140610;000000;0.7299;0.7303;0.7037;0.7088;782687000;0
HYDR;D;20140611;000000;0.709;0.744;0.705;0.74;1083130000;0
HYDR;D;20140616;000000;0.729;0.7394;0.7152;0.732;1199511000;0
HYDR;D;20140617;000000;0.732;0.7439;0.725;0.7425;591476000;0
HYDR;D;20140618;000000;0.7425;0.7604;0.7379;0.755;861447000;0
HYDR;D;20140619;000000;0.76;0.765;0.7508;0.7547;474019000;0
HYDR;D;20140620;000000;0.753;0.7549;0.708;0.708;780280000;0
HYDR;D;20140623;000000;0.708;0.7199;0.6862;0.696;736031000;0
HYDR;D;20140624;000000;0.696;0.7277;0.6917;0.727;887576000;0
HYDR;D;20140625;000000;0.723;0.7291;0.7029;0.7037;600975000;0
HYDR;D;20140626;000000;0.707;0.7127;0.6903;0.6915;388782000;0
HYDR;D;20140627;000000;0.6911;0.6967;0.6732;0.6802;743151000;0
HYDR;D;20140630;000000;0.6754;0.6878;0.6654;0.67;450120000;0
HYDR;D;20140701;000000;0.67;0.6777;0.6594;0.6667;443722000;0
HYDR;D;20140702;000000;0.6667;0.6942;0.6667;0.6906;640143000;0
HYDR;D;20140703;000000;0.6913;0.6995;0.6815;0.682;613464000;0
HYDR;D;20140704;000000;0.682;0.71;0.6773;0.693;836344000;0
HYDR;D;20140707;000000;0.682;0.6994;0.678;0.6916;470335000;0
HYDR;D;20140708;000000;0.6915;0.7087;0.6817;0.7048;959883000;0
HYDR;D;20140709;000000;0.7002;0.7195;0.7002;0.7041;808417000;0
HYDR;D;20140710;000000;0.7058;0.7135;0.6713;0.6793;1043528000;0
HYDR;D;20140711;000000;0.6795;0.7014;0.6712;0.6941;900719000;0
HYDR;D;20140714;000000;0.6946;0.7029;0.6781;0.6805;386730000;0
HYDR;D;20140715;000000;0.6858;0.695;0.6727;0.6773;436878000;0
HYDR;D;20140716;000000;0.6767;0.6893;0.6631;0.67;569343000;0
HYDR;D;20140717;000000;0.6625;0.666;0.64;0.643;559005000;0
HYDR;D;20140718;000000;0.63;0.6422;0.622;0.6345;717707000;0
HYDR;D;20140721;000000;0.6379;0.6398;0.6065;0.61;629623000;0
HYDR;D;20140722;000000;0.6137;0.6337;0.613;0.6148;597697000;0
HYDR;D;20140723;000000;0.6114;0.6254;0.6041;0.605;427376000;0
HYDR;D;20140724;000000;0.605;0.6166;0.6005;0.607;535737000;0
HYDR;D;20140725;000000;0.6058;0.6109;0.6011;0.6076;378265000;0
HYDR;D;20140728;000000;0.6089;0.6089;0.5796;0.5856;516784000;0
HYDR;D;20140729;000000;0.585;0.6004;0.5822;0.593;478224000;0
HYDR;D;20140730;000000;0.5868;0.6118;0.585;0.6068;397922000;0
HYDR;D;20140731;000000;0.6055;0.6185;0.6055;0.6168;365560000;0
HYDR;D;20140801;000000;0.6123;0.6243;0.5915;0.5999;705129000;0
HYDR;D;20140804;000000;0.5985;0.606;0.597;0.6011;228335000;0
HYDR;D;20140805;000000;0.6013;0.6077;0.594;0.5977;227627000;0
HYDR;D;20140806;000000;0.5959;0.6175;0.5957;0.6175;536687000;0
HYDR;D;20140807;000000;0.6145;0.625;0.6087;0.6154;480858000;0
HYDR;D;20140808;000000;0.6152;0.6469;0.6139;0.6415;435715000;0
HYDR;D;20140811;000000;0.646;0.6562;0.6333;0.634;520194000;0
HYDR;D;20140812;000000;0.6357;0.6544;0.6291;0.6521;453965000;0
HYDR;D;20140813;000000;0.6523;0.6835;0.6469;0.6833;597063000;0
HYDR;D;20140814;000000;0.6832;0.7025;0.6755;0.6826;748932000;0
HYDR;D;20140815;000000;0.6698;0.6923;0.6698;0.685;278727000;0
HYDR;D;20140818;000000;0.6851;0.6892;0.6806;0.6889;285467000;0
HYDR;D;20140819;000000;0.6925;0.7187;0.6901;0.7108;645742000;0
HYDR;D;20140820;000000;0.7121;0.7132;0.7008;0.7077;600872000;0
HYDR;D;20140821;000000;0.7036;0.7181;0.7036;0.706;296486000;0
HYDR;D;20140822;000000;0.7067;0.7128;0.7012;0.703;274106000;0
HYDR;D;20140825;000000;0.7041;0.7242;0.7041;0.7136;310293000;0
HYDR;D;20140826;000000;0.7189;0.7195;0.69;0.6923;329958000;0
HYDR;D;20140827;000000;0.6973;0.7046;0.6814;0.682;281211000;0
HYDR;D;20140828;000000;0.682;0.6837;0.663;0.683;508787000;0
HYDR;D;20140829;000000;0.6802;0.6933;0.6729;0.6933;356471000;0
HYDR;D;20140901;000000;0.6897;0.6988;0.686;0.687;346446000;0
HYDR;D;20140902;000000;0.687;0.696;0.6819;0.692;196681000;0
HYDR;D;20140903;000000;0.698;0.7219;0.6933;0.7149;520612000;0
HYDR;D;20140904;000000;0.7149;0.7198;0.704;0.71;355404000;0
HYDR;D;20140905;000000;0.707;0.7242;0.7042;0.7175;284861000;0
HYDR;D;20140908;000000;0.7119;0.7225;0.7072;0.712;244137000;0
HYDR;D;20140909;000000;0.712;0.72;0.708;0.7089;257030000;0
HYDR;D;20140910;000000;0.7087;0.7211;0.7003;0.7173;267435000;0
HYDR;D;20140911;000000;0.7199;0.7225;0.7051;0.7117;234710000;0
HYDR;D;20140912;000000;0.7105;0.7185;0.706;0.707;211790000;0
HYDR;D;20140915;000000;0.707;0.7145;0.685;0.7022;602719000;0
HYDR;D;20140916;000000;0.7;0.715;0.6827;0.709;505598000;0
HYDR;D;20140917;000000;0.705;0.739;0.705;0.7275;576907000;0
HYDR;D;20140918;000000;0.7275;0.733;0.7251;0.7315;209005000;0
HYDR;D;20140919;000000;0.7321;0.7367;0.7059;0.73;919963000;0
HYDR;D;20140922;000000;0.7305;0.7389;0.72;0.724;545752000;0
HYDR;D;20140923;000000;0.727;0.731;0.7133;0.7272;324581000;0
HYDR;D;20140924;000000;0.7322;0.7484;0.7245;0.746;354205000;0
HYDR;D;20140925;000000;0.749;0.7559;0.72;0.725;579631000;0
HYDR;D;20140926;000000;0.7192;0.7292;0.7121;0.7248;366353000;0
HYDR;D;20140929;000000;0.7258;0.7299;0.7127;0.717;363233000;0
HYDR;D;20140930;000000;0.7218;0.7235;0.7014;0.7036;354152000;0
HYDR;D;20141001;000000;0.7025;0.7116;0.6901;0.6901;300805000;0
HYDR;D;20141002;000000;0.688;0.6926;0.6711;0.6712;395759000;0
HYDR;D;20141003;000000;0.6775;0.689;0.6745;0.6793;293038000;0
HYDR;D;20141006;000000;0.6843;0.7033;0.6821;0.693;254757000;0
HYDR;D;20141007;000000;0.6984;0.6984;0.68;0.6842;285372000;0
HYDR;D;20141008;000000;0.68;0.6823;0.67;0.67;376587000;0
HYDR;D;20141009;000000;0.6807;0.6886;0.6722;0.6728;255452000;0
HYDR;D;20141010;000000;0.6655;0.694;0.6613;0.694;316334000;0
HYDR;D;20141013;000000;0.6896;0.709;0.6841;0.6996;438919000;0
HYDR;D;20141014;000000;0.6988;0.7171;0.6971;0.7012;397794000;0
HYDR;D;20141015;000000;0.7005;0.7035;0.6843;0.6971;261647000;0
HYDR;D;20141016;000000;0.6973;0.7047;0.68;0.68;443958000;0
HYDR;D;20141017;000000;0.686;0.6999;0.6773;0.6999;337017000;0
HYDR;D;20141020;000000;0.6999;0.7027;0.6875;0.6933;231260000;0
HYDR;D;20141021;000000;0.6933;0.7029;0.6825;0.6932;299416000;0
HYDR;D;20141022;000000;0.6959;0.6997;0.674;0.675;283686000;0
HYDR;D;20141023;000000;0.6726;0.6805;0.663;0.669;391520000;0
HYDR;D;20141024;000000;0.6699;0.6794;0.6637;0.6765;204276000;0
HYDR;D;20141027;000000;0.681;0.6919;0.6736;0.6824;341775000;0
HYDR;D;20141028;000000;0.685;0.697;0.6833;0.6852;438421000;0
HYDR;D;20141029;000000;0.6836;0.6919;0.6775;0.6905;350481000;0
HYDR;D;20141030;000000;0.6863;0.6975;0.6853;0.6975;417444000;0
HYDR;D;20141031;000000;0.702;0.7087;0.691;0.693;413752000;0
HYDR;D;20141103;000000;0.6941;0.6972;0.688;0.6961;149072000;0
HYDR;D;20141105;000000;0.6921;0.7019;0.6833;0.6993;394102000;0
HYDR;D;20141106;000000;0.6989;0.7068;0.6825;0.6885;383821000;0
HYDR;D;20141107;000000;0.6837;0.6966;0.676;0.678;525359000;0
HYDR;D;20141110;000000;0.6849;0.6938;0.6832;0.6917;307482000;0
HYDR;D;20141111;000000;0.6917;0.6996;0.6853;0.688;275819000;0
HYDR;D;20141112;000000;0.6907;0.702;0.6871;0.6876;444301000;0
HYDR;D;20141113;000000;0.6774;0.6948;0.6764;0.6948;378312000;0
HYDR;D;20141114;000000;0.6901;0.6944;0.6845;0.6885;257953000;0
HYDR;D;20141117;000000;0.6879;0.6918;0.6825;0.6872;177899000;0
HYDR;D;20141118;000000;0.69;0.69;0.6764;0.6855;278796000;0
HYDR;D;20141119;000000;0.6841;0.6841;0.668;0.6734;345114000;0
HYDR;D;20141120;000000;0.6729;0.677;0.6615;0.673;348225000;0
HYDR;D;20141121;000000;0.6776;0.682;0.67;0.675;452171000;0
HYDR;D;20141124;000000;0.6725;0.6786;0.6665;0.6725;406171000;0
HYDR;D;20141125;000000;0.6723;0.6727;0.6572;0.6583;247147000;0
HYDR;D;20141126;000000;0.6601;0.6632;0.6506;0.6516;384927000;0
HYDR;D;20141127;000000;0.6438;0.6583;0.63;0.6319;631437000;0
HYDR;D;20141128;000000;0.6295;0.6295;0.5835;0.6;1002292000;0
HYDR;D;20141201;000000;0.5946;0.6181;0.5882;0.6075;1007473000;0
HYDR;D;20141202;000000;0.6073;0.6171;0.5963;0.5975;674308000;0
HYDR;D;20141203;000000;0.5999;0.6084;0.594;0.6022;653902000;0
HYDR;D;20141204;000000;0.6173;0.6173;0.5902;0.5902;607729000;0
HYDR;D;20141205;000000;0.5943;0.6044;0.5771;0.579;543236000;0
HYDR;D;20141208;000000;0.5835;0.594;0.545;0.5521;756691000;0
HYDR;D;20141209;000000;0.5532;0.5577;0.5253;0.5486;590845000;0
HYDR;D;20141210;000000;0.5501;0.561;0.534;0.5341;461181000;0
HYDR;D;20141211;000000;0.533;0.5436;0.502;0.505;745051000;0
HYDR;D;20141212;000000;0.5032;0.5032;0.475;0.475;813475000;0
HYDR;D;20141215;000000;0.4781;0.4824;0.4212;0.441;1205996000;0
HYDR;D;20141216;000000;0.4384;0.4798;0.3972;0.4598;1697799000;0
HYDR;D;20141217;000000;0.4653;0.5389;0.435;0.5065;1243978000;0
HYDR;D;20141218;000000;0.5244;0.57;0.5131;0.5664;1512442000;0
HYDR;D;20141219;000000;0.5615;0.5693;0.5361;0.56;689727000;0
HYDR;D;20141222;000000;0.5651;0.585;0.5477;0.5848;651003000;0
HYDR;D;20141223;000000;0.5885;0.5888;0.5573;0.563;386731000;0
HYDR;D;20141224;000000;0.56;0.5644;0.5327;0.541;397551000;0
HYDR;D;20141225;000000;0.54;0.5421;0.5201;0.5295;308272000;0
HYDR;D;20141226;000000;0.5295;0.5406;0.5201;0.537;321064000;0
HYDR;D;20141229;000000;0.538;0.5648;0.5353;0.5415;362878000;0
HYDR;D;20141230;000000;0.54;0.5439;0.5072;0.5415;338599000;0
HYDR;D;20150105;000000;0.5326;0.5656;0.5262;0.5656;254108000;0
HYDR;D;20150106;000000;0.5601;0.5695;0.5556;0.5684;271315000;0
HYDR;D;20150108;000000;0.57;0.586;0.57;0.5772;260112000;0
HYDR;D;20150109;000000;0.589;0.589;0.5438;0.5498;323020000;0
HYDR;D;20150112;000000;0.545;0.559;0.5401;0.5451;193005000;0
HYDR;D;20150113;000000;0.5451;0.555;0.5371;0.5415;303190000;0
HYDR;D;20150114;000000;0.5394;0.5585;0.5358;0.552;430746000;0
HYDR;D;20150115;000000;0.5551;0.5646;0.5421;0.5495;423813000;0
HYDR;D;20150116;000000;0.546;0.551;0.5432;0.546;240546000;0
HYDR;D;20150119;000000;0.5462;0.5583;0.5381;0.5381;520209000;0
HYDR;D;20150120;000000;0.5393;0.5503;0.5321;0.5416;425155000;0
HYDR;D;20150121;000000;0.5438;0.5658;0.5385;0.56;542271000;0
HYDR;D;20150122;000000;0.5642;0.5766;0.5591;0.5687;510335000;0
HYDR;D;20150123;000000;0.57;0.5757;0.5558;0.5609;478009000;0
HYDR;D;20150126;000000;0.5555;0.5555;0.5324;0.5432;346265000;0
HYDR;D;20150127;000000;0.534;0.5549;0.5304;0.5451;631252000;0
HYDR;D;20150128;000000;0.5504;0.555;0.532;0.5359;457580000;0
HYDR;D;20150129;000000;0.5475;0.5475;0.508;0.508;325886000;0
HYDR;D;20150130;000000;0.5108;0.5343;0.5106;0.5251;671494000;0
HYDR;D;20150202;000000;0.5301;0.5399;0.5106;0.511;493955000;0
HYDR;D;20150203;000000;0.5136;0.5213;0.5102;0.5197;302147000;0
HYDR;D;20150204;000000;0.5274;0.5298;0.5139;0.518;444942000;0
HYDR;D;20150205;000000;0.5167;0.5193;0.5085;0.5182;616622000;0
HYDR;D;20150206;000000;0.52;0.533;0.52;0.5292;655208000;0
HYDR;D;20150209;000000;0.5291;0.5832;0.4749;0.5272;1016475000;0
HYDR;D;20150210;000000;0.5274;0.5394;0.523;0.5291;310561000;0
HYDR;D;20150211;000000;0.5319;0.5367;0.5263;0.5275;390298000;0
HYDR;D;20150212;000000;0.533;0.5409;0.5281;0.5385;729332000;0
HYDR;D;20150213;000000;0.5452;0.61;0.5406;0.61;1991638000;0
HYDR;D;20150216;000000;0.6188;0.6467;0.5931;0.608;1470716000;0
HYDR;D;20150217;000000;0.6112;0.6187;0.5604;0.5749;1316698000;0
HYDR;D;20150218;000000;0.58;0.607;0.575;0.6;696157000;0
HYDR;D;20150219;000000;0.6;0.605;0.5764;0.5925;524212000;0
HYDR;D;20150220;000000;0.5953;0.6285;0.5941;0.6285;1053333000;0
HYDR;D;20150224;000000;0.6101;0.619;0.5922;0.6002;930239000;0
HYDR;D;20150225;000000;0.6002;0.6155;0.5933;0.6025;647032000;0
HYDR;D;20150226;000000;0.6093;0.6567;0.603;0.647;1369174000;0
HYDR;D;20150227;000000;0.65;0.6595;0.634;0.6448;744153000;0
HYDR;D;20150302;000000;0.6398;0.6547;0.6371;0.6458;356086000;0
HYDR;D;20150303;000000;0.645;0.65;0.6352;0.6427;448806000;0
HYDR;D;20150304;000000;0.6443;0.66;0.6291;0.63;835032000;0
HYDR;D;20150305;000000;0.635;0.6444;0.6255;0.6265;484248000;0
HYDR;D;20150306;000000;0.6291;0.6389;0.6158;0.6236;446145000;0
HYDR;D;20150310;000000;0.614;0.6157;0.5763;0.585;838485000;0
HYDR;D;20150311;000000;0.5857;0.5936;0.5743;0.5805;593362000;0
HYDR;D;20150312;000000;0.5855;0.6045;0.5754;0.585;721915000;0
HYDR;D;20150313;000000;0.5885;0.5938;0.5613;0.5669;557481000;0
HYDR;D;20150316;000000;0.5652;0.5679;0.5393;0.5408;715945000;0
HYDR;D;20150317;000000;0.545;0.552;0.54;0.54;420399000;0
HYDR;D;20150318;000000;0.5428;0.558;0.5413;0.5413;611746000;0
HYDR;D;20150319;000000;0.5503;0.5536;0.5414;0.5441;386956000;0
HYDR;D;20150320;000000;0.5441;0.5577;0.5352;0.5491;758703000;0
HYDR;D;20150323;000000;0.55;0.5532;0.5155;0.5235;582360000;0
HYDR;D;20150324;000000;0.5233;0.5299;0.5164;0.5238;630034000;0
HYDR;D;20150325;000000;0.5274;0.5277;0.5142;0.515;460043000;0
HYDR;D;20150326;000000;0.5185;0.5239;0.5082;0.51;854509000;0
HYDR;D;20150327;000000;0.5313;0.5313;0.505;0.505;322570000;0
HYDR;D;20150330;000000;0.506;0.5289;0.5041;0.5236;411363000;0
HYDR;D;20150331;000000;0.524;0.5326;0.5194;0.5265;513529000;0
HYDR;D;20150401;000000;0.5227;0.539;0.5225;0.539;662181000;0
HYDR;D;20150402;000000;0.5398;0.549;0.5371;0.54;644050000;0
HYDR;D;20150403;000000;0.54;0.5577;0.54;0.5568;751537000;0
HYDR;D;20150406;000000;0.56;0.5702;0.5581;0.5681;561753000;0
HYDR;D;20150407;000000;0.5676;0.575;0.5571;0.5635;573687000;0
HYDR;D;20150408;000000;0.5622;0.5679;0.5531;0.5668;385004000;0
HYDR;D;20150409;000000;0.5661;0.5744;0.5473;0.5475;566327000;0
HYDR;D;20150410;000000;0.5475;0.5495;0.5315;0.5421;509454000;0
HYDR;D;20150413;000000;0.5461;0.5863;0.544;0.5863;976648000;0
HYDR;D;20150414;000000;0.5863;0.59;0.5715;0.5785;764014000;0
HYDR;D;20150415;000000;0.5788;0.5845;0.5732;0.578;409751000;0
HYDR;D;20150416;000000;0.59;0.602;0.5765;0.601;712805000;0
HYDR;D;20150417;000000;0.606;0.61;0.572;0.572;684095000;0
HYDR;D;20150420;000000;0.5769;0.5825;0.5602;0.5651;483742000;0
HYDR;D;20150421;000000;0.5658;0.5855;0.5658;0.585;407310000;0
HYDR;D;20150422;000000;0.5857;0.5885;0.5664;0.5814;302304000;0
HYDR;D;20150423;000000;0.5823;0.5824;0.557;0.5729;628462000;0
HYDR;D;20150424;000000;0.573;0.5895;0.573;0.5875;498974000;0
HYDR;D;20150427;000000;0.593;0.6039;0.5701;0.573;630153000;0
HYDR;D;20150428;000000;0.57;0.5842;0.5626;0.584;705247000;0
HYDR;D;20150429;000000;0.5825;0.5912;0.5781;0.58;384011000;0
HYDR;D;20150430;000000;0.5817;0.5985;0.5815;0.5985;447230000;0
HYDR;D;20150505;000000;0.5983;0.6323;0.5983;0.63;865652000;0
HYDR;D;20150506;000000;0.63;0.633;0.6131;0.623;601578000;0
HYDR;D;20150507;000000;0.6214;0.6214;0.6035;0.6122;545451000;0
HYDR;D;20150508;000000;0.6117;0.6183;0.61;0.6132;344866000;0
HYDR;D;20150512;000000;0.6146;0.6299;0.6137;0.622;476034000;0
HYDR;D;20150513;000000;0.625;0.6286;0.611;0.6124;487663000;0
HYDR;D;20150514;000000;0.6272;0.6272;0.6066;0.6165;603117000;0
HYDR;D;20150515;000000;0.619;0.6249;0.613;0.6137;193631000;0
HYDR;D;20150518;000000;0.6191;0.621;0.611;0.6121;175944000;0
HYDR;D;20150519;000000;0.6131;0.6149;0.5912;0.5945;428105000;0
HYDR;D;20150520;000000;0.6116;0.6116;0.5915;0.595;309802000;0
HYDR;D;20150521;000000;0.5965;0.5992;0.577;0.5868;355398000;0
HYDR;D;20150522;000000;0.5859;0.59;0.5773;0.58;248336000;0
HYDR;D;20150525;000000;0.5833;0.5868;0.5677;0.579;277444000;0
HYDR;D;20150526;000000;0.58;0.5855;0.5702;0.575;247722000;0
HYDR;D;20150527;000000;0.576;0.5825;0.5711;0.5817;521481000;0
HYDR;D;20150528;000000;0.5812;0.5847;0.5739;0.5739;174119000;0
HYDR;D;20150529;000000;0.5783;0.6055;0.5757;0.5873;1037512000;0
HYDR;D;20150601;000000;0.589;0.5969;0.5652;0.5691;325129000;0
HYDR;D;20150602;000000;0.57;0.5833;0.5546;0.5751;469395000;0
HYDR;D;20150603;000000;0.5799;0.582;0.562;0.562;381071000;0
HYDR;D;20150604;000000;0.561;0.5844;0.5608;0.5818;449415000;0
HYDR;D;20150605;000000;0.5792;0.5995;0.5789;0.5885;466515000;0
HYDR;D;20150608;000000;0.59;0.5942;0.5801;0.582;286919000;0
HYDR;D;20150609;000000;0.583;0.5843;0.5765;0.578;183133000;0
HYDR;D;20150610;000000;0.5801;0.5827;0.5725;0.5752;211040000;0
HYDR;D;20150611;000000;0.5752;0.5866;0.5743;0.5805;218091000;0
HYDR;D;20150615;000000;0.5794;0.5899;0.5771;0.587;305501000;0
HYDR;D;20150616;000000;0.587;0.5922;0.5826;0.5854;191664000;0
HYDR;D;20150617;000000;0.5847;0.586;0.5734;0.5734;242197000;0
HYDR;D;20150618;000000;0.5754;0.5825;0.5712;0.5825;256439000;0
HYDR;D;20150619;000000;0.581;0.5825;0.572;0.5798;293798000;0
HYDR;D;20150622;000000;0.5797;0.5844;0.5771;0.581;161604000;0
HYDR;D;20150623;000000;0.581;0.5812;0.57;0.57;207492000;0
HYDR;D;20150624;000000;0.5729;0.5765;0.5479;0.5485;795341000;0
HYDR;D;20150625;000000;0.5515;0.5539;0.5302;0.5304;648045000;0
HYDR;D;20150626;000000;0.5325;0.5405;0.5256;0.5405;485160000;0
HYDR;D;20150629;000000;0.532;0.5349;0.5282;0.532;197289000;0
HYDR;D;20150630;000000;0.5309;0.5514;0.529;0.5514;367807000;0
HYDR;D;20150701;000000;0.5498;0.5568;0.5462;0.5497;358053000;0
HYDR;D;20150702;000000;0.5499;0.5507;0.5362;0.5404;272932000;0
HYDR;D;20150703;000000;0.5416;0.5463;0.5381;0.5418;209583000;0
HYDR;D;20150706;000000;0.5286;0.5328;0.5234;0.53;411218000;0
HYDR;D;20150707;000000;0.528;0.539;0.5229;0.5267;257679000;0
HYDR;D;20150708;000000;0.5255;0.529;0.5112;0.5136;329692000;0
HYDR;D;20150709;000000;0.5161;0.5235;0.5147;0.519;254953000;0
HYDR;D;20150710;000000;0.5236;0.5257;0.5174;0.52;170400000;0
HYDR;D;20150713;000000;0.5198;0.5236;0.5141;0.5185;477037000;0
HYDR;D;20150714;000000;0.5175;0.5218;0.5135;0.5142;364866000;0
HYDR;D;20150715;000000;0.5145;0.5276;0.5145;0.5225;417657000;0
HYDR;D;20150716;000000;0.5248;0.5417;0.5225;0.5348;534180000;0
HYDR;D;20150717;000000;0.5379;0.5488;0.5327;0.5359;570321000;0
HYDR;D;20150720;000000;0.5375;0.5438;0.5217;0.523;380922000;0
HYDR;D;20150721;000000;0.5258;0.5315;0.5192;0.5256;302943000;0
HYDR;D;20150722;000000;0.5256;0.526;0.5153;0.5209;280048000;0
HYDR;D;20150723;000000;0.5211;0.522;0.5163;0.5181;185879000;0
HYDR;D;20150724;000000;0.5187;0.5222;0.5127;0.5154;264608000;0
HYDR;D;20150727;000000;0.5146;0.5165;0.5018;0.5147;444765000;0
HYDR;D;20150728;000000;0.5131;0.5207;0.5121;0.516;295009000;0
HYDR;D;20150729;000000;0.516;0.5216;0.5151;0.5178;266528000;0
HYDR;D;20150730;000000;0.5197;0.5263;0.5189;0.5225;264602000;0
HYDR;D;20150731;000000;0.5203;0.5349;0.5182;0.5349;413660000;0
HYDR;D;20150803;000000;0.5306;0.5335;0.524;0.5311;273501000;0
HYDR;D;20150804;000000;0.5295;0.533;0.525;0.5256;312137000;0
HYDR;D;20150805;000000;0.5271;0.53;0.521;0.5289;284232000;0
HYDR;D;20150806;000000;0.5285;0.5365;0.5264;0.5272;374242000;0
HYDR;D;20150807;000000;0.5275;0.538;0.5275;0.5374;288987000;0
HYDR;D;20150810;000000;0.5381;0.5448;0.5308;0.5429;308200000;0
HYDR;D;20150811;000000;0.543;0.5518;0.5315;0.532;385552000;0
HYDR;D;20150812;000000;0.532;0.5404;0.5305;0.5349;256892000;0
HYDR;D;20150813;000000;0.537;0.542;0.5272;0.5347;333640000;0
HYDR;D;20150814;000000;0.5328;0.541;0.5302;0.536;261154000;0
HYDR;D;20150817;000000;0.536;0.5361;0.5265;0.5274;226045000;0
HYDR;D;20150818;000000;0.527;0.53;0.5234;0.524;200547000;0
HYDR;D;20150819;000000;0.524;0.5369;0.5236;0.534;450156000;0
HYDR;D;20150820;000000;0.5335;0.538;0.5275;0.5325;370656000;0
HYDR;D;20150821;000000;0.5284;0.532;0.5205;0.5206;261286000;0
HYDR;D;20150824;000000;0.5108;0.5135;0.492;0.4955;643992000;0
HYDR;D;20150825;000000;0.495;0.514;0.4921;0.5068;475211000;0
HYDR;D;20150826;000000;0.5081;0.5246;0.5026;0.518;527821000;0
HYDR;D;20150827;000000;0.5255;0.5328;0.5212;0.5295;447269000;0
HYDR;D;20150828;000000;0.5345;0.5354;0.5257;0.5328;375647000;0
HYDR;D;20150831;000000;0.5306;0.5333;0.5254;0.5325;177610000;0
HYDR;D;20150901;000000;0.532;0.536;0.5287;0.532;316280000;0
HYDR;D;20150902;000000;0.5289;0.5444;0.5273;0.538;318241000;0
HYDR;D;20150903;000000;0.5435;0.5459;0.5353;0.5413;251174000;0
HYDR;D;20150904;000000;0.5416;0.552;0.5375;0.5506;350975000;0
HYDR;D;20150907;000000;0.5515;0.5549;0.5435;0.5476;178380000;0
HYDR;D;20150908;000000;0.5488;0.5609;0.5467;0.5531;285314000;0
HYDR;D;20150909;000000;0.5594;0.5689;0.5535;0.5537;551918000;0
HYDR;D;20150910;000000;0.553;0.568;0.5482;0.567;413428000;0
HYDR;D;20150911;000000;0.567;0.5698;0.56;0.5655;275313000;0
HYDR;D;20150914;000000;0.568;0.5728;0.5618;0.566;299803000;0
HYDR;D;20150915;000000;0.5643;0.5671;0.5559;0.5664;279997000;0
HYDR;D;20150916;000000;0.5662;0.5718;0.5615;0.571;225540000;0
HYDR;D;20150917;000000;0.5715;0.5869;0.5674;0.585;394699000;0
HYDR;D;20150918;000000;0.5865;0.622;0.5826;0.615;1059151000;0
HYDR;D;20150921;000000;0.6115;0.6182;0.6021;0.61;731719000;0
HYDR;D;20150922;000000;0.6101;0.6155;0.584;0.5875;534036000;0
HYDR;D;20150923;000000;0.5869;0.599;0.5812;0.5887;473066000;0
HYDR;D;20150924;000000;0.5901;0.5971;0.5803;0.591;292862000;0
HYDR;D;20150925;000000;0.591;0.625;0.591;0.6224;1131703000;0
HYDR;D;20150928;000000;0.6217;0.6288;0.6073;0.6115;529093000;0
HYDR;D;20150929;000000;0.61;0.615;0.6038;0.61;414831000;0
HYDR;D;20150930;000000;0.61;0.6139;0.6032;0.6099;500209000;0
HYDR;D;20151001;000000;0.6123;0.6145;0.6013;0.602;232005000;0
HYDR;D;20151002;000000;0.604;0.604;0.5806;0.5824;301034000;0
HYDR;D;20151005;000000;0.59;0.6092;0.583;0.607;312978000;0
HYDR;D;20151006;000000;0.607;0.614;0.5975;0.611;376492000;0
HYDR;D;20151007;000000;0.6102;0.6118;0.593;0.6046;462498000;0
HYDR;D;20151008;000000;0.6015;0.6097;0.588;0.605;293899000;0
HYDR;D;20151009;000000;0.6081;0.6228;0.6;0.6178;360433000;0
HYDR;D;20151012;000000;0.62;0.6207;0.5891;0.5891;551708000;0
HYDR;D;20151013;000000;0.5895;0.6125;0.5895;0.6095;492040000;0
HYDR;D;20151014;000000;0.609;0.614;0.6001;0.613;289691000;0
HYDR;D;20151015;000000;0.612;0.6194;0.6035;0.6035;447013000;0
HYDR;D;20151016;000000;0.6065;0.6542;0.605;0.641;983025000;0
HYDR;D;20151019;000000;0.638;0.6489;0.6312;0.641;482788000;0
HYDR;D;20151020;000000;0.6422;0.677;0.6266;0.6729;1145239000;0
HYDR;D;20151021;000000;0.6701;0.6929;0.6655;0.6675;1112632000;0
HYDR;D;20151022;000000;0.6633;0.6786;0.6601;0.6746;420742000;0
HYDR;D;20151023;000000;0.675;0.68;0.6592;0.671;547872000;0
HYDR;D;20151026;000000;0.6655;0.674;0.6427;0.6588;506785000;0
HYDR;D;20151027;000000;0.6507;0.6626;0.646;0.6626;325418000;0
HYDR;D;20151028;000000;0.6601;0.665;0.651;0.66;234260000;0
HYDR;D;20151029;000000;0.6602;0.6679;0.647;0.647;267219000;0
HYDR;D;20151030;000000;0.645;0.651;0.633;0.651;295528000;0
HYDR;D;20151102;000000;0.6487;0.6562;0.6451;0.654;224504000;0
HYDR;D;20151103;000000;0.655;0.6772;0.6545;0.6729;403230000;0
HYDR;D;20151105;000000;0.6731;0.6893;0.6585;0.6684;467053000;0
HYDR;D;20151106;000000;0.6645;0.6691;0.6387;0.643;284982000;0
HYDR;D;20151109;000000;0.641;0.6475;0.5976;0.603;1260317000;0
HYDR;D;20151110;000000;0.6044;0.6155;0.6;0.609;574959000;0
HYDR;D;20151111;000000;0.6087;0.6088;0.5921;0.6005;421542000;0
HYDR;D;20151112;000000;0.5956;0.6065;0.5924;0.5924;292493000;0
HYDR;D;20151113;000000;0.5905;0.5939;0.5607;0.5655;1273783000;0
HYDR;D;20151116;000000;0.5611;0.5755;0.5512;0.5641;566450000;0
HYDR;D;20151117;000000;0.5667;0.5836;0.5667;0.5785;571978000;0
HYDR;D;20151118;000000;0.581;0.598;0.575;0.5942;528044000;0
HYDR;D;20151119;000000;0.5972;0.6063;0.5855;0.5894;567900000;0
HYDR;D;20151120;000000;0.59;0.598;0.5805;0.598;292721000;0
HYDR;D;20151123;000000;0.5982;0.6115;0.5908;0.6083;341227000;0
HYDR;D;20151124;000000;0.6099;0.6106;0.5711;0.584;630911000;0
HYDR;D;20151125;000000;0.5845;0.6081;0.5707;0.6033;522582000;0
HYDR;D;20151126;000000;0.6068;0.617;0.6;0.606;453769000;0
HYDR;D;20151127;000000;0.605;0.6072;0.5945;0.6047;334303000;0
HYDR;D;20151130;000000;0.6045;0.611;0.59;0.611;414213000;0
HYDR;D;20151201;000000;0.6086;0.6168;0.6005;0.6059;324841000;0
HYDR;D;20151202;000000;0.602;0.6145;0.602;0.607;180370000;0
HYDR;D;20151203;000000;0.6089;0.6099;0.5963;0.5965;214768000;0
HYDR;D;20151204;000000;0.5981;0.607;0.5913;0.6039;372124000;0
HYDR;D;20151207;000000;0.6035;0.6044;0.585;0.5893;313638000;0
HYDR;D;20151208;000000;0.5888;0.6033;0.5773;0.6015;506336000;0
HYDR;D;20151209;000000;0.6015;0.6131;0.5925;0.5935;405622000;0
HYDR;D;20151210;000000;0.594;0.6044;0.592;0.5951;218785000;0
HYDR;D;20151211;000000;0.5949;0.5993;0.589;0.5945;172604000;0
HYDR;D;20151214;000000;0.592;0.603;0.5902;0.6028;186910000;0
HYDR;D;20151215;000000;0.6045;0.6269;0.5984;0.625;479841000;0
HYDR;D;20151216;000000;0.6267;0.678;0.6264;0.678;1370435000;0
HYDR;D;20151217;000000;0.678;0.6847;0.6612;0.678;727459000;0
HYDR;D;20151218;000000;0.6712;0.673;0.6505;0.664;483695000;0
HYDR;D;20151221;000000;0.6637;0.6752;0.647;0.652;330239000;0
HYDR;D;20151222;000000;0.6524;0.6689;0.6473;0.6659;357764000;0
HYDR;D;20151223;000000;0.6712;0.6778;0.646;0.671;336397000;0
HYDR;D;20151224;000000;0.6713;0.6747;0.6585;0.6645;123299000;0
HYDR;D;20151225;000000;0.6653;0.6653;0.6502;0.6586;74565000;0
HYDR;D;20151228;000000;0.6588;0.6608;0.6404;0.6478;138376000;0
HYDR;D;20151229;000000;0.6468;0.6647;0.646;0.6647;141852000;0
HYDR;D;20151230;000000;0.6649;0.679;0.6587;0.679;188213000;0
HYDR;D;20160104;000000;0.677;0.6785;0.6606;0.6606;101113000;0
HYDR;D;20160105;000000;0.6605;0.689;0.6575;0.6851;229054000;0
HYDR;D;20160106;000000;0.685;0.6893;0.6686;0.6771;268214000;0
HYDR;D;20160111;000000;0.6585;0.6655;0.6455;0.661;280802000;0
HYDR;D;20160112;000000;0.6551;0.68;0.651;0.6775;395461000;0
HYDR;D;20160113;000000;0.68;0.6885;0.6652;0.67;292633000;0
HYDR;D;20160114;000000;0.67;0.6743;0.6527;0.6635;292012000;0
HYDR;D;20160115;000000;0.6588;0.6693;0.612;0.6152;552273000;0
HYDR;D;20160118;000000;0.6092;0.628;0.599;0.62;423237000;0
HYDR;D;20160119;000000;0.6278;0.6431;0.6124;0.6158;382075000;0
HYDR;D;20160120;000000;0.6081;0.63;0.6001;0.6299;569493000;0
HYDR;D;20160121;000000;0.626;0.642;0.626;0.6359;354137000;0
HYDR;D;20160122;000000;0.644;0.6647;0.6368;0.65;404450000;0
HYDR;D;20160125;000000;0.6524;0.6558;0.6355;0.6479;238119000;0
HYDR;D;20160126;000000;0.6398;0.6465;0.6336;0.6453;250579000;0
HYDR;D;20160127;000000;0.6465;0.6599;0.6412;0.6581;236350000;0
HYDR;D;20160128;000000;0.6553;0.6747;0.6514;0.665;278469000;0
HYDR;D;20160129;000000;0.6699;0.6803;0.6382;0.649;970303000;0
HYDR;D;20160201;000000;0.65;0.66;0.6451;0.6596;395539000;0
HYDR;D;20160202;000000;0.6565;0.6621;0.6377;0.6532;402453000;0
HYDR;D;20160203;000000;0.65;0.6757;0.6464;0.67;657154000;0
HYDR;D;20160204;000000;0.6799;0.6828;0.6641;0.679;444136000;0
HYDR;D;20160205;000000;0.6762;0.6773;0.6666;0.671;250382000;0
HYDR;D;20160208;000000;0.6699;0.6769;0.6625;0.6669;253757000;0
HYDR;D;20160209;000000;0.6645;0.6788;0.6605;0.6721;320918000;0
HYDR;D;20160210;000000;0.673;0.685;0.669;0.681;433099000;0
HYDR;D;20160211;000000;0.68;0.6844;0.6623;0.6702;386337000;0
HYDR;D;20160212;000000;0.6727;0.6819;0.6661;0.6754;236670000;0
HYDR;D;20160215;000000;0.68;0.6815;0.6664;0.6695;177397000;0
HYDR;D;20160216;000000;0.6725;0.677;0.665;0.6691;186532000;0
HYDR;D;20160217;000000;0.6672;0.6787;0.6634;0.6745;364017000;0
HYDR;D;20160218;000000;0.6759;0.7154;0.6748;0.7154;812135000;0
HYDR;D;20160219;000000;0.7148;0.715;0.701;0.7125;450694000;0
HYDR;D;20160220;000000;0.7103;0.7188;0.7087;0.7103;64305000;0
HYDR;D;20160222;000000;0.715;0.7221;0.7085;0.716;241794000;0
HYDR;D;20160224;000000;0.7113;0.7131;0.6851;0.6988;466033000;0
HYDR;D;20160225;000000;0.6963;0.7008;0.6782;0.6899;935050000;0
HYDR;D;20160226;000000;0.6903;0.701;0.6863;0.6926;522190000;0
HYDR;D;20160229;000000;0.6869;0.694;0.6653;0.675;670684000;0
HYDR;D;20160301;000000;0.6786;0.6844;0.6728;0.6825;403770000;0
HYDR;D;20160302;000000;0.6844;0.6887;0.6672;0.6675;470875000;0
HYDR;D;20160303;000000;0.6692;0.675;0.6601;0.6664;681653000;0
HYDR;D;20160304;000000;0.6692;0.6705;0.662;0.67;355149000;0
HYDR;D;20160307;000000;0.673;0.6824;0.6688;0.681;493464000;0
HYDR;D;20160309;000000;0.6775;0.6945;0.6732;0.692;726108000;0
HYDR;D;20160310;000000;0.689;0.6952;0.6807;0.6855;524302000;0
HYDR;D;20160311;000000;0.6855;0.688;0.6776;0.688;360487000;0
HYDR;D;20160314;000000;0.6876;0.6925;0.6715;0.6777;409909000;0
HYDR;D;20160315;000000;0.68;0.6823;0.6667;0.677;714549000;0
HYDR;D;20160316;000000;0.677;0.6897;0.6722;0.6835;531533000;0
HYDR;D;20160317;000000;0.6872;0.7185;0.6805;0.714;1298203000;0
HYDR;D;20160318;000000;0.7142;0.7161;0.6955;0.7;959402000;0
HYDR;D;20160321;000000;0.6985;0.7043;0.6868;0.6903;472491000;0
HYDR;D;20160322;000000;0.693;0.7035;0.684;0.699;469975000;0
HYDR;D;20160323;000000;0.6966;0.7006;0.6787;0.6911;480099000;0
HYDR;D;20160324;000000;0.6882;0.6999;0.6826;0.6999;303458000;0
HYDR;D;20160325;000000;0.7002;0.706;0.6915;0.6954;165281000;0
HYDR;D;20160328;000000;0.6928;0.6973;0.6865;0.6882;163523000;0
HYDR;D;20160329;000000;0.6907;0.6907;0.6765;0.6845;200519000;0
HYDR;D;20160330;000000;0.6882;0.7;0.6878;0.7;428841000;0
HYDR;D;20160331;000000;0.697;0.699;0.6886;0.6955;272606000;0
HYDR;D;20160401;000000;0.6905;0.6937;0.6787;0.6885;368576000;0
HYDR;D;20160404;000000;0.685;0.6982;0.685;0.6955;373971000;0
HYDR;D;20160405;000000;0.6906;0.6954;0.6865;0.6941;283296000;0
HYDR;D;20160406;000000;0.6955;0.6979;0.6886;0.697;283795000;0
HYDR;D;20160407;000000;0.6983;0.7086;0.6906;0.6954;549194000;0
HYDR;D;20160408;000000;0.6962;0.6965;0.6906;0.694;226135000;0
HYDR;D;20160411;000000;0.697;0.701;0.6926;0.697;449215000;0
HYDR;D;20160412;000000;0.7;0.7016;0.6916;0.6958;304204000;0
HYDR;D;20160413;000000;0.6969;0.7093;0.6957;0.6962;538783000;0
HYDR;D;20160414;000000;0.6963;0.6975;0.682;0.6855;383308000;0
HYDR;D;20160415;000000;0.6837;0.6873;0.6804;0.682;218631000;0
HYDR;D;20160418;000000;0.672;0.6924;0.672;0.6924;532969000;0
HYDR;D;20160419;000000;0.69;0.693;0.6781;0.679;506106000;0
HYDR;D;20160420;000000;0.6781;0.693;0.6729;0.693;528229000;0
HYDR;D;20160421;000000;0.6935;0.6976;0.6761;0.6822;447633000;0
HYDR;D;20160422;000000;0.684;0.6941;0.6781;0.6935;439850000;0
HYDR;D;20160425;000000;0.6911;0.6978;0.6865;0.6919;354471000;0
HYDR;D;20160426;000000;0.6923;0.6956;0.687;0.6913;244825000;0
HYDR;D;20160427;000000;0.6922;0.6935;0.6823;0.6907;230725000;0
HYDR;D;20160428;000000;0.6907;0.692;0.6825;0.6869;633492000;0
HYDR;D;20160429;000000;0.6832;0.6902;0.6752;0.6902;438545000;0
HYDR;D;20160504;000000;0.67;0.695;0.6644;0.6905;670499000;0
HYDR;D;20160505;000000;0.6897;0.6897;0.6736;0.676;236269000;0
HYDR;D;20160506;000000;0.6734;0.6766;0.6692;0.6745;283057000;0
HYDR;D;20160510;000000;0.67;0.6726;0.6554;0.6677;544282000;0
HYDR;D;20160511;000000;0.665;0.6799;0.6622;0.674;587920000;0
HYDR;D;20160512;000000;0.6721;0.6791;0.6681;0.6748;483432000;0
HYDR;D;20160513;000000;0.675;0.6803;0.6685;0.673;171558000;0
HYDR;D;20160516;000000;0.673;0.684;0.6727;0.68;197669000;0
HYDR;D;20160517;000000;0.6793;0.6825;0.6667;0.669;214755000;0
HYDR;D;20160518;000000;0.6706;0.6789;0.67;0.6738;262698000;0
HYDR;D;20160519;000000;0.6715;0.673;0.6624;0.6624;223474000;0
HYDR;D;20160520;000000;0.6672;0.6733;0.6527;0.6532;344654000;0
HYDR;D;20160523;000000;0.655;0.6555;0.638;0.638;272365000;0
HYDR;D;20160524;000000;0.6378;0.6463;0.632;0.6437;266680000;0
HYDR;D;20160525;000000;0.6451;0.6544;0.641;0.641;284800000;0
HYDR;D;20160526;000000;0.6418;0.65;0.6391;0.6409;273916000;0
HYDR;D;20160527;000000;0.6435;0.6685;0.6407;0.6633;603497000;0
HYDR;D;20160530;000000;0.665;0.667;0.6545;0.6665;161874000;0
HYDR;D;20160531;000000;0.6673;0.6679;0.6293;0.632;794963000;0
HYDR;D;20160601;000000;0.637;0.6388;0.6222;0.6319;402662000;0
HYDR;D;20160602;000000;0.6338;0.6364;0.622;0.622;221931000;0
HYDR;D;20160603;000000;0.625;0.6308;0.6005;0.6288;1037274000;0
HYDR;D;20160606;000000;0.6285;0.6327;0.619;0.6211;608295000;0
HYDR;D;20160607;000000;0.618;0.6265;0.6155;0.6198;439446000;0
HYDR;D;20160608;000000;0.6192;0.622;0.6046;0.6065;467609000;0
HYDR;D;20160609;000000;0.6076;0.6076;0.5885;0.5989;377633000;0
HYDR;D;20160610;000000;0.6019;0.6093;0.598;0.6005;205243000;0
HYDR;D;20160614;000000;0.6037;0.605;0.5824;0.5891;411462000;0
HYDR;D;20160615;000000;0.5833;0.5896;0.5781;0.5876;413435000;0
HYDR;D;20160616;000000;0.5888;0.5895;0.5765;0.5881;386303000;0
HYDR;D;20160617;000000;0.5894;0.6054;0.5745;0.5745;979247000;0
HYDR;D;20160620;000000;0.5828;0.5939;0.5816;0.5929;368093000;0
HYDR;D;20160621;000000;0.5948;0.6102;0.59;0.6095;482792000;0
HYDR;D;20160622;000000;0.612;0.614;0.5973;0.602;368393000;0
HYDR;D;20160623;000000;0.6021;0.6048;0.589;0.6027;363412000;0
HYDR;D;20160624;000000;0.5879;0.6026;0.5801;0.6008;386008000;0
HYDR;D;20160627;000000;0.603;0.6069;0.5885;0.5929;293633000;0
HYDR;D;20160628;000000;0.5934;0.6037;0.5905;0.5936;574897000;0
HYDR;D;20160629;000000;0.5959;0.6;0.589;0.6;264015000;0
HYDR;D;20160630;000000;0.601;0.616;0.5985;0.616;283378000;0
HYDR;D;20160701;000000;0.6163;0.6307;0.6146;0.6307;329802000;0
HYDR;D;20160704;000000;0.6314;0.635;0.6191;0.624;346280000;0
HYDR;D;20160705;000000;0.6238;0.629;0.6181;0.6218;254658000;0
HYDR;D;20160706;000000;0.6231;0.6232;0.6072;0.6185;520123000;0
HYDR;D;20160707;000000;0.588;0.605;0.5855;0.598;669619000;0
HYDR;D;20160708;000000;0.5992;0.5992;0.5851;0.5922;238390000;0
HYDR;D;20160711;000000;0.5919;0.6094;0.5919;0.6092;324228000;0
HYDR;D;20160712;000000;0.6073;0.6197;0.6053;0.6133;529235000;0
HYDR;D;20160713;000000;0.6153;0.618;0.6053;0.618;374115000;0
HYDR;D;20160714;000000;0.6156;0.62;0.6095;0.62;296624000;0
HYDR;D;20160715;000000;0.619;0.638;0.616;0.6375;846055000;0
HYDR;D;20160718;000000;0.6353;0.6464;0.6311;0.64;356699000;0
HYDR;D;20160719;000000;0.6409;0.651;0.6364;0.6499;352783000;0
HYDR;D;20160720;000000;0.6471;0.6556;0.6405;0.654;319288000;0
HYDR;D;20160721;000000;0.6546;0.6632;0.6315;0.6566;510230000;0
HYDR;D;20160722;000000;0.6565;0.6645;0.6553;0.6633;276437000;0
HYDR;D;20160725;000000;0.6595;0.6647;0.6554;0.6635;271834000;0
HYDR;D;20160726;000000;0.6608;0.6993;0.6608;0.6935;1458534000;0
HYDR;D;20160727;000000;0.6935;0.7185;0.6935;0.708;1112997000;0
HYDR;D;20160728;000000;0.7099;0.7329;0.7015;0.7238;1082168000;0
HYDR;D;20160729;000000;0.7249;0.7282;0.6981;0.7074;914073000;0
HYDR;D;20160801;000000;0.7089;0.713;0.687;0.6975;552513000;0
HYDR;D;20160802;000000;0.6941;0.6986;0.6813;0.692;315469000;0
HYDR;D;20160803;000000;0.6943;0.703;0.6705;0.6891;672112000;0
HYDR;D;20160804;000000;0.6881;0.6975;0.684;0.6941;258876000;0
HYDR;D;20160805;000000;0.6955;0.7;0.679;0.6801;220933000;0
HYDR;D;20160808;000000;0.6835;0.6844;0.6743;0.6808;162873000;0
HYDR;D;20160809;000000;0.6809;0.6889;0.672;0.6887;242931000;0
HYDR;D;20160810;000000;0.689;0.6988;0.6836;0.685;270048000;0
HYDR;D;20160811;000000;0.6842;0.6877;0.675;0.6855;200103000;0
HYDR;D;20160812;000000;0.6866;0.7063;0.686;0.7026;406074000;0
HYDR;D;20160815;000000;0.7027;0.7098;0.6961;0.7095;201495000;0
HYDR;D;20160816;000000;0.7091;0.7237;0.7087;0.719;536979000;0
HYDR;D;20160817;000000;0.718;0.718;0.69;0.69;471840000;0
HYDR;D;20160818;000000;0.6899;0.7015;0.6865;0.687;353179000;0
HYDR;D;20160819;000000;0.6865;0.6894;0.6761;0.684;313378000;0
HYDR;D;20160822;000000;0.6821;0.7025;0.6811;0.7015;452056000;0
HYDR;D;20160823;000000;0.7015;0.7177;0.7;0.7141;626960000;0
HYDR;D;20160824;000000;0.7122;0.723;0.7047;0.723;975870000;0
HYDR;D;20160825;000000;0.723;0.7649;0.7213;0.7611;2026435000;0
HYDR;D;20160826;000000;0.76;0.7722;0.7581;0.7689;926927000;0
HYDR;D;20160829;000000;0.7722;0.7725;0.7475;0.7725;653624000;0
HYDR;D;20160830;000000;0.7733;0.7823;0.764;0.7646;884691000;0
HYDR;D;20160831;000000;0.785;0.8233;0.7806;0.7964;2546894000;0
HYDR;D;20160901;000000;0.7959;0.8066;0.787;0.7944;906462000;0
HYDR;D;20160902;000000;0.8076;0.8076;0.7844;0.792;637542000;0
HYDR;D;20160905;000000;0.7972;0.8034;0.7862;0.797;396443000;0
HYDR;D;20160906;000000;0.798;0.808;0.7932;0.808;456623000;0
HYDR;D;20160907;000000;0.8085;0.8394;0.8021;0.8324;772957000;0
HYDR;D;20160908;000000;0.8325;0.8406;0.8112;0.8259;637813000;0
HYDR;D;20160909;000000;0.8264;0.838;0.8232;0.8262;435514000;0
HYDR;D;20160912;000000;0.82;0.8285;0.7901;0.8001;700283000;0
HYDR;D;20160913;000000;0.8044;0.8044;0.7775;0.7775;495706000;0
HYDR;D;20160914;000000;0.7788;0.7942;0.752;0.756;1151308000;0
HYDR;D;20160915;000000;0.755;0.783;0.7513;0.7814;583027000;0
HYDR;D;20160916;000000;0.782;0.7838;0.754;0.7553;675719000;0
HYDR;D;20160919;000000;0.7649;0.7837;0.7556;0.782;507087000;0
HYDR;D;20160920;000000;0.78;0.7942;0.7688;0.7848;517616000;0
HYDR;D;20160921;000000;0.7895;0.807;0.7861;0.806;534536000;0
HYDR;D;20160922;000000;0.807;0.817;0.8019;0.811;406572000;0
HYDR;D;20160923;000000;0.8107;0.8107;0.7953;0.8095;305326000;0
HYDR;D;20160926;000000;0.8085;0.8085;0.797;0.8057;198930000;0
HYDR;D;20160927;000000;0.8061;0.81;0.7832;0.7914;411750000;0
HYDR;D;20160928;000000;0.7913;0.7982;0.78;0.792;458099000;0
HYDR;D;20160929;000000;0.7994;0.7995;0.7865;0.7865;412006000;0
HYDR;D;20160930;000000;0.7847;0.7894;0.7739;0.775;419083000;0
HYDR;D;20161003;000000;0.782;0.7916;0.7788;0.7874;400342000;0
HYDR;D;20161004;000000;0.79;0.7916;0.7766;0.7766;412322000;0
HYDR;D;20161005;000000;0.7799;0.7799;0.748;0.752;1027342000;0
HYDR;D;20161006;000000;0.7515;0.7578;0.743;0.752;345213000;0
HYDR;D;20161007;000000;0.7512;0.7554;0.7404;0.7464;660975000;0
HYDR;D;20161010;000000;0.748;0.7665;0.7452;0.7631;656614000;0
HYDR;D;20161011;000000;0.7633;0.7736;0.7574;0.766;385165000;0
HYDR;D;20161012;000000;0.7685;0.7729;0.7602;0.769;325320000;0
HYDR;D;20161013;000000;0.7651;0.7666;0.758;0.7582;266812000;0
HYDR;D;20161014;000000;0.7591;0.7685;0.7523;0.7555;234921000;0
HYDR;D;20161017;000000;0.7554;0.7749;0.7546;0.7677;359064000;0
HYDR;D;20161018;000000;0.77;0.7728;0.7589;0.7659;273523000;0
HYDR;D;20161019;000000;0.768;0.7988;0.7674;0.7958;485491000;0
HYDR;D;20161020;000000;0.796;0.816;0.7958;0.8063;621701000;0
HYDR;D;20161021;000000;0.8011;0.8062;0.7858;0.79;400887000;0
HYDR;D;20161024;000000;0.789;0.8049;0.7798;0.7974;422980000;0
HYDR;D;20161025;000000;0.7979;0.83;0.7966;0.8205;975883000;0
HYDR;D;20161026;000000;0.8181;0.8209;0.8009;0.8098;626081000;0
HYDR;D;20161027;000000;0.8098;0.814;0.7922;0.7949;530163000;0
HYDR;D;20161028;000000;0.796;0.8131;0.7956;0.803;370404000;0
HYDR;D;20161031;000000;0.8017;0.8037;0.783;0.7949;499523000;0
HYDR;D;20161101;000000;0.7948;0.811;0.7922;0.808;380562000;0
HYDR;D;20161102;000000;0.8016;0.8079;0.7837;0.7837;376812000;0
HYDR;D;20161103;000000;0.785;0.7895;0.77;0.7717;478395000;0
HYDR;D;20161107;000000;0.7778;0.7793;0.7575;0.76;571880000;0
HYDR;D;20161108;000000;0.7649;0.7731;0.7603;0.7629;318113000;0
HYDR;D;20161109;000000;0.75;0.7898;0.75;0.7898;507495000;0
HYDR;D;20161110;000000;0.7905;0.8023;0.7777;0.7777;515264000;0
HYDR;D;20161111;000000;0.7815;0.7827;0.7613;0.762;616384000;0
HYDR;D;20161114;000000;0.7648;0.7753;0.758;0.7601;506111000;0
HYDR;D;20161115;000000;0.7645;0.7693;0.7555;0.763;411385000;0
HYDR;D;20161116;000000;0.7651;0.793;0.7651;0.7913;525979000;0
HYDR;D;20161117;000000;0.7936;0.8134;0.7932;0.8098;1024137000;0
HYDR;D;20161118;000000;0.8098;0.8177;0.806;0.8072;612441000;0
HYDR;D;20161121;000000;0.813;0.8159;0.8002;0.8004;384479000;0
HYDR;D;20161122;000000;0.806;0.819;0.8014;0.8065;563284000;0
HYDR;D;20161123;000000;0.8099;0.8129;0.8047;0.8129;397620000;0
HYDR;D;20161124;000000;0.8135;0.8272;0.806;0.823;940854000;0
HYDR;D;20161125;000000;0.8228;0.89;0.8131;0.89;2130445000;0
HYDR;D;20161128;000000;0.8914;0.8997;0.874;0.8803;1035949000;0
HYDR;D;20161129;000000;0.88;0.9464;0.8701;0.9127;2636206000;0
HYDR;D;20161130;000000;0.9175;0.964;0.9067;0.9401;2564702000;0
HYDR;D;20161201;000000;0.947;0.9599;0.9175;0.921;1383652000;0
HYDR;D;20161202;000000;0.925;0.9365;0.9058;0.93;1043579000;0
HYDR;D;20161205;000000;0.9277;0.97;0.9277;0.968;1348044000;0
HYDR;D;20161206;000000;0.9694;0.9819;0.9402;0.945;1183089000;0
HYDR;D;20161207;000000;0.9402;0.9549;0.9252;0.929;760853000;0
HYDR;D;20161208;000000;0.934;0.9595;0.9322;0.95;1238148000;0
HYDR;D;20161209;000000;0.9549;0.9776;0.935;0.9675;903256000;0
HYDR;D;20161212;000000;0.97;0.994;0.9686;0.983;1081582000;0
HYDR;D;20161213;000000;0.982;0.9888;0.9601;0.98;1015544000;0
HYDR;D;20161214;000000;0.98;0.9869;0.9527;0.9576;1009944000;0
HYDR;D;20161215;000000;0.9551;0.9765;0.9515;0.9765;1197678000;0
HYDR;D;20161216;000000;0.9787;0.9827;0.945;0.9453;818576000;0
HYDR;D;20161219;000000;0.95;0.9529;0.9251;0.9261;757524000;0
HYDR;D;20161220;000000;0.925;0.9409;0.915;0.9218;638107000;0
HYDR;D;20161221;000000;0.9251;0.9316;0.903;0.903;567685000;0
HYDR;D;20161222;000000;0.9051;0.9172;0.8818;0.8934;653088000;0
HYDR;D;20161223;000000;0.8871;0.9068;0.8825;0.8932;579965000;0
HYDR;D;20161226;000000;0.895;0.9029;0.8865;0.9023;241946000;0
HYDR;D;20161227;000000;0.9023;0.9318;0.9023;0.9264;552591000;0
HYDR;D;20161228;000000;0.929;0.93;0.9123;0.9127;497403000;0
HYDR;D;20161229;000000;0.915;0.9263;0.9032;0.918;473112000;0
HYDR;D;20161230;000000;0.9212;0.9275;0.9127;0.9259;293667000;0
HYDR;D;20170103;000000;0.9255;0.9465;0.9246;0.93;437369000;0
HYDR;D;20170104;000000;0.9327;0.935;0.913;0.92;423792000;0
HYDR;D;20170105;000000;0.92;0.928;0.9063;0.9154;503904000;0
HYDR;D;20170106;000000;0.9135;0.9345;0.9102;0.9345;565867000;0
HYDR;D;20170109;000000;0.9385;0.9516;0.9333;0.9349;750673000;0
HYDR;D;20170110;000000;0.9341;0.9615;0.9301;0.9615;661636000;0
HYDR;D;20170111;000000;0.9615;0.9777;0.949;0.949;969403000;0
HYDR;D;20170112;000000;0.95;0.9722;0.95;0.9699;738791000;0
HYDR;D;20170113;000000;0.9701;0.9759;0.9515;0.9731;778647000;0
HYDR;D;20170116;000000;0.9727;0.9985;0.9665;0.9839;1145651000;0
HYDR;D;20170117;000000;0.9885;0.9894;0.9662;0.974;532068000;0
HYDR;D;20170118;000000;0.9766;1.049;0.9654;1.049;2775940000;0
HYDR;D;20170119;000000;1.0499;1.0999;1.0382;1.0965;2866296000;0
HYDR;D;20170120;000000;1.0928;1.1059;1.0716;1.0866;2175527000;0
HYDR;D;20170123;000000;1.0865;1.107;1.0592;1.0615;2214332000;0
HYDR;D;20170124;000000;1.0647;1.0767;1.023;1.0289;1420460000;0
HYDR;D;20170125;000000;1.031;1.0674;1.0262;1.0301;1178763000;0
HYDR;D;20170126;000000;1.0356;1.049;1.0084;1.042;1476800000;0
HYDR;D;20170127;000000;1.047;1.067;1.0402;1.0585;981065000;0
HYDR;D;20170130;000000;1.0649;1.0815;1.0446;1.0546;2009287000;0
HYDR;D;20170131;000000;1.0585;1.0631;1.0337;1.0337;768109000;0
HYDR;D;20170201;000000;1.0341;1.0573;1.028;1.0573;679343000;0
HYDR;D;20170202;000000;1.055;1.0678;1.0503;1.059;733537000;0
HYDR;D;20170203;000000;1.0624;1.0878;1.0552;1.0878;1193830000;0
HYDR;D;20170206;000000;1.09;1.1111;1.0715;1.1;1232372000;0
HYDR;D;20170207;000000;1.1;1.1045;1.083;1.092;842685000;0
HYDR;D;20170208;000000;1.092;1.0987;1.0574;1.0802;821432000;0
HYDR;D;20170209;000000;1.0809;1.0869;1.0634;1.08;479192000;0
HYDR;D;20170210;000000;1.08;1.09;1.0745;1.0838;442963000;0
HYDR;D;20170213;000000;1.0892;1.0975;1.078;1.0921;650271000;0
HYDR;D;20170214;000000;1.091;1.0959;1.072;1.0835;561682000;0
HYDR;D;20170215;000000;1.0802;1.083;1.0555;1.0594;969795000;0
HYDR;D;20170216;000000;1.0624;1.0688;1.0433;1.058;414968000;0
HYDR;D;20170217;000000;1.055;1.0797;1.0471;1.071;910029000;0
HYDR;D;20170220;000000;1.0715;1.081;1.0444;1.047;416046000;0
HYDR;D;20170221;000000;1.0499;1.0575;1.031;1.0408;477532000;0
HYDR;D;20170222;000000;1.0431;1.0448;0.999;1.0168;1009592000;0
HYDR;D;20170224;000000;1.016;1.0185;0.9763;0.981;696580000;0
HYDR;D;20170227;000000;0.985;0.9851;0.9127;0.917;1122179000;0
HYDR;D;20170228;000000;0.9198;0.9678;0.8701;0.9379;2865072000;0
HYDR;D;20170301;000000;0.9402;0.9678;0.9215;0.952;1103123000;0
HYDR;D;20170302;000000;0.9504;0.9776;0.925;0.936;953909000;0
HYDR;D;20170303;000000;0.9302;1.0153;0.9204;1.003;1438154000;0
HYDR;D;20170306;000000;1.005;1.0136;0.9732;0.9732;818199000;0
HYDR;D;20170307;000000;0.9762;0.982;0.9322;0.941;1076499000;0
HYDR;D;20170309;000000;0.922;0.9628;0.8971;0.9055;1585500000;0
HYDR;D;20170310;000000;0.923;0.9587;0.8953;0.9335;1162376000;0
HYDR;D;20170313;000000;0.9325;0.945;0.926;0.9321;625376000;0
HYDR;D;20170314;000000;0.9369;0.9585;0.9225;0.94;812152000;0
HYDR;D;20170315;000000;0.949;0.955;0.928;0.94;528269000;0
HYDR;D;20170316;000000;0.95;0.9564;0.944;0.9525;823502000;0
HYDR;D;20170317;000000;0.952;0.962;0.943;0.958;689842000;0
HYDR;D;20170320;000000;0.9605;0.9895;0.9513;0.9732;898741000;0
HYDR;D;20170321;000000;0.9732;0.9923;0.941;0.9501;1075450000;0
HYDR;D;20170322;000000;0.9401;0.957;0.9218;0.957;921523000;0
HYDR;D;20170323;000000;0.96;0.9728;0.9326;0.9426;694932000;0
HYDR;D;20170324;000000;0.934;0.9494;0.9335;0.945;342669000;0
HYDR;D;20170327;000000;0.935;0.9388;0.9045;0.9095;466667000;0
HYDR;D;20170328;000000;0.9132;0.9257;0.9002;0.9183;556297000;0
HYDR;D;20170329;000000;0.92;0.948;0.917;0.9478;609550000;0
HYDR;D;20170330;000000;0.9502;0.9581;0.9411;0.946;447929000;0
HYDR;D;20170331;000000;0.9492;0.9531;0.9306;0.9329;402182000;0
HYDR;D;20170403;000000;0.943;0.9533;0.9359;0.9505;405974000;0
HYDR;D;20170404;000000;0.95;0.9536;0.9455;0.9461;422725000;0
HYDR;D;20170405;000000;0.9545;0.9743;0.95;0.9699;605048000;0
HYDR;D;20170406;000000;0.9648;0.9777;0.9638;0.972;472463000;0
HYDR;D;20170407;000000;0.9675;0.9709;0.9412;0.9416;563724000;0
HYDR;D;20170410;000000;0.936;0.939;0.88;0.88;1499912000;0
HYDR;D;20170411;000000;0.876;0.8994;0.8732;0.878;996015000;0
HYDR;D;20170412;000000;0.8801;0.8879;0.85;0.854;1099759000;0
HYDR;D;20170413;000000;0.8638;0.8737;0.8572;0.8676;909910000;0
HYDR;D;20170414;000000;0.8661;0.8698;0.8459;0.8475;321740000;0
HYDR;D;20170417;000000;0.8452;0.8734;0.8391;0.863;390430000;0
HYDR;D;20170418;000000;0.865;0.884;0.8515;0.8671;579685000;0
HYDR;D;20170419;000000;0.8705;0.8813;0.8561;0.8654;555543000;0
HYDR;D;20170420;000000;0.8612;0.8769;0.8538;0.87;660107000;0
HYDR;D;20170421;000000;0.87;0.8925;0.8664;0.8725;606471000;0
HYDR;D;20170424;000000;0.8835;0.9077;0.8735;0.907;745600000;0
HYDR;D;20170425;000000;0.9079;0.9111;0.8968;0.9041;388294000;0
HYDR;D;20170426;000000;0.9061;0.9179;0.8972;0.912;651152000;0
HYDR;D;20170427;000000;0.91;0.9101;0.8916;0.9008;557056000;0
HYDR;D;20170428;000000;0.9048;0.9168;0.895;0.895;649042000;0
HYDR;D;20170502;000000;0.8997;0.9075;0.8886;0.8972;326588000;0
HYDR;D;20170503;000000;0.8999;0.8999;0.877;0.879;333625000;0
HYDR;D;20170504;000000;0.88;0.8876;0.8731;0.8734;244879000;0
HYDR;D;20170505;000000;0.87;0.8914;0.8673;0.891;347755000;0
HYDR;D;20170510;000000;0.9;0.9003;0.8811;0.8972;362818000;0
HYDR;D;20170511;000000;0.9;0.931;0.8911;0.9216;736232000;0
HYDR;D;20170512;000000;0.919;0.9196;0.8775;0.8848;502074000;0
HYDR;D;20170515;000000;0.8898;0.8931;0.8538;0.8777;535988000;0
HYDR;D;20170516;000000;0.8754;0.8819;0.8575;0.8648;324867000;0
HYDR;D;20170517;000000;0.8626;0.8686;0.8511;0.8519;392618000;0
HYDR;D;20170518;000000;0.8518;0.858;0.82;0.8215;659434000;0
HYDR;D;20170519;000000;0.827;0.8272;0.8083;0.815;502729000;0
HYDR;D;20170522;000000;0.8171;0.824;0.79;0.79;685160000;0
HYDR;D;20170523;000000;0.793;0.8171;0.7813;0.8148;733263000;0
HYDR;D;20170524;000000;0.8185;0.8354;0.8076;0.828;671165000;0
HYDR;D;20170525;000000;0.8339;0.8381;0.816;0.8381;450732000;0
HYDR;D;20170526;000000;0.8281;0.842;0.821;0.83;362028000;0
HYDR;D;20170529;000000;0.83;0.8313;0.8155;0.821;240399000;0
HYDR;D;20170530;000000;0.82;0.8351;0.809;0.825;399603000;0
HYDR;D;20170531;000000;0.8265;0.8333;0.78;0.78;1942596000;0
HYDR;D;20170601;000000;0.7885;0.83;0.7835;0.83;1135596000;0
HYDR;D;20170602;000000;0.8279;0.847;0.8173;0.83;877421000;0
HYDR;D;20170605;000000;0.8302;0.8485;0.82;0.82;367555000;0
HYDR;D;20170606;000000;0.82;0.836;0.815;0.8309;273286000;0
HYDR;D;20170607;000000;0.8309;0.8447;0.82;0.82;379235000;0
HYDR;D;20170608;000000;0.82;0.824;0.7863;0.7909;801612000;0
HYDR;D;20170609;000000;0.7928;0.805;0.7879;0.7939;410594000;0
HYDR;D;20170613;000000;0.8015;0.8155;0.7988;0.808;480087000;0
HYDR;D;20170614;000000;0.8081;0.8109;0.7891;0.798;379293000;0
HYDR;D;20170615;000000;0.791;0.7943;0.7611;0.7797;1040733000;0
HYDR;D;20170616;000000;0.781;0.7961;0.768;0.79;479017000;0
HYDR;D;20170619;000000;0.7923;0.7962;0.7731;0.7749;361668000;0
HYDR;D;20170620;000000;0.7789;0.7909;0.7613;0.766;907133000;0
HYDR;D;20170621;000000;0.7665;0.7666;0.751;0.751;745220000;0
HYDR;D;20170622;000000;0.7517;0.771;0.7481;0.7621;515896000;0
HYDR;D;20170623;000000;0.7651;0.788;0.762;0.778;692651000;0
HYDR;D;20170626;000000;0.781;0.7874;0.7682;0.7736;377936000;0
HYDR;D;20170627;000000;0.7736;0.7886;0.7706;0.7825;287805000;0
HYDR;D;20170628;000000;0.7829;0.788;0.7759;0.7851;349620000;0
HYDR;D;20170629;000000;0.7884;0.801;0.7869;0.7885;481523000;0
HYDR;D;20170630;000000;0.7872;0.8029;0.7868;0.7962;306055000;0
HYDR;D;20170703;000000;0.7985;0.8072;0.796;0.8064;260290000;0
HYDR;D;20170704;000000;0.806;0.8207;0.8028;0.814;406310000;0
HYDR;D;20170705;000000;0.8141;0.823;0.8045;0.8119;452776000;0
HYDR;D;20170706;000000;0.812;0.8245;0.8086;0.8245;652126000;0
HYDR;D;20170707;000000;0.7835;0.7885;0.7818;0.784;855694000;0
HYDR;D;20170710;000000;0.7839;0.8049;0.7839;0.802;483324000;0
HYDR;D;20170711;000000;0.802;0.823;0.8018;0.8114;729215000;0
HYDR;D;20170712;000000;0.8121;0.8208;0.802;0.802;731323000;0
HYDR;D;20170713;000000;0.803;0.811;0.7861;0.7921;561262000;0
HYDR;D;20170714;000000;0.7921;0.7944;0.7809;0.7844;364138000;0
HYDR;D;20170717;000000;0.7878;0.7988;0.7856;0.7887;284510000;0
HYDR;D;20170718;000000;0.794;0.7969;0.787;0.789;326553000;0
HYDR;D;20170719;000000;0.789;0.8035;0.788;0.801;331901000;0
HYDR;D;20170720;000000;0.8;0.8118;0.8;0.807;337208000;0
HYDR;D;20170721;000000;0.8055;0.8086;0.7905;0.804;512266000;0
HYDR;D;20170724;000000;0.8;0.8113;0.7935;0.8015;258242000;0
HYDR;D;20170725;000000;0.805;0.8094;0.7851;0.7896;408435000;0
HYDR;D;20170726;000000;0.79;0.8007;0.79;0.7971;301622000;0
HYDR;D;20170727;000000;0.8006;0.8087;0.7939;0.7957;269695000;0
HYDR;D;20170728;000000;0.7955;0.799;0.78;0.7856;678827000;0
HYDR;D;20170731;000000;0.7894;0.7927;0.7666;0.7666;621264000;0
HYDR;D;20170801;000000;0.771;0.773;0.7586;0.76;709039000;0
HYDR;D;20170802;000000;0.761;0.7703;0.7542;0.7677;486369000;0
HYDR;D;20170803;000000;0.769;0.7735;0.7633;0.7674;373545000;0
HYDR;D;20170804;000000;0.7695;0.7707;0.7615;0.7665;319779000;0
HYDR;D;20170807;000000;0.77;0.779;0.7674;0.7699;343045000;0
HYDR;D;20170808;000000;0.7701;0.7788;0.77;0.7731;288376000;0
HYDR;D;20170809;000000;0.7745;0.8021;0.771;0.8012;746977000;0
HYDR;D;20170810;000000;0.8036;0.822;0.7921;0.7955;1040055000;0
HYDR;D;20170811;000000;0.79;0.8185;0.7728;0.815;1343615000;0
HYDR;D;20170814;000000;0.8179;0.8367;0.8;0.8339;1122969000;0
HYDR;D;20170815;000000;0.8347;0.8428;0.8256;0.8322;842602000;0
HYDR;D;20170816;000000;0.8375;0.8393;0.8247;0.8251;633290000;0
HYDR;D;20170817;000000;0.8251;0.84;0.8165;0.8371;479204000;0
HYDR;D;20170818;000000;0.8328;0.8475;0.82;0.8224;607448000;0
HYDR;D;20170821;000000;0.826;0.8333;0.8227;0.8281;387591000;0
HYDR;D;20170822;000000;0.8289;0.8419;0.8264;0.8373;462160000;0
HYDR;D;20170823;000000;0.8383;0.8395;0.8232;0.825;335083000;0
HYDR;D;20170824;000000;0.83;0.8389;0.822;0.833;395066000;0
HYDR;D;20170825;000000;0.8301;0.84;0.8277;0.8355;388913000;0
HYDR;D;20170828;000000;0.8378;0.864;0.8303;0.8598;818562000;0
HYDR;D;20170829;000000;0.8588;0.8724;0.843;0.8519;1200655000;0
HYDR;D;20170830;000000;0.8523;0.855;0.839;0.8495;641712000;0
HYDR;D;20170831;000000;0.8461;0.8556;0.825;0.8307;784981000;0
HYDR;D;20170901;000000;0.8301;0.8385;0.8269;0.8305;497501000;0
HYDR;D;20170904;000000;0.8276;0.8369;0.8201;0.8244;485143000;0
HYDR;D;20170905;000000;0.8262;0.8323;0.8216;0.8221;347162000;0
HYDR;D;20170906;000000;0.822;0.825;0.8042;0.8177;722898000;0
HYDR;D;20170907;000000;0.8151;0.8172;0.801;0.801;564345000;0
HYDR;D;20170908;000000;0.8026;0.8307;0.8022;0.8249;1206596000;0
HYDR;D;20170911;000000;0.8266;0.8325;0.822;0.822;827985000;0
HYDR;D;20170912;000000;0.825;0.827;0.8153;0.8229;560755000;0
HYDR;D;20170913;000000;0.822;0.831;0.8183;0.8183;760281000;0
HYDR;D;20170914;000000;0.8199;0.8224;0.8136;0.8192;507729000;0
HYDR;D;20170915;000000;0.8182;0.822;0.806;0.806;702351000;0
HYDR;D;20170918;000000;0.81;0.8187;0.8091;0.8143;429436000;0
HYDR;D;20170919;000000;0.8131;0.8196;0.8044;0.805;500771000;0
HYDR;D;20170920;000000;0.8061;0.8155;0.8032;0.8155;561475000;0
HYDR;D;20170921;000000;0.8139;0.8225;0.8117;0.813;588212000;0
HYDR;D;20170922;000000;0.8118;0.815;0.807;0.8102;562127000;0
HYDR;D;20170925;000000;0.8107;0.8192;0.8107;0.8161;512614000;0
HYDR;D;20170926;000000;0.8187;0.8246;0.813;0.813;645741000;0
HYDR;D;20170927;000000;0.815;0.82;0.808;0.8192;546086000;0
HYDR;D;20170928;000000;0.82;0.8514;0.8187;0.85;1951431000;0
HYDR;D;20170929;000000;0.8501;0.8602;0.8433;0.8514;1674226000;0
HYDR;D;20171002;000000;0.8481;0.8549;0.8387;0.8469;860190000;0
HYDR;D;20171003;000000;0.848;0.8536;0.8331;0.841;777849000;0
HYDR;D;20171004;000000;0.8399;0.8399;0.8263;0.832;838685000;0
HYDR;D;20171005;000000;0.8279;0.854;0.8279;0.852;829274000;0
HYDR;D;20171006;000000;0.8537;0.859;0.8482;0.855;731413000;0
HYDR;D;20171009;000000;0.856;0.8875;0.855;0.8845;1357524000;0
HYDR;D;20171010;000000;0.8845;0.8889;0.8706;0.8772;1095796000;0
HYDR;D;20171011;000000;0.8779;0.8779;0.8619;0.866;882887000;0
HYDR;D;20171012;000000;0.867;0.8749;0.8635;0.8641;348762000;0
HYDR;D;20171013;000000;0.866;0.8816;0.8643;0.879;507998000;0
HYDR;D;20171016;000000;0.879;0.8878;0.8762;0.8864;559323000;0
HYDR;D;20171017;000000;0.8864;0.8885;0.8676;0.875;467641000;0
HYDR;D;20171018;000000;0.875;0.8772;0.8502;0.852;925104000;0
HYDR;D;20171019;000000;0.853;0.8544;0.8285;0.831;1005591000;0
HYDR;D;20171020;000000;0.835;0.8436;0.8304;0.8395;676101000;0
HYDR;D;20171023;000000;0.8408;0.8455;0.8344;0.8353;457658000;0
HYDR;D;20171024;000000;0.8346;0.8367;0.8211;0.8221;681444000;0
HYDR;D;20171025;000000;0.82;0.8305;0.816;0.8235;500036000;0
HYDR;D;20171026;000000;0.8247;0.8247;0.811;0.8188;439089000;0
HYDR;D;20171027;000000;0.816;0.8256;0.8066;0.8175;668117000;0
HYDR;D;20171030;000000;0.815;0.8317;0.8112;0.8279;564148000;0
HYDR;D;20171031;000000;0.83;0.831;0.8121;0.817;544879000;0
HYDR;D;20171101;000000;0.814;0.814;0.8025;0.8105;639675000;0
HYDR;D;20171102;000000;0.8095;0.8135;0.801;0.8135;382376000;0
HYDR;D;20171103;000000;0.8135;0.838;0.8102;0.8357;921106000;0
HYDR;D;20171107;000000;0.8384;0.8465;0.8328;0.8465;773992000;0
HYDR;D;20171108;000000;0.8454;0.8535;0.84;0.84;643017000;0
HYDR;D;20171109;000000;0.84;0.8608;0.835;0.8452;772135000;0
HYDR;D;20171110;000000;0.8453;0.859;0.8408;0.85;700646000;0
HYDR;D;20171113;000000;0.852;0.8548;0.8335;0.8335;424890000;0
HYDR;D;20171114;000000;0.8311;0.832;0.8131;0.8131;523352000;0
HYDR;D;20171115;000000;0.813;0.8245;0.8051;0.807;532984000;0
HYDR;D;20171116;000000;0.8147;0.8279;0.8047;0.82;561292000;0
HYDR;D;20171117;000000;0.8213;0.8336;0.8163;0.8258;366078000;0
HYDR;D;20171120;000000;0.826;0.8436;0.8202;0.843;385688000;0
HYDR;D;20171121;000000;0.843;0.8458;0.8342;0.8449;292698000;0
HYDR;D;20171122;000000;0.8456;0.8473;0.8312;0.84;227033000;0
HYDR;D;20171123;000000;0.8411;0.8425;0.8305;0.8368;217668000;0
HYDR;D;20171124;000000;0.8379;0.8438;0.8322;0.834;249823000;0
HYDR;D;20171127;000000;0.833;0.8395;0.8265;0.8345;222505000;0
HYDR;D;20171128;000000;0.8339;0.8339;0.8232;0.827;261461000;0
HYDR;D;20171129;000000;0.827;0.8291;0.81;0.8113;441781000;0
HYDR;D;20171130;000000;0.813;0.8145;0.8025;0.814;586236000;0
HYDR;D;20171201;000000;0.8131;0.8229;0.8088;0.82;360813000;0
HYDR;D;20171204;000000;0.819;0.819;0.8069;0.8093;249174000;0
HYDR;D;20171205;000000;0.811;0.8134;0.7825;0.8019;574819000;0
HYDR;D;20171206;000000;0.801;0.821;0.7962;0.8196;676306000;0
HYDR;D;20171207;000000;0.8177;0.8182;0.8035;0.81;285310000;0
HYDR;D;20171208;000000;0.8112;0.819;0.801;0.8079;240055000;0
HYDR;D;20171211;000000;0.8071;0.8177;0.805;0.8177;365775000;0
HYDR;D;20171212;000000;0.8186;0.8236;0.8063;0.811;385300000;0
HYDR;D;20171213;000000;0.81;0.8228;0.8086;0.8219;364086000;0
HYDR;D;20171214;000000;0.8189;0.8319;0.8165;0.8248;379612000;0
HYDR;D;20171215;000000;0.828;0.828;0.8142;0.8247;285121000;0
HYDR;D;20171218;000000;0.8249;0.825;0.796;0.7966;567007000;0
HYDR;D;20171219;000000;0.7971;0.7994;0.7512;0.7518;1718077000;0
HYDR;D;20171220;000000;0.752;0.7622;0.708;0.7165;2222397000;0
HYDR;D;20171221;000000;0.7151;0.7356;0.7151;0.7328;979855000;0
HYDR;D;20171222;000000;0.7329;0.7389;0.7235;0.7349;410857000;0
HYDR;D;20171225;000000;0.7361;0.7389;0.7258;0.7275;265794000;0
HYDR;D;20171226;000000;0.7303;0.7323;0.7181;0.722;243635000;0
HYDR;D;20171227;000000;0.722;0.7287;0.7172;0.725;329568000;0
HYDR;D;20171228;000000;0.7239;0.7334;0.7203;0.727;343024000;0
HYDR;D;20171229;000000;0.7271;0.73;0.7226;0.7289;198332000;0
HYDR;D;20180103;000000;0.7295;0.7405;0.7272;0.7405;184735000;0
HYDR;D;20180104;000000;0.7388;0.755;0.7388;0.755;356420000;0
HYDR;D;20180105;000000;0.756;0.7587;0.7419;0.7587;320149000;0
HYDR;D;20180109;000000;0.76;0.7634;0.7502;0.7597;451101000;0
HYDR;D;20180110;000000;0.762;0.7749;0.7553;0.7749;533484000;0
HYDR;D;20180111;000000;0.7747;0.7848;0.7706;0.7735;483243000;0
HYDR;D;20180112;000000;0.7736;0.7835;0.7634;0.7675;329852000;0
HYDR;D;20180115;000000;0.7697;0.7749;0.7655;0.7699;190730000;0
HYDR;D;20180116;000000;0.77;0.7718;0.7565;0.7618;349311000;0
HYDR;D;20180117;000000;0.7597;0.7847;0.7491;0.7847;619835000;0
HYDR;D;20180118;000000;0.785;0.7922;0.7761;0.7899;402724000;0
HYDR;D;20180119;000000;0.7895;0.797;0.7811;0.7844;432666000;0
HYDR;D;20180122;000000;0.7883;0.8182;0.7859;0.8095;556405000;0
HYDR;D;20180123;000000;0.813;0.817;0.7953;0.8;505586000;0
HYDR;D;20180124;000000;0.8007;0.8019;0.784;0.7896;455370000;0
HYDR;D;20180125;000000;0.79;0.7915;0.7714;0.7748;683362000;0
HYDR;D;20180126;000000;0.775;0.7766;0.7555;0.7608;557704000;0
HYDR;D;20180129;000000;0.7608;0.7635;0.7471;0.7471;688624000;0
HYDR;D;20180130;000000;0.7475;0.7539;0.741;0.75;669118000;0
HYDR;D;20180131;000000;0.7499;0.7499;0.7255;0.7255;1066785000;0
HYDR;D;20180201;000000;0.731;0.7445;0.7275;0.7322;1069669000;0
HYDR;D;20180202;000000;0.734;0.7386;0.7262;0.7278;404952000;0
HYDR;D;20180205;000000;0.7251;0.7375;0.7165;0.7375;444806000;0
HYDR;D;20180206;000000;0.72;0.7308;0.709;0.717;761599000;0
HYDR;D;20180207;000000;0.7231;0.74;0.7214;0.7379;698567000;0
HYDR;D;20180208;000000;0.7412;0.75;0.7321;0.739;702018000;0
HYDR;D;20180209;000000;0.725;0.7368;0.7228;0.7307;484973000;0
HYDR;D;20180212;000000;0.7352;0.7449;0.7324;0.741;355114000;0
HYDR;D;20180213;000000;0.7424;0.7499;0.7401;0.7498;321713000;0
HYDR;D;20180214;000000;0.75;0.7598;0.7333;0.7598;716724000;0
HYDR;D;20180215;000000;0.7636;0.7662;0.7549;0.76;458327000;0
HYDR;D;20180216;000000;0.76;0.7718;0.7565;0.7698;538815000;0
HYDR;D;20180219;000000;0.7685;0.7747;0.7656;0.7669;252291000;0
HYDR;D;20180220;000000;0.7669;0.7715;0.7584;0.7715;552157000;0
HYDR;D;20180221;000000;0.7686;0.78;0.765;0.78;467649000;0
HYDR;D;20180222;000000;0.7777;0.781;0.7676;0.781;300098000;0
HYDR;D;20180226;000000;0.781;0.7947;0.78;0.7947;415748000;0
HYDR;D;20180227;000000;0.7998;0.7998;0.7842;0.7947;371739000;0
HYDR;D;20180228;000000;0.7888;0.79;0.7725;0.7815;526526000;0
HYDR;D;20180301;000000;0.771;0.7896;0.771;0.7843;417760000;0
HYDR;D;20180302;000000;0.785;0.7911;0.7676;0.7792;534846000;0
HYDR;D;20180305;000000;0.778;0.7925;0.776;0.79;304066000;0
HYDR;D;20180306;000000;0.7909;0.795;0.779;0.7853;340985000;0
HYDR;D;20180307;000000;0.7799;0.7848;0.76;0.769;508161000;0
HYDR;D;20180309;000000;0.7686;0.7789;0.7603;0.7789;217504000;0
HYDR;D;20180312;000000;0.7795;0.7848;0.775;0.775;245525000;0
HYDR;D;20180313;000000;0.7725;0.7764;0.7613;0.7664;334269000;0
HYDR;D;20180314;000000;0.7649;0.7675;0.7513;0.7568;289669000;0
HYDR;D;20180315;000000;0.7559;0.7666;0.7505;0.755;556535000;0
HYDR;D;20180316;000000;0.7553;0.7814;0.7507;0.7654;394453000;0
HYDR;D;20180319;000000;0.768;0.7747;0.7638;0.7651;296602000;0
HYDR;D;20180320;000000;0.7692;0.7728;0.7482;0.75;401575000;0
HYDR;D;20180321;000000;0.75;0.7592;0.7466;0.7466;419136000;0
HYDR;D;20180322;000000;0.7489;0.7537;0.7375;0.7421;388695000;0
HYDR;D;20180323;000000;0.735;0.742;0.731;0.734;479099000;0
HYDR;D;20180326;000000;0.7335;0.7399;0.725;0.7288;632980000;0
HYDR;D;20180327;000000;0.7329;0.7557;0.7303;0.75;1093761000;0
HYDR;D;20180328;000000;0.7494;0.7559;0.7451;0.7475;496911000;0
HYDR;D;20180329;000000;0.7517;0.756;0.7431;0.756;618902000;0
HYDR;D;20180330;000000;0.7523;0.77;0.7523;0.7699;486783000;0
HYDR;D;20180402;000000;0.77;0.7762;0.7597;0.762;520275000;0
HYDR;D;20180403;000000;0.761;0.762;0.7492;0.7615;477597000;0
HYDR;D;20180404;000000;0.7635;0.7649;0.7451;0.747;408992000;0
HYDR;D;20180405;000000;0.75;0.762;0.7499;0.762;248872000;0
HYDR;D;20180406;000000;0.7596;0.761;0.7505;0.7534;290320000;0
HYDR;D;20180409;000000;0.747;0.7496;0.6501;0.702;1683854000;0
HYDR;D;20180410;000000;0.6929;0.7385;0.6901;0.7215;1002993000;0
HYDR;D;20180411;000000;0.7215;0.7396;0.7183;0.7328;1034212000;0
HYDR;D;20180412;000000;0.7423;0.7452;0.7264;0.7399;661600000;0
HYDR;D;20180413;000000;0.7401;0.7546;0.7329;0.743;793538000;0
HYDR;D;20180416;000000;0.7331;0.7482;0.7294;0.7424;420823000;0
HYDR;D;20180417;000000;0.7402;0.7525;0.7366;0.7434;414708000;0
HYDR;D;20180418;000000;0.7435;0.751;0.7392;0.7495;674726000;0
HYDR;D;20180419;000000;0.7497;0.76;0.7371;0.7402;602135000;0
HYDR;D;20180420;000000;0.7402;0.7464;0.7364;0.7398;301212000;0
HYDR;D;20180423;000000;0.74;0.7444;0.737;0.7407;369757000;0
HYDR;D;20180424;000000;0.7415;0.7492;0.7383;0.7435;273587000;0
HYDR;D;20180425;000000;0.7437;0.7441;0.7339;0.7441;267006000;0
HYDR;D;20180426;000000;0.743;0.746;0.738;0.74;348604000;0
HYDR;D;20180427;000000;0.7407;0.7583;0.7404;0.7488;453892000;0
HYDR;D;20180428;000000;0.749;0.7531;0.7429;0.7503;72261000;0
HYDR;D;20180430;000000;0.7495;0.7549;0.745;0.745;188532000;0
HYDR;D;20180502;000000;0.746;0.75;0.74;0.7445;270536000;0
HYDR;D;20180503;000000;0.7449;0.75;0.7401;0.742;447804000;0
HYDR;D;20180504;000000;0.7469;0.7469;0.742;0.744;337655000;0
HYDR;D;20180507;000000;0.7488;0.7505;0.7452;0.7479;157169000;0
HYDR;D;20180508;000000;0.746;0.75;0.7374;0.75;354652000;0
HYDR;D;20180510;000000;0.7535;0.764;0.7473;0.753;447168000;0
HYDR;D;20180511;000000;0.752;0.7568;0.7446;0.745;456922000;0
HYDR;D;20180514;000000;0.746;0.7523;0.7425;0.7505;404411000;0
HYDR;D;20180515;000000;0.7497;0.7497;0.739;0.742;422504000;0
HYDR;D;20180516;000000;0.7402;0.7445;0.7356;0.7433;279963000;0
HYDR;D;20180517;000000;0.749;0.7565;0.737;0.737;492729000;0
HYDR;D;20180518;000000;0.7395;0.7456;0.7364;0.7434;209200000;0
HYDR;D;20180521;000000;0.739;0.745;0.7351;0.7357;336256000;0
HYDR;D;20180522;000000;0.7361;0.7409;0.7345;0.7359;267660000;0
HYDR;D;20180523;000000;0.7347;0.7379;0.73;0.73;186989000;0
HYDR;D;20180524;000000;0.7307;0.7412;0.73;0.7392;277696000;0
HYDR;D;20180525;000000;0.7357;0.7431;0.727;0.727;344305000;0
HYDR;D;20180528;000000;0.7271;0.7318;0.7177;0.7184;456523000;0
HYDR;D;20180529;000000;0.7185;0.7207;0.7075;0.7097;337638000;0
HYDR;D;20180530;000000;0.7097;0.7164;0.7068;0.71;322757000;0
HYDR;D;20180531;000000;0.7126;0.7239;0.7086;0.7239;720753000;0
HYDR;D;20180601;000000;0.723;0.7246;0.7138;0.715;245701000;0
HYDR;D;20180604;000000;0.7175;0.7226;0.7143;0.7165;142695000;0
HYDR;D;20180605;000000;0.7189;0.7189;0.7075;0.7105;257149000;0
HYDR;D;20180606;000000;0.7134;0.7135;0.7025;0.7026;184496000;0
HYDR;D;20180607;000000;0.7055;0.7147;0.7011;0.7023;488059000;0
HYDR;D;20180608;000000;0.7023;0.7034;0.6834;0.6864;711423000;0
HYDR;D;20180609;000000;0.6867;0.6939;0.6864;0.69;52791000;0
HYDR;D;20180611;000000;0.6926;0.7037;0.6862;0.697;341422000;0
HYDR;D;20180613;000000;0.7005;0.7265;0.6993;0.718;826743000;0
HYDR;D;20180614;000000;0.72;0.729;0.707;0.7082;734059000;0
HYDR;D;20180615;000000;0.7101;0.7159;0.6892;0.6912;693959000;0
HYDR;D;20180618;000000;0.695;0.7;0.6776;0.679;619648000;0
HYDR;D;20180619;000000;0.6765;0.6788;0.666;0.668;784227000;0
HYDR;D;20180620;000000;0.67;0.6774;0.6635;0.666;1413527000;0
HYDR;D;20180621;000000;0.6676;0.676;0.6627;0.6713;561693000;0
HYDR;D;20180622;000000;0.6737;0.695;0.6737;0.6892;840161000;0
HYDR;D;20180625;000000;0.687;0.6959;0.6862;0.6874;301535000;0
HYDR;D;20180626;000000;0.6905;0.6919;0.6735;0.6757;514797000;0
HYDR;D;20180627;000000;0.6765;0.6853;0.6726;0.6791;352238000;0
HYDR;D;20180628;000000;0.6761;0.6839;0.672;0.6729;302774000;0
HYDR;D;20180629;000000;0.6765;0.6899;0.6756;0.6756;431210000;0
HYDR;D;20180702;000000;0.676;0.6832;0.676;0.6816;323192000;0
HYDR;D;20180703;000000;0.6803;0.6848;0.6781;0.6816;238880000;0
HYDR;D;20180704;000000;0.6837;0.6886;0.681;0.6844;280260000;0
HYDR;D;20180705;000000;0.6655;0.684;0.663;0.684;520972000;0
HYDR;D;20180706;000000;0.6805;0.6838;0.6745;0.68;365565000;0
HYDR;D;20180709;000000;0.682;0.6884;0.6805;0.6875;233121000;0
HYDR;D;20180710;000000;0.6875;0.6905;0.6842;0.6899;233975000;0
HYDR;D;20180711;000000;0.687;0.6935;0.6842;0.6875;313849000;0
HYDR;D;20180712;000000;0.6871;0.6916;0.6815;0.69;289193000;0
HYDR;D;20180713;000000;0.6932;0.6932;0.6833;0.691;260340000;0
HYDR;D;20180716;000000;0.6925;0.6927;0.6832;0.6897;171218000;0
HYDR;D;20180717;000000;0.6915;0.6929;0.6789;0.6839;370495000;0
HYDR;D;20180718;000000;0.6879;0.6941;0.6841;0.6898;330884000;0
HYDR;D;20180719;000000;0.6919;0.6919;0.675;0.6812;423170000;0
HYDR;D;20180720;000000;0.6801;0.6877;0.675;0.6793;203754000;0
HYDR;D;20180723;000000;0.6801;0.6864;0.6728;0.6732;132393000;0
HYDR;D;20180724;000000;0.6725;0.6788;0.67;0.6739;161149000;0
HYDR;D;20180725;000000;0.67;0.6792;0.669;0.6716;174405000;0
HYDR;D;20180726;000000;0.676;0.6776;0.671;0.6773;125791000;0
HYDR;D;20180727;000000;0.674;0.6791;0.6708;0.6738;131831000;0
HYDR;D;20180730;000000;0.6743;0.6775;0.6705;0.6775;123278000;0
HYDR;D;20180731;000000;0.6769;0.6804;0.6705;0.6788;300705000;0
HYDR;D;20180801;000000;0.68;0.6805;0.6745;0.6783;193978000;0
HYDR;D;20180802;000000;0.6788;0.6798;0.6673;0.6677;194779000;0
HYDR;D;20180803;000000;0.6708;0.673;0.6644;0.6682;236113000;0
HYDR;D;20180806;000000;0.6685;0.6721;0.6652;0.6695;146105000;0
HYDR;D;20180807;000000;0.6671;0.671;0.6581;0.6607;303573000;0
HYDR;D;20180808;000000;0.6599;0.6602;0.648;0.6532;393574000;0
HYDR;D;20180809;000000;0.65;0.65;0.638;0.6472;394056000;0
HYDR;D;20180810;000000;0.645;0.6461;0.6316;0.6316;346936000;0
HYDR;D;20180813;000000;0.6293;0.6293;0.6243;0.625;243402000;0
HYDR;D;20180814;000000;0.6302;0.6339;0.6217;0.6244;156554000;0
HYDR;D;20180815;000000;0.6221;0.6328;0.622;0.6328;373331000;0
HYDR;D;20180816;000000;0.633;0.6523;0.6295;0.6374;447798000;0
HYDR;D;20180817;000000;0.6409;0.6409;0.6246;0.6246;281464000;0
HYDR;D;20180820;000000;0.629;0.6332;0.6285;0.63;191620000;0
HYDR;D;20180821;000000;0.63;0.632;0.6236;0.6286;275985000;0
HYDR;D;20180822;000000;0.628;0.6332;0.6232;0.6245;267818000;0
HYDR;D;20180823;000000;0.6244;0.6258;0.6172;0.6172;212478000;0
HYDR;D;20180824;000000;0.618;0.6245;0.608;0.6233;248964000;0
HYDR;D;20180827;000000;0.6283;0.6364;0.623;0.6325;227591000;0
HYDR;D;20180828;000000;0.6365;0.6365;0.623;0.6246;329303000;0
HYDR;D;20180829;000000;0.6295;0.6308;0.6195;0.6272;349244000;0
HYDR;D;20180830;000000;0.6295;0.6325;0.612;0.612;374312000;0
HYDR;D;20180831;000000;0.613;0.6369;0.6118;0.6369;524170000;0
HYDR;D;20180903;000000;0.6368;0.6478;0.6342;0.64;270276000;0
HYDR;D;20180904;000000;0.64;0.6486;0.635;0.6393;313145000;0
HYDR;D;20180905;000000;0.6366;0.638;0.6264;0.6264;207899000;0
HYDR;D;20180906;000000;0.6267;0.6346;0.6217;0.623;217442000;0
HYDR;D;20180907;000000;0.6267;0.6295;0.6181;0.6203;300194000;0
HYDR;D;20180910;000000;0.6233;0.624;0.6003;0.6057;523461000;0
HYDR;D;20180911;000000;0.6016;0.607;0.596;0.6041;598491000;0
HYDR;D;20180912;000000;0.6028;0.6164;0.6025;0.6037;342248000;0
HYDR;D;20180913;000000;0.604;0.621;0.604;0.6188;325044000;0
HYDR;D;20180914;000000;0.614;0.6298;0.614;0.6243;382467000;0
HYDR;D;20180917;000000;0.6243;0.6349;0.6226;0.6257;317815000;0
HYDR;D;20180918;000000;0.624;0.6264;0.6143;0.6153;890353000;0
HYDR;D;20180919;000000;0.6171;0.6224;0.6104;0.6149;699961000;0
HYDR;D;20180920;000000;0.6159;0.6208;0.609;0.609;936419000;0
HYDR;D;20180921;000000;0.6093;0.6273;0.6082;0.6219;881908000;0
HYDR;D;20180924;000000;0.6219;0.6335;0.6196;0.6297;453024000;0
HYDR;D;20180925;000000;0.6334;0.6369;0.6282;0.633;295685000;0
HYDR;D;20180926;000000;0.632;0.6397;0.6262;0.6312;358162000;0
HYDR;D;20180927;000000;0.6309;0.6392;0.6296;0.6392;501329000;0
HYDR;D;20180928;000000;0.6392;0.64;0.6186;0.6206;478033000;0
HYDR;D;20181001;000000;0.6219;0.6244;0.6102;0.6102;277470000;0
HYDR;D;20181002;000000;0.614;0.6189;0.6085;0.6124;464306000;0
HYDR;D;20181003;000000;0.6165;0.6288;0.6139;0.6255;565382000;0
HYDR;D;20181004;000000;0.625;0.6275;0.616;0.621;500688000;0
HYDR;D;20181005;000000;0.6208;0.6266;0.617;0.6218;652329000;0
HYDR;D;20181008;000000;0.6247;0.6309;0.6183;0.625;421188000;0
HYDR;D;20181009;000000;0.6279;0.6309;0.6187;0.625;438169000;0
HYDR;D;20181010;000000;0.6259;0.6264;0.6031;0.607;724831000;0
HYDR;D;20181011;000000;0.602;0.6055;0.583;0.5882;659397000;0
HYDR;D;20181012;000000;0.5931;0.598;0.5851;0.589;471782000;0
HYDR;D;20181015;000000;0.589;0.5958;0.5862;0.5906;268279000;0
HYDR;D;20181016;000000;0.592;0.5933;0.5811;0.5816;667673000;0
HYDR;D;20181017;000000;0.584;0.5854;0.575;0.5764;623279000;0
HYDR;D;20181018;000000;0.5763;0.5824;0.5734;0.5784;478818000;0
HYDR;D;20181019;000000;0.581;0.5812;0.5584;0.5609;851867000;0
HYDR;D;20181022;000000;0.5619;0.5674;0.5561;0.5601;605588000;0
HYDR;D;20181023;000000;0.5598;0.5638;0.551;0.5537;633312000;0
HYDR;D;20181024;000000;0.555;0.5592;0.5371;0.5371;1052246000;0
HYDR;D;20181025;000000;0.5355;0.543;0.5267;0.532;596668000;0
HYDR;D;20181026;000000;0.53;0.5345;0.5202;0.5345;844753000;0
HYDR;D;20181029;000000;0.5351;0.5468;0.532;0.5465;496784000;0
HYDR;D;20181030;000000;0.5459;0.5515;0.5397;0.5454;574042000;0
HYDR;D;20181031;000000;0.5475;0.5594;0.5442;0.5498;644049000;0
HYDR;D;20181101;000000;0.5491;0.5549;0.5421;0.5549;378118000;0
HYDR;D;20181102;000000;0.5521;0.5565;0.5473;0.5515;392759000;0
HYDR;D;20181106;000000;0.5501;0.5555;0.5406;0.5425;544693000;0
HYDR;D;20181107;000000;0.5426;0.547;0.5383;0.547;664705000;0
HYDR;D;20181108;000000;0.547;0.5556;0.5463;0.5512;500725000;0
HYDR;D;20181109;000000;0.5479;0.5553;0.5434;0.5553;595821000;0
HYDR;D;20181112;000000;0.5553;0.5582;0.5483;0.5483;317121000;0
HYDR;D;20181113;000000;0.5485;0.5567;0.5455;0.553;649849000;0
HYDR;D;20181114;000000;0.5463;0.5494;0.5352;0.538;1882303000;0
HYDR;D;20181115;000000;0.5419;0.5444;0.5351;0.5416;684154000;0
HYDR;D;20181116;000000;0.5426;0.5436;0.537;0.5379;662589000;0
HYDR;D;20181119;000000;0.5397;0.5422;0.5348;0.535;444530000;0
HYDR;D;20181120;000000;0.535;0.5352;0.5255;0.5305;654566000;0
HYDR;D;20181121;000000;0.5335;0.54;0.5291;0.5325;553476000;0
HYDR;D;20181122;000000;0.5311;0.5478;0.5311;0.5406;731678000;0
HYDR;D;20181123;000000;0.5413;0.5438;0.532;0.541;466048000;0
HYDR;D;20181126;000000;0.5386;0.5404;0.5259;0.5261;806358000;0
HYDR;D;20181127;000000;0.526;0.5349;0.5257;0.526;587270000;0
HYDR;D;20181128;000000;0.5263;0.5312;0.5222;0.5234;749202000;0
HYDR;D;20181129;000000;0.5241;0.528;0.52;0.5249;1284414000;0
HYDR;D;20181130;000000;0.5245;0.525;0.5046;0.5046;9086102000;0
HYDR;D;20181203;000000;0.5135;0.5178;0.5055;0.5078;2243449000;0
HYDR;D;20181204;000000;0.5086;0.5194;0.5069;0.5145;1167658000;0
HYDR;D;20181205;000000;0.5121;0.5215;0.5103;0.5188;793728000;0
HYDR;D;20181206;000000;0.5169;0.519;0.5101;0.5102;663646000;0
HYDR;D;20181207;000000;0.5137;0.514;0.5032;0.505;921566000;0
HYDR;D;20181210;000000;0.504;0.508;0.5015;0.5047;505485000;0
HYDR;D;20181211;000000;0.5055;0.5089;0.497;0.4998;1341052000;0
HYDR;D;20181212;000000;0.5018;0.5029;0.4928;0.496;970789000;0
HYDR;D;20181213;000000;0.4972;0.508;0.4949;0.4998;720912000;0
HYDR;D;20181214;000000;0.4995;0.5;0.49;0.491;610204000;0
HYDR;D;20181217;000000;0.4915;0.499;0.4871;0.4957;1243626000;0
HYDR;D;20181218;000000;0.4936;0.4955;0.4862;0.4875;705373000;0
HYDR;D;20181219;000000;0.4877;0.4966;0.48;0.48;1654963000;0
HYDR;D;20181220;000000;0.4785;0.4818;0.4721;0.476;1190246000;0
HYDR;D;20181221;000000;0.4741;0.483;0.4703;0.483;931338000;0
HYDR;D;20181224;000000;0.4806;0.4828;0.4782;0.479;479702000;0
HYDR;D;20181225;000000;0.4729;0.4798;0.4663;0.4798;773163000;0
HYDR;D;20181226;000000;0.4788;0.4827;0.4781;0.4795;505698000;0
HYDR;D;20181227;000000;0.4838;0.4855;0.4789;0.4808;631804000;0
HYDR;D;20181228;000000;0.484;0.4868;0.4812;0.485;533229000;0
HYDR;D;20181229;000000;0.4858;0.4861;0.484;0.4858;96878000;0
HYDR;D;20190103;000000;0.483;0.4894;0.483;0.4881;246947000;0
HYDR;D;20190104;000000;0.4885;0.4949;0.4881;0.4921;213662000;0
HYDR;D;20190108;000000;0.4943;0.4943;0.4864;0.487;321362000;0
HYDR;D;20190109;000000;0.4888;0.495;0.4865;0.4948;714696000;0
HYDR;D;20190110;000000;0.4944;0.5018;0.4929;0.4992;490137000;0
HYDR;D;20190111;000000;0.4981;0.5144;0.4981;0.507;939476000;0
HYDR;D;20190114;000000;0.5075;0.5121;0.5065;0.5086;417267000;0
HYDR;D;20190115;000000;0.5109;0.5117;0.506;0.5099;479708000;0
HYDR;D;20190116;000000;0.5091;0.5185;0.5085;0.5135;584554000;0
HYDR;D;20190117;000000;0.5131;0.5168;0.511;0.5149;537532000;0
HYDR;D;20190118;000000;0.516;0.5189;0.5135;0.5149;481559000;0
HYDR;D;20190121;000000;0.515;0.517;0.5085;0.51;517695000;0
HYDR;D;20190122;000000;0.511;0.511;0.5002;0.5014;738368000;0
HYDR;D;20190123;000000;0.5029;0.5135;0.5016;0.5069;793662000;0
HYDR;D;20190124;000000;0.5065;0.5134;0.505;0.5073;457018000;0
HYDR;D;20190125;000000;0.508;0.5113;0.5064;0.5093;249725000;0
HYDR;D;20190128;000000;0.51;0.5139;0.5023;0.5023;419654000;0
HYDR;D;20190129;000000;0.5045;0.5065;0.5004;0.504;378636000;0
HYDR;D;20190130;000000;0.5045;0.5088;0.5013;0.508;420396000;0
HYDR;D;20190131;000000;0.511;0.5138;0.5086;0.513;810784000;0
HYDR;D;20190201;000000;0.5135;0.5152;0.5106;0.5132;290782000;0
HYDR;D;20190204;000000;0.5166;0.5319;0.5137;0.5304;989852000;0
HYDR;D;20190205;000000;0.533;0.5394;0.5265;0.5293;814581000;0
HYDR;D;20190206;000000;0.5294;0.5321;0.5273;0.5277;218639000;0
HYDR;D;20190207;000000;0.5272;0.5276;0.5196;0.5208;472673000;0
HYDR;D;20190208;000000;0.5203;0.5267;0.519;0.5252;316733000;0
HYDR;D;20190211;000000;0.5284;0.5293;0.5211;0.5234;492649000;0
HYDR;D;20190212;000000;0.526;0.5277;0.5229;0.525;218951000;0
HYDR;D;20190213;000000;0.5265;0.5289;0.5215;0.5217;597915000;0
HYDR;D;20190214;000000;0.5199;0.5247;0.5103;0.5157;682832000;0
HYDR;D;20190215;000000;0.5167;0.5185;0.5133;0.5185;251739000;0
HYDR;D;20190218;000000;0.5194;0.5198;0.5112;0.5123;352652000;0
HYDR;D;20190219;000000;0.513;0.5133;0.507;0.5083;339263000;0
HYDR;D;20190220;000000;0.509;0.516;0.5085;0.511;291231000;0
HYDR;D;20190221;000000;0.5113;0.5139;0.5024;0.5027;403146000;0
HYDR;D;20190222;000000;0.504;0.51;0.5027;0.5071;421246000;0
HYDR;D;20190225;000000;0.508;0.5184;0.507;0.5111;594550000;0
HYDR;D;20190226;000000;0.511;0.512;0.5035;0.5045;467933000;0
HYDR;D;20190227;000000;0.5051;0.5069;0.4995;0.5002;547840000;0
HYDR;D;20190228;000000;0.5002;0.501;0.4951;0.497;411558000;0
HYDR;D;20190301;000000;0.4975;0.5035;0.4975;0.4999;287306000;0
HYDR;D;20190304;000000;0.5004;0.5007;0.496;0.4965;224656000;0
HYDR;D;20190305;000000;0.4972;0.4972;0.492;0.4921;303307000;0
HYDR;D;20190306;000000;0.4937;0.4972;0.4921;0.4958;226777000;0
HYDR;D;20190307;000000;0.4949;0.4961;0.4928;0.4941;195869000;0
HYDR;D;20190311;000000;0.4949;0.4958;0.493;0.4951;187635000;0
HYDR;D;20190312;000000;0.495;0.5026;0.4931;0.5001;391825000;0
HYDR;D;20190313;000000;0.5017;0.5106;0.4998;0.5085;576711000;0
HYDR;D;20190314;000000;0.509;0.5107;0.5005;0.501;470597000;0
HYDR;D;20190315;000000;0.501;0.5066;0.5003;0.5024;357434000;0
HYDR;D;20190318;000000;0.5026;0.509;0.501;0.507;626585000;0
HYDR;D;20190319;000000;0.5058;0.5126;0.5058;0.5091;330151000;0
HYDR;D;20190320;000000;0.5109;0.5109;0.5049;0.5074;242542000;0
HYDR;D;20190321;000000;0.5079;0.5141;0.5066;0.5114;467879000;0
HYDR;D;20190322;000000;0.5119;0.5129;0.5026;0.5049;283567000;0
HYDR;D;20190325;000000;0.5017;0.5056;0.5009;0.5021;186727000;0
HYDR;D;20190326;000000;0.5021;0.5061;0.5005;0.503;242943000;0
HYDR;D;20190327;000000;0.503;0.5049;0.4978;0.502;219016000;0
HYDR;D;20190328;000000;0.5035;0.5044;0.499;0.5005;216440000;0
HYDR;D;20190329;000000;0.5005;0.5034;0.498;0.5008;288513000;0
HYDR;D;20190401;000000;0.5023;0.51;0.501;0.51;434075000;0
HYDR;D;20190402;000000;0.5101;0.512;0.5057;0.5075;251411000;0
HYDR;D;20190403;000000;0.5095;0.5098;0.505;0.5064;166784000;0
HYDR;D;20190404;000000;0.5064;0.5075;0.5044;0.5051;290227000;0
HYDR;D;20190405;000000;0.5058;0.5065;0.503;0.5031;210304000;0
HYDR;D;20190408;000000;0.5046;0.505;0.5007;0.5027;238076000;0
HYDR;D;20190409;000000;0.5027;0.507;0.5021;0.5055;247759000;0
HYDR;D;20190410;000000;0.506;0.5177;0.5047;0.513;696410000;0
HYDR;D;20190411;000000;0.5148;0.5148;0.5097;0.512;210278000;0
HYDR;D;20190412;000000;0.5139;0.5222;0.5122;0.52;440907000;0
HYDR;D;20190415;000000;0.5209;0.537;0.5201;0.532;1224710000;0
HYDR;D;20190416;000000;0.5319;0.5395;0.5284;0.5314;1113276000;0
HYDR;D;20190417;000000;0.5318;0.5368;0.5313;0.533;303601000;0
HYDR;D;20190418;000000;0.5313;0.5371;0.5281;0.529;463784000;0
HYDR;D;20190419;000000;0.53;0.533;0.5252;0.5276;375348000;0
HYDR;D;20190422;000000;0.5277;0.5478;0.5277;0.5465;755218000;0
HYDR;D;20190423;000000;0.5478;0.5492;0.54;0.542;638266000;0
HYDR;D;20190424;000000;0.542;0.553;0.539;0.546;548000000;0
HYDR;D;20190425;000000;0.546;0.548;0.5352;0.537;476209000;0
HYDR;D;20190426;000000;0.5379;0.5392;0.5338;0.5355;304749000;0
HYDR;D;20190429;000000;0.5374;0.5409;0.5361;0.5374;193984000;0
HYDR;D;20190430;000000;0.537;0.547;0.5345;0.54;607729000;0
HYDR;D;20190502;000000;0.54;0.5455;0.5375;0.5409;231612000;0
HYDR;D;20190503;000000;0.542;0.5453;0.5402;0.5425;183570000;0
HYDR;D;20190506;000000;0.54;0.54;0.535;0.5352;346142000;0
HYDR;D;20190507;000000;0.5352;0.5425;0.5336;0.5376;226745000;0
HYDR;D;20190508;000000;0.5376;0.5387;0.5357;0.5369;141128000;0
HYDR;D;20190510;000000;0.5355;0.5376;0.5325;0.5325;148880000;0
HYDR;D;20190513;000000;0.532;0.535;0.5274;0.5275;341851000;0
HYDR;D;20190514;000000;0.5288;0.5323;0.5242;0.5293;419044000;0
HYDR;D;20190515;000000;0.53;0.5304;0.5251;0.5251;288714000;0
HYDR;D;20190516;000000;0.5262;0.5348;0.5259;0.5323;207564000;0
HYDR;D;20190517;000000;0.5343;0.5409;0.5327;0.533;438247000;0
HYDR;D;20190520;000000;0.535;0.5496;0.5334;0.5401;774282000;0
HYDR;D;20190521;000000;0.5428;0.5458;0.5397;0.5435;362807000;0
HYDR;D;20190522;000000;0.5447;0.5469;0.5391;0.545;409467000;0
HYDR;D;20190523;000000;0.543;0.546;0.5395;0.541;478744000;0
HYDR;D;20190524;000000;0.5413;0.5483;0.5391;0.5466;516978000;0
HYDR;D;20190527;000000;0.5452;0.5481;0.5405;0.541;280396000;0
HYDR;D;20190528;000000;0.5404;0.5437;0.537;0.542;462369000;0
HYDR;D;20190529;000000;0.5402;0.5449;0.539;0.5398;328508000;0
HYDR;D;20190530;000000;0.5408;0.5425;0.5372;0.5376;168460000;0
HYDR;D;20190531;000000;0.5376;0.5404;0.5352;0.5399;167453000;0
HYDR;D;20190603;000000;0.5398;0.5453;0.5363;0.54;452695000;0
HYDR;D;20190604;000000;0.54;0.543;0.539;0.541;332806000;0
HYDR;D;20190605;000000;0.5414;0.5454;0.5392;0.543;540337000;0
HYDR;D;20190606;000000;0.5442;0.5675;0.5431;0.5585;1669414000;0
HYDR;D;20190607;000000;0.5611;0.575;0.5605;0.5719;940712000;0
HYDR;D;20190610;000000;0.5725;0.593;0.5725;0.5927;1456084000;0
HYDR;D;20190611;000000;0.5931;0.5995;0.5741;0.5826;1526827000;0
HYDR;D;20190613;000000;0.587;0.5908;0.5788;0.5885;376982000;0
HYDR;D;20190614;000000;0.5887;0.61;0.5871;0.603;1077396000;0
HYDR;D;20190617;000000;0.6035;0.6167;0.6024;0.6114;956728000;0
HYDR;D;20190618;000000;0.6081;0.6163;0.6014;0.6124;571237000;0
HYDR;D;20190619;000000;0.6135;0.616;0.6066;0.61;456889000;0
HYDR;D;20190620;000000;0.613;0.6191;0.6098;0.613;656124000;0
HYDR;D;20190621;000000;0.613;0.6146;0.59;0.59;1174825000;0
HYDR;D;20190624;000000;0.5923;0.6025;0.5916;0.6014;443443000;0
HYDR;D;20190625;000000;0.6014;0.6061;0.5918;0.5978;409730000;0
HYDR;D;20190626;000000;0.5997;0.6132;0.5972;0.5998;671854000;0
HYDR;D;20190627;000000;0.6002;0.6079;0.6002;0.6034;314149000;0
HYDR;D;20190628;000000;0.605;0.6095;0.6004;0.6004;392961000;0
HYDR;D;20190701;000000;0.6059;0.6059;0.5976;0.6029;568903000;0
HYDR;D;20190702;000000;0.6035;0.6138;0.602;0.6096;535953000;0
HYDR;D;20190703;000000;0.6095;0.6142;0.6035;0.611;510253000;0
HYDR;D;20190704;000000;0.6101;0.62;0.6074;0.62;735750000;0
HYDR;D;20190705;000000;0.6247;0.6289;0.6171;0.6215;1216878000;0
HYDR;D;20190708;000000;0.5893;0.5978;0.5871;0.5917;1164073000;0
HYDR;D;20190709;000000;0.5916;0.5941;0.5814;0.5846;684088000;0
HYDR;D;20190710;000000;0.585;0.5883;0.5819;0.582;493180000;0
HYDR;D;20190711;000000;0.5825;0.584;0.5664;0.5665;1014145000;0
HYDR;D;20190712;000000;0.5662;0.5863;0.5662;0.585;1134398000;0
HYDR;D;20190715;000000;0.5851;0.5995;0.5825;0.5896;1085133000;0
HYDR;D;20190716;000000;0.5919;0.5923;0.5753;0.5779;494879000;0
HYDR;D;20190717;000000;0.5753;0.582;0.575;0.5756;464383000;0
HYDR;D;20190718;000000;0.5762;0.5777;0.5706;0.5748;335937000;0
HYDR;D;20190719;000000;0.5771;0.5788;0.5624;0.5652;541783000;0
HYDR;D;20190722;000000;0.565;0.5702;0.5523;0.5529;582791000;0
HYDR;D;20190723;000000;0.5544;0.5649;0.5491;0.5575;651538000;0
HYDR;D;20190724;000000;0.5575;0.5784;0.5573;0.57;1035957000;0
HYDR;D;20190725;000000;0.5699;0.5813;0.5681;0.5807;540280000;0
HYDR;D;20190726;000000;0.5799;0.5807;0.5688;0.5696;342127000;0
HYDR;D;20190729;000000;0.5695;0.5748;0.5645;0.5695;305678000;0
HYDR;D;20190730;000000;0.571;0.5782;0.5678;0.5702;344791000;0
HYDR;D;20190731;000000;0.571;0.5735;0.5656;0.5656;287871000;0
HYDR;D;20190801;000000;0.567;0.5684;0.5606;0.5618;251577000;0
HYDR;D;20190802;000000;0.558;0.5644;0.5542;0.5619;511524000;0
HYDR;D;20190805;000000;0.5601;0.5633;0.5545;0.5572;407604000;0
HYDR;D;20190806;000000;0.5591;0.5595;0.5512;0.552;435260000;0
HYDR;D;20190807;000000;0.5521;0.5531;0.5445;0.5497;599487000;0
HYDR;D;20190808;000000;0.5524;0.5542;0.5481;0.552;322076000;0
HYDR;D;20190809;000000;0.5528;0.553;0.546;0.55;356912000;0
HYDR;D;20190812;000000;0.5516;0.5538;0.5478;0.5485;232602000;0
HYDR;D;20190813;000000;0.5492;0.5497;0.5395;0.5448;573798000;0
HYDR;D;20190814;000000;0.5468;0.5468;0.5385;0.54;450601000;0
HYDR;D;20190815;000000;0.54;0.545;0.5385;0.5445;326599000;0
HYDR;D;20190816;000000;0.5455;0.5494;0.5424;0.5445;214651000;0
HYDR;D;20190819;000000;0.5466;0.5472;0.5375;0.5385;548092000;0
HYDR;D;20190820;000000;0.5408;0.5449;0.5381;0.541;348312000;0
HYDR;D;20190821;000000;0.542;0.5475;0.5403;0.5469;421826000;0
HYDR;D;20190822;000000;0.5473;0.5485;0.5441;0.546;337183000;0
HYDR;D;20190823;000000;0.5482;0.5494;0.5391;0.5391;381998000;0
HYDR;D;20190826;000000;0.538;0.5409;0.5361;0.539;239719000;0
HYDR;D;20190827;000000;0.5392;0.5425;0.5326;0.5347;604470000;0
HYDR;D;20190828;000000;0.535;0.5393;0.534;0.5391;390778000;0
HYDR;D;20190829;000000;0.5391;0.5419;0.536;0.5376;344479000;0
HYDR;D;20190830;000000;0.5373;0.5488;0.537;0.5488;490259000;0
HYDR;D;20190902;000000;0.548;0.56;0.5478;0.5537;427011000;0
HYDR;D;20190903;000000;0.5525;0.5547;0.5465;0.5525;507284000;0
HYDR;D;20190904;000000;0.5538;0.5542;0.5467;0.5523;867905000;0
HYDR;D;20190905;000000;0.5546;0.5613;0.5507;0.5512;778340000;0
HYDR;D;20190906;000000;0.5512;0.5532;0.5416;0.5455;709765000;0
HYDR;D;20190909;000000;0.5456;0.553;0.5437;0.5457;567770000;0
HYDR;D;20190910;000000;0.546;0.551;0.5433;0.5477;388435000;0
HYDR;D;20190911;000000;0.548;0.5514;0.54;0.5424;1007426000;0
HYDR;D;20190912;000000;0.543;0.5455;0.536;0.5375;982933000;0
HYDR;D;20190913;000000;0.5374;0.5431;0.5372;0.5406;549765000;0
HYDR;D;20190916;000000;0.5427;0.5443;0.5384;0.5396;431443000;0
HYDR;D;20190917;000000;0.5393;0.5479;0.5383;0.5441;755871000;0
HYDR;D;20190918;000000;0.5447;0.5543;0.5411;0.55;967411000;0
HYDR;D;20190919;000000;0.5497;0.5537;0.5446;0.546;793049000;0
HYDR;D;20190920;000000;0.5465;0.547;0.5385;0.5385;473555000;0
HYDR;D;20190923;000000;0.54;0.5428;0.5384;0.5385;291700000;0
HYDR;D;20190924;000000;0.5397;0.5425;0.533;0.533;515924000;0
HYDR;D;20190925;000000;0.5325;0.5339;0.5236;0.5258;1093543000;0
HYDR;D;20190926;000000;0.525;0.5319;0.525;0.5282;572952000;0
HYDR;D;20190927;000000;0.5287;0.5294;0.5244;0.5251;484932000;0
HYDR;D;20190930;000000;0.5275;0.5275;0.518;0.5217;716109000;0
HYDR;D;20191001;000000;0.5225;0.5269;0.5165;0.517;511304000;0
HYDR;D;20191002;000000;0.5182;0.5192;0.508;0.5095;906543000;0
HYDR;D;20191003;000000;0.5109;0.5128;0.5042;0.5054;753371000;0
HYDR;D;20191004;000000;0.5057;0.5118;0.5002;0.5029;432697000;0
HYDR;D;20191007;000000;0.503;0.5117;0.5015;0.5018;397414000;0
HYDR;D;20191008;000000;0.5032;0.5137;0.5025;0.5049;621401000;0
HYDR;D;20191009;000000;0.5049;0.509;0.504;0.505;355073000;0
HYDR;D;20191010;000000;0.5053;0.5078;0.503;0.5042;455084000;0
HYDR;D;20191011;000000;0.5065;0.5095;0.5035;0.504;414534000;0
HYDR;D;20191014;000000;0.5055;0.5055;0.4955;0.4962;542939000;0
HYDR;D;20191015;000000;0.4959;0.5033;0.4959;0.5016;442055000;0
HYDR;D;20191016;000000;0.5029;0.5069;0.5014;0.5042;310274000;0
HYDR;D;20191017;000000;0.5046;0.5136;0.5045;0.5085;692370000;0
HYDR;D;20191018;000000;0.5085;0.5127;0.5073;0.51;223199000;0
HYDR;D;20191021;000000;0.51;0.5185;0.5053;0.5091;647371000;0
HYDR;D;20191022;000000;0.5104;0.5168;0.51;0.5166;396406000;0
HYDR;D;20191023;000000;0.516;0.5211;0.511;0.5145;549062000;0
HYDR;D;20191024;000000;0.5148;0.5177;0.5112;0.5134;356623000;0
HYDR;D;20191025;000000;0.513;0.5153;0.5064;0.5096;499235000;0
HYDR;D;20191028;000000;0.5099;0.5148;0.5072;0.5093;353545000;0
HYDR;D;20191029;000000;0.5095;0.5125;0.5069;0.5109;254351000;0
HYDR;D;20191030;000000;0.511;0.5128;0.5092;0.5108;393500000;0
HYDR;D;20191031;000000;0.5112;0.5134;0.5066;0.5098;476907000;0
HYDR;D;20191101;000000;0.5094;0.5105;0.508;0.5087;301158000;0
HYDR;D;20191105;000000;0.515;0.527;0.513;0.522;1126396000;0
HYDR;D;20191106;000000;0.5245;0.5339;0.5228;0.532;903443000;0
HYDR;D;20191107;000000;0.533;0.5462;0.5291;0.5355;1859217000;0
HYDR;D;20191108;000000;0.536;0.5398;0.5273;0.5372;601612000;0
HYDR;D;20191111;000000;0.537;0.544;0.5334;0.5347;444180000;0
HYDR;D;20191112;000000;0.5351;0.5387;0.53;0.5317;491539000;0
HYDR;D;20191113;000000;0.5321;0.5321;0.5252;0.5314;424337000;0
HYDR;D;20191114;000000;0.5321;0.5392;0.53;0.533;379596000;0
HYDR;D;20191115;000000;0.5336;0.5352;0.5295;0.5311;240175000;0
HYDR;D;20191118;000000;0.533;0.5385;0.5308;0.5331;242169000;0
HYDR;D;20191119;000000;0.5335;0.5383;0.5331;0.5371;287198000;0
HYDR;D;20191120;000000;0.5362;0.5375;0.5316;0.5319;300715000;0
HYDR;D;20191121;000000;0.5318;0.5345;0.5295;0.5315;329029000;0
HYDR;D;20191122;000000;0.5315;0.534;0.5295;0.5301;182654000;0
HYDR;D;20191125;000000;0.5311;0.5395;0.5301;0.5375;398810000;0
HYDR;D;20191126;000000;0.5384;0.5427;0.5325;0.534;446574000;0
HYDR;D;20191127;000000;0.5347;0.5369;0.5317;0.5334;262962000;0
HYDR;D;20191128;000000;0.5341;0.5357;0.5304;0.5343;263990000;0
HYDR;D;20191129;000000;0.5342;0.5342;0.5313;0.5315;169103000;0
HYDR;D;20191202;000000;0.532;0.5353;0.53;0.5322;463122000;0
HYDR;D;20191203;000000;0.5325;0.5325;0.5192;0.5233;653771000;0
HYDR;D;20191204;000000;0.5232;0.5276;0.5217;0.526;263747000;0
HYDR;D;20191205;000000;0.5264;0.5277;0.5246;0.527;170598000;0
HYDR;D;20191206;000000;0.527;0.5291;0.5247;0.5271;309231000;0
HYDR;D;20191209;000000;0.5266;0.5292;0.5246;0.526;280710000;0
HYDR;D;20191210;000000;0.526;0.5277;0.525;0.5255;208782000;0
HYDR;D;20191211;000000;0.5252;0.5314;0.5252;0.5284;420791000;0
HYDR;D;20191212;000000;0.5296;0.5306;0.5216;0.5239;510525000;0
HYDR;D;20191213;000000;0.5269;0.5277;0.5223;0.5233;305034000;0
HYDR;D;20191216;000000;0.525;0.5272;0.5217;0.5268;751627000;0
HYDR;D;20191217;000000;0.5268;0.553;0.5263;0.55;1804062000;0
HYDR;D;20191218;000000;0.5535;0.5721;0.5522;0.5625;2779691000;0
HYDR;D;20191219;000000;0.5645;0.5695;0.549;0.5519;1827794000;0
HYDR;D;20191220;000000;0.5529;0.5635;0.5499;0.5541;1234820000;0
HYDR;D;20191223;000000;0.554;0.5631;0.5532;0.5602;643189000;0
HYDR;D;20191224;000000;0.5615;0.574;0.5615;0.5691;1240656000;0
HYDR;D;20191225;000000;0.574;0.5757;0.5639;0.5655;663225000;0
HYDR;D;20191226;000000;0.565;0.5692;0.56;0.5655;613249000;0
HYDR;D;20191227;000000;0.566;0.5683;0.5622;0.565;453215000;0
HYDR;D;20191230;000000;0.565;0.5667;0.5545;0.5553;749307000;0
HYDR;D;20200103;000000;0.5566;0.561;0.5525;0.5547;515972000;0
HYDR;D;20200106;000000;0.554;0.5634;0.5537;0.5603;599726000;0
HYDR;D;20200108;000000;0.559;0.5725;0.5556;0.5649;1178013000;0
HYDR;D;20200109;000000;0.5662;0.5902;0.5648;0.5829;2442351000;0
HYDR;D;20200110;000000;0.584;0.5966;0.5839;0.5882;1481835000;0
HYDR;D;20200113;000000;0.5935;0.61;0.5922;0.609;2840538000;0
HYDR;D;20200114;000000;0.6211;0.7137;0.6151;0.687;17801429000;0
HYDR;D;20200115;000000;0.688;0.7031;0.656;0.6653;7290943000;0
HYDR;D;20200116;000000;0.669;0.692;0.6353;0.64;7440145000;0
HYDR;D;20200117;000000;0.631;0.6635;0.627;0.657;6916343000;0
HYDR;D;20200120;000000;0.661;0.689;0.6591;0.6772;5049493000;0
HYDR;D;20200121;000000;0.6725;0.6747;0.659;0.665;2114510000;0
HYDR;D;20200122;000000;0.669;0.6748;0.655;0.6603;2687243000;0
HYDR;D;20200123;000000;0.6566;0.6927;0.645;0.6849;4708396000;0
HYDR;D;20200124;000000;0.695;0.705;0.6859;0.6946;4652058000;0
HYDR;D;20200127;000000;0.6873;0.6945;0.6629;0.6771;3207710000;0
HYDR;D;20200128;000000;0.6806;0.6896;0.6705;0.687;1937174000;0
HYDR;D;20200129;000000;0.69;0.7174;0.6804;0.7072;4620121000;0
HYDR;D;20200130;000000;0.7014;0.7163;0.6936;0.7039;3382038000;0
HYDR;D;20200131;000000;0.7058;0.7237;0.6855;0.6888;4884575000;0
HYDR;D;20200203;000000;0.685;0.702;0.6798;0.7015;2324958000;0
HYDR;D;20200204;000000;0.7075;0.7198;0.7045;0.7078;1959316000;0
HYDR;D;20200205;000000;0.7095;0.718;0.7052;0.7086;2019561000;0
HYDR;D;20200206;000000;0.7112;0.7151;0.6932;0.706;2160065000;0
HYDR;D;20200207;000000;0.707;0.73;0.707;0.7271;4446530000;0
HYDR;D;20200210;000000;0.731;0.7366;0.7088;0.716;2854558000;0
HYDR;D;20200211;000000;0.7214;0.7277;0.7121;0.7165;2166639000;0
HYDR;D;20200212;000000;0.7152;0.7349;0.7143;0.7319;2246731000;0
HYDR;D;20200213;000000;0.73;0.758;0.7276;0.7461;5885115000;0
HYDR;D;20200214;000000;0.7498;0.7532;0.732;0.745;1785133000;0
HYDR;D;20200217;000000;0.7477;0.755;0.747;0.749;1182696000;0
HYDR;D;20200218;000000;0.7476;0.7488;0.735;0.738;1624530000;0
HYDR;D;20200219;000000;0.7399;0.7467;0.7256;0.745;1636714000;0
HYDR;D;20200220;000000;0.7475;0.7486;0.7381;0.7435;1030916000;0
HYDR;D;20200221;000000;0.74;0.7496;0.7355;0.7441;991031000;0
HYDR;D;20200225;000000;0.724;0.7424;0.7157;0.7174;1793269000;0
HYDR;D;20200226;000000;0.71;0.717;0.6815;0.7085;3366625000;0
HYDR;D;20200227;000000;0.6999;0.7012;0.653;0.6546;2820505000;0
HYDR;D;20200228;000000;0.63;0.648;0.5773;0.6422;5080055000;0
HYDR;D;20200302;000000;0.6598;0.6718;0.6333;0.66;3339960000;0
HYDR;D;20200303;000000;0.675;0.6854;0.6669;0.6806;2883452000;0
HYDR;D;20200304;000000;0.675;0.703;0.6656;0.694;3732608000;0
HYDR;D;20200305;000000;0.6905;0.7056;0.6667;0.6736;3414052000;0
HYDR;D;20200306;000000;0.6602;0.6642;0.6268;0.643;3602981000;0
HYDR;D;20200310;000000;0.5787;0.6103;0.55;0.5705;4149339000;0
HYDR;D;20200311;000000;0.5799;0.5949;0.5326;0.5497;3511843000;0
HYDR;D;20200312;000000;0.532;0.5348;0.4695;0.4761;5073531000;0
HYDR;D;20200313;000000;0.485;0.5127;0.4823;0.5;3885413000;0
HYDR;D;20200316;000000;0.4929;0.504;0.4684;0.4955;3467677000;0
HYDR;D;20200317;000000;0.5;0.5065;0.464;0.486;4985287000;0
HYDR;D;20200318;000000;0.4712;0.4915;0.4642;0.4855;2155071000;0
HYDR;D;20200319;000000;0.4855;0.5129;0.4722;0.5077;2574873000;0
HYDR;D;20200320;000000;0.525;0.5577;0.5155;0.5397;3150787000;0
HYDR;D;20200323;000000;0.515;0.5806;0.51;0.577;3781235000;0
HYDR;D;20200324;000000;0.5992;0.6256;0.5775;0.6216;3346464000;0
HYDR;D;20200325;000000;0.63;0.6424;0.5856;0.621;4105166000;0
HYDR;D;20200326;000000;0.621;0.632;0.5974;0.6234;1603692000;0
HYDR;D;20200327;000000;0.6235;0.6257;0.5974;0.5974;1463664000;0
HYDR;D;20200330;000000;0.5949;0.6038;0.5753;0.6008;1257441000;0
HYDR;D;20200331;000000;0.609;0.6194;0.5901;0.6077;2021722000;0
HYDR;D;20200401;000000;0.593;0.6095;0.582;0.6079;1081547000;0
HYDR;D;20200402;000000;0.617;0.6233;0.603;0.6223;1171767000;0
HYDR;D;20200403;000000;0.62;0.6336;0.619;0.627;949915000;0
HYDR;D;20200406;000000;0.6363;0.6465;0.632;0.6431;1363526000;0
HYDR;D;20200407;000000;0.6548;0.6618;0.6303;0.631;1821976000;0
HYDR;D;20200408;000000;0.6324;0.6394;0.6233;0.6357;1022730000;0
HYDR;D;20200409;000000;0.6402;0.6497;0.6287;0.637;930705000;0
HYDR;D;20200410;000000;0.633;0.6358;0.6257;0.6312;390705000;0
HYDR;D;20200413;000000;0.6305;0.6309;0.6114;0.6135;705476000;0
HYDR;D;20200414;000000;0.6184;0.6307;0.607;0.625;1043370000;0
HYDR;D;20200415;000000;0.624;0.6243;0.5852;0.5969;1350114000;0
HYDR;D;20200416;000000;0.6;0.6117;0.5877;0.6016;925809000;0
HYDR;D;20200417;000000;0.6162;0.623;0.6095;0.6156;680343000;0
HYDR;D;20200420;000000;0.6154;0.6195;0.6005;0.6037;552410000;0
HYDR;D;20200421;000000;0.595;0.619;0.5922;0.6159;1249610000;0
HYDR;D;20200422;000000;0.6156;0.638;0.6125;0.6252;1255040000;0
HYDR;D;20200423;000000;0.6326;0.6347;0.6245;0.6294;766255000;0
HYDR;D;20200424;000000;0.6255;0.629;0.6118;0.6118;892512000;0
HYDR;D;20200427;000000;0.6135;0.626;0.6133;0.6202;609036000;0
HYDR;D;20200428;000000;0.6192;0.6343;0.6187;0.6256;934434000;0
HYDR;D;20200429;000000;0.6306;0.6419;0.6278;0.6416;735922000;0
HYDR;D;20200430;000000;0.642;0.6474;0.622;0.6301;1014818000;0
HYDR;D;20200504;000000;0.6288;0.6337;0.616;0.6313;489956000;0
HYDR;D;20200505;000000;0.642;0.6427;0.6325;0.6388;446481000;0
HYDR;D;20200506;000000;0.6418;0.6418;0.6292;0.631;592482000;0
HYDR;D;20200507;000000;0.636;0.6395;0.6304;0.6332;387926000;0
HYDR;D;20200508;000000;0.6356;0.6368;0.6224;0.6343;456362000;0
HYDR;D;20200512;000000;0.632;0.642;0.6276;0.64;693045000;0
HYDR;D;20200513;000000;0.6387;0.6535;0.6341;0.6524;1342991000;0
HYDR;D;20200514;000000;0.6448;0.6555;0.6279;0.6313;1054128000;0
HYDR;D;20200515;000000;0.639;0.6436;0.6329;0.6385;408883000;0
HYDR;D;20200518;000000;0.642;0.6619;0.6408;0.6615;781688000;0
HYDR;D;20200519;000000;0.662;0.6829;0.6555;0.6795;1624551000;0
HYDR;D;20200520;000000;0.6795;0.6844;0.664;0.665;1444752000;0
HYDR;D;20200521;000000;0.6658;0.6742;0.6467;0.652;1233259000;0
HYDR;D;20200522;000000;0.646;0.6615;0.6435;0.6562;831619000;0
HYDR;D;20200525;000000;0.6636;0.6721;0.661;0.67;599745000;0
HYDR;D;20200526;000000;0.6731;0.6949;0.6731;0.6879;1227914000;0
HYDR;D;20200527;000000;0.6919;0.6955;0.68;0.6934;1162122000;0
HYDR;D;20200528;000000;0.6934;0.6989;0.6863;0.6957;695342000;0
HYDR;D;20200529;000000;0.699;0.7005;0.6829;0.6929;613132000;0
HYDR;D;20200601;000000;0.6997;0.7036;0.6872;0.694;688993000;0
HYDR;D;20200602;000000;0.6962;0.7126;0.6943;0.7055;1009005000;0
HYDR;D;20200603;000000;0.7111;0.7187;0.7038;0.7092;919349000;0
HYDR;D;20200604;000000;0.709;0.7325;0.7004;0.7202;1544332000;0
HYDR;D;20200605;000000;0.7261;0.7424;0.7167;0.7414;1686215000;0
HYDR;D;20200608;000000;0.7439;0.804;0.74;0.7888;3330176000;0
HYDR;D;20200609;000000;0.798;0.8024;0.767;0.7799;1545439000;0
HYDR;D;20200610;000000;0.7791;0.7988;0.764;0.793;1316940000;0
HYDR;D;20200611;000000;0.7812;0.797;0.7731;0.78;1327069000;0
HYDR;D;20200615;000000;0.77;0.7897;0.757;0.7889;948472000;0
HYDR;D;20200616;000000;0.794;0.8367;0.785;0.8333;2844784000;0
HYDR;D;20200617;000000;0.8365;0.8401;0.8146;0.8246;1858997000;0
HYDR;D;20200618;000000;0.825;0.8365;0.8173;0.8216;1249206000;0
HYDR;D;20200619;000000;0.8231;0.83;0.8071;0.8138;725770000;0
HYDR;D;20200622;000000;0.81;0.8216;0.8036;0.82;819593000;0
HYDR;D;20200623;000000;0.823;0.8264;0.803;0.812;1179419000;0
HYDR;D;20200625;000000;0.8;0.8011;0.7675;0.7768;2299534000;0
HYDR;D;20200626;000000;0.7792;0.7792;0.7282;0.748;3534612000;0
HYDR;D;20200629;000000;0.744;0.7588;0.7345;0.7568;1091887000;0
HYDR;D;20200630;000000;0.756;0.7714;0.7288;0.7367;1846012000;0
HYDR;D;20200702;000000;0.741;0.769;0.7373;0.7672;1464171000;0
HYDR;D;20200703;000000;0.77;0.777;0.761;0.7745;825232000;0
HYDR;D;20200706;000000;0.78;0.789;0.7755;0.7793;672059000;0
HYDR;D;20200707;000000;0.7948;0.7975;0.7144;0.7565;845965000;0
HYDR;D;20200708;000000;0.7523;0.7795;0.7471;0.776;1081453000;0
HYDR;D;20200709;000000;0.7766;0.7788;0.748;0.76;802787000;0
HYDR;D;20200710;000000;0.7559;0.7668;0.7507;0.7662;416526000;0
HYDR;D;20200713;000000;0.7677;0.7732;0.7543;0.7553;516493000;0
HYDR;D;20200714;000000;0.7609;0.7609;0.7368;0.7587;887905000;0
HYDR;D;20200715;000000;0.7602;0.7722;0.745;0.7524;519311000;0
HYDR;D;20200716;000000;0.748;0.7536;0.7431;0.7514;271453000;0
HYDR;D;20200717;000000;0.75;0.7583;0.7481;0.755;285979000;0
HYDR;D;20200720;000000;0.754;0.782;0.7494;0.7745;782266000;0
HYDR;D;20200721;000000;0.777;0.7904;0.7627;0.7711;1924127000;0
HYDR;D;20200722;000000;0.7711;0.7786;0.7625;0.7672;901773000;0
HYDR;D;20200723;000000;0.7688;0.7722;0.7515;0.758;775622000;0
HYDR;D;20200724;000000;0.7577;0.7577;0.7311;0.7463;1623160000;0
HYDR;D;20200727;000000;0.746;0.7494;0.739;0.7451;886960000;0
HYDR;D;20200728;000000;0.746;0.7488;0.7381;0.7421;480977000;0
HYDR;D;20200729;000000;0.746;0.7777;0.7422;0.7732;1589343000;0
HYDR;D;20200730;000000;0.775;0.7819;0.752;0.7615;1216441000;0
HYDR;D;20200731;000000;0.7639;0.7703;0.7571;0.7635;545423000;0
HYDR;D;20200803;000000;0.7605;0.7747;0.7605;0.7694;596157000;0
HYDR;D;20200804;000000;0.7701;0.7727;0.7657;0.7691;382546000;0
HYDR;D;20200805;000000;0.7723;0.7726;0.7591;0.765;514788000;0
HYDR;D;20200806;000000;0.7619;0.7662;0.7553;0.7614;516507000;0
HYDR;D;20200807;000000;0.7602;0.7618;0.7455;0.753;537201000;0
HYDR;D;20200810;000000;0.7555;0.7599;0.744;0.75;550031000;0
HYDR;D;20200811;000000;0.7503;0.7563;0.7477;0.7495;499607000;0
HYDR;D;20200812;000000;0.7499;0.7542;0.7411;0.754;714559000;0
HYDR;D;20200813;000000;0.753;0.7606;0.748;0.7514;1055608000;0
HYDR;D;20200814;000000;0.7491;0.7542;0.7475;0.7532;442625000;0
HYDR;D;20200817;000000;0.7548;0.757;0.7427;0.7494;774557000;0
HYDR;D;20200818;000000;0.749;0.7539;0.7444;0.7477;422637000;0
HYDR;D;20200819;000000;0.748;0.7512;0.7431;0.7463;520478000;0
HYDR;D;20200820;000000;0.745;0.745;0.7202;0.7294;1062627000;0
HYDR;D;20200821;000000;0.7298;0.7328;0.7117;0.72;754023000;0
HYDR;D;20200824;000000;0.7239;0.7347;0.7135;0.7337;666588000;0
HYDR;D;20200825;000000;0.7352;0.739;0.7243;0.7322;489322000;0
HYDR;D;20200826;000000;0.7307;0.7598;0.7307;0.7597;1327105000;0
HYDR;D;20200827;000000;0.7601;0.7674;0.7407;0.745;1772330000;0
HYDR;D;20200828;000000;0.749;0.752;0.7365;0.7465;658200000;0
HYDR;D;20200831;000000;0.7495;0.752;0.7251;0.73;1102238000;0
HYDR;D;20200901;000000;0.7301;0.7407;0.7301;0.7375;691531000;0
HYDR;D;20200902;000000;0.7396;0.7466;0.726;0.7308;775311000;0
HYDR;D;20200903;000000;0.73;0.7387;0.7206;0.729;708230000;0
HYDR;D;20200904;000000;0.73;0.7368;0.7211;0.7265;423457000;0
HYDR;D;20200907;000000;0.7278;0.7305;0.7213;0.7277;336706000;0
HYDR;D;20200908;000000;0.7295;0.7439;0.7166;0.7218;1157186000;0
HYDR;D;20200909;000000;0.723;0.7409;0.7182;0.7365;709936000;0
HYDR;D;20200910;000000;0.7395;0.7517;0.7338;0.7434;679916000;0
HYDR;D;20200911;000000;0.746;0.7512;0.7382;0.7455;582135000;0
HYDR;D;20200914;000000;0.7515;0.7534;0.7386;0.744;490367000;0
HYDR;D;20200915;000000;0.7446;0.7535;0.7435;0.7515;601998000;0
HYDR;D;20200916;000000;0.7532;0.7656;0.7427;0.749;944967000;0
HYDR;D;20200917;000000;0.7441;0.7638;0.7421;0.7605;961669000;0
HYDR;D;20200918;000000;0.7632;0.7824;0.7592;0.7697;1915227000;0
HYDR;D;20200921;000000;0.7699;0.7828;0.7399;0.7551;1467045000;0
HYDR;D;20200922;000000;0.7548;0.7685;0.7469;0.7629;1156386000;0
HYDR;D;20200923;000000;0.7636;0.7675;0.7519;0.7538;628255000;0
HYDR;D;20200924;000000;0.7548;0.7628;0.747;0.76;412918000;0
HYDR;D;20200925;000000;0.7641;0.7675;0.7487;0.754;454098000;0
HYDR;D;20200928;000000;0.759;0.7619;0.7538;0.7581;301598000;0
HYDR;D;20200929;000000;0.7581;0.7626;0.7475;0.7579;474730000;0
HYDR;D;20200930;000000;0.7552;0.7649;0.7537;0.7609;472717000;0
HYDR;D;20201001;000000;0.7649;0.777;0.759;0.7654;1002694000;0
HYDR;D;20201002;000000;0.7638;0.772;0.7624;0.7692;518147000;0
HYDR;D;20201005;000000;0.7716;0.7786;0.7667;0.7724;972941000;0
HYDR;D;20201006;000000;0.7725;0.7748;0.7628;0.7639;694098000;0
HYDR;D;20201007;000000;0.767;0.7691;0.754;0.758;1068885000;0
HYDR;D;20201008;000000;0.7263;0.7326;0.7253;0.7297;1063609000;0
HYDR;D;20201009;000000;0.7258;0.7299;0.7119;0.7168;655183000;0
HYDR;D;20201012;000000;0.7173;0.7248;0.7134;0.7216;713386000;0
HYDR;D;20201013;000000;0.723;0.7273;0.7144;0.718;422781000;0
HYDR;D;20201014;000000;0.72;0.7346;0.7173;0.7311;629823000;0
HYDR;D;20201015;000000;0.7295;0.73;0.716;0.721;517604000;0
HYDR;D;20201016;000000;0.7192;0.7259;0.7131;0.7145;303844000;0
HYDR;D;20201019;000000;0.7171;0.7198;0.6912;0.694;803026000;0
HYDR;D;20201020;000000;0.6923;0.7244;0.6918;0.7206;898778000;0
HYDR;D;20201021;000000;0.7245;0.7245;0.7157;0.723;368225000;0
HYDR;D;20201022;000000;0.723;0.7383;0.721;0.7359;568148000;0
HYDR;D;20201023;000000;0.735;0.7375;0.7277;0.7319;462289000;0
HYDR;D;20201026;000000;0.7251;0.7356;0.7218;0.7234;507965000;0
HYDR;D;20201027;000000;0.73;0.7329;0.717;0.7247;568527000;0
HYDR;D;20201028;000000;0.7248;0.7248;0.7055;0.7101;1054158000;0
HYDR;D;20201029;000000;0.7194;0.7298;0.7138;0.726;585763000;0
HYDR;D;20201030;000000;0.7228;0.7242;0.7131;0.7183;543544000;0
HYDR;D;20201102;000000;0.7184;0.7328;0.7141;0.7326;558828000;0
HYDR;D;20201103;000000;0.7328;0.7377;0.726;0.7362;584199000;0
HYDR;D;20201105;000000;0.7397;0.7463;0.7355;0.7413;674270000;0
HYDR;D;20201106;000000;0.7368;0.7445;0.7343;0.7413;374242000;0
HYDR;D;20201109;000000;0.755;0.7721;0.7515;0.7654;1806627000;0
HYDR;D;20201110;000000;0.7639;0.7738;0.757;0.7635;554753000;0
HYDR;D;20201111;000000;0.761;0.7718;0.7522;0.7532;714670000;0
HYDR;D;20201112;000000;0.7524;0.7709;0.7454;0.7629;799426000;0
HYDR;D;20201113;000000;0.764;0.7746;0.7622;0.7661;601491000;0
HYDR;D;20201116;000000;0.77;0.7759;0.7591;0.7646;593251000;0
HYDR;D;20201117;000000;0.765;0.7651;0.7502;0.754;456435000;0
HYDR;D;20201118;000000;0.7508;0.7617;0.7508;0.7557;326022000;0
HYDR;D;20201119;000000;0.7549;0.7578;0.7476;0.7541;298363000;0
HYDR;D;20201120;000000;0.7545;0.7637;0.7483;0.7617;463359000;0
HYDR;D;20201123;000000;0.764;0.768;0.7533;0.7613;394014000;0
HYDR;D;20201124;000000;0.7616;0.7665;0.7535;0.7609;480496000;0
HYDR;D;20201125;000000;0.7613;0.763;0.7471;0.7545;722496000;0
HYDR;D;20201126;000000;0.7555;0.7793;0.754;0.776;1673361000;0
HYDR;D;20201127;000000;0.7764;0.7987;0.7764;0.782;3010783000;0
HYDR;D;20201130;000000;0.7735;0.7853;0.7718;0.7805;926395000;0
HYDR;D;20201201;000000;0.7832;0.7847;0.7754;0.7788;744326000;0
HYDR;D;20201202;000000;0.7755;0.7823;0.7683;0.777;708419000;0
HYDR;D;20201203;000000;0.7781;0.7985;0.7768;0.781;1529677000;0
HYDR;D;20201204;000000;0.787;0.7877;0.7788;0.7825;386363000;0
HYDR;D;20201207;000000;0.78;0.7914;0.7757;0.7857;455208000;0
HYDR;D;20201208;000000;0.7879;0.7925;0.7754;0.7783;921290000;0
HYDR;D;20201209;000000;0.7821;0.7929;0.779;0.7815;1039379000;0
HYDR;D;20201210;000000;0.7815;0.7954;0.7811;0.7855;1236281000;0
HYDR;D;20201211;000000;0.7845;0.7887;0.7802;0.7827;357542000;0
HYDR;D;20201214;000000;0.7847;0.789;0.775;0.7785;739834000;0
HYDR;D;20201215;000000;0.7797;0.7797;0.7581;0.767;867632000;0
HYDR;D;20201216;000000;0.767;0.7858;0.7641;0.781;1200666000;0
HYDR;D;20201217;000000;0.7814;0.7848;0.769;0.7735;739809000;0
HYDR;D;20201218;000000;0.7711;0.7756;0.7651;0.7672;405213000;0
HYDR;D;20201221;000000;0.7651;0.7719;0.7501;0.764;952966000;0
HYDR;D;20201222;000000;0.757;0.777;0.757;0.7726;454213000;0
HYDR;D;20201223;000000;0.774;0.7829;0.7716;0.7794;337575000;0
HYDR;D;20201224;000000;0.78;0.7842;0.7738;0.7786;383723000;0
HYDR;D;20201225;000000;0.7797;0.7842;0.777;0.7825;197279000;0
HYDR;D;20201228;000000;0.7825;0.7904;0.7825;0.7875;596122000;0
HYDR;D;20201229;000000;0.789;0.7943;0.781;0.7848;1089166000;0
HYDR;D;20201230;000000;0.7896;0.7918;0.782;0.7821;593508000;0
HYDR;D;20210104;000000;0.7914;0.7953;0.7788;0.7834;417848000;0
HYDR;D;20210105;000000;0.7834;0.793;0.7813;0.7918;335705000;0
HYDR;D;20210106;000000;0.7909;0.7927;0.7878;0.7896;267530000;0
HYDR;D;20210108;000000;0.7939;0.8012;0.791;0.7941;600717000;0
HYDR;D;20210111;000000;0.7967;0.8297;0.7951;0.8255;2284089000;0
HYDR;D;20210112;000000;0.8286;0.8355;0.8081;0.8188;1338582000;0
HYDR;D;20210113;000000;0.8191;0.8239;0.7968;0.8032;1214410000;0
HYDR;D;20210114;000000;0.8049;0.8129;0.7956;0.8054;1404076000;0
HYDR;D;20210115;000000;0.8031;0.8115;0.796;0.7969;700089000;0
HYDR;D;20210118;000000;0.795;0.8082;0.7873;0.8076;544983000;0
HYDR;D;20210119;000000;0.8115;0.8148;0.8021;0.8054;688447000;0
HYDR;D;20210120;000000;0.8048;0.812;0.8022;0.807;583170000;0
HYDR;D;20210121;000000;0.81;0.8125;0.7909;0.7935;921511000;0
HYDR;D;20210122;000000;0.7901;0.7909;0.7792;0.7867;689888000;0
HYDR;D;20210125;000000;0.79;0.7954;0.783;0.7919;641358000;0
HYDR;D;20210126;000000;0.788;0.794;0.7767;0.7912;618530000;0
HYDR;D;20210127;000000;0.7912;0.8025;0.787;0.787;730693000;0
HYDR;D;20210128;000000;0.785;0.794;0.7806;0.7924;805521000;0
HYDR;D;20210129;000000;0.7908;0.791;0.7748;0.777;703147000;0
HYDR;D;20210201;000000;0.7803;0.7847;0.7775;0.7838;290931000;0
HYDR;D;20210202;000000;0.7852;0.7886;0.7825;0.7825;307057000;0
HYDR;D;20210203;000000;0.7842;0.791;0.7834;0.7856;393254000;0
HYDR;D;20210204;000000;0.787;0.7985;0.7853;0.7963;384969000;0
HYDR;D;20210205;000000;0.7998;0.7998;0.7883;0.7921;355801000;0
HYDR;D;20210208;000000;0.7942;0.804;0.7924;0.8022;376317000;0
HYDR;D;20210209;000000;0.8027;0.8052;0.7973;0.8001;409341000;0
HYDR;D;20210210;000000;0.8016;0.8038;0.7905;0.7925;432448000;0
HYDR;D;20210211;000000;0.7915;0.8025;0.7912;0.7972;294871000;0
HYDR;D;20210212;000000;0.798;0.8091;0.7887;0.809;411830000;0
HYDR;D;20210215;000000;0.81;0.8133;0.8045;0.8131;805751000;0
HYDR;D;20210216;000000;0.8135;0.816;0.8045;0.81;1177378000;0
HYDR;D;20210217;000000;0.81;0.8179;0.8057;0.811;989955000;0
HYDR;D;20210218;000000;0.8116;0.817;0.8063;0.8087;701090000;0
HYDR;D;20210219;000000;0.8073;0.8135;0.8009;0.8036;822763000;0
HYDR;D;20210220;000000;0.8038;0.8071;0.8007;0.8054;105825000;0
HYDR;D;20210222;000000;0.8043;0.8072;0.796;0.7976;375127000;0
HYDR;D;20210224;000000;0.796;0.796;0.7717;0.7789;1393651000;0
HYDR;D;20210225;000000;0.7801;0.7847;0.774;0.778;821249000;0
HYDR;D;20210226;000000;0.7723;0.7836;0.7698;0.7818;536956000;0
HYDR;D;20210301;000000;0.7854;0.7897;0.7805;0.7894;534886000;0
HYDR;D;20210302;000000;0.7876;0.8074;0.7848;0.8059;856989000;0
HYDR;D;20210303;000000;0.8086;0.81;0.7962;0.7985;516578000;0
HYDR;D;20210304;000000;0.7993;0.8075;0.7934;0.7956;470836000;0
HYDR;D;20210305;000000;0.8005;0.8166;0.795;0.8064;593416000;0
HYDR;D;20210309;000000;0.8085;0.8206;0.8045;0.8172;473531000;0
HYDR;D;20210310;000000;0.8194;0.8213;0.8075;0.8131;1089458000;0
HYDR;D;20210311;000000;0.8152;0.8188;0.805;0.8144;1106349000;0
HYDR;D;20210312;000000;0.814;0.815;0.8092;0.8132;259692000;0
HYDR;D;20210315;000000;0.8125;0.8175;0.8084;0.814;774423000;0
HYDR;D;20210316;000000;0.8135;0.8165;0.8077;0.8136;740079000;0
HYDR;D;20210317;000000;0.8136;0.818;0.8062;0.8146;606130000;0
HYDR;D;20210318;000000;0.8174;0.8174;0.8;0.807;783697000;0
HYDR;D;20210319;000000;0.809;0.8113;0.802;0.8068;639048000;0
HYDR;D;20210322;000000;0.8096;0.8153;0.806;0.811;380612000;0
HYDR;D;20210323;000000;0.81;0.8135;0.8049;0.8062;481139000;0
HYDR;D;20210324;000000;0.8103;0.8192;0.8052;0.8077;1299509000;0
HYDR;D;20210325;000000;0.8055;0.813;0.8027;0.8118;350623000;0
HYDR;D;20210326;000000;0.8135;0.8155;0.8081;0.8129;375412000;0
HYDR;D;20210329;000000;0.8105;0.8173;0.8039;0.8069;846849000;0
HYDR;D;20210330;000000;0.8065;0.817;0.8008;0.812;978306000;0
HYDR;D;20210331;000000;0.812;0.815;0.8104;0.8114;245126000;0
HYDR;D;20210401;000000;0.8149;0.8175;0.8074;0.8104;560217000;0
HYDR;D;20210402;000000;0.8125;0.8146;0.8092;0.8106;125635000;0
HYDR;D;20210405;000000;0.8106;0.8143;0.8063;0.8127;287791000;0
HYDR;D;20210406;000000;0.8149;0.8165;0.8071;0.8085;284902000;0
HYDR;D;20210407;000000;0.8098;0.8441;0.8055;0.8427;1459597000;0
HYDR;D;20210408;000000;0.8441;0.8521;0.8322;0.8378;1372186000;0
HYDR;D;20210409;000000;0.8389;0.842;0.8273;0.8312;393565000;0
HYDR;D;20210412;000000;0.83;0.834;0.819;0.8261;583363000;0
HYDR;D;20210413;000000;0.8261;0.8322;0.817;0.8264;1145767000;0
HYDR;D;20210414;000000;0.8306;0.8354;0.8265;0.8294;508943000;0
HYDR;D;20210415;000000;0.8176;0.8378;0.8176;0.8333;356014000;0
HYDR;D;20210416;000000;0.8317;0.8371;0.8257;0.8286;335312000;0
HYDR;D;20210419;000000;0.8294;0.83;0.8203;0.8225;174002000;0
HYDR;D;20210420;000000;0.8269;0.8283;0.8156;0.8177;427404000;0
HYDR;D;20210421;000000;0.8213;0.8237;0.812;0.8236;289535000;0
HYDR;D;20210422;000000;0.825;0.8269;0.8178;0.8194;234593000;0
HYDR;D;20210423;000000;0.8234;0.8414;0.8196;0.8408;425017000;0
HYDR;D;20210426;000000;0.8401;0.875;0.8401;0.872;947456000;0
HYDR;D;20210427;000000;0.8711;0.877;0.8462;0.8542;714898000;0
HYDR;D;20210428;000000;0.8542;0.8569;0.8332;0.8408;435181000;0
HYDR;D;20210429;000000;0.8413;0.8506;0.8377;0.8451;268028000;0
HYDR;D;20210430;000000;0.8451;0.8488;0.8202;0.8248;600517000;0
HYDR;D;20210504;000000;0.824;0.8276;0.8155;0.823;465318000;0
HYDR;D;20210505;000000;0.8244;0.8403;0.8221;0.8374;465342000;0
HYDR;D;20210506;000000;0.8394;0.843;0.8333;0.8422;207163000;0
HYDR;D;20210507;000000;0.8412;0.8453;0.8346;0.8435;235323000;0
HYDR;D;20210510;000000;0.8406;0.8428;0.823;0.8253;380765000;0
HYDR;D;20210511;000000;0.8223;0.8517;0.8222;0.8469;599881000;0
HYDR;D;20210512;000000;0.8492;0.8547;0.83;0.8329;624333000;0
HYDR;D;20210513;000000;0.8333;0.84;0.8227;0.8329;501154000;0
HYDR;D;20210514;000000;0.834;0.8354;0.827;0.8323;187354000;0
HYDR;D;20210517;000000;0.8278;0.8346;0.8252;0.8325;300656000;0
HYDR;D;20210518;000000;0.8397;0.841;0.83;0.8346;391581000;0
HYDR;D;20210519;000000;0.839;0.839;0.8205;0.826;325409000;0
HYDR;D;20210520;000000;0.8261;0.829;0.8165;0.8224;281865000;0
HYDR;D;20210521;000000;0.8238;0.8292;0.8195;0.821;243624000;0
HYDR;D;20210524;000000;0.8215;0.8449;0.8203;0.8365;420142000;0
HYDR;D;20210525;000000;0.8379;0.8391;0.8067;0.8192;584688000;0
HYDR;D;20210526;000000;0.821;0.8299;0.8188;0.8273;288829000;0
HYDR;D;20210527;000000;0.8273;0.8332;0.8169;0.8216;482241000;0
HYDR;D;20210528;000000;0.8235;0.837;0.8204;0.8326;498233000;0
HYDR;D;20210531;000000;0.8338;0.8637;0.8329;0.8602;954086000;0
HYDR;D;20210601;000000;0.8648;0.865;0.85;0.8567;549492000;0
HYDR;D;20210602;000000;0.8567;0.8585;0.8426;0.8487;553785000;0
HYDR;D;20210603;000000;0.854;0.854;0.842;0.8473;226387000;0
HYDR;D;20210604;000000;0.8474;0.8492;0.836;0.8443;271856000;0
HYDR;D;20210607;000000;0.8464;0.849;0.8405;0.8477;238307000;0
HYDR;D;20210608;000000;0.845;0.8535;0.8396;0.8434;360619000;0
HYDR;D;20210609;000000;0.8434;0.844;0.8331;0.8378;421932000;0
HYDR;D;20210610;000000;0.8395;0.84;0.8289;0.8341;510324000;0
HYDR;D;20210611;000000;0.8342;0.8415;0.8304;0.8386;361165000;0
HYDR;D;20210614;000000;0.8402;0.8458;0.8393;0.8422;294612000;0
HYDR;D;20210615;000000;0.8426;0.8548;0.8393;0.8504;606249000;0
HYDR;D;20210616;000000;0.8507;0.8564;0.8435;0.844;498227000;0
HYDR;D;20210617;000000;0.8438;0.852;0.8325;0.8461;829732000;0
HYDR;D;20210618;000000;0.8461;0.8519;0.831;0.8436;630954000;0
HYDR;D;20210621;000000;0.8409;0.8499;0.8395;0.8487;298688000;0
HYDR;D;20210622;000000;0.8487;0.8504;0.8415;0.8491;190787000;0
HYDR;D;20210623;000000;0.8492;0.8674;0.8492;0.8656;884524000;0
HYDR;D;20210624;000000;0.8661;0.872;0.8472;0.8596;820465000;0
HYDR;D;20210625;000000;0.8596;0.8647;0.8531;0.8627;321677000;0
HYDR;D;20210628;000000;0.8643;0.8708;0.8624;0.8684;339868000;0
HYDR;D;20210629;000000;0.8684;0.8694;0.8541;0.863;387952000;0
HYDR;D;20210630;000000;0.8617;0.8705;0.8561;0.8694;459262000;0
HYDR;D;20210701;000000;0.8707;0.875;0.8635;0.8678;667065000;0
HYDR;D;20210702;000000;0.8678;0.877;0.8638;0.874;360163000;0
HYDR;D;20210705;000000;0.876;0.8803;0.87;0.878;455797000;0
HYDR;D;20210706;000000;0.8742;0.8777;0.8637;0.8665;646013000;0
HYDR;D;20210707;000000;0.866;0.8684;0.8611;0.8662;915295000;0
HYDR;D;20210708;000000;0.8186;0.8263;0.815;0.825;1059374000;0
HYDR;D;20210709;000000;0.8289;0.835;0.823;0.8339;385083000;0
HYDR;D;20210712;000000;0.8349;0.8374;0.8282;0.8346;350018000;0
HYDR;D;20210713;000000;0.8346;0.836;0.8274;0.8279;297446000;0
HYDR;D;20210714;000000;0.8282;0.83;0.82;0.8213;246460000;0
HYDR;D;20210715;000000;0.821;0.8261;0.8118;0.8156;310586000;0
HYDR;D;20210716;000000;0.8189;0.8202;0.8109;0.8115;203820000;0
HYDR;D;20210719;000000;0.8107;0.8166;0.7732;0.782;1069201000;0
HYDR;D;20210720;000000;0.784;0.7895;0.7771;0.7877;518867000;0
HYDR;D;20210721;000000;0.79;0.8062;0.786;0.8049;418333000;0
HYDR;D;20210722;000000;0.8049;0.8049;0.7922;0.7981;263129000;0
HYDR;D;20210723;000000;0.8;0.8013;0.7867;0.7963;303209000;0
HYDR;D;20210726;000000;0.7901;0.8035;0.7901;0.8008;237742000;0
HYDR;D;20210727;000000;0.803;0.8045;0.793;0.7997;228076000;0
HYDR;D;20210728;000000;0.7993;0.8119;0.7993;0.8101;263272000;0
HYDR;D;20210729;000000;0.8113;0.823;0.8072;0.8196;276423000;0
HYDR;D;20210730;000000;0.817;0.8233;0.8062;0.8125;346013000;0
HYDR;D;20210802;000000;0.81;0.8299;0.81;0.8221;418389000;0
HYDR;D;20210803;000000;0.822;0.8295;0.8176;0.8271;357115000;0
HYDR;D;20210804;000000;0.8271;0.8319;0.8192;0.8237;294334000;0
HYDR;D;20210805;000000;0.8225;0.8295;0.8141;0.8292;237904000;0
HYDR;D;20210806;000000;0.8293;0.8297;0.8204;0.8212;171731000;0
HYDR;D;20210809;000000;0.8203;0.8318;0.8182;0.824;271313000;0
HYDR;D;20210810;000000;0.8269;0.8356;0.8235;0.8329;229090000;0
HYDR;D;20210811;000000;0.8316;0.846;0.8316;0.8418;401706000;0
HYDR;D;20210812;000000;0.841;0.8442;0.8351;0.8398;215651000;0
HYDR;D;20210813;000000;0.8398;0.84;0.8292;0.8327;194143000;0
HYDR;D;20210816;000000;0.831;0.8349;0.827;0.8305;172393000;0
HYDR;D;20210817;000000;0.83;0.8327;0.821;0.8228;282457000;0
HYDR;D;20210818;000000;0.8229;0.8263;0.8202;0.8214;174695000;0
HYDR;D;20210819;000000;0.8199;0.8273;0.8146;0.8222;425192000;0
HYDR;D;20210820;000000;0.824;0.8288;0.8196;0.8264;229194000;0
HYDR;D;20210823;000000;0.8288;0.8327;0.8235;0.8284;196561000;0
HYDR;D;20210824;000000;0.8328;0.8333;0.8258;0.8293;169877000;0
HYDR;D;20210825;000000;0.8293;0.8321;0.8266;0.8277;125044000;0
HYDR;D;20210826;000000;0.83;0.835;0.8216;0.823;250282000;0
HYDR;D;20210827;000000;0.8243;0.829;0.8225;0.8278;213348000;0
HYDR;D;20210830;000000;0.829;0.8298;0.8231;0.8248;234312000;0
HYDR;D;20210831;000000;0.8252;0.8266;0.8203;0.8212;289164000;0
HYDR;D;20210901;000000;0.8231;0.8249;0.813;0.8232;339345000;0
HYDR;D;20210902;000000;0.825;0.8252;0.8187;0.8207;217420000;0
HYDR;D;20210903;000000;0.822;0.822;0.8125;0.8191;479974000;0
HYDR;D;20210906;000000;0.8207;0.8215;0.8106;0.815;356005000;0
HYDR;D;20210907;000000;0.8171;0.8184;0.8033;0.817;331509000;0
HYDR;D;20210908;000000;0.8151;0.8211;0.803;0.8189;490561000;0
HYDR;D;20210909;000000;0.8142;0.8184;0.8037;0.804;244954000;0
HYDR;D;20210910;000000;0.812;0.8151;0.8064;0.808;146299000;0
HYDR;D;20210913;000000;0.8099;0.8194;0.8074;0.817;276020000;0
HYDR;D;20210914;000000;0.817;0.8186;0.808;0.8114;344068000;0
HYDR;D;20210915;000000;0.8115;0.8209;0.8115;0.8207;298458000;0
HYDR;D;20210916;000000;0.8207;0.828;0.8206;0.8269;414979000;0
HYDR;D;20210917;000000;0.8282;0.8323;0.8133;0.8175;962383000;0
HYDR;D;20210920;000000;0.814;0.8168;0.8051;0.8083;312060000;0
HYDR;D;20210921;000000;0.8146;0.8177;0.81;0.8158;242805000;0
HYDR;D;20210922;000000;0.8161;0.8218;0.8111;0.8156;314220000;0
HYDR;D;20210923;000000;0.818;0.8188;0.8095;0.8108;219197000;0
HYDR;D;20210924;000000;0.808;0.8128;0.808;0.8111;182415000;0
HYDR;D;20210927;000000;0.8139;0.8154;0.8085;0.811;142870000;0
HYDR;D;20210928;000000;0.8126;0.8154;0.8055;0.806;259873000;0
HYDR;D;20210929;000000;0.8031;0.8139;0.8031;0.8087;252379000;0
HYDR;D;20210930;000000;0.8095;0.8119;0.8053;0.8098;216704000;0
HYDR;D;20211001;000000;0.8079;0.8129;0.8055;0.811;233078000;0
HYDR;D;20211004;000000;0.8128;0.8128;0.8019;0.8045;208778000;0
HYDR;D;20211005;000000;0.8026;0.8137;0.802;0.8124;551660000;0
HYDR;D;20211006;000000;0.8125;0.8154;0.8002;0.8037;377490000;0
HYDR;D;20211007;000000;0.8041;0.8098;0.8027;0.8083;281814000;0
HYDR;D;20211008;000000;0.8088;0.81;0.802;0.8078;252135000;0
HYDR;D;20211011;000000;0.8045;0.8163;0.8035;0.815;591900000;0
HYDR;D;20211012;000000;0.8128;0.8176;0.81;0.8146;481778000;0
HYDR;D;20211013;000000;0.8141;0.8175;0.8088;0.816;343273000;0
HYDR;D;20211014;000000;0.817;0.8408;0.8166;0.8365;891302000;0
HYDR;D;20211015;000000;0.8389;0.8428;0.8312;0.8379;392146000;0
HYDR;D;20211018;000000;0.8393;0.845;0.8353;0.8409;362013000;0
HYDR;D;20211019;000000;0.843;0.858;0.8339;0.8437;785423000;0
HYDR;D;20211020;000000;0.8449;0.8453;0.8345;0.838;290278000;0
HYDR;D;20211021;000000;0.838;0.838;0.821;0.8225;341401000;0
HYDR;D;20211022;000000;0.8226;0.836;0.8158;0.832;519560000;0
HYDR;D;20211025;000000;0.8306;0.8354;0.8187;0.831;396994000;0
HYDR;D;20211026;000000;0.8298;0.8436;0.8279;0.843;563419000;0
HYDR;D;20211027;000000;0.84;0.8401;0.8301;0.8318;150547000;0
HYDR;D;20211028;000000;0.8313;0.8319;0.8231;0.8277;313364000;0
HYDR;D;20211029;000000;0.827;0.8315;0.8131;0.8169;442867000;0
HYDR;D;20211101;000000;0.817;0.8228;0.8155;0.822;223572000;0
HYDR;D;20211102;000000;0.8227;0.8257;0.8182;0.82;147570000;0
HYDR;D;20211103;000000;0.8186;0.8237;0.8141;0.8162;363588000;0
HYDR;D;20211105;000000;0.8157;0.8253;0.8143;0.8237;268777000;0
HYDR;D;20211108;000000;0.8247;0.828;0.8171;0.8194;198198000;0
HYDR;D;20211109;000000;0.8215;0.827;0.8175;0.8228;230734000;0
HYDR;D;20211110;000000;0.8249;0.8264;0.8115;0.8144;409123000;0
HYDR;D;20211111;000000;0.8122;0.822;0.8084;0.82;246056000;0
HYDR;D;20211112;000000;0.8205;0.8212;0.8023;0.8113;413868000;0
HYDR;D;20211115;000000;0.8113;0.8221;0.8091;0.8148;186367000;0
HYDR;D;20211116;000000;0.8151;0.826;0.8127;0.8177;390609000;0
HYDR;D;20211117;000000;0.819;0.8193;0.81;0.8131;330824000;0
HYDR;D;20211118;000000;0.8134;0.8196;0.8076;0.8113;275775000;0
HYDR;D;20211119;000000;0.814;0.8168;0.8;0.806;416297000;0
HYDR;D;20211122;000000;0.805;0.8152;0.8006;0.8058;594652000;0
HYDR;D;20211123;000000;0.802;0.8168;0.782;0.7957;1060189000;0
HYDR;D;20211124;000000;0.7957;0.8165;0.79;0.7989;563535000;0
HYDR;D;20211125;000000;0.8;0.8115;0.7863;0.7917;667809000;0
HYDR;D;20211126;000000;0.7824;0.7879;0.7571;0.7605;734862000;0
HYDR;D;20211129;000000;0.7718;0.7758;0.7559;0.7617;467469000;0
HYDR;D;20211130;000000;0.7559;0.7597;0.7272;0.7367;799924000;0
HYDR;D;20211201;000000;0.7399;0.7513;0.737;0.7462;539207000;0
HYDR;D;20211202;000000;0.743;0.7619;0.743;0.7604;326336000;0
HYDR;D;20211203;000000;0.7614;0.7625;0.7461;0.7556;274562000;0
HYDR;D;20211206;000000;0.7602;0.768;0.7356;0.7463;286541000;0
HYDR;D;20211207;000000;0.7463;0.7679;0.7432;0.7634;381876000;0
HYDR;D;20211208;000000;0.7635;0.7722;0.7469;0.7523;414027000;0
HYDR;D;20211209;000000;0.7515;0.7546;0.7393;0.7438;439878000;0
HYDR;D;20211210;000000;0.7422;0.7446;0.7294;0.7376;363569000;0
HYDR;D;20211213;000000;0.738;0.7439;0.71;0.7115;631646000;0
HYDR;D;20211214;000000;0.7141;0.7232;0.6786;0.7191;671762000;0
HYDR;D;20211215;000000;0.7154;0.729;0.7154;0.7284;319568000;0
HYDR;D;20211216;000000;0.7291;0.7475;0.725;0.7391;494933000;0
HYDR;D;20211217;000000;0.741;0.7416;0.7288;0.7322;384952000;0
HYDR;D;20211220;000000;0.729;0.732;0.7149;0.7242;261900000;0
HYDR;D;20211221;000000;0.7337;0.734;0.723;0.7276;354048000;0
HYDR;D;20211222;000000;0.7304;0.7304;0.7167;0.7167;591311000;0
HYDR;D;20211223;000000;0.7145;0.721;0.712;0.7188;612717000;0
HYDR;D;20211224;000000;0.72;0.7211;0.7153;0.7189;273467000;0
HYDR;D;20211227;000000;0.7189;0.7259;0.7174;0.7228;341139000;0
HYDR;D;20211228;000000;0.7217;0.7322;0.7191;0.7204;448078000;0
HYDR;D;20211229;000000;0.7239;0.7346;0.7181;0.7301;434708000;0
HYDR;D;20211230;000000;0.7319;0.745;0.7256;0.7435;473175000;0
HYDR;D;20220103;000000;0.7435;0.7518;0.7409;0.7493;190312000;0
HYDR;D;20220104;000000;0.7493;0.7614;0.7456;0.7577;259268000;0
HYDR;D;20220105;000000;0.7578;0.76;0.732;0.7341;234764000;0
HYDR;D;20220106;000000;0.732;0.754;0.7264;0.7477;306509000;0
HYDR;D;20220107;000000;0;0;0;0;0;0
HYDR;D;20220110;000000;0.75;0.7553;0.7366;0.7437;370313000;0
HYDR;D;20220111;000000;0.7449;0.7537;0.7408;0.7521;429336000;0
HYDR;D;20220112;000000;0.75;0.7531;0.7447;0.7516;302509000;0
HYDR;D;20220113;000000;0.7501;0.7569;0.7222;0.7314;484994000;0
HYDR;D;20220114;000000;0.73;0.7397;0.7093;0.7326;863684000;0
HYDR;D;20220117;000000;0.7326;0.7376;0.7207;0.7293;459968000;0
HYDR;D;20220118;000000;0.7305;0.7316;0.685;0.7005;801403000;0
HYDR;D;20220119;000000;0.7005;0.7223;0.6788;0.7173;769337000;0
HYDR;D;20220120;000000;0.7145;0.7286;0.7068;0.7138;546494000;0
HYDR;D;20220121;000000;0.713;0.7236;0.704;0.7098;624282000;0
HYDR;D;20220124;000000;0.7125;0.717;0.6658;0.7017;1248746000;0
HYDR;D;20220125;000000;0.7024;0.724;0.6894;0.7174;717694000;0
HYDR;D;20220126;000000;0.7152;0.7216;0.6981;0.7;659727000;0
HYDR;D;20220127;000000;0.703;0.747;0.694;0.7417;1343430000;0
HYDR;D;20220128;000000;0.7425;0.7525;0.7264;0.7295;440680000;0
HYDR;D;20220131;000000;0.7336;0.743;0.7305;0.7359;289934000;0
HYDR;D;20220201;000000;0.7372;0.7418;0.7092;0.7207;650033000;0
HYDR;D;20220202;000000;0.7207;0.7313;0.7161;0.7253;378098000;0
HYDR;D;20220203;000000;0.721;0.7296;0.711;0.7252;355540000;0
HYDR;D;20220204;000000;0.7221;0.7446;0.7221;0.7398;387086000;0
HYDR;D;20220207;000000;0.7398;0.7469;0.7342;0.7443;245313000;0
HYDR;D;20220208;000000;0.7414;0.76;0.7414;0.7551;384033000;0
HYDR;D;20220209;000000;0.7594;0.7764;0.7555;0.7739;581932000;0
HYDR;D;20220210;000000;0.7741;0.775;0.7559;0.7574;359977000;0
HYDR;D;20220211;000000;0.7574;0.7638;0.7234;0.7268;614615000;0
HYDR;D;20220214;000000;0.727;0.7373;0.7122;0.7276;658512000;0
HYDR;D;20220215;000000;0.729;0.7548;0.7262;0.7542;652340000;0
HYDR;D;20220216;000000;0.7549;0.7636;0.7492;0.7613;576188000;0
HYDR;D;20220217;000000;0.7629;0.7629;0.74;0.7503;705609000;0
HYDR;D;20220218;000000;0.7533;0.7722;0.7352;0.7478;1279594000;0
HYDR;D;20220221;000000;0.7478;0.768;0.6285;0.655;2970826000;0
HYDR;D;20220222;000000;0.655;0.7524;0.616;0.7379;2427282000;0
HYDR;D;20220223;000000;0;0;0;0;0;0
HYDR;D;20220224;000000;0.6631;0.6989;0.5532;0.6186;892699000;0
HYDR;D;20220225;000000;0.6477;0.72;0.612;0.6542;837551000;0
HYDR;D;20220228;000000;0;0;0;0;0;0
HYDR;D;20220301;000000;0;0;0;0;0;0
HYDR;D;20220302;000000;0;0;0;0;0;0
HYDR;D;20220303;000000;0;0;0;0;0;0
HYDR;D;20220304;000000;0;0;0;0;0;0
HYDR;D;20220309;000000;0;0;0;0;0;0
HYDR;D;20220310;000000;0;0;0;0;0;0
HYDR;D;20220311;000000;0;0;0;0;0;0
HYDR;D;20220314;000000;0;0;0;0;0;0
HYDR;D;20220315;000000;0;0;0;0;0;0
HYDR;D;20220316;000000;0;0;0;0;0;0
HYDR;D;20220317;000000;0;0;0;0;0;0
HYDR;D;20220318;000000;0;0;0;0;0;0
HYDR;D;20220321;000000;0;0;0;0;0;0
HYDR;D;20220322;000000;0;0;0;0;0;0
HYDR;D;20220323;000000;0;0;0;0;0;0
HYDR;D;20220324;000000;0.66;0.698;0.66;0.6815;683796000;0
HYDR;D;20220325;000000;0.69;0.6975;0.6795;0.6795;134704000;0
HYDR;D;20220328;000000;0.6795;0.68;0.6301;0.6303;88830000;0
HYDR;D;20220329;000000;0.6303;0.6404;0.565;0.62;261311000;0
HYDR;D;20220330;000000;0.6271;0.65;0.6103;0.6455;164983000;0
HYDR;D;20220331;000000;0.658;0.7169;0.6467;0.7135;215815000;0
HYDR;D;20220401;000000;0.7113;0.77;0.7113;0.7665;352733000;0
HYDR;D;20220404;000000;0.7613;0.7887;0.75;0.755;511318000;0
HYDR;D;20220405;000000;0.7552;0.7599;0.711;0.75;621436000;0
HYDR;D;20220406;000000;0.75;0.78;0.7354;0.777;573876000;0
HYDR;D;20220407;000000;0.771;0.788;0.77;0.78;257395000;0
HYDR;D;20220408;000000;0.78;0.782;0.752;0.78;331776000;0
HYDR;D;20220411;000000;0.7805;0.785;0.761;0.7702;180423000;0
HYDR;D;20220412;000000;0.7703;0.7915;0.763;0.7915;314392000;0
HYDR;D;20220413;000000;0.7926;0.795;0.78;0.781;67930000;0
HYDR;D;20220414;000000;0.777;0.779;0.76;0.7699;193755000;0
HYDR;D;20220415;000000;0.7635;0.79;0.762;0.79;106513000;0
HYDR;D;20220418;000000;0.7905;0.7977;0.78;0.7807;63687000;0
HYDR;D;20220419;000000;0.78;0.795;0.7653;0.7928;221474000;0
HYDR;D;20220420;000000;0.7928;0.7979;0.7883;0.7921;115712000;0
HYDR;D;20220421;000000;0.7904;0.7975;0.7636;0.783;136570000;0
HYDR;D;20220422;000000;0.78;0.7851;0.7681;0.7747;66999000;0
HYDR;D;20220425;000000;0.7727;0.7817;0.766;0.7815;64057000;0
HYDR;D;20220426;000000;0.782;0.792;0.7725;0.79;301361000;0
HYDR;D;20220427;000000;0.79;0.796;0.785;0.787;168178000;0
HYDR;D;20220428;000000;0.787;0.802;0.7751;0.797;406445000;0
HYDR;D;20220429;000000;0.8;0.811;0.7964;0.8026;137528000;0
HYDR;D;20220504;000000;0.8027;0.8108;0.7904;0.8;62847000;0
HYDR;D;20220505;000000;0.803;0.8074;0.8;0.8;40914000;0
HYDR;D;20220506;000000;0.8019;0.8039;0.795;0.8;88005000;0
HYDR;D;20220511;000000;0.8001;0.8066;0.79;0.8;122106000;0
HYDR;D;20220512;000000;0.8033;0.8042;0.792;0.801;92795000;0
HYDR;D;20220513;000000;0.7992;0.802;0.781;0.8;62217000;0
HYDR;D;20220516;000000;0.7976;0.8051;0.787;0.8008;47968000;0
HYDR;D;20220517;000000;0.8008;0.8075;0.8;0.8;51455000;0
HYDR;D;20220518;000000;0.8;0.805;0.796;0.8;64643000;0
HYDR;D;20220519;000000;0.7975;0.802;0.7906;0.7945;30197000;0
HYDR;D;20220520;000000;0.7995;0.7998;0.7712;0.778;68236000;0
HYDR;D;20220523;000000;0.7839;0.7839;0.7407;0.7464;77769000;0
HYDR;D;20220524;000000;0.7465;0.7586;0.7216;0.7472;101720000;0
HYDR;D;20220525;000000;0.75;0.7575;0.7473;0.75;65535000;0
HYDR;D;20220526;000000;0.752;0.797;0.75;0.7916;88612000;0
HYDR;D;20220527;000000;0.79;0.8;0.79;0.7969;59301000;0
HYDR;D;20220530;000000;0.801;0.811;0.7985;0.7995;90259000;0
HYDR;D;20220531;000000;0.7995;0.802;0.783;0.802;82731000;0
HYDR;D;20220601;000000;0.8088;0.8223;0.802;0.8223;158850000;0
HYDR;D;20220602;000000;0.8223;0.83;0.781;0.7975;213544000;0
HYDR;D;20220603;000000;0.7986;0.856;0.7811;0.854;1008982000;0
HYDR;D;20220606;000000;0.8562;0.859;0.805;0.82;374239000;0
HYDR;D;20220607;000000;0.82;0.8219;0.7978;0.815;112956000;0
HYDR;D;20220608;000000;0.815;0.835;0.815;0.8203;133166000;0
HYDR;D;20220609;000000;0.8233;0.8248;0.801;0.8065;100990000;0
HYDR;D;20220610;000000;0.807;0.8183;0.7919;0.7945;84144000;0
HYDR;D;20220614;000000;0.806;0.808;0.7677;0.777;456991000;0
HYDR;D;20220615;000000;0.795;0.8;0.7711;0.7863;281542000;0
HYDR;D;20220616;000000;0.7857;0.796;0.7805;0.792;126386000;0
HYDR;D;20220617;000000;0.7927;0.7946;0.781;0.785;68214000;0
HYDR;D;20220620;000000;0.789;0.803;0.7842;0.803;122609000;0
HYDR;D;20220621;000000;0.8049;0.808;0.797;0.7972;70976000;0
HYDR;D;20220622;000000;0.8016;0.81;0.7975;0.8006;77195000;0
HYDR;D;20220623;000000;0.8012;0.803;0.7907;0.7998;45873000;0
HYDR;D;20220624;000000;0.795;0.8068;0.795;0.802;51618000;0
HYDR;D;20220627;000000;0.8023;0.8115;0.8006;0.8099;67197000;0
HYDR;D;20220628;000000;0.8099;0.8144;0.7985;0.8001;82833000;0
HYDR;D;20220629;000000;0.8;0.803;0.784;0.8005;70742000;0
HYDR;D;20220630;000000;0.8029;0.804;0.7789;0.7846;185704000;0
HYDR;D;20220701;000000;0.7849;0.8074;0.7781;0.8001;175224000;0
HYDR;D;20220704;000000;0.803;0.8073;0.795;0.7998;74518000;0
HYDR;D;20220705;000000;0.7982;0.8026;0.7906;0.8004;99062000;0
HYDR;D;20220706;000000;0.8004;0.8069;0.7928;0.8052;137526000;0
HYDR;D;20220707;000000;0.7565;0.7989;0.7482;0.797;434965000;0
HYDR;D;20220708;000000;0.7901;0.803;0.7863;0.803;122541000;0
HYDR;D;20220711;000000;0.8015;0.803;0.7942;0.8025;86492000;0
HYDR;D;20220712;000000;0.7976;0.8069;0.7905;0.801;110599000;0
HYDR;D;20220713;000000;0.7986;0.801;0.7905;0.7941;56143000;0
HYDR;D;20220714;000000;0.7906;0.7936;0.78;0.7893;71342000;0
HYDR;D;20220715;000000;0.7893;0.7981;0.783;0.798;52804000;0
HYDR;D;20220718;000000;0.7979;0.799;0.7718;0.7777;74048000;0
HYDR;D;20220719;000000;0.7828;0.7868;0.75;0.7598;82344000;0
HYDR;D;20220720;000000;0.7607;0.77;0.7465;0.7505;73200000;0
HYDR;D;20220721;000000;0.7519;0.752;0.7232;0.7328;88260000;0
HYDR;D;20220722;000000;0.7328;0.75;0.7301;0.742;63278000;0
HYDR;D;20220725;000000;0.745;0.7743;0.7437;0.7703;147284000;0
HYDR;D;20220726;000000;0.773;0.7898;0.765;0.787;147949000;0
HYDR;D;20220727;000000;0.79;0.7973;0.7713;0.7738;93823000;0
HYDR;D;20220728;000000;0.7748;0.79;0.756;0.7619;120847000;0
HYDR;D;20220729;000000;0.7719;0.7836;0.7635;0.7701;158468000;0
HYDR;D;20220801;000000;0.765;0.7769;0.75;0.75;87516000;0
HYDR;D;20220802;000000;0.7502;0.7635;0.7444;0.75;84916000;0
HYDR;D;20220803;000000;0.7477;0.7569;0.741;0.7447;58414000;0
HYDR;D;20220804;000000;0.7447;0.746;0.7272;0.7277;72904000;0
HYDR;D;20220805;000000;0.7297;0.735;0.72;0.722;82771000;0
HYDR;D;20220808;000000;0.74;0.7575;0.7345;0.7517;183857000;0
HYDR;D;20220809;000000;0.7517;0.7568;0.75;0.755;65240000;0
HYDR;D;20220810;000000;0.757;0.768;0.756;0.7613;67578000;0
HYDR;D;20220811;000000;0.765;0.7669;0.7498;0.7498;68125000;0
HYDR;D;20220812;000000;0.7493;0.814;0.744;0.801;778098000;0
HYDR;D;20220815;000000;0.7943;0.8045;0.7785;0.7846;260324000;0
HYDR;D;20220816;000000;0.7857;0.8031;0.7847;0.7947;103524000;0
HYDR;D;20220817;000000;0.7947;0.8095;0.792;0.808;133906000;0
HYDR;D;20220818;000000;0.808;0.8099;0.7931;0.7952;71934000;0
HYDR;D;20220819;000000;0.7944;0.7985;0.7871;0.7983;70605000;0
HYDR;D;20220822;000000;0.796;0.8053;0.7943;0.8;113953000;0
HYDR;D;20220823;000000;0.8;0.82;0.798;0.8108;193237000;0
HYDR;D;20220824;000000;0.8108;0.8199;0.8;0.8;116246000;0
HYDR;D;20220825;000000;0.8011;0.8131;0.8;0.8112;89871000;0
HYDR;D;20220826;000000;0.812;0.8188;0.8114;0.8169;69008000;0
HYDR;D;20220829;000000;0.8198;0.8275;0.7995;0.8025;229358000;0
HYDR;D;20220830;000000;0.801;0.8098;0.7995;0.8;102868000;0
HYDR;D;20220831;000000;0.805;0.815;0.8;0.8004;116484000;0
HYDR;D;20220901;000000;0.8004;0.8037;0.7863;0.8;123188000;0
HYDR;D;20220902;000000;0.8;0.805;0.7992;0.8029;52489000;0
HYDR;D;20220905;000000;0.798;0.81;0.7901;0.8036;115834000;0
HYDR;D;20220906;000000;0.8055;0.8149;0.8;0.803;144202000;0
HYDR;D;20220907;000000;0.8027;0.8046;0.799;0.8003;95717000;0
HYDR;D;20220908;000000;0.8017;0.8017;0.7892;0.79;144599000;0
HYDR;D;20220909;000000;0.7939;0.794;0.781;0.7868;149321000;0
HYDR;D;20220912;000000;0.7905;0.7916;0.785;0.7888;99197000;0
HYDR;D;20220913;000000;0.7901;0.8;0.787;0.7945;108030000;0
HYDR;D;20220914;000000;0.7937;0.805;0.7913;0.8009;112828000;0
HYDR;D;20220915;000000;0.8015;0.812;0.799;0.803;100079000;0
HYDR;D;20220916;000000;0.8012;0.8051;0.7952;0.799;45271000;0
HYDR;D;20220919;000000;0.7977;0.804;0.785;0.7894;57158000;0
HYDR;D;20220920;000000;0.792;0.792;0.7442;0.7634;208514000;0
HYDR;D;20220921;000000;0.7447;0.783;0.7232;0.745;297760000;0
HYDR;D;20220922;000000;0.7452;0.7652;0.7301;0.7452;416599000;0
HYDR;D;20220923;000000;0.7475;0.7494;0.7005;0.7203;274649000;0
HYDR;D;20220926;000000;0.7073;0.7149;0.646;0.674;498125000;0
HYDR;D;20220927;000000;0.685;0.7038;0.6733;0.6948;332778000;0
HYDR;D;20220928;000000;0.6844;0.7115;0.6811;0.6868;433887000;0
HYDR;D;20220929;000000;0.694;0.6989;0.673;0.6856;467779000;0
HYDR;D;20220930;000000;0.6892;0.702;0.6609;0.6906;466443000;0
HYDR;D;20221003;000000;0.6861;0.692;0.67;0.6851;532935000;0
HYDR;D;20221004;000000;0.6856;0.69;0.6661;0.6698;188143000;0
HYDR;D;20221005;000000;0.669;0.6737;0.648;0.6613;251466000;0
HYDR;D;20221006;000000;0.6614;0.662;0.6506;0.6541;157615000;0
HYDR;D;20221007;000000;0.6561;0.6582;0.635;0.6363;127287000;0
HYDR;D;20221010;000000;0.6231;0.6825;0.6231;0.6804;288221000;0
HYDR;D;20221011;000000;0.6842;0.7174;0.6809;0.7011;424309000;0
HYDR;D;20221012;000000;0.705;0.7083;0.6822;0.6906;153070000;0
HYDR;D;20221013;000000;0.6875;0.6978;0.683;0.6852;146804000;0
HYDR;D;20221014;000000;0.6853;0.6916;0.6753;0.6863;119245000;0
HYDR;D;20221017;000000;0.6901;0.718;0.689;0.7137;148946000;0
HYDR;D;20221018;000000;0.7148;0.7194;0.6955;0.7085;172752000;0
HYDR;D;20221019;000000;0.7085;0.7173;0.7;0.7173;180576000;0
HYDR;D;20221020;000000;0.72;0.761;0.718;0.7362;466637000;0
HYDR;D;20221021;000000;0.7365;0.7473;0.727;0.7421;197295000;0
HYDR;D;20221024;000000;0.7418;0.7556;0.7403;0.7505;184161000;0
HYDR;D;20221025;000000;0.7523;0.7854;0.7505;0.7757;289929000;0
HYDR;D;20221026;000000;0.7819;0.79;0.7704;0.78;233378000;0
HYDR;D;20221027;000000;0.7834;0.788;0.7752;0.7796;219339000;0
HYDR;D;20221028;000000;0.7796;0.7796;0.7557;0.7701;201659000;0
HYDR;D;20221031;000000;0.7701;0.7836;0.7667;0.7733;130978000;0
HYDR;D;20221101;000000;0.78;0.781;0.771;0.7734;59292000;0
HYDR;D;20221102;000000;0.7726;0.7861;0.7714;0.7816;127869000;0
HYDR;D;20221103;000000;0.776;0.7964;0.7703;0.7913;157849000;0
HYDR;D;20221107;000000;0.7996;0.804;0.7952;0.7997;132100000;0
HYDR;D;20221108;000000;0.8001;0.8049;0.792;0.797;95854000;0
HYDR;D;20221109;000000;0.7976;0.801;0.7833;0.7893;99295000;0
HYDR;D;20221110;000000;0.787;0.8;0.787;0.7966;80426000;0
HYDR;D;20221111;000000;0.7966;0.8014;0.79;0.7932;80273000;0
HYDR;D;20221114;000000;0.7923;0.7964;0.78;0.785;91859000;0
HYDR;D;20221115;000000;0.7853;0.7892;0.7601;0.7674;124810000;0
HYDR;D;20221116;000000;0.77;0.7778;0.764;0.7708;66081000;0
HYDR;D;20221117;000000;0.7719;0.772;0.7555;0.7622;99856000;0
HYDR;D;20221118;000000;0.758;0.7709;0.7573;0.7645;55476000;0
HYDR;D;20221121;000000;0.7699;0.7699;0.75;0.7554;65648000;0
HYDR;D;20221122;000000;0.755;0.76;0.7513;0.7551;43944000;0
HYDR;D;20221123;000000;0.7557;0.7647;0.75;0.7617;55811000;0
HYDR;D;20221124;000000;0.765;0.765;0.76;0.7611;27912000;0
HYDR;D;20221125;000000;0.762;0.764;0.754;0.7635;38876000;0
HYDR;D;20221128;000000;0.7615;0.7788;0.7572;0.766;243916000;0
HYDR;D;20221129;000000;0.765;0.7709;0.7563;0.7596;62715000;0
HYDR;D;20221130;000000;0.759;0.7594;0.75;0.755;73837000;0
HYDR;D;20221201;000000;0.7559;0.7575;0.751;0.7518;43783000;0
HYDR;D;20221202;000000;0.7501;0.7536;0.7414;0.7424;80642000;0
HYDR;D;20221205;000000;0.7401;0.753;0.7355;0.7474;91033000;0
HYDR;D;20221206;000000;0.7476;0.7516;0.7374;0.7397;66408000;0
HYDR;D;20221207;000000;0.7373;0.7429;0.7306;0.7375;58012000;0
HYDR;D;20221208;000000;0.74;0.7459;0.731;0.7328;63786000;0
HYDR;D;20221209;000000;0.734;0.7434;0.7332;0.7362;48469000;0
HYDR;D;20221212;000000;0.7409;0.7521;0.737;0.7497;72144000;0
HYDR;D;20221213;000000;0.7499;0.7555;0.743;0.7474;54077000;0
HYDR;D;20221214;000000;0.7474;0.7474;0.7182;0.7333;141381000;0
HYDR;D;20221215;000000;0.7319;0.7332;0.7031;0.7097;244833000;0
HYDR;D;20221216;000000;0.7097;0.7353;0.7066;0.7248;147276000;0
HYDR;D;20221219;000000;0.7232;0.7343;0.721;0.7242;82571000;0
HYDR;D;20221220;000000;0.7211;0.7499;0.7211;0.7421;94512000;0
HYDR;D;20221221;000000;0.744;0.7607;0.7415;0.7493;101351000;0
HYDR;D;20221222;000000;0.7507;0.7544;0.7402;0.7433;48135000;0
HYDR;D;20221223;000000;0.741;0.7439;0.705;0.7329;106143000;0
HYDR;D;20221226;000000;0.7328;0.747;0.7328;0.7452;41293000;0
HYDR;D;20221227;000000;0.745;0.7564;0.739;0.7549;80870000;0
HYDR;D;20221228;000000;0.7551;0.7673;0.7478;0.7607;103332000;0
HYDR;D;20221229;000000;0.7595;0.762;0.755;0.7578;34644000;0
HYDR;D;20221230;000000;0.7614;0.7637;0.7535;0.7625;41601000;0
HYDR;D;20230103;000000;0.762;0.7742;0.7603;0.7708;43185000;0
HYDR;D;20230104;000000;0.774;0.774;0.7613;0.7641;26011000;0
HYDR;D;20230105;000000;0.761;0.7672;0.7575;0.7632;19157000;0
HYDR;D;20230106;000000;0.7586;0.7691;0.7561;0.7608;51629000;0
HYDR;D;20230109;000000;0.7608;0.7647;0.7555;0.7632;44313000;0
HYDR;D;20230110;000000;0.7665;0.7665;0.749;0.7597;91260000;0
HYDR;D;20230111;000000;0.7602;0.771;0.757;0.7694;83141000;0
HYDR;D;20230112;000000;0.7684;0.7697;0.76;0.7609;42927000;0
HYDR;D;20230113;000000;0.7644;0.7644;0.7523;0.7614;50823000;0
HYDR;D;20230116;000000;0.762;0.7693;0.759;0.7678;75871000;0
HYDR;D;20230117;000000;0.7678;0.7732;0.7582;0.76;74159000;0
HYDR;D;20230118;000000;0.759;0.7691;0.7546;0.7617;48972000;0
HYDR;D;20230119;000000;0.765;0.765;0.7526;0.7543;49767000;0
HYDR;D;20230120;000000;0.753;0.762;0.753;0.758;34843000;0
HYDR;D;20230123;000000;0.7561;0.7691;0.7561;0.7666;42485000;0
HYDR;D;20230124;000000;0.7691;0.7702;0.759;0.7621;82887000;0
HYDR;D;20230125;000000;0.7621;0.764;0.758;0.7623;32013000;0
HYDR;D;20230126;000000;0.763;0.764;0.756;0.7605;33479000;0
HYDR;D;20230127;000000;0.7615;0.7849;0.7518;0.778;156591000;0
HYDR;D;20230130;000000;0.7818;0.792;0.779;0.785;181283000;0
HYDR;D;20230131;000000;0.7884;0.7884;0.781;0.7838;63928000;0
HYDR;D;20230201;000000;0.7805;0.7856;0.7804;0.7818;45654000;0
HYDR;D;20230202;000000;0.7826;0.7845;0.7741;0.7784;82477000;0
HYDR;D;20230203;000000;0.7751;0.7835;0.7751;0.7815;63519000;0
HYDR;D;20230206;000000;0.7814;0.79;0.7763;0.7866;75011000;0
HYDR;D;20230207;000000;0.788;0.7897;0.7834;0.7857;30917000;0
HYDR;D;20230208;000000;0.7859;0.7933;0.783;0.7873;81604000;0
HYDR;D;20230209;000000;0.7873;0.7921;0.784;0.791;38413000;0
HYDR;D;20230210;000000;0.7919;0.7927;0.7854;0.7862;59048000;0
HYDR;D;20230213;000000;0.7919;0.797;0.7864;0.7942;59976000;0
HYDR;D;20230214;000000;0.7967;0.7967;0.7784;0.7812;93369000;0
HYDR;D;20230215;000000;0.7804;0.7866;0.754;0.7638;161269000;0
HYDR;D;20230216;000000;0.7631;0.7824;0.7631;0.7761;82789000;0
HYDR;D;20230217;000000;0.7736;0.7843;0.765;0.7835;185749000;0
HYDR;D;20230220;000000;0.7865;0.7905;0.78;0.7861;80259000;0
HYDR;D;20230221;000000;0.786;0.8032;0.786;0.7891;104721000;0
HYDR;D;20230222;000000;0.7886;0.7948;0.783;0.7936;37598000;0
HYDR;D;20230224;000000;0.7936;0.7966;0.788;0.7907;25417000;0
HYDR;D;20230227;000000;0.7912;0.7972;0.7875;0.7898;67356000;0
HYDR;D;20230228;000000;0.7915;0.7917;0.7806;0.7867;64897000;0
HYDR;D;20230301;000000;0.7866;0.7925;0.7866;0.7891;39567000;0
HYDR;D;20230302;000000;0.7877;0.7925;0.7861;0.7881;52835000;0
HYDR;D;20230303;000000;0.7897;0.794;0.782;0.791;114452000;0
HYDR;D;20230306;000000;0.7915;0.794;0.7872;0.7885;55085000;0
HYDR;D;20230307;000000;0.7903;0.7903;0.7861;0.7879;34869000;0
HYDR;D;20230309;000000;0.7879;0.7892;0.7796;0.7819;49982000;0
HYDR;D;20230310;000000;0.7819;0.7842;0.7719;0.7809;51428000;0
HYDR;D;20230313;000000;0.7809;0.7889;0.7755;0.7799;51437000;0
HYDR;D;20230314;000000;0.7784;0.7803;0.775;0.7783;33926000;0
HYDR;D;20230315;000000;0.7783;0.7784;0.771;0.7754;55710000;0
HYDR;D;20230316;000000;0.7748;0.778;0.7665;0.7765;87801000;0
HYDR;D;20230317;000000;0.7765;0.785;0.7742;0.7763;65323000;0
HYDR;D;20230320;000000;0.778;0.7884;0.7704;0.7864;82207000;0
HYDR;D;20230321;000000;0.7871;0.7871;0.784;0.7854;59143000;0
HYDR;D;20230322;000000;0.7854;0.7896;0.7853;0.7876;77237000;0
HYDR;D;20230323;000000;0.7862;0.7915;0.7842;0.7903;89688000;0
HYDR;D;20230324;000000;0.79;0.8;0.7892;0.794;82839000;0
HYDR;D;20230327;000000;0.7951;0.8357;0.793;0.8177;597501000;0
HYDR;D;20230328;000000;0.8228;0.8245;0.8051;0.8111;91828000;0
HYDR;D;20230329;000000;0.812;0.8344;0.8066;0.8163;221440000;0
HYDR;D;20230330;000000;0.8163;0.826;0.8101;0.8231;66265000;0
HYDR;D;20230331;000000;0.8232;0.8247;0.815;0.821;59954000;0
HYDR;D;20230403;000000;0.8244;0.8442;0.8235;0.8397;176588000;0
HYDR;D;20230404;000000;0.8426;0.8476;0.8282;0.8282;142100000;0
HYDR;D;20230405;000000;0.8284;0.8966;0.8213;0.8564;1545853000;0
HYDR;D;20230406;000000;0.8564;0.86;0.8377;0.847;182507000;0
HYDR;D;20230407;000000;0.8497;0.852;0.838;0.84;100325000;0
HYDR;D;20230410;000000;0.839;0.855;0.8283;0.8411;190753000;0
HYDR;D;20230411;000000;0.8413;0.843;0.825;0.827;142257000;0
HYDR;D;20230412;000000;0.8336;0.8336;0.824;0.8335;40918000;0
HYDR;D;20230413;000000;0.8338;0.8338;0.8262;0.8288;36808000;0
HYDR;D;20230414;000000;0.8313;0.8328;0.8265;0.829;39706000;0
HYDR;D;20230417;000000;0.8338;0.842;0.8328;0.8368;60934000;0
HYDR;D;20230418;000000;0.8373;0.8444;0.8325;0.8402;70948000;0
HYDR;D;20230419;000000;0.841;0.8429;0.8148;0.8238;168802000;0
HYDR;D;20230420;000000;0.8238;0.8297;0.8092;0.8229;161434000;0
HYDR;D;20230421;000000;0.8229;0.831;0.8203;0.8265;65665000;0
HYDR;D;20230424;000000;0.8229;0.8366;0.8205;0.8294;108966000;0
HYDR;D;20230425;000000;0.8305;0.84;0.825;0.8304;103610000;0
HYDR;D;20230426;000000;0.8305;0.8405;0.828;0.8335;116339000;0
HYDR;D;20230427;000000;0.8335;0.8346;0.8236;0.8309;67987000;0
HYDR;D;20230428;000000;0.8349;0.835;0.8257;0.8274;66919000;0
HYDR;D;20230502;000000;0.8275;0.8325;0.8143;0.8146;72122000;0
HYDR;D;20230503;000000;0.8146;0.8146;0.7945;0.7999;117935000;0
HYDR;D;20230504;000000;0.7999;0.8037;0.7897;0.7963;60631000;0
HYDR;D;20230505;000000;0.7986;0.7986;0.7926;0.7958;25275000;0
HYDR;D;20230508;000000;0.7955;0.7988;0.789;0.7955;19636000;0
HYDR;D;20230510;000000;0.7945;0.8099;0.7933;0.8082;45129000;0
HYDR;D;20230511;000000;0.8097;0.83;0.7939;0.8019;130667000;0
HYDR;D;20230512;000000;0.8098;0.8098;0.7951;0.7998;63961000;0
HYDR;D;20230515;000000;0.8021;0.8164;0.8;0.8163;73661000;0
HYDR;D;20230516;000000;0.816;0.839;0.8125;0.8342;141256000;0
HYDR;D;20230517;000000;0.835;0.8383;0.8272;0.8328;74721000;0
HYDR;D;20230518;000000;0.832;0.8395;0.8318;0.8361;59523000;0
HYDR;D;20230519;000000;0.8356;0.8386;0.822;0.8297;84213000;0
HYDR;D;20230522;000000;0.83;0.8331;0.8149;0.8204;56766000;0
HYDR;D;20230523;000000;0.8243;0.83;0.8118;0.825;57594000;0
HYDR;D;20230524;000000;0.8268;0.8268;0.8113;0.8167;54504000;0
HYDR;D;20230525;000000;0.8168;0.824;0.8124;0.8179;41887000;0
HYDR;D;20230526;000000;0.8179;0.8353;0.8179;0.8328;75698000;0
HYDR;D;20230529;000000;0.8363;0.86;0.8331;0.8583;226615000;0
HYDR;D;20230530;000000;0.8559;0.8662;0.8452;0.8507;298824000;0
HYDR;D;20230531;000000;0.855;0.855;0.8447;0.8482;128831000;0
HYDR;D;20230601;000000;0.8473;0.855;0.8455;0.85;78182000;0
HYDR;D;20230602;000000;0.8482;0.8879;0.837;0.8795;545947000;0
HYDR;D;20230605;000000;0.8883;0.894;0.8552;0.8591;217573000;0
HYDR;D;20230606;000000;0.8539;0.8717;0.8477;0.8678;95564000;0
HYDR;D;20230607;000000;0.874;0.8928;0.8722;0.8898;218643000;0
HYDR;D;20230608;000000;0.8909;0.9;0.8721;0.8807;233861000;0
HYDR;D;20230609;000000;0.878;0.8806;0.8655;0.8716;72553000;0
HYDR;D;20230613;000000;0.8721;0.8789;0.8721;0.8749;78896000;0
HYDR;D;20230614;000000;0.8768;0.8815;0.8585;0.8711;139303000;0
HYDR;D;20230615;000000;0.874;0.8802;0.8643;0.8751;151114000;0
HYDR;D;20230616;000000;0.8751;0.8765;0.8697;0.8734;43567000;0
HYDR;D;20230619;000000;0.8749;0.879;0.8568;0.8643;219337000;0
HYDR;D;20230620;000000;0.8623;0.865;0.8568;0.8606;114020000;0
HYDR;D;20230621;000000;0.8606;0.8644;0.8568;0.8618;67613000;0
HYDR;D;20230622;000000;0.8618;0.8631;0.8505;0.8573;68017000;0
HYDR;D;20230623;000000;0.855;0.858;0.8282;0.8301;202033000;0
HYDR;D;20230626;000000;0.835;0.8481;0.834;0.8422;117291000;0
HYDR;D;20230627;000000;0.8422;0.8535;0.838;0.8521;64434000;0
HYDR;D;20230628;000000;0.8526;0.8637;0.8492;0.8583;85416000;0
HYDR;D;20230629;000000;0.8613;0.8614;0.8513;0.8582;71874000;0
HYDR;D;20230630;000000;0.8585;0.8698;0.8573;0.8632;184708000;0
HYDR;D;20230703;000000;0.8661;0.8667;0.8539;0.8563;116655000;0
HYDR;D;20230704;000000;0.8526;0.8581;0.8441;0.8508;108176000;0
HYDR;D;20230705;000000;0.8508;0.851;0.8429;0.8491;98272000;0
HYDR;D;20230706;000000;0.847;0.8512;0.8372;0.84;141271000;0
HYDR;D;20230707;000000;0.8311;0.8423;0.8282;0.841;260896000;0
HYDR;D;20230710;000000;0.809;0.8345;0.8025;0.8337;340259000;0
HYDR;D;20230711;000000;0.8349;0.8416;0.824;0.8293;134322000;0
HYDR;D;20230712;000000;0.8267;0.8298;0.825;0.829;92838000;0
HYDR;D;20230713;000000;0.829;0.8318;0.826;0.8277;76959000;0
HYDR;D;20230714;000000;0.829;0.8308;0.8251;0.8286;53601000;0
HYDR;D;20230717;000000;0.826;0.8361;0.8252;0.833;108258000;0
HYDR;D;20230718;000000;0.833;0.8461;0.8318;0.8437;167608000;0
HYDR;D;20230719;000000;0.849;0.8497;0.84;0.8478;117429000;0
HYDR;D;20230720;000000;0.848;0.8483;0.8251;0.8289;138696000;0
HYDR;D;20230721;000000;0.826;0.843;0.826;0.8398;63961000;0
HYDR;D;20230724;000000;0.843;0.8554;0.8415;0.8467;250319000;0
HYDR;D;20230725;000000;0.847;0.848;0.8382;0.8426;201467000;0
HYDR;D;20230726;000000;0.844;0.8443;0.8333;0.8413;97619000;0
HYDR;D;20230727;000000;0.8413;0.8495;0.8393;0.8423;145844000;0
HYDR;D;20230728;000000;0.844;0.8459;0.8371;0.8392;100488000;0
HYDR;D;20230731;000000;0.8411;0.87;0.839;0.8698;465176000;0
HYDR;D;20230801;000000;0.8706;0.8782;0.8519;0.861;376394000;0
HYDR;D;20230802;000000;0.8612;0.8625;0.8502;0.8541;217018000;0
HYDR;D;20230803;000000;0.856;0.9691;0.8441;0.9548;3100264000;0
HYDR;D;20230804;000000;0.9603;0.9738;0.8948;0.9099;1432927000;0
HYDR;D;20230807;000000;0.9163;0.9391;0.8871;0.8904;603607000;0
HYDR;D;20230808;000000;0.891;0.8921;0.8611;0.8837;418906000;0
HYDR;D;20230809;000000;0.888;0.9128;0.885;0.8937;458858000;0
HYDR;D;20230810;000000;0.8951;0.9137;0.8884;0.9009;345812000;0
HYDR;D;20230811;000000;0.9009;0.92;0.89;0.9184;501082000;0
HYDR;D;20230814;000000;0.9348;0.9597;0.902;0.9077;1317879000;0
HYDR;D;20230815;000000;0.9021;0.9179;0.875;0.88;574496000;0
HYDR;D;20230816;000000;0.8834;0.9196;0.8604;0.8843;816690000;0
HYDR;D;20230817;000000;0.887;0.8944;0.869;0.8871;231605000;0
HYDR;D;20230818;000000;0.8871;0.8944;0.88;0.8922;203996000;0
HYDR;D;20230821;000000;0.9;0.9131;0.8929;0.9037;310787000;0
HYDR;D;20230822;000000;0.904;0.9074;0.8902;0.9003;184528000;0
HYDR;D;20230823;000000;0.9049;0.9049;0.875;0.8783;213674000;0
HYDR;D;20230824;000000;0.8848;0.8989;0.88;0.8901;161134000;0
HYDR;D;20230825;000000;0.8901;0.8984;0.8877;0.8931;162161000;0
HYDR;D;20230828;000000;0.8912;0.9261;0.8912;0.9258;289539000;0
HYDR;D;20230829;000000;0.9258;0.9465;0.9059;0.9151;835118000;0
HYDR;D;20230830;000000;0.918;0.94;0.9;0.9396;722991000;0
HYDR;D;20230831;000000;0.9446;0.9966;0.9292;0.9917;2433387000;0
HYDR;D;20230901;000000;0.9985;1.0037;0.97;0.9879;1421373000;0
HYDR;D;20230904;000000;0.9957;1.0344;0.9776;1.0257;1946563000;0
HYDR;D;20230905;000000;1.028;1.04;1.0013;1.0278;1320070000;0
HYDR;D;20230906;000000;1.027;1.0272;0.995;1;707345000;0
HYDR;D;20230907;000000;1.005;1.0051;0.94;0.9617;1298993000;0
HYDR;D;20230908;000000;0.9627;0.9828;0.9401;0.9577;1041698000;0
HYDR;D;20230911;000000;0.9437;0.9684;0.9211;0.9238;498307000;0
HYDR;D;20230912;000000;0.9302;0.9579;0.9294;0.951;600992000;0
HYDR;D;20230913;000000;0.953;0.953;0.9218;0.925;299044000;0
HYDR;D;20230914;000000;0.9266;0.9284;0.8654;0.8939;745995000;0
HYDR;D;20230915;000000;0.893;0.9182;0.885;0.9118;334912000;0
HYDR;D;20230918;000000;0.914;0.9257;0.8894;0.8956;311479000;0
HYDR;D;20230919;000000;0.896;0.8969;0.8432;0.8489;732053000;0
HYDR;D;20230920;000000;0.8491;0.8565;0.82;0.8432;673332000;0
HYDR;D;20230921;000000;0.8468;0.8482;0.8279;0.8374;289206000;0
HYDR;D;20230922;000000;0.838;0.8563;0.8276;0.8505;316527000;0
HYDR;D;20230925;000000;0.8583;0.8857;0.848;0.8781;517359000;0
HYDR;D;20230926;000000;0.878;0.878;0.866;0.8694;212634000;0
HYDR;D;20230927;000000;0.869;0.8917;0.869;0.8876;371380000;0
HYDR;D;20230928;000000;0.888;0.898;0.8782;0.8836;307215000;0
HYDR;D;20230929;000000;0.886;0.886;0.871;0.8734;211381000;0
HYDR;D;20231002;000000;0.8757;0.8789;0.8472;0.8526;642484000;0
HYDR;D;20231003;000000;0.8555;0.8555;0.828;0.8334;648839000;0
HYDR;D;20231004;000000;0.8334;0.8478;0.8334;0.8365;373702000;0
HYDR;D;20231005;000000;0.838;0.8413;0.83;0.8346;230885000;0
HYDR;D;20231006;000000;0.837;0.8389;0.8212;0.8364;387465000;0
HYDR;D;20231009;000000;0.8389;0.858;0.8352;0.8535;370149000;0
HYDR;D;20231010;000000;0.8535;0.8599;0.846;0.858;258408000;0
HYDR;D;20231011;000000;0.8594;0.865;0.8311;0.8376;459258000;0
HYDR;D;20231012;000000;0.8296;0.8468;0.8296;0.8387;222158000;0
HYDR;D;20231013;000000;0.8397;0.8445;0.838;0.8394;126408000;0
HYDR;D;20231016;000000;0.8445;0.8742;0.8375;0.8705;481949000;0
HYDR;D;20231017;000000;0.87;0.87;0.8562;0.8607;349045000;0
HYDR;D;20231018;000000;0.8609;0.8659;0.8482;0.8586;194018000;0
HYDR;D;20231019;000000;0.859;0.87;0.8481;0.8651;310467000;0
HYDR;D;20231020;000000;0.8651;0.8809;0.86;0.8731;639680000;0
HYDR;D;20231023;000000;0.8798;0.8888;0.8621;0.8729;561574000;0
HYDR;D;20231024;000000;0.876;0.8829;0.8653;0.8817;258956000;0
HYDR;D;20231025;000000;0.88;0.888;0.8742;0.8765;177538000;0
HYDR;D;20231026;000000;0.878;0.878;0.8488;0.8514;387839000;0
HYDR;D;20231027;000000;0.8549;0.8604;0.83;0.8401;527012000;0
HYDR;D;20231030;000000;0.84;0.8506;0.8362;0.8381;182873000;0
HYDR;D;20231031;000000;0.838;0.84;0.8155;0.8212;341877000;0
HYDR;D;20231101;000000;0.8191;0.8257;0.8133;0.8185;274548000;0
HYDR;D;20231102;000000;0.8185;0.8244;0.8062;0.812;370836000;0
HYDR;D;20231103;000000;0.8138;0.8194;0.803;0.8053;311217000;0
HYDR;D;20231106;000000;0.8057;0.8199;0.8057;0.8196;144096000;0
HYDR;D;20231107;000000;0.8196;0.8225;0.8138;0.815;122011000;0
HYDR;D;20231108;000000;0.8159;0.8221;0.8125;0.8174;121944000;0
HYDR;D;20231109;000000;0.8151;0.8195;0.8081;0.8147;124010000;0
HYDR;D;20231110;000000;0.8145;0.816;0.8048;0.8075;102017000;0
HYDR;D;20231113;000000;0.8073;0.8113;0.8017;0.8075;151687000;0
HYDR;D;20231114;000000;0.8072;0.8072;0.7809;0.7899;296681000;0
HYDR;D;20231115;000000;0.7899;0.7989;0.785;0.7911;162896000;0
HYDR;D;20231116;000000;0.794;0.7978;0.7768;0.7784;196014000;0
HYDR;D;20231117;000000;0.7821;0.7875;0.7707;0.7828;231191000;0
HYDR;D;20231120;000000;0.7863;0.8023;0.7835;0.7976;200110000;0
HYDR;D;20231121;000000;0.799;0.8018;0.7915;0.7972;112281000;0
HYDR;D;20231122;000000;0.7995;0.8055;0.792;0.7959;112534000;0
HYDR;D;20231123;000000;0.7959;0.7993;0.7825;0.7845;117539000;0
HYDR;D;20231124;000000;0.7855;0.7971;0.7855;0.7936;113530000;0
HYDR;D;20231127;000000;0.7938;0.818;0.7925;0.8082;507206000;0
HYDR;D;20231128;000000;0.8092;0.819;0.7957;0.8121;522930000;0
HYDR;D;20231129;000000;0.8125;0.8182;0.7905;0.8119;317278000;0
HYDR;D;20231130;000000;0.8119;0.8119;0.7931;0.795;172151000;0
HYDR;D;20231201;000000;0.7957;0.7995;0.7602;0.7632;420155000;0
HYDR;D;20231204;000000;0.762;0.7796;0.7505;0.7541;298897000;0
HYDR;D;20231205;000000;0.7577;0.7693;0.7355;0.7626;269086000;0
HYDR;D;20231206;000000;0.7654;0.766;0.7291;0.7296;273696000;0
HYDR;D;20231207;000000;0.7318;0.733;0.7035;0.7151;556380000;0
HYDR;D;20231208;000000;0.7151;0.7231;0.714;0.7171;129123000;0
HYDR;D;20231211;000000;0.72;0.72;0.703;0.7084;158369000;0
HYDR;D;20231212;000000;0.7103;0.7225;0.7028;0.7141;175708000;0
HYDR;D;20231213;000000;0.7145;0.7457;0.7143;0.7279;380331000;0
HYDR;D;20231214;000000;0.7279;0.735;0.7071;0.7096;167715000;0
HYDR;D;20231215;000000;0.7096;0.7313;0.7096;0.7282;139333000;0
HYDR;D;20231218;000000;0.729;0.7422;0.729;0.7368;165093000;0
HYDR;D;20231219;000000;0.7428;0.7428;0.7333;0.7383;169492000;0
HYDR;D;20231220;000000;0.7383;0.7428;0.735;0.736;134739000;0
HYDR;D;20231221;000000;0.7373;0.7381;0.7173;0.7243;198758000;0
HYDR;D;20231222;000000;0.7274;0.7397;0.7243;0.7256;322041000;0
HYDR;D;20231225;000000;0.731;0.7314;0.7174;0.72;216418000;0
HYDR;D;20231226;000000;0.7201;0.7249;0.7142;0.7171;192288000;0
HYDR;D;20231227;000000;0.718;0.7289;0.7152;0.7209;296173000;0
HYDR;D;20231228;000000;0.721;0.7234;0.7085;0.7093;236217000;0
HYDR;D;20231229;000000;0.7098;0.715;0.7095;0.7113;153634000;0
HYDR;D;20240103;000000;0.7114;0.7358;0.7114;0.7328;279853000;0
HYDR;D;20240104;000000;0.7328;0.7445;0.731;0.7409;206667000;0
HYDR;D;20240105;000000;0.744;0.744;0.7285;0.7356;180705000;0
HYDR;D;20240108;000000;0.7356;0.7543;0.7356;0.7482;298216000;0
HYDR;D;20240109;000000;0.7485;0.76;0.7457;0.759;409882000;0
HYDR;D;20240110;000000;0.759;0.7684;0.7552;0.7577;268715000;0
HYDR;D;20240111;000000;0.76;0.7663;0.748;0.7634;216754000;0
HYDR;D;20240112;000000;0.7654;0.7656;0.758;0.7601;117081000;0
HYDR;D;20240115;000000;0.762;0.7622;0.7534;0.7579;158029000;0
HYDR;D;20240116;000000;0.7589;0.759;0.747;0.75;175584000;0
HYDR;D;20240117;000000;0.752;0.7562;0.7492;0.7538;93894000;0
HYDR;D;20240118;000000;0.7538;0.7612;0.7526;0.7575;192764000;0
HYDR;D;20240119;000000;0.7575;0.7606;0.7534;0.7565;103691000;0
HYDR;D;20240122;000000;0.7594;0.7731;0.7561;0.7702;286777000;0
HYDR;D;20240123;000000;0.7704;0.7749;0.7647;0.7692;157280000;0
HYDR;D;20240124;000000;0.7685;0.7815;0.7641;0.766;326557000;0
HYDR;D;20240125;000000;0.7684;0.7693;0.7531;0.7596;181278000;0
HYDR;D;20240126;000000;0.7622;0.7673;0.75;0.7513;164657000;0
HYDR;D;20240129;000000;0.7525;0.7965;0.7517;0.7965;1505301000;0
HYDR;D;20240130;000000;0.7965;0.7965;0.7781;0.79;564443000;0
HYDR;D;20240131;000000;0.791;0.7974;0.7802;0.7827;532673000;0
HYDR;D;20240201;000000;0.7827;0.7848;0.7688;0.772;464614000;0
HYDR;D;20240202;000000;0.7726;0.7736;0.7651;0.7663;188356000;0
HYDR;D;20240205;000000;0.7663;0.783;0.7661;0.7789;356869000;0
HYDR;D;20240206;000000;0.78;0.7821;0.77;0.7773;140051000;0
HYDR;D;20240207;000000;0.777;0.7816;0.7744;0.7755;120089000;0
HYDR;D;20240208;000000;0.7756;0.7781;0.7685;0.77;149801000;0
HYDR;D;20240209;000000;0.77;0.771;0.7573;0.7626;167932000;0
HYDR;D;20240212;000000;0.7626;0.7692;0.756;0.7667;155915000;0
HYDR;D;20240213;000000;0.7691;0.773;0.7618;0.7703;108199000;0
HYDR;D;20240214;000000;0.7706;0.7706;0.7636;0.7654;80024000;0
HYDR;D;20240215;000000;0.766;0.767;0.7573;0.7601;154109000;0
HYDR;D;20240216;000000;0.7615;0.7615;0.7372;0.7504;399189000;0
HYDR;D;20240219;000000;0.7504;0.7555;0.748;0.7507;123362000;0
HYDR;D;20240220;000000;0.753;0.753;0.7304;0.7351;290746000;0
HYDR;D;20240221;000000;0.7364;0.7411;0.7226;0.7317;377003000;0
HYDR;D;20240222;000000;0.7335;0.7371;0.7272;0.7302;137561000;0
HYDR;D;20240226;000000;0.7351;0.7445;0.7351;0.7388;129922000;0
HYDR;D;20240227;000000;0.7416;0.7469;0.7375;0.7455;114927000;0
HYDR;D;20240228;000000;0.7451;0.7598;0.7451;0.754;227190000;0
HYDR;D;20240229;000000;0.7543;0.759;0.75;0.7588;108038000;0
HYDR;D;20240301;000000;0.76;0.7641;0.7575;0.7613;117152000;0
HYDR;D;20240304;000000;0.7639;0.775;0.7632;0.7721;247532000;0
HYDR;D;20240305;000000;0.7725;0.7725;0.7603;0.7667;134161000;0
HYDR;D;20240306;000000;0.7667;0.784;0.7576;0.782;805206000;0
HYDR;D;20240307;000000;0.7835;0.789;0.7691;0.7777;405524000;0
HYDR;D;20240311;000000;0.7784;0.7827;0.7694;0.771;234500000;0
HYDR;D;20240312;000000;0.7713;0.7747;0.759;0.766;285368000;0
HYDR;D;20240313;000000;0.766;0.777;0.7644;0.7694;202047000;0
HYDR;D;20240314;000000;0.7718;0.7741;0.753;0.7573;177652000;0
HYDR;D;20240315;000000;0.7581;0.76;0.7465;0.7495;234466000;0
HYDR;D;20240318;000000;0.7518;0.7524;0.7466;0.7476;145493000;0
HYDR;D;20240319;000000;0.7467;0.7498;0.7342;0.737;230956000;0
HYDR;D;20240320;000000;0.7398;0.7398;0.7238;0.7267;418633000;0
HYDR;D;20240321;000000;0.728;0.733;0.7204;0.7287;311239000;0
HYDR;D;20240322;000000;0.7297;0.7388;0.7152;0.7205;406183000;0
HYDR;D;20240325;000000;0.7205;0.7345;0.7162;0.7267;438160000;0
HYDR;D;20240326;000000;0.731;0.7314;0.7196;0.7218;320009000;0
HYDR;D;20240327;000000;0.722;0.7248;0.718;0.7217;353499000;0
HYDR;D;20240328;000000;0.7215;0.7221;0.7154;0.7186;338962000;0
HYDR;D;20240329;000000;0.7188;0.7188;0.7144;0.7162;292046000;0
HYDR;D;20240401;000000;0.7163;0.7298;0.7162;0.726;484423000;0
HYDR;D;20240402;000000;0.7262;0.7379;0.7224;0.7351;433534000;0
HYDR;D;20240403;000000;0.7369;0.7473;0.735;0.7464;390535000;0
HYDR;D;20240404;000000;0.7464;0.7486;0.7306;0.7344;332801000;0
HYDR;D;20240405;000000;0.734;0.7388;0.7283;0.7337;197853000;0
HYDR;D;20240408;000000;0.7355;0.745;0.728;0.7312;496535000;0
HYDR;D;20240409;000000;0.7311;0.7405;0.7283;0.7336;372307000;0
HYDR;D;20240410;000000;0.7345;0.7386;0.7302;0.7369;167176000;0
HYDR;D;20240411;000000;0.7368;0.7385;0.7322;0.7326;129504000;0
HYDR;D;20240412;000000;0.7345;0.7399;0.7305;0.7321;170453000;0
HYDR;D;20240415;000000;0.7321;0.7379;0.7316;0.7333;171191000;0
HYDR;D;20240416;000000;0.7359;0.7427;0.7333;0.7382;268632000;0
HYDR;D;20240417;000000;0.7384;0.7416;0.7342;0.7381;151781000;0
HYDR;D;20240418;000000;0.7381;0.742;0.7344;0.7375;158305000;0
HYDR;D;20240419;000000;0.739;0.739;0.7342;0.7343;108855000;0
HYDR;D;20240422;000000;0.7345;0.739;0.7309;0.7361;180401000;0
HYDR;D;20240423;000000;0.7379;0.7385;0.7216;0.7219;349205000;0
HYDR;D;20240424;000000;0.726;0.7289;0.7203;0.7241;164340000;0
HYDR;D;20240425;000000;0.7241;0.7278;0.7156;0.7225;227342000;0
HYDR;D;20240426;000000;0.7228;0.7251;0.7168;0.7233;191977000;0
HYDR;D;20240427;000000;0.724;0.7297;0.7203;0.721;192582000;0
HYDR;D;20240429;000000;0.7214;0.7277;0.7212;0.7258;81506000;0
HYDR;D;20240430;000000;0.7245;0.736;0.7245;0.7274;158367000;0
HYDR;D;20240502;000000;0.731;0.732;0.7203;0.7238;118869000;0
HYDR;D;20240503;000000;0.7262;0.7314;0.7227;0.7256;136715000;0
HYDR;D;20240506;000000;0.728;0.728;0.7205;0.7215;127424000;0
HYDR;D;20240507;000000;0.7216;0.7258;0.7216;0.7241;81550000;0
HYDR;D;20240508;000000;0.7265;0.7297;0.7242;0.7257;127197000;0
HYDR;D;20240510;000000;0.726;0.728;0.7255;0.7262;64505000;0
HYDR;D;20240513;000000;0.7263;0.7366;0.7258;0.7366;214073000;0
HYDR;D;20240514;000000;0.737;0.7393;0.7302;0.7336;173797000;0
HYDR;D;20240515;000000;0.7352;0.7377;0.7307;0.7318;125640000;0
HYDR;D;20240516;000000;0.7319;0.7367;0.7302;0.734;116641000;0
HYDR;D;20240517;000000;0.734;0.7413;0.733;0.735;214934000;0
HYDR;D;20240520;000000;0.7354;0.7416;0.7137;0.7203;376640000;0
HYDR;D;20240521;000000;0.72;0.7261;0.71;0.7197;246958000;0
HYDR;D;20240522;000000;0.72;0.7282;0.7178;0.7223;145555000;0
HYDR;D;20240523;000000;0.7243;0.7257;0.7162;0.722;135491000;0
HYDR;D;20240524;000000;0.722;0.725;0.696;0.6989;297784000;0
HYDR;D;20240527;000000;0.7045;0.7048;0.6649;0.6845;436574000;0
HYDR;D;20240528;000000;0.6868;0.6927;0.6706;0.6765;179026000;0
HYDR;D;20240529;000000;0.6769;0.6816;0.6669;0.6794;211384000;0
HYDR;D;20240530;000000;0.6795;0.6929;0.6413;0.6477;526894000;0
HYDR;D;20240531;000000;0.6495;0.6509;0.623;0.6317;405424000;0
HYDR;D;20240603;000000;0.6366;0.6527;0.6151;0.6424;548433000;0
HYDR;D;20240604;000000;0.645;0.6605;0.6425;0.6579;273529000;0
HYDR;D;20240605;000000;0.6604;0.6657;0.6499;0.6528;186107000;0
HYDR;D;20240606;000000;0.6572;0.6603;0.6461;0.6547;184177000;0
HYDR;D;20240607;000000;0.6555;0.6748;0.6438;0.6487;544899000;0
HYDR;D;20240610;000000;0.652;0.6579;0.635;0.6407;224055000;0
HYDR;D;20240611;000000;0.6406;0.6468;0.6218;0.6457;231327000;0
HYDR;D;20240613;000000;0.6243;0.6486;0.6121;0.6445;270340000;0
HYDR;D;20240614;000000;0.646;0.655;0.64;0.65;151806000;0
HYDR;D;20240617;000000;0.6567;0.6697;0.65;0.6632;346969000;0
HYDR;D;20240618;000000;0.665;0.6683;0.6486;0.6491;219835000;0
HYDR;D;20240619;000000;0.6492;0.6514;0.6313;0.6358;246915000;0
HYDR;D;20240620;000000;0.6358;0.6894;0.6358;0.6706;635204000;0
HYDR;D;20240621;000000;0.6732;0.6736;0.6622;0.6666;124571000;0
HYDR;D;20240624;000000;0.6666;0.6855;0.6638;0.6696;386312000;0
HYDR;D;20240625;000000;0.67;0.671;0.6522;0.6696;274291000;0
HYDR;D;20240626;000000;0.67;0.6729;0.6633;0.6683;169510000;0
HYDR;D;20240627;000000;0.6683;0.6696;0.6608;0.6658;123906000;0
HYDR;D;20240628;000000;0.669;0.6788;0.6628;0.6721;189936000;0
HYDR;D;20240701;000000;0.673;0.6754;0.6561;0.6622;384699000;0
HYDR;D;20240702;000000;0.6621;0.666;0.6582;0.661;207021000;0
HYDR;D;20240703;000000;0.6615;0.6639;0.6502;0.6503;167391000;0
HYDR;D;20240704;000000;0.6539;0.6585;0.6419;0.6457;294854000;0
HYDR;D;20240705;000000;0.646;0.6507;0.6352;0.6382;269560000;0
HYDR;D;20240708;000000;0.6382;0.6435;0.632;0.633;190672000;0
HYDR;D;20240709;000000;0.633;0.6339;0.6103;0.6112;250146000;0
HYDR;D;20240710;000000;0.6196;0.6196;0.5915;0.597;370416000;0
HYDR;D;20240711;000000;0.596;0.6195;0.5923;0.6177;222125000;0
HYDR;D;20240712;000000;0.6177;0.619;0.6037;0.6051;165204000;0
HYDR;D;20240715;000000;0.6057;0.6099;0.5754;0.5822;437047000;0
HYDR;D;20240716;000000;0.5836;0.5915;0.5637;0.5865;433179000;0
HYDR;D;20240717;000000;0.5868;0.5933;0.581;0.5881;259554000;0
HYDR;D;20240718;000000;0.5881;0.5998;0.5755;0.5995;413572000;0
HYDR;D;20240719;000000;0.5999;0.6039;0.5947;0.6007;208887000;0
HYDR;D;20240722;000000;0.605;0.6143;0.6;0.6112;289080000;0
HYDR;D;20240723;000000;0.6146;0.6148;0.6037;0.6101;141751000;0
HYDR;D;20240724;000000;0.6129;0.6216;0.6071;0.6111;181884000;0
HYDR;D;20240725;000000;0.6133;0.6136;0.607;0.6104;98501000;0
HYDR;D;20240726;000000;0.6103;0.6177;0.6005;0.6014;207392000;0
HYDR;D;20240729;000000;0.601;0.6043;0.5866;0.5913;250510000;0
HYDR;D;20240730;000000;0.59;0.5949;0.5857;0.5945;148895000;0
HYDR;D;20240731;000000;0.5945;0.6123;0.5913;0.6064;388865000;0
HYDR;D;20240801;000000;0.6064;0.6084;0.6001;0.6003;117712000;0
HYDR;D;20240802;000000;0.6;0.6049;0.596;0.6008;126239000;0
HYDR;D;20240805;000000;0.59;0.6075;0.5805;0.5874;341714000;0
HYDR;D;20240806;000000;0.592;0.5954;0.5829;0.5903;123777000;0
HYDR;D;20240807;000000;0.5903;0.5987;0.5818;0.5953;158630000;0
HYDR;D;20240808;000000;0.5961;0.5987;0.5868;0.5868;133787000;0
HYDR;D;20240809;000000;0.5868;0.5954;0.5868;0.5925;77199000;0
HYDR;D;20240812;000000;0.5925;0.5975;0.5865;0.5948;135252000;0
HYDR;D;20240813;000000;0.5944;0.6113;0.5936;0.6089;300069000;0
HYDR;D;20240814;000000;0.609;0.62;0.5979;0.601;415254000;0
HYDR;D;20240815;000000;0.602;0.6066;0.5968;0.5981;116634000;0
HYDR;D;20240816;000000;0.6009;0.6018;0.5926;0.5939;154694000;0
HYDR;D;20240819;000000;0.5949;0.6032;0.5941;0.5962;195840000;0
HYDR;D;20240820;000000;0.598;0.6007;0.5914;0.5935;123903000;0
HYDR;D;20240821;000000;0.5935;0.6001;0.5905;0.5993;129490000;0
HYDR;D;20240822;000000;0.5993;0.6013;0.5735;0.5778;255826000;0
HYDR;D;20240823;000000;0.5779;0.58;0.5397;0.552;608267000;0
HYDR;D;20240826;000000;0.5775;0.5775;0.5565;0.5704;276475000;0
HYDR;D;20240827;000000;0.5724;0.58;0.551;0.5545;206944000;0
HYDR;D;20240828;000000;0.5521;0.5545;0.5299;0.538;436860000;0
HYDR;D;20240829;000000;0.54;0.5431;0.5212;0.5336;352524000;0
HYDR;D;20240830;000000;0.5336;0.5344;0.5157;0.5178;273017000;0
HYDR;D;20240902;000000;0.5155;0.5167;0.486;0.4925;448256000;0
HYDR;D;20240903;000000;0.4926;0.5055;0.4773;0.4906;510991000;0
HYDR;D;20240904;000000;0.4906;0.5118;0.49;0.509;302335000;0
HYDR;D;20240905;000000;0.5126;0.5196;0.5025;0.5045;416223000;0
HYDR;D;20240906;000000;0.505;0.5093;0.4982;0.508;131276000;0
HYDR;D;20240909;000000;0.5129;0.5299;0.51;0.5251;308375000;0
HYDR;D;20240910;000000;0.5257;0.5267;0.5104;0.5152;155050000;0
HYDR;D;20240911;000000;0.5137;0.5173;0.5062;0.5067;104876000;0
HYDR;D;20240912;000000;0.5052;0.5096;0.5007;0.5077;124452000;0
HYDR;D;20240913;000000;0.506;0.515;0.493;0.5149;186341000;0
HYDR;D;20240916;000000;0.518;0.5397;0.5132;0.5397;505763000;0
HYDR;D;20240917;000000;0.5417;0.553;0.5352;0.5492;264635000;0
HYDR;D;20240918;000000;0.5497;0.5539;0.537;0.5385;214673000;0
HYDR;D;20240919;000000;0.5398;0.5459;0.52;0.5343;590563000;0
HYDR;D;20240920;000000;0.5355;0.5394;0.5315;0.534;207717000;0
HYDR;D;20240923;000000;0.5345;0.543;0.534;0.5415;245718000;0
HYDR;D;20240924;000000;0.5439;0.549;0.5376;0.548;282108000;0
HYDR;D;20240925;000000;0.5498;0.5498;0.5331;0.537;281130000;0
HYDR;D;20240926;000000;0.5388;0.5439;0.5263;0.5439;186691000;0
HYDR;D;20240927;000000;0.544;0.559;0.5432;0.5567;491880000;0
HYDR;D;20240930;000000;0.5599;0.5633;0.5387;0.54;445662000;0
HYDR;D;20241001;000000;0.544;0.544;0.5209;0.5279;340755000;0
HYDR;D;20241002;000000;0.5285;0.5355;0.513;0.5244;223816000;0
HYDR;D;20241003;000000;0.522;0.5303;0.5165;0.5303;151726000;0
HYDR;D;20241004;000000;0.5303;0.5409;0.5276;0.5346;200069000;0
HYDR;D;20241007;000000;0.5357;0.5396;0.5232;0.5277;112141000;0
HYDR;D;20241008;000000;0.5278;0.5366;0.5258;0.5342;110308000;0
HYDR;D;20241009;000000;0.5346;0.5374;0.5263;0.5281;113012000;0
HYDR;D;20241010;000000;0.53;0.5333;0.528;0.5314;97076000;0
HYDR;D;20241011;000000;0.5319;0.5345;0.5132;0.5145;214080000;0
HYDR;D;20241014;000000;0.5151;0.5445;0.5146;0.54;675018000;0
HYDR;D;20241015;000000;0.54;0.5449;0.5356;0.5436;225334000;0
HYDR;D;20241016;000000;0.545;0.5486;0.5337;0.5346;234659000;0
HYDR;D;20241017;000000;0.5342;0.535;0.5278;0.5308;146937000;0
HYDR;D;20241018;000000;0.5329;0.5335;0.5187;0.5202;246622000;0
HYDR;D;20241021;000000;0.5206;0.534;0.5206;0.5268;193461000;0
HYDR;D;20241022;000000;0.5292;0.5292;0.5155;0.5176;238102000;0
HYDR;D;20241023;000000;0.5176;0.5242;0.5085;0.5088;299927000;0
HYDR;D;20241024;000000;0.5092;0.5154;0.5045;0.513;212705000;0
HYDR;D;20241025;000000;0.5141;0.5166;0.5;0.5034;357420000;0
HYDR;D;20241028;000000;0.5002;0.5031;0.4841;0.4944;318766000;0
HYDR;D;20241029;000000;0.4944;0.5043;0.4914;0.5026;210521000;0
HYDR;D;20241030;000000;0.5052;0.5108;0.49;0.4921;229396000;0
HYDR;D;20241031;000000;0.4888;0.5107;0.4886;0.5021;498715000;0
HYDR;D;20241101;000000;0.5032;0.5081;0.4973;0.5044;151385000;0
HYDR;D;20241102;000000;0.506;0.506;0.4991;0.5023;59587000;0
HYDR;D;20241105;000000;0.5024;0.507;0.499;0.5026;162790000;0
HYDR;D;20241106;000000;0.5107;0.5228;0.5033;0.509;235074000;0
HYDR;D;20241107;000000;0.51;0.5128;0.495;0.5099;281028000;0
HYDR;D;20241108;000000;0.5138;0.5262;0.5073;0.5215;258086000;0
HYDR;D;20241111;000000;0.5298;0.5298;0.5157;0.5232;213089000;0
HYDR;D;20241112;000000;0.5232;0.5318;0.5157;0.5177;296969000;0
HYDR;D;20241113;000000;0.516;0.529;0.516;0.5211;282888000;0
HYDR;D;20241114;000000;0.521;0.5292;0.507;0.5123;265745000;0
HYDR;D;20241115;000000;0.5144;0.5234;0.5106;0.5225;140150000;0
HYDR;D;20241118;000000;0.515;0.5166;0.5103;0.5141;101418000;0
HYDR;D;20241119;000000;0.5146;0.5197;0.501;0.5035;160097000;0
HYDR;D;20241120;000000;0.5036;0.512;0.495;0.5028;224355000;0
HYDR;D;20241121;000000;0.5028;0.505;0.492;0.503;227605000;0
HYDR;D;20241122;000000;0.502;0.504;0.495;0.5019;123778000;0
HYDR;D;20241125;000000;0.5015;0.5069;0.4802;0.4821;275443000;0
HYDR;D;20241126;000000;0.4807;0.4898;0.4697;0.4712;297174000;0
HYDR;D;20241127;000000;0.4712;0.4955;0.4514;0.4927;514428000;0
HYDR;D;20241128;000000;0.4958;0.4963;0.4719;0.4862;330285000;0
HYDR;D;20241129;000000;0.4844;0.4948;0.4844;0.4856;151604000;0
HYDR;D;20241202;000000;0.4856;0.497;0.4856;0.497;121929000;0
HYDR;D;20241203;000000;0.4934;0.4957;0.4746;0.4772;182607000;0
HYDR;D;20241204;000000;0.4772;0.4828;0.4615;0.4648;225754000;0
HYDR;D;20241205;000000;0.4648;0.482;0.4554;0.4765;228470000;0
HYDR;D;20241206;000000;0.4765;0.4807;0.4678;0.4754;142793000;0
HYDR;D;20241209;000000;0.477;0.4876;0.4764;0.484;110492000;0
HYDR;D;20241210;000000;0.483;0.4845;0.4681;0.4697;110670000;0
HYDR;D;20241211;000000;0.4683;0.4698;0.463;0.4679;102166000;0
HYDR;D;20241212;000000;0.468;0.4706;0.4581;0.4581;114322000;0
HYDR;D;20241213;000000;0.4581;0.4613;0.4521;0.4573;201814000;0
HYDR;D;20241216;000000;0.4573;0.4584;0.4495;0.4498;203623000;0
HYDR;D;20241217;000000;0.4495;0.4554;0.4361;0.443;455283000;0
HYDR;D;20241218;000000;0.4431;0.4489;0.438;0.4465;248113000;0
HYDR;D;20241219;000000;0.4465;0.4678;0.4454;0.4647;860457000;0
HYDR;D;20241220;000000;0.4648;0.5129;0.4564;0.5002;885309000;0
HYDR;D;20241223;000000;0.5069;0.5198;0.4996;0.5085;380364000;0
HYDR;D;20241224;000000;0.5087;0.5119;0.4929;0.4989;219588000;0
HYDR;D;20241225;000000;0.4949;0.5044;0.4931;0.5025;233949000;0
HYDR;D;20241226;000000;0.5028;0.5053;0.4944;0.4984;275522000;0
HYDR;D;20241227;000000;0.4984;0.501;0.495;0.4996;179599000;0
HYDR;D;20241228;000000;0.502;0.5069;0.497;0.5052;288624000;0
HYDR;D;20241230;000000;0.511;0.5218;0.5027;0.5206;310679000;0
HYDR;D;20250103;000000;0.5211;0.5245;0.5094;0.514;214033000;0
HYDR;D;20250106;000000;0.513;0.5137;0.5036;0.5125;92497000;0
HYDR;D;20250108;000000;0.514;0.529;0.5114;0.5259;184904000;0
HYDR;D;20250109;000000;0.5295;0.53;0.5082;0.511;162346000;0
HYDR;D;20250110;000000;0.511;0.5254;0.5101;0.5247;181823000;0
HYDR;D;20250113;000000;0.5285;0.5335;0.517;0.522;278902000;0
HYDR;D;20250114;000000;0.522;0.5299;0.5182;0.522;144698000;0
HYDR;D;20250115;000000;0.522;0.5291;0.5164;0.5286;192369000;0
HYDR;D;20250116;000000;0.5305;0.55;0.5257;0.5364;436933000;0
HYDR;D;20250117;000000;0.5364;0.5527;0.5344;0.5513;254986000;0
HYDR;D;20250120;000000;0.56;0.56;0.5361;0.5369;377904000;0
HYDR;D;20250121;000000;0.5453;0.5453;0.5296;0.5419;128124000;0
HYDR;D;20250122;000000;0.5404;0.5544;0.5357;0.5473;242890000;0
HYDR;D;20250123;000000;0.55;0.5508;0.536;0.544;157745000;0
HYDR;D;20250124;000000;0.5462;0.5495;0.54;0.5405;206222000;0
HYDR;D;20250127;000000;0.5405;0.5456;0.5319;0.533;178186000;0
HYDR;D;20250128;000000;0.533;0.5499;0.5275;0.5498;210407000;0
HYDR;D;20250129;000000;0.5498;0.5822;0.5466;0.5787;2405717000;0
HYDR;D;20250130;000000;0.58;0.5856;0.5711;0.5797;1064823000;0
HYDR;D;20250131;000000;0.58;0.588;0.5681;0.5697;539237000;0
HYDR;D;20250203;000000;0.571;0.5759;0.5555;0.568;420756000;0
HYDR;D;20250204;000000;0.5675;0.5712;0.5537;0.5563;146734000;0
HYDR;D;20250205;000000;0.5579;0.5755;0.5521;0.573;259269000;0
HYDR;D;20250206;000000;0.574;0.5759;0.5638;0.5688;156872000;0
HYDR;D;20250207;000000;0.5688;0.5714;0.5618;0.5638;95911000;0
HYDR;D;20250210;000000;0.5699;0.5848;0.5656;0.5682;308986000;0
HYDR;D;20250211;000000;0.5682;0.5742;0.5309;0.5414;3944112000;0
HYDR;D;20250212;000000;0.5405;0.5569;0.5342;0.5554;1703083000;0
HYDR;D;20250213;000000;0.5582;0.5774;0.5459;0.5572;782355000;0
HYDR;D;20250214;000000;0.5466;0.5659;0.5407;0.5462;571226000;0
HYDR;D;20250217;000000;0.5508;0.5664;0.55;0.5658;365604000;0
HYDR;D;20250218;000000;0.5665;0.57;0.5518;0.5523;363699000;0
HYDR;D;20250219;000000;0.5523;0.5663;0.55;0.5599;195073000;0
HYDR;D;20250220;000000;0.5599;0.5644;0.555;0.5579;279850000;0
HYDR;D;20250221;000000;0.5608;0.5608;0.551;0.5584;321141000;0
HYDR;D;20250224;000000;0.5571;0.6034;0.5462;0.5922;1776618000;0
HYDR;D;20250225;000000;0.5901;0.599;0.5676;0.574;1720162000;0
HYDR;D;20250226;000000;0.575;0.5789;0.5556;0.5577;554355000;0
HYDR;D;20250227;000000;0.5564;0.56;0.5362;0.5364;1059053000;0
HYDR;D;20250228;000000;0.5365;0.5498;0.5301;0.5433;707722000;0
HYDR;D;20250303;000000;0.5465;0.5469;0.5257;0.5368;552991000;0
HYDR;D;20250304;000000;0.54;0.5525;0.5368;0.55;381020000;0
HYDR;D;20250305;000000;0.55;0.5596;0.543;0.5467;368015000;0
HYDR;D;20250306;000000;0.547;0.5535;0.5372;0.5439;242951000;0
HYDR;D;20250307;000000;0.5439;0.5484;0.5256;0.5327;469360000;0
HYDR;D;20250310;000000;0.5308;0.5358;0.5189;0.52;723263000;0
HYDR;D;20250311;000000;0.52;0.5266;0.5076;0.515;1188346000;0
HYDR;D;20250312;000000;0.514;0.519;0.51;0.5163;514414000;0
HYDR;D;20250313;000000;0.5169;0.5431;0.5026;0.5189;1645579000;0
HYDR;D;20250314;000000;0.518;0.5298;0.5116;0.5253;452151000;0
HYDR;D;20250317;000000;0.5253;0.5386;0.5223;0.5355;346498000;0
HYDR;D;20250318;000000;0.5355;0.5386;0.526;0.5279;430635000;0
HYDR;D;20250319;000000;0.528;0.5321;0.5207;0.5285;269333000;0
HYDR;D;20250320;000000;0.5285;0.5307;0.5104;0.5207;416741000;0
HYDR;D;20250321;000000;0.519;0.5226;0.5132;0.5159;153234000;0
HYDR;D;20250324;000000;0.5159;0.5188;0.5113;0.516;161489000;0
HYDR;D;20250325;000000;0.516;0.5213;0.5038;0.5156;260113000;0
HYDR;D;20250326;000000;0.5155;0.5184;0.507;0.5104;128898000;0
HYDR;D;20250327;000000;0.5104;0.5115;0.5007;0.5009;201294000;0
HYDR;D;20250328;000000;0.5015;0.5095;0.4935;0.5032;372762000;0
HYDR;D;20250331;000000;0.5033;0.5114;0.491;0.497;440803000;0
HYDR;D;20250401;000000;0.497;0.5184;0.492;0.4925;464841000;0
HYDR;D;20250402;000000;0.4931;0.5013;0.485;0.4975;621599000;0
HYDR;D;20250403;000000;0.498;0.504;0.4724;0.4807;518078000;0
HYDR;D;20250404;000000;0.485;0.4868;0.461;0.4616;483640000;0
HYDR;D;20250407;000000;0.4636;0.4709;0.4339;0.4562;1091551000;0
HYDR;D;20250408;000000;0.4512;0.4692;0.4427;0.444;454893000;0
HYDR;D;20250409;000000;0.4459;0.4685;0.4299;0.4629;725922000;0
HYDR;D;20250410;000000;0.4629;0.4755;0.449;0.4565;593742000;0
HYDR;D;20250411;000000;0.4587;0.4693;0.4566;0.4652;348152000;0
HYDR;D;20250414;000000;0.4653;0.4729;0.4521;0.456;289441000;0
HYDR;D;20250415;000000;0.4563;0.4618;0.4432;0.4501;356148000;0
HYDR;D;20250416;000000;0.4503;0.4577;0.4423;0.4525;310573000;0
HYDR;D;20250417;000000;0.4519;0.4589;0.4505;0.4566;293875000;0
HYDR;D;20250418;000000;0.4536;0.4565;0.4446;0.4512;236628000;0
HYDR;D;20250421;000000;0.4513;0.4635;0.4513;0.46;294392000;0
HYDR;D;20250422;000000;0.4619;0.4687;0.4559;0.4656;306333000;0
HYDR;D;20250423;000000;0.4656;0.4673;0.4535;0.4571;240250000;0
HYDR;D;20250424;000000;0.458;0.4698;0.456;0.461;340926000;0
HYDR;D;20250425;000000;0.4612;0.4899;0.4602;0.4862;1360791000;0
HYDR;D;20250428;000000;0.4918;0.4967;0.4742;0.4823;996646000;0
HYDR;D;20250429;000000;0.4815;0.4859;0.4727;0.4746;367665000;0
HYDR;D;20250430;000000;0.4755;0.4764;0.4631;0.4744;307074000;0
HYDR;D;20250502;000000;0.4758;0.476;0.4565;0.458;133215000;0
HYDR;D;20250505;000000;0.458;0.4709;0.448;0.455;332670000;0
HYDR;D;20250506;000000;0.4526;0.4679;0.4503;0.4617;177831000;0
HYDR;D;20250507;000000;0.4645;0.4669;0.4576;0.4638;127557000;0
HYDR;D;20250508;000000;0.4666;0.4697;0.464;0.4661;86533000;0
HYDR;D;20250512;000000;0.466;0.485;0.4644;0.4819;244921000;0
HYDR;D;20250513;000000;0.4819;0.4841;0.4756;0.4788;126218000;0
HYDR;D;20250514;000000;0.4804;0.4804;0.4656;0.4671;224829000;0
HYDR;D;20250515;000000;0.4685;0.4711;0.46;0.4652;196144000;0
HYDR;D;20250516;000000;0.4653;0.4716;0.4556;0.465;338571000;0
HYDR;D;20250519;000000;0.4654;0.4732;0.4595;0.4616;288837000;0
HYDR;D;20250520;000000;0.4639;0.4639;0.4563;0.4583;135566000;0
HYDR;D;20250521;000000;0.4575;0.4612;0.45;0.4504;152912000;0
HYDR;D;20250522;000000;0.4522;0.4535;0.4407;0.4453;262355000;0
HYDR;D;20250523;000000;0.4453;0.4542;0.4437;0.4529;205004000;0
HYDR;D;20250526;000000;0.4498;0.4509;0.4362;0.4392;355525000;0
HYDR;D;20250527;000000;0.4384;0.4458;0.4336;0.4446;188760000;0
HYDR;D;20250528;000000;0.4446;0.4584;0.4444;0.4555;299793000;0
HYDR;D;20250529;000000;0.4563;0.458;0.447;0.4508;235549000;0
HYDR;D;20250530;000000;0.4511;0.4614;0.448;0.4584;227406000;0
HYDR;D;20250602;000000;0.4568;0.461;0.4482;0.4596;249664000;0
HYDR;D;20250603;000000;0.4592;0.4674;0.4584;0.4672;150773000;0
HYDR;D;20250604;000000;0.468;0.4748;0.4656;0.4672;260057000;0
HYDR;D;20250605;000000;0.468;0.4738;0.4672;0.4696;93084000;0
HYDR;D;20250606;000000;0.4696;0.4798;0.457;0.4576;283468000;0
HYDR;D;20250609;000000;0.46;0.4767;0.459;0.4638;438132000;0
HYDR;D;20250610;000000;0.467;0.468;0.45;0.4515;235816000;0
HYDR;D;20250611;000000;0.4515;0.4776;0.448;0.4752;878585000;0
HYDR;D;20250613;000000;0.477;0.477;0.4686;0.4717;200468000;0
HYDR;D;20250616;000000;0.4716;0.4749;0.4647;0.465;201738000;0
HYDR;D;20250617;000000;0.465;0.4704;0.4616;0.4658;251680000;0
HYDR;D;20250618;000000;0.4649;0.4692;0.4625;0.4684;272540000;0
HYDR;D;20250619;000000;0.4668;0.4699;0.4562;0.4593;310252000;0
HYDR;D;20250620;000000;0.4593;0.4641;0.4583;0.4625;165589000;0
HYDR;D;20250623;000000;0.4624;0.4641;0.45;0.454;310635000;0
HYDR;D;20250624;000000;0.4545;0.4603;0.4519;0.4598;174981000;0
HYDR;D;20250625;000000;0.4598;0.469;0.4572;0.4632;246618000;0
HYDR;D;20250626;000000;0.4632;0.4671;0.459;0.4595;162907000;0
HYDR;D;20250627;000000;0.459;0.4662;0.458;0.4661;94900000;0
HYDR;D;20250630;000000;0.4668;0.476;0.4633;0.4741;425398000;0
HYDR;D;20250701;000000;0.4742;0.4764;0.4675;0.4685;320062000;0
HYDR;D;20250702;000000;0.4686;0.4712;0.4522;0.4576;724428000;0
HYDR;D;20250703;000000;0.4576;0.459;0.4486;0.4513;383327000;0
HYDR;D;20250704;000000;0.4513;0.4551;0.442;0.4509;241599000;0
HYDR;D;20250707;000000;0.4509;0.452;0.4459;0.4489;150866000;0
HYDR;D;20250708;000000;0.4475;0.4509;0.445;0.448;172087000;0
HYDR;D;20250709;000000;0.448;0.4547;0.4372;0.4458;862949000;0
HYDR;D;20250710;000000;0.448;0.4497;0.4414;0.443;175200000;0
HYDR;D;20250711;000000;0.4433;0.4467;0.435;0.4353;301218000;0
HYDR;D;20250714;000000;0.4355;0.4465;0.4322;0.4447;471041000;0
HYDR;D;20250715;000000;0.4444;0.4508;0.4398;0.4446;244187000;0
HYDR;D;20250716;000000;0.4434;0.45;0.443;0.4477;167642000;0
HYDR;D;20250717;000000;0.4484;0.4494;0.443;0.4438;143441000;0
HYDR;D;20250718;000000;0.4445;0.4488;0.4402;0.4439;429595000;0
HYDR;D;20250721;000000;0.4442;0.4504;0.4437;0.4452;485454000;0
HYDR;D;20250722;000000;0.4455;0.4475;0.4427;0.447;285155000;0
HYDR;D;20250723;000000;0.448;0.4496;0.444;0.4474;313668000;0
HYDR;D;20250724;000000;0.4474;0.449;0.4445;0.4454;169509000;0
HYDR;D;20250725;000000;0.4454;0.4495;0.4415;0.4431;409670000;0
HYDR;D;20250728;000000;0.4431;0.4489;0.4375;0.4393;441315000;0
HYDR;D;20250729;000000;0.4393;0.4428;0.434;0.4375;286616000;0
HYDR;D;20250730;000000;0.4375;0.4418;0.4348;0.4368;419529000;0
HYDR;D;20250731;000000;0.4359;0.4398;0.4353;0.4358;152443000;0
HYDR;D;20250801;000000;0.4376;0.4412;0.435;0.4371;141518000;0
HYDR;D;20250804;000000;0.437;0.4408;0.4364;0.4407;208082000;0
HYDR;D;20250805;000000;0.4409;0.4419;0.438;0.4401;168836000;0
HYDR;D;20250806;000000;0.4408;0.4499;0.4386;0.448;479349000;0
HYDR;D;20250807;000000;0.449;0.453;0.4442;0.4494;379311000;0
HYDR;D;20250808;000000;0.45;0.454;0.4472;0.4537;217356000;0
HYDR;D;20250811;000000;0.455;0.4682;0.4545;0.4616;576326000;0
HYDR;D;20250812;000000;0.4617;0.4632;0.4573;0.459;174720000;0
HYDR;D;20250813;000000;0.4595;0.468;0.4595;0.4616;455955000;0
HYDR;D;20250814;000000;0.4616;0.4674;0.458;0.4624;234245000;0
HYDR;D;20250815;000000;0.4624;0.4651;0.4581;0.4612;273463000;0
HYDR;D;20250818;000000;0.4595;0.4624;0.4478;0.458;321385000;0
HYDR;D;20250819;000000;0.4562;0.4627;0.455;0.4598;241605000;0
HYDR;D;20250820;000000;0.4592;0.4615;0.4537;0.4556;158707000;0
HYDR;D;20250821;000000;0.4571;0.4571;0.44;0.4428;241767000;0
HYDR;D;20250822;000000;0.4385;0.4507;0.4385;0.4504;148040000;0
HYDR;D;20250825;000000;0.4504;0.4518;0.4427;0.4506;162335000;0
HYDR;D;20250826;000000;0.452;0.4554;0.4501;0.453;115359000;0
HYDR;D;20250827;000000;0.4512;0.4589;0.4512;0.4572;128472000;0
HYDR;D;20250828;000000;0.4576;0.478;0.452;0.4746;1643122000;0
HYDR;D;20250829;000000;0.472;0.4765;0.4647;0.4688;699144000;0
HYDR;D;20250901;000000;0.47;0.4822;0.4688;0.4793;695086000;0
HYDR;D;20250902;000000;0.4752;0.4792;0.4673;0.4753;463878000;0
HYDR;D;20250903;000000;0.4724;0.4935;0.4679;0.4876;686071000;0
HYDR;D;20250904;000000;0.4878;0.499;0.4813;0.4876;1222574000;0
HYDR;D;20250905;000000;0.4876;0.4927;0.47;0.4726;1806678000;0
HYDR;D;20250908;000000;0.4708;0.4814;0.4676;0.4723;1002410000;0
HYDR;D;20250909;000000;0.4722;0.4743;0.469;0.4718;303297000;0
HYDR;D;20250910;000000;0.4706;0.4731;0.462;0.4636;344973000;0
HYDR;D;20250911;000000;0.4659;0.4668;0.4603;0.465;200280000;0
HYDR;D;20250912;000000;0.4665;0.469;0.4479;0.4503;383071000;0
HYDR;D;20250915;000000;0.4513;0.4524;0.442;0.4453;257421000;0
HYDR;D;20250916;000000;0.4462;0.45;0.4402;0.4441;195421000;0
HYDR;D;20250917;000000;0.4453;0.4464;0.4409;0.4454;118181000;0
HYDR;D;20250918;000000;0.4467;0.4496;0.4312;0.4333;875592000;0
HYDR;D;20250919;000000;0.4322;0.4367;0.4203;0.4222;398864000;0
HYDR;D;20250922;000000;0.4249;0.4317;0.4185;0.426;362835000;0
HYDR;D;20250923;000000;0.426;0.4379;0.4192;0.4231;322482000;0
HYDR;D;20250924;000000;0.4234;0.4323;0.4204;0.432;183028000;0
HYDR;D;20250925;000000;0.4321;0.4364;0.4233;0.4284;155555000;0
HYDR;D;20250926;000000;0.4284;0.4288;0.4215;0.4275;141894000;0
HYDR;D;20250929;000000;0.4271;0.4328;0.4092;0.413;483822000;0
HYDR;D;20250930;000000;0.4148;0.4155;0.4005;0.4084;315954000;0
HYDR;D;20251001;000000;0.4099;0.4122;0.4032;0.4058;227232000;0
HYDR;D;20251002;000000;0.4062;0.4086;0.3993;0.4018;185073000;0
HYDR;D;20251003;000000;0.4015;0.4049;0.389;0.3912;327355000;0
HYDR;D;20251006;000000;0.391;0.3981;0.3796;0.3967;481611000;0
HYDR;D;20251007;000000;0.3963;0.4015;0.3938;0.3981;164608000;0
HYDR;D;20251008;000000;0.3995;0.3999;0.3804;0.3854;247452000;0
HYDR;D;20251009;000000;0.386;0.3869;0.3676;0.3839;455550000;0
HYDR;D;20251010;000000;0.3826;0.3882;0.3749;0.3758;174926000;0
HYDR;D;20251013;000000;0.3758;0.3832;0.3722;0.3746;260394000;0
HYDR;D;20251014;000000;0.3748;0.3779;0.3673;0.3695;182830000;0
HYDR;D;20251015;000000;0.3701;0.3821;0.3638;0.3793;355299000;0
HYDR;D;20251016;000000;0.3799;0.3999;0.3755;0.3999;864994000;0
HYDR;D;20251017;000000;0.3997;0.4042;0.3935;0.3995;242667000;0
HYDR;D;20251020;000000;0.3995;0.4085;0.3995;0.4038;215209000;0
HYDR;D;20251021;000000;0.4038;0.4067;0.3829;0.3896;311821000;0
HYDR;D;20251022;000000;0.3896;0.3935;0.3829;0.387;198338000;0
HYDR;D;20251023;000000;0.3826;0.3879;0.3802;0.3859;160362000;0
HYDR;D;20251024;000000;0.3875;0.3918;0.38;0.381;146563000;0
HYDR;D;20251027;000000;0.3801;0.3858;0.3737;0.3836;206630000;0
HYDR;D;20251028;000000;0.383;0.3887;0.3774;0.3822;242505000;0
HYDR;D;20251029;000000;0.3847;0.3868;0.3809;0.386;142494000;0
HYDR;D;20251030;000000;0.3866;0.3905;0.3837;0.3876;227663000;0
HYDR;D;20251031;000000;0.3888;0.39;0.3779;0.3813;194060000;0
HYDR;D;20251101;000000;0.3821;0.3858;0.3805;0.3819;52526000;0
HYDR;D;20251103;000000;0.3839;0.3888;0.3839;0.3863;49973000;0
HYDR;D;20251105;000000;0.3863;0.3874;0.3806;0.382;100154000;0
HYDR;D;20251106;000000;0.3834;0.3844;0.3796;0.3822;87905000;0
HYDR;D;20251107;000000;0.382;0.3882;0.3818;0.3856;153164000;0
HYDR;D;20251110;000000;0.3863;0.39;0.382;0.3852;155850000;0
HYDR;D;20251111;000000;0.3852;0.389;0.3831;0.3865;127508000;0
HYDR;D;20251112;000000;0.3853;0.3875;0.3819;0.3835;135079000;0
HYDR;D;20251113;000000;0.384;0.3854;0.381;0.3833;94399000;0
HYDR;D;20251114;000000;0.385;0.385;0.3762;0.3789;146034000;0
HYDR;D;20251117;000000;0.379;0.3796;0.3725;0.3727;115793000;0
HYDR;D;20251118;000000;0.372;0.3843;0.372;0.3795;256718000;0
HYDR;D;20251119;000000;0.3799;0.39;0.3792;0.3864;326337000;0
HYDR;D;20251120;000000;0.3881;0.392;0.3804;0.3906;253259000;0
HYDR;D;20251121;000000;0.3923;0.3984;0.3838;0.3874;197649000;0
HYDR;D;20251124;000000;0.3876;0.3929;0.3807;0.382;211526000;0
HYDR;D;20251125;000000;0.3841;0.3893;0.3815;0.3883;255587000;0
HYDR;D;20251126;000000;0.3887;0.39;0.3848;0.3869;78438000;0
HYDR;D;20251127;000000;0.3879;0.3882;0.3772;0.3806;311869000;0
HYDR;D;20251128;000000;0.381;0.3875;0.3791;0.3856;136445000;0
HYDR;D;20251201;000000;0.3856;0.3875;0.3825;0.3865;208346000;0
HYDR;D;20251202;000000;0.3873;0.3923;0.3848;0.3856;354059000;0
HYDR;D;20251203;000000;0.383;0.3863;0.38;0.3863;205731000;0
HYDR;D;20251204;000000;0.3863;0.395;0.3853;0.3863;524780000;0
HYDR;D;20251205;000000;0.3867;0.405;0.3867;0.401;1740762000;0
HYDR;D;20251208;000000;0.4002;0.4151;0.3973;0.3989;595072000;0
HYDR;D;20251209;000000;0.3981;0.402;0.3961;0.4011;269640000;0
HYDR;D;20251210;000000;0.4016;0.4021;0.3955;0.3984;259837000;0
HYDR;D;20251211;000000;0.3997;0.4089;0.3985;0.402;611922000;0
HYDR;D;20251212;000000;0.403;0.4051;0.3952;0.3956;260743000;0
HYDR;D;20251215;000000;0.3956;0.3998;0.3955;0.398;250720000;0
HYDR;D;20251216;000000;0.3989;0.4037;0.3971;0.4032;241712000;0
HYDR;D;20251217;000000;0.4036;0.4056;0.397;0.4003;266741000;0
HYDR;D;20251218;000000;0.401;0.406;0.3988;0.4037;198379000;0
HYDR;D;20251219;000000;0.4037;0.4327;0.4027;0.4309;3037782000;0
HYDR;D;20251222;000000;0.431;0.4394;0.423;0.4268;1666565000;0
HYDR;D;20251223;000000;0.4261;0.4488;0.4261;0.441;2632402000;0
HYDR;D;20251224;000000;0.4412;0.4429;0.4267;0.4298;1098120000;0
HYDR;D;20251225;000000;0.4321;0.4323;0.417;0.4234;680281000;0
HYDR;D;20251226;000000;0.4269;0.432;0.4181;0.4263;820994000;0
HYDR;D;20251229;000000;0.4263;0.432;0.4151;0.4163;550842000;0
HYDR;D;20251230;000000;0.4163;0.4195;0.4124;0.4143;224973000;0
HYDR;D;20260105;000000;0.4143;0.4157;0.406;0.4131;184392000;0
HYDR;D;20260106;000000;0.414;0.4246;0.4132;0.4212;324626000;0
HYDR;D;20260108;000000;0.4213;0.429;0.4139;0.4265;300533000;0
HYDR;D;20260109;000000;0.4277;0.4287;0.42;0.4223;230611000;0
HYDR;D;20260112;000000;0.4223;0.4311;0.4156;0.4203;439319000;0
HYDR;D;20260113;000000;0.4223;0.432;0.4112;0.4138;365884000;0
HYDR;D;20260114;000000;0.4157;0.4185;0.4076;0.4112;319619000;0
HYDR;D;20260115;000000;0.4112;0.4144;0.4065;0.4111;255341000;0
HYDR;D;20260116;000000;0.4113;0.4319;0.4113;0.4238;1398849000;0
HYDR;D;20260119;000000;0.4268;0.4382;0.425;0.43;1049062000;0
HYDR;D;20260120;000000;0.4301;0.437;0.4234;0.4319;548324000;0
HYDR;D;20260121;000000;0.432;0.4388;0.4271;0.4347;270326000;0
HYDR;D;20260122;000000;0.4367;0.4422;0.4205;0.4271;979245000;0
HYDR;D;20260123;000000;0.422;0.4274;0.417;0.4218;644209000;0
HYDR;D;20260126;000000;0.4219;0.4237;0.4178;0.42;380538000;0
HYDR;D;20260127;000000;0.4204;0.4335;0.418;0.4258;580622000;0
HYDR;D;20260128;000000;0.4258;0.4283;0.4202;0.4215;333875000;0
HYDR;D;20260129;000000;0.4229;0.433;0.4207;0.427;686819000;0
HYDR;D;20260130;000000;0.427;0.4393;0.4203;0.4212;883631000;0
HYDR;D;20260202;000000;0.4264;0.4498;0.423;0.4476;1167377000;0
HYDR;D;20260203;000000;0.447;0.4542;0.4376;0.4488;1093845000;0
HYDR;D;20260204;000000;0.449;0.465;0.4375;0.4423;2154406000;0
HYDR;D;20260205;000000;0.4465;0.4467;0.4282;0.4383;766124000;0
HYDR;D;20260206;000000;0.4375;0.4474;0.4354;0.4454;449480000;0
HYDR;D;20260209;000000;0.4439;0.45;0.4301;0.4329;483800000;0
HYDR;D;20260210;000000;0.4347;0.4371;0.4274;0.4303;280962000;0
HYDR;D;20260211;000000;0.43;0.4381;0.4296;0.4317;264167000;0
HYDR;D;20260212;000000;0.4341;0.4397;0.4261;0.429;527896000;0
HYDR;D;20260213;000000;0.4307;0.4338;0.424;0.433;349405000;0
HYDR;D;20260216;000000;0.4328;0.4379;0.4304;0.4358;252324000;0
HYDR;D;20260217;000000;0.4358;0.44;0.4296;0.4351;324852000;0
HYDR;D;20260218;000000;0.4351;0.437;0.4302;0.435;239592000;0
HYDR;D;20260219;000000;0.4359;0.4375;0.4301;0.4331;139618000;0
HYDR;D;20260220;000000;0.4331;0.4336;0.429;0.4319;152857000;0
HYDR;D;20260224;000000;0.4319;0.4431;0.4307;0.4411;417150000;0
HYDR;D;20260225;000000;0.4411;0.4507;0.4387;0.4448;676649000;0
HYDR;D;20260226;000000;0.4452;0.459;0.4417;0.4516;442226000;0
HYDR;D;20260227;000000;0.4508;0.4554;0.4458;0.4501;583491000;0
HYDR;D;20260302;000000;0.4491;0.4529;0.4388;0.4488;591648000;0
HYDR;D;20260303;000000;0.4493;0.4517;0.4441;0.4444;215548000;0
HYDR;D;20260304;000000;0.4441;0.448;0.44;0.4403;178405000;0
HYDR;D;20260305;000000;0.4401;0.4437;0.4371;0.4422;267561000;0
HYDR;D;20260306;000000;0.443;0.4553;0.4407;0.447;442659000;0
HYDR;D;20260309;000000;0.4443;0.4499;0.4403;0.4421;174533000;0
HYDR;D;20260310;000000;0.4421;0.4566;0.4416;0.4558;589069000;0
HYDR;D;20260311;000000;0.4562;0.4643;0.4451;0.4529;705429000;0
HYDR;D;20260312;000000;0.4538;0.454;0.4441;0.4468;210956000;0
HYDR;D;20260313;000000;0.4455;0.449;0.4433;0.4457;170121000;0
HYDR;D;20260316;000000;0.4457;0.4492;0.4411;0.4429;248690000;0
HYDR;D;20260317;000000;0.4429;0.4468;0.4383;0.4466;252071000;0
HYDR;D;20260318;000000;0.4466;0.4618;0.4431;0.4547;865514000;0
HYDR;D;20260319;000000;0.455;0.4684;0.4515;0.4525;1143038000;0
HYDR;D;20260320;000000;0.4525;0.456;0.4489;0.4549;245593000;0
HYDR;D;20260323;000000;0.4568;0.4568;0.444;0.4468;331015000;0
HYDR;D;20260324;000000;0.4468;0.449;0.4404;0.4425;216321000;0
HYDR;D;20260325;000000;0.4407;0.4534;0.4407;0.4472;182655000;0
HYDR;D;20260326;000000;0.4454;0.449;0.4412;0.4419;99857000;0
HYDR;D;20260327;000000;0.4419;0.4444;0.4307;0.434;446417000;0
HYDR;D;20260330;000000;0.4377;0.4444;0.431;0.4393;197512000;0
HYDR;D;20260331;000000;0.4393;0.4414;0.4331;0.4358;135868000;0
HYDR;D;20260401;000000;0.4341;0.4402;0.4332;0.4399;126943000;0
HYDR;D;20260402;000000;0.44;0.4458;0.4357;0.4376;190805000;0
HYDR;D;20260403;000000;0.4392;0.442;0.4388;0.4409;146910000;0
HYDR;D;20260406;000000;0.4411;0.442;0.432;0.437;254426000;0
HYDR;D;20260407;000000;0.437;0.4392;0.4264;0.4293;180903000;0
HYDR;D;20260408;000000;0.4294;0.4356;0.4263;0.4326;137530000;0
HYDR;D;20260409;000000;0.4326;0.4358;0.4271;0.4296;188722000;0
HYDR;D;20260410;000000;0.431;0.431;0.4243;0.4247;183680000;0
HYDR;D;20260413;000000;0.424;0.4273;0.4205;0.421;192952000;0
HYDR;D;20260414;000000;0.4206;0.4248;0.4181;0.4195;240701000;0
HYDR;D;20260415;000000;0.4195;0.4246;0.4185;0.4226;178909000;0
HYDR;D;20260416;000000;0.4226;0.4279;0.422;0.423;128242000;0
HYDR;D;20260417;000000;0.423;0.4257;0.4193;0.422;155326000;0
HYDR;D;20260420;000000;0.422;0.4274;0.4162;0.4209;163758000;0
HYDR;D;20260421;000000;0.422;0.4245;0.4181;0.4196;155918000;0
HYDR;D;20260422;000000;0.4194;0.4228;0.4186;0.4212;75575000;0
HYDR;D;20260423;000000;0.4211;0.4242;0.4204;0.4215;94491000;0
HYDR;D;20260424;000000;0.4209;0.4272;0.4167;0.4183;240793000;0
HYDR;D;20260427;000000;0.4191;0.4204;0.4113;0.4113;182762000;0
HYDR;D;20260428;000000;0.4113;0.4129;0.4033;0.4055;234465000;0
HYDR;D;20260429;000000;0.4055;0.4084;0.385;0.3912;793733000;0
HYDR;D;20260430;000000;0.3932;0.3943;0.3851;0.3937;234639000;0
HYDR;D;20260504;000000;0.3937;0.4033;0.387;0.3879;238573000;0
HYDR;D;20260505;000000;0.3897;0.3907;0.3805;0.3894;273146000;0
HYDR;D;20260506;000000;0.39;0.3921;0.3845;0.3869;124740000;0
HYDR;D;20260507;000000;0.388;0.388;0.384;0.3855;126938000;0
HYDR;D;20260508;000000;0.3859;0.3934;0.3831;0.3888;292684000;0
HYDR;D;20260511;000000;0.3889;0.3983;0.3889;0.3983;79153000;0
HYDR;D;20260512;000000;0.3961;0.4027;0.395;0.401;155732000;0
HYDR;D;20260513;000000;0.4024;0.4024;0.3938;0.396;131424000;0
HYDR;D;20260514;000000;0.3977;0.3997;0.39;0.39;120332000;0
HYDR;D;20260515;000000;0.3923;0.3941;0.3809;0.3842;227211000;0
HYDR;D;20260518;000000;0.3842;0.3875;0.3801;0.387;151556000;0
HYDR;D;20260519;000000;0.387;0.3886;0.3833;0.3857;125175000;0
HYDR;D;20260520;000000;0.3865;0.3876;0.3812;0.3859;122630000;0
HYDR;D;20260521;000000;0.3867;0.3909;0.3815;0.382;171301000;0
HYDR;D;20260522;000000;0.3836;0.3888;0.38;0.3822;198671000;0
