<TICKER>;<PER>;<DATE>;<TIME>;<OPEN>;<HIGH>;<LOW>;<CLOSE>;<VOL>;<OPENINT>
Индекс МосБиржи;D;20000301;000000;198.99;0;0;198.99;0;0
Индекс МосБиржи;D;20000302;000000;201.49;0;0;201.49;0;0
Индекс МосБиржи;D;20000303;000000;205.49;0;0;205.49;0;0
Индекс МосБиржи;D;20000306;000000;210.98;0;0;210.98;0;0
Индекс МосБиржи;D;20000307;000000;211.95;0;0;211.95;0;0
Индекс МосБиржи;D;20000309;000000;232.16;0;0;232.16;0;0
Индекс МосБиржи;D;20000310;000000;241.53;0;0;241.53;0;0
Индекс МосБиржи;D;20000313;000000;239.8;0;0;239.8;0;0
Индекс МосБиржи;D;20000314;000000;245.92;0;0;245.92;0;0
Индекс МосБиржи;D;20000315;000000;246.46;0;0;246.46;0;0
Индекс МосБиржи;D;20000316;000000;247.66;0;0;247.66;0;0
Индекс МосБиржи;D;20000317;000000;249.94;0;0;249.94;0;0
Индекс МосБиржи;D;20000320;000000;243.86;0;0;243.86;0;0
Индекс МосБиржи;D;20000321;000000;240.17;0;0;240.17;0;0
Индекс МосБиржи;D;20000322;000000;245.8;0;0;245.8;0;0
Индекс МосБиржи;D;20000323;000000;260.16;0;0;260.16;0;0
Индекс МосБиржи;D;20000324;000000;268.86;0;0;268.86;0;0
Индекс МосБиржи;D;20000327;000000;277.82;0;0;277.82;0;0
Индекс МосБиржи;D;20000328;000000;261.86;0;0;261.86;0;0
Индекс МосБиржи;D;20000329;000000;256.89;0;0;256.89;0;0
Индекс МосБиржи;D;20000330;000000;252.08;0;0;252.08;0;0
Индекс МосБиржи;D;20000331;000000;254.68;0;0;254.68;0;0
Индекс МосБиржи;D;20000403;000000;257.3;0;0;257.3;0;0
Индекс МосБиржи;D;20000404;000000;258.02;0;0;258.02;0;0
Индекс МосБиржи;D;20000405;000000;245.7;0;0;245.7;0;0
Индекс МосБиржи;D;20000406;000000;249.43;0;0;249.43;0;0
Индекс МосБиржи;D;20000407;000000;247.96;0;0;247.96;0;0
Индекс МосБиржи;D;20000410;000000;253.28;0;0;253.28;0;0
Индекс МосБиржи;D;20000411;000000;249.68;0;0;249.68;0;0
Индекс МосБиржи;D;20000412;000000;248.1;0;0;248.1;0;0
Индекс МосБиржи;D;20000413;000000;243.73;0;0;243.73;0;0
Индекс МосБиржи;D;20000414;000000;245.87;0;0;245.87;0;0
Индекс МосБиржи;D;20000417;000000;226.04;0;0;226.04;0;0
Индекс МосБиржи;D;20000418;000000;227.98;0;0;227.98;0;0
Индекс МосБиржи;D;20000419;000000;226.21;0;0;226.21;0;0
Индекс МосБиржи;D;20000420;000000;226.64;0;0;226.64;0;0
Индекс МосБиржи;D;20000421;000000;230.45;0;0;230.45;0;0
Индекс МосБиржи;D;20000424;000000;225.28;0;0;225.28;0;0
Индекс МосБиржи;D;20000425;000000;227.77;0;0;227.77;0;0
Индекс МосБиржи;D;20000426;000000;237.01;0;0;237.01;0;0
Индекс МосБиржи;D;20000427;000000;238.62;0;0;238.62;0;0
Индекс МосБиржи;D;20000428;000000;242.85;0;0;242.85;0;0
Индекс МосБиржи;D;20000503;000000;244.88;0;0;244.88;0;0
Индекс МосБиржи;D;20000504;000000;250.26;0;0;250.26;0;0
Индекс МосБиржи;D;20000505;000000;249.96;0;0;249.96;0;0
Индекс МосБиржи;D;20000506;000000;254.45;0;0;254.45;0;0
Индекс МосБиржи;D;20000510;000000;251.34;0;0;251.34;0;0
Индекс МосБиржи;D;20000511;000000;244.7;0;0;244.7;0;0
Индекс МосБиржи;D;20000512;000000;241.3;0;0;241.3;0;0
Индекс МосБиржи;D;20000515;000000;236.26;0;0;236.26;0;0
Индекс МосБиржи;D;20000516;000000;239.9;0;0;239.9;0;0
Индекс МосБиржи;D;20000517;000000;235.77;0;0;235.77;0;0
Индекс МосБиржи;D;20000518;000000;228.2;0;0;228.2;0;0
Индекс МосБиржи;D;20000519;000000;218.3;0;0;218.3;0;0
Индекс МосБиржи;D;20000522;000000;210.69;0;0;210.69;0;0
Индекс МосБиржи;D;20000523;000000;201.9;0;0;201.9;0;0
Индекс МосБиржи;D;20000524;000000;190.54;0;0;190.54;0;0
Индекс МосБиржи;D;20000525;000000;204.83;0;0;204.83;0;0
Индекс МосБиржи;D;20000526;000000;209.3;0;0;209.3;0;0
Индекс МосБиржи;D;20000529;000000;213.67;0;0;213.67;0;0
Индекс МосБиржи;D;20000530;000000;213.45;0;0;213.45;0;0
Индекс МосБиржи;D;20000531;000000;217.05;0;0;217.05;0;0
Индекс МосБиржи;D;20000601;000000;221.1;0;0;221.1;0;0
Индекс МосБиржи;D;20000602;000000;224.94;0;0;224.94;0;0
Индекс МосБиржи;D;20000605;000000;233.28;0;0;233.28;0;0
Индекс МосБиржи;D;20000606;000000;227.57;0;0;227.57;0;0
Индекс МосБиржи;D;20000607;000000;218.56;0;0;218.56;0;0
Индекс МосБиржи;D;20000608;000000;228.73;0;0;228.73;0;0
Индекс МосБиржи;D;20000609;000000;228.35;0;0;228.35;0;0
Индекс МосБиржи;D;20000613;000000;226.09;0;0;226.09;0;0
Индекс МосБиржи;D;20000614;000000;218.98;0;0;218.98;0;0
Индекс МосБиржи;D;20000615;000000;221.31;0;0;221.31;0;0
Индекс МосБиржи;D;20000616;000000;223.08;0;0;223.08;0;0
Индекс МосБиржи;D;20000619;000000;218.95;0;0;218.95;0;0
Индекс МосБиржи;D;20000620;000000;215.06;0;0;215.06;0;0
Индекс МосБиржи;D;20000621;000000;204.15;0;0;204.15;0;0
Индекс МосБиржи;D;20000622;000000;206.09;0;0;206.09;0;0
Индекс МосБиржи;D;20000623;000000;207.97;0;0;207.97;0;0
Индекс МосБиржи;D;20000626;000000;206.52;0;0;206.52;0;0
Индекс МосБиржи;D;20000627;000000;200.65;0;0;200.65;0;0
Индекс МосБиржи;D;20000628;000000;195.81;0;0;195.81;0;0
Индекс МосБиржи;D;20000629;000000;189.57;0;0;189.57;0;0
Индекс МосБиржи;D;20000630;000000;194.93;0;0;194.93;0;0
Индекс МосБиржи;D;20000703;000000;199.13;0;0;199.13;0;0
Индекс МосБиржи;D;20000704;000000;193.69;0;0;193.69;0;0
Индекс МосБиржи;D;20000705;000000;188.68;0;0;188.68;0;0
Индекс МосБиржи;D;20000706;000000;188.37;0;0;188.37;0;0
Индекс МосБиржи;D;20000707;000000;199.23;0;0;199.23;0;0
Индекс МосБиржи;D;20000710;000000;199.45;0;0;199.45;0;0
Индекс МосБиржи;D;20000711;000000;189.24;0;0;189.24;0;0
Индекс МосБиржи;D;20000712;000000;193.36;0;0;193.36;0;0
Индекс МосБиржи;D;20000713;000000;198.36;0;0;198.36;0;0
Индекс МосБиржи;D;20000714;000000;194.18;0;0;194.18;0;0
Индекс МосБиржи;D;20000717;000000;197.96;0;0;197.96;0;0
Индекс МосБиржи;D;20000718;000000;194.99;0;0;194.99;0;0
Индекс МосБиржи;D;20000719;000000;194.99;0;0;194.99;0;0
Индекс МосБиржи;D;20000720;000000;194.77;0;0;194.77;0;0
Индекс МосБиржи;D;20000721;000000;197.04;0;0;197.04;0;0
Индекс МосБиржи;D;20000724;000000;195.15;0;0;195.15;0;0
Индекс МосБиржи;D;20000725;000000;194.36;0;0;194.36;0;0
Индекс МосБиржи;D;20000726;000000;192.65;0;0;192.65;0;0
Индекс МосБиржи;D;20000727;000000;191.84;0;0;191.84;0;0
Индекс МосБиржи;D;20000728;000000;197.62;0;0;197.62;0;0
Индекс МосБиржи;D;20000731;000000;200.22;0;0;200.22;0;0
Индекс МосБиржи;D;20000801;000000;209.47;0;0;209.47;0;0
Индекс МосБиржи;D;20000802;000000;210.74;0;0;210.74;0;0
Индекс МосБиржи;D;20000803;000000;215.09;0;0;215.09;0;0
Индекс МосБиржи;D;20000804;000000;218.04;0;0;218.04;0;0
Индекс МосБиржи;D;20000807;000000;221.28;0;0;221.28;0;0
Индекс МосБиржи;D;20000808;000000;218.81;0;0;218.81;0;0
Индекс МосБиржи;D;20000809;000000;224.54;0;0;224.54;0;0
Индекс МосБиржи;D;20000810;000000;225.54;0;0;225.54;0;0
Индекс МосБиржи;D;20000811;000000;229.14;0;0;229.14;0;0
Индекс МосБиржи;D;20000814;000000;234.17;0;0;234.17;0;0
Индекс МосБиржи;D;20000815;000000;235;0;0;235;0;0
Индекс МосБиржи;D;20000816;000000;234.2;0;0;234.2;0;0
Индекс МосБиржи;D;20000817;000000;230.36;0;0;230.36;0;0
Индекс МосБиржи;D;20000818;000000;229.86;0;0;229.86;0;0
Индекс МосБиржи;D;20000821;000000;225.48;0;0;225.48;0;0
Индекс МосБиржи;D;20000822;000000;229.88;0;0;229.88;0;0
Индекс МосБиржи;D;20000823;000000;231.26;0;0;231.26;0;0
Индекс МосБиржи;D;20000824;000000;235.29;0;0;235.29;0;0
Индекс МосБиржи;D;20000825;000000;242.84;0;0;242.84;0;0
Индекс МосБиржи;D;20000828;000000;239.93;0;0;239.93;0;0
Индекс МосБиржи;D;20000829;000000;245.37;0;0;245.37;0;0
Индекс МосБиржи;D;20000830;000000;243.05;0;0;243.05;0;0
Индекс МосБиржи;D;20000831;000000;239.03;0;0;239.03;0;0
Индекс МосБиржи;D;20000901;000000;237.54;0;0;237.54;0;0
Индекс МосБиржи;D;20000904;000000;236.19;0;0;236.19;0;0
Индекс МосБиржи;D;20000905;000000;241.56;0;0;241.56;0;0
Индекс МосБиржи;D;20000906;000000;241.43;0;0;241.43;0;0
Индекс МосБиржи;D;20000907;000000;238.66;0;0;238.66;0;0
Индекс МосБиржи;D;20000908;000000;231.59;0;0;231.59;0;0
Индекс МосБиржи;D;20000911;000000;224.31;0;0;224.31;0;0
Индекс МосБиржи;D;20000912;000000;225.59;0;0;225.59;0;0
Индекс МосБиржи;D;20000913;000000;221.29;0;0;221.29;0;0
Индекс МосБиржи;D;20000914;000000;214.78;0;0;214.78;0;0
Индекс МосБиржи;D;20000915;000000;215.47;0;0;215.47;0;0
Индекс МосБиржи;D;20000918;000000;203.04;0;0;203.04;0;0
Индекс МосБиржи;D;20000919;000000;200.25;0;0;200.25;0;0
Индекс МосБиржи;D;20000920;000000;202.17;0;0;202.17;0;0
Индекс МосБиржи;D;20000921;000000;199.23;0;0;199.23;0;0
Индекс МосБиржи;D;20000922;000000;189.84;0;0;189.84;0;0
Индекс МосБиржи;D;20000925;000000;198.65;0;0;198.65;0;0
Индекс МосБиржи;D;20000926;000000;200.66;0;0;200.66;0;0
Индекс МосБиржи;D;20000927;000000;204;0;0;204;0;0
Индекс МосБиржи;D;20000928;000000;203.05;0;0;203.05;0;0
Индекс МосБиржи;D;20000929;000000;204.61;0;0;204.61;0;0
Индекс МосБиржи;D;20001002;000000;207.61;0;0;207.61;0;0
Индекс МосБиржи;D;20001003;000000;214.46;0;0;214.46;0;0
Индекс МосБиржи;D;20001004;000000;211.19;0;0;211.19;0;0
Индекс МосБиржи;D;20001005;000000;206.02;0;0;206.02;0;0
Индекс МосБиржи;D;20001006;000000;201.5;0;0;201.5;0;0
Индекс МосБиржи;D;20001009;000000;198.33;0;0;198.33;0;0
Индекс МосБиржи;D;20001010;000000;200.48;0;0;200.48;0;0
Индекс МосБиржи;D;20001011;000000;193.08;0;0;193.08;0;0
Индекс МосБиржи;D;20001012;000000;192.64;0;0;192.64;0;0
Индекс МосБиржи;D;20001013;000000;190.37;0;0;190.37;0;0
Индекс МосБиржи;D;20001016;000000;201.21;0;0;201.21;0;0
Индекс МосБиржи;D;20001017;000000;201.27;0;0;201.27;0;0
Индекс МосБиржи;D;20001018;000000;194.67;0;0;194.67;0;0
Индекс МосБиржи;D;20001019;000000;197.22;0;0;197.22;0;0
Индекс МосБиржи;D;20001020;000000;204.73;0;0;204.73;0;0
Индекс МосБиржи;D;20001023;000000;203.06;0;0;203.06;0;0
Индекс МосБиржи;D;20001024;000000;202.32;0;0;202.32;0;0
Индекс МосБиржи;D;20001025;000000;197.29;0;0;197.29;0;0
Индекс МосБиржи;D;20001026;000000;194.05;0;0;194.05;0;0
Индекс МосБиржи;D;20001027;000000;195.11;0;0;195.11;0;0
Индекс МосБиржи;D;20001030;000000;192.61;0;0;192.61;0;0
Индекс МосБиржи;D;20001031;000000;192.22;0;0;192.22;0;0
Индекс МосБиржи;D;20001101;000000;199.6;0;0;199.6;0;0
Индекс МосБиржи;D;20001102;000000;196.56;0;0;196.56;0;0
Индекс МосБиржи;D;20001103;000000;196.4;0;0;196.4;0;0
Индекс МосБиржи;D;20001104;000000;191.07;0;0;191.07;0;0
Индекс МосБиржи;D;20001108;000000;184.73;0;0;184.73;0;0
Индекс МосБиржи;D;20001109;000000;178.52;0;0;178.52;0;0
Индекс МосБиржи;D;20001110;000000;178.67;0;0;178.67;0;0
Индекс МосБиржи;D;20001113;000000;174.47;0;0;174.47;0;0
Индекс МосБиржи;D;20001114;000000;179.42;0;0;179.42;0;0
Индекс МосБиржи;D;20001115;000000;178.88;0;0;178.88;0;0
Индекс МосБиржи;D;20001116;000000;176.77;0;0;176.77;0;0
Индекс МосБиржи;D;20001117;000000;178.67;0;0;178.67;0;0
Индекс МосБиржи;D;20001120;000000;174.8;0;0;174.8;0;0
Индекс МосБиржи;D;20001121;000000;173.06;0;0;173.06;0;0
Индекс МосБиржи;D;20001122;000000;166.01;0;0;166.01;0;0
Индекс МосБиржи;D;20001123;000000;165.26;0;0;165.26;0;0
Индекс МосБиржи;D;20001124;000000;167;0;0;167;0;0
Индекс МосБиржи;D;20001127;000000;171.25;0;0;171.25;0;0
Индекс МосБиржи;D;20001128;000000;165.1;0;0;165.1;0;0
Индекс МосБиржи;D;20001129;000000;160.91;0;0;160.91;0;0
Индекс МосБиржи;D;20001130;000000;149.84;0;0;149.84;0;0
Индекс МосБиржи;D;20001201;000000;142.47;0;0;142.47;0;0
Индекс МосБиржи;D;20001204;000000;141.71;0;0;141.71;0;0
Индекс МосБиржи;D;20001205;000000;151.94;0;0;151.94;0;0
Индекс МосБиржи;D;20001206;000000;161.25;0;0;161.25;0;0
Индекс МосБиржи;D;20001207;000000;153.39;0;0;153.39;0;0
Индекс МосБиржи;D;20001208;000000;157.84;0;0;157.84;0;0
Индекс МосБиржи;D;20001209;000000;157.76;0;0;157.76;0;0
Индекс МосБиржи;D;20001213;000000;159.79;0;0;159.79;0;0
Индекс МосБиржи;D;20001214;000000;151.39;0;0;151.39;0;0
Индекс МосБиржи;D;20001215;000000;138.65;0;0;138.65;0;0
Индекс МосБиржи;D;20001218;000000;139.34;0;0;139.34;0;0
Индекс МосБиржи;D;20001219;000000;139.13;0;0;139.13;0;0
Индекс МосБиржи;D;20001220;000000;135.21;0;0;135.21;0;0
Индекс МосБиржи;D;20001221;000000;130.96;0;0;130.96;0;0
Индекс МосБиржи;D;20001222;000000;136.13;0;0;136.13;0;0
Индекс МосБиржи;D;20001225;000000;141.51;0;0;141.51;0;0
Индекс МосБиржи;D;20001226;000000;142.21;0;0;142.21;0;0
Индекс МосБиржи;D;20001227;000000;142.16;0;0;142.16;0;0
Индекс МосБиржи;D;20001228;000000;144.39;0;0;144.39;0;0
Индекс МосБиржи;D;20010103;000000;135.73;0;0;135.73;0;0
Индекс МосБиржи;D;20010104;000000;145.36;0;0;145.36;0;0
Индекс МосБиржи;D;20010105;000000;148.96;0;0;148.96;0;0
Индекс МосБиржи;D;20010109;000000;150.89;0;0;150.89;0;0
Индекс МосБиржи;D;20010110;000000;159.29;0;0;159.29;0;0
Индекс МосБиржи;D;20010111;000000;160.03;0;0;160.03;0;0
Индекс МосБиржи;D;20010112;000000;163.12;0;0;163.12;0;0
Индекс МосБиржи;D;20010115;000000;163.21;0;0;163.21;0;0
Индекс МосБиржи;D;20010116;000000;165.7;0;0;165.7;0;0
Индекс МосБиржи;D;20010117;000000;169.76;0;0;169.76;0;0
Индекс МосБиржи;D;20010118;000000;171.6;0;0;171.6;0;0
Индекс МосБиржи;D;20010119;000000;174.9;0;0;174.9;0;0
Индекс МосБиржи;D;20010122;000000;166.03;0;0;166.03;0;0
Индекс МосБиржи;D;20010123;000000;168.59;0;0;168.59;0;0
Индекс МосБиржи;D;20010124;000000;174.97;0;0;174.97;0;0
Индекс МосБиржи;D;20010125;000000;176.92;0;0;176.92;0;0
Индекс МосБиржи;D;20010126;000000;176.56;0;0;176.56;0;0
Индекс МосБиржи;D;20010129;000000;169.95;0;0;169.95;0;0
Индекс МосБиржи;D;20010130;000000;167.88;0;0;167.88;0;0
Индекс МосБиржи;D;20010131;000000;167.74;0;0;167.74;0;0
Индекс МосБиржи;D;20010201;000000;165.61;0;0;165.61;0;0
Индекс МосБиржи;D;20010202;000000;165.35;0;0;165.35;0;0
Индекс МосБиржи;D;20010205;000000;162.21;0;0;162.21;0;0
Индекс МосБиржи;D;20010206;000000;165.28;0;0;165.28;0;0
Индекс МосБиржи;D;20010207;000000;163.87;0;0;163.87;0;0
Индекс МосБиржи;D;20010208;000000;166.4;0;0;166.4;0;0
Индекс МосБиржи;D;20010209;000000;166.37;0;0;166.37;0;0
Индекс МосБиржи;D;20010212;000000;166.46;0;0;166.46;0;0
Индекс МосБиржи;D;20010213;000000;171.3;0;0;171.3;0;0
Индекс МосБиржи;D;20010214;000000;174.15;0;0;174.15;0;0
Индекс МосБиржи;D;20010215;000000;180.64;0;0;180.64;0;0
Индекс МосБиржи;D;20010216;000000;183.51;0;0;183.51;0;0
Индекс МосБиржи;D;20010219;000000;173.96;0;0;173.96;0;0
Индекс МосБиржи;D;20010220;000000;172.35;0;0;172.35;0;0
Индекс МосБиржи;D;20010221;000000;159.03;0;0;159.03;0;0
Индекс МосБиржи;D;20010222;000000;161.17;0;0;161.17;0;0
Индекс МосБиржи;D;20010223;000000;160.46;0;0;160.46;0;0
Индекс МосБиржи;D;20010226;000000;162.48;0;0;162.48;0;0
Индекс МосБиржи;D;20010227;000000;161.41;0;0;161.41;0;0
Индекс МосБиржи;D;20010228;000000;158.1;0;0;158.1;0;0
Индекс МосБиржи;D;20010301;000000;155.42;0;0;155.42;0;0
Индекс МосБиржи;D;20010302;000000;157.21;0;0;157.21;0;0
Индекс МосБиржи;D;20010305;000000;160.74;0;0;160.74;0;0
Индекс МосБиржи;D;20010306;000000;171.72;0;0;171.72;0;0
Индекс МосБиржи;D;20010307;000000;172;0;0;172;0;0
Индекс МосБиржи;D;20010311;000000;171.16;0;0;171.16;0;0
Индекс МосБиржи;D;20010312;000000;168.22;0;0;168.22;0;0
Индекс МосБиржи;D;20010313;000000;166.71;0;0;166.71;0;0
Индекс МосБиржи;D;20010314;000000;164.43;0;0;164.43;0;0
Индекс МосБиржи;D;20010315;000000;164.39;0;0;164.39;0;0
Индекс МосБиржи;D;20010316;000000;166;0;0;166;0;0
Индекс МосБиржи;D;20010319;000000;170.26;0;0;170.26;0;0
Индекс МосБиржи;D;20010320;000000;171.29;0;0;171.29;0;0
Индекс МосБиржи;D;20010321;000000;166.27;0;0;166.27;0;0
Индекс МосБиржи;D;20010322;000000;163.97;0;0;163.97;0;0
Индекс МосБиржи;D;20010323;000000;168.48;0;0;168.48;0;0
Индекс МосБиржи;D;20010326;000000;169.17;0;0;169.17;0;0
Индекс МосБиржи;D;20010327;000000;168.66;0;0;168.66;0;0
Индекс МосБиржи;D;20010328;000000;169.93;0;0;169.93;0;0
Индекс МосБиржи;D;20010329;000000;166.19;0;0;166.19;0;0
Индекс МосБиржи;D;20010330;000000;166.67;0;0;166.67;0;0
Индекс МосБиржи;D;20010402;000000;164.38;0;0;164.38;0;0
Индекс МосБиржи;D;20010403;000000;160.36;0;0;160.36;0;0
Индекс МосБиржи;D;20010404;000000;156.29;0;0;156.29;0;0
Индекс МосБиржи;D;20010405;000000;163.91;0;0;163.91;0;0
Индекс МосБиржи;D;20010406;000000;164.9;0;0;164.9;0;0
Индекс МосБиржи;D;20010409;000000;163.76;0;0;163.76;0;0
Индекс МосБиржи;D;20010410;000000;168.8;0;0;168.8;0;0
Индекс МосБиржи;D;20010411;000000;171.13;0;0;171.13;0;0
Индекс МосБиржи;D;20010412;000000;170.89;0;0;170.89;0;0
Индекс МосБиржи;D;20010413;000000;171.15;0;0;171.15;0;0
Индекс МосБиржи;D;20010416;000000;168.94;0;0;168.94;0;0
Индекс МосБиржи;D;20010417;000000;165.27;0;0;165.27;0;0
Индекс МосБиржи;D;20010418;000000;171.86;0;0;171.86;0;0
Индекс МосБиржи;D;20010419;000000;175.01;0;0;175.01;0;0
Индекс МосБиржи;D;20010420;000000;171.89;0;0;171.89;0;0
Индекс МосБиржи;D;20010423;000000;167.18;0;0;167.18;0;0
Индекс МосБиржи;D;20010424;000000;169.05;0;0;169.05;0;0
Индекс МосБиржи;D;20010425;000000;168.78;0;0;168.78;0;0
Индекс МосБиржи;D;20010426;000000;173.47;0;0;173.47;0;0
Индекс МосБиржи;D;20010427;000000;177.31;0;0;177.31;0;0
Индекс МосБиржи;D;20010428;000000;178.29;0;0;178.29;0;0
Индекс МосБиржи;D;20010503;000000;182.37;0;0;182.37;0;0
Индекс МосБиржи;D;20010504;000000;181.1;0;0;181.1;0;0
Индекс МосБиржи;D;20010507;000000;184.81;0;0;184.81;0;0
Индекс МосБиржи;D;20010508;000000;188.47;0;0;188.47;0;0
Индекс МосБиржи;D;20010510;000000;190.71;0;0;190.71;0;0
Индекс МосБиржи;D;20010511;000000;189.74;0;0;189.74;0;0
Индекс МосБиржи;D;20010514;000000;187.61;0;0;187.61;0;0
Индекс МосБиржи;D;20010515;000000;188.7;0;0;188.7;0;0
Индекс МосБиржи;D;20010516;000000;188.88;0;0;188.88;0;0
Индекс МосБиржи;D;20010517;000000;196.31;0;0;196.31;0;0
Индекс МосБиржи;D;20010518;000000;198.25;0;0;198.25;0;0
Индекс МосБиржи;D;20010521;000000;205.6;0;0;205.6;0;0
Индекс МосБиржи;D;20010522;000000;206.4;0;0;206.4;0;0
Индекс МосБиржи;D;20010523;000000;206.68;0;0;206.68;0;0
Индекс МосБиржи;D;20010524;000000;206.02;0;0;206.02;0;0
Индекс МосБиржи;D;20010525;000000;201.89;0;0;201.89;0;0
Индекс МосБиржи;D;20010528;000000;199.9;0;0;199.9;0;0
Индекс МосБиржи;D;20010529;000000;203.23;0;0;203.23;0;0
Индекс МосБиржи;D;20010530;000000;203.6;0;0;203.6;0;0
Индекс МосБиржи;D;20010531;000000;207.71;0;0;207.71;0;0
Индекс МосБиржи;D;20010601;000000;210.96;0;0;210.96;0;0
Индекс МосБиржи;D;20010604;000000;221.46;0;0;221.46;0;0
Индекс МосБиржи;D;20010605;000000;218.01;0;0;218.01;0;0
Индекс МосБиржи;D;20010606;000000;216.73;0;0;216.73;0;0
Индекс МосБиржи;D;20010607;000000;212.32;0;0;212.32;0;0
Индекс МосБиржи;D;20010608;000000;216.25;0;0;216.25;0;0
Индекс МосБиржи;D;20010609;000000;215.75;0;0;215.75;0;0
Индекс МосБиржи;D;20010613;000000;215.11;0;0;215.11;0;0
Индекс МосБиржи;D;20010614;000000;213.16;0;0;213.16;0;0
Индекс МосБиржи;D;20010615;000000;215.16;0;0;215.16;0;0
Индекс МосБиржи;D;20010618;000000;218.92;0;0;218.92;0;0
Индекс МосБиржи;D;20010619;000000;223.55;0;0;223.55;0;0
Индекс МосБиржи;D;20010620;000000;223.42;0;0;223.42;0;0
Индекс МосБиржи;D;20010621;000000;228.17;0;0;228.17;0;0
Индекс МосБиржи;D;20010622;000000;231.04;0;0;231.04;0;0
Индекс МосБиржи;D;20010625;000000;227.51;0;0;227.51;0;0
Индекс МосБиржи;D;20010626;000000;223.65;0;0;223.65;0;0
Индекс МосБиржи;D;20010627;000000;222.86;0;0;222.86;0;0
Индекс МосБиржи;D;20010628;000000;222.58;0;0;222.58;0;0
Индекс МосБиржи;D;20010629;000000;219.4;0;0;219.4;0;0
Индекс МосБиржи;D;20010702;000000;217.9;0;0;217.9;0;0
Индекс МосБиржи;D;20010703;000000;215.18;0;0;215.18;0;0
Индекс МосБиржи;D;20010704;000000;216.55;0;0;216.55;0;0
Индекс МосБиржи;D;20010705;000000;221.39;0;0;221.39;0;0
Индекс МосБиржи;D;20010706;000000;218.2;0;0;218.2;0;0
Индекс МосБиржи;D;20010709;000000;211.87;0;0;211.87;0;0
Индекс МосБиржи;D;20010710;000000;213.2;0;0;213.2;0;0
Индекс МосБиржи;D;20010711;000000;204.15;0;0;204.15;0;0
Индекс МосБиржи;D;20010712;000000;204.51;0;0;204.51;0;0
Индекс МосБиржи;D;20010713;000000;202.73;0;0;202.73;0;0
Индекс МосБиржи;D;20010716;000000;206.4;0;0;206.4;0;0
Индекс МосБиржи;D;20010717;000000;204.69;0;0;204.69;0;0
Индекс МосБиржи;D;20010718;000000;200.36;0;0;200.36;0;0
Индекс МосБиржи;D;20010719;000000;199.35;0;0;199.35;0;0
Индекс МосБиржи;D;20010720;000000;202.26;0;0;202.26;0;0
Индекс МосБиржи;D;20010723;000000;202.51;0;0;202.51;0;0
Индекс МосБиржи;D;20010724;000000;201.05;0;0;201.05;0;0
Индекс МосБиржи;D;20010725;000000;203.82;0;0;203.82;0;0
Индекс МосБиржи;D;20010726;000000;208.33;0;0;208.33;0;0
Индекс МосБиржи;D;20010727;000000;206.99;0;0;206.99;0;0
Индекс МосБиржи;D;20010730;000000;201.58;0;0;201.58;0;0
Индекс МосБиржи;D;20010731;000000;200.64;0;0;200.64;0;0
Индекс МосБиржи;D;20010801;000000;198.78;0;0;198.78;0;0
Индекс МосБиржи;D;20010802;000000;200.04;0;0;200.04;0;0
Индекс МосБиржи;D;20010803;000000;200.87;0;0;200.87;0;0
Индекс МосБиржи;D;20010806;000000;197.21;0;0;197.21;0;0
Индекс МосБиржи;D;20010807;000000;188.92;0;0;188.92;0;0
Индекс МосБиржи;D;20010808;000000;189.1;0;0;189.1;0;0
Индекс МосБиржи;D;20010809;000000;189.81;0;0;189.81;0;0
Индекс МосБиржи;D;20010810;000000;191.62;0;0;191.62;0;0
Индекс МосБиржи;D;20010813;000000;190.92;0;0;190.92;0;0
Индекс МосБиржи;D;20010814;000000;194.1;0;0;194.1;0;0
Индекс МосБиржи;D;20010815;000000;191.43;0;0;191.43;0;0
Индекс МосБиржи;D;20010816;000000;186.11;0;0;186.11;0;0
Индекс МосБиржи;D;20010817;000000;187.13;0;0;187.13;0;0
Индекс МосБиржи;D;20010820;000000;185.92;0;0;185.92;0;0
Индекс МосБиржи;D;20010821;000000;186.62;0;0;186.62;0;0
Индекс МосБиржи;D;20010822;000000;187.34;0;0;187.34;0;0
Индекс МосБиржи;D;20010823;000000;187.63;0;0;187.63;0;0
Индекс МосБиржи;D;20010824;000000;190.35;0;0;190.35;0;0
Индекс МосБиржи;D;20010827;000000;193.78;0;0;193.78;0;0
Индекс МосБиржи;D;20010828;000000;195.03;0;0;195.03;0;0
Индекс МосБиржи;D;20010829;000000;196.03;0;0;196.03;0;0
Индекс МосБиржи;D;20010830;000000;194.36;0;0;194.36;0;0
Индекс МосБиржи;D;20010831;000000;193.72;0;0;193.72;0;0
Индекс МосБиржи;D;20010903;000000;197.69;0;0;197.69;0;0
Индекс МосБиржи;D;20010904;000000;199.74;0;0;199.74;0;0
Индекс МосБиржи;D;20010905;000000;197.33;0;0;197.33;0;0
Индекс МосБиржи;D;20010906;000000;198.12;0;0;198.12;0;0
Индекс МосБиржи;D;20010907;000000;196.53;0;0;196.53;0;0
Индекс МосБиржи;D;20010910;000000;195.25;0;0;195.25;0;0
Индекс МосБиржи;D;20010911;000000;195.58;0;0;195.58;0;0
Индекс МосБиржи;D;20010912;000000;185.02;0;0;185.02;0;0
Индекс МосБиржи;D;20010913;000000;186.17;0;0;186.17;0;0
Индекс МосБиржи;D;20010914;000000;182.54;0;0;182.54;0;0
Индекс МосБиржи;D;20010917;000000;177.3;0;0;177.3;0;0
Индекс МосБиржи;D;20010918;000000;180.16;0;0;180.16;0;0
Индекс МосБиржи;D;20010919;000000;184.7;0;0;184.7;0;0
Индекс МосБиржи;D;20010920;000000;182.66;0;0;182.66;0;0
Индекс МосБиржи;D;20010921;000000;174.86;0;0;174.86;0;0
Индекс МосБиржи;D;20010924;000000;175.33;0;0;175.33;0;0
Индекс МосБиржи;D;20010925;000000;168.51;0;0;168.51;0;0
Индекс МосБиржи;D;20010926;000000;167.48;0;0;167.48;0;0
Индекс МосБиржи;D;20010927;000000;165.44;0;0;165.44;0;0
Индекс МосБиржи;D;20010928;000000;167.33;0;0;167.33;0;0
Индекс МосБиржи;D;20011001;000000;168.19;0;0;168.19;0;0
Индекс МосБиржи;D;20011002;000000;164.86;0;0;164.86;0;0
Индекс МосБиржи;D;20011003;000000;160.1;0;0;160.1;0;0
Индекс МосБиржи;D;20011004;000000;160.96;0;0;160.96;0;0
Индекс МосБиржи;D;20011005;000000;160.04;0;0;160.04;0;0
Индекс МосБиржи;D;20011008;000000;158.34;0;0;158.34;0;0
Индекс МосБиржи;D;20011009;000000;161.83;0;0;161.83;0;0
Индекс МосБиржи;D;20011010;000000;166.56;0;0;166.56;0;0
Индекс МосБиржи;D;20011011;000000;171.79;0;0;171.79;0;0
Индекс МосБиржи;D;20011012;000000;173.69;0;0;173.69;0;0
Индекс МосБиржи;D;20011015;000000;171.38;0;0;171.38;0;0
Индекс МосБиржи;D;20011016;000000;174.01;0;0;174.01;0;0
Индекс МосБиржи;D;20011017;000000;179.1;0;0;179.1;0;0
Индекс МосБиржи;D;20011018;000000;174.3;0;0;174.3;0;0
Индекс МосБиржи;D;20011019;000000;172.71;0;0;172.71;0;0
Индекс МосБиржи;D;20011022;000000;177.04;0;0;177.04;0;0
Индекс МосБиржи;D;20011023;000000;179.3;0;0;179.3;0;0
Индекс МосБиржи;D;20011024;000000;181.8;0;0;181.8;0;0
Индекс МосБиржи;D;20011025;000000;180.78;0;0;180.78;0;0
Индекс МосБиржи;D;20011026;000000;180.96;0;0;180.96;0;0
Индекс МосБиржи;D;20011029;000000;182.61;0;0;182.61;0;0
Индекс МосБиржи;D;20011030;000000;186.09;0;0;186.09;0;0
Индекс МосБиржи;D;20011031;000000;187.41;0;0;187.41;0;0
Индекс МосБиржи;D;20011101;000000;188.78;0;0;188.78;0;0
Индекс МосБиржи;D;20011102;000000;190.04;0;0;190.04;0;0
Индекс МосБиржи;D;20011105;000000;192.67;0;0;192.67;0;0
Индекс МосБиржи;D;20011106;000000;191.78;0;0;191.78;0;0
Индекс МосБиржи;D;20011108;000000;197.35;0;0;197.35;0;0
Индекс МосБиржи;D;20011109;000000;205.13;0;0;205.13;0;0
Индекс МосБиржи;D;20011112;000000;209.7;0;0;209.7;0;0
Индекс МосБиржи;D;20011113;000000;216.39;0;0;216.39;0;0
Индекс МосБиржи;D;20011114;000000;220.87;0;0;220.87;0;0
Индекс МосБиржи;D;20011115;000000;205.93;0;0;205.93;0;0
Индекс МосБиржи;D;20011116;000000;201.58;0;0;201.58;0;0
Индекс МосБиржи;D;20011119;000000;206.05;0;0;206.05;0;0
Индекс МосБиржи;D;20011120;000000;210.53;0;0;210.53;0;0
Индекс МосБиржи;D;20011121;000000;207.96;0;0;207.96;0;0
Индекс МосБиржи;D;20011122;000000;213.49;0;0;213.49;0;0
Индекс МосБиржи;D;20011123;000000;213.82;0;0;213.82;0;0
Индекс МосБиржи;D;20011126;000000;216.39;0;0;216.39;0;0
Индекс МосБиржи;D;20011127;000000;217.13;0;0;217.13;0;0
Индекс МосБиржи;D;20011128;000000;214.7;0;0;214.7;0;0
Индекс МосБиржи;D;20011129;000000;209.03;0;0;209.03;0;0
Индекс МосБиржи;D;20011130;000000;213.32;0;0;213.32;0;0
Индекс МосБиржи;D;20011203;000000;212.41;0;0;212.41;0;0
Индекс МосБиржи;D;20011204;000000;218.76;0;0;218.76;0;0
Индекс МосБиржи;D;20011205;000000;221.41;0;0;221.41;0;0
Индекс МосБиржи;D;20011206;000000;225.32;0;0;225.32;0;0
Индекс МосБиржи;D;20011207;000000;222.41;0;0;222.41;0;0
Индекс МосБиржи;D;20011210;000000;226.3;0;0;226.3;0;0
Индекс МосБиржи;D;20011211;000000;227.83;0;0;227.83;0;0
Индекс МосБиржи;D;20011213;000000;221.88;0;0;221.88;0;0
Индекс МосБиржи;D;20011214;000000;215.03;0;0;215.03;0;0
Индекс МосБиржи;D;20011217;000000;220.51;0;0;220.51;0;0
Индекс МосБиржи;D;20011218;000000;222.57;0;0;222.57;0;0
Индекс МосБиржи;D;20011219;000000;225.85;0;0;225.85;0;0
Индекс МосБиржи;D;20011220;000000;229.84;0;0;229.84;0;0
Индекс МосБиржи;D;20011221;000000;228.05;0;0;228.05;0;0
Индекс МосБиржи;D;20011224;000000;234.33;0;0;234.33;0;0
Индекс МосБиржи;D;20011225;000000;231.63;0;0;231.63;0;0
Индекс МосБиржи;D;20011226;000000;230.66;0;0;230.66;0;0
Индекс МосБиржи;D;20011227;000000;233.35;0;0;233.35;0;0
Индекс МосБиржи;D;20011228;000000;236.24;0;0;236.24;0;0
Индекс МосБиржи;D;20011229;000000;237.63;0;0;237.63;0;0
Индекс МосБиржи;D;20020103;000000;246.79;0;0;246.79;0;0
Индекс МосБиржи;D;20020104;000000;256.98;0;0;256.98;0;0
Индекс МосБиржи;D;20020108;000000;268.01;0;0;268.01;0;0
Индекс МосБиржи;D;20020109;000000;268.3;0;0;268.3;0;0
Индекс МосБиржи;D;20020110;000000;265.38;0;0;265.38;0;0
Индекс МосБиржи;D;20020111;000000;265.33;0;0;265.33;0;0
Индекс МосБиржи;D;20020114;000000;258.19;0;0;258.19;0;0
Индекс МосБиржи;D;20020115;000000;255.81;0;0;255.81;0;0
Индекс МосБиржи;D;20020116;000000;258.91;0;0;258.91;0;0
Индекс МосБиржи;D;20020117;000000;261.99;0;0;261.99;0;0
Индекс МосБиржи;D;20020118;000000;266;0;0;266;0;0
Индекс МосБиржи;D;20020121;000000;266.39;0;0;266.39;0;0
Индекс МосБиржи;D;20020122;000000;272.07;0;0;272.07;0;0
Индекс МосБиржи;D;20020123;000000;273.74;0;0;273.74;0;0
Индекс МосБиржи;D;20020124;000000;263.08;0;0;263.08;0;0
Индекс МосБиржи;D;20020125;000000;255.95;0;0;255.95;0;0
Индекс МосБиржи;D;20020128;000000;255.91;0;0;255.91;0;0
Индекс МосБиржи;D;20020129;000000;262.94;0;0;262.94;0;0
Индекс МосБиржи;D;20020130;000000;256.82;0;0;256.82;0;0
Индекс МосБиржи;D;20020131;000000;260.77;0;0;260.77;0;0
Индекс МосБиржи;D;20020201;000000;262.13;0;0;262.13;0;0
Индекс МосБиржи;D;20020204;000000;257.01;0;0;257.01;0;0
Индекс МосБиржи;D;20020205;000000;255.02;0;0;255.02;0;0
Индекс МосБиржи;D;20020206;000000;260.26;0;0;260.26;0;0
Индекс МосБиржи;D;20020207;000000;265.11;0;0;265.11;0;0
Индекс МосБиржи;D;20020208;000000;267.27;0;0;267.27;0;0
Индекс МосБиржи;D;20020211;000000;267.31;0;0;267.31;0;0
Индекс МосБиржи;D;20020212;000000;269.87;0;0;269.87;0;0
Индекс МосБиржи;D;20020213;000000;266.37;0;0;266.37;0;0
Индекс МосБиржи;D;20020214;000000;262.61;0;0;262.61;0;0
Индекс МосБиржи;D;20020215;000000;262.22;0;0;262.22;0;0
Индекс МосБиржи;D;20020218;000000;256.85;0;0;256.85;0;0
Индекс МосБиржи;D;20020219;000000;257.23;0;0;257.23;0;0
Индекс МосБиржи;D;20020220;000000;250.71;0;0;250.71;0;0
Индекс МосБиржи;D;20020221;000000;255.34;0;0;255.34;0;0
Индекс МосБиржи;D;20020222;000000;262.55;0;0;262.55;0;0
Индекс МосБиржи;D;20020226;000000;268.88;0;0;268.88;0;0
Индекс МосБиржи;D;20020227;000000;264.51;0;0;264.51;0;0
Индекс МосБиржи;D;20020228;000000;262.65;0;0;262.65;0;0
Индекс МосБиржи;D;20020301;000000;270.04;0;0;270.04;0;0
Индекс МосБиржи;D;20020304;000000;278.75;0;0;278.75;0;0
Индекс МосБиржи;D;20020305;000000;275.47;0;0;275.47;0;0
Индекс МосБиржи;D;20020306;000000;274.39;0;0;274.39;0;0
Индекс МосБиржи;D;20020307;000000;281.96;0;0;281.96;0;0
Индекс МосБиржи;D;20020311;000000;279.32;0;0;279.32;0;0
Индекс МосБиржи;D;20020312;000000;274.83;0;0;274.83;0;0
Индекс МосБиржи;D;20020313;000000;278.42;0;0;278.42;0;0
Индекс МосБиржи;D;20020314;000000;281.34;0;0;281.34;0;0
Индекс МосБиржи;D;20020315;000000;287.37;0;0;287.37;0;0
Индекс МосБиржи;D;20020318;000000;294.18;0;0;294.18;0;0
Индекс МосБиржи;D;20020319;000000;294.09;0;0;294.09;0;0
Индекс МосБиржи;D;20020320;000000;288.92;0;0;288.92;0;0
Индекс МосБиржи;D;20020321;000000;290.64;0;0;290.64;0;0
Индекс МосБиржи;D;20020322;000000;295.36;0;0;295.36;0;0
Индекс МосБиржи;D;20020325;000000;293;0;0;293;0;0
Индекс МосБиржи;D;20020326;000000;286.03;0;0;286.03;0;0
Индекс МосБиржи;D;20020327;000000;292.36;0;0;292.36;0;0
Индекс МосБиржи;D;20020328;000000;299.46;0;0;299.46;0;0
Индекс МосБиржи;D;20020329;000000;302.96;0;0;302.96;0;0
Индекс МосБиржи;D;20020401;000000;302.2;0;0;302.2;0;0
Индекс МосБиржи;D;20020402;000000;301.23;0;0;301.23;0;0
Индекс МосБиржи;D;20020403;000000;293.08;0;0;293.08;0;0
Индекс МосБиржи;D;20020404;000000;293.47;0;0;293.47;0;0
Индекс МосБиржи;D;20020405;000000;295.93;0;0;295.93;0;0
Индекс МосБиржи;D;20020408;000000;296.88;0;0;296.88;0;0
Индекс МосБиржи;D;20020409;000000;304.86;0;0;304.86;0;0
Индекс МосБиржи;D;20020410;000000;311.33;0;0;311.33;0;0
Индекс МосБиржи;D;20020411;000000;315.23;0;0;315.23;0;0
Индекс МосБиржи;D;20020412;000000;314.5;0;0;314.5;0;0
Индекс МосБиржи;D;20020415;000000;320.42;0;0;320.42;0;0
Индекс МосБиржи;D;20020416;000000;324.99;0;0;324.99;0;0
Индекс МосБиржи;D;20020417;000000;328.13;0;0;328.13;0;0
Индекс МосБиржи;D;20020418;000000;336.64;0;0;336.64;0;0
Индекс МосБиржи;D;20020419;000000;339.23;0;0;339.23;0;0
Индекс МосБиржи;D;20020422;000000;341.55;0;0;341.55;0;0
Индекс МосБиржи;D;20020423;000000;337.85;0;0;337.85;0;0
Индекс МосБиржи;D;20020424;000000;339.77;0;0;339.77;0;0
Индекс МосБиржи;D;20020425;000000;337.86;0;0;337.86;0;0
Индекс МосБиржи;D;20020426;000000;343.23;0;0;343.23;0;0
Индекс МосБиржи;D;20020427;000000;344.2;0;0;344.2;0;0
Индекс МосБиржи;D;20020429;000000;347.82;0;0;347.82;0;0
Индекс МосБиржи;D;20020430;000000;343.33;0;0;343.33;0;0
Индекс МосБиржи;D;20020506;000000;340.72;0;0;340.72;0;0
Индекс МосБиржи;D;20020507;000000;328.81;0;0;328.81;0;0
Индекс МосБиржи;D;20020508;000000;329.92;0;0;329.92;0;0
Индекс МосБиржи;D;20020513;000000;328.96;0;0;328.96;0;0
Индекс МосБиржи;D;20020514;000000;340.87;0;0;340.87;0;0
Индекс МосБиржи;D;20020515;000000;346.2;0;0;346.2;0;0
Индекс МосБиржи;D;20020516;000000;344.38;0;0;344.38;0;0
Индекс МосБиржи;D;20020517;000000;349.08;0;0;349.08;0;0
Индекс МосБиржи;D;20020518;000000;352.7;0;0;352.7;0;0
Индекс МосБиржи;D;20020520;000000;355.39;0;0;355.39;0;0
Индекс МосБиржи;D;20020521;000000;349.85;0;0;349.85;0;0
Индекс МосБиржи;D;20020522;000000;344.92;0;0;344.92;0;0
Индекс МосБиржи;D;20020523;000000;347.72;0;0;347.72;0;0
Индекс МосБиржи;D;20020524;000000;341.37;0;0;341.37;0;0
Индекс МосБиржи;D;20020527;000000;345.42;0;0;345.42;0;0
Индекс МосБиржи;D;20020529;000000;335.51;0;0;335.51;0;0
Индекс МосБиржи;D;20020530;000000;336.47;0;0;336.47;0;0
Индекс МосБиржи;D;20020531;000000;333.61;0;0;333.61;0;0
Индекс МосБиржи;D;20020603;000000;333.75;0;0;333.75;0;0
Индекс МосБиржи;D;20020604;000000;326.14;0;0;326.14;0;0
Индекс МосБиржи;D;20020605;000000;328.65;0;0;328.65;0;0
Индекс МосБиржи;D;20020606;000000;334.52;0;0;334.52;0;0
Индекс МосБиржи;D;20020607;000000;330.15;0;0;330.15;0;0
Индекс МосБиржи;D;20020610;000000;338.84;0;0;338.84;0;0
Индекс МосБиржи;D;20020611;000000;337.35;0;0;337.35;0;0
Индекс МосБиржи;D;20020613;000000;338;0;0;338;0;0
Индекс МосБиржи;D;20020614;000000;330.68;0;0;330.68;0;0
Индекс МосБиржи;D;20020617;000000;327.51;0;0;327.51;0;0
Индекс МосБиржи;D;20020618;000000;320.22;0;0;320.22;0;0
Индекс МосБиржи;D;20020619;000000;312.27;0;0;312.27;0;0
Индекс МосБиржи;D;20020620;000000;307.92;0;0;307.92;0;0
Индекс МосБиржи;D;20020621;000000;297.15;0;0;297.15;0;0
Индекс МосБиржи;D;20020624;000000;298.06;0;0;298.06;0;0
Индекс МосБиржи;D;20020625;000000;300.79;0;0;300.79;0;0
Индекс МосБиржи;D;20020626;000000;290.47;0;0;290.47;0;0
Индекс МосБиржи;D;20020627;000000;299.82;0;0;299.82;0;0
Индекс МосБиржи;D;20020628;000000;304.18;0;0;304.18;0;0
Индекс МосБиржи;D;20020701;000000;306.21;0;0;306.21;0;0
Индекс МосБиржи;D;20020702;000000;305.6;0;0;305.6;0;0
Индекс МосБиржи;D;20020703;000000;300.9;0;0;300.9;0;0
Индекс МосБиржи;D;20020704;000000;309.86;0;0;309.86;0;0
Индекс МосБиржи;D;20020705;000000;316.25;0;0;316.25;0;0
Индекс МосБиржи;D;20020708;000000;316.86;0;0;316.86;0;0
Индекс МосБиржи;D;20020709;000000;319.94;0;0;319.94;0;0
Индекс МосБиржи;D;20020710;000000;324.24;0;0;324.24;0;0
Индекс МосБиржи;D;20020711;000000;318.31;0;0;318.31;0;0
Индекс МосБиржи;D;20020712;000000;318.18;0;0;318.18;0;0
Индекс МосБиржи;D;20020715;000000;312.55;0;0;312.55;0;0
Индекс МосБиржи;D;20020716;000000;308;0;0;308;0;0
Индекс МосБиржи;D;20020717;000000;312.97;0;0;312.97;0;0
Индекс МосБиржи;D;20020718;000000;318.83;0;0;318.83;0;0
Индекс МосБиржи;D;20020719;000000;314.57;0;0;314.57;0;0
Индекс МосБиржи;D;20020722;000000;305.5;0;0;305.5;0;0
Индекс МосБиржи;D;20020723;000000;302.08;0;0;302.08;0;0
Индекс МосБиржи;D;20020724;000000;285.98;0;0;285.98;0;0
Индекс МосБиржи;D;20020725;000000;285.93;0;0;285.93;0;0
Индекс МосБиржи;D;20020726;000000;275.42;0;0;275.42;0;0
Индекс МосБиржи;D;20020729;000000;286.08;0;0;286.08;0;0
Индекс МосБиржи;D;20020730;000000;286.54;0;0;286.54;0;0
Индекс МосБиржи;D;20020731;000000;281.81;0;0;281.81;0;0
Индекс МосБиржи;D;20020801;000000;283.52;0;0;283.52;0;0
Индекс МосБиржи;D;20020802;000000;280.75;0;0;280.75;0;0
Индекс МосБиржи;D;20020805;000000;272.21;0;0;272.21;0;0
Индекс МосБиржи;D;20020806;000000;269.55;0;0;269.55;0;0
Индекс МосБиржи;D;20020807;000000;280.95;0;0;280.95;0;0
Индекс МосБиржи;D;20020808;000000;285.78;0;0;285.78;0;0
Индекс МосБиржи;D;20020809;000000;284.57;0;0;284.57;0;0
Индекс МосБиржи;D;20020812;000000;283.69;0;0;283.69;0;0
Индекс МосБиржи;D;20020813;000000;287.3;0;0;287.3;0;0
Индекс МосБиржи;D;20020814;000000;291.14;0;0;291.14;0;0
Индекс МосБиржи;D;20020815;000000;297.76;0;0;297.76;0;0
Индекс МосБиржи;D;20020816;000000;294.68;0;0;294.68;0;0
Индекс МосБиржи;D;20020819;000000;299.95;0;0;299.95;0;0
Индекс МосБиржи;D;20020820;000000;304.56;0;0;304.56;0;0
Индекс МосБиржи;D;20020821;000000;304.25;0;0;304.25;0;0
Индекс МосБиржи;D;20020822;000000;307.54;0;0;307.54;0;0
Индекс МосБиржи;D;20020823;000000;303.42;0;0;303.42;0;0
Индекс МосБиржи;D;20020826;000000;300.2;0;0;300.2;0;0
Индекс МосБиржи;D;20020827;000000;304.19;0;0;304.19;0;0
Индекс МосБиржи;D;20020828;000000;303.03;0;0;303.03;0;0
Индекс МосБиржи;D;20020829;000000;293.46;0;0;293.46;0;0
Индекс МосБиржи;D;20020830;000000;292.23;0;0;292.23;0;0
Индекс МосБиржи;D;20020902;000000;287.58;0;0;287.58;0;0
Индекс МосБиржи;D;20020903;000000;284.43;0;0;284.43;0;0
Индекс МосБиржи;D;20020904;000000;285.31;0;0;285.31;0;0
Индекс МосБиржи;D;20020905;000000;286.17;0;0;286.17;0;0
Индекс МосБиржи;D;20020906;000000;288.5;0;0;288.5;0;0
Индекс МосБиржи;D;20020909;000000;289.64;0;0;289.64;0;0
Индекс МосБиржи;D;20020910;000000;294.36;0;0;294.36;0;0
Индекс МосБиржи;D;20020911;000000;298.05;0;0;298.05;0;0
Индекс МосБиржи;D;20020912;000000;296.62;0;0;296.62;0;0
Индекс МосБиржи;D;20020913;000000;290.53;0;0;290.53;0;0
Индекс МосБиржи;D;20020916;000000;289.11;0;0;289.11;0;0
Индекс МосБиржи;D;20020917;000000;292.51;0;0;292.51;0;0
Индекс МосБиржи;D;20020918;000000;284.19;0;0;284.19;0;0
Индекс МосБиржи;D;20020919;000000;282.5;0;0;282.5;0;0
Индекс МосБиржи;D;20020920;000000;285.39;0;0;285.39;0;0
Индекс МосБиржи;D;20020923;000000;289.46;0;0;289.46;0;0
Индекс МосБиржи;D;20020924;000000;289.61;0;0;289.61;0;0
Индекс МосБиржи;D;20020925;000000;293.9;0;0;293.9;0;0
Индекс МосБиржи;D;20020926;000000;298.6;0;0;298.6;0;0
Индекс МосБиржи;D;20020927;000000;295.3;0;0;295.3;0;0
Индекс МосБиржи;D;20020930;000000;289.96;0;0;289.96;0;0
Индекс МосБиржи;D;20021001;000000;288.83;0;0;288.83;0;0
Индекс МосБиржи;D;20021002;000000;295.33;0;0;295.33;0;0
Индекс МосБиржи;D;20021003;000000;298.67;0;0;298.67;0;0
Индекс МосБиржи;D;20021004;000000;303.19;0;0;303.19;0;0
Индекс МосБиржи;D;20021007;000000;306.58;0;0;306.58;0;0
Индекс МосБиржи;D;20021008;000000;306.89;0;0;306.89;0;0
Индекс МосБиржи;D;20021009;000000;306.56;0;0;306.56;0;0
Индекс МосБиржи;D;20021010;000000;298.22;0;0;298.22;0;0
Индекс МосБиржи;D;20021011;000000;299.24;0;0;299.24;0;0
Индекс МосБиржи;D;20021014;000000;296.95;0;0;296.95;0;0
Индекс МосБиржи;D;20021015;000000;303.33;0;0;303.33;0;0
Индекс МосБиржи;D;20021016;000000;306.4;0;0;306.4;0;0
Индекс МосБиржи;D;20021017;000000;310.27;0;0;310.27;0;0
Индекс МосБиржи;D;20021018;000000;310.01;0;0;310.01;0;0
Индекс МосБиржи;D;20021021;000000;311.45;0;0;311.45;0;0
Индекс МосБиржи;D;20021022;000000;310;0;0;310;0;0
Индекс МосБиржи;D;20021023;000000;309.24;0;0;309.24;0;0
Индекс МосБиржи;D;20021024;000000;301.49;0;0;301.49;0;0
Индекс МосБиржи;D;20021025;000000;300.06;0;0;300.06;0;0
Индекс МосБиржи;D;20021028;000000;306.81;0;0;306.81;0;0
Индекс МосБиржи;D;20021029;000000;306.3;0;0;306.3;0;0
Индекс МосБиржи;D;20021030;000000;306.86;0;0;306.86;0;0
Индекс МосБиржи;D;20021031;000000;311.41;0;0;311.41;0;0
Индекс МосБиржи;D;20021101;000000;310.74;0;0;310.74;0;0
Индекс МосБиржи;D;20021104;000000;312.58;0;0;312.58;0;0
Индекс МосБиржи;D;20021105;000000;306.28;0;0;306.28;0;0
Индекс МосБиржи;D;20021106;000000;301.89;0;0;301.89;0;0
Индекс МосБиржи;D;20021110;000000;300.07;0;0;300.07;0;0
Индекс МосБиржи;D;20021111;000000;301.36;0;0;301.36;0;0
Индекс МосБиржи;D;20021112;000000;308.78;0;0;308.78;0;0
Индекс МосБиржи;D;20021113;000000;309.41;0;0;309.41;0;0
Индекс МосБиржи;D;20021114;000000;307.01;0;0;307.01;0;0
Индекс МосБиржи;D;20021115;000000;309.48;0;0;309.48;0;0
Индекс МосБиржи;D;20021118;000000;313.59;0;0;313.59;0;0
Индекс МосБиржи;D;20021119;000000;309.76;0;0;309.76;0;0
Индекс МосБиржи;D;20021120;000000;310.61;0;0;310.61;0;0
Индекс МосБиржи;D;20021121;000000;315.81;0;0;315.81;0;0
Индекс МосБиржи;D;20021122;000000;316.21;0;0;316.21;0;0
Индекс МосБиржи;D;20021125;000000;316.1;0;0;318.82;0;0
Индекс МосБиржи;D;20021126;000000;319.51;0;0;318.91;0;0
Индекс МосБиржи;D;20021127;000000;318.13;0;0;317.71;0;0
Индекс МосБиржи;D;20021128;000000;317.71;321.4033;317.0106;321.2369;0;0
Индекс МосБиржи;D;20021129;000000;321.24;322.3008;319.1963;321.4065;0;0
Индекс МосБиржи;D;20021202;000000;321.41;326.0426;318.0132;318.1663;0;0
Индекс МосБиржи;D;20021203;000000;318.17;318.8968;313.6716;314.8482;0;0
Индекс МосБиржи;D;20021204;000000;314.85;316.6937;308.1058;309.728;0;0
Индекс МосБиржи;D;20021205;000000;309.73;312.486;309.728;310.7387;0;0
Индекс МосБиржи;D;20021206;000000;310.74;313.4436;310.6525;313.3963;0;0
Индекс МосБиржи;D;20021209;000000;313.4;317.048;311.1225;313.7798;0;0
Индекс МосБиржи;D;20021210;000000;309.0314;314.0199;309.0104;309.0314;0;0
Индекс МосБиржи;D;20021211;000000;309.03;309.6768;303.5145;305.6196;0;0
Индекс МосБиржи;D;20021215;000000;305.62;306.4866;301.4459;306.4364;0;0
Индекс МосБиржи;D;20021216;000000;306.44;307.7117;298.8003;302.1785;0;0
Индекс МосБиржи;D;20021217;000000;302.18;311.5467;302.1785;311.1784;0;0
Индекс МосБиржи;D;20021218;000000;311.18;313.358;306.9086;308.0081;0;0
Индекс МосБиржи;D;20021219;000000;308.01;313.586;308.0081;313.5028;0;0
Индекс МосБиржи;D;20021220;000000;313.5;314.9871;311.3256;314.3847;0;0
Индекс МосБиржи;D;20021223;000000;314.38;316.05;311.8929;314.5653;0;0
Индекс МосБиржи;D;20021224;000000;314.57;315.8862;311.4595;311.6286;0;0
Индекс МосБиржи;D;20021225;000000;311.63;314.3522;307.7246;314.3328;0;0
Индекс МосБиржи;D;20021226;000000;314.33;315.7665;312.8389;315.6725;0;0
Индекс МосБиржи;D;20021227;000000;315.67;319.4096;314.8681;318.8015;0;0
Индекс МосБиржи;D;20021230;000000;318.8;318.8015;316.8082;317.6277;0;0
Индекс МосБиржи;D;20021231;000000;317.63;319.1427;317.3495;318.9063;0;0
Индекс МосБиржи;D;20030104;000000;320.9204;321.808;318.8298;320.9204;0;0
Индекс МосБиржи;D;20030105;000000;319.5329;320.9212;319.2903;319.5329;0;0
Индекс МосБиржи;D;20030108;000000;319.53;319.5329;309.5109;316.1337;0;0
Индекс МосБиржи;D;20030109;000000;316.13;322.3983;316.0174;322.3974;0;0
Индекс МосБиржи;D;20030110;000000;322.4;323.7445;319.7438;321.8676;0;0
Индекс МосБиржи;D;20030113;000000;321.87;324.8641;321.0967;321.2682;0;0
Индекс МосБиржи;D;20030114;000000;321.27;323.3437;319.5496;320.2668;0;0
Индекс МосБиржи;D;20030115;000000;320.27;324.6155;320.2637;323.1834;0;0
Индекс МосБиржи;D;20030116;000000;323.18;324.8905;322.5284;322.9242;0;0
Индекс МосБиржи;D;20030117;000000;322.92;322.9244;317.2544;317.4368;0;0
Индекс МосБиржи;D;20030120;000000;317.44;319.3825;317.0135;317.9444;0;0
Индекс МосБиржи;D;20030121;000000;317.94;319.4113;305.0746;305.725;0;0
Индекс МосБиржи;D;20030122;000000;305.73;308.4241;302.7105;306.1559;0;0
Индекс МосБиржи;D;20030123;000000;306.16;309.8283;300.0384;304.3546;0;0
Индекс МосБиржи;D;20030124;000000;304.35;307.2123;302.1355;303.9664;0;0
Индекс МосБиржи;D;20030127;000000;303.97;303.9664;295.3209;302.6514;0;0
Индекс МосБиржи;D;20030128;000000;302.65;306.2432;302.2739;306.2035;0;0
Индекс МосБиржи;D;20030129;000000;307.2241;309.4731;304.4761;307.2241;0;0
Индекс МосБиржи;D;20030130;000000;311.0308;311.3519;307.2241;311.0308;0;0
Индекс МосБиржи;D;20030131;000000;307.782;311.0308;306.0433;307.782;0;0
Индекс МосБиржи;D;20030203;000000;311.5324;311.562;307.782;311.5324;0;0
Индекс МосБиржи;D;20030204;000000;310.7308;314.3963;308.4555;310.7308;0;0
Индекс МосБиржи;D;20030205;000000;310.7753;311.4946;308.6743;310.7753;0;0
Индекс МосБиржи;D;20030206;000000;308.1832;311.8323;308.0723;308.1832;0;0
Индекс МосБиржи;D;20030207;000000;314.3422;316.364;308.1079;314.3422;0;0
Индекс МосБиржи;D;20030210;000000;322.4145;322.8292;314.3083;322.4145;0;0
Индекс МосБиржи;D;20030211;000000;322.41;334.4162;322.4145;334.1484;0;0
Индекс МосБиржи;D;20030212;000000;334.15;336.1263;329.1766;330.0012;0;0
Индекс МосБиржи;D;20030213;000000;330;331.3425;326.4145;329.5568;0;0
Индекс МосБиржи;D;20030214;000000;329.56;332.1639;328.2827;331.6933;0;0
Индекс МосБиржи;D;20030217;000000;331.69;335.6492;331.6933;333.5755;0;0
Индекс МосБиржи;D;20030218;000000;333.58;335.4378;332.3657;334.014;0;0
Индекс МосБиржи;D;20030219;000000;334.01;334.663;327.1858;327.6855;0;0
Индекс МосБиржи;D;20030220;000000;327.69;332.3315;326.4252;330.614;0;0
Индекс МосБиржи;D;20030221;000000;330.61;333.5358;329.2467;333.4186;0;0
Индекс МосБиржи;D;20030225;000000;333.42;336.1556;332.9989;335.7446;0;0
Индекс МосБиржи;D;20030226;000000;335.74;338.0312;334.3459;335.6681;0;0
Индекс МосБиржи;D;20030227;000000;335.67;338.3549;333.9838;338.3522;0;0
Индекс МосБиржи;D;20030228;000000;338.35;341.5358;337.6753;341.5213;0;0
Индекс МосБиржи;D;20030303;000000;341.52;352.4298;341.5213;352.2432;0;0
Индекс МосБиржи;D;20030304;000000;352.24;353.3022;347.548;348.4028;0;0
Индекс МосБиржи;D;20030305;000000;348.4;358.3621;345.0087;357.6532;0;0
Индекс МосБиржи;D;20030306;000000;357.65;363.3684;357.6532;359.9712;0;0
Индекс МосБиржи;D;20030307;000000;359.97;359.9712;354.5339;354.8718;0;0
Индекс МосБиржи;D;20030311;000000;354.87;354.8718;347.1034;349.8934;0;0
Индекс МосБиржи;D;20030312;000000;349.89;352.0154;342.0728;343.2408;0;0
Индекс МосБиржи;D;20030313;000000;343.24;348.2811;343.1255;346.8281;0;0
Индекс МосБиржи;D;20030314;000000;346.83;349.6467;345.3712;345.6493;0;0
Индекс МосБиржи;D;20030317;000000;345.65;345.6493;335.9511;337.8267;0;0
Индекс МосБиржи;D;20030318;000000;337.83;339.5516;328.6456;330.1411;0;0
Индекс МосБиржи;D;20030319;000000;330.14;334.4017;329.3592;333.9726;0;0
Индекс МосБиржи;D;20030320;000000;333.97;336.7473;331.0337;334.9088;0;0
Индекс МосБиржи;D;20030321;000000;334.91;338.9168;334.6208;338.7561;0;0
Индекс МосБиржи;D;20030324;000000;338.76;339.7279;330.6221;332.3047;0;0
Индекс МосБиржи;D;20030325;000000;332.3;335.3417;331.2688;333.5749;0;0
Индекс МосБиржи;D;20030326;000000;333.57;335.2202;332.678;333.3021;0;0
Индекс МосБиржи;D;20030327;000000;333.3;335.4017;332.1932;332.6967;0;0
Индекс МосБиржи;D;20030328;000000;332.7;334.8383;330.6354;332.8834;0;0
Индекс МосБиржи;D;20030331;000000;332.88;332.8835;322.8308;325.5564;0;0
Индекс МосБиржи;D;20030401;000000;325.56;328.702;324.5006;327.44;0;0
Индекс МосБиржи;D;20030402;000000;327.44;331.1226;327.44;331.0201;0;0
Индекс МосБиржи;D;20030403;000000;331.02;331.7422;326.9392;326.9442;0;0
Индекс МосБиржи;D;20030404;000000;326.94;331.0854;325.9994;330.5303;0;0
Индекс МосБиржи;D;20030407;000000;330.53;336.8747;330.5303;336.3039;0;0
Индекс МосБиржи;D;20030408;000000;336.3;339.9974;334.8166;337.4807;0;0
Индекс МосБиржи;D;20030409;000000;337.48;339.6347;335.3613;336.534;0;0
Индекс МосБиржи;D;20030410;000000;336.53;338.6795;335.0284;336.7642;0;0
Индекс МосБиржи;D;20030411;000000;336.76;339.2278;336.7596;338.2112;0;0
Индекс МосБиржи;D;20030414;000000;338.21;342.9016;337.3942;341.9885;0;0
Индекс МосБиржи;D;20030415;000000;341.99;346.2123;340.6772;345.9707;0;0
Индекс МосБиржи;D;20030416;000000;345.97;352.2129;344.046;344.6319;0;0
Индекс МосБиржи;D;20030417;000000;344.63;348.9216;343.4477;348.6139;0;0
Индекс МосБиржи;D;20030418;000000;348.61;357.0857;348.6139;356.8144;0;0
Индекс МосБиржи;D;20030421;000000;356.81;370.0736;356.8144;363.8913;0;0
Индекс МосБиржи;D;20030422;000000;363.89;371.9012;361.7939;364.8854;0;0
Индекс МосБиржи;D;20030423;000000;364.89;373.5642;363.3456;373.0503;0;0
Индекс МосБиржи;D;20030424;000000;373.05;373.079;364.162;366.2109;0;0
Индекс МосБиржи;D;20030425;000000;366.21;373.2267;365.3963;371.9587;0;0
Индекс МосБиржи;D;20030428;000000;371.96;386.9556;371.9587;382.7369;0;0
Индекс МосБиржи;D;20030429;000000;382.74;384.2963;372.7339;376.2644;0;0
Индекс МосБиржи;D;20030430;000000;376.26;379.2989;368.8789;369.7732;0;0
Индекс МосБиржи;D;20030505;000000;369.77;380.6962;369.7732;380.2213;0;0
Индекс МосБиржи;D;20030506;000000;380.22;382.4502;376.2229;379.8815;0;0
Индекс МосБиржи;D;20030507;000000;379.88;380.5372;375.7664;375.8596;0;0
Индекс МосБиржи;D;20030508;000000;375.86;377.9126;372.8717;374.7912;0;0
Индекс МосБиржи;D;20030512;000000;374.79;385.5626;374.7676;385.2718;0;0
Индекс МосБиржи;D;20030513;000000;385.27;388.9002;380.9966;384.5603;0;0
Индекс МосБиржи;D;20030514;000000;384.56;388.6026;383.9683;387.036;0;0
Индекс МосБиржи;D;20030515;000000;387.04;391.8186;387.01;391.8177;0;0
Индекс МосБиржи;D;20030516;000000;391.82;400.4248;390.1085;399.7358;0;0
Индекс МосБиржи;D;20030519;000000;399.74;411.1097;399.631;404.3299;0;0
Индекс МосБиржи;D;20030520;000000;404.33;404.3332;392.9281;399.4721;0;0
Индекс МосБиржи;D;20030521;000000;399.47;404.4535;396.5367;399.3715;0;0
Индекс МосБиржи;D;20030522;000000;399.37;411.242;398.9013;411.2169;0;0
Индекс МосБиржи;D;20030523;000000;411.22;421.6972;410.814;415.2621;0;0
Индекс МосБиржи;D;20030526;000000;415.26;423.36;415.09;420.99;0;0
Индекс МосБиржи;D;20030527;000000;420.99;422.79;416.56;422.57;0;0
Индекс МосБиржи;D;20030528;000000;422.57;429.65;422.57;426.61;0;0
Индекс МосБиржи;D;20030529;000000;426.61;426.61;412.75;420.56;0;0
Индекс МосБиржи;D;20030530;000000;420.56;424.63;419.73;421.08;0;0
Индекс МосБиржи;D;20030602;000000;421.08;424.52;412.43;413.64;0;0
Индекс МосБиржи;D;20030603;000000;413.64;420.17;412.79;420.06;0;0
Индекс МосБиржи;D;20030604;000000;420.06;424.83;420.06;423.82;0;0
Индекс МосБиржи;D;20030605;000000;423.82;426.58;419.45;420.07;0;0
Индекс МосБиржи;D;20030606;000000;420.07;432.19;418.7;431.39;0;0
Индекс МосБиржи;D;20030609;000000;431.39;440.72;431.09;437.14;0;0
Индекс МосБиржи;D;20030610;000000;437.14;440.57;423.1;421.49;0;0
Индекс МосБиржи;D;20030611;000000;421.49;431.48;420.75;430.09;0;0
Индекс МосБиржи;D;20030616;000000;430.09;452.55;430.09;452.34;0;0
Индекс МосБиржи;D;20030617;000000;452.34;461.77;452.34;456.74;0;0
Индекс МосБиржи;D;20030618;000000;456.74;461.88;451.39;451.9;0;0
Индекс МосБиржи;D;20030619;000000;451.9;456.83;438.42;441.21;0;0
Индекс МосБиржи;D;20030620;000000;441.21;446.22;440.53;443.57;0;0
Индекс МосБиржи;D;20030621;000000;443.57;448.72;443.57;447.04;0;0
Индекс МосБиржи;D;20030623;000000;447.04;449.44;438.74;441.19;0;0
Индекс МосБиржи;D;20030624;000000;441.19;447.27;440.39;443.59;0;0
Индекс МосБиржи;D;20030625;000000;443.59;455.12;443.43;455.1;0;0
Индекс МосБиржи;D;20030626;000000;455.1;457.79;445.86;448.15;0;0
Индекс МосБиржи;D;20030627;000000;448.15;452.94;448.15;451.02;0;0
Индекс МосБиржи;D;20030630;000000;451.02;455.44;455.44;455.44;0;0
Индекс МосБиржи;D;20030701;000000;455.44;455.16;455.16;455.16;0;0
Индекс МосБиржи;D;20030702;000000;455.16;468.56;454.91;467.98;0;0
Индекс МосБиржи;D;20030703;000000;467.98;467.98;456.63;460.98;0;0
Индекс МосБиржи;D;20030704;000000;460.98;466.95;456.44;466.48;0;0
Индекс МосБиржи;D;20030707;000000;466.48;473.85;466.4;468.05;0;0
Индекс МосБиржи;D;20030708;000000;468.05;469.57;458.83;463.13;0;0
Индекс МосБиржи;D;20030709;000000;463.13;463.76;445.04;446.69;0;0
Индекс МосБиржи;D;20030710;000000;446.69;446.69;431.06;433.37;0;0
Индекс МосБиржи;D;20030711;000000;433.37;437.25;421.46;427.26;0;0
Индекс МосБиржи;D;20030714;000000;427.26;439.32;427.16;439.3;0;0
Индекс МосБиржи;D;20030715;000000;439.3;444.28;433.41;438.55;0;0
Индекс МосБиржи;D;20030716;000000;438.55;439.13;408.58;410.24;0;0
Индекс МосБиржи;D;20030717;000000;410.24;415.23;386.23;391.93;0;0
Индекс МосБиржи;D;20030718;000000;391.93;405.48;391.66;398.8;0;0
Индекс МосБиржи;D;20030721;000000;398.8;411.01;398.79;410.13;0;0
Индекс МосБиржи;D;20030722;000000;410.13;420.81;408.94;419.1;0;0
Индекс МосБиржи;D;20030723;000000;419.1;420.66;411.08;413.98;0;0
Индекс МосБиржи;D;20030724;000000;413.98;427;413.98;426.8;0;0
Индекс МосБиржи;D;20030725;000000;426.8;434.38;423.56;428.11;0;0
Индекс МосБиржи;D;20030728;000000;428.11;433.36;425.29;427.96;0;0
Индекс МосБиржи;D;20030729;000000;427.96;427.96;411.41;417.07;0;0
Индекс МосБиржи;D;20030730;000000;417.07;424.94;415.87;422.43;0;0
Индекс МосБиржи;D;20030731;000000;422.43;430.8;421.98;430.3;0;0
Индекс МосБиржи;D;20030801;000000;430.3;430.3;417.22;419.22;0;0
Индекс МосБиржи;D;20030804;000000;419.22;425.08;418.83;421.65;0;0
Индекс МосБиржи;D;20030805;000000;421.65;426.07;421.4;424.41;0;0
Индекс МосБиржи;D;20030806;000000;424.41;431.97;417.67;431.9;0;0
Индекс МосБиржи;D;20030807;000000;431.9;436.85;431.87;431.97;0;0
Индекс МосБиржи;D;20030808;000000;431.97;435.1;429.04;433.47;0;0
Индекс МосБиржи;D;20030811;000000;433.47;443.35;433.32;442.96;0;0
Индекс МосБиржи;D;20030812;000000;442.96;447.34;440.83;447.28;0;0
Индекс МосБиржи;D;20030813;000000;447.28;454.66;447.28;453.36;0;0
Индекс МосБиржи;D;20030814;000000;453.36;457.8;448.57;457.76;0;0
Индекс МосБиржи;D;20030815;000000;457.76;468.67;456.89;464.33;0;0
Индекс МосБиржи;D;20030818;000000;464.33;476.02;462.47;474.91;0;0
Индекс МосБиржи;D;20030819;000000;474.91;478.48;471.32;476.17;0;0
Индекс МосБиржи;D;20030820;000000;476.17;476.45;462.55;469.87;0;0
Индекс МосБиржи;D;20030821;000000;469.87;478.76;468.76;478.31;0;0
Индекс МосБиржи;D;20030822;000000;478.31;481.71;471.04;479.96;0;0
Индекс МосБиржи;D;20030825;000000;479.96;480.54;471.3;477.4;0;0
Индекс МосБиржи;D;20030826;000000;477.4;477.45;469.2;471.13;0;0
Индекс МосБиржи;D;20030827;000000;471.13;474.59;468.46;469.98;0;0
Индекс МосБиржи;D;20030828;000000;469.98;479.52;469.84;476.35;0;0
Индекс МосБиржи;D;20030829;000000;476.35;484.5;476.35;484;0;0
Индекс МосБиржи;D;20030901;000000;484;493.48;484;491.9;0;0
Индекс МосБиржи;D;20030902;000000;491.9;501.49;491.09;501.03;0;0
Индекс МосБиржи;D;20030903;000000;501.03;506.7;493.88;495.11;0;0
Индекс МосБиржи;D;20030904;000000;495.11;503.8;487.1;502.29;0;0
Индекс МосБиржи;D;20030905;000000;502.29;505.03;496.88;497.82;0;0
Индекс МосБиржи;D;20030908;000000;497.82;497.91;489.72;492.8;0;0
Индекс МосБиржи;D;20030909;000000;492.8;498.06;489.95;490.25;0;0
Индекс МосБиржи;D;20030910;000000;490.25;495.34;484.73;495.32;0;0
Индекс МосБиржи;D;20030911;000000;495.32;500.15;490.54;491.88;0;0
Индекс МосБиржи;D;20030912;000000;491.88;499.56;490.92;498.22;0;0
Индекс МосБиржи;D;20030915;000000;498.22;507.71;498.22;505.8;0;0
Индекс МосБиржи;D;20030916;000000;505.8;508.27;500.01;507.08;0;0
Индекс МосБиржи;D;20030917;000000;507.08;512.06;500.2;502.12;0;0
Индекс МосБиржи;D;20030918;000000;502.12;505.75;499.74;501.86;0;0
Индекс МосБиржи;D;20030919;000000;501.86;504.84;494.02;497.37;0;0
Индекс МосБиржи;D;20030922;000000;497.37;497.62;490.38;492.65;0;0
Индекс МосБиржи;D;20030923;000000;492.65;504.67;492.64;504.52;0;0
Индекс МосБиржи;D;20030924;000000;504.52;512.56;504.52;507.72;0;0
Индекс МосБиржи;D;20030925;000000;507.72;508.52;503.29;503.83;0;0
Индекс МосБиржи;D;20030926;000000;503.83;507.68;499.99;502.62;0;0
Индекс МосБиржи;D;20030929;000000;502.62;516.12;501.35;516.03;0;0
Индекс МосБиржи;D;20030930;000000;516.03;520.54;514.04;515.17;0;0
Индекс МосБиржи;D;20031001;000000;515.17;523.57;513.18;521.11;0;0
Индекс МосБиржи;D;20031002;000000;521.11;533.95;521.11;533.25;0;0
Индекс МосБиржи;D;20031003;000000;533.25;547.07;533.25;535.8;0;0
Индекс МосБиржи;D;20031006;000000;535.8;540.56;530.15;540.56;0;0
Индекс МосБиржи;D;20031007;000000;540.56;550.38;540.56;546.32;0;0
Индекс МосБиржи;D;20031008;000000;546.32;570.11;533.11;567.52;0;0
Индекс МосБиржи;D;20031009;000000;567.52;584.14;557.42;559.35;0;0
Индекс МосБиржи;D;20031010;000000;559.35;560.39;547.83;550.64;0;0
Индекс МосБиржи;D;20031013;000000;550.64;567.49;550.64;567.38;0;0
Индекс МосБиржи;D;20031014;000000;567.38;586.7;567.38;570.67;0;0
Индекс МосБиржи;D;20031015;000000;570.67;579.36;568.06;572.16;0;0
Индекс МосБиржи;D;20031016;000000;572.16;582.83;572.16;580.1;0;0
Индекс МосБиржи;D;20031017;000000;580.1;583.62;577.32;583.1;0;0
Индекс МосБиржи;D;20031020;000000;583.1;591.32;578.74;579.67;0;0
Индекс МосБиржи;D;20031021;000000;579.67;580.75;549.2;553.45;0;0
Индекс МосБиржи;D;20031022;000000;553.45;553.45;525.62;527.12;0;0
Индекс МосБиржи;D;20031023;000000;527.12;532.82;521.96;530.91;0;0
Индекс МосБиржи;D;20031024;000000;530.91;541.95;530.56;536;0;0
Индекс МосБиржи;D;20031027;000000;536;536;454.46;500.42;0;0
Индекс МосБиржи;D;20031028;000000;500.42;516.26;495.44;509.67;0;0
Индекс МосБиржи;D;20031029;000000;509.67;512.29;485.73;498.35;0;0
Индекс МосБиржи;D;20031030;000000;498.35;498.35;448.39;448.76;0;0
Индекс МосБиржи;D;20031031;000000;448.76;472.27;448.76;468.85;0;0
Индекс МосБиржи;D;20031103;000000;468.85;506.5;468.85;506.25;0;0
Индекс МосБиржи;D;20031104;000000;506.25;508.84;496.89;502.78;0;0
Индекс МосБиржи;D;20031105;000000;502.78;503.88;487.42;493.1;0;0
Индекс МосБиржи;D;20031106;000000;493.1;499.63;485.05;492.89;0;0
Индекс МосБиржи;D;20031110;000000;492.89;500.12;492.88;493.72;0;0
Индекс МосБиржи;D;20031111;000000;493.72;494.96;477.35;482.61;0;0
Индекс МосБиржи;D;20031112;000000;482.61;484.71;463.27;474.82;0;0
Индекс МосБиржи;D;20031113;000000;474.82;482.46;474.27;475.43;0;0
Индекс МосБиржи;D;20031114;000000;475.43;477.18;472.02;472.57;0;0
Индекс МосБиржи;D;20031117;000000;472.57;472.57;458.93;461.77;0;0
Индекс МосБиржи;D;20031118;000000;461.77;463.63;439.5;441.18;0;0
Индекс МосБиржи;D;20031119;000000;441.18;441.18;421.88;429.26;0;0
Индекс МосБиржи;D;20031120;000000;429.26;446.32;429.26;446.15;0;0
Индекс МосБиржи;D;20031121;000000;446.15;456.78;443.08;455.32;0;0
Индекс МосБиржи;D;20031124;000000;455.32;469.92;454.76;469.92;0;0
Индекс МосБиржи;D;20031125;000000;469.92;481.61;464.05;480.71;0;0
Индекс МосБиржи;D;20031126;000000;480.71;490.96;479.3;486.74;0;0
Индекс МосБиржи;D;20031127;000000;486.74;490.64;478.44;488.51;0;0
Индекс МосБиржи;D;20031128;000000;488.51;494.04;487.84;484.73;0;0
Индекс МосБиржи;D;20031201;000000;484.73;492.71;467.46;484.21;0;0
Индекс МосБиржи;D;20031202;000000;484.21;496.35;480.39;493.98;0;0
Индекс МосБиржи;D;20031203;000000;493.98;505.45;490.63;503.53;0;0
Индекс МосБиржи;D;20031204;000000;503.53;507.83;494.97;495.53;0;0
Индекс МосБиржи;D;20031205;000000;495.53;498.62;490.26;494.42;0;0
Индекс МосБиржи;D;20031208;000000;494.42;497.7;476.6;494.69;0;0
Индекс МосБиржи;D;20031209;000000;494.69;504.9;491.11;501.74;0;0
Индекс МосБиржи;D;20031210;000000;501.74;510.41;498.13;501.74;0;0
Индекс МосБиржи;D;20031211;000000;501.74;502.31;495.64;499.36;0;0
Индекс МосБиржи;D;20031215;000000;499.36;507.64;499.36;506.22;0;0
Индекс МосБиржи;D;20031216;000000;506.22;507.42;497.37;497.54;0;0
Индекс МосБиржи;D;20031217;000000;497.54;502.15;495.91;500.82;0;0
Индекс МосБиржи;D;20031218;000000;500.82;510.22;500.48;509.94;0;0
Индекс МосБиржи;D;20031219;000000;509.94;521.08;509.94;519.73;0;0
Индекс МосБиржи;D;20031222;000000;519.73;523.77;516.24;521.95;0;0
Индекс МосБиржи;D;20031223;000000;521.95;525.57;516.18;516.85;0;0
Индекс МосБиржи;D;20031224;000000;516.85;519.22;511.59;511.65;0;0
Индекс МосБиржи;D;20031225;000000;511.65;514.28;509.09;513.56;0;0
Индекс МосБиржи;D;20031226;000000;513.56;519.91;513.56;517.58;0;0
Индекс МосБиржи;D;20031229;000000;517.58;520.22;517.58;518.81;0;0
Индекс МосБиржи;D;20031230;000000;518.81;519.47;512.01;514.71;0;0
Индекс МосБиржи;D;20040105;000000;514.71;542.51;514.71;542.19;0;0
Индекс МосБиржи;D;20040106;000000;542.19;548.94;540.7;543.94;0;0
Индекс МосБиржи;D;20040108;000000;543.94;543.94;532.92;533.57;0;0
Индекс МосБиржи;D;20040109;000000;533.57;549.69;533.57;549.69;0;0
Индекс МосБиржи;D;20040112;000000;549.69;552.9;536.79;536.85;0;0
Индекс МосБиржи;D;20040113;000000;536.85;543.82;530.6;531.93;0;0
Индекс МосБиржи;D;20040114;000000;531.93;542.45;528.4;542.45;0;0
Индекс МосБиржи;D;20040115;000000;542.45;542.92;522.97;523.81;0;0
Индекс МосБиржи;D;20040116;000000;523.81;535.86;521.25;532.49;0;0
Индекс МосБиржи;D;20040119;000000;532.49;539.22;530.93;539.17;0;0
Индекс МосБиржи;D;20040120;000000;539.17;547.18;538.34;541.87;0;0
Индекс МосБиржи;D;20040121;000000;541.87;548.94;541.87;546.98;0;0
Индекс МосБиржи;D;20040122;000000;546.98;553.8;539.95;553.17;0;0
Индекс МосБиржи;D;20040123;000000;553.17;563.69;551.54;563.62;0;0
Индекс МосБиржи;D;20040126;000000;563.62;567.98;556.1;556.89;0;0
Индекс МосБиржи;D;20040127;000000;556.89;565.67;551.81;561;0;0
Индекс МосБиржи;D;20040128;000000;561;563.6;554.27;556.33;0;0
Индекс МосБиржи;D;20040129;000000;556.33;565.07;554.06;562.15;0;0
Индекс МосБиржи;D;20040130;000000;562.15;562.15;546.48;551.72;0;0
Индекс МосБиржи;D;20040202;000000;551.72;554.22;541.5;542.56;0;0
Индекс МосБиржи;D;20040203;000000;542.56;551.87;538.16;551.02;0;0
Индекс МосБиржи;D;20040204;000000;551.02;561.3;550.58;557.56;0;0
Индекс МосБиржи;D;20040205;000000;557.56;561.05;547.5;547.79;0;0
Индекс МосБиржи;D;20040206;000000;547.79;549.34;541.63;549.09;0;0
Индекс МосБиржи;D;20040209;000000;549.09;556.4;549.09;552.83;0;0
Индекс МосБиржи;D;20040210;000000;552.83;557.44;546.44;550.29;0;0
Индекс МосБиржи;D;20040211;000000;550.29;554.35;548.6;552.02;0;0
Индекс МосБиржи;D;20040212;000000;552.02;567.22;552.02;566.72;0;0
Индекс МосБиржи;D;20040213;000000;566.72;572.31;564.62;569.07;0;0
Индекс МосБиржи;D;20040216;000000;569.07;571.07;564.53;570.77;0;0
Индекс МосБиржи;D;20040217;000000;570.77;578.46;570.43;572.98;0;0
Индекс МосБиржи;D;20040218;000000;572.98;581.35;572.67;575.76;0;0
Индекс МосБиржи;D;20040219;000000;575.76;578;568.03;570.86;0;0
Индекс МосБиржи;D;20040220;000000;570.86;578.42;570.84;576.44;0;0
Индекс МосБиржи;D;20040224;000000;576.44;584.64;563.16;574.01;0;0
Индекс МосБиржи;D;20040225;000000;574.01;582.46;574.01;578.29;0;0
Индекс МосБиржи;D;20040226;000000;578.29;586.79;578.08;582.38;0;0
Индекс МосБиржи;D;20040227;000000;582.38;592.05;581.13;591.09;0;0
Индекс МосБиржи;D;20040301;000000;591.09;606.81;591.09;606.71;0;0
Индекс МосБиржи;D;20040302;000000;606.71;612.55;599.91;600.29;0;0
Индекс МосБиржи;D;20040303;000000;600.29;600.29;587.21;591.9;0;0
Индекс МосБиржи;D;20040304;000000;591.9;593.81;580.84;592.34;0;0
Индекс МосБиржи;D;20040305;000000;592.34;598.87;592.34;598.18;0;0
Индекс МосБиржи;D;20040309;000000;598.18;607.18;596.05;605.84;0;0
Индекс МосБиржи;D;20040310;000000;605.84;606.22;593.78;594.13;0;0
Индекс МосБиржи;D;20040311;000000;594.13;594.13;581.02;582.48;0;0
Индекс МосБиржи;D;20040312;000000;582.48;588.65;579.98;586.86;0;0
Индекс МосБиржи;D;20040315;000000;586.86;594.53;583.4;583.54;0;0
Индекс МосБиржи;D;20040316;000000;583.54;593.78;581.95;593.73;0;0
Индекс МосБиржи;D;20040317;000000;593.73;609.82;593.73;609.02;0;0
Индекс МосБиржи;D;20040318;000000;609.02;620.03;608.87;617.29;0;0
Индекс МосБиржи;D;20040319;000000;617.29;631.52;615.08;630.95;0;0
Индекс МосБиржи;D;20040322;000000;630.95;634.52;616.92;620.14;0;0
Индекс МосБиржи;D;20040323;000000;620.14;625.34;616.66;624.26;0;0
Индекс МосБиржи;D;20040324;000000;624.26;627.51;613.77;617.19;0;0
Индекс МосБиржи;D;20040325;000000;617.19;623.87;612.91;618.01;0;0
Индекс МосБиржи;D;20040326;000000;618.01;625.53;618.01;619.68;0;0
Индекс МосБиржи;D;20040329;000000;619.68;633.52;619.5;633.32;0;0
Индекс МосБиржи;D;20040330;000000;633.32;642.67;630.8;635.74;0;0
Индекс МосБиржи;D;20040331;000000;635.74;648.31;635.68;644.64;0;0
Индекс МосБиржи;D;20040401;000000;644.64;647.94;640.28;646.29;0;0
Индекс МосБиржи;D;20040402;000000;646.29;657.23;646.04;656.68;0;0
Индекс МосБиржи;D;20040405;000000;656.68;665.55;655.06;664.54;0;0
Индекс МосБиржи;D;20040406;000000;664.54;668.31;650.36;654.71;0;0
Индекс МосБиржи;D;20040407;000000;654.71;669.12;654.02;669.01;0;0
Индекс МосБиржи;D;20040408;000000;669.01;680.02;669.01;678.54;0;0
Индекс МосБиржи;D;20040409;000000;678.54;679.99;674.77;678.69;0;0
Индекс МосБиржи;D;20040412;000000;678.69;688.53;678.68;681.48;0;0
Индекс МосБиржи;D;20040413;000000;681.48;682.61;659.61;661.18;0;0
Индекс МосБиржи;D;20040414;000000;661.18;661.18;643.52;644.5;0;0
Индекс МосБиржи;D;20040415;000000;644.5;654.54;638.42;651.86;0;0
Индекс МосБиржи;D;20040416;000000;651.86;653.26;635.82;637.07;0;0
Индекс МосБиржи;D;20040419;000000;637.07;642.29;627.81;640.33;0;0
Индекс МосБиржи;D;20040420;000000;640.33;644.62;633.2;644.5;0;0
Индекс МосБиржи;D;20040421;000000;644.5;644.5;611.68;614.95;0;0
Индекс МосБиржи;D;20040422;000000;614.95;622.44;602.45;604.33;0;0
Индекс МосБиржи;D;20040423;000000;604.33;616.44;600.17;601.75;0;0
Индекс МосБиржи;D;20040426;000000;601.75;617.55;599.84;599.84;0;0
Индекс МосБиржи;D;20040427;000000;599.84;607.53;591.34;607.52;0;0
Индекс МосБиржи;D;20040428;000000;607.52;614.43;595.97;599.15;0;0
Индекс МосБиржи;D;20040429;000000;599.15;599.15;547.72;559.3;0;0
Индекс МосБиржи;D;20040430;000000;559.3;566.62;554.75;561.78;0;0
Индекс МосБиржи;D;20040505;000000;561.78;581.85;561.78;577.91;0;0
Индекс МосБиржи;D;20040506;000000;577.91;580.4;569.9;571.15;0;0
Индекс МосБиржи;D;20040507;000000;571.15;571.15;539.16;545.79;0;0
Индекс МосБиржи;D;20040511;000000;545.79;545.79;503.83;523.32;0;0
Индекс МосБиржи;D;20040512;000000;523.32;548.11;523.32;540.72;0;0
Индекс МосБиржи;D;20040513;000000;540.72;554.84;535.27;547.43;0;0
Индекс МосБиржи;D;20040514;000000;547.43;549.43;531.35;537.17;0;0
Индекс МосБиржи;D;20040517;000000;537.17;561.97;530.42;560.59;0;0
Индекс МосБиржи;D;20040518;000000;560.59;569.27;556.13;559.09;0;0
Индекс МосБиржи;D;20040519;000000;559.09;581.02;554.76;576.59;0;0
Индекс МосБиржи;D;20040520;000000;576.59;582.57;570.95;576.14;0;0
Индекс МосБиржи;D;20040521;000000;576.14;579.05;568.67;577.38;0;0
Индекс МосБиржи;D;20040524;000000;577.38;582.97;574.64;581.95;0;0
Индекс МосБиржи;D;20040525;000000;581.95;584.69;558.91;559.03;0;0
Индекс МосБиржи;D;20040526;000000;559.03;574.03;559.03;569.2;0;0
Индекс МосБиржи;D;20040527;000000;569.2;576.49;555.63;559.99;0;0
Индекс МосБиржи;D;20040528;000000;559.99;560.41;530.71;530.86;0;0
Индекс МосБиржи;D;20040531;000000;530.86;537.51;527.57;535.4;0;0
Индекс МосБиржи;D;20040601;000000;535.4;540.61;505.99;512.99;0;0
Индекс МосБиржи;D;20040602;000000;512.99;533.92;507.38;533.88;0;0
Индекс МосБиржи;D;20040603;000000;533.88;540.86;519.6;535.89;0;0
Индекс МосБиржи;D;20040604;000000;535.89;538.72;520.31;522.29;0;0
Индекс МосБиржи;D;20040607;000000;522.29;536.57;522.29;536.53;0;0
Индекс МосБиржи;D;20040608;000000;536.53;544.16;529.04;543.69;0;0
Индекс МосБиржи;D;20040609;000000;543.69;550.53;536.29;537.08;0;0
Индекс МосБиржи;D;20040610;000000;537.08;537.6;520.76;530.24;0;0
Индекс МосБиржи;D;20040611;000000;530.24;533.59;518.29;526.24;0;0
Индекс МосБиржи;D;20040615;000000;526.24;526.25;499.9;507.07;0;0
Индекс МосБиржи;D;20040616;000000;507.07;508.63;486.36;508.54;0;0
Индекс МосБиржи;D;20040617;000000;508.54;556.12;507.75;556;0;0
Индекс МосБиржи;D;20040618;000000;556;564.39;552.61;558.09;0;0
Индекс МосБиржи;D;20040621;000000;558.09;576.31;558.08;571.82;0;0
Индекс МосБиржи;D;20040622;000000;571.82;571.82;556.68;556.98;0;0
Индекс МосБиржи;D;20040623;000000;556.98;560.83;551.22;551.47;0;0
Индекс МосБиржи;D;20040624;000000;551.47;560.96;549.79;556.16;0;0
Индекс МосБиржи;D;20040625;000000;556.16;558.81;547.99;549.46;0;0
Индекс МосБиржи;D;20040628;000000;549.46;549.79;533.9;537.3;0;0
Индекс МосБиржи;D;20040629;000000;537.3;539.12;524.13;528.56;0;0
Индекс МосБиржи;D;20040630;000000;528.56;538.2;526.35;534.84;0;0
Индекс МосБиржи;D;20040701;000000;534.84;551.36;512.8;517.61;0;0
Индекс МосБиржи;D;20040702;000000;517.61;517.61;501.93;514.29;0;0
Индекс МосБиржи;D;20040705;000000;514.29;518.96;500.43;518.71;0;0
Индекс МосБиржи;D;20040706;000000;518.71;534.68;509.34;516.54;0;0
Индекс МосБиржи;D;20040707;000000;516.54;528.21;513.16;522.78;0;0
Индекс МосБиржи;D;20040708;000000;522.78;526.84;517.46;520.8;0;0
Индекс МосБиржи;D;20040709;000000;520.8;520.84;514.67;517.25;0;0
Индекс МосБиржи;D;20040712;000000;517.25;531.68;517.25;531.63;0;0
Индекс МосБиржи;D;20040713;000000;531.63;543.31;531.12;542.1;0;0
Индекс МосБиржи;D;20040714;000000;542.1;545.89;534.79;542.06;0;0
Индекс МосБиржи;D;20040715;000000;542.06;548.02;539.69;546.81;0;0
Индекс МосБиржи;D;20040716;000000;546.81;546.86;540.5;544.07;0;0
Индекс МосБиржи;D;20040719;000000;544.07;556.47;543.19;554.83;0;0
Индекс МосБиржи;D;20040720;000000;554.83;560.73;532.31;532.67;0;0
Индекс МосБиржи;D;20040721;000000;532.67;538.87;522.92;524.95;0;0
Индекс МосБиржи;D;20040722;000000;524.95;524.95;506.79;510.76;0;0
Индекс МосБиржи;D;20040723;000000;510.76;521.98;510.76;519.32;0;0
Индекс МосБиржи;D;20040726;000000;519.32;526.23;506.68;509.05;0;0
Индекс МосБиржи;D;20040727;000000;509.05;512.21;499.19;501.79;0;0
Индекс МосБиржи;D;20040728;000000;501.79;508.28;466.39;467.72;0;0
Индекс МосБиржи;D;20040729;000000;467.72;485.86;467.71;482.19;0;0
Индекс МосБиржи;D;20040730;000000;482.19;502.82;482.18;502.81;0;0
Индекс МосБиржи;D;20040802;000000;502.81;506.86;499.18;505.11;0;0
Индекс МосБиржи;D;20040803;000000;505.11;505.82;497.61;503.68;0;0
Индекс МосБиржи;D;20040804;000000;503.68;507.61;497.55;504.9;0;0
Индекс МосБиржи;D;20040805;000000;504.9;517.5;502.41;502.45;0;0
Индекс МосБиржи;D;20040806;000000;502.45;502.45;488.91;500.13;0;0
Индекс МосБиржи;D;20040809;000000;500.13;512.89;500.13;508.78;0;0
Индекс МосБиржи;D;20040810;000000;508.78;508.78;499.08;504.67;0;0
Индекс МосБиржи;D;20040811;000000;504.67;507.56;489.33;489.82;0;0
Индекс МосБиржи;D;20040812;000000;489.82;500.82;489.82;500.82;0;0
Индекс МосБиржи;D;20040813;000000;500.82;514.69;499.46;513.37;0;0
Индекс МосБиржи;D;20040816;000000;513.37;519;508.2;517.37;0;0
Индекс МосБиржи;D;20040817;000000;517.37;523.06;515.56;517.2;0;0
Индекс МосБиржи;D;20040818;000000;517.2;522.9;503.43;505.14;0;0
Индекс МосБиржи;D;20040819;000000;505.14;513.85;503.34;513.14;0;0
Индекс МосБиржи;D;20040820;000000;513.14;519.21;510.44;515.09;0;0
Индекс МосБиржи;D;20040823;000000;515.09;519.89;508.91;519.3;0;0
Индекс МосБиржи;D;20040824;000000;519.3;524.04;518.34;519.71;0;0
Индекс МосБиржи;D;20040825;000000;519.71;526.84;515.51;525.95;0;0
Индекс МосБиржи;D;20040826;000000;525.95;530.15;523.93;527.72;0;0
Индекс МосБиржи;D;20040827;000000;527.72;538.21;525.92;536.8;0;0
Индекс МосБиржи;D;20040830;000000;536.8;539.62;532.86;538.88;0;0
Индекс МосБиржи;D;20040831;000000;538.88;551.66;537.04;549.28;0;0
Индекс МосБиржи;D;20040901;000000;549.28;551.19;542.47;550.43;0;0
Индекс МосБиржи;D;20040902;000000;550.43;557.16;546.23;550.67;0;0
Индекс МосБиржи;D;20040903;000000;550.67;558.73;548.16;557.59;0;0
Индекс МосБиржи;D;20040906;000000;557.59;564.27;553.05;563.24;0;0
Индекс МосБиржи;D;20040907;000000;563.24;566.79;560.84;562.73;0;0
Индекс МосБиржи;D;20040908;000000;562.73;565.76;560.02;560.87;0;0
Индекс МосБиржи;D;20040909;000000;560.87;568.24;560.12;566.96;0;0
Индекс МосБиржи;D;20040910;000000;566.96;573.72;566.72;571.83;0;0
Индекс МосБиржи;D;20040913;000000;571.83;576.56;568.86;570.76;0;0
Индекс МосБиржи;D;20040914;000000;570.76;583.46;567.21;581.11;0;0
Индекс МосБиржи;D;20040915;000000;581.11;583.52;577.99;582.88;0;0
Индекс МосБиржи;D;20040916;000000;582.88;587.6;574.85;575.44;0;0
Индекс МосБиржи;D;20040917;000000;575.44;580.4;573.49;579.99;0;0
Индекс МосБиржи;D;20040920;000000;579.99;584.99;579.29;583.11;0;0
Индекс МосБиржи;D;20040921;000000;583.11;592.08;583.11;590.84;0;0
Индекс МосБиржи;D;20040922;000000;590.84;594.85;584.94;587.44;0;0
Индекс МосБиржи;D;20040923;000000;587.44;589.39;583.98;587.19;0;0
Индекс МосБиржи;D;20040924;000000;587.19;590.55;586.56;589.72;0;0
Индекс МосБиржи;D;20040927;000000;589.72;596.32;587.99;590.28;0;0
Индекс МосБиржи;D;20040928;000000;590.28;603.8;589.79;602.22;0;0
Индекс МосБиржи;D;20040929;000000;602.22;611.47;602.21;605.56;0;0
Индекс МосБиржи;D;20040930;000000;605.56;613.56;605.56;611.03;0;0
Индекс МосБиржи;D;20041001;000000;611.03;643.21;611.03;642.79;0;0
Индекс МосБиржи;D;20041004;000000;642.79;654.67;641.62;649.31;0;0
Индекс МосБиржи;D;20041005;000000;649.31;699.06;648.94;695.12;0;0
Индекс МосБиржи;D;20041006;000000;695.12;704.11;691.88;704.04;0;0
Индекс МосБиржи;D;20041007;000000;704.04;710.61;704.04;707.55;0;0
Индекс МосБиржи;D;20041008;000000;707.55;708.49;702.74;707.14;0;0
Индекс МосБиржи;D;20041011;000000;707.14;707.14;657.51;665.31;0;0
Индекс МосБиржи;D;20041012;000000;665.31;667.17;636.86;637.86;0;0
Индекс МосБиржи;D;20041013;000000;637.86;644.32;631.79;634.54;0;0
Индекс МосБиржи;D;20041014;000000;634.54;643.25;627.91;636.11;0;0
Индекс МосБиржи;D;20041015;000000;636.11;636.11;622.36;629.29;0;0
Индекс МосБиржи;D;20041018;000000;629.29;641.11;629.29;638.71;0;0
Индекс МосБиржи;D;20041019;000000;638.71;642.25;634.27;634.86;0;0
Индекс МосБиржи;D;20041020;000000;634.86;635.1;604.15;605.4;0;0
Индекс МосБиржи;D;20041021;000000;605.4;613.42;601.67;611.28;0;0
Индекс МосБиржи;D;20041022;000000;611.28;623.39;611.28;623.12;0;0
Индекс МосБиржи;D;20041025;000000;623.12;625.71;615.03;615.9;0;0
Индекс МосБиржи;D;20041026;000000;615.9;627.96;608.32;627.86;0;0
Индекс МосБиржи;D;20041027;000000;627.86;645.04;627.86;638.29;0;0
Индекс МосБиржи;D;20041028;000000;638.29;640.92;621.96;624.92;0;0
Индекс МосБиржи;D;20041029;000000;624.92;633.75;623.66;632.97;0;0
Индекс МосБиржи;D;20041101;000000;632.97;638.64;622.43;622.67;0;0
Индекс МосБиржи;D;20041102;000000;622.67;622.67;607.01;620.96;0;0
Индекс МосБиржи;D;20041103;000000;620.96;626.4;617.55;620.48;0;0
Индекс МосБиржи;D;20041104;000000;620.48;633.29;612.38;632.97;0;0
Индекс МосБиржи;D;20041105;000000;632.97;638.57;630.14;636.02;0;0
Индекс МосБиржи;D;20041109;000000;636.02;643.57;636.02;637.72;0;0
Индекс МосБиржи;D;20041110;000000;637.72;637.73;625;627.76;0;0
Индекс МосБиржи;D;20041111;000000;627.76;634.1;621.13;624.88;0;0
Индекс МосБиржи;D;20041112;000000;624.88;627.57;623.62;626.8;0;0
Индекс МосБиржи;D;20041115;000000;626.8;631.15;626.02;628.12;0;0
Индекс МосБиржи;D;20041116;000000;628.12;632.66;622.12;632.06;0;0
Индекс МосБиржи;D;20041117;000000;632.06;642.25;629.69;640.56;0;0
Индекс МосБиржи;D;20041118;000000;640.56;649.49;633.12;642.04;0;0
Индекс МосБиржи;D;20041119;000000;642.04;645.77;606.14;610.38;0;0
Индекс МосБиржи;D;20041122;000000;610.38;620.18;608.71;614.46;0;0
Индекс МосБиржи;D;20041123;000000;614.46;614.46;598.5;600.1;0;0
Индекс МосБиржи;D;20041124;000000;600.1;605.88;584.02;586.7;0;0
Индекс МосБиржи;D;20041125;000000;586.7;587.02;565.16;578.01;0;0
Индекс МосБиржи;D;20041126;000000;578.01;584.61;572.21;575.91;0;0
Индекс МосБиржи;D;20041129;000000;575.91;580.25;568.35;574.67;0;0
Индекс МосБиржи;D;20041130;000000;574.67;577.65;570.44;570.76;0;0
Индекс МосБиржи;D;20041201;000000;570.76;570.88;548.74;550.96;0;0
Индекс МосБиржи;D;20041202;000000;550.96;555.52;537.64;551.63;0;0
Индекс МосБиржи;D;20041203;000000;551.63;552.98;533.98;537.4;0;0
Индекс МосБиржи;D;20041206;000000;537.4;539.21;526.76;538.5;0;0
Индекс МосБиржи;D;20041207;000000;538.5;556.76;538.5;553.8;0;0
Индекс МосБиржи;D;20041208;000000;553.8;558.19;508.2;520.39;0;0
Индекс МосБиржи;D;20041209;000000;520.39;532.06;493.52;498;0;0
Индекс МосБиржи;D;20041210;000000;498;509.82;483.55;495.24;0;0
Индекс МосБиржи;D;20041214;000000;495.24;518.9;495.23;518.64;0;0
Индекс МосБиржи;D;20041215;000000;518.64;523.32;508.56;519.02;0;0
Индекс МосБиржи;D;20041216;000000;519.02;522.87;511.5;514.87;0;0
Индекс МосБиржи;D;20041217;000000;514.87;516.1;492.09;496.59;0;0
Индекс МосБиржи;D;20041220;000000;496.59;512.6;489.96;512.25;0;0
Индекс МосБиржи;D;20041221;000000;512.25;537.86;512.25;534.9;0;0
Индекс МосБиржи;D;20041222;000000;534.9;536.73;525.03;531.36;0;0
Индекс МосБиржи;D;20041223;000000;531.36;547.89;528.23;544.82;0;0
Индекс МосБиржи;D;20041224;000000;544.82;550.09;540.92;547.12;0;0
Индекс МосБиржи;D;20041227;000000;547.12;556.28;545.84;555.78;0;0
Индекс МосБиржи;D;20041228;000000;555.78;557.68;544.92;548.15;0;0
Индекс МосБиржи;D;20041229;000000;548.15;548.15;538.24;546.55;0;0
Индекс МосБиржи;D;20041230;000000;546.55;552.68;545.59;552.22;0;0
Индекс МосБиржи;D;20050111;000000;552.18;556.2;542.78;547.85;0;0
Индекс МосБиржи;D;20050112;000000;547.85;550.68;539.63;545.31;0;0
Индекс МосБиржи;D;20050113;000000;545.38;546.77;539.59;543.9;0;0
Индекс МосБиржи;D;20050114;000000;543.91;553.62;543.36;548.69;0;0
Индекс МосБиржи;D;20050117;000000;548.69;558.36;544.04;544.04;0;0
Индекс МосБиржи;D;20050118;000000;544.04;547.91;533.97;535.94;0;0
Индекс МосБиржи;D;20050119;000000;535.96;543.52;533.89;543.52;0;0
Индекс МосБиржи;D;20050120;000000;543.54;543.98;532.26;534.6;0;0
Индекс МосБиржи;D;20050121;000000;534.6;539.65;532.41;537.72;0;0
Индекс МосБиржи;D;20050124;000000;537.77;548.53;537.72;548.23;0;0
Индекс МосБиржи;D;20050125;000000;548.24;558.97;547.79;553.96;0;0
Индекс МосБиржи;D;20050126;000000;553.97;556;548.02;552.68;0;0
Индекс МосБиржи;D;20050127;000000;552.69;559.25;551.2;557.13;0;0
Индекс МосБиржи;D;20050128;000000;557.13;572.96;552.84;571.65;0;0
Индекс МосБиржи;D;20050131;000000;571.68;583.62;568.07;575.74;0;0
Индекс МосБиржи;D;20050201;000000;575.74;584.15;572.47;583.33;0;0
Индекс МосБиржи;D;20050202;000000;583.33;591.86;582.5;587.98;0;0
Индекс МосБиржи;D;20050203;000000;587.98;596.38;587.98;593.25;0;0
Индекс МосБиржи;D;20050204;000000;593.25;594.46;587.69;592.79;0;0
Индекс МосБиржи;D;20050207;000000;592.81;599.5;588;588.16;0;0
Индекс МосБиржи;D;20050208;000000;588.16;596.51;584.64;596.45;0;0
Индекс МосБиржи;D;20050209;000000;596.47;600.67;589.16;590.03;0;0
Индекс МосБиржи;D;20050210;000000;590.03;590.96;582.69;590.81;0;0
Индекс МосБиржи;D;20050211;000000;590.81;591.3;581.96;585.5;0;0
Индекс МосБиржи;D;20050214;000000;585.5;592.33;582.88;585.65;0;0
Индекс МосБиржи;D;20050215;000000;585.65;591.75;585.24;591.73;0;0
Индекс МосБиржи;D;20050216;000000;591.75;598.08;590.61;593.87;0;0
Индекс МосБиржи;D;20050217;000000;593.87;600.42;593.55;598.11;0;0
Индекс МосБиржи;D;20050218;000000;598.11;602.87;594.67;600.67;0;0
Индекс МосБиржи;D;20050221;000000;600.68;605.44;600.67;605.26;0;0
Индекс МосБиржи;D;20050222;000000;605.26;607.9;600.14;603.62;0;0
Индекс МосБиржи;D;20050224;000000;603.62;619.97;603.24;619.55;0;0
Индекс МосБиржи;D;20050225;000000;619.64;626.8;618.39;625.33;0;0
Индекс МосБиржи;D;20050228;000000;625.33;635.42;623.31;635.38;0;0
Индекс МосБиржи;D;20050301;000000;635.38;635.83;621.94;622.73;0;0
Индекс МосБиржи;D;20050302;000000;622.74;628.13;608.35;608.57;0;0
Индекс МосБиржи;D;20050303;000000;608.58;613.7;606.85;608.94;0;0
Индекс МосБиржи;D;20050304;000000;608.94;622.69;608.8;622.31;0;0
Индекс МосБиржи;D;20050305;000000;622.31;626.32;622.31;625.87;0;0
Индекс МосБиржи;D;20050309;000000;625.87;632.28;619.2;623.74;0;0
Индекс МосБиржи;D;20050310;000000;623.74;623.74;604.36;606.21;0;0
Индекс МосБиржи;D;20050311;000000;606.19;608.66;597.41;608.45;0;0
Индекс МосБиржи;D;20050314;000000;608.45;609.09;596.26;597.89;0;0
Индекс МосБиржи;D;20050315;000000;597.89;604.43;593.88;595.16;0;0
Индекс МосБиржи;D;20050316;000000;595.16;596.7;573.4;573.85;0;0
Индекс МосБиржи;D;20050317;000000;573.84;584.52;573.36;584.31;0;0
Индекс МосБиржи;D;20050318;000000;584.31;592.43;579.3;582.43;0;0
Индекс МосБиржи;D;20050321;000000;582.5;586.98;569.43;572.03;0;0
Индекс МосБиржи;D;20050322;000000;571.84;584.11;568.72;584.09;0;0
Индекс МосБиржи;D;20050323;000000;584.07;584.09;566.27;573.76;0;0
Индекс МосБиржи;D;20050324;000000;573.76;597.88;573.76;596.94;0;0
Индекс МосБиржи;D;20050325;000000;596.95;605.18;596.94;602.4;0;0
Индекс МосБиржи;D;20050328;000000;602.4;604.37;595.83;601.69;0;0
Индекс МосБиржи;D;20050329;000000;601.75;604.45;593.67;596.89;0;0
Индекс МосБиржи;D;20050330;000000;596.98;596.98;584.63;591.14;0;0
Индекс МосБиржи;D;20050331;000000;591.14;598.63;590.94;598.04;0;0
Индекс МосБиржи;D;20050401;000000;598.05;612;595.01;611.86;0;0
Индекс МосБиржи;D;20050404;000000;611.86;615.44;604.34;605.32;0;0
Индекс МосБиржи;D;20050405;000000;605.32;612.85;604.19;611.78;0;0
Индекс МосБиржи;D;20050406;000000;611.79;626.74;611.78;626.45;0;0
Индекс МосБиржи;D;20050407;000000;626.46;633.1;622.86;627.97;0;0
Индекс МосБиржи;D;20050408;000000;627.97;634.48;623.38;631.13;0;0
Индекс МосБиржи;D;20050411;000000;631.14;631.14;605.44;616.29;0;0
Индекс МосБиржи;D;20050412;000000;616.29;617.57;606.14;615.94;0;0
Индекс МосБиржи;D;20050413;000000;615.95;624.04;615.94;617.02;0;0
Индекс МосБиржи;D;20050414;000000;616.84;617.02;604.13;608.31;0;0
Индекс МосБиржи;D;20050415;000000;608.16;608.31;600.2;602.71;0;0
Индекс МосБиржи;D;20050418;000000;602.68;602.71;586.34;591.12;0;0
Индекс МосБиржи;D;20050419;000000;591.11;598.51;591.11;596.36;0;0
Индекс МосБиржи;D;20050420;000000;596.36;604.36;593.47;594.91;0;0
Индекс МосБиржи;D;20050421;000000;594.91;604.32;591.56;603.79;0;0
Индекс МосБиржи;D;20050422;000000;603.96;612.57;603.79;609.78;0;0
Индекс МосБиржи;D;20050425;000000;609.82;621.29;608.01;611.5;0;0
Индекс МосБиржи;D;20050426;000000;611.51;614;604.13;605.85;0;0
Индекс МосБиржи;D;20050427;000000;605.85;606;594.85;594.89;0;0
Индекс МосБиржи;D;20050428;000000;594.89;601.98;592.33;595.68;0;0
Индекс МосБиржи;D;20050429;000000;595.61;597.95;592.25;593.88;0;0
Индекс МосБиржи;D;20050503;000000;593.94;598.62;593.88;597.45;0;0
Индекс МосБиржи;D;20050504;000000;597.45;601.6;595.35;598.14;0;0
Индекс МосБиржи;D;20050505;000000;598.14;604.74;597.51;599.49;0;0
Индекс МосБиржи;D;20050506;000000;599.49;599.7;596.1;597.21;0;0
Индекс МосБиржи;D;20050511;000000;597.21;597.37;588.35;589.25;0;0
Индекс МосБиржи;D;20050512;000000;589.24;589.25;580.89;581.56;0;0
Индекс МосБиржи;D;20050513;000000;581.56;581.56;572.41;580.04;0;0
Индекс МосБиржи;D;20050514;000000;580.05;580.5;577.91;578.76;0;0
Индекс МосБиржи;D;20050516;000000;578.76;578.8;564.42;564.43;0;0
Индекс МосБиржи;D;20050517;000000;564.43;587.01;563.24;587;0;0
Индекс МосБиржи;D;20050518;000000;587;590.03;583.74;587.35;0;0
Индекс МосБиржи;D;20050519;000000;587.35;591.5;586;586.8;0;0
Индекс МосБиржи;D;20050520;000000;586.8;588.11;583.3;585.68;0;0
Индекс МосБиржи;D;20050523;000000;585.68;587.37;584.13;587.07;0;0
Индекс МосБиржи;D;20050524;000000;587.07;605.34;587.06;605.32;0;0
Индекс МосБиржи;D;20050525;000000;605.32;606.54;595.2;595.75;0;0
Индекс МосБиржи;D;20050526;000000;595.75;601.75;593.87;597.09;0;0
Индекс МосБиржи;D;20050527;000000;597.09;602.56;596.11;597.33;0;0
Индекс МосБиржи;D;20050530;000000;597.33;597.83;592.92;596.15;0;0
Индекс МосБиржи;D;20050531;000000;596.15;606.34;593.97;603.89;0;0
Индекс МосБиржи;D;20050601;000000;603.89;604.83;596.98;601.29;0;0
Индекс МосБиржи;D;20050602;000000;601.48;608.88;601.29;606.95;0;0
Индекс МосБиржи;D;20050603;000000;606.95;610.22;604.09;609.09;0;0
Индекс МосБиржи;D;20050606;000000;609.09;609.09;602.8;606.33;0;0
Индекс МосБиржи;D;20050607;000000;606.33;609.02;602.78;606.78;0;0
Индекс МосБиржи;D;20050608;000000;606.78;608.6;604.18;606.89;0;0
Индекс МосБиржи;D;20050609;000000;606.89;608.37;604.95;605.43;0;0
Индекс МосБиржи;D;20050610;000000;605.44;612.07;605.43;611.19;0;0
Индекс МосБиржи;D;20050614;000000;611.2;620.91;611.19;619.97;0;0
Индекс МосБиржи;D;20050615;000000;619.98;623.13;615.7;616.69;0;0
Индекс МосБиржи;D;20050616;000000;616.69;623.26;615.15;618.93;0;0
Индекс МосБиржи;D;20050617;000000;618.94;624.46;616.78;624.07;0;0
Индекс МосБиржи;D;20050620;000000;624.07;627.38;623.92;624.66;0;0
Индекс МосБиржи;D;20050621;000000;624.66;624.69;618.42;621.02;0;0
Индекс МосБиржи;D;20050622;000000;621.02;629.01;620.31;628.26;0;0
Индекс МосБиржи;D;20050623;000000;628.26;635.28;626.35;632.39;0;0
Индекс МосБиржи;D;20050624;000000;632.38;634.87;628.63;632.9;0;0
Индекс МосБиржи;D;20050627;000000;632.9;633.15;627.26;628.38;0;0
Индекс МосБиржи;D;20050628;000000;628.41;630.99;623.6;629.27;0;0
Индекс МосБиржи;D;20050629;000000;629.27;634.09;629.07;630.27;0;0
Индекс МосБиржи;D;20050630;000000;630.27;642.26;630.08;639.98;0;0
Индекс МосБиржи;D;20050701;000000;639.98;649.67;639.35;649.08;0;0
Индекс МосБиржи;D;20050704;000000;649.08;657.35;649.08;653.26;0;0
Индекс МосБиржи;D;20050705;000000;653.26;656.37;648.02;652.53;0;0
Индекс МосБиржи;D;20050706;000000;652.52;675.67;651.12;671.59;0;0
Индекс МосБиржи;D;20050707;000000;671.59;679.07;656.35;671.73;0;0
Индекс МосБиржи;D;20050708;000000;671.79;684.78;671.73;681.84;0;0
Индекс МосБиржи;D;20050711;000000;681.84;688.24;679.55;683.42;0;0
Индекс МосБиржи;D;20050712;000000;683.42;683.42;673.51;678.87;0;0
Индекс МосБиржи;D;20050713;000000;678.87;688.91;676.79;686.44;0;0
Индекс МосБиржи;D;20050714;000000;686.43;689.32;681.58;682.89;0;0
Индекс МосБиржи;D;20050715;000000;682.89;682.89;672.82;676.39;0;0
Индекс МосБиржи;D;20050718;000000;676.38;679.69;670.16;670.44;0;0
Индекс МосБиржи;D;20050719;000000;670.44;680.03;670.38;679.66;0;0
Индекс МосБиржи;D;20050720;000000;679.67;689.5;679.56;687.4;0;0
Индекс МосБиржи;D;20050721;000000;687.4;693.96;682.21;684.82;0;0
Индекс МосБиржи;D;20050722;000000;684.82;699.02;683.18;695.34;0;0
Индекс МосБиржи;D;20050725;000000;695.34;705.31;695.15;702.46;0;0
Индекс МосБиржи;D;20050726;000000;702.46;703.46;690.86;692.01;0;0
Индекс МосБиржи;D;20050727;000000;692.01;702.11;691.74;697.27;0;0
Индекс МосБиржи;D;20050728;000000;697.25;704.14;693.09;702.09;0;0
Индекс МосБиржи;D;20050729;000000;702.09;708.89;698.36;700.65;0;0
Индекс МосБиржи;D;20050801;000000;700.54;703.53;691.79;702.34;0;0
Индекс МосБиржи;D;20050802;000000;702.34;711.96;702.34;709.94;0;0
Индекс МосБиржи;D;20050803;000000;709.94;713.89;696.12;697.87;0;0
Индекс МосБиржи;D;20050804;000000;697.94;713.31;694.17;712.28;0;0
Индекс МосБиржи;D;20050805;000000;712.28;716.15;708.77;715.41;0;0
Индекс МосБиржи;D;20050808;000000;715.41;720.26;712.46;718.53;0;0
Индекс МосБиржи;D;20050809;000000;718.59;724.79;716.15;720.5;0;0
Индекс МосБиржи;D;20050810;000000;720.5;727.01;717.51;721;0;0
Индекс МосБиржи;D;20050811;000000;721;725.13;709.1;709.5;0;0
Индекс МосБиржи;D;20050812;000000;709.5;711.27;701.59;705.08;0;0
Индекс МосБиржи;D;20050815;000000;705.08;715.3;702.86;714.42;0;0
Индекс МосБиржи;D;20050816;000000;714.44;738.39;714.42;738.15;0;0
Индекс МосБиржи;D;20050817;000000;738.14;748.4;732.3;746.58;0;0
Индекс МосБиржи;D;20050818;000000;746.56;750.68;734.24;743.99;0;0
Индекс МосБиржи;D;20050819;000000;743.99;757.74;739.9;755.98;0;0
Индекс МосБиржи;D;20050822;000000;755.98;765.44;751.11;760.54;0;0
Индекс МосБиржи;D;20050823;000000;760.54;764.49;758.2;760.82;0;0
Индекс МосБиржи;D;20050824;000000;760.82;765.48;755.17;761.93;0;0
Индекс МосБиржи;D;20050825;000000;761.92;766.08;757.95;765.86;0;0
Индекс МосБиржи;D;20050826;000000;765.86;771.95;765.53;768.5;0;0
Индекс МосБиржи;D;20050829;000000;768.51;773.64;764.84;772.92;0;0
Индекс МосБиржи;D;20050830;000000;772.92;788.52;772.91;778.38;0;0
Индекс МосБиржи;D;20050831;000000;778.38;784.41;766.25;784.28;0;0
Индекс МосБиржи;D;20050901;000000;784.28;800.32;784.28;790.97;0;0
Индекс МосБиржи;D;20050902;000000;790.98;804.08;790.11;803.67;0;0
Индекс МосБиржи;D;20050905;000000;803.68;811.33;795.81;797.46;0;0
Индекс МосБиржи;D;20050906;000000;797.45;797.46;772.04;772.14;0;0
Индекс МосБиржи;D;20050907;000000;772.14;779.34;748.46;758.01;0;0
Индекс МосБиржи;D;20050908;000000;758.01;774.76;755.93;773.61;0;0
Индекс МосБиржи;D;20050909;000000;773.61;795.55;773.61;794.92;0;0
Индекс МосБиржи;D;20050912;000000;794.93;801.76;788.82;792.24;0;0
Индекс МосБиржи;D;20050913;000000;792.24;796.09;784.74;786.26;0;0
Индекс МосБиржи;D;20050914;000000;786.26;790.01;776.44;790;0;0
Индекс МосБиржи;D;20050915;000000;790;802.22;790;801.45;0;0
Индекс МосБиржи;D;20050916;000000;801.45;817.17;792.37;811.27;0;0
Индекс МосБиржи;D;20050919;000000;811.27;835.93;809.06;834.06;0;0
Индекс МосБиржи;D;20050920;000000;834.08;857.23;824.87;836.52;0;0
Индекс МосБиржи;D;20050921;000000;836.52;860.05;824.25;858.85;0;0
Индекс МосБиржи;D;20050922;000000;858.85;874.53;856.79;860.07;0;0
Индекс МосБиржи;D;20050923;000000;860.07;872.94;852.41;864.56;0;0
Индекс МосБиржи;D;20050926;000000;864.56;864.56;847.93;853.78;0;0
Индекс МосБиржи;D;20050927;000000;853.78;891.97;853.78;891.71;0;0
Индекс МосБиржи;D;20050928;000000;891.7;900.41;877.6;886.76;0;0
Индекс МосБиржи;D;20050929;000000;886.82;895.34;877.71;879.19;0;0
Индекс МосБиржи;D;20050930;000000;879.19;895.21;879.19;892.5;0;0
Индекс МосБиржи;D;20051003;000000;892.76;933.78;892.5;932.87;0;0
Индекс МосБиржи;D;20051004;000000;932.87;957.16;932.87;939.44;0;0
Индекс МосБиржи;D;20051005;000000;939.43;939.44;895.85;898.99;0;0
Индекс МосБиржи;D;20051006;000000;898.99;898.99;840.16;846.49;0;0
Индекс МосБиржи;D;20051007;000000;846.76;858.41;832.36;843.49;0;0
Индекс МосБиржи;D;20051010;000000;843.53;873.82;843.49;871.91;0;0
Индекс МосБиржи;D;20051011;000000;871.91;901.76;866.29;901.55;0;0
Индекс МосБиржи;D;20051012;000000;901.55;917.42;857.73;859.7;0;0
Индекс МосБиржи;D;20051013;000000;859.69;859.7;825.75;841.45;0;0
Индекс МосБиржи;D;20051014;000000;841.45;841.45;807.95;809.3;0;0
Индекс МосБиржи;D;20051017;000000;809.68;829.19;801.99;819.87;0;0
Индекс МосБиржи;D;20051018;000000;819.89;834.58;819.08;821.62;0;0
Индекс МосБиржи;D;20051019;000000;821.24;821.62;785.65;786.56;0;0
Индекс МосБиржи;D;20051020;000000;786.56;803.9;786.56;791.2;0;0
Индекс МосБиржи;D;20051021;000000;791.19;801.17;773.45;797.95;0;0
Индекс МосБиржи;D;20051024;000000;797.96;826.18;795.32;820.94;0;0
Индекс МосБиржи;D;20051025;000000;821.58;835.89;802.38;812.1;0;0
Индекс МосБиржи;D;20051026;000000;812.1;822.79;809.87;819.87;0;0
Индекс МосБиржи;D;20051027;000000;819.87;821.49;796.55;800.31;0;0
Индекс МосБиржи;D;20051028;000000;800.21;821.73;791.52;818.64;0;0
Индекс МосБиржи;D;20051031;000000;818.64;843.42;818.64;842.52;0;0
Индекс МосБиржи;D;20051101;000000;842.52;856.67;837.81;844.43;0;0
Индекс МосБиржи;D;20051102;000000;844.44;873.34;844.43;873.34;0;0
Индекс МосБиржи;D;20051103;000000;873.36;883.52;869.95;880.13;0;0
Индекс МосБиржи;D;20051107;000000;880.13;887.43;866.85;880.45;0;0
Индекс МосБиржи;D;20051108;000000;880.42;885.69;871.21;880.14;0;0
Индекс МосБиржи;D;20051109;000000;880.14;898.36;880.14;884.85;0;0
Индекс МосБиржи;D;20051110;000000;884.87;891.72;874.48;874.53;0;0
Индекс МосБиржи;D;20051111;000000;874.49;880.86;869.03;880.31;0;0
Индекс МосБиржи;D;20051114;000000;880.31;905.04;879.29;903.94;0;0
Индекс МосБиржи;D;20051115;000000;903.94;914.06;898.76;904.86;0;0
Индекс МосБиржи;D;20051116;000000;904.58;906.01;893.17;905.86;0;0
Индекс МосБиржи;D;20051117;000000;905.91;933.88;905.86;929.99;0;0
Индекс МосБиржи;D;20051118;000000;929.88;935.99;920.04;928.14;0;0
Индекс МосБиржи;D;20051121;000000;928.15;944.82;928.13;930.12;0;0
Индекс МосБиржи;D;20051122;000000;930.25;939.73;917.3;923.84;0;0
Индекс МосБиржи;D;20051123;000000;923.84;932.53;920.02;920.52;0;0
Индекс МосБиржи;D;20051124;000000;920.55;932.34;920.52;931.48;0;0
Индекс МосБиржи;D;20051125;000000;931.48;941.53;926.11;940.63;0;0
Индекс МосБиржи;D;20051128;000000;940.63;954.96;939.76;940.28;0;0
Индекс МосБиржи;D;20051129;000000;940.26;941.26;927.38;937.65;0;0
Индекс МосБиржи;D;20051130;000000;937.65;946.15;932.06;944.55;0;0
Индекс МосБиржи;D;20051201;000000;944.55;970.35;944.55;970.34;0;0
Индекс МосБиржи;D;20051202;000000;970.35;992.34;970.34;985.99;0;0
Индекс МосБиржи;D;20051205;000000;986;999.03;982.06;985.81;0;0
Индекс МосБиржи;D;20051206;000000;985.81;990.42;973.29;983.36;0;0
Индекс МосБиржи;D;20051207;000000;983.36;997.27;983.36;991.76;0;0
Индекс МосБиржи;D;20051208;000000;991.71;996.06;970.52;993.77;0;0
Индекс МосБиржи;D;20051209;000000;993.77;1003.88;991.8;994.96;0;0
Индекс МосБиржи;D;20051212;000000;994.92;1006.82;994.27;1003.17;0;0
Индекс МосБиржи;D;20051213;000000;1003.17;1004.82;995.45;998.9;0;0
Индекс МосБиржи;D;20051214;000000;998.9;1002.16;993.44;997.07;0;0
Индекс МосБиржи;D;20051215;000000;997.07;1004.56;992.27;993.43;0;0
Индекс МосБиржи;D;20051216;000000;993.43;999.07;990.69;996.15;0;0
Индекс МосБиржи;D;20051219;000000;996.15;1002.68;991.48;1000.44;0;0
Индекс МосБиржи;D;20051220;000000;1000.44;1000.44;976.63;995.79;0;0
Индекс МосБиржи;D;20051221;000000;995.79;1002.4;995.79;1001.79;0;0
Индекс МосБиржи;D;20051222;000000;1001.79;1021.79;1001.79;1020.3;0;0
Индекс МосБиржи;D;20051223;000000;1020.38;1032.73;1015.09;1015.95;0;0
Индекс МосБиржи;D;20051226;000000;1015.95;1022.25;1015.9;1018.35;0;0
Индекс МосБиржи;D;20051227;000000;1018.35;1022.04;1013.18;1013.36;0;0
Индекс МосБиржи;D;20051228;000000;1013.3;1013.41;997.68;1004.57;0;0
Индекс МосБиржи;D;20051229;000000;1004.58;1014.19;1004.57;1010.11;0;0
Индекс МосБиржи;D;20051230;000000;1010.11;1015.65;1009.11;1011;0;0
Индекс МосБиржи;D;20060110;000000;1012.31;1069.3;1011;1064.91;0;0
Индекс МосБиржи;D;20060111;000000;1064.91;1088.6;1058.93;1088.03;0;0
Индекс МосБиржи;D;20060112;000000;1088.04;1136.07;1088.03;1129.74;0;0
Индекс МосБиржи;D;20060113;000000;1129.74;1141.2;1099.6;1114.21;0;0
Индекс МосБиржи;D;20060116;000000;1114.21;1151.23;1112.46;1150.34;0;0
Индекс МосБиржи;D;20060117;000000;1150.36;1169.85;1109.75;1124.79;0;0
Индекс МосБиржи;D;20060118;000000;1124.75;1124.79;1083.61;1103.71;0;0
Индекс МосБиржи;D;20060119;000000;1103.06;1147.98;1089.57;1147.8;0;0
Индекс МосБиржи;D;20060120;000000;1147.8;1175.22;1147.8;1169.03;0;0
Индекс МосБиржи;D;20060123;000000;1169.03;1169.04;1136.59;1144.1;0;0
Индекс МосБиржи;D;20060124;000000;1144.11;1163.81;1144.1;1163.4;0;0
Индекс МосБиржи;D;20060125;000000;1163.41;1182.62;1156.29;1179.11;0;0
Индекс МосБиржи;D;20060126;000000;1179.05;1196.75;1175.1;1187.11;0;0
Индекс МосБиржи;D;20060127;000000;1187.19;1227.05;1187.11;1227.05;0;0
Индекс МосБиржи;D;20060130;000000;1227.05;1242.08;1183.01;1186.38;0;0
Индекс МосБиржи;D;20060131;000000;1186.81;1209.08;1168.1;1171.44;0;0
Индекс МосБиржи;D;20060201;000000;1171.44;1201.35;1158.12;1201.32;0;0
Индекс МосБиржи;D;20060202;000000;1201.32;1204.14;1186.42;1195.14;0;0
Индекс МосБиржи;D;20060203;000000;1195.01;1195.14;1159.33;1163.75;0;0
Индекс МосБиржи;D;20060206;000000;1163.75;1195.48;1163.75;1194.23;0;0
Индекс МосБиржи;D;20060207;000000;1193.86;1197.83;1178.46;1186.08;0;0
Индекс МосБиржи;D;20060208;000000;1186.08;1205.67;1165.09;1205.05;0;0
Индекс МосБиржи;D;20060209;000000;1205.04;1237.6;1204.32;1237.6;0;0
Индекс МосБиржи;D;20060210;000000;1237.6;1245.33;1220.96;1229.37;0;0
Индекс МосБиржи;D;20060213;000000;1229.36;1245.88;1215.43;1238.18;0;0
Индекс МосБиржи;D;20060214;000000;1238.06;1274.19;1229.93;1242.99;0;0
Индекс МосБиржи;D;20060215;000000;1242.99;1256.67;1215.81;1237.56;0;0
Индекс МосБиржи;D;20060216;000000;1237.54;1262.54;1230.04;1255.05;0;0
Индекс МосБиржи;D;20060217;000000;1255.05;1301.06;1255.05;1301.04;0;0
Индекс МосБиржи;D;20060220;000000;1301.05;1338.54;1301.04;1337.28;0;0
Индекс МосБиржи;D;20060221;000000;1337.28;1349.12;1317.61;1317.98;0;0
Индекс МосБиржи;D;20060222;000000;1317.97;1349.07;1314.87;1348.67;0;0
Индекс МосБиржи;D;20060226;000000;1348.67;1401.94;1348.67;1399.08;0;0
Индекс МосБиржи;D;20060227;000000;1399.08;1424.62;1369.47;1388.76;0;0
Индекс МосБиржи;D;20060228;000000;1387.94;1400.31;1315.78;1320.83;0;0
Индекс МосБиржи;D;20060301;000000;1320.83;1349.09;1300.85;1336.55;0;0
Индекс МосБиржи;D;20060302;000000;1336.93;1357.55;1328.86;1345.42;0;0
Индекс МосБиржи;D;20060303;000000;1345.42;1367.98;1341.69;1349.06;0;0
Индекс МосБиржи;D;20060306;000000;1349.06;1366.09;1330.84;1336.92;0;0
Индекс МосБиржи;D;20060307;000000;1334.63;1336.92;1256.97;1261.93;0;0
Индекс МосБиржи;D;20060309;000000;1261.93;1261.93;1206.2;1236.64;0;0
Индекс МосБиржи;D;20060310;000000;1236.63;1249.7;1205.3;1232.77;0;0
Индекс МосБиржи;D;20060313;000000;1232.9;1275.63;1232.77;1275.37;0;0
Индекс МосБиржи;D;20060314;000000;1275.37;1292.81;1224.97;1240.48;0;0
Индекс МосБиржи;D;20060315;000000;1240.53;1258.94;1235.29;1255.62;0;0
Индекс МосБиржи;D;20060316;000000;1255.62;1258.28;1236.01;1253.68;0;0
Индекс МосБиржи;D;20060317;000000;1253.7;1295.29;1253.68;1288.32;0;0
Индекс МосБиржи;D;20060320;000000;1288.33;1303.4;1265.37;1272.05;0;0
Индекс МосБиржи;D;20060321;000000;1272.04;1272.05;1253.31;1262.8;0;0
Индекс МосБиржи;D;20060322;000000;1262.85;1280.76;1254.95;1280.74;0;0
Индекс МосБиржи;D;20060323;000000;1280.74;1300.46;1278.37;1289.71;0;0
Индекс МосБиржи;D;20060324;000000;1289.74;1295.65;1266.55;1291.82;0;0
Индекс МосБиржи;D;20060327;000000;1291.82;1305.71;1290.35;1291.89;0;0
Индекс МосБиржи;D;20060328;000000;1291.82;1294.57;1268.75;1273.06;0;0
Индекс МосБиржи;D;20060329;000000;1273.08;1273.17;1246.41;1251.82;0;0
Индекс МосБиржи;D;20060330;000000;1251.87;1296.25;1251.82;1295.98;0;0
Индекс МосБиржи;D;20060331;000000;1295.72;1309.48;1288.9;1299.19;0;0
Индекс МосБиржи;D;20060403;000000;1299.19;1319.07;1297.04;1316.93;0;0
Индекс МосБиржи;D;20060404;000000;1316.95;1327.97;1301.3;1308.36;0;0
Индекс МосБиржи;D;20060405;000000;1308.37;1338.3;1308;1336.04;0;0
Индекс МосБиржи;D;20060406;000000;1337.08;1361.16;1336.04;1344.79;0;0
Индекс МосБиржи;D;20060407;000000;1344.78;1377.97;1334.47;1374.14;0;0
Индекс МосБиржи;D;20060410;000000;1374.26;1410.55;1360.41;1408.73;0;0
Индекс МосБиржи;D;20060411;000000;1408.74;1440.07;1394.81;1395.03;0;0
Индекс МосБиржи;D;20060412;000000;1394.96;1420.13;1375.76;1419.4;0;0
Индекс МосБиржи;D;20060413;000000;1419.4;1428.19;1390.4;1395.57;0;0
Индекс МосБиржи;D;20060414;000000;1395.57;1413.26;1395.57;1413.24;0;0
Индекс МосБиржи;D;20060417;000000;1413.24;1430.73;1413.24;1429.58;0;0
Индекс МосБиржи;D;20060418;000000;1429.63;1445.75;1429.58;1441.52;0;0
Индекс МосБиржи;D;20060419;000000;1441.56;1462.34;1441.52;1457.57;0;0
Индекс МосБиржи;D;20060420;000000;1457.57;1468.37;1444.18;1449.19;0;0
Индекс МосБиржи;D;20060421;000000;1449.19;1460;1435.5;1458.53;0;0
Индекс МосБиржи;D;20060424;000000;1458.64;1472.03;1458.53;1470.72;0;0
Индекс МосБиржи;D;20060425;000000;1470.71;1474.06;1452.77;1454.64;0;0
Индекс МосБиржи;D;20060426;000000;1454.64;1501.42;1454.64;1500.65;0;0
Индекс МосБиржи;D;20060427;000000;1500.66;1519;1436.08;1451.06;0;0
Индекс МосБиржи;D;20060428;000000;1451.05;1488.9;1439.66;1486.85;0;0
Индекс МосБиржи;D;20060502;000000;1486.85;1542.07;1486.85;1538.41;0;0
Индекс МосБиржи;D;20060503;000000;1538.55;1564.18;1524.41;1531.1;0;0
Индекс МосБиржи;D;20060504;000000;1531.1;1561.04;1516.09;1560.74;0;0
Индекс МосБиржи;D;20060505;000000;1560.23;1575.58;1547.41;1562.02;0;0
Индекс МосБиржи;D;20060506;000000;1562.05;1585.57;1562.02;1585.04;0;0
Индекс МосБиржи;D;20060510;000000;1584.97;1616.32;1539.14;1543.75;0;0
Индекс МосБиржи;D;20060511;000000;1543.82;1577.49;1480.67;1534.51;0;0
Индекс МосБиржи;D;20060512;000000;1534.46;1534.51;1482.75;1483.62;0;0
Индекс МосБиржи;D;20060515;000000;1483.62;1483.62;1386.8;1398.2;0;0
Индекс МосБиржи;D;20060516;000000;1398.19;1418.94;1343.33;1403.95;0;0
Индекс МосБиржи;D;20060517;000000;1404.15;1435.23;1342.42;1343.86;0;0
Индекс МосБиржи;D;20060518;000000;1343;1343.86;1272.24;1308.48;0;0
Индекс МосБиржи;D;20060519;000000;1308.49;1332.95;1263.96;1265.87;0;0
Индекс МосБиржи;D;20060522;000000;1265.85;1274.42;1120.06;1143.76;0;0
Индекс МосБиржи;D;20060523;000000;1143.77;1266.51;1122.41;1265.89;0;0
Индекс МосБиржи;D;20060524;000000;1265.89;1268.33;1180.35;1216.22;0;0
Индекс МосБиржи;D;20060525;000000;1216.22;1284.16;1191.03;1274.37;0;0
Индекс МосБиржи;D;20060526;000000;1275.85;1348.74;1274.37;1341.99;0;0
Индекс МосБиржи;D;20060529;000000;1342.01;1367.95;1312.38;1313.85;0;0
Индекс МосБиржи;D;20060530;000000;1313.9;1329.14;1271.58;1303.53;0;0
Индекс МосБиржи;D;20060531;000000;1303.14;1317.29;1254.85;1281.5;0;0
Индекс МосБиржи;D;20060601;000000;1281.5;1299.78;1268.63;1298.84;0;0
Индекс МосБиржи;D;20060602;000000;1298.89;1365.23;1298.84;1363.49;0;0
Индекс МосБиржи;D;20060605;000000;1363.52;1389.21;1343.21;1364.33;0;0
Индекс МосБиржи;D;20060606;000000;1360.41;1364.33;1273.68;1277.48;0;0
Индекс МосБиржи;D;20060607;000000;1277.48;1293.76;1219.98;1270.94;0;0
Индекс МосБиржи;D;20060608;000000;1270.91;1270.94;1172.86;1173.11;0;0
Индекс МосБиржи;D;20060609;000000;1173.11;1229.8;1173.11;1191.66;0;0
Индекс МосБиржи;D;20060613;000000;1191.44;1191.66;1078.19;1082.25;0;0
Индекс МосБиржи;D;20060614;000000;1082.24;1150.65;1062.82;1149.34;0;0
Индекс МосБиржи;D;20060615;000000;1150.34;1203.28;1149.34;1203.25;0;0
Индекс МосБиржи;D;20060616;000000;1203.36;1256.27;1157.7;1180.55;0;0
Индекс МосБиржи;D;20060619;000000;1180.55;1220.49;1176.54;1199.45;0;0
Индекс МосБиржи;D;20060620;000000;1199.45;1235.7;1166.27;1235.19;0;0
Индекс МосБиржи;D;20060621;000000;1235.25;1249.62;1199.59;1227.95;0;0
Индекс МосБиржи;D;20060622;000000;1228.76;1263.85;1192.24;1193.02;0;0
Индекс МосБиржи;D;20060623;000000;1193.02;1211.86;1179.87;1198.03;0;0
Индекс МосБиржи;D;20060626;000000;1198.03;1207.85;1178.25;1202.89;0;0
Индекс МосБиржи;D;20060627;000000;1202.9;1259.36;1200.56;1247.75;0;0
Индекс МосБиржи;D;20060628;000000;1247.73;1272.08;1220.65;1270.2;0;0
Индекс МосБиржи;D;20060629;000000;1270.23;1297.91;1259.94;1292.2;0;0
Индекс МосБиржи;D;20060630;000000;1292.25;1344.78;1292.2;1331.39;0;0
Индекс МосБиржи;D;20060703;000000;1331.39;1360.49;1331.15;1354.34;0;0
Индекс МосБиржи;D;20060704;000000;1354.34;1374.63;1339.37;1374.21;0;0
Индекс МосБиржи;D;20060705;000000;1373.76;1374.21;1304.85;1312.79;0;0
Индекс МосБиржи;D;20060706;000000;1312.87;1368.63;1312.79;1367.2;0;0
Индекс МосБиржи;D;20060707;000000;1367.2;1387.23;1351.47;1367.38;0;0
Индекс МосБиржи;D;20060710;000000;1367.37;1384.49;1353.19;1384.49;0;0
Индекс МосБиржи;D;20060711;000000;1384.49;1389.95;1366;1368.63;0;0
Индекс МосБиржи;D;20060712;000000;1368.71;1395.37;1368.63;1376.3;0;0
Индекс МосБиржи;D;20060713;000000;1376.29;1376.3;1296.33;1307.77;0;0
Индекс МосБиржи;D;20060714;000000;1307.76;1334.9;1264.85;1313.09;0;0
Индекс МосБиржи;D;20060717;000000;1313.05;1313.09;1272.77;1277.19;0;0
Индекс МосБиржи;D;20060718;000000;1276.91;1301.36;1255.05;1296.37;0;0
Индекс МосБиржи;D;20060719;000000;1296.45;1333.29;1278.16;1332.11;0;0
Индекс МосБиржи;D;20060720;000000;1332.11;1356.96;1325.52;1328.61;0;0
Индекс МосБиржи;D;20060721;000000;1328.6;1330.05;1309.56;1315.41;0;0
Индекс МосБиржи;D;20060724;000000;1315.41;1337.96;1305.57;1337.7;0;0
Индекс МосБиржи;D;20060725;000000;1338.47;1354.98;1332.03;1332.35;0;0
Индекс МосБиржи;D;20060726;000000;1332.89;1352.86;1332.35;1344.43;0;0
Индекс МосБиржи;D;20060727;000000;1344.65;1393.68;1344.43;1392.59;0;0
Индекс МосБиржи;D;20060728;000000;1392.56;1394.62;1367.94;1388.31;0;0
Индекс МосБиржи;D;20060731;000000;1388.45;1403.18;1376.03;1380.24;0;0
Индекс МосБиржи;D;20060801;000000;1380.3;1403.64;1363.67;1369.87;0;0
Индекс МосБиржи;D;20060802;000000;1369.9;1399.55;1369.51;1399.27;0;0
Индекс МосБиржи;D;20060803;000000;1399.31;1412.15;1377.96;1408.2;0;0
Индекс МосБиржи;D;20060804;000000;1408.21;1455.33;1408.2;1449.73;0;0
Индекс МосБиржи;D;20060807;000000;1449.15;1449.73;1423.49;1441.58;0;0
Индекс МосБиржи;D;20060808;000000;1442.02;1454.05;1425.83;1434.71;0;0
Индекс МосБиржи;D;20060809;000000;1434.71;1466.51;1434.26;1462.68;0;0
Индекс МосБиржи;D;20060810;000000;1462.65;1462.68;1439.76;1454.27;0;0
Индекс МосБиржи;D;20060811;000000;1454.28;1480.66;1454.27;1479.96;0;0
Индекс МосБиржи;D;20060814;000000;1479.96;1498.67;1471.04;1474.99;0;0
Индекс МосБиржи;D;20060815;000000;1475;1477.48;1435.69;1476.3;0;0
Индекс МосБиржи;D;20060816;000000;1476.34;1495.32;1463.67;1487.3;0;0
Индекс МосБиржи;D;20060817;000000;1487.33;1491.46;1464.16;1466.95;0;0
Индекс МосБиржи;D;20060818;000000;1466.71;1468.32;1395.98;1404.73;0;0
Индекс МосБиржи;D;20060821;000000;1405.03;1436.24;1403.44;1430.93;0;0
Индекс МосБиржи;D;20060822;000000;1431.05;1457.03;1430.93;1456.93;0;0
Индекс МосБиржи;D;20060823;000000;1456.94;1468;1438.23;1456.64;0;0
Индекс МосБиржи;D;20060824;000000;1456.15;1456.92;1437.33;1440.09;0;0
Индекс МосБиржи;D;20060825;000000;1440.1;1461.1;1440.09;1456.73;0;0
Индекс МосБиржи;D;20060828;000000;1456.73;1456.86;1445.29;1450.58;0;0
Индекс МосБиржи;D;20060829;000000;1450.58;1475.36;1441.16;1450.5;0;0
Индекс МосБиржи;D;20060830;000000;1450.43;1466.58;1450.41;1459.16;0;0
Индекс МосБиржи;D;20060831;000000;1459.18;1474.25;1443.61;1448.72;0;0
Индекс МосБиржи;D;20060901;000000;1448.72;1453.72;1431.33;1434.01;0;0
Индекс МосБиржи;D;20060904;000000;1434.05;1453.38;1431.26;1451.3;0;0
Индекс МосБиржи;D;20060905;000000;1451.3;1482.21;1442.7;1481.21;0;0
Индекс МосБиржи;D;20060906;000000;1481.19;1481.21;1443.3;1446.37;0;0
Индекс МосБиржи;D;20060907;000000;1446.31;1446.37;1395.64;1402.36;0;0
Индекс МосБиржи;D;20060908;000000;1402.36;1413.85;1395.3;1405.87;0;0
Индекс МосБиржи;D;20060911;000000;1405.86;1405.87;1343.57;1349.28;0;0
Индекс МосБиржи;D;20060912;000000;1349.81;1371.83;1348.82;1371.58;0;0
Индекс МосБиржи;D;20060913;000000;1371.46;1396.04;1356.99;1384.16;0;0
Индекс МосБиржи;D;20060914;000000;1384.31;1412.75;1379.16;1381.32;0;0
Индекс МосБиржи;D;20060915;000000;1379.17;1396.22;1364.63;1369.59;0;0
Индекс МосБиржи;D;20060918;000000;1369.59;1390.48;1367.38;1384.47;0;0
Индекс МосБиржи;D;20060919;000000;1384.48;1399.5;1384.47;1396.07;0;0
Индекс МосБиржи;D;20060920;000000;1396.06;1396.07;1355.67;1369.4;0;0
Индекс МосБиржи;D;20060921;000000;1368.96;1376.28;1338.7;1347.78;0;0
Индекс МосБиржи;D;20060922;000000;1347.78;1357.23;1299.47;1300.21;0;0
Индекс МосБиржи;D;20060925;000000;1300.21;1300.21;1253.38;1255.48;0;0
Индекс МосБиржи;D;20060926;000000;1255.51;1305.77;1255.48;1305.77;0;0
Индекс МосБиржи;D;20060927;000000;1305.87;1343.28;1305.77;1333.55;0;0
Индекс МосБиржи;D;20060928;000000;1333.55;1372.75;1333.55;1368.09;0;0
Индекс МосБиржи;D;20060929;000000;1368.09;1379.93;1351.19;1367.24;0;0
Индекс МосБиржи;D;20061002;000000;1367.27;1384.65;1358.84;1369.39;0;0
Индекс МосБиржи;D;20061003;000000;1368.02;1369.39;1330.82;1334.56;0;0
Индекс МосБиржи;D;20061004;000000;1334.52;1345.37;1304.65;1338.27;0;0
Индекс МосБиржи;D;20061005;000000;1338.7;1396.21;1338.27;1385.13;0;0
Индекс МосБиржи;D;20061006;000000;1385.14;1390.05;1363.06;1374.71;0;0
Индекс МосБиржи;D;20061009;000000;1374.72;1412.95;1367;1412.24;0;0
Индекс МосБиржи;D;20061010;000000;1412.2;1421.11;1394.2;1409.31;0;0
Индекс МосБиржи;D;20061011;000000;1409.24;1418.21;1387.02;1417.9;0;0
Индекс МосБиржи;D;20061012;000000;1417.7;1417.9;1399.65;1412.7;0;0
Индекс МосБиржи;D;20061013;000000;1413.23;1440.68;1412.7;1439.57;0;0
Индекс МосБиржи;D;20061016;000000;1439.69;1450.99;1426.53;1438.13;0;0
Индекс МосБиржи;D;20061017;000000;1438.16;1457.75;1421.7;1424.1;0;0
Индекс МосБиржи;D;20061018;000000;1424.1;1451.67;1422.8;1448.47;0;0
Индекс МосБиржи;D;20061019;000000;1448.45;1455.38;1438.54;1455.07;0;0
Индекс МосБиржи;D;20061020;000000;1455.07;1466.82;1436.6;1442.83;0;0
Индекс МосБиржи;D;20061023;000000;1442.8;1448.06;1424.77;1439.74;0;0
Индекс МосБиржи;D;20061024;000000;1439.78;1444.66;1416.24;1429.47;0;0
Индекс МосБиржи;D;20061025;000000;1429.47;1449.1;1424.38;1449.1;0;0
Индекс МосБиржи;D;20061026;000000;1449.11;1462.94;1437.5;1443.08;0;0
Индекс МосБиржи;D;20061027;000000;1443.07;1444.39;1420.02;1434.97;0;0
Индекс МосБиржи;D;20061030;000000;1434.97;1434.97;1400.54;1403.65;0;0
Индекс МосБиржи;D;20061031;000000;1403.66;1427.11;1399.46;1426.86;0;0
Индекс МосБиржи;D;20061101;000000;1426.87;1458.18;1426.86;1456;0;0
Индекс МосБиржи;D;20061102;000000;1455.99;1456;1432.82;1435.21;0;0
Индекс МосБиржи;D;20061103;000000;1435.2;1454.65;1434.13;1452.72;0;0
Индекс МосБиржи;D;20061107;000000;1453.12;1488.66;1452.72;1480.88;0;0
Индекс МосБиржи;D;20061108;000000;1480.88;1484.38;1468.62;1477.37;0;0
Индекс МосБиржи;D;20061109;000000;1477.41;1505.11;1477.37;1502.86;0;0
Индекс МосБиржи;D;20061110;000000;1502.86;1506.76;1487.28;1503.55;0;0
Индекс МосБиржи;D;20061113;000000;1503.54;1511.19;1495.37;1500.3;0;0
Индекс МосБиржи;D;20061114;000000;1500.3;1507.75;1490.18;1498.73;0;0
Индекс МосБиржи;D;20061115;000000;1498.75;1509.14;1496.84;1504.61;0;0
Индекс МосБиржи;D;20061116;000000;1504.65;1521;1498.08;1519.01;0;0
Индекс МосБиржи;D;20061117;000000;1519;1519.01;1485.55;1500.11;0;0
Индекс МосБиржи;D;20061120;000000;1500.13;1505.83;1485.94;1490.58;0;0
Индекс МосБиржи;D;20061121;000000;1490.63;1513;1490.58;1509.87;0;0
Индекс МосБиржи;D;20061122;000000;1509.88;1521.81;1501.04;1502.53;0;0
Индекс МосБиржи;D;20061123;000000;1502.87;1518.82;1502.53;1516.67;0;0
Индекс МосБиржи;D;20061124;000000;1516.67;1521.73;1508.74;1518.06;0;0
Индекс МосБиржи;D;20061127;000000;1518.06;1529.48;1516.44;1518.79;0;0
Индекс МосБиржи;D;20061128;000000;1518.79;1521.11;1505.81;1521.11;0;0
Индекс МосБиржи;D;20061129;000000;1521.11;1547.51;1521.11;1546.95;0;0
Индекс МосБиржи;D;20061130;000000;1546.97;1558.83;1545.15;1550.58;0;0
Индекс МосБиржи;D;20061201;000000;1550.7;1565.52;1546.42;1550.04;0;0
Индекс МосБиржи;D;20061204;000000;1550.06;1565;1550.04;1564.14;0;0
Индекс МосБиржи;D;20061205;000000;1564.14;1589.53;1564.13;1580.94;0;0
Индекс МосБиржи;D;20061206;000000;1581;1603.85;1580.94;1602.42;0;0
Индекс МосБиржи;D;20061207;000000;1602.36;1616.08;1595.47;1607.1;0;0
Индекс МосБиржи;D;20061208;000000;1607.14;1617.74;1599.82;1613.27;0;0
Индекс МосБиржи;D;20061211;000000;1613.27;1627.15;1597.37;1611.67;0;0
Индекс МосБиржи;D;20061212;000000;1611.67;1623.65;1605.27;1608.44;0;0
Индекс МосБиржи;D;20061213;000000;1608.44;1610.69;1569.53;1599.74;0;0
Индекс МосБиржи;D;20061214;000000;1599.8;1615.03;1599.74;1614.09;0;0
Индекс МосБиржи;D;20061215;000000;1614.38;1630.08;1614.09;1627.69;0;0
Индекс МосБиржи;D;20061218;000000;1627.69;1633.72;1622.21;1631.5;0;0
Индекс МосБиржи;D;20061219;000000;1631.47;1631.5;1582.79;1604.19;0;0
Индекс МосБиржи;D;20061220;000000;1604.24;1631.03;1604.19;1625.16;0;0
Индекс МосБиржи;D;20061221;000000;1625.16;1630.07;1614.6;1629.82;0;0
Индекс МосБиржи;D;20061222;000000;1629.85;1635.96;1617.76;1619.47;0;0
Индекс МосБиржи;D;20061225;000000;1619.47;1623.31;1608.99;1614.41;0;0
Индекс МосБиржи;D;20061226;000000;1614.42;1620.3;1610.36;1615.21;0;0
Индекс МосБиржи;D;20061227;000000;1615.17;1643.25;1611.46;1642.91;0;0
Индекс МосБиржи;D;20061228;000000;1642.9;1684.31;1642.9;1677.16;0;0
Индекс МосБиржи;D;20061229;000000;1677.16;1698.44;1677.16;1693.47;0;0
Индекс МосБиржи;D;20070109;000000;1692.14;1693.47;1567.69;1571.93;0;0
Индекс МосБиржи;D;20070110;000000;1571.93;1580.65;1528.85;1569.83;0;0
Индекс МосБиржи;D;20070111;000000;1569.64;1608.19;1556.53;1599.67;0;0
Индекс МосБиржи;D;20070112;000000;1599.57;1602.85;1581.3;1591.47;0;0
Индекс МосБиржи;D;20070115;000000;1591.67;1652.93;1591.47;1650.83;0;0
Индекс МосБиржи;D;20070116;000000;1650.83;1680.41;1636.15;1641.31;0;0
Индекс МосБиржи;D;20070117;000000;1641.3;1655.15;1597.21;1610.76;0;0
Индекс МосБиржи;D;20070118;000000;1610.76;1647.88;1605.36;1607.54;0;0
Индекс МосБиржи;D;20070119;000000;1607.54;1617.43;1595.6;1617.09;0;0
Индекс МосБиржи;D;20070122;000000;1617.09;1655.56;1617.09;1654.65;0;0
Индекс МосБиржи;D;20070123;000000;1654.64;1666.3;1643.39;1664.18;0;0
Индекс МосБиржи;D;20070124;000000;1664.18;1690.32;1658.48;1662.28;0;0
Индекс МосБиржи;D;20070125;000000;1662.3;1695.5;1662.28;1681.46;0;0
Индекс МосБиржи;D;20070126;000000;1681.27;1681.46;1664.93;1669.82;0;0
Индекс МосБиржи;D;20070129;000000;1669.82;1685.03;1640.44;1641.98;0;0
Индекс МосБиржи;D;20070130;000000;1641.97;1645.54;1606.44;1645.02;0;0
Индекс МосБиржи;D;20070131;000000;1645.03;1668.3;1645.02;1656.94;0;0
Индекс МосБиржи;D;20070201;000000;1656.95;1707.47;1656.94;1702.85;0;0
Индекс МосБиржи;D;20070202;000000;1702.85;1712.21;1682.19;1701.26;0;0
Индекс МосБиржи;D;20070205;000000;1701.26;1714.15;1698.68;1713.63;0;0
Индекс МосБиржи;D;20070206;000000;1713.63;1735.82;1708;1730.73;0;0
Индекс МосБиржи;D;20070207;000000;1730.73;1738.89;1714.59;1724.34;0;0
Индекс МосБиржи;D;20070208;000000;1724.33;1724.39;1678.7;1679.79;0;0
Индекс МосБиржи;D;20070209;000000;1679.76;1708.25;1679.76;1695.24;0;0
Индекс МосБиржи;D;20070212;000000;1695.21;1695.24;1639.47;1639.61;0;0
Индекс МосБиржи;D;20070213;000000;1639.61;1679.03;1618.92;1678.88;0;0
Индекс МосБиржи;D;20070214;000000;1678.88;1693.91;1676.8;1690.97;0;0
Индекс МосБиржи;D;20070215;000000;1690.97;1707.57;1685.4;1690.84;0;0
Индекс МосБиржи;D;20070216;000000;1690.85;1698.35;1676.59;1694.26;0;0
Индекс МосБиржи;D;20070219;000000;1694.26;1713.16;1694.25;1696.59;0;0
Индекс МосБиржи;D;20070220;000000;1696.59;1702.97;1682.34;1682.48;0;0
Индекс МосБиржи;D;20070221;000000;1682.48;1703.14;1682.48;1697.21;0;0
Индекс МосБиржи;D;20070222;000000;1697.98;1729.13;1697.21;1728.44;0;0
Индекс МосБиржи;D;20070226;000000;1728.44;1756.85;1728.44;1754.75;0;0
Индекс МосБиржи;D;20070227;000000;1754.74;1754.75;1672.74;1682.12;0;0
Индекс МосБиржи;D;20070228;000000;1682;1682.12;1608.85;1655.25;0;0
Индекс МосБиржи;D;20070301;000000;1655.23;1673.11;1553.01;1583.28;0;0
Индекс МосБиржи;D;20070302;000000;1583.33;1608.68;1566.48;1591.32;0;0
Индекс МосБиржи;D;20070305;000000;1591.23;1591.32;1484.69;1538.98;0;0
Индекс МосБиржи;D;20070306;000000;1539;1571.17;1538.98;1561.93;0;0
Индекс МосБиржи;D;20070307;000000;1561.95;1583.64;1548.88;1565.39;0;0
Индекс МосБиржи;D;20070309;000000;1566.39;1625.68;1565.39;1609.71;0;0
Индекс МосБиржи;D;20070312;000000;1609.71;1635.41;1599.41;1608.94;0;0
Индекс МосБиржи;D;20070313;000000;1608.95;1630.77;1596.39;1614.61;0;0
Индекс МосБиржи;D;20070314;000000;1610.88;1614.61;1528.54;1569.87;0;0
Индекс МосБиржи;D;20070315;000000;1569.87;1609.95;1569.87;1603.15;0;0
Индекс МосБиржи;D;20070316;000000;1603.14;1622.49;1598.78;1609.8;0;0
Индекс МосБиржи;D;20070319;000000;1609.8;1647.79;1609.8;1647.64;0;0
Индекс МосБиржи;D;20070320;000000;1647.68;1657.21;1617.24;1629.52;0;0
Индекс МосБиржи;D;20070321;000000;1629.52;1650.58;1629.09;1646.07;0;0
Индекс МосБиржи;D;20070322;000000;1646.08;1688.9;1646.07;1680.09;0;0
Индекс МосБиржи;D;20070323;000000;1680.09;1703.58;1671.6;1701.93;0;0
Индекс МосБиржи;D;20070326;000000;1701.96;1713.4;1697.75;1701.02;0;0
Индекс МосБиржи;D;20070327;000000;1700.92;1702.85;1675.97;1681.06;0;0
Индекс МосБиржи;D;20070328;000000;1681.06;1707.16;1679.17;1696.58;0;0
Индекс МосБиржи;D;20070329;000000;1696.59;1718;1696.21;1717.81;0;0
Индекс МосБиржи;D;20070330;000000;1717.82;1730.36;1690.49;1698.08;0;0
Индекс МосБиржи;D;20070402;000000;1698.09;1698.29;1679.87;1695.52;0;0
Индекс МосБиржи;D;20070403;000000;1695.53;1705.77;1685.54;1700.16;0;0
Индекс МосБиржи;D;20070404;000000;1700.16;1715.82;1700.07;1702.17;0;0
Индекс МосБиржи;D;20070405;000000;1702.17;1720.98;1702.17;1718.48;0;0
Индекс МосБиржи;D;20070406;000000;1718.48;1727.54;1718.48;1727.37;0;0
Индекс МосБиржи;D;20070409;000000;1727.37;1758.91;1727.37;1752.65;0;0
Индекс МосБиржи;D;20070410;000000;1752.65;1761.77;1734.19;1757.97;0;0
Индекс МосБиржи;D;20070411;000000;1758.01;1765.95;1752.09;1754.91;0;0
Индекс МосБиржи;D;20070412;000000;1754.91;1754.93;1730.15;1734.17;0;0
Индекс МосБиржи;D;20070413;000000;1734.19;1772.78;1734.17;1770.23;0;0
Индекс МосБиржи;D;20070416;000000;1770.25;1780.54;1760.51;1777.84;0;0
Индекс МосБиржи;D;20070417;000000;1777.84;1777.84;1742.93;1754.64;0;0
Индекс МосБиржи;D;20070418;000000;1754.6;1759.44;1726.26;1726.26;0;0
Индекс МосБиржи;D;20070419;000000;1726.17;1726.26;1671.57;1692.05;0;0
Индекс МосБиржи;D;20070420;000000;1692.32;1743.97;1692.05;1743.34;0;0
Индекс МосБиржи;D;20070423;000000;1743.38;1758.1;1738.26;1741.22;0;0
Индекс МосБиржи;D;20070424;000000;1741.22;1751.45;1714.74;1732.83;0;0
Индекс МосБиржи;D;20070425;000000;1732.77;1744.28;1714.05;1741.45;0;0
Индекс МосБиржи;D;20070426;000000;1741.46;1757.63;1723.6;1726.12;0;0
Индекс МосБиржи;D;20070427;000000;1726.12;1729.03;1668.65;1678.27;0;0
Индекс МосБиржи;D;20070428;000000;1678.26;1697.46;1678.06;1697.28;0;0
Индекс МосБиржи;D;20070502;000000;1697.28;1698.43;1676.49;1679.18;0;0
Индекс МосБиржи;D;20070503;000000;1679.19;1701.29;1679.18;1693.73;0;0
Индекс МосБиржи;D;20070504;000000;1693.73;1705.12;1691.56;1698.33;0;0
Индекс МосБиржи;D;20070507;000000;1698.33;1707.23;1694.36;1697.67;0;0
Индекс МосБиржи;D;20070508;000000;1697.67;1702.67;1681.29;1684.11;0;0
Индекс МосБиржи;D;20070510;000000;1684.11;1704.49;1659.08;1664.89;0;0
Индекс МосБиржи;D;20070511;000000;1664.89;1664.89;1621.04;1625.69;0;0
Индекс МосБиржи;D;20070514;000000;1625.85;1649.71;1606.33;1632.46;0;0
Индекс МосБиржи;D;20070515;000000;1632.44;1632.46;1600.53;1605.46;0;0
Индекс МосБиржи;D;20070516;000000;1605.51;1635.98;1603.04;1635.36;0;0
Индекс МосБиржи;D;20070517;000000;1635.36;1648.96;1616.07;1618.91;0;0
Индекс МосБиржи;D;20070518;000000;1619.13;1648.09;1618.91;1645.72;0;0
Индекс МосБиржи;D;20070521;000000;1645.96;1662.25;1645.53;1651.34;0;0
Индекс МосБиржи;D;20070522;000000;1651.34;1657.95;1633.98;1645.86;0;0
Индекс МосБиржи;D;20070523;000000;1645.83;1645.86;1595;1597.42;0;0
Индекс МосБиржи;D;20070524;000000;1596.18;1597.42;1543.81;1578.57;0;0
Индекс МосБиржи;D;20070525;000000;1578.5;1591;1555.38;1581.51;0;0
Индекс МосБиржи;D;20070528;000000;1581.51;1595.63;1547.43;1560.83;0;0
Индекс МосБиржи;D;20070529;000000;1560.82;1574.51;1518.3;1524.79;0;0
Индекс МосБиржи;D;20070530;000000;1524.42;1524.79;1485.66;1516.09;0;0
Индекс МосБиржи;D;20070531;000000;1516.1;1570.83;1516.09;1570.34;0;0
Индекс МосБиржи;D;20070601;000000;1570.41;1621.49;1555.67;1619.89;0;0
Индекс МосБиржи;D;20070604;000000;1619.89;1624.54;1597.73;1611.81;0;0
Индекс МосБиржи;D;20070605;000000;1611.81;1632.14;1611.81;1615.31;0;0
Индекс МосБиржи;D;20070606;000000;1615.35;1628.88;1596.98;1607.94;0;0
Индекс МосБиржи;D;20070607;000000;1607.91;1615.1;1585.9;1587.93;0;0
Индекс МосБиржи;D;20070608;000000;1587.93;1594.41;1566.32;1587.66;0;0
Индекс МосБиржи;D;20070609;000000;1587.66;1600;1586.02;1594.1;0;0
Индекс МосБиржи;D;20070613;000000;1594.03;1611.73;1582.71;1610.83;0;0
Индекс МосБиржи;D;20070614;000000;1611.57;1662.71;1610.83;1662.71;0;0
Индекс МосБиржи;D;20070615;000000;1662.71;1679.3;1651;1672.29;0;0
Индекс МосБиржи;D;20070618;000000;1672.29;1691.01;1672.29;1682.22;0;0
Индекс МосБиржи;D;20070619;000000;1682.22;1692.65;1665.78;1670.36;0;0
Индекс МосБиржи;D;20070620;000000;1670.37;1703.53;1670.36;1701.09;0;0
Индекс МосБиржи;D;20070621;000000;1700.95;1701.09;1671.76;1673.59;0;0
Индекс МосБиржи;D;20070622;000000;1673.61;1686.13;1667.98;1675.65;0;0
Индекс МосБиржи;D;20070625;000000;1675.6;1675.65;1654.83;1654.93;0;0
Индекс МосБиржи;D;20070626;000000;1654.93;1674.16;1649.51;1672.68;0;0
Индекс МосБиржи;D;20070627;000000;1672.67;1672.68;1649.6;1654.89;0;0
Индекс МосБиржи;D;20070628;000000;1654.9;1677.46;1654.89;1669.28;0;0
Индекс МосБиржи;D;20070629;000000;1669.7;1678.85;1656.73;1665.96;0;0
Индекс МосБиржи;D;20070702;000000;1665.96;1684.36;1665.28;1682.69;0;0
Индекс МосБиржи;D;20070703;000000;1682.69;1710.84;1682.69;1705.49;0;0
Индекс МосБиржи;D;20070704;000000;1705.55;1710.5;1699.5;1702.04;0;0
Индекс МосБиржи;D;20070705;000000;1702.2;1733.78;1702.04;1729.26;0;0
Индекс МосБиржи;D;20070706;000000;1729.26;1736.07;1718.97;1734.63;0;0
Индекс МосБиржи;D;20070709;000000;1734.63;1756.05;1734.63;1753.75;0;0
Индекс МосБиржи;D;20070710;000000;1753.51;1753.75;1721.67;1723.3;0;0
Индекс МосБиржи;D;20070711;000000;1723.3;1744.53;1709.11;1737.63;0;0
Индекс МосБиржи;D;20070712;000000;1737.63;1789.12;1737.63;1787.79;0;0
Индекс МосБиржи;D;20070713;000000;1787.82;1807.55;1785.66;1791.55;0;0
Индекс МосБиржи;D;20070716;000000;1791.55;1798.99;1777.06;1792.99;0;0
Индекс МосБиржи;D;20070717;000000;1792.98;1792.99;1764.96;1789.88;0;0
Индекс МосБиржи;D;20070718;000000;1789.63;1789.88;1755.86;1767.64;0;0
Индекс МосБиржи;D;20070719;000000;1767.64;1802.82;1767.63;1799.74;0;0
Индекс МосБиржи;D;20070720;000000;1799.77;1817.58;1783.7;1791.6;0;0
Индекс МосБиржи;D;20070723;000000;1791.55;1812.1;1775.52;1807.28;0;0
Индекс МосБиржи;D;20070724;000000;1807.28;1811.02;1766.66;1766.92;0;0
Индекс МосБиржи;D;20070725;000000;1766.91;1781;1748.67;1780.62;0;0
Индекс МосБиржи;D;20070726;000000;1780.66;1792.04;1721.06;1724.28;0;0
Индекс МосБиржи;D;20070727;000000;1724.27;1724.28;1677.63;1703.01;0;0
Индекс МосБиржи;D;20070730;000000;1703.01;1728.22;1685.4;1702.63;0;0
Индекс МосБиржи;D;20070731;000000;1702.63;1737.08;1702.63;1734.42;0;0
Индекс МосБиржи;D;20070801;000000;1734.41;1734.42;1677.77;1693.14;0;0
Индекс МосБиржи;D;20070802;000000;1693.14;1712.88;1693.14;1712.2;0;0
Индекс МосБиржи;D;20070803;000000;1712.37;1728.94;1706.22;1715.47;0;0
Индекс МосБиржи;D;20070806;000000;1715.47;1715.47;1680.2;1689.42;0;0
Индекс МосБиржи;D;20070807;000000;1689.42;1710.59;1687.92;1692.1;0;0
Индекс МосБиржи;D;20070808;000000;1692.13;1725.56;1692.1;1725.32;0;0
Индекс МосБиржи;D;20070809;000000;1725.32;1736.66;1670.48;1676.36;0;0
Индекс МосБиржи;D;20070810;000000;1676.32;1676.36;1626.17;1644.13;0;0
Индекс МосБиржи;D;20070813;000000;1644.14;1681.68;1644.13;1680.03;0;0
Индекс МосБиржи;D;20070814;000000;1680.02;1684.32;1666.22;1676.85;0;0
Индекс МосБиржи;D;20070815;000000;1676.53;1676.85;1636.49;1639.68;0;0
Индекс МосБиржи;D;20070816;000000;1639.64;1639.68;1583.5;1599.39;0;0
Индекс МосБиржи;D;20070817;000000;1599.39;1639.8;1567.4;1637.81;0;0
Индекс МосБиржи;D;20070820;000000;1637.83;1646.27;1621.66;1621.98;0;0
Индекс МосБиржи;D;20070821;000000;1622.05;1628.91;1582.15;1606.62;0;0
Индекс МосБиржи;D;20070822;000000;1606.62;1634.32;1596.77;1632.99;0;0
Индекс МосБиржи;D;20070823;000000;1632.99;1656.94;1632.99;1634.06;0;0
Индекс МосБиржи;D;20070824;000000;1633.63;1642.04;1614.84;1634.01;0;0
Индекс МосБиржи;D;20070827;000000;1634.01;1662.51;1634.01;1656.32;0;0
Индекс МосБиржи;D;20070828;000000;1656.32;1657.06;1639.76;1642.29;0;0
Индекс МосБиржи;D;20070829;000000;1642.28;1642.29;1617.61;1640.78;0;0
Индекс МосБиржи;D;20070830;000000;1640.79;1663.03;1639.48;1641.06;0;0
Индекс МосБиржи;D;20070831;000000;1641.06;1681.2;1641.06;1677.02;0;0
Индекс МосБиржи;D;20070903;000000;1677.02;1686.31;1669.14;1678.74;0;0
Индекс МосБиржи;D;20070904;000000;1678.74;1678.74;1659.26;1663.23;0;0
Индекс МосБиржи;D;20070905;000000;1663.24;1671.3;1652.99;1654;0;0
Индекс МосБиржи;D;20070906;000000;1654.06;1676.54;1654;1673.14;0;0
Индекс МосБиржи;D;20070907;000000;1673.13;1673.17;1633.82;1638.11;0;0
Индекс МосБиржи;D;20070910;000000;1638.11;1645.89;1630.83;1641.04;0;0
Индекс МосБиржи;D;20070911;000000;1641.15;1651.6;1641.04;1648.65;0;0
Индекс МосБиржи;D;20070912;000000;1648.65;1656.4;1633.16;1635.69;0;0
Индекс МосБиржи;D;20070913;000000;1635.69;1666.99;1635.69;1666.49;0;0
Индекс МосБиржи;D;20070914;000000;1666.49;1669.13;1652.66;1660.08;0;0
Индекс МосБиржи;D;20070917;000000;1660.06;1660.97;1638.82;1648.23;0;0
Индекс МосБиржи;D;20070918;000000;1648.23;1672.47;1646.89;1669.06;0;0
Индекс МосБиржи;D;20070919;000000;1669.06;1731.06;1669.06;1730.74;0;0
Индекс МосБиржи;D;20070920;000000;1730.74;1730.74;1704.57;1716.6;0;0
Индекс МосБиржи;D;20070921;000000;1716.62;1727.85;1711.7;1725.11;0;0
Индекс МосБиржи;D;20070924;000000;1725.11;1742.27;1719.2;1736.37;0;0
Индекс МосБиржи;D;20070925;000000;1736.38;1736.38;1702.5;1703.72;0;0
Индекс МосБиржи;D;20070926;000000;1703.72;1745.12;1703.72;1744.91;0;0
Индекс МосБиржи;D;20070927;000000;1745.65;1760.45;1744.91;1755.48;0;0
Индекс МосБиржи;D;20070928;000000;1755.5;1763.33;1750.47;1759.44;0;0
Индекс МосБиржи;D;20071001;000000;1759.44;1759.44;1724.32;1733.39;0;0
Индекс МосБиржи;D;20071002;000000;1733.41;1796.2;1733.39;1795.06;0;0
Индекс МосБиржи;D;20071003;000000;1795.06;1806.9;1773.8;1778.66;0;0
Индекс МосБиржи;D;20071004;000000;1778.64;1786.12;1767.29;1777.82;0;0
Индекс МосБиржи;D;20071005;000000;1777.82;1807.26;1777.8;1802.45;0;0
Индекс МосБиржи;D;20071008;000000;1802.47;1821.21;1798.69;1808.42;0;0
Индекс МосБиржи;D;20071009;000000;1808.3;1828.43;1798.66;1827.99;0;0
Индекс МосБиржи;D;20071010;000000;1828.02;1839.15;1815.4;1817.97;0;0
Индекс МосБиржи;D;20071011;000000;1817.97;1849.34;1817.97;1848.82;0;0
Индекс МосБиржи;D;20071012;000000;1848.72;1848.82;1821.91;1835.21;0;0
Индекс МосБиржи;D;20071015;000000;1835.21;1851.76;1835.21;1839.38;0;0
Индекс МосБиржи;D;20071016;000000;1839.38;1839.45;1820.7;1821.53;0;0
Индекс МосБиржи;D;20071017;000000;1821.52;1829.66;1809.06;1827.74;0;0
Индекс МосБиржи;D;20071018;000000;1827.81;1833.28;1792.91;1799.93;0;0
Индекс МосБиржи;D;20071019;000000;1799.93;1815.91;1794.31;1801.42;0;0
Индекс МосБиржи;D;20071022;000000;1801.28;1801.42;1762.36;1772.35;0;0
Индекс МосБиржи;D;20071023;000000;1772.35;1801.4;1772.35;1799.36;0;0
Индекс МосБиржи;D;20071024;000000;1799.36;1800.92;1784.51;1792.05;0;0
Индекс МосБиржи;D;20071025;000000;1792.04;1828.11;1792.04;1816.9;0;0
Индекс МосБиржи;D;20071026;000000;1816.9;1855.01;1816.9;1854.47;0;0
Индекс МосБиржи;D;20071029;000000;1854.47;1885.1;1854.47;1872;0;0
Индекс МосБиржи;D;20071030;000000;1872;1872;1845.19;1855.63;0;0
Индекс МосБиржи;D;20071031;000000;1855.63;1877.34;1847.71;1874.73;0;0
Индекс МосБиржи;D;20071101;000000;1875.11;1910.18;1849.56;1866.49;0;0
Индекс МосБиржи;D;20071102;000000;1866.49;1885.08;1845.1;1879.41;0;0
Индекс МосБиржи;D;20071106;000000;1879.49;1909.13;1877.47;1907.63;0;0
Индекс МосБиржи;D;20071107;000000;1907.63;1923.96;1891.81;1903.55;0;0
Индекс МосБиржи;D;20071108;000000;1903.54;1924.62;1875.55;1917.29;0;0
Индекс МосБиржи;D;20071109;000000;1917.28;1933.2;1888.47;1891.27;0;0
Индекс МосБиржи;D;20071112;000000;1891.21;1907.09;1881.09;1890.01;0;0
Индекс МосБиржи;D;20071113;000000;1890;1890.01;1861.74;1868.62;0;0
Индекс МосБиржи;D;20071114;000000;1868.63;1884.2;1859.51;1878;0;0
Индекс МосБиржи;D;20071115;000000;1878;1878;1854.59;1855.98;0;0
Индекс МосБиржи;D;20071116;000000;1855.96;1855.98;1827.9;1833.28;0;0
Индекс МосБиржи;D;20071119;000000;1833.28;1847.91;1805.41;1805.84;0;0
Индекс МосБиржи;D;20071120;000000;1805.84;1821.7;1790.7;1816;0;0
Индекс МосБиржи;D;20071121;000000;1815.99;1816;1778.72;1785.39;0;0
Индекс МосБиржи;D;20071122;000000;1785.39;1795.47;1761.61;1776.84;0;0
Индекс МосБиржи;D;20071123;000000;1776.83;1793.77;1768.92;1793.03;0;0
Индекс МосБиржи;D;20071126;000000;1793.17;1826.29;1793.03;1816.85;0;0
Индекс МосБиржи;D;20071127;000000;1816.81;1818.58;1786.96;1791.89;0;0
Индекс МосБиржи;D;20071128;000000;1791.92;1813.58;1778.29;1813.09;0;0
Индекс МосБиржи;D;20071129;000000;1813.15;1837.58;1813.09;1822.59;0;0
Индекс МосБиржи;D;20071130;000000;1822.59;1853.1;1822.59;1850.64;0;0
Индекс МосБиржи;D;20071203;000000;1850.71;1857.47;1836.61;1838.78;0;0
Индекс МосБиржи;D;20071204;000000;1838.77;1848.73;1832;1834.73;0;0
Индекс МосБиржи;D;20071205;000000;1834.73;1895.42;1833.86;1895.39;0;0
Индекс МосБиржи;D;20071206;000000;1895.4;1912.57;1883.14;1891.16;0;0
Индекс МосБиржи;D;20071207;000000;1891.16;1919.31;1891.16;1913.38;0;0
Индекс МосБиржи;D;20071210;000000;1913.41;1952.24;1898.65;1945.53;0;0
Индекс МосБиржи;D;20071211;000000;1945.53;1967.74;1942.05;1951.38;0;0
Индекс МосБиржи;D;20071212;000000;1951.38;1970.46;1928.34;1969.91;0;0
Индекс МосБиржи;D;20071213;000000;1969.91;1969.91;1921.4;1928.99;0;0
Индекс МосБиржи;D;20071214;000000;1928.99;1936.8;1880.74;1895.25;0;0
Индекс МосБиржи;D;20071217;000000;1895.12;1899.04;1867.97;1887.61;0;0
Индекс МосБиржи;D;20071218;000000;1887.6;1913.41;1883.5;1908.63;0;0
Индекс МосБиржи;D;20071219;000000;1908.68;1920.5;1884.62;1899.42;0;0
Индекс МосБиржи;D;20071220;000000;1899.52;1927.84;1899.42;1926.45;0;0
Индекс МосБиржи;D;20071221;000000;1926.47;1939.51;1917.95;1931.2;0;0
Индекс МосБиржи;D;20071224;000000;1931.19;1943.88;1927.51;1929.31;0;0
Индекс МосБиржи;D;20071225;000000;1929.36;1935;1916.17;1918.75;0;0
Индекс МосБиржи;D;20071226;000000;1918.75;1919.66;1901.02;1904.27;0;0
Индекс МосБиржи;D;20071227;000000;1904.29;1917.77;1896.14;1907.39;0;0
Индекс МосБиржи;D;20071228;000000;1907.35;1907.39;1883.72;1888.86;0;0
Индекс МосБиржи;D;20080109;000000;1888.86;1921.14;1888.86;1906.86;0;0
Индекс МосБиржи;D;20080110;000000;1906.86;1922.2;1905.04;1912.29;0;0
Индекс МосБиржи;D;20080111;000000;1912.3;1920.3;1901.59;1914.48;0;0
Индекс МосБиржи;D;20080114;000000;1914.46;1931.52;1902.15;1931.14;0;0
Индекс МосБиржи;D;20080115;000000;1931.13;1942.36;1913.9;1921.38;0;0
Индекс МосБиржи;D;20080116;000000;1921.28;1921.38;1818.35;1839.04;0;0
Индекс МосБиржи;D;20080117;000000;1838.94;1847.59;1779.29;1805.42;0;0
Индекс МосБиржи;D;20080118;000000;1805.4;1805.42;1768.22;1788.34;0;0
Индекс МосБиржи;D;20080121;000000;1788.34;1788.34;1645.4;1654.83;0;0
Индекс МосБиржи;D;20080122;000000;1654.53;1715.57;1509.13;1636.79;0;0
Индекс МосБиржи;D;20080123;000000;1636.97;1693.9;1563.26;1570.9;0;0
Индекс МосБиржи;D;20080124;000000;1570.92;1663.6;1570.9;1661.99;0;0
Индекс МосБиржи;D;20080125;000000;1662.05;1711.58;1661.99;1705.2;0;0
Индекс МосБиржи;D;20080128;000000;1705.15;1705.2;1627.88;1635.33;0;0
Индекс МосБиржи;D;20080129;000000;1636.31;1679.8;1635.33;1678.42;0;0
Индекс МосБиржи;D;20080130;000000;1678.42;1678.42;1637.96;1642.63;0;0
Индекс МосБиржи;D;20080131;000000;1642.64;1647.54;1560.19;1574.33;0;0
Индекс МосБиржи;D;20080201;000000;1574.33;1663.24;1574.33;1640.49;0;0
Индекс МосБиржи;D;20080204;000000;1640.5;1691.65;1640.49;1677.78;0;0
Индекс МосБиржи;D;20080205;000000;1677.78;1710.5;1625.53;1632.37;0;0
Индекс МосБиржи;D;20080206;000000;1632.32;1639.5;1572.52;1631.1;0;0
Индекс МосБиржи;D;20080207;000000;1630.97;1633.77;1549.56;1581.96;0;0
Индекс МосБиржи;D;20080208;000000;1581.96;1610.38;1553.44;1568.88;0;0
Индекс МосБиржи;D;20080211;000000;1568.88;1617.51;1561.22;1605.1;0;0
Индекс МосБиржи;D;20080212;000000;1605.1;1666.42;1605.1;1665.47;0;0
Индекс МосБиржи;D;20080213;000000;1665.47;1695.93;1635.89;1688.3;0;0
Индекс МосБиржи;D;20080214;000000;1690.94;1720.07;1684.64;1687.9;0;0
Индекс МосБиржи;D;20080215;000000;1687.71;1693.58;1646.64;1655.31;0;0
Индекс МосБиржи;D;20080218;000000;1655.46;1696.24;1655.31;1692.38;0;0
Индекс МосБиржи;D;20080219;000000;1692.38;1707.1;1668.41;1706.47;0;0
Индекс МосБиржи;D;20080220;000000;1705.61;1706.47;1670.52;1683.43;0;0
Индекс МосБиржи;D;20080221;000000;1683.86;1732.1;1683.43;1723.02;0;0
Индекс МосБиржи;D;20080222;000000;1722.9;1728.8;1697.23;1721.11;0;0
Индекс МосБиржи;D;20080226;000000;1721.16;1746.95;1718.58;1726.03;0;0
Индекс МосБиржи;D;20080227;000000;1726.03;1745.05;1704.45;1710.73;0;0
Индекс МосБиржи;D;20080228;000000;1710.73;1712.18;1687.13;1689.5;0;0
Индекс МосБиржи;D;20080229;000000;1689.5;1707.55;1654.64;1660.42;0;0
Индекс МосБиржи;D;20080303;000000;1660.39;1660.42;1611.14;1643.31;0;0
Индекс МосБиржи;D;20080304;000000;1643.31;1672.46;1623.03;1636.2;0;0
Индекс МосБиржи;D;20080305;000000;1636.19;1655.97;1626.6;1655.66;0;0
Индекс МосБиржи;D;20080306;000000;1655.81;1672.73;1645.96;1652.01;0;0
Индекс МосБиржи;D;20080307;000000;1652;1652.01;1609.28;1619.3;0;0
Индекс МосБиржи;D;20080311;000000;1619.28;1675.17;1612.15;1674.47;0;0
Индекс МосБиржи;D;20080312;000000;1674.48;1698.41;1668.46;1677.41;0;0
Индекс МосБиржи;D;20080313;000000;1677.38;1677.41;1644.17;1647.52;0;0
Индекс МосБиржи;D;20080314;000000;1647.4;1691.01;1644.58;1651.91;0;0
Индекс МосБиржи;D;20080317;000000;1651.88;1651.91;1551.81;1582.02;0;0
Индекс МосБиржи;D;20080318;000000;1582.07;1608.17;1570.82;1607.84;0;0
Индекс МосБиржи;D;20080319;000000;1607.89;1636.35;1595.9;1602.52;0;0
Индекс МосБиржи;D;20080320;000000;1602.47;1602.52;1550.74;1569.18;0;0
Индекс МосБиржи;D;20080321;000000;1569.19;1589.86;1569.18;1576.47;0;0
Индекс МосБиржи;D;20080324;000000;1576.47;1623.35;1568.37;1623.35;0;0
Индекс МосБиржи;D;20080325;000000;1623.36;1626.29;1589.93;1594.02;0;0
Индекс МосБиржи;D;20080326;000000;1594.03;1607.05;1587.41;1593.73;0;0
Индекс МосБиржи;D;20080327;000000;1593.73;1634.24;1592.32;1618.61;0;0
Индекс МосБиржи;D;20080328;000000;1618.64;1639.52;1617.01;1627.87;0;0
Индекс МосБиржи;D;20080331;000000;1627.87;1636.24;1608.22;1628.43;0;0
Индекс МосБиржи;D;20080401;000000;1628.43;1650.6;1615.79;1640.75;0;0
Индекс МосБиржи;D;20080402;000000;1640.76;1663.09;1640.34;1652.86;0;0
Индекс МосБиржи;D;20080403;000000;1652.86;1666.64;1631.01;1631.2;0;0
Индекс МосБиржи;D;20080404;000000;1631.2;1642.88;1623.73;1635.04;0;0
Индекс МосБиржи;D;20080407;000000;1635.09;1677.15;1635.04;1673.78;0;0
Индекс МосБиржи;D;20080408;000000;1673.78;1673.78;1654.53;1655.59;0;0
Индекс МосБиржи;D;20080409;000000;1655.6;1684.92;1654.07;1681.54;0;0
Индекс МосБиржи;D;20080410;000000;1681.57;1688.01;1665.74;1684.56;0;0
Индекс МосБиржи;D;20080411;000000;1684.57;1697.4;1648.41;1649;0;0
Индекс МосБиржи;D;20080414;000000;1647.53;1649;1625.71;1638.29;0;0
Индекс МосБиржи;D;20080415;000000;1638.48;1661.42;1638.29;1661.02;0;0
Индекс МосБиржи;D;20080416;000000;1661.13;1692.82;1658.11;1690.59;0;0
Индекс МосБиржи;D;20080417;000000;1690.7;1705.73;1664.01;1672.75;0;0
Индекс МосБиржи;D;20080418;000000;1672.76;1709.05;1672.75;1706.63;0;0
Индекс МосБиржи;D;20080421;000000;1706.63;1717.74;1686.11;1686.88;0;0
Индекс МосБиржи;D;20080422;000000;1686.88;1695.83;1677.9;1680.96;0;0
Индекс МосБиржи;D;20080423;000000;1680.96;1691.96;1658.32;1673.59;0;0
Индекс МосБиржи;D;20080424;000000;1673.61;1677.13;1643.71;1646.75;0;0
Индекс МосБиржи;D;20080425;000000;1646.75;1670.14;1642.6;1668.86;0;0
Индекс МосБиржи;D;20080428;000000;1668.87;1686.93;1665.51;1675.34;0;0
Индекс МосБиржи;D;20080429;000000;1675.37;1680.57;1668.03;1668.28;0;0
Индекс МосБиржи;D;20080430;000000;1668.28;1668.93;1650.01;1667.35;0;0
Индекс МосБиржи;D;20080504;000000;1667.35;1696.62;1667.35;1694.37;0;0
Индекс МосБиржи;D;20080505;000000;1694.37;1701.47;1682.11;1688.31;0;0
Индекс МосБиржи;D;20080506;000000;1688.32;1704.94;1688.31;1694.44;0;0
Индекс МосБиржи;D;20080507;000000;1694.65;1739.88;1694.44;1739.26;0;0
Индекс МосБиржи;D;20080508;000000;1739.26;1803.32;1723.03;1795.67;0;0
Индекс МосБиржи;D;20080512;000000;1795.77;1828.85;1795.67;1822;0;0
Индекс МосБиржи;D;20080513;000000;1822;1845.41;1807.27;1839.78;0;0
Индекс МосБиржи;D;20080514;000000;1839.79;1905.06;1832.46;1904.2;0;0
Индекс МосБиржи;D;20080515;000000;1904.2;1931.78;1888.39;1895.3;0;0
Индекс МосБиржи;D;20080516;000000;1895.3;1949.64;1895.3;1943.88;0;0
Индекс МосБиржи;D;20080519;000000;1943.47;1966.32;1931.21;1956.14;0;0
Индекс МосБиржи;D;20080520;000000;1956.14;1956.14;1914.24;1930.76;0;0
Индекс МосБиржи;D;20080521;000000;1930.76;1963.45;1912.82;1952.84;0;0
Индекс МосБиржи;D;20080522;000000;1952.86;1952.86;1890.84;1894.85;0;0
Индекс МосБиржи;D;20080523;000000;1894.85;1915.85;1877.5;1909.67;0;0
Индекс МосБиржи;D;20080526;000000;1909.66;1909.67;1879.42;1894.91;0;0
Индекс МосБиржи;D;20080527;000000;1894.96;1916.98;1851.98;1856.81;0;0
Индекс МосБиржи;D;20080528;000000;1856.71;1873.12;1839.6;1871.25;0;0
Индекс МосБиржи;D;20080529;000000;1871.25;1911.77;1871.25;1908.35;0;0
Индекс МосБиржи;D;20080530;000000;1908.33;1926.06;1899.5;1925.24;0;0
Индекс МосБиржи;D;20080602;000000;1925.24;1932.01;1904.02;1915.84;0;0
Индекс МосБиржи;D;20080603;000000;1915.37;1915.84;1892.45;1901.09;0;0
Индекс МосБиржи;D;20080604;000000;1900.98;1901.09;1831.14;1842.77;0;0
Индекс МосБиржи;D;20080605;000000;1842.12;1855.22;1823.3;1842.98;0;0
Индекс МосБиржи;D;20080606;000000;1843.04;1875.1;1842.98;1852.4;0;0
Индекс МосБиржи;D;20080607;000000;1852.39;1852.4;1810.6;1812.59;0;0
Индекс МосБиржи;D;20080609;000000;1812.59;1836.67;1811.06;1827.91;0;0
Индекс МосБиржи;D;20080610;000000;1827.88;1827.91;1796.73;1811.29;0;0
Индекс МосБиржи;D;20080611;000000;1811.29;1833.79;1811.26;1826.67;0;0
Индекс МосБиржи;D;20080616;000000;1826.77;1848.84;1826.67;1831.99;0;0
Индекс МосБиржи;D;20080617;000000;1831.95;1858.45;1831.88;1856.59;0;0
Индекс МосБиржи;D;20080618;000000;1856.59;1875.09;1846.03;1851.09;0;0
Индекс МосБиржи;D;20080619;000000;1851.09;1860.59;1832.59;1848.52;0;0
Индекс МосБиржи;D;20080620;000000;1848.46;1852.66;1823.23;1829.22;0;0
Индекс МосБиржи;D;20080623;000000;1829.19;1830.49;1792.69;1800.99;0;0
Индекс МосБиржи;D;20080624;000000;1801;1802.83;1761.06;1761.8;0;0
Индекс МосБиржи;D;20080625;000000;1761.72;1783.04;1752.64;1764.32;0;0
Индекс МосБиржи;D;20080626;000000;1764.32;1772.34;1745.05;1757.46;0;0
Индекс МосБиржи;D;20080627;000000;1757.39;1772.8;1725.5;1765.91;0;0
Индекс МосБиржи;D;20080630;000000;1765.99;1779.63;1739.57;1753.67;0;0
Индекс МосБиржи;D;20080701;000000;1753.67;1759.97;1692.97;1693.21;0;0
Индекс МосБиржи;D;20080702;000000;1693.58;1720.48;1693.21;1709.17;0;0
Индекс МосБиржи;D;20080703;000000;1708.86;1709.17;1668.83;1695.47;0;0
Индекс МосБиржи;D;20080704;000000;1695.47;1702.95;1662.37;1666.75;0;0
Индекс МосБиржи;D;20080707;000000;1666.81;1690.81;1666.75;1679.32;0;0
Индекс МосБиржи;D;20080708;000000;1679.32;1679.32;1631.03;1665.04;0;0
Индекс МосБиржи;D;20080709;000000;1665.04;1675.78;1652.21;1655.75;0;0
Индекс МосБиржи;D;20080710;000000;1655.75;1671.71;1635.28;1659.57;0;0
Индекс МосБиржи;D;20080711;000000;1659.62;1674.76;1618.6;1622.01;0;0
Индекс МосБиржи;D;20080714;000000;1621.88;1666.73;1621.88;1666.47;0;0
Индекс МосБиржи;D;20080715;000000;1666.47;1666.48;1615.35;1629.28;0;0
Индекс МосБиржи;D;20080716;000000;1629.2;1644.57;1603.3;1640.9;0;0
Индекс МосБиржи;D;20080717;000000;1640.9;1689.91;1640.89;1689.3;0;0
Индекс МосБиржи;D;20080718;000000;1688.23;1689.3;1620.56;1623.09;0;0
Индекс МосБиржи;D;20080721;000000;1623.09;1645.57;1608.96;1634.36;0;0
Индекс МосБиржи;D;20080722;000000;1633.39;1634.36;1602.06;1606.11;0;0
Индекс МосБиржи;D;20080723;000000;1606.31;1623.88;1595.14;1603.04;0;0
Индекс МосБиржи;D;20080724;000000;1603.04;1603.12;1572.7;1573.53;0;0
Индекс МосБиржи;D;20080725;000000;1572.95;1573.53;1478.53;1487.1;0;0
Индекс МосБиржи;D;20080728;000000;1487.1;1515.84;1450.89;1456.16;0;0
Индекс МосБиржи;D;20080729;000000;1456.29;1466.13;1416.17;1439.01;0;0
Индекс МосБиржи;D;20080730;000000;1439.05;1501.52;1439.01;1501.2;0;0
Индекс МосБиржи;D;20080731;000000;1501.2;1540.92;1490.15;1495.33;0;0
Индекс МосБиржи;D;20080801;000000;1495.26;1504.72;1473.26;1492.55;0;0
Индекс МосБиржи;D;20080804;000000;1492.55;1493.07;1451.35;1451.47;0;0
Индекс МосБиржи;D;20080805;000000;1451.47;1451.47;1396.12;1397.46;0;0
Индекс МосБиржи;D;20080806;000000;1398.08;1438.37;1352.14;1412.09;0;0
Индекс МосБиржи;D;20080807;000000;1412.08;1453.22;1406.63;1434.89;0;0
Индекс МосБиржи;D;20080808;000000;1434.88;1434.89;1352.93;1359.62;0;0
Индекс МосБиржи;D;20080811;000000;1359.62;1413.97;1282.17;1412.25;0;0
Индекс МосБиржи;D;20080812;000000;1412.25;1466.68;1384.29;1449.34;0;0
Индекс МосБиржи;D;20080813;000000;1449.3;1460.67;1422.7;1424.44;0;0
Индекс МосБиржи;D;20080814;000000;1424.46;1463.02;1424.44;1444.76;0;0
Индекс МосБиржи;D;20080815;000000;1444.76;1462.37;1432.17;1460.2;0;0
Индекс МосБиржи;D;20080818;000000;1460.21;1471.16;1447.03;1448.64;0;0
Индекс МосБиржи;D;20080819;000000;1448.63;1448.64;1351.84;1361.54;0;0
Индекс МосБиржи;D;20080820;000000;1361.54;1393.65;1361.51;1386.59;0;0
Индекс МосБиржи;D;20080821;000000;1386.61;1403.35;1345.43;1394.53;0;0
Индекс МосБиржи;D;20080822;000000;1394.73;1412.29;1371.79;1374.69;0;0
Индекс МосБиржи;D;20080825;000000;1375.28;1383.31;1319.27;1320.58;0;0
Индекс МосБиржи;D;20080826;000000;1319.92;1320.58;1238.94;1292.92;0;0
Индекс МосБиржи;D;20080827;000000;1293.02;1323.84;1264.57;1302.58;0;0
Индекс МосБиржи;D;20080828;000000;1302.94;1366.09;1295.84;1365.29;0;0
Индекс МосБиржи;D;20080829;000000;1365.11;1365.29;1328.54;1348.92;0;0
Индекс МосБиржи;D;20080901;000000;1348.9;1381;1332.27;1366.24;0;0
Индекс МосБиржи;D;20080902;000000;1366.24;1375.67;1339.93;1368.99;0;0
Индекс МосБиржи;D;20080903;000000;1368.99;1368.99;1323.08;1324.99;0;0
Индекс МосБиржи;D;20080904;000000;1324.96;1351.7;1272.66;1281.86;0;0
Индекс МосБиржи;D;20080905;000000;1280.61;1281.86;1166.03;1234.71;0;0
Индекс МосБиржи;D;20080908;000000;1234.72;1297.16;1234.71;1273.78;0;0
Индекс МосБиржи;D;20080909;000000;1273.69;1273.78;1148.45;1158.07;0;0
Индекс МосБиржи;D;20080910;000000;1158.03;1162.25;1072.33;1114.67;0;0
Индекс МосБиржи;D;20080911;000000;1114.67;1139.62;1070.93;1073.02;0;0
Индекс МосБиржи;D;20080912;000000;1073.02;1149.78;1073.02;1137.76;0;0
Индекс МосБиржи;D;20080915;000000;1137.76;1137.76;1040.34;1067.45;0;0
Индекс МосБиржи;D;20080916;000000;1067.45;1067.45;864.79;881.17;0;0
Индекс МосБиржи;D;20080917;000000;881.32;948.31;788.34;853.93;0;0
Индекс МосБиржи;D;20080918;000000;853.93;853.93;853.93;853.93;0;0
Индекс МосБиржи;D;20080919;000000;853.95;1125.01;853.93;1098.95;0;0
Индекс МосБиржи;D;20080922;000000;1098.95;1162.55;1080.31;1105.73;0;0
Индекс МосБиржи;D;20080923;000000;1105.8;1105.8;1047.52;1071.18;0;0
Индекс МосБиржи;D;20080924;000000;1071.18;1122.03;1071.18;1105.72;0;0
Индекс МосБиржи;D;20080925;000000;1105.69;1113.44;1075;1095.51;0;0
Индекс МосБиржи;D;20080926;000000;1095.51;1097.23;1063.03;1079.04;0;0
Индекс МосБиржи;D;20080929;000000;1079.04;1084.12;1015.08;1019.64;0;0
Индекс МосБиржи;D;20080930;000000;1019.64;1035.16;945.48;1027.66;0;0
Индекс МосБиржи;D;20081001;000000;1027.71;1052.27;1004.74;1017.17;0;0
Индекс МосБиржи;D;20081002;000000;1017.17;1029.44;974.48;976.12;0;0
Индекс МосБиржи;D;20081003;000000;975.96;976.12;904.12;924.55;0;0
Индекс МосБиржи;D;20081006;000000;924.52;924.55;743.32;752;0;0
Индекс МосБиржи;D;20081007;000000;752;794.72;691.53;744.76;0;0
Индекс МосБиржи;D;20081008;000000;744.56;744.76;631.5;637.87;0;0
Индекс МосБиржи;D;20081009;000000;637.93;747.98;637.87;700.37;0;0
Индекс МосБиржи;D;20081010;000000;700.37;700.37;700.37;700.37;0;0
Индекс МосБиржи;D;20081013;000000;700.37;733.3;654.91;666.37;0;0
Индекс МосБиржи;D;20081014;000000;666.81;775.04;666.37;755.22;0;0
Индекс МосБиржи;D;20081015;000000;755.22;755.22;681.06;689.71;0;0
Индекс МосБиржи;D;20081016;000000;689.7;689.71;611.92;626.85;0;0
Индекс МосБиржи;D;20081017;000000;626.85;666.95;576.52;599.64;0;0
Индекс МосБиржи;D;20081020;000000;599.77;639.24;599.64;626.42;0;0
Индекс МосБиржи;D;20081021;000000;626.62;669.45;626.42;652.51;0;0
Индекс МосБиржи;D;20081022;000000;652.5;652.51;612.09;628.12;0;0
Индекс МосБиржи;D;20081023;000000;628.12;628.12;583.25;598.87;0;0
Индекс МосБиржи;D;20081024;000000;598.87;598.87;508.84;513.62;0;0
Индекс МосБиржи;D;20081027;000000;513.62;513.62;513.62;513.62;0;0
Индекс МосБиржи;D;20081028;000000;513.63;541.5;493.61;534.87;0;0
Индекс МосБиржи;D;20081029;000000;534.87;609.37;534.87;608.88;0;0
Индекс МосБиржи;D;20081030;000000;608.9;729.21;608.88;727.39;0;0
Индекс МосБиржи;D;20081031;000000;727.38;735.44;688.01;731.96;0;0
Индекс МосБиржи;D;20081101;000000;731.97;797.46;731.96;766.92;0;0
Индекс МосБиржи;D;20081105;000000;769.34;871.52;761.17;775.19;0;0
Индекс МосБиржи;D;20081106;000000;775.18;775.19;700.55;700.59;0;0
Индекс МосБиржи;D;20081107;000000;700.24;732.54;680.86;725.93;0;0
Индекс МосБиржи;D;20081110;000000;725.93;787.44;725.93;741.51;0;0
Индекс МосБиржи;D;20081111;000000;740.93;741.51;644.79;647.8;0;0
Индекс МосБиржи;D;20081112;000000;647.8;647.8;647.8;647.8;0;0
Индекс МосБиржи;D;20081113;000000;647.29;647.8;536.64;598.43;0;0
Индекс МосБиржи;D;20081114;000000;598.44;661.52;591.83;592.07;0;0
Индекс МосБиржи;D;20081117;000000;592.07;596.62;546.68;560.86;0;0
Индекс МосБиржи;D;20081118;000000;560.79;579.82;520.35;579.17;0;0
Индекс МосБиржи;D;20081119;000000;579.18;579.67;534.22;558.12;0;0
Индекс МосБиржи;D;20081120;000000;558.12;558.12;503.54;533.7;0;0
Индекс МосБиржи;D;20081121;000000;533.7;562.33;515.97;516.93;0;0
Индекс МосБиржи;D;20081124;000000;516.94;605.33;516.93;604.87;0;0
Индекс МосБиржи;D;20081125;000000;604.9;637.91;590.45;595.15;0;0
Индекс МосБиржи;D;20081126;000000;595.15;609.57;585.16;588.02;0;0
Индекс МосБиржи;D;20081127;000000;588.33;632.73;588.02;616.69;0;0
Индекс МосБиржи;D;20081128;000000;616.69;622.9;593.3;611.32;0;0
Индекс МосБиржи;D;20081201;000000;611.33;614.04;567.13;567.25;0;0
Индекс МосБиржи;D;20081202;000000;567.24;581.51;538.12;579.91;0;0
Индекс МосБиржи;D;20081203;000000;579.91;583.43;556.31;567;0;0
Индекс МосБиржи;D;20081204;000000;567;581.29;557.05;567.94;0;0
Индекс МосБиржи;D;20081205;000000;567.52;573.81;553.82;562.34;0;0
Индекс МосБиржи;D;20081208;000000;562.34;619.64;562.34;618.28;0;0
Индекс МосБиржи;D;20081209;000000;618.28;621.19;599.31;607.8;0;0
Индекс МосБиржи;D;20081210;000000;607.8;624.7;604.89;618.64;0;0
Индекс МосБиржи;D;20081211;000000;618.64;634.63;617.68;628.88;0;0
Индекс МосБиржи;D;20081212;000000;628.8;628.88;588.92;620.53;0;0
Индекс МосБиржи;D;20081215;000000;620.91;656.31;620.53;642.08;0;0
Индекс МосБиржи;D;20081216;000000;642.08;651.23;633.23;644.62;0;0
Индекс МосБиржи;D;20081217;000000;644.83;659.22;634.9;642.38;0;0
Индекс МосБиржи;D;20081218;000000;642.38;647.51;604.78;608.06;0;0
Индекс МосБиржи;D;20081219;000000;608.05;612.93;588.77;612.05;0;0
Индекс МосБиржи;D;20081222;000000;612.07;633.99;607.42;633.63;0;0
Индекс МосБиржи;D;20081223;000000;633.61;662.74;620.78;661.33;0;0
Индекс МосБиржи;D;20081224;000000;661.33;676.24;642.52;645.21;0;0
Индекс МосБиржи;D;20081225;000000;645.21;648.85;621.19;627.78;0;0
Индекс МосБиржи;D;20081226;000000;627.81;636.98;607.63;608.55;0;0
Индекс МосБиржи;D;20081229;000000;608.65;630.67;608.55;613.78;0;0
Индекс МосБиржи;D;20081230;000000;613.78;621.32;601.06;617.83;0;0
Индекс МосБиржи;D;20081231;000000;617.97;620.28;612.77;619.53;0;0
Индекс МосБиржи;D;20090111;000000;619.53;642.05;619.53;635.4;0;0
Индекс МосБиржи;D;20090112;000000;635.4;661.52;633.22;653.28;0;0
Индекс МосБиржи;D;20090113;000000;653.28;662.41;642;655.16;0;0
Индекс МосБиржи;D;20090114;000000;655.16;671.61;610.23;610.36;0;0
Индекс МосБиржи;D;20090115;000000;610.36;627.59;600.7;605.69;0;0
Индекс МосБиржи;D;20090116;000000;606.95;624.24;603.73;608.63;0;0
Индекс МосБиржи;D;20090119;000000;608.64;617.59;580.52;586.97;0;0
Индекс МосБиржи;D;20090120;000000;586.97;586.97;556.92;569.82;0;0
Индекс МосБиржи;D;20090121;000000;569.78;592.04;548.76;583.39;0;0
Индекс МосБиржи;D;20090122;000000;583.39;597.42;556.58;557.57;0;0
Индекс МосБиржи;D;20090123;000000;557.57;564.84;534.7;553.62;0;0
Индекс МосБиржи;D;20090126;000000;553.62;615.24;552.16;613.56;0;0
Индекс МосБиржи;D;20090127;000000;613.56;624.82;595.7;602.9;0;0
Индекс МосБиржи;D;20090128;000000;602.9;627.66;602.9;622.54;0;0
Индекс МосБиржи;D;20090129;000000;622.58;626.2;608.09;619.25;0;0
Индекс МосБиржи;D;20090130;000000;619.27;648.71;612.56;624.9;0;0
Индекс МосБиржи;D;20090202;000000;624.86;629.38;605.68;626.41;0;0
Индекс МосБиржи;D;20090203;000000;626.45;635.38;623.56;626.02;0;0
Индекс МосБиржи;D;20090204;000000;626.01;639.66;624.73;635.89;0;0
Индекс МосБиржи;D;20090205;000000;635.89;641.66;618.83;623.19;0;0
Индекс МосБиржи;D;20090206;000000;623.19;656.38;623.19;656.09;0;0
Индекс МосБиржи;D;20090209;000000;656.06;698.68;654.41;698.68;0;0
Индекс МосБиржи;D;20090210;000000;698.67;736.67;684.58;728.01;0;0
Индекс МосБиржи;D;20090211;000000;728.01;743.34;698.36;726.7;0;0
Индекс МосБиржи;D;20090212;000000;726.7;737.72;689.04;690.34;0;0
Индекс МосБиржи;D;20090213;000000;690.34;733.98;690.16;732.21;0;0
Индекс МосБиржи;D;20090216;000000;732.17;742.69;707.01;711.99;0;0
Индекс МосБиржи;D;20090217;000000;711.98;711.99;642.56;645.18;0;0
Индекс МосБиржи;D;20090218;000000;645.18;652.57;602.68;627.95;0;0
Индекс МосБиржи;D;20090219;000000;628.04;664.05;627.95;646.52;0;0
Индекс МосБиржи;D;20090220;000000;646.42;646.52;620.27;631.66;0;0
Индекс МосБиржи;D;20090224;000000;631.6;635.8;610.01;629.31;0;0
Индекс МосБиржи;D;20090225;000000;629.29;649.24;629.29;632.78;0;0
Индекс МосБиржи;D;20090226;000000;633.9;672.82;632.78;672.3;0;0
Индекс МосБиржи;D;20090227;000000;672.32;675.23;650.27;666.05;0;0
Индекс МосБиржи;D;20090302;000000;666.02;666.05;643.64;646.79;0;0
Индекс МосБиржи;D;20090303;000000;646.23;659.38;638.42;654.14;0;0
Индекс МосБиржи;D;20090304;000000;654.14;685.86;654.14;685.65;0;0
Индекс МосБиржи;D;20090305;000000;685.65;691.59;663.51;671.91;0;0
Индекс МосБиржи;D;20090306;000000;671.91;694.47;665.03;688.87;0;0
Индекс МосБиржи;D;20090310;000000;688.97;755.31;688.87;750.19;0;0
Индекс МосБиржи;D;20090311;000000;750.19;758.92;732.46;738.95;0;0
Индекс МосБиржи;D;20090312;000000;738.95;741.15;706.2;728.23;0;0
Индекс МосБиржи;D;20090313;000000;728.3;762.59;728.23;749.29;0;0
Индекс МосБиржи;D;20090316;000000;749.27;762.94;737.59;762.75;0;0
Индекс МосБиржи;D;20090317;000000;762.75;779.19;760.11;772.44;0;0
Индекс МосБиржи;D;20090318;000000;772.46;791.15;741.22;743.05;0;0
Индекс МосБиржи;D;20090319;000000;743.13;794.28;743.05;784.94;0;0
Индекс МосБиржи;D;20090320;000000;784.94;802.07;769.15;792.05;0;0
Индекс МосБиржи;D;20090323;000000;792.05;851.18;792.05;849.82;0;0
Индекс МосБиржи;D;20090324;000000;849.94;870.45;809.1;815.79;0;0
Индекс МосБиржи;D;20090325;000000;815.88;856.31;808.69;851.35;0;0
Индекс МосБиржи;D;20090326;000000;851.38;861.96;839.81;849.53;0;0
Индекс МосБиржи;D;20090327;000000;849.53;858.98;807.24;815.27;0;0
Индекс МосБиржи;D;20090330;000000;815.21;815.27;763.19;763.36;0;0
Индекс МосБиржи;D;20090331;000000;763.36;792.42;763.36;772.93;0;0
Индекс МосБиржи;D;20090401;000000;772.93;787.84;758.09;787.22;0;0
Индекс МосБиржи;D;20090402;000000;787.26;838.24;787.22;837.91;0;0
Индекс МосБиржи;D;20090403;000000;837.91;850.39;821.08;837.94;0;0
Индекс МосБиржи;D;20090406;000000;837.89;877.92;829.24;836.09;0;0
Индекс МосБиржи;D;20090407;000000;836.05;857.44;815.93;843.34;0;0
Индекс МосБиржи;D;20090408;000000;843.24;872.81;821.08;872.74;0;0
Индекс МосБиржи;D;20090409;000000;872.93;926.4;872.74;922.68;0;0
Индекс МосБиржи;D;20090410;000000;922.68;933.3;905.6;927.38;0;0
Индекс МосБиржи;D;20090413;000000;927.38;0;0;904.86;0;0
Индекс МосБиржи;D;20090414;000000;904.82;942.63;892.72;918.61;0;0
Индекс МосБиржи;D;20090415;000000;918.61;918.61;892.8;906;0;0
Индекс МосБиржи;D;20090416;000000;906.01;924.17;902.74;917.1;0;0
Индекс МосБиржи;D;20090417;000000;917.1;937.79;917.1;932.9;0;0
Индекс МосБиржи;D;20090420;000000;932.9;935.22;881.72;882.5;0;0
Индекс МосБиржи;D;20090421;000000;882.15;898.25;862.07;877.21;0;0
Индекс МосБиржи;D;20090422;000000;877.23;906.14;877.21;904.95;0;0
Индекс МосБиржи;D;20090423;000000;904.93;932.08;897.18;928.14;0;0
Индекс МосБиржи;D;20090424;000000;928.14;935.41;915.94;922.99;0;0
Индекс МосБиржи;D;20090427;000000;922.99;922.99;891.05;902.45;0;0
Индекс МосБиржи;D;20090428;000000;902.45;902.45;865.11;887.48;0;0
Индекс МосБиржи;D;20090429;000000;887.52;922.16;881.16;922.01;0;0
Индекс МосБиржи;D;20090430;000000;922.05;941.04;919.68;920.35;0;0
Индекс МосБиржи;D;20090504;000000;920.38;959.26;920.35;957.77;0;0
Индекс МосБиржи;D;20090505;000000;957.78;966.44;949.34;957.05;0;0
Индекс МосБиржи;D;20090506;000000;957.04;993.28;945.55;986.12;0;0
Индекс МосБиржи;D;20090507;000000;986.12;1044.62;986.12;1011.67;0;0
Индекс МосБиржи;D;20090508;000000;1011.67;1031.03;1011.67;1028.91;0;0
Индекс МосБиржи;D;20090512;000000;1028.9;1067.21;1008.97;1059.54;0;0
Индекс МосБиржи;D;20090513;000000;1059.58;1097.11;996.65;1007.88;0;0
Индекс МосБиржи;D;20090514;000000;1007.84;1007.88;976.81;1000.62;0;0
Индекс МосБиржи;D;20090515;000000;1000.65;1021.88;982.07;1002.19;0;0
Индекс МосБиржи;D;20090518;000000;1002.19;1014.23;969.18;1012.89;0;0
Индекс МосБиржи;D;20090519;000000;1012.89;1045.88;1012.89;1041.84;0;0
Индекс МосБиржи;D;20090520;000000;1041.84;1094.77;1035.01;1094.73;0;0
Индекс МосБиржи;D;20090521;000000;1094.73;1094.73;1033.14;1034.37;0;0
Индекс МосБиржи;D;20090522;000000;1034.45;1066.37;1034.37;1054.03;0;0
Индекс МосБиржи;D;20090525;000000;1054.14;1062.86;1034.69;1050.95;0;0
Индекс МосБиржи;D;20090526;000000;1050.95;1050.97;1012.29;1040.9;0;0
Индекс МосБиржи;D;20090527;000000;1041.13;1070.41;1040.9;1059.6;0;0
Индекс МосБиржи;D;20090528;000000;1059.58;1086.1;1048.07;1075.02;0;0
Индекс МосБиржи;D;20090529;000000;1075.02;1125.72;1074.99;1123.38;0;0
Индекс МосБиржи;D;20090601;000000;1123.4;1207.1;1123.38;1206.2;0;0
Индекс МосБиржи;D;20090602;000000;1206.21;1226.65;1168.31;1198.58;0;0
Индекс МосБиржи;D;20090603;000000;1198.6;1213.82;1106.91;1109.21;0;0
Индекс МосБиржи;D;20090604;000000;1108.86;1149.85;1082.03;1120.46;0;0
Индекс МосБиржи;D;20090605;000000;1125.13;1168.22;1120.23;1144.27;0;0
Индекс МосБиржи;D;20090608;000000;1143.5;1144.27;1098.54;1120.32;0;0
Индекс МосБиржи;D;20090609;000000;1120.33;1143.09;1107.39;1113.83;0;0
Индекс МосБиржи;D;20090610;000000;1113.85;1147.28;1113.83;1133.69;0;0
Индекс МосБиржи;D;20090611;000000;1133.69;1141.32;1112.39;1138.52;0;0
Индекс МосБиржи;D;20090615;000000;1138.24;1138.52;1077.4;1078.1;0;0
Индекс МосБиржи;D;20090616;000000;1078.09;1108.87;1068.69;1099.42;0;0
Индекс МосБиржи;D;20090617;000000;1099.37;1099.42;1036.05;1039.43;0;0
Индекс МосБиржи;D;20090618;000000;1039.43;1054.92;983.66;1020.95;0;0
Индекс МосБиржи;D;20090619;000000;1020.98;1034.37;1006.41;1017.29;0;0
Индекс МосБиржи;D;20090622;000000;1017.29;1017.29;937.7;937.98;0;0
Индекс МосБиржи;D;20090623;000000;937.97;951.55;881.71;917.3;0;0
Индекс МосБиржи;D;20090624;000000;917.31;985.37;917.3;984.86;0;0
Индекс МосБиржи;D;20090625;000000;984.89;987.51;950.02;961.15;0;0
Индекс МосБиржи;D;20090626;000000;961.4;994.15;959.52;960.16;0;0
Индекс МосБиржи;D;20090629;000000;960.15;989.6;945.29;989.3;0;0
Индекс МосБиржи;D;20090630;000000;989.38;1014.63;970.87;971.55;0;0
Индекс МосБиржи;D;20090701;000000;971.55;1013.45;971.55;1012.48;0;0
Индекс МосБиржи;D;20090702;000000;1012.48;1012.51;973.1;977.09;0;0
Индекс МосБиржи;D;20090703;000000;977.08;985.81;956.1;974.07;0;0
Индекс МосБиржи;D;20090706;000000;974.04;974.07;923.99;925.21;0;0
Индекс МосБиржи;D;20090707;000000;925.2;955.33;921.45;927.01;0;0
Индекс МосБиржи;D;20090708;000000;927.01;927.01;896.07;904.58;0;0
Индекс МосБиржи;D;20090709;000000;904.58;920.03;892.59;896.2;0;0
Индекс МосБиржи;D;20090710;000000;896.2;899.69;869.76;871.33;0;0
Индекс МосБиржи;D;20090713;000000;871.31;893.87;852.03;881.15;0;0
Индекс МосБиржи;D;20090714;000000;881.23;917.63;881.15;891.41;0;0
Индекс МосБиржи;D;20090715;000000;892.05;941.21;891.41;941.21;0;0
Индекс МосБиржи;D;20090716;000000;941.21;952.89;928.2;938.73;0;0
Индекс МосБиржи;D;20090717;000000;938.73;968.91;935.34;966.18;0;0
Индекс МосБиржи;D;20090720;000000;966.39;1000.64;966.18;985.81;0;0
Индекс МосБиржи;D;20090721;000000;985.81;1018.35;977.31;1002.88;0;0
Индекс МосБиржи;D;20090722;000000;1002.88;1013.71;974.95;980.71;0;0
Индекс МосБиржи;D;20090723;000000;980.71;1032.12;980.71;1031.37;0;0
Индекс МосБиржи;D;20090724;000000;1031.45;1044.84;1022.45;1026.95;0;0
Индекс МосБиржи;D;20090727;000000;1026.95;1057.41;1026.95;1036.27;0;0
Индекс МосБиржи;D;20090728;000000;1036.55;1054.55;997.63;1002.27;0;0
Индекс МосБиржи;D;20090729;000000;1002.24;1006.03;976.78;986.8;0;0
Индекс МосБиржи;D;20090730;000000;986.8;1048.61;986.78;1046.46;0;0
Индекс МосБиржи;D;20090731;000000;1046.65;1055.24;1024.09;1053.3;0;0
Индекс МосБиржи;D;20090803;000000;1053.33;1099.49;1053.3;1098.95;0;0
Индекс МосБиржи;D;20090804;000000;1098.94;1102.45;1078.29;1102.1;0;0
Индекс МосБиржи;D;20090805;000000;1102.09;1130.51;1082.32;1084.16;0;0
Индекс МосБиржи;D;20090806;000000;1084.18;1120.83;1081.31;1092;0;0
Индекс МосБиржи;D;20090807;000000;1091.87;1121.07;1065.91;1115.41;0;0
Индекс МосБиржи;D;20090810;000000;1115.36;1118.53;1089.76;1101.19;0;0
Индекс МосБиржи;D;20090811;000000;1101.19;1115.97;1067.14;1069.31;0;0
Индекс МосБиржи;D;20090812;000000;1069.25;1089.13;1043.94;1086.41;0;0
Индекс МосБиржи;D;20090813;000000;1086.52;1118.97;1079.55;1100.57;0;0
Индекс МосБиржи;D;20090814;000000;1100.57;1107.33;1068.81;1072.74;0;0
Индекс МосБиржи;D;20090817;000000;1071.86;1072.74;1030.94;1035.4;0;0
Индекс МосБиржи;D;20090818;000000;1035.41;1059.33;1023.03;1035.45;0;0
Индекс МосБиржи;D;20090819;000000;1035.5;1039.13;1013.79;1034.08;0;0
Индекс МосБиржи;D;20090820;000000;1034.08;1063.33;1034.08;1062.87;0;0
Индекс МосБиржи;D;20090821;000000;1062.87;1106.13;1046.62;1106.05;0;0
Индекс МосБиржи;D;20090824;000000;1106.05;1129.28;1098.34;1120.54;0;0
Индекс МосБиржи;D;20090825;000000;1120.52;1135.84;1096.64;1115.85;0;0
Индекс МосБиржи;D;20090826;000000;1115.85;1123.31;1083.46;1099.77;0;0
Индекс МосБиржи;D;20090827;000000;1099.72;1105.15;1075.43;1080.05;0;0
Индекс МосБиржи;D;20090828;000000;1080.05;1120.04;1080.05;1111.33;0;0
Индекс МосБиржи;D;20090831;000000;1111.32;1111.33;1086.16;1091.98;0;0
Индекс МосБиржи;D;20090901;000000;1092.04;1112.36;1089.83;1104.98;0;0
Индекс МосБиржи;D;20090902;000000;1104.79;1104.98;1069.83;1076.69;0;0
Индекс МосБиржи;D;20090903;000000;1076.71;1099.5;1076.69;1093.72;0;0
Индекс МосБиржи;D;20090904;000000;1093.72;1112.76;1077.2;1085.58;0;0
Индекс МосБиржи;D;20090907;000000;1086.09;1112.19;1085.58;1111.92;0;0
Индекс МосБиржи;D;20090908;000000;1111.92;1150.33;1111.92;1149.81;0;0
Индекс МосБиржи;D;20090909;000000;1149.78;1163.42;1141.45;1159.95;0;0
Индекс МосБиржи;D;20090910;000000;1159.95;1179.06;1143.91;1154.12;0;0
Индекс МосБиржи;D;20090911;000000;1154.19;1183.04;1153.74;1175.15;0;0
Индекс МосБиржи;D;20090914;000000;1175.13;1177.45;1147.72;1174.95;0;0
Индекс МосБиржи;D;20090915;000000;1175.01;1211.06;1174.95;1203.97;0;0
Индекс МосБиржи;D;20090916;000000;1203.97;1234.59;1203.97;1217.67;0;0
Индекс МосБиржи;D;20090917;000000;1217.67;1241.14;1199.2;1205.12;0;0
Индекс МосБиржи;D;20090918;000000;1205.04;1219.08;1187.12;1208.35;0;0
Индекс МосБиржи;D;20090921;000000;1208.43;1209.21;1165.03;1165.11;0;0
Индекс МосБиржи;D;20090922;000000;1165.24;1209.97;1165.11;1202.92;0;0
Индекс МосБиржи;D;20090923;000000;1202.92;1228.92;1194.64;1198.83;0;0
Индекс МосБиржи;D;20090924;000000;1198.83;1220.36;1176.27;1177.26;0;0
Индекс МосБиржи;D;20090925;000000;1177.23;1199.1;1171.64;1187.86;0;0
Индекс МосБиржи;D;20090928;000000;1187.86;1208.92;1168.48;1208.19;0;0
Индекс МосБиржи;D;20090929;000000;1208.19;1218.07;1200.6;1212.75;0;0
Индекс МосБиржи;D;20090930;000000;1212.75;1223.35;1193.29;1197.2;0;0
Индекс МосБиржи;D;20091001;000000;1197.39;1223;1197.39;1211.44;0;0
Индекс МосБиржи;D;20091002;000000;1211.38;1211.38;1144.83;1175.83;0;0
Индекс МосБиржи;D;20091005;000000;1176.01;1186.99;1167.77;1178.17;0;0
Индекс МосБиржи;D;20091006;000000;1178.22;1220.72;1178.22;1220.45;0;0
Индекс МосБиржи;D;20091007;000000;1220.48;1245.82;1220.48;1226.17;0;0
Индекс МосБиржи;D;20091008;000000;1226.44;1278.68;1226.44;1278.53;0;0
Индекс МосБиржи;D;20091009;000000;1278.54;1318.64;1264.75;1308.14;0;0
Индекс МосБиржи;D;20091012;000000;1308.14;1357.95;1308.14;1357.44;0;0
Индекс МосБиржи;D;20091013;000000;1357.43;1366.48;1310.09;1320.7;0;0
Индекс МосБиржи;D;20091014;000000;1320.9;1376.1;1320.9;1362.86;0;0
Индекс МосБиржи;D;20091015;000000;1362.88;1383.15;1335.51;1341.64;0;0
Индекс МосБиржи;D;20091016;000000;1341.68;1366.06;1314.24;1317.07;0;0
Индекс МосБиржи;D;20091019;000000;1317.09;1365.61;1317.09;1365.24;0;0
Индекс МосБиржи;D;20091020;000000;1365.24;1388.79;1352.49;1361.75;0;0
Индекс МосБиржи;D;20091021;000000;1361.75;1373.75;1327.44;1373.2;0;0
Индекс МосБиржи;D;20091022;000000;1372.95;1372.95;1339.67;1359.06;0;0
Индекс МосБиржи;D;20091023;000000;1359.48;1380.4;1357.83;1365.09;0;0
Индекс МосБиржи;D;20091026;000000;1365.05;1378.79;1354;1358.31;0;0
Индекс МосБиржи;D;20091027;000000;1358.31;1358.31;1310.14;1333.32;0;0
Индекс МосБиржи;D;20091028;000000;1333.32;1333.32;1253.22;1253.35;0;0
Индекс МосБиржи;D;20091029;000000;1253.35;1294;1222.07;1291.99;0;0
Индекс МосБиржи;D;20091030;000000;1291.99;1300.37;1233.83;1237.18;0;0
Индекс МосБиржи;D;20091102;000000;1237.06;1266.69;1213.86;1266.3;0;0
Индекс МосБиржи;D;20091103;000000;1266.3;1266.3;1214.89;1218.42;0;0
Индекс МосБиржи;D;20091105;000000;1218.43;1258.66;1217.59;1258.5;0;0
Индекс МосБиржи;D;20091106;000000;1258.5;1269.13;1230.68;1241.92;0;0
Индекс МосБиржи;D;20091109;000000;1241.92;1304.71;1241.92;1304.62;0;0
Индекс МосБиржи;D;20091110;000000;1304.63;1329.48;1290;1322.8;0;0
Индекс МосБиржи;D;20091111;000000;1322.8;1338.22;1315.39;1316.19;0;0
Индекс МосБиржи;D;20091112;000000;1316.17;1318.59;1294.1;1315.78;0;0
Индекс МосБиржи;D;20091113;000000;1315.86;1315.86;1296.87;1310.27;0;0
Индекс МосБиржи;D;20091116;000000;1311.1;1365.86;1311.1;1365.18;0;0
Индекс МосБиржи;D;20091117;000000;1365.18;1365.18;1343.16;1353.61;0;0
Индекс МосБиржи;D;20091118;000000;1353.9;1391.79;1353.9;1371.82;0;0
Индекс МосБиржи;D;20091119;000000;1371.82;1371.82;1334.9;1335.52;0;0
Индекс МосБиржи;D;20091120;000000;1335.54;1355.7;1315.35;1334.15;0;0
Индекс МосБиржи;D;20091123;000000;1334.16;1365.52;1334.16;1355.05;0;0
Индекс МосБиржи;D;20091124;000000;1353.5;1353.5;1315.37;1331.12;0;0
Индекс МосБиржи;D;20091125;000000;1331.17;1342.47;1300.13;1312.07;0;0
Индекс МосБиржи;D;20091126;000000;1311.95;1311.95;1255.03;1268.92;0;0
Индекс МосБиржи;D;20091127;000000;1268.87;1288.34;1203.11;1286.04;0;0
Индекс МосБиржи;D;20091130;000000;1286.11;1304.81;1263.3;1284.95;0;0
Индекс МосБиржи;D;20091201;000000;1284.99;1321.21;1284.99;1319.35;0;0
Индекс МосБиржи;D;20091202;000000;1319.36;1337.22;1309.93;1325.76;0;0
Индекс МосБиржи;D;20091203;000000;1325.76;1349.64;1310.67;1311.08;0;0
Индекс МосБиржи;D;20091204;000000;1310.62;1344.74;1296.08;1342.58;0;0
Индекс МосБиржи;D;20091207;000000;1342.58;1342.58;1308.33;1322.09;0;0
Индекс МосБиржи;D;20091208;000000;1322.09;1331.25;1302.72;1310.97;0;0
Индекс МосБиржи;D;20091209;000000;1310.96;1320.26;1293.89;1302.37;0;0
Индекс МосБиржи;D;20091210;000000;1302.36;1311.8;1285.01;1304.61;0;0
Индекс МосБиржи;D;20091211;000000;1304.61;1316.9;1296.68;1301.33;0;0
Индекс МосБиржи;D;20091214;000000;1301.51;1324.34;1301.51;1317.33;0;0
Индекс МосБиржи;D;20091215;000000;1317.76;1412.27;1312.42;1332.29;0;0
Индекс МосБиржи;D;20091216;000000;1332.29;1389.44;1329.02;1388.59;0;0
Индекс МосБиржи;D;20091217;000000;1388.59;1401.38;1358.46;1360.48;0;0
Индекс МосБиржи;D;20091218;000000;1360.48;1392.8;1360.48;1368.43;0;0
Индекс МосБиржи;D;20091221;000000;1368.72;1384.34;1363.19;1377.93;0;0
Индекс МосБиржи;D;20091222;000000;1377.93;1378.18;1358.46;1366.18;0;0
Индекс МосБиржи;D;20091223;000000;1366.21;1376.38;1359.36;1366.78;0;0
Индекс МосБиржи;D;20091224;000000;1366.78;1375.16;1340.25;1351.19;0;0
Индекс МосБиржи;D;20091225;000000;1351.24;1358.25;1341.21;1357.11;0;0
Индекс МосБиржи;D;20091228;000000;1357.11;1372.03;1357.11;1361.58;0;0
Индекс МосБиржи;D;20091229;000000;1361.64;1369.07;1360.3;1368.51;0;0
Индекс МосБиржи;D;20091230;000000;1368.51;1369.81;1356.53;1362.01;0;0
Индекс МосБиржи;D;20091231;000000;1362.01;1370.75;1361.96;1370.01;0;0
Индекс МосБиржи;D;20100111;000000;1370.3;1456.78;1370.3;1444.78;0;0
Индекс МосБиржи;D;20100112;000000;1444.78;1445.7;1424.73;1427.67;0;0
Индекс МосБиржи;D;20100113;000000;1427.62;1444.86;1412.87;1435.01;0;0
Индекс МосБиржи;D;20100114;000000;1435.01;1456.34;1435.01;1455.65;0;0
Индекс МосБиржи;D;20100115;000000;1455.47;1469.55;1448.68;1452.67;0;0
Индекс МосБиржи;D;20100118;000000;1452.67;1479.76;1444.9;1479.53;0;0
Индекс МосБиржи;D;20100119;000000;1479.52;1485.76;1454.91;1484.03;0;0
Индекс МосБиржи;D;20100120;000000;1484.03;1491.36;1458.21;1461.23;0;0
Индекс МосБиржи;D;20100121;000000;1461.23;1470.57;1435.45;1435.9;0;0
Индекс МосБиржи;D;20100122;000000;1435.9;1435.9;1394.91;1410.38;0;0
Индекс МосБиржи;D;20100125;000000;1410.37;1423.25;1396.39;1415.86;0;0
Индекс МосБиржи;D;20100126;000000;1415.81;1416.03;1370.44;1384.79;0;0
Индекс МосБиржи;D;20100127;000000;1384.79;1405.28;1363.03;1391.25;0;0
Индекс МосБиржи;D;20100128;000000;1391.25;1425.6;1391.25;1406.55;0;0
Индекс МосБиржи;D;20100129;000000;1406.46;1419.55;1390.32;1419.42;0;0
Индекс МосБиржи;D;20100201;000000;1419.42;1419.57;1395.92;1417;0;0
Индекс МосБиржи;D;20100202;000000;1417;1436.9;1417;1436.63;0;0
Индекс МосБиржи;D;20100203;000000;1436.63;1455.51;1430;1431.08;0;0
Индекс МосБиржи;D;20100204;000000;1431.08;1437.04;1390.54;1395.87;0;0
Индекс МосБиржи;D;20100205;000000;1395.86;1395.86;1344.74;1355.64;0;0
Индекс МосБиржи;D;20100208;000000;1355.64;1370.52;1319.06;1322.15;0;0
Индекс МосБиржи;D;20100209;000000;1322.24;1343.71;1320.93;1338.16;0;0
Индекс МосБиржи;D;20100210;000000;1338.16;1359.12;1319.68;1327.24;0;0
Индекс МосБиржи;D;20100211;000000;1327.24;1348.2;1320.55;1329.35;0;0
Индекс МосБиржи;D;20100212;000000;1329.37;1346.22;1294.21;1304.86;0;0
Индекс МосБиржи;D;20100215;000000;1304.88;1319.37;1301.8;1319.22;0;0
Индекс МосБиржи;D;20100216;000000;1319.22;1361.87;1319.22;1361.49;0;0
Индекс МосБиржи;D;20100217;000000;1361.49;1373.22;1350.12;1354.09;0;0
Индекс МосБиржи;D;20100218;000000;1354.07;1354.07;1324.9;1338.77;0;0
Индекс МосБиржи;D;20100219;000000;1338.77;1354.05;1310.65;1353.75;0;0
Индекс МосБиржи;D;20100224;000000;1353.75;1353.75;1324.49;1334.53;0;0
Индекс МосБиржи;D;20100225;000000;1334.33;1334.42;1297.14;1306.46;0;0
Индекс МосБиржи;D;20100226;000000;1306.5;1324.57;1306.5;1323.72;0;0
Индекс МосБиржи;D;20100227;000000;1323.72;1333.55;1322.34;1332.64;0;0
Индекс МосБиржи;D;20100301;000000;1332.97;1358.04;1332.97;1356.27;0;0
Индекс МосБиржи;D;20100302;000000;1356.27;1371.83;1351.06;1368.09;0;0
Индекс МосБиржи;D;20100303;000000;1368.09;1382.22;1355.47;1379.32;0;0
Индекс МосБиржи;D;20100304;000000;1379.32;1395.98;1366.55;1384.44;0;0
Индекс МосБиржи;D;20100305;000000;1384.44;1414.48;1384.44;1414.37;0;0
Индекс МосБиржи;D;20100309;000000;1414.34;1421.14;1396.57;1412.55;0;0
Индекс МосБиржи;D;20100310;000000;1412.1;1423.06;1397.5;1402.35;0;0
Индекс МосБиржи;D;20100311;000000;1402.35;1411.45;1389.68;1395.91;0;0
Индекс МосБиржи;D;20100312;000000;1395.91;1424.52;1395.91;1415.75;0;0
Индекс МосБиржи;D;20100315;000000;1415.68;1416.85;1398.97;1400.19;0;0
Индекс МосБиржи;D;20100316;000000;1400.25;1421.06;1400.25;1420.76;0;0
Индекс МосБиржи;D;20100317;000000;1420.76;1442.14;1420.76;1435.31;0;0
Индекс МосБиржи;D;20100318;000000;1435.23;1449.78;1425.46;1433.45;0;0
Индекс МосБиржи;D;20100319;000000;1433.45;1441.32;1415.92;1421.09;0;0
Индекс МосБиржи;D;20100322;000000;1421;1421;1398.02;1417.55;0;0
Индекс МосБиржи;D;20100323;000000;1417.85;1427.61;1404.15;1410.61;0;0
Индекс МосБиржи;D;20100324;000000;1410.61;1417.26;1398.44;1404.77;0;0
Индекс МосБиржи;D;20100325;000000;1404.76;1412.14;1395.13;1406.66;0;0
Индекс МосБиржи;D;20100326;000000;1406.71;1419.82;1403.51;1415.54;0;0
Индекс МосБиржи;D;20100329;000000;1415.54;1440.85;1411.79;1440.2;0;0
Индекс МосБиржи;D;20100330;000000;1440.2;1450.04;1433.19;1443.81;0;0
Индекс МосБиржи;D;20100331;000000;1443.82;1461.89;1438.35;1450.15;0;0
Индекс МосБиржи;D;20100401;000000;1450.16;1482.4;1450.16;1479.66;0;0
Индекс МосБиржи;D;20100402;000000;1479.73;1488.22;1472.58;1480.17;0;0
Индекс МосБиржи;D;20100405;000000;1480.46;1488.56;1473.66;1487.55;0;0
Индекс МосБиржи;D;20100406;000000;1487.51;1506.03;1479.19;1498.64;0;0
Индекс МосБиржи;D;20100407;000000;1498.64;1501.45;1476.6;1478.44;0;0
Индекс МосБиржи;D;20100408;000000;1478.41;1479.56;1460.37;1476.59;0;0
Индекс МосБиржи;D;20100409;000000;1476.59;1502.66;1476.59;1496.88;0;0
Индекс МосБиржи;D;20100412;000000;1496.88;1512.07;1493.23;1502.66;0;0
Индекс МосБиржи;D;20100413;000000;1502.64;1508.33;1488.9;1499.34;0;0
Индекс МосБиржи;D;20100414;000000;1499.36;1527.87;1499.36;1526.61;0;0
Индекс МосБиржи;D;20100415;000000;1526.61;1539.65;1519.99;1530.93;0;0
Индекс МосБиржи;D;20100416;000000;1530.92;1530.92;1494.53;1495.08;0;0
Индекс МосБиржи;D;20100419;000000;1494.98;1494.98;1438.51;1459.17;0;0
Индекс МосБиржи;D;20100420;000000;1459.18;1482.37;1459.18;1473.92;0;0
Индекс МосБиржи;D;20100421;000000;1473.92;1488.9;1462.2;1465.87;0;0
Индекс МосБиржи;D;20100422;000000;1465.87;1475.41;1436.48;1443.36;0;0
Индекс МосБиржи;D;20100423;000000;1443.36;1467.62;1443.36;1467.62;0;0
Индекс МосБиржи;D;20100426;000000;1467.64;1489.41;1467.64;1484.26;0;0
Индекс МосБиржи;D;20100427;000000;1484.19;1484.19;1454.69;1464.17;0;0
Индекс МосБиржи;D;20100428;000000;1462.7;1462.7;1424.25;1430.28;0;0
Индекс МосБиржи;D;20100429;000000;1430.81;1455.21;1430.81;1455.14;0;0
Индекс МосБиржи;D;20100430;000000;1455.12;1455.98;1430.91;1436.04;0;0
Индекс МосБиржи;D;20100504;000000;1436.04;1448.67;1392.33;1393.07;0;0
Индекс МосБиржи;D;20100505;000000;1393.07;1403.85;1357.69;1378.43;0;0
Индекс МосБиржи;D;20100506;000000;1378.43;1391.51;1362.97;1365.13;0;0
Индекс МосБиржи;D;20100507;000000;1365.09;1365.09;1282.86;1288.61;0;0
Индекс МосБиржи;D;20100511;000000;1289.28;1342.64;1289.28;1334.15;0;0
Индекс МосБиржи;D;20100512;000000;1334.03;1395.5;1323.66;1391.87;0;0
Индекс МосБиржи;D;20100513;000000;1391.94;1418.09;1363.54;1378.7;0;0
Индекс МосБиржи;D;20100514;000000;1378.69;1378.69;1347.06;1352.01;0;0
Индекс МосБиржи;D;20100517;000000;1351.92;1362.4;1316.37;1357.26;0;0
Индекс МосБиржи;D;20100518;000000;1357.51;1369.36;1345.95;1362.32;0;0
Индекс МосБиржи;D;20100519;000000;1362.25;1362.25;1311.84;1320.9;0;0
Индекс МосБиржи;D;20100520;000000;1320.9;1340.4;1261.16;1263.99;0;0
Индекс МосБиржи;D;20100521;000000;1264.06;1279.92;1237.26;1264.91;0;0
Индекс МосБиржи;D;20100524;000000;1264.83;1287.11;1248.36;1269.37;0;0
Индекс МосБиржи;D;20100525;000000;1269.1;1269.1;1194.92;1197.39;0;0
Индекс МосБиржи;D;20100526;000000;1198.18;1266.13;1198.18;1265.18;0;0
Индекс МосБиржи;D;20100527;000000;1265.18;1310.49;1259.67;1305.99;0;0
Индекс МосБиржи;D;20100528;000000;1306.47;1313.37;1292.4;1309.09;0;0
Индекс МосБиржи;D;20100531;000000;1309.08;1333.23;1304.67;1332.62;0;0
Индекс МосБиржи;D;20100601;000000;1332.62;1332.62;1297.09;1325.49;0;0
Индекс МосБиржи;D;20100602;000000;1325.47;1344.59;1301.31;1341.24;0;0
Индекс МосБиржи;D;20100603;000000;1341.41;1371.82;1341.41;1350.48;0;0
Индекс МосБиржи;D;20100604;000000;1350.46;1378.2;1322.85;1333.49;0;0
Индекс МосБиржи;D;20100607;000000;1333.49;1333.49;1289.05;1322;0;0
Индекс МосБиржи;D;20100608;000000;1322;1338.7;1297.57;1301.41;0;0
Индекс МосБиржи;D;20100609;000000;1301.41;1323.98;1301.41;1315.13;0;0
Индекс МосБиржи;D;20100610;000000;1315.15;1340.45;1301.16;1340.09;0;0
Индекс МосБиржи;D;20100611;000000;1340.09;1345.95;1323.27;1336.09;0;0
Индекс МосБиржи;D;20100615;000000;1336.14;1371.66;1334.58;1371.31;0;0
Индекс МосБиржи;D;20100616;000000;1371.31;1383.39;1356.86;1369.59;0;0
Индекс МосБиржи;D;20100617;000000;1369.58;1383.39;1351.98;1356.18;0;0
Индекс МосБиржи;D;20100618;000000;1356.18;1368.94;1350.53;1367.71;0;0
Индекс МосБиржи;D;20100621;000000;1367.75;1407.95;1367.75;1406.21;0;0
Индекс МосБиржи;D;20100622;000000;1405.12;1405.12;1380.16;1388.11;0;0
Индекс МосБиржи;D;20100623;000000;1388.24;1394.66;1371.06;1377.97;0;0
Индекс МосБиржи;D;20100624;000000;1377.97;1389.01;1360.21;1363.15;0;0
Индекс МосБиржи;D;20100625;000000;1363.15;1366.75;1346.13;1347.58;0;0
Индекс МосБиржи;D;20100628;000000;1347.58;1370.2;1347.58;1363.4;0;0
Индекс МосБиржи;D;20100629;000000;1363.4;1363.4;1315.85;1323.29;0;0
Индекс МосБиржи;D;20100630;000000;1323.29;1329.15;1301.39;1309.31;0;0
Индекс МосБиржи;D;20100701;000000;1309.31;1309.31;1253.45;1254.65;0;0
Индекс МосБиржи;D;20100702;000000;1255.18;1288.86;1255.18;1288.05;0;0
Индекс МосБиржи;D;20100705;000000;1288.05;1297.47;1281.71;1292.19;0;0
Индекс МосБиржи;D;20100706;000000;1292.2;1328.14;1292.2;1327.63;0;0
Индекс МосБиржи;D;20100707;000000;1327.63;1330.15;1294.41;1327.77;0;0
Индекс МосБиржи;D;20100708;000000;1327.77;1346.65;1319.54;1320.64;0;0
Индекс МосБиржи;D;20100709;000000;1320.68;1332.38;1308.56;1324.17;0;0
Индекс МосБиржи;D;20100712;000000;1324.17;1351.21;1319.65;1344.57;0;0
Индекс МосБиржи;D;20100713;000000;1344.57;1373.23;1337.14;1367.91;0;0
Индекс МосБиржи;D;20100714;000000;1367.91;1379.51;1353.98;1358.6;0;0
Индекс МосБиржи;D;20100715;000000;1358.59;1375.64;1339.88;1340.2;0;0
Индекс МосБиржи;D;20100716;000000;1340.22;1353.7;1325.23;1327.55;0;0
Индекс МосБиржи;D;20100719;000000;1327.55;1346.66;1322.37;1336.55;0;0
Индекс МосБиржи;D;20100720;000000;1336.63;1349.66;1319.74;1328.71;0;0
Индекс МосБиржи;D;20100721;000000;1328.85;1360.06;1328.85;1354.83;0;0
Индекс МосБиржи;D;20100722;000000;1354.83;1381.45;1343.91;1381.36;0;0
Индекс МосБиржи;D;20100723;000000;1381.35;1389.16;1373.91;1380.86;0;0
Индекс МосБиржи;D;20100726;000000;1380.88;1399.52;1380.88;1396.92;0;0
Индекс МосБиржи;D;20100727;000000;1396.92;1414;1391.77;1401.56;0;0
Индекс МосБиржи;D;20100728;000000;1401.56;1411.38;1388.79;1394.89;0;0
Индекс МосБиржи;D;20100729;000000;1394.89;1425.01;1394.89;1418.35;0;0
Индекс МосБиржи;D;20100730;000000;1418.3;1418.3;1382.71;1397.12;0;0
Индекс МосБиржи;D;20100802;000000;1397.15;1431.54;1397.14;1429.36;0;0
Индекс МосБиржи;D;20100803;000000;1429.36;1433.63;1406;1412.25;0;0
Индекс МосБиржи;D;20100804;000000;1412.25;1429.03;1400.65;1418.05;0;0
Индекс МосБиржи;D;20100805;000000;1418.18;1429.22;1407.14;1414.65;0;0
Индекс МосБиржи;D;20100806;000000;1414.65;1423.39;1397.35;1403.08;0;0
Индекс МосБиржи;D;20100809;000000;1403.09;1427.89;1403.09;1419.2;0;0
Индекс МосБиржи;D;20100810;000000;1419.2;1419.2;1388.94;1397.66;0;0
Индекс МосБиржи;D;20100811;000000;1397.65;1397.65;1372.29;1376.88;0;0
Индекс МосБиржи;D;20100812;000000;1376.88;1387.94;1364.5;1375.54;0;0
Индекс МосБиржи;D;20100813;000000;1375.54;1386.72;1366.02;1371.46;0;0
Индекс МосБиржи;D;20100816;000000;1371.46;1378.8;1356.31;1373.22;0;0
Индекс МосБиржи;D;20100817;000000;1373.22;1394.65;1373.19;1391.47;0;0
Индекс МосБиржи;D;20100818;000000;1391.47;1391.47;1380.21;1386.8;0;0
Индекс МосБиржи;D;20100819;000000;1386.79;1400.94;1374.41;1375.11;0;0
Индекс МосБиржи;D;20100820;000000;1375.11;1379.36;1357.94;1366.32;0;0
Индекс МосБиржи;D;20100823;000000;1366.32;1374;1356.4;1366.76;0;0
Индекс МосБиржи;D;20100824;000000;1366.68;1366.68;1337.46;1339.82;0;0
Индекс МосБиржи;D;20100825;000000;1339.82;1352.71;1328.17;1334.66;0;0
Индекс МосБиржи;D;20100826;000000;1334.8;1357.27;1334.8;1356.43;0;0
Индекс МосБиржи;D;20100827;000000;1356.25;1367.37;1344.54;1366.5;0;0
Индекс МосБиржи;D;20100830;000000;1366.5;1379.69;1366.5;1370.77;0;0
Индекс МосБиржи;D;20100831;000000;1370.77;1370.77;1351.36;1368.9;0;0
Индекс МосБиржи;D;20100901;000000;1368.93;1396.21;1364.59;1394.57;0;0
Индекс МосБиржи;D;20100902;000000;1394.56;1407.54;1392.41;1401.81;0;0
Индекс МосБиржи;D;20100903;000000;1401.83;1419.17;1395.89;1410.16;0;0
Индекс МосБиржи;D;20100906;000000;1410.17;1418.54;1407.19;1408.64;0;0
Индекс МосБиржи;D;20100907;000000;1408.6;1408.6;1390.03;1398.7;0;0
Индекс МосБиржи;D;20100908;000000;1398.38;1423.23;1393.99;1422.08;0;0
Индекс МосБиржи;D;20100909;000000;1422.09;1445.58;1416.62;1437.47;0;0
Индекс МосБиржи;D;20100910;000000;1437.45;1441.77;1427.43;1433.82;0;0
Индекс МосБиржи;D;20100913;000000;1433.89;1452.21;1433.89;1441.58;0;0
Индекс МосБиржи;D;20100914;000000;1441.58;1443.32;1428.01;1433.22;0;0
Индекс МосБиржи;D;20100915;000000;1433.22;1436.58;1420.92;1436.38;0;0
Индекс МосБиржи;D;20100916;000000;1436.02;1439.78;1427.69;1431.09;0;0
Индекс МосБиржи;D;20100917;000000;1431.09;1442.53;1417.04;1417.65;0;0
Индекс МосБиржи;D;20100920;000000;1417.72;1427.13;1412.84;1426.84;0;0
Индекс МосБиржи;D;20100921;000000;1426.84;1442.56;1426.76;1433.9;0;0
Индекс МосБиржи;D;20100922;000000;1433.9;1438.97;1417.57;1431.21;0;0
Индекс МосБиржи;D;20100923;000000;1431.21;1440.31;1420.08;1430.12;0;0
Индекс МосБиржи;D;20100924;000000;1430.12;1436.58;1418.87;1436.06;0;0
Индекс МосБиржи;D;20100927;000000;1436.07;1444.77;1417.95;1418.67;0;0
Индекс МосБиржи;D;20100928;000000;1418.67;1419.42;1405.42;1410.11;0;0
Индекс МосБиржи;D;20100929;000000;1410.11;1423.78;1410.11;1419.18;0;0
Индекс МосБиржи;D;20100930;000000;1419.18;1441.24;1417.42;1440.3;0;0
Индекс МосБиржи;D;20101001;000000;1440.3;1462.3;1436.32;1455.63;0;0
Индекс МосБиржи;D;20101004;000000;1455.63;1470.78;1455.12;1465.09;0;0
Индекс МосБиржи;D;20101005;000000;1465.09;1474.45;1455.97;1474.03;0;0
Индекс МосБиржи;D;20101006;000000;1474.15;1485.64;1465.68;1475.12;0;0
Индекс МосБиржи;D;20101007;000000;1475.19;1480.16;1465.84;1468.31;0;0
Индекс МосБиржи;D;20101008;000000;1468.25;1468.25;1453.38;1464.67;0;0
Индекс МосБиржи;D;20101011;000000;1464.67;1482.29;1464.67;1482.11;0;0
Индекс МосБиржи;D;20101012;000000;1482.07;1482.07;1466.73;1477.78;0;0
Индекс МосБиржи;D;20101013;000000;1477.8;1497.75;1477.8;1493.21;0;0
Индекс МосБиржи;D;20101014;000000;1493.21;1500.45;1483.26;1489.06;0;0
Индекс МосБиржи;D;20101015;000000;1489.04;1500.66;1484.23;1491.48;0;0
Индекс МосБиржи;D;20101018;000000;1491.46;1502.48;1479.4;1500.65;0;0
Индекс МосБиржи;D;20101019;000000;1500.65;1513.57;1488.58;1490.49;0;0
Индекс МосБиржи;D;20101020;000000;1490.49;1494.44;1474.1;1493.49;0;0
Индекс МосБиржи;D;20101021;000000;1493.49;1528.8;1489.35;1528.11;0;0
Индекс МосБиржи;D;20101022;000000;1528;1531.02;1512.93;1519.3;0;0
Индекс МосБиржи;D;20101025;000000;1519.35;1538.43;1519.35;1528.24;0;0
Индекс МосБиржи;D;20101026;000000;1528.12;1532.2;1516.23;1524.83;0;0
Индекс МосБиржи;D;20101027;000000;1524.83;1525.24;1506.99;1507.05;0;0
Индекс МосБиржи;D;20101028;000000;1507.05;1519.77;1504.6;1506.6;0;0
Индекс МосБиржи;D;20101029;000000;1506.5;1524.9;1502.21;1523.39;0;0
Индекс МосБиржи;D;20101101;000000;1523.4;1542.23;1523.4;1533.7;0;0
Индекс МосБиржи;D;20101102;000000;1533.7;1540.35;1530.76;1537.27;0;0
Индекс МосБиржи;D;20101103;000000;1537.29;1547.03;1535.29;1540.11;0;0
Индекс МосБиржи;D;20101108;000000;1540.11;1577.94;1540.11;1568.26;0;0
Индекс МосБиржи;D;20101109;000000;1568.26;1597.51;1566.56;1594.72;0;0
Индекс МосБиржи;D;20101110;000000;1594.7;1594.7;1570.29;1574.63;0;0
Индекс МосБиржи;D;20101111;000000;1574.68;1584.75;1556.05;1556.43;0;0
Индекс МосБиржи;D;20101112;000000;1556.37;1556.37;1536.95;1548.96;0;0
Индекс МосБиржи;D;20101113;000000;1548.96;1548.96;1533.69;1541.1;0;0
Индекс МосБиржи;D;20101115;000000;1541.1;1560.77;1535.8;1556.18;0;0
Индекс МосБиржи;D;20101116;000000;1556.18;1556.18;1524.57;1526.64;0;0
Индекс МосБиржи;D;20101117;000000;1526.64;1535.26;1515.13;1533.92;0;0
Индекс МосБиржи;D;20101118;000000;1533.92;1552.42;1533.92;1552.21;0;0
Индекс МосБиржи;D;20101119;000000;1552.21;1557.49;1542.09;1556.8;0;0
Индекс МосБиржи;D;20101122;000000;1556.8;1573.32;1549.13;1550.42;0;0
Индекс МосБиржи;D;20101123;000000;1550.42;1550.42;1531.65;1536.87;0;0
Индекс МосБиржи;D;20101124;000000;1537.67;1564.75;1528.15;1561.97;0;0
Индекс МосБиржи;D;20101125;000000;1561.97;1574.4;1558.92;1571.31;0;0
Индекс МосБиржи;D;20101126;000000;1571.31;1576.59;1555.15;1566.41;0;0
Индекс МосБиржи;D;20101129;000000;1566.47;1578.46;1549.4;1554.65;0;0
Индекс МосБиржи;D;20101130;000000;1554.67;1570.67;1549.53;1565.52;0;0
Индекс МосБиржи;D;20101201;000000;1565.6;1604.35;1565.6;1601.76;0;0
Индекс МосБиржи;D;20101202;000000;1601.78;1633.6;1601.78;1632.37;0;0
Индекс МосБиржи;D;20101203;000000;1632.32;1658.53;1628.87;1649.56;0;0
Индекс МосБиржи;D;20101206;000000;1649.56;1672.9;1649.31;1672.57;0;0
Индекс МосБиржи;D;20101207;000000;1672.99;1702.64;1671.44;1676.41;0;0
Индекс МосБиржи;D;20101208;000000;1676.41;1687.2;1649.28;1650.08;0;0
Индекс МосБиржи;D;20101209;000000;1650.36;1667.88;1650.36;1660.62;0;0
Индекс МосБиржи;D;20101210;000000;1660.62;1663.51;1646.44;1656.34;0;0
Индекс МосБиржи;D;20101213;000000;1656.51;1673.14;1656.51;1662.45;0;0
Индекс МосБиржи;D;20101214;000000;1662.51;1667.27;1648.86;1666.28;0;0
Индекс МосБиржи;D;20101215;000000;1666.12;1680.82;1653.83;1670.26;0;0
Индекс МосБиржи;D;20101216;000000;1670.26;1670.8;1657.76;1660.2;0;0
Индекс МосБиржи;D;20101217;000000;1660.22;1674.12;1660.2;1666.84;0;0
Индекс МосБиржи;D;20101220;000000;1666.84;1668.9;1657.88;1663.11;0;0
Индекс МосБиржи;D;20101221;000000;1663.29;1675.85;1663.29;1673.83;0;0
Индекс МосБиржи;D;20101222;000000;1673.84;1686.5;1673.84;1682.61;0;0
Индекс МосБиржи;D;20101223;000000;1682.74;1686.31;1676.92;1684.52;0;0
Индекс МосБиржи;D;20101224;000000;1684.52;1686.52;1673.23;1675.81;0;0
Индекс МосБиржи;D;20101227;000000;1675.81;1676.27;1662.81;1663.55;0;0
Индекс МосБиржи;D;20101228;000000;1663.55;1671.1;1660.57;1664.86;0;0
Индекс МосБиржи;D;20101229;000000;1664.86;1678.49;1664.82;1677.68;0;0
Индекс МосБиржи;D;20101230;000000;1677.68;1688.12;1673.64;1687.99;0;0
Индекс МосБиржи;D;20110111;000000;1688;1714.25;1687.15;1713.97;0;0
Индекс МосБиржи;D;20110112;000000;1714.04;1760.1;1714.04;1759.46;0;0
Индекс МосБиржи;D;20110113;000000;1759.46;1768.24;1743.72;1749.75;0;0
Индекс МосБиржи;D;20110114;000000;1749.75;1757.56;1731.84;1744.74;0;0
Индекс МосБиржи;D;20110117;000000;1745.15;1773.98;1745.15;1771.66;0;0
Индекс МосБиржи;D;20110118;000000;1771.69;1788.74;1754.86;1765.3;0;0
Индекс МосБиржи;D;20110119;000000;1765.3;1778.27;1760.23;1764.44;0;0
Индекс МосБиржи;D;20110120;000000;1764.31;1764.31;1732.89;1733.89;0;0
Индекс МосБиржи;D;20110121;000000;1733.89;1752.39;1723.85;1747.39;0;0
Индекс МосБиржи;D;20110124;000000;1747.39;1750.49;1705.11;1720.7;0;0
Индекс МосБиржи;D;20110125;000000;1720.7;1730.9;1709.66;1716.24;0;0
Индекс МосБиржи;D;20110126;000000;1716.24;1746.91;1716.24;1746.55;0;0
Индекс МосБиржи;D;20110127;000000;1746.55;1758.16;1738.15;1751.54;0;0
Индекс МосБиржи;D;20110128;000000;1751.47;1751.47;1730.67;1735.01;0;0
Индекс МосБиржи;D;20110131;000000;1734.93;1734.93;1705.46;1723.42;0;0
Индекс МосБиржи;D;20110201;000000;1723.45;1757.49;1723.45;1755.95;0;0
Индекс МосБиржи;D;20110202;000000;1755.95;1779.08;1755.84;1765.42;0;0
Индекс МосБиржи;D;20110203;000000;1765.43;1775.47;1746.78;1749.78;0;0
Индекс МосБиржи;D;20110204;000000;1749.78;1770.06;1749.78;1766.53;0;0
Индекс МосБиржи;D;20110207;000000;1766.53;1773.04;1745.29;1767.31;0;0
Индекс МосБиржи;D;20110208;000000;1767.31;1770.13;1729.09;1729.53;0;0
Индекс МосБиржи;D;20110209;000000;1729.53;1738.36;1713.36;1723.32;0;0
Индекс МосБиржи;D;20110210;000000;1723.32;1723.49;1675.95;1676.77;0;0
Индекс МосБиржи;D;20110211;000000;1676.77;1715.64;1673.95;1713.93;0;0
Индекс МосБиржи;D;20110214;000000;1714.09;1732.41;1703.72;1708.43;0;0
Индекс МосБиржи;D;20110215;000000;1708.45;1720.86;1693.17;1695.98;0;0
Индекс МосБиржи;D;20110216;000000;1695.98;1709.27;1688.39;1707.14;0;0
Индекс МосБиржи;D;20110217;000000;1707.14;1722.24;1692.32;1692.91;0;0
Индекс МосБиржи;D;20110218;000000;1692.95;1700.61;1680.91;1690.11;0;0
Индекс МосБиржи;D;20110221;000000;1690.09;1717.01;1683.78;1712.63;0;0
Индекс МосБиржи;D;20110222;000000;1712.63;1712.63;1682.46;1700.98;0;0
Индекс МосБиржи;D;20110224;000000;1700.98;1721.99;1687.63;1715.2;0;0
Индекс МосБиржи;D;20110225;000000;1715.2;1748.63;1713.88;1747.72;0;0
Индекс МосБиржи;D;20110228;000000;1747.72;1780.39;1743.16;1777.84;0;0
Индекс МосБиржи;D;20110301;000000;1777.84;1788.53;1753.13;1758.44;0;0
Индекс МосБиржи;D;20110302;000000;1758.44;1765.87;1746.11;1765.38;0;0
Индекс МосБиржи;D;20110303;000000;1765.38;1787.69;1765.38;1772.83;0;0
Индекс МосБиржи;D;20110304;000000;1772.83;1783.82;1758.63;1764.96;0;0
Индекс МосБиржи;D;20110305;000000;1764.96;1781.26;1763.3;1780.62;0;0
Индекс МосБиржи;D;20110309;000000;1780.63;1793.1;1769.81;1779.24;0;0
Индекс МосБиржи;D;20110310;000000;1779.14;1779.14;1730.45;1731.8;0;0
Индекс МосБиржи;D;20110311;000000;1731.8;1739.36;1712.35;1719.95;0;0
Индекс МосБиржи;D;20110314;000000;1719.95;1747.18;1706.88;1726.78;0;0
Индекс МосБиржи;D;20110315;000000;1726.78;1726.78;1681.08;1700.54;0;0
Индекс МосБиржи;D;20110316;000000;1700.69;1732.79;1698.26;1705.18;0;0
Индекс МосБиржи;D;20110317;000000;1705.2;1739.89;1703.2;1737.62;0;0
Индекс МосБиржи;D;20110318;000000;1737.66;1753.39;1732.8;1747.32;0;0
Индекс МосБиржи;D;20110321;000000;1747.32;1760.99;1742.24;1753.19;0;0
Индекс МосБиржи;D;20110322;000000;1753.18;1753.36;1730.35;1741.34;0;0
Индекс МосБиржи;D;20110323;000000;1741.25;1770.77;1732.61;1770.56;0;0
Индекс МосБиржи;D;20110324;000000;1770.58;1795.66;1770.58;1795.4;0;0
Индекс МосБиржи;D;20110325;000000;1795.4;1808.61;1788.19;1807.46;0;0
Индекс МосБиржи;D;20110328;000000;1807.53;1813.21;1799.84;1810.9;0;0
Индекс МосБиржи;D;20110329;000000;1810.74;1813.82;1781.2;1788.14;0;0
Индекс МосБиржи;D;20110330;000000;1788.17;1817.26;1788.17;1815.6;0;0
Индекс МосБиржи;D;20110331;000000;1815.6;1820.16;1802.55;1813.59;0;0
Индекс МосБиржи;D;20110401;000000;1813.59;1844.75;1806.03;1843.43;0;0
Индекс МосБиржи;D;20110404;000000;1843.43;1858.78;1841.25;1852.02;0;0
Индекс МосБиржи;D;20110405;000000;1852.06;1863.35;1835.88;1848.21;0;0
Индекс МосБиржи;D;20110406;000000;1848.21;1865.3;1844.89;1859.99;0;0
Индекс МосБиржи;D;20110407;000000;1859.99;1859.99;1839.35;1844.33;0;0
Индекс МосБиржи;D;20110408;000000;1844.33;1860.01;1844.33;1855.97;0;0
Индекс МосБиржи;D;20110411;000000;1855.97;1864.59;1836.86;1845.78;0;0
Индекс МосБиржи;D;20110412;000000;1845.78;1845.78;1792.33;1799.94;0;0
Индекс МосБиржи;D;20110413;000000;1799.94;1810.44;1786.62;1809.83;0;0
Индекс МосБиржи;D;20110414;000000;1809.83;1809.83;1765.15;1781.51;0;0
Индекс МосБиржи;D;20110415;000000;1781.5;1792.99;1772.04;1780.36;0;0
Индекс МосБиржи;D;20110418;000000;1780.36;1784.44;1707.65;1714.07;0;0
Индекс МосБиржи;D;20110419;000000;1714.08;1756.67;1714.08;1755.63;0;0
Индекс МосБиржи;D;20110420;000000;1755.63;1785.49;1755.63;1783.38;0;0
Индекс МосБиржи;D;20110421;000000;1783.59;1799.09;1770.91;1780.6;0;0
Индекс МосБиржи;D;20110422;000000;1780.6;1797.53;1780.14;1793.96;0;0
Индекс МосБиржи;D;20110425;000000;1793.96;1814.07;1767.36;1769.94;0;0
Индекс МосБиржи;D;20110426;000000;1769.94;1774.52;1746.38;1766.28;0;0
Индекс МосБиржи;D;20110427;000000;1766.28;1775.6;1738.66;1744.95;0;0
Индекс МосБиржи;D;20110428;000000;1745.87;1766.96;1731.62;1749.65;0;0
Индекс МосБиржи;D;20110429;000000;1749.01;1749.01;1723.44;1741.84;0;0
Индекс МосБиржи;D;20110503;000000;1741.82;1747.22;1689.65;1691.45;0;0
Индекс МосБиржи;D;20110504;000000;1691.45;1698.29;1650.08;1657.54;0;0
Индекс МосБиржи;D;20110505;000000;1657.55;1673.6;1627.45;1644.92;0;0
Индекс МосБиржи;D;20110506;000000;1644.92;1681.57;1621.9;1681.01;0;0
Индекс МосБиржи;D;20110510;000000;1680.91;1687.72;1667.08;1678.13;0;0
Индекс МосБиржи;D;20110511;000000;1678.27;1693.83;1652.3;1654.78;0;0
Индекс МосБиржи;D;20110512;000000;1654.77;1654.77;1616.52;1630.78;0;0
Индекс МосБиржи;D;20110513;000000;1630.79;1646.44;1626.38;1632.23;0;0
Индекс МосБиржи;D;20110516;000000;1632.12;1632.12;1604.91;1622.98;0;0
Индекс МосБиржи;D;20110517;000000;1623.05;1631.5;1603.08;1608.66;0;0
Индекс МосБиржи;D;20110518;000000;1608.67;1633.8;1608.36;1627.03;0;0
Индекс МосБиржи;D;20110519;000000;1627.03;1647.05;1616.81;1630.72;0;0
Индекс МосБиржи;D;20110520;000000;1630.74;1641.58;1600.87;1603.97;0;0
Индекс МосБиржи;D;20110523;000000;1603.97;1603.97;1569.54;1573.14;0;0
Индекс МосБиржи;D;20110524;000000;1573.39;1603.3;1573.39;1598.82;0;0
Индекс МосБиржи;D;20110525;000000;1598.81;1615.25;1578.02;1614.86;0;0
Индекс МосБиржи;D;20110526;000000;1614.86;1625.35;1598.23;1606.21;0;0
Индекс МосБиржи;D;20110527;000000;1606.27;1641.27;1606.27;1638.06;0;0
Индекс МосБиржи;D;20110530;000000;1638.06;1647.59;1636;1644.99;0;0
Индекс МосБиржи;D;20110531;000000;1644.99;1675.72;1644.99;1666.3;0;0
Индекс МосБиржи;D;20110601;000000;1666.84;1672.84;1647.14;1650.68;0;0
Индекс МосБиржи;D;20110602;000000;1650.59;1658.39;1627.13;1658.39;0;0
Индекс МосБиржи;D;20110603;000000;1658.36;1669.04;1624.87;1633.02;0;0
Индекс МосБиржи;D;20110606;000000;1633.02;1640.28;1611.9;1633.49;0;0
Индекс МосБиржи;D;20110607;000000;1633.49;1662.73;1628.82;1662.71;0;0
Индекс МосБиржи;D;20110608;000000;1662.62;1670.18;1640.7;1664.83;0;0
Индекс МосБиржи;D;20110609;000000;1664.82;1696.58;1659.55;1692.34;0;0
Индекс МосБиржи;D;20110610;000000;1692.28;1699.02;1678.72;1683.96;0;0
Индекс МосБиржи;D;20110614;000000;1683.96;1696.53;1676.24;1681.66;0;0
Индекс МосБиржи;D;20110615;000000;1681.66;1704.6;1675.6;1678.82;0;0
Индекс МосБиржи;D;20110616;000000;1678.82;1678.82;1652.72;1671.1;0;0
Индекс МосБиржи;D;20110617;000000;1671.1;1671.1;1638.37;1645.82;0;0
Индекс МосБиржи;D;20110620;000000;1645.82;1645.82;1623.2;1626.14;0;0
Индекс МосБиржи;D;20110621;000000;1626.18;1642.05;1626.18;1635.38;0;0
Индекс МосБиржи;D;20110622;000000;1635.4;1643.77;1620.32;1640.13;0;0
Индекс МосБиржи;D;20110623;000000;1639.94;1639.94;1601.12;1607.91;0;0
Индекс МосБиржи;D;20110624;000000;1607.97;1642.62;1607.97;1633.99;0;0
Индекс МосБиржи;D;20110627;000000;1633.97;1634.64;1616.81;1626.95;0;0
Индекс МосБиржи;D;20110628;000000;1626.95;1651.84;1626.95;1651.5;0;0
Индекс МосБиржи;D;20110629;000000;1651.51;1666.6;1651.51;1660;0;0
Индекс МосБиржи;D;20110630;000000;1659.98;1668.04;1653.79;1666.59;0;0
Индекс МосБиржи;D;20110701;000000;1666.53;1702.19;1656.21;1698.1;0;0
Индекс МосБиржи;D;20110704;000000;1698.1;1708.39;1695.73;1706.12;0;0
Индекс МосБиржи;D;20110705;000000;1706.14;1717.79;1697.54;1709.99;0;0
Индекс МосБиржи;D;20110706;000000;1710.01;1716.86;1699.96;1705.41;0;0
Индекс МосБиржи;D;20110707;000000;1705.43;1741.59;1705.43;1740.53;0;0
Индекс МосБиржи;D;20110708;000000;1740.47;1748.32;1717.76;1724.57;0;0
Индекс МосБиржи;D;20110711;000000;1724.57;1725.08;1699.02;1701.48;0;0
Индекс МосБиржи;D;20110712;000000;1701.44;1706.44;1684.09;1705.92;0;0
Индекс МосБиржи;D;20110713;000000;1705.92;1714.52;1691.06;1714.19;0;0
Индекс МосБиржи;D;20110714;000000;1714.19;1723.67;1698.3;1715.49;0;0
Индекс МосБиржи;D;20110715;000000;1715.49;1719.9;1697.65;1714.6;0;0
Индекс МосБиржи;D;20110718;000000;1714.6;1719.86;1686.12;1687.63;0;0
Индекс МосБиржи;D;20110719;000000;1687.71;1702.46;1687.71;1700.13;0;0
Индекс МосБиржи;D;20110720;000000;1700.19;1716.62;1700.19;1701.37;0;0
Индекс МосБиржи;D;20110721;000000;1701.48;1729;1685.22;1729;0;0
Индекс МосБиржи;D;20110722;000000;1729.01;1735.51;1720.92;1728.84;0;0
Индекс МосБиржи;D;20110725;000000;1728.82;1728.82;1706.57;1726.93;0;0
Индекс МосБиржи;D;20110726;000000;1726.93;1733.68;1715.14;1722.11;0;0
Индекс МосБиржи;D;20110727;000000;1722.12;1728.53;1705.07;1706.28;0;0
Индекс МосБиржи;D;20110728;000000;1706.27;1720.84;1701.02;1720.38;0;0
Индекс МосБиржи;D;20110729;000000;1720.37;1720.4;1690.91;1705.18;0;0
Индекс МосБиржи;D;20110801;000000;1705.22;1741.75;1705.22;1725.1;0;0
Индекс МосБиржи;D;20110802;000000;1725.11;1725.11;1705.72;1713.25;0;0
Индекс МосБиржи;D;20110803;000000;1712.91;1712.91;1650.69;1655.36;0;0
Индекс МосБиржи;D;20110804;000000;1655.36;1670.47;1619.49;1620.68;0;0
Индекс МосБиржи;D;20110805;000000;1620.51;1620.51;1553.36;1587;0;0
Индекс МосБиржи;D;20110808;000000;1586.95;1586.95;1495.04;1499.79;0;0
Индекс МосБиржи;D;20110809;000000;1499.14;1516;1386.88;1497.81;0;0
Индекс МосБиржи;D;20110810;000000;1497.86;1531.08;1423.07;1431.41;0;0
Индекс МосБиржи;D;20110811;000000;1431.43;1477.19;1355.36;1438.91;0;0
Индекс МосБиржи;D;20110812;000000;1438.93;1488.18;1423.8;1470.56;0;0
Индекс МосБиржи;D;20110815;000000;1470.67;1511.44;1470.67;1510.69;0;0
Индекс МосБиржи;D;20110816;000000;1510.66;1510.66;1457.43;1481.18;0;0
Индекс МосБиржи;D;20110817;000000;1481.19;1515.83;1464.78;1509.19;0;0
Индекс МосБиржи;D;20110818;000000;1509.02;1509.02;1429.74;1452.83;0;0
Индекс МосБиржи;D;20110819;000000;1452.82;1452.82;1387.85;1438.74;0;0
Индекс МосБиржи;D;20110822;000000;1437.9;1461.2;1406.73;1443.93;0;0
Индекс МосБиржи;D;20110823;000000;1444;1469.05;1422.31;1444.11;0;0
Индекс МосБиржи;D;20110824;000000;1444.21;1468.18;1431.86;1461.62;0;0
Индекс МосБиржи;D;20110825;000000;1461.64;1479.95;1439.63;1442.51;0;0
Индекс МосБиржи;D;20110826;000000;1442.54;1458.93;1427.31;1458.84;0;0
Индекс МосБиржи;D;20110829;000000;1458.82;1513.97;1458.82;1512.36;0;0
Индекс МосБиржи;D;20110830;000000;1512.35;1524.94;1500.08;1514.1;0;0
Индекс МосБиржи;D;20110831;000000;1514.11;1554.3;1514.11;1546.05;0;0
Индекс МосБиржи;D;20110901;000000;1546.05;1553.83;1518.41;1551.58;0;0
Индекс МосБиржи;D;20110902;000000;1549.62;1549.62;1510.05;1515.89;0;0
Индекс МосБиржи;D;20110905;000000;1515.83;1515.83;1486.53;1492.83;0;0
Индекс МосБиржи;D;20110906;000000;1492.83;1513.56;1483.77;1499.7;0;0
Индекс МосБиржи;D;20110907;000000;1499.7;1551.05;1499.7;1546.52;0;0
Индекс МосБиржи;D;20110908;000000;1546.56;1559.51;1536.45;1556.46;0;0
Индекс МосБиржи;D;20110909;000000;1556.41;1556.41;1513.36;1518.22;0;0
Индекс МосБиржи;D;20110912;000000;1518.13;1518.13;1469.45;1493.19;0;0
Индекс МосБиржи;D;20110913;000000;1493.18;1514.94;1476.68;1498.16;0;0
Индекс МосБиржи;D;20110914;000000;1498.16;1520.78;1482.78;1504.92;0;0
Индекс МосБиржи;D;20110915;000000;1504.92;1552.06;1504.9;1525.28;0;0
Индекс МосБиржи;D;20110916;000000;1525.28;1542.45;1506.5;1511.5;0;0
Индекс МосБиржи;D;20110919;000000;1511.48;1511.48;1486.03;1493.19;0;0
Индекс МосБиржи;D;20110920;000000;1493.19;1524.36;1492.3;1519.95;0;0
Индекс МосБиржи;D;20110921;000000;1519.95;1528.36;1505.55;1507.25;0;0
Индекс МосБиржи;D;20110922;000000;1506.93;1506.93;1387.46;1389.43;0;0
Индекс МосБиржи;D;20110923;000000;1389.43;1389.43;1291.82;1327.19;0;0
Индекс МосБиржи;D;20110926;000000;1327.19;1376.29;1279.15;1346.86;0;0
Индекс МосБиржи;D;20110927;000000;1346.9;1390.72;1346.9;1380.42;0;0
Индекс МосБиржи;D;20110928;000000;1380.24;1395.08;1358.56;1377.87;0;0
Индекс МосБиржи;D;20110929;000000;1377.85;1419.78;1363.43;1407.71;0;0
Индекс МосБиржи;D;20110930;000000;1407.71;1409.97;1341.43;1366.54;0;0
Индекс МосБиржи;D;20111003;000000;1366.45;1366.45;1315.98;1344.66;0;0
Индекс МосБиржи;D;20111004;000000;1344.66;1350.63;1242.57;1267.77;0;0
Индекс МосБиржи;D;20111005;000000;1268;1303.49;1247.84;1265.67;0;0
Индекс МосБиржи;D;20111006;000000;1266.12;1324.45;1266.12;1318.29;0;0
Индекс МосБиржи;D;20111007;000000;1318.31;1361.23;1318.31;1351.42;0;0
Индекс МосБиржи;D;20111010;000000;1351.42;1381.82;1336.88;1380.86;0;0
Индекс МосБиржи;D;20111011;000000;1380.84;1384.66;1347.07;1364.06;0;0
Индекс МосБиржи;D;20111012;000000;1364.06;1398.25;1354.9;1396.51;0;0
Индекс МосБиржи;D;20111013;000000;1396.5;1413.6;1381.02;1388.77;0;0
Индекс МосБиржи;D;20111014;000000;1388.77;1434.01;1386.08;1431.92;0;0
Индекс МосБиржи;D;20111017;000000;1431.92;1448.42;1396.46;1403.05;0;0
Индекс МосБиржи;D;20111018;000000;1403.05;1426.71;1380.83;1425.24;0;0
Индекс МосБиржи;D;20111019;000000;1425.3;1435.43;1403.27;1420.5;0;0
Индекс МосБиржи;D;20111020;000000;1420.2;1425.85;1390.83;1418.85;0;0
Индекс МосБиржи;D;20111021;000000;1418.86;1447.59;1411.54;1447.01;0;0
Индекс МосБиржи;D;20111024;000000;1447.63;1483.89;1447.63;1482.81;0;0
Индекс МосБиржи;D;20111025;000000;1482.81;1483.79;1446.2;1462.17;0;0
Индекс МосБиржи;D;20111026;000000;1462.16;1513.68;1459.85;1499.79;0;0
Индекс МосБиржи;D;20111027;000000;1499.81;1550.03;1499.81;1525.52;0;0
Индекс МосБиржи;D;20111028;000000;1525.55;1552.18;1510.31;1526.57;0;0
Индекс МосБиржи;D;20111031;000000;1526.22;1529.78;1491.9;1498.6;0;0
Индекс МосБиржи;D;20111101;000000;1498.56;1498.56;1440.19;1456.29;0;0
Индекс МосБиржи;D;20111102;000000;1456.29;1490.49;1455.88;1488.86;0;0
Индекс МосБиржи;D;20111103;000000;1488.69;1511.58;1435.3;1501.18;0;0
Индекс МосБиржи;D;20111107;000000;1501.2;1522.19;1486.45;1521.01;0;0
Индекс МосБиржи;D;20111108;000000;1521.01;1535.88;1512.21;1520.88;0;0
Индекс МосБиржи;D;20111109;000000;1520.93;1534.63;1462.36;1470.8;0;0
Индекс МосБиржи;D;20111110;000000;1470.78;1499.74;1442.54;1489.58;0;0
Индекс МосБиржи;D;20111111;000000;1489.59;1498.33;1464.44;1484.97;0;0
Индекс МосБиржи;D;20111114;000000;1484.97;1511.21;1478.54;1484.38;0;0
Индекс МосБиржи;D;20111115;000000;1484.3;1504.85;1454.11;1487.84;0;0
Индекс МосБиржи;D;20111116;000000;1487.84;1500.07;1466.31;1483.24;0;0
Индекс МосБиржи;D;20111117;000000;1483.24;1494.92;1447;1475.32;0;0
Индекс МосБиржи;D;20111118;000000;1475.31;1475.31;1442.81;1460.56;0;0
Индекс МосБиржи;D;20111121;000000;1460.54;1460.54;1389.13;1390.56;0;0
Индекс МосБиржи;D;20111122;000000;1390.55;1419.99;1390.1;1401.91;0;0
Индекс МосБиржи;D;20111123;000000;1401.91;1420.79;1379.5;1404.26;0;0
Индекс МосБиржи;D;20111124;000000;1404.25;1417.74;1391.7;1392.75;0;0
Индекс МосБиржи;D;20111125;000000;1392.65;1411.54;1363.26;1410.84;0;0
Индекс МосБиржи;D;20111128;000000;1411.03;1469.36;1411.03;1466.22;0;0
Индекс МосБиржи;D;20111129;000000;1466.22;1480.92;1448.86;1454.67;0;0
Индекс МосБиржи;D;20111130;000000;1454.66;1502.82;1447.73;1499.62;0;0
Индекс МосБиржи;D;20111201;000000;1499.62;1522.76;1498.25;1505.27;0;0
Индекс МосБиржи;D;20111202;000000;1505.35;1523.86;1495.76;1505.77;0;0
Индекс МосБиржи;D;20111205;000000;1505.77;1521.3;1499.36;1517.89;0;0
Индекс МосБиржи;D;20111206;000000;1517.45;1517.45;1456.01;1457.9;0;0
Индекс МосБиржи;D;20111207;000000;1458.09;1471.92;1437.1;1448.39;0;0
Индекс МосБиржи;D;20111208;000000;1448.69;1482.34;1448.69;1456.36;0;0
Индекс МосБиржи;D;20111209;000000;1456.26;1456.26;1390.74;1396.28;0;0
Индекс МосБиржи;D;20111212;000000;1396.28;1427.29;1344.82;1349.96;0;0
Индекс МосБиржи;D;20111213;000000;1349.96;1379.33;1323.2;1378.56;0;0
Индекс МосБиржи;D;20111214;000000;1377.82;1406.97;1360.37;1372.42;0;0
Индекс МосБиржи;D;20111215;000000;1371.94;1396.7;1350.88;1393.61;0;0
Индекс МосБиржи;D;20111216;000000;1393.88;1408.07;1375.03;1383.42;0;0
Индекс МосБиржи;D;20111219;000000;1383.42;1392.62;1358.65;1382.88;0;0
Индекс МосБиржи;D;20111220;000000;1382.87;1410.22;1367.4;1409.84;0;0
Индекс МосБиржи;D;20111221;000000;1385.17;1385.21;1384.63;1384.79;0;0
Индекс МосБиржи;D;20111222;000000;1385.17;1393.83;1372.25;1385.66;0;0
Индекс МосБиржи;D;20111223;000000;1385.68;1391.39;1373.42;1376.11;0;0
Индекс МосБиржи;D;20111226;000000;1376.11;1391.96;1374.64;1390.08;0;0
Индекс МосБиржи;D;20111227;000000;1390.08;1391.05;1375.96;1386.14;0;0
Индекс МосБиржи;D;20111228;000000;1386.14;1391.65;1379.53;1383.09;0;0
Индекс МосБиржи;D;20111229;000000;1383.09;1387.17;1360.99;1387.06;0;0
Индекс МосБиржи;D;20111230;000000;1387.05;1409.58;1382.76;1402.23;0;0
Индекс МосБиржи;D;20120103;000000;1402.25;1445.57;1401.21;1444.76;0;0
Индекс МосБиржи;D;20120104;000000;1444.76;1453.27;1437.62;1447.59;0;0
Индекс МосБиржи;D;20120105;000000;1447.59;1458.14;1432.88;1434.91;0;0
Индекс МосБиржи;D;20120106;000000;1434.9;1453.92;1431.97;1440.6;0;0
Индекс МосБиржи;D;20120109;000000;1440.6;1449.55;1432.01;1448.36;0;0
Индекс МосБиржи;D;20120110;000000;1448.36;1478.82;1444.02;1476.88;0;0
Индекс МосБиржи;D;20120111;000000;1476.86;1480.28;1458.72;1465.47;0;0
Индекс МосБиржи;D;20120112;000000;1465.46;1485.17;1457.78;1464.53;0;0
Индекс МосБиржи;D;20120113;000000;1464.52;1478.12;1458.74;1463.43;0;0
Индекс МосБиржи;D;20120116;000000;1463.44;1467.41;1445.94;1464.42;0;0
Индекс МосБиржи;D;20120117;000000;1464.7;1494.97;1464.62;1486.34;0;0
Индекс МосБиржи;D;20120118;000000;1486.36;1495.3;1475.56;1493.7;0;0
Индекс МосБиржи;D;20120119;000000;1493.66;1505.97;1490.29;1503.7;0;0
Индекс МосБиржи;D;20120120;000000;1503.71;1506.84;1486.16;1491.15;0;0
Индекс МосБиржи;D;20120123;000000;1491.05;1499.84;1477.02;1499.27;0;0
Индекс МосБиржи;D;20120124;000000;1499.29;1502.34;1480.62;1488.7;0;0
Индекс МосБиржи;D;20120125;000000;1488.7;1507.31;1488.7;1498.79;0;0
Индекс МосБиржи;D;20120126;000000;1498.8;1519.55;1498.8;1514.72;0;0
Индекс МосБиржи;D;20120127;000000;1514.72;1518.4;1503.37;1508.04;0;0
Индекс МосБиржи;D;20120130;000000;1508.04;1513.96;1492.03;1496.3;0;0
Индекс МосБиржи;D;20120131;000000;1496.24;1518.36;1495.8;1514.03;0;0
Индекс МосБиржи;D;20120201;000000;1514.02;1540.48;1504.13;1539.36;0;0
Индекс МосБиржи;D;20120202;000000;1539.36;1547.62;1532.4;1542.39;0;0
Индекс МосБиржи;D;20120203;000000;1542.44;1565.52;1536.3;1564.82;0;0
Индекс МосБиржи;D;20120206;000000;1564.82;1570.48;1557.83;1562.87;0;0
Индекс МосБиржи;D;20120207;000000;1562.87;1571.7;1546.34;1549.49;0;0
Индекс МосБиржи;D;20120208;000000;1549.47;1571.44;1548.86;1555.11;0;0
Индекс МосБиржи;D;20120209;000000;1555.09;1565.9;1532.6;1541.64;0;0
Индекс МосБиржи;D;20120210;000000;1541.7;1544.1;1521.78;1525.17;0;0
Индекс МосБиржи;D;20120213;000000;1525.21;1560.83;1524.56;1559.21;0;0
Индекс МосБиржи;D;20120214;000000;1559.21;1574.75;1553.69;1562.13;0;0
Индекс МосБиржи;D;20120215;000000;1562.13;1582.76;1555.93;1579.38;0;0
Индекс МосБиржи;D;20120216;000000;1579.4;1581.77;1554.41;1570.36;0;0
Индекс МосБиржи;D;20120217;000000;1570.36;1585.15;1559.82;1568.54;0;0
Индекс МосБиржи;D;20120220;000000;1568.54;1585.75;1567.29;1579.19;0;0
Индекс МосБиржи;D;20120221;000000;1579.19;1580.4;1555.58;1558.98;0;0
Индекс МосБиржи;D;20120222;000000;1558.91;1571.23;1536.05;1538.17;0;0
Индекс МосБиржи;D;20120224;000000;1538.17;1595.58;1534.93;1594.55;0;0
Индекс МосБиржи;D;20120227;000000;1594.5;1607.69;1585.44;1592.66;0;0
Индекс МосБиржи;D;20120228;000000;1592.67;1604.29;1570.24;1574.1;0;0
Индекс МосБиржи;D;20120229;000000;1574.1;1599.42;1574.1;1597.67;0;0
Индекс МосБиржи;D;20120301;000000;1597.67;1602.72;1577.98;1595.78;0;0
Индекс МосБиржи;D;20120302;000000;1595.78;1608.75;1587.82;1608.08;0;0
Индекс МосБиржи;D;20120305;000000;1608.08;1629.55;1608.08;1625.74;0;0
Индекс МосБиржи;D;20120306;000000;1625.72;1626.02;1561.19;1562.19;0;0
Индекс МосБиржи;D;20120307;000000;1562.19;1574.84;1551.07;1572.83;0;0
Индекс МосБиржи;D;20120311;000000;1572.74;1608.61;1569.74;1606.33;0;0
Индекс МосБиржи;D;20120312;000000;1606.37;1619.24;1592.53;1604.26;0;0
Индекс МосБиржи;D;20120313;000000;1604.26;1617.53;1602.21;1611.88;0;0
Индекс МосБиржи;D;20120314;000000;1611.88;1634.31;1611.46;1631.15;0;0
Индекс МосБиржи;D;20120315;000000;1631.15;1639.63;1618.32;1626.63;0;0
Индекс МосБиржи;D;20120316;000000;1626.63;1629.02;1608.69;1618.99;0;0
Индекс МосБиржи;D;20120319;000000;1618.99;1626.83;1579.14;1586.41;0;0
Индекс МосБиржи;D;20120320;000000;1586.41;1594.08;1556.22;1558.65;0;0
Индекс МосБиржи;D;20120321;000000;1558.65;1572.25;1542.09;1551.78;0;0
Индекс МосБиржи;D;20120322;000000;1551.76;1561.11;1525.6;1529.51;0;0
Индекс МосБиржи;D;20120323;000000;1529.51;1541.68;1518.24;1540.97;0;0
Индекс МосБиржи;D;20120326;000000;1540.39;1568.86;1539.52;1565.12;0;0
Индекс МосБиржи;D;20120327;000000;1565.12;1574.27;1549.27;1554.28;0;0
Индекс МосБиржи;D;20120328;000000;1554.38;1555.63;1518.4;1520.37;0;0
Индекс МосБиржи;D;20120329;000000;1520.37;1521.6;1486.93;1494.86;0;0
Индекс МосБиржи;D;20120330;000000;1494.86;1531.92;1493.87;1517.34;0;0
Индекс МосБиржи;D;20120402;000000;1517.33;1537.73;1508.3;1521.9;0;0
Индекс МосБиржи;D;20120403;000000;1521.9;1556.53;1521.74;1550.05;0;0
Индекс МосБиржи;D;20120404;000000;1550.04;1550.04;1506.63;1512.88;0;0
Индекс МосБиржи;D;20120405;000000;1512.88;1527.18;1495.48;1525.11;0;0
Индекс МосБиржи;D;20120406;000000;1525.1;1529.76;1494.64;1497.19;0;0
Индекс МосБиржи;D;20120409;000000;1497.19;1511.44;1477.46;1510.49;0;0
Индекс МосБиржи;D;20120410;000000;1510.51;1520.12;1497.64;1498.07;0;0
Индекс МосБиржи;D;20120411;000000;1498.08;1520.37;1485.83;1505.77;0;0
Индекс МосБиржи;D;20120412;000000;1505.77;1512.46;1488.8;1501.63;0;0
Индекс МосБиржи;D;20120413;000000;1501.63;1516.41;1496.89;1502.65;0;0
Индекс МосБиржи;D;20120416;000000;1502.67;1505.56;1475.48;1477.71;0;0
Индекс МосБиржи;D;20120417;000000;1477.75;1481.25;1463.02;1471.61;0;0
Индекс МосБиржи;D;20120418;000000;1471.61;1485.61;1465.47;1468.55;0;0
Индекс МосБиржи;D;20120419;000000;1468.55;1503.77;1467.21;1496.6;0;0
Индекс МосБиржи;D;20120420;000000;1496.6;1506.82;1485.13;1505.1;0;0
Индекс МосБиржи;D;20120423;000000;1505.1;1505.14;1462.75;1466.34;0;0
Индекс МосБиржи;D;20120424;000000;1466.27;1472.13;1445.8;1457.4;0;0
Индекс МосБиржи;D;20120425;000000;1457.42;1470.2;1457.14;1461.85;0;0
Индекс МосБиржи;D;20120426;000000;1461.85;1467.17;1440.8;1447.06;0;0
Индекс МосБиржи;D;20120427;000000;1447.06;1469.87;1439.92;1469.65;0;0
Индекс МосБиржи;D;20120428;000000;1469.65;1474.35;1468.36;1473.5;0;0
Индекс МосБиржи;D;20120502;000000;1473.5;1489.92;1445.69;1446.04;0;0
Индекс МосБиржи;D;20120503;000000;1446.04;1456.54;1437.19;1442.71;0;0
Индекс МосБиржи;D;20120504;000000;1442.73;1442.92;1385.75;1391.14;0;0
Индекс МосБиржи;D;20120505;000000;1391.14;1392.55;1381.25;1386.41;0;0
Индекс МосБиржи;D;20120507;000000;1386.41;1393.1;1350.14;1385.14;0;0
Индекс МосБиржи;D;20120508;000000;1385.14;1399.58;1371.2;1384.02;0;0
Индекс МосБиржи;D;20120510;000000;1384.02;1418.11;1381.66;1408.31;0;0
Индекс МосБиржи;D;20120511;000000;1408.31;1409.22;1373.35;1392;0;0
Индекс МосБиржи;D;20120512;000000;1392;1392.82;1372.82;1385.81;0;0
Индекс МосБиржи;D;20120514;000000;1385.81;1388.3;1333.72;1337.42;0;0
Индекс МосБиржи;D;20120515;000000;1337.42;1345.28;1311.67;1344.75;0;0
Индекс МосБиржи;D;20120516;000000;1344.76;1345.08;1316.4;1335.1;0;0
Индекс МосБиржи;D;20120517;000000;1335.08;1342.9;1282.59;1287.79;0;0
Индекс МосБиржи;D;20120518;000000;1287.79;1293.44;1246.15;1271.48;0;0
Индекс МосБиржи;D;20120521;000000;1271.28;1298.49;1261.32;1298.42;0;0
Индекс МосБиржи;D;20120522;000000;1298.4;1307.09;1286.55;1301.09;0;0
Индекс МосБиржи;D;20120523;000000;1301.02;1301.81;1251.92;1256.55;0;0
Индекс МосБиржи;D;20120524;000000;1256.55;1286.58;1241.58;1284.48;0;0
Индекс МосБиржи;D;20120525;000000;1284.48;1295.03;1273.54;1281.6;0;0
Индекс МосБиржи;D;20120528;000000;1281.61;1304.28;1280.85;1290.72;0;0
Индекс МосБиржи;D;20120529;000000;1290.72;1329.35;1290.72;1327.08;0;0
Индекс МосБиржи;D;20120530;000000;1327.08;1327.41;1300.07;1308.3;0;0
Индекс МосБиржи;D;20120531;000000;1308.3;1327.26;1303.67;1306.42;0;0
Индекс МосБиржи;D;20120601;000000;1306.43;1320.48;1278.56;1298.08;0;0
Индекс МосБиржи;D;20120604;000000;1298.08;1314.24;1280.1;1305.86;0;0
Индекс МосБиржи;D;20120605;000000;1305.86;1320.65;1291;1297.04;0;0
Индекс МосБиржи;D;20120606;000000;1297.04;1317.4;1289.39;1313.21;0;0
Индекс МосБиржи;D;20120607;000000;1313.21;1340.35;1297.77;1336.33;0;0
Индекс МосБиржи;D;20120608;000000;1336.38;1336.44;1315.94;1332.92;0;0
Индекс МосБиржи;D;20120609;000000;1332.92;1341.33;1332.92;1338.07;0;0
Индекс МосБиржи;D;20120613;000000;1338.07;1357.53;1333.37;1346.43;0;0
Индекс МосБиржи;D;20120614;000000;1346.43;1348.48;1333.58;1346.04;0;0
Индекс МосБиржи;D;20120615;000000;1346.04;1379.74;1346;1375.23;0;0
Индекс МосБиржи;D;20120618;000000;1375.21;1393.14;1375.05;1389;0;0
Индекс МосБиржи;D;20120619;000000;1389.12;1397.34;1382.24;1389.97;0;0
Индекс МосБиржи;D;20120620;000000;1389.97;1392.13;1370.94;1374.69;0;0
Индекс МосБиржи;D;20120621;000000;1374.69;1382.67;1363.14;1363.58;0;0
Индекс МосБиржи;D;20120622;000000;1363.58;1363.58;1342.23;1347.15;0;0
Индекс МосБиржи;D;20120625;000000;1347.16;1349.63;1325.74;1330.15;0;0
Индекс МосБиржи;D;20120626;000000;1330.15;1349.78;1329.65;1342.82;0;0
Индекс МосБиржи;D;20120627;000000;1342.82;1366.25;1341.62;1365.93;0;0
Индекс МосБиржи;D;20120628;000000;1365.93;1379.17;1341.01;1342.91;0;0
Индекс МосБиржи;D;20120629;000000;1342.91;1390.08;1340.66;1387.52;0;0
Индекс МосБиржи;D;20120702;000000;1387.52;1406.21;1383.67;1402.74;0;0
Индекс МосБиржи;D;20120703;000000;1402.74;1440.67;1402.74;1437.45;0;0
Индекс МосБиржи;D;20120704;000000;1437.19;1446.39;1426.02;1444.31;0;0
Индекс МосБиржи;D;20120705;000000;1444.3;1458.46;1430.47;1435.76;0;0
Индекс МосБиржи;D;20120706;000000;1435.75;1440.94;1408.41;1414.28;0;0
Индекс МосБиржи;D;20120709;000000;1414.29;1423.13;1405.72;1414.62;0;0
Индекс МосБиржи;D;20120710;000000;1414.64;1433.56;1401.96;1422.58;0;0
Индекс МосБиржи;D;20120711;000000;1422.58;1422.58;1396.72;1405.15;0;0
Индекс МосБиржи;D;20120712;000000;1405.15;1406.63;1379.11;1394.3;0;0
Индекс МосБиржи;D;20120713;000000;1394.3;1418.29;1394.3;1416.5;0;0
Индекс МосБиржи;D;20120716;000000;1416.48;1423.86;1412.98;1422.03;0;0
Индекс МосБиржи;D;20120717;000000;1422.03;1442.17;1421.28;1430.17;0;0
Индекс МосБиржи;D;20120718;000000;1430.17;1436.43;1423.79;1426.29;0;0
Индекс МосБиржи;D;20120719;000000;1426.29;1444.85;1426.29;1434.47;0;0
Индекс МосБиржи;D;20120720;000000;1434.49;1435.62;1413.92;1415.38;0;0
Индекс МосБиржи;D;20120723;000000;1415.38;1416.4;1367.71;1372.97;0;0
Индекс МосБиржи;D;20120724;000000;1372.95;1382.93;1359;1365.75;0;0
Индекс МосБиржи;D;20120725;000000;1365.75;1385.21;1353.58;1367.67;0;0
Индекс МосБиржи;D;20120726;000000;1367.67;1385.44;1358.58;1384.06;0;0
Индекс МосБиржи;D;20120727;000000;1384.06;1406.91;1383.39;1406.3;0;0
Индекс МосБиржи;D;20120730;000000;1406.3;1431.17;1406.3;1428.62;0;0
Индекс МосБиржи;D;20120731;000000;1428.62;1432.43;1402.05;1407.02;0;0
Индекс МосБиржи;D;20120801;000000;1407.01;1419.54;1401.48;1411.85;0;0
Индекс МосБиржи;D;20120802;000000;1411.85;1430.95;1386.94;1397.05;0;0
Индекс МосБиржи;D;20120803;000000;1395.31;1422.82;1391.96;1421.28;0;0
Индекс МосБиржи;D;20120806;000000;1421.22;1449.31;1417.27;1439.06;0;0
Индекс МосБиржи;D;20120807;000000;1439.34;1451.58;1433.24;1450.74;0;0
Индекс МосБиржи;D;20120808;000000;1450.81;1453.9;1438.85;1449.49;0;0
Индекс МосБиржи;D;20120809;000000;1449.49;1462.68;1438.94;1456.41;0;0
Индекс МосБиржи;D;20120810;000000;1456.41;1456.69;1430.02;1441.59;0;0
Индекс МосБиржи;D;20120813;000000;1441.88;1467.19;1441.88;1452.42;0;0
Индекс МосБиржи;D;20120814;000000;1452.42;1464.55;1450.26;1462.57;0;0
Индекс МосБиржи;D;20120815;000000;1462.57;1465.04;1433.66;1448.32;0;0
Индекс МосБиржи;D;20120816;000000;1448.34;1458.59;1442.81;1451.87;0;0
Индекс МосБиржи;D;20120817;000000;1451.85;1460.6;1443.92;1444.27;0;0
Индекс МосБиржи;D;20120820;000000;1444.26;1448.34;1421.66;1428.75;0;0
Индекс МосБиржи;D;20120821;000000;1428.75;1459.44;1419.95;1454.48;0;0
Индекс МосБиржи;D;20120822;000000;1454.48;1454.48;1436.56;1446.84;0;0
Индекс МосБиржи;D;20120823;000000;1446.81;1470.75;1446.27;1453.5;0;0
Индекс МосБиржи;D;20120824;000000;1453.5;1455.95;1439.9;1454.08;0;0
Индекс МосБиржи;D;20120827;000000;1454.08;1460.02;1441.74;1448.57;0;0
Индекс МосБиржи;D;20120828;000000;1448.55;1458.06;1443.96;1450.81;0;0
Индекс МосБиржи;D;20120829;000000;1450.81;1459.92;1437.09;1437.14;0;0
Индекс МосБиржи;D;20120830;000000;1437.12;1441.57;1425.21;1429.82;0;0
Индекс МосБиржи;D;20120831;000000;1429.82;1438.93;1417.79;1422.91;0;0
Индекс МосБиржи;D;20120903;000000;1422.9;1443.47;1421.07;1439.31;0;0
Индекс МосБиржи;D;20120904;000000;1439.31;1444.18;1434.07;1436.52;0;0
Индекс МосБиржи;D;20120905;000000;1436.46;1437.93;1420.32;1421.62;0;0
Индекс МосБиржи;D;20120906;000000;1421.62;1456.92;1420.73;1455.07;0;0
Индекс МосБиржи;D;20120907;000000;1455.07;1484.68;1454.88;1474.58;0;0
Индекс МосБиржи;D;20120910;000000;1474.58;1479.61;1464.9;1478.83;0;0
Индекс МосБиржи;D;20120911;000000;1478.83;1479;1465.93;1478.05;0;0
Индекс МосБиржи;D;20120912;000000;1478.05;1483.98;1472.91;1478.54;0;0
Индекс МосБиржи;D;20120913;000000;1478.51;1478.81;1468.33;1472.6;0;0
Индекс МосБиржи;D;20120914;000000;1472.6;1541.7;1472.59;1535.38;0;0
Индекс МосБиржи;D;20120917;000000;1535.38;1539.58;1520.01;1530.36;0;0
Индекс МосБиржи;D;20120918;000000;1530.37;1539.39;1513.75;1515.3;0;0
Индекс МосБиржи;D;20120919;000000;1515.3;1527.86;1489.74;1499.12;0;0
Индекс МосБиржи;D;20120920;000000;1499.15;1502.49;1480.82;1499.28;0;0
Индекс МосБиржи;D;20120921;000000;1499.29;1511.05;1495.24;1496.65;0;0
Индекс МосБиржи;D;20120924;000000;1496.63;1496.63;1480.01;1489.92;0;0
Индекс МосБиржи;D;20120925;000000;1489.92;1499.26;1480.79;1482.61;0;0
Индекс МосБиржи;D;20120926;000000;1482.61;1483.35;1442.3;1445.38;0;0
Индекс МосБиржи;D;20120927;000000;1445.39;1459.55;1438.44;1453.09;0;0
Индекс МосБиржи;D;20120928;000000;1453.11;1468.5;1450.7;1458.26;0;0
Индекс МосБиржи;D;20121001;000000;1458.3;1491.3;1452.53;1490.21;0;0
Индекс МосБиржи;D;20121003;000000;1485.61;1485.61;1469.8;1472.5;0;0
Индекс МосБиржи;D;20121004;000000;1472.5;1478.52;1451.95;1456.74;0;0
Индекс МосБиржи;D;20121005;000000;1456.71;1488.57;1454.87;1477.6;0;0
Индекс МосБиржи;D;20121008;000000;1477.6;1477.6;1459.92;1473.61;0;0
Индекс МосБиржи;D;20121009;000000;1473.61;1480.97;1469.72;1472.94;0;0
Индекс МосБиржи;D;20121010;000000;1472.94;1472.94;1458.19;1460.93;0;0
Индекс МосБиржи;D;20121011;000000;1460.91;1468.62;1453.61;1463.12;0;0
Индекс МосБиржи;D;20121012;000000;1463.15;1463.96;1440.65;1446.01;0;0
Индекс МосБиржи;D;20121015;000000;1446.01;1456.25;1440.53;1443.42;0;0
Индекс МосБиржи;D;20121016;000000;1443.42;1456.07;1439.79;1456.07;0;0
Индекс МосБиржи;D;20121017;000000;1456.07;1478.12;1454.02;1474.3;0;0
Индекс МосБиржи;D;20121018;000000;1474.29;1486.88;1467.4;1475.27;0;0
Индекс МосБиржи;D;20121019;000000;1475.28;1476.77;1458.57;1460.06;0;0
Индекс МосБиржи;D;20121022;000000;1460.04;1476.09;1451.6;1474.92;0;0
Индекс МосБиржи;D;20121023;000000;1474.91;1475.48;1451.11;1455.31;0;0
Индекс МосБиржи;D;20121024;000000;1455.31;1463.09;1437.39;1451.61;0;0
Индекс МосБиржи;D;20121025;000000;1451.61;1459.73;1444.51;1446;0;0
Индекс МосБиржи;D;20121026;000000;1446;1446.22;1424.5;1433.52;0;0
Индекс МосБиржи;D;20121029;000000;1433.51;1434.69;1422.34;1431.9;0;0
Индекс МосБиржи;D;20121030;000000;1431.9;1439.39;1419.66;1421.75;0;0
Индекс МосБиржи;D;20121031;000000;1421.74;1436.06;1420.52;1425.7;0;0
Индекс МосБиржи;D;20121101;000000;1425.71;1432.39;1407.46;1430.91;0;0
Индекс МосБиржи;D;20121102;000000;1430.92;1444.38;1428.78;1440.25;0;0
Индекс МосБиржи;D;20121106;000000;1440.25;1450.83;1436.61;1446.46;0;0
Индекс МосБиржи;D;20121107;000000;1446.39;1453.47;1422;1423.36;0;0
Индекс МосБиржи;D;20121108;000000;1423.36;1424.31;1395.46;1407.79;0;0
Индекс МосБиржи;D;20121109;000000;1407.79;1408.28;1392.8;1401.32;0;0
Индекс МосБиржи;D;20121112;000000;1401.19;1410.83;1394.49;1407.9;0;0
Индекс МосБиржи;D;20121113;000000;1407.9;1409.03;1370.36;1373.83;0;0
Индекс МосБиржи;D;20121114;000000;1373.84;1382.07;1360.07;1372.19;0;0
Индекс МосБиржи;D;20121115;000000;1372.19;1387.67;1364.36;1386.25;0;0
Индекс МосБиржи;D;20121116;000000;1386.25;1388.9;1375.06;1383.66;0;0
Индекс МосБиржи;D;20121119;000000;1383.65;1400.76;1383.09;1398.57;0;0
Индекс МосБиржи;D;20121120;000000;1398.57;1402.73;1389.47;1396.39;0;0
Индекс МосБиржи;D;20121121;000000;1396.39;1408.13;1389.06;1405.7;0;0
Индекс МосБиржи;D;20121122;000000;1405.7;1411.91;1401.57;1402.64;0;0
Индекс МосБиржи;D;20121123;000000;1402.64;1414.05;1401.44;1413.15;0;0
Индекс МосБиржи;D;20121126;000000;1413.15;1417.53;1399.61;1403.94;0;0
Индекс МосБиржи;D;20121127;000000;1403.94;1412.86;1392.28;1394.87;0;0
Индекс МосБиржи;D;20121128;000000;1394.85;1395.54;1379.46;1380.94;0;0
Индекс МосБиржи;D;20121129;000000;1380.94;1396.37;1378.7;1388.31;0;0
Индекс МосБиржи;D;20121130;000000;1388.31;1411.21;1384.18;1405.97;0;0
Индекс МосБиржи;D;20121203;000000;1405.97;1422.2;1403.7;1421.97;0;0
Индекс МосБиржи;D;20121204;000000;1421.94;1421.94;1407.84;1411.83;0;0
Индекс МосБиржи;D;20121205;000000;1411.84;1441.45;1411.83;1435.97;0;0
Индекс МосБиржи;D;20121206;000000;1435.96;1449.44;1434.35;1438.54;0;0
Индекс МосБиржи;D;20121207;000000;1438.54;1443.97;1427.85;1441.47;0;0
Индекс МосБиржи;D;20121210;000000;1441.47;1455.2;1438.51;1447.72;0;0
Индекс МосБиржи;D;20121211;000000;1447.72;1453.18;1441.68;1448.43;0;0
Индекс МосБиржи;D;20121212;000000;1448.36;1469.45;1448.33;1466.51;0;0
Индекс МосБиржи;D;20121213;000000;1466.5;1472.01;1454.64;1462.87;0;0
Индекс МосБиржи;D;20121214;000000;1462.87;1471.2;1460.51;1466.15;0;0
Индекс МосБиржи;D;20121217;000000;1466.16;1470.27;1458.44;1469.53;0;0
Индекс МосБиржи;D;20121218;000000;1469.53;1486.57;1467.26;1481.54;0;0
Индекс МосБиржи;D;20121219;000000;1481.54;1487.46;1477.03;1478.83;0;0
Индекс МосБиржи;D;20121220;000000;1478.81;1488.6;1468.9;1488.22;0;0
Индекс МосБиржи;D;20121221;000000;1487.99;1490.51;1470.24;1477.44;0;0
Индекс МосБиржи;D;20121224;000000;1477.44;1482.27;1471.47;1471.73;0;0
Индекс МосБиржи;D;20121225;000000;1471.73;1475.08;1467.21;1473.53;0;0
Индекс МосБиржи;D;20121226;000000;1473.53;1479.5;1471.17;1478.61;0;0
Индекс МосБиржи;D;20121227;000000;1478.61;1482.35;1475.82;1478.24;0;0
Индекс МосБиржи;D;20121228;000000;1478.22;1480.37;1472.55;1474.72;0;0
Индекс МосБиржи;D;20130108;000000;1474.73;1517.88;1474.73;1514.82;0;0
Индекс МосБиржи;D;20130109;000000;1514.82;1517.2;1510.61;1516.01;0;0
Индекс МосБиржи;D;20130110;000000;1516.01;1518.41;1506.96;1507.16;0;0
Индекс МосБиржи;D;20130111;000000;1507.16;1513.04;1503.38;1510.84;0;0
Индекс МосБиржи;D;20130114;000000;1510.84;1529.57;1510.21;1528.48;0;0
Индекс МосБиржи;D;20130115;000000;1528.48;1528.48;1515.16;1515.25;0;0
Индекс МосБиржи;D;20130116;000000;1515.25;1517.34;1507.33;1514.86;0;0
Индекс МосБиржи;D;20130117;000000;1514.86;1524.94;1513.62;1523.74;0;0
Индекс МосБиржи;D;20130118;000000;1523.74;1542.11;1523.73;1540.55;0;0
Индекс МосБиржи;D;20130121;000000;1540.57;1542.8;1533.26;1537.66;0;0
Индекс МосБиржи;D;20130122;000000;1537.68;1540.03;1517.01;1525.36;0;0
Индекс МосБиржи;D;20130123;000000;1525.28;1538.13;1523.81;1537.49;0;0
Индекс МосБиржи;D;20130124;000000;1537.44;1537.44;1518.82;1533.77;0;0
Индекс МосБиржи;D;20130125;000000;1533.77;1544.85;1526.02;1544.02;0;0
Индекс МосБиржи;D;20130128;000000;1544.02;1563.93;1543.24;1562.93;0;0
Индекс МосБиржи;D;20130129;000000;1562.93;1566.42;1549.18;1549.75;0;0
Индекс МосБиржи;D;20130130;000000;1549.75;1559.47;1537.08;1543.43;0;0
Индекс МосБиржи;D;20130131;000000;1543.43;1547.37;1535.52;1546.76;0;0
Индекс МосБиржи;D;20130201;000000;1546.52;1555.83;1543.13;1547.22;0;0
Индекс МосБиржи;D;20130204;000000;1547.22;1553.38;1533.42;1535.35;0;0
Индекс МосБиржи;D;20130205;000000;1535.37;1540.63;1528.49;1540.36;0;0
Индекс МосБиржи;D;20130206;000000;1540.39;1553.19;1526.93;1530.38;0;0
Индекс МосБиржи;D;20130207;000000;1530.38;1533.06;1518.86;1525.88;0;0
Индекс МосБиржи;D;20130208;000000;1526.12;1527.19;1510.83;1519.91;0;0
Индекс МосБиржи;D;20130211;000000;1519.93;1527.03;1515.39;1515.89;0;0
Индекс МосБиржи;D;20130212;000000;1515.87;1518.75;1507.54;1512.03;0;0
Индекс МосБиржи;D;20130213;000000;1512.03;1541;1512.03;1537.93;0;0
Индекс МосБиржи;D;20130214;000000;1537.93;1550.03;1514.14;1519.22;0;0
Индекс МосБиржи;D;20130215;000000;1519.22;1520.14;1500.79;1508.17;0;0
Индекс МосБиржи;D;20130218;000000;1508.19;1511.72;1498.3;1510.35;0;0
Индекс МосБиржи;D;20130219;000000;1510.33;1523.35;1509.54;1522.69;0;0
Индекс МосБиржи;D;20130220;000000;1522.69;1526.34;1511.08;1511.4;0;0
Индекс МосБиржи;D;20130221;000000;1511.4;1512.27;1486.49;1493.71;0;0
Индекс МосБиржи;D;20130222;000000;1493.71;1501.69;1491.83;1496.61;0;0
Индекс МосБиржи;D;20130225;000000;1496.61;1506.47;1493.35;1503.66;0;0
Индекс МосБиржи;D;20130226;000000;1503.75;1504.98;1482.01;1484.67;0;0
Индекс МосБиржи;D;20130227;000000;1484.67;1491.64;1481.11;1487.17;0;0
Индекс МосБиржи;D;20130228;000000;1487.17;1496.61;1483.24;1486.04;0;0
Индекс МосБиржи;D;20130301;000000;1486.06;1487.46;1466.84;1473.54;0;0
Индекс МосБиржи;D;20130304;000000;1473.54;1477.27;1461.45;1464.45;0;0
Индекс МосБиржи;D;20130305;000000;1463.98;1486.19;1462.49;1484.22;0;0
Индекс МосБиржи;D;20130306;000000;1485.04;1498.07;1485.04;1491.49;0;0
Индекс МосБиржи;D;20130307;000000;1491.99;1498.29;1489.02;1491.35;0;0
Индекс МосБиржи;D;20130311;000000;1491.14;1516.49;1491.14;1504.05;0;0
Индекс МосБиржи;D;20130312;000000;1503.98;1506.42;1494.92;1501.76;0;0
Индекс МосБиржи;D;20130313;000000;1501.41;1510.67;1493.55;1496.37;0;0
Индекс МосБиржи;D;20130314;000000;1495.73;1504.74;1490.35;1498.97;0;0
Индекс МосБиржи;D;20130315;000000;1498.83;1515.16;1493.61;1495.11;0;0
Индекс МосБиржи;D;20130318;000000;1495.71;1497.9;1449.22;1462.82;0;0
Индекс МосБиржи;D;20130319;000000;1461.88;1469.78;1448.55;1449.2;0;0
Индекс МосБиржи;D;20130320;000000;1448.84;1460.66;1442.68;1459.03;0;0
Индекс МосБиржи;D;20130321;000000;1458.24;1466.95;1457.93;1459.22;0;0
Индекс МосБиржи;D;20130322;000000;1459.17;1460.39;1440.27;1441.36;0;0
Индекс МосБиржи;D;20130325;000000;1441.26;1458.58;1425.78;1428.46;0;0
Индекс МосБиржи;D;20130326;000000;1427.99;1432.41;1412.41;1417;0;0
Индекс МосБиржи;D;20130327;000000;1416.78;1426.68;1407.22;1425;0;0
Индекс МосБиржи;D;20130328;000000;1424.56;1434.38;1414.96;1434.18;0;0
Индекс МосБиржи;D;20130329;000000;1434.88;1440.1;1432.8;1438.57;0;0
Индекс МосБиржи;D;20130401;000000;1438.84;1442.7;1427.83;1428.47;0;0
Индекс МосБиржи;D;20130402;000000;1428.29;1435.12;1424.9;1430.3;0;0
Индекс МосБиржи;D;20130403;000000;1430.3;1433.81;1422.48;1427.94;0;0
Индекс МосБиржи;D;20130404;000000;1427.42;1440.62;1416.75;1426.87;0;0
Индекс МосБиржи;D;20130405;000000;1426.61;1430.55;1410.47;1416.69;0;0
Индекс МосБиржи;D;20130408;000000;1417.28;1430.58;1406.67;1408.55;0;0
Индекс МосБиржи;D;20130409;000000;1408.81;1427.29;1408.81;1425.49;0;0
Индекс МосБиржи;D;20130410;000000;1425.79;1432.55;1419.96;1425.5;0;0
Индекс МосБиржи;D;20130411;000000;1425.19;1428.84;1397.82;1401.73;0;0
Индекс МосБиржи;D;20130412;000000;1400.92;1401.46;1380.57;1385.84;0;0
Индекс МосБиржи;D;20130415;000000;1385.62;1387.94;1351.83;1359.69;0;0
Индекс МосБиржи;D;20130416;000000;1358.23;1366.45;1349.93;1352.37;0;0
Индекс МосБиржи;D;20130417;000000;1353.41;1358.61;1328.84;1335.89;0;0
Индекс МосБиржи;D;20130418;000000;1335.91;1350.67;1333.73;1335.21;0;0
Индекс МосБиржи;D;20130419;000000;1335.57;1346.39;1330.02;1338.43;0;0
Индекс МосБиржи;D;20130422;000000;1338.67;1354.84;1324.58;1336.84;0;0
Индекс МосБиржи;D;20130423;000000;1337.22;1342.79;1320.73;1339.91;0;0
Индекс МосБиржи;D;20130424;000000;1339.51;1378.03;1337.53;1377.01;0;0
Индекс МосБиржи;D;20130425;000000;1377.33;1386.31;1368.05;1372.2;0;0
Индекс МосБиржи;D;20130426;000000;1372.5;1375.73;1358.28;1372.04;0;0
Индекс МосБиржи;D;20130429;000000;1373.57;1380.1;1360.54;1362.57;0;0
Индекс МосБиржи;D;20130430;000000;1363.38;1389.76;1360.58;1385.88;0;0
Индекс МосБиржи;D;20130502;000000;1385.88;1386.69;1369.52;1376.56;0;0
Индекс МосБиржи;D;20130503;000000;1377.45;1408.05;1377.14;1408.03;0;0
Индекс МосБиржи;D;20130506;000000;1408.03;1417.99;1406.2;1413.43;0;0
Индекс МосБиржи;D;20130507;000000;1413.02;1431.06;1407.95;1430.18;0;0
Индекс МосБиржи;D;20130508;000000;1430.12;1436.07;1421.41;1432.94;0;0
Индекс МосБиржи;D;20130510;000000;1431.31;1446.34;1421.53;1426.25;0;0
Индекс МосБиржи;D;20130513;000000;1426.25;1427.03;1409.34;1416.5;0;0
Индекс МосБиржи;D;20130514;000000;1414.79;1421.14;1398.65;1405.76;0;0
Индекс МосБиржи;D;20130515;000000;1405.65;1409.65;1384.97;1391.98;0;0
Индекс МосБиржи;D;20130516;000000;1392.54;1395.17;1373.1;1373.65;0;0
Индекс МосБиржи;D;20130517;000000;1373.53;1405.32;1372.57;1401.79;0;0
Индекс МосБиржи;D;20130520;000000;1401.43;1413.42;1399.68;1406.86;0;0
Индекс МосБиржи;D;20130521;000000;1406.94;1425.79;1399.41;1422.99;0;0
Индекс МосБиржи;D;20130522;000000;1423.11;1453.69;1422.4;1448.42;0;0
Индекс МосБиржи;D;20130523;000000;1448.56;1449.62;1393.12;1396.91;0;0
Индекс МосБиржи;D;20130524;000000;1397.75;1404.88;1376.22;1380.88;0;0
Индекс МосБиржи;D;20130527;000000;1380.92;1389.96;1373.2;1378.29;0;0
Индекс МосБиржи;D;20130528;000000;1378.25;1404.42;1378.07;1397.72;0;0
Индекс МосБиржи;D;20130529;000000;1397.54;1397.54;1360.89;1361.43;0;0
Индекс МосБиржи;D;20130530;000000;1361.16;1373.37;1355.4;1361.26;0;0
Индекс МосБиржи;D;20130531;000000;1362;1372.24;1340.39;1350.17;0;0
Индекс МосБиржи;D;20130603;000000;1350.17;1353.47;1324.54;1337.4;0;0
Индекс МосБиржи;D;20130604;000000;1337.52;1358.05;1337.44;1341.62;0;0
Индекс МосБиржи;D;20130605;000000;1341.33;1343.45;1321.06;1326.78;0;0
Индекс МосБиржи;D;20130606;000000;1326.73;1328.84;1314.38;1316.92;0;0
Индекс МосБиржи;D;20130607;000000;1316.32;1347.81;1315.42;1343.9;0;0
Индекс МосБиржи;D;20130610;000000;1343.9;1357.18;1328.38;1335.25;0;0
Индекс МосБиржи;D;20130611;000000;1335.25;1340.78;1298.25;1301.31;0;0
Индекс МосБиржи;D;20130613;000000;1302.52;1302.94;1271.39;1281.89;0;0
Индекс МосБиржи;D;20130614;000000;1282.46;1306.61;1279.55;1299.61;0;0
Индекс МосБиржи;D;20130617;000000;1300.02;1328.66;1298.56;1325.27;0;0
Индекс МосБиржи;D;20130618;000000;1325.09;1342.28;1319.73;1335.14;0;0
Индекс МосБиржи;D;20130619;000000;1334.66;1340.26;1316.88;1323.57;0;0
Индекс МосБиржи;D;20130620;000000;1323.55;1325.64;1293.18;1297.01;0;0
Индекс МосБиржи;D;20130621;000000;1297.01;1316;1290.47;1298.89;0;0
Индекс МосБиржи;D;20130624;000000;1298.41;1304.7;1284.9;1290.26;0;0
Индекс МосБиржи;D;20130625;000000;1289.76;1309.54;1287.93;1297.59;0;0
Индекс МосБиржи;D;20130626;000000;1297.59;1325.79;1297.49;1320.39;0;0
Индекс МосБиржи;D;20130627;000000;1320.39;1325.71;1305.03;1313.23;0;0
Индекс МосБиржи;D;20130628;000000;1314.68;1330.81;1311.08;1330.46;0;0
Индекс МосБиржи;D;20130701;000000;1330.46;1337.04;1319.81;1336.17;0;0
Индекс МосБиржи;D;20130702;000000;1334.44;1339.92;1328.85;1337.92;0;0
Индекс МосБиржи;D;20130703;000000;1338.28;1338.98;1324.27;1333.35;0;0
Индекс МосБиржи;D;20130704;000000;1333.4;1349.85;1331.64;1349.21;0;0
Индекс МосБиржи;D;20130705;000000;1348.94;1360.8;1340.22;1342.72;0;0
Индекс МосБиржи;D;20130708;000000;1343.25;1351.71;1338.57;1348.88;0;0
Индекс МосБиржи;D;20130709;000000;1349.8;1355.14;1342.51;1345.73;0;0
Индекс МосБиржи;D;20130710;000000;1345.48;1349.64;1330.73;1333.71;0;0
Индекс МосБиржи;D;20130711;000000;1333.12;1370.07;1332.26;1368.11;0;0
Индекс МосБиржи;D;20130712;000000;1368.11;1398.48;1366.54;1398.22;0;0
Индекс МосБиржи;D;20130715;000000;1396.38;1409.11;1393.4;1403.56;0;0
Индекс МосБиржи;D;20130716;000000;1403.43;1416.97;1399.84;1410.1;0;0
Индекс МосБиржи;D;20130717;000000;1409.21;1432.35;1407.15;1431.8;0;0
Индекс МосБиржи;D;20130718;000000;1431.3;1439.6;1408.66;1416.63;0;0
Индекс МосБиржи;D;20130719;000000;1417.47;1436.15;1408.9;1421.67;0;0
Индекс МосБиржи;D;20130722;000000;1421.67;1429.36;1408.83;1415.52;0;0
Индекс МосБиржи;D;20130723;000000;1415.48;1432.3;1415.48;1417.34;0;0
Индекс МосБиржи;D;20130724;000000;1418.33;1419.31;1402.78;1407.41;0;0
Индекс МосБиржи;D;20130725;000000;1408.42;1409.56;1396.11;1401.88;0;0
Индекс МосБиржи;D;20130726;000000;1401.94;1410.44;1400.7;1403.14;0;0
Индекс МосБиржи;D;20130729;000000;1403.31;1410.73;1397.93;1398.3;0;0
Индекс МосБиржи;D;20130730;000000;1398.24;1409.21;1386.21;1387.31;0;0
Индекс МосБиржи;D;20130731;000000;1387.31;1392.4;1375.38;1375.79;0;0
Индекс МосБиржи;D;20130801;000000;1376.31;1400.15;1375.93;1398.46;0;0
Индекс МосБиржи;D;20130802;000000;1398.75;1409.61;1383.28;1392.15;0;0
Индекс МосБиржи;D;20130805;000000;1391.79;1400.24;1388.26;1391.75;0;0
Индекс МосБиржи;D;20130806;000000;1391.54;1391.54;1363.51;1364.65;0;0
Индекс МосБиржи;D;20130807;000000;1364.31;1375.09;1356.24;1362.91;0;0
Индекс МосБиржи;D;20130808;000000;1364.4;1370.81;1353.71;1362.38;0;0
Индекс МосБиржи;D;20130809;000000;1360.82;1384.93;1359.98;1382.72;0;0
Индекс МосБиржи;D;20130812;000000;1382.74;1390.16;1378.93;1388.36;0;0
Индекс МосБиржи;D;20130813;000000;1387.9;1409.91;1387.43;1407.86;0;0
Индекс МосБиржи;D;20130814;000000;1408.73;1425.1;1407;1423.87;0;0
Индекс МосБиржи;D;20130815;000000;1424.17;1424.17;1388.81;1391.37;0;0
Индекс МосБиржи;D;20130816;000000;1392.98;1396.5;1372.03;1380.31;0;0
Индекс МосБиржи;D;20130819;000000;1380.56;1384.33;1368.95;1382.32;0;0
Индекс МосБиржи;D;20130820;000000;1381.98;1383.01;1365.22;1377.28;0;0
Индекс МосБиржи;D;20130821;000000;1376.82;1390.29;1368.06;1376.6;0;0
Индекс МосБиржи;D;20130822;000000;1375.49;1398.47;1368.06;1396.65;0;0
Индекс МосБиржи;D;20130823;000000;1397.54;1401.67;1392.59;1393.21;0;0
Индекс МосБиржи;D;20130826;000000;1392.42;1403.88;1382.6;1387.06;0;0
Индекс МосБиржи;D;20130827;000000;1387.21;1387.21;1367.56;1374.21;0;0
Индекс МосБиржи;D;20130828;000000;1374.27;1375.39;1355.7;1369.64;0;0
Индекс МосБиржи;D;20130829;000000;1369.64;1380.61;1366.79;1371.89;0;0
Индекс МосБиржи;D;20130830;000000;1372.02;1373.1;1357.93;1364.65;0;0
Индекс МосБиржи;D;20130902;000000;1364.75;1373.73;1364.27;1367.53;0;0
Индекс МосБиржи;D;20130903;000000;1366.99;1384.18;1366.99;1373.82;0;0
Индекс МосБиржи;D;20130904;000000;1372.98;1376.42;1365.21;1375.66;0;0
Индекс МосБиржи;D;20130905;000000;1375.66;1422.4;1373.29;1422.4;0;0
Индекс МосБиржи;D;20130906;000000;1421.86;1448.75;1418.8;1423.4;0;0
Индекс МосБиржи;D;20130909;000000;1423.4;1455.28;1421.45;1451.54;0;0
Индекс МосБиржи;D;20130910;000000;1451.54;1464.2;1446.97;1453.57;0;0
Индекс МосБиржи;D;20130911;000000;1452.52;1459.68;1449.58;1454.12;0;0
Индекс МосБиржи;D;20130912;000000;1454.21;1461.2;1441.58;1450.23;0;0
Индекс МосБиржи;D;20130913;000000;1450.66;1451.89;1434.74;1440.74;0;0
Индекс МосБиржи;D;20130916;000000;1441.06;1470.65;1438.79;1470.48;0;0
Индекс МосБиржи;D;20130917;000000;1470.71;1474.02;1461.86;1473.03;0;0
Индекс МосБиржи;D;20130918;000000;1472.17;1482.59;1462.18;1464.95;0;0
Индекс МосБиржи;D;20130919;000000;1464.35;1501.32;1463.8;1487.19;0;0
Индекс МосБиржи;D;20130920;000000;1486.49;1488.5;1476.07;1476.73;0;0
Индекс МосБиржи;D;20130923;000000;1476.69;1478.61;1463.61;1467.62;0;0
Индекс МосБиржи;D;20130924;000000;1466.41;1472.11;1459.21;1464.72;0;0
Индекс МосБиржи;D;20130925;000000;1464.72;1480.33;1459.13;1479.59;0;0
Индекс МосБиржи;D;20130926;000000;1479.59;1490.02;1475.35;1485.14;0;0
Индекс МосБиржи;D;20130927;000000;1483.99;1486.59;1468.35;1471.89;0;0
Индекс МосБиржи;D;20130930;000000;1472.23;1474.57;1453.65;1462.82;0;0
Индекс МосБиржи;D;20131001;000000;1462.82;1472.98;1460.09;1471.73;0;0
Индекс МосБиржи;D;20131002;000000;1472.45;1474.9;1450.52;1454.29;0;0
Индекс МосБиржи;D;20131003;000000;1454.53;1466.23;1452.25;1456.49;0;0
Индекс МосБиржи;D;20131004;000000;1456.51;1474.42;1449.76;1474.21;0;0
Индекс МосБиржи;D;20131007;000000;1474.45;1481.55;1462.85;1480.2;0;0
Индекс МосБиржи;D;20131008;000000;1480.2;1505.73;1479.34;1505.14;0;0
Индекс МосБиржи;D;20131009;000000;1503.44;1511.79;1495.13;1501.01;0;0
Индекс МосБиржи;D;20131010;000000;1499.22;1523.22;1499.22;1516.73;0;0
Индекс МосБиржи;D;20131011;000000;1516.8;1524.35;1507.06;1513.03;0;0
Индекс МосБиржи;D;20131014;000000;1511.81;1511.81;1501.48;1510.2;0;0
Индекс МосБиржи;D;20131015;000000;1510.2;1532.25;1510.01;1531.67;0;0
Индекс МосБиржи;D;20131016;000000;1530.17;1537.08;1522.75;1531.57;0;0
Индекс МосБиржи;D;20131017;000000;1531.57;1536.39;1505.89;1512.32;0;0
Индекс МосБиржи;D;20131018;000000;1512.32;1537.28;1512.32;1533.35;0;0
Индекс МосБиржи;D;20131021;000000;1535.22;1538.75;1526.62;1533.61;0;0
Индекс МосБиржи;D;20131022;000000;1535.27;1535.99;1523.36;1528.76;0;0
Индекс МосБиржи;D;20131023;000000;1526.4;1527.1;1503.88;1507.26;0;0
Индекс МосБиржи;D;20131024;000000;1506.87;1510.38;1497.35;1502.46;0;0
Индекс МосБиржи;D;20131025;000000;1501.94;1507.18;1493.18;1504.48;0;0
Индекс МосБиржи;D;20131028;000000;1504.7;1520.53;1503.45;1511.51;0;0
Индекс МосБиржи;D;20131029;000000;1511.51;1521.12;1506.65;1516.17;0;0
Индекс МосБиржи;D;20131030;000000;1516.3;1527.4;1510.71;1516;0;0
Индекс МосБиржи;D;20131031;000000;1516;1516;1498.39;1510.21;0;0
Индекс МосБиржи;D;20131101;000000;1509.58;1517.25;1507.58;1515.15;0;0
Индекс МосБиржи;D;20131105;000000;1515.15;1521.02;1505.22;1505.94;0;0
Индекс МосБиржи;D;20131106;000000;1507.07;1510.42;1498.11;1499.95;0;0
Индекс МосБиржи;D;20131107;000000;1499.95;1515.77;1495.98;1509.25;0;0
Индекс МосБиржи;D;20131108;000000;1508.61;1508.61;1486.51;1489.55;0;0
Индекс МосБиржи;D;20131111;000000;1488.89;1496.47;1482.84;1483.46;0;0
Индекс МосБиржи;D;20131112;000000;1485.45;1500.84;1481.29;1500.41;0;0
Индекс МосБиржи;D;20131113;000000;1499;1499;1464.59;1466.82;0;0
Индекс МосБиржи;D;20131114;000000;1466.82;1494.74;1466.82;1490.89;0;0
Индекс МосБиржи;D;20131115;000000;1489.4;1503.45;1488.56;1493.79;0;0
Индекс МосБиржи;D;20131118;000000;1494.53;1511.2;1494.53;1510.61;0;0
Индекс МосБиржи;D;20131119;000000;1510.72;1517.64;1505.52;1511.19;0;0
Индекс МосБиржи;D;20131120;000000;1511.16;1511.16;1495.03;1508.52;0;0
Индекс МосБиржи;D;20131121;000000;1506.62;1506.62;1489.98;1494.07;0;0
Индекс МосБиржи;D;20131122;000000;1494.1;1506.11;1492.23;1504.1;0;0
Индекс МосБиржи;D;20131125;000000;1504.21;1513.33;1501.58;1502.41;0;0
Индекс МосБиржи;D;20131126;000000;1502.89;1503.7;1480.39;1484.37;0;0
Индекс МосБиржи;D;20131127;000000;1484.6;1489.49;1473.23;1475.42;0;0
Индекс МосБиржи;D;20131128;000000;1475.16;1487.5;1475.16;1479.46;0;0
Индекс МосБиржи;D;20131129;000000;1480.08;1484.02;1467.32;1479.35;0;0
Индекс МосБиржи;D;20131202;000000;1479.32;1488.97;1472.55;1473.26;0;0
Индекс МосБиржи;D;20131203;000000;1473.56;1473.56;1441.36;1448.84;0;0
Индекс МосБиржи;D;20131204;000000;1450.22;1455.82;1436.32;1439.26;0;0
Индекс МосБиржи;D;20131205;000000;1437.77;1447.44;1427.88;1429.25;0;0
Индекс МосБиржи;D;20131206;000000;1429.25;1451.05;1425.31;1448.67;0;0
Индекс МосБиржи;D;20131209;000000;1448.67;1467.2;1444.94;1465.7;0;0
Индекс МосБиржи;D;20131210;000000;1465.7;1471.29;1459.02;1464.14;0;0
Индекс МосБиржи;D;20131211;000000;1464.14;1470;1451;1464.67;0;0
Индекс МосБиржи;D;20131212;000000;1465.25;1465.25;1444.62;1449.74;0;0
Индекс МосБиржи;D;20131213;000000;1449.74;1457.88;1449.21;1452.76;0;0
Индекс МосБиржи;D;20131216;000000;1452.63;1470.62;1445;1470.22;0;0
Индекс МосБиржи;D;20131217;000000;1469.57;1483.08;1468.22;1479.39;0;0
Индекс МосБиржи;D;20131218;000000;1480.09;1488.27;1478.45;1486.91;0;0
Индекс МосБиржи;D;20131219;000000;1488.21;1509.2;1485.48;1497.99;0;0
Индекс МосБиржи;D;20131220;000000;1499.17;1502.86;1490.98;1497.23;0;0
Индекс МосБиржи;D;20131223;000000;1497.31;1510.09;1495.22;1507.49;0;0
Индекс МосБиржи;D;20131224;000000;1506.89;1510.9;1500.66;1506.41;0;0
Индекс МосБиржи;D;20131225;000000;1506.41;1510.28;1500.49;1501.12;0;0
Индекс МосБиржи;D;20131226;000000;1501.1;1506.74;1499.17;1501.47;0;0
Индекс МосБиржи;D;20131227;000000;1501.83;1504.99;1494.33;1494.83;0;0
Индекс МосБиржи;D;20131230;000000;1496.27;1504.85;1492.08;1504.08;0;0
Индекс МосБиржи;D;20140106;000000;1504.14;1504.33;1464.97;1466.15;0;0
Индекс МосБиржи;D;20140108;000000;1465.99;1470.25;1460.41;1462.67;0;0
Индекс МосБиржи;D;20140109;000000;1462.67;1470.65;1460.81;1465.14;0;0
Индекс МосБиржи;D;20140110;000000;1465.74;1470.73;1454.75;1469.19;0;0
Индекс МосБиржи;D;20140113;000000;1469.19;1482.45;1466.51;1477.56;0;0
Индекс МосБиржи;D;20140114;000000;1477.59;1477.59;1453.85;1469.64;0;0
Индекс МосБиржи;D;20140115;000000;1469.76;1487.83;1469.76;1486.51;0;0
Индекс МосБиржи;D;20140116;000000;1486.37;1492.58;1478.45;1480.73;0;0
Индекс МосБиржи;D;20140117;000000;1480.63;1495.05;1475.23;1486.88;0;0
Индекс МосБиржи;D;20140120;000000;1485.75;1498.37;1483.25;1495.36;0;0
Индекс МосБиржи;D;20140121;000000;1495.92;1507.16;1495.92;1504.68;0;0
Индекс МосБиржи;D;20140122;000000;1503.6;1505.31;1490.29;1498.73;0;0
Индекс МосБиржи;D;20140123;000000;1498.73;1511.7;1495.9;1496.9;0;0
Индекс МосБиржи;D;20140124;000000;1496.9;1497.76;1483.66;1494.58;0;0
Индекс МосБиржи;D;20140127;000000;1494.18;1495.27;1476.06;1478.23;0;0
Индекс МосБиржи;D;20140128;000000;1477.91;1486.09;1467.97;1469.57;0;0
Индекс МосБиржи;D;20140129;000000;1468.35;1494.47;1459.87;1462.99;0;0
Индекс МосБиржи;D;20140130;000000;1463.05;1473.45;1444.39;1463.2;0;0
Индекс МосБиржи;D;20140131;000000;1463.6;1470.6;1448.36;1454.45;0;0
Индекс МосБиржи;D;20140203;000000;1453.55;1463.54;1442.06;1442.84;0;0
Индекс МосБиржи;D;20140204;000000;1442.52;1442.62;1426.29;1441.16;0;0
Индекс МосБиржи;D;20140205;000000;1442.02;1460.75;1437.54;1456;0;0
Индекс МосБиржи;D;20140206;000000;1456;1469.18;1454.43;1466.7;0;0
Индекс МосБиржи;D;20140207;000000;1465.18;1480.6;1463.96;1478.48;0;0
Индекс МосБиржи;D;20140210;000000;1478.22;1485.32;1475.63;1476.28;0;0
Индекс МосБиржи;D;20140211;000000;1475.83;1488.95;1473.3;1483.57;0;0
Индекс МосБиржи;D;20140212;000000;1484.42;1498.62;1484.42;1496.03;0;0
Индекс МосБиржи;D;20140213;000000;1496.07;1498.08;1475.41;1478.62;0;0
Индекс МосБиржи;D;20140214;000000;1478.77;1497.94;1478.77;1496.18;0;0
Индекс МосБиржи;D;20140217;000000;1494.38;1515.3;1494.32;1507.49;0;0
Индекс МосБиржи;D;20140218;000000;1507.81;1518.13;1500.39;1504.24;0;0
Индекс МосБиржи;D;20140219;000000;1504.02;1507.97;1482.02;1485.6;0;0
Индекс МосБиржи;D;20140220;000000;1485.48;1485.48;1467.52;1480.99;0;0
Индекс МосБиржи;D;20140221;000000;1481.85;1492.45;1481.85;1487.64;0;0
Индекс МосБиржи;D;20140224;000000;1487.51;1491.78;1480.03;1489.01;0;0
Индекс МосБиржи;D;20140225;000000;1489.59;1495.13;1472.43;1478.64;0;0
Индекс МосБиржи;D;20140226;000000;1478.9;1486.11;1465.16;1469.51;0;0
Индекс МосБиржи;D;20140227;000000;1469.93;1476.26;1431.6;1448.7;0;0
Индекс МосБиржи;D;20140228;000000;1448.78;1456.45;1429.25;1444.71;0;0
Индекс МосБиржи;D;20140303;000000;1438.02;1438.02;1261.76;1288.81;0;0
Индекс МосБиржи;D;20140304;000000;1288.78;1365.23;1288.78;1356.54;0;0
Индекс МосБиржи;D;20140305;000000;1356.27;1364.25;1330.61;1351.11;0;0
Индекс МосБиржи;D;20140306;000000;1351.5;1370.56;1301.96;1337.98;0;0
Индекс МосБиржи;D;20140307;000000;1337.5;1359.45;1322.08;1339.36;0;0
Индекс МосБиржи;D;20140311;000000;1338.5;1338.5;1304.35;1308.7;0;0
Индекс МосБиржи;D;20140312;000000;1307.08;1307.08;1271.74;1274.21;0;0
Индекс МосБиржи;D;20140313;000000;1274.24;1285.93;1247.7;1248.56;0;0
Индекс МосБиржи;D;20140314;000000;1248.29;1248.29;1182.86;1237.43;0;0
Индекс МосБиржи;D;20140317;000000;1237.52;1288.34;1237.52;1283.7;0;0
Индекс МосБиржи;D;20140318;000000;1285.53;1340.16;1278.76;1335.86;0;0
Индекс МосБиржи;D;20140319;000000;1335.84;1352.68;1312.5;1319.02;0;0
Индекс МосБиржи;D;20140320;000000;1316.67;1325.61;1302.68;1320.5;0;0
Индекс МосБиржи;D;20140321;000000;1320.12;1320.12;1270.55;1307.34;0;0
Индекс МосБиржи;D;20140324;000000;1307.34;1332.95;1297.76;1297.91;0;0
Индекс МосБиржи;D;20140325;000000;1297.9;1332.86;1288.97;1324.44;0;0
Индекс МосБиржи;D;20140326;000000;1324.51;1359.88;1324.51;1349.39;0;0
Индекс МосБиржи;D;20140327;000000;1347.83;1351.71;1321.19;1331.93;0;0
Индекс МосБиржи;D;20140328;000000;1333.01;1353.88;1330.46;1344.12;0;0
Индекс МосБиржи;D;20140331;000000;1344.15;1369.29;1343.27;1369.29;0;0
Индекс МосБиржи;D;20140401;000000;1369.32;1378.55;1359.58;1375.73;0;0
Индекс МосБиржи;D;20140402;000000;1375.97;1379.88;1358.46;1373.33;0;0
Индекс МосБиржи;D;20140403;000000;1373.57;1382.08;1360.49;1366.04;0;0
Индекс МосБиржи;D;20140404;000000;1366.43;1388;1361.61;1382.41;0;0
Индекс МосБиржи;D;20140407;000000;1380.15;1380.15;1334.86;1349.79;0;0
Индекс МосБиржи;D;20140408;000000;1349.85;1352.45;1334.63;1352.33;0;0
Индекс МосБиржи;D;20140409;000000;1353.18;1355.77;1337.98;1348.85;0;0
Индекс МосБиржи;D;20140410;000000;1348.77;1367.88;1348.21;1367.71;0;0
Индекс МосБиржи;D;20140411;000000;1367.65;1371.12;1346.03;1362.4;0;0
Индекс МосБиржи;D;20140414;000000;1362.04;1362.1;1336.98;1344.86;0;0
Индекс МосБиржи;D;20140415;000000;1344.18;1347.88;1308.86;1311.01;0;0
Индекс МосБиржи;D;20140416;000000;1310.98;1326.2;1300.75;1322.6;0;0
Индекс МосБиржи;D;20140417;000000;1322.67;1336.24;1310.92;1329.67;0;0
Индекс МосБиржи;D;20140418;000000;1330.57;1362.46;1330.57;1356.54;0;0
Индекс МосБиржи;D;20140421;000000;1356.48;1359.21;1342.38;1345.04;0;0
Индекс МосБиржи;D;20140422;000000;1345;1345.19;1327.04;1335.62;0;0
Индекс МосБиржи;D;20140423;000000;1335.65;1335.65;1324.21;1329.11;0;0
Индекс МосБиржи;D;20140424;000000;1329.1;1334.32;1289.85;1300.54;0;0
Индекс МосБиржи;D;20140425;000000;1300.53;1300.53;1277.92;1280.12;0;0
Индекс МосБиржи;D;20140428;000000;1278.12;1302.13;1260.39;1299.13;0;0
Индекс МосБиржи;D;20140429;000000;1300.83;1318.36;1298.66;1304.78;0;0
Индекс МосБиржи;D;20140430;000000;1304.76;1309.53;1296.24;1306.01;0;0
Индекс МосБиржи;D;20140502;000000;1304.93;1306.44;1292.08;1304.84;0;0
Индекс МосБиржи;D;20140505;000000;1302.99;1306.43;1289.8;1298.29;0;0
Индекс МосБиржи;D;20140506;000000;1299.07;1321.49;1299.07;1318.57;0;0
Индекс МосБиржи;D;20140507;000000;1316.74;1379.42;1312.62;1363.48;0;0
Индекс МосБиржи;D;20140508;000000;1364.29;1383.84;1355.34;1371.42;0;0
Индекс МосБиржи;D;20140512;000000;1372.09;1383.99;1362.93;1375.31;0;0
Индекс МосБиржи;D;20140513;000000;1375.56;1395.22;1375.56;1385.29;0;0
Индекс МосБиржи;D;20140514;000000;1385.27;1389.21;1378.39;1389.11;0;0
Индекс МосБиржи;D;20140515;000000;1388.68;1399.52;1381.2;1381.99;0;0
Индекс МосБиржи;D;20140516;000000;1381.44;1392.3;1374.24;1392.3;0;0
Индекс МосБиржи;D;20140519;000000;1392.51;1418.88;1392.42;1413.85;0;0
Индекс МосБиржи;D;20140520;000000;1413.86;1426.1;1406.85;1425.58;0;0
Индекс МосБиржи;D;20140521;000000;1425.57;1441.93;1415.28;1439.9;0;0
Индекс МосБиржи;D;20140522;000000;1440.79;1446.72;1420.49;1430.54;0;0
Индекс МосБиржи;D;20140523;000000;1430.54;1440.8;1422.07;1438.98;0;0
Индекс МосБиржи;D;20140526;000000;1439.15;1456.7;1438.31;1449.36;0;0
Индекс МосБиржи;D;20140527;000000;1449.38;1449.57;1410.07;1417.32;0;0
Индекс МосБиржи;D;20140528;000000;1417.38;1429.84;1408.77;1425.95;0;0
Индекс МосБиржи;D;20140529;000000;1426.69;1449.63;1426.69;1447.39;0;0
Индекс МосБиржи;D;20140530;000000;1447.76;1450.76;1432.03;1432.03;0;0
Индекс МосБиржи;D;20140602;000000;1432.67;1475.11;1432.67;1464.47;0;0
Индекс МосБиржи;D;20140603;000000;1463.62;1472.83;1449.78;1472.83;0;0
Индекс МосБиржи;D;20140604;000000;1472.06;1482.68;1466.02;1475.79;0;0
Индекс МосБиржи;D;20140605;000000;1476.06;1483.88;1465.87;1470.7;0;0
Индекс МосБиржи;D;20140606;000000;1470.73;1486.59;1457.67;1484.94;0;0
Индекс МосБиржи;D;20140609;000000;1485.27;1497.96;1484.27;1485.39;0;0
Индекс МосБиржи;D;20140610;000000;1485.24;1490.81;1475.97;1490.81;0;0
Индекс МосБиржи;D;20140611;000000;1490.8;1501.18;1487.42;1501.18;0;0
Индекс МосБиржи;D;20140616;000000;1501.17;1501.17;1467.09;1493.93;0;0
Индекс МосБиржи;D;20140617;000000;1494.08;1501.62;1479.97;1486.38;0;0
Индекс МосБиржи;D;20140618;000000;1486.47;1500.39;1484.51;1494.28;0;0
Индекс МосБиржи;D;20140619;000000;1494.99;1508.95;1493.52;1495.09;0;0
Индекс МосБиржи;D;20140620;000000;1494.87;1496;1480.97;1486.3;0;0
Индекс МосБиржи;D;20140623;000000;1486.33;1498.9;1478.63;1486.3;0;0
Индекс МосБиржи;D;20140624;000000;1487.1;1519.09;1487.1;1518.83;0;0
Индекс МосБиржи;D;20140625;000000;1517.62;1517.62;1479.28;1481.95;0;0
Индекс МосБиржи;D;20140626;000000;1482.13;1489.68;1465.15;1473.18;0;0
Индекс МосБиржи;D;20140627;000000;1473.31;1481.29;1467.94;1477.32;0;0
Индекс МосБиржи;D;20140630;000000;1477.29;1478.43;1460.38;1476.38;0;0
Индекс МосБиржи;D;20140701;000000;1476.28;1483.23;1461.45;1482.92;0;0
Индекс МосБиржи;D;20140702;000000;1482.91;1514.33;1482.84;1514.33;0;0
Индекс МосБиржи;D;20140703;000000;1514.66;1522.21;1510.66;1514.47;0;0
Индекс МосБиржи;D;20140704;000000;1515.53;1516.36;1485.52;1489.53;0;0
Индекс МосБиржи;D;20140707;000000;1489.55;1518.05;1484.27;1513.72;0;0
Индекс МосБиржи;D;20140708;000000;1513.76;1532.08;1512.68;1516.75;0;0
Индекс МосБиржи;D;20140709;000000;1516.29;1518.6;1496.79;1513.38;0;0
Индекс МосБиржи;D;20140710;000000;1513.37;1521.88;1480.26;1494.92;0;0
Индекс МосБиржи;D;20140711;000000;1495.01;1502.23;1488.84;1499.82;0;0
Индекс МосБиржи;D;20140714;000000;1500.29;1502.68;1482.63;1483.41;0;0
Индекс МосБиржи;D;20140715;000000;1482.23;1487.49;1471.95;1475.77;0;0
Индекс МосБиржи;D;20140716;000000;1475.68;1482.6;1459.08;1474.72;0;0
Индекс МосБиржи;D;20140717;000000;1470.83;1470.83;1429.08;1440.63;0;0
Индекс МосБиржи;D;20140718;000000;1440.54;1440.54;1410.48;1422.53;0;0
Индекс МосБиржи;D;20140721;000000;1422.53;1424.64;1384.5;1384.5;0;0
Индекс МосБиржи;D;20140722;000000;1386.14;1414.21;1386.14;1405.97;0;0
Индекс МосБиржи;D;20140723;000000;1406.5;1421.56;1395.74;1406.58;0;0
Индекс МосБиржи;D;20140724;000000;1405.58;1410.75;1394.04;1408.8;0;0
Индекс МосБиржи;D;20140725;000000;1408.19;1408.19;1386.14;1388.41;0;0
Индекс МосБиржи;D;20140728;000000;1387.12;1387.14;1357.03;1361.94;0;0
Индекс МосБиржи;D;20140729;000000;1361.22;1380.29;1356.62;1369.83;0;0
Индекс МосБиржи;D;20140730;000000;1368.72;1403.6;1359.65;1382.14;0;0
Индекс МосБиржи;D;20140731;000000;1383.04;1399.12;1376.48;1379.61;0;0
Индекс МосБиржи;D;20140801;000000;1378.03;1378.1;1358.11;1374.83;0;0
Индекс МосБиржи;D;20140804;000000;1375.73;1386.43;1365.01;1378.98;0;0
Индекс МосБиржи;D;20140805;000000;1379.5;1383.36;1356.2;1357.89;0;0
Индекс МосБиржи;D;20140806;000000;1357.33;1362.22;1333.37;1334.66;0;0
Индекс МосБиржи;D;20140807;000000;1333.39;1340.84;1306.8;1333.53;0;0
Индекс МосБиржи;D;20140808;000000;1332.26;1360.49;1329.1;1348.21;0;0
Индекс МосБиржи;D;20140811;000000;1350.42;1379.22;1350.42;1372.45;0;0
Индекс МосБиржи;D;20140812;000000;1372.94;1386.2;1368.1;1374.19;0;0
Индекс МосБиржи;D;20140813;000000;1373.64;1402.38;1373.27;1398.85;0;0
Индекс МосБиржи;D;20140814;000000;1399.07;1412.88;1391.65;1407.53;0;0
Индекс МосБиржи;D;20140815;000000;1407.57;1425.76;1400.7;1417.82;0;0
Индекс МосБиржи;D;20140818;000000;1418.05;1427.95;1415.35;1425.18;0;0
Индекс МосБиржи;D;20140819;000000;1425.18;1441.42;1425.18;1437.6;0;0
Индекс МосБиржи;D;20140820;000000;1437.58;1447.5;1432.63;1447.5;0;0
Индекс МосБиржи;D;20140821;000000;1447.12;1469.44;1445.48;1461.75;0;0
Индекс МосБиржи;D;20140822;000000;1461.79;1463.71;1434.09;1446.6;0;0
Индекс МосБиржи;D;20140825;000000;1446.86;1456.72;1446.09;1454.67;0;0
Индекс МосБиржи;D;20140826;000000;1454.47;1460;1441.42;1443.32;0;0
Индекс МосБиржи;D;20140827;000000;1444.28;1454.96;1444.28;1447.91;0;0
Индекс МосБиржи;D;20140828;000000;1447.54;1447.76;1414.18;1423.78;0;0
Индекс МосБиржи;D;20140829;000000;1423.56;1428.72;1400.44;1400.71;0;0
Индекс МосБиржи;D;20140901;000000;1401.34;1419.9;1389.77;1392.4;0;0
Индекс МосБиржи;D;20140902;000000;1392.27;1401.68;1386.31;1400.35;0;0
Индекс МосБиржи;D;20140903;000000;1400.44;1452.92;1400.44;1449.29;0;0
Индекс МосБиржи;D;20140904;000000;1449.51;1462.03;1439.38;1457.34;0;0
Индекс МосБиржи;D;20140905;000000;1456;1481.15;1446.95;1474.71;0;0
Индекс МосБиржи;D;20140908;000000;1474.38;1478.26;1460.85;1464.76;0;0
Индекс МосБиржи;D;20140909;000000;1465.13;1479.64;1465.13;1468.17;0;0
Индекс МосБиржи;D;20140910;000000;1466.99;1472.23;1456.21;1468.55;0;0
Индекс МосБиржи;D;20140911;000000;1469.4;1479.05;1449.1;1449.63;0;0
Индекс МосБиржи;D;20140912;000000;1449.4;1470.49;1440.23;1458.52;0;0
Индекс МосБиржи;D;20140915;000000;1457.87;1466.43;1441.26;1454.19;0;0
Индекс МосБиржи;D;20140916;000000;1454.13;1483.66;1451.21;1477.31;0;0
Индекс МосБиржи;D;20140917;000000;1477.09;1477.09;1437.73;1449.37;0;0
Индекс МосБиржи;D;20140918;000000;1449.37;1460.13;1443.75;1448.63;0;0
Индекс МосБиржи;D;20140919;000000;1448.19;1454.16;1423.44;1431.58;0;0
Индекс МосБиржи;D;20140922;000000;1431.12;1436.21;1412.83;1412.83;0;0
Индекс МосБиржи;D;20140923;000000;1413.57;1432.37;1413.49;1429.45;0;0
Индекс МосБиржи;D;20140924;000000;1429.97;1447.44;1429.97;1441.83;0;0
Индекс МосБиржи;D;20140925;000000;1443.03;1454.26;1435.31;1436.05;0;0
Индекс МосБиржи;D;20140926;000000;1435.09;1440.87;1424.43;1434.2;0;0
Индекс МосБиржи;D;20140929;000000;1434.99;1444.93;1405.94;1408.28;0;0
Индекс МосБиржи;D;20140930;000000;1409.07;1428.09;1402.3;1411.07;0;0
Индекс МосБиржи;D;20141001;000000;1410.33;1421.66;1399.61;1399.99;0;0
Индекс МосБиржи;D;20141002;000000;1399.21;1400.79;1372.43;1376.35;0;0
Индекс МосБиржи;D;20141003;000000;1377.65;1397.2;1375.66;1384.66;0;0
Индекс МосБиржи;D;20141006;000000;1385.97;1424.35;1385.95;1418.15;0;0
Индекс МосБиржи;D;20141007;000000;1418.15;1421.85;1399.51;1403.48;0;0
Индекс МосБиржи;D;20141008;000000;1403.56;1403.56;1379.76;1379.76;0;0
Индекс МосБиржи;D;20141009;000000;1379.89;1405.38;1379.89;1384.33;0;0
Индекс МосБиржи;D;20141010;000000;1382.17;1382.17;1359.4;1364.24;0;0
Индекс МосБиржи;D;20141013;000000;1364.11;1393.63;1358.01;1383.93;0;0
Индекс МосБиржи;D;20141014;000000;1383.69;1408.56;1383.63;1394.16;0;0
Индекс МосБиржи;D;20141015;000000;1393.66;1394.83;1374.51;1377.09;0;0
Индекс МосБиржи;D;20141016;000000;1377.43;1393.4;1354.6;1360.33;0;0
Индекс МосБиржи;D;20141017;000000;1362.06;1391.07;1362.06;1384.72;0;0
Индекс МосБиржи;D;20141020;000000;1385.26;1395.92;1369.98;1376.36;0;0
Индекс МосБиржи;D;20141021;000000;1375.82;1389.82;1361.53;1383.35;0;0
Индекс МосБиржи;D;20141022;000000;1384.16;1392.42;1371.38;1374.19;0;0
Индекс МосБиржи;D;20141023;000000;1373.43;1377.96;1355.24;1372.92;0;0
Индекс МосБиржи;D;20141024;000000;1372.4;1381.83;1363.55;1380.39;0;0
Индекс МосБиржи;D;20141027;000000;1381.95;1404.07;1381.95;1394.27;0;0
Индекс МосБиржи;D;20141028;000000;1394.75;1422.75;1394.24;1415.51;0;0
Индекс МосБиржи;D;20141029;000000;1415.53;1441.98;1411;1439.58;0;0
Индекс МосБиржи;D;20141030;000000;1438.8;1456.88;1428.36;1452.89;0;0
Индекс МосБиржи;D;20141031;000000;1453.89;1488.47;1453.89;1488.47;0;0
Индекс МосБиржи;D;20141103;000000;1488.15;1495.86;1477.06;1491.19;0;0
Индекс МосБиржи;D;20141105;000000;1490.66;1496.19;1471.25;1495.26;0;0
Индекс МосБиржи;D;20141106;000000;1495.47;1521.14;1490.66;1497.46;0;0
Индекс МосБиржи;D;20141107;000000;1496.51;1526.08;1486.37;1497.11;0;0
Индекс МосБиржи;D;20141110;000000;1498.62;1518.73;1498.59;1515.36;0;0
Индекс МосБиржи;D;20141111;000000;1515.08;1531.92;1511.53;1514.78;0;0
Индекс МосБиржи;D;20141112;000000;1514.85;1524.72;1507.45;1513.83;0;0
Индекс МосБиржи;D;20141113;000000;1514.19;1522.87;1492.27;1492.27;0;0
Индекс МосБиржи;D;20141114;000000;1491.75;1507.93;1481.97;1500.76;0;0
Индекс МосБиржи;D;20141118;000000;1506.78;1524.8;1495.09;1519.61;0;0
Индекс МосБиржи;D;20141119;000000;1519.69;1524.1;1513.68;1517.97;0;0
Индекс МосБиржи;D;20141120;000000;1518.1;1535.97;1517.28;1530.4;0;0
Индекс МосБиржи;D;20141121;000000;1530.46;1541.52;1515.01;1538.93;0;0
Индекс МосБиржи;D;20141124;000000;1539.95;1541.75;1521.83;1529.54;0;0
Индекс МосБиржи;D;20141125;000000;1529.62;1537.65;1516.18;1529.57;0;0
Индекс МосБиржи;D;20141126;000000;1528.83;1537.43;1522.5;1537.43;0;0
Индекс МосБиржи;D;20141127;000000;1537;1548.17;1528.06;1531.69;0;0
Индекс МосБиржи;D;20141128;000000;1531.34;1540.07;1518.45;1533.68;0;0
Индекс МосБиржи;D;20141201;000000;1532.89;1598.19;1525.35;1578.38;0;0
Индекс МосБиржи;D;20141202;000000;1578.4;1596.96;1555.89;1583.12;0;0
Индекс МосБиржи;D;20141203;000000;1583.62;1608.92;1578.93;1606.84;0;0
Индекс МосБиржи;D;20141204;000000;1606.75;1623.02;1577.7;1582.08;0;0
Индекс МосБиржи;D;20141205;000000;1581.89;1586.6;1528.65;1529.2;0;0
Индекс МосБиржи;D;20141208;000000;1529.73;1551.66;1476.02;1481.27;0;0
Индекс МосБиржи;D;20141209;000000;1481.49;1490.27;1459.77;1475.22;0;0
Индекс МосБиржи;D;20141210;000000;1475.93;1514.63;1475.93;1486.85;0;0
Индекс МосБиржи;D;20141211;000000;1486.89;1494.07;1442.79;1455.04;0;0
Индекс МосБиржи;D;20141212;000000;1453.8;1488.4;1413.04;1459.68;0;0
Индекс МосБиржи;D;20141215;000000;1459.25;1483.38;1402.83;1424.99;0;0
Индекс МосБиржи;D;20141216;000000;1424.72;1484.06;1309.6;1444.32;0;0
Индекс МосБиржи;D;20141217;000000;1445.53;1476.19;1389.63;1413.79;0;0
Индекс МосБиржи;D;20141218;000000;1417.41;1506.13;1417.41;1477.27;0;0
Индекс МосБиржи;D;20141219;000000;1477.36;1488.34;1417.68;1449.13;0;0
Индекс МосБиржи;D;20141222;000000;1452.95;1466.34;1421.39;1437.08;0;0
Индекс МосБиржи;D;20141223;000000;1437.08;1446.31;1391.38;1398.2;0;0
Индекс МосБиржи;D;20141224;000000;1398.2;1411.56;1383.61;1401.5;0;0
Индекс МосБиржи;D;20141225;000000;1401.47;1410.06;1383.91;1408.54;0;0
Индекс МосБиржи;D;20141226;000000;1409.02;1432.41;1409.02;1417.8;0;0
Индекс МосБиржи;D;20141229;000000;1417.53;1489.75;1409.1;1432.94;0;0
Индекс МосБиржи;D;20141230;000000;1429.68;1430.01;1378.54;1396.61;0;0
Индекс МосБиржи;D;20150105;000000;1394.66;1438.91;1390.53;1435.66;0;0
Индекс МосБиржи;D;20150106;000000;1435.39;1481.35;1430.47;1480.73;0;0
Индекс МосБиржи;D;20150108;000000;1482.12;1564.87;1481.93;1547.39;0;0
Индекс МосБиржи;D;20150109;000000;1547.61;1557.96;1496.17;1515.37;0;0
Индекс МосБиржи;D;20150112;000000;1515.23;1534.74;1503.49;1513.22;0;0
Индекс МосБиржи;D;20150113;000000;1513.21;1543.59;1499.57;1533.09;0;0
Индекс МосБиржи;D;20150114;000000;1531.65;1560.01;1524.69;1554.46;0;0
Индекс МосБиржи;D;20150115;000000;1556.96;1586.22;1555.36;1563.21;0;0
Индекс МосБиржи;D;20150116;000000;1563.21;1594.06;1551.01;1591.43;0;0
Индекс МосБиржи;D;20150119;000000;1590.54;1627.53;1572.94;1576.4;0;0
Индекс МосБиржи;D;20150120;000000;1576.47;1594.91;1561.8;1570.97;0;0
Индекс МосБиржи;D;20150121;000000;1570.59;1619.32;1570.59;1618.17;0;0
Индекс МосБиржи;D;20150122;000000;1618.68;1676.38;1618.52;1666.56;0;0
Индекс МосБиржи;D;20150123;000000;1667.99;1700.78;1662.11;1671.8;0;0
Индекс МосБиржи;D;20150126;000000;1670.23;1670.3;1622.02;1642.37;0;0
Индекс МосБиржи;D;20150127;000000;1642.31;1681.46;1614.16;1673.92;0;0
Индекс МосБиржи;D;20150128;000000;1675.3;1706.39;1643.42;1647.71;0;0
Индекс МосБиржи;D;20150129;000000;1647.11;1675.57;1639.65;1639.65;0;0
Индекс МосБиржи;D;20150130;000000;1640.56;1664.73;1631.55;1647.69;0;0
Индекс МосБиржи;D;20150202;000000;1647.74;1663.94;1616.27;1625.31;0;0
Индекс МосБиржи;D;20150203;000000;1626.65;1667.59;1626.65;1654.36;0;0
Индекс МосБиржи;D;20150204;000000;1655.5;1665.09;1643.24;1656.02;0;0
Индекс МосБиржи;D;20150205;000000;1654.97;1698.83;1642.51;1696.06;0;0
Индекс МосБиржи;D;20150206;000000;1696.96;1762.39;1696.96;1755.45;0;0
Индекс МосБиржи;D;20150209;000000;1755.7;1830;1740.58;1748.55;0;0
Индекс МосБиржи;D;20150210;000000;1748.02;1774.06;1729.77;1742.35;0;0
Индекс МосБиржи;D;20150211;000000;1744.86;1787.77;1744.86;1763.6;0;0
Индекс МосБиржи;D;20150212;000000;1764.24;1816.76;1747.85;1802.8;0;0
Индекс МосБиржи;D;20150213;000000;1802.88;1839.71;1802.88;1838.18;0;0
Индекс МосБиржи;D;20150216;000000;1838.21;1848.15;1785.54;1800.59;0;0
Индекс МосБиржи;D;20150217;000000;1800.92;1842.59;1781.8;1793.82;0;0
Индекс МосБиржи;D;20150218;000000;1795.83;1833.14;1795.59;1809.67;0;0
Индекс МосБиржи;D;20150219;000000;1809.67;1819.89;1757.33;1797.87;0;0
Индекс МосБиржи;D;20150220;000000;1797.88;1809.24;1780;1792.7;0;0
Индекс МосБиржи;D;20150224;000000;1786.49;1786.49;1754.81;1772.16;0;0
Индекс МосБиржи;D;20150225;000000;1772.4;1773.73;1727.7;1746.23;0;0
Индекс МосБиржи;D;20150226;000000;1746.79;1769.53;1735.27;1760.66;0;0
Индекс МосБиржи;D;20150227;000000;1760.67;1769.22;1740.91;1758.97;0;0
Индекс МосБиржи;D;20150302;000000;1759.25;1789.54;1759.18;1783.34;0;0
Индекс МосБиржи;D;20150303;000000;1783.44;1825.94;1769.58;1807.7;0;0
Индекс МосБиржи;D;20150304;000000;1807.71;1816.23;1756.33;1759.35;0;0
Индекс МосБиржи;D;20150305;000000;1760.67;1792.04;1746.06;1760.55;0;0
Индекс МосБиржи;D;20150306;000000;1761.29;1766.86;1723.09;1728.55;0;0
Индекс МосБиржи;D;20150310;000000;1726.86;1726.86;1663.86;1665.38;0;0
Индекс МосБиржи;D;20150311;000000;1665.41;1692.31;1655.32;1671.47;0;0
Индекс МосБиржи;D;20150312;000000;1671.71;1681.09;1656.35;1664.7;0;0
Индекс МосБиржи;D;20150313;000000;1664.59;1669.05;1621.86;1627.88;0;0
Индекс МосБиржи;D;20150316;000000;1626.77;1636.16;1609.82;1609.85;0;0
Индекс МосБиржи;D;20150317;000000;1609.96;1627.54;1603.78;1611.69;0;0
Индекс МосБиржи;D;20150318;000000;1611.74;1640.27;1611.74;1632.12;0;0
Индекс МосБиржи;D;20150319;000000;1634.77;1652.73;1607.25;1607.97;0;0
Индекс МосБиржи;D;20150320;000000;1607.97;1641.84;1599.57;1628.64;0;0
Индекс МосБиржи;D;20150323;000000;1629.29;1639.06;1597.64;1602.85;0;0
Индекс МосБиржи;D;20150324;000000;1602.33;1623.88;1590.59;1618.62;0;0
Индекс МосБиржи;D;20150325;000000;1618.62;1626.05;1595.9;1615.5;0;0
Индекс МосБиржи;D;20150326;000000;1615.54;1633.27;1574.11;1581.84;0;0
Индекс МосБиржи;D;20150327;000000;1581.84;1594.38;1569.61;1571.55;0;0
Индекс МосБиржи;D;20150330;000000;1571.77;1615.55;1571.62;1612.84;0;0
Индекс МосБиржи;D;20150331;000000;1612.93;1626.18;1606.24;1626.18;0;0
Индекс МосБиржи;D;20150401;000000;1625.21;1663.17;1613.77;1661.9;0;0
Индекс МосБиржи;D;20150402;000000;1661.9;1682.29;1656.23;1679.24;0;0
Индекс МосБиржи;D;20150403;000000;1679.61;1692.95;1676.47;1681.47;0;0
Индекс МосБиржи;D;20150406;000000;1681.8;1701.24;1679.3;1700.64;0;0
Индекс МосБиржи;D;20150407;000000;1700.64;1709.88;1684.17;1695.64;0;0
Индекс МосБиржи;D;20150408;000000;1695.51;1695.59;1669.88;1683.63;0;0
Индекс МосБиржи;D;20150409;000000;1683.1;1683.1;1648.36;1667.6;0;0
Индекс МосБиржи;D;20150410;000000;1667.62;1674.48;1635.85;1657.02;0;0
Индекс МосБиржи;D;20150413;000000;1657.1;1694.94;1654.49;1678.19;0;0
Индекс МосБиржи;D;20150414;000000;1678.43;1678.5;1641.8;1647.39;0;0
Индекс МосБиржи;D;20150415;000000;1647.29;1681.83;1643.11;1677.7;0;0
Индекс МосБиржи;D;20150416;000000;1678.04;1689.29;1661.38;1686.79;0;0
Индекс МосБиржи;D;20150417;000000;1686.79;1694.08;1656.59;1656.59;0;0
Индекс МосБиржи;D;20150420;000000;1657.63;1691.93;1655.75;1683.24;0;0
Индекс МосБиржи;D;20150421;000000;1683.51;1711.34;1682.94;1710.24;0;0
Индекс МосБиржи;D;20150422;000000;1710.13;1712.91;1669.11;1677.56;0;0
Индекс МосБиржи;D;20150423;000000;1677.89;1678.58;1633.12;1662.64;0;0
Индекс МосБиржи;D;20150424;000000;1663.15;1689.71;1657.66;1682.7;0;0
Индекс МосБиржи;D;20150427;000000;1682.82;1698.65;1677.22;1677.22;0;0
Индекс МосБиржи;D;20150428;000000;1676.32;1682.19;1667.34;1677.89;0;0
Индекс МосБиржи;D;20150429;000000;1677.89;1694.28;1666.52;1670.99;0;0
Индекс МосБиржи;D;20150430;000000;1670.99;1692.32;1668.5;1688.34;0;0
Индекс МосБиржи;D;20150505;000000;1689.55;1734.34;1689.2;1721.8;0;0
Индекс МосБиржи;D;20150506;000000;1722.16;1723.45;1697.86;1714.31;0;0
Индекс МосБиржи;D;20150507;000000;1713.09;1713.09;1676.21;1686.98;0;0
Индекс МосБиржи;D;20150508;000000;1686.94;1713.6;1684.09;1708.52;0;0
Индекс МосБиржи;D;20150512;000000;1708.42;1720.01;1689.29;1704.62;0;0
Индекс МосБиржи;D;20150513;000000;1704.5;1708.47;1681.08;1682.26;0;0
Индекс МосБиржи;D;20150514;000000;1682.26;1694.79;1672.2;1677.57;0;0
Индекс МосБиржи;D;20150515;000000;1677.77;1694.9;1677.77;1691.46;0;0
Индекс МосБиржи;D;20150518;000000;1691.53;1696.49;1677.69;1678.55;0;0
Индекс МосБиржи;D;20150519;000000;1678.31;1681.24;1646.85;1659.36;0;0
Индекс МосБиржи;D;20150520;000000;1659.18;1662.19;1631.77;1636.86;0;0
Индекс МосБиржи;D;20150521;000000;1637.14;1663.24;1632.43;1659.33;0;0
Индекс МосБиржи;D;20150522;000000;1659.47;1667.92;1653.03;1665.66;0;0
Индекс МосБиржи;D;20150525;000000;1665.75;1666.38;1641.96;1655.4;0;0
Индекс МосБиржи;D;20150526;000000;1655.85;1666.87;1646.09;1651.66;0;0
Индекс МосБиржи;D;20150527;000000;1651.73;1664.29;1637.42;1660.98;0;0
Индекс МосБиржи;D;20150528;000000;1660.65;1678.64;1656.17;1657.62;0;0
Индекс МосБиржи;D;20150529;000000;1657.67;1680.07;1609.19;1609.19;0;0
Индекс МосБиржи;D;20150601;000000;1610.07;1640.93;1610.07;1616.94;0;0
Индекс МосБиржи;D;20150602;000000;1616.97;1650.64;1612.78;1643.41;0;0
Индекс МосБиржи;D;20150603;000000;1643.99;1653.53;1615.96;1628.87;0;0
Индекс МосБиржи;D;20150604;000000;1628.8;1644.36;1627.02;1638.07;0;0
Индекс МосБиржи;D;20150605;000000;1638.12;1652.07;1633.49;1652.07;0;0
Индекс МосБиржи;D;20150608;000000;1652.21;1668.5;1642.19;1646.89;0;0
Индекс МосБиржи;D;20150609;000000;1646.89;1666.06;1637.38;1664.01;0;0
Индекс МосБиржи;D;20150610;000000;1664.03;1667.2;1650.89;1653.09;0;0
Индекс МосБиржи;D;20150611;000000;1653.06;1654.91;1638.13;1652.24;0;0
Индекс МосБиржи;D;20150615;000000;1652.29;1658.32;1629.81;1657.29;0;0
Индекс МосБиржи;D;20150616;000000;1657.37;1674.11;1649.16;1668.82;0;0
Индекс МосБиржи;D;20150617;000000;1668.84;1678.91;1661.75;1664.66;0;0
Индекс МосБиржи;D;20150618;000000;1664.65;1671.88;1658.41;1660.14;0;0
Индекс МосБиржи;D;20150619;000000;1660.56;1665.71;1655.53;1663.03;0;0
Индекс МосБиржи;D;20150622;000000;1664.11;1679.42;1663.35;1671.8;0;0
Индекс МосБиржи;D;20150623;000000;1672.27;1676.22;1656.39;1657.23;0;0
Индекс МосБиржи;D;20150624;000000;1658.03;1664.57;1642.08;1651.85;0;0
Индекс МосБиржи;D;20150625;000000;1651.14;1655.8;1631.99;1631.99;0;0
Индекс МосБиржи;D;20150626;000000;1631.92;1647.81;1626.87;1644.45;0;0
Индекс МосБиржи;D;20150629;000000;1644.45;1644.45;1625.71;1634.93;0;0
Индекс МосБиржи;D;20150630;000000;1634.93;1655.25;1626.02;1654.55;0;0
Индекс МосБиржи;D;20150701;000000;1654.57;1659.97;1638.44;1639.7;0;0
Индекс МосБиржи;D;20150702;000000;1639.78;1646.96;1633.69;1641.05;0;0
Индекс МосБиржи;D;20150703;000000;1641.01;1642.2;1625.42;1631.65;0;0
Индекс МосБиржи;D;20150706;000000;1627.71;1627.71;1613.71;1621.27;0;0
Индекс МосБиржи;D;20150707;000000;1621.35;1629.59;1606.28;1614.14;0;0
Индекс МосБиржи;D;20150708;000000;1614.14;1616.6;1573.95;1595;0;0
Индекс МосБиржи;D;20150709;000000;1595.08;1614.85;1595.02;1614.59;0;0
Индекс МосБиржи;D;20150710;000000;1615.11;1625.59;1614.93;1623.99;0;0
Индекс МосБиржи;D;20150713;000000;1618.23;1642.97;1617.17;1642.97;0;0
Индекс МосБиржи;D;20150714;000000;1643;1647.01;1626.09;1647.01;0;0
Индекс МосБиржи;D;20150715;000000;1638.3;1644.01;1626.17;1641.22;0;0
Индекс МосБиржи;D;20150716;000000;1640.81;1652.97;1636.99;1652.59;0;0
Индекс МосБиржи;D;20150717;000000;1652.52;1660;1646.37;1650.08;0;0
Индекс МосБиржи;D;20150720;000000;1650.09;1652.05;1619.44;1626.76;0;0
Индекс МосБиржи;D;20150721;000000;1627.19;1639.92;1618.58;1635.69;0;0
Индекс МосБиржи;D;20150722;000000;1634.89;1635.63;1620.47;1635.63;0;0
Индекс МосБиржи;D;20150723;000000;1634.79;1634.9;1614.97;1616.14;0;0
Индекс МосБиржи;D;20150724;000000;1615.69;1622.3;1593.07;1595.61;0;0
Индекс МосБиржи;D;20150727;000000;1595.5;1599.25;1570.46;1584.92;0;0
Индекс МосБиржи;D;20150728;000000;1584.92;1610.7;1577.99;1604.5;0;0
Индекс МосБиржи;D;20150729;000000;1604.56;1624.64;1600.31;1622.32;0;0
Индекс МосБиржи;D;20150730;000000;1622.69;1638.51;1620.24;1636.72;0;0
Индекс МосБиржи;D;20150731;000000;1636.72;1669;1630.18;1669;0;0
Индекс МосБиржи;D;20150803;000000;1668.13;1676.26;1654.45;1663.74;0;0
Индекс МосБиржи;D;20150804;000000;1663.31;1676.58;1659.16;1674.46;0;0
Индекс МосБиржи;D;20150805;000000;1674.63;1696.8;1665.12;1693.07;0;0
Индекс МосБиржи;D;20150806;000000;1693.07;1698.3;1670.57;1675.71;0;0
Индекс МосБиржи;D;20150807;000000;1676.75;1695.39;1676.75;1690.44;0;0
Индекс МосБиржи;D;20150810;000000;1690.47;1702.7;1674.35;1702.02;0;0
Индекс МосБиржи;D;20150811;000000;1702.02;1721.32;1694.61;1697.87;0;0
Индекс МосБиржи;D;20150812;000000;1697.9;1703.59;1683.3;1697.65;0;0
Индекс МосБиржи;D;20150813;000000;1697.59;1713.25;1689.99;1704.11;0;0
Индекс МосБиржи;D;20150814;000000;1704.14;1723.32;1699.32;1712.47;0;0
Индекс МосБиржи;D;20150817;000000;1712.48;1714.94;1694.54;1707.95;0;0
Индекс МосБиржи;D;20150818;000000;1707.95;1707.95;1685.83;1691.24;0;0
Индекс МосБиржи;D;20150819;000000;1691.29;1701.42;1665.62;1673.86;0;0
Индекс МосБиржи;D;20150820;000000;1673.96;1697.7;1668.66;1695.57;0;0
Индекс МосБиржи;D;20150821;000000;1695.48;1695.48;1663.31;1663.31;0;0
Индекс МосБиржи;D;20150824;000000;1659.31;1659.31;1603.72;1634.14;0;0
Индекс МосБиржи;D;20150825;000000;1634.35;1672.38;1634.35;1658.13;0;0
Индекс МосБиржи;D;20150826;000000;1658.32;1675.07;1633.45;1660.95;0;0
Индекс МосБиржи;D;20150827;000000;1661;1697.22;1661;1695.22;0;0
Индекс МосБиржи;D;20150828;000000;1695.23;1723.18;1690.32;1719.16;0;0
Индекс МосБиржи;D;20150831;000000;1718.06;1733.17;1706.96;1733.17;0;0
Индекс МосБиржи;D;20150901;000000;1732.9;1733.68;1689.24;1697.99;0;0
Индекс МосБиржи;D;20150902;000000;1697.98;1716.97;1687.09;1690.82;0;0
Индекс МосБиржи;D;20150903;000000;1690.83;1717.15;1690.83;1710.57;0;0
Индекс МосБиржи;D;20150904;000000;1710.58;1712.74;1691.69;1698.16;0;0
Индекс МосБиржи;D;20150907;000000;1698.16;1708.58;1695.62;1701.18;0;0
Индекс МосБиржи;D;20150908;000000;1701.82;1732.63;1701.82;1714.18;0;0
Индекс МосБиржи;D;20150909;000000;1715.73;1735.84;1715.73;1722.43;0;0
Индекс МосБиржи;D;20150910;000000;1722.05;1730.1;1710.46;1718.9;0;0
Индекс МосБиржи;D;20150911;000000;1718.88;1727.89;1713.03;1718.06;0;0
Индекс МосБиржи;D;20150914;000000;1717.6;1740.22;1716.12;1729.75;0;0
Индекс МосБиржи;D;20150915;000000;1729.91;1731.49;1708.46;1716.26;0;0
Индекс МосБиржи;D;20150916;000000;1716.27;1734.05;1716.24;1731.81;0;0
Индекс МосБиржи;D;20150917;000000;1731.81;1735.5;1722.44;1729.2;0;0
Индекс МосБиржи;D;20150918;000000;1730.15;1739.55;1703.22;1710.84;0;0
Индекс МосБиржи;D;20150921;000000;1710.87;1719.18;1697.3;1699.72;0;0
Индекс МосБиржи;D;20150922;000000;1699.92;1702.47;1656.18;1664.25;0;0
Индекс МосБиржи;D;20150923;000000;1664.27;1667.03;1638.18;1640.7;0;0
Индекс МосБиржи;D;20150924;000000;1640.7;1641.77;1611.89;1621.43;0;0
Индекс МосБиржи;D;20150925;000000;1621.44;1648.3;1621.43;1639.64;0;0
Индекс МосБиржи;D;20150928;000000;1639.64;1643.94;1614.35;1616.36;0;0
Индекс МосБиржи;D;20150929;000000;1616.36;1635.46;1606.83;1630.51;0;0
Индекс МосБиржи;D;20150930;000000;1630.53;1654.38;1630.53;1642.97;0;0
Индекс МосБиржи;D;20151001;000000;1644.52;1649.57;1616.85;1626.97;0;0
Индекс МосБиржи;D;20151002;000000;1627.07;1630.77;1603.46;1612.56;0;0
Индекс МосБиржи;D;20151005;000000;1612.71;1654.73;1612.71;1652.47;0;0
Индекс МосБиржи;D;20151006;000000;1652.49;1670.69;1649.46;1670.69;0;0
Индекс МосБиржи;D;20151007;000000;1670.68;1679.49;1656.38;1679.49;0;0
Индекс МосБиржи;D;20151008;000000;1679.36;1691.95;1660.37;1689.32;0;0
Индекс МосБиржи;D;20151009;000000;1690.66;1734.75;1690.62;1728.44;0;0
Индекс МосБиржи;D;20151012;000000;1728.43;1739.29;1699.74;1710.6;0;0
Индекс МосБиржи;D;20151013;000000;1710.6;1720.81;1697.54;1720.81;0;0
Индекс МосБиржи;D;20151014;000000;1720.8;1731.57;1704.22;1723.01;0;0
Индекс МосБиржи;D;20151015;000000;1722.84;1746.67;1722.68;1731.91;0;0
Индекс МосБиржи;D;20151016;000000;1731.9;1746.07;1715.01;1717;0;0
Индекс МосБиржи;D;20151019;000000;1717.09;1722.49;1702.4;1716.08;0;0
Индекс МосБиржи;D;20151020;000000;1716.15;1722.62;1702.42;1722.62;0;0
Индекс МосБиржи;D;20151021;000000;1722.7;1722.9;1702.14;1709.94;0;0
Индекс МосБиржи;D;20151022;000000;1709.93;1718.82;1702.65;1712.1;0;0
Индекс МосБиржи;D;20151023;000000;1713.65;1734.98;1710.36;1725.45;0;0
Индекс МосБиржи;D;20151026;000000;1725.51;1731.6;1696.77;1712.13;0;0
Индекс МосБиржи;D;20151027;000000;1712.23;1725.89;1692.28;1725.89;0;0
Индекс МосБиржи;D;20151028;000000;1725.91;1727.39;1708.38;1726.61;0;0
Индекс МосБиржи;D;20151029;000000;1725.9;1727.3;1707.12;1708.6;0;0
Индекс МосБиржи;D;20151030;000000;1708.51;1723.04;1699.25;1711.53;0;0
Индекс МосБиржи;D;20151102;000000;1710.9;1737.18;1701.25;1735.75;0;0
Индекс МосБиржи;D;20151103;000000;1735.76;1766.85;1734.22;1763.6;0;0
Индекс МосБиржи;D;20151105;000000;1764.94;1784.42;1762.01;1766.28;0;0
Индекс МосБиржи;D;20151106;000000;1766.18;1778.18;1746.17;1754.36;0;0
Индекс МосБиржи;D;20151109;000000;1754.19;1763.52;1742.36;1751.44;0;0
Индекс МосБиржи;D;20151110;000000;1751.45;1754.61;1734.34;1746.94;0;0
Индекс МосБиржи;D;20151111;000000;1747.02;1756.09;1733.61;1740.56;0;0
Индекс МосБиржи;D;20151112;000000;1739.29;1750.71;1732.5;1739.96;0;0
Индекс МосБиржи;D;20151113;000000;1739.84;1744.12;1723.42;1728.17;0;0
Индекс МосБиржи;D;20151116;000000;1728.12;1751.67;1726.31;1739.8;0;0
Индекс МосБиржи;D;20151117;000000;1740.98;1792.88;1740.82;1787.23;0;0
Индекс МосБиржи;D;20151118;000000;1787.11;1820.38;1785.1;1810.48;0;0
Индекс МосБиржи;D;20151119;000000;1811.89;1842.14;1805.41;1811.2;0;0
Индекс МосБиржи;D;20151120;000000;1810.03;1831.77;1797.93;1826.72;0;0
Индекс МосБиржи;D;20151123;000000;1826.87;1868.66;1811.85;1868.07;0;0
Индекс МосБиржи;D;20151124;000000;1868.08;1873.53;1798.73;1810.05;0;0
Индекс МосБиржи;D;20151125;000000;1810.02;1837.06;1808.88;1833.53;0;0
Индекс МосБиржи;D;20151126;000000;1833.97;1850.39;1816.58;1828.3;0;0
Индекс МосБиржи;D;20151127;000000;1828.32;1828.32;1790.68;1795.7;0;0
Индекс МосБиржи;D;20151130;000000;1794.25;1807.57;1771.05;1771.05;0;0
Индекс МосБиржи;D;20151201;000000;1771.05;1785.29;1763.05;1772.97;0;0
Индекс МосБиржи;D;20151202;000000;1773.49;1793.27;1760.51;1770.13;0;0
Индекс МосБиржи;D;20151203;000000;1770.1;1792.38;1764.86;1787.23;0;0
Индекс МосБиржи;D;20151204;000000;1786.55;1798.91;1741.6;1755.22;0;0
Индекс МосБиржи;D;20151207;000000;1756.11;1767.34;1735.01;1741.14;0;0
Индекс МосБиржи;D;20151208;000000;1740.64;1741.79;1712.87;1718.77;0;0
Индекс МосБиржи;D;20151209;000000;1719.84;1740.47;1719.44;1733.09;0;0
Индекс МосБиржи;D;20151210;000000;1732.65;1747.56;1723.3;1732.89;0;0
Индекс МосБиржи;D;20151211;000000;1732.9;1732.91;1711.81;1720.31;0;0
Индекс МосБиржи;D;20151214;000000;1720.37;1721.48;1698.9;1708.7;0;0
Индекс МосБиржи;D;20151215;000000;1708.89;1749.52;1708.89;1742.46;0;0
Индекс МосБиржи;D;20151216;000000;1743.03;1759.09;1743.03;1754.71;0;0
Индекс МосБиржи;D;20151217;000000;1754.74;1786.18;1754.74;1780.97;0;0
Индекс МосБиржи;D;20151218;000000;1779.42;1779.42;1719.16;1719.16;0;0
Индекс МосБиржи;D;20151221;000000;1719.44;1737.12;1710.32;1716.91;0;0
Индекс МосБиржи;D;20151222;000000;1716.92;1729.08;1715;1723.35;0;0
Индекс МосБиржи;D;20151223;000000;1718.65;1747.85;1718.65;1747.85;0;0
Индекс МосБиржи;D;20151224;000000;1747.86;1757.5;1738.72;1742.71;0;0
Индекс МосБиржи;D;20151225;000000;1743.77;1745.96;1728.27;1734.21;0;0
Индекс МосБиржи;D;20151228;000000;1734.21;1736.19;1722.9;1731.2;0;0
Индекс МосБиржи;D;20151229;000000;1728.23;1763.38;1727.05;1763.38;0;0
Индекс МосБиржи;D;20151230;000000;1763.71;1770.79;1751.37;1761.36;0;0
Индекс МосБиржи;D;20160104;000000;1761.42;1762.78;1731.4;1734.56;0;0
Индекс МосБиржи;D;20160105;000000;1734.55;1754.33;1731.63;1754.13;0;0
Индекс МосБиржи;D;20160106;000000;1753.75;1758.76;1738.84;1748.57;0;0
Индекс МосБиржи;D;20160111;000000;1748.04;1748.06;1681.58;1682.54;0;0
Индекс МосБиржи;D;20160112;000000;1682.72;1705.23;1660.15;1690.3;0;0
Индекс МосБиржи;D;20160113;000000;1692.48;1709.08;1682.3;1684.78;0;0
Индекс МосБиржи;D;20160114;000000;1684.77;1685.63;1658.8;1680.77;0;0
Индекс МосБиржи;D;20160115;000000;1680.81;1686.85;1597.62;1608.36;0;0
Индекс МосБиржи;D;20160118;000000;1607.88;1631.58;1583.02;1622.43;0;0
Индекс МосБиржи;D;20160119;000000;1622.53;1675.01;1622.53;1645.56;0;0
Индекс МосБиржи;D;20160120;000000;1641.62;1641.62;1601.64;1630.39;0;0
Индекс МосБиржи;D;20160121;000000;1630.57;1684.08;1630.17;1677.19;0;0
Индекс МосБиржи;D;20160122;000000;1683.75;1730.24;1682.89;1717.98;0;0
Индекс МосБиржи;D;20160125;000000;1718.25;1726.96;1700.35;1716.56;0;0
Индекс МосБиржи;D;20160126;000000;1716.86;1719.09;1695.66;1705.01;0;0
Индекс МосБиржи;D;20160127;000000;1705.1;1747.57;1705.1;1747.57;0;0
Индекс МосБиржи;D;20160128;000000;1747.63;1771.93;1739.8;1771.93;0;0
Индекс МосБиржи;D;20160129;000000;1772.01;1788.29;1758.6;1784.92;0;0
Индекс МосБиржи;D;20160201;000000;1785.01;1785.08;1760.22;1773.21;0;0
Индекс МосБиржи;D;20160202;000000;1771.37;1785.75;1749.87;1758.26;0;0
Индекс МосБиржи;D;20160203;000000;1757.9;1766.28;1744.73;1746.35;0;0
Индекс МосБиржи;D;20160204;000000;1745.21;1792.48;1745.21;1787.93;0;0
Индекс МосБиржи;D;20160205;000000;1786.7;1796.48;1772.26;1780.59;0;0
Индекс МосБиржи;D;20160208;000000;1780.26;1784.56;1737.02;1744.27;0;0
Индекс МосБиржи;D;20160209;000000;1744.17;1752.95;1715;1723.36;0;0
Индекс МосБиржи;D;20160210;000000;1722.5;1740.72;1710.21;1730.83;0;0
Индекс МосБиржи;D;20160211;000000;1729.42;1729.42;1688.06;1711.58;0;0
Индекс МосБиржи;D;20160212;000000;1711.6;1733.67;1711.6;1726.04;0;0
Индекс МосБиржи;D;20160215;000000;1726.08;1746.43;1726.08;1738.54;0;0
Индекс МосБиржи;D;20160216;000000;1738.89;1758.19;1738.89;1753.86;0;0
Индекс МосБиржи;D;20160217;000000;1753.86;1776.93;1750.04;1770.31;0;0
Индекс МосБиржи;D;20160218;000000;1770.3;1807.55;1770.3;1807.21;0;0
Индекс МосБиржи;D;20160219;000000;1805.82;1805.82;1778.96;1793.37;0;0
Индекс МосБиржи;D;20160220;000000;1793.68;1798.77;1786.92;1790.15;0;0
Индекс МосБиржи;D;20160222;000000;1790.46;1825;1790.46;1822.38;0;0
Индекс МосБиржи;D;20160224;000000;1811.08;1812.94;1784.54;1797.27;0;0
Индекс МосБиржи;D;20160225;000000;1802.37;1819.19;1777.7;1803.89;0;0
Индекс МосБиржи;D;20160226;000000;1815.99;1831.7;1811.66;1816.73;0;0
Индекс МосБиржи;D;20160229;000000;1811.53;1841.56;1798.51;1840.17;0;0
Индекс МосБиржи;D;20160301;000000;1841.43;1851.88;1838.41;1844.17;0;0
Индекс МосБиржи;D;20160302;000000;1853.32;1856.08;1826.41;1832.84;0;0
Индекс МосБиржи;D;20160303;000000;1836.07;1863.95;1836.07;1858.69;0;0
Индекс МосБиржи;D;20160304;000000;1863.15;1878.29;1853.81;1878.29;0;0
Индекс МосБиржи;D;20160307;000000;1883.38;1909.57;1883.38;1909.57;0;0
Индекс МосБиржи;D;20160309;000000;1899.19;1906.99;1875.51;1883;0;0
Индекс МосБиржи;D;20160310;000000;1885.97;1896.06;1875.62;1884.63;0;0
Индекс МосБиржи;D;20160311;000000;1886.85;1888.77;1868.22;1876.54;0;0
Индекс МосБиржи;D;20160314;000000;1877.23;1880.41;1857.19;1865.31;0;0
Индекс МосБиржи;D;20160315;000000;1871.79;1879;1851.49;1855.06;0;0
Индекс МосБиржи;D;20160316;000000;1858.01;1871.2;1852.92;1871.2;0;0
Индекс МосБиржи;D;20160317;000000;1876.61;1900.12;1874.39;1890.79;0;0
Индекс МосБиржи;D;20160318;000000;1892.81;1923.5;1885.15;1914.02;0;0
Индекс МосБиржи;D;20160321;000000;1905.96;1906.34;1886.76;1904.5;0;0
Индекс МосБиржи;D;20160322;000000;1905.76;1916.27;1888.59;1903.47;0;0
Индекс МосБиржи;D;20160323;000000;1900.09;1906.38;1869.32;1879.89;0;0
Индекс МосБиржи;D;20160324;000000;1872.88;1875.27;1857.27;1866.67;0;0
Индекс МосБиржи;D;20160325;000000;1869.6;1879.79;1865.37;1866.23;0;0
Индекс МосБиржи;D;20160328;000000;1871.93;1879.47;1844.73;1849.31;0;0
Индекс МосБиржи;D;20160329;000000;1849.11;1850.93;1825.99;1845.2;0;0
Индекс МосБиржи;D;20160330;000000;1853.35;1876.32;1847.78;1868.1;0;0
Индекс МосБиржи;D;20160331;000000;1865.1;1876.55;1851.35;1871.15;0;0
Индекс МосБиржи;D;20160401;000000;1860.53;1861.49;1833.61;1856.77;0;0
Индекс МосБиржи;D;20160404;000000;1854.37;1876.08;1853.54;1866.64;0;0
Индекс МосБиржи;D;20160405;000000;1859.51;1861.39;1847.62;1857.09;0;0
Индекс МосБиржи;D;20160406;000000;1863.3;1867.96;1850.83;1860.17;0;0
Индекс МосБиржи;D;20160407;000000;1865.97;1872.51;1848.19;1858.85;0;0
Индекс МосБиржи;D;20160408;000000;1860.93;1879.64;1857.44;1877.27;0;0
Индекс МосБиржи;D;20160411;000000;1875.74;1907.5;1872.5;1906.9;0;0
Индекс МосБиржи;D;20160412;000000;1907.56;1910.59;1889.02;1899.26;0;0
Индекс МосБиржи;D;20160413;000000;1903.47;1944.32;1903.47;1932.8;0;0
Индекс МосБиржи;D;20160414;000000;1929.87;1948.84;1902.64;1915.85;0;0
Индекс МосБиржи;D;20160415;000000;1914.19;1918.35;1899.29;1907.78;0;0
Индекс МосБиржи;D;20160418;000000;1888.97;1896.36;1867.61;1892.64;0;0
Индекс МосБиржи;D;20160419;000000;1895.28;1930.23;1892.96;1930.14;0;0
Индекс МосБиржи;D;20160420;000000;1923.94;1961.6;1922.41;1960.18;0;0
Индекс МосБиржи;D;20160421;000000;1971.75;1976.69;1931.66;1950.08;0;0
Индекс МосБиржи;D;20160422;000000;1952.33;1967.26;1936.72;1967.26;0;0
Индекс МосБиржи;D;20160425;000000;1962.67;1963.96;1944.94;1955.47;0;0
Индекс МосБиржи;D;20160426;000000;1953.86;1956.54;1931.08;1946.55;0;0
Индекс МосБиржи;D;20160427;000000;1951.51;1954.93;1921.58;1934.77;0;0
Индекс МосБиржи;D;20160428;000000;1936.05;1969.89;1925.27;1969.89;0;0
Индекс МосБиржи;D;20160429;000000;1970.46;1974.42;1941.25;1953.05;0;0
Индекс МосБиржи;D;20160504;000000;1932.92;1957.18;1901.85;1925.58;0;0
Индекс МосБиржи;D;20160505;000000;1924.28;1924.28;1902.66;1906.48;0;0
Индекс МосБиржи;D;20160506;000000;1905.15;1906.34;1889.96;1901.56;0;0
Индекс МосБиржи;D;20160510;000000;1896.02;1909.97;1874.5;1885.34;0;0
Индекс МосБиржи;D;20160511;000000;1890.09;1916.34;1885.67;1909.05;0;0
Индекс МосБиржи;D;20160512;000000;1912.43;1922.51;1900.08;1901.9;0;0
Индекс МосБиржи;D;20160513;000000;1901.51;1907.19;1881.41;1907.19;0;0
Индекс МосБиржи;D;20160516;000000;1912.16;1939.22;1909.18;1915.33;0;0
Индекс МосБиржи;D;20160517;000000;1913.25;1915.19;1876.69;1909;0;0
Индекс МосБиржи;D;20160518;000000;1907.15;1921.21;1899.12;1917.24;0;0
Индекс МосБиржи;D;20160519;000000;1907.71;1913.7;1891.52;1891.52;0;0
Индекс МосБиржи;D;20160520;000000;1901.27;1903.58;1882.16;1891.33;0;0
Индекс МосБиржи;D;20160523;000000;1889.11;1889.11;1861.64;1868.43;0;0
Индекс МосБиржи;D;20160524;000000;1868.7;1887.48;1868.7;1884.12;0;0
Индекс МосБиржи;D;20160525;000000;1889.42;1910.7;1889.42;1898.75;0;0
Индекс МосБиржи;D;20160526;000000;1905.81;1931.78;1895.63;1914.31;0;0
Индекс МосБиржи;D;20160527;000000;1913.18;1930.8;1910.11;1927.58;0;0
Индекс МосБиржи;D;20160530;000000;1931.07;1938.14;1918.76;1935.54;0;0
Индекс МосБиржи;D;20160531;000000;1937.13;1939.84;1899.01;1899.01;0;0
Индекс МосБиржи;D;20160601;000000;1899.14;1906.86;1888.88;1893.18;0;0
Индекс МосБиржи;D;20160602;000000;1895.27;1898.9;1876.58;1890.78;0;0
Индекс МосБиржи;D;20160603;000000;1896.95;1913.74;1877.89;1886.84;0;0
Индекс МосБиржи;D;20160606;000000;1893.05;1920.91;1893.05;1915.54;0;0
Индекс МосБиржи;D;20160607;000000;1917.96;1954.49;1914.56;1951.26;0;0
Индекс МосБиржи;D;20160608;000000;1953.75;1960.75;1937.62;1951.55;0;0
Индекс МосБиржи;D;20160609;000000;1951.8;1952.42;1927.72;1934.92;0;0
Индекс МосБиржи;D;20160610;000000;1926.91;1930.26;1903.61;1903.61;0;0
Индекс МосБиржи;D;20160614;000000;1898.21;1903.54;1875.27;1885.92;0;0
Индекс МосБиржи;D;20160615;000000;1883.94;1898.31;1880.55;1889.75;0;0
Индекс МосБиржи;D;20160616;000000;1884.22;1884.91;1853.36;1869.78;0;0
Индекс МосБиржи;D;20160617;000000;1875.96;1896.28;1871.88;1877.07;0;0
Индекс МосБиржи;D;20160620;000000;1889.26;1906.46;1889.26;1902.7;0;0
Индекс МосБиржи;D;20160621;000000;1902.44;1910.25;1884.64;1904.02;0;0
Индекс МосБиржи;D;20160622;000000;1908.06;1912.96;1892.16;1896.7;0;0
Индекс МосБиржи;D;20160623;000000;1894.16;1919.27;1883.18;1919.27;0;0
Индекс МосБиржи;D;20160624;000000;1865.48;1884.94;1846.91;1884.41;0;0
Индекс МосБиржи;D;20160627;000000;1883.76;1887.75;1841.73;1841.73;0;0
Индекс МосБиржи;D;20160628;000000;1850.75;1863.53;1844.8;1857.23;0;0
Индекс МосБиржи;D;20160629;000000;1862.25;1888.15;1862.25;1888.15;0;0
Индекс МосБиржи;D;20160630;000000;1886.47;1897.36;1879.33;1891.09;0;0
Индекс МосБиржи;D;20160701;000000;1891.03;1900.41;1880.63;1896.62;0;0
Индекс МосБиржи;D;20160704;000000;1899.35;1913.48;1896.4;1907.48;0;0
Индекс МосБиржи;D;20160705;000000;1904.03;1904.06;1887.05;1895.64;0;0
Индекс МосБиржи;D;20160706;000000;1892.26;1896.71;1871.47;1879.42;0;0
Индекс МосБиржи;D;20160707;000000;1887.12;1901.57;1878.47;1882.41;0;0
Индекс МосБиржи;D;20160708;000000;1873.49;1896.82;1860.55;1894.35;0;0
Индекс МосБиржи;D;20160711;000000;1891.05;1914.31;1887.1;1913.12;0;0
Индекс МосБиржи;D;20160712;000000;1913.84;1942.69;1911.91;1938.36;0;0
Индекс МосБиржи;D;20160713;000000;1937.35;1945.76;1928.5;1935.88;0;0
Индекс МосБиржи;D;20160714;000000;1938.54;1944.85;1921.75;1942.46;0;0
Индекс МосБиржи;D;20160715;000000;1931.66;1943.63;1928.57;1940.85;0;0
Индекс МосБиржи;D;20160718;000000;1937.77;1948.54;1920.18;1936.07;0;0
Индекс МосБиржи;D;20160719;000000;1921.12;1929.11;1903.1;1915.89;0;0
Индекс МосБиржи;D;20160720;000000;1915.49;1921.23;1896;1915.09;0;0
Индекс МосБиржи;D;20160721;000000;1920.01;1930.79;1911.87;1927.7;0;0
Индекс МосБиржи;D;20160722;000000;1923.8;1933.76;1922.85;1926.9;0;0
Индекс МосБиржи;D;20160725;000000;1929.93;1942.98;1922.22;1931.78;0;0
Индекс МосБиржи;D;20160726;000000;1932.54;1940.26;1917.96;1938.52;0;0
Индекс МосБиржи;D;20160727;000000;1938.64;1941.15;1928.32;1938.65;0;0
Индекс МосБиржи;D;20160728;000000;1938.01;1959.86;1932.63;1954.45;0;0
Индекс МосБиржи;D;20160729;000000;1952.82;1955.07;1939.28;1944.62;0;0
Индекс МосБиржи;D;20160801;000000;1950.49;1964.27;1941.58;1947.36;0;0
Индекс МосБиржи;D;20160802;000000;1946.31;1946.65;1908.89;1912.69;0;0
Индекс МосБиржи;D;20160803;000000;1913.14;1922.86;1902.74;1919.15;0;0
Индекс МосБиржи;D;20160804;000000;1924.97;1945.14;1924.97;1944.94;0;0
Индекс МосБиржи;D;20160805;000000;1946.66;1952.35;1931.01;1944.31;0;0
Индекс МосБиржи;D;20160808;000000;1948.51;1956.99;1947.22;1956.99;0;0
Индекс МосБиржи;D;20160809;000000;1954.05;1964.58;1948.89;1956.42;0;0
Индекс МосБиржи;D;20160810;000000;1956.33;1959.99;1940.63;1942.67;0;0
Индекс МосБиржи;D;20160811;000000;1941.32;1952.18;1933.27;1952.18;0;0
Индекс МосБиржи;D;20160812;000000;1955.16;1968.18;1952.56;1967.18;0;0
Индекс МосБиржи;D;20160815;000000;1969.96;1983.1;1964.84;1977.28;0;0
Индекс МосБиржи;D;20160816;000000;1977.76;1994.33;1967.37;1975.8;0;0
Индекс МосБиржи;D;20160817;000000;1971.49;1973.02;1959.44;1969.19;0;0
Индекс МосБиржи;D;20160818;000000;1971.26;1976.71;1961.35;1970.07;0;0
Индекс МосБиржи;D;20160819;000000;1972.89;1974.4;1959.72;1959.72;0;0
Индекс МосБиржи;D;20160822;000000;1956.46;1979.09;1948.35;1979.09;0;0
Индекс МосБиржи;D;20160823;000000;1976.07;1992.55;1973.43;1989.51;0;0
Индекс МосБиржи;D;20160824;000000;1988.08;1989.43;1974.89;1983.59;0;0
Индекс МосБиржи;D;20160825;000000;1983.22;1987.35;1969.53;1985.56;0;0
Индекс МосБиржи;D;20160826;000000;1984.68;1997.1;1976.87;1993.35;0;0
Индекс МосБиржи;D;20160829;000000;1985.99;1986.72;1970.53;1986.72;0;0
Индекс МосБиржи;D;20160830;000000;1989.03;1999.14;1983.84;1985.69;0;0
Индекс МосБиржи;D;20160831;000000;1985.84;1988.56;1966.88;1971.59;0;0
Индекс МосБиржи;D;20160901;000000;1976.26;1982.26;1969.48;1976.91;0;0
Индекс МосБиржи;D;20160902;000000;1978.16;2006.25;1976.62;2003.77;0;0
Индекс МосБиржи;D;20160905;000000;2008.69;2019.65;2005.42;2017.38;0;0
Индекс МосБиржи;D;20160906;000000;2020.77;2040.42;2017.5;2039.53;0;0
Индекс МосБиржи;D;20160907;000000;2042.21;2060.03;2042.12;2053.75;0;0
Индекс МосБиржи;D;20160908;000000;2058.73;2063.13;2041.01;2050.77;0;0
Индекс МосБиржи;D;20160909;000000;2044.93;2045.04;2028.25;2028.25;0;0
Индекс МосБиржи;D;20160912;000000;2017.08;2021.58;2004.43;2019.9;0;0
Индекс МосБиржи;D;20160913;000000;2020.6;2026.57;2001.34;2004.5;0;0
Индекс МосБиржи;D;20160914;000000;2003.74;2010.47;1995.7;2004.48;0;0
Индекс МосБиржи;D;20160915;000000;2003.2;2004.65;1982.95;1996.58;0;0
Индекс МосБиржи;D;20160916;000000;1998.14;2004.37;1967.31;1981.96;0;0
Индекс МосБиржи;D;20160919;000000;1984.46;1993.49;1981.39;1986.97;0;0
Индекс МосБиржи;D;20160920;000000;1984.97;1991.85;1969.41;1991.78;0;0
Индекс МосБиржи;D;20160921;000000;1995.13;2004.1;1988.64;1997.67;0;0
Индекс МосБиржи;D;20160922;000000;2007.12;2025.3;2001.07;2025.3;0;0
Индекс МосБиржи;D;20160923;000000;2022.28;2022.28;1995.14;2011.83;0;0
Индекс МосБиржи;D;20160926;000000;2003.48;2007.25;1993.33;1997.94;0;0
Индекс МосБиржи;D;20160927;000000;1999.93;1999.93;1975.52;1975.52;0;0
Индекс МосБиржи;D;20160928;000000;1977.35;1993.93;1975.84;1980.68;0;0
Индекс МосБиржи;D;20160929;000000;1996.99;2006.59;1994.88;1996.12;0;0
Индекс МосБиржи;D;20160930;000000;1989.43;1989.43;1975.23;1978;0;0
Индекс МосБиржи;D;20161003;000000;1981.02;1993.55;1975.74;1986.8;0;0
Индекс МосБиржи;D;20161004;000000;1987.61;1989.32;1975.96;1985.02;0;0
Индекс МосБиржи;D;20161005;000000;1985.05;1985.05;1962.14;1975.85;0;0
Индекс МосБиржи;D;20161006;000000;1975.26;1983.88;1967.75;1983.88;0;0
Индекс МосБиржи;D;20161007;000000;1985.04;1993.65;1974.89;1980.02;0;0
Индекс МосБиржи;D;20161010;000000;1981.11;2002.53;1977.43;2001.1;0;0
Индекс МосБиржи;D;20161011;000000;2000.46;2006.66;1995.93;2001.42;0;0
Индекс МосБиржи;D;20161012;000000;1999.6;2005.17;1986.7;1993.35;0;0
Индекс МосБиржи;D;20161013;000000;1990.39;1990.39;1970.86;1976.37;0;0
Индекс МосБиржи;D;20161014;000000;1976.34;1978.96;1962.35;1966.39;0;0
Индекс МосБиржи;D;20161017;000000;1964.66;1965.83;1954.81;1956.95;0;0
Индекс МосБиржи;D;20161018;000000;1958.28;1974.01;1958.28;1969.11;0;0
Индекс МосБиржи;D;20161019;000000;1971.9;1973.24;1961.39;1967.5;0;0
Индекс МосБиржи;D;20161020;000000;1967.52;1968.11;1956.61;1957.09;0;0
Индекс МосБиржи;D;20161021;000000;1957.63;1960.56;1946.78;1957.7;0;0
Индекс МосБиржи;D;20161024;000000;1960.97;1970.36;1957.65;1962.79;0;0
Индекс МосБиржи;D;20161025;000000;1965.63;1987.07;1962.24;1977.19;0;0
Индекс МосБиржи;D;20161026;000000;1975.36;1979.42;1967.87;1974.81;0;0
Индекс МосБиржи;D;20161027;000000;1975.16;1986.53;1973.27;1979.8;0;0
Индекс МосБиржи;D;20161028;000000;1979.87;1982.51;1975.48;1981.76;0;0
Индекс МосБиржи;D;20161031;000000;1984.24;1992.48;1976.29;1989.64;0;0
Индекс МосБиржи;D;20161101;000000;1991.7;2003.14;1991.7;1996.87;0;0
Индекс МосБиржи;D;20161102;000000;1989.37;1990.22;1966.35;1968.77;0;0
Индекс МосБиржи;D;20161103;000000;1970.97;1971.56;1957.53;1962.71;0;0
Индекс МосБиржи;D;20161107;000000;1964.59;1970.61;1952.69;1952.69;0;0
Индекс МосБиржи;D;20161108;000000;1959.79;1973.07;1959.79;1967.93;0;0
Индекс МосБиржи;D;20161109;000000;1941.89;2011.81;1939.66;2011.58;0;0
Индекс МосБиржи;D;20161110;000000;2017.69;2076.44;2016.96;2044.03;0;0
Индекс МосБиржи;D;20161111;000000;2045.22;2054.42;2031.92;2031.92;0;0
Индекс МосБиржи;D;20161114;000000;2034.97;2047.03;2017.22;2021.99;0;0
Индекс МосБиржи;D;20161115;000000;2025.01;2032.04;2009.34;2017.06;0;0
Индекс МосБиржи;D;20161116;000000;2024.71;2049.01;2022.89;2028.92;0;0
Индекс МосБиржи;D;20161117;000000;2029.85;2045.65;2029.3;2042.76;0;0
Индекс МосБиржи;D;20161118;000000;2042.23;2048.19;2036.29;2038.29;0;0
Индекс МосБиржи;D;20161121;000000;2044.2;2059.67;2044.2;2058.77;0;0
Индекс МосБиржи;D;20161122;000000;2062.98;2074.89;2057.7;2066.18;0;0
Индекс МосБиржи;D;20161123;000000;2069.18;2085.75;2068.61;2085.75;0;0
Индекс МосБиржи;D;20161124;000000;2086.56;2107.96;2086.56;2102.97;0;0
Индекс МосБиржи;D;20161125;000000;2101.47;2106.6;2088.4;2098.15;0;0
Индекс МосБиржи;D;20161128;000000;2098.33;2104.34;2086.36;2094.65;0;0
Индекс МосБиржи;D;20161129;000000;2092.13;2098;2082.71;2086.84;0;0
Индекс МосБиржи;D;20161130;000000;2087.81;2116.38;2085.84;2104.91;0;0
Индекс МосБиржи;D;20161201;000000;2110.69;2128.7;2110.69;2121.87;0;0
Индекс МосБиржи;D;20161202;000000;2121.12;2137.82;2114.91;2128.99;0;0
Индекс МосБиржи;D;20161205;000000;2126.93;2163.39;2126.93;2158.33;0;0
Индекс МосБиржи;D;20161206;000000;2159.25;2177.94;2151.07;2152.35;0;0
Индекс МосБиржи;D;20161207;000000;2154.02;2165.21;2148.54;2160.51;0;0
Индекс МосБиржи;D;20161208;000000;2168.4;2207.02;2167.93;2207.02;0;0
Индекс МосБиржи;D;20161209;000000;2211.29;2220.01;2197.49;2208.53;0;0
Индекс МосБиржи;D;20161212;000000;2219.13;2242.17;2210.06;2226.89;0;0
Индекс МосБиржи;D;20161213;000000;2225.74;2247.02;2215.7;2247.02;0;0
Индекс МосБиржи;D;20161214;000000;2248.22;2258.1;2215.11;2229.05;0;0
Индекс МосБиржи;D;20161215;000000;2217.16;2240.14;2202.35;2237.23;0;0
Индекс МосБиржи;D;20161216;000000;2239.08;2251.23;2229.3;2231.41;0;0
Индекс МосБиржи;D;20161219;000000;2233.99;2235.12;2215.69;2215.69;0;0
Индекс МосБиржи;D;20161220;000000;2215.31;2233.84;2207.39;2226.36;0;0
Индекс МосБиржи;D;20161221;000000;2227.31;2237.6;2210.73;2212.33;0;0
Индекс МосБиржи;D;20161222;000000;2203.8;2203.8;2172.37;2174.64;0;0
Индекс МосБиржи;D;20161223;000000;2173.62;2188.99;2159.51;2173.18;0;0
Индекс МосБиржи;D;20161226;000000;2172.86;2186.02;2172.26;2177.86;0;0
Индекс МосБиржи;D;20161227;000000;2173.8;2190.91;2173.8;2189.43;0;0
Индекс МосБиржи;D;20161228;000000;2191.17;2201.21;2182.98;2182.98;0;0
Индекс МосБиржи;D;20161229;000000;2182.3;2210.49;2169.43;2206.33;0;0
Индекс МосБиржи;D;20161230;000000;2206.04;2232.72;2206.04;2232.72;0;0
Индекс МосБиржи;D;20170103;000000;2231.52;2293.99;2231.52;2285.43;0;0
Индекс МосБиржи;D;20170104;000000;2284.61;2284.61;2251.75;2263.9;0;0
Индекс МосБиржи;D;20170105;000000;2265.72;2270.94;2213.45;2220.35;0;0
Индекс МосБиржи;D;20170106;000000;2221.36;2230.41;2195.44;2213.93;0;0
Индекс МосБиржи;D;20170109;000000;2217.74;2227.88;2201.6;2211.25;0;0
Индекс МосБиржи;D;20170110;000000;2209.53;2237.88;2205.87;2237.49;0;0
Индекс МосБиржи;D;20170111;000000;2233.62;2239.87;2211.16;2218.61;0;0
Индекс МосБиржи;D;20170112;000000;2224.02;2228.55;2205.55;2212;0;0
Индекс МосБиржи;D;20170113;000000;2214.24;2217.47;2173.39;2195.19;0;0
Индекс МосБиржи;D;20170116;000000;2195.67;2202.39;2180.78;2189.07;0;0
Индекс МосБиржи;D;20170117;000000;2189.95;2195.36;2167.88;2178.73;0;0
Индекс МосБиржи;D;20170118;000000;2180.64;2190;2165.32;2170.09;0;0
Индекс МосБиржи;D;20170119;000000;2171.45;2178.22;2151.43;2162.25;0;0
Индекс МосБиржи;D;20170120;000000;2162.71;2165.88;2147.19;2159.96;0;0
Индекс МосБиржи;D;20170123;000000;2160.13;2160.13;2136.35;2146.09;0;0
Индекс МосБиржи;D;20170124;000000;2147.51;2174.59;2147.51;2174.59;0;0
Индекс МосБиржи;D;20170125;000000;2175.4;2178.92;2163.55;2176;0;0
Индекс МосБиржи;D;20170126;000000;2179.34;2230.77;2179.34;2229.2;0;0
Индекс МосБиржи;D;20170127;000000;2226.87;2266.05;2219.67;2266.05;0;0
Индекс МосБиржи;D;20170130;000000;2263.63;2263.63;2231.4;2234.14;0;0
Индекс МосБиржи;D;20170131;000000;2233.66;2240.57;2215.79;2217.39;0;0
Индекс МосБиржи;D;20170201;000000;2219.19;2231.68;2214;2231.68;0;0
Индекс МосБиржи;D;20170202;000000;2231.66;2236.8;2210.14;2217.56;0;0
Индекс МосБиржи;D;20170203;000000;2219.49;2228.05;2213.22;2226.61;0;0
Индекс МосБиржи;D;20170206;000000;2228.85;2230.86;2202.2;2210.51;0;0
Индекс МосБиржи;D;20170207;000000;2210.87;2218.77;2201.22;2218.77;0;0
Индекс МосБиржи;D;20170208;000000;2215.34;2217.37;2180.21;2189.61;0;0
Индекс МосБиржи;D;20170209;000000;2192.24;2196.08;2160.42;2173.98;0;0
Индекс МосБиржи;D;20170210;000000;2176.79;2182.18;2156.81;2162.19;0;0
Индекс МосБиржи;D;20170213;000000;2165.12;2174.73;2150.52;2161.49;0;0
Индекс МосБиржи;D;20170214;000000;2162.13;2162.13;2135.01;2141.5;0;0
Индекс МосБиржи;D;20170215;000000;2140.2;2156.36;2109.93;2137.08;0;0
Индекс МосБиржи;D;20170216;000000;2138.7;2148.48;2127.04;2148.48;0;0
Индекс МосБиржи;D;20170217;000000;2148.58;2148.84;2125.45;2128.21;0;0
Индекс МосБиржи;D;20170220;000000;2132.47;2136.8;2113.03;2119.09;0;0
Индекс МосБиржи;D;20170221;000000;2118.85;2135.97;2111.55;2127.72;0;0
Индекс МосБиржи;D;20170222;000000;2128.98;2130.8;2094.85;2106.3;0;0
Индекс МосБиржи;D;20170224;000000;2106.96;2106.96;2081.35;2093.09;0;0
Индекс МосБиржи;D;20170227;000000;2095.51;2097.2;2054.93;2056.46;0;0
Индекс МосБиржи;D;20170228;000000;2057.74;2057.77;2027.05;2035.77;0;0
Индекс МосБиржи;D;20170301;000000;2034.28;2063.67;2030.49;2059.87;0;0
Индекс МосБиржи;D;20170302;000000;2062.61;2076.71;2044.25;2049;0;0
Индекс МосБиржи;D;20170303;000000;2046.61;2056.89;2032.27;2056.89;0;0
Индекс МосБиржи;D;20170306;000000;2056.63;2071.69;2045.28;2047.42;0;0
Индекс МосБиржи;D;20170307;000000;2047.59;2048.98;2009;2024.84;0;0
Индекс МосБиржи;D;20170309;000000;2010.85;2020.04;1971.73;1974.24;0;0
Индекс МосБиржи;D;20170310;000000;1977.75;1989.06;1965.23;1973.96;0;0
Индекс МосБиржи;D;20170313;000000;1972.66;2001.71;1968.61;2000.14;0;0
Индекс МосБиржи;D;20170314;000000;2001.4;2018.42;1990.55;2001.25;0;0
Индекс МосБиржи;D;20170315;000000;2003.09;2018.39;1989.12;1992.59;0;0
Индекс МосБиржи;D;20170316;000000;2001.82;2021.05;1998.24;2014.37;0;0
Индекс МосБиржи;D;20170317;000000;2015.59;2045.85;2013.82;2036.96;0;0
Индекс МосБиржи;D;20170320;000000;2038.99;2051.5;2024.85;2042.72;0;0
Индекс МосБиржи;D;20170321;000000;2045.19;2067.4;2040.55;2048.07;0;0
Индекс МосБиржи;D;20170322;000000;2042.65;2061.53;2030.55;2061.53;0;0
Индекс МосБиржи;D;20170323;000000;2065.37;2072.91;2040.18;2051.04;0;0
Индекс МосБиржи;D;20170324;000000;2047.78;2052.9;2036.3;2039.77;0;0
Индекс МосБиржи;D;20170327;000000;2034.1;2034.1;1997.92;2013.16;0;0
Индекс МосБиржи;D;20170328;000000;2016.95;2032.54;2010.92;2032.54;0;0
Индекс МосБиржи;D;20170329;000000;2032.49;2037.58;2013.13;2023.71;0;0
Индекс МосБиржи;D;20170330;000000;2025;2026.94;2012.07;2021.88;0;0
Индекс МосБиржи;D;20170331;000000;2021.16;2022.24;1992.95;1995.9;0;0
Индекс МосБиржи;D;20170403;000000;1998.55;2014.18;1992.67;2008.61;0;0
Индекс МосБиржи;D;20170404;000000;2007.9;2028.01;2005.61;2025.69;0;0
Индекс МосБиржи;D;20170405;000000;2028.71;2057.03;2028.12;2056.32;0;0
Индекс МосБиржи;D;20170406;000000;2052.05;2058.11;2043.42;2054.69;0;0
Индекс МосБиржи;D;20170407;000000;2046.78;2048.63;2010.92;2020.23;0;0
Индекс МосБиржи;D;20170410;000000;2017.75;2018.03;1965.58;1971.23;0;0
Индекс МосБиржи;D;20170411;000000;1969.12;1994.26;1965.8;1977.95;0;0
Индекс МосБиржи;D;20170412;000000;1985.69;1986.56;1942.58;1947.88;0;0
Индекс МосБиржи;D;20170413;000000;1954.39;1954.81;1916.67;1944.7;0;0
Индекс МосБиржи;D;20170414;000000;1943.65;1943.65;1913.71;1916.29;0;0
Индекс МосБиржи;D;20170417;000000;1917.13;1944.93;1902.48;1942.72;0;0
Индекс МосБиржи;D;20170418;000000;1944.28;1949.52;1914.44;1920.29;0;0
Индекс МосБиржи;D;20170419;000000;1920.19;1932.81;1911.35;1916.5;0;0
Индекс МосБиржи;D;20170420;000000;1912.7;1932.25;1900.72;1932.17;0;0
Индекс МосБиржи;D;20170421;000000;1932.82;1955.43;1932.82;1944.72;0;0
Индекс МосБиржи;D;20170424;000000;1954.31;1979.76;1954.31;1979.57;0;0
Индекс МосБиржи;D;20170425;000000;1983.23;2002.37;1969.04;1998.41;0;0
Индекс МосБиржи;D;20170426;000000;2000.8;2031.08;1994.52;2026.92;0;0
Индекс МосБиржи;D;20170427;000000;2024.49;2024.49;2005.35;2011.67;0;0
Индекс МосБиржи;D;20170428;000000;2021.74;2031.06;2011.02;2016.71;0;0
Индекс МосБиржи;D;20170502;000000;2022.19;2044.24;2020.55;2026.85;0;0
Индекс МосБиржи;D;20170503;000000;2024.4;2027.65;1992.33;1993.66;0;0
Индекс МосБиржи;D;20170504;000000;1994.16;2015.61;1989.44;1998.87;0;0
Индекс МосБиржи;D;20170505;000000;1989.88;2002.41;1982.97;2002.41;0;0
Индекс МосБиржи;D;20170510;000000;2012.84;2028.21;2005.4;2028.21;0;0
Индекс МосБиржи;D;20170511;000000;2028.26;2028.58;1991.81;2002.54;0;0
Индекс МосБиржи;D;20170512;000000;2003.92;2004.03;1983.83;1994.58;0;0
Индекс МосБиржи;D;20170515;000000;1995.6;2008.11;1984.06;2003.12;0;0
Индекс МосБиржи;D;20170516;000000;2000.2;2002.25;1987.21;1992.94;0;0
Индекс МосБиржи;D;20170517;000000;1989.02;1999.56;1982.97;1994.35;0;0
Индекс МосБиржи;D;20170518;000000;1989.05;1996.85;1961.2;1967.66;0;0
Индекс МосБиржи;D;20170519;000000;1969.73;1977.03;1954.32;1962.4;0;0
Индекс МосБиржи;D;20170522;000000;1966.66;1966.66;1941.78;1950.51;0;0
Индекс МосБиржи;D;20170523;000000;1950.27;1966.19;1945.5;1960.16;0;0
Индекс МосБиржи;D;20170524;000000;1958.22;1965.95;1936.99;1951.98;0;0
Индекс МосБиржи;D;20170525;000000;1955.83;1960.95;1939.97;1947.26;0;0
Индекс МосБиржи;D;20170526;000000;1944.16;1945.03;1930.76;1934.25;0;0
Индекс МосБиржи;D;20170529;000000;1934.66;1945.82;1931.45;1940.77;0;0
Индекс МосБиржи;D;20170530;000000;1938.06;1939.74;1927.28;1932.91;0;0
Индекс МосБиржи;D;20170531;000000;1934.03;1936.65;1893.39;1900.38;0;0
Индекс МосБиржи;D;20170601;000000;1900.89;1904.82;1862.6;1869.66;0;0
Индекс МосБиржи;D;20170602;000000;1868.75;1881.97;1849.57;1881.87;0;0
Индекс МосБиржи;D;20170605;000000;1882.83;1894.5;1871.29;1877.69;0;0
Индекс МосБиржи;D;20170606;000000;1877.36;1882.94;1867.88;1870.04;0;0
Индекс МосБиржи;D;20170607;000000;1870.69;1889.45;1867.97;1868.42;0;0
Индекс МосБиржи;D;20170608;000000;1869.49;1874.45;1851.63;1874.21;0;0
Индекс МосБиржи;D;20170609;000000;1873.26;1888.92;1866.3;1883.34;0;0
Индекс МосБиржи;D;20170613;000000;1871.07;1871.29;1857.26;1861.27;0;0
Индекс МосБиржи;D;20170614;000000;1861.5;1862.3;1834.51;1838.32;0;0
Индекс МосБиржи;D;20170615;000000;1833.42;1833.42;1774.56;1817.82;0;0
Индекс МосБиржи;D;20170616;000000;1818.87;1833.7;1811.45;1822.91;0;0
Индекс МосБиржи;D;20170619;000000;1820.83;1851.7;1820.11;1849.78;0;0
Индекс МосБиржи;D;20170620;000000;1850.38;1870.56;1846.7;1857.96;0;0
Индекс МосБиржи;D;20170621;000000;1858.24;1861.03;1844.06;1850.81;0;0
Индекс МосБиржи;D;20170622;000000;1842.62;1863.42;1836.02;1860.05;0;0
Индекс МосБиржи;D;20170623;000000;1859.63;1876.36;1850.22;1867.46;0;0
Индекс МосБиржи;D;20170626;000000;1870.33;1880.11;1857.03;1860.39;0;0
Индекс МосБиржи;D;20170627;000000;1857.24;1884.41;1849.42;1878.94;0;0
Индекс МосБиржи;D;20170628;000000;1877.04;1893.65;1864.88;1891.98;0;0
Индекс МосБиржи;D;20170629;000000;1896.12;1902.8;1877.13;1881.04;0;0
Индекс МосБиржи;D;20170630;000000;1879.16;1895.98;1877.57;1879.5;0;0
Индекс МосБиржи;D;20170703;000000;1886.72;1902.59;1881.98;1902.59;0;0
Индекс МосБиржи;D;20170704;000000;1902.64;1919.23;1899.17;1917.4;0;0
Индекс МосБиржи;D;20170705;000000;1917.36;1924.53;1912.31;1921.38;0;0
Индекс МосБиржи;D;20170706;000000;1920.59;1929.43;1911.96;1923.22;0;0
Индекс МосБиржи;D;20170707;000000;1906.72;1914.29;1897.87;1912.48;0;0
Индекс МосБиржи;D;20170710;000000;1912.76;1928.1;1908.99;1925.74;0;0
Индекс МосБиржи;D;20170711;000000;1927.34;1938.11;1919.19;1937.64;0;0
Индекс МосБиржи;D;20170712;000000;1938.36;1957.02;1938.36;1954.39;0;0
Индекс МосБиржи;D;20170713;000000;1951.66;1963.37;1946.61;1959.91;0;0
Индекс МосБиржи;D;20170714;000000;1959.86;1967.6;1955.09;1960.69;0;0
Индекс МосБиржи;D;20170717;000000;1963.29;1972.49;1949.55;1959.11;0;0
Индекс МосБиржи;D;20170718;000000;1956.56;1966.86;1944.81;1947.71;0;0
Индекс МосБиржи;D;20170719;000000;1929.67;1951.89;1925.7;1951.89;0;0
Индекс МосБиржи;D;20170720;000000;1952.1;1959.33;1941.38;1946.51;0;0
Индекс МосБиржи;D;20170721;000000;1946.19;1946.19;1921;1925.13;0;0
Индекс МосБиржи;D;20170724;000000;1921.52;1934.25;1914.6;1931.75;0;0
Индекс МосБиржи;D;20170725;000000;1931.92;1936.25;1913.24;1923.73;0;0
Индекс МосБиржи;D;20170726;000000;1928.13;1938.56;1923.9;1933.1;0;0
Индекс МосБиржи;D;20170727;000000;1935.12;1945.12;1935.12;1945.12;0;0
Индекс МосБиржи;D;20170728;000000;1940.79;1940.79;1904.26;1916.75;0;0
Индекс МосБиржи;D;20170731;000000;1917.34;1930.27;1904.56;1919.53;0;0
Индекс МосБиржи;D;20170801;000000;1924.77;1948.62;1924.77;1940.14;0;0
Индекс МосБиржи;D;20170802;000000;1940.95;1966.97;1940.77;1965.48;0;0
Индекс МосБиржи;D;20170803;000000;1965.56;1976.36;1961.38;1965.29;0;0
Индекс МосБиржи;D;20170804;000000;1962.46;1962.46;1950.57;1953.49;0;0
Индекс МосБиржи;D;20170807;000000;1953.62;1970.96;1953.62;1970.37;0;0
Индекс МосБиржи;D;20170808;000000;1970.3;1989.77;1969.75;1989.61;0;0
Индекс МосБиржи;D;20170809;000000;1985.31;1987.95;1973.08;1975.91;0;0
Индекс МосБиржи;D;20170810;000000;1977.15;1983.74;1959.05;1960.23;0;0
Индекс МосБиржи;D;20170811;000000;1953.56;1953.56;1933.69;1944.83;0;0
Индекс МосБиржи;D;20170814;000000;1947.69;1960.38;1946.67;1951.75;0;0
Индекс МосБиржи;D;20170815;000000;1950.42;1952.6;1938.58;1950.28;0;0
Индекс МосБиржи;D;20170816;000000;1952.11;1957.62;1941.07;1942.88;0;0
Индекс МосБиржи;D;20170817;000000;1941.55;1947.95;1936.95;1941.52;0;0
Индекс МосБиржи;D;20170818;000000;1937.51;1937.51;1921.34;1930.71;0;0
Индекс МосБиржи;D;20170821;000000;1932.25;1943.78;1932.25;1937.66;0;0
Индекс МосБиржи;D;20170822;000000;1939.95;1948.28;1938.9;1947.4;0;0
Индекс МосБиржи;D;20170823;000000;1947.77;1958.58;1944.3;1958.52;0;0
Индекс МосБиржи;D;20170824;000000;1958.83;1973.5;1958.83;1973.5;0;0
Индекс МосБиржи;D;20170825;000000;1973.44;1981.79;1973.39;1979.14;0;0
Индекс МосБиржи;D;20170828;000000;1978.79;1987.23;1972.76;1987.15;0;0
Индекс МосБиржи;D;20170829;000000;1986.1;1989.12;1967.11;1989.12;0;0
Индекс МосБиржи;D;20170830;000000;1993;2009.29;1988.78;2008.88;0;0
Индекс МосБиржи;D;20170831;000000;2006.07;2030.86;2001.66;2022.22;0;0
Индекс МосБиржи;D;20170901;000000;2021.93;2030.37;2008.49;2010.98;0;0
Индекс МосБиржи;D;20170904;000000;2005.08;2012.29;1999.84;2003.32;0;0
Индекс МосБиржи;D;20170905;000000;2005.23;2014.03;1995.94;2004.02;0;0
Индекс МосБиржи;D;20170906;000000;2001.97;2015.63;1992.68;2014.6;0;0
Индекс МосБиржи;D;20170907;000000;2017.52;2025.37;2010.17;2010.17;0;0
Индекс МосБиржи;D;20170908;000000;2010.55;2037.48;2010.55;2032.75;0;0
Индекс МосБиржи;D;20170911;000000;2038.78;2049.07;2032.92;2044.13;0;0
Индекс МосБиржи;D;20170912;000000;2045.85;2059.96;2044.07;2058.8;0;0
Индекс МосБиржи;D;20170913;000000;2059.4;2072.96;2054.19;2054.19;0;0
Индекс МосБиржи;D;20170914;000000;2054.66;2055.93;2036.22;2052.25;0;0
Индекс МосБиржи;D;20170915;000000;2051.47;2061.6;2041.28;2053.81;0;0
Индекс МосБиржи;D;20170918;000000;2055.41;2062.75;2053.6;2059.08;0;0
Индекс МосБиржи;D;20170919;000000;2057.36;2059.16;2046.61;2048.99;0;0
Индекс МосБиржи;D;20170920;000000;2048.86;2058.08;2044.23;2057.53;0;0
Индекс МосБиржи;D;20170921;000000;2056.27;2066.41;2051.68;2060.24;0;0
Индекс МосБиржи;D;20170922;000000;2059.01;2059.01;2046.35;2051.63;0;0
Индекс МосБиржи;D;20170925;000000;2050.52;2070.82;2046.01;2069.11;0;0
Индекс МосБиржи;D;20170926;000000;2071.62;2086.65;2070.49;2071.13;0;0
Индекс МосБиржи;D;20170927;000000;2072.27;2085.14;2065.79;2081.12;0;0
Индекс МосБиржи;D;20170928;000000;2080.73;2084.39;2068.54;2071.64;0;0
Индекс МосБиржи;D;20170929;000000;2071.33;2077.28;2068.39;2077.19;0;0
Индекс МосБиржи;D;20171002;000000;2077.16;2083.43;2072.72;2075.72;0;0
Индекс МосБиржи;D;20171003;000000;2076.53;2084.03;2072.83;2076.81;0;0
Индекс МосБиржи;D;20171004;000000;2076.5;2080.05;2068.73;2077.09;0;0
Индекс МосБиржи;D;20171005;000000;2076.78;2088.64;2071.19;2088.32;0;0
Индекс МосБиржи;D;20171006;000000;2089.39;2103.05;2089.39;2093.86;0;0
Индекс МосБиржи;D;20171009;000000;2094.16;2100.29;2086.74;2096.29;0;0
Индекс МосБиржи;D;20171010;000000;2096.35;2096.35;2084.49;2086.91;0;0
Индекс МосБиржи;D;20171011;000000;2087.47;2103.29;2087.07;2101.07;0;0
Индекс МосБиржи;D;20171012;000000;2101.33;2101.33;2090.86;2094.96;0;0
Индекс МосБиржи;D;20171013;000000;2094.94;2105.64;2092.4;2098.77;0;0
Индекс МосБиржи;D;20171016;000000;2102.25;2106.39;2098.07;2106.39;0;0
Индекс МосБиржи;D;20171017;000000;2105.74;2106.49;2086.41;2092.57;0;0
Индекс МосБиржи;D;20171018;000000;2091.4;2101.35;2086.45;2094.4;0;0
Индекс МосБиржи;D;20171019;000000;2094.56;2099.66;2071.6;2072.73;0;0
Индекс МосБиржи;D;20171020;000000;2076.29;2079.64;2067.91;2071.83;0;0
Индекс МосБиржи;D;20171023;000000;2073.55;2078.59;2060.43;2063.81;0;0
Индекс МосБиржи;D;20171024;000000;2064.07;2066.21;2057.69;2061.79;0;0
Индекс МосБиржи;D;20171025;000000;2063.2;2073.44;2048.78;2049.48;0;0
Индекс МосБиржи;D;20171026;000000;2049.66;2053.53;2038.26;2046.69;0;0
Индекс МосБиржи;D;20171027;000000;2050.35;2068.76;2050.35;2068.76;0;0
Индекс МосБиржи;D;20171030;000000;2069.45;2076.96;2064.74;2065.25;0;0
Индекс МосБиржи;D;20171031;000000;2066.1;2079.28;2064.31;2064.31;0;0
Индекс МосБиржи;D;20171101;000000;2070.68;2089.83;2068.26;2082.73;0;0
Индекс МосБиржи;D;20171102;000000;2080.53;2080.53;2065.69;2073.04;0;0
Индекс МосБиржи;D;20171103;000000;2073.17;2096.04;2073.17;2081.15;0;0
Индекс МосБиржи;D;20171107;000000;2092.78;2155.55;2092.78;2155.55;0;0
Индекс МосБиржи;D;20171108;000000;2155.21;2178.42;2144.98;2163.01;0;0
Индекс МосБиржи;D;20171109;000000;2162;2183.61;2156.48;2183.61;0;0
Индекс МосБиржи;D;20171110;000000;2184.64;2190.56;2166.68;2169.26;0;0
Индекс МосБиржи;D;20171113;000000;2169.85;2191.71;2167.63;2167.63;0;0
Индекс МосБиржи;D;20171114;000000;2166.11;2185.56;2166.11;2166.83;0;0
Индекс МосБиржи;D;20171115;000000;2159.83;2162.41;2131.75;2131.75;0;0
Индекс МосБиржи;D;20171116;000000;2135.18;2147.83;2112.2;2132.65;0;0
Индекс МосБиржи;D;20171117;000000;2135.58;2139.43;2127.95;2131.91;0;0
Индекс МосБиржи;D;20171120;000000;2132.4;2139.91;2123.76;2130.39;0;0
Индекс МосБиржи;D;20171121;000000;2132.5;2155.82;2132.5;2155.82;0;0
Индекс МосБиржи;D;20171122;000000;2158.33;2168.01;2151.3;2160.16;0;0
Индекс МосБиржи;D;20171123;000000;2159.88;2160.64;2143.06;2148.56;0;0
Индекс МосБиржи;D;20171124;000000;2148.59;2163.61;2144.62;2161.17;0;0
Индекс МосБиржи;D;20171127;000000;2159.02;2164.32;2139.12;2145.87;0;0
Индекс МосБиржи;D;20171128;000000;2144.53;2149.45;2126.06;2149.45;0;0
Индекс МосБиржи;D;20171129;000000;2148.95;2150.88;2120.24;2124.08;0;0
Индекс МосБиржи;D;20171130;000000;2121.93;2123.18;2092.2;2100.62;0;0
Индекс МосБиржи;D;20171201;000000;2102.54;2109.33;2091.89;2105.99;0;0
Индекс МосБиржи;D;20171204;000000;2104.9;2123.08;2087.37;2119.42;0;0
Индекс МосБиржи;D;20171205;000000;2117.7;2117.7;2099.77;2113.69;0;0
Индекс МосБиржи;D;20171206;000000;2110.8;2126.16;2102.9;2124.12;0;0
Индекс МосБиржи;D;20171207;000000;2120.8;2120.83;2100.87;2103.15;0;0
Индекс МосБиржи;D;20171208;000000;2106.38;2118.71;2097.29;2104.99;0;0
Индекс МосБиржи;D;20171211;000000;2104.62;2148.6;2104.62;2148.6;0;0
Индекс МосБиржи;D;20171212;000000;2151.96;2160.75;2142.06;2160.75;0;0
Индекс МосБиржи;D;20171213;000000;2152.39;2158.25;2127.1;2131.94;0;0
Индекс МосБиржи;D;20171214;000000;2132.54;2152.41;2127.74;2152.41;0;0
Индекс МосБиржи;D;20171215;000000;2151.23;2151.23;2135.85;2143.99;0;0
Индекс МосБиржи;D;20171218;000000;2144.92;2155.92;2122.05;2134.58;0;0
Индекс МосБиржи;D;20171219;000000;2133.93;2139.27;2112.99;2118.16;0;0
Индекс МосБиржи;D;20171220;000000;2116.97;2120.57;2101.93;2102.97;0;0
Индекс МосБиржи;D;20171221;000000;2101.23;2103.62;2082.29;2093.38;0;0
Индекс МосБиржи;D;20171222;000000;2095.56;2109.44;2089.6;2102.94;0;0
Индекс МосБиржи;D;20171225;000000;2109.38;2115.68;2100.76;2105.06;0;0
Индекс МосБиржи;D;20171226;000000;2105.51;2107.48;2086.61;2097.03;0;0
Индекс МосБиржи;D;20171227;000000;2099.09;2108.74;2091.94;2106.17;0;0
Индекс МосБиржи;D;20171228;000000;2105.98;2106.25;2088.67;2102.89;0;0
Индекс МосБиржи;D;20171229;000000;2102.81;2110.9;2091.93;2109.74;0;0
Индекс МосБиржи;D;20180103;000000;2111.24;2152.97;2111.24;2152.97;0;0
Индекс МосБиржи;D;20180104;000000;2153.87;2197.6;2153.87;2197.6;0;0
Индекс МосБиржи;D;20180105;000000;2196.69;2207.41;2188.35;2207.41;0;0
Индекс МосБиржи;D;20180109;000000;2211.4;2242.87;2211.4;2225.39;0;0
Индекс МосБиржи;D;20180110;000000;2227.33;2233.63;2213.77;2232.27;0;0
Индекс МосБиржи;D;20180111;000000;2232.19;2246.82;2221.61;2246.45;0;0
Индекс МосБиржи;D;20180112;000000;2245.7;2262.38;2234.42;2262.38;0;0
Индекс МосБиржи;D;20180115;000000;2268.01;2280.17;2259.66;2261.53;0;0
Индекс МосБиржи;D;20180116;000000;2262.09;2265.64;2232.92;2257.89;0;0
Индекс МосБиржи;D;20180117;000000;2250.71;2277.89;2231.7;2277.89;0;0
Индекс МосБиржи;D;20180118;000000;2279.34;2299.64;2279.34;2297.47;0;0
Индекс МосБиржи;D;20180119;000000;2298.07;2306.79;2273.24;2286.33;0;0
Индекс МосБиржи;D;20180122;000000;2286.04;2308.61;2285.32;2308.61;0;0
Индекс МосБиржи;D;20180123;000000;2311.99;2315.77;2281.52;2298.95;0;0
Индекс МосБиржи;D;20180124;000000;2297.69;2306.99;2283.2;2306.99;0;0
Индекс МосБиржи;D;20180125;000000;2311.56;2328.48;2307.62;2320.03;0;0
Индекс МосБиржи;D;20180126;000000;2317.15;2317.15;2281.71;2295.26;0;0
Индекс МосБиржи;D;20180129;000000;2295.34;2303.49;2280.92;2284.27;0;0
Индекс МосБиржи;D;20180130;000000;2276.37;2301.98;2264.16;2280.36;0;0
Индекс МосБиржи;D;20180131;000000;2278.83;2295.88;2266.95;2289.99;0;0
Индекс МосБиржи;D;20180201;000000;2292.22;2313.21;2288.31;2302.57;0;0
Индекс МосБиржи;D;20180202;000000;2303.06;2309.6;2272.84;2281.84;0;0
Индекс МосБиржи;D;20180205;000000;2272.67;2281.97;2255.43;2276.85;0;0
Индекс МосБиржи;D;20180206;000000;2233.31;2258.79;2222.85;2238.24;0;0
Индекс МосБиржи;D;20180207;000000;2247.99;2267.35;2247.99;2254.64;0;0
Индекс МосБиржи;D;20180208;000000;2248.98;2259.4;2227.24;2227.24;0;0
Индекс МосБиржи;D;20180209;000000;2209.67;2217.89;2181.96;2197.12;0;0
Индекс МосБиржи;D;20180212;000000;2208.98;2229.81;2206.28;2220.12;0;0
Индекс МосБиржи;D;20180213;000000;2225.71;2250.63;2220.69;2250.63;0;0
Индекс МосБиржи;D;20180214;000000;2252.95;2259.06;2232.96;2257.95;0;0
Индекс МосБиржи;D;20180215;000000;2267.82;2280.27;2265.45;2265.45;0;0
Индекс МосБиржи;D;20180216;000000;2266.42;2283.65;2248.3;2255.27;0;0
Индекс МосБиржи;D;20180219;000000;2255.37;2266.89;2251.18;2254.92;0;0
Индекс МосБиржи;D;20180220;000000;2256.01;2271.37;2254.92;2270.12;0;0
Индекс МосБиржи;D;20180221;000000;2268.27;2320.32;2265.85;2320.32;0;0
Индекс МосБиржи;D;20180222;000000;2316.09;2336.82;2307.28;2336.82;0;0
Индекс МосБиржи;D;20180226;000000;2353.89;2376.96;2346.73;2353.16;0;0
Индекс МосБиржи;D;20180227;000000;2356.75;2357.1;2333.38;2341.89;0;0
Индекс МосБиржи;D;20180228;000000;2338.26;2338.26;2296.8;2296.8;0;0
Индекс МосБиржи;D;20180301;000000;2286.41;2306.51;2281.22;2297.9;0;0
Индекс МосБиржи;D;20180302;000000;2295.15;2301.77;2263.77;2288.84;0;0
Индекс МосБиржи;D;20180305;000000;2291.9;2317.01;2291.9;2309.53;0;0
Индекс МосБиржи;D;20180306;000000;2312.6;2325.16;2302.11;2303.32;0;0
Индекс МосБиржи;D;20180307;000000;2299.38;2299.38;2269.9;2291.23;0;0
Индекс МосБиржи;D;20180309;000000;2290.77;2311.69;2286.23;2311.69;0;0
Индекс МосБиржи;D;20180312;000000;2317.19;2326.41;2309.6;2318.01;0;0
Индекс МосБиржи;D;20180313;000000;2315.24;2326.06;2305.25;2319.38;0;0
Индекс МосБиржи;D;20180314;000000;2316.6;2316.6;2275.24;2275.24;0;0
Индекс МосБиржи;D;20180315;000000;2275.06;2284.79;2262.21;2272.49;0;0
Индекс МосБиржи;D;20180316;000000;2273.51;2294.6;2255.95;2294.6;0;0
Индекс МосБиржи;D;20180319;000000;2299.01;2302.78;2279.5;2281.72;0;0
Индекс МосБиржи;D;20180320;000000;2281.53;2293.85;2263.48;2291.18;0;0
Индекс МосБиржи;D;20180321;000000;2292.74;2316.08;2290.18;2309.36;0;0
Индекс МосБиржи;D;20180322;000000;2311.31;2317.38;2279.63;2285.76;0;0
Индекс МосБиржи;D;20180323;000000;2272.32;2288.15;2259.78;2285.53;0;0
Индекс МосБиржи;D;20180326;000000;2285.15;2285.15;2240.85;2240.85;0;0
Индекс МосБиржи;D;20180327;000000;2248.11;2271.62;2243.08;2262.5;0;0
Индекс МосБиржи;D;20180328;000000;2260.18;2260.18;2241.07;2249.23;0;0
Индекс МосБиржи;D;20180329;000000;2251.61;2274.62;2251.61;2274.62;0;0
Индекс МосБиржи;D;20180330;000000;2278.94;2281.54;2270.98;2270.98;0;0
Индекс МосБиржи;D;20180402;000000;2271.91;2294.08;2256.64;2256.64;0;0
Индекс МосБиржи;D;20180403;000000;2259.8;2264.07;2245.83;2263.85;0;0
Индекс МосБиржи;D;20180404;000000;2264.74;2273.53;2248.48;2265.6;0;0
Индекс МосБиржи;D;20180405;000000;2270.16;2297.69;2270.16;2296.25;0;0
Индекс МосБиржи;D;20180406;000000;2286.35;2293.99;2274.91;2281.23;0;0
Индекс МосБиржи;D;20180409;000000;2272.4;2272.4;2065.32;2090.88;0;0
Индекс МосБиржи;D;20180410;000000;2090.73;2199.44;2083.3;2173.76;0;0
Индекс МосБиржи;D;20180411;000000;2172.45;2231.26;2157.92;2192.15;0;0
Индекс МосБиржи;D;20180412;000000;2206.94;2220.83;2173.6;2210.05;0;0
Индекс МосБиржи;D;20180413;000000;2210.02;2219.1;2167.9;2175.16;0;0
Индекс МосБиржи;D;20180416;000000;2156.28;2179.75;2141.17;2143.67;0;0
Индекс МосБиржи;D;20180417;000000;2173.45;2191.19;2165.21;2191.19;0;0
Индекс МосБиржи;D;20180418;000000;2193.73;2246.6;2191.67;2241.49;0;0
Индекс МосБиржи;D;20180419;000000;2248.08;2265.92;2219.49;2230.55;0;0
Индекс МосБиржи;D;20180420;000000;2231.08;2242.72;2222.81;2232.66;0;0
Индекс МосБиржи;D;20180423;000000;2232.33;2250.99;2212.16;2250.99;0;0
Индекс МосБиржи;D;20180424;000000;2260.17;2270.61;2245.57;2253.77;0;0
Индекс МосБиржи;D;20180425;000000;2245.06;2253.5;2229.66;2253.5;0;0
Индекс МосБиржи;D;20180426;000000;2255.66;2286.73;2253.92;2286.02;0;0
Индекс МосБиржи;D;20180427;000000;2287.95;2302.54;2281.49;2301.49;0;0
Индекс МосБиржи;D;20180428;000000;2300.85;2300.85;2288.23;2297.3;0;0
Индекс МосБиржи;D;20180430;000000;2296.11;2322.38;2289.33;2307.02;0;0
Индекс МосБиржи;D;20180502;000000;2304.28;2317.43;2298.52;2306.42;0;0
Индекс МосБиржи;D;20180503;000000;2303.34;2313.85;2274.07;2274.07;0;0
Индекс МосБиржи;D;20180504;000000;2278.9;2294.35;2278.9;2289.47;0;0
Индекс МосБиржи;D;20180507;000000;2294.1;2313.73;2292.63;2297.12;0;0
Индекс МосБиржи;D;20180508;000000;2292.78;2301.99;2277.17;2301.99;0;0
Индекс МосБиржи;D;20180510;000000;2315.39;2322.45;2303.15;2312.92;0;0
Индекс МосБиржи;D;20180511;000000;2317.6;2346.98;2317.53;2345.26;0;0
Индекс МосБиржи;D;20180514;000000;2345.93;2358.59;2326.27;2357.62;0;0
Индекс МосБиржи;D;20180515;000000;2353.22;2354.11;2330.59;2337.03;0;0
Индекс МосБиржи;D;20180516;000000;2336.52;2350.49;2328.86;2338.39;0;0
Индекс МосБиржи;D;20180517;000000;2342.22;2346.04;2323.51;2323.51;0;0
Индекс МосБиржи;D;20180518;000000;2323.75;2338.94;2321.93;2326.94;0;0
Индекс МосБиржи;D;20180521;000000;2328.42;2347.93;2328.42;2332.63;0;0
Индекс МосБиржи;D;20180522;000000;2333.89;2336.77;2317.78;2326.87;0;0
Индекс МосБиржи;D;20180523;000000;2317;2318.77;2294.98;2295.57;0;0
Индекс МосБиржи;D;20180524;000000;2298.73;2310.08;2289.68;2294.01;0;0
Индекс МосБиржи;D;20180525;000000;2297.91;2316.13;2296.91;2306.57;0;0
Индекс МосБиржи;D;20180528;000000;2306.23;2314.48;2301.82;2311.28;0;0
Индекс МосБиржи;D;20180529;000000;2314.11;2316.59;2285.41;2298;0;0
Индекс МосБиржи;D;20180530;000000;2298.52;2307.82;2289.21;2297.6;0;0
Индекс МосБиржи;D;20180531;000000;2303.34;2315.15;2289.65;2302.88;0;0
Индекс МосБиржи;D;20180601;000000;2297.13;2311.95;2292.97;2295.34;0;0
Индекс МосБиржи;D;20180604;000000;2299.65;2324.2;2299.65;2323.64;0;0
Индекс МосБиржи;D;20180605;000000;2322.71;2329.03;2310.82;2318.23;0;0
Индекс МосБиржи;D;20180606;000000;2319.33;2322.05;2302.7;2315.45;0;0
Индекс МосБиржи;D;20180607;000000;2318.28;2326.44;2316.07;2316.07;0;0
Индекс МосБиржи;D;20180608;000000;2313;2316.92;2267.92;2267.92;0;0
Индекс МосБиржи;D;20180609;000000;2268.99;2284.13;2268.99;2281.51;0;0
Индекс МосБиржи;D;20180611;000000;2283.64;2285.14;2260.4;2271.74;0;0
Индекс МосБиржи;D;20180613;000000;2275.69;2283.73;2268.36;2270.73;0;0
Индекс МосБиржи;D;20180614;000000;2268.94;2269.1;2247.96;2253.48;0;0
Индекс МосБиржи;D;20180615;000000;2254.09;2261.74;2235.93;2237.53;0;0
Индекс МосБиржи;D;20180618;000000;2234.53;2241.3;2216.21;2222.56;0;0
Индекс МосБиржи;D;20180619;000000;2216.94;2228.84;2192.63;2221.42;0;0
Индекс МосБиржи;D;20180620;000000;2226.49;2263.76;2226.49;2256.27;0;0
Индекс МосБиржи;D;20180621;000000;2255.51;2268.93;2243.71;2245.94;0;0
Индекс МосБиржи;D;20180622;000000;2250.99;2262.18;2236.44;2249.68;0;0
Индекс МосБиржи;D;20180625;000000;2234.22;2255.69;2232.82;2236.65;0;0
Индекс МосБиржи;D;20180626;000000;2238.35;2253.3;2229.47;2231.03;0;0
Индекс МосБиржи;D;20180627;000000;2239.75;2265.33;2223.28;2253.6;0;0
Индекс МосБиржи;D;20180628;000000;2254.46;2264.76;2246.92;2250.26;0;0
Индекс МосБиржи;D;20180629;000000;2262.16;2295.95;2261.58;2295.95;0;0
Индекс МосБиржи;D;20180702;000000;2294.1;2327.72;2287.85;2319.31;0;0
Индекс МосБиржи;D;20180703;000000;2319.37;2320.41;2296.92;2301.65;0;0
Индекс МосБиржи;D;20180704;000000;2301.68;2309.57;2299.45;2304.06;0;0
Индекс МосБиржи;D;20180705;000000;2299.68;2346.86;2293.78;2346.86;0;0
Индекс МосБиржи;D;20180706;000000;2342.62;2350.97;2319.94;2345.38;0;0
Индекс МосБиржи;D;20180709;000000;2351.69;2375.83;2351.69;2373.17;0;0
Индекс МосБиржи;D;20180710;000000;2368.28;2379.33;2359.16;2365.17;0;0
Индекс МосБиржи;D;20180711;000000;2355.79;2355.79;2326.24;2336.15;0;0
Индекс МосБиржи;D;20180712;000000;2332.23;2336.52;2307.95;2322.06;0;0
Индекс МосБиржи;D;20180713;000000;2326.76;2346.43;2324.9;2346.43;0;0
Индекс МосБиржи;D;20180716;000000;2343.02;2352.3;2321.33;2334.18;0;0
Индекс МосБиржи;D;20180717;000000;2325.28;2325.28;2293.76;2310.92;0;0
Индекс МосБиржи;D;20180718;000000;2294.22;2303.39;2284.45;2294.78;0;0
Индекс МосБиржи;D;20180719;000000;2297.15;2297.15;2262.99;2269.45;0;0
Индекс МосБиржи;D;20180720;000000;2269.97;2274.66;2239.77;2247.82;0;0
Индекс МосБиржи;D;20180723;000000;2250.57;2273.13;2250.57;2261.25;0;0
Индекс МосБиржи;D;20180724;000000;2264.38;2281.62;2263.36;2278.3;0;0
Индекс МосБиржи;D;20180725;000000;2268.11;2285.22;2258.31;2282.84;0;0
Индекс МосБиржи;D;20180726;000000;2287.75;2300.05;2283.01;2293.07;0;0
Индекс МосБиржи;D;20180727;000000;2293.87;2298.07;2275.23;2292.72;0;0
Индекс МосБиржи;D;20180730;000000;2288.29;2298.76;2276.68;2295.72;0;0
Индекс МосБиржи;D;20180731;000000;2290.76;2321.11;2286.84;2321.11;0;0
Индекс МосБиржи;D;20180801;000000;2317.83;2326.36;2307.99;2315.18;0;0
Индекс МосБиржи;D;20180802;000000;2311.78;2321.78;2288.11;2295.15;0;0
Индекс МосБиржи;D;20180803;000000;2294.37;2299.08;2277.3;2297.99;0;0
Индекс МосБиржи;D;20180806;000000;2297.62;2310.96;2286.88;2299.88;0;0
Индекс МосБиржи;D;20180807;000000;2303.47;2320.38;2301.21;2312.19;0;0
Индекс МосБиржи;D;20180808;000000;2308.62;2310.65;2275.15;2293.01;0;0
Индекс МосБиржи;D;20180809;000000;2282.02;2309.58;2257.51;2309.58;0;0
Индекс МосБиржи;D;20180810;000000;2295.59;2308.46;2259.67;2275.05;0;0
Индекс МосБиржи;D;20180813;000000;2264.6;2298.36;2255.75;2285.61;0;0
Индекс МосБиржи;D;20180814;000000;2298.73;2305.88;2268.92;2282.88;0;0
Индекс МосБиржи;D;20180815;000000;2281.4;2282.34;2246.45;2267.13;0;0
Индекс МосБиржи;D;20180816;000000;2269.02;2273.44;2249.77;2261.09;0;0
Индекс МосБиржи;D;20180817;000000;2261.69;2268.89;2247.45;2255.12;0;0
Индекс МосБиржи;D;20180820;000000;2266.06;2279.52;2265.19;2272.49;0;0
Индекс МосБиржи;D;20180821;000000;2274.36;2291.76;2259.81;2291.76;0;0
Индекс МосБиржи;D;20180822;000000;2296.17;2306.1;2278.23;2297.06;0;0
Индекс МосБиржи;D;20180823;000000;2293.98;2303.47;2258.11;2260.04;0;0
Индекс МосБиржи;D;20180824;000000;2258.94;2281.74;2240.71;2279.76;0;0
Индекс МосБиржи;D;20180827;000000;2281.87;2312.93;2281.87;2312.93;0;0
Индекс МосБиржи;D;20180828;000000;2313.85;2323.45;2310.99;2316.28;0;0
Индекс МосБиржи;D;20180829;000000;2316.73;2348.44;2316.66;2348.44;0;0
Индекс МосБиржи;D;20180830;000000;2352.06;2359.58;2325.8;2330.92;0;0
Индекс МосБиржи;D;20180831;000000;2328.52;2345.85;2310.78;2345.85;0;0
Индекс МосБиржи;D;20180903;000000;2344.3;2353.09;2339.39;2346.08;0;0
Индекс МосБиржи;D;20180904;000000;2348.65;2358.88;2332.34;2336.38;0;0
Индекс МосБиржи;D;20180905;000000;2333.04;2341.37;2321.33;2321.33;0;0
Индекс МосБиржи;D;20180906;000000;2320.08;2342.02;2320.08;2320.65;0;0
Индекс МосБиржи;D;20180907;000000;2321.66;2330.84;2305.27;2321.82;0;0
Индекс МосБиржи;D;20180910;000000;2322.67;2335.85;2320.04;2335.85;0;0
Индекс МосБиржи;D;20180911;000000;2336.16;2345.65;2314.8;2335.19;0;0
Индекс МосБиржи;D;20180912;000000;2339.77;2350;2328.28;2340.63;0;0
Индекс МосБиржи;D;20180913;000000;2339.4;2373.61;2339.4;2357.32;0;0
Индекс МосБиржи;D;20180914;000000;2359.06;2369.06;2345.51;2360.26;0;0
Индекс МосБиржи;D;20180917;000000;2362.24;2373.76;2350.09;2373.75;0;0
Индекс МосБиржи;D;20180918;000000;2374.09;2402.58;2372;2402.58;0;0
Индекс МосБиржи;D;20180919;000000;2405.31;2416.53;2396.18;2404.42;0;0
Индекс МосБиржи;D;20180920;000000;2405.36;2434.94;2400.89;2400.89;0;0
Индекс МосБиржи;D;20180921;000000;2401.35;2426.8;2401;2426.8;0;0
Индекс МосБиржи;D;20180924;000000;2426.41;2432.64;2417.45;2430.01;0;0
Индекс МосБиржи;D;20180925;000000;2432.76;2444.65;2420.3;2444.22;0;0
Индекс МосБиржи;D;20180926;000000;2445.35;2449.42;2421.45;2427.29;0;0
Индекс МосБиржи;D;20180927;000000;2423.75;2474.57;2423.14;2474.57;0;0
Индекс МосБиржи;D;20180928;000000;2467.95;2476.86;2446.53;2475.36;0;0
Индекс МосБиржи;D;20181001;000000;2481.45;2493.82;2461.77;2472.22;0;0
Индекс МосБиржи;D;20181002;000000;2475.65;2480.19;2445.51;2449.7;0;0
Индекс МосБиржи;D;20181003;000000;2451.45;2501.78;2451.45;2493.91;0;0
Индекс МосБиржи;D;20181004;000000;2492.54;2498.07;2459.02;2465.03;0;0
Индекс МосБиржи;D;20181005;000000;2458.28;2466.31;2436.98;2450.9;0;0
Индекс МосБиржи;D;20181008;000000;2449.95;2466.17;2436.49;2454.28;0;0
Индекс МосБиржи;D;20181009;000000;2459.63;2478.87;2443.83;2443.83;0;0
Индекс МосБиржи;D;20181010;000000;2445.78;2454.28;2411.06;2417.69;0;0
Индекс МосБиржи;D;20181011;000000;2386.03;2388.63;2351.68;2366.47;0;0
Индекс МосБиржи;D;20181012;000000;2371.68;2407.4;2371.68;2403.02;0;0
Индекс МосБиржи;D;20181015;000000;2405.53;2414.16;2374.8;2389.05;0;0
Индекс МосБиржи;D;20181016;000000;2387.35;2418.65;2377.81;2417.26;0;0
Индекс МосБиржи;D;20181017;000000;2422.45;2433.5;2400.53;2411.42;0;0
Индекс МосБиржи;D;20181018;000000;2408.97;2411.22;2377.37;2378.62;0;0
Индекс МосБиржи;D;20181019;000000;2381.06;2381.83;2342.05;2344.79;0;0
Индекс МосБиржи;D;20181022;000000;2347.29;2361;2306.26;2308.56;0;0
Индекс МосБиржи;D;20181023;000000;2302.84;2321.46;2289.23;2305.58;0;0
Индекс МосБиржи;D;20181024;000000;2311.28;2348.87;2307.96;2336.49;0;0
Индекс МосБиржи;D;20181025;000000;2323.03;2336.68;2307.06;2331.59;0;0
Индекс МосБиржи;D;20181026;000000;2328.82;2328.82;2275.58;2293.22;0;0
Индекс МосБиржи;D;20181029;000000;2290.53;2321.77;2287.05;2317.06;0;0
Индекс МосБиржи;D;20181030;000000;2311.54;2316.89;2283.13;2299.98;0;0
Индекс МосБиржи;D;20181031;000000;2306.18;2352.71;2306.18;2352.71;0;0
Индекс МосБиржи;D;20181101;000000;2352.94;2366.37;2333.09;2359.33;0;0
Индекс МосБиржи;D;20181102;000000;2364.36;2385.95;2363.64;2377.95;0;0
Индекс МосБиржи;D;20181106;000000;2381.38;2412.31;2381.38;2412.31;0;0
Индекс МосБиржи;D;20181107;000000;2411.46;2445.34;2392.05;2445.34;0;0
Индекс МосБиржи;D;20181108;000000;2446.23;2454.84;2430.84;2438.62;0;0
Индекс МосБиржи;D;20181109;000000;2431.85;2431.85;2385.23;2403.47;0;0
Индекс МосБиржи;D;20181112;000000;2407.97;2425.08;2391.57;2393.81;0;0
Индекс МосБиржи;D;20181113;000000;2388.27;2398.95;2373.61;2374.94;0;0
Индекс МосБиржи;D;20181114;000000;2368.89;2379.67;2346.68;2378.59;0;0
Индекс МосБиржи;D;20181115;000000;2382.43;2396.93;2377.48;2381.45;0;0
Индекс МосБиржи;D;20181116;000000;2384.76;2398.2;2365.2;2372.67;0;0
Индекс МосБиржи;D;20181119;000000;2375.21;2391.72;2368.45;2373.78;0;0
Индекс МосБиржи;D;20181120;000000;2371.71;2371.71;2323.95;2341.6;0;0
Индекс МосБиржи;D;20181121;000000;2339.29;2362.28;2336.18;2357.97;0;0
Индекс МосБиржи;D;20181122;000000;2358.14;2372.06;2348.04;2369.53;0;0
Индекс МосБиржи;D;20181123;000000;2368.39;2368.39;2334;2342.97;0;0
Индекс МосБиржи;D;20181126;000000;2344.38;2346.94;2284.3;2308.5;0;0
Индекс МосБиржи;D;20181127;000000;2311.17;2345.01;2310.32;2338.71;0;0
Индекс МосБиржи;D;20181128;000000;2341.11;2386.82;2341.11;2381.12;0;0
Индекс МосБиржи;D;20181129;000000;2387.45;2410.49;2377.92;2398.56;0;0
Индекс МосБиржи;D;20181130;000000;2394.54;2402.14;2378.74;2392.5;0;0
Индекс МосБиржи;D;20181203;000000;2405.18;2446.15;2405.18;2441.19;0;0
Индекс МосБиржи;D;20181204;000000;2440.63;2449.92;2426.71;2443.38;0;0
Индекс МосБиржи;D;20181205;000000;2425.02;2445.55;2409.32;2445.55;0;0
Индекс МосБиржи;D;20181206;000000;2438.79;2438.79;2391.63;2412.31;0;0
Индекс МосБиржи;D;20181207;000000;2415.04;2440.03;2412.7;2431.29;0;0
Индекс МосБиржи;D;20181210;000000;2426.4;2429.72;2396.69;2396.84;0;0
Индекс МосБиржи;D;20181211;000000;2397.71;2408.07;2382.2;2394.26;0;0
Индекс МосБиржи;D;20181212;000000;2392.84;2395.81;2366.76;2370.35;0;0
Индекс МосБиржи;D;20181213;000000;2368.3;2379.18;2359.83;2378.5;0;0
Индекс МосБиржи;D;20181214;000000;2376.87;2376.87;2351.62;2365.69;0;0
Индекс МосБиржи;D;20181217;000000;2363.55;2379.07;2354.87;2359.13;0;0
Индекс МосБиржи;D;20181218;000000;2353.75;2353.75;2321.57;2350.29;0;0
Индекс МосБиржи;D;20181219;000000;2347.28;2360.36;2330.72;2358.58;0;0
Индекс МосБиржи;D;20181220;000000;2348.79;2352.88;2317.57;2352.88;0;0
Индекс МосБиржи;D;20181221;000000;2351.98;2351.98;2330.86;2347.17;0;0
Индекс МосБиржи;D;20181224;000000;2345.98;2346.36;2315.43;2322.27;0;0
Индекс МосБиржи;D;20181225;000000;2318.43;2318.43;2258.27;2290.86;0;0
Индекс МосБиржи;D;20181226;000000;2291.98;2315.98;2291.98;2308.85;0;0
Индекс МосБиржи;D;20181227;000000;2316.66;2340.63;2316.66;2327.81;0;0
Индекс МосБиржи;D;20181228;000000;2329.96;2369.24;2329.96;2358.5;0;0
Индекс МосБиржи;D;20181229;000000;2359.38;2370;2357.1;2369.33;0;0
Индекс МосБиржи;D;20190103;000000;2370.56;2387.21;2350.41;2375.6;0;0
Индекс МосБиржи;D;20190104;000000;2377.71;2406.5;2377.71;2406.5;0;0
Индекс МосБиржи;D;20190108;000000;2400.96;2403.66;2375.01;2389.69;0;0
Индекс МосБиржи;D;20190109;000000;2393.55;2414.13;2393.55;2414.13;0;0
Индекс МосБиржи;D;20190110;000000;2413.27;2434.15;2398.16;2434.15;0;0
Индекс МосБиржи;D;20190111;000000;2435.71;2448.17;2430.45;2444.45;0;0
Индекс МосБиржи;D;20190114;000000;2438.35;2440.15;2418.65;2440.15;0;0
Индекс МосБиржи;D;20190115;000000;2442.26;2457.35;2423.86;2439.55;0;0
Индекс МосБиржи;D;20190116;000000;2440.34;2446.13;2426.8;2434.6;0;0
Индекс МосБиржи;D;20190117;000000;2436.48;2447.64;2425.51;2447.64;0;0
Индекс МосБиржи;D;20190118;000000;2454.19;2473.61;2451.65;2473.61;0;0
Индекс МосБиржи;D;20190121;000000;2473.67;2481.88;2468.18;2468.25;0;0
Индекс МосБиржи;D;20190122;000000;2466.35;2469.87;2454.19;2468.73;0;0
Индекс МосБиржи;D;20190123;000000;2467.91;2493.06;2466.59;2491.49;0;0
Индекс МосБиржи;D;20190124;000000;2490.05;2494.09;2470.3;2482.71;0;0
Индекс МосБиржи;D;20190125;000000;2485.71;2498.23;2482.99;2498.23;0;0
Индекс МосБиржи;D;20190128;000000;2499.19;2502.73;2467.5;2476.81;0;0
Индекс МосБиржи;D;20190129;000000;2475.68;2501.69;2464.25;2498.35;0;0
Индекс МосБиржи;D;20190130;000000;2497.09;2513.77;2492.52;2511.86;0;0
Индекс МосБиржи;D;20190131;000000;2517.89;2536.28;2515.86;2521.1;0;0
Индекс МосБиржи;D;20190201;000000;2520.08;2531.51;2512.76;2521.7;0;0
Индекс МосБиржи;D;20190204;000000;2523.04;2537.47;2519.79;2523.52;0;0
Индекс МосБиржи;D;20190205;000000;2524.35;2549.62;2523.78;2547.27;0;0
Индекс МосБиржи;D;20190206;000000;2547.53;2551.97;2533.92;2539.73;0;0
Индекс МосБиржи;D;20190207;000000;2537.41;2540.45;2506.6;2509.89;0;0
Индекс МосБиржи;D;20190208;000000;2508.85;2511.21;2495;2502.82;0;0
Индекс МосБиржи;D;20190211;000000;2503.88;2521.82;2503.76;2510.22;0;0
Индекс МосБиржи;D;20190212;000000;2510.91;2535.66;2510.91;2533.32;0;0
Индекс МосБиржи;D;20190213;000000;2534.57;2535.96;2483.81;2485.76;0;0
Индекс МосБиржи;D;20190214;000000;2468.31;2475.5;2448.41;2460.82;0;0
Индекс МосБиржи;D;20190215;000000;2465.02;2490.16;2465.02;2490.16;0;0
Индекс МосБиржи;D;20190218;000000;2489.79;2494.43;2456.01;2472.41;0;0
Индекс МосБиржи;D;20190219;000000;2471.17;2480.29;2450.17;2458.55;0;0
Индекс МосБиржи;D;20190220;000000;2462.15;2487.82;2462.15;2487.82;0;0
Индекс МосБиржи;D;20190221;000000;2488.44;2494.05;2462.92;2470.23;0;0
Индекс МосБиржи;D;20190222;000000;2470.75;2490.67;2468.14;2488.63;0;0
Индекс МосБиржи;D;20190225;000000;2491.54;2506.94;2481.73;2494.63;0;0
Индекс МосБиржи;D;20190226;000000;2488.43;2494.02;2470.35;2494.02;0;0
Индекс МосБиржи;D;20190227;000000;2495.52;2502.59;2479.44;2490.65;0;0
Индекс МосБиржи;D;20190228;000000;2489.09;2490.57;2468.06;2485.27;0;0
Индекс МосБиржи;D;20190301;000000;2487.44;2494.89;2476.35;2478.01;0;0
Индекс МосБиржи;D;20190304;000000;2478.91;2483.27;2469.5;2473.79;0;0
Индекс МосБиржи;D;20190305;000000;2472.19;2473.76;2458.07;2466.23;0;0
Индекс МосБиржи;D;20190306;000000;2467.7;2497.08;2467.7;2494.04;0;0
Индекс МосБиржи;D;20190307;000000;2491.83;2492.61;2473.31;2476.64;0;0
Индекс МосБиржи;D;20190311;000000;2474.45;2474.54;2459.78;2465.94;0;0
Индекс МосБиржи;D;20190312;000000;2469.6;2479.4;2461.26;2468.25;0;0
Индекс МосБиржи;D;20190313;000000;2468.26;2470.61;2452.09;2470.61;0;0
Индекс МосБиржи;D;20190314;000000;2469.38;2475.85;2454.74;2457.79;0;0
Индекс МосБиржи;D;20190315;000000;2459.78;2476.73;2457.36;2476.73;0;0
Индекс МосБиржи;D;20190318;000000;2477.03;2488.5;2467.45;2483.7;0;0
Индекс МосБиржи;D;20190319;000000;2485.05;2497.18;2484.48;2493.28;0;0
Индекс МосБиржи;D;20190320;000000;2493.37;2504.23;2484.27;2504.23;0;0
Индекс МосБиржи;D;20190321;000000;2505.06;2514.72;2497.99;2507.81;0;0
Индекс МосБиржи;D;20190322;000000;2507.96;2509.96;2486.01;2492.7;0;0
Индекс МосБиржи;D;20190325;000000;2487.89;2499.41;2473.76;2497.59;0;0
Индекс МосБиржи;D;20190326;000000;2498.6;2520.02;2492.36;2512.63;0;0
Индекс МосБиржи;D;20190327;000000;2510.69;2514.48;2487.48;2487.48;0;0
Индекс МосБиржи;D;20190328;000000;2487.7;2497.65;2482.82;2492.4;0;0
Индекс МосБиржи;D;20190329;000000;2493.77;2509.65;2486.72;2497.1;0;0
Индекс МосБиржи;D;20190401;000000;2498.73;2527.06;2498.73;2521.25;0;0
Индекс МосБиржи;D;20190402;000000;2523.03;2532.34;2514.55;2527.77;0;0
Индекс МосБиржи;D;20190403;000000;2530.9;2549.56;2530.9;2532.32;0;0
Индекс МосБиржи;D;20190404;000000;2530.56;2538.36;2523.69;2535.5;0;0
Индекс МосБиржи;D;20190405;000000;2535.5;2548.52;2534.78;2540.99;0;0
Индекс МосБиржи;D;20190408;000000;2542.61;2560.07;2542.61;2560.07;0;0
Индекс МосБиржи;D;20190409;000000;2563.85;2574.07;2556.37;2570.28;0;0
Индекс МосБиржи;D;20190410;000000;2571.7;2591.69;2565.33;2578.58;0;0
Индекс МосБиржи;D;20190411;000000;2578.37;2587.09;2551.45;2551.45;0;0
Индекс МосБиржи;D;20190412;000000;2550.87;2569.84;2547;2559.72;0;0
Индекс МосБиржи;D;20190415;000000;2564.48;2569.92;2539.74;2545.12;0;0
Индекс МосБиржи;D;20190416;000000;2547.17;2567.06;2540.35;2559.84;0;0
Индекс МосБиржи;D;20190417;000000;2563.47;2574.81;2560.04;2568.26;0;0
Индекс МосБиржи;D;20190418;000000;2567.34;2567.34;2547.37;2560.8;0;0
Индекс МосБиржи;D;20190419;000000;2561.11;2566.88;2560.73;2563.9;0;0
Индекс МосБиржи;D;20190422;000000;2567.24;2585.76;2567.24;2584.74;0;0
Индекс МосБиржи;D;20190423;000000;2586.06;2599.58;2576.82;2587.48;0;0
Индекс МосБиржи;D;20190424;000000;2587.07;2587.24;2567.38;2579.05;0;0
Индекс МосБиржи;D;20190425;000000;2578.52;2586.93;2558.75;2560.94;0;0
Индекс МосБиржи;D;20190426;000000;2560.7;2563.72;2547.87;2563.72;0;0
Индекс МосБиржи;D;20190429;000000;2564.09;2577.46;2556.71;2569.83;0;0
Индекс МосБиржи;D;20190430;000000;2570.19;2570.33;2552.86;2559.32;0;0
Индекс МосБиржи;D;20190502;000000;2558.81;2580.92;2557.69;2575.22;0;0
Индекс МосБиржи;D;20190503;000000;2574.11;2587.09;2572.84;2580.95;0;0
Индекс МосБиржи;D;20190506;000000;2569.28;2579.75;2552.34;2579.75;0;0
Индекс МосБиржи;D;20190507;000000;2579.59;2583.18;2556.98;2565.1;0;0
Индекс МосБиржи;D;20190508;000000;2563.66;2564.38;2544.43;2544.43;0;0
Индекс МосБиржи;D;20190510;000000;2538.16;2540.33;2511.16;2514.87;0;0
Индекс МосБиржи;D;20190513;000000;2512.23;2531.54;2506.47;2508.87;0;0
Индекс МосБиржи;D;20190514;000000;2508.93;2566.92;2508.93;2562.33;0;0
Индекс МосБиржи;D;20190515;000000;2569.33;2576.56;2549.17;2554.49;0;0
Индекс МосБиржи;D;20190516;000000;2552.69;2590.46;2552.34;2581.11;0;0
Индекс МосБиржи;D;20190517;000000;2576.45;2587.26;2569.1;2577.48;0;0
Индекс МосБиржи;D;20190520;000000;2582.01;2588.39;2567.11;2571.65;0;0
Индекс МосБиржи;D;20190521;000000;2575.15;2619.77;2572.36;2616.53;0;0
Индекс МосБиржи;D;20190522;000000;2619.66;2645.7;2610.46;2638.71;0;0
Индекс МосБиржи;D;20190523;000000;2634.19;2634.19;2615.7;2618.61;0;0
Индекс МосБиржи;D;20190524;000000;2621.94;2642.4;2616.56;2619.24;0;0
Индекс МосБиржи;D;20190527;000000;2620;2632.95;2617.63;2632.95;0;0
Индекс МосБиржи;D;20190528;000000;2634.13;2640.81;2596.3;2609.78;0;0
Индекс МосБиржи;D;20190529;000000;2607.11;2642.23;2600.79;2641.15;0;0
Индекс МосБиржи;D;20190530;000000;2645;2665.28;2642.27;2659.52;0;0
Индекс МосБиржи;D;20190531;000000;2655.76;2665.42;2639.19;2665.33;0;0
Индекс МосБиржи;D;20190603;000000;2660.64;2743.81;2649.78;2729.93;0;0
Индекс МосБиржи;D;20190604;000000;2726.06;2731.1;2690.13;2706.29;0;0
Индекс МосБиржи;D;20190605;000000;2706.66;2713.82;2690.43;2701.84;0;0
Индекс МосБиржи;D;20190606;000000;2701.55;2731.73;2700.3;2728.25;0;0
Индекс МосБиржи;D;20190607;000000;2734.94;2743.11;2725.43;2729.61;0;0
Индекс МосБиржи;D;20190610;000000;2734.16;2746.8;2725.65;2742.59;0;0
Индекс МосБиржи;D;20190611;000000;2718.13;2759.57;2717.75;2751.75;0;0
Индекс МосБиржи;D;20190613;000000;2750.42;2759.16;2734.4;2758.36;0;0
Индекс МосБиржи;D;20190614;000000;2757.58;2772.06;2738.62;2739.28;0;0
Индекс МосБиржи;D;20190617;000000;2737.97;2757.89;2728.61;2734.31;0;0
Индекс МосБиржи;D;20190618;000000;2732.47;2761.69;2723.99;2761.69;0;0
Индекс МосБиржи;D;20190619;000000;2763.07;2775.83;2751.58;2759.12;0;0
Индекс МосБиржи;D;20190620;000000;2758.53;2788.19;2758.53;2780.2;0;0
Индекс МосБиржи;D;20190621;000000;2777.54;2779.32;2750.54;2761.23;0;0
Индекс МосБиржи;D;20190624;000000;2762.17;2772.37;2758.18;2762.65;0;0
Индекс МосБиржи;D;20190625;000000;2761.39;2763.88;2738.34;2753.96;0;0
Индекс МосБиржи;D;20190626;000000;2754.91;2778.25;2751.51;2775.14;0;0
Индекс МосБиржи;D;20190627;000000;2774.75;2790.59;2765.61;2779.66;0;0
Индекс МосБиржи;D;20190628;000000;2777.94;2786.66;2761.46;2765.85;0;0
Индекс МосБиржи;D;20190701;000000;2777.08;2813.44;2777.08;2801.47;0;0
Индекс МосБиржи;D;20190702;000000;2802.82;2810.02;2795.36;2809.81;0;0
Индекс МосБиржи;D;20190703;000000;2810.1;2827.76;2799.6;2823.95;0;0
Индекс МосБиржи;D;20190704;000000;2823.33;2842.78;2813.66;2842.78;0;0
Индекс МосБиржи;D;20190705;000000;2842.97;2848.4;2827.96;2835.35;0;0
Индекс МосБиржи;D;20190708;000000;2823.14;2823.67;2806.97;2822.55;0;0
Индекс МосБиржи;D;20190709;000000;2821.89;2835.18;2816.79;2822.66;0;0
Индекс МосБиржи;D;20190710;000000;2824.79;2833.18;2808.76;2822.75;0;0
Индекс МосБиржи;D;20190711;000000;2825.2;2828.72;2779.41;2789.66;0;0
Индекс МосБиржи;D;20190712;000000;2787.09;2788.7;2760.46;2777.58;0;0
Индекс МосБиржи;D;20190715;000000;2783.45;2785.8;2755.43;2756.44;0;0
Индекс МосБиржи;D;20190716;000000;2754.05;2757.35;2736.44;2755.88;0;0
Индекс МосБиржи;D;20190717;000000;2715.67;2726.22;2704.28;2713.17;0;0
Индекс МосБиржи;D;20190718;000000;2705.63;2714.55;2694.74;2702.59;0;0
Индекс МосБиржи;D;20190719;000000;2710.44;2726.89;2700.54;2700.57;0;0
Индекс МосБиржи;D;20190722;000000;2699.31;2705.07;2684.25;2684.25;0;0
Индекс МосБиржи;D;20190723;000000;2686.98;2709.24;2683.39;2701.06;0;0
Индекс МосБиржи;D;20190724;000000;2706.73;2708.5;2677.35;2682.91;0;0
Индекс МосБиржи;D;20190725;000000;2679.38;2723.44;2665.21;2701.02;0;0
Индекс МосБиржи;D;20190726;000000;2697.21;2733.32;2694.84;2715.68;0;0
Индекс МосБиржи;D;20190729;000000;2715.74;2732.86;2714.44;2728.27;0;0
Индекс МосБиржи;D;20190730;000000;2730.38;2735.21;2714.01;2734.68;0;0
Индекс МосБиржи;D;20190731;000000;2737.8;2750.06;2723.54;2739.5;0;0
Индекс МосБиржи;D;20190801;000000;2727.68;2737.91;2722.48;2729.42;0;0
Индекс МосБиржи;D;20190802;000000;2707.65;2716.6;2673.97;2674.9;0;0
Индекс МосБиржи;D;20190805;000000;2666.85;2676.61;2645.12;2649.16;0;0
Индекс МосБиржи;D;20190806;000000;2654.34;2686.86;2654.11;2683.35;0;0
Индекс МосБиржи;D;20190807;000000;2683.11;2696.53;2666.41;2674.98;0;0
Индекс МосБиржи;D;20190808;000000;2693.17;2707.62;2693.17;2696.69;0;0
Индекс МосБиржи;D;20190809;000000;2696.65;2700.95;2678.07;2679.71;0;0
Индекс МосБиржи;D;20190812;000000;2687.12;2698.39;2682.05;2689.93;0;0
Индекс МосБиржи;D;20190813;000000;2688.92;2697.53;2665.35;2680.12;0;0
Индекс МосБиржи;D;20190814;000000;2684.63;2687.93;2630.82;2637.04;0;0
Индекс МосБиржи;D;20190815;000000;2643.53;2651.23;2620.2;2625.58;0;0
Индекс МосБиржи;D;20190816;000000;2636.29;2640.92;2615.2;2615.2;0;0
Индекс МосБиржи;D;20190819;000000;2627.47;2653.31;2619.39;2648.09;0;0
Индекс МосБиржи;D;20190820;000000;2651.1;2675.26;2647.4;2672.84;0;0
Индекс МосБиржи;D;20190821;000000;2677.55;2679.46;2665.1;2673.95;0;0
Индекс МосБиржи;D;20190822;000000;2673.77;2680.65;2662.31;2675.13;0;0
Индекс МосБиржи;D;20190823;000000;2679.23;2682.95;2656.97;2660.74;0;0
Индекс МосБиржи;D;20190826;000000;2651.09;2672.19;2640.05;2658.24;0;0
Индекс МосБиржи;D;20190827;000000;2660.76;2663.14;2636.99;2659.35;0;0
Индекс МосБиржи;D;20190828;000000;2658.17;2677.99;2649.54;2677.31;0;0
Индекс МосБиржи;D;20190829;000000;2679.8;2714.37;2679.11;2714.25;0;0
Индекс МосБиржи;D;20190830;000000;2716.69;2740.04;2715.3;2740.04;0;0
Индекс МосБиржи;D;20190902;000000;2742.3;2774.77;2735.11;2773.01;0;0
Индекс МосБиржи;D;20190903;000000;2770.86;2781.06;2757.85;2774.2;0;0
Индекс МосБиржи;D;20190904;000000;2787.37;2799.84;2784.96;2793.36;0;0
Индекс МосБиржи;D;20190905;000000;2800.97;2815.84;2796.19;2807.06;0;0
Индекс МосБиржи;D;20190906;000000;2805.95;2805.95;2780.76;2797.55;0;0
Индекс МосБиржи;D;20190909;000000;2802.49;2810.91;2777.63;2786.63;0;0
Индекс МосБиржи;D;20190910;000000;2784.8;2791.02;2767.29;2787.52;0;0
Индекс МосБиржи;D;20190911;000000;2788.19;2819.75;2782.95;2817.05;0;0
Индекс МосБиржи;D;20190912;000000;2816.06;2816.06;2789.14;2799.99;0;0
Индекс МосБиржи;D;20190913;000000;2795.85;2801.28;2777.23;2791.74;0;0
Индекс МосБиржи;D;20190916;000000;2810.78;2834.32;2803.89;2834.32;0;0
Индекс МосБиржи;D;20190917;000000;2832.42;2847.01;2807.33;2820.86;0;0
Индекс МосБиржи;D;20190918;000000;2818.93;2824.25;2809.67;2818.6;0;0
Индекс МосБиржи;D;20190919;000000;2815.49;2816.57;2794.17;2794.77;0;0
Индекс МосБиржи;D;20190920;000000;2794.82;2796.41;2777.83;2796.41;0;0
Индекс МосБиржи;D;20190923;000000;2793.03;2793.03;2769.6;2785.46;0;0
Индекс МосБиржи;D;20190924;000000;2785.57;2789.61;2749.86;2754.53;0;0
Индекс МосБиржи;D;20190925;000000;2749.13;2760.29;2739.11;2760.29;0;0
Индекс МосБиржи;D;20190926;000000;2755.6;2779.78;2754.84;2772.7;0;0
Индекс МосБиржи;D;20190927;000000;2772.58;2777.19;2757.98;2757.98;0;0
Индекс МосБиржи;D;20190930;000000;2759.94;2764.31;2744.47;2747.18;0;0
Индекс МосБиржи;D;20191001;000000;2749.83;2781.33;2748.51;2758.83;0;0
Индекс МосБиржи;D;20191002;000000;2756.86;2758.5;2716.73;2719.39;0;0
Индекс МосБиржи;D;20191003;000000;2719.65;2722.74;2696.58;2707.47;0;0
Индекс МосБиржи;D;20191004;000000;2707.9;2717.7;2687;2692.55;0;0
Индекс МосБиржи;D;20191007;000000;2695.54;2721.16;2686.15;2719.22;0;0
Индекс МосБиржи;D;20191008;000000;2720.17;2724.62;2700.46;2707.89;0;0
Индекс МосБиржи;D;20191009;000000;2704.71;2724.83;2702.56;2713.02;0;0
Индекс МосБиржи;D;20191010;000000;2709.39;2725.49;2695.82;2721.51;0;0
Индекс МосБиржи;D;20191011;000000;2723.36;2733.78;2703.85;2708.07;0;0
Индекс МосБиржи;D;20191014;000000;2710.56;2716.15;2692.59;2697.46;0;0
Индекс МосБиржи;D;20191015;000000;2696.6;2715.26;2691.29;2715.26;0;0
Индекс МосБиржи;D;20191016;000000;2714.81;2745;2714.81;2744.35;0;0
Индекс МосБиржи;D;20191017;000000;2744.43;2754.7;2738.92;2748.64;0;0
Индекс МосБиржи;D;20191018;000000;2747.8;2758.73;2742.24;2752.91;0;0
Индекс МосБиржи;D;20191021;000000;2759.79;2767.76;2751.95;2761.15;0;0
Индекс МосБиржи;D;20191022;000000;2766.21;2802.23;2762.49;2802.23;0;0
Индекс МосБиржи;D;20191023;000000;2797.44;2821.89;2789.75;2821.58;0;0
Индекс МосБиржи;D;20191024;000000;2822.37;2877.05;2822.1;2877.05;0;0
Индекс МосБиржи;D;20191025;000000;2876.1;2879.42;2848.4;2873.41;0;0
Индекс МосБиржи;D;20191028;000000;2879.37;2899.65;2850.32;2856.91;0;0
Индекс МосБиржи;D;20191029;000000;2858.42;2886.48;2845.28;2886.48;0;0
Индекс МосБиржи;D;20191030;000000;2882.07;2913.48;2874.17;2911.15;0;0
Индекс МосБиржи;D;20191031;000000;2917.22;2936.26;2884.3;2893.98;0;0
Индекс МосБиржи;D;20191101;000000;2895.47;2930.4;2886.59;2930.4;0;0
Индекс МосБиржи;D;20191105;000000;2950.78;2965.48;2936.48;2949.55;0;0
Индекс МосБиржи;D;20191106;000000;2949.7;2980.84;2935.15;2980.84;0;0
Индекс МосБиржи;D;20191107;000000;2977.67;3009.11;2966.2;3008.54;0;0
Индекс МосБиржи;D;20191108;000000;2997.85;2997.85;2958.55;2973.19;0;0
Индекс МосБиржи;D;20191111;000000;2965.84;2972.39;2953.23;2961.46;0;0
Индекс МосБиржи;D;20191112;000000;2963.7;2983.48;2944;2951.16;0;0
Индекс МосБиржи;D;20191113;000000;2942.4;2942.4;2924.23;2933.89;0;0
Индекс МосБиржи;D;20191114;000000;2938.6;2948.98;2902.91;2922.45;0;0
Индекс МосБиржи;D;20191115;000000;2925.31;2938.15;2914.05;2934.82;0;0
Индекс МосБиржи;D;20191118;000000;2947.39;2956.59;2914.25;2924.48;0;0
Индекс МосБиржи;D;20191119;000000;2928.1;2942.49;2923.1;2941.69;0;0
Индекс МосБиржи;D;20191120;000000;2935.64;2948.89;2914.95;2936.47;0;0
Индекс МосБиржи;D;20191121;000000;2940.78;2947.57;2930.68;2942.6;0;0
Индекс МосБиржи;D;20191122;000000;2939.36;2968.47;2935.21;2947.68;0;0
Индекс МосБиржи;D;20191125;000000;2953.11;2959.76;2945.33;2955.32;0;0
Индекс МосБиржи;D;20191126;000000;2954.84;2963.92;2922.89;2930.62;0;0
Индекс МосБиржи;D;20191127;000000;2932.25;2945.6;2922.48;2929.05;0;0
Индекс МосБиржи;D;20191128;000000;2926.3;2931.48;2911.8;2927.57;0;0
Индекс МосБиржи;D;20191129;000000;2925.76;2936.24;2911.56;2935.37;0;0
Индекс МосБиржи;D;20191202;000000;2937.69;2958.84;2920.33;2921.18;0;0
Индекс МосБиржи;D;20191203;000000;2917.46;2922.81;2882.65;2883.48;0;0
Индекс МосБиржи;D;20191204;000000;2887.39;2909.11;2875.5;2900.66;0;0
Индекс МосБиржи;D;20191205;000000;2903.5;2909.59;2882.8;2899.29;0;0
Индекс МосБиржи;D;20191206;000000;2900.78;2928.76;2897.56;2928.76;0;0
Индекс МосБиржи;D;20191209;000000;2932.08;2947.68;2926.1;2945.03;0;0
Индекс МосБиржи;D;20191210;000000;2943.03;2948.94;2920.93;2932.4;0;0
Индекс МосБиржи;D;20191211;000000;2932.43;2959.12;2932.43;2954.4;0;0
Индекс МосБиржи;D;20191212;000000;2966.24;2996.82;2965.1;2982.86;0;0
Индекс МосБиржи;D;20191213;000000;2990.92;3000.1;2984.92;2996.63;0;0
Индекс МосБиржи;D;20191216;000000;3001.42;3012.21;2994.44;3006.16;0;0
Индекс МосБиржи;D;20191217;000000;3012.49;3019.95;3005.61;3013.29;0;0
Индекс МосБиржи;D;20191218;000000;3011.37;3023.92;3004.27;3023.92;0;0
Индекс МосБиржи;D;20191219;000000;3012.29;3027.88;2998.05;3008.39;0;0
Индекс МосБиржи;D;20191220;000000;3015.64;3021.05;3004.21;3015.93;0;0
Индекс МосБиржи;D;20191223;000000;3009.89;3033.81;3009.07;3033.81;0;0
Индекс МосБиржи;D;20191224;000000;3035.86;3039.92;3025.92;3030.59;0;0
Индекс МосБиржи;D;20191225;000000;3032.41;3036.81;3024.89;3030.84;0;0
Индекс МосБиржи;D;20191226;000000;3025.58;3034.63;3021.62;3031.67;0;0
Индекс МосБиржи;D;20191227;000000;3029.12;3054.03;3029.12;3050.47;0;0
Индекс МосБиржи;D;20191230;000000;3051.41;3060.2;3042.34;3045.87;0;0
Индекс МосБиржи;D;20200103;000000;3059.2;3086.09;3057.36;3076.37;0;0
Индекс МосБиржи;D;20200106;000000;3075.55;3079.42;3059.47;3078.87;0;0
Индекс МосБиржи;D;20200108;000000;3076.63;3112.01;3071.88;3110.06;0;0
Индекс МосБиржи;D;20200109;000000;3105.21;3124.6;3094.85;3118.08;0;0
Индекс МосБиржи;D;20200110;000000;3117.24;3130.92;3101.21;3123.66;0;0
Индекс МосБиржи;D;20200113;000000;3124.96;3151.69;3117.03;3151.69;0;0
Индекс МосБиржи;D;20200114;000000;3155.63;3166.07;3126;3129.77;0;0
Индекс МосБиржи;D;20200115;000000;3128.38;3148.29;3106.41;3132.63;0;0
Индекс МосБиржи;D;20200116;000000;3137.52;3163.2;3137.52;3157.23;0;0
Индекс МосБиржи;D;20200117;000000;3161.25;3198.32;3159.23;3196.88;0;0
Индекс МосБиржи;D;20200120;000000;3205.64;3226.89;3204.32;3219.92;0;0
Индекс МосБиржи;D;20200121;000000;3212.72;3213.38;3185.65;3209.22;0;0
Индекс МосБиржи;D;20200122;000000;3212.91;3222.93;3174.62;3174.62;0;0
Индекс МосБиржи;D;20200123;000000;3162.68;3170.41;3135.15;3141.2;0;0
Индекс МосБиржи;D;20200124;000000;3147.28;3165.86;3134.7;3146.2;0;0
Индекс МосБиржи;D;20200127;000000;3123.71;3123.71;3076.68;3085.16;0;0
Индекс МосБиржи;D;20200128;000000;3097.71;3115.62;3068.67;3113.1;0;0
Индекс МосБиржи;D;20200129;000000;3125.91;3140.77;3115.64;3128.8;0;0
Индекс МосБиржи;D;20200130;000000;3108.38;3121.54;3096.31;3108.58;0;0
Индекс МосБиржи;D;20200131;000000;3133.4;3143.29;3076.65;3076.65;0;0
Индекс МосБиржи;D;20200203;000000;3062.27;3085.89;3058.48;3070.84;0;0
Индекс МосБиржи;D;20200204;000000;3082.2;3105.98;3071.79;3097.6;0;0
Индекс МосБиржи;D;20200205;000000;3105.52;3137.97;3083.26;3114.25;0;0
Индекс МосБиржи;D;20200206;000000;3132.84;3145.15;3086.91;3096.68;0;0
Индекс МосБиржи;D;20200207;000000;3101.08;3108.28;3056.85;3087.63;0;0
Индекс МосБиржи;D;20200210;000000;3088.63;3092.93;3049.33;3062.41;0;0
Индекс МосБиржи;D;20200211;000000;3072.39;3109.22;3069.9;3097.58;0;0
Индекс МосБиржи;D;20200212;000000;3103.81;3122.27;3095.7;3122.27;0;0
Индекс МосБиржи;D;20200213;000000;3116.99;3122.19;3096.98;3110.05;0;0
Индекс МосБиржи;D;20200214;000000;3113.72;3120.89;3084.57;3096.88;0;0
Индекс МосБиржи;D;20200217;000000;3097.18;3110.06;3092.45;3110.06;0;0
Индекс МосБиржи;D;20200218;000000;3103.71;3104.42;3064.15;3074.05;0;0
Индекс МосБиржи;D;20200219;000000;3089.09;3117.84;3086.41;3114.57;0;0
Индекс МосБиржи;D;20200220;000000;3120.51;3139.59;3117.5;3125.1;0;0
Индекс МосБиржи;D;20200221;000000;3109.86;3129.24;3098.76;3106.03;0;0
Индекс МосБиржи;D;20200225;000000;3058.33;3073.27;3002.68;3002.68;0;0
Индекс МосБиржи;D;20200226;000000;2994.22;3026.26;2958.46;3017.42;0;0
Индекс МосБиржи;D;20200227;000000;2989.18;3002.2;2910.46;2915.84;0;0
Индекс МосБиржи;D;20200228;000000;2850.11;2855.32;2744.18;2785.08;0;0
Индекс МосБиржи;D;20200302;000000;2829.47;2875.3;2714.36;2765.77;0;0
Индекс МосБиржи;D;20200303;000000;2817.58;2844.04;2789.76;2821.37;0;0
Индекс МосБиржи;D;20200304;000000;2799.18;2841.13;2779.85;2828.01;0;0
Индекс МосБиржи;D;20200305;000000;2852.42;2861.6;2800.43;2816.7;0;0
Индекс МосБиржи;D;20200306;000000;2773.53;2782.77;2680.06;2719.51;0;0
Индекс МосБиржи;D;20200310;000000;2502.7;2661.63;2435.62;2498.94;0;0
Индекс МосБиржи;D;20200311;000000;2532.72;2555.43;2457.36;2492.88;0;0
Индекс МосБиржи;D;20200312;000000;2413.02;2413.02;2277.58;2286.4;0;0
Индекс МосБиржи;D;20200313;000000;2277.66;2418.15;2275.16;2316.38;0;0
Индекс МосБиржи;D;20200316;000000;2297.04;2301.19;2179.12;2266.9;0;0
Индекс МосБиржи;D;20200317;000000;2263.62;2313.34;2172.46;2224.74;0;0
Индекс МосБиржи;D;20200318;000000;2192.79;2205.41;2097.84;2112.64;0;0
Индекс МосБиржи;D;20200319;000000;2134.43;2288.09;2073.87;2275.7;0;0
Индекс МосБиржи;D;20200320;000000;2327.27;2418.74;2314.75;2331.61;0;0
Индекс МосБиржи;D;20200323;000000;2257.88;2321.76;2213.49;2253.35;0;0
Индекс МосБиржи;D;20200324;000000;2349.47;2435.27;2341.21;2415.97;0;0
Индекс МосБиржи;D;20200325;000000;2459.3;2518.38;2372.34;2452.69;0;0
Индекс МосБиржи;D;20200326;000000;2448.76;2514.92;2403.6;2489.97;0;0
Индекс МосБиржи;D;20200327;000000;2491.7;2498.33;2378.88;2401.11;0;0
Индекс МосБиржи;D;20200330;000000;2377.21;2435.53;2357.53;2433.35;0;0
Индекс МосБиржи;D;20200331;000000;2466.28;2526.13;2459.19;2508.81;0;0
Индекс МосБиржи;D;20200401;000000;2465.56;2491.66;2449.01;2473.61;0;0
Индекс МосБиржи;D;20200402;000000;2528.72;2562.54;2470.85;2545.95;0;0
Индекс МосБиржи;D;20200403;000000;2547.15;2609.16;2533.06;2572.23;0;0
Индекс МосБиржи;D;20200406;000000;2597.28;2639.56;2576.28;2622.59;0;0
Индекс МосБиржи;D;20200407;000000;2648.74;2688.67;2612.96;2634.74;0;0
Индекс МосБиржи;D;20200408;000000;2617.66;2670.12;2603.99;2670.12;0;0
Индекс МосБиржи;D;20200409;000000;2693.58;2713.5;2643.98;2701.77;0;0
Индекс МосБиржи;D;20200410;000000;2678.3;2680.89;2656.45;2677.86;0;0
Индекс МосБиржи;D;20200413;000000;2675.73;2677.9;2610.61;2628.85;0;0
Индекс МосБиржи;D;20200414;000000;2649.34;2667.58;2619.91;2631.83;0;0
Индекс МосБиржи;D;20200415;000000;2617.19;2617.19;2489.99;2498.94;0;0
Индекс МосБиржи;D;20200416;000000;2511.55;2550.84;2468.65;2515.05;0;0
Индекс МосБиржи;D;20200417;000000;2550.95;2556.42;2516.87;2534.97;0;0
Индекс МосБиржи;D;20200420;000000;2524.31;2546.14;2502.38;2525.97;0;0
Индекс МосБиржи;D;20200421;000000;2487.63;2500.18;2431.98;2488.02;0;0
Индекс МосБиржи;D;20200422;000000;2474.32;2584.68;2471.23;2573.41;0;0
Индекс МосБиржи;D;20200423;000000;2600.28;2620.24;2558.32;2599.41;0;0
Индекс МосБиржи;D;20200424;000000;2588.29;2596.97;2551.66;2562.03;0;0
Индекс МосБиржи;D;20200427;000000;2570.69;2597.64;2557.81;2570.91;0;0
Индекс МосБиржи;D;20200428;000000;2567.74;2644.79;2566.92;2612.24;0;0
Индекс МосБиржи;D;20200429;000000;2629.24;2669.47;2617.34;2663.14;0;0
Индекс МосБиржи;D;20200430;000000;2683.86;2700.97;2629.57;2650.56;0;0
Индекс МосБиржи;D;20200504;000000;2623.89;2641.03;2599.74;2624.64;0;0
Индекс МосБиржи;D;20200505;000000;2652.92;2666.38;2634.49;2653.51;0;0
Индекс МосБиржи;D;20200506;000000;2659.08;2674.94;2626.68;2632.1;0;0
Индекс МосБиржи;D;20200507;000000;2632.87;2664.99;2627.43;2634;0;0
Индекс МосБиржи;D;20200508;000000;2647.8;2648.45;2613.83;2641.55;0;0
Индекс МосБиржи;D;20200512;000000;2635.51;2651.97;2620.35;2642.04;0;0
Индекс МосБиржи;D;20200513;000000;2630.79;2630.79;2601.25;2604.98;0;0
Индекс МосБиржи;D;20200514;000000;2596.13;2606.95;2564.44;2590.31;0;0
Индекс МосБиржи;D;20200515;000000;2616.14;2633.29;2593.91;2593.91;0;0
Индекс МосБиржи;D;20200518;000000;2623.61;2694.25;2623.61;2694.25;0;0
Индекс МосБиржи;D;20200519;000000;2702.34;2720.06;2683.81;2711.72;0;0
Индекс МосБиржи;D;20200520;000000;2706.07;2771.27;2700.64;2770.79;0;0
Индекс МосБиржи;D;20200521;000000;2767.97;2794.6;2702.67;2718.67;0;0
Индекс МосБиржи;D;20200522;000000;2691.58;2718.48;2687.18;2709.38;0;0
Индекс МосБиржи;D;20200525;000000;2718.72;2757.93;2718.72;2757.93;0;0
Индекс МосБиржи;D;20200526;000000;2777.72;2796.85;2750.51;2754.04;0;0
Индекс МосБиржи;D;20200527;000000;2748.25;2780.05;2711.9;2741.02;0;0
Индекс МосБиржи;D;20200528;000000;2748.03;2781.25;2737.94;2779.98;0;0
Индекс МосБиржи;D;20200529;000000;2766.62;2766.62;2717.8;2734.83;0;0
Индекс МосБиржи;D;20200601;000000;2761.23;2773.56;2733.28;2750.24;0;0
Индекс МосБиржи;D;20200602;000000;2760.63;2796.52;2754.85;2796.51;0;0
Индекс МосБиржи;D;20200603;000000;2812.82;2835.06;2792.24;2831.08;0;0
Индекс МосБиржи;D;20200604;000000;2822.59;2825.48;2757.61;2766.26;0;0
Индекс МосБиржи;D;20200605;000000;2780.32;2800.81;2769.51;2792.74;0;0
Индекс МосБиржи;D;20200608;000000;2806.81;2825.31;2782.92;2796.3;0;0
Индекс МосБиржи;D;20200609;000000;2804.36;2813.48;2765.15;2795.9;0;0
Индекс МосБиржи;D;20200610;000000;2795.1;2803.35;2768.3;2785.18;0;0
Индекс МосБиржи;D;20200611;000000;2756.98;2758.83;2726.15;2743.8;0;0
Индекс МосБиржи;D;20200615;000000;2705.64;2720.4;2670.41;2719.06;0;0
Индекс МосБиржи;D;20200616;000000;2745.49;2779.71;2741.84;2748.3;0;0
Индекс МосБиржи;D;20200617;000000;2758.97;2771.26;2733.9;2740.1;0;0
Индекс МосБиржи;D;20200618;000000;2734.84;2738.04;2700.54;2724.33;0;0
Индекс МосБиржи;D;20200619;000000;2739.04;2769.86;2738.45;2758.67;0;0
Индекс МосБиржи;D;20200622;000000;2754.42;2763.29;2726.65;2763.29;0;0
Индекс МосБиржи;D;20200623;000000;2773.33;2794.43;2767.46;2791.97;0;0
Индекс МосБиржи;D;20200625;000000;2750.08;2771.6;2740.02;2760.75;0;0
Индекс МосБиржи;D;20200626;000000;2780.02;2784.89;2746.78;2761.74;0;0
Индекс МосБиржи;D;20200629;000000;2749.54;2767.95;2737.86;2767.95;0;0
Индекс МосБиржи;D;20200630;000000;2770.69;2778.09;2743.2;2743.2;0;0
Индекс МосБиржи;D;20200702;000000;2762.56;2789.92;2758.92;2788.79;0;0
Индекс МосБиржи;D;20200703;000000;2789.27;2803.32;2782.65;2801.66;0;0
Индекс МосБиржи;D;20200706;000000;2825.88;2855.94;2825.51;2835.18;0;0
Индекс МосБиржи;D;20200707;000000;2829.33;2835.76;2814.4;2825.21;0;0
Индекс МосБиржи;D;20200708;000000;2815.52;2823;2806.5;2815.83;0;0
Индекс МосБиржи;D;20200709;000000;2805.85;2810.74;2773.48;2782.43;0;0
Индекс МосБиржи;D;20200710;000000;2768.67;2800.94;2765.49;2800.94;0;0
Индекс МосБиржи;D;20200713;000000;2805.52;2818.1;2765.09;2766.79;0;0
Индекс МосБиржи;D;20200714;000000;2751.98;2752.09;2703.35;2744.54;0;0
Индекс МосБиржи;D;20200715;000000;2728.59;2763.2;2724.35;2747.91;0;0
Индекс МосБиржи;D;20200716;000000;2741.68;2762.68;2734.3;2760.01;0;0
Индекс МосБиржи;D;20200717;000000;2757.04;2774.79;2752.51;2774.79;0;0
Индекс МосБиржи;D;20200720;000000;2771.85;2802.24;2758.69;2802.24;0;0
Индекс МосБиржи;D;20200721;000000;2814.99;2849.18;2813.4;2825.71;0;0
Индекс МосБиржи;D;20200722;000000;2824.5;2844.12;2815.03;2834.65;0;0
Индекс МосБиржи;D;20200723;000000;2848.41;2866.78;2843.93;2851.79;0;0
Индекс МосБиржи;D;20200724;000000;2835.15;2863.12;2822.26;2863.12;0;0
Индекс МосБиржи;D;20200727;000000;2869.69;2896.28;2869.69;2884.88;0;0
Индекс МосБиржи;D;20200728;000000;2891.34;2907.03;2877.4;2895.45;0;0
Индекс МосБиржи;D;20200729;000000;2893.54;2918.42;2889.69;2918.42;0;0
Индекс МосБиржи;D;20200730;000000;2915.94;2919.35;2869.99;2882.63;0;0
Индекс МосБиржи;D;20200731;000000;2902.81;2917.69;2899.58;2911.57;0;0
Индекс МосБиржи;D;20200803;000000;2917.68;2942.77;2911.19;2929.97;0;0
Индекс МосБиржи;D;20200804;000000;2934.91;2942.06;2923.36;2940.46;0;0
Индекс МосБиржи;D;20200805;000000;2954.41;2994.08;2952.15;2992.78;0;0
Индекс МосБиржи;D;20200806;000000;2998.53;3004.83;2981.79;2988.5;0;0
Индекс МосБиржи;D;20200807;000000;2992.26;2994.46;2968.48;2972.35;0;0
Индекс МосБиржи;D;20200810;000000;2976.49;2998.78;2960.78;2960.78;0;0
Индекс МосБиржи;D;20200811;000000;2959.29;3012.58;2959.29;3005.63;0;0
Индекс МосБиржи;D;20200812;000000;2990.9;3053.99;2985.25;3053.99;0;0
Индекс МосБиржи;D;20200813;000000;3057.63;3081.15;3047.74;3080.44;0;0
Индекс МосБиржи;D;20200814;000000;3075.96;3075.96;3044.71;3061.99;0;0
Индекс МосБиржи;D;20200817;000000;3070.81;3090.42;3041.99;3052.46;0;0
Индекс МосБиржи;D;20200818;000000;3056.72;3073.85;3048.31;3050.7;0;0
Индекс МосБиржи;D;20200819;000000;3048.22;3073.84;3041.43;3056.54;0;0
Индекс МосБиржи;D;20200820;000000;3044.92;3044.92;2993.69;2993.69;0;0
Индекс МосБиржи;D;20200821;000000;3013.4;3024.71;2973.11;2995.61;0;0
Индекс МосБиржи;D;20200824;000000;3005.86;3036.63;3005.86;3029.42;0;0
Индекс МосБиржи;D;20200825;000000;3042.58;3051.27;3020.46;3029.05;0;0
Индекс МосБиржи;D;20200826;000000;3041.19;3053.9;3024.04;3051.97;0;0
Индекс МосБиржи;D;20200827;000000;3051.2;3056.25;3002.1;3012.01;0;0
Индекс МосБиржи;D;20200828;000000;3015.7;3015.7;2976.34;2980.17;0;0
Индекс МосБиржи;D;20200831;000000;2993.02;3012.44;2962.06;2966.2;0;0
Индекс МосБиржи;D;20200901;000000;2976.07;2993.28;2967.96;2975;0;0
Индекс МосБиржи;D;20200902;000000;2989.76;3002.25;2946.29;2956.5;0;0
Индекс МосБиржи;D;20200903;000000;2954.62;2967.61;2917.24;2931.92;0;0
Индекс МосБиржи;D;20200904;000000;2920.22;2944.66;2910.39;2921.55;0;0
Индекс МосБиржи;D;20200907;000000;2929.38;2947.17;2925.55;2932.29;0;0
Индекс МосБиржи;D;20200908;000000;2937.18;2948.88;2875.96;2888.79;0;0
Индекс МосБиржи;D;20200909;000000;2880.83;2899.17;2872.92;2876.07;0;0
Индекс МосБиржи;D;20200910;000000;2888.09;2897.55;2858.65;2897.55;0;0
Индекс МосБиржи;D;20200911;000000;2888.92;2911.71;2874.47;2910.51;0;0
Индекс МосБиржи;D;20200914;000000;2918.29;2938.24;2918.29;2928.38;0;0
Индекс МосБиржи;D;20200915;000000;2936.42;2982.2;2932.36;2980.58;0;0
Индекс МосБиржи;D;20200916;000000;2982.49;2990.74;2960.68;2975.01;0;0
Индекс МосБиржи;D;20200917;000000;2947.54;2974.54;2945.78;2971.74;0;0
Индекс МосБиржи;D;20200918;000000;2976.1;2977.13;2944.22;2951.79;0;0
Индекс МосБиржи;D;20200921;000000;2946.18;2946.18;2857.78;2863.67;0;0
Индекс МосБиржи;D;20200922;000000;2874;2907.98;2868.38;2884.66;0;0
Индекс МосБиржи;D;20200923;000000;2933.33;2968.55;2916.27;2916.39;0;0
Индекс МосБиржи;D;20200924;000000;2905.55;2920.46;2880.39;2912.76;0;0
Индекс МосБиржи;D;20200925;000000;2912.83;2912.83;2870.16;2896.83;0;0
Индекс МосБиржи;D;20200928;000000;2909.62;2938.94;2909.62;2927.17;0;0
Индекс МосБиржи;D;20200929;000000;2935.77;2947.75;2889.22;2910.12;0;0
Индекс МосБиржи;D;20200930;000000;2908.55;2920.03;2893.8;2905.81;0;0
Индекс МосБиржи;D;20201001;000000;2911.08;2919.25;2882.81;2889.8;0;0
Индекс МосБиржи;D;20201002;000000;2840.72;2859.01;2824.69;2852.42;0;0
Индекс МосБиржи;D;20201005;000000;2860.53;2882.94;2845.63;2881.98;0;0
Индекс МосБиржи;D;20201006;000000;2885.38;2906.65;2883.69;2892.99;0;0
Индекс МосБиржи;D;20201007;000000;2883.58;2888.2;2838.45;2842.58;0;0
Индекс МосБиржи;D;20201008;000000;2850.65;2859.87;2837.05;2846.39;0;0
Индекс МосБиржи;D;20201009;000000;2842.59;2842.59;2811.05;2834.09;0;0
Индекс МосБиржи;D;20201012;000000;2834.33;2862.36;2827.52;2846.14;0;0
Индекс МосБиржи;D;20201013;000000;2846.04;2859.52;2822.97;2829.23;0;0
Индекс МосБиржи;D;20201014;000000;2829.88;2857.47;2824.12;2856.08;0;0
Индекс МосБиржи;D;20201015;000000;2849.24;2850.11;2803.9;2817.29;0;0
Индекс МосБиржи;D;20201016;000000;2819.04;2819.04;2785.85;2799.54;0;0
Индекс МосБиржи;D;20201019;000000;2797.65;2809.42;2787.5;2794.27;0;0
Индекс МосБиржи;D;20201020;000000;2785.99;2817.73;2774.16;2803.06;0;0
Индекс МосБиржи;D;20201021;000000;2811.87;2816.9;2782.36;2786.23;0;0
Индекс МосБиржи;D;20201022;000000;2784.18;2814.12;2783.37;2803.17;0;0
Индекс МосБиржи;D;20201023;000000;2807.3;2826.53;2799.63;2816.7;0;0
Индекс МосБиржи;D;20201026;000000;2812.48;2819.05;2785.59;2785.59;0;0
Индекс МосБиржи;D;20201027;000000;2784.13;2790.19;2758;2763.03;0;0
Индекс МосБиржи;D;20201028;000000;2758.84;2758.84;2680.83;2693.46;0;0
Индекс МосБиржи;D;20201029;000000;2704.5;2728.97;2682.68;2709.04;0;0
Индекс МосБиржи;D;20201030;000000;2698.94;2706.34;2664.44;2690.59;0;0
Индекс МосБиржи;D;20201102;000000;2681.19;2743.98;2658.49;2737.54;0;0
Индекс МосБиржи;D;20201103;000000;2753.97;2791.77;2750.26;2786.42;0;0
Индекс МосБиржи;D;20201105;000000;2824.45;2869.91;2812.67;2861.39;0;0
Индекс МосБиржи;D;20201106;000000;2845.74;2896.07;2832.98;2895.62;0;0
Индекс МосБиржи;D;20201109;000000;2919.08;2988.88;2910.42;2987.75;0;0
Индекс МосБиржи;D;20201110;000000;2965.92;3013.57;2943.43;2998.61;0;0
Индекс МосБиржи;D;20201111;000000;3004.63;3031.69;3004.2;3015.03;0;0
Индекс МосБиржи;D;20201112;000000;2997.79;3028.52;2988.03;3025.83;0;0
Индекс МосБиржи;D;20201113;000000;3007.16;3027.45;2995.17;3025.22;0;0
Индекс МосБиржи;D;20201116;000000;3054.35;3081.28;3046.77;3079.74;0;0
Индекс МосБиржи;D;20201117;000000;3081.05;3087.19;3027.76;3052.22;0;0
Индекс МосБиржи;D;20201118;000000;3046.02;3086.77;3035.57;3080.68;0;0
Индекс МосБиржи;D;20201119;000000;3067.06;3071.25;3040.66;3046.49;0;0
Индекс МосБиржи;D;20201120;000000;3050.81;3060.91;3035.56;3051.04;0;0
Индекс МосБиржи;D;20201123;000000;3066.64;3094.06;3042.61;3047.06;0;0
Индекс МосБиржи;D;20201124;000000;3071.8;3098.83;3053.16;3095.84;0;0
Индекс МосБиржи;D;20201125;000000;3111.75;3134.71;3089.16;3134.52;0;0
Индекс МосБиржи;D;20201126;000000;3141.43;3149.9;3119.46;3138.62;0;0
Индекс МосБиржи;D;20201127;000000;3132.55;3150.78;3112.44;3142.68;0;0
Индекс МосБиржи;D;20201130;000000;3130.88;3134.79;3093.77;3107.58;0;0
Индекс МосБиржи;D;20201201;000000;3113.06;3159.03;3113.06;3147.79;0;0
Индекс МосБиржи;D;20201202;000000;3150.66;3189.61;3139.92;3189.61;0;0
Индекс МосБиржи;D;20201203;000000;3185.78;3192.98;3141.4;3162.67;0;0
Индекс МосБиржи;D;20201204;000000;3171.44;3200.23;3171.44;3184.72;0;0
Индекс МосБиржи;D;20201207;000000;3179.14;3208.53;3172.29;3195.08;0;0
Индекс МосБиржи;D;20201208;000000;3184.93;3198.1;3150.84;3179.61;0;0
Индекс МосБиржи;D;20201209;000000;3184.24;3226.48;3182.54;3211.66;0;0
Индекс МосБиржи;D;20201210;000000;3194.03;3258.31;3189.04;3258.31;0;0
Индекс МосБиржи;D;20201211;000000;3257.47;3278.24;3248.11;3276.58;0;0
Индекс МосБиржи;D;20201214;000000;3293;3314.2;3249.36;3254.83;0;0
Индекс МосБиржи;D;20201215;000000;3252.68;3284.84;3237.87;3248.11;0;0
Индекс МосБиржи;D;20201216;000000;3259.89;3275.68;3242.7;3269.95;0;0
Индекс МосБиржи;D;20201217;000000;3277.67;3318.39;3274.45;3282.67;0;0
Индекс МосБиржи;D;20201218;000000;3281.59;3283.32;3245.25;3273.75;0;0
Индекс МосБиржи;D;20201221;000000;3246.9;3246.9;3170.03;3186.38;0;0
Индекс МосБиржи;D;20201222;000000;3179.69;3249.19;3175.51;3236.46;0;0
Индекс МосБиржи;D;20201223;000000;3224.02;3255.4;3218.19;3252.1;0;0
Индекс МосБиржи;D;20201224;000000;3253.73;3264.6;3230.62;3236.88;0;0
Индекс МосБиржи;D;20201225;000000;3236.38;3248.63;3228.74;3246.35;0;0
Индекс МосБиржи;D;20201228;000000;3249.41;3267.61;3249.41;3258.95;0;0
Индекс МосБиржи;D;20201229;000000;3269.71;3282.23;3264.33;3274.67;0;0
Индекс МосБиржи;D;20201230;000000;3276.04;3294.62;3267.39;3289.02;0;0
Индекс МосБиржи;D;20210104;000000;3306.12;3350.81;3304.17;3350.51;0;0
Индекс МосБиржи;D;20210105;000000;3327.94;3365.32;3301.88;3359.15;0;0
Индекс МосБиржи;D;20210106;000000;3373.37;3380.63;3344.43;3371.03;0;0
Индекс МосБиржи;D;20210108;000000;3390.23;3474.66;3390.23;3454.82;0;0
Индекс МосБиржи;D;20210111;000000;3455.67;3516.9;3436.66;3482.48;0;0
Индекс МосБиржи;D;20210112;000000;3494.6;3520.66;3451.87;3471.65;0;0
Индекс МосБиржи;D;20210113;000000;3487.92;3504.56;3448.94;3470.26;0;0
Индекс МосБиржи;D;20210114;000000;3461.83;3507.71;3439.01;3490.85;0;0
Индекс МосБиржи;D;20210115;000000;3486.02;3509.24;3448.54;3450.95;0;0
Индекс МосБиржи;D;20210118;000000;3440.56;3475.18;3426.11;3471.92;0;0
Индекс МосБиржи;D;20210119;000000;3479.53;3491.93;3439.64;3443.23;0;0
Индекс МосБиржи;D;20210120;000000;3453.54;3482.03;3447.81;3466.8;0;0
Индекс МосБиржи;D;20210121;000000;3481.74;3489.07;3407.22;3422.67;0;0
Индекс МосБиржи;D;20210122;000000;3404.36;3404.36;3362.01;3382.92;0;0
Индекс МосБиржи;D;20210125;000000;3399.28;3425.78;3385.74;3397.48;0;0
Индекс МосБиржи;D;20210126;000000;3384.99;3408.13;3374.1;3390.76;0;0
Индекс МосБиржи;D;20210127;000000;3398.38;3408.64;3333.04;3343.62;0;0
Индекс МосБиржи;D;20210128;000000;3319.16;3359.1;3307.42;3342.01;0;0
Индекс МосБиржи;D;20210129;000000;3335.13;3337.01;3272.53;3277.08;0;0
Индекс МосБиржи;D;20210201;000000;3287.96;3305.91;3268.52;3291.14;0;0
Индекс МосБиржи;D;20210202;000000;3324.24;3366.13;3321.7;3360.25;0;0
Индекс МосБиржи;D;20210203;000000;3351.99;3376.83;3332.5;3343.46;0;0
Индекс МосБиржи;D;20210204;000000;3356.23;3384.48;3351.94;3372;0;0
Индекс МосБиржи;D;20210205;000000;3396.97;3406.22;3368.58;3392.73;0;0
Индекс МосБиржи;D;20210208;000000;3412.97;3448.79;3412.97;3445.9;0;0
Индекс МосБиржи;D;20210209;000000;3461.15;3466.51;3424.39;3426.86;0;0
Индекс МосБиржи;D;20210210;000000;3437.76;3447.05;3393.98;3399.66;0;0
Индекс МосБиржи;D;20210211;000000;3405.33;3416.4;3390.22;3414.32;0;0
Индекс МосБиржи;D;20210212;000000;3403.07;3427.08;3343.82;3427.08;0;0
Индекс МосБиржи;D;20210215;000000;3461.94;3483.34;3455.95;3481.9;0;0
Индекс МосБиржи;D;20210216;000000;3502.04;3510.77;3475.58;3495.26;0;0
Индекс МосБиржи;D;20210217;000000;3491.81;3505.19;3431.83;3436.8;0;0
Индекс МосБиржи;D;20210218;000000;3451.69;3461.15;3395.98;3400.17;0;0
Индекс МосБиржи;D;20210219;000000;3398.4;3460.85;3380.89;3457.68;0;0
Индекс МосБиржи;D;20210220;000000;3454.43;3455.13;3435.42;3446.32;0;0
Индекс МосБиржи;D;20210222;000000;3447.57;3456.26;3415.37;3433.93;0;0
Индекс МосБиржи;D;20210224;000000;3426.07;3433.09;3385.01;3385.48;0;0
Индекс МосБиржи;D;20210225;000000;3412.16;3429.2;3391.77;3409.76;0;0
Индекс МосБиржи;D;20210226;000000;3354.45;3385.74;3332.32;3346.64;0;0
Индекс МосБиржи;D;20210301;000000;3369.68;3393.93;3354.09;3386.16;0;0
Индекс МосБиржи;D;20210302;000000;3380.35;3418.11;3375.48;3410.1;0;0
Индекс МосБиржи;D;20210303;000000;3432.88;3450.76;3408.47;3416.04;0;0
Индекс МосБиржи;D;20210304;000000;3403.01;3416.04;3366.76;3397.56;0;0
Индекс МосБиржи;D;20210305;000000;3378.68;3432.98;3367.33;3414.13;0;0
Индекс МосБиржи;D;20210309;000000;3426.48;3491.12;3426.33;3478.72;0;0
Индекс МосБиржи;D;20210310;000000;3476.91;3514.35;3455.42;3463.06;0;0
Индекс МосБиржи;D;20210311;000000;3481.26;3508.51;3472.4;3508.51;0;0
Индекс МосБиржи;D;20210312;000000;3515.44;3539.5;3502.37;3539.5;0;0
Индекс МосБиржи;D;20210315;000000;3562.69;3596.31;3558.62;3584.49;0;0
Индекс МосБиржи;D;20210316;000000;3600.68;3602.18;3544.29;3589.83;0;0
Индекс МосБиржи;D;20210317;000000;3579.06;3587.24;3498.17;3507.91;0;0
Индекс МосБиржи;D;20210318;000000;3533.69;3551.3;3494.99;3504.85;0;0
Индекс МосБиржи;D;20210319;000000;3473.84;3495.98;3448.99;3475.26;0;0
Индекс МосБиржи;D;20210322;000000;3479.06;3498.17;3469.09;3489.07;0;0
Индекс МосБиржи;D;20210323;000000;3481.11;3483.34;3450.98;3467.21;0;0
Индекс МосБиржи;D;20210324;000000;3459.99;3489.96;3445.92;3485.33;0;0
Индекс МосБиржи;D;20210325;000000;3477.87;3479.83;3434.84;3439.3;0;0
Индекс МосБиржи;D;20210326;000000;3476.01;3500.74;3476.01;3489.83;0;0
Индекс МосБиржи;D;20210329;000000;3500.41;3535.21;3498.62;3529.33;0;0
Индекс МосБиржи;D;20210330;000000;3535.72;3549.09;3504.06;3525.23;0;0
Индекс МосБиржи;D;20210331;000000;3525.56;3542;3510.4;3541.72;0;0
Индекс МосБиржи;D;20210401;000000;3556.28;3576.79;3526.22;3527.54;0;0
Индекс МосБиржи;D;20210402;000000;3553.89;3564.31;3538.01;3558.22;0;0
Индекс МосБиржи;D;20210405;000000;3555.24;3555.83;3516.22;3524.93;0;0
Индекс МосБиржи;D;20210406;000000;3536.26;3541.04;3484.84;3493.89;0;0
Индекс МосБиржи;D;20210407;000000;3484.22;3518.13;3460.39;3500.34;0;0
Индекс МосБиржи;D;20210408;000000;3513.21;3528.39;3495.34;3507.83;0;0
Индекс МосБиржи;D;20210409;000000;3510.2;3511.27;3480.85;3486.03;0;0
Индекс МосБиржи;D;20210412;000000;3476.51;3541.7;3472.37;3522.65;0;0
Индекс МосБиржи;D;20210413;000000;3533.3;3542.63;3511.23;3526.3;0;0
Индекс МосБиржи;D;20210414;000000;3567.53;3576.89;3546.86;3576.89;0;0
Индекс МосБиржи;D;20210415;000000;3532.13;3578.77;3527.5;3568.51;0;0
Индекс МосБиржи;D;20210416;000000;3578.01;3598.44;3564.97;3598.44;0;0
Индекс МосБиржи;D;20210419;000000;3598.47;3605.49;3565.39;3574.08;0;0
Индекс МосБиржи;D;20210420;000000;3581.37;3596.19;3536.41;3552.41;0;0
Индекс МосБиржи;D;20210421;000000;3554.83;3572.63;3545.15;3561.72;0;0
Индекс МосБиржи;D;20210422;000000;3576.69;3607.75;3557.88;3600.35;0;0
Индекс МосБиржи;D;20210423;000000;3598.76;3600.18;3579.25;3597.17;0;0
Индекс МосБиржи;D;20210426;000000;3603.13;3613.37;3589.27;3610.98;0;0
Индекс МосБиржи;D;20210427;000000;3615.57;3627.91;3586.39;3600.6;0;0
Индекс МосБиржи;D;20210428;000000;3608.89;3613.11;3558.24;3578.12;0;0
Индекс МосБиржи;D;20210429;000000;3609.38;3616.95;3565.58;3571.05;0;0
Индекс МосБиржи;D;20210430;000000;3574.03;3584.64;3536.53;3544;0;0
Индекс МосБиржи;D;20210504;000000;3557.62;3594.69;3556.08;3577.21;0;0
Индекс МосБиржи;D;20210505;000000;3602.17;3644.15;3600.88;3643.56;0;0
Индекс МосБиржи;D;20210506;000000;3636.71;3661.28;3634.45;3658.27;0;0
Индекс МосБиржи;D;20210507;000000;3678.19;3688.81;3667.77;3682.69;0;0
Индекс МосБиржи;D;20210510;000000;3684.18;3713.49;3675.13;3694.78;0;0
Индекс МосБиржи;D;20210511;000000;3644.29;3658.81;3625.97;3652.05;0;0
Индекс МосБиржи;D;20210512;000000;3659.63;3674.35;3643.22;3654.14;0;0
Индекс МосБиржи;D;20210513;000000;3634.18;3647.27;3600.8;3637.38;0;0
Индекс МосБиржи;D;20210514;000000;3654.73;3659.34;3623.72;3637.6;0;0
Индекс МосБиржи;D;20210517;000000;3645.13;3658.78;3618.75;3639.61;0;0
Индекс МосБиржи;D;20210518;000000;3670.16;3700.19;3670.1;3687.96;0;0
Индекс МосБиржи;D;20210519;000000;3693.82;3693.82;3619.54;3634.76;0;0
Индекс МосБиржи;D;20210520;000000;3650.07;3658.27;3603.4;3636.16;0;0
Индекс МосБиржи;D;20210521;000000;3637.5;3667.87;3620.6;3660.48;0;0
Индекс МосБиржи;D;20210524;000000;3665.96;3674.77;3651.09;3662.51;0;0
Индекс МосБиржи;D;20210525;000000;3682.42;3693.39;3672.27;3686.76;0;0
Индекс МосБиржи;D;20210526;000000;3695.29;3717.33;3694.13;3711.05;0;0
Индекс МосБиржи;D;20210527;000000;3708.77;3738.68;3694.59;3738.68;0;0
Индекс МосБиржи;D;20210528;000000;3750.46;3752.8;3724.52;3730.55;0;0
Индекс МосБиржи;D;20210531;000000;3713.99;3731.27;3713.99;3721.63;0;0
Индекс МосБиржи;D;20210601;000000;3739.57;3784.59;3739.57;3764.59;0;0
Индекс МосБиржи;D;20210602;000000;3771.32;3817.68;3769.47;3817.68;0;0
Индекс МосБиржи;D;20210603;000000;3833.77;3837.73;3777.98;3805.45;0;0
Индекс МосБиржи;D;20210604;000000;3805.94;3816.24;3766.62;3807.43;0;0
Индекс МосБиржи;D;20210607;000000;3807.96;3827.66;3793.96;3822.21;0;0
Индекс МосБиржи;D;20210608;000000;3819.52;3833.17;3799.07;3807.43;0;0
Индекс МосБиржи;D;20210609;000000;3821.8;3843.41;3805.82;3843.28;0;0
Индекс МосБиржи;D;20210610;000000;3835.21;3847.89;3822.01;3827.71;0;0
Индекс МосБиржи;D;20210611;000000;3838.98;3849.32;3828.62;3841.53;0;0
Индекс МосБиржи;D;20210614;000000;3845.81;3862.39;3842.75;3860.18;0;0
Индекс МосБиржи;D;20210615;000000;3864.36;3865.2;3819.64;3822.4;0;0
Индекс МосБиржи;D;20210616;000000;3821.45;3836.91;3803.54;3829.67;0;0
Индекс МосБиржи;D;20210617;000000;3807.32;3832.61;3801.98;3819.07;0;0
Индекс МосБиржи;D;20210618;000000;3809.99;3813.5;3775.82;3802.95;0;0
Индекс МосБиржи;D;20210621;000000;3797.23;3816.85;3785.49;3813.45;0;0
Индекс МосБиржи;D;20210622;000000;3831.61;3835.86;3809.71;3821.68;0;0
Индекс МосБиржи;D;20210623;000000;3836.12;3847.22;3820.5;3837.15;0;0
Индекс МосБиржи;D;20210624;000000;3833.73;3839.64;3800.5;3823.44;0;0
Индекс МосБиржи;D;20210625;000000;3818.97;3833.32;3805.7;3831.84;0;0
Индекс МосБиржи;D;20210628;000000;3833.72;3852.83;3822.81;3825.57;0;0
Индекс МосБиржи;D;20210629;000000;3817.72;3821.59;3768.24;3790.85;0;0
Индекс МосБиржи;D;20210630;000000;3799.42;3847.3;3779.28;3841.85;0;0
Индекс МосБиржи;D;20210701;000000;3843.28;3879.5;3843.16;3858.32;0;0
Индекс МосБиржи;D;20210702;000000;3853.81;3877.23;3843.9;3865.42;0;0
Индекс МосБиржи;D;20210705;000000;3874.81;3882.59;3863.09;3882.59;0;0
Индекс МосБиржи;D;20210706;000000;3896.82;3915;3878.39;3884.3;0;0
Индекс МосБиржи;D;20210707;000000;3881.88;3912.39;3879.72;3895.1;0;0
Индекс МосБиржи;D;20210708;000000;3882.15;3883.47;3839.4;3861.08;0;0
Индекс МосБиржи;D;20210709;000000;3865.62;3874.96;3850.57;3855.31;0;0
Индекс МосБиржи;D;20210712;000000;3864.26;3882.6;3848.45;3875.61;0;0
Индекс МосБиржи;D;20210713;000000;3888.32;3891.54;3852.54;3877.03;0;0
Индекс МосБиржи;D;20210714;000000;3851.16;3862.73;3829.59;3832.85;0;0
Индекс МосБиржи;D;20210715;000000;3826.45;3832.5;3789.31;3799.97;0;0
Индекс МосБиржи;D;20210716;000000;3795.03;3812.49;3756.01;3770.15;0;0
Индекс МосБиржи;D;20210719;000000;3743.97;3744.27;3679.79;3693.42;0;0
Индекс МосБиржи;D;20210720;000000;3707.23;3719.09;3679.44;3704.4;0;0
Индекс МосБиржи;D;20210721;000000;3718.92;3738.33;3701.95;3722.96;0;0
Индекс МосБиржи;D;20210722;000000;3746.35;3758.58;3724.29;3754.44;0;0
Индекс МосБиржи;D;20210723;000000;3760.33;3767.4;3724.74;3734.54;0;0
Индекс МосБиржи;D;20210726;000000;3724.2;3755.52;3710.14;3750.1;0;0
Индекс МосБиржи;D;20210727;000000;3756.79;3762.89;3733.1;3733.1;0;0
Индекс МосБиржи;D;20210728;000000;3747.25;3782.28;3743.46;3782.28;0;0
Индекс МосБиржи;D;20210729;000000;3794.4;3806.83;3789.57;3804.33;0;0
Индекс МосБиржи;D;20210730;000000;3789.33;3793.4;3759.83;3771.58;0;0
Индекс МосБиржи;D;20210802;000000;3791.22;3801.24;3781.43;3788.1;0;0
Индекс МосБиржи;D;20210803;000000;3782.41;3797.3;3771.8;3793.69;0;0
Индекс МосБиржи;D;20210804;000000;3808.44;3814.63;3795.75;3810.62;0;0
Индекс МосБиржи;D;20210805;000000;3803.91;3833.81;3801.16;3833.75;0;0
Индекс МосБиржи;D;20210806;000000;3836.49;3837.35;3802.44;3805.36;0;0
Индекс МосБиржи;D;20210809;000000;3795.48;3839.72;3790.63;3835.11;0;0
Индекс МосБиржи;D;20210810;000000;3847.12;3867.09;3843.42;3862.32;0;0
Индекс МосБиржи;D;20210811;000000;3875.23;3886.78;3856.61;3877.37;0;0
Индекс МосБиржи;D;20210812;000000;3879.01;3897.92;3877.23;3888.86;0;0
Индекс МосБиржи;D;20210813;000000;3882.62;3895.05;3866.67;3873;0;0
Индекс МосБиржи;D;20210816;000000;3862.32;3896.96;3855.62;3895.31;0;0
Индекс МосБиржи;D;20210817;000000;3893.85;3944.37;3893.44;3943.01;0;0
Индекс МосБиржи;D;20210818;000000;3948.43;3949.07;3912.24;3925.17;0;0
Индекс МосБиржи;D;20210819;000000;3883.2;3883.42;3841.15;3853.98;0;0
Индекс МосБиржи;D;20210820;000000;3868.79;3871.43;3826.27;3832.7;0;0
Индекс МосБиржи;D;20210823;000000;3861.99;3884.51;3856.21;3883.01;0;0
Индекс МосБиржи;D;20210824;000000;3897.56;3904.99;3864.37;3888.87;0;0
Индекс МосБиржи;D;20210825;000000;3891.8;3895.62;3868.64;3886.64;0;0
Индекс МосБиржи;D;20210826;000000;3876.99;3876.99;3838.63;3851.57;0;0
Индекс МосБиржи;D;20210827;000000;3864.11;3887.38;3844.49;3887.38;0;0
Индекс МосБиржи;D;20210830;000000;3900.96;3928.5;3900.96;3928.5;0;0
Индекс МосБиржи;D;20210831;000000;3934.1;3938.68;3904.72;3918.96;0;0
Индекс МосБиржи;D;20210901;000000;3924.32;3972.68;3924.32;3971.02;0;0
Индекс МосБиржи;D;20210902;000000;3983.68;3994.77;3968.06;3990.77;0;0
Индекс МосБиржи;D;20210903;000000;3976.62;4001.7;3964.22;4001.7;0;0
Индекс МосБиржи;D;20210906;000000;4004.61;4028.25;4003.49;4028.25;0;0
Индекс МосБиржи;D;20210907;000000;4036.41;4043.51;4004.9;4010.16;0;0
Индекс МосБиржи;D;20210908;000000;4015.35;4030.72;3984.64;4017.37;0;0
Индекс МосБиржи;D;20210909;000000;4007.82;4009.66;3982.6;3993.56;0;0
Индекс МосБиржи;D;20210910;000000;3993.53;4008.56;3987.53;4002.66;0;0
Индекс МосБиржи;D;20210913;000000;4012.97;4041.83;4001.63;4041.16;0;0
Индекс МосБиржи;D;20210914;000000;4051.81;4061.99;4037.23;4055.7;0;0
Индекс МосБиржи;D;20210915;000000;4059.08;4081.98;4049.69;4065.53;0;0
Индекс МосБиржи;D;20210916;000000;4069.19;4073.72;4028.08;4045.1;0;0
Индекс МосБиржи;D;20210917;000000;4043.51;4054.38;4013.62;4035.17;0;0
Индекс МосБиржи;D;20210920;000000;3988.45;3991.39;3955.19;3969.61;0;0
Индекс МосБиржи;D;20210921;000000;3980.02;3994.56;3962.05;3970.48;0;0
Индекс МосБиржи;D;20210922;000000;4001.79;4032.38;3999.82;4030.98;0;0
Индекс МосБиржи;D;20210923;000000;4051.36;4058.15;4020.5;4052.14;0;0
Индекс МосБиржи;D;20210924;000000;4055.37;4057.09;4017.2;4038.23;0;0
Индекс МосБиржи;D;20210927;000000;4069.55;4083.61;4061.71;4081.22;0;0
Индекс МосБиржи;D;20210928;000000;4109.66;4112.31;4050.95;4065.46;0;0
Индекс МосБиржи;D;20210929;000000;4045.16;4076.61;4038.06;4058.37;0;0
Индекс МосБиржи;D;20210930;000000;4079.46;4106.72;4064.5;4103.52;0;0
Индекс МосБиржи;D;20211001;000000;4078.59;4104.78;4065.4;4086.99;0;0
Индекс МосБиржи;D;20211004;000000;4106.89;4131.39;4100.85;4112.72;0;0
Индекс МосБиржи;D;20211005;000000;4129.53;4225.16;4129.53;4223.85;0;0
Индекс МосБиржи;D;20211006;000000;4263.87;4267.29;4163.62;4171.71;0;0
Индекс МосБиржи;D;20211007;000000;4222.78;4239.14;4179.39;4228.02;0;0
Индекс МосБиржи;D;20211008;000000;4233.58;4254.36;4216.72;4238;0;0
Индекс МосБиржи;D;20211011;000000;4259.38;4284.53;4247.2;4279.87;0;0
Индекс МосБиржи;D;20211012;000000;4259.03;4275.6;4250.03;4263.8;0;0
Индекс МосБиржи;D;20211013;000000;4260.44;4260.44;4189.91;4243.92;0;0
Индекс МосБиржи;D;20211014;000000;4280.76;4292.68;4259.13;4259.13;0;0
Индекс МосБиржи;D;20211015;000000;4278.51;4282.15;4247.79;4261.82;0;0
Индекс МосБиржи;D;20211018;000000;4254.91;4257.83;4225.42;4248.33;0;0
Индекс МосБиржи;D;20211019;000000;4256.24;4279.2;4235.81;4276.26;0;0
Индекс МосБиржи;D;20211020;000000;4284.91;4290.99;4258.14;4287.52;0;0
Индекс МосБиржи;D;20211021;000000;4276.94;4282.46;4214.82;4218.63;0;0
Индекс МосБиржи;D;20211022;000000;4218.5;4246.22;4196.96;4196.96;0;0
Индекс МосБиржи;D;20211025;000000;4216.43;4254.98;4184.74;4254.98;0;0
Индекс МосБиржи;D;20211026;000000;4254.59;4259.83;4233.8;4235.87;0;0
Индекс МосБиржи;D;20211027;000000;4216.76;4234.99;4190.68;4229.53;0;0
Индекс МосБиржи;D;20211028;000000;4210.78;4220.23;4157.39;4189.66;0;0
Индекс МосБиржи;D;20211029;000000;4186.35;4186.7;4116.29;4150;0;0
Индекс МосБиржи;D;20211101;000000;4155.24;4224.51;4155.24;4221.49;0;0
Индекс МосБиржи;D;20211102;000000;4235.89;4245.32;4196.75;4207.53;0;0
Индекс МосБиржи;D;20211103;000000;4192.14;4192.14;4158.17;4184.87;0;0
Индекс МосБиржи;D;20211105;000000;4179.03;4181.87;4159.92;4174.76;0;0
Индекс МосБиржи;D;20211109;000000;4207.59;4225.82;4181.75;4187.33;0;0
Индекс МосБиржи;D;20211110;000000;4192.62;4196.22;4151.6;4172.47;0;0
Индекс МосБиржи;D;20211111;000000;4141.62;4189.35;4126.52;4189.35;0;0
Индекс МосБиржи;D;20211112;000000;4181.7;4181.7;4089.32;4121.66;0;0
Индекс МосБиржи;D;20211115;000000;4121.5;4162.02;4111.04;4135.14;0;0
Индекс МосБиржи;D;20211116;000000;4147.69;4158.31;4094.15;4120.02;0;0
Индекс МосБиржи;D;20211117;000000;4120.23;4149.02;4101.96;4149.02;0;0
Индекс МосБиржи;D;20211118;000000;4120.81;4150.57;4082.17;4093.85;0;0
Индекс МосБиржи;D;20211119;000000;4121.74;4127;4000.26;4016.47;0;0
Индекс МосБиржи;D;20211122;000000;4008.13;4017.02;3872.77;3872.77;0;0
Индекс МосБиржи;D;20211123;000000;3832.33;3974.76;3776.61;3960.33;0;0
Индекс МосБиржи;D;20211124;000000;4001.89;4021.25;3913.39;3950.56;0;0
Индекс МосБиржи;D;20211125;000000;3964.25;3990.95;3932.55;3947.82;0;0
Индекс МосБиржи;D;20211126;000000;3852.99;3876.13;3810.75;3810.98;0;0
Индекс МосБиржи;D;20211129;000000;3872.19;3928.52;3846.12;3879.54;0;0
Индекс МосБиржи;D;20211130;000000;3828.25;3902.72;3827.55;3890.59;0;0
Индекс МосБиржи;D;20211201;000000;3907.17;3962.22;3900.16;3959.29;0;0
Индекс МосБиржи;D;20211202;000000;3940.09;3972.85;3914.43;3947.54;0;0
Индекс МосБиржи;D;20211203;000000;3967.88;3977.16;3905.38;3913.06;0;0
Индекс МосБиржи;D;20211206;000000;3937.15;3938.1;3800.76;3810.1;0;0
Индекс МосБиржи;D;20211207;000000;3860.83;3880.84;3810.03;3873.2;0;0
Индекс МосБиржи;D;20211208;000000;3904.84;3915.65;3773.61;3773.61;0;0
Индекс МосБиржи;D;20211209;000000;3801.67;3847.76;3780.3;3813.29;0;0
Индекс МосБиржи;D;20211210;000000;3806.97;3814.06;3760.23;3760.23;0;0
Индекс МосБиржи;D;20211213;000000;3790.1;3794.52;3613.88;3618.31;0;0
Индекс МосБиржи;D;20211214;000000;3533.82;3638.49;3532.29;3619.39;0;0
Индекс МосБиржи;D;20211215;000000;3653.16;3666.53;3608.6;3621.82;0;0
Индекс МосБиржи;D;20211216;000000;3705.57;3755.07;3701.35;3750.36;0;0
Индекс МосБиржи;D;20211217;000000;3725.04;3739.59;3696.5;3723.27;0;0
Индекс МосБиржи;D;20211220;000000;3657.65;3674.71;3629.61;3669.05;0;0
Индекс МосБиржи;D;20211221;000000;3705.33;3713.68;3670.16;3693.02;0;0
Индекс МосБиржи;D;20211222;000000;3715.2;3759.67;3699.06;3746.75;0;0
Индекс МосБиржи;D;20211223;000000;3745.52;3751.37;3691.04;3704.6;0;0
Индекс МосБиржи;D;20211224;000000;3700.34;3703.72;3653.63;3702.72;0;0
Индекс МосБиржи;D;20211227;000000;3711.77;3742.12;3709.19;3740.63;0;0
Индекс МосБиржи;D;20211228;000000;3766.5;3790.44;3751;3777.56;0;0
Индекс МосБиржи;D;20211229;000000;3756.54;3770.09;3727.35;3741.07;0;0
Индекс МосБиржи;D;20220103;000000;3825.3;3866.15;3823.5;3852.5;0;0
Индекс МосБиржи;D;20220104;000000;3880.2;3892.33;3846.81;3873.49;0;0
Индекс МосБиржи;D;20220105;000000;3857.9;3875.25;3805.06;3815.05;0;0
Индекс МосБиржи;D;20220106;000000;3758.68;3784.17;3720.17;3753.29;0;0
Индекс МосБиржи;D;20220107;000000;3772.04;3772.04;3772.04;3772.04;0;0
Индекс МосБиржи;D;20220110;000000;3798.43;3806.84;3726.73;3738.68;0;0
Индекс МосБиржи;D;20220111;000000;3764.56;3800.91;3751.45;3785.29;0;0
Индекс МосБиржи;D;20220112;000000;3797.31;3841.72;3783.92;3829.95;0;0
Индекс МосБиржи;D;20220113;000000;3814.98;3818.97;3664.48;3674.73;0;0
Индекс МосБиржи;D;20220114;000000;3703.9;3723.62;3512.03;3596.98;0;0
Индекс МосБиржи;D;20220117;000000;3633.01;3651.36;3501.94;3560.35;0;0
Индекс МосБиржи;D;20220118;000000;3527.77;3534.56;3297.12;3328.94;0;0
Индекс МосБиржи;D;20220119;000000;3290.31;3500.27;3256.6;3436.82;0;0
Индекс МосБиржи;D;20220120;000000;3519.02;3533.61;3403.74;3516.02;0;0
Индекс МосБиржи;D;20220121;000000;3420.12;3503.84;3407.27;3439.25;0;0
Индекс МосБиржи;D;20220124;000000;3426.19;3426.47;3158.46;3235.28;0;0
Индекс МосБиржи;D;20220125;000000;3316.98;3330.9;3229.45;3258.74;0;0
Индекс МосБиржи;D;20220126;000000;3341.71;3412.15;3276.06;3357.66;0;0
Индекс МосБиржи;D;20220127;000000;3296.47;3525.94;3284.49;3455.93;0;0
Индекс МосБиржи;D;20220128;000000;3508.57;3534.4;3446.01;3488.6;0;0
Индекс МосБиржи;D;20220131;000000;3524.11;3566.05;3518.55;3530.38;0;0
Индекс МосБиржи;D;20220201;000000;3564.55;3584.71;3531.35;3548.17;0;0
Индекс МосБиржи;D;20220202;000000;3574.87;3580.22;3516.17;3543.8;0;0
Индекс МосБиржи;D;20220203;000000;3498.76;3519.23;3446.65;3471.18;0;0
Индекс МосБиржи;D;20220204;000000;3499.32;3556.32;3464.14;3471.01;0;0
Индекс МосБиржи;D;20220207;000000;3511.39;3521.26;3437.93;3470.78;0;0
Индекс МосБиржи;D;20220208;000000;3497.18;3551.65;3487.64;3551.65;0;0
Индекс МосБиржи;D;20220209;000000;3593;3638.93;3580.45;3638.93;0;0
Индекс МосБиржи;D;20220210;000000;3628.51;3655.76;3592.75;3655.76;0;0
Индекс МосБиржи;D;20220211;000000;3579.69;3596.74;3514.12;3546.62;0;0
Индекс МосБиржи;D;20220214;000000;3442.82;3524.87;3404.35;3481.38;0;0
Индекс МосБиржи;D;20220215;000000;3532;3614.15;3514.98;3600.29;0;0
Индекс МосБиржи;D;20220216;000000;3682.94;3683.95;3608.01;3646.41;0;0
Индекс МосБиржи;D;20220217;000000;3588.27;3595.12;3498.2;3511.08;0;0
Индекс МосБиржи;D;20220218;000000;3547.04;3565.52;3371.05;3393.31;0;0
Индекс МосБиржи;D;20220221;000000;3458.73;3460.42;2910.49;3036.88;0;0
Индекс МосБиржи;D;20220222;000000;2909.4;3113.4;2756.46;3084.74;0;0
Индекс МосБиржи;D;20220224;000000;2735.88;2740.31;1681.55;2058.12;0;0
Индекс МосБиржи;D;20220225;000000;2261.33;2552.46;2256.09;2470.48;0;0
Индекс МосБиржи;D;20220329;000000;2442.43;2538.2;2363.62;2408.49;0;0
Индекс МосБиржи;D;20220330;000000;2437.92;2513.03;2437.92;2513.03;0;0
Индекс МосБиржи;D;20220331;000000;2535.32;2703.51;2533.39;2703.51;0;0
Индекс МосБиржи;D;20220401;000000;2714.62;2817.72;2714.62;2759.64;0;0
Индекс МосБиржи;D;20220404;000000;2775.06;2835.46;2682.34;2787.69;0;0
Индекс МосБиржи;D;20220405;000000;2796.56;2808.27;2576.34;2662.79;0;0
Индекс МосБиржи;D;20220406;000000;2641.79;2696.97;2594.95;2611.43;0;0
Индекс МосБиржи;D;20220407;000000;2618.26;2653.85;2618.26;2635.39;0;0
Индекс МосБиржи;D;20220408;000000;2649.16;2656.72;2554.72;2592.72;0;0
Индекс МосБиржи;D;20220411;000000;2596.17;2623.64;2557.16;2557.16;0;0
Индекс МосБиржи;D;20220412;000000;2559.22;2570.78;2472.28;2540.99;0;0
Индекс МосБиржи;D;20220413;000000;2546.64;2558.86;2517.44;2528.42;0;0
Индекс МосБиржи;D;20220414;000000;2530.9;2533.77;2403.86;2404.73;0;0
Индекс МосБиржи;D;20220415;000000;2403.16;2431.91;2353.13;2424.99;0;0
Индекс МосБиржи;D;20220418;000000;2430.91;2447.58;2338.36;2342.63;0;0
Индекс МосБиржи;D;20220419;000000;2342.53;2344.37;2216.61;2317.46;0;0
Индекс МосБиржи;D;20220420;000000;2326.03;2374.87;2271.72;2330.73;0;0
Индекс МосБиржи;D;20220421;000000;2334.97;2341.21;2260.68;2271.05;0;0
Индекс МосБиржи;D;20220422;000000;2271.18;2290.04;2223.73;2232.23;0;0
Индекс МосБиржи;D;20220425;000000;2236.32;2237.45;2168.18;2186.22;0;0
Индекс МосБиржи;D;20220426;000000;2190.97;2347.92;2190.97;2318.46;0;0
Индекс МосБиржи;D;20220427;000000;2326.27;2427.47;2305.47;2424.28;0;0
Индекс МосБиржи;D;20220428;000000;2434.86;2505.94;2379.12;2383.66;0;0
Индекс МосБиржи;D;20220429;000000;2390.83;2448.52;2390.83;2445.17;0;0
Индекс МосБиржи;D;20220504;000000;2444.25;2464.6;2373.16;2373.16;0;0
Индекс МосБиржи;D;20220505;000000;2379.04;2412.81;2379.04;2404.8;0;0
Индекс МосБиржи;D;20220506;000000;2405.17;2406.78;2372.52;2393.03;0;0
Индекс МосБиржи;D;20220511;000000;2391.91;2414.87;2367.48;2387.14;0;0
Индекс МосБиржи;D;20220512;000000;2382.33;2386.16;2283.31;2297.89;0;0
Индекс МосБиржи;D;20220513;000000;2309.98;2321.91;2283.1;2307.5;0;0
Индекс МосБиржи;D;20220516;000000;2308.2;2379.35;2306.06;2364.6;0;0
Индекс МосБиржи;D;20220517;000000;2378.08;2425.17;2371.93;2424.1;0;0
Индекс МосБиржи;D;20220518;000000;2438;2490.17;2438;2445.3;0;0
Индекс МосБиржи;D;20220519;000000;2454.36;2454.83;2414.63;2436.57;0;0
Индекс МосБиржи;D;20220520;000000;2441.56;2451.02;2365.81;2373.26;0;0
Индекс МосБиржи;D;20220523;000000;2379.66;2389.42;2300.77;2301.85;0;0
Индекс МосБиржи;D;20220524;000000;2300.11;2317.92;2229.22;2293.62;0;0
Индекс МосБиржи;D;20220525;000000;2300.15;2340.18;2291.13;2340.18;0;0
Индекс МосБиржи;D;20220526;000000;2348.44;2415.03;2327.29;2413.06;0;0
Индекс МосБиржи;D;20220527;000000;2424.7;2439.89;2399.92;2407.59;0;0
Индекс МосБиржи;D;20220601;000000;2349.84;2385.64;2338.9;2374.6;0;0
Индекс МосБиржи;D;20220602;000000;2374.67;2382.23;2337.53;2340.17;0;0
Индекс МосБиржи;D;20220603;000000;2341.55;2348.03;2286.82;2308.03;0;0
Индекс МосБиржи;D;20220606;000000;2308.35;2321.75;2277.21;2282.16;0;0
Индекс МосБиржи;D;20220607;000000;2281.3;2294.4;2239.72;2291.62;0;0
Индекс МосБиржи;D;20220608;000000;2296.62;2342.69;2296.62;2318.85;0;0
Индекс МосБиржи;D;20220609;000000;2321.57;2323.39;2275.22;2293.99;0;0
Индекс МосБиржи;D;20220610;000000;2282.81;2296.1;2273.95;2285.52;0;0
Индекс МосБиржи;D;20220614;000000;2280.02;2308.43;2261.26;2289.75;0;0
Индекс МосБиржи;D;20220615;000000;2290.76;2320.4;2282.79;2318.96;0;0
Индекс МосБиржи;D;20220616;000000;2321.52;2374.24;2317.87;2369.75;0;0
Индекс МосБиржи;D;20220617;000000;2373.07;2382.49;2345.4;2353.98;0;0
Индекс МосБиржи;D;20220620;000000;2358.26;2404.4;2357.33;2404.4;0;0
Индекс МосБиржи;D;20220621;000000;2407.63;2415.59;2357.27;2358.81;0;0
Индекс МосБиржи;D;20220622;000000;2348.04;2373.52;2320.87;2373.52;0;0
Индекс МосБиржи;D;20220623;000000;2375.6;2404.54;2350.1;2404.54;0;0
Индекс МосБиржи;D;20220624;000000;2405.31;2414.02;2372.05;2391.51;0;0
Индекс МосБиржи;D;20220627;000000;2387.55;2417.06;2384.32;2417.06;0;0
Индекс МосБиржи;D;20220628;000000;2419.15;2419.81;2392.26;2408.75;0;0
Индекс МосБиржи;D;20220629;000000;2407.49;2407.49;2370.41;2378.55;0;0
Индекс МосБиржи;D;20220630;000000;2380.03;2407.2;2184.71;2204.85;0;0
Индекс МосБиржи;D;20220701;000000;2197.9;2237.92;2165.13;2206.61;0;0
Индекс МосБиржи;D;20220704;000000;2208.7;2240.83;2197.39;2204.66;0;0
Индекс МосБиржи;D;20220705;000000;2214.39;2238.73;2187.57;2226.64;0;0
Индекс МосБиржи;D;20220706;000000;2227.02;2273.24;2214.04;2221.88;0;0
Индекс МосБиржи;D;20220707;000000;2221.02;2239.59;2206.16;2226.65;0;0
Индекс МосБиржи;D;20220708;000000;2225.02;2234.55;2202.52;2222.51;0;0
Индекс МосБиржи;D;20220711;000000;2213.55;2224.35;2156.36;2162.34;0;0
Индекс МосБиржи;D;20220712;000000;2160.74;2160.74;2105.26;2133.77;0;0
Индекс МосБиржи;D;20220713;000000;2138.14;2142.51;2064.58;2073.68;0;0
Индекс МосБиржи;D;20220714;000000;2073.79;2105.61;2049.44;2063.3;0;0
Индекс МосБиржи;D;20220715;000000;2069.02;2109.52;2056.82;2109.52;0;0
Индекс МосБиржи;D;20220718;000000;2119.02;2127.96;2083.01;2096.42;0;0
Индекс МосБиржи;D;20220719;000000;2089.28;2089.28;2047.33;2071.28;0;0
Индекс МосБиржи;D;20220720;000000;2076.24;2098.92;2067.37;2075.24;0;0
Индекс МосБиржи;D;20220721;000000;2075.99;2075.99;2022.16;2053.64;0;0
Индекс МосБиржи;D;20220722;000000;2056.16;2099.68;2053.2;2096.75;0;0
Индекс МосБиржи;D;20220725;000000;2099.81;2132.75;2090.22;2128.96;0;0
Индекс МосБиржи;D;20220726;000000;2135.89;2192.42;2135.89;2192.42;0;0
Индекс МосБиржи;D;20220727;000000;2198.96;2220.82;2184.71;2196.22;0;0
Индекс МосБиржи;D;20220728;000000;2204.01;2213.21;2169.21;2189.16;0;0
Индекс МосБиржи;D;20220729;000000;2187.67;2213.81;2181.07;2213.81;0;0
Индекс МосБиржи;D;20220801;000000;2213.75;2220.73;2178.98;2180.09;0;0
Индекс МосБиржи;D;20220802;000000;2176.57;2178.81;2137.3;2137.3;0;0
Индекс МосБиржи;D;20220803;000000;2138.76;2156.54;2123.92;2123.92;0;0
Индекс МосБиржи;D;20220804;000000;2126.39;2137.83;2111.87;2116.58;0;0
Индекс МосБиржи;D;20220805;000000;2120.13;2124.6;2052.08;2054.29;0;0
Индекс МосБиржи;D;20220808;000000;2106.5;2119.41;2086.98;2088.4;0;0
Индекс МосБиржи;D;20220809;000000;2090.37;2136.8;2071.72;2136.8;0;0
Индекс МосБиржи;D;20220810;000000;2138.81;2158.87;2128.59;2151.5;0;0
Индекс МосБиржи;D;20220811;000000;2157.17;2174.9;2128.38;2133.11;0;0
Индекс МосБиржи;D;20220812;000000;2133.93;2150.9;2117.08;2147.33;0;0
Индекс МосБиржи;D;20220815;000000;2147.76;2165.75;2139.45;2165.12;0;0
Индекс МосБиржи;D;20220816;000000;2172.4;2208.33;2168.06;2208.33;0;0
Индекс МосБиржи;D;20220817;000000;2213.43;2225.05;2186.86;2188.56;0;0
Индекс МосБиржи;D;20220818;000000;2188.42;2197.92;2176.02;2194.31;0;0
Индекс МосБиржи;D;20220819;000000;2199.6;2199.6;2179.56;2195.16;0;0
Индекс МосБиржи;D;20220822;000000;2193.29;2231.22;2187.04;2228.11;0;0
Индекс МосБиржи;D;20220823;000000;2230.74;2261.59;2230.74;2260.08;0;0
Индекс МосБиржи;D;20220824;000000;2263.57;2273.65;2243.08;2248.22;0;0
Индекс МосБиржи;D;20220825;000000;2249.39;2266.18;2234.87;2246.34;0;0
Индекс МосБиржи;D;20220826;000000;2248.98;2268.89;2239.66;2268.89;0;0
Индекс МосБиржи;D;20220829;000000;2267.43;2296.33;2263.99;2296.33;0;0
Индекс МосБиржи;D;20220830;000000;2299.28;2314.53;2292.44;2306.62;0;0
Индекс МосБиржи;D;20220831;000000;2377.02;2423.12;2368.42;2400.08;0;0
Индекс МосБиржи;D;20220901;000000;2401.98;2448.5;2380.01;2445.77;0;0
Индекс МосБиржи;D;20220902;000000;2443.76;2474.71;2431.54;2471.45;0;0
Индекс МосБиржи;D;20220905;000000;2472.1;2488.44;2440.88;2488.44;0;0
Индекс МосБиржи;D;20220906;000000;2487.76;2492.15;2382.24;2425.33;0;0
Индекс МосБиржи;D;20220907;000000;2422.88;2436.64;2394.56;2401.57;0;0
Индекс МосБиржи;D;20220908;000000;2397.59;2407.39;2378.3;2390.27;0;0
Индекс МосБиржи;D;20220909;000000;2391.69;2426.81;2391.69;2426.06;0;0
Индекс МосБиржи;D;20220912;000000;2419.77;2465.22;2413.55;2449.65;0;0
Индекс МосБиржи;D;20220913;000000;2459.75;2465.55;2438.8;2446.89;0;0
Индекс МосБиржи;D;20220914;000000;2439.96;2439.96;2400.14;2435.89;0;0
Индекс МосБиржи;D;20220915;000000;2434.79;2457.02;2418.3;2446.59;0;0
Индекс МосБиржи;D;20220916;000000;2446.09;2469.02;2427.68;2435.18;0;0
Индекс МосБиржи;D;20220919;000000;2436.48;2453.03;2427.19;2430.54;0;0
Индекс МосБиржи;D;20220920;000000;2430.53;2436.3;2171.92;2215.67;0;0
Индекс МосБиржи;D;20220921;000000;2052.89;2186.43;2002.73;2130.71;0;0
Индекс МосБиржи;D;20220922;000000;2138.39;2216.85;2138.39;2190.87;0;0
Индекс МосБиржи;D;20220923;000000;2192.11;2192.68;2071.37;2089.87;0;0
Индекс МосБиржи;D;20220926;000000;2054.56;2054.56;1841.42;1933.35;0;0
Индекс МосБиржи;D;20220927;000000;1930.58;1975.32;1904.24;1953.46;0;0
Индекс МосБиржи;D;20220928;000000;1978.89;2018.99;1948.25;1963.86;0;0
Индекс МосБиржи;D;20220929;000000;1998.24;2005.8;1917.62;1953.77;0;0
Индекс МосБиржи;D;20220930;000000;1977.75;2005.21;1872.95;1957.31;0;0
Индекс МосБиржи;D;20221003;000000;1991.88;2047.54;1972.43;2041.96;0;0
Индекс МосБиржи;D;20221004;000000;2071.19;2079.67;2016.59;2046.42;0;0
Индекс МосБиржи;D;20221005;000000;2041.5;2045.62;1971.91;2029.88;0;0
Индекс МосБиржи;D;20221006;000000;2027.3;2053.86;2015.09;2020.63;0;0
Индекс МосБиржи;D;20221007;000000;2012.95;2012.95;1939.54;1944.75;0;0
Индекс МосБиржи;D;20221010;000000;1783.66;1917.91;1775.04;1916.97;0;0
Индекс МосБиржи;D;20221011;000000;1928.74;1952.8;1909.11;1949.46;0;0
Индекс МосБиржи;D;20221012;000000;1965.39;1974.59;1937.93;1951.65;0;0
Индекс МосБиржи;D;20221013;000000;1950.24;1975.84;1941.18;1955.2;0;0
Индекс МосБиржи;D;20221014;000000;1963.38;1965.77;1933.29;1950.98;0;0
Индекс МосБиржи;D;20221017;000000;1958.18;2013.61;1955.7;2012.85;0;0
Индекс МосБиржи;D;20221018;000000;2031.56;2039.67;1999.38;2032.4;0;0
Индекс МосБиржи;D;20221019;000000;1986.67;2006.06;1953.74;1978.4;0;0
Индекс МосБиржи;D;20221020;000000;1998.74;2032.58;1991.09;2025.51;0;0
Индекс МосБиржи;D;20221021;000000;2026.44;2049;2000.68;2043.71;0;0
Индекс МосБиржи;D;20221024;000000;2070.36;2088.31;2048.37;2063.95;0;0
Индекс МосБиржи;D;20221025;000000;2066.28;2130.65;2058.09;2130.65;0;0
Индекс МосБиржи;D;20221026;000000;2131.18;2144.56;2093.12;2120.58;0;0
Индекс МосБиржи;D;20221027;000000;2133.81;2164.64;2123.57;2164.64;0;0
Индекс МосБиржи;D;20221028;000000;2154.28;2171.88;2130.75;2167.7;0;0
Индекс МосБиржи;D;20221031;000000;2173;2184.38;2155.75;2166.61;0;0
Индекс МосБиржи;D;20221101;000000;2179.15;2185.6;2161.18;2174.35;0;0
Индекс МосБиржи;D;20221102;000000;2178.25;2184.89;2160.56;2173.84;0;0
Индекс МосБиржи;D;20221103;000000;2145.54;2156.78;2123.32;2155.92;0;0
Индекс МосБиржи;D;20221107;000000;2176.33;2208.78;2172.34;2208.78;0;0
Индекс МосБиржи;D;20221108;000000;2213.39;2221.13;2188.22;2207.2;0;0
Индекс МосБиржи;D;20221109;000000;2201.06;2205.92;2166.42;2166.56;0;0
Индекс МосБиржи;D;20221110;000000;2167.96;2211.21;2161.57;2210.02;0;0
Индекс МосБиржи;D;20221111;000000;2221.68;2224.97;2204.33;2217.44;0;0
Индекс МосБиржи;D;20221114;000000;2230.8;2245.9;2221.31;2244.77;0;0
Индекс МосБиржи;D;20221115;000000;2249.22;2254.94;2211.19;2223.26;0;0
Индекс МосБиржи;D;20221116;000000;2199.1;2232.83;2191.95;2227.19;0;0
Индекс МосБиржи;D;20221117;000000;2227.54;2235.76;2200.11;2212.93;0;0
Индекс МосБиржи;D;20221118;000000;2208.39;2211.7;2189.93;2206.32;0;0
Индекс МосБиржи;D;20221121;000000;2204.9;2204.9;2161.35;2166.31;0;0
Индекс МосБиржи;D;20221122;000000;2179.76;2200.06;2169.62;2196.04;0;0
Индекс МосБиржи;D;20221123;000000;2196.24;2217.4;2180.64;2211.89;0;0
Индекс МосБиржи;D;20221124;000000;2214.14;2225.92;2206.12;2210.95;0;0
Индекс МосБиржи;D;20221125;000000;2209.31;2211.1;2190.67;2195.17;0;0
Индекс МосБиржи;D;20221128;000000;2180.32;2182.16;2163.44;2177.45;0;0
Индекс МосБиржи;D;20221129;000000;2180.65;2191.44;2178.34;2185.32;0;0
Индекс МосБиржи;D;20221130;000000;2184.27;2184.27;2172.67;2174.53;0;0
Индекс МосБиржи;D;20221201;000000;2189.65;2193.41;2183.57;2187.29;0;0
Индекс МосБиржи;D;20221202;000000;2189.19;2189.35;2173.48;2180.44;0;0
Индекс МосБиржи;D;20221205;000000;2179.79;2210.7;2174.17;2208.28;0;0
Индекс МосБиржи;D;20221206;000000;2204.51;2208.36;2184.65;2196.24;0;0
Индекс МосБиржи;D;20221207;000000;2185.01;2193.71;2166.77;2192.88;0;0
Индекс МосБиржи;D;20221208;000000;2196.17;2197.77;2174.57;2184.43;0;0
Индекс МосБиржи;D;20221209;000000;2178.93;2183.97;2169.04;2177.85;0;0
Индекс МосБиржи;D;20221212;000000;2178.33;2185.49;2163.33;2173.16;0;0
Индекс МосБиржи;D;20221213;000000;2175.29;2177.95;2154.52;2174.38;0;0
Индекс МосБиржи;D;20221214;000000;2171.12;2171.31;2154.65;2159.81;0;0
Индекс МосБиржи;D;20221215;000000;2151.69;2151.69;2115.21;2126.8;0;0
Индекс МосБиржи;D;20221216;000000;2118.43;2135.79;2116.08;2132.75;0;0
Индекс МосБиржи;D;20221219;000000;2131.33;2139.07;2109.56;2129.98;0;0
Индекс МосБиржи;D;20221220;000000;2071.1;2119.37;2070.58;2119.37;0;0
Индекс МосБиржи;D;20221221;000000;2135.41;2139.49;2102.24;2116.13;0;0
Индекс МосБиржи;D;20221222;000000;2124.37;2134.48;2114.91;2122.91;0;0
Индекс МосБиржи;D;20221223;000000;2121.99;2128.27;2110.59;2124.02;0;0
Индекс МосБиржи;D;20221226;000000;2126.4;2139.78;2126.4;2139.21;0;0
Индекс МосБиржи;D;20221227;000000;2142.08;2154.35;2138.11;2150.92;0;0
Индекс МосБиржи;D;20221228;000000;2150.12;2152.47;2136.68;2139.77;0;0
Индекс МосБиржи;D;20221229;000000;2135.91;2149.94;2134.48;2147.06;0;0
Индекс МосБиржи;D;20230104;000000;2171.54;2179.56;2162.06;2168.42;0;0
Индекс МосБиржи;D;20230105;000000;2170.4;2171.94;2154.16;2156.67;0;0
Индекс МосБиржи;D;20230109;000000;2163.43;2169.71;2162.01;2163.5;0;0
Индекс МосБиржи;D;20230110;000000;2162.7;2162.92;2145.14;2159.51;0;0
Индекс МосБиржи;D;20230111;000000;2156.28;2190.4;2153.55;2186.98;0;0
Индекс МосБиржи;D;20230112;000000;2193.53;2194.8;2177.36;2185.93;0;0
Индекс МосБиржи;D;20230113;000000;2188.6;2204.18;2179.82;2199.94;0;0
Индекс МосБиржи;D;20230116;000000;2204.64;2224.9;2204.46;2224.9;0;0
Индекс МосБиржи;D;20230117;000000;2225.26;2226.49;2196.84;2196.84;0;0
Индекс МосБиржи;D;20230118;000000;2188.9;2206.66;2177.65;2196.26;0;0
Индекс МосБиржи;D;20230119;000000;2190.02;2193.93;2162.11;2168.83;0;0
Индекс МосБиржи;D;20230120;000000;2167.61;2173.71;2154.37;2166.69;0;0
Индекс МосБиржи;D;20230123;000000;2167.92;2186.85;2164.89;2185.31;0;0
Индекс МосБиржи;D;20230124;000000;2191.64;2199.29;2172.75;2172.75;0;0
Индекс МосБиржи;D;20230125;000000;2168.48;2176.61;2160.76;2170.15;0;0
Индекс МосБиржи;D;20230126;000000;2181.96;2183.77;2166.92;2166.92;0;0
Индекс МосБиржи;D;20230127;000000;2174.85;2189.35;2167.33;2189.35;0;0
Индекс МосБиржи;D;20230130;000000;2193.99;2204.41;2189.12;2204.41;0;0
Индекс МосБиржи;D;20230131;000000;2203.57;2225.6;2202.76;2225.6;0;0
Индекс МосБиржи;D;20230201;000000;2232.02;2247.12;2224.95;2230.15;0;0
Индекс МосБиржи;D;20230202;000000;2243.04;2249.56;2228.56;2243.54;0;0
Индекс МосБиржи;D;20230203;000000;2239.1;2253.7;2216.63;2248.3;0;0
Индекс МосБиржи;D;20230206;000000;2245.93;2276.5;2243.77;2272.37;0;0
Индекс МосБиржи;D;20230207;000000;2281.69;2290.51;2262.3;2267.69;0;0
Индекс МосБиржи;D;20230208;000000;2273.59;2283.49;2244.52;2251.97;0;0
Индекс МосБиржи;D;20230209;000000;2258.97;2269.96;2241.02;2262.45;0;0
Индекс МосБиржи;D;20230210;000000;2253.51;2264.39;2249.62;2261.58;0;0
Индекс МосБиржи;D;20230213;000000;2262.65;2271;2261.37;2264.27;0;0
Индекс МосБиржи;D;20230214;000000;2256.59;2256.96;2225.94;2232.23;0;0
Индекс МосБиржи;D;20230215;000000;2216.69;2216.69;2164.7;2166.46;0;0
Индекс МосБиржи;D;20230216;000000;2169.39;2186.64;2150.17;2153.96;0;0
Индекс МосБиржи;D;20230217;000000;2157.5;2180.96;2147.31;2168.88;0;0
Индекс МосБиржи;D;20230220;000000;2172.53;2186.39;2140.78;2183.57;0;0
Индекс МосБиржи;D;20230221;000000;2184.6;2227.82;2184.51;2212.42;0;0
Индекс МосБиржи;D;20230222;000000;2215.43;2215.58;2194.99;2212.4;0;0
Индекс МосБиржи;D;20230227;000000;2194.39;2241.1;2188.95;2241.1;0;0
Индекс МосБиржи;D;20230228;000000;2246.26;2258.68;2239.59;2253.16;0;0
Индекс МосБиржи;D;20230301;000000;2258.89;2287.48;2255.45;2279.65;0;0
Индекс МосБиржи;D;20230302;000000;2284.87;2286.27;2235.43;2254.3;0;0
Индекс МосБиржи;D;20230303;000000;2250.12;2273.52;2249.81;2272.2;0;0
Индекс МосБиржи;D;20230306;000000;2286.2;2297.86;2283.4;2294.12;0;0
Индекс МосБиржи;D;20230307;000000;2294.32;2298.93;2281.46;2295.6;0;0
Индекс МосБиржи;D;20230309;000000;2295.03;2302.1;2278.95;2290.14;0;0
Индекс МосБиржи;D;20230310;000000;2272.61;2283.18;2266.33;2276.25;0;0
Индекс МосБиржи;D;20230313;000000;2279.13;2289.7;2250.14;2269.47;0;0
Индекс МосБиржи;D;20230314;000000;2266.78;2290.32;2261.65;2290.32;0;0
Индекс МосБиржи;D;20230315;000000;2287.16;2295.06;2257;2262.07;0;0
Индекс МосБиржи;D;20230316;000000;2262.61;2269.01;2236.77;2258.22;0;0
Индекс МосБиржи;D;20230317;000000;2284.78;2322.78;2275.48;2322.78;0;0
Индекс МосБиржи;D;20230320;000000;2337.83;2397.16;2332.8;2397.16;0;0
Индекс МосБиржи;D;20230321;000000;2417.43;2431.23;2383.08;2398.15;0;0
Индекс МосБиржи;D;20230322;000000;2387.81;2398.76;2374.46;2393.88;0;0
Индекс МосБиржи;D;20230323;000000;2386.7;2396.5;2379.88;2388.35;0;0
Индекс МосБиржи;D;20230324;000000;2386.53;2394.03;2384.29;2391.53;0;0
Индекс МосБиржи;D;20230327;000000;2400.84;2440.68;2400.84;2440.68;0;0
Индекс МосБиржи;D;20230328;000000;2453.26;2458.37;2421.39;2442.19;0;0
Индекс МосБиржи;D;20230329;000000;2449.96;2468.48;2437.52;2460.87;0;0
Индекс МосБиржи;D;20230330;000000;2458.06;2467.97;2450.46;2465.93;0;0
Индекс МосБиржи;D;20230331;000000;2470.12;2472.53;2424.45;2450.67;0;0
Индекс МосБиржи;D;20230403;000000;2474.37;2482.54;2463;2473.32;0;0
Индекс МосБиржи;D;20230404;000000;2483.47;2511.49;2479.24;2480.45;0;0
Индекс МосБиржи;D;20230405;000000;2489.18;2500.8;2465.77;2500.8;0;0
Индекс МосБиржи;D;20230406;000000;2504.06;2521.81;2498.3;2498.3;0;0
Индекс МосБиржи;D;20230407;000000;2504.04;2511.95;2491.37;2508.39;0;0
Индекс МосБиржи;D;20230410;000000;2523.2;2548.41;2523.2;2547.35;0;0
Индекс МосБиржи;D;20230411;000000;2560.04;2577.51;2515.83;2533.69;0;0
Индекс МосБиржи;D;20230412;000000;2538.62;2554.77;2520.65;2538.47;0;0
Индекс МосБиржи;D;20230414;000000;2546.93;2554.85;2532.39;2554.85;0;0
Индекс МосБиржи;D;20230417;000000;2572.54;2596.45;2572.54;2596.11;0;0
Индекс МосБиржи;D;20230418;000000;2601.34;2615.62;2586.05;2615.62;0;0
Индекс МосБиржи;D;20230419;000000;2617.91;2629.01;2584.96;2606.55;0;0
Индекс МосБиржи;D;20230420;000000;2600.71;2640.78;2565.61;2637.85;0;0
Индекс МосБиржи;D;20230421;000000;2640.99;2648.21;2626.94;2639.95;0;0
Индекс МосБиржи;D;20230424;000000;2636.76;2651.8;2609.4;2635.43;0;0
Индекс МосБиржи;D;20230425;000000;2639.67;2642.12;2619.67;2626.86;0;0
Индекс МосБиржи;D;20230426;000000;2625.62;2631.13;2614.98;2620.33;0;0
Индекс МосБиржи;D;20230427;000000;2620.65;2646.18;2617.04;2646.18;0;0
Индекс МосБиржи;D;20230428;000000;2653.93;2657.9;2608.02;2634.94;0;0
Индекс МосБиржи;D;20230502;000000;2623.29;2635.53;2560.09;2580.51;0;0
Индекс МосБиржи;D;20230503;000000;2585.4;2586.17;2532.42;2532.42;0;0
Индекс МосБиржи;D;20230504;000000;2524.97;2547.2;2524.36;2524.51;0;0
Индекс МосБиржи;D;20230505;000000;2544.47;2555.39;2529.08;2538.24;0;0
Индекс МосБиржи;D;20230510;000000;2483.92;2556.67;2483.79;2548.63;0;0
Индекс МосБиржи;D;20230511;000000;2573.41;2610.8;2567.98;2595.12;0;0
Индекс МосБиржи;D;20230512;000000;2570.65;2584.91;2552.05;2565.17;0;0
Индекс МосБиржи;D;20230515;000000;2581.64;2611.71;2581.64;2611.07;0;0
Индекс МосБиржи;D;20230516;000000;2645.94;2655.73;2621.59;2633.71;0;0
Индекс МосБиржи;D;20230517;000000;2637.51;2646.61;2623.15;2634.48;0;0
Индекс МосБиржи;D;20230518;000000;2650.12;2658.57;2624.49;2632.91;0;0
Индекс МосБиржи;D;20230519;000000;2627.59;2635.8;2612.47;2626.16;0;0
Индекс МосБиржи;D;20230522;000000;2648.3;2652.97;2622.35;2633.26;0;0
Индекс МосБиржи;D;20230523;000000;2641.05;2648.69;2607.63;2641.66;0;0
Индекс МосБиржи;D;20230524;000000;2643.73;2659.68;2626.43;2654.99;0;0
Индекс МосБиржи;D;20230525;000000;2662.85;2663.51;2631.03;2649.98;0;0
Индекс МосБиржи;D;20230526;000000;2650.38;2685.14;2645.54;2682.03;0;0
Индекс МосБиржи;D;20230529;000000;2697.46;2732;2697.46;2732;0;0
Индекс МосБиржи;D;20230530;000000;2712.04;2748.6;2687.81;2698.75;0;0
Индекс МосБиржи;D;20230531;000000;2698.11;2718.27;2676.27;2717.64;0;0
Индекс МосБиржи;D;20230601;000000;2720.21;2729.97;2709.33;2721.73;0;0
Индекс МосБиржи;D;20230602;000000;2684.59;2720.47;2684.59;2719.48;0;0
Индекс МосБиржи;D;20230605;000000;2726.17;2738.82;2679.3;2694.14;0;0
Индекс МосБиржи;D;20230606;000000;2667.76;2687.41;2628;2681.25;0;0
Индекс МосБиржи;D;20230607;000000;2690.94;2711.72;2674.11;2694.69;0;0
Индекс МосБиржи;D;20230608;000000;2693.6;2709.69;2688.31;2709.69;0;0
Индекс МосБиржи;D;20230609;000000;2717.2;2721.84;2705.24;2708.04;0;0
Индекс МосБиржи;D;20230613;000000;2715.31;2757.28;2715.15;2757.28;0;0
Индекс МосБиржи;D;20230614;000000;2777.2;2786.06;2758.35;2765.18;0;0
Индекс МосБиржи;D;20230615;000000;2776.77;2809.42;2764.89;2800.17;0;0
Индекс МосБиржи;D;20230616;000000;2809.28;2813.74;2783.71;2800.79;0;0
Индекс МосБиржи;D;20230619;000000;2808.04;2816.57;2783.69;2815.07;0;0
Индекс МосБиржи;D;20230620;000000;2810.14;2814.72;2778;2803.69;0;0
Индекс МосБиржи;D;20230621;000000;2808.87;2821.88;2794.68;2819.3;0;0
Индекс МосБиржи;D;20230622;000000;2817.3;2820.43;2805.92;2815.83;0;0
Индекс МосБиржи;D;20230623;000000;2790.04;2795.06;2767.82;2795.06;0;0
Индекс МосБиржи;D;20230626;000000;2771.52;2784.28;2741.33;2757.13;0;0
Индекс МосБиржи;D;20230627;000000;2759.61;2785.33;2743.07;2776.63;0;0
Индекс МосБиржи;D;20230628;000000;2781.1;2787.52;2766.93;2780.92;0;0
Индекс МосБиржи;D;20230629;000000;2790.27;2804.8;2783.53;2796.41;0;0
Индекс МосБиржи;D;20230630;000000;2796;2800.12;2779.61;2797.37;0;0
Индекс МосБиржи;D;20230703;000000;2795.58;2804.93;2790.81;2793.93;0;0
Индекс МосБиржи;D;20230704;000000;2798.02;2808.22;2776.79;2808.22;0;0
Индекс МосБиржи;D;20230705;000000;2795.4;2813.76;2795.4;2805;0;0
Индекс МосБиржи;D;20230706;000000;2816.74;2837.49;2813.38;2819.6;0;0
Индекс МосБиржи;D;20230707;000000;2823.89;2832.82;2814.38;2832.51;0;0
Индекс МосБиржи;D;20230710;000000;2838.85;2864.32;2838.52;2856.76;0;0
Индекс МосБиржи;D;20230711;000000;2865.64;2867.36;2851.01;2860.33;0;0
Индекс МосБиржи;D;20230712;000000;2870.61;2897.28;2870.61;2896.83;0;0
Индекс МосБиржи;D;20230713;000000;2899.98;2912.15;2873;2885.63;0;0
Индекс МосБиржи;D;20230714;000000;2882.96;2902.72;2874.44;2902.72;0;0
Индекс МосБиржи;D;20230717;000000;2889.09;2917.72;2880.11;2917.61;0;0
Индекс МосБиржи;D;20230718;000000;2923.69;2955.81;2922.74;2954.52;0;0
Индекс МосБиржи;D;20230719;000000;2959.41;2966.72;2938.66;2943.43;0;0
Индекс МосБиржи;D;20230720;000000;2947.08;2947.29;2905.02;2917.48;0;0
Индекс МосБиржи;D;20230721;000000;2890.45;2925.54;2889.78;2923.54;0;0
Индекс МосБиржи;D;20230724;000000;2929.23;2947.17;2925.1;2937.47;0;0
Индекс МосБиржи;D;20230725;000000;2948.87;2975.36;2943.74;2975.36;0;0
Индекс МосБиржи;D;20230726;000000;2974.21;2982.47;2954.9;2970.42;0;0
Индекс МосБиржи;D;20230727;000000;2975.52;2992.47;2975.52;2987.85;0;0
Индекс МосБиржи;D;20230728;000000;2986.35;3008.61;2978.12;3008.61;0;0
Индекс МосБиржи;D;20230731;000000;3026.93;3073.5;3026.93;3073.5;0;0
Индекс МосБиржи;D;20230801;000000;3085.97;3114.56;3055.25;3093.64;0;0
Индекс МосБиржи;D;20230802;000000;3096.72;3123.45;3080.63;3106.46;0;0
Индекс МосБиржи;D;20230803;000000;3111.7;3150.28;3094.27;3147.8;0;0
Индекс МосБиржи;D;20230804;000000;3158.53;3194.83;3073.69;3092.44;0;0
Индекс МосБиржи;D;20230807;000000;3120.54;3153.6;3084.08;3084.08;0;0
Индекс МосБиржи;D;20230808;000000;3077.63;3092.54;3026.72;3085.31;0;0
Индекс МосБиржи;D;20230809;000000;3106.03;3120.25;3083.77;3099.52;0;0
Индекс МосБиржи;D;20230810;000000;3122.06;3148.86;3115.85;3148.86;0;0
Индекс МосБиржи;D;20230811;000000;3158.59;3163.47;3138.04;3155.51;0;0
Индекс МосБиржи;D;20230814;000000;3186.47;3225.78;3117.31;3131;0;0
Индекс МосБиржи;D;20230815;000000;3083.32;3163.74;3068.66;3115.25;0;0
Индекс МосБиржи;D;20230816;000000;3109.46;3122.34;3015.57;3049.46;0;0
Индекс МосБиржи;D;20230817;000000;3069.81;3076.31;3031.73;3059.02;0;0
Индекс МосБиржи;D;20230818;000000;3077.78;3111.22;3058.01;3111.22;0;0
Индекс МосБиржи;D;20230821;000000;3139.29;3150.61;3122.37;3139.93;0;0
Индекс МосБиржи;D;20230822;000000;3146.42;3172.3;3124.19;3164.25;0;0
Индекс МосБиржи;D;20230823;000000;3180.39;3184.17;3113.24;3146.2;0;0
Индекс МосБиржи;D;20230824;000000;3117.02;3137.37;3108.17;3137.37;0;0
Индекс МосБиржи;D;20230825;000000;3150.03;3158.61;3132.07;3157.33;0;0
Индекс МосБиржи;D;20230828;000000;3161.36;3202.24;3161.36;3198.72;0;0
Индекс МосБиржи;D;20230829;000000;3205.06;3218.4;3191.31;3211.36;0;0
Индекс МосБиржи;D;20230830;000000;3214.11;3220.85;3193.18;3212.68;0;0
Индекс МосБиржи;D;20230831;000000;3218.48;3234.68;3211.94;3227.99;0;0
Индекс МосБиржи;D;20230901;000000;3230.53;3232.92;3214.95;3231.35;0;0
Индекс МосБиржи;D;20230904;000000;3242.49;3268.97;3242.4;3268.97;0;0
Индекс МосБиржи;D;20230905;000000;3273.39;3287.34;3246.46;3264.43;0;0
Индекс МосБиржи;D;20230906;000000;3270.84;3270.84;3236.79;3245.47;0;0
Индекс МосБиржи;D;20230907;000000;3247.9;3262.73;3145.25;3169.07;0;0
Индекс МосБиржи;D;20230908;000000;3178.44;3188.77;3114.39;3142.88;0;0
Индекс МосБиржи;D;20230911;000000;3145.26;3153.61;3106.92;3122.37;0;0
Индекс МосБиржи;D;20230912;000000;3118.14;3165.92;3117.7;3165.92;0;0
Индекс МосБиржи;D;20230913;000000;3189.08;3191.57;3148.32;3148.32;0;0
Индекс МосБиржи;D;20230914;000000;3144.29;3148.5;3072.82;3139.49;0;0
Индекс МосБиржи;D;20230915;000000;3126.57;3155.45;3116.72;3152.53;0;0
Индекс МосБиржи;D;20230918;000000;3165.06;3177.23;3127.37;3135.18;0;0
Индекс МосБиржи;D;20230919;000000;3134.37;3141.38;3054.25;3083.85;0;0
Индекс МосБиржи;D;20230920;000000;3061.18;3091.05;3013.75;3068.15;0;0
Индекс МосБиржи;D;20230921;000000;3058.2;3062.68;3009.89;3019.22;0;0
Индекс МосБиржи;D;20230922;000000;3009.87;3051.69;2988.04;3049.07;0;0
Индекс МосБиржи;D;20230926;000000;3034.23;3051.91;3001.92;3051.91;0;0
Индекс МосБиржи;D;20230927;000000;3053.37;3081.41;3052.59;3067.61;0;0
Индекс МосБиржи;D;20230928;000000;3080.81;3108.07;3076.64;3108.07;0;0
Индекс МосБиржи;D;20230929;000000;3121.07;3141.12;3106.97;3133.26;0;0
Индекс МосБиржи;D;20231002;000000;3141.69;3162.53;3125.58;3132.33;0;0
Индекс МосБиржи;D;20231003;000000;3134.45;3146.33;3103.63;3143.88;0;0
Индекс МосБиржи;D;20231004;000000;3138.62;3154.97;3130.03;3134.25;0;0
Индекс МосБиржи;D;20231005;000000;3126.71;3138.5;3112.96;3131.76;0;0
Индекс МосБиржи;D;20231006;000000;3138.87;3145.01;3121;3144.89;0;0
Индекс МосБиржи;D;20231009;000000;3166.21;3185.86;3164.63;3174.02;0;0
Индекс МосБиржи;D;20231010;000000;3175.08;3182.08;3162.61;3177.03;0;0
Индекс МосБиржи;D;20231011;000000;3174.99;3196.44;3168.29;3194.12;0;0
Индекс МосБиржи;D;20231012;000000;3130.04;3178.5;3122.58;3174.66;0;0
Индекс МосБиржи;D;20231013;000000;3182.47;3195.23;3176.17;3192.33;0;0
Индекс МосБиржи;D;20231016;000000;3204.81;3235.66;3202.94;3234.78;0;0
Индекс МосБиржи;D;20231017;000000;3239.37;3252.55;3228.11;3247.15;0;0
Индекс МосБиржи;D;20231018;000000;3252.31;3262.54;3225.44;3249.21;0;0
Индекс МосБиржи;D;20231019;000000;3245.26;3260.45;3232.16;3255.16;0;0
Индекс МосБиржи;D;20231020;000000;3257.85;3269.71;3236.31;3269.27;0;0
Индекс МосБиржи;D;20231023;000000;3271.76;3283.8;3248.39;3263.68;0;0
Индекс МосБиржи;D;20231024;000000;3256.29;3266.59;3237.08;3265.01;0;0
Индекс МосБиржи;D;20231025;000000;3265.18;3269.76;3243.25;3265.28;0;0
Индекс МосБиржи;D;20231026;000000;3272.71;3283.49;3221.79;3223.89;0;0
Индекс МосБиржи;D;20231027;000000;3219.49;3241.55;3185.84;3224.18;0;0
Индекс МосБиржи;D;20231030;000000;3232.82;3246;3219.7;3227.07;0;0
Индекс МосБиржи;D;20231031;000000;3221.08;3226.88;3176.53;3200.97;0;0
Индекс МосБиржи;D;20231101;000000;3192.96;3214.83;3191.34;3206.52;0;0
Индекс МосБиржи;D;20231102;000000;3216.92;3228.46;3197.22;3197.22;0;0
Индекс МосБиржи;D;20231107;000000;3239.98;3246.65;3228.46;3246.34;0;0
Индекс МосБиржи;D;20231108;000000;3238.81;3257.32;3233.11;3245.43;0;0
Индекс МосБиржи;D;20231109;000000;3241.5;3245.11;3222.34;3239.92;0;0
Индекс МосБиржи;D;20231110;000000;3236.03;3246.31;3229.1;3242.06;0;0
Индекс МосБиржи;D;20231113;000000;3241.31;3251.74;3235.06;3248.27;0;0
Индекс МосБиржи;D;20231114;000000;3236.48;3236.48;3192.32;3212.39;0;0
Индекс МосБиржи;D;20231115;000000;3195.43;3221.22;3182.78;3215.11;0;0
Индекс МосБиржи;D;20231116;000000;3209.33;3215.93;3184.97;3189.08;0;0
Индекс МосБиржи;D;20231117;000000;3172.78;3208.17;3151.95;3206.34;0;0
Индекс МосБиржи;D;20231120;000000;3205.73;3216.73;3194.4;3207.36;0;0
Индекс МосБиржи;D;20231121;000000;3198.73;3219.11;3193.46;3218.48;0;0
Индекс МосБиржи;D;20231122;000000;3221.9;3239.17;3220.37;3230.65;0;0
Индекс МосБиржи;D;20231123;000000;3233.09;3238.81;3218.72;3221.05;0;0
Индекс МосБиржи;D;20231124;000000;3223.75;3231.77;3203.62;3217.76;0;0
Индекс МосБиржи;D;20231127;000000;3220.25;3224.61;3178.2;3191.05;0;0
Индекс МосБиржи;D;20231128;000000;3189.16;3197.61;3157.55;3196.36;0;0
Индекс МосБиржи;D;20231129;000000;3196.75;3200.33;3173.37;3173.52;0;0
Индекс МосБиржи;D;20231130;000000;3176.5;3176.53;3146.53;3165.79;0;0
Индекс МосБиржи;D;20231201;000000;3155.87;3162.97;3136.56;3142.29;0;0
Индекс МосБиржи;D;20231206;000000;3139.89;3146.52;3077.94;3079.5;0;0
Индекс МосБиржи;D;20231207;000000;3065.93;3084.5;3041.11;3073.63;0;0
Индекс МосБиржи;D;20231208;000000;3079.88;3100.22;3067.46;3079.99;0;0
Индекс МосБиржи;D;20231211;000000;3081.88;3082.3;3025.74;3026.17;0;0
Индекс МосБиржи;D;20231212;000000;3020.61;3046.81;2992.5;3019.89;0;0
Индекс МосБиржи;D;20231213;000000;3011.99;3043.42;3002.38;3032.22;0;0
Индекс МосБиржи;D;20231214;000000;3046.43;3057.08;3005.94;3008.84;0;0
Индекс МосБиржи;D;20231215;000000;2959.29;3037.29;2959.29;3033.89;0;0
Индекс МосБиржи;D;20231218;000000;3052.14;3090.04;3048.82;3076.26;0;0
Индекс МосБиржи;D;20231219;000000;3084.12;3091.26;3066.34;3083.64;0;0
Индекс МосБиржи;D;20231220;000000;3091.35;3113.92;3088.74;3104.66;0;0
Индекс МосБиржи;D;20231221;000000;3093.46;3095.01;3050;3073.57;0;0
Индекс МосБиржи;D;20231222;000000;3076.31;3102.75;3075.56;3092.58;0;0
Индекс МосБиржи;D;20231225;000000;3095.42;3108.14;3086.89;3099.02;0;0
Индекс МосБиржи;D;20231226;000000;3090.39;3098.69;3080.92;3094.72;0;0
Индекс МосБиржи;D;20231227;000000;3100.99;3112.19;3097.31;3097.49;0;0
Индекс МосБиржи;D;20231228;000000;3099.56;3101.99;3081.98;3101.99;0;0
Индекс МосБиржи;D;20240109;000000;3156.17;3158.72;3143.03;3155.55;0;0
Индекс МосБиржи;D;20240110;000000;3158.35;3174.28;3156.44;3164.7;0;0
Индекс МосБиржи;D;20240111;000000;3158.3;3181.25;3148.5;3181.25;0;0
Индекс МосБиржи;D;20240112;000000;3182.5;3196.98;3176.09;3185.22;0;0
Индекс МосБиржи;D;20240115;000000;3190.62;3200.78;3176.73;3184.88;0;0
Индекс МосБиржи;D;20240116;000000;3186.77;3187.14;3162.98;3179.45;0;0
Индекс МосБиржи;D;20240117;000000;3174.87;3189.26;3169.99;3185.23;0;0
Индекс МосБиржи;D;20240118;000000;3188.71;3193.54;3176.72;3178.85;0;0
Индекс МосБиржи;D;20240119;000000;3176.13;3179.21;3154.46;3166.37;0;0
Индекс МосБиржи;D;20240122;000000;3161.44;3179.11;3157.37;3172.15;0;0
Индекс МосБиржи;D;20240123;000000;3176.19;3179.75;3166.66;3175.74;0;0
Индекс МосБиржи;D;20240124;000000;3176.59;3183.7;3152.96;3162.41;0;0
Индекс МосБиржи;D;20240125;000000;3163.36;3166.95;3143.89;3157.74;0;0
Индекс МосБиржи;D;20240126;000000;3164.55;3171.95;3157.76;3163.21;0;0
Индекс МосБиржи;D;20240129;000000;3169.57;3184.15;3169.57;3176.61;0;0
Индекс МосБиржи;D;20240130;000000;3181.75;3196.15;3178.82;3196.08;0;0
Индекс МосБиржи;D;20240131;000000;3201.48;3219.41;3198.83;3214.19;0;0
Индекс МосБиржи;D;20240201;000000;3220.43;3233.21;3220.38;3229.89;0;0
Индекс МосБиржи;D;20240202;000000;3229.48;3232.35;3215;3226.35;0;0
Индекс МосБиржи;D;20240205;000000;3218.91;3232.38;3218.91;3226.79;0;0
Индекс МосБиржи;D;20240206;000000;3234.44;3238.4;3228.78;3238.4;0;0
Индекс МосБиржи;D;20240207;000000;3240.57;3259.24;3240.16;3256.58;0;0
Индекс МосБиржи;D;20240208;000000;3261.18;3266.45;3236.79;3241.81;0;0
Индекс МосБиржи;D;20240209;000000;3231.3;3242.38;3219.56;3242.38;0;0
Индекс МосБиржи;D;20240212;000000;3241.57;3248.5;3227.7;3248.5;0;0
Индекс МосБиржи;D;20240213;000000;3250.3;3259.69;3245.02;3254.6;0;0
Индекс МосБиржи;D;20240214;000000;3261.52;3267.88;3251.76;3258.14;0;0
Индекс МосБиржи;D;20240215;000000;3249.78;3265.83;3238.83;3265.63;0;0
Индекс МосБиржи;D;20240216;000000;3269.84;3275.23;3236.42;3242.48;0;0
Индекс МосБиржи;D;20240219;000000;3247.46;3253.02;3234.1;3244.56;0;0
Индекс МосБиржи;D;20240220;000000;3236.85;3237.34;3206.07;3207.49;0;0
Индекс МосБиржи;D;20240221;000000;3173.01;3185.8;3135.8;3139.5;0;0
Индекс МосБиржи;D;20240222;000000;3152.75;3166.86;3141.88;3142.3;0;0
Индекс МосБиржи;D;20240226;000000;3186.06;3213.17;3186.06;3213.17;0;0
Индекс МосБиржи;D;20240227;000000;3220.26;3224.52;3203.58;3208.99;0;0
Индекс МосБиржи;D;20240228;000000;3215.53;3240.29;3213.36;3227.05;0;0
Индекс МосБиржи;D;20240229;000000;3233.03;3258.14;3224.09;3256.8;0;0
Индекс МосБиржи;D;20240301;000000;3259;3269.28;3249.69;3266.66;0;0
Индекс МосБиржи;D;20240304;000000;3278.01;3298.63;3277.85;3296.75;0;0
Индекс МосБиржи;D;20240305;000000;3305.79;3312.41;3283.59;3300.89;0;0
Индекс МосБиржи;D;20240306;000000;3298.86;3318.14;3289.25;3310.58;0;0
Индекс МосБиржи;D;20240307;000000;3309.31;3317.73;3303.93;3315.68;0;0
Индекс МосБиржи;D;20240311;000000;3329.72;3340.37;3318.9;3320.31;0;0
Индекс МосБиржи;D;20240312;000000;3320.18;3335.41;3304.49;3332.6;0;0
Индекс МосБиржи;D;20240313;000000;3337.56;3343.56;3317.19;3320.68;0;0
Индекс МосБиржи;D;20240314;000000;3314.66;3318.49;3287.86;3297;0;0
Индекс МосБиржи;D;20240315;000000;3295.15;3313.42;3292.13;3300.07;0;0
Индекс МосБиржи;D;20240318;000000;3305.67;3313.05;3292;3296.3;0;0
Индекс МосБиржи;D;20240319;000000;3293.93;3303.52;3254.3;3264.97;0;0
Индекс МосБиржи;D;20240320;000000;3268.87;3286.72;3257.72;3267.1;0;0
Индекс МосБиржи;D;20240321;000000;3286.75;3297.46;3259.03;3286.69;0;0
Индекс МосБиржи;D;20240322;000000;3289.28;3299.19;3260.39;3273.49;0;0
Индекс МосБиржи;D;20240325;000000;3251.24;3281.63;3234.95;3281.63;0;0
Индекс МосБиржи;D;20240326;000000;3286.2;3291;3275.8;3285.54;0;0
Индекс МосБиржи;D;20240327;000000;3291.7;3304.09;3280.03;3304.09;0;0
Индекс МосБиржи;D;20240328;000000;3308.26;3313.59;3301.52;3312.77;0;0
Индекс МосБиржи;D;20240329;000000;3313.17;3332.53;3305.22;3332.53;0;0
Индекс МосБиржи;D;20240401;000000;3343.66;3367.34;3343.66;3363.29;0;0
Индекс МосБиржи;D;20240402;000000;3369.32;3375.69;3357.55;3371.29;0;0
Индекс МосБиржи;D;20240403;000000;3381.95;3397.33;3376.63;3395.59;0;0
Индекс МосБиржи;D;20240404;000000;3399.81;3409.62;3392.06;3407.57;0;0
Индекс МосБиржи;D;20240405;000000;3393.2;3401.16;3385.42;3395.37;0;0
Индекс МосБиржи;D;20240408;000000;3400.82;3423.35;3400.82;3417.38;0;0
Индекс МосБиржи;D;20240409;000000;3423.41;3441.18;3408.99;3414.26;0;0
Индекс МосБиржи;D;20240410;000000;3424.75;3440.03;3405.46;3439.11;0;0
Индекс МосБиржи;D;20240411;000000;3442.84;3455.61;3431.18;3439.53;0;0
Индекс МосБиржи;D;20240415;000000;3456.38;3476.98;3454.06;3472.19;0;0
Индекс МосБиржи;D;20240416;000000;3478.02;3479.04;3459.45;3462.94;0;0
Индекс МосБиржи;D;20240417;000000;3469.57;3476.72;3443.07;3454.07;0;0
Индекс МосБиржи;D;20240418;000000;3451.37;3457.46;3436.95;3455.82;0;0
Индекс МосБиржи;D;20240419;000000;3458.86;3475.13;3451.48;3470.88;0;0
Индекс МосБиржи;D;20240422;000000;3468.09;3480.21;3460.58;3479.17;0;0
Индекс МосБиржи;D;20240423;000000;3483.26;3487.55;3436.83;3439.42;0;0
Индекс МосБиржи;D;20240424;000000;3438.45;3445.67;3423.17;3428.93;0;0
Индекс МосБиржи;D;20240425;000000;3429.62;3443.74;3427.02;3439.76;0;0
Индекс МосБиржи;D;20240426;000000;3446.39;3459.12;3438.06;3449.77;0;0
Индекс МосБиржи;D;20240502;000000;3470.87;3477.42;3439.58;3442.83;0;0
Индекс МосБиржи;D;20240503;000000;3443.49;3450.43;3424.63;3441.77;0;0
Индекс МосБиржи;D;20240506;000000;3441.7;3444.11;3418.47;3436.05;0;0
Индекс МосБиржи;D;20240507;000000;3405.82;3428.37;3405.82;3427.61;0;0
Индекс МосБиржи;D;20240508;000000;3431.84;3438.75;3430.1;3432.54;0;0
Индекс МосБиржи;D;20240513;000000;3459.05;3465.62;3448.5;3457.11;0;0
Индекс МосБиржи;D;20240514;000000;3465.83;3468.28;3457.31;3463.93;0;0
Индекс МосБиржи;D;20240515;000000;3466.35;3476.49;3462.86;3470.72;0;0
Индекс МосБиржи;D;20240516;000000;3480.48;3490.77;3477.85;3486.26;0;0
Индекс МосБиржи;D;20240517;000000;3495.25;3506.91;3490.17;3501.89;0;0
Индекс МосБиржи;D;20240520;000000;3516.4;3521.72;3468.09;3468.09;0;0
Индекс МосБиржи;D;20240521;000000;3447.25;3460.19;3409.92;3428.38;0;0
Индекс МосБиржи;D;20240522;000000;3433.36;3449.43;3433.36;3444.64;0;0
Индекс МосБиржи;D;20240523;000000;3436.81;3444.79;3407.41;3442.79;0;0
Индекс МосБиржи;D;20240524;000000;3438.65;3442.36;3377.64;3396.5;0;0
Индекс МосБиржи;D;20240527;000000;3384.74;3392.99;3298.21;3299.22;0;0
Индекс МосБиржи;D;20240528;000000;3305.11;3347.85;3277.48;3302.91;0;0
Индекс МосБиржи;D;20240529;000000;3307.76;3323.08;3284.14;3318.03;0;0
Индекс МосБиржи;D;20240530;000000;3332.77;3342.59;3275.54;3282.18;0;0
Индекс МосБиржи;D;20240531;000000;3258.52;3270.01;3211.19;3217.19;0;0
Индекс МосБиржи;D;20240603;000000;3192.3;3217.36;3087.99;3141.42;0;0
Индекс МосБиржи;D;20240604;000000;3160.01;3201.53;3138.25;3186.93;0;0
Индекс МосБиржи;D;20240605;000000;3217.63;3237.53;3194.73;3212.24;0;0
Индекс МосБиржи;D;20240606;000000;3206.74;3215.99;3178.21;3192.38;0;0
Индекс МосБиржи;D;20240607;000000;3199.75;3268.89;3193.57;3233.22;0;0
Индекс МосБиржи;D;20240610;000000;3245.4;3255.49;3180.21;3180.94;0;0
Индекс МосБиржи;D;20240611;000000;3178.71;3191.27;3148.22;3171.1;0;0
Индекс МосБиржи;D;20240613;000000;3050.03;3178.01;3032.05;3171.69;0;0
Индекс МосБиржи;D;20240614;000000;3171.78;3219.65;3160.17;3215.91;0;0
Индекс МосБиржи;D;20240617;000000;3219.29;3221.84;3183.68;3183.68;0;0
Индекс МосБиржи;D;20240618;000000;3171.38;3176.01;3109.09;3114.15;0;0
Индекс МосБиржи;D;20240619;000000;3104.22;3107.39;3015.84;3027.47;0;0
Индекс МосБиржи;D;20240620;000000;3034.39;3123.43;2996.44;3123.43;0;0
Индекс МосБиржи;D;20240621;000000;3126.25;3141.25;3096.63;3114.35;0;0
Индекс МосБиржи;D;20240624;000000;3109.22;3127.64;3092.83;3098.05;0;0
Индекс МосБиржи;D;20240625;000000;3097.98;3112.82;3074.51;3111.39;0;0
Индекс МосБиржи;D;20240626;000000;3129.01;3156.02;3127.65;3151.7;0;0
Индекс МосБиржи;D;20240627;000000;3154.58;3158.4;3122.08;3150.32;0;0
Индекс МосБиржи;D;20240628;000000;3150.22;3165.31;3141.37;3154.36;0;0
Индекс МосБиржи;D;20240701;000000;3160.7;3186.76;3153.93;3186.19;0;0
Индекс МосБиржи;D;20240702;000000;3199.03;3221.5;3190.18;3217.29;0;0
Индекс МосБиржи;D;20240703;000000;3219.11;3226.16;3196.31;3203.07;0;0
Индекс МосБиржи;D;20240704;000000;3190.58;3195.67;3123.92;3133.81;0;0
Индекс МосБиржи;D;20240705;000000;3131.87;3158.83;3103.49;3149.29;0;0
Индекс МосБиржи;D;20240708;000000;3159.18;3174.42;3122.91;3132.58;0;0
Индекс МосБиржи;D;20240709;000000;3123.91;3124.74;3050.05;3054.07;0;0
Индекс МосБиржи;D;20240710;000000;3044.66;3056.98;2967.45;2975.75;0;0
Индекс МосБиржи;D;20240711;000000;2908.02;2996.34;2901.61;2992.21;0;0
Индекс МосБиржи;D;20240712;000000;3004.64;3022;2957.91;2973.21;0;0
Индекс МосБиржи;D;20240715;000000;2986.32;2994.45;2910.48;2913.48;0;0
Индекс МосБиржи;D;20240716;000000;2914;2962.11;2879.23;2944.86;0;0
Индекс МосБиржи;D;20240717;000000;2963.21;2984.15;2938.47;2947.24;0;0
Индекс МосБиржи;D;20240718;000000;2922.77;2980.62;2908.07;2980.62;0;0
Индекс МосБиржи;D;20240719;000000;2988.27;3024.88;2974.62;3008.24;0;0
Индекс МосБиржи;D;20240722;000000;3023.1;3042.14;3010.15;3024.54;0;0
Индекс МосБиржи;D;20240723;000000;3032.53;3033.18;3003.69;3028.01;0;0
Индекс МосБиржи;D;20240724;000000;3029.12;3054.34;3015.78;3051.76;0;0
Индекс МосБиржи;D;20240725;000000;3044.6;3045.7;3019.61;3041.37;0;0
Индекс МосБиржи;D;20240726;000000;3034.31;3060.68;2972.53;2993.23;0;0
Индекс МосБиржи;D;20240729;000000;2979.43;2979.43;2906.95;2906.95;0;0
Индекс МосБиржи;D;20240730;000000;2906.66;2951.66;2895.25;2944.78;0;0
Индекс МосБиржи;D;20240731;000000;2952.19;2961.7;2927.05;2942.68;0;0
Индекс МосБиржи;D;20240801;000000;2950.86;2966.66;2935.69;2935.69;0;0
Индекс МосБиржи;D;20240802;000000;2927.77;2932.16;2887.3;2899;0;0
Индекс МосБиржи;D;20240805;000000;2859.12;2868.46;2807.05;2828.72;0;0
Индекс МосБиржи;D;20240806;000000;2839.41;2863.45;2814.15;2830.75;0;0
Индекс МосБиржи;D;20240807;000000;2840.21;2875.45;2803.47;2874.94;0;0
Индекс МосБиржи;D;20240808;000000;2877.8;2888.1;2846.93;2852.51;0;0
Индекс МосБиржи;D;20240809;000000;2841.82;2867.29;2829.72;2848.29;0;0
Индекс МосБиржи;D;20240812;000000;2840.33;2858.96;2814.58;2844.77;0;0
Индекс МосБиржи;D;20240813;000000;2858.93;2895.28;2858.93;2884.6;0;0
Индекс МосБиржи;D;20240814;000000;2894.3;2908.63;2867.64;2871.11;0;0
Индекс МосБиржи;D;20240815;000000;2865.45;2868.24;2835.69;2838.11;0;0
Индекс МосБиржи;D;20240816;000000;2838.78;2847.32;2825.12;2828.2;0;0
Индекс МосБиржи;D;20240819;000000;2819.72;2826.24;2775.64;2775.64;0;0
Индекс МосБиржи;D;20240820;000000;2780.43;2799.85;2749.26;2768.42;0;0
Индекс МосБиржи;D;20240821;000000;2771.15;2783.44;2744.51;2768.14;0;0
Индекс МосБиржи;D;20240822;000000;2774.49;2786.76;2725.47;2725.75;0;0
Индекс МосБиржи;D;20240823;000000;2718.11;2729.27;2650.19;2662.47;0;0
Индекс МосБиржи;D;20240826;000000;2746.97;2795.47;2726.98;2763.75;0;0
Индекс МосБиржи;D;20240827;000000;2784.24;2800;2726.48;2730.38;0;0
Индекс МосБиржи;D;20240828;000000;2729.72;2729.72;2664.3;2699.98;0;0
Индекс МосБиржи;D;20240829;000000;2714.44;2723.5;2679.43;2708.27;0;0
Индекс МосБиржи;D;20240830;000000;2717.68;2724.53;2641.08;2650.32;0;0
Индекс МосБиржи;D;20240902;000000;2622.55;2627.58;2540.49;2545.07;0;0
Индекс МосБиржи;D;20240903;000000;2552.32;2603.01;2512.7;2524.38;0;0
Индекс МосБиржи;D;20240904;000000;2539.4;2605.15;2534.21;2605.15;0;0
Индекс МосБиржи;D;20240905;000000;2631.33;2662;2607.52;2621.62;0;0
Индекс МосБиржи;D;20240906;000000;2619.23;2648.38;2604.67;2623.37;0;0
Индекс МосБиржи;D;20240909;000000;2642.31;2703.58;2642.31;2703.17;0;0
Индекс МосБиржи;D;20240910;000000;2722.13;2729.73;2667.06;2671.38;0;0
Индекс МосБиржи;D;20240911;000000;2675.16;2690.58;2657.77;2668.03;0;0
Индекс МосБиржи;D;20240912;000000;2656.31;2656.31;2603.81;2615;0;0
Индекс МосБиржи;D;20240913;000000;2629.31;2682.16;2582.79;2678.99;0;0
Индекс МосБиржи;D;20240916;000000;2696.66;2746.11;2685.38;2744.2;0;0
Индекс МосБиржи;D;20240917;000000;2753.2;2780.24;2726.91;2774.04;0;0
Индекс МосБиржи;D;20240918;000000;2776.38;2784.15;2742.48;2751.73;0;0
Индекс МосБиржи;D;20240919;000000;2746.41;2777.93;2735.67;2758.91;0;0
Индекс МосБиржи;D;20240920;000000;2760.12;2795.72;2760.12;2782.35;0;0
Индекс МосБиржи;D;20240930;000000;2861.37;2889.87;2841.3;2857.56;0;0
Индекс МосБиржи;D;20241001;000000;2831.17;2837.42;2792.21;2814.19;0;0
Индекс МосБиржи;D;20241002;000000;2823.42;2838.77;2766.79;2766.79;0;0
Индекс МосБиржи;D;20241003;000000;2767.51;2790.98;2739.92;2782.39;0;0
Индекс МосБиржи;D;20241004;000000;2799.96;2818.12;2789.94;2804.62;0;0
Индекс МосБиржи;D;20241007;000000;2807.85;2817.45;2779.34;2793.84;0;0
Индекс МосБиржи;D;20241008;000000;2786.58;2799.3;2774.74;2788.37;0;0
Индекс МосБиржи;D;20241009;000000;2787.38;2790.14;2748.81;2748.81;0;0
Индекс МосБиржи;D;20241010;000000;2754.16;2775.86;2752.24;2761.54;0;0
Индекс МосБиржи;D;20241011;000000;2758.11;2763;2737.96;2754.52;0;0
Индекс МосБиржи;D;20241014;000000;2744.93;2788.18;2723.3;2773.36;0;0
Индекс МосБиржи;D;20241015;000000;2774.56;2810.13;2766.79;2805.79;0;0
Индекс МосБиржи;D;20241016;000000;2805.98;2827.15;2781.28;2783.46;0;0
Индекс МосБиржи;D;20241017;000000;2786.82;2795.14;2763.53;2763.53;0;0
Индекс МосБиржи;D;20241018;000000;2756.3;2770.45;2744.36;2751.9;0;0
Индекс МосБиржи;D;20241021;000000;2759.58;2779.73;2759.58;2767.71;0;0
Индекс МосБиржи;D;20241022;000000;2772.23;2783.82;2754.08;2755.19;0;0
Индекс МосБиржи;D;20241023;000000;2749.53;2755.22;2730.49;2734.93;0;0
Индекс МосБиржи;D;20241024;000000;2723.04;2730.58;2690.83;2718.42;0;0
Индекс МосБиржи;D;20241025;000000;2723.01;2751.23;2657.31;2660.36;0;0
Индекс МосБиржи;D;20241028;000000;2635.95;2652.12;2570.2;2575.06;0;0
Индекс МосБиржи;D;20241029;000000;2582.29;2612.94;2557.65;2599.66;0;0
Индекс МосБиржи;D;20241030;000000;2608.5;2631.8;2592.15;2615.38;0;0
Индекс МосБиржи;D;20241031;000000;2582.47;2593.11;2551.2;2560.2;0;0
Индекс МосБиржи;D;20241101;000000;2562.49;2581.47;2541.82;2574.71;0;0
Индекс МосБиржи;D;20241105;000000;2614.13;2624.13;2600.48;2616.51;0;0
Индекс МосБиржи;D;20241106;000000;2676.85;2712.29;2650.6;2662.87;0;0
Индекс МосБиржи;D;20241107;000000;2662.87;2693.93;2633.59;2690.63;0;0
Индекс МосБиржи;D;20241108;000000;2721.64;2749.62;2713.5;2734.56;0;0
Индекс МосБиржи;D;20241111;000000;2782.97;2797.94;2765.18;2785.31;0;0
Индекс МосБиржи;D;20241112;000000;2779.92;2779.92;2747.76;2756.76;0;0
Индекс МосБиржи;D;20241113;000000;2748.61;2771.67;2740.17;2763.99;0;0
Индекс МосБиржи;D;20241114;000000;2740.53;2740.53;2694.56;2697.47;0;0
Индекс МосБиржи;D;20241115;000000;2703.67;2740.08;2697.44;2739.21;0;0
Индекс МосБиржи;D;20241118;000000;2703.31;2729.49;2687.45;2720.77;0;0
Индекс МосБиржи;D;20241119;000000;2713.73;2716.38;2623.59;2630.51;0;0
Индекс МосБиржи;D;20241120;000000;2640.09;2665.79;2596.06;2596.89;0;0
Индекс МосБиржи;D;20241121;000000;2596.85;2606.14;2557.54;2568.6;0;0
Индекс МосБиржи;D;20241122;000000;2617.66;2628.5;2577;2581.05;0;0
Индекс МосБиржи;D;20241125;000000;2583.42;2592.89;2517.58;2530.69;0;0
Индекс МосБиржи;D;20241126;000000;2521.89;2544.83;2455.47;2464.35;0;0
Индекс МосБиржи;D;20241127;000000;2468.73;2512.59;2426.02;2491.88;0;0
Индекс МосБиржи;D;20241128;000000;2530.87;2560.55;2502;2547.88;0;0
Индекс МосБиржи;D;20241129;000000;2546.13;2581.88;2533.99;2578;0;0
Индекс МосБиржи;D;20241202;000000;2584.19;2600.28;2578.52;2586.74;0;0
Индекс МосБиржи;D;20241203;000000;2585.34;2588.87;2523.54;2539.64;0;0
Индекс МосБиржи;D;20241204;000000;2538.24;2555.99;2482.37;2485.62;0;0
Индекс МосБиржи;D;20241205;000000;2473.75;2525.45;2438.84;2510.83;0;0
Индекс МосБиржи;D;20241206;000000;2527.04;2552.6;2505.9;2536.23;0;0
Индекс МосБиржи;D;20241209;000000;2548.08;2586.31;2543.94;2572.89;0;0
Индекс МосБиржи;D;20241210;000000;2570.01;2570.01;2515.76;2522.75;0;0
Индекс МосБиржи;D;20241211;000000;2514.78;2531.95;2499.82;2512.54;0;0
Индекс МосБиржи;D;20241212;000000;2526.66;2548.06;2488.08;2492.63;0;0
Индекс МосБиржи;D;20241213;000000;2478.78;2487.42;2466.73;2485.2;0;0
Индекс МосБиржи;D;20241216;000000;2474.62;2474.62;2419.57;2420.3;0;0
Индекс МосБиржи;D;20241227;000000;2754.56;2766.03;2743.18;2757.45;0;0
Индекс МосБиржи;D;20250130;000000;2947.03;2967.47;2940.3;2967.47;0;0
Индекс МосБиржи;D;20250204;000000;2942.35;2947.7;2907.31;2917.71;0;0
Индекс МосБиржи;D;20250214;000000;3265.12;3288.32;3150.82;3185;0;0
Индекс МосБиржи;D;20250219;000000;3273.05;3287.75;3221.53;3270.64;0;0
Индекс МосБиржи;D;20250416;000000;2801.01;2870.39;2790.7;2861.83;0;0
Индекс МосБиржи;D;20250505;000000;2810.36;2821.54;2731.74;2738.8;0;0
Индекс МосБиржи;D;20250530;000000;2814.06;2837.85;2793.15;2828.83;0;0
Индекс МосБиржи;D;20250602;000000;2795.02;2830.55;2770.04;2829.67;0;0
Индекс МосБиржи;D;20250603;000000;2817.23;2835.39;2807.63;2834.06;0;0
Индекс МосБиржи;D;20250604;000000;2854.36;2871.78;2825.52;2836.64;0;0
Индекс МосБиржи;D;20250605;000000;2853.2;2858.23;2837.61;2856.61;0;0
Индекс МосБиржи;D;20250606;000000;2856.63;2910.52;2784;2786.16;0;0
Индекс МосБиржи;D;20250609;000000;2767.94;2778.4;2733.75;2737.76;0;0
Индекс МосБиржи;D;20250610;000000;2762.46;2767.14;2702.29;2722.37;0;0
Индекс МосБиржи;D;20250611;000000;2719.6;2742.45;2718.98;2733.2;0;0
Индекс МосБиржи;D;20250616;000000;2758.97;2767.51;2731.24;2737.83;0;0
Индекс МосБиржи;D;20250617;000000;2737.85;2791.03;2730.27;2788.94;0;0
Индекс МосБиржи;D;20250618;000000;2799.02;2807.34;2779.68;2791.83;0;0
Индекс МосБиржи;D;20250619;000000;2793.74;2800.14;2761.76;2783.81;0;0
Индекс МосБиржи;D;20250620;000000;2776.11;2781.08;2748.57;2751.04;0;0
Индекс МосБиржи;D;20250623;000000;2753.6;2768.93;2736.41;2759.67;0;0
Индекс МосБиржи;D;20250624;000000;2726.43;2747.9;2715.79;2744.95;0;0
Индекс МосБиржи;D;20250625;000000;2762.61;2790.78;2759.92;2790.78;0;0
Индекс МосБиржи;D;20250626;000000;2794;2803.45;2780.49;2797.27;0;0
Индекс МосБиржи;D;20250627;000000;2790.67;2814.29;2778.57;2806.11;0;0
Индекс МосБиржи;D;20250630;000000;2818.98;2847.38;2806.49;2847.38;0;0
Индекс МосБиржи;D;20250701;000000;2854.04;2858.55;2837.12;2848.44;0;0
Индекс МосБиржи;D;20250702;000000;2838.45;2840.66;2810;2815.26;0;0
Индекс МосБиржи;D;20250703;000000;2821.21;2840.13;2812.07;2823.34;0;0
Индекс МосБиржи;D;20250704;000000;2808.3;2821.15;2788.9;2801.65;0;0
Индекс МосБиржи;D;20250707;000000;2786.06;2788.67;2753.69;2756.14;0;0
Индекс МосБиржи;D;20250708;000000;2748.19;2764.75;2738.75;2755.58;0;0
Индекс МосБиржи;D;20250709;000000;2733.01;2735.07;2684.87;2696.45;0;0
Индекс МосБиржи;D;20250710;000000;2724.64;2735.15;2705.98;2732.45;0;0
Индекс МосБиржи;D;20250711;000000;2705.46;2707.82;2638.08;2642.02;0;0
Индекс МосБиржи;D;20250714;000000;2616.31;2722.53;2616.03;2714.14;0;0
Индекс МосБиржи;D;20250715;000000;2750.37;2761.82;2734.8;2756.95;0;0
Индекс МосБиржи;D;20250716;000000;2758.65;2784.82;2747.82;2777.16;0;0
Индекс МосБиржи;D;20250717;000000;2787.8;2788.3;2754.86;2761.48;0;0
Индекс МосБиржи;D;20250718;000000;2758.28;2789.39;2715.11;2784.63;0;0
Индекс МосБиржи;D;20250721;000000;2816.11;2827.94;2804.14;2821.78;0;0
Индекс МосБиржи;D;20250722;000000;2811.64;2833.84;2801.11;2825.61;0;0
Индекс МосБиржи;D;20250723;000000;2839.41;2849.8;2829.25;2841.16;0;0
Индекс МосБиржи;D;20250724;000000;2837.72;2838.22;2806.64;2807.69;0;0
Индекс МосБиржи;D;20250725;000000;2819.07;2827.03;2767.44;2772.39;0;0
Индекс МосБиржи;D;20250728;000000;2760.9;2783.82;2726.61;2730.98;0;0
Индекс МосБиржи;D;20250729;000000;2739.49;2764.03;2728.97;2758.28;0;0
Индекс МосБиржи;D;20250730;000000;2751.92;2754.35;2718.65;2726.24;0;0
Индекс МосБиржи;D;20250731;000000;2737.13;2741.14;2713.68;2732.12;0;0
Индекс МосБиржи;D;20250801;000000;2749.41;2755.95;2724.54;2727.98;0;0
Индекс МосБиржи;D;20250804;000000;2733.23;2776.99;2727.86;2773.85;0;0
Индекс МосБиржи;D;20250805;000000;2784.71;2792.51;2764.77;2786.37;0;0
Индекс МосБиржи;D;20250806;000000;2791.29;2798.21;2754.51;2764.62;0;0
Индекс МосБиржи;D;20250807;000000;2836.05;2915.43;2824.78;2876.43;0;0
Индекс МосБиржи;D;20250808;000000;2894.58;2926.98;2872.12;2924.63;0;0
Индекс МосБиржи;D;20250811;000000;2991.68;2996.4;2956.94;2964.15;0;0
Индекс МосБиржи;D;20250812;000000;2959.97;2980.01;2952.34;2977.18;0;0
Индекс МосБиржи;D;20250813;000000;2987.6;2988.06;2959.75;2973.02;0;0
Индекс МосБиржи;D;20250814;000000;2945.01;2985.27;2933.82;2977.34;0;0
Индекс МосБиржи;D;20250815;000000;2987.67;3014.21;2978.69;3012.09;0;0
Индекс МосБиржи;D;20250818;000000;2949.46;2972.97;2941.7;2951.26;0;0
Индекс МосБиржи;D;20250819;000000;3000.75;3006.13;2962.37;2965.66;0;0
Индекс МосБиржи;D;20250820;000000;2974.56;2977.26;2928.85;2940.78;0;0
Индекс МосБиржи;D;20250821;000000;2933.1;2935.48;2879.36;2883.5;0;0
Индекс МосБиржи;D;20250822;000000;2882.95;2903.48;2876.26;2896.76;0;0
Индекс МосБиржи;D;20250825;000000;2886.35;2890.83;2857.97;2887.24;0;0
Индекс МосБиржи;D;20250826;000000;2906.96;2915.46;2878.74;2885.87;0;0
Индекс МосБиржи;D;20250827;000000;2892.32;2916.92;2888.1;2911.48;0;0
Индекс МосБиржи;D;20250828;000000;2918.92;2919.01;2900.33;2912.72;0;0
Индекс МосБиржи;D;20250829;000000;2893.99;2904.14;2882.55;2899.38;0;0
Индекс МосБиржи;D;20250901;000000;2923.49;2925.02;2886.97;2886.97;0;0
Индекс МосБиржи;D;20250902;000000;2878.37;2883.35;2842.8;2845.39;0;0
Индекс МосБиржи;D;20250903;000000;2863.12;2875.01;2846.87;2867.55;0;0
Индекс МосБиржи;D;20250904;000000;2883.86;2894.49;2864.62;2873.7;0;0
Индекс МосБиржи;D;20250905;000000;2891.09;2906.7;2885.92;2901.45;0;0
Индекс МосБиржи;D;20250908;000000;2914.28;2921.62;2906.62;2921.62;0;0
Индекс МосБиржи;D;20250909;000000;2926.02;2939.2;2919.84;2935.96;0;0
Индекс МосБиржи;D;20250910;000000;2919.56;2938.36;2912.5;2914.26;0;0
Индекс МосБиржи;D;20250911;000000;2916.27;2916.35;2890.68;2908.14;0;0
Индекс МосБиржи;D;20250912;000000;2904.03;2905.68;2837.01;2839.73;0;0
Индекс МосБиржи;D;20250915;000000;2826.86;2834.6;2801.03;2809.85;0;0
