<TICKER>;<PER>;<DATE>;<TIME>;<OPEN>;<HIGH>;<LOW>;<CLOSE>;<VOL>;<OPENINT>
MCFTR;D;20030226;000000;335.67;335.67;335.67;335.67;0;0
MCFTR;D;20030227;000000;338.35;338.35;338.35;338.35;0;0
MCFTR;D;20030228;000000;341.52;341.52;341.52;341.52;0;0
MCFTR;D;20030303;000000;352.24;352.24;352.24;352.24;0;0
MCFTR;D;20030304;000000;348.4;348.4;348.4;348.4;0;0
MCFTR;D;20030305;000000;357.65;357.65;357.65;357.65;0;0
MCFTR;D;20030306;000000;359.97;359.97;359.97;359.97;0;0
MCFTR;D;20030307;000000;354.87;354.87;354.87;354.87;0;0
MCFTR;D;20030311;000000;349.89;349.89;349.89;349.89;0;0
MCFTR;D;20030312;000000;343.24;343.24;343.24;343.24;0;0
MCFTR;D;20030313;000000;346.83;346.83;346.83;346.83;0;0
MCFTR;D;20030314;000000;345.65;345.65;345.65;345.65;0;0
MCFTR;D;20030317;000000;337.83;337.83;337.83;337.83;0;0
MCFTR;D;20030318;000000;330.14;330.14;330.14;330.14;0;0
MCFTR;D;20030319;000000;333.97;333.97;333.97;333.97;0;0
MCFTR;D;20030320;000000;334.91;334.91;334.91;334.91;0;0
MCFTR;D;20030321;000000;338.76;338.76;338.76;338.76;0;0
MCFTR;D;20030324;000000;332.3;332.3;332.3;332.3;0;0
MCFTR;D;20030325;000000;333.57;333.57;333.57;333.57;0;0
MCFTR;D;20030326;000000;333.3;333.3;333.3;333.3;0;0
MCFTR;D;20030327;000000;332.7;332.7;332.7;332.7;0;0
MCFTR;D;20030328;000000;332.88;332.88;332.88;332.88;0;0
MCFTR;D;20030331;000000;325.56;325.56;325.56;325.56;0;0
MCFTR;D;20030401;000000;327.44;327.44;327.44;327.44;0;0
MCFTR;D;20030402;000000;331.02;331.02;331.02;331.02;0;0
MCFTR;D;20030403;000000;326.94;326.94;326.94;326.94;0;0
MCFTR;D;20030404;000000;330.53;330.53;330.53;330.53;0;0
MCFTR;D;20030407;000000;336.3;336.3;336.3;336.3;0;0
MCFTR;D;20030408;000000;337.48;337.48;337.48;337.48;0;0
MCFTR;D;20030409;000000;336.53;336.53;336.53;336.53;0;0
MCFTR;D;20030410;000000;336.76;336.76;336.76;336.76;0;0
MCFTR;D;20030411;000000;338.21;338.21;338.21;338.21;0;0
MCFTR;D;20030414;000000;341.99;341.99;341.99;341.99;0;0
MCFTR;D;20030415;000000;345.97;345.97;345.97;345.97;0;0
MCFTR;D;20030416;000000;344.63;344.63;344.63;344.63;0;0
MCFTR;D;20030417;000000;348.61;348.61;348.61;348.61;0;0
MCFTR;D;20030418;000000;356.81;356.81;356.81;356.81;0;0
MCFTR;D;20030421;000000;363.89;363.89;363.89;363.89;0;0
MCFTR;D;20030422;000000;364.89;364.89;364.89;364.89;0;0
MCFTR;D;20030423;000000;373.05;373.05;373.05;373.05;0;0
MCFTR;D;20030424;000000;366.21;366.21;366.21;366.21;0;0
MCFTR;D;20030425;000000;371.96;371.96;371.96;371.96;0;0
MCFTR;D;20030428;000000;382.74;382.74;382.74;382.74;0;0
MCFTR;D;20030429;000000;376.26;376.26;376.26;376.26;0;0
MCFTR;D;20030430;000000;369.77;369.77;369.77;369.77;0;0
MCFTR;D;20030505;000000;380.22;380.22;380.22;380.22;0;0
MCFTR;D;20030506;000000;379.88;379.88;379.88;379.88;0;0
MCFTR;D;20030507;000000;375.86;375.86;375.86;375.86;0;0
MCFTR;D;20030508;000000;374.79;374.79;374.79;374.79;0;0
MCFTR;D;20030512;000000;385.27;385.27;385.27;385.27;0;0
MCFTR;D;20030513;000000;384.56;384.56;384.56;384.56;0;0
MCFTR;D;20030514;000000;387.04;387.04;387.04;387.04;0;0
MCFTR;D;20030515;000000;391.82;391.82;391.82;391.82;0;0
MCFTR;D;20030516;000000;399.74;399.74;399.74;399.74;0;0
MCFTR;D;20030519;000000;404.33;404.33;404.33;404.33;0;0
MCFTR;D;20030520;000000;399.47;399.47;399.47;399.47;0;0
MCFTR;D;20030521;000000;399.37;399.37;399.37;399.37;0;0
MCFTR;D;20030522;000000;411.22;411.22;411.22;411.22;0;0
MCFTR;D;20030523;000000;415.26;415.26;415.26;415.26;0;0
MCFTR;D;20030526;000000;420.99;420.99;420.99;420.99;0;0
MCFTR;D;20030527;000000;422.57;422.57;422.57;422.57;0;0
MCFTR;D;20030528;000000;426.61;426.61;426.61;426.61;0;0
MCFTR;D;20030529;000000;420.56;420.56;420.56;420.56;0;0
MCFTR;D;20030530;000000;421.08;421.08;421.08;421.08;0;0
MCFTR;D;20030602;000000;413.64;413.64;413.64;413.64;0;0
MCFTR;D;20030603;000000;420.06;420.06;420.06;420.06;0;0
MCFTR;D;20030604;000000;423.82;423.82;423.82;423.82;0;0
MCFTR;D;20030605;000000;420.07;420.07;420.07;420.07;0;0
MCFTR;D;20030606;000000;431.39;431.39;431.39;431.39;0;0
MCFTR;D;20030609;000000;437.14;437.14;437.14;437.14;0;0
MCFTR;D;20030610;000000;421.49;421.49;421.49;421.49;0;0
MCFTR;D;20030611;000000;430.09;430.09;430.09;430.09;0;0
MCFTR;D;20030616;000000;452.34;452.34;452.34;452.34;0;0
MCFTR;D;20030617;000000;456.74;456.74;456.74;456.74;0;0
MCFTR;D;20030618;000000;451.9;451.9;451.9;451.9;0;0
MCFTR;D;20030619;000000;441.21;441.21;441.21;441.21;0;0
MCFTR;D;20030620;000000;443.57;443.57;443.57;443.57;0;0
MCFTR;D;20030621;000000;447.04;447.04;447.04;447.04;0;0
MCFTR;D;20030623;000000;441.19;441.19;441.19;441.19;0;0
MCFTR;D;20030624;000000;443.59;443.59;443.59;443.59;0;0
MCFTR;D;20030625;000000;455.1;455.1;455.1;455.1;0;0
MCFTR;D;20030626;000000;448.15;448.15;448.15;448.15;0;0
MCFTR;D;20030627;000000;451.02;451.02;451.02;451.02;0;0
MCFTR;D;20030630;000000;455.44;455.44;455.44;455.44;0;0
MCFTR;D;20030701;000000;455.16;455.16;455.16;455.16;0;0
MCFTR;D;20030702;000000;467.98;467.98;467.98;467.98;0;0
MCFTR;D;20030703;000000;460.98;460.98;460.98;460.98;0;0
MCFTR;D;20030704;000000;466.48;466.48;466.48;466.48;0;0
MCFTR;D;20030707;000000;468.05;468.05;468.05;468.05;0;0
MCFTR;D;20030708;000000;463.13;463.13;463.13;463.13;0;0
MCFTR;D;20030709;000000;446.69;446.69;446.69;446.69;0;0
MCFTR;D;20030710;000000;433.37;433.37;433.37;433.37;0;0
MCFTR;D;20030711;000000;427.26;427.26;427.26;427.26;0;0
MCFTR;D;20030714;000000;439.3;439.3;439.3;439.3;0;0
MCFTR;D;20030715;000000;438.55;438.55;438.55;438.55;0;0
MCFTR;D;20030716;000000;410.24;410.24;410.24;410.24;0;0
MCFTR;D;20030717;000000;391.93;391.93;391.93;391.93;0;0
MCFTR;D;20030718;000000;398.8;398.8;398.8;398.8;0;0
MCFTR;D;20030721;000000;410.13;410.13;410.13;410.13;0;0
MCFTR;D;20030722;000000;419.1;419.1;419.1;419.1;0;0
MCFTR;D;20030723;000000;413.98;413.98;413.98;413.98;0;0
MCFTR;D;20030724;000000;426.8;426.8;426.8;426.8;0;0
MCFTR;D;20030725;000000;428.11;428.11;428.11;428.11;0;0
MCFTR;D;20030728;000000;427.96;427.96;427.96;427.96;0;0
MCFTR;D;20030729;000000;417.07;417.07;417.07;417.07;0;0
MCFTR;D;20030730;000000;422.43;422.43;422.43;422.43;0;0
MCFTR;D;20030731;000000;430.3;430.3;430.3;430.3;0;0
MCFTR;D;20030801;000000;419.22;419.22;419.22;419.22;0;0
MCFTR;D;20030804;000000;421.65;421.65;421.65;421.65;0;0
MCFTR;D;20030805;000000;424.41;424.41;424.41;424.41;0;0
MCFTR;D;20030806;000000;431.9;431.9;431.9;431.9;0;0
MCFTR;D;20030807;000000;431.97;431.97;431.97;431.97;0;0
MCFTR;D;20030808;000000;433.47;433.47;433.47;433.47;0;0
MCFTR;D;20030811;000000;442.96;442.96;442.96;442.96;0;0
MCFTR;D;20030812;000000;447.28;447.28;447.28;447.28;0;0
MCFTR;D;20030813;000000;453.36;453.36;453.36;453.36;0;0
MCFTR;D;20030814;000000;457.76;457.76;457.76;457.76;0;0
MCFTR;D;20030815;000000;464.33;464.33;464.33;464.33;0;0
MCFTR;D;20030818;000000;474.91;474.91;474.91;474.91;0;0
MCFTR;D;20030819;000000;476.17;476.17;476.17;476.17;0;0
MCFTR;D;20030820;000000;469.87;469.87;469.87;469.87;0;0
MCFTR;D;20030821;000000;478.31;478.31;478.31;478.31;0;0
MCFTR;D;20030822;000000;479.96;479.96;479.96;479.96;0;0
MCFTR;D;20030825;000000;477.4;477.4;477.4;477.4;0;0
MCFTR;D;20030826;000000;471.13;471.13;471.13;471.13;0;0
MCFTR;D;20030827;000000;469.98;469.98;469.98;469.98;0;0
MCFTR;D;20030828;000000;476.35;476.35;476.35;476.35;0;0
MCFTR;D;20030829;000000;484;484;484;484;0;0
MCFTR;D;20030901;000000;491.9;491.9;491.9;491.9;0;0
MCFTR;D;20030902;000000;501.03;501.03;501.03;501.03;0;0
MCFTR;D;20030903;000000;495.11;495.11;495.11;495.11;0;0
MCFTR;D;20030904;000000;502.29;502.29;502.29;502.29;0;0
MCFTR;D;20030905;000000;497.82;497.82;497.82;497.82;0;0
MCFTR;D;20030908;000000;492.8;492.8;492.8;492.8;0;0
MCFTR;D;20030909;000000;490.25;490.25;490.25;490.25;0;0
MCFTR;D;20030910;000000;495.32;495.32;495.32;495.32;0;0
MCFTR;D;20030911;000000;491.88;491.88;491.88;491.88;0;0
MCFTR;D;20030912;000000;498.22;498.22;498.22;498.22;0;0
MCFTR;D;20030915;000000;505.8;505.8;505.8;505.8;0;0
MCFTR;D;20030916;000000;507.08;507.08;507.08;507.08;0;0
MCFTR;D;20030917;000000;502.12;502.12;502.12;502.12;0;0
MCFTR;D;20030918;000000;501.86;501.86;501.86;501.86;0;0
MCFTR;D;20030919;000000;497.37;497.37;497.37;497.37;0;0
MCFTR;D;20030922;000000;492.65;492.65;492.65;492.65;0;0
MCFTR;D;20030923;000000;504.52;504.52;504.52;504.52;0;0
MCFTR;D;20030924;000000;507.72;507.72;507.72;507.72;0;0
MCFTR;D;20030925;000000;503.83;503.83;503.83;503.83;0;0
MCFTR;D;20030926;000000;502.62;502.62;502.62;502.62;0;0
MCFTR;D;20030929;000000;516.03;516.03;516.03;516.03;0;0
MCFTR;D;20030930;000000;515.17;515.17;515.17;515.17;0;0
MCFTR;D;20031001;000000;521.11;521.11;521.11;521.11;0;0
MCFTR;D;20031002;000000;533.25;533.25;533.25;533.25;0;0
MCFTR;D;20031003;000000;535.8;535.8;535.8;535.8;0;0
MCFTR;D;20031006;000000;540.56;540.56;540.56;540.56;0;0
MCFTR;D;20031007;000000;546.32;546.32;546.32;546.32;0;0
MCFTR;D;20031008;000000;567.52;567.52;567.52;567.52;0;0
MCFTR;D;20031009;000000;559.35;559.35;559.35;559.35;0;0
MCFTR;D;20031010;000000;550.64;550.64;550.64;550.64;0;0
MCFTR;D;20031013;000000;567.38;567.38;567.38;567.38;0;0
MCFTR;D;20031014;000000;570.67;570.67;570.67;570.67;0;0
MCFTR;D;20031015;000000;572.16;572.16;572.16;572.16;0;0
MCFTR;D;20031016;000000;580.1;580.1;580.1;580.1;0;0
MCFTR;D;20031017;000000;583.1;583.1;583.1;583.1;0;0
MCFTR;D;20031020;000000;579.67;579.67;579.67;579.67;0;0
MCFTR;D;20031021;000000;553.45;553.45;553.45;553.45;0;0
MCFTR;D;20031022;000000;527.12;527.12;527.12;527.12;0;0
MCFTR;D;20031023;000000;530.91;530.91;530.91;530.91;0;0
MCFTR;D;20031024;000000;536;536;536;536;0;0
MCFTR;D;20031027;000000;500.42;500.42;500.42;500.42;0;0
MCFTR;D;20031028;000000;509.67;509.67;509.67;509.67;0;0
MCFTR;D;20031029;000000;498.35;498.35;498.35;498.35;0;0
MCFTR;D;20031030;000000;448.76;448.76;448.76;448.76;0;0
MCFTR;D;20031031;000000;468.85;468.85;468.85;468.85;0;0
MCFTR;D;20031103;000000;506.25;506.25;506.25;506.25;0;0
MCFTR;D;20031104;000000;502.78;502.78;502.78;502.78;0;0
MCFTR;D;20031105;000000;493.1;493.1;493.1;493.1;0;0
MCFTR;D;20031106;000000;492.89;492.89;492.89;492.89;0;0
MCFTR;D;20031110;000000;493.72;493.72;493.72;493.72;0;0
MCFTR;D;20031111;000000;482.61;482.61;482.61;482.61;0;0
MCFTR;D;20031112;000000;474.82;474.82;474.82;474.82;0;0
MCFTR;D;20031113;000000;475.43;475.43;475.43;475.43;0;0
MCFTR;D;20031114;000000;472.57;472.57;472.57;472.57;0;0
MCFTR;D;20031117;000000;461.77;461.77;461.77;461.77;0;0
MCFTR;D;20031118;000000;441.18;441.18;441.18;441.18;0;0
MCFTR;D;20031119;000000;429.26;429.26;429.26;429.26;0;0
MCFTR;D;20031120;000000;446.15;446.15;446.15;446.15;0;0
MCFTR;D;20031121;000000;455.32;455.32;455.32;455.32;0;0
MCFTR;D;20031124;000000;469.92;469.92;469.92;469.92;0;0
MCFTR;D;20031125;000000;480.71;480.71;480.71;480.71;0;0
MCFTR;D;20031126;000000;486.74;486.74;486.74;486.74;0;0
MCFTR;D;20031127;000000;488.51;488.51;488.51;488.51;0;0
MCFTR;D;20031128;000000;484.73;484.73;484.73;484.73;0;0
MCFTR;D;20031201;000000;484.21;484.21;484.21;484.21;0;0
MCFTR;D;20031202;000000;493.98;493.98;493.98;493.98;0;0
MCFTR;D;20031203;000000;503.53;503.53;503.53;503.53;0;0
MCFTR;D;20031204;000000;495.53;495.53;495.53;495.53;0;0
MCFTR;D;20031205;000000;494.42;494.42;494.42;494.42;0;0
MCFTR;D;20031208;000000;494.69;494.69;494.69;494.69;0;0
MCFTR;D;20031209;000000;501.74;501.74;501.74;501.74;0;0
MCFTR;D;20031210;000000;501.74;501.74;501.74;501.74;0;0
MCFTR;D;20031211;000000;499.36;499.36;499.36;499.36;0;0
MCFTR;D;20031215;000000;506.22;506.22;506.22;506.22;0;0
MCFTR;D;20031216;000000;497.54;497.54;497.54;497.54;0;0
MCFTR;D;20031217;000000;500.82;500.82;500.82;500.82;0;0
MCFTR;D;20031218;000000;509.94;509.94;509.94;509.94;0;0
MCFTR;D;20031219;000000;519.73;519.73;519.73;519.73;0;0
MCFTR;D;20031222;000000;521.95;521.95;521.95;521.95;0;0
MCFTR;D;20031223;000000;516.85;516.85;516.85;516.85;0;0
MCFTR;D;20031224;000000;511.65;511.65;511.65;511.65;0;0
MCFTR;D;20031225;000000;513.56;513.56;513.56;513.56;0;0
MCFTR;D;20031226;000000;517.58;517.58;517.58;517.58;0;0
MCFTR;D;20031229;000000;518.81;518.81;518.81;518.81;0;0
MCFTR;D;20031230;000000;514.71;514.71;514.71;514.71;0;0
MCFTR;D;20031231;000000;514.71;514.71;514.71;514.71;0;0
MCFTR;D;20040105;000000;542.19;542.19;542.19;542.19;0;0
MCFTR;D;20040106;000000;543.94;543.94;543.94;543.94;0;0
MCFTR;D;20040108;000000;533.57;533.57;533.57;533.57;0;0
MCFTR;D;20040109;000000;549.69;549.69;549.69;549.69;0;0
MCFTR;D;20040112;000000;536.85;536.85;536.85;536.85;0;0
MCFTR;D;20040113;000000;531.93;531.93;531.93;531.93;0;0
MCFTR;D;20040114;000000;542.45;542.45;542.45;542.45;0;0
MCFTR;D;20040115;000000;523.81;523.81;523.81;523.81;0;0
MCFTR;D;20040116;000000;532.49;532.49;532.49;532.49;0;0
MCFTR;D;20040119;000000;539.17;539.17;539.17;539.17;0;0
MCFTR;D;20040120;000000;541.87;541.87;541.87;541.87;0;0
MCFTR;D;20040121;000000;546.98;546.98;546.98;546.98;0;0
MCFTR;D;20040122;000000;553.17;553.17;553.17;553.17;0;0
MCFTR;D;20040123;000000;563.62;563.62;563.62;563.62;0;0
MCFTR;D;20040126;000000;556.89;556.89;556.89;556.89;0;0
MCFTR;D;20040127;000000;561;561;561;561;0;0
MCFTR;D;20040128;000000;556.33;556.33;556.33;556.33;0;0
MCFTR;D;20040129;000000;562.15;562.15;562.15;562.15;0;0
MCFTR;D;20040130;000000;551.72;551.72;551.72;551.72;0;0
MCFTR;D;20040202;000000;542.56;542.56;542.56;542.56;0;0
MCFTR;D;20040203;000000;551.02;551.02;551.02;551.02;0;0
MCFTR;D;20040204;000000;557.56;557.56;557.56;557.56;0;0
MCFTR;D;20040205;000000;547.79;547.79;547.79;547.79;0;0
MCFTR;D;20040206;000000;549.09;549.09;549.09;549.09;0;0
MCFTR;D;20040209;000000;552.83;552.83;552.83;552.83;0;0
MCFTR;D;20040210;000000;550.29;550.29;550.29;550.29;0;0
MCFTR;D;20040211;000000;552.02;552.02;552.02;552.02;0;0
MCFTR;D;20040212;000000;566.72;566.72;566.72;566.72;0;0
MCFTR;D;20040213;000000;569.07;569.07;569.07;569.07;0;0
MCFTR;D;20040216;000000;570.77;570.77;570.77;570.77;0;0
MCFTR;D;20040217;000000;572.98;572.98;572.98;572.98;0;0
MCFTR;D;20040218;000000;575.76;575.76;575.76;575.76;0;0
MCFTR;D;20040219;000000;570.86;570.86;570.86;570.86;0;0
MCFTR;D;20040220;000000;576.44;576.44;576.44;576.44;0;0
MCFTR;D;20040224;000000;574.01;574.01;574.01;574.01;0;0
MCFTR;D;20040225;000000;578.29;578.29;578.29;578.29;0;0
MCFTR;D;20040226;000000;582.38;582.38;582.38;582.38;0;0
MCFTR;D;20040227;000000;591.09;591.09;591.09;591.09;0;0
MCFTR;D;20040301;000000;606.71;606.71;606.71;606.71;0;0
MCFTR;D;20040302;000000;600.29;600.29;600.29;600.29;0;0
MCFTR;D;20040303;000000;591.9;591.9;591.9;591.9;0;0
MCFTR;D;20040304;000000;592.34;592.34;592.34;592.34;0;0
MCFTR;D;20040305;000000;598.18;598.18;598.18;598.18;0;0
MCFTR;D;20040309;000000;605.84;605.84;605.84;605.84;0;0
MCFTR;D;20040310;000000;594.13;594.13;594.13;594.13;0;0
MCFTR;D;20040311;000000;582.48;582.48;582.48;582.48;0;0
MCFTR;D;20040312;000000;586.86;586.86;586.86;586.86;0;0
MCFTR;D;20040315;000000;583.54;583.54;583.54;583.54;0;0
MCFTR;D;20040316;000000;593.73;593.73;593.73;593.73;0;0
MCFTR;D;20040317;000000;609.02;609.02;609.02;609.02;0;0
MCFTR;D;20040318;000000;617.29;617.29;617.29;617.29;0;0
MCFTR;D;20040319;000000;630.95;630.95;630.95;630.95;0;0
MCFTR;D;20040322;000000;620.14;620.14;620.14;620.14;0;0
MCFTR;D;20040323;000000;624.26;624.26;624.26;624.26;0;0
MCFTR;D;20040324;000000;617.19;617.19;617.19;617.19;0;0
MCFTR;D;20040325;000000;618.01;618.01;618.01;618.01;0;0
MCFTR;D;20040326;000000;619.68;619.68;619.68;619.68;0;0
MCFTR;D;20040329;000000;633.32;633.32;633.32;633.32;0;0
MCFTR;D;20040330;000000;635.74;635.74;635.74;635.74;0;0
MCFTR;D;20040331;000000;644.64;644.64;644.64;644.64;0;0
MCFTR;D;20040401;000000;646.29;646.29;646.29;646.29;0;0
MCFTR;D;20040402;000000;656.68;656.68;656.68;656.68;0;0
MCFTR;D;20040405;000000;664.54;664.54;664.54;664.54;0;0
MCFTR;D;20040406;000000;654.71;654.71;654.71;654.71;0;0
MCFTR;D;20040407;000000;669.01;669.01;669.01;669.01;0;0
MCFTR;D;20040408;000000;678.54;678.54;678.54;678.54;0;0
MCFTR;D;20040409;000000;678.69;678.69;678.69;678.69;0;0
MCFTR;D;20040412;000000;681.48;681.48;681.48;681.48;0;0
MCFTR;D;20040413;000000;661.18;661.18;661.18;661.18;0;0
MCFTR;D;20040414;000000;644.5;644.5;644.5;644.5;0;0
MCFTR;D;20040415;000000;651.86;651.86;651.86;651.86;0;0
MCFTR;D;20040416;000000;637.07;637.07;637.07;637.07;0;0
MCFTR;D;20040419;000000;640.33;640.33;640.33;640.33;0;0
MCFTR;D;20040420;000000;644.5;644.5;644.5;644.5;0;0
MCFTR;D;20040421;000000;614.95;614.95;614.95;614.95;0;0
MCFTR;D;20040422;000000;604.33;604.33;604.33;604.33;0;0
MCFTR;D;20040423;000000;601.75;601.75;601.75;601.75;0;0
MCFTR;D;20040426;000000;599.84;599.84;599.84;599.84;0;0
MCFTR;D;20040427;000000;607.52;607.52;607.52;607.52;0;0
MCFTR;D;20040428;000000;599.15;599.15;599.15;599.15;0;0
MCFTR;D;20040429;000000;559.3;559.3;559.3;559.3;0;0
MCFTR;D;20040430;000000;561.78;561.78;561.78;561.78;0;0
MCFTR;D;20040505;000000;577.91;577.91;577.91;577.91;0;0
MCFTR;D;20040506;000000;571.15;571.15;571.15;571.15;0;0
MCFTR;D;20040507;000000;545.79;545.79;545.79;545.79;0;0
MCFTR;D;20040511;000000;523.32;523.32;523.32;523.32;0;0
MCFTR;D;20040512;000000;540.72;540.72;540.72;540.72;0;0
MCFTR;D;20040513;000000;547.43;547.43;547.43;547.43;0;0
MCFTR;D;20040514;000000;537.17;537.17;537.17;537.17;0;0
MCFTR;D;20040517;000000;560.59;560.59;560.59;560.59;0;0
MCFTR;D;20040518;000000;559.09;559.09;559.09;559.09;0;0
MCFTR;D;20040519;000000;576.59;576.59;576.59;576.59;0;0
MCFTR;D;20040520;000000;576.14;576.14;576.14;576.14;0;0
MCFTR;D;20040521;000000;577.38;577.38;577.38;577.38;0;0
MCFTR;D;20040524;000000;581.95;581.95;581.95;581.95;0;0
MCFTR;D;20040525;000000;559.03;559.03;559.03;559.03;0;0
MCFTR;D;20040526;000000;569.2;569.2;569.2;569.2;0;0
MCFTR;D;20040527;000000;559.99;559.99;559.99;559.99;0;0
MCFTR;D;20040528;000000;530.86;530.86;530.86;530.86;0;0
MCFTR;D;20040531;000000;535.4;535.4;535.4;535.4;0;0
MCFTR;D;20040601;000000;512.99;512.99;512.99;512.99;0;0
MCFTR;D;20040602;000000;533.88;533.88;533.88;533.88;0;0
MCFTR;D;20040603;000000;535.89;535.89;535.89;535.89;0;0
MCFTR;D;20040604;000000;522.29;522.29;522.29;522.29;0;0
MCFTR;D;20040607;000000;536.53;536.53;536.53;536.53;0;0
MCFTR;D;20040608;000000;543.69;543.69;543.69;543.69;0;0
MCFTR;D;20040609;000000;537.08;537.08;537.08;537.08;0;0
MCFTR;D;20040610;000000;530.24;530.24;530.24;530.24;0;0
MCFTR;D;20040611;000000;526.24;526.24;526.24;526.24;0;0
MCFTR;D;20040615;000000;507.07;507.07;507.07;507.07;0;0
MCFTR;D;20040616;000000;508.54;508.54;508.54;508.54;0;0
MCFTR;D;20040617;000000;556;556;556;556;0;0
MCFTR;D;20040618;000000;558.09;558.09;558.09;558.09;0;0
MCFTR;D;20040621;000000;571.82;571.82;571.82;571.82;0;0
MCFTR;D;20040622;000000;556.98;556.98;556.98;556.98;0;0
MCFTR;D;20040623;000000;551.47;551.47;551.47;551.47;0;0
MCFTR;D;20040624;000000;556.16;556.16;556.16;556.16;0;0
MCFTR;D;20040625;000000;549.46;549.46;549.46;549.46;0;0
MCFTR;D;20040628;000000;537.3;537.3;537.3;537.3;0;0
MCFTR;D;20040629;000000;528.56;528.56;528.56;528.56;0;0
MCFTR;D;20040630;000000;534.84;534.84;534.84;534.84;0;0
MCFTR;D;20040701;000000;517.61;517.61;517.61;517.61;0;0
MCFTR;D;20040702;000000;514.29;514.29;514.29;514.29;0;0
MCFTR;D;20040705;000000;518.71;518.71;518.71;518.71;0;0
MCFTR;D;20040706;000000;516.54;516.54;516.54;516.54;0;0
MCFTR;D;20040707;000000;522.78;522.78;522.78;522.78;0;0
MCFTR;D;20040708;000000;520.8;520.8;520.8;520.8;0;0
MCFTR;D;20040709;000000;517.25;517.25;517.25;517.25;0;0
MCFTR;D;20040712;000000;531.63;531.63;531.63;531.63;0;0
MCFTR;D;20040713;000000;542.1;542.1;542.1;542.1;0;0
MCFTR;D;20040714;000000;542.06;542.06;542.06;542.06;0;0
MCFTR;D;20040715;000000;546.81;546.81;546.81;546.81;0;0
MCFTR;D;20040716;000000;544.07;544.07;544.07;544.07;0;0
MCFTR;D;20040719;000000;554.83;554.83;554.83;554.83;0;0
MCFTR;D;20040720;000000;532.67;532.67;532.67;532.67;0;0
MCFTR;D;20040721;000000;524.95;524.95;524.95;524.95;0;0
MCFTR;D;20040722;000000;510.76;510.76;510.76;510.76;0;0
MCFTR;D;20040723;000000;519.32;519.32;519.32;519.32;0;0
MCFTR;D;20040726;000000;509.05;509.05;509.05;509.05;0;0
MCFTR;D;20040727;000000;501.79;501.79;501.79;501.79;0;0
MCFTR;D;20040728;000000;467.72;467.72;467.72;467.72;0;0
MCFTR;D;20040729;000000;482.19;482.19;482.19;482.19;0;0
MCFTR;D;20040730;000000;502.81;502.81;502.81;502.81;0;0
MCFTR;D;20040802;000000;505.11;505.11;505.11;505.11;0;0
MCFTR;D;20040803;000000;503.68;503.68;503.68;503.68;0;0
MCFTR;D;20040804;000000;504.9;504.9;504.9;504.9;0;0
MCFTR;D;20040805;000000;502.45;502.45;502.45;502.45;0;0
MCFTR;D;20040806;000000;500.13;500.13;500.13;500.13;0;0
MCFTR;D;20040809;000000;508.78;508.78;508.78;508.78;0;0
MCFTR;D;20040810;000000;504.67;504.67;504.67;504.67;0;0
MCFTR;D;20040811;000000;489.82;489.82;489.82;489.82;0;0
MCFTR;D;20040812;000000;500.82;500.82;500.82;500.82;0;0
MCFTR;D;20040813;000000;513.37;513.37;513.37;513.37;0;0
MCFTR;D;20040816;000000;517.37;517.37;517.37;517.37;0;0
MCFTR;D;20040817;000000;517.2;517.2;517.2;517.2;0;0
MCFTR;D;20040818;000000;505.14;505.14;505.14;505.14;0;0
MCFTR;D;20040819;000000;513.14;513.14;513.14;513.14;0;0
MCFTR;D;20040820;000000;515.09;515.09;515.09;515.09;0;0
MCFTR;D;20040823;000000;519.3;519.3;519.3;519.3;0;0
MCFTR;D;20040824;000000;519.71;519.71;519.71;519.71;0;0
MCFTR;D;20040825;000000;525.95;525.95;525.95;525.95;0;0
MCFTR;D;20040826;000000;527.72;527.72;527.72;527.72;0;0
MCFTR;D;20040827;000000;536.8;536.8;536.8;536.8;0;0
MCFTR;D;20040830;000000;538.88;538.88;538.88;538.88;0;0
MCFTR;D;20040831;000000;549.28;549.28;549.28;549.28;0;0
MCFTR;D;20040901;000000;550.43;550.43;550.43;550.43;0;0
MCFTR;D;20040902;000000;550.67;550.67;550.67;550.67;0;0
MCFTR;D;20040903;000000;557.59;557.59;557.59;557.59;0;0
MCFTR;D;20040906;000000;563.24;563.24;563.24;563.24;0;0
MCFTR;D;20040907;000000;562.73;562.73;562.73;562.73;0;0
MCFTR;D;20040908;000000;560.87;560.87;560.87;560.87;0;0
MCFTR;D;20040909;000000;566.96;566.96;566.96;566.96;0;0
MCFTR;D;20040910;000000;571.83;571.83;571.83;571.83;0;0
MCFTR;D;20040913;000000;570.76;570.76;570.76;570.76;0;0
MCFTR;D;20040914;000000;581.11;581.11;581.11;581.11;0;0
MCFTR;D;20040915;000000;582.88;582.88;582.88;582.88;0;0
MCFTR;D;20040916;000000;575.44;575.44;575.44;575.44;0;0
MCFTR;D;20040917;000000;579.99;579.99;579.99;579.99;0;0
MCFTR;D;20040920;000000;583.11;583.11;583.11;583.11;0;0
MCFTR;D;20040921;000000;590.84;590.84;590.84;590.84;0;0
MCFTR;D;20040922;000000;587.44;587.44;587.44;587.44;0;0
MCFTR;D;20040923;000000;587.19;587.19;587.19;587.19;0;0
MCFTR;D;20040924;000000;589.72;589.72;589.72;589.72;0;0
MCFTR;D;20040927;000000;590.28;590.28;590.28;590.28;0;0
MCFTR;D;20040928;000000;602.22;602.22;602.22;602.22;0;0
MCFTR;D;20040929;000000;605.56;605.56;605.56;605.56;0;0
MCFTR;D;20040930;000000;611.03;611.03;611.03;611.03;0;0
MCFTR;D;20041001;000000;642.79;642.79;642.79;642.79;0;0
MCFTR;D;20041004;000000;649.31;649.31;649.31;649.31;0;0
MCFTR;D;20041005;000000;695.12;695.12;695.12;695.12;0;0
MCFTR;D;20041006;000000;704.04;704.04;704.04;704.04;0;0
MCFTR;D;20041007;000000;707.55;707.55;707.55;707.55;0;0
MCFTR;D;20041008;000000;707.14;707.14;707.14;707.14;0;0
MCFTR;D;20041011;000000;665.31;665.31;665.31;665.31;0;0
MCFTR;D;20041012;000000;637.86;637.86;637.86;637.86;0;0
MCFTR;D;20041013;000000;634.54;634.54;634.54;634.54;0;0
MCFTR;D;20041014;000000;636.11;636.11;636.11;636.11;0;0
MCFTR;D;20041015;000000;629.29;629.29;629.29;629.29;0;0
MCFTR;D;20041018;000000;638.71;638.71;638.71;638.71;0;0
MCFTR;D;20041019;000000;634.86;634.86;634.86;634.86;0;0
MCFTR;D;20041020;000000;605.4;605.4;605.4;605.4;0;0
MCFTR;D;20041021;000000;611.28;611.28;611.28;611.28;0;0
MCFTR;D;20041022;000000;623.12;623.12;623.12;623.12;0;0
MCFTR;D;20041025;000000;615.9;615.9;615.9;615.9;0;0
MCFTR;D;20041026;000000;627.86;627.86;627.86;627.86;0;0
MCFTR;D;20041027;000000;638.29;638.29;638.29;638.29;0;0
MCFTR;D;20041028;000000;624.92;624.92;624.92;624.92;0;0
MCFTR;D;20041029;000000;632.97;632.97;632.97;632.97;0;0
MCFTR;D;20041101;000000;622.67;622.67;622.67;622.67;0;0
MCFTR;D;20041102;000000;620.96;620.96;620.96;620.96;0;0
MCFTR;D;20041103;000000;620.48;620.48;620.48;620.48;0;0
MCFTR;D;20041104;000000;632.97;632.97;632.97;632.97;0;0
MCFTR;D;20041105;000000;636.02;636.02;636.02;636.02;0;0
MCFTR;D;20041109;000000;637.72;637.72;637.72;637.72;0;0
MCFTR;D;20041110;000000;627.76;627.76;627.76;627.76;0;0
MCFTR;D;20041111;000000;624.88;624.88;624.88;624.88;0;0
MCFTR;D;20041112;000000;626.8;626.8;626.8;626.8;0;0
MCFTR;D;20041115;000000;628.12;628.12;628.12;628.12;0;0
MCFTR;D;20041116;000000;632.06;632.06;632.06;632.06;0;0
MCFTR;D;20041117;000000;640.56;640.56;640.56;640.56;0;0
MCFTR;D;20041118;000000;642.04;642.04;642.04;642.04;0;0
MCFTR;D;20041119;000000;610.38;610.38;610.38;610.38;0;0
MCFTR;D;20041122;000000;614.46;614.46;614.46;614.46;0;0
MCFTR;D;20041123;000000;600.1;600.1;600.1;600.1;0;0
MCFTR;D;20041124;000000;586.7;586.7;586.7;586.7;0;0
MCFTR;D;20041125;000000;578.01;578.01;578.01;578.01;0;0
MCFTR;D;20041126;000000;575.91;575.91;575.91;575.91;0;0
MCFTR;D;20041129;000000;574.67;574.67;574.67;574.67;0;0
MCFTR;D;20041130;000000;570.76;570.76;570.76;570.76;0;0
MCFTR;D;20041201;000000;550.96;550.96;550.96;550.96;0;0
MCFTR;D;20041202;000000;551.63;551.63;551.63;551.63;0;0
MCFTR;D;20041203;000000;537.4;537.4;537.4;537.4;0;0
MCFTR;D;20041206;000000;538.5;538.5;538.5;538.5;0;0
MCFTR;D;20041207;000000;553.8;553.8;553.8;553.8;0;0
MCFTR;D;20041208;000000;520.39;520.39;520.39;520.39;0;0
MCFTR;D;20041209;000000;498;498;498;498;0;0
MCFTR;D;20041210;000000;495.24;495.24;495.24;495.24;0;0
MCFTR;D;20041214;000000;518.64;518.64;518.64;518.64;0;0
MCFTR;D;20041215;000000;519.02;519.02;519.02;519.02;0;0
MCFTR;D;20041216;000000;514.87;514.87;514.87;514.87;0;0
MCFTR;D;20041217;000000;496.59;496.59;496.59;496.59;0;0
MCFTR;D;20041220;000000;512.25;512.25;512.25;512.25;0;0
MCFTR;D;20041221;000000;534.9;534.9;534.9;534.9;0;0
MCFTR;D;20041222;000000;531.36;531.36;531.36;531.36;0;0
MCFTR;D;20041223;000000;544.82;544.82;544.82;544.82;0;0
MCFTR;D;20041224;000000;547.12;547.12;547.12;547.12;0;0
MCFTR;D;20041227;000000;555.78;555.78;555.78;555.78;0;0
MCFTR;D;20041228;000000;548.15;548.15;548.15;548.15;0;0
MCFTR;D;20041229;000000;546.55;546.55;546.55;546.55;0;0
MCFTR;D;20041230;000000;552.22;552.22;552.22;552.22;0;0
MCFTR;D;20041231;000000;552.22;552.22;552.22;552.22;0;0
MCFTR;D;20050111;000000;547.85;547.85;547.85;547.85;0;0
MCFTR;D;20050112;000000;545.31;545.31;545.31;545.31;0;0
MCFTR;D;20050113;000000;543.9;543.9;543.9;543.9;0;0
MCFTR;D;20050114;000000;548.69;548.69;548.69;548.69;0;0
MCFTR;D;20050117;000000;544.04;544.04;544.04;544.04;0;0
MCFTR;D;20050118;000000;535.94;535.94;535.94;535.94;0;0
MCFTR;D;20050119;000000;543.52;543.52;543.52;543.52;0;0
MCFTR;D;20050120;000000;534.6;534.6;534.6;534.6;0;0
MCFTR;D;20050121;000000;537.72;537.72;537.72;537.72;0;0
MCFTR;D;20050124;000000;548.23;548.23;548.23;548.23;0;0
MCFTR;D;20050125;000000;553.96;553.96;553.96;553.96;0;0
MCFTR;D;20050126;000000;552.68;552.68;552.68;552.68;0;0
MCFTR;D;20050127;000000;557.13;557.13;557.13;557.13;0;0
MCFTR;D;20050128;000000;571.65;571.65;571.65;571.65;0;0
MCFTR;D;20050131;000000;575.74;575.74;575.74;575.74;0;0
MCFTR;D;20050201;000000;583.33;583.33;583.33;583.33;0;0
MCFTR;D;20050202;000000;587.98;587.98;587.98;587.98;0;0
MCFTR;D;20050203;000000;593.25;593.25;593.25;593.25;0;0
MCFTR;D;20050204;000000;592.79;592.79;592.79;592.79;0;0
MCFTR;D;20050207;000000;588.16;588.16;588.16;588.16;0;0
MCFTR;D;20050208;000000;596.45;596.45;596.45;596.45;0;0
MCFTR;D;20050209;000000;590.03;590.03;590.03;590.03;0;0
MCFTR;D;20050210;000000;590.81;590.81;590.81;590.81;0;0
MCFTR;D;20050211;000000;585.5;585.5;585.5;585.5;0;0
MCFTR;D;20050214;000000;585.65;585.65;585.65;585.65;0;0
MCFTR;D;20050215;000000;591.73;591.73;591.73;591.73;0;0
MCFTR;D;20050216;000000;593.87;593.87;593.87;593.87;0;0
MCFTR;D;20050217;000000;598.11;598.11;598.11;598.11;0;0
MCFTR;D;20050218;000000;600.67;600.67;600.67;600.67;0;0
MCFTR;D;20050221;000000;605.26;605.26;605.26;605.26;0;0
MCFTR;D;20050222;000000;603.62;603.62;603.62;603.62;0;0
MCFTR;D;20050224;000000;619.55;619.55;619.55;619.55;0;0
MCFTR;D;20050225;000000;625.33;625.33;625.33;625.33;0;0
MCFTR;D;20050228;000000;635.38;635.38;635.38;635.38;0;0
MCFTR;D;20050301;000000;622.73;622.73;622.73;622.73;0;0
MCFTR;D;20050302;000000;608.57;608.57;608.57;608.57;0;0
MCFTR;D;20050303;000000;608.94;608.94;608.94;608.94;0;0
MCFTR;D;20050304;000000;622.31;622.31;622.31;622.31;0;0
MCFTR;D;20050305;000000;625.87;625.87;625.87;625.87;0;0
MCFTR;D;20050309;000000;623.74;623.74;623.74;623.74;0;0
MCFTR;D;20050310;000000;606.21;606.21;606.21;606.21;0;0
MCFTR;D;20050311;000000;608.45;608.45;608.45;608.45;0;0
MCFTR;D;20050314;000000;597.89;597.89;597.89;597.89;0;0
MCFTR;D;20050315;000000;595.16;595.16;595.16;595.16;0;0
MCFTR;D;20050316;000000;573.85;573.85;573.85;573.85;0;0
MCFTR;D;20050317;000000;584.31;584.31;584.31;584.31;0;0
MCFTR;D;20050318;000000;582.43;582.43;582.43;582.43;0;0
MCFTR;D;20050321;000000;572.03;572.03;572.03;572.03;0;0
MCFTR;D;20050322;000000;584.09;584.09;584.09;584.09;0;0
MCFTR;D;20050323;000000;573.76;573.76;573.76;573.76;0;0
MCFTR;D;20050324;000000;596.94;596.94;596.94;596.94;0;0
MCFTR;D;20050325;000000;602.4;602.4;602.4;602.4;0;0
MCFTR;D;20050328;000000;601.69;601.69;601.69;601.69;0;0
MCFTR;D;20050329;000000;596.89;596.89;596.89;596.89;0;0
MCFTR;D;20050330;000000;591.14;591.14;591.14;591.14;0;0
MCFTR;D;20050331;000000;598.04;598.04;598.04;598.04;0;0
MCFTR;D;20050401;000000;611.86;611.86;611.86;611.86;0;0
MCFTR;D;20050404;000000;605.32;605.32;605.32;605.32;0;0
MCFTR;D;20050405;000000;611.78;611.78;611.78;611.78;0;0
MCFTR;D;20050406;000000;626.45;626.45;626.45;626.45;0;0
MCFTR;D;20050407;000000;627.97;627.97;627.97;627.97;0;0
MCFTR;D;20050408;000000;631.13;631.13;631.13;631.13;0;0
MCFTR;D;20050411;000000;616.29;616.29;616.29;616.29;0;0
MCFTR;D;20050412;000000;615.94;615.94;615.94;615.94;0;0
MCFTR;D;20050413;000000;617.02;617.02;617.02;617.02;0;0
MCFTR;D;20050414;000000;608.31;608.31;608.31;608.31;0;0
MCFTR;D;20050415;000000;602.71;602.71;602.71;602.71;0;0
MCFTR;D;20050418;000000;591.12;591.12;591.12;591.12;0;0
MCFTR;D;20050419;000000;596.36;596.36;596.36;596.36;0;0
MCFTR;D;20050420;000000;594.91;594.91;594.91;594.91;0;0
MCFTR;D;20050421;000000;603.79;603.79;603.79;603.79;0;0
MCFTR;D;20050422;000000;609.78;609.78;609.78;609.78;0;0
MCFTR;D;20050425;000000;611.5;611.5;611.5;611.5;0;0
MCFTR;D;20050426;000000;605.85;605.85;605.85;605.85;0;0
MCFTR;D;20050427;000000;594.89;594.89;594.89;594.89;0;0
MCFTR;D;20050428;000000;595.68;595.68;595.68;595.68;0;0
MCFTR;D;20050429;000000;593.88;593.88;593.88;593.88;0;0
MCFTR;D;20050503;000000;597.45;597.45;597.45;597.45;0;0
MCFTR;D;20050504;000000;598.14;598.14;598.14;598.14;0;0
MCFTR;D;20050505;000000;599.49;599.49;599.49;599.49;0;0
MCFTR;D;20050506;000000;597.21;597.21;597.21;597.21;0;0
MCFTR;D;20050511;000000;589.25;589.25;589.25;589.25;0;0
MCFTR;D;20050512;000000;581.56;581.56;581.56;581.56;0;0
MCFTR;D;20050513;000000;580.04;580.04;580.04;580.04;0;0
MCFTR;D;20050514;000000;578.76;578.76;578.76;578.76;0;0
MCFTR;D;20050516;000000;564.43;564.43;564.43;564.43;0;0
MCFTR;D;20050517;000000;587;587;587;587;0;0
MCFTR;D;20050518;000000;587.35;587.35;587.35;587.35;0;0
MCFTR;D;20050519;000000;586.8;586.8;586.8;586.8;0;0
MCFTR;D;20050520;000000;585.68;585.68;585.68;585.68;0;0
MCFTR;D;20050523;000000;587.07;587.07;587.07;587.07;0;0
MCFTR;D;20050524;000000;605.32;605.32;605.32;605.32;0;0
MCFTR;D;20050525;000000;595.75;595.75;595.75;595.75;0;0
MCFTR;D;20050526;000000;597.09;597.09;597.09;597.09;0;0
MCFTR;D;20050527;000000;597.33;597.33;597.33;597.33;0;0
MCFTR;D;20050530;000000;596.15;596.15;596.15;596.15;0;0
MCFTR;D;20050531;000000;603.89;603.89;603.89;603.89;0;0
MCFTR;D;20050601;000000;601.29;601.29;601.29;601.29;0;0
MCFTR;D;20050602;000000;606.95;606.95;606.95;606.95;0;0
MCFTR;D;20050603;000000;609.09;609.09;609.09;609.09;0;0
MCFTR;D;20050606;000000;606.33;606.33;606.33;606.33;0;0
MCFTR;D;20050607;000000;606.78;606.78;606.78;606.78;0;0
MCFTR;D;20050608;000000;606.89;606.89;606.89;606.89;0;0
MCFTR;D;20050609;000000;605.43;605.43;605.43;605.43;0;0
MCFTR;D;20050610;000000;611.19;611.19;611.19;611.19;0;0
MCFTR;D;20050614;000000;619.97;619.97;619.97;619.97;0;0
MCFTR;D;20050615;000000;616.69;616.69;616.69;616.69;0;0
MCFTR;D;20050616;000000;618.93;618.93;618.93;618.93;0;0
MCFTR;D;20050617;000000;624.07;624.07;624.07;624.07;0;0
MCFTR;D;20050620;000000;624.66;624.66;624.66;624.66;0;0
MCFTR;D;20050621;000000;621.02;621.02;621.02;621.02;0;0
MCFTR;D;20050622;000000;628.26;628.26;628.26;628.26;0;0
MCFTR;D;20050623;000000;632.39;632.39;632.39;632.39;0;0
MCFTR;D;20050624;000000;632.9;632.9;632.9;632.9;0;0
MCFTR;D;20050627;000000;628.38;628.38;628.38;628.38;0;0
MCFTR;D;20050628;000000;629.27;629.27;629.27;629.27;0;0
MCFTR;D;20050629;000000;630.27;630.27;630.27;630.27;0;0
MCFTR;D;20050630;000000;641.06;641.06;641.06;641.06;0;0
MCFTR;D;20050701;000000;650.17;650.17;650.17;650.17;0;0
MCFTR;D;20050704;000000;654.36;654.36;654.36;654.36;0;0
MCFTR;D;20050705;000000;653.63;653.63;653.63;653.63;0;0
MCFTR;D;20050706;000000;672.72;672.72;672.72;672.72;0;0
MCFTR;D;20050707;000000;672.86;672.86;672.86;672.86;0;0
MCFTR;D;20050708;000000;682.99;682.99;682.99;682.99;0;0
MCFTR;D;20050711;000000;684.57;684.57;684.57;684.57;0;0
MCFTR;D;20050712;000000;680.01;680.01;680.01;680.01;0;0
MCFTR;D;20050713;000000;687.59;687.59;687.59;687.59;0;0
MCFTR;D;20050714;000000;684.04;684.04;684.04;684.04;0;0
MCFTR;D;20050715;000000;677.53;677.53;677.53;677.53;0;0
MCFTR;D;20050718;000000;671.57;671.57;671.57;671.57;0;0
MCFTR;D;20050719;000000;680.8;680.8;680.8;680.8;0;0
MCFTR;D;20050720;000000;688.55;688.55;688.55;688.55;0;0
MCFTR;D;20050721;000000;685.97;685.97;685.97;685.97;0;0
MCFTR;D;20050722;000000;696.51;696.51;696.51;696.51;0;0
MCFTR;D;20050725;000000;703.64;703.64;703.64;703.64;0;0
MCFTR;D;20050726;000000;693.18;693.18;693.18;693.18;0;0
MCFTR;D;20050727;000000;698.45;698.45;698.45;698.45;0;0
MCFTR;D;20050728;000000;703.28;703.28;703.28;703.28;0;0
MCFTR;D;20050729;000000;701.84;701.84;701.84;701.84;0;0
MCFTR;D;20050801;000000;703.53;703.53;703.53;703.53;0;0
MCFTR;D;20050802;000000;715.35;715.35;715.35;715.35;0;0
MCFTR;D;20050803;000000;703.19;703.19;703.19;703.19;0;0
MCFTR;D;20050804;000000;717.71;717.71;717.71;717.71;0;0
MCFTR;D;20050805;000000;720.86;720.86;720.86;720.86;0;0
MCFTR;D;20050808;000000;724;724;724;724;0;0
MCFTR;D;20050809;000000;725.99;725.99;725.99;725.99;0;0
MCFTR;D;20050810;000000;726.49;726.49;726.49;726.49;0;0
MCFTR;D;20050811;000000;714.91;714.91;714.91;714.91;0;0
MCFTR;D;20050812;000000;710.45;710.45;710.45;710.45;0;0
MCFTR;D;20050815;000000;719.86;719.86;719.86;719.86;0;0
MCFTR;D;20050816;000000;743.77;743.77;743.77;743.77;0;0
MCFTR;D;20050817;000000;752.27;752.27;752.27;752.27;0;0
MCFTR;D;20050818;000000;749.66;749.66;749.66;749.66;0;0
MCFTR;D;20050819;000000;762.01;762.01;762.01;762.01;0;0
MCFTR;D;20050822;000000;766.61;766.61;766.61;766.61;0;0
MCFTR;D;20050823;000000;766.89;766.89;766.89;766.89;0;0
MCFTR;D;20050824;000000;768.01;768.01;768.01;768.01;0;0
MCFTR;D;20050825;000000;771.97;771.97;771.97;771.97;0;0
MCFTR;D;20050826;000000;774.63;774.63;774.63;774.63;0;0
MCFTR;D;20050829;000000;779.23;779.23;779.23;779.23;0;0
MCFTR;D;20050830;000000;784.73;784.73;784.73;784.73;0;0
MCFTR;D;20050831;000000;790.68;790.68;790.68;790.68;0;0
MCFTR;D;20050901;000000;797.43;797.43;797.43;797.43;0;0
MCFTR;D;20050902;000000;810.23;810.23;810.23;810.23;0;0
MCFTR;D;20050905;000000;803.97;803.97;803.97;803.97;0;0
MCFTR;D;20050906;000000;778.44;778.44;778.44;778.44;0;0
MCFTR;D;20050907;000000;764.2;764.2;764.2;764.2;0;0
MCFTR;D;20050908;000000;779.93;779.93;779.93;779.93;0;0
MCFTR;D;20050909;000000;801.41;801.41;801.41;801.41;0;0
MCFTR;D;20050912;000000;798.71;798.71;798.71;798.71;0;0
MCFTR;D;20050913;000000;792.68;792.68;792.68;792.68;0;0
MCFTR;D;20050914;000000;796.45;796.45;796.45;796.45;0;0
MCFTR;D;20050915;000000;807.99;807.99;807.99;807.99;0;0
MCFTR;D;20050916;000000;817.89;817.89;817.89;817.89;0;0
MCFTR;D;20050919;000000;840.87;840.87;840.87;840.87;0;0
MCFTR;D;20050920;000000;843.35;843.35;843.35;843.35;0;0
MCFTR;D;20050921;000000;865.86;865.86;865.86;865.86;0;0
MCFTR;D;20050922;000000;867.09;867.09;867.09;867.09;0;0
MCFTR;D;20050923;000000;871.62;871.62;871.62;871.62;0;0
MCFTR;D;20050926;000000;860.75;860.75;860.75;860.75;0;0
MCFTR;D;20050927;000000;898.99;898.99;898.99;898.99;0;0
MCFTR;D;20050928;000000;894;894;894;894;0;0
MCFTR;D;20050929;000000;886.37;886.37;886.37;886.37;0;0
MCFTR;D;20050930;000000;899.79;899.79;899.79;899.79;0;0
MCFTR;D;20051003;000000;940.49;940.49;940.49;940.49;0;0
MCFTR;D;20051004;000000;947.11;947.11;947.11;947.11;0;0
MCFTR;D;20051005;000000;906.33;906.33;906.33;906.33;0;0
MCFTR;D;20051006;000000;853.4;853.4;853.4;853.4;0;0
MCFTR;D;20051007;000000;850.38;850.38;850.38;850.38;0;0
MCFTR;D;20051010;000000;879.03;879.03;879.03;879.03;0;0
MCFTR;D;20051011;000000;908.91;908.91;908.91;908.91;0;0
MCFTR;D;20051012;000000;866.72;866.72;866.72;866.72;0;0
MCFTR;D;20051013;000000;848.32;848.32;848.32;848.32;0;0
MCFTR;D;20051014;000000;815.91;815.91;815.91;815.91;0;0
MCFTR;D;20051017;000000;826.56;826.56;826.56;826.56;0;0
MCFTR;D;20051018;000000;828.33;828.33;828.33;828.33;0;0
MCFTR;D;20051019;000000;792.98;792.98;792.98;792.98;0;0
MCFTR;D;20051020;000000;797.66;797.66;797.66;797.66;0;0
MCFTR;D;20051021;000000;804.46;804.46;804.46;804.46;0;0
MCFTR;D;20051024;000000;827.64;827.64;827.64;827.64;0;0
MCFTR;D;20051025;000000;818.73;818.73;818.73;818.73;0;0
MCFTR;D;20051026;000000;826.56;826.56;826.56;826.56;0;0
MCFTR;D;20051027;000000;806.84;806.84;806.84;806.84;0;0
MCFTR;D;20051028;000000;825.32;825.32;825.32;825.32;0;0
MCFTR;D;20051031;000000;849.4;849.4;849.4;849.4;0;0
MCFTR;D;20051101;000000;851.32;851.32;851.32;851.32;0;0
MCFTR;D;20051102;000000;880.47;880.47;880.47;880.47;0;0
MCFTR;D;20051103;000000;887.31;887.31;887.31;887.31;0;0
MCFTR;D;20051107;000000;887.64;887.64;887.64;887.64;0;0
MCFTR;D;20051108;000000;887.33;887.33;887.33;887.33;0;0
MCFTR;D;20051109;000000;892.07;892.07;892.07;892.07;0;0
MCFTR;D;20051110;000000;881.67;881.67;881.67;881.67;0;0
MCFTR;D;20051111;000000;887.5;887.5;887.5;887.5;0;0
MCFTR;D;20051114;000000;911.32;911.32;911.32;911.32;0;0
MCFTR;D;20051115;000000;912.25;912.25;912.25;912.25;0;0
MCFTR;D;20051116;000000;913.26;913.26;913.26;913.26;0;0
MCFTR;D;20051117;000000;937.58;937.58;937.58;937.58;0;0
MCFTR;D;20051118;000000;935.72;935.72;935.72;935.72;0;0
MCFTR;D;20051121;000000;937.71;937.71;937.71;937.71;0;0
MCFTR;D;20051122;000000;931.38;931.38;931.38;931.38;0;0
MCFTR;D;20051123;000000;928.03;928.03;928.03;928.03;0;0
MCFTR;D;20051124;000000;939.08;939.08;939.08;939.08;0;0
MCFTR;D;20051125;000000;948.31;948.31;948.31;948.31;0;0
MCFTR;D;20051128;000000;947.96;947.96;947.96;947.96;0;0
MCFTR;D;20051129;000000;945.3;945.3;945.3;945.3;0;0
MCFTR;D;20051130;000000;952.26;952.26;952.26;952.26;0;0
MCFTR;D;20051201;000000;978.26;978.26;978.26;978.26;0;0
MCFTR;D;20051202;000000;994.87;994.87;994.87;994.87;0;0
MCFTR;D;20051205;000000;994.69;994.69;994.69;994.69;0;0
MCFTR;D;20051206;000000;992.21;992.21;992.21;992.21;0;0
MCFTR;D;20051207;000000;1000.69;1000.69;1000.69;1000.69;0;0
MCFTR;D;20051208;000000;1002.72;1002.72;1002.72;1002.72;0;0
MCFTR;D;20051209;000000;1003.92;1003.92;1003.92;1003.92;0;0
MCFTR;D;20051212;000000;1012.2;1012.2;1012.2;1012.2;0;0
MCFTR;D;20051213;000000;1007.89;1007.89;1007.89;1007.89;0;0
MCFTR;D;20051214;000000;1006.05;1006.05;1006.05;1006.05;0;0
MCFTR;D;20051215;000000;1002.37;1002.37;1002.37;1002.37;0;0
MCFTR;D;20051216;000000;1005.92;1005.92;1005.92;1005.92;0;0
MCFTR;D;20051219;000000;1010.25;1010.25;1010.25;1010.25;0;0
MCFTR;D;20051220;000000;1005.55;1005.55;1005.55;1005.55;0;0
MCFTR;D;20051221;000000;1011.61;1011.61;1011.61;1011.61;0;0
MCFTR;D;20051222;000000;1030.3;1030.3;1030.3;1030.3;0;0
MCFTR;D;20051223;000000;1025.91;1025.91;1025.91;1025.91;0;0
MCFTR;D;20051226;000000;1028.34;1028.34;1028.34;1028.34;0;0
MCFTR;D;20051227;000000;1023.3;1023.3;1023.3;1023.3;0;0
MCFTR;D;20051228;000000;1014.42;1014.42;1014.42;1014.42;0;0
MCFTR;D;20051229;000000;1020.01;1020.01;1020.01;1020.01;0;0
MCFTR;D;20051230;000000;1020.91;1020.91;1020.91;1020.91;0;0
MCFTR;D;20060110;000000;1079.14;1079.14;1079.14;1079.14;0;0
MCFTR;D;20060111;000000;1102.57;1102.57;1102.57;1102.57;0;0
MCFTR;D;20060112;000000;1144.84;1144.84;1144.84;1144.84;0;0
MCFTR;D;20060113;000000;1129.1;1129.1;1129.1;1129.1;0;0
MCFTR;D;20060116;000000;1165.72;1165.72;1165.72;1165.72;0;0
MCFTR;D;20060117;000000;1139.82;1139.82;1139.82;1139.82;0;0
MCFTR;D;20060118;000000;1118.46;1118.46;1118.46;1118.46;0;0
MCFTR;D;20060119;000000;1163.14;1163.14;1163.14;1163.14;0;0
MCFTR;D;20060120;000000;1184.66;1184.66;1184.66;1184.66;0;0
MCFTR;D;20060123;000000;1159.39;1159.39;1159.39;1159.39;0;0
MCFTR;D;20060124;000000;1178.95;1178.95;1178.95;1178.95;0;0
MCFTR;D;20060125;000000;1194.87;1194.87;1194.87;1194.87;0;0
MCFTR;D;20060126;000000;1202.98;1202.98;1202.98;1202.98;0;0
MCFTR;D;20060127;000000;1243.45;1243.45;1243.45;1243.45;0;0
MCFTR;D;20060130;000000;1202.24;1202.24;1202.24;1202.24;0;0
MCFTR;D;20060131;000000;1187.1;1187.1;1187.1;1187.1;0;0
MCFTR;D;20060201;000000;1217.38;1217.38;1217.38;1217.38;0;0
MCFTR;D;20060202;000000;1211.11;1211.11;1211.11;1211.11;0;0
MCFTR;D;20060203;000000;1179.31;1179.31;1179.31;1179.31;0;0
MCFTR;D;20060206;000000;1210.19;1210.19;1210.19;1210.19;0;0
MCFTR;D;20060207;000000;1201.93;1201.93;1201.93;1201.93;0;0
MCFTR;D;20060208;000000;1221.16;1221.16;1221.16;1221.16;0;0
MCFTR;D;20060209;000000;1254.14;1254.14;1254.14;1254.14;0;0
MCFTR;D;20060210;000000;1245.8;1245.8;1245.8;1245.8;0;0
MCFTR;D;20060213;000000;1254.73;1254.73;1254.73;1254.73;0;0
MCFTR;D;20060214;000000;1259.6;1259.6;1259.6;1259.6;0;0
MCFTR;D;20060215;000000;1254.1;1254.1;1254.1;1254.1;0;0
MCFTR;D;20060216;000000;1271.83;1271.83;1271.83;1271.83;0;0
MCFTR;D;20060217;000000;1318.43;1318.43;1318.43;1318.43;0;0
MCFTR;D;20060220;000000;1355.15;1355.15;1355.15;1355.15;0;0
MCFTR;D;20060221;000000;1335.6;1335.6;1335.6;1335.6;0;0
MCFTR;D;20060222;000000;1366.7;1366.7;1366.7;1366.7;0;0
MCFTR;D;20060226;000000;1417.78;1417.78;1417.78;1417.78;0;0
MCFTR;D;20060227;000000;1407.32;1407.32;1407.32;1407.32;0;0
MCFTR;D;20060228;000000;1338.48;1338.48;1338.48;1338.48;0;0
MCFTR;D;20060301;000000;1357;1357;1357;1357;0;0
MCFTR;D;20060302;000000;1366;1366;1366;1366;0;0
MCFTR;D;20060303;000000;1369.7;1369.7;1369.7;1369.7;0;0
MCFTR;D;20060306;000000;1357.37;1357.37;1357.37;1357.37;0;0
MCFTR;D;20060307;000000;1281.24;1281.24;1281.24;1281.24;0;0
MCFTR;D;20060309;000000;1255.56;1255.56;1255.56;1255.56;0;0
MCFTR;D;20060310;000000;1251.63;1251.63;1251.63;1251.63;0;0
MCFTR;D;20060313;000000;1294.88;1294.88;1294.88;1294.88;0;0
MCFTR;D;20060314;000000;1259.46;1259.46;1259.46;1259.46;0;0
MCFTR;D;20060315;000000;1274.83;1274.83;1274.83;1274.83;0;0
MCFTR;D;20060316;000000;1272.86;1272.86;1272.86;1272.86;0;0
MCFTR;D;20060317;000000;1308.03;1308.03;1308.03;1308.03;0;0
MCFTR;D;20060320;000000;1291.51;1291.51;1291.51;1291.51;0;0
MCFTR;D;20060321;000000;1282.12;1282.12;1282.12;1282.12;0;0
MCFTR;D;20060322;000000;1300.33;1300.33;1300.33;1300.33;0;0
MCFTR;D;20060323;000000;1309.44;1309.44;1309.44;1309.44;0;0
MCFTR;D;20060324;000000;1311.58;1311.58;1311.58;1311.58;0;0
MCFTR;D;20060327;000000;1311.65;1311.65;1311.65;1311.65;0;0
MCFTR;D;20060328;000000;1292.54;1292.54;1292.54;1292.54;0;0
MCFTR;D;20060329;000000;1270.97;1270.97;1270.97;1270.97;0;0
MCFTR;D;20060330;000000;1315.81;1315.81;1315.81;1315.81;0;0
MCFTR;D;20060331;000000;1319.07;1319.07;1319.07;1319.07;0;0
MCFTR;D;20060403;000000;1337.08;1337.08;1337.08;1337.08;0;0
MCFTR;D;20060404;000000;1328.38;1328.38;1328.38;1328.38;0;0
MCFTR;D;20060405;000000;1356.48;1356.48;1356.48;1356.48;0;0
MCFTR;D;20060406;000000;1365.36;1365.36;1365.36;1365.36;0;0
MCFTR;D;20060407;000000;1395.16;1395.16;1395.16;1395.16;0;0
MCFTR;D;20060410;000000;1430.28;1430.28;1430.28;1430.28;0;0
MCFTR;D;20060411;000000;1416.37;1416.37;1416.37;1416.37;0;0
MCFTR;D;20060412;000000;1441.11;1441.11;1441.11;1441.11;0;0
MCFTR;D;20060413;000000;1416.92;1416.92;1416.92;1416.92;0;0
MCFTR;D;20060414;000000;1434.86;1434.86;1434.86;1434.86;0;0
MCFTR;D;20060417;000000;1451.45;1451.45;1451.45;1451.45;0;0
MCFTR;D;20060418;000000;1463.57;1463.57;1463.57;1463.57;0;0
MCFTR;D;20060419;000000;1479.87;1479.87;1479.87;1479.87;0;0
MCFTR;D;20060420;000000;1471.36;1471.36;1471.36;1471.36;0;0
MCFTR;D;20060421;000000;1480.84;1480.84;1480.84;1480.84;0;0
MCFTR;D;20060424;000000;1493.22;1493.22;1493.22;1493.22;0;0
MCFTR;D;20060425;000000;1476.89;1476.89;1476.89;1476.89;0;0
MCFTR;D;20060426;000000;1523.61;1523.61;1523.61;1523.61;0;0
MCFTR;D;20060427;000000;1473.26;1473.26;1473.26;1473.26;0;0
MCFTR;D;20060428;000000;1509.6;1509.6;1509.6;1509.6;0;0
MCFTR;D;20060502;000000;1561.94;1561.94;1561.94;1561.94;0;0
MCFTR;D;20060503;000000;1554.52;1554.52;1554.52;1554.52;0;0
MCFTR;D;20060504;000000;1584.62;1584.62;1584.62;1584.62;0;0
MCFTR;D;20060505;000000;1585.92;1585.92;1585.92;1585.92;0;0
MCFTR;D;20060506;000000;1609.29;1609.29;1609.29;1609.29;0;0
MCFTR;D;20060510;000000;1567.37;1567.37;1567.37;1567.37;0;0
MCFTR;D;20060511;000000;1557.99;1557.99;1557.99;1557.99;0;0
MCFTR;D;20060512;000000;1506.32;1506.32;1506.32;1506.32;0;0
MCFTR;D;20060515;000000;1419.59;1419.59;1419.59;1419.59;0;0
MCFTR;D;20060516;000000;1425.43;1425.43;1425.43;1425.43;0;0
MCFTR;D;20060517;000000;1364.42;1364.42;1364.42;1364.42;0;0
MCFTR;D;20060518;000000;1328.5;1328.5;1328.5;1328.5;0;0
MCFTR;D;20060519;000000;1285.24;1285.24;1285.24;1285.24;0;0
MCFTR;D;20060522;000000;1161.26;1161.26;1161.26;1161.26;0;0
MCFTR;D;20060523;000000;1285.26;1285.26;1285.26;1285.26;0;0
MCFTR;D;20060524;000000;1234.83;1234.83;1234.83;1234.83;0;0
MCFTR;D;20060525;000000;1293.87;1293.87;1293.87;1293.87;0;0
MCFTR;D;20060526;000000;1362.52;1362.52;1362.52;1362.52;0;0
MCFTR;D;20060529;000000;1333.95;1333.95;1333.95;1333.95;0;0
MCFTR;D;20060530;000000;1323.47;1323.47;1323.47;1323.47;0;0
MCFTR;D;20060531;000000;1301.1;1301.1;1301.1;1301.1;0;0
MCFTR;D;20060601;000000;1318.71;1318.71;1318.71;1318.71;0;0
MCFTR;D;20060602;000000;1384.35;1384.35;1384.35;1384.35;0;0
MCFTR;D;20060605;000000;1385.2;1385.2;1385.2;1385.2;0;0
MCFTR;D;20060606;000000;1297.02;1297.02;1297.02;1297.02;0;0
MCFTR;D;20060607;000000;1295.33;1295.33;1295.33;1295.33;0;0
MCFTR;D;20060608;000000;1195.62;1195.62;1195.62;1195.62;0;0
MCFTR;D;20060609;000000;1214.52;1214.52;1214.52;1214.52;0;0
MCFTR;D;20060613;000000;1103.02;1103.02;1103.02;1103.02;0;0
MCFTR;D;20060614;000000;1171.39;1171.39;1171.39;1171.39;0;0
MCFTR;D;20060615;000000;1226.34;1226.34;1226.34;1226.34;0;0
MCFTR;D;20060616;000000;1203.2;1203.2;1203.2;1203.2;0;0
MCFTR;D;20060619;000000;1222.46;1222.46;1222.46;1222.46;0;0
MCFTR;D;20060620;000000;1258.89;1258.89;1258.89;1258.89;0;0
MCFTR;D;20060621;000000;1251.51;1251.51;1251.51;1251.51;0;0
MCFTR;D;20060622;000000;1215.91;1215.91;1215.91;1215.91;0;0
MCFTR;D;20060623;000000;1221.02;1221.02;1221.02;1221.02;0;0
MCFTR;D;20060626;000000;1225.97;1225.97;1225.97;1225.97;0;0
MCFTR;D;20060627;000000;1271.69;1271.69;1271.69;1271.69;0;0
MCFTR;D;20060628;000000;1294.57;1294.57;1294.57;1294.57;0;0
MCFTR;D;20060629;000000;1316.99;1316.99;1316.99;1316.99;0;0
MCFTR;D;20060630;000000;1356.94;1356.94;1356.94;1356.94;0;0
MCFTR;D;20060703;000000;1380.33;1380.33;1380.33;1380.33;0;0
MCFTR;D;20060704;000000;1400.58;1400.58;1400.58;1400.58;0;0
MCFTR;D;20060705;000000;1337.98;1337.98;1337.98;1337.98;0;0
MCFTR;D;20060706;000000;1393.43;1393.43;1393.43;1393.43;0;0
MCFTR;D;20060707;000000;1393.62;1393.62;1393.62;1393.62;0;0
MCFTR;D;20060710;000000;1411.06;1411.06;1411.06;1411.06;0;0
MCFTR;D;20060711;000000;1394.89;1394.89;1394.89;1394.89;0;0
MCFTR;D;20060712;000000;1402.71;1402.71;1402.71;1402.71;0;0
MCFTR;D;20060713;000000;1332.86;1332.86;1332.86;1332.86;0;0
MCFTR;D;20060714;000000;1338.29;1338.29;1338.29;1338.29;0;0
MCFTR;D;20060717;000000;1301.71;1301.71;1301.71;1301.71;0;0
MCFTR;D;20060718;000000;1321.25;1321.25;1321.25;1321.25;0;0
MCFTR;D;20060719;000000;1357.68;1357.68;1357.68;1357.68;0;0
MCFTR;D;20060720;000000;1354.11;1354.11;1354.11;1354.11;0;0
MCFTR;D;20060721;000000;1340.66;1340.66;1340.66;1340.66;0;0
MCFTR;D;20060724;000000;1363.38;1363.38;1363.38;1363.38;0;0
MCFTR;D;20060725;000000;1357.93;1357.93;1357.93;1357.93;0;0
MCFTR;D;20060726;000000;1370.24;1370.24;1370.24;1370.24;0;0
MCFTR;D;20060727;000000;1419.35;1419.35;1419.35;1419.35;0;0
MCFTR;D;20060728;000000;1414.99;1414.99;1414.99;1414.99;0;0
MCFTR;D;20060731;000000;1406.77;1406.77;1406.77;1406.77;0;0
MCFTR;D;20060801;000000;1396.2;1396.2;1396.2;1396.2;0;0
MCFTR;D;20060802;000000;1426.16;1426.16;1426.16;1426.16;0;0
MCFTR;D;20060803;000000;1435.26;1435.26;1435.26;1435.26;0;0
MCFTR;D;20060804;000000;1477.59;1477.59;1477.59;1477.59;0;0
MCFTR;D;20060807;000000;1469.29;1469.29;1469.29;1469.29;0;0
MCFTR;D;20060808;000000;1462.28;1462.28;1462.28;1462.28;0;0
MCFTR;D;20060809;000000;1490.79;1490.79;1490.79;1490.79;0;0
MCFTR;D;20060810;000000;1482.22;1482.22;1482.22;1482.22;0;0
MCFTR;D;20060811;000000;1508.4;1508.4;1508.4;1508.4;0;0
MCFTR;D;20060814;000000;1503.34;1503.34;1503.34;1503.34;0;0
MCFTR;D;20060815;000000;1504.67;1504.67;1504.67;1504.67;0;0
MCFTR;D;20060816;000000;1515.88;1515.88;1515.88;1515.88;0;0
MCFTR;D;20060817;000000;1495.21;1495.21;1495.21;1495.21;0;0
MCFTR;D;20060818;000000;1431.79;1431.79;1431.79;1431.79;0;0
MCFTR;D;20060821;000000;1458.5;1458.5;1458.5;1458.5;0;0
MCFTR;D;20060822;000000;1485;1485;1485;1485;0;0
MCFTR;D;20060823;000000;1484.7;1484.7;1484.7;1484.7;0;0
MCFTR;D;20060824;000000;1467.83;1467.83;1467.83;1467.83;0;0
MCFTR;D;20060825;000000;1484.79;1484.79;1484.79;1484.79;0;0
MCFTR;D;20060828;000000;1478.53;1478.53;1478.53;1478.53;0;0
MCFTR;D;20060829;000000;1483.91;1483.91;1483.91;1483.91;0;0
MCFTR;D;20060830;000000;1492.77;1492.77;1492.77;1492.77;0;0
MCFTR;D;20060831;000000;1482.09;1482.09;1482.09;1482.09;0;0
MCFTR;D;20060901;000000;1467.04;1467.04;1467.04;1467.04;0;0
MCFTR;D;20060904;000000;1484.73;1484.73;1484.73;1484.73;0;0
MCFTR;D;20060905;000000;1515.33;1515.33;1515.33;1515.33;0;0
MCFTR;D;20060906;000000;1479.69;1479.69;1479.69;1479.69;0;0
MCFTR;D;20060907;000000;1434.66;1434.66;1434.66;1434.66;0;0
MCFTR;D;20060908;000000;1438.25;1438.25;1438.25;1438.25;0;0
MCFTR;D;20060911;000000;1380.36;1380.36;1380.36;1380.36;0;0
MCFTR;D;20060912;000000;1403.17;1403.17;1403.17;1403.17;0;0
MCFTR;D;20060913;000000;1416.04;1416.04;1416.04;1416.04;0;0
MCFTR;D;20060914;000000;1413.14;1413.14;1413.14;1413.14;0;0
MCFTR;D;20060915;000000;1401.14;1401.14;1401.14;1401.14;0;0
MCFTR;D;20060918;000000;1416.36;1416.36;1416.36;1416.36;0;0
MCFTR;D;20060919;000000;1428.23;1428.23;1428.23;1428.23;0;0
MCFTR;D;20060920;000000;1400.94;1400.94;1400.94;1400.94;0;0
MCFTR;D;20060921;000000;1378.83;1378.83;1378.83;1378.83;0;0
MCFTR;D;20060922;000000;1330.16;1330.16;1330.16;1330.16;0;0
MCFTR;D;20060925;000000;1284.4;1284.4;1284.4;1284.4;0;0
MCFTR;D;20060926;000000;1335.85;1335.85;1335.85;1335.85;0;0
MCFTR;D;20060927;000000;1364.27;1364.27;1364.27;1364.27;0;0
MCFTR;D;20060928;000000;1399.6;1399.6;1399.6;1399.6;0;0
MCFTR;D;20060929;000000;1398.73;1398.73;1398.73;1398.73;0;0
MCFTR;D;20061002;000000;1400.93;1400.93;1400.93;1400.93;0;0
MCFTR;D;20061003;000000;1365.3;1365.3;1365.3;1365.3;0;0
MCFTR;D;20061004;000000;1369.1;1369.1;1369.1;1369.1;0;0
MCFTR;D;20061005;000000;1417.04;1417.04;1417.04;1417.04;0;0
MCFTR;D;20061006;000000;1406.38;1406.38;1406.38;1406.38;0;0
MCFTR;D;20061009;000000;1444.77;1444.77;1444.77;1444.77;0;0
MCFTR;D;20061010;000000;1441.77;1441.77;1441.77;1441.77;0;0
MCFTR;D;20061011;000000;1450.56;1450.56;1450.56;1450.56;0;0
MCFTR;D;20061012;000000;1445.24;1445.24;1445.24;1445.24;0;0
MCFTR;D;20061013;000000;1472.73;1472.73;1472.73;1472.73;0;0
MCFTR;D;20061016;000000;1471.26;1471.26;1471.26;1471.26;0;0
MCFTR;D;20061017;000000;1456.9;1456.9;1456.9;1456.9;0;0
MCFTR;D;20061018;000000;1481.83;1481.83;1481.83;1481.83;0;0
MCFTR;D;20061019;000000;1488.59;1488.59;1488.59;1488.59;0;0
MCFTR;D;20061020;000000;1476.06;1476.06;1476.06;1476.06;0;0
MCFTR;D;20061023;000000;1472.9;1472.9;1472.9;1472.9;0;0
MCFTR;D;20061024;000000;1462.4;1462.4;1462.4;1462.4;0;0
MCFTR;D;20061025;000000;1482.48;1482.48;1482.48;1482.48;0;0
MCFTR;D;20061026;000000;1476.32;1476.32;1476.32;1476.32;0;0
MCFTR;D;20061027;000000;1468.02;1468.02;1468.02;1468.02;0;0
MCFTR;D;20061030;000000;1435.98;1435.98;1435.98;1435.98;0;0
MCFTR;D;20061031;000000;1459.73;1459.73;1459.73;1459.73;0;0
MCFTR;D;20061101;000000;1489.54;1489.54;1489.54;1489.54;0;0
MCFTR;D;20061102;000000;1468.27;1468.27;1468.27;1468.27;0;0
MCFTR;D;20061103;000000;1486.18;1486.18;1486.18;1486.18;0;0
MCFTR;D;20061107;000000;1514.99;1514.99;1514.99;1514.99;0;0
MCFTR;D;20061108;000000;1511.4;1511.4;1511.4;1511.4;0;0
MCFTR;D;20061109;000000;1537.48;1537.48;1537.48;1537.48;0;0
MCFTR;D;20061110;000000;1538.18;1538.18;1538.18;1538.18;0;0
MCFTR;D;20061113;000000;1534.86;1534.86;1534.86;1534.86;0;0
MCFTR;D;20061114;000000;1533.25;1533.25;1533.25;1533.25;0;0
MCFTR;D;20061115;000000;1539.27;1539.27;1539.27;1539.27;0;0
MCFTR;D;20061116;000000;1554;1554;1554;1554;0;0
MCFTR;D;20061117;000000;1534.66;1534.66;1534.66;1534.66;0;0
MCFTR;D;20061120;000000;1524.91;1524.91;1524.91;1524.91;0;0
MCFTR;D;20061121;000000;1544.65;1544.65;1544.65;1544.65;0;0
MCFTR;D;20061122;000000;1537.14;1537.14;1537.14;1537.14;0;0
MCFTR;D;20061123;000000;1551.61;1551.61;1551.61;1551.61;0;0
MCFTR;D;20061124;000000;1553.03;1553.03;1553.03;1553.03;0;0
MCFTR;D;20061127;000000;1553.77;1553.77;1553.77;1553.77;0;0
MCFTR;D;20061128;000000;1556.15;1556.15;1556.15;1556.15;0;0
MCFTR;D;20061129;000000;1582.58;1582.58;1582.58;1582.58;0;0
MCFTR;D;20061130;000000;1586.3;1586.3;1586.3;1586.3;0;0
MCFTR;D;20061201;000000;1585.74;1585.74;1585.74;1585.74;0;0
MCFTR;D;20061204;000000;1600.69;1600.69;1600.69;1600.69;0;0
MCFTR;D;20061205;000000;1617.88;1617.88;1617.88;1617.88;0;0
MCFTR;D;20061206;000000;1639.86;1639.86;1639.86;1639.86;0;0
MCFTR;D;20061207;000000;1644.65;1644.65;1644.65;1644.65;0;0
MCFTR;D;20061208;000000;1650.97;1650.97;1650.97;1650.97;0;0
MCFTR;D;20061211;000000;1649.33;1649.33;1649.33;1649.33;0;0
MCFTR;D;20061212;000000;1646.02;1646.02;1646.02;1646.02;0;0
MCFTR;D;20061213;000000;1637.12;1637.12;1637.12;1637.12;0;0
MCFTR;D;20061214;000000;1651.81;1651.81;1651.81;1651.81;0;0
MCFTR;D;20061215;000000;1665.72;1665.72;1665.72;1665.72;0;0
MCFTR;D;20061218;000000;1670.09;1670.09;1670.09;1670.09;0;0
MCFTR;D;20061219;000000;1642.13;1642.13;1642.13;1642.13;0;0
MCFTR;D;20061220;000000;1663.6;1663.6;1663.6;1663.6;0;0
MCFTR;D;20061221;000000;1668.37;1668.37;1668.37;1668.37;0;0
MCFTR;D;20061222;000000;1657.77;1657.77;1657.77;1657.77;0;0
MCFTR;D;20061225;000000;1652.59;1652.59;1652.59;1652.59;0;0
MCFTR;D;20061226;000000;1653.41;1653.41;1653.41;1653.41;0;0
MCFTR;D;20061227;000000;1681.77;1681.77;1681.77;1681.77;0;0
MCFTR;D;20061228;000000;1716.83;1716.83;1716.83;1716.83;0;0
MCFTR;D;20061229;000000;1733.52;1733.52;1733.52;1733.52;0;0
MCFTR;D;20070109;000000;1616.84;1616.84;1616.84;1616.84;0;0
MCFTR;D;20070110;000000;1614.68;1614.68;1614.68;1614.68;0;0
MCFTR;D;20070111;000000;1645.37;1645.37;1645.37;1645.37;0;0
MCFTR;D;20070112;000000;1636.94;1636.94;1636.94;1636.94;0;0
MCFTR;D;20070115;000000;1698;1698;1698;1698;0;0
MCFTR;D;20070116;000000;1688.2;1688.2;1688.2;1688.2;0;0
MCFTR;D;20070117;000000;1656.78;1656.78;1656.78;1656.78;0;0
MCFTR;D;20070118;000000;1653.47;1653.47;1653.47;1653.47;0;0
MCFTR;D;20070119;000000;1663.29;1663.29;1663.29;1663.29;0;0
MCFTR;D;20070122;000000;1701.92;1701.92;1701.92;1701.92;0;0
MCFTR;D;20070123;000000;1711.73;1711.73;1711.73;1711.73;0;0
MCFTR;D;20070124;000000;1709.77;1709.77;1709.77;1709.77;0;0
MCFTR;D;20070125;000000;1731.29;1731.29;1731.29;1731.29;0;0
MCFTR;D;20070126;000000;1719.3;1719.3;1719.3;1719.3;0;0
MCFTR;D;20070129;000000;1690.64;1690.64;1690.64;1690.64;0;0
MCFTR;D;20070130;000000;1693.77;1693.77;1693.77;1693.77;0;0
MCFTR;D;20070131;000000;1706.04;1706.04;1706.04;1706.04;0;0
MCFTR;D;20070201;000000;1753.31;1753.31;1753.31;1753.31;0;0
MCFTR;D;20070202;000000;1751.67;1751.67;1751.67;1751.67;0;0
MCFTR;D;20070205;000000;1764.41;1764.41;1764.41;1764.41;0;0
MCFTR;D;20070206;000000;1782.02;1782.02;1782.02;1782.02;0;0
MCFTR;D;20070207;000000;1775.44;1775.44;1775.44;1775.44;0;0
MCFTR;D;20070208;000000;1729.57;1729.57;1729.57;1729.57;0;0
MCFTR;D;20070209;000000;1745.47;1745.47;1745.47;1745.47;0;0
MCFTR;D;20070212;000000;1688.2;1688.2;1688.2;1688.2;0;0
MCFTR;D;20070213;000000;1728.63;1728.63;1728.63;1728.63;0;0
MCFTR;D;20070214;000000;1741.08;1741.08;1741.08;1741.08;0;0
MCFTR;D;20070215;000000;1740.94;1740.94;1740.94;1740.94;0;0
MCFTR;D;20070216;000000;1744.47;1744.47;1744.47;1744.47;0;0
MCFTR;D;20070219;000000;1746.86;1746.86;1746.86;1746.86;0;0
MCFTR;D;20070220;000000;1732.34;1732.34;1732.34;1732.34;0;0
MCFTR;D;20070221;000000;1747.5;1747.5;1747.5;1747.5;0;0
MCFTR;D;20070222;000000;1779.66;1779.66;1779.66;1779.66;0;0
MCFTR;D;20070226;000000;1806.75;1806.75;1806.75;1806.75;0;0
MCFTR;D;20070227;000000;1731.97;1731.97;1731.97;1731.97;0;0
MCFTR;D;20070228;000000;1704.3;1704.3;1704.3;1704.3;0;0
MCFTR;D;20070301;000000;1630.2;1630.2;1630.2;1630.2;0;0
MCFTR;D;20070302;000000;1638.48;1638.48;1638.48;1638.48;0;0
MCFTR;D;20070305;000000;1584.58;1584.58;1584.58;1584.58;0;0
MCFTR;D;20070306;000000;1608.21;1608.21;1608.21;1608.21;0;0
MCFTR;D;20070307;000000;1611.78;1611.78;1611.78;1611.78;0;0
MCFTR;D;20070309;000000;1657.41;1657.41;1657.41;1657.41;0;0
MCFTR;D;20070312;000000;1656.62;1656.62;1656.62;1656.62;0;0
MCFTR;D;20070313;000000;1662.46;1662.46;1662.46;1662.46;0;0
MCFTR;D;20070314;000000;1616.39;1616.39;1616.39;1616.39;0;0
MCFTR;D;20070315;000000;1650.66;1650.66;1650.66;1650.66;0;0
MCFTR;D;20070316;000000;1657.5;1657.5;1657.5;1657.5;0;0
MCFTR;D;20070319;000000;1696.46;1696.46;1696.46;1696.46;0;0
MCFTR;D;20070320;000000;1677.81;1677.81;1677.81;1677.81;0;0
MCFTR;D;20070321;000000;1694.85;1694.85;1694.85;1694.85;0;0
MCFTR;D;20070322;000000;1729.88;1729.88;1729.88;1729.88;0;0
MCFTR;D;20070323;000000;1752.36;1752.36;1752.36;1752.36;0;0
MCFTR;D;20070326;000000;1751.43;1751.43;1751.43;1751.43;0;0
MCFTR;D;20070327;000000;1730.87;1730.87;1730.87;1730.87;0;0
MCFTR;D;20070328;000000;1746.85;1746.85;1746.85;1746.85;0;0
MCFTR;D;20070329;000000;1768.71;1768.71;1768.71;1768.71;0;0
MCFTR;D;20070330;000000;1748.4;1748.4;1748.4;1748.4;0;0
MCFTR;D;20070402;000000;1745.76;1745.76;1745.76;1745.76;0;0
MCFTR;D;20070403;000000;1750.54;1750.54;1750.54;1750.54;0;0
MCFTR;D;20070404;000000;1752.61;1752.61;1752.61;1752.61;0;0
MCFTR;D;20070405;000000;1769.4;1769.4;1769.4;1769.4;0;0
MCFTR;D;20070406;000000;1778.56;1778.56;1778.56;1778.56;0;0
MCFTR;D;20070409;000000;1804.59;1804.59;1804.59;1804.59;0;0
MCFTR;D;20070410;000000;1810.06;1810.06;1810.06;1810.06;0;0
MCFTR;D;20070411;000000;1806.91;1806.91;1806.91;1806.91;0;0
MCFTR;D;20070412;000000;1785.56;1785.56;1785.56;1785.56;0;0
MCFTR;D;20070413;000000;1822.69;1822.69;1822.69;1822.69;0;0
MCFTR;D;20070416;000000;1830.52;1830.52;1830.52;1830.52;0;0
MCFTR;D;20070417;000000;1806.63;1806.63;1806.63;1806.63;0;0
MCFTR;D;20070418;000000;1777.41;1777.41;1777.41;1777.41;0;0
MCFTR;D;20070419;000000;1742.19;1742.19;1742.19;1742.19;0;0
MCFTR;D;20070420;000000;1795;1795;1795;1795;0;0
MCFTR;D;20070423;000000;1792.82;1792.82;1792.82;1792.82;0;0
MCFTR;D;20070424;000000;1784.18;1784.18;1784.18;1784.18;0;0
MCFTR;D;20070425;000000;1793.05;1793.05;1793.05;1793.05;0;0
MCFTR;D;20070426;000000;1777.27;1777.27;1777.27;1777.27;0;0
MCFTR;D;20070427;000000;1728;1728;1728;1728;0;0
MCFTR;D;20070428;000000;1747.57;1747.57;1747.57;1747.57;0;0
MCFTR;D;20070502;000000;1728.94;1728.94;1728.94;1728.94;0;0
MCFTR;D;20070503;000000;1743.92;1743.92;1743.92;1743.92;0;0
MCFTR;D;20070504;000000;1748.66;1748.66;1748.66;1748.66;0;0
MCFTR;D;20070507;000000;1747.98;1747.98;1747.98;1747.98;0;0
MCFTR;D;20070508;000000;1734.01;1734.01;1734.01;1734.01;0;0
MCFTR;D;20070510;000000;1714.22;1714.22;1714.22;1714.22;0;0
MCFTR;D;20070511;000000;1673.86;1673.86;1673.86;1673.86;0;0
MCFTR;D;20070514;000000;1680.83;1680.83;1680.83;1680.83;0;0
MCFTR;D;20070515;000000;1653.03;1653.03;1653.03;1653.03;0;0
MCFTR;D;20070516;000000;1683.82;1683.82;1683.82;1683.82;0;0
MCFTR;D;20070517;000000;1666.88;1666.88;1666.88;1666.88;0;0
MCFTR;D;20070518;000000;1694.49;1694.49;1694.49;1694.49;0;0
MCFTR;D;20070521;000000;1700.27;1700.27;1700.27;1700.27;0;0
MCFTR;D;20070522;000000;1694.63;1694.63;1694.63;1694.63;0;0
MCFTR;D;20070523;000000;1644.76;1644.76;1644.76;1644.76;0;0
MCFTR;D;20070524;000000;1625.35;1625.35;1625.35;1625.35;0;0
MCFTR;D;20070525;000000;1628.37;1628.37;1628.37;1628.37;0;0
MCFTR;D;20070528;000000;1607.08;1607.08;1607.08;1607.08;0;0
MCFTR;D;20070529;000000;1569.97;1569.97;1569.97;1569.97;0;0
MCFTR;D;20070530;000000;1561.02;1561.02;1561.02;1561.02;0;0
MCFTR;D;20070531;000000;1616.87;1616.87;1616.87;1616.87;0;0
MCFTR;D;20070601;000000;1668.85;1668.85;1668.85;1668.85;0;0
MCFTR;D;20070604;000000;1660.53;1660.53;1660.53;1660.53;0;0
MCFTR;D;20070605;000000;1664.14;1664.14;1664.14;1664.14;0;0
MCFTR;D;20070606;000000;1656.54;1656.54;1656.54;1656.54;0;0
MCFTR;D;20070607;000000;1635.93;1635.93;1635.93;1635.93;0;0
MCFTR;D;20070608;000000;1635.65;1635.65;1635.65;1635.65;0;0
MCFTR;D;20070609;000000;1642.28;1642.28;1642.28;1642.28;0;0
MCFTR;D;20070613;000000;1659.52;1659.52;1659.52;1659.52;0;0
MCFTR;D;20070614;000000;1712.97;1712.97;1712.97;1712.97;0;0
MCFTR;D;20070615;000000;1722.84;1722.84;1722.84;1722.84;0;0
MCFTR;D;20070618;000000;1733.07;1733.07;1733.07;1733.07;0;0
MCFTR;D;20070619;000000;1720.85;1720.85;1720.85;1720.85;0;0
MCFTR;D;20070620;000000;1752.51;1752.51;1752.51;1752.51;0;0
MCFTR;D;20070621;000000;1724.18;1724.18;1724.18;1724.18;0;0
MCFTR;D;20070622;000000;1726.3;1726.3;1726.3;1726.3;0;0
MCFTR;D;20070625;000000;1704.95;1704.95;1704.95;1704.95;0;0
MCFTR;D;20070626;000000;1723.24;1723.24;1723.24;1723.24;0;0
MCFTR;D;20070627;000000;1704.91;1704.91;1704.91;1704.91;0;0
MCFTR;D;20070628;000000;1719.74;1719.74;1719.74;1719.74;0;0
MCFTR;D;20070629;000000;1716.32;1716.32;1716.32;1716.32;0;0
MCFTR;D;20070702;000000;1733.55;1733.55;1733.55;1733.55;0;0
MCFTR;D;20070703;000000;1757.04;1757.04;1757.04;1757.04;0;0
MCFTR;D;20070704;000000;1753.49;1753.49;1753.49;1753.49;0;0
MCFTR;D;20070705;000000;1784.88;1784.88;1784.88;1784.88;0;0
MCFTR;D;20070706;000000;1790.43;1790.43;1790.43;1790.43;0;0
MCFTR;D;20070709;000000;1810.16;1810.16;1810.16;1810.16;0;0
MCFTR;D;20070710;000000;1778.73;1778.73;1778.73;1778.73;0;0
MCFTR;D;20070711;000000;1793.52;1793.52;1793.52;1793.52;0;0
MCFTR;D;20070712;000000;1845.3;1845.3;1845.3;1845.3;0;0
MCFTR;D;20070713;000000;1849.18;1849.18;1849.18;1849.18;0;0
MCFTR;D;20070716;000000;1850.66;1850.66;1850.66;1850.66;0;0
MCFTR;D;20070717;000000;1847.45;1847.45;1847.45;1847.45;0;0
MCFTR;D;20070718;000000;1824.51;1824.51;1824.51;1824.51;0;0
MCFTR;D;20070719;000000;1857.64;1857.64;1857.64;1857.64;0;0
MCFTR;D;20070720;000000;1849.24;1849.24;1849.24;1849.24;0;0
MCFTR;D;20070723;000000;1865.43;1865.43;1865.43;1865.43;0;0
MCFTR;D;20070724;000000;1823.77;1823.77;1823.77;1823.77;0;0
MCFTR;D;20070725;000000;1837.91;1837.91;1837.91;1837.91;0;0
MCFTR;D;20070726;000000;1779.76;1779.76;1779.76;1779.76;0;0
MCFTR;D;20070727;000000;1757.8;1757.8;1757.8;1757.8;0;0
MCFTR;D;20070730;000000;1757.41;1757.41;1757.41;1757.41;0;0
MCFTR;D;20070731;000000;1791.26;1791.26;1791.26;1791.26;0;0
MCFTR;D;20070801;000000;1748.63;1748.63;1748.63;1748.63;0;0
MCFTR;D;20070802;000000;1768.32;1768.32;1768.32;1768.32;0;0
MCFTR;D;20070803;000000;1771.69;1771.69;1771.69;1771.69;0;0
MCFTR;D;20070806;000000;1745.17;1745.17;1745.17;1745.17;0;0
MCFTR;D;20070807;000000;1747.94;1747.94;1747.94;1747.94;0;0
MCFTR;D;20070808;000000;1782.26;1782.26;1782.26;1782.26;0;0
MCFTR;D;20070809;000000;1731.68;1731.68;1731.68;1731.68;0;0
MCFTR;D;20070810;000000;1698.39;1698.39;1698.39;1698.39;0;0
MCFTR;D;20070813;000000;1735.47;1735.47;1735.47;1735.47;0;0
MCFTR;D;20070814;000000;1732.19;1732.19;1732.19;1732.19;0;0
MCFTR;D;20070815;000000;1693.79;1693.79;1693.79;1693.79;0;0
MCFTR;D;20070816;000000;1652.17;1652.17;1652.17;1652.17;0;0
MCFTR;D;20070817;000000;1691.86;1691.86;1691.86;1691.86;0;0
MCFTR;D;20070820;000000;1675.51;1675.51;1675.51;1675.51;0;0
MCFTR;D;20070821;000000;1659.66;1659.66;1659.66;1659.66;0;0
MCFTR;D;20070822;000000;1686.9;1686.9;1686.9;1686.9;0;0
MCFTR;D;20070823;000000;1688.09;1688.09;1688.09;1688.09;0;0
MCFTR;D;20070824;000000;1688.04;1688.04;1688.04;1688.04;0;0
MCFTR;D;20070827;000000;1711.09;1711.09;1711.09;1711.09;0;0
MCFTR;D;20070828;000000;1696.6;1696.6;1696.6;1696.6;0;0
MCFTR;D;20070829;000000;1695.13;1695.13;1695.13;1695.13;0;0
MCFTR;D;20070830;000000;1695.42;1695.42;1695.42;1695.42;0;0
MCFTR;D;20070831;000000;1732.58;1732.58;1732.58;1732.58;0;0
MCFTR;D;20070903;000000;1734.35;1734.35;1734.35;1734.35;0;0
MCFTR;D;20070904;000000;1718.33;1718.33;1718.33;1718.33;0;0
MCFTR;D;20070905;000000;1708.79;1708.79;1708.79;1708.79;0;0
MCFTR;D;20070906;000000;1728.57;1728.57;1728.57;1728.57;0;0
MCFTR;D;20070907;000000;1692.38;1692.38;1692.38;1692.38;0;0
MCFTR;D;20070910;000000;1695.4;1695.4;1695.4;1695.4;0;0
MCFTR;D;20070911;000000;1703.27;1703.27;1703.27;1703.27;0;0
MCFTR;D;20070912;000000;1689.88;1689.88;1689.88;1689.88;0;0
MCFTR;D;20070913;000000;1721.7;1721.7;1721.7;1721.7;0;0
MCFTR;D;20070914;000000;1715.07;1715.07;1715.07;1715.07;0;0
MCFTR;D;20070917;000000;1702.83;1702.83;1702.83;1702.83;0;0
MCFTR;D;20070918;000000;1724.35;1724.35;1724.35;1724.35;0;0
MCFTR;D;20070919;000000;1788.07;1788.07;1788.07;1788.07;0;0
MCFTR;D;20070920;000000;1773.47;1773.47;1773.47;1773.47;0;0
MCFTR;D;20070921;000000;1782.26;1782.26;1782.26;1782.26;0;0
MCFTR;D;20070924;000000;1793.89;1793.89;1793.89;1793.89;0;0
MCFTR;D;20070925;000000;1760.16;1760.16;1760.16;1760.16;0;0
MCFTR;D;20070926;000000;1802.92;1802.92;1802.92;1802.92;0;0
MCFTR;D;20070927;000000;1813.84;1813.84;1813.84;1813.84;0;0
MCFTR;D;20070928;000000;1817.93;1817.93;1817.93;1817.93;0;0
MCFTR;D;20071001;000000;1791.02;1791.02;1791.02;1791.02;0;0
MCFTR;D;20071002;000000;1854.74;1854.74;1854.74;1854.74;0;0
MCFTR;D;20071003;000000;1837.79;1837.79;1837.79;1837.79;0;0
MCFTR;D;20071004;000000;1836.92;1836.92;1836.92;1836.92;0;0
MCFTR;D;20071005;000000;1862.37;1862.37;1862.37;1862.37;0;0
MCFTR;D;20071008;000000;1868.54;1868.54;1868.54;1868.54;0;0
MCFTR;D;20071009;000000;1888.76;1888.76;1888.76;1888.76;0;0
MCFTR;D;20071010;000000;1878.41;1878.41;1878.41;1878.41;0;0
MCFTR;D;20071011;000000;1910.28;1910.28;1910.28;1910.28;0;0
MCFTR;D;20071012;000000;1896.22;1896.22;1896.22;1896.22;0;0
MCFTR;D;20071015;000000;1900.53;1900.53;1900.53;1900.53;0;0
MCFTR;D;20071016;000000;1882.09;1882.09;1882.09;1882.09;0;0
MCFTR;D;20071017;000000;1888.5;1888.5;1888.5;1888.5;0;0
MCFTR;D;20071018;000000;1859.77;1859.77;1859.77;1859.77;0;0
MCFTR;D;20071019;000000;1861.31;1861.31;1861.31;1861.31;0;0
MCFTR;D;20071022;000000;1831.27;1831.27;1831.27;1831.27;0;0
MCFTR;D;20071023;000000;1859.18;1859.18;1859.18;1859.18;0;0
MCFTR;D;20071024;000000;1851.63;1851.63;1851.63;1851.63;0;0
MCFTR;D;20071025;000000;1877.3;1877.3;1877.3;1877.3;0;0
MCFTR;D;20071026;000000;1916.12;1916.12;1916.12;1916.12;0;0
MCFTR;D;20071029;000000;1934.23;1934.23;1934.23;1934.23;0;0
MCFTR;D;20071030;000000;1917.32;1917.32;1917.32;1917.32;0;0
MCFTR;D;20071031;000000;1937.05;1937.05;1937.05;1937.05;0;0
MCFTR;D;20071101;000000;1928.54;1928.54;1928.54;1928.54;0;0
MCFTR;D;20071102;000000;1941.89;1941.89;1941.89;1941.89;0;0
MCFTR;D;20071106;000000;1971.05;1971.05;1971.05;1971.05;0;0
MCFTR;D;20071107;000000;1966.83;1966.83;1966.83;1966.83;0;0
MCFTR;D;20071108;000000;1981.03;1981.03;1981.03;1981.03;0;0
MCFTR;D;20071109;000000;1954.14;1954.14;1954.14;1954.14;0;0
MCFTR;D;20071112;000000;1952.84;1952.84;1952.84;1952.84;0;0
MCFTR;D;20071113;000000;1930.74;1930.74;1930.74;1930.74;0;0
MCFTR;D;20071114;000000;1940.43;1940.43;1940.43;1940.43;0;0
MCFTR;D;20071115;000000;1917.68;1917.68;1917.68;1917.68;0;0
MCFTR;D;20071116;000000;1894.23;1894.23;1894.23;1894.23;0;0
MCFTR;D;20071119;000000;1865.87;1865.87;1865.87;1865.87;0;0
MCFTR;D;20071120;000000;1876.37;1876.37;1876.37;1876.37;0;0
MCFTR;D;20071121;000000;1844.74;1844.74;1844.74;1844.74;0;0
MCFTR;D;20071122;000000;1835.91;1835.91;1835.91;1835.91;0;0
MCFTR;D;20071123;000000;1852.64;1852.64;1852.64;1852.64;0;0
MCFTR;D;20071126;000000;1877.25;1877.25;1877.25;1877.25;0;0
MCFTR;D;20071127;000000;1851.46;1851.46;1851.46;1851.46;0;0
MCFTR;D;20071128;000000;1873.37;1873.37;1873.37;1873.37;0;0
MCFTR;D;20071129;000000;1884.15;1884.15;1884.15;1884.15;0;0
MCFTR;D;20071130;000000;1913.14;1913.14;1913.14;1913.14;0;0
MCFTR;D;20071203;000000;1900.88;1900.88;1900.88;1900.88;0;0
MCFTR;D;20071204;000000;1896.7;1896.7;1896.7;1896.7;0;0
MCFTR;D;20071205;000000;1959.4;1959.4;1959.4;1959.4;0;0
MCFTR;D;20071206;000000;1955.03;1955.03;1955.03;1955.03;0;0
MCFTR;D;20071207;000000;1978;1978;1978;1978;0;0
MCFTR;D;20071210;000000;2011.24;2011.24;2011.24;2011.24;0;0
MCFTR;D;20071211;000000;2017.28;2017.28;2017.28;2017.28;0;0
MCFTR;D;20071212;000000;2036.44;2036.44;2036.44;2036.44;0;0
MCFTR;D;20071213;000000;1994.14;1994.14;1994.14;1994.14;0;0
MCFTR;D;20071214;000000;1959.26;1959.26;1959.26;1959.26;0;0
MCFTR;D;20071217;000000;1951.53;1951.53;1951.53;1951.53;0;0
MCFTR;D;20071218;000000;1973.27;1973.27;1973.27;1973.27;0;0
MCFTR;D;20071219;000000;1963.74;1963.74;1963.74;1963.74;0;0
MCFTR;D;20071220;000000;1991.69;1991.69;1991.69;1991.69;0;0
MCFTR;D;20071221;000000;1996.6;1996.6;1996.6;1996.6;0;0
MCFTR;D;20071224;000000;1994.65;1994.65;1994.65;1994.65;0;0
MCFTR;D;20071225;000000;1983.73;1983.73;1983.73;1983.73;0;0
MCFTR;D;20071226;000000;1968.76;1968.76;1968.76;1968.76;0;0
MCFTR;D;20071227;000000;1971.98;1971.98;1971.98;1971.98;0;0
MCFTR;D;20071228;000000;1952.83;1952.83;1952.83;1952.83;0;0
MCFTR;D;20080109;000000;1980.38;1980.38;1980.38;1980.38;0;0
MCFTR;D;20080110;000000;1986.31;1986.31;1986.31;1986.31;0;0
MCFTR;D;20080111;000000;1988.58;1988.58;1988.58;1988.58;0;0
MCFTR;D;20080114;000000;2005.89;2005.89;2005.89;2005.89;0;0
MCFTR;D;20080115;000000;1995.75;1995.75;1995.75;1995.75;0;0
MCFTR;D;20080116;000000;1910.22;1910.22;1910.22;1910.22;0;0
MCFTR;D;20080117;000000;1875.3;1875.3;1875.3;1875.3;0;0
MCFTR;D;20080118;000000;1857.56;1857.56;1857.56;1857.56;0;0
MCFTR;D;20080121;000000;1718.88;1718.88;1718.88;1718.88;0;0
MCFTR;D;20080122;000000;1700.14;1700.14;1700.14;1700.14;0;0
MCFTR;D;20080123;000000;1631.7;1631.7;1631.7;1631.7;0;0
MCFTR;D;20080124;000000;1726.32;1726.32;1726.32;1726.32;0;0
MCFTR;D;20080125;000000;1771.2;1771.2;1771.2;1771.2;0;0
MCFTR;D;20080128;000000;1698.63;1698.63;1698.63;1698.63;0;0
MCFTR;D;20080129;000000;1743.39;1743.39;1743.39;1743.39;0;0
MCFTR;D;20080130;000000;1706.21;1706.21;1706.21;1706.21;0;0
MCFTR;D;20080131;000000;1635.27;1635.27;1635.27;1635.27;0;0
MCFTR;D;20080201;000000;1703.99;1703.99;1703.99;1703.99;0;0
MCFTR;D;20080204;000000;1742.72;1742.72;1742.72;1742.72;0;0
MCFTR;D;20080205;000000;1695.55;1695.55;1695.55;1695.55;0;0
MCFTR;D;20080206;000000;1694.23;1694.23;1694.23;1694.23;0;0
MCFTR;D;20080207;000000;1643.19;1643.19;1643.19;1643.19;0;0
MCFTR;D;20080208;000000;1629.61;1629.61;1629.61;1629.61;0;0
MCFTR;D;20080211;000000;1667.23;1667.23;1667.23;1667.23;0;0
MCFTR;D;20080212;000000;1729.93;1729.93;1729.93;1729.93;0;0
MCFTR;D;20080213;000000;1753.65;1753.65;1753.65;1753.65;0;0
MCFTR;D;20080214;000000;1753.23;1753.23;1753.23;1753.23;0;0
MCFTR;D;20080215;000000;1719.38;1719.38;1719.38;1719.38;0;0
MCFTR;D;20080218;000000;1757.89;1757.89;1757.89;1757.89;0;0
MCFTR;D;20080219;000000;1772.76;1772.76;1772.76;1772.76;0;0
MCFTR;D;20080220;000000;1748.83;1748.83;1748.83;1748.83;0;0
MCFTR;D;20080221;000000;1789.96;1789.96;1789.96;1789.96;0;0
MCFTR;D;20080222;000000;1787.97;1787.97;1787.97;1787.97;0;0
MCFTR;D;20080226;000000;1793.08;1793.08;1793.08;1793.08;0;0
MCFTR;D;20080227;000000;1777.38;1777.38;1777.38;1777.38;0;0
MCFTR;D;20080228;000000;1755.32;1755.32;1755.32;1755.32;0;0
MCFTR;D;20080229;000000;1725.11;1725.11;1725.11;1725.11;0;0
MCFTR;D;20080303;000000;1707.33;1707.33;1707.33;1707.33;0;0
MCFTR;D;20080304;000000;1699.94;1699.94;1699.94;1699.94;0;0
MCFTR;D;20080305;000000;1720.16;1720.16;1720.16;1720.16;0;0
MCFTR;D;20080306;000000;1716.37;1716.37;1716.37;1716.37;0;0
MCFTR;D;20080307;000000;1682.38;1682.38;1682.38;1682.38;0;0
MCFTR;D;20080311;000000;1739.7;1739.7;1739.7;1739.7;0;0
MCFTR;D;20080312;000000;1742.76;1742.76;1742.76;1742.76;0;0
MCFTR;D;20080313;000000;1711.7;1711.7;1711.7;1711.7;0;0
MCFTR;D;20080314;000000;1716.26;1716.26;1716.26;1716.26;0;0
MCFTR;D;20080317;000000;1643.65;1643.65;1643.65;1643.65;0;0
MCFTR;D;20080318;000000;1670.48;1670.48;1670.48;1670.48;0;0
MCFTR;D;20080319;000000;1664.95;1664.95;1664.95;1664.95;0;0
MCFTR;D;20080320;000000;1630.31;1630.31;1630.31;1630.31;0;0
MCFTR;D;20080321;000000;1637.88;1637.88;1637.88;1637.88;0;0
MCFTR;D;20080324;000000;1686.59;1686.59;1686.59;1686.59;0;0
MCFTR;D;20080325;000000;1656.12;1656.12;1656.12;1656.12;0;0
MCFTR;D;20080326;000000;1655.82;1655.82;1655.82;1655.82;0;0
MCFTR;D;20080327;000000;1681.67;1681.67;1681.67;1681.67;0;0
MCFTR;D;20080328;000000;1691.29;1691.29;1691.29;1691.29;0;0
MCFTR;D;20080331;000000;1691.87;1691.87;1691.87;1691.87;0;0
MCFTR;D;20080401;000000;1704.67;1704.67;1704.67;1704.67;0;0
MCFTR;D;20080402;000000;1717.25;1717.25;1717.25;1717.25;0;0
MCFTR;D;20080403;000000;1694.75;1694.75;1694.75;1694.75;0;0
MCFTR;D;20080404;000000;1698.74;1698.74;1698.74;1698.74;0;0
MCFTR;D;20080407;000000;1738.99;1738.99;1738.99;1738.99;0;0
MCFTR;D;20080408;000000;1720.09;1720.09;1720.09;1720.09;0;0
MCFTR;D;20080409;000000;1747.05;1747.05;1747.05;1747.05;0;0
MCFTR;D;20080410;000000;1750.19;1750.19;1750.19;1750.19;0;0
MCFTR;D;20080411;000000;1713.24;1713.24;1713.24;1713.24;0;0
MCFTR;D;20080414;000000;1702.11;1702.11;1702.11;1702.11;0;0
MCFTR;D;20080415;000000;1725.73;1725.73;1725.73;1725.73;0;0
MCFTR;D;20080416;000000;1756.45;1756.45;1756.45;1756.45;0;0
MCFTR;D;20080417;000000;1737.92;1737.92;1737.92;1737.92;0;0
MCFTR;D;20080418;000000;1773.12;1773.12;1773.12;1773.12;0;0
MCFTR;D;20080421;000000;1752.6;1752.6;1752.6;1752.6;0;0
MCFTR;D;20080422;000000;1746.45;1746.45;1746.45;1746.45;0;0
MCFTR;D;20080423;000000;1738.79;1738.79;1738.79;1738.79;0;0
MCFTR;D;20080424;000000;1710.9;1710.9;1710.9;1710.9;0;0
MCFTR;D;20080425;000000;1733.87;1733.87;1733.87;1733.87;0;0
MCFTR;D;20080428;000000;1740.61;1740.61;1740.61;1740.61;0;0
MCFTR;D;20080429;000000;1733.27;1733.27;1733.27;1733.27;0;0
MCFTR;D;20080430;000000;1732.3;1732.3;1732.3;1732.3;0;0
MCFTR;D;20080504;000000;1760.38;1760.38;1760.38;1760.38;0;0
MCFTR;D;20080505;000000;1754.08;1754.08;1754.08;1754.08;0;0
MCFTR;D;20080506;000000;1760.45;1760.45;1760.45;1760.45;0;0
MCFTR;D;20080507;000000;1807.02;1807.02;1807.02;1807.02;0;0
MCFTR;D;20080508;000000;1865.62;1865.62;1865.62;1865.62;0;0
MCFTR;D;20080512;000000;1892.98;1892.98;1892.98;1892.98;0;0
MCFTR;D;20080513;000000;1911.45;1911.45;1911.45;1911.45;0;0
MCFTR;D;20080514;000000;1978.38;1978.38;1978.38;1978.38;0;0
MCFTR;D;20080515;000000;1969.78;1969.78;1969.78;1969.78;0;0
MCFTR;D;20080516;000000;2020.27;2020.27;2020.27;2020.27;0;0
MCFTR;D;20080519;000000;2033.01;2033.01;2033.01;2033.01;0;0
MCFTR;D;20080520;000000;2006.63;2006.63;2006.63;2006.63;0;0
MCFTR;D;20080521;000000;2029.58;2029.58;2029.58;2029.58;0;0
MCFTR;D;20080522;000000;1969.31;1969.31;1969.31;1969.31;0;0
MCFTR;D;20080523;000000;1984.71;1984.71;1984.71;1984.71;0;0
MCFTR;D;20080526;000000;1969.37;1969.37;1969.37;1969.37;0;0
MCFTR;D;20080527;000000;1929.78;1929.78;1929.78;1929.78;0;0
MCFTR;D;20080528;000000;1944.78;1944.78;1944.78;1944.78;0;0
MCFTR;D;20080529;000000;1983.34;1983.34;1983.34;1983.34;0;0
MCFTR;D;20080530;000000;2000.9;2000.9;2000.9;2000.9;0;0
MCFTR;D;20080602;000000;1991.13;1991.13;1991.13;1991.13;0;0
MCFTR;D;20080603;000000;1975.8;1975.8;1975.8;1975.8;0;0
MCFTR;D;20080604;000000;1915.18;1915.18;1915.18;1915.18;0;0
MCFTR;D;20080605;000000;1915.4;1915.4;1915.4;1915.4;0;0
MCFTR;D;20080606;000000;1925.19;1925.19;1925.19;1925.19;0;0
MCFTR;D;20080607;000000;1883.82;1883.82;1883.82;1883.82;0;0
MCFTR;D;20080609;000000;1899.74;1899.74;1899.74;1899.74;0;0
MCFTR;D;20080610;000000;1882.47;1882.47;1882.47;1882.47;0;0
MCFTR;D;20080611;000000;1898.45;1898.45;1898.45;1898.45;0;0
MCFTR;D;20080616;000000;1903.98;1903.98;1903.98;1903.98;0;0
MCFTR;D;20080617;000000;1929.55;1929.55;1929.55;1929.55;0;0
MCFTR;D;20080618;000000;1923.83;1923.83;1923.83;1923.83;0;0
MCFTR;D;20080619;000000;1921.16;1921.16;1921.16;1921.16;0;0
MCFTR;D;20080620;000000;1901.1;1901.1;1901.1;1901.1;0;0
MCFTR;D;20080623;000000;1871.76;1871.76;1871.76;1871.76;0;0
MCFTR;D;20080624;000000;1831.03;1831.03;1831.03;1831.03;0;0
MCFTR;D;20080625;000000;1833.65;1833.65;1833.65;1833.65;0;0
MCFTR;D;20080626;000000;1826.52;1826.52;1826.52;1826.52;0;0
MCFTR;D;20080627;000000;1835.3;1835.3;1835.3;1835.3;0;0
MCFTR;D;20080630;000000;1822.58;1822.58;1822.58;1822.58;0;0
MCFTR;D;20080701;000000;1759.75;1759.75;1759.75;1759.75;0;0
MCFTR;D;20080702;000000;1776.34;1776.34;1776.34;1776.34;0;0
MCFTR;D;20080703;000000;1766.16;1766.16;1766.16;1766.16;0;0
MCFTR;D;20080704;000000;1736.25;1736.25;1736.25;1736.25;0;0
MCFTR;D;20080707;000000;1749.34;1749.34;1749.34;1749.34;0;0
MCFTR;D;20080708;000000;1734.47;1734.47;1734.47;1734.47;0;0
MCFTR;D;20080709;000000;1724.79;1724.79;1724.79;1724.79;0;0
MCFTR;D;20080710;000000;1728.77;1728.77;1728.77;1728.77;0;0
MCFTR;D;20080711;000000;1689.64;1689.64;1689.64;1689.64;0;0
MCFTR;D;20080714;000000;1735.96;1735.96;1735.96;1735.96;0;0
MCFTR;D;20080715;000000;1697.22;1697.22;1697.22;1697.22;0;0
MCFTR;D;20080716;000000;1709.32;1709.32;1709.32;1709.32;0;0
MCFTR;D;20080717;000000;1759.74;1759.74;1759.74;1759.74;0;0
MCFTR;D;20080718;000000;1690.77;1690.77;1690.77;1690.77;0;0
MCFTR;D;20080721;000000;1702.51;1702.51;1702.51;1702.51;0;0
MCFTR;D;20080722;000000;1673.08;1673.08;1673.08;1673.08;0;0
MCFTR;D;20080723;000000;1669.88;1669.88;1669.88;1669.88;0;0
MCFTR;D;20080724;000000;1639.97;1639.97;1639.97;1639.97;0;0
MCFTR;D;20080725;000000;1549.89;1549.89;1549.89;1549.89;0;0
MCFTR;D;20080728;000000;1517.65;1517.65;1517.65;1517.65;0;0
MCFTR;D;20080729;000000;1501.78;1501.78;1501.78;1501.78;0;0
MCFTR;D;20080730;000000;1566.68;1566.68;1566.68;1566.68;0;0
MCFTR;D;20080731;000000;1560.55;1560.55;1560.55;1560.55;0;0
MCFTR;D;20080801;000000;1557.65;1557.65;1557.65;1557.65;0;0
MCFTR;D;20080804;000000;1514.9;1514.9;1514.9;1514.9;0;0
MCFTR;D;20080805;000000;1458.53;1458.53;1458.53;1458.53;0;0
MCFTR;D;20080806;000000;1473.8;1473.8;1473.8;1473.8;0;0
MCFTR;D;20080807;000000;1497.59;1497.59;1497.59;1497.59;0;0
MCFTR;D;20080808;000000;1419.03;1419.03;1419.03;1419.03;0;0
MCFTR;D;20080811;000000;1473.96;1473.96;1473.96;1473.96;0;0
MCFTR;D;20080812;000000;1512.67;1512.67;1512.67;1512.67;0;0
MCFTR;D;20080813;000000;1486.69;1486.69;1486.69;1486.69;0;0
MCFTR;D;20080814;000000;1507.89;1507.89;1507.89;1507.89;0;0
MCFTR;D;20080815;000000;1524.01;1524.01;1524.01;1524.01;0;0
MCFTR;D;20080818;000000;1511.94;1511.94;1511.94;1511.94;0;0
MCFTR;D;20080819;000000;1421.04;1421.04;1421.04;1421.04;0;0
MCFTR;D;20080820;000000;1447.18;1447.18;1447.18;1447.18;0;0
MCFTR;D;20080821;000000;1455.47;1455.47;1455.47;1455.47;0;0
MCFTR;D;20080822;000000;1434.76;1434.76;1434.76;1434.76;0;0
MCFTR;D;20080825;000000;1378.29;1378.29;1378.29;1378.29;0;0
MCFTR;D;20080826;000000;1349.51;1349.51;1349.51;1349.51;0;0
MCFTR;D;20080827;000000;1359.59;1359.59;1359.59;1359.59;0;0
MCFTR;D;20080828;000000;1425.05;1425.05;1425.05;1425.05;0;0
MCFTR;D;20080829;000000;1407.96;1407.96;1407.96;1407.96;0;0
MCFTR;D;20080901;000000;1426.04;1426.04;1426.04;1426.04;0;0
MCFTR;D;20080902;000000;1431.73;1431.73;1431.73;1431.73;0;0
MCFTR;D;20080903;000000;1385.72;1385.72;1385.72;1385.72;0;0
MCFTR;D;20080904;000000;1341.27;1341.27;1341.27;1341.27;0;0
MCFTR;D;20080905;000000;1291.94;1291.94;1291.94;1291.94;0;0
MCFTR;D;20080908;000000;1332.82;1332.82;1332.82;1332.82;0;0
MCFTR;D;20080909;000000;1211.74;1211.74;1211.74;1211.74;0;0
MCFTR;D;20080910;000000;1166.33;1166.33;1166.33;1166.33;0;0
MCFTR;D;20080911;000000;1122.75;1122.75;1122.75;1122.75;0;0
MCFTR;D;20080912;000000;1190.49;1190.49;1190.49;1190.49;0;0
MCFTR;D;20080915;000000;1116.92;1116.92;1116.92;1116.92;0;0
MCFTR;D;20080916;000000;922.01;922.01;922.01;922.01;0;0
MCFTR;D;20080917;000000;893.51;893.51;893.51;893.51;0;0
MCFTR;D;20080918;000000;893.51;893.51;893.51;893.51;0;0
MCFTR;D;20080919;000000;1149.88;1149.88;1149.88;1149.88;0;0
MCFTR;D;20080922;000000;1156.98;1156.98;1156.98;1156.98;0;0
MCFTR;D;20080923;000000;1120.98;1120.98;1120.98;1120.98;0;0
MCFTR;D;20080924;000000;1157.13;1157.13;1157.13;1157.13;0;0
MCFTR;D;20080925;000000;1146.44;1146.44;1146.44;1146.44;0;0
MCFTR;D;20080926;000000;1129.21;1129.21;1129.21;1129.21;0;0
MCFTR;D;20080929;000000;1067.06;1067.06;1067.06;1067.06;0;0
MCFTR;D;20080930;000000;1075.45;1075.45;1075.45;1075.45;0;0
MCFTR;D;20081001;000000;1064.47;1064.47;1064.47;1064.47;0;0
MCFTR;D;20081002;000000;1021.51;1021.51;1021.51;1021.51;0;0
MCFTR;D;20081003;000000;967.54;967.54;967.54;967.54;0;0
MCFTR;D;20081006;000000;786.97;786.97;786.97;786.97;0;0
MCFTR;D;20081007;000000;779.39;779.39;779.39;779.39;0;0
MCFTR;D;20081008;000000;667.53;667.53;667.53;667.53;0;0
MCFTR;D;20081009;000000;732.94;732.94;732.94;732.94;0;0
MCFTR;D;20081013;000000;698.19;698.19;698.19;698.19;0;0
MCFTR;D;20081014;000000;791.28;791.28;791.28;791.28;0;0
MCFTR;D;20081015;000000;722.64;722.64;722.64;722.64;0;0
MCFTR;D;20081016;000000;656.78;656.78;656.78;656.78;0;0
MCFTR;D;20081017;000000;628.27;628.27;628.27;628.27;0;0
MCFTR;D;20081020;000000;656.33;656.33;656.33;656.33;0;0
MCFTR;D;20081021;000000;683.66;683.66;683.66;683.66;0;0
MCFTR;D;20081022;000000;658.11;658.11;658.11;658.11;0;0
MCFTR;D;20081023;000000;627.46;627.46;627.46;627.46;0;0
MCFTR;D;20081024;000000;538.14;538.14;538.14;538.14;0;0
MCFTR;D;20081028;000000;560.41;560.41;560.41;560.41;0;0
MCFTR;D;20081029;000000;637.95;637.95;637.95;637.95;0;0
MCFTR;D;20081030;000000;762.12;762.12;762.12;762.12;0;0
MCFTR;D;20081031;000000;766.91;766.91;766.91;766.91;0;0
MCFTR;D;20081101;000000;803.65;803.65;803.65;803.65;0;0
MCFTR;D;20081105;000000;812.32;812.32;812.32;812.32;0;0
MCFTR;D;20081106;000000;734.14;734.14;734.14;734.14;0;0
MCFTR;D;20081107;000000;760.7;760.7;760.7;760.7;0;0
MCFTR;D;20081110;000000;777.02;777.02;777.02;777.02;0;0
MCFTR;D;20081111;000000;678.82;678.82;678.82;678.82;0;0
MCFTR;D;20081112;000000;678.82;678.82;678.82;678.82;0;0
MCFTR;D;20081113;000000;627.09;627.09;627.09;627.09;0;0
MCFTR;D;20081114;000000;620.43;620.43;620.43;620.43;0;0
MCFTR;D;20081117;000000;587.72;587.72;587.72;587.72;0;0
MCFTR;D;20081118;000000;606.91;606.91;606.91;606.91;0;0
MCFTR;D;20081119;000000;586.19;586.19;586.19;586.19;0;0
MCFTR;D;20081120;000000;560.54;560.54;560.54;560.54;0;0
MCFTR;D;20081121;000000;542.93;542.93;542.93;542.93;0;0
MCFTR;D;20081124;000000;635.29;635.29;635.29;635.29;0;0
MCFTR;D;20081125;000000;625.08;625.08;625.08;625.08;0;0
MCFTR;D;20081126;000000;617.6;617.6;617.6;617.6;0;0
MCFTR;D;20081127;000000;647.71;647.71;647.71;647.71;0;0
MCFTR;D;20081128;000000;642.07;642.07;642.07;642.07;0;0
MCFTR;D;20081201;000000;595.78;595.78;595.78;595.78;0;0
MCFTR;D;20081202;000000;609.63;609.63;609.63;609.63;0;0
MCFTR;D;20081203;000000;596.06;596.06;596.06;596.06;0;0
MCFTR;D;20081204;000000;597.05;597.05;597.05;597.05;0;0
MCFTR;D;20081205;000000;591.16;591.16;591.16;591.16;0;0
MCFTR;D;20081208;000000;649.96;649.96;649.96;649.96;0;0
MCFTR;D;20081209;000000;638.95;638.95;638.95;638.95;0;0
MCFTR;D;20081210;000000;650.34;650.34;650.34;650.34;0;0
MCFTR;D;20081211;000000;661.11;661.11;661.11;661.11;0;0
MCFTR;D;20081212;000000;652.33;652.33;652.33;652.33;0;0
MCFTR;D;20081215;000000;674.98;674.98;674.98;674.98;0;0
MCFTR;D;20081216;000000;677.65;677.65;677.65;677.65;0;0
MCFTR;D;20081217;000000;675.3;675.3;675.3;675.3;0;0
MCFTR;D;20081218;000000;639.22;639.22;639.22;639.22;0;0
MCFTR;D;20081219;000000;644.21;644.21;644.21;644.21;0;0
MCFTR;D;20081222;000000;666.92;666.92;666.92;666.92;0;0
MCFTR;D;20081223;000000;696.08;696.08;696.08;696.08;0;0
MCFTR;D;20081224;000000;679.11;679.11;679.11;679.11;0;0
MCFTR;D;20081225;000000;660.76;660.76;660.76;660.76;0;0
MCFTR;D;20081226;000000;640.52;640.52;640.52;640.52;0;0
MCFTR;D;20081229;000000;646.03;646.03;646.03;646.03;0;0
MCFTR;D;20081230;000000;650.29;650.29;650.29;650.29;0;0
MCFTR;D;20081231;000000;652.08;652.08;652.08;652.08;0;0
MCFTR;D;20090111;000000;680.36;680.36;680.36;680.36;0;0
MCFTR;D;20090112;000000;699.51;699.51;699.51;699.51;0;0
MCFTR;D;20090113;000000;702.55;702.55;702.55;702.55;0;0
MCFTR;D;20090114;000000;654.51;654.51;654.51;654.51;0;0
MCFTR;D;20090115;000000;649.5;649.5;649.5;649.5;0;0
MCFTR;D;20090116;000000;652.65;652.65;652.65;652.65;0;0
MCFTR;D;20090119;000000;629.43;629.43;629.43;629.43;0;0
MCFTR;D;20090120;000000;611.04;611.04;611.04;611.04;0;0
MCFTR;D;20090121;000000;625.59;625.59;625.59;625.59;0;0
MCFTR;D;20090122;000000;597.9;597.9;597.9;597.9;0;0
MCFTR;D;20090123;000000;593.67;593.67;593.67;593.67;0;0
MCFTR;D;20090126;000000;657.94;657.94;657.94;657.94;0;0
MCFTR;D;20090127;000000;646.51;646.51;646.51;646.51;0;0
MCFTR;D;20090128;000000;667.57;667.57;667.57;667.57;0;0
MCFTR;D;20090129;000000;664.04;664.04;664.04;664.04;0;0
MCFTR;D;20090130;000000;670.1;670.1;670.1;670.1;0;0
MCFTR;D;20090202;000000;671.72;671.72;671.72;671.72;0;0
MCFTR;D;20090203;000000;671.3;671.3;671.3;671.3;0;0
MCFTR;D;20090204;000000;681.89;681.89;681.89;681.89;0;0
MCFTR;D;20090205;000000;668.27;668.27;668.27;668.27;0;0
MCFTR;D;20090206;000000;703.55;703.55;703.55;703.55;0;0
MCFTR;D;20090209;000000;749.22;749.22;749.22;749.22;0;0
MCFTR;D;20090210;000000;780.67;780.67;780.67;780.67;0;0
MCFTR;D;20090211;000000;779.27;779.27;779.27;779.27;0;0
MCFTR;D;20090212;000000;740.28;740.28;740.28;740.28;0;0
MCFTR;D;20090213;000000;785.17;785.17;785.17;785.17;0;0
MCFTR;D;20090216;000000;763.49;763.49;763.49;763.49;0;0
MCFTR;D;20090217;000000;691.85;691.85;691.85;691.85;0;0
MCFTR;D;20090218;000000;673.37;673.37;673.37;673.37;0;0
MCFTR;D;20090219;000000;693.29;693.29;693.29;693.29;0;0
MCFTR;D;20090220;000000;677.35;677.35;677.35;677.35;0;0
MCFTR;D;20090224;000000;674.94;674.94;674.94;674.94;0;0
MCFTR;D;20090225;000000;678.66;678.66;678.66;678.66;0;0
MCFTR;D;20090226;000000;721.27;721.27;721.27;721.27;0;0
MCFTR;D;20090227;000000;714.57;714.57;714.57;714.57;0;0
MCFTR;D;20090302;000000;693.9;693.9;693.9;693.9;0;0
MCFTR;D;20090303;000000;701.79;701.79;701.79;701.79;0;0
MCFTR;D;20090304;000000;735.6;735.6;735.6;735.6;0;0
MCFTR;D;20090305;000000;720.85;720.85;720.85;720.85;0;0
MCFTR;D;20090306;000000;739.05;739.05;739.05;739.05;0;0
MCFTR;D;20090310;000000;804.84;804.84;804.84;804.84;0;0
MCFTR;D;20090311;000000;792.78;792.78;792.78;792.78;0;0
MCFTR;D;20090312;000000;781.28;781.28;781.28;781.28;0;0
MCFTR;D;20090313;000000;803.87;803.87;803.87;803.87;0;0
MCFTR;D;20090316;000000;818.31;818.31;818.31;818.31;0;0
MCFTR;D;20090317;000000;828.71;828.71;828.71;828.71;0;0
MCFTR;D;20090318;000000;797.18;797.18;797.18;797.18;0;0
MCFTR;D;20090319;000000;842.12;842.12;842.12;842.12;0;0
MCFTR;D;20090320;000000;849.75;849.75;849.75;849.75;0;0
MCFTR;D;20090323;000000;911.72;911.72;911.72;911.72;0;0
MCFTR;D;20090324;000000;875.21;875.21;875.21;875.21;0;0
MCFTR;D;20090325;000000;913.36;913.36;913.36;913.36;0;0
MCFTR;D;20090326;000000;911.41;911.41;911.41;911.41;0;0
MCFTR;D;20090327;000000;874.66;874.66;874.66;874.66;0;0
MCFTR;D;20090330;000000;818.97;818.97;818.97;818.97;0;0
MCFTR;D;20090331;000000;829.23;829.23;829.23;829.23;0;0
MCFTR;D;20090401;000000;844.56;844.56;844.56;844.56;0;0
MCFTR;D;20090402;000000;898.95;898.95;898.95;898.95;0;0
MCFTR;D;20090403;000000;898.98;898.98;898.98;898.98;0;0
MCFTR;D;20090406;000000;896.99;896.99;896.99;896.99;0;0
MCFTR;D;20090407;000000;904.77;904.77;904.77;904.77;0;0
MCFTR;D;20090408;000000;936.31;936.31;936.31;936.31;0;0
MCFTR;D;20090409;000000;989.89;989.89;989.89;989.89;0;0
MCFTR;D;20090410;000000;994.93;994.93;994.93;994.93;0;0
MCFTR;D;20090413;000000;970.77;970.77;970.77;970.77;0;0
MCFTR;D;20090414;000000;985.52;985.52;985.52;985.52;0;0
MCFTR;D;20090415;000000;972;972;972;972;0;0
MCFTR;D;20090416;000000;983.9;983.9;983.9;983.9;0;0
MCFTR;D;20090417;000000;1000.86;1000.86;1000.86;1000.86;0;0
MCFTR;D;20090420;000000;946.78;946.78;946.78;946.78;0;0
MCFTR;D;20090421;000000;941.11;941.11;941.11;941.11;0;0
MCFTR;D;20090422;000000;970.87;970.87;970.87;970.87;0;0
MCFTR;D;20090423;000000;995.75;995.75;995.75;995.75;0;0
MCFTR;D;20090424;000000;990.22;990.22;990.22;990.22;0;0
MCFTR;D;20090427;000000;968.19;968.19;968.19;968.19;0;0
MCFTR;D;20090428;000000;952.13;952.13;952.13;952.13;0;0
MCFTR;D;20090429;000000;989.17;989.17;989.17;989.17;0;0
MCFTR;D;20090430;000000;987.39;987.39;987.39;987.39;0;0
MCFTR;D;20090504;000000;1027.54;1027.54;1027.54;1027.54;0;0
MCFTR;D;20090505;000000;1026.76;1026.76;1026.76;1026.76;0;0
MCFTR;D;20090506;000000;1057.95;1057.95;1057.95;1057.95;0;0
MCFTR;D;20090507;000000;1085.36;1085.36;1085.36;1085.36;0;0
MCFTR;D;20090508;000000;1103.86;1103.86;1103.86;1103.86;0;0
MCFTR;D;20090512;000000;1136.72;1136.72;1136.72;1136.72;0;0
MCFTR;D;20090513;000000;1081.3;1081.3;1081.3;1081.3;0;0
MCFTR;D;20090514;000000;1073.51;1073.51;1073.51;1073.51;0;0
MCFTR;D;20090515;000000;1075.19;1075.19;1075.19;1075.19;0;0
MCFTR;D;20090518;000000;1086.67;1086.67;1086.67;1086.67;0;0
MCFTR;D;20090519;000000;1117.73;1117.73;1117.73;1117.73;0;0
MCFTR;D;20090520;000000;1174.47;1174.47;1174.47;1174.47;0;0
MCFTR;D;20090521;000000;1109.72;1109.72;1109.72;1109.72;0;0
MCFTR;D;20090522;000000;1130.81;1130.81;1130.81;1130.81;0;0
MCFTR;D;20090525;000000;1127.5;1127.5;1127.5;1127.5;0;0
MCFTR;D;20090526;000000;1116.72;1116.72;1116.72;1116.72;0;0
MCFTR;D;20090527;000000;1136.78;1136.78;1136.78;1136.78;0;0
MCFTR;D;20090528;000000;1153.33;1153.33;1153.33;1153.33;0;0
MCFTR;D;20090529;000000;1205.21;1205.21;1205.21;1205.21;0;0
MCFTR;D;20090601;000000;1294.06;1294.06;1294.06;1294.06;0;0
MCFTR;D;20090602;000000;1285.89;1285.89;1285.89;1285.89;0;0
MCFTR;D;20090603;000000;1190.01;1190.01;1190.01;1190.01;0;0
MCFTR;D;20090604;000000;1202.08;1202.08;1202.08;1202.08;0;0
MCFTR;D;20090605;000000;1227.62;1227.62;1227.62;1227.62;0;0
MCFTR;D;20090608;000000;1201.93;1201.93;1201.93;1201.93;0;0
MCFTR;D;20090609;000000;1194.96;1194.96;1194.96;1194.96;0;0
MCFTR;D;20090610;000000;1216.27;1216.27;1216.27;1216.27;0;0
MCFTR;D;20090611;000000;1221.45;1221.45;1221.45;1221.45;0;0
MCFTR;D;20090615;000000;1157.25;1157.25;1157.25;1157.25;0;0
MCFTR;D;20090616;000000;1180.13;1180.13;1180.13;1180.13;0;0
MCFTR;D;20090617;000000;1115.74;1115.74;1115.74;1115.74;0;0
MCFTR;D;20090618;000000;1095.9;1095.9;1095.9;1095.9;0;0
MCFTR;D;20090619;000000;1091.97;1091.97;1091.97;1091.97;0;0
MCFTR;D;20090622;000000;1006.84;1006.84;1006.84;1006.84;0;0
MCFTR;D;20090623;000000;984.64;984.64;984.64;984.64;0;0
MCFTR;D;20090624;000000;1057.16;1057.16;1057.16;1057.16;0;0
MCFTR;D;20090625;000000;1031.71;1031.71;1031.71;1031.71;0;0
MCFTR;D;20090626;000000;1030.65;1030.65;1030.65;1030.65;0;0
MCFTR;D;20090629;000000;1061.93;1061.93;1061.93;1061.93;0;0
MCFTR;D;20090630;000000;1042.88;1042.88;1042.88;1042.88;0;0
MCFTR;D;20090701;000000;1086.81;1086.81;1086.81;1086.81;0;0
MCFTR;D;20090702;000000;1048.82;1048.82;1048.82;1048.82;0;0
MCFTR;D;20090703;000000;1045.58;1045.58;1045.58;1045.58;0;0
MCFTR;D;20090706;000000;993.13;993.13;993.13;993.13;0;0
MCFTR;D;20090707;000000;995.07;995.07;995.07;995.07;0;0
MCFTR;D;20090708;000000;970.99;970.99;970.99;970.99;0;0
MCFTR;D;20090709;000000;961.99;961.99;961.99;961.99;0;0
MCFTR;D;20090710;000000;935.3;935.3;935.3;935.3;0;0
MCFTR;D;20090713;000000;945.84;945.84;945.84;945.84;0;0
MCFTR;D;20090714;000000;956.85;956.85;956.85;956.85;0;0
MCFTR;D;20090715;000000;1010.31;1010.31;1010.31;1010.31;0;0
MCFTR;D;20090716;000000;1007.65;1007.65;1007.65;1007.65;0;0
MCFTR;D;20090717;000000;1037.11;1037.11;1037.11;1037.11;0;0
MCFTR;D;20090720;000000;1058.18;1058.18;1058.18;1058.18;0;0
MCFTR;D;20090721;000000;1076.51;1076.51;1076.51;1076.51;0;0
MCFTR;D;20090722;000000;1052.71;1052.71;1052.71;1052.71;0;0
MCFTR;D;20090723;000000;1107.09;1107.09;1107.09;1107.09;0;0
MCFTR;D;20090724;000000;1102.34;1102.34;1102.34;1102.34;0;0
MCFTR;D;20090727;000000;1112.96;1112.96;1112.96;1112.96;0;0
MCFTR;D;20090728;000000;1078.01;1078.01;1078.01;1078.01;0;0
MCFTR;D;20090729;000000;1061.37;1061.37;1061.37;1061.37;0;0
MCFTR;D;20090730;000000;1125.54;1125.54;1125.54;1125.54;0;0
MCFTR;D;20090731;000000;1132.9;1132.9;1132.9;1132.9;0;0
MCFTR;D;20090803;000000;1182;1182;1182;1182;0;0
MCFTR;D;20090804;000000;1185.38;1185.38;1185.38;1185.38;0;0
MCFTR;D;20090805;000000;1166.09;1166.09;1166.09;1166.09;0;0
MCFTR;D;20090806;000000;1174.52;1174.52;1174.52;1174.52;0;0
MCFTR;D;20090807;000000;1199.7;1199.7;1199.7;1199.7;0;0
MCFTR;D;20090810;000000;1184.41;1184.41;1184.41;1184.41;0;0
MCFTR;D;20090811;000000;1150.12;1150.12;1150.12;1150.12;0;0
MCFTR;D;20090812;000000;1168.51;1168.51;1168.51;1168.51;0;0
MCFTR;D;20090813;000000;1183.74;1183.74;1183.74;1183.74;0;0
MCFTR;D;20090814;000000;1153.81;1153.81;1153.81;1153.81;0;0
MCFTR;D;20090817;000000;1113.64;1113.64;1113.64;1113.64;0;0
MCFTR;D;20090818;000000;1113.7;1113.7;1113.7;1113.7;0;0
MCFTR;D;20090819;000000;1112.22;1112.22;1112.22;1112.22;0;0
MCFTR;D;20090820;000000;1143.19;1143.19;1143.19;1143.19;0;0
MCFTR;D;20090821;000000;1189.63;1189.63;1189.63;1189.63;0;0
MCFTR;D;20090824;000000;1205.22;1205.22;1205.22;1205.22;0;0
MCFTR;D;20090825;000000;1200.17;1200.17;1200.17;1200.17;0;0
MCFTR;D;20090826;000000;1182.88;1182.88;1182.88;1182.88;0;0
MCFTR;D;20090827;000000;1161.67;1161.67;1161.67;1161.67;0;0
MCFTR;D;20090828;000000;1195.31;1195.31;1195.31;1195.31;0;0
MCFTR;D;20090831;000000;1174.72;1174.72;1174.72;1174.72;0;0
MCFTR;D;20090901;000000;1188.71;1188.71;1188.71;1188.71;0;0
MCFTR;D;20090902;000000;1158.28;1158.28;1158.28;1158.28;0;0
MCFTR;D;20090903;000000;1176.6;1176.6;1176.6;1176.6;0;0
MCFTR;D;20090904;000000;1167.84;1167.84;1167.84;1167.84;0;0
MCFTR;D;20090907;000000;1196.18;1196.18;1196.18;1196.18;0;0
MCFTR;D;20090908;000000;1236.94;1236.94;1236.94;1236.94;0;0
MCFTR;D;20090909;000000;1247.85;1247.85;1247.85;1247.85;0;0
MCFTR;D;20090910;000000;1241.58;1241.58;1241.58;1241.58;0;0
MCFTR;D;20090911;000000;1264.2;1264.2;1264.2;1264.2;0;0
MCFTR;D;20090914;000000;1263.98;1263.98;1263.98;1263.98;0;0
MCFTR;D;20090915;000000;1295.2;1295.2;1295.2;1295.2;0;0
MCFTR;D;20090916;000000;1309.94;1309.94;1309.94;1309.94;0;0
MCFTR;D;20090917;000000;1296.44;1296.44;1296.44;1296.44;0;0
MCFTR;D;20090918;000000;1299.92;1299.92;1299.92;1299.92;0;0
MCFTR;D;20090921;000000;1253.4;1253.4;1253.4;1253.4;0;0
MCFTR;D;20090922;000000;1294.07;1294.07;1294.07;1294.07;0;0
MCFTR;D;20090923;000000;1289.67;1289.67;1289.67;1289.67;0;0
MCFTR;D;20090924;000000;1266.47;1266.47;1266.47;1266.47;0;0
MCFTR;D;20090925;000000;1277.87;1277.87;1277.87;1277.87;0;0
MCFTR;D;20090928;000000;1299.74;1299.74;1299.74;1299.74;0;0
MCFTR;D;20090929;000000;1304.65;1304.65;1304.65;1304.65;0;0
MCFTR;D;20090930;000000;1287.92;1287.92;1287.92;1287.92;0;0
MCFTR;D;20091001;000000;1303.24;1303.24;1303.24;1303.24;0;0
MCFTR;D;20091002;000000;1264.93;1264.93;1264.93;1264.93;0;0
MCFTR;D;20091005;000000;1267.45;1267.45;1267.45;1267.45;0;0
MCFTR;D;20091006;000000;1312.93;1312.93;1312.93;1312.93;0;0
MCFTR;D;20091007;000000;1319.09;1319.09;1319.09;1319.09;0;0
MCFTR;D;20091008;000000;1375.41;1375.41;1375.41;1375.41;0;0
MCFTR;D;20091009;000000;1407.27;1407.27;1407.27;1407.27;0;0
MCFTR;D;20091012;000000;1460.3;1460.3;1460.3;1460.3;0;0
MCFTR;D;20091013;000000;1420.78;1420.78;1420.78;1420.78;0;0
MCFTR;D;20091014;000000;1466.13;1466.13;1466.13;1466.13;0;0
MCFTR;D;20091015;000000;1443.31;1443.31;1443.31;1443.31;0;0
MCFTR;D;20091016;000000;1416.87;1416.87;1416.87;1416.87;0;0
MCFTR;D;20091019;000000;1468.69;1468.69;1468.69;1468.69;0;0
MCFTR;D;20091020;000000;1464.94;1464.94;1464.94;1464.94;0;0
MCFTR;D;20091021;000000;1477.26;1477.26;1477.26;1477.26;0;0
MCFTR;D;20091022;000000;1462.05;1462.05;1462.05;1462.05;0;0
MCFTR;D;20091023;000000;1468.53;1468.53;1468.53;1468.53;0;0
MCFTR;D;20091026;000000;1461.24;1461.24;1461.24;1461.24;0;0
MCFTR;D;20091027;000000;1434.36;1434.36;1434.36;1434.36;0;0
MCFTR;D;20091028;000000;1348.33;1348.33;1348.33;1348.33;0;0
MCFTR;D;20091029;000000;1389.89;1389.89;1389.89;1389.89;0;0
MCFTR;D;20091030;000000;1330.93;1330.93;1330.93;1330.93;0;0
MCFTR;D;20091102;000000;1362.45;1362.45;1362.45;1362.45;0;0
MCFTR;D;20091103;000000;1310.94;1310.94;1310.94;1310.94;0;0
MCFTR;D;20091105;000000;1354.06;1354.06;1354.06;1354.06;0;0
MCFTR;D;20091106;000000;1336.22;1336.22;1336.22;1336.22;0;0
MCFTR;D;20091109;000000;1403.68;1403.68;1403.68;1403.68;0;0
MCFTR;D;20091110;000000;1423.24;1423.24;1423.24;1423.24;0;0
MCFTR;D;20091111;000000;1416.13;1416.13;1416.13;1416.13;0;0
MCFTR;D;20091112;000000;1415.69;1415.69;1415.69;1415.69;0;0
MCFTR;D;20091113;000000;1409.76;1409.76;1409.76;1409.76;0;0
MCFTR;D;20091116;000000;1468.84;1468.84;1468.84;1468.84;0;0
MCFTR;D;20091117;000000;1456.39;1456.39;1456.39;1456.39;0;0
MCFTR;D;20091118;000000;1475.99;1475.99;1475.99;1475.99;0;0
MCFTR;D;20091119;000000;1436.93;1436.93;1436.93;1436.93;0;0
MCFTR;D;20091120;000000;1435.46;1435.46;1435.46;1435.46;0;0
MCFTR;D;20091123;000000;1457.94;1457.94;1457.94;1457.94;0;0
MCFTR;D;20091124;000000;1432.2;1432.2;1432.2;1432.2;0;0
MCFTR;D;20091125;000000;1411.7;1411.7;1411.7;1411.7;0;0
MCFTR;D;20091126;000000;1365.27;1365.27;1365.27;1365.27;0;0
MCFTR;D;20091127;000000;1383.69;1383.69;1383.69;1383.69;0;0
MCFTR;D;20091130;000000;1382.52;1382.52;1382.52;1382.52;0;0
MCFTR;D;20091201;000000;1419.53;1419.53;1419.53;1419.53;0;0
MCFTR;D;20091202;000000;1426.43;1426.43;1426.43;1426.43;0;0
MCFTR;D;20091203;000000;1410.63;1410.63;1410.63;1410.63;0;0
MCFTR;D;20091204;000000;1444.53;1444.53;1444.53;1444.53;0;0
MCFTR;D;20091207;000000;1422.48;1422.48;1422.48;1422.48;0;0
MCFTR;D;20091208;000000;1410.52;1410.52;1410.52;1410.52;0;0
MCFTR;D;20091209;000000;1401.26;1401.26;1401.26;1401.26;0;0
MCFTR;D;20091210;000000;1403.67;1403.67;1403.67;1403.67;0;0
MCFTR;D;20091211;000000;1400.14;1400.14;1400.14;1400.14;0;0
MCFTR;D;20091214;000000;1417.36;1417.36;1417.36;1417.36;0;0
MCFTR;D;20091215;000000;1433.82;1433.82;1433.82;1433.82;0;0
MCFTR;D;20091216;000000;1494.41;1494.41;1494.41;1494.41;0;0
MCFTR;D;20091217;000000;1464.16;1464.16;1464.16;1464.16;0;0
MCFTR;D;20091218;000000;1472.71;1472.71;1472.71;1472.71;0;0
MCFTR;D;20091221;000000;1482.94;1482.94;1482.94;1482.94;0;0
MCFTR;D;20091222;000000;1470.29;1470.29;1470.29;1470.29;0;0
MCFTR;D;20091223;000000;1470.94;1470.94;1470.94;1470.94;0;0
MCFTR;D;20091224;000000;1454.16;1454.16;1454.16;1454.16;0;0
MCFTR;D;20091225;000000;1460.53;1460.53;1460.53;1460.53;0;0
MCFTR;D;20091228;000000;1465.34;1465.34;1465.34;1465.34;0;0
MCFTR;D;20091229;000000;1472.8;1472.8;1472.8;1472.8;0;0
MCFTR;D;20091230;000000;1465.8;1465.8;1465.8;1465.8;0;0
MCFTR;D;20091231;000000;1474.41;1474.41;1474.41;1474.41;0;0
MCFTR;D;20100111;000000;1568.06;1568.06;1568.06;1568.06;0;0
MCFTR;D;20100112;000000;1549.49;1549.49;1549.49;1549.49;0;0
MCFTR;D;20100113;000000;1557.46;1557.46;1557.46;1557.46;0;0
MCFTR;D;20100114;000000;1579.86;1579.86;1579.86;1579.86;0;0
MCFTR;D;20100115;000000;1576.62;1576.62;1576.62;1576.62;0;0
MCFTR;D;20100118;000000;1605.78;1605.78;1605.78;1605.78;0;0
MCFTR;D;20100119;000000;1610.66;1610.66;1610.66;1610.66;0;0
MCFTR;D;20100120;000000;1585.91;1585.91;1585.91;1585.91;0;0
MCFTR;D;20100121;000000;1558.42;1558.42;1558.42;1558.42;0;0
MCFTR;D;20100122;000000;1530.73;1530.73;1530.73;1530.73;0;0
MCFTR;D;20100125;000000;1536.67;1536.67;1536.67;1536.67;0;0
MCFTR;D;20100126;000000;1502.95;1502.95;1502.95;1502.95;0;0
MCFTR;D;20100127;000000;1509.96;1509.96;1509.96;1509.96;0;0
MCFTR;D;20100128;000000;1529.22;1529.22;1529.22;1529.22;0;0
MCFTR;D;20100129;000000;1543.46;1543.46;1543.46;1543.46;0;0
MCFTR;D;20100201;000000;1540.83;1540.83;1540.83;1540.83;0;0
MCFTR;D;20100202;000000;1562.18;1562.18;1562.18;1562.18;0;0
MCFTR;D;20100203;000000;1556.14;1556.14;1556.14;1556.14;0;0
MCFTR;D;20100204;000000;1517.86;1517.86;1517.86;1517.86;0;0
MCFTR;D;20100205;000000;1474.11;1474.11;1474.11;1474.11;0;0
MCFTR;D;20100208;000000;1437.69;1437.69;1437.69;1437.69;0;0
MCFTR;D;20100209;000000;1455.1;1455.1;1455.1;1455.1;0;0
MCFTR;D;20100210;000000;1443.23;1443.23;1443.23;1443.23;0;0
MCFTR;D;20100211;000000;1445.52;1445.52;1445.52;1445.52;0;0
MCFTR;D;20100212;000000;1418.89;1418.89;1418.89;1418.89;0;0
MCFTR;D;20100215;000000;1434.51;1434.51;1434.51;1434.51;0;0
MCFTR;D;20100216;000000;1480.47;1480.47;1480.47;1480.47;0;0
MCFTR;D;20100217;000000;1472.42;1472.42;1472.42;1472.42;0;0
MCFTR;D;20100218;000000;1455.77;1455.77;1455.77;1455.77;0;0
MCFTR;D;20100219;000000;1472.05;1472.05;1472.05;1472.05;0;0
MCFTR;D;20100224;000000;1451.16;1451.16;1451.16;1451.16;0;0
MCFTR;D;20100225;000000;1420.63;1420.63;1420.63;1420.63;0;0
MCFTR;D;20100226;000000;1439.4;1439.4;1439.4;1439.4;0;0
MCFTR;D;20100227;000000;1449.1;1449.1;1449.1;1449.1;0;0
MCFTR;D;20100301;000000;1474.8;1474.8;1474.8;1474.8;0;0
MCFTR;D;20100302;000000;1487.65;1487.65;1487.65;1487.65;0;0
MCFTR;D;20100303;000000;1499.86;1499.86;1499.86;1499.86;0;0
MCFTR;D;20100304;000000;1505.43;1505.43;1505.43;1505.43;0;0
MCFTR;D;20100305;000000;1537.97;1537.97;1537.97;1537.97;0;0
MCFTR;D;20100309;000000;1535.99;1535.99;1535.99;1535.99;0;0
MCFTR;D;20100310;000000;1524.9;1524.9;1524.9;1524.9;0;0
MCFTR;D;20100311;000000;1517.9;1517.9;1517.9;1517.9;0;0
MCFTR;D;20100312;000000;1539.47;1539.47;1539.47;1539.47;0;0
MCFTR;D;20100315;000000;1522.55;1522.55;1522.55;1522.55;0;0
MCFTR;D;20100316;000000;1544.92;1544.92;1544.92;1544.92;0;0
MCFTR;D;20100317;000000;1560.74;1560.74;1560.74;1560.74;0;0
MCFTR;D;20100318;000000;1558.72;1558.72;1558.72;1558.72;0;0
MCFTR;D;20100319;000000;1545.28;1545.28;1545.28;1545.28;0;0
MCFTR;D;20100322;000000;1541.43;1541.43;1541.43;1541.43;0;0
MCFTR;D;20100323;000000;1533.88;1533.88;1533.88;1533.88;0;0
MCFTR;D;20100324;000000;1527.53;1527.53;1527.53;1527.53;0;0
MCFTR;D;20100325;000000;1529.59;1529.59;1529.59;1529.59;0;0
MCFTR;D;20100326;000000;1539.24;1539.24;1539.24;1539.24;0;0
MCFTR;D;20100329;000000;1566.06;1566.06;1566.06;1566.06;0;0
MCFTR;D;20100330;000000;1569.99;1569.99;1569.99;1569.99;0;0
MCFTR;D;20100331;000000;1576.88;1576.88;1576.88;1576.88;0;0
MCFTR;D;20100401;000000;1608.97;1608.97;1608.97;1608.97;0;0
MCFTR;D;20100402;000000;1609.52;1609.52;1609.52;1609.52;0;0
MCFTR;D;20100405;000000;1617.55;1617.55;1617.55;1617.55;0;0
MCFTR;D;20100406;000000;1629.61;1629.61;1629.61;1629.61;0;0
MCFTR;D;20100407;000000;1607.64;1607.64;1607.64;1607.64;0;0
MCFTR;D;20100408;000000;1605.63;1605.63;1605.63;1605.63;0;0
MCFTR;D;20100409;000000;1627.69;1627.69;1627.69;1627.69;0;0
MCFTR;D;20100412;000000;1633.98;1633.98;1633.98;1633.98;0;0
MCFTR;D;20100413;000000;1630.37;1630.37;1630.37;1630.37;0;0
MCFTR;D;20100414;000000;1660.02;1660.02;1660.02;1660.02;0;0
MCFTR;D;20100415;000000;1664.72;1664.72;1664.72;1664.72;0;0
MCFTR;D;20100416;000000;1625.74;1625.74;1625.74;1625.74;0;0
MCFTR;D;20100419;000000;1586.69;1586.69;1586.69;1586.69;0;0
MCFTR;D;20100420;000000;1602.73;1602.73;1602.73;1602.73;0;0
MCFTR;D;20100421;000000;1593.97;1593.97;1593.97;1593.97;0;0
MCFTR;D;20100422;000000;1569.5;1569.5;1569.5;1569.5;0;0
MCFTR;D;20100423;000000;1595.88;1595.88;1595.88;1595.88;0;0
MCFTR;D;20100426;000000;1613.97;1613.97;1613.97;1613.97;0;0
MCFTR;D;20100427;000000;1592.12;1592.12;1592.12;1592.12;0;0
MCFTR;D;20100428;000000;1555.27;1555.27;1555.27;1555.27;0;0
MCFTR;D;20100429;000000;1582.31;1582.31;1582.31;1582.31;0;0
MCFTR;D;20100430;000000;1561.54;1561.54;1561.54;1561.54;0;0
MCFTR;D;20100504;000000;1514.81;1514.81;1514.81;1514.81;0;0
MCFTR;D;20100505;000000;1498.89;1498.89;1498.89;1498.89;0;0
MCFTR;D;20100506;000000;1484.43;1484.43;1484.43;1484.43;0;0
MCFTR;D;20100507;000000;1401.22;1401.22;1401.22;1401.22;0;0
MCFTR;D;20100511;000000;1450.74;1450.74;1450.74;1450.74;0;0
MCFTR;D;20100512;000000;1513.51;1513.51;1513.51;1513.51;0;0
MCFTR;D;20100513;000000;1499.19;1499.19;1499.19;1499.19;0;0
MCFTR;D;20100514;000000;1470.16;1470.16;1470.16;1470.16;0;0
MCFTR;D;20100517;000000;1475.87;1475.87;1475.87;1475.87;0;0
MCFTR;D;20100518;000000;1481.37;1481.37;1481.37;1481.37;0;0
MCFTR;D;20100519;000000;1436.33;1436.33;1436.33;1436.33;0;0
MCFTR;D;20100520;000000;1374.45;1374.45;1374.45;1374.45;0;0
MCFTR;D;20100521;000000;1375.45;1375.45;1375.45;1375.45;0;0
MCFTR;D;20100524;000000;1380.3;1380.3;1380.3;1380.3;0;0
MCFTR;D;20100525;000000;1302.03;1302.03;1302.03;1302.03;0;0
MCFTR;D;20100526;000000;1375.74;1375.74;1375.74;1375.74;0;0
MCFTR;D;20100527;000000;1420.12;1420.12;1420.12;1420.12;0;0
MCFTR;D;20100528;000000;1423.49;1423.49;1423.49;1423.49;0;0
MCFTR;D;20100531;000000;1449.08;1449.08;1449.08;1449.08;0;0
MCFTR;D;20100601;000000;1441.7;1441.7;1441.7;1441.7;0;0
MCFTR;D;20100602;000000;1458.83;1458.83;1458.83;1458.83;0;0
MCFTR;D;20100603;000000;1468.88;1468.88;1468.88;1468.88;0;0
MCFTR;D;20100604;000000;1450.4;1450.4;1450.4;1450.4;0;0
MCFTR;D;20100607;000000;1437.9;1437.9;1437.9;1437.9;0;0
MCFTR;D;20100608;000000;1415.51;1415.51;1415.51;1415.51;0;0
MCFTR;D;20100609;000000;1430.43;1430.43;1430.43;1430.43;0;0
MCFTR;D;20100610;000000;1457.58;1457.58;1457.58;1457.58;0;0
MCFTR;D;20100611;000000;1453.23;1453.23;1453.23;1453.23;0;0
MCFTR;D;20100615;000000;1491.54;1491.54;1491.54;1491.54;0;0
MCFTR;D;20100616;000000;1489.66;1489.66;1489.66;1489.66;0;0
MCFTR;D;20100617;000000;1475.08;1475.08;1475.08;1475.08;0;0
MCFTR;D;20100618;000000;1487.62;1487.62;1487.62;1487.62;0;0
MCFTR;D;20100621;000000;1529.5;1529.5;1529.5;1529.5;0;0
MCFTR;D;20100622;000000;1509.81;1509.81;1509.81;1509.81;0;0
MCFTR;D;20100623;000000;1498.78;1498.78;1498.78;1498.78;0;0
MCFTR;D;20100624;000000;1482.66;1482.66;1482.66;1482.66;0;0
MCFTR;D;20100625;000000;1465.72;1465.72;1465.72;1465.72;0;0
MCFTR;D;20100628;000000;1483.49;1483.49;1483.49;1483.49;0;0
MCFTR;D;20100629;000000;1439.85;1439.85;1439.85;1439.85;0;0
MCFTR;D;20100630;000000;1424.64;1424.64;1424.64;1424.64;0;0
MCFTR;D;20100701;000000;1365.16;1365.16;1365.16;1365.16;0;0
MCFTR;D;20100702;000000;1401.5;1401.5;1401.5;1401.5;0;0
MCFTR;D;20100705;000000;1406.01;1406.01;1406.01;1406.01;0;0
MCFTR;D;20100706;000000;1444.89;1444.89;1444.89;1444.89;0;0
MCFTR;D;20100707;000000;1445.04;1445.04;1445.04;1445.04;0;0
MCFTR;D;20100708;000000;1437.28;1437.28;1437.28;1437.28;0;0
MCFTR;D;20100709;000000;1441.12;1441.12;1441.12;1441.12;0;0
MCFTR;D;20100712;000000;1463.32;1463.32;1463.32;1463.32;0;0
MCFTR;D;20100713;000000;1488.72;1488.72;1488.72;1488.72;0;0
MCFTR;D;20100714;000000;1478.59;1478.59;1478.59;1478.59;0;0
MCFTR;D;20100715;000000;1458.57;1458.57;1458.57;1458.57;0;0
MCFTR;D;20100716;000000;1444.8;1444.8;1444.8;1444.8;0;0
MCFTR;D;20100719;000000;1454.59;1454.59;1454.59;1454.59;0;0
MCFTR;D;20100720;000000;1446.06;1446.06;1446.06;1446.06;0;0
MCFTR;D;20100721;000000;1474.75;1474.75;1474.75;1474.75;0;0
MCFTR;D;20100722;000000;1503.63;1503.63;1503.63;1503.63;0;0
MCFTR;D;20100723;000000;1503.08;1503.08;1503.08;1503.08;0;0
MCFTR;D;20100726;000000;1520.56;1520.56;1520.56;1520.56;0;0
MCFTR;D;20100727;000000;1525.61;1525.61;1525.61;1525.61;0;0
MCFTR;D;20100728;000000;1518.35;1518.35;1518.35;1518.35;0;0
MCFTR;D;20100729;000000;1543.89;1543.89;1543.89;1543.89;0;0
MCFTR;D;20100730;000000;1520.78;1520.78;1520.78;1520.78;0;0
MCFTR;D;20100802;000000;1555.87;1555.87;1555.87;1555.87;0;0
MCFTR;D;20100803;000000;1537.25;1537.25;1537.25;1537.25;0;0
MCFTR;D;20100804;000000;1543.81;1543.81;1543.81;1543.81;0;0
MCFTR;D;20100805;000000;1540.11;1540.11;1540.11;1540.11;0;0
MCFTR;D;20100806;000000;1527.51;1527.51;1527.51;1527.51;0;0
MCFTR;D;20100809;000000;1545.06;1545.06;1545.06;1545.06;0;0
MCFTR;D;20100810;000000;1521.61;1521.61;1521.61;1521.61;0;0
MCFTR;D;20100811;000000;1498.99;1498.99;1498.99;1498.99;0;0
MCFTR;D;20100812;000000;1497.53;1497.53;1497.53;1497.53;0;0
MCFTR;D;20100813;000000;1493.09;1493.09;1493.09;1493.09;0;0
MCFTR;D;20100816;000000;1495.01;1495.01;1495.01;1495.01;0;0
MCFTR;D;20100817;000000;1514.87;1514.87;1514.87;1514.87;0;0
MCFTR;D;20100818;000000;1510.15;1510.15;1510.15;1510.15;0;0
MCFTR;D;20100819;000000;1497.42;1497.42;1497.42;1497.42;0;0
MCFTR;D;20100820;000000;1487.85;1487.85;1487.85;1487.85;0;0
MCFTR;D;20100823;000000;1488.33;1488.33;1488.33;1488.33;0;0
MCFTR;D;20100824;000000;1458.99;1458.99;1458.99;1458.99;0;0
MCFTR;D;20100825;000000;1456.02;1456.02;1456.02;1456.02;0;0
MCFTR;D;20100826;000000;1479.77;1479.77;1479.77;1479.77;0;0
MCFTR;D;20100827;000000;1490.76;1490.76;1490.76;1490.76;0;0
MCFTR;D;20100830;000000;1495.42;1495.42;1495.42;1495.42;0;0
MCFTR;D;20100831;000000;1493.38;1493.38;1493.38;1493.38;0;0
MCFTR;D;20100901;000000;1521.38;1521.38;1521.38;1521.38;0;0
MCFTR;D;20100902;000000;1529.28;1529.28;1529.28;1529.28;0;0
MCFTR;D;20100903;000000;1538.39;1538.39;1538.39;1538.39;0;0
MCFTR;D;20100906;000000;1536.73;1536.73;1536.73;1536.73;0;0
MCFTR;D;20100907;000000;1525.88;1525.88;1525.88;1525.88;0;0
MCFTR;D;20100908;000000;1551.39;1551.39;1551.39;1551.39;0;0
MCFTR;D;20100909;000000;1568.18;1568.18;1568.18;1568.18;0;0
MCFTR;D;20100910;000000;1564.26;1564.26;1564.26;1564.26;0;0
MCFTR;D;20100913;000000;1572.72;1572.72;1572.72;1572.72;0;0
MCFTR;D;20100914;000000;1563.6;1563.6;1563.6;1563.6;0;0
MCFTR;D;20100915;000000;1567.05;1567.05;1567.05;1567.05;0;0
MCFTR;D;20100916;000000;1561.28;1561.28;1561.28;1561.28;0;0
MCFTR;D;20100917;000000;1546.62;1546.62;1546.62;1546.62;0;0
MCFTR;D;20100920;000000;1556.64;1556.64;1556.64;1556.64;0;0
MCFTR;D;20100921;000000;1564.34;1564.34;1564.34;1564.34;0;0
MCFTR;D;20100922;000000;1561.41;1561.41;1561.41;1561.41;0;0
MCFTR;D;20100923;000000;1560.22;1560.22;1560.22;1560.22;0;0
MCFTR;D;20100924;000000;1566.7;1566.7;1566.7;1566.7;0;0
MCFTR;D;20100927;000000;1547.73;1547.73;1547.73;1547.73;0;0
MCFTR;D;20100928;000000;1538.39;1538.39;1538.39;1538.39;0;0
MCFTR;D;20100929;000000;1548.28;1548.28;1548.28;1548.28;0;0
MCFTR;D;20100930;000000;1571.33;1571.33;1571.33;1571.33;0;0
MCFTR;D;20101001;000000;1588.05;1588.05;1588.05;1588.05;0;0
MCFTR;D;20101004;000000;1598.37;1598.37;1598.37;1598.37;0;0
MCFTR;D;20101005;000000;1608.12;1608.12;1608.12;1608.12;0;0
MCFTR;D;20101006;000000;1609.31;1609.31;1609.31;1609.31;0;0
MCFTR;D;20101007;000000;1601.88;1601.88;1601.88;1601.88;0;0
MCFTR;D;20101008;000000;1597.91;1597.91;1597.91;1597.91;0;0
MCFTR;D;20101011;000000;1616.94;1616.94;1616.94;1616.94;0;0
MCFTR;D;20101012;000000;1612.22;1612.22;1612.22;1612.22;0;0
MCFTR;D;20101013;000000;1629.05;1629.05;1629.05;1629.05;0;0
MCFTR;D;20101014;000000;1624.52;1624.52;1624.52;1624.52;0;0
MCFTR;D;20101015;000000;1627.16;1627.16;1627.16;1627.16;0;0
MCFTR;D;20101018;000000;1637.17;1637.17;1637.17;1637.17;0;0
MCFTR;D;20101019;000000;1626.08;1626.08;1626.08;1626.08;0;0
MCFTR;D;20101020;000000;1629.35;1629.35;1629.35;1629.35;0;0
MCFTR;D;20101021;000000;1667.12;1667.12;1667.12;1667.12;0;0
MCFTR;D;20101022;000000;1657.51;1657.51;1657.51;1657.51;0;0
MCFTR;D;20101025;000000;1667.27;1667.27;1667.27;1667.27;0;0
MCFTR;D;20101026;000000;1663.55;1663.55;1663.55;1663.55;0;0
MCFTR;D;20101027;000000;1644.15;1644.15;1644.15;1644.15;0;0
MCFTR;D;20101028;000000;1643.66;1643.66;1643.66;1643.66;0;0
MCFTR;D;20101029;000000;1661.97;1661.97;1661.97;1661.97;0;0
MCFTR;D;20101101;000000;1673.28;1673.28;1673.28;1673.28;0;0
MCFTR;D;20101102;000000;1677.17;1677.17;1677.17;1677.17;0;0
MCFTR;D;20101103;000000;1680.27;1680.27;1680.27;1680.27;0;0
MCFTR;D;20101108;000000;1710.98;1710.98;1710.98;1710.98;0;0
MCFTR;D;20101109;000000;1739.85;1739.85;1739.85;1739.85;0;0
MCFTR;D;20101110;000000;1717.93;1717.93;1717.93;1717.93;0;0
MCFTR;D;20101111;000000;1698.07;1698.07;1698.07;1698.07;0;0
MCFTR;D;20101112;000000;1689.93;1689.93;1689.93;1689.93;0;0
MCFTR;D;20101113;000000;1681.35;1681.35;1681.35;1681.35;0;0
MCFTR;D;20101115;000000;1697.8;1697.8;1697.8;1697.8;0;0
MCFTR;D;20101116;000000;1665.57;1665.57;1665.57;1665.57;0;0
MCFTR;D;20101117;000000;1673.52;1673.52;1673.52;1673.52;0;0
MCFTR;D;20101118;000000;1693.47;1693.47;1693.47;1693.47;0;0
MCFTR;D;20101119;000000;1698.48;1698.48;1698.48;1698.48;0;0
MCFTR;D;20101122;000000;1691.52;1691.52;1691.52;1691.52;0;0
MCFTR;D;20101123;000000;1676.73;1676.73;1676.73;1676.73;0;0
MCFTR;D;20101124;000000;1704.12;1704.12;1704.12;1704.12;0;0
MCFTR;D;20101125;000000;1714.31;1714.31;1714.31;1714.31;0;0
MCFTR;D;20101126;000000;1708.96;1708.96;1708.96;1708.96;0;0
MCFTR;D;20101129;000000;1696.13;1696.13;1696.13;1696.13;0;0
MCFTR;D;20101130;000000;1707.99;1707.99;1707.99;1707.99;0;0
MCFTR;D;20101201;000000;1747.53;1747.53;1747.53;1747.53;0;0
MCFTR;D;20101202;000000;1780.93;1780.93;1780.93;1780.93;0;0
MCFTR;D;20101203;000000;1799.68;1799.68;1799.68;1799.68;0;0
MCFTR;D;20101206;000000;1824.78;1824.78;1824.78;1824.78;0;0
MCFTR;D;20101207;000000;1828.97;1828.97;1828.97;1828.97;0;0
MCFTR;D;20101208;000000;1800.25;1800.25;1800.25;1800.25;0;0
MCFTR;D;20101209;000000;1811.75;1811.75;1811.75;1811.75;0;0
MCFTR;D;20101210;000000;1807.08;1807.08;1807.08;1807.08;0;0
MCFTR;D;20101213;000000;1813.74;1813.74;1813.74;1813.74;0;0
MCFTR;D;20101214;000000;1817.92;1817.92;1817.92;1817.92;0;0
MCFTR;D;20101215;000000;1822.26;1822.26;1822.26;1822.26;0;0
MCFTR;D;20101216;000000;1811.29;1811.29;1811.29;1811.29;0;0
MCFTR;D;20101217;000000;1818.53;1818.53;1818.53;1818.53;0;0
MCFTR;D;20101220;000000;1814.49;1814.49;1814.49;1814.49;0;0
MCFTR;D;20101221;000000;1826.19;1826.19;1826.19;1826.19;0;0
MCFTR;D;20101222;000000;1835.77;1835.77;1835.77;1835.77;0;0
MCFTR;D;20101223;000000;1837.85;1837.85;1837.85;1837.85;0;0
MCFTR;D;20101224;000000;1828.35;1828.35;1828.35;1828.35;0;0
MCFTR;D;20101227;000000;1814.97;1814.97;1814.97;1814.97;0;0
MCFTR;D;20101228;000000;1821.75;1821.75;1821.75;1821.75;0;0
MCFTR;D;20101229;000000;1835.77;1835.77;1835.77;1835.77;0;0
MCFTR;D;20101230;000000;1847.21;1847.21;1847.21;1847.21;0;0
MCFTR;D;20110111;000000;1895.07;1895.07;1895.07;1895.07;0;0
MCFTR;D;20110112;000000;1945.37;1945.37;1945.37;1945.37;0;0
MCFTR;D;20110113;000000;1934.63;1934.63;1934.63;1934.63;0;0
MCFTR;D;20110114;000000;1929.09;1929.09;1929.09;1929.09;0;0
MCFTR;D;20110117;000000;1958.86;1958.86;1958.86;1958.86;0;0
MCFTR;D;20110118;000000;1951.83;1951.83;1951.83;1951.83;0;0
MCFTR;D;20110119;000000;1950.88;1950.88;1950.88;1950.88;0;0
MCFTR;D;20110120;000000;1917.1;1917.1;1917.1;1917.1;0;0
MCFTR;D;20110121;000000;1932.02;1932.02;1932.02;1932.02;0;0
MCFTR;D;20110124;000000;1902.51;1902.51;1902.51;1902.51;0;0
MCFTR;D;20110125;000000;1897.58;1897.58;1897.58;1897.58;0;0
MCFTR;D;20110126;000000;1931.1;1931.1;1931.1;1931.1;0;0
MCFTR;D;20110127;000000;1936.61;1936.61;1936.61;1936.61;0;0
MCFTR;D;20110128;000000;1918.34;1918.34;1918.34;1918.34;0;0
MCFTR;D;20110131;000000;1905.52;1905.52;1905.52;1905.52;0;0
MCFTR;D;20110201;000000;1941.49;1941.49;1941.49;1941.49;0;0
MCFTR;D;20110202;000000;1951.96;1951.96;1951.96;1951.96;0;0
MCFTR;D;20110203;000000;1934.67;1934.67;1934.67;1934.67;0;0
MCFTR;D;20110204;000000;1953.19;1953.19;1953.19;1953.19;0;0
MCFTR;D;20110207;000000;1954.05;1954.05;1954.05;1954.05;0;0
MCFTR;D;20110208;000000;1912.28;1912.28;1912.28;1912.28;0;0
MCFTR;D;20110209;000000;1905.41;1905.41;1905.41;1905.41;0;0
MCFTR;D;20110210;000000;1853.94;1853.94;1853.94;1853.94;0;0
MCFTR;D;20110211;000000;1895.03;1895.03;1895.03;1895.03;0;0
MCFTR;D;20110214;000000;1888.95;1888.95;1888.95;1888.95;0;0
MCFTR;D;20110215;000000;1875.18;1875.18;1875.18;1875.18;0;0
MCFTR;D;20110216;000000;1887.52;1887.52;1887.52;1887.52;0;0
MCFTR;D;20110217;000000;1871.79;1871.79;1871.79;1871.79;0;0
MCFTR;D;20110218;000000;1868.69;1868.69;1868.69;1868.69;0;0
MCFTR;D;20110221;000000;1894.07;1894.07;1894.07;1894.07;0;0
MCFTR;D;20110222;000000;1881.19;1881.19;1881.19;1881.19;0;0
MCFTR;D;20110224;000000;1896.91;1896.91;1896.91;1896.91;0;0
MCFTR;D;20110225;000000;1932.88;1932.88;1932.88;1932.88;0;0
MCFTR;D;20110228;000000;1966.19;1966.19;1966.19;1966.19;0;0
MCFTR;D;20110301;000000;1944.73;1944.73;1944.73;1944.73;0;0
MCFTR;D;20110302;000000;1952.41;1952.41;1952.41;1952.41;0;0
MCFTR;D;20110303;000000;1960.65;1960.65;1960.65;1960.65;0;0
MCFTR;D;20110304;000000;1951.95;1951.95;1951.95;1951.95;0;0
MCFTR;D;20110305;000000;1969.26;1969.26;1969.26;1969.26;0;0
MCFTR;D;20110309;000000;1967.74;1967.74;1967.74;1967.74;0;0
MCFTR;D;20110310;000000;1915.27;1915.27;1915.27;1915.27;0;0
MCFTR;D;20110311;000000;1902.17;1902.17;1902.17;1902.17;0;0
MCFTR;D;20110314;000000;1909.72;1909.72;1909.72;1909.72;0;0
MCFTR;D;20110315;000000;1880.7;1880.7;1880.7;1880.7;0;0
MCFTR;D;20110316;000000;1885.83;1885.83;1885.83;1885.83;0;0
MCFTR;D;20110317;000000;1921.71;1921.71;1921.71;1921.71;0;0
MCFTR;D;20110318;000000;1932.44;1932.44;1932.44;1932.44;0;0
MCFTR;D;20110321;000000;1938.93;1938.93;1938.93;1938.93;0;0
MCFTR;D;20110322;000000;1925.82;1925.82;1925.82;1925.82;0;0
MCFTR;D;20110323;000000;1958.14;1958.14;1958.14;1958.14;0;0
MCFTR;D;20110324;000000;1985.61;1985.61;1985.61;1985.61;0;0
MCFTR;D;20110325;000000;1998.95;1998.95;1998.95;1998.95;0;0
MCFTR;D;20110328;000000;2002.75;2002.75;2002.75;2002.75;0;0
MCFTR;D;20110329;000000;1977.58;1977.58;1977.58;1977.58;0;0
MCFTR;D;20110330;000000;2007.95;2007.95;2007.95;2007.95;0;0
MCFTR;D;20110331;000000;2005.73;2005.73;2005.73;2005.73;0;0
MCFTR;D;20110401;000000;2038.73;2038.73;2038.73;2038.73;0;0
MCFTR;D;20110404;000000;2048.23;2048.23;2048.23;2048.23;0;0
MCFTR;D;20110405;000000;2044.02;2044.02;2044.02;2044.02;0;0
MCFTR;D;20110406;000000;2057.04;2057.04;2057.04;2057.04;0;0
MCFTR;D;20110407;000000;2039.72;2039.72;2039.72;2039.72;0;0
MCFTR;D;20110408;000000;2052.6;2052.6;2052.6;2052.6;0;0
MCFTR;D;20110411;000000;2041.33;2041.33;2041.33;2041.33;0;0
MCFTR;D;20110412;000000;1990.63;1990.63;1990.63;1990.63;0;0
MCFTR;D;20110413;000000;2001.57;2001.57;2001.57;2001.57;0;0
MCFTR;D;20110414;000000;1970.25;1970.25;1970.25;1970.25;0;0
MCFTR;D;20110415;000000;1968.98;1968.98;1968.98;1968.98;0;0
MCFTR;D;20110418;000000;1895.66;1895.66;1895.66;1895.66;0;0
MCFTR;D;20110419;000000;1941.63;1941.63;1941.63;1941.63;0;0
MCFTR;D;20110420;000000;1972.32;1972.32;1972.32;1972.32;0;0
MCFTR;D;20110421;000000;1969.24;1969.24;1969.24;1969.24;0;0
MCFTR;D;20110422;000000;1984.02;1984.02;1984.02;1984.02;0;0
MCFTR;D;20110425;000000;1957.45;1957.45;1957.45;1957.45;0;0
MCFTR;D;20110426;000000;1953.41;1953.41;1953.41;1953.41;0;0
MCFTR;D;20110427;000000;1929.82;1929.82;1929.82;1929.82;0;0
MCFTR;D;20110428;000000;1935.01;1935.01;1935.01;1935.01;0;0
MCFTR;D;20110429;000000;1926.38;1926.38;1926.38;1926.38;0;0
MCFTR;D;20110503;000000;1870.65;1870.65;1870.65;1870.65;0;0
MCFTR;D;20110504;000000;1833.15;1833.15;1833.15;1833.15;0;0
MCFTR;D;20110505;000000;1819.19;1819.19;1819.19;1819.19;0;0
MCFTR;D;20110506;000000;1859.1;1859.1;1859.1;1859.1;0;0
MCFTR;D;20110510;000000;1855.92;1855.92;1855.92;1855.92;0;0
MCFTR;D;20110511;000000;1830.09;1830.09;1830.09;1830.09;0;0
MCFTR;D;20110512;000000;1803.55;1803.55;1803.55;1803.55;0;0
MCFTR;D;20110513;000000;1805.15;1805.15;1805.15;1805.15;0;0
MCFTR;D;20110516;000000;1794.92;1794.92;1794.92;1794.92;0;0
MCFTR;D;20110517;000000;1779.09;1779.09;1779.09;1779.09;0;0
MCFTR;D;20110518;000000;1799.4;1799.4;1799.4;1799.4;0;0
MCFTR;D;20110519;000000;1803.48;1803.48;1803.48;1803.48;0;0
MCFTR;D;20110520;000000;1773.9;1773.9;1773.9;1773.9;0;0
MCFTR;D;20110523;000000;1739.8;1739.8;1739.8;1739.8;0;0
MCFTR;D;20110524;000000;1768.2;1768.2;1768.2;1768.2;0;0
MCFTR;D;20110525;000000;1785.94;1785.94;1785.94;1785.94;0;0
MCFTR;D;20110526;000000;1776.38;1776.38;1776.38;1776.38;0;0
MCFTR;D;20110527;000000;1811.6;1811.6;1811.6;1811.6;0;0
MCFTR;D;20110530;000000;1819.27;1819.27;1819.27;1819.27;0;0
MCFTR;D;20110531;000000;1842.83;1842.83;1842.83;1842.83;0;0
MCFTR;D;20110601;000000;1825.79;1825.79;1825.79;1825.79;0;0
MCFTR;D;20110602;000000;1834.32;1834.32;1834.32;1834.32;0;0
MCFTR;D;20110603;000000;1806.26;1806.26;1806.26;1806.26;0;0
MCFTR;D;20110606;000000;1806.78;1806.78;1806.78;1806.78;0;0
MCFTR;D;20110607;000000;1839.1;1839.1;1839.1;1839.1;0;0
MCFTR;D;20110608;000000;1841.45;1841.45;1841.45;1841.45;0;0
MCFTR;D;20110609;000000;1871.87;1871.87;1871.87;1871.87;0;0
MCFTR;D;20110610;000000;1862.61;1862.61;1862.61;1862.61;0;0
MCFTR;D;20110614;000000;1860.06;1860.06;1860.06;1860.06;0;0
MCFTR;D;20110615;000000;1856.92;1856.92;1856.92;1856.92;0;0
MCFTR;D;20110616;000000;1848.38;1848.38;1848.38;1848.38;0;0
MCFTR;D;20110617;000000;1820.42;1820.42;1820.42;1820.42;0;0
MCFTR;D;20110620;000000;1798.65;1798.65;1798.65;1798.65;0;0
MCFTR;D;20110621;000000;1808.87;1808.87;1808.87;1808.87;0;0
MCFTR;D;20110622;000000;1814.13;1814.13;1814.13;1814.13;0;0
MCFTR;D;20110623;000000;1778.49;1778.49;1778.49;1778.49;0;0
MCFTR;D;20110624;000000;1807.33;1807.33;1807.33;1807.33;0;0
MCFTR;D;20110627;000000;1799.55;1799.55;1799.55;1799.55;0;0
MCFTR;D;20110628;000000;1826.7;1826.7;1826.7;1826.7;0;0
MCFTR;D;20110629;000000;1836.1;1836.1;1836.1;1836.1;0;0
MCFTR;D;20110630;000000;1843.39;1843.39;1843.39;1843.39;0;0
MCFTR;D;20110701;000000;1878.99;1878.99;1878.99;1878.99;0;0
MCFTR;D;20110704;000000;1887.86;1887.86;1887.86;1887.86;0;0
MCFTR;D;20110705;000000;1894.66;1894.66;1894.66;1894.66;0;0
MCFTR;D;20110706;000000;1889.59;1889.59;1889.59;1889.59;0;0
MCFTR;D;20110707;000000;1928.5;1928.5;1928.5;1928.5;0;0
MCFTR;D;20110708;000000;1910.82;1910.82;1910.82;1910.82;0;0
MCFTR;D;20110711;000000;1885.23;1885.23;1885.23;1885.23;0;0
MCFTR;D;20110712;000000;1890.15;1890.15;1890.15;1890.15;0;0
MCFTR;D;20110713;000000;1899.31;1899.31;1899.31;1899.31;0;0
MCFTR;D;20110714;000000;1900.75;1900.75;1900.75;1900.75;0;0
MCFTR;D;20110715;000000;1899.77;1899.77;1899.77;1899.77;0;0
MCFTR;D;20110718;000000;1869.89;1869.89;1869.89;1869.89;0;0
MCFTR;D;20110719;000000;1883.74;1883.74;1883.74;1883.74;0;0
MCFTR;D;20110720;000000;1885.59;1885.59;1885.59;1885.59;0;0
MCFTR;D;20110721;000000;1916.36;1916.36;1916.36;1916.36;0;0
MCFTR;D;20110722;000000;1916.18;1916.18;1916.18;1916.18;0;0
MCFTR;D;20110725;000000;1914.07;1914.07;1914.07;1914.07;0;0
MCFTR;D;20110726;000000;1908.72;1908.72;1908.72;1908.72;0;0
MCFTR;D;20110727;000000;1891.18;1891.18;1891.18;1891.18;0;0
MCFTR;D;20110728;000000;1906.81;1906.81;1906.81;1906.81;0;0
MCFTR;D;20110729;000000;1889.96;1889.96;1889.96;1889.96;0;0
MCFTR;D;20110801;000000;1912.04;1912.04;1912.04;1912.04;0;0
MCFTR;D;20110802;000000;1898.9;1898.9;1898.9;1898.9;0;0
MCFTR;D;20110803;000000;1834.74;1834.74;1834.74;1834.74;0;0
MCFTR;D;20110804;000000;1796.86;1796.86;1796.86;1796.86;0;0
MCFTR;D;20110805;000000;1759.52;1759.52;1759.52;1759.52;0;0
MCFTR;D;20110808;000000;1662.83;1662.83;1662.83;1662.83;0;0
MCFTR;D;20110809;000000;1660.64;1660.64;1660.64;1660.64;0;0
MCFTR;D;20110810;000000;1588.23;1588.23;1588.23;1588.23;0;0
MCFTR;D;20110811;000000;1596.55;1596.55;1596.55;1596.55;0;0
MCFTR;D;20110812;000000;1631.67;1631.67;1631.67;1631.67;0;0
MCFTR;D;20110815;000000;1676.19;1676.19;1676.19;1676.19;0;0
MCFTR;D;20110816;000000;1643.45;1643.45;1643.45;1643.45;0;0
MCFTR;D;20110817;000000;1674.53;1674.53;1674.53;1674.53;0;0
MCFTR;D;20110818;000000;1611.99;1611.99;1611.99;1611.99;0;0
MCFTR;D;20110819;000000;1596.36;1596.36;1596.36;1596.36;0;0
MCFTR;D;20110822;000000;1611.21;1611.21;1611.21;1611.21;0;0
MCFTR;D;20110823;000000;1611.5;1611.5;1611.5;1611.5;0;0
MCFTR;D;20110824;000000;1631.08;1631.08;1631.08;1631.08;0;0
MCFTR;D;20110825;000000;1612.62;1612.62;1612.62;1612.62;0;0
MCFTR;D;20110826;000000;1630.87;1630.87;1630.87;1630.87;0;0
MCFTR;D;20110829;000000;1694.99;1694.99;1694.99;1694.99;0;0
MCFTR;D;20110830;000000;1696.94;1696.94;1696.94;1696.94;0;0
MCFTR;D;20110831;000000;1739.93;1739.93;1739.93;1739.93;0;0
MCFTR;D;20110901;000000;1746.15;1746.15;1746.15;1746.15;0;0
MCFTR;D;20110902;000000;1705.99;1705.99;1705.99;1705.99;0;0
MCFTR;D;20110905;000000;1680.04;1680.04;1680.04;1680.04;0;0
MCFTR;D;20110906;000000;1687.77;1687.77;1687.77;1687.77;0;0
MCFTR;D;20110907;000000;1740.46;1740.46;1740.46;1740.46;0;0
MCFTR;D;20110908;000000;1751.65;1751.65;1751.65;1751.65;0;0
MCFTR;D;20110909;000000;1708.61;1708.61;1708.61;1708.61;0;0
MCFTR;D;20110912;000000;1680.44;1680.44;1680.44;1680.44;0;0
MCFTR;D;20110913;000000;1686.04;1686.04;1686.04;1686.04;0;0
MCFTR;D;20110914;000000;1693.64;1693.64;1693.64;1693.64;0;0
MCFTR;D;20110915;000000;1716.56;1716.56;1716.56;1716.56;0;0
MCFTR;D;20110916;000000;1701.05;1701.05;1701.05;1701.05;0;0
MCFTR;D;20110919;000000;1680.44;1680.44;1680.44;1680.44;0;0
MCFTR;D;20110920;000000;1710.56;1710.56;1710.56;1710.56;0;0
MCFTR;D;20110921;000000;1696.27;1696.27;1696.27;1696.27;0;0
MCFTR;D;20110922;000000;1563.67;1563.67;1563.67;1563.67;0;0
MCFTR;D;20110923;000000;1493.62;1493.62;1493.62;1493.62;0;0
MCFTR;D;20110926;000000;1515.76;1515.76;1515.76;1515.76;0;0
MCFTR;D;20110927;000000;1553.53;1553.53;1553.53;1553.53;0;0
MCFTR;D;20110928;000000;1550.66;1550.66;1550.66;1550.66;0;0
MCFTR;D;20110929;000000;1584.24;1584.24;1584.24;1584.24;0;0
MCFTR;D;20110930;000000;1537.91;1537.91;1537.91;1537.91;0;0
MCFTR;D;20111003;000000;1513.29;1513.29;1513.29;1513.29;0;0
MCFTR;D;20111004;000000;1426.75;1426.75;1426.75;1426.75;0;0
MCFTR;D;20111005;000000;1424.39;1424.39;1424.39;1424.39;0;0
MCFTR;D;20111006;000000;1483.61;1483.61;1483.61;1483.61;0;0
MCFTR;D;20111007;000000;1520.89;1520.89;1520.89;1520.89;0;0
MCFTR;D;20111010;000000;1554.03;1554.03;1554.03;1554.03;0;0
MCFTR;D;20111011;000000;1535.12;1535.12;1535.12;1535.12;0;0
MCFTR;D;20111012;000000;1571.64;1571.64;1571.64;1571.64;0;0
MCFTR;D;20111013;000000;1562.93;1562.93;1562.93;1562.93;0;0
MCFTR;D;20111014;000000;1611.49;1611.49;1611.49;1611.49;0;0
MCFTR;D;20111017;000000;1579;1579;1579;1579;0;0
MCFTR;D;20111018;000000;1603.97;1603.97;1603.97;1603.97;0;0
MCFTR;D;20111019;000000;1599.05;1599.05;1599.05;1599.05;0;0
MCFTR;D;20111020;000000;1597.19;1597.19;1597.19;1597.19;0;0
MCFTR;D;20111021;000000;1628.89;1628.89;1628.89;1628.89;0;0
MCFTR;D;20111024;000000;1669.19;1669.19;1669.19;1669.19;0;0
MCFTR;D;20111025;000000;1645.96;1645.96;1645.96;1645.96;0;0
MCFTR;D;20111026;000000;1688.31;1688.31;1688.31;1688.31;0;0
MCFTR;D;20111027;000000;1717.27;1717.27;1717.27;1717.27;0;0
MCFTR;D;20111028;000000;1718.65;1718.65;1718.65;1718.65;0;0
MCFTR;D;20111031;000000;1687.16;1687.16;1687.16;1687.16;0;0
MCFTR;D;20111101;000000;1639.53;1639.53;1639.53;1639.53;0;0
MCFTR;D;20111102;000000;1676.19;1676.19;1676.19;1676.19;0;0
MCFTR;D;20111103;000000;1690.06;1690.06;1690.06;1690.06;0;0
MCFTR;D;20111107;000000;1712.39;1712.39;1712.39;1712.39;0;0
MCFTR;D;20111108;000000;1712.24;1712.24;1712.24;1712.24;0;0
MCFTR;D;20111109;000000;1655.86;1655.86;1655.86;1655.86;0;0
MCFTR;D;20111110;000000;1677;1677;1677;1677;0;0
MCFTR;D;20111111;000000;1671.81;1671.81;1671.81;1671.81;0;0
MCFTR;D;20111114;000000;1671.15;1671.15;1671.15;1671.15;0;0
MCFTR;D;20111115;000000;1675.05;1675.05;1675.05;1675.05;0;0
MCFTR;D;20111116;000000;1669.87;1669.87;1669.87;1669.87;0;0
MCFTR;D;20111117;000000;1660.95;1660.95;1660.95;1660.95;0;0
MCFTR;D;20111118;000000;1644.33;1644.33;1644.33;1644.33;0;0
MCFTR;D;20111121;000000;1565.53;1565.53;1565.53;1565.53;0;0
MCFTR;D;20111122;000000;1578.3;1578.3;1578.3;1578.3;0;0
MCFTR;D;20111123;000000;1580.95;1580.95;1580.95;1580.95;0;0
MCFTR;D;20111124;000000;1567.99;1567.99;1567.99;1567.99;0;0
MCFTR;D;20111125;000000;1588.36;1588.36;1588.36;1588.36;0;0
MCFTR;D;20111128;000000;1650.71;1650.71;1650.71;1650.71;0;0
MCFTR;D;20111129;000000;1638;1638;1638;1638;0;0
MCFTR;D;20111130;000000;1689.03;1689.03;1689.03;1689.03;0;0
MCFTR;D;20111201;000000;1695.39;1695.39;1695.39;1695.39;0;0
MCFTR;D;20111202;000000;1695.96;1695.96;1695.96;1695.96;0;0
MCFTR;D;20111205;000000;1709.61;1709.61;1709.61;1709.61;0;0
MCFTR;D;20111206;000000;1642.04;1642.04;1642.04;1642.04;0;0
MCFTR;D;20111207;000000;1631.33;1631.33;1631.33;1631.33;0;0
MCFTR;D;20111208;000000;1640.3;1640.3;1640.3;1640.3;0;0
MCFTR;D;20111209;000000;1572.64;1572.64;1572.64;1572.64;0;0
MCFTR;D;20111212;000000;1520.47;1520.47;1520.47;1520.47;0;0
MCFTR;D;20111213;000000;1552.68;1552.68;1552.68;1552.68;0;0
MCFTR;D;20111214;000000;1546.6;1546.6;1546.6;1546.6;0;0
MCFTR;D;20111215;000000;1570.48;1570.48;1570.48;1570.48;0;0
MCFTR;D;20111216;000000;1558.99;1558.99;1558.99;1558.99;0;0
MCFTR;D;20111219;000000;1558.39;1558.39;1558.39;1558.39;0;0
MCFTR;D;20111220;000000;1588.77;1588.77;1588.77;1588.77;0;0
MCFTR;D;20111221;000000;1560.54;1560.54;1560.54;1560.54;0;0
MCFTR;D;20111222;000000;1561.52;1561.52;1561.52;1561.52;0;0
MCFTR;D;20111223;000000;1550.76;1550.76;1550.76;1550.76;0;0
MCFTR;D;20111226;000000;1566.5;1566.5;1566.5;1566.5;0;0
MCFTR;D;20111227;000000;1562.06;1562.06;1562.06;1562.06;0;0
MCFTR;D;20111228;000000;1558.62;1558.62;1558.62;1558.62;0;0
MCFTR;D;20111229;000000;1563.1;1563.1;1563.1;1563.1;0;0
MCFTR;D;20111230;000000;1580.19;1580.19;1580.19;1580.19;0;0
MCFTR;D;20120103;000000;1628.12;1628.12;1628.12;1628.12;0;0
MCFTR;D;20120104;000000;1631.31;1631.31;1631.31;1631.31;0;0
MCFTR;D;20120105;000000;1617.02;1617.02;1617.02;1617.02;0;0
MCFTR;D;20120106;000000;1623.43;1623.43;1623.43;1623.43;0;0
MCFTR;D;20120109;000000;1632.18;1632.18;1632.18;1632.18;0;0
MCFTR;D;20120110;000000;1664.32;1664.32;1664.32;1664.32;0;0
MCFTR;D;20120111;000000;1651.46;1651.46;1651.46;1651.46;0;0
MCFTR;D;20120112;000000;1650.4;1650.4;1650.4;1650.4;0;0
MCFTR;D;20120113;000000;1649.16;1649.16;1649.16;1649.16;0;0
MCFTR;D;20120116;000000;1650.27;1650.27;1650.27;1650.27;0;0
MCFTR;D;20120117;000000;1674.98;1674.98;1674.98;1674.98;0;0
MCFTR;D;20120118;000000;1683.27;1683.27;1683.27;1683.27;0;0
MCFTR;D;20120119;000000;1694.54;1694.54;1694.54;1694.54;0;0
MCFTR;D;20120120;000000;1680.4;1680.4;1680.4;1680.4;0;0
MCFTR;D;20120123;000000;1689.55;1689.55;1689.55;1689.55;0;0
MCFTR;D;20120124;000000;1677.64;1677.64;1677.64;1677.64;0;0
MCFTR;D;20120125;000000;1689.01;1689.01;1689.01;1689.01;0;0
MCFTR;D;20120126;000000;1706.96;1706.96;1706.96;1706.96;0;0
MCFTR;D;20120127;000000;1699.43;1699.43;1699.43;1699.43;0;0
MCFTR;D;20120130;000000;1686.2;1686.2;1686.2;1686.2;0;0
MCFTR;D;20120131;000000;1706.18;1706.18;1706.18;1706.18;0;0
MCFTR;D;20120201;000000;1734.72;1734.72;1734.72;1734.72;0;0
MCFTR;D;20120202;000000;1738.14;1738.14;1738.14;1738.14;0;0
MCFTR;D;20120203;000000;1763.42;1763.42;1763.42;1763.42;0;0
MCFTR;D;20120206;000000;1761.22;1761.22;1761.22;1761.22;0;0
MCFTR;D;20120207;000000;1746.14;1746.14;1746.14;1746.14;0;0
MCFTR;D;20120208;000000;1752.47;1752.47;1752.47;1752.47;0;0
MCFTR;D;20120209;000000;1739.1;1739.1;1739.1;1739.1;0;0
MCFTR;D;20120210;000000;1720.52;1720.52;1720.52;1720.52;0;0
MCFTR;D;20120213;000000;1758.92;1758.92;1758.92;1758.92;0;0
MCFTR;D;20120214;000000;1762.21;1762.21;1762.21;1762.21;0;0
MCFTR;D;20120215;000000;1781.67;1781.67;1781.67;1781.67;0;0
MCFTR;D;20120216;000000;1771.5;1771.5;1771.5;1771.5;0;0
MCFTR;D;20120217;000000;1769.44;1769.44;1769.44;1769.44;0;0
MCFTR;D;20120220;000000;1781.46;1781.46;1781.46;1781.46;0;0
MCFTR;D;20120221;000000;1758.66;1758.66;1758.66;1758.66;0;0
MCFTR;D;20120222;000000;1735.18;1735.18;1735.18;1735.18;0;0
MCFTR;D;20120224;000000;1798.79;1798.79;1798.79;1798.79;0;0
MCFTR;D;20120227;000000;1796.65;1796.65;1796.65;1796.65;0;0
MCFTR;D;20120228;000000;1775.72;1775.72;1775.72;1775.72;0;0
MCFTR;D;20120229;000000;1802.49;1802.49;1802.49;1802.49;0;0
MCFTR;D;20120301;000000;1800.36;1800.36;1800.36;1800.36;0;0
MCFTR;D;20120302;000000;1814.24;1814.24;1814.24;1814.24;0;0
MCFTR;D;20120305;000000;1834.16;1834.16;1834.16;1834.16;0;0
MCFTR;D;20120306;000000;1762.46;1762.46;1762.46;1762.46;0;0
MCFTR;D;20120307;000000;1774.47;1774.47;1774.47;1774.47;0;0
MCFTR;D;20120311;000000;1812.26;1812.26;1812.26;1812.26;0;0
MCFTR;D;20120312;000000;1809.93;1809.93;1809.93;1809.93;0;0
MCFTR;D;20120313;000000;1818.52;1818.52;1818.52;1818.52;0;0
MCFTR;D;20120314;000000;1840.26;1840.26;1840.26;1840.26;0;0
MCFTR;D;20120315;000000;1835.16;1835.16;1835.16;1835.16;0;0
MCFTR;D;20120316;000000;1826.54;1826.54;1826.54;1826.54;0;0
MCFTR;D;20120319;000000;1789.79;1789.79;1789.79;1789.79;0;0
MCFTR;D;20120320;000000;1758.47;1758.47;1758.47;1758.47;0;0
MCFTR;D;20120321;000000;1750.72;1750.72;1750.72;1750.72;0;0
MCFTR;D;20120322;000000;1725.59;1725.59;1725.59;1725.59;0;0
MCFTR;D;20120323;000000;1738.52;1738.52;1738.52;1738.52;0;0
MCFTR;D;20120326;000000;1765.77;1765.77;1765.77;1765.77;0;0
MCFTR;D;20120327;000000;1753.54;1753.54;1753.54;1753.54;0;0
MCFTR;D;20120328;000000;1715.28;1715.28;1715.28;1715.28;0;0
MCFTR;D;20120329;000000;1686.5;1686.5;1686.5;1686.5;0;0
MCFTR;D;20120330;000000;1711.86;1711.86;1711.86;1711.86;0;0
MCFTR;D;20120402;000000;1717.01;1717.01;1717.01;1717.01;0;0
MCFTR;D;20120403;000000;1748.77;1748.77;1748.77;1748.77;0;0
MCFTR;D;20120404;000000;1706.83;1706.83;1706.83;1706.83;0;0
MCFTR;D;20120405;000000;1720.63;1720.63;1720.63;1720.63;0;0
MCFTR;D;20120406;000000;1689.13;1689.13;1689.13;1689.13;0;0
MCFTR;D;20120409;000000;1704.13;1704.13;1704.13;1704.13;0;0
MCFTR;D;20120410;000000;1690.12;1690.12;1690.12;1690.12;0;0
MCFTR;D;20120411;000000;1698.81;1698.81;1698.81;1698.81;0;0
MCFTR;D;20120412;000000;1694.14;1694.14;1694.14;1694.14;0;0
MCFTR;D;20120413;000000;1695.29;1695.29;1695.29;1695.29;0;0
MCFTR;D;20120416;000000;1667.15;1667.15;1667.15;1667.15;0;0
MCFTR;D;20120417;000000;1660.27;1660.27;1660.27;1660.27;0;0
MCFTR;D;20120418;000000;1656.82;1656.82;1656.82;1656.82;0;0
MCFTR;D;20120419;000000;1688.46;1688.46;1688.46;1688.46;0;0
MCFTR;D;20120420;000000;1698.05;1698.05;1698.05;1698.05;0;0
MCFTR;D;20120423;000000;1654.32;1654.32;1654.32;1654.32;0;0
MCFTR;D;20120424;000000;1644.24;1644.24;1644.24;1644.24;0;0
MCFTR;D;20120425;000000;1649.26;1649.26;1649.26;1649.26;0;0
MCFTR;D;20120426;000000;1632.57;1632.57;1632.57;1632.57;0;0
MCFTR;D;20120427;000000;1658.06;1658.06;1658.06;1658.06;0;0
MCFTR;D;20120428;000000;1662.4;1662.4;1662.4;1662.4;0;0
MCFTR;D;20120502;000000;1631.42;1631.42;1631.42;1631.42;0;0
MCFTR;D;20120503;000000;1627.67;1627.67;1627.67;1627.67;0;0
MCFTR;D;20120504;000000;1569.48;1569.48;1569.48;1569.48;0;0
MCFTR;D;20120505;000000;1564.15;1564.15;1564.15;1564.15;0;0
MCFTR;D;20120507;000000;1562.72;1562.72;1562.72;1562.72;0;0
MCFTR;D;20120508;000000;1561.45;1561.45;1561.45;1561.45;0;0
MCFTR;D;20120510;000000;1588.86;1588.86;1588.86;1588.86;0;0
MCFTR;D;20120511;000000;1570.45;1570.45;1570.45;1570.45;0;0
MCFTR;D;20120512;000000;1563.47;1563.47;1563.47;1563.47;0;0
MCFTR;D;20120514;000000;1508.88;1508.88;1508.88;1508.88;0;0
MCFTR;D;20120515;000000;1517.15;1517.15;1517.15;1517.15;0;0
MCFTR;D;20120516;000000;1506.26;1506.26;1506.26;1506.26;0;0
MCFTR;D;20120517;000000;1452.88;1452.88;1452.88;1452.88;0;0
MCFTR;D;20120518;000000;1434.48;1434.48;1434.48;1434.48;0;0
MCFTR;D;20120521;000000;1464.88;1464.88;1464.88;1464.88;0;0
MCFTR;D;20120522;000000;1467.89;1467.89;1467.89;1467.89;0;0
MCFTR;D;20120523;000000;1417.64;1417.64;1417.64;1417.64;0;0
MCFTR;D;20120524;000000;1449.15;1449.15;1449.15;1449.15;0;0
MCFTR;D;20120525;000000;1445.9;1445.9;1445.9;1445.9;0;0
MCFTR;D;20120528;000000;1456.19;1456.19;1456.19;1456.19;0;0
MCFTR;D;20120529;000000;1497.21;1497.21;1497.21;1497.21;0;0
MCFTR;D;20120530;000000;1476.02;1476.02;1476.02;1476.02;0;0
MCFTR;D;20120531;000000;1473.9;1473.9;1473.9;1473.9;0;0
MCFTR;D;20120601;000000;1464.49;1464.49;1464.49;1464.49;0;0
MCFTR;D;20120604;000000;1473.27;1473.27;1473.27;1473.27;0;0
MCFTR;D;20120605;000000;1463.32;1463.32;1463.32;1463.32;0;0
MCFTR;D;20120606;000000;1481.56;1481.56;1481.56;1481.56;0;0
MCFTR;D;20120607;000000;1507.65;1507.65;1507.65;1507.65;0;0
MCFTR;D;20120608;000000;1503.8;1503.8;1503.8;1503.8;0;0
MCFTR;D;20120609;000000;1509.61;1509.61;1509.61;1509.61;0;0
MCFTR;D;20120613;000000;1519.04;1519.04;1519.04;1519.04;0;0
MCFTR;D;20120614;000000;1518.6;1518.6;1518.6;1518.6;0;0
MCFTR;D;20120615;000000;1551.53;1551.53;1551.53;1551.53;0;0
MCFTR;D;20120618;000000;1567.07;1567.07;1567.07;1567.07;0;0
MCFTR;D;20120619;000000;1568.16;1568.16;1568.16;1568.16;0;0
MCFTR;D;20120620;000000;1550.93;1550.93;1550.93;1550.93;0;0
MCFTR;D;20120621;000000;1538.39;1538.39;1538.39;1538.39;0;0
MCFTR;D;20120622;000000;1519.86;1519.86;1519.86;1519.86;0;0
MCFTR;D;20120625;000000;1500.68;1500.68;1500.68;1500.68;0;0
MCFTR;D;20120626;000000;1514.97;1514.97;1514.97;1514.97;0;0
MCFTR;D;20120627;000000;1542.04;1542.04;1542.04;1542.04;0;0
MCFTR;D;20120628;000000;1516.05;1516.05;1516.05;1516.05;0;0
MCFTR;D;20120629;000000;1566.41;1566.41;1566.41;1566.41;0;0
MCFTR;D;20120702;000000;1583.6;1583.6;1583.6;1583.6;0;0
MCFTR;D;20120703;000000;1628.64;1628.64;1628.64;1628.64;0;0
MCFTR;D;20120704;000000;1636.41;1636.41;1636.41;1636.41;0;0
MCFTR;D;20120705;000000;1626.72;1626.72;1626.72;1626.72;0;0
MCFTR;D;20120706;000000;1602.39;1602.39;1602.39;1602.39;0;0
MCFTR;D;20120709;000000;1602.77;1602.77;1602.77;1602.77;0;0
MCFTR;D;20120710;000000;1611.79;1611.79;1611.79;1611.79;0;0
MCFTR;D;20120711;000000;1592.04;1592.04;1592.04;1592.04;0;0
MCFTR;D;20120712;000000;1579.75;1579.75;1579.75;1579.75;0;0
MCFTR;D;20120713;000000;1604.9;1604.9;1604.9;1604.9;0;0
MCFTR;D;20120716;000000;1611.17;1611.17;1611.17;1611.17;0;0
MCFTR;D;20120717;000000;1620.39;1620.39;1620.39;1620.39;0;0
MCFTR;D;20120718;000000;1615.99;1615.99;1615.99;1615.99;0;0
MCFTR;D;20120719;000000;1625.26;1625.26;1625.26;1625.26;0;0
MCFTR;D;20120720;000000;1603.63;1603.63;1603.63;1603.63;0;0
MCFTR;D;20120723;000000;1555.58;1555.58;1555.58;1555.58;0;0
MCFTR;D;20120724;000000;1547.4;1547.4;1547.4;1547.4;0;0
MCFTR;D;20120725;000000;1549.58;1549.58;1549.58;1549.58;0;0
MCFTR;D;20120726;000000;1568.15;1568.15;1568.15;1568.15;0;0
MCFTR;D;20120727;000000;1593.35;1593.35;1593.35;1593.35;0;0
MCFTR;D;20120730;000000;1618.81;1618.81;1618.81;1618.81;0;0
MCFTR;D;20120731;000000;1594.5;1594.5;1594.5;1594.5;0;0
MCFTR;D;20120801;000000;1599.97;1599.97;1599.97;1599.97;0;0
MCFTR;D;20120802;000000;1583.2;1583.2;1583.2;1583.2;0;0
MCFTR;D;20120803;000000;1610.66;1610.66;1610.66;1610.66;0;0
MCFTR;D;20120806;000000;1630.81;1630.81;1630.81;1630.81;0;0
MCFTR;D;20120807;000000;1646.62;1646.62;1646.62;1646.62;0;0
MCFTR;D;20120808;000000;1645.77;1645.77;1645.77;1645.77;0;0
MCFTR;D;20120809;000000;1653.62;1653.62;1653.62;1653.62;0;0
MCFTR;D;20120810;000000;1636.8;1636.8;1636.8;1636.8;0;0
MCFTR;D;20120813;000000;1649.09;1649.09;1649.09;1649.09;0;0
MCFTR;D;20120814;000000;1662.57;1662.57;1662.57;1662.57;0;0
MCFTR;D;20120815;000000;1646.37;1646.37;1646.37;1646.37;0;0
MCFTR;D;20120816;000000;1650.4;1650.4;1650.4;1650.4;0;0
MCFTR;D;20120817;000000;1641.76;1641.76;1641.76;1641.76;0;0
MCFTR;D;20120820;000000;1625.98;1625.98;1625.98;1625.98;0;0
MCFTR;D;20120821;000000;1655.26;1655.26;1655.26;1655.26;0;0
MCFTR;D;20120822;000000;1646.57;1646.57;1646.57;1646.57;0;0
MCFTR;D;20120823;000000;1654.15;1654.15;1654.15;1654.15;0;0
MCFTR;D;20120824;000000;1654.81;1654.81;1654.81;1654.81;0;0
MCFTR;D;20120827;000000;1659.86;1659.86;1659.86;1659.86;0;0
MCFTR;D;20120828;000000;1662.86;1662.86;1662.86;1662.86;0;0
MCFTR;D;20120829;000000;1668.28;1668.28;1668.28;1668.28;0;0
MCFTR;D;20120830;000000;1659.79;1659.79;1659.79;1659.79;0;0
MCFTR;D;20120831;000000;1651.77;1651.77;1651.77;1651.77;0;0
MCFTR;D;20120903;000000;1670.8;1670.8;1670.8;1670.8;0;0
MCFTR;D;20120904;000000;1667.56;1667.56;1667.56;1667.56;0;0
MCFTR;D;20120905;000000;1650.27;1650.27;1650.27;1650.27;0;0
MCFTR;D;20120906;000000;1689.1;1689.1;1689.1;1689.1;0;0
MCFTR;D;20120907;000000;1711.75;1711.75;1711.75;1711.75;0;0
MCFTR;D;20120910;000000;1716.68;1716.68;1716.68;1716.68;0;0
MCFTR;D;20120911;000000;1715.77;1715.77;1715.77;1715.77;0;0
MCFTR;D;20120912;000000;1716.34;1716.34;1716.34;1716.34;0;0
MCFTR;D;20120913;000000;1709.45;1709.45;1709.45;1709.45;0;0
MCFTR;D;20120914;000000;1782.32;1782.32;1782.32;1782.32;0;0
MCFTR;D;20120917;000000;1776.5;1776.5;1776.5;1776.5;0;0
MCFTR;D;20120918;000000;1759.01;1759.01;1759.01;1759.01;0;0
MCFTR;D;20120919;000000;1740.23;1740.23;1740.23;1740.23;0;0
MCFTR;D;20120920;000000;1740.42;1740.42;1740.42;1740.42;0;0
MCFTR;D;20120921;000000;1737.37;1737.37;1737.37;1737.37;0;0
MCFTR;D;20120924;000000;1729.55;1729.55;1729.55;1729.55;0;0
MCFTR;D;20120925;000000;1721.07;1721.07;1721.07;1721.07;0;0
MCFTR;D;20120926;000000;1677.85;1677.85;1677.85;1677.85;0;0
MCFTR;D;20120927;000000;1688.87;1688.87;1688.87;1688.87;0;0
MCFTR;D;20120928;000000;1694.88;1694.88;1694.88;1694.88;0;0
MCFTR;D;20121001;000000;1735.79;1735.79;1735.79;1735.79;0;0
MCFTR;D;20121002;000000;1730.46;1730.46;1730.46;1730.46;0;0
MCFTR;D;20121003;000000;1715.16;1715.16;1715.16;1715.16;0;0
MCFTR;D;20121004;000000;1696.8;1696.8;1696.8;1696.8;0;0
MCFTR;D;20121005;000000;1721.1;1721.1;1721.1;1721.1;0;0
MCFTR;D;20121008;000000;1716.45;1716.45;1716.45;1716.45;0;0
MCFTR;D;20121009;000000;1715.67;1715.67;1715.67;1715.67;0;0
MCFTR;D;20121010;000000;1701.68;1701.68;1701.68;1701.68;0;0
MCFTR;D;20121011;000000;1704.24;1704.24;1704.24;1704.24;0;0
MCFTR;D;20121012;000000;1684.31;1684.31;1684.31;1684.31;0;0
MCFTR;D;20121015;000000;1681.29;1681.29;1681.29;1681.29;0;0
MCFTR;D;20121016;000000;1696.02;1696.02;1696.02;1696.02;0;0
MCFTR;D;20121017;000000;1717.26;1717.26;1717.26;1717.26;0;0
MCFTR;D;20121018;000000;1718.39;1718.39;1718.39;1718.39;0;0
MCFTR;D;20121019;000000;1700.67;1700.67;1700.67;1700.67;0;0
MCFTR;D;20121022;000000;1717.98;1717.98;1717.98;1717.98;0;0
MCFTR;D;20121023;000000;1695.14;1695.14;1695.14;1695.14;0;0
MCFTR;D;20121024;000000;1690.83;1690.83;1690.83;1690.83;0;0
MCFTR;D;20121025;000000;1684.29;1684.29;1684.29;1684.29;0;0
MCFTR;D;20121026;000000;1669.76;1669.76;1669.76;1669.76;0;0
MCFTR;D;20121029;000000;1667.87;1667.87;1667.87;1667.87;0;0
MCFTR;D;20121030;000000;1656.05;1656.05;1656.05;1656.05;0;0
MCFTR;D;20121031;000000;1660.65;1660.65;1660.65;1660.65;0;0
MCFTR;D;20121101;000000;1666.72;1666.72;1666.72;1666.72;0;0
MCFTR;D;20121102;000000;1677.6;1677.6;1677.6;1677.6;0;0
MCFTR;D;20121106;000000;1684.83;1684.83;1684.83;1684.83;0;0
MCFTR;D;20121107;000000;1657.92;1657.92;1657.92;1657.92;0;0
MCFTR;D;20121108;000000;1639.79;1639.79;1639.79;1639.79;0;0
MCFTR;D;20121109;000000;1632.25;1632.25;1632.25;1632.25;0;0
MCFTR;D;20121112;000000;1639.92;1639.92;1639.92;1639.92;0;0
MCFTR;D;20121113;000000;1600.23;1600.23;1600.23;1600.23;0;0
MCFTR;D;20121114;000000;1598.52;1598.52;1598.52;1598.52;0;0
MCFTR;D;20121115;000000;1614.9;1614.9;1614.9;1614.9;0;0
MCFTR;D;20121116;000000;1611.89;1611.89;1611.89;1611.89;0;0
MCFTR;D;20121119;000000;1629.25;1629.25;1629.25;1629.25;0;0
MCFTR;D;20121120;000000;1626.71;1626.71;1626.71;1626.71;0;0
MCFTR;D;20121121;000000;1637.56;1637.56;1637.56;1637.56;0;0
MCFTR;D;20121122;000000;1634;1634;1634;1634;0;0
MCFTR;D;20121123;000000;1646.24;1646.24;1646.24;1646.24;0;0
MCFTR;D;20121126;000000;1635.51;1635.51;1635.51;1635.51;0;0
MCFTR;D;20121127;000000;1625.04;1625.04;1625.04;1625.04;0;0
MCFTR;D;20121128;000000;1608.81;1608.81;1608.81;1608.81;0;0
MCFTR;D;20121129;000000;1617.39;1617.39;1617.39;1617.39;0;0
MCFTR;D;20121130;000000;1637.97;1637.97;1637.97;1637.97;0;0
MCFTR;D;20121203;000000;1656.61;1656.61;1656.61;1656.61;0;0
MCFTR;D;20121204;000000;1644.79;1644.79;1644.79;1644.79;0;0
MCFTR;D;20121205;000000;1672.92;1672.92;1672.92;1672.92;0;0
MCFTR;D;20121206;000000;1675.91;1675.91;1675.91;1675.91;0;0
MCFTR;D;20121207;000000;1679.33;1679.33;1679.33;1679.33;0;0
MCFTR;D;20121210;000000;1686.61;1686.61;1686.61;1686.61;0;0
MCFTR;D;20121211;000000;1687.43;1687.43;1687.43;1687.43;0;0
MCFTR;D;20121212;000000;1708.5;1708.5;1708.5;1708.5;0;0
MCFTR;D;20121213;000000;1704.26;1704.26;1704.26;1704.26;0;0
MCFTR;D;20121214;000000;1708.08;1708.08;1708.08;1708.08;0;0
MCFTR;D;20121217;000000;1712.71;1712.71;1712.71;1712.71;0;0
MCFTR;D;20121218;000000;1726.7;1726.7;1726.7;1726.7;0;0
MCFTR;D;20121219;000000;1723.55;1723.55;1723.55;1723.55;0;0
MCFTR;D;20121220;000000;1734.49;1734.49;1734.49;1734.49;0;0
MCFTR;D;20121221;000000;1721.93;1721.93;1721.93;1721.93;0;0
MCFTR;D;20121224;000000;1715.27;1715.27;1715.27;1715.27;0;0
MCFTR;D;20121225;000000;1717.37;1717.37;1717.37;1717.37;0;0
MCFTR;D;20121226;000000;1723.29;1723.29;1723.29;1723.29;0;0
MCFTR;D;20121227;000000;1722.86;1722.86;1722.86;1722.86;0;0
MCFTR;D;20121228;000000;1718.76;1718.76;1718.76;1718.76;0;0
MCFTR;D;20130108;000000;1765.99;1765.99;1765.99;1765.99;0;0
MCFTR;D;20130109;000000;1767.38;1767.38;1767.38;1767.38;0;0
MCFTR;D;20130110;000000;1757.06;1757.06;1757.06;1757.06;0;0
MCFTR;D;20130111;000000;1761.35;1761.35;1761.35;1761.35;0;0
MCFTR;D;20130114;000000;1781.92;1781.92;1781.92;1781.92;0;0
MCFTR;D;20130115;000000;1766.49;1766.49;1766.49;1766.49;0;0
MCFTR;D;20130116;000000;1766.04;1766.04;1766.04;1766.04;0;0
MCFTR;D;20130117;000000;1776.39;1776.39;1776.39;1776.39;0;0
MCFTR;D;20130118;000000;1795.99;1795.99;1795.99;1795.99;0;0
MCFTR;D;20130121;000000;1792.62;1792.62;1792.62;1792.62;0;0
MCFTR;D;20130122;000000;1778.28;1778.28;1778.28;1778.28;0;0
MCFTR;D;20130123;000000;1792.42;1792.42;1792.42;1792.42;0;0
MCFTR;D;20130124;000000;1788.09;1788.09;1788.09;1788.09;0;0
MCFTR;D;20130125;000000;1800.04;1800.04;1800.04;1800.04;0;0
MCFTR;D;20130128;000000;1822.08;1822.08;1822.08;1822.08;0;0
MCFTR;D;20130129;000000;1806.72;1806.72;1806.72;1806.72;0;0
MCFTR;D;20130130;000000;1800.89;1800.89;1800.89;1800.89;0;0
MCFTR;D;20130131;000000;1804.78;1804.78;1804.78;1804.78;0;0
MCFTR;D;20130201;000000;1805.31;1805.31;1805.31;1805.31;0;0
MCFTR;D;20130204;000000;1791.46;1791.46;1791.46;1791.46;0;0
MCFTR;D;20130205;000000;1797.31;1797.31;1797.31;1797.31;0;0
MCFTR;D;20130206;000000;1785.66;1785.66;1785.66;1785.66;0;0
MCFTR;D;20130207;000000;1780.41;1780.41;1780.41;1780.41;0;0
MCFTR;D;20130208;000000;1773.45;1773.45;1773.45;1773.45;0;0
MCFTR;D;20130211;000000;1770.5;1770.5;1770.5;1770.5;0;0
MCFTR;D;20130212;000000;1765.99;1765.99;1765.99;1765.99;0;0
MCFTR;D;20130213;000000;1796.24;1796.24;1796.24;1796.24;0;0
MCFTR;D;20130214;000000;1774.39;1774.39;1774.39;1774.39;0;0
MCFTR;D;20130215;000000;1761.48;1761.48;1761.48;1761.48;0;0
MCFTR;D;20130218;000000;1768.88;1768.88;1768.88;1768.88;0;0
MCFTR;D;20130219;000000;1783.53;1783.53;1783.53;1783.53;0;0
MCFTR;D;20130220;000000;1770.31;1770.31;1770.31;1770.31;0;0
MCFTR;D;20130221;000000;1749.59;1749.59;1749.59;1749.59;0;0
MCFTR;D;20130222;000000;1752.99;1752.99;1752.99;1752.99;0;0
MCFTR;D;20130225;000000;1761.24;1761.24;1761.24;1761.24;0;0
MCFTR;D;20130226;000000;1739;1739;1739;1739;0;0
MCFTR;D;20130227;000000;1741.93;1741.93;1741.93;1741.93;0;0
MCFTR;D;20130228;000000;1740.77;1740.77;1740.77;1740.77;0;0
MCFTR;D;20130301;000000;1726.13;1726.13;1726.13;1726.13;0;0
MCFTR;D;20130304;000000;1715.48;1715.48;1715.48;1715.48;0;0
MCFTR;D;20130305;000000;1738.64;1738.64;1738.64;1738.64;0;0
MCFTR;D;20130306;000000;1747.16;1747.16;1747.16;1747.16;0;0
MCFTR;D;20130307;000000;1746.99;1746.99;1746.99;1746.99;0;0
MCFTR;D;20130311;000000;1761.87;1761.87;1761.87;1761.87;0;0
MCFTR;D;20130312;000000;1759.19;1759.19;1759.19;1759.19;0;0
MCFTR;D;20130313;000000;1752.87;1752.87;1752.87;1752.87;0;0
MCFTR;D;20130314;000000;1755.92;1755.92;1755.92;1755.92;0;0
MCFTR;D;20130315;000000;1751.4;1751.4;1751.4;1751.4;0;0
MCFTR;D;20130318;000000;1713.57;1713.57;1713.57;1713.57;0;0
MCFTR;D;20130319;000000;1697.62;1697.62;1697.62;1697.62;0;0
MCFTR;D;20130320;000000;1709.13;1709.13;1709.13;1709.13;0;0
MCFTR;D;20130321;000000;1709.36;1709.36;1709.36;1709.36;0;0
MCFTR;D;20130322;000000;1688.44;1688.44;1688.44;1688.44;0;0
MCFTR;D;20130325;000000;1673.32;1673.32;1673.32;1673.32;0;0
MCFTR;D;20130326;000000;1659.9;1659.9;1659.9;1659.9;0;0
MCFTR;D;20130327;000000;1669.27;1669.27;1669.27;1669.27;0;0
MCFTR;D;20130328;000000;1680.02;1680.02;1680.02;1680.02;0;0
MCFTR;D;20130329;000000;1685.17;1685.17;1685.17;1685.17;0;0
MCFTR;D;20130401;000000;1673.34;1673.34;1673.34;1673.34;0;0
MCFTR;D;20130402;000000;1675.48;1675.48;1675.48;1675.48;0;0
MCFTR;D;20130403;000000;1672.71;1672.71;1672.71;1672.71;0;0
MCFTR;D;20130404;000000;1671.46;1671.46;1671.46;1671.46;0;0
MCFTR;D;20130405;000000;1659.54;1659.54;1659.54;1659.54;0;0
MCFTR;D;20130408;000000;1650;1650;1650;1650;0;0
MCFTR;D;20130409;000000;1669.84;1669.84;1669.84;1669.84;0;0
MCFTR;D;20130410;000000;1669.86;1669.86;1669.86;1669.86;0;0
MCFTR;D;20130411;000000;1642.01;1642.01;1642.01;1642.01;0;0
MCFTR;D;20130412;000000;1623.4;1623.4;1623.4;1623.4;0;0
MCFTR;D;20130415;000000;1592.77;1592.77;1592.77;1592.77;0;0
MCFTR;D;20130416;000000;1584.19;1584.19;1584.19;1584.19;0;0
MCFTR;D;20130417;000000;1564.89;1564.89;1564.89;1564.89;0;0
MCFTR;D;20130418;000000;1564.09;1564.09;1564.09;1564.09;0;0
MCFTR;D;20130419;000000;1567.86;1567.86;1567.86;1567.86;0;0
MCFTR;D;20130422;000000;1566;1566;1566;1566;0;0
MCFTR;D;20130423;000000;1569.59;1569.59;1569.59;1569.59;0;0
MCFTR;D;20130424;000000;1613.05;1613.05;1613.05;1613.05;0;0
MCFTR;D;20130425;000000;1607.42;1607.42;1607.42;1607.42;0;0
MCFTR;D;20130426;000000;1607.23;1607.23;1607.23;1607.23;0;0
MCFTR;D;20130429;000000;1596.14;1596.14;1596.14;1596.14;0;0
MCFTR;D;20130430;000000;1623.44;1623.44;1623.44;1623.44;0;0
MCFTR;D;20130502;000000;1612.53;1612.53;1612.53;1612.53;0;0
MCFTR;D;20130503;000000;1649.39;1649.39;1649.39;1649.39;0;0
MCFTR;D;20130506;000000;1655.72;1655.72;1655.72;1655.72;0;0
MCFTR;D;20130507;000000;1675.34;1675.34;1675.34;1675.34;0;0
MCFTR;D;20130508;000000;1678.57;1678.57;1678.57;1678.57;0;0
MCFTR;D;20130510;000000;1670.74;1670.74;1670.74;1670.74;0;0
MCFTR;D;20130513;000000;1659.31;1659.31;1659.31;1659.31;0;0
MCFTR;D;20130514;000000;1646.73;1646.73;1646.73;1646.73;0;0
MCFTR;D;20130515;000000;1630.59;1630.59;1630.59;1630.59;0;0
MCFTR;D;20130516;000000;1609.12;1609.12;1609.12;1609.12;0;0
MCFTR;D;20130517;000000;1642.08;1642.08;1642.08;1642.08;0;0
MCFTR;D;20130520;000000;1648.02;1648.02;1648.02;1648.02;0;0
MCFTR;D;20130521;000000;1666.92;1666.92;1666.92;1666.92;0;0
MCFTR;D;20130522;000000;1696.71;1696.71;1696.71;1696.71;0;0
MCFTR;D;20130523;000000;1636.37;1636.37;1636.37;1636.37;0;0
MCFTR;D;20130524;000000;1617.59;1617.59;1617.59;1617.59;0;0
MCFTR;D;20130527;000000;1614.55;1614.55;1614.55;1614.55;0;0
MCFTR;D;20130528;000000;1637.31;1637.31;1637.31;1637.31;0;0
MCFTR;D;20130529;000000;1594.8;1594.8;1594.8;1594.8;0;0
MCFTR;D;20130530;000000;1594.6;1594.6;1594.6;1594.6;0;0
MCFTR;D;20130531;000000;1581.61;1581.61;1581.61;1581.61;0;0
MCFTR;D;20130603;000000;1566.65;1566.65;1566.65;1566.65;0;0
MCFTR;D;20130604;000000;1571.71;1571.71;1571.71;1571.71;0;0
MCFTR;D;20130605;000000;1554.32;1554.32;1554.32;1554.32;0;0
MCFTR;D;20130606;000000;1542.77;1542.77;1542.77;1542.77;0;0
MCFTR;D;20130607;000000;1574.38;1574.38;1574.38;1574.38;0;0
MCFTR;D;20130610;000000;1564.25;1564.25;1564.25;1564.25;0;0
MCFTR;D;20130611;000000;1524.49;1524.49;1524.49;1524.49;0;0
MCFTR;D;20130613;000000;1501.73;1501.73;1501.73;1501.73;0;0
MCFTR;D;20130614;000000;1522.49;1522.49;1522.49;1522.49;0;0
MCFTR;D;20130617;000000;1552.55;1552.55;1552.55;1552.55;0;0
MCFTR;D;20130618;000000;1564.12;1564.12;1564.12;1564.12;0;0
MCFTR;D;20130619;000000;1550.56;1550.56;1550.56;1550.56;0;0
MCFTR;D;20130620;000000;1519.45;1519.45;1519.45;1519.45;0;0
MCFTR;D;20130621;000000;1521.65;1521.65;1521.65;1521.65;0;0
MCFTR;D;20130624;000000;1511.54;1511.54;1511.54;1511.54;0;0
MCFTR;D;20130625;000000;1520.96;1520.96;1520.96;1520.96;0;0
MCFTR;D;20130626;000000;1547.68;1547.68;1547.68;1547.68;0;0
MCFTR;D;20130627;000000;1539.29;1539.29;1539.29;1539.29;0;0
MCFTR;D;20130628;000000;1559.49;1559.49;1559.49;1559.49;0;0
MCFTR;D;20130701;000000;1566.18;1566.18;1566.18;1566.18;0;0
MCFTR;D;20130702;000000;1574.67;1574.67;1574.67;1574.67;0;0
MCFTR;D;20130703;000000;1569.29;1569.29;1569.29;1569.29;0;0
MCFTR;D;20130704;000000;1587.96;1587.96;1587.96;1587.96;0;0
MCFTR;D;20130705;000000;1580.32;1580.32;1580.32;1580.32;0;0
MCFTR;D;20130708;000000;1587.57;1587.57;1587.57;1587.57;0;0
MCFTR;D;20130709;000000;1583.86;1583.86;1583.86;1583.86;0;0
MCFTR;D;20130710;000000;1569.71;1569.71;1569.71;1569.71;0;0
MCFTR;D;20130711;000000;1610.2;1610.2;1610.2;1610.2;0;0
MCFTR;D;20130712;000000;1645.64;1645.64;1645.64;1645.64;0;0
MCFTR;D;20130715;000000;1651.92;1651.92;1651.92;1651.92;0;0
MCFTR;D;20130716;000000;1659.78;1659.78;1659.78;1659.78;0;0
MCFTR;D;20130717;000000;1685.32;1685.32;1685.32;1685.32;0;0
MCFTR;D;20130718;000000;1667.47;1667.47;1667.47;1667.47;0;0
MCFTR;D;20130719;000000;1673.4;1673.4;1673.4;1673.4;0;0
MCFTR;D;20130722;000000;1666.16;1666.16;1666.16;1666.16;0;0
MCFTR;D;20130723;000000;1668.3;1668.3;1668.3;1668.3;0;0
MCFTR;D;20130724;000000;1657.3;1657.3;1657.3;1657.3;0;0
MCFTR;D;20130725;000000;1650.79;1650.79;1650.79;1650.79;0;0
MCFTR;D;20130726;000000;1652.28;1652.28;1652.28;1652.28;0;0
MCFTR;D;20130729;000000;1646.58;1646.58;1646.58;1646.58;0;0
MCFTR;D;20130730;000000;1633.72;1633.72;1633.72;1633.72;0;0
MCFTR;D;20130731;000000;1620.16;1620.16;1620.16;1620.16;0;0
MCFTR;D;20130801;000000;1646.85;1646.85;1646.85;1646.85;0;0
MCFTR;D;20130802;000000;1639.42;1639.42;1639.42;1639.42;0;0
MCFTR;D;20130805;000000;1640.31;1640.31;1640.31;1640.31;0;0
MCFTR;D;20130806;000000;1613.53;1613.53;1613.53;1613.53;0;0
MCFTR;D;20130807;000000;1611.47;1611.47;1611.47;1611.47;0;0
MCFTR;D;20130808;000000;1610.98;1610.98;1610.98;1610.98;0;0
MCFTR;D;20130809;000000;1635.03;1635.03;1635.03;1635.03;0;0
MCFTR;D;20130812;000000;1641.77;1641.77;1641.77;1641.77;0;0
MCFTR;D;20130813;000000;1664.94;1664.94;1664.94;1664.94;0;0
MCFTR;D;20130814;000000;1683.87;1683.87;1683.87;1683.87;0;0
MCFTR;D;20130815;000000;1645.44;1645.44;1645.44;1645.44;0;0
MCFTR;D;20130816;000000;1632.36;1632.36;1632.36;1632.36;0;0
MCFTR;D;20130819;000000;1635.85;1635.85;1635.85;1635.85;0;0
MCFTR;D;20130820;000000;1632.61;1632.61;1632.61;1632.61;0;0
MCFTR;D;20130821;000000;1631.8;1631.8;1631.8;1631.8;0;0
MCFTR;D;20130822;000000;1655.57;1655.57;1655.57;1655.57;0;0
MCFTR;D;20130823;000000;1651.49;1651.49;1651.49;1651.49;0;0
MCFTR;D;20130826;000000;1654.48;1654.48;1654.48;1654.48;0;0
MCFTR;D;20130827;000000;1642.33;1642.33;1642.33;1642.33;0;0
MCFTR;D;20130828;000000;1652.84;1652.84;1652.84;1652.84;0;0
MCFTR;D;20130829;000000;1656.91;1656.91;1656.91;1656.91;0;0
MCFTR;D;20130830;000000;1650.13;1650.13;1650.13;1650.13;0;0
MCFTR;D;20130902;000000;1653.82;1653.82;1653.82;1653.82;0;0
MCFTR;D;20130903;000000;1661.43;1661.43;1661.43;1661.43;0;0
MCFTR;D;20130904;000000;1663.66;1663.66;1663.66;1663.66;0;0
MCFTR;D;20130905;000000;1720.18;1720.18;1720.18;1720.18;0;0
MCFTR;D;20130906;000000;1721.39;1721.39;1721.39;1721.39;0;0
MCFTR;D;20130909;000000;1755.42;1755.42;1755.42;1755.42;0;0
MCFTR;D;20130910;000000;1757.88;1757.88;1757.88;1757.88;0;0
MCFTR;D;20130911;000000;1758.54;1758.54;1758.54;1758.54;0;0
MCFTR;D;20130912;000000;1753.84;1753.84;1753.84;1753.84;0;0
MCFTR;D;20130913;000000;1742.36;1742.36;1742.36;1742.36;0;0
MCFTR;D;20130916;000000;1778.33;1778.33;1778.33;1778.33;0;0
MCFTR;D;20130917;000000;1781.41;1781.41;1781.41;1781.41;0;0
MCFTR;D;20130918;000000;1771.64;1771.64;1771.64;1771.64;0;0
MCFTR;D;20130919;000000;1798.53;1798.53;1798.53;1798.53;0;0
MCFTR;D;20130920;000000;1785.88;1785.88;1785.88;1785.88;0;0
MCFTR;D;20130923;000000;1774.87;1774.87;1774.87;1774.87;0;0
MCFTR;D;20130924;000000;1771.36;1771.36;1771.36;1771.36;0;0
MCFTR;D;20130925;000000;1789.34;1789.34;1789.34;1789.34;0;0
MCFTR;D;20130926;000000;1796.06;1796.06;1796.06;1796.06;0;0
MCFTR;D;20130927;000000;1780.05;1780.05;1780.05;1780.05;0;0
MCFTR;D;20130930;000000;1769.08;1769.08;1769.08;1769.08;0;0
MCFTR;D;20131001;000000;1779.85;1779.85;1779.85;1779.85;0;0
MCFTR;D;20131002;000000;1758.76;1758.76;1758.76;1758.76;0;0
MCFTR;D;20131003;000000;1761.42;1761.42;1761.42;1761.42;0;0
MCFTR;D;20131004;000000;1782.85;1782.85;1782.85;1782.85;0;0
MCFTR;D;20131007;000000;1790.1;1790.1;1790.1;1790.1;0;0
MCFTR;D;20131008;000000;1820.26;1820.26;1820.26;1820.26;0;0
MCFTR;D;20131009;000000;1815.26;1815.26;1815.26;1815.26;0;0
MCFTR;D;20131010;000000;1834.28;1834.28;1834.28;1834.28;0;0
MCFTR;D;20131011;000000;1829.8;1829.8;1829.8;1829.8;0;0
MCFTR;D;20131014;000000;1826.38;1826.38;1826.38;1826.38;0;0
MCFTR;D;20131015;000000;1852.34;1852.34;1852.34;1852.34;0;0
MCFTR;D;20131016;000000;1852.22;1852.22;1852.22;1852.22;0;0
MCFTR;D;20131017;000000;1828.94;1828.94;1828.94;1828.94;0;0
MCFTR;D;20131018;000000;1854.38;1854.38;1854.38;1854.38;0;0
MCFTR;D;20131021;000000;1854.69;1854.69;1854.69;1854.69;0;0
MCFTR;D;20131022;000000;1848.82;1848.82;1848.82;1848.82;0;0
MCFTR;D;20131023;000000;1822.82;1822.82;1822.82;1822.82;0;0
MCFTR;D;20131024;000000;1817.02;1817.02;1817.02;1817.02;0;0
MCFTR;D;20131025;000000;1819.46;1819.46;1819.46;1819.46;0;0
MCFTR;D;20131028;000000;1827.96;1827.96;1827.96;1827.96;0;0
MCFTR;D;20131029;000000;1833.6;1833.6;1833.6;1833.6;0;0
MCFTR;D;20131030;000000;1839.42;1839.42;1839.42;1839.42;0;0
MCFTR;D;20131031;000000;1832.4;1832.4;1832.4;1832.4;0;0
MCFTR;D;20131101;000000;1838.39;1838.39;1838.39;1838.39;0;0
MCFTR;D;20131105;000000;1827.22;1827.22;1827.22;1827.22;0;0
MCFTR;D;20131106;000000;1819.95;1819.95;1819.95;1819.95;0;0
MCFTR;D;20131107;000000;1831.23;1831.23;1831.23;1831.23;0;0
MCFTR;D;20131108;000000;1807.33;1807.33;1807.33;1807.33;0;0
MCFTR;D;20131111;000000;1799.94;1799.94;1799.94;1799.94;0;0
MCFTR;D;20131112;000000;1820.51;1820.51;1820.51;1820.51;0;0
MCFTR;D;20131113;000000;1779.75;1779.75;1779.75;1779.75;0;0
MCFTR;D;20131114;000000;1808.95;1808.95;1808.95;1808.95;0;0
MCFTR;D;20131115;000000;1812.47;1812.47;1812.47;1812.47;0;0
MCFTR;D;20131118;000000;1832.88;1832.88;1832.88;1832.88;0;0
MCFTR;D;20131119;000000;1833.59;1833.59;1833.59;1833.59;0;0
MCFTR;D;20131120;000000;1830.35;1830.35;1830.35;1830.35;0;0
MCFTR;D;20131121;000000;1812.81;1812.81;1812.81;1812.81;0;0
MCFTR;D;20131122;000000;1825.57;1825.57;1825.57;1825.57;0;0
MCFTR;D;20131125;000000;1823.52;1823.52;1823.52;1823.52;0;0
MCFTR;D;20131126;000000;1801.62;1801.62;1801.62;1801.62;0;0
MCFTR;D;20131127;000000;1790.76;1790.76;1790.76;1790.76;0;0
MCFTR;D;20131128;000000;1797.12;1797.12;1797.12;1797.12;0;0
MCFTR;D;20131129;000000;1796.99;1796.99;1796.99;1796.99;0;0
MCFTR;D;20131202;000000;1789.59;1789.59;1789.59;1789.59;0;0
MCFTR;D;20131203;000000;1759.93;1759.93;1759.93;1759.93;0;0
MCFTR;D;20131204;000000;1748.29;1748.29;1748.29;1748.29;0;0
MCFTR;D;20131205;000000;1736.13;1736.13;1736.13;1736.13;0;0
MCFTR;D;20131206;000000;1759.72;1759.72;1759.72;1759.72;0;0
MCFTR;D;20131209;000000;1780.41;1780.41;1780.41;1780.41;0;0
MCFTR;D;20131210;000000;1778.61;1778.61;1778.61;1778.61;0;0
MCFTR;D;20131211;000000;1779.25;1779.25;1779.25;1779.25;0;0
MCFTR;D;20131212;000000;1761.11;1761.11;1761.11;1761.11;0;0
MCFTR;D;20131213;000000;1764.78;1764.78;1764.78;1764.78;0;0
MCFTR;D;20131216;000000;1785.99;1785.99;1785.99;1785.99;0;0
MCFTR;D;20131217;000000;1797.13;1797.13;1797.13;1797.13;0;0
MCFTR;D;20131218;000000;1806.27;1806.27;1806.27;1806.27;0;0
MCFTR;D;20131219;000000;1819.73;1819.73;1819.73;1819.73;0;0
MCFTR;D;20131220;000000;1818.8;1818.8;1818.8;1818.8;0;0
MCFTR;D;20131223;000000;1831.27;1831.27;1831.27;1831.27;0;0
MCFTR;D;20131224;000000;1829.96;1829.96;1829.96;1829.96;0;0
MCFTR;D;20131225;000000;1823.53;1823.53;1823.53;1823.53;0;0
MCFTR;D;20131226;000000;1823.95;1823.95;1823.95;1823.95;0;0
MCFTR;D;20131227;000000;1816.06;1816.06;1816.06;1816.06;0;0
MCFTR;D;20131230;000000;1827.3;1827.3;1827.3;1827.3;0;0
MCFTR;D;20140106;000000;1781.22;1781.22;1781.22;1781.22;0;0
MCFTR;D;20140108;000000;1776.99;1776.99;1776.99;1776.99;0;0
MCFTR;D;20140109;000000;1780.07;1780.07;1780.07;1780.07;0;0
MCFTR;D;20140110;000000;1784.99;1784.99;1784.99;1784.99;0;0
MCFTR;D;20140113;000000;1795.15;1795.15;1795.15;1795.15;0;0
MCFTR;D;20140114;000000;1785.53;1785.53;1785.53;1785.53;0;0
MCFTR;D;20140115;000000;1806.03;1806.03;1806.03;1806.03;0;0
MCFTR;D;20140116;000000;1799.01;1799.01;1799.01;1799.01;0;0
MCFTR;D;20140117;000000;1807.23;1807.23;1807.23;1807.23;0;0
MCFTR;D;20140120;000000;1817.53;1817.53;1817.53;1817.53;0;0
MCFTR;D;20140121;000000;1828.86;1828.86;1828.86;1828.86;0;0
MCFTR;D;20140122;000000;1821.63;1821.63;1821.63;1821.63;0;0
MCFTR;D;20140123;000000;1819.41;1819.41;1819.41;1819.41;0;0
MCFTR;D;20140124;000000;1816.59;1816.59;1816.59;1816.59;0;0
MCFTR;D;20140127;000000;1796.71;1796.71;1796.71;1796.71;0;0
MCFTR;D;20140128;000000;1786.19;1786.19;1786.19;1786.19;0;0
MCFTR;D;20140129;000000;1778.19;1778.19;1778.19;1778.19;0;0
MCFTR;D;20140130;000000;1778.45;1778.45;1778.45;1778.45;0;0
MCFTR;D;20140131;000000;1767.81;1767.81;1767.81;1767.81;0;0
MCFTR;D;20140203;000000;1753.7;1753.7;1753.7;1753.7;0;0
MCFTR;D;20140204;000000;1751.66;1751.66;1751.66;1751.66;0;0
MCFTR;D;20140205;000000;1769.69;1769.69;1769.69;1769.69;0;0
MCFTR;D;20140206;000000;1782.7;1782.7;1782.7;1782.7;0;0
MCFTR;D;20140207;000000;1797.02;1797.02;1797.02;1797.02;0;0
MCFTR;D;20140210;000000;1794.34;1794.34;1794.34;1794.34;0;0
MCFTR;D;20140211;000000;1803.2;1803.2;1803.2;1803.2;0;0
MCFTR;D;20140212;000000;1818.35;1818.35;1818.35;1818.35;0;0
MCFTR;D;20140213;000000;1801.3;1801.3;1801.3;1801.3;0;0
MCFTR;D;20140214;000000;1822.69;1822.69;1822.69;1822.69;0;0
MCFTR;D;20140217;000000;1836.47;1836.47;1836.47;1836.47;0;0
MCFTR;D;20140218;000000;1832.51;1832.51;1832.51;1832.51;0;0
MCFTR;D;20140219;000000;1812.63;1812.63;1812.63;1812.63;0;0
MCFTR;D;20140220;000000;1807;1807;1807;1807;0;0
MCFTR;D;20140221;000000;1815.12;1815.12;1815.12;1815.12;0;0
MCFTR;D;20140224;000000;1816.79;1816.79;1816.79;1816.79;0;0
MCFTR;D;20140225;000000;1804.13;1804.13;1804.13;1804.13;0;0
MCFTR;D;20140226;000000;1792.99;1792.99;1792.99;1792.99;0;0
MCFTR;D;20140227;000000;1767.6;1767.6;1767.6;1767.6;0;0
MCFTR;D;20140228;000000;1762.73;1762.73;1762.73;1762.73;0;0
MCFTR;D;20140303;000000;1572.52;1572.52;1572.52;1572.52;0;0
MCFTR;D;20140304;000000;1655.16;1655.16;1655.16;1655.16;0;0
MCFTR;D;20140305;000000;1648.53;1648.53;1648.53;1648.53;0;0
MCFTR;D;20140306;000000;1632.51;1632.51;1632.51;1632.51;0;0
MCFTR;D;20140307;000000;1634.19;1634.19;1634.19;1634.19;0;0
MCFTR;D;20140311;000000;1596.78;1596.78;1596.78;1596.78;0;0
MCFTR;D;20140312;000000;1554.7;1554.7;1554.7;1554.7;0;0
MCFTR;D;20140313;000000;1523.41;1523.41;1523.41;1523.41;0;0
MCFTR;D;20140314;000000;1509.83;1509.83;1509.83;1509.83;0;0
MCFTR;D;20140317;000000;1566.28;1566.28;1566.28;1566.28;0;0
MCFTR;D;20140318;000000;1629.92;1629.92;1629.92;1629.92;0;0
MCFTR;D;20140319;000000;1609.38;1609.38;1609.38;1609.38;0;0
MCFTR;D;20140320;000000;1611.18;1611.18;1611.18;1611.18;0;0
MCFTR;D;20140321;000000;1595.13;1595.13;1595.13;1595.13;0;0
MCFTR;D;20140324;000000;1583.62;1583.62;1583.62;1583.62;0;0
MCFTR;D;20140325;000000;1615.99;1615.99;1615.99;1615.99;0;0
MCFTR;D;20140326;000000;1646.43;1646.43;1646.43;1646.43;0;0
MCFTR;D;20140327;000000;1625.13;1625.13;1625.13;1625.13;0;0
MCFTR;D;20140328;000000;1640;1640;1640;1640;0;0
MCFTR;D;20140331;000000;1670.71;1670.71;1670.71;1670.71;0;0
MCFTR;D;20140401;000000;1678.57;1678.57;1678.57;1678.57;0;0
MCFTR;D;20140402;000000;1675.64;1675.64;1675.64;1675.64;0;0
MCFTR;D;20140403;000000;1666.75;1666.75;1666.75;1666.75;0;0
MCFTR;D;20140404;000000;1686.72;1686.72;1686.72;1686.72;0;0
MCFTR;D;20140407;000000;1646.92;1646.92;1646.92;1646.92;0;0
MCFTR;D;20140408;000000;1650.02;1650.02;1650.02;1650.02;0;0
MCFTR;D;20140409;000000;1645.77;1645.77;1645.77;1645.77;0;0
MCFTR;D;20140410;000000;1668.78;1668.78;1668.78;1668.78;0;0
MCFTR;D;20140411;000000;1662.31;1662.31;1662.31;1662.31;0;0
MCFTR;D;20140414;000000;1640.9;1640.9;1640.9;1640.9;0;0
MCFTR;D;20140415;000000;1599.6;1599.6;1599.6;1599.6;0;0
MCFTR;D;20140416;000000;1613.74;1613.74;1613.74;1613.74;0;0
MCFTR;D;20140417;000000;1622.37;1622.37;1622.37;1622.37;0;0
MCFTR;D;20140418;000000;1655.16;1655.16;1655.16;1655.16;0;0
MCFTR;D;20140421;000000;1641.12;1641.12;1641.12;1641.12;0;0
MCFTR;D;20140422;000000;1629.63;1629.63;1629.63;1629.63;0;0
MCFTR;D;20140423;000000;1621.69;1621.69;1621.69;1621.69;0;0
MCFTR;D;20140424;000000;1586.83;1586.83;1586.83;1586.83;0;0
MCFTR;D;20140425;000000;1561.91;1561.91;1561.91;1561.91;0;0
MCFTR;D;20140428;000000;1586.1;1586.1;1586.1;1586.1;0;0
MCFTR;D;20140429;000000;1593;1593;1593;1593;0;0
MCFTR;D;20140430;000000;1594.65;1594.65;1594.65;1594.65;0;0
MCFTR;D;20140502;000000;1593.22;1593.22;1593.22;1593.22;0;0
MCFTR;D;20140505;000000;1585.23;1585.23;1585.23;1585.23;0;0
MCFTR;D;20140506;000000;1609.99;1609.99;1609.99;1609.99;0;0
MCFTR;D;20140507;000000;1664.82;1664.82;1664.82;1664.82;0;0
MCFTR;D;20140508;000000;1674.52;1674.52;1674.52;1674.52;0;0
MCFTR;D;20140512;000000;1679.27;1679.27;1679.27;1679.27;0;0
MCFTR;D;20140513;000000;1691.46;1691.46;1691.46;1691.46;0;0
MCFTR;D;20140514;000000;1696.12;1696.12;1696.12;1696.12;0;0
MCFTR;D;20140515;000000;1687.43;1687.43;1687.43;1687.43;0;0
MCFTR;D;20140516;000000;1700.01;1700.01;1700.01;1700.01;0;0
MCFTR;D;20140519;000000;1726.33;1726.33;1726.33;1726.33;0;0
MCFTR;D;20140520;000000;1740.65;1740.65;1740.65;1740.65;0;0
MCFTR;D;20140521;000000;1758.13;1758.13;1758.13;1758.13;0;0
MCFTR;D;20140522;000000;1746.71;1746.71;1746.71;1746.71;0;0
MCFTR;D;20140523;000000;1757.01;1757.01;1757.01;1757.01;0;0
MCFTR;D;20140526;000000;1769.69;1769.69;1769.69;1769.69;0;0
MCFTR;D;20140527;000000;1730.56;1730.56;1730.56;1730.56;0;0
MCFTR;D;20140528;000000;1741.1;1741.1;1741.1;1741.1;0;0
MCFTR;D;20140529;000000;1767.28;1767.28;1767.28;1767.28;0;0
MCFTR;D;20140530;000000;1748.53;1748.53;1748.53;1748.53;0;0
MCFTR;D;20140602;000000;1788.13;1788.13;1788.13;1788.13;0;0
MCFTR;D;20140603;000000;1798.34;1798.34;1798.34;1798.34;0;0
MCFTR;D;20140604;000000;1801.96;1801.96;1801.96;1801.96;0;0
MCFTR;D;20140605;000000;1795.74;1795.74;1795.74;1795.74;0;0
MCFTR;D;20140606;000000;1813.13;1813.13;1813.13;1813.13;0;0
MCFTR;D;20140609;000000;1813.68;1813.68;1813.68;1813.68;0;0
MCFTR;D;20140610;000000;1821.6;1821.6;1821.6;1821.6;0;0
MCFTR;D;20140611;000000;1847.22;1847.22;1847.22;1847.22;0;0
MCFTR;D;20140616;000000;1838.3;1838.3;1838.3;1838.3;0;0
MCFTR;D;20140617;000000;1829.01;1829.01;1829.01;1829.01;0;0
MCFTR;D;20140618;000000;1838.73;1838.73;1838.73;1838.73;0;0
MCFTR;D;20140619;000000;1840.01;1840.01;1840.01;1840.01;0;0
MCFTR;D;20140620;000000;1832.23;1832.23;1832.23;1832.23;0;0
MCFTR;D;20140623;000000;1832.53;1832.53;1832.53;1832.53;0;0
MCFTR;D;20140624;000000;1872.64;1872.64;1872.64;1872.64;0;0
MCFTR;D;20140625;000000;1827.17;1827.17;1827.17;1827.17;0;0
MCFTR;D;20140626;000000;1816.36;1816.36;1816.36;1816.36;0;0
MCFTR;D;20140627;000000;1821.46;1821.46;1821.46;1821.46;0;0
MCFTR;D;20140630;000000;1822.28;1822.28;1822.28;1822.28;0;0
MCFTR;D;20140701;000000;1830.35;1830.35;1830.35;1830.35;0;0
MCFTR;D;20140702;000000;1869.12;1869.12;1869.12;1869.12;0;0
MCFTR;D;20140703;000000;1869.71;1869.71;1869.71;1869.71;0;0
MCFTR;D;20140704;000000;1845.31;1845.31;1845.31;1845.31;0;0
MCFTR;D;20140707;000000;1880.42;1880.42;1880.42;1880.42;0;0
MCFTR;D;20140708;000000;1884.2;1884.2;1884.2;1884.2;0;0
MCFTR;D;20140709;000000;1880.02;1880.02;1880.02;1880.02;0;0
MCFTR;D;20140710;000000;1859.37;1859.37;1859.37;1859.37;0;0
MCFTR;D;20140711;000000;1866.24;1866.24;1866.24;1866.24;0;0
MCFTR;D;20140714;000000;1853.44;1853.44;1853.44;1853.44;0;0
MCFTR;D;20140715;000000;1850.94;1850.94;1850.94;1850.94;0;0
MCFTR;D;20140716;000000;1865.3;1865.3;1865.3;1865.3;0;0
MCFTR;D;20140717;000000;1823.2;1823.2;1823.2;1823.2;0;0
MCFTR;D;20140718;000000;1800.29;1800.29;1800.29;1800.29;0;0
MCFTR;D;20140721;000000;1752.16;1752.16;1752.16;1752.16;0;0
MCFTR;D;20140722;000000;1779.33;1779.33;1779.33;1779.33;0;0
MCFTR;D;20140723;000000;1780.11;1780.11;1780.11;1780.11;0;0
MCFTR;D;20140724;000000;1782.92;1782.92;1782.92;1782.92;0;0
MCFTR;D;20140725;000000;1757.11;1757.11;1757.11;1757.11;0;0
MCFTR;D;20140728;000000;1723.61;1723.61;1723.61;1723.61;0;0
MCFTR;D;20140729;000000;1733.6;1733.6;1733.6;1733.6;0;0
MCFTR;D;20140730;000000;1749.18;1749.18;1749.18;1749.18;0;0
MCFTR;D;20140731;000000;1745.97;1745.97;1745.97;1745.97;0;0
MCFTR;D;20140801;000000;1739.93;1739.93;1739.93;1739.93;0;0
MCFTR;D;20140804;000000;1745.18;1745.18;1745.18;1745.18;0;0
MCFTR;D;20140805;000000;1718.49;1718.49;1718.49;1718.49;0;0
MCFTR;D;20140806;000000;1689.09;1689.09;1689.09;1689.09;0;0
MCFTR;D;20140807;000000;1687.66;1687.66;1687.66;1687.66;0;0
MCFTR;D;20140808;000000;1706.24;1706.24;1706.24;1706.24;0;0
MCFTR;D;20140811;000000;1736.91;1736.91;1736.91;1736.91;0;0
MCFTR;D;20140812;000000;1739.12;1739.12;1739.12;1739.12;0;0
MCFTR;D;20140813;000000;1770.32;1770.32;1770.32;1770.32;0;0
MCFTR;D;20140814;000000;1781.31;1781.31;1781.31;1781.31;0;0
MCFTR;D;20140815;000000;1794.33;1794.33;1794.33;1794.33;0;0
MCFTR;D;20140818;000000;1803.65;1803.65;1803.65;1803.65;0;0
MCFTR;D;20140819;000000;1819.36;1819.36;1819.36;1819.36;0;0
MCFTR;D;20140820;000000;1831.89;1831.89;1831.89;1831.89;0;0
MCFTR;D;20140821;000000;1849.93;1849.93;1849.93;1849.93;0;0
MCFTR;D;20140822;000000;1830.75;1830.75;1830.75;1830.75;0;0
MCFTR;D;20140825;000000;1840.97;1840.97;1840.97;1840.97;0;0
MCFTR;D;20140826;000000;1826.6;1826.6;1826.6;1826.6;0;0
MCFTR;D;20140827;000000;1832.41;1832.41;1832.41;1832.41;0;0
MCFTR;D;20140828;000000;1801.87;1801.87;1801.87;1801.87;0;0
MCFTR;D;20140829;000000;1772.68;1772.68;1772.68;1772.68;0;0
MCFTR;D;20140901;000000;1762.16;1762.16;1762.16;1762.16;0;0
MCFTR;D;20140902;000000;1772.22;1772.22;1772.22;1772.22;0;0
MCFTR;D;20140903;000000;1834.16;1834.16;1834.16;1834.16;0;0
MCFTR;D;20140904;000000;1844.51;1844.51;1844.51;1844.51;0;0
MCFTR;D;20140905;000000;1866.49;1866.49;1866.49;1866.49;0;0
MCFTR;D;20140908;000000;1853.9;1853.9;1853.9;1853.9;0;0
MCFTR;D;20140909;000000;1858.21;1858.21;1858.21;1858.21;0;0
MCFTR;D;20140910;000000;1858.7;1858.7;1858.7;1858.7;0;0
MCFTR;D;20140911;000000;1834.75;1834.75;1834.75;1834.75;0;0
MCFTR;D;20140912;000000;1846;1846;1846;1846;0;0
MCFTR;D;20140915;000000;1840.52;1840.52;1840.52;1840.52;0;0
MCFTR;D;20140916;000000;1869.78;1869.78;1869.78;1869.78;0;0
MCFTR;D;20140917;000000;1834.42;1834.42;1834.42;1834.42;0;0
MCFTR;D;20140918;000000;1833.48;1833.48;1833.48;1833.48;0;0
MCFTR;D;20140919;000000;1812;1812;1812;1812;0;0
MCFTR;D;20140922;000000;1788.27;1788.27;1788.27;1788.27;0;0
MCFTR;D;20140923;000000;1809.31;1809.31;1809.31;1809.31;0;0
MCFTR;D;20140924;000000;1824.98;1824.98;1824.98;1824.98;0;0
MCFTR;D;20140925;000000;1817.66;1817.66;1817.66;1817.66;0;0
MCFTR;D;20140926;000000;1815.48;1815.48;1815.48;1815.48;0;0
MCFTR;D;20140929;000000;1782.67;1782.67;1782.67;1782.67;0;0
MCFTR;D;20140930;000000;1786.2;1786.2;1786.2;1786.2;0;0
MCFTR;D;20141001;000000;1772.18;1772.18;1772.18;1772.18;0;0
MCFTR;D;20141002;000000;1742.25;1742.25;1742.25;1742.25;0;0
MCFTR;D;20141003;000000;1752.77;1752.77;1752.77;1752.77;0;0
MCFTR;D;20141006;000000;1795.17;1795.17;1795.17;1795.17;0;0
MCFTR;D;20141007;000000;1776.6;1776.6;1776.6;1776.6;0;0
MCFTR;D;20141008;000000;1746.57;1746.57;1746.57;1746.57;0;0
MCFTR;D;20141009;000000;1753.61;1753.61;1753.61;1753.61;0;0
MCFTR;D;20141010;000000;1728.16;1728.16;1728.16;1728.16;0;0
MCFTR;D;20141013;000000;1754.78;1754.78;1754.78;1754.78;0;0
MCFTR;D;20141014;000000;1767.75;1767.75;1767.75;1767.75;0;0
MCFTR;D;20141015;000000;1746.1;1746.1;1746.1;1746.1;0;0
MCFTR;D;20141016;000000;1724.85;1724.85;1724.85;1724.85;0;0
MCFTR;D;20141017;000000;1755.78;1755.78;1755.78;1755.78;0;0
MCFTR;D;20141020;000000;1745.18;1745.18;1745.18;1745.18;0;0
MCFTR;D;20141021;000000;1754.04;1754.04;1754.04;1754.04;0;0
MCFTR;D;20141022;000000;1742.43;1742.43;1742.43;1742.43;0;0
MCFTR;D;20141023;000000;1740.82;1740.82;1740.82;1740.82;0;0
MCFTR;D;20141024;000000;1751.4;1751.4;1751.4;1751.4;0;0
MCFTR;D;20141027;000000;1769.01;1769.01;1769.01;1769.01;0;0
MCFTR;D;20141028;000000;1795.96;1795.96;1795.96;1795.96;0;0
MCFTR;D;20141029;000000;1826.5;1826.5;1826.5;1826.5;0;0
MCFTR;D;20141030;000000;1843.39;1843.39;1843.39;1843.39;0;0
MCFTR;D;20141031;000000;1888.53;1888.53;1888.53;1888.53;0;0
MCFTR;D;20141103;000000;1892.22;1892.22;1892.22;1892.22;0;0
MCFTR;D;20141105;000000;1897.38;1897.38;1897.38;1897.38;0;0
MCFTR;D;20141106;000000;1900.17;1900.17;1900.17;1900.17;0;0
MCFTR;D;20141107;000000;1899.73;1899.73;1899.73;1899.73;0;0
MCFTR;D;20141110;000000;1922.89;1922.89;1922.89;1922.89;0;0
MCFTR;D;20141111;000000;1922.15;1922.15;1922.15;1922.15;0;0
MCFTR;D;20141112;000000;1920.94;1920.94;1920.94;1920.94;0;0
MCFTR;D;20141113;000000;1893.59;1893.59;1893.59;1893.59;0;0
MCFTR;D;20141114;000000;1904.36;1904.36;1904.36;1904.36;0;0
MCFTR;D;20141117;000000;1912.4;1912.4;1912.4;1912.4;0;0
MCFTR;D;20141118;000000;1928.28;1928.28;1928.28;1928.28;0;0
MCFTR;D;20141119;000000;1926.2;1926.2;1926.2;1926.2;0;0
MCFTR;D;20141120;000000;1942.18;1942.18;1942.18;1942.18;0;0
MCFTR;D;20141121;000000;1953;1953;1953;1953;0;0
MCFTR;D;20141124;000000;1943.64;1943.64;1943.64;1943.64;0;0
MCFTR;D;20141125;000000;1943.68;1943.68;1943.68;1943.68;0;0
MCFTR;D;20141126;000000;1953.66;1953.66;1953.66;1953.66;0;0
MCFTR;D;20141127;000000;1946.37;1946.37;1946.37;1946.37;0;0
MCFTR;D;20141128;000000;1948.9;1948.9;1948.9;1948.9;0;0
MCFTR;D;20141201;000000;2005.7;2005.7;2005.7;2005.7;0;0
MCFTR;D;20141202;000000;2011.72;2011.72;2011.72;2011.72;0;0
MCFTR;D;20141203;000000;2041.87;2041.87;2041.87;2041.87;0;0
MCFTR;D;20141204;000000;2010.4;2010.4;2010.4;2010.4;0;0
MCFTR;D;20141205;000000;1943.21;1943.21;1943.21;1943.21;0;0
MCFTR;D;20141208;000000;1882.3;1882.3;1882.3;1882.3;0;0
MCFTR;D;20141209;000000;1874.61;1874.61;1874.61;1874.61;0;0
MCFTR;D;20141210;000000;1889.39;1889.39;1889.39;1889.39;0;0
MCFTR;D;20141211;000000;1848.97;1848.97;1848.97;1848.97;0;0
MCFTR;D;20141212;000000;1854.86;1854.86;1854.86;1854.86;0;0
MCFTR;D;20141215;000000;1811.29;1811.29;1811.29;1811.29;0;0
MCFTR;D;20141216;000000;1835.86;1835.86;1835.86;1835.86;0;0
MCFTR;D;20141217;000000;1797.05;1797.05;1797.05;1797.05;0;0
MCFTR;D;20141218;000000;1877.81;1877.81;1877.81;1877.81;0;0
MCFTR;D;20141219;000000;1851.96;1851.96;1851.96;1851.96;0;0
MCFTR;D;20141222;000000;1836.81;1836.81;1836.81;1836.81;0;0
MCFTR;D;20141223;000000;1787.12;1787.12;1787.12;1787.12;0;0
MCFTR;D;20141224;000000;1791.34;1791.34;1791.34;1791.34;0;0
MCFTR;D;20141225;000000;1806.81;1806.81;1806.81;1806.81;0;0
MCFTR;D;20141226;000000;1818.69;1818.69;1818.69;1818.69;0;0
MCFTR;D;20141229;000000;1840.26;1840.26;1840.26;1840.26;0;0
MCFTR;D;20141230;000000;1793.6;1793.6;1793.6;1793.6;0;0
MCFTR;D;20150105;000000;1843.75;1843.75;1843.75;1843.75;0;0
MCFTR;D;20150106;000000;1901.63;1901.63;1901.63;1901.63;0;0
MCFTR;D;20150108;000000;1987.24;1987.24;1987.24;1987.24;0;0
MCFTR;D;20150109;000000;1946.29;1946.29;1946.29;1946.29;0;0
MCFTR;D;20150112;000000;1943.52;1943.52;1943.52;1943.52;0;0
MCFTR;D;20150113;000000;1969.04;1969.04;1969.04;1969.04;0;0
MCFTR;D;20150114;000000;1996.49;1996.49;1996.49;1996.49;0;0
MCFTR;D;20150115;000000;2007.73;2007.73;2007.73;2007.73;0;0
MCFTR;D;20150116;000000;2043.97;2043.97;2043.97;2043.97;0;0
MCFTR;D;20150119;000000;2024.67;2024.67;2024.67;2024.67;0;0
MCFTR;D;20150120;000000;2017.7;2017.7;2017.7;2017.7;0;0
MCFTR;D;20150121;000000;2078.32;2078.32;2078.32;2078.32;0;0
MCFTR;D;20150122;000000;2140.47;2140.47;2140.47;2140.47;0;0
MCFTR;D;20150123;000000;2147.2;2147.2;2147.2;2147.2;0;0
MCFTR;D;20150126;000000;2109.4;2109.4;2109.4;2109.4;0;0
MCFTR;D;20150127;000000;2149.92;2149.92;2149.92;2149.92;0;0
MCFTR;D;20150128;000000;2116.26;2116.26;2116.26;2116.26;0;0
MCFTR;D;20150129;000000;2105.91;2105.91;2105.91;2105.91;0;0
MCFTR;D;20150130;000000;2116.23;2116.23;2116.23;2116.23;0;0
MCFTR;D;20150202;000000;2087.49;2087.49;2087.49;2087.49;0;0
MCFTR;D;20150203;000000;2124.8;2124.8;2124.8;2124.8;0;0
MCFTR;D;20150204;000000;2126.93;2126.93;2126.93;2126.93;0;0
MCFTR;D;20150205;000000;2178.36;2178.36;2178.36;2178.36;0;0
MCFTR;D;20150206;000000;2254.63;2254.63;2254.63;2254.63;0;0
MCFTR;D;20150209;000000;2245.77;2245.77;2245.77;2245.77;0;0
MCFTR;D;20150210;000000;2237.81;2237.81;2237.81;2237.81;0;0
MCFTR;D;20150211;000000;2265.1;2265.1;2265.1;2265.1;0;0
MCFTR;D;20150212;000000;2315.45;2315.45;2315.45;2315.45;0;0
MCFTR;D;20150213;000000;2360.89;2360.89;2360.89;2360.89;0;0
MCFTR;D;20150216;000000;2312.61;2312.61;2312.61;2312.61;0;0
MCFTR;D;20150217;000000;2303.92;2303.92;2303.92;2303.92;0;0
MCFTR;D;20150218;000000;2324.27;2324.27;2324.27;2324.27;0;0
MCFTR;D;20150219;000000;2309.12;2309.12;2309.12;2309.12;0;0
MCFTR;D;20150220;000000;2302.48;2302.48;2302.48;2302.48;0;0
MCFTR;D;20150224;000000;2276.1;2276.1;2276.1;2276.1;0;0
MCFTR;D;20150225;000000;2242.79;2242.79;2242.79;2242.79;0;0
MCFTR;D;20150226;000000;2261.33;2261.33;2261.33;2261.33;0;0
MCFTR;D;20150227;000000;2259.16;2259.16;2259.16;2259.16;0;0
MCFTR;D;20150302;000000;2290.46;2290.46;2290.46;2290.46;0;0
MCFTR;D;20150303;000000;2321.74;2321.74;2321.74;2321.74;0;0
MCFTR;D;20150304;000000;2259.64;2259.64;2259.64;2259.64;0;0
MCFTR;D;20150305;000000;2261.19;2261.19;2261.19;2261.19;0;0
MCFTR;D;20150306;000000;2220.09;2220.09;2220.09;2220.09;0;0
MCFTR;D;20150310;000000;2138.95;2138.95;2138.95;2138.95;0;0
MCFTR;D;20150311;000000;2146.77;2146.77;2146.77;2146.77;0;0
MCFTR;D;20150312;000000;2138.08;2138.08;2138.08;2138.08;0;0
MCFTR;D;20150313;000000;2090.79;2090.79;2090.79;2090.79;0;0
MCFTR;D;20150316;000000;2067.63;2067.63;2067.63;2067.63;0;0
MCFTR;D;20150317;000000;2069.99;2069.99;2069.99;2069.99;0;0
MCFTR;D;20150318;000000;2096.23;2096.23;2096.23;2096.23;0;0
MCFTR;D;20150319;000000;2065.22;2065.22;2065.22;2065.22;0;0
MCFTR;D;20150320;000000;2091.76;2091.76;2091.76;2091.76;0;0
MCFTR;D;20150323;000000;2058.64;2058.64;2058.64;2058.64;0;0
MCFTR;D;20150324;000000;2078.9;2078.9;2078.9;2078.9;0;0
MCFTR;D;20150325;000000;2074.89;2074.89;2074.89;2074.89;0;0
MCFTR;D;20150326;000000;2031.66;2031.66;2031.66;2031.66;0;0
MCFTR;D;20150327;000000;2018.44;2018.44;2018.44;2018.44;0;0
MCFTR;D;20150330;000000;2071.47;2071.47;2071.47;2071.47;0;0
MCFTR;D;20150331;000000;2088.61;2088.61;2088.61;2088.61;0;0
MCFTR;D;20150401;000000;2134.48;2134.48;2134.48;2134.48;0;0
MCFTR;D;20150402;000000;2156.75;2156.75;2156.75;2156.75;0;0
MCFTR;D;20150403;000000;2159.62;2159.62;2159.62;2159.62;0;0
MCFTR;D;20150406;000000;2184.24;2184.24;2184.24;2184.24;0;0
MCFTR;D;20150407;000000;2177.82;2177.82;2177.82;2177.82;0;0
MCFTR;D;20150408;000000;2162.39;2162.39;2162.39;2162.39;0;0
MCFTR;D;20150409;000000;2141.8;2141.8;2141.8;2141.8;0;0
MCFTR;D;20150410;000000;2128.21;2128.21;2128.21;2128.21;0;0
MCFTR;D;20150413;000000;2155.4;2155.4;2155.4;2155.4;0;0
MCFTR;D;20150414;000000;2115.85;2115.85;2115.85;2115.85;0;0
MCFTR;D;20150415;000000;2154.78;2154.78;2154.78;2154.78;0;0
MCFTR;D;20150416;000000;2167.51;2167.51;2167.51;2167.51;0;0
MCFTR;D;20150417;000000;2128.7;2128.7;2128.7;2128.7;0;0
MCFTR;D;20150420;000000;2162.95;2162.95;2162.95;2162.95;0;0
MCFTR;D;20150421;000000;2197.64;2197.64;2197.64;2197.64;0;0
MCFTR;D;20150422;000000;2155.65;2155.65;2155.65;2155.65;0;0
MCFTR;D;20150423;000000;2136.48;2136.48;2136.48;2136.48;0;0
MCFTR;D;20150424;000000;2162.25;2162.25;2162.25;2162.25;0;0
MCFTR;D;20150427;000000;2155.21;2155.21;2155.21;2155.21;0;0
MCFTR;D;20150428;000000;2156.07;2156.07;2156.07;2156.07;0;0
MCFTR;D;20150429;000000;2147.4;2147.4;2147.4;2147.4;0;0
MCFTR;D;20150430;000000;2170.87;2170.87;2170.87;2170.87;0;0
MCFTR;D;20150505;000000;2213.89;2213.89;2213.89;2213.89;0;0
MCFTR;D;20150506;000000;2204.26;2204.26;2204.26;2204.26;0;0
MCFTR;D;20150507;000000;2169.12;2169.12;2169.12;2169.12;0;0
MCFTR;D;20150508;000000;2198.17;2198.17;2198.17;2198.17;0;0
MCFTR;D;20150512;000000;2193.15;2193.15;2193.15;2193.15;0;0
MCFTR;D;20150513;000000;2164.38;2164.38;2164.38;2164.38;0;0
MCFTR;D;20150514;000000;2158.35;2158.35;2158.35;2158.35;0;0
MCFTR;D;20150515;000000;2176.22;2176.22;2176.22;2176.22;0;0
MCFTR;D;20150518;000000;2159.61;2159.61;2159.61;2159.61;0;0
MCFTR;D;20150519;000000;2134.92;2134.92;2134.92;2134.92;0;0
MCFTR;D;20150520;000000;2105.97;2105.97;2105.97;2105.97;0;0
MCFTR;D;20150521;000000;2134.88;2134.88;2134.88;2134.88;0;0
MCFTR;D;20150522;000000;2151.92;2151.92;2151.92;2151.92;0;0
MCFTR;D;20150525;000000;2138.67;2138.67;2138.67;2138.67;0;0
MCFTR;D;20150526;000000;2133.84;2133.84;2133.84;2133.84;0;0
MCFTR;D;20150527;000000;2146.14;2146.14;2146.14;2146.14;0;0
MCFTR;D;20150528;000000;2141.8;2141.8;2141.8;2141.8;0;0
MCFTR;D;20150529;000000;2079.22;2079.22;2079.22;2079.22;0;0
MCFTR;D;20150601;000000;2089.48;2089.48;2089.48;2089.48;0;0
MCFTR;D;20150602;000000;2123.69;2123.69;2123.69;2123.69;0;0
MCFTR;D;20150603;000000;2104.9;2104.9;2104.9;2104.9;0;0
MCFTR;D;20150604;000000;2118.12;2118.12;2118.12;2118.12;0;0
MCFTR;D;20150605;000000;2136.22;2136.22;2136.22;2136.22;0;0
MCFTR;D;20150608;000000;2129.53;2129.53;2129.53;2129.53;0;0
MCFTR;D;20150609;000000;2151.67;2151.67;2151.67;2151.67;0;0
MCFTR;D;20150610;000000;2137.55;2137.55;2137.55;2137.55;0;0
MCFTR;D;20150611;000000;2137.85;2137.85;2137.85;2137.85;0;0
MCFTR;D;20150615;000000;2145.13;2145.13;2145.13;2145.13;0;0
MCFTR;D;20150616;000000;2160.05;2160.05;2160.05;2160.05;0;0
MCFTR;D;20150617;000000;2154.67;2154.67;2154.67;2154.67;0;0
MCFTR;D;20150618;000000;2150.79;2150.79;2150.79;2150.79;0;0
MCFTR;D;20150619;000000;2154.53;2154.53;2154.53;2154.53;0;0
MCFTR;D;20150622;000000;2165.89;2165.89;2165.89;2165.89;0;0
MCFTR;D;20150623;000000;2147.02;2147.02;2147.02;2147.02;0;0
MCFTR;D;20150624;000000;2140.05;2140.05;2140.05;2140.05;0;0
MCFTR;D;20150625;000000;2114.32;2114.32;2114.32;2114.32;0;0
MCFTR;D;20150626;000000;2133.91;2133.91;2133.91;2133.91;0;0
MCFTR;D;20150629;000000;2121.56;2121.56;2121.56;2121.56;0;0
MCFTR;D;20150630;000000;2147.02;2147.02;2147.02;2147.02;0;0
MCFTR;D;20150701;000000;2127.75;2127.75;2127.75;2127.75;0;0
MCFTR;D;20150702;000000;2130.31;2130.31;2130.31;2130.31;0;0
MCFTR;D;20150703;000000;2119.74;2119.74;2119.74;2119.74;0;0
MCFTR;D;20150706;000000;2113.19;2113.19;2113.19;2113.19;0;0
MCFTR;D;20150707;000000;2103.9;2103.9;2103.9;2103.9;0;0
MCFTR;D;20150708;000000;2078.95;2078.95;2078.95;2078.95;0;0
MCFTR;D;20150709;000000;2104.48;2104.48;2104.48;2104.48;0;0
MCFTR;D;20150710;000000;2117.15;2117.15;2117.15;2117.15;0;0
MCFTR;D;20150713;000000;2152.13;2152.13;2152.13;2152.13;0;0
MCFTR;D;20150714;000000;2160.62;2160.62;2160.62;2160.62;0;0
MCFTR;D;20150715;000000;2184.48;2184.48;2184.48;2184.48;0;0
MCFTR;D;20150716;000000;2200.79;2200.79;2200.79;2200.79;0;0
MCFTR;D;20150717;000000;2197.78;2197.78;2197.78;2197.78;0;0
MCFTR;D;20150720;000000;2166.72;2166.72;2166.72;2166.72;0;0
MCFTR;D;20150721;000000;2178.61;2178.61;2178.61;2178.61;0;0
MCFTR;D;20150722;000000;2178.53;2178.53;2178.53;2178.53;0;0
MCFTR;D;20150723;000000;2152.91;2152.91;2152.91;2152.91;0;0
MCFTR;D;20150724;000000;2125.56;2125.56;2125.56;2125.56;0;0
MCFTR;D;20150727;000000;2111.32;2111.32;2111.32;2111.32;0;0
MCFTR;D;20150728;000000;2137.4;2137.4;2137.4;2137.4;0;0
MCFTR;D;20150729;000000;2161.14;2161.14;2161.14;2161.14;0;0
MCFTR;D;20150730;000000;2180.32;2180.32;2180.32;2180.32;0;0
MCFTR;D;20150731;000000;2223.33;2223.33;2223.33;2223.33;0;0
MCFTR;D;20150803;000000;2216.32;2216.32;2216.32;2216.32;0;0
MCFTR;D;20150804;000000;2230.6;2230.6;2230.6;2230.6;0;0
MCFTR;D;20150805;000000;2255.39;2255.39;2255.39;2255.39;0;0
MCFTR;D;20150806;000000;2232.26;2232.26;2232.26;2232.26;0;0
MCFTR;D;20150807;000000;2251.89;2251.89;2251.89;2251.89;0;0
MCFTR;D;20150810;000000;2267.31;2267.31;2267.31;2267.31;0;0
MCFTR;D;20150811;000000;2261.78;2261.78;2261.78;2261.78;0;0
MCFTR;D;20150812;000000;2261.49;2261.49;2261.49;2261.49;0;0
MCFTR;D;20150813;000000;2270.1;2270.1;2270.1;2270.1;0;0
MCFTR;D;20150814;000000;2281.23;2281.23;2281.23;2281.23;0;0
MCFTR;D;20150817;000000;2275.21;2275.21;2275.21;2275.21;0;0
MCFTR;D;20150818;000000;2252.95;2252.95;2252.95;2252.95;0;0
MCFTR;D;20150819;000000;2229.8;2229.8;2229.8;2229.8;0;0
MCFTR;D;20150820;000000;2258.72;2258.72;2258.72;2258.72;0;0
MCFTR;D;20150821;000000;2215.75;2215.75;2215.75;2215.75;0;0
MCFTR;D;20150824;000000;2176.89;2176.89;2176.89;2176.89;0;0
MCFTR;D;20150825;000000;2208.84;2208.84;2208.84;2208.84;0;0
MCFTR;D;20150826;000000;2212.6;2212.6;2212.6;2212.6;0;0
MCFTR;D;20150827;000000;2258.25;2258.25;2258.25;2258.25;0;0
MCFTR;D;20150828;000000;2290.14;2290.14;2290.14;2290.14;0;0
MCFTR;D;20150831;000000;2308.81;2308.81;2308.81;2308.81;0;0
MCFTR;D;20150901;000000;2261.94;2261.94;2261.94;2261.94;0;0
MCFTR;D;20150902;000000;2252.39;2252.39;2252.39;2252.39;0;0
MCFTR;D;20150903;000000;2278.86;2278.86;2278.86;2278.86;0;0
MCFTR;D;20150904;000000;2262.33;2262.33;2262.33;2262.33;0;0
MCFTR;D;20150907;000000;2266.35;2266.35;2266.35;2266.35;0;0
MCFTR;D;20150908;000000;2283.67;2283.67;2283.67;2283.67;0;0
MCFTR;D;20150909;000000;2294.66;2294.66;2294.66;2294.66;0;0
MCFTR;D;20150910;000000;2289.96;2289.96;2289.96;2289.96;0;0
MCFTR;D;20150911;000000;2288.84;2288.84;2288.84;2288.84;0;0
MCFTR;D;20150914;000000;2304.41;2304.41;2304.41;2304.41;0;0
MCFTR;D;20150915;000000;2286.44;2286.44;2286.44;2286.44;0;0
MCFTR;D;20150916;000000;2307.15;2307.15;2307.15;2307.15;0;0
MCFTR;D;20150917;000000;2303.68;2303.68;2303.68;2303.68;0;0
MCFTR;D;20150918;000000;2279.22;2279.22;2279.22;2279.22;0;0
MCFTR;D;20150921;000000;2264.4;2264.4;2264.4;2264.4;0;0
MCFTR;D;20150922;000000;2217.15;2217.15;2217.15;2217.15;0;0
MCFTR;D;20150923;000000;2185.78;2185.78;2185.78;2185.78;0;0
MCFTR;D;20150924;000000;2164.24;2164.24;2164.24;2164.24;0;0
MCFTR;D;20150925;000000;2189.18;2189.18;2189.18;2189.18;0;0
MCFTR;D;20150928;000000;2158.1;2158.1;2158.1;2158.1;0;0
MCFTR;D;20150929;000000;2176.99;2176.99;2176.99;2176.99;0;0
MCFTR;D;20150930;000000;2193.63;2193.63;2193.63;2193.63;0;0
MCFTR;D;20151001;000000;2172.27;2172.27;2172.27;2172.27;0;0
MCFTR;D;20151002;000000;2153.03;2153.03;2153.03;2153.03;0;0
MCFTR;D;20151005;000000;2207.86;2207.86;2207.86;2207.86;0;0
MCFTR;D;20151006;000000;2232.21;2232.21;2232.21;2232.21;0;0
MCFTR;D;20151007;000000;2243.96;2243.96;2243.96;2243.96;0;0
MCFTR;D;20151008;000000;2259.01;2259.01;2259.01;2259.01;0;0
MCFTR;D;20151009;000000;2311.55;2311.55;2311.55;2311.55;0;0
MCFTR;D;20151012;000000;2287.69;2287.69;2287.69;2287.69;0;0
MCFTR;D;20151013;000000;2302.84;2302.84;2302.84;2302.84;0;0
MCFTR;D;20151014;000000;2305.79;2305.79;2305.79;2305.79;0;0
MCFTR;D;20151015;000000;2318.1;2318.1;2318.1;2318.1;0;0
MCFTR;D;20151016;000000;2298.14;2298.14;2298.14;2298.14;0;0
MCFTR;D;20151019;000000;2296.91;2296.91;2296.91;2296.91;0;0
MCFTR;D;20151020;000000;2305.66;2305.66;2305.66;2305.66;0;0
MCFTR;D;20151021;000000;2288.69;2288.69;2288.69;2288.69;0;0
MCFTR;D;20151022;000000;2291.76;2291.76;2291.76;2291.76;0;0
MCFTR;D;20151023;000000;2309.63;2309.63;2309.63;2309.63;0;0
MCFTR;D;20151026;000000;2291.8;2291.8;2291.8;2291.8;0;0
MCFTR;D;20151027;000000;2310.22;2310.22;2310.22;2310.22;0;0
MCFTR;D;20151028;000000;2311.18;2311.18;2311.18;2311.18;0;0
MCFTR;D;20151029;000000;2287.07;2287.07;2287.07;2287.07;0;0
MCFTR;D;20151030;000000;2290.99;2290.99;2290.99;2290.99;0;0
MCFTR;D;20151102;000000;2323.41;2323.41;2323.41;2323.41;0;0
MCFTR;D;20151103;000000;2360.69;2360.69;2360.69;2360.69;0;0
MCFTR;D;20151105;000000;2364.28;2364.28;2364.28;2364.28;0;0
MCFTR;D;20151106;000000;2348.32;2348.32;2348.32;2348.32;0;0
MCFTR;D;20151109;000000;2344.42;2344.42;2344.42;2344.42;0;0
MCFTR;D;20151110;000000;2338.39;2338.39;2338.39;2338.39;0;0
MCFTR;D;20151111;000000;2329.85;2329.85;2329.85;2329.85;0;0
MCFTR;D;20151112;000000;2329.05;2329.05;2329.05;2329.05;0;0
MCFTR;D;20151113;000000;2313.27;2313.27;2313.27;2313.27;0;0
MCFTR;D;20151116;000000;2328.83;2328.83;2328.83;2328.83;0;0
MCFTR;D;20151117;000000;2392.32;2392.32;2392.32;2392.32;0;0
MCFTR;D;20151118;000000;2423.44;2423.44;2423.44;2423.44;0;0
MCFTR;D;20151119;000000;2424.41;2424.41;2424.41;2424.41;0;0
MCFTR;D;20151120;000000;2445.18;2445.18;2445.18;2445.18;0;0
MCFTR;D;20151123;000000;2500.53;2500.53;2500.53;2500.53;0;0
MCFTR;D;20151124;000000;2422.87;2422.87;2422.87;2422.87;0;0
MCFTR;D;20151125;000000;2454.3;2454.3;2454.3;2454.3;0;0
MCFTR;D;20151126;000000;2447.3;2447.3;2447.3;2447.3;0;0
MCFTR;D;20151127;000000;2403.66;2403.66;2403.66;2403.66;0;0
MCFTR;D;20151130;000000;2370.66;2370.66;2370.66;2370.66;0;0
MCFTR;D;20151201;000000;2373.23;2373.23;2373.23;2373.23;0;0
MCFTR;D;20151202;000000;2369.43;2369.43;2369.43;2369.43;0;0
MCFTR;D;20151203;000000;2392.32;2392.32;2392.32;2392.32;0;0
MCFTR;D;20151204;000000;2349.48;2349.48;2349.48;2349.48;0;0
MCFTR;D;20151207;000000;2330.63;2330.63;2330.63;2330.63;0;0
MCFTR;D;20151208;000000;2300.68;2300.68;2300.68;2300.68;0;0
MCFTR;D;20151209;000000;2319.85;2319.85;2319.85;2319.85;0;0
MCFTR;D;20151210;000000;2320.23;2320.23;2320.23;2320.23;0;0
MCFTR;D;20151211;000000;2303.39;2303.39;2303.39;2303.39;0;0
MCFTR;D;20151214;000000;2287.84;2287.84;2287.84;2287.84;0;0
MCFTR;D;20151215;000000;2333.04;2333.04;2333.04;2333.04;0;0
MCFTR;D;20151216;000000;2349.45;2349.45;2349.45;2349.45;0;0
MCFTR;D;20151217;000000;2384.61;2384.61;2384.61;2384.61;0;0
MCFTR;D;20151218;000000;2302.51;2302.51;2302.51;2302.51;0;0
MCFTR;D;20151221;000000;2301.21;2301.21;2301.21;2301.21;0;0
MCFTR;D;20151222;000000;2309.84;2309.84;2309.84;2309.84;0;0
MCFTR;D;20151223;000000;2349.95;2349.95;2349.95;2349.95;0;0
MCFTR;D;20151224;000000;2343.03;2343.03;2343.03;2343.03;0;0
MCFTR;D;20151225;000000;2331.61;2331.61;2331.61;2331.61;0;0
MCFTR;D;20151228;000000;2327.56;2327.56;2327.56;2327.56;0;0
MCFTR;D;20151229;000000;2375.21;2375.21;2375.21;2375.21;0;0
MCFTR;D;20151230;000000;2372.49;2372.49;2372.49;2372.49;0;0
MCFTR;D;20160104;000000;2336.39;2336.39;2336.39;2336.39;0;0
MCFTR;D;20160105;000000;2365.85;2365.85;2365.85;2365.85;0;0
MCFTR;D;20160106;000000;2358.35;2358.35;2358.35;2358.35;0;0
MCFTR;D;20160111;000000;2269.3;2269.3;2269.3;2269.3;0;0
MCFTR;D;20160112;000000;2279.76;2279.76;2279.76;2279.76;0;0
MCFTR;D;20160113;000000;2272.32;2272.32;2272.32;2272.32;0;0
MCFTR;D;20160114;000000;2266.91;2266.91;2266.91;2266.91;0;0
MCFTR;D;20160115;000000;2169.25;2169.25;2169.25;2169.25;0;0
MCFTR;D;20160118;000000;2188.23;2188.23;2188.23;2188.23;0;0
MCFTR;D;20160119;000000;2219.42;2219.42;2219.42;2219.42;0;0
MCFTR;D;20160120;000000;2198.96;2198.96;2198.96;2198.96;0;0
MCFTR;D;20160121;000000;2262.08;2262.08;2262.08;2262.08;0;0
MCFTR;D;20160122;000000;2317.1;2317.1;2317.1;2317.1;0;0
MCFTR;D;20160125;000000;2315.63;2315.63;2315.63;2315.63;0;0
MCFTR;D;20160126;000000;2300.05;2300.05;2300.05;2300.05;0;0
MCFTR;D;20160127;000000;2357.46;2357.46;2357.46;2357.46;0;0
MCFTR;D;20160128;000000;2390.32;2390.32;2390.32;2390.32;0;0
MCFTR;D;20160129;000000;2407.84;2407.84;2407.84;2407.84;0;0
MCFTR;D;20160201;000000;2392.05;2392.05;2392.05;2392.05;0;0
MCFTR;D;20160202;000000;2371.88;2371.88;2371.88;2371.88;0;0
MCFTR;D;20160203;000000;2355.81;2355.81;2355.81;2355.81;0;0
MCFTR;D;20160204;000000;2411.91;2411.91;2411.91;2411.91;0;0
MCFTR;D;20160205;000000;2402;2402;2402;2402;0;0
MCFTR;D;20160208;000000;2353.01;2353.01;2353.01;2353.01;0;0
MCFTR;D;20160209;000000;2324.8;2324.8;2324.8;2324.8;0;0
MCFTR;D;20160210;000000;2334.88;2334.88;2334.88;2334.88;0;0
MCFTR;D;20160211;000000;2308.91;2308.91;2308.91;2308.91;0;0
MCFTR;D;20160212;000000;2328.42;2328.42;2328.42;2328.42;0;0
MCFTR;D;20160215;000000;2345.28;2345.28;2345.28;2345.28;0;0
MCFTR;D;20160216;000000;2365.95;2365.95;2365.95;2365.95;0;0
MCFTR;D;20160217;000000;2388.14;2388.14;2388.14;2388.14;0;0
MCFTR;D;20160218;000000;2437.91;2437.91;2437.91;2437.91;0;0
MCFTR;D;20160219;000000;2419.24;2419.24;2419.24;2419.24;0;0
MCFTR;D;20160220;000000;2414.9;2414.9;2414.9;2414.9;0;0
MCFTR;D;20160222;000000;2458.38;2458.38;2458.38;2458.38;0;0
MCFTR;D;20160224;000000;2424.5;2424.5;2424.5;2424.5;0;0
MCFTR;D;20160225;000000;2433.43;2433.43;2433.43;2433.43;0;0
MCFTR;D;20160226;000000;2450.76;2450.76;2450.76;2450.76;0;0
MCFTR;D;20160229;000000;2482.38;2482.38;2482.38;2482.38;0;0
MCFTR;D;20160301;000000;2487.77;2487.77;2487.77;2487.77;0;0
MCFTR;D;20160302;000000;2472.49;2472.49;2472.49;2472.49;0;0
MCFTR;D;20160303;000000;2507.36;2507.36;2507.36;2507.36;0;0
MCFTR;D;20160304;000000;2533.8;2533.8;2533.8;2533.8;0;0
MCFTR;D;20160307;000000;2576;2576;2576;2576;0;0
MCFTR;D;20160309;000000;2540.15;2540.15;2540.15;2540.15;0;0
MCFTR;D;20160310;000000;2542.35;2542.35;2542.35;2542.35;0;0
MCFTR;D;20160311;000000;2531.44;2531.44;2531.44;2531.44;0;0
MCFTR;D;20160314;000000;2516.29;2516.29;2516.29;2516.29;0;0
MCFTR;D;20160315;000000;2502.46;2502.46;2502.46;2502.46;0;0
MCFTR;D;20160316;000000;2524.24;2524.24;2524.24;2524.24;0;0
MCFTR;D;20160317;000000;2550.66;2550.66;2550.66;2550.66;0;0
MCFTR;D;20160318;000000;2582;2582;2582;2582;0;0
MCFTR;D;20160321;000000;2569.16;2569.16;2569.16;2569.16;0;0
MCFTR;D;20160322;000000;2567.77;2567.77;2567.77;2567.77;0;0
MCFTR;D;20160323;000000;2535.96;2535.96;2535.96;2535.96;0;0
MCFTR;D;20160324;000000;2518.12;2518.12;2518.12;2518.12;0;0
MCFTR;D;20160325;000000;2517.53;2517.53;2517.53;2517.53;0;0
MCFTR;D;20160328;000000;2494.71;2494.71;2494.71;2494.71;0;0
MCFTR;D;20160329;000000;2489.16;2489.16;2489.16;2489.16;0;0
MCFTR;D;20160330;000000;2520.05;2520.05;2520.05;2520.05;0;0
MCFTR;D;20160331;000000;2524.17;2524.17;2524.17;2524.17;0;0
MCFTR;D;20160401;000000;2504.77;2504.77;2504.77;2504.77;0;0
MCFTR;D;20160404;000000;2518.08;2518.08;2518.08;2518.08;0;0
MCFTR;D;20160405;000000;2505.2;2505.2;2505.2;2505.2;0;0
MCFTR;D;20160406;000000;2509.36;2509.36;2509.36;2509.36;0;0
MCFTR;D;20160407;000000;2507.58;2507.58;2507.58;2507.58;0;0
MCFTR;D;20160408;000000;2532.42;2532.42;2532.42;2532.42;0;0
MCFTR;D;20160411;000000;2572.39;2572.39;2572.39;2572.39;0;0
MCFTR;D;20160412;000000;2562.09;2562.09;2562.09;2562.09;0;0
MCFTR;D;20160413;000000;2607.33;2607.33;2607.33;2607.33;0;0
MCFTR;D;20160414;000000;2584.47;2584.47;2584.47;2584.47;0;0
MCFTR;D;20160415;000000;2574.34;2574.34;2574.34;2574.34;0;0
MCFTR;D;20160418;000000;2553.91;2553.91;2553.91;2553.91;0;0
MCFTR;D;20160419;000000;2604.52;2604.52;2604.52;2604.52;0;0
MCFTR;D;20160420;000000;2645.05;2645.05;2645.05;2645.05;0;0
MCFTR;D;20160421;000000;2631.42;2631.42;2631.42;2631.42;0;0
MCFTR;D;20160422;000000;2654.61;2654.61;2654.61;2654.61;0;0
MCFTR;D;20160425;000000;2638.7;2638.7;2638.7;2638.7;0;0
MCFTR;D;20160426;000000;2626.66;2626.66;2626.66;2626.66;0;0
MCFTR;D;20160427;000000;2610.76;2610.76;2610.76;2610.76;0;0
MCFTR;D;20160428;000000;2658.26;2658.26;2658.26;2658.26;0;0
MCFTR;D;20160429;000000;2637.54;2637.54;2637.54;2637.54;0;0
MCFTR;D;20160504;000000;2600.44;2600.44;2600.44;2600.44;0;0
MCFTR;D;20160505;000000;2574.91;2574.91;2574.91;2574.91;0;0
MCFTR;D;20160506;000000;2568.27;2568.27;2568.27;2568.27;0;0
MCFTR;D;20160510;000000;2546.36;2546.36;2546.36;2546.36;0;0
MCFTR;D;20160511;000000;2578.38;2578.38;2578.38;2578.38;0;0
MCFTR;D;20160512;000000;2568.72;2568.72;2568.72;2568.72;0;0
MCFTR;D;20160513;000000;2578.53;2578.53;2578.53;2578.53;0;0
MCFTR;D;20160516;000000;2589.53;2589.53;2589.53;2589.53;0;0
MCFTR;D;20160517;000000;2580.97;2580.97;2580.97;2580.97;0;0
MCFTR;D;20160518;000000;2592.11;2592.11;2592.11;2592.11;0;0
MCFTR;D;20160519;000000;2557.34;2557.34;2557.34;2557.34;0;0
MCFTR;D;20160520;000000;2557.08;2557.08;2557.08;2557.08;0;0
MCFTR;D;20160523;000000;2526.12;2526.12;2526.12;2526.12;0;0
MCFTR;D;20160524;000000;2547.33;2547.33;2547.33;2547.33;0;0
MCFTR;D;20160525;000000;2567.37;2567.37;2567.37;2567.37;0;0
MCFTR;D;20160526;000000;2588.57;2588.57;2588.57;2588.57;0;0
MCFTR;D;20160527;000000;2606.51;2606.51;2606.51;2606.51;0;0
MCFTR;D;20160530;000000;2617.27;2617.27;2617.27;2617.27;0;0
MCFTR;D;20160531;000000;2567.88;2567.88;2567.88;2567.88;0;0
MCFTR;D;20160601;000000;2559.99;2559.99;2559.99;2559.99;0;0
MCFTR;D;20160602;000000;2556.75;2556.75;2556.75;2556.75;0;0
MCFTR;D;20160603;000000;2551.42;2551.42;2551.42;2551.42;0;0
MCFTR;D;20160606;000000;2590.37;2590.37;2590.37;2590.37;0;0
MCFTR;D;20160607;000000;2638.67;2638.67;2638.67;2638.67;0;0
MCFTR;D;20160608;000000;2639.06;2639.06;2639.06;2639.06;0;0
MCFTR;D;20160609;000000;2616.98;2616.98;2616.98;2616.98;0;0
MCFTR;D;20160610;000000;2582.27;2582.27;2582.27;2582.27;0;0
MCFTR;D;20160614;000000;2558.28;2558.28;2558.28;2558.28;0;0
MCFTR;D;20160615;000000;2563.47;2563.47;2563.47;2563.47;0;0
MCFTR;D;20160616;000000;2537.02;2537.02;2537.02;2537.02;0;0
MCFTR;D;20160617;000000;2546.91;2546.91;2546.91;2546.91;0;0
MCFTR;D;20160620;000000;2585.01;2585.01;2585.01;2585.01;0;0
MCFTR;D;20160621;000000;2586.8;2586.8;2586.8;2586.8;0;0
MCFTR;D;20160622;000000;2576.86;2576.86;2576.86;2576.86;0;0
MCFTR;D;20160623;000000;2607.52;2607.52;2607.52;2607.52;0;0
MCFTR;D;20160624;000000;2564.57;2564.57;2564.57;2564.57;0;0
MCFTR;D;20160627;000000;2506.49;2506.49;2506.49;2506.49;0;0
MCFTR;D;20160628;000000;2527.58;2527.58;2527.58;2527.58;0;0
MCFTR;D;20160629;000000;2569.66;2569.66;2569.66;2569.66;0;0
MCFTR;D;20160630;000000;2574.11;2574.11;2574.11;2574.11;0;0
MCFTR;D;20160701;000000;2584.05;2584.05;2584.05;2584.05;0;0
MCFTR;D;20160704;000000;2603.85;2603.85;2603.85;2603.85;0;0
MCFTR;D;20160705;000000;2587.69;2587.69;2587.69;2587.69;0;0
MCFTR;D;20160706;000000;2565.55;2565.55;2565.55;2565.55;0;0
MCFTR;D;20160707;000000;2575.1;2575.1;2575.1;2575.1;0;0
MCFTR;D;20160708;000000;2594.06;2594.06;2594.06;2594.06;0;0
MCFTR;D;20160711;000000;2632.8;2632.8;2632.8;2632.8;0;0
MCFTR;D;20160712;000000;2667.54;2667.54;2667.54;2667.54;0;0
MCFTR;D;20160713;000000;2664.82;2664.82;2664.82;2664.82;0;0
MCFTR;D;20160714;000000;2675.67;2675.67;2675.67;2675.67;0;0
MCFTR;D;20160715;000000;2686.71;2686.71;2686.71;2686.71;0;0
MCFTR;D;20160718;000000;2681.21;2681.21;2681.21;2681.21;0;0
MCFTR;D;20160719;000000;2675.04;2675.04;2675.04;2675.04;0;0
MCFTR;D;20160720;000000;2673.92;2673.92;2673.92;2673.92;0;0
MCFTR;D;20160721;000000;2691.53;2691.53;2691.53;2691.53;0;0
MCFTR;D;20160722;000000;2690.41;2690.41;2690.41;2690.41;0;0
MCFTR;D;20160725;000000;2697.22;2697.22;2697.22;2697.22;0;0
MCFTR;D;20160726;000000;2706.63;2706.63;2706.63;2706.63;0;0
MCFTR;D;20160727;000000;2706.81;2706.81;2706.81;2706.81;0;0
MCFTR;D;20160728;000000;2728.87;2728.87;2728.87;2728.87;0;0
MCFTR;D;20160729;000000;2715.15;2715.15;2715.15;2715.15;0;0
MCFTR;D;20160801;000000;2718.98;2718.98;2718.98;2718.98;0;0
MCFTR;D;20160802;000000;2670.57;2670.57;2670.57;2670.57;0;0
MCFTR;D;20160803;000000;2679.59;2679.59;2679.59;2679.59;0;0
MCFTR;D;20160804;000000;2715.6;2715.6;2715.6;2715.6;0;0
MCFTR;D;20160805;000000;2714.72;2714.72;2714.72;2714.72;0;0
MCFTR;D;20160808;000000;2732.42;2732.42;2732.42;2732.42;0;0
MCFTR;D;20160809;000000;2732.1;2732.1;2732.1;2732.1;0;0
MCFTR;D;20160810;000000;2712.89;2712.89;2712.89;2712.89;0;0
MCFTR;D;20160811;000000;2726.17;2726.17;2726.17;2726.17;0;0
MCFTR;D;20160812;000000;2747.12;2747.12;2747.12;2747.12;0;0
MCFTR;D;20160815;000000;2761.23;2761.23;2761.23;2761.23;0;0
MCFTR;D;20160816;000000;2759.16;2759.16;2759.16;2759.16;0;0
MCFTR;D;20160817;000000;2749.93;2749.93;2749.93;2749.93;0;0
MCFTR;D;20160818;000000;2751.16;2751.16;2751.16;2751.16;0;0
MCFTR;D;20160819;000000;2736.7;2736.7;2736.7;2736.7;0;0
MCFTR;D;20160822;000000;2763.75;2763.75;2763.75;2763.75;0;0
MCFTR;D;20160823;000000;2778.31;2778.31;2778.31;2778.31;0;0
MCFTR;D;20160824;000000;2770.04;2770.04;2770.04;2770.04;0;0
MCFTR;D;20160825;000000;2772.79;2772.79;2772.79;2772.79;0;0
MCFTR;D;20160826;000000;2783.67;2783.67;2783.67;2783.67;0;0
MCFTR;D;20160829;000000;2774.41;2774.41;2774.41;2774.41;0;0
MCFTR;D;20160830;000000;2772.97;2772.97;2772.97;2772.97;0;0
MCFTR;D;20160831;000000;2753.28;2753.28;2753.28;2753.28;0;0
MCFTR;D;20160901;000000;2760.9;2760.9;2760.9;2760.9;0;0
MCFTR;D;20160902;000000;2798.41;2798.41;2798.41;2798.41;0;0
MCFTR;D;20160905;000000;2817.42;2817.42;2817.42;2817.42;0;0
MCFTR;D;20160906;000000;2848.35;2848.35;2848.35;2848.35;0;0
MCFTR;D;20160907;000000;2868.21;2868.21;2868.21;2868.21;0;0
MCFTR;D;20160908;000000;2864.05;2864.05;2864.05;2864.05;0;0
MCFTR;D;20160909;000000;2832.6;2832.6;2832.6;2832.6;0;0
MCFTR;D;20160912;000000;2820.94;2820.94;2820.94;2820.94;0;0
MCFTR;D;20160913;000000;2799.43;2799.43;2799.43;2799.43;0;0
MCFTR;D;20160914;000000;2799.4;2799.4;2799.4;2799.4;0;0
MCFTR;D;20160915;000000;2789.27;2789.27;2789.27;2789.27;0;0
MCFTR;D;20160916;000000;2768.84;2768.84;2768.84;2768.84;0;0
MCFTR;D;20160919;000000;2776.14;2776.14;2776.14;2776.14;0;0
MCFTR;D;20160920;000000;2782.86;2782.86;2782.86;2782.86;0;0
MCFTR;D;20160921;000000;2791.09;2791.09;2791.09;2791.09;0;0
MCFTR;D;20160922;000000;2831.18;2831.18;2831.18;2831.18;0;0
MCFTR;D;20160923;000000;2812.35;2812.35;2812.35;2812.35;0;0
MCFTR;D;20160926;000000;2792.93;2792.93;2792.93;2792.93;0;0
MCFTR;D;20160927;000000;2761.59;2761.59;2761.59;2761.59;0;0
MCFTR;D;20160928;000000;2768.8;2768.8;2768.8;2768.8;0;0
MCFTR;D;20160929;000000;2790.85;2790.85;2790.85;2790.85;0;0
MCFTR;D;20160930;000000;2765.79;2765.79;2765.79;2765.79;0;0
MCFTR;D;20161003;000000;2778.1;2778.1;2778.1;2778.1;0;0
MCFTR;D;20161004;000000;2775.61;2775.61;2775.61;2775.61;0;0
MCFTR;D;20161005;000000;2762.79;2762.79;2762.79;2762.79;0;0
MCFTR;D;20161006;000000;2774.41;2774.41;2774.41;2774.41;0;0
MCFTR;D;20161007;000000;2769.01;2769.01;2769.01;2769.01;0;0
MCFTR;D;20161010;000000;2800.47;2800.47;2800.47;2800.47;0;0
MCFTR;D;20161011;000000;2801.19;2801.19;2801.19;2801.19;0;0
MCFTR;D;20161012;000000;2789.89;2789.89;2789.89;2789.89;0;0
MCFTR;D;20161013;000000;2769.77;2769.77;2769.77;2769.77;0;0
MCFTR;D;20161014;000000;2755.78;2755.78;2755.78;2755.78;0;0
MCFTR;D;20161017;000000;2742.55;2742.55;2742.55;2742.55;0;0
MCFTR;D;20161018;000000;2759.6;2759.6;2759.6;2759.6;0;0
MCFTR;D;20161019;000000;2757.34;2757.34;2757.34;2757.34;0;0
MCFTR;D;20161020;000000;2742.75;2742.75;2742.75;2742.75;0;0
MCFTR;D;20161021;000000;2743.61;2743.61;2743.61;2743.61;0;0
MCFTR;D;20161024;000000;2750.74;2750.74;2750.74;2750.74;0;0
MCFTR;D;20161025;000000;2770.92;2770.92;2770.92;2770.92;0;0
MCFTR;D;20161026;000000;2767.58;2767.58;2767.58;2767.58;0;0
MCFTR;D;20161027;000000;2774.58;2774.58;2774.58;2774.58;0;0
MCFTR;D;20161028;000000;2777.32;2777.32;2777.32;2777.32;0;0
MCFTR;D;20161031;000000;2788.37;2788.37;2788.37;2788.37;0;0
MCFTR;D;20161101;000000;2798.5;2798.5;2798.5;2798.5;0;0
MCFTR;D;20161102;000000;2759.12;2759.12;2759.12;2759.12;0;0
MCFTR;D;20161103;000000;2750.63;2750.63;2750.63;2750.63;0;0
MCFTR;D;20161107;000000;2736.58;2736.58;2736.58;2736.58;0;0
MCFTR;D;20161108;000000;2757.94;2757.94;2757.94;2757.94;0;0
MCFTR;D;20161109;000000;2819.12;2819.12;2819.12;2819.12;0;0
MCFTR;D;20161110;000000;2864.59;2864.59;2864.59;2864.59;0;0
MCFTR;D;20161111;000000;2847.62;2847.62;2847.62;2847.62;0;0
MCFTR;D;20161114;000000;2833.7;2833.7;2833.7;2833.7;0;0
MCFTR;D;20161115;000000;2826.8;2826.8;2826.8;2826.8;0;0
MCFTR;D;20161116;000000;2843.42;2843.42;2843.42;2843.42;0;0
MCFTR;D;20161117;000000;2862.81;2862.81;2862.81;2862.81;0;0
MCFTR;D;20161118;000000;2856.55;2856.55;2856.55;2856.55;0;0
MCFTR;D;20161121;000000;2885.25;2885.25;2885.25;2885.25;0;0
MCFTR;D;20161122;000000;2895.63;2895.63;2895.63;2895.63;0;0
MCFTR;D;20161123;000000;2923.06;2923.06;2923.06;2923.06;0;0
MCFTR;D;20161124;000000;2947.19;2947.19;2947.19;2947.19;0;0
MCFTR;D;20161125;000000;2940.44;2940.44;2940.44;2940.44;0;0
MCFTR;D;20161128;000000;2935.53;2935.53;2935.53;2935.53;0;0
MCFTR;D;20161129;000000;2924.59;2924.59;2924.59;2924.59;0;0
MCFTR;D;20161130;000000;2949.91;2949.91;2949.91;2949.91;0;0
MCFTR;D;20161201;000000;2973.68;2973.68;2973.68;2973.68;0;0
MCFTR;D;20161202;000000;2983.66;2983.66;2983.66;2983.66;0;0
MCFTR;D;20161205;000000;3024.78;3024.78;3024.78;3024.78;0;0
MCFTR;D;20161206;000000;3016.4;3016.4;3016.4;3016.4;0;0
MCFTR;D;20161207;000000;3027.83;3027.83;3027.83;3027.83;0;0
MCFTR;D;20161208;000000;3093.01;3093.01;3093.01;3093.01;0;0
MCFTR;D;20161209;000000;3095.13;3095.13;3095.13;3095.13;0;0
MCFTR;D;20161212;000000;3121.98;3121.98;3121.98;3121.98;0;0
MCFTR;D;20161213;000000;3150.2;3150.2;3150.2;3150.2;0;0
MCFTR;D;20161214;000000;3125;3125;3125;3125;0;0
MCFTR;D;20161215;000000;3136.78;3136.78;3136.78;3136.78;0;0
MCFTR;D;20161216;000000;3129.01;3129.01;3129.01;3129.01;0;0
MCFTR;D;20161219;000000;3106.97;3106.97;3106.97;3106.97;0;0
MCFTR;D;20161220;000000;3121.93;3121.93;3121.93;3121.93;0;0
MCFTR;D;20161221;000000;3102.25;3102.25;3102.25;3102.25;0;0
MCFTR;D;20161222;000000;3060.43;3060.43;3060.43;3060.43;0;0
MCFTR;D;20161223;000000;3058.37;3058.37;3058.37;3058.37;0;0
MCFTR;D;20161226;000000;3064.96;3064.96;3064.96;3064.96;0;0
MCFTR;D;20161227;000000;3088.21;3088.21;3088.21;3088.21;0;0
MCFTR;D;20161228;000000;3079.11;3079.11;3079.11;3079.11;0;0
MCFTR;D;20161229;000000;3112.96;3112.96;3112.96;3112.96;0;0
MCFTR;D;20161230;000000;3150.2;3150.2;3150.2;3150.2;0;0
MCFTR;D;20170103;000000;3224.57;3224.57;3224.57;3224.57;0;0
MCFTR;D;20170104;000000;3194.19;3194.19;3194.19;3194.19;0;0
MCFTR;D;20170105;000000;3132.74;3132.74;3132.74;3132.74;0;0
MCFTR;D;20170106;000000;3123.69;3123.69;3123.69;3123.69;0;0
MCFTR;D;20170109;000000;3119.91;3119.91;3119.91;3119.91;0;0
MCFTR;D;20170110;000000;3156.93;3156.93;3156.93;3156.93;0;0
MCFTR;D;20170111;000000;3130.97;3130.97;3130.97;3130.97;0;0
MCFTR;D;20170112;000000;3121.64;3121.64;3121.64;3121.64;0;0
MCFTR;D;20170113;000000;3097.92;3097.92;3097.92;3097.92;0;0
MCFTR;D;20170116;000000;3089.28;3089.28;3089.28;3089.28;0;0
MCFTR;D;20170117;000000;3074.69;3074.69;3074.69;3074.69;0;0
MCFTR;D;20170118;000000;3062.49;3062.49;3062.49;3062.49;0;0
MCFTR;D;20170119;000000;3051.43;3051.43;3051.43;3051.43;0;0
MCFTR;D;20170120;000000;3048.2;3048.2;3048.2;3048.2;0;0
MCFTR;D;20170123;000000;3028.62;3028.62;3028.62;3028.62;0;0
MCFTR;D;20170124;000000;3068.84;3068.84;3068.84;3068.84;0;0
MCFTR;D;20170125;000000;3070.83;3070.83;3070.83;3070.83;0;0
MCFTR;D;20170126;000000;3146.2;3146.2;3146.2;3146.2;0;0
MCFTR;D;20170127;000000;3198.21;3198.21;3198.21;3198.21;0;0
MCFTR;D;20170130;000000;3153.17;3153.17;3153.17;3153.17;0;0
MCFTR;D;20170131;000000;3129.53;3129.53;3129.53;3129.53;0;0
MCFTR;D;20170201;000000;3149.7;3149.7;3149.7;3149.7;0;0
MCFTR;D;20170202;000000;3129.77;3129.77;3129.77;3129.77;0;0
MCFTR;D;20170203;000000;3142.55;3142.55;3142.55;3142.55;0;0
MCFTR;D;20170206;000000;3119.82;3119.82;3119.82;3119.82;0;0
MCFTR;D;20170207;000000;3131.48;3131.48;3131.48;3131.48;0;0
MCFTR;D;20170208;000000;3090.33;3090.33;3090.33;3090.33;0;0
MCFTR;D;20170209;000000;3068.27;3068.27;3068.27;3068.27;0;0
MCFTR;D;20170210;000000;3051.63;3051.63;3051.63;3051.63;0;0
MCFTR;D;20170213;000000;3050.64;3050.64;3050.64;3050.64;0;0
MCFTR;D;20170214;000000;3022.42;3022.42;3022.42;3022.42;0;0
MCFTR;D;20170215;000000;3016.19;3016.19;3016.19;3016.19;0;0
MCFTR;D;20170216;000000;3032.28;3032.28;3032.28;3032.28;0;0
MCFTR;D;20170217;000000;3003.67;3003.67;3003.67;3003.67;0;0
MCFTR;D;20170220;000000;2990.8;2990.8;2990.8;2990.8;0;0
MCFTR;D;20170221;000000;3002.98;3002.98;3002.98;3002.98;0;0
MCFTR;D;20170222;000000;2972.74;2972.74;2972.74;2972.74;0;0
MCFTR;D;20170224;000000;2954.1;2954.1;2954.1;2954.1;0;0
MCFTR;D;20170227;000000;2902.4;2902.4;2902.4;2902.4;0;0
MCFTR;D;20170228;000000;2873.2;2873.2;2873.2;2873.2;0;0
MCFTR;D;20170301;000000;2907.22;2907.22;2907.22;2907.22;0;0
MCFTR;D;20170302;000000;2891.87;2891.87;2891.87;2891.87;0;0
MCFTR;D;20170303;000000;2903.01;2903.01;2903.01;2903.01;0;0
MCFTR;D;20170306;000000;2889.64;2889.64;2889.64;2889.64;0;0
MCFTR;D;20170307;000000;2857.78;2857.78;2857.78;2857.78;0;0
MCFTR;D;20170309;000000;2786.36;2786.36;2786.36;2786.36;0;0
MCFTR;D;20170310;000000;2785.97;2785.97;2785.97;2785.97;0;0
MCFTR;D;20170313;000000;2822.91;2822.91;2822.91;2822.91;0;0
MCFTR;D;20170314;000000;2824.48;2824.48;2824.48;2824.48;0;0
MCFTR;D;20170315;000000;2812.26;2812.26;2812.26;2812.26;0;0
MCFTR;D;20170316;000000;2843;2843;2843;2843;0;0
MCFTR;D;20170317;000000;2874.88;2874.88;2874.88;2874.88;0;0
MCFTR;D;20170320;000000;2883.01;2883.01;2883.01;2883.01;0;0
MCFTR;D;20170321;000000;2890.56;2890.56;2890.56;2890.56;0;0
MCFTR;D;20170322;000000;2909.56;2909.56;2909.56;2909.56;0;0
MCFTR;D;20170323;000000;2894.75;2894.75;2894.75;2894.75;0;0
MCFTR;D;20170324;000000;2878.85;2878.85;2878.85;2878.85;0;0
MCFTR;D;20170327;000000;2841.29;2841.29;2841.29;2841.29;0;0
MCFTR;D;20170328;000000;2868.64;2868.64;2868.64;2868.64;0;0
MCFTR;D;20170329;000000;2856.18;2856.18;2856.18;2856.18;0;0
MCFTR;D;20170330;000000;2853.6;2853.6;2853.6;2853.6;0;0
MCFTR;D;20170331;000000;2816.93;2816.93;2816.93;2816.93;0;0
MCFTR;D;20170403;000000;2834.87;2834.87;2834.87;2834.87;0;0
MCFTR;D;20170404;000000;2858.98;2858.98;2858.98;2858.98;0;0
MCFTR;D;20170405;000000;2902.2;2902.2;2902.2;2902.2;0;0
MCFTR;D;20170406;000000;2899.9;2899.9;2899.9;2899.9;0;0
MCFTR;D;20170407;000000;2851.27;2851.27;2851.27;2851.27;0;0
MCFTR;D;20170410;000000;2782.11;2782.11;2782.11;2782.11;0;0
MCFTR;D;20170411;000000;2791.6;2791.6;2791.6;2791.6;0;0
MCFTR;D;20170412;000000;2749.41;2749.41;2749.41;2749.41;0;0
MCFTR;D;20170413;000000;2744.92;2744.92;2744.92;2744.92;0;0
MCFTR;D;20170414;000000;2704.82;2704.82;2704.82;2704.82;0;0
MCFTR;D;20170417;000000;2742.13;2742.13;2742.13;2742.13;0;0
MCFTR;D;20170418;000000;2710.47;2710.47;2710.47;2710.47;0;0
MCFTR;D;20170419;000000;2705.12;2705.12;2705.12;2705.12;0;0
MCFTR;D;20170420;000000;2727.23;2727.23;2727.23;2727.23;0;0
MCFTR;D;20170421;000000;2744.95;2744.95;2744.95;2744.95;0;0
MCFTR;D;20170424;000000;2794.14;2794.14;2794.14;2794.14;0;0
MCFTR;D;20170425;000000;2820.73;2820.73;2820.73;2820.73;0;0
MCFTR;D;20170426;000000;2860.97;2860.97;2860.97;2860.97;0;0
MCFTR;D;20170427;000000;2839.45;2839.45;2839.45;2839.45;0;0
MCFTR;D;20170428;000000;2848.25;2848.25;2848.25;2848.25;0;0
MCFTR;D;20170502;000000;2862.58;2862.58;2862.58;2862.58;0;0
MCFTR;D;20170503;000000;2815.7;2815.7;2815.7;2815.7;0;0
MCFTR;D;20170504;000000;2823.53;2823.53;2823.53;2823.53;0;0
MCFTR;D;20170505;000000;2830.28;2830.28;2830.28;2830.28;0;0
MCFTR;D;20170510;000000;2866.75;2866.75;2866.75;2866.75;0;0
MCFTR;D;20170511;000000;2830.46;2830.46;2830.46;2830.46;0;0
MCFTR;D;20170512;000000;2819.21;2819.21;2819.21;2819.21;0;0
MCFTR;D;20170515;000000;2834.23;2834.23;2834.23;2834.23;0;0
MCFTR;D;20170516;000000;2819.83;2819.83;2819.83;2819.83;0;0
MCFTR;D;20170517;000000;2821.82;2821.82;2821.82;2821.82;0;0
MCFTR;D;20170518;000000;2784.06;2784.06;2784.06;2784.06;0;0
MCFTR;D;20170519;000000;2776.61;2776.61;2776.61;2776.61;0;0
MCFTR;D;20170522;000000;2759.79;2759.79;2759.79;2759.79;0;0
MCFTR;D;20170523;000000;2773.44;2773.44;2773.44;2773.44;0;0
MCFTR;D;20170524;000000;2761.87;2761.87;2761.87;2761.87;0;0
MCFTR;D;20170525;000000;2755.19;2755.19;2755.19;2755.19;0;0
MCFTR;D;20170526;000000;2737.45;2737.45;2737.45;2737.45;0;0
MCFTR;D;20170529;000000;2746.68;2746.68;2746.68;2746.68;0;0
MCFTR;D;20170530;000000;2735.55;2735.55;2735.55;2735.55;0;0
MCFTR;D;20170531;000000;2689.52;2689.52;2689.52;2689.52;0;0
MCFTR;D;20170601;000000;2646.04;2646.04;2646.04;2646.04;0;0
MCFTR;D;20170602;000000;2663.32;2663.32;2663.32;2663.32;0;0
MCFTR;D;20170605;000000;2657.94;2657.94;2657.94;2657.94;0;0
MCFTR;D;20170606;000000;2647.11;2647.11;2647.11;2647.11;0;0
MCFTR;D;20170607;000000;2644.82;2644.82;2644.82;2644.82;0;0
MCFTR;D;20170608;000000;2653.01;2653.01;2653.01;2653.01;0;0
MCFTR;D;20170609;000000;2666.22;2666.22;2666.22;2666.22;0;0
MCFTR;D;20170613;000000;2667.73;2667.73;2667.73;2667.73;0;0
MCFTR;D;20170614;000000;2621.02;2621.02;2621.02;2621.02;0;0
MCFTR;D;20170615;000000;2591.79;2591.79;2591.79;2591.79;0;0
MCFTR;D;20170616;000000;2599.05;2599.05;2599.05;2599.05;0;0
MCFTR;D;20170619;000000;2641.74;2641.74;2641.74;2641.74;0;0
MCFTR;D;20170620;000000;2653.42;2653.42;2653.42;2653.42;0;0
MCFTR;D;20170621;000000;2643.21;2643.21;2643.21;2643.21;0;0
MCFTR;D;20170622;000000;2664.82;2664.82;2664.82;2664.82;0;0
MCFTR;D;20170623;000000;2675.44;2675.44;2675.44;2675.44;0;0
MCFTR;D;20170626;000000;2665.31;2665.31;2665.31;2665.31;0;0
MCFTR;D;20170627;000000;2691.88;2691.88;2691.88;2691.88;0;0
MCFTR;D;20170628;000000;2710.57;2710.57;2710.57;2710.57;0;0
MCFTR;D;20170629;000000;2694.89;2694.89;2694.89;2694.89;0;0
MCFTR;D;20170630;000000;2694.84;2694.84;2694.84;2694.84;0;0
MCFTR;D;20170703;000000;2728.34;2728.34;2728.34;2728.34;0;0
MCFTR;D;20170704;000000;2749.57;2749.57;2749.57;2749.57;0;0
MCFTR;D;20170705;000000;2755.28;2755.28;2755.28;2755.28;0;0
MCFTR;D;20170706;000000;2779.78;2779.78;2779.78;2779.78;0;0
MCFTR;D;20170707;000000;2770.22;2770.22;2770.22;2770.22;0;0
MCFTR;D;20170710;000000;2790.55;2790.55;2790.55;2790.55;0;0
MCFTR;D;20170711;000000;2807.8;2807.8;2807.8;2807.8;0;0
MCFTR;D;20170712;000000;2832.95;2832.95;2832.95;2832.95;0;0
MCFTR;D;20170713;000000;2843.44;2843.44;2843.44;2843.44;0;0
MCFTR;D;20170714;000000;2845.1;2845.1;2845.1;2845.1;0;0
MCFTR;D;20170717;000000;2842.81;2842.81;2842.81;2842.81;0;0
MCFTR;D;20170718;000000;2830.33;2830.33;2830.33;2830.33;0;0
MCFTR;D;20170719;000000;2870.87;2870.87;2870.87;2870.87;0;0
MCFTR;D;20170720;000000;2862.96;2862.96;2862.96;2862.96;0;0
MCFTR;D;20170721;000000;2831.51;2831.51;2831.51;2831.51;0;0
MCFTR;D;20170724;000000;2841.25;2841.25;2841.25;2841.25;0;0
MCFTR;D;20170725;000000;2829.45;2829.45;2829.45;2829.45;0;0
MCFTR;D;20170726;000000;2843.23;2843.23;2843.23;2843.23;0;0
MCFTR;D;20170727;000000;2860.91;2860.91;2860.91;2860.91;0;0
MCFTR;D;20170728;000000;2819.19;2819.19;2819.19;2819.19;0;0
MCFTR;D;20170731;000000;2823.28;2823.28;2823.28;2823.28;0;0
MCFTR;D;20170801;000000;2854.48;2854.48;2854.48;2854.48;0;0
MCFTR;D;20170802;000000;2891.77;2891.77;2891.77;2891.77;0;0
MCFTR;D;20170803;000000;2891.49;2891.49;2891.49;2891.49;0;0
MCFTR;D;20170804;000000;2874.12;2874.12;2874.12;2874.12;0;0
MCFTR;D;20170807;000000;2898.96;2898.96;2898.96;2898.96;0;0
MCFTR;D;20170808;000000;2927.27;2927.27;2927.27;2927.27;0;0
MCFTR;D;20170809;000000;2907.11;2907.11;2907.11;2907.11;0;0
MCFTR;D;20170810;000000;2884.04;2884.04;2884.04;2884.04;0;0
MCFTR;D;20170811;000000;2861.38;2861.38;2861.38;2861.38;0;0
MCFTR;D;20170814;000000;2871.56;2871.56;2871.56;2871.56;0;0
MCFTR;D;20170815;000000;2869.4;2869.4;2869.4;2869.4;0;0
MCFTR;D;20170816;000000;2858.51;2858.51;2858.51;2858.51;0;0
MCFTR;D;20170817;000000;2856.51;2856.51;2856.51;2856.51;0;0
MCFTR;D;20170818;000000;2840.61;2840.61;2840.61;2840.61;0;0
MCFTR;D;20170821;000000;2850.83;2850.83;2850.83;2850.83;0;0
MCFTR;D;20170822;000000;2865.16;2865.16;2865.16;2865.16;25904806192.1;0
MCFTR;D;20170823;000000;2881.53;2881.53;2881.53;2881.53;28660843504.65;0
MCFTR;D;20170824;000000;2903.57;2903.57;2903.57;2903.57;29123932717.25;0
MCFTR;D;20170825;000000;2911.86;2911.86;2911.86;2911.86;31208673629.25;0
MCFTR;D;20170828;000000;2923.65;2923.65;2923.65;2923.65;20300626388.55;0
MCFTR;D;20170829;000000;2926.55;2926.55;2926.55;2926.55;30461927221.6;0
MCFTR;D;20170830;000000;2955.62;2955.62;2955.62;2955.62;38389640749.85;0
MCFTR;D;20170831;000000;2975.25;2975.25;2975.25;2975.25;48267718427;0
MCFTR;D;20170901;000000;2958.71;2958.71;2958.71;2958.71;30776971786.5;0
MCFTR;D;20170904;000000;2947.44;2947.44;2947.44;2947.44;21225818752.6;0
MCFTR;D;20170905;000000;2948.47;2948.47;2948.47;2948.47;30737265410.15;0
MCFTR;D;20170906;000000;2964.03;2964.03;2964.03;2964.03;32869337151.4;0
MCFTR;D;20170907;000000;2957.93;2957.93;2957.93;2957.93;31634591463.25;0
MCFTR;D;20170908;000000;2991.16;2991.16;2991.16;2991.16;38258005713.9;0
MCFTR;D;20170911;000000;3007.9;3007.9;3007.9;3007.9;36317540552.25;0
MCFTR;D;20170912;000000;3029.49;3029.49;3029.49;3029.49;31288398754.05;0
MCFTR;D;20170913;000000;3022.83;3022.83;3022.83;3022.83;38010560083.3;0
MCFTR;D;20170914;000000;3022.16;3022.16;3022.16;3022.16;31569273510.3;0
MCFTR;D;20170915;000000;3024.46;3024.46;3024.46;3024.46;36433180482.65;0
MCFTR;D;20170918;000000;3032.83;3032.83;3032.83;3032.83;27791911848.95;0
MCFTR;D;20170919;000000;3017.97;3017.97;3017.97;3017.97;28946462605.7;0
MCFTR;D;20170920;000000;3030.55;3030.55;3030.55;3030.55;35396601119.75;0
MCFTR;D;20170921;000000;3034.54;3034.54;3034.54;3034.54;33057559697.6;0
MCFTR;D;20170922;000000;3022.07;3022.07;3022.07;3022.07;32961796828.1;0
MCFTR;D;20170925;000000;3049.26;3049.26;3049.26;3049.26;36034399684.95;0
MCFTR;D;20170926;000000;3052.23;3052.23;3052.23;3052.23;40745873808.05;0
MCFTR;D;20170927;000000;3066.96;3066.96;3066.96;3066.96;29664329304.1;0
MCFTR;D;20170928;000000;3054.02;3054.02;3054.02;3054.02;25543129539.25;0
MCFTR;D;20170929;000000;3062.2;3062.2;3062.2;3062.2;25879486787.55;0
MCFTR;D;20171002;000000;3060.04;3060.04;3060.04;3060.04;23781336283.7;0
MCFTR;D;20171003;000000;3061.64;3061.64;3061.64;3061.64;29271290869.2;0
MCFTR;D;20171004;000000;3062.06;3062.06;3062.06;3062.06;22612073883;0
MCFTR;D;20171005;000000;3078.61;3078.61;3078.61;3078.61;31196036314.95;0
MCFTR;D;20171006;000000;3086.78;3086.78;3086.78;3086.78;29518982079.9;0
MCFTR;D;20171009;000000;3094.03;3094.03;3094.03;3094.03;21834093292.25;0
MCFTR;D;20171010;000000;3080.18;3080.18;3080.18;3080.18;20851365341.35;0
MCFTR;D;20171011;000000;3102.07;3102.07;3102.07;3102.07;34018959290.95;0
MCFTR;D;20171012;000000;3096.5;3096.5;3096.5;3096.5;25726422026.3;0
MCFTR;D;20171013;000000;3102.13;3102.13;3102.13;3102.13;27709775824.2;0
MCFTR;D;20171016;000000;3113.39;3113.39;3113.39;3113.39;27713508270.5;0
MCFTR;D;20171017;000000;3092.97;3092.97;3092.97;3092.97;28669238612.7;0
MCFTR;D;20171018;000000;3099.44;3099.44;3099.44;3099.44;31229047361.05;0
MCFTR;D;20171019;000000;3067.37;3067.37;3067.37;3067.37;29049131346.3;0
MCFTR;D;20171020;000000;3066.03;3066.03;3066.03;3066.03;31894760681.6;0
MCFTR;D;20171023;000000;3054.17;3054.17;3054.17;3054.17;25549512656.7;0
MCFTR;D;20171024;000000;3051.18;3051.18;3051.18;3051.18;26577228481.85;0
MCFTR;D;20171025;000000;3032.96;3032.96;3032.96;3032.96;30312496093.65;0
MCFTR;D;20171026;000000;3028.83;3028.83;3028.83;3028.83;25193087907.8;0
MCFTR;D;20171027;000000;3061.49;3061.49;3061.49;3061.49;32978905861.95;0
MCFTR;D;20171030;000000;3056.3;3056.3;3056.3;3056.3;25948134792.35;0
MCFTR;D;20171031;000000;3054.91;3054.91;3054.91;3054.91;28555231308.75;0
MCFTR;D;20171101;000000;3082.17;3082.17;3082.17;3082.17;36089541734.95;0
MCFTR;D;20171102;000000;3067.83;3067.83;3067.83;3067.83;32705382338;0
MCFTR;D;20171103;000000;3079.83;3079.83;3079.83;3079.83;31932210910.1;0
MCFTR;D;20171107;000000;3189.93;3189.93;3189.93;3189.93;76163603391.75;0
MCFTR;D;20171108;000000;3200.97;3200.97;3200.97;3200.97;49040305740.25;0
MCFTR;D;20171109;000000;3231.45;3231.45;3231.45;3231.45;61503124362.25;0
MCFTR;D;20171110;000000;3210.22;3210.22;3210.22;3210.22;62124396481.85;0
MCFTR;D;20171113;000000;3207.81;3207.81;3207.81;3207.81;37970412062.5;0
MCFTR;D;20171114;000000;3206.62;3206.62;3206.62;3206.62;46980543847.65;0
MCFTR;D;20171115;000000;3154.71;3154.71;3154.71;3154.71;53484016959.2;0
MCFTR;D;20171116;000000;3156.04;3156.04;3156.04;3156.04;56322547453.55;0
MCFTR;D;20171117;000000;3154.95;3154.95;3154.95;3154.95;34124171631.35;0
MCFTR;D;20171120;000000;3152.7;3152.7;3152.7;3152.7;26205978752.25;0
MCFTR;D;20171121;000000;3190.33;3190.33;3190.33;3190.33;50470600414.5;0
MCFTR;D;20171122;000000;3196.75;3196.75;3196.75;3196.75;33535162036.4;0
MCFTR;D;20171123;000000;3179.58;3179.58;3179.58;3179.58;30659856681.5;0
MCFTR;D;20171124;000000;3198.25;3198.25;3198.25;3198.25;31134801040.9;0
MCFTR;D;20171127;000000;3175.6;3175.6;3175.6;3175.6;24683806656.2;0
MCFTR;D;20171128;000000;3180.9;3180.9;3180.9;3180.9;31474489665.2;0
MCFTR;D;20171129;000000;3143.36;3143.36;3143.36;3143.36;31363188004.4;0
MCFTR;D;20171130;000000;3108.64;3108.64;3108.64;3108.64;78179988737.6;0
MCFTR;D;20171201;000000;3116.59;3116.59;3116.59;3116.59;32254059970.5;0
MCFTR;D;20171204;000000;3138.19;3138.19;3138.19;3138.19;31678170334.7;0
MCFTR;D;20171205;000000;3129.71;3129.71;3129.71;3129.71;25271043800.95;0
MCFTR;D;20171206;000000;3145.15;3145.15;3145.15;3145.15;24167326031.9;0
MCFTR;D;20171207;000000;3114.86;3114.86;3114.86;3114.86;28549119472;0
MCFTR;D;20171208;000000;3117.59;3117.59;3117.59;3117.59;23038211567.1;0
MCFTR;D;20171211;000000;3182.17;3182.17;3182.17;3182.17;29259723999.35;0
MCFTR;D;20171212;000000;3200.17;3200.17;3200.17;3200.17;32680518614.7;0
MCFTR;D;20171213;000000;3157.5;3157.5;3157.5;3157.5;36682457088.85;0
MCFTR;D;20171214;000000;3188.06;3188.06;3188.06;3188.06;32875084250.45;0
MCFTR;D;20171215;000000;3175.99;3175.99;3175.99;3175.99;31783344746.75;0
MCFTR;D;20171218;000000;3162.57;3162.57;3162.57;3162.57;27942037281.45;0
MCFTR;D;20171219;000000;3138.24;3138.24;3138.24;3138.24;27080052926.2;0
MCFTR;D;20171220;000000;3115.74;3115.74;3115.74;3115.74;31264522374.9;0
MCFTR;D;20171221;000000;3119.81;3119.81;3119.81;3119.81;31264522374.9;0
MCFTR;D;20171222;000000;3134.06;3134.06;3134.06;3134.06;20918042113.9;0
MCFTR;D;20171225;000000;3137.36;3137.36;3137.36;3137.36;10781756260.15;0
MCFTR;D;20171226;000000;3125.4;3125.4;3125.4;3125.4;11945064397.1;0
MCFTR;D;20171227;000000;3139.02;3139.02;3139.02;3139.02;26561492904.95;0
MCFTR;D;20171228;000000;3134.13;3134.13;3134.13;3134.13;18090090633;0
MCFTR;D;20171229;000000;3144.34;3144.34;3144.34;3144.34;15957336731.1;0
MCFTR;D;20180103;000000;3208.77;3208.77;3208.77;3208.77;21076095059.7;0
MCFTR;D;20180104;000000;3275.28;3275.28;3275.28;3275.28;36531245623.15;0
MCFTR;D;20180105;000000;3291.57;3291.57;3291.57;3291.57;25985573299.45;0
MCFTR;D;20180109;000000;3318.38;3318.38;3318.38;3318.38;44389501692.95;0
MCFTR;D;20180110;000000;3328.64;3328.64;3328.64;3328.64;40081917520.9;0
MCFTR;D;20180111;000000;3349.78;3349.78;3349.78;3349.78;35875188920.05;0
MCFTR;D;20180112;000000;3373.54;3373.54;3373.54;3373.54;38133037880.2;0
MCFTR;D;20180115;000000;3372.27;3372.27;3372.27;3372.27;28506021421.1;0
MCFTR;D;20180116;000000;3366.84;3366.84;3366.84;3366.84;34181194406;0
MCFTR;D;20180117;000000;3396.66;3396.66;3396.66;3396.66;41081164885.9;0
MCFTR;D;20180118;000000;3425.86;3425.86;3425.86;3425.86;50772584530.15;0
MCFTR;D;20180119;000000;3409.25;3409.25;3409.25;3409.25;40066007461;0
MCFTR;D;20180122;000000;3442.47;3442.47;3442.47;3442.47;32826159274.15;0
MCFTR;D;20180123;000000;3428.07;3428.07;3428.07;3428.07;40634954873.65;0
MCFTR;D;20180124;000000;3440.06;3440.06;3440.06;3440.06;33738711190.35;0
MCFTR;D;20180125;000000;3459.5;3459.5;3459.5;3459.5;52938287627.6;0
MCFTR;D;20180126;000000;3422.56;3422.56;3422.56;3422.56;42865841196.4;0
MCFTR;D;20180129;000000;3406.18;3406.18;3406.18;3406.18;43934120261.7;0
MCFTR;D;20180130;000000;3400.35;3400.35;3400.35;3400.35;47971484476.25;0
MCFTR;D;20180131;000000;3414.71;3414.71;3414.71;3414.71;47458773372.4;0
MCFTR;D;20180201;000000;3433.46;3433.46;3433.46;3433.46;47093257987.75;0
MCFTR;D;20180202;000000;3402.55;3402.55;3402.55;3402.55;45939793518.3;0
MCFTR;D;20180205;000000;3395.11;3395.11;3395.11;3395.11;38890404182.85;0
MCFTR;D;20180206;000000;3337.54;3337.54;3337.54;3337.54;64462131911.55;0
MCFTR;D;20180207;000000;3361.99;3361.99;3361.99;3361.99;40989154734.5;0
MCFTR;D;20180208;000000;3321.14;3321.14;3321.14;3321.14;39966166240.7;0
MCFTR;D;20180209;000000;3276.22;3276.22;3276.22;3276.22;56590762463.5;0
MCFTR;D;20180212;000000;3310.52;3310.52;3310.52;3310.52;34667140420.4;0
MCFTR;D;20180213;000000;3356.01;3356.01;3356.01;3356.01;36305983680.1;0
MCFTR;D;20180214;000000;3366.93;3366.93;3366.93;3366.93;42712377582.5;0
MCFTR;D;20180215;000000;3378.11;3378.11;3378.11;3378.11;44459857653;0
MCFTR;D;20180216;000000;3362.93;3362.93;3362.93;3362.93;58420328516.5;0
MCFTR;D;20180219;000000;3362.41;3362.41;3362.41;3362.41;31273799300.25;0
MCFTR;D;20180220;000000;3385.08;3385.08;3385.08;3385.08;37342072099.55;0
MCFTR;D;20180221;000000;3459.93;3459.93;3459.93;3459.93;52795619959.85;0
MCFTR;D;20180222;000000;3484.54;3484.54;3484.54;3484.54;53281227216.95;0
MCFTR;D;20180226;000000;3508.9;3508.9;3508.9;3508.9;59681509646.3;0
MCFTR;D;20180227;000000;3492.1;3492.1;3492.1;3492.1;37110806981.45;0
MCFTR;D;20180228;000000;3424.86;3424.86;3424.86;3424.86;48353151858.45;0
MCFTR;D;20180301;000000;3426.5;3426.5;3426.5;3426.5;43719292859.4;0
MCFTR;D;20180302;000000;3412.99;3412.99;3412.99;3412.99;39527790205.2;0
MCFTR;D;20180305;000000;3443.84;3443.84;3443.84;3443.84;30064306468.85;0
MCFTR;D;20180306;000000;3434.58;3434.58;3434.58;3434.58;41872699381.4;0
MCFTR;D;20180307;000000;3416.56;3416.56;3416.56;3416.56;40670500815.8;0
MCFTR;D;20180309;000000;3447.29;3447.29;3447.29;3447.29;24586686701.05;0
MCFTR;D;20180312;000000;3456.72;3456.72;3456.72;3456.72;29406900153.2;0
MCFTR;D;20180313;000000;3458.76;3458.76;3458.76;3458.76;35139312430.65;0
MCFTR;D;20180314;000000;3392.94;3392.94;3392.94;3392.94;45756038087.4;0
MCFTR;D;20180315;000000;3388.84;3388.84;3388.84;3388.84;56858203390.5;0
MCFTR;D;20180316;000000;3421.81;3421.81;3421.81;3421.81;72242895694.65;0
MCFTR;D;20180319;000000;3402.6;3402.6;3402.6;3402.6;34531469181;0
MCFTR;D;20180320;000000;3416.71;3416.71;3416.71;3416.71;42412581711;0
MCFTR;D;20180321;000000;3443.82;3443.82;3443.82;3443.82;45162819672.7;0
MCFTR;D;20180322;000000;3408.63;3408.63;3408.63;3408.63;37215174124.95;0
MCFTR;D;20180323;000000;3408.28;3408.28;3408.28;3408.28;40364094707.65;0
MCFTR;D;20180326;000000;3341.65;3341.65;3341.65;3341.65;39513731033.9;0
MCFTR;D;20180327;000000;3373.94;3373.94;3373.94;3373.94;33896290326.55;0
MCFTR;D;20180328;000000;3354.15;3354.15;3354.15;3354.15;33572493217.7;0
MCFTR;D;20180329;000000;3392.01;3392.01;3392.01;3392.01;33139009787.75;0
MCFTR;D;20180330;000000;3386.59;3386.59;3386.59;3386.59;10538701967.05;0
MCFTR;D;20180402;000000;3365.2;3365.2;3365.2;3365.2;24731128865;0
MCFTR;D;20180403;000000;3375.95;3375.95;3375.95;3375.95;33010239570.8;0
MCFTR;D;20180404;000000;3378.56;3378.56;3378.56;3378.56;34553316436.65;0
MCFTR;D;20180405;000000;3424.27;3424.27;3424.27;3424.27;37766035317.4;0
MCFTR;D;20180406;000000;3401.87;3401.87;3401.87;3401.87;35834906513.9;0
MCFTR;D;20180409;000000;3118.01;3118.01;3118.01;3118.01;150203660779.8;0
MCFTR;D;20180410;000000;3241.61;3241.61;3241.61;3241.61;124043231720.5;0
MCFTR;D;20180411;000000;3269.03;3269.03;3269.03;3269.03;97592338300.16;0
MCFTR;D;20180412;000000;3295.72;3295.72;3295.72;3295.72;71314150699.85;0
MCFTR;D;20180413;000000;3243.69;3243.69;3243.69;3243.69;65417234616.35;0
MCFTR;D;20180416;000000;3196.74;3196.74;3196.74;3196.74;72616341729.95;0
MCFTR;D;20180417;000000;3267.6;3267.6;3267.6;3267.6;66798295131.65;0
MCFTR;D;20180418;000000;3342.61;3342.61;3342.61;3342.61;76806200849.35;0
MCFTR;D;20180419;000000;3326.29;3326.29;3326.29;3326.29;59470439803;0
MCFTR;D;20180420;000000;3329.44;3329.44;3329.44;3329.44;32907921168.5;0
MCFTR;D;20180423;000000;3356.78;3356.78;3356.78;3356.78;63447445889.8;0
MCFTR;D;20180424;000000;3360.92;3360.92;3360.92;3360.92;46142806068.55;0
MCFTR;D;20180425;000000;3360.52;3360.52;3360.52;3360.52;40777232639.25;0
MCFTR;D;20180426;000000;3409.01;3409.01;3409.01;3409.01;45975451683.8;0
MCFTR;D;20180427;000000;3432.08;3432.08;3432.08;3432.08;45539771826.25;0
MCFTR;D;20180428;000000;3425.84;3425.84;3425.84;3425.84;6207773410.3;0
MCFTR;D;20180430;000000;3440.33;3440.33;3440.33;3440.33;25312081262.6;0
MCFTR;D;20180502;000000;3441.53;3441.53;3441.53;3441.53;32611287966.65;0
MCFTR;D;20180503;000000;3393.26;3393.26;3393.26;3393.26;44005292615.25;0
MCFTR;D;20180504;000000;3416.24;3416.24;3416.24;3416.24;29134920375.1;0
MCFTR;D;20180507;000000;3427.65;3427.65;3427.65;3427.65;23341193347.25;0
MCFTR;D;20180508;000000;3434.92;3434.92;3434.92;3434.92;35537935401.95;0
MCFTR;D;20180510;000000;3452.22;3452.22;3452.22;3452.22;44521731188.95;0
MCFTR;D;20180511;000000;3500.49;3500.49;3500.49;3500.49;41316398081.4;0
MCFTR;D;20180514;000000;3521.44;3521.44;3521.44;3521.44;31886758140.45;0
MCFTR;D;20180515;000000;3490.68;3490.68;3490.68;3490.68;44743693214.45;0
MCFTR;D;20180516;000000;3492.71;3492.71;3492.71;3492.71;49050292350.1;0
MCFTR;D;20180517;000000;3470.49;3470.49;3470.49;3470.49;36187090415.6;0
MCFTR;D;20180518;000000;3475.61;3475.61;3475.61;3475.61;36608467154.75;0
MCFTR;D;20180521;000000;3484.11;3484.11;3484.11;3484.11;28823716151.85;0
MCFTR;D;20180522;000000;3475.51;3475.51;3475.51;3475.51;28572359334.3;0
MCFTR;D;20180523;000000;3428.75;3428.75;3428.75;3428.75;32222355533.6;0
MCFTR;D;20180524;000000;3426.42;3426.42;3426.42;3426.42;30395213376.35;0
MCFTR;D;20180525;000000;3445.18;3445.18;3445.18;3445.18;36013728553.55;0
MCFTR;D;20180528;000000;3452.56;3452.56;3452.56;3452.56;15944786959.7;0
MCFTR;D;20180529;000000;3432.72;3432.72;3432.72;3432.72;32005810850.8;0
MCFTR;D;20180530;000000;3432.12;3432.12;3432.12;3432.12;38894742708;0
MCFTR;D;20180531;000000;3441.38;3441.38;3441.38;3441.38;72455908825.05;0
MCFTR;D;20180601;000000;3436.16;3436.16;3436.16;3436.16;30992079661.7;0
MCFTR;D;20180604;000000;3478.53;3478.53;3478.53;3478.53;26747618650.4;0
MCFTR;D;20180605;000000;3470.43;3470.43;3470.43;3470.43;38666583161.95;0
MCFTR;D;20180606;000000;3466.26;3466.26;3466.26;3466.26;28878723214.5;0
MCFTR;D;20180607;000000;3467.39;3467.39;3467.39;3467.39;26158374455.1;0
MCFTR;D;20180608;000000;3396.39;3396.39;3396.39;3396.39;45882925500.8;0
MCFTR;D;20180609;000000;3416.75;3416.75;3416.75;3416.75;3836924404.85;0
MCFTR;D;20180611;000000;3402.78;3402.78;3402.78;3402.78;18541264496.4;0
MCFTR;D;20180613;000000;3401.27;3401.27;3401.27;3401.27;34112296130.4;0
MCFTR;D;20180614;000000;3375.43;3375.43;3375.43;3375.43;30274715000.95;0
MCFTR;D;20180615;000000;3351.54;3351.54;3351.54;3351.54;54972383231.15;0
MCFTR;D;20180618;000000;3332.96;3332.96;3332.96;3332.96;35216571494.25;0
MCFTR;D;20180619;000000;3334.28;3334.28;3334.28;3334.28;41548383291.5;0
MCFTR;D;20180620;000000;3386.59;3386.59;3386.59;3386.59;41441731500.85;0
MCFTR;D;20180621;000000;3371.09;3371.09;3371.09;3371.09;42440145101.7;0
MCFTR;D;20180622;000000;3377.2;3377.2;3377.2;3377.2;46540089991.95;0
MCFTR;D;20180625;000000;3385.93;3385.93;3385.93;3385.93;32559955746.75;0
MCFTR;D;20180626;000000;3377.42;3377.42;3377.42;3377.42;27829118842.8;0
MCFTR;D;20180627;000000;3411.59;3411.59;3411.59;3411.59;38166031297.4;0
MCFTR;D;20180628;000000;3406.53;3406.53;3406.53;3406.53;32903511208.45;0
MCFTR;D;20180629;000000;3478.67;3478.67;3478.67;3478.67;43129452213.65;0
MCFTR;D;20180702;000000;3514.45;3514.45;3514.45;3514.45;37968961508.75;0
MCFTR;D;20180703;000000;3487.69;3487.69;3487.69;3487.69;26549298775.4;0
MCFTR;D;20180704;000000;3491.34;3491.34;3491.34;3491.34;18501372052.4;0
MCFTR;D;20180705;000000;3563.9;3563.9;3563.9;3563.9;38556456313.55;0
MCFTR;D;20180706;000000;3569.56;3569.56;3569.56;3569.56;34371043039.4;0
MCFTR;D;20180709;000000;3611.85;3611.85;3611.85;3611.85;32654928782.5;0
MCFTR;D;20180710;000000;3615.25;3615.25;3615.25;3615.25;36236043236.3;0
MCFTR;D;20180711;000000;3570.89;3570.89;3570.89;3570.89;38450820046.25;0
MCFTR;D;20180712;000000;3555.33;3555.33;3555.33;3555.33;31609016309.4;0
MCFTR;D;20180713;000000;3592.65;3592.65;3592.65;3592.65;29276526176.95;0
MCFTR;D;20180716;000000;3585.15;3585.15;3585.15;3585.15;31527048877.5;0
MCFTR;D;20180717;000000;3550.63;3550.63;3550.63;3550.63;35884307790.15;0
MCFTR;D;20180718;000000;3557.86;3557.86;3557.86;3557.86;35900582680.2;0
MCFTR;D;20180719;000000;3518.59;3518.59;3518.59;3518.59;45942372515.75;0
MCFTR;D;20180720;000000;3485.33;3485.33;3485.33;3485.33;48323944671.95;0
MCFTR;D;20180723;000000;3506.15;3506.15;3506.15;3506.15;27733235485.05;0
MCFTR;D;20180724;000000;3532.59;3532.59;3532.59;3532.59;27847775733.15;0
MCFTR;D;20180725;000000;3539.63;3539.63;3539.63;3539.63;35315719811.8;0
MCFTR;D;20180726;000000;3555.49;3555.49;3555.49;3555.49;33130073214.65;0
MCFTR;D;20180727;000000;3554.95;3554.95;3554.95;3554.95;26609287255.7;0
MCFTR;D;20180730;000000;3559.6;3559.6;3559.6;3559.6;27128795640.15;0
MCFTR;D;20180731;000000;3598.97;3598.97;3598.97;3598.97;35119566813.6;0
MCFTR;D;20180801;000000;3589.77;3589.77;3589.77;3589.77;26333344432.2;0
MCFTR;D;20180802;000000;3558.72;3558.72;3558.72;3558.72;31837651496.05;0
MCFTR;D;20180803;000000;3563.12;3563.12;3563.12;3563.12;36301662533.85;0
MCFTR;D;20180806;000000;3566.05;3566.05;3566.05;3566.05;29078761048.2;0
MCFTR;D;20180807;000000;3585.14;3585.14;3585.14;3585.14;33124676608.05;0
MCFTR;D;20180808;000000;3555.4;3555.4;3555.4;3555.4;55919027604.6;0
MCFTR;D;20180809;000000;3581.09;3581.09;3581.09;3581.09;65707960045.15;0
MCFTR;D;20180810;000000;3531.24;3531.24;3531.24;3531.24;56410587159.85;0
MCFTR;D;20180813;000000;3550.82;3550.82;3550.82;3550.82;49841536275.35;0
MCFTR;D;20180814;000000;3546.58;3546.58;3546.58;3546.58;41415038567;0
MCFTR;D;20180815;000000;3522.11;3522.11;3522.11;3522.11;41308786642.15;0
MCFTR;D;20180816;000000;3512.72;3512.72;3512.72;3512.72;27784927408.8;0
MCFTR;D;20180817;000000;3503.45;3503.45;3503.45;3503.45;24700335707.35;0
MCFTR;D;20180820;000000;3530.43;3530.43;3530.43;3530.43;24020335121.9;0
MCFTR;D;20180821;000000;3560.37;3560.37;3560.37;3560.37;26067709370.5;0
MCFTR;D;20180822;000000;3568.61;3568.61;3568.61;3568.61;33523925784.7;0
MCFTR;D;20180823;000000;3511.09;3511.09;3511.09;3511.09;50146168725.7;0
MCFTR;D;20180824;000000;3541.73;3541.73;3541.73;3541.73;45117580019.6;0
MCFTR;D;20180827;000000;3593.26;3593.26;3593.26;3593.26;25560687145.6;0
MCFTR;D;20180828;000000;3598.46;3598.46;3598.46;3598.46;28140874688.95;0
MCFTR;D;20180829;000000;3648.43;3648.43;3648.43;3648.43;29417341669.7;0
MCFTR;D;20180830;000000;3621.21;3621.21;3621.21;3621.21;34634950998.3;0
MCFTR;D;20180831;000000;3644.4;3644.4;3644.4;3644.4;36711421797.95;0
MCFTR;D;20180903;000000;3644.76;3644.76;3644.76;3644.76;16984179920.15;0
MCFTR;D;20180904;000000;3629.69;3629.69;3629.69;3629.69;26425382774.3;0
MCFTR;D;20180905;000000;3606.31;3606.31;3606.31;3606.31;26141343284.75;0
MCFTR;D;20180906;000000;3605.95;3605.95;3605.95;3605.95;29646878635.8;0
MCFTR;D;20180907;000000;3607.77;3607.77;3607.77;3607.77;32670059994.8;0
MCFTR;D;20180910;000000;3629.57;3629.57;3629.57;3629.57;34514794888.75;0
MCFTR;D;20180911;000000;3628.54;3628.54;3628.54;3628.54;44050812075.4;0
MCFTR;D;20180912;000000;3636.99;3636.99;3636.99;3636.99;40218912051.75;0
MCFTR;D;20180913;000000;3662.93;3662.93;3662.93;3662.93;58935651831.75;0
MCFTR;D;20180914;000000;3667.5;3667.5;3667.5;3667.5;42263120465.8;0
MCFTR;D;20180917;000000;3688.46;3688.46;3688.46;3688.46;33667666268.15;0
MCFTR;D;20180918;000000;3733.26;3733.26;3733.26;3733.26;42138828795.4;0
MCFTR;D;20180919;000000;3736.11;3736.11;3736.11;3736.11;41072771599.1;0
MCFTR;D;20180920;000000;3730.63;3730.63;3730.63;3730.63;78554783175;0
MCFTR;D;20180921;000000;3770.89;3770.89;3770.89;3770.89;67062419017.9;0
MCFTR;D;20180924;000000;3778.68;3778.68;3778.68;3778.68;38325790113;0
MCFTR;D;20180925;000000;3800.78;3800.78;3800.78;3800.78;41597933304.5;0
MCFTR;D;20180926;000000;3774.45;3774.45;3774.45;3774.45;37184779240.25;0
MCFTR;D;20180927;000000;3847.97;3847.97;3847.97;3847.97;60380653372.2;0
MCFTR;D;20180928;000000;3862.51;3862.51;3862.51;3862.51;52113681518.5;0
MCFTR;D;20181001;000000;3857.61;3857.61;3857.61;3857.61;34671183344.15;0
MCFTR;D;20181002;000000;3822.47;3822.47;3822.47;3822.47;36790896437.95;0
MCFTR;D;20181003;000000;3891.46;3891.46;3891.46;3891.46;49917202576.65;0
MCFTR;D;20181004;000000;3846.39;3846.39;3846.39;3846.39;49410547714.7;0
MCFTR;D;20181005;000000;3824.35;3824.35;3824.35;3824.35;43668542924.55;0
MCFTR;D;20181008;000000;3837.79;3837.79;3837.79;3837.79;35427421796.8;0
MCFTR;D;20181009;000000;3823.63;3823.63;3823.63;3823.63;43434513039.35;0
MCFTR;D;20181010;000000;3782.73;3782.73;3782.73;3782.73;42298071426.4;0
MCFTR;D;20181011;000000;3713.9;3713.9;3713.9;3713.9;60349852497.3;0
MCFTR;D;20181012;000000;3776.73;3776.73;3776.73;3776.73;36002700221.05;0
MCFTR;D;20181015;000000;3754.77;3754.77;3754.77;3754.77;28076383834.6;0
MCFTR;D;20181016;000000;3799.11;3799.11;3799.11;3799.11;33705253285.95;0
MCFTR;D;20181017;000000;3790.95;3790.95;3790.95;3790.95;35869645218.35;0
MCFTR;D;20181018;000000;3739.39;3739.39;3739.39;3739.39;30817151092.6;0
MCFTR;D;20181019;000000;3686.21;3686.21;3686.21;3686.21;47863126338.5;0
MCFTR;D;20181022;000000;3629.25;3629.25;3629.25;3629.25;44652064472.25;0
MCFTR;D;20181023;000000;3624.56;3624.56;3624.56;3624.56;53010855002.75;0
MCFTR;D;20181024;000000;3673.16;3673.16;3673.16;3673.16;79163935268.3;0
MCFTR;D;20181025;000000;3665.45;3665.45;3665.45;3665.45;46534534438.85;0
MCFTR;D;20181026;000000;3605.13;3605.13;3605.13;3605.13;42187140361.4;0
MCFTR;D;20181029;000000;3642.61;3642.61;3642.61;3642.61;30789249078.85;0
MCFTR;D;20181030;000000;3615.76;3615.76;3615.76;3615.76;33102965088.75;0
MCFTR;D;20181031;000000;3698.66;3698.66;3698.66;3698.66;40437425487.25;0
MCFTR;D;20181101;000000;3709.06;3709.06;3709.06;3709.06;40437475898.29;0
MCFTR;D;20181102;000000;3738.34;3738.34;3738.34;3738.34;39957908798.29;0
MCFTR;D;20181106;000000;3792.35;3792.35;3792.35;3792.35;37900124821.92;0
MCFTR;D;20181107;000000;3844.28;3844.28;3844.28;3844.28;48898088238.17;0
MCFTR;D;20181108;000000;3833.71;3833.71;3833.71;3833.71;43655024418.31;0
MCFTR;D;20181109;000000;3778.46;3778.46;3778.46;3778.46;48419017315.02;0
MCFTR;D;20181112;000000;3763.27;3763.27;3763.27;3763.27;34152730435.67;0
MCFTR;D;20181113;000000;3733.6;3733.6;3733.6;3733.6;44330355763.27;0
MCFTR;D;20181114;000000;3739.34;3739.34;3739.34;3739.34;49144655064.91;0
MCFTR;D;20181115;000000;3743.84;3743.84;3743.84;3743.84;35634350265.21;0
MCFTR;D;20181116;000000;3730.04;3730.04;3730.04;3730.04;33948529950.51;0
MCFTR;D;20181119;000000;3731.78;3731.78;3731.78;3731.78;30717170181.28;0
MCFTR;D;20181120;000000;3681.19;3681.19;3681.19;3681.19;36964348122.34;0
MCFTR;D;20181121;000000;3706.93;3706.93;3706.93;3706.93;34730902207.04;0
MCFTR;D;20181122;000000;3725.1;3725.1;3725.1;3725.1;26314234412.39;0
MCFTR;D;20181123;000000;3683.35;3683.35;3683.35;3683.35;34432642081.07;0
MCFTR;D;20181126;000000;3629.16;3629.16;3629.16;3629.16;54332953137.49;0
MCFTR;D;20181127;000000;3676.65;3676.65;3676.65;3676.65;42285635154.99;0
MCFTR;D;20181128;000000;3743.32;3743.32;3743.32;3743.32;45897758220.81;0
MCFTR;D;20181129;000000;3770.74;3770.74;3770.74;3770.74;50814138744.71;0
MCFTR;D;20181130;000000;3761.21;3761.21;3761.21;3761.21;59489968338.58;0
MCFTR;D;20181203;000000;3840.5;3840.5;3840.5;3840.5;52441577467.91;0
MCFTR;D;20181204;000000;3843.94;3843.94;3843.94;3843.94;40442645881.95;0
MCFTR;D;20181205;000000;3847.36;3847.36;3847.36;3847.36;33933154753.17;0
MCFTR;D;20181206;000000;3795.06;3795.06;3795.06;3795.06;39963838271.96;0
MCFTR;D;20181207;000000;3824.92;3824.92;3824.92;3824.92;42554020341.66;0
MCFTR;D;20181210;000000;3770.73;3770.73;3770.73;3770.73;33390001202.59;0
MCFTR;D;20181211;000000;3766.67;3766.67;3766.67;3766.67;35151485620.76;0
MCFTR;D;20181212;000000;3729.05;3729.05;3729.05;3729.05;34084868145.78;0
MCFTR;D;20181213;000000;3741.87;3741.87;3741.87;3741.87;32206789537.67;0
MCFTR;D;20181214;000000;3721.72;3721.72;3721.72;3721.72;31496104016.47;0
MCFTR;D;20181217;000000;3713.21;3713.21;3713.21;3713.21;29749112530.91;0
MCFTR;D;20181218;000000;3699.3;3699.3;3699.3;3699.3;44721501606.76;0
MCFTR;D;20181219;000000;3712.34;3712.34;3712.34;3712.34;36660622593.19;0
MCFTR;D;20181220;000000;3718.02;3718.02;3718.02;3718.02;48124567941.39;0
MCFTR;D;20181221;000000;3709;3709;3709;3709;44325417891.75;0
MCFTR;D;20181224;000000;3669.65;3669.65;3669.65;3669.65;19330544475.89;0
MCFTR;D;20181225;000000;3620.44;3620.44;3620.44;3620.44;18561229587.99;0
MCFTR;D;20181226;000000;3648.87;3648.87;3648.87;3648.87;14946480535.08;0
MCFTR;D;20181227;000000;3678.83;3678.83;3678.83;3678.83;28111243381;0
MCFTR;D;20181228;000000;3727.34;3727.34;3727.34;3727.34;23673897498.04;0
MCFTR;D;20181229;000000;3744.45;3744.45;3744.45;3744.45;5558291495.72;0
MCFTR;D;20190103;000000;3754.36;3754.36;3754.36;3754.36;23065788705.38;0
MCFTR;D;20190104;000000;3803.2;3803.2;3803.2;3803.2;19959820960;0
MCFTR;D;20190108;000000;3785.96;3785.96;3785.96;3785.96;26939659761.23;0
MCFTR;D;20190109;000000;3824.68;3824.68;3824.68;3824.68;36438416186.18;0
MCFTR;D;20190110;000000;3857.18;3857.18;3857.18;3857.18;34451721994.77;0
MCFTR;D;20190111;000000;3873.51;3873.51;3873.51;3873.51;36424668132.7;0
MCFTR;D;20190114;000000;3866.69;3866.69;3866.69;3866.69;25155039996.14;0
MCFTR;D;20190115;000000;3865.74;3865.74;3865.74;3865.74;33635616939.37;0
MCFTR;D;20190116;000000;3857.9;3857.9;3857.9;3857.9;32907264249.55;0
MCFTR;D;20190117;000000;3878.56;3878.56;3878.56;3878.56;37213378397.92;0
MCFTR;D;20190118;000000;3919.71;3919.71;3919.71;3919.71;40343793500.91;0
MCFTR;D;20190121;000000;3911.22;3911.22;3911.22;3911.22;27619025346.04;0
MCFTR;D;20190122;000000;3911.98;3911.98;3911.98;3911.98;33716589105.72;0
MCFTR;D;20190123;000000;3948.05;3948.05;3948.05;3948.05;39470414561.07;0
MCFTR;D;20190124;000000;3934.13;3934.13;3934.13;3934.13;49338802888.25;0
MCFTR;D;20190125;000000;3958.73;3958.73;3958.73;3958.73;36810095274.85;0
MCFTR;D;20190128;000000;3924.78;3924.78;3924.78;3924.78;33484046714.86;0
MCFTR;D;20190129;000000;3958.92;3958.92;3958.92;3958.92;36139908091.29;0
MCFTR;D;20190130;000000;3980.32;3980.32;3980.32;3980.32;37518582253.69;0
MCFTR;D;20190131;000000;3994.97;3994.97;3994.97;3994.97;49213875974.78;0
MCFTR;D;20190201;000000;3996.81;3996.81;3996.81;3996.81;35065274603.07;0
MCFTR;D;20190204;000000;3999.69;3999.69;3999.69;3999.69;26735197993.16;0
MCFTR;D;20190205;000000;4037.34;4037.34;4037.34;4037.34;31797859136.04;0
MCFTR;D;20190206;000000;4025.39;4025.39;4025.39;4025.39;29001686983.79;0
MCFTR;D;20190207;000000;3978.09;3978.09;3978.09;3978.09;15327247.6;0
MCFTR;D;20190208;000000;3966.88;3966.88;3966.88;3966.88;29567612063.2;0
MCFTR;D;20190211;000000;3978.61;3978.61;3978.61;3978.61;29342767884.64;0
MCFTR;D;20190212;000000;4015.23;4015.23;4015.23;4015.23;35489709406.6;0
MCFTR;D;20190213;000000;3939.85;3939.85;3939.85;3939.85;47947396766.62;0
MCFTR;D;20190214;000000;3900.32;3900.32;3900.32;3900.32;67123856506.25;0
MCFTR;D;20190215;000000;3946.82;3946.82;3946.82;3946.82;41192184630.87;0
MCFTR;D;20190218;000000;3918.69;3918.69;3918.69;3918.69;34132355469.42;0
MCFTR;D;20190219;000000;3896.72;3896.72;3896.72;3896.72;32660348399.93;0
MCFTR;D;20190220;000000;3943.11;3943.11;3943.11;3943.11;36870678116.95;0
MCFTR;D;20190221;000000;3915.23;3915.23;3915.23;3915.23;34041725237.73;0
MCFTR;D;20190222;000000;3944.39;3944.39;3944.39;3944.39;26578408689.23;0
MCFTR;D;20190225;000000;3953.9;3953.9;3953.9;3953.9;35735569765.96;0
MCFTR;D;20190226;000000;3952.94;3952.94;3952.94;3952.94;31084467579.12;0
MCFTR;D;20190227;000000;3947.6;3947.6;3947.6;3947.6;32322738220.04;0
MCFTR;D;20190228;000000;3939.07;3939.07;3939.07;3939.07;39629723473.86;0
MCFTR;D;20190301;000000;3927.56;3927.56;3927.56;3927.56;29151058191.76;0
MCFTR;D;20190304;000000;3920.87;3920.87;3920.87;3920.87;24422972572.82;0
MCFTR;D;20190305;000000;3908.89;3908.89;3908.89;3908.89;29496259851.23;0
MCFTR;D;20190306;000000;3952.97;3952.97;3952.97;3952.97;33571749208.68;0
MCFTR;D;20190307;000000;3925.39;3925.39;3925.39;3925.39;30847186080.95;0
MCFTR;D;20190311;000000;3908.43;3908.43;3908.43;3908.43;32602490875.34;0
MCFTR;D;20190312;000000;3912.09;3912.09;3912.09;3912.09;28723043708.56;0
MCFTR;D;20190313;000000;3915.83;3915.83;3915.83;3915.83;43732949434.74;0
MCFTR;D;20190314;000000;3895.51;3895.51;3895.51;3895.51;33427534319.54;0
MCFTR;D;20190315;000000;3925.53;3925.53;3925.53;3925.53;45901457508.14;0
MCFTR;D;20190318;000000;3936.58;3936.58;3936.58;3936.58;32457707513.4;0
MCFTR;D;20190319;000000;3951.76;3951.76;3951.76;3951.76;31439073559.81;0
MCFTR;D;20190320;000000;3969.12;3969.12;3969.12;3969.12;35444167458.24;0
MCFTR;D;20190321;000000;3974.79;3974.79;3974.79;3974.79;48940206032.21;0
MCFTR;D;20190322;000000;3950.85;3950.85;3950.85;3950.85;33325644543.7;0
MCFTR;D;20190325;000000;3958.6;3958.6;3958.6;3958.6;45183821470.05;0
MCFTR;D;20190326;000000;3982.43;3982.43;3982.43;3982.43;39676577285.85;0
MCFTR;D;20190327;000000;3942.57;3942.57;3942.57;3942.57;38964810548.25;0
MCFTR;D;20190328;000000;3950.37;3950.37;3950.37;3950.37;30731748797.35;0
MCFTR;D;20190329;000000;3957.82;3957.82;3957.82;3957.82;47149296835.95;0
MCFTR;D;20190401;000000;3996.1;3996.1;3996.1;3996.1;35087812349.1;0
MCFTR;D;20190402;000000;4006.43;4006.43;4006.43;4006.43;33296594199.05;0
MCFTR;D;20190403;000000;4013.64;4013.64;4013.64;4013.64;47180753521.7;0
MCFTR;D;20190404;000000;4018.68;4018.68;4018.68;4018.68;34238890326.8;0
MCFTR;D;20190405;000000;4027.38;4027.38;4027.38;4027.38;36421477031;0
MCFTR;D;20190408;000000;4057.62;4057.62;4057.62;4057.62;38456539061.75;0
MCFTR;D;20190409;000000;4073.81;4073.81;4073.81;4073.81;55676482740.1;0
MCFTR;D;20190410;000000;4086.96;4086.96;4086.96;4086.96;64251478340.9;0
MCFTR;D;20190411;000000;4043.96;4043.96;4043.96;4043.96;52873386570.65;0
MCFTR;D;20190412;000000;4057.07;4057.07;4057.07;4057.07;45520260446.8;0
MCFTR;D;20190415;000000;4033.93;4033.93;4033.93;4033.93;29718578010.75;0
MCFTR;D;20190416;000000;4057.26;4057.26;4057.26;4057.26;46613245040.9;0
MCFTR;D;20190417;000000;4070.61;4070.61;4070.61;4070.61;39274050191.7;0
MCFTR;D;20190418;000000;4058.78;4058.78;4058.78;4058.78;29544889062.3;0
MCFTR;D;20190419;000000;4063.69;4063.69;4063.69;4063.69;8695793680.8;0
MCFTR;D;20190422;000000;4096.73;4096.73;4096.73;4096.73;20973319508.2;0
MCFTR;D;20190423;000000;4101.07;4101.07;4101.07;4101.07;37643056664.45;0
MCFTR;D;20190424;000000;4087.71;4087.71;4087.71;4087.71;34573260673.8;0
MCFTR;D;20190425;000000;4059;4059;4059;4059;48525675409;0
MCFTR;D;20190426;000000;4063.41;4063.41;4063.41;4063.41;44939040182.85;0
MCFTR;D;20190429;000000;4073.09;4073.09;4073.09;4073.09;29659672341.15;0
MCFTR;D;20190430;000000;4056.44;4056.44;4056.44;4056.44;42124534042.35;0
MCFTR;D;20190502;000000;4081.64;4081.64;4081.64;4081.64;26398021869.35;0
MCFTR;D;20190503;000000;4096.18;4096.18;4096.18;4096.18;29668998422.25;0
MCFTR;D;20190506;000000;4096.44;4096.44;4096.44;4096.44;26022038505.15;0
MCFTR;D;20190507;000000;4073.17;4073.17;4073.17;4073.17;36068048165.9;0
MCFTR;D;20190508;000000;4041.82;4041.82;4041.82;4041.82;31553595638.8;0
MCFTR;D;20190510;000000;3994.87;3994.87;3994.87;3994.87;32539558434.3;0
MCFTR;D;20190513;000000;3989.42;3989.42;3989.42;3989.42;34323742685.85;0
MCFTR;D;20190514;000000;4074.43;4074.43;4074.43;4074.43;82182216496.35;0
MCFTR;D;20190515;000000;4063.2;4063.2;4063.2;4063.2;66054807595.65;0
MCFTR;D;20190516;000000;4105.54;4105.54;4105.54;4105.54;61654223128.75;0
MCFTR;D;20190517;000000;4099.77;4099.77;4099.77;4099.77;42554641958.35;0
MCFTR;D;20190520;000000;4090.49;4090.49;4090.49;4090.49;34176859445.1;0
MCFTR;D;20190521;000000;4161.88;4161.88;4161.88;4161.88;56403537555.15;0
MCFTR;D;20190522;000000;4197.16;4197.16;4197.16;4197.16;45253827796.55;0
MCFTR;D;20190523;000000;4165.19;4165.19;4165.19;4165.19;49747781732.9;0
MCFTR;D;20190524;000000;4170.77;4170.77;4170.77;4170.77;49711443022.45;0
MCFTR;D;20190527;000000;4192.6;4192.6;4192.6;4192.6;23530867382.05;0
MCFTR;D;20190528;000000;4155.71;4155.71;4155.71;4155.71;98945517838.1;0
MCFTR;D;20190529;000000;4205.66;4205.66;4205.66;4205.66;49106817280.15;0
MCFTR;D;20190530;000000;4237.29;4237.29;4237.29;4237.29;47216735524.8;0
MCFTR;D;20190531;000000;4247.64;4247.64;4247.64;4247.64;44693230156;0
MCFTR;D;20190603;000000;4350.59;4350.59;4350.59;4350.59;97976285815.35;0
MCFTR;D;20190604;000000;4312.92;4312.92;4312.92;4312.92;70439133521.8;0
MCFTR;D;20190605;000000;4305.83;4305.83;4305.83;4305.83;45164978845.95;0
MCFTR;D;20190606;000000;4348.39;4348.39;4348.39;4348.39;50735942371.3;0
MCFTR;D;20190607;000000;4351.23;4351.23;4351.23;4351.23;54064789995.85;0
MCFTR;D;20190610;000000;4372.93;4372.93;4372.93;4372.93;46566321727.65;0
MCFTR;D;20190611;000000;4433.87;4433.87;4433.87;4433.87;62709372954;0
MCFTR;D;20190613;000000;4449.44;4449.44;4449.44;4449.44;60271107064.8;0
MCFTR;D;20190614;000000;4424.06;4424.06;4424.06;4424.06;45550209631.65;0
MCFTR;D;20190617;000000;4418.46;4418.46;4418.46;4418.46;43818275358.5;0
MCFTR;D;20190618;000000;4465.59;4465.59;4465.59;4465.59;46177918076;0
MCFTR;D;20190619;000000;4462.52;4462.52;4462.52;4462.52;39841689277.05;0
MCFTR;D;20190620;000000;4511.27;4511.27;4511.27;4511.27;71303677857.4;0
MCFTR;D;20190621;000000;4482.17;4482.17;4482.17;4482.17;62090477912.95;0
MCFTR;D;20190624;000000;4484.97;4484.97;4484.97;4484.97;30592428941.8;0
MCFTR;D;20190625;000000;4470.86;4470.86;4470.86;4470.86;34638511344.55;0
MCFTR;D;20190626;000000;4505.25;4505.25;4505.25;4505.25;38807017869.8;0
MCFTR;D;20190627;000000;4512.58;4512.58;4512.58;4512.58;37902608243.2;0
MCFTR;D;20190628;000000;4490.16;4490.16;4490.16;4490.16;41769434618.9;0
MCFTR;D;20190701;000000;4547.99;4547.99;4547.99;4547.99;55325833342.45;0
MCFTR;D;20190702;000000;4561.53;4561.53;4561.53;4561.53;37233670312.75;0
MCFTR;D;20190703;000000;4585.39;4585.39;4585.39;4585.39;45405020131.75;0
MCFTR;D;20190704;000000;4626.95;4626.95;4626.95;4626.95;46950645941.95;0
MCFTR;D;20190705;000000;4614.86;4614.86;4614.86;4614.86;44191358353.8;0
MCFTR;D;20190708;000000;4621.27;4621.27;4621.27;4621.27;40589081211.2;0
MCFTR;D;20190709;000000;4622.48;4622.48;4622.48;4622.48;35414060387.2;0
MCFTR;D;20190710;000000;4622.63;4622.63;4622.63;4622.63;46408347141.35;0
MCFTR;D;20190711;000000;4568.44;4568.44;4568.44;4568.44;44487900680.45;0
MCFTR;D;20190712;000000;4553.2;4553.2;4553.2;4553.2;38423366016.75;0
MCFTR;D;20190715;000000;4520.18;4520.18;4520.18;4520.18;39047746042.7;0
MCFTR;D;20190716;000000;4519.26;4519.26;4519.26;4519.26;41461661397.15;0
MCFTR;D;20190717;000000;4521.53;4521.53;4521.53;4521.53;40758123472.4;0
MCFTR;D;20190718;000000;4506.3;4506.3;4506.3;4506.3;30516614439.8;0
MCFTR;D;20190719;000000;4502.93;4502.93;4502.93;4502.93;32089381805.85;0
MCFTR;D;20190722;000000;4475.72;4475.72;4475.72;4475.72;34865014698.7;0
MCFTR;D;20190723;000000;4503.74;4503.74;4503.74;4503.74;34134506816.65;0
MCFTR;D;20190724;000000;4473.48;4473.48;4473.48;4473.48;33918482808.4;0
MCFTR;D;20190725;000000;4503.68;4503.68;4503.68;4503.68;69073047387.15;0
MCFTR;D;20190726;000000;4528.12;4528.12;4528.12;4528.12;73825365556.3;0
MCFTR;D;20190729;000000;4549.11;4549.11;4549.11;4549.11;34389125864.3;0
MCFTR;D;20190730;000000;4559.8;4559.8;4559.8;4559.8;39132766333.9;0
MCFTR;D;20190731;000000;4567.84;4567.84;4567.84;4567.84;46183249194.6;0
MCFTR;D;20190801;000000;4551.03;4551.03;4551.03;4551.03;40678706466.1;0
MCFTR;D;20190802;000000;4460.13;4460.13;4460.13;4460.13;67130476196.85;0
MCFTR;D;20190805;000000;4417.21;4417.21;4417.21;4417.21;52320999449.55;0
MCFTR;D;20190806;000000;4474.21;4474.21;4474.21;4474.21;47612187588.95;0
MCFTR;D;20190807;000000;4460.26;4460.26;4460.26;4460.26;49041190262.65;0
MCFTR;D;20190808;000000;4496.46;4496.46;4496.46;4496.46;39678960852.7;0
MCFTR;D;20190809;000000;4468.15;4468.15;4468.15;4468.15;32686121043.05;0
MCFTR;D;20190812;000000;4485.19;4485.19;4485.19;4485.19;28453904405.05;0
MCFTR;D;20190813;000000;4468.83;4468.83;4468.83;4468.83;45413014687.35;0
MCFTR;D;20190814;000000;4397;4397;4397;4397;46870223317.15;0
MCFTR;D;20190815;000000;4377.89;4377.89;4377.89;4377.89;48643214688.15;0
MCFTR;D;20190816;000000;4360.58;4360.58;4360.58;4360.58;37360791236.3;0
MCFTR;D;20190819;000000;4415.42;4415.42;4415.42;4415.42;41508646386;0
MCFTR;D;20190820;000000;4456.69;4456.69;4456.69;4456.69;41833885321.75;0
MCFTR;D;20190821;000000;4458.54;4458.54;4458.54;4458.54;35687208431.65;0
MCFTR;D;20190822;000000;4460.51;4460.51;4460.51;4460.51;37929633437.4;0
MCFTR;D;20190823;000000;4436.51;4436.51;4436.51;4436.51;39340472307.45;0
MCFTR;D;20190826;000000;4432.35;4432.35;4432.35;4432.35;25136294862.1;0
MCFTR;D;20190827;000000;4434.2;4434.2;4434.2;4434.2;68464614909.95;0
MCFTR;D;20190828;000000;4464.14;4464.14;4464.14;4464.14;43582864484.45;0
MCFTR;D;20190829;000000;4525.74;4525.74;4525.74;4525.74;47041546243.15;0
MCFTR;D;20190830;000000;4568.74;4568.74;4568.74;4568.74;54743444559.5;0
MCFTR;D;20190902;000000;4623.71;4623.71;4623.71;4623.71;44975843551.4;0
MCFTR;D;20190903;000000;4625.7;4625.7;4625.7;4625.7;69206978352.1;0
MCFTR;D;20190904;000000;4657.65;4657.65;4657.65;4657.65;67735228288.65;0
MCFTR;D;20190905;000000;4681.57;4681.57;4681.57;4681.57;61951409293.35;0
MCFTR;D;20190906;000000;4665.71;4665.71;4665.71;4665.71;42284905044.75;0
MCFTR;D;20190909;000000;4647.49;4647.49;4647.49;4647.49;30105613161.7;0
MCFTR;D;20190910;000000;4648.98;4648.98;4648.98;4648.98;46262429643.75;0
MCFTR;D;20190911;000000;4698.23;4698.23;4698.23;4698.23;48054463894.85;0
MCFTR;D;20190912;000000;4669.77;4669.77;4669.77;4669.77;56544628523.6;0
MCFTR;D;20190913;000000;4656.02;4656.02;4656.02;4656.02;41055464668.55;0
MCFTR;D;20190916;000000;4729.04;4729.04;4729.04;4729.04;65049241158.35;0
MCFTR;D;20190917;000000;4706.58;4706.58;4706.58;4706.58;62146876444.55;0
MCFTR;D;20190918;000000;4702.81;4702.81;4702.81;4702.81;37671896359.45;0
MCFTR;D;20190919;000000;4663.05;4663.05;4663.05;4663.05;49313606752.6;0
MCFTR;D;20190920;000000;4665.79;4665.79;4665.79;4665.79;50615777793.9;0
MCFTR;D;20190923;000000;4647.52;4647.52;4647.52;4647.52;33696918509.95;0
MCFTR;D;20190924;000000;4595.91;4595.91;4595.91;4595.91;40017599718.1;0
MCFTR;D;20190925;000000;4605.52;4605.52;4605.52;4605.52;39059148416.3;0
MCFTR;D;20190926;000000;4639.69;4639.69;4639.69;4639.69;37187282318;0
MCFTR;D;20190927;000000;4615.06;4615.06;4615.06;4615.06;23497415581.65;0
MCFTR;D;20190930;000000;4596.98;4596.98;4596.98;4596.98;34819037706.05;0
MCFTR;D;20191001;000000;4616.48;4616.48;4616.48;4616.48;38375450605.3;0
MCFTR;D;20191002;000000;4550.48;4550.48;4550.48;4550.48;43551257886.9;0
MCFTR;D;20191003;000000;4530.53;4530.53;4530.53;4530.53;43344823776.55;0
MCFTR;D;20191004;000000;4521.34;4521.34;4521.34;4521.34;33691774672.8;0
MCFTR;D;20191007;000000;4566.12;4566.12;4566.12;4566.12;33400560149.25;0
MCFTR;D;20191008;000000;4547.1;4547.1;4547.1;4547.1;32965289155.1;0
MCFTR;D;20191009;000000;4561.41;4561.41;4561.41;4561.41;35757950333.9;0
MCFTR;D;20191010;000000;4583.34;4583.34;4583.34;4583.34;31666614030.05;0
MCFTR;D;20191011;000000;4568.18;4568.18;4568.18;4568.18;48699135960.85;0
MCFTR;D;20191014;000000;4551.56;4551.56;4551.56;4551.56;36494400352.75;0
MCFTR;D;20191015;000000;4581.59;4581.59;4581.59;4581.59;42315247370.3;0
MCFTR;D;20191016;000000;4630.68;4630.68;4630.68;4630.68;56833890000;0
MCFTR;D;20191017;000000;4637.92;4637.92;4637.92;4637.92;44967643665.75;0
MCFTR;D;20191018;000000;4645.12;4645.12;4645.12;4645.12;37356608769.05;0
MCFTR;D;20191021;000000;4659.03;4659.03;4659.03;4659.03;43161679601.35;0
MCFTR;D;20191022;000000;4728.34;4728.34;4728.34;4728.34;55307841354.55;0
MCFTR;D;20191023;000000;4760.99;4760.99;4760.99;4760.99;61075225027.05;0
MCFTR;D;20191024;000000;4854.59;4854.59;4854.59;4854.59;75485794925.1;0
MCFTR;D;20191025;000000;4848.45;4848.45;4848.45;4848.45;76453278579.3;0
MCFTR;D;20191028;000000;4820.61;4820.61;4820.61;4820.61;72388336294.55;0
MCFTR;D;20191029;000000;4870.5;4870.5;4870.5;4870.5;69916634558.8;0
MCFTR;D;20191030;000000;4912.13;4912.13;4912.13;4912.13;73012112380.15;0
MCFTR;D;20191031;000000;4883.16;4883.16;4883.16;4883.16;74972930699.3;0
MCFTR;D;20191101;000000;4944.61;4944.61;4944.61;4944.61;55876937524.05;0
MCFTR;D;20191105;000000;4976.92;4976.92;4976.92;4976.92;58231346074.65;0
MCFTR;D;20191106;000000;5029.72;5029.72;5029.72;5029.72;55687574350.5;0
MCFTR;D;20191107;000000;5076.46;5076.46;5076.46;5076.46;66187325116.45;0
MCFTR;D;20191108;000000;5016.81;5016.81;5016.81;5016.81;51139297569.95;0
MCFTR;D;20191111;000000;4997.02;4997.02;4997.02;4997.02;52265140823.7;0
MCFTR;D;20191112;000000;4979.64;4979.64;4979.64;4979.64;62686619719.1;0
MCFTR;D;20191113;000000;4950.5;4950.5;4950.5;4950.5;57048154024.75;0
MCFTR;D;20191114;000000;4931.2;4931.2;4931.2;4931.2;73661854886.7;0
MCFTR;D;20191115;000000;4952.07;4952.07;4952.07;4952.07;56573349968.45;0
MCFTR;D;20191118;000000;4934.62;4934.62;4934.62;4934.62;57563015706.7;0
MCFTR;D;20191119;000000;4963.66;4963.66;4963.66;4963.66;52625366957.65;0
MCFTR;D;20191120;000000;4954.85;4954.85;4954.85;4954.85;80771811290;0
MCFTR;D;20191121;000000;4965.2;4965.2;4965.2;4965.2;85052547946.1;0
MCFTR;D;20191122;000000;4973.77;4973.77;4973.77;4973.77;55892162748.9;0
MCFTR;D;20191125;000000;4986.66;4986.66;4986.66;4986.66;39224030391.1;0
MCFTR;D;20191126;000000;4944.98;4944.98;4944.98;4944.98;87286376988.4;0
MCFTR;D;20191127;000000;4942.33;4942.33;4942.33;4942.33;41768925555.25;0
MCFTR;D;20191128;000000;4939.84;4939.84;4939.84;4939.84;32904617964.9;0
MCFTR;D;20191129;000000;4953;4953;4953;4953;44118054573.15;0
MCFTR;D;20191202;000000;4931.03;4931.03;4931.03;4931.03;56256810739.65;0
MCFTR;D;20191203;000000;4867.39;4867.39;4867.39;4867.39;56001063840.45;0
MCFTR;D;20191204;000000;4896.39;4896.39;4896.39;4896.39;46424481795.15;0
MCFTR;D;20191205;000000;4894.08;4894.08;4894.08;4894.08;44862391519.9;0
MCFTR;D;20191206;000000;4943.83;4943.83;4943.83;4943.83;43574389618.45;0
MCFTR;D;20191209;000000;4971.29;4971.29;4971.29;4971.29;41565182999.05;0
MCFTR;D;20191210;000000;4949.97;4949.97;4949.97;4949.97;43930405456.35;0
MCFTR;D;20191211;000000;4987.11;4987.11;4987.11;4987.11;48852896932.25;0
MCFTR;D;20191212;000000;5035.63;5035.63;5035.63;5035.63;76267420499.55;0
MCFTR;D;20191213;000000;5059.31;5059.31;5059.31;5059.31;58151037394.55;0
MCFTR;D;20191216;000000;5075.95;5075.95;5075.95;5075.95;48141089732.4;0
MCFTR;D;20191217;000000;5087.99;5087.99;5087.99;5087.99;52427814010.7;0
MCFTR;D;20191218;000000;5105.94;5105.94;5105.94;5105.94;60333709715.5;0
MCFTR;D;20191219;000000;5101.91;5101.91;5101.91;5101.91;67070380927.8;0
MCFTR;D;20191220;000000;5114.7;5114.7;5114.7;5114.7;63707969117.2;0
MCFTR;D;20191223;000000;5145.02;5145.02;5145.02;5145.02;45691999313.6;0
MCFTR;D;20191224;000000;5139.56;5139.56;5139.56;5139.56;33010395704.1;0
MCFTR;D;20191225;000000;5139.98;5139.98;5139.98;5139.98;18412033286.1;0
MCFTR;D;20191226;000000;5152.13;5152.13;5152.13;5152.13;23000825028.1;0
MCFTR;D;20191227;000000;5192.05;5192.05;5192.05;5192.05;37019368139.75;0
MCFTR;D;20191230;000000;5184.22;5184.22;5184.22;5184.22;37177853871.15;0
MCFTR;D;20200103;000000;5236.14;5236.14;5236.14;5236.14;44508670839;0
MCFTR;D;20200106;000000;5240.39;5240.39;5240.39;5240.39;39130289766.85;0
MCFTR;D;20200108;000000;5295.09;5295.09;5295.09;5295.09;53007480525.4;0
MCFTR;D;20200109;000000;5308.75;5308.75;5308.75;5308.75;58694873429.25;0
MCFTR;D;20200110;000000;5319.14;5319.14;5319.14;5319.14;44984451737.4;0
MCFTR;D;20200113;000000;5366.87;5366.87;5366.87;5366.87;53874666810.45;0
MCFTR;D;20200114;000000;5330.84;5330.84;5330.84;5330.84;75868217158.2;0
MCFTR;D;20200115;000000;5335.71;5335.71;5335.71;5335.71;76126625593.45;0
MCFTR;D;20200116;000000;5377.61;5377.61;5377.61;5377.61;69679297963.75;0
MCFTR;D;20200117;000000;5445.14;5445.14;5445.14;5445.14;78643628646.45;0
MCFTR;D;20200120;000000;5484.39;5484.39;5484.39;5484.39;62359861660.05;0
MCFTR;D;20200121;000000;5466.16;5466.16;5466.16;5466.16;65071326468.8;0
MCFTR;D;20200122;000000;5407.23;5407.23;5407.23;5407.23;79502683838;0
MCFTR;D;20200123;000000;5350.31;5350.31;5350.31;5350.31;80959193888.9;0
MCFTR;D;20200124;000000;5358.82;5358.82;5358.82;5358.82;60467395349.8;0
MCFTR;D;20200127;000000;5254.85;5254.85;5254.85;5254.85;89131669907.1;0
MCFTR;D;20200128;000000;5302.44;5302.44;5302.44;5302.44;75008595222.1;0
MCFTR;D;20200129;000000;5329.18;5329.18;5329.18;5329.18;66029373167.7;0
MCFTR;D;20200130;000000;5294.74;5294.74;5294.74;5294.74;66661508185.85;0
MCFTR;D;20200131;000000;5245.6;5245.6;5245.6;5245.6;81958944501.1;0
MCFTR;D;20200203;000000;5236.38;5236.38;5236.38;5236.38;83477701053.6;0
MCFTR;D;20200204;000000;5282.01;5282.01;5282.01;5282.01;83817081711.8;0
MCFTR;D;20200205;000000;5310.4;5310.4;5310.4;5310.4;89542515839.95;0
MCFTR;D;20200206;000000;5280.44;5280.44;5280.44;5280.44;68274902779.6;0
MCFTR;D;20200207;000000;5265.01;5265.01;5265.01;5265.01;72646728795.65;0
MCFTR;D;20200210;000000;5222.01;5222.01;5222.01;5222.01;66051446947.9;0
MCFTR;D;20200211;000000;5281.98;5281.98;5281.98;5281.98;91556273983;0
MCFTR;D;20200212;000000;5324.08;5324.08;5324.08;5324.08;83872830883.3;0
MCFTR;D;20200213;000000;5304.43;5304.43;5304.43;5304.43;63560227880.1;0
MCFTR;D;20200214;000000;5281.97;5281.97;5281.97;5281.97;51397252517.1;0
MCFTR;D;20200217;000000;5304.45;5304.45;5304.45;5304.45;36147422394.85;0
MCFTR;D;20200218;000000;5243.03;5243.03;5243.03;5243.03;57353551341.95;0
MCFTR;D;20200219;000000;5312.14;5312.14;5312.14;5312.14;55406709715.5;0
MCFTR;D;20200220;000000;5330.1;5330.1;5330.1;5330.1;56336963229.25;0
MCFTR;D;20200221;000000;5297.57;5297.57;5297.57;5297.57;47793664891.55;0
MCFTR;D;20200225;000000;5121.3;5121.3;5121.3;5121.3;86905007828.85;0
MCFTR;D;20200226;000000;5146.44;5146.44;5146.44;5146.44;107095974265.05;0
MCFTR;D;20200227;000000;4973.19;4973.19;4973.19;4973.19;102823638356.8;0
MCFTR;D;20200228;000000;4750.17;4750.17;4750.17;4750.17;184649721742.85;0
MCFTR;D;20200302;000000;4717.23;4717.23;4717.23;4717.23;144560659499.8;0
MCFTR;D;20200303;000000;4812.06;4812.06;4812.06;4812.06;106771162096.3;0
MCFTR;D;20200304;000000;4823.39;4823.39;4823.39;4823.39;82510191731.55;0
MCFTR;D;20200305;000000;4804.1;4804.1;4804.1;4804.1;80567170588.4;0
MCFTR;D;20200306;000000;4638.33;4638.33;4638.33;4638.33;139178454930.05;0
MCFTR;D;20200310;000000;4262.13;4262.13;4262.13;4262.13;248732636475.1;0
MCFTR;D;20200311;000000;4251.8;4251.8;4251.8;4251.8;141024833348.55;0
MCFTR;D;20200312;000000;3899.63;3899.63;3899.63;3899.63;173022073297.95;0
MCFTR;D;20200313;000000;3950.76;3950.76;3950.76;3950.76;184469011804.9;0
MCFTR;D;20200316;000000;3866.37;3866.37;3866.37;3866.37;140704172457.1;0
MCFTR;D;20200317;000000;3794.46;3794.46;3794.46;3794.46;133391091136.45;0
MCFTR;D;20200318;000000;3603.27;3603.27;3603.27;3603.27;128603185153;0
MCFTR;D;20200319;000000;3881.38;3881.38;3881.38;3881.38;160372894970.45;0
MCFTR;D;20200320;000000;3981.23;3981.23;3981.23;3981.23;180698187232.15;0
MCFTR;D;20200323;000000;3847.6;3847.6;3847.6;3847.6;128506565949.8;0
MCFTR;D;20200324;000000;4125.28;4125.28;4125.28;4125.28;126199238952.85;0
MCFTR;D;20200325;000000;4187.98;4187.98;4187.98;4187.98;170179806338.7;0
MCFTR;D;20200326;000000;4252.34;4252.34;4252.34;4252.34;109485216806.35;0
MCFTR;D;20200327;000000;4100.58;4100.58;4100.58;4100.58;95057170139.45;0
MCFTR;D;20200330;000000;4155.64;4155.64;4155.64;4155.64;83128100470.5;0
MCFTR;D;20200331;000000;4284.51;4284.51;4284.51;4284.51;113755974999.95;0
MCFTR;D;20200401;000000;4224.4;4224.4;4224.4;4224.4;80256140704.05;0
MCFTR;D;20200402;000000;4347.94;4347.94;4347.94;4347.94;134240120328.2;0
MCFTR;D;20200403;000000;4392.82;4392.82;4392.82;4392.82;117108960827.65;0
MCFTR;D;20200406;000000;4478.82;4478.82;4478.82;4478.82;89823141209.15;0
MCFTR;D;20200407;000000;4499.57;4499.57;4499.57;4499.57;120867694591.7;0
MCFTR;D;20200408;000000;4559.99;4559.99;4559.99;4559.99;83665607709.85;0
MCFTR;D;20200409;000000;4614.04;4614.04;4614.04;4614.04;117023415633.95;0
MCFTR;D;20200410;000000;4573.21;4573.21;4573.21;4573.21;36513692244.25;0
MCFTR;D;20200413;000000;4489.51;4489.51;4489.51;4489.51;47643715824.8;0
MCFTR;D;20200414;000000;4494.6;4494.6;4494.6;4494.6;82460437951.65;0
MCFTR;D;20200415;000000;4267.65;4267.65;4267.65;4267.65;99986258141.1;0
MCFTR;D;20200416;000000;4295.17;4295.17;4295.17;4295.17;106189551974.8;0
MCFTR;D;20200417;000000;4329.19;4329.19;4329.19;4329.19;70173608170.45;0
MCFTR;D;20200420;000000;4313.82;4313.82;4313.82;4313.82;67663196241.95;0
MCFTR;D;20200421;000000;4249.01;4249.01;4249.01;4249.01;109197014999.85;0
MCFTR;D;20200422;000000;4394.83;4394.83;4394.83;4394.83;97655302076.45;0
MCFTR;D;20200423;000000;4439.24;4439.24;4439.24;4439.24;82087755064.4;0
MCFTR;D;20200424;000000;4375.4;4375.4;4375.4;4375.4;64998483149.75;0
MCFTR;D;20200427;000000;4390.56;4390.56;4390.56;4390.56;53714781404.5;0
MCFTR;D;20200428;000000;4461.15;4461.15;4461.15;4461.15;91839443562.7;0
MCFTR;D;20200429;000000;4548.07;4548.07;4548.07;4548.07;85375068625.65;0
MCFTR;D;20200430;000000;4526.59;4526.59;4526.59;4526.59;103074636333.95;0
MCFTR;D;20200504;000000;4482.32;4482.32;4482.32;4482.32;60831813471.1;0
MCFTR;D;20200505;000000;4531.63;4531.63;4531.63;4531.63;50831285173.8;0
MCFTR;D;20200506;000000;4495.06;4495.06;4495.06;4495.06;67297608616.8;0
MCFTR;D;20200507;000000;4505.16;4505.16;4505.16;4505.16;70256546512.8;0
MCFTR;D;20200508;000000;4518.62;4518.62;4518.62;4518.62;52781422323.25;0
MCFTR;D;20200512;000000;4519.46;4519.46;4519.46;4519.46;69766236611.65;0
MCFTR;D;20200513;000000;4456.06;4456.06;4456.06;4456.06;65122067941.5;0
MCFTR;D;20200514;000000;4435.78;4435.78;4435.78;4435.78;75036648672.85;0
MCFTR;D;20200515;000000;4441.95;4441.95;4441.95;4441.95;69719413922;0
MCFTR;D;20200518;000000;4613.77;4613.77;4613.77;4613.77;90270188688.3;0
MCFTR;D;20200519;000000;4643.69;4643.69;4643.69;4643.69;90468989581.05;0
MCFTR;D;20200520;000000;4744.84;4744.84;4744.84;4744.84;101166454637.9;0
MCFTR;D;20200521;000000;4655.59;4655.59;4655.59;4655.59;99060517646.55;0
MCFTR;D;20200522;000000;4649.45;4649.45;4649.45;4649.45;64772612461.45;0
MCFTR;D;20200525;000000;4732.76;4732.76;4732.76;4732.76;37287726909.1;0
MCFTR;D;20200526;000000;4726.09;4726.09;4726.09;4726.09;80629535591.55;0
MCFTR;D;20200527;000000;4703.74;4703.74;4703.74;4703.74;99161791168.5;0
MCFTR;D;20200528;000000;4777.2;4777.2;4777.2;4777.2;82839073065.7;0
MCFTR;D;20200529;000000;4702.49;4702.49;4702.49;4702.49;150217266594.5;0
MCFTR;D;20200601;000000;4729.23;4729.23;4729.23;4729.23;75200963162.1;0
MCFTR;D;20200602;000000;4808.8;4808.8;4808.8;4808.8;94796949530.4;0
MCFTR;D;20200603;000000;4868.24;4868.24;4868.24;4868.24;121680253623;0
MCFTR;D;20200604;000000;4756.78;4756.78;4756.78;4756.78;130632296663.2;0
MCFTR;D;20200605;000000;4802.32;4802.32;4802.32;4802.32;100284833455.05;0
MCFTR;D;20200608;000000;4809.95;4809.95;4809.95;4809.95;96892863097.15;0
MCFTR;D;20200609;000000;4809.26;4809.26;4809.26;4809.26;78686730146.35;0
MCFTR;D;20200610;000000;4790.82;4790.82;4790.82;4790.82;89454120662.3;0
MCFTR;D;20200611;000000;4728.61;4728.61;4728.61;4728.61;94517987303.55;0
MCFTR;D;20200615;000000;4689.8;4689.8;4689.8;4689.8;86497601731.8;0
MCFTR;D;20200616;000000;4741.38;4741.38;4741.38;4741.38;81225105647.3;0
MCFTR;D;20200617;000000;4727.23;4727.23;4727.23;4727.23;69771427039.8;0
MCFTR;D;20200618;000000;4704.88;4704.88;4704.88;4704.88;77604681776.9;0
MCFTR;D;20200619;000000;4764.63;4764.63;4764.63;4764.63;89037583759.35;0
MCFTR;D;20200622;000000;4772.61;4772.61;4772.61;4772.61;59988625046.3;0
MCFTR;D;20200623;000000;4822.15;4822.15;4822.15;4822.15;60354831771.15;0
MCFTR;D;20200625;000000;4768.23;4768.23;4768.23;4768.23;77705987110.75;0
MCFTR;D;20200626;000000;4769.94;4769.94;4769.94;4769.94;57008606028.85;0
MCFTR;D;20200629;000000;4780.72;4780.72;4780.72;4780.72;56287025266.5;0
MCFTR;D;20200630;000000;4737.97;4737.97;4737.97;4737.97;61943509212.7;0
MCFTR;D;20200702;000000;4816.72;4816.72;4816.72;4816.72;62424581353.25;0
MCFTR;D;20200703;000000;4839.97;4839.97;4839.97;4839.97;40610098890.25;0
MCFTR;D;20200706;000000;4897.88;4897.88;4897.88;4897.88;73695447847.65;0
MCFTR;D;20200707;000000;4880.65;4880.65;4880.65;4880.65;61989347407.4;0
MCFTR;D;20200708;000000;4871.95;4871.95;4871.95;4871.95;56770187936.25;0
MCFTR;D;20200709;000000;4854.13;4854.13;4854.13;4854.13;64509467616;0
MCFTR;D;20200710;000000;4890.62;4890.62;4890.62;4890.62;52675376381.7;0
MCFTR;D;20200713;000000;4830.99;4830.99;4830.99;4830.99;59062967790.8;0
MCFTR;D;20200714;000000;4792.14;4792.14;4792.14;4792.14;78664022705.85;0
MCFTR;D;20200715;000000;4852.77;4852.77;4852.77;4852.77;66876997192.5;0
MCFTR;D;20200716;000000;4874.14;4874.14;4874.14;4874.14;43145441365.55;0
MCFTR;D;20200717;000000;4904.91;4904.91;4904.91;4904.91;41113383417;0
MCFTR;D;20200720;000000;4953.43;4953.43;4953.43;4953.43;50915459756.85;0
MCFTR;D;20200721;000000;4994.92;4994.92;4994.92;4994.92;81672920482.1;0
MCFTR;D;20200722;000000;5010.72;5010.72;5010.72;5010.72;55532469269.9;0
MCFTR;D;20200723;000000;5041.02;5041.02;5041.02;5041.02;55384618689.05;0
MCFTR;D;20200724;000000;5061.05;5061.05;5061.05;5061.05;59473274345.95;0
MCFTR;D;20200727;000000;5099.51;5099.51;5099.51;5099.51;65271567734.05;0
MCFTR;D;20200728;000000;5118.2;5118.2;5118.2;5118.2;60720735494.15;0
MCFTR;D;20200729;000000;5158.8;5158.8;5158.8;5158.8;65283344648.7;0
MCFTR;D;20200730;000000;5095.54;5095.54;5095.54;5095.54;58998044298.8;0
MCFTR;D;20200731;000000;5146.69;5146.69;5146.69;5146.69;61904395534.55;0
MCFTR;D;20200803;000000;5179.22;5179.22;5179.22;5179.22;61064409540.7;0
MCFTR;D;20200804;000000;5197.76;5197.76;5197.76;5197.76;53379189529.85;0
MCFTR;D;20200805;000000;5290.25;5290.25;5290.25;5290.25;88713978904.15;0
MCFTR;D;20200806;000000;5282.68;5282.68;5282.68;5282.68;58301984562.25;0
MCFTR;D;20200807;000000;5254.13;5254.13;5254.13;5254.13;56258864420.2;0
MCFTR;D;20200810;000000;5233.68;5233.68;5233.68;5233.68;48019499659.65;0
MCFTR;D;20200811;000000;5312.96;5312.96;5312.96;5312.96;93734815374.7;0
MCFTR;D;20200812;000000;5398.44;5398.44;5398.44;5398.44;89279363513.7;0
MCFTR;D;20200813;000000;5445.2;5445.2;5445.2;5445.2;91764463491.45;0
MCFTR;D;20200814;000000;5412.59;5412.59;5412.59;5412.59;62096882708.5;0
MCFTR;D;20200817;000000;5395.74;5395.74;5395.74;5395.74;82525600190.3;0
MCFTR;D;20200818;000000;5392.63;5392.63;5392.63;5392.63;58562508471;0
MCFTR;D;20200819;000000;5402.95;5402.95;5402.95;5402.95;55321489952.65;0
MCFTR;D;20200820;000000;5294.05;5294.05;5294.05;5294.05;90101841898.7;0
MCFTR;D;20200821;000000;5297.45;5297.45;5297.45;5297.45;89980771052.25;0
MCFTR;D;20200824;000000;5357.24;5357.24;5357.24;5357.24;56090322436.65;0
MCFTR;D;20200825;000000;5356.59;5356.59;5356.59;5356.59;57974269706.9;0
MCFTR;D;20200826;000000;5397.12;5397.12;5397.12;5397.12;74241762707.65;0
MCFTR;D;20200827;000000;5329.32;5329.32;5329.32;5329.32;66131754149.5;0
MCFTR;D;20200828;000000;5272.98;5272.98;5272.98;5272.98;60139550849.6;0
MCFTR;D;20200831;000000;5248.26;5248.26;5248.26;5248.26;184001931133.2;0
MCFTR;D;20200901;000000;5263.83;5263.83;5263.83;5263.83;81890923133.55;0
MCFTR;D;20200902;000000;5231.1;5231.1;5231.1;5231.1;94988586744.5;0
MCFTR;D;20200903;000000;5190.22;5190.22;5190.22;5190.22;82989442207;0
MCFTR;D;20200904;000000;5171.87;5171.87;5171.87;5171.87;69997849774.1;0
MCFTR;D;20200907;000000;5191.95;5191.95;5191.95;5191.95;53483774598.95;0
MCFTR;D;20200908;000000;5114.93;5114.93;5114.93;5114.93;82332639045.6;0
MCFTR;D;20200909;000000;5092.41;5092.41;5092.41;5092.41;64443700494.95;0
MCFTR;D;20200910;000000;5130.44;5130.44;5130.44;5130.44;65787625355.25;0
MCFTR;D;20200911;000000;5153.39;5153.39;5153.39;5153.39;58206856278.1;0
MCFTR;D;20200914;000000;5185.03;5185.03;5185.03;5185.03;62169731197.1;0
MCFTR;D;20200915;000000;5277.46;5277.46;5277.46;5277.46;74748355784.35;0
MCFTR;D;20200916;000000;5267.6;5267.6;5267.6;5267.6;73285008183.05;0
MCFTR;D;20200917;000000;5261.81;5261.81;5261.81;5261.81;85774277598.25;0
MCFTR;D;20200918;000000;5226.48;5226.48;5226.48;5226.48;87835262045.45;0
MCFTR;D;20200921;000000;5070.72;5070.72;5070.72;5070.72;84915278078.25;0
MCFTR;D;20200922;000000;5107.89;5107.89;5107.89;5107.89;72694032936.9;0
MCFTR;D;20200923;000000;5164.07;5164.07;5164.07;5164.07;144057907965.55;0
MCFTR;D;20200924;000000;5157.64;5157.64;5157.64;5157.64;87868199396.45;0
MCFTR;D;20200925;000000;5129.44;5129.44;5129.44;5129.44;75662859146.4;0
MCFTR;D;20200928;000000;5184.06;5184.06;5184.06;5184.06;69770125370.35;0
MCFTR;D;20200929;000000;5153.87;5153.87;5153.87;5153.87;80159930228.7;0
MCFTR;D;20200930;000000;5146.23;5146.23;5146.23;5146.23;66808053460.3;0
MCFTR;D;20201001;000000;5117.88;5117.88;5117.88;5117.88;74033823737.95;0
MCFTR;D;20201002;000000;5118.58;5118.58;5118.58;5118.58;78844415007.95;0
MCFTR;D;20201005;000000;5171.62;5171.62;5171.62;5171.62;63509160152.45;0
MCFTR;D;20201006;000000;5191.38;5191.38;5191.38;5191.38;73021330700.7;0
MCFTR;D;20201007;000000;5100.92;5100.92;5100.92;5100.92;67235083005.8;0
MCFTR;D;20201008;000000;5108.83;5108.83;5108.83;5108.83;55803931185.45;0
MCFTR;D;20201009;000000;5098.04;5098.04;5098.04;5098.04;67564085234.35;0
MCFTR;D;20201012;000000;5119.72;5119.72;5119.72;5119.72;58718697811.45;0
MCFTR;D;20201013;000000;5089.3;5089.3;5089.3;5089.3;56828024719.1;0
MCFTR;D;20201014;000000;5138;5138;5138;5138;54266740541.85;0
MCFTR;D;20201015;000000;5068.22;5068.22;5068.22;5068.22;65315267334.85;0
MCFTR;D;20201016;000000;5036.28;5036.28;5036.28;5036.28;71062651943.55;0
MCFTR;D;20201019;000000;5031.83;5031.83;5031.83;5031.83;48808418102.15;0
MCFTR;D;20201020;000000;5047.66;5047.66;5047.66;5047.66;70200100871.6;0
MCFTR;D;20201021;000000;5017.36;5017.36;5017.36;5017.36;65964265507.3;0
MCFTR;D;20201022;000000;5047.86;5047.86;5047.86;5047.86;61193148610.4;0
MCFTR;D;20201023;000000;5072.23;5072.23;5072.23;5072.23;58028372135.3;0
MCFTR;D;20201026;000000;5016.2;5016.2;5016.2;5016.2;52620022209;0
MCFTR;D;20201027;000000;4975.58;4975.58;4975.58;4975.58;61439709363.35;0
MCFTR;D;20201028;000000;4850.3;4850.3;4850.3;4850.3;91471007602.15;0
MCFTR;D;20201029;000000;4878.35;4878.35;4878.35;4878.35;74274727007;0
MCFTR;D;20201030;000000;4845.13;4845.13;4845.13;4845.13;68437052454.5;0
MCFTR;D;20201102;000000;4929.68;4929.68;4929.68;4929.68;72875417363.5;0
MCFTR;D;20201103;000000;5017.7;5017.7;5017.7;5017.7;78312915395.25;0
MCFTR;D;20201105;000000;5152.7;5152.7;5152.7;5152.7;105069609556.45;0
MCFTR;D;20201106;000000;5214.34;5214.34;5214.34;5214.34;80259567503.35;0
MCFTR;D;20201109;000000;5380.25;5380.25;5380.25;5380.25;186353431932.75;0
MCFTR;D;20201110;000000;5399.8;5399.8;5399.8;5399.8;150181333966.75;0
MCFTR;D;20201111;000000;5429.37;5429.37;5429.37;5429.37;156869536674.85;0
MCFTR;D;20201112;000000;5448.82;5448.82;5448.82;5448.82;111975264055;0
MCFTR;D;20201113;000000;5447.71;5447.71;5447.71;5447.71;94224471417;0
MCFTR;D;20201116;000000;5545.9;5545.9;5545.9;5545.9;113283218697;0
MCFTR;D;20201117;000000;5496.34;5496.34;5496.34;5496.34;97674208168;0
MCFTR;D;20201118;000000;5547.59;5547.59;5547.59;5547.59;86727373043;0
MCFTR;D;20201119;000000;5486.02;5486.02;5486.02;5486.02;80762899508;0
MCFTR;D;20201120;000000;5494.21;5494.21;5494.21;5494.21;57988784104;0
MCFTR;D;20201123;000000;5487.04;5487.04;5487.04;5487.04;88701529705;0
MCFTR;D;20201124;000000;5574.88;5574.88;5574.88;5574.88;99309900631;0
MCFTR;D;20201125;000000;5645.29;5645.29;5645.29;5645.29;130621429282;0
MCFTR;D;20201126;000000;5652.67;5652.67;5652.67;5652.67;86383319472;0
MCFTR;D;20201127;000000;5659.98;5659.98;5659.98;5659.98;91399209173;0
MCFTR;D;20201130;000000;5596.76;5596.76;5596.76;5596.76;171332953446;0
MCFTR;D;20201201;000000;5669.46;5669.46;5669.46;5669.46;108340358403;0
MCFTR;D;20201202;000000;5744.78;5744.78;5744.78;5744.78;95013134818;0
MCFTR;D;20201203;000000;5696.26;5696.26;5696.26;5696.26;95248241611;0
MCFTR;D;20201204;000000;5735.97;5735.97;5735.97;5735.97;94619323457;0
MCFTR;D;20201207;000000;5756.97;5756.97;5756.97;5756.97;87929965629;0
MCFTR;D;20201208;000000;5729.1;5729.1;5729.1;5729.1;93457900406;0
MCFTR;D;20201209;000000;5786.85;5786.85;5786.85;5786.85;96209964569;0
MCFTR;D;20201210;000000;5870.91;5870.91;5870.91;5870.91;103146721322;0
MCFTR;D;20201211;000000;5903.83;5903.83;5903.83;5903.83;108363996836;0
MCFTR;D;20201214;000000;5864.64;5864.64;5864.64;5864.64;124904221498;0
MCFTR;D;20201215;000000;5852.53;5852.53;5852.53;5852.53;92774124749;0
MCFTR;D;20201216;000000;5891.88;5891.88;5891.88;5891.88;94473026613;0
MCFTR;D;20201217;000000;5923.83;5923.83;5923.83;5923.83;138460059946;0
MCFTR;D;20201218;000000;5907.73;5907.73;5907.73;5907.73;126067219801;0
MCFTR;D;20201221;000000;5750.06;5750.06;5750.06;5750.06;136046900276;0
MCFTR;D;20201222;000000;5840.43;5840.43;5840.43;5840.43;99024380373;0
MCFTR;D;20201223;000000;5880.6;5880.6;5880.6;5880.6;65587978118;0
MCFTR;D;20201224;000000;5854.5;5854.5;5854.5;5854.5;50862689335;0
MCFTR;D;20201225;000000;5872.95;5872.95;5872.95;5872.95;23675136499;0
MCFTR;D;20201228;000000;5898.35;5898.35;5898.35;5898.35;52251311930;0
MCFTR;D;20201229;000000;5926.8;5926.8;5926.8;5926.8;62131340742;0
MCFTR;D;20201230;000000;5952.77;5952.77;5952.77;5952.77;67285518995;0
MCFTR;D;20210104;000000;6064.06;6064.06;6064.06;6064.06;67093681090;0
MCFTR;D;20210105;000000;6079.7;6079.7;6079.7;6079.7;71710994049;0
MCFTR;D;20210106;000000;6107.53;6107.53;6107.53;6107.53;71553905212;0
MCFTR;D;20210108;000000;6259.34;6259.34;6259.34;6259.34;132434752804;0
MCFTR;D;20210111;000000;6309.45;6309.45;6309.45;6309.45;143441353710;0
MCFTR;D;20210112;000000;6289.83;6289.83;6289.83;6289.83;104322534891;0
MCFTR;D;20210113;000000;6288.84;6288.84;6288.84;6288.84;99725344424;0
MCFTR;D;20210114;000000;6326.15;6326.15;6326.15;6326.15;108639638902;0
MCFTR;D;20210115;000000;6253.84;6253.84;6253.84;6253.84;105079082079;0
MCFTR;D;20210118;000000;6291.84;6291.84;6291.84;6291.84;92215198583;0
MCFTR;D;20210119;000000;6239.85;6239.85;6239.85;6239.85;86583175739;0
MCFTR;D;20210120;000000;6282.56;6282.56;6282.56;6282.56;75838819691;0
MCFTR;D;20210121;000000;6202.59;6202.59;6202.59;6202.59;115045172508;0
MCFTR;D;20210122;000000;6130.55;6130.55;6130.55;6130.55;110859393079;0
MCFTR;D;20210125;000000;6156.94;6156.94;6156.94;6156.94;106784377566;0
MCFTR;D;20210126;000000;6144.76;6144.76;6144.76;6144.76;80437475906;0
MCFTR;D;20210127;000000;6059.33;6059.33;6059.33;6059.33;105631872756;0
MCFTR;D;20210128;000000;6056.41;6056.41;6056.41;6056.41;91973044238;0
MCFTR;D;20210129;000000;5938.74;5938.74;5938.74;5938.74;112935260022;0
MCFTR;D;20210201;000000;5964.22;5964.22;5964.22;5964.22;86122706728;0
MCFTR;D;20210202;000000;6089.46;6089.46;6089.46;6089.46;98580029755;0
MCFTR;D;20210203;000000;6059.03;6059.03;6059.03;6059.03;79761245018;0
MCFTR;D;20210204;000000;6110.75;6110.75;6110.75;6110.75;88229578856;0
MCFTR;D;20210205;000000;6148.32;6148.32;6148.32;6148.32;86804855059;0
MCFTR;D;20210208;000000;6244.67;6244.67;6244.67;6244.67;79785810723;0
MCFTR;D;20210209;000000;6210.17;6210.17;6210.17;6210.17;100702940724;0
MCFTR;D;20210210;000000;6160.88;6160.88;6160.88;6160.88;89037660873;0
MCFTR;D;20210211;000000;6187.45;6187.45;6187.45;6187.45;56607291783;0
MCFTR;D;20210212;000000;6210.57;6210.57;6210.57;6210.57;85129048058;0
MCFTR;D;20210215;000000;6309.92;6309.92;6309.92;6309.92;78998704270;0
MCFTR;D;20210216;000000;6334.13;6334.13;6334.13;6334.13;88810131053;0
MCFTR;D;20210217;000000;6228.19;6228.19;6228.19;6228.19;105869112931;0
MCFTR;D;20210218;000000;6161.81;6161.81;6161.81;6161.81;90065627835;0
MCFTR;D;20210219;000000;6266.03;6266.03;6266.03;6266.03;93483271837;0
MCFTR;D;20210220;000000;6245.44;6245.44;6245.44;6245.44;25230472370;0
MCFTR;D;20210222;000000;6222.99;6222.99;6222.99;6222.99;88674216215;0
MCFTR;D;20210224;000000;6135.19;6135.19;6135.19;6135.19;110326391927;0
MCFTR;D;20210225;000000;6179.19;6179.19;6179.19;6179.19;132148859432;0
MCFTR;D;20210226;000000;6064.8;6064.8;6064.8;6064.8;153731608758;0
MCFTR;D;20210301;000000;6136.42;6136.42;6136.42;6136.42;74138183617;0
MCFTR;D;20210302;000000;6179.8;6179.8;6179.8;6179.8;85498826551;0
MCFTR;D;20210303;000000;6190.56;6190.56;6190.56;6190.56;91848107109;0
MCFTR;D;20210304;000000;6157.07;6157.07;6157.07;6157.07;104056803813;0
MCFTR;D;20210305;000000;6187.1;6187.1;6187.1;6187.1;136468332364;0
MCFTR;D;20210309;000000;6304.15;6304.15;6304.15;6304.15;137686299800;0
MCFTR;D;20210310;000000;6275.77;6275.77;6275.77;6275.77;102155248983;0
MCFTR;D;20210311;000000;6358.13;6358.13;6358.13;6358.13;82115022084;0
MCFTR;D;20210312;000000;6414.29;6414.29;6414.29;6414.29;78991515659;0
MCFTR;D;20210315;000000;6495.82;6495.82;6495.82;6495.82;110256167510;0
MCFTR;D;20210316;000000;6505.5;6505.5;6505.5;6505.5;125380172145;0
MCFTR;D;20210317;000000;6357.04;6357.04;6357.04;6357.04;126497527501;0
MCFTR;D;20210318;000000;6351.49;6351.49;6351.49;6351.49;117001874171;0
MCFTR;D;20210319;000000;6297.87;6297.87;6297.87;6297.87;124778841081;0
MCFTR;D;20210322;000000;6322.9;6322.9;6322.9;6322.9;73851518605;0
MCFTR;D;20210323;000000;6283.29;6283.29;6283.29;6283.29;87430721638;0
MCFTR;D;20210324;000000;0;0;0;6316.13;86806771000;0
MCFTR;D;20210325;000000;0;0;0;6233.44;69459954152;0
MCFTR;D;20210326;000000;0;0;0;6325.02;80675663826;0
MCFTR;D;20210329;000000;0;0;0;6396.61;90510224682;0
MCFTR;D;20210330;000000;0;0;0;6389.18;76179696139;0
MCFTR;D;20210331;000000;0;0;0;6419.07;98941460490;0
MCFTR;D;20210401;000000;0;0;0;6393.37;96277987518;0
MCFTR;D;20210402;000000;0;0;0;6448.97;32885328427;0
MCFTR;D;20210405;000000;0;0;0;6388.63;52579560176;0
MCFTR;D;20210406;000000;6332.37;6332.37;6332.37;6332.37;90276005255;0
MCFTR;D;20210407;000000;6344.06;6344.06;6344.06;6344.06;94587513134;0
MCFTR;D;20210408;000000;6357.63;6357.63;6357.63;6357.63;72390795351;0
MCFTR;D;20210409;000000;6318.12;6318.12;6318.12;6318.12;86079441023;0
MCFTR;D;20210412;000000;6384.49;6384.49;6384.49;6384.49;95464149564;0
MCFTR;D;20210413;000000;6391.11;6391.11;6391.11;6391.11;93476716867;0
MCFTR;D;20210414;000000;6482.8;6482.8;6482.8;6482.8;113422393830;0
MCFTR;D;20210415;000000;6467.61;6467.61;6467.61;6467.61;103232436189;0
MCFTR;D;20210416;000000;6521.86;6521.86;6521.86;6521.86;86208141006;0
MCFTR;D;20210419;000000;6477.71;6477.71;6477.71;6477.71;84959213075;0
MCFTR;D;20210420;000000;6438.44;6438.44;6438.44;6438.44;99968888091;0
MCFTR;D;20210421;000000;6455.31;6455.31;6455.31;6455.31;85557872992;0
MCFTR;D;20210422;000000;6525.32;6525.32;6525.32;6525.32;112120023985;0
MCFTR;D;20210423;000000;6519.56;6519.56;6519.56;6519.56;81841661387;0
MCFTR;D;20210426;000000;6544.84;6544.84;6544.84;6544.84;84659198329;0
MCFTR;D;20210427;000000;6526.03;6526.03;6526.03;6526.03;114232854191;0
MCFTR;D;20210428;000000;6486.3;6486.3;6486.3;6486.3;104667723228;0
MCFTR;D;20210429;000000;6473.48;6473.48;6473.48;6473.48;103753786864;0
MCFTR;D;20210430;000000;6424.44;6424.44;6424.44;6424.44;85654009031;0
MCFTR;D;20210504;000000;6484.64;6484.64;6484.64;6484.64;92511927675;0
MCFTR;D;20210505;000000;6604.92;6604.92;6604.92;6604.92;79266629022;0
MCFTR;D;20210506;000000;6645.21;6645.21;6645.21;6645.21;87644361280;0
MCFTR;D;20210507;000000;6689.57;6689.57;6689.57;6689.57;81287010811;0
MCFTR;D;20210510;000000;6715.4;6715.4;6715.4;6715.4;82476455369;0
MCFTR;D;20210511;000000;6701.33;6701.33;6701.33;6701.33;97049760618;0
MCFTR;D;20210512;000000;6705.17;6705.17;6705.17;6705.17;91395999824;0
MCFTR;D;20210513;000000;6679.31;6679.31;6679.31;6679.31;97311745040;0
MCFTR;D;20210514;000000;6681.67;6681.67;6681.67;6681.67;61305539004;0
MCFTR;D;20210517;000000;6685.36;6685.36;6685.36;6685.36;76269706037;0
MCFTR;D;20210518;000000;6774.17;6774.17;6774.17;6774.17;108492807578;0
MCFTR;D;20210519;000000;6676.45;6676.45;6676.45;6676.45;137223683092;0
MCFTR;D;20210520;000000;6679.02;6679.02;6679.02;6679.02;93329635886;0
MCFTR;D;20210521;000000;6723.69;6723.69;6723.69;6723.69;78365511377;0
MCFTR;D;20210524;000000;6727.42;6727.42;6727.42;6727.42;55412253821;0
MCFTR;D;20210525;000000;6771.96;6771.96;6771.96;6771.96;69715298747;0
MCFTR;D;20210526;000000;6816.58;6816.58;6816.58;6816.58;86660786222;0
MCFTR;D;20210527;000000;6871.78;6871.78;6871.78;6871.78;163534631236;0
MCFTR;D;20210528;000000;6856.84;6856.84;6856.84;6856.84;75279510926;0
MCFTR;D;20210531;000000;6865.79;6865.79;6865.79;6865.79;55081037798;0
MCFTR;D;20210601;000000;6945.04;6945.04;6945.04;6945.04;93755834720;0
MCFTR;D;20210602;000000;7042.98;7042.98;7042.98;7042.98;92463458037;0
MCFTR;D;20210603;000000;7020.42;7020.42;7020.42;7020.42;97452196814;0
MCFTR;D;20210604;000000;7028.83;7028.83;7028.83;7028.83;89289333314;0
MCFTR;D;20210607;000000;7056.12;7056.12;7056.12;7056.12;66620804083;0
MCFTR;D;20210608;000000;7028.83;7028.83;7028.83;7028.83;84537949127;0
MCFTR;D;20210609;000000;7095.36;7095.36;7095.36;7095.36;75613562246;0
MCFTR;D;20210610;000000;7066.62;7066.62;7066.62;7066.62;84305538003;0
MCFTR;D;20210611;000000;7092.13;7092.13;7092.13;7092.13;73994128938;0
MCFTR;D;20210614;000000;7126.56;7126.56;7126.56;7126.56;55332376886;0
MCFTR;D;20210615;000000;7056.81;7056.81;7056.81;7056.81;77810858589;0
MCFTR;D;20210616;000000;7072.01;7072.01;7072.01;7072.01;87739291994;0
MCFTR;D;20210617;000000;7052.44;7052.44;7052.44;7052.44;108708622716;0
MCFTR;D;20210618;000000;7022.67;7022.67;7022.67;7022.67;127180981245;0
MCFTR;D;20210621;000000;7042.06;7042.06;7042.06;7042.06;72870441906;0
MCFTR;D;20210622;000000;7060.77;7060.77;7060.77;7060.77;67061505032;0
MCFTR;D;20210623;000000;7089.35;7089.35;7089.35;7089.35;77190432690;0
MCFTR;D;20210624;000000;7069.72;7069.72;7069.72;7069.72;110460587390;0
MCFTR;D;20210625;000000;7085.25;7085.25;7085.25;7085.25;69987116988;0
MCFTR;D;20210628;000000;7073.66;7073.66;7073.66;7073.66;61043496522;0
MCFTR;D;20210629;000000;7009.46;7009.46;7009.46;7009.46;84796447638;0
MCFTR;D;20210630;000000;7103.76;7103.76;7103.76;7103.76;98002395859;0
MCFTR;D;20210701;000000;7142.87;7142.87;7142.87;7142.87;98483239818;0
MCFTR;D;20210702;000000;7183.59;7183.59;7183.59;7183.59;66820391887;0
MCFTR;D;20210705;000000;7215.5;7215.5;7215.5;7215.5;50382340942;0
MCFTR;D;20210706;000000;7218.68;7218.68;7218.68;7218.68;111033565230;0
MCFTR;D;20210707;000000;7246.85;7246.85;7246.85;7246.85;89803193731;0
MCFTR;D;20210708;000000;7190.67;7190.67;7190.67;7190.67;88768751211;0
MCFTR;D;20210709;000000;7181.66;7181.66;7181.66;7181.66;76011293294;0
MCFTR;D;20210712;000000;7219.47;7219.47;7219.47;7219.47;58737031149;0
MCFTR;D;20210713;000000;7222.12;7222.12;7222.12;7222.12;73159146863;0
MCFTR;D;20210714;000000;7191.07;7191.07;7191.07;7191.07;82709546882;0
MCFTR;D;20210715;000000;7130.94;7130.94;7130.94;7130.94;69165663212;0
MCFTR;D;20210716;000000;7076.93;7076.93;7076.93;7076.93;72672621647;0
MCFTR;D;20210719;000000;6949.09;6949.09;6949.09;6949.09;88866349490;0
MCFTR;D;20210720;000000;6969.75;6969.75;6969.75;6969.75;71086005310;0
MCFTR;D;20210721;000000;7004.67;7004.67;7004.67;7004.67;53977402257;0
MCFTR;D;20210722;000000;7063.9;7063.9;7063.9;7063.9;60629507725;0
MCFTR;D;20210723;000000;7026.46;7026.46;7026.46;7026.46;49008386332;0
MCFTR;D;20210726;000000;7055.74;7055.74;7055.74;7055.74;52333050736;0
MCFTR;D;20210727;000000;7023.75;7023.75;7023.75;7023.75;68376142711;0
MCFTR;D;20210728;000000;7116.28;7116.28;7116.28;7116.28;60838587326;0
MCFTR;D;20210729;000000;7157.77;7157.77;7157.77;7157.77;75911263382;0
MCFTR;D;20210730;000000;7096.15;7096.15;7096.15;7096.15;90714782995;0
MCFTR;D;20210802;000000;7127.23;7127.23;7127.23;7127.23;63568488656;0
MCFTR;D;20210803;000000;7137.75;7137.75;7137.75;7137.75;60205613120;0
MCFTR;D;20210804;000000;7169.6;7169.6;7169.6;7169.6;58934778898;0
MCFTR;D;20210805;000000;7213.12;7213.12;7213.12;7213.12;64431355869;0
MCFTR;D;20210806;000000;7159.7;7159.7;7159.7;7159.7;83823391728;0
MCFTR;D;20210809;000000;7215.67;7215.67;7215.67;7215.67;94542100859;0
MCFTR;D;20210810;000000;7266.86;7266.86;7266.86;7266.86;71194663679;0
MCFTR;D;20210811;000000;7295.18;7295.18;7295.18;7295.18;65112502619;0
MCFTR;D;20210812;000000;7316.8;7316.8;7316.8;7316.8;59184376043;0
MCFTR;D;20210813;000000;7286.96;7286.96;7286.96;7286.96;49620530131;0
MCFTR;D;20210816;000000;7328.94;7328.94;7328.94;7328.94;62358099274;0
MCFTR;D;20210817;000000;7418.69;7418.69;7418.69;7418.69;78394276600;0
MCFTR;D;20210818;000000;7385.12;7385.12;7385.12;7385.12;65480315301;0
MCFTR;D;20210819;000000;7251.18;7251.18;7251.18;7251.18;95662105225;0
MCFTR;D;20210820;000000;7211.14;7211.14;7211.14;7211.14;64119270847;0
MCFTR;D;20210823;000000;7305.8;7305.8;7305.8;7305.8;55589524436;0
MCFTR;D;20210824;000000;7316.83;7316.83;7316.83;7316.83;71334087139;0
MCFTR;D;20210825;000000;7312.63;7312.63;7312.63;7312.63;56155029998;0
MCFTR;D;20210826;000000;7246.65;7246.65;7246.65;7246.65;61590628304;0
MCFTR;D;20210827;000000;7314.03;7314.03;7314.03;7314.03;61783542911;0
MCFTR;D;20210830;000000;7391.4;7391.4;7391.4;7391.4;67446081979;0
MCFTR;D;20210831;000000;7373.45;7373.45;7373.45;7373.45;115647758200;0
MCFTR;D;20210901;000000;7477.14;7477.14;7477.14;7477.14;98412261501;0
MCFTR;D;20210902;000000;7514.33;7514.33;7514.33;7514.33;94274825823;0
MCFTR;D;20210903;000000;7534.91;7534.91;7534.91;7534.91;87629536801;0
MCFTR;D;20210906;000000;7592.07;7592.07;7592.07;7592.07;78571648905;0
MCFTR;D;20210907;000000;7557.98;7557.98;7557.98;7557.98;80078184505;0
MCFTR;D;20210908;000000;7571.57;7571.57;7571.57;7571.57;98532007451;0
MCFTR;D;20210909;000000;7530.77;7530.77;7530.77;7530.77;79557622969;0
MCFTR;D;20210910;000000;7547.93;7547.93;7547.93;7547.93;67590838829;0
MCFTR;D;20210913;000000;7620.53;7620.53;7620.53;7620.53;81016232551;0
MCFTR;D;20210914;000000;7647.95;7647.95;7647.95;7647.95;117401062883;0
MCFTR;D;20210915;000000;7666.49;7666.49;7666.49;7666.49;129568724330;0
MCFTR;D;20210916;000000;7627.96;7627.96;7627.96;7627.96;136856756424;0
MCFTR;D;20210917;000000;7609.23;7609.23;7609.23;7609.23;124909677800;0
MCFTR;D;20210920;000000;7485.6;7485.6;7485.6;7485.6;92085044172;0
MCFTR;D;20210921;000000;7487.24;7487.24;7487.24;7487.24;92214953002;0
MCFTR;D;20210922;000000;7601.33;7601.33;7601.33;7601.33;85372030664;0
MCFTR;D;20210923;000000;7644.16;7644.16;7644.16;7644.16;96904756772;0
MCFTR;D;20210924;000000;7620.73;7620.73;7620.73;7620.73;86381720252;0
MCFTR;D;20210927;000000;7701.86;7701.86;7701.86;7701.86;103910795699;0
MCFTR;D;20210928;000000;7672.12;7672.12;7672.12;7672.12;133626866079;0
MCFTR;D;20210929;000000;7658.74;7658.74;7658.74;7658.74;94140192504;0
MCFTR;D;20210930;000000;7743.94;7743.94;7743.94;7743.94;129440384892;0
MCFTR;D;20211001;000000;7712.75;7712.75;7712.75;7712.75;85128234008;0
MCFTR;D;20211004;000000;7761.31;7761.31;7761.31;7761.31;142384475401;0
MCFTR;D;20211005;000000;7971.03;7971.03;7971.03;7971.03;177813511098;0
MCFTR;D;20211006;000000;7872.63;7872.63;7872.63;7872.63;208291876828;0
MCFTR;D;20211007;000000;7978.9;7978.9;7978.9;7978.9;159874103047;0
MCFTR;D;20211008;000000;8015.13;8015.13;8015.13;8015.13;107924959924;0
MCFTR;D;20211011;000000;8102.9;8102.9;8102.9;8102.9;126899011890;0
MCFTR;D;20211012;000000;8072.48;8072.48;8072.48;8072.48;99809910341;0
MCFTR;D;20211013;000000;8034.84;8034.84;8034.84;8034.84;131936472577;0
MCFTR;D;20211014;000000;8063.64;8063.64;8063.64;8063.64;107015544366;0
MCFTR;D;20211015;000000;8068.73;8068.73;8068.73;8068.73;92757071555;0
MCFTR;D;20211018;000000;8051.49;8051.49;8051.49;8051.49;98272153326;0
MCFTR;D;20211019;000000;8104.42;8104.42;8104.42;8104.42;102934505606;0
MCFTR;D;20211020;000000;8125.76;8125.76;8125.76;8125.76;91015507757;0
MCFTR;D;20211021;000000;7995.2;7995.2;7995.2;7995.2;86312921392;0
MCFTR;D;20211022;000000;7954.13;7954.13;7954.13;7954.13;79878934010;0
MCFTR;D;20211025;000000;8064.09;8064.09;8064.09;8064.09;95223433987;0
MCFTR;D;20211026;000000;8027.87;8027.87;8027.87;8027.87;93012518406;0
MCFTR;D;20211027;000000;8015.85;8015.85;8015.85;8015.85;87202963680;0
MCFTR;D;20211028;000000;7940.29;7940.29;7940.29;7940.29;130756337337;0
MCFTR;D;20211029;000000;7865.13;7865.13;7865.13;7865.13;107371106550;0
MCFTR;D;20211101;000000;8000.62;8000.62;8000.62;8000.62;83402868004;0
MCFTR;D;20211102;000000;7974.16;7974.16;7974.16;7974.16;78823670164;0
MCFTR;D;20211103;000000;7931.21;7931.21;7931.21;7931.21;64830197053;0
MCFTR;D;20211105;000000;7912.05;7912.05;7912.05;7912.05;69017784259;0
MCFTR;D;20211108;000000;7994.51;7994.51;7994.51;7994.51;80074909301;0
MCFTR;D;20211109;000000;7935.87;7935.87;7935.87;7935.87;82342208663;0
MCFTR;D;20211110;000000;7907.71;7907.71;7907.71;7907.71;79885971158;0
MCFTR;D;20211111;000000;7939.7;7939.7;7939.7;7939.7;104213190059;0
MCFTR;D;20211112;000000;7811.41;7811.41;7811.41;7811.41;202974410215;0
MCFTR;D;20211115;000000;7836.96;7836.96;7836.96;7836.96;123199367611;0
MCFTR;D;20211116;000000;7808.3;7808.3;7808.3;7808.3;116749503287;0
MCFTR;D;20211117;000000;7863.26;7863.26;7863.26;7863.26;93689634129;0
MCFTR;D;20211118;000000;7758.7;7758.7;7758.7;7758.7;108382578658;0
MCFTR;D;20211119;000000;7612.05;7612.05;7612.05;7612.05;152044239880;0
MCFTR;D;20211122;000000;7339.71;7339.71;7339.71;7339.71;202865754776;0
MCFTR;D;20211123;000000;7505.65;7505.65;7505.65;7505.65;203786232211;0
MCFTR;D;20211124;000000;7487.13;7487.13;7487.13;7487.13;134657476863;0
MCFTR;D;20211125;000000;7481.94;7481.94;7481.94;7481.94;74003722641;0
MCFTR;D;20211126;000000;7222.6;7222.6;7222.6;7222.6;145273329033;0
MCFTR;D;20211129;000000;7352.54;7352.54;7352.54;7352.54;131361143871;0
MCFTR;D;20211130;000000;7373.48;7373.48;7373.48;7373.48;200010161425;0
MCFTR;D;20211201;000000;7503.68;7503.68;7503.68;7503.68;120071257009;0
MCFTR;D;20211202;000000;7481.41;7481.41;7481.41;7481.41;110063608139;0
MCFTR;D;20211203;000000;7416.06;7416.06;7416.06;7416.06;83094846930;0
MCFTR;D;20211206;000000;7227.26;7227.26;7227.26;7227.26;102529435368;0
MCFTR;D;20211207;000000;7346.95;7346.95;7346.95;7346.95;132364499544;0
MCFTR;D;20211208;000000;7158.04;7158.04;7158.04;7158.04;166025457924;0
MCFTR;D;20211209;000000;7233.31;7233.31;7233.31;7233.31;114903233857;0
MCFTR;D;20211210;000000;7132.66;7132.66;7132.66;7132.66;83629719565;0
MCFTR;D;20211213;000000;6869.44;6869.44;6869.44;6869.44;153224823102;0
MCFTR;D;20211214;000000;6871.49;6871.49;6871.49;6871.49;196796878197;0
MCFTR;D;20211215;000000;6876.1;6876.1;6876.1;6876.1;113103962524;0
MCFTR;D;20211216;000000;7123.24;7123.24;7123.24;7123.24;154883887653;0
MCFTR;D;20211217;000000;7074.7;7074.7;7074.7;7074.7;133059943505;0
MCFTR;D;20211220;000000;7015.12;7015.12;7015.12;7015.12;101714727100;0
MCFTR;D;20211221;000000;7060.95;7060.95;7060.95;7060.95;90333403301;0
MCFTR;D;20211222;000000;7163.68;7163.68;7163.68;7163.68;94984749101;0
MCFTR;D;20211223;000000;7084.12;7084.12;7084.12;7084.12;80636867508;0
MCFTR;D;20211224;000000;7080.52;7080.52;7080.52;7080.52;50544902607;0
MCFTR;D;20211227;000000;7153.01;7153.01;7153.01;7153.01;53733904857;0
MCFTR;D;20211228;000000;7223.63;7223.63;7223.63;7223.63;70913079099;0
MCFTR;D;20211229;000000;7161.62;7161.62;7161.62;7161.62;66527022373;0
MCFTR;D;20211230;000000;7250.04;7250.04;7250.04;7250.04;64554327568;0
MCFTR;D;20220103;000000;7374.93;7374.93;7374.93;7374.93;59392956533;0
MCFTR;D;20220104;000000;7415.11;7415.11;7415.11;7415.11;72025216123;0
MCFTR;D;20220105;000000;7303.24;7303.24;7303.24;7303.24;64585352071;0
MCFTR;D;20220106;000000;7188.27;7188.27;7188.27;7188.27;100421869421;0
MCFTR;D;20220110;000000;7160.29;7160.29;7160.29;7160.29;93131685278;0
MCFTR;D;20220111;000000;7249.56;7249.56;7249.56;7249.56;85346823720;0
MCFTR;D;20220112;000000;7337.4;7337.4;7337.4;7337.4;106245881937;0
MCFTR;D;20220113;000000;7071;7071;7071;7071;185673024498;0
MCFTR;D;20220114;000000;6921.39;6921.39;6921.39;6921.39;265449392847;0
MCFTR;D;20220117;000000;6850.91;6850.91;6850.91;6850.91;173024018928;0
MCFTR;D;20220118;000000;6405.63;6405.63;6405.63;6405.63;317196939169;0
MCFTR;D;20220119;000000;6613.22;6613.22;6613.22;6613.22;308014548046;0
MCFTR;D;20220120;000000;6765.62;6765.62;6765.62;6765.62;217195745166;0
MCFTR;D;20220121;000000;6618.64;6618.64;6618.64;6618.64;203051065655;0
MCFTR;D;20220124;000000;6226.11;6226.11;6226.11;6226.11;274933169905;0
MCFTR;D;20220125;000000;6271.26;6271.26;6271.26;6271.26;181895895635;0
MCFTR;D;20220126;000000;6461.63;6461.63;6461.63;6461.63;170915551988;0
MCFTR;D;20220127;000000;6650.75;6650.75;6650.75;6650.75;250879437578;0
MCFTR;D;20220128;000000;6713.62;6713.62;6713.62;6713.62;168975702484;0
MCFTR;D;20220131;000000;6794.02;6794.02;6794.02;6794.02;132084402600;0
MCFTR;D;20220201;000000;6828.26;6828.26;6828.26;6828.26;132199346756;0
MCFTR;D;20220202;000000;6819.85;6819.85;6819.85;6819.85;119827998933;0
MCFTR;D;20220203;000000;6680.1;6680.1;6680.1;6680.1;115218730541;0
MCFTR;D;20220204;000000;6679.77;6679.77;6679.77;6679.77;134200685694;0
MCFTR;D;20220207;000000;6679.33;6679.33;6679.33;6679.33;82185547881;0
MCFTR;D;20220208;000000;6834.96;6834.96;6834.96;6834.96;128569954877;0
MCFTR;D;20220209;000000;7002.93;7002.93;7002.93;7002.93;159458344922;0
MCFTR;D;20220210;000000;7035.32;7035.32;7035.32;7035.32;151394144529;0
MCFTR;D;20220211;000000;6825.29;6825.29;6825.29;6825.29;152986048995;0
MCFTR;D;20220214;000000;6699.74;6699.74;6699.74;6699.74;232828417403;0
MCFTR;D;20220215;000000;6928.58;6928.58;6928.58;6928.58;205269237171;0
MCFTR;D;20220216;000000;7017.34;7017.34;7017.34;7017.34;173472526966;0
MCFTR;D;20220217;000000;6756.9;6756.9;6756.9;6756.9;200554077251;0
MCFTR;D;20220218;000000;6530.26;6530.26;6530.26;6530.26;195129879563;0
MCFTR;D;20220221;000000;5844.33;5844.33;5844.33;5844.33;505462162222;0
MCFTR;D;20220222;000000;5936.43;5936.43;5936.43;5936.43;484757638635;0
MCFTR;D;20220224;000000;3960.75;3960.75;3960.75;3960.75;256858639315;0
MCFTR;D;20220225;000000;4754.32;4754.32;4754.32;4754.32;189470322213;0
MCFTR;D;20220325;000000;4780.59;4780.59;4780.59;4780.59;49486964769;0
MCFTR;D;20220328;000000;4677.77;4677.77;4677.77;4677.77;26236593861;0
MCFTR;D;20220329;000000;4635.03;4635.03;4635.03;4635.03;59397542922;0
MCFTR;D;20220330;000000;4836.21;4836.21;4836.21;4836.21;40005391390;0
MCFTR;D;20220331;000000;5202.78;5202.78;5202.78;5202.78;80319575616;0
MCFTR;D;20220401;000000;5310.8;5310.8;5310.8;5310.8;78270291954;0
MCFTR;D;20220404;000000;5364.78;5364.78;5364.78;5364.78;68060135650;0
MCFTR;D;20220405;000000;5124.42;5124.42;5124.42;5124.42;68758240189;0
MCFTR;D;20220406;000000;5025.58;5025.58;5025.58;5025.58;45716747170;0
MCFTR;D;20220407;000000;5071.69;5071.69;5071.69;5071.69;33781534055;0
MCFTR;D;20220408;000000;4989.57;4989.57;4989.57;4989.57;31028932654;0
MCFTR;D;20220411;000000;4921.14;4921.14;4921.14;4921.14;26863754530;0
MCFTR;D;20220412;000000;4890.02;4890.02;4890.02;4890.02;33221029204;0
MCFTR;D;20220413;000000;4865.83;4865.83;4865.83;4865.83;19083679913;0
MCFTR;D;20220414;000000;4627.79;4627.79;4627.79;4627.79;24380108776;0
MCFTR;D;20220415;000000;4666.78;4666.78;4666.78;4666.78;24603264871;0
MCFTR;D;20220418;000000;4508.28;4508.28;4508.28;4508.28;23310896760;0
MCFTR;D;20220419;000000;4459.84;4459.84;4459.84;4459.84;35629439256;0
MCFTR;D;20220420;000000;4485.38;4485.38;4485.38;4485.38;34688950456;0
MCFTR;D;20220421;000000;4370.53;4370.53;4370.53;4370.53;28408660162;0
MCFTR;D;20220422;000000;4295.82;4295.82;4295.82;4295.82;32343119812;0
MCFTR;D;20220425;000000;4207.28;4207.28;4207.28;4207.28;22607062947;0
MCFTR;D;20220426;000000;4461.77;4461.77;4461.77;4461.77;43017411981;0
MCFTR;D;20220427;000000;4665.42;4665.42;4665.42;4665.42;49012872283;0
MCFTR;D;20220428;000000;4587.25;4587.25;4587.25;4587.25;61058919895;0
MCFTR;D;20220429;000000;4705.62;4705.62;4705.62;4705.62;41436404738;0
MCFTR;D;20220504;000000;4577.9;4577.9;4577.9;4577.9;26029617958;0
MCFTR;D;20220505;000000;4638.93;4638.93;4638.93;4638.93;17389702885;0
MCFTR;D;20220506;000000;4616.23;4616.23;4616.23;4616.23;18042000362;0
MCFTR;D;20220511;000000;4604.87;4604.87;4604.87;4604.87;18837894883;0
MCFTR;D;20220512;000000;4432.7;4432.7;4432.7;4432.7;22812198441;0
MCFTR;D;20220513;000000;4451.24;4451.24;4451.24;4451.24;15654554398;0
MCFTR;D;20220516;000000;4561.39;4561.39;4561.39;4561.39;25914935527;0
MCFTR;D;20220517;000000;4676.17;4676.17;4676.17;4676.17;35236034596;0
MCFTR;D;20220518;000000;4717.07;4717.07;4717.07;4717.07;42274629852;0
MCFTR;D;20220519;000000;4700.23;4700.23;4700.23;4700.23;23303897314;0
MCFTR;D;20220520;000000;4578.1;4578.1;4578.1;4578.1;26202745242;0
MCFTR;D;20220523;000000;4440.35;4440.35;4440.35;4440.35;25353968232;0
MCFTR;D;20220524;000000;4424.47;4424.47;4424.47;4424.47;34546864561;0
MCFTR;D;20220525;000000;4514.29;4514.29;4514.29;4514.29;28685933047;0
MCFTR;D;20220526;000000;4654.88;4654.88;4654.88;4654.88;64444736279;0
MCFTR;D;20220527;000000;4644.33;4644.33;4644.33;4644.33;34975271424;0
MCFTR;D;20220530;000000;4630.44;4630.44;4630.44;4630.44;27512908063;0
MCFTR;D;20220531;000000;4544.33;4544.33;4544.33;4544.33;20692205465;0
MCFTR;D;20220601;000000;4580.69;4580.69;4580.69;4580.69;23216777406;0
MCFTR;D;20220602;000000;4514.27;4514.27;4514.27;4514.27;25967007705;0
MCFTR;D;20220603;000000;4452.27;4452.27;4452.27;4452.27;36691428263;0
MCFTR;D;20220606;000000;4402.37;4402.37;4402.37;4402.37;23575628214;0
MCFTR;D;20220607;000000;4420.62;4420.62;4420.62;4420.62;24711290560;0
MCFTR;D;20220608;000000;4473.15;4473.15;4473.15;4473.15;34005686727;0
MCFTR;D;20220609;000000;4428.37;4428.37;4428.37;4428.37;24865542029;0
MCFTR;D;20220610;000000;4412.02;4412.02;4412.02;4412.02;22223908852;0
MCFTR;D;20220614;000000;4420.19;4420.19;4420.19;4420.19;30669119595;0
MCFTR;D;20220615;000000;4476.58;4476.58;4476.58;4476.58;31678176859;0
MCFTR;D;20220616;000000;4574.63;4574.63;4574.63;4574.63;35302791111;0
MCFTR;D;20220617;000000;4544.19;4544.19;4544.19;4544.19;21904221668;0
MCFTR;D;20220620;000000;4641.52;4641.52;4641.52;4641.52;34285247437;0
MCFTR;D;20220621;000000;4553.51;4553.51;4553.51;4553.51;47638315903;0
MCFTR;D;20220622;000000;4581.91;4581.91;4581.91;4581.91;43417904106;0
MCFTR;D;20220623;000000;4641.79;4641.79;4641.79;4641.79;48850800980;0
MCFTR;D;20220624;000000;4616.64;4616.64;4616.64;4616.64;32545837915;0
MCFTR;D;20220627;000000;4665.96;4665.96;4665.96;4665.96;32355972027;0
MCFTR;D;20220628;000000;4649.92;4649.92;4649.92;4649.92;43707233265;0
MCFTR;D;20220629;000000;4591.62;4591.62;4591.62;4591.62;39699077674;0
MCFTR;D;20220630;000000;4256.3;4256.3;4256.3;4256.3;112712384216.9;0
MCFTR;D;20220701;000000;4259.7;4259.7;4259.7;4259.7;51706511774.9;0
MCFTR;D;20220704;000000;4255.94;4255.94;4255.94;4255.94;39025784884.65;0
MCFTR;D;20220705;000000;4298.37;4298.37;4298.37;4298.37;46917603887.65;0
MCFTR;D;20220706;000000;4289.18;4289.18;4289.18;4289.18;42030318167.35;0
MCFTR;D;20220707;000000;4306.16;4306.16;4306.16;4306.16;29779918346.8;0
MCFTR;D;20220708;000000;4309.3;4309.3;4309.3;4309.3;22404447211.4;0
MCFTR;D;20220711;000000;4204.21;4204.21;4204.21;4204.21;30424271677.8;0
MCFTR;D;20220712;000000;4148.66;4148.66;4148.66;4148.66;33458868465.65;0
MCFTR;D;20220713;000000;4031.83;4031.83;4031.83;4031.83;28992855951.55;0
MCFTR;D;20220714;000000;4011.65;4011.65;4011.65;4011.65;25927908701.5;0
MCFTR;D;20220715;000000;4101.52;4101.52;4101.52;4101.52;24180602393.25;0
MCFTR;D;20220718;000000;4076.05;4076.05;4076.05;4076.05;21323881776.8;0
MCFTR;D;20220719;000000;4045.12;4045.12;4045.12;4045.12;23004610338.55;0
MCFTR;D;20220720;000000;4052.85;4052.85;4052.85;4052.85;25182119101.75;0
MCFTR;D;20220721;000000;4010.67;4010.67;4010.67;4010.67;27162716773.85;0
MCFTR;D;20220722;000000;4094.86;4094.86;4094.86;4094.86;24272476943.15;0
MCFTR;D;20220725;000000;4157.76;4157.76;4157.76;4157.76;28351314131.4;0
MCFTR;D;20220726;000000;4281.69;4281.69;4281.69;4281.69;35324587836.75;0
MCFTR;D;20220727;000000;4289.11;4289.11;4289.11;4289.11;35568624253.65;0
MCFTR;D;20220728;000000;4275.32;4275.32;4275.32;4275.32;27632179178.4;0
MCFTR;D;20220729;000000;4323.46;4323.46;4323.46;4323.46;25886690603.45;0
MCFTR;D;20220801;000000;4257.61;4257.61;4257.61;4257.61;34423779174.35;0
MCFTR;D;20220802;000000;4174.04;4174.04;4174.04;4174.04;27914278332.05;0
MCFTR;D;20220803;000000;4147.91;4147.91;4147.91;4147.91;26449883090.05;0
MCFTR;D;20220804;000000;4133.58;4133.58;4133.58;4133.58;22594862837.6;0
MCFTR;D;20220805;000000;4011.93;4011.93;4011.93;4011.93;36874314128.85;0
MCFTR;D;20220808;000000;4078.55;4078.55;4078.55;4078.55;27924176471.55;0
MCFTR;D;20220809;000000;4173.07;4173.07;4173.07;4173.07;26431314966.3;0
MCFTR;D;20220810;000000;4201.78;4201.78;4201.78;4201.78;27194863629.45;0
MCFTR;D;20220811;000000;4165.87;4165.87;4165.87;4165.87;29583573202.9;0
MCFTR;D;20220812;000000;4193.64;4193.64;4193.64;4193.64;21718566668.55;0
MCFTR;D;20220815;000000;4228.38;4228.38;4228.38;4228.38;22639885747.8;0
MCFTR;D;20220816;000000;4312.77;4312.77;4312.77;4312.77;27547482467.65;0
MCFTR;D;20220817;000000;4274.16;4274.16;4274.16;4274.16;28031808792.3;0
MCFTR;D;20220818;000000;4285.39;4285.39;4285.39;4285.39;19293588498.15;0
MCFTR;D;20220819;000000;4287.05;4287.05;4287.05;4287.05;19380590930.2;0
MCFTR;D;20220822;000000;4351.4;4351.4;4351.4;4351.4;25478090146.55;0
MCFTR;D;20220823;000000;4413.84;4413.84;4413.84;4413.84;34167923073.9;0
MCFTR;D;20220824;000000;4390.68;4390.68;4390.68;4390.68;25211293918.35;0
MCFTR;D;20220825;000000;4387.01;4387.01;4387.01;4387.01;24487294443.55;0
MCFTR;D;20220826;000000;4431.05;4431.05;4431.05;4431.05;18051564449.45;0
MCFTR;D;20220829;000000;4484.64;4484.64;4484.64;4484.64;26880489296.25;0
MCFTR;D;20220830;000000;4504.74;4504.74;4504.74;4504.74;50550921071.3;0
MCFTR;D;20220831;000000;4687.26;4687.26;4687.26;4687.26;102136552775.55;0
MCFTR;D;20220901;000000;4776.49;4776.49;4776.49;4776.49;56992336461.55;0
MCFTR;D;20220902;000000;4826.64;4826.64;4826.64;4826.64;63579147654.35;0
MCFTR;D;20220905;000000;4859.82;4859.82;4859.82;4859.82;45685735670.35;0
MCFTR;D;20220906;000000;4736.57;4736.57;4736.57;4736.57;64403078065.35;0
MCFTR;D;20220907;000000;4690.17;4690.17;4690.17;4690.17;39183921359.65;0
MCFTR;D;20220908;000000;4668.1;4668.1;4668.1;4668.1;33722794765.45;0
MCFTR;D;20220909;000000;4738;4738;4738;4738;30026659925.9;0
MCFTR;D;20220912;000000;4784.07;4784.07;4784.07;4784.07;35740888613.15;0
MCFTR;D;20220913;000000;4778.68;4778.68;4778.68;4778.68;28825213667.6;0
MCFTR;D;20220914;000000;4757.2;4757.2;4757.2;4757.2;34390158477.8;0
MCFTR;D;20220915;000000;4778.1;4778.1;4778.1;4778.1;35982254564.4;0
MCFTR;D;20220916;000000;4755.82;4755.82;4755.82;4755.82;39556443400.3;0
MCFTR;D;20220919;000000;4746.76;4746.76;4746.76;4746.76;26089124163.1;0
MCFTR;D;20220920;000000;4327.13;4327.13;4327.13;4327.13;128647576445.4;0
MCFTR;D;20220921;000000;4161.21;4161.21;4161.21;4161.21;79143617866.05;0
MCFTR;D;20220922;000000;4278.7;4278.7;4278.7;4278.7;69447770288.8;0
MCFTR;D;20220923;000000;4081.45;4081.45;4081.45;4081.45;56633145265.45;0
MCFTR;D;20220926;000000;3775.77;3775.77;3775.77;3775.77;85669841859.2;0
MCFTR;D;20220927;000000;3815.04;3815.04;3815.04;3815.04;52656113619.5;0
MCFTR;D;20220928;000000;3835.35;3835.35;3835.35;3835.35;49270453422.3;0
MCFTR;D;20220929;000000;3815.64;3815.64;3815.64;3815.64;42281651650.9;0
MCFTR;D;20220930;000000;3832.96;3832.96;3832.96;3832.96;100124286989.9;0
MCFTR;D;20221003;000000;3998.73;3998.73;3998.73;3998.73;44257545026.7;0
MCFTR;D;20221004;000000;4007.46;4007.46;4007.46;4007.46;46366353260.7;0
MCFTR;D;20221005;000000;3975.07;3975.07;3975.07;3975.07;53461971146.1;0
MCFTR;D;20221006;000000;3968.25;3968.25;3968.25;3968.25;35091173555.05;0
MCFTR;D;20221007;000000;3819.23;3819.23;3819.23;3819.23;41355184462.6;0
MCFTR;D;20221010;000000;3917.47;3917.47;3917.47;3917.47;56385754466.1;0
MCFTR;D;20221011;000000;3983.87;3983.87;3983.87;3983.87;31814724761.25;0
MCFTR;D;20221012;000000;3988.35;3988.35;3988.35;3988.35;27544147227.5;0
MCFTR;D;20221013;000000;3995.6;3995.6;3995.6;3995.6;25239455241.2;0
MCFTR;D;20221014;000000;3986.98;3986.98;3986.98;3986.98;23793882193.25;0
MCFTR;D;20221017;000000;4113.42;4113.42;4113.42;4113.42;32246002624.9;0
MCFTR;D;20221018;000000;4153.37;4153.37;4153.37;4153.37;33771126653.65;0
MCFTR;D;20221019;000000;4044.42;4044.42;4044.42;4044.42;35837150710.55;0
MCFTR;D;20221020;000000;4140.73;4140.73;4140.73;4140.73;35871004460.3;0
MCFTR;D;20221021;000000;4177.94;4177.94;4177.94;4177.94;35187924135.05;0
MCFTR;D;20221024;000000;4219.32;4219.32;4219.32;4219.32;32652624967.05;0
MCFTR;D;20221025;000000;4355.67;4355.67;4355.67;4355.67;42887815544.05;0
MCFTR;D;20221026;000000;4335.08;4335.08;4335.08;4335.08;42015203006.9;0
MCFTR;D;20221027;000000;4425.15;4425.15;4425.15;4425.15;41008408450.6;0
MCFTR;D;20221028;000000;4431.41;4431.41;4431.41;4431.41;43444621093.25;0
MCFTR;D;20221031;000000;4429.18;4429.18;4429.18;4429.18;31288260044.75;0
MCFTR;D;20221101;000000;4445;4445;4445;4445;21732654118.25;0
MCFTR;D;20221102;000000;4443.96;4443.96;4443.96;4443.96;22031567419.25;0
MCFTR;D;20221103;000000;4407.33;4407.33;4407.33;4407.33;25792024221.25;0
MCFTR;D;20221107;000000;4515.39;4515.39;4515.39;4515.39;41425843846.95;0
MCFTR;D;20221108;000000;4512.16;4512.16;4512.16;4512.16;37767596384.3;0
MCFTR;D;20221109;000000;4429.08;4429.08;4429.08;4429.08;32153634675.1;0
MCFTR;D;20221110;000000;4517.92;4517.92;4517.92;4517.92;50837891634.05;0
MCFTR;D;20221111;000000;4533.09;4533.09;4533.09;4533.09;35129623599.9;0
MCFTR;D;20221114;000000;4588.96;4588.96;4588.96;4588.96;39642803675.8;0
MCFTR;D;20221115;000000;4544.99;4544.99;4544.99;4544.99;36552526475.9;0
MCFTR;D;20221116;000000;4553.02;4553.02;4553.02;4553.02;29153605996.45;0
MCFTR;D;20221117;000000;4523.87;4523.87;4523.87;4523.87;24154127523.05;0
MCFTR;D;20221118;000000;4510.36;4510.36;4510.36;4510.36;19150662557.8;0
MCFTR;D;20221121;000000;4428.57;4428.57;4428.57;4428.57;28464891091.05;0
MCFTR;D;20221122;000000;4489.35;4489.35;4489.35;4489.35;21690712689;0
MCFTR;D;20221123;000000;4521.75;4521.75;4521.75;4521.75;32870895270.55;0
MCFTR;D;20221124;000000;4519.83;4519.83;4519.83;4519.83;20472685548.4;0
MCFTR;D;20221125;000000;4487.57;4487.57;4487.57;4487.57;18973705982.5;0
MCFTR;D;20221128;000000;4451.35;4451.35;4451.35;4451.35;25255954654.45;0
MCFTR;D;20221129;000000;4467.44;4467.44;4467.44;4467.44;21033978164.9;0
MCFTR;D;20221130;000000;4445.38;4445.38;4445.38;4445.38;15628414954.25;0
MCFTR;D;20221201;000000;4471.47;4471.47;4471.47;4471.47;20487790535;0
MCFTR;D;20221202;000000;4457.47;4457.47;4457.47;4457.47;22206009036.85;0
MCFTR;D;20221205;000000;4514.38;4514.38;4514.38;4514.38;36556414504.95;0
MCFTR;D;20221206;000000;4489.77;4489.77;4489.77;4489.77;22011415280.2;0
MCFTR;D;20221207;000000;4482.9;4482.9;4482.9;4482.9;27417051222.95;0
MCFTR;D;20221208;000000;4465.63;4465.63;4465.63;4465.63;22523116709.55;0
MCFTR;D;20221209;000000;4452.18;4452.18;4452.18;4452.18;16733074100.55;0
MCFTR;D;20221212;000000;4442.59;4442.59;4442.59;4442.59;19308247875.05;0
MCFTR;D;20221213;000000;4445.08;4445.08;4445.08;4445.08;24793682504.95;0
MCFTR;D;20221214;000000;4415.29;4415.29;4415.29;4415.29;20963085762.75;0
MCFTR;D;20221215;000000;4347.81;4347.81;4347.81;4347.81;30466746003.55;0
MCFTR;D;20221216;000000;4359.97;4359.97;4359.97;4359.97;19713454690.15;0
MCFTR;D;20221219;000000;4354.31;4354.31;4354.31;4354.31;30518978665.2;0
MCFTR;D;20221220;000000;4413.69;4413.69;4413.69;4413.69;34192361634.1;0
MCFTR;D;20221221;000000;4406.94;4406.94;4406.94;4406.94;30181774160.05;0
MCFTR;D;20221222;000000;4421.06;4421.06;4421.06;4421.06;22386857843.15;0
MCFTR;D;20221223;000000;4423.37;4423.37;4423.37;4423.37;17531982626.35;0
MCFTR;D;20221226;000000;4517.34;4517.34;4517.34;4517.34;21299933246.1;0
MCFTR;D;20221227;000000;4542.07;4542.07;4542.07;4542.07;21591490276.15;0
MCFTR;D;20221228;000000;4518.52;4518.52;4518.52;4518.52;18811163578.05;0
MCFTR;D;20221229;000000;4533.91;4533.91;4533.91;4533.91;15793852418.55;0
MCFTR;D;20221230;000000;4548.82;4548.82;4548.82;4548.82;16664943291.65;0
MCFTR;D;20230103;000000;4588.01;4588.01;4588.01;4588.01;12690309378.95;0
MCFTR;D;20230104;000000;4579.01;4579.01;4579.01;4579.01;11510044721.05;0
MCFTR;D;20230105;000000;4554.2;4554.2;4554.2;4554.2;9783315405;0
MCFTR;D;20230106;000000;4553.61;4553.61;4553.61;4553.61;7622557637.8;0
MCFTR;D;20230109;000000;4571.14;4571.14;4571.14;4571.14;18179113212.1;0
MCFTR;D;20230110;000000;4562.71;4562.71;4562.71;4562.71;14600174654.45;0
MCFTR;D;20230111;000000;4631.06;4631.06;4631.06;4631.06;35257346290.55;0
MCFTR;D;20230112;000000;4628.84;4628.84;4628.84;4628.84;21456804414;0
MCFTR;D;20230113;000000;4658.51;4658.51;4658.51;4658.51;27688238742.05;0
MCFTR;D;20230116;000000;4711.36;4711.36;4711.36;4711.36;27333518945;0
MCFTR;D;20230117;000000;4651.94;4651.94;4651.94;4651.94;31460321183.45;0
MCFTR;D;20230118;000000;4650.71;4650.71;4650.71;4650.71;24434857167.75;0
MCFTR;D;20230119;000000;4592.63;4592.63;4592.63;4592.63;25621313385.4;0
MCFTR;D;20230120;000000;4588.1;4588.1;4588.1;4588.1;18882607247.05;0
MCFTR;D;20230123;000000;4627.53;4627.53;4627.53;4627.53;23076679749.25;0
MCFTR;D;20230124;000000;4600.93;4600.93;4600.93;4600.93;29120905166.5;0
MCFTR;D;20230125;000000;4595.42;4595.42;4595.42;4595.42;22637391195.2;0
MCFTR;D;20230126;000000;4588.58;4588.58;4588.58;4588.58;22684239621.05;0
MCFTR;D;20230127;000000;4636.08;4636.08;4636.08;4636.08;22277273691.3;0
MCFTR;D;20230130;000000;4667.97;4667.97;4667.97;4667.97;25349957927;0
MCFTR;D;20230131;000000;4712.84;4712.84;4712.84;4712.84;33469998785.2;0
MCFTR;D;20230201;000000;4722.47;4722.47;4722.47;4722.47;39359470583.55;0
MCFTR;D;20230202;000000;4750.82;4750.82;4750.82;4750.82;32836232460.1;0
MCFTR;D;20230203;000000;4760.9;4760.9;4760.9;4760.9;43326732161.75;0
MCFTR;D;20230206;000000;4811.87;4811.87;4811.87;4811.87;41978396753.15;0
MCFTR;D;20230207;000000;4801.96;4801.96;4801.96;4801.96;41070831270.9;0
MCFTR;D;20230208;000000;4768.67;4768.67;4768.67;4768.67;36352162036.05;0
MCFTR;D;20230209;000000;4790.86;4790.86;4790.86;4790.86;36719582060.2;0
MCFTR;D;20230210;000000;4789.02;4789.02;4789.02;4789.02;20751973737.05;0
MCFTR;D;20230213;000000;4794.72;4794.72;4794.72;4794.72;18435819331.55;0
MCFTR;D;20230214;000000;4726.87;4726.87;4726.87;4726.87;31061645096.45;0
MCFTR;D;20230215;000000;4587.6;4587.6;4587.6;4587.6;42803893942.3;0
MCFTR;D;20230216;000000;4561.13;4561.13;4561.13;4561.13;33206834832.25;0
MCFTR;D;20230217;000000;4592.72;4592.72;4592.72;4592.72;23626925959.6;0
MCFTR;D;20230220;000000;4623.83;4623.83;4623.83;4623.83;30085172953.75;0
MCFTR;D;20230221;000000;4684.92;4684.92;4684.92;4684.92;49606379523.4;0
MCFTR;D;20230222;000000;4684.88;4684.88;4684.88;4684.88;20589616471.8;0
MCFTR;D;20230224;000000;4675.63;4675.63;4675.63;4675.63;18979268125.35;0
MCFTR;D;20230227;000000;4745.66;4745.66;4745.66;4745.66;36711171319.1;0
MCFTR;D;20230228;000000;4771.2;4771.2;4771.2;4771.2;37023209047.6;0
MCFTR;D;20230301;000000;4827.29;4827.29;4827.29;4827.29;40016502886.95;0
MCFTR;D;20230302;000000;4773.61;4773.61;4773.61;4773.61;50749873558.3;0
MCFTR;D;20230303;000000;4811.51;4811.51;4811.51;4811.51;26705003484.35;0
MCFTR;D;20230306;000000;4857.93;4857.93;4857.93;4857.93;33614803020.6;0
MCFTR;D;20230307;000000;4861.06;4861.06;4861.06;4861.06;24580193073.35;0
MCFTR;D;20230309;000000;4849.5;4849.5;4849.5;4849.5;28764398015.85;0
MCFTR;D;20230310;000000;4820.09;4820.09;4820.09;4820.09;28442547978.2;0
MCFTR;D;20230313;000000;4805.73;4805.73;4805.73;4805.73;40590100977.2;0
MCFTR;D;20230314;000000;4849.88;4849.88;4849.88;4849.88;37222691640.25;0
MCFTR;D;20230315;000000;4790.06;4790.06;4790.06;4790.06;40845107270.85;0
MCFTR;D;20230316;000000;4781.91;4781.91;4781.91;4781.91;35593046390.65;0
MCFTR;D;20230317;000000;4918.62;4918.62;4918.62;4918.62;108087768758.2;0
MCFTR;D;20230320;000000;5076.12;5076.12;5076.12;5076.12;84163284261.5;0
MCFTR;D;20230321;000000;5078.22;5078.22;5078.22;5078.22;74773280093.7;0
MCFTR;D;20230322;000000;5069.18;5069.18;5069.18;5069.18;34290916792.5;0
MCFTR;D;20230323;000000;5057.47;5057.47;5057.47;5057.47;23579664336.45;0
MCFTR;D;20230324;000000;5064.2;5064.2;5064.2;5064.2;20820009237.3;0
MCFTR;D;20230327;000000;5168.28;5168.28;5168.28;5168.28;47214135240.05;0
MCFTR;D;20230328;000000;5171.48;5171.48;5171.48;5171.48;41688810661.95;0
MCFTR;D;20230329;000000;5211.04;5211.04;5211.04;5211.04;45339433902.8;0
MCFTR;D;20230330;000000;5221.75;5221.75;5221.75;5221.75;29588518563.9;0
MCFTR;D;20230331;000000;5189.44;5189.44;5189.44;5189.44;49152762590.45;0
MCFTR;D;20230403;000000;5243.23;5243.23;5243.23;5243.23;48168034560.8;0
MCFTR;D;20230404;000000;5258.34;5258.34;5258.34;5258.34;61460346597.1;0
MCFTR;D;20230405;000000;5301.48;5301.48;5301.48;5301.48;46265010869.7;0
MCFTR;D;20230406;000000;5296.18;5296.18;5296.18;5296.18;43371731593.55;0
MCFTR;D;20230407;000000;5317.57;5317.57;5317.57;5317.57;28962641538.35;0
MCFTR;D;20230410;000000;5400.16;5400.16;5400.16;5400.16;51000274967.7;0
MCFTR;D;20230411;000000;5371.2;5371.2;5371.2;5371.2;82411991848;0
MCFTR;D;20230412;000000;5381.33;5381.33;5381.33;5381.33;39292795917.3;0
MCFTR;D;20230413;000000;5393.65;5393.65;5393.65;5393.65;32391965069;0
MCFTR;D;20230414;000000;5416.06;5416.06;5416.06;5416.06;33758690384.55;0
MCFTR;D;20230417;000000;5503.53;5503.53;5503.53;5503.53;48786704257.95;0
MCFTR;D;20230418;000000;5544.89;5544.89;5544.89;5544.89;55299787219.85;0
MCFTR;D;20230419;000000;5525.66;5525.66;5525.66;5525.66;75255245883;0
MCFTR;D;20230420;000000;5592.01;5592.01;5592.01;5592.01;75946446478.25;0
MCFTR;D;20230421;000000;5596.46;5596.46;5596.46;5596.46;57200329084.4;0
MCFTR;D;20230424;000000;5586.88;5586.88;5586.88;5586.88;39712592822.4;0
MCFTR;D;20230425;000000;5568.71;5568.71;5568.71;5568.71;32157208711;0
MCFTR;D;20230426;000000;5554.87;5554.87;5554.87;5554.87;31901400374.2;0
MCFTR;D;20230427;000000;5609.67;5609.67;5609.67;5609.67;58564323144.4;0
MCFTR;D;20230428;000000;5585.84;5585.84;5585.84;5585.84;51130716753.3;0
MCFTR;D;20230502;000000;5483.53;5483.53;5483.53;5483.53;63970845685.6;0
MCFTR;D;20230503;000000;5381.34;5381.34;5381.34;5381.34;54409373737.95;0
MCFTR;D;20230504;000000;5364.53;5364.53;5364.53;5364.53;38680596602.8;0
MCFTR;D;20230505;000000;5393.71;5393.71;5393.71;5393.71;35453025873.55;0
MCFTR;D;20230508;000000;5371.08;5371.08;5371.08;5371.08;20351667294.1;0
MCFTR;D;20230510;000000;5515.02;5515.02;5515.02;5515.02;70959379219.55;0
MCFTR;D;20230511;000000;5615.62;5615.62;5615.62;5615.62;74640203057.4;0
MCFTR;D;20230512;000000;5550.81;5550.81;5550.81;5550.81;37663735250.9;0
MCFTR;D;20230515;000000;5650.13;5650.13;5650.13;5650.13;43944338845.4;0
MCFTR;D;20230516;000000;5699.12;5699.12;5699.12;5699.12;42646373333.2;0
MCFTR;D;20230517;000000;5700.79;5700.79;5700.79;5700.79;38940434444.55;0
MCFTR;D;20230518;000000;5697.39;5697.39;5697.39;5697.39;59453341862.7;0
MCFTR;D;20230519;000000;5682.78;5682.78;5682.78;5682.78;58915837809.3;0
MCFTR;D;20230522;000000;5698.14;5698.14;5698.14;5698.14;47631848454.95;0
MCFTR;D;20230523;000000;5716.32;5716.32;5716.32;5716.32;71936165173.9;0
MCFTR;D;20230524;000000;5745.16;5745.16;5745.16;5745.16;71756125244.55;0
MCFTR;D;20230525;000000;5734.32;5734.32;5734.32;5734.32;66820699399.05;0
MCFTR;D;20230526;000000;5803.67;5803.67;5803.67;5803.67;52536425210.15;0
MCFTR;D;20230529;000000;5917.05;5917.05;5917.05;5917.05;66140079776.4;0
MCFTR;D;20230530;000000;5845.04;5845.04;5845.04;5845.04;90132343989.3;0
MCFTR;D;20230531;000000;5885.95;5885.95;5885.95;5885.95;58274293697.45;0
MCFTR;D;20230601;000000;5894.81;5894.81;5894.81;5894.81;43398021905.95;0
MCFTR;D;20230602;000000;5966.92;5966.92;5966.92;5966.92;66776774006.3;0
MCFTR;D;20230605;000000;5911.32;5911.32;5911.32;5911.32;76307627682;0
MCFTR;D;20230606;000000;5883.04;5883.04;5883.04;5883.04;76433900154.6;0
MCFTR;D;20230607;000000;5912.53;5912.53;5912.53;5912.53;55873417951.1;0
MCFTR;D;20230608;000000;5945.44;5945.44;5945.44;5945.44;38267334626.35;0
MCFTR;D;20230609;000000;5941.82;5941.82;5941.82;5941.82;39244085182.5;0
MCFTR;D;20230613;000000;6049.86;6049.86;6049.86;6049.86;52360263412.3;0
MCFTR;D;20230614;000000;6067.19;6067.19;6067.19;6067.19;59477469249.1;0
MCFTR;D;20230615;000000;6146.68;6146.68;6146.68;6146.68;70674603849.85;0
MCFTR;D;20230616;000000;6148.04;6148.04;6148.04;6148.04;46090977475.15;0
MCFTR;D;20230619;000000;6179.39;6179.39;6179.39;6179.39;67392787319.35;0
MCFTR;D;20230620;000000;6154.41;6154.41;6154.41;6154.41;57147026333.9;0
MCFTR;D;20230621;000000;6188.68;6188.68;6188.68;6188.68;45230035006.2;0
MCFTR;D;20230622;000000;6181.06;6181.06;6181.06;6181.06;34384928911.25;0
MCFTR;D;20230623;000000;6135.47;6135.47;6135.47;6135.47;44229380378.2;0
MCFTR;D;20230626;000000;6052.21;6052.21;6052.21;6052.21;55763545917.45;0
MCFTR;D;20230627;000000;6095.01;6095.01;6095.01;6095.01;54247868187.05;0
MCFTR;D;20230628;000000;6115.36;6115.36;6115.36;6115.36;50203546474.6;0
MCFTR;D;20230629;000000;6149.42;6149.42;6149.42;6149.42;45359611884.85;0
MCFTR;D;20230630;000000;6151.53;6151.53;6151.53;6151.53;43918551469.5;0
MCFTR;D;20230703;000000;6143.97;6143.97;6143.97;6143.97;53480309453.55;0
MCFTR;D;20230704;000000;6175.39;6175.39;6175.39;6175.39;50001620295.6;0
MCFTR;D;20230705;000000;6168.31;6168.31;6168.31;6168.31;40919409057.8;0
MCFTR;D;20230706;000000;6200.42;6200.42;6200.42;6200.42;49025725832.85;0
MCFTR;D;20230707;000000;6228.81;6228.81;6228.81;6228.81;35233849809;0
MCFTR;D;20230710;000000;6310.27;6310.27;6310.27;6310.27;87970608406.8;0
MCFTR;D;20230711;000000;6318.16;6318.16;6318.16;6318.16;54684261681;0
MCFTR;D;20230712;000000;6398.78;6398.78;6398.78;6398.78;49227664370.65;0
MCFTR;D;20230713;000000;6374.04;6374.04;6374.04;6374.04;49847140055.9;0
MCFTR;D;20230714;000000;6411.79;6411.79;6411.79;6411.79;39987004923.45;0
MCFTR;D;20230717;000000;6444.68;6444.68;6444.68;6444.68;53443542845.8;0
MCFTR;D;20230718;000000;6527.2;6527.2;6527.2;6527.2;77193330616.55;0
MCFTR;D;20230719;000000;6517.16;6517.16;6517.16;6517.16;58857210252.15;0
MCFTR;D;20230720;000000;6459.7;6459.7;6459.7;6459.7;61399540098.3;0
MCFTR;D;20230721;000000;6473.12;6473.12;6473.12;6473.12;45191958198.35;0
MCFTR;D;20230724;000000;6503.96;6503.96;6503.96;6503.96;44299432857.5;0
MCFTR;D;20230725;000000;6587.85;6587.85;6587.85;6587.85;53262100574.35;0
MCFTR;D;20230726;000000;6576.91;6576.91;6576.91;6576.91;56856463588;0
MCFTR;D;20230727;000000;6615.5;6615.5;6615.5;6615.5;62041044277.65;0
MCFTR;D;20230728;000000;6661.47;6661.47;6661.47;6661.47;52041795977.65;0
MCFTR;D;20230731;000000;6805.15;6805.15;6805.15;6805.15;97511677780.55;0
MCFTR;D;20230801;000000;6849.74;6849.74;6849.74;6849.74;103557085530.9;0
MCFTR;D;20230802;000000;6878.13;6878.13;6878.13;6878.13;67996962269.65;0
MCFTR;D;20230803;000000;6969.66;6969.66;6969.66;6969.66;90891719857.2;0
MCFTR;D;20230804;000000;6847.09;6847.09;6847.09;6847.09;150969000582.9;0
MCFTR;D;20230807;000000;6828.58;6828.58;6828.58;6828.58;72453714916.85;0
MCFTR;D;20230808;000000;6831.3;6831.3;6831.3;6831.3;76068844687.75;0
MCFTR;D;20230809;000000;6862.76;6862.76;6862.76;6862.76;52718489763.7;0
MCFTR;D;20230810;000000;6972.01;6972.01;6972.01;6972.01;76284260011.95;0
MCFTR;D;20230811;000000;6986.73;6986.73;6986.73;6986.73;58933369741.8;0
MCFTR;D;20230814;000000;6932.46;6932.46;6932.46;6932.46;145236568216;0
MCFTR;D;20230815;000000;6897.59;6897.59;6897.59;6897.59;101365702525.95;0
MCFTR;D;20230816;000000;6751.92;6751.92;6751.92;6751.92;102092119719;0
MCFTR;D;20230817;000000;6773.09;6773.09;6773.09;6773.09;58197839880.9;0
MCFTR;D;20230818;000000;6888.67;6888.67;6888.67;6888.67;52548201795.55;0
MCFTR;D;20230821;000000;6952.24;6952.24;6952.24;6952.24;67735783243.5;0
MCFTR;D;20230822;000000;7006.09;7006.09;7006.09;7006.09;83064853846.2;0
MCFTR;D;20230823;000000;6966.12;6966.12;6966.12;6966.12;77548993173.5;0
MCFTR;D;20230824;000000;6946.57;6946.57;6946.57;6946.57;40282143311.7;0
MCFTR;D;20230825;000000;6990.76;6990.76;6990.76;6990.76;39624938643;0
MCFTR;D;20230828;000000;7082.4;7082.4;7082.4;7082.4;63409284339.85;0
MCFTR;D;20230829;000000;7110.39;7110.39;7110.39;7110.39;83871175803.25;0
MCFTR;D;20230830;000000;7113.31;7113.31;7113.31;7113.31;71358246002.45;0
MCFTR;D;20230831;000000;7147.21;7147.21;7147.21;7147.21;69633845179.8;0
MCFTR;D;20230901;000000;7154.65;7154.65;7154.65;7154.65;54848329183.4;0
MCFTR;D;20230904;000000;7237.95;7237.95;7237.95;7237.95;79115006708.75;0
MCFTR;D;20230905;000000;7227.9;7227.9;7227.9;7227.9;69983337336.7;0
MCFTR;D;20230906;000000;7185.92;7185.92;7185.92;7185.92;61766334286.2;0
MCFTR;D;20230907;000000;7016.76;7016.76;7016.76;7016.76;110748686130;0
MCFTR;D;20230908;000000;6958.77;6958.77;6958.77;6958.77;73021984581.6;0
MCFTR;D;20230911;000000;6913.36;6913.36;6913.36;6913.36;69351105559.2;0
MCFTR;D;20230912;000000;7009.79;7009.79;7009.79;7009.79;63830695936.8;0
MCFTR;D;20230913;000000;6970.82;6970.82;6970.82;6970.82;49516509449;0
MCFTR;D;20230914;000000;6951.27;6951.27;6951.27;6951.27;76786367100.8;0
MCFTR;D;20230915;000000;6980.14;6980.14;6980.14;6980.14;54277283310.25;0
MCFTR;D;20230918;000000;6941.72;6941.72;6941.72;6941.72;56641551167.95;0
MCFTR;D;20230919;000000;6828.07;6828.07;6828.07;6828.07;91514235959;0
MCFTR;D;20230920;000000;6793.31;6793.31;6793.31;6793.31;90455495666.3;0
MCFTR;D;20230921;000000;6684.97;6684.97;6684.97;6684.97;75859453170.35;0
MCFTR;D;20230922;000000;6751.06;6751.06;6751.06;6751.06;70583117751.2;0
MCFTR;D;20230925;000000;6742.91;6742.91;6742.91;6742.91;43799332389.75;0
MCFTR;D;20230926;000000;6757.35;6757.35;6757.35;6757.35;52669899315.15;0
MCFTR;D;20230927;000000;6792.11;6792.11;6792.11;6792.11;46210933651.7;0
MCFTR;D;20230928;000000;6881.69;6881.69;6881.69;6881.69;51682474548.1;0
MCFTR;D;20230929;000000;6937.46;6937.46;6937.46;6937.46;66288609362.75;0
MCFTR;D;20231002;000000;6935.4;6935.4;6935.4;6935.4;68632430521.25;0
MCFTR;D;20231003;000000;6960.97;6960.97;6960.97;6960.97;51722739274.15;0
MCFTR;D;20231004;000000;6939.65;6939.65;6939.65;6939.65;43951700148.25;0
MCFTR;D;20231005;000000;6934.14;6934.14;6934.14;6934.14;41598507645.55;0
MCFTR;D;20231006;000000;6963.21;6963.21;6963.21;6963.21;39498958223.9;0
MCFTR;D;20231009;000000;7027.71;7027.71;7027.71;7027.71;56663325565.05;0
MCFTR;D;20231010;000000;7039.95;7039.95;7039.95;7039.95;39536045222.55;0
MCFTR;D;20231011;000000;7097.09;7097.09;7097.09;7097.09;66537284095.4;0
MCFTR;D;20231012;000000;7053.85;7053.85;7053.85;7053.85;62686809843.5;0
MCFTR;D;20231013;000000;7093.11;7093.11;7093.11;7093.11;50282533196.45;0
MCFTR;D;20231016;000000;7187.43;7187.43;7187.43;7187.43;65853279415.65;0
MCFTR;D;20231017;000000;7214.92;7214.92;7214.92;7214.92;72231692204.35;0
MCFTR;D;20231018;000000;7224.3;7224.3;7224.3;7224.3;81213914737.85;0
MCFTR;D;20231019;000000;7237.53;7237.53;7237.53;7237.53;57371834112.9;0
MCFTR;D;20231020;000000;7268.9;7268.9;7268.9;7268.9;69952835836.6;0
MCFTR;D;20231023;000000;7256.47;7256.47;7256.47;7256.47;67528634796.15;0
MCFTR;D;20231024;000000;7259.43;7259.43;7259.43;7259.43;57858122995.95;0
MCFTR;D;20231025;000000;7260.03;7260.03;7260.03;7260.03;59152443940.2;0
MCFTR;D;20231026;000000;7168;7168;7168;7168;78078874145.6;0
MCFTR;D;20231027;000000;7168.64;7168.64;7168.64;7168.64;71864096635.45;0
MCFTR;D;20231030;000000;7175.07;7175.07;7175.07;7175.07;46028692095.7;0
MCFTR;D;20231031;000000;7117.04;7117.04;7117.04;7117.04;51194409596.6;0
MCFTR;D;20231101;000000;7129.38;7129.38;7129.38;7129.38;34173972609.55;0
MCFTR;D;20231102;000000;7108.7;7108.7;7108.7;7108.7;44725565876.95;0
MCFTR;D;20231103;000000;7134.07;7134.07;7134.07;7134.07;45527115236;0
MCFTR;D;20231106;000000;7192.95;7192.95;7192.95;7192.95;34621931434.3;0
MCFTR;D;20231107;000000;7217.92;7217.92;7217.92;7217.92;43761541279.6;0
MCFTR;D;20231108;000000;7215.9;7215.9;7215.9;7215.9;51717129125.9;0
MCFTR;D;20231109;000000;7203.65;7203.65;7203.65;7203.65;41676218574.1;0
MCFTR;D;20231110;000000;7208.41;7208.41;7208.41;7208.41;45648433667.5;0
MCFTR;D;20231113;000000;7222.22;7222.22;7222.22;7222.22;46210068912.2;0
MCFTR;D;20231114;000000;7142.44;7142.44;7142.44;7142.44;60536270231.15;0
MCFTR;D;20231115;000000;7148.49;7148.49;7148.49;7148.49;51510619170.35;0
MCFTR;D;20231116;000000;7090.61;7090.61;7090.61;7090.61;38042327235.65;0
MCFTR;D;20231117;000000;7128.99;7128.99;7128.99;7128.99;48876695171.45;0
MCFTR;D;20231120;000000;7131.26;7131.26;7131.26;7131.26;39389218372.35;0
MCFTR;D;20231121;000000;7155.98;7155.98;7155.98;7155.98;43450662035.45;0
MCFTR;D;20231122;000000;7183.04;7183.04;7183.04;7183.04;54706914415.9;0
MCFTR;D;20231123;000000;7161.7;7161.7;7161.7;7161.7;38576759503.2;0
MCFTR;D;20231124;000000;7154.38;7154.38;7154.38;7154.38;48043285163.85;0
MCFTR;D;20231127;000000;7094.99;7094.99;7094.99;7094.99;71973813282.4;0
MCFTR;D;20231128;000000;7106.8;7106.8;7106.8;7106.8;54632481094;0
MCFTR;D;20231129;000000;7056.02;7056.02;7056.02;7056.02;45015233407.45;0
MCFTR;D;20231130;000000;7038.83;7038.83;7038.83;7038.83;50537955023.75;0
MCFTR;D;20231201;000000;6992.06;6992.06;6992.06;6992.06;40584354460.75;0
MCFTR;D;20231204;000000;6930.02;6930.02;6930.02;6930.02;49061478048.15;0
MCFTR;D;20231205;000000;6963.22;6963.22;6963.22;6963.22;42213609509.25;0
MCFTR;D;20231206;000000;6852.34;6852.34;6852.34;6852.34;59384099103.9;0
MCFTR;D;20231207;000000;6839.28;6839.28;6839.28;6839.28;60418731501.35;0
MCFTR;D;20231208;000000;6853.43;6853.43;6853.43;6853.43;34691761303.6;0
MCFTR;D;20231211;000000;6733.67;6733.67;6733.67;6733.67;69692755380.7;0
MCFTR;D;20231212;000000;6719.7;6719.7;6719.7;6719.7;61976749445.1;0
MCFTR;D;20231213;000000;6747.14;6747.14;6747.14;6747.14;33872208220.5;0
MCFTR;D;20231214;000000;6695.12;6695.12;6695.12;6695.12;38101096671.2;0
MCFTR;D;20231215;000000;6820.97;6820.97;6820.97;6820.97;72542573400.3;0
MCFTR;D;20231218;000000;6916.23;6916.23;6916.23;6916.23;61960968092;0
MCFTR;D;20231219;000000;6932.82;6932.82;6932.82;6932.82;50806028979.9;0
MCFTR;D;20231220;000000;6980.08;6980.08;6980.08;6980.08;53334930887.35;0
MCFTR;D;20231221;000000;6910.18;6910.18;6910.18;6910.18;58423925406.6;0
MCFTR;D;20231222;000000;6952.92;6952.92;6952.92;6952.92;59800876920.32;0
MCFTR;D;20231225;000000;6969.89;6969.89;6969.89;6969.89;65851286285.35;0
MCFTR;D;20231226;000000;6987.77;6987.77;6987.77;6987.77;46286441430.6;0
MCFTR;D;20231227;000000;6994.02;6994.02;6994.02;6994.02;50134780900.32;0
MCFTR;D;20231228;000000;7004.18;7004.18;7004.18;7004.18;50308124032.2;0
MCFTR;D;20231229;000000;6997.68;6997.68;6997.68;6997.68;33360963641.32;0
MCFTR;D;20240103;000000;7067.95;7067.95;7067.95;7067.95;25999773751.67;0
MCFTR;D;20240104;000000;7081.14;7081.14;7081.14;7081.14;22880636623.45;0
MCFTR;D;20240105;000000;7083.96;7083.96;7083.96;7083.96;20822444164.74;0
MCFTR;D;20240108;000000;7134.12;7134.12;7134.12;7134.12;35541931860.41;0
MCFTR;D;20240109;000000;7152.12;7152.12;7152.12;7152.12;49269572379.41;0
MCFTR;D;20240110;000000;7172.86;7172.86;7172.86;7172.86;42849987789.07;0
MCFTR;D;20240111;000000;7227.51;7227.51;7227.51;7227.51;75731238106.29;0
MCFTR;D;20240112;000000;7236.53;7236.53;7236.53;7236.53;54148316321.9;0
MCFTR;D;20240115;000000;7235.76;7235.76;7235.76;7235.76;50735907185.46;0
MCFTR;D;20240116;000000;7223.42;7223.42;7223.42;7223.42;50278982619.43;0
MCFTR;D;20240117;000000;7236.55;7236.55;7236.55;7236.55;47074341522.51;0
MCFTR;D;20240118;000000;7222.06;7222.06;7222.06;7222.06;43119055602.56;0
MCFTR;D;20240119;000000;7193.71;7193.71;7193.71;7193.71;45854909733.92;0
MCFTR;D;20240122;000000;7206.84;7206.84;7206.84;7206.84;42130512576.53;0
MCFTR;D;20240123;000000;7215;7215;7215;7215;45044845848.28;0
MCFTR;D;20240124;000000;7184.72;7184.72;7184.72;7184.72;46503277369.16;0
MCFTR;D;20240125;000000;7174.11;7174.11;7174.11;7174.11;45461201946.99;0
MCFTR;D;20240126;000000;7186.54;7186.54;7186.54;7186.54;45979583256.1;0
MCFTR;D;20240129;000000;7216.98;7216.98;7216.98;7216.98;46667512330.43;0
MCFTR;D;20240130;000000;7261.21;7261.21;7261.21;7261.21;71884614820.82;0
MCFTR;D;20240131;000000;7302.35;7302.35;7302.35;7302.35;62393378068.08;0
MCFTR;D;20240201;000000;7338.02;7338.02;7338.02;7338.02;56072080314.88;0
MCFTR;D;20240202;000000;7329.98;7329.98;7329.98;7329.98;58221436623.55;0
MCFTR;D;20240205;000000;7330.98;7330.98;7330.98;7330.98;79772720557.48;0
MCFTR;D;20240206;000000;7357.36;7357.36;7357.36;7357.36;47381481665.38;0
MCFTR;D;20240207;000000;7398.66;7398.66;7398.66;7398.66;71996364667.13;0
MCFTR;D;20240208;000000;7365.1;7365.1;7365.1;7365.1;93017428633.36;0
MCFTR;D;20240209;000000;7366.39;7366.39;7366.39;7366.39;49774764900.27;0
MCFTR;D;20240212;000000;7380.29;7380.29;7380.29;7380.29;53148275940.8;0
MCFTR;D;20240213;000000;7394.15;7394.15;7394.15;7394.15;61252409706.73;0
MCFTR;D;20240214;000000;7402.19;7402.19;7402.19;7402.19;61011261936.57;0
MCFTR;D;20240215;000000;7419.21;7419.21;7419.21;7419.21;59605264673.06;0
MCFTR;D;20240216;000000;7366.62;7366.62;7366.62;7366.62;75952339426.53;0
MCFTR;D;20240219;000000;7371.35;7371.35;7371.35;7371.35;53050781619.74;0
MCFTR;D;20240220;000000;7287.13;7287.13;7287.13;7287.13;64739998498.75;0
MCFTR;D;20240221;000000;7132.66;7132.66;7132.66;7132.66;105014105685.64;0
MCFTR;D;20240222;000000;7139.02;7139.02;7139.02;7139.02;66954855491.29;0
MCFTR;D;20240226;000000;7300.03;7300.03;7300.03;7300.03;69530002768.27;0
MCFTR;D;20240227;000000;7290.53;7290.53;7290.53;7290.53;55160994984.57;0
MCFTR;D;20240228;000000;7331.56;7331.56;7331.56;7331.56;61902884647.06;0
MCFTR;D;20240229;000000;7399.15;7399.15;7399.15;7399.15;50717302607.49;0
MCFTR;D;20240301;000000;7421.55;7421.55;7421.55;7421.55;59649504551;0
MCFTR;D;20240304;000000;7489.91;7489.91;7489.91;7489.91;86678820262.54;0
MCFTR;D;20240305;000000;7499.32;7499.32;7499.32;7499.32;66185929581.91;0
MCFTR;D;20240306;000000;7521.33;7521.33;7521.33;7521.33;49425403549.9;0
MCFTR;D;20240307;000000;7532.92;7532.92;7532.92;7532.92;42342887170.98;0
MCFTR;D;20240311;000000;7543.44;7543.44;7543.44;7543.44;63702584994.11;0
MCFTR;D;20240312;000000;7571.36;7571.36;7571.36;7571.36;54192454895.39;0
MCFTR;D;20240313;000000;7544.28;7544.28;7544.28;7544.28;60223172466.69;0
MCFTR;D;20240314;000000;7490.48;7490.48;7490.48;7490.48;69642224630.18;0
MCFTR;D;20240315;000000;7497.45;7497.45;7497.45;7497.45;49159051514.11;0
MCFTR;D;20240318;000000;7488.88;7488.88;7488.88;7488.88;87440343638.56;0
MCFTR;D;20240319;000000;7417.7;7417.7;7417.7;7417.7;126000973325.8;0
MCFTR;D;20240320;000000;7422.54;7422.54;7422.54;7422.54;137291165836.83;0
MCFTR;D;20240321;000000;7467.05;7467.05;7467.05;7467.05;108017217102.03;0
MCFTR;D;20240322;000000;7437.06;7437.06;7437.06;7437.06;88262062537.11;0
MCFTR;D;20240325;000000;7455.55;7455.55;7455.55;7455.55;71511600961.75;0
MCFTR;D;20240326;000000;7475.29;7475.29;7475.29;7475.29;59783293439.42;0
MCFTR;D;20240327;000000;7517.5;7517.5;7517.5;7517.5;51422673944.24;0
MCFTR;D;20240328;000000;7537.25;7537.25;7537.25;7537.25;61649303454.67;0
MCFTR;D;20240329;000000;7582.21;7582.21;7582.21;7582.21;59294620380.39;0
MCFTR;D;20240401;000000;7652.2;7652.2;7652.2;7652.2;101013487719.6;0
MCFTR;D;20240402;000000;7670.4;7670.4;7670.4;7670.4;80210555236.1;0
MCFTR;D;20240403;000000;7725.69;7725.69;7725.69;7725.69;86023975807.27;0
MCFTR;D;20240404;000000;7752.95;7752.95;7752.95;7752.95;80827897828.97;0
MCFTR;D;20240405;000000;7725.19;7725.19;7725.19;7725.19;59390765265;0
MCFTR;D;20240408;000000;7775.27;7775.27;7775.27;7775.27;72360399146.1;0
MCFTR;D;20240409;000000;7768.17;7768.17;7768.17;7768.17;84388299086.8;0
MCFTR;D;20240410;000000;7824.71;7824.71;7824.71;7824.71;68204100239.98;0
MCFTR;D;20240411;000000;7825.67;7825.67;7825.67;7825.67;53525607759.33;0
MCFTR;D;20240412;000000;7863.69;7863.69;7863.69;7863.69;63944927459.55;0
MCFTR;D;20240415;000000;7899.98;7899.98;7899.98;7899.98;74215544275.99;0
MCFTR;D;20240416;000000;7878.93;7878.93;7878.93;7878.93;66353162008.45;0
MCFTR;D;20240417;000000;7858.75;7858.75;7858.75;7858.75;67369551423.54;0
MCFTR;D;20240418;000000;7862.73;7862.73;7862.73;7862.73;56908603957.8;0
MCFTR;D;20240419;000000;7897.52;7897.52;7897.52;7897.52;54079516423.77;0
MCFTR;D;20240422;000000;7916.38;7916.38;7916.38;7916.38;82859286926.77;0
MCFTR;D;20240423;000000;7825.93;7825.93;7825.93;7825.93;97852906259.59;0
MCFTR;D;20240424;000000;7802.06;7802.06;7802.06;7802.06;59540956724.47;0
MCFTR;D;20240425;000000;7826.7;7826.7;7826.7;7826.7;47461288356.07;0
MCFTR;D;20240426;000000;7849.48;7849.48;7849.48;7849.48;52160044316.96;0
MCFTR;D;20240427;000000;7886.07;7886.07;7886.07;7886.07;49604766719.62;0
MCFTR;D;20240429;000000;7913.9;7913.9;7913.9;7913.9;31730535756.28;0
MCFTR;D;20240430;000000;7895.13;7895.13;7895.13;7895.13;25464035843.12;0
MCFTR;D;20240502;000000;7833.7;7833.7;7833.7;7833.7;56777352917.19;0
MCFTR;D;20240503;000000;7831.29;7831.29;7831.29;7831.29;49713350092.54;0
MCFTR;D;20240506;000000;7820.36;7820.36;7820.36;7820.36;68474003787.1;0
MCFTR;D;20240507;000000;7876.18;7876.18;7876.18;7876.18;62217301713.07;0
MCFTR;D;20240508;000000;7887.51;7887.51;7887.51;7887.51;50959000936.27;0
MCFTR;D;20240510;000000;7927.13;7927.13;7927.13;7927.13;30875827113.66;0
MCFTR;D;20240513;000000;7943.97;7943.97;7943.97;7943.97;62379274951.03;0
MCFTR;D;20240514;000000;7959.64;7959.64;7959.64;7959.64;60647234066.33;0
MCFTR;D;20240515;000000;7975.24;7975.24;7975.24;7975.24;88168220628.54;0
MCFTR;D;20240516;000000;8010.95;8010.95;8010.95;8010.95;64512839673.38;0
MCFTR;D;20240517;000000;8046.87;8046.87;8046.87;8046.87;67229233018.49;0
MCFTR;D;20240520;000000;7969.2;7969.2;7969.2;7969.2;78261180618.47;0
MCFTR;D;20240521;000000;7877.95;7877.95;7877.95;7877.95;90881736070.67;0
MCFTR;D;20240522;000000;7915.31;7915.31;7915.31;7915.31;54366679137.33;0
MCFTR;D;20240523;000000;7911.06;7911.06;7911.06;7911.06;76066732376.7;0
MCFTR;D;20240524;000000;7805.27;7805.27;7805.27;7805.27;83826261455.52;0
MCFTR;D;20240527;000000;7598.39;7598.39;7598.39;7598.39;107526898028.24;0
MCFTR;D;20240528;000000;7606.89;7606.89;7606.89;7606.89;75451014221.56;0
MCFTR;D;20240529;000000;7641.71;7641.71;7641.71;7641.71;63583189080.35;0
MCFTR;D;20240530;000000;7559.14;7559.14;7559.14;7559.14;52811203261.99;0
MCFTR;D;20240531;000000;7412.1;7412.1;7412.1;7412.1;74789122409.07;0
MCFTR;D;20240603;000000;7246.87;7246.87;7246.87;7246.87;134863407059.92;0
MCFTR;D;20240604;000000;7351.86;7351.86;7351.86;7351.86;76984017380.19;0
MCFTR;D;20240605;000000;7410.25;7410.25;7410.25;7410.25;75207250054.54;0
MCFTR;D;20240606;000000;7364.44;7364.44;7364.44;7364.44;46866503991.39;0
MCFTR;D;20240607;000000;7458.65;7458.65;7458.65;7458.65;91086045033.89;0
MCFTR;D;20240610;000000;7342.87;7342.87;7342.87;7342.87;69816938309.06;0
MCFTR;D;20240611;000000;7320.16;7320.16;7320.16;7320.16;71342883847.77;0
MCFTR;D;20240613;000000;7321.52;7321.52;7321.52;7321.52;99225234409.93;0
MCFTR;D;20240614;000000;7430.99;7430.99;7430.99;7430.99;61274525935.76;0
MCFTR;D;20240617;000000;7356.52;7356.52;7356.52;7356.52;53695026325.72;0
MCFTR;D;20240618;000000;7219.05;7219.05;7219.05;7219.05;64497869312.31;0
MCFTR;D;20240619;000000;7018.11;7018.11;7018.11;7018.11;96431284649.27;0
MCFTR;D;20240620;000000;7240.56;7240.56;7240.56;7240.56;178667728065.76;0
MCFTR;D;20240621;000000;7219.51;7219.51;7219.51;7219.51;57321266627.99;0
MCFTR;D;20240624;000000;7181.72;7181.72;7181.72;7181.72;53508936465.92;0
MCFTR;D;20240625;000000;7212.64;7212.64;7212.64;7212.64;48098553363.25;0
MCFTR;D;20240626;000000;7306.08;7306.08;7306.08;7306.08;61467099536.88;0
MCFTR;D;20240627;000000;7302.88;7302.88;7302.88;7302.88;57459869444.9;0
MCFTR;D;20240628;000000;7312.25;7312.25;7312.25;7312.25;49111799880.19;0
MCFTR;D;20240701;000000;7386.04;7386.04;7386.04;7386.04;52689785699.36;0
MCFTR;D;20240702;000000;7458.13;7458.13;7458.13;7458.13;64108022119.4;0
MCFTR;D;20240703;000000;7425.17;7425.17;7425.17;7425.17;66528489246.6;0
MCFTR;D;20240704;000000;7264.62;7264.62;7264.62;7264.62;67804642568.03;0
MCFTR;D;20240705;000000;7300.5;7300.5;7300.5;7300.5;78455302897.41;0
MCFTR;D;20240708;000000;7261.76;7261.76;7261.76;7261.76;57833893115.34;0
MCFTR;D;20240709;000000;7110.51;7110.51;7110.51;7110.51;82095715825.29;0
MCFTR;D;20240710;000000;6928.16;6928.16;6928.16;6928.16;104732266214.36;0
MCFTR;D;20240711;000000;7087.87;7087.87;7087.87;7087.87;124876150388.24;0
MCFTR;D;20240712;000000;7042.86;7042.86;7042.86;7042.86;71455309280.41;0
MCFTR;D;20240715;000000;6907.37;6907.37;6907.37;6907.37;81299673295.8;0
MCFTR;D;20240716;000000;6992.85;6992.85;6992.85;6992.85;105077148856.9;0
MCFTR;D;20240717;000000;6999.78;6999.78;6999.78;6999.78;76001368591.84;0
MCFTR;D;20240718;000000;7135.75;7135.75;7135.75;7135.75;72509100456.96;0
MCFTR;D;20240719;000000;7205.77;7205.77;7205.77;7205.77;76586341501.8;0
MCFTR;D;20240722;000000;7244.81;7244.81;7244.81;7244.81;67161764469.53;0
MCFTR;D;20240723;000000;7253.12;7253.12;7253.12;7253.12;49765369487.69;0
MCFTR;D;20240724;000000;7310.01;7310.01;7310.01;7310.01;54541834247.66;0
MCFTR;D;20240725;000000;7285.12;7285.12;7285.12;7285.12;45402898686.65;0
MCFTR;D;20240726;000000;7169.81;7169.81;7169.81;7169.81;117295728436.57;0
MCFTR;D;20240729;000000;6963.14;6963.14;6963.14;6963.14;80012163595.47;0
MCFTR;D;20240730;000000;7053.76;7053.76;7053.76;7053.76;72640227262.16;0
MCFTR;D;20240731;000000;7048.73;7048.73;7048.73;7048.73;54526753602.44;0
MCFTR;D;20240801;000000;7031.99;7031.99;7031.99;7031.99;38981478051.05;0
MCFTR;D;20240802;000000;6944.1;6944.1;6944.1;6944.1;51177304095.63;0
MCFTR;D;20240805;000000;6775.76;6775.76;6775.76;6775.76;94554388275.77;0
MCFTR;D;20240806;000000;6780.62;6780.62;6780.62;6780.62;56190154161.13;0
MCFTR;D;20240807;000000;6886.47;6886.47;6886.47;6886.47;72944968965.92;0
MCFTR;D;20240808;000000;6832.74;6832.74;6832.74;6832.74;50925758473.76;0
MCFTR;D;20240809;000000;6822.63;6822.63;6822.63;6822.63;34210258006.59;0
MCFTR;D;20240812;000000;6814.2;6814.2;6814.2;6814.2;52648616171.28;0
MCFTR;D;20240813;000000;6909.61;6909.61;6909.61;6909.61;53550433182.7;0
MCFTR;D;20240814;000000;6877.3;6877.3;6877.3;6877.3;55379302091.44;0
MCFTR;D;20240815;000000;6798.25;6798.25;6798.25;6798.25;42770537783.08;0
MCFTR;D;20240816;000000;6774.51;6774.51;6774.51;6774.51;35419838940.4;0
MCFTR;D;20240819;000000;6648.61;6648.61;6648.61;6648.61;65134610086.68;0
MCFTR;D;20240820;000000;6631.32;6631.32;6631.32;6631.32;76630352630.9;0
MCFTR;D;20240821;000000;6630.65;6630.65;6630.65;6630.65;73178443981.36;0
MCFTR;D;20240822;000000;6529.11;6529.11;6529.11;6529.11;92476656421.35;0
MCFTR;D;20240823;000000;6377.53;6377.53;6377.53;6377.53;110196674146.95;0
MCFTR;D;20240826;000000;6620.13;6620.13;6620.13;6620.13;99653396406.07;0
MCFTR;D;20240827;000000;6540.2;6540.2;6540.2;6540.2;73047883312;0
MCFTR;D;20240828;000000;6467.38;6467.38;6467.38;6467.38;94586429599.75;0
MCFTR;D;20240829;000000;6487.24;6487.24;6487.24;6487.24;85021074135.97;0
MCFTR;D;20240830;000000;6348.43;6348.43;6348.43;6348.43;84958860158.53;0
MCFTR;D;20240902;000000;6096.32;6096.32;6096.32;6096.32;108326589865.18;0
MCFTR;D;20240903;000000;6046.76;6046.76;6046.76;6046.76;117741356417.71;0
MCFTR;D;20240904;000000;6240.23;6240.23;6240.23;6240.23;76906287998.23;0
MCFTR;D;20240905;000000;6279.68;6279.68;6279.68;6279.68;94482305833.58;0
MCFTR;D;20240906;000000;6283.87;6283.87;6283.87;6283.87;59440728924.85;0
MCFTR;D;20240909;000000;6475.02;6475.02;6475.02;6475.02;71836158678.05;0
MCFTR;D;20240910;000000;6401.99;6401.99;6401.99;6401.99;68662304754.42;0
MCFTR;D;20240911;000000;6393.96;6393.96;6393.96;6393.96;44925881232.74;0
MCFTR;D;20240912;000000;6266.87;6266.87;6266.87;6266.87;63903593629.84;0
MCFTR;D;20240913;000000;6420.22;6420.22;6420.22;6420.22;122001987216.4;0
MCFTR;D;20240916;000000;6576.5;6576.5;6576.5;6576.5;83013075200;0
MCFTR;D;20240917;000000;6648.01;6648.01;6648.01;6648.01;79582960417.52;0
MCFTR;D;20240918;000000;6594.54;6594.54;6594.54;6594.54;69307069306.58;0
MCFTR;D;20240919;000000;6611.75;6611.75;6611.75;6611.75;70338853740.8;0
MCFTR;D;20240920;000000;6674.39;6674.39;6674.39;6674.39;60484298738.62;0
MCFTR;D;20240923;000000;6764.39;6764.39;6764.39;6764.39;82240145601.76;0
MCFTR;D;20240924;000000;6889.35;6889.35;6889.35;6889.35;113461496980.82;0
MCFTR;D;20240925;000000;6788.96;6788.96;6788.96;6788.96;109827272627.75;0
MCFTR;D;20240926;000000;6787.86;6787.86;6787.86;6787.86;85196945380.32;0
MCFTR;D;20240927;000000;6862.1;6862.1;6862.1;6862.1;59513508934.87;0
MCFTR;D;20240930;000000;6862.15;6862.15;6862.15;6862.15;95737568417.04;0
MCFTR;D;20241001;000000;6758;6758;6758;6758;98224295179.5;0
MCFTR;D;20241002;000000;6644.17;6644.17;6644.17;6644.17;84560332899.84;0
MCFTR;D;20241003;000000;6681.63;6681.63;6681.63;6681.63;87671468722.59;0
MCFTR;D;20241004;000000;6735.01;6735.01;6735.01;6735.01;56319240501;0
MCFTR;D;20241007;000000;6709.12;6709.12;6709.12;6709.12;54269115201.06;0
MCFTR;D;20241008;000000;6726.6;6726.6;6726.6;6726.6;51851658333.37;0
MCFTR;D;20241009;000000;6631.17;6631.17;6631.17;6631.17;57169478963.14;0
MCFTR;D;20241010;000000;6661.88;6661.88;6661.88;6661.88;46545077193.42;0
MCFTR;D;20241011;000000;6654.47;6654.47;6654.47;6654.47;47511181067.78;0
MCFTR;D;20241014;000000;6699.98;6699.98;6699.98;6699.98;79902621806.91;0
MCFTR;D;20241015;000000;6778.33;6778.33;6778.33;6778.33;58693120361.44;0
MCFTR;D;20241016;000000;6724.38;6724.38;6724.38;6724.38;64909278303.74;0
MCFTR;D;20241017;000000;6680.32;6680.32;6680.32;6680.32;50966828617.82;0
MCFTR;D;20241018;000000;6655.26;6655.26;6655.26;6655.26;51860633640.68;0
MCFTR;D;20241021;000000;6693.5;6693.5;6693.5;6693.5;56778263660.35;0
MCFTR;D;20241022;000000;6663.22;6663.22;6663.22;6663.22;51686245338.62;0
MCFTR;D;20241023;000000;6614.22;6614.22;6614.22;6614.22;58973318264.93;0
MCFTR;D;20241024;000000;6574.29;6574.29;6574.29;6574.29;59473925689.49;0
MCFTR;D;20241025;000000;6433.88;6433.88;6433.88;6433.88;122703298567.75;0
MCFTR;D;20241028;000000;6227.59;6227.59;6227.59;6227.59;107753511272.85;0
MCFTR;D;20241029;000000;6287.08;6287.08;6287.08;6287.08;84296601420.53;0
MCFTR;D;20241030;000000;6325.1;6325.1;6325.1;6325.1;63201741080.99;0
MCFTR;D;20241031;000000;6191.65;6191.65;6191.65;6191.65;71471789145.84;0
MCFTR;D;20241101;000000;6226.74;6226.74;6226.74;6226.74;69804796929.25;0
MCFTR;D;20241102;000000;6274.31;6274.31;6274.31;6274.31;35242560105.29;0
MCFTR;D;20241105;000000;6327.83;6327.83;6327.83;6327.83;47706690692.71;0
MCFTR;D;20241106;000000;6439.95;6439.95;6439.95;6439.95;136880845463;0
MCFTR;D;20241107;000000;6507.09;6507.09;6507.09;6507.09;75952754512.47;0
MCFTR;D;20241108;000000;6613.33;6613.33;6613.33;6613.33;91380332226.12;0
MCFTR;D;20241111;000000;6736.07;6736.07;6736.07;6736.07;117885566768.21;0
MCFTR;D;20241112;000000;6667.02;6667.02;6667.02;6667.02;76121460720.21;0
MCFTR;D;20241113;000000;6684.51;6684.51;6684.51;6684.51;72750219157.41;0
MCFTR;D;20241114;000000;6523.64;6523.64;6523.64;6523.64;72939358165.15;0
MCFTR;D;20241115;000000;6624.59;6624.59;6624.59;6624.59;67367423375.4;0
MCFTR;D;20241118;000000;6579.99;6579.99;6579.99;6579.99;94834420304.36;0
MCFTR;D;20241119;000000;6361.7;6361.7;6361.7;6361.7;118720117088.93;0
MCFTR;D;20241120;000000;6280.39;6280.39;6280.39;6280.39;92951735017.04;0
MCFTR;D;20241121;000000;6211.97;6211.97;6211.97;6211.97;106854126928.31;0
MCFTR;D;20241122;000000;6242.08;6242.08;6242.08;6242.08;86859377531.06;0
MCFTR;D;20241125;000000;6129.25;6129.25;6129.25;6129.25;90550582870.33;0
MCFTR;D;20241126;000000;5968.58;5968.58;5968.58;5968.58;130236296225.19;0
MCFTR;D;20241127;000000;6035.26;6035.26;6035.26;6035.26;167846867706.32;0
MCFTR;D;20241128;000000;6170.89;6170.89;6170.89;6170.89;112723609734.02;0
MCFTR;D;20241129;000000;6243.84;6243.84;6243.84;6243.84;106300055910.89;0
MCFTR;D;20241202;000000;6265.01;6265.01;6265.01;6265.01;81910300544.3;0
MCFTR;D;20241203;000000;6150.94;6150.94;6150.94;6150.94;77669897357.02;0
MCFTR;D;20241204;000000;6020.11;6020.11;6020.11;6020.11;86617126357.72;0
MCFTR;D;20241205;000000;6081.17;6081.17;6081.17;6081.17;115562958918.94;0
MCFTR;D;20241206;000000;6142.69;6142.69;6142.69;6142.69;89323737028.4;0
MCFTR;D;20241209;000000;6231.48;6231.48;6231.48;6231.48;73923620135.87;0
MCFTR;D;20241210;000000;6110.04;6110.04;6110.04;6110.04;78006621722.54;0
MCFTR;D;20241211;000000;6085.31;6085.31;6085.31;6085.31;62860892861.29;0
MCFTR;D;20241212;000000;6037.09;6037.09;6037.09;6037.09;70292788307.46;0
MCFTR;D;20241213;000000;6039.56;6039.56;6039.56;6039.56;57518220727.43;0
MCFTR;D;20241216;000000;5881.84;5881.84;5881.84;5881.84;74593167173.6;0
MCFTR;D;20241217;000000;5863.37;5863.37;5863.37;5863.37;70220415247.65;0
MCFTR;D;20241218;000000;5942.79;5942.79;5942.79;5942.79;57219052976.57;0
MCFTR;D;20241219;000000;5960.3;5960.3;5960.3;5960.3;141012103420;0
MCFTR;D;20241220;000000;6508.77;6508.77;6508.77;6508.77;245682899998;0
MCFTR;D;20241223;000000;6666.8;6666.8;6666.8;6666.8;195245804128.16;0
MCFTR;D;20241224;000000;6638.38;6638.38;6638.38;6638.38;122949136551.27;0
MCFTR;D;20241225;000000;6741.67;6741.67;6741.67;6741.67;147108448115.16;0
MCFTR;D;20241226;000000;6824.9;6824.9;6824.9;6824.9;109309247206.51;0
MCFTR;D;20241227;000000;6802.4;6802.4;6802.4;6802.4;73072352135.11;0
MCFTR;D;20241228;000000;6874.48;6874.48;6874.48;6874.48;78817484706.07;0
MCFTR;D;20241230;000000;7112.22;7112.22;7112.22;7112.22;83424690079.4;0
MCFTR;D;20250103;000000;6977.67;6977.67;6977.67;6977.67;66657301223.25;0
MCFTR;D;20250106;000000;6947.47;6947.47;6947.47;6947.47;44096480741.07;0
MCFTR;D;20250108;000000;7021.1;7021.1;7021.1;7021.1;45261512388.75;0
MCFTR;D;20250109;000000;6853.85;6853.85;6853.85;6853.85;104232759034.68;0
MCFTR;D;20250110;000000;7000.49;7000.49;7000.49;7000.49;156138465906.66;0
MCFTR;D;20250113;000000;7103.39;7103.39;7103.39;7103.39;143088428936.74;0
MCFTR;D;20250114;000000;7087.03;7087.03;7087.03;7087.03;101094744723.59;0
MCFTR;D;20250115;000000;7046.01;7046.01;7046.01;7046.01;72617602967.54;0
MCFTR;D;20250116;000000;7215.45;7215.45;7215.45;7215.45;110681339886.9;0
MCFTR;D;20250117;000000;7300.29;7300.29;7300.29;7300.29;112324572443.12;0
MCFTR;D;20250120;000000;7260.71;7260.71;7260.71;7260.71;142165381310.62;0
MCFTR;D;20250121;000000;7273.5;7273.5;7273.5;7273.5;90754857266.51;0
MCFTR;D;20250122;000000;7367.46;7367.46;7367.46;7367.46;93131294269.36;0
MCFTR;D;20250123;000000;7252.16;7252.16;7252.16;7252.16;73776565458.26;0
MCFTR;D;20250124;000000;7306.29;7306.29;7306.29;7306.29;100588799910.2;0
MCFTR;D;20250127;000000;7166.13;7166.13;7166.13;7166.13;74492100551.63;0
MCFTR;D;20250128;000000;7266.71;7266.71;7266.71;7266.71;85802124548.44;0
MCFTR;D;20250129;000000;7313.08;7313.08;7313.08;7313.08;70527538069.17;0
MCFTR;D;20250130;000000;7354.69;7354.69;7354.69;7354.69;75310370495.61;0
MCFTR;D;20250131;000000;7306.68;7306.68;7306.68;7306.68;95237925481.19;0
MCFTR;D;20250203;000000;7252.33;7252.33;7252.33;7252.33;70297603872.9;0
MCFTR;D;20250204;000000;7231.36;7231.36;7231.36;7231.36;61369588030.87;0
MCFTR;D;20250205;000000;7263.21;7263.21;7263.21;7263.21;92218323516.4;0
MCFTR;D;20250206;000000;7361.26;7361.26;7361.26;7361.26;114890298124.4;0
MCFTR;D;20250207;000000;7352.36;7352.36;7352.36;7352.36;69576280125.03;0
MCFTR;D;20250210;000000;7466.02;7466.02;7466.02;7466.02;94344530914.86;0
MCFTR;D;20250211;000000;7479.97;7479.97;7479.97;7479.97;88785519420.91;0
MCFTR;D;20250212;000000;7498.83;7498.83;7498.83;7498.83;114304859366.13;0
MCFTR;D;20250213;000000;7948.27;7948.27;7948.27;7948.27;319137730604;0
MCFTR;D;20250214;000000;7893.82;7893.82;7893.82;7893.82;266220027377.51;0
MCFTR;D;20250217;000000;8199.68;8199.68;8199.68;8199.68;149874317761.62;0
MCFTR;D;20250218;000000;8076.63;8076.63;8076.63;8076.63;191407327762.31;0
MCFTR;D;20250219;000000;8106.07;8106.07;8106.07;8106.07;98152313600.56;0
MCFTR;D;20250220;000000;8160.55;8160.55;8160.55;8160.55;105288740039.46;0
MCFTR;D;20250221;000000;8137.43;8137.43;8137.43;8137.43;94601047430.17;0
MCFTR;D;20250224;000000;8187.84;8187.84;8187.84;8187.84;87195616629.4;0
MCFTR;D;20250225;000000;8243.63;8243.63;8243.63;8243.63;139815174833.9;0
MCFTR;D;20250226;000000;8119.36;8119.36;8119.36;8119.36;134684772736.37;0
MCFTR;D;20250227;000000;8011.92;8011.92;8011.92;8011.92;101069017703.52;0
MCFTR;D;20250228;000000;7932.19;7932.19;7932.19;7932.19;112667204934.97;0
MCFTR;D;20250303;000000;7796.5;7796.5;7796.5;7796.5;100920807836.72;0
MCFTR;D;20250304;000000;8034.18;8034.18;8034.18;8034.18;117348109688.78;0
MCFTR;D;20250305;000000;8088.68;8088.68;8088.68;8088.68;98511631176.97;0
MCFTR;D;20250306;000000;7950.09;7950.09;7950.09;7950.09;93757729908.38;0
MCFTR;D;20250307;000000;7848.92;7848.92;7848.92;7848.92;142723090989.53;0
MCFTR;D;20250310;000000;7933.01;7933.01;7933.01;7933.01;69032353836.65;0
MCFTR;D;20250311;000000;7933.36;7933.36;7933.36;7933.36;64260658116.68;0
MCFTR;D;20250312;000000;7891.28;7891.28;7891.28;7891.28;60401903976.43;0
MCFTR;D;20250313;000000;7736.63;7736.63;7736.63;7736.63;102817873366.44;0
MCFTR;D;20250314;000000;7918.82;7918.82;7918.82;7918.82;78071920208.37;0
MCFTR;D;20250317;000000;8043.01;8043.01;8043.01;8043.01;88624476635.89;0
MCFTR;D;20250318;000000;8073.49;8073.49;8073.49;8073.49;96079300643;0
MCFTR;D;20250319;000000;8004.84;8004.84;8004.84;8004.84;75790117136.46;0
MCFTR;D;20250320;000000;7988.36;7988.36;7988.36;7988.36;116657266147.77;0
MCFTR;D;20250321;000000;7910.21;7910.21;7910.21;7910.21;73605212102.86;0
MCFTR;D;20250324;000000;7878.11;7878.11;7878.11;7878.11;58379660296.14;0
MCFTR;D;20250325;000000;7843.31;7843.31;7843.31;7843.31;83460154708.66;0
MCFTR;D;20250326;000000;7797.93;7797.93;7797.93;7797.93;47013734996.69;0
MCFTR;D;20250327;000000;7643.47;7643.47;7643.47;7643.47;76693759579.93;0
MCFTR;D;20250328;000000;7498.88;7498.88;7498.88;7498.88;106840287422.91;0
MCFTR;D;20250331;000000;7468.42;7468.42;7468.42;7468.42;77261451789.14;0
MCFTR;D;20250401;000000;7347.15;7347.15;7347.15;7347.15;87837840799.21;0
MCFTR;D;20250402;000000;7252.87;7252.87;7252.87;7252.87;71073875809.44;0
MCFTR;D;20250403;000000;7087.29;7087.29;7087.29;7087.29;91410802984.29;0
MCFTR;D;20250404;000000;6894.94;6894.94;6894.94;6894.94;130180406467.06;0
MCFTR;D;20250407;000000;6765.86;6765.86;6765.86;6765.86;165631517212.63;0
MCFTR;D;20250408;000000;6806.8;6806.8;6806.8;6806.8;74147241560.1;0
MCFTR;D;20250409;000000;6569.56;6569.56;6569.56;6569.56;123796927496.61;0
MCFTR;D;20250410;000000;6851.09;6851.09;6851.09;6851.09;90685181557.81;0
MCFTR;D;20250411;000000;7013.77;7013.77;7013.77;7013.77;77171023243.24;0
MCFTR;D;20250414;000000;6988.42;6988.42;6988.42;6988.42;56665018668.12;0
MCFTR;D;20250415;000000;6953.37;6953.37;6953.37;6953.37;52949212576.47;0
MCFTR;D;20250416;000000;7092.86;7092.86;7092.86;7092.86;62512374743.03;0
MCFTR;D;20250417;000000;7101.51;7101.51;7101.51;7101.51;63291965849.84;0
MCFTR;D;20250418;000000;7119.97;7119.97;7119.97;7119.97;72357256442.12;0
MCFTR;D;20250421;000000;7243.12;7243.12;7243.12;7243.12;67846215313.78;0
MCFTR;D;20250422;000000;7322.5;7322.5;7322.5;7322.5;71092225646.54;0
MCFTR;D;20250423;000000;7294.59;7294.59;7294.59;7294.59;74895269542.48;0
MCFTR;D;20250424;000000;7297.56;7297.56;7297.56;7297.56;56240325645.52;0
MCFTR;D;20250425;000000;7460.24;7460.24;7460.24;7460.24;101002756950.9;0
MCFTR;D;20250428;000000;7548.62;7548.62;7548.62;7548.62;142384838969.73;0
MCFTR;D;20250429;000000;7357.96;7357.96;7357.96;7357.96;67941933900.17;0
MCFTR;D;20250430;000000;7260.46;7260.46;7260.46;7260.46;83173583444.46;0
MCFTR;D;20250502;000000;7057.04;7057.04;7057.04;7057.04;35546665389.24;0
MCFTR;D;20250505;000000;6815.95;6815.95;6815.95;6815.95;96852512302;0
MCFTR;D;20250506;000000;7018.2;7018.2;7018.2;7018.2;70341297565.96;0
MCFTR;D;20250507;000000;7050.6;7050.6;7050.6;7050.6;58928692210.85;0
MCFTR;D;20250508;000000;7095;7095;7095;7095;39773463974.6;0
MCFTR;D;20250512;000000;7292.2;7292.2;7292.2;7292.2;59831950649.59;0
MCFTR;D;20250513;000000;7305.54;7305.54;7305.54;7305.54;44273566802.89;0
MCFTR;D;20250514;000000;7277.37;7277.37;7277.37;7277.37;40661268655.02;0
MCFTR;D;20250515;000000;7067.92;7067.92;7067.92;7067.92;69588591440.84;0
MCFTR;D;20250516;000000;7072.41;7072.41;7072.41;7072.41;93558691080.35;0
MCFTR;D;20250519;000000;7178.16;7178.16;7178.16;7178.16;39326563680.63;0
MCFTR;D;20250520;000000;7030.72;7030.72;7030.72;7030.72;39769524063.87;0
MCFTR;D;20250521;000000;6996.26;6996.26;6996.26;6996.26;47379328607.95;0
MCFTR;D;20250522;000000;6952.88;6952.88;6952.88;6952.88;79283281484.76;0
MCFTR;D;20250523;000000;6897.95;6897.95;6897.95;6897.95;40903464636.02;0
MCFTR;D;20250526;000000;6722.99;6722.99;6722.99;6722.99;48164875027.23;0
MCFTR;D;20250527;000000;6814.9;6814.9;6814.9;6814.9;51811655333.26;0
MCFTR;D;20250528;000000;6935.55;6935.55;6935.55;6935.55;71681222468.08;0
MCFTR;D;20250529;000000;6997.16;6997.16;6997.16;6997.16;45009849636.55;0
MCFTR;D;20250530;000000;7044.2;7044.2;7044.2;7044.2;55208172949.3;0
MCFTR;D;20250602;000000;7078.18;7078.18;7078.18;7078.18;65727573139.91;0
MCFTR;D;20250603;000000;7176.17;7176.17;7176.17;7176.17;60948043582.13;0
MCFTR;D;20250604;000000;7182.7;7182.7;7182.7;7182.7;80568418214.68;0
MCFTR;D;20250605;000000;7233.27;7233.27;7233.27;7233.27;40450527964.88;0
MCFTR;D;20250606;000000;7054.88;7054.88;7054.88;7054.88;154530227785.08;0
MCFTR;D;20250609;000000;6942.41;6942.41;6942.41;6942.41;51603508942.69;0
MCFTR;D;20250610;000000;6903.38;6903.38;6903.38;6903.38;55508204389.53;0
MCFTR;D;20250611;000000;6930.84;6930.84;6930.84;6930.84;41462363496.51;0
MCFTR;D;20250613;000000;6974.25;6974.25;6974.25;6974.25;30849957540.22;0
MCFTR;D;20250616;000000;6942.58;6942.58;6942.58;6942.58;48522580799.06;0
MCFTR;D;20250617;000000;7072.18;7072.18;7072.18;7072.18;49557369072.27;0
MCFTR;D;20250618;000000;7079.51;7079.51;7079.51;7079.51;46739818362.12;0
MCFTR;D;20250619;000000;7059.17;7059.17;7059.17;7059.17;57804054062.32;0
MCFTR;D;20250620;000000;6976.07;6976.07;6976.07;6976.07;51538481562.4;0
MCFTR;D;20250623;000000;6997.95;6997.95;6997.95;6997.95;45783765846.24;0
MCFTR;D;20250624;000000;6960.62;6960.62;6960.62;6960.62;47521354595.73;0
MCFTR;D;20250625;000000;7076.84;7076.84;7076.84;7076.84;48303135160.49;0
MCFTR;D;20250626;000000;7093.3;7093.3;7093.3;7093.3;38331797758.76;0
MCFTR;D;20250627;000000;7115.72;7115.72;7115.72;7115.72;45799679868.73;0
MCFTR;D;20250630;000000;7220.37;7220.37;7220.37;7220.37;66484573184.81;0
MCFTR;D;20250701;000000;7223.06;7223.06;7223.06;7223.06;69425672392.96;0
MCFTR;D;20250702;000000;7138.92;7138.92;7138.92;7138.92;63635726178.04;0
MCFTR;D;20250703;000000;7159.41;7159.41;7159.41;7159.41;77723857740.58;0
MCFTR;D;20250704;000000;7104.41;7104.41;7104.41;7104.41;45863630117.59;0
MCFTR;D;20250707;000000;7002.43;7002.43;7002.43;7002.43;46525801142.75;0
MCFTR;D;20250708;000000;7002.28;7002.28;7002.28;7002.28;50788012422.24;0
MCFTR;D;20250709;000000;6852.02;6852.02;6852.02;6852.02;64573723902.36;0
MCFTR;D;20250710;000000;6957;6957;6957;6957;53613145970.75;0
MCFTR;D;20250711;000000;6754.21;6754.21;6754.21;6754.21;81023378446.44;0
MCFTR;D;20250714;000000;6938.58;6938.58;6938.58;6938.58;81246713321.75;0
MCFTR;D;20250715;000000;7049.16;7049.16;7049.16;7049.16;64553644858.12;0
MCFTR;D;20250716;000000;7100.83;7100.83;7100.83;7100.83;62784837821.98;0
MCFTR;D;20250717;000000;7105.07;7105.07;7105.07;7105.07;71686135900.71;0
MCFTR;D;20250718;000000;7300.95;7300.95;7300.95;7300.95;100404687263.68;0
MCFTR;D;20250721;000000;7398.35;7398.35;7398.35;7398.35;57107301321.22;0
MCFTR;D;20250722;000000;7408.39;7408.39;7408.39;7408.39;49402127980.31;0
MCFTR;D;20250723;000000;7449.16;7449.16;7449.16;7449.16;53230259496.54;0
MCFTR;D;20250724;000000;7361.41;7361.41;7361.41;7361.41;41483352500.08;0
MCFTR;D;20250725;000000;7268.86;7268.86;7268.86;7268.86;84093025461.33;0
MCFTR;D;20250728;000000;7160.29;7160.29;7160.29;7160.29;85897967461.24;0
MCFTR;D;20250729;000000;7231.87;7231.87;7231.87;7231.87;55423064774.49;0
MCFTR;D;20250730;000000;7147.87;7147.87;7147.87;7147.87;38494074538.53;0
MCFTR;D;20250731;000000;7163.29;7163.29;7163.29;7163.29;56396889695.86;0
MCFTR;D;20250801;000000;7152.44;7152.44;7152.44;7152.44;35703010901.17;0
MCFTR;D;20250804;000000;7272.71;7272.71;7272.71;7272.71;44018675048.71;0
MCFTR;D;20250805;000000;7305.54;7305.54;7305.54;7305.54;47495676390.44;0
MCFTR;D;20250806;000000;7248.51;7248.51;7248.51;7248.51;51260270133.15;0
MCFTR;D;20250807;000000;7541.66;7541.66;7541.66;7541.66;140742015844.06;0
MCFTR;D;20250808;000000;7668.03;7668.03;7668.03;7668.03;72584470577.05;0
MCFTR;D;20250811;000000;7771.65;7771.65;7771.65;7771.65;83503648176.61;0
MCFTR;D;20250812;000000;7805.81;7805.81;7805.81;7805.81;58658266015.1;0
MCFTR;D;20250813;000000;7797.09;7797.09;7797.09;7797.09;61376520416.85;0
MCFTR;D;20250814;000000;7808.42;7808.42;7808.42;7808.42;70968917722.65;0
MCFTR;D;20250815;000000;7899.56;7899.56;7899.56;7899.56;63536795939.92;0
MCFTR;D;20250818;000000;7740.03;7740.03;7740.03;7740.03;54128739716.27;0
MCFTR;D;20250819;000000;7777.8;7777.8;7777.8;7777.8;57804101035.2;0
MCFTR;D;20250820;000000;7712.55;7712.55;7712.55;7712.55;47978860165.93;0
MCFTR;D;20250821;000000;7562.33;7562.33;7562.33;7562.33;70997427899.33;0
MCFTR;D;20250822;000000;7597.11;7597.11;7597.11;7597.11;46748767886.65;0
MCFTR;D;20250825;000000;7572.14;7572.14;7572.14;7572.14;42406521988.24;0
MCFTR;D;20250826;000000;7568.55;7568.55;7568.55;7568.55;32545421575.34;0
MCFTR;D;20250827;000000;7635.72;7635.72;7635.72;7635.72;45517659794.78;0
MCFTR;D;20250828;000000;7638.97;7638.97;7638.97;7638.97;35064336109.33;0
MCFTR;D;20250829;000000;7603.98;7603.98;7603.98;7603.98;66332952970.43;0
MCFTR;D;20250901;000000;7571.43;7571.43;7571.43;7571.43;32079260883.28;0
MCFTR;D;20250902;000000;7462.38;7462.38;7462.38;7462.38;50263918444.23;0
MCFTR;D;20250903;000000;7520.5;7520.5;7520.5;7520.5;32605528629.11;0
MCFTR;D;20250904;000000;7536.63;7536.63;7536.63;7536.63;39157301045.21;0
MCFTR;D;20250905;000000;7609.41;7609.41;7609.41;7609.41;33600744619.88;0
MCFTR;D;20250908;000000;7662.31;7662.31;7662.31;7662.31;36851331321.29;0
MCFTR;D;20250909;000000;7699.92;7699.92;7699.92;7699.92;47316620743.38;0
MCFTR;D;20250910;000000;7643.01;7643.01;7643.01;7643.01;41615897846.41;0
MCFTR;D;20250911;000000;7626.96;7626.96;7626.96;7626.96;68048594152.07;0
MCFTR;D;20250912;000000;7447.55;7447.55;7447.55;7447.55;87120713302.04;0
MCFTR;D;20250915;000000;7369.19;7369.19;7369.19;7369.19;52306902608.44;0
MCFTR;D;20250916;000000;7350.62;7350.62;7350.62;7350.62;60691941337.48;0
MCFTR;D;20250917;000000;7380.18;7380.18;7380.18;7380.18;50228974688.93;0
MCFTR;D;20250918;000000;7326.52;7326.52;7326.52;7326.52;64534882685.2;0
MCFTR;D;20250919;000000;7207.14;7207.14;7207.14;7207.14;73445397049.38;0
MCFTR;D;20250922;000000;7188.78;7188.78;7188.78;7188.78;71914879430.62;0
MCFTR;D;20250923;000000;7234.91;7234.91;7234.91;7234.91;46006255800.79;0
MCFTR;D;20250924;000000;7142.93;7142.93;7142.93;7142.93;57979240371;0
MCFTR;D;20250925;000000;7103.85;7103.85;7103.85;7103.85;32472201237.77;0
MCFTR;D;20250926;000000;7154.49;7154.49;7154.49;7154.49;45149230788.07;0
MCFTR;D;20250929;000000;7050.67;7050.67;7050.67;7050.67;60633693285.05;0
MCFTR;D;20250930;000000;7052.01;7052.01;7052.01;7052.01;59396346361.56;0
MCFTR;D;20251001;000000;6956.01;6956.01;6956.01;6956.01;51408354634.92;0
MCFTR;D;20251002;000000;6916.12;6916.12;6916.12;6916.12;47729249575.8;0
MCFTR;D;20251003;000000;6843.81;6843.81;6843.81;6843.81;45145995158.88;0
MCFTR;D;20251006;000000;6975.37;6975.37;6975.37;6975.37;70035449028.79;0
MCFTR;D;20251007;000000;7028.31;7028.31;7028.31;7028.31;51112468889.2;0
MCFTR;D;20251008;000000;6748.9;6748.9;6748.9;6748.9;86984564692.56;0
MCFTR;D;20251009;000000;6948.69;6948.69;6948.69;6948.69;105242727440.35;0
MCFTR;D;20251010;000000;6817.51;6817.51;6817.51;6817.51;56917663961.79;0
MCFTR;D;20251013;000000;6795.21;6795.21;6795.21;6795.21;60667691931.98;0
MCFTR;D;20251014;000000;6714.13;6714.13;6714.13;6714.13;50230320978.52;0
MCFTR;D;20251015;000000;6723.98;6723.98;6723.98;6723.98;54821947330.15;0
MCFTR;D;20251016;000000;6889.25;6889.25;6889.25;6889.25;68682717193.55;0
MCFTR;D;20251017;000000;7188.73;7188.73;7188.73;7188.73;69444543731.4;0
MCFTR;D;20251020;000000;7252.2;7252.2;7252.2;7252.2;50206066323.84;0
MCFTR;D;20251021;000000;6955.2;6955.2;6955.2;6955.2;76965518204.66;0
MCFTR;D;20251022;000000;7009.58;7009.58;7009.58;7009.58;44652274062.64;0
MCFTR;D;20251023;000000;6792.05;6792.05;6792.05;6792.05;61740731854.36;0
MCFTR;D;20251024;000000;6721.4;6721.4;6721.4;6721.4;71140729190.17;0
MCFTR;D;20251027;000000;6544.01;6544.01;6544.01;6544.01;66502938496.43;0
MCFTR;D;20251028;000000;6592.36;6592.36;6592.36;6592.36;59841714079.61;0
MCFTR;D;20251029;000000;6667.03;6667.03;6667.03;6667.03;43311229865.05;0
MCFTR;D;20251030;000000;6757.21;6757.21;6757.21;6757.21;56066023097.96;0
MCFTR;D;20251031;000000;6671.92;6671.92;6671.92;6671.92;31954746462.1;0
MCFTR;D;20251101;000000;6691.63;6691.63;6691.63;6691.63;12293466422.52;0
MCFTR;D;20251103;000000;6792.82;6792.82;6792.82;6792.82;17869489012.68;0
MCFTR;D;20251105;000000;6728.51;6728.51;6728.51;6728.51;47540011714.06;0
MCFTR;D;20251106;000000;6718.15;6718.15;6718.15;6718.15;28465685445.47;0
MCFTR;D;20251107;000000;6780.82;6780.82;6780.82;6780.82;41252834797.5;0
MCFTR;D;20251110;000000;6760.16;6760.16;6760.16;6760.16;54985990789.71;0
MCFTR;D;20251111;000000;6780.16;6780.16;6780.16;6780.16;34174826168.39;0
MCFTR;D;20251112;000000;6701.03;6701.03;6701.03;6701.03;49622476036.26;0
MCFTR;D;20251113;000000;6719.89;6719.89;6719.89;6719.89;49239634248.15;0
MCFTR;D;20251114;000000;6673.18;6673.18;6673.18;6673.18;41625685527.2;0
MCFTR;D;20251117;000000;6633.44;6633.44;6633.44;6633.44;44593116099.72;0
MCFTR;D;20251118;000000;6771.97;6771.97;6771.97;6771.97;84984904108.65;0
MCFTR;D;20251119;000000;6991.13;6991.13;6991.13;6991.13;112974698957;0
MCFTR;D;20251120;000000;6944.34;6944.34;6944.34;6944.34;57179552425.69;0
MCFTR;D;20251121;000000;7094.2;7094.2;7094.2;7094.2;62103278268.31;0
MCFTR;D;20251124;000000;7014.43;7014.43;7014.43;7014.43;56176173894.58;0
MCFTR;D;20251125;000000;7096.63;7096.63;7096.63;7096.63;54439466329.66;0
MCFTR;D;20251126;000000;7050.21;7050.21;7050.21;7050.21;22940136033.11;0
MCFTR;D;20251127;000000;6926;6926;6926;6926;48473260066.19;0
MCFTR;D;20251128;000000;7071.45;7071.45;7071.45;7071.45;47725085596.55;0
MCFTR;D;20251201;000000;7099.22;7099.22;7099.22;7099.22;45867079858.8;0
MCFTR;D;20251202;000000;7047.09;7047.09;7047.09;7047.09;35458506865.41;0
MCFTR;D;20251203;000000;7006.16;7006.16;7006.16;7006.16;38777620458.29;0
MCFTR;D;20251204;000000;7020.48;7020.48;7020.48;7020.48;27064354642.8;0
MCFTR;D;20251205;000000;7163.6;7163.6;7163.6;7163.6;63729346224.98;0
MCFTR;D;20251208;000000;7147.4;7147.4;7147.4;7147.4;49987817536.97;0
MCFTR;D;20251209;000000;7140.93;7140.93;7140.93;7140.93;38323911319.76;0
MCFTR;D;20251210;000000;7188.33;7188.33;7188.33;7188.33;29770372766.31;0
MCFTR;D;20251211;000000;7263.02;7263.02;7263.02;7263.02;64571117536.47;0
MCFTR;D;20251212;000000;7238.08;7238.08;7238.08;7238.08;49286655394.99;0
MCFTR;D;20251215;000000;7263.02;7263.02;7263.02;7263.02;42453166115.77;0
MCFTR;D;20251216;000000;7329.87;7329.87;7329.87;7329.87;48399192620.55;0
MCFTR;D;20251217;000000;7291.56;7291.56;7291.56;7291.56;59480135220.56;0
MCFTR;D;20251218;000000;7273.96;7273.96;7273.96;7273.96;72873454471.76;0
MCFTR;D;20251219;000000;7248.21;7248.21;7248.21;7248.21;99861443654.77;0
MCFTR;D;20251222;000000;7187.14;7187.14;7187.14;7187.14;63597635442.64;0
MCFTR;D;20251223;000000;7212.01;7212.01;7212.01;7212.01;56051636191;0
MCFTR;D;20251224;000000;7197.83;7197.83;7197.83;7197.83;38933276037.26;0
MCFTR;D;20251225;000000;7182.22;7182.22;7182.22;7182.22;31869623780.63;0
MCFTR;D;20251226;000000;7290.11;7290.11;7290.11;7290.11;54593962411.48;0
MCFTR;D;20251229;000000;7256.08;7256.08;7256.08;7256.08;91191850807.04;0
MCFTR;D;20251230;000000;7321.15;7321.15;7321.15;7321.15;39764162788.75;0
MCFTR;D;20260105;000000;7295.93;7295.93;7295.93;7295.93;24102395461.66;0
MCFTR;D;20260106;000000;7293.92;7293.92;7293.92;7293.92;23081588267.9;0
MCFTR;D;20260108;000000;7226.98;7226.98;7226.98;7226.98;19035664259;0
MCFTR;D;20260109;000000;7249;7249;7249;7249;13430289341.37;0
MCFTR;D;20260112;000000;7269.96;7269.96;7269.96;7269.96;62785178373.96;0
MCFTR;D;20260113;000000;7256.48;7256.48;7256.48;7256.48;48151107332.6;0
MCFTR;D;20260114;000000;7272.01;7272.01;7272.01;7272.01;54954268909.85;0
MCFTR;D;20260115;000000;7268.32;7268.32;7268.32;7268.32;33985595282.48;0
MCFTR;D;20260116;000000;7355.58;7355.58;7355.58;7355.58;48834080792.7;0
MCFTR;D;20260119;000000;7399.98;7399.98;7399.98;7399.98;42997249056.3;0
MCFTR;D;20260120;000000;7367.21;7367.21;7367.21;7367.21;44996433297.97;0
MCFTR;D;20260121;000000;7454.55;7454.55;7454.55;7454.55;64573912225.61;0
MCFTR;D;20260122;000000;7447.8;7447.8;7447.8;7447.8;56685448746.46;0
MCFTR;D;20260123;000000;7472.74;7472.74;7472.74;7472.74;30335507986;0
MCFTR;D;20260126;000000;7448.15;7448.15;7448.15;7448.15;47826660339.44;0
MCFTR;D;20260127;000000;7483.77;7483.77;7483.77;7483.77;62275997065.99;0
MCFTR;D;20260128;000000;7501.58;7501.58;7501.58;7501.58;58672705400.61;0
MCFTR;D;20260129;000000;7527.81;7527.81;7527.81;7527.81;143296634988.77;0
MCFTR;D;20260130;000000;7487.4;7487.4;7487.4;7487.4;73328350551.28;0
MCFTR;D;20260202;000000;7449.25;7449.25;7449.25;7449.25;65784537056.06;0
MCFTR;D;20260203;000000;7496.58;7496.58;7496.58;7496.58;61140182149.91;0
MCFTR;D;20260204;000000;7470.1;7470.1;7470.1;7470.1;66705189660.34;0
MCFTR;D;20260205;000000;7364.68;7364.68;7364.68;7364.68;65632038368.99;0
MCFTR;D;20260206;000000;7360.11;7360.11;7360.11;7360.11;45641330823.47;0
MCFTR;D;20260209;000000;7333.77;7333.77;7333.77;7333.77;41704683208.22;0
MCFTR;D;20260210;000000;7310.63;7310.63;7310.63;7310.63;52256690015.05;0
MCFTR;D;20260211;000000;7420.17;7420.17;7420.17;7420.17;70707043718.93;0
MCFTR;D;20260212;000000;7441.45;7441.45;7441.45;7441.45;44712511301.84;0
MCFTR;D;20260213;000000;7470.19;7470.19;7470.19;7470.19;79418744465.47;0
MCFTR;D;20260216;000000;7487.03;7487.03;7487.03;7487.03;59730540290.81;0
MCFTR;D;20260217;000000;7440.56;7440.56;7440.56;7440.56;48913353751.87;0
MCFTR;D;20260218;000000;7477.56;7477.56;7477.56;7477.56;58173615403.3;0
MCFTR;D;20260219;000000;7460.77;7460.77;7460.77;7460.77;50412310912.81;0
MCFTR;D;20260220;000000;7481.65;7481.65;7481.65;7481.65;48209046212.1;0
MCFTR;D;20260224;000000;7472.91;7472.91;7472.91;7472.91;48993351146.47;0
MCFTR;D;20260225;000000;7521.45;7521.45;7521.45;7521.45;48746320083.29;0
MCFTR;D;20260226;000000;7495.05;7495.05;7495.05;7495.05;34975479865.09;0
MCFTR;D;20260227;000000;7531.54;7531.54;7531.54;7531.54;41384141756.16;0
MCFTR;D;20260302;000000;7629.78;7629.78;7629.78;7629.78;115828257908.29;0
MCFTR;D;20260303;000000;7601.5;7601.5;7601.5;7601.5;93178483245.82;0
MCFTR;D;20260304;000000;7560.17;7560.17;7560.17;7560.17;64926651792.87;0
MCFTR;D;20260305;000000;7601.12;7601.12;7601.12;7601.12;53287164227.64;0
MCFTR;D;20260306;000000;7679.45;7679.45;7679.45;7679.45;94247339655.87;0
MCFTR;D;20260309;000000;7772.47;7772.47;7772.47;7772.47;78091669508.77;0
MCFTR;D;20260310;000000;7678.78;7678.78;7678.78;7678.78;80753396540.4;0
MCFTR;D;20260311;000000;7679.29;7679.29;7679.29;7679.29;51739292043.19;0
MCFTR;D;20260312;000000;7727.8;7727.8;7727.8;7727.8;45590362870.34;0
MCFTR;D;20260313;000000;7727.21;7727.21;7727.21;7727.21;50239868870.69;0
MCFTR;D;20260316;000000;7678.4;7678.4;7678.4;7678.4;70723689289.09;0
MCFTR;D;20260317;000000;7677.89;7677.89;7677.89;7677.89;44574461892.21;0
MCFTR;D;20260318;000000;7726.83;7726.83;7726.83;7726.83;85805000505.93;0
MCFTR;D;20260319;000000;7719.48;7719.48;7719.48;7719.48;99209476160.71;0
MCFTR;D;20260320;000000;7708.45;7708.45;7708.45;7708.45;59155686338.88;0
MCFTR;D;20260323;000000;7623.8;7623.8;7623.8;7623.8;119432170275.05;0
MCFTR;D;20260324;000000;7635.83;7635.83;7635.83;7635.83;55564279656.64;0
MCFTR;D;20260325;000000;7641.86;7641.86;7641.86;7641.86;40679208788.78;0
MCFTR;D;20260326;000000;7595.31;7595.31;7595.31;7595.31;67973519559.34;0
MCFTR;D;20260327;000000;7505.9;7505.9;7505.9;7505.9;72045978063.41;0
MCFTR;D;20260330;000000;7535.71;7535.71;7535.71;7535.71;68084780890.02;0
MCFTR;D;20260331;000000;7470.27;7470.27;7470.27;7470.27;59805588340.11;0
MCFTR;D;20260401;000000;7467.23;7467.23;7467.23;7467.23;54915977783.52;0
MCFTR;D;20260402;000000;7465;7465;7465;7465;51707861006.13;0
MCFTR;D;20260403;000000;7428.11;7428.11;7428.11;7428.11;58375468729.31;0
MCFTR;D;20260406;000000;7493.14;7493.14;7493.14;7493.14;58926990373.56;0
MCFTR;D;20260407;000000;7526.42;7526.42;7526.42;7526.42;56870857951.76;0
MCFTR;D;20260408;000000;7439.83;7439.83;7439.83;7439.83;46722241788.24;0
MCFTR;D;20260409;000000;7354.64;7354.64;7354.64;7354.64;45074107342.87;0
MCFTR;D;20260410;000000;7333.09;7333.09;7333.09;7333.09;33792553017.42;0
MCFTR;D;20260413;000000;7338.13;7338.13;7338.13;7338.13;45825970599.17;0
MCFTR;D;20260414;000000;7345.73;7345.73;7345.73;7345.73;41877655824.92;0
MCFTR;D;20260415;000000;7386;7386;7386;7386;44975548856.25;0
MCFTR;D;20260416;000000;7387.86;7387.86;7387.86;7387.86;51291499015.72;0
MCFTR;D;20260417;000000;7341.5;7341.5;7341.5;7341.5;68744075571.93;0
MCFTR;D;20260420;000000;7421.6;7421.6;7421.6;7421.6;50666063681.28;0
MCFTR;D;20260421;000000;7432.49;7432.49;7432.49;7432.49;51652341230.7;0
MCFTR;D;20260422;000000;7443.11;7443.11;7443.11;7443.11;37767570339.89;0
MCFTR;D;20260423;000000;7469.58;7469.58;7469.58;7469.58;31348137915.29;0
MCFTR;D;20260424;000000;7365.92;7365.92;7365.92;7365.92;53751356960.38;0
MCFTR;D;20260427;000000;7375.86;7375.86;7375.86;7375.86;30539901638.76;0
MCFTR;D;20260428;000000;7279.14;7279.14;7279.14;7279.14;50766375119.23;0
MCFTR;D;20260429;000000;7125.92;7125.92;7125.92;7125.92;76583018751.62;0
MCFTR;D;20260430;000000;7175.56;7175.56;7175.56;7175.56;43827614421.9;0
MCFTR;D;20260504;000000;7134.87;7134.87;7134.87;7134.87;41957003546.14;0
MCFTR;D;20260505;000000;7198.98;7198.98;7198.98;7198.98;46072662288.64;0
MCFTR;D;20260506;000000;7166.67;7166.67;7166.67;7166.67;44193038403.79;0
MCFTR;D;20260507;000000;7119.93;7119.93;7119.93;7119.93;26968137875.9;0
MCFTR;D;20260508;000000;7072.21;7072.21;7072.21;7072.21;19286605860.6;0
MCFTR;D;20260511;000000;7233.13;7233.13;7233.13;7233.13;17421793772.24;0
MCFTR;D;20260512;000000;7329.91;7329.91;7329.91;7329.91;40828342436.7;0
