date,mibid_1,mibor_1,miacr_1,mibid_7,mibor_7,miacr_7,mibid_30,mibor_30,miacr_30,mibid_90,mibor_90,miacr_90,mibid_180,mibor_180,miacr_180,mibid_360,mibor_360,miacr_360
2000-08-01,2.74,5.55,2.94,3.93,6.91,6.8,6.11,10.23,11.91,9.79,14.84,7.75,14.16,16.82,,17.32,22.77,
2000-08-02,1.89,4.17,2.67,3.7,6.63,3.79,5.56,9.83,8.97,9.34,14.12,8.19,13.48,16.82,,17.37,22.77,
2000-08-03,1.68,3.76,2.5,3.52,6.2,17.51,5.6,9.31,8.12,9.34,14.17,9.12,13.37,16.82,,17.37,22.77,
2000-08-04,1.28,3.21,1.53,3.46,5.98,7,5.31,9.05,3.06,10.19,14.85,11.25,14.45,17.82,,18.45,23.68,
2000-08-07,1.5,3.51,1.99,3.33,5.87,5.85,4.83,9.03,10.44,9.29,14.17,18,13.37,16.82,,17.37,22.77,
2000-08-08,1.32,3.25,2.2,3.25,5.84,5.92,5.43,9.39,2.4,9.9,14.37,,14.45,17.82,,18.45,23.68,
2000-08-09,1.41,3.32,2.43,3.23,5.83,5.72,4.73,9.04,9,9.17,13.98,,13.41,16.82,,17.37,22.77,
2000-08-10,1.59,3.53,3.49,3.35,6.2,5.14,4.83,8.91,8.04,9.19,14.23,9,13.34,16.82,,17.37,22.77,
2000-08-11,1.3,3.3,2.35,3.18,5.84,4.26,4.68,9.05,5.33,9.07,13.98,18,13.26,16.33,,17.08,22.21,
2000-08-14,1.54,3.55,2.66,3.35,5.83,5.66,4.6,9.15,7.06,9.07,13.98,8.9,13.26,15.93,,17.08,22.01,
2000-08-15,1.64,3.68,7.2,3.28,5.99,6.04,4.68,9.08,9,9.07,13.98,9.86,13.23,15.93,,17.08,22.01,
2000-08-16,3.96,8.05,9.01,4.67,8.12,6.14,5.68,11.19,8.78,9.64,15.73,,14.13,20.13,5,17.65,23.61,
2000-08-17,3.15,6.78,4.24,4.44,7.52,5.88,5.78,10.42,6.98,9.54,15.61,,13.73,19.93,,17.65,24.61,
2000-08-18,2,4.65,6.26,3.71,6.99,7.37,5.41,10.52,12.18,9.24,15.28,,13.95,19.93,20,17.65,24.61,
2000-08-21,2.74,5.65,8.6,4.22,7.55,6.61,6.01,10.54,14.19,9.34,15.39,,13.95,19.93,,17.65,24.61,26
2000-08-22,4.03,7.46,7.86,5.65,8.76,7.87,6.63,11.33,11,10.64,16.28,,14.38,19.53,19.5,18.65,24.61,
2000-08-23,3.94,7.29,5.53,5.68,8.97,12.22,6.7,11.18,2.35,10.6,16.34,14,14.32,19.32,,18.61,24.5,
2000-08-24,3.39,6.25,4.53,5.34,8.51,8.64,6.65,11.16,14.4,10.37,16.2,12,14.32,19.32,,18.61,24.5,
2000-08-25,2.46,5.21,3.12,4.73,7.81,5.33,6.76,11.94,12.01,10.37,16.2,,14.32,19.32,,18.61,24.5,
2000-08-28,2.26,5.11,3.61,4.1,7.01,7.92,5.94,10.74,5.3,10.45,16.17,5.5,14.32,19.32,,18.61,24.5,
2000-08-29,2.27,4.99,4.09,4.34,7.43,12.73,5.66,10.52,15.86,9.45,13.7,,13.32,17.72,,17.89,24.3,
2000-08-30,2.48,5.21,5.03,4.51,7.42,17.16,6.2,11.33,8.82,10.45,16.17,,14.32,19.32,,18.61,24.5,
2000-08-31,4.71,8.44,8.54,5.77,9.04,12,6.78,11.68,9.19,10.55,16.28,12.32,14.44,19.52,,18.89,24.5,
2000-09-01,3.41,6.69,2.57,4.96,8.38,3.18,6.15,11.38,7.75,9.96,15.25,11.07,13.84,18.1,,17.78,22.58,
2000-09-04,2.19,4.74,2.16,3.96,7.02,6.2,5.85,9.72,12.92,9.87,14.95,,13.51,17.6,,17.78,22.58,
2000-09-05,1.69,4.04,2.55,3.71,6.5,4.46,5.47,9.75,18,9.37,14.4,,13.63,17.1,,17.28,21.91,
2000-09-06,1.6,3.79,2.43,3.71,6.62,25.21,5.43,9.52,1.28,8.74,13.64,16.12,12.8,16.85,,16.95,22.3,
2000-09-07,1.57,3.71,2.18,3.81,6.72,1.75,5.44,9.59,5,9.09,14.13,10.66,13.23,17.1,,17.28,21.91,
2000-09-08,1.16,3.01,1.55,3.67,6.31,3.36,5.3,9.45,5.5,9.08,14.13,,13.08,16.79,,17.09,21.66,
2000-09-11,1.49,3.37,2.1,3.6,6.38,5.85,5.3,9.51,7.15,9.12,14.13,,13.03,16.79,,17.09,21.66,
2000-09-12,1.45,3.3,2.1,3.53,6.45,6.91,5.37,9.56,8.19,9.08,14.13,25,13.03,16.79,,17.09,21.66,
2000-09-13,1.31,3.16,2.14,3.59,6.21,6.89,5.28,9.51,8.75,9.4,14.29,13,12.97,16.79,,17.09,21.66,
2000-09-14,1.31,3.1,1.99,3.6,6.29,4.57,5.21,9.58,5.18,8.81,13.54,10,12.47,15.96,,16.47,21.5,
2000-09-15,1.05,2.84,2.08,3.24,5.86,4.3,5.03,9.69,9,8.81,13.54,17.71,12.47,15.96,,16.34,21.33,
2000-09-18,1.45,3.53,3.48,3.51,6.22,5.9,5.23,9.95,8.29,9.38,14.27,25.74,13.03,16.79,17,16.97,21.5,
2000-09-19,1.93,4.14,3.35,3.89,6.38,5.95,5.24,9.97,10.67,9.4,14.29,10.25,12.86,16.79,,16.97,21.5,
2000-09-20,2.07,4.22,3.22,3.7,6.7,8.69,5.38,9.86,8.47,9.12,14.17,,12.97,16.79,,16.97,21.5,
2000-09-21,2.05,4.13,3.04,3.82,6.79,6.74,5.26,9.49,7.89,9.12,14.17,23.4,12.97,16.79,,16.97,21.5,
2000-09-22,1.71,3.73,2.47,3.48,6.29,3.54,5.32,9.69,9.12,9.09,13.97,12,13,16.79,,16.97,21.5,
2000-09-25,2,4.12,2.67,3.99,6.75,6.18,5.32,9.63,11.42,8.68,14.15,13.36,12.11,16.79,,16.47,21.5,31
2000-09-26,1.88,4,2.74,3.87,6.81,7.11,5.32,9.7,11,8.7,14.17,,12.11,16.79,,16.47,21.5,
2000-09-27,1.94,4.14,2.98,3.88,6.77,7.15,5.35,9.76,8.97,8.78,14.17,,12.11,16.79,,16.47,21.5,
2000-09-28,2.09,4.25,9.51,4.09,6.88,10.84,5.69,9.99,6.51,8.87,14.17,,12.14,16.79,28,16.47,21.5,
2000-09-29,4.58,8.62,9.49,5.15,8.4,9.35,5.87,9.93,3,8.87,14.17,13.17,12.14,16.79,,16.47,21.5,
2000-10-02,3.17,6.37,3.12,4.36,7.85,7.8,6.06,10.15,10.02,9.31,14.49,13.74,12.14,16.79,,16.47,21.5,
2000-10-03,2.06,4.19,3.18,3.87,7.11,6.09,5.71,10.28,8.52,8.87,14.08,13.56,12.11,16.79,25,16.47,21.5,
2000-10-04,1.95,4.15,2.79,3.75,6.65,6.38,5.37,9.82,7.68,8.45,13.63,1.67,11.55,15.62,,15.09,19.66,
2000-10-05,1.93,4.02,2.56,3.79,6.54,2.63,5.31,10.58,12.4,8.41,13.49,9,11.42,15.62,,15.09,19.66,
2000-10-06,1.64,3.66,1.49,3.47,6.22,3.74,5.26,9.6,9.07,8.45,13.54,,11.59,15.62,,15.22,19.83,
2000-10-09,1.79,4.48,2.6,3.59,6.4,4.66,5.41,9.69,9.65,8.45,13.54,11.06,11.59,15.62,,15.22,19.83,26
2000-10-10,1.84,3.92,2.81,3.54,6.52,6.84,5.33,9.63,9.84,8.58,13.79,,11.59,15.62,,15.22,19.83,26
2000-10-11,1.91,4.11,3.12,3.55,6.55,5.46,5.19,9.7,8.13,8.37,13.54,15,11.59,15.62,,15.22,19.83,
2000-10-12,2.11,4.24,3.49,3.68,6.66,5.35,5.3,9.67,5.16,8.37,13.54,12.53,11.59,15.62,25,15.22,19.83,
2000-10-13,1.98,4.12,3.15,3.73,6.66,4.85,5.37,9.78,6.9,8.37,13.54,11.37,11.59,15.62,,15.22,19.83,
2000-10-16,2.17,4.33,5.63,3.77,6.63,6.03,5.33,9.76,11.45,8.37,13.54,14.61,11.59,15.62,28,15.22,19.83,
2000-10-17,3.52,6.34,9.55,4.53,7.45,8.68,5.46,9.43,11.54,8.37,13.54,10.36,11.59,15.62,,15.22,19.83,
2000-10-18,4.91,8.26,4.47,5.23,8.32,7.19,6.09,10.04,9.54,9.31,14.29,,11.59,15.62,,15.22,19.83,
2000-10-19,3.12,5.98,3.22,4.52,7.29,5.63,6.1,10.49,12.09,9.44,14.2,13.71,12.03,16.02,,15.44,19.85,
2000-10-20,2.06,4.21,2.25,4.08,6.79,3.06,5.78,10.16,7.49,9.17,14,10.79,12.03,16.02,,15.44,19.98,
2000-10-23,2.21,4.42,4.84,4.29,7.14,5.63,6.05,10.36,10.84,9.35,14.2,,11.97,16.02,,15.44,19.85,
2000-10-24,3.02,5.58,7.82,4.74,7.63,6.26,6.35,10.68,12.68,9.44,14.6,14.58,11.97,16.02,,15.44,19.85,
2000-10-25,4.65,7.45,5.49,5.53,8.1,9.29,6.97,10.45,14.62,9.53,14.6,,12,16.02,,15.44,19.85,
2000-10-26,3,5.74,3.47,5.12,8.19,7.21,7.04,11.49,5,9.72,14.7,,12.02,16.02,,15.44,19.85,
2000-10-27,2.28,4.53,4.59,4.37,7.3,6.47,6.58,10.74,,9.35,14.4,,11.69,15.86,,15.44,19.85,
2000-10-30,3.91,6.71,11.17,5.29,8.29,13.18,6.79,11.24,12.02,9.62,14.9,7,12.3,16.86,10,15.69,20.18,
2000-10-31,8.6,13.11,18.42,6.54,10,15.14,7.72,12.01,5.75,10.26,15.5,15.33,12.41,17.02,,15.69,20.18,
2000-11-01,6.08,10.32,5.55,6.26,9.57,8.72,7.24,11.29,7.63,9.66,14.05,,12.52,16.09,,14.95,18.73,
2000-11-02,3.37,5.96,4.45,5.14,7.73,5.92,6.79,11.06,11.96,9.2,14.18,11,11.97,15.86,,15.56,19.85,
2000-11-03,3.12,5.59,4.36,4.85,7.58,6.42,6.52,10.81,14.65,9.2,14.18,8,11.91,15.86,28,15.56,19.85,
2000-11-06,2.69,5.38,7.76,4.62,7.14,5.92,6.67,10.47,6.29,9.18,13.82,,11.97,15.86,,15.56,19.85,
2000-11-07,2.69,5.38,7.76,4.62,7.14,5.92,6.67,10.47,6.29,9.18,13.82,,11.97,15.86,,15.56,19.85,
2000-11-08,3.49,6.44,14.48,4.9,7.5,9.87,6.56,10.93,9.22,9.16,14.09,,12.28,15.86,,15.56,19.85,
2000-11-09,7.68,12.45,18.73,6.76,9.94,10.78,7.71,12.26,11.19,10.32,14.91,,13.47,17.69,10,16.81,21.52,
2000-11-10,5.77,11.07,3.94,6.65,11.18,5.63,7.44,12.18,2.02,9.82,14.91,,12.86,16.86,,16.31,20.35,17
2000-11-13,3.58,6.41,8.35,5.08,7.8,4.28,6.77,10.52,11.21,9.24,14.36,,11.97,16.02,,15.31,19.52,
2000-11-14,5.71,10.47,22.59,6.41,9.91,9.92,7.77,12.79,9,10.07,15.09,,13.13,17.36,,16.56,20.85,
2000-11-15,13.01,21,23.73,9.04,13.93,12.39,9.26,14.41,16.42,12.17,17.4,18,13.78,18.03,,16.56,21.18,
2000-11-16,9.4,16.19,9.96,8.65,13.22,8.19,9.46,15.53,16.36,11.81,17.44,,12.8,18.16,,16.19,21.71,
2000-11-17,6.25,10.5,3.39,6.92,10.93,6.06,9.17,15.25,12.64,11.72,17.44,18.54,12.75,18.16,24.78,16.19,21.71,
2000-11-20,3.65,6.8,4.7,5.71,8.76,6.54,8.24,13.32,13.53,10.81,16.22,,11.97,16.66,,15.31,20.04,
2000-11-21,3.3,6.1,6.54,5.79,8.77,8.64,8.03,12.96,12.49,10.81,16.34,18,11.97,16.66,,15.31,20.04,
2000-11-22,3.54,7.25,4.71,5.88,9.49,5.26,8.17,13.82,11.84,10.81,16.04,,11.69,16.42,,15.56,20.88,
2000-11-23,2.89,6.14,3.35,5.55,8.85,5.79,8.1,13.68,11.49,11.45,16.74,11,12.69,17.66,,16.19,21.38,
2000-11-24,2.35,5.14,2.4,5.02,8.68,3.13,7.74,13.32,13.82,11.08,16.44,3.96,12.36,16.99,,15.69,20.71,
2000-11-27,2.71,5.45,3.3,5.28,8.46,10.41,8.33,13.93,12.74,11.18,16.44,10,12.3,16.99,,15.69,20.71,
2000-11-28,2.51,5.15,2.95,5.41,9.44,3.25,8.03,13.25,15.06,11.18,16.39,,12.41,16.99,,15.69,20.71,
2000-11-29,2.79,5.47,4.78,5.57,9.02,11.67,8.2,13.62,16.33,11.53,16.5,,12.86,17,,16.32,21,
2000-11-30,5.62,10.39,6.69,5.83,9.72,10.26,8.13,13.95,5.22,11.53,16.5,6.14,13.15,17,10,16.32,21,
2000-12-01,2.5,5.47,2.64,5.03,8.27,4.35,7.97,13.35,17.46,11.53,16.5,25,12.91,17,,16.32,21,15
2000-12-04,2.12,4.85,2.8,4.6,7.98,8.39,7.53,13.15,13.54,11.21,16.4,,12.63,17,,15.7,20.33,15
2000-12-05,2.14,4.41,2.45,4.73,7.58,5.04,7.6,12.69,4.2,10.99,16.1,18.05,12.58,16.69,,15.69,20.02,
2000-12-06,1.79,3.95,2.32,4.29,7.05,7.68,7.22,11.62,8.36,11.07,16.2,5.06,12.36,16.5,,15.33,19.83,
2000-12-07,1.75,3.82,2.28,4.59,7.48,5.72,7.21,12.12,7.54,10.81,15.9,3,12.25,16.19,,15.31,19.52,
2000-12-08,1.79,3.98,2.4,4.5,7.34,3.11,7.07,11.76,11.02,10.9,15.9,,12.36,16.19,,15.31,19.52,17
2000-12-11,1.59,3.83,2.53,4.52,7.25,2.42,7.18,11.87,11.5,10.9,15.9,,12.36,16.19,,15.31,19.52,
2000-12-12,1.59,3.83,2.53,4.52,7.25,2.42,7.18,11.87,11.5,10.9,15.9,,12.36,16.19,,15.31,19.52,
2000-12-13,1.69,3.96,3.26,4.62,7.18,6.37,7.23,12.18,12.37,11.25,16.2,20,12.78,16.5,,15.7,20.33,
2000-12-14,1.92,4.18,4.51,4.67,7.91,11.6,7.27,11.88,16.74,11.44,16.5,,12.58,17,,15.7,20.17,
2000-12-15,2.15,4.31,3.79,4.92,8.01,7.38,7.68,12.33,12.94,11.44,16.5,14,12.8,16.83,,15.95,20.33,
2000-12-18,2.68,5.27,5.39,4.73,8.04,8.54,7.77,13.23,13.1,11.44,16.27,17.36,12.91,16.83,,15.95,20.33,15
2000-12-19,3.06,6.1,3.78,5,8.47,4.73,8.2,13.68,15.48,11.07,16.34,21,12.36,16.5,,15.45,19.83,
2000-12-20,2.98,5.83,5.83,4.92,8.21,13.4,7.83,13.52,13.5,11.32,16.27,10,12.8,16.5,,15.7,20,
2000-12-21,3.75,6.95,6.73,5.17,8.82,10.54,7.83,13.75,14.82,11.4,16.73,,13.02,17.17,,16.33,21.83,
2000-12-22,3.73,7.35,5.18,5.12,8.95,8.25,7.87,13.87,14.97,11.4,16.73,16,13.02,17.17,,16.33,21.83,
2000-12-25,4.7,8.33,12,6.3,10.03,1.59,8.9,13.62,19.47,11.82,16.92,,13.36,17.83,,16.7,21.5,
2000-12-26,8.8,13.54,24.24,8.63,13.72,27,10.73,17.15,8.63,13.07,18.64,,14.47,19.5,,17.95,23.17,
2000-12-27,14.79,21.51,34.42,13.29,18.86,40,13,17.48,18.9,13.98,19.5,,14.47,19.67,,17.95,23.17,
2000-12-28,17.56,27.4,20.6,16.85,26.29,30.98,14.29,23.41,22.62,14.8,22.3,17,14.47,22.67,25,17.95,26,15
2000-12-29,13.93,21.27,21.7,15.02,21.45,15.17,14.85,21.8,8.25,14.62,20.8,10.88,14.24,19.67,10,17.95,23.5,
2001-01-01,13.93,21.27,21.7,15.02,21.45,15.17,14.85,21.8,8.25,14.62,20.8,10.88,14.24,19.67,10,17.95,23.5,
2001-01-02,13.93,21.27,21.7,15.02,21.45,15.17,14.85,21.8,8.25,14.62,20.8,10.88,14.24,19.67,10,17.95,23.5,
2001-01-03,8.71,14.72,4.48,9.77,16.61,10.25,11.14,19.8,11.82,14.23,21.02,,14.47,22.67,,17.95,26,
2001-01-04,3.43,6.45,2.28,5.55,9.53,10.97,9.08,15.74,8.69,13.51,19.42,,14.44,20.09,,18.68,24.43,
2001-01-05,1.92,4.19,1.59,4.53,7.97,1.99,7.87,13.39,7.89,12.33,18.22,14.15,14.44,20.09,,18.68,24.43,23.94
2001-01-08,1.92,4.19,1.59,4.53,7.97,1.99,7.87,13.39,7.89,12.33,18.22,14.15,14.44,20.09,,18.68,24.43,23.94
2001-01-09,2.18,4.78,1.73,4.38,7.15,3.9,7.83,12.74,13.93,12.24,18.32,17,14.44,20.09,,18.68,24.43,
2001-01-10,1.53,3.48,1.79,4.37,6.99,5.62,7.07,12.18,10.26,10.94,16.42,17,11.69,15.28,6,14.85,18.5,17
2001-01-11,1.53,3.59,3.26,4.3,7.22,5.19,7.2,11.96,9.08,10.75,15.92,,11.69,15.28,,14.85,18.5,
2001-01-12,1.97,4.08,2.96,4.18,7.06,3.73,7.1,11.76,13.04,10.75,15.92,9.25,11.69,15.28,,14.85,18.5,
2001-01-15,2.08,4.39,5.88,4.19,7,,7.18,12.52,8.75,10.94,16.55,,12.36,17.17,,16.01,21.5,
2001-01-16,3.22,6.01,5.36,5.02,8.33,5.36,7.36,13.16,8,11.07,16.55,,12.36,17.17,,16.01,21.5,
2001-01-17,2.55,5.2,2.52,4.81,7.68,7.62,7,12.3,10.91,10.89,16.35,4.99,12.36,17.17,,16.01,21.5,
2001-01-18,1.97,4.31,2.77,4.39,7.33,4.17,7,12.16,6.49,10.89,16.35,15.5,12.36,17.17,,16.01,21.5,22
2001-01-19,1.81,4.08,1.95,4.23,7.2,5.11,7,12.3,9.67,10.65,16.5,16.87,12.36,17.17,,16.01,21.5,
2001-01-22,1.86,4.24,3.03,4.38,7.18,3.68,7.14,12.3,10,10.89,16.35,,12.36,17.17,,16.01,21.5,22
2001-01-23,2.2,4.38,5.46,4.54,7.11,6.26,6.98,11.45,9.26,10.89,16.35,15,12.36,17.17,,16.01,21.5,
2001-01-24,3.45,5.83,6.13,4.95,7.79,9.48,7.14,11.42,11.24,10.53,15.6,15.08,12.13,16.33,,15.95,20.67,
2001-01-25,3.6,6.27,7.01,5.05,7.84,5.78,7.77,12.09,10.11,10.53,15.37,12.71,12.13,16.33,,15.95,20.67,20.57
2001-01-26,4.18,7.06,7.43,5.47,8.71,9.86,7.37,12.23,9.98,10.53,15.6,,12.13,16.33,1.5,15.95,20.67,1.5
2001-01-29,4.51,7.42,10.3,5.98,9.07,11.48,7.64,12.68,17.23,10.71,15.8,,12.13,16.33,,15.95,20.67,17
2001-01-30,7.42,11.58,14.54,7.08,10.9,15.63,8.22,13.37,17,10.8,15.9,13,12.13,16.33,,15.95,20.67,22
2001-01-31,10.64,15.98,14.12,8.41,12.45,13.84,9.23,14.33,13.15,11.98,17.7,10.7,13.58,19,10,17.2,22.83,
2001-02-01,6.14,10.64,5.12,6.95,10.45,8.17,8.87,13.61,12.37,11.32,16.71,17,13.19,18.04,,16.83,21.67,20.86
2001-02-02,2.62,5.02,2.42,5.16,8.07,5.05,7.86,12.22,8.67,10.96,16.21,25,12.75,17.21,,16.46,20.67,20.31
2001-02-05,1.92,4.43,2.77,5.21,8.19,7.05,8.23,13.58,16.13,11.69,17.61,,12.75,17.21,28,16.46,20.67,
2001-02-06,1.84,4.14,2.99,4.79,7.87,8.15,7.58,12.58,15.8,11.23,16.61,,12.75,17.21,,16.46,20.67,20
2001-02-07,2.03,4.27,3.78,4.63,7.59,7.82,7.33,12.25,7.85,10.89,16.2,,12.58,17.17,,16.2,20.67,22
2001-02-08,2.15,4.59,3.69,4.79,7.91,7.15,7.19,12.12,,11.23,16.61,,12.75,17.21,,16.46,20.67,
2001-02-09,1.95,4.03,2.71,4.48,7.46,3.36,7.33,11.83,6.18,10.96,16.21,15,12.64,17.21,,16.46,20.67,17
2001-02-12,1.95,4.3,3.86,4.43,7.49,6.98,7.33,12.01,6.55,10.96,16.21,23,12.75,17.21,,16.46,20.67,
2001-02-13,2.25,4.7,4.41,4.64,7.68,8.37,7.21,11.97,8.61,11,16.21,,12.64,17.21,,16.46,20.67,
2001-02-14,2.47,4.83,6.06,4.93,7.72,7.77,7.3,11.44,13.09,11,16.21,15,12.64,17.21,,16.46,20.67,20.32
2001-02-15,3.58,6.52,7.88,5.26,8.45,8.44,7.62,12.01,14.93,11.32,16.61,14,12.53,17.21,,16.46,20.67,
2001-02-16,3.81,6.83,5.62,5.01,8.46,5.16,7.48,11.87,6.8,11.05,16.21,,12.53,17.21,,16.46,20.67,
2001-02-19,3.3,6.03,6.45,5.16,8.15,8.14,7.88,11.59,19.94,11.05,16.21,12.01,12.53,17.21,,16.46,20.67,
2001-02-20,3.9,6.8,9.79,5.11,8.46,10.17,7.33,12.15,10.66,11.05,16.21,,12.53,17.21,20.75,16.46,20.67,24.63
2001-02-21,5.34,8.94,23.24,5.66,9.17,14.23,8.05,12.29,10.26,11.41,16.81,14,12.64,17.21,,16.46,20.67,22
2001-02-22,13.97,22.19,29.63,11.13,16.35,8.2,12.55,18.34,15.02,14.78,20.61,14,15.75,21.71,,19.33,25,
2001-02-23,9.68,16.66,6.28,9.03,14.6,7.37,10.01,15.74,13.82,12.87,18.41,,13.53,18.71,,16.83,22.67,21.1
2001-02-26,4.67,8.07,12.69,6.38,9.96,12.39,8.87,14.58,11.69,12.78,18.31,14.8,13.42,18.71,,16.83,22.67,
2001-02-27,9.65,15.71,46.42,8.68,13.75,12.05,9.83,15.22,20,12.78,18.51,14.86,13.53,18.71,,16.83,22.67,23
2001-02-28,25.8,42.84,54.38,13.51,21.14,16.78,11.51,16.62,49.15,13.96,19.71,14.31,13.75,18.71,,16.83,22.67,22
2001-03-01,17.41,31.18,30.83,12.54,19.93,10.32,13.8,20.56,14.65,14.05,19.51,,13.53,18.71,25,16.83,22.67,21
2001-03-02,11.95,21.59,9.75,10.82,18.44,10.16,11.48,18.58,14.89,14.14,19.61,,13.75,19.04,,16.83,22.67,21.32
2001-03-05,6.07,10.66,5.77,8.77,12.16,9.41,11.28,16.62,10.54,13.96,19.61,12,13.75,19.04,,16.83,22.67,20
2001-03-06,4.35,7.52,13.7,6.18,10.17,11.11,8.44,14.58,17,12,18.11,10.35,13.75,19.04,,16.83,22.67,26
2001-03-07,7.31,12,10.61,8.18,12.84,10.64,9.91,15.62,12.63,13.23,19.11,,13.75,19.04,28,16.83,22.67,
2001-03-08,7.31,12,10.61,8.18,12.84,10.64,9.91,15.62,12.63,13.23,19.11,,13.75,19.04,28,16.83,22.67,
2001-03-09,7.31,12,10.61,8.18,12.84,10.64,9.91,15.62,12.63,13.23,19.11,,13.75,19.04,28,16.83,22.67,
2001-03-12,5.85,9.54,4.74,8.55,12.98,9.01,11.29,16.74,11.76,13.38,20.61,2,13.49,20.74,,16.22,23.02,
2001-03-13,3.57,6.59,4.12,6.1,9.95,9.44,8.87,14.01,12.59,11.73,17.51,10.86,13.64,19.04,,16.83,22.67,
2001-03-14,2.87,5.7,3.65,5.18,8.39,7.63,7.76,12.94,15.92,10.41,16.01,,12.75,17.37,,15.96,20.5,21
2001-03-15,2.68,5.41,4.37,5.22,8.32,6.96,7.76,12.87,14.35,10.59,16.11,,12.86,17.37,,15.96,20.5,
2001-03-16,2.6,5.31,5.22,4.94,8.05,8.1,7.76,12.74,11.48,10.96,16.41,7,13.42,17.87,,16.46,21.17,
2001-03-19,3.38,6.52,8.36,5.67,9.07,23.2,8.41,13.37,12.82,10.69,16.21,17.49,12.97,17.37,,15.96,20.5,
2001-03-20,6.38,10.37,16.39,6.81,10.87,9.81,8.69,14.31,13.57,11.59,17.31,,13.64,18.71,,16.83,21.83,21
2001-03-21,10.14,15.78,9.56,8.76,13.37,13,9.91,15.81,15.72,11.96,17.71,,13.64,18.71,,16.83,21.83,
2001-03-22,4.84,8.86,3.79,6.78,10.66,7.68,8.98,14.37,,11.87,17.71,,13.64,18.71,,16.83,21.83,
2001-03-23,2.73,5.49,2.9,5.64,9.36,5.82,8.83,14.87,14.5,11.5,17.21,18.23,13.42,17.87,27,16.58,21,
2001-03-26,3.09,6.11,3.78,6.01,9.91,13.73,8.66,15.01,15.04,11.5,17.21,18.67,13.42,17.87,,16.58,21,
2001-03-27,3.54,6.76,6.04,6.16,10.17,9.96,8.73,14.79,17.07,11.14,16.81,,13.42,17.87,,16.58,21,20
2001-03-28,3.9,7.16,5.23,6.62,10.28,10.49,8.83,13.87,16.5,11.14,16.81,19.71,13.42,17.87,28,16.58,21,
2001-03-29,3.43,6.64,7.8,6.37,10.33,7.78,8.73,15.08,16.16,11.14,16.81,17.52,13.42,17.87,25,16.58,21,20
2001-03-30,6.79,11.36,15.2,7.08,11.02,11.65,8.97,14.93,5.75,11.23,17.01,7.55,13.42,18.21,10,16.58,21.33,20
2001-04-02,5.54,9.38,6.85,7.37,11.18,11.1,8.13,13.55,10.31,10.87,16.71,11.54,12.86,17.87,,15.83,21,10
2001-04-03,4.64,7.89,5.04,6.57,9.71,9.35,8.51,13.38,19.74,11.32,17.21,,13.42,18.21,28,16.58,21.33,
2001-04-04,3.21,6.24,3.57,5.68,9.21,12.91,7.8,13.78,11.53,11.14,17.11,,13.42,18.21,,16.58,21.33,
2001-04-05,3.04,5.81,4.45,5.61,9.47,10.07,8.4,13.42,12.6,10.87,16.91,,13.42,18.21,,16.58,21.33,
2001-04-06,2.8,5.41,3.45,5.37,8.33,3.46,7.44,12.44,11.71,10.69,16.61,10.61,13.42,18.21,,16.58,21.33,10
2001-04-09,3.15,5.68,15.2,5.64,8.63,13.07,7.81,13.05,12,10.79,16.71,10.64,13.51,18.25,26.59,16.77,21.42,10
2001-04-10,10.21,17.38,19.15,7.83,12.74,16.48,9.45,15.62,12.99,11.97,17.41,,14.62,19.75,,18.27,23.09,10
2001-04-11,7.25,12.51,4.57,8.38,12.69,7.66,9.59,15.98,,13.06,18.81,15,14.62,19.75,,18.27,23.09,
2001-04-12,3.35,6.61,6.15,5.72,9.17,8.94,7.77,13.26,12.12,10.88,16.41,21.15,12.96,17.25,,16.14,20.59,
2001-04-13,4.06,7.74,10.43,6.17,10.1,13.47,8.31,14.76,,11.33,17.21,23,13.51,18.59,,16.64,21.92,
2001-04-16,4.5,7.92,7.43,6.72,10.18,14.96,8.51,13.87,10.08,11.5,17.11,,13.08,17.87,,16.21,20.83,
2001-04-17,4.86,8.14,6.68,6.56,9.77,10.89,8.56,13.74,10,11.43,17.01,14.85,13.18,17.92,,16.39,20.92,
2001-04-18,3.89,7.07,4.23,5.93,9.45,8.62,8.09,13.84,12.85,11.33,16.91,,13.18,17.92,,16.39,20.92,
2001-04-19,3.38,6.33,7.03,5.54,8.89,8.47,7.74,12.91,15.11,10.79,16.41,17.5,13.18,17.92,,16.39,20.92,22
2001-04-20,4.39,7.65,10.46,5.87,9.52,10.57,7.84,13.83,11,10.79,16.41,,13.18,17.92,,16.39,20.92,10
2001-04-23,6.01,10.69,20.8,6.63,10.27,12.6,8.45,14.62,16.29,10.79,16.41,,13.18,17.92,18.5,16.4,20.92,
2001-04-24,9.67,15.97,10.12,9.82,13.88,14,11.87,16.68,18,13.97,19.41,,14.18,18.75,,17.39,21.92,
2001-04-25,6.27,10.8,4.89,8.53,12.17,7,10.95,15.97,17.5,13.61,19.41,16,13.74,18.59,,17.02,21.92,
2001-04-26,3.91,7.4,9.17,6.07,10.08,15.22,8.34,13.98,13.21,10.88,16.21,20,13.18,17.42,15.5,16.39,20.76,
2001-04-27,6.76,11.72,15.8,8.38,12.99,17.61,9.59,15.98,22.12,12.06,17.61,18.75,14.62,19.92,23.1,18.07,23.09,
2001-04-30,9.18,16.06,24.5,8.39,15.07,28.06,9.67,16.12,20,12.24,17.71,10.27,14.4,19.59,,17.64,22.76,10
2001-05-01,9.18,16.06,24.5,8.39,15.07,28.06,9.67,16.12,20,12.24,17.71,10.27,14.4,19.59,,17.64,22.76,10
2001-05-02,9.18,16.06,24.5,8.39,15.07,28.06,9.67,16.12,20,12.24,17.71,10.27,14.4,19.59,,17.64,22.76,10
2001-05-03,8.77,14.79,9.3,10.03,15,8.19,10.1,15.51,13.32,12.24,17.51,,13.51,18.25,21.88,16.77,21.59,
2001-05-04,4.8,8.48,3.91,6.43,9.44,6.35,8.64,13.44,15.69,11.52,17.01,,13.18,17.92,,16.39,21.09,
2001-05-07,3.4,6.12,3.77,5.59,8.41,7.35,8.59,13.78,10.49,11.33,16.91,17,13.18,17.92,,16.39,21.09,
2001-05-08,3.45,6.25,3.88,5.57,8.61,3.13,7.69,13.01,16.91,10.97,16.61,,13.18,17.92,13,16.39,21.09,
2001-05-09,3.45,6.25,3.88,5.57,8.61,3.13,7.69,13.01,16.91,10.97,16.61,,13.18,17.92,13,16.39,21.09,
2001-05-10,3.37,6.07,6.47,5.67,8.1,9.04,8.67,13.21,9.25,10.97,16.11,,13.18,16.59,,16.39,21.09,
2001-05-11,3.77,6.82,2.87,6.01,8.92,5.95,7.95,13.13,9.5,11.15,16.81,,13.18,17.92,15,16.39,21.09,
2001-05-14,3.22,5.92,3.17,5.55,8.63,9.35,7.72,13.2,10.32,10.88,16.21,16,13.18,17.42,,16.39,21.09,
2001-05-15,3.08,5.92,6.2,5.51,8.41,7.17,7.79,12.94,8.44,10.88,16.61,15,13.18,17.92,,16.39,21.09,10
2001-05-16,4.59,7.87,9.42,6.11,9.71,9.3,7.95,14.19,9.81,11.15,16.81,16,13.18,17.92,,16.39,21.09,
2001-05-17,5.38,9.73,7.33,6.74,10.67,7.82,8.2,14.56,11.56,11.24,16.81,13.61,13.18,17.92,20,16.39,21.09,
2001-05-18,4.07,7.71,3.22,6.01,9.6,8.04,8.09,13.86,14.96,11.06,16.19,12.6,13.07,17.42,,16.14,20.76,
2001-05-21,3.83,7.1,5.69,5.71,9.37,9.1,8.07,14.19,9,11.43,16.71,14.85,13.4,17.92,,16.52,21.09,
2001-05-22,4.52,7.87,10.16,6.04,9.94,8.06,8.17,14.26,11.43,11.33,16.61,15.49,13.4,17.92,,16.52,21.09,
2001-05-23,5.16,9.23,6.64,6.71,10.62,7.73,8.49,14.26,8,11.52,16.47,14.85,13.74,18.25,,16.77,21.26,
2001-05-24,4.46,7.85,7.95,6.16,9.99,18.15,8.42,14.48,11.93,11.33,16.61,12.52,13.51,17.92,,16.77,21.42,
2001-05-25,5.09,8.76,9.02,6.6,10.25,11.62,8.52,13.74,22.9,11.43,16.61,12,13.62,17.92,,16.77,21.42,
2001-05-28,5.81,9.31,6.61,7.06,10.59,12.64,8.76,13.9,14.79,11.7,17.11,6.36,14.18,19.09,14,17.02,21.92,
2001-05-29,5.41,9.11,6.4,6.88,11.06,14.96,8.67,14.44,12.72,11.7,17.11,,14.18,19.09,15,17.02,21.92,10
2001-05-30,5.75,9.83,7.42,6.93,11.2,8.44,8.38,14.33,3.54,11.43,16.81,11.5,14.18,19.09,15,17.02,21.92,
2001-05-31,8.09,13.19,13.87,7.85,12.29,8.52,9.45,15.26,14.33,11.7,17.31,10.19,14.18,19.09,28,17.02,21.92,14.79
2001-06-01,6.09,10.82,4.13,7.15,11.41,6.12,8.95,14.83,14,11.79,17.51,,14.18,19.09,22,17.02,21.92,
2001-06-04,3.61,6.73,3.75,5.45,8.95,6.99,7.81,13.16,3.97,11.79,17.51,19,14.18,19.09,5,17.02,21.92,
2001-06-05,3.41,6.21,5.78,5.4,8.67,7.78,8.42,13.23,17.98,11.7,17.51,,14.18,19.09,,17.02,21.92,
2001-06-06,4.13,7.32,6.87,5.7,9.15,7.99,8.15,13.46,9.72,11.7,17.51,17.41,14.18,19.09,,17.02,21.92,
2001-06-07,4.19,7.71,10.38,5.68,9.18,8.31,7.9,13.07,12.6,11.7,17.51,15.53,14.18,19.09,,17.02,21.92,
2001-06-08,6.02,10.31,13.38,7.11,10.86,14.48,8.52,14.12,16.62,12.15,17.81,16.55,14.18,19.09,,17.02,21.92,
2001-06-11,6.08,10.86,5.77,7.24,11.5,4.25,8.74,14.55,15.63,12.61,18.31,,14.18,19.09,,17.02,21.92,
2001-06-12,6.08,10.86,5.77,7.24,11.5,4.25,8.74,14.55,15.63,12.61,18.31,,14.18,19.09,,17.02,21.92,
2001-06-13,4.42,7.84,14.34,6.28,9.51,9.55,7.81,13.05,11.95,10.97,16.01,,13.29,17.42,,16.02,20.26,
2001-06-14,9.12,14.45,23.04,9.12,13.09,6.5,9.72,15.19,15.65,11.97,18.46,,13.45,17.9,,16.59,21.31,
2001-06-15,10.86,16.25,22.78,9.67,13.87,17.17,10.49,15.82,14.04,12.52,18.81,16,14.18,19.09,,17.27,22.26,
2001-06-18,10.88,17.99,29.93,9.8,15.26,,10.67,18.05,19.66,12.52,18.81,,13.96,19.25,,17.27,22.26,
2001-06-19,13.13,21.3,14.06,11.6,17.38,16.05,12.45,19.19,18.53,13.33,19.81,,13.96,19.25,19,17.27,22.26,
2001-06-20,10.19,15.28,12.13,9.69,14.21,10.86,10.56,16.44,15.59,12.52,18.41,22,13.96,19.22,,16.9,22.26,
2001-06-21,9.03,14.33,23.04,8.56,13.22,18.65,10.24,16.55,15.5,12.06,17.81,,13.96,19.22,,16.9,22.26,
2001-06-22,9.61,15.28,9.29,10.33,15.21,14.29,11.86,18.06,18.48,13.53,19.31,,14.1,19.21,,16.92,22.23,20
2001-06-25,8.15,13.82,10.87,8.94,14.14,22.07,10.54,17.69,12.75,12.2,18.44,,13.63,19.33,,16.63,22.4,20.5
2001-06-26,8.08,12.69,11.45,9.15,13.7,15.58,10.56,16.59,19.53,12.62,18.21,,14.1,19.36,,17.04,22.23,
2001-06-27,7.95,12.56,6.03,9.06,13.6,13.36,10.91,16.2,19.54,12.34,18.11,,13.88,18.64,,16.7,21.89,
2001-06-28,6.44,11,11.68,8.11,13.19,17.86,9.75,16.5,3.48,11.89,17.61,23,13.88,18.07,25,16.81,21.89,
2001-06-29,9.44,14.56,11.68,9.61,13.58,17.86,10.69,16.39,3.48,12.53,18.01,23,14.65,19.5,25,17.59,22.73,
2001-07-02,9.65,15.22,6.33,10.6,15.19,11.63,10.81,16.08,11.82,12.8,18.11,17,14.32,18.78,,17.15,21.73,
2001-07-03,4,7.95,4.32,6.4,11,7.55,8.75,14.87,17.6,11.16,16.51,16.67,13.54,17.93,,16.48,21.06,
2001-07-04,3.29,6.74,3.9,5.92,9.92,9.84,8.83,14.78,10.89,10.98,16.31,15.64,13.21,17.64,,16.15,20.73,
2001-07-05,3.02,6.22,4.03,5.65,9.79,7,8.23,14.24,8.01,10.89,16.01,,13.21,17.64,28,16.15,20.73,22.08
2001-07-06,2.66,5.84,3.36,5.36,9.05,1.53,7.75,14.08,13.97,11.16,16.11,13.5,13.54,17.64,,16.26,20.73,
2001-07-09,3.2,6.33,4.26,5.27,8.94,10.15,7.23,13.91,12.7,10.98,15.91,18.35,13.54,17.64,,16.26,20.73,
2001-07-10,3.03,6.06,5.77,5.44,8.98,10.94,8.18,13.56,9.62,11.34,15.74,4.6,13.54,17.64,,16.26,20.73,
2001-07-11,3.47,6.63,5.94,5.68,9.23,10.94,7.84,13.58,12.36,11.44,16.21,,13.54,17.64,,16.26,20.73,
2001-07-12,3.28,6.71,5.4,5.63,9.24,12.33,8.31,13.93,11.81,11.34,16.11,,13.54,17.64,,16.26,20.73,
2001-07-13,2.78,5.87,5.49,5.64,9.22,3.16,8.02,13.5,3.64,11.34,16.11,12,13.54,17.64,,16.26,20.73,
2001-07-16,3.21,6.34,7.16,5.69,9.24,11.36,8.02,13.91,11.24,11.34,16.11,11,13.54,17.64,,16.26,20.73,
2001-07-17,3.99,7.51,10.15,6.33,9.92,10.16,8.52,13.98,14.29,11.89,16.71,,13.99,18.07,27,16.7,21.23,
2001-07-18,4.66,8.49,5.37,6.67,10.41,11.98,8.73,14.41,8.88,12.16,17.01,,13.99,18.07,,16.7,21.23,
2001-07-19,3.3,6.56,4.21,6.09,9.68,6.93,8.69,14.19,5.02,11.98,16.81,,13.99,18.07,,16.7,21.23,
2001-07-20,2.61,5.63,3.62,5.57,9.09,5.46,8.16,13.84,18.87,11.34,16.11,15.5,13.32,17.5,20,15.92,20.56,
2001-07-23,3.58,6.82,7.84,5.76,9.15,17.93,8.09,13.19,14.82,11.62,16.31,,13.88,18.07,,16.59,21.06,
2001-07-24,4.48,8.23,4.6,6.68,10.31,8.92,8.69,14.48,12.47,12.07,16.91,,14.21,18.36,,16.81,21.39,
2001-07-25,3.5,6.36,5.32,6.43,9.55,10.03,8.63,13.59,13.93,11.89,16.71,,14.21,18.36,,16.81,21.39,
2001-07-26,4.38,7.66,7.46,6.49,10.04,11.55,8.62,14.34,18.75,11.89,16.71,,14.21,18.36,,16.81,21.39,
2001-07-27,3.98,7.61,3.92,6.59,10.16,4.88,9.09,13.77,15.69,12.07,16.91,16.55,14.21,18.36,,16.81,21.39,
2001-07-30,3.96,7.3,6.02,6.63,10.14,8.99,8.87,13.69,11.54,11.89,16.71,4.6,14.21,18.36,21,16.81,21.39,
2001-07-31,6.99,11.1,25.3,7.82,11.2,14,10.23,14.78,5.06,12.07,17.01,12.64,14.21,18.36,19.55,16.81,21.39,
2001-08-01,6.91,12.3,10.49,8.37,12.36,4.65,9.95,15.42,10.8,11.8,16.61,,13.88,18.07,25,16.48,21.06,22.08
2001-08-02,5.11,8.92,5.23,7.12,10.4,8,8.94,14.29,10.31,11.98,16.81,,13.88,18.07,27,16.48,21.06,
2001-08-03,2.91,5.84,3.26,6.11,9.09,5.14,8.86,13.9,17.02,11.98,16.81,,13.88,18.07,,16.48,21.06,
2001-08-06,3.39,6.21,8.27,5.86,8.82,10.24,8.48,13.3,16.19,11.53,16.31,15.51,13.88,18.07,,16.48,21.06,
2001-08-07,4.94,8.11,16.15,6.85,9.63,10.68,9.3,13.28,18.21,11.8,16.61,16.5,13.88,18.07,,16.48,21.06,
2001-08-08,8.76,13,13.79,9.16,12.13,6.07,11.07,15.54,11.03,12.8,17.81,,14.77,19.36,,17.37,22.39,
2001-08-09,6.15,11.1,5.79,8.1,11.61,11.38,9.37,14.06,10.28,12.25,17.31,16,13.65,18.07,,16.26,21.06,
2001-08-10,3.33,6.45,3.85,6.3,9.77,6.33,8.52,13.31,10.37,11.44,16.31,14.84,13.54,17.78,,16.15,20.73,23.43
2001-08-13,4.55,7.76,8.06,6.98,9.98,12.53,8.71,13.13,11.75,11.62,16.81,,13.88,18.36,,16.37,21.39,
2001-08-14,4.44,8.27,6.06,6.96,10.27,9,8.59,13.35,11.5,11.66,16.41,23,13.88,18.07,,16.31,21.06,
2001-08-15,5.06,8.35,8.99,7.21,10.09,5.91,8.86,12.94,9.28,11.66,16.41,17,13.88,18.07,,16.37,21.06,
2001-08-16,4.57,8.28,5.12,7.22,10.56,8.55,9.28,13.9,9.52,11.75,16.51,,13.88,17.93,,16.48,20.89,22.08
2001-08-17,2.75,5.82,3.01,5.75,9.16,6.99,8.48,13.16,9.72,11.57,16.11,14.11,13.65,17.64,,16.26,20.73,
2001-08-20,3.88,7.11,3.01,6.23,9.7,6.99,8.66,13.52,9.72,11.57,16.21,14.11,13.77,18.07,,16.37,21.06,
2001-08-21,5.12,8.25,9.9,6.84,10.03,8.98,9.02,13.98,12.7,11.48,16.26,10.88,13.71,17.93,,16.26,20.89,
2001-08-22,6.33,10.72,9.55,7.77,11.72,9.71,9.48,15.23,,12.03,16.28,14.38,13.93,18.28,20,16.54,21.23,23
2001-08-23,5.05,9.18,5.33,7.05,10.98,7.66,9.21,15.23,10.97,11.94,16.66,14,13.82,18.08,28,16.54,21.23,
2001-08-24,3.05,5.65,3.96,6.42,9.57,6.65,8.98,13.79,16,11.66,16.46,13.39,13.49,17.57,14,16.2,20.73,
2001-08-27,3.67,6.9,6.38,5.87,9.44,11.37,8.59,13.98,14.62,11.34,16.11,7.63,13.54,17.68,,16.23,20.73,
2001-08-28,4.51,7.55,4.3,6.86,10.22,11.49,9.09,13.75,9.27,11.53,16.19,16,13.52,17.61,26.06,16.23,20.73,
2001-08-29,3.54,6.3,5.55,6.72,10.2,9.38,8.86,13.82,13.31,11.53,16.21,23,13.54,17.57,15,16.2,20.73,
2001-08-30,5.21,8.52,6.08,7.35,11.3,13.3,9.44,14.73,11.48,11.69,16.66,18,13.82,18.28,15.49,16.42,21.23,22
2001-08-31,6.73,11.23,9.33,8.05,12.62,10.28,9.9,15.05,7.9,11.94,16.29,11.55,14.15,18.57,,16.76,21.89,
2001-09-03,4.52,7.66,4.08,7.33,11.29,7.82,9.03,13.68,13.4,11.48,15.74,,13.6,17.86,,16.2,21.06,25
2001-09-04,3.12,6,4.26,5.94,9.91,4.79,8.62,13.53,13.76,11.41,15.52,18.75,13.63,17.86,,16.2,21.06,
2001-09-05,3.23,5.8,3.51,6.25,9.67,6.82,8.59,13.37,9.91,11.39,15.46,,13.6,17.78,,16.2,21.06,
2001-09-06,2.98,5.47,4.63,5.98,9.38,7.8,8.44,13,10.15,11.21,15.18,17.25,13.6,17.78,,16.2,21.06,
2001-09-07,2.7,5.33,4.41,6.04,9.53,3.33,8.36,13.12,,11.21,15.24,16.5,13.6,17.86,,16.2,21.06,
2001-09-10,3.8,6.52,7.83,6.06,9.35,10.47,8.44,12.98,12.22,11.16,14.9,13.75,13.43,17.36,,16.04,20.39,
2001-09-11,5,8.15,9.42,6.96,10.39,5.51,8.88,13.68,13,11.41,15.63,,13.6,17.86,,16.2,20.89,
2001-09-12,6.05,10.12,8.26,6.62,11.18,16,8.5,14.43,10.86,11.14,15.07,,13.38,17.28,,15.98,20.23,
2001-09-13,4.73,8.07,6.37,7.08,10.73,9.84,8.52,13.21,11.98,11.12,14.9,16,13.38,17.07,,15.98,20.23,
2001-09-14,4.4,7.71,12.13,6.38,10.28,9.69,8.41,13.51,12.84,11.03,14.79,15.5,13.38,17.07,,15.98,20.23,
2001-09-17,6.39,10.03,12.41,7.95,11.68,13.14,9.06,13.77,19,11.44,15.46,,13.82,17.93,,16.42,21.06,
2001-09-18,7.12,11.07,10.32,8.63,12.42,6.85,9.99,14.87,12.85,11.8,16.13,,14.15,18.64,,16.76,21.89,
2001-09-19,5.89,10.19,4.97,7.56,12.01,7.71,9.12,14.3,21.61,11.44,15.79,,13.71,18.21,,16.31,21.39,
2001-09-20,4,7.43,6.16,6.4,10.48,10.51,8.66,13.4,19.94,11.25,15.35,,13.6,17.64,,16.2,20.73,
2001-09-21,4.37,7.41,6.6,6.79,10.52,8.17,9.02,13.41,15.41,11.34,15.46,12.99,13.77,17.78,,16.26,20.89,
2001-09-24,4.58,8.03,5.42,6.47,10.81,21.77,8.55,13.67,11.86,11.25,15.35,12.3,13.54,17.5,,16.04,20.56,
2001-09-25,4.63,7.61,4.92,6.97,10.68,5.91,9.02,13.58,12.55,11.71,15.9,,13.99,18.07,,16.37,21.06,
2001-09-26,4.12,7.28,9.86,6.57,10.62,12.79,8.41,13.71,12.35,11.34,15.46,12,13.65,17.64,,16.15,20.73,24.94
2001-09-27,6.67,10.88,15.63,8.4,12.12,13.84,9.62,14.13,6.25,11.71,15.61,6.28,13.88,18.21,,16.59,21.56,
2001-09-28,11.06,17.06,27.88,9.74,14.78,29.03,10.69,16.65,7.05,13.44,19.13,8.25,16.1,22.5,28,18.92,26.89,
2001-10-01,7.42,13.08,8.31,9,13.31,5.71,10.16,14.91,13.51,11.55,15.62,12.5,13.84,17.84,,16.63,21.43,
2001-10-02,4.91,8.53,5.78,7.24,10.57,10.81,8.87,13.3,11.49,11.53,15.69,18.75,13.84,17.84,,16.63,21.43,
2001-10-03,3.96,7.43,4.13,6.77,10.23,8.3,8.59,13.03,20.56,11.53,15.69,14.44,13.84,17.84,,16.63,21.43,
2001-10-04,3.42,6.62,3.69,6.22,9.87,8.04,8.5,12.97,14,11.53,15.52,15.05,13.84,17.84,,16.63,21.43,
2001-10-05,2.89,5.95,3.5,5.98,9.54,5.89,8.25,12.77,18.33,11.25,15.36,,13.5,17.42,,15.96,20.43,
2001-10-08,3.75,6.72,8.24,6.17,9.93,6.27,8.35,13.29,12.5,11.23,15.29,,13.47,17.37,,15.93,20.38,
2001-10-09,4.53,7.75,6.01,6.7,10.38,9.23,8.38,13.01,,11.19,15.36,16.95,13.58,17.52,,16.05,20.55,
2001-10-10,4.11,7.34,5.72,6.59,10.24,9,8.53,13.01,14,11.03,15.26,16.02,13.58,17.52,,16.05,20.55,
2001-10-11,3.94,7,5.57,6.62,10.14,9,8.46,12.81,11.45,11.03,15.06,,13.47,17.23,,15.93,20.21,
2001-10-12,4.26,7.24,7.58,6.62,9.88,8.55,8.72,13.22,13.78,11.03,15.16,4.6,13.45,17.37,,15.93,20.38,
2001-10-15,4.8,8.27,14.46,6.83,10.59,3.65,8.31,13.13,11.52,10.86,15.16,13.81,13.22,17.37,,15.93,20.38,
2001-10-16,7.67,13.16,16.2,7.58,11.74,15.38,8.42,13.48,11.62,10.94,15.26,23,13.25,17.37,,15.93,20.38,
2001-10-17,6.78,10.63,6,8.61,12.13,9.43,9.05,13.41,10.51,11.44,15.56,15.75,14.03,18.09,,16.6,21.38,
2001-10-18,4.3,7.41,4.44,7.65,11.25,8.45,9.22,13.65,11.39,11.69,15.96,,14.03,18.09,,16.6,21.38,
2001-10-19,3.31,5.88,3.58,6.98,10.59,6.78,9.24,13.33,11.58,10.88,14.86,,13.25,17.09,,15.71,20.05,
2001-10-22,4.38,7.26,6.37,7.1,10.63,6.02,9.74,13.87,12.76,11.49,15.56,,14.14,18.09,,16.6,21.21,22.08
2001-10-23,4.66,7.89,6.33,7.36,11.42,8.75,8.74,13.84,13.19,11.07,15.26,13.3,13.47,17.52,,15.93,20.55,
2001-10-24,4.09,7.25,5.25,7.4,11.31,8.21,8.71,13.51,12.5,11.15,15.36,,13.47,17.52,,15.93,20.55,
2001-10-25,3.95,7.06,5.63,7.03,11.34,11.75,8.78,13.51,11,11.07,15.26,14.88,13.47,17.52,,15.93,20.55,
2001-10-26,3.7,6.66,3.51,6.71,10.73,7.54,8.63,13.31,20.6,10.99,14.78,15,13.47,17.52,25,15.93,20.55,10
2001-10-29,3.9,6.85,4.51,7.15,10.99,3.94,8.81,13.11,16,11.15,15.36,16.26,13.47,17.52,,15.93,20.55,
2001-10-30,4.11,7.59,4.33,6.98,11.23,10.94,8.85,13.78,18.4,11.36,15.76,6.11,13.81,18.09,,16.27,21.21,25
2001-10-31,8.41,13.79,24.76,8.11,12.68,19.03,10.24,15.58,10.18,12.44,17.16,15.48,15.25,20.09,28,17.71,23.38,
2001-11-01,6.97,12.26,8.08,8.16,12.33,7.87,10.33,15.12,10.67,11.36,15.87,18.75,13.7,17.8,25,16.16,20.88,
2001-11-02,5.05,8.84,7.29,6.78,10.87,9.51,9.03,13.7,17,11.36,15.71,17.5,13.75,17.8,,16.16,20.88,
2001-11-05,4.67,8.19,19.78,6.88,10.58,9.17,9.36,14.18,13.48,11.28,15.51,,13.64,17.52,,16.05,20.55,
2001-11-06,11.9,20.06,31.86,10.07,15.72,34.05,11.88,17.76,11.57,14.24,20.71,,17.53,24.94,,19.93,29.21,
2001-11-07,11.9,20.06,31.86,10.07,15.72,34.05,11.88,17.76,11.57,14.24,20.71,,17.53,24.94,,19.93,29.21,
2001-11-08,10.55,18.05,20.86,10.61,17.12,20.19,10.06,15.44,13.24,12.15,16.85,,14.42,18.8,,16.82,22.05,
2001-11-09,10.49,17.63,10.49,9.93,15.09,8.01,10.92,16.78,13.5,12.65,17.85,16.75,14.86,20.23,16.92,17.27,23.71,
2001-11-12,7.98,13.2,11.85,8.47,13.48,23.3,10.24,15.84,12.21,12.4,16.65,,14.53,18.66,25,16.93,21.88,
2001-11-13,8.11,13.54,18.06,8.98,13.61,13.06,10.17,15.54,15.88,12.4,16.65,,14.53,18.66,,16.93,21.88,
2001-11-14,10.04,15.95,10.03,9.54,14.61,9.99,10.81,16.64,17.28,12.86,17.45,,14.86,19.37,,17.27,22.71,
2001-11-15,6.83,11.67,9.34,7.61,12.38,11.48,9.31,15.18,14.33,11.86,15.95,14.06,13.97,17.8,,16.49,21.05,
2001-11-16,6.85,11.79,18.7,7.35,11.93,12.83,9.46,15.14,16.19,12.03,15.95,18.4,13.97,17.8,,16.49,21.05,
2001-11-19,11.24,15.99,13.73,10.28,15.04,9.74,12.1,16.84,15.36,13.65,18.4,19,15.47,20.37,23,18.21,23.55,
2001-11-20,7.8,12.27,9.04,9.09,13.44,10.93,11.28,15.82,17,11.99,16.3,,14.25,18.52,,16.71,21.71,
2001-11-21,8.15,12.61,14.75,8.63,13.2,8.16,11.28,16.18,2.12,12.32,16.7,16.99,14.7,19.23,,17.27,22.71,18
2001-11-22,8.34,12.99,9.97,8.82,13.58,12.89,10.56,15.38,13.73,11.49,15.8,,13.7,17.94,23.44,16.16,20.71,
2001-11-23,6.45,10.57,5.69,7.75,11.91,7.34,10.29,14.73,16.56,11.74,16.1,,14.14,18.52,25,16.71,21.55,
2001-11-26,6.22,9.89,8.2,8.13,12.61,9.17,10.35,15.18,18.03,12.15,16.6,14.2,14.14,18.52,25,16.71,21.55,
2001-11-27,7.15,10.71,6.55,8.85,13.44,17.2,10.21,15.04,17.6,12.24,16.6,7.89,14.14,18.52,23,16.71,21.55,18
2001-11-28,5.91,9.28,14.98,8.9,13.26,20.45,10.48,14.81,17.67,12.15,16.4,11.03,14.14,18.52,18,16.77,21.55,
2001-11-29,10.66,17.12,20.06,10.5,17.56,25.84,11.86,16.99,19.21,12.65,17.31,6.78,14.47,18.94,23.44,16.99,21.88,18
2001-11-30,17,22.99,19.8,12.46,18.49,16.24,13.1,18.13,11.84,13.99,18.6,19.53,16.14,21.23,18.05,18.99,25.21,
2001-12-03,8.45,13.64,9.35,9.68,14.2,12.07,10.97,15.84,10.92,12.32,17.6,15.67,14.7,20.37,,17.16,23.55,
2001-12-04,6.64,10.48,6.38,8.75,13.05,10.9,10.49,15.15,19.18,12.6,17.24,16,14.36,18.66,,16.88,21.88,
2001-12-05,4.74,8.55,5.34,7.85,12.47,9,10.08,15.43,4.41,11.57,16.1,,13.92,18.37,19.55,16.55,21.21,
2001-12-06,4.49,8.14,8.6,7.41,11.92,11.72,9.49,15.58,17.97,11.65,16.2,,14.03,18.37,,16.55,21.21,
2001-12-07,4.8,9.11,6.92,7.26,11.55,8.59,9.53,14.88,14.36,11.61,16.25,23.78,14.08,18.44,,16.55,21.21,18
2001-12-10,5.88,10.13,7.37,7.92,12.64,10.03,9.96,16.14,8.62,12.03,16.65,19.16,14.31,18.73,,16.77,21.88,18
2001-12-11,5.6,9.6,5.66,7.47,12.23,6.34,9.67,15.58,15.14,11.82,16.3,,14.25,18.52,,16.71,21.88,
2001-12-12,5.6,9.6,5.66,7.47,12.23,6.34,9.67,15.58,15.14,11.82,16.3,,14.25,18.52,,16.71,21.88,
2001-12-13,5.2,9.23,10.63,7.68,11.96,9.81,10.03,15.11,15.99,11.99,16.6,,14.47,18.94,,16.88,22.05,
2001-12-14,7.82,12.82,26,8.24,12.55,10.44,10.46,14.78,25.08,12.32,16.8,21.57,14.81,19.37,18,17.21,22.05,
2001-12-17,11.65,19.13,21.91,11.08,16.73,12.62,12.53,18.78,17.75,12.82,17.4,24.49,14.92,19.37,18,17.32,22.21,18
2001-12-18,14.23,21.03,16.99,12.06,18.25,15,13.67,20.11,25,14.4,19.1,22.25,16.58,21.09,,17.99,23.21,18
2001-12-19,13.09,18.5,19.95,12.04,16.86,23,14.31,19.38,14.97,14.49,19.2,21.5,17.36,22.23,,18.49,24.55,18
2001-12-20,14.73,21.33,40.73,13.58,19.84,27.69,15.53,21.91,12.78,15.82,21.37,22,17.3,22.22,,18.36,24.41,
2001-12-21,22.9,37.39,47.68,19.47,27.7,67.89,20.34,28.97,22,18.07,24.77,,19.63,25.93,,20.92,28.91,
2001-12-24,21.25,33.68,52.84,18.39,28.49,69.42,18.17,26.64,,16.82,23.47,21.03,18.07,24.07,19.22,19.25,27.24,
2001-12-25,30.23,47.33,53.2,25.35,36.67,28,24.31,33.11,34.71,19.9,26.98,,20.85,26.64,18,22.03,29.74,18
2001-12-26,27.05,41.86,39.81,24.59,34.92,,24.03,33.47,47,19.82,26.77,28,20.74,26.64,18,22.03,29.74,
2001-12-27,25.35,40.38,48.55,23.53,36.13,68.23,24.03,34.79,52.79,19.57,26.7,12,21.96,28.93,,23.25,31.41,
2001-12-28,30.98,47.9,37.44,25.99,39.42,50.63,23.72,33.11,29.15,20.32,27.37,19,21.41,27.36,,22.59,30.58,18.85
2001-12-31,30.39,48.69,24.66,28.27,44.63,23.97,22.67,32.44,40,19.49,26.47,24.74,21.41,27.36,27.35,22.59,30.58,18
2002-01-01,30.39,48.69,24.66,28.27,44.63,23.97,22.67,32.44,40,19.49,26.47,24.74,21.41,27.36,27.35,22.59,30.58,18
2002-01-02,30.39,48.69,24.66,28.27,44.63,23.97,22.67,32.44,40,19.49,26.47,24.74,21.41,27.36,27.35,22.59,30.58,18
2002-01-03,9.67,18.2,6.83,11.78,21.13,10.73,14.31,23.04,13.52,14.99,20.97,,16.74,22.07,,17.59,23.08,
2002-01-04,3.25,6.9,3.38,7.49,12.53,3.32,11.1,16.44,12.29,12.86,17.92,19,15.35,19.79,,16.25,20.74,18
2002-01-07,3.25,6.9,3.38,7.49,12.53,3.32,11.1,16.44,12.29,12.86,17.92,19,15.35,19.79,,16.25,20.74,18
2002-01-08,3.96,7.87,5.49,6.96,11.83,5,10.92,17.24,12.93,12.69,17.42,15.5,15.68,20.22,,16.47,21.58,
2002-01-09,3.39,6.71,5.18,6.91,11.77,12,10.5,16.88,,12.69,17.35,,15.47,20.28,,16.29,21.83,
2002-01-10,3.49,6.75,5.38,7.33,11.72,12.01,10.56,17.11,17,12.57,17.22,14.5,15.63,20.22,,16.47,21.58,18
2002-01-11,3.01,6.28,3.46,6.96,11.22,4.45,10.69,16.61,17.5,12.57,17.22,14.37,15.63,20.22,,16.47,21.58,
2002-01-14,3.31,6.56,6.68,7.22,11.63,11.42,10.42,16.44,13.5,12.65,17.02,16,15.52,19.64,,16.47,20.91,
2002-01-15,4.43,8,8.75,7.44,11.97,13.19,10.42,16.57,14.96,12.82,17.32,16,15.52,19.64,,16.47,20.91,18
2002-01-16,5.35,9.26,8.87,7.94,12.27,12.04,10.63,16.71,13,12.74,17.11,13.7,15.52,19.64,21.44,16.47,20.91,18
2002-01-17,5.61,9.43,6.53,8.58,13.04,12.01,11.14,16.9,17.93,13.29,17.91,17.06,15.85,20.36,,16.81,21.74,
2002-01-18,3.98,7.64,3.66,7.26,11.6,9.13,10.63,16.71,15,12.65,17.02,15.13,15.52,19.64,,16.47,21.08,18
2002-01-21,4.54,7.96,13.4,7.46,12.08,10.55,10.81,17.04,19,12.74,17.02,17,15.52,19.64,16.7,16.47,21.08,18
2002-01-22,8.75,13.25,19.81,9.89,14.69,13.63,12.53,18.71,22,14.65,19.82,20.71,16.74,21.5,,17.59,23.08,18
2002-01-23,10.07,16.45,21.13,10.67,15.84,8.1,12.6,19.06,,14.63,19.85,,16.71,21.5,,17.59,23.08,18
2002-01-24,11.38,17.12,15.56,10.65,15.78,10.71,12.81,18.77,15.63,14.69,19.87,,16.68,21.5,,17.59,23.08,18
2002-01-25,6.02,10.11,5.47,9.07,12.87,6.15,11.8,16.85,13,13.3,17.9,18,16.16,20.79,,17.03,22.24,18
2002-01-28,5.84,9.35,6.97,8.94,12.63,11.34,11.76,16.83,17.9,13.19,17.52,12.3,15.68,19.64,,16.59,21.08,18
2002-01-29,6.27,10.42,9.41,9.27,13.61,14.68,12.03,17.11,18,13.78,18.42,10.7,15.85,20.42,,16.91,21.74,
2002-01-30,6.18,10.67,6.36,9.07,13.47,12.33,11.6,16.72,13.13,13.38,17.95,4.6,15.82,20.36,24,16.7,21.74,
2002-01-31,9.76,14.66,29.09,9.75,14.07,8.24,11.6,17.12,15.84,13.21,17.65,14.59,15.82,20.36,,16.7,21.74,
2002-02-01,8.71,13.55,6.96,10.52,14.61,10.15,12.03,17.24,24.18,13.63,18.12,15,16.71,20.93,,17.59,23.08,18
2002-02-04,5.73,8.92,7.01,9.45,13.16,11.24,11.84,15.95,13.04,13.38,17.85,16.33,16.27,20.64,,17.14,22.24,18
2002-02-05,4.86,8.65,7.04,8.55,12.7,12.49,11.06,15.76,14.17,13.05,17.35,16.47,15.82,19.79,,16.81,21.41,18
2002-02-06,5.2,8.29,5.92,10.03,13.53,11.3,11.3,15.24,,13.05,17.35,,15.82,19.79,,16.81,21.41,18
2002-02-07,5.01,8.37,10.37,9.02,13.18,9.69,11.35,15.69,13.12,13.3,17.85,16.06,16.16,20.5,,17.03,22.24,18
2002-02-08,5.93,9.13,8.17,9.17,12.7,9.48,11.45,15.1,17,13.28,17.85,,16.13,20.5,,17.03,22.24,18
2002-02-11,5.95,9.59,7.63,8.64,12.85,10.51,11.24,15.34,13.84,13.21,17.72,15.27,16.16,20.64,,17.03,22.24,18
2002-02-12,5.77,9.12,8.11,9.11,13.16,12.37,11.31,15.31,14,13.28,17.6,,16.16,20.36,,17.03,22.24,
2002-02-13,6.01,9.2,8.08,9.64,13.33,8.31,11.34,14.88,15.07,13.13,17.45,,16.16,20.42,,17.28,22.24,18
2002-02-14,6.02,9.27,22.54,9.82,13.73,14.93,11.22,15.88,15.41,13.13,17.4,,16.16,20.42,,17.28,22.24,18
2002-02-15,9.93,16.94,15.67,10.84,16.34,21.6,11.81,17.51,12.5,13.96,18.5,16,16.93,21.64,,17.92,23.41,18
2002-02-18,7.88,13.1,13.48,10.51,15.14,5.08,11.35,16.96,12.5,13.38,17.97,18,16.05,20.22,,16.81,21.74,18
2002-02-19,7.62,11.61,7.76,10.17,14.35,12.19,11.68,16.95,14.08,13.38,17.77,,16.16,20.79,,17.59,23.08,
2002-02-20,7.03,10.91,14.17,9.37,13.66,12.62,10.96,16.52,14.29,13.13,17.37,,15.82,19.93,23,16.81,21.91,18
2002-02-21,8.86,12.62,23.41,10.61,14.71,11.51,12.18,17.22,18.76,14.05,18.67,17.82,16.71,21.22,18,17.59,23.08,
2002-02-22,11.25,17.36,15.08,11.11,16.42,15.63,12.56,18.36,16,14.05,18.5,,16.71,21.22,,17.59,23.08,
2002-02-25,11.25,17.36,15.08,11.11,16.42,15.63,12.56,18.36,16,14.05,18.5,,16.71,21.22,,17.59,23.08,
2002-02-26,8.26,13.38,8.51,10.14,15.01,9.81,12.03,17.39,13.76,13.55,17.95,13.03,16.16,20.92,,17.16,22.08,
2002-02-27,6.64,10.35,11.99,10.71,15.18,16.2,11.96,17.67,16,13.55,17.95,4.6,16.16,20.64,20.79,16.92,22.08,
2002-02-28,14.01,19.66,39.64,12.13,16.46,14.55,13.64,18.51,12.3,14.96,20.02,13.92,17.6,22.64,,18.47,24.41,18
2002-03-01,9.8,14.58,6.67,10.48,14.61,9.94,11.84,17.06,13.84,13.46,17.9,20,16.02,20.36,,16.81,21.91,13.12
2002-03-04,5.7,9.16,8.48,9.04,13.33,6.14,10.85,16.39,14.13,13.05,17.5,,15.71,20.07,,16.47,21.41,
2002-03-05,7.08,10.62,10.23,10.18,14.35,13.94,11.72,17.13,13.88,13.71,18.12,,16.38,20.79,,17.25,22.24,18
2002-03-06,7,10.54,10.3,9.84,14.06,10.02,11.8,17.04,15.14,13.53,17.92,16,16.38,21.09,,17.53,22.24,
2002-03-07,7.3,11.08,11.43,9.8,13.7,10.99,12.11,16.35,12,13.55,17.92,22.81,16.38,20.79,,17.25,22.24,
2002-03-08,7.3,11.08,11.43,9.8,13.7,10.99,12.11,16.35,12,13.55,17.92,22.81,16.38,20.79,,17.25,22.24,
2002-03-11,7.15,10.91,8.22,10.39,14.05,11.83,11.99,16.11,11.68,13.46,17.82,,16.38,20.79,,17.25,22.24,16.5
2002-03-12,6.53,10.18,7.04,9.78,13.58,5.67,11.78,16.17,15.11,13.55,17.86,16.34,16.38,20.71,,17.25,22.16,
2002-03-13,6.06,9.31,23.99,9.78,13.59,7.87,11.99,15.71,15.92,13.55,17.69,17.4,16.38,20.71,18,17.25,22.16,
2002-03-14,13.85,20.24,17.36,12.33,16.77,8.47,13.91,18.69,14.95,14.8,20.46,13.05,16.82,22.85,,17.92,25.16,
2002-03-15,8.41,13.24,8.15,10.52,14.11,11.65,12.17,16.11,14.32,13.8,18.06,15.45,16.27,20.28,,17.36,22.66,
2002-03-18,8.47,13.03,17.28,10.57,14.77,15.51,12.49,17.39,16.77,14.55,19.13,15.6,17.16,21.85,,17.92,23.49,
2002-03-19,10.39,15.19,8.12,11.89,16.02,12.14,12.67,17.41,16.36,14.46,19.06,21.77,17.05,21.71,,17.92,23.49,18
2002-03-20,8.02,12.47,14.36,10.15,14.53,15.58,11.99,16.54,14.91,13.63,17.73,19.71,16.16,20.14,,17.14,21.83,
2002-03-21,10.2,15.28,19.71,10.86,15.87,12.67,12.17,17.24,15.49,14.01,19.08,18.6,16.6,21.85,23,17.36,23.49,18
2002-03-22,10.53,15.69,11,11.22,15.39,14.09,11.95,16.97,17.89,14.01,19.08,,16.6,21.85,,17.36,23.49,
2002-03-25,8.93,13.26,9.25,10.25,14.57,15.74,11.78,16.51,17.57,13.51,17.98,17.75,16.05,20.28,,16.81,21.83,
2002-03-26,7.49,11.65,7.25,10.97,15.4,17.25,11.92,16.71,14.64,13.67,17.88,16.6,16.05,20.14,,16.81,21.49,18
2002-03-27,6.91,10.24,13.64,11.31,15.5,19.01,12.14,15.76,,13.51,17.68,18,15.82,19.85,18.75,16.59,21.16,
2002-03-28,10.52,16.42,20.12,12.19,17.78,23.16,12.85,17.77,16,14.42,18.98,16.38,17.16,21.71,,17.92,23.49,
2002-03-29,15.99,23.47,17.79,14.08,20.24,22.84,13.7,19.31,18.23,14.84,20.18,13.33,17.6,23.57,28,18.47,25.99,22.19
2002-04-01,8.57,13.55,6.08,11.26,15.88,12.18,12.06,16.38,15.22,13.42,17.38,15.97,15.6,19.57,21,16.36,20.83,
2002-04-02,6.09,9.93,7.66,9.67,13.86,10.49,11.32,15.84,13.81,13.34,17.28,,15.6,19.57,20.06,16.36,20.83,
2002-04-03,6.03,9.74,7.1,9.82,13.72,9.28,11.24,15.54,14.77,13.34,17.28,16.85,15.6,19.57,19,16.36,20.83,
2002-04-04,5.8,9.46,7.72,9.8,13.78,9.26,11.17,15.97,13.86,13.26,17.28,17,15.6,19.57,,16.36,20.83,
2002-04-05,5.75,9.65,7.37,8.47,12.48,11.32,11.03,15.64,16.5,13.26,17.28,17.43,15.6,19.57,19.51,16.36,20.83,
2002-04-08,6.6,10.36,12.67,9.66,13.74,15,11.24,16.17,13.76,13.34,17.68,,15.82,20.42,19,17.14,21.83,
2002-04-09,7.88,12.4,15.74,9.9,14.18,13.24,11.42,16.04,13.01,13.17,17.08,,15.82,20.42,25,17.14,21.83,
2002-04-10,9.58,14.59,14.23,10.87,15.2,15.81,11.95,16.77,12.14,13.84,17.88,13.56,16.27,20.28,,17.03,21.83,
2002-04-11,8.92,13.16,10.65,10.83,14.94,13.57,12.17,16.57,17.25,13.92,17.88,16.38,16.27,20.28,19.66,17.03,21.83,
2002-04-12,7.26,11.22,9.52,9.99,13.9,11.09,11.88,16.29,12.28,13.74,17.73,14.35,15.99,20.35,20.5,17.09,21.83,
2002-04-15,7.38,11.59,14.01,9.76,13.59,15.23,11.6,15.91,13.3,13.76,17.76,,16.02,20.28,23,17.11,21.83,
2002-04-16,9.56,13.75,12.01,10.69,14.5,11.39,12.29,16.77,15.3,14.01,18.06,,16.24,20.28,,17.11,21.83,18
2002-04-17,8.57,12.58,8.97,10.83,14.48,11.13,12.3,16.54,14.23,13.94,18.01,,16.18,20.28,,17.09,21.83,
2002-04-18,7.46,11.23,6.72,9.84,13.46,10.62,11.63,15.69,16.28,13.53,17.68,18.6,15.71,19.71,,16.47,21.49,
2002-04-19,5.39,8.87,4.98,9.56,12.7,9.77,11.37,14.85,12.76,13.51,17.39,14,14.93,18.71,24.16,15.7,19.99,
2002-04-22,7.66,11.19,15.31,9.89,13.16,14.71,11.68,15.49,15.93,13.53,17.71,,15.6,19.85,22.19,16.53,21.49,
2002-04-23,11.5,15.96,14.43,12.03,15.68,8.49,13.45,17.35,17.53,14.19,18.61,17.5,16.49,20.99,22.47,17.25,22.66,
2002-04-24,9.59,14.12,7,11.37,15.48,,12.85,16.92,13.66,13.53,17.81,,15.71,19.85,24,16.47,21.49,
2002-04-25,6,9.61,5.13,9.68,13.88,6.2,12.24,16.32,12.64,13.53,17.71,12.11,15.71,19.85,,16.47,21.49,
2002-04-26,4.91,8.19,4.64,9.53,13.52,6.42,11.69,15.71,15.12,13.53,17.71,15.53,15.71,19.85,18,16.47,21.49,18
2002-04-29,5.91,9.38,7.1,9.37,13.28,15.63,10.7,16.12,15.29,13.36,17.61,17,15.49,19.85,16.63,16.25,21.33,
2002-04-30,8.55,12.69,8.86,9.88,14.25,12.34,11.28,16.06,14.15,13.78,17.91,9.67,16.16,20.42,17.44,17.03,22.33,19.74
2002-05-01,8.55,12.69,8.86,9.88,14.25,12.34,11.28,16.06,14.15,13.78,17.91,9.67,16.16,20.42,17.44,17.03,22.33,19.74
2002-05-02,8.55,12.69,8.86,9.88,14.25,12.34,11.28,16.06,14.15,13.78,17.91,9.67,16.16,20.42,17.44,17.03,22.33,19.74
2002-05-03,8.55,12.69,8.86,9.88,14.25,12.34,11.28,16.06,14.15,13.78,17.91,9.67,16.16,20.42,17.44,17.03,22.33,19.74
2002-05-06,6.82,10.91,5.82,9.5,13.71,9.37,10.97,15.9,11.68,13.53,17.78,13.26,16.16,20.42,19,17.03,22.33,
2002-05-07,4.94,8.57,4.68,7.8,12.01,6.64,10.06,15.05,13.88,12.86,16.88,,15.27,19.42,,16.14,20.66,
2002-05-08,4.26,7.63,4,6.79,10.65,3.83,9.78,14.59,12.47,12.53,16.68,,15.27,19.42,,16.14,20.66,
2002-05-09,4.26,7.63,4,6.79,10.65,3.83,9.78,14.59,12.47,12.53,16.68,,15.27,19.42,,16.14,20.66,
2002-05-10,4.26,7.63,4,6.79,10.65,3.83,9.78,14.59,12.47,12.53,16.68,,15.27,19.42,,16.14,20.66,
2002-05-13,5.07,8.27,4.47,7.36,10.79,9.92,10.85,15.19,17.84,12.86,16.68,12.87,15.27,18.99,,15.81,19.99,19.61
2002-05-14,4.24,7.35,4.87,8.23,12.15,8.56,10.39,14.48,13.3,12.69,16.48,13,15.27,18.99,,15.81,19.99,
2002-05-15,4.76,7.97,5.46,8.6,12.31,11.05,10.49,14.64,12.18,13.01,16.66,12.99,15.24,18.99,25,15.81,19.99,
2002-05-16,4.76,7.61,5.7,8.42,11.67,10.52,10.14,14.19,12.05,12.84,16.48,13.08,15.27,18.99,25,15.81,19.99,
2002-05-17,4.34,7.28,7.42,8.17,11.94,6.86,10.28,14.44,12.67,12.59,16.28,15.11,14.93,18.83,,15.66,19.66,
2002-05-20,5.48,8.92,8.7,8.09,12.05,11.76,10.79,15.04,16.38,13.01,16.86,19.06,16.05,20.49,,17.03,21.83,
2002-05-21,6.36,10.24,6.35,8.51,12.66,9.46,10.2,14.97,15.52,13.01,16.91,12.94,16.05,20.49,20.61,17.03,21.83,
2002-05-22,5.29,8.59,4.91,7.79,11.78,9.93,10.21,14.68,,13.01,16.91,15.58,16.05,20.49,20.61,17.03,21.83,
2002-05-23,4.5,7.84,4.76,7.64,11.54,6.5,10.01,14.64,12.32,13.01,16.91,,16.05,20.49,25,17.03,21.83,
2002-05-24,3.84,6.78,2.82,7.2,10.97,5.93,9.95,14.35,,13.01,16.91,,16.05,20.49,20.61,17.03,21.83,21
2002-05-27,4.09,7.18,4.42,7.39,11.55,12.75,10.13,14.51,14.51,13.01,16.96,13,16.05,20.49,,17.03,21.83,
2002-05-28,3.87,6.42,4.59,7.61,10.93,12.66,9.64,13.4,14.28,12.34,15.96,6.93,14.71,18.16,,15.41,19.16,21
2002-05-29,4.04,6.6,4.37,7.73,10.94,9.07,9.87,13.47,14.72,12.34,15.93,4.6,14.71,18.16,20.61,15.41,19.16,
2002-05-30,3.69,6.59,4.27,7.51,11.27,3.31,9.35,13.96,11.54,12.07,15.91,,14.6,18.16,15,15.28,19.16,
2002-05-31,4.64,8.22,4.09,7.37,11.08,7.08,9.43,13.87,13.51,12.07,15.91,9.54,14.52,18.16,21,15.28,19.16,
2002-06-03,3.85,7,3.75,7.16,11.02,10.01,9.32,13.55,10.25,12.17,15.71,,14.6,17.99,,15.28,18.99,21
2002-06-04,3.84,6.7,4.33,6.98,10.69,8.42,9.45,13.76,13.28,12.15,15.81,,14.6,17.99,,15.28,18.99,20
2002-06-05,3.73,6.54,3.43,6.96,10.59,5,9.47,13.88,14.23,12.15,15.76,,14.57,17.99,,15.28,18.99,
2002-06-06,3.18,5.95,3.56,6.58,10.12,7.19,9.06,13.41,12.57,12.07,15.76,12.97,14.52,17.99,,15.28,18.99,
2002-06-07,3.03,5.75,2.33,6.22,9.73,3.19,8.6,13.22,9.25,11.99,15.66,13.31,14.57,17.83,22.97,15.28,18.99,
2002-06-10,3.2,5.73,4.3,6.06,9.14,15.47,8.65,12.51,9.16,11.78,15.46,15,14.57,17.83,,15.28,18.99,
2002-06-11,3.63,6.57,7.53,6.47,10.17,7.11,8.81,13.42,13.93,12.11,15.86,13,14.8,18.16,23,15.53,19.66,
2002-06-12,3.63,6.57,7.53,6.47,10.17,7.11,8.81,13.42,13.93,12.11,15.86,13,14.8,18.16,23,15.53,19.66,
2002-06-13,4.53,7.85,7.38,6.77,10.59,7.42,8.88,13.52,14.79,12.15,15.83,14,14.77,18.16,,15.53,19.66,
2002-06-14,4.48,7.66,6.02,6.9,10.33,7.05,8.85,13.36,9.6,12.03,15.56,6.29,14.8,18.16,18.14,15.53,19.66,
2002-06-17,4.92,8.01,5.4,6.76,10.35,15.26,8.7,13.36,13.99,12.03,15.56,14.14,14.8,18.16,,15.53,19.66,18
2002-06-18,4.35,7.11,4.25,7.11,10.22,6.11,9.22,13.13,13.09,12.19,15.86,,15.02,18.83,,15.91,19.99,
2002-06-19,3.83,6.23,3.59,7.26,10.46,5.29,9.5,13.08,13.09,12.19,15.76,,14.91,18.66,,15.78,19.66,
2002-06-20,3.68,6.21,4.67,7.07,10.21,9.29,9.22,13.13,9.85,12.19,15.76,13,14.91,18.66,20.61,15.78,19.66,
2002-06-21,3.64,6.09,3.48,6.42,9.51,4.78,9.03,12.72,10,12.18,15.67,,14.82,18.61,20.61,15.75,19.57,
2002-06-24,3.61,6.55,4.52,6.58,10.52,9.17,8.96,13.62,14,12.18,15.72,14.5,14.88,18.61,,15.75,19.57,21
2002-06-25,3.9,6.8,6.55,6.67,10.53,9.47,8.96,13.62,12.59,12.18,15.72,18.06,14.88,18.61,,15.75,19.57,
2002-06-26,5.2,8.92,11.08,7.16,11.13,10.09,9.06,14.02,2.23,12.18,15.72,4.13,14.88,18.61,20.61,15.75,19.57,
2002-06-27,7.52,11.53,16.99,8.51,12.6,15.93,9.85,14.16,13.55,12.64,16.37,6.25,15.38,19.44,,16.37,20.57,
2002-06-28,12.66,18.23,14.81,11.49,16.82,22.26,11.1,14.95,26.88,13.14,16.97,9.04,16.16,20.27,17.25,17.25,21.24,
2002-07-01,7.38,11.97,4.09,8.73,12.73,7.15,10.12,14.84,11.41,12.72,16.37,13,15.38,19.44,20.27,16.62,20.91,
2002-07-02,4.19,6.82,3.85,7.15,10.52,18.57,8.99,12.97,10.07,12.22,15.57,13.19,15.04,18.61,20.21,16,20.07,
2002-07-03,3.64,6.51,3.74,6.43,10.24,7.06,8.49,13.13,12.86,12.22,15.57,,15.04,18.61,18.89,16,20.07,
2002-07-04,3.45,5.9,3.81,6.65,9.97,6.4,8.64,12.88,9.61,12.22,15.57,15,15.04,18.61,19,16,20.07,
2002-07-05,3.28,5.92,3.37,6.02,9.71,4.41,8.53,13.35,10.39,12.22,15.57,12,15.04,18.61,18.01,16,20.07,
2002-07-08,3.48,6.17,5.31,6.44,10.1,14.42,8.53,13.35,,12.22,15.47,,15.04,18.61,,16,20.07,
2002-07-09,4.07,6.63,5.38,6.82,10.03,7.52,8.6,12.74,11.61,12.05,15.27,,14.49,17.77,19,15.25,18.74,
2002-07-10,4.37,6.89,6.17,7.02,10.1,9.47,8.64,12.7,10.16,12.22,15.47,15.13,14.71,18.11,18.24,15.5,19.07,
2002-07-11,4.34,7.06,5.15,6.84,10.15,7.37,8.69,12.67,16.96,12.22,15.47,16,14.71,18.11,21.16,15.5,19.07,
2002-07-12,3.78,6.25,6.96,6.39,9.45,6.9,8.53,12.81,10.46,12.22,15.47,,14.71,18.11,18,15.5,19.07,
2002-07-15,6.8,10.23,34.97,7.97,11.4,12.61,10.19,13.8,14.06,12.8,16.17,8.61,15.49,19.27,18,16.37,20.24,
2002-07-16,18.29,28.12,28.46,12.33,17.98,22.86,12.13,16.62,16,14.39,18.97,,17.38,23.27,19.65,18.5,24.24,
2002-07-17,12.47,20.3,6.64,11.56,16.04,10.28,12.28,16.31,9.69,14.39,18.77,13.37,17.38,23.27,22.3,18.5,24.24,
2002-07-18,4.51,7.72,4.35,8,11.63,5.42,10.19,14.5,7.62,12.18,15.57,14.56,14.49,17.94,,15.25,18.91,
2002-07-19,3,5.57,4.45,6.35,9.26,4.91,9.1,13.09,8.05,12.14,15.57,,14.49,17.94,,15.25,18.91,21
2002-07-22,5.53,8.52,14.6,7.13,10.7,12.59,9.63,14.35,15,12.39,15.77,15,14.82,18.27,,15.62,19.24,
2002-07-23,7.99,12.28,20.12,8.6,12.58,11.57,10.06,14.75,14.27,12.55,16.37,16.32,15.04,18.77,,15.87,19.74,
2002-07-24,11.56,17.12,13.2,9.38,13.51,19.76,10.83,14.93,13.87,12.14,15.87,,14.49,17.94,21.18,15.25,18.91,
2002-07-25,6.37,10.45,5.8,8.4,12.79,11.7,10.33,14.75,15.46,12.3,16.07,11.72,14.71,18.27,,15.5,19.24,
2002-07-26,4.13,6.94,6.39,7.53,10.87,7.01,10.59,13.9,,12.05,15.77,10.14,14.27,17.77,,15.12,18.74,
2002-07-29,8.77,12.46,37.59,9.43,13.63,17.6,11.26,15.35,15.5,13.8,17.62,14.67,16.54,20.77,16.5,17.37,21.74,
2002-07-30,23.77,34.35,42.7,15.52,21.49,24,13.99,18.66,17.27,15.6,21.06,20.85,18.93,26.94,25,20.37,27.57,
2002-07-31,28.6,39.92,29.06,16.15,23.61,8.08,13.21,18.95,45.32,14.76,20.82,9.37,17.88,25.77,20,19.12,26.74,
2002-08-01,9.37,15.56,4.47,10.59,15.04,7.58,12.13,17.2,10.96,12.7,16.72,13.01,15.16,18.77,,16,19.74,
2002-08-02,3.19,5.83,3.48,6.55,9.49,5.38,9.83,13.73,10.88,12.12,15.75,13.35,14.52,17.44,16.5,15.12,18.41,18
2002-08-05,3.81,6.54,6.27,6.74,9.92,14.66,9.67,13.65,9.13,12.12,15.72,,14.49,17.44,,15.12,18.41,
2002-08-06,5,7.94,6.16,7.2,10.4,8.56,10.02,13.92,9.03,12.12,15.75,13.67,14.52,17.44,,15.12,18.41,
2002-08-07,4.72,7.58,5.16,7.32,10.46,6.29,10.08,14.18,8.21,12.62,16.45,13.45,15.18,18.61,,16,20.07,
2002-08-08,4.5,7.27,4.54,7.13,10.32,7.95,9.92,14.13,10.8,12.47,16.32,,15.04,18.61,,16,20.07,
2002-08-09,3.25,5.9,3.03,6.43,9.33,4.54,9.46,13.56,21,11.93,15.52,,14.54,17.61,,15.5,18.91,
2002-08-12,3.6,6.3,6.36,6.13,9.29,11.45,9.03,12.95,12.16,11.76,15.3,,14.41,17.44,22.71,15.37,18.91,
2002-08-13,4.73,7.42,10.26,7.01,10.22,9.39,9.67,13.32,9.57,12.18,15.9,,15.07,18.44,,15.87,20.07,
2002-08-14,5.94,9.61,4.92,7.48,11.32,8.76,9.49,13.8,10.07,12.18,15.92,11.63,15.07,18.44,,15.87,20.07,
2002-08-15,4.55,7.53,4.1,6.96,10.63,5.29,9.36,13.95,12.04,11.93,16.2,9.26,15.07,18.44,,15.87,20.07,
2002-08-16,3.22,6.09,2.69,6.31,9.7,3.84,8.89,13.32,16,11.93,15.52,15.08,14.96,18.44,20.53,15.87,20.07,19
2002-08-19,4.53,7.43,4.76,6.21,9.95,11.59,8.93,13.29,13.07,11.76,15.4,13.35,14.63,18.44,21,15.62,19.57,
2002-08-20,5.35,8.51,4.97,6.73,10.41,7.7,9.06,13.54,10.58,11.68,15.2,11.44,14.52,17.94,,15.37,19.07,
2002-08-21,3.91,6.95,4.44,6.39,10.17,6.1,8.79,13.21,10.95,11.68,15.2,11,14.52,17.94,,15.37,19.07,
2002-08-22,3.82,6.35,4.14,6.43,9.47,5.15,9.35,12.94,12.68,11.68,15.22,,14.54,17.94,18,15.37,19.07,
2002-08-23,3.04,5.77,2.6,5.74,9.28,4.73,8.79,13.25,12.2,11.49,15.07,,14.38,17.61,18,15.37,19.07,
2002-08-26,3.31,6.05,4.12,6.15,10.42,14.72,9.08,13.14,11.27,11.49,14.97,15,14.38,17.61,15,15.37,19.07,21
2002-08-27,3.7,6.47,5.26,6.22,10.49,10.32,8.49,12.65,14,11.63,15,8.99,14.38,17.61,,15.37,19.07,
2002-08-28,4.71,7.48,4.65,6.94,10.48,9.8,9.46,13,14.75,11.49,15.07,8.47,14.38,17.77,21,15.37,18.91,21
2002-08-29,4.76,7.72,4.15,7.13,10.76,10.27,9.5,12.9,12.74,11.49,15.07,8.45,14.38,17.77,,15.37,18.91,
2002-08-30,5.96,8.97,5.74,7.47,10.98,8.25,9.31,13.08,11.79,11.49,15.07,12.56,14.38,17.77,,15.37,18.91,
2002-09-02,3.92,7.04,3.43,6.31,9.59,13.94,9.06,12.72,9.68,11.49,15.07,,14.38,17.77,,15.37,18.91,
2002-09-03,3.52,6.16,3.54,5.75,8.95,5.38,8.85,12.63,10.66,11.51,15.07,,14.38,17.77,20.81,15.37,18.91,
2002-09-04,3.07,5.82,3.4,5.48,9.17,4.58,8.28,12.86,11.39,11.51,15.07,,14.38,17.77,,15.37,18.91,
2002-09-05,3.29,5.73,3.6,5.61,8.55,5.94,8.56,12.3,8.37,11.49,15.07,12.46,14.38,17.77,,15.37,18.91,
2002-09-06,2.69,5.4,2.54,5.3,8.79,3.89,8.56,12.91,7.68,11.49,15.07,11.46,14.38,17.77,15.1,15.37,18.91,
2002-09-09,3.09,5.59,3.96,5.17,8.79,10.47,8.28,12.77,9.19,11.49,15.07,,14.38,17.77,20.81,15.37,18.91,
2002-09-10,3.31,5.79,3.95,5.37,8.93,5.97,8.59,12.86,7.82,11.49,15.07,11.09,14.38,17.77,,15.37,18.91,
2002-09-11,3.07,5.54,3.84,5.51,9.02,7.63,8.56,13.05,8.17,11.49,15.07,,14.38,17.77,,15.37,18.91,
2002-09-12,2.98,5.48,3.89,5.65,9.12,5.77,8.59,12.75,9.18,11.49,15.07,10,14.38,17.77,,15.37,18.91,
2002-09-13,2.44,4.59,3.17,5.4,8.18,4.26,8.86,12.59,6.44,11.49,15.07,13.5,14.38,17.61,20.81,15.37,18.74,
2002-09-16,3.19,5.59,5.85,5.55,8.71,14.93,9.15,12.75,9.43,11.49,15.07,19.5,14.38,17.77,16.71,15.37,18.91,
2002-09-17,3.69,6.43,11.97,5.91,8.99,9.53,8.95,12.5,8.53,11.49,15.07,16,14.38,17.61,,15.37,18.74,
2002-09-18,7.87,11.81,9.66,8.19,11.74,5.71,10.4,13.93,,12.32,16.17,,15.49,19.44,,16.5,20.74,
2002-09-19,4.86,8.03,3.98,6.68,10.22,5.67,8.9,12.55,7.43,11.57,14.97,,14.38,17.27,,15.12,18.41,
2002-09-20,2.96,5.09,3.53,5.68,8.55,4.69,8.86,12.19,18,11.57,14.97,17.36,14.38,17.27,,15.12,18.41,
2002-09-23,3.71,6.2,10.22,5.84,9.02,18.07,8.93,12.49,12.94,11.74,15.37,17,14.71,18.27,,15.87,19.91,
2002-09-24,5.82,8.73,5.08,7.26,11.07,9.89,9.44,13.09,12.59,11.91,15.77,,15.04,18.77,,15.87,19.91,
2002-09-25,4.12,6.52,6.38,7.1,10.61,7.15,8.78,12.19,10.75,11.32,14.77,,13.94,16.8,21,15,18.24,
2002-09-26,4.73,7.79,8.67,6.81,10.53,13.53,9.15,12.49,10.46,11.91,15.77,6.75,14.64,18.23,,15.87,19.91,
2002-09-27,5.23,8.3,7.67,7.11,10.86,9,9.22,12.64,9.53,11.88,15.74,12.13,14.64,18.23,,15.87,19.91,
2002-09-30,8.85,12.5,17.79,7.71,11.33,2.85,9.16,12.93,21.35,11.88,15.74,6.14,14.64,18.23,20.97,15.87,19.91,
2002-10-01,6.48,10.35,4.82,8.07,11.81,5.86,8.85,13,9.3,11.83,15.68,,14.58,18.17,21,15.81,19.85,18
2002-10-02,3.67,6.09,3.67,6.52,9.61,6.48,8.66,12.08,13.84,11.74,15.58,,14.58,18.17,,15.81,19.85,
2002-10-03,3.25,5.47,3.32,5.95,8.73,7.3,8.52,12.14,17.85,11.74,15.58,,14.58,18.17,17.67,15.81,19.85,
2002-10-04,2.6,4.75,2.43,5.19,8.02,5.51,8.03,11.85,13.34,11.31,14.78,,14.18,17.17,21,15.56,19.02,
2002-10-07,3.24,5.52,3.99,5.53,8.34,5.61,8.51,11.91,12.5,11.33,14.78,,14.18,17.17,20.81,15.56,19.02,
2002-10-08,3.66,6,4.75,5.82,8.57,8.09,8.41,11.86,8,11.33,14.78,11.67,14.18,17.17,,15.56,19.02,17.5
2002-10-09,3.6,5.93,4.34,6.07,8.78,6.94,8.14,11.86,8.25,11.41,14.88,15,14.18,17.17,,15.56,19.02,
2002-10-10,4.03,6.38,8.3,5.9,8.83,7.43,8.25,11.98,8.21,11.41,14.88,,14.18,17.17,20.81,15.56,19.02,17.5
2002-10-11,4.02,6.7,3.3,6.07,9.18,5.89,8.47,12.12,8.21,11.41,14.88,11,14.18,17.17,,15.56,19.02,
2002-10-14,3.69,6.2,5.37,5.68,8.55,5,8.6,12.01,8.32,11.33,14.88,16,14.18,17.17,,15.56,19.02,
2002-10-15,4.18,6.86,5.84,6.07,9,7.5,8.29,12.25,11.51,11.41,14.98,16,14.18,17.31,,15.56,19.02,20.46
2002-10-16,4.68,7.18,4.82,6.02,8.84,7.12,8.08,11.89,10.24,11.41,14.78,,14.18,17.31,20.81,15.56,19.02,
2002-10-17,4.17,6.42,4.37,6.07,8.68,5.56,8.24,11.79,9.45,11.36,14.76,15.44,14.43,17.37,,16.07,19.42,
2002-10-18,3.24,5.46,2.6,5.92,8.49,3.72,8.57,11.73,12,11.31,14.98,11.11,14.18,17.31,,15.56,19.02,
2002-10-21,3.82,6.52,4.57,5.82,8.43,6.77,8.27,11.46,11.49,11.43,14.92,13.26,14.18,17.31,,15.56,19.02,
2002-10-22,4,6.27,5.77,6.06,8.8,5.21,8.47,12.03,9.56,11.31,14.98,12.5,14.18,17.31,,15.56,19.02,
2002-10-23,4.2,6.83,5.47,6.24,9.22,5.86,8.79,12.28,15,11.31,14.98,17,14.18,17.31,20.81,15.56,19.02,
2002-10-24,4.25,6.69,5.09,6.03,8.95,7.63,8.35,12.09,7.88,11.31,14.88,12.75,14.18,17.17,20.19,15.19,18.52,17.5
2002-10-25,3.52,5.66,2.64,5.95,8.75,5.19,8.41,12.18,8.3,11.31,14.88,,14.18,17.17,20.81,15.19,18.52,
2002-10-28,4.16,6.58,16.9,6.09,8.98,8.75,8.57,12.12,14.12,11.31,14.88,5.67,14.18,17.17,20.99,15.19,18.52,
2002-10-29,11.08,16.47,20.35,10.6,14.27,19.81,11.37,14.73,15,11.89,15.78,5.98,14.88,18.6,,16.06,20.18,
2002-10-30,9.98,15.07,9.6,10.5,14.33,11.93,10.04,13.86,15,12.47,16.68,4.6,15.58,19.74,16.76,17.06,21.52,
2002-10-31,10.91,15.24,14.89,9.46,13.04,5.59,10.02,14.1,7.5,12.51,16.68,7.74,15.58,19.74,,17.06,21.52,
2002-11-01,4.89,8.58,2.86,6.84,10.27,3.88,8.72,12.56,7.62,11.22,14.88,11.27,14.08,17.17,23,15.44,19.02,
2002-11-04,3.64,6.1,5.58,5.71,8.82,16.3,8.44,12.17,12.88,11.16,14.78,24,13.98,17.03,,14.94,18.35,
2002-11-05,3.9,6.52,5.78,6.18,9.09,8.61,8.6,12.28,16.58,11.47,14.98,13.11,14.28,17.17,,15.31,18.68,
2002-11-06,4.44,7.14,7,6.16,9.23,6.96,8.97,12.69,19.85,11.51,14.98,,14.38,17.46,20.81,15.56,19.02,
2002-11-07,4.44,7.14,7,6.16,9.23,6.96,8.97,12.69,19.85,11.51,14.98,,14.38,17.46,20.81,15.56,19.02,
2002-11-08,4.44,7.14,7,6.16,9.23,6.96,8.97,12.69,19.85,11.51,14.98,,14.38,17.46,20.81,15.56,19.02,
2002-11-11,4.1,6.56,4.48,6.02,9.05,16,8.56,12.05,10.76,11.35,14.98,23,14.38,17.46,,15.56,19.02,
2002-11-12,3.95,6.29,4.32,5.97,9.05,12.84,8.65,12.33,7.73,11.35,14.98,13,14.38,17.46,,15.56,19.02,
2002-11-13,3.73,6.05,3.76,6.35,9.09,12.18,8.84,12.45,8.03,11.39,14.98,14.63,14.38,17.46,,15.56,19.02,20.46
2002-11-14,3.62,5.84,3.63,5.98,8.87,16.07,8.62,12.42,16,11.56,14.98,10.67,14.38,17.46,20.81,15.56,19.02,
2002-11-15,2.72,4.85,2.24,5.6,8.46,5.6,8.82,12.34,10.54,11.2,14.68,16,13.98,17.17,,15.19,19.02,17.5
2002-11-18,3.15,5.42,3.73,5.94,8.98,14.1,9.04,12.37,10.07,11.39,14.68,14,14.08,17.15,,15.19,19.02,17.5
2002-11-19,3.31,5.55,3.77,5.91,8.81,10.35,8.33,11.64,6.5,11.27,14.64,19.79,13.98,17.17,18.08,15.19,19.02,
2002-11-20,3.09,5.19,4.52,5.78,8.55,5.44,8.37,11.93,7.42,11.14,14.63,,13.93,17.17,22.96,15.19,19.02,
2002-11-21,3.44,5.51,4.05,6.07,8.94,6.72,8.33,11.93,7.25,11.06,14.53,12,13.93,17.17,17,15.19,19.02,
2002-11-22,2.63,4.8,2.24,5.46,8.04,3.05,8.17,11.66,16.8,10.97,14.33,,13.83,16.74,17.41,14.81,18.02,
2002-11-25,2.95,5.02,3.95,5.75,8.81,16.83,8.37,11.74,8.54,11.18,14.53,10.98,13.93,16.88,17.11,14.81,18.18,
2002-11-26,3.42,5.42,3.95,6.01,9.01,16.83,8.54,11.86,8.54,11.18,14.53,10.98,14.03,17.03,17.11,15.06,18.35,
2002-11-27,3.48,5.48,3.95,6.09,8.99,16.83,8.57,11.93,8.54,11.18,14.58,10.98,14.08,17.03,17.11,15.06,18.35,
2002-11-28,3.25,5.24,3.15,6.09,9,6,8.34,11.64,15,11.18,14.58,,14.08,17.03,14.94,15.06,18.35,
2002-11-29,4.41,6.89,4.68,6.43,9.61,5.52,8.41,12.34,10.5,10.88,14.78,7.4,13.87,17.31,,14.79,18.68,17.5
2002-12-02,3.16,5.44,3.32,5.68,8.72,9.51,8.41,12.03,14.13,11.14,14.58,17.5,14.28,17.31,,15.31,18.68,17.5
2002-12-03,2.95,4.88,3.27,5.73,8.63,5.7,8.13,11.93,12.71,10.89,14.58,13.45,13.98,17.17,,14.94,18.68,17.5
2002-12-04,2.73,4.64,3.36,5.34,7.94,17.8,8.04,11.59,16.4,10.89,14.58,11,13.98,17.17,,14.94,18.68,
2002-12-05,2.77,4.68,3.35,5.36,8.05,3.75,8.04,11.75,13.14,10.89,14.58,10.51,13.98,17.17,,14.94,18.68,
2002-12-06,2.16,4.04,1.91,5.17,7.57,2.73,8.49,12.32,11.56,11.06,14.68,,13.98,17.17,,14.94,18.68,17.5
2002-12-09,2.63,4.29,3.46,5.14,7.61,9.69,8.25,12.26,8.9,11.31,14.98,15.5,13.98,17.17,,14.94,18.68,
2002-12-10,2.74,4.6,3.5,5.13,7.87,6.58,8.17,12.31,13.67,11.31,14.93,,13.96,17.17,13,14.94,18.68,
2002-12-11,2.47,4.18,1.7,5.2,7.4,2.59,8.09,12.11,11.95,11.29,14.88,,13.96,17.17,,14.94,18.68,17.5
2002-12-12,2.47,4.18,1.7,5.2,7.4,2.59,8.09,12.11,11.95,11.29,14.88,,13.96,17.17,,14.94,18.68,17.5
2002-12-13,2.47,4.18,1.7,5.2,7.4,2.59,8.09,12.11,11.95,11.29,14.88,,13.96,17.17,,14.94,18.68,17.5
2002-12-16,2.84,4.49,3.42,5.4,7.99,9.77,8.35,12.19,12.14,11.35,14.88,12.33,13.96,17.17,,14.94,18.68,17.5
2002-12-17,2.81,4.54,3.59,5.64,8.33,5.52,8.35,12.31,12.15,11.39,14.88,12.12,13.96,17.17,,14.94,18.68,17.5
2002-12-18,2.92,4.66,3.42,5.48,8.1,4.23,8.6,12.23,11.43,11.35,14.88,15.42,13.96,17.17,,14.94,18.68,17.5
2002-12-19,2.84,4.62,3.23,5.45,8.12,3.56,8.06,11.88,7.89,11.78,15.1,17.32,13.96,17.17,,14.94,18.68,17.5
2002-12-20,2.53,4.23,2.06,5.34,7.9,8.14,8.29,12.34,11.72,11.35,14.88,24.11,13.96,17.17,,14.94,18.68,17.5
2002-12-23,2.72,4.48,7.39,5.16,7.71,8.63,8.51,12.39,12.64,11.35,14.91,16.43,13.96,17.17,,14.94,18.68,17.5
2002-12-24,4.62,7.41,8.02,6.25,9.74,7.85,8.77,12.33,15.05,11.39,14.93,17.5,13.96,17.17,21,14.94,18.68,17.5
2002-12-25,5.25,8.06,9.28,7.2,10.88,5,9.89,13.27,15.03,11.39,14.93,17.5,13.96,17.17,17,14.94,18.68,17.5
2002-12-26,5.7,8.92,11.36,8.04,12.04,7.26,9.92,13.42,16.39,11.61,15.28,16.6,13.98,18.03,,15.07,19.52,17.5
2002-12-27,7.85,11.35,8.39,9.36,13.43,9.17,10.5,13.95,15.82,11.79,15.78,9.69,14.32,17.88,20,15.07,19.35,19.83
2002-12-30,7.85,11.61,9.65,9.71,14,19.05,10.97,14.46,13.27,11.81,15.28,12.42,14.68,17.88,15,15.56,19.35,17.5
2002-12-31,7.7,11.42,10.11,10.58,14.79,7.91,10.9,14.49,11.64,11.61,15.08,8.01,14.08,17.52,21,15.07,19.35,
2003-01-01,7.7,11.42,10.11,10.58,14.79,7.91,10.9,14.49,11.64,11.61,15.08,8.01,14.08,17.52,21,15.07,19.35,
2003-01-02,7.7,11.42,10.11,10.58,14.79,7.91,10.9,14.49,11.64,11.61,15.08,8.01,14.08,17.52,21,15.07,19.35,
2003-01-03,7.7,11.42,10.11,10.58,14.79,7.91,10.9,14.49,11.64,11.61,15.08,8.01,14.08,17.52,21,15.07,19.35,
2003-01-06,2.35,4.13,1.29,5.47,8.02,1.88,7.88,11.5,16.05,11.1,14.58,,13.89,16.9,,15.56,19.35,17.5
2003-01-07,2.35,4.13,1.29,5.47,8.02,1.88,7.88,11.5,16.05,11.1,14.58,,13.89,16.9,,15.56,19.35,17.5
2003-01-08,2.24,3.95,2.3,4.79,7.32,6.42,7.69,11.37,9.98,11.1,14.48,9.74,13.87,16.9,,15.56,19.35,17.5
2003-01-09,2.52,4.2,3.1,4.46,7.21,3.92,7.1,10.02,13.29,9.97,12.28,10,13.08,15.4,,14.06,17.02,16.88
2003-01-10,1.85,3.34,1.92,4.17,6.7,3.01,7.03,9.98,7.72,9.97,12.28,,12.8,15.13,,14.06,17.02,
2003-01-13,2.34,3.92,3.04,4.31,6.87,5.63,7.16,10.21,10,9.97,12.28,16,12.8,15.13,,14.06,17.02,17.5
2003-01-14,2.66,4.4,3.04,4.8,7.3,5.63,7.32,10.28,10,10.06,12.38,16,12.89,15.13,,14.06,17.02,17.5
2003-01-15,3.53,5.65,12.31,5.08,7.55,8.5,7.25,10.4,13.33,10.14,12.48,17,12.89,15.24,,14.31,17.18,17.5
2003-01-16,7.83,11.47,12.32,7.38,10.37,12.86,9.1,12.18,8.67,10.64,13.58,20.65,13.35,15.91,21,15.06,18.85,
2003-01-17,5.44,8.36,4.08,6.98,9.94,5.37,8.16,11.5,,10.56,13.38,15.91,13.35,15.8,,15.06,18.85,17.5
2003-01-20,4.64,7.23,15.16,5.61,8.4,8.14,8.16,11.31,8.21,10.72,13.58,12.87,13.35,15.91,19.62,15.06,18.85,19.92
2003-01-21,9.19,13.09,22.06,8.25,11.55,13.81,9.88,13.34,11.44,11.56,14.63,14.26,14.58,17.4,,15.69,19.68,17.5
2003-01-22,12.09,16.61,11.28,9.77,13.38,9.4,10.34,13.56,14.64,11.47,14.68,12.62,14.08,17.02,,16.06,20.02,17.5
2003-01-23,5.55,8.7,4.91,7.78,10.67,7.95,9.24,12.46,10.03,11.56,14.78,15.01,14.58,17.65,,16.06,20.02,
2003-01-24,3.06,5.37,2.35,5.55,8.44,4.19,8.29,11.5,8.93,11.06,14.08,8.12,13.98,16.77,,15.31,18.85,17.5
2003-01-27,3.27,5.53,4.61,5.9,8.87,7.15,8.03,11.51,9.71,11.01,14.08,19,13.62,16.77,,15.31,18.85,18.75
2003-01-28,3.72,5.96,4.95,6.32,9.45,12.98,8.25,11.4,7.89,10.97,13.98,12.86,13.98,16.77,,15.31,18.85,
2003-01-29,3.93,6.18,4.64,6.67,10.27,9.55,8.21,11.15,12.64,11.01,14.18,16,13.62,16.77,,15.31,18.85,17.5
2003-01-30,3.76,5.89,3.98,6.52,9.5,6.32,8.16,11.48,9.05,11.04,14.18,9.54,13.71,16.77,21,15.31,18.85,17.5
2003-01-31,3.74,5.85,5.44,6.2,9.04,8.64,8.64,11.56,8.2,11.31,14.28,8.92,13.98,16.77,21,15.31,18.85,
2003-02-03,3.68,5.91,3.79,6.14,8.83,6.61,8.1,11.39,14.39,10.81,13.62,,13.67,16.77,,15.31,18.85,17.5
2003-02-04,3.32,5.3,3.4,5.72,8.54,8.02,8.13,11.32,8.13,11.06,14.08,,13.98,16.77,17.5,15.31,18.85,17.5
2003-02-05,3.03,4.89,3.4,5.25,7.69,5.31,7.6,11.68,7.79,10.62,13.48,,13.05,15.77,17.5,14.56,17.52,17.5
2003-02-06,3.06,4.87,3.48,5.15,7.53,3.98,7.46,11.37,7.23,10.45,13.28,10.16,13.05,15.65,,14.31,17.35,
2003-02-07,2.39,4.29,1.76,4.56,6.9,3.07,6.64,10.28,6.62,10.18,12.92,19.97,12.87,15.52,16.75,14.19,17.18,17.5
2003-02-10,2.53,4.29,3.21,4.63,7.1,5.27,7.19,10.75,7.07,10.01,13.08,,12.8,15.4,,14.06,17.02,17.5
2003-02-11,2.75,4.59,3.38,4.96,7.57,7.03,7.21,10.27,6.36,10.1,12.58,,12.76,15.08,,14.06,17.02,17.5
2003-02-12,2.72,4.47,3.17,5.01,7.28,3.73,7.32,10.76,10.44,10.08,12.93,,12.76,15.34,,14.06,17.02,17.5
2003-02-13,2.72,4.36,3.22,4.87,7.18,6.85,7.05,10.65,4.69,10.01,12.73,20,12.49,15.21,,14.19,16.85,17.5
2003-02-14,2.06,3.75,1.72,4.28,6.67,2.43,6.34,10.05,7.82,9.97,12.63,20.98,12.3,15.15,,14.19,16.85,17.5
2003-02-17,2.53,4.18,2.4,4.15,6.39,7.29,6.49,10.15,4.72,9.97,12.63,12.85,12.3,15.15,,14.19,16.85,17.5
2003-02-18,1.83,3.53,1.72,4.21,6.5,4.37,6.09,9.17,15,9.22,11.38,15.26,12.33,14.46,,13.94,16.52,17.5
2003-02-19,1.57,3.09,1.67,3.84,6.05,4.23,5.61,9.5,5.62,8.71,11.43,13.5,11.3,14.34,,13.53,16.52,
2003-02-20,1.5,2.94,1.85,3.85,5.89,3.16,5.7,9.46,7.59,8.79,11.48,13.91,11.39,14.46,,13.91,17.18,17.5
2003-02-21,1.58,3.04,1.75,3.43,5.45,1.93,5.66,9.5,7.84,8.71,11.48,13.08,11.39,14.21,,13.53,16.52,17.5
2003-02-24,1.58,3.04,1.75,3.43,5.45,1.93,5.66,9.5,7.84,8.71,11.48,13.08,11.39,14.21,,13.53,16.52,17.5
2003-02-25,1.77,3.22,1.87,3.43,5.68,3.1,5.73,9.02,10.46,8.71,11.28,,11.3,13.74,,13.53,16.52,20.81
2003-02-26,1.49,2.95,1.89,3.77,5.68,4.68,6.03,9.58,6.42,8.69,11.48,17.44,11.3,14.21,,13.53,16.52,18.23
2003-02-27,1.41,2.92,1.92,3.71,6.03,4.61,5.6,8.87,11.35,8.16,10.26,12.18,11.23,13.46,,12.91,15.52,
2003-02-28,1.74,3.3,2.16,3.4,5.77,2.75,5.72,8.52,8.01,8.38,10.07,6.51,11.44,13.18,18,13.07,15.12,14.69
2003-03-03,1.37,2.85,1.88,2.91,5.46,2.61,4.63,8.03,6.88,6.86,9.25,4.5,9.01,11.13,,10.01,12.79,18.73
2003-03-04,1.29,2.62,1.63,2.88,5.1,8.11,4.69,8.01,4.6,6.97,9.27,4,8.89,11.05,18.25,9.93,12.71,
2003-03-05,1.22,2.46,1.7,3.03,5.21,3.18,4.87,7.77,4.05,7.01,9.19,5.68,8.87,10.89,,9.93,12.71,19.23
2003-03-06,1.12,2.33,1.79,2.94,5.18,2.7,4.66,7.52,3.95,6.83,9.16,4.2,8.7,10.72,,9.9,12.66,17.5
2003-03-07,1.16,2.33,1.29,2.88,5.07,1.49,4.66,7.88,3.43,6.99,9.14,11.54,8.81,10.8,,10.01,12.31,17.5
2003-03-10,1.16,2.33,1.29,2.88,5.07,1.49,4.66,7.88,3.43,6.99,9.14,11.54,8.81,10.8,,10.01,12.31,17.5
2003-03-11,1.11,2.26,1.11,2.77,4.93,4.7,4.64,7.77,5.64,6.89,8.96,7.95,8.64,10.8,6,10.01,12.31,17.5
2003-03-12,1.06,2.19,1.33,2.76,4.99,4.74,4.55,7.65,2.56,6.89,8.92,5.72,8.68,10.8,,10.08,12.31,
2003-03-13,1.03,2.16,2.37,2.6,4.82,2.44,4.2,7.33,3.47,6.43,8.38,3.75,8.34,10.6,,9.99,12.18,17.5
2003-03-14,1.33,2.54,1.99,2.41,4.55,2.12,4.24,7.16,3.88,6.57,8.47,3.93,8.74,10.51,,9.83,12,
2003-03-17,1.28,2.52,1.87,2.54,4.67,3.42,4.2,7.26,6.77,6.51,8.47,6.17,8.36,10.51,19,9.83,12,17.5
2003-03-18,1.3,2.51,2.05,2.54,4.7,3.44,4.5,7.16,3.51,6.57,8.47,4.62,8.74,10.51,19,9.83,12,
2003-03-19,1.57,2.87,4.47,2.84,4.83,4.54,4.35,7.13,4,6.41,8.32,,8.36,10.53,,9.83,12,17.5
2003-03-20,2.14,3.85,4.35,3,5.29,5.28,4.39,7.28,4.22,6.75,8.86,4.53,8.38,10.58,,9.85,12.04,
2003-03-21,2.33,4.07,3.05,2.98,5.14,3.35,4.48,7.58,3.35,6.94,9.15,4,8.64,10.87,,10.03,12.34,
2003-03-24,2.08,3.49,4.43,3.1,5.18,4.69,4.59,7.45,4.46,6.94,9.15,8.09,8.68,10.87,6.86,10.1,12.34,17.5
2003-03-25,2.91,4.67,5.09,3.27,5.45,7.31,4.65,7.4,5.96,7.26,9.49,6.01,8.68,10.87,,10.1,12.34,
2003-03-26,2.74,4.59,3.52,3.42,5.79,5.83,4.66,7.59,5.06,7.16,9.15,5.6,9.24,11.2,,10.1,12.34,
2003-03-27,2.63,4.19,2.88,3.54,5.77,3.96,4.76,7.57,5.93,7.16,9.33,5.79,8.89,11.2,,10.1,12.34,
2003-03-28,1.65,3.09,1.99,3.18,5.31,2.14,4.54,7.36,4.04,6.94,9.12,7.92,8.63,10.87,6,9.79,11.97,14.51
2003-03-31,2.15,3.75,3.71,3.14,5.13,5.97,4.57,7.44,5.5,6.98,9.14,5.69,8.63,10.87,13.2,9.79,11.97,14.4
2003-04-01,1.82,3.36,1.6,2.92,5.02,2.99,4.66,7.43,7.09,7.01,9.13,,8.96,10.87,11.2,9.79,11.97,
2003-04-02,1.09,2.44,1.19,2.76,4.89,2.75,4.42,7.25,3.44,6.86,9.07,7.54,8.59,10.83,,9.76,11.93,3.23
2003-04-03,0.97,2.14,1.28,2.51,4.28,2.3,4.24,6.92,3.07,6.2,8.82,9.65,7.62,10.39,,8.99,11.93,14.4
2003-04-04,0.91,2.17,1.13,2.25,4.22,1.3,4.09,6.97,,6.67,8.8,4.05,8.29,10.39,,9.76,11.93,17.5
2003-04-07,1.06,2.2,1.11,2.32,4.15,4.02,4.2,6.91,7.04,6.61,8.73,4.07,8.29,10.47,12.28,9.91,12.11,
2003-04-08,0.9,2.03,1.08,2.3,4.21,2.9,4.19,6.97,6.6,6.74,8.8,10.33,8.6,10.39,10.34,9.76,11.93,
2003-04-09,0.89,2,1.1,2.32,4.22,1.95,4.07,6.94,1.73,6.64,8.73,,8.26,10.35,,9.76,11.93,
2003-04-10,0.82,1.93,1.07,2.34,4.25,1.6,4.06,6.9,2.68,6.6,8.6,3.38,8.18,10.26,4.9,9.76,11.93,17.5
2003-04-11,0.78,1.88,1.09,2.16,4.06,0.77,4.06,6.72,3.54,6.41,8.17,,8.14,9.92,4.9,9.76,11.93,19.25
2003-04-14,0.78,1.78,1.01,2.27,4,3.31,4.18,6.81,1.73,6.44,8.35,6.08,7.93,10.13,,9.83,12.02,
2003-04-15,0.78,1.83,1.07,2.25,4.04,3.59,4.07,6.65,2.88,6.25,7.99,,7.98,9.76,,9.68,11.93,
2003-04-16,0.79,1.73,0.98,2.24,4.04,2.78,4.05,6.64,2.94,6.25,7.99,,7.98,9.76,12.56,9.68,11.93,
2003-04-17,0.78,1.74,1.17,2.29,4.03,2.57,3.94,6.46,5.19,6.17,7.94,4.03,7.96,10.1,,9.68,11.93,17.5
2003-04-18,0.76,1.76,1.1,2.15,3.98,1.03,3.92,6.65,2.64,6.19,7.92,5.31,7.98,10.1,,9.68,11.93,17.5
2003-04-21,0.74,1.69,1.29,2.19,3.84,3.33,4.24,6.74,2.43,6.19,7.85,,7.89,10.01,,9.6,11.93,
2003-04-22,0.81,1.87,1.55,2.31,4.34,3.84,3.78,6.44,3.38,6.19,7.83,,7.84,9.61,12.28,9.52,11.84,17.75
2003-04-23,0.92,2.05,1.63,2.28,4.3,1.87,3.77,6.61,3.64,6.19,7.92,,7.84,9.93,,9.37,11.66,
2003-04-24,1.02,2.1,2.74,2.42,4.3,2.85,3.97,6.51,3.12,6.25,8.07,3.63,7.91,10.01,,9.37,11.66,20
2003-04-25,1.3,2.56,3.72,2.49,4.36,3.76,4.19,6.95,3.75,6.49,8.44,8.84,8.19,10.53,15,9.6,12.11,16.7
2003-04-28,1.76,3.12,5.15,2.78,4.52,4.37,4.35,7.04,2.26,6.49,8.42,4.03,8.19,10.53,,9.6,12.11,19
2003-04-29,2.96,4.91,6.03,3.49,5.63,6.19,4.66,7.39,7.41,6.85,8.82,8.1,8.48,10.42,,10.08,12.5,12.66
2003-04-30,2.71,4.84,3.46,3.45,5.8,3.27,4.47,7.48,6.06,6.85,8.89,5.52,8.48,10.8,20.5,10.08,12.5,
2003-05-01,2.71,4.84,3.46,3.45,5.8,3.27,4.47,7.48,6.06,6.85,8.89,5.52,8.48,10.8,20.5,10.08,12.5,
2003-05-02,2.71,4.84,3.46,3.45,5.8,3.27,4.47,7.48,6.06,6.85,8.89,5.52,8.48,10.8,20.5,10.08,12.5,
2003-05-05,1.65,3.23,1.35,3.11,5.25,2.46,4.52,7.16,3.8,6.63,8.76,3.71,8.31,10.47,17.75,9.81,12.27,20
2003-05-06,0.97,1.96,1.08,2.46,4.21,3.65,4.2,6.54,5.95,6.42,8.32,,7.99,10.1,20,9.6,11.95,18.5
2003-05-07,0.95,1.92,1.22,2.26,4.09,2.27,3.94,6.31,3.62,6.24,7.9,,7.88,9.53,5.5,9.47,11.68,
2003-05-08,0.9,1.85,1.26,2.37,4.2,0.96,3.97,6.46,3,6.24,8.03,3,7.88,9.85,,9.47,11.68,
2003-05-09,0.9,1.85,1.26,2.37,4.2,0.96,3.97,6.46,3,6.24,8.03,3,7.88,9.85,,9.47,11.68,
2003-05-12,0.84,1.79,1.22,2.22,3.97,3.19,3.91,6.3,3.12,6.08,7.67,4,7.82,9.1,,9.16,10.59,
2003-05-13,0.85,1.79,1.04,2.23,4.03,2.73,3.92,6.2,1.65,6.03,7.55,,7.82,9.1,16,9.16,10.59,
2003-05-14,0.79,1.78,1.41,2.18,4.14,2.53,3.67,6.37,2.4,5.92,7.42,10.71,7.74,9.01,,9.08,10.5,20
2003-05-15,0.88,1.88,2.2,2.28,3.98,2.56,3.91,6.22,3.35,5.83,7.61,1.4,7.74,9.01,,9.08,10.5,19
2003-05-16,1.07,2.21,1.2,2.26,4.09,1.28,3.95,6.51,2.65,6.11,7.64,6,7.94,9.24,,9.26,10.7,
2003-05-19,0.91,1.94,1.13,2.24,3.9,6.57,3.91,6.22,2.28,5.91,7.18,4.79,7.59,8.82,,9.06,10.93,20
2003-05-20,0.91,1.89,1.11,2.61,4.39,2.85,3.91,6.38,5.82,5.92,7.4,,7.64,9.22,17.75,9.26,10.7,12.19
2003-05-21,0.87,1.85,1.09,2.4,4.19,2.34,3.74,6.36,1.48,5.92,7.4,3.64,7.63,9.18,,9.26,10.7,12.83
2003-05-22,0.89,1.91,1.34,2.45,4.35,1.86,3.86,6.2,4.11,5.85,7.32,,7.63,9.18,19,9.26,10.7,
2003-05-23,0.86,1.91,1.04,2.15,3.91,1.05,3.73,6.4,2.85,5.82,7.24,,7.61,9.18,,9.26,10.7,
2003-05-26,0.82,1.84,1.22,2.18,3.93,4.37,3.83,6.22,1.89,5.82,7.24,4.32,7.63,9.18,14.77,9.26,10.7,20
2003-05-27,0.78,1.77,1.1,2.41,4.26,6.43,3.87,6.31,2.16,5.82,7.26,2.5,7.37,8.93,,9.24,10.7,
2003-05-28,0.77,1.8,1.45,2.14,4.05,2.36,3.74,6.39,3.19,5.82,7.24,5,7.63,9.22,,9.24,10.7,19
2003-05-29,0.78,1.85,1.57,2.3,4.17,2.11,3.88,6.29,2.28,5.78,7.24,4.95,7.63,9.22,12.42,9.24,10.7,15.96
2003-05-30,0.79,1.83,1.81,2.14,3.95,1.94,3.7,6.34,5.49,5.75,7.21,5.52,7.61,9.16,17.5,9.18,10.59,12.83
2003-06-02,0.81,1.81,1.1,2.44,4.33,2.94,3.97,6.34,5.78,5.59,7.13,10.58,7.61,9.16,18.75,9.18,10.59,
2003-06-03,0.72,1.64,1.13,2.24,4.1,2.99,3.92,6.05,4.75,5.66,6.85,,7.49,8.65,,9.1,10.38,20
2003-06-04,0.64,1.6,1.06,1.85,3.66,1.48,3.31,5.86,2.25,5.33,6.69,3.5,7.36,8.78,,8.95,10.2,
2003-06-05,0.62,1.52,1,2.05,3.88,2.21,3.39,5.75,2.25,5.33,6.71,,7.39,8.78,,8.95,10.2,17.75
2003-06-06,0.67,1.66,1.09,1.96,3.8,2,3.31,5.87,3.55,5.33,6.65,8.04,7.38,8.78,17.21,8.97,10.2,12.19
2003-06-09,0.68,1.62,1.14,2.18,3.92,1.93,3.32,5.65,6.1,5.33,6.65,7.2,7.38,8.78,,8.79,10.48,
2003-06-10,0.51,1.48,1.09,1.48,3.24,1.94,3.34,5.83,4.08,5.39,6.65,6.03,7.69,8.78,19,8.97,10.2,
2003-06-11,0.73,1.7,1.31,1.84,3.36,1.52,3.3,5.9,1.37,5.32,6.64,6.28,7.36,8.76,12.06,8.97,10.2,
2003-06-12,0.73,1.7,1.31,1.84,3.36,1.52,3.3,5.9,1.37,5.32,6.64,6.28,7.36,8.76,12.06,8.97,10.2,
2003-06-13,0.73,1.7,1.31,1.84,3.36,1.52,3.3,5.9,1.37,5.32,6.64,6.28,7.36,8.76,12.06,8.97,10.2,
2003-06-16,0.69,1.62,1.16,1.69,3.41,3.06,3.27,5.87,2.12,5.24,6.57,6,7.29,8.68,12.06,8.97,10.2,
2003-06-17,0.56,1.47,1.33,1.66,3.29,2.06,3.37,5.93,5.02,5.25,6.57,6.6,7.29,8.68,,8.95,10.2,
2003-06-18,0.62,1.53,1.22,1.47,3.15,1.91,3.2,5.75,2.52,5.19,6.51,6,7.24,8.62,,8.83,10.09,
2003-06-19,0.59,1.46,1.29,1.44,3.04,2.43,3.15,5.7,2.7,5.19,6.51,6,7.24,8.62,3.61,8.83,10.09,
2003-06-20,0.55,1.43,1.36,1.34,2.89,1.4,3.28,5.83,1.93,5.27,6.51,6.62,7.55,8.62,12.06,8.83,10.09,15
2003-06-23,0.51,1.37,1.27,1.35,2.91,3.26,3.22,5.83,3.73,5.17,6.51,,7.24,8.62,3.5,8.83,10.09,4
2003-06-24,0.55,1.46,1.24,1.55,3.18,3.11,3.27,5.83,2.93,5.27,6.51,,7.39,8.61,6.08,8.67,10.37,
2003-06-25,0.54,1.35,1.53,1.53,3,1.99,3.31,5.6,2,5.17,6.51,,7.24,8.62,,8.83,10.09,
2003-06-26,0.76,1.63,1.86,1.41,2.94,2.25,3.33,5.7,3.04,5.22,6.55,,7.28,8.66,16.4,8.87,10.13,
2003-06-27,0.81,1.77,1.64,1.5,3.07,1.33,3.21,5.82,,5.22,6.55,5.82,7.24,8.66,11.07,8.83,10.13,
2003-06-30,0.88,1.73,3.17,1.38,2.77,1.5,3.31,5.66,4.02,4.44,6.31,6.41,7.14,8.49,,8.72,9.86,11.26
2003-07-01,1.35,2.48,1.38,1.88,3.45,3.49,3.47,5.72,5.75,5.3,6.51,3.47,7.58,8.66,4.66,8.87,10.13,11.09
2003-07-02,0.84,1.88,1.1,1.65,3.21,1.26,3.26,5.82,2.15,5.25,6.55,2.5,7.33,8.66,,8.87,10.13,15.75
2003-07-03,0.68,1.59,1.09,1.54,3,1.51,3.34,5.63,2.26,4.99,6.28,5.76,7.33,8.66,6.91,8.87,10.13,18
2003-07-04,0.68,1.56,1.08,1.31,2.87,1.28,3.14,5.84,2.33,5.08,6.35,,7.12,8.32,15,8.57,9.75,16
2003-07-07,0.64,1.46,1.23,1.27,2.74,1.69,3.17,5.42,2.54,5.02,6.17,10,6.95,7.85,,8.41,9.48,
2003-07-08,0.62,1.46,1.24,1.34,2.9,3.68,3.15,5.35,3.2,5.02,6.17,5.75,6.95,7.85,,8.41,9.48,
2003-07-09,0.71,1.67,1.42,1.45,3.09,2.71,3.22,5.67,1.73,5.08,6.33,,7.25,8.21,,8.43,9.54,
2003-07-10,0.7,1.58,1.12,1.37,2.94,2.84,3.27,5.59,3.79,5.1,6.4,10,7.25,8.32,,8.43,9.64,
2003-07-11,0.66,1.61,1.24,1.33,2.89,1.61,3.18,5.66,1.78,5.1,6.4,,7.25,8.32,5,8.43,9.64,10.59
2003-07-14,0.62,1.5,1.36,1.33,2.96,1.73,3.27,5.46,2.87,5.1,6.4,3.57,7.25,8.32,13.89,8.43,9.64,
2003-07-15,0.73,1.69,1.71,1.41,3.04,3.6,3.34,5.65,4.43,5.17,6.42,3.24,7.27,8.32,,8.45,9.66,17.6
2003-07-16,1.05,2.12,2.93,1.62,3.3,4.42,3.36,5.75,3.42,5.27,6.42,3.66,7.34,8.32,,8.45,9.66,
2003-07-17,1.54,2.77,1.96,2.14,3.93,2.88,3.74,6.11,2.74,5.4,6.76,4.81,7.2,8.23,16.96,8.3,9.62,
2003-07-18,1.07,2.22,1.56,1.77,3.47,2.17,3.56,6.18,3.24,5.34,6.67,3.25,7.18,8.23,,8.3,9.62,
2003-07-21,1.33,2.47,2.8,1.96,3.56,2.34,3.69,6.16,3.99,5.33,6.74,5.78,6.95,8.23,16,8.3,9.62,
2003-07-22,1.54,2.69,2.86,2.13,3.86,3.52,3.74,6.1,4.53,5.41,6.74,,7.18,8.23,19,8.3,9.62,
2003-07-23,1.65,2.91,2.59,2.09,3.92,3.61,3.67,6.3,3.38,5.34,6.76,4.04,7.2,8.23,9.01,8.3,9.62,
2003-07-24,1.75,2.93,1.91,2.12,3.78,3.82,3.9,6.16,4.06,5.47,6.82,2.61,7.27,8.31,,8.3,9.62,
2003-07-25,1.43,2.65,4.97,1.93,3.69,6.02,3.82,6.36,2.78,5.38,6.45,3.19,7.27,8.31,,8.3,9.62,10.59
2003-07-28,2.9,4.69,11.41,2.95,5.32,10.39,3.98,6.5,7.94,5.46,6.62,7.86,7.33,8.47,11.78,8.37,9.79,
2003-07-29,7.02,10.11,15.53,4.93,8.03,11.32,4.94,8.42,11.72,5.53,6.81,6.55,7.33,8.5,,8.39,9.81,
2003-07-30,7.36,11.3,9.2,5.56,9.08,11.05,5.15,8.47,6.08,6.59,8.18,10.98,8.52,10.09,17,9.72,11.64,
2003-07-31,4.86,7.84,11.52,4.13,6.89,6.2,4.96,7.89,5.66,6.3,7.66,6.94,8.03,9.59,13,9.42,11.27,
2003-08-01,3.94,6.81,2.75,3.98,6.7,1.88,4.77,7.91,7.43,6.55,8.32,5,8.37,9.95,13.17,9.76,11.66,7
2003-08-04,1.57,2.97,1.45,2.54,4.74,2.69,4.3,6.86,4.19,5.86,7.27,5.91,7.67,8.95,9.98,8.9,10.42,13.76
2003-08-05,1.26,2.44,1.3,2.37,4.66,5.81,4.3,6.93,3.74,5.92,7.31,,7.7,8.99,13,8.9,10.42,7
2003-08-06,0.89,1.98,1.35,1.98,4.11,5.5,3.96,6.53,2.85,5.58,6.88,7.5,7.39,8.56,,8.62,10.08,
2003-08-07,0.8,1.86,1.38,1.87,3.9,1.59,3.88,6.41,2.26,5.39,6.6,3.37,7.2,8.34,10,8.55,9.92,
2003-08-08,0.78,1.84,1.4,1.63,3.51,1.7,3.61,6.36,1.95,5.43,6.65,4,7.27,8.41,13,8.55,9.92,
2003-08-11,0.73,1.76,1.45,1.68,3.71,1.66,3.73,6.25,2.1,5.39,6.6,,7.2,8.34,,8.55,9.92,10.91
2003-08-12,0.74,1.76,1.34,1.75,3.79,2.02,3.73,6.25,2.48,5.39,6.6,7,7.2,8.38,,8.55,9.92,
2003-08-13,0.76,1.75,2.22,1.78,3.88,3.14,3.74,6.22,2.74,5.55,6.79,4.5,7.42,8.6,,8.82,10.18,
2003-08-14,1.1,2.16,3.18,1.79,3.94,3.09,3.83,6.31,3.21,5.64,6.93,5.67,7.47,8.66,,8.88,10.25,
2003-08-15,1.22,2.37,1.65,1.89,3.97,1.76,3.8,6.46,3.43,5.51,6.78,4.5,7.25,8.4,10,8.6,9.98,
2003-08-18,0.94,1.99,2.31,1.77,3.74,2.48,3.82,6.32,5.41,5.47,6.68,5.43,7.25,8.4,15.14,8.6,9.98,
2003-08-19,1.17,2.2,1.92,1.88,3.83,3.13,3.87,6.34,3.53,5.5,7.01,3.85,7.25,8.4,,8.6,9.98,
2003-08-20,1.82,3.23,4.75,2.04,4.04,5.29,3.9,6.38,5.43,5.49,6.72,7.53,7.25,8.41,,8.62,10,16
2003-08-21,2.43,4.2,4.38,2.84,5.02,4.25,4.03,6.52,5.63,5.52,6.79,5.01,7.25,8.41,,8.62,10,
2003-08-22,2.34,4.1,7.32,2.76,4.92,6.44,4.26,6.78,5.83,5.58,6.79,,7.25,8.34,,8.62,10,
2003-08-25,3.9,6.29,10.2,3.62,5.86,11.48,4.33,6.84,8.81,5.58,6.81,,7.25,8.34,,8.62,10,
2003-08-26,5.91,8.67,8.9,4.39,6.77,10.11,4.87,7.52,6.16,6.22,7.7,10.97,8.02,9.38,,9.42,11.04,
2003-08-27,5.54,8.22,7.1,4.15,6.81,8.29,4.62,7.44,8.28,6.03,7.56,7.02,7.77,9.16,6,8.99,10.54,
2003-08-28,4.6,7.21,5.51,4.36,6.83,6.96,4.56,7.29,5.06,5.91,7.39,,7.64,9.02,,8.85,10.37,10.96
2003-08-29,3.67,6.03,8.18,4,6.77,7.64,4.38,7.47,4.38,5.78,7.42,8.22,7.52,9.02,10.96,8.85,10.62,
2003-09-01,3.62,6.03,3.52,4.15,6.8,3.93,4.67,7.51,8.15,5.78,7.32,,7.45,9.02,,8.78,10.62,
2003-09-02,1.78,3.64,1.87,2.69,5.16,3.38,4.08,7.08,3.11,5.66,7.17,9.5,7.41,8.91,16,8.71,10.54,
2003-09-03,1.33,2.84,1.42,2.42,4.71,2.25,3.95,6.84,3.08,5.47,6.99,4,7.22,8.7,,8.49,10.21,11.83
2003-09-04,1.2,2.62,2.92,2.44,4.68,3.1,3.88,6.74,3.4,5.52,7.04,5.15,7.28,8.81,,8.56,10.37,
2003-09-05,3,5.11,8.11,2.67,4.96,6.64,4.17,7.08,4.93,5.66,7.11,7.65,7.42,8.86,5.75,8.72,10.48,
2003-09-08,4.43,7,10.21,3.76,6.22,10.47,4.73,7.4,6.12,5.82,7.42,,7.45,8.88,,8.76,10.52,
2003-09-09,6.34,9.43,11.55,4.2,7.16,10.83,5.16,8.44,10.06,6.25,7.99,7.8,7.77,9.41,,9.19,11.02,
2003-09-10,6.78,9.7,10.18,4.5,7.1,11.14,5.37,8.35,6.37,6.25,7.92,7.53,7.77,9.41,,9.19,11.02,11.8
2003-09-11,6.41,9.76,8.98,4.58,7.58,8.32,5.28,8.71,9.5,6.25,8.06,7.59,7.77,9.49,10.93,9.19,11.02,
2003-09-12,5.69,8.92,10.19,4.54,7.84,8.43,5.37,8.8,12.08,6.35,8.17,7.54,7.81,9.52,,9.19,11.02,11.83
2003-09-15,6.2,9.24,13.67,5.54,8.4,8.91,5.56,8.72,11.69,6.24,8.01,7.67,7.67,9.38,11.46,9.03,10.92,
2003-09-16,8.63,12.54,14.58,6.09,9.35,14.12,6.29,9.88,13.01,6.47,8.51,9.2,7.94,9.88,,9.19,11.35,
2003-09-17,7.9,11.64,8.16,6.67,9.87,10.46,6.38,9.94,8.11,6.89,8.97,9.57,8.06,9.95,,9.37,11.48,
2003-09-18,4.66,7.85,4.11,5.13,8.16,5.6,5.87,9.26,8.45,6.46,8.33,,7.78,9.49,,9.12,11.02,13.14
2003-09-19,2.42,4.81,3.24,4.01,6.93,3.44,5.57,8.83,5.29,6.8,8.62,11,8.27,9.79,,9.78,11.75,14
2003-09-22,4.75,7.2,9.22,4.4,7.17,12.51,5.83,8.91,8.69,6.89,8.74,9.95,8.28,9.95,,10.1,11.77,
2003-09-23,5.25,8.39,10.03,5.31,8.46,10.25,5.95,9.2,8.27,6.82,8.68,,8.27,9.91,10.12,10.1,11.67,
2003-09-24,6.16,9.03,11.97,6.15,9.31,11.45,6.27,9.52,8.86,7.09,8.99,9.91,8.53,10.22,9.75,10.3,12.07,
2003-09-25,7.29,10.32,14.26,7.07,10.49,14.63,6.52,9.72,9.93,7.24,9.16,9.45,8.6,10.25,,10.35,12.07,
2003-09-26,8.78,12.2,15.89,7.4,10.98,14.5,6.51,10.03,10.79,7.42,9.54,13.99,8.7,10.45,10,10.47,12.27,
2003-09-29,9.59,12.78,19.06,8.26,11.66,19.14,6.65,9.86,9.35,7.33,9.29,15.52,8.55,10.33,14.8,10.05,11.79,
2003-09-30,12.97,17.06,22.04,8.47,12.3,13.34,7.11,10.47,,7.63,9.59,11.35,8.95,10.91,,10.57,12.59,
2003-10-01,9.26,13.71,7.29,7.37,11.25,10.7,6.53,10.37,9.61,7.38,9.56,7.08,8.8,10.63,,10.34,12.32,
2003-10-02,5.37,8.18,3.21,5.97,8.92,6.61,6.79,9.83,4.57,7.08,8.97,12,8.47,10.15,15.9,9.93,11.57,
2003-10-03,1.9,3.75,1.92,3.45,6.06,2.07,5.25,8.28,3.88,6.85,8.57,10,8.2,9.63,12.45,9.32,10.75,
2003-10-06,1.8,3.5,2.57,3.03,5.42,7.9,5.08,8.12,7.04,6.67,8.43,8.31,8.13,9.61,7.5,9.2,10.7,10
2003-10-07,1.89,3.64,2.78,3.45,5.97,6.39,5.09,8.29,4.38,6.89,8.54,17,8.19,9.83,15.93,9.2,10.89,
2003-10-08,1.71,3.36,2.21,3.1,5.8,3.24,5.12,8.37,6.3,6.89,8.79,6.47,8.27,9.81,14.05,9.2,10.89,
2003-10-09,1.52,3.08,3.01,3.03,5.34,2.76,5.38,8.39,8.85,6.74,8.54,5.82,8.11,9.59,7.84,9.19,10.81,8
2003-10-10,1.47,3.37,1.71,2.99,5.66,1.7,5.03,8.29,4.49,6.6,8.22,5.11,8.02,9.47,6,9.14,10.75,
2003-10-13,1.24,2.81,1.74,2.67,4.88,5.91,5.15,8.14,3.18,6.66,8.45,6.75,8.15,9.5,,9.14,10.75,
2003-10-14,1.26,2.77,1.68,2.78,5.14,3.82,4.98,8.08,2.91,6.66,8.45,8,8.08,9.54,12,9.14,10.75,12.96
2003-10-15,1.3,2.69,1.78,2.62,5.25,2.45,4.74,7.75,4.31,6.52,8.27,3.06,8.03,9.35,7.35,9.11,10.57,
2003-10-16,1.26,2.61,2.05,2.61,4.91,1.73,4.61,7.53,5.71,6.27,7.88,2.01,7.88,9.1,6.12,8.99,10.48,
2003-10-17,1.29,2.8,1.79,2.63,5.16,1.82,4.54,7.65,2.88,6.23,7.84,4.88,7.88,9.1,12.95,9.01,10.5,
2003-10-20,1.53,2.94,4.31,2.65,4.96,3.66,4.61,7.56,10.03,6.33,8.02,3.72,7.88,9.18,,8.94,10.5,
2003-10-21,2.45,4.22,6.18,2.95,5.65,7.71,4.74,7.8,5.13,6.33,8.06,5.16,7.88,9.33,15,8.94,10.58,
2003-10-22,3.46,5.83,6.25,3.58,6.32,5.86,5.17,8.25,7.64,6.33,8.02,6.6,7.88,9.33,12.64,8.94,10.58,15
2003-10-23,3.02,5.61,3.16,3.72,6.77,3.61,5.16,8.32,6.3,5.62,7.99,3.54,7.22,9.45,,8.47,10.92,
2003-10-24,1.77,3.63,1.91,2.76,5.28,2.69,4.88,7.85,2.9,5.72,8.13,3.1,7.23,9.49,12.95,8.61,11.06,
2003-10-27,1.95,3.81,7.3,2.79,5.3,9.34,4.64,7.7,6.54,6.24,8.13,7.61,7.91,9.49,,9.21,10.9,15
2003-10-28,5.13,7.92,14.84,5.31,7.92,10.74,6.06,9.4,10.83,6.64,8.61,10,8.1,9.91,,9.35,11.31,
2003-10-29,8.46,11.79,15.03,7.21,10.18,16.39,6.57,9.88,14.8,7,8.95,20.73,8.47,10.1,,9.49,11.5,13.09
2003-10-30,7.59,11.38,7.62,7.01,10.19,11.97,6.93,10.56,6.9,6.99,8.88,10.26,8.36,10.16,,9.56,11.5,
2003-10-31,8.07,11.87,9.76,6.69,10.23,9.62,6.79,10.59,7.53,7.35,9.33,12.22,8.52,10.34,,9.72,11.69,
2003-11-03,4.8,8.44,4.65,5.56,9.09,5.52,6.02,9.26,6.41,6.94,8.76,,8.2,9.91,15.83,9.44,11.27,
2003-11-04,2.74,5.12,2.13,3.99,6.89,3.14,5.39,8.41,3.91,6.86,8.79,10,8.3,10.02,15.84,9.4,11.15,15
2003-11-05,1.51,3.32,2.16,2.94,5.41,1.97,5.04,8.25,3.88,6.77,8.68,5.81,8.27,9.99,15.5,9.4,11.15,15
2003-11-06,1.49,3.18,3.56,2.55,4.83,2.23,5.14,8.3,4.98,6.86,8.79,15,8.36,10.02,,9.44,11.02,
2003-11-07,1.49,3.18,3.56,2.55,4.83,2.23,5.14,8.3,4.98,6.86,8.79,15,8.36,10.02,,9.44,11.02,
2003-11-10,1.71,3.62,3.06,3.09,5.64,2.12,5.12,8.39,5.86,6.92,8.86,,8.41,10.08,,9.44,11.02,
2003-11-11,1.57,3.22,2.46,2.99,5.24,1.3,5.1,8.02,4.24,6.91,8.81,12.4,8.53,10.08,,9.47,11.02,12.63
2003-11-12,1.4,3.08,2.05,2.81,5.1,1.58,5.15,7.96,2.96,6.96,8.85,5.25,8.44,10.08,12.02,9.47,11.02,
2003-11-13,1.15,2.68,1.74,2.55,4.49,3.43,5.12,7.83,3.05,6.86,8.74,5.7,8.36,9.97,17.6,9.46,11,15
2003-11-14,1.08,2.54,1.82,2.59,4.77,1.15,4.97,7.86,2.13,7,8.83,6.5,8.52,9.97,,9.53,11.08,
2003-11-17,1.23,2.71,2.42,2.63,4.75,3.27,4.96,7.79,4.93,6.85,8.68,6,8.36,9.97,,9.46,11,
2003-11-18,1.3,2.85,2.19,2.66,4.77,2.56,5.06,7.71,3.47,6.99,8.83,,8.43,9.95,,9.46,11,
2003-11-19,1.2,2.75,1.97,2.56,4.82,3.3,5.08,7.85,4.19,6.96,8.86,,8.3,9.91,,9.46,11,
2003-11-20,1.09,2.61,1.89,2.41,4.57,1.49,5.12,7.93,3.91,7.07,8.93,7.06,8.35,9.9,,9.53,11.08,16
2003-11-21,1.2,2.76,2.12,2.51,4.73,1.73,4.92,7.83,2.88,7.07,8.93,,8.35,9.9,,9.53,11.08,
2003-11-24,1.58,3.2,3.99,2.88,4.92,6.22,5.38,7.99,5.15,6.95,8.85,6.6,8.28,9.88,14.86,9.46,11,13
2003-11-25,2.77,5.01,5.64,3.42,5.71,3.67,5.39,8.24,5.28,7.07,8.93,9.05,8.47,10.04,,9.67,11.25,15
2003-11-26,3.39,5.67,5.27,3.76,6.14,5.72,5.51,8.55,6.68,7.26,9.14,15.84,8.6,10.11,,9.81,11.33,
2003-11-27,3.63,5.65,6.32,3.94,6.19,5.82,5.69,8.67,5.85,7.26,9.14,9.71,8.6,10.11,6.57,9.96,11.5,
2003-11-28,4.26,6.67,7.75,4.14,6.79,5.8,5.71,8.95,4,7.32,9.35,8.39,8.78,10.38,11,10.03,11.58,17.6
2003-12-01,2.62,4.65,2.05,4.18,6.52,1.75,5.46,8.48,6.84,7,8.75,6.5,8.38,9.92,,9.71,11.12,
2003-12-02,1.5,2.89,1.98,2.75,4.81,1.83,5.6,8.45,7.67,7.16,8.92,5.5,8.55,9.81,12.02,9.65,10.82,15
2003-12-03,1.11,2.4,1.52,2.51,4.7,1.43,4.94,8,4.72,6.85,8.52,,8.42,9.68,,9.42,10.71,13
2003-12-04,1.03,2.14,1.47,2.36,4.33,1.79,5.1,7.76,3.22,6.78,8.45,5.7,8.36,9.68,,9.42,10.71,14.67
2003-12-05,0.89,2.04,1.12,2.23,4.51,1.31,4.8,7.92,4.21,6.64,8.36,,8.27,9.58,,9.28,10.54,8.86
2003-12-08,0.86,2.05,1.31,2.07,4.27,3.46,4.57,7.8,5.83,6.33,8.15,15,7.95,9.43,,9.06,10.62,13
2003-12-09,0.81,1.96,1.44,2.28,4.33,4.72,4.67,7.62,,6.32,8.13,5.68,7.95,9.43,,9.06,10.62,
2003-12-10,0.8,1.93,1.52,2.02,4.14,2.24,4.4,7.68,3.79,6.33,8.22,8.5,8.08,9.47,15,9.17,10.75,15.41
2003-12-11,0.79,1.86,1.41,1.99,3.97,1.27,4.67,7.67,,6.32,8.04,6,7.9,9.31,17.6,9.07,10.45,13
2003-12-12,0.79,1.86,1.41,1.99,3.97,1.27,4.67,7.67,,6.32,8.04,6,7.9,9.31,17.6,9.07,10.45,13
2003-12-15,0.81,1.98,1.22,1.82,3.9,2.26,4.47,7.75,1.88,6.21,8.04,5,7.83,9.34,13.78,8.99,10.5,13
2003-12-16,0.73,1.8,1.36,2.04,4.17,1.79,4.35,7.64,1.62,6.08,7.9,15.55,7.67,9.15,5.92,8.92,10.42,13
2003-12-17,0.73,1.79,0.99,1.87,4.13,2.3,4.38,7.64,4.55,6.08,7.9,7.28,7.69,9.16,,8.85,10.33,13
2003-12-18,0.75,1.77,1.07,1.84,3.92,2.46,4.38,7.58,1.93,6.02,7.83,2.3,7.69,9.16,,8.85,10.33,13
2003-12-19,0.74,1.71,1.25,1.82,3.73,1.36,4.46,7.41,,5.96,7.76,8.8,7.64,9.11,10,8.83,10.31,
2003-12-22,0.67,1.64,1.19,1.78,3.46,6.15,4.2,6.91,2.5,5.85,7.38,3.16,7.66,8.95,9.64,8.8,10.04,15.57
2003-12-23,0.67,1.68,1.13,1.98,3.9,1.09,4.39,7.1,7,5.84,7.46,3.98,7.64,9.04,10,8.83,10.27,13
2003-12-24,0.72,1.72,1.26,1.83,3.9,2.08,4.17,7.17,7.46,5.76,7.4,11.19,7.61,8.97,,8.83,10.27,13
2003-12-25,0.72,1.7,1.21,1.92,3.86,4.97,4.17,6.94,4.56,5.72,7.36,6,7.64,9.08,,8.97,10.44,
2003-12-26,0.61,1.57,1.11,1.79,3.69,1.95,4.22,7.08,10.78,5.67,7.4,3.29,7.45,8.86,,8.69,10.1,7
2003-12-29,0.59,1.54,1.07,1.92,3.86,5.41,4.25,6.98,9.6,5.65,7.28,4.17,7.45,8.86,,8.69,10.1,12.68
2003-12-30,0.7,1.63,1.66,1.77,3.73,2.54,4.48,7.19,1.96,5.96,7.59,6.07,7.44,8.84,12.71,8.67,10.15,13.99
2003-12-31,0.85,1.92,2.33,1.85,3.87,1.37,4.13,6.85,,5.57,6.82,5.14,7.44,8.84,7.4,8.67,10.08,17.6
2004-01-01,0.85,1.92,2.33,1.85,3.87,1.37,4.13,6.85,,5.57,6.82,5.14,7.44,8.84,7.4,8.67,10.08,17.6
2004-01-02,0.85,1.92,2.33,1.85,3.87,1.37,4.13,6.85,,5.57,6.82,5.14,7.44,8.84,7.4,8.67,10.08,17.6
2004-01-05,0.77,1.79,0.86,1.96,3.9,1.44,3.8,6.99,7.7,5.69,7.31,4.2,7.45,8.86,,8.69,10.1,13
2004-01-06,0.53,1.49,0.89,1.64,3.41,1.62,3.54,6.72,2.63,5.6,7.31,,7.42,8.83,14.12,8.69,10.1,13
2004-01-07,0.53,1.49,0.89,1.64,3.41,1.62,3.54,6.72,2.63,5.6,7.31,,7.42,8.83,14.12,8.69,10.1,13
2004-01-08,0.48,1.41,0.88,1.6,3.25,1,3.43,6.56,2.38,5.58,7.1,,7.38,8.7,,8.62,9.94,13.19
2004-01-09,0.44,1.38,0.8,1.41,2.99,0.87,3.29,6.3,3.56,5.41,6.85,13,7.25,8.43,10.86,8.49,9.79,13
2004-01-12,0.47,1.41,1.04,1.42,3.04,1.14,3.26,6.28,6.09,5.38,6.81,3,7.06,8.33,3.04,8.49,9.79,13
2004-01-13,0.46,1.31,0.91,1.49,3.04,1.44,3.25,5.71,2.45,5.16,6.49,3,7.18,8.35,3.2,8.42,9.71,13
2004-01-14,0.45,1.29,0.85,1.4,3.12,1.21,3.29,5.98,2.29,5.35,6.7,4.51,7.02,8.16,3.43,8.35,9.71,13
2004-01-15,0.45,1.27,0.91,1.44,3,1,3.21,5.61,2.68,5.21,6.54,2.34,7.02,8.08,3.32,8.35,9.71,13
2004-01-16,0.46,1.27,0.93,1.35,2.98,1.05,3.02,5.64,5,5.22,6.6,3.04,7.05,8.12,,8.42,9.79,
2004-01-19,0.41,1.23,1,1.38,2.88,2.65,3.12,5.56,5.36,5.16,6.49,,6.92,7.97,6,8.42,9.71,
2004-01-20,0.41,1.2,0.96,1.35,2.9,1.17,3,5.43,1.85,5.13,6.24,15,6.82,7.77,7.75,8.24,9.33,13
2004-01-21,0.48,1.31,1.3,1.42,2.79,4.11,3.22,5.46,2.46,5.19,6.35,3.91,6.95,7.93,5.98,8.24,9.42,13
2004-01-22,0.54,1.37,1.31,1.42,2.82,1.09,3.03,5.37,2.19,5.19,6.38,2.69,6.95,7.93,3.3,8.24,9.42,12.67
2004-01-23,0.58,1.41,1.18,1.34,2.85,1.26,2.89,5.45,7,5.19,6.31,7,6.95,7.93,5,8.24,9.42,12.97
2004-01-26,0.48,1.24,1.34,1.33,2.63,2.5,3.01,5.32,3.5,5.13,6.24,2.5,6.16,7.93,6.29,8.17,9.33,13
2004-01-27,0.51,1.27,1.2,1.38,2.73,1.94,3.1,5.33,7.27,5.13,6.31,13.8,6.02,7.86,,8.17,9.33,13
2004-01-28,0.53,1.28,1.17,1.54,3,1.27,2.88,5.39,,5.13,6.31,5.04,6.02,7.86,,8.17,9.33,10.72
2004-01-29,0.53,1.31,1.1,1.3,2.71,1.26,2.86,5.37,1.5,5.07,6.18,,5.92,7.79,6.75,8.06,9.25,7.5
2004-01-30,0.55,1.35,2.15,1.39,2.96,1.5,2.74,5.51,2.86,5.11,6.26,5.46,5.92,7.79,,8.06,9.25,12.15
2004-02-02,0.63,1.39,1.26,1.46,2.77,2.67,2.79,5.29,10.96,5.07,6.91,,5.88,7.77,,7.22,9.25,12.15
2004-02-03,0.57,1.3,1.26,1.45,2.84,2.12,3.01,5.39,2.15,5.07,6.18,,5.9,7.79,,7.24,9.27,12
2004-02-04,0.54,1.3,1.26,1.3,2.8,1.94,2.65,5.39,2.27,5.07,6.18,,6.04,7.85,6.25,7.24,9.27,12
2004-02-05,0.55,1.28,1.2,1.36,2.75,1.02,2.8,5.27,1.81,5.07,6.22,5.08,5.9,7.79,3.43,7.24,9.27,12
2004-02-06,0.53,1.24,1.15,1.38,2.79,1.45,2.77,5.2,3.58,5.07,6.18,4.93,6.04,7.85,10.31,7.24,9.27,12
2004-02-09,0.55,1.22,1.16,1.31,2.66,1.13,2.65,5,4.98,5.01,6.15,,5.85,7.77,,7.19,9.25,12
2004-02-10,0.54,1.27,1.23,1.3,2.68,3.03,2.67,5.13,1.93,4.98,6.12,7.75,5.83,7.75,,7.17,9.23,11.33
2004-02-11,0.53,1.28,1.15,1.38,2.83,2.22,2.52,5.2,1.84,4.95,6.08,5,5.96,7.81,7.26,7.17,9.23,
2004-02-12,0.54,1.24,1.25,1.39,2.75,1.03,2.95,5.31,1.91,4.9,6.03,5.2,5.82,7.71,3.43,7.17,9.23,12
2004-02-13,0.51,1.23,1.15,1.31,2.52,2.98,2.68,5.04,2.27,4.92,6.01,,5.82,7.68,15,7.17,9.23,13
2004-02-16,0.47,1.2,1.2,1.33,2.54,2.77,2.55,4.97,1.83,4.88,5.83,,5.96,7.79,,7.17,9.23,12
2004-02-17,0.49,1.2,1.07,1.29,2.63,4.16,2.48,4.84,2.8,4.73,5.72,2.75,5.7,7.55,,7.17,9.23,12
2004-02-18,0.5,1.22,1.02,1.28,2.63,1.13,2.63,4.99,2.42,4.76,5.72,3,5.7,7.52,,7.17,9.23,13.84
2004-02-19,0.51,1.22,1.1,1.35,2.58,1.54,2.52,4.75,3.55,4.76,5.72,7.37,5.7,7.55,2.92,7.17,9.23,
2004-02-20,0.52,1.22,1.07,1.32,2.65,1.4,2.36,4.66,3.09,4.74,5.72,4.76,5.65,7.48,15,7.13,9.18,13
2004-02-23,0.52,1.22,1.07,1.32,2.65,1.4,2.36,4.66,3.09,4.74,5.72,4.76,5.65,7.48,15,7.13,9.18,13
2004-02-24,0.51,1.24,1.05,1.31,2.58,2.16,2.55,4.78,1.37,4.79,5.81,5,5.68,7.55,9.95,7.17,9.27,12
2004-02-25,0.54,1.26,1.09,1.26,2.74,1.82,2.51,4.89,2.3,4.79,5.81,4.15,5.7,7.55,,7.17,9.27,12
2004-02-26,0.58,1.26,1.05,1.34,2.69,1.52,2.36,4.46,2.26,4.79,5.79,5.39,5.68,7.54,2,7.17,9.27,
2004-02-27,0.62,1.36,1.76,1.5,2.93,2.04,2.59,4.85,4.53,4.69,5.84,5.43,5.68,7.54,13,7.17,9.27,14.3
2004-03-01,0.59,1.35,1.06,1.41,2.91,1.73,2.4,4.66,3.06,4.67,5.81,3,5.82,7.67,,7.17,9.27,13.75
2004-03-02,0.51,1.31,1.19,1.27,2.57,1.29,2.28,4.27,7.49,4.67,5.84,4.5,5.82,7.67,9.58,7.17,9.27,
2004-03-03,0.51,1.31,1.2,1.26,2.68,3.12,2.21,4.5,1.97,4.73,5.74,2,5.8,7.65,,7.17,9.18,12
2004-03-04,0.54,1.36,1.2,1.34,2.84,2.41,2.25,4.54,3.01,4.6,5.71,2.14,5.84,7.69,,7.21,9.23,15.08
2004-03-05,0.54,1.41,1.19,1.18,2.68,1.62,2.25,4.54,5.76,4.6,5.71,2.06,5.84,7.69,,7.21,9.23,13
2004-03-08,0.54,1.41,1.19,1.18,2.68,1.62,2.25,4.54,5.76,4.6,5.71,2.06,5.84,7.69,,7.21,9.23,13
2004-03-09,0.5,1.29,1.22,1.18,2.68,2.2,2.21,4.46,2,4.57,5.69,,5.8,7.65,9.58,7.17,9.18,10.66
2004-03-10,0.51,1.35,1.08,1.29,2.75,2.91,2.21,4.43,1.9,4.57,5.67,5.49,5.8,7.65,9.58,7.17,9.18,12
2004-03-11,0.53,1.4,1.13,1.24,2.77,2.35,2.19,4.34,3.15,4.58,5.69,4.5,5.68,7.54,,7.17,9.18,
2004-03-12,0.55,1.37,1.15,1.36,2.79,1.09,2.66,4.73,3.07,4.64,5.67,,5.68,7.54,5.3,7.17,9.18,12.95
2004-03-15,0.48,1.36,1.06,1.24,2.65,2.71,2.48,4.57,3.59,4.64,5.69,2.52,5.67,7.54,6,7.17,9.18,12
2004-03-16,0.56,1.36,1.52,1.41,2.79,2.47,2.41,4.41,1.86,4.63,5.67,6,5.62,7.46,6,7.17,9.18,15.4
2004-03-17,0.71,1.66,1.15,1.35,2.9,2.61,2.34,4.6,2.27,4.63,5.67,2.52,5.65,7.5,,7.17,9.18,
2004-03-18,0.59,1.45,1.1,1.34,2.76,2.04,2.51,4.54,2.38,4.65,5.74,,5.68,7.57,6,7.17,9.18,
2004-03-19,0.57,1.4,1.07,1.24,2.7,1.5,2.3,4.59,1.78,4.63,5.72,3.5,5.68,7.54,,7.17,9.18,14.6
2004-03-22,0.56,1.36,1.35,1.28,2.59,2.96,2.38,4.54,3.24,4.63,5.72,5.15,5.68,7.57,,7.17,9.18,
2004-03-23,0.7,1.58,1.42,1.33,2.97,2.01,2.28,4.62,2.71,4.63,5.72,6.37,5.67,7.55,,7.17,9.18,
2004-03-24,0.76,1.71,1.22,1.36,2.86,1.49,2.28,4.51,1.4,4.68,5.76,,5.7,7.64,9.03,7.17,9.18,
2004-03-25,0.72,1.61,1.24,1.39,2.79,2.35,2.41,4.49,1.53,4.65,5.72,,5.68,7.64,5.09,7.17,9.18,
2004-03-26,0.75,1.66,1.77,1.32,2.79,1.51,2.3,4.48,1.52,4.64,5.7,3.13,5.63,7.57,,7.13,9.14,11.83
2004-03-29,0.87,1.78,2.95,1.42,2.81,2.58,2.36,4.37,1.95,4.62,5.65,3.08,6.42,7.59,3.25,7.98,9.14,10.5
2004-03-30,1.67,2.99,4.3,1.67,3.35,5.31,2.34,4.79,4.61,4.7,5.83,4.25,5.72,7.64,,7.13,9.14,
2004-03-31,2.78,4.61,6.19,2.12,4.08,6.45,2.51,5.05,6.42,4.76,6.03,6.45,5.83,7.86,,7.19,9.31,8.5
2004-04-01,2.45,4.14,1.82,2.17,3.66,1.95,2.95,5.07,1.92,4.71,5.91,4.5,5.83,7.71,,7.19,9.14,10
2004-04-02,1,2.19,1.33,1.55,3.03,1.36,2.61,4.75,3.67,4.17,6.08,3.87,6.03,7.92,,7.39,9.38,10
2004-04-05,0.71,1.77,1.25,1.58,3.15,1.53,2.5,4.93,4.26,4.42,5.55,,5.38,7.04,7.5,6.63,8.32,10
2004-04-06,0.7,1.66,1.37,1.44,2.87,2.03,2.55,4.82,1.43,4.68,6.02,7,5.77,7.64,,7.11,9.1,
2004-04-07,0.85,1.81,1.25,1.47,2.9,1.51,2.58,4.84,3.1,4.62,6.01,5.76,5.67,7.55,10,7.02,9,12
2004-04-08,0.78,1.75,1.31,1.39,2.88,1.71,2.58,4.84,4,4.62,5.96,,5.67,7.55,10.63,7.02,9,10
2004-04-09,0.78,1.78,1.54,1.4,2.87,1.17,2.6,4.82,4.96,4.49,5.8,3.2,6.17,7.38,,7.69,9,
2004-04-12,0.78,1.79,1.94,1.37,2.9,1.75,2.65,4.96,2.9,4.3,5.72,4.5,5.17,7.21,12,6.58,8.83,10
2004-04-13,1.04,2.13,2.9,1.57,3.07,2.69,2.7,4.88,3.88,4.43,5.85,,5.25,7.29,10,6.62,8.83,
2004-04-14,1.61,2.85,2.76,1.95,3.61,3.18,3.01,5.3,3.89,4.74,6.17,5.58,5.52,7.63,,6.81,9.1,
2004-04-15,1.51,2.71,2.08,1.98,3.63,2.36,2.85,5.31,5.11,4.66,6.12,4.97,5.47,7.61,6,6.73,9.02,
2004-04-16,1.13,2.29,1.61,1.77,3.39,1.3,3.22,5.57,3.71,4.67,6.05,2.84,5.41,7.52,12,6.6,8.82,
2004-04-19,1.05,2.19,2.44,1.89,3.49,2.66,2.95,5.27,3.53,4.66,6.08,4.5,5.42,7.59,12,6.56,8.83,
2004-04-20,1.56,2.72,4.17,2.2,3.92,4.54,3.23,5.78,5.17,4.95,6.38,,5.65,7.7,10.48,6.69,8.96,9.79
2004-04-21,2.26,3.76,5.75,2.65,4.54,4.99,3.69,6.29,6.23,5.18,6.78,7,5.82,7.93,,6.87,9.08,
2004-04-22,3.58,5.16,5.8,3.61,5.5,6.05,4.17,6.81,6.38,5.66,7.3,6.93,6.48,8.7,,7.52,9.79,
2004-04-23,3.43,5.21,4.8,3.49,5.64,4.46,4.13,6.99,3.57,5.69,7.4,,6.45,8.77,8.07,7.44,9.79,
2004-04-26,3.01,4.77,9.24,3.51,5.55,5.52,4.24,7.05,6.06,5.78,7.53,,6.57,8.86,,7.44,9.79,13
2004-04-27,6.3,8.37,14.73,4.85,7.23,11.95,4.75,7.88,10.39,6.1,7.98,,7.58,9.15,,8.3,9.92,
2004-04-28,9.21,12.6,19.43,7.2,10.33,16.13,5.86,9.23,9.67,6.82,8.95,10,8.1,9.96,13,8.7,10.63,
2004-04-29,12.21,17.14,23.91,8.34,12.3,20.38,6.83,10.59,15.48,7.41,9.88,15.96,8.77,10.96,13,9.45,11.75,
2004-04-30,10.4,15.75,17.54,8.27,12.56,15.4,5.65,9.27,19.4,6.5,8.93,16.83,7.77,9.65,7.08,8.45,10.33,
2004-05-03,10.4,15.75,17.54,8.27,12.56,15.4,5.65,9.27,19.4,6.5,8.93,16.83,7.77,9.65,7.08,8.45,10.33,
2004-05-04,10.4,15.75,17.54,8.27,12.56,15.4,5.65,9.27,19.4,6.5,8.93,16.83,7.77,9.65,7.08,8.45,10.33,
2004-05-05,7.63,11.5,10.33,6.94,10.67,7.81,5.97,9.55,7.43,6.94,10.34,8,8.03,10.39,,8.77,10.92,
2004-05-06,8.75,12.31,10.64,6.85,10.4,9.66,6.42,10.07,9.6,7.32,9.73,5.21,8.22,10.5,,8.75,10.79,
2004-05-07,6.05,9.62,3.18,6.45,10.5,3.18,5.9,10.26,3.64,6.97,9.27,,8.22,10.25,11,8.96,10.75,
2004-05-10,6.05,9.62,3.18,6.45,10.5,3.18,5.9,10.26,3.64,6.97,9.27,,8.22,10.25,11,8.96,10.75,
2004-05-11,3,5.08,4.25,3.88,6.46,4.46,5.01,8.04,4.09,6.26,8.3,,7.34,9.04,11,8,9.63,
2004-05-12,3.01,4.9,5.9,3.95,6.41,5.78,5.16,8.13,6.68,6.6,8.75,10,7.59,9.39,,8.14,9.88,
2004-05-13,3.76,5.8,5.56,4.36,6.72,6.5,5.52,8.52,5.74,6.82,9.05,6.92,7.75,9.64,11,8.32,10.17,
2004-05-14,3.63,5.73,5.58,4.32,6.9,4.73,5.46,8.57,7.91,6.79,8.98,5.6,7.75,9.64,,8.32,10.25,
2004-05-17,3.82,5.79,6.17,4.71,7.11,7.24,5.64,8.65,8.06,6.88,9.1,4.5,7.81,9.79,9.43,8.46,10.5,
2004-05-18,4.47,6.66,9.5,4.97,7.56,9.11,5.73,8.76,8.64,6.94,9.27,,7.88,10,,8.46,10.58,10.25
2004-05-19,5.78,8.3,7.53,5.48,8.14,10.33,6.28,9.29,6.04,7.15,9.47,7.5,8.13,10.21,8.84,8.68,10.75,
2004-05-20,5.73,8.13,10.28,5.82,8.51,10.88,6.06,9.11,10.58,7.26,9.47,9.33,8.27,10.23,8.24,8.82,10.75,
2004-05-21,8.7,13.05,15.21,7.12,10.57,12.58,7.06,10.66,7.99,7.49,9.97,8.85,8.45,10.73,11,9.11,11.42,
2004-05-24,8.26,12.64,15.06,7.41,11.06,12.7,7.11,10.7,12.58,7.53,9.91,11.81,8.55,10.65,12,9.19,11.27,14
2004-05-25,9.52,13.4,15.96,7.89,11.53,15.25,7.48,10.89,13.61,7.87,10.53,7.57,8.95,11.45,8,9.75,12.25,11.49
2004-05-26,10.19,13.85,13.3,8.3,11.9,11.99,7.63,11.1,11.07,8.01,10.57,,9.06,11.43,8.92,9.64,11.96,
2004-05-27,9.41,13.07,9.97,8.08,11.68,10.85,7.51,11.12,12.02,7.94,10.55,6.89,8.98,11.41,,9.57,11.96,
2004-05-28,8.31,11.95,11.83,7.22,10.77,10.71,7.21,10.53,10.35,7.82,10.28,8.3,8.86,11.13,11,9.43,11.63,
2004-05-31,8.92,12.73,21.18,7.6,11.04,17,7.28,10.68,6.78,7.82,10.28,15.79,8.86,11.13,,9.43,11.63,
2004-06-01,10.27,14.51,7.32,7.53,10.96,9.96,6.89,10.17,8.79,7.49,9.85,4.5,8.44,10.52,12,8.95,10.92,
2004-06-02,4.87,7.63,3.09,5.41,8.41,5.06,6.12,9.42,6.38,7.46,9.83,10,8.42,10.66,11,8.89,10.92,
2004-06-03,2.46,4.69,2.02,4.31,7.05,4.21,5.19,8.47,6.54,6.75,9,7.72,7.93,9.81,,8.29,10.13,
2004-06-04,1.75,3.65,3.22,3.21,5.86,2.47,4.63,7.93,8.98,6.63,8.87,8.5,7.66,9.79,,8.2,10.04,
2004-06-07,2.79,4.92,11.69,3.62,6.4,8.9,5.36,8.75,8.88,7,9.33,9.1,8.03,10.04,8.36,8.45,10.42,13
2004-06-08,7.21,10.79,12.14,5.99,9.29,11.41,6.38,9.83,11.36,7.29,9.82,14,8.22,10.54,14.83,8.54,10.5,15.4
2004-06-09,7.65,11.6,6.95,7.3,10.92,6.23,7.37,11.24,8.79,8,11.02,14,9.1,11.65,14.71,9.43,11.88,
2004-06-10,5.59,8.9,6.37,6.17,9.45,4.3,6.82,10.48,3.5,7.82,10.53,4.5,8.9,11.27,15,9.21,11.46,16
2004-06-11,5.07,8.22,6.32,5.86,8.95,5.32,6.97,10.44,7.38,7.88,10.67,12.75,8.97,11.42,11.36,9.36,11.71,
2004-06-14,5.07,8.22,6.32,5.86,8.95,5.32,6.97,10.44,7.38,7.88,10.67,12.75,8.97,11.42,11.36,9.36,11.71,
2004-06-15,4.62,7.54,9.5,5.36,8.77,8.32,6.02,9.64,8.01,7.1,9.5,6.58,8.31,10.27,,8.71,10.6,
2004-06-16,6.45,9.89,9.88,6.16,9.57,9.01,6.79,10.55,8.91,7.74,10.42,4.5,8.66,11.25,14,9.04,11.33,15.4
2004-06-17,6.76,10.27,4.61,6.48,10,3.06,7.02,10.72,10.21,7.79,10.55,12.58,8.75,11.36,,9.04,11.33,15.4
2004-06-18,3.72,6.55,2.96,5.34,8.67,2.39,6.68,10.28,4.43,7.71,10.42,10,8.67,11.27,14,8.98,11.27,
2004-06-21,3.31,5.8,4.51,4.74,8.02,4.39,6.09,9.61,6.66,7.44,10.08,14,8.36,10.8,,8.7,10.85,
2004-06-22,3.51,6.17,3.18,4.73,8.12,5.08,6.14,9.92,6.15,7.53,10.42,,8.58,11.3,14,8.98,11.44,
2004-06-23,2.64,4.96,3.04,4.17,7.52,5.29,5.64,9.16,4.71,7.34,10.03,8.75,8.44,10.98,13,8.73,10.9,
2004-06-24,2.68,5.05,2.88,4.44,7.91,7.72,5.74,9.31,5.43,7.28,10,6.73,8.31,10.88,,8.66,10.98,
2004-06-25,2.35,4.5,5.06,3.97,7.2,3.77,5.31,8.81,2.64,7.17,9.71,9.03,8.18,10.52,,8.54,10.61,
2004-06-28,3.34,5.77,10.1,4.49,7.69,8.47,5.51,8.79,8.86,7.1,9.73,9.59,8.14,10.66,10.75,8.43,10.65,
2004-06-29,5.74,8.87,8.3,6.08,9.25,9.59,5.97,9.06,9.32,7.02,9.49,,7.98,10.17,12.86,8.37,10.27,
2004-06-30,6.14,9.22,11.38,5.75,8.91,,6.11,9.27,9.06,7.41,10.07,8.5,8.47,10.89,12,8.89,11.17,
2004-07-01,5.41,8.56,5,5.05,8.12,7.96,5.8,8.96,6.98,7.13,9.73,6.75,8.22,10.61,12,8.75,10.83,
2004-07-02,2.93,5.63,3.42,3.94,7.03,3.01,5.43,8.71,,7.04,9.6,13,8.13,10.39,13,8.64,10.75,
2004-07-05,2.56,4.59,3.29,3.76,6.7,3.11,5.35,8.61,8.99,7.12,9.68,13,8.25,10.46,13,8.71,10.83,
2004-07-06,2.13,4.16,2.75,3.39,6.32,3.17,5.14,8.48,4.79,7.06,9.41,13,8.2,10.19,13,8.75,10.61,
2004-07-07,2.15,4.14,3.11,3.54,6.51,3.36,5.19,8.42,3.79,7,9.27,8.53,8.15,10.15,8,8.73,10.61,
2004-07-08,2.21,4.23,5.48,3.25,6.2,5.88,5.07,8.41,3,6.88,9.42,9.75,8.05,10.29,13,8.59,10.71,13.5
2004-07-09,3.65,6.01,6.71,3.91,6.67,4.94,5.39,8.58,5.58,7.04,9.57,12,8.13,10.32,13,8.61,10.71,
2004-07-12,3.68,6.27,4.18,4.49,7.22,5.37,5.82,9.04,6.36,7.41,9.98,,8.56,10.82,,9.25,11.46,
2004-07-13,2.71,4.84,2.37,3.66,6.55,2.59,5.25,8.93,3.12,7.06,9.58,,8.27,10.43,13,8.88,10.88,
2004-07-14,1.73,3.57,1.8,2.97,5.66,3.25,4.76,7.93,,6.59,8.98,13.5,7.86,10.02,,8.59,10.71,
2004-07-15,1.65,3.29,1.6,3.03,5.56,4.65,4.56,7.72,2.93,6.34,8.63,,7.61,9.75,13,8.48,10.58,
2004-07-16,1.54,3.03,1.35,2.99,5.52,1.12,4.5,7.56,6.68,6.31,8.5,5.42,7.48,9.54,,8.3,10.21,
2004-07-19,1.5,3.04,2.07,2.49,4.52,2.22,4.29,7.34,3.5,6.28,8.43,12,7.48,9.46,14.28,8.3,10.21,13.5
2004-07-20,2.04,3.75,3.51,3.08,5.59,3.4,4.32,7.49,7.65,6.15,8.42,9.5,7.42,9.54,,8.38,10.38,
2004-07-21,2.25,4.08,2.59,3.4,5.91,2.82,4.68,7.64,6.96,6.31,8.53,8,7.61,9.61,14.5,8.52,10.38,
2004-07-22,2.2,4.05,2.61,3.29,5.9,3.05,4.6,7.74,6.58,6.22,8.6,,7.48,9.68,12.86,8.38,10.38,
2004-07-23,2.19,4.06,2.61,3.32,5.93,2.35,5.04,8.09,2.75,6.37,8.78,7.8,7.59,9.79,,8.45,10.54,
2004-07-26,2.46,4.45,3.15,3.64,6.08,4.04,4.79,7.91,7.73,6.34,8.73,,7.56,9.75,12,8.36,10.35,
2004-07-27,2.44,4.45,2.55,3.93,6.58,3.4,4.75,7.92,3,6.35,8.75,,7.58,9.79,,8.38,10.38,
2004-07-28,2.42,4.21,3.9,3.67,6.2,3.54,4.8,7.85,3,6.41,8.65,8.24,7.67,9.75,,8.48,10.33,
2004-07-29,3.11,5.15,8.14,3.91,6.53,7.09,4.98,8.08,6.27,6.53,8.92,10.25,7.67,9.82,13,8.48,10.42,
2004-07-30,4.96,7.35,9.9,4.59,7.27,10.69,5.14,8.22,8.5,6.71,9.05,11,7.89,10.04,,8.7,10.67,
2004-08-02,5.38,8.02,6.44,4.98,7.79,6.85,5.4,8.53,8.5,6.86,9.27,,8.15,10.35,,9.1,11.09,10.7
2004-08-03,3.36,5.7,2.81,4.25,6.94,4.03,5.07,8.04,5.2,6.53,8.78,6.09,7.77,9.82,,8.67,10.45,
2004-08-04,2,3.9,1.57,3.09,5.63,2.62,4.67,7.66,7.79,6.29,8.45,6.34,7.55,9.61,,8.34,10.17,
2004-08-05,1.38,3.05,1.99,2.88,5.31,3.81,4.56,7.43,3.95,6.28,8.67,4.82,7.48,9.46,12.5,8.34,10.08,
2004-08-06,1.26,2.89,1.16,2.7,5.11,1.35,4.41,7.33,3.14,6.12,8.18,,7.36,9.32,,8.27,10.08,
2004-08-09,1.23,2.85,1.41,2.63,5.03,3.57,4.37,7.29,5.43,6.06,8.12,,7.3,9.18,,8.27,10.08,
2004-08-10,1.22,2.8,1.37,2.84,5.41,2,4.37,7.29,4.55,6,8.05,5,7.3,9.18,,8.27,10.08,
2004-08-11,1.19,2.71,1.22,2.61,4.92,2.42,4.3,7.22,2.93,5.99,8.03,4.66,7.28,9.16,,8.27,10.08,
2004-08-12,1.16,2.65,1.14,2.48,4.8,1.52,4.21,7.13,6.66,5.88,7.92,4.5,7.22,9.09,10,8.2,10,
2004-08-13,1.07,2.57,1.24,2.24,4.52,1.02,4.04,7,5.86,5.73,7.78,,7.2,9.11,,8.18,10.02,
2004-08-16,1.18,2.63,2.22,2.47,4.76,4.56,4.13,7.06,5.55,5.78,7.83,,7.25,9.16,10.15,8.23,10.08,12
2004-08-17,1.61,3.17,3.74,2.92,5.15,3.97,4.28,7.1,,5.92,7.99,,7.42,9.29,8,8.43,10.23,
2004-08-18,2.19,4.02,2.14,3.12,5.6,4.76,4.26,7.18,7,5.91,7.8,3,7.28,9.12,,8.29,10,
2004-08-19,1.83,3.48,1.43,3.07,5.49,4.29,4.39,7.33,7.12,6.03,8.02,6.43,7.45,9.35,5,8.33,10.05,
2004-08-20,1.95,3.62,3.6,2.9,5.33,3.27,4.46,7.34,,6.12,8.15,,7.45,9.39,,8.38,10.21,14.01
2004-08-23,2.36,4.24,5.02,3.28,5.85,4.51,4.59,7.5,9.03,6.15,8.12,16,7.45,9.39,8.6,8.45,10.29,
2004-08-24,2.97,5.02,3.09,3.85,6.5,5.05,4.81,7.8,11.9,6.54,8.86,14.3,7.58,9.61,13.92,8.52,10.46,
2004-08-25,3.19,5.28,6.66,4.11,6.74,7.21,5.19,8.14,9.25,6.4,8.62,10,7.7,9.75,,8.66,10.63,
2004-08-26,4.44,6.73,8.26,4.54,7.2,8.27,5.09,8.19,9,6.53,8.77,7.98,7.72,9.73,13,8.59,10.54,13.38
2004-08-27,5.4,7.91,7.44,5.01,7.67,7.95,5.34,8.14,4.14,6.69,8.62,,7.89,9.55,13,8.8,10.54,
2004-08-30,5.87,8.19,9.57,5.28,7.94,10.14,5.35,8.26,7.18,6.57,8.58,9.38,7.77,9.55,13,8.66,10.54,
2004-08-31,6.89,9.53,9.86,5.69,8.31,9.8,5.55,8.41,7.57,6.75,8.85,13,7.95,9.84,13,8.88,10.88,
2004-09-01,6.15,8.79,6.49,5.44,7.82,5.61,5.26,8.11,4.76,6.31,8.27,8.25,7.52,9.06,13,8.25,9.95,
2004-09-02,5.13,7.32,6.65,4.84,7.36,6.69,5.25,7.91,5.04,6.49,8.52,,7.75,9.44,12.86,8.52,10.38,13.13
2004-09-03,4.41,6.61,4.23,4.43,6.79,4.02,5.25,8,4.88,6.53,8.7,9.38,7.7,9.63,,8.57,10.44,
2004-09-06,3.9,5.95,5.12,4.28,6.66,5.11,5.06,7.81,5.55,6.35,8.5,,7.52,9.41,13.39,8.36,10.19,
2004-09-07,3.84,5.96,3.35,4.25,6.65,3.77,5.15,7.83,5.31,6.4,8.6,,7.56,9.46,13,8.38,10.21,
2004-09-08,2.72,4.58,1.74,3.59,5.85,2.42,4.69,7.32,4.55,6.22,8.4,,7.48,9.45,13,8.3,10.13,
2004-09-09,1.89,3.39,2.08,3.03,5.19,4.61,4.52,7.04,3.74,6.22,8.3,,7.55,9.21,,8.3,10.04,13
2004-09-10,2.02,3.57,2.07,3.08,5.22,2.1,4.57,7.15,3.57,6.25,8.37,6.89,7.62,9.37,,8.3,10.04,13
2004-09-13,2.05,3.59,2.28,3.06,5.31,2.87,4.62,7.23,3.98,6.23,8.31,,7.53,9.39,7,8.3,10,
2004-09-14,1.57,3.2,1.28,2.55,4.8,1.85,4.26,6.91,3.24,5.98,8.04,,7.38,9.29,,8.23,10,12
2004-09-15,1.08,2.45,0.91,2.19,4.32,1.47,4.05,6.56,4.67,5.93,7.74,5.03,7.33,9.02,,8.11,9.75,
2004-09-16,0.97,2.2,1.16,2.01,3.99,2.69,3.94,6.48,4.24,5.85,7.72,6.65,7.38,8.9,5.07,8.11,9.75,
2004-09-17,1.01,2.3,1.32,2.18,4.16,1.38,4.08,6.58,3.58,5.91,7.78,8,7.63,9.58,,8.18,9.83,12
2004-09-20,1.24,2.55,1.95,2.15,4.13,1.85,4.04,6.54,3.67,5.87,7.73,7.5,7.3,8.99,,8.11,9.83,
2004-09-21,1.39,2.78,1.25,2.42,4.38,1.75,4.1,6.54,3.32,6.04,7.87,10.5,7.49,9.34,10.75,8.46,10.25,13.15
2004-09-22,1.09,2.32,1.46,2.17,4.04,2.17,3.88,6.23,3.93,5.96,7.8,,7.48,9.34,13,8.43,10.21,
2004-09-23,1.1,2.38,1.39,2.24,4.22,1.43,3.9,6.31,1.84,5.99,7.8,13,7.52,9.39,7.58,8.37,10.27,17
2004-09-24,1.13,2.41,2.31,2.36,4.28,1.85,4,6.36,4.15,5.99,7.8,5.47,7.48,9.36,,8.33,10.27,
2004-09-27,1.78,3.11,4.6,2.77,4.84,3.46,4,6.39,4.61,5.99,7.8,,7.42,9.25,13,8.27,10.19,
2004-09-28,2.83,4.54,5.56,3.38,5.56,3.07,4.32,6.74,5.39,6.13,7.9,,7.55,9.39,,8.4,10.31,8.41
2004-09-29,3.6,5.44,3.78,3.69,5.85,6.02,4.65,7.09,5.5,6.37,8.18,,7.77,9.64,13,8.65,10.63,
2004-09-30,2.73,4.42,3.13,3.14,5.23,4.01,4.2,6.57,4.77,6.11,7.81,13,7.5,9.27,12.5,8.33,10.19,11.5
2004-10-01,2.15,3.85,1.55,2.73,4.79,1.39,4.21,6.61,2.95,6,7.63,7.5,7.31,8.98,,8.13,9.88,
2004-10-04,1.21,2.64,1.1,2.24,4.18,1.66,3.75,5.98,3.51,5.8,7.63,4,7.31,9.07,,8.12,9.88,
2004-10-05,0.87,2.03,0.96,1.97,3.79,2.41,3.6,5.77,5,5.7,7.38,4.65,7.27,9,13,8.08,9.83,6
2004-10-06,0.83,1.91,1.12,2.04,3.83,1.39,3.53,5.78,5.5,5.59,7.25,,7.16,8.8,5.5,7.88,9.56,
2004-10-07,0.76,1.85,0.84,1.86,3.59,1.23,3.55,5.74,2.33,5.52,7.07,3,7.05,8.58,13,7.75,9.29,5.75
2004-10-08,0.72,1.82,0.96,1.8,3.49,0.91,3.58,5.83,2.74,5.49,7.03,3.06,7.02,8.56,,7.71,9.29,
2004-10-11,0.87,1.92,1.33,2,3.78,1.5,3.67,6,4.75,5.43,7.04,5,6.92,8.5,5.12,7.68,9.33,5.35
2004-10-12,0.88,1.96,1.34,1.99,3.67,2.83,3.5,5.71,1.62,5.41,6.97,4.43,7.05,8.62,,7.77,9.4,12
2004-10-13,0.81,1.91,1.05,1.95,3.65,1.5,3.43,5.67,1.68,5.38,7.09,,7.02,8.62,,7.73,9.46,13
2004-10-14,0.7,1.74,1.02,1.77,3.5,1.32,3.17,5.52,2.45,5.17,6.91,13,6.87,8.4,,7.61,9.35,13
2004-10-15,0.69,1.76,0.97,1.68,3.33,1.11,3.14,5.49,2.5,5.2,6.95,,6.83,8.37,,7.57,9.31,10
2004-10-18,0.77,1.82,1.11,1.85,3.52,1.33,3.19,5.46,3.88,5.16,6.88,,6.78,8.25,,7.6,9.37,10.83
2004-10-19,0.69,1.73,0.91,1.82,3.55,1.21,3.12,5.42,7,5.12,6.87,13,6.67,8.16,,7.53,9.33,13
2004-10-20,0.69,1.69,1.1,1.85,3.54,1.48,3.13,5.4,2.15,5.12,6.83,5,6.7,8.16,13,7.53,9.29,13.5
2004-10-21,0.65,1.64,1.15,1.74,3.44,1.69,3.07,5.29,2.64,4.93,6.57,,6.53,7.95,13,7.55,9.15,13
2004-10-22,0.68,1.63,1.09,1.79,3.35,1.13,3.05,5.24,2.39,5.04,6.68,4.25,6.64,8.04,,7.48,9.27,13.5
2004-10-25,0.61,1.51,0.97,1.79,3.38,1.87,2.82,5.09,1.15,4.71,6.37,,6.36,7.77,4.03,7.23,9,10.23
2004-10-26,0.55,1.44,1.08,1.6,3.15,1.94,2.65,4.81,3,4.5,6,11.51,6.11,7.34,,7.03,8.54,13.04
2004-10-27,0.57,1.52,0.99,1.64,3.08,2.07,2.67,4.58,4,4.27,5.51,,5.83,6.88,4.25,6.75,8.38,
2004-10-28,0.61,1.47,0.96,1.64,3.06,1.42,2.67,4.64,3.94,4.3,5.51,8.13,5.8,6.84,13,6.85,8.35,13
2004-10-29,0.69,1.69,2.93,1.63,3.09,1.35,2.82,4.72,8.5,4.38,5.6,,5.88,6.93,13,6.93,8.44,5.13
2004-11-01,0.75,1.9,1.26,1.74,3.27,2.15,2.77,4.68,4.69,4.32,5.47,14,5.78,6.82,,6.82,8.37,13.5
2004-11-02,0.54,1.52,0.94,1.59,3.05,1.72,2.99,5.04,4,4.49,5.75,,5.92,6.96,13,6.88,8.6,13.5
2004-11-03,0.45,1.34,1.04,1.49,2.89,1.27,2.52,4.44,3.28,4.43,5.64,7.57,5.89,6.89,13,6.85,8.48,13.5
2004-11-04,0.47,1.32,0.91,1.47,2.82,1.23,2.53,4.45,5.75,4.43,5.61,,5.89,6.86,2.72,6.85,8.44,13.5
2004-11-05,0.48,1.34,1.08,1.41,2.75,1.04,2.58,4.54,5.12,4.49,5.66,8.08,6,7.02,13,6.91,8.42,13.5
2004-11-08,0.48,1.34,1.08,1.41,2.75,1.04,2.58,4.54,5.12,4.49,5.66,8.08,6,7.02,13,6.91,8.42,13.5
2004-11-09,0.46,1.28,1.18,1.4,2.74,1.27,2.57,4.53,4.35,4.45,5.58,,5.92,6.93,13,6.7,8.29,13.5
2004-11-10,0.51,1.34,1.14,1.51,2.82,2.45,2.7,4.65,3.52,4.68,5.95,12.14,6.13,7.23,12,6.9,8.65,12.42
2004-11-11,0.41,1.18,1.21,1.41,2.65,1.18,2.16,3.84,4.5,4.13,5.7,4.79,5.3,7.08,,6.13,8.64,
2004-11-12,0.41,1.24,1.04,1.35,2.66,1.04,2.36,4.13,4.25,4.2,5.81,13.3,5.31,7.1,,6.15,8.7,
2004-11-15,0.41,1.25,1.07,1.33,2.65,3.02,2.11,3.8,2.5,4.08,5.71,,5.34,7.13,,6.36,8.81,6
2004-11-16,0.4,1.23,1.18,1.41,2.62,1.24,2.1,3.69,2.5,4.14,5.68,,5.34,6.95,11.5,6.37,8.8,6.97
2004-11-17,0.41,1.21,1.17,1.39,2.58,1.26,2.01,3.64,2.51,4.21,5.76,12.6,5.34,6.92,5.68,6.37,8.77,12.49
2004-11-18,0.4,1.23,1.26,1.34,2.6,1.74,2.01,3.62,1.34,4.35,6.14,3.2,5.34,6.98,10,6.37,8.84,12.91
2004-11-19,0.4,1.21,1.16,1.29,2.51,1.08,1.94,3.51,3.49,4.26,5.77,2,5.39,6.97,,6.33,8.8,
2004-11-22,0.39,1.19,0.91,1.47,2.54,2.68,2.02,3.47,2.43,4.18,5.56,,5.38,6.93,13,6.37,8.7,13
2004-11-23,0.4,1.22,1.04,1.37,2.52,2.31,1.96,3.45,2.94,4.13,5.54,,5.38,6.97,12.86,6.33,8.73,13
2004-11-24,0.41,1.25,1.27,1.34,2.53,1.56,1.95,3.47,4.03,4.13,5.54,,5.38,6.97,13,6.33,8.73,
2004-11-25,0.41,1.22,1.07,1.3,2.51,1.72,1.9,3.45,6,4.21,5.72,,5.31,6.87,10,6.33,8.7,
2004-11-26,0.4,1.17,0.75,1.22,2.43,1.36,1.9,3.45,2.46,4.11,5.48,3.81,5.31,6.87,8.2,6.33,8.7,
2004-11-29,0.39,1.21,0.87,1.27,2.44,2.22,1.88,3.35,2.89,4.11,5.55,2.57,5.34,6.83,,6.33,8.7,13
2004-11-30,0.41,1.26,1.26,1.35,2.61,3.58,1.87,3.38,5.89,4.23,5.64,6.25,5.38,6.83,,6.33,8.7,9.08
2004-12-01,0.47,1.37,1.15,1.27,2.54,1.16,1.75,3.32,4.93,3.93,5.48,,5.22,6.85,,6.07,8.59,13
2004-12-02,0.47,1.33,0.98,1.35,2.58,1.01,2.04,3.5,2.5,3.93,5.48,,5.2,6.85,,6.07,8.59,
2004-12-03,0.49,1.33,0.85,1.41,2.56,1.11,2.24,3.53,6.86,4.13,5.57,2,5.32,6.95,,6.38,8.81,12.4
2004-12-06,0.46,1.3,1.16,1.31,2.49,,2.33,3.63,3.25,4.25,5.86,3.49,5.22,6.95,,6.1,8.61,6.65
2004-12-07,0.45,1.28,1.14,1.3,2.58,3.49,2.19,3.62,5.14,4.02,5.59,3.43,5.22,6.95,13,6.03,8.52,12.97
2004-12-08,0.43,1.22,1.1,1.36,2.56,1.65,2.31,3.65,2.6,4.19,5.88,3.08,5.25,6.95,13,6.1,8.55,
2004-12-09,0.41,1.21,0.99,1.27,2.51,1.19,2.24,3.75,1.28,4.18,5.91,7.96,5.28,7.02,,6.29,8.63,12.87
2004-12-10,0.39,1.18,0.84,1.25,2.49,1.06,2.3,3.8,3.71,4.19,5.94,4.11,5.36,7.12,,6.2,8.64,12.5
2004-12-13,0.39,1.18,0.84,1.25,2.49,1.06,2.3,3.8,3.71,4.19,5.94,4.11,5.36,7.12,,6.2,8.64,12.5
2004-12-14,0.73,1.72,2.31,1.59,3.07,2.88,2.65,4.36,3.04,4.52,6.32,5.68,5.7,7.5,,6.48,8.87,
2004-12-15,1.34,2.41,1.06,2.14,3.73,2.31,3.07,4.83,3.61,4.92,6.87,13,5.84,7.63,12.2,6.65,9.18,12.5
2004-12-16,0.84,1.71,0.91,1.69,3.24,1.88,3,4.71,3.87,4.9,6.66,13.02,5.95,7.75,8.5,6.65,9.11,
2004-12-17,0.67,1.59,0.88,1.5,2.94,1.19,2.83,4.49,3.9,5.28,7.07,12,5.89,7.7,,6.6,9.05,12.49
2004-12-20,0.65,1.53,1.2,1.53,2.86,1.28,2.86,4.5,4.35,4.74,6.39,4.2,5.84,7.67,12.99,6.53,9.02,12.65
2004-12-21,0.68,1.63,2.01,1.55,2.95,2.3,2.78,4.42,3.84,4.85,6.44,3.77,5.84,7.68,13,6.53,9.02,12.49
2004-12-22,1.07,2.23,1.24,1.83,3.31,2.26,3.07,4.78,3.75,4.77,6.54,4.83,5.83,7.8,5,6.71,9.25,12.5
2004-12-23,0.84,1.88,0.8,1.77,3.22,2.04,2.87,4.64,3.02,4.74,6.48,,5.92,7.77,,6.77,9.15,12.5
2004-12-24,0.71,1.66,0.74,1.5,2.86,0.98,2.98,4.69,4.68,4.89,6.71,6.31,5.89,7.73,,6.55,9.04,12.5
2004-12-27,0.75,1.71,0.91,1.71,3.13,2.16,2.9,4.72,5.6,4.76,6.57,4,5.97,7.87,12.8,6.62,9.16,12.88
2004-12-28,0.67,1.59,0.92,1.73,3.25,2,3.02,4.79,3.99,4.89,6.65,7.33,5.94,7.85,,6.84,9.31,
2004-12-29,0.63,1.5,1.13,1.68,3.07,1.58,2.9,4.74,2.99,4.74,6.45,5.17,5.84,7.8,12.2,6.58,9.07,13
2004-12-30,0.5,1.38,1.2,1.63,3.07,1.76,2.64,4.36,2.3,4.57,6.28,4.97,5.78,7.73,12.2,6.45,8.93,12.42
2004-12-31,0.52,1.48,1.03,1.61,3.06,,2.32,3.9,2.78,4.63,6.16,10.14,5.87,7.64,,6.59,9.04,
2005-01-03,0.52,1.48,1.03,1.61,3.06,,2.32,3.9,2.78,4.63,6.16,10.14,5.87,7.64,,6.59,9.04,
2005-01-04,0.52,1.48,1.03,1.61,3.06,,2.32,3.9,2.78,4.63,6.16,10.14,5.87,7.64,,6.59,9.04,
2005-01-05,0.52,1.48,1.03,1.61,3.06,,2.32,3.9,2.78,4.63,6.16,10.14,5.87,7.64,,6.59,9.04,
2005-01-06,0.52,1.48,1.03,1.61,3.06,,2.32,3.9,2.78,4.63,6.16,10.14,5.87,7.64,,6.59,9.04,
2005-01-07,0.52,1.48,1.03,1.61,3.06,,2.32,3.9,2.78,4.63,6.16,10.14,5.87,7.64,,6.59,9.04,
2005-01-10,0.52,1.48,1.03,1.61,3.06,,2.32,3.9,2.78,4.63,6.16,10.14,5.87,7.64,,6.59,9.04,
2005-01-11,0.48,1.45,0.94,1.48,2.87,1.96,2.54,4.04,3.37,4.13,6.4,5.57,5.1,7.81,,5.73,9.27,13
2005-01-12,0.43,1.26,0.83,1.35,2.62,1.56,2.43,4.02,2.16,4.7,6.29,,5.73,7.5,12.99,6.43,8.82,12.5
2005-01-13,0.39,1.24,0.73,1.25,2.54,0.97,2.28,3.88,2.01,4.46,6.07,6,5.66,7.45,12,6.38,8.71,12.5
2005-01-14,0.4,1.26,0.69,1.2,2.52,0.96,2.35,3.93,3.74,3.75,6.09,8.25,4.7,7.38,,5.62,8.68,12.5
2005-01-17,0.4,1.23,0.7,1.24,2.45,2.25,2.22,3.88,3,3.75,6.19,6.19,4.73,7.42,,5.65,8.71,12.49
2005-01-18,0.47,1.4,0.87,1.42,2.79,1.58,2.45,4.07,3.8,3.88,6.3,4,4.89,7.58,,5.84,8.85,
2005-01-19,0.45,1.41,0.92,1.35,2.63,1.35,2.51,4.1,3.42,4,6.38,9,5.08,7.75,12.2,5.8,8.73,12.5
2005-01-20,0.51,1.48,0.85,1.44,2.91,1.22,2.44,4.23,2.43,3.87,6.28,5.57,4.94,7.63,6.5,5.77,8.88,
2005-01-21,0.54,1.5,0.99,1.42,2.85,0.97,2.45,4.24,2.07,3.87,6.15,3.32,4.94,7.63,13,5.77,8.88,12.49
2005-01-24,0.54,1.51,2,1.55,2.9,1.95,2.52,4.31,2.27,3.91,6.18,,4.98,7.67,,5.8,8.89,13
2005-01-25,0.9,1.94,1.02,1.6,3.01,1.67,2.48,4.13,1.51,3.84,6.25,2.75,4.91,7.6,11.7,5.72,8.82,
2005-01-26,0.61,1.6,0.73,1.5,2.91,1.47,2.49,4.18,5.34,3.83,6.21,4,4.89,7.63,11.7,5.78,8.86,12.47
2005-01-27,0.49,1.42,0.94,1.43,2.83,1.42,2.48,4.17,2.25,3.84,6.25,12.5,4.89,7.63,,5.78,8.86,12.49
2005-01-28,0.56,1.5,1.43,1.35,2.67,1.38,2.5,4.19,2.76,3.79,6.08,6.2,4.91,7.68,,5.8,8.91,
2005-01-31,0.8,1.81,1.76,1.59,3.02,2.23,2.6,4.28,7.06,3.85,6.3,,4.94,7.72,,5.83,8.95,
2005-02-01,0.77,1.82,0.82,1.55,2.97,1,2.57,4.17,3.92,3.78,6.16,,4.91,7.67,11.7,5.8,8.91,12.85
2005-02-02,0.64,1.57,0.66,1.49,2.88,1.78,2.49,3.98,3.47,3.76,6.06,,4.91,7.65,,5.8,8.89,12.48
2005-02-03,0.55,1.42,0.71,1.39,2.77,1.19,2.46,4.07,7.89,3.69,6.11,3.25,4.67,7.47,11.7,5.8,8.89,4.86
2005-02-04,0.52,1.42,0.68,1.36,2.7,1.13,2.42,3.99,5,3.65,6,6.75,4.66,7.45,,5.78,8.88,12.5
2005-02-07,0.49,1.42,0.73,1.41,2.87,2.07,2.3,3.91,1.82,3.56,5.98,5.59,4.69,7.47,11.7,5.75,8.84,12.5
2005-02-08,0.5,1.38,0.86,1.41,2.81,1.64,2.43,3.97,2.08,3.76,6.13,4.25,4.61,7.37,6.5,5.75,8.82,11.7
2005-02-09,0.52,1.43,0.85,1.4,2.78,1.32,2.39,3.88,2.44,3.69,6.04,,4.73,7.48,4.5,5.77,8.8,12.5
2005-02-10,0.52,1.4,0.88,1.31,2.71,3.35,2.3,3.9,5.12,3.64,5.94,,4.62,7.25,,5.73,8.33,12.5
2005-02-11,0.53,1.41,1.12,1.22,2.66,1.12,2.28,3.88,3.84,3.65,5.91,8,4.63,7.17,,5.58,8.2,12.5
2005-02-14,0.63,1.55,1.96,1.31,2.68,2.37,2.31,3.91,4.75,3.57,5.76,,4.62,7.09,,5.58,8.17,12.5
2005-02-15,0.99,1.98,1.44,1.46,2.95,1.59,2.22,3.67,1.74,3.6,5.68,7.11,4.56,6.97,,5.55,8.12,4.75
2005-02-16,0.81,1.81,1.22,1.45,2.91,1.15,2.28,3.68,1.63,3.57,5.72,,4.53,6.94,,5.52,8.08,12.48
2005-02-17,0.7,1.66,1.08,1.4,2.87,1.48,2.2,3.66,1.06,3.57,5.72,5.43,4.49,6.89,,5.52,8.08,4
2005-02-18,0.71,1.66,1.04,1.3,2.74,0.88,2.28,3.67,3.71,3.54,5.63,9,4.49,6.89,,5.52,8.08,
2005-02-21,0.62,1.57,1.62,1.33,2.71,3.35,2.2,3.71,2.57,3.57,5.72,7.9,4.49,6.89,10.83,5.52,8.08,
2005-02-22,0.84,1.79,1.14,1.44,2.97,0.92,2.08,3.48,2.3,3.4,5.45,4.5,4.28,6.6,,5.52,8.08,
2005-02-23,0.84,1.79,1.14,1.44,2.97,0.92,2.08,3.48,2.3,3.4,5.45,4.5,4.28,6.6,,5.52,8.08,
2005-02-24,0.66,1.53,0.91,1.31,2.69,2.28,2.06,3.43,2.01,3.32,5.33,,4.28,6.6,3.16,5.52,8.05,
2005-02-25,0.53,1.41,0.97,1.2,2.6,0.99,2.02,3.41,2.68,3.29,5.36,4.4,4.27,6.58,,5.57,8.11,
2005-02-28,0.54,1.46,0.94,1.22,2.56,1.7,2.02,3.41,2.39,3.32,5.43,,4.25,6.68,13,5.58,8.13,12.4
2005-03-01,0.54,1.42,0.73,1.15,2.61,2.7,1.96,3.3,3.13,3.19,5.24,3,4.12,6.64,3.77,5.54,8.09,12.4
2005-03-02,0.49,1.33,0.69,1.2,2.66,2.17,1.97,3.42,2.37,3.28,5.45,3.75,4.24,6.62,5.14,5.49,8.02,12.4
2005-03-03,0.49,1.31,0.67,1.12,2.52,1.45,2.11,3.48,2.5,3.39,5.6,8.25,4.39,6.88,3.18,5.69,8.23,12.42
2005-03-04,0.5,1.32,0.86,1.08,2.46,0.93,1.94,3.42,2.44,3.22,5.38,6.63,4.2,6.63,11.7,5.45,7.97,
2005-03-07,0.53,1.33,0.97,1.01,2.4,1.01,1.97,3.34,1.42,3.25,5.37,3.34,4.24,6.75,9.25,5.53,7.98,12.23
2005-03-08,0.53,1.33,0.97,1.01,2.4,1.01,1.97,3.34,1.42,3.25,5.37,3.34,4.24,6.75,9.25,5.53,7.98,12.23
2005-03-09,0.53,1.39,0.76,1.02,2.3,2.09,1.87,3.32,2.14,3.19,5.3,2,4.17,6.64,,5.43,7.92,12.42
2005-03-10,0.49,1.3,0.77,1.08,2.46,1.28,1.87,3.38,3.92,3.18,5.36,2.75,4.13,6.58,3.12,5.49,8.02,
2005-03-11,0.46,1.26,0.72,1,2.31,0.98,1.84,3.32,3,3.13,5.26,3,4.08,6.55,13,5.49,8,
2005-03-14,0.42,1.19,1.04,0.95,2.17,1.05,1.8,3.22,3.59,3.09,5.16,3.06,4.04,6.44,,5.44,7.88,12.4
2005-03-15,0.43,1.2,0.67,0.97,2.27,1.52,1.83,3.25,2.85,3.1,5.17,3.25,4.05,6.36,,5.37,7.8,
2005-03-16,0.44,1.23,0.65,0.95,2.24,2.68,1.81,3.25,4.35,3.1,5.19,4.02,4.06,6.4,3,5.38,7.83,12.49
2005-03-17,0.43,1.22,0.67,0.96,2.31,2.59,1.83,3.34,3.45,3.15,5.18,,4.13,6.41,,5.43,7.83,
2005-03-18,0.43,1.22,0.68,0.95,2.25,0.83,1.79,3.28,2.19,3.18,5.23,3.25,4.14,6.44,4,5.45,7.85,12.44
2005-03-21,0.43,1.23,0.78,0.98,2.24,1.88,1.82,3.31,3.68,3.62,5.81,4.38,4.2,6.49,,5.46,7.87,12.5
2005-03-22,0.45,1.28,0.71,1.03,2.38,2.02,1.92,3.33,,3.13,5.03,,4.17,6.44,,5.48,7.9,
2005-03-23,0.47,1.31,0.78,1.02,2.37,1.94,1.86,3.33,2.75,3.21,5.32,7.75,4.16,6.47,,5.48,7.93,
2005-03-24,0.48,1.34,0.74,1.04,2.36,1.35,1.89,3.42,1.78,3.21,5.29,,4.26,6.5,,5.7,8.14,
2005-03-25,0.49,1.36,1.24,1.05,2.31,1.25,1.98,3.51,,3.27,5.32,7.44,4.28,6.63,,5.71,8.21,
2005-03-28,0.54,1.47,1.62,1.17,2.46,1.9,2.17,3.73,1.88,3.37,5.55,,4.51,7.03,,6.07,8.71,
2005-03-29,0.86,1.86,1.68,1.38,2.68,2.16,2.12,3.67,2.18,3.31,5.41,,4.36,6.66,5.07,5.82,8.32,12.5
2005-03-30,0.96,1.97,1.32,1.41,2.8,2.45,2.2,3.8,2,3.41,5.48,,4.43,6.72,13,5.87,8.36,12.5
2005-03-31,0.9,1.89,1.49,1.37,2.74,2.05,2.17,3.72,2.17,3.42,5.45,,4.4,6.69,,5.69,8.13,
2005-04-01,0.75,1.79,0.84,1.25,2.59,0.84,2.18,3.71,2.44,3.47,5.47,2.5,4.46,6.75,,5.77,8.21,
2005-04-04,0.55,1.45,0.81,1.21,2.45,1.81,2.06,3.91,3.98,3.34,5.34,,4.31,6.57,,5.61,8.03,
2005-04-05,0.53,1.42,0.98,1.23,2.61,2.36,2.1,3.67,2.16,3.41,5.42,5,4.43,6.75,,5.66,8.07,
2005-04-06,0.57,1.48,1.04,1.21,2.57,1.39,2.07,3.52,3.13,3.47,5.48,5,4.4,6.74,,5.69,8.15,
2005-04-07,0.58,1.49,1.22,1.26,2.63,1.41,2.17,3.7,3.4,3.46,5.51,,4.37,6.72,,5.69,8.17,
2005-04-08,0.66,1.6,1.16,1.21,2.53,1.29,2.17,3.71,2.86,3.42,5.5,4.21,4.33,6.8,,5.68,8.17,
2005-04-11,0.68,1.65,1.19,1.32,2.56,2.32,2.2,3.71,4,3.45,5.45,,4.36,6.72,,5.69,8.18,7.07
2005-04-12,0.7,1.67,1.18,1.32,2.66,1.66,2.2,3.72,3.12,3.47,5.52,,4.34,6.72,8.55,5.68,8.15,
2005-04-13,0.68,1.64,1.04,1.34,2.57,1.41,2.2,3.71,1.94,3.45,5.45,4,4.36,6.74,,5.69,8.15,
2005-04-14,0.67,1.61,0.91,1.29,2.57,2.11,2.18,3.68,1.81,3.47,5.52,3.5,4.33,6.69,,5.64,8.12,
2005-04-15,0.56,1.51,0.83,1.22,2.51,1.37,2.11,3.56,2,3.37,5.29,3.5,4.24,6.59,,5.51,7.99,
2005-04-18,0.56,1.52,0.89,1.19,2.46,2.24,2.05,3.78,4.44,3.34,5.27,5.5,4.27,6.64,,5.51,8,
2005-04-19,0.55,1.44,0.88,1.18,2.51,1.74,2.07,3.89,2.56,3.39,5.34,,4.29,6.69,,5.69,8.2,8.2
2005-04-20,0.54,1.46,1.15,1.2,2.52,1.71,2.07,3.89,2.33,3.41,5.34,,4.31,6.66,,5.69,8.2,
2005-04-21,0.68,1.64,1.2,1.22,2.57,1.59,2.13,3.53,1.76,3.42,5.35,4.38,4.29,6.66,,5.69,8.2,
2005-04-22,0.74,1.73,1.29,1.28,2.61,1.24,2.13,3.61,3.5,3.46,5.38,,4.33,6.69,,5.72,8.24,
2005-04-25,0.72,1.66,1.85,1.28,2.6,1.3,2.08,3.61,2.39,3.46,5.46,4,4.36,6.73,,5.74,8.24,
2005-04-26,0.89,1.93,1.62,1.39,2.75,1.98,2.1,3.61,3.01,3.48,5.37,,4.39,6.75,,5.66,8.15,
2005-04-27,0.87,1.9,1.35,1.43,2.78,1.71,2.15,3.68,3.71,3.46,5.38,,4.36,6.71,7,5.66,8.15,
2005-04-28,0.83,1.83,1.94,1.42,2.8,1.85,2.16,3.71,3.33,3.48,5.43,,4.37,6.72,,5.66,8.22,
2005-04-29,1.18,2.23,5.54,1.38,2.72,4.23,2.18,3.69,6.5,3.49,5.43,,4.38,6.69,,5.68,8.2,
2005-05-02,1.18,2.23,5.54,1.38,2.72,4.23,2.18,3.69,6.5,3.49,5.43,,4.38,6.69,,5.68,8.2,
2005-05-03,1.72,3.16,1.95,1.92,3.68,1.51,2.27,3.82,3.66,3.55,5.53,,4.48,6.83,,5.73,8.29,
2005-05-04,0.95,2.06,1.12,1.44,2.86,1.49,2.2,3.78,1.68,3.49,5.43,,4.38,6.73,,5.66,8.22,
2005-05-05,0.71,1.75,1.15,1.29,2.65,1.34,2.17,3.72,3.4,3.47,5.37,2.5,4.34,6.64,,5.62,8.15,
2005-05-06,0.77,1.76,1.97,1.22,2.53,2.08,2.09,3.61,1.75,3.44,5.4,2.95,4.38,6.79,,5.6,8.15,
2005-05-09,0.77,1.76,1.97,1.22,2.53,2.08,2.09,3.61,1.75,3.44,5.4,2.95,4.38,6.79,,5.6,8.15,
2005-05-10,0.77,1.76,1.97,1.22,2.53,2.08,2.09,3.61,1.75,3.44,5.4,2.95,4.38,6.79,,5.6,8.15,
2005-05-11,0.9,1.9,1.44,1.37,2.7,1.65,2.19,3.78,2.93,3.44,5.38,2,4.41,6.85,,5.68,8.23,
2005-05-12,0.83,1.82,1.05,1.42,2.76,1.51,2.21,3.84,1.58,3.49,5.45,2.5,4.38,6.72,,5.73,8.28,
2005-05-13,0.83,1.79,1.23,1.35,2.72,1.3,2.2,3.81,2,3.43,5.39,5.2,4.32,6.65,,5.67,8.22,
2005-05-16,0.79,1.75,1.99,1.32,2.68,2.66,2.13,3.68,2.59,3.48,5.36,,4.36,6.63,,5.7,8.17,
2005-05-17,1.02,2.11,2.58,1.48,2.92,2.41,2.28,3.88,3.32,3.47,5.42,,4.35,6.71,,5.68,8.27,
2005-05-18,1.33,2.44,1.94,1.78,3.28,2.5,2.39,3.9,3.24,3.49,5.46,2,4.39,6.76,,5.68,8.27,
2005-05-19,1.16,2.33,1.22,1.8,3.27,1.87,2.31,3.83,3.23,3.52,5.48,,4.44,6.84,,5.74,8.27,
2005-05-20,0.92,2.03,2.34,1.65,3.11,2.17,2.31,3.83,2.25,3.53,5.45,3.25,4.39,6.73,4,5.74,8.13,
2005-05-23,1.08,2.19,4.21,1.74,3.25,3.01,2.28,3.81,5.17,3.51,5.47,3.25,4.39,6.73,,5.74,8.27,
2005-05-24,2.04,3.54,5.77,2.19,4.03,5.13,2.59,4.27,5.94,3.74,5.89,4,4.58,6.96,,5.84,8.43,
2005-05-25,3.2,4.97,6.71,3.19,5.09,7.83,3.08,4.92,5,4,6.24,,4.82,7.24,,6.14,8.8,
2005-05-26,4.11,6.11,4.42,3.54,5.75,5.53,2.84,4.64,3.96,3.52,5.8,4.97,4.29,7,,5.82,8.72,8.2
2005-05-27,3.02,4.81,3.24,3.18,5.05,3.33,3.24,5.27,5.5,4.11,6.49,4.19,4.88,7.43,,6.13,8.71,
2005-05-30,2.52,4.1,5.82,2.77,4.66,6.13,3.24,5.12,4.6,4.28,6.66,,5.04,7.6,13,6.23,8.84,11.8
2005-05-31,3.45,5.22,5.71,3.16,5.26,6.5,3.32,5.28,4.65,4.27,6.66,13,5.03,7.56,,6.12,8.7,
2005-06-01,3.32,5.1,2.06,3.04,5.02,3.04,3.36,5.3,2.67,4.27,6.63,4,5.01,7.57,4.62,6.09,8.7,
2005-06-02,1.56,2.76,1.25,1.91,3.61,1.99,2.79,4.5,2.18,3.92,6.13,5.08,4.64,7.14,,5.79,8.32,
2005-06-03,1.04,2.08,1.44,1.61,3.25,1.28,2.79,4.42,1.81,3.82,5.94,4.4,4.56,7.05,,5.83,8.36,5.4
2005-06-06,0.99,2.02,1.77,1.5,3.06,1.55,2.63,4.19,2.24,3.88,5.96,,4.57,7.03,,5.84,8.38,
2005-06-07,1.19,2.21,1.49,1.67,3.34,1.89,2.68,4.18,5,3.89,5.97,,4.63,7.06,,5.82,8.32,
2005-06-08,1.18,2.21,1.17,1.74,3.38,3.18,2.71,4.3,3.89,3.93,5.97,,4.67,7.06,,5.87,8.32,
2005-06-09,0.97,2.04,1.21,1.54,3.14,1.37,2.61,4.2,4.2,3.89,5.94,,4.67,7.05,,5.83,8.28,
2005-06-10,0.96,2.01,1.29,1.5,3.06,1.51,2.6,4.16,3.68,3.87,5.9,,4.64,7.03,5.25,5.8,8.27,
2005-06-13,0.96,2.01,1.29,1.5,3.06,1.51,2.6,4.16,3.68,3.87,5.9,,4.64,7.03,5.25,5.8,8.27,
2005-06-14,1.01,2.13,4.12,1.55,3.08,4.3,2.6,4.2,2.76,3.87,6.04,4.75,4.64,7.05,,5.8,8.27,
2005-06-15,2.78,4.25,5.73,2.71,4.7,5.43,3.17,4.96,5.08,4.18,6.34,,5,7.41,,6.04,8.57,
2005-06-16,3.47,5.1,3.28,3.36,5.35,3.41,3.64,5.32,3.11,4.43,6.61,4.83,5.11,7.56,,6.13,8.67,
2005-06-17,2.22,3.71,2.27,2.57,4.31,2.14,3.18,4.78,3.54,4.27,6.36,6.75,4.98,7.34,,6.07,8.54,
2005-06-20,2.01,3.27,6.79,2.59,4.19,4.22,3.34,4.95,5.5,4.24,6.33,,4.93,7.3,,5.94,8.4,11.93
2005-06-21,4.03,5.71,5.64,3.83,5.9,4.95,3.92,5.71,4.94,4.54,6.7,,5.21,7.66,,6.19,8.73,
2005-06-22,3.72,5.46,5.12,3.74,5.69,5.33,3.77,5.73,3.89,4.45,6.64,,5.12,7.66,,6.07,8.6,8.39
2005-06-23,3.41,5.12,2.83,3.67,5.54,4.18,3.77,5.45,5.72,4.45,6.59,,5.12,7.59,,6.02,8.6,11.8
2005-06-24,2.01,3.51,2.59,3,4.79,2.41,3.53,5.33,3.2,4.4,6.53,4.75,5.04,7.43,9.9,6.08,8.58,
2005-06-27,2.36,3.84,7.76,3.02,4.92,5.85,3.47,5.5,5.77,4.27,6.33,,4.96,7.36,4.5,5.88,8.33,
2005-06-28,4.85,7.07,9.69,4.43,6.54,6.92,4.27,6.21,8,4.7,6.89,6,5.21,7.73,6.5,6.24,8.79,
2005-06-29,5.89,8.14,7.74,4.56,6.67,7.48,4.37,6.34,5.94,4.84,7.05,,5.51,7.98,,6.35,8.9,
2005-06-30,4.99,7.27,7.53,4.41,6.5,6.82,4.33,6.26,7,4.86,7.06,6.75,5.4,7.88,,6.46,9.02,
2005-07-01,4.41,6.46,3.5,3.7,5.72,3.35,3.97,5.87,4.06,4.59,6.91,,5.11,7.59,,6.02,8.62,13
2005-07-04,2.44,3.94,2.85,2.53,4.25,2.5,3.51,5.44,4.13,4.43,6.48,4.65,5.05,7.47,,5.96,8.52,
2005-07-05,1.64,3.1,1.89,2.23,4.19,2.4,3.33,5.19,3.54,4.36,6.55,5.5,4.96,7.34,,6.06,8.52,
2005-07-06,1.23,2.35,1.55,1.85,3.61,2,3.23,5,4.91,4.18,6.26,4.24,4.87,7.28,,5.99,8.45,
2005-07-07,1.07,2.15,1.53,1.63,3.52,1.56,3.05,4.99,4.9,4.13,6.39,4.23,4.86,7.25,7.5,5.97,8.41,
2005-07-08,1.11,2.18,4.02,1.72,3.32,2.8,3.04,4.94,3.96,4.21,6.28,3.86,4.9,7.27,,6.02,8.48,6
2005-07-11,2.26,3.98,6.08,2.3,4.2,5.64,3.28,5.32,4.56,4.23,6.43,,4.93,7.36,,6.06,8.59,
2005-07-12,3.2,5.04,2.91,3.03,5.12,3.63,3.48,5.5,3.55,4.36,6.7,6.35,5.07,7.5,,6.19,8.73,8.5
2005-07-13,1.9,3.43,1.7,2.3,4.25,3.11,3.43,5.17,4.03,4.26,6.31,,4.99,7.42,,6.17,8.67,
2005-07-14,1.44,2.72,1.95,2.04,4.12,3.82,3.25,5.18,4.5,4.13,6.41,5.22,4.89,7.3,5.75,5.99,8.45,
2005-07-15,1.61,2.97,3.17,2.07,4.3,2.83,3.33,5.32,3.15,4.16,6.38,5.36,4.86,7.33,4.5,6.02,8.48,
2005-07-18,2.07,3.51,2.62,2.56,4.4,4.28,3.51,5.32,,4.32,6.46,5.33,5.02,7.47,,6.12,8.59,
2005-07-19,1.96,3.32,2.6,2.47,4.5,4.56,3.48,5.34,2.75,4.26,6.42,,4.96,7.41,,6.06,8.52,
2005-07-20,2.26,3.72,6.03,2.86,4.87,5.31,3.74,5.64,5.5,4.23,6.42,5.5,4.92,7.27,7.25,6.02,8.45,
2005-07-21,3.6,5.37,7.1,3.59,5.69,6.52,4.03,5.97,5.76,4.46,6.81,5.79,5.12,7.59,,6.26,8.8,
2005-07-22,4.26,6.24,4.06,3.51,5.61,2.93,3.84,5.79,3.65,4.47,6.76,5.51,5.09,7.56,,6.16,8.9,
2005-07-25,2.56,4.27,5.09,2.97,4.85,5.73,3.4,5.61,5.42,4,6.28,,4.69,7.07,,5.74,8.02,
2005-07-26,3.5,5.22,3.67,3.5,5.51,4.81,3.71,5.72,3.41,4.28,6.66,6.11,4.95,7.48,,6.09,8.59,
2005-07-27,2.41,3.99,1.84,3.26,5.19,4.09,3.75,5.86,5.25,4.26,6.73,5.5,4.95,7.48,5,6.09,8.59,11.5
2005-07-28,1.67,2.99,3.11,2.51,4.55,3.8,3.26,5.12,3.58,4.12,6.52,4.1,4.84,7.38,,5.99,8.38,
2005-07-29,2.38,3.88,4.56,2.76,4.71,5.83,3.55,5.39,4.07,4.31,6.57,4,4.95,7.48,,6.09,8.59,
2005-08-01,3.17,4.86,2.3,2.91,4.91,2.62,3.58,5.48,3.82,4.29,6.45,,4.95,7.42,,6.09,8.5,
2005-08-02,1.7,3.04,2.08,2.29,4.04,2.2,3.09,4.97,2.48,4.18,6.33,3.77,4.86,7.31,,5.97,8.43,11.5
2005-08-03,1.03,2.18,1.8,1.73,3.37,1.93,3.04,4.85,3.53,4.15,6.36,4.23,4.87,7.33,,6.04,8.5,
2005-08-04,1,2.12,1.76,1.69,3.31,1.67,3.08,4.92,3.75,4.09,6.3,3.63,4.86,7.31,,6.04,8.5,11.88
2005-08-05,0.92,1.92,2.24,1.52,3.02,1.83,2.81,4.7,2.19,4.05,6.24,3.58,4.82,7.33,,5.96,8.43,
2005-08-08,1.12,2.21,2.38,1.69,3.24,3.75,2.87,4.82,3.53,4.03,6.21,,4.77,7.3,,5.94,8.39,12
2005-08-09,1.42,2.61,1.69,1.99,3.58,2.69,3.01,4.84,2.9,4.05,6.27,,4.8,7.34,5.75,5.97,8.46,
2005-08-10,1.08,2.21,1.26,1.81,3.41,2.07,3.03,4.74,3.98,4.03,6.23,,4.79,7.27,7,5.94,8.38,
2005-08-11,0.92,2.01,1.33,1.65,3.24,2.38,2.88,4.58,5,3.91,6.19,,4.74,7.3,,5.87,8.38,
2005-08-12,0.99,2.07,1.58,1.74,3.31,1.67,2.94,4.59,2.25,3.98,6.21,5.58,4.77,7.3,7.75,5.91,8.38,11.6
2005-08-15,1.18,2.26,1.91,1.78,3.32,2.85,2.96,4.65,2.51,3.99,6.12,6.75,4.76,7.23,5.69,5.91,8.34,
2005-08-16,1.25,2.41,1.39,1.88,3.51,2.33,2.95,4.71,3.45,4,6.13,5.65,4.76,7.23,,5.94,8.38,
2005-08-17,0.91,2.03,1.14,1.74,3.25,2.67,2.9,4.64,3.45,4.03,6.13,,4.76,7.28,4.75,5.87,8.39,4.51
2005-08-18,0.86,1.95,1.27,1.73,3.26,1.93,2.87,4.58,2.42,3.94,6.08,5.83,4.73,7.25,,5.81,8.32,
2005-08-19,0.94,2.02,2.45,1.67,3.24,2.39,2.84,4.6,3.74,3.91,6.07,4.2,4.7,7.22,,5.77,8.29,
2005-08-22,1.18,2.33,2.73,1.91,3.52,2.98,2.94,4.95,4.36,4.02,6.2,4.25,4.72,7.22,7,5.84,8.36,
2005-08-23,1.36,2.69,1.68,2.25,3.9,2.58,2.99,4.78,2.23,4.05,6.35,4.25,4.77,7.28,,5.89,8.39,
2005-08-24,1.21,2.37,1.69,1.98,3.67,2.61,2.95,4.71,3.9,3.96,6.16,,4.73,7.27,6.5,5.84,8.36,
2005-08-25,1.38,2.53,4.99,2.23,3.89,5.63,3.05,4.86,5.13,4.09,6.37,7,4.79,7.35,11,5.97,8.57,11.9
2005-08-26,2.86,4.5,5.07,2.51,4.3,4.77,3.11,4.8,4.95,4.16,6.38,4.57,4.82,7.42,,5.99,8.57,
2005-08-29,2.66,4.28,5.52,2.61,4.76,5.89,3.16,4.88,3.52,4.14,6.36,5.5,4.83,7.34,,5.97,8.5,8.8
2005-08-30,3.35,5.22,3.53,3.19,5.18,3.2,3.38,5.16,4.25,4.22,6.54,3.81,4.93,7.52,,6.04,8.64,
2005-08-31,2.67,4.25,5.26,2.78,4.78,3.51,3.21,5.02,3.79,4.15,6.56,,4.85,7.31,,5.97,8.5,
2005-09-01,3.27,4.74,1.34,2.7,4.64,1.7,3.18,4.98,2.77,4.08,6.49,4,4.8,7.27,4.25,5.94,8.46,
2005-09-02,1.36,2.61,1.08,1.86,3.47,1.28,2.82,4.54,5.22,3.91,6.27,,4.7,7.16,5.85,5.84,8.36,
2005-09-05,1.01,2.12,1.18,1.55,3.19,1.27,2.72,4.52,3.76,3.88,6.16,,4.67,7.13,,5.84,8.36,4.57
2005-09-06,1.04,2.05,1.12,1.51,3.11,1.44,2.69,4.43,3.88,3.81,6.04,,4.61,7.03,,5.74,8.21,
2005-09-07,1.02,2.06,1.24,1.47,3.02,1.57,2.66,4.43,4.9,3.81,6.01,4.25,4.63,7.11,,5.74,8.27,
2005-09-08,1.04,2.04,1.99,1.46,3.1,2.31,2.66,4.43,2.28,3.87,6.1,3.05,4.63,7.09,,5.74,8.23,
2005-09-09,1.4,2.54,2.54,1.53,3.14,2.15,2.72,4.36,3.4,3.83,5.99,,4.66,7.17,,5.79,8.32,
2005-09-12,1.44,2.65,1.29,1.71,3.36,1.57,2.84,4.6,3.68,3.96,6.2,3.5,4.71,7.19,,5.84,8.34,12
2005-09-13,1.04,2.11,1.3,1.53,3.17,1.35,2.79,4.51,4.39,3.85,6.09,,4.64,7.11,5.6,5.74,8.21,
2005-09-14,1.08,2.11,0.98,1.54,3.14,1.8,2.69,4.38,4.54,3.81,5.96,,4.63,7.11,8.14,5.76,8.23,
2005-09-15,0.9,1.88,0.93,1.4,2.99,3.5,2.67,4.34,3,3.83,5.93,4,4.61,7.02,4,5.67,8.14,
2005-09-16,0.69,1.66,1.02,1.28,2.81,1.11,2.61,4.28,4,3.77,5.85,4.35,4.57,6.97,,5.66,8.09,
2005-09-19,0.73,1.66,1.19,1.35,2.81,1.87,2.5,4.23,2.62,3.72,5.91,3.85,4.57,7,,5.66,8.13,
2005-09-20,0.86,1.87,1.08,1.48,3.06,2.03,2.54,4.25,2.68,3.77,5.96,4,4.61,7.11,,5.71,8.21,
2005-09-21,0.81,1.87,1.09,1.49,3.12,1.9,2.51,4.23,3.81,3.76,5.91,4,4.63,7.05,7.6,5.72,8.2,
2005-09-22,0.76,1.77,1.04,1.44,3,1.83,2.53,4.18,3.86,3.77,5.88,4.39,4.64,7.02,,5.71,8.11,
2005-09-23,0.8,1.79,1.53,1.4,2.98,1.67,2.54,4.57,3.51,3.78,6.02,,4.63,7.08,,5.72,8.16,
2005-09-26,0.96,2.04,1.05,1.62,3.06,2.17,2.63,4.31,2.76,3.83,5.96,4.48,4.73,7.17,,5.81,8.27,
2005-09-27,0.82,1.83,0.9,1.48,3.02,2.06,2.46,4.19,3.4,3.75,5.96,4.64,4.55,6.89,,5.67,8.11,
2005-09-28,0.78,1.75,2.01,1.48,2.99,2.07,2.45,4.18,4.78,3.75,5.95,,4.57,6.91,,5.69,8.11,
2005-09-29,1.22,2.25,1.72,1.61,3.13,2.27,2.45,4.18,3.5,3.72,5.93,4.95,4.63,7.13,3.5,5.69,8.11,
2005-09-30,1.18,2.31,2.61,1.63,3.23,2.18,2.43,4.13,3.66,3.75,5.99,4,4.66,7.19,,5.72,8.18,
2005-10-03,1.17,2.33,1.07,1.64,3.19,1.41,2.41,4.15,1.72,3.75,5.87,,4.55,7.05,,5.67,8.09,
2005-10-04,0.68,1.64,0.79,1.5,2.95,1.3,2.38,3.98,1.74,3.73,5.88,3,4.58,7.05,,5.62,8.07,
2005-10-05,0.55,1.47,0.75,1.26,2.68,1.7,2.31,3.98,2.51,3.69,5.83,2.82,4.53,6.99,,5.46,7.91,
2005-10-06,0.58,1.47,1.17,1.26,2.71,1.24,2.34,3.99,3.94,3.67,5.92,3.8,4.53,6.95,6.65,5.46,7.86,
2005-10-07,0.72,1.7,1.44,1.32,2.72,1.19,2.38,4,2.49,3.7,5.91,,4.62,7.12,,5.56,8.05,
2005-10-10,0.82,1.81,0.96,1.41,2.76,1.51,2.54,4.04,1.82,3.65,5.77,,4.58,6.96,,5.51,7.88,
2005-10-11,0.78,1.74,0.95,1.41,2.9,1.44,2.43,4.13,1.81,3.83,5.94,2.94,4.72,7.16,4,5.74,8.13,
2005-10-12,0.8,1.75,0.94,1.37,2.91,1.52,2.43,4.15,3.17,3.74,5.88,,4.63,7.04,3.75,5.59,8.02,
2005-10-13,0.69,1.66,0.9,1.36,2.82,1.46,2.42,4.1,2.55,3.69,5.73,5.5,4.61,6.92,,5.56,7.84,
2005-10-14,0.68,1.64,1.4,1.33,2.73,1.47,2.38,4.08,3.54,3.69,5.75,3.37,4.56,6.88,,5.57,7.88,
2005-10-17,0.95,1.99,1.52,1.48,2.96,2.25,2.55,4.18,3.63,3.77,5.81,,4.59,6.88,,5.57,7.84,
2005-10-18,0.86,1.93,1.04,1.52,3.11,1.94,2.55,4.25,2.77,3.78,5.9,3.9,4.59,6.96,6.5,5.62,7.91,5
2005-10-19,0.71,1.76,0.9,1.46,3.02,2.12,2.51,4.18,3,3.78,5.84,,4.6,6.88,,5.6,7.88,
2005-10-20,0.73,1.7,1.03,1.53,3.05,2.09,2.57,4.18,,3.72,5.79,3.75,4.56,6.88,,5.56,7.86,
2005-10-21,0.86,1.85,1.03,1.55,3.03,1.01,2.7,4.3,3.5,3.8,5.84,5.4,4.58,6.88,4.21,5.58,7.86,
2005-10-24,0.84,1.88,3.16,1.54,3.41,2.86,2.7,4.32,5.51,3.79,5.89,6.4,4.58,6.98,4.25,5.62,7.95,
2005-10-25,2.53,4.56,6.31,2.3,4.35,4.1,3.22,5.22,4.94,4.2,6.38,,4.81,7.42,,5.81,8.32,
2005-10-26,3.97,5.87,6.61,3.08,5.06,7.03,3.39,5.23,5.92,4.24,6.46,,4.94,7.48,13,5.84,8.29,
2005-10-27,4.39,6.21,7,3.6,5.46,5.33,3.63,5.42,5.75,4.44,6.73,6.5,5.12,7.67,,6.04,8.45,
2005-10-28,4.49,6.34,8.06,3.61,5.56,7.17,3.74,5.44,5.14,4.48,6.73,6.5,5.13,7.72,,6.06,8.59,11.5
2005-10-31,4.92,6.89,12.13,3.56,5.74,9.44,3.84,5.59,4.5,4.71,7.08,,5.3,7.94,8,6.06,8.66,
2005-11-01,6.84,9.42,5.03,4.23,6.7,4.6,4.23,6.16,4.4,4.98,7.53,,5.6,8.33,,6.44,9.13,
2005-11-02,3.51,5.54,2.32,3.06,5,2.04,3.56,5.38,2.63,4.33,6.73,,5.02,7.66,,5.87,8.34,
2005-11-03,1.83,3.19,3.36,2.03,3.8,2.88,3.16,4.82,3,4.11,6.42,7,4.88,7.52,,5.77,8.36,
2005-11-04,1.83,3.19,3.36,2.03,3.8,2.88,3.16,4.82,3,4.11,6.42,7,4.88,7.52,,5.77,8.36,
2005-11-07,2.07,3.53,4.01,2.19,3.96,2.78,3.03,4.73,3.6,4.03,6.4,4,4.83,7.44,,5.76,8.25,
2005-11-08,2.4,3.88,3.37,2.55,4.33,3.99,3.42,5.1,3.43,4.22,6.49,,4.96,7.52,,5.84,8.3,
2005-11-09,2.05,3.5,3.46,2.49,4.24,4.03,3.32,5.04,3.79,4.17,6.55,4.98,4.9,7.55,6.88,5.81,8.27,13
2005-11-10,2.13,3.6,4.36,2.51,4.29,4.67,3.36,5.09,4.4,4.2,6.47,,4.92,7.52,6,5.81,8.27,
2005-11-11,2.89,4.62,5.52,2.95,4.84,5.51,3.68,5.52,5.04,4.41,6.64,5.5,5.02,7.64,,5.96,8.41,
2005-11-14,3.58,5.24,6.19,3.34,5.32,4.94,4.11,5.97,6.12,4.67,6.89,5.55,5.23,7.8,7.5,6.06,8.48,
2005-11-15,4.13,5.78,7.32,3.93,5.77,7.2,4.45,6.18,7.03,4.82,6.97,,5.36,7.72,,6.26,8.52,
2005-11-16,4.62,6.46,6.81,4.33,6.2,7.03,4.57,6.36,7,4.93,7.19,7.95,5.45,7.89,,6.26,8.59,
2005-11-17,4.55,6.43,6.23,4.48,6.4,6.67,4.73,6.61,6.51,5.11,7.47,,5.61,8.05,,6.21,8.67,
2005-11-18,4.19,5.92,5.52,4.14,6.09,5.43,4.58,6.45,5.6,5,7.37,9.62,5.47,7.8,6.39,6.19,8.54,
2005-11-21,3.82,5.44,6.82,4.16,6.02,7.01,4.58,6.45,7.21,5.02,7.33,,5.49,7.98,,6.22,8.64,
2005-11-22,4.64,6.38,5.67,4.72,6.62,5.7,4.85,6.68,6.09,5.07,7.34,6.05,5.58,8,7,6.36,8.7,
2005-11-23,4.11,5.88,5.73,4.33,6.26,5.71,4.66,6.48,6.82,5.03,7.26,6.61,5.51,7.92,,6.31,8.68,
2005-11-24,4.29,5.97,6.33,4.4,6.29,7.24,4.67,6.42,6.73,5.01,7.26,,5.52,7.95,,6.31,8.68,
2005-11-25,4.53,6.27,6.5,4.39,6.31,6.1,4.66,6.53,5.93,5.03,7.23,8,5.52,7.92,,6.31,8.63,
2005-11-28,4.69,6.44,8.2,4.67,6.58,6.57,4.67,6.48,6.73,5.06,7.29,7.61,5.59,7.98,,6.29,8.63,7
2005-11-29,5.55,7.54,9.19,4.91,7.03,10.41,4.78,6.6,9.09,5.09,7.38,,5.61,8.08,,6.34,8.75,
2005-11-30,6.07,8.37,8.5,5.23,7.39,11,4.98,6.77,,5.34,7.53,,5.78,8.17,,6.41,8.75,
2005-12-01,5.16,7.32,5.61,4.88,6.9,6.06,4.83,6.73,8.5,5.22,7.45,6.58,5.72,8.17,,6.34,8.77,
2005-12-02,4.07,6.08,4.31,4.38,6.38,4.49,4.67,6.49,,4.96,7.2,7.8,5.46,7.97,,6.24,8.66,
2005-12-05,3.36,5.18,3.58,3.88,5.81,3.48,4.45,6.29,,4.88,7.09,,5.43,7.88,,6.14,8.48,
2005-12-06,2.96,4.55,5.6,3.79,5.75,5.15,4.49,6.29,5.5,4.92,7.13,9.25,5.39,7.83,,6.16,8.5,
2005-12-07,3.98,5.56,5.38,4.3,6.3,5.63,4.75,6.57,8.18,5.02,7.27,7,5.53,7.98,,6.27,8.7,
2005-12-08,3.8,5.49,3.91,4.21,6.32,4.66,4.67,6.72,3.91,5.05,7.33,,5.55,8.06,,6.31,8.73,
2005-12-09,3.03,4.65,3.51,3.93,5.71,3.58,4.65,6.38,4.81,5.05,7.22,7.41,5.56,7.84,,6.27,8.59,
2005-12-12,2.69,4.24,4.1,3.62,5.43,4.73,4.56,6.37,4.51,4.98,7.2,6.76,5.51,7.88,,6.17,8.52,
2005-12-13,3.19,4.81,4.4,3.81,5.8,3.85,4.6,6.39,4.51,5.21,7.23,,5.66,7.89,6,6.15,8.59,
2005-12-14,3.38,4.96,6.1,3.9,5.81,5.98,4.66,6.41,6.69,5.08,7.25,6.41,5.62,7.98,8.33,6.31,8.64,
2005-12-15,4.14,5.81,5.17,4.25,6.15,6.02,4.79,6.52,5.58,5.21,7.42,6.7,5.74,8.09,,6.44,8.8,
2005-12-16,3.99,5.66,4.46,4.19,6.24,3.82,4.97,6.73,4.56,5.09,7.34,6.6,5.64,8.05,,6.31,8.73,
2005-12-19,3.4,4.95,4.1,4.02,5.83,4.59,4.63,6.38,4.47,4.96,7.19,8.45,5.55,7.92,,6.26,8.64,
2005-12-20,3.46,4.99,5.69,4.01,6,5.6,4.79,6.57,5.53,5.17,7.41,7.07,5.65,8.09,,6.39,8.68,
2005-12-21,4.08,5.63,4.85,4.29,6.27,4.56,4.84,6.69,4.7,5.14,7.41,9,5.65,8.13,,6.39,8.71,
2005-12-22,3.84,5.38,3.73,4.31,6.25,4.4,4.94,6.67,8.7,5.18,7.34,6.35,5.65,8,6.75,6.36,8.64,
2005-12-23,2.93,4.43,3.39,3.68,5.63,3.32,4.68,6.44,9,5.03,7.25,,5.56,7.94,,6.26,8.54,9
2005-12-26,3.25,4.95,6.9,4.06,6.12,6.57,4.93,6.72,5.96,5.2,7.41,6.5,5.62,8.06,,6.39,8.75,
2005-12-27,4.59,6.26,4.59,4.75,6.7,5.49,5.1,6.97,5.04,5.27,7.48,6.84,5.73,8.08,,6.44,8.75,
2005-12-28,3.78,5.48,4.29,4.49,6.47,4.35,5.01,7,6.09,5.21,7.44,8.5,5.67,8.08,9.28,6.37,8.75,
2005-12-29,3.48,5.17,4.98,4.4,6.44,,4.85,6.76,6.08,5.05,7.2,,5.49,7.85,,6.24,8.61,
2005-12-30,3.82,5.42,4.25,4.5,6.4,8.5,5.02,6.82,4.43,5.17,7.33,,5.55,7.89,,6.22,8.52,
2006-01-02,3.82,5.42,4.25,4.5,6.4,8.5,5.02,6.82,4.43,5.17,7.33,,5.55,7.89,,6.22,8.52,
2006-01-03,3.82,5.42,4.25,4.5,6.4,8.5,5.02,6.82,4.43,5.17,7.33,,5.55,7.89,,6.22,8.52,
2006-01-04,3.82,5.42,4.25,4.5,6.4,8.5,5.02,6.82,4.43,5.17,7.33,,5.55,7.89,,6.22,8.52,
2006-01-05,3.82,5.42,4.25,4.5,6.4,8.5,5.02,6.82,4.43,5.17,7.33,,5.55,7.89,,6.22,8.52,
2006-01-06,3.82,5.42,4.25,4.5,6.4,8.5,5.02,6.82,4.43,5.17,7.33,,5.55,7.89,,6.22,8.52,
2006-01-09,3.82,5.42,4.25,4.5,6.4,8.5,5.02,6.82,4.43,5.17,7.33,,5.55,7.89,,6.22,8.52,
2006-01-10,3.32,4.97,2.66,3.96,5.89,4.42,4.77,6.46,3.47,4.93,7.15,,5.46,7.88,,6.13,8.52,
2006-01-11,2.12,3.49,1.39,2.9,4.81,1.8,3.73,5.66,3.13,4.66,6.88,7,5.27,7.65,8,6.06,8.34,
2006-01-12,1.19,2.35,1.02,2.27,3.96,1.93,3.4,5.23,3.36,4.55,6.74,4.67,5.22,7.53,,5.99,8.2,7
2006-01-13,0.87,1.94,1.03,1.78,3.37,1.03,3.05,4.79,,4.26,6.35,6,5.09,7.24,5,5.91,7.98,
2006-01-16,0.81,1.62,0.87,1.67,3.01,0.99,2.84,4.53,1,4.2,6.15,,5.01,7.2,,5.94,8.04,
2006-01-17,0.78,1.62,1,1.65,3.07,1.65,2.73,4.43,1.73,4.13,6.09,,4.99,7.16,,5.91,8,
2006-01-18,0.79,1.59,0.97,1.64,3.07,1.63,2.86,4.5,2.16,4.18,6.13,,5.02,7.19,,5.92,8.02,
2006-01-19,0.81,1.55,0.93,1.62,3.02,1.77,2.75,4.38,1.56,4.18,6.13,3.5,4.98,7.19,,5.94,8.02,
2006-01-20,0.82,1.6,1.42,1.61,3.02,1.29,2.75,4.41,1.4,4.15,6.12,,5.01,7.17,,5.86,8.02,
2006-01-23,0.97,1.83,0.9,1.74,3.11,1.47,2.89,4.57,1.77,4.27,6.21,4.25,5.06,7.3,,5.97,8.09,
2006-01-24,0.86,1.7,0.78,1.69,3.1,1.44,2.85,4.5,1.95,4.15,6.09,4.75,4.98,7.22,6.9,5.87,7.98,
2006-01-25,0.88,1.75,3.48,1.63,3.03,3.58,2.77,4.38,2.83,4.14,6.08,,4.96,7.19,,5.86,7.96,
2006-01-26,2.4,4.13,6.42,2.65,4.43,4.15,3.13,4.97,4.49,4.22,6.27,13,5.05,7.3,,5.96,8.11,
2006-01-27,4.14,5.89,6.82,3.68,5.31,6.57,3.84,5.54,5.97,4.45,6.52,6.23,5.24,7.48,,6.14,8.34,
2006-01-30,4.16,5.81,8.25,4.03,5.79,9.04,4.11,5.78,7.75,4.62,6.58,8.75,5.36,7.55,,6.31,8.38,
2006-01-31,5.14,7.16,8.86,4.26,6.21,7.46,4,5.87,13,4.68,6.92,9.25,5.35,7.75,,6.22,8.52,
2006-02-01,4.59,6.67,2.73,3.68,5.74,3.4,3.77,5.64,3.36,4.57,6.8,,5.24,7.63,5.4,6.17,8.38,
2006-02-02,1.89,3.26,1.46,2.44,4.12,2.1,3.25,5.07,3.23,4.31,6.49,,5.03,7.38,,5.99,8.11,
2006-02-03,1.28,2.47,2.81,1.86,3.44,2.24,2.95,4.72,,4.18,6.31,,4.98,7.22,,5.91,7.95,
2006-02-06,1.79,3.29,4.77,2.25,3.96,4.81,3.18,4.97,,4.37,6.5,,5.13,7.44,5.5,6.06,8.18,
2006-02-07,2.85,4.41,4.88,2.83,4.58,4.84,3.36,5.16,5.11,4.38,6.52,,5.18,7.44,,6.11,8.16,
2006-02-08,3.12,4.69,3.45,3,4.79,3.16,3.5,5.32,4.32,4.49,6.67,5.07,5.21,7.55,,6.12,8.27,
2006-02-09,2.39,3.88,1.41,2.61,4.38,1.52,3.41,5.18,5.64,4.39,6.58,,5.2,7.5,,6.12,8.23,
2006-02-10,1.34,2.34,0.96,1.87,3.51,0.82,2.89,4.64,3.06,4.17,6.19,5.5,4.99,7.18,,5.95,7.94,5.25
2006-02-13,1.16,2.2,1.14,1.77,3.34,1.03,2.82,4.57,3.07,4.08,6.16,,4.96,7.25,,5.87,7.96,
2006-02-14,0.97,1.83,0.83,1.54,3.14,1.13,2.72,4.42,3.35,4.16,6.19,4.84,4.99,7.2,,5.89,7.95,
2006-02-15,0.8,1.75,0.88,1.54,3.02,1.73,2.72,4.46,3.05,4.13,6.19,,4.96,7.19,,5.87,7.96,
2006-02-16,0.76,1.74,1.11,1.62,3.17,1.5,2.74,4.4,3.45,4.17,6.23,4.3,4.95,7.17,,5.87,7.96,
2006-02-17,0.86,1.93,1.21,1.53,3.02,1.41,2.77,4.46,,4.18,6.2,,4.92,7.09,,5.87,7.93,
2006-02-20,1.22,2.14,3.13,1.51,3.15,3.18,2.79,4.04,3.55,3.96,5.5,,4.61,6.57,13,5.63,7.92,
2006-02-21,1.91,3.26,2.98,2.52,4.16,3.8,3.19,4.9,3.87,4.28,6.39,,5.04,7.31,10.5,6.01,8.14,
2006-02-22,2.01,3.41,3.76,2.61,4.22,3.03,3.17,4.86,3.6,4.32,6.36,,5.04,7.27,,6.01,8.11,6
2006-02-23,2.01,3.41,3.76,2.61,4.22,3.03,3.17,4.86,3.6,4.32,6.36,,5.04,7.27,,6.01,8.11,6
2006-02-24,2.01,3.41,3.76,2.61,4.22,3.03,3.17,4.86,3.6,4.32,6.36,,5.04,7.27,,6.01,8.11,6
2006-02-27,3.15,4.55,4.69,3.01,4.67,4.93,3.46,4.94,4.6,4.4,6.42,13,5.12,7.34,,6.15,8.19,
2006-02-28,3.23,4.74,6.31,3.16,4.81,5.54,3.56,5.05,6.08,4.46,6.5,,5.15,7.4,,6.19,8.23,
2006-03-01,3.61,5.21,2.78,2.93,4.6,2.75,3.5,5.04,3.18,4.43,6.48,,5.12,7.42,6,6.19,8.31,
2006-03-02,1.85,3.28,2.33,2.39,4.1,2.69,3.25,4.78,2.46,4.34,6.37,4.92,5.01,7.27,,6.06,8.13,
2006-03-03,1.85,3.19,2.37,2.31,3.91,1.78,3.25,4.72,2.16,4.2,6.17,5.16,4.96,7.19,,6.01,8.04,5.5
2006-03-06,1.74,3.06,1.73,2.28,3.71,1.93,3.21,4.69,1.99,4.24,6.22,5.5,5,7.22,6,6.04,8.08,
2006-03-07,1.49,2.76,1.73,2.29,3.87,1.35,3.21,4.72,1.85,4.27,6.28,,4.96,7.17,,5.98,8.01,
2006-03-08,1.49,2.76,1.73,2.29,3.87,1.35,3.21,4.72,1.85,4.27,6.28,,4.96,7.17,,5.98,8.01,
2006-03-09,1.29,2.56,1.18,2.07,3.45,2.39,3.21,4.69,2.12,4.24,6.22,,4.98,7.21,4.25,6.01,8.08,
2006-03-10,1.17,2.38,1.28,2.14,3.68,1.02,3.21,4.69,2.41,4.27,6.25,3.85,4.98,7.17,9.25,6.08,8.12,
2006-03-13,1.13,2.33,1.04,1.91,3.32,1.68,3.03,4.58,4.16,4.01,6.03,,4.85,7.07,,5.9,8.04,
2006-03-14,1.03,2.14,0.93,1.95,3.54,1.22,3,4.51,3,4.01,6.03,,4.91,7.09,,5.91,8.01,
2006-03-15,1,2.09,0.83,1.95,3.51,2.55,2.89,4.39,2.86,4.01,6.07,,4.85,7.07,4.58,5.9,8.04,
2006-03-16,0.94,2.04,1.14,1.93,3.5,3.06,2.88,4.43,3.75,3.93,6,4.5,4.87,7.1,,5.9,8.06,
2006-03-17,1.05,2.17,1.29,1.92,3.43,1.11,3.07,4.61,3.04,4.1,6.17,4.75,4.86,7.07,,5.9,8.04,
2006-03-20,1.11,2.34,2.06,1.99,3.35,2.53,3.1,4.67,3.57,4.05,6.13,2.5,4.87,7.07,,5.9,8.04,
2006-03-21,1.42,2.64,2.23,2.24,3.8,2.39,3.34,4.83,3.14,4.17,6.14,6.74,4.98,7.15,,6.08,8.17,
2006-03-22,1.56,2.79,2.44,2.32,3.86,2.96,3.3,4.78,3.61,4.24,6.18,2.75,5.06,7.2,,6.11,8.17,
2006-03-23,1.73,3.03,2.55,2.53,4,3.7,3.48,4.93,3.38,4.33,6.36,4.32,5.1,7.32,11.5,6.15,8.29,
2006-03-24,1.93,3.26,3.84,2.9,4.44,3.37,3.52,4.95,2.88,4.35,6.38,4.85,5.1,7.34,,6.17,8.31,
2006-03-27,2.55,4.04,6.27,3.17,4.69,6.27,3.62,5.1,5.61,4.42,6.5,5.84,5.18,7.4,,6.26,8.44,
2006-03-28,4.38,5.98,7.77,4.2,5.9,6.44,4.2,5.75,6.51,4.73,6.89,7.5,5.41,7.57,,6.45,8.58,
2006-03-29,5.26,7.04,8.6,4.72,6.53,8.33,4.43,6.06,7.58,4.87,7.03,10,5.59,7.8,11.5,6.6,8.88,
2006-03-30,5.94,7.98,6.19,5.22,7.1,6.09,4.65,6.34,5.94,5.01,7.15,6.21,5.63,7.88,11.5,6.6,8.81,11.5
2006-03-31,4.54,6.38,6,4.58,6.3,5.93,4.4,6.07,5.35,4.94,6.97,6.7,5.51,7.72,,6.44,8.67,
2006-04-03,3.54,5.12,3.01,3.49,5.15,3.21,3.88,5.5,3.44,4.72,6.71,3.25,5.3,7.42,,6.24,8.35,
2006-04-04,2.56,3.96,2.82,2.99,4.65,2.74,3.74,5.33,3.43,4.66,6.6,3.35,5.26,7.38,5.86,6.22,8.37,
2006-04-05,2.08,3.54,2.37,2.74,4.41,2.76,3.61,5.19,3.14,4.65,6.62,4.71,5.24,7.37,6.63,6.15,8.26,
2006-04-06,1.88,3.28,3.41,2.69,4.35,2.91,3.59,5.16,3.11,4.57,6.57,4.5,5.23,7.42,,6.15,8.33,
2006-04-07,2.53,4.24,4.45,3,4.55,4.78,3.79,5.36,5.25,4.68,6.65,5.25,5.24,7.45,,6.19,8.37,
2006-04-10,3.1,4.78,3.58,3.31,5.07,4.62,3.9,5.47,4.06,4.66,6.65,5.19,5.24,7.45,,6.26,8.44,
2006-04-11,2.61,4.2,2.87,3.16,4.87,3.45,3.76,5.29,3.31,4.66,6.59,3.5,5.21,7.37,,6.15,8.29,
2006-04-12,2.2,3.7,2.12,2.99,4.67,2.77,3.78,5.31,4.85,4.65,6.62,4.49,5.21,7.42,5.5,6.15,8.33,
2006-04-13,1.61,2.84,2.21,2.74,4.44,2.5,3.6,5.19,2.48,4.58,6.55,3.55,5.15,7.33,,6.01,8.25,
2006-04-14,1.66,2.86,3.35,2.62,4.22,3.56,3.54,5.11,3.47,4.58,6.54,4.14,5.23,7.42,,6.1,8.35,
2006-04-17,2.11,3.49,2.32,2.84,4.56,3.08,3.71,5.28,4.18,4.62,6.6,3,5.21,7.4,,6.11,8.37,
2006-04-18,1.68,2.96,1.85,2.82,4.49,2.14,3.51,5.06,3.42,4.57,6.53,3.03,5.16,7.35,,6.04,8.33,
2006-04-19,1.46,2.68,2.02,2.72,4.4,3.22,3.48,4.99,2.84,4.51,6.43,2.5,5.12,7.28,,6.01,8.25,
2006-04-20,1.62,2.85,4.62,2.87,4.56,4.44,3.55,5.12,4.42,4.57,6.57,5.33,5.18,7.42,6.95,6.08,8.4,
2006-04-21,3.11,4.46,5.45,3.31,4.86,5.37,3.87,5.3,5.1,4.75,6.62,6.5,5.33,7.48,,6.37,8.58,
2006-04-24,3.27,4.79,3.23,3.74,5.47,4.34,3.91,5.39,4.79,4.68,6.58,4.5,5.24,7.4,8.57,6.13,8.38,
2006-04-25,2.77,4.11,5.04,3.65,5.31,5.05,3.79,5.29,5.2,4.58,6.52,6,5.15,7.32,6.4,6.04,8.29,
2006-04-26,3.32,4.83,3.73,3.83,5.52,5.98,3.9,5.44,4.38,4.69,6.67,5,5.26,7.47,5.21,6.15,8.44,
2006-04-27,2.75,4.12,3.69,3.6,5.29,5.19,3.8,5.34,3.92,4.65,6.62,4,5.08,7.3,5.08,6.13,8.42,9.5
2006-04-28,2.92,4.31,7.4,3.65,5.31,6.81,3.95,5.43,6.74,4.69,6.6,4.75,5.27,7.42,6.5,6.17,8.38,
2006-05-01,2.92,4.31,7.4,3.65,5.31,6.81,3.95,5.43,6.74,4.69,6.6,4.75,5.27,7.42,6.5,6.17,8.38,
2006-05-02,3.88,5.49,2.53,3.65,5.26,3.12,4.01,5.51,3.2,4.8,6.74,,5.41,7.62,,6.29,8.56,
2006-05-03,2.1,3.52,2.04,2.76,4.37,2.93,3.6,5.04,3.12,4.47,6.33,,5.12,7.28,5,6.04,8.29,
2006-05-04,1.45,2.78,1.9,2.54,4.12,2.55,3.34,4.72,2.78,4.43,6.26,,5.1,7.23,,6.01,8.21,
2006-05-05,1.3,2.55,2.39,2.26,3.84,2.48,3.35,4.82,2.48,4.45,6.28,3.52,5.08,7.27,,5.99,8.23,
2006-05-08,1.49,2.74,1.89,2.3,3.79,1.73,3.4,4.88,2.92,4.39,6.24,,5.07,7.23,,5.95,8.19,
2006-05-09,1.49,2.74,1.89,2.3,3.79,1.73,3.4,4.88,2.92,4.39,6.24,,5.07,7.23,,5.95,8.19,
2006-05-10,1.36,2.6,1.93,2.18,3.64,2.36,3.36,4.84,2.2,4.37,6.18,4.37,5.08,7.24,,6,8.24,
2006-05-11,1.34,2.48,1.65,2.19,3.7,2.12,3.33,4.8,2.12,4.29,6.04,4.66,5.07,7.23,,5.95,8.19,
2006-05-12,1.27,2.45,1.72,2.01,3.47,1.39,3.12,4.57,3.17,4.08,5.94,4.82,4.93,7.13,7.2,5.94,8.17,
2006-05-15,1.29,2.48,2.15,1.96,3.38,2.68,3.07,4.52,3.06,4.13,5.97,,4.98,7.13,4,5.94,8.17,
2006-05-16,1.3,2.47,2.39,2.05,3.57,3.06,3.11,4.5,3.46,4.1,5.93,4.46,4.97,7.16,4.25,5.94,8.17,
2006-05-17,1.42,2.67,1.64,2.15,3.74,2.93,3.22,4.67,3.39,4.19,5.93,,4.99,7.17,,5.95,8.19,
2006-05-18,1.25,2.49,1.58,2.09,3.66,2.69,3.14,4.58,3.23,4.2,6.04,,4.99,7.17,,5.97,8.21,
2006-05-19,1.27,2.49,1.96,2.08,3.58,1.64,3.23,4.68,2.62,4.14,5.98,,4.92,7.07,,5.92,8.19,
2006-05-22,1.34,2.6,2.47,2.15,3.62,3.23,3.33,4.81,3.3,4.31,6.15,4.75,5.06,7.22,,6.06,8.27,
2006-05-23,1.53,2.88,2.2,2.43,4,2.91,3.39,4.88,2.83,4.31,6.15,4.15,5.06,7.23,11.5,6,8.24,
2006-05-24,1.57,2.84,2.71,2.53,4.09,3.84,3.54,5,3.08,4.31,6.05,5.25,5.07,7.25,4.83,6.04,8.29,
2006-05-25,1.93,3.28,5.48,2.72,4.23,4.66,3.55,4.92,4.62,4.2,5.94,,4.88,6.88,,5.81,7.85,
2006-05-26,3.6,5.28,2.86,3.53,5.23,2.03,4.03,5.58,2.25,4.63,6.59,3.5,5.29,7.5,,6.22,8.52,11.5
2006-05-29,1.77,3.17,2.09,2.61,4.12,2.73,3.55,5.07,2.49,4.43,6.35,3,5.13,7.3,,6.08,8.33,
2006-05-30,1.37,2.76,1.43,2.26,3.89,2.57,3.21,4.62,4.83,4.25,6.16,3.24,4.93,7.08,,5.95,8.19,11.5
2006-05-31,1.05,2.33,1.45,2.09,3.65,2.4,2.99,4.41,4,4.09,5.98,2.25,4.85,7,,5.92,8.15,
2006-06-01,0.97,2.27,1.24,1.91,3.53,3.23,2.98,4.38,4.13,4.15,6.05,2.22,4.88,7,,5.9,8.13,
2006-06-02,0.8,2.1,1.17,1.76,3.28,0.83,2.81,4.25,5.7,4.11,6.01,1.75,4.88,6.97,,5.9,8.1,
2006-06-05,0.82,2.16,0.93,1.62,3.04,3.75,3.02,4.41,2.54,4.15,6.05,1.75,5.01,7.23,4.5,6.01,8.31,
2006-06-06,0.76,1.92,1.19,1.74,3.15,2.74,2.86,4.15,4,4.13,5.93,1.5,4.95,7.05,,5.92,8.12,
2006-06-07,0.93,1.97,1.32,1.72,3.26,1.23,2.82,4.21,1.34,4.11,5.94,2,4.91,7.07,,5.88,8.08,
2006-06-08,0.8,2.02,1.59,1.67,3.18,2.07,2.66,4.14,1.17,4.05,5.98,5.23,4.81,6.97,,5.85,8.12,7.79
2006-06-09,0.95,2.2,1.93,1.66,3.11,1.82,2.72,4.2,2.28,4.1,6.04,3.34,4.87,7.03,,5.88,8.11,
2006-06-12,0.95,2.2,1.93,1.66,3.11,1.82,2.72,4.2,2.28,4.1,6.04,3.34,4.87,7.03,,5.88,8.11,
2006-06-13,1.11,2.45,1.58,1.73,3.2,2.5,2.73,4.15,3.02,4.08,5.96,3.47,4.96,7.15,,5.85,8.15,
2006-06-14,1.12,2.3,1.57,1.82,3.29,1.9,2.85,4.29,3.55,4.14,6.01,6.25,4.95,7.12,4.29,5.92,8.15,
2006-06-15,1.12,2.34,1.55,1.78,3.27,1.76,2.73,4.17,5.24,4.13,5.99,3.67,4.98,7.13,,5.92,8.15,
2006-06-16,1.12,2.32,2.01,1.76,3.27,1.91,2.83,4.27,4.55,4.22,6,4,5.04,7.2,11.43,5.92,8.15,
2006-06-19,1.2,2.47,2.56,1.79,3.2,2.85,2.83,4.26,2.26,4.14,6,2.5,4.99,7.15,,5.94,8.17,
2006-06-20,1.62,2.91,3.62,2.01,3.5,3.73,2.95,4.35,3.92,4.24,6.1,5,5.07,7.23,,6.04,8.29,
2006-06-21,2.12,3.67,1.93,2.47,4.03,2.71,3.25,4.69,2.23,4.34,6.28,3,5.13,7.37,,6.11,8.44,
2006-06-22,1.39,2.66,1.86,2,3.5,2.15,2.95,4.36,3.61,4.19,6.05,3.14,4.99,7.15,,5.95,8.19,
2006-06-23,1.28,2.54,2.23,2.02,3.46,2.37,3.01,4.4,3.51,4.24,6.1,4.01,5.02,7.18,,6.02,8.27,
2006-06-26,1.72,3.08,5.34,2.18,3.63,4.41,3.13,4.5,4.09,4.24,6.09,5.5,5.05,7.22,11.5,5.97,8.21,
2006-06-27,3.75,5.25,5.39,3.11,4.78,5.09,3.37,5.04,4.83,4.4,6.38,,5.1,7.32,11.5,6.15,8.4,
2006-06-28,3.9,5.29,5.95,3.32,4.96,5.83,3.51,5.18,5.92,4.5,6.41,,5.23,7.45,9.5,6.26,8.48,
2006-06-29,4.13,5.48,5.73,3.49,5.07,5.2,3.57,5.23,5.69,4.55,6.44,4.5,5.27,7.49,,6.27,8.5,
2006-06-30,4.03,5.34,5.75,3.71,5.22,4.9,3.67,5.28,5.75,4.54,6.42,,5.3,7.52,,6.31,8.56,
2006-07-03,3.39,4.84,1.82,3.3,5.01,2.31,3.64,5.19,3.22,4.52,6.37,4.35,5.31,7.5,11.5,6.33,8.54,
2006-07-04,1.28,2.67,1.61,2.31,3.84,2.19,2.92,4.54,2.61,4.12,6.05,,5.04,7.29,,6.05,8.4,
2006-07-05,1.15,2.3,1.62,2.06,3.4,2.36,2.98,4.49,2.4,4.12,5.89,6,4.98,7.06,,5.92,8.01,
2006-07-06,1.05,2.21,1.73,1.94,3.32,2.12,2.95,4.49,3.94,4.1,5.93,4.22,5.01,7.14,,5.99,8.13,
2006-07-07,1.1,2.24,2.43,1.94,3.34,2.28,2.95,4.47,2.43,4.13,6.01,4,5.04,7.22,7,6.01,8.23,
2006-07-10,1.37,2.63,2.31,2.1,3.48,2.55,3.07,4.52,2.31,4.13,5.98,,5.02,7.22,11.5,6.01,8.25,
2006-07-11,1.42,2.58,1.89,2.12,3.53,2.47,3.03,4.47,3.26,4.14,5.99,6.83,5.07,7.27,5.57,6.06,8.31,
2006-07-12,1.32,2.45,2.02,2.12,3.49,3.76,3.06,4.49,2.85,4.13,5.98,4.08,5.04,7.22,4.96,6.01,8.25,
2006-07-13,1.38,2.49,2.44,2.07,3.5,2.89,3.09,4.56,3.42,4.1,5.98,4.7,5.02,7.25,11.5,6.01,8.29,
2006-07-14,1.56,2.74,2.63,2.23,3.59,2.83,3.13,4.56,3.56,4.16,6.01,4,5.05,7.25,,6.13,8.38,
2006-07-17,1.64,2.91,1.96,2.26,3.65,3.34,3.11,4.56,4.21,4.14,6.01,3.65,5.04,7.22,,6.01,8.25,
2006-07-18,1.32,2.48,1.34,2.12,3.68,2.49,2.98,4.43,1.94,4.13,5.98,3.78,5.07,7.25,,6.06,8.31,
2006-07-19,0.88,2.01,1.25,1.86,3.27,2.38,2.98,4.42,2.66,4.05,5.84,3.58,5.02,7.18,,5.99,8.23,
2006-07-20,0.77,1.96,1.44,1.81,3.26,1.82,2.73,4.21,1.96,4.05,5.91,3.75,4.98,7.15,,5.94,8.17,
2006-07-21,0.74,1.89,1.62,1.68,3.13,1.38,2.72,4.16,4.16,3.98,5.82,5,4.96,7.12,,5.95,8.19,
2006-07-24,0.8,1.95,1.37,1.66,3.09,1.94,2.87,4.28,4,4.04,5.8,4.55,4.95,7.05,,5.99,8.15,
2006-07-25,0.89,1.98,1.58,1.75,3.26,2.09,2.74,4.19,3.75,3.99,5.83,,4.96,7.12,,5.99,8.23,10
2006-07-26,1.03,2.2,1.93,1.84,3.31,2.08,2.79,4.24,4,4.07,5.89,,5.07,7.2,5.04,6.17,8.38,
2006-07-27,1.16,2.33,2.16,1.89,3.23,2.69,2.83,4.25,4.12,4.09,5.9,4.41,4.96,7.02,5.13,6.08,8.29,
2006-07-28,1.36,2.69,3.05,1.94,3.37,2.49,2.95,4.46,5.38,4.11,6.05,,5.07,7.38,,6.16,8.56,
2006-07-31,1.79,3.12,5.49,1.99,3.58,5.99,2.99,4.47,3.75,4.18,6.09,5.41,5.11,7.38,9.68,6.16,8.52,
2006-08-01,3.09,4.45,2.1,2.33,3.83,2.38,3.22,4.66,3.3,4.34,6.21,3.11,5.27,7.47,,6.22,8.39,
2006-08-02,1.56,2.79,2.47,2,3.37,2.47,2.88,4.33,2.33,4.04,5.88,2.96,4.99,7.17,,5.92,8.07,
2006-08-03,1.49,2.64,2.29,2.04,3.4,2.73,2.88,4.32,2.11,4.04,5.89,4.01,4.96,7.13,,5.96,8.11,
2006-08-04,1.61,2.83,3.1,2.01,3.41,2.88,2.86,4.31,2.55,4.02,5.86,4.25,4.95,7.12,,5.91,8.05,
2006-08-07,1.98,3.24,3.36,2.25,3.58,3.34,2.91,4.34,3.16,4.06,5.89,3.48,5.04,7.17,,5.96,8.08,
2006-08-08,2.22,3.47,2.79,2.46,3.86,3.28,2.99,4.51,3.32,4.22,5.96,,5.04,7.22,,5.97,8.13,9.35
2006-08-09,1.94,3.14,2.72,2.41,3.77,3.07,3.17,4.58,2.73,4.12,5.94,5,5.07,7.2,,5.92,8.11,
2006-08-10,1.85,3.04,2.61,2.41,3.75,2.76,3.19,4.54,3.39,4.14,5.95,3.22,5.12,7.2,4.63,5.94,8.09,
2006-08-11,1.83,3.02,2.32,2.3,3.7,1.82,3.24,4.61,3.68,4.21,6.02,4.5,5.09,7.06,,5.96,8.11,
2006-08-14,1.22,2.35,1.82,2.1,3.29,2.44,2.97,4.3,2.98,4.01,5.79,3,5.04,7.08,,5.91,8.02,
2006-08-15,0.97,2.13,1.95,2.08,3.46,2.56,2.8,4.13,4.27,3.87,5.67,5,4.96,7.03,,5.84,7.98,
2006-08-16,0.97,2.12,1.81,2.06,3.44,3.19,2.94,4.25,1.95,3.88,5.65,3.1,4.96,7.02,5.07,5.82,7.95,
2006-08-17,0.97,2.12,1.78,2.06,3.39,3.13,2.9,4.22,1.61,4.04,5.72,3.11,5.1,7.03,5.5,5.76,7.8,
2006-08-18,0.99,2.18,1.93,1.98,3.34,1.8,2.81,4.18,4.02,3.92,5.67,3.67,4.93,6.94,,5.76,7.83,
2006-08-21,0.99,2.22,1.49,1.89,3.4,2.43,2.87,4.26,2.66,3.88,5.68,3,4.9,6.97,4.15,5.81,7.84,
2006-08-22,1.05,2.15,1.59,2.02,3.42,2.58,2.82,4.18,2.43,3.91,5.72,,4.96,7.03,11.74,5.84,8,
2006-08-23,0.96,2.16,1.69,1.87,3.38,2.3,2.73,4.17,2.1,3.89,5.67,,4.86,6.81,,5.72,7.78,3.35
2006-08-24,0.95,2.1,2.33,1.91,3.35,3.05,2.76,4.13,5.03,3.91,5.63,2.75,4.93,6.91,,5.76,7.78,
2006-08-25,1.4,2.6,3.25,2.08,3.51,3.01,2.94,4.36,3.68,3.89,5.68,4.8,4.83,6.77,,5.66,7.7,
2006-08-28,1.6,2.94,2.59,2.27,3.61,3.16,2.9,4.26,3.08,3.98,5.69,6.49,4.92,6.89,,5.82,7.89,
2006-08-29,1.5,2.78,2.29,2.24,3.59,2.94,2.89,4.25,2.72,3.97,5.69,,4.95,6.91,11.5,5.74,7.75,
2006-08-30,1.48,2.71,2.11,2.27,3.63,2.74,2.92,4.25,2.76,3.98,5.66,,4.92,6.86,10,5.71,7.7,6.5
2006-08-31,1.46,2.71,3.15,2.34,3.73,3.01,3.2,4.57,3.05,3.92,5.63,4,4.88,6.84,11.5,5.71,7.69,
2006-09-01,1.8,3.09,2.78,2.26,3.62,2.31,3,4.36,2.96,3.97,5.68,3.11,4.92,6.87,9.08,5.76,7.76,
2006-09-04,1.61,2.87,2.33,2.08,3.57,2.77,2.88,4.26,5.7,3.93,5.63,2.75,4.87,6.83,,5.72,7.71,
2006-09-05,1.45,2.63,2.29,2.16,3.58,3.19,3.23,4.61,3.56,3.93,5.72,2.75,4.92,6.96,,5.81,7.95,
2006-09-06,1.45,2.66,2.24,2.11,3.6,3.3,3.03,4.36,3.71,3.94,5.73,4.66,4.91,6.95,,5.81,7.94,
2006-09-07,1.46,2.68,2.6,2.2,3.75,2.97,3.03,4.44,6,4,5.86,4.5,4.99,7.1,,5.88,8.08,
2006-09-08,1.61,2.82,2.77,2.16,3.59,2.63,3.09,4.43,4.57,4,5.79,,4.97,7.02,,5.89,7.98,
2006-09-11,1.64,2.8,2.54,2.1,3.53,3.27,3.07,4.35,3.21,3.95,5.66,,4.91,6.88,,5.83,7.86,
2006-09-12,1.59,2.71,2.49,2.12,3.49,3.01,2.9,4.14,3.08,3.88,5.53,4.08,4.9,6.77,,5.78,7.78,
2006-09-13,1.6,2.72,2.36,2.17,3.54,2.99,3.04,4.27,2.99,3.94,5.59,4.4,4.94,6.82,,5.83,7.81,
2006-09-14,1.54,2.71,2.74,2.17,3.56,3.19,3.03,4.31,3.13,4.1,5.83,,5.19,7.15,11.74,6.12,8.21,
2006-09-15,1.61,2.85,3.62,2.11,3.47,3.22,2.9,4.12,3.52,3.95,5.58,,4.93,6.82,,5.8,7.8,
2006-09-18,2.03,3.22,3.45,2.3,3.72,4.08,3.09,4.34,3.38,3.94,5.6,3.65,4.93,6.85,,5.79,7.82,
2006-09-19,2.24,3.4,3.32,2.48,3.79,3.73,3.04,4.3,3.39,3.95,5.52,,4.96,6.87,,5.86,7.86,
2006-09-20,2.12,3.35,3.16,2.49,3.88,3.49,2.99,4.25,3.5,3.99,5.67,,4.96,6.88,4.75,5.87,7.91,
2006-09-21,2.03,3.28,3.32,2.48,3.82,3.39,3,4.2,6.03,4,5.61,7,5.01,6.87,,5.86,7.82,
2006-09-22,2.17,3.39,4.54,2.61,3.9,4.38,3.18,4.4,4.57,4.07,5.7,3.58,5.08,6.94,,5.92,7.89,
2006-09-25,2.91,4.41,6.67,2.88,4.28,5.03,3.23,4.47,4.83,4.08,5.73,4.4,5.07,6.97,13,5.92,7.91,
2006-09-26,3.92,5.65,4.86,3.59,5.05,4.64,3.61,4.88,4.65,4.29,5.89,,5.21,7.09,13,6.06,8.02,
2006-09-27,2.9,4.57,3.14,3.26,4.74,4.35,3.62,4.89,3.32,4.21,5.88,,5.09,7.04,13,5.96,7.95,
2006-09-28,2.27,3.69,4.46,2.78,4.12,4.8,3.42,4.68,4.29,4.08,5.67,4.82,4.98,6.84,10,5.82,7.77,
2006-09-29,3.04,4.4,4.75,3.09,4.44,4.3,3.54,4.84,4.32,4.19,5.84,4.2,5.12,7.01,,5.99,7.95,
2006-10-02,2.55,4.01,2.31,2.74,4.4,3.19,3.42,4.69,2.71,4.12,5.77,,4.91,6.8,,5.76,7.74,
2006-10-03,1.63,2.82,2.22,2.38,3.55,3.09,3.15,4.37,2.64,3.99,5.66,4.09,4.83,6.68,4.75,5.76,7.73,
2006-10-04,1.56,2.7,2.27,2.35,3.56,3.19,3.25,4.46,2.65,4,5.64,3.4,4.83,6.73,,5.67,7.65,
2006-10-05,1.59,2.75,2.35,2.36,3.59,3.14,3.16,4.36,2.38,4.01,5.65,5.25,4.96,6.84,,5.82,7.77,
2006-10-06,1.64,2.75,2.87,2.32,3.48,2.81,3.15,4.35,3.51,4.04,5.67,3.85,4.83,6.72,,5.67,7.61,
2006-10-09,1.84,3,2.21,2.33,3.75,3.47,3.24,4.44,2.57,4.09,5.73,5.42,4.98,6.84,,5.82,7.79,
2006-10-10,1.57,2.72,2.17,2.35,3.54,4.24,3.18,4.33,2.98,4.08,5.73,,4.99,6.87,4.02,5.82,7.64,
2006-10-11,1.54,2.7,2.53,2.33,3.52,3.28,3.25,4.45,4,4.02,5.67,3,4.95,6.85,,5.79,7.64,
2006-10-12,1.7,2.88,2.44,2.39,3.59,2.55,3.22,4.4,3.05,4.06,5.67,3,5,6.87,4.75,5.82,7.64,
2006-10-13,1.72,2.86,3.48,2.36,3.56,3.13,3.19,4.37,3.32,4.05,5.65,3.5,4.98,6.85,4.53,5.82,7.64,
2006-10-16,2.06,3.27,4.06,2.47,3.82,4.03,3.25,4.42,3.71,4.1,5.7,5,4.99,6.89,,5.93,7.81,6
2006-10-17,2.57,4,2.7,2.86,4.38,3.47,3.69,4.92,3.34,4.4,6.05,8.22,5.2,7.18,,6.01,7.93,
2006-10-18,2.13,3.39,2.47,2.75,4.25,3.39,3.52,4.76,3.25,4.31,6,4,5.12,7.07,4.75,5.96,7.82,
2006-10-19,1.94,3.18,2.84,2.67,4.21,3.43,3.55,4.76,5.2,4.32,5.99,3,5.12,7.06,,5.94,7.82,
2006-10-20,2.25,3.55,5.12,2.77,4.27,4.54,3.62,4.85,5,4.33,6.04,4.51,5.14,7.11,4.75,5.96,7.83,
2006-10-23,3.31,4.71,5.99,3.27,4.81,5.35,3.74,4.87,6.92,4.24,5.81,5.6,4.99,6.68,9,5.86,7.5,10.5
2006-10-24,4.08,5.71,5.54,3.71,5.26,5.06,4.22,5.49,5.77,4.75,6.46,5.22,5.48,7.44,,6.38,8.36,
2006-10-25,4.06,5.51,6.4,3.79,5.39,6.76,4.09,5.31,5.84,4.56,6.27,6.65,5.3,7.24,5.5,6.12,7.97,9.2
2006-10-26,4.6,6.07,6.73,3.97,5.58,6.72,4.19,5.42,6.5,4.68,6.37,6.5,5.4,7.35,,6.23,8.1,
2006-10-27,4.76,6.28,8.17,4.23,5.82,8.39,4.36,5.62,7.59,4.72,6.4,6.05,5.4,7.35,,6.23,8.13,
