ticker,emitter_id,isin,regnumber,full_name,short_name,latname,security_type,list_level,issue_size,face_value,face_unit,issue_date,primary_boardid
ABIO,1142,RU000A0JNAB6,1-01-08902-A,"ПАО ""Артген""",iАРТГЕН ао,ARTGEN ao,common_share,2,92645451,0.1,SUR,2006-05-23,TQBR
ABRD,4787,RU000A0JS5T7,1-02-12500-A,Абрау-Дюрсо ПАО ао,АбрауДюрсо,Abrau-Durso ao,common_share,3,108889117,1,SUR,2012-10-02,TQBR
AFKS,777,RU000A0DQZE3,1-05-01669-A,"АФК ""Система"" ПАО ао",Система ао,AFK Sistema,common_share,1,9650000000,0.09,SUR,2007-12-12,TQBR
AFLT,1242,RU0009062285,1-01-00010-A,Аэрофлот-росс.авиалин(ПАО)ао,Аэрофлот,Aeroflot,common_share,1,3975771215,1,SUR,2004-02-13,TQBR
AKAI,1318,RU000A109PQ9,6527,БПИФ Антиинфляционный,AKAI ETF,AKAI ETF Anti-inflationary,exchange_ppif,1,,,,2024-10-16,TQTF
AKBC,1318,RU000A10B6F8,6911,БПИФ Альфа Индекс голуб фишек,AKBC ETF,AKBC ETF blue chip Index,exchange_ppif,1,,,,2025-04-07,TQTF
AKCN,1318,RU000A10CKV9,7246,БПИФ Альфа Индекс потреб сект,AKCN ETF,AKCN ETF consumer sector index,exchange_ppif,1,,,,2025-09-10,TQTF
AKFB,1318,RU000A109T66,6541,БПИФ Альфа Обл с перем купоном,AKFB ETF,AKFB ETF floating rate bonds,exchange_ppif,1,,,,2024-10-23,TQTF
AKFN,1318,RU000A10CKU1,7245,БПИФ Альфа Индекс финансов,AKFN ETF,AKFN ETF finance index,exchange_ppif,1,,,,2025-09-10,TQTF
AKGD,1318,RU000A1045N8,4713,БПИФ Альфа Капитал Золото,AKGD ETF,AKGD ETF Gold,exchange_ppif,1,,,,2021-12-21,TQTF
AKGP,1318,RU000A10BJF6,6996,БПИФ АльфаКап Управ валют обл,AKGP ETF,AKGP ETF Currency bonds,exchange_ppif,1,,,,2025-06-25,TQTF
AKHT,1318,RU000A109VF0,6580,БПИФ Альфа Капитал ИТ Лидеры,AKHT ETF,AKHT ETF Alfa IT Leaders,exchange_ppif,1,,,,2024-11-11,TQTF
AKIE,1318,RU000A109JU4,6467,БПИФ Альфа Упр Акции с доходом,ETF AKIE,ETF Alfa Managed Income Shares,exchange_ppif,1,,,,2024-09-26,TQTF
AKMB,1318,RU000A101PN3,4039,БПИФ Альфа Управляем облигации,ETF AKMB,ETF AKMB Alfa Managed Bonds,exchange_ppif,1,,,,2020-06-02,TQTF
AKME,1318,RU000A102E78,4213,БПИФ Альфа Управляем Акции,ETF AKME,ETF AKME Alfa Managed Equties,exchange_ppif,1,,,,2020-12-18,TQTF
AKMM,1318,RU000A104X08,5012,БПИФ Альфа Денежный рынок,AKMM ETF,AKMM ETF Money market,exchange_ppif,1,,,,2022-07-14,TQTF
AKMP,1318,RU000A10AU81,6848,БПИФ Альфа Денежный рынок Плюс,AKMP ETF,AKMP ETF Money market Plus,exchange_ppif,1,,,,2025-02-25,TQTF
AKPP,1318,RU000A10AUA6,6838,БПИФ Альфа Платина-Палладий,AKPP ETF,AKPP ETF Platinum-Palladium,exchange_ppif,1,,,,2025-02-26,TQTF
AKQU,1318,RU000A103NR5,4580,БПИФ Альфа Капитал Квант,AKQU ETF,AKQU ETF Alfa Capital Quant,exchange_ppif,1,,,,2021-10-04,TQTF
AKRN,1013,RU0009028674,1-03-00207-A,Акрон ПАО ао,Акрон,Acron,common_share,2,36757156,5,SUR,2006-10-11,TQBR
AKUP,1318,RU000A107KJ9,5955,Альфа-Капитал Умный портфель,AKUP ETF,AKUP ETF Smart portfolio,exchange_ppif,1,,,,2024-01-31,TQTF
ALRS,1670,RU0007252813,1-03-40046-N,АЛРОСА ПАО ао,АЛРОСА ао,ALROSA ao,common_share,1,7364965630,0.5,SUR,2011-11-29,TQBR
AMEZ,3191,RU000A0B88G6,1-03-45219-D,Ашинский метзавод ПАО ао,АшинскийМЗ,Ashinckiy metzavod PAO,common_share,3,498454822,1,SUR,2008-08-28,TQBR
AMFL,6385,RU000A10AFG4,6763,БПИФ АТОН – Флоатеры,AMFL ETF,ATON Floaters,exchange_ppif,1,,,,2024-12-27,TQTF
AMGB,6385,RU000A10AFH2,6764,БПИФ АТОН - Длинные ОФЗ,AMGB ETF,ATON Long OFZ,exchange_ppif,1,,,,2024-12-27,TQTF
AMGL,6385,RU000A10BXM3,7136,АТОН - Накопительный в Золоте,AMGL ETF,AMGL ETF Cumulative in Gold,exchange_ppif,1,,,,2025-07-15,TQTF
AMNR,6385,RU000A107H96,5936,АТОН – Накопительный в рублях,AMNR ETF,AMNR ETF Cumulative in rubles,exchange_ppif,1,,,,2024-01-16,TQTF
AMNY,6385,RU000A108P04,6221,АТОН - Накопительный в юанях,AMNY ETF,AMNY ETF Cumulative in yuan,exchange_ppif,1,,,,2024-06-24,TQTF
AMRE,6385,RU000A102XX4,4330,БПИФ АТОН – Российские акции +,AMRE ETF,ATON Russian Equities + ETF,exchange_ppif,1,,,,2021-04-15,TQTF
AMRH,6385,RU000A103FW1,4506,БПИФ АТОН Рублевые облигации,AMRH ETF,AMRH ETF ATON Rub Bonds,exchange_ppif,1,,,,2021-08-12,TQTF
APRI,9633,RU000A108LJ5,1-01-12464-K,АПРИ,АПРИ,APRI,common_share,3,1115439217,1,SUR,2024-07-30,TQBR
APTK,1285,RU0008081765,1-01-07335-A,"ПАО ""Аптечная сеть 36,6"" ао",Аптеки36и6,"Apteki 36,6",common_share,2,7630433826,0.64,SUR,2005-12-21,TQBR
AQUA,4326,RU000A0JQTS3,1-01-04461-D,ПАО ИНАРКТИКА,ИНАРКТИКА,INARCTIKA,common_share,1,87876649,100,SUR,2010-04-16,TQBR
ARSA,721,RU000A0JP0Q7,1-01-03163-D,УК Арсагера ПАО-ао,Арсагера,UK Arsagera,common_share,3,123817165,1,SUR,2008-04-07,TQBR
ASSB,906,RU000A0D8MM8,1-01-55064-E,"""Астраханская ЭСК"" ПАО",АстрЭнСб,Astrakhan Energo Sbyt,common_share,3,773900078,0.007,SUR,2005-09-16,TQBR
ASTR,14935,RU000A106T36,1-01-01286-G,Группа Астра ао,iАстра ао,Astra Group,common_share,1,210000000,0.05,SUR,2023-10-13,TQBR
AVAN,138,RU000A0DM7B3,10102879B,"АКБ ""АВАНГАРД"" ПАО ао",Авангрд-ао,"AKB ""AVANGARD""",common_share,3,80700000,30,SUR,2012-07-09,TQBR
BANE,2997,RU0007976957,1-01-00013-A,Башнефть АНК ао,Башнефт ао,Bashneft ANK ao,common_share,3,147846489,1,SUR,2011-11-18,TQBR
BANEP,2997,RU0007976965,2-01-00013-A,Башнефть АНК ап,Башнефт ап,Bashneft ANK ap,preferred_share,3,29788012,1,SUR,2011-11-18,TQBR
BAZA,17087,RU000A10CTQ0,1-01-36413-N,ГК БАЗИС,iБАЗИС,GC BASIS,common_share,2,165000000,1,SUR,2025-12-10,TQBR
BCSB,1026,RU000A102ST2,4301,БКС Облигации повыш доход,BCSB ETF,BCSB ETF High Yield Bonds,exchange_ppif,1,,,,2021-03-15,TQTF
BCSD,1026,RU000A108ZJ5,6330,БПИФ БКС Денежный рынок,BCSD ETF,BCSD ETF Money Market,exchange_ppif,1,,,,2024-07-25,TQTF
BCSE,1026,RU000A10CG53,7231,БПИФ БКС Валютные облигации,BCSE ETF,BCSE ETF Currency Bonds,exchange_ppif,1,,,,2025-09-05,TQTF
BCSG,1026,RU000A10BHQ7,7003,БПИФ БКС Золото,BCSG ETF,BCSG ETF Gold,exchange_ppif,1,,,,2025-05-22,TQTF
BCSR,1026,RU000A10A0N6,6615,БПИФ БКС Индекс Росс рынка,BCSR ETF,BCSR ETF MX,exchange_ppif,1,,,,2024-11-15,TQTF
BCSW,1026,RU000A10B5P9,6918,БПИФ БКС Всепогодный портфель,BCSW ETF,BCSW ETF All Weather Portfolio,exchange_ppif,1,,,,2025-04-11,TQTF
BELU,1179,RU000A0HL5M1,1-01-55052-E,НоваБев Групп ПАО ао,НоваБев ао,NovaBev Group ao,common_share,1,126400000,100,SUR,2007-11-20,TQBR
BISVP,825,RU0009100176,2-01-00011-A,Башинформсвязь(ПАО) ап,БашИнСв ап,BashInformSvyaz ap,preferred_share,3,36165270,1,SUR,2010-04-23,TQBR
BLNG,1031,RU000A0J2QG8,1-06-10167-F,Белон ОАО ао,Белон ао,Belon ao,common_share,3,1150000000,0.01,SUR,2009-01-16,TQBR
BNDA,658,RU000A10BBU2,6971,ДОХОДЪ Облигации 2025/28/31,BNDA ETF,DOHOD Bonds Dec 2025/2028/2031,exchange_ppif,1,,,,2025-05-15,TQTF
BNDB,658,RU000A10BBR8,6955,ДОХОДЪ Облигации 2026/29/32,BNDB ETF,DOHOD Bonds Dec 2026/2029/2032,exchange_ppif,1,,,,2025-04-22,TQTF
BNDC,658,RU000A10BBT4,6970,ДОХОДЪ Облигации 2027/30/33,BNDC ETF,DOHOD Bonds Dec 2027/2030/2033,exchange_ppif,1,,,,2025-04-29,TQTF
BOND,658,RU000A104Z22,4920,ДОХОДЪ Сбондс Корп. обл. РФ,BOND ETF,BOND ETF DOHOD Cbonds corp. RU,exchange_ppif,1,,,,2022-08-18,TQTF
BRZL,3414,RU0009288658,1-06-20577-F,Бурятзолото ПАО ао,БурЗолото,Buryatzoloto ao,common_share,3,7027270,0.025,SUR,2011-12-09,TQBR
BSPB,277,RU0009100945,10300436B,"ПАО ""Банк ""Санкт-Петербург"" ао",БСП ао,BSP,common_share,1,445368521,1,SUR,2008-03-19,TQBR
BSPBP,277,RU000A0JP0U9,20100436B,Банк Санкт-Петербург ап,БСП ап,BSP ap,preferred_share,3,20100000,1,SUR,2021-01-26,TQBR
BTBR,17337,RU000A104U43,1-01-00001-G,В2В-РТС,В2В-РТС,B2B-RTS,common_share,2,178770100,0.01,SUR,2026-04-17,TQBR
CARM,14761,RU000A105NV2,1-01-03536-G,СТГ ао,СТГ,STG,common_share,3,2917616015,1,SUR,2023-07-03,TQBR
CASH,1287,RU000A109X11,6589,ААА БПИФ Ежедневный процент,CASH ETF,CASH ETF Daily rate,exchange_ppif,1,,,,2024-11-07,TQTF
CBOM,449,RU000A0JUG31,10101978B,"""МКБ"" ПАО ао",МКБ ао,MKB ao,common_share,1,33429709866,1,SUR,2015-06-22,TQBR
CHGZ,3037,RU0009082291,1-01-00185-A,РН-Западная Сибирь ПАО ао,РН-ЗапСиб,RN-Western Siberia ao,common_share,3,26771420,0.1,SUR,2011-12-14,TQBR
CHKZ,3206,RU000A0JNST0,1-03-45058-D,"""ЧКПЗ"" ПАО ао",ЧКПЗ ао,CKPZ,common_share,3,600216,200,SUR,2008-12-12,TQBR
CHMF,927,RU0009046510,1-02-00143-A,Северсталь (ПАО)ао,СевСт-ао,Severstal - ao,common_share,1,837718660,0.01,SUR,2005-06-02,TQBR
CHMK,3393,RU0007665170,1-01-00080-A,"""ЧМК"" ПАО ао",ЧМК ао,CMK,common_share,3,3161965,1,SUR,2008-12-12,TQBR
CNRU,16196,RU000A10ANA1,1-01-16918-A,"МКПАО ""Циан""",iЦиан,IPJSC Cian,common_share,1,77670490,0.0337,SUR,2025-02-07,TQBR
CNTL,1227,RU0007665147,1-03-00327-A,"""Центральный Телеграф"" ПАО ао",Телеграф,Centrlnyi Telegraf,common_share,3,166167000,1,SUR,2008-12-12,TQBR
CNTLP,1227,RU0007665139,2-03-00327-A,"""Центральный Телеграф"" ПАО ап",Телеграф-п,Centrlnyi Telegraf ap,preferred_share,3,55389000,1,SUR,2011-10-25,TQBR
CNYM,4456,RU000A107D41,5866,Ликвидность. Юань,CNYM ETF,CNYM ETF Liquidity. CNY,exchange_ppif,1,,,,2023-12-27,TQTY
DATA,15793,RU000A108ZR8,1-01-87685-H,Группа Аренадата,iАренадата,Arenadata Group,common_share,2,218021202,0.05,SUR,2024-10-01,TQBR
DELI,15196,RU000A107J11,1-01-16750-A,Каршеринг Руссия ао,iКаршеринг,Carsharing Russia,common_share,2,175849057,0.00063,SUR,2024-02-06,TQBR
DGBZ,1095,RU0007661674,1-01-02153-A,Дорогобуж ПАО ао,Дорогбж ао,Dorogobuzh,common_share,,875439260,0.25,SUR,2006-12-21,MTQR
DIAS,15207,RU000A107ER5,1-01-84777-H,Диасофт ао,iДиасофт,Diasoft,common_share,2,10500000,0.01,SUR,2024-02-13,TQBR
DIOD,4363,RU000A0JQWC1,1-03-06923-A,Завод ДИОД ПАО ао,ЗаводДИОД,Zavod DIOD ao,common_share,3,91500000,0.01,SUR,2010-06-09,TQBR
DIVD,658,RU000A102N02,4242,БПИФ ДОХОДЪ Инд дивид акций,ETF DIVD,ETF DIVD DOHOD DIV,exchange_ppif,1,,,,2021-01-19,TQTF
DOMRF,656,RU000A0ZZFU5,1-02-00739-A,ПАО ДОМ.РФ,ДОМ.РФ,PJSC DOM.RF,common_share,1,179888718,1400,SUR,2025-11-20,TQBR
DVEC,899,RU000A0JP2W1,1-01-55275-E,"""ДЭК"" ПАО ао",ДЭК ао,DEC,common_share,3,17223107804,1,SUR,2007-12-13,TQBR
DZRD,4478,RU000A0JQW11,1-01-02677-A,Донской завод радиодеталей ао,ДонскЗР,DZRD ao,common_share,3,343407,1,SUR,2010-12-30,TQBR
DZRDP,4478,RU000A0JQW29,2-01-02677-A,Донской завод радиодеталей ап,ДонскЗР п,DZRD pref.,preferred_share,3,114469,1,SUR,2010-12-30,TQBR
EELT,9344,RU000A0JWW54,1-01-83993-H,"""ЕвропЭлектротехника"" ПАО ао",ЕвроЭлтех,European Eltech,common_share,3,551813000,1,SUR,2017-09-07,TQBR
ELFV,705,RU000A0F5UN3,1-01-50077-A,"""ЭЛ5-Энерго"" ПАО",ЭЛ5Энер ао,El5-Ener,common_share,1,35371898370,1,SUR,2014-12-01,TQBR
ELMT,15307,RU000A102093,1-01-16673-A,Элемент,iЭлемент,ELEMENT,common_share,3,469725539040,0.05,SUR,2024-06-06,TQBR
ENPG,9530,RU000A100K72,1-01-16625-A,МКПАО ЭН+ ГРУП ао,ЭН+ГРУП ао,EN+ GROUP IPJSC ORD SHS,common_share,1,638848896,0.00007,USD,2020-02-18,TQBR
EQMX,4456,RU000A101EJ5,3965,БПИФ Индекс МосБиржи УК ВИМ,EQMX ETF,EQMX ETF MOEX Fund,exchange_ppif,1,,,,2020-03-02,TQTF
ESGE,4456,RU000A103LL2,4568,БПИФ УстойчРазвРоссКомп УК ВИМ,ESGE ETF,ESGE ETF Russian Equity ESG,exchange_ppif,1,,,,2021-09-27,TQTF
ESGR,6281,RU000A101R66,4057,БПИФ РСХБ-МосБиржа-РСПП Вектор,ESGR ETF,ESGR ETF RSHB-MOEX-RSPP VecTR,exchange_ppif,1,,,,2020-06-29,TQTF
ETLN,10755,RU000A10C1L6,1-01-17142-A,МКПАО Эталон Груп,ЭталонГруп,Etalon Group,common_share,2,783179820,0.00562,SUR,2020-02-03,TQBR
EUTR,14218,RU000A1002V2,1-01-80110-H,ЕвроТранс ао,ЕвроТранс,EvroTrans,common_share,1,159148665,0.05,SUR,2023-11-21,TQBR
EVRZ,3180,RU0009084438,1-01-00099-A,ПАО ЕВРАЗ,ЕВРАЗ,PJSC EVRAZ,common_share,3,4042002366,1,SUR,2026-05-19,TQBR
FEES,710,RU000A0JPNN9,1-01-65018-D,"""ФСК - Россети"" ПАО",Россети,FGC ROSSETI,common_share,1,2113460101477,0.5,SUR,2008-07-16,TQBR
FESH,3150,RU0008992318,1-03-00032-A,ДВ морское пароходство ПАО ао,ДВМП ао,DVMP ao,common_share,2,2951250000,1,SUR,2008-08-28,TQBR
FINC,15807,RU000A109866,6396,ФИНСТАР Денежный рынок +,FINC ETF,FINSTAR Money market +,exchange_ppif,1,,,,2024-09-02,TQTF
FIXR,16366,RU000A10B5G8,1-01-08699-G,ПАО Фикс Прайс,Фикс Прайс,Fix Price PJSC,common_share,1,100000000000,0.001,SUR,2025-07-09,TQBR
FLOT,8806,RU000A0JXNU8,1-01-10613-A,Совкомфлот ао,Совкомфлот,Sovcomflot,common_share,1,2374993901,1,SUR,2020-10-07,TQBR
FLOW,1229,RU000A10BXL5,7137,БПИФ Первая Ежемесячный доход,FLOW ETF,FLOW ETF First Monthly income,exchange_ppif,1,,,,2025-07-10,TQTF
FMBR,1356,RU000A10CTD8,7306,БПИФ Финам Облигац. с выплатой,FMBR ETF,FMBR ETF bonds with payment,exchange_ppif,1,,,,2025-10-21,TQTF
FMMM,1356,RU000A109LD6,6459,БПИФ Финам Денежный рынок,FMMM ETF,FMMM ETF Money market,exchange_ppif,1,,,,2024-10-04,TQTF
FXBC,5965,IE000GBF7ZU3,,FinEx BLOCKCHAIN UCITS ETF,FXBC ETF,FinEx BLOCKCHAIN UCITS ETF,etf_ppif,,,,,2025-04-28,MTQR
FXCN,5965,IE00BD3QFB18,,FINEX CHINA UCITS ETF,FXCN ETF,FINEX CHINA UCITS ETF,etf_ppif,,,,,2025-04-28,MTQR
FXDE,5965,IE00BD3QJN10,,FINEX GERMANY UCITS ETF,FXDE ETF,FINEX GERMANY UCITS ETF,etf_ppif,,,,,2025-04-28,MTQR
FXDM,5965,IE00BMDKNM37,,FinEx Ex-USA ETF USD,FXDM ETF,FinEx Ex-USA ETF USD,etf_ppif,,,,,2025-04-28,MTQR
FXEM,5965,IE0003KBK0Z6,,FINEX EM EX-CHINDIA UCITS ETF,FXEM ETF,FINEX EM EX-CHINDIA UCITS ETF,etf_ppif,,,,,2025-04-28,MTQR
FXES,5965,IE00BNYK7W79,,FinEx ESports UCITS ETF,FXES ETF,FinEx ESports UCITS ETF,etf_ppif,,,,,2025-04-28,MTQR
FXFA,5965,IE00BMDKNN44,,FinEx Fallen Angels UCITS ETF,FXFA ETF,FinEx Fallen Angels UCITS ETF,etf_ppif,,,,,2025-04-28,MTQR
FXGD,6213,IE00B8XB7377,,FinEx Gold ETF USD,FXGD ETF,FinEx Gold ETF USD,etf_ppif,,,,,2025-04-28,MTQR
FXIP,5965,IE00096YBNR3,,FinEx RUB US TIPS UCITS ETF,FXIP ETF,FinEx RUB US TIPS UCITS ETF,etf_ppif,,,,,2025-04-28,MTQR
FXIT,5965,IE00BD3QJ757,,FinEx USA IT UCITS ETF,iFXIT ETF,FinEx USA IT UCITS ETF,etf_ppif,,,,,2025-04-28,MTQR
FXKZ,6213,IE00BG0C3K84,,FinEx FFIN KZT UCITS ETF,FXKZ ETF,FinEx FFIN KZT UCITS ETF,etf_ppif,,,,,2025-04-28,MTQR
FXMM,5965,IE00BL3DYX33,,FinEx Cash Equiv UCITS ETF RUB,FXMM ETF,FinEx Cash Equiv UCITS ETF RUB,etf_ppif,,,,,2025-04-28,MTQR
FXRD,5965,IE000CK9ZWC0,,FinEx Fallen Ang RUB UCITS ETF,FXRD ETF,FinEx Fallen Ang RUB UCITS ETF,etf_ppif,,,,,2025-04-28,MTQR
FXRE,5965,IE0000CHPRB9,,FinEx US REIT UCITS ETF USD,FXRE ETF,FinEx US REIT UCITS ETF USD,etf_ppif,,,,,2025-04-28,MTQR
FXRW,5965,IE00BK224M36,,FinEx RUB GLOBAL EQUITY UC ETF,FXRW ETF,FinEx RUB GLOBAL EQUITY UC ETF,etf_ppif,,,,,2025-04-28,MTQR
FXTB,5965,IE00BL3DYW26,,FinEx USD CASH EQUIVALENTS ETF,FXTB ETF,FinEx USD CASH EQUIVALENTS ETF,etf_ppif,,,,,2025-04-28,MTQR
FXTP,5965,IE00BNYK7X86,,FinEx US TIPS UCITS ETF,FXTP ETF,FinEx US TIPS UCITS ETF,etf_ppif,,,,,2025-04-28,MTQR
FXUS,5965,IE00BD3QHZ91,,FinEx USA UCITS ETF,FXUS ETF,FinEx USA UCITS ETF,etf_ppif,,,,,2025-04-28,MTQR
FXWO,5965,IE00BK224L29,,FinEx USD GLOBAL EQUITY UC ETF,FXWO ETF,FinEx USD GLOBAL EQUITY UC ETF,etf_ppif,,,,,2025-04-28,MTQR
GAZA,3063,RU0009034268,1-01-00029-A,ГАЗ ПАО ао,ГАЗ ао,Gaz ao,common_share,3,18520260,1,SUR,2011-12-16,TQBR
GAZAP,3063,RU000A0ZYHF5,2-02-00029-A,ГАЗ ПАО ап,ГАЗ ап,Gaz (pref),preferred_share,3,1453500,1,SUR,2018-03-30,TQBR
GAZC,3654,RU000A0JQG86,1-01-09870-A,ГАЗКОН (ПАО) ао,ГАЗКОН-ао,Gazkon ao,common_share,3,225381601,10,SUR,2011-09-28,TQBR
GAZP,711,RU0007661625,1-02-00028-A,"""Газпром"" (ПАО) ао",ГАЗПРОМ ао,Gazprom,common_share,1,23673512900,5,SUR,2006-01-23,TQBR
GAZS,3480,RU000A0JQG78,1-01-09871-A,ГАЗ-сервис (ПАО) ао,ГАЗ-сервис,Gaz-servis ao,common_share,3,206508967,10,SUR,2011-09-28,TQBR
GAZT,4739,RU000A0JS199,1-01-12996-A,ГАЗ-Тек ПАО ао,ГАЗ-Тек ао,GAZ-Tek PAO ao,common_share,3,471428300,100,SUR,2012-01-26,TQBR
GCHE,698,RU000A0JL4R1,1-02-10797-A,Группа Черкизово ПАО-ао,ЧеркизГ-ао,Cherkizovo Group ao,common_share,3,42222042,0.01,SUR,2008-04-08,TQBR
GECO,11179,RU000A105BN4,1-01-87198-H,ЦГРМ ГЕНЕТИКО ао,iГЕНЕТИКО,GENETICO,common_share,3,90000000,0.01,SUR,2023-04-25,TQBR
GEMA,9732,RU000A100GC7,1-01-85932-H,ПАО ММЦБ ао,iММЦБ ао,IMCB PJSC,common_share,3,14929920,0.01,SUR,2019-07-25,TQBR
GEMC,11714,RU000A107JE2,1-01-16774-A,Юнайтед Медикал Груп ПАО,МКПАО ЮМГ,IPJSC UMG,common_share,1,90000000,0.03721,SUR,2021-07-15,TQBR
GLRX,12393,RU000A10CRQ4,1-01-16806-A,ПАО ГЛОРАКС,ГЛОРАКС,PJSC GLORAX,common_share,2,282812500,0.004,SUR,2025-10-31,TQBR
GMKN,1399,RU0007288411,1-01-40155-F,"ГМК ""Нор.Никель"" ПАО ао",ГМКНорНик,NorNickel GMK,common_share,1,15286339700,0.01,SUR,2006-12-26,TQBR
GOLD,4456,RU000A101NZ2,4038,БПИФ Золото.Биржевой УК ВИМ,GOLD ETF,GOLD ETF Gold Fund,exchange_ppif,1,,,,2020-06-08,TQTF
GOOD,658,RU000A10A7V4,6720,ДОХОДЪ Стратегии денеж. рынка,GOOD ETF,GOOD ETF DOHOD MM Strategies,exchange_ppif,1,,,,2024-12-11,TQTF
GRNT,8379,RU000A0JV532,1-01-05280-D,ГородскиеИнновацТехнологии ао,ГИТ ао,CityInnovativeTechnologies ao,common_share,,1169875000,1,SUR,2023-05-24,MTQR
GROD,658,RU000A1037V8,4444,БПИФ ДОХОДЪ Инд акций роста,ETF GROD,ETF GROD DOHOD GROWTH IND,exchange_ppif,1,,,,2021-06-16,TQTF
GTRK,9489,RU000A0ZYD22,1-01-84907-H,"ПАО ""ГТМ"" ао",ГТМ ао,GTM,common_share,3,58462120,100,SUR,2017-11-03,TQBR
HEAD,15268,RU000A107662,1-01-16755-A,МКПАО Хэдхантер,Хэдхантер,IPJSC Headhunter,common_share,1,47184918,1,SUR,2024-08-16,TQBR
HIMCP,2837,RU0009099006,2-01-55076-D,Химпром ПАО ап,Химпром ап,Himprom ap,preferred_share,3,229631402,1,SUR,2011-12-14,TQBR
HNFG,14956,RU000A106XF2,1-01-03109-G,ХЭНДЕРСОН ао,ХЭНДЕРСОН,HENDERSON,common_share,2,40444445,50,SUR,2023-11-02,TQBR
HYDR,816,RU000A0JPKH7,1-01-55038-E,"ПАО ""РусГидро""",РусГидро,RusGidro,common_share,1,444793377038,1,SUR,2008-05-22,TQBR
IGST,2816,RU0002155292,1-02-30078-D,Ижсталь ПАО ао 2в.,Ижсталь2ао,Izhstal 2ao,common_share,3,800729,1000,SUR,2011-12-08,TQBR
IGSTP,2816,RU0002155300,2-02-30078-D,Ижсталь ПАО ап,Ижсталь ап,Izhstal ap,preferred_share,3,266910,1000,SUR,2011-12-08,TQBR
INFL,3687,RU000A1047H6,4742,БПИФ Ингосстрах Инфляционный,INFL ETF,INFL ETF Ingosstrakh Inflation,exchange_ppif,1,,,,2021-12-20,TQTF
INGO,3687,RU000A103CA4,4483,БПИФ Ингосстрах Корп облигации,INGO ETF,INGO ETF Ingosstrakh Corpbonds,exchange_ppif,1,,,,2021-07-28,TQTF
IRAO,3565,RU000A0JPNM1,1-04-33498-E,"""Интер РАО"" ПАО ао",ИнтерРАОао,Inter RAO ao,common_share,1,104400000000,2.80977,SUR,2009-12-01,TQBR
IRKT,940,RU0006752979,1-03-00040-A,"""Яковлев"" ПАО ак.об.-3",Яковлев-3,Yakovlev-3,common_share,3,12051279624,3,SUR,2005-01-11,TQBR
IVAT,13008,RU000A108GD8,1-01-10876-P,ПАО ИВА ао,iИВА,PJSC IVA,common_share,2,100000000,0.1,SUR,2024-06-04,TQBR
JNOS,3173,RU0009100895,1-01-00199-A,Славнефть-ЯНОС (ПАО) ао,Славн-ЯНОС,Slavneft-JANOS,common_share,3,932654723,1,SUR,2008-10-14,TQBR
JNOSP,3173,RU0009101927,2-01-00199-A,Славнефть-ЯНОС (ПАО) ап,Слав-ЯНОСп,Slavneft-JANOS (pref),preferred_share,3,310884574,1,SUR,2010-07-22,TQBR
KAZT,2000,RU000A0B9BV2,1-01-00067-A,Куйбышевазот ПАО ао,Куйбазот,Kuib.Azot ao,common_share,3,176582530,1,SUR,2011-12-14,TQBR
KAZTP,2000,RU000A0B9BW0,2-01-00067-A,Куйбышевазот ПАО ап,Куйбазот-п,Kuibishevazot ap,preferred_share,3,3204795,1,SUR,2011-12-14,TQBR
KBSB,2897,RU000A0JNJ11,1-01-55218-E,ТНС энерго Кубань ПАО ао,ТНСэКубань,TNS energo Kuban Company,common_share,3,17869440,0.56,SUR,2008-02-08,TQBR
KCHE,2827,RU0006753498,1-02-00235-A,Камчатскэнерго ПАО ао,КамчатЭ ао,Kamchatskenergo,common_share,3,58294409860,0.1,SUR,2008-03-14,TQBR
KCHEP,2827,RU0006753480,2-02-00235-A,Камчатскэнерго ПАО ап,КамчатЭ ап,Kamchatskenergo (pref),preferred_share,3,183062052,0.1,SUR,2008-07-09,TQBR
KFBA,2231,RU000A0DJ9B4,1-01-50020-A,ИНГРАД ПАО ао,ИНГРАД ао,INGRAD,common_share,3,41220793,1000,SUR,2020-03-30,TQBR
KGKC,4832,RU000A0JP120,1-01-55226-E,Курганская генер.комп.ПАО ао,КурганГКао,Kurganskaja Gener.Kompanija,common_share,3,122453406,7.2,SUR,2012-09-26,TQBR
KGKCP,4832,RU000A0JP138,2-01-55226-E,Курганская генер. комп. ПАО ап,КурганГКап,Kurganskaja Gener.Kompanija ap,preferred_share,3,14393052,7.2,SUR,2012-10-22,TQBR
KLSB,945,RU000A0DKZK3,1-01-65057-D,"ао""Калужская сбыт.комп.""ПАО",КалужскСК,Kalugsk. Sbyt. Company ao,common_share,3,91487347,0.2,SUR,2005-08-26,TQBR
KLVZ,15239,RU000A107KX0,1-01-05421-G,Алкогольная Группа Кристалл,Кристалл,KLVZ KRISTALL,common_share,3,921052700,0.01,SUR,2024-02-22,TQBR
KMAZ,855,RU0008959580,1-08-55010-D,КАМАЗ ПАО,КАМАЗ,KAMAZ,common_share,2,707229559,50,SUR,2004-02-26,TQBR
KMEZ,919,RU0006753613,1-02-05376-A,Ковровский механический завод,КМЗ,Kovrov Mech. Zavod,common_share,3,3764600,250,SUR,2009-09-07,TQBR
KMTZ,3439,RU000A0HF1L0,1-01-03975-A,"АО ""КМЗ"" ао",КМЗ-ао,"AO ""KOSOGORSK METALL ZAV"" ORD",common_share,,28416095,1,SUR,2011-12-09,MTQR
KOGK,3394,RU0002155359,1-01-20992-F,Коршуновский ГОК ПАО ао,КоршГОК ао,Korshunovskii GOK,common_share,3,25012600,0.01,SUR,2008-08-28,TQBR
KRKN,3038,RU0009100408,1-01-00248-A,Саратовский НПЗ ПАО ао,СаратНПЗ,Saratovskiy NPZ ao,common_share,3,748012,1,SUR,2011-12-08,TQBR
KRKNP,3038,RU0009100416,2-01-00248-A,Саратовский НПЗ ПАО ап,СаратНПЗ-п,Saratovskiy NPZ ap,preferred_share,3,249337,1,SUR,2011-12-08,TQBR
KRKOP,3163,RU0009098131,2-01-30301-E,ТКЗ Красный котельщик ПАО ап,ТКЗКК ап,TKZ Krasny Kotelshchik ap,preferred_share,3,71086000,1,SUR,2011-12-09,TQBR
KROT,1184,RU0008913850,1-02-00060-A,"""КрасныйОктябрь"" ПАО - ао",КрасОкт-ао,KrasnyiOctyabr,common_share,3,9217583,1,SUR,2003-09-09,TQBR
KROTP,1184,RU0008913868,2-01-00060-A,КрасныйОктябрь-1п,КрасОкт-1п,KrasnyiOctabr-1(pr),preferred_share,3,1474549,1,SUR,2005-01-11,TQBR
KRSB,3232,RU000A0HMLY1,1-01-55147-E,Красноярскэнергосбыт ао,Красэсб ао,Krashojarskenergosbyt,common_share,3,596039612,0.02,SUR,2008-10-23,TQBR
KRSBP,3232,RU000A0HMLZ8,2-01-55147-E,Красноярскэнергосбыт ап,Красэсб ап,Krashojarskenergosbyt pref.,preferred_share,3,168993328,0.02,SUR,2008-10-23,TQBR
KTSB,957,RU000A0D8LW9,1-01-55051-E,"""Костромск.сбыт.комп"" АО",КСБ ао,KSB,common_share,,868998400,0.04,SUR,2005-08-18,MTQR
KTSBP,957,RU000A0D8PA6,2-01-55051-E,"""Костромск.сбыт.комп"" АО",КСБ ап,KSB ap,preferred_share,,136333440,0.04,SUR,2005-08-18,MTQR
KUZB,4758,RU000A0JSQ66,10100609B,"Банк ""Кузнецкий"" ПАО ао",КузнецкийБ,"Bank ""Kuzneckiy""",common_share,3,22503490875,0.01,SUR,2012-09-05,TQBR
KZMS,1059,RU000A0JNHK2,1-01-30792-D,"ПАО ""КЗМС"" ао",КЗМС,"PAO ""Krasn zav met setok"" ORD",common_share,,884760,10,SUR,2024-09-11,MTQR
KZOS,3015,RU0009089825,1-02-55245-D,"ПАО ""Органический синтез"" ао",ОргСинт ао,PAO Organicheskiy Sintez ao,common_share,3,1785114000,1,SUR,2011-12-05,TQBR
KZOSP,3015,RU0006753456,2-02-55245-D,"ПАО ""Органический синтез"" ап",ОргСинт ап,PAO Organicheskiy Sintez ap,preferred_share,3,119596000,1,SUR,2011-12-05,TQBR
LEAS,9474,RU000A0ZZFS9,1-01-16419-A,ПАО «ЛК «Европлан»,Европлан,Europlan,common_share,1,120000000,1,SUR,2024-03-29,TQBR
LENT,6500,RU000A102S15,1-01-16686-A,Лента МКПАО ао,Лента ао,Lenta IPJSC ORD SHS,common_share,1,115985197,0.09126,SUR,2021-12-01,TQBR
LIFE,4450,RU000A0JR514,1-02-09669-J,Фармсинтез ПАО ао,Фармсинтез,Farmsintez ao,common_share,3,440394854,5,SUR,2010-11-24,TQBR
LKOH,770,RU0009024277,1-01-00077-A,НК ЛУКОЙЛ (ПАО) - ао,ЛУКОЙЛ,LUKOIL,common_share,1,692865762,0.025,SUR,2003-08-20,TQBR
LMBZ,9479,RU000A108ZX6,1-01-09188-H,Ламбумиз,Ламбумиз,Lambumiz,common_share,3,20752219,0.025,SUR,2024-10-30,TQBR
LNZL,3127,RU000A0JP1N2,1-02-40433-N,"""Лензолото"" ПАО ао",Лензолото,Lenzoloto,common_share,3,1140300,1,SUR,2008-12-12,TQBR
LNZLP,3127,RU000A0JP1P7,2-02-40433-N,"""Лензолото"" ПАО ап",Лензол. ап,Lenzoloto pref.,preferred_share,3,347700,1,SUR,2009-06-18,TQBR
LPSB,969,RU000A0D8MR7,1-01-65097-D,Липецкая энергосбыт.ком.ОАО ао,ЛЭСК ао,LESK ao,common_share,3,155521950,0.22,SUR,2005-08-16,TQBR
LQDT,4456,RU000A1014L8,3915,БПИФ Ликвидность УК ВИМ,LQDT ETF,LQDT ETF Money Market Fund,exchange_ppif,1,,,,2020-01-20,TQTF
LSNG,1363,RU0009034490,1-01-00073-A,Россети Ленэнерго ПАО-ао,РСетиЛЭ,Rosseti LenEnrg,common_share,3,8523785320,1,SUR,2003-07-16,TQBR
LSNGP,1363,RU0009092134,2-01-00073-A,Россети Ленэнерго ПАО-ап,РСетиЛЭ-п,Rosseti LenEnrg (pref),preferred_share,3,93264311,1,SUR,2003-07-16,TQBR
LSRG,778,RU000A0JPFP0,1-01-55234-E,Группа ЛСР ПАО ао,ЛСР ао,LSR,common_share,1,103030215,0.25,SUR,2007-11-09,TQBR
LVHK,4870,RU000A0JT7Y2,1-01-04329-D,Левенгук ПАО ао,Левенгук,Levenguk ao,common_share,3,52940000,10,SUR,2012-11-28,TQBR
MAGE,2829,RU0006758919,1-01-00254-A,"""Магаданэнерго"" ПАО ао",МагадЭн ао,Magadanenergo ao,common_share,3,463838268,1,SUR,2010-11-12,TQBR
MAGEP,2829,RU0006758893,2-01-00254-A,"""Магаданэнерго"" ПАО ап",МагадЭн ап,Magadanenergo ap,preferred_share,3,145673254,1,SUR,2010-11-12,TQBR
MAGN,646,RU0009084396,1-03-00078-A,"""Магнитогорск.мет.комб"" ПАО ао",ММК,MMK,common_share,1,11174330000,1,SUR,2005-12-26,TQBR
MBNK,302,RU000A0JRH43,10102268B,МТС-Банк ао,МТС Банк,MTS Bank,common_share,1,37526637,500,SUR,2024-04-26,TQBR
MDMG,10986,RU000A108KL3,1-01-16802-A,МКПАО «МД Медикал Груп»,MDMG-ао,MD Medical Group IPJSC,common_share,1,75125010,7.16872,SUR,2020-11-09,TQBR
MFGS,1408,RU0009011126,1-03-00149-A,"ао ""Славнефть-Мегионнефтегаз""",Мегион-ао,Megion,common_share,3,99474705,25,SUR,2005-01-11,TQBR
MFGSP,1408,RU0009011134,2-03-00149-A,ап Мегионнефтегаз,Мегион-ап,Megion (pref),preferred_share,3,33056875,25,SUR,2005-01-11,TQBR
MGKL,11004,RU000A0JVJQ8,1-01-11915-A,МГКЛ ао,МГКЛ,MGKL,common_share,3,1268545000,0.01,SUR,2023-12-28,TQBR
MGNT,886,RU000A0JKQU8,1-01-60525-P,"""Магнит"" ПАО ао",Магнит ао,Magnit,common_share,3,101911355,0.01,SUR,2006-04-24,TQBR
MGNZ,3020,RU0009100911,1-01-00283-A,Соликамский магн.завод(ОАО)ао,СМЗ-ао,SMZ,common_share,3,398272,0.25,SUR,2008-10-14,TQBR
MGTS,1224,RU0009036461,1-05-00083-A,"ПАО ""МГТС"" ао (5 в)",МГТС-5ао,MGTS-5,common_share,3,79708751,40,SUR,2005-01-11,TQBR
MGTSP,1224,RU0009036479,2-04-00083-A,"ПАО ""МГТС"" ап (4 в)",МГТС-4ап,MGTS-4,preferred_share,3,15514042,40,SUR,2005-01-11,TQBR
MISB,841,RU000A0D8K33,1-01-50086-A,ТНС энерго Марий Эл ПАО ао,ТНСэнМарЭл,TNS energo Mariy El ao,common_share,3,121847780,0.1,SUR,2005-08-26,TQBR
MISBP,841,RU000A0D8K41,2-01-50086-A,ТНС энерго Марий Эл ПАО ап,ТНСэМаЭл-п,TNS energo Mariy El (pref),preferred_share,3,10652220,0.1,SUR,2005-08-26,TQBR
MKBD,6318,RU000A103BX8,4474,БПИФ МКБ Российские Див. Акции,MKBD ETF,MKBD ETF Russian Div. Shares,exchange_ppif,1,,,,2021-07-28,TQTF
MOEX,3455,RU000A0JR4A1,1-05-08443-H,ПАО Московская Биржа,МосБиржа,MoscowExchange,common_share,1,2276401458,1,SUR,2013-02-04,TQBR
MONY,848,RU000A10AF15,6661,БПИФ АК БАРС Денежный рынок,MONY ETF,MONY ETF Money market,exchange_ppif,3,,,,2024-12-26,TQTF
MRKC,2683,RU000A0JPPL8,1-01-10214-A,"ПАО ""Россети Центр"" ао",РоссЦентр,Rosseti Centr,common_share,2,42217941468,0.1,SUR,2008-05-21,TQBR
MRKK,3580,RU000A0JPPQ7,1-01-34747-E,Россети Сев. Кавказ ао,Россети СК,Rosseti Severnyy Kavkaz ao,common_share,3,2093354170,1,SUR,2008-06-19,TQBR
MRKP,2689,RU000A0JPN96,1-01-12665-E,Россети Центр и Приволжье ао,РСетиЦП ао,Rosseti Centr i Privoljye ao,common_share,2,112697817043,0.1,SUR,2008-04-07,TQBR
MRKS,2684,RU000A0JPPF0,1-01-12044-F,Россети Сибирь ао,РсетСиб ао,Rosseti Sibir,common_share,3,94815163249,0.1,SUR,2008-06-05,TQBR
MRKU,2522,RU000A0JPPT1,1-01-32501-D,Россети Урал (ПАО) ао,Россети Ур,Rosseti Ural ao,common_share,2,87430485711,0.1,SUR,2008-06-18,TQBR
MRKV,2688,RU000A0JPPN4,1-01-04247-E,Россети Волга ао,РсетВол ао,Rosseti Volga,common_share,2,188307958732,0.1,SUR,2008-05-23,TQBR
MRKY,2692,RU000A0JPPG8,1-01-34956-E,Россети Юг  (ПАО) ао,РоссЮг ао,Rosseti South ao,common_share,3,692279563680,0.1,SUR,2008-08-22,TQBR
MRKZ,3581,RU000A0JPPB9,1-01-03347-D,ПАО Россети Северо-Запад ао,РСетиСЗ ао,Rosseti Severo-Zapad,common_share,2,95785923138,0.1,SUR,2008-05-29,TQBR
MRSB,844,RU000A0D9AJ7,1-01-55055-E,Мордовск.энергсбыт.комп.ПАО ао,МордЭнСб,Mordovskaya EnergoSbyt Comp.,common_share,3,1345037710,0.0136,SUR,2005-09-01,TQBR
MSNG,649,RU0008958863,1-01-00085-A,МосЭнерго акции обыкн.,+МосЭнерго,MosEnrg,common_share,1,39749359700,1,SUR,2005-01-11,TQBR
MSRS,994,RU000A0ET7Y7,1-01-65116-D,ПАО Россети Моск.рег. ао,РСетиМР ао,Rosseti Moscow Region,common_share,2,48707091574,0.5,SUR,2006-02-09,TQBR
MSTT,3211,RU0009177331,1-03-02472-A,"ПАО ""МОСТОТРЕСТ"" ао",Мостотрест,Mostotrest,common_share,3,282215500,0.14,SUR,2010-11-03,TQBR
MTLR,716,RU000A0DKXV5,1-01-55005-E,Мечел ПАО ао,Мечел ао,Mechel,common_share,1,416270745,10,SUR,2008-12-26,TQBR
MTLRP,716,RU000A0JPV70,2-01-55005-E,Мечел ПАО ап,Мечел ап,Mechel pref.,preferred_share,1,138756915,10,SUR,2011-04-21,TQBR
MTSS,1352,RU0007775219,1-01-04715-A,Мобильные ТелеСистемы ПАО ао,МТС-ао,MTS,common_share,1,1998381575,0.1,SUR,2004-02-11,TQBR
MVID,787,RU000A0JPGA0,1-02-11700-A,"""М.видео"" ПАО ао",М.видео,M.video,common_share,1,179768227,10,SUR,2007-11-01,TQBR
NAUK,4707,RU000A0JRPX9,1-01-04440-A,НПО Наука ао,iНПОНаука,NPO Nauka ao,common_share,3,11789500,0.2,SUR,2011-12-15,TQBR
NFAZ,1773,RU0009115604,1-01-30520-D,НЕФАЗ ПАО ао,НЕФАЗ,NEFAZ PAO ao,common_share,3,8038896,1,SUR,2011-09-09,TQBR
NKHP,2076,RU000A0BLWD7,1-03-35684-E,НКХП ПАО ао,НКХП ао,NKHP ao,common_share,3,67597000,1,SUR,2015-11-17,TQBR
NKNC,858,RU0009100507,1-02-00096-A,"""Нижнекамскнефтехим"" ПАО ао",НКНХ ао,Niznekamskneftekhim ao,common_share,3,1611256000,1,SUR,2008-04-04,TQBR
NKNCP,858,RU0006765096,2-02-00096-A,"""Нижнекамскнефтехим"" ПАО ап",НКНХ ап,Niznekamskneftekhim (pref),preferred_share,3,218983750,1,SUR,2008-04-04,TQBR
NKSH,3371,RU0009100515,1-02-55032-D,Нижнекамскшина ПАО ао,Нижкамшина,Nizhnekamskshina ao,common_share,3,63731171,1,SUR,2011-12-14,TQBR
NLMK,970,RU0009046452,1-01-00102-A,"ПАО ""НЛМК"" ао",НЛМК ао,NLMK ao,common_share,1,5993227240,1,SUR,2006-04-06,TQBR
NMTP,794,RU0009084446,1-01-30251-E,НМТП (ПАО) ао,НМТП ао,NMTP,common_share,3,19259815400,0.01,SUR,2007-11-08,TQBR
NNSB,1009,RU000A0ET5A1,1-01-55072-E,ТНС энерго Нижний Новг.ПАО ао,ТНСэнНН ао,TNS energo Nizhniy-Novgorod ao,common_share,3,3919400,11.88,SUR,2005-11-08,TQBR
NNSBP,1009,RU000A0ET5B9,2-01-55072-E,ТНС энерго Нижний Новг.ПАО ап,ТНСэнНН ап,TNS energo Nizhniy Novg. pref,preferred_share,3,1063512,11.88,SUR,2005-11-08,TQBR
NPOF,4729,RU000A0JQ5X1,1-02-05481-A,"ПАО НПО ""ФИЗИКА"" ао",Физика,"PAO ""FIZIKA"" ORD",common_share,,90262,120,SUR,2024-09-11,MTQR
NSVZ,4621,RU000A0JQLB6,1-01-12689-A,Наука-Связь ПАО ао,iНаукаСвяз,Nauka-Svyaz ao,common_share,3,15701562,1,SUR,2011-12-13,TQBR
NVTK,1074,RU000A0DKVS5,1-02-00268-E,"ПАО ""НОВАТЭК"" ао",Новатэк ао,NOVATEK,common_share,1,3036306000,0.1,SUR,2006-08-18,TQBR
OBLG,4456,RU000A1002S8,3647,БПИФ Российскиеоблигации УКВИМ,OBLG ETF,OBLG ETF Corp Bonds Smart beta,exchange_ppif,1,,,,2019-02-21,TQTF
OGKB,895,RU000A0JNG55,1-02-65105-D,ОГК-2 ПАО ао,ОГК-2 ао,OGK-2,common_share,2,136207331098,0.3627,SUR,2007-06-22,TQBR
OKEY,11357,US6708662019,,ГДР OKEY Group S.A. ORD SHS,OKEY-гдр,GDR OKEY Group ORD SHS,depositary_receipt,3,,,USD,2020-12-14,TQBR
OMZZP,1089,RU0009090559,2-01-30174-D,"ап""Объединён.  маш. заводы""",ОМЗ-ап,OMZ (pref),preferred_share,3,2750000,0.1,SUR,2004-09-28,TQBR
OZON,11384,RU000A10CW95,1-01-17182-A,МКПАО Озон,Озон,OZON,common_share,1,216413733,0.07809,SUR,2020-11-24,TQBR
OZPH,15750,RU000A109B25,1-01-10877-P,Озон Фармацевтика,iОзонФарм,Ozon Pharmaceuticals,common_share,1,1167690558,0.02,SUR,2024-10-17,TQBR
PAZA,3064,RU0009083240,1-02-00261-A,Павловский автобус ПАО ао,ПавлАвт ао,Pavlovo Bus ao,common_share,3,1567904,415,SUR,2011-12-08,TQBR
PHOR,4513,RU000A0JRKT8,1-02-06556-A,ФосАгро ПАО ао,ФосАгро ао,PhosAgro ao,common_share,1,129500000,2.5,SUR,2011-07-18,TQBR
PIKK,739,RU000A0JP7J7,1-02-01556-A,ПИК СЗ (ПАО) ао,ПИК ао,PIK SZ,common_share,1,660497344,62.5,SUR,2007-06-13,TQBR
PLZL,1158,RU000A0JNAA8,1-01-55192-E,Полюс ПАО ао,Полюс,Polus,common_share,1,1360694001,0.1,SUR,2006-05-12,TQBR
PMSB,1054,RU000A0ET123,1-01-55084-E,"""Пермэнергосбыт"" ПАО ао",ПермьЭнСб,Perm' EnergoSbyt,common_share,3,36210960,3.25,SUR,2006-02-09,TQBR
PMSBP,1054,RU000A0ET156,2-01-55084-E,"""Пермэнергосбыт"" ПАО ап",ПермьЭнС-п,Perm' EnergoSbyt (pref),preferred_share,3,11353500,3.25,SUR,2006-02-09,TQBR
POSI,12604,RU000A103X66,1-01-85307-H,Группа Позитив ао,iПозитив,PJSC Positive Group,common_share,1,71214000,0.5,SUR,2021-12-17,TQBR
PRFN,3407,RU000A0JNXF9,1-01-45194-D,ТЕПЛАНТ восток (ПАО) ао,ТЕПЛАНТ ао,TEPLANT vostok,common_share,3,838287450,0.1,SUR,2012-08-28,TQBR
PRIE,6281,RU000A1030R1,4362,БПИФ РСХБ-Облигации ИЭсДжи,PRIE ETF,PRIE ETF RSHB-BondsESG,exchange_ppif,1,,,,2021-04-26,TQTF
PRIM,892,RU0009084487,1-06-00120-A,"ПАО ""ПМП"" ао",ПМП,"PAO ""Prim Shipp Corp"" ORD",common_share,,796392000,0.2,SUR,2006-12-04,MTQR
PRMB,387,RU000A0DPNQ5,10103001B,"АКБ ""Приморье"" ао",Приморье,AKB Primorye,common_share,3,250000,1000,SUR,2011-05-03,TQBR
PRMD,13275,RU000A108JF7,1-01-01622-G,ПРОМОМЕД,iПРОМОМЕД,iPROMOMED,common_share,2,212500000,1,SUR,2024-07-12,TQBR
PSGM,4847,RU000A10B5N4,6919,БПИФ ПСБ Золотой рынок,PSGM ETF,PSGM ETF PSB Gold Market,exchange_ppif,1,,,,2025-04-15,TQTF
PSMM,4847,RU000A108G96,6170,БПИФ РФИ ПСБ–Денежный рынок,PSMM ETF,PSMM ETF MFI PSB-Money Market,exchange_ppif,1,,,,2024-05-27,TQTF
PSRB,4847,RU000A10A0X5,6626,ПСБ  Рублевые облигации,PSRB ETF,PSRB ETF Ruble bonds,exchange_ppif,1,,,,2024-11-20,TQTF
PSRE,4847,RU000A10C0W5,7155,БПИФ ПСБ - Российские акции,PSRE ETF,PSRE ETF PSB - Russian Equitie,exchange_ppif,1,,,,2025-07-18,TQTF
RAGR,4330,RU000A0JQUZ6,1-01-14044-A,Группа Русагро,Русагро,RUSAGRO GROUP,common_share,1,958749600,2.5,SUR,2025-02-17,TQBR
RASP,641,RU000A0B90N8,1-04-21725-N,ПАО Распадская ао,Распадская,Raspadskaya,common_share,2,665733918,0.004,SUR,2006-11-14,TQBR
RBCM,4463,RU000A0JR6A6,1-02-56413-H,ГК РБК ПАО ао,ГК РБК ао,GK RBK ao,common_share,3,365631010,0.00064,SUR,2011-01-19,TQBR
RDRB,149,RU000A0JU6Q7,10201573B,РоссийскийДорож Банк ПАО ао,РДБанк ао,RosDor Bank ao,common_share,3,27492735,124,SUR,2013-10-31,TQBR
RENI,9767,RU000A0ZZM04,1-01-10601-Z,Ренессанс Страхование ао,Ренессанс,Renaissance Insurance,common_share,1,556952780,9.88,SUR,2021-10-20,TQBR
RGSS,1837,RU0008010855,1-03-10003-Z,Росгосстрах СК ПАО ао,РГС СК ао,Rosgosstrakh ao,common_share,3,489503740915,0.03,SUR,2013-11-19,TQBR
RKKE,1783,RU0009095939,1-03-01091-A,РКК Энергия им.С.П.Королева ао,ЭнергияРКК,RKK Energia,common_share,3,1842049,1000,SUR,2008-05-29,TQBR
RNFT,1264,RU000A0JSE60,1-02-39134-H,РуссНефть НК ПАО ао,РуссНфт ао,RussNeft NK,common_share,1,294120000,0.5,SUR,2016-11-18,TQBR
ROLO,6132,RU000A0JU1B0,1-01-15065-A,"""Русолово"" ПАО ао",Русолово,Rusolovo PAO ao,common_share,3,30001000000,0.1,SUR,2013-08-12,TQBR
ROSN,651,RU000A0J2Q06,1-02-00122-A,ПАО НК Роснефть,Роснефть,Rosneft,common_share,1,10598177817,0.01,SUR,2006-07-19,TQBR
ROST,2589,RU000A0JP922,1-02-55033-E,РОСИНТЕР РЕСТОРАНТС (ПАО),РОСИНТЕРао,ROSINTER RESTAURANTS ao,common_share,3,16305334,169.7,SUR,2008-08-11,TQBR
RSHU,6281,RU000A101368,3906,БПИФ РСХБ Корп обл смарт бета,RSHU ETF,RSHU ETF smart beta bonds,exchange_ppif,1,,,,2019-12-12,TQTF
RTGZ,2634,RU000A0JPG04,1-02-30742-E,Газпром газорасп Р-н-Д ПАО ао,ГР Ростов,Gazprom gazorasp. Rostov ao,common_share,3,120246,2000,SUR,2012-11-07,TQBR
RTKM,1193,RU0008943394,1-01-00124-A,Ростелеком (ПАО) ао.,Ростел -ао,Rostelecom,common_share,1,3282997929,0.0025,SUR,2005-01-11,TQBR
RTKMP,1193,RU0009046700,2-01-00124-A,Ростелеком (ПАО) ап.,Ростел -ап,Rostelecom- (pref),preferred_share,1,209565147,0.0025,SUR,2005-01-11,TQBR
RTSB,1066,RU000A0D8PB4,1-01-50095-A,ТНС энерго Ростов. ПАО ао,ТНСэнРст,TNS energo Rostov-na-Dony ao,common_share,3,8128764676,0.02,SUR,2005-12-26,TQBR
RTSBP,1066,RU000A0D8PC2,2-01-50095-A,ТНС энерго Ростов. ПАО ап,ТНСэнРст-п,TNS energo Rostov-na-Dony(prf),preferred_share,3,925737256,0.02,SUR,2005-12-26,TQBR
RU0005418747,1139,RU0005418747,0029-18610555,ОПИФ Фонд Первый,ФондПервый,Fund-1 IP,public_ppif,3,,,,2021-07-05,TQIF
RU0006922010,1026,RU0006922010,0056-56658088,ОПИФ Фонд Консервативный,ФондКонс,Fund-Konservativniy IP,public_ppif,3,,,,2021-07-05,TQIF
RU0006922044,1026,RU0006922044,0053-56612554,"ОПИФ ""БКС Акции роста""",БКСАкцрост,BCS Akcii rosta,public_ppif,3,,,,2021-07-05,TQIF
RU000A0HGNG6,721,RU000A0HGNG6,0363-75409054,ОПИФ Арсагера - фонд акций,АрсагераФА,OPIF Arsaguera - Stock Fund,public_ppif,3,,,,2022-02-09,TQIF
RU000A0HGNH4,721,RU000A0HGNH4,0364-75409132,Арсагера фонд смеш. инвестиц.,ПИФАрсСИ,Arsagera fund mixed investment,public_ppif,3,,,,2024-04-26,TQIF
RU000A0JP773,1026,RU000A0JP773,0278-58233720,ОПИФ БКС Российские Акции,БКС РосАкц,PIF BKS-Indeks MMVB,public_ppif,3,,,,2021-08-30,TQIF
RU000A0JP799,1026,RU000A0JP799,0140-58233625,ОПИФ БКС Российские облигации,БКС РосОбл,PIF BKS RossObl,public_ppif,3,,,,2021-08-30,TQIF
RU000A0JPMD2,721,RU000A0JPMD2,0439-75408664,Арсагера-акции 6.4 ПИФ,ПИФАрс6.4,Arsagera-akcii 6.4 IP,public_ppif,3,,,,2023-09-20,TQIF
RU000A0JPZL7,848,RU000A0JPZL7,1076-58229138,"Ак Барс ПИФ ""АК БАРС-Инвестиц""",АкБрс-Инв,AK BARS-Investitsii,private_ppif,3,,,,2008-10-10,TQIF
RU000A0JPZP8,848,RU000A0JPZP8,0792-75407676,УКАкБарсКап ПИФ АК БАРС-Персп.,АкБрс-Прсп,AK BARS-Perspektiva,private_ppif,3,,,,2008-10-10,TQIF
RU000A0JR282,4456,RU000A0JR282,0968-94131582,ОПИФ ВИМ Акции,ПИФ Акции,Equity Fund,public_ppif,3,,,,2010-12-01,TQIF
RU000A0JR290,4456,RU000A0JR290,0177-71671092,ОПИФ ВИМ Индекс Мосбиржи,ПИФИнМосБр,Index Moex Fund,public_ppif,3,,,,2010-12-01,TQIF
RU000A0JR2A5,4456,RU000A0JR2A5,0962-94131346,ОПИФ ВИМ-Сбалансированн инвест,ПИФСбалан,Balanced Fund,public_ppif,3,,,,2010-12-01,TQIF
RU000A0JR2C1,4456,RU000A0JR2C1,0089-59893097,ОПИФ ВИМ Казначейский,ПИФКазна,Treasury Fund,public_ppif,3,,,,2010-12-01,TQIF
RU000A0JRHC0,4529,RU000A0JRHC0,1899-94168527,ПИФ АТРИУМ УК ВЕЛЕС ТР,ПИФ АТРИУМ,ATRIUM UK VELES TR,private_ppif,3,,,,2011-06-08,TQIF
RU000A0JRUQ3,1387,RU000A0JRUQ3,0078-58234010,ОПИФ ТКБИП Сбалансированный,ТКБИП Сбал,TKBIP Sbl,public_ppif,3,,,,2024-06-03,TQIF
RU000A0JT4S1,6321,RU000A0JT4S1,0202-72729965,ОПИФ ВИМ-Накопительный резерв,ВИМНакопРе,OPIF VIM-Cumulative reserve,public_ppif,1,,,,2022-08-19,TQIF
RU000A0JUR61,6165,RU000A0JUR61,2006-94172747,УК ПЕРАМО ИН ПИФ КОНСЕРВАТОРия,ПИФ КОНСЕР,UK PERAMO IN PIF CONSERVATORia,interval_ppif,3,,,,2014-10-21,TQIF
RU000A0JUYB1,1373,RU000A0JUYB1,0521-75409008,ЗПИФ Лофтинвест,ЗПИФЛофтин,ZPIF Loftinvest,private_ppif,3,,,,2020-11-05,TQIF
RU000A0JVJ29,1026,RU000A0JVJ29,2515,ОПИФ БКС Драгоценные Металлы,БКСДрагМет,OPIF BCS Precious Metals,public_ppif,3,,,,2021-07-15,TQIF
RU000A0JWCE7,4529,RU000A0JWCE7,2423,ЗПИФ Недвижимости Перловский,Перловский,ZPIF Perlovsky,private_ppif,3,,,,2024-08-14,TQIF
RU000A0JXP78,9402,RU000A0JXP78,3164,ЗПИФ недвижимости ДОМ.РФ,ЗПИФДОМ.РФ,ZPIF DOM.RF,private_ppif,3,,,,2017-05-17,TQIF
RU000A0JXWF0,721,RU000A0JXWF0,2721,Арсагера фонд обл КР 1.55,АрсКР1.55,Arsagera bonds KP 1.55,public_ppif,3,,,,2024-04-26,TQIF
RU000A0ZYC64,1229,RU000A0ZYC64,3219,ЗПИФ СовременАрендный бизнес 2,СоврАрБиз2,SovrArendBiznes 2,private_ppif,3,,,,2017-10-11,TQIF
RU000A0ZZ422,14979,RU000A0ZZ422,3279,ЗПИФ Торговые ряды,ТРЗПИФ,Torgovye ryady ZPIF,private_ppif,3,,,,2018-09-10,TQIF
RU000A0ZZ5R2,11567,RU000A0ZZ5R2,3445,ПИФ Современ Арендный бизнес 3,СоврАрБиз3,PIF SovrArendBiznes3,private_ppif,3,,,,2018-10-22,TQIF
RU000A0ZZCD8,6385,RU000A0ZZCD8,3483,ИПИФ Мировые инвестиции УКАтон,ИПИФМирИнв,IPIF Mirovye invest MC Aton,interval_ppif,3,,,,2018-10-16,TQIF
RU000A0ZZMD7,6281,RU000A0ZZMD7,2567,ОПИФ РСХБ – Фонд Облигаций,РСХБ Облиг,OPIF RSHB Fund Bonds,public_ppif,3,,,,2023-02-21,TQIF
RU000A0ZZML0,6281,RU000A0ZZML0,2566,ОПИФ РСХБ Сбалансированный,РСХБ Сбал,OPIF RSHB Balanced Fund,public_ppif,3,,,,2023-02-21,TQIF
RU000A0ZZMN6,6281,RU000A0ZZMN6,2568,ОПИФ РСХБ – Фонд Акций,РСХБ Акции,OPIF RSHB Fund Shares,public_ppif,3,,,,2023-02-21,TQIF
RU000A0ZZVH9,1287,RU000A0ZZVH9,3447,ПИФ Газпромбанк-Еврооблигации,ГПБУАЕОбИП,PIF Gazprombank Eurobonds,interval_ppif,3,,,,2019-02-12,TQIF
RU000A1000W4,8878,RU000A1000W4,3606,ОПИФ Харизматичные идеи,ХаризмИдеи,OPIF Charismatic ideas,public_ppif,3,,,,2025-02-26,TQIF
RU000A1000Y0,4456,RU000A1000Y0,3638,ПИФ ВИМ пре-АйПиО фонд,iпре-АйПиО,PIF  pre IPO Fund,private_ppif,3,,,,2020-02-27,TQIF
RU000A100EQ2,1026,RU000A100EQ2,3665,ОПИФ БКС Российские Еврообл,БКС РосЕвр,OPIF BCS Russian Eurobonds,public_ppif,3,,,,2021-08-30,TQIF
RU000A100WZ5,11165,RU000A100WZ5,3872,ЗПИФ АКЦЕНТ 4,АКЦЕНТ 4,ZPIF ACCENT 4,private_ppif,3,,,,2025-06-04,TQIF
RU000A101NK4,9339,RU000A101NK4,3964,ЗПИФ Фонд первичных размещений,ЗПИФ ФПР,ZPIF Primary placement fund,private_ppif,2,,,,2020-07-23,TQIF
RU000A101UK9,4500,RU000A101UK9,2416,ЗПИФ СТРОЙПРОЕКТ УК ОРЕОЛ,ОРЕОЛСтрой,ZPIF STROYPROEKT AM OREOL,private_ppif,3,,,,2021-10-11,TQIF
RU000A101UY0,6318,RU000A101UY0,4073,ОПИФ МКБ Денежный рынок,ОПИФ MM,OPIF MKB Money market,public_ppif,3,,,,2020-08-07,TQIF
RU000A101YY2,1318,RU000A101YY2,4093,ЗПИФ Альфа-К Арендный поток-2,ПИФАльфАП2,PIF Alfa-Capital Arendn.potok2,private_ppif,3,,,,2020-11-02,TQIF
RU000A1022Z1,11501,RU000A1022Z1,4095-СД,ЗПИФ ПАРУС-ОЗН,ПАРУС-ОЗН,ZPIF PARUS-OZN,private_ppif,3,,,,2021-04-30,TQIF
RU000A1027E5,9339,RU000A1027E5,4025,ЗПИФ Фонд ВДО разв. росс. комп,ЗПИФ ВДО,ZPIF VDO Fund for Dev RusComp,private_ppif,3,,,,2021-02-15,TQIF
RU000A102AH5,1229,RU000A102AH5,4171,ЗПИФ Современный 6,ЗПИФСовр 6,ZPIF Sovremenniy 6,private_ppif,3,,,,2021-03-05,TQIF
RU000A102N77,6321,RU000A102N77,3891,ЗПИФ РД,ЗПИФРД,ZPIF RI,private_ppif,1,,,,2021-02-10,TQIF
RU000A102PE0,4456,RU000A102PE0,4280-СД,ИПИФ ВИМ Фонд Суборд 1,Фондсуб1,Fund Subord 1,interval_ppif,3,,,,2021-02-19,TQIF
RU000A102PF7,4456,RU000A102PF7,4281-СД,ИПИФ ВИМ Фонд Суборд 2,Фондсуб2,Fund Subord 2,interval_ppif,3,,,,2021-02-19,TQIF
RU000A102PN1,1318,RU000A102PN1,4265,ЗПИФ Альфа-К ФастФуд,ПИФАльфаФФ,PIF Alfa-Capital FastFood,private_ppif,3,,,,2021-09-02,TQIF
RU000A102PQ4,4456,RU000A102PQ4,4283-СД,ИПИФ ВИМ Фонд Суборд Рубли,ФондСубРуб,Fund Subord RUB,interval_ppif,3,,,,2021-06-15,TQIF
RU000A1034U7,11567,RU000A1034U7,4416,ЗПИФ Недвижимости Современный7,СФНАрБиз7,ZPIF Sovremenniy 7,private_ppif,3,,,,2021-08-25,TQIF
RU000A103B62,6321,RU000A103B62,4455-СД,Рентный доход ПРО,РенДохПРО,Rental income PRO,private_ppif,3,,,,2021-10-05,TQIF
RU000A103HD7,6321,RU000A103HD7,4508,ЗПИФ РД 2,ЗПИФРД2,ZPIF RI 2,private_ppif,3,,,,2021-11-10,TQIF
RU000A104172,11501,RU000A104172,4559-СД,ЗПИФ ПАРУС-СБЛ,ПАРУС-СБЛ,ZPIF PARUS-SBL,private_ppif,3,,,,2021-12-30,TQIF
RU000A104FB3,1287,RU000A104FB3,3977,ИПИФ Газпромбанк - Гиперион,Гиперион,MF Gazprombank - Hyperion,interval_ppif,3,,,,2023-12-13,TQIF
RU000A104KU3,11501,RU000A104KU3,4570-СД,ЗПИФ ПАРУС-Нордвей,ПАРУС-НОРД,ZPIF PARUS-Nordway,private_ppif,3,,,,2022-10-21,TQIF
RU000A104M43,15002,RU000A104M43,3343,ОПИФ Аленка-Капитал,ПИФ Аленка,OPIF Alenka-Capital,public_ppif,3,,,,2024-05-24,TQIF
RU000A104YX8,11567,RU000A104YX8,4857-СД,ЗПИФ СФН Совр Ком недвиж,ЗПИФКомНед,ZPIF Commercial Real Estate,private_ppif,3,,,,2022-08-29,TQIF
RU000A105153,4816,RU000A105153,4853-СД,ИПИФ Астра Хедж-фонд Р5,ХеджФондР5,IPIF Astra Hedge Fund P5,interval_ppif,3,,,,2023-09-18,TQIF
RU000A105328,11501,RU000A105328,4604-СД,ЗПИФ ПАРУС-ЛОГИСТИКА,ПАРУС-ЛОГ,ZPIF PARUS-LOGISTICS,private_ppif,3,,,,2023-03-29,TQIF
RU000A105GY0,11319,RU000A105GY0,5036-СД,ЗПИФ Гамма Первый спортивный,ЗПИФПервСп,ZPIF Gamma First Sports,private_ppif,3,,,,2025-05-19,TQIF
RU000A105R70,14778,RU000A105R70,4826-СД,ИПИФ Аннапурна,Аннапурна,IPIF Annapurna,interval_ppif,3,,,,2023-06-01,TQIF
RU000A105RJ8,6281,RU000A105RJ8,4140,ОПИФ РСХБ Долговой рынок,РСХБДолРын,OPIF RSHB Debt Market,public_ppif,3,,,,2023-04-06,TQIF
RU000A105TU1,1026,RU000A105TU1,5270,ОПИФ БКС Капитал,БКСКапитал,BCS Capital,public_ppif,3,,,,2023-05-15,TQIF
RU000A1068X9,11501,RU000A1068X9,4434-СД,ЗПИФ ПАРУС-Двинцев,ПАРУС-ДВН,ZPIF PARUS-Dvincev,private_ppif,3,,,,2023-07-25,TQIF
RU000A106CX9,1318,RU000A106CX9,5420,ЗПИФ Альфа-К ЮМ,ЗПИФА-ЮМ,ZPIF Alfa-K Yzhnie metry,private_ppif,3,,,,2025-10-24,TQIF
RU000A106G80,10779,RU000A106G80,5435-СД,ЗПИФ ТКапитал Замещающие облиг,ТКЗамещОбл,ZPIF Capital Replacement bonds,private_ppif,3,,,,2023-08-11,TQIF
RU000A106LB6,6385,RU000A106LB6,5476-СД,ИПИФ Всесезонный портфель,ВсеСзПортф,IPIF All season portfolio,interval_ppif,3,,,,2025-03-19,TQIF
RU000A106LC4,6385,RU000A106LC4,5475-СД,Атон Максимум возможностей,МаксВозм,IPIF Max possibilities,interval_ppif,3,,,,2025-03-19,TQIF
RU000A106MG3,4816,RU000A106MG3,5314-СД,ИПИФ Астра Хедж-фонд Д5,ХеджФондД5,IPIF Astra Hedge Fund D5,interval_ppif,3,,,,2024-02-07,TQIF
RU000A106N57,6385,RU000A106N57,5509-СД,ИПИФ Атон – Облигации 2.0,Атон-Об2.0,IPIF ATON  Bonds 2.0,interval_ppif,3,,,,2025-03-19,TQIF
RU000A106SA3,14778,RU000A106SA3,5576-СД,ИПИФ Телескоп А,Телескоп А,IPIF Teleskop A,interval_ppif,3,,,,2026-03-06,TQIF
RU000A106XE5,14778,RU000A106XE5,5617-СД,ИПИФ Саммит,Саммит,IPIF Sammeet,interval_ppif,3,,,,2025-09-22,TQIF
RU000A1075T2,1287,RU000A1075T2,4843-СД,ЗПИФ Газпромбанк – Рубин,ЗПИФ Рубин,MF Gazprombank - Ruby,private_ppif,3,,,,2023-12-13,TQIF
RU000A107860,4816,RU000A107860,5313-СД,ИПИФ Астра Хедж-фонд Ю5,ХеджФондЮ5,IPIF Astra Hedge Fund U5,interval_ppif,3,,,,2024-02-07,TQIF
RU000A1079J5,4816,RU000A1079J5,5493-СД,ИПИФ Астра Хедж-фонд Д1,ХеджФондД1,IPIF Astra Hedge Fund D1,interval_ppif,3,,,,2024-02-07,TQIF
RU000A107J37,1318,RU000A107J37,5948,ПИФ Альфа Самолет Жилая недвиж,ПИФ СЖилН,PIF Alfa Samolet Jilay Nedvij,private_ppif,3,,,,2024-09-26,TQIF
RU000A107RE5,1318,RU000A107RE5,6002,ЗПИФ Альфа коллекция,ПИФ Коллек,PIF Alfa kollekciya,private_ppif,3,,,,2024-09-26,TQIF
RU000A107U08,8878,RU000A107U08,6022,ОПИФ Разумный инвестор,РазумИнвес,OPIF Smart Investor,public_ppif,3,,,,2025-04-01,TQIF
RU000A108751,1318,RU000A108751,6101-СД,ЗПИФ Альфа Промышленные парки,ПИФПромПар,ZPIF Alfa Industrial parks,private_ppif,3,,,,2024-09-26,TQIF
RU000A108KP4,4816,RU000A108KP4,6157-СД,ИПИФ Астра Хедж-фонд А+,ХеджФондА+,IPIF Astra Hedge Fund A+,interval_ppif,3,,,,2024-08-16,TQIF
RU000A108TT7,1026,RU000A108TT7,6266,БКС Дивиденд акции с выплатой,БКСДивАкци,BCS Equities with dividends,public_ppif,3,,,,2024-07-08,TQIF
RU000A108UH0,11501,RU000A108UH0,5849-СД,ПАРУС-КРАСНОЯРСК,ПАРУС-КРАС,ZPIF PARUS-Krasnoyarsk,private_ppif,3,,,,2025-04-11,TQIF
RU000A108VR7,11501,RU000A108VR7,6219-СД,ЗПИФ ПАРУС-МАКС,ПАРУС-МАКС,ZPIF PARUS-MAX,private_ppif,3,,,,2024-09-02,TQIF
RU000A108ZB2,4456,RU000A108ZB2,6323-СД,ВИМ Инвестиции 2х ОФЗ,2хОФЗ,WIM Investments 2x OFZ,interval_ppif,3,,,,2024-08-02,TQIF
RU000A1092L4,1318,RU000A1092L4,6211,ЗПИФ АКТИВО ДВАДЦАТЬ,ПИФАКТИВ20,ZPIF AKTIVO 20,private_ppif,3,,,,2024-09-26,TQIF
RU000A1095D4,6385,RU000A1095D4,6366-СД,ИПИФ Атон - ОФЗ,Атон - ОФЗ,IPIF Aton - OFZ,interval_ppif,3,,,,2025-03-19,TQIF
RU000A1099U0,11567,RU000A1099U0,6412,ЗПИФ Современный 9,ЗПИФСовр 9,ZPIF Sovremenniy 9,private_ppif,3,,,,2024-11-14,TQIF
RU000A109G79,11319,RU000A109G79,6234-СД,ЗПИФ ГРИНФЛОУ СКАНДИНАВИЯ,ПИФГРИНФЛО,ZPIF GREENFLOW SCANDINAVIA,private_ppif,3,,,,2024-10-01,TQIF
RU000A109GQ8,1318,RU000A109GQ8,6461,ПИФ Складская коллекция 2,ПИФСкладК2,PIF Skladskaya kollekciya 2,private_ppif,3,,,,2025-10-03,TQIF
RU000A109NL5,7968,RU000A109NL5,6516-СД,ЗПИФ ТЕТИС–Индустр. ндв,ТЕТИС ИН,ZPIF TETHYS-Indystr immovables,private_ppif,3,,,,2026-04-08,TQIF
RU000A109QR5,1287,RU000A109QR5,5096,ААА ПИФ Фонд Золота,ААА Золото,AAA PIF Gold Fund,public_ppif,3,,,,2024-11-11,TQIF
RU000A109R27,4456,RU000A109R27,6545-СД,2х Акции,2х Акции,2x Shares,interval_ppif,3,,,,2024-11-13,TQIF
RU000A10A489,1318,RU000A10A489,6648-СД,ЗПИФ Альфа Промышленные парки2,ПИФПарки2,ZPIF Alfa Industrial parks2,private_ppif,3,,,,2025-04-29,TQIF
RU000A10AN72,1093,RU000A10AN72,6761-СД,ИПИФ Синара,Синара,IPIF Sinara,interval_ppif,3,,,,2025-06-02,TQIF
RU000A10AQT4,1287,RU000A10AQT4,6815-СД,ЗПИФ ААА - Достояние,Достояние,ZPIF AAA - Dostoyanie,private_ppif,3,,,,2025-05-20,TQIF
RU000A10ATA8,1318,RU000A10ATA8,6721,ЗПИФ АКТИВО ФЛИППИНГ,ПИФАКТИВФЛ,ZPIF AKTIVO FLIPPING,private_ppif,3,,,,2025-02-28,TQIF
RU000A10BBS6,11501,RU000A10BBS6,6831-СД,ЗПИФ ПАРУС-ОЗН Новгород,ПАРУС-НиНо,ZPIF PARUS-OZN Novgorod,private_ppif,3,,,,2026-04-13,TQIF
RU000A10BM31,4456,RU000A10BM31,7031-СД,ВИМ Инвестиции Валютное плечо,ВИМ Вал пл,WIM Investmens Valutnoe plecho,interval_ppif,3,,,,2025-06-17,TQIF
RU000A10BQP0,1026,RU000A10BQP0,7057,БКС ОФЗ с выплатой дохода,БКС ОФЗ ВД,BCS OFZ with income payment,public_ppif,3,,,,2025-07-03,TQIF
RU000A10BQQ8,11319,RU000A10BQQ8,6843-СД,ЗПИФ ГРИН ФЛОУ ЛАХТА ПАРК,ЛАХТА ПАРК,ZPIF GREEN FLOW LAHTA PARK,private_ppif,3,,,,2025-07-02,TQIF
RU000A10BT26,1318,RU000A10BT26,7074-СД,ЗПИФ Альфа-К Туризм,ЗПИФА-Т,ZPIF Alfa-K Turism,private_ppif,3,,,,2025-10-24,TQIF
RU000A10BT42,9402,RU000A10BT42,7090-СД,ЗПИФ ДОМ.РФ ФЖН-1,ФЖН-1,ZPIF DOM.RF FZN-1,private_ppif,3,,,,2025-07-24,TQIF
RU000A10CFM8,11501,RU000A10CFM8,7223-СД,ЗПИФ ПАРУС-ЗОЛЯ,ПАРУС-ЗОЛЯ,ZPIF PARUS-ZOLYA,private_ppif,3,,,,2025-12-01,TQIF
RU000A10CKQ9,1318,RU000A10CKQ9,7030-СД,ЗПИФ Альфа Свой Капитал КомНед,АлфаКомНед,ZPIF Alfa Svoy Capital KomNed,private_ppif,3,,,,2025-10-13,TQIF
RU000A10CLY1,1318,RU000A10CLY1,7004,ЗПИФ АКТИВО ДВАДЦАТЬ ОДИН,ПИФАКТИВ21,ZPIF AKTIVO 21,private_ppif,3,,,,2025-09-29,TQIF
RU000A10D7W9,1093,RU000A10D7W9,7371-СД,ИПИФ Синара Валютные Обл,СинараВОбл,IPIF Sinara currency bonds,interval_ppif,3,,,,2025-12-01,TQIF
RU000A10D814,14979,RU000A10D814,7368-СД,ЗПИФ Термолэнд Капитал,ТермКап,ZPIF TermCap,private_ppif,3,,,,2026-03-23,TQIF
RU000A10E3R7,1318,RU000A10E3R7,7411,ЗПИФ АКТИВО ДВАДЦАТЬ ДВА,ПИФАКТИВ22,ZPIF AKTIVO 22,private_ppif,3,,,,2026-02-05,TQIF
RU000A10ECF5,6385,RU000A10ECF5,7607-СД,ИПИФ Атон-Портфель стратегий,Атон-ПфСтр,IPIF Aton-Strategic portfolio,interval_ppif,3,,,,2026-04-06,TQIF
RUAL,7972,RU000A1025V3,1-01-16677-A,РУСАЛ ОК МКПАО ао,РУСАЛ ао,RUSAL ao,common_share,1,15193014862,0.65652,SUR,2015-03-30,TQBR
RUSI,230,RU000A0JQ9W5,1-01-00409-A,РУСС-ИНВЕСТ ИК ПАО ао,ИКРУСС-ИНВ,RUSS-INVEST IC ao,common_share,3,109000000,1,SUR,2011-11-23,TQBR
RZSB,1068,RU000A0D9AF5,1-01-50092-A,"""Рязанская энергосб.комп"" ПАО",РязЭнСб,"JSC ""Ryazanenergosbyt""",common_share,3,206940220,0.05,SUR,2005-09-16,TQBR
SAFE,1229,RU000A1035N9,4431,БПИФ Первая Консерватив,SAFE ETF,SAFE ETF Conservative,exchange_ppif,1,,,,2021-06-09,TQTF
SAGO,2825,RU0009098255,1-02-00127-A,Самараэнерго (ПАО) - ао,СамарЭн-ао,SamaraEnergo ao,common_share,3,3480630296,0.25,SUR,2003-07-21,TQBR
SAGOP,2825,RU0009084495,2-02-00127-A,Самараэнерго (ПАО) - ап,СамарЭн-ап,SamaraEnergo(pref),preferred_share,3,364918444,0.01,SUR,2003-07-21,TQBR
SARE,2826,RU0009100754,1-02-00132-A,Саратовэнерго(ПАО)-ао,СаратЭн-ао,SaratovEnergo ao,common_share,3,4865127996,0.02,SUR,2011-11-24,TQBR
SAREP,2826,RU0009100762,2-02-00132-A,Саратовэнерго(ПАО)-ап,СаратЭн-ап,SaratovEnergo (pref),preferred_share,3,1493316000,0.02113,SUR,2011-11-24,TQBR
SBBC,1229,RU000A10B7P5,6938,БПИФ Первая Голубые фишки,SBBC ETF,SBBC ETF Blue chips,exchange_ppif,1,,,,2025-04-24,TQTF
SBBY,1229,RU000A106J53,5472,БПИФ Фонд Инструменты в юанях,SBBY ETF,SBBY ETF Instrum Fund in CNY,exchange_ppif,1,,,,2023-07-21,TQTF
SBCB,1229,RU000A1000Q6,3636,БПИФ Первая Фонд валютн. облиг,SBCB ETF,SBCB ETF USD Corporate Bonds,exchange_ppif,1,,,,2019-02-08,TQTF
SBCN,1229,RU000A105PU9,5230,БПИФ Первая Сберегат. в юанях,SBCN ETF,SBCN ETF First Savings in cny,exchange_ppif,1,,,,2023-01-16,TQTF
SBDS,1229,RU000A1035L3,4428,БПИФ Первая Фонд Моя цель 2045,SBDS ETF,SBDS ETF Moya cel 2045,exchange_ppif,1,,,,2021-06-09,TQTF
SBER,484,RU0009029540,10301481B,Сбербанк России ПАО ао,Сбербанк,Sberbank,common_share,1,21586948000,3,SUR,2007-07-20,TQBR
SBERP,484,RU0009029557,20301481B,Сбербанк России ПАО ап,Сбербанк-п,Sberbank (pref),preferred_share,1,1000000000,3,SUR,2007-07-20,TQBR
SBFR,1229,RU000A107KW2,5972,БПИФ Первая Облигации флоатеры,SBFR ETF,SBFR ETF Fund Bonds floaters,exchange_ppif,1,,,,2024-01-31,TQTF
SBGB,1229,RU000A1000F9,3629,БПИФ Первая Гос. облигации,SBGB ETF,SBGB ETF Government Bonds,exchange_ppif,1,,,,2019-01-25,TQTF
SBGD,1229,RU000A105385,5061,БПИФ Первая Доступное золото,SBGD ETF,SBGD ETF Fund Affordable gold,exchange_ppif,1,,,,2022-09-06,TQTF
SBHI,1229,RU000A103ZQ1,4678,БПИФ Первая Халяльные инвест,SBHI ETF,SBHI ETF Halal investments,exchange_ppif,1,,,,2021-11-18,TQTF
SBLB,1229,RU000A108355,6079,БПИФПервая Долгосроч.гособлиг.,SBLB ETF,First - Fund Bonds Longs,exchange_ppif,1,,,,2024-04-05,TQTF
SBMM,1229,RU000A103RF1,4607,БПИФ Первая Сберегательный,SBMM ETF,SBMM ETF Money Market,exchange_ppif,1,,,,2021-10-05,TQTF
SBMX,1229,RU000A0ZZH92,3555,БПИФ Первая Топ Рос. акций,SBMX ETF,SBMX ETF Top Russia equities,exchange_ppif,1,,,,2018-09-17,TQTF
SBPS,1229,RU000A1035R0,4427,БПИФ Первая Фонд Моя цель 2035,SBPS ETF,SBPS ETF Moya cel 2035,exchange_ppif,1,,,,2021-06-09,TQTF
SBRB,1229,RU000A100P44,3785,БПИФ  Первая Корп облигации,SBRB ETF,SBRB ETF RUB Corporate Bond,exchange_ppif,1,,,,2019-09-06,TQTF
SBRI,1229,RU000A1024P8,4162,БПИФ Первая Ответствен инвест,SBRI ETF,SBRI ETF Responsible invest,exchange_ppif,1,,,,2020-09-24,TQTF
SBRS,1229,RU000A1035Q2,4426,БПИФ Первая Осторожный смарт,SBRS ETF,SBRS ETF Rational smart,exchange_ppif,1,,,,2021-06-09,TQTF
SBSC,1229,RU000A106XY3,5649,БПИФ Первая Акции ср.и мал.кап,SBSC ETF,First-Equities mid small cap,exchange_ppif,1,,,,2023-10-10,TQTF
SCFT,6524,RU000A104FE7,4654,БПИФ Технологии будущего,SCFT ETF,SCFT ETF Future Technologies,exchange_ppif,1,,,,2022-02-02,TQTF
SCLI,6524,RU000A108VV9,6268,БПИФ Ликвидный,SCLI ETF,SCLI ETF Liquid,exchange_ppif,1,,,,2024-07-22,TQTF
SELG,4579,RU000A0JPR50,1-01-32694-F,"ПАО ""Селигдар""  ао",Селигдар,Seligdar,common_share,1,1030000000,1,SUR,2011-09-22,TQBR
SFIN,3667,RU000A0JVW89,1-02-56453-P,ЭсЭфАй ПАО ао,ЭсЭфАй ао,SFI ao,common_share,1,48622391,0.67,SUR,2015-12-04,TQBR
SGZH,10856,RU000A102XG9,1-01-87154-H,Сегежа ао,Сегежа,Segezha,common_share,1,78450000000,0.1,SUR,2021-04-28,TQBR
SIBN,1039,RU0009062467,1-01-00146-A,Газпром нефть ПАО ао,Газпрнефть,Gazprom neft,common_share,3,4741299639,0.0016,SUR,2003-07-10,TQBR
SILA,1143,RU000A10CW79,7307,БПИФ Сила Ликвидности,SILA ETF,SILA ETF,exchange_ppif,1,,,,2025-11-05,TQTF
SIPO,1229,RU000A108X20,6312,БПИФ Первая - Фонд АйПиО,SIPO ETF,SIPO ETF First IPO,exchange_ppif,1,,,,2024-07-22,TQTF
SLEN,2841,RU0009280465,1-03-00272-A,"ПАО ""Сахалинэнерго"" ао",Сахэнер ао,Sakhalinenergo ao,common_share,3,2237123773,10,SUR,2017-02-06,TQBR
SMCF,1188,RU000A10ASR4,6833,БПИФ СОЛИД Денежный поток,SMCF ETF,SMCF ETF Cash flow,exchange_ppif,1,,,,2025-02-17,TQTF
SMLT,9848,RU000A0ZZG02,1-01-16493-A,ГК Самолет ао,Самолет ао,Samolet,common_share,1,61579358,25,SUR,2020-10-29,TQBR
SNGS,1406,RU0008926258,1-01-00155-A,Сургутнефтегаз ПАО акции об.,Сургнфгз,Surgut,common_share,2,35725994705,1,SUR,2005-01-11,TQBR
SNGSP,1406,RU0009029524,2-01-00155-A,Сургутнефтегаз ПАО ап,Сургнфгз-п,Surgut-pref,preferred_share,2,7701998235,1,SUR,2005-01-11,TQBR
SOFL,9483,RU000A0ZZBC2,1-01-45848-H,Софтлайн ао,iСофтлайн,Softline,common_share,2,400002000,0.0015,SUR,2023-09-25,TQBR
SPBE,6291,RU000A0JQ9P9,1-01-55439-E,СПБ Биржа ао,СПБ Биржа,SPB Exchange,common_share,3,132843907,3.75,SUR,2021-11-19,TQBR
SPRN,1229,RU000A10ECQ2,7610,БПИФ Первая Портфель Лежебоки,SPRN ETF,SPRN ETF Portfolio Lezheboki,exchange_ppif,1,,,,2026-03-26,TQTF
STME,1229,RU000A1035S8,4429,БПИФ Первая Вечный портфель,STME ETF,STME ETF eternal portfolio,exchange_ppif,1,,,,2021-06-09,TQTF
STSB,2856,RU000A0ET1W4,1-01-50119-A,Ставрополэнергосбыт ПАО ао,СтаврЭнСб,StavropolEnergoSbyt,common_share,3,859074636,0.00483,SUR,2008-03-28,TQBR
STSBP,2856,RU000A0ET1Z7,2-01-50119-A,Ставрополэнергосбыт ПАО ап,СтаврЭнСбп,StavropolEnergoSbyt (pref),preferred_share,3,262100364,0.00483,SUR,2008-03-28,TQBR
SUGB,6318,RU000A1020A8,4121,БПИФ МКБ – ОФЗ 1-3 г,SUGB ETF,SUGB ETF Government Bond 1-3Y,exchange_ppif,1,,,,2020-09-25,TQTF
SUMZ,3360,RU0009831275,1-01-00153-A,"ПАО ""СУМЗ"" ао",СУМЗ-ао,"AO ""SUMZ"" ORD",common_share,,10099488,0.125,SUR,2008-12-12,MTQR
SVAV,928,RU0006914488,1-01-02461-D,"ПАО ""СОЛЛЕРС""",СОЛЛЕРС,Sollers Avto,common_share,2,31486001,12.5,SUR,2005-04-22,TQBR
SVCB,784,RU000A0ZZAC4,10100963B,Совкомбанк ао,Совкомбанк,Sovcombank,common_share,1,22516228905,0.1,SUR,2023-12-15,TQBR
SVET,9594,RU000A100592,1-01-24350-J,Светофор Групп ао,Светофор,Svetofor Group,common_share,3,22333500,1,SUR,2021-01-15,TQBR
SVETP,9594,RU000A1005A9,2-01-24350-J,Светофор Групп ап,Светофор п,Svetofor Group ps,preferred_share,3,2481500,1,SUR,2024-05-27,TQBR
T,10763,RU000A107UL4,1-01-16784-A,Т-Технологии МКПАО ао,Т-Техно ао,IPJSC TCS Holding,common_share,1,2682747860,0.36394,SUR,2019-10-28,TQBR
TASB,1100,RU000A0D8NG8,1-01-65100-D,"ао""Тамбов.энергсбыт.комп.""ПАО",ТамбЭнСб,Tambov EnergoSbyt Company,common_share,3,1525986880,0.02,SUR,2005-08-08,TQBR
TASBP,1100,RU000A0D8NH6,2-01-65100-D,"ап""Тамбов.энергсбыт.комп.""ПАО",ТамбЭнСб-п,Tambov EnergoSbyt Comp. (pref),preferred_share,3,217961420,0.02,SUR,2005-08-08,TQBR
TATN,852,RU0009033591,1-03-00161-A,"ПАО ""Татнефть"" ао",Татнфт 3ао,Tatneft-3,common_share,1,2178690700,1,SUR,2005-01-11,TQBR
TATNP,852,RU0006944147,2-03-00161-A,"ПАО ""Татнефть"" ап 3 вып.",Татнфт 3ап,Tatneft (pref),preferred_share,1,147508500,1,SUR,2005-01-11,TQBR
TBEU,10779,RU000A103TD2,4618,БПИФ ТКАПИТАЛ ОБЛИГАЦИИ Е,TBEU ETF,TBEU ETF TCAPITAL BONDS E,exchange_ppif,1,,,,2021-11-23,TQTF
TBRU,10779,RU000A1039N1,4458,БПИФ Т-Капитал ОБЛИГАЦИИ,TBRU ETF,TBRU ETF T-Capital BONDS,exchange_ppif,1,,,,2021-07-12,TQTF
TDIV,10779,RU000A107563,5707,Т-Капитал ДИВИДЕНДНЫЕ АКЦИИ,TDIV ETF,TDIV T-Capital DIVIDEND STOCKS,exchange_ppif,1,,,,2023-11-23,TQTF
TEUR,10779,RU000A1011T7,3899,БПИФ ТКАПИТАЛ ВЕЧНЫЙ ПОРТФ Е,TEUR ETF,TCAPITAL ETF ALL-WEATHER E,exchange_ppif,1,,,,2019-12-09,TQTF
TGKA,1396,RU000A0JNUD0,1-01-03388-D,"ао ПАО ""ТГК-1""",ТГК-1,TGK-1,common_share,1,3854341416571,0.01,SUR,2007-03-26,TQBR
TGKB,1128,RU000A0JNGS7,1-01-10420-A,"ао ПАО ""ТГК-2""",ТГК-2,TGK-2,common_share,3,1458404850747,0.01,SUR,2006-10-20,TQBR
TGKBP,1128,RU000A0JNGT5,2-01-10420-A,"ап ПАО ""ТГК-2""",ТГК-2 ап,TGK-2 pref,preferred_share,3,16500533681,0.01,SUR,2007-01-30,TQBR
TGKJ,750,RU000A0F61T7,1-01-55090-E,Форвард Энерго ПАО ао,Форвард Эн,Forward Energy,common_share,,880387078,1.66,SUR,2023-03-22,MTQR
TGKN,1122,RU000A0H1ES3,1-01-22451-F,"ао ПАО ""ТГК-14""",ТГК-14,TGK-14,common_share,2,1357945609114,0.001,SUR,2007-01-25,TQBR
TGLD,10779,RU000A101X50,4098,БПИФ Т-Капитал ЗОЛОТО,TGLD ETF,TGLD ETF T-capital GOLD USD,exchange_ppif,1,,,,2020-08-26,TQTF
TITR,10779,RU000A108BL2,6126,Т-Капитал Акции роста,TITR ETF,T-Capital GROWTH SHARES,exchange_ppif,1,,,,2024-05-20,TQTF
TLCB,10779,RU000A107597,5728,Т-КАПИТАЛ ВАЛЮТНЫЕ ОБЛИГАЦИИ,TLCB ETF,TLCB T-Capital CURRENCY BONDS,exchange_ppif,1,,,,2023-11-23,TQTF
TMON,10779,RU000A106DL2,5229,T-КАПИТАЛ ДЕНЕЖНЫЙ РЫНОК,TMON ETF,TMON ETF TCAPITAL MONEY MARKET,exchange_ppif,1,,,,2023-07-12,TQTF
TMOS,10779,RU000A101X76,4100,БПИФ Т-КАПИТАЛ ИНДЕКС МОСБИРЖИ,TMOS ETF,TMOS ETF T-CAPITAL IMOEX RUB,exchange_ppif,1,,,,2020-08-26,TQTF
TNSE,6891,RU000A0JUCQ5,1-01-15521-A,"ПАО ГК ""ТНС энерго"" ао",ТНСэнрг ао,"PAO GK ""TNS energo"" ao",common_share,3,13668239,1,SUR,2015-06-17,TQBR
TOFZ,10779,RU000A10A1L8,6635,БПИФ Т-Капитал ОФЗ,TOFZ ETF,TOFZ ETF T-Capital OFZ,exchange_ppif,1,,,,2024-12-09,TQTF
TORS,1110,RU000A0ETZF2,1-01-50128-A,"ао ПАО ""Россети Томск""",РСТомск ао,PAO Rosseti Tomsk ao,common_share,3,3819315580,0.4916,SUR,2005-12-28,TQBR
TORSP,1110,RU000A0ETZM8,2-01-50128-A,"ап ПАО ""Россети Томск""",РСТомск ап,PAO Rosseti Tomsk ap,preferred_share,3,576693000,0.4916,SUR,2005-12-28,TQBR
TPAY,10779,RU000A108WX3,6287,Т-Капитал Пассивный Доход,TPAY ETF,TPAY ETF T-Capital Passive Inc,exchange_ppif,1,,,,2024-08-12,TQTF
TRMK,752,RU000A0B6NK6,1-01-29031-H,ПАО ТМК,ТМК ао,TMK ao,common_share,2,1099138075,10,SUR,2007-04-10,TQBR
TRND,10779,RU000A10B0G9,6876,БПИФ Т-Капитал Трендовые акции,TRND ETF,TRND ETF Trend stocks,exchange_ppif,1,,,,2025-03-24,TQTF
TRNFP,1185,RU0009091573,2-01-00206-A,Транснефть ПАО акц.пр.,Транснф ап,Transneft (pref),preferred_share,1,155487500,0.01,SUR,2008-01-14,TQBR
TRUR,10779,RU000A1011U5,3900,БПИФ Т-Кап ВЕЧНЫЙ ПОРТФ РУБ,TRUR ETF,TRUR ETF ALL-WEATHER RUB,exchange_ppif,1,,,,2019-12-09,TQTF
TTLK,867,RU000A0HM5C1,1-02-50049-A,"""Таттелеком"" ПАО ао",Таттел. ао,Tattelekom,common_share,3,20843976400,0.1,SUR,2007-03-21,TQBR
TUSD,10779,RU000A1011S9,3898,БПИФ ТКАПИТАЛ ВЕЧНЫЙ ПОРТФ Д,TUSD ETF,TCAPITAL ETF ALL-WEATHER D,exchange_ppif,1,,,,2019-12-09,TQTF
TUZA,3197,RU000A0HL7A2,1-01-30455-D,Туймаз. завод автобетоновозов,ТЗА ао,Tuimaz. Zavod Avtobetonovozov,common_share,3,8220000,10,SUR,2008-08-28,TQBR
UDMN,3254,RU0009046502,1-01-00306-A,Удмуртнефть ао,Удмуртнфт,Udmurtneft,common_share,,3562066,1,SUR,2023-03-22,MTQR
UFOSP,2996,RU0009102396,2-01-30365-D,Уфаоргсинтез ап,Уфаоргс-п,Ufaorgsintez pref,preferred_share,,15164750,1,SUR,2023-03-22,MTQR
UGLD,3588,RU000A0JPP37,1-02-33010-D,ЮГК,ЮГК,UGC,common_share,2,222778849052,0.001,SUR,2023-11-22,TQBR
UKUZ,3392,RU0005294775,1-02-10591-F,Южный Кузбасс ПАО ао,ЮжКузб. ао,Uzhnyi Kuzbass,common_share,3,36149002,0.04,SUR,2008-08-28,TQBR
UNAC,2690,RU000A0JPLZ7,1-02-55306-E,Об.авиастр.корп. ПАО ао,iАвиастКао,Ob.aviastroitelnaya korp.,common_share,3,1032889454151,0.27,SUR,2013-09-17,TQBR
UNKL,1947,RU0004887991,1-01-00197-A,Южно-Уральский никел. комб. ао,ЮУНК ао,Uzhno-Uralskiy nikel. komb. ao,common_share,3,599737,1,SUR,2012-04-20,TQBR
UPRO,1407,RU000A0JNGA5,1-02-65104-D,Юнипро ПАО ао,Юнипро ао,Unipro PAO ao,common_share,1,63048706145,0.4,SUR,2007-05-24,TQBR
URKZ,2641,RU000A0JPFY2,1-01-32341-D,"ПАО ""Уральская кузница"" ао",УрКузница,Uralskaya kuznica ao,common_share,3,54776100,0.01,SUR,2012-05-11,TQBR
USBN,407,RU0006929536,10200030B,БАНК УРАЛСИБ ПАО ао,УралСиб ао,BANK URALSIB ao,common_share,3,360134697357,0.1,SUR,2011-12-14,TQBR
UTAR,1115,RU0007661385,1-01-00077-F,"Авиакомпания ""ЮТэйр"" (ПАО) ао",ЮТэйр ао,UTAir Aviacompany,common_share,3,7896123268,1,SUR,2005-01-11,TQBR
UWGN,8000,RU000A0JVBT9,1-01-82031-H,ПАО НПК ОВК ао,ОВК ао,OVK ao,common_share,3,2905885544,1,SUR,2015-04-29,TQBR
VDOR,16304,RU000A10EQZ3,7681,БПИФ Ренкап Высокодоходные обл,VDOR ETF,VDOR ETF High Yield Bonds,exchange_ppif,1,,,,2026-04-21,TQTF
VGSB,924,RU000A0D8L73,1-01-65103-D,"""Волгоград.энергосбыткомп"" ПАО",ВолгЭнСб,Volgograd Energo Sbyt,common_share,3,319595965,0.12,SUR,2005-09-16,TQBR
VGSBP,924,RU000A0D8L57,2-01-65103-D,"""Волгоград.энергосбыткомп"" ПАО",ВолгЭнСб-п,Volgograd Energo Sbyt (pref),preferred_share,3,80499134,0.12,SUR,2005-09-16,TQBR
VJGZ,3040,RU0009046460,1-01-00017-A,ННК-Варьеганнефтегаз ПАО ао,Варьеган,Var'eganneftegaz ao,common_share,3,18091110,0.1,SUR,2011-12-14,TQBR
VJGZP,3040,RU0007964789,2-01-00017-A,ННК-Варьеганнефтегаз ПАО ап,Варьеган-п,Var'eganneftegaz ap,preferred_share,3,5883050,0.1,SUR,2011-12-14,TQBR
VKCO,10761,RU000A106YF0,1-01-16753-A,Международная компания ПАО ВК,"МКПАО ""ВК""",VK International Public JS Com,common_share,1,572904180,0.00045,SUR,2020-07-02,TQBR
VLHZ,916,RU0007984761,1-02-04847-A,Владимирский химич.з-д(ПАО) ао,ВХЗ-ао,VHZ,common_share,3,5005605,20,SUR,2006-07-12,TQBR
VRSB,931,RU000A0DPG67,1-01-55029-E,ТНС энерго Воронеж ПАО ао,ТНСэнВорон,TNS energo Voroneg ao,common_share,3,56151024,0.4,SUR,2005-10-14,TQBR
VRSBP,931,RU000A0DPG75,2-01-55029-E,ТНС энерго Воронеж ПАО ап,ТНСэнВор-п,TNS energo Voroneg ap,preferred_share,3,18716678,0.4,SUR,2005-10-14,TQBR
VSEH,15709,RU000A108K09,1-01-06636-G,ВИ.ру,ВИ.ру,VI.ru,common_share,1,500000000,0.01,SUR,2024-07-05,TQBR
VSMO,1082,RU0009100291,1-01-30202-D,Корп. ВСМПО-АВИСМА (ПАО) ао,ВСМПО-АВСМ,Corp. VSMPO-AVISMA ao,common_share,2,11529538,1,SUR,2004-11-11,TQBR
VSYD,3222,RU0006334372,1-01-02203-D,Выборгский Суд.Завод ПАО ао,ВыбСудЗ ао,Viborgskii sudostr. Zavod ao,common_share,3,2829795,0.5,SUR,2012-09-25,TQBR
VSYDP,3222,RU0006334380,2-01-02203-D,Выборгский Суд.Завод ПАО ап,ВыбСудЗ ап,Viborgskii sudostr. Zavod ap,preferred_share,3,51839,0.5,SUR,2012-09-25,TQBR
VTBR,269,RU000A0JP5V6,10401000B,ао ПАО Банк ВТБ,ВТБ ао,VTB,common_share,1,12927766416,50,SUR,2007-05-28,TQBR
VTGK,2882,RU000A0HML36,1-01-55113-E,"""Т Плюс"" ПАО ао.",ТПлюс ао,T Plus ao,common_share,,44462947917,1,SUR,2007-11-09,MTQR
WILD,658,RU000A10BCM7,6972,ДОХОДЪ. Анализ акций,WILD ETF,DOHOD Equity Research Fund,exchange_ppif,1,,,,2025-05-22,TQTF
WTCM,1151,RU0008137070,1-01-01837-A,"""Центр междун. торговли""ПАО ао",ЦМТ ао,CMT,common_share,3,1083000000,1,SUR,2007-09-27,TQBR
WTCMP,1151,RU0008137088,2-01-01837-A,"""Центр междун. торговли""ПАО ап",ЦМТ ап,CMT (pref),preferred_share,3,162000000,1,SUR,2007-09-27,TQBR
WUSH,13955,RU000A105EX7,1-01-03292-G,ВУШ Холдинг ао,iВУШХолднг,WHOOSH Holding,common_share,2,111382432,0.01,SUR,2022-12-14,TQBR
X5,10712,RU000A108X38,1-01-16812-A,Корпоративный центр ИКС 5,КЦ ИКС 5,X5 Corporate Center,common_share,1,271572872,1164.26,SUR,2025-01-09,TQBR
XACCSK,11165,RU000A10DQF7,7385,ЗПИФ Акцент 5,Акцент 5,ZPIF Accent 5,private_ppif,2,,,,2025-12-23,TQIF
XCREDI,15002,RU000A102VQ2,2933,ЗПИФ РЕКОРД Кредитный ресурс,ПИФКредрес,ZPIF RECORD Credit resource,private_ppif,3,,,,2026-03-20,TQIF
XEQTRU,4816,RU000A109PD7,6352-СД,ИПИФ Астра Рос акции 120/80,РуАк120/80,IPIF Astra Rus shares 120/80,interval_ppif,3,,,,2025-11-01,TQIF
XFMAGR,1356,RU000A10C279,5405-СД,Финам Алгоритм роста,ФАлгоритм,Finam Algorithm growth,interval_ppif,3,,,,2026-02-13,TQIF
XFMAGY,1356,RU000A10CG87,6579-СД,Финам Алгоритм роста в юанях,ФАлгоритмЮ,Finam Algorithm growth Yuan,interval_ppif,3,,,,2026-02-13,TQIF
XFMAIN,1356,RU000A1070R7,5648-СД,Финам Абсолютный доход,ФАбсолютД,Finam Absolute Income,interval_ppif,3,,,,2026-02-13,TQIF
XFMOMB,1356,RU000A10E242,7130-СД,Финам Омега Баланс,ФОмегаБлнс,Finam Omega Balance,interval_ppif,3,,,,2026-02-13,TQIF
XHEDGE,1287,RU000A10AF72,4113-СД,ИПИФ ГПБ-Тактические решения,Тактикреш,IMF GPB-Tactical decisions,interval_ppif,3,,,,2026-04-10,TQIF
XHOUSE,1143,RU000A10A117,6487,ЗПИФ Инвестиции в недв,ЗПИФ ИНВНД,ZPIF REIT,private_ppif,2,,,,2024-12-27,TQIF
XKLUCH,1287,RU000A10EJU9,7586-СД,ИПИФ Ключевой актив,КлючАктив,IMF Key asset,interval_ppif,3,,,,2026-03-20,TQIF
XNIRUM,16906,RU000A10E7S6,7309-СД,КЗПИФ НИРУМ капитал,Нирум Кап,KZPIF NIRUM capital,private_ppif,3,,,,2026-04-30,TQIF
XQUANT,15002,RU000A10AN56,6285-СД,ИПИФ РЕКОРД КАПИТАЛ КВАНТ,ПИФ КВАНТ,IPIF RECORD CAPITAL QUANT,interval_ppif,3,,,,2026-01-15,TQIF
XSBORA,4332,RU000A10ENY3,7658-СД,ЗПИФ Термы Бора-Бора,Бора-Бора,ZPIF Termy Bora-Bora,private_ppif,3,,,,2026-04-22,TQIF
XSKLAD,11567,RU000A10D822,7347,ЗПИФ Современный 10,ЗПИФСовр10,ZPIF Sovremenniy 10,private_ppif,3,,,,2025-11-19,TQIF
XTRIUMF,11501,RU000A108BZ2,6109-СД,ЗПИФ ПАРУС-ТРИУМФ,ПАРУС-ТРМ,ZPIF PARUS-TRIUMF,private_ppif,3,,,,2025-09-25,TQIF
XXRONE,4816,RU000A10DAY2,6859-СД,ИПИФ Астра Облигации Р1,ОблигацииР,IPIF Astra Bonds P1,interval_ppif,3,,,,2025-11-01,TQIF
XXXXXX,11796,RU000A108157,6069-СД,ЗПИФ Рентал ПРО,Рентал ПРО,Rental PRO,private_ppif,3,,,,2024-06-06,TQIF
YAKG,3402,RU0007796819,1-01-20510-F,Якутская топл.-энерг. комп. ао,ЯТЭК ао,YaTEK ao,common_share,3,826919375,1,SUR,2011-12-09,TQBR
YDEX,15523,RU000A107T19,1-01-16777-A,МКПАО ЯНДЕКС,ЯНДЕКС,YANDEX,common_share,1,394967916,0.4,SUR,2024-07-08,TQBR
YKEN,847,RU0009257075,1-01-00304-A,"АК ""Якутскэнерго"" (ПАО) ао",Якутскэнрг,YakutskEnergo,common_share,3,10187741424,2.22,SUR,2004-12-02,TQBR
YKENP,847,RU0007796827,2-01-00304-A,"АК ""Якутскэнерго"" (ПАО) ап",Якутскэн-п,YakutskEnergo ap,preferred_share,3,1332635125,2.22,SUR,2008-07-17,TQBR
YRSB,1127,RU000A0D8760,1-01-50099-A,ТНС энерго Ярославль ПАО ао,ТНСэнЯр,TNS energo Yaroslavl' ao,common_share,3,17143584,1,SUR,2005-08-29,TQBR
YRSBP,1127,RU000A0D88B3,2-01-50099-A,ТНС энерго Ярославль ПАО ап,ТНСэнЯр-п,TNS energo Yaroslavl' (pref),preferred_share,3,4507320,1,SUR,2005-08-29,TQBR
YUAN,3687,RU000A105SN8,5248,БПИФ Облигации в юанях,YUAN ETF,YUAN Bonds ETF,exchange_ppif,1,,,,2023-05-19,TQTF
ZAYM,11466,RU000A107RM8,1-01-16767-A,Займер ао,Займер ао,Zaymer,common_share,3,100000000,0.1,SUR,2024-04-12,TQBR
ZILL,3331,RU0009086193,1-02-00036-A,Завод им. И.А.Лихачева ПАО ао,ЗИЛ ао,ZIL ao,common_share,3,2659962,1000,SUR,2011-12-09,TQBR
ZVEZ,2783,RU0009091300,1-01-00169-D,ЗВЕЗДА ПАО ао,ЗВЕЗДА ао,Zvezda ao,common_share,3,562020480,0.1,SUR,2011-12-16,TQBR
ABBN,9589,KZ1C00001023,,"АО ""Банк Астаны""",БанкАстаны,Bank of Astana,common_share,3,36081627,1000,KZT,2017-12-05,TQBR
ACKO,9314,RU000A0JXS91,1-01-52065-Z,АСКО ПАО ао,АСКО ао,ASKO ao,common_share,3,536000000,1,SUR,2017-07-11,TQBR
AESL,6419,RU000A0JU8C3,1-01-14863-A,ТПГ АЭССЕЛЬ ПАО ао,АЭССЕЛЬао,TPG AESSEL' ao,common_share,,10000000,1.5,SUR,2013-11-12,TQBR
AFKC,777,RU000A0DQZE3,1-05-01669-A,"АФК ""Система"" ОАО ао",Система ао,AFK Sistema,common_share,,9650000000,0.09,SUR,2007-12-12,EQNL
AGRE,4437,RU000A0JQYS3,1-01-14074-A,АГАВА-Ресурс ОАО ао,АГАВА-Рес,AGAVA-Resurs ao,common_share,,64572204172,0.01,SUR,2010-12-24,EQNE
AGRO,7502,US7496552057,,ГДР ROS AGRO PLC ORD SHS,AGRO-гдр,GDR ROS AGRO PLC ORD SHS,depositary_receipt,3,,,USD,2014-12-01,TQBR
AKCH,1318,RU000A102FK8,4222,БПИФ Альфа Китайские Акции,ETF AKCH,ETF AKCH Alfa Chinese Equties,exchange_ppif,1,,,,2020-12-18,TQTF
AKEB,1318,RU000A103ZC1,4667,БПИФ Альфа Управляемые Еврообл,AKEB ETF,AKEB ETF Managed Eurobonds,exchange_ppif,1,,,,2021-11-22,TQTF
AKEU,1318,RU000A100Q43,3805,БПИФ АЛЬФА_КАП ЕВРОПА 600,AKEU ETF,AKEU ETF EUROPE 600,exchange_ppif,3,,,,2019-08-26,TQTE
AKHA,879,RU000A0D8PJ7,1-02-10682-F,"ОАО ""ПАВА""  ао",ПАВА ао,PAVA,common_share,,88421053,0.001,SUR,2005-09-02,TQNE
AKMD,1318,RU000A1036A4,4436,БПИФ Альфа Медицина,ETF AKMD,ETF AKMD Alfa Medicine,exchange_ppif,1,,,,2021-06-28,TQTF
AKNX,1318,RU000A0ZZTQ4,3591,БПИФ АЛЬФА_КАП ТЕХНОЛОГИИ 100,AKNX ETF,AKNX ETF TECHNOLOGIES 100,exchange_ppif,1,,,,2018-12-10,TQTD
AKSC,1318,RU000A103L86,4561,БПИФ Альфа-Капитал Космос,ETF AKSC,ETF AKSC Alfa-Capital Cosmos,exchange_ppif,1,,,,2021-09-14,TQTF
AKSF,1318,RU000A104CU0,4797,БПИФ Альфа Стратегия будущего,AKSF ETF,AKSF ETF Strategy future,exchange_ppif,1,,,,2022-01-25,TQTF
AKSP,1318,RU000A1006V3,3691,БПИФ АЛЬФА_КАП Эс энд Пи 500,AKSP ETF,AKSP ETF S&P 500,exchange_ppif,1,,,,2019-04-04,TQTD
AKVG,1318,RU000A103ZD9,4668,БПИФ Альфа Видеоигры,AKVG ETF,AKVG ETF Videogames,exchange_ppif,1,,,,2021-11-22,TQTF
ALBK,4007,RU000A0JS2M9,10400435B,Бест Эффортс Банк ПАО ао,БестЭфБ ао,Best Efforts Bank ao,common_share,3,56490000,10,SUR,2012-05-15,TQBR
ALNU,2345,RU000A0JP468,1-01-20179-F,АЛРОСА-Нюрба ПАО ао,АЛРОСА-Нюр,ALROSA-Nurba ao,common_share,3,800000,25,SUR,2011-12-08,TQBR
AMCC,6385,RU000A102XW6,4329,БПИФ АТОН – Облачные техн-гии,AMCC ETF,ATON Cloud Computing ETF,exchange_ppif,1,,,,2021-04-19,TQTD
AMDG,6385,RU000A1030P5,4366,БПИФ АТОН – Дивиденды,AMDG ETF,ATON Dividends ETF,exchange_ppif,1,,,,2021-04-27,TQTD
AMEM,6385,RU000A102XZ9,4337,БПИФ АТОН – Рынки возможностей,AMEM ETF,ATON Opportunities Markets ETF,exchange_ppif,1,,,,2021-04-15,TQTD
AMGF,6385,RU000A102Y17,4338,БПИФ АТОН – Ставка на рост,AMGF ETF,ATON Growth Factor ETF,exchange_ppif,1,,,,2021-04-27,TQTD
AMGM,6385,RU000A102XQ8,4331,БПИФ АТОН – Золотодобытчики,AMGM ETF,ATON Gold Miners ETF,exchange_ppif,1,,,,2021-04-21,TQTD
AMGR,6385,RU000A102XN5,4335,БПИФ АТОН – Генетич революция,AMGR ETF,ATON Genetic Revolution ETF,exchange_ppif,1,,,,2021-04-23,TQTD
AMHC,6385,RU000A102XT2,4339,БПИФ АТОН – Медицина и биотех,AMHC ETF,ATON USA Healthcare ETF,exchange_ppif,1,,,,2021-04-23,TQTD
AMHY,6385,RU000A102XP0,4333,БПИФ АТОН - Доходные обл Мира,AMHY ETF,ATON High Yield Bonds ETF,exchange_ppif,1,,,,2021-04-29,TQTD
AMIG,6385,RU000A102XU0,4340,БПИФ АТОН - Надежные облигации,AMIG ETF,ATON Low-Risk Bonds ETF,exchange_ppif,1,,,,2021-04-29,TQTD
AMIN,6385,RU000A102XR6,4336,БПИФ АТОН – Инновации,AMIN ETF,ATON Innovations ETF,exchange_ppif,1,,,,2021-04-19,TQTD
AMLV,6385,RU000A102Y25,4327,БПИФ АТОН – Тихая гавань,AMLV ETF,ATON Safe Haven ETF,exchange_ppif,1,,,,2021-04-27,TQTD
AMMF,6385,RU000A102XS4,4328,БПИФ АТОН – Лидеры роста США,AMMF ETF,ATON USA Growth Leaders ETF,exchange_ppif,1,,,,2021-04-27,TQTD
AMRB,6385,RU000A102XY2,4334,БПИФ АТОН – Российские обл +,AMRB ETF,ATON Russian Bonds + ETF,exchange_ppif,1,,,,2021-04-29,TQTF
AMSC,6385,RU000A102Y33,4332,БПИФ АТОН – Цифровое будущее,AMSC ETF,ATON Digital Future ETF,exchange_ppif,1,,,,2021-04-19,TQTD
AMSL,6385,RU000A102Y09,4341,БПИФ АТОН – Серебро,AMSL ETF,ATON Silver ETF,exchange_ppif,1,,,,2021-04-21,TQTD
AMVF,6385,RU000A102XV8,4342,БПИФ АТОН – Недооцен комп США,AMVF ETF,ATON USA Value Companies ETF,exchange_ppif,1,,,,2021-04-15,TQTD
APDS,4362,RU000A0JQW78,1-01-02537-A,Аппарат. дальней связи ОАО ао,АпДалСв ао,Apparatura dal. svyazi ao,common_share,,39811,1,SUR,2010-06-07,EQNE
APDSP,4362,RU000A0JQW86,2-01-02537-A,Аппарат. дальней связи ОАО ап,АпДалСв ап,Apparatura dal. svyazi ap,preferred_share,,13271,1,SUR,2010-06-07,EQNE
ARHE,902,RU0009100143,1-01-00325-A,Архэнерго(ОАО)-ао,Архэнерго,ArkhEnergo,common_share,,1715146860,1,SUR,2006-01-20,EQNE
ARHEP,902,RU0009107320,2-01-00325-A,Архэнерго(ОАО)-ап,Архэнерг-п,ArkhEnergo (pref),preferred_share,,351787200,1,SUR,2006-01-20,EQNE
ARMD,740,RU000A0JP4J4,1-01-10670-A,АРМАДА ПАО ао,Армада,ARMADA,common_share,3,14399997,1,SUR,2007-05-24,TQDE
ARMD-001D,740,RU000A0JP4J4,1-01-10670-A-001D,АРМАДА ОАО ао доп. вып.,iАрмада-1,ARMADA-001D,common_share,,2000000,1,SUR,2007-07-31,EQNL
ARMD-002D,740,RU000A0JQW60,1-01-10670-A-002D,АРМАДА ОАО ао 002D,Армада002D,ARMADA OAO ao 002D,common_share,,2399997,1,SUR,2011-05-10,EQNL
arsb,903,RU000A0ET5G8,1-01-65125-D,"Публичное акционерное общество ""Архангельская сбытовая компания""","ПАО ""Архэнергосбыт""","Public Joint-Stock Company ""Arkhangelsk Energy Retail Company""",common_share,,1715146860,0.05,RUB,2005-11-18,EQNE
ARSBP,903,RU000A0ET5H6,2-01-65125-D,Архангельская сбыт.комп.ОАО-ап,АрханСб ап,Аrhenergosbyt ap,preferred_share,,351787200,0.05,SUR,2005-11-18,EQNE
ASRE,904,RU0009107775,1-02-00212-A,"ао ""Астраханьэнерго"" ОАО",АстрахЭ ао,AsrahanEnergo,common_share,,773900078,2,SUR,2005-12-29,EQNE
AVAZ,1078,RU0009071187,1-07-00002-A,АВТОВАЗ (ПАО) ао,АВТОВАЗ ао,AVTOVAZ,common_share,3,10688153662,5,SUR,2007-11-27,TQBR
AVAZP,1078,RU000A0JQ433,2-04-00002-A,АВТОВАЗ (ПАО) ап,АВТОВАЗ ап,AVTOVAZ pref.,preferred_share,3,461764300,5,SUR,2009-04-21,TQBR
AVAZPP,1078,RU000A0JQ433,2-04-00002-A,АВТОВАЗ (ОАО) ап,АВТОВАЗ ап,AVTOVAZ pref.,preferred_share,,461764300,5,SUR,2009-04-21,EQNL
AZKM,2803,RU0009109425,1-02-10051-F,"КОАО ""Азот"" ао",Азот ао,Azot,common_share,,14864392,150,SUR,2008-08-28,EQNE
AZTP-03,3438,RU0005702579,1-03-03472-A,Тяжпромарматура ОАО ао -03,ТПА-03 ао,Tiazhpromarmatura -03,common_share,,103873,1000,SUR,2008-08-28,EQNE
AZTP-04,3438,RU0005702579,1-04-03472-A,Тяжпромарматура ОАО ао -04,ТПА-04 ао,Tiazhpromarmatura -04,common_share,,34624,1000,SUR,2008-08-28,EQNE
bact,3827,RU000A0JQCX9,1-01-22301-F,"Открытое акционерное общество ""БизнесАктив""","ОАО ""БизнесАктив""","Public Joint-Stock Company ""BiznesAktiv""",common_share,,91000000,1,RUB,2009-09-30,EQNE
BANE-001D,2997,RU000A0JSUE7,1-01-00013-A-001D,Башнефть-001D АНК ао,Башнефт1ао,Bashneft ANK 001D ao,common_share,,1064561,1,SUR,2012-11-22,EQNE
BANE-002D,2997,RU000A0JSUF4,1-01-00013-A-002D,Башнефть-002D АНК ао,Башнефт2ао,Bashneft ANK 002D ao,common_share,,6393622,1,SUR,2012-11-22,EQNE
BANE-004D,2997,RU000A0JSUH0,1-01-00013-A-004D,Башнефть-004D АНК ао,Башнефт4ао,Bashneft ANK 004D ao,common_share,,5684520,1,SUR,2012-11-22,EQNE
BANE-005D,2997,RU000A0JSUJ6,1-01-00013-A-005D,Башнефть-005D АНК ао,Башнефт5ао,Bashneft ANK 005D ao,common_share,,5398130,1,SUR,2012-11-22,EQNE
BANEP-001D,2997,RU000A0JSUK4,2-01-00013-A-001D,Башнефть 001D АНК ап,Башнефт1ап,Bashneft ANK 001D ap,preferred_share,,69414,1,SUR,2012-11-22,EQNE
BANEP-002D,2997,RU000A0JSUL2,2-01-00013-A-002D,Башнефть 002D АНК ап,Башнефт2ап,Bashneft ANK 002D ap,preferred_share,,1904446,1,SUR,2012-11-22,EQNE
BANEP-003D,2997,RU000A0JSUM0,2-01-00013-A-003D,Башнефть 003D АНК ап,Башнефт3ап,Bashneft ANK 003D ap,preferred_share,,67482,1,SUR,2012-11-22,EQNE
BANEP-004D,2997,RU000A0JSUN8,2-01-00013-A-004D,Башнефть 004D АНК ап,Башнефт4ап,Bashneft ANK 004D ap,preferred_share,,1165995,1,SUR,2012-11-22,EQNE
BANEP-005D,2997,RU000A0JSUP3,2-01-00013-A-005D,Башнефть 005D АНК ап,Башнефт5ап,Bashneft ANK 005D ap,preferred_share,,843855,1,SUR,2012-11-22,EQNE
BCSH,1026,RU000A103ZF4,4669,Фавориты мировых инвестфондов,BCSH ETF,BCSH ETF InvestFunds’ Favrts,exchange_ppif,1,,,,2021-11-23,TQTD
BCSY,1026,RU000A103W75,4645,БКС Глобальные доходные обл.,BCSY ETF,BCSY ETF World highyield bonds,exchange_ppif,1,,,,2021-11-19,TQTD
BEGY,828,RU0009044242,1-01-00012-A,Башкирэнерго ОАО ао,БашЭнрг ао,Bashkirenergo,common_share,,1042667488,1,SUR,2008-08-28,EQNE
BEGYP,828,RU0009099899,2-01-00012-A,Башкирэнерго ОАО ап,БашЭнрг ап,Bashkirenergo ap,preferred_share,,50060997,1,SUR,2011-10-20,EQNE
BELO,1031,RU000A0J2QG8,1-06-10167-F,Белон ОАО ао,Белон ао,Belon ao,common_share,,1150000000,0.01,SUR,2009-01-16,EQNL
benr,2821,RU0009107593,1-02-00214-A,"Открытое акционерное общество ""Корпоративные сервисные системы""","ОАО ""КорСсис""",Corporate Service Systems Open Joint-Stock Company,common_share,,886916,100,RUB,2008-10-02,EQNE
benrp,2821,RU0009107635,2-02-00214-A,"Открытое акционерное общество ""Корпоративные сервисные системы""","ОАО ""КорСсис""",Corporate Service Systems Open Joint-Stock Company,preferred_share,,294912,100,RUB,2008-10-02,EQNE
BFMA,3651,RU000A0JPXP3,1-02-12567-A,Бак.фабрика М. Антонова ОАО-ао,БФМА-ао,Bak. fabriki M.Antonova ao,common_share,,155000000,1,SUR,2008-08-06,EQNE
BGDE,4861,RU000A0JSVY3,1-01-15042-A,Богородские деликатесы ПАО ао,Деликатесы,Bogorodskie delikatesy ao,common_share,3,1000000000,1,SUR,2012-10-22,TQDE
BISV,825,RU0009059216,1-01-00011-A,Башинформсвязь(ПАО) ао,БашИнСв ао,BashInformSvyaz ao,common_share,3,949023840,1,SUR,2010-04-23,TQBR
BLRS,910,RU000A0F7CY4,1-01-55071-E,"ао""Белгородэнерго""ОАО",БелгорЭн,BelgorodEnergo,common_share,,896277,3800,SUR,2005-08-29,EQNE
BLRSP,910,RU000A0F7CZ1,2-01-55071-E,"ап""Белгородэнерго""ОАО",БелгорЭн-п,BelgorodEnergo (pref),preferred_share,,252083,3800,SUR,2005-08-29,EQNE
BLSB,909,RU000A0DPNS1,1-01-65065-D,"""Белгородск.сбыт.комп"" ОАО",БСК 01 ао,BSK ao,common_share,,886916,10,SUR,2005-08-31,EQNE
blsbp,909,RU000A0DPRF9,2-01-65065-D,"Акционерное общество ""Белгородская сбытовая компания""","АО ""Белгородская сбытовая компания""",JSC Belgorodenergosbyt,preferred_share,,294912,10,RUB,2005-08-31,EQNE
BNSB,915,RU000A0D8MH8,1-01-65070-D,Брянскэнергосбыт ОАО-ао,БрянЭнС ао,Bryanskenergosbyt ao,common_share,,9506650,0.1,SUR,2005-12-22,EQNE
BNSBP,915,RU000A0D8MG0,2-01-65070-D,Брянскэнергосбыт ОАО-ап,БрянЭнС ап,Bryanskenergosbyt ap,preferred_share,,3147550,0.1,SUR,2005-12-22,EQNE
BREN,913,RU0006572138,1-02-00217-A,Брянскэнерго(ОАО)-ао,Брянскэн,BryanskEnergo,common_share,,9506650,10,SUR,2006-03-25,EQNE
BRENP,913,RU0006572120,2-02-00217-A,Брянскэнерго(ОАО)-ап,Брянскэн-п,BryanskEnergo (pref),preferred_share,,3147550,10,SUR,2006-03-25,EQNE
BSPB-013D,277,RU0009100945,10300436B013D,"ОАО ""Банк ""Санкт-Петербург"" ао",БСП-013Dао,BSP-013D,common_share,,50800000,1,SUR,2007-12-10,EQLV
BUSB,832,RU000A0JNMF2,1-01-55176-E,Бурятэнергосбыт ОАО-ао,БурятЭС,BuryatEnergoSbyt,common_share,,259045261,0.5,SUR,2007-02-16,EQNE
CHEP,1120,RU0009066807,1-01-00182-A,"""ЧТПЗ"" ПАО ао",ЧТПЗ ао,CHTPZ,common_share,3,305696336,1,SUR,2008-12-12,TQBR
CHMZ,3160,RU0005290880,1-02-30163-D,Чусовской мет.завод ОАО ао,ЧМЗ ао,ChMW ao,common_share,,15729134,220,SUR,2011-12-08,EQNE
CHMZ-001D,3160,RU000A0JR3U1,1-02-30163-D-001D,Чусовской мет.завод ОАО 001D,ЧМЗ-01D ао,ChMW 001D ao,common_share,,13397977,220,SUR,2011-12-08,EQNE
CHNG,1118,RU0009046643,1-01-00183-A,Челябэнерго (ОАО)-ао,Челябэн-ао,ChelyabEnrg,common_share,,4647386854,1,SUR,2003-09-05,EQNE
CHNGP,1118,RU0009090450,2-01-00183-A,Челябэнерго (ОАО)-ап,Челябэн-ап,ChelyabEnrg (pref),preferred_share,,859219416,1,SUR,2003-09-05,EQNE
CHSB,1123,RU000A0JNGK4,1-01-55178-E,Читаэнергосбыт ОАО ао,ЧитЭнСб ао,Chita Energo Sbyt,common_share,,1625666413,0.0027,SUR,2006-09-29,EQNE
CHSBP,1123,RU000A0JNGL2,2-01-55178-E,Читаэнергосбыт ОАО ап,ЧитЭнСб ап,Chita Energo Sbyt (pref),preferred_share,,436475172,0.0027,SUR,2006-09-29,EQNE
CHZN,3030,RU0009093918,1-01-45040-D,Челябинский цинк. завод ао,ЧЦЗ ао,Chelabinskyi cinkovyi zavod,common_share,3,54195410,1,SUR,2008-02-14,TQBR
CIAN,12324,US83418T1088,,АДР Cian PLC ORD SHS,CIAN-адр,ADR Cian PLC ORD SHS,depositary_receipt,3,,,SUR,2021-11-05,TQBR
CITB,137,RU000A0JRBD1,10201911B,КИТ Финанс Инвест. Банк ОАО ао,КитФинБ ао,KIT Finans Bank ao,common_share,,700000000,10,SUR,2011-12-16,TQNE
CLSB,1121,RU000A0EABG1,1-01-55059-E,"""Челябэнергосбыт"" ПАО",ЧелябЭС ао,Chelyab Energo Sbyt ao,common_share,3,6894914573,0.007,SUR,2005-12-09,TQBR
CLSBP,1121,RU000A0EABH9,2-01-55059-E,"""Челябэнергосбыт"" ПАО ап",ЧелябЭС ап,Chelyab Energo Sbyt ap,preferred_share,3,859219416,0.007,SUR,2005-12-09,TQBR
CMST,3247,RU000A0H1BE9,1-02-16045-H,КОМСТАР-ОТС ОАО ао,КОМСТАР ао,KOMSTAR-OTS,common_share,,417940860,1,SUR,2008-08-28,EQNE
CTLK,706,RU0009075840,1-04-00194-A,Центр.телеком.комп.(ОАО)ао,ЦентрТел,CenterTelekom,common_share,,1578006833,3,SUR,2005-03-30,EQBR
CTLKP,706,RU0009075857,2-04-00194-A,Центр.телеком.комп.(ОАО) ап,ЦентрТел-п,CenterTelekom(pref),preferred_share,,525992822,3,SUR,2005-03-30,EQNL
DAGR,2979,RU000A0F6432,1-01-50141-A,ао Дагестанская генер.комп.ОАО,ДагГК ао,Dagestan gener. company,common_share,,5269115472,0.4,SUR,2005-08-23,EQNE
DALM,6062,RU000A0JTRP7,1-01-31763-F,Дальневост. завод знергомаш ао,iэнергомаш,Dalnevostochnii EnergoMash ao,common_share,,498900,1000,SUR,2013-08-08,TQBR
DASB,835,RU000A0F63G0,1-01-55094-E,ао Дагестанская энергосб.комп.,ДагСб ао,Dagestan energosbyt. company,common_share,3,5269115472,0.003,SUR,2006-01-12,TQPI
DERZP,88,RU000A1021R0,2-03-02738-B,Держава ап,Держава ап,DERZHAVA pref,preferred_share,3,2000,4915,SUR,2020-10-09,TQBR
DGBZP,1095,RU0007661682,2-01-02153-A,Дорогобуж ПАО ап,Дорогбж ап,Dorogobuzh ap,preferred_share,,154256400,0.25,SUR,2006-12-21,TQBR
DGEN,834,RU0006752649,1-02-00031-A,"""Дагэнерго"" ОАО ао",ДагЭн-ао,DagEnergo,common_share,,5269115472,0.5,SUR,2006-02-06,EQNE
DIKO,4355,RU000A0JQQ43,1-01-50044-A,Дон.инвест.компания (ОАО) ао,ДИК ао,DIK ao,common_share,,500000000,1,SUR,2010-05-31,EQNE
DIXY,1161,RU000A0JP7H1,1-02-40420-H,"ГК ""ДИКСИ"" ао",ДИКСИ ао,DIXY Group ao,common_share,1,124750000,0.01,SUR,2007-05-22,TQBR
DIXY-002D,1161,RU000A0JP7H1,1-02-40420-H-002D,"ао ""ДИКСИ Групп"" ОАО - 002D",ДИКСИ Гр.2,DIXI Grupp-002D,common_share,,26000000,0.01,SUR,2009-01-12,EQNL
DIXY-003D,1161,RU000A0JRGU4,1-02-40420-H-003D,"ао ""ДИКСИ Групп"" ОАО 003D",ДИКСИ Гр3D,DIXI Grupp 003D,common_share,,38750000,0.01,SUR,2011-08-18,EQNL
DLSV,894,RU0009101158,1-02-30166-F,Дальнев.комп.электросвязь(ОАО),Дальсвязь,DalSvyaz,common_share,,95581421,20,SUR,,EQNL
DLSVP,894,RU0009101166,2-02-30166-F,Дальнев.комп.электросвязь(ОАО),Дальсвяз-п,DalSvyaz (pref),preferred_share,,31168901,20,SUR,,EQNL
DLVB,386,RU000A0ERPY8,10600843B,"""Дальневосточный банк"" ОАО",ДальВостБ,DalVostochny Bank,common_share,,10086000,11,SUR,2000-08-07,EQNE
DLVBP,386,RU000A0ERPZ5,20200843B,"""Дальневосточный банк"" ОАО",ДальВостБп,DalVostochny Bank p,preferred_share,,359000,11,SUR,2005-06-07,EQNE
DMOB,12342,US24700L1061,,АДР Delimobil Holding ORD SHS,DMOB-адр,ADR Delimobil Holding ORD SHS,depositary_receipt,1,,,SUR,2021-11-05,TQBR
DNKOP,4430,RU000A0JR0L6,2-01-42055-E,ОАО героя ВОВ Данильченко ап,Данильч ап,Danilch (pref),preferred_share,,750000,1,SUR,2010-10-08,TQBR
DSKY,1329,RU000A0JSQ90,1-02-00844-A,ПАО Детский мир,ДетскийМир,Detsky mir,common_share,3,739000000,0.0004,SUR,2017-02-10,TQBR
EESR,1174,RU0008959655,1-01-00034-A,"РАО ""ЕЭС России""-ао",РАО ЕЭС,RAO UES,common_share,,41041753984,0.5,SUR,2003-07-16,EQBR
EESRP,1174,RU0009029532,2-01-00034-A,"РАО ""ЕЭС России""(ОАО)-ап",РАО ЕЭС-п,RAO UES (pref),preferred_share,,2075149384,0.5,SUR,2003-07-16,EQBR
ELIB,3226,RU0009101281,1-02-10917-F,Элсиб НПО ОАО ао,Элсиб ао,Elsib ao,common_share,,1400000,80,SUR,2011-12-09,EQNE
ELSI,4595,RU000A0JRPD1,1-01-14572-A,Лигал Кэпитал Инвестментс ОАО,ЛигалКэп,Ligal Capital Investments ao,common_share,,920000,1000,SUR,2011-11-18,EQNE
ELTZ,3364,RU000A0B66V1,1-02-30394-E,Электроцинк ПАО ао,Электрцинк,Elektrotsink ao,common_share,3,1404308,1,SUR,2008-10-14,TQPI
EM44,11714,US91085A1043,,ГДР ЕвроМедЦентр EM44,EM44-гдр,GDR UNITED MEDICAL GROUP EM44,depositary_receipt,1,,,SUR,2021-07-15,TQBR
EMTI,4597,RU000A0JQYC7,1-02-14110-A,Эссет менеджмент технолоджиз,ЭссетМен,Asset management technologies,common_share,,575000,2000,SUR,2011-11-18,EQNE
ENPL,9530,US29355E2081,,"ГДР МКПАО ""ЭН+ ГРУП"" ORD SHS",ENPL-гдр,GDR En+Group ORD SHS,depositary_receipt,1,,,SUR,2017-11-08,TQBR
ENRU,705,RU000A0F5UN3,1-01-50077-A,"""ЭЛ5-Энерго"" ПАО",ЭЛ5Энер ао,El5-Ener,common_share,1,35371898370,1,SUR,2014-12-01,TQBR
EONR,1407,RU000A0JNGA5,1-02-65104-D,Э.ОН Россия ОАО ао,Э.ОНРоссия,E.ON Russia,common_share,,63048706145,0.4,SUR,2007-05-24,TQBR
EPLN,3667,RU000A0JVW89,1-02-56453-P,САФМАР Фин.Инвестиции ПАО ао,САФМАР ао,SAFMAR Fin.Invest. ao,common_share,1,111637791,0.67,SUR,2015-12-04,TQBR
EPLN-002D,3667,RU000A0JWZJ7,1-02-56453-P-002D,Европлан ПАО ао 002D,Европлан2D,Europlan 002D,common_share,,88660791,0.67,SUR,2016-11-28,TQBR
ERAV,4386,RU000A0JQWX7,1-01-13960-A,Эра Водолея (инв.компания) ОАО,ЭраВодолея,Era Vodoleya,common_share,,4400000000,1,SUR,2010-08-03,EQNE
ERCO,2183,RU000A0JNMJ4,1-01-00537-A,Энерг.Рус.Компания ОАО ао,ЭРКО ао,Energ.Rus.Company ao,common_share,3,10350000,1,SUR,2011-12-14,TQBR
ERCO02,2183,RU000A0JNMJ4,73-1-0145,Энерг.Рус.Компания ОАО ао 2в.,ЭРКО 2 ао,Energ.Rus.Company ao 02,common_share,,3000000,1,SUR,2011-12-14,TQNE
ERCO03,2183,RU000A0JNMJ4,73-1-00870,Энерг.Рус.Компания ОАО ао 3в.,ЭРКО 3 ао,Energ.Rus.Company ao 03,common_share,,429000,1,SUR,2011-12-14,TQNE
ERCO04,2183,RU000A0JNMJ4,1-04-00537-A,Энерг.Рус.Компания ОАО ао 4в.,ЭРКО 4 ао,Energ.Rus.Company ao 04,common_share,,6900000,1,SUR,2011-12-14,TQNE
ERMK,3804,RU000A0JQ6M2,1-01-10658-F,Ермак-инвест ОАО ао,ЕрмакИнв,Ermak-invest,common_share,,5700000,1,SUR,2009-07-14,EQNE
ETGK,3231,RU000A0F6SZ9,1-02-55093-E,"ОАО ""Енисейская ТГК (ТГК-13)""",ТГК-13,TGK-13,common_share,,159149055713,0.01,SUR,2008-02-15,EQNE
EVCO,4656,RU000A0JS637,1-02-06286-A,Европ.Вещател.Компания ОАО ао,iЕВК ао,EVC ао,common_share,,1000000,0.1,SUR,2012-04-16,TQNE
FCIN,3838,RU000A0JQD71,1-01-55427-E,ФинКомИнвест (ОАО) ао,ФинКомИнв,FinComInvest,common_share,,10000000,100,SUR,2009-10-21,EQNE
FIAI,17095,RU000A10B032,1-01-08954-G,Фабрика ПО,Фабрика ПО,FABRICAONE,common_share,2,560000000,0.01,SUR,2026-04-30,TQBR
FIVE,9616,US98387E2054,,ГДР X5 RetailGroup N.V.ORD SHS,FIVE-гдр,GDR X5 RetailGroup N.V.ORD SHS,depositary_receipt,1,,,USD,2018-02-01,TQBR
FIXP,11472,US33835G2057,,ГДР FixPrice Group PLC ORD SHS,FIXP-гдр,GDR FixPrice Group PLC ORD SHS,depositary_receipt,3,,,USD,2021-03-10,TQBR
FLKO,1345,RU000A0ER192,1-01-01737-H,"ОАО ""Финанс-Лизинг""",ФЛК 01,FLK,common_share,,104564931,100,SUR,,TQNE
FMRU,1356,RU000A1036B2,4430,БПИФ Див Аристократы РФ,FMRU ETF,ETF FMRU Divid Aristocrats RF,exchange_ppif,3,,,,2021-06-22,TQTF
FMUS,1356,RU000A102GX9,4231,БПИФ Див Аристократы США,FMUS ETF,ETF FMUS Div Aristocrats US,exchange_ppif,3,,,,2021-02-08,TQTF
FORTP,4764,RU000A0JS2S6,2-01-33877-E,Форт ОАО ап,Форт ап,Fort OAO ap,preferred_share,,1880000,1,SUR,2012-02-10,TQBR
FSRV,3826,RU000A0JQCY7,1-01-22305-F,ФинСервис (ОАО) ао,ФинСерв ао,FinServis,common_share,,201000000,1,SUR,2009-09-30,EQNE
FTRE,8884,RU000A0JWNX4,1-01-50531-A,Финансовая группа БУДУЩЕЕ ао,БУДУЩЕЕ ао,FG FUTURE ao,common_share,2,50293125,1000,SUR,2016-10-20,TQBR
FXAU,5965,IE00BD3QF110,,FinEx Australia UCITS ETF,FXAU ETF,FinEx Australia UCITS ETF,etf_ppif,3,,,,2013-10-31,TQTF
FXIM,5965,IE00BNC2D728,,FINEX USA INF TECH UCITS ETF,FXIM ETF,FINEX USA INF TECH UCITS ETF,etf_ppif,2,,,,2020-11-17,TQTD
FXJP,5965,IE00BD3QJ310,,FINEX JAPAN UCITS ETF,FXJP ETF,FINEX JAPAN UCITS ETF,etf_ppif,1,,,,2013-10-31,TQTF
FXRB,5965,IE00B7L7CP77,,FinEx Rus Eurobonds ETF (RUB),FXRB ETF,FinEx Rus Eurobonds ETF(RUB),etf_ppif,3,,,,2013-04-29,TQTF
FXRL,5965,IE00BQ1Y6480,,FinEx RTS UCITS ETF USD,FXRL ETF,FinEx RTS UCITS ETF USD,etf_ppif,3,,,,2016-03-02,TQTF
FXRU,5965,IE00BD5FH213,,FinEx Rus Eurobonds ETF (USD),FXRU ETF,FinEx Rus Eurobonds ETF (USD),etf_ppif,3,,,,2013-12-02,TQTF
FXUK,5965,IE00BD3QHV53,,FINEX UK UCITS ETF,FXUK ETF,FINEX UK UCITS ETF,etf_ppif,1,,,,2013-10-31,TQTF
GAZC-002D,3654,RU000A0JRR66,1-01-09870-A-002D,ГАЗКОН (ОАО) ао 002D,ГАЗКОН-02D,Gazkon ao 002D,common_share,,30590000,10,SUR,2011-12-16,EQNL
GAZS-002D,3480,RU000A0JRR74,1-01-09871-A-002D,ГАЗ-сервис (ОАО) ао 002D,ГАЗсервис2,Gaz-servis ao 002D,common_share,,30590000,10,SUR,2011-12-16,EQNL
GAZT-001D,4739,RU000A0JS181,1-01-12996-A-001D,ГАЗ-Тек ОАО ао 001D,ГАЗ-Тек 1D,GAZ-Tek OAO ao 001D,common_share,,378500000,100,SUR,2012-01-26,EQLV
GCHE-001D,698,RU000A0JL4R1,1-02-10797-A-001D,Группа Черкизово ОАО-ао -001D,ЧеркизГ001,Gruppa Cherkizovo ao 001D,common_share,,3505055,0.01,SUR,2008-08-22,EQNL
GLTR,7302,US37949E2046,,ГДР Globaltrans Invest ORD SHS,GLTR-гдр,GDR Globaltrans Inves ORD SHS,depositary_receipt,1,,,USD,2020-10-28,TQBR
GLVD,658,RU000A1046U1,4728,ДОХОДЪ Низкая Волатильность,ETF GLVD,ETF GLVD DOHOD Low Volatility,exchange_ppif,1,,,,2021-12-16,TQTF
GPBC,1287,RU000A104D51,4784,ГПБ Акции китайских компаний,GPBC ETF,GPBC ETF Chinese Equities,exchange_ppif,1,,,,2022-02-02,TQTF
GPBM,1287,RU000A1009F0,3710,БПИФ ГПБ корп облигации 4 года,GPBM ETF,GPBM ETF Corp Bonds 4 years,exchange_ppif,1,,,,2019-07-23,TQTF
GPBR,1287,RU000A104DT0,4785,ГПБ Фонд рублевых облигаций,GPBR ETF,GPBR ETF Ruble Fixed Income,exchange_ppif,1,,,,2022-02-02,TQTF
GPBS,1287,RU000A1009E3,3709,БПИФ ГПБ корп облигации 2 года,GPBS ETF,GPBS ETF Corp Bonds 2 years,exchange_ppif,1,,,,2019-07-23,TQTF
GPBW,1287,RU000A104DF9,4786,ГПБ Фонд глобальных активов,GPBW ETF,GPBW ETF Global Markets,exchange_ppif,1,,,,2022-02-02,TQTF
GQGD,658,RU000A1046S5,4727,ДОХОДЪ Рост и Качество,ETF GQGD,ETF GQGD DOHOD Quality Growth,exchange_ppif,1,,,,2021-12-16,TQTF
GRAZ,1279,RU000A0HG4P4,1-01-33886-H,"""Группа Разгуляй"" (ПАО)-ао",Разгуляй,Gruppa Razguliay ao,common_share,,190000000,3,SUR,2005-11-03,TQBR
GRAZ-003D,1279,RU000A0HG4P4,1-01-33886-H-003D,"""Группа Разгуляй"" (ОАО)-003 ао",Разгл-003D,Gruppa Razguliay - 003D ao,common_share,,38093157,3,SUR,2008-08-27,EQNE
GSCD,658,RU000A1046T3,4729,ДОХОДЪ Малая Капитализация,ETF GSCD,ETF GSCD DOHOD Small Cap,exchange_ppif,1,,,,2021-12-16,TQTF
GTLC,5966,RU000A0JTN19,1-03-22061-H,"ПАО ""ДжиТиЭл"" ао",ПАОДжиТиЭл,"PAO ""GTL"" ao",common_share,3,2596000000,0.2,SUR,2013-02-22,TQPI
GTPR,4862,RU000A0JSSK8,1-01-05288-D,ГлавТоргПродукт ОАО ао,ГлТоргПрод,GlavTorgProdukt ao,common_share,3,43000000,10,SUR,2012-10-22,TQDE
GTSS,6230,RU000A0JQ7U3,1-01-55378-E,ГЕОТЕК Сейсморазведка ПАО ао,ГЕОТЕК ао,GEOTECH Seismic Services ao,common_share,3,1385400296739,0.01,SUR,2015-08-07,TQBR
GUMM,1225,RU0008913751,1-04-00030-A,ао ГУМ,ГУМ,GUM,common_share,,60000000,1,SUR,,TQBR
HALS,650,RU000A0JNP96,1-01-01017-H,"ПАО ""СГ-Девелопмент""",СГ-Девел,SG-Development ao,common_share,3,11217094,50,SUR,2005-05-27,TQBR
HHRU,11261,US42207L1061,,АДР HeadHunter Group ORD SHS,HHRU-адр,ADR HeadHunter Group ORD SHS,depositary_receipt,3,,,USD,2020-09-25,TQBR
HIMC,2837,RU0009098990,1-01-55076-D,Химпром ПАО ао,Химпром ао,Himprom ao,common_share,3,688894206,1,SUR,2011-12-14,TQBR
HMBO,247,RU0002155334,10101971B,ПАО Ханты-М банк Открытие ао,ХМБОткр ао,Khanty-M bank Otkritie ao,common_share,,185930087,100,SUR,2015-04-01,TQBR
HMSG,7317,US40425X4079,,ГДР Hydraulic M&S Gr ORD SHS,HMSG-гдр,GDR Hydraulic M&S Gr ORD SHS,depositary_receipt,3,,,SUR,2021-05-25,TQPI
HYDR-003D,816,RU000A0JPKH7,1-01-55038-E-003D,"ОАО ""ГидроОГК""",ГдОГК-003D,GidroOGK-003D,common_share,,1926156345,1,SUR,2008-02-11,EQNE
HYDR-004D,816,RU000A0JPKH7,1-01-55038-E-004D,"ОАО ""ГидроОГК""",ГдОГК-004D,GidroOGK-004D,common_share,,4164768364,1,SUR,2008-02-11,EQNE
HYDR-005D,816,RU000A0JPKH7,1-01-55038-E-005D,"ОАО ""ГидроОГК""",ГдОГК-005D,GidroOGK-005D,common_share,,1038366440,1,SUR,2008-02-11,EQNE
HYDR-006D,816,RU000A0JPKH7,1-01-55038-E-006D,"ОАО ""ГидроОГК""",ГдОГК-006D,GidroOGK-006D,common_share,,1180221205,1,SUR,2008-02-11,EQNE
HYDR-007D,816,RU000A0JPKH7,1-01-55038-E-007D,"ОАО ""ГидроОГК""",ГдОГК-007D,GidroOGK-007D,common_share,,1004053679,1,SUR,2008-02-11,EQNE
HYDR-008D,816,RU000A0JPKH7,1-01-55038-E-008D,"ОАО ""ГидроОГК""",ГдОГК-008D,GidroOGK-008D,common_share,,5452397967,1,SUR,2008-02-11,EQNE
HYDR-009D,816,RU000A0JPKH7,1-01-55038-E-009D,"ОАО ""ГидроОГК""",ГдОГК-009D,GidroOGK-009D,common_share,,3057860640,1,SUR,2008-02-11,EQNE
HYDR-010D,816,RU000A0JPKH7,1-01-55038-E-010D,"ОАО ""ГидроОГК""",ГдОГК-010D,GidroOGK-010D,common_share,,696932968,1,SUR,2008-02-11,EQNE
HYDR-011D,816,RU000A0JPKH7,1-01-55038-E-011D,"ОАО ""ГидроОГК""",ГдОГК-011D,GidroOGK-011D,common_share,,6894241049,1,SUR,2008-02-11,EQNE
HYDR-012D,816,RU000A0JPKH7,1-01-55038-E-012D,"ОАО ""ГидроОГК""",ГдОГК-012D,GidroOGK-012D,common_share,,1397059856,1,SUR,2008-02-11,EQNE
HYDR-013D,816,RU000A0JPKH7,1-01-55038-E-013D,"ОАО ""ГидроОГК""",ГдОГК-013D,GidroOGK-013D,common_share,,1290183415,1,SUR,2008-02-11,EQNE
HYDR-014D,816,RU000A0JPKH7,1-01-55038-E-014D,"ОАО ""ГидроОГК""",ГдОГК-014D,GidroOGK-014D,common_share,,58998,1,SUR,2008-02-11,EQNE
HYDR-015D,816,RU000A0JPKH7,1-01-55038-E-015D,"ОАО ""ГидроОГК""",ГдОГК-015D,GidroOGK-015D,common_share,,121317531,1,SUR,2008-02-11,EQNE
HYDR-016D,816,RU000A0JPKH7,1-01-55038-E-016D,"ОАО ""ГидроОГК""",ГдОГК-016D,GidroOGK-016D,common_share,,3023005,1,SUR,2008-02-11,EQNE
HYDR-017D,816,RU000A0JPKH7,1-01-55038-E-017D,"ОАО ""ГидроОГК""",ГдОГК-017D,GidroOGK-017D,common_share,,22322,1,SUR,2008-02-11,EQNE
HYDR-018D,816,RU000A0JPKH7,1-01-55038-E-018D,"ОАО ""ГидроОГК""",ГдОГК-018D,GidroOGK-018D,common_share,,10,1,SUR,2008-02-11,EQNE
HYDR-019D,816,RU000A0JPKH7,1-01-55038-E-019D,"ОАО ""ГидроОГК""",ГдОГК-019D,GidroOGK-019D,common_share,,793,1,SUR,2008-02-11,EQNE
HYDR-020D,816,RU000A0JPKH7,1-01-55038-E-020D,"ОАО ""ГидроОГК""",ГдОГК-020D,GidroOGK-020D,common_share,,560,1,SUR,2008-02-11,EQNE
HYDR-021D,816,RU000A0JPKH7,1-01-55038-E-021D,"ОАО ""ГидроОГК""",ГдОГК-021D,GidroOGK-021D,common_share,,271302097,1,SUR,2008-02-11,EQNE
HYDR-022D,816,RU000A0JPKH7,1-01-55038-E-022D,"ОАО ""ГидроОГК""",ГдОГК-022D,GidroOGK-022D,common_share,,515643709,1,SUR,2008-02-11,EQNE
HYDR-023D,816,RU000A0JPKH7,1-01-55038-E-023D,"ОАО ""ГидроОГК""",ГдОГК-023D,GidroOGK-023D,common_share,,513301105,1,SUR,2008-02-11,EQNE
HYDR-024D,816,RU000A0JPKH7,1-01-55038-E-024D,"ОАО ""ГидроОГК""",ГдОГК-024D,GidroOGK-024D,common_share,,765757200,1,SUR,2008-02-11,EQNE
HYDR-025D,816,RU000A0JPKH7,1-01-55038-E-025D,"ОАО ""ГидроОГК""",ГдОГК-025D,GidroOGK-025D,common_share,,6898539845,1,SUR,2008-02-11,EQNE
HYDR-026D,816,RU000A0JPKH7,1-01-55038-E-026D,"ОАО ""ГидроОГК""",ГдОГК-026D,GidroOGK-026D,common_share,,1804913847,1,SUR,2008-02-11,EQNE
HYDR-027D,816,RU000A0JPKH7,1-01-55038-E-027D,"ОАО ""ГидроОГК""",ГдОГК-027D,GidroOGK-027D,common_share,,9,1,SUR,2008-02-11,EQNE
HYDR-037D,816,RU000A0JQES5,1-01-55038-E-037D,"ОАО ""РусГидро"" -037D",РусГидр37D,RusGidro -037D,common_share,,14681412135,1,SUR,2009-10-23,EQNE
HYDR-038D,816,RU000A0JQKR4,1-01-55038-E-038D,"ОАО ""РусГидро"" 038D",РусГидр38D,RusGidro 038D,common_share,,19000000000,1,SUR,2010-11-10,EQBR
HYDR-039D,816,RU000A0JR5M3,1-01-55038-E-039D,"ОАО ""РусГидро"" 039D",РусГидр39D,RusGidro 039D,common_share,,1607271577,1,SUR,2011-05-27,EQBR
HYDR-040D,816,RU000A0JRQ26,1-01-55038-E-040D,"ОАО ""РусГидро"" 040D",РусГидр40D,RusGidro 040D,common_share,,27334817715,1,SUR,2012-10-02,EQBR
HYDR-041D,816,RU000A0JTEN0,1-01-55038-E-041D,"ОАО ""РусГидро""041D",РусГидр41D,RusGidro 041D,common_share,,68617944796,1,SUR,2014-02-25,TQBR
IDJT,4465,RU000A0JQYW5,1-01-55421-E,"ПАО ""ИДЖАТ""",ИДЖАТ,"""IDJAT""",common_share,3,72907930,100,SUR,2014-04-25,TQDE
IDVP,7959,RU000A0JV7V4,1-01-15857-A,"ПАО ""ИНВЕСТ-ДЕВЕЛОПМЕНТ"" - ао",Инв-Девел,"PAO ""INVEST-DEVELOPMENT""",common_share,3,2110524,1000,SUR,2015-03-06,TQPI
igip,1955,RU0001206443,1-01-01840-A,"Акционерное общество Институт ""ГИПРОПРОС""","АО Институт ""ГИПРОПРОС""","Joint-Stock Company Institut ""Gipropros""",common_share,,43896,1,RUB,2012-06-25,EQNE
IGST03,2816,RU0002155292,1-03-30078-D,Ижсталь ОАО ао 3в.,Ижсталь3ао,Izhstal 3ao,common_share,,352319,1000,SUR,2011-12-08,TQBR
IKAR,2844,RU0002155227,1-05-45197-D,"""Икар"" ОАО ао",Икар ао,Ikar,common_share,,845700,100,SUR,2008-12-12,EQNE
ILSO,3187,RU0002155268,1-01-00082-E,Илецксоль (ОАО) ао,Илецксоль,Ilecksol,common_share,,450625168,1,SUR,2008-10-14,EQNE
INEM,3687,RU000A103CZ1,4490,БПИФ Ингосстрах ЕМ облигации,INEM ETF,INEM ETF Ingosstrakh EM bonds,exchange_ppif,1,,,,2021-07-28,TQTD
INGR,2231,RU000A0DJ9B4,1-01-50020-A,ИНГРАД ПАО ао,ИНГРАД ао,INGRAD,common_share,3,41220793,1000,SUR,2020-03-30,TQBR
INRU,3687,RU000A104R22,4938,БПИФ Ингосстрах Россия,INRU ETF,INRU ETF Russia,exchange_ppif,1,,,,2022-05-27,TQTF
INTR,3837,RU000A0JQD89,1-01-55414-E,ИнтерТрейдИнвест (ОАО) ао,ИнтерТрейд,InterTradeInvest,common_share,,10000000,100,SUR,2009-10-21,EQNE
IRAO-001D,3565,RU000A0JPNM1,1-02-33498-E-001D,"""ИНТЕР РАО ЕЭС"" ОАО ао 001D",ИнтерРАО1D,INTER RAO EES 001D,common_share,,16765898995,0.1,SUR,2008-10-17,EQNE
IRAO-003D,3565,RU000A0JT0B5,1-03-33498-E-003D,"""ИНТЕР РАО ЕЭС"" ОАО ао 003D",ИнтерРАО3D,INTER RAO EES 003D,common_share,,210141861720,0.0281,SUR,2012-11-09,EQNL
IRAO-004D,3565,RU000A0JT0C3,1-03-33498-E-004D,"""ИНТЕР РАО ЕЭС"" ОАО ао 004D",ИнтерРАО4D,INTER RAO EES 004D,common_share,,431451853160,0.0281,SUR,2012-11-09,EQNL
IRAO-005D,3565,RU000A0JT2S5,1-03-33498-E-005D,"""ИНТЕР РАО ЕЭС"" ОАО ао 005D",ИнтерРАО5D,INTER RAO EES 005D,common_share,,475352112,0.0281,SUR,2012-11-09,EQNL
IRAO-006D,3565,RU000A0JT2T3,1-03-33498-E-006D,"""ИНТЕР РАО ЕЭС"" ОАО ао 006D",ИнтерРАО6D,INTER RAO EES 006D,common_share,,22887323943,0.0281,SUR,2012-11-09,EQNL
IRAO-007D,3565,RU000A0JT0D1,1-03-33498-E-007D,"""ИНТЕР РАО ЕЭС"" ОАО ао 007D",ИнтерРАО7D,INTER RAO EES 007D,common_share,,47241491977,0.0281,SUR,2012-12-25,EQNL
IRAO-008D,3565,RU000A0JT2U1,1-03-33498-E-008D,"""ИНТЕР РАО ЕЭС"" ОАО ао 008D",ИнтерРАО8D,INTER RAO EES 008D,common_share,,11803114771,0.0281,SUR,2012-12-25,EQNL
IRGZ,938,RU0008960828,1-01-00041-A,Иркутскэнерго(ПАО)-ао,ИркЭнерго,IrkutskEnrg,common_share,3,4766807700,1,SUR,2003-07-10,TQBR
IRSG,3836,RU000A0JQCZ4,1-01-13591-A,Межрег.стабилизац.группа ОАО,МежрегСГ,Mezhreg.stabilizats.gruppa,common_share,,240000,1000,SUR,2009-10-16,EQNE
ISKJ,1142,RU000A0JNAB6,1-01-08902-A,"ПАО ""Артген""",iАРТГЕН ао,ARGEN ao,common_share,2,92645451,0.1,SUR,2006-05-23,TQBR
IUES,3565,RU000A0JPNM1,1-03-33498-E,"""ИНТЕР РАО ЕЭС"" ОАО ао",ИнтерРАОао,INTER RAO EES ao,common_share,,9716000000000,0.0281,SUR,2009-12-01,EQBR
IUES-001D,3565,RU000A0JQQY7,1-03-33498-E-001D,"""ИНТЕР РАО ЕЭС"" ОАО ао 001D",ИнтерРАО1D,INTER RAO EES 001D ao,common_share,,618913525216,0.0281,SUR,2010-10-04,EQNL
IUES-002D,3565,RU000A0JR4T1,1-03-33498-E-002D,"""ИНТЕР РАО ЕЭС"" ОАО ао 002D",ИнтерРАО2D,INTER RAO EES 002D ao,common_share,,6822972629771,0.0281,SUR,2011-06-21,EQNL
IVEN,936,RU0009111306,1-01-00037-A,Ивэнерго ОАО ао,Ивэнерго,Ivenergo,common_share,,1097370827,1,SUR,2006-04-12,EQNE
IVENP,936,RU0009111488,2-01-00037-A,Ивэнерго ОАО ап,Ивэнерго-п,Ivenergo (pref),preferred_share,,152180014,1,SUR,2006-04-12,EQNE
IVSB,934,RU000A0D8MA3,1-01-65081-D,Ивэнергосбыт ОАО ао,ИвЭнСб ао,Ivenergosbyt ao,common_share,,1097370827,0.05,SUR,2005-09-01,EQNE
IVSBP,934,RU000A0D8MB1,2-01-65081-D,Ивэнергосбыт ОАО ап,ИвЭнСб ап,Ivenergosbyt ap,preferred_share,,152180014,0.05,SUR,2005-09-01,EQNE
KBTK,4329,RU000A0JPYD7,1-02-11330-F,Кузбас.Топл.Комп. ПАО ао,КузбТК ао,Kuzbas.Topl. Kompaniya ao,common_share,3,99258355,0.2,SUR,2010-05-11,TQBR
KBTK-001D,4329,RU000A0JQUJ0,1-02-11330-F-001D,Кузбас.Топл.Комп.(ОАО) ао 001D,КузбТК 01D,Kuzbas.Topl. Kompaniya ao 001D,common_share,,14858955,0.2,SUR,2010-05-20,EQLV
KCXK,951,RU0009091318,1-01-55697-D,Кирово-Чеп.хим.комбинат(ОАО)ао,КЧХК,KChKhK,common_share,,985950,1,SUR,2006-07-20,EQNE
KCXKP,951,RU0006753571,2-02-55697-D,Кирово-Чеп.хим.комбинат(ОАО)ап,КЧХК-ап,KCHKP,preferred_share,,328650,1,SUR,2006-07-20,EQNE
KDSK,4493,RU000A0JR9C6,1-01-57300-D,Камский домостр.комбинат ОАОао,КамскДК ао,Kamskiy domostr. kombinat ao,common_share,,600000,50,SUR,2011-03-09,EQNE
KHEL,3161,RU0009102404,1-03-55106-D,Казанский вертолет. завод ОАО,КазанскВЗ,Kazanskyi vertoletn. zavod ao,common_share,,154089390,1,SUR,2008-08-28,EQNE
KISB,952,RU000A0ETZQ9,1-01-65127-D,"""Кировэнергосбыт"" ОАО",КировЭС ао,Kirov Energo Sbyt,common_share,,2148390472,0.006,SUR,2005-12-02,TQBR
KISBP,952,RU000A0ETZR7,2-01-65127-D,"""Кировэнергосбыт"" ОАО",КировЭС ап,Kirov Energo Sbyt ap,preferred_share,,703995200,0.006,SUR,2005-12-02,TQBR
KLNA,1083,RU0007247243,1-05-30306-D,"Концерн ""Калина""(ОАО) ао",Калина-ао,Kalina-ao,common_share,,6438348,70,SUR,2004-04-26,EQNL
KLUG,944,RU0006753464,1-01-00234-A,"""Калугаэнерго"" ОАО ао",КалугЭн-ао,KalugaEnergo,common_share,,67670185,10,SUR,2007-11-19,EQNE
KOEN,839,RU0009257133,1-01-00053-A,Комиэнерго АЭК (ОАО) -ао,Комиэнерго,KomiEnergo,common_share,,4581128852,1,SUR,2003-07-18,EQNE
KOKS,947,RU000A0ERNT3,39-1-00950,"""КОКС"" ОАО",КОКС ао,KOKS,common_share,,1650232,20,SUR,2005-06-14,EQNE
KOLE,1003,RU0009075923,1-01-00050-A,ао Колэнерго,Колэнерго,KolEnrg,common_share,,357158757,1,SUR,2004-04-12,EQNE
KOMM,4700,RU000A0JQ5Y9,1-01-02315-D,Бумажная фабрика Коммунар ОАО,Коммунар,BF Kommunar ao,common_share,,330992,0.125,SUR,2011-12-09,TQBR
KOSB,2891,RU000A0JEAM2,1-01-55159-E,Колэнергосбыт ОАО ао,КолЭС ао,KolEnergoSbyt,common_share,,1432206616,0.011,SUR,2008-10-14,EQNE
KOSBP,2891,RU000A0JEAN0,2-01-55159-E,Колэнергосбыт ОАО ап,КолЭС ап,KolEnergoSbyt (pref),preferred_share,,118405759,0.011,SUR,2011-12-08,EQNE
KOSG,956,RU0006753662,1-01-00243-A,"""Костромаэнерго"" ОАО",КострЭн ао,Kostromaenergo,common_share,,408998400,0.25,SUR,2006-05-23,EQNE
KOSGP,956,RU0006753654,2-01-00243-A,"""Костромаэнерго"" ОАО ап",КострЭн ап,Kostromaenergo prev.,preferred_share,,136333440,0.25,SUR,2006-05-23,EQNE
KRGE,2828,RU0009100424,1-01-00069-A,Курганэнерго ОАО ао,КурганЭн,Kurganenergo ao,common_share,,146602782,1,SUR,2011-12-08,EQNE
KRGEP,2828,RU0009100432,2-01-00069-A,Курганэнерго ОАО ап,КурганЭн-п,Kurganenergo ap,preferred_share,,14393052,1,SUR,2011-12-08,EQNE
KRKO,3163,RU0009098123,1-01-30301-E,ТКЗ Красный котельщик ПАО ао,ТКЗКК ао,TKZ Krasny Kotelshchik ao,common_share,3,863258000,1,SUR,2011-12-09,TQBR
KRNG,891,RU0009049118,1-01-00059-A,Красноярскэнерго-2,Красэн2-ао,KrasnEnrg,common_share,,596039612,1,SUR,2004-12-06,EQNE
KRNGP,891,RU0009088181,2-01-00059-A,Красноярскэнерго-2п,Красэн2-ап,KrasnEnrg (pref),preferred_share,,168993328,1,SUR,2004-12-06,EQNE
KRSG,890,RU0009085922,1-01-40102-F,Красноярская ГЭС(ПАО) ао,КраснГЭС,KrasnGES,common_share,3,391105645,1,SUR,2004-02-04,TQBR
KSGR,947,RU000A0ERNT3,1-03-10799-F,Кокс ПАО ао,Кокс ао,Koks ao,common_share,3,330046400,0.1,SUR,2011-02-04,TQBR
KUBE,884,RU0009046767,1-02-00063-A,"""Россети Кубань"" ПАО",РСетКубань,Rosseti Kuban,common_share,3,398966076,100,SUR,2003-09-30,TQBR
KUBE-002D,884,RU000A0JR662,1-02-00063-A-002D,"""Кубаньэнерго"" ОАО 002D",Кубанэнр2D,KubanEnrg 002D,common_share,,20153696,100,SUR,2011-08-08,EQNE
KUBE-003D,884,RU000A0JS462,1-02-00063-A-003D,"""Кубаньэнерго"" ОАО 003D",Кубанэнр3D,KubanEnrg-003D,common_share,,45481897,100,SUR,2012-11-21,EQNE
KUEN,959,RU0006753803,1-02-40062-A,"ОАО ""Курскэнерго"" -ао",Курэнер-ао,KurskEnergo,common_share,,1141368480,1,SUR,2006-05-15,EQNE
KUENP,959,RU0006753795,2-02-40062-A,"ОАО ""Курскэнерго"" -ап",Курэнер-ап,KurskEnergo ap,preferred_share,,243855360,1,SUR,2006-05-15,EQNE
KUNF,2662,RU000A0JPGE2,1-01-32223-D,Каменск-Уральский завод ПАО ао,КУЗОЦМ ао,KUZOCM ao,common_share,3,50326222,1,SUR,2011-12-14,TQBR
KUOS,3094,RU0009100382,1-01-01144-E,Куйбышевнефтеоргсинтез (ОАО)ао,КНОС-ао,KNOS,common_share,,488624,1,SUR,2008-10-14,EQNE
KUSB,961,RU000A0D83T6,1-01-65094-D,Курскрегионэнергосбыт ОАО ао,КурскЭнСб,Kurskregionenergosby ao,common_share,,1141368480,0.005,SUR,2005-08-25,EQNE
KUSBP,961,RU000A0D83U4,2-01-65094-D,Курскрегионэнергосбыт ОАО ап,КурскЭнС-п,Kurskregionenergosby (pref),preferred_share,,243855360,0.005,SUR,2005-08-25,EQNE
KUST,3670,RU000A0JPXG2,2-01-59124-P,"""Кубанская степь"" ОАО ап",КубанСт ап,Kubanckya step,preferred_share,,450000,2,SUR,2008-08-22,EQNE
KUSTP,3670,RU000A0JPXG2,2-01-59124-P,Кубанская степь ПАО ап,КубанСт ап,Kubanskaya step (pref),preferred_share,,450000,2,SUR,2010-07-08,TQBR
KVMZ,919,RU0006753613,МФ28-1-01656,Ковровский механический завод,КМЗ,Kovrov Mech. Zavod,common_share,,495380,250,SUR,2004-12-25,EQNE
KZBE,946,RU0009045652,1-02-00064-A,Кузбасэнерго(ОАО)-ао,Кузбасэнрг,KuzbassEnergo,common_share,,70675984774,0.01,SUR,2008-05-13,TQBR
KZBN,946,RU0009045652,1-02-00064-A,Кузбасэнерго(ОАО)-ао,Кузбасэнрг,KuzbassEnergo,common_share,,70675984774,0.01,SUR,2008-05-13,EQNL
LBDO,966,RU000A0D8G13,1-04-40982-A,Лебедянский.з-д(ОАО) ао,Лебедян-ао,Lebedianskiy,common_share,,20411300,0.01,SUR,,EQNL
LIEN,968,RU0009257174,1-01-00251-A,Липецкэнерго ОАО ао,Липецкэнрг,Lipetskenergo,common_share,,155521950,1,SUR,2006-05-16,EQNE
LINK,7735,RU000A0JRLK5,1-01-14490-A,Линк Холдингс (ОАО) ао,Линк Холд,Link Holdings ao,common_share,,2208600000,1,SUR,2011-11-11,EQNE
LNTA,6500,US52634T2006,,МКПАО Лента др,Лента др,IPJSC Lenta dr,depositary_receipt,1,,,USD,2014-03-06,TQBR
LOMO,1364,RU0009084388,1-02-00074-A,ЛОМО ОАО ао,ЛОМО ао,LOMO ao,common_share,,111600000,5,SUR,2011-12-08,EQNE
LOMOP,1364,RU0009100457,2-02-00074-A,ЛОМО ОАО ап,ЛОМО ап,LOMO ap,preferred_share,,37200000,5,SUR,2011-12-08,EQNE
MAIL,1004185,US5603172082,,ГДР VK Company Limited ORD SHS,VK-гдр,GDR VK Company Limited ORD SHS,depositary_receipt,1,,,USD,2020-07-02,TQBR
MASZ,2848,RU000A0B8366,1-02-03376-A,Машиностроит. завод ПАО ао,МашЗавод,Mash.Zavod ao,common_share,,1586269,1000,SUR,2011-12-09,TQBR
MBEQ,6181,RU000A1046Y3,4740,"БПИФ МЕТИБ Акции, лидеры рынка",MBEQ ETF,MBEQ ETF METIB - Stocks,exchange_ppif,3,,,,2022-01-25,TQTF
MBGB,6181,RU000A1046Z0,4741,БПИФ МЕТИБ – Гос. облигации,MBGB ETF,MBGB ETF METIB - State bonds,exchange_ppif,3,,,,2022-01-25,TQTF
MDMBP,236,RU000A0JNHW7,20300323B,МДМ Банк ОАО ап,МДМ Банк-п,MDM Bank (pref),preferred_share,,284163460,1,SUR,2009-11-30,EQNE
MERF,3708,RU000A0JQ128,1-01-00407-A,МЕРИДИАН ПАО ао,МЕРИДИАН,Meridian ao,common_share,3,522163526,0.1,SUR,2008-11-26,TQPI
MFBA,4501,RU000A0JQTZ8,1-01-55463-E,Московская Фонд. Биржа ОАО ао,МФБ ао,Moskovskaya Fond. Birja OAO ao,common_share,,6000,25000,SUR,2011-04-07,EQNE
MFON,1380,RU000A0JS942,1-03-00822-J,МегаФон ПАО ао,МегаФон ао,MegaFon ao,common_share,3,620000000,0.1,SUR,2012-11-28,TQBR
MGNT-004D,886,RU000A0JKQU8,1-01-60525-P-004D,"""Магнит"" ОАО ао",Магнит-04D,Magnit-004D,common_share,,11245660,0.01,SUR,2008-06-03,EQNE
MGNT-005D,886,RU000A0JQGM3,1-01-60525-P-005D,"""Магнит"" ОАО ао",Магнит-005,Magnit-005D,common_share,,5729413,0.01,SUR,2009-12-28,EQNE
MGNT-006D,886,RU000A0JRW44,1-01-60525-P-006D,"""Магнит"" ОАО ао -006D",Магнит-006,Magnit-006D,common_share,,5586282,0.01,SUR,2011-12-23,EQNE
mgok,3339,RU0005513869,1-01-00081-A,"Акционерное общество ""Михайловский ГОК имени Андрея Владимировича Варичева""","АО ""Михайловский ГОК им. А.В. Варичева""","Joint-Stock Company ""Mikhailovsky GOK named after Andrey Vladimirovich Varichev""",common_share,,7121076,0.25,RUB,,EQBR
MGSV,1180,RU000A0ET7W1,1-01-50075-E,"ао ""Мосгорэлектросеть"" ОАО",МосЭСК ао,Mosgorelektroset,common_share,,28249359700,0.2,SUR,2005-12-28,EQNE
MGVM,4658,RU000A0JRUT7,1-01-00131-D,"Медиа гр.""Война и Мир"" ОАО ао",МедиаВиМ,War and Peace Media Group ao,common_share,3,48500000,10,SUR,2011-11-30,TQDE
MIKR,4176,RU000A0JQDU3,1-01-13728-A,"ОАО НПО ""МИКРОН"" - ао",МИКРОН ао,MIKRON,common_share,,1800110,100,SUR,2009-11-30,EQNE
MMBM,375,RU0006571916,10102748B,БМ-Банк акции об.,БМ-Банк,BM-Bank,common_share,,135374099,100,SUR,,TQBR
MNFD,2264,RU000A0ER754,1-01-00405-A,МН-фонд ПАО ао,МН-фонд ао,MN-fond ao,common_share,3,51000000,1,SUR,2011-03-18,TQDE
MNPZ,3168,RU0009084404,1-02-00084-A,Газпромнефть-МНПЗ ОАО ао,ГазпрМНПЗ,Gazpromneft-MNPZ,common_share,,5912490,10,SUR,2008-12-12,TQBR
MOBB,4197,RU000A0JS7V9,10101751B,Московский областной банк ПАО,МосОблБанк,Moskovskii oblastnoi bank PAO,common_share,3,4687984112,1,SUR,2012-07-20,TQBR
MORI,3021,RU0009092431,1-01-30493-D,Морион ПАО ао,Морион ао,Morion ao,common_share,3,164640000,1,SUR,2011-12-14,TQBR
MOTZ,1056,RU0006763570,1-02-30038-D,Мотовилихинские заводы ао,Мотовил ао,Motovilihinskie zavody,common_share,3,992106324,1.5,SUR,2009-02-20,TQBR
MREN,843,RU0006763513,1-01-00256-A,Мордовэнерго(ОАО)-ао,Мордэнерго,MordovEnergo,common_share,,1345037710,1,SUR,2006-02-07,EQNE
MRKA,2692,RU000A0JPPG8,1-01-34956-E,МРСК Юга ао,МРСКЮга ао,MRSK Yuga,common_share,,49811096064,0.1,SUR,2008-08-22,EQNL
MRKA-001D,2692,RU000A0JPPG8,1-01-34956-E-001D,МРСК Юга 001D ао,МРСКЮга001,MRSK Yuga 001,common_share,,2282967791,0.1,SUR,2008-07-03,EQNE
MRKA-002D,2692,RU000A0JPPG8,1-01-34956-E-002D,МРСК Юга 002D ао,МРСКЮга002,MRSK Yuga 002,common_share,,16203472837,0.1,SUR,2008-07-03,EQLI
MRKA-003D,2692,RU000A0JPPG8,1-01-34956-E-003D,МРСК Юга 003D ао,МРСКЮга003,MRSK Yuga 003,common_share,,4390593223,0.1,SUR,2008-07-03,EQNE
MRKA-004D,2692,RU000A0JPPG8,1-01-34956-E-004D,МРСК Юга 004D ао,МРСКЮга004,MRSK Yuga 004,common_share,,20297126784,0.1,SUR,2008-07-03,EQNE
MRKA-005D,2692,RU000A0JPPG8,1-01-34956-E-005D,МРСК Юга 005D ао,МРСКЮга005,MRSK Yuga 005,common_share,,1921111550,0.1,SUR,2008-07-03,EQNE
MRKA-006D,2692,RU000A0JPPG8,1-01-34956-E-006D,МРСК Юга 006D ао,МРСКЮга006,MRSK Yuga 006,common_share,,4615823879,0.1,SUR,2008-07-03,EQNE
MRKC-001D,2683,RU000A0JPPL8,1-01-10214-A-001D,"""МРСК Центра"" ОАО ао -001D",МРСК Ц-001,MRSK Centra -001D,common_share,,8488056646,0.1,SUR,2008-05-21,EQNE
MRKC-002D,2683,RU000A0JPPL8,1-01-10214-A-002D,"""МРСК Центра"" ОАО ао -002D",МРСК Ц-002,MRSK Centra -002D,common_share,,2186302328,0.1,SUR,2008-05-21,EQNE
MRKC-003D,2683,RU000A0JPPL8,1-01-10214-A-003D,"""МРСК Центра"" ОАО ао -003D",МРСК Ц-003,MRSK Centra -003D,common_share,,2263638583,0.1,SUR,2008-05-21,EQNE
MRKC-004D,2683,RU000A0JPPL8,1-01-10214-A-004D,"""МРСК Центра"" ОАО ао -004D",МРСК Ц-004,MRSK Centra -004D,common_share,,686361395,0.1,SUR,2008-05-21,EQNE
MRKC-005D,2683,RU000A0JPPL8,1-01-10214-A-005D,"""МРСК Центра"" ОАО ао -005D",МРСК Ц-005,MRSK Centra -005D,common_share,,5365857327,0.1,SUR,2008-05-21,EQNE
MRKC-006D,2683,RU000A0JPPL8,1-01-10214-A-006D,"""МРСК Центра"" ОАО ао -006D",МРСК Ц-006,MRSK Centra -006D,common_share,,1637988666,0.1,SUR,2008-05-21,EQNE
MRKC-007D,2683,RU000A0JPPL8,1-01-10214-A-007D,"""МРСК Центра"" ОАО ао -007D",МРСК Ц-007,MRSK Centra -007D,common_share,,1716907079,0.1,SUR,2008-05-21,EQNE
MRKC-008D,2683,RU000A0JPPL8,1-01-10214-A-008D,"""МРСК Центра"" ОАО ао -008D",МРСК Ц-008,MRSK Centra -008D,common_share,,524118040,0.1,SUR,2008-05-21,EQNE
MRKC-009D,2683,RU000A0JPPL8,1-01-10214-A-009D,"""МРСК Центра"" ОАО ао -009D",МРСК Ц-009,MRSK Centra -009D,common_share,,3108458367,0.1,SUR,2008-05-21,EQNE
MRKC-010D,2683,RU000A0JPPL8,1-01-10214-A-010D,"""МРСК Центра"" ОАО ао -010D",МРСК Ц-010,MRSK Centra -010D,common_share,,608206466,0.1,SUR,2008-05-21,EQNE
MRKC-011D,2683,RU000A0JPPL8,1-01-10214-A-011D,"""МРСК Центра"" ОАО ао -011D",МРСК Ц-011,MRSK Centra -011D,common_share,,1339094085,0.1,SUR,2008-05-21,EQNE
MRKC-012D,2683,RU000A0JPPL8,1-01-10214-A-012D,"""МРСК Центра"" ОАО ао -012D",МРСК Ц-012,MRSK Centra -012D,common_share,,283983170,0.1,SUR,2008-05-21,EQNE
MRKC-013D,2683,RU000A0JPPL8,1-01-10214-A-013D,"""МРСК Центра"" ОАО ао -013D",МРСК Ц-013,MRSK Centra -013D,common_share,,2299735306,0.1,SUR,2008-05-21,EQNE
MRKC-014D,2683,RU000A0JPPL8,1-01-10214-A-014D,"""МРСК Центра"" ОАО ао -014D",МРСК Ц-014,MRSK Centra -014D,common_share,,450265899,0.1,SUR,2008-05-21,EQNE
MRKC-015D,2683,RU000A0JPPL8,1-01-10214-A-015D,"""МРСК Центра"" ОАО ао -015D",МРСК Ц-015,MRSK Centra -015D,common_share,,1429654118,0.1,SUR,2008-05-21,EQNE
MRKC-016D,2683,RU000A0JPPL8,1-01-10214-A-016D,"""МРСК Центра"" ОАО ао -016D",МРСК Ц-016,MRSK Centra -016D,common_share,,187008006,0.1,SUR,2008-05-21,EQNE
MRKC-017D,2683,RU000A0JPPL8,1-01-10214-A-017D,"""МРСК Центра"" ОАО ао -017D",МРСК Ц-017,MRSK Centra -017D,common_share,,1649138333,0.1,SUR,2008-05-21,EQNE
MRKC-018D,2683,RU000A0JPPL8,1-01-10214-A-018D,"""МРСК Центра"" ОАО ао -018D",МРСК Ц-018,MRSK Centra -018D,common_share,,503423819,0.1,SUR,2008-05-21,EQNE
MRKC-019D,2683,RU000A0JPPL8,1-01-10214-A-019D,"""МРСК Центра"" ОАО ао -019D",МРСК Ц-019,MRSK Centra -019D,common_share,,3065693658,0.1,SUR,2008-05-21,EQNE
MRKC-020D,2683,RU000A0JPPL8,1-01-10214-A-020D,"""МРСК Центра"" ОАО ао -020D",МРСК Ц-020,MRSK Centra -020D,common_share,,738152638,0.1,SUR,2008-05-21,EQNE
MRKC-021D,2683,RU000A0JPPL8,1-01-10214-A-021D,"""МРСК Центра"" ОАО ао -021D",МРСК Ц-021,MRSK Centra -021D,common_share,,3585897539,0.1,SUR,2008-05-21,EQNE
MRKH,3719,RU000A0JPVJ0,1-01-55385-E,"""Российские сети"" ОАО ао",Россети ао,Rosseti ao,common_share,,161078853310,1,SUR,2008-12-09,TQBR
MRKH-001D,3719,RU000A0JQVN0,1-01-55385-E-001D,"""Холдинг МРСК"" ОАО ао - 001D",ХолМРСК-1D,Holding MRSK ao - 001D,common_share,,1922313097,1,SUR,2011-03-16,EQNL
MRKHP,3719,RU000A0JPVK8,2-01-55385-E,"""Российские сети"" ОАО ап",Россети ап,Rosseti ap,preferred_share,,2075149384,1,SUR,2008-12-09,TQBS
MRKK-001D,3580,RU000A0JPPQ7,1-01-34747-E-001D,МРСК Сев. Кавказа ао 001D,МРСК СК001,MRSK Severnogo Kavkaza ao 001D,common_share,,9644385,1,SUR,2008-06-19,EQNE
MRKK-002D,3580,RU000A0JPPQ7,1-01-34747-E-002D,МРСК Сев. Кавказа ао 002D,МРСК СК002,MRSK Severnogo Kavkaza ao 002D,common_share,,2695250,1,SUR,2008-06-19,EQNE
MRKK-003D,3580,RU000A0JPPQ7,1-01-34747-E-003D,МРСК Сев. Кавказа ао 003D,МРСК СК003,MRSK Severnogo Kavkaza ao 003D,common_share,,8352060,1,SUR,2008-06-19,EQNE
MRKK-004D,3580,RU000A0JPPQ7,1-01-34747-E-004D,МРСК Сев. Кавказа ао 004D,МРСК СК004,MRSK Severnogo Kavkaza ao 004D,common_share,,8690357,1,SUR,2008-06-19,EQNE
MRKP-001D,2689,RU000A0JPN96,1-01-12665-E-001D,МРСК Центр. и Приволж. ао 001D,МРСКЦП001,MRSK CiP -001D,common_share,,9933178038,0.1,SUR,2008-04-07,EQNE
MRKP-002D,2689,RU000A0JPN96,1-01-12665-E-002D,МРСК Центр. и Приволж. ао 002D,МРСКЦП002,MRSK CiP -002D,common_share,,5238075351,0.1,SUR,2008-04-07,EQNE
MRKP-003D,2689,RU000A0JPN96,1-01-12665-E-003D,МРСК Центр. и Приволж. ао 003D,МРСКЦП003,MRSK CiP -003D,common_share,,10154553057,0.1,SUR,2008-04-07,EQNE
MRKP-004D,2689,RU000A0JPN96,1-01-12665-E-004D,МРСК Центр. и Приволж. ао 004D,МРСКЦП004,MRSK CiP -004D,common_share,,8579998539,0.1,SUR,2008-04-07,EQNE
MRKP-005D,2689,RU000A0JPN96,1-01-12665-E-005D,МРСК Центр. и Приволж. ао 005D,МРСКЦП005,MRSK CiP -005D,common_share,,4095509962,0.1,SUR,2008-04-07,EQNE
MRKP-006D,2689,RU000A0JPN96,1-01-12665-E-006D,МРСК Центр. и Приволж. ао 006D,МРСКЦП006,MRSK CiP -006D,common_share,,31184103348,0.1,SUR,2008-04-07,EQNE
MRKP-007D,2689,RU000A0JPN96,1-01-12665-E-007D,МРСК Центр. и Приволж. ао 007D,МРСКЦП007,MRSK CiP -007D,common_share,,13343991837,0.1,SUR,2008-04-07,EQNE
MRKP-008D,2689,RU000A0JPN96,1-01-12665-E-008D,МРСК Центр. и Приволж. ао 008D,МРСКЦП008,MRSK CiP -008D,common_share,,7567715086,0.1,SUR,2008-04-07,EQNE
MRKP-009D,2689,RU000A0JPN96,1-01-12665-E-009D,МРСК Центр. и Приволж. ао 009D,МРСКЦП009,MRSK CiP -009D,common_share,,9990288421,0.1,SUR,2008-04-07,EQNE
MRKP-010D,2689,RU000A0JPN96,1-01-12665-E-010D,МРСК Центр. и Приволж. ао 010D,МРСКЦП010,MRSK CiP -010D,common_share,,665242563,0.1,SUR,2008-04-07,EQNE
MRKP-011D,2689,RU000A0JPN96,1-01-12665-E-011D,МРСК Центр. и Приволж. ао 011D,МРСКЦП011,MRSK CiP -011D,common_share,,2574822120,0.1,SUR,2008-04-07,EQNE
MRKP-012D,2689,RU000A0JPN96,1-01-12665-E-012D,МРСК Центр. и Приволж. ао 012D,МРСКЦП012,MRSK CiP -012D,common_share,,327892112,0.1,SUR,2008-04-07,EQNE
MRKP-013D,2689,RU000A0JPN96,1-01-12665-E-013D,МРСК Центр. и Приволж. ао 013D,МРСКЦП013,MRSK CiP -013D,common_share,,7749197134,0.1,SUR,2008-04-07,EQNE
MRKP-014D,2689,RU000A0JPN96,1-01-12665-E-014D,МРСК Центр. и Приволж. ао 014D,МРСКЦП014,MRSK CiP -014D,common_share,,1193249475,0.1,SUR,2008-04-07,EQNE
MRKS-001D,2684,RU000A0JPPF0,1-01-12044-F-001D,МРСК Сибири ао -001D,МРСКСиб001,MRSK Sibiri -001D,common_share,,15218256846,0.1,SUR,2008-06-05,EQNE
MRKS-002D,2684,RU000A0JPPF0,1-01-12044-F-002D,МРСК Сибири ао -002D,МРСКСиб002,MRSK Sibiri -002D,common_share,,4478827719,0.1,SUR,2008-06-05,EQNE
MRKS-003D,2684,RU000A0JPPF0,1-01-12044-F-003D,МРСК Сибири ао -003D,МРСКСиб003,MRSK Sibiri -003D,common_share,,4542933549,0.1,SUR,2008-06-05,EQNE
MRKS-004D,2684,RU000A0JPPF0,1-01-12044-F-004D,МРСК Сибири ао -004D,МРСКСиб004,MRSK Sibiri -004D,common_share,,21020403849,0.1,SUR,2008-06-05,EQNE
MRKS-005D,2684,RU000A0JPPF0,1-01-12044-F-005D,МРСК Сибири ао -005D,МРСКСиб005,MRSK Sibiri -005D,common_share,,5343593748,0.1,SUR,2008-06-05,EQNE
MRKS-006D,2684,RU000A0JPPF0,1-01-12044-F-006D,МРСК Сибири ао -006D,МРСКСиб006,MRSK Sibiri -006D,common_share,,21540351915,0.1,SUR,2008-06-05,EQNE
MRKS-007D,2684,RU000A0JPPF0,1-01-12044-F-007D,МРСК Сибири ао -007D,МРСКСиб007,MRSK Sibiri -007D,common_share,,1695160469,0.1,SUR,2008-06-05,EQNE
MRKS-008D,2684,RU000A0JPPF0,1-01-12044-F-008D,МРСК Сибири ао -008D,МРСКСиб008,MRSK Sibiri -008D,common_share,,7786663635,0.1,SUR,2008-06-05,EQNE
MRKS-009D,2684,RU000A0JPPF0,1-01-12044-F-009D,МРСК Сибири ао -009D,МРСКСиб009,MRSK Sibiri -009D,common_share,,1657737020,0.1,SUR,2008-06-05,EQNE
MRKS-010D,2684,RU000A0JPPF0,1-01-12044-F-010D,МРСК Сибири ао -010D,МРСКСиб010,MRSK Sibiri -010D,common_share,,1777278320,0.1,SUR,2008-06-05,EQNE
MRKS-011D,2684,RU000A0JPPF0,1-01-12044-F-011D,МРСК Сибири ао -011D,МРСКСиб011,MRSK Sibiri -011D,common_share,,452022825,0.1,SUR,2008-06-05,EQNE
MRKS-012D,2684,RU000A0JPPF0,1-01-12044-F-012D,МРСК Сибири ао -012D,МРСКСиб012,MRSK Sibiri -012D,common_share,,3013466541,0.1,SUR,2008-06-05,EQNE
MRKS-013D,2684,RU000A0JPPF0,1-01-12044-F-013D,МРСК Сибири ао -013D,МРСКСиб013,MRSK Sibiri -013D,common_share,,740958679,0.1,SUR,2008-06-05,EQNE
MRKS-014D,2684,RU000A0JRFU6,1-01-12044-F-014D,МРСК Сибири ао - 014D,МРСКСиб014,MRSK Sibiri - 014D,common_share,,5447508134,0.1,SUR,2011-12-08,EQNE
MRKU-002D,2522,RU000A0JPPT1,1-01-32501-D-002D,МРСК Урала (ОАО) ао 002D,МРСК Ур002,MRSK Urala ao 002D,common_share,,21917963843,0.1,SUR,2008-06-18,EQNE
MRKU-003D,2522,RU000A0JPPT1,1-01-32501-D-003D,МРСК Урала (ОАО) ао 003D,МРСК Ур003,MRSK Urala ao 003D,common_share,,28008459645,0.1,SUR,2008-06-18,EQNE
MRKU-004D,2522,RU000A0JPPT1,1-01-32501-D-004D,МРСК Урала (ОАО) ао 004D,МРСК Ур004,MRSK Urala ao 004D,common_share,,17430207871,0.1,SUR,2008-06-18,EQNE
MRKU-005D,2522,RU000A0JPPT1,1-01-32501-D-005D,МРСК Урала (ОАО) ао 005D,МРСК Ур005,MRSK Urala ao 005D,common_share,,6212283117,0.1,SUR,2008-06-18,EQNE
MRKU-006D,2522,RU000A0JPPT1,1-01-32501-D-006D,МРСК Урала (ОАО) ао 006D,МРСК Ур006,MRSK Urala ao 006D,common_share,,8435057723,0.1,SUR,2008-06-18,EQNE
MRKU-007D,2522,RU000A0JPPT1,1-01-32501-D-007D,МРСК Урала (ОАО) ао 007D,МРСК Ур007,MRSK Urala ao 007D,common_share,,2912327538,0.1,SUR,2008-06-18,EQNE
MRKV-001D,2688,RU000A0JPPN4,1-01-04247-E-001D,МРСК Волги ао -001D,МРСКВол001,MRSK Volgi -001D,common_share,,51756840992,0.1,SUR,2008-05-23,EQNE
MRKV-002D,2688,RU000A0JPPN4,1-01-04247-E-002D,МРСК Волги ао -002D,МРСКВол002,MRSK Volgi -002D,common_share,,11558321461,0.1,SUR,2008-05-23,EQNE
MRKV-003D,2688,RU000A0JPPN4,1-01-04247-E-003D,МРСК Волги ао -003D,МРСКВол003,MRSK Volgi -003D,common_share,,9553277567,0.1,SUR,2008-05-23,EQNE
MRKV-004D,2688,RU000A0JPPN4,1-01-04247-E-004D,МРСК Волги ао -004D,МРСКВол004,MRSK Volgi -004D,common_share,,2712970897,0.1,SUR,2008-05-23,EQNE
MRKV-005D,2688,RU000A0JPPN4,1-01-04247-E-005D,МРСК Волги ао -005D,МРСКВол005,MRSK Volgi -005D,common_share,,12953643326,0.1,SUR,2008-05-23,EQNE
MRKV-006D,2688,RU000A0JPPN4,1-01-04247-E-006D,МРСК Волги ао -006D,МРСКВол006,MRSK Volgi -006D,common_share,,1155126447,0.1,SUR,2008-05-23,EQNE
MRKV-007D,2688,RU000A0JPPN4,1-01-04247-E-007D,МРСК Волги ао -007D,МРСКВол007,MRSK Volgi -007D,common_share,,88787620456,0.1,SUR,2008-05-23,EQNE
MRKZ-001D,3581,RU000A0JPPB9,1-01-03347-D-001D,МРСК Северо-Запада ао -001D,МРСК СЗ001,MRSK Severo-Zapada -001D,common_share,,8881887460,0.1,SUR,2008-05-29,EQNE
MRKZ-002D,3581,RU000A0JPPB9,1-01-03347-D-002D,МРСК Северо-Запада ао -002D,МРСК СЗ002,MRSK Severo-Zapada -002D,common_share,,1668334427,0.1,SUR,2008-05-29,EQNE
MRKZ-003D,3581,RU000A0JPPB9,1-01-03347-D-003D,МРСК Северо-Запада ао -003D,МРСК СЗ003,MRSK Severo-Zapada -003D,common_share,,27374331316,0.1,SUR,2008-05-29,EQNE
MRKZ-004D,3581,RU000A0JPPB9,1-01-03347-D-004D,МРСК Северо-Запада ао -004D,МРСК СЗ004,MRSK Severo-Zapada -004D,common_share,,14105629454,0.1,SUR,2008-05-29,EQNE
MRKZ-005D,3581,RU000A0JPPB9,1-01-03347-D-005D,МРСК Северо-Запада ао -005D,МРСК СЗ005,MRSK Severo-Zapada -005D,common_share,,61993232,0.1,SUR,2008-05-29,EQNE
MRKZ-006D,3581,RU000A0JPPB9,1-01-03347-D-006D,МРСК Северо-Запада ао -006D,МРСК СЗ006,MRSK Severo-Zapada -006D,common_share,,10987513410,0.1,SUR,2008-05-29,EQNE
MRKZ-007D,3581,RU000A0JPPB9,1-01-03347-D-007D,МРСК Северо-Запада ао -007D,МРСК СЗ007,MRSK Severo-Zapada -007D,common_share,,7603634762,0.1,SUR,2008-05-29,EQNE
MRKZ-008D,3581,RU000A0JPPB9,1-01-03347-D-008D,МРСК Северо-Запада ао -008D,МРСК СЗ008,MRSK Severo-Zapada -008D,common_share,,2298641853,0.1,SUR,2008-05-29,EQNE
MRKZ-009D,3581,RU000A0JPPB9,1-01-03347-D-009D,МРСК Северо-Запада ао -009D,МРСК СЗ009,MRSK Severo-Zapada -009D,common_share,,7825865758,0.1,SUR,2008-05-29,EQNE
MRKZ-010D,3581,RU000A0JPPB9,1-01-03347-D-010D,МРСК Северо-Запада ао -010D,МРСК СЗ010,MRSK Severo-Zapada -010D,common_share,,2027814727,0.1,SUR,2008-05-29,EQNE
MRKZ-011D,3581,RU000A0JPPB9,1-01-03347-D-011D,МРСК Северо-Запада ао -011D,МРСК СЗ011,MRSK Severo-Zapada -011D,common_share,,12850276739,0.1,SUR,2008-05-29,EQNE
MSRS-001D,994,RU000A0ET7Y7,1-01-65116-D-001D,"ОАО ""МОЭСК"" ао - 001D",МОЭСК001,MOESK 001D,common_share,,20457731874,0.5,SUR,2008-08-22,EQBS
MSSB,1348,RU000A0ET7Z4,1-01-65113-D,"""Мосэнергосбыт"" ПАО ао",МосЭС ао,MosES,common_share,,28249359700,0.01,SUR,2006-02-17,TQBR
MSST,5389,RU000A0JTFH9,1-01-15149-A,Мультисистема ОАО ао,МультиСис,Mul'tisistema ao,common_share,3,100000000,0.001,SUR,2012-12-19,TQPI
MSSV,1181,RU000A0ET7X9,1-01-50076-E,"ао ""Мос.теплосет.комп"" ОАО",МосТСК ао,MosTeploset,common_share,,39252406931,0.3,SUR,2005-12-29,EQNE
MSTT-001D,3211,RU000A0JR2P3,1-03-02472-A-001D,"ОАО ""МОСТОТРЕСТ"" ао 001D",Мостотр01D,Mostotrest 001D,common_share,,33975500,0.14,SUR,2011-01-26,EQNL
MTEK,9339,RU000A100VK9,3858,БПИФ Лидеры технологий,MTEK ETF,MTEK ETF Leaders tech,exchange_ppif,1,,,,2019-10-22,TQTF
MTKB,69,RU000A0D9RP8,10100901B,Меткомбанк (ОАО)-ао,МеткомБ,Metkombank,common_share,,115626568,1,SUR,2005-04-22,EQNE
MTSI,1352,RU0007775219,1-01-04715-A,Мобильные ТелеСистемы (ОАО) ао,МТС-ао,MTS,common_share,,2066413562,0.1,SUR,2004-02-11,EQBR
MTSI-002D,1352,RU000A0JRBX9,1-01-04715-A-002D,Мобильные ТелеСистемы ОАО 002D,МТС-002D,MTS-002D,common_share,,73087424,0.1,SUR,2011-05-05,EQBR
MUGS,2867,RU000A0HNRS8,1-01-55148-E,Мурманская ТЭЦ ПАО ао,МурмТЭЦ-ао,Murmanskaya TEC ao,common_share,3,3008793909,0.6,SUR,2011-12-14,TQBR
MUGSP,2867,RU000A0HNRR0,2-01-55148-E,Мурманская ТЭЦ ПАО ап,МурмТЭЦ-п,Murmanskaya TEC ap,preferred_share,3,118405759,0.6,SUR,2011-12-14,TQBR
NBTR,425,RU000A0BK8H2,10503279B,"НБ ""ТРАСТ"" ОАО ао",ТРАСТ ао,NB TRAST ao,common_share,,440601047,5,SUR,2014-03-19,TQBR
NEKK,3772,RU000A0JQ4T2,1-01-33192-D,"""НЕКК"" ОАО ао",iНЕКК ао,NEKK,common_share,,28014000,1,SUR,2009-04-08,TQBR
NGNR,1014,RU0006766425,1-01-00259-A,Новгородэнерго(ОАО)-ао,НовгЭнрг,NovgorodEnergo,common_share,,165694998,0.5,SUR,2006-02-01,EQNE
NGNRP,1014,RU0006766417,2-01-00259-A,Новгородэнерго(ОАО)-ап,НовгЭнрг-п,NovgorodEnergo (pref),preferred_share,,46881866,0.5,SUR,2006-02-01,EQNE
NGSB,1015,RU000A0EQ2K0,1-01-50115-A,"""Новгородоблэнергосбыт"" ОАО",ЭнерСбт ао,Novgorodoblenergosbit ao,common_share,,165694998,0.05,SUR,2005-09-16,EQNE
NGSBP,1015,RU000A0EQYL9,2-01-50115-A,"""Новгородоблэнергосбыт"" ОАО",ЭнерСбт ап,Novgorodoblenergosbit (pref),preferred_share,,46881866,0.05,SUR,2005-09-16,EQNE
NMOS,320,RU000A0JRAF8,10102209B,ОАО ОТКРЫТИЕ ФК Банк ао,ОткрФКБ ао,OTKRITIE FK Bank OAO ao,common_share,,143852910,50,SUR,2011-04-19,TQBR
NNOV,1007,RU0009083299,1-02-00100-A,"""Нижновэнерго""(ОАО)-ао",ННэнерг ао,NNEnergo,common_share,,3919400,85,SUR,2007-11-20,EQNE
NNOVP,1007,RU0009107460,2-02-00100-A,"""Нижновэнерго""(ОАО)-ап",ННэнерг ап,NNEnergo pref.,preferred_share,,1063512,85,SUR,2007-11-20,EQNE
NONG,3225,RU0009046759,1-02-00105-A,Новосибирскэнерго (ОАО) ао,Новсибэнрг,Novosibirskenergo,common_share,,13519075,10,SUR,2011-01-14,EQNE
NOTK,1074,RU000A0DKVS5,1-02-00268-E,"ОАО ""НОВАТЭК"" ао",Новатэк ао,NOVATEK,common_share,,3036306000,0.1,SUR,2006-08-18,EQBR
NPE1,3554,RU000A0JPZR4,1-01-33125-E,Промавтоматика НПО (ОАО) ао,Промавт-ао,Promavtomatika,common_share,,15445,1000,SUR,2008-10-10,EQLV
NTRI,983,RU000A0JP3B3,1-02-15111-H,"""НУТРИНВЕСТХОЛДИНГ"" ОАО ак.об.",НутрИнвХол,NUTRINBESTHOLDING,common_share,,15925522,0.01,SUR,2007-04-27,EQNE
NVNG,3225,RU0009046759,1-02-00105-A,Новосибирскэнерго (ОАО) ао,Новсибэн,Novosibirskenergo ao,common_share,,11869438,10,SUR,2008-10-14,TQBR
NVNGP,3225,RU0009100085,2-02-00105-A,Новосибирскэнерго (ОАО) ап,Новсибэн-п,Novosibirskenergo ap,preferred_share,,2777667,10,SUR,2011-12-14,TQBR
NZGZ,3035,RU0008959630,1-02-00094-A,"""Нижневартовскнефтегаз"" ао",НижНФГЗ ао,Nizhnevartovskneftegaz,common_share,,13693047,0.8,SUR,2008-10-14,TQNE
OBUV,8727,RU000A0JXKG3,1-01-50161-A,"ПАО ""ОР"" ао",ОР ао,OR,common_share,2,113056000,100,SUR,2017-10-20,TQBR
ODTV,3639,RU000A0JPWV3,1-01-12479-A,О2ТВ (ОАО) ао,iО2ТВ-ао,O2TV,common_share,,100000,1,SUR,2008-07-25,EQNE
ODVA,3639,RU000A0JPWV3,1-02-12479-A,Медиахолдинг (ПАО) ао,Медиахолд,MediaHolding,common_share,3,700000000,0.001,SUR,2008-09-02,TQPI
OFCB,320,RU000A0JRAF8,10102209B,ПАО ОТКРЫТИЕ ФК Банк ао,ОткрФКБ ао,OTKRITIE FK Bank PAO ao,common_share,3,208321642,50,SUR,2014-12-01,TQBR
OGK1,757,RU000A0JNPM1,1-02-65107-D,ОГК-1 ОАО ао,ОГК-1 ao,OGK-1,common_share,,65451744495,0.57478,SUR,2007-07-18,EQBR
OGK1-002D,757,RU000A0JQY84,1-02-65107-D-002D,ОГК-1 ОАО 002D ао,ОГК-1-002D,OGK-1-002D,common_share,,20808551577,0.57478,SUR,2011-01-11,EQBR
OGK2,895,RU000A0JNG55,1-02-65105-D,ОГК-2 ОАО ао,ОГК-2 ао,OGK-2,common_share,,32734568382,0.3627,SUR,2007-06-22,EQBR
OGK2-001D,895,RU000A0JNG55,1-02-65105-D-001D,ОГК-2 ОАО ао,ОГК-2-001D,OGK-2-001D,common_share,,6252026095,0.3627,SUR,2007-10-19,EQNL
OGK2-002D,895,RU000A0JNG55,1-02-65105-D-002D,ОГК-2 ОАО ао - 002D,ОГК-2-002,OGK-2-002D,common_share,,1452433,0.3627,SUR,2008-10-07,EQBS
OGK2-003D,895,RU000A0JNG55,1-02-65105-D-003D,ОГК-2 ОАО ао - 003D,ОГК-2-003,OGK-2-003D,common_share,,194036,0.3627,SUR,2008-10-07,EQBS
OGK4,1407,RU000A0JNGA5,1-02-65104-D,Э.ОН Россия ОАО ао,Э.ОНРоссия,E.ON Russia,common_share,,63048706145,0.4,SUR,2007-05-24,EQNL
OGK4-001D,1407,RU000A0JNGA5,1-02-65104-D-001D,ОГК-4 ОАО ао,ОГК-4-001D,OGK-4-001D,common_share,,13886489865,0.4,SUR,2007-11-30,EQNL
OGK6,759,RU000A0JNG63,1-02-65106-D,ОГК-6 ОАО ао,ОГК-6 ао,OGK-6,common_share,,32287001231,0.48,SUR,2007-07-18,EQBR
OGK6-001D,759,RU000A0JNG63,1-02-65106-D-001D,ОГК-6 ОАО ао,ОГК-6-001D,OGK-6-001D,common_share,,5531497444,0.48,SUR,2008-01-18,EQLI
OGKA,757,RU000A0JNPM1,1-02-65107-D,ОГК-1 ОАО ао,ОГК-1 ао,OGK-1,common_share,,65451744495,0.57478,SUR,2007-07-18,EQBR
OGKB-004D,895,RU000A0JRQZ2,1-02-65105-D-004D,ОГК-2 ОАО ао 004D,ОГК-2-004D,OGK-2-004D,common_share,,26593358578,0.3627,SUR,2007-01-12,EQBR
OGKB-005D,895,RU000A0JSXH4,1-02-65105-D-005D,ОГК-2 ОАО ао 005D,ОГК-2-005D,OGK-2-005D,common_share,,51113233910,0.3627,SUR,2013-07-17,EQNL
OGKC,833,RU000A0HMML6,1-01-50079-A,ОГК-3 ОАО ао,ОГК-3 ао,OGK-3,common_share,,47487999252,1,SUR,2006-06-15,EQNL
OGKE,705,RU000A0F5UN3,1-01-50077-A,"""Энел Россия"" ОАО",ЭнелРос ао,Enel Russia,common_share,,35371898370,1,SUR,2005-09-14,TQBR
OMSB,1036,RU000A0HG9A5,1-01-55101-E,Омскэнергосбыт ОАО ао,ОмскЭнСб,Omskenergosbyt ao,common_share,,3519330,32.8,SUR,2006-06-16,EQNE
OMSBP,1036,RU000A0HG9B3,2-01-55101-E,Омскэнергосбыт ОАО ап,ОмскЭнСб-п,Omskenergosbyt (pref),preferred_share,,817800,32.8,SUR,2006-06-16,EQNE
OMSH,2793,RU0009091268,1-01-00111-A,"""Омскшина""  (ПАО)",Омскшина,Omskshina ao,common_share,3,1010724,1,SUR,2010-03-09,TQBR
OMZZ,1089,RU0009090542,1-01-30174-D,"ао""Объединён. маш. заводы""",ОМЗ-ао,OMZ,common_share,,290091770,0.1,SUR,2004-09-28,TQBR
OPIN,2231,RU000A0DJ9B4,1-01-50020-A,ИНГРАД ПАО ао,ИНГРАД ао,INGRAD,common_share,3,41220793,1000,SUR,2008-08-28,TQBR
OPNA,1140,RU000A103H74,4524,БПИФ -  Акции Азии,OPNA ETF,OPNA ETF - AS Stocks,exchange_ppif,1,,,,2021-09-06,TQTF
OPNB,3559,RU000A103HB1,4525,БПИФ Открытие - Облигации РФ,OPNB ETF,OPNB ETF - RU Bonds,exchange_ppif,1,,,,2021-09-06,TQTF
OPNE,1140,RU000A103H82,4526,БПИФ - Акции Европы,OPNE ETF,OPNE ETF EuropeanStock,exchange_ppif,1,,,,2021-09-06,TQTF
OPNR,3559,RU000A103H90,4523,БПИФ Открытие - Акции РФ,OPNR ETF,OPNR ETF - RU Stocks,exchange_ppif,1,,,,2021-09-06,TQTF
OPNS,1140,RU000A103D52,4491,БПИФ – Акции США,OPNS ETF,OPNS ETF -US Stocks,exchange_ppif,1,,,,2021-07-29,TQTF
OPNU,1140,RU000A103HA3,4527,БПИФ - Облигации США,OPNU ETF,OPNU ETF -US Bonds,exchange_ppif,1,,,,2021-09-06,TQTF
OPNW,1140,RU000A1024K9,4147,БПИФ – Всепогодный,ETF OPNW,ETF OPNW All-Weather,exchange_ppif,1,,,,2020-09-28,TQTD
OPTI,4192,RU000A0JQKJ1,1-01-13634-A,Оптима Инвест ОАО ао,ОптИнв ао,Optima Invest ao,common_share,,240000,1000,SUR,2009-12-10,EQNE
OREN,1041,RU0006935780,1-03-00260-А,Орелэнерго(ОАО)-ао,Орелэнерго,OrelEnergo ao,common_share,,192549316,3.5,SUR,2006-06-28,EQNE
ORENP,1041,RU0006935798,2-03-00260-А,Орелэнерго(ОАО)-ап,Орелэнрг-п,OrelEnergo ap,preferred_share,,44588520,3.5,SUR,2006-06-28,EQNE
ORSB,1042,RU000A0ETWS2,1-01-65122-D,Орелэнергосбыт ОАО ао,ОрлЭнСб ао,Orelenergosbyt ao,common_share,,192549316,0.00055,SUR,2005-12-22,EQNE
ORSBP,1042,RU000A0ETWT0,2-01-65122-D,Орелэнергосбыт ОАО ап,ОрлЭнСб ап,Orelenergosbyt (pref),preferred_share,,44588520,0.00055,SUR,2005-12-22,EQNE
ORUP,8727,RU000A0JXKG3,1-01-50161-A,"ПАО ""ОРГ"" ао",ОРГ ао,ORG,common_share,,113056000,100,SUR,2023-05-24,TQBR
OSFD,3819,RU000A0JQ6P5,1-01-10188-F,Объединенный Сиб.фонд (ОАО) ао,ОбСибФ ао,Ob.Sibirskiy Fond,common_share,,20000000,0.1,SUR,2009-09-10,EQNE
OSMP,3375,RU0006935830,1-02-01262-A,"""ОМПК"" ОАО ао",ОМПК ао,OMPK,common_share,3,101709123,10,SUR,2008-12-12,TQBR
OTCP,7878,RU000A0JUDK6,1-01-50162-A,Отисифарм ПАО,Отисифарм,Otisifarm ao,common_share,3,145422732,0.1,SUR,2014-12-30,TQBR
PAVT,3554,RU000A0JPZR4,1-01-33125-E,Промавтоматика НПО (ОАО) ао,Промавт-ао,Promavtomatika,common_share,,15445,1000,SUR,2012-07-09,EQNE
PBSB,2889,RU000A0H1LD0,1-01-55168-E,Петербург.сбытовая комп.ОАО ао,ПетербСК,Peterburg Sbyt.Komp.,common_share,,766035008,0.2,SUR,2008-10-14,EQNE
PBSBP,2889,RU000A0H1LE8,2-01-55168-E,Петербург.сбытовая комп.ОАО ап,ПетербСК-п,Peterburg Sbyt.Komp.(pref),preferred_share,,131328000,0.2,SUR,2011-12-08,EQNE
PDMS,1002475,RU0009091292,1-02-01638-A,Подольский маш.завод ОАО ао,ПодМашЗ ао,Podolskiy mash.zavod ao,common_share,,21102142,1,SUR,2011-12-08,EQNE
PETR,382,RU0002000373,10101776B,Петрокоммерц КБ ОАО ао,Петр ао,Petrokommerzbank ao,common_share,,670175439,10,SUR,2011-12-09,TQBR
PETR02,382,RU0002000373,10101776B,Петрокоммерц КБ ОАО ао 02,Петр02 ао,Petrokommerzbank 02 ao,common_share,,60000000,10,SUR,2011-12-09,TQNE
PETR03,382,RU0002000373,10101776B,Петрокоммерц КБ ОАО ао 03,Петр03 ао,Petrokommerzbank 03 ao,common_share,,350000000,10,SUR,2011-12-09,TQNE
PETR04,382,RU0002000373,10101776B,Петрокоммерц КБ ОАО ао 04,Петр04 ао,Petrokommerzbank 04 ao,common_share,,50000000,10,SUR,2011-12-09,TQNE
PETR06,382,RU0002000373,10101776B,Петрокоммерц КБ ОАО ао 06,Петр06 ао,Petrokommerzbank 06 ao,common_share,,70175439,10,SUR,2011-12-09,TQNE
PGIL,7869,JE00B5WLXH36,,Polyus GOLD International Ltd,PGIL-ао,Polyus Gold International,common_share,,3032149962,0.0001,GBP,2014-12-26,TQBR
PHOR-001D,4513,RU000A0JTBU1,1-02-06556-A-001D,ФосАгро ОАО ао 001D,ФосАгро 1D,PhosAgro ao 001D,common_share,,5022920,2.5,SUR,2013-07-03,TQBR
PHST,749,RU000A0JP7F5,1-01-03675-E,"""Фармстандарт"" ПАО ао",Фармстанд,Pharmstandard JSC,common_share,,37792603,1,SUR,2007-07-06,TQBR
PKBA,1391,RU0009107684,1-04-00265-A,"ОАО ""Балтика"" ао",Балтика ао,Baltika,common_share,,156087093,1,SUR,2006-08-22,EQBS
PKBAP,1391,RU0009107692,2-04-00265-A,"ОАО ""Балтика"" ап",Балтика ап,Baltika (pref),preferred_share,,12326570,1,SUR,2006-08-22,EQNE
PLNT,4702,RU000A0JQ8D7,1-01-55028-E,Планета ОАО ао,Планета ао,Planeta ao,common_share,,500000000,1,SUR,2012-03-28,EQNE
PLSM,4563,RU000A0JRPV3,1-02-12625-A,Плазмек ПАО ао,Плазмек,Plazmek ao,common_share,3,100000000,0.001,SUR,2011-08-31,TQDE
PMNG,1051,RU0009076939,1-02-00118-A,Пермьэнерго ОАО акц. об.,+Пермэнрао,PermEnrg,common_share,,36210960,55,SUR,,EQNE
PMNGP,1051,RU0009028054,2-02-00118-A,Пермьэнерго  ОАО ап,+Пермэнрап,PermEnrg (pref),preferred_share,,11353500,55,SUR,,EQNE
PMOT,3079,RU0009084479,1-01-00117-A,Пермские моторы (ОАО) ао,ПермМот ао,Permskie motory,common_share,,395815050,1.5,SUR,2008-10-14,TQNE
PMTL,1371,RU000A0JP195,1-02-00412-D,Полиметалл ОАО ао,Полиметалл,Polymetal,common_share,,399375000,0.2,SUR,2007-02-09,EQBR
PNTZ,3029,RU0009065627,1-01-00116-A,Первоур новтруб. зав. (ОАО) ао,ПНТЗ-ао,PNTZ,common_share,,24340086,20,SUR,2008-10-14,EQNE
PNZE,1046,RU0006935863,1-03-00262-A,Пензаэнерго (ОАО) - ао,ПензаЭн,PenzaEnergo,common_share,,142199904,8,SUR,2006-03-20,EQNE
PNZEP,1046,RU0006935855,2-03-00262-A,Пензаэнерго (ОАО) - ап,ПензаЭн-п,PenzaEnergo prev,preferred_share,,32520096,8,SUR,2006-03-20,EQNE
POGR,10911,GB0031544546,,Petropavlovsk PLC,Petropavl,Petropavlovsk PLC,common_share,3,3958751735,0.01,GBP,2020-06-25,TQBR
POLY,6101,JE00B6T5S470,,Polymetal International plc,Polymetal,Polymetal International plc,common_share,,528734657,0.03,USD,2025-08-25,TQBR
PRIN,4261,RU000A0JQP10,1-02-12714-A,ПРОЕКТНЫЕ ИНВЕСТИЦИИ (ОАО) ао,ПроектИ ао,Proektnie Investitsii,common_share,,100000000,0.001,SUR,2009-12-28,TQDE
PRMI,4703,RU000A0JQ888,1-01-12284-A,ПРОМИНВЕСТ ОАО ао,ПРОМИНВЕСТ,PROMINVEST ao,common_share,,500000000,1,SUR,2012-03-05,EQNE
PRTK,4331,RU000A0JQU47,1-02-07615-A,ПРОТЕК (ПАО) ао,ПРОТЕК ао,PROTEK ao,common_share,3,527142857,0.01,SUR,2010-04-27,TQBR
PSBR,323,RU000A0JNX47,10203251B,Промсвязьбанк ПАО ао,Промсвб ао,Promsvyazbank PAO ao,common_share,3,1113385474671,0.01,SUR,2012-10-10,TQBR
PSEN,1060,RU0009100655,1-01-00266-A,Псковэнерго(ОАО)-ао,Псковэнерг,PskovEnergo,common_share,,109351219,1,SUR,2006-02-07,EQNE
PTRM,3686,RU000A0JQ847,1-01-55172-E,ПрофТехРесурс М ОАО ао,ПрофТехР М,ProfTehResurs M ao,common_share,,500000000,1,SUR,2012-03-28,EQNE
PZSB,1043,RU000A0EQX80,1-01-55041-E,Пензаэнергосбыт ОАО ао,ПензаЭС ао,Penzaenergosbyt  ao,common_share,,142199904,0.5,SUR,2005-09-13,EQNE
PZSBP,1043,RU000A0EQX98,2-01-55041-E,Пензаэнергосбыт ОАО ап,ПензаЭС ап,Penzaenergosbyt (pref),preferred_share,,32520096,0.5,SUR,2005-09-13,EQNE
QIWI,6077,US74735M1080,,QIWI PLC,iQIWI,QIWI PLC,depositary_receipt,,,,SUR,2013-10-08,TQBR
RAOVP,3716,RU000A0JQNL1,2-02-55384-E,"""РАО ЭС Востока"" ОАО ап",ВостРАО ап,RAO EES Vostoka ap,preferred_share,,2075149384,0.5,SUR,2010-02-09,EQNE
RAVN,9900,GB00B0D5V538,,Raven Property Group Limited,Raven,Raven Property Group Limited,common_share,3,566493370,0.01,GBP,2018-10-03,TQBR
RBCI,802,RU0005707834,1-03-05214-A,РБК Информ. системы ао,РБК ИС-ао,RBC IS,common_share,,140000000,0.001,SUR,2005-03-18,EQBR
RBCI-004D,802,RU0005707834,1-03-05214-A-004D,РБК Информ. системы ао -004D,РБК ИС4-ао,RBC IS -004D,common_share,,20740000,0.001,SUR,2007-12-07,EQBR
RBCM-001D,4463,RU000A0JS2V0,1-02-56413-H-001D,РБК ОАО 001D ао,РБК-001Dао,RBK-001D ao,common_share,,46740385,0.00064,SUR,2012-07-05,EQNL
RCGL,6181,RU000A1053E1,5059,БПИФ Райффайзен - Золото,RCGL ETF,RCGL ETF Raiffeisen - Gold,exchange_ppif,1,,,,2022-08-30,TQTF
RCHY,6181,RU000A103E02,4497,БПИФ Райф Высокодох. облигации,RCHY ETF,RCHY ETF Raiff Hyield Bonds,exchange_ppif,1,,,,2021-07-28,TQTF
RCMB,6181,RU000A102697,4154,БПИФ Райф Еврооблигации,RCMB ETF,RCMB ETF,exchange_ppif,1,,,,2020-10-21,TQTF
RCMM,6181,RU000A103FF6,4507,БПИФ Райф Денежный рынок,RCMM ETF,RCMM ETF Raiff MoneyMarketFund,exchange_ppif,2,,,,2021-08-12,TQTF
RCMX,6181,RU000A101MF6,4027,БПИФ Райф Индекс МосБиржи 15,RCMX ETF,RCMX ETF MOEX 15 Index,exchange_ppif,3,,,,2020-05-22,TQTF
RCUS,6181,RU000A103L78,4562,БПИФ Райф Американские акции,RCUS ETF,RCUS ETF American stocks,exchange_ppif,1,,,,2021-09-23,TQTF
REBR,3777,RU000A0JQ1V4,10102782B,Регион.банк развития (ПАО) ао,РегБР ао,Region. bank razvitiya ao,common_share,,65050000,10,SUR,2010-04-27,TQBR
RITK,1343,RU0006935947,1-02-00019-F,РИТЭК ОАО ао,РИТЭК ао,RITEK,common_share,,144762000,0.7,SUR,2004-02-19,EQNE
RITKP,1343,RU0006935939,2-02-00019-F,РИТЭК ОАО акции прив.,РИТЭК ап,RITEK pref,preferred_share,,250000,0.7,SUR,2007-05-11,EQNE
RLMN,5387,RU000A0JTAP3,1-01-05257-D,Группа Компаний Роллман ПАО ао,Роллман,Rollman GK ao,common_share,3,4700000,100,SUR,2012-12-19,TQPI
RLMNP,5387,RU000A0JU229,2-01-05257-D,Группа Компаний Роллман ПАО ап,Роллман-п,Rollman GK ap,preferred_share,3,1560000,100,SUR,2014-05-05,TQPI
RNAV,4375,RU000A0JQX77,1-03-66953-H,РНТ ОАО ао,РНТ,RNT ao,common_share,,19520000,0.1,SUR,2010-07-07,TQDE
RNHS,3053,RU000A0HGPM9,1-01-55034-E,"""РН Холдинг"" ОАО ао",РН Холд ао,RN Holding ao,common_share,,14996968366,1,SUR,2013-10-28,TQBR
RNHSP,3053,RU000A0HGPN7,2-01-55034-E,"""РН Холдинг"" ОАО ап",РН Холд ап,RN Holding ap,preferred_share,,450000000,1,SUR,2013-10-28,TQBR
RODN,3671,RU000A0JPX60,2-01-58472-P,"""Родина"" ОАО ап",Родина ап,Rodina,preferred_share,,1000000,1,SUR,2008-08-22,EQNE
RODNP,3671,RU000A0JPX60,2-01-58472-P,"""Родина"" ПАО ап",Родина ап,Rodina (pref),preferred_share,,1000000,1,SUR,2010-07-08,TQBR
ROLO-002D,6132,RU000A0JU1D6,1-01-15065-A-002D,"""Русолово"" ОАО ао 002D",Русолово2D,Rusolovo OAO ao 002D,common_share,,2908611635,1,SUR,2013-09-06,TQNE
ROSB,43,RU000A0HHK26,10102272B,РОСБАНК ПАО ао,Росбанк ао,ROSBANK,common_share,3,1551401853,10,SUR,2006-01-30,TQBR
RQIE,6181,RU000A103UT6,4626,БПИФ Райф QIS Тактический,RQIE ETF,RQIE ETF Tactical QIS,exchange_ppif,1,,,,2021-10-21,TQTE
RQIU,6181,RU000A1040M1,4686,БПИФ Райф QIS Сбалансированный,RQIU ETF,RQIU ETF QIS Balanced,exchange_ppif,1,,,,2021-11-30,TQTF
RSAM,3220,RU0009100689,1-02-00345-D,Русские Самоцветы ОАО ао,РусСамоцв,Russkie Samotsvety ao,common_share,,794449,120,SUR,2008-10-14,EQNE
RSEA,4326,RU000A0JQTS3,1-01-04461-D,Русская Аквакультура ПАО ао,РусАква ао,Russkaya Akvakul'tura,common_share,,79537651,100,SUR,2010-04-16,TQBR
RSHA,6281,RU000A100E21,3735,БПИФ РСХБ Акции компаний США,RSHA ETF,RSHA ETF US Equity,exchange_ppif,1,,,,2019-06-20,TQTF
RSHE,6281,RU000A100HQ5,3755,БПИФ РСХБ Акции разв-ся рынков,RSHE ETF,RSHE ETF EM Equity,exchange_ppif,1,,,,2019-07-29,TQTF
RSHH,6281,RU000A100HP7,3754,БПИФ РСХБ Корп облигации США,RSHH ETF,RSHH ETF US Corp Bonds,exchange_ppif,1,,,,2019-07-29,TQTF
RSHI,6281,RU000A103BH1,4460,БПИФ РСХБ амер корп долг инвес,RSHI ETF,RSHI ETF US Invest Grade Bonds,exchange_ppif,1,,,,2021-07-22,TQTF
RSHL,6281,RU000A103WS4,4660,БПИФ РСХБ Фонд Акций Европ ком,RSHL ETF,RSHL ETF European Equities,exchange_ppif,1,,,,2022-01-20,TQTE
RSHY,6281,RU000A1024J1,4158,БПИФ РСХБ Еврооблигации в евро,RSHY ETF,RSHY ETF Evrobonds Euro,exchange_ppif,1,,,,2020-10-08,TQTE
RSTI,3719,RU000A0JPVJ0,1-01-55385-E,"""Российские сети"" ПАО ао",Россети ао,Rosseti ao,common_share,1,198827865141,1,SUR,2014-01-06,TQBR
RSTIP,3719,RU000A0JPVK8,2-01-55385-E,"""Российские сети"" ПАО ап",Россети ап,Rosseti ap,preferred_share,1,2075149384,1,SUR,2014-01-06,TQBR
RTKM-002D,1193,RU000A0JR8U0,1-01-00124-A-002D,Ростелеком (ОАО) ао 002D,Ростел002D,Rostelecom 002D,common_share,,72295887,0.0025,SUR,2011-05-12,EQBR
RTKM-003D,1193,RU000A0JR8V8,1-01-00124-A-003D,Ростелеком (ОАО) ао 003D,Ростел003D,Rostelecom 003D,common_share,,276060027,0.0025,SUR,2011-05-12,EQBR
RTKM-004D,1193,RU000A0JR8X4,1-01-00124-A-004D,Ростелеком (ОАО) ао 004D,Ростел004D,Rostelecom 004D,common_share,,3516851,0.0025,SUR,2011-05-12,EQBR
RTKM-005D,1193,RU000A0JR8Y2,1-01-00124-A-005D,Ростелеком (ОАО) ао 005D,Ростел005D,Rostelecom 005D,common_share,,921323,0.0025,SUR,2011-05-12,EQBR
RTKM-006D,1193,RU000A0JR902,1-01-00124-A-006D,Ростелеком (ОАО) ао 006D,Ростел006D,Rostelecom 006D,common_share,,26082628,0.0025,SUR,2011-05-12,EQBR
RTKM-007D,1193,RU000A0JR936,1-01-00124-A-007D,Ростелеком (ОАО) ао 007D,Ростел007D,Rostelecom 007D,common_share,,101790973,0.0025,SUR,2011-05-12,EQBR
RTKM-008D,1193,RU000A0JR951,1-01-00124-A-008D,Ростелеком (ОАО) ао 008D,Ростел008D,Rostelecom 008D,common_share,,214784032,0.0025,SUR,2011-05-12,EQBR
RTKM-009D,1193,RU000A0JR977,1-01-00124-A-009D,Ростелеком (ОАО) ао 009D,Ростел009D,Rostelecom 009D,common_share,,258103751,0.0025,SUR,2011-05-12,EQBR
RTKM-010D,1193,RU000A0JR985,1-01-00124-A-010D,Ростелеком (ОАО) ао 010D,Ростел010D,Rostelecom 010D,common_share,,47963275,0.0025,SUR,2011-05-12,EQBR
RTKM-011D,1193,RU000A0JR8W6,1-01-00124-A-011D,Ростелеком (ОАО) ао 011D,Ростел011D,Rostelecom 011D,common_share,,369801206,0.0025,SUR,2011-05-12,EQBR
RTKM-012D,1193,RU000A0JR8Z9,1-01-00124-A-012D,Ростелеком (ОАО) ао 012D,Ростел012D,Rostelecom 012D,common_share,,65827796,0.0025,SUR,2011-05-12,EQBR
RTKM-013D,1193,RU000A0JR910,1-01-00124-A-013D,Ростелеком (ОАО) ао 013D,Ростел013D,Rostelecom 013D,common_share,,70215976,0.0025,SUR,2011-05-12,EQBR
RTKM-014D,1193,RU000A0JR928,1-01-00124-A-014D,Ростелеком (ОАО) ао 014D,Ростел014D,Rostelecom 014D,common_share,,408070425,0.0025,SUR,2011-05-12,EQBR
RTKM-015D,1193,RU000A0JR944,1-01-00124-A-015D,Ростелеком (ОАО) ао 015D,Ростел015D,Rostelecom 015D,common_share,,106909501,0.0025,SUR,2011-05-12,EQBR
RTKM-016D,1193,RU000A0JR969,1-01-00124-A-016D,Ростелеком (ОАО) ао 016D,Ростел016D,Rostelecom 016D,common_share,,39441743,0.0025,SUR,2011-05-12,EQBR
RTKM-017D,1193,RU000A0JR993,1-01-00124-A-017D,Ростелеком (ОАО) ао 017D,Ростел017D,Rostelecom 017D,common_share,,152776555,0.0025,SUR,2011-05-12,EQBR
RTMC,1281,RU000A0JP7P4,1-01-11658-A,РТМ ОАО ао,РТМ ао,RTM,common_share,,140000000,0.001,SUR,2007-10-26,EQNL
RTSE,1064,RU0009071039,1-01-00125-A,Ростовэнерго (ОАО) ао,РостЭнр ао,RostovEnrg,common_share,,3128764676,1,SUR,,EQNE
RTSEP,1064,RU0009071096,2-01-00125-A,Ростовэнерго (ОАО) ап,РостЭнр ап,RostovEnrg (pref),preferred_share,,925737256,1,SUR,2003-09-15,EQNE
RU0002154147,1332,RU0002154147,0076-59774694,"РЕГИОН ПИФ ""Акции и Облигации""",РЕГ ИП АиО,"REGION IP""Aktzii i Obligatzii""",interval_ppif,,,,,,TQIF
RU0002559873,700,RU0002559873,0084-59831742,ПИОГЛОБАЛ Фонд Индекс ММВБ пай,ПИОГИПФинд,PIOGLOBAL-MICEX index IP,public_ppif,,,,,,EQNL
RU0006631264,700,RU0006631264,0003-45047743-18,ПИОГЛОБАЛ Фонд обл. пай,ПИОГИПФобл,PIOGLOBAL-bonds IP,public_ppif,,,,,,EQNL
RU0006631272,700,RU0006631272,0020-47357428-16,ПИОГЛОБАЛ Фонд сбалансир. пай,ПИОГИПФсбл,PIOGLOBAL-balance IP,public_ppif,,,,,,EQNL
RU0006631280,700,RU0006631280,0006-45139385-19,ПИОГЛОБАЛ Фонд акций. пай,ПИОГИПФакц,PIOGLOBAL-shares IP,public_ppif,,,,,,EQNL
RU0006922051,1026,RU0006922051,0030-18610638,ОПИФ Акции роста,АкцииРоста,Fond Otrasl Inv,public_ppif,3,,,,2021-07-05,TQIF
RU0006922069,1139,RU0006922069,0031-18610472-9,УралСиб Фонд Персп. вложений,УралСибФПВ,UralSib Fond Perspekt Vlojen,interval_ppif,,,,,,TQNE
RU0007781860,1293,RU0007781860,0035-18983813-5,"ПИФ ""Мономах-Перспектива""",ПИФПерспек,Perspektiva Monomakh IP,public_ppif,,,,,,TQIF
RU0007781878,1293,RU0007781878,0033-18679914-8,"Мономах ПИФ ""Мономах-Энергия""",ПИФЭнергия,Energiya Monomakh IP,interval_ppif,,,,,,EQNE
RU0007896452,1138,RU0007896452,0110-14176702,"Интерфин-КАП ПИФ""Интер.ТЕЛЕК.""",ПИФИнтрТел,Interfin Telekom IP,public_ppif,,,,,,TQIF
RU0007896460,1138,RU0007896460,0111-14176783,ИнтерфинКАП ПИФ Интерфин Энерг,ПИФИнтрЭнр,Interfin-Energiya InterfinK IP,public_ppif,,,,,,TQNE
RU0008005657,3693,RU0008005657,0038-52543508,ПИФ Паллада-фонд акц.2 эшелона,ПИФПаллада,PIFPallada-fond akc.2 eshelona,interval_ppif,,,,,2008-11-06,TQIF
RU0008117536,566,RU0008117536,10102157B,"АКБ ""ФИНПРОМБАНК"" ао",ФИНПРОМао,Finprombank,common_share,,24500000,10,SUR,,EQNL
RU0008131917,1141,RU0008131917,0085-59893252,"КОНКОРДИЯ ПИФ ""Недвижимость""",КОНКОРД ИП,KONKORDIA IP,private_ppif,,,,,,EQBS
RU0008913751,1225,RU0008913751,1-04-00030-A,ао ГУМ,ГУМ,GUM,common_share,,60000000,1,SUR,,EQNL
RU0008913868,1184,RU0008913868,2-01-00060-A,КрасныйОктябрь-1п,КрасОкт-1п,KrasnyiOctabr-1(pr),preferred_share,,1474549,1,SUR,,EQNL
RU0009011126,1408,RU0009011126,87-1-766,"ао ""Славнефть-Мегионнефтегаз""",Мегион-ао,Megion,common_share,,99474705,25,SUR,,EQNL
RU0009011134,1408,RU0009011134,87-1-766,ап Мегионнефтегаз,Мегион-ап,Megion (pref),preferred_share,,33056875,25,SUR,,EQNL
RU0009100366,953,RU0009100366,1-05-00048-A,"ОАО ""Кировэнерго""-ао-5",Кирэн-ао-5,KirovEnrg,common_share,,2148390472,1,SUR,,EQNL
RU0009100374,953,RU0009100374,2-05-00048-A,"ОАО ""Кировэнерго""-ап-5",Кирэн-ап-5,KirovEnrg (pref),preferred_share,,703995200,1,SUR,,EQNL
RU000A0B6NQ3,1373,RU000A0B6NQ3,0157-58234027,Перв.Петерб.фонд инвест.в недв,ППФПИН пф,PPFPIN IP,private_ppif,,,,,,EQNE
RU000A0B76C0,1190,RU000A0B76C0,0148-70232456," ИФ ""Метрополь Зевс""",ПИФМЗевс,Metropol Zevs,public_ppif,,,,,2004-08-27,TQIF
RU000A0B76D8,1190,RU000A0B76D8,0149-70232611,ПИФ Метрополь Афина,ПИФМАфина,Metropol Afina,public_ppif,,,,,2004-08-27,TQIF
RU000A0B76E6,1190,RU000A0B76E6,0147-70232539,"ПИФ ""Метрополь Золотое Руно""",ПИФМЗолРу,Metropol Zolotoe Runo,public_ppif,,,,,2004-08-27,TQIF
RU000A0B7G59,1198,RU000A0B7G59,0194-72023219,ОЛМА-ФОНД ОТРАСЛЕВОГО РОСТА,ОЛМА-ФОР,OLMA-FOND OTRASLEVOGO ROSTA,public_ppif,,,,,,TQIF
RU000A0B7GW3,1198,RU000A0B7GW3,0193-72023136,ОЛМА-Мировые Нефть и Газ,ОЛМА-МирНГ,OLMA-Mirovie Neft i Gaz,public_ppif,,,,,,TQIF
RU000A0B7VG5,1373,RU000A0B7VG5,0201-58233950,УК СвиньинКо ЖилаяНедвижимость,ЖилНедв пф,Zhilaya Nedvizhimost' IP,private_ppif,,,,,,EQNE
RU000A0B8RQ0,1325,RU000A0B8RQ0,0235-73515114,Нефтегазовая отрасль ИФСИ,Нфгзотр ип,Neftegazovaya otrasl IP,public_ppif,,,,,,EQNE
RU000A0B9QA4,1332,RU000A0B9QA4,0120-14241368,"ПИФ ""РЕГИОН Фонд Акций""",РЕГ ИП РФА,"REGION IP ""Fond Aktzii""",public_ppif,,,,,,TQIF
RU000A0B9QB2,1138,RU000A0B9QB2,0173-71669847,"ПИФ акций""Интерфин АКЦИИ""",ИнтерАкцИП,Interfin Aktsii IP,public_ppif,,,,,,TQIF
RU000A0CBFD1,1293,RU000A0CBFD1,0150-70233390,"ПИФ СИ ""Мономах-Панорама""",ПАНОРАМАпф,PANORAMA IP,public_ppif,,,,,,TQIF
RU000A0D9RQ6,4202,RU000A0D9RQ6,0091-58227168,"ПИФ ""Юбилейный"" УК ""Адекта""",ПИФЮбилейн,Ubileiny UK Adekta,public_ppif,,,,,,TQNE
RU000A0DK5N4,1020,RU000A0DK5N4,0028-18548738-8,"ПИФ ""Алемар-сбалансир.инвест""",АЛМРпфИнСИ,Alemar-sbalansirovannye invest,interval_ppif,,,,,,EQNE
RU000A0DK5P9,3693,RU000A0DK5P9,0042-18548032-6,Паллада ПИФ Паллада-Природ.рес,ПалладаПрР,Pallada-Prirod. resursi,public_ppif,,,,,,EQNE
RU000A0DK5Q7,3693,RU000A0DK5Q7,0061-18548170-2,Паллада ПИФ Паллада-Персп.обл,ПалладаОбл,Pallada-Perspekt. obl.,public_ppif,,,,,,EQNE
RU000A0DK9S5,831,RU000A0DK9S5,0245-74081540,"ПИФ ""ИнвестКапитал-фонд акц. """,ИнвК-фа пф,Vektor Vesna IP,public_ppif,,,,,,EQNE
RU000A0DNSN6,1332,RU000A0DNSN6,0255-74113814,"ПИФ ""Регион Фонд Сбалансирова""",ПИФРегиоФС,PIF Region FS,public_ppif,,,,,2005-01-31,TQIF
RU000A0DNSP1,1332,RU000A0DNSP1,0254-74113798,"ПИФ ""Регион Фонд Облигаций""",ПИФРегиоФО,PIF Region Fond Obl,public_ppif,,,,,2005-01-31,TQIF
RU000A0DP6C0,1286,RU000A0DP6C0,0220-73493418,Универ ПФ УНИВЕР-фонд.смеш.инв,УниверСИпф,"Univer UK""Vzv.fond sm.invest.""",public_ppif,,,,,,TQNE
RU000A0DP6D8,1386,RU000A0DP6D8,0107-58227487,"ПИФ БФА ""Стоик""",ПИФБФАСто,PIF Stoik,public_ppif,,,,,2005-01-31,EQNE
RU000A0DP6E6,1386,RU000A0DP6E6,0106-58227563,"ПИФ БФА ""Титан""",ПИФБФАТит,PIF Titan,public_ppif,,,,,2005-01-31,EQNE
RU000A0DQAA4,1386,RU000A0DQAA4,0105-58227406,"ПСБ БФА ""Финансист""",ПИФБФАФин,PIF Finansist,public_ppif,,,,,2005-01-31,EQNE
RU000A0EAA69,4202,RU000A0EAA69,0052-18548129,Адекта-Фонд акц.втор.эшелона,АдектаФАВЭ,PIF Adekta-Fond ak.vt.eshelona,interval_ppif,,,,,2007-02-09,TQNE
RU000A0EAA77,4202,RU000A0EAA77,0131-58233223,ПИФ УК Адекта Адекта-Фонд ТЭК,Адекта-ТЭК,PIF Adekta-Fond TEK,public_ppif,,,,,2007-02-09,TQNE
RU000A0EAA85,4202,RU000A0EAA85,0130-58233140,ПИФ ADT-Фонд телекоммуник.,ADT-Тлк,PIF ADT-Fond Telecom.,public_ppif,,,,,2007-02-09,TQNE
RU000A0EAA93,4202,RU000A0EAA93,0158-58234263,ПИФ Адекта-Фонд оптимальный,Адекта-опт,PIF Adekta-Fond Optimal'niy,public_ppif,,,,,2007-02-09,TQNE
RU000A0EABA4,4202,RU000A0EABA4,0159-58234180,ПИФ ADT-фонд голубых фишек,ADT-Фгф,PIF ADT-Fond golubyh fishek,public_ppif,,,,,2007-02-09,TQNE
RU000A0EABC0,4202,RU000A0EABC0,0049-18548833,ПИФ Адекта-Фонд ликвидн.актив.,Адекта-ФЛА,PIF Adekta-Fond Likvidn.Aktiv.,public_ppif,,,,,2007-02-09,TQNE
RU000A0EABJ5,1188,RU000A0EABJ5,0045-54859434,"ПИФ ""Солид Интервальный""",СолИнтер,Solid-Intervalnii,interval_ppif,,,,,2011-12-19,TQIF
RU000A0EABK3,1188,RU000A0EABK3,0040-52697973,ПИФ Солид-Инвест,Солид-Инв,PIF Solid-Invest,public_ppif,,,,,2011-12-19,TQIF
RU000A0EABL1,1188,RU000A0EABL1,0065-58549452,ПИФ Фонд долго.инвестиц. Солид,ФондСолид,Fond dolg. invest. Solid,public_ppif,,,,,2011-12-19,TQIF
RU000A0EAKA5,1199,RU000A0EAKA5,0305-75322649,"УК ""Максимум"" Макс. Стабильн.",ПИФМакСтаб,Maksimum Stabilnocti,interval_ppif,,,,,2005-01-24,EQNE
RU000A0EARX2,1138,RU000A0EARX2,0261-74114564,"Интерфин-КАП ПИФ""Инвестиционн""",ПИФИнвест,Investitsionniy Interfin-K IP,private_ppif,,,,,,EQNE
RU000A0EQ3N2,1229,RU000A0EQ3N2,0082-59794722,ПИФСбербанк-ФДР,ПИФСберФДР,PIF Sberbank-FDR,public_ppif,,,,,2005-06-17,TQNE
RU000A0EQ3P7,1229,RU000A0EQ3P7,0051-56540197,ПИФСбербанк ФС,ПИФСбер-ФС,PIF Sberbank - FS,public_ppif,,,,,2005-06-17,TQNE
RU000A0EQ3Q5,1229,RU000A0EQ3Q5,0007-45141428,ПИФСбербанк ФО Илья Муромец,ПИФСбер-ИМ,PIF Ilya Muromec,public_ppif,,,,,2005-06-17,TQNE
RU000A0EQ3R3,1229,RU000A0EQ3R3,0011-46360962,ПИФСбербанк ФА Добрыня Никитич,ПИФСбер-ДН,PIF Sberbank- Dobryna Nikitich,public_ppif,,,,,2005-06-17,TQNE
RU000A0EQ3S1,1229,RU000A0EQ3S1,0328-76077318,ПИФСбербанк-ФАКМК,ПИФСбФАКМК,PIF Sberbank FAKMK,public_ppif,,,,,2005-06-17,TQNE
RU000A0EQ3T9,1229,RU000A0EQ3T9,0327-76077399,ПИФСбербанк-ФРО,ПИФСберФРО,PIF Sberbank FRO,public_ppif,,,,,2005-06-17,TQNE
RU000A0ERGA7,11567,RU000A0ERGA7,0252-74113866,ПИФСбербанк Комм.недвижимость,ПИФСбер-КН,PIF Kommercheskaya Nedvizhimos,private_ppif,3,,,,2005-06-17,TQIF
RU000A0ERNJ4,1318,RU000A0ERNJ4,0034-18810975,"ПИФ ""Альфа-Капитал""",ПИФАльфа-К,PIF Alfa-Capital,interval_ppif,,,,,,EQNE
RU000A0ERNM8,1188,RU000A0ERNM8,0351-76578546,"ПИФ ""Солид-Индекс ММВБ""",СолИнММВБ,Solid-Index MMVB,public_ppif,,,,,2008-03-18,TQIF
RU000A0ETB75,1146,RU000A0ETB75,0329-76061228," ПИФ ""Оптим Привилегированный""",ПИФОптПрив,PIF Optim Privilegirovanniy,public_ppif,,,,,,EQNE
RU000A0ETCA2,1355,RU000A0ETCA2,0325-76078223,"""РЕГИОН Траст ""Особый"" ОАО",РТ Особый,"REGION Trast ""Osobyi""",public_ppif,,,,,,TQNE
RU000A0ETCC8,3693,RU000A0ETCC8,0277-73474705,ПИФ Паллада-Созидан УК Паллада,ПИФПалСоз,Pallada-Sozidanie UK Pallada,public_ppif,,,,,,TQIF
RU000A0ETJF6,1141,RU000A0ETJF6,0282-74059345,"ПИФ ""Конкордия-АВАНТАЖ""",ПИФКонк-А,PIF Konkordia-AVANTAJ,private_ppif,,,,,,EQNL
RU000A0ETL65,1047,RU000A0ETL65,0308-75492825,"УК Витус ПИФ ""Камская долина""",ПИФКамДол,Vitus Kamskaya Dolina,private_ppif,,,,,2005-07-27,EQNL
RU000A0ETL73,4376,RU000A0ETL73,0267-73890705,Кастом Кэп ПИФПерспект.Инвест,ПИФПерИнв,Vitus Perspektiva Invest,private_ppif,,,,,2005-07-27,TQIF
RU000A0F59Y1,4341,RU000A0F59Y1,0377-77981801,"ПИФ ""Максвелл Фонд облигаций""",ПИФМакФО,Maxwell Fond Obligaciy,public_ppif,,,,,2005-09-23,TQIF
RU000A0F5GJ0,848,RU000A0F5GJ0,0295-74549871,Ак Барс - Индекс ММВБ,ПИФИндММВБ,Index MMVB,public_ppif,,,,,2005-08-23,TQIF
RU000A0F6N86,4341,RU000A0F6N86,0167-71676913,"ПИФ ""Максвелл Капитал""",ПИФМакКап,Maxwell Kapital,public_ppif,,,,,2005-09-23,TQIF
RU000A0F6N94,4341,RU000A0F6N94,0244-74051958,Максвелл ПИФ Первый ФондФондов,ПИФ1ФФонд,Pervy fond fondov,public_ppif,,,,,2005-09-23,TQIF
RU000A0F6PB6,1232,RU000A0F6PB6,0361-77285527,УК БИН ФИНАМ Город.Ипотека ПИФ,НВКИпот-пф,"NVK UK ""Gorodskaya Ipoteka""",private_ppif,,,,,2005-09-28,EQNE
RU000A0F6XX4,4341,RU000A0F6XX4,0376-77983319,"ПИФ ""Максвелл Фонд Акций""",ПИФМакФА,Maxwell Fond Akciy,public_ppif,,,,,2005-10-21,TQIF
RU000A0H1BF6,1145,RU000A0H1BF6,0384-77357238,"БИЗОНплюсПИФ""БИЗОНплюс сбалнс""",ПИФБИЗплСб,Bizon plus sbalns Bizonplus IP,public_ppif,,,,,2006-02-10,EQNE
RU000A0HF0L2,1026,RU000A0HF0L2,0039-18547710,ЗПИФ БКС Перспектива,БКСПерспек,ZPIF BCS Perspectiva,private_ppif,3,,,,2021-08-30,TQIF
RU000A0HF9G3,1293,RU000A0HF9G3,0248-73556283,"ПИФ ""Мономах-Горизонт""",ПИФМон-Гор,PIF Monomakh-Gorizont,public_ppif,,,,,2005-10-25,EQNE
RU000A0HGA60,1152,RU000A0HGA60,0390-78474704,"ПИФ Ямал ""Первый ипотечный""",ЯМАЛИЗПИФ1,PIF Yamal 1 ipotechniy,private_ppif,,,,,2005-10-21,EQNE
RU000A0HGAT6,1119,RU000A0HGAT6,0306-58233631,"ПИФ ""РФЦ Накопительный""",ПИФРФЦНак,RFC Nakopitel,public_ppif,,,,,2005-10-21,TQIF
RU000A0HHJG2,1387,RU000A0HHJG2,0153-58233861,Межр. Ф недвиж.- ТКБ Инв.Парт.,ТКБ-МФН-ип,TKB Mejr. fond nedv. IP,private_ppif,3,,,,2005-09-12,TQIF
RU000A0HHLC7,1398,RU000A0HHLC7,0368-75408730,Балтинвест - Фонд облигаций,БИнвФОб пф,Baltinvest - fond obligacy IP,public_ppif,,,,,,EQNE
RU000A0HNNH0,1205,RU000A0HNNH0,0285-74470388,"""ЮграНедвижимость"" Регион",ПИФЮграНед,Yugra,private_ppif,,,,,2005-12-02,EQBR
RU000A0HNSR8,1241,RU000A0HNSR8,0389-78483778,ПИФ Ренессанс-Сбалансированный,РенесБалИП,Renessance-Sbalansirovanniy IP,public_ppif,,,,,2006-09-19,EQNE
RU000A0HNSS6,1241,RU000A0HNSS6,0388-78483695,ПИФ Ренессанс-Перспектива,РенесПерИП,Renessance-Perspektiva IP,interval_ppif,,,,,2006-09-19,EQNE
RU000A0HNST4,1241,RU000A0HNST4,0387-78483850,ПИФ Ренессанс-Акции,РенесАкцИП,Renessance-Aktsii IP,public_ppif,,,,,2006-09-19,EQNE
RU000A0HNSU2,1241,RU000A0HNSU2,0386-78483614,ПИФ Ренессанс-Облигации,РенесОблИП,Renessance-Obligatsii IP,public_ppif,,,,,2006-09-19,EQNE
RU000A0J2585,1152,RU000A0J2585,0502-94118819,"ПИФ Ямал ""Второй ипотечный""",ЯМАЛИЗПИФ2,PIF Yamal 2 ipotechniy,private_ppif,,,,,2006-07-13,EQNE
RU000A0J25W8,1304,RU000A0J25W8,0479-93339412,РОСТ КАПИТАЛА ФОНД АКЦИЙ ПИФ,ПИФРКФА,ROST KAPITALA FA,public_ppif,,,,,2006-06-22,EQNE
RU000A0J25X6,1119,RU000A0J25X6,0440-75407630,"ПИФ ""РФЦ-Фонд Акций""",ПИФРФЦ-ФА,RFC Fond Aktsiy,public_ppif,,,,,2006-07-10,TQIF
RU000A0JC037,1356,RU000A0JC037,0097-59837006,Финам Менеджм ПИФ Финам Первый,ПИФФМФП,PIF FINAM 1,public_ppif,,,,,2006-02-11,TQIF
RU000A0JC045,1356,RU000A0JC045,0315-75341204,Финам Менеджм. ПИФ Индекс ММВБ,ИндММВБ ФМ,Index MMVB FINAM,public_ppif,,,,,2006-06-30,TQIF
RU000A0JC052,1356,RU000A0JC052,0314-75340593,"УКФинамМ  ПИФ""Финам Облигац""",ПИФ ФинОбл,"UK Finam M ""Finam Obligacii""",public_ppif,,,,,2006-06-09,EQNE
RU000A0JC060,1356,RU000A0JC060,0316-75341925,"УКФинамМ  ПИФ""Низкликв акции""",ПИФ НлАкц,"UK Finam M ""Nizklikv akcii""",interval_ppif,,,,,2006-06-09,EQNE
RU000A0JC5V1,721,RU000A0JC5V1,0402-75409534,Арсагера- жилищное строит. ПИФ,ПИФАрсЖС,PIF Arsagera- Zhilischn. str.,private_ppif,3,,,,2006-02-11,TQIF
RU000A0JDCV1,4341,RU000A0JDCV1,0423-79010912,"ПИФ ""Максвелл Телеком""",ПИФМакТлк,Maxwell Telekom pf,public_ppif,,,,,2006-02-26,TQIF
RU000A0JDCW9,1275,RU000A0JDCW9,0372-76604309,Астерком-фонд акций,АстеркомФА,Asterkom-fond aktsiy,public_ppif,,,,,2006-03-25,EQNE
RU000A0JMGY7,4435,RU000A0JMGY7,0466-79417080,ПИФ Кредитный фонд №1 УК ГЕРА,ПИФКрФнд1,Kreditny fond №1 UK GERA,private_ppif,,,,,2006-05-30,EQNE
RU000A0JNAD2,658,RU000A0JNAD2,0239-58232910,ДОХОДЪ-фонд акций(УК ДОХОДЪ),ДОХОДФА-ип,DOKHOD-fond aktsiy,public_ppif,,,,,2006-09-25,TQIF
RU000A0JNFT7,5383,RU000A0JNFT7,0414-78873597,УК ФинКапМен ПИФЗемФондПерспек,ПИФПерсп,Zemelnii Fond Perspektiva,private_ppif,,,,,2006-07-10,TQNE
RU000A0JNFU5,848,RU000A0JNFU5,0181-70861407,ПИФ Родн.просторы АК БАРС КАП,РодПростор,PIF Rod.Prostori AK Bars Cap,private_ppif,,,,,2006-07-10,TQIF
RU000A0JNG71,4341,RU000A0JNG71,0477-93352045,"ПИФ""Максвелл Фонд Госпредпр""",ПИФМакГП,Maxwell Fond Gospredpriyatiy,public_ppif,,,,,2006-07-10,TQIF
RU000A0JNG89,1167,RU000A0JNG89,0310-75374965,"ПИФ ""АГ Капитал ИНТЕРРА""",ПИФИнтерра,PIF Intera,private_ppif,,,,,2006-09-01,EQBR
RU000A0JNHS5,1387,RU000A0JNHS5,0154-58233789,БНП Париба КИТ Ф-Рос.жил.недв,КИТФ-РЖНип,"BNP Pariba UK""KIT F-Ros.nedv""",private_ppif,,,,,2006-08-25,EQNE
RU000A0JNHT3,1286,RU000A0JNHT3,0352-76038910,УНИВЕР-фонд акций УНИВЕР Мен,УниверФАпф,Univer Fond aktsiy,public_ppif,,,,,2006-08-25,TQNE
RU000A0JNJX1,1178,RU000A0JNJX1,0522-94103829,"Закр. ПИФ недв. ""Приват-Сквер""",ПИФПрив-Ск,"Kollekt. inv. UK""Privat-Skver""",private_ppif,,,,,2006-08-31,EQNE
RU000A0JNK00,3750,RU000A0JNK00,0017-46538911,Первый ИПИФ УК КапиталЪ,ПервыйИПИФ,Pervyi IPIF UK Kapit,interval_ppif,3,,,,2010-05-27,TQIF
RU000A0JNK34,3750,RU000A0JNK34,0055-56612034,Универсальный ИПИФ УК КапиталЪ,УниверИПИФ,Universalnyi IPIF UK Kapital,interval_ppif,3,,,,2010-05-27,TQIF
RU000A0JNKU5,1032,RU000A0JNKU5,0458-79034539,"ПИФ ""СибиряК - Фонд акций""",ПИФСибирФА,"PIF ""SibiryaK - Fond aktzii""",public_ppif,,,,,2006-11-07,EQBS
RU000A0JNKX9,1275,RU000A0JNKX9,0197-72073677,Астерком-фонд Сбалансированный,АстеркомСб,Asterkom-fond Sbalansirovanniy,public_ppif,,,,,2006-09-20,EQNE
RU000A0JNKZ4,1275,RU000A0JNKZ4,0393-77983881,Астерком-фонд облигаций,АстеркомФО,Asterkom-fond obligatsiy,public_ppif,,,,,2006-09-20,EQNE
RU000A0JNML0,633,RU000A0JNML0,0528-75408285,ПИФ ТатИнК-Акции (УК-ТатИнК),ТатИнКФАип,TatInK-fond aktsiy,interval_ppif,,,,,2006-09-25,EQNE
RU000A0JNMM8,633,RU000A0JNMM8,0529-75408606,ПИФ ТатИнК-Сбалансированный,ТатИнКСбип,TatInK-Fond Sbalansirovanniy,interval_ppif,,,,,2006-09-25,EQNE
RU000A0JNNP9,831,RU000A0JNNP9,0496-93340912,ПИФ ИнвестКапитал-фонд недвиж.,ИнвК-ФНедв,InvestKapital-fond nedvizhimst,private_ppif,,,,,2006-09-25,EQNE
RU000A0JNPC2,6218,RU000A0JNPC2,0491-93351459,"ПИФ ""Югра Рент. Ф.""(УК НИМБУС)",ЮграРентФ,Ugra Rentnyi Fond YK NIMBYS,private_ppif,3,,,,2006-10-06,TQIF
RU000A0JNU16,1047,RU000A0JNU16,0144-70853129,"Витус-ПИФ""Фонд акций""",ПИФВитФАкц,Vitus Fond Aktsiy-IP,interval_ppif,,,,,2006-11-10,EQNE
RU000A0JNU32,1047,RU000A0JNU32,0145-70852408,"Витус-ПИФ""Фонд накопительный""",ПИФВитФНак,Vitus Fond Nakopitelniy-IP,interval_ppif,,,,,2005-10-11,EQNE
RU000A0JNUM1,5388,RU000A0JNUM1,0464-93295436,ПИФ Капитал.влож УК Навигатор,ЗПИФ КапВл,UKNavigator Kapital. vlozh.,private_ppif,3,,,,2006-12-15,TQIF
RU000A0JNUN9,1356,RU000A0JNUN9,0446-78559613,УК ФинамМенедж ЗПИФ Финам-ИТ,iЗПИФФинИТ,"UK BIN Finam ""Finam IT""",private_ppif,1,,,,2006-12-15,TQIF
RU000A0JNUP4,1356,RU000A0JNUP4,0516-94119309,УКФинамМ  ПИФ Финам Депозитный,ПИФ ФинДеп,"UK Finam M ""Finam Depozitnii""",public_ppif,,,,,2006-12-15,TQIF
RU000A0JNUW0,1204,RU000A0JNUW0,0426-78989377,"""ТФГ- Ангара"" УК ТФГ",ТФГ Анг-ип,TFG Angara ip,private_ppif,2,,,,2006-11-24,TQIF
RU000A0JNUZ3,652,RU000A0JNUZ3,0219-14281681,"АГАНА ПИФ""АГАНА-Экстрим""",ПФАГАНАЭкс,AGANA-Ekstrim IP,public_ppif,,,,,,TQIF
RU000A0JNW48,652,RU000A0JNW48,0216-14281971,АГАНА ПИФ АГАНА-Консервативный,ПФАГАНАКнc,AGANA-Konservativnii IP,public_ppif,,,,,,TQIF
RU000A0JNW89,1265,RU000A0JNW89,0545-94118742,АКСИОМА Облигации Основной,АкОбОсн-ип,Aksioma Obligacii Osnovnoi  ip,public_ppif,,,,,2006-11-24,EQNE
RU000A0JNWJ3,4456,RU000A0JNWJ3,0207-72730046,ПИФБиржПлощадь УК ВТБ Капитал,ПИФБиржПлщ,PIFBirzhPloshad UK VTB Kapital,public_ppif,,,,,2006-12-01,TQIF
RU000A0JNWK1,4456,RU000A0JNWK1,0092-59891904,ПИФКузнМост УК ВТБ Капитал,ПИФКузнМст,PIFKuznMost UK VTB Kapital,public_ppif,,,,,2006-12-01,TQIF
RU000A0JNWN5,4456,RU000A0JNWN5,0318-76003975,ПИФКраснПлощадь УК ВТБ Капитал,ПИФКрснПлщ,PIFKrasnPloshad UK VTB Kapital,public_ppif,,,,,2006-12-01,TQIF
RU000A0JNWP0,831,RU000A0JNWP0,0559-94123329,ЗПИФ ИнвестКапитал-ф. ипотечн.,ИнвК-ЗФИп,InvestKapital-fond ipotechnii,private_ppif,,,,,2006-12-15,EQNL
RU000A0JNWT2,4578,RU000A0JNWT2,0556-94123233,ПИФ Ренессанс-Недвижимость,РенесНдвип,Renessance-Nedvig,public_ppif,,,,,2007-05-31,EQNE
RU000A0JNWU0,1234,RU000A0JNWU0,0599-94123312,ПИФ Ренессанс-Индекс РТС,РенесРТСип,Renessance-Index RTS,public_ppif,,,,,2006-12-15,EQNE
RU000A0JNXM5,4341,RU000A0JNXM5,0613-94118788,ОПИФА «Максвелл Нефтегаз»,ПИФМакНГ,Neftegaz IP,public_ppif,,,,,2006-12-01,TQIF
RU000A0JNXS2,1163,RU000A0JNXS2,0208-72730323,"ПИФ""РИКОМ-акции""  РИКОМ-ТРАСТ",ПИФРикомАк,PIF RIKOM-Aktsii,public_ppif,,,,,2007-02-16,TQIF
RU000A0JP0H6,4341,RU000A0JP0H6,0663-94119049,"ПИФ ""Максвелл Энерго""",ПИФМакЭнрг,Maxwell Fond Energo,public_ppif,,,,,2007-01-17,TQIF
RU000A0JP0K0,658,RU000A0JP0K0,0238-58232991,ДОХОДЪ-фонд сбаланс(УК ДОХОДЪ),ДОХОДФС-ип,DOKHOD-fond sbalansir,public_ppif,,,,,2007-01-25,TQIF
RU000A0JP0T1,1252,RU000A0JP0T1,0644-94119753,"ПИФ""АТЛАС-Первый"" УК АТЛАС-КАП",ПИФ АТЛАС1,PIF Atlas Perviy,private_ppif,,,,,2007-02-02,EQNE
RU000A0JP1W3,1290,RU000A0JP1W3,0607-94120213,ПИФ НЕОФИТУС-фонд акций,ПИФНео-ФА,PIF Neofitus-Fond aktsiy,public_ppif,,,,,2007-02-16,EQNE
RU000A0JP1X1,1290,RU000A0JP1X1,0606-94120294,"ПИФ""НЕОФИТУС-смеш.инвестиции""",ПИФНео-Фси,PIF Neofitus-Fond smesh.invest,public_ppif,,,,,2007-02-16,EQNE
RU000A0JP1Y9,1290,RU000A0JP1Y9,0608-94120130,ПИФ НЕОФИТУС-Индекс ММВБ,ПИФНео-Инд,PIF Neofitus-Index MMVB,public_ppif,,,,,2007-02-16,EQNE
RU000A0JP450,1143,RU000A0JP450,0555-94107454,"""Жилищн. прогр.""ПИФНедв.КапПИФ",ПИФЖилПрог,"PIF Nedv.""Jilishn. Prog""KapPIF",private_ppif,3,,,,2007-03-21,TQPI
RU000A0JP484,1143,RU000A0JP484,0378-77952001,"""Строит. компл.""ПИФНедв.КапПИФ",ПИФСтрКомп,"PIF Nedv.""Stroit. Komp.""KapPIF",private_ppif,,,,,2007-03-21,EQNE
RU000A0JP4P1,1229,RU000A0JP4P1,0598-94120851,ПИФСбербанк Электроэнергетика,ПИФСбЭлект,PIF Sberbank Elektroenergetica,public_ppif,,,,,2007-03-23,TQNE
RU000A0JP4Q9,1229,RU000A0JP4Q9,0596-94120696,ПИФСбербанк Телекоммуникации,ПИФСберТел,PIF Sberbank Telecom,public_ppif,,,,,2007-03-23,TQNE
RU000A0JP4R7,1229,RU000A0JP4R7,0597-94120779,ПИФСбербанк-Металлургия,ПИФСберМет,PIF Sberbank Metallurgia,public_ppif,,,,,2007-03-23,TQNE
RU000A0JP4S5,1229,RU000A0JP4S5,0716-94122086,ПИФСбербанк ФАКГУ,ПИФСбФАКГУ,PIF Sberbank FAKGU,public_ppif,,,,,2007-03-23,TQNE
RU000A0JP4U1,3750,RU000A0JP4U1,0645-94120472,"ПИФ УК КапиталЪ ""Ивестбаланс""",ПИФКапИнвб,PIF InvBalance UK Kapital,interval_ppif,3,,,,2007-03-23,TQIF
RU000A0JP5J1,1289,RU000A0JP5J1,0572-94119635,"ПИФ""Мой фонд ак. 2-го эшелона""",ПИФМФнВтЭш,Moj fond. Akcii vt. eshelona,interval_ppif,,,,,2007-04-11,EQNE
RU000A0JP5S2,1216,RU000A0JP5S2,677-94120087,ПИФ Недвижимость для бизнеса,ПИФНедвБиз,Nedvij dlia businesa IP,interval_ppif,,,,,2007-04-20,EQNE
RU000A0JP5T0,1216,RU000A0JP5T0,0586-94118854,"ПИФ""РИГрупп-Фонд регионов""",ПИФРИГФР,RIGroup-Region Fund,public_ppif,,,,,2007-04-11,EQNE
RU000A0JP5U8,1216,RU000A0JP5U8,0684-94120006,"ПИФ""РИГрупп-Фонд Единство""",ПИФРИГЕд,RIGroup-Fund Edinstvo,public_ppif,,,,,2007-04-11,EQNE
RU000A0JP625,1398,RU000A0JP625,0740-75409669,ПИФ Ипт фнд БАЛТИНВЕСТБАНК,ПИФБАЛТИН,Ipot. fond BALTINVESTBANK,private_ppif,,,,,2007-04-20,EQNE
RU000A0JP633,1346,RU000A0JP633,0221-73494139,ПФ СтройИнв УК УРАЛСБЭсМенеджм,ПФСтрИнвУМ,Uralsib Esset Menedjment,private_ppif,,,,,2007-04-27,EQBR
RU000A0JP641,658,RU000A0JP641,0734-75408204,ДОХОДЪ-Индекс ММВБ(УК ДОХОДЪ),ДОХОДММВБ,DOKHOD- Index MMVB,public_ppif,,,,,2007-05-23,TQIF
RU000A0JP6E0,1250,RU000A0JP6E0,0471-93296803,ПИФ Капитал Инвест-фонд недвиж,КапИнвНедв,Kapital Invest fond Nedviz.1st,private_ppif,,,,,2007-07-13,EQNE
RU000A0JP6H3,6218,RU000A0JP6H3,0350-76604338,"ПИФ ""Югра Ком.Недв.""УК НИМБУС",ЮграКомНед,Ugra Kom. Nedv. YK NIMBYS,private_ppif,3,,,,2007-05-16,TQIF
RU000A0JP6Q4,1286,RU000A0JP6Q4,0588-95892509,УК УНИВЕРМен ПерспекФондЖилНд,ИФПерспФЖН,Prspektiva-Fond jiloy nedvijim,private_ppif,,,,,2007-07-20,TQNE
RU000A0JP6S0,1146,RU000A0JP6S0,0722-94121201,ПФ ОПТИМ Стратег УК НИВЕЛИР,ПФОПТИМСтр,OPTIM Strateg. Ugra UK NIVELIR,interval_ppif,,,,,2007-05-03,EQNE
RU000A0JP6T8,6218,RU000A0JP6T8,0750-94126186,ПИФ ЮграФин-Рантье УК НИМБУС,ПФЮграРант,PIF UgraFinans-Rantie,private_ppif,,,,,2007-05-03,TQIF
RU000A0JP6U6,4500,RU000A0JP6U6,0751-94126262,ПФ Террит. Югра УК ОРЕОЛ,ПФТерЮгра,Terr. Ugra UK OREOL,private_ppif,2,,,,2007-05-03,TQIF
RU000A0JP708,1026,RU000A0JP708,0133-58232502,ЗПИФ БКС XXII век,БКСXXIIвек,ZPIF BKS XXII century,private_ppif,3,,,,2021-08-30,TQIF
RU000A0JP732,1026,RU000A0JP732,0272-58233648,ПИФ БКС-Глобальные Рынки,ПИФГлобРын,BKS-Globalnie Runki IP,interval_ppif,,,,,2007-05-04,TQIF
RU000A0JP7D0,1229,RU000A0JP7D0,0757-94127221,ПИФСбербанк Потребит.сектор,ПИФСбПсек,PIF Sberbank Potrebit. Sektor,public_ppif,,,,,2007-05-18,TQNE
RU000A0JP7E8,1216,RU000A0JP7E8,0748-94127379,ПИФ РИГрупп-Энергетика и связь,ПИФРИГЭиСв,PIF RIGrupp-Energetika i svjaz,public_ppif,,,,,2007-05-18,EQNE
RU000A0JP7G3,1216,RU000A0JP7G3,0686-94119925,"ПИФ ""РИГрупп-Фонд Персп.обл.""",ПИФРИГФПоб,PIF RIGrupp Fond Perspekt.obl.,interval_ppif,,,,,2007-05-18,EQNE
RU000A0JP7Q2,1286,RU000A0JP7Q2,0587-95910176,УК УНИВЕРМен Перспект-РентНедв,ПИФПерспРН,Prspektiva-Rentnaja nedvizh IF,private_ppif,,,,,2007-07-20,TQNE
RU000A0JP7Y6,1047,RU000A0JP7Y6,0758-95913364,"ПИФ ""Витус-Фонд ликв. сбер.""",ПИФВитФЛС,Vitus Fond Likv. Sber.,interval_ppif,,,,,2007-05-28,EQNE
RU000A0JP880,1199,RU000A0JP880,0710-94123192,"УК Стол.Фин.Корп""Макс.Возможн""",ПИФМакВозм,PIF Maksimum Vozmozhnostey,public_ppif,,,,,2007-05-28,EQNE
RU000A0JP8U2,4376,RU000A0JP8U2,727-95913364,КастомКэпитал ПИФНовостройка,ПИФНовостр,Novostroyka-IP,private_ppif,,,,,2007-05-28,TQQI
RU000A0JP8W8,1156,RU000A0JP8W8,0225-73527235,"ПИФ УК ""Ломоносов"" Ломоносов",ПИФЛмнвЛмн,UK Lomonosov Lomonosov,public_ppif,,,,,2007-05-28,TQNE
RU000A0JP8Z1,1332,RU000A0JP8Z1,0418-78532175,"ПИФ ""Регион Фонд целевых инв.""",ПИФРегФЦИн,REGION Fond CI,private_ppif,,,,,2007-07-06,EQNE
RU000A0JPAW7,4341,RU000A0JPAW7,0767-94126196,"ПИФ ""Максвелл Индекс ММВБ""",МакИндММВБ,Index MMVB MAM,public_ppif,,,,,2006-06-22,TQIF
RU000A0JPB74,1188,RU000A0JPB74,0546-94119629,"ПИФ ""Солид-Земельный""",СолЗем ПИФ,Solid-Zemelnyi IF,private_ppif,,,,,2007-07-20,TQQI
RU000A0JPBS3,1216,RU000A0JPBS3,0766-94127296,"ПИФ""РИГрупп-Иновац. технолгии""",ПИФРИГИТ,RIGroup-IT PIF,private_ppif,,,,,2007-07-20,EQNE
RU000A0JPBT1,1205,RU000A0JPBT1,0770-94126115,"ПИФ""Регион Земельный фонд""",ПИФРегиоЗФ,REGION Zem. fond YK REGION Dev,private_ppif,,,,,2007-07-20,EQNL
RU000A0JPBU9,1035,RU000A0JPBU9,0635-75409178,ПИФ ОКТАН-Фонд ликв. акций,ПИФОКТ-ФЛА,OCTAN-Fond likvidnyh akcyi -IP,public_ppif,,,,,2007-08-10,EQNE
RU000A0JPC24,4578,RU000A0JPC24,0720-94121282,ПИФ Ренессанс-Бизнес-Недвиж,РенесБизНд,Renessance-Biznes-Nedvig,private_ppif,,,,,2008-02-13,EQNE
RU000A0JPC32,1287,RU000A0JPC32,0737-94126090,ПИФ Газпромбанк-инвст. в недв.,ПИФГазИнвН,PIF Gazprombank - inv. v nedv.,private_ppif,,,,,2007-07-20,EQNE
RU000A0JPC99,4376,RU000A0JPC99,0604-95897398,КастомКэпитал ПИФФондНедвиж,ПИФФНедвиж,Fond nedvizhimosti-IP,private_ppif,,,,,2007-07-27,EQNE
RU000A0JPCA9,4500,RU000A0JPCA9,0771-94125558,ПИФ Югра-Проектный,ПИФЮграПр,PIF Ugra-Proektny,private_ppif,3,,,,2007-07-27,TQQI
RU000A0JPCF8,3475,RU000A0JPCF8,0761-94126902,УК РВМ Капитал ПИФ РВМ-Логист.,ПИФРВМ-Лог,PIF RVM-Logistichisky,private_ppif,3,,,,2007-08-10,TQIF
RU000A0JPCK8,1200,RU000A0JPCK8,0672-94120153,ПИФ МеркуриКэпТраст-Смешанный,ПИФСмешМКТ,MercuryCapTrast-Smeshannyi -IP,public_ppif,,,,,2007-08-02,TQNE
RU000A0JPCM4,1200,RU000A0JPCM4,0668-94120070,ПИФ МеркуриКэпТраст-Акции,ПИФАкциМКТ,MercuryCapTrast-Akcyi -IP,public_ppif,,,,,2007-08-02,TQIF
RU000A0JPCP7,1271,RU000A0JPCP7,0614-94120271,"ПИФ ""САРАТОВСКИЙ"" ""ИТБ Финанс""",ПИФСарИТБФ,SARATOVSKYI -IP YK ITB Finance,private_ppif,,,,,2007-08-02,EQNE
RU000A0JPCX1,1291,RU000A0JPCX1,0564-94107974,"ПИФ Ндв""Столица"" УК Кап. влож.",ПИФСтолКВ,Stolitza -IP YK Kapit. vlozhen,private_ppif,,,,,2007-08-10,EQNE
RU000A0JPCY9,1286,RU000A0JPCY9,0099-14166951,ПИФ Паев.фонд недвиж.УК УМ,ПИФ ПФН,PIF PFN UK UM,private_ppif,,,,,2007-09-04,TQBR
RU000A0JPCZ6,1314,RU000A0JPCZ6,0840-94125676,"""ТРИНФИКО Универсальный"" ЗПИФ",ПИФТринфУн,TRINFIKO Universal,private_ppif,3,,,,2007-08-23,TQQI
RU000A0JPDK6,1382,RU000A0JPDK6,0246-58232761,"ПИФ ""Нево-Инвест"" УК ""Музей""",ПИФНево-Ин,Nevo-Invest -IP YK Myzei,private_ppif,,,,,2007-08-16,EQNE
RU000A0JPDL4,1229,RU000A0JPDL4,0832-94125989,ПИФСбербанк Нефтегаз.сектор,ПИФСбНсек,PIF Sberbank Neftegaz. Sektor,public_ppif,,,,,2007-08-29,TQNE
RU000A0JPDM2,4341,RU000A0JPDM2,0849-94127267,"ПИФ ""Максвелл Финансы""",ПИФМакФин,Maxwell Finans,public_ppif,,,,,2007-08-23,TQIF
RU000A0JPDN0,3475,RU000A0JPDN0,0447-79416459,"ПИФ""РВМ Русский Мегаполис""",ПИФРВМРусМ,PIF RVM Russki Megapolis,private_ppif,,,,,2007-08-28,EQBS
RU000A0JPDP5,1386,RU000A0JPDP5,0835-75409439,"ПИФ ""СТОИК-Нефть и Газ"" УК БФА",БФАСтоикНГ,CTOIK-Neft i Gaz UK BFA,public_ppif,,,,,2007-09-25,EQNE
RU000A0JPDQ3,1386,RU000A0JPDQ3,0838-75409511,"ПИФ ""СТОИК-Телеком."" УК БФА",БФАСтоикТк,CTOIK-Telekom. UK BFA,public_ppif,,,,,2007-09-25,EQNE
RU000A0JPDR1,1386,RU000A0JPDR1,0705-75408380,"ПИФ ""УК ПСБ-Индекс ММВБ""",ПСБИндММВБ,UK PSB-Index MMVB,public_ppif,,,,,2007-09-25,EQNE
RU000A0JPDU5,929,RU000A0JPDU5,0884-75408244,УКСтальфнд Фонд недв.Череповец,Череповец,"UK Stalfonda""Fond Cherepovets""",private_ppif,,,,,2007-09-04,TQNL
RU000A0JPDV3,781,RU000A0JPDV3,0689-75407908,"ПИФ ""Страх. инвест"" УК ""Лидер""",ПИФЛидерСИ,"IF Strah. invest. YK ""Lider""",public_ppif,,,,,2007-09-11,TQNE
RU000A0JPE14,1205,RU000A0JPE14,0841-94126078,"ПИФ""РЕГИОН Жил.Недв.""""РЕГ Дев""",ПИФРегиоЖН,REGION Zhil nedv YK REGION Dev,private_ppif,,,,,2007-09-11,EQNL
RU000A0JPE89,1262,RU000A0JPE89,0317-74505448,"ПИФ ""Просперити Фонд Акций""",ПросперФА,Prosperiti Fond Akcij,public_ppif,,,,,2007-09-25,EQNE
RU000A0JPEQ1,1296,RU000A0JPEQ1,0775-94125713,"ПИФ ""Мегаполис ИнПропДев""",Мегап.ИПД,Megapolis InPropDevelopment,private_ppif,,,,,2007-09-25,EQNE
RU000A0JPEY5,1032,RU000A0JPEY5,0481-79038000,ПИФ СибиряК Фонд недвижимости,СибиряК-ФН,SibiryaK-Fond Nedvizhimosti IP,private_ppif,,,,,2007-10-02,EQNE
RU000A0JPEZ2,1032,RU000A0JPEZ2,0678-75408061,ПИФ СибиряК Жилая недвижимость,СибиряК-ЖН,SibiryaK-Zhil.Nedvizhimost' IP,private_ppif,,,,,2007-10-02,EQNE
RU000A0JPF54,1165,RU000A0JPF54,0534-94120420,НФГ Фонд кредитный,НФГФКред,NFG-Fond Kreditniy,private_ppif,,,,,2010-03-09,EQNL
RU000A0JPFK1,1229,RU000A0JPFK1,0913-94127681,ПИФСбербанк Финансовый сектор,ПИФСбФинС,PIF Sberbank Finans.Sektor,public_ppif,,,,,2007-10-16,TQNE
RU000A0JPFL9,700,RU000A0JPFL9,0781-94125564,ПИОГЛОБАЛ-Энергетика пай,ПИОГИПЭнер,PIOGLOBAL-Energetika IP,public_ppif,,,,,2007-10-31,EQNE
RU000A0JPFM7,700,RU000A0JPFM7,0763-94126026,ПИОГЛОБАЛ Фонд акций 2 эш. пай,ПИОГИПФА2Э,PIOGLOBAL-Fond akziy 2 esh.,public_ppif,,,,,2007-10-31,EQNE
RU000A0JPFQ8,700,RU000A0JPFQ8,0780-94127310,ПИОГЛОБАЛ-Метал. и машиностр.,ПИОГИП-ММ,PIOGLOBAL-Metal. i masinos. IP,public_ppif,,,,,2007-10-31,EQNE
RU000A0JPFX4,700,RU000A0JPFX4,0779-94127238,ПИОГЛОБАЛ-Нефть и газ,ПИОГИП-НГ,PIOGLOBAL-Neft i Gaz IP,public_ppif,,,,,2007-10-31,EQNE
RU000A0JPFZ9,700,RU000A0JPFZ9,0782-94127155,ПИОГЛОБАЛ-Телекоммуникации,ПИОГИП-Тел,PIOGLOBAL-Telekom,public_ppif,,,,,2007-10-31,EQNE
RU000A0JPGC6,1237,RU000A0JPGC6,0821-94126534,"ЗПИФ комб. ""Стражи Урала"" Содр",СтражУрСод,Straji Yrala -IF comb. YK Sodr,private_ppif,3,,,,2007-10-31,TQIF
RU000A0JPGZ7,1299,RU000A0JPGZ7,0937-94131091,"ПИФ ""ЮГРА - фонд Пенсионный""",ПИФЮГРАПнс,PIF Ugra - fond Pensionniy,interval_ppif,,,,,2007-12-20,EQBR
RU000A0JPHE0,1186,RU000A0JPHE0,0391-78474822,"ПИФ ""Агора-ФИИ""  Рег ПортИнв",ПИФАгорФИИ,Agora-FII UK REGION Port.Inv,interval_ppif,,,,,2007-12-12,EQBS
RU000A0JPHF7,1186,RU000A0JPHF7,0166-71669051,ПИФ Агора-Отк.рын. Рег ПортИнв,АгораОтРын,Agora-Otkr. rinok IP,public_ppif,,,,,2007-12-12,TQIF
RU000A0JPHY8,1314,RU000A0JPHY8,1031-94134863,"ПИФ ""Инициатива"" ТринфикоПМ",ПИФИнцТрПМ,PIF Iniciativa Trinfico PM,private_ppif,,,,,2007-12-07,EQNE
RU000A0JPJ27,1241,RU000A0JPJ27,0681-75407506,ПИФ Ренпром УК РенессансУИ,ПИФРенпром,PIF Renprom UK Renessans UI,private_ppif,,,,,2007-12-07,EQNL
RU000A0JPJ35,1204,RU000A0JPJ35,0946-94124694,"ПИФ ""ТФГ ОКА"" УК ""ТФГ""",ПИФТФГ ОКА,PIF TFG OKA,private_ppif,3,,,,2007-12-07,TQIF
RU000A0JPJ84,721,RU000A0JPJ84,0852-75409273,"ПИФ ""Арсагера ЖД"" УК Арсагера",ПИФАрсЖД,PIF Arsagera Zhilie Doma,private_ppif,,,,,2007-12-07,TQIF
RU000A0JPJK3,1170,RU000A0JPJK3,0898-94130217,"ПИФ ""АгрСтанд-ФАкций"" УК АгроС",АС-Ф Акций,PIF AgroStandart-Fond Akcyi,public_ppif,,,,,2007-12-21,EQNE
RU000A0JPJL1,1170,RU000A0JPJL1,0897-94132437,"ПИФ""АгрСтанд-ФСмешИнв""УК АгроС",АС-ФСмшИнв,PIF AgroStandart-Fnd Smesh.Inv,public_ppif,,,,,2007-12-21,EQNE
RU000A0JPJM9,1314,RU000A0JPJM9,0583-94123281,"ЗПИФ ""Атриум"" УК ""ТРИНФИКО ПМ""",ПИФАтриум,PIF Atrium UK,private_ppif,,,,,2007-12-27,EQNE
RU000A0JPJN7,1170,RU000A0JPJN7,0899-94132274,"ПИФ ""АгрСтанд-ПерспФ"" УК АгроС",АС-ПерсФнд,PIF AgroStandart-Persp. Fondy,public_ppif,,,,,2007-12-21,EQNE
RU000A0JPJP2,1170,RU000A0JPJP2,0895-94132357,"ПИФ ""АгрСтанд-КрупнФ"" УК АгроС",АС-КрупФнд,PIF AgroStandart-Krupn. Fondy,public_ppif,,,,,2007-12-21,EQNE
RU000A0JPJQ0,1170,RU000A0JPJQ0,0896-94130298,"ПИФ ""АгрСтанд-ФОбл."" УК АгроС",АС-ФндОбл,PIF AgroStandart-Fond Oblig.,public_ppif,,,,,2007-12-21,EQNE
RU000A0JPJR8,3559,RU000A0JPJR8,1073-58229210,"ЗПИФ ""Царск.мост"" УК ОТКРЫТИЕ",ПИФЦарМост,PIF Carskyi most UK OTKRITIE,private_ppif,3,,,,2007-12-27,TQIF
RU000A0JPJS6,1170,RU000A0JPJS6,0902-94132191,"ПИФ""АгрСтанд-ИндММВБ"" УК АгроС",АС-ИндММВБ,PIF AgroStandart-Index MMVB,public_ppif,,,,,2007-12-21,EQNE
RU000A0JPJT4,1170,RU000A0JPJT4,0901-94130370,"ПИФ ""АгрСтанд-Акц2Эш"" УК АгроС",АС-Акц2Эшл,PIF AgroStandart-Akc 2 Eshelon,interval_ppif,,,,,2007-12-21,EQNE
RU000A0JPJU2,885,RU000A0JPJU2,0995-58229457,"ПИФ ""Покровский"" Кубанская УК",ПИФПокрвск,PIF Pokrovskiy Kubanskaya UK,public_ppif,,,,,2007-12-20,TQIF
RU000A0JPJW8,3476,RU000A0JPJW8,01002-94132392,"ПИФ ""Инфина-ФАкций"" УК Инфина",ИнфФ Акций,PIF Infina-Fond Akcyi,public_ppif,,,,,2008-02-05,TQNE
RU000A0JPK16,3557,RU000A0JPK16,0926-80269845,"ЗПИФ ""КапиталИст"" УК Стратегия",ПИФКапИст,PIF KapitalIst UK,private_ppif,,,,,2007-12-27,EQNL
RU000A0JPK73,4341,RU000A0JPK73,0910-94130364,"ПИФ ""Максвелл Металлургия""",ПИФМакМет,Maxwell Metallurgia,public_ppif,,,,,2008-01-11,TQIF
RU000A0JPKA2,1312,RU000A0JPKA2,0513-94120578,"ПИФ ""Либра-Дом. очаг""",Либр-ДОчаг,PIF Libra-Domashnyi ochag,private_ppif,,,,,2007-12-28,EQNL
RU000A0JPKD6,1312,RU000A0JPKD6,0982-94130523,"ПИФ ""Либра-Пенс.капитал""",Либра-ПКап,PIF Libra-Pensionnui kapital,public_ppif,,,,,2007-12-28,EQNL
RU000A0JPKE4,3558,RU000A0JPKE4,0871-94124850,"ЗПИФ ""Ком. Недв. УК РОЭЛ Кап",РОЭЛ-КНедв,PIF Kom. Nedviz UK ROEL Kapit.,private_ppif,,,,,2007-12-27,EQNE
RU000A0JPKF1,3558,RU000A0JPKF1,0340-76092602,"ЗПИФ ""Пром. Инв. УК РОЭЛ Кап",РОЭЛ-ПрИнв,PIF Prom Invest UK ROEL Kapit.,private_ppif,,,,,2007-12-27,EQNE
RU000A0JPKG9,1106,RU000A0JPKG9,0950-75409528,"ПИФ ""Эверест-фонд акций""",ПИФЭврстФА,Everest-fond aktsiy ip,public_ppif,,,,,2008-01-30,EQNE
RU000A0JPKJ3,3559,RU000A0JPKJ3,0165-70287767,"ПИФ ""Открытие-Облигации""",ПИФОткрОбл,Otkritie-Obligatsii ip,public_ppif,3,,,,2008-01-30,TQIF
RU000A0JPLG7,3475,RU000A0JPLG7,1028-94135580,"ЗПИФ ""РВМ-Подмосковный""",ПИФ РВМ,PIF RVM-Podmoskovnii,private_ppif,2,,,,2008-02-05,TQIF
RU000A0JPLL7,1347,RU000A0JPLL7,1033-94135509,"ПИФ ""Максвелл Олимпийский""",ПИФМакОлмп,Maxwell Olimpiiskiy,public_ppif,,,,,2008-01-30,EQNE
RU000A0JPLM5,1347,RU000A0JPLM5,1025-94131576,"ПИФ ""Максвелл Пенсионный""",ПИФМакПенс,Maxwell Pensionniy,public_ppif,,,,,2008-01-30,EQNE
RU000A0JPLN3,1347,RU000A0JPLN3,1041-94136384,"ПИФ ""Максвелл Ритейл""",ПИФМакРитл,Maxwell Riteil,public_ppif,,,,,2008-01-30,EQNE
RU000A0JPLP8,1206,RU000A0JPLP8,1020-94136817,ПИФ Фин.Клас-Кредит.УК ФинКлас,ФинКл-Кред,Finans Klassik-Kreditniy,private_ppif,,,,,2008-01-29,TQQI
RU000A0JPLS2,1190,RU000A0JPLS2,0891-94127273,ПИФ Метрополь Посейдон Ин ММВБ,МПИндММВБ,Metropol Poseydon Index MMVB,public_ppif,,,,,2008-02-05,TQIF
RU000A0JPLV6,1139,RU000A0JPLV6,1046-94136467,ПИФ Земельн.Инвестиции УРАЛСИБ,ПИФЗемлИнв,UralSib-Zemeln.Invest. IP,private_ppif,,,,,2008-02-13,EQNE
RU000A0JPM14,1035,RU000A0JPM14,0957-58229374,ПИФ ОКТАН-Фонд сбаланс.,ПИФОКТ-ФС,OKTAN-Fond sbalansirovany IP,public_ppif,,,,,2008-02-28,EQNE
RU000A0JPM22,1035,RU000A0JPM22,0956-75409043,ЗПИФ ОКТАН-Фонд недвижимости,ПИФОКТ-ФН,OKTAN-Fond nedvigimosti IP,private_ppif,,,,,2008-02-28,EQNE
RU000A0JPM30,1032,RU000A0JPM30,0656-75407989,ПИФ СибиряК НедвижимостьСибири,СибиряК-НС,SibiryaK-Nedvizhimost' Sibiri,private_ppif,,,,,2008-02-13,EQNE
RU000A0JPM71,3475,RU000A0JPM71,1024-94130281,"ПИФ""Рус.Транзит"" УК ""РВМ Капл""",ПИФРусТрнз,PIF RVM Rus.Tranzit,private_ppif,2,,,,2008-02-13,TQIF
RU000A0JPMC4,2526,RU000A0JPMC4,0275-58234607,"""Центральный"" УК ""Холд. Кап.""",ПИФЦентрал,Centralny IP,public_ppif,,,,,2008-02-15,EQNE
RU000A0JPME0,3482,RU000A0JPME0,1084-58229782,ПИФ БКС-ФН Недв.пенсион.фонда,ПИФНедвПФ,BKS-FN Nedvizh.Pens.Fonda,private_ppif,,,,,2008-03-20,TQIF
RU000A0JPMF7,1026,RU000A0JPMF7,0819-75408641,ПИФ БКС-Актуальные Идеи,ПИФАктИдеи,BKS-Aktualnie Ideii IP,public_ppif,,,,,2008-02-28,TQIF
RU000A0JPMG5,1026,RU000A0JPMG5,0919-75409209,ПИФ БКС-Глобальные Металлы,ПИФГлобМет,BKS-Globalnie Metalli IP,public_ppif,,,,,2008-02-28,TQIF
RU000A0JPMH3,1026,RU000A0JPMH3,0918-75409283,ПИФ БКС-Глобальная нефть,ПИФГлобНфт,BKS-Globalnaya Neft' IP,public_ppif,,,,,2008-02-28,TQIF
RU000A0JPMJ9,1026,RU000A0JPMJ9,0929-75409126,ПИФ БКС-Валютные Инвестиции,ПИФБКСвинв,BKS-Valutnue Investicii IP,public_ppif,,,,,2008-02-28,TQIF
RU000A0JPMP6,3483,RU000A0JPMP6,0044-52842352,ЭнергияИнв ПИФ смеш.инвестиций,ПИФЭнергСИ,Energy-Invest Smrsh.Invect.,interval_ppif,,,,,2008-03-20,EQNE
RU000A0JPMS0,1032,RU000A0JPMS0,0603-97103681,"ПИФ ""Созидатель"" УК ""СибиряК""",ПИФСозидат,"PIF ""Sozidatel""",private_ppif,,,,,2008-02-22,TQIF
RU000A0JPMV4,1119,RU000A0JPMV4,0519-75409089,"ПИФ ""РФЦ-Шуваловские высоты""",ПИФРФЦ-Шув,RFC Shuvalovskie vysoty,private_ppif,2,,,,2008-10-02,TQIF
RU000A0JPMW2,1296,RU000A0JPMW2,1083-94136483,"ПИФ ""МЭМ акции""",ПИФМЭМАкц,"PIF ""MEM akcii""",private_ppif,,,,,2008-02-22,EQNE
RU000A0JPMX0,1106,RU000A0JPMX0,1122-58228512,"ПИФ ""Оптимизация""",ПИФОптимиз,"PIF ""Optimizaciya""",private_ppif,,,,,2008-02-22,EQNE
RU000A0JPNC2,1047,RU000A0JPNC2,1116-58228831,УК Витус ПИФ Кубанская усадьба,ПИФКубУсад,Vitus Kubanskaya usadba,private_ppif,,,,,2008-03-20,EQNE
RU000A0JPNE8,3482,RU000A0JPNE8,0948-58228819,ПИФ БКС-ФН Пермские земли,ПИФПермЗем,BKS-FN Permskie zemli,private_ppif,,,,,2008-03-20,TQIF
RU000A0JPNH1,3563,RU000A0JPNH1,0358-76627546,"ЗПИФ недвижимости ""Дарьино""",ПИФДарьино,ZPIF nedvig. Darino,private_ppif,,,,,2008-09-12,EQNE
RU000A0JPNQ2,1205,RU000A0JPNQ2,1172-94141712,"ПИФ ""Югра Недвижимость 2""",ПИФЮгрНед2,Ugra Nedvigimosty 2,private_ppif,,,,,2008-03-18,TQNL
RU000A0JPNS8,4376,RU000A0JPNS8,1071-80095641,УК КастомКэп ПИФНовый садовый,ПИФНовСад,Kastom Kapital Noviy Sadoviy,private_ppif,3,,,,2008-03-20,TQQI
RU000A0JPNW0,3561,RU000A0JPNW0,0941-58228972,"ПИФ""Билд. Инвест Групп"" УК РТД",ПИФБилдИГр,"PIF""Bilding Invest Grupp""(RTD)",private_ppif,,,,,2008-03-14,EQNE
RU000A0JPPP9,1204,RU000A0JPPP9,1051-94136869,Технологический УК ТРАНСФИНГР,Технологич,Technologichesky,private_ppif,3,,,,2008-03-27,TQIF
RU000A0JPPU9,4376,RU000A0JPPU9,1113-58228914,УК КастомКэп ПИФ Береговое,ПИФБерег,Kastom Kapital Beregovoe IP,private_ppif,,,,,2008-04-03,EQNE
RU000A0JPPW5,4376,RU000A0JPPW5,1115-58228759,УК КасомКэп ПИФКубанПрост,ПИФКубанПр,Kastom Kapital Kuban prostori,private_ppif,3,,,,2008-04-03,TQQI
RU000A0JPPX3,4376,RU000A0JPPX3,1114-58228995,УК КастоКэп ПИФ Экопарк,ПИФЭкоПарк,Kastom Kapital Ekopark IP,private_ppif,,,,,2008-04-03,EQNE
RU000A0JPPZ8,1286,RU000A0JPPZ8,1163-94141273,Универ ПИФ Фонд перспект.акций,УниверПАпф,Univer UK Fond perspekt.aktsiy,interval_ppif,,,,,,TQNE
RU000A0JPQ10,3562,RU000A0JPQ10,1038-94137107,ПИФ Аруджи-фонд акций роста,ПИФАрудФАР,Aruji fond akciy rosta,interval_ppif,,,,,2008-04-30,EQNE
RU000A0JPQ28,6321,RU000A0JPQ28,1034-94134876,ПИФ Аруджи-фонд недвижимости 1,ПИФАрудФН1,Aruji fond nedvizhimosti 1,private_ppif,,,,,2008-04-30,TQIF
RU000A0JPQ36,1286,RU000A0JPQ36,0566-94120590,УНИВЕР-фонд пенс.рез УК УНИВЕР,УНИВЕРФПР,UNIVER-fond pens. rez,public_ppif,,,,,2008-05-22,TQNL
RU000A0JPQL6,1229,RU000A0JPQL6,0594-94119813,ПИФ ТройкаД венч.МПр.Кр-ярскКр,ТрДвнчКряр,PIF TroikaD vench.Kr-yarskKray,private_ppif,,,,,2008-06-03,EQNL
RU000A0JPQM4,1229,RU000A0JPQM4,0593-94119730,ПИФ ТройкаД венч.МПр.Татарстан,ТрДвнчТат,PIF TroikaD vench.Tatarstan,private_ppif,,,,,2008-06-03,EQNL
RU000A0JPQN2,1229,RU000A0JPQN2,0807-94126612,"ПИФ ТройкаД венч.МПр.МО""",ТрДвнчМО,PIF TroikaD vench. MO,private_ppif,,,,,2008-06-06,EQNL
RU000A0JPQP7,4732,RU000A0JPQP7,1021-94131978,"ЗПИФ ""Онегино"" УК РИГОРА",ПИФОнегино,"IP""Onegino"" UK RIGORA",private_ppif,,,,,,EQNL
RU000A0JPQQ5,1241,RU000A0JPQQ5,1029-94132208,ПИФ Ренессанс-Институц.,РенесИнсИП,Renessance-Institutsionalny,public_ppif,,,,,2008-04-30,EQNE
RU000A0JPQU7,1165,RU000A0JPQU7,0540-79364478,НФГ Перспективные стратегии,НФГПерспСт,NFG Perspektivnie Strategii,interval_ppif,,,,,2008-07-17,EQNL
RU000A0JPR68,3574,RU000A0JPR68,0259-74113501,"ПИФ ""КапиталЪ-Сбалансирован.""",ПИФКапСбал,"PIF ""Kapital-Sbalansirovan.""",public_ppif,,,,,2008-05-13,TQIF
RU000A0JPR76,3574,RU000A0JPR76,0256-74114854,ПИФ КапиталЪ-Энергетический,ПИФКапЭнр,PIF Kapital-Energetich.,public_ppif,,,,,2008-05-13,TQIF
RU000A0JPR84,4847,RU000A0JPR84,0258-74112789,"ПИФ ""КапиталЪ-Облигации""",ПИФКапОбл,"PIF ""Kapital-Obligatsii""",public_ppif,3,,,,2008-05-13,TQIF
RU000A0JPR92,3574,RU000A0JPR92,0257-74113429,"ПИФ ""КапиталЪ-Перспект. влож.""",ПИФКапПВл,"PIF ""Kapital-Perspect. vlozh.""",public_ppif,,,,,2008-05-13,TQIF
RU000A0JPRL4,1026,RU000A0JPRL4,1142-94140995,ЗПИФ Глобальные инновации,ГлобалИн,Infrastr.Svyaz''  IP,private_ppif,3,,,,2021-07-05,TQIF
RU000A0JPRM2,1139,RU000A0JPRM2,1146-94140836,ПИФ Нефть и Газ УРАЛСИБ,ПИФНефтГаз,UralSib-Neft' i Gaz IP,public_ppif,,,,,,TQNE
RU000A0JPRN0,1139,RU000A0JPRN0,1144-94140919,ПИФ Российские финансы УРАЛСИБ,ПИФРосФин,UralSib-Ros.Finansy IP,public_ppif,,,,,,TQNE
RU000A0JPRP5,1026,RU000A0JPRP5,1143-94140753,ОПИФ Природные ресурсы,ОПИФПрРес,Metally Rossii IP,public_ppif,3,,,,2021-07-05,TQIF
RU000A0JPRQ3,1139,RU000A0JPRQ3,1145-94140670,ПИФ Энергет.перспективаУРАЛСИБ,ПИФЭнПерсп,UralSib-Energet.Perspektiva IP,public_ppif,,,,,,TQNE
RU000A0JPRU5,1026,RU000A0JPRU5,0373-75408977,ПИФ БКС-Этажи Новой Жизни,ПИФБКСэнж,BKS-Etazhi Novoi Zhizni,private_ppif,,,,,2008-06-03,EQNE
RU000A0JPSH0,848,RU000A0JPSH0,0311-74549820,"Ак Барс ПИФ ""АК БАРС-Консерв.""",АкБрс-Конс,AK BARS-Konservativnyi,public_ppif,,,,,2008-05-30,TQIF
RU000A0JPSJ6,848,RU000A0JPSJ6,0473-75407475,АК БАРС-Нефть и Газ,АкБарс-НГ,AK BARS-Neft i Gaz,public_ppif,,,,,2008-05-30,TQIF
RU000A0JPSK4,848,RU000A0JPSK4,0441-75407558,"ПИФ ""Ак Барс-Фонд Дин. Хедж.""",АкБрс-ФДХ,Fond AK BARS-Dinamich.Xedgir.,public_ppif,,,,,2008-05-30,TQIF
RU000A0JPSL2,848,RU000A0JPSL2,0152-15264394,"Ак Барс ПИФ ""АК БАРС-Сбаланс.""",АкБрс-Сбал,AK BARS-Sbalansirovannyi,public_ppif,,,,,2008-05-30,TQIF
RU000A0JPSM0,848,RU000A0JPSM0,0484-75408836,"Ак Барс ПИФ ""АК БАРС-Коллекц.""",АкБрс-Кол.,AK BARS-Kollekcionnyi,interval_ppif,,,,,2008-05-30,EQNE
RU000A0JPSN8,848,RU000A0JPSN8,0151-15264354,"Ак Барс ПИФ ""АК БАРС-Акции""",АкБрс-Акц,AK BARS-Aktsii,public_ppif,,,,,2008-05-30,TQIF
RU000A0JPSW9,4201,RU000A0JPSW9,1104-94139939,ПИФ Доступное жилье УК ВЕЛЕС М,ПИФДостЖил,Dostupnoe Jilye UK VELES M,private_ppif,,,,,2008-06-06,TQQI
RU000A0JPTK2,1252,RU000A0JPTK2,0831-94125908,"ПИФ""Сред. Бизнес"" УК АТЛАС-КАП",ПИФСредБиз,PIF Sredhiy Biznes,private_ppif,,,,,2008-06-19,EQNE
RU000A0JPTL0,1252,RU000A0JPTL0,0942-94131903,"ПИФ""Крас. Поляна"" УК АТЛАС-КАП",ПИФКрасПол,PIF Krasnay Polyna,private_ppif,,,,,2008-06-19,EQNE
RU000A0JPTT3,3578,RU000A0JPTT3,1126-58228908,"ПИФ""СМ.арт-Квадратные метры""",ПИФКвМетры,PIF SM.art-Kvadratnye metry,private_ppif,,,,,2008-06-26,EQNE
RU000A0JPU14,3749,RU000A0JPU14,1173-94140523,"ПИФ МФК ""Городской офис""",МФКГорОф,PIF MFK Upr Akt Gorodskoy ofis,private_ppif,,,,,2008-06-26,EQNE
RU000A0JPVG6,1204,RU000A0JPVG6,1236-94140871,"ПИФ Акц""ТФГ-Продовольственный""",ПИФТФГПрод,TFG Prod. -IP YK TRANSFINGRUP,interval_ppif,,,,,2008-07-17,TQIF
RU000A0JPW53,1286,RU000A0JPW53,1224-94121767,"ПИФ ""УНИВЕР-Индекс ММВБ""",УнивИнММВБ,PIF UNIVER-Index MMVB,public_ppif,,,,,2008-10-02,TQNE
RU000A0JPWB5,1356,RU000A0JPWB5,1196-94140842,Финам Менедж ПИФ Финам Металл.,ПИФФМФнМет,PIF FINAM METALLURGIA,public_ppif,,,,,2008-07-17,EQNE
RU000A0JPWD1,1356,RU000A0JPWD1,1195-94140925,Финам Менедж ПИФ Финам ЭлЭнерг,ПИФФМФнЭлЭ,PIF FINAM EEKTROENERGETIKA,public_ppif,,,,,2008-07-17,EQNE
RU000A0JPWE9,1356,RU000A0JPWE9,1187-94139738,Финам Менедж ПИФ Финам Нефтегз,ПИФФМФнНФГ,PIF FINAM NEFTEGAZ,public_ppif,,,,,2008-07-17,EQNE
RU000A0JPWG4,1356,RU000A0JPWG4,0724-94122881,Финам Менедж ПИФ Финам Народн.,ПИФФМФнНар,PIF FINAM NARODNUY,public_ppif,,,,,2008-07-17,EQNE
RU000A0JPWL4,4500,RU000A0JPWL4,1244-94141758,"ПИФ ""Проектный"" УК ОРЕОЛ",ОРЕОЛПроек,Proektnuy -IP YK OREOL,private_ppif,3,,,,2008-07-17,TQPI
RU000A0JPWM2,1318,RU000A0JPWM2,1202-94140291,УК Альфа-Кап. ПИФ Петр Великий,ПИФПетрВел,PIF Petr Velikii,private_ppif,,,,,2008-07-22,EQNE
RU000A0JPWN0,1291,RU000A0JPWN0,0435-79371225,"УК Капитал.вложения ПИФ ""ОСК""",ПИФ ОСК,"PIF ""OSK""",private_ppif,,,,,2008-07-22,EQNE
RU000A0JPWP5,1318,RU000A0JPWP5,1228-94139589,УК Альфа-Кап. ПИФ Пионер,ПИФПионер,PIF Pioner,private_ppif,,,,,2008-07-22,EQNE
RU000A0JPXA5,1093,RU000A0JPXA5,1097-58228191,"ЗПИФ ""СГБ-Жил.строительство""",ПИФЖилСтр,PIF Jilishn. stroit. UK SGB,private_ppif,,,,,2008-07-31,EQNE
RU000A0JPXJ6,1204,RU000A0JPXJ6,1238-94140635,ПИФ ЮграФинанс-Максимальный,ПИФЮФ-Макс,PIF UgraFinans-Maximalniy,private_ppif,,,,,2008-09-02,EQNE
RU000A0JPXW9,1195,RU000A0JPXW9,RU31054MOS0,Гор.Обл.Займ Москвы 54 в.,МГор54-об,Moscow-54,subfederal_bond,,15000000,1000,SUR,2008-09-05,EQOB
RU000A0JPY69,7977,RU000A0JPY69,1091-94136562,ПИФ Михаловский-Рентный II,МихРентИП,Mihaylovsky-Rentny IP,private_ppif,3,,,,2008-08-13,TQPI
RU000A0JPYC9,3656,RU000A0JPYC9,1213-94139655,ПИФ Фонд инвестиц.недвижимости,ПИФФондИН,PIF Fond Invest. Nedvizhimosti,private_ppif,,,,,2008-08-19,EQNL
RU000A0JPYG0,3664,RU000A0JPYG0,1094-94135901,ПИФ Форминвест Перс.Отрасли,ПИФФИПерОт,PIF Forminvest Persp. Otrasli,public_ppif,,,,,2008-08-22,EQNE
RU000A0JPYH8,3664,RU000A0JPYH8,1093-94135829,ПИФ Форминвест Облигации,ПИФФИОблиг,PIF Forminvest Obligacii,public_ppif,,,,,2008-08-22,EQNE
RU000A0JPYJ4,3664,RU000A0JPYJ4,1095-94136065,ПИФ Форминвест Смеш. Инвест.,ПИФФИСмешИ,PIF Forminvest Smesh. Invest.,public_ppif,,,,,2008-08-22,EQNE
RU000A0JPYN6,3679,RU000A0JPYN6,0532-94104450,ПИФ ИНТРАСТ фонд смеш. инвест.,ИнтрастФСИ,PIF INTPAST Fond smech. inv.,public_ppif,,,,,2008-09-05,TQNE
RU000A0JPYP1,3679,RU000A0JPYP1,0542-94103864,ПИФ ИНТРАСТ фонд перспект. инв,ИнтрастФПИ,PIF INTPAST Fond perspekt. inv,public_ppif,,,,,2008-09-05,TQNE
RU000A0JPYQ9,3679,RU000A0JPYQ9,0191-72073051,ПИФ ИНТРАСТ фонд акций,ИнтрастФА,PIF INTPAST Fond Aktzii,public_ppif,,,,,2008-09-05,TQNE
RU000A0JPYR7,3664,RU000A0JPYR7,1096-94135982,ПИФ Форминвест Акции,ПИФФИАкции,PIF Forminvest Aktzii,public_ppif,,,,,2008-08-29,EQNE
RU000A0JPYS5,3664,RU000A0JPYS5,1092-94136148,ПИФ Форминвест Пенсион. Резерв,ПИФФИПенсР,PIF Forminvest Pension. Rezerv,public_ppif,,,,,2008-08-29,EQNE
RU000A0JPYW7,3692,RU000A0JPYW7,1109-58228593,"ЗПИФ ""М.И.Р. - Строит. инвест""",ПИФМИР-СИ,PIF M.I.P. Stroy. investitsii,private_ppif,,,,,2008-09-25,EQNE
RU000A0JPZ92,3660,RU000A0JPZ92,1069-94130950,"ПИФ ""Арго"" УК ""КонТехнол Инв.""",ПИФАрго,PIF Argo,interval_ppif,,,,,2008-08-19,EQNL
RU000A0JPZA0,1143,RU000A0JPZA0,0531-94120029,"ЗПИФ ""Брик первый инвестиц.""",ЗПИФБрикПИ,PIF Brik perviy investits.,private_ppif,,,,,2008-09-19,EQNE
RU000A0JPZD4,1314,RU000A0JPZD4,1235-94140552,"ЗПИФ ""Пионер Инвестиции""",ПИФПионерИ,PIF Pioner Investitsii,private_ppif,,,,,2008-09-25,TQNE
RU000A0JPZG7,1146,RU000A0JPZG7,0938-94131659,"ЗПИФ ""ОПТИМ Перспективный""",ПИФОптПерс,PIF OPTIM Perspektivniy,private_ppif,,,,,2008-09-25,EQNE
RU000A0JPZH5,3687,RU000A0JPZH5,1223-94140233,"ЗПИФ ""Ингосстрах - Рег недвиж""",ИнгосРег-Н,PIF Ingosstrakh - Region. ned.,private_ppif,,,,,2008-09-25,EQNE
RU000A0JPZM5,4484,RU000A0JPZM5,0658-75409735,АК БАРС-Столица УК ЕвроФинТ,АкБрс-Стол,AK BARS-Stolica,private_ppif,,,,,2008-10-10,TQQI
RU000A0JPZN3,848,RU000A0JPZN3,0379-75408813,УКАкБарсКап ПИФАкБАРС-Зем.фонд,АкБрс-ЗФнд,AK BARS-Zemelnyi fond,private_ppif,3,,,,2008-10-10,TQQI
RU000A0JPZQ6,848,RU000A0JPZQ6,0266-58233803,"Ак Барс ПИФ ""АК БАРС-Недвижим""",АкБрс-Недв,AK BARS-Nedvizhimost,private_ppif,,,,,2008-10-10,TQQI
RU000A0JPZY0,3482,RU000A0JPZY0,1138-58229477,"ПИФ БКС-ФН ""Профи""",ПИФПрофи,"PIF BKS-FN ""Profi""",private_ppif,,,,,2008-11-06,EQNE
RU000A0JQ0M5,4354,RU000A0JQ0M5,1222-94139796,"ЗПИФ ""Мегаполис"" УК Континент",ПИФМегапол,PIF Megapolis UK Kontinent,private_ppif,,,,,2008-11-06,EQNE
RU000A0JQ0P8,3702,RU000A0JQ0P8,0953-94131279,"ПИФ ""Развитие Юга России""",ПИФЮгРос,PIF Razvitie Yuga Rossii,private_ppif,,,,,2008-11-06,EQNE
RU000A0JQ0S2,3687,RU000A0JQ0S2,1168-94140351,"ПИФ ""Русская Недвижимость""",ПИФРусНедв,PIF Russkay Nedvigimost,private_ppif,,,,,2008-11-06,EQNE
RU000A0JQ102,1199,RU000A0JQ102,1159-94140598,"УК ""Максимум"" Макс. Стабильн.",ПИФМакЗащ,Maksimum Zashchity ip,public_ppif,,,,,2009-01-14,EQNE
RU000A0JQ1D2,1119,RU000A0JQ1D2,0825-94125587,"ПИФ ""ЮНИТ-1"" УК ""РФЦ-Капитал""",ПИФЮнит-1,PIF UNIT-1,private_ppif,,,,,2008-12-24,TQIF
RU000A0JQ1R2,3578,RU000A0JQ1R2,1252-58228848,"СМ.арт ЗПИФ ""Жил неджимость""",ЖилнедвПИФ,"SM.art IP""Gilaya Nedvijimost""",interval_ppif,,,,,2009-01-22,EQNE
RU000A0JQ2Q2,1314,RU000A0JQ2Q2,1289-94147270,"ТРИНФИКО ЗПИФ ""Ангара Эстейт""",АнгараЗПИФ,"TRINFICO IP""Angara Estate Mgm""",private_ppif,2,,,,2009-01-22,TQIF
RU000A0JQ2W0,1314,RU000A0JQ2W0,1305-94147353,"ТРИНФИКО ЗПИФ ""Стимул""",СтимулЗПИФ,"TRINFICO IP""Stimul""",private_ppif,3,,,,2009-01-22,TQQI
RU000A0JQ482,1186,RU000A0JQ482,0602-94108241,ПИФ Агора-рын.акц. Рег ПортИнв,АгорРынАкц,Agora-Rynok Akcyi,public_ppif,,,,,2009-02-26,EQNL
RU000A0JQ4B0,4263,RU000A0JQ4B0,0184-58232821,ПИФ Империал-ПФН УК ПрагмаКап,ПИФИмп-ПФН,PIF Imperial-PFN,private_ppif,3,,,,2009-03-26,TQIF
RU000A0JQ4J3,6411,RU000A0JQ4J3,0829-94126144,ПИФ Столичная недв. УК ПЕГАС,ПИФСтНедв,PIF Stolichnaya nedvizchimost,private_ppif,,,,,2009-03-26,EQNE
RU000A0JQ4Q8,1314,RU000A0JQ4Q8,1290-94147436,ТРИНФИКО ПИФ Трейд Эстейт,ТрнфИП ТрЭ,"TRINFICO IP""Trade Estate""",private_ppif,2,,,,2009-04-16,TQIF
RU000A0JQ4S4,3561,RU000A0JQ4S4,1306-75409988,"ПИФ""Активный Капитал"" УК РТД",ПИФ АктКап,"PIF""Active Capital""(RTD)",private_ppif,,,,,2009-06-24,EQNE
RU000A0JQ573,1199,RU000A0JQ573,1312-94148080,УК СтолФинКорп Максимум Рантье,ПИФМакРант,PIF Maksimum Rante,private_ppif,,,,,2009-05-14,EQNL
RU000A0JQ581,4376,RU000A0JQ581,0605-95897381,Кастом Кэпита ПИФ Камские огни,ПИФКамОгни,Kastom Capital Kamskie ogni,private_ppif,,,,,2009-05-14,EQNE
RU000A0JQ599,4488,RU000A0JQ599,1301-94147287,ПИФ Империал-КубаньУК ИмпТраст,ПИФИмп-Куб,PIF Imperial-Kuban,private_ppif,,,,,2009-06-02,TQIF
RU000A0JQ5L6,1195,RU000A0JQ5L6,RU31062MOS0,Гор.Обл.Займ Москвы 62 в.,МГор62-об,Moscow-62,subfederal_bond,,35000000,1000,SUR,2009-06-08,EQOB
RU000A0JQ5P7,1318,RU000A0JQ5P7,1346-94157541,"ПИФ ""Альфа-Капитал Земельный""",ПИФАльфаКЗ,PIF Alfa-Capital Zemelny,private_ppif,,,,,2009-06-02,EQNE
RU000A0JQ5Q5,712,RU000A0JQ5Q5,4-12-65045-D,"""Российские ЖД"" ОАО 12 обл.",РЖД-12обл,RZhD 12,corporate_bond,3,15000000,1000,SUR,2009-05-28,EQOB
RU000A0JQ5S1,3778,RU000A0JQ5S1,1311-75409899,ЗПИФ недвижимости Байкал Стар,БайкалСтар,ZPIF nedvizhimosti Baikal Star,private_ppif,,,,,2009-06-10,TQIF
RU000A0JQ5T9,3796,RU000A0JQ5T9,0971-94127103,ТРИНФИКО ПИФ Пенс Сбережения,ТрнфИП ПнС,TRINFICO Pension. Sberezheniya,public_ppif,,,,,2009-06-10,TQNE
RU000A0JQ5U7,3796,RU000A0JQ5U7,0212-72769203,ТРИНФИКО ПИФ Сбаланс.инвест.,ТрнфИП СбИ,TRINFICO Sbalans. investitsii,public_ppif,,,,,2009-06-10,TQNE
RU000A0JQ5V5,3796,RU000A0JQ5V5,0249-74051757,ТРИНФИКО ПИФ Фонд роста,ТрнфФРоста,TRINFICO Fond Rosta,public_ppif,,,,,2009-06-10,TQNE
RU000A0JQ615,1373,RU000A0JQ615,0738-75409741,УК СвиньинКо ПИФКапитал-Инвест,ПИФКап-Инв,PIF Kapital-Invest,private_ppif,,,,,2009-07-03,TQNE
RU000A0JQ797,8422,RU000A0JQ797,0642-94119279,ЗПИФ АТЛАНТ УК МегаполисИнв,ЗПИФАтлант,ZPIF  nedvizh. ATLANT,private_ppif,3,,,,2009-07-14,TQPI
RU000A0JQ7K4,1206,RU000A0JQ7K4,0490-94103054,"ЗПИФ ""Городской фонд недвиж.""",ГорФондНед,Gorodskoy fond nedvizhimosti,private_ppif,,,,,2009-07-31,TQIF
RU000A0JQA66,3559,RU000A0JQA66,1458-94139336,ПИФ Долговой рынок УК Открытие,ПИФДлРынок,PIF Dolgovoi rinok,private_ppif,,,,,2009-08-27,EQNE
RU000A0JQAY1,1032,RU000A0JQAY1,0589-95479651,"ЗПИФ ""СибиряК-Академ. капитал""",СибиряК-АК,SibiryaK-Akademicheski kapital,private_ppif,,,,,2009-09-30,EQNE
RU000A0JQC49,4334,RU000A0JQC49,1317-94155690,"ЗПИФ ""Афина Реалти"" УК ГФТ",Афина Реал,"ZPIF  nedvizh. ""Afina Realty""",private_ppif,3,,,,2009-09-22,TQIF
RU000A0JQC56,4334,RU000A0JQC56,1316-94147710,"ЗПИФ ""Альтаир Инвест"" УК ГФТ",АльтаирИнв,"ZPIF  nedvizh. ""Altair Invest""",private_ppif,3,,,,2009-09-22,TQIF
RU000A0JQCV3,4409,RU000A0JQCV3,1254-94147152,ПИФ АТЛАНТА УК АТЛАНТА,ПИФНАтлант,PIF Atlanta UK Atlanta,private_ppif,,,,,2011-05-24,TQIF
RU000A0JQD06,3839,RU000A0JQD06,1394-94199965,ПИФ Агрокапитал УК Евротраст,Агрокап.ип,ip Agrocapital UK Evrotrast,private_ppif,,,,,2009-10-21,TQIF
RU000A0JQFV6,5951,RU000A0JQFV6,1386-94199775,"ЗПИФ""Профит Хаус"" УК Рацио-Кап",ПИФПрХаус,PIF Profit Haus,private_ppif,,,,,2007-12-27,TQIF
RU000A0JQFW4,4529,RU000A0JQFW4,1461-94157742,ПИФ Можайский берег УК ВелесТр,ПИФМожБер,Mojayskiy bereg ip,private_ppif,,,,,2009-10-29,TQIF
RU000A0JQFY0,848,RU000A0JQFY0,1598-94198110,АК БАРС-РЕСУРС,АкБарсРЕС,AK BARS-RESURS,private_ppif,,,,,2010-06-22,TQIF
RU000A0JQGH3,4278,RU000A0JQGH3,1388-94156688,ПИФ Синерг-зем. фонд Синергия,Синерг.-ЗФ,Synergy-Zemel. fond UK Synergy,private_ppif,,,,,2010-01-26,EQNE
RU000A0JQJZ9,1314,RU000A0JQJZ9,1515-94110433,ТРИНФИКО ПИФ Русское поле,ТринфРПоле,"TRINFICO IP ""Russkoe Pole""",private_ppif,,,,,2009-12-03,TQIF
RU000A0JQLN1,3824,RU000A0JQLN1,1548-94110387,ПИФ Атлант-фонд акц. УК Инв.Ст,Атлант-фа,Atlant-fond aktsiy ip,public_ppif,,,,,2009-12-29,TQIF
RU000A0JQP77,4271,RU000A0JQP77,1370-94156197,УК Надеж.управ.ЗПИФ Кредит.1,ПИФКредит1,"UK Nadezh. uprav. ""Kredit. 1""",private_ppif,3,,,,2010-01-22,TQIF
RU000A0JQP85,1299,RU000A0JQP85,1501-94156636,РФИ ХМАО-Югры УК ЮграФинанс,РФИХМАОЮг,PIF RFI HMAO-Yugri,private_ppif,,,,,2009-12-28,EQNE
RU000A0JQP93,4271,RU000A0JQP93,1424-94156866,УК Надеж.управ.ЗПИФ Капитал.2,ПИФКапит.2,"UK Nadezh. uprav. ""Kapital. 2""",private_ppif,3,,,,2010-01-22,TQIF
RU000A0JQPA9,4271,RU000A0JQPA9,1421-94156228,УК Надеж.управ. ЗПИФ Рентный 2,ЗПИФ Рент2,"UK Nadezh. uprav. ""Rentnii 2""",private_ppif,3,,,,2010-01-22,TQPI
RU000A0JQPB7,4271,RU000A0JQPB7,1434-94156300,УК Надеж.управ. ЗПИФ Рентный 3,ЗПИФ Рент3,"UK Nadezh. uprav. ""Rentnii 3""",private_ppif,,,,,2010-01-22,TQIF
RU000A0JQPF8,4263,RU000A0JQPF8,1080-94135522,ПИФ Рождественский ПрагмаКапит,Рождест.ип,ip Rozhdestvensk.UK Pragma Cap,private_ppif,,,,,2010-01-26,TQIF
RU000A0JQQ35,4201,RU000A0JQQ35,1633-94164653,ПИФ Долгосроч. инвест. ВЕЛЕС-М,ДлгИнвест,Dolgosroch.invest.UK VELES Men,private_ppif,,,,,2010-01-26,EQNE
RU000A0JQRN8,4500,RU000A0JQRN8,1531-94110522,ПИФ Инвестиции Югры УК ОРЕОЛ,ПИФИнвЮгры,PIF Investicii Ugri UK Oreol,private_ppif,,,,,2010-02-19,TQIF
RU000A0JQSM8,4500,RU000A0JQSM8,1676-94162677,ПИФ Югра УК ОРЕОЛ,ПИФЮгра,PIF Ugra UK OREOL,private_ppif,2,,,,2010-02-27,TQIF
RU000A0JQSP1,3645,RU000A0JQSP1,1443-94157038,ПИФ Инженер УК ЕВРОФИНАНСЫ,ПИФИнженер,PIF Ingener UK EVROFINANSI,private_ppif,,,,,2010-03-05,TQIF
RU000A0JQSW7,3660,RU000A0JQSW7,1543-94198563,ПИФ Универсал.УК КонТехнол Инв,Универсал,Universal. YK KonTexnol Invest,private_ppif,,,,,2010-03-25,TQNE
RU000A0JQT73,3645,RU000A0JQT73,1478-94157920,ПИФ ЮФ-недвижим.УК Еврофинансы,ЮФ-недв ип,PIF UgraFinans-nedvizhimost',private_ppif,,,,,2010-04-16,TQIF
RU000A0JQT81,4500,RU000A0JQT81,1506-94110901,ПИФ Югра-кредитный УК ОРЕОЛ,Югра-кред,PIF Ugra-kreditniy,private_ppif,3,,,,2010-04-16,TQIF
RU000A0JQTC7,4323,RU000A0JQTC7,1592-94111208,ПИФ РСГ-Нов жил. УК Стратегия,ПИФРСГ-НЖ,PIF RSG-Novoe zhile UK Strateg,private_ppif,,,,,2010-04-05,TQIF
RU000A0JQTM6,7045,RU000A0JQTM6,1416-94156145,ПИФ Херитедж инвестмент фонд,ПИФХеритед,PIF Herritage Investment fond,private_ppif,,,,,2010-04-02,TQIF
RU000A0JQUD3,4322,RU000A0JQUD3,1636-94162980,ПИФ ТрастЮн-Земел ОООТрастЮнЭМ,ПИФТрЮЗем,PIF TrastUnion - Zemelnii,private_ppif,,,,,2010-04-23,TQIF
RU000A0JQUE1,4322,RU000A0JQUE1,1494-94111214,ПИФ ТрастЮн-Кред.ООО ТрастЮнЭМ,ПИФТрЮКред,PIF TrastUnion-Kreditnii,private_ppif,3,,,,2010-04-23,TQIF
RU000A0JQUF8,4322,RU000A0JQUF8,1521-94111065,ПИФ Земел.ипотека ОООТрастЮнЭМ,ПИФЗемелИп,PIF Zemelnaya ipoteka,private_ppif,,,,,2010-04-23,TQIF
RU000A0JQUM4,652,RU000A0JQUM4,0483-93351117,ПИФ Пи-фонд УК АГАНА,ПИФПи-фонд,PIF Pi-fond UK AGANA,private_ppif,,,,,2010-04-23,TQIF
RU000A0JQUP7,4332,RU000A0JQUP7,1599-94110717,ПИФ Евразия УК ЦентрТрастКом,ПИФЕвразия,PIF Evraziya,private_ppif,3,,,,2010-04-23,TQIF
RU000A0JQUQ5,4332,RU000A0JQUQ5,1570-94110798,ПИФ Кап-21 в.УК ЦентрТрастКом,ПИФКап21в,PIF Capital 21 vek,private_ppif,3,,,,2010-04-23,TQIF
RU000A0JQVQ3,4341,RU000A0JQVQ3,1684-94164334,ПИФ Панорамные инвестиции,ПИФПанИнв,PIF Panoramnie investicii,private_ppif,,,,,2010-05-18,TQIF
RU000A0JQVW1,4358,RU000A0JQVW1,1746-94198913,Третий резервный УК Объед.РезФ,ТретРезерв,PIF Tretiy rezervniy,interval_ppif,,,,,2010-06-03,TQIF
RU000A0JQY19,10875,RU000A0JQY19,1444-94199456,ПИФ Рентный ИФ УКПростор Инвес,ПИФ-Рент,PIF Rentniy IF UK Prostor Inv.,private_ppif,3,,,,2010-08-13,TQIF
RU000A0JQYE3,3475,RU000A0JQYE3,1820-94152390,"РВМ Мегаполис УК ""РВМ Капитал""",РВММегаплс,PIF RVM Megapolis,private_ppif,2,,,,2010-08-20,TQIF
RU000A0JQYZ8,4406,RU000A0JQYZ8,1727-94197977,Квант УК ФинТрейдЭссетМен,ПИФКвант,PIF Kvant,private_ppif,,,,,2010-08-20,TQIF
RU000A0JQZ00,4406,RU000A0JQZ00,1728-94197902,Селена УК ФинТрейдЭссетМен,ПИФСелена,PIF Selena,private_ppif,3,,,,2010-08-20,TQIF
RU000A0JQZE0,652,RU000A0JQZE0,1708-94163004,ЗПИФСИ Новые возможности АГАНА,АГАНА НовВ,AGANA NovyeV PIF,private_ppif,,,,,2010-09-01,EQNE
RU000A0JQZG5,4418,RU000A0JQZG5,1815-94198681,ПИФ Перспект.земли УК Энергок,ПИФПерспЗм,PIF Perspekt. zemli UK Energok,private_ppif,,,,,2010-09-08,EQNE
RU000A0JQZU6,4417,RU000A0JQZU6,1787-94198066,ПИФ Долгосроч.перспект. УК ЮЛА,ПИФДлПерсп,PIF Dolgosroch. perspektiva,private_ppif,,,,,2010-09-08,EQNE
RU000A0JR035,4408,RU000A0JR035,1764-94163926,ПИФ Перспектива УК ДжиАйСиЭм,Перспект,Perspektiva PIF,private_ppif,3,,,,2010-09-01,TQIF
RU000A0JR092,4419,RU000A0JR092,1826-94153193,ПИФ Перспект.инвест.УК Партнер,ПИФПерспИн,PIF Perspekt.  Investitsii,private_ppif,,,,,2010-09-08,TQIF
RU000A0JR0A9,4334,RU000A0JR0A9,1333-94157452,ПИФ Твер.усадьба УК ГФТ ПИФ,ПИФТверУс,PIF Tver.usadba UK GFT PIF,private_ppif,3,,,,2010-09-17,TQPI
RU000A0JR0C5,4420,RU000A0JR0C5,1867-94168042,ПИФ Оптимальный УК ИнтерФинУА,ПИФОптимал,PIF Optimal'nii UK InterFin UA,private_ppif,,,,,2010-09-08,TQIF
RU000A0JR1C3,4425,RU000A0JR1C3,1808-94197983,"УК ""Максимум"" Земельный",ПИФМакЗем,Maksimum Zemelniy ip,private_ppif,,,,,2010-09-24,TQIF
RU000A0JR1E9,652,RU000A0JR1E9,1794-94164564,ПИФ Возрожден.Абхазии УК АГАНА,ВАбхазии,PIF Vozr. Abhazii UK AGANA,private_ppif,3,,,,2010-10-06,TQIF
RU000A0JR1J8,4420,RU000A0JR1J8,1243-94141118,ПИФ Пять Золотых УК ИнтерФинУА,ПИФПятьЗлт,PIF Pyat  Zolotih InterFin UA,interval_ppif,,,,,2010-10-06,TQNE
RU000A0JR1W1,4456,RU000A0JR1W1,0634-94118877,ПИФЗвБульвар УК ВТБ Капитал,ПИФЗвБлвр,PIFZvBulvar UK VTB Kapital,public_ppif,,,,,2010-11-02,TQIF
RU000A0JR266,7978,RU000A0JR266,1547-94157044,ПИФ ИНФРАЭСТЕЙТ УКЭстейтКапит,ПИФИнфраЭс,PIF INFRAESTEIT,private_ppif,,,,,2010-10-19,TQIF
RU000A0JR2K4,4418,RU000A0JR2K4,0047-18548678-4,ПИФ Энергокап-Сбал УКЭнергокап,ПИФЭнКапСб,PIF Energokap-Sbal UKEnergokap,public_ppif,,,,,2010-10-19,TQIF
RU000A0JR2N8,4456,RU000A0JR2N8,1407-94156211,ПИФ ВТБфонДрМет УК ВТБ Капитал,ВТБфонд ДМ,PIF VTBfond DrM UK VTB Kapital,interval_ppif,3,,,,2010-10-26,TQIF
RU000A0JR316,3655,RU000A0JR316,1866-94169001,УК Прогр.инв.идеи ПИФАльтерИнв,ПИФАльтИнв,PIF Alternativnie Investicii,private_ppif,3,,,,2010-10-26,TQIF
RU000A0JR3F2,4408,RU000A0JR3F2,1852-94169076,ПИФ Перспектива-2 УК ДжиАйСиЭм,Перспект-2,Perspektiva-2 PIF,private_ppif,3,,,,2010-11-02,TQIF
RU000A0JR3K2,4332,RU000A0JR3K2,1783-94164009,ПИФ МРегионГрупп.Земельный,ПИФМРегГр,PIF MRegionGrupp.Zemelniy,private_ppif,,,,,2010-11-02,TQIF
RU000A0JR3X5,1204,RU000A0JR3X5,1846-94164707,"ПИФ ""Спектр"" УК ""ТРАНСФИНГРУП""",ПИФТФГСпек,TFG Spectr - YK TRANSFINGRUP,private_ppif,3,,,,2010-11-11,TQIF
RU000A0JR4W5,3476,RU000A0JR4W5,1845-94167858,"ПИФ ""Сильвер Серфер"" УК Инфина",СилвСерфер,PIF Silver Serfer UK Infina,private_ppif,,,,,2010-12-15,TQIF
RU000A0JR4X3,4456,RU000A0JR4X3,0012-46539678,ПИФВТБ-БРИК УК ВТБ Капитал,ВТБ-БРИК,VTB-BRIK YK VTB Kapital,public_ppif,,,,,2010-12-09,TQIF
RU000A0JR589,1119,RU000A0JR589,1859-94151449,ПИФПаллада-дост.кред.УК РФЦКап,ПИФПалКред,PIF Pallada-Dostupn. credit,private_ppif,3,,,,2011-01-21,TQQI
RU000A0JR5E0,4476,RU000A0JR5E0,1770-94164481,УК Монтес Аури ПИФМАМаунтейн,ПИФМАМаунт,PIF Montes Auri Mountain,private_ppif,,,,,2010-12-24,TQIF
RU000A0JR6R0,1318,RU000A0JR6R0,1545-94111473,ПИФ Альфа-К Кред.инвест. 01.09,ПИФАльфаКИ,PIF Alfa-Capital Cred.Invest.,private_ppif,,,,,2011-01-21,SMAL
RU000A0JR746,4420,RU000A0JR746,1969-94168007,ПИФ Консерватив. УК ИнтерФинУА,ПИФКонсерв,PIF Konservativnii InterFin UA,private_ppif,,,,,2011-01-27,TQNE
RU000A0JR7V0,4470,RU000A0JR7V0,1930-94169357,УК Об.управ.комп. ПИФАпрелевка,ПИФАпрелев,PIF Aprelevka,private_ppif,3,,,,2011-02-24,TQIF
RU000A0JR7W8,4470,RU000A0JR7W8,1931-94169515,УК Об.управ.комп. ПИФ Горки-2,ПИФГорки-2,PIF Gorki-2 Pervii,private_ppif,3,,,,2011-02-24,TQPI
RU000A0JR7X6,6102,RU000A0JR7X6,1927-94169432,УК Русь Менедж. ПИФЭффективный,ПИФЭффект,PIF Effective,private_ppif,3,,,,2011-02-24,TQIF
RU000A0JR7Y4,4470,RU000A0JR7Y4,1889-94168533,УК Об.управ.комп. ПИФИван.Пром,ПИФИвПром,PIF Ivanovskii promishlennii,private_ppif,3,,,,2011-02-24,TQIF
RU000A0JR7Z1,6102,RU000A0JR7Z1,1886-94168697,УК Русь Менедж. ПИФДом.пром.,ПИФДомПром,PIF Domodedovskiy prom.,private_ppif,3,,,,2011-02-24,TQIF
RU000A0JR811,6102,RU000A0JR811,1887-94168616,УК Русь Менедж. ПИФОдинцПром,ПИФОдинцПр,PIF Odintsovskiy promishlenniy,private_ppif,3,,,,2011-02-24,TQIF
RU000A0JR8H7,1204,RU000A0JR8H7,2018-94173869,"ЗПИФ ""ТФГ-Акции""",ПИФ ТФГакц,ZPIF ''TFG akcii'',private_ppif,3,,,,2011-02-25,TQIF
RU000A0JRA16,4409,RU000A0JRA16,1907-94151202,ЗПИФ Атланта Арт УК АТЛАНТА,АтлантаАрт,ZPIF Atlanta Art UK ATLANTA,private_ppif,,,,,2011-03-30,TQIF
RU000A0JRAJ0,1152,RU000A0JRAJ0,2035-94172434,ПИФ Энергетика Севера УК ЯМАЛ,ПИФЭнерСев,PIF Energetika Severa UK YAMAL,private_ppif,3,,,,2011-03-31,TQIF
RU000A0JRBT7,4499,RU000A0JRBT7,0945-94131984,ПИФ Биопроцесс Кэпитал Венчурс,iЗПИФУКБио,ZPIF BioprocessCapitalVenchurs,private_ppif,3,,,,2011-05-05,TQIF
RU000A0JRCV1,1314,RU000A0JRCV1,1935-94169113,ТРИНФИКО ЗПИФ Зенит,ТринфЗенит,ZPIF Zenit UK TRINFIKO,private_ppif,,,,,2011-03-30,TQNE
RU000A0JRDW7,4483,RU000A0JRDW7,2038-94172670,УКИнвесттрансгаз ЗПИФИнтеллект,ПИФИнтелл,UKInvesttransgaz ZPIFIntellekt,private_ppif,,,,,2011-04-21,TQNE
RU000A0JRDZ0,652,RU000A0JRDZ0,1985-94173534,ЗПИФ Собр.ФотоЭффект УК АГАНА,АГАНА Собр,ZPIF Sobr.FotoEffekt UK AGANA,private_ppif,,,,,2011-04-11,EQBS
RU000A0JRE38,7002,RU000A0JRE38,1702-94164529,УК РУК ПИФЭкорент,ПИФЭкорент,PIF Ekorent UK RUK,private_ppif,,,,,2011-05-06,TQIF
RU000A0JRE46,7978,RU000A0JRE46,1701-94164446,УК ЭстейтКапитал ПИФБизнесрент,ПИФБизнрнт,PIF Biznesrent UK EsteitKap,private_ppif,3,,,,2011-05-06,TQIF
RU000A0JREU9,3749,RU000A0JREU9,2061-94172765,УК Глобус Капитал ПИФОтрИнвест,ПИФОтрИнв,Globus Capital PIF OtrInvest,private_ppif,,,,,2011-04-29,TQIF
RU000A0JRHK3,3749,RU000A0JRHK3,2077-94173729,УК Глобус Кап.ПИФ Унив.Страт,ПИФУнСтрат,Globus Capital PIF Univ.Strat,private_ppif,,,,,2011-06-02,TQIF
RU000A0JRHL1,3749,RU000A0JRHL1,2086-94172138,УК Глобус Капитал ПИФТехРоста,ПИФТехРост,Globus Capital UK PIF TehRosta,private_ppif,,,,,2011-06-02,TQIF
RU000A0JRHR8,7045,RU000A0JRHR8,2062-94199427,УК Континенталь ПИФЗолКоллекц,ПИФЗолКол,PIF Golden Collection,private_ppif,,,,,2011-06-02,TQIF
RU000A0JRK06,3557,RU000A0JRK06,2029-94198861,ЗПИФ СТРАТЕГИЯ-смеш.инвестиций,ПИФСтратег,PIF Strategiya-smesh.invest.,private_ppif,,,,,2011-06-30,EQNL
RU000A0JRKJ9,4322,RU000A0JRKJ9,1827-94151751,ПИФ ТрастЮн-Вт.Зем. ТрастЮнЭМ,ПИФВтЗемел,PIF Vtoroy Zemelnij,private_ppif,,,,,2011-07-08,TQIF
RU000A0JRMY4,4538,RU000A0JRMY4,2071-94175935,ПИФ Карат УК Академ-Финанс,ПИФКарат,PIF Karat UK Akadem-Finans,interval_ppif,,,,,2011-08-08,TQIF
RU000A0JRNH7,4552,RU000A0JRNH7,0701-75408701,ПИФ АФМ.Премьера УК АктФинМен,ПИФАФМПрем,PIF AFM.Premiera UK AktFinMen,public_ppif,,,,,2011-08-08,TQIF
RU000A0JRNZ9,1387,RU000A0JRNZ9,2154-94173824,ПИФ Сист.инв. УК ТКБ Инв.Партн,ПИФСистИнв,PIF Sist.investicii,private_ppif,2,,,,2011-08-16,TQIF
RU000A0JRQT5,652,RU000A0JRQT5,0806-94125972,ЗПИФСИ Стратегич. активы АГАНА,АГАНА САкт,AGANA StrategAct PIF,private_ppif,2,,,,2011-09-16,TQIF
RU000A0JRQU3,652,RU000A0JRQU3,0270-74469497,ПИФ Шаг первый УК АГАНА,АГАНА Шаг1,PIF Shag1 UK AGANA,private_ppif,,,,,2011-09-16,TQIF
RU000A0JRRM8,3574,RU000A0JRRM8,1966-94169047,ПИФ КапиталЪ-Потребит.СРС,ПИФКапПотр,PIF ''Capital-Potrebit.SRS',public_ppif,,,,,2011-09-16,TQIF
RU000A0JRRN6,4868,RU000A0JRRN6,2126-94197523,"УК ""Гарант ФинКом""ПРЕМИУМ КРЕД",ПИФГФКПрКр,Garant FinKom PREMIUM CREDIT,private_ppif,3,,,,2011-09-12,TQIF
RU000A0JRSB9,3559,RU000A0JRSB9,0164-70287842,ПИФ ОТКРЫТИЕ-Акции УК Открытие,Откр-Акции,PIF OTKRITIE-Akciy,public_ppif,,,,,2011-12-19,TQIF
RU000A0JRSC7,4420,RU000A0JRSC7,1795-94163286,ПИФ Майлстоун УК ИнтерФин УА,ПИФМайлст,PIF Mailstoun UK InterFin UA,private_ppif,3,,,,2011-12-05,TQIF
RU000A0JRSM6,1198,RU000A0JRSM6,0456-93270471,ПИФ ОЛМА-ИНДЕКС РТС ОЛМА-ФИН,ОЛМАИндРТС,PIF OLMA-INDEX RTS,public_ppif,,,,,2011-12-15,TQIF
RU000A0JRSS3,4689,RU000A0JRSS3,0859-94124599,ПИФ Первый Змельный УК Виктори,ПИФПервЗем,PIF Perviy Zemelniy UK Victory,private_ppif,3,,,,2011-11-21,TQIF
RU000A0JRST1,4689,RU000A0JRST1,1214-58229635,ПИФ ТретийЗемельный УК Виктори,ПИФТретЗем,PIF Tretiy Zemelniy UK Victory,private_ppif,3,,,,2011-11-21,TQPI
RU000A0JRSY1,4538,RU000A0JRSY1,1998-94172664,ПИФ Баргузин УК Академ-Финанс,ПИФБаргузи,PIF Barguzin UK Akadem-Finans,private_ppif,,,,,2011-11-10,TQIF
RU000A0JRT98,1332,RU000A0JRT98,2163-94175869,"ПИФ ""Долгосрочный капитал""",ПИФДолгКап,PIF Dolgosrochnii kapital,private_ppif,,,,,2011-10-04,TQIF
RU000A0JRTR3,1314,RU000A0JRTR3,2143-94174077,ТРИНФИКО ЗПИФ Перспектива,ТринфПерсп,ZPIF Perspektiva UK TRINFIKO,private_ppif,3,,,,2011-10-07,TQIF
RU000A0JRU38,3482,RU000A0JRU38,1526-94198959,УК БКС-ФондН ПИФ СМ.арт-Альянс,СМ.арт-Ал,UK BKS-Fond PIF SM.art-Alians,private_ppif,,,,,2011-10-25,TQIF
RU000A0JRUF6,1373,RU000A0JRUF6,2144-94195458,УК СвиньинКо ПбЖН 2 ЗПИФН,ПбЖН 2 ип,PeterbZhN IP,private_ppif,,,,,2011-11-01,EQNE
RU000A0JRUU5,4650,RU000A0JRUU5,1124-94140581,Норд-Капитал-Облигации ОПИФ,НК-Облигац,Nord-Capital-Obligatsii,public_ppif,,,,,2011-11-02,TQIF
RU000A0JRUV3,4650,RU000A0JRUV3,1125-94140500,Перв.Алгоритм.Фонд-Акции ОПИФ,НК-Акции,Perv.Algoritm.Fond-Aktsii,public_ppif,,,,,2011-11-02,TQIF
RU000A0JRVP3,1314,RU000A0JRVP3,2096-94173818,ТРИНФИКО ЗПИФ Полис,ТринфПолис,ZPIF Polis UK TRINFIKO,private_ppif,,,,,2011-11-21,TQNE
RU000A0JRVR9,4420,RU000A0JRVR9,2167-94176024,ПИФ Чистая Энергия УК ИнтерФин,ПИФЧистЭн,PIF Chistaya Energia UK InterF,private_ppif,,,,,2011-11-29,TQIF
RU000A0JRWR7,4650,RU000A0JRWR7,2190-94174433,ПервыйАлгФонд ОПИФ УК Норд-К,ПерАлгФонд,Pervii Alg Fond UK Nord-Cap.,public_ppif,,,,,2011-12-16,TQIF
RU000A0JRXV7,4689,RU000A0JRXV7,2097-94198149,ПИФ ЧетвертыйЗемел. УК Виктори,ПИФЧетвЗем,PIF ChetvertiZemel. UK Victory,private_ppif,3,,,,2011-12-01,TQPI
RU000A0JS2F3,1237,RU000A0JS2F3,2199-94176662,"ЗПИФ ""Центр"" УК Содружество",ПИФЦентр,"ZPIF ""Centr"" UK Sodruzhestvo",private_ppif,,,,,2012-01-26,TQIF
RU000A0JS2G1,3632,RU000A0JS2G1,2187-94178655,ЗПИФ Клевер инв.УК Клевер-Проф,ЗПИФКлевИн,ZPIF Klever inv UK Klever-Prof,private_ppif,,,,,2012-03-27,TQIF
RU000A0JS363,4766,RU000A0JS363,2164-94176188,ПИФ МежотрНедв УК Межотрасл.,ПИФМежотрН,ZPIF MejotrNed UK Mejotraslev,private_ppif,,,,,2012-02-08,TQNL
RU000A0JS3C8,5388,RU000A0JS3C8,2120-94174143,ПИФ Деловой центр УК Навигатор,ДеловЦентр,PIF Delovoii centr,private_ppif,,,,,2012-02-15,TQIF
RU000A0JS504,8320,RU000A0JS504,2294,ПИФ Первый Инвест. АктивИнвест,ПИФПервИнв,PIF Perviy Invest  UK AktivInv,private_ppif,,,,,2012-03-21,TQIF
RU000A0JS520,4775,RU000A0JS520,1588-94199522,ПИФ Комм.недв. УК Первоинвест,ПИФКомНедв,PIF Komm. Nedv. UK Pervoinvest,private_ppif,,,,,2012-03-21,TQIF
RU000A0JS538,4775,RU000A0JS538,1756-94199479,ПИФ Первобанк-Недв УК Первоинв,Первоб-Нед,PIF Pervob.Nedvig UK Pervoinv.,private_ppif,,,,,2012-03-21,TQIF
RU000A0JS546,4775,RU000A0JS546,1448-94199611,ПИФ Первый Рент. УК Первоинв.,ПИФПервРен,PIF Perv. Rentniy UK Pervoinv.,private_ppif,,,,,2012-03-21,TQIF
RU000A0JS595,4323,RU000A0JS595,2060-94172842,ПИФ Жил. инвест. УК Стратегия,ПИФЖилИнв,PIF Zhil. invest. UK Strategia,private_ppif,,,,,2012-03-22,TQNE
RU000A0JS5X9,4769,RU000A0JS5X9,2266,ПИФ МФЦ - Непотопляемый,ПИФНепотоп,PIF MFC-Nepotopljaemiy,public_ppif,,,,,2012-04-04,TQNE
RU000A0JS5Y7,4769,RU000A0JS5Y7,2265,ПИФ МФЦ - Неустрашимый,ПИФНеустр,PIF MFC-Neustrashimiy,public_ppif,,,,,2012-04-04,TQNE
RU000A0JS629,1314,RU000A0JS629,2194-94178738,ТРИНФИКО ЗПИФ Долина,ТринфДолин,ZPIF Dolina UK TRINFIKO,private_ppif,,,,,2012-04-05,TQNE
RU000A0JS652,1237,RU000A0JS652,2198-94176582,ЗПИФ Малахит УК Содружество,ЗПИФМалах,ZPIF Malahit UK Sodrujestvo,private_ppif,,,,,2012-04-16,TQIF
RU000A0JS6Y5,4420,RU000A0JS6Y5,1597-94110953,ПИФ ИнтерФинанс-1 УК ИнтерФин,ПИФИнтерФ1,PIF InterFinans-1 UK InterFin,private_ppif,,,,,2012-05-02,TQQI
RU000A0JS7S5,4278,RU000A0JS7S5,1519-94199114,ЗПИФЯмсСлобода ООО УК Синергия,ЗПИФЯмСлоб,PIF JamskSloboda UK Sinergiya,private_ppif,,,,,2012-08-07,EQNE
RU000A0JS868,4806,RU000A0JS868,2286,ПИФ Осн.бизнес модель-Альфа,ПИФМдАльфа,Osnovnaya biznes model'- Alfa,private_ppif,,,,,2012-06-01,TQIF
RU000A0JS8S3,4341,RU000A0JS8S3,2228-94176834,ПИФРаздолье УК МаксвеллКапМен,ПИФРаздМКМ,PIF Razdolje-MKM,private_ppif,,,,,2012-06-07,TQIF
RU000A0JS8W5,1314,RU000A0JS8W5,2184-94177130,ТРИНФИКО ПИФ ПИКРитейл Столица,ПИКРитейл,ZPIF PIK Riteil St UK TRINFIKO,private_ppif,,,,,2012-06-13,TQNE
RU000A0JS991,7365,RU000A0JS991,2321,ПИФ Коммерческие Инвестиции,ПИФКоммИнв,Kommercheskie Investicii,private_ppif,3,,,,2012-06-20,TQIF
RU000A0JS9A9,1204,RU000A0JS9A9,2334,ПИФ ТФГ Печора УК ТФГ,ТФГСтНедв1,PIF TFG Pechora,private_ppif,2,,,,2008-02-13,TQIF
RU000A0JS9B7,4420,RU000A0JS9B7,2313,ПИФ ПрогрессНед УК ИнтерФинУА,ПИФПрогНед,PIF ProgressNed UK InterFin UA,private_ppif,,,,,2012-06-22,TQIF
RU000A0JS9C5,1205,RU000A0JS9C5,2320,УК РЕГИОН Дев.ПИФБизнесИнвест,ПИФБизнИнв,PIF Biznes Invest,private_ppif,,,,,2012-06-20,TQIF
RU000A0JSAB5,1286,RU000A0JSAB5,2217-94176998,УК УМ ПИФ Регион КомНедвиж,ПИФРегнКН,UK UM PIF Region KomNedvig,private_ppif,,,,,2012-07-09,TQIF
RU000A0JSGF3,4263,RU000A0JSGF3,2232-94195228,ЗПИФКрасногорье УК ПрагмаКап,ЗПИФКрасн,PIF Krasnogor UK PragmaKapital,private_ppif,3,,,,2012-07-24,TQPI
RU000A0JSMB0,3482,RU000A0JSMB0,2251,ПИФ ФондНедвиж ЛАЙТ-ИНВЕСТ,ПИФЛайтИнв,BKS-FN LIGHT-INVEST,private_ppif,,,,,2012-08-22,TQIF
RU000A0JSME4,3482,RU000A0JSME4,2020-94197865,ПИФ ФондНедвиж Волжский,ПИФВолжски,BKS-FN Volzhskiy,private_ppif,,,,,2012-08-22,TQIF
RU000A0JSSB7,6322,RU000A0JSSB7,2337,ПИФ Перспективный УК ППИ,Перспектив,PIF Perspektivny,private_ppif,,,,,2012-08-30,TQIF
RU000A0JSWC7,4847,RU000A0JSWC7,1660-94164825,УК ПРОМСВЯЗЬ ПИФЗолотоеКольцо,ПИФЗлКольц,"UK PROMSVIAZ ""Zolotoe kol'co""",private_ppif,,,,,2012-09-20,TQNE
RU000A0JSWF0,4847,RU000A0JSWF0,1915-94168071,УК ПРОМСВЯЗЬ ПИФ РегионПроекты,ПИФРегПро,"UK PROMSVIAZ ""Region. proekti""",private_ppif,,,,,2012-09-20,TQNE
RU000A0JSWG8,4847,RU000A0JSWG8,1698-94163725,УК ПРОМСВЯЗЬ ПИФ ЭверестЦентр,ПИФЭверЦ,"UK PROMSVIAZ ""Everest Centr""",private_ppif,,,,,2012-09-20,TQNE
RU000A0JSXE1,1387,RU000A0JSXE1,2370,ТКБ БНП Париба ИП ПИФФондСИ-3,ПИФФндСИ-3,TKB BNP Pariba IP PIFFondSI-3,private_ppif,,,,,2012-09-07,EQNE
RU000A0JSY41,4846,RU000A0JSY41,2309,УК АНЕКТ ПИФЗемельный базовый,ПИФЗемлБаз,PIF Zemel'niy bazoviy UK ANEKT,private_ppif,,,,,2012-09-20,TQIF
RU000A0JT2H8,3786,RU000A0JT2H8,2336,ПИФ ЗемлиПодмосковья УКИмпульс,ПИФЗемПодм,PIF Zemli Podmoskovia UKImpuls,private_ppif,,,,,2012-11-28,TQIF
RU000A0JT510,1205,RU000A0JT510,2299,"ПИФ ""Протон""",ПИФПротон,Proton,private_ppif,3,,,,2012-12-19,TQIF
RU000A0JT7G9,1204,RU000A0JT7G9,0626-94123756,ПИФТФГ-руб.облиг.УК ТрансфинГр,ТФГ-руб.об,TFK- rub.ob. TransFinGroup AM,public_ppif,3,,,,2016-10-28,TQIF
RU000A0JT7S4,4866,RU000A0JT7S4,1792-94167462,УК ФОРТИС-Инвест ПИФ ИСТОК,ПИФИсток,UK FORTIS-Invest PIF ISTOK,private_ppif,,,,,2012-11-02,TQIF
RU000A0JT8U8,4271,RU000A0JT8U8,1976-94172492,УК Надеж.управ.ЗПИФУралНедв1,ПИФУрлНед1,UK Nadezh.uprav.PIF UralNedv1,private_ppif,3,,,,2012-11-02,TQPI
RU000A0JT8W4,4271,RU000A0JT8W4,1977-94172411,УК Надеж.управ.ЗПИФУралНедв2,ПИФУрлНед2,UK Nadezh.uprav.PIF UralNedv2,private_ppif,,,,,2012-11-02,TQIF
RU000A0JT916,4271,RU000A0JT916,1962-94168326,УК Надеж.управ.ЗПИФБашкирНедв2,ПИФБашНед2,UK Nadezh.uprav.PIF BashNedv2,private_ppif,,,,,2012-11-16,TQIF
RU000A0JT973,3574,RU000A0JT973,2449,"ПИФ ""КапиталЪ-Золото""",ПИФКап-Зол,PIF Kap-Zol,public_ppif,,,,,2012-11-07,TQIF
RU000A0JTBW7,3655,RU000A0JTBW7,2288,ЗПИФ Перспективные инвестиции,ПИФПерсИн,ZPIF Perspektivnie investicii,private_ppif,,,,,2012-11-29,TQQI
RU000A0JTBX5,4847,RU000A0JTBX5,2458,УК ПРОМСВЯЗЬ ПИФ ДоступЖилье,ПИФДосЖил,"UK PROMSVIAZ ""DostupnoeZhilje""",private_ppif,,,,,2013-03-11,TQNE
RU000A0JTCK0,3786,RU000A0JTCK0,2402,УК Импульс ЗПИФ Кольчуга,Кольчуга,UK Impuls ZPIF Kolcuga,private_ppif,2,,,,2012-12-05,TQIF
RU000A0JTEJ8,5394,RU000A0JTEJ8,2371,ЗПИФ БиоТех инв. УК Основа,ЗПИФБиоТех,ZPIF BioTeh UK Osnova,private_ppif,3,,,,2012-12-26,TQIF
RU000A0JTHQ6,1314,RU000A0JTHQ6,2151-94172003,ТРИНФИКО ПИФГоризонталь,ТРИНФГориз,ZPIF GORIZONTAL UK TRINFIKO,private_ppif,,,,,2013-01-11,TQNE
RU000A0JTJQ2,5954,RU000A0JTJQ2,2465,ПИФ Евразия УК Голден Стоун,ПИФЕВРАЗФН,PIF FN EVRAZIA UK Golden Stone,private_ppif,,,,,2013-01-29,TQIF
RU000A0JTJR0,4800,RU000A0JTJR0,2461,УК КАПИТАЛ ЭССЕТ МЕН.ПИФКапИнв,ПИФКапИн,UK KAPITAL ESSET MEN. PIFKapIn,private_ppif,2,,,,2013-02-07,TQIF
RU000A0JTJZ3,5951,RU000A0JTJZ3,2452,ПИФРацио-Рент УК Рацио-капитал,ПИФРацио,PIF Racio-Rent UK RacioKapital,private_ppif,2,,,,2013-01-21,TQIF
RU000A0JTK53,4806,RU000A0JTK53,2483,ПИФ Осн.бизнес модель-Бета,ПИФМдБета,Osnovnaya biznes model'- Beta,private_ppif,,,,,2013-01-29,TQIF
RU000A0JTNQ4,1205,RU000A0JTNQ4,2397,ПИФ Недвиж.Сибирь УК РЕГИОН Д,ПИФСибирь,PIF Nedvig.Sibir UK REGION Dev,private_ppif,,,,,2013-03-11,TQIF
RU000A0JTPA3,4689,RU000A0JTPA3,2451,ПИФ Пятый Земельный,ПИФПятЗем,PIF PiatiiZemelniy,private_ppif,3,,,,2013-02-26,TQPI
RU000A0JTQH6,4470,RU000A0JTQH6,1904-94168705,УК Об.управ.комп. ПИФ Об.Город,ПИФОбГород,PIF Ob'edinenniy Gorodskoy,private_ppif,3,,,,2013-03-11,TQIF
RU000A0JTRF8,1229,RU000A0JTRF8,2168-94176260,ПИФ Сбербанк-Золото,ПИФСберЗол,PIF Sberbank-Zoloto,interval_ppif,,,,,2013-03-18,TQIF
RU000A0JTRK8,4524,RU000A0JTRK8,2419,ЗПИФ НСКА УК ГФТ КАПИТАЛ,ЗПИФНСКА,ZPIF NSKA UK GFT KAPITAL,private_ppif,,,,,2013-03-21,TQIF
RU000A0JTSQ3,5390,RU000A0JTSQ3,2103-94195211,ПИФ Недв.Гагарин УУК РеспТатар,ПИФГагарин,PIF NedvGagarin UUK RespTatar,private_ppif,,,,,2013-03-29,TQNE
RU000A0JTSS9,4263,RU000A0JTSS9,2409,ЗПИФКоллектНедвиж УК ПрагмаКап,ЗПИФКлНедв,PIF KollektNedv PragmaKapital,private_ppif,,,,,2013-03-29,TQIF
RU000A0JTVP9,4420,RU000A0JTVP9,2404,ПИФ ФинансЛизинг УК ИнтерФин,ПИФФЛизинг,PIF FinansLizing UK InterFin,private_ppif,,,,,2013-05-07,SMAL
RU000A0JTVY1,11206,RU000A0JTVY1,1890-94169573,ПИФ Невский УК ЭМРИС,ПИФНевский,PIF Nevskiy UK EMRIS,private_ppif,3,,,,2013-05-07,TQIF
RU000A0JTWK8,1229,RU000A0JTWK8,2559,ПИФСбербанк Жилая Недвижимость,СберЖилНед,Sberbank Zhilaya Nedvizhimost',private_ppif,,,,,2013-05-20,TQIF
RU000A0JTX17,4524,RU000A0JTX17,0001,ИСУ-1 УК ГФТ КАПИТАЛ,ИСУ-1,ISU-1 UK GFT KAPITAL,stock_mortgage,,,,,2013-05-22,TQIF
RU000A0JTXM2,6089,RU000A0JTXM2,0002,ИСУ-2 УК Коммер проперти траст,ИСУ-2,ISU-2 UK Kommer properti trast,stock_mortgage,,,,,2013-05-31,TQPI
RU000A0JTY16,4616,RU000A0JTY16,2541,ЗПИФ МФОНД УК ООО МФОНД,ЗПИФ МФОНД,ZPIF MFOND UK OOO MFOND,private_ppif,,,,,2013-06-10,TQIF
RU000A0JTYP3,4800,RU000A0JTYP3,2596,УК КАПИТАЛ ЭССЕТ МЕН.ПИФСтрИнв,ПИФСтрИнв,UK KAPITAL ESSET MEN. PIFStrIn,private_ppif,3,,,,2014-03-11,TQDE
RU000A0JU0G1,4263,RU000A0JU0G1,2539,ПИФ Перспектива  УК ПрагмаКап,ПИФПерПрК,PIF Perspektiva UK Pragma Kap,private_ppif,3,,,,2013-11-11,TQPI
RU000A0JU0J5,4420,RU000A0JU0J5,2508,ПИФ БизнесАктивы УК ИнтерФинУА,ПИФБизнАкт,PIF Biznes Activi InterFin UA,private_ppif,3,,,,2013-07-29,TQQI
RU000A0JU1G9,1286,RU000A0JU1G9,2605,"ЗПИФ Прометей УК ООО ""УМ""",Прометей,"Prometei UK OOO ""UM""",private_ppif,,,,,2013-08-20,TQNE
RU000A0JU2E2,1205,RU000A0JU2E2,2509,ПИФАтлант-рег.недв. УКРегДевел,ПИФ Атлант,PIFAtlant-reg.inv. UK RegDevel,private_ppif,,,,,2013-09-10,TQIF
RU000A0JU5D7,4321,RU000A0JU5D7,0098-14126302,ПетрБагратион УК Парма-Менедж,Багратион,Petr Bagration UK Parma-Manage,public_ppif,,,,,2013-09-26,TQIF
RU000A0JU765,4263,RU000A0JU765,2295,ПИФ Змей Горыныч  УК ПрагмаКап,ПИФЗмГор,PIF Zmei Gorinic UK Pragma Kap,public_ppif,,,,,2013-11-06,TQIF
RU000A0JU7Z6,6403,RU000A0JU7Z6,2412,ПИФ Мортон Путилков УК Евразия,ПИФМортПтл,PIF Morton Putilkov UK Evrazia,private_ppif,,,,,2013-11-06,TQIF
RU000A0JU997,1314,RU000A0JU997,2490,"ТРИНФИКО ЗПИФ ""ПИК Ритейл 4""",ПИКРитейл4,"TRINFICO IP""PIK Riteil 4""",private_ppif,,,,,2013-11-06,TQNE
RU000A0JU9Y5,3655,RU000A0JU9Y5,2613,ЗКПИФ Электрон УК ПрогрИнвИдеи,Электрон,ZCPIF Elektron UKProgrInvIdei,private_ppif,3,,,,2013-11-25,TQIF
RU000A0JUA37,6256,RU000A0JUA37,0003,ИСУ ЕФГ-1 Управление Активами,ИСУ ЕФГ-1,ISU EFG-1 Upravlenie Activami,stock_mortgage,,,,,2013-12-11,TQIF
RU000A0JUAQ9,3749,RU000A0JUAQ9,2589,УК Глобус Капитал ПИФ Фонд.Кап,ПИФФондКап,Globus Capital PIF Fond.Cap.,private_ppif,,,,,2013-12-25,TQIF
RU000A0JUB77,4332,RU000A0JUB77,2683,УКЦетротраст ПИФИнв.горизонты,ПИФИнвГор,UKCentrotrust PIFInvGorizonty,private_ppif,,,,,2013-12-25,TQQI
RU000A0JUBR5,1373,RU000A0JUBR5,2687,УКСвиньинКо ПИФРеддерИнвест,ПИФРедИнв,UK SvininCo PIFRedderInvest,private_ppif,,,,,2013-12-25,TQNE
RU000A0JUBX3,1140,RU000A0JUBX3,0004,ИСУ-2 Менеджмент-КонсалтингООО,ИСУ-2МнКон,ISU-2 Men.Cons.,stock_mortgage,,,,,2014-03-14,TQIF
RU000A0JUCD3,3475,RU000A0JUCD3,2650,ПИФ РВМ ЖилНедв УК РВМ Капитал,РВМЖилНедв,PIF RWM ZhilNedv UK RWMCapital,private_ppif,,,,,2014-01-23,TQIF
RU000A0JUDS9,6506,RU000A0JUDS9,2702,ПИФ КонкордЭст П УК Конкорд УА,ПИФКонкЭст,PIF IJ Esteit Pervyi,private_ppif,2,,,,2014-02-18,TQIF
RU000A0JUE09,4806,RU000A0JUE09,2592,ПИФ Осн.бизнес модель-Гамма,ПИФМдГамма,Osnovnaya biznes model'- Gamma,private_ppif,,,,,2014-01-21,TQIF
RU000A0JUFN5,3796,RU000A0JUFN5,2716,ТРИНФИКО ПИФ Глобал.ру,ТрнфФГлобл,TRINFICO PIF Global.ru,public_ppif,,,,,2014-02-21,TQIF
RU000A0JUFZ9,6515,RU000A0JUFZ9,0005,ИСУ-5 УК Эмпайр Траст,ИСУ-5,ISU-5 UK Empire Trust,stock_mortgage,,,,,2014-03-06,TQIF
RU000A0JUGA0,4538,RU000A0JUGA0,0007,ИСУ-АФ ООО Академ Финанс,ИСУ-АФ,ISU-AF OOO Academ Finans,stock_mortgage,,,,,2014-03-14,TQDE
RU000A0JUGG7,1093,RU000A0JUGG7,1823-94198534,УК СГБ ПИФ Большой Урал,ПИФБолУрал,UK SGB PIF Bolshoi Ural,private_ppif,,,,,2014-10-03,TQIF
RU000A0JUHC4,4847,RU000A0JUHC4,2652,ПИФ ТрастФинНед УК ПРОМСВЯЗЬ,ТрастФиНед,PIF TrustFinanceNedvizhimost,private_ppif,,,,,2014-05-27,TQIF
RU000A0JUHS0,406,RU000A0JUHS0,0008,ИСУ-КП ГК ВЭБ.РФ,ИСУ-КП,ISU-KP GK VEB.RF,stock_mortgage,,,,,2014-04-15,TQDE
RU000A0JUKC8,8126,RU000A0JUKC8,2708,УК СтройКапитал ПИФТелекомИнв,ПИФТелИнв,UK StroyKapi PIF TelecomInvest,private_ppif,,,,,2014-04-25,TQIF
RU000A0JUKF1,6515,RU000A0JUKF1,0006,ИСУ-6 УК Эмпайр Траст,ИСУ-6,ISU-6 UK Empire Trust,stock_mortgage,,,,,2014-04-25,TQIF
RU000A0JUKK1,3475,RU000A0JUKK1,2729,УКРВМКапитал ПИФРВМКапитальный,ПИФРВМКап,ZPIF RWM Capitalniy,private_ppif,3,,,,2014-06-30,TQIF
RU000A0JUKN5,6821,RU000A0JUKN5,2682,Авекс-недвиж.УК ИНТЕРКОМ.УА,АвексНедв,Aveks-nedvizhimost UK INTERCOM,private_ppif,,,,,2014-06-10,TQIF
RU000A0JUKR6,4262,RU000A0JUKR6,2761,ПИФ Эстейт Первый УК АурумИнв,Эст Первый,PIF Estate Pervyi UK AurumInv,private_ppif,3,,,,2014-12-01,TQIF
RU000A0JUN16,6995,RU000A0JUN16,2691,ПИФ Аршин УК Диана,ПИФ Аршин,PIF Arshin UK Diana,private_ppif,3,,,,2014-07-23,TQIF
RU000A0JUNN9,5388,RU000A0JUNN9,1253-58228765,ПИФ Авангард УК Навигатор,Нав.Авангд,PIF Avangard UK Navigator,private_ppif,3,,,,2014-07-08,TQQI
RU000A0JUP71,1232,RU000A0JUP71,0016,УК Упринвест ИСУ-11000,ИСУ-11000,UK Uprinvest ISU-11000,stock_mortgage,,,,,2014-06-26,TQIF
RU000A0JUQZ6,11319,RU000A0JUQZ6,0011,ИСУ-ПН УК Гамма Групп,ИСУ-ПН,ISU-PN UK Gamma Group,stock_mortgage,,,,,2014-08-13,TQPI
RU000A0JUR20,7948,RU000A0JUR20,0777-94126836,УК Универсал ПИФ НМ-ТрастАПП,ПИФНМТраст,PIF NM TrustAPP UK Universal,private_ppif,3,,,,2014-08-04,TQPI
RU000A0JUR38,1093,RU000A0JUR38,1661-94199060,УК СГБ ПИФ Стабильный,ПИФСтабиль,PIF Stabilniy UK SGB,private_ppif,,,,,2014-10-03,TQIF
RU000A0JURB5,6181,RU000A0JURB5,0983-94131725,ПИФ Райффайзен-МосБиржа гол.ф.,Рф-МосБгф,PIF Raiffeisen-Blue chip MOEX,public_ppif,3,,,,2017-10-16,TQIF
RU000A0JUS03,1229,RU000A0JUS03,2788,ПИФСбербанкЖилаяНедвижимость2,СберЖлНед2,SberbankZhilayaNedvizhimost' 2,private_ppif,3,,,,2014-08-20,TQIF
RU000A0JUSU3,6181,RU000A0JUSU3,0017,ИСУ ГК-2 УК Райффайзен Капитал,ИСУ ГК-2,ISU GK-2 UK Raiffaizen Capital,stock_mortgage,,,,,2014-09-04,TQIF
RU000A0JUSX7,6959,RU000A0JUSX7,0020,ИСУ-ВСтд УК Фундамент,ИСУ-ВыСтд,ISU-ViStd UK Fundament,stock_mortgage,,,,,2014-09-12,TQIF
RU000A0JUTA3,1140,RU000A0JUTA3,0025,ИСУ-4 Менеджмент-КонсалтингООО,ИСУ-4МнКон,ISU-4 Men.Cons.,stock_mortgage,,,,,2014-09-22,TQIF
RU000A0JUTH8,7968,RU000A0JUTH8,2844,ЗПИФ Вариант УК ТЕТИС Кэпитал,ПИФВариант,ZPIF Variant UK TETIS Kapital,private_ppif,3,,,,2015-03-25,TQIF
RU000A0JUTV9,3749,RU000A0JUTV9,2753,ЗПИФРитейлИнвест УК Глобус Кап,РитейлИнв,RiteilInvest UK Globus Cap,private_ppif,3,,,,2014-09-29,TQIF
RU000A0JUTW7,3749,RU000A0JUTW7,2752,ЗПИФ ИТ-сегмент УК Глобус Кап,ИТ-сегмент,IT-segment UK Globus Cap,private_ppif,3,,,,2014-09-29,TQIF
RU000A0JUU74,6515,RU000A0JUU74,0019,ИСУ-МежрегИптк УК Эмпайр Траст,ИСУ-МрегИп,ISU-MezhReg Ip UK Empire Trust,stock_mortgage,,,,,2014-09-26,TQIF
RU000A0JUUC7,7212,RU000A0JUUC7,2768,ЗПИФКоттеджиоПарк УК ЭйЭмЭс,КоттедПарк,ZPIF KottadgePark UK AMS,private_ppif,3,,,,2014-09-26,TQIF
RU000A0JUUF0,1232,RU000A0JUUF0,0010,УК БИН ФИНАМ Групп ИСУ-9000,ИСУ-9000,ISU-9000 UK BIN FINAM Group,stock_mortgage,,,,,2014-09-26,TQIF
RU000A0JUW49,4334,RU000A0JUW49,0024,ИСУ-3 ЗАО ГФТ ПИФ,ИСУ-3 ГФТ,ISU-3 GFT PIF,stock_mortgage,,,,,2014-10-27,TQDE
RU000A0JUXF4,6256,RU000A0JUXF4,0013,ИСУ ЕФГ-2 ЕФГУпр.Активами,ИСУ ЕФГ-2,ISU EFG-2,stock_mortgage,,,,,2014-11-19,TQIF
RU000A0JUYK2,4442,RU000A0JUYK2,2791,УК ДПА ЗПИФ Доблестный витязь,ПИФ Витязь,UK DPA ZPIF Doblestniy Vityaz,private_ppif,3,,,,2015-04-06,TQIF
RU000A0JUZ61,658,RU000A0JUZ61,2880,УК ДОХОД ПИФ Рентная недвиж.,Рент.Недв.,PIF Dohod - Rentnaya nedvizh.,private_ppif,3,,,,2015-06-23,TQPI
RU000A0JUZJ1,7492,RU000A0JUZJ1,0038,"ИСУ ""Берег мечты"" ФорТрейд",ИСУБерМеч,ISU Bereg mechty,stock_mortgage,,,,,2014-11-19,TQIF
RU000A0JUZV6,7492,RU000A0JUZV6,0036,"ИСУ ""Берег луны"" ФорТрейд",ИСУБерЛуны,ISU Bereg luny,stock_mortgage,,,,,2014-12-09,TQIF
RU000A0JUZW4,7492,RU000A0JUZW4,0037,"ИСУ ""Берег моря"" ФорТрейд",ИСУБерМоря,ISU Bereg morya,stock_mortgage,,,,,2014-12-09,TQIF
RU000A0JV7U6,1205,RU000A0JV7U6,2807,"УК РЕГИОН Дев.ПИИФ""Стратег""",ЗПИФ Страт,PIIF Strateg,private_ppif,,,,,2015-03-10,TQIF
RU000A0JV7X0,5390,RU000A0JV7X0,2798,"ЗПИФ ""Земли родного края""",ЗемлРодКр,"ZPIF ""Zemli rodnogo kraya""",private_ppif,,,,,2015-02-27,TQIF
RU000A0JV7Y8,7365,RU000A0JV7Y8,2862,УКРегионфинрес ПИФСтруктурный,ПИФСтрукт,PIF Strukturny,private_ppif,,,,,2015-03-10,TQIF
RU000A0JV9P2,6515,RU000A0JV9P2,0015,ИСУ-ДоходИптк2 УК Эмпайр Траст,ИСУ-ДохИп2,ISU-Dohod Ip2 UK Empire Trust,stock_mortgage,,,,,2015-08-20,TQIF
RU000A0JVDG2,1139,RU000A0JVDG2,2342,ОПИФ Рынок Драг металлы,РынокДМет,OPIF Precious Metal Market,public_ppif,3,,,,2021-07-05,TQIF
RU000A0JVEC9,5388,RU000A0JVEC9,2950,ПИФ Саларьево УК Навигатор,Саларьево,PIF Salarevo UK Navigator,private_ppif,3,,,,2015-05-21,TQIF
RU000A0JVEZ0,11319,RU000A0JVEZ0,0034,"ИСУ ГК-3 ""Ай Кью Джи"" УА",ИСУ ГК-3,ISU GK-3 Ai Kiu Dzhi UA,stock_mortgage,3,,,,2015-06-26,TQIF
RU000A0JVGM3,4847,RU000A0JVGM3,2476,Региональная недвижимость,РегионНедв,Regionalnaya Nedvizhimost,private_ppif,3,,,,2015-06-22,TQIF
RU000A0JVGN1,4322,RU000A0JVGN1,2308,Земельные ресурсы,ЗемРесурсы,Zemelnije Resursy,private_ppif,3,,,,2015-06-22,TQIF
RU000A0JVGP6,7365,RU000A0JVGP6,2968,"ЗПИФ ""Пром.Ин"" УК РФР",ЗПИФПромИн,"ZPIF ""Prom.In"" RFR UK",private_ppif,3,,,,2015-07-03,TQIF
RU000A0JVHY6,1026,RU000A0JVHY6,2135-94173117,ОПИФ БКС Империя,БКСИмперия,OPIF BCS Imperia,public_ppif,3,,,,2021-08-30,TQIF
RU000A0JVJA2,7968,RU000A0JVJA2,2840,ЗПИФ ПраймНедвижим УК Тетис,Прайм Недв,ZPIF PrimeNedvizh UK Tetis,private_ppif,3,,,,2015-06-30,TQIF
RU000A0JVKZ7,9854,RU000A0JVKZ7,2983,БАЙКАЛ ЗПИФ Кредитный,БАЙКАЛ ПИФ,BAYKAL ZPIF credit,private_ppif,3,,,,2018-08-16,TQIF
RU000A0JVMR0,1355,RU000A0JVMR0,3007,ЗПИФТрастИпотечн.УК РегТраст,ТрастИпт,ZPIF Trast Ipotechniy,private_ppif,,,,,2015-09-04,TQIF
RU000A0JVPL6,4800,RU000A0JVPL6,0026,ИСУ КАПИТАЛ УК Капитал ЭМ,ИСУ КАП,ISU KAPITAL UK Kapital EM,stock_mortgage,,,,,2015-09-11,TQIF
RU000A0JVRF4,1229,RU000A0JVRF4,3030,ПИФСбербанкЖилаяНедвижимость3,СберЖлНед3,SberbankZhilayaNedvizhimost' 3,private_ppif,3,,,,2015-12-14,TQIF
RU000A0JVST3,406,RU000A0JVST3,0029,ИСУ-100 Внешэкономбанк,ИСУ100 ВЭБ,ISU-100 VEB,stock_mortgage,,,,,2015-10-07,TQIF
RU000A0JVT35,6256,RU000A0JVT35,0043,ИСУ ЕФГ-3 УК АйКьюДжи Упр.Акт.,ИСУ ЕФГ-3,ISU EFG-3,stock_mortgage,,,,,2015-10-01,TQDE
RU000A0JVUA9,1314,RU000A0JVUA9,3044,ТРИНФИКО ПИФ Еврооблигации,ПИФЕврообл,TRINFICO PIF Evroobligacii,interval_ppif,3,,,,2015-11-09,TQIF
RU000A0JVUU7,7212,RU000A0JVUU7,2981,ЗПИФ Холи Лэнд УК ЭйЭмЭс,Холи Лэнд,ZPIF Holy Land UK AMS,private_ppif,3,,,,2015-10-30,TQIF
RU000A0JWAW3,11567,RU000A0JWAW3,3120,ПИФ СФН - Арендный бизнес,СФНАрБизн,SFNArendBiznes,private_ppif,3,,,,2016-06-29,TQIF
RU000A0JWJA0,5388,RU000A0JWJA0,3118,ЗПИФДоминион Тауэр УКНавигатор,ДоминионТр,ZPIFDominion Tower UKNavigator,private_ppif,3,,,,2016-06-30,TQIF
RU000A0JWV48,5388,RU000A0JWV48,3204,ЗПИФ Сто одиннадцать УК Нав,ЗПИФ 111,PIF 111 UK Navigator,private_ppif,3,,,,2017-04-06,TQIF
RU000A0JX0W5,5388,RU000A0JX0W5,3156,"ЗПИФ Недвиж. ""Собрание"" УК Нав",Собрание,ZPIF Nedvizh.Sobranie.UK Nav,private_ppif,3,,,,2016-12-28,TQIF
RU000A0JX1H4,1229,RU000A0JX1H4,2940,ПИФ РублОблиг. СберУправлАктив,ПИФ РубОбл,PIF RublOblig SberUpravlAkt,public_ppif,3,,,,2017-01-27,TQIF
RU000A0JX2H2,1204,RU000A0JX2H2,3247,ПИФ ТФГ Акции УК ТРАНСФИНГРУП,ПИФ ТФГАкц,PIF TFG Akcii UK TRANSFINGRUP,public_ppif,3,,,,2017-01-31,TQIF
RU000A0ZYF79,1387,RU000A0ZYF79,3414,ПИФ Нева Хаус УК ТКБ Инв.Партн,ПИФНевХаус,PIF Neva Haus,private_ppif,3,,,,2017-12-27,TQIF
RU000A0ZYPM4,1287,RU000A0ZYPM4,2864,ПИФ ГПБ Еврооблигации плюс,ИПГПБУАЕО+,PIF Gazprombank Eurobonds +,private_ppif,3,,,,2019-02-12,TQIF
RU000A0ZZAU6,11165,RU000A0ZZAU6,3508,ЗПИФ АКЦЕНТ ФОНД I - ЛОГИСТИКА,ЗПИФ АКЦ 1,ZPIF ACCENT FUND I - LOGISTICS,private_ppif,3,,,,2020-07-15,TQIF
RU000A0ZZVL1,1287,RU000A0ZZVL1,3446,ПИФ ГПБ Международные обл,ГПБУАМОбИП,PIF GPB International bonds,private_ppif,3,,,,2019-02-12,TQIF
RU000A0ZZX84,1188,RU000A0ZZX84,3444,ЗПИФ Солид Рентный - 2,СолидРент2,ZPIF Solid Rental - 2,private_ppif,3,,,,2021-08-23,TQIF
RU000A1002D0,1229,RU000A1002D0,3428,ПИФ Первая-Накопительный,ПерНакопОП,PIF Perviy-Nakopitelniy,public_ppif,3,,,,2019-04-17,TQIF
RU000A1007R9,1026,RU000A1007R9,3666,ОПИФ БКС Фундаментальный Выбор,БКСФундВыб,OPIF BCS Fundamental Choice,public_ppif,3,,,,2021-08-30,TQIF
RU000A100EP4,1139,RU000A100EP4,3664,ОПИФ БКС Международные Облиг,БКСМежОбл,OPIF BCS International Bonds,public_ppif,3,,,,2021-08-30,TQFD
RU000A100S25,9339,RU000A100S25,3802,ИПИФ Индустрии будущего,ИПИФИндБуд,IPIF Industries of the Future,interval_ppif,3,,,,2021-11-17,TQIF
RU000A100U05,1355,RU000A100U05,3809,ОПИФ Регион Росс. Гособлигации,Регион РРГ,Fund Region Rus.govern.bonds,public_ppif,3,,,,2019-11-01,TQIF
RU000A100ZY1,9339,RU000A100ZY1,3884,ОПИФ Фридом-Смеш.инвестиции,ОПИФФридСИ,OPIF FREEDOM mixed investments,public_ppif,3,,,,2020-02-17,TQPI
RU000A1013V9,11008,RU000A1013V9,2770,ЗПИФ Фонд ПНК-Рентал,ЗПИФ ПНК,ZPIF Fund PNK-Rental,private_ppif,1,,,,2021-07-08,TQIF
RU000A101F29,9339,RU000A101F29,3902,ОПИФ УК Восток-Запад Первый,ОПИФПервый,OPIF AMC East-West First,public_ppif,3,,,,2021-06-07,TQIF
RU000A101HY7,1318,RU000A101HY7,3936,ПИФ Альфа-К Арендн. поток,ПИФАльфаАП,PIF Alfa-Capital Arendn.potok,private_ppif,3,,,,2020-06-10,TQIF
RU000A102408,3559,RU000A102408,4139-СД,ЗПИФ Симфония 34 УК ОТКРЫТИЕ,ЗПИФ Смф34,ZPIF Simfoniya 34 UK OTKRITIE,private_ppif,3,,,,2020-12-25,TQIF
RU000A102N44,1229,RU000A102N44,4239-СД,ЗПИФ Долгосрочн рентный бизнес,ДолРентБиз,ZPIF Long-term rental business,private_ppif,3,,,,2021-03-05,TQIF
RU000A102P67,6181,RU000A102P67,4155-СД,ИПИФ Райффайзен Мир Облигации,ИПИФРайфМО,IPIF Raiffeisen World Bonds,interval_ppif,3,,,,2021-06-18,TQIF
RU000A102Q33,1026,RU000A102Q33,4284,ОПИФ БКС Мировые ресурсы,БКС Миррес,OPIF BCS World Resources,public_ppif,3,,,,2021-08-30,TQIF
RU000A103EX2,1026,RU000A103EX2,4500,ЗПИФ БКС Восток-Запад,БКСВостЗап,ZPIF BCS East-West,private_ppif,3,,,,2021-09-03,TQFD
RU000A103JE1,1026,RU000A103JE1,4546,ЗПИФ БКС Цифровая галактика,БКСЦифрГал,ZPIF BCS Digital Galaxy,private_ppif,3,,,,2021-10-22,TQFD
RU000A1040F5,1026,RU000A1040F5,4685,ЗПИФ БКС Инновации,БКСИнновац,ZPIF BCS Innovations,private_ppif,3,,,,2021-12-21,TQFD
RU000A108157,11796,RU000A108157,6069-СД,ЗПИФ Рентал ПРО,Рентал ПРО,Rental PRO,private_ppif,3,,,,2024-06-06,TQIF
RU000A108RS3,15807,RU000A108RS3,6147-СД,ЗПИФ Залоговые займы,ПИФЗалЗайм,ZPIF Zalogovye zajmy,private_ppif,3,,,,2024-10-07,TQIF
RU14APTK1007,1285,RU0008081765,1-01-07335-A,"акц.об.ОАО""Аптечная сеть 36,6""",Аптеки36и6,"Apteki 36,6",common_share,,105000000,0.64,SUR,,EQNL
RU14AVAN8010,138,RU000A0DM7B3,10102879B,"АКБ ""Авангард"" (ОАО)",Авангрд-ао,Avangard,common_share,,80700000,10,SUR,,EQNL
RU14BISV1003,825,RU0009059216,01-1п-62,Башинформсвязь(ОАО)ао-1в.,БашИнфСвз1,BashInformSvyaz-1,common_share,,2154907,1,SUR,,EQNE
RU14BISV1011,825,RU0009100176,01-1п-62,Башинформсвязь(ОАО)ап-1в.,БашИнфСв1п,BashInformSvyaz-1 (pref),preferred_share,,84895,1,SUR,,EQNE
RU14BISV2001,825,RU0009059216,01-1-1048,Башинформсвязь(ОАО)ао-2в.,БашИнфСвз2,BashInformSvyaz-2,common_share,,156015733,1,SUR,,EQNE
RU14BISV2019,825,RU0009100176,01-1-1048,Башинформсвязь(ОАО)ап-2в.,БашИнфСв2п,BashInformSvyaz-2 (pref),preferred_share,,5942650,1,SUR,,EQNE
RU14BISV4007,825,RU0009059216,1-04-00011-A,Башинформсвязь(ОАО)ао-4в.,БашИнфСвз4,BashInformSvyaz-4,common_share,,790853200,1,SUR,,EQNE
RU14BISV4015,825,RU0009100176,2-04-00011-A,Башинформсвязь(ОАО)ап-4в.,БашИнфСв4п,BashInformSvyaz-4 (pref),preferred_share,,30137725,1,SUR,,EQNE
RU14INUR2017,1233,RU0007661815,1-02-02410-H,"ОАО ""Интерурал""-2вып-ао",Интурал2ао,InterUral-2,common_share,,250000000,10,SUR,,EQBR
RU14MBSP7002,150,RU0005097020,10400197B,МБСП (ОАО) акции об.,МБСП,MBSP,common_share,,866470878,1,SUR,2003-10-20,EQNE
RU14MGTS2012,1224,RU0009036479,2-04-00083-A,"ОАО ""МГТС"" ап (4 в)",МГТС-4ап,MGTS-4,preferred_share,,15965850,40,SUR,,EQBR
RU14MGTS5007,1224,RU0009036461,1-05-00083-A,"ОАО ""МГТС"" ао (5 в)",МГТС-5ао,MGTS-5,common_share,,79829200,40,SUR,,EQBR
RU14NZGZ2006,3035,RU0008959630,1-02-00094-A,"""Нижневартовскнефтегаз"" ао",НижНФГЗ ао,Nizhnevartovskneftegaz,common_share,,13693047,0.8,SUR,2008-10-14,EQNL
RU14PRMB1006,387,RU000A0DPNQ5,10103001B,"АКБ ""Приморье"" 1ао",Приморье 1,AKB Primorye 1,common_share,,2940,1000,SUR,2005-02-14,EQNE
RU14PRMB2004,387,RU000A0DPNQ5,10103001B,"АКБ ""Приморье"" 2 ао",Приморье 2,AKB Primorye 2,common_share,,4060,1000,SUR,2005-02-14,EQNE
RU14PRMB3002,387,RU000A0DPNQ5,10103001B,"АКБ ""Приморье"" 3 ао",Приморье 3,AKB Primorye 3,common_share,,2000,1000,SUR,2005-02-14,EQNE
RU14PRMB4000,387,RU000A0DPNQ5,10103001B,"АКБ ""Приморье"" 4 ао",Приморье 4,AKB Primorye 4,common_share,,10000,1000,SUR,2005-02-14,EQNE
RU14PRMB5007,387,RU000A0DPNQ5,10103001B,"АКБ ""Приморье"" 5 ао",Приморье 5,AKB Primorye 5,common_share,,3100,1000,SUR,2005-02-14,EQNE
RU14PRMB6005,387,RU000A0DPNQ5,10103001B,"АКБ ""Приморье"" 6 ао",Приморье 6,AKB Primorye 6,common_share,,4000,1000,SUR,2005-02-14,EQNE
RU14TATN3006,852,RU0009033591,1-03-00161-A,"ОАО ""Татнефть"" ао",Татнфт 3ао,Tatneft-3,common_share,,2178690700,1,SUR,,EQBR
RU14TATN3014,852,RU0006944147,2-03-00161-A,"ОАО ""Татнефть"" ап 3 вып.",Татнфт 3ап,Tatneft (pref),preferred_share,,147508500,1,SUR,,EQBR
RU14TRNF1015,1185,RU0009091573,МФ 73-1-01350,"акц.пр. ОАО АК ""Транснефть""",Транснф ап,Transneft (pref),preferred_share,,1554875,1,SUR,,EQBR
RUALR,484,RU000A0JR5Z5,5-01-01481-B,РДР Юнайтед Компани РУСАЛ Плс,Русал рдр,RDR United Company RUSAL Plc,depositary_receipt,1,2000000000,,SUR,2010-12-24,TQBR
RUGR,4399,RU000A0JPNP4,1-02-50043-H,Русгрэйн Холдинг ПАО ао,Русгрэйн,Rusgrain Holding ao,common_share,3,42984000,1,SUR,2010-08-13,TQPI
RUMM,6181,RU000A104XX0,5017,БПИФ Фонд денежного рынка вал,RUMM ETF,RUMM ETF Money Market Fund USD,exchange_ppif,2,,,,2022-08-03,TQTD
RUSB,9682,LU1483649825,,ITI FUNDS RUSSIA-FOCUSED USD,RUSB ETF,ITI FUNDS RUSSIA-FOCUSED USD,etf_ppif,3,,,,2018-04-17,TQTF
RUSE,9682,LU1483649312,,ITI Funds RussiaRTS Equity ETF,RUSE ETF,ITI Funds RussiaRTS Equity ETF,etf_ppif,3,,,,2018-04-17,TQTF
RUSP,3370,RU000A0JNH21,1-01-55157-E,Русполимет ПАО ао,Русполимет,Ruspolimet ao,common_share,3,5012985740,0.03,SUR,2008-08-28,TQBR
rvst,4424,RU000A0JQTR5,1-02-22326-F,"Открытое акционерное общество ""РОСИНВЕСТ""","ОАО ""РОСИНВЕСТ""","Public Joint-Stock Company ""ROSINVEST""",common_share,,1000,100000,RUB,2010-09-28,EQNE
RZEN,1067,RU0006941622,1-05-00268-A,"ао ""Рязаньэнерго"" ОАО",РязанЭн ао,RyazanEnergo,common_share,,206940220,10,SUR,2005-12-28,EQNE
SBBE,1229,RU000A104B87,4779,БПИФ Первая Блокчейн Экономика,SBBE ETF,SBBE ETF BlockchainEconomy,exchange_ppif,3,,,,2021-12-30,TQTF
SBCS,1229,RU000A1035N9,4431,БПИФ Первая Консерватив,SBCS ETF,SBCS ETF Conservative,exchange_ppif,1,,,,2021-06-09,TQTF
SBER03,484,RU0009029540,10301481B,Сбербанк России ОАО ао,Сбербанк,Sberbank,common_share,,21586948000,3,SUR,2007-07-20,EQBR
SBERP03,484,RU0009029557,20301481B,Сбербанк России ОАО ап,Сбербанк-п,Sberbank (pref),preferred_share,,1000000000,3,SUR,2007-07-20,EQBR
SBOG,1229,RU000A104B95,4778,БПИФ Первая Глобал портфель,SBOG ETF,SBOG ETF Global portfolio,exchange_ppif,3,,,,2022-01-14,TQTF
SBSP,1229,RU000A1006W1,3692,БПИФ Первая Америк. акции,SBSP ETF,SBSP ETF USA equities,exchange_ppif,3,,,,2019-04-09,TQTF
SBWS,1229,RU000A1035S8,4429,БПИФ Первая Вечный портфель,SBWS ETF,SBWS ETF Eternal Portfolio,exchange_ppif,1,,,,2021-06-09,TQTF
SCIP,6524,RU000A101LA9,4010,БПИФ СИСТЕМА_КАП ИНФОРМАТИКА+,SCIP ETF,SCIP ETF INFORMATIKA+,exchange_ppif,1,,,,2020-04-30,TQTD
SCOH,1173,RU000A0DM8R7,1-02-00462-H,"""Седьмой Континент"" (ОАО)",7Континент,7Kontinent,common_share,,75000000,0.5,SUR,2005-03-29,EQNL
SCON,1173,RU000A0DM8R7,1-02-00462-H,"""Седьмой Континент"" (ОАО)",7Континент,7Kontinent,common_share,,75000000,0.5,SUR,2005-03-29,EQNL
SELG-002D,4579,RU000A0JRL62,1-01-32694-F-002D,"ОАО ""Селигдар""  ао - 002D",Селигдар2D,Seligdar-002D,common_share,,120000000,1,SUR,2011-11-11,EQBR
SELG-003D,4579,RU000A0JS2H9,1-01-32694-F-003D,"ОАО ""Селигдар""  ао 003D",Селигдар3D,Seligdar 003D,common_share,,116854730,1,SUR,2012-07-09,EQNE
SELGP,4579,RU000A0JS2J5,2-01-32694-F,"ПАО ""Селигдар"" ап",Селигдар-п,Seligdar ap,preferred_share,2,150000000,1,SUR,2012-05-11,TQBR
SELL,3775,RU000A0JQ4M7,1-01-22296-F,Селестра (ОАО) ао,Селестра,Selestra,common_share,,100000,1000,SUR,2009-04-03,TQBR
SEMZ,4423,RU000A0JQZ42,1-03-06503-A,"""СофринЭкспМехЗавод"" ОАО ао",СЭМЗ ао,SEMZ ao,common_share,,22568000,0.01,SUR,2010-10-22,TQBR
SFTL,11911,US83407L2079,,ГДР Noventiq Holdings ORD SHS,NVTQ-гдр,GDR Noventiq Holdings ORD SHS,depositary_receipt,,,,SUR,2021-11-01,TQBR
SGOK,912,RU0001577736,1-01-00154-A,Стойленский ГОК (ОАО) ао,СтлнГОК ао,StoilenskyGOK,common_share,,3114331,1,SUR,,EQBR
SIBG,7982,RU000A0JVA36,1-01-33722-D,Айс стим Рус ПАО ао,АйсCтим ао,PAO Ice stim Rus ao,common_share,3,900000000,0.01,SUR,2015-08-05,TQPI
SILM,3118,RU0005928307,1-03-35909-H,Силовые машины ОАО ао,СилМашины,Silovie mashiny,common_share,,8708938708,0.01,SUR,2008-08-28,EQNE
SILV,3105,RU0009018469,1-02-00282-A,Сильвинит ОАО ао,Сильвинит,Silvinit,common_share,,7825760,50,SUR,2008-08-28,EQNE
SITR,785,RU000A0JP187,1-01-50038-A,"""СИТРОНИКС"" ОАО ао",iСИТРОНИКС,SITRONICS ao,common_share,,356656166,1,SUR,2011-09-30,TQNE
SKRN,3129,RU000A0JPDY7,1-01-55295-E,СУЭК-Красноярск ОАО ао,СУЭК-Красн,SUEK-Krasnoyarsk,common_share,,8349873575,1,SUR,2009-12-18,EQNE
SKYC,4834,RU000A0JSGY4,1-02-12626-A,СкайКомпьютинг (ОАО) ао,СкайКо-ао,SkyComputing,common_share,,100000000,0.001,SUR,2012-08-28,TQBR
SLND,3703,RU000A0JPYF2,1-01-10322-F,Сибирская земля ОАО ао,СибЗмл ао,Sibirskaya zemlia ao,common_share,,13415517,1,SUR,2008-08-28,EQNE
SMOE,1097,RU0006943990,1-01-00150-A,"ОАО ""Смоленскэнерго"" -ао",Смэнерг-ао,SmolEnergo,common_share,,195241977,1,SUR,2006-05-15,EQNE
SMOEP,1097,RU0006944006,2-01-00150-A,"ОАО ""Смоленскэнерго"" -ап",Смэнерг-ап,SmolEnergo-ap,preferred_share,,41741084,1,SUR,2006-05-15,EQNE
SMSB,1098,RU000A0D9VC8,1-01-50107-A,Смоленскэнергосбыт ОАО ао,СмолЭнСб,Smolenskenergosbyt  ao,common_share,,199347642,0.04,SUR,2005-08-16,EQNE
SMSBP,1098,RU000A0D9VD6,2-01-50107-A,Смоленскэнергосбыт ОАО ап,СмолЭнСб-п,Smolenskenergosbyt  (pref),preferred_share,,43322526,0.04,SUR,2005-08-16,EQNE
SNOS,1741,RU0006941648,1-01-30120-D,Газпром нефтехим Салават  ОАО,ГПНХСал ао,Gazprom neftehim Salavat ao,common_share,,18550851,1,SUR,2010-04-06,TQNE
SNTZ,3265,RU0009152144,1-03-00148-A,"АО ""СИНТЗ"" ао",Синтз,"AO ""Sinarsky Pipe Plant"" ORD",common_share,,6295555,65,SUR,2024-09-11,EQNE
SOVT,4175,RU000A0JQDT5,1-01-13727-A,ОАО Совр. инновац. технологии,СвИнТх ао,Sovremen. innov. tehnologii,common_share,,1300110,100,SUR,2009-11-30,EQNE
SPAY,1229,RU000A10BXL5,7137,БПИФ Первая Ежемесячный доход,SPAY ETF,SPAY ETF First Monthly income,exchange_ppif,1,,,,2025-07-10,TQTF
SPBC,9782,RU000A1038R4,4449,БПИФ А-Кап Корп.облигации 1000,ETF SPBC,ETF A-Cap Corporate bonds 1000,exchange_ppif,1,,,,2021-07-07,TQTF
SPBF,9782,RU000A1038S2,4448,БПИФ А-Кап ОФЗ 1000,ETF SPBF,ETF A-Cap OFZ 1000,exchange_ppif,1,,,,2021-07-07,TQTF
SPTL,1374,RU0009046585,1-02-00119-A,"""Северо-Запад.Телеком"" ОАО ао",СЗТелек-ао,SZTelekom,common_share,,881045433,1,SUR,2003-09-30,EQBR
SPTLP,1374,RU0009107338,2-02-00119-A,"""Северо-Запад. Телеком""ОАО ап",СЗТелек-ап,SZTelekom (pref),preferred_share,,250369337,1,SUR,2003-09-30,EQBR
STKM,1025,RU0009087456,1-04-00195-A,Сибирьтелеком (ОАО) ао,СибТлк-ао,SibirTelekom,common_share,,12011401829,0.15,SUR,,EQBR
STKMP,1025,RU0009088280,2-04-00195-A,Сибирьтелеком (ОАО) ап,СибТлк-ап,SibirTelekom (pref),preferred_share,,3908420014,0.15,SUR,,EQBR
STRE,897,RU0009100952,1-02-00285-A,"""Ставропльэнерго"" ОАО ао",СтаврЭн-ао,StavroplEnergo,common_share,,859034636,2,SUR,2007-12-07,EQNE
STREP,897,RU0009100960,2-02-00285-A,"""Ставропльэнерго"" ОАО ап",СтаврЭн-ап,StavroplEnergo ap,preferred_share,,262060364,2,SUR,2007-12-07,EQNE
SU25083RMFS5,1228,RU000A0ZYCK6,25083RMFS,ОФЗ-ПД 25083 15/12/21,ОФЗ 25083,OFZ-PD 25083,ofz_bond,1,350000000,1000,SUR,2017-10-11,TQOB
SVER,1085,RU0009046619,1-01-00135-A,Свердловэнерго(ОАО)-ао,+Свердлэнр,SverdlovEnergo,common_share,,523016958,1,SUR,2003-07-16,EQNL
SVERP,1085,RU0009079925,2-01-00135-A,Свердловэнерго(ОАО)-ап,СвердлЭн-п,SverdlovEnergo (pref),preferred_share,,174246066,1,SUR,2006-02-07,EQNE
SVSB,1090,RU000A0ET7M2,1-01-55080-E,"""Свердловэнергосбыт"" ОАО ао",СвердЭС ао,Sverdlov Energo Sbyt,common_share,,523038198,0.0086,SUR,2006-12-21,TQBR
SVSBP,1090,RU000A0ET7S9,2-01-55080-E,"""Свердловэнергосбыт"" ОАО ап",СвердЭС ап,Sverdlov Energo Sbyt (pref),preferred_share,,174346066,0.0086,SUR,2006-12-21,TQBR
SVTZ,3166,RU0009099949,1-04-00142-A,"АО ""СТЗ"" ао",СТЗ,"AO ""Seversky Pipe Plant"" ORD",common_share,,48129120,15,SUR,2024-09-11,EQNE
SVZB,522,RU000A0JPZC6,10201470B,"""Связь-Банк"" АКБ ОАО ао",СвязьБанк,Svyaz-Bank,common_share,,513143036322,0.01,SUR,2008-09-19,EQNE
SXPN,4313,RU000A0JQVU5,2-01-58581-P,СХП Новопластуновское ОАО ап,Новопл ап,Novoplastunovskoe ap,preferred_share,,740,1000,SUR,2010-07-02,EQNE
SXPNP,4313,RU000A0JQVU5,2-01-58581-P,Новопластуновское ПАО ап,Новопл ап,Novoplastunovskoe (pref),preferred_share,,740,1000,SUR,2010-07-08,TQBR
SYNG,1179,RU000A0HL5M1,1-01-55052-E,Белуга Групп ПАО ао,Белуга ао,Beluga Group ao,common_share,2,24954049,100,SUR,2007-11-20,TQBR
SZPR,3111,RU0009100861,1-01-00141-A,Сев.-зап. пароходство ПАО,СЗПароход,Severo-Zapadnoe Parokhodstvo,common_share,3,17359799,12.5,SUR,2009-07-08,TQBR
SZRP,3111,RU0009100861,45-1-608,Сев.-зап. пароходство ОАО,СЗПароход,Severo-Zapadnoe Parokhodstvo,common_share,,10514630,12.5,SUR,2008-10-14,EQNE
TAEN,1099,RU0006944121,1-01-00290-A,Тамбовэнерго(ОАО)-ао,ТамбовЭн,TambovEnergo,common_share,,1525986880,1,SUR,2006-02-07,EQNE
TAENP,1099,RU0006944139,2-01-00290-A,Тамбовэнерго(ОАО)-ап,ТамбовЭн-п,TambovEnergo (pref),preferred_share,,217961420,1,SUR,2006-02-07,EQNE
TAER,2435,RU000A0JNRU0,1-02-00165-A,ТРАНСАЭРО АК (ОАО) ао,ТРАНСАЭРао,TRANSAERO ao,common_share,3,153846100,0.01,SUR,2011-03-29,TQDE
TAMZ,3167,RU0009100978,1-01-00288-A,ТАГМЕТ ОАО ао,ТАГМЕТ ао,TAGMET ao,common_share,,508706000,1,SUR,2008-08-28,EQNE
TANL,3259,RU000A0B9000,1-01-45454-E,ТАНТАЛ ПАО ао,ТАНТАЛ ао,TANTAL ao,common_share,3,14003240,0.125,SUR,2011-12-09,TQPI
TANLP,3259,RU000A0B9018,2-01-45454-E,ТАНТАЛ ПАО ап,ТАНТАЛ ап,TANTAL ap,preferred_share,3,667744,0.125,SUR,2011-12-09,TQPI
TATB,4414,RU000A0JQZM3,1-01-57261-D,ТАТБЕНТО ОАО  ао,ТАТБЕНТОао,TATBENTO ao,common_share,,615000,100,SUR,2010-09-07,EQNE
TAVR,170,RU000A0JPBC7,10102304B,"Банк ""Таврический""(ОАО) -ао",Таврическ.,"Bank ""Tavricheskyi""",common_share,,1048220000,1,SUR,2007-09-12,TQBR
TBIO,10779,RU000A102EK1,4215,БПИФ ТИНЬКОФФ БИОТЕХ,TBIO ETF,TBIO ETF TINKOFF BIO USD,exchange_ppif,1,,,,2020-12-09,TQTD
TBUY,10779,RU000A103VL1,4636,ТИНЬКОФФ ИНДЕКС BUY BACK,TBUY ETF,TBUY ETF TINKOFF BUY BACK,exchange_ppif,1,,,,2021-11-08,TQTF
TCBN,127,RU000A0JPLQ6,10102142B,"ОАО ""ТрансКредитБанк"" ао",ТрКред ао,TransKreditBank,common_share,,2620975719,1,SUR,2008-02-04,TQNE
TCBR,10779,RU000A103VN7,4629,ТИНЬКОФФ КИБЕРБЕЗОПАСНОСТЬ,TCBR ETF,TCBR ETF TINKOFF CYBERSECURITY,exchange_ppif,1,,,,2021-10-29,TQTF
TCSG,10763,RU000A107UL4,1-01-16784-A,ТКС Холдинг МКПАО ао,ТКСХолд ао,IPJSC TCS Holding,common_share,1,199305492,3.63938,SUR,2019-10-28,TQBR
TECH,10779,RU000A101X68,4099,БПИФ ТИНЬКОФФ ТЕХНОЛОГИИ,TECH ETF,TECH ETF TINKOFF USD,exchange_ppif,1,,,,2020-08-26,TQTD
TEMS,10779,RU000A103VJ5,4630,ТИНЬКОФФ РАЗВИВАЮЩИЕСЯ РЫНКИ,TEMS ETF,TEMS TINKOFF EMERGING MARKETS,exchange_ppif,1,,,,2021-10-29,TQTF
TEUS,10779,RU000A103VE6,4635,ТИНЬКОФФ ИНДЕКС ЕВРОЗОНЫ 50,TEUS ETF,TEUS ETF TINKOFF EUROSTOCKS 50,exchange_ppif,1,,,,2021-11-08,TQTF
TFKF,6468,RU000A0JUBW5,1-01-15613-A,"""ТФК-Финанс"" ао",ТФК-Финанс,"""TFK-Finance"" ao",common_share,,13500100,1000,SUR,2014-05-05,TQBR
TFKF-001D,6468,RU000A0JUBZ8,1-01-15613-A-001D,"""ТФК-Финанс""  ао 001D",ТФК-Ф ао01,"""TFK-Finance""  ao 001D",common_share,,13500000,1000,SUR,2013-12-18,TQBR
TFNX,10779,RU000A103VH9,4633,ТИНЬКОФФ ИНДЕКС ФИНТЕХ,TFNX ETF,TFNX ETF TINKOFF FINTECH,exchange_ppif,1,,,,2021-11-15,TQTF
TGK13,3231,RU000A0F6SZ9,1-02-55093-E,"ОАО ""Енисейская ТГК (ТГК-13)""",ТГК-13,TGK-13,common_share,,159149055713,0.01,SUR,2008-02-15,EQNL
TGKA-009D,1396,RU000A0JNUD0,1-01-03388-D-009D,"ао ОАО ""ТГК-1""",ТГК-1-009,TGK-1-009D,common_share,,925714285713,0.01,SUR,2007-12-13,EQNE
TGKA-010D,1396,RU000A0JNUD0,1-01-03388-D-010D,"ао ОАО ""ТГК-1"" 010D",ТГК-1-010D,TGK-1-010D,common_share,,3061357607,0.01,SUR,2008-11-06,EQNE
TGKA-011D,1396,RU000A0JNUD0,1-01-03388-D-011D,"ао ОАО ""ТГК-1"" 011D",ТГК-1-011D,TGK-1-011D,common_share,,320308759,0.01,SUR,2008-11-06,EQNE
TGKB-012D,1128,RU000A0JNGS7,1-01-10420-A-012D,"ао ОАО ""ТГК-2""",ТГК-2-012D,TGK-2-012D,common_share,,360000000000,0.01,SUR,2008-07-04,EQNE
TGKB-013D,1128,RU000A0JNGS7,1-01-10420-A-013D,"ао ОАО ""ТГК-2"" - 013D",ТГК-2-013D,TGK-2-013D,common_share,,2177635780,0.01,SUR,2008-11-06,EQNE
TGKB-014D,1128,RU000A0JNGS7,1-01-10420-A-014D,"ао ОАО ""ТГК-2"" - 014D",ТГК-2-014D,TGK-2-014D,common_share,,227862333,0.01,SUR,2008-11-06,EQNE
TGKD,742,RU000A0JNMZ0,1-01-43069-A,Квадра ПАО ао,Квадра,Kvadra,common_share,3,1912495577759,0.01,SUR,2007-03-02,TQBR
TGKDP,742,RU000A0JNNB9,2-01-43069-A,Квадра ПАО ап,Квадра-п,Kvadra (pref),preferred_share,3,75272938838,0.01,SUR,2007-03-27,TQBR
TGKE,876,RU000A0JKZF0,1-01-12190-E,ТГК-5 ОАО ао,ТГК-5,TGK-5,common_share,,1230254011959,0.01,SUR,2006-07-19,TQBR
TGKE-009D,876,RU000A0JKZF0,1-01-12190-E-009D,Территориал генер. комп ОАО ао,ТГК-5-009D,TGK-5-009D,common_share,,192312,0.01,SUR,2007-11-27,EQNL
TGKE-010D,876,RU000A0JKZF0,1-01-12190-E-010D,Территориал генер. комп ОАО ао,ТГК-5-010D,TGK-5-010D,common_share,,41039,0.01,SUR,2007-11-27,EQNL
TGKF,1006,RU000A0JNG06,1-01-55091-E,ТГК-6 ОАО ао,ТГК-6,TGK-6,common_share,,1862882135385,0.01,SUR,2006-10-23,TQBR
TGKF-013D,1006,RU000A0JNG06,1-01-55091-E-013D,Территориал генер. комп ОАО ао,ТГК-6-013D,TGK-6-013D,common_share,,570037243440,0.01,SUR,2008-05-28,EQNE
TGKH,682,RU000A0JNG48,1-01-34308-E,"ОАО ""ЮГК ТГК-8"" ао",ТГК-8,TGK-8,common_share,,2061573595017,0.01,SUR,2006-08-29,EQNL
TGKH-010D,682,RU000A0JNG48,1-01-34308-E-010D,"ОАО ""ЮГК ТГК-8"" ао-010D",ТГК-8-010D,TGK-8-010D,common_share,,685714285713,0.01,SUR,2008-02-05,EQNL
TGKH-011D,682,RU000A0JNG48,1-01-34308-E-011D,"ОАО ""ЮГК ТГК-8"" ао-011D",ТГК-8-011D,TGK-8-011D,common_share,,4252902145,0.01,SUR,2008-08-22,EQNL
TGKH-012D,682,RU000A0JNG48,1-01-34308-E-012D,"ОАО ""ЮГК ТГК-8"" ао-012D",ТГК-8-012D,TGK-8-012D,common_share,,444947704,0.01,SUR,2008-08-22,EQNL
TGKI,1053,RU000A0JNAC4,1-01-56741-D,ТГК-9 ОАО ао,ТГК-9,TGK-9,common_share,,7837294563235,0.003,SUR,2006-09-22,TQBR
TGKJ-004D,750,RU000A0F61T7,1-01-55090-E-004D,"ао ОАО ""ТГК-10""",ТГК-10-004,TGK-10-004D,common_share,,29609565,1.66,SUR,2008-02-20,EQNE
TGKJ-006D,750,RU000A0F61T7,1-01-55090-E-006D,"ао ОАО ""ТГК-10"" - 006D",ТГК-10-006,TGK-10-006D,common_share,,1439242,1.66,SUR,2008-11-06,EQNE
TGKJ-007D,750,RU000A0F61T7,1-01-55090-E-007D,"ао ОАО ""ТГК-10"" - 007D",ТГК-10-007,TGK-10-007D,common_share,,192746,1.66,SUR,2008-11-06,EQNE
TGKK,1023,RU000A0JPGX2,1-01-12087-F,"ао ОАО ""ТГК-11""",ТГК-11,TGK-11,common_share,,512827729472,0.01,SUR,2007-12-28,EQNL
TGKK-001D,1023,RU000A0JPGX2,1-01-12087-F-001D,"ао ОАО ""ТГК-11"" - 001D",ТГК-11-001,TGK-11-001D,common_share,,91994481258,0.01,SUR,2007-12-28,EQNL
TGKK-002D,1023,RU000A0JPGX2,1-01-12087-F-002D,"ао ОАО ""ТГК-11"" - 002D",ТГК-11-002,TGK-11-002D,common_share,,12720891504,0.01,SUR,2007-12-28,EQNL
TGKM,3231,RU000A0F6SZ9,1-01-55093-E,"ао ОАО ""ТГК-13""",ТГК-13,TGK-13,common_share,,5660119,226.42,SUR,2007-08-20,EQNL
TGKO,1570,RU0006944105,1-05-30032-E,Таганрогский комб.завод ОАО ао,ТКЗ ао,Taganrogskiy komb.zavod ao,common_share,3,2008931928,0.1,SUR,2011-12-08,TQDE
TGMK,1282,RU000A0F5HK6,1-01-02455-A,ТАМП ОАО ао,ТАМП ао,TAMP,common_share,,138646600,1,SUR,2006-02-11,EQNE
TGRN,10779,RU000A1039P6,4459,БПИФ ТИНЬКОФФ ИНД ЭКО ЧИСТ ТЕХ,TGRN ETF,TGRN ETF TINKOFF ECO TECH,exchange_ppif,1,,,,2021-07-12,TQTF
TGVK,4706,RU000A0JRP35,1-01-13165-A,Тулагорводоканал ОАО ао,ТулаГВК ао,Tulagorvodokanal ao,common_share,,285134,1000,SUR,2011-12-16,EQNE
TIPO,10779,RU000A102EM7,4214,БПИФ ТИНЬКОФФ ИНДЕКС АЙ ПИ О,TIPO ETF,TIPO ETF TINKOFF IPO INDEX USD,exchange_ppif,1,,,,2020-12-09,TQTD
TKSM,4458,RU000A0JR4D5,1-02-06794-A,Тучковский КСМ ОАО ао,ТКСМ ао,TKSM ao,common_share,,1993,10,SUR,2010-12-02,EQNE
TLEN,1113,RU0007661229,1-01-00615-A,"""Тулэнерго"" ОАО ао",ТулЭн-ао,TulEnergo,common_share,,1566684288,1,SUR,2006-02-06,EQNE
TLSB,1112,RU000A0ERQN9,1-01-50112-A,Тулаэнергосбыт ОАО ао,ТулаЭнСб,Tulaenergosby ao,common_share,,3055585521,0.005,SUR,2005-10-14,EQNE
TMKS,752,US87260R2013,,ТМК ПАО др,ТМК др,TMK dr,depositary_receipt,3,,,SUR,2013-10-16,TQNE
TNBP,3053,RU000A0HGPM9,1-01-55034-E,"""РН Холдинг"" ОАО ао",РН Холд ао,RN Holding ao,common_share,,14996968366,1,SUR,2010-12-06,TQNE
TNBPP,3053,RU000A0HGPN7,2-01-55034-E,"""РН Холдинг"" ОАО ап",РН Холд ап,RN Holding ap,preferred_share,,450000000,1,SUR,2010-12-06,TQNE
tosb,1111,RU000A0ETZB1,1-01-50130-A,"Акционерное общество ""Томская энергосбытовая компания""","АО ""Томскэнергосбыт""",Tomsk Power Supply Company Joint-Stock Company,common_share,,5079315580,0.0071,RUB,2005-11-08,EQNE
TOSBP,1111,RU000A0ETZH8,2-01-50130-A,Томская энергсбыт.комп.ОАО ап,ТомскЭнСбп,Tomskenergosbyt (pref),preferred_share,,576693000,0.0071,SUR,2005-11-08,EQNE
TPAS,10779,RU000A103VK3,4632,ТИНЬКОФФ ИНДЕКС ПАН АЗИИ,TPAS ETF,TPAS TINKOFF PAN ASIA,exchange_ppif,1,,,,2021-11-15,TQTF
TPLF,4515,RU000A0JRG28,1-01-41202-F,Теплофон ОАО  ао,iТеплофон,TEPLOFON ao,common_share,,30000,100,SUR,2011-09-12,EQNE
TRAI,10779,RU000A103VG1,4634,ТИНЬКОФФ ИИ И РОБОТОТЕХНИКА,TRAI ETF,TRAI ETF TINKOFF AI ROBOTICS,exchange_ppif,1,,,,2021-11-15,TQTF
TRAV,4705,RU000A0JQ8P1,1-01-09155-A,Траверс ОАО ао,Траверс ао,Travers ao,common_share,,1000,100,SUR,2011-12-09,TQBR
TRCN,3468,RU000A0JPRX9,1-01-55194-E,ТрансКонтейнер ПАО ао,ТрансК ао,TransKonteiner ao,common_share,3,13894778,1000,SUR,2010-11-12,TQBR
TRFM,6199,RU000A0JUGP8,1-01-50156-A,ПАО ТрансФин-М ао,ТрансФ ао,TransFin-M,common_share,3,156300000000,0.1,SUR,2018-08-15,TQBR
TRHN,483,RU000A0B7BT0,10400459B,"Губернский банк ""Тарханы""(ОАО)",Тарханы,Tarkhany,common_share,,393550000,1.5,SUR,,EQNE
TRHN-006D,483,RU000A0B7BT0,10400459B006D,"Губернский банк ""Тарханы""(ОАО)",Тарханы-6D,Tarkhany-006D,common_share,,77000000,1.5,SUR,2008-03-28,EQNE
TRMK-002D,752,RU000A0JQVM2,1-01-29031-H-002D,ОАО ТМК 002D ао,ТМК-002Dао,TMK-002D ao,common_share,,64585094,10,SUR,2010-09-09,EQNE
TRUDP,4765,RU000A0JS348,2-01-42056-E,Труд ПАО ап,Труд ап,Trud PAO ap,preferred_share,,490000,1,SUR,2012-02-10,TQBR
TSKA,4464,RU000A0JR100,1-01-57270-D,ТСК-1 ОАО ао,ТСК-1 ао,TSK-1 ao,common_share,,750000,1000,SUR,2010-12-24,EQNE
TSOX,10779,RU000A103VF3,4628,ТИНЬКОФФ ПОЛУПРОВОДНИКИ,TSOX ETF,TSOX TINKOFF SEMICONDUCTORS,exchange_ppif,1,,,,2021-11-08,TQTF
TSPV,10779,RU000A102YC6,4350,БПИФ ТИНЬКОФФ ИНДЕКС СПАК,TSPV ETF,TSPV ETF TINKOFF SPAC INDX USD,exchange_ppif,1,,,,2021-04-21,TQTF
TSPX,10779,RU000A102EQ8,4216,БПИФ Тинькофф США 500,TSPX ETF,TSPX ETF TINKOFF USA 500,exchange_ppif,1,,,,2020-12-09,TQTD
TSST,10779,RU000A103VM9,4631,ТИНЬКОФФ ЛИДЕРЫ ESG,TSST ETF,TSST ETF TINKOFF ESG LEADERS,exchange_ppif,1,,,,2021-10-29,TQTF
TUCH,4458,RU000A0JR4D5,1-03-06794-A,Тучковский КСМ ао,ТКСМ ао,Tuchkovsk. CSM,common_share,3,39860000,0.0025,SUR,2010-12-30,TQPI
TUCH-001D,4458,RU000A0JRTY9,1-03-06794-A-001D,Тучковский КСМ ао 001D,ТКСМ ао 1D,Tuchkovsk. CSM 001D,common_share,,31888000,0.0025,SUR,2011-11-22,EQNE
tuma,3440,RU0007661179,1-01-00903-A,"Акционерное общество ""Акционерная Компания ""Туламашзавод""","АО ""АК ""Туламашзавод""","JSC ""Tulamashzavod""",common_share,,2487348400,1,RUB,2011-06-14,EQNE
tumap,3440,RU0007976478,2-02-00903-A,"Акционерное общество ""Акционерная Компания ""Туламашзавод""","АО ""АК ""Туламашзавод""","JSC ""Tulamashzavod""",preferred_share,,790779000,1,RUB,2011-06-14,EQNE
TVREP,1102,RU0009090443,2-01-00162-A,ап Тверьэнерго,ТверьЭн ап,TverEnergo ap,preferred_share,,115378000,1,SUR,,EQNE
TVSB,1104,RU000A0D8TJ9,1-01-65091-D,Тверьэнергосбыт ОАО ао,ТверЭнСб,Tver'EnergoSbyt,common_share,,346136000,0.05,SUR,2005-08-09,EQNE
TVSBP,1104,RU000A0D8TK7,2-01-65091-D,Тверьэнергосбыт ОАО ап,ТверЭнСб-п,Tver'EnergoSbyt (pref),preferred_share,,115378000,0.05,SUR,2005-08-09,EQNE
TZUM,1194,RU0008913819,1-02-00181-A,ЦУМ-2,ЦУМ-2,TzUM,common_share,,268972500,1,SUR,2004-04-28,TQNE
UAZA,1116,RU0007661393,1-01-00174-A,"ао ""УАЗ"" (ОАО)",УАЗ ао,UAZ,common_share,,3725819763,1,SUR,2005-12-29,TQBR
UCSS,6002,RU000A0JTQK0,1-01-15296-A,ПАО ОКС ао,ОКС ао,PAO OKS ao,common_share,3,23718856,1000,SUR,2013-05-14,TQBR
UCSS-001D,6002,RU000A0JTQL8,1-01-15296-A-001D,ОАО ОКС ао 001D,ОКС ао 01D,OAO OKS ao 001D,common_share,,20200000,1000,SUR,2013-03-21,TQNE
UCSS-002D,6002,RU000A0JUMY8,1-01-15296-A-002D,ОАО ОКС 002D ао,ОКС-002Dао,OAO OKS ao 002D,common_share,,8239701,1000,SUR,2014-06-16,TQBR
UCSS-003D,6002,RU000A0JVHE8,1-01-15296-A-003D,ПАО ОКС ао 003D,ОКС-003Dао,PAO OKS ao 003D,common_share,,3817000,1000,SUR,2015-08-24,TQBR
UDME,869,RU0009101042,1-01-00173-A,Удмуртэнерго (ОАО) ао,Удмурэн-ао,UdmurtEnrg,common_share,,167566476,1,SUR,2004-02-03,EQNE
UDMEP,869,RU0009101059,2-01-00173-A,Удмуртэнерго (ОАО)-ап,Удмурэн-ап,UdmurtEnrg (pref),preferred_share,,21854448,1,SUR,2004-02-03,EQNE
UDSB,873,RU000A0D8LA5,1-01-65085-D,"""Удмурт.энергосбыт.комп"" ОАО",УдмуртЭС,Udmurt Energo Sbyt,common_share,,167566476,0.31,SUR,2005-10-07,TQBR
UDSBP,873,RU000A0D8LB3,2-01-65085-D,"""Удмурт.энергосбыт.комп""ОАО-п",УдмуртЭС-п,Udmurt Energo Sbyt (pref),preferred_share,,21854448,0.31,SUR,2005-10-07,TQBR
UFMO,824,RU0009095244,1-01-30132-D,УМПО ао,УМПО ао,UMPO ao,common_share,,553906168,1,SUR,2011-12-13,TQBR
UFNC,2995,RU0007665048,1-01-30684-D,Уфанефтехим ОАО ао,Уфанефхм,Ufaneftekhim OAO ao,common_share,,275330608,1,SUR,2011-12-14,EQNE
UFNCP,2995,RU0007661377,2-01-30684-D,Уфанефтехим ОАО ап,Уфанефхм-п,Ufaneftehim ap,preferred_share,,64215192,1,SUR,2011-12-14,EQNE
UFOS,2996,RU0009102388,1-01-30365-D,Уфаоргсинтез ОАО ао,Уфаоргсз,Ufaorgsintez ao,common_share,,97768681,1,SUR,2011-12-14,EQNE
URFD,4358,RU000A0JQDF4,1-01-04326-D,УК Объед.резерв.фондов ПАО ао,УКОРФ ао,UKORF ao,common_share,3,70000000,1,SUR,2011-02-10,TQBR
URKA,1050,RU0007661302,1-01-00296-A,Уралкалий ПАО ао,Уркалий-ао,Uralkaliy,common_share,3,1268585999,0.5,SUR,2007-11-07,TQBR
URKA-004D,1050,RU000A0JRGX8,1-01-00296-A-004D,Уралкалий (ОАО) ао 004D,Уркалий 4D,Uralkaliy 004D,common_share,,835247687,0.5,SUR,2011-06-29,EQNE
URKA-005D,1050,RU000A0JRGY6,1-01-00296-A-005D,Уралкалий (ОАО) ао 005D,Уркалий 5D,Uralkaliy 005D,common_share,,135000218,0.5,SUR,2011-06-29,EQNE
URSAP,236,RU000A0JNHW7,20300323B,МДМ Банк ОАО ап,МДМ Банк-п,MDM Bank (pref),preferred_share,,284163460,1,SUR,2008-03-18,EQNE
URSI,1048,RU0009048805,1-07-00175-A,"""Уралсвязьинформ"" (ОАО)-ао",УралСвИ-ао,UralSvyazInform,common_share,,32298782020,0.12,SUR,2003-10-02,EQBR
URSIP,1048,RU0008013438,2-01-00175-A,Уралсвязьинформ (ОАО)-ап,УралСвИ-ап,UralSvazInform(pref),preferred_share,,7835941286,0.12,SUR,2003-10-20,EQBR
USYN,4491,RU000A0JR6B4,1-01-05163-D,УК Синергия ОАО ао,УКСинергия,UK Sinergia OAO,common_share,,7000000,10,SUR,2011-03-04,EQNE
UTEL,880,RU0009043426,1-03-00062-A,ЮТК (ОАО) ао,ЮТК-ао,YUTK,common_share,,2960512964,0.33,SUR,2003-09-29,EQBR
UTELP,880,RU0009091920,2-03-00062-A,ЮТК (ОАО) ап,ЮТК-ап,YUTK (pref),preferred_share,,972151838,0.33,SUR,2003-09-29,EQBR
UTII,4531,RU000A0JRHV0,1-01-14589-A,Платформа ЮТИНЕТ.РУ ПАО - ао,Ютинет.Ру,Platforma UTINET.RU PAO ao,common_share,,22000000,0.1,SUR,2011-06-23,TQDE
UTSY,8053,RU000A0JULB8,1-01-05281-D,"""Единые Техно Системы"" ПАО ао",ЕТС ао,"""Edinie Tehno Sistemi"" PAO ao",common_share,3,430000000,1,SUR,2015-05-22,TQDE
UUAZ,3076,RU0009257083,1-01-20284-F,У-УАЗ  ОАО ао,У-УАЗ ао,U-UAZ ao,common_share,,267265350,1,SUR,2008-08-28,EQNE
UWGN-001D,8000,RU000A0JVBU7,1-01-82031-H-001D,ПАО НПК ОВК 001D ао,ОВК-001D,OVK-001D ao,common_share,,99990000,1,SUR,2015-04-29,TQBR
VDSB,918,RU000A0DQWJ9,1-01-50087-A,"""Владимирэнергосбыт"" ПАО",ВЭК 01 ао,VEK ao,common_share,3,29165220,2.55,SUR,2005-08-31,TQBR
VFRM,1302,RU000A0JL475,1-02-00575-H,ВЕРОФАРМ ОАО ао,ВЕРОФАРМ,VEROFARM,common_share,,10000000,1,SUR,2006-12-25,EQNE
VLEN,920,RU0009109490,1-02-10149-E,"ао""Владимирэнерго""ОАО",Владимэнрг,Vladimir Energo,common_share,,29165220,72,SUR,2006-03-31,EQNE
VOLE,925,RU0007964896,1-05-00212-D,"ао""Вологдаэнерго""ОАО",ВологдаЭн,VologdaEnergo,common_share,,20334996,90,SUR,2006-03-09,EQNE
VOLG,921,RU0009046791,1-01-00021-A,Волгоградэнерго ОАО,ВолгЭнрг,VolgogradEnergo,common_share,,318806905,1,SUR,2007-11-20,EQNE
VOLGP,921,RU0009109532,2-01-00021-A,Волгоградэнерго ОАО прив.,ВолгЭнрг-п,VolgogradEnergo (pref),preferred_share,,79044069,1,SUR,2007-11-20,EQNE
vosb,926,RU000A0HGSQ4,1-01-55109-E,"Публичное акционерное общество ""Вологодская сбытовая компания""","ПАО ""Вологдаэнергосбыт""","Public joint-stock company ""Vologda Energy Retail Company""",common_share,,20334996,2,RUB,2006-09-15,EQNE
VOTG,2917,RU0007964953,1-01-00225-A,"""Воткинская ГЭС"" ОАО ао",ВоткГЭС ао,VotkinGES,common_share,,361914432,1,SUR,2003-10-16,EQNE
VOTGP,2917,RU0007964946,2-01-00225-A,"""Воткинская ГЭС"" ОАО ап",ВоткГЭС ап,VotkinGES(pref),preferred_share,,86766768,1,SUR,2003-10-16,EQNE
VRAO,3716,RU000A0JPVL6,1-01-55384-E,"""РАО ЭС Востока"" ПАО ао",ВостРАО ао,RAO ES Vostoka ao,common_share,3,43358822914,0.5,SUR,2008-12-02,TQBR
VRAOP,3716,RU000A0JQNL1,2-02-55384-E,"""РАО ЭС Востока"" ПАО ап",ВостРАО ап,RAO ES Vostoka ap,preferred_share,3,2075149384,0.5,SUR,2010-02-09,TQBR
VRPH,1302,RU000A0JL475,1-02-00575-H,ВЕРОФАРМ ПАО ао,ВЕРОФАРМ,VEROFARM,common_share,,10000000,1,SUR,2006-12-25,TQBR
VSMZ,3031,RU0009090583,1-02-10041-E,Выксунский мет. завод ОАО ао,ВМЗ ао,Vyksynskii matall. zavod,common_share,,1717433,200,SUR,2008-08-28,EQNE
VTBA,6281,RU000A100E21,3735,БПИФ РСХБ Акции компаний США,VTBA ETF,VTBA ETF US Equity,exchange_ppif,1,,,,2019-06-20,TQTF
VTBB,4456,RU000A1002S8,3647,БПИФ ВИМКорпоративныеоблигации,WIMB ETF,WIMB ETF Corp Bonds Smart beta,exchange_ppif,1,,,,2019-02-21,TQTF
VTBE,6281,RU000A100HQ5,3755,БПИФ РСХБ Акции разв-ся рынков,VTBE ETF,VTBE ETF EM Equity,exchange_ppif,1,,,,2019-07-29,TQTF
VTBF,4456,RU000A103LL2,4568,БПИФ ВИМ Устойч разв рос эмит,WIMF ETF,WIMF ETF Russian Equity ESG,exchange_ppif,1,,,,2021-09-27,TQTF
VTBG,4456,RU000A101NZ2,4038,БПИФ ВИМ – Фонд Золото,WIMG ETF,WIMG ETF Gold Fund,exchange_ppif,1,,,,2020-06-08,TQTF
VTBH,6281,RU000A100HP7,3754,БПИФ РСХБ Корп облигации США,VTBH ETF,VTBH ETF US Corp Bonds,exchange_ppif,1,,,,2019-07-29,TQTF
VTBI,6281,RU000A103BH1,4460,БПИФ РСХБ амер корп долг инвес,VTBI ETF,VTBI ETF US Invest Grade Bonds,exchange_ppif,1,,,,2021-07-22,TQTF
VTBL,6281,RU000A103WS4,4660,БПИФ РСХБ Фонд Акций Европ ком,VTBL ETF,VTBL ETF European Equities,exchange_ppif,1,,,,2022-01-20,TQTE
VTBM,4456,RU000A1014L8,3915,БПИФ ВИМ Ликвидность,WIMM ETF,WIMM ETF Money Market Fund,exchange_ppif,1,,,,2020-01-20,TQTF
VTBR-002D,269,RU000A0JP5V6,10401000B002D,ао ОАО Банк ВТБ,ВТБ-002Dао,VTB-002D,common_share,,3736402828319,0.01,SUR,2009-10-01,EQNE
VTBS,262,RU0008898648,10500439B,Банк ВТБ Северо-Запад ОАО-ао,ВТБ СевЗап,VTB Severo-Zapad,common_share,,1554232128,1,SUR,2007-11-08,EQNE
VTBU,6281,RU000A101368,3906,БПИФ РСХБ Корп рос еврооблигац,VTBU ETF,VTBU ETF Russian Eurobonds,exchange_ppif,1,,,,2019-12-12,TQTD
VTBX,4456,RU000A101EJ5,3965,БПИФ ВИМ-Индекс Мосбиржи,WIMX ETF,WIMX ETF MOEX Fund,exchange_ppif,1,,,,2020-03-02,TQTF
VTBY,6281,RU000A1024J1,4158,БПИФ РСХБ Еврооблигации в евро,VTBY ETF,VTBY ETF Evrobonds Euro,exchange_ppif,1,,,,2020-10-08,TQTE
VTEL,1012,RU0009058234,1-01-00137-A,ВолгаТелеком (ОАО) -ао,ВолгаТлк,VolgaTelekom,common_share,,245969590,5,SUR,2003-12-01,EQBR
VTELP,1012,RU0009058242,2-01-00137-A,ВолгаТелеком (ОАО)-ап,ВолгаТлк-п,VolgaTelekom (pref),preferred_share,,81983404,5,SUR,2003-12-01,EQBR
VTGK-008D,2882,RU000A0HML36,1-01-55113-E-008D,"""Волжская ТГК""(ОАО) ао.",ВТГК-008D,VTGK-008D,common_share,,3859000000,1,SUR,2008-05-07,EQNL
VTGK-009D,2882,RU000A0HML36,1-01-55113-E-009D,"""Волжская ТГК""(ОАО) ао. -009 D",ВТГК-009D,VTGK-009D,common_share,,33267092,1,SUR,2008-10-10,EQBS
VTGK-010D,2882,RU000A0HML36,1-01-55113-E-010D,"""Волжская ТГК""(ОАО) ао. -010 D",ВТГК-010D,VTGK-010D,common_share,,3516437,1,SUR,2008-10-10,EQBS
VTLD,4503,RU000A0JRCY5,1-01-05199-D,Витал Девел.Корпорэйшн ОАО ао,iВитал,Vital ao,common_share,,50000000,0.1,SUR,2011-12-20,TQNE
VTPR,1476,RU0007984894,1-01-45783-E,"""Волтайр-Пром"" ОАО ао",Волтайр-Пр,"OAO ""Voltair-Prom"" ao",common_share,,59109180,10,SUR,2013-06-26,TQNE
VTRS,4821,RU000A0JS9K8,1-01-05287-D,ВТОРРЕСУРСЫ ПАО ао,ВТОРРЕСао,VTORRESURSY ao,common_share,3,78000000,10,SUR,2012-07-19,TQDE
VZEN,930,RU0009100275,1-01-00224-A,Воронежэнерго(ОАО)-ао,ВоронЭнр,VoronezhEnergo,common_share,,56151024,10,SUR,2006-02-07,EQNE
VZENP,930,RU0009100283,2-01-00224-A,Воронежэнерго(ОАО)-ап,ВоронЭнр-п,VoronezhEnergo (pref),preferred_share,,18716678,10,SUR,2006-02-07,EQNE
VZLT,1336,RU000A0DM7E7,1-01-02627-A,"ао АО ""Взлет"" 1в.",Взлет-1ао,Vzlet-1,common_share,,456815,0.2,SUR,,EQNE
VZLTP,1336,RU000A0DM7F4,2-01-02627-A,"ап АО ""Взлет"" 1в.",Взлет-1ап,Vzlet-1(pref),preferred_share,,152265,0.2,SUR,,EQNE
VZRZ,352,RU0009084214,10101439B,"Банк ""Возрождение""-ао",Возрожд-ао,Vozrojdenie,common_share,3,23748694,10,SUR,2005-01-11,TQBR
VZRZP,352,RU0009100127,20201439B,"Банк ""Возрождение"" - ап",Возрожд-п,Vozrojdenie (pref),preferred_share,3,1294505,10,SUR,2005-01-11,TQBR
WBDF,1211,RU0005344356,1-01-06005-A,ВБД ПП (ОАО) ао,ВБД ПП ао,WBDF,common_share,,45207349,20,SUR,2004-02-26,TQNE
YARE,1124,RU0007796892,1-02-00202-A,Ярэнерго(ОАО)-ао,Ярэнерг ао,YarEnergo,common_share,,17143584,50,SUR,2006-01-23,EQNE
YAREP,1124,RU0007796884,2-02-00202-A,Ярэнерго(ОАО)-ап,Ярэнерг ап,YarEnergo pref.,preferred_share,,4507320,50,SUR,2006-01-23,EQNE
YASH,2797,RU0009087209,1-01-00200-A,Яросл. шинный завод ПАО ао,ЯрШинЗ ао,Yaroslavskiy Shinniy Zavod ao,common_share,,61797141,100,SUR,2011-03-10,TQBR
YKST,3736,RU000A0JQ3S6,1-01-56968-D,"УК ""Стратегия"" ОАО ао",Стратег ао,Strategia,common_share,,552000,1000,SUR,2009-02-09,EQNE
YNDX,6822,NL0009805522,,PLLC Yandex N.V. class A shs,Yandex clA,PLLC Yandex N.V.,common_share,1,326342270,0.01,EUR,2014-06-04,TQBR
YRSL,1126,RU000A0CBF24,10101093B,"ПАО Банк ""ВВБ"" ао",БанкВВБ ао,Bank VVB ao,common_share,,6296950,100,SUR,2004-05-21,TQBR
ZAGR,3336,RU000A0ET768,1-01-55081-E,Загорская ГАЭС(ОАО) ао,ЗагорГАЭС,Zagorsk GAES,common_share,,28249359700,0.1,SUR,2005-12-26,EQNE
ZAPD-004D,4016,RU000A0JU2C6,10102598B004D,"""Западный"" Банк ао 004D",Запад ао04,"""Zapadny"" Bank ao 004D",common_share,,2500000000,1,SUR,2013-08-09,TQBR
ZHIV,6099,RU000A0JTVB9,1-01-05382-D,Живой офис ОАО ао,Живой Оф,Jivoy office ao,common_share,,12000000,1,SUR,2013-10-17,TQBR
ZHIV-001D,6099,RU000A0JTVC7,1-01-05382-D-001D,Живой офис ОАО ао 001D,iЖивойОф1D,Jivoy office 001D ao,common_share,,4000000,1,SUR,2013-07-03,TQLV
ziop,3685,RU000A0JQ6B5,1-01-04090-A,"Акционерное общество ""Машиностроительный завод ""ЗиО-Подольск""","АО ""ЗиО-Подольск""","Joint-Stock Company ""Machine-building plant ""ZiO-Podol'sk""",common_share,,997286169,1,RUB,2011-12-09,EQNE
ZIRE,4518,RU000A0JRFT8,1-01-57303-D,"""ЗИРЕРА"" ОАО - ао",ЗИРЕРА ао,ZIRERA OAO ao,common_share,,2000000,50,SUR,2011-05-20,TQNE
ZMZN,1004,RU0009101539,1-01-00230-A,Заволжский мотор.з-д ПАО ао,ЗМЗ-ао,ZMZ,common_share,3,112734490,1,SUR,2005-01-11,TQBR
ZMZNP,1004,RU0006752854,2-01-00230-A,Заволжский мотор.завод ПАО ап,ЗМЗ-ап,ZMZ (pref),preferred_share,3,37578123,1,SUR,2005-01-11,TQBR
ZOYA,1489,RU0007664942,1-02-20624-F,Золото Якутии ОАО ао,ЗолЯкутии,Zoloto Yakutii ao,common_share,,1849553,50,SUR,2010-05-27,TQNE
