<TICKER>;<PER>;<DATE>;<TIME>;<OPEN>;<HIGH>;<LOW>;<CLOSE>;<VOL>;<OPENINT>
PHOR;D;20110718;000000;13469;13469;11350;13400;104;0
PHOR;D;20110719;000000;12201;12202;12102;12202;12;0
PHOR;D;20110720;000000;12100;12500;11975;11975;72;0
PHOR;D;20110721;000000;11975;12700;11975;12050;426;0
PHOR;D;20110722;000000;12499;12499;12010;12400;338;0
PHOR;D;20110725;000000;12750;12750;12500;12500;49;0
PHOR;D;20110726;000000;12600;12600;12201;12201;14;0
PHOR;D;20110727;000000;12250;12250;11950;11950;340;0
PHOR;D;20110728;000000;12000;12000;11950;12000;39;0
PHOR;D;20110729;000000;12000;12000;11921;11921;8;0
PHOR;D;20110801;000000;12000;12000;11752;11800;131;0
PHOR;D;20110802;000000;11949;11950;11949;11950;25;0
PHOR;D;20110803;000000;11700;11700;11580;11580;41;0
PHOR;D;20110804;000000;11600;11600;11600;11600;3;0
PHOR;D;20110805;000000;11302;11600;11201;11400;71;0
PHOR;D;20110808;000000;11400;11400;11075;11075;4;0
PHOR;D;20110809;000000;10879;10888;10000;10555;46;0
PHOR;D;20110810;000000;10755;10755;10350;10350;41;0
PHOR;D;20110811;000000;10600;10600;9500;10500;261;0
PHOR;D;20110812;000000;10300;10557;10300;10557;99;0
PHOR;D;20110815;000000;10300;10600;10300;10400;60;0
PHOR;D;20110816;000000;10225;10300;10200;10200;13;0
PHOR;D;20110817;000000;10150;10300;10150;10300;334;0
PHOR;D;20110818;000000;10300;10450;10200;10200;45;0
PHOR;D;20110819;000000;10500;10500;10400;10400;22;0
PHOR;D;20110822;000000;10399;10699;9900;9950;43;0
PHOR;D;20110823;000000;10689;10690;10058;10071;66;0
PHOR;D;20110824;000000;10001;10392;9995;10197;47;0
PHOR;D;20110825;000000;9901;10200;9901;10001;435;0
PHOR;D;20110826;000000;9801;11000;9750;10496;1018;0
PHOR;D;20110829;000000;10500;11490;10100;10937;2061;0
PHOR;D;20110830;000000;10998;11187;10321;10547;581;0
PHOR;D;20110831;000000;10697;11200;10549;11000;212;0
PHOR;D;20110901;000000;11148;11150;10803;10950;93;0
PHOR;D;20110902;000000;11480;11500;10954;10954;60;0
PHOR;D;20110905;000000;10555;11480;10555;11111;170;0
PHOR;D;20110906;000000;11475;11475;11100;11200;183;0
PHOR;D;20110907;000000;11312;12350;11309;12350;225;0
PHOR;D;20110908;000000;12298;12300;11810;12300;62;0
PHOR;D;20110909;000000;11774;12300;11701;12000;331;0
PHOR;D;20110912;000000;11509;11651;11500;11500;42;0
PHOR;D;20110913;000000;11511;11901;11501;11600;30;0
PHOR;D;20110914;000000;11700;11800;11699;11800;29;0
PHOR;D;20110915;000000;11750;12000;11750;12000;346;0
PHOR;D;20110916;000000;12199;12300;11845;12300;692;0
PHOR;D;20110919;000000;12200;12250;12001;12006;68;0
PHOR;D;20110920;000000;12003;12350;12003;12350;366;0
PHOR;D;20110921;000000;12350;12500;12200;12450;266;0
PHOR;D;20110922;000000;11700;12195;10350;11325;359;0
PHOR;D;20110923;000000;11887;11887;10510;10899;240;0
PHOR;D;20110926;000000;10886;11550;10400;11500;188;0
PHOR;D;20110927;000000;11890;12246;11500;11500;76;0
PHOR;D;20110928;000000;11240;11535;11145;11145;137;0
PHOR;D;20110929;000000;10806;11895;10806;11895;123;0
PHOR;D;20110930;000000;11894;11895;10876;11683;69;0
PHOR;D;20111003;000000;10601;11499;10600;11300;83;0
PHOR;D;20111004;000000;11075;11075;10250;10250;57;0
PHOR;D;20111005;000000;11249;12246;9791;10000;168;0
PHOR;D;20111006;000000;11000;12500;10350;10699;254;0
PHOR;D;20111007;000000;10700;11071;10400;11000;253;0
PHOR;D;20111010;000000;11100;11225;10402;11124;241;0
PHOR;D;20111011;000000;10851;11002;10700;10700;76;0
PHOR;D;20111012;000000;11000;11100;10402;11000;788;0
PHOR;D;20111013;000000;10827;11100;10730;11000;192;0
PHOR;D;20111014;000000;10999;11021;10791;11021;126;0
PHOR;D;20111017;000000;10951;11024;10824;10824;122;0
PHOR;D;20111018;000000;10989;11383;10550;11383;134;0
PHOR;D;20111019;000000;11401;11401;10961;11000;457;0
PHOR;D;20111020;000000;11000;11001;10950;10950;403;0
PHOR;D;20111021;000000;11000;11200;10990;11075;1387;0
PHOR;D;20111024;000000;11347;11379;10931;11094;409;0
PHOR;D;20111025;000000;11295;11295;10990;11000;1029;0
PHOR;D;20111026;000000;10700;11199;10700;11140;511;0
PHOR;D;20111027;000000;10900;11300;10815;11189;1926;0
PHOR;D;20111028;000000;10952;11299;10952;11299;314;0
PHOR;D;20111031;000000;11101;11344;11000;11256;127;0
PHOR;D;20111101;000000;11387;11494;11182;11252;257;0
PHOR;D;20111102;000000;11250;11477;11250;11300;36;0
PHOR;D;20111103;000000;11049;11496;11048;11114;161;0
PHOR;D;20111107;000000;11148;11252;11125;11150;9;0
PHOR;D;20111108;000000;11151;11200;11028;11029;91;0
PHOR;D;20111109;000000;11101;11150;10816;10816;252;0
PHOR;D;20111110;000000;10954;11100;10800;11000;221;0
PHOR;D;20111111;000000;11000;11061;10830;10900;251;0
PHOR;D;20111114;000000;11197;11199;10730;10898;104;0
PHOR;D;20111115;000000;10980;11099;10928;10928;70;0
PHOR;D;20111116;000000;10990;11000;10720;10888;263;0
PHOR;D;20111117;000000;10017;10900;10017;10773;119;0
PHOR;D;20111118;000000;10501;10688;10400;10595;89;0
PHOR;D;20111121;000000;10501;10501;10200;10300;209;0
PHOR;D;20111122;000000;10251;10716;10101;10377;298;0
PHOR;D;20111123;000000;10188;10236;10100;10100;43;0
PHOR;D;20111124;000000;10194;10195;10000;10000;141;0
PHOR;D;20111125;000000;9999;10000;9448;9724;274;0
PHOR;D;20111128;000000;9800;9915;9600;9850;302;0
PHOR;D;20111129;000000;9914;9915;9589;9784;154;0
PHOR;D;20111130;000000;9709;9890;9671;9750;668;0
PHOR;D;20111201;000000;9849;10000;9635;9635;177;0
PHOR;D;20111202;000000;9767;9767;9200;9450;467;0
PHOR;D;20111205;000000;9302;9667;9301;9500;149;0
PHOR;D;20111206;000000;9352;9400;9139;9201;95;0
PHOR;D;20111207;000000;9070;9200;8900;9000;519;0
PHOR;D;20111208;000000;9109;9563;9050;9198;334;0
PHOR;D;20111209;000000;9000;9532;8999;9500;800;0
PHOR;D;20111212;000000;9136;9200;8997;8997;249;0
PHOR;D;20111213;000000;8815;9049;8700;9000;91;0
PHOR;D;20111214;000000;8861;8861;8415;8570;402;0
PHOR;D;20111215;000000;8601;8929;8222;8400;886;0
PHOR;D;20111216;000000;8400;8498;8201;8390;224;0
PHOR;D;20111219;000000;8250;8260;8125;8201;44;0
PHOR;D;20111220;000000;8121;8299;8120;8200;63;0
PHOR;D;20111221;000000;8449;8538;8250;8250;40;0
PHOR;D;20111222;000000;8449;8449;8150;8150;69;0
PHOR;D;20111223;000000;8149;8161;7999;8000;147;0
PHOR;D;20111226;000000;8199;8299;8001;8100;70;0
PHOR;D;20111227;000000;8080;8100;8050;8050;41;0
PHOR;D;20111228;000000;8002;8002;7797;7803;104;0
PHOR;D;20111229;000000;7851;7894;7700;7894;53;0
PHOR;D;20111230;000000;7758;8197;7750;8197;84;0
PHOR;D;20120103;000000;8300;8500;8150;8500;75;0
PHOR;D;20120104;000000;8350;8350;8203;8203;38;0
PHOR;D;20120105;000000;8300;8300;8100;8100;55;0
PHOR;D;20120106;000000;8100;8400;8100;8400;43;0
PHOR;D;20120109;000000;8500;8500;8102;8102;18;0
PHOR;D;20120110;000000;8123;8450;8123;8385;117;0
PHOR;D;20120111;000000;8400;8410;8290;8290;58;0
PHOR;D;20120112;000000;8101;8398;8101;8200;70;0
PHOR;D;20120113;000000;8120;8201;8120;8120;90;0
PHOR;D;20120116;000000;8200;8398;8170;8251;56;0
PHOR;D;20120117;000000;8459;8459;8220;8300;137;0
PHOR;D;20120118;000000;8180;8200;8155;8165;24;0
PHOR;D;20120119;000000;8185;8225;8122;8200;35;0
PHOR;D;20120120;000000;8350;8570;8350;8500;175;0
PHOR;D;20120123;000000;8499;8600;8310;8350;670;0
PHOR;D;20120124;000000;8420;8450;8320;8390;686;0
PHOR;D;20120125;000000;8598;8698;8450;8698;360;0
PHOR;D;20120126;000000;8698;8900;8551;8702;401;0
PHOR;D;20120127;000000;8839;8839;8500;8650;331;0
PHOR;D;20120130;000000;8515;8642;8420;8420;52;0
PHOR;D;20120131;000000;8402;8692;8352;8601;107;0
PHOR;D;20120201;000000;8600;8880;8600;8680;196;0
PHOR;D;20120202;000000;8745;8999;8730;8800;229;0
PHOR;D;20120203;000000;8650;8988;8650;8800;204;0
PHOR;D;20120206;000000;8800;9137;8721;8926;490;0
PHOR;D;20120207;000000;8926;9748;8926;9200;499;0
PHOR;D;20120208;000000;9208;9398;9208;9300;531;0
PHOR;D;20120209;000000;9251;9525;9250;9350;271;0
PHOR;D;20120210;000000;9250;9251;9111;9200;407;0
PHOR;D;20120213;000000;9200;9700;9150;9657;249;0
PHOR;D;20120214;000000;9650;10099;9650;9871;638;0
PHOR;D;20120215;000000;10000;10250;9952;10013;336;0
PHOR;D;20120216;000000;0;0;0;0;0;0
PHOR;D;20120217;000000;0;0;0;0;0;0
PHOR;D;20120220;000000;0;0;0;0;0;0
PHOR;D;20120221;000000;0;0;0;0;0;0
PHOR;D;20120222;000000;0;0;0;0;0;0
PHOR;D;20120224;000000;0;0;0;0;0;0
PHOR;D;20120227;000000;0;0;0;0;0;0
PHOR;D;20120228;000000;0;0;0;0;0;0
PHOR;D;20120229;000000;0;0;0;0;0;0
PHOR;D;20120301;000000;0;0;0;0;0;0
PHOR;D;20120302;000000;0;0;0;0;0;0
PHOR;D;20120305;000000;0;0;0;0;0;0
PHOR;D;20120306;000000;0;0;0;0;0;0
PHOR;D;20120307;000000;0;0;0;0;0;0
PHOR;D;20120311;000000;0;0;0;0;0;0
PHOR;D;20120312;000000;0;0;0;0;0;0
PHOR;D;20120313;000000;0;0;0;0;0;0
PHOR;D;20120314;000000;0;0;0;0;0;0
PHOR;D;20120326;000000;992;992;900;922;13597;0
PHOR;D;20120327;000000;925;970;905.9;954;3302;0
PHOR;D;20120328;000000;968.9;1190;925.1;946.1;11787;0
PHOR;D;20120329;000000;948.9;954;924;946.9;1652;0
PHOR;D;20120330;000000;947;959.8;930.1;959.8;1974;0
PHOR;D;20120402;000000;965;1080;965;975;3871;0
PHOR;D;20120403;000000;975;1010;970;989.7;2550;0
PHOR;D;20120404;000000;961.3;980;940;958;4622;0
PHOR;D;20120405;000000;958;961.7;933;939.7;3087;0
PHOR;D;20120406;000000;945;947.8;840;924.5;4032;0
PHOR;D;20120409;000000;905;927.4;890.2;926.7;964;0
PHOR;D;20120410;000000;901;948;901;939.9;4585;0
PHOR;D;20120411;000000;939.8;944.2;905;927.8;1391;0
PHOR;D;20120412;000000;940;944.9;908;935;3279;0
PHOR;D;20120413;000000;932.5;988.9;932.5;964.9;10730;0
PHOR;D;20120416;000000;980;997.8;954.5;975;7446;0
PHOR;D;20120417;000000;976;979.7;957.2;961;4378;0
PHOR;D;20120418;000000;963;985.7;958.1;964.9;10168;0
PHOR;D;20120419;000000;935.8;959;914.9;936;8200;0
PHOR;D;20120420;000000;938;939.9;911;925;2772;0
PHOR;D;20120423;000000;941;941;904.5;910.6;3840;0
PHOR;D;20120424;000000;900.1;915;886.5;890;1397;0
PHOR;D;20120425;000000;890;902.6;889.3;898;949;0
PHOR;D;20120426;000000;891.1;900;860;881;2033;0
PHOR;D;20120427;000000;889.8;898.5;872;894;991;0
PHOR;D;20120428;000000;900;900;891.5;897;105;0
PHOR;D;20120502;000000;899;919.8;896;904;1247;0
PHOR;D;20120503;000000;890;939.6;890;914.9;3627;0
PHOR;D;20120504;000000;901;903;863.5;889;2388;0
PHOR;D;20120505;000000;884;884;850;879;1112;0
PHOR;D;20120507;000000;861;870;831.2;855.1;1427;0
PHOR;D;20120508;000000;860;890;855;871.8;2098;0
PHOR;D;20120510;000000;862;937;862;893;598;0
PHOR;D;20120511;000000;866.2;888;866.2;879;674;0
PHOR;D;20120512;000000;877;885;876;885;243;0
PHOR;D;20120514;000000;877;877;840;844.8;760;0
PHOR;D;20120515;000000;864;868;830;838;3350;0
PHOR;D;20120516;000000;835;856;823;828;566;0
PHOR;D;20120517;000000;828;869.9;812.3;828.8;1768;0
PHOR;D;20120518;000000;810;839.2;801.1;829;1287;0
PHOR;D;20120521;000000;854.4;854.4;827;840;926;0
PHOR;D;20120522;000000;870;880;831.3;845;194;0
PHOR;D;20120523;000000;868;868;815.4;816.5;2759;0
PHOR;D;20120524;000000;824;840;816.5;840;4974;0
PHOR;D;20120525;000000;868;870;840.5;849;1006;0
PHOR;D;20120528;000000;887;887;836.1;850;790;0
PHOR;D;20120529;000000;841;882;841;878;6511;0
PHOR;D;20120530;000000;861.1;873.9;858;861;264;0
PHOR;D;20120531;000000;874;890;871;886;3179;0
PHOR;D;20120601;000000;884;901.8;875;880;1705;0
PHOR;D;20120604;000000;880;906;880;905;164;0
PHOR;D;20120605;000000;905.9;915;889;890;635;0
PHOR;D;20120606;000000;884;894;850.6;894;12427;0
PHOR;D;20120607;000000;897.9;924;880;911;3173;0
PHOR;D;20120608;000000;910;984.1;893;981;10097;0
PHOR;D;20120609;000000;981;1027;961.1;1017.9;4506;0
PHOR;D;20120613;000000;1000;1039.8;1000;1024;3799;0
PHOR;D;20120614;000000;1029;1029;981.1;1007;2441;0
PHOR;D;20120615;000000;1008;1034;1002;1028.8;1518;0
PHOR;D;20120618;000000;1035;1049;990;1007.9;5897;0
PHOR;D;20120619;000000;991;1028.9;991;1024.9;1639;0
PHOR;D;20120620;000000;1000;1030;998.9;1010.5;3002;0
PHOR;D;20120621;000000;1000;1050;1000;1025;1738;0
PHOR;D;20120622;000000;1001;1083.8;999.8;1056.4;5291;0
PHOR;D;20120625;000000;1036;1045;1033;1035;1346;0
PHOR;D;20120626;000000;1040;1184.2;1025.1;1128;5184;0
PHOR;D;20120627;000000;1051;1147.3;1051;1125;8305;0
PHOR;D;20120628;000000;1179;1179;1099;1110;1908;0
PHOR;D;20120629;000000;1149;1166.8;1115.1;1143;5288;0
PHOR;D;20120702;000000;1103;1166;1077.1;1135;11721;0
PHOR;D;20120703;000000;1130;1140;1098;1113;4506;0
PHOR;D;20120704;000000;1100;1130;1080;1095;693;0
PHOR;D;20120705;000000;1071.1;1129.9;1071;1117.5;44445;0
PHOR;D;20120706;000000;1120.6;1140;1104;1118.1;43381;0
PHOR;D;20120709;000000;1146.1;1147;1020.4;1135.6;1451;0
PHOR;D;20120710;000000;1134.8;1164;1119.1;1164;4024;0
PHOR;D;20120711;000000;1151;1180;1151;1172;3340;0
PHOR;D;20120712;000000;1174;1180;1160;1166;1092;0
PHOR;D;20120713;000000;1170.1;1182;1170;1177.7;14691;0
PHOR;D;20120716;000000;1175;1254.9;1173.5;1225;11541;0
PHOR;D;20120717;000000;1230;1261;1229.8;1255;2477;0
PHOR;D;20120718;000000;1272.7;1275;1210.6;1250;4033;0
PHOR;D;20120719;000000;1280;1280;1239;1250.1;16434;0
PHOR;D;20120720;000000;1241;1270;1229.4;1251;1852;0
PHOR;D;20120723;000000;1265;1270;1200;1230;6287;0
PHOR;D;20120724;000000;1225;1247.5;1188;1205;7188;0
PHOR;D;20120725;000000;1189;1234.9;1162.1;1215;13448;0
PHOR;D;20120726;000000;1234.7;1234.7;1180.1;1203.9;4738;0
PHOR;D;20120727;000000;1219.6;1228.2;1189.1;1190;1144;0
PHOR;D;20120730;000000;1190;1204.5;1168;1204.5;786;0
PHOR;D;20120731;000000;1219;1219;1200.1;1200.1;27;0
PHOR;D;20120801;000000;1190.4;1190.9;1175;1180;1252;0
PHOR;D;20120802;000000;1171;1190;1171;1179.1;3070;0
PHOR;D;20120803;000000;1175.2;1200;1170;1195;506;0
PHOR;D;20120806;000000;1198;1199.9;1182.3;1199;317;0
PHOR;D;20120807;000000;1192;1200;1174.3;1183;2720;0
PHOR;D;20120808;000000;1195;1224.9;1183;1220;4829;0
PHOR;D;20120809;000000;1193.1;1263;1192;1259.9;3968;0
PHOR;D;20120810;000000;1266.9;1270;1245;1268.6;6466;0
PHOR;D;20120813;000000;1268.6;1270;1250;1250;644;0
PHOR;D;20120814;000000;1268.9;1275;1242.1;1270;8213;0
PHOR;D;20120815;000000;1269.9;1300;1257.9;1269.7;2430;0
PHOR;D;20120816;000000;1277;1300.1;1274.1;1300;3242;0
PHOR;D;20120817;000000;1312;1312;1280.3;1294;2724;0
PHOR;D;20120820;000000;1292.9;1310;1276.9;1299.9;4333;0
PHOR;D;20120821;000000;1315;1317;1284;1290;5013;0
PHOR;D;20120822;000000;1289;1325;1270.2;1300;3280;0
PHOR;D;20120823;000000;1302.9;1313;1246;1256;2126;0
PHOR;D;20120824;000000;1246.1;1251;1211.1;1231;3114;0
PHOR;D;20120827;000000;1259.9;1259.9;1227;1229;194;0
PHOR;D;20120828;000000;1219.1;1252;1219;1249.9;7036;0
PHOR;D;20120829;000000;1234;1250;1225;1231;5090;0
PHOR;D;20120830;000000;1245;1246.9;1217;1237;1793;0
PHOR;D;20120831;000000;1248;1248;1240;1241;113;0
PHOR;D;20120903;000000;1279.9;1279.9;1250;1257;717;0
PHOR;D;20120904;000000;1270;1281;1260;1270;4954;0
PHOR;D;20120905;000000;1281.1;1284;1259.9;1279.9;2205;0
PHOR;D;20120906;000000;1288;1290;1255;1279.9;3213;0
PHOR;D;20120907;000000;1284;1299;1200.1;1274.9;2952;0
PHOR;D;20120910;000000;1499;1499;1250;1274;1191;0
PHOR;D;20120911;000000;1289;1289;1231.6;1271.1;686;0
PHOR;D;20120912;000000;1285.9;1287;1274;1274;180;0
PHOR;D;20120913;000000;1233.9;1286.8;1233.8;1279.8;758;0
PHOR;D;20120914;000000;1294.9;1319;1280;1288.6;3289;0
PHOR;D;20120917;000000;1288.4;1293.9;1268;1288;1445;0
PHOR;D;20120918;000000;1300.5;1300.9;1274.8;1274.8;789;0
PHOR;D;20120919;000000;1257.2;1293;1255.2;1288;4398;0
PHOR;D;20120920;000000;1284;1309;1272;1309;1995;0
PHOR;D;20120921;000000;1300;1300;1251.5;1295.8;1404;0
PHOR;D;20120924;000000;1297.9;1298;1262.2;1276;1643;0
PHOR;D;20120925;000000;1279.9;1288;1238.2;1253.9;900;0
PHOR;D;20120926;000000;1240.1;1256.6;1225.3;1226;816;0
PHOR;D;20120927;000000;1256;1259;1224.5;1246;1001;0
PHOR;D;20120928;000000;1234.1;1264.9;1228;1258.7;558;0
PHOR;D;20121001;000000;1219.4;1290;1219.4;1270;1442;0
PHOR;D;20121002;000000;1263.1;1287;1263;1280;2567;0
PHOR;D;20121003;000000;1253;1285.1;1253;1276;1166;0
PHOR;D;20121004;000000;1256.1;1312.7;1256;1284.8;1298;0
PHOR;D;20121005;000000;1306;1320;1277.1;1281;1566;0
PHOR;D;20121008;000000;1257.1;1300.1;1257.1;1298.3;3947;0
PHOR;D;20121009;000000;1309.8;1309.8;1287.6;1309;895;0
PHOR;D;20121010;000000;1299.2;1306.1;1269.8;1281;759;0
PHOR;D;20121011;000000;1276.1;1295;1266.3;1292;1756;0
PHOR;D;20121012;000000;1293.4;1293.4;1256.2;1282;1273;0
PHOR;D;20121015;000000;1278.4;1287.9;1260.2;1266.1;2630;0
PHOR;D;20121016;000000;1256.7;1279.5;1244.1;1273;1146;0
PHOR;D;20121017;000000;1293;1297;1255;1282;2553;0
PHOR;D;20121018;000000;1289;1289.3;1264.3;1284.7;815;0
PHOR;D;20121019;000000;1273;1288.4;1260;1271.9;1609;0
PHOR;D;20121022;000000;1260.2;1297.9;1245;1297;1220;0
PHOR;D;20121023;000000;1297;1300.1;1275;1299;3339;0
PHOR;D;20121024;000000;1299;1309.2;1270.1;1304.9;2263;0
PHOR;D;20121025;000000;1309;1309;1279;1286;2576;0
PHOR;D;20121026;000000;1265;1308;1265;1302.5;10413;0
PHOR;D;20121029;000000;1309;1318.6;1299;1309.8;2761;0
PHOR;D;20121030;000000;1300;1350;1286;1305;3545;0
PHOR;D;20121031;000000;1283.6;1308.8;1283.6;1288;2625;0
PHOR;D;20121101;000000;1284.5;1314;1284;1290.1;2361;0
PHOR;D;20121102;000000;1286;1307.8;1270;1298;960;0
PHOR;D;20121106;000000;1300;1315;1275;1275;1308;0
PHOR;D;20121107;000000;1299;1299;1258.6;1269.9;1900;0
PHOR;D;20121108;000000;1250;1277.5;1210;1270;1077;0
PHOR;D;20121109;000000;1241.2;1278.9;1241;1278;814;0
PHOR;D;20121112;000000;1280;1290;1261.6;1276;581;0
PHOR;D;20121113;000000;1295.4;1314.8;1270;1287;5207;0
PHOR;D;20121114;000000;1265;1310;1261;1269;1240;0
PHOR;D;20121115;000000;1270.1;1290;1260;1290;2135;0
PHOR;D;20121116;000000;1290;1300;1266.4;1298.9;965;0
PHOR;D;20121119;000000;1309.9;1329.9;1289.3;1310;5005;0
PHOR;D;20121120;000000;1291.1;1329.5;1291.1;1316;3216;0
PHOR;D;20121121;000000;1317.7;1325;1305;1320.5;2807;0
PHOR;D;20121122;000000;1307;1347.8;1290;1347.8;1755;0
PHOR;D;20121123;000000;1349.9;1380;1330;1357;1386;0
PHOR;D;20121126;000000;1325;1333;1303.5;1312.2;7972;0
PHOR;D;20121127;000000;1319;1332.9;1300.1;1308;2932;0
PHOR;D;20121128;000000;1310;1310;1273.4;1296.5;1183;0
PHOR;D;20121129;000000;1308.9;1370;1280;1286.3;5023;0
PHOR;D;20121130;000000;1335.2;1335.2;1272.2;1279.2;1393;0
PHOR;D;20121203;000000;1296.9;1296.9;1277.1;1288;666;0
PHOR;D;20121204;000000;1300;1307.8;1267;1281.4;2218;0
PHOR;D;20121205;000000;1295.5;1295.5;1280;1281.5;1005;0
PHOR;D;20121206;000000;1292;1292;1271.4;1278.8;949;0
PHOR;D;20121207;000000;1289.4;1289.9;1263.6;1275.7;887;0
PHOR;D;20121210;000000;1281.9;1281.9;1265;1273.2;1347;0
PHOR;D;20121211;000000;1264;1279.7;1255.8;1262.9;707;0
PHOR;D;20121212;000000;1276.9;1276.9;1238;1248.2;4002;0
PHOR;D;20121213;000000;1304.5;1304.5;1221.4;1235;3166;0
PHOR;D;20121214;000000;1235;1248.8;1221.5;1231.7;1558;0
PHOR;D;20121217;000000;1232.1;1407;1221.5;1407;9132;0
PHOR;D;20121218;000000;1338.4;1350;1247.3;1247.5;18375;0
PHOR;D;20121219;000000;1244.1;1253.5;1220.8;1232.9;2868;0
PHOR;D;20121220;000000;1236.2;1249;1223.1;1247.9;3584;0
PHOR;D;20121221;000000;1225.1;1244.9;1225;1244;2289;0
PHOR;D;20121224;000000;1243.9;1260;1226.2;1239.9;3021;0
PHOR;D;20121225;000000;1247.8;1255.9;1227.4;1236;2166;0
PHOR;D;20121226;000000;1230.1;1238.6;1226.1;1234.1;1511;0
PHOR;D;20121227;000000;1235.9;1244;1228;1243.7;1009;0
PHOR;D;20121228;000000;1245;1247.5;1232.3;1246.9;2380;0
PHOR;D;20130108;000000;1246.9;1279.5;1234.4;1256.4;1014;0
PHOR;D;20130109;000000;1256;1273.1;1241.1;1269.5;1557;0
PHOR;D;20130110;000000;1256;1287.1;1244;1247;1716;0
PHOR;D;20130111;000000;1247.5;1259.7;1215.5;1215.7;6830;0
PHOR;D;20130114;000000;1221.2;1223.9;1206.1;1210.7;7046;0
PHOR;D;20130115;000000;1215.8;1220;1205.5;1209.1;3262;0
PHOR;D;20130116;000000;1206.2;1214.3;1205.8;1210;2274;0
PHOR;D;20130117;000000;1217;1217;1210.1;1211;1281;0
PHOR;D;20130118;000000;1217.8;1218;1204;1207.9;4644;0
PHOR;D;20130121;000000;1211.8;1229.8;1204.2;1218.4;6590;0
PHOR;D;20130122;000000;1211.6;1228.9;1208;1222.9;4424;0
PHOR;D;20130123;000000;1227.3;1229;1213.3;1218.9;2741;0
PHOR;D;20130124;000000;1228.8;1228.8;1209.7;1218;3053;0
PHOR;D;20130125;000000;1223.9;1225;1212.5;1224;1594;0
PHOR;D;20130128;000000;1228;1243.8;1220.5;1241.9;4774;0
PHOR;D;20130129;000000;1240.7;1250;1220;1241.9;13985;0
PHOR;D;20130130;000000;1226.1;1244.9;1226;1238.9;6237;0
PHOR;D;20130131;000000;1222.3;1238.8;1220.6;1227.7;4167;0
PHOR;D;20130201;000000;1227.7;1248;1224.1;1238.7;4920;0
PHOR;D;20130204;000000;1243.8;1244.9;1229.9;1243.8;3938;0
PHOR;D;20130205;000000;1244.9;1247;1241.4;1245;822;0
PHOR;D;20130206;000000;1248;1268.6;1240.5;1243.2;2254;0
PHOR;D;20130207;000000;1250;1259;1231.1;1258.8;1557;0
PHOR;D;20130208;000000;1252.1;1267;1251.1;1254.5;1483;0
PHOR;D;20130211;000000;1258.7;1268.9;1258.7;1266.4;2476;0
PHOR;D;20130212;000000;1255.1;1269.9;1252;1255;887;0
PHOR;D;20130213;000000;1262.3;1262.5;1243.7;1245;2185;0
PHOR;D;20130214;000000;1251;1251;1230;1230.2;3535;0
PHOR;D;20130215;000000;1224.1;1244.5;1224.1;1232;7234;0
PHOR;D;20130218;000000;1232;1235;1220;1224.9;1046;0
PHOR;D;20130219;000000;1219.2;1241.4;1219.2;1236.7;6946;0
PHOR;D;20130220;000000;1225.3;1254.9;1224.3;1245.3;3486;0
PHOR;D;20130221;000000;1253.8;1253.8;1221;1246.3;6674;0
PHOR;D;20130222;000000;1256.9;1256.9;1241.1;1249;3215;0
PHOR;D;20130225;000000;1242.8;1255.9;1240;1246.7;451;0
PHOR;D;20130226;000000;1253.9;1256.8;1239.9;1248.7;2272;0
PHOR;D;20130227;000000;1254;1260;1240;1260;2126;0
PHOR;D;20130228;000000;1266.7;1280;1232;1241.4;7430;0
PHOR;D;20130301;000000;1231.5;1254.9;1230.2;1247;7959;0
PHOR;D;20130304;000000;1259.9;1264.5;1247;1247.1;20581;0
PHOR;D;20130305;000000;1240;1252.4;1232.2;1252.3;2331;0
PHOR;D;20130306;000000;1252.5;1256;1241.4;1246;3101;0
PHOR;D;20130307;000000;1259;1262.9;1244.8;1259.9;1382;0
PHOR;D;20130311;000000;1260;1296;1252.5;1294.4;8760;0
PHOR;D;20130312;000000;1294.4;1328.2;1290.2;1315;54817;0
PHOR;D;20130313;000000;1302.2;1335.5;1302.2;1328;56327;0
PHOR;D;20130314;000000;1326;1375;1321;1350.8;78346;0
PHOR;D;20130315;000000;1373.1;1378.5;1340.6;1342.7;32007;0
PHOR;D;20130318;000000;1331;1342.7;1261;1330;14835;0
PHOR;D;20130319;000000;1315;1345;1314.1;1326.9;6496;0
PHOR;D;20130320;000000;1300.3;1333.3;1298.8;1309.4;21779;0
PHOR;D;20130321;000000;1296.2;1357.7;1277.6;1328.5;5949;0
PHOR;D;20130322;000000;1325.2;1334.9;1300.8;1323;1881;0
PHOR;D;20130325;000000;1338.2;1338.2;1294;1305;1624;0
PHOR;D;20130326;000000;1257.4;1319.9;1257.4;1315;2120;0
PHOR;D;20130327;000000;1315;1335;1295.5;1304.8;8664;0
PHOR;D;20130328;000000;1328.9;1328.9;1289.6;1304.5;2083;0
PHOR;D;20130329;000000;1296.2;1311;1281.5;1282.5;673;0
PHOR;D;20130401;000000;1280.2;1299;1271;1271;1281;0
PHOR;D;20130402;000000;1271.3;1315;1255.5;1305;2815;0
PHOR;D;20130403;000000;1319.1;1338.1;1310;1325.2;5108;0
PHOR;D;20130404;000000;1295.3;1383;1295.3;1357;19187;0
PHOR;D;20130405;000000;1374.9;1404;1355.9;1391;7967;0
PHOR;D;20130408;000000;1403.8;1403.8;1365.8;1380;2554;0
PHOR;D;20130409;000000;1364.7;1364.7;1300.8;1310;22662;0
PHOR;D;20130410;000000;1301.6;1314;1273.1;1303;9887;0
PHOR;D;20130411;000000;1292.1;1309.7;1292.1;1302.2;30630;0
PHOR;D;20130412;000000;1299.5;1316.9;1295.8;1300;3705;0
PHOR;D;20130415;000000;1290;1300;1259;1272.5;16287;0
PHOR;D;20130416;000000;1265;1278;1221.2;1239.7;5113;0
PHOR;D;20130417;000000;1247;1248;1182.1;1208.9;6888;0
PHOR;D;20130418;000000;1208.2;1248;1202.2;1225;3559;0
PHOR;D;20130419;000000;1263.3;1263.3;1210.9;1233.2;4078;0
PHOR;D;20130422;000000;1254.5;1295;1235.5;1252.6;7870;0
PHOR;D;20130423;000000;1231.2;1243.8;1205.5;1239.9;4732;0
PHOR;D;20130424;000000;1230;1294;1230;1288;4329;0
PHOR;D;20130425;000000;1288;1310.5;1288;1305;10512;0
PHOR;D;20130426;000000;1307.8;1307.8;1281;1305;11530;0
PHOR;D;20130429;000000;1299;1305;1289.8;1304.8;14989;0
PHOR;D;20130430;000000;1319;1323;1283.1;1283.9;52060;0
PHOR;D;20130502;000000;1309;1335;1299.6;1310.2;445;0
PHOR;D;20130503;000000;1319.6;1320;1307.4;1319;245;0
PHOR;D;20130506;000000;1318.9;1321;1302.9;1315;2859;0
PHOR;D;20130507;000000;1314;1320.1;1304.8;1320.1;31993;0
PHOR;D;20130508;000000;1315.3;1337.2;1315.1;1325.1;5141;0
PHOR;D;20130510;000000;1333.9;1353.6;1271;1319.9;2606;0
PHOR;D;20130513;000000;1324.6;1352;1320;1351.8;2410;0
PHOR;D;20130514;000000;1359.8;1362.4;1342.7;1358;4379;0
PHOR;D;20130515;000000;1349.8;1364.8;1330;1341.1;2091;0
PHOR;D;20130516;000000;1327.4;1333.3;1251.1;1270.1;5040;0
PHOR;D;20130517;000000;1270.8;1293;1269.9;1286.9;791;0
PHOR;D;20130520;000000;1279.4;1289.5;1210;1223.7;10238;0
PHOR;D;20130521;000000;1225;1249.9;1222;1247;4537;0
PHOR;D;20130522;000000;1301;1301;1229;1275.4;15088;0
PHOR;D;20130523;000000;1269.3;1290.5;1242;1251.6;17996;0
PHOR;D;20130524;000000;1261.1;1275.1;1249.2;1251.6;2997;0
PHOR;D;20130527;000000;1248;1259.7;1245.7;1250.1;1152;0
PHOR;D;20130528;000000;1262.6;1277;1250.1;1267.1;4156;0
PHOR;D;20130529;000000;1261;1266.2;1222.2;1230;7246;0
PHOR;D;20130530;000000;1238;1265;1225;1232;4341;0
PHOR;D;20130531;000000;1235;1262.2;1225;1240.2;5309;0
PHOR;D;20130603;000000;1304.5;1304.5;1239.1;1245.1;876;0
PHOR;D;20130604;000000;1251.3;1252.4;1233.2;1240;2304;0
PHOR;D;20130605;000000;1240;1255.3;1240;1255.3;1149;0
PHOR;D;20130606;000000;1268.3;1305.4;1250;1257.8;1854;0
PHOR;D;20130607;000000;1260;1279.2;1252.1;1279.2;894;0
PHOR;D;20130610;000000;1283;1284;1265;1269;2158;0
PHOR;D;20130611;000000;1258.2;1298.1;1250.7;1258;2548;0
PHOR;D;20130613;000000;1232.6;1265.9;1210;1216;2976;0
PHOR;D;20130614;000000;1217.1;1246.4;1212.5;1228;2080;0
PHOR;D;20130617;000000;1225.2;1350;1200;1234;27210;0
PHOR;D;20130618;000000;1222;1285;1221.6;1254.5;3985;0
PHOR;D;20130619;000000;1258.9;1270;1239.8;1259.9;6781;0
PHOR;D;20130620;000000;1240;1259.9;1235;1245.3;3632;0
PHOR;D;20130621;000000;1246.6;1297.5;1221;1255;8635;0
PHOR;D;20130624;000000;1290.5;1296.4;1215;1225;7812;0
PHOR;D;20130625;000000;1224.8;1239.7;1156.7;1170;26517;0
PHOR;D;20130626;000000;1193.5;1193.6;1161.1;1169.3;28409;0
PHOR;D;20130627;000000;1165.6;1186;1165;1170;29237;0
PHOR;D;20130628;000000;1170.1;1248.5;1170.1;1200;6081;0
PHOR;D;20130701;000000;1200;1224.9;1188.1;1200;752;0
PHOR;D;20130702;000000;1192.6;1205.3;1165.3;1189;4395;0
PHOR;D;20130703;000000;1175.4;1184;1128;1134;8596;0
PHOR;D;20130704;000000;1155.4;1158.5;1130;1150.1;1441;0
PHOR;D;20130705;000000;1154.9;1167.6;1150;1154.9;771;0
PHOR;D;20130708;000000;1141.2;1180;1141.2;1169.9;4317;0
PHOR;D;20130709;000000;1163.5;1183;1155.1;1172;635;0
PHOR;D;20130710;000000;1185.4;1190;1164.8;1181;1569;0
PHOR;D;20130711;000000;1189.7;1214.7;1175.1;1185.4;4895;0
PHOR;D;20130712;000000;1198.3;1223.8;1182.9;1223.8;5462;0
PHOR;D;20130715;000000;1233.9;1245;1215;1243.6;4551;0
PHOR;D;20130716;000000;1245.9;1260;1235.7;1241.6;5014;0
PHOR;D;20130717;000000;1254.2;1264.9;1240;1253.9;1440;0
PHOR;D;20130718;000000;1250;1256;1227;1233;5748;0
PHOR;D;20130719;000000;1231.5;1249.8;1196.3;1210.7;2544;0
PHOR;D;20130722;000000;1182.5;1239.9;1182.4;1228.5;1193;0
PHOR;D;20130723;000000;1236.5;1239.2;1201;1201.1;1391;0
PHOR;D;20130724;000000;1202.8;1212.3;1185;1193.4;1274;0
PHOR;D;20130725;000000;1199.9;1213.9;1140.1;1153.3;4329;0
PHOR;D;20130726;000000;1171.1;1172.1;1110;1147.6;4898;0
PHOR;D;20130729;000000;1151.9;1163.9;1112.6;1137.6;2596;0
PHOR;D;20130730;000000;1126.3;1156.8;1005;1040.2;38926;0
PHOR;D;20130731;000000;1045.9;1047.8;966;970;15750;0
PHOR;D;20130801;000000;987.5;1003.5;943.4;988.3;29569;0
PHOR;D;20130802;000000;989.1;994;970.6;976.8;10143;0
PHOR;D;20130805;000000;989.8;1003.5;981;995;14848;0
PHOR;D;20130806;000000;995;1010;955;957.5;54967;0
PHOR;D;20130807;000000;951.1;972;945;962.5;20481;0
PHOR;D;20130808;000000;965;975;954.1;971.1;4598;0
PHOR;D;20130809;000000;970;999.8;965;986.8;38580;0
PHOR;D;20130812;000000;980.5;993.8;968.8;993.8;2141;0
PHOR;D;20130813;000000;993.8;1012.5;990.5;999;25365;0
PHOR;D;20130814;000000;991.1;1013.9;991.1;995.4;7599;0
PHOR;D;20130815;000000;990;1000.6;943;971;56158;0
PHOR;D;20130816;000000;967;983.9;958;965;4667;0
PHOR;D;20130819;000000;965;976.7;945;948.3;6047;0
PHOR;D;20130820;000000;949.3;949.3;902.5;920;29472;0
PHOR;D;20130821;000000;924.9;940;905.8;931.2;11276;0
PHOR;D;20130822;000000;929.9;939.4;911.9;915.5;22085;0
PHOR;D;20130823;000000;920;933.7;907.4;926;8631;0
PHOR;D;20130826;000000;929.1;929.1;910.3;917;2449;0
PHOR;D;20130827;000000;918;926.3;903;913;18066;0
PHOR;D;20130828;000000;908;920;906.7;914.3;9846;0
PHOR;D;20130829;000000;915.1;920;914;919.9;26650;0
PHOR;D;20130830;000000;915.1;925;914;920;4142;0
PHOR;D;20130902;000000;995;995;922;929.9;4587;0
PHOR;D;20130903;000000;929.9;935.9;918.1;928;17285;0
PHOR;D;20130904;000000;817.6;944.7;817.6;937.7;10996;0
PHOR;D;20130905;000000;930;947;930;946.8;4909;0
PHOR;D;20130906;000000;944.1;948.8;930.3;944.9;10736;0
PHOR;D;20130909;000000;931;955;928;932;11373;0
PHOR;D;20130910;000000;938.8;959.9;930.7;951;7878;0
PHOR;D;20130911;000000;954.8;958;930;938.5;7706;0
PHOR;D;20130912;000000;944.7;944.8;921.5;935.3;5304;0
PHOR;D;20130913;000000;782.9;964.7;782.9;949;8824;0
PHOR;D;20130916;000000;944.4;989.5;938.5;976.9;23038;0
PHOR;D;20130917;000000;973.1;981.9;960.9;962;11383;0
PHOR;D;20130918;000000;953.1;973;953.1;955;8940;0
PHOR;D;20130919;000000;977.5;984;952;957.9;12639;0
PHOR;D;20130920;000000;951;980;951;965;7945;0
PHOR;D;20130923;000000;965;980;933.3;944.8;4557;0
PHOR;D;20130924;000000;941.8;959;940.5;957.5;7192;0
PHOR;D;20130925;000000;950.2;959.8;940.4;955.2;3863;0
PHOR;D;20130926;000000;957.4;979;948.2;976.3;9472;0
PHOR;D;20130927;000000;966.2;979.6;958.9;976.7;17451;0
PHOR;D;20130930;000000;972.9;978.8;968.8;969.3;3953;0
PHOR;D;20131001;000000;967;997.8;966.7;988.9;3622;0
PHOR;D;20131002;000000;986;993.6;954.7;966;9962;0
PHOR;D;20131003;000000;966.7;978.6;959.8;964;8087;0
PHOR;D;20131004;000000;969.7;977.7;960.2;977.6;4240;0
PHOR;D;20131007;000000;979.8;981.8;967;967.1;2162;0
PHOR;D;20131008;000000;971.5;1005.7;968.2;983.6;26794;0
PHOR;D;20131009;000000;980.4;1003;979;998.5;3321;0
PHOR;D;20131010;000000;997.1;1039.3;997;1023;23668;0
PHOR;D;20131011;000000;1029;1070;1000;1020;10852;0
PHOR;D;20131014;000000;1015;1040.8;1015;1038.3;7213;0
PHOR;D;20131015;000000;1035;1060;1027.2;1037.8;10244;0
PHOR;D;20131016;000000;1040.6;1044.5;1023.6;1033.9;20603;0
PHOR;D;20131017;000000;1025.1;1030;1008.8;1011.1;7389;0
PHOR;D;20131018;000000;1011.2;1015.3;1005.3;1013.9;19731;0
PHOR;D;20131021;000000;1010.6;1017.6;1006;1006.1;4212;0
PHOR;D;20131022;000000;1004.5;1010;1000;1000;8587;0
PHOR;D;20131023;000000;998.1;1000.2;971;983;49074;0
PHOR;D;20131024;000000;977.2;989.4;964.9;970.7;5729;0
PHOR;D;20131025;000000;972.4;975;960;964.1;4081;0
PHOR;D;20131028;000000;970.8;974.4;958.8;960.2;5931;0
PHOR;D;20131029;000000;957.7;970;951.1;960;7721;0
PHOR;D;20131030;000000;961;964.1;950;964.1;6905;0
PHOR;D;20131031;000000;954;979.9;954;970;5532;0
PHOR;D;20131101;000000;971;995.9;971;986.5;3936;0
PHOR;D;20131105;000000;973.8;985.6;963.1;969.8;3824;0
PHOR;D;20131106;000000;976.6;980.1;951.1;951.5;12129;0
PHOR;D;20131107;000000;859;960;859;959.8;2976;0
PHOR;D;20131108;000000;957.5;963.8;945.4;953.1;4775;0
PHOR;D;20131111;000000;952.1;967.9;945.6;963.3;1742;0
PHOR;D;20131112;000000;958;977.2;958;977;3454;0
PHOR;D;20131113;000000;968.1;993;950.1;960.1;20895;0
PHOR;D;20131114;000000;970.5;996;962.1;991.9;3003;0
PHOR;D;20131115;000000;996.4;998.7;922;977.3;12795;0
PHOR;D;20131118;000000;988.6;996.9;985.9;988.1;6262;0
PHOR;D;20131119;000000;997;997.7;970;996.1;6876;0
PHOR;D;20131120;000000;975.1;985;970.3;978.5;9088;0
PHOR;D;20131121;000000;972;980.5;965.5;980.5;6885;0
PHOR;D;20131122;000000;979.9;980.5;954;962.5;24624;0
PHOR;D;20131125;000000;975.9;985;970.8;974;2258;0
PHOR;D;20131126;000000;974;981.7;955.1;967.7;2818;0
PHOR;D;20131127;000000;971.5;979.7;956.3;956.3;2342;0
PHOR;D;20131128;000000;956.3;970.7;956.3;966;600;0
PHOR;D;20131129;000000;959.3;967.4;944.1;963.8;3769;0
PHOR;D;20131202;000000;968.9;973.2;946.1;951.1;2857;0
PHOR;D;20131203;000000;945.2;964.8;915;931.6;22920;0
PHOR;D;20131204;000000;940.8;952.5;933.3;941.1;61080;0
PHOR;D;20131205;000000;944.5;949;924.9;931.2;47522;0
PHOR;D;20131206;000000;934.8;947.5;923.9;943.6;9148;0
PHOR;D;20131209;000000;942;958.7;940;951.8;8346;0
PHOR;D;20131210;000000;957;958.9;943.5;943.6;29203;0
PHOR;D;20131211;000000;938.6;948.9;937.5;940.2;3132;0
PHOR;D;20131212;000000;949.5;950;928.1;939.7;5549;0
PHOR;D;20131213;000000;941.7;955;935.6;955;1547;0
PHOR;D;20131216;000000;952.2;977;945.6;976.9;18345;0
PHOR;D;20131217;000000;978.6;979;959.3;970.9;1917;0
PHOR;D;20131218;000000;969;976.9;960.5;966.5;7170;0
PHOR;D;20131219;000000;978.5;998.7;952.5;976.8;15530;0
PHOR;D;20131220;000000;964.8;980;962.1;966.6;15476;0
PHOR;D;20131223;000000;974.1;992;951.6;991.9;15051;0
PHOR;D;20131224;000000;992;994;965.3;975.2;2936;0
PHOR;D;20131225;000000;975.1;993.5;954.6;959.6;6015;0
PHOR;D;20131226;000000;950.6;971.9;939.9;959.9;37489;0
PHOR;D;20131227;000000;957.5;968;953;968;11332;0
PHOR;D;20131230;000000;961;979.7;947;950;34705;0
PHOR;D;20140106;000000;949.6;953.8;921.1;936.5;9550;0
PHOR;D;20140108;000000;936;948;930.5;939;2933;0
PHOR;D;20140109;000000;930.3;936.5;927;932.5;2526;0
PHOR;D;20140110;000000;930.2;937;925;936.8;6409;0
PHOR;D;20140113;000000;936.9;936.9;928.4;931;11385;0
PHOR;D;20140114;000000;936.2;958.6;928;954.1;9686;0
PHOR;D;20140115;000000;955;1017.9;950.7;1005;115730;0
PHOR;D;20140116;000000;1014.9;1029;995.6;1010;139520;0
PHOR;D;20140117;000000;1017;1029.9;977.5;1012.3;20630;0
PHOR;D;20140120;000000;1012.7;1048.9;1012.7;1040;19365;0
PHOR;D;20140121;000000;1040.3;1089.9;1033.6;1080.1;26368;0
PHOR;D;20140122;000000;1086.4;1098;1063.1;1085.6;49461;0
PHOR;D;20140123;000000;1085.6;1118;1080;1085;41830;0
PHOR;D;20140124;000000;1081.8;1130;1080.8;1114;10185;0
PHOR;D;20140127;000000;1119.1;1119.1;1079.9;1090.1;15762;0
PHOR;D;20140128;000000;1094.5;1109.8;1080;1092.4;7081;0
PHOR;D;20140129;000000;1099.9;1149;1075.5;1089.8;43159;0
PHOR;D;20140130;000000;1089.9;1097;1045;1056.2;24262;0
PHOR;D;20140131;000000;1060.3;1109;1058.7;1070;24825;0
PHOR;D;20140203;000000;1077;1090;1045.3;1056.3;5536;0
PHOR;D;20140204;000000;1045.2;1076.4;1001.1;1076.4;24005;0
PHOR;D;20140205;000000;1062.3;1076.5;1052.6;1069.6;10319;0
PHOR;D;20140206;000000;1061.9;1086.8;1057;1075.7;4664;0
PHOR;D;20140207;000000;1090;1099.1;1082.2;1097.6;18915;0
PHOR;D;20140210;000000;1102.7;1122;1102.7;1117.8;4446;0
PHOR;D;20140211;000000;1123.5;1141.4;1111.3;1138;18503;0
PHOR;D;20140212;000000;1133;1150.1;1133;1148;22288;0
PHOR;D;20140213;000000;1151.3;1189.8;1147;1172;31380;0
PHOR;D;20140214;000000;1175;1189;1164;1180.2;9611;0
PHOR;D;20140217;000000;1188;1198.8;1170.2;1179.9;115234;0
PHOR;D;20140218;000000;1188.7;1205;1160.5;1173.1;256645;0
PHOR;D;20140219;000000;1179.4;1192;1161.1;1161.1;15171;0
PHOR;D;20140220;000000;1159.5;1173.8;1143.9;1170.1;8615;0
PHOR;D;20140221;000000;1173.9;1218.8;1173.9;1203;20374;0
PHOR;D;20140224;000000;1174.5;1225;1174.3;1220;15268;0
PHOR;D;20140225;000000;1207.1;1220;1200.5;1202.5;11627;0
PHOR;D;20140226;000000;1201.5;1206.7;1180;1194;3086;0
PHOR;D;20140227;000000;1206.9;1219.5;1198;1207.6;6908;0
PHOR;D;20140228;000000;1202.7;1217.6;1180.1;1211;4696;0
PHOR;D;20140303;000000;1191.1;1191.1;1007.2;1087;31137;0
PHOR;D;20140304;000000;1119.8;1249.8;1060.1;1208.8;28350;0
PHOR;D;20140305;000000;1203.2;1264.8;1191.5;1251;16847;0
PHOR;D;20140306;000000;1248.9;1276.2;1203.7;1224.9;67779;0
PHOR;D;20140307;000000;1223;1234.8;1187.4;1203.1;3122;0
PHOR;D;20140311;000000;1213.7;1230;1190.1;1211;5860;0
PHOR;D;20140312;000000;1175.1;1199.9;1126.8;1126.8;6727;0
PHOR;D;20140313;000000;1137.7;1155;1099.5;1114.5;9249;0
PHOR;D;20140314;000000;1121.9;1121.9;1090;1112.8;11616;0
PHOR;D;20140317;000000;1138.3;1225;1087.9;1135;17054;0
PHOR;D;20140318;000000;1146.3;1194.6;1127;1192.3;10583;0
PHOR;D;20140319;000000;1165.4;1219;1161;1179.4;26621;0
PHOR;D;20140320;000000;1175.5;1210;1161;1182;32203;0
PHOR;D;20140321;000000;1189;1214.9;1141;1200;10764;0
PHOR;D;20140324;000000;1228.7;1228.7;1190.3;1190.5;1074;0
PHOR;D;20140325;000000;1195.6;1212;1190.5;1202.9;5744;0
PHOR;D;20140326;000000;1195.8;1219;1175.1;1187.6;5427;0
PHOR;D;20140327;000000;1193.3;1208.6;1174.6;1190;48512;0
PHOR;D;20140328;000000;1190;1200;1176.7;1187.5;8551;0
PHOR;D;20140331;000000;1185.4;1200.6;1181.1;1186.1;2185;0
PHOR;D;20140401;000000;1182.5;1199;1177.9;1193.8;8155;0
PHOR;D;20140402;000000;1199.2;1205;1188.7;1199.1;1661;0
PHOR;D;20140403;000000;1205;1205;1166;1170;6689;0
PHOR;D;20140404;000000;1136;1186.7;1136;1177;4805;0
PHOR;D;20140407;000000;1171.8;1175.8;1128.9;1139.6;8975;0
PHOR;D;20140408;000000;1147.3;1179;1131.5;1178.6;4416;0
PHOR;D;20140409;000000;1178.8;1203;1178.8;1190.7;15406;0
PHOR;D;20140410;000000;1195.3;1262.5;1195.3;1250;30001;0
PHOR;D;20140411;000000;1238.5;1259.8;1221.2;1250;19390;0
PHOR;D;20140414;000000;1248;1262.2;1230;1241.8;1374;0
PHOR;D;20140415;000000;1233.3;1249.9;1231.9;1244.3;2613;0
PHOR;D;20140416;000000;1243.4;1259.8;1235;1250.7;4073;0
PHOR;D;20140417;000000;1242.1;1262;1240.2;1255;9529;0
PHOR;D;20140418;000000;1276.2;1312.9;1260;1266;1779;0
PHOR;D;20140421;000000;1270;1275;1262.5;1265;510;0
PHOR;D;20140422;000000;1245.9;1268;1216;1252.1;6292;0
PHOR;D;20140423;000000;1245.5;1276.7;1230.2;1257.8;5317;0
PHOR;D;20140424;000000;1244.9;1326.6;1240.1;1249.4;18235;0
PHOR;D;20140425;000000;1259.6;1294.5;1215.1;1258;20027;0
PHOR;D;20140428;000000;1244.7;1274.8;1236.9;1262.3;4629;0
PHOR;D;20140429;000000;1277.1;1294.4;1225;1247.7;4322;0
PHOR;D;20140430;000000;1246.9;1270;1245.6;1250.3;675;0
PHOR;D;20140502;000000;1250;1257.7;1238.1;1240;102;0
PHOR;D;20140505;000000;1242.3;1253.6;1234;1243.2;124;0
PHOR;D;20140506;000000;1240.8;1270;1225;1254.7;1151;0
PHOR;D;20140507;000000;1247.9;1268.8;1225.1;1268.8;1474;0
PHOR;D;20140508;000000;1250;1300;1240;1270;2468;0
PHOR;D;20140512;000000;1270;1310;1236.7;1253.4;2385;0
PHOR;D;20140513;000000;1264.9;1264.9;1180.1;1208;6386;0
PHOR;D;20140514;000000;1210;1229.3;1140.4;1189.5;16261;0
PHOR;D;20140515;000000;1184;1193.9;1154.9;1165;6120;0
PHOR;D;20140516;000000;1159.5;1170.4;1132.1;1151.4;8353;0
PHOR;D;20140519;000000;1154.2;1178;1148.7;1175.8;9532;0
PHOR;D;20140520;000000;1183.8;1183.8;1161;1166.7;3797;0
PHOR;D;20140521;000000;1168.3;1189.7;1155;1174;6572;0
PHOR;D;20140522;000000;1169.8;1172.3;1151.5;1164.4;1422;0
PHOR;D;20140523;000000;1169.1;1180.7;1150.7;1161.4;7465;0
PHOR;D;20140526;000000;1151.9;1160.1;1150;1155;991;0
PHOR;D;20140527;000000;1233.5;1233.5;1140.3;1164.7;6557;0
PHOR;D;20140528;000000;1161.9;1169.4;1155.1;1155.1;1846;0
PHOR;D;20140529;000000;1167.6;1195.2;1160;1183.1;2975;0
PHOR;D;20140530;000000;1194.2;1214;1187.2;1214;4825;0
PHOR;D;20140602;000000;1216;1250;1216;1247.8;12463;0
PHOR;D;20140603;000000;1244.6;1248.7;1218.1;1227.2;3515;0
PHOR;D;20140604;000000;1227.2;1231.1;1195.4;1208;2367;0
PHOR;D;20140605;000000;1198.1;1207.9;1180.3;1189.2;2400;0
PHOR;D;20140606;000000;1191.2;1192.6;1155.6;1186.9;7266;0
PHOR;D;20140609;000000;1190;1190;1160.1;1170.5;1658;0
PHOR;D;20140610;000000;1169.9;1189.6;1168;1180.6;4508;0
PHOR;D;20140611;000000;1180.5;1185;1168;1185;3640;0
PHOR;D;20140616;000000;1186.5;1306.9;1125.5;1220.2;39285;0
PHOR;D;20140617;000000;1210;1219.3;1190.1;1202;7505;0
PHOR;D;20140618;000000;1208.6;1230;1191.2;1191.2;4860;0
PHOR;D;20140619;000000;1194;1238.8;1177.6;1220.9;10596;0
PHOR;D;20140620;000000;1225.2;1254;1222.8;1237.8;6429;0
PHOR;D;20140623;000000;1224.3;1252.1;1217.9;1224;8735;0
PHOR;D;20140624;000000;1229.5;1242.9;1218.8;1230.1;12048;0
PHOR;D;20140625;000000;1228.6;1257.9;1212.6;1240;8023;0
PHOR;D;20140626;000000;1250;1257.5;1224;1242.4;1300;0
PHOR;D;20140627;000000;1238.4;1260;1228.5;1242.3;1809;0
PHOR;D;20140630;000000;1242.4;1272;1241.4;1272;1319;0
PHOR;D;20140701;000000;1270;1318.9;1264.6;1314.3;5308;0
PHOR;D;20140702;000000;1329.8;1336.4;1295.3;1323.9;5292;0
PHOR;D;20140703;000000;1320.3;1332.2;1291.6;1314;3676;0
PHOR;D;20140704;000000;1329.5;1340;1302.5;1302.5;2512;0
PHOR;D;20140707;000000;1313.4;1350;1313;1338;5030;0
PHOR;D;20140708;000000;1338;1360;1338;1345;12101;0
PHOR;D;20140709;000000;1343.8;1343.8;1276.6;1323.9;4490;0
PHOR;D;20140710;000000;1329.2;1329.2;1263.4;1309.6;5775;0
PHOR;D;20140711;000000;1311;1329;1299.9;1305.2;683;0
PHOR;D;20140714;000000;1319.8;1333.2;1280.3;1296.3;3924;0
PHOR;D;20140715;000000;1299.7;1300.2;1275;1285;2430;0
PHOR;D;20140716;000000;1289.8;1327;1289.8;1315.4;3959;0
PHOR;D;20140717;000000;1313.5;1331;1299.2;1318.9;2524;0
PHOR;D;20140718;000000;1311.2;1329.2;1296.3;1309.4;1695;0
PHOR;D;20140721;000000;1305.9;1322.6;1270;1281.7;4057;0
PHOR;D;20140722;000000;1292.9;1325.2;1268;1290.1;3999;0
PHOR;D;20140723;000000;1271.9;1323;1270;1305.2;8408;0
PHOR;D;20140724;000000;1307.8;1320.8;1299;1314.3;696;0
PHOR;D;20140725;000000;1314.6;1331.3;1312;1318.7;1142;0
PHOR;D;20140728;000000;1313.7;1322.1;1295.9;1317.1;1777;0
PHOR;D;20140729;000000;1323.2;1330;1297.1;1325;5018;0
PHOR;D;20140730;000000;1330;1345;1309.9;1324;9915;0
PHOR;D;20140731;000000;1326;1330;1309.4;1330;2681;0
PHOR;D;20140801;000000;1329;1335;1316.2;1324.4;3546;0
PHOR;D;20140804;000000;1317.1;1340;1275;1333;11228;0
PHOR;D;20140805;000000;1332.8;1348.4;1324.2;1329.4;1107;0
PHOR;D;20140806;000000;1334;1337.9;1310.3;1332.9;3168;0
PHOR;D;20140807;000000;1328.4;1340;1303;1339.9;3741;0
PHOR;D;20140808;000000;1340;1355.6;1303.4;1329.1;5629;0
PHOR;D;20140811;000000;1339.9;1350;1327;1336.2;2256;0
PHOR;D;20140812;000000;1330.4;1349;1322.7;1326.8;3887;0
PHOR;D;20140813;000000;1337.5;1355;1320;1321.9;2165;0
PHOR;D;20140814;000000;1321;1334.6;1310;1326.8;2403;0
PHOR;D;20140815;000000;1330;1337.7;1301.2;1301.2;2586;0
PHOR;D;20140818;000000;1289.4;1317.1;1280;1282.9;2606;0
PHOR;D;20140819;000000;1289.3;1304.8;1279.8;1295.3;7485;0
PHOR;D;20140820;000000;1301.4;1332;1299;1323.2;4881;0
PHOR;D;20140821;000000;1329.7;1350.1;1329.7;1332;9688;0
PHOR;D;20140822;000000;1331.7;1341.9;932;1312;6689;0
PHOR;D;20140825;000000;1320;1332.1;1303.1;1320;1647;0
PHOR;D;20140826;000000;1323.1;1323.1;1269;1275.2;11521;0
PHOR;D;20140827;000000;1260.8;1330;1100;1303.6;10511;0
PHOR;D;20140828;000000;1308.8;1319.6;1271;1274.1;11422;0
PHOR;D;20140829;000000;1272.5;1310;1262.1;1263;7625;0
PHOR;D;20140901;000000;1261.2;1281.2;1205.1;1217;7115;0
PHOR;D;20140902;000000;1225.9;1238.3;1200;1218.6;16181;0
PHOR;D;20140903;000000;1214.5;1300;1212.9;1292;12208;0
PHOR;D;20140904;000000;1298.1;1298.1;1249;1253.2;3734;0
PHOR;D;20140905;000000;1249.6;1274.8;1242.4;1267.7;4095;0
PHOR;D;20140908;000000;1265.4;1297.4;1260.5;1270.1;6877;0
PHOR;D;20140909;000000;1279.4;1295;1270.2;1276.9;4110;0
PHOR;D;20140910;000000;1275.7;1292.9;1273;1273.9;4593;0
PHOR;D;20140911;000000;1288.1;1299.5;1251.3;1255;17369;0
PHOR;D;20140912;000000;1254.4;1287.7;1252.1;1282;3547;0
PHOR;D;20140915;000000;1294.5;1317.1;1257.7;1298;48774;0
PHOR;D;20140916;000000;1299.7;1369;1298.2;1361.7;35881;0
PHOR;D;20140917;000000;1366.6;1649.8;1331.2;1352.4;23824;0
PHOR;D;20140918;000000;1359.8;1410;1331;1375;29821;0
PHOR;D;20140919;000000;1375.2;1417;1357;1400;12367;0
PHOR;D;20140922;000000;1405;1411.9;1333.7;1347;20223;0
PHOR;D;20140923;000000;1350.3;1379.7;1325;1366;20463;0
PHOR;D;20140924;000000;1369;1377.7;1340.2;1351;13304;0
PHOR;D;20140925;000000;1349.2;1373;1331.4;1335;14079;0
PHOR;D;20140926;000000;1317.7;1333.9;1299;1305;6729;0
PHOR;D;20140929;000000;1303.1;1321.2;1300;1302;6615;0
PHOR;D;20140930;000000;1301.7;1337;1300;1323.4;7773;0
PHOR;D;20141001;000000;1306;1323;1299;1302;8618;0
PHOR;D;20141002;000000;1301;1308;1297;1300;3037;0
PHOR;D;20141003;000000;1301;1321;1286;1312;4854;0
PHOR;D;20141006;000000;1314;1342;1310;1312;5230;0
PHOR;D;20141007;000000;1321;1328;1312;1327;6865;0
PHOR;D;20141008;000000;1312;1320;1305;1319;3012;0
PHOR;D;20141009;000000;1325;1359;1315;1341;13292;0
PHOR;D;20141010;000000;1323;1368;1310;1310;5428;0
PHOR;D;20141013;000000;1345;1399;1339;1385;16927;0
PHOR;D;20141014;000000;1393;1393;1341;1347;2109;0
PHOR;D;20141015;000000;1350;1356;1300;1303;8885;0
PHOR;D;20141016;000000;1305;1320;1296;1320;9564;0
PHOR;D;20141017;000000;1321;1368;1315;1322;6573;0
PHOR;D;20141020;000000;1323;1352;1319;1337;3281;0
PHOR;D;20141021;000000;1333;1400;1327;1361;5039;0
PHOR;D;20141022;000000;1370;1374;1325;1326;4914;0
PHOR;D;20141023;000000;1338;1360;1330;1359;2553;0
PHOR;D;20141024;000000;1351;1360;1320;1343;2639;0
PHOR;D;20141027;000000;1349;1371;1349;1362;3581;0
PHOR;D;20141028;000000;1360;1389;1333;1351;8579;0
PHOR;D;20141029;000000;1351;1358;1333;1336;9107;0
PHOR;D;20141030;000000;1343;1394;1321;1360;18839;0
PHOR;D;20141031;000000;1351;1372;1342;1371;13878;0
PHOR;D;20141103;000000;1366;1397;1321;1344;6648;0
PHOR;D;20141105;000000;1338;1395;1336;1393;7623;0
PHOR;D;20141106;000000;1395;1451;1395;1448;11212;0
PHOR;D;20141107;000000;1450;1510;1410;1460;12293;0
PHOR;D;20141110;000000;1459;1460;1408;1449;8761;0
PHOR;D;20141111;000000;1447;1500;1447;1490;10607;0
PHOR;D;20141112;000000;1490;1537;1476;1503;6093;0
PHOR;D;20141113;000000;1459;1524;1450;1450;7045;0
PHOR;D;20141114;000000;1438;1489;1438;1481;4465;0
PHOR;D;20141117;000000;1482;1499;1461;1478;4678;0
PHOR;D;20141118;000000;1481;1495;1452;1491;5354;0
PHOR;D;20141119;000000;1500;1545;1473;1527;15942;0
PHOR;D;20141120;000000;1527;1530;1441;1451;15182;0
PHOR;D;20141121;000000;1452;1470;1431;1470;10355;0
PHOR;D;20141124;000000;1454;1469;1440;1464;7433;0
PHOR;D;20141125;000000;1474;1503;1470;1495;7300;0
PHOR;D;20141126;000000;1510;1540;1470;1525;18736;0
PHOR;D;20141127;000000;1540;1575;1523;1541;5904;0
PHOR;D;20141128;000000;1542;1635;1522;1625;10754;0
PHOR;D;20141201;000000;1627;1740;1614;1740;17130;0
PHOR;D;20141202;000000;1740;1758;1668;1706;12073;0
PHOR;D;20141203;000000;1705;1740;1666;1735;10797;0
PHOR;D;20141204;000000;1715;1775;1709;1750;7913;0
PHOR;D;20141205;000000;1747;1800;1717;1742;9827;0
PHOR;D;20141208;000000;1759;1780;1684;1765;8620;0
PHOR;D;20141209;000000;1771;1780;1720;1728;5954;0
PHOR;D;20141210;000000;1742;1770;1720;1745;5552;0
PHOR;D;20141211;000000;1752;1810;1742;1808;13161;0
PHOR;D;20141212;000000;1813;1869;1771;1820;13758;0
PHOR;D;20141215;000000;1869;1972;1790;1870;23904;0
PHOR;D;20141216;000000;1701;2199;1675;2060;40825;0
PHOR;D;20141217;000000;2100;2128;1760;1900;23577;0
PHOR;D;20141218;000000;1911;1949;1755;1759;29392;0
PHOR;D;20141219;000000;1762;1814;1714;1723;14156;0
PHOR;D;20141222;000000;1779;1800;1612;1648;25829;0
PHOR;D;20141223;000000;1652;1652;1563;1580;71663;0
PHOR;D;20141224;000000;1580;1600;1520;1560;35343;0
PHOR;D;20141225;000000;1623;1623;1530;1550;3523;0
PHOR;D;20141226;000000;1559;1620;1501;1572;7734;0
PHOR;D;20141229;000000;1560;1650;1556;1650;7270;0
PHOR;D;20141230;000000;1638;1705;1571;1655;14001;0
PHOR;D;20150105;000000;1662;1784;1662;1784;5584;0
PHOR;D;20150106;000000;1782;1898;1761;1855;6687;0
PHOR;D;20150108;000000;1860;1892;1776;1776;5238;0
PHOR;D;20150109;000000;1810;1820;1755;1798;2489;0
PHOR;D;20150112;000000;1795;1830;1757;1795;6213;0
PHOR;D;20150113;000000;1808;1850;1791;1843;6902;0
PHOR;D;20150114;000000;1845;1870;1807;1867;7258;0
PHOR;D;20150115;000000;1865;1895;1828;1890;12589;0
PHOR;D;20150116;000000;1866;1955;1850;1955;11479;0
PHOR;D;20150119;000000;1955;2043;1940;2008;13731;0
PHOR;D;20150120;000000;2020;2075;2020;2054;7974;0
PHOR;D;20150121;000000;2093;2099;2032;2080;10324;0
PHOR;D;20150122;000000;2098;2135;2055;2111;9744;0
PHOR;D;20150123;000000;2122;2164;2091;2114;7335;0
PHOR;D;20150126;000000;2114;2155;2006;2139;11211;0
PHOR;D;20150127;000000;2135;2237;2070;2177;12947;0
PHOR;D;20150128;000000;2165;2255;2165;2245;30025;0
PHOR;D;20150129;000000;2246;2290;2241;2269;12912;0
PHOR;D;20150130;000000;2279;2336;2250;2291;11627;0
PHOR;D;20150202;000000;2291;2370;2255;2260;10995;0
PHOR;D;20150203;000000;2260;2288;2213;2226;17207;0
PHOR;D;20150204;000000;2257;2257;2200;2238;5362;0
PHOR;D;20150205;000000;2226;2265;2212;2226;8765;0
PHOR;D;20150206;000000;2220;2270;2219;2247;8488;0
PHOR;D;20150209;000000;2234;2264;2230;2242;7968;0
PHOR;D;20150210;000000;2231;2250;2220;2240;3613;0
PHOR;D;20150211;000000;2253;2331;2250;2319;13321;0
PHOR;D;20150212;000000;2339;2450;2282;2298;13256;0
PHOR;D;20150213;000000;2309;2327;2204;2209;10974;0
PHOR;D;20150216;000000;2211;2222;2147;2177;7881;0
PHOR;D;20150217;000000;2177;2245;2155;2218;6049;0
PHOR;D;20150218;000000;2219;2249;2160;2190;7010;0
PHOR;D;20150219;000000;2190;2218;2072;2123;12262;0
PHOR;D;20150220;000000;2144;2157;2056;2128;13170;0
PHOR;D;20150224;000000;2131;2165;2107;2127;6188;0
PHOR;D;20150225;000000;2140;2146;2065;2070;8444;0
PHOR;D;20150226;000000;2071;2105;2030;2090;4783;0
PHOR;D;20150227;000000;2088;2125;2051;2109;3623;0
PHOR;D;20150302;000000;2128;2169;2104;2141;7179;0
PHOR;D;20150303;000000;2140;2234;2130;2199;20472;0
PHOR;D;20150304;000000;2197;2217;2149;2190;6558;0
PHOR;D;20150305;000000;2190;2208;2145;2153;5278;0
PHOR;D;20150306;000000;2143;2199;2101;2101;1840;0
PHOR;D;20150310;000000;2091;2148;2050;2117;3853;0
PHOR;D;20150311;000000;2112;2171;2080;2109;3883;0
PHOR;D;20150312;000000;2104;2127;2070;2105;2937;0
PHOR;D;20150313;000000;2085;2116;2051;2051;8543;0
PHOR;D;20150316;000000;2091;2091;2001;2005;14347;0
PHOR;D;20150317;000000;2040;2050;1971;2035;2104;0
PHOR;D;20150318;000000;2059;2119;2050;2105;2134;0
PHOR;D;20150319;000000;2110;2189;2083;2083;2335;0
PHOR;D;20150320;000000;2061;2110;2056;2110;943;0
PHOR;D;20150323;000000;2088;2111;2016;2018;3365;0
PHOR;D;20150324;000000;2006;2043;1997;2000;1682;0
PHOR;D;20150325;000000;2000;2083;1989;2041;9011;0
PHOR;D;20150326;000000;2026;2039;1991;2011;1861;0
PHOR;D;20150327;000000;2002;2011;1999;2011;800;0
PHOR;D;20150330;000000;2010;2057;2010;2057;520;0
PHOR;D;20150331;000000;2016;2020;2001;2011;1651;0
PHOR;D;20150401;000000;2007;2060;2007;2042;4793;0
PHOR;D;20150402;000000;2033;2050;1982;2014;5773;0
PHOR;D;20150403;000000;2006;2020;1997;2002;1227;0
PHOR;D;20150406;000000;2007;2025;2005;2020;811;0
PHOR;D;20150407;000000;2021;2027;1982;1995;2619;0
PHOR;D;20150408;000000;1995;2000;1956;1983;5283;0
PHOR;D;20150409;000000;1975;1994;1926;1955;1896;0
PHOR;D;20150410;000000;1959;1959;1877;1899;4452;0
PHOR;D;20150413;000000;1928;1947;1880;1930;2072;0
PHOR;D;20150414;000000;1949;1950;1909;1921;2170;0
PHOR;D;20150415;000000;1958;1958;1884;1900;2025;0
PHOR;D;20150416;000000;1901;1968;1900;1955;7702;0
PHOR;D;20150417;000000;1960;2030;1958;2021;5306;0
PHOR;D;20150420;000000;2032;2084;2000;2065;7470;0
PHOR;D;20150421;000000;2059;2135;2058;2127;2144;0
PHOR;D;20150422;000000;2130;2185;2130;2154;7058;0
PHOR;D;20150423;000000;2165;2200;2100;2102;3527;0
PHOR;D;20150424;000000;2026;2119;2026;2119;1086;0
PHOR;D;20150427;000000;2113;2150;2060;2111;2166;0
PHOR;D;20150428;000000;2115;2145;2060;2069;1425;0
PHOR;D;20150429;000000;2008;2070;2002;2018;5640;0
PHOR;D;20150430;000000;2013;2040;1990;2039;8737;0
PHOR;D;20150505;000000;2071;2080;1987;2002;7817;0
PHOR;D;20150506;000000;2023;2023;1952;1980;2708;0
PHOR;D;20150507;000000;1952;1966;1904;1939;4573;0
PHOR;D;20150508;000000;1964;2038;1934;2003;4520;0
PHOR;D;20150512;000000;2006;2039;1998;2020;5376;0
PHOR;D;20150513;000000;2008;2011;1970;1981;1591;0
PHOR;D;20150514;000000;1980;2013;1970;1995;1721;0
PHOR;D;20150515;000000;1989;2022;1983;2005;666;0
PHOR;D;20150518;000000;1991;2007;1950;1960;8101;0
PHOR;D;20150519;000000;1969;1997;1931;1997;7130;0
PHOR;D;20150520;000000;1981;1984;1963;1969;2955;0
PHOR;D;20150521;000000;1967;1987;1956;1974;6703;0
PHOR;D;20150522;000000;1983;1983;1840;1975;22699;0
PHOR;D;20150525;000000;1944;2012;1914;1964;5518;0
PHOR;D;20150526;000000;1973;2041;1921;1997;32986;0
PHOR;D;20150527;000000;2001;2036;1990;2015;16348;0
PHOR;D;20150528;000000;2010;2064;2005;2042;9362;0
PHOR;D;20150529;000000;2060;2100;2001;2001;10662;0
PHOR;D;20150601;000000;1980;2118;1902;2081;11869;0
PHOR;D;20150602;000000;2098;2105;2085;2086;2178;0
PHOR;D;20150603;000000;2083;2102;2022;2085;5890;0
PHOR;D;20150604;000000;2099;2245;2099;2220;18713;0
PHOR;D;20150605;000000;2220;2271;2141;2244;10706;0
PHOR;D;20150608;000000;2244;2246;2192;2204;5568;0
PHOR;D;20150609;000000;2187;2210;2151;2179;6129;0
PHOR;D;20150610;000000;2156;2174;2085;2095;9039;0
PHOR;D;20150611;000000;2112;2112;2035;2059;5762;0
PHOR;D;20150615;000000;2064;2070;2020;2060;7546;0
PHOR;D;20150616;000000;2060;2061;2026;2028;4719;0
PHOR;D;20150617;000000;2027;2051;2009;2044;2625;0
PHOR;D;20150618;000000;2023;2037;2015;2020;1374;0
PHOR;D;20150619;000000;2014;2057;2014;2038;3821;0
PHOR;D;20150622;000000;2043;2070;2014;2048;2515;0
PHOR;D;20150623;000000;2053;2098;2042;2081;1475;0
PHOR;D;20150624;000000;2088;2117;2035;2044;1674;0
PHOR;D;20150625;000000;2043;2093;2025;2079;3123;0
PHOR;D;20150626;000000;2052;2160;2037;2159;3204;0
PHOR;D;20150629;000000;2149;2150;2088;2096;2267;0
PHOR;D;20150630;000000;2080;2095;2050;2060;1033;0
PHOR;D;20150701;000000;2085;2121;2055;2100;2306;0
PHOR;D;20150702;000000;2098;2100;2072;2083;1068;0
PHOR;D;20150703;000000;2089;2180;2086;2158;4676;0
PHOR;D;20150706;000000;2154;2220;2137;2200;5615;0
PHOR;D;20150707;000000;2220;2270;2126;2175;9935;0
PHOR;D;20150708;000000;2195;2195;2122;2140;8569;0
PHOR;D;20150709;000000;2135;2190;2135;2186;2197;0
PHOR;D;20150710;000000;2186;2199;2161;2190;4898;0
PHOR;D;20150713;000000;2190;2275;2189;2240;3341;0
PHOR;D;20150714;000000;2244;2294;2244;2251;11334;0
PHOR;D;20150715;000000;2237;2314;2230;2291;7307;0
PHOR;D;20150716;000000;2300;2354;2289;2334;10195;0
PHOR;D;20150717;000000;2303;2355;2301;2337;2124;0
PHOR;D;20150720;000000;2325;2355;2298;2310;4450;0
PHOR;D;20150721;000000;2304;2337;2290;2316;5500;0
PHOR;D;20150722;000000;2317;2355;2300;2350;6923;0
PHOR;D;20150723;000000;2324;2395;2303;2327;1613;0
PHOR;D;20150724;000000;2318;2373;2298;2373;3565;0
PHOR;D;20150727;000000;2345;2396;2304;2313;6839;0
PHOR;D;20150728;000000;2313;2397;2313;2372;4526;0
PHOR;D;20150729;000000;2374;2389;2330;2336;2217;0
PHOR;D;20150730;000000;2364;2380;2315;2373;7164;0
PHOR;D;20150731;000000;2357;2447;2337;2430;5898;0
PHOR;D;20150803;000000;2450;2643;2400;2560;13454;0
PHOR;D;20150804;000000;2565;2650;2545;2630;12989;0
PHOR;D;20150805;000000;2652;2679;2596;2626;4679;0
PHOR;D;20150806;000000;2670;2730;2629;2707;7123;0
PHOR;D;20150807;000000;2690;2794;2690;2764;10228;0
PHOR;D;20150810;000000;2789;2896;2764;2805;7151;0
PHOR;D;20150811;000000;2828;2830;2747;2800;11954;0
PHOR;D;20150812;000000;2767;2849;2757;2829;14123;0
PHOR;D;20150813;000000;2832;2849;2650;2809;11056;0
PHOR;D;20150814;000000;2800;2830;2766;2808;2842;0
PHOR;D;20150817;000000;2814;2825;2752;2810;7448;0
PHOR;D;20150818;000000;3000;3000;2774;2835;3958;0
PHOR;D;20150819;000000;2851;2900;2783;2874;9961;0
PHOR;D;20150820;000000;2888;2965;2855;2937;8485;0
PHOR;D;20150821;000000;2971;2971;2911;2954;10962;0
PHOR;D;20150824;000000;2659;3060;2659;2980;10821;0
PHOR;D;20150825;000000;2989;3037;2901;2903;5175;0
PHOR;D;20150826;000000;2980;2980;2910;2939;1525;0
PHOR;D;20150827;000000;2964;2964;2806;2849;7827;0
PHOR;D;20150828;000000;2850;2874;2785;2821;9723;0
PHOR;D;20150831;000000;2877;2877;2825;2837;5232;0
PHOR;D;20150901;000000;2853;2874;2782;2796;7412;0
PHOR;D;20150902;000000;2837;2870;2782;2810;6448;0
PHOR;D;20150903;000000;2815;2830;2751;2791;5970;0
PHOR;D;20150904;000000;2796;2819;2771;2790;2122;0
PHOR;D;20150907;000000;2814;2880;2809;2859;5231;0
PHOR;D;20150908;000000;2878;2911;2851;2860;4369;0
PHOR;D;20150909;000000;2852;2872;2822;2850;3974;0
PHOR;D;20150910;000000;2869;2900;2821;2849;3335;0
PHOR;D;20150911;000000;2843;2847;2800;2835;2425;0
PHOR;D;20150914;000000;2845;2997;2845;2912;17595;0
PHOR;D;20150915;000000;2932;2943;2850;2880;8674;0
PHOR;D;20150916;000000;2866;2890;2800;2860;5656;0
PHOR;D;20150917;000000;2841;2880;2839;2855;1198;0
PHOR;D;20150918;000000;2873;2962;2839;2911;13326;0
PHOR;D;20150921;000000;2911;2914;2845;2850;4656;0
PHOR;D;20150922;000000;2850;2869;2810;2827;3704;0
PHOR;D;20150923;000000;2826;2869;2732;2738;3063;0
PHOR;D;20150924;000000;2748;2803;2710;2710;6948;0
PHOR;D;20150925;000000;2711;2761;2700;2710;1083;0
PHOR;D;20150928;000000;2709;2726;2645;2659;2076;0
PHOR;D;20150929;000000;2663;2705;2611;2657;2394;0
PHOR;D;20150930;000000;2677;2790;2677;2790;6880;0
PHOR;D;20151001;000000;2800;2810;2702;2796;8306;0
PHOR;D;20151002;000000;2792;2793;2715;2739;2115;0
PHOR;D;20151005;000000;2770;2808;2695;2699;8300;0
PHOR;D;20151006;000000;2705;2729;2705;2728;1399;0
PHOR;D;20151007;000000;2750;2795;2695;2710;4466;0
PHOR;D;20151008;000000;2739;2740;2651;2674;8880;0
PHOR;D;20151009;000000;2677;2690;2541;2549;27062;0
PHOR;D;20151012;000000;2567;2598;2521;2574;7655;0
PHOR;D;20151013;000000;2575;2625;2523;2533;18297;0
PHOR;D;20151014;000000;2542;2565;2492;2495;17528;0
PHOR;D;20151015;000000;2499;2531;2461;2503;13410;0
PHOR;D;20151016;000000;2459;2510;2455;2461;16867;0
PHOR;D;20151019;000000;2451;2545;2450;2531;16858;0
PHOR;D;20151020;000000;2542;2645;2536;2560;35915;0
PHOR;D;20151021;000000;2566;2599;2552;2595;12330;0
PHOR;D;20151022;000000;2622;2622;2567;2580;2884;0
PHOR;D;20151023;000000;2589;2624;2561;2572;17940;0
PHOR;D;20151026;000000;2576;2610;2571;2605;4344;0
PHOR;D;20151027;000000;2610;2659;2606;2659;11531;0
PHOR;D;20151028;000000;2660;2734;2612;2635;20458;0
PHOR;D;20151029;000000;2654;2701;2620;2644;9279;0
PHOR;D;20151030;000000;2654;2679;2625;2630;4247;0
PHOR;D;20151102;000000;2643;2669;2620;2625;5397;0
PHOR;D;20151103;000000;2640;2649;2576;2587;11918;0
PHOR;D;20151105;000000;2595;2644;2595;2633;5177;0
PHOR;D;20151106;000000;2640;2680;2634;2666;6059;0
PHOR;D;20151109;000000;2680;2692;2601;2664;7385;0
PHOR;D;20151110;000000;2642;2659;2620;2644;2392;0
PHOR;D;20151111;000000;2645;2658;2612;2641;1976;0
PHOR;D;20151112;000000;2659;2695;2650;2685;4324;0
PHOR;D;20151113;000000;2740;2740;2671;2673;6042;0
PHOR;D;20151116;000000;2661;2714;2499;2646;7450;0
PHOR;D;20151117;000000;2672;2797;2663;2750;18057;0
PHOR;D;20151118;000000;2768;2837;2720;2720;20180;0
PHOR;D;20151119;000000;2740;2784;2710;2717;17042;0
PHOR;D;20151120;000000;2735;2750;2700;2700;6754;0
PHOR;D;20151123;000000;2711;2780;2662;2772;9441;0
PHOR;D;20151124;000000;2789;2789;2690;2709;10259;0
PHOR;D;20151125;000000;2730;2771;2727;2750;13274;0
PHOR;D;20151126;000000;2745;2765;2722;2733;7328;0
PHOR;D;20151127;000000;2739;2777;2703;2723;5980;0
PHOR;D;20151130;000000;2730;2733;2705;2715;8426;0
PHOR;D;20151201;000000;2706;2724;2700;2716;2614;0
PHOR;D;20151202;000000;2704;2728;2690;2691;7824;0
PHOR;D;20151203;000000;2727;2776;2691;2740;7920;0
PHOR;D;20151204;000000;2740;2749;2685;2699;6310;0
PHOR;D;20151207;000000;2711;2774;2705;2754;12572;0
PHOR;D;20151208;000000;2753;2764;2710;2723;4994;0
PHOR;D;20151209;000000;2729;2740;2701;2713;4058;0
PHOR;D;20151210;000000;2712;2748;2695;2727;9166;0
PHOR;D;20151211;000000;2744;2794;2723;2772;14584;0
PHOR;D;20151214;000000;2777;2858;2773;2821;14584;0
PHOR;D;20151215;000000;2844;2845;2803;2830;13996;0
PHOR;D;20151216;000000;2821;2836;2815;2833;11721;0
PHOR;D;20151217;000000;2835;2930;2835;2915;14154;0
PHOR;D;20151218;000000;2919;2932;2851;2851;5617;0
PHOR;D;20151221;000000;2885;2897;2778;2855;8802;0
PHOR;D;20151222;000000;2870;2889;2805;2805;13802;0
PHOR;D;20151223;000000;2819;2847;2782;2802;21832;0
PHOR;D;20151224;000000;2820;2820;2761;2800;8337;0
PHOR;D;20151225;000000;2810;2889;2786;2851;10468;0
PHOR;D;20151228;000000;2860;2860;2810;2830;2132;0
PHOR;D;20151229;000000;2829;2868;2782;2813;7854;0
PHOR;D;20151230;000000;2817;2840;2803;2821;5664;0
PHOR;D;20160104;000000;2825;2860;2825;2835;1386;0
PHOR;D;20160105;000000;2827;2847;2815;2816;3723;0
PHOR;D;20160106;000000;2847;2847;2810;2826;1259;0
PHOR;D;20160111;000000;2781;2845;2781;2810;7954;0
PHOR;D;20160112;000000;2806;2861;2781;2828;10415;0
PHOR;D;20160113;000000;2822;2853;2820;2840;4990;0
PHOR;D;20160114;000000;2804;2836;2761;2786;7384;0
PHOR;D;20160115;000000;2792;2815;2600;2665;21036;0
PHOR;D;20160118;000000;2665;2757;2602;2689;12094;0
PHOR;D;20160119;000000;2702;2775;2702;2743;13393;0
PHOR;D;20160120;000000;2730;2745;2660;2730;9130;0
PHOR;D;20160121;000000;2730;2815;2730;2808;10454;0
PHOR;D;20160122;000000;2820;2877;2760;2863;40993;0
PHOR;D;20160125;000000;2811;2834;2733;2775;21204;0
PHOR;D;20160126;000000;2770;2791;2687;2715;14375;0
PHOR;D;20160127;000000;2715;2743;2667;2733;27120;0
PHOR;D;20160128;000000;2716;2747;2686;2704;10140;0
PHOR;D;20160129;000000;2712;2736;2674;2722;9804;0
PHOR;D;20160201;000000;2735;2760;2720;2747;8011;0
PHOR;D;20160202;000000;2751;2797;2730;2753;7082;0
PHOR;D;20160203;000000;2760;2774;2739;2749;3569;0
PHOR;D;20160204;000000;2761;2761;2684;2730;13729;0
PHOR;D;20160205;000000;2720;2744;2704;2710;3299;0
PHOR;D;20160208;000000;2721;2748;2660;2685;7240;0
PHOR;D;20160209;000000;2694;2704;2635;2693;8560;0
PHOR;D;20160210;000000;2683;2696;2661;2670;3583;0
PHOR;D;20160211;000000;2669;2692;2615;2675;12366;0
PHOR;D;20160212;000000;2674;2686;2648;2661;5428;0
PHOR;D;20160215;000000;2679;2679;2600;2611;8085;0
PHOR;D;20160216;000000;2610;2640;2550;2566;28528;0
PHOR;D;20160217;000000;2576;2608;2567;2580;7442;0
PHOR;D;20160218;000000;2590;2611;2550;2594;11045;0
PHOR;D;20160219;000000;2599;2625;2580;2609;8944;0
PHOR;D;20160220;000000;2608;2640;2602;2633;2041;0
PHOR;D;20160222;000000;2641;2648;2607;2640;2801;0
PHOR;D;20160224;000000;2640;2640;2601;2614;6173;0
PHOR;D;20160225;000000;2630;2665;2597;2650;11001;0
PHOR;D;20160226;000000;2660;2680;2641;2675;5670;0
PHOR;D;20160229;000000;2675;2791;2662;2791;19077;0
PHOR;D;20160301;000000;2771;2884;2720;2838;35172;0
PHOR;D;20160302;000000;2839;2870;2780;2787;8361;0
PHOR;D;20160303;000000;2800;2900;2790;2886;13473;0
PHOR;D;20160304;000000;2880;2924;2822;2873;14774;0
PHOR;D;20160307;000000;2883;2900;2861;2890;1533;0
PHOR;D;20160309;000000;2900;2900;2809;2875;7863;0
PHOR;D;20160310;000000;2861;2892;2830;2853;3412;0
PHOR;D;20160311;000000;2863;2885;2806;2862;8411;0
PHOR;D;20160314;000000;2840;2886;2830;2845;4474;0
PHOR;D;20160315;000000;2859;2895;2840;2876;7011;0
PHOR;D;20160316;000000;2891;2891;2845;2863;6223;0
PHOR;D;20160317;000000;2872;2890;2847;2875;4284;0
PHOR;D;20160318;000000;2875;2890;2834;2835;22265;0
PHOR;D;20160321;000000;2860;2861;2795;2847;9795;0
PHOR;D;20160322;000000;2852;2894;2835;2840;17903;0
PHOR;D;20160323;000000;2860;2878;2837;2855;5216;0
PHOR;D;20160324;000000;2845;2859;2812;2825;2880;0
PHOR;D;20160325;000000;2829;2856;2812;2833;1488;0
PHOR;D;20160328;000000;2834;2847;2805;2817;2201;0
PHOR;D;20160329;000000;2823;2840;2792;2810;4377;0
PHOR;D;20160330;000000;2820;2828;2751;2772;9311;0
PHOR;D;20160331;000000;2798;2809;2766;2800;3145;0
PHOR;D;20160401;000000;2788;2810;2760;2774;4718;0
PHOR;D;20160404;000000;2780;2814;2772;2799;2794;0
PHOR;D;20160405;000000;2801;2850;2782;2846;4190;0
PHOR;D;20160406;000000;2850;2850;2774;2796;3590;0
PHOR;D;20160407;000000;2785;2800;2767;2768;2386;0
PHOR;D;20160408;000000;2770;2790;2757;2789;1764;0
PHOR;D;20160411;000000;2780;2800;2722;2756;5114;0
PHOR;D;20160412;000000;2793;2793;2688;2698;6637;0
PHOR;D;20160413;000000;2710;2754;2682;2739;6555;0
PHOR;D;20160414;000000;2746;2778;2675;2717;4913;0
PHOR;D;20160415;000000;2714;2796;2714;2739;7505;0
PHOR;D;20160418;000000;2725;2850;2701;2838;13758;0
PHOR;D;20160419;000000;2824;2870;2823;2844;22611;0
PHOR;D;20160420;000000;2867;2950;2836;2925;41689;0
PHOR;D;20160421;000000;2925;2967;2900;2947;12069;0
PHOR;D;20160422;000000;2950;2957;2870;2915;16821;0
PHOR;D;20160425;000000;2936;2936;2845;2865;9810;0
PHOR;D;20160426;000000;2890;2890;2851;2875;2223;0
PHOR;D;20160427;000000;2853;2875;2840;2851;2202;0
PHOR;D;20160428;000000;2851;2872;2841;2863;1027;0
PHOR;D;20160429;000000;2844;2858;2816;2838;1236;0
PHOR;D;20160504;000000;2829;2894;2814;2869;4537;0
PHOR;D;20160505;000000;2864;2881;2838;2861;2160;0
PHOR;D;20160506;000000;2843;2855;2826;2846;1036;0
PHOR;D;20160510;000000;2837;2900;2831;2894;8131;0
PHOR;D;20160511;000000;2898;2941;2897;2925;4122;0
PHOR;D;20160512;000000;2906;2906;2830;2840;5073;0
PHOR;D;20160513;000000;2940;2948;2892;2932;12805;0
PHOR;D;20160516;000000;2927;2951;2853;2875;7004;0
PHOR;D;20160517;000000;2898;2902;2865;2884;4053;0
PHOR;D;20160518;000000;2905;2907;2875;2889;1065;0
PHOR;D;20160519;000000;2885;2900;2855;2881;2916;0
PHOR;D;20160520;000000;2876;2904;2867;2888;2461;0
PHOR;D;20160523;000000;2876;2906;2873;2899;1424;0
PHOR;D;20160524;000000;2895;2940;2881;2920;2273;0
PHOR;D;20160525;000000;2916;2965;2890;2922;12430;0
PHOR;D;20160526;000000;2905;2928;2894;2904;2628;0
PHOR;D;20160527;000000;2915;2920;2904;2916;12448;0
PHOR;D;20160530;000000;2921;2959;2921;2945;2568;0
PHOR;D;20160531;000000;2955;2955;2870;2880;10958;0
PHOR;D;20160601;000000;2875;2901;2770;2775;23919;0
PHOR;D;20160602;000000;2783;2789;2761;2771;16087;0
PHOR;D;20160603;000000;2782;2822;2740;2785;6380;0
PHOR;D;20160606;000000;2800;2848;2780;2840;4353;0
PHOR;D;20160607;000000;2831;2880;2812;2845;8420;0
PHOR;D;20160608;000000;2844;2860;2808;2825;6528;0
PHOR;D;20160609;000000;2776;2799;2737;2760;8653;0
PHOR;D;20160610;000000;2757;2759;2715;2745;2182;0
PHOR;D;20160614;000000;2750;2769;2743;2768;1332;0
PHOR;D;20160615;000000;2768;2768;2717;2730;5417;0
PHOR;D;20160616;000000;2731;2794;2731;2771;4946;0
PHOR;D;20160617;000000;2750;2790;2740;2790;3610;0
PHOR;D;20160620;000000;2791;2791;2750;2765;914;0
PHOR;D;20160621;000000;2750;2791;2742;2786;2893;0
PHOR;D;20160622;000000;2752;2781;2751;2757;4468;0
PHOR;D;20160623;000000;2741;2769;2730;2738;1610;0
PHOR;D;20160624;000000;2700;2799;2675;2779;7949;0
PHOR;D;20160627;000000;2766;2797;2733;2769;3338;0
PHOR;D;20160628;000000;2709;2789;2709;2788;2901;0
PHOR;D;20160629;000000;2791;2796;2750;2785;3755;0
PHOR;D;20160630;000000;2793;2796;2750;2769;2841;0
PHOR;D;20160701;000000;2769;2777;2742;2742;2443;0
PHOR;D;20160704;000000;2761;2772;2700;2718;3352;0
PHOR;D;20160705;000000;2725;2746;2635;2649;13060;0
PHOR;D;20160706;000000;2659;2672;2579;2580;11220;0
PHOR;D;20160707;000000;2598;2645;2590;2626;3523;0
PHOR;D;20160708;000000;2636;2636;2560;2593;8807;0
PHOR;D;20160711;000000;2597;2607;2548;2578;11394;0
PHOR;D;20160712;000000;2580;2580;2504;2535;29641;0
PHOR;D;20160713;000000;2541;2548;2501;2520;19768;0
PHOR;D;20160714;000000;2536;2536;2506;2517;10017;0
PHOR;D;20160715;000000;2537;2589;2515;2589;10889;0
PHOR;D;20160718;000000;2590;2650;2590;2648;9785;0
PHOR;D;20160719;000000;2654;2687;2617;2648;9492;0
PHOR;D;20160720;000000;2635;2653;2620;2645;4139;0
PHOR;D;20160721;000000;2642;2654;2622;2632;5402;0
PHOR;D;20160722;000000;2634;2657;2631;2649;8369;0
PHOR;D;20160725;000000;2650;2669;2636;2653;7650;0
PHOR;D;20160726;000000;2660;2714;2646;2700;11067;0
PHOR;D;20160727;000000;2703;2721;2680;2690;5229;0
PHOR;D;20160728;000000;2693;2736;2693;2700;5501;0
PHOR;D;20160729;000000;2705;2731;2704;2715;6311;0
PHOR;D;20160801;000000;2730;2734;2704;2722;3657;0
PHOR;D;20160802;000000;2713;2729;2705;2714;4040;0
PHOR;D;20160803;000000;2715;2735;2707;2729;4366;0
PHOR;D;20160804;000000;2720;2734;2706;2727;6721;0
PHOR;D;20160805;000000;2732;2735;2707;2721;12197;0
PHOR;D;20160808;000000;2728;2735;2705;2721;15370;0
PHOR;D;20160809;000000;2670;2674;2515;2670;15648;0
PHOR;D;20160810;000000;2661;2680;2640;2661;6274;0
PHOR;D;20160811;000000;2656;2665;2641;2657;5467;0
PHOR;D;20160812;000000;2654;2669;2643;2663;3057;0
PHOR;D;20160815;000000;2679;2679;2650;2656;2472;0
PHOR;D;20160816;000000;2652;2664;2635;2636;5847;0
PHOR;D;20160817;000000;2643;2643;2605;2621;14013;0
PHOR;D;20160818;000000;2631;2631;2555;2580;18059;0
PHOR;D;20160819;000000;2581;2595;2571;2584;3815;0
PHOR;D;20160822;000000;2596;2603;2579;2597;6798;0
PHOR;D;20160823;000000;2600;2617;2590;2599;2528;0
PHOR;D;20160824;000000;2599;2600;2584;2586;2421;0
PHOR;D;20160825;000000;2597;2600;2561;2580;2750;0
PHOR;D;20160826;000000;2584;2610;2566;2571;5388;0
PHOR;D;20160829;000000;2579;2585;2569;2569;1964;0
PHOR;D;20160830;000000;2582;2582;2554;2574;3416;0
PHOR;D;20160831;000000;2578;2595;2543;2586;8002;0
PHOR;D;20160901;000000;2581;2601;2581;2585;5053;0
PHOR;D;20160902;000000;2593;2595;2580;2591;2003;0
PHOR;D;20160905;000000;2593;2608;2585;2602;4466;0
PHOR;D;20160906;000000;2604;2610;2581;2593;5780;0
PHOR;D;20160907;000000;2600;2601;2577;2586;2658;0
PHOR;D;20160908;000000;2585;2588;2480;2563;5989;0
PHOR;D;20160909;000000;2553;2585;2551;2585;3549;0
PHOR;D;20160912;000000;2582;2582;2515;2553;4417;0
PHOR;D;20160913;000000;2554;2557;2540;2547;6887;0
PHOR;D;20160914;000000;2538;2557;2537;2547;1225;0
PHOR;D;20160915;000000;2549;2558;2530;2547;2313;0
PHOR;D;20160916;000000;2547;2558;2537;2551;1792;0
PHOR;D;20160919;000000;2553;2570;2545;2569;2349;0
PHOR;D;20160920;000000;2558;2588;2558;2570;2485;0
PHOR;D;20160921;000000;2570;2600;2561;2599;7626;0
PHOR;D;20160922;000000;2601;2617;2569;2573;9006;0
PHOR;D;20160923;000000;2586;2587;2531;2547;10899;0
PHOR;D;20160926;000000;2542;2575;2531;2560;5058;0
PHOR;D;20160927;000000;2560;2569;2532;2546;3282;0
PHOR;D;20160928;000000;2545;2560;2526;2535;5823;0
PHOR;D;20160929;000000;2548;2548;2484;2524;11007;0
PHOR;D;20160930;000000;2528;2528;2460;2490;8240;0
PHOR;D;20161003;000000;2490;2491;2442;2453;8629;0
PHOR;D;20161004;000000;2446;2458;2416;2458;5942;0
PHOR;D;20161005;000000;2446;2450;2421;2440;5913;0
PHOR;D;20161006;000000;2439;2448;2430;2439;1879;0
PHOR;D;20161007;000000;2441;2448;2409;2421;4587;0
PHOR;D;20161010;000000;2406;2445;2406;2423;2372;0
PHOR;D;20161011;000000;2427;2440;2418;2432;3218;0
PHOR;D;20161012;000000;2431;2446;2411;2446;5596;0
PHOR;D;20161013;000000;2418;2448;2388;2429;7570;0
PHOR;D;20161014;000000;2412;2439;2412;2420;1578;0
PHOR;D;20161017;000000;2420;2434;2411;2419;1773;0
PHOR;D;20161018;000000;2403;2440;2399;2410;4337;0
PHOR;D;20161019;000000;2416;2417;2351;2357;7839;0
PHOR;D;20161020;000000;2369;2369;2195;2240;31542;0
PHOR;D;20161021;000000;2240;2284;2200;2225;33356;0
PHOR;D;20161024;000000;2235;2293;2210;2291;17279;0
PHOR;D;20161025;000000;2303;2345;2283;2300;17712;0
PHOR;D;20161026;000000;2313;2335;2285;2330;10456;0
PHOR;D;20161027;000000;2343;2356;2330;2353;3955;0
PHOR;D;20161028;000000;2353;2360;2331;2341;2714;0
PHOR;D;20161031;000000;2321;2380;2321;2360;4621;0
PHOR;D;20161101;000000;2369;2369;2290;2313;16455;0
PHOR;D;20161102;000000;2317;2334;2295;2295;6831;0
PHOR;D;20161103;000000;2304;2326;2240;2250;7688;0
PHOR;D;20161107;000000;2255;2262;2224;2259;4310;0
PHOR;D;20161108;000000;2246;2356;2246;2331;11422;0
PHOR;D;20161109;000000;2330;2353;2307;2340;2553;0
PHOR;D;20161110;000000;2340;2377;2332;2370;8380;0
PHOR;D;20161111;000000;2380;2450;2340;2416;9822;0
PHOR;D;20161114;000000;2409;2449;2409;2440;6953;0
PHOR;D;20161115;000000;2420;2490;2420;2469;5342;0
PHOR;D;20161116;000000;2480;2487;2451;2454;5027;0
PHOR;D;20161117;000000;2454;2507;2454;2495;10835;0
PHOR;D;20161118;000000;2503;2535;2485;2492;6453;0
PHOR;D;20161121;000000;2487;2550;2486;2538;7978;0
PHOR;D;20161122;000000;2547;2561;2505;2540;11015;0
PHOR;D;20161123;000000;2531;2600;2530;2589;8914;0
PHOR;D;20161124;000000;2582;2601;2560;2575;4110;0
PHOR;D;20161125;000000;2571;2590;2522;2567;5723;0
PHOR;D;20161128;000000;2542;2592;2542;2579;3140;0
PHOR;D;20161129;000000;2581;2586;2527;2542;4897;0
PHOR;D;20161130;000000;2535;2583;2502;2552;8488;0
PHOR;D;20161201;000000;2555;2697;2534;2573;19455;0
PHOR;D;20161202;000000;2581;2597;2545;2565;7281;0
PHOR;D;20161205;000000;2583;2598;2562;2587;4153;0
PHOR;D;20161206;000000;2585;2673;2583;2629;13019;0
PHOR;D;20161207;000000;2657;2667;2621;2632;6883;0
PHOR;D;20161208;000000;2650;2650;2616;2628;2561;0
PHOR;D;20161209;000000;2638;2638;2596;2603;7061;0
PHOR;D;20161212;000000;2603;2629;2514;2537;10573;0
PHOR;D;20161213;000000;2534;2571;2526;2560;7864;0
PHOR;D;20161214;000000;2577;2584;2532;2570;5491;0
PHOR;D;20161215;000000;2573;2590;2553;2575;22997;0
PHOR;D;20161216;000000;2580;2600;2543;2600;12877;0
PHOR;D;20161219;000000;2582;2589;2476;2526;7794;0
PHOR;D;20161220;000000;2530;2548;2498;2510;16700;0
PHOR;D;20161221;000000;2530;2533;2485;2491;13715;0
PHOR;D;20161222;000000;2500;2575;2471;2508;38386;0
PHOR;D;20161223;000000;2502;2594;2493;2550;12541;0
PHOR;D;20161226;000000;2540;2598;2531;2557;3721;0
PHOR;D;20161227;000000;2536;2592;2536;2554;2569;0
PHOR;D;20161228;000000;2543;2560;2536;2540;6743;0
PHOR;D;20161229;000000;2550;2558;2526;2551;13302;0
PHOR;D;20161230;000000;2563;2599;2547;2599;8681;0
PHOR;D;20170103;000000;2600;2626;2581;2593;17423;0
PHOR;D;20170104;000000;2600;2620;2593;2607;5647;0
PHOR;D;20170105;000000;2614;2650;2552;2575;14787;0
PHOR;D;20170106;000000;2571;2592;2552;2578;3570;0
PHOR;D;20170109;000000;2598;2619;2561;2608;5861;0
PHOR;D;20170110;000000;2620;2650;2603;2623;7351;0
PHOR;D;20170111;000000;2643;2950;2612;2755;42661;0
PHOR;D;20170112;000000;2760;2837;2729;2750;57519;0
PHOR;D;20170113;000000;2760;2900;2705;2719;34517;0
PHOR;D;20170116;000000;2743;2862;2710;2758;49438;0
PHOR;D;20170117;000000;2758;2787;2695;2735;27115;0
PHOR;D;20170118;000000;2734;2827;2706;2756;48720;0
PHOR;D;20170119;000000;2767;2790;2721;2721;25121;0
PHOR;D;20170120;000000;2744;2798;2735;2759;22685;0
PHOR;D;20170123;000000;2767;2794;2727;2736;16047;0
PHOR;D;20170124;000000;2736;2785;2717;2767;13647;0
PHOR;D;20170125;000000;2780;2819;2753;2819;51969;0
PHOR;D;20170126;000000;2795;2809;2761;2799;12069;0
PHOR;D;20170127;000000;2805;2869;2780;2860;33216;0
PHOR;D;20170130;000000;2851;3048;2780;2863;27883;0
PHOR;D;20170131;000000;2872;2935;2823;2849;29706;0
PHOR;D;20170201;000000;2879;2899;2824;2850;20357;0
PHOR;D;20170202;000000;2860;2925;2852;2892;35461;0
PHOR;D;20170203;000000;2886;2895;2808;2835;29195;0
PHOR;D;20170206;000000;2835;2878;2730;2756;27232;0
PHOR;D;20170207;000000;2758;2789;2748;2760;25123;0
PHOR;D;20170208;000000;2782;2796;2650;2700;50230;0
PHOR;D;20170209;000000;2700;2708;2522;2522;758007;0
PHOR;D;20170210;000000;2547;2574;2534;2546;86217;0
PHOR;D;20170213;000000;2564;2569;2518;2530;46802;0
PHOR;D;20170214;000000;2546;2548;2450;2480;99596;0
PHOR;D;20170215;000000;2500;2548;2455;2514;71549;0
PHOR;D;20170216;000000;2517;2550;2478;2540;32388;0
PHOR;D;20170217;000000;2558;2568;2530;2548;67759;0
PHOR;D;20170220;000000;2560;2620;2546;2570;110895;0
PHOR;D;20170221;000000;2577;2585;2552;2567;60525;0
PHOR;D;20170222;000000;2583;2598;2555;2578;33064;0
PHOR;D;20170224;000000;2560;2590;2490;2500;40498;0
PHOR;D;20170227;000000;2495;2512;2468;2481;50933;0
PHOR;D;20170228;000000;2490;2515;1729;2400;194423;0
PHOR;D;20170301;000000;2445;2515;2403;2442;54470;0
PHOR;D;20170302;000000;2470;2500;2418;2461;44306;0
PHOR;D;20170303;000000;2445;2475;2402;2421;60501;0
PHOR;D;20170306;000000;2420;2458;2420;2444;20358;0
PHOR;D;20170307;000000;2448;2467;2401;2460;38978;0
PHOR;D;20170309;000000;2408;2429;2301;2384;166818;0
PHOR;D;20170310;000000;2351;2399;2284;2299;130287;0
PHOR;D;20170313;000000;2303;2364;2205;2304;34447;0
PHOR;D;20170314;000000;2319;2417;2298;2392;92269;0
PHOR;D;20170315;000000;2400;2421;2338;2338;37660;0
PHOR;D;20170316;000000;2377;2393;2352;2370;57613;0
PHOR;D;20170317;000000;2375;2425;2341;2391;37228;0
PHOR;D;20170320;000000;2390;2442;2357;2359;22591;0
PHOR;D;20170321;000000;2350;2416;2350;2389;33654;0
PHOR;D;20170322;000000;2341;2409;2301;2405;49882;0
PHOR;D;20170323;000000;2420;2454;2395;2404;14176;0
PHOR;D;20170324;000000;2419;2419;2380;2383;5794;0
PHOR;D;20170327;000000;2400;2400;2310;2328;21999;0
PHOR;D;20170328;000000;2350;2369;2252;2347;70449;0
PHOR;D;20170329;000000;2337;2438;2337;2424;68887;0
PHOR;D;20170330;000000;2410;2436;2388;2409;20984;0
PHOR;D;20170331;000000;2395;2422;2355;2366;12519;0
PHOR;D;20170403;000000;2354;2400;2333;2381;15245;0
PHOR;D;20170404;000000;2376;2401;2369;2369;17096;0
PHOR;D;20170405;000000;2372;2426;2372;2398;24548;0
PHOR;D;20170406;000000;2390;2438;2390;2410;18324;0
PHOR;D;20170407;000000;2415;2430;2385;2425;23387;0
PHOR;D;20170410;000000;2447;2447;2305;2370;43870;0
PHOR;D;20170411;000000;2350;2403;2315;2399;36424;0
PHOR;D;20170412;000000;2390;2424;2318;2336;47740;0
PHOR;D;20170413;000000;2320;2336;2288;2324;48570;0
PHOR;D;20170414;000000;2304;2313;2291;2291;6159;0
PHOR;D;20170417;000000;2290;2361;2263;2318;20589;0
PHOR;D;20170418;000000;2319;2348;2261;2279;44738;0
PHOR;D;20170419;000000;2290;2304;2230;2276;41753;0
PHOR;D;20170420;000000;2251;2294;2237;2261;61508;0
PHOR;D;20170421;000000;2299;2315;2263;2306;27614;0
PHOR;D;20170424;000000;2331;2360;2301;2317;50964;0
PHOR;D;20170425;000000;2306;2400;2306;2376;55730;0
PHOR;D;20170426;000000;2399;2446;2369;2434;45977;0
PHOR;D;20170427;000000;2448;2459;2391;2423;53576;0
PHOR;D;20170428;000000;2423;2469;2380;2415;37690;0
PHOR;D;20170502;000000;2432;2470;2382;2399;67285;0
PHOR;D;20170503;000000;2419;2454;2382;2398;28687;0
PHOR;D;20170504;000000;2400;2459;2390;2431;29307;0
PHOR;D;20170505;000000;2411;2454;2411;2443;34097;0
PHOR;D;20170510;000000;2465;2516;2441;2479;36051;0
PHOR;D;20170511;000000;2474;2496;2387;2394;42348;0
PHOR;D;20170512;000000;2398;2400;2351;2384;26963;0
PHOR;D;20170515;000000;2398;2398;2311;2365;34596;0
PHOR;D;20170516;000000;2381;2409;2320;2391;34422;0
PHOR;D;20170517;000000;2390;2428;2368;2376;39596;0
PHOR;D;20170518;000000;2351;2417;2322;2400;52905;0
PHOR;D;20170519;000000;2411;2427;2320;2347;36415;0
PHOR;D;20170522;000000;2349;2351;2300;2317;54977;0
PHOR;D;20170523;000000;2327;2345;2298;2332;43402;0
PHOR;D;20170524;000000;2340;2350;2300;2300;19633;0
PHOR;D;20170525;000000;2301;2345;2291;2323;30162;0
PHOR;D;20170526;000000;2311;2369;2302;2355;46488;0
PHOR;D;20170529;000000;2357;2395;2317;2328;25657;0
PHOR;D;20170530;000000;2339;2353;2300;2316;32207;0
PHOR;D;20170531;000000;2322;2358;2307;2307;23739;0
PHOR;D;20170601;000000;2345;2345;2292;2298;39767;0
PHOR;D;20170602;000000;2299;2299;2232;2269;81825;0
PHOR;D;20170605;000000;2274;2319;2244;2267;35206;0
PHOR;D;20170606;000000;2272;2280;2247;2264;18900;0
PHOR;D;20170607;000000;2259;2280;2249;2275;36650;0
PHOR;D;20170608;000000;2270;2280;2249;2260;33311;0
PHOR;D;20170609;000000;2250;2288;2234;2260;27399;0
PHOR;D;20170613;000000;2250;2260;2186;2200;64411;0
PHOR;D;20170614;000000;2200;2227;2151;2169;45090;0
PHOR;D;20170615;000000;2161;2205;2124;2203;122750;0
PHOR;D;20170616;000000;2153;2221;2142;2208;52534;0
PHOR;D;20170619;000000;2183;2264;2182;2245;50885;0
PHOR;D;20170620;000000;2253;2319;2240;2308;55186;0
PHOR;D;20170621;000000;2300;2350;2289;2324;25557;0
PHOR;D;20170622;000000;2322;2350;2282;2344;19602;0
PHOR;D;20170623;000000;2320;2379;2316;2359;19118;0
PHOR;D;20170626;000000;2370;2392;2306;2324;26580;0
PHOR;D;20170627;000000;2304;2327;2270;2290;26106;0
PHOR;D;20170628;000000;2280;2327;2251;2305;27378;0
PHOR;D;20170629;000000;2303;2335;2260;2278;17958;0
PHOR;D;20170630;000000;2299;2320;2255;2301;10348;0
PHOR;D;20170703;000000;2290;2307;2251;2275;29715;0
PHOR;D;20170704;000000;2254;2326;2254;2315;21053;0
PHOR;D;20170705;000000;2315;2350;2307;2327;19249;0
PHOR;D;20170706;000000;2358;2413;2314;2355;30002;0
PHOR;D;20170707;000000;2351;2396;2343;2379;16124;0
PHOR;D;20170710;000000;2387;2447;2332;2382;14530;0
PHOR;D;20170711;000000;2386;2410;2352;2366;25735;0
PHOR;D;20170712;000000;2382;2387;2344;2363;29176;0
PHOR;D;20170713;000000;2371;2391;2337;2361;43597;0
PHOR;D;20170714;000000;2352;2374;2337;2341;16724;0
PHOR;D;20170717;000000;2359;2361;2321;2334;31151;0
PHOR;D;20170718;000000;2331;2367;2331;2352;26695;0
PHOR;D;20170719;000000;2341;2371;2337;2356;22498;0
PHOR;D;20170720;000000;2345;2394;2345;2374;33254;0
PHOR;D;20170721;000000;2389;2407;2356;2390;35566;0
PHOR;D;20170724;000000;2370;2420;2364;2410;14097;0
PHOR;D;20170725;000000;2382;2415;2382;2397;20246;0
PHOR;D;20170726;000000;2400;2425;2384;2405;19043;0
PHOR;D;20170727;000000;2423;2423;2383;2389;12369;0
PHOR;D;20170728;000000;2405;2405;2327;2358;26995;0
PHOR;D;20170731;000000;2364;2393;2351;2385;15884;0
PHOR;D;20170801;000000;2378;2405;2350;2350;13477;0
PHOR;D;20170802;000000;2361;2398;2361;2395;16308;0
PHOR;D;20170803;000000;2408;2408;2350;2384;9375;0
PHOR;D;20170804;000000;2365;2377;2357;2377;18257;0
PHOR;D;20170807;000000;2370;2397;2358;2380;13255;0
PHOR;D;20170808;000000;2380;2425;2371;2410;20224;0
PHOR;D;20170809;000000;2415;2450;2400;2420;15626;0
PHOR;D;20170810;000000;2429;2456;2417;2422;13018;0
PHOR;D;20170811;000000;2420;2443;2391;2424;21074;0
PHOR;D;20170814;000000;2420;2453;2420;2429;32527;0
PHOR;D;20170815;000000;2436;2459;2399;2417;18685;0
PHOR;D;20170816;000000;2417;2424;2386;2397;29780;0
PHOR;D;20170817;000000;2401;2406;2372;2395;9728;0
PHOR;D;20170818;000000;2374;2431;2360;2403;21253;0
PHOR;D;20170821;000000;2412;2445;2409;2440;13725;0
PHOR;D;20170822;000000;2441;2449;2407;2419;26315;0
PHOR;D;20170823;000000;2433;2437;2407;2430;12195;0
PHOR;D;20170824;000000;2428;2437;2383;2401;18827;0
PHOR;D;20170825;000000;2378;2425;2378;2415;16082;0
PHOR;D;20170828;000000;2410;2424;2383;2391;12759;0
PHOR;D;20170829;000000;2410;2410;2354;2366;39902;0
PHOR;D;20170830;000000;2377;2388;2315;2328;43486;0
PHOR;D;20170831;000000;2330;2375;2297;2303;48562;0
PHOR;D;20170901;000000;2303;2345;2289;2336;20605;0
PHOR;D;20170904;000000;2349;2354;2298;2311;17560;0
PHOR;D;20170905;000000;2314;2327;2272;2290;22859;0
PHOR;D;20170906;000000;2286;2313;2273;2303;24484;0
PHOR;D;20170907;000000;2305;2312;2272;2280;18616;0
PHOR;D;20170908;000000;2279;2296;2265;2277;14443;0
PHOR;D;20170911;000000;2277;2297;2256;2270;25756;0
PHOR;D;20170912;000000;2273;2299;2267;2290;17974;0
PHOR;D;20170913;000000;2299;2350;2296;2315;40525;0
PHOR;D;20170914;000000;2318;2348;2308;2333;11966;0
PHOR;D;20170915;000000;2334;2353;2321;2353;19113;0
PHOR;D;20170918;000000;2356;2383;2335;2345;20963;0
PHOR;D;20170919;000000;2368;2368;2330;2345;9851;0
PHOR;D;20170920;000000;2357;2361;2325;2330;22069;0
PHOR;D;20170921;000000;2339;2369;2332;2339;22500;0
PHOR;D;20170922;000000;2341;2365;2302;2345;44823;0
PHOR;D;20170925;000000;2359;2360;2330;2351;20487;0
PHOR;D;20170926;000000;2350;2360;2345;2352;14950;0
PHOR;D;20170927;000000;2359;2376;2341;2351;7302;0
PHOR;D;20170928;000000;2350;2373;2340;2340;6451;0
PHOR;D;20170929;000000;2340;2350;2325;2325;11817;0
PHOR;D;20171002;000000;2334;2358;2318;2352;13118;0
PHOR;D;20171003;000000;2352;2370;2352;2354;25037;0
PHOR;D;20171004;000000;2351;2379;2350;2352;12803;0
PHOR;D;20171005;000000;2365;2365;2343;2358;16185;0
PHOR;D;20171006;000000;2364;2375;2353;2368;14769;0
PHOR;D;20171009;000000;2376;2403;2368;2394;24960;0
PHOR;D;20171010;000000;2396;2420;2370;2378;11044;0
PHOR;D;20171011;000000;2371;2389;2359;2378;27755;0
PHOR;D;20171012;000000;2360;2371;2333;2356;31609;0
PHOR;D;20171013;000000;2360;2360;2321;2335;20218;0
PHOR;D;20171016;000000;2341;2361;2321;2344;19933;0
PHOR;D;20171017;000000;2356;2356;2322;2331;19745;0
PHOR;D;20171018;000000;2331;2345;2302;2340;27446;0
PHOR;D;20171019;000000;2354;2355;2305;2322;23085;0
PHOR;D;20171020;000000;2305;2329;2272;2313;34847;0
PHOR;D;20171023;000000;2303;2335;2263;2276;36799;0
PHOR;D;20171024;000000;2280;2286;2255;2270;25253;0
PHOR;D;20171025;000000;2274;2299;2266;2275;20977;0
PHOR;D;20171026;000000;2273;2280;2252;2266;41935;0
PHOR;D;20171027;000000;2281;2316;2261;2293;66867;0
PHOR;D;20171030;000000;2310;2337;2285;2322;14889;0
PHOR;D;20171031;000000;2323;2340;2310;2340;15669;0
PHOR;D;20171101;000000;2322;2349;2316;2325;17179;0
PHOR;D;20171102;000000;2330;2345;2317;2336;10408;0
PHOR;D;20171103;000000;2344;2409;2330;2389;53482;0
PHOR;D;20171107;000000;2404;2465;2403;2454;73919;0
PHOR;D;20171108;000000;2467;2485;2441;2448;40849;0
PHOR;D;20171109;000000;2452;2464;2428;2430;27432;0
PHOR;D;20171110;000000;2446;2459;2405;2432;36561;0
PHOR;D;20171113;000000;2445;2473;2436;2466;44508;0
PHOR;D;20171114;000000;2491;2540;2450;2537;63492;0
PHOR;D;20171115;000000;2538;2562;2509;2534;60582;0
PHOR;D;20171116;000000;2540;2572;2490;2545;76687;0
PHOR;D;20171117;000000;2535;2575;2494;2570;39972;0
PHOR;D;20171120;000000;2572;2586;2546;2568;21052;0
PHOR;D;20171121;000000;2566;2605;2566;2588;25928;0
PHOR;D;20171122;000000;2592;2609;2514;2538;55059;0
PHOR;D;20171123;000000;2518;2537;2485;2510;53636;0
PHOR;D;20171124;000000;2493;2539;2493;2496;17244;0
PHOR;D;20171127;000000;2487;2495;2457;2473;30971;0
PHOR;D;20171128;000000;2478;2507;2447;2488;19375;0
PHOR;D;20171129;000000;2494;2494;2455;2472;13754;0
PHOR;D;20171130;000000;2464;2488;2448;2470;21394;0
PHOR;D;20171201;000000;2477;2489;2451;2465;11809;0
PHOR;D;20171204;000000;2484;2484;2452;2470;28468;0
PHOR;D;20171205;000000;2458;2464;2429;2449;38806;0
PHOR;D;20171206;000000;2457;2552;2426;2543;41162;0
PHOR;D;20171207;000000;2521;2562;2503;2511;20517;0
PHOR;D;20171208;000000;2508;2546;2492;2505;20997;0
PHOR;D;20171211;000000;2505;2559;2483;2546;21147;0
PHOR;D;20171212;000000;2580;2590;2512;2550;12874;0
PHOR;D;20171213;000000;2548;2572;2524;2564;24835;0
PHOR;D;20171214;000000;2546;2590;2546;2561;24275;0
PHOR;D;20171215;000000;2585;2598;2545;2553;23232;0
PHOR;D;20171218;000000;2555;2592;2525;2542;17313;0
PHOR;D;20171219;000000;2560;2576;2519;2564;22573;0
PHOR;D;20171220;000000;2540;2559;2493;2544;41168;0
PHOR;D;20171221;000000;2547;2573;2480;2500;26968;0
PHOR;D;20171222;000000;2500;2523;2470;2493;25513;0
PHOR;D;20171225;000000;2509;2516;2486;2492;7528;0
PHOR;D;20171226;000000;2501;2514;2435;2475;18652;0
PHOR;D;20171227;000000;2489;2500;2451;2500;27247;0
PHOR;D;20171228;000000;2497;2507;2450;2463;29160;0
PHOR;D;20171229;000000;2458;2507;2441;2499;16956;0
PHOR;D;20180103;000000;2505;2538;2480;2510;14231;0
PHOR;D;20180104;000000;2509;2529;2489;2497;17754;0
PHOR;D;20180105;000000;2496;2505;2482;2494;12485;0
PHOR;D;20180109;000000;2504;2527;2489;2519;24814;0
PHOR;D;20180110;000000;2511;2547;2500;2530;20776;0
PHOR;D;20180111;000000;2542;2550;2515;2542;32368;0
PHOR;D;20180112;000000;2538;2563;2524;2544;23285;0
PHOR;D;20180115;000000;2552;2564;2516;2538;18345;0
PHOR;D;20180116;000000;2544;2544;2515;2539;31301;0
PHOR;D;20180117;000000;2539;2549;2501;2540;33784;0
PHOR;D;20180118;000000;2548;2557;2502;2535;37748;0
PHOR;D;20180119;000000;2522;2550;2511;2547;18520;0
PHOR;D;20180122;000000;2547;2564;2537;2564;32055;0
PHOR;D;20180123;000000;2555;2574;2543;2543;32345;0
PHOR;D;20180124;000000;2545;2559;2526;2530;18127;0
PHOR;D;20180125;000000;2530;2543;2502;2505;21286;0
PHOR;D;20180126;000000;2508;2537;2469;2491;21737;0
PHOR;D;20180129;000000;2480;2500;2463;2483;14718;0
PHOR;D;20180130;000000;2473;2501;2447;2470;15521;0
PHOR;D;20180131;000000;2489;2489;2446;2450;15252;0
PHOR;D;20180201;000000;2453;2473;2451;2465;17364;0
PHOR;D;20180202;000000;2465;2475;2383;2400;42285;0
PHOR;D;20180205;000000;2393;2403;2263;2380;45942;0
PHOR;D;20180206;000000;2280;2380;2280;2321;49096;0
PHOR;D;20180207;000000;2340;2382;2321;2372;24339;0
PHOR;D;20180208;000000;2389;2403;2344;2355;27186;0
PHOR;D;20180209;000000;2349;2435;2322;2420;41020;0
PHOR;D;20180212;000000;2420;2434;2384;2405;21147;0
PHOR;D;20180213;000000;2408;2465;2395;2445;43855;0
PHOR;D;20180214;000000;2462;2462;2401;2416;29610;0
PHOR;D;20180215;000000;2423;2478;2400;2459;46196;0
PHOR;D;20180216;000000;2469;2514;2469;2489;46684;0
PHOR;D;20180219;000000;2502;2504;2464;2495;12484;0
PHOR;D;20180220;000000;2482;2489;2450;2459;10304;0
PHOR;D;20180221;000000;2450;2464;2440;2464;14729;0
PHOR;D;20180222;000000;2451;2458;2433;2444;11737;0
PHOR;D;20180226;000000;2454;2492;2436;2480;29171;0
PHOR;D;20180227;000000;2499;2503;2338;2459;35644;0
PHOR;D;20180228;000000;2459;2473;2380;2397;27407;0
PHOR;D;20180301;000000;2399;2427;2385;2422;20593;0
PHOR;D;20180302;000000;2402;2437;2385;2406;17286;0
PHOR;D;20180305;000000;2398;2456;2398;2428;18610;0
PHOR;D;20180306;000000;2444;2459;2420;2459;19190;0
PHOR;D;20180307;000000;2460;2491;2425;2491;34710;0
PHOR;D;20180309;000000;2474;2484;2439;2440;10820;0
PHOR;D;20180312;000000;2437;2465;2427;2435;15933;0
PHOR;D;20180313;000000;2432;2448;2398;2428;23909;0
PHOR;D;20180314;000000;2424;2429;2390;2402;22105;0
PHOR;D;20180315;000000;2400;2408;2351;2394;49689;0
PHOR;D;20180316;000000;2400;2400;2353;2357;34578;0
PHOR;D;20180319;000000;2376;2389;2338;2385;13652;0
PHOR;D;20180320;000000;2379;2383;2332;2340;41471;0
PHOR;D;20180321;000000;2339;2355;2275;2300;56116;0
PHOR;D;20180322;000000;2300;2300;2241;2262;47664;0
PHOR;D;20180323;000000;2250;2290;2225;2271;35263;0
PHOR;D;20180326;000000;2285;2300;2232;2267;28152;0
PHOR;D;20180327;000000;2250;2289;2241;2266;13879;0
PHOR;D;20180328;000000;2259;2297;2250;2294;39246;0
PHOR;D;20180329;000000;2294;2338;2282;2338;18988;0
PHOR;D;20180330;000000;2337;2361;2311;2317;12151;0
PHOR;D;20180402;000000;2318;2361;2314;2344;8267;0
PHOR;D;20180403;000000;2344;2349;2318;2329;18006;0
PHOR;D;20180404;000000;2325;2344;2304;2341;26129;0
PHOR;D;20180405;000000;2343;2375;2335;2350;20478;0
PHOR;D;20180406;000000;2348;2382;2341;2354;17728;0
PHOR;D;20180409;000000;2355;2359;2151;2267;145063;0
PHOR;D;20180410;000000;2250;2394;2217;2351;113432;0
PHOR;D;20180411;000000;2336;2448;2335;2390;93301;0
PHOR;D;20180412;000000;2399;2456;2344;2405;67192;0
PHOR;D;20180413;000000;2448;2479;2425;2470;44792;0
PHOR;D;20180416;000000;2416;2498;2409;2454;22481;0
PHOR;D;20180417;000000;2450;2486;2422;2431;37398;0
PHOR;D;20180418;000000;2426;2462;2385;2410;32116;0
PHOR;D;20180419;000000;2415;2422;2351;2375;22688;0
PHOR;D;20180420;000000;2363;2398;2359;2397;9535;0
PHOR;D;20180423;000000;2400;2460;2376;2441;24300;0
PHOR;D;20180424;000000;2437;2444;2383;2402;11232;0
PHOR;D;20180425;000000;2391;2436;2365;2422;11861;0
PHOR;D;20180426;000000;2422;2480;2416;2460;27021;0
PHOR;D;20180427;000000;2468;2478;2442;2476;16768;0
PHOR;D;20180428;000000;2477;2483;2450;2462;2197;0
PHOR;D;20180430;000000;2463;2504;2453;2500;12246;0
PHOR;D;20180502;000000;2486;2523;2461;2522;15879;0
PHOR;D;20180503;000000;2516;2522;2476;2476;7271;0
PHOR;D;20180504;000000;2495;2509;2453;2490;14575;0
PHOR;D;20180507;000000;2483;2500;2473;2475;11546;0
PHOR;D;20180508;000000;2475;2488;2430;2487;18129;0
PHOR;D;20180510;000000;2481;2505;2446;2446;36366;0
PHOR;D;20180511;000000;2457;2486;2430;2430;10996;0
PHOR;D;20180514;000000;2455;2471;2419;2451;15020;0
PHOR;D;20180515;000000;2442;2461;2417;2427;14678;0
PHOR;D;20180516;000000;2428;2466;2402;2420;25471;0
PHOR;D;20180517;000000;2412;2437;2401;2423;20836;0
PHOR;D;20180518;000000;2414;2422;2403;2410;22469;0
PHOR;D;20180521;000000;2418;2433;2393;2406;24999;0
PHOR;D;20180522;000000;2413;2413;2271;2313;118201;0
PHOR;D;20180523;000000;2314;2316;2269;2301;60050;0
PHOR;D;20180524;000000;2307;2332;2286;2332;24133;0
PHOR;D;20180525;000000;2325;2353;2301;2329;40600;0
PHOR;D;20180528;000000;2350;2375;2338;2370;16962;0
PHOR;D;20180529;000000;2373;2382;2336;2347;37114;0
PHOR;D;20180530;000000;2351;2445;2320;2320;89927;0
PHOR;D;20180531;000000;2333;2360;2302;2322;26578;0
PHOR;D;20180601;000000;2335;2338;2315;2331;8985;0
PHOR;D;20180604;000000;2341;2351;2327;2345;14288;0
PHOR;D;20180605;000000;2344;2359;2316;2328;20513;0
PHOR;D;20180606;000000;2317;2338;2303;2319;22493;0
PHOR;D;20180607;000000;2319;2322;2266;2306;19129;0
PHOR;D;20180608;000000;2302;2316;2289;2300;61696;0
PHOR;D;20180609;000000;2313;2316;2291;2300;4437;0
PHOR;D;20180611;000000;2294;2315;2288;2315;6158;0
PHOR;D;20180613;000000;2315;2333;2310;2322;13889;0
PHOR;D;20180614;000000;2314;2323;2288;2298;35909;0
PHOR;D;20180615;000000;2292;2332;2291;2296;40570;0
PHOR;D;20180618;000000;2299;2299;2259;2295;30680;0
PHOR;D;20180619;000000;2297;2315;2263;2315;39347;0
PHOR;D;20180620;000000;2308;2330;2262;2285;32650;0
PHOR;D;20180621;000000;2288;2298;2270;2286;22202;0
PHOR;D;20180622;000000;2280;2316;2269;2291;28642;0
PHOR;D;20180625;000000;2312;2336;2288;2303;19169;0
PHOR;D;20180626;000000;2308;2333;2271;2293;17212;0
PHOR;D;20180627;000000;2300;2304;2250;2264;33901;0
PHOR;D;20180628;000000;2269;2292;2257;2280;17777;0
PHOR;D;20180629;000000;2284;2291;2264;2270;13251;0
PHOR;D;20180702;000000;2275;2290;2271;2290;12215;0
PHOR;D;20180703;000000;2282;2289;2260;2272;11800;0
PHOR;D;20180704;000000;2272;2293;2266;2268;8789;0
PHOR;D;20180705;000000;2275;2291;2267;2277;11593;0
PHOR;D;20180706;000000;2277;2346;2268;2320;31905;0
PHOR;D;20180709;000000;2320;2372;2316;2359;29579;0
PHOR;D;20180710;000000;2363;2390;2347;2349;15474;0
PHOR;D;20180711;000000;2345;2393;2282;2325;50547;0
PHOR;D;20180712;000000;2315;2321;2277;2290;15836;0
PHOR;D;20180713;000000;2309;2335;2291;2326;23246;0
PHOR;D;20180716;000000;2318;2335;2295;2310;18821;0
PHOR;D;20180717;000000;2310;2342;2285;2318;22218;0
PHOR;D;20180718;000000;2331;2367;2331;2343;21218;0
PHOR;D;20180719;000000;2333;2363;2315;2328;39787;0
PHOR;D;20180720;000000;2311;2368;2286;2300;31829;0
PHOR;D;20180723;000000;2291;2337;2291;2303;16115;0
PHOR;D;20180724;000000;2294;2315;2281;2286;15930;0
PHOR;D;20180725;000000;2290;2302;2270;2276;15992;0
PHOR;D;20180726;000000;2279;2288;2261;2266;19737;0
PHOR;D;20180727;000000;2278;2285;2258;2262;30456;0
PHOR;D;20180730;000000;2265;2277;2253;2272;17472;0
PHOR;D;20180731;000000;2277;2295;2257;2284;17147;0
PHOR;D;20180801;000000;2294;2304;2271;2293;11350;0
PHOR;D;20180802;000000;2281;2303;2277;2290;12479;0
PHOR;D;20180803;000000;2280;2310;2276;2288;12853;0
PHOR;D;20180806;000000;2299;2310;2265;2280;14486;0
PHOR;D;20180807;000000;2290;2290;2261;2263;14229;0
PHOR;D;20180808;000000;2265;2300;2260;2293;23450;0
PHOR;D;20180809;000000;2299;2323;2264;2302;36307;0
PHOR;D;20180810;000000;2279;2300;2245;2298;34502;0
PHOR;D;20180813;000000;2273;2290;2255;2282;29068;0
PHOR;D;20180814;000000;2290;2290;2261;2271;16373;0
PHOR;D;20180815;000000;2273;2337;2264;2314;43827;0
PHOR;D;20180816;000000;2317;2337;2314;2319;13802;0
PHOR;D;20180817;000000;2329;2335;2304;2325;12286;0
PHOR;D;20180820;000000;2330;2354;2330;2347;17345;0
PHOR;D;20180821;000000;2347;2405;2334;2374;32693;0
PHOR;D;20180822;000000;2380;2414;2350;2360;27585;0
PHOR;D;20180823;000000;2385;2447;2371;2412;46167;0
PHOR;D;20180824;000000;2414;2460;2409;2425;48507;0
PHOR;D;20180827;000000;2400;2508;2387;2470;100818;0
PHOR;D;20180828;000000;2470;2536;2463;2531;65847;0
PHOR;D;20180829;000000;2544;2640;2535;2640;61426;0
PHOR;D;20180830;000000;2638;2683;2603;2650;43273;0
PHOR;D;20180831;000000;2642;2642;2540;2609;46444;0
PHOR;D;20180903;000000;2610;2619;2561;2599;35934;0
PHOR;D;20180904;000000;2567;2612;2562;2583;44545;0
PHOR;D;20180905;000000;2569;2591;2556;2589;44908;0
PHOR;D;20180906;000000;2591;2593;2541;2585;49537;0
PHOR;D;20180907;000000;2585;2673;2569;2639;67595;0
PHOR;D;20180910;000000;2639;2710;2612;2708;74150;0
PHOR;D;20180911;000000;2703;2733;2650;2689;69833;0
PHOR;D;20180912;000000;2690;2706;2650;2659;27150;0
PHOR;D;20180913;000000;2659;2671;2600;2605;30137;0
PHOR;D;20180914;000000;2614;2668;2595;2649;31495;0
PHOR;D;20180917;000000;2665;2668;2610;2651;27891;0
PHOR;D;20180918;000000;2673;2703;2627;2650;110713;0
PHOR;D;20180919;000000;2654;2668;2622;2638;35659;0
PHOR;D;20180920;000000;2638;2720;2629;2690;151820;0
PHOR;D;20180921;000000;2689;2704;2603;2603;165888;0
PHOR;D;20180924;000000;2622;2647;2556;2573;49515;0
PHOR;D;20180925;000000;2579;2600;2541;2548;32923;0
PHOR;D;20180926;000000;2558;2589;2513;2529;42515;0
PHOR;D;20180927;000000;2520;2555;2511;2525;19989;0
PHOR;D;20180928;000000;2530;2536;2481;2517;29836;0
PHOR;D;20181001;000000;2525;2575;2512;2550;29662;0
PHOR;D;20181002;000000;2560;2589;2543;2546;17810;0
PHOR;D;20181003;000000;2566;2637;2538;2623;64078;0
PHOR;D;20181004;000000;2621;2670;2586;2657;58241;0
PHOR;D;20181005;000000;2670;2689;2621;2630;18167;0
PHOR;D;20181008;000000;2648;2666;2588;2615;23976;0
PHOR;D;20181009;000000;2625;2640;2552;2555;34811;0
PHOR;D;20181010;000000;2554;2571;2472;2493;64419;0
PHOR;D;20181011;000000;2448;2465;2368;2443;57014;0
PHOR;D;20181012;000000;2475;2493;2455;2463;14795;0
PHOR;D;20181015;000000;2475;2475;2427;2457;8307;0
PHOR;D;20181016;000000;2469;2499;2446;2473;31566;0
PHOR;D;20181017;000000;2495;2533;2425;2446;31753;0
PHOR;D;20181018;000000;2450;2492;2430;2449;44929;0
PHOR;D;20181019;000000;2462;2481;2419;2436;45286;0
PHOR;D;20181022;000000;2436;2474;2410;2418;27352;0
PHOR;D;20181023;000000;2410;2444;2372;2441;44666;0
PHOR;D;20181024;000000;2429;2470;2402;2426;63495;0
PHOR;D;20181025;000000;2400;2428;2373;2412;36621;0
PHOR;D;20181026;000000;2424;2427;2365;2391;33931;0
PHOR;D;20181029;000000;2391;2434;2370;2424;12743;0
PHOR;D;20181030;000000;2425;2439;2370;2390;26241;0
PHOR;D;20181031;000000;2404;2475;2404;2470;39120;0
PHOR;D;20181101;000000;2460;2496;2424;2480;28123;0
PHOR;D;20181102;000000;2478;2539;2478;2509;17670;0
PHOR;D;20181106;000000;2500;2541;2500;2527;26001;0
PHOR;D;20181107;000000;2518;2542;2475;2532;23061;0
PHOR;D;20181108;000000;2540;2552;2510;2520;12981;0
PHOR;D;20181109;000000;2510;2520;2477;2492;22288;0
PHOR;D;20181112;000000;2510;2522;2464;2471;31998;0
PHOR;D;20181113;000000;2471;2533;2468;2504;26384;0
PHOR;D;20181114;000000;2505;2522;2475;2512;38358;0
PHOR;D;20181115;000000;2503;2523;2490;2492;14360;0
PHOR;D;20181116;000000;2505;2520;2470;2500;26027;0
PHOR;D;20181119;000000;2514;2517;2483;2497;27089;0
PHOR;D;20181120;000000;2487;2530;2473;2478;74083;0
PHOR;D;20181121;000000;2490;2533;2363;2458;124128;0
PHOR;D;20181122;000000;2473;2473;2445;2450;35482;0
PHOR;D;20181123;000000;2460;2485;2442;2483;33751;0
PHOR;D;20181126;000000;2483;2518;2433;2487;70402;0
PHOR;D;20181127;000000;2489;2564;2488;2549;55522;0
PHOR;D;20181128;000000;2544;2599;2537;2585;42275;0
PHOR;D;20181129;000000;2596;2639;2584;2598;47484;0
PHOR;D;20181130;000000;2582;2623;2532;2593;42590;0
PHOR;D;20181203;000000;2588;2597;2568;2589;18671;0
PHOR;D;20181204;000000;2594;2599;2552;2567;32177;0
PHOR;D;20181205;000000;2554;2581;2535;2577;20580;0
PHOR;D;20181206;000000;2580;2580;2540;2560;12705;0
PHOR;D;20181207;000000;2570;2577;2494;2510;52170;0
PHOR;D;20181210;000000;2510;2530;2485;2490;18133;0
PHOR;D;20181211;000000;2493;2512;2467;2501;42867;0
PHOR;D;20181212;000000;2519;2519;2482;2503;34530;0
PHOR;D;20181213;000000;2492;2507;2456;2469;32819;0
PHOR;D;20181214;000000;2458;2485;2448;2475;79693;0
PHOR;D;20181217;000000;2468;2490;2439;2453;29884;0
PHOR;D;20181218;000000;2450;2459;2439;2459;53133;0
PHOR;D;20181219;000000;2463;2520;2461;2490;72216;0
PHOR;D;20181220;000000;2490;2490;2429;2458;95301;0
PHOR;D;20181221;000000;2452;2486;2434;2486;78825;0
PHOR;D;20181224;000000;2484;2488;2429;2438;28724;0
PHOR;D;20181225;000000;2433;2474;2386;2467;25214;0
PHOR;D;20181226;000000;2460;2521;2460;2520;13559;0
PHOR;D;20181227;000000;2520;2542;2500;2525;31556;0
PHOR;D;20181228;000000;2525;2555;2516;2535;25037;0
PHOR;D;20181229;000000;2549;2561;2530;2546;5476;0
PHOR;D;20190103;000000;2531;2555;2512;2533;22123;0
PHOR;D;20190104;000000;2552;2552;2518;2542;9789;0
PHOR;D;20190108;000000;2543;2554;2492;2514;12670;0
PHOR;D;20190109;000000;2519;2542;2507;2521;14018;0
PHOR;D;20190110;000000;2526;2528;2501;2514;30307;0
PHOR;D;20190111;000000;2508;2531;2508;2519;13970;0
PHOR;D;20190114;000000;2526;2559;2505;2555;32202;0
PHOR;D;20190115;000000;2556;2580;2555;2572;24749;0
PHOR;D;20190116;000000;2577;2591;2552;2566;39104;0
PHOR;D;20190117;000000;2580;2583;2554;2570;23488;0
PHOR;D;20190118;000000;2565;2578;2560;2560;22710;0
PHOR;D;20190121;000000;2562;2580;2559;2580;22030;0
PHOR;D;20190122;000000;2580;2584;2560;2568;21984;0
PHOR;D;20190123;000000;2569;2577;2566;2577;15131;0
PHOR;D;20190124;000000;2579;2586;2548;2553;37816;0
PHOR;D;20190125;000000;2569;2574;2556;2573;22817;0
PHOR;D;20190128;000000;2568;2581;2568;2579;18048;0
PHOR;D;20190129;000000;2584;2584;2572;2580;22498;0
PHOR;D;20190130;000000;2580;2587;2574;2582;28088;0
PHOR;D;20190131;000000;2585;2586;2575;2583;59595;0
PHOR;D;20190201;000000;2524;2549;2515;2529;53693;0
PHOR;D;20190204;000000;2527;2545;2505;2518;38397;0
PHOR;D;20190205;000000;2521;2530;2512;2528;29398;0
PHOR;D;20190206;000000;2528;2529;2512;2525;21823;0
PHOR;D;20190207;000000;2512;2523;2491;2518;39567;0
PHOR;D;20190208;000000;2512;2518;2500;2509;13652;0
PHOR;D;20190211;000000;2517;2519;2496;2509;24522;0
PHOR;D;20190212;000000;2509;2513;2497;2500;28347;0
PHOR;D;20190213;000000;2505;2505;2471;2471;35927;0
PHOR;D;20190214;000000;2466;2525;2463;2521;41854;0
PHOR;D;20190215;000000;2523;2523;2505;2508;60287;0
PHOR;D;20190218;000000;2501;2517;2484;2503;13604;0
PHOR;D;20190219;000000;2495;2510;2484;2494;26157;0
PHOR;D;20190220;000000;2503;2529;2485;2529;51739;0
PHOR;D;20190221;000000;2530;2535;2508;2525;36007;0
PHOR;D;20190222;000000;2528;2534;2516;2530;33055;0
PHOR;D;20190225;000000;2534;2540;2519;2540;12337;0
PHOR;D;20190226;000000;2540;2560;2530;2560;33583;0
PHOR;D;20190227;000000;2564;2565;2540;2553;29904;0
PHOR;D;20190228;000000;2547;2559;2532;2555;47331;0
PHOR;D;20190301;000000;2541;2553;2496;2508;33163;0
PHOR;D;20190304;000000;2505;2535;2484;2531;31628;0
PHOR;D;20190305;000000;2526;2565;2518;2526;23584;0
PHOR;D;20190306;000000;2526;2557;2525;2531;13141;0
PHOR;D;20190307;000000;2538;2554;2524;2554;28209;0
PHOR;D;20190311;000000;2554;2562;2477;2503;80209;0
PHOR;D;20190312;000000;2511;2513;2484;2491;21878;0
PHOR;D;20190313;000000;2499;2504;2473;2500;42912;0
PHOR;D;20190314;000000;2500;2502;2478;2495;25576;0
PHOR;D;20190315;000000;2487;2498;2477;2487;43970;0
PHOR;D;20190318;000000;2480;2495;2450;2461;39709;0
PHOR;D;20190319;000000;2459;2471;2457;2460;13729;0
PHOR;D;20190320;000000;2467;2467;2428;2442;42551;0
PHOR;D;20190321;000000;2440;2454;2390;2405;90233;0
PHOR;D;20190322;000000;2405;2415;2384;2395;37067;0
PHOR;D;20190325;000000;2404;2404;2353;2363;44402;0
PHOR;D;20190326;000000;2364;2380;2350;2374;20572;0
PHOR;D;20190327;000000;2377;2385;2354;2354;11661;0
PHOR;D;20190328;000000;2351;2375;2333;2363;20969;0
PHOR;D;20190329;000000;2363;2411;2361;2393;29048;0
PHOR;D;20190401;000000;2400;2439;2362;2394;98133;0
PHOR;D;20190402;000000;2395;2411;2367;2397;20763;0
PHOR;D;20190403;000000;2402;2411;2370;2376;30029;0
PHOR;D;20190404;000000;2386;2394;2362;2387;26755;0
PHOR;D;20190405;000000;2387;2407;2375;2405;14259;0
PHOR;D;20190408;000000;2407;2412;2376;2379;18896;0
PHOR;D;20190409;000000;2378;2393;2356;2372;30833;0
PHOR;D;20190410;000000;2378;2382;2348;2374;22144;0
PHOR;D;20190411;000000;2368;2372;2351;2362;13943;0
PHOR;D;20190412;000000;2358;2377;2356;2357;9895;0
PHOR;D;20190415;000000;2360;2366;2346;2351;12944;0
PHOR;D;20190416;000000;2359;2395;2344;2387;40060;0
PHOR;D;20190417;000000;2395;2399;2351;2389;36430;0
PHOR;D;20190418;000000;2375;2390;2362;2377;8353;0
PHOR;D;20190419;000000;2388;2390;2375;2385;1431;0
PHOR;D;20190422;000000;2388;2398;2375;2380;5467;0
PHOR;D;20190423;000000;2387;2390;2380;2389;6734;0
PHOR;D;20190424;000000;2390;2390;2364;2381;12185;0
PHOR;D;20190425;000000;2385;2395;2369;2383;12754;0
PHOR;D;20190426;000000;2392;2396;2365;2371;9731;0
PHOR;D;20190429;000000;2369;2390;2357;2363;16886;0
PHOR;D;20190430;000000;2370;2371;2349;2363;23410;0
PHOR;D;20190502;000000;2366;2370;2351;2370;11941;0
PHOR;D;20190503;000000;2369;2385;2360;2369;20207;0
PHOR;D;20190506;000000;2372;2379;2354;2370;12385;0
PHOR;D;20190507;000000;2370;2375;2330;2339;40339;0
PHOR;D;20190508;000000;2339;2359;2315;2325;23488;0
PHOR;D;20190510;000000;2324;2345;2278;2278;23768;0
PHOR;D;20190513;000000;2285;2348;2278;2324;63270;0
PHOR;D;20190514;000000;2311;2348;2299;2315;43813;0
PHOR;D;20190515;000000;2300;2315;2285;2287;29375;0
PHOR;D;20190516;000000;2310;2332;2286;2301;104882;0
PHOR;D;20190517;000000;2313;2350;2302;2340;65266;0
PHOR;D;20190520;000000;2351;2373;2344;2354;38328;0
PHOR;D;20190521;000000;2350;2363;2322;2332;53529;0
PHOR;D;20190522;000000;2343;2351;2325;2345;18638;0
PHOR;D;20190523;000000;2349;2364;2346;2363;32338;0
PHOR;D;20190524;000000;2365;2382;2357;2372;36717;0
PHOR;D;20190527;000000;2379;2385;2365;2373;17606;0
PHOR;D;20190528;000000;2373;2386;2370;2383;28894;0
PHOR;D;20190529;000000;2388;2435;2378;2425;91105;0
PHOR;D;20190530;000000;2422;2455;2422;2455;35853;0
PHOR;D;20190531;000000;2455;2479;2444;2469;37506;0
PHOR;D;20190603;000000;2473;2488;2460;2478;39523;0
PHOR;D;20190604;000000;2475;2479;2431;2452;78066;0
PHOR;D;20190605;000000;2454;2462;2422;2451;35357;0
PHOR;D;20190606;000000;2442;2464;2439;2448;40781;0
PHOR;D;20190607;000000;2409;2415;2403;2405;45299;0
PHOR;D;20190610;000000;2409;2414;2387;2399;27744;0
PHOR;D;20190611;000000;2410;2446;2390;2423;71342;0
PHOR;D;20190613;000000;2433;2451;2424;2451;40268;0
PHOR;D;20190614;000000;2451;2451;2413;2439;39441;0
PHOR;D;20190617;000000;2439;2441;2404;2426;41403;0
PHOR;D;20190618;000000;2429;2453;2416;2448;37308;0
PHOR;D;20190619;000000;2450;2465;2430;2448;100731;0
PHOR;D;20190620;000000;2438;2460;2432;2455;99821;0
PHOR;D;20190621;000000;2442;2463;2430;2460;84183;0
PHOR;D;20190624;000000;2464;2464;2440;2457;98982;0
PHOR;D;20190625;000000;2451;2488;2433;2485;58146;0
PHOR;D;20190626;000000;2469;2503;2457;2499;26481;0
PHOR;D;20190627;000000;2502;2550;2497;2540;40391;0
PHOR;D;20190628;000000;2532;2550;2473;2484;55289;0
PHOR;D;20190701;000000;2478;2497;2471;2476;74989;0
PHOR;D;20190702;000000;2476;2493;2467;2492;31813;0
PHOR;D;20190703;000000;2489;2491;2468;2481;33492;0
PHOR;D;20190704;000000;2487;2502;2476;2485;33708;0
PHOR;D;20190705;000000;2476;2520;2476;2482;80807;0
PHOR;D;20190708;000000;2488;2510;2482;2501;66732;0
PHOR;D;20190709;000000;2445;2453;2433;2436;42360;0
PHOR;D;20190710;000000;2435;2435;2400;2403;44182;0
PHOR;D;20190711;000000;2416;2416;2358;2360;49804;0
PHOR;D;20190712;000000;2373;2399;2359;2388;23532;0
PHOR;D;20190715;000000;2398;2407;2384;2407;37842;0
PHOR;D;20190716;000000;2407;2423;2385;2396;29470;0
PHOR;D;20190717;000000;2402;2416;2356;2360;33659;0
PHOR;D;20190718;000000;2378;2378;2351;2358;24641;0
PHOR;D;20190719;000000;2363;2373;2353;2364;31202;0
PHOR;D;20190722;000000;2378;2380;2358;2374;24318;0
PHOR;D;20190723;000000;2380;2403;2379;2387;26414;0
PHOR;D;20190724;000000;2395;2395;2375;2383;17225;0
PHOR;D;20190725;000000;2381;2392;2360;2380;32130;0
PHOR;D;20190726;000000;2384;2384;2358;2367;45215;0
PHOR;D;20190729;000000;2376;2379;2347;2366;27507;0
PHOR;D;20190730;000000;2370;2377;2362;2376;20266;0
PHOR;D;20190731;000000;2372;2381;2359;2377;40541;0
PHOR;D;20190801;000000;2373;2399;2366;2385;31265;0
PHOR;D;20190802;000000;2379;2420;2369;2406;55763;0
PHOR;D;20190805;000000;2413;2414;2373;2395;94202;0
PHOR;D;20190806;000000;2397;2434;2383;2434;34060;0
PHOR;D;20190807;000000;2427;2438;2389;2438;43137;0
PHOR;D;20190808;000000;2439;2484;2426;2484;63495;0
PHOR;D;20190809;000000;2471;2510;2467;2510;66118;0
PHOR;D;20190812;000000;2500;2523;2491;2500;34454;0
PHOR;D;20190813;000000;2492;2504;2468;2482;42397;0
PHOR;D;20190814;000000;2480;2513;2469;2506;72365;0
PHOR;D;20190815;000000;2507;2529;2493;2514;60903;0
PHOR;D;20190816;000000;2530;2532;2506;2521;34240;0
PHOR;D;20190819;000000;2521;2539;2515;2515;31833;0
PHOR;D;20190820;000000;2515;2531;2479;2485;22987;0
PHOR;D;20190821;000000;2486;2489;2436;2440;21139;0
PHOR;D;20190822;000000;2443;2445;2409;2427;44121;0
PHOR;D;20190823;000000;2426;2448;2418;2425;44663;0
PHOR;D;20190826;000000;2429;2497;2420;2480;22615;0
PHOR;D;20190827;000000;2485;2501;2444;2462;32844;0
PHOR;D;20190828;000000;2470;2491;2470;2475;29162;0
PHOR;D;20190829;000000;2491;2525;2481;2512;51587;0
PHOR;D;20190830;000000;2525;2561;2523;2548;55626;0
PHOR;D;20190902;000000;2555;2591;2540;2556;49013;0
PHOR;D;20190903;000000;2556;2579;2517;2539;33304;0
PHOR;D;20190904;000000;2548;2565;2506;2537;26096;0
PHOR;D;20190905;000000;2548;2555;2519;2521;20075;0
PHOR;D;20190906;000000;2521;2550;2520;2535;25249;0
PHOR;D;20190909;000000;2547;2555;2534;2540;10468;0
PHOR;D;20190910;000000;2540;2582;2535;2562;18047;0
PHOR;D;20190911;000000;2587;2594;2569;2591;52809;0
PHOR;D;20190912;000000;2596;2596;2550;2570;26197;0
PHOR;D;20190913;000000;2565;2565;2540;2551;21901;0
PHOR;D;20190916;000000;2542;2594;2538;2590;27990;0
PHOR;D;20190917;000000;2590;2612;2573;2596;23458;0
PHOR;D;20190918;000000;2595;2599;2565;2573;29609;0
PHOR;D;20190919;000000;2582;2593;2554;2556;38824;0
PHOR;D;20190920;000000;2554;2568;2511;2560;37651;0
PHOR;D;20190923;000000;2541;2560;2505;2522;49974;0
PHOR;D;20190924;000000;2533;2537;2455;2460;95392;0
PHOR;D;20190925;000000;2475;2494;2442;2451;104935;0
PHOR;D;20190926;000000;2455;2476;2441;2458;56246;0
PHOR;D;20190927;000000;2464;2473;2451;2466;61198;0
PHOR;D;20190930;000000;2470;2505;2465;2486;41857;0
PHOR;D;20191001;000000;2487;2526;2480;2483;45204;0
PHOR;D;20191002;000000;2476;2500;2476;2493;52974;0
PHOR;D;20191003;000000;2497;2500;2465;2495;56902;0
PHOR;D;20191004;000000;2500;2505;2462;2481;27377;0
PHOR;D;20191007;000000;2482;2500;2467;2500;27377;0
PHOR;D;20191008;000000;2500;2530;2499;2525;37871;0
PHOR;D;20191009;000000;2533;2535;2514;2520;24922;0
PHOR;D;20191010;000000;2497;2527;2497;2527;23087;0
PHOR;D;20191011;000000;2515;2528;2493;2504;67227;0
PHOR;D;20191014;000000;2461;2487;2459;2487;52973;0
PHOR;D;20191015;000000;2477;2501;2475;2494;31396;0
PHOR;D;20191016;000000;2495;2511;2489;2499;31372;0
PHOR;D;20191017;000000;2508;2508;2486;2500;14450;0
PHOR;D;20191018;000000;2486;2501;2480;2495;21955;0
PHOR;D;20191021;000000;2496;2496;2456;2462;32957;0
PHOR;D;20191022;000000;2471;2482;2447;2470;35311;0
PHOR;D;20191023;000000;2461;2473;2445;2450;34028;0
PHOR;D;20191024;000000;2448;2465;2435;2435;94915;0
PHOR;D;20191025;000000;2435;2449;2405;2419;43105;0
PHOR;D;20191028;000000;2419;2464;2413;2418;42729;0
PHOR;D;20191029;000000;2418;2451;2418;2451;35476;0
PHOR;D;20191030;000000;2445;2455;2421;2421;37309;0
PHOR;D;20191031;000000;2439;2442;2418;2427;36566;0
PHOR;D;20191101;000000;2427;2441;2419;2422;70755;0
PHOR;D;20191105;000000;2446;2475;2424;2442;65828;0
PHOR;D;20191106;000000;2448;2470;2440;2470;40314;0
PHOR;D;20191107;000000;2472;2484;2457;2477;36739;0
PHOR;D;20191108;000000;2477;2477;2452;2460;39675;0
PHOR;D;20191111;000000;2457;2465;2441;2447;29137;0
PHOR;D;20191112;000000;2449;2463;2442;2460;22543;0
PHOR;D;20191113;000000;2449;2460;2434;2460;33080;0
PHOR;D;20191114;000000;2462;2469;2441;2448;29761;0
PHOR;D;20191115;000000;2449;2464;2433;2433;30907;0
PHOR;D;20191118;000000;2446;2454;2427;2430;47441;0
PHOR;D;20191119;000000;2440;2468;2423;2434;64044;0
PHOR;D;20191120;000000;2434;2444;2421;2428;29619;0
PHOR;D;20191121;000000;2431;2433;2407;2421;93784;0
PHOR;D;20191122;000000;2412;2425;2401;2418;60197;0
PHOR;D;20191125;000000;2415;2450;2403;2432;105279;0
PHOR;D;20191126;000000;2439;2467;2436;2457;67710;0
PHOR;D;20191127;000000;2468;2468;2429;2440;42217;0
PHOR;D;20191128;000000;2440;2449;2410;2421;34734;0
PHOR;D;20191129;000000;2418;2428;2403;2416;47415;0
PHOR;D;20191202;000000;2424;2440;2398;2398;87728;0
PHOR;D;20191203;000000;2400;2405;2376;2387;54500;0
PHOR;D;20191204;000000;2388;2401;2363;2369;59590;0
PHOR;D;20191205;000000;2370;2399;2355;2359;58067;0
PHOR;D;20191206;000000;2368;2387;2360;2380;40158;0
PHOR;D;20191209;000000;2380;2396;2374;2375;30689;0
PHOR;D;20191210;000000;2383;2394;2340;2340;146039;0
PHOR;D;20191211;000000;2351;2359;2334;2345;85239;0
PHOR;D;20191212;000000;2350;2372;2340;2340;81237;0
PHOR;D;20191213;000000;2350;2393;2350;2376;148741;0
PHOR;D;20191216;000000;2380;2404;2379;2380;60436;0
PHOR;D;20191217;000000;2400;2405;2383;2390;88262;0
PHOR;D;20191218;000000;2389;2398;2381;2389;92649;0
PHOR;D;20191219;000000;2387;2426;2382;2401;129964;0
PHOR;D;20191220;000000;2398;2401;2366;2366;118854;0
PHOR;D;20191223;000000;2375;2390;2367;2372;61728;0
PHOR;D;20191224;000000;2376;2376;2363;2367;55700;0
PHOR;D;20191225;000000;2366;2378;2363;2374;51459;0
PHOR;D;20191226;000000;2374;2406;2365;2393;80293;0
PHOR;D;20191227;000000;2395;2416;2384;2409;72535;0
PHOR;D;20191230;000000;2396;2419;2396;2408;57273;0
PHOR;D;20200103;000000;2414;2430;2400;2427;45399;0
PHOR;D;20200106;000000;2425;2434;2411;2418;36472;0
PHOR;D;20200108;000000;2409;2436;2404;2415;61690;0
PHOR;D;20200109;000000;2419;2433;2403;2418;89183;0
PHOR;D;20200110;000000;2425;2429;2410;2418;81952;0
PHOR;D;20200113;000000;2427;2460;2422;2452;119650;0
PHOR;D;20200114;000000;2457;2496;2456;2476;123919;0
PHOR;D;20200115;000000;2480;2487;2455;2475;92322;0
PHOR;D;20200116;000000;2485;2499;2462;2483;110267;0
PHOR;D;20200117;000000;2498;2499;2479;2487;106415;0
PHOR;D;20200120;000000;2492;2513;2486;2490;191241;0
PHOR;D;20200121;000000;2498;2498;2475;2487;72566;0
PHOR;D;20200122;000000;2494;2494;2463;2463;85205;0
PHOR;D;20200123;000000;2451;2465;2441;2447;113306;0
PHOR;D;20200124;000000;2456;2468;2447;2452;112127;0
PHOR;D;20200127;000000;2452;2465;2425;2426;139488;0
PHOR;D;20200128;000000;2428;2450;2407;2417;173967;0
PHOR;D;20200129;000000;2428;2457;2422;2452;172536;0
PHOR;D;20200130;000000;2451;2475;2445;2470;183139;0
PHOR;D;20200131;000000;2476;2482;2459;2469;233136;0
PHOR;D;20200203;000000;2421;2433;2404;2425;159014;0
PHOR;D;20200204;000000;2430;2450;2417;2444;85972;0
PHOR;D;20200205;000000;2437;2459;2426;2432;79817;0
PHOR;D;20200206;000000;2443;2445;2418;2420;76447;0
PHOR;D;20200207;000000;2423;2445;2415;2439;62751;0
PHOR;D;20200210;000000;2439;2444;2426;2440;61578;0
PHOR;D;20200211;000000;2445;2453;2435;2439;91111;0
PHOR;D;20200212;000000;2433;2448;2424;2431;95205;0
PHOR;D;20200213;000000;2430;2434;2414;2418;145328;0
PHOR;D;20200214;000000;2428;2428;2409;2418;106424;0
PHOR;D;20200217;000000;2422;2430;2416;2423;51573;0
PHOR;D;20200218;000000;2422;2429;2414;2427;154191;0
PHOR;D;20200219;000000;2417;2446;2417;2427;73668;0
PHOR;D;20200220;000000;2435;2450;2431;2433;107634;0
PHOR;D;20200221;000000;2405;2424;2350;2418;297586;0
PHOR;D;20200225;000000;2397;2405;2385;2395;170787;0
PHOR;D;20200226;000000;2382;2417;2367;2396;152206;0
PHOR;D;20200227;000000;2371;2408;2350;2356;119048;0
PHOR;D;20200228;000000;2349;2350;2255;2317;159195;0
PHOR;D;20200302;000000;2322;2325;2251;2257;154182;0
PHOR;D;20200303;000000;2289;2306;2262;2262;83288;0
PHOR;D;20200304;000000;2258;2300;2232;2292;113465;0
PHOR;D;20200305;000000;2301;2495;2220;2325;168433;0
PHOR;D;20200306;000000;2292;2310;2265;2267;111376;0
PHOR;D;20200310;000000;2221;2425;2206;2347;359411;0
PHOR;D;20200311;000000;2390;2394;2306;2325;137408;0
PHOR;D;20200312;000000;2296;2334;2166;2172;280874;0
PHOR;D;20200313;000000;2200;2249;2072;2099;294092;0
PHOR;D;20200316;000000;2120;2169;2013;2156;192751;0
PHOR;D;20200317;000000;2124;2249;2084;2236;156566;0
PHOR;D;20200318;000000;2206;2303;2149;2284;186021;0
PHOR;D;20200319;000000;2261;2359;2200;2314;208360;0
PHOR;D;20200320;000000;2315;2406;2302;2311;161674;0
PHOR;D;20200323;000000;2300;2375;2225;2360;97497;0
PHOR;D;20200324;000000;2364;2425;2360;2419;118334;0
PHOR;D;20200325;000000;2422;2439;2355;2407;128369;0
PHOR;D;20200326;000000;2392;2449;2362;2449;101711;0
PHOR;D;20200327;000000;2435;2435;2361;2408;100962;0
PHOR;D;20200330;000000;2395;2473;2380;2473;150661;0
PHOR;D;20200331;000000;2470;2498;2442;2480;123702;0
PHOR;D;20200401;000000;2470;2470;2414;2431;75414;0
PHOR;D;20200402;000000;2455;2487;2439;2439;82093;0
PHOR;D;20200403;000000;2472;2482;2425;2430;73644;0
PHOR;D;20200406;000000;2455;2474;2434;2443;86093;0
PHOR;D;20200407;000000;2455;2488;2447;2480;84792;0
PHOR;D;20200408;000000;2462;2563;2458;2560;162952;0
PHOR;D;20200409;000000;2579;2594;2515;2575;153117;0
PHOR;D;20200410;000000;2599;2599;2536;2542;38995;0
PHOR;D;20200413;000000;2547;2558;2518;2547;46279;0
PHOR;D;20200414;000000;2552;2620;2548;2587;89074;0
PHOR;D;20200415;000000;2595;2645;2561;2615;125024;0
PHOR;D;20200416;000000;2625;2632;2575;2600;100424;0
PHOR;D;20200417;000000;2609;2654;2600;2627;62793;0
PHOR;D;20200420;000000;2640;2671;2612;2644;107846;0
PHOR;D;20200421;000000;2640;2692;2598;2692;146886;0
PHOR;D;20200422;000000;2708;2765;2698;2765;118058;0
PHOR;D;20200423;000000;2765;2765;2702;2705;108305;0
PHOR;D;20200424;000000;2705;2730;2656;2719;58188;0
PHOR;D;20200427;000000;2719;2750;2719;2735;62642;0
PHOR;D;20200428;000000;2730;2800;2730;2790;108788;0
PHOR;D;20200429;000000;2794;2794;2749;2761;84064;0
PHOR;D;20200430;000000;2746;2774;2693;2701;100473;0
PHOR;D;20200504;000000;2700;2765;2640;2765;78849;0
PHOR;D;20200505;000000;2765;2793;2712;2742;56347;0
PHOR;D;20200506;000000;2740;2780;2710;2757;60053;0
PHOR;D;20200507;000000;2756;2775;2723;2725;53139;0
PHOR;D;20200508;000000;2725;2748;2717;2730;22528;0
PHOR;D;20200512;000000;2730;2765;2720;2745;31014;0
PHOR;D;20200513;000000;2735;2773;2723;2752;46816;0
PHOR;D;20200514;000000;2777;2784;2718;2733;117116;0
PHOR;D;20200515;000000;2733;2768;2724;2756;57762;0
PHOR;D;20200518;000000;2772;2773;2722;2734;93479;0
PHOR;D;20200519;000000;2734;2744;2707;2744;67213;0
PHOR;D;20200520;000000;2746;2798;2721;2774;90569;0
PHOR;D;20200521;000000;2774;2783;2736;2738;77634;0
PHOR;D;20200522;000000;2750;2796;2738;2789;44161;0
PHOR;D;20200525;000000;2789;2813;2760;2796;58604;0
PHOR;D;20200526;000000;2795;2825;2783;2800;78984;0
PHOR;D;20200527;000000;2801;2833;2797;2812;59433;0
PHOR;D;20200528;000000;2805;2880;2805;2875;120497;0
PHOR;D;20200529;000000;2860;2893;2785;2788;144775;0
PHOR;D;20200601;000000;2786;2819;2724;2802;100129;0
PHOR;D;20200602;000000;2816;2830;2787;2819;52576;0
PHOR;D;20200603;000000;2819;2844;2778;2839;71253;0
PHOR;D;20200604;000000;2837;2857;2782;2816;82315;0
PHOR;D;20200605;000000;2816;2839;2782;2818;133655;0
PHOR;D;20200608;000000;2814;2824;2764;2785;66683;0
PHOR;D;20200609;000000;2800;2810;2783;2801;38477;0
PHOR;D;20200610;000000;2801;2826;2786;2824;36738;0
PHOR;D;20200611;000000;2795;2795;2748;2789;44990;0
PHOR;D;20200615;000000;2775;2799;2724;2753;99132;0
PHOR;D;20200616;000000;2795;2795;2740;2747;49767;0
PHOR;D;20200617;000000;2747;2768;2680;2701;118920;0
PHOR;D;20200618;000000;2705;2705;2627;2653;133581;0
PHOR;D;20200619;000000;2670;2686;2645;2686;136560;0
PHOR;D;20200622;000000;2688;2688;2646;2677;64319;0
PHOR;D;20200623;000000;2682;2687;2631;2662;86898;0
PHOR;D;20200625;000000;2647;2652;2598;2630;130745;0
PHOR;D;20200626;000000;2651;2651;2602;2604;61671;0
PHOR;D;20200629;000000;2608;2629;2602;2603;63976;0
PHOR;D;20200630;000000;2608;2647;2608;2643;39359;0
PHOR;D;20200702;000000;2650;2651;2606;2626;81586;0
PHOR;D;20200703;000000;2576;2600;2559;2590;67771;0
PHOR;D;20200706;000000;2601;2629;2592;2621;56603;0
PHOR;D;20200707;000000;2604;2629;2593;2616;38960;0
PHOR;D;20200708;000000;2613;2627;2601;2620;32586;0
PHOR;D;20200709;000000;2616;2619;2593;2594;34128;0
PHOR;D;20200710;000000;2591;2598;2562;2563;32106;0
PHOR;D;20200713;000000;2589;2589;2543;2550;49560;0
PHOR;D;20200714;000000;2526;2614;2518;2614;73977;0
PHOR;D;20200715;000000;2604;2632;2595;2604;49725;0
PHOR;D;20200716;000000;2613;2620;2597;2612;26385;0
PHOR;D;20200717;000000;2619;2627;2583;2599;34385;0
PHOR;D;20200720;000000;2600;2618;2586;2608;35092;0
PHOR;D;20200721;000000;2610;2630;2586;2592;52936;0
PHOR;D;20200722;000000;2599;2601;2566;2577;53150;0
PHOR;D;20200723;000000;2579;2615;2576;2599;51198;0
PHOR;D;20200724;000000;2600;2615;2571;2613;52403;0
PHOR;D;20200727;000000;2615;2642;2604;2620;85717;0
PHOR;D;20200728;000000;2625;2652;2610;2652;63394;0
PHOR;D;20200729;000000;2652;2696;2629;2696;98129;0
PHOR;D;20200730;000000;2700;2709;2656;2673;79593;0
PHOR;D;20200731;000000;2700;2700;2670;2689;44709;0
PHOR;D;20200803;000000;2689;2699;2643;2650;56175;0
PHOR;D;20200804;000000;2652;2730;2638;2728;76862;0
PHOR;D;20200805;000000;2728;2737;2703;2721;50091;0
PHOR;D;20200806;000000;2713;2721;2685;2704;58627;0
PHOR;D;20200807;000000;2704;2718;2676;2696;34463;0
PHOR;D;20200810;000000;2696;2718;2683;2700;35813;0
PHOR;D;20200811;000000;2700;2736;2700;2705;65282;0
PHOR;D;20200812;000000;2734;2767;2711;2750;149962;0
PHOR;D;20200813;000000;2758;2825;2741;2802;110084;0
PHOR;D;20200814;000000;2816;2819;2770;2802;42716;0
PHOR;D;20200817;000000;2823;2824;2765;2808;122797;0
PHOR;D;20200818;000000;2810;2820;2786;2792;94938;0
PHOR;D;20200819;000000;2811;2839;2788;2805;71094;0
PHOR;D;20200820;000000;2813;2824;2781;2797;35990;0
PHOR;D;20200821;000000;2793;2815;2752;2776;52192;0
PHOR;D;20200824;000000;2788;2800;2752;2776;48372;0
PHOR;D;20200825;000000;2757;2784;2743;2769;46360;0
PHOR;D;20200826;000000;2766;2802;2765;2797;59265;0
PHOR;D;20200827;000000;2813;2813;2745;2761;99145;0
PHOR;D;20200828;000000;2770;2770;2701;2718;114570;0
PHOR;D;20200831;000000;2731;2807;2719;2765;214117;0
PHOR;D;20200901;000000;2791;2793;2713;2734;92927;0
PHOR;D;20200902;000000;2741;2768;2701;2750;73667;0
PHOR;D;20200903;000000;2755;2765;2724;2749;39341;0
PHOR;D;20200904;000000;2749;2780;2735;2779;58299;0
PHOR;D;20200907;000000;2765;2815;2671;2799;56632;0
PHOR;D;20200908;000000;2805;2805;2730;2760;61184;0
PHOR;D;20200909;000000;2759;2792;2741;2757;62188;0
PHOR;D;20200910;000000;2756;2773;2725;2741;38554;0
PHOR;D;20200911;000000;2760;2760;2716;2736;52020;0
PHOR;D;20200914;000000;2760;2762;2731;2746;28791;0
PHOR;D;20200915;000000;2751;2773;2734;2770;109006;0
PHOR;D;20200916;000000;2745;2753;2720;2727;78955;0
PHOR;D;20200917;000000;2718;2742;2704;2728;72085;0
PHOR;D;20200918;000000;2735;2788;2715;2760;131604;0
PHOR;D;20200921;000000;2769;2770;2706;2720;80189;0
PHOR;D;20200922;000000;2719;2725;2671;2684;85282;0
PHOR;D;20200923;000000;2698;2745;2679;2702;101541;0
PHOR;D;20200924;000000;2696;2748;2689;2730;42275;0
PHOR;D;20200925;000000;2746;2749;2716;2746;21307;0
PHOR;D;20200928;000000;2746;2829;2745;2817;64156;0
PHOR;D;20200929;000000;2795;2868;2795;2857;90696;0
PHOR;D;20200930;000000;2862;2887;2845;2858;71800;0
PHOR;D;20201001;000000;2855;2878;2821;2827;55823;0
PHOR;D;20201002;000000;2823;2881;2801;2859;53816;0
PHOR;D;20201005;000000;2877;2879;2837;2864;31461;0
PHOR;D;20201006;000000;2873;2908;2852;2877;64280;0
PHOR;D;20201007;000000;2882;2915;2840;2853;63544;0
PHOR;D;20201008;000000;2869;2880;2855;2866;18291;0
PHOR;D;20201009;000000;2867;2873;2828;2850;40133;0
PHOR;D;20201012;000000;2850;2872;2845;2858;29031;0
PHOR;D;20201013;000000;2854;2870;2820;2831;47848;0
PHOR;D;20201014;000000;2829;2856;2804;2843;45478;0
PHOR;D;20201015;000000;2854;2854;2776;2790;35032;0
PHOR;D;20201016;000000;2800;2849;2773;2829;35486;0
PHOR;D;20201019;000000;2838;2848;2787;2806;19302;0
PHOR;D;20201020;000000;2790;2831;2778;2798;60700;0
PHOR;D;20201021;000000;2815;2815;2755;2773;67167;0
PHOR;D;20201022;000000;2775;2788;2733;2755;56994;0
PHOR;D;20201023;000000;2751;2802;2744;2799;49569;0
PHOR;D;20201026;000000;2785;2814;2752;2770;31968;0
PHOR;D;20201027;000000;2776;2806;2766;2792;26342;0
PHOR;D;20201028;000000;2799;2850;2782;2847;86292;0
PHOR;D;20201029;000000;2850;2860;2792;2796;65179;0
PHOR;D;20201030;000000;2800;2823;2726;2800;86854;0
PHOR;D;20201102;000000;2801;2841;2771;2820;68038;0
PHOR;D;20201103;000000;2836;2844;2796;2828;45334;0
PHOR;D;20201105;000000;2835;2852;2800;2829;62738;0
PHOR;D;20201106;000000;2840;2986;2838;2969;171002;0
PHOR;D;20201109;000000;2987;3015;2944;2968;230343;0
PHOR;D;20201110;000000;2979;3032;2962;3025;114413;0
PHOR;D;20201111;000000;3015;3064;2950;3012;96896;0
PHOR;D;20201112;000000;3028;3046;3007;3009;44687;0
PHOR;D;20201113;000000;3025;3035;2992;3025;40156;0
PHOR;D;20201116;000000;3035;3124;3016;3087;145111;0
PHOR;D;20201117;000000;3101;3110;3063;3103;72271;0
PHOR;D;20201118;000000;3096;3126;3085;3106;53755;0
PHOR;D;20201119;000000;3100;3135;3069;3078;59035;0
PHOR;D;20201120;000000;3071;3108;3059;3098;26260;0
PHOR;D;20201123;000000;3106;3118;3061;3090;47020;0
PHOR;D;20201124;000000;3066;3100;3045;3086;53629;0
PHOR;D;20201125;000000;3063;3072;3022;3049;84089;0
PHOR;D;20201126;000000;3043;3068;3032;3049;61274;0
PHOR;D;20201127;000000;3036;3068;3030;3039;76856;0
PHOR;D;20201130;000000;3039;3067;2988;3007;220080;0
PHOR;D;20201201;000000;3027;3086;3009;3083;87177;0
PHOR;D;20201202;000000;3093;3098;3057;3080;96671;0
PHOR;D;20201203;000000;3080;3098;3050;3055;120392;0
PHOR;D;20201204;000000;3074;3074;3022;3045;69414;0
PHOR;D;20201207;000000;3050;3089;3041;3071;76867;0
PHOR;D;20201208;000000;3090;3090;3034;3070;81756;0
PHOR;D;20201209;000000;3068;3085;3046;3072;67144;0
PHOR;D;20201210;000000;3085;3103;3050;3071;79635;0
PHOR;D;20201211;000000;3075;3075;3033;3065;75072;0
PHOR;D;20201214;000000;3069;3085;3046;3058;105552;0
PHOR;D;20201215;000000;3087;3150;3064;3130;152461;0
PHOR;D;20201216;000000;3131;3140;3091;3128;130410;0
PHOR;D;20201217;000000;3120;3144;3109;3136;109763;0
PHOR;D;20201218;000000;3140;3184;3110;3180;139448;0
PHOR;D;20201221;000000;3180;3211;3143;3186;127509;0
PHOR;D;20201222;000000;3188;3251;3185;3251;130732;0
PHOR;D;20201223;000000;3250;3271;3230;3269;218213;0
PHOR;D;20201224;000000;3153;3155;3115;3132;191042;0
PHOR;D;20201225;000000;3121;3132;3092;3111;46564;0
PHOR;D;20201228;000000;3121;3128;3080;3097;123762;0
PHOR;D;20201229;000000;3100;3151;3089;3150;99016;0
PHOR;D;20201230;000000;3147;3180;3124;3136;107528;0
PHOR;D;20210104;000000;3136;3214;3131;3187;99354;0
PHOR;D;20210105;000000;3199;3370;3186;3360;230125;0
PHOR;D;20210106;000000;3372;3374;3282;3311;120763;0
PHOR;D;20210108;000000;3350;3390;3331;3374;135964;0
PHOR;D;20210111;000000;3370;3422;3334;3401;97644;0
PHOR;D;20210112;000000;3414;3421;3316;3345;110580;0
PHOR;D;20210113;000000;3340;3402;3331;3385;136669;0
PHOR;D;20210114;000000;3372;3407;3337;3358;102779;0
PHOR;D;20210115;000000;3379;3425;3354;3375;100087;0
PHOR;D;20210118;000000;3420;3484;3367;3476;197170;0
PHOR;D;20210119;000000;3496;3533;3395;3424;165827;0
PHOR;D;20210120;000000;3422;3451;3394;3402;115646;0
PHOR;D;20210121;000000;3412;3470;3372;3453;312289;0
PHOR;D;20210122;000000;3460;3493;3432;3480;133701;0
PHOR;D;20210125;000000;3495;3645;3460;3641;262928;0
PHOR;D;20210126;000000;3605;3738;3605;3697;180645;0
PHOR;D;20210127;000000;3688;3698;3585;3623;137628;0
PHOR;D;20210128;000000;3600;3704;3586;3682;212018;0
PHOR;D;20210129;000000;3690;3745;3612;3644;262960;0
PHOR;D;20210201;000000;3624;3654;3593;3641;151104;0
PHOR;D;20210202;000000;3637;3684;3607;3629;190586;0
PHOR;D;20210203;000000;3625;3680;3625;3662;82819;0
PHOR;D;20210204;000000;3663;3708;3652;3699;62630;0
PHOR;D;20210205;000000;3725;3725;3665;3700;109674;0
PHOR;D;20210208;000000;3726;3726;3650;3667;104574;0
PHOR;D;20210209;000000;3661;3661;3611;3652;131286;0
PHOR;D;20210210;000000;3644;3662;3583;3621;93938;0
PHOR;D;20210211;000000;3644;3694;3618;3669;75779;0
PHOR;D;20210212;000000;3680;3700;3617;3698;84818;0
PHOR;D;20210215;000000;3699;3768;3695;3738;93873;0
PHOR;D;20210216;000000;3740;3791;3704;3776;110584;0
PHOR;D;20210217;000000;3760;3832;3719;3779;109165;0
PHOR;D;20210218;000000;3771;3800;3670;3733;152242;0
PHOR;D;20210219;000000;3725;3842;3654;3842;158347;0
PHOR;D;20210220;000000;3814;3944;3813;3893;65602;0
PHOR;D;20210222;000000;3866;3948;3860;3903;88176;0
PHOR;D;20210224;000000;3880;3958;3878;3929;112773;0
PHOR;D;20210225;000000;3940;3980;3914;3957;161886;0
PHOR;D;20210226;000000;3950;4059;3931;4048;212012;0
PHOR;D;20210301;000000;4060;4060;3963;4034;112884;0
PHOR;D;20210302;000000;4017;4082;4002;4069;126974;0
PHOR;D;20210303;000000;4080;4208;4077;4181;147094;0
PHOR;D;20210304;000000;4171;4269;4010;4020;228022;0
PHOR;D;20210305;000000;4063;4114;4011;4105;125092;0
PHOR;D;20210309;000000;4114;4163;4003;4060;130679;0
PHOR;D;20210310;000000;4060;4085;3918;3980;114597;0
PHOR;D;20210311;000000;3980;4038;3941;3961;109757;0
PHOR;D;20210312;000000;3970;3998;3881;3957;167576;0
PHOR;D;20210315;000000;3923;3980;3908;3947;173465;0
PHOR;D;20210316;000000;3947;3969;3905;3911;65745;0
PHOR;D;20210317;000000;3930;4016;3911;3985;154311;0
PHOR;D;20210318;000000;4000;4018;3933;3947;163962;0
PHOR;D;20210319;000000;3973;3989;3912;3945;102178;0
PHOR;D;20210322;000000;3949;3976;3930;3945;64718;0
PHOR;D;20210323;000000;3956;4120;3914;4066;204230;0
PHOR;D;20210324;000000;4094;4117;4010;4097;154822;0
PHOR;D;20210325;000000;4106;4111;4033;4081;75727;0
PHOR;D;20210326;000000;4086;4115;4040;4098;70706;0
PHOR;D;20210329;000000;4105;4132;4075;4104;61535;0
PHOR;D;20210330;000000;4102;4113;4079;4079;47292;0
PHOR;D;20210331;000000;4079;4099;4029;4073;82069;0
PHOR;D;20210401;000000;4036;4145;4036;4128;118123;0
PHOR;D;20210402;000000;4129;4240;4126;4240;59754;0
PHOR;D;20210405;000000;4237;4237;4150;4163;59641;0
PHOR;D;20210406;000000;4179;4192;4120;4149;56527;0
PHOR;D;20210407;000000;4149;4270;4149;4183;255019;0
PHOR;D;20210408;000000;4214;4380;4186;4360;188869;0
PHOR;D;20210409;000000;4345;4409;4328;4352;128839;0
PHOR;D;20210412;000000;4354;4393;4307;4369;115766;0
PHOR;D;20210413;000000;4369;4475;4352;4390;161860;0
PHOR;D;20210414;000000;4422;4432;4302;4376;144273;0
PHOR;D;20210415;000000;4385;4445;4385;4430;97693;0
PHOR;D;20210416;000000;4470;4470;4355;4390;115284;0
PHOR;D;20210419;000000;4390;4498;4356;4471;93366;0
PHOR;D;20210420;000000;4487;4549;3894;4485;145058;0
PHOR;D;20210421;000000;4496;4555;4473;4507;74570;0
PHOR;D;20210422;000000;4540;4540;4412;4433;102004;0
PHOR;D;20210423;000000;4451;4451;4369;4412;79842;0
PHOR;D;20210426;000000;4445;4463;4385;4395;55497;0
PHOR;D;20210427;000000;4384;4415;4325;4331;67834;0
PHOR;D;20210428;000000;4331;4389;4264;4343;138364;0
PHOR;D;20210429;000000;4376;4377;4303;4353;84804;0
PHOR;D;20210430;000000;4362;4413;4338;4360;117335;0
PHOR;D;20210504;000000;4364;4410;4346;4376;136378;0
PHOR;D;20210505;000000;4392;4399;4319;4354;115123;0
PHOR;D;20210506;000000;4371;4397;4323;4384;86219;0
PHOR;D;20210507;000000;4384;4398;4348;4375;48296;0
PHOR;D;20210510;000000;4375;4395;4252;4304;62259;0
PHOR;D;20210511;000000;4300;4387;4280;4361;78533;0
PHOR;D;20210512;000000;4365;4387;4317;4332;61343;0
PHOR;D;20210513;000000;4345;4364;4279;4331;61453;0
PHOR;D;20210514;000000;4340;4362;4278;4294;27933;0
PHOR;D;20210517;000000;4283;4352;4263;4345;59245;0
PHOR;D;20210518;000000;4318;4538;4302;4517;138918;0
PHOR;D;20210519;000000;4550;4589;4381;4424;139182;0
PHOR;D;20210520;000000;4424;4581;4402;4572;118281;0
PHOR;D;20210521;000000;4575;4655;4515;4551;112216;0
PHOR;D;20210524;000000;4551;4618;4526;4566;65362;0
PHOR;D;20210525;000000;4589;4652;4564;4641;82098;0
PHOR;D;20210526;000000;4654;4695;4550;4576;81271;0
PHOR;D;20210527;000000;4576;4577;4405;4501;154075;0
PHOR;D;20210528;000000;4501;4665;4501;4658;96086;0
PHOR;D;20210531;000000;4693;4750;4639;4668;100367;0
PHOR;D;20210601;000000;4700;4722;4652;4693;72401;0
PHOR;D;20210602;000000;4698;4724;4670;4723;76880;0
PHOR;D;20210603;000000;4720;4781;4672;4717;123513;0
PHOR;D;20210604;000000;4662;4747;4650;4743;62580;0
PHOR;D;20210607;000000;4750;4816;4740;4764;71751;0
PHOR;D;20210608;000000;4764;4988;4753;4962;162740;0
PHOR;D;20210609;000000;4998;4998;4886;4937;160533;0
PHOR;D;20210610;000000;4937;4970;4858;4947;134408;0
PHOR;D;20210611;000000;4919;5040;4919;5014;100653;0
PHOR;D;20210614;000000;4999;5120;4997;5103;86887;0
PHOR;D;20210615;000000;5139;5164;4890;4940;190103;0
PHOR;D;20210616;000000;4930;5052;4875;5015;191044;0
PHOR;D;20210617;000000;5007;5018;4806;4842;176358;0
PHOR;D;20210618;000000;4842;4879;4780;4845;118680;0
PHOR;D;20210621;000000;4855;4975;4842;4929;105756;0
PHOR;D;20210622;000000;4929;4971;4913;4939;97656;0
PHOR;D;20210623;000000;4958;5000;4934;4980;75523;0
PHOR;D;20210624;000000;4984;5007;4803;4873;99195;0
PHOR;D;20210625;000000;4896;4896;4768;4820;85196;0
PHOR;D;20210628;000000;4830;4873;4778;4810;83269;0
PHOR;D;20210629;000000;4825;4834;4674;4717;102198;0
PHOR;D;20210630;000000;4710;4796;4685;4784;134437;0
PHOR;D;20210701;000000;4800;4896;4789;4890;160694;0
PHOR;D;20210702;000000;4812;4818;4690;4730;113599;0
PHOR;D;20210705;000000;4730;4834;4693;4819;218243;0
PHOR;D;20210706;000000;4825;4852;4774;4799;66399;0
PHOR;D;20210707;000000;4812;4859;4796;4826;54869;0
PHOR;D;20210708;000000;4846;4852;4775;4799;118039;0
PHOR;D;20210709;000000;4799;4830;4767;4797;105571;0
PHOR;D;20210712;000000;4800;4818;4726;4789;64256;0
PHOR;D;20210713;000000;4763;4811;4751;4794;76179;0
PHOR;D;20210714;000000;4795;4844;4757;4802;80537;0
PHOR;D;20210715;000000;4820;4844;4772;4792;46803;0
PHOR;D;20210716;000000;4820;4841;4706;4711;55970;0
PHOR;D;20210719;000000;4711;4759;4470;4638;79179;0
PHOR;D;20210720;000000;4670;4695;4632;4672;52223;0
PHOR;D;20210721;000000;4680;4750;4664;4709;29691;0
PHOR;D;20210722;000000;4749;4749;4665;4706;33508;0
PHOR;D;20210723;000000;4701;4722;4640;4687;34205;0
PHOR;D;20210726;000000;4680;4708;4660;4703;32413;0
PHOR;D;20210727;000000;4686;4712;4610;4637;44520;0
PHOR;D;20210728;000000;4660;4697;4606;4665;57829;0
PHOR;D;20210729;000000;4675;4743;4637;4718;57831;0
PHOR;D;20210730;000000;4709;4734;4603;4637;132253;0
PHOR;D;20210802;000000;4637;4655;4522;4561;121328;0
PHOR;D;20210803;000000;4582;4641;4538;4632;82386;0
PHOR;D;20210804;000000;4645;4689;4603;4611;79297;0
PHOR;D;20210805;000000;4597;4608;4546;4605;85589;0
PHOR;D;20210806;000000;4605;4629;4555;4616;76708;0
PHOR;D;20210809;000000;4610;4798;4598;4771;168545;0
PHOR;D;20210810;000000;4785;4785;4712;4752;92943;0
PHOR;D;20210811;000000;4741;4774;4721;4734;72615;0
PHOR;D;20210812;000000;4762;4765;4706;4741;64908;0
PHOR;D;20210813;000000;4741;4741;4681;4721;43616;0
PHOR;D;20210816;000000;4710;4753;4659;4715;63852;0
PHOR;D;20210817;000000;4713;4730;4624;4627;80087;0
PHOR;D;20210818;000000;4620;4645;4566;4599;83326;0
PHOR;D;20210819;000000;4601;4677;4545;4623;106598;0
PHOR;D;20210820;000000;4616;4624;4532;4585;93743;0
PHOR;D;20210823;000000;4614;4614;4563;4590;69701;0
PHOR;D;20210824;000000;4611;4620;4560;4613;64901;0
PHOR;D;20210825;000000;4617;4674;4595;4643;34327;0
PHOR;D;20210826;000000;4663;4686;4609;4639;32525;0
PHOR;D;20210827;000000;4632;4667;4598;4650;50631;0
PHOR;D;20210830;000000;4660;4739;4660;4700;80773;0
PHOR;D;20210831;000000;4726;4910;4701;4874;309897;0
PHOR;D;20210901;000000;4884;4887;4679;4755;170993;0
PHOR;D;20210902;000000;4755;4765;4642;4677;146438;0
PHOR;D;20210903;000000;4694;4753;4653;4724;159554;0
PHOR;D;20210906;000000;4741;4843;4733;4801;171148;0
PHOR;D;20210907;000000;4837;4929;4816;4902;120933;0
PHOR;D;20210908;000000;4910;4970;4758;4937;155789;0
PHOR;D;20210909;000000;4966;4966;4819;4826;100214;0
PHOR;D;20210910;000000;4827;4841;4767;4825;88482;0
PHOR;D;20210913;000000;4840;4910;4802;4907;75665;0
PHOR;D;20210914;000000;4925;5190;4911;5140;286882;0
PHOR;D;20210915;000000;5149;5174;4964;5051;204522;0
PHOR;D;20210916;000000;5012;5139;5012;5112;150843;0
PHOR;D;20210917;000000;5118;5118;4910;4937;153753;0
PHOR;D;20210920;000000;4949;4990;4830;4910;184002;0
PHOR;D;20210921;000000;4985;5069;4927;5015;155253;0
PHOR;D;20210922;000000;5069;5159;5024;5145;174673;0
PHOR;D;20210923;000000;4970;5043;4956;4997;169140;0
PHOR;D;20210924;000000;4996;5050;4951;5048;82726;0
PHOR;D;20210927;000000;5061;5075;4975;5019;71712;0
PHOR;D;20210928;000000;5019;5183;4982;5130;183164;0
PHOR;D;20210929;000000;5198;5240;5042;5059;121941;0
PHOR;D;20210930;000000;5058;5128;5013;5111;102911;0
PHOR;D;20211001;000000;5063;5126;5034;5115;62178;0
PHOR;D;20211004;000000;5100;5150;5015;5026;69281;0
PHOR;D;20211005;000000;5025;5090;5005;5057;100331;0
PHOR;D;20211006;000000;5050;5368;5043;5334;307454;0
PHOR;D;20211007;000000;5379;5588;5271;5549;242814;0
PHOR;D;20211008;000000;5570;5837;5541;5737;273498;0
PHOR;D;20211011;000000;5818;5867;5651;5701;207218;0
PHOR;D;20211012;000000;5701;5749;5562;5589;104671;0
PHOR;D;20211013;000000;5580;5625;5355;5542;232130;0
PHOR;D;20211014;000000;5590;5759;5523;5735;140802;0
PHOR;D;20211015;000000;5694;5946;5694;5932;187302;0
PHOR;D;20211018;000000;5936;6076;5658;6016;171413;0
PHOR;D;20211019;000000;6007;6130;5922;6019;170781;0
PHOR;D;20211020;000000;5961;6067;5835;5887;118463;0
PHOR;D;20211021;000000;5886;5990;5800;5871;101932;0
PHOR;D;20211022;000000;5840;5918;5686;5702;140381;0
PHOR;D;20211025;000000;5711;5860;5703;5853;98772;0
PHOR;D;20211026;000000;5873;5885;5765;5798;91480;0
PHOR;D;20211027;000000;5798;5825;5634;5702;90200;0
PHOR;D;20211028;000000;5696;5798;5552;5762;221509;0
PHOR;D;20211029;000000;5762;5796;5488;5602;347542;0
PHOR;D;20211101;000000;5600;5697;5474;5658;171256;0
PHOR;D;20211102;000000;5680;5739;5613;5662;116104;0
PHOR;D;20211103;000000;5679;5737;5425;5619;460851;0
PHOR;D;20211105;000000;5619;5857;5592;5820;274317;0
PHOR;D;20211108;000000;5854;5976;5702;5816;203991;0
PHOR;D;20211109;000000;5835;5967;5789;5915;174188;0
PHOR;D;20211110;000000;5949;6005;5740;5790;194338;0
PHOR;D;20211111;000000;5800;5847;5776;5810;75124;0
PHOR;D;20211112;000000;5802;5826;5566;5685;160443;0
PHOR;D;20211115;000000;5700;5876;5634;5797;149408;0
PHOR;D;20211116;000000;5800;5878;5760;5795;106102;0
PHOR;D;20211117;000000;5927;5927;5789;5821;119677;0
PHOR;D;20211118;000000;5830;5865;5780;5798;87589;0
PHOR;D;20211119;000000;5797;5840;5686;5746;101497;0
PHOR;D;20211122;000000;5746;5880;5488;5539;245252;0
PHOR;D;20211123;000000;5512;5760;5324;5732;218521;0
PHOR;D;20211124;000000;5749;5861;5630;5840;161081;0
PHOR;D;20211125;000000;5870;5927;5754;5820;136377;0
PHOR;D;20211126;000000;5718;5758;5580;5630;178478;0
PHOR;D;20211129;000000;5655;5786;5600;5647;109990;0
PHOR;D;20211130;000000;5575;5730;5534;5670;157031;0
PHOR;D;20211201;000000;5699;5751;5508;5513;270671;0
PHOR;D;20211202;000000;5520;5596;5450;5574;191605;0
PHOR;D;20211203;000000;5578;5600;5500;5537;110787;0
PHOR;D;20211206;000000;5538;5610;5401;5519;118012;0
PHOR;D;20211207;000000;5500;5641;5488;5611;136608;0
PHOR;D;20211208;000000;5648;5699;5506;5551;189142;0
PHOR;D;20211209;000000;5550;5650;5533;5640;81309;0
PHOR;D;20211210;000000;5643;5696;5553;5595;75242;0
PHOR;D;20211213;000000;5587;5698;5444;5506;224359;0
PHOR;D;20211214;000000;5505;5627;5000;5595;254666;0
PHOR;D;20211215;000000;5574;5783;5531;5760;236132;0
PHOR;D;20211216;000000;5747;5942;5696;5895;368102;0
PHOR;D;20211217;000000;5680;5740;5600;5682;605887;0
PHOR;D;20211220;000000;5678;5678;5361;5580;168233;0
PHOR;D;20211221;000000;5579;5612;5434;5527;201264;0
PHOR;D;20211222;000000;5524;5590;5503;5516;116356;0
PHOR;D;20211223;000000;5567;5590;5503;5519;87952;0
PHOR;D;20211224;000000;5530;5640;5471;5619;88370;0
PHOR;D;20211227;000000;5620;5779;5596;5767;92074;0
PHOR;D;20211228;000000;5766;5864;5650;5798;138836;0
PHOR;D;20211229;000000;5843;5889;5769;5866;135654;0
PHOR;D;20211230;000000;5872;5896;5792;5863;91747;0
PHOR;D;20220103;000000;5863;5945;5823;5936;59855;0
PHOR;D;20220104;000000;5896;5950;5856;5910;59964;0
PHOR;D;20220105;000000;5909;5932;5621;5697;107926;0
PHOR;D;20220106;000000;5645;5864;5622;5735;123092;0
PHOR;D;20220107;000000;0;0;0;0;0;0
PHOR;D;20220110;000000;5715;5807;5695;5761;81332;0
PHOR;D;20220111;000000;5774;5873;5742;5811;72639;0
PHOR;D;20220112;000000;5837;5897;5777;5824;93305;0
PHOR;D;20220113;000000;5830;5853;5714;5797;121273;0
PHOR;D;20220114;000000;5780;5846;5571;5771;253300;0
PHOR;D;20220117;000000;5772;5884;5682;5825;215618;0
PHOR;D;20220118;000000;5840;5857;5600;5679;286894;0
PHOR;D;20220119;000000;5626;5820;5562;5725;277292;0
PHOR;D;20220120;000000;5725;5780;5621;5652;165533;0
PHOR;D;20220121;000000;5644;5674;5375;5399;298261;0
PHOR;D;20220124;000000;5404;5439;5050;5330;408267;0
PHOR;D;20220125;000000;5372;5430;5218;5415;177704;0
PHOR;D;20220126;000000;5430;5624;5281;5357;203134;0
PHOR;D;20220127;000000;5360;5566;5315;5445;188992;0
PHOR;D;20220128;000000;5489;5591;5439;5480;124041;0
PHOR;D;20220131;000000;5467;5605;5412;5481;161599;0
PHOR;D;20220201;000000;5500;5545;5457;5512;75196;0
PHOR;D;20220202;000000;5524;5552;5365;5417;134718;0
PHOR;D;20220203;000000;5415;5422;5240;5331;131918;0
PHOR;D;20220204;000000;5323;5402;5227;5268;105164;0
PHOR;D;20220207;000000;5275;5464;5219;5445;112099;0
PHOR;D;20220208;000000;5445;5648;5438;5567;198241;0
PHOR;D;20220209;000000;5610;5885;5584;5836;244551;0
PHOR;D;20220210;000000;5884;6014;5820;5859;297740;0
PHOR;D;20220211;000000;5859;5968;5691;5747;253496;0
PHOR;D;20220214;000000;5700;5980;5650;5950;259484;0
PHOR;D;20220215;000000;5911;6120;5906;6114;189829;0
PHOR;D;20220216;000000;6120;6249;6057;6170;226148;0
PHOR;D;20220217;000000;6150;6210;5880;5953;211887;0
PHOR;D;20220218;000000;6015;6068;5782;5850;265418;0
PHOR;D;20220221;000000;5759;5988;5309;5536;548098;0
PHOR;D;20220222;000000;5512;5770;5052;5680;556635;0
PHOR;D;20220223;000000;0;0;0;0;0;0
PHOR;D;20220224;000000;5288;5375;3700;5175;456905;0
PHOR;D;20220225;000000;4815;5707;4815;5015;252195;0
PHOR;D;20220228;000000;0;0;0;0;0;0
PHOR;D;20220301;000000;0;0;0;0;0;0
PHOR;D;20220302;000000;0;0;0;0;0;0
PHOR;D;20220303;000000;0;0;0;0;0;0
PHOR;D;20220304;000000;0;0;0;0;0;0
PHOR;D;20220309;000000;0;0;0;0;0;0
PHOR;D;20220310;000000;0;0;0;0;0;0
PHOR;D;20220311;000000;0;0;0;0;0;0
PHOR;D;20220314;000000;0;0;0;0;0;0
PHOR;D;20220315;000000;0;0;0;0;0;0
PHOR;D;20220316;000000;0;0;0;0;0;0
PHOR;D;20220317;000000;0;0;0;0;0;0
PHOR;D;20220318;000000;0;0;0;0;0;0
PHOR;D;20220321;000000;0;0;0;0;0;0
PHOR;D;20220322;000000;0;0;0;0;0;0
PHOR;D;20220323;000000;0;0;0;0;0;0
PHOR;D;20220324;000000;5483;6733;5300;6350;195978;0
PHOR;D;20220325;000000;6450;7724;6415;6951;202361;0
PHOR;D;20220328;000000;7000;8449;6850;8345;459995;0
PHOR;D;20220329;000000;8840;10097;8500;8908;445150;0
PHOR;D;20220330;000000;9000;9450;7370;7950;266841;0
PHOR;D;20220331;000000;8500;8516;8000;8045;188499;0
PHOR;D;20220401;000000;8199;8199;7300;7400;334144;0
PHOR;D;20220404;000000;7562;7700;7014;7129;166183;0
PHOR;D;20220405;000000;7157;7157;6670;6881;161404;0
PHOR;D;20220406;000000;6930;7569;6881;7380;305324;0
PHOR;D;20220407;000000;7450;7653;7151;7286;153855;0
PHOR;D;20220408;000000;7311;7370;6914;6960;97450;0
PHOR;D;20220411;000000;7030;7149;6871;6927;72523;0
PHOR;D;20220412;000000;6927;6927;6600;6904;104731;0
PHOR;D;20220413;000000;6907;7369;6907;7289;180567;0
PHOR;D;20220414;000000;7315;7400;6700;6760;133613;0
PHOR;D;20220415;000000;6800;6840;6550;6820;176303;0
PHOR;D;20220418;000000;7128;7131;6850;6975;93077;0
PHOR;D;20220419;000000;6998;7000;6730;6949;53553;0
PHOR;D;20220420;000000;7000;7187;6870;7093;59013;0
PHOR;D;20220421;000000;7109;7300;7100;7103;81022;0
PHOR;D;20220422;000000;7062;7099;6900;7000;30429;0
PHOR;D;20220425;000000;6985;6985;6800;6859;37892;0
PHOR;D;20220426;000000;6858;7039;6851;7000;48564;0
PHOR;D;20220427;000000;7000;7075;6910;7038;73585;0
PHOR;D;20220428;000000;7040;7277;7040;7110;97957;0
PHOR;D;20220429;000000;7120;7179;7046;7107;74965;0
PHOR;D;20220504;000000;7100;7200;7011;7043;26168;0
PHOR;D;20220505;000000;7050;7188;7040;7168;22885;0
PHOR;D;20220506;000000;7170;7486;7150;7421;96990;0
PHOR;D;20220511;000000;7474;7989;7405;7933;109711;0
PHOR;D;20220512;000000;7995;8300;7500;7655;199601;0
PHOR;D;20220513;000000;7680;7850;7518;7740;59836;0
PHOR;D;20220516;000000;7795;8099;7780;7990;91180;0
PHOR;D;20220517;000000;8032;8197;7765;7881;91779;0
PHOR;D;20220518;000000;7984;8049;7812;7931;68332;0
PHOR;D;20220519;000000;7951;8100;7850;7930;54695;0
PHOR;D;20220520;000000;8000;8000;7121;7450;112863;0
PHOR;D;20220523;000000;7540;7549;7039;7199;68126;0
PHOR;D;20220524;000000;7200;7206;6800;7074;69341;0
PHOR;D;20220525;000000;7100;7277;7071;7221;39764;0
PHOR;D;20220526;000000;7276;7403;7252;7370;49923;0
PHOR;D;20220527;000000;7417;7417;7290;7292;39963;0
PHOR;D;20220530;000000;7280;7290;7025;7134;62606;0
PHOR;D;20220531;000000;7193;7193;7031;7125;33010;0
PHOR;D;20220601;000000;7125;7260;7110;7220;43869;0
PHOR;D;20220602;000000;7289;7290;6900;7013;101460;0
PHOR;D;20220603;000000;7015;7070;6907;7047;48832;0
PHOR;D;20220606;000000;7047;7050;6750;7031;60025;0
PHOR;D;20220607;000000;7044;7150;6946;7100;50691;0
PHOR;D;20220608;000000;7140;7232;7075;7195;47665;0
PHOR;D;20220609;000000;7196;7231;7080;7231;31294;0
PHOR;D;20220610;000000;7231;7277;7162;7262;35021;0
PHOR;D;20220614;000000;7276;7276;7100;7190;43291;0
PHOR;D;20220615;000000;7190;7237;7101;7217;42660;0
PHOR;D;20220616;000000;7237;7690;7226;7670;117805;0
PHOR;D;20220617;000000;7700;7701;7465;7543;64571;0
PHOR;D;20220620;000000;7580;7890;7543;7850;114847;0
PHOR;D;20220621;000000;7876;7930;7652;7770;87436;0
PHOR;D;20220622;000000;7735;8000;7603;7802;145485;0
PHOR;D;20220623;000000;7900;7991;7802;7990;70725;0
PHOR;D;20220624;000000;7950;7979;7820;7909;51532;0
PHOR;D;20220627;000000;7870;7965;7808;7930;46921;0
PHOR;D;20220628;000000;7924;7979;7840;7881;38710;0
PHOR;D;20220629;000000;7880;8097;7871;8085;79193;0
PHOR;D;20220630;000000;8052;8410;7243;7880;206723;0
PHOR;D;20220701;000000;7825;8037;7698;7800;54588;0
PHOR;D;20220704;000000;7327;7766;7210;7692;143121;0
PHOR;D;20220705;000000;7695;7738;7440;7631;51973;0
PHOR;D;20220706;000000;7600;7930;7556;7865;77770;0
PHOR;D;20220707;000000;7861;7962;7806;7920;42727;0
PHOR;D;20220708;000000;7919;7940;7825;7929;26989;0
PHOR;D;20220711;000000;7900;7950;7675;7726;37983;0
PHOR;D;20220712;000000;7724;7736;7255;7302;76011;0
PHOR;D;20220713;000000;7305;7388;6931;7102;77549;0
PHOR;D;20220714;000000;7102;7370;7023;7238;65479;0
PHOR;D;20220715;000000;7449;7690;7301;7423;133073;0
PHOR;D;20220718;000000;7500;7600;7268;7320;65307;0
PHOR;D;20220719;000000;7315;7395;7180;7225;39759;0
PHOR;D;20220720;000000;7272;7274;7168;7190;19786;0
PHOR;D;20220721;000000;7189;7246;7001;7190;46610;0
PHOR;D;20220722;000000;7233;7348;7201;7286;28823;0
PHOR;D;20220725;000000;7300;7423;7203;7245;35457;0
PHOR;D;20220726;000000;7245;7318;7180;7262;33344;0
PHOR;D;20220727;000000;7262;7405;7224;7379;48246;0
PHOR;D;20220728;000000;7400;7500;7286;7360;37610;0
PHOR;D;20220729;000000;7393;7510;7318;7441;49540;0
PHOR;D;20220801;000000;7450;7484;7260;7305;36129;0
PHOR;D;20220802;000000;7296;7330;7200;7211;24515;0
PHOR;D;20220803;000000;7163;7210;7070;7148;36532;0
PHOR;D;20220804;000000;7150;7292;7052;7081;61573;0
PHOR;D;20220805;000000;7075;7075;6801;6847;91332;0
PHOR;D;20220808;000000;7005;7444;6901;7444;127594;0
PHOR;D;20220809;000000;7410;7485;7262;7368;107076;0
PHOR;D;20220810;000000;7368;7428;7316;7353;33788;0
PHOR;D;20220811;000000;7355;7420;7330;7350;34563;0
PHOR;D;20220812;000000;7355;7470;7072;7410;71334;0
PHOR;D;20220815;000000;7429;7589;7400;7542;46570;0
PHOR;D;20220816;000000;7550;7681;7528;7663;36800;0
PHOR;D;20220817;000000;7666;7915;7600;7899;75596;0
PHOR;D;20220818;000000;7899;8000;7633;7884;146822;0
PHOR;D;20220819;000000;8466;8466;8030;8075;252818;0
PHOR;D;20220822;000000;8110;8140;8012;8060;60367;0
PHOR;D;20220823;000000;8073;8091;7922;7925;66735;0
PHOR;D;20220824;000000;7920;7969;7826;7842;46713;0
PHOR;D;20220825;000000;7860;7947;7803;7862;50387;0
PHOR;D;20220826;000000;7869;7979;7863;7979;51734;0
PHOR;D;20220829;000000;7980;8077;7979;8020;39819;0
PHOR;D;20220830;000000;8018;8050;7960;7962;30999;0
PHOR;D;20220831;000000;7947;8040;7666;7918;60111;0
PHOR;D;20220901;000000;7950;8040;7924;8009;57587;0
PHOR;D;20220902;000000;8022;8030;7965;7989;34264;0
PHOR;D;20220905;000000;7995;8160;7965;8153;59025;0
PHOR;D;20220906;000000;8153;8188;7833;7935;175488;0
PHOR;D;20220907;000000;7900;7900;7720;7789;112874;0
PHOR;D;20220908;000000;7754;7827;7720;7741;60642;0
PHOR;D;20220909;000000;7785;7785;7700;7770;45166;0
PHOR;D;20220912;000000;7770;7899;7762;7859;58450;0
PHOR;D;20220913;000000;7890;7930;7784;7909;72836;0
PHOR;D;20220914;000000;7795;7807;7560;7631;285586;0
PHOR;D;20220915;000000;7643;7650;7455;7625;155259;0
PHOR;D;20220916;000000;7636;7731;7540;7640;119180;0
PHOR;D;20220919;000000;7687;7709;7578;7632;59762;0
PHOR;D;20220920;000000;7635;7635;6850;7207;307204;0
PHOR;D;20220921;000000;6580;7400;6300;7150;205020;0
PHOR;D;20220922;000000;7180;7500;7075;7370;155088;0
PHOR;D;20220923;000000;7370;7370;6817;7188;351202;0
PHOR;D;20220926;000000;7150;7173;6503;6868;231766;0
PHOR;D;20220927;000000;6912;7140;6876;7026;115461;0
PHOR;D;20220928;000000;7176;7200;7024;7155;140493;0
PHOR;D;20220929;000000;7169;7197;6888;6911;195867;0
PHOR;D;20220930;000000;6380;6400;6002;6305;277467;0
PHOR;D;20221003;000000;6305;6382;6211;6288;99588;0
PHOR;D;20221004;000000;6270;6285;6018;6111;128260;0
PHOR;D;20221005;000000;6111;6120;5881;5932;118560;0
PHOR;D;20221006;000000;5918;6032;5900;5931;99634;0
PHOR;D;20221007;000000;5925;5985;5685;5685;106402;0
PHOR;D;20221010;000000;5570;5920;5365;5767;176928;0
PHOR;D;20221011;000000;5845;5873;5676;5798;96950;0
PHOR;D;20221012;000000;5824;5868;5717;5749;72208;0
PHOR;D;20221013;000000;5783;5786;5705;5742;58666;0
PHOR;D;20221014;000000;5758;5781;5718;5755;39187;0
PHOR;D;20221017;000000;5770;6065;5765;6060;81523;0
PHOR;D;20221018;000000;6110;6280;5957;6119;156663;0
PHOR;D;20221019;000000;6118;6175;6043;6086;47698;0
PHOR;D;20221020;000000;6100;6210;6076;6167;49362;0
PHOR;D;20221021;000000;6167;6167;6056;6110;55010;0
PHOR;D;20221024;000000;6148;6242;6068;6216;57034;0
PHOR;D;20221025;000000;6240;6298;6144;6220;122558;0
PHOR;D;20221026;000000;6235;6244;6075;6168;60832;0
PHOR;D;20221027;000000;6200;6330;6117;6330;97120;0
PHOR;D;20221028;000000;6390;6486;6226;6274;176883;0
PHOR;D;20221031;000000;6301;6375;6286;6320;87396;0
PHOR;D;20221101;000000;6342;6358;6301;6313;72006;0
PHOR;D;20221102;000000;6320;6628;6305;6507;368716;0
PHOR;D;20221103;000000;6534;6679;6410;6628;266445;0
PHOR;D;20221107;000000;6700;6700;6517;6598;174394;0
PHOR;D;20221108;000000;6601;6630;6530;6557;69239;0
PHOR;D;20221109;000000;6542;6548;6301;6404;101798;0
PHOR;D;20221110;000000;6403;6515;6376;6507;80648;0
PHOR;D;20221111;000000;6525;6531;6390;6453;95686;0
PHOR;D;20221114;000000;6491;6545;6425;6466;80732;0
PHOR;D;20221115;000000;6455;6495;6161;6301;156595;0
PHOR;D;20221116;000000;6327;6465;6327;6430;67257;0
PHOR;D;20221117;000000;6452;6539;6430;6500;87973;0
PHOR;D;20221118;000000;6481;6534;6404;6432;49862;0
PHOR;D;20221121;000000;6432;6434;6301;6369;64417;0
PHOR;D;20221122;000000;6375;6421;6322;6377;37046;0
PHOR;D;20221123;000000;6390;6410;6347;6365;33512;0
PHOR;D;20221124;000000;6365;6435;6355;6425;44040;0
PHOR;D;20221125;000000;6434;6457;6381;6415;34600;0
PHOR;D;20221128;000000;6405;6485;6383;6429;36623;0
PHOR;D;20221129;000000;6451;6490;6420;6470;42528;0
PHOR;D;20221130;000000;6470;6471;6412;6443;23298;0
PHOR;D;20221201;000000;6460;6462;6420;6436;27366;0
PHOR;D;20221202;000000;6435;6440;6336;6377;44448;0
PHOR;D;20221205;000000;6376;6414;6350;6385;25792;0
PHOR;D;20221206;000000;6387;6399;6350;6365;31488;0
PHOR;D;20221207;000000;6364;6392;6311;6381;37998;0
PHOR;D;20221208;000000;6390;6415;6350;6401;31491;0
PHOR;D;20221209;000000;6397;6406;6335;6355;25983;0
PHOR;D;20221212;000000;6356;6405;6345;6380;32931;0
PHOR;D;20221213;000000;6382;6384;6356;6379;47914;0
PHOR;D;20221214;000000;6381;6381;6212;6352;71859;0
PHOR;D;20221215;000000;6302;6345;6215;6260;76292;0
PHOR;D;20221216;000000;5984;6106;5970;6082;141238;0
PHOR;D;20221219;000000;6080;6080;5800;5959;104037;0
PHOR;D;20221220;000000;5959;6100;5959;6100;63987;0
PHOR;D;20221221;000000;6125;6205;6113;6181;81135;0
PHOR;D;20221222;000000;6200;6317;6161;6309;71101;0
PHOR;D;20221223;000000;6310;6310;6180;6204;41964;0
PHOR;D;20221226;000000;6233;6296;6197;6278;34313;0
PHOR;D;20221227;000000;6290;6375;6280;6364;38879;0
PHOR;D;20221228;000000;6373;6390;6263;6332;71759;0
PHOR;D;20221229;000000;6350;6400;6333;6386;37036;0
PHOR;D;20221230;000000;6390;6408;6380;6390;33414;0
PHOR;D;20230103;000000;6400;6530;6390;6520;34049;0
PHOR;D;20230104;000000;6520;6576;6485;6527;29454;0
PHOR;D;20230105;000000;6526;6550;6492;6518;20255;0
PHOR;D;20230106;000000;6530;6530;6472;6487;22439;0
PHOR;D;20230109;000000;6470;6477;6300;6382;108003;0
PHOR;D;20230110;000000;6382;6382;6280;6326;37863;0
PHOR;D;20230111;000000;6301;6380;6286;6372;42713;0
PHOR;D;20230112;000000;6375;6395;6343;6360;21608;0
PHOR;D;20230113;000000;6363;6384;6348;6363;17794;0
PHOR;D;20230116;000000;6399;6432;6380;6422;29563;0
PHOR;D;20230117;000000;6422;6440;6328;6373;37347;0
PHOR;D;20230118;000000;6373;6404;6337;6376;37805;0
PHOR;D;20230119;000000;6376;6385;6316;6358;25102;0
PHOR;D;20230120;000000;6360;6361;6300;6322;23137;0
PHOR;D;20230123;000000;6310;6425;6299;6400;36731;0
PHOR;D;20230124;000000;6418;6440;6373;6398;34605;0
PHOR;D;20230125;000000;6410;6430;6325;6420;25216;0
PHOR;D;20230126;000000;6421;6430;6382;6392;20865;0
PHOR;D;20230127;000000;6415;6425;6385;6416;21977;0
PHOR;D;20230130;000000;6424;6468;6418;6459;35457;0
PHOR;D;20230131;000000;6459;6480;6406;6465;25978;0
PHOR;D;20230201;000000;6475;6667;6457;6600;117201;0
PHOR;D;20230202;000000;6617;6648;6557;6604;47901;0
PHOR;D;20230203;000000;6606;6700;6600;6664;79984;0
PHOR;D;20230206;000000;6666;6930;6637;6896;148762;0
PHOR;D;20230207;000000;6915;6976;6414;6873;98711;0
PHOR;D;20230208;000000;6886;7000;6699;6745;172774;0
PHOR;D;20230209;000000;6708;6841;6702;6825;41887;0
PHOR;D;20230210;000000;6825;6875;6781;6842;34858;0
PHOR;D;20230213;000000;6850;6893;6739;6780;43829;0
PHOR;D;20230214;000000;6780;6783;6638;6676;51245;0
PHOR;D;20230215;000000;6650;6663;6330;6407;96939;0
PHOR;D;20230216;000000;6450;6476;6380;6409;56836;0
PHOR;D;20230217;000000;6417;6431;6364;6393;55262;0
PHOR;D;20230220;000000;6380;6393;6302;6379;39369;0
PHOR;D;20230221;000000;6385;6569;6286;6527;73364;0
PHOR;D;20230222;000000;6500;6703;6450;6673;68703;0
PHOR;D;20230224;000000;6690;6799;6612;6675;53507;0
PHOR;D;20230227;000000;6676;6788;6656;6732;56832;0
PHOR;D;20230228;000000;6750;6799;6706;6763;48755;0
PHOR;D;20230301;000000;6784;6900;6771;6895;69533;0
PHOR;D;20230302;000000;6920;6959;6676;6720;141344;0
PHOR;D;20230303;000000;6721;7094;6720;7090;527775;0
PHOR;D;20230306;000000;7120;7185;7064;7163;207888;0
PHOR;D;20230307;000000;7178;7185;7115;7132;76354;0
PHOR;D;20230309;000000;7132;7150;7061;7093;76610;0
PHOR;D;20230310;000000;7093;7134;7028;7041;77314;0
PHOR;D;20230313;000000;7041;7096;6981;7032;76314;0
PHOR;D;20230314;000000;7034;7034;6952;7015;64525;0
PHOR;D;20230315;000000;7040;7077;7008;7071;62577;0
PHOR;D;20230316;000000;7080;7133;7021;7098;99436;0
PHOR;D;20230317;000000;7101;7120;7030;7059;92200;0
PHOR;D;20230320;000000;7081;7227;7050;7206;141332;0
PHOR;D;20230321;000000;7220;7348;7180;7250;125041;0
PHOR;D;20230322;000000;7249;7300;7233;7282;51820;0
PHOR;D;20230323;000000;7295;7305;7255;7277;49624;0
PHOR;D;20230324;000000;7277;7395;7277;7375;144219;0
PHOR;D;20230327;000000;7385;7465;7380;7442;106703;0
PHOR;D;20230328;000000;7468;7468;7083;7416;144122;0
PHOR;D;20230329;000000;7401;7449;7360;7413;89133;0
PHOR;D;20230330;000000;7410;7440;7395;7419;94062;0
PHOR;D;20230331;000000;7401;7513;7372;7504;196688;0
PHOR;D;20230403;000000;7080;7306;7071;7294;312469;0
PHOR;D;20230404;000000;7314;7382;7275;7301;110737;0
PHOR;D;20230405;000000;7290;7330;7231;7301;70912;0
PHOR;D;20230406;000000;7282;7338;7260;7280;50742;0
PHOR;D;20230407;000000;7280;7305;7150;7213;78445;0
PHOR;D;20230410;000000;7200;7268;7183;7227;56003;0
PHOR;D;20230411;000000;7233;7248;7091;7141;78588;0
PHOR;D;20230412;000000;7158;7249;7158;7206;55724;0
PHOR;D;20230413;000000;7234;7234;7179;7217;39121;0
PHOR;D;20230414;000000;7193;7220;7150;7185;53264;0
PHOR;D;20230417;000000;7190;7256;7181;7239;44768;0
PHOR;D;20230418;000000;7258;7258;7190;7235;44900;0
PHOR;D;20230419;000000;7257;7278;7165;7238;82510;0
PHOR;D;20230420;000000;7238;7350;7175;7281;81409;0
PHOR;D;20230421;000000;7294;7390;7294;7330;62448;0
PHOR;D;20230424;000000;7330;7385;7282;7331;47787;0
PHOR;D;20230425;000000;7325;7360;7280;7308;33635;0
PHOR;D;20230426;000000;7333;7333;7282;7283;20098;0
PHOR;D;20230427;000000;7298;7376;7230;7300;55676;0
PHOR;D;20230428;000000;7309;7327;7249;7276;26805;0
PHOR;D;20230502;000000;7250;7300;7150;7202;45210;0
PHOR;D;20230503;000000;7201;7235;7013;7065;63292;0
PHOR;D;20230504;000000;7065;7152;7040;7109;27995;0
PHOR;D;20230505;000000;7138;7147;7058;7061;24694;0
PHOR;D;20230508;000000;7059;7100;7033;7040;13478;0
PHOR;D;20230510;000000;7030;7220;7016;7190;46801;0
PHOR;D;20230511;000000;7200;7227;7068;7102;90723;0
PHOR;D;20230512;000000;7103;7168;7050;7094;47906;0
PHOR;D;20230515;000000;7120;7340;7102;7286;67939;0
PHOR;D;20230516;000000;7290;7340;7199;7308;53861;0
PHOR;D;20230517;000000;7317;7392;7264;7367;41197;0
PHOR;D;20230518;000000;7375;7439;7206;7242;124544;0
PHOR;D;20230519;000000;7212;7375;7212;7288;62898;0
PHOR;D;20230522;000000;7320;7386;7255;7364;49046;0
PHOR;D;20230523;000000;7360;7650;7360;7541;159306;0
PHOR;D;20230524;000000;7555;7592;7420;7540;74477;0
PHOR;D;20230525;000000;7543;7576;7376;7471;63939;0
PHOR;D;20230526;000000;7471;7643;7413;7550;144282;0
PHOR;D;20230529;000000;7555;7607;7520;7538;68130;0
PHOR;D;20230530;000000;7516;7664;7500;7579;66534;0
PHOR;D;20230531;000000;7580;7750;7557;7692;95689;0
PHOR;D;20230601;000000;7692;7720;7650;7664;37077;0
PHOR;D;20230602;000000;7670;7727;7480;7553;100402;0
PHOR;D;20230605;000000;7535;7590;7289;7377;137373;0
PHOR;D;20230606;000000;7380;7533;7290;7424;102873;0
PHOR;D;20230607;000000;7394;7434;7294;7405;103185;0
PHOR;D;20230608;000000;7408;7522;7391;7473;61377;0
PHOR;D;20230609;000000;7476;7476;7431;7471;24754;0
PHOR;D;20230613;000000;7477;7585;7471;7551;59343;0
PHOR;D;20230614;000000;7551;7566;7405;7477;73427;0
PHOR;D;20230615;000000;7480;7516;7412;7494;86071;0
PHOR;D;20230616;000000;7500;7516;7443;7476;52170;0
PHOR;D;20230619;000000;7488;7559;7440;7495;82030;0
PHOR;D;20230620;000000;7472;7530;7451;7492;56728;0
PHOR;D;20230621;000000;7492;7525;7460;7472;35281;0
PHOR;D;20230622;000000;7479;7482;7420;7433;38251;0
PHOR;D;20230623;000000;7422;7498;7350;7393;63098;0
PHOR;D;20230626;000000;7428;7494;7350;7428;64310;0
PHOR;D;20230627;000000;7436;7482;7375;7410;81328;0
PHOR;D;20230628;000000;7410;7435;7367;7377;56502;0
PHOR;D;20230629;000000;7367;7402;7295;7324;92186;0
PHOR;D;20230630;000000;7344;7347;7288;7310;66013;0
PHOR;D;20230703;000000;7322;7330;7171;7206;138872;0
PHOR;D;20230704;000000;7201;7219;7150;7169;86373;0
PHOR;D;20230705;000000;7169;7251;7150;7248;79496;0
PHOR;D;20230706;000000;7257;7440;7225;7339;174156;0
PHOR;D;20230707;000000;7301;7432;7258;7391;111673;0
PHOR;D;20230710;000000;7249;7339;7200;7336;89947;0
PHOR;D;20230711;000000;7348;7348;7260;7278;56309;0
PHOR;D;20230712;000000;7270;7330;7253;7312;49744;0
PHOR;D;20230713;000000;7315;7456;7280;7340;119109;0
PHOR;D;20230714;000000;7340;7366;7302;7318;51087;0
PHOR;D;20230717;000000;7307;7387;7305;7326;51468;0
PHOR;D;20230718;000000;7347;7378;7301;7353;63173;0
PHOR;D;20230719;000000;7363;7450;7356;7426;80476;0
PHOR;D;20230720;000000;7434;7484;7351;7410;93757;0
PHOR;D;20230721;000000;7414;7470;7381;7421;40675;0
PHOR;D;20230724;000000;7420;7472;7401;7451;43362;0
PHOR;D;20230725;000000;7454;7480;7430;7449;38482;0
PHOR;D;20230726;000000;7435;7450;7351;7392;63812;0
PHOR;D;20230727;000000;7416;7434;7393;7415;48731;0
PHOR;D;20230728;000000;7433;7472;7410;7453;69742;0
PHOR;D;20230731;000000;7471;7600;7471;7548;157823;0
PHOR;D;20230801;000000;7573;7635;7478;7538;124062;0
PHOR;D;20230802;000000;7540;7624;7518;7581;73237;0
PHOR;D;20230803;000000;7581;7599;7508;7572;73308;0
PHOR;D;20230804;000000;7587;7649;7406;7483;148734;0
PHOR;D;20230807;000000;7477;7610;7411;7492;91977;0
PHOR;D;20230808;000000;7500;7578;7447;7559;55916;0
PHOR;D;20230809;000000;7580;7590;7507;7547;65452;0
PHOR;D;20230810;000000;7552;7567;7480;7500;92728;0
PHOR;D;20230811;000000;7514;7550;7455;7516;88757;0
PHOR;D;20230814;000000;7538;7893;7519;7635;351592;0
PHOR;D;20230815;000000;7620;7750;7517;7607;140958;0
PHOR;D;20230816;000000;7601;7621;7455;7509;107957;0
PHOR;D;20230817;000000;7530;7540;7420;7494;76948;0
PHOR;D;20230818;000000;7470;7748;7470;7675;131849;0
PHOR;D;20230821;000000;7753;7789;7582;7640;106450;0
PHOR;D;20230822;000000;7645;7736;7590;7633;104206;0
PHOR;D;20230823;000000;7644;7650;7441;7494;87769;0
PHOR;D;20230824;000000;7510;7547;7452;7518;72992;0
PHOR;D;20230825;000000;7530;7569;7493;7526;37273;0
PHOR;D;20230828;000000;7535;7617;7511;7550;80075;0
PHOR;D;20230829;000000;7550;7562;7458;7493;125081;0
PHOR;D;20230830;000000;7493;7501;7310;7356;171099;0
PHOR;D;20230831;000000;7350;7357;7234;7314;210069;0
PHOR;D;20230901;000000;7322;7322;7164;7217;282367;0
PHOR;D;20230904;000000;7240;7281;7181;7268;271046;0
PHOR;D;20230905;000000;7268;7279;7191;7217;128645;0
PHOR;D;20230906;000000;7217;7386;7188;7330;280011;0
PHOR;D;20230907;000000;7349;7353;7101;7218;211383;0
PHOR;D;20230908;000000;7218;7254;7101;7183;87776;0
PHOR;D;20230911;000000;7180;7218;7108;7149;70192;0
PHOR;D;20230912;000000;7155;7235;7117;7211;70204;0
PHOR;D;20230913;000000;7220;7221;7131;7138;48348;0
PHOR;D;20230914;000000;7138;7144;6981;7062;122060;0
PHOR;D;20230915;000000;7082;7150;7023;7121;70697;0
PHOR;D;20230918;000000;7139;7139;6990;7027;87287;0
PHOR;D;20230919;000000;7048;7048;6821;6843;122523;0
PHOR;D;20230920;000000;6843;6980;6797;6857;119486;0
PHOR;D;20230921;000000;6850;6868;6657;6665;153780;0
PHOR;D;20230922;000000;6651;6732;6505;6690;119480;0
PHOR;D;20230925;000000;6700;6700;6580;6610;97569;0
PHOR;D;20230926;000000;6610;6691;6500;6637;106669;0
PHOR;D;20230927;000000;6637;6833;6631;6807;109669;0
PHOR;D;20230928;000000;6832;6832;6750;6808;51046;0
PHOR;D;20230929;000000;6808;6820;6730;6783;68963;0
PHOR;D;20231002;000000;6805;6847;6705;6728;115323;0
PHOR;D;20231003;000000;6690;6817;6561;6580;195536;0
PHOR;D;20231004;000000;6550;6620;6503;6522;210051;0
PHOR;D;20231005;000000;6522;6627;6456;6614;158635;0
PHOR;D;20231006;000000;6638;6923;6584;6920;383899;0
PHOR;D;20231009;000000;6900;7000;6811;6876;128802;0
PHOR;D;20231010;000000;6900;6900;6782;6831;82920;0
PHOR;D;20231011;000000;6830;6860;6700;6714;96134;0
PHOR;D;20231012;000000;6701;6780;6682;6756;54768;0
PHOR;D;20231013;000000;6750;6783;6730;6761;42979;0
PHOR;D;20231016;000000;6770;6950;6761;6876;92804;0
PHOR;D;20231017;000000;6878;6894;6813;6885;45462;0
PHOR;D;20231018;000000;6885;6971;6849;6948;87565;0
PHOR;D;20231019;000000;6960;6970;6827;6899;68746;0
PHOR;D;20231020;000000;6887;6899;6732;6770;86066;0
PHOR;D;20231023;000000;6788;6850;6738;6829;66979;0
PHOR;D;20231024;000000;6828;6843;6771;6819;40490;0
PHOR;D;20231025;000000;6805;6894;6794;6877;53467;0
PHOR;D;20231026;000000;6890;6948;6785;6810;59950;0
PHOR;D;20231027;000000;6812;6866;6706;6790;55619;0
PHOR;D;20231030;000000;6790;6866;6726;6734;48030;0
PHOR;D;20231031;000000;6755;6757;6636;6641;57989;0
PHOR;D;20231101;000000;6641;6696;6641;6669;43983;0
PHOR;D;20231102;000000;6671;6727;6658;6701;42530;0
PHOR;D;20231103;000000;6722;6722;6591;6655;67220;0
PHOR;D;20231106;000000;6655;6808;6654;6798;38941;0
PHOR;D;20231107;000000;6819;6823;6749;6775;33942;0
PHOR;D;20231108;000000;6775;6826;6751;6821;38791;0
PHOR;D;20231109;000000;6795;6997;6795;6877;138893;0
PHOR;D;20231110;000000;6888;6895;6800;6872;67774;0
PHOR;D;20231113;000000;6871;6900;6809;6813;49704;0
PHOR;D;20231114;000000;6816;6878;6751;6854;61070;0
PHOR;D;20231115;000000;6850;6870;6813;6864;24403;0
PHOR;D;20231116;000000;6888;6899;6770;6789;44516;0
PHOR;D;20231117;000000;6786;6829;6755;6791;31706;0
PHOR;D;20231120;000000;6812;6826;6781;6795;17738;0
PHOR;D;20231121;000000;6795;6850;6755;6813;27634;0
PHOR;D;20231122;000000;6800;6827;6770;6800;24572;0
PHOR;D;20231123;000000;6780;6831;6719;6781;34923;0
PHOR;D;20231124;000000;6783;6796;6733;6755;38249;0
PHOR;D;20231127;000000;6756;6764;6655;6680;46320;0
PHOR;D;20231128;000000;6711;6890;6654;6828;60098;0
PHOR;D;20231129;000000;6828;6828;6737;6748;19171;0
PHOR;D;20231130;000000;6750;6806;6695;6732;44409;0
PHOR;D;20231201;000000;6728;6780;6668;6702;39735;0
PHOR;D;20231204;000000;6702;6768;6600;6700;46009;0
PHOR;D;20231205;000000;6700;6770;6658;6770;44677;0
PHOR;D;20231206;000000;6770;6780;6617;6625;41738;0
PHOR;D;20231207;000000;6634;6699;6605;6662;28860;0
PHOR;D;20231208;000000;6662;6708;6660;6704;19806;0
PHOR;D;20231211;000000;6703;6714;6631;6644;45995;0
PHOR;D;20231212;000000;6644;6693;6603;6613;34987;0
PHOR;D;20231213;000000;6604;6639;6554;6612;52660;0
PHOR;D;20231214;000000;6618;6679;6568;6577;44727;0
PHOR;D;20231215;000000;6591;6735;6575;6707;59234;0
PHOR;D;20231218;000000;6734;6774;6691;6734;54803;0
PHOR;D;20231219;000000;6735;6768;6701;6736;41364;0
PHOR;D;20231220;000000;6745;6894;6740;6805;84619;0
PHOR;D;20231221;000000;6809;6840;6761;6808;94800;0
PHOR;D;20231222;000000;6808;6890;6770;6868;141313;0
PHOR;D;20231225;000000;6616;6685;6588;6668;215514;0
PHOR;D;20231226;000000;6678;6685;6626;6660;45011;0
PHOR;D;20231227;000000;6660;6660;6571;6575;66718;0
PHOR;D;20231228;000000;6575;6609;6560;6578;38477;0
PHOR;D;20231229;000000;6594;6600;6565;6587;24819;0
PHOR;D;20240103;000000;6600;6668;6595;6663;20239;0
PHOR;D;20240104;000000;6678;6702;6641;6649;17541;0
PHOR;D;20240105;000000;6666;6668;6632;6665;13251;0
PHOR;D;20240108;000000;6680;6703;6671;6703;14849;0
PHOR;D;20240109;000000;6717;6740;6648;6659;36412;0
PHOR;D;20240110;000000;6660;6708;6650;6688;34676;0
PHOR;D;20240111;000000;6699;6738;6666;6714;49202;0
PHOR;D;20240112;000000;6714;6724;6676;6692;26097;0
PHOR;D;20240115;000000;6694;6777;6682;6761;78589;0
PHOR;D;20240116;000000;6763;6805;6718;6769;59009;0
PHOR;D;20240117;000000;6786;6800;6750;6769;49401;0
PHOR;D;20240118;000000;6769;6830;6758;6820;59146;0
PHOR;D;20240119;000000;6820;6849;6724;6812;93223;0
PHOR;D;20240122;000000;6816;6831;6779;6798;37948;0
PHOR;D;20240123;000000;6800;6839;6790;6818;48375;0
PHOR;D;20240124;000000;6828;6828;6729;6756;37746;0
PHOR;D;20240125;000000;6758;6798;6722;6767;46112;0
PHOR;D;20240126;000000;6765;6789;6750;6768;23176;0
PHOR;D;20240129;000000;6768;6850;6754;6800;45777;0
PHOR;D;20240130;000000;6802;6818;6708;6750;72430;0
PHOR;D;20240131;000000;6753;6785;6736;6765;23815;0
PHOR;D;20240201;000000;6772;6778;6751;6759;17730;0
PHOR;D;20240202;000000;6760;6768;6720;6737;29919;0
PHOR;D;20240205;000000;6738;6776;6736;6774;40344;0
PHOR;D;20240206;000000;6775;6800;6767;6798;30431;0
PHOR;D;20240207;000000;6800;6800;6751;6771;38016;0
PHOR;D;20240208;000000;6773;6805;6755;6766;48237;0
PHOR;D;20240209;000000;6770;6819;6764;6795;38218;0
PHOR;D;20240212;000000;6795;6830;6790;6825;30819;0
PHOR;D;20240213;000000;6830;6970;6824;6944;123444;0
PHOR;D;20240214;000000;6964;7029;6884;6932;88118;0
PHOR;D;20240215;000000;6933;6942;6871;6913;59651;0
PHOR;D;20240216;000000;6925;6950;6841;6851;63722;0
PHOR;D;20240219;000000;6851;6915;6845;6869;37992;0
PHOR;D;20240220;000000;6869;6906;6700;6715;90390;0
PHOR;D;20240221;000000;6715;6754;6621;6668;77450;0
PHOR;D;20240222;000000;6669;6711;6660;6702;24970;0
PHOR;D;20240226;000000;6724;6874;6706;6828;61474;0
PHOR;D;20240227;000000;6827;6831;6714;6745;39022;0
PHOR;D;20240228;000000;6745;6776;6692;6717;30606;0
PHOR;D;20240229;000000;6718;6764;6677;6755;61365;0
PHOR;D;20240301;000000;6755;6810;6731;6792;39298;0
PHOR;D;20240304;000000;6792;6830;6719;6757;65461;0
PHOR;D;20240305;000000;6750;6820;6719;6811;46098;0
PHOR;D;20240306;000000;6820;6825;6760;6779;43315;0
PHOR;D;20240307;000000;6762;6800;6744;6791;24534;0
PHOR;D;20240311;000000;6802;6819;6731;6746;54674;0
PHOR;D;20240312;000000;6741;6794;6722;6759;32344;0
PHOR;D;20240313;000000;6771;6797;6745;6760;44478;0
PHOR;D;20240314;000000;6777;6780;6708;6745;59606;0
PHOR;D;20240315;000000;6745;6780;6745;6751;20350;0
PHOR;D;20240318;000000;6751;6784;6685;6693;63093;0
PHOR;D;20240319;000000;6694;6698;6630;6657;56884;0
PHOR;D;20240320;000000;6656;6697;6610;6680;46876;0
PHOR;D;20240321;000000;6680;6700;6629;6682;40045;0
PHOR;D;20240322;000000;6680;6689;6605;6623;46315;0
PHOR;D;20240325;000000;6623;6665;6584;6609;44914;0
PHOR;D;20240326;000000;6609;6635;6593;6628;40942;0
PHOR;D;20240327;000000;6640;6644;6600;6607;25590;0
PHOR;D;20240328;000000;6622;6672;6601;6658;36862;0
PHOR;D;20240329;000000;6658;6670;6597;6625;44521;0
PHOR;D;20240401;000000;6631;6750;6631;6748;70862;0
PHOR;D;20240402;000000;6750;6760;6693;6728;48325;0
PHOR;D;20240403;000000;6732;6754;6693;6746;40977;0
PHOR;D;20240404;000000;6746;6763;6701;6706;37495;0
PHOR;D;20240405;000000;6703;6729;6650;6680;61392;0
PHOR;D;20240408;000000;6710;6746;6700;6736;35157;0
PHOR;D;20240409;000000;6736;6740;6670;6699;31473;0
PHOR;D;20240410;000000;6682;6740;6673;6691;50941;0
PHOR;D;20240411;000000;6693;6759;6650;6741;45978;0
PHOR;D;20240412;000000;6741;6810;6738;6771;53998;0
PHOR;D;20240415;000000;6774;6815;6750;6784;47975;0
PHOR;D;20240416;000000;6807;6808;6721;6730;46334;0
PHOR;D;20240417;000000;6752;6752;6688;6702;39975;0
PHOR;D;20240418;000000;6710;6810;6700;6802;68545;0
PHOR;D;20240419;000000;6802;6824;6750;6754;30442;0
PHOR;D;20240422;000000;6757;6795;6748;6780;38480;0
PHOR;D;20240423;000000;6790;6790;6698;6702;41922;0
PHOR;D;20240424;000000;6725;6725;6659;6680;28655;0
PHOR;D;20240425;000000;6680;6688;6603;6660;36319;0
PHOR;D;20240426;000000;6661;6710;6600;6603;68102;0
PHOR;D;20240427;000000;6613;6658;6576;6610;39539;0
PHOR;D;20240429;000000;6630;6630;6583;6601;23500;0
PHOR;D;20240430;000000;6612;6654;6602;6610;22204;0
PHOR;D;20240502;000000;6622;6636;6610;6633;21475;0
PHOR;D;20240503;000000;6609;6633;6602;6610;15676;0
PHOR;D;20240506;000000;6610;6618;6550;6551;49004;0
PHOR;D;20240507;000000;6555;6594;6530;6540;36473;0
PHOR;D;20240508;000000;6560;6568;6530;6534;27759;0
PHOR;D;20240510;000000;6530;6597;6502;6535;24917;0
PHOR;D;20240513;000000;6540;6553;6505;6511;32980;0
PHOR;D;20240514;000000;6505;6577;6505;6545;30496;0
PHOR;D;20240515;000000;6545;6572;6511;6554;33456;0
PHOR;D;20240516;000000;6566;6566;6515;6543;17024;0
PHOR;D;20240517;000000;6544;6647;6519;6618;56837;0
PHOR;D;20240520;000000;6618;6650;6572;6612;46418;0
PHOR;D;20240521;000000;6591;6600;6460;6503;56502;0
PHOR;D;20240522;000000;6504;6525;6333;6357;109571;0
PHOR;D;20240523;000000;6357;6357;6135;6182;160419;0
PHOR;D;20240524;000000;6190;6279;6182;6266;86800;0
PHOR;D;20240527;000000;6289;6296;6200;6231;67119;0
PHOR;D;20240528;000000;6249;6356;6000;6008;123766;0
PHOR;D;20240529;000000;5997;6089;5891;6077;156940;0
PHOR;D;20240530;000000;6077;6199;6001;6032;86183;0
PHOR;D;20240531;000000;6020;6053;5920;5934;92543;0
PHOR;D;20240603;000000;5941;6080;5656;5910;157055;0
PHOR;D;20240604;000000;5930;6008;5788;5940;57804;0
PHOR;D;20240605;000000;5940;6022;5817;5836;58004;0
PHOR;D;20240606;000000;5865;5950;5805;5854;69368;0
PHOR;D;20240607;000000;5853;6014;5833;6006;77286;0
PHOR;D;20240610;000000;6045;6086;5842;5894;59106;0
PHOR;D;20240611;000000;5885;5900;5717;5724;65391;0
PHOR;D;20240613;000000;5449;5930;5449;5830;81349;0
PHOR;D;20240614;000000;5832;5977;5811;5960;44712;0
PHOR;D;20240617;000000;5977;6002;5826;5846;65092;0
PHOR;D;20240618;000000;5847;5882;5750;5844;54411;0
PHOR;D;20240619;000000;5858;5858;5655;5721;62835;0
PHOR;D;20240620;000000;5735;6096;5720;6094;158498;0
PHOR;D;20240621;000000;6099;6099;5940;6030;94509;0
PHOR;D;20240624;000000;6031;6083;5934;5945;39619;0
PHOR;D;20240625;000000;5954;5967;5830;5940;61752;0
PHOR;D;20240626;000000;5950;5965;5842;5873;56279;0
PHOR;D;20240627;000000;5876;5909;5804;5856;43072;0
PHOR;D;20240628;000000;5866;5888;5835;5869;20493;0
PHOR;D;20240701;000000;5871;5898;5830;5856;32476;0
PHOR;D;20240702;000000;5865;6000;5844;5999;51338;0
PHOR;D;20240703;000000;6000;6030;5937;6012;45445;0
PHOR;D;20240704;000000;6015;6070;5869;5923;67712;0
PHOR;D;20240705;000000;5937;5985;5881;5908;33272;0
PHOR;D;20240708;000000;5927;6141;5921;5998;98690;0
PHOR;D;20240709;000000;5981;6050;5839;5885;86881;0
PHOR;D;20240710;000000;5862;5897;5459;5595;188259;0
PHOR;D;20240711;000000;5340;5699;5204;5657;187858;0
PHOR;D;20240712;000000;5625;5649;5481;5546;69898;0
PHOR;D;20240715;000000;5568;5573;5350;5411;79846;0
PHOR;D;20240716;000000;5411;5588;5353;5580;65606;0
PHOR;D;20240717;000000;5580;5580;5404;5449;100444;0
PHOR;D;20240718;000000;5449;5520;5421;5496;38389;0
PHOR;D;20240719;000000;5518;5630;5490;5546;55012;0
PHOR;D;20240722;000000;5572;5804;5559;5769;88964;0
PHOR;D;20240723;000000;5763;5890;5680;5809;44861;0
PHOR;D;20240724;000000;5810;5828;5690;5758;82736;0
PHOR;D;20240725;000000;5758;5771;5700;5758;29784;0
PHOR;D;20240726;000000;5758;5799;5668;5700;74927;0
PHOR;D;20240729;000000;5699;5699;5455;5526;156743;0
PHOR;D;20240730;000000;5570;5571;5472;5555;75682;0
PHOR;D;20240731;000000;5569;5620;5505;5618;83171;0
PHOR;D;20240801;000000;5618;5644;5567;5580;39263;0
PHOR;D;20240802;000000;5577;5610;5524;5580;41033;0
PHOR;D;20240805;000000;5502;5559;5457;5505;62218;0
PHOR;D;20240806;000000;5519;5555;5410;5442;71521;0
PHOR;D;20240807;000000;5451;5488;5370;5452;61558;0
PHOR;D;20240808;000000;5463;5479;5376;5399;49837;0
PHOR;D;20240809;000000;5400;5435;5390;5416;29698;0
PHOR;D;20240812;000000;5417;5418;5313;5345;65454;0
PHOR;D;20240813;000000;5345;5533;5339;5532;68463;0
PHOR;D;20240814;000000;5516;5532;5415;5416;41293;0
PHOR;D;20240815;000000;5416;5479;5393;5451;35737;0
PHOR;D;20240816;000000;5451;5465;5363;5389;31631;0
PHOR;D;20240819;000000;5391;5405;5321;5344;35661;0
PHOR;D;20240820;000000;5351;5376;5293;5306;68907;0
PHOR;D;20240821;000000;5306;5336;5282;5305;36255;0
PHOR;D;20240822;000000;5305;5327;5191;5225;82851;0
PHOR;D;20240823;000000;5230;5310;5058;5120;105696;0
PHOR;D;20240826;000000;5200;5265;5166;5237;41812;0
PHOR;D;20240827;000000;5224;5276;5170;5200;23741;0
PHOR;D;20240828;000000;5200;5225;5100;5162;37997;0
PHOR;D;20240829;000000;5177;5188;5125;5169;21845;0
PHOR;D;20240830;000000;5177;5179;4921;4997;88113;0
PHOR;D;20240902;000000;4945;4990;4796;4866;103047;0
PHOR;D;20240903;000000;4866;5084;4843;4869;106769;0
PHOR;D;20240904;000000;4877;5049;4851;5039;64897;0
PHOR;D;20240905;000000;5070;5180;4966;5081;80147;0
PHOR;D;20240906;000000;5080;5181;5028;5073;55186;0
PHOR;D;20240909;000000;5078;5265;5077;5249;99043;0
PHOR;D;20240910;000000;5249;5260;5076;5120;62623;0
PHOR;D;20240911;000000;5120;5145;4970;4998;58217;0
PHOR;D;20240912;000000;5000;5005;4884;4934;48835;0
PHOR;D;20240913;000000;4931;5062;4842;5041;50245;0
PHOR;D;20240916;000000;5043;5134;5028;5091;76307;0
PHOR;D;20240917;000000;5115;5278;5095;5276;87826;0
PHOR;D;20240918;000000;5287;5307;5150;5239;79067;0
PHOR;D;20240919;000000;5239;5250;5154;5187;76357;0
PHOR;D;20240920;000000;5079;5188;5079;5140;62925;0
PHOR;D;20240923;000000;5150;5210;5130;5191;48998;0
PHOR;D;20240924;000000;5210;5233;5101;5134;100067;0
PHOR;D;20240925;000000;5139;5285;5104;5248;109158;0
PHOR;D;20240926;000000;5248;5452;5228;5432;122529;0
PHOR;D;20240927;000000;5454;5467;5347;5398;76732;0
PHOR;D;20240930;000000;5400;5471;5344;5349;62630;0
PHOR;D;20241001;000000;5349;5627;5330;5627;345957;0
PHOR;D;20241002;000000;5617;5617;5468;5500;144040;0
PHOR;D;20241003;000000;5500;5565;5394;5474;87628;0
PHOR;D;20241004;000000;5481;5509;5431;5463;68352;0
PHOR;D;20241007;000000;5463;5521;5395;5498;89130;0
PHOR;D;20241008;000000;5510;5519;5412;5420;52740;0
PHOR;D;20241009;000000;5429;5472;5401;5420;27650;0
PHOR;D;20241010;000000;5420;5460;5403;5404;24026;0
PHOR;D;20241011;000000;5399;5424;5281;5324;35432;0
PHOR;D;20241014;000000;5324;5425;5225;5412;59950;0
PHOR;D;20241015;000000;5412;5500;5381;5475;29197;0
PHOR;D;20241016;000000;5479;5514;5450;5457;17618;0
PHOR;D;20241017;000000;5450;5460;5398;5416;20618;0
PHOR;D;20241018;000000;5422;5428;5361;5408;18954;0
PHOR;D;20241021;000000;5390;5448;5390;5435;24923;0
PHOR;D;20241022;000000;5428;5434;5306;5327;21096;0
PHOR;D;20241023;000000;5326;5369;5286;5297;39002;0
PHOR;D;20241024;000000;5300;5300;5240;5299;28988;0
PHOR;D;20241025;000000;5315;5324;5184;5233;48441;0
PHOR;D;20241028;000000;5220;5224;4888;5000;118789;0
PHOR;D;20241029;000000;5035;5040;4894;5023;58812;0
PHOR;D;20241030;000000;5029;5097;4962;4974;48106;0
PHOR;D;20241031;000000;4974;5000;4882;4915;46000;0
PHOR;D;20241101;000000;4930;4975;4881;4973;21691;0
PHOR;D;20241102;000000;4980;5019;4980;5015;11520;0
PHOR;D;20241105;000000;5015;5125;4998;5122;25233;0
PHOR;D;20241106;000000;5197;5387;5192;5209;66937;0
PHOR;D;20241107;000000;5209;5285;5119;5275;108337;0
PHOR;D;20241108;000000;5276;5560;5276;5560;155649;0
PHOR;D;20241111;000000;5609;5609;5440;5475;87627;0
PHOR;D;20241112;000000;5480;5497;5421;5446;42334;0
PHOR;D;20241113;000000;5477;5519;5309;5317;71197;0
PHOR;D;20241114;000000;5344;5481;5340;5438;76646;0
PHOR;D;20241115;000000;5438;5472;5347;5433;68045;0
PHOR;D;20241118;000000;5362;5577;5331;5542;77773;0
PHOR;D;20241119;000000;5577;5632;5333;5334;87943;0
PHOR;D;20241120;000000;5361;5453;5267;5378;89877;0
PHOR;D;20241121;000000;5378;5505;5291;5497;129912;0
PHOR;D;20241122;000000;5520;5520;5310;5383;59170;0
PHOR;D;20241125;000000;5408;5408;5280;5356;82225;0
PHOR;D;20241126;000000;5350;5450;5180;5235;132356;0
PHOR;D;20241127;000000;5234;5425;5101;5425;119253;0
PHOR;D;20241128;000000;5449;5580;5366;5541;125956;0
PHOR;D;20241129;000000;5560;5601;5480;5584;66831;0
PHOR;D;20241202;000000;5599;5848;5584;5846;153466;0
PHOR;D;20241203;000000;5850;5850;5708;5769;115209;0
PHOR;D;20241204;000000;5769;5840;5518;5541;135648;0
PHOR;D;20241205;000000;5544;5758;5431;5689;95792;0
PHOR;D;20241206;000000;5700;5802;5560;5619;83845;0
PHOR;D;20241209;000000;5630;5761;5544;5602;79489;0
PHOR;D;20241210;000000;5603;5616;5430;5435;83895;0
PHOR;D;20241211;000000;5423;5564;5408;5529;83454;0
PHOR;D;20241212;000000;5530;5616;5451;5477;173698;0
PHOR;D;20241213;000000;5477;5678;5473;5635;123266;0
PHOR;D;20241216;000000;5635;5677;5543;5571;74970;0
PHOR;D;20241217;000000;5570;5714;5560;5661;115588;0
PHOR;D;20241218;000000;5666;5811;5661;5751;112358;0
PHOR;D;20241219;000000;5780;5944;5656;5847;225735;0
PHOR;D;20241220;000000;5753;6032;5661;5814;284971;0
PHOR;D;20241223;000000;5841;6300;5759;6297;309028;0
PHOR;D;20241224;000000;6297;6500;6201;6391;264744;0
PHOR;D;20241225;000000;6355;6435;6188;6368;182562;0
PHOR;D;20241226;000000;6365;6398;6236;6260;84519;0
PHOR;D;20241227;000000;6265;6419;6212;6415;93437;0
PHOR;D;20241228;000000;6407;6539;6335;6350;83597;0
PHOR;D;20241230;000000;6381;6487;6342;6386;74844;0
PHOR;D;20250103;000000;6400;6416;6262;6305;33492;0
PHOR;D;20250106;000000;6304;6349;6265;6307;23415;0
PHOR;D;20250108;000000;6320;6355;6307;6333;18567;0
PHOR;D;20250109;000000;6333;6535;6272;6497;143054;0
PHOR;D;20250110;000000;6505;6618;6502;6580;142967;0
PHOR;D;20250113;000000;6588;6667;6476;6503;156320;0
PHOR;D;20250114;000000;6508;6666;6400;6656;139342;0
PHOR;D;20250115;000000;6687;6723;6632;6698;90809;0
PHOR;D;20250116;000000;6700;6780;6662;6715;92458;0
PHOR;D;20250117;000000;6713;6787;6671;6751;63566;0
PHOR;D;20250120;000000;6771;6790;6681;6684;84347;0
PHOR;D;20250121;000000;6715;6760;6616;6736;68522;0
PHOR;D;20250122;000000;6735;6947;6725;6891;158910;0
PHOR;D;20250123;000000;6880;7030;6836;7029;160434;0
PHOR;D;20250124;000000;7015;7159;7015;7100;134478;0
PHOR;D;20250127;000000;7090;7124;6893;6922;85604;0
PHOR;D;20250128;000000;6910;7112;6861;6927;145033;0
PHOR;D;20250129;000000;6927;7095;6900;7077;126827;0
PHOR;D;20250130;000000;7077;7124;7040;7090;55241;0
PHOR;D;20250131;000000;7091;7145;6996;7038;66673;0
PHOR;D;20250203;000000;7038;7068;6992;7019;42556;0
PHOR;D;20250204;000000;7019;7295;7019;7199;256296;0
PHOR;D;20250205;000000;7229;7293;7113;7212;165777;0
PHOR;D;20250206;000000;7212;7234;7137;7168;123406;0
PHOR;D;20250207;000000;7180;7191;7116;7163;81981;0
PHOR;D;20250210;000000;7168;7219;7121;7155;103569;0
PHOR;D;20250211;000000;7155;7191;7024;7119;168748;0
PHOR;D;20250212;000000;7115;7133;6741;6971;597407;0
PHOR;D;20250213;000000;6986;7240;6668;6868;555370;0
PHOR;D;20250214;000000;7200;7200;6362;6842;359304;0
PHOR;D;20250217;000000;6842;7055;6817;7054;201909;0
PHOR;D;20250218;000000;7055;7068;6921;6990;162942;0
PHOR;D;20250219;000000;6987;7018;6845;6945;140735;0
PHOR;D;20250220;000000;6950;6970;6855;6893;89309;0
PHOR;D;20250221;000000;6872;6986;6855;6929;87056;0
PHOR;D;20250224;000000;6941;6970;6899;6946;55402;0
PHOR;D;20250225;000000;6969;7000;6822;6872;121044;0
PHOR;D;20250226;000000;6880;6925;6827;6852;94482;0
PHOR;D;20250227;000000;6852;6884;6751;6765;57936;0
PHOR;D;20250228;000000;6750;6818;6652;6775;80717;0
PHOR;D;20250303;000000;6802;6885;6620;6710;69461;0
PHOR;D;20250304;000000;6713;6820;6701;6744;63689;0
PHOR;D;20250305;000000;6777;6909;6718;6798;111900;0
PHOR;D;20250306;000000;6823;6906;6683;6700;82684;0
PHOR;D;20250307;000000;6701;6768;6510;6700;75903;0
PHOR;D;20250310;000000;6716;6799;6700;6700;40117;0
PHOR;D;20250311;000000;6707;6723;6675;6703;27986;0
PHOR;D;20250312;000000;6708;6715;6558;6606;47412;0
PHOR;D;20250313;000000;6615;6620;6511;6592;80897;0
PHOR;D;20250314;000000;6585;6594;6479;6531;76913;0
PHOR;D;20250317;000000;6500;6677;6500;6664;66669;0
PHOR;D;20250318;000000;6663;6737;6659;6698;73897;0
PHOR;D;20250319;000000;6698;6723;6610;6650;51582;0
PHOR;D;20250320;000000;6660;6683;6515;6577;75816;0
PHOR;D;20250321;000000;6580;6650;6570;6633;57761;0
PHOR;D;20250324;000000;6636;6686;6537;6549;49932;0
PHOR;D;20250325;000000;6549;6987;6425;6947;709612;0
PHOR;D;20250326;000000;6990;7021;6690;6796;485315;0
PHOR;D;20250327;000000;6797;6814;6591;6630;170722;0
PHOR;D;20250328;000000;6648;6706;6500;6501;94484;0
PHOR;D;20250331;000000;6531;6548;6300;6393;174423;0
PHOR;D;20250401;000000;6414;6480;6286;6289;76035;0
PHOR;D;20250402;000000;6290;6364;6239;6345;83834;0
PHOR;D;20250403;000000;6362;6384;5942;6023;177690;0
PHOR;D;20250404;000000;6119;6144;5792;5827;237206;0
PHOR;D;20250407;000000;5766;6003;5500;5996;220364;0
PHOR;D;20250408;000000;5996;6230;5866;5903;151125;0
PHOR;D;20250409;000000;5929;6046;5755;6020;183159;0
PHOR;D;20250410;000000;6033;6150;5977;6097;81843;0
PHOR;D;20250411;000000;6099;6260;6099;6198;67687;0
PHOR;D;20250414;000000;6209;6420;5992;6089;183699;0
PHOR;D;20250415;000000;6082;6129;6046;6125;40687;0
PHOR;D;20250416;000000;6125;6195;6024;6170;73608;0
PHOR;D;20250417;000000;6174;6262;6167;6262;52552;0
PHOR;D;20250418;000000;6233;6260;6086;6165;43779;0
PHOR;D;20250421;000000;6176;6248;6166;6218;31566;0
PHOR;D;20250422;000000;6227;6286;6174;6253;52832;0
PHOR;D;20250423;000000;6260;6339;6161;6318;88843;0
PHOR;D;20250424;000000;6318;6415;6310;6348;44012;0
PHOR;D;20250425;000000;6326;6408;6294;6354;74263;0
PHOR;D;20250428;000000;6356;6390;6272;6296;60519;0
PHOR;D;20250429;000000;6296;6351;6197;6203;65892;0
PHOR;D;20250430;000000;6206;6220;6003;6150;89380;0
PHOR;D;20250502;000000;6145;6145;5974;5988;31072;0
PHOR;D;20250505;000000;6012;6108;5900;5914;47592;0
PHOR;D;20250506;000000;5934;6034;5885;5963;59765;0
PHOR;D;20250507;000000;5988;6277;5970;6263;102445;0
PHOR;D;20250508;000000;6284;6284;6186;6205;43288;0
PHOR;D;20250512;000000;6213;6370;6174;6307;50188;0
PHOR;D;20250513;000000;6307;6436;6255;6419;59649;0
PHOR;D;20250514;000000;6426;6468;6283;6289;127185;0
PHOR;D;20250515;000000;6289;6365;6201;6344;115934;0
PHOR;D;20250516;000000;6344;6643;6339;6617;306286;0
PHOR;D;20250519;000000;6646;6730;6551;6571;167881;0
PHOR;D;20250520;000000;6571;6605;6492;6530;47789;0
PHOR;D;20250521;000000;6538;6619;6502;6572;59983;0
PHOR;D;20250522;000000;6585;6598;6320;6401;132565;0
PHOR;D;20250523;000000;6401;6491;6358;6447;39667;0
PHOR;D;20250526;000000;6440;6440;6300;6313;41817;0
PHOR;D;20250527;000000;6313;6367;6208;6358;47291;0
PHOR;D;20250528;000000;6358;6440;6291;6405;85329;0
PHOR;D;20250529;000000;6405;6437;6272;6293;85607;0
PHOR;D;20250530;000000;6310;6410;6280;6373;39712;0
PHOR;D;20250602;000000;6382;6483;6215;6439;105968;0
PHOR;D;20250603;000000;6439;6624;6439;6572;60145;0
PHOR;D;20250604;000000;6610;6674;6486;6520;79870;0
PHOR;D;20250605;000000;6524;6600;6454;6510;45347;0
PHOR;D;20250606;000000;6535;6581;6378;6445;83906;0
PHOR;D;20250609;000000;6396;6396;6135;6223;68145;0
PHOR;D;20250610;000000;6257;6257;6068;6076;55876;0
PHOR;D;20250611;000000;6090;6246;6062;6189;56037;0
PHOR;D;20250613;000000;6236;6237;6155;6162;14423;0
PHOR;D;20250616;000000;6162;6262;6124;6212;38235;0
PHOR;D;20250617;000000;6212;6299;6197;6283;40131;0
PHOR;D;20250618;000000;6300;6325;6263;6306;22070;0
PHOR;D;20250619;000000;6306;6330;6241;6264;54621;0
PHOR;D;20250620;000000;6297;6349;6250;6309;31756;0
PHOR;D;20250623;000000;6310;6335;6229;6276;46016;0
PHOR;D;20250624;000000;6267;6450;6235;6418;58704;0
PHOR;D;20250625;000000;6439;6466;6350;6388;59090;0
PHOR;D;20250626;000000;6386;6473;6350;6381;50640;0
PHOR;D;20250627;000000;6396;6429;6335;6395;78822;0
PHOR;D;20250630;000000;6392;6395;6299;6319;84394;0
PHOR;D;20250701;000000;6319;6325;6155;6189;104959;0
PHOR;D;20250702;000000;6199;6211;6017;6085;109398;0
PHOR;D;20250703;000000;6085;6102;6032;6048;103527;0
PHOR;D;20250704;000000;6048;6048;5979;6019;62919;0
PHOR;D;20250707;000000;6035;6068;5987;6040;34998;0
PHOR;D;20250708;000000;6033;6112;5995;6002;66679;0
PHOR;D;20250709;000000;5997;6085;5960;6010;35781;0
PHOR;D;20250710;000000;6013;6037;5995;6015;28555;0
PHOR;D;20250711;000000;6015;6021;5815;5823;51850;0
PHOR;D;20250714;000000;5847;5986;5780;5980;71782;0
PHOR;D;20250715;000000;5964;6156;5964;6113;51602;0
PHOR;D;20250716;000000;6118;6249;6118;6170;61392;0
PHOR;D;20250717;000000;6170;6246;6170;6192;50278;0
PHOR;D;20250718;000000;6192;6272;6170;6257;51240;0
PHOR;D;20250721;000000;6245;6292;6208;6211;50419;0
PHOR;D;20250722;000000;6211;6350;6181;6348;76615;0
PHOR;D;20250723;000000;6343;6530;6334;6529;150287;0
PHOR;D;20250724;000000;6510;6550;6352;6426;118692;0
PHOR;D;20250725;000000;6415;6508;6362;6391;62493;0
PHOR;D;20250728;000000;6411;6450;6285;6362;64588;0
PHOR;D;20250729;000000;6346;6645;6342;6583;220396;0
PHOR;D;20250730;000000;6581;6601;6425;6451;106732;0
PHOR;D;20250731;000000;6465;6500;6380;6408;41644;0
PHOR;D;20250801;000000;6437;6519;6409;6485;43840;0
PHOR;D;20250804;000000;6480;6544;6447;6537;55800;0
PHOR;D;20250805;000000;6522;6619;6495;6618;52704;0
PHOR;D;20250806;000000;6627;6735;6589;6695;160598;0
PHOR;D;20250807;000000;6695;6821;6695;6805;155504;0
PHOR;D;20250808;000000;6820;7014;6814;7000;158207;0
PHOR;D;20250811;000000;7050;7133;6912;6988;163441;0
PHOR;D;20250812;000000;6998;7025;6921;7000;69881;0
PHOR;D;20250813;000000;7000;7077;6993;7026;81596;0
PHOR;D;20250814;000000;7026;7044;6990;7018;54319;0
PHOR;D;20250815;000000;7018;7095;7010;7051;71455;0
PHOR;D;20250818;000000;6982;7091;6980;7048;109235;0
PHOR;D;20250819;000000;7048;7114;7016;7062;91386;0
PHOR;D;20250820;000000;7072;7095;7002;7028;44375;0
PHOR;D;20250821;000000;7035;7053;6953;6983;58505;0
PHOR;D;20250822;000000;7004;7049;6972;7042;44927;0
PHOR;D;20250825;000000;7048;7110;6885;6940;97435;0
PHOR;D;20250826;000000;6942;7020;6871;7009;100237;0
PHOR;D;20250827;000000;7008;7050;6988;7017;54730;0
PHOR;D;20250828;000000;7027;7042;6977;7008;51499;0
PHOR;D;20250829;000000;7009;7037;6951;6995;29881;0
PHOR;D;20250901;000000;6991;7040;6980;6997;43063;0
PHOR;D;20250902;000000;6990;7018;6890;6970;76535;0
PHOR;D;20250903;000000;6970;6977;6896;6934;43120;0
PHOR;D;20250904;000000;6938;6948;6818;6851;97049;0
PHOR;D;20250905;000000;6852;6894;6851;6888;41193;0
PHOR;D;20250908;000000;6883;7040;6874;7031;83453;0
PHOR;D;20250909;000000;7042;7158;7023;7129;198274;0
PHOR;D;20250910;000000;7129;7195;7067;7164;167045;0
PHOR;D;20250911;000000;7165;7223;7134;7197;134820;0
PHOR;D;20250912;000000;7198;7240;7104;7116;182273;0
PHOR;D;20250915;000000;7116;7140;6937;7011;140108;0
PHOR;D;20250916;000000;7011;7104;6923;7026;88446;0
PHOR;D;20250917;000000;7018;7049;6970;7001;51598;0
PHOR;D;20250918;000000;7001;7016;6921;6939;61057;0
PHOR;D;20250919;000000;6950;6965;6898;6903;51616;0
PHOR;D;20250922;000000;6909;7083;6852;7074;93481;0
PHOR;D;20250923;000000;7074;7121;7001;7020;100819;0
PHOR;D;20250924;000000;7020;7158;6985;7116;115527;0
PHOR;D;20250925;000000;7116;7221;7059;7171;138527;0
PHOR;D;20250926;000000;7177;7230;7092;7154;86713;0
PHOR;D;20250929;000000;7161;7378;7142;7310;305679;0
PHOR;D;20250930;000000;7278;7330;7143;7182;184612;0
PHOR;D;20251001;000000;6920;6949;6850;6883;145014;0
PHOR;D;20251002;000000;6883;6893;6565;6589;143422;0
PHOR;D;20251003;000000;6600;6846;6590;6740;165622;0
PHOR;D;20251006;000000;6719;6888;6650;6847;98158;0
PHOR;D;20251007;000000;6846;6998;6802;6914;84185;0
PHOR;D;20251008;000000;6915;6979;6785;6899;102965;0
PHOR;D;20251009;000000;6898;6947;6768;6880;107161;0
PHOR;D;20251010;000000;6921;6967;6835;6839;73787;0
PHOR;D;20251013;000000;6840;6936;6802;6875;65960;0
PHOR;D;20251014;000000;6888;6902;6640;6696;80018;0
PHOR;D;20251015;000000;6730;6810;6690;6757;43294;0
PHOR;D;20251016;000000;6768;6988;6695;6973;115363;0
PHOR;D;20251017;000000;6990;7000;6860;6948;63621;0
PHOR;D;20251020;000000;6970;7118;6931;7049;84139;0
PHOR;D;20251021;000000;7049;7082;6886;7020;103463;0
PHOR;D;20251022;000000;6998;7080;6933;6986;51836;0
PHOR;D;20251023;000000;6968;7038;6860;6956;64565;0
PHOR;D;20251024;000000;6974;7100;6962;6999;56763;0
PHOR;D;20251027;000000;6995;6998;6792;6815;71031;0
PHOR;D;20251028;000000;6804;6883;6767;6819;39301;0
PHOR;D;20251029;000000;6829;6850;6723;6755;49728;0
PHOR;D;20251030;000000;6755;6831;6739;6800;52017;0
PHOR;D;20251031;000000;6805;6834;6700;6726;50893;0
PHOR;D;20251101;000000;6736;6760;6677;6690;25834;0
PHOR;D;20251103;000000;6697;6759;6696;6727;18552;0
PHOR;D;20251105;000000;6750;6766;6677;6707;49556;0
PHOR;D;20251106;000000;6709;6723;6654;6701;34833;0
PHOR;D;20251107;000000;6707;6782;6663;6743;34099;0
PHOR;D;20251110;000000;6771;6795;6590;6650;80786;0
PHOR;D;20251111;000000;6668;6712;6621;6685;41518;0
PHOR;D;20251112;000000;6685;6711;6602;6661;30397;0
PHOR;D;20251113;000000;6662;6730;6633;6693;36729;0
PHOR;D;20251114;000000;6698;6711;6600;6644;29868;0
PHOR;D;20251117;000000;6645;6688;6601;6643;43569;0
PHOR;D;20251118;000000;6626;6762;6530;6587;97996;0
PHOR;D;20251119;000000;6607;6760;6551;6708;137142;0
PHOR;D;20251120;000000;6711;6751;6522;6726;106786;0
PHOR;D;20251121;000000;6735;6749;6640;6671;64702;0
PHOR;D;20251124;000000;6681;6743;6501;6525;91544;0
PHOR;D;20251125;000000;6525;6618;6502;6580;53657;0
PHOR;D;20251126;000000;6570;6643;6538;6606;30174;0
PHOR;D;20251127;000000;6605;6665;6520;6581;34222;0
PHOR;D;20251128;000000;6581;6650;6552;6570;46450;0
PHOR;D;20251201;000000;6570;6627;6540;6562;34574;0
PHOR;D;20251202;000000;6568;6601;6542;6569;34829;0
PHOR;D;20251203;000000;6540;6609;6515;6586;31146;0
PHOR;D;20251204;000000;6599;6625;6546;6564;31578;0
PHOR;D;20251205;000000;6574;6584;6528;6540;84736;0
PHOR;D;20251208;000000;6548;6565;6363;6416;147541;0
PHOR;D;20251209;000000;6395;6448;6358;6407;120141;0
PHOR;D;20251210;000000;6410;6427;6367;6396;55684;0
PHOR;D;20251211;000000;6407;6475;6377;6455;82252;0
PHOR;D;20251212;000000;6455;6485;6412;6417;43398;0
PHOR;D;20251215;000000;6430;6467;6397;6442;59431;0
PHOR;D;20251216;000000;6441;6481;6441;6467;45197;0
PHOR;D;20251217;000000;6475;6483;6429;6454;52507;0
PHOR;D;20251218;000000;6454;6470;6375;6403;70255;0
PHOR;D;20251219;000000;6410;6445;6334;6371;64775;0
PHOR;D;20251222;000000;6370;6400;6334;6359;57904;0
PHOR;D;20251223;000000;6359;6371;6246;6275;69242;0
PHOR;D;20251224;000000;6288;6293;6144;6162;100837;0
PHOR;D;20251225;000000;6162;6370;6056;6318;209155;0
PHOR;D;20251226;000000;6335;6492;6297;6475;122961;0
PHOR;D;20251229;000000;6475;6500;6320;6363;105212;0
PHOR;D;20251230;000000;6379;6392;6316;6369;44609;0
PHOR;D;20260105;000000;6355;6476;6273;6452;35918;0
PHOR;D;20260106;000000;6441;6476;6400;6432;14912;0
PHOR;D;20260108;000000;6422;6422;6372;6390;13252;0
PHOR;D;20260109;000000;6388;6413;6360;6372;11317;0
PHOR;D;20260112;000000;6370;6489;6360;6415;35858;0
PHOR;D;20260113;000000;6406;6431;6301;6343;23190;0
PHOR;D;20260114;000000;6350;6406;6284;6305;25774;0
PHOR;D;20260115;000000;6320;6332;6266;6322;26121;0
PHOR;D;20260116;000000;6318;6370;6310;6360;29552;0
PHOR;D;20260119;000000;6360;6428;6354;6380;54663;0
PHOR;D;20260120;000000;6399;6408;6300;6404;41570;0
PHOR;D;20260121;000000;6400;6469;6365;6465;73212;0
PHOR;D;20260122;000000;6470;6477;6400;6441;53993;0
PHOR;D;20260123;000000;6439;6547;6410;6488;126920;0
PHOR;D;20260126;000000;6491;6518;6380;6400;68575;0
PHOR;D;20260127;000000;6400;6444;6367;6432;29574;0
PHOR;D;20260128;000000;6432;6488;6428;6447;39829;0
PHOR;D;20260129;000000;6457;6540;6448;6499;69669;0
PHOR;D;20260130;000000;6499;6525;6400;6440;43435;0
PHOR;D;20260202;000000;6430;6466;6353;6415;51454;0
PHOR;D;20260203;000000;6425;6465;6398;6411;30492;0
PHOR;D;20260204;000000;6439;6488;6405;6438;41029;0
PHOR;D;20260205;000000;6436;6446;6360;6437;38750;0
PHOR;D;20260206;000000;6445;6449;6370;6392;33585;0
PHOR;D;20260209;000000;6394;6424;6360;6375;40970;0
PHOR;D;20260210;000000;6400;6400;6315;6319;25132;0
PHOR;D;20260211;000000;6333;6398;6318;6386;28878;0
PHOR;D;20260212;000000;6400;6454;6373;6421;33054;0
PHOR;D;20260213;000000;6450;6450;6355;6395;49991;0
PHOR;D;20260216;000000;6391;6418;6323;6340;38184;0
PHOR;D;20260217;000000;6357;6498;6338;6481;136758;0
PHOR;D;20260218;000000;6481;6589;6429;6562;90678;0
PHOR;D;20260219;000000;6543;6710;6543;6655;131667;0
PHOR;D;20260220;000000;6669;6735;6645;6661;71547;0
PHOR;D;20260224;000000;6667;6747;6615;6691;71354;0
PHOR;D;20260225;000000;6669;6904;6665;6899;149563;0
PHOR;D;20260226;000000;6900;7006;6830;6870;128479;0
PHOR;D;20260227;000000;6874;6959;6856;6920;64272;0
PHOR;D;20260302;000000;6908;7011;6857;6960;124078;0
PHOR;D;20260303;000000;6960;7021;6920;6970;101103;0
PHOR;D;20260304;000000;6952;7136;6952;7103;168090;0
PHOR;D;20260305;000000;7103;7165;7024;7095;87513;0
PHOR;D;20260306;000000;7095;7153;7043;7140;75596;0
PHOR;D;20260309;000000;7160;7389;6976;7043;207360;0
PHOR;D;20260310;000000;7112;7330;7076;7167;207910;0
PHOR;D;20260311;000000;7179;7376;7143;7367;284791;0
PHOR;D;20260312;000000;7368;7380;7200;7326;229225;0
PHOR;D;20260313;000000;7326;7409;7218;7259;281349;0
PHOR;D;20260316;000000;7265;7500;7265;7405;462864;0
PHOR;D;20260317;000000;7410;7563;7410;7563;292573;0
PHOR;D;20260318;000000;7544;7620;7479;7582;336381;0
PHOR;D;20260319;000000;7585;7937;7585;7766;750423;0
PHOR;D;20260320;000000;7792;7889;7640;7697;322342;0
PHOR;D;20260323;000000;7750;7865;7453;7600;406735;0
PHOR;D;20260324;000000;7605;7695;7390;7469;223509;0
PHOR;D;20260325;000000;7477;7500;7371;7447;187984;0
PHOR;D;20260326;000000;7450;7611;7445;7511;208955;0
PHOR;D;20260327;000000;7513;7549;7280;7355;243355;0
PHOR;D;20260330;000000;7303;7460;7154;7346;402580;0
PHOR;D;20260331;000000;7352;7480;7301;7471;130246;0
PHOR;D;20260401;000000;7475;7554;7254;7295;200634;0
PHOR;D;20260402;000000;7310;7382;7104;7187;166112;0
PHOR;D;20260403;000000;7188;7247;7060;7180;179286;0
PHOR;D;20260406;000000;7198;7282;7135;7185;139329;0
PHOR;D;20260407;000000;7203;7357;7150;7272;133071;0
PHOR;D;20260408;000000;7148;7149;7022;7062;140941;0
PHOR;D;20260409;000000;7074;7096;6920;6952;97416;0
PHOR;D;20260410;000000;6929;6990;6807;6815;106770;0
PHOR;D;20260413;000000;6817;7095;6778;6919;230961;0
PHOR;D;20260414;000000;6919;6932;6782;6873;84348;0
PHOR;D;20260415;000000;6872;6968;6796;6916;84674;0
PHOR;D;20260416;000000;6893;7038;6893;6973;77737;0
PHOR;D;20260417;000000;6970;7047;6826;6881;102888;0
PHOR;D;20260420;000000;6887;7087;6886;7054;117440;0
PHOR;D;20260421;000000;7054;7150;7000;7148;117846;0
PHOR;D;20260422;000000;7147;7189;7087;7120;84439;0
PHOR;D;20260423;000000;7117;7148;7018;7045;71300;0
PHOR;D;20260424;000000;7029;7105;6917;7019;72633;0
PHOR;D;20260427;000000;7015;7041;6833;6868;81886;0
PHOR;D;20260428;000000;6854;6895;6787;6820;68009;0
PHOR;D;20260429;000000;6815;6897;6696;6733;104519;0
PHOR;D;20260430;000000;6775;6798;6686;6730;55574;0
PHOR;D;20260504;000000;6748;6810;6607;6665;93068;0
PHOR;D;20260505;000000;6672;6767;6542;6763;87757;0
PHOR;D;20260506;000000;6767;6877;6691;6749;69567;0
PHOR;D;20260507;000000;6757;6779;6714;6724;28656;0
PHOR;D;20260508;000000;6731;6755;6630;6669;58711;0
PHOR;D;20260511;000000;6712;6754;6686;6753;19267;0
PHOR;D;20260512;000000;6756;6898;6741;6862;51657;0
