<TICKER>;<PER>;<DATE>;<TIME>;<OPEN>;<HIGH>;<LOW>;<CLOSE>;<VOL>;<OPENINT>
Полюс;D;20060512;0;2700.0;10000.0;2000.0;3295.56;36700;0
Полюс;D;20060515;0;1800.0;1850.0;1605.01;1620.0;170026;0
Полюс;D;20060516;0;1590.0;1630.0;1479.99;1562.0;282189;0
Полюс;D;20060517;0;1630.05;1630.05;1471.01;1485.0;405900;0
Полюс;D;20060518;0;1445.23;1530.0;1403.0;1530.0;137669;0
Полюс;D;20060519;0;1530.0;1595.0;1487.02;1524.0;217574;0
Полюс;D;20060522;0;1560.0;1560.0;1325.0;1385.0;177718;0
Полюс;D;20060523;0;1450.0;1467.0;1350.01;1445.0;207550;0
Полюс;D;20060524;0;1450.0;1450.0;1280.0;1400.55;211956;0
Полюс;D;20060525;0;1380.5;1389.0;1300.12;1366.03;85230;0
Полюс;D;20060526;0;1402.0;1444.5;1370.0;1400.0;192252;0
Полюс;D;20060529;0;1400.0;1429.9;1381.0;1401.07;46941;0
Полюс;D;20060530;0;1402.5;1414.49;1386.0;1400.01;69809;0
Полюс;D;20060531;0;1400.0;1400.0;1335.0;1352.5;130729;0
Полюс;D;20060601;0;1352.0;1375.0;1316.0;1329.0;20956;0
Полюс;D;20060602;0;1339.0;1374.04;1317.0;1363.0;177921;0
Полюс;D;20060605;0;1336.51;1391.0;1336.51;1369.99;318570;0
Полюс;D;20060606;0;1350.0;1355.0;1297.0;1300.0;97834;0
Полюс;D;20060607;0;1300.0;1308.45;1240.0;1305.0;179466;0
Полюс;D;20060608;0;1250.0;1250.0;1180.0;1200.0;73982;0
Полюс;D;20060609;0;1207.5;1228.85;1192.0;1211.99;18666;0
Полюс;D;20060613;0;1160.51;1161.0;1003.0;1060.0;95489;0
Полюс;D;20060614;0;1002.5;1077.0;990.0;1067.0;123160;0
Полюс;D;20060615;0;1089.97;1098.97;1037.0;1062.0;82542;0
Полюс;D;20060616;0;1100.0;1103.0;1030.0;1055.0;98008;0
Полюс;D;20060619;0;1068.0;1085.0;1040.0;1065.0;32302;0
Полюс;D;20060620;0;1049.0;1078.0;1042.01;1070.0;12425;0
Полюс;D;20060621;0;1077.0;1095.0;1065.0;1090.0;114161;0
Полюс;D;20060622;0;1102.0;1133.95;1066.03;1066.03;79296;0
Полюс;D;20060623;0;1056.0;1089.99;1055.01;1080.0;14747;0
Полюс;D;20060626;0;1087.0;1099.0;1053.0;1060.0;12649;0
Полюс;D;20060627;0;1066.13;1070.0;1046.03;1056.0;53959;0
Полюс;D;20060628;0;1040.0;1059.96;1035.0;1057.81;20141;0
Полюс;D;20060629;0;1059.9;1089.0;1050.13;1082.0;33289;0
Полюс;D;20060630;0;1111.18;1240.0;1100.1;1195.0;229692;0
Полюс;D;20060703;0;1195.0;1315.0;1195.0;1302.36;219200;0
Полюс;D;20060704;0;1313.5;1354.0;1292.0;1350.0;136885;0
Полюс;D;20060705;0;1367.51;1367.51;1270.0;1309.99;103946;0
Полюс;D;20060706;0;1295.5;1349.95;1290.0;1349.95;43506;0
Полюс;D;20060707;0;1349.99;1388.0;1320.01;1369.0;116756;0
Полюс;D;20060710;0;1349.0;1384.0;1331.0;1372.7;52242;0
Полюс;D;20060711;0;1370.0;1372.5;1310.0;1320.0;82313;0
Полюс;D;20060712;0;1360.0;1360.0;1318.6;1321.2;88458;0
Полюс;D;20060713;0;1321.0;1330.0;1226.0;1240.0;80412;0
Полюс;D;20060714;0;1225.5;1230.0;1189.0;1202.0;126722;0
Полюс;D;20060717;0;1238.55;1238.55;1160.0;1160.5;58900;0
Полюс;D;20060718;0;1161.01;1179.98;1149.0;1174.0;50979;0
Полюс;D;20060719;0;1179.75;1182.0;1136.5;1165.0;93821;0
Полюс;D;20060720;0;1180.48;1220.0;1175.5;1175.5;73499;0
Полюс;D;20060721;0;1159.0;1174.98;1150.02;1155.0;41981;0
Полюс;D;20060724;0;1152.0;1166.98;1148.01;1157.0;58256;0
Полюс;D;20060725;0;1164.85;1173.0;1146.95;1146.95;56287;0
Полюс;D;20060726;0;1147.0;1159.98;1145.11;1152.8;44876;0
Полюс;D;20060727;0;1159.75;1204.8;1154.07;1204.79;161744;0
Полюс;D;20060728;0;1199.5;1203.0;1175.1;1197.0;103900;0
Полюс;D;20060731;0;1202.5;1237.0;1192.0;1206.0;129337;0
Полюс;D;20060801;0;1210.0;1235.0;1194.02;1229.99;167022;0
Полюс;D;20060802;0;1250.0;1291.0;1241.03;1291.0;102768;0
Полюс;D;20060803;0;1283.0;1307.77;1261.01;1300.01;217925;0
Полюс;D;20060804;0;1300.0;1319.0;1282.0;1307.0;79696;0
Полюс;D;20060807;0;1308.0;1312.46;1290.0;1304.0;34224;0
Полюс;D;20060808;0;1305.0;1311.0;1270.0;1278.0;82586;0
Полюс;D;20060809;0;1277.5;1289.99;1270.0;1278.0;119317;0
Полюс;D;20060810;0;1269.01;1295.0;1256.2;1266.98;52355;0
Полюс;D;20060811;0;1269.99;1288.0;1266.5;1288.0;80569;0
Полюс;D;20060814;0;1282.0;1296.3;1265.0;1266.0;51721;0
Полюс;D;20060815;0;1267.0;1278.88;1222.22;1233.0;97308;0
Полюс;D;20060816;0;1239.0;1250.7;1228.5;1232.8;162633;0
Полюс;D;20060817;0;1234.47;1235.01;1210.02;1220.0;59825;0
Полюс;D;20060818;0;1215.45;1220.0;1155.0;1160.0;71460;0
Полюс;D;20060821;0;1184.75;1189.0;1155.0;1157.0;94491;0
Полюс;D;20060822;0;1169.98;1217.5;1158.21;1204.02;169619;0
Полюс;D;20060823;0;1201.0;1238.78;1185.0;1234.99;168267;0
Полюс;D;20060824;0;1219.9;1232.0;1195.0;1202.89;76543;0
Полюс;D;20060825;0;1234.01;1234.01;1195.01;1202.0;40908;0
Полюс;D;20060828;0;1170.95;1213.74;1170.95;1198.6;23565;0
Полюс;D;20060829;0;1200.0;1228.0;1192.0;1195.0;95209;0
Полюс;D;20060830;0;1165.13;1200.01;1165.13;1183.15;72204;0
Полюс;D;20060831;0;1191.0;1198.0;1154.0;1161.0;136996;0
Полюс;D;20060901;0;1166.99;1182.07;1150.0;1155.9;88462;0
Полюс;D;20060904;0;1165.0;1168.97;1155.03;1161.98;27574;0
Полюс;D;20060905;0;1164.75;1183.0;1156.65;1176.0;123211;0
Полюс;D;20060906;0;1180.0;1192.99;1160.0;1169.44;79880;0
Полюс;D;20060907;0;1160.0;1164.0;1140.09;1154.99;74847;0
Полюс;D;20060908;0;1121.77;1157.77;1121.77;1134.0;113991;0
Полюс;D;20060911;0;1126.0;1126.0;1080.0;1084.99;114793;0
Полюс;D;20060912;0;1098.0;1098.0;1072.0;1087.0;71903;0
Полюс;D;20060913;0;1084.6;1095.37;1072.0;1087.63;81355;0
Полюс;D;20060914;0;1097.89;1109.0;1085.2;1088.0;236807;0
Полюс;D;20060915;0;1085.0;1178.0;1074.12;1164.0;723249;0
Полюс;D;20060918;0;1184.72;1249.0;1182.0;1209.99;426687;0
Полюс;D;20060919;0;1223.5;1223.5;1200.01;1204.0;122871;0
Полюс;D;20060920;0;1190.01;1199.6;1167.0;1195.0;97645;0
Полюс;D;20060921;0;1201.96;1201.96;1148.0;1170.98;132022;0
Полюс;D;20060922;0;1170.98;1184.0;1140.0;1154.0;114685;0
Полюс;D;20060925;0;1150.0;1150.0;1115.0;1124.99;103642;0
Полюс;D;20060926;0;1165.37;1165.37;1130.0;1138.85;105765;0
Полюс;D;20060927;0;1149.55;1179.0;1140.0;1171.5;177961;0
Полюс;D;20060928;0;1200.0;1200.0;1162.22;1177.0;127831;0
Полюс;D;20060929;0;1179.0;1179.8;1163.15;1169.0;81909;0
Полюс;D;20061002;0;1126.5;1191.98;1126.5;1177.97;150686;0
Полюс;D;20061003;0;1187.25;1187.25;1146.92;1157.0;45930;0
Полюс;D;20061004;0;1200.0;1233.0;1181.0;1202.0;510952;0
Полюс;D;20061005;0;1212.5;1224.59;1183.0;1191.8;232913;0
Полюс;D;20061006;0;1203.75;1203.75;1178.0;1187.0;56207;0
Полюс;D;20061009;0;1190.2;1195.02;1180.0;1184.0;86596;0
Полюс;D;20061010;0;1185.0;1215.0;1182.15;1196.0;186985;0
Полюс;D;20061011;0;1161.6;1196.0;1161.6;1179.88;129910;0
Полюс;D;20061012;0;1180.0;1186.8;1163.0;1181.0;96450;0
Полюс;D;20061013;0;1184.93;1213.0;1184.86;1200.0;185317;0
Полюс;D;20061016;0;1210.0;1220.0;1200.0;1208.0;112960;0
Полюс;D;20061017;0;1211.0;1225.0;1194.09;1200.35;129628;0
Полюс;D;20061018;0;1200.0;1230.0;1195.0;1223.02;170306;0
Полюс;D;20061019;0;1220.0;1268.9;1218.0;1262.0;283596;0
Полюс;D;20061020;0;1270.01;1278.0;1241.0;1244.0;204847;0
Полюс;D;20061023;0;1241.0;1251.0;1225.01;1240.0;131521;0
Полюс;D;20061024;0;1239.5;1248.42;1218.0;1245.01;92578;0
Полюс;D;20061025;0;1241.01;1285.0;1240.34;1272.99;311948;0
Полюс;D;20061026;0;1282.6;1300.0;1275.01;1287.0;276912;0
Полюс;D;20061027;0;1276.0;1289.98;1255.51;1286.9;96123;0
Полюс;D;20061030;0;1294.75;1294.75;1252.22;1264.45;74529;0
Полюс;D;20061031;0;1260.06;1280.0;1255.0;1275.5;139526;0
Полюс;D;20061101;0;1276.0;1288.0;1275.7;1279.0;164011;0
Полюс;D;20061102;0;1278.0;1280.0;1266.36;1275.0;142293;0
Полюс;D;20061103;0;1270.0;1285.0;1266.05;1280.01;134393;0
Полюс;D;20061107;0;1285.0;1298.99;1262.01;1268.61;148265;0
Полюс;D;20061108;0;1268.61;1270.1;1237.0;1248.99;170355;0
Полюс;D;20061109;0;1252.0;1278.0;1249.01;1270.0;196315;0
Полюс;D;20061110;0;1269.75;1279.97;1266.03;1277.0;216834;0
Полюс;D;20061113;0;1310.43;1310.43;1268.8;1271.0;153790;0
Полюс;D;20061114;0;1275.25;1287.0;1267.99;1274.0;126761;0
Полюс;D;20061115;0;1275.5;1280.0;1269.1;1280.0;43337;0
Полюс;D;20061116;0;1282.98;1286.0;1270.01;1285.0;96383;0
Полюс;D;20061117;0;1268.0;1303.0;1265.0;1281.99;299580;0
Полюс;D;20061120;0;1282.5;1289.0;1274.0;1275.17;104866;0
Полюс;D;20061121;0;1275.05;1286.0;1275.05;1280.0;97883;0
Полюс;D;20061122;0;1286.1;1292.0;1276.01;1280.0;101047;0
Полюс;D;20061123;0;1280.75;1300.95;1280.75;1290.1;246216;0
Полюс;D;20061124;0;1293.0;1300.0;1290.0;1292.0;67278;0
Полюс;D;20061127;0;1294.99;1324.0;1294.02;1313.99;298348;0
Полюс;D;20061128;0;1314.0;1323.24;1298.3;1313.95;115694;0
Полюс;D;20061129;0;1338.5;1338.5;1312.1;1320.0;77693;0
Полюс;D;20061130;0;1320.0;1323.0;1304.58;1322.99;142206;0
Полюс;D;20061201;0;1322.0;1337.8;1319.51;1329.0;187824;0
Полюс;D;20061204;0;1332.5;1336.0;1324.0;1330.0;86940;0
Полюс;D;20061205;0;1330.01;1344.99;1325.0;1337.0;193345;0
Полюс;D;20061206;0;1337.5;1342.42;1322.0;1325.0;95245;0
Полюс;D;20061207;0;1284.38;1325.0;1284.38;1305.0;206124;0
Полюс;D;20061208;0;1305.0;1313.9;1302.0;1306.0;108875;0
Полюс;D;20061211;0;1305.5;1310.0;1280.06;1298.5;87060;0
Полюс;D;20061212;0;1298.2;1310.0;1295.0;1297.5;58511;0
Полюс;D;20061213;0;1295.51;1303.55;1265.0;1290.0;211084;0
Полюс;D;20061214;0;1290.0;1303.0;1290.0;1295.99;34417;0
Полюс;D;20061215;0;1300.5;1309.99;1290.0;1295.25;87703;0
Полюс;D;20061218;0;1296.0;1305.05;1289.01;1294.5;59261;0
Полюс;D;20061219;0;1295.0;1295.0;1247.01;1274.4;166083;0
Полюс;D;20061220;0;1279.95;1289.0;1274.0;1274.0;179146;0
Полюс;D;20061221;0;1264.5;1278.0;1258.12;1268.99;142377;0
Полюс;D;20061222;0;1274.0;1288.0;1255.0;1268.99;115867;0
Полюс;D;20061225;0;1217.54;1280.0;1217.54;1263.01;41150;0
Полюс;D;20061226;0;1272.97;1292.95;1260.0;1275.0;119073;0
Полюс;D;20061227;0;1283.0;1294.95;1270.03;1286.0;221202;0
Полюс;D;20061228;0;1297.0;1297.0;1277.01;1287.02;244297;0
Полюс;D;20061229;0;1285.5;1297.99;1283.01;1292.0;62248;0
Полюс;D;20070109;0;1282.0;1282.0;1194.0;1200.0;174714;0
Полюс;D;20070110;0;1200.0;1214.15;1160.0;1190.0;172896;0
Полюс;D;20070111;0;1188.22;1205.0;1181.27;1202.0;108039;0
Полюс;D;20070112;0;1186.47;1211.0;1173.0;1186.0;234951;0
Полюс;D;20070115;0;1199.5;1237.0;1196.1;1237.0;218979;0
Полюс;D;20070116;0;1236.0;1239.0;1207.01;1207.01;164833;0
Полюс;D;20070117;0;1209.0;1223.99;1189.0;1192.0;121937;0
Полюс;D;20070118;0;1208.99;1218.0;1190.0;1195.0;125944;0
Полюс;D;20070119;0;1190.99;1199.97;1180.0;1185.97;126882;0
Полюс;D;20070122;0;1200.0;1261.0;1195.0;1255.0;380318;0
Полюс;D;20070123;0;1248.0;1320.0;1242.0;1312.33;629664;0
Полюс;D;20070124;0;1328.5;1328.5;1287.0;1295.0;269755;0
Полюс;D;20070125;0;1312.07;1326.0;1299.0;1302.0;246309;0
Полюс;D;20070126;0;1290.0;1301.99;1286.0;1292.0;100254;0
Полюс;D;20070129;0;1302.5;1306.0;1258.61;1258.61;140956;0
Полюс;D;20070130;0;1253.0;1296.97;1253.0;1293.3;251278;0
Полюс;D;20070131;0;1300.0;1318.32;1290.0;1318.0;394944;0
Полюс;D;20070201;0;1320.0;1370.0;1320.0;1367.01;791855;0
Полюс;D;20070202;0;1370.0;1400.0;1335.01;1380.0;393413;0
Полюс;D;20070205;0;1380.0;1400.0;1355.02;1399.87;150150;0
Полюс;D;20070206;0;1397.77;1420.0;1390.0;1392.0;242474;0
Полюс;D;20070207;0;1398.65;1409.94;1376.63;1390.0;126496;0
Полюс;D;20070208;0;1388.08;1388.08;1332.2;1340.0;225428;0
Полюс;D;20070209;0;1364.5;1375.0;1342.0;1363.87;206578;0
Полюс;D;20070212;0;1354.5;1377.0;1320.0;1339.5;177791;0
Полюс;D;20070213;0;1339.75;1383.0;1314.0;1378.98;208406;0
Полюс;D;20070214;0;1385.5;1419.77;1385.5;1419.77;290377;0
Полюс;D;20070215;0;1420.0;1428.0;1399.0;1404.0;137405;0
Полюс;D;20070216;0;1404.0;1415.0;1400.0;1413.98;72835;0
Полюс;D;20070219;0;1424.0;1459.98;1420.5;1436.99;207034;0
Полюс;D;20070220;0;1441.75;1459.0;1403.08;1410.0;195065;0
Полюс;D;20070221;0;1430.0;1432.0;1402.01;1418.0;90337;0
Полюс;D;20070222;0;1435.0;1449.0;1430.0;1444.0;144350;0
Полюс;D;20070226;0;1460.0;1479.9;1435.75;1446.1;172365;0
Полюс;D;20070227;0;1445.0;1450.0;1371.22;1378.0;227649;0
Полюс;D;20070228;0;1340.0;1366.49;1290.0;1330.0;502590;0
Полюс;D;20070301;0;1326.01;1359.0;1268.01;1280.1;234312;0
Полюс;D;20070302;0;1280.1;1311.0;1270.0;1285.0;365274;0
Полюс;D;20070305;0;1210.01;1248.0;1200.02;1233.0;222610;0
Полюс;D;20070306;0;1230.0;1279.0;1230.0;1247.0;173899;0
Полюс;D;20070307;0;1268.5;1268.5;1239.51;1250.0;198121;0
Полюс;D;20070309;0;1277.0;1290.0;1261.09;1278.0;300709;0
Полюс;D;20070312;0;1315.5;1315.5;1264.0;1270.0;144041;0
Полюс;D;20070313;0;1279.75;1289.0;1250.0;1264.0;137066;0
Полюс;D;20070314;0;1200.9;1231.9;1150.0;1231.0;133708;0
Полюс;D;20070315;0;1240.5;1275.98;1238.01;1241.0;203036;0
Полюс;D;20070316;0;1281.03;1281.03;1235.0;1243.13;119644;0
Полюс;D;20070319;0;1255.0;1269.0;1238.0;1251.0;264127;0
Полюс;D;20070320;0;1266.61;1266.61;1240.0;1245.0;121830;0
Полюс;D;20070321;0;1245.5;1257.0;1243.0;1246.49;130226;0
Полюс;D;20070322;0;1265.0;1269.0;1242.01;1245.0;266173;0
Полюс;D;20070323;0;1250.0;1262.77;1241.16;1250.0;220472;0
Полюс;D;20070326;0;1255.55;1268.7;1247.5;1260.0;148529;0
Полюс;D;20070327;0;1255.35;1261.92;1250.01;1250.55;78824;0
Полюс;D;20070328;0;1250.23;1268.99;1250.23;1259.0;197403;0
Полюс;D;20070329;0;1255.0;1269.0;1255.0;1259.9;102291;0
Полюс;D;20070330;0;1268.5;1280.0;1249.0;1255.0;239714;0
Полюс;D;20070402;0;1288.83;1288.83;1240.0;1248.0;76267;0
Полюс;D;20070403;0;1255.0;1263.0;1248.0;1256.0;173438;0
Полюс;D;20070404;0;1270.45;1281.9;1257.0;1272.0;377876;0
Полюс;D;20070405;0;1283.38;1295.0;1275.03;1287.0;416276;0
Полюс;D;20070406;0;1290.0;1306.95;1286.12;1297.0;288796;0
Полюс;D;20070409;0;1300.0;1309.0;1297.25;1302.0;265821;0
Полюс;D;20070410;0;1297.85;1314.99;1283.49;1312.49;457088;0
Полюс;D;20070411;0;1315.0;1329.4;1310.0;1311.01;332755;0
Полюс;D;20070412;0;1300.0;1314.9;1285.1;1293.84;291302;0
Полюс;D;20070413;0;1299.96;1307.9;1298.35;1303.0;192404;0
Полюс;D;20070416;0;1312.06;1314.99;1292.1;1296.7;132354;0
Полюс;D;20070417;0;1305.75;1306.39;1267.0;1287.97;284157;0
Полюс;D;20070418;0;1288.99;1298.99;1270.0;1275.1;146942;0
Полюс;D;20070419;0;1258.0;1266.0;1246.0;1252.15;155891;0
Полюс;D;20070420;0;1272.0;1272.0;1250.0;1261.0;204106;0
Полюс;D;20070423;0;1275.5;1278.0;1248.0;1250.0;355794;0
Полюс;D;20070424;0;1250.0;1252.0;1228.0;1237.8;222480;0
Полюс;D;20070425;0;1225.5;1234.96;1223.1;1227.98;95376;0
Полюс;D;20070426;0;1230.56;1238.5;1193.07;1200.0;267148;0
Полюс;D;20070427;0;1203.25;1208.5;1165.01;1174.99;187243;0
Полюс;D;20070428;0;1184.94;1186.0;1175.2;1178.51;67578;0
Полюс;D;20070502;0;1169.25;1192.0;1141.0;1147.0;156129;0
Полюс;D;20070503;0;1149.0;1164.0;1148.0;1149.5;193136;0
Полюс;D;20070504;0;1122.11;1169.0;1122.11;1157.0;156162;0
Полюс;D;20070507;0;1164.99;1171.0;1155.09;1159.0;66975;0
Полюс;D;20070508;0;1164.0;1164.0;1130.11;1136.01;145561;0
Полюс;D;20070510;0;1138.62;1151.98;1115.49;1116.0;118743;0
Полюс;D;20070511;0;1102.5;1124.89;1092.7;1094.51;148075;0
Полюс;D;20070514;0;1111.0;1114.48;1081.0;1092.97;108597;0
Полюс;D;20070515;0;1089.61;1098.0;1073.16;1079.0;140807;0
Полюс;D;20070516;0;1080.0;1109.98;1076.0;1084.8;284381;0
Полюс;D;20070517;0;1100.0;1100.0;1065.01;1069.86;153638;0
Полюс;D;20070518;0;1070.73;1095.0;1065.0;1084.0;251446;0
Полюс;D;20070521;0;1084.95;1093.82;1073.5;1079.99;113514;0
Полюс;D;20070522;0;1110.0;1110.0;1072.08;1080.0;65175;0
Полюс;D;20070523;0;1081.0;1081.0;1032.0;1036.12;255169;0
Полюс;D;20070524;0;1029.75;1031.0;996.01;1015.1;349843;0
Полюс;D;20070525;0;1000.0;1046.99;990.02;1044.0;550246;0
Полюс;D;20070528;0;1049.98;1063.0;1040.0;1040.5;459078;0
Полюс;D;20070529;0;1040.51;1049.5;1002.01;1007.0;122840;0
Полюс;D;20070530;0;999.5;1006.5;984.08;994.99;207988;0
Полюс;D;20070531;0;1006.86;1010.0;989.01;1004.0;291540;0
Полюс;D;20070601;0;1007.0;1093.84;994.7;1049.99;811432;0
Полюс;D;20070604;0;1050.0;1073.0;1035.48;1040.01;296259;0
Полюс;D;20070605;0;1030.25;1053.0;1030.01;1034.0;131622;0
Полюс;D;20070606;0;1034.0;1045.0;1022.0;1031.98;93446;0
Полюс;D;20070607;0;1025.0;1039.99;1021.0;1025.97;263007;0
Полюс;D;20070608;0;1011.5;1018.0;1001.01;1012.2;203758;0
Полюс;D;20070609;0;1015.06;1019.9;1009.3;1010.6;67141;0
Полюс;D;20070613;0;1001.06;1018.0;998.2;1013.5;242529;0
Полюс;D;20070614;0;1019.8;1048.0;1015.0;1046.0;351618;0
Полюс;D;20070615;0;1059.5;1059.5;1029.0;1037.0;423130;0
Полюс;D;20070618;0;1040.0;1103.98;1040.0;1090.05;663295;0
Полюс;D;20070619;0;1085.03;1113.99;1066.04;1072.9;591122;0
Полюс;D;20070620;0;1072.9;1129.0;1070.0;1118.0;603220;0
Полюс;D;20070621;0;1104.0;1122.0;1100.0;1110.0;304976;0
Полюс;D;20070622;0;1116.0;1116.5;1093.5;1100.0;181224;0
Полюс;D;20070625;0;1090.5;1102.0;1075.02;1081.0;135115;0
Полюс;D;20070626;0;1075.51;1099.0;1075.51;1095.9;220019;0
Полюс;D;20070627;0;1083.88;1090.0;1067.03;1069.03;198286;0
Полюс;D;20070628;0;1081.1;1089.0;1075.97;1081.76;311167;0
Полюс;D;20070629;0;1089.76;1098.28;1076.02;1081.0;215685;0
Полюс;D;20070702;0;1087.8;1110.9;1078.03;1110.0;319334;0
Полюс;D;20070703;0;1115.01;1157.0;1112.0;1145.0;986932;0
Полюс;D;20070704;0;1153.61;1155.0;1133.02;1136.5;585326;0
Полюс;D;20070705;0;1136.5;1147.94;1130.42;1139.99;265141;0
Полюс;D;20070706;0;1140.0;1144.99;1130.01;1142.2;156270;0
Полюс;D;20070709;0;1143.11;1151.69;1137.99;1147.0;197813;0
Полюс;D;20070710;0;1149.0;1150.0;1113.0;1120.0;183940;0
Полюс;D;20070711;0;1108.0;1127.99;1101.03;1119.0;240705;0
Полюс;D;20070712;0;1125.0;1134.0;1120.44;1130.88;387908;0
Полюс;D;20070713;0;1136.33;1151.11;1127.8;1130.0;451834;0
Полюс;D;20070716;0;1132.0;1134.0;1116.0;1118.49;249873;0
Полюс;D;20070717;0;1120.0;1122.0;1101.11;1113.0;181994;0
Полюс;D;20070718;0;1066.06;1108.86;1066.06;1080.1;166934;0
Полюс;D;20070719;0;1080.0;1108.99;1080.0;1091.0;362123;0
Полюс;D;20070720;0;1093.05;1100.0;1063.3;1066.0;461052;0
Полюс;D;20070723;0;1066.0;1081.0;1057.5;1078.47;387493;0
Полюс;D;20070724;0;1091.01;1091.01;1055.5;1059.99;242150;0
Полюс;D;20070725;0;1049.99;1064.0;1045.0;1063.0;188109;0
Полюс;D;20070726;0;1066.06;1066.12;1025.14;1037.5;225198;0
Полюс;D;20070727;0;1027.32;1034.0;1009.0;1020.0;363007;0
Полюс;D;20070730;0;1014.99;1028.9;1005.01;1008.0;199126;0
Полюс;D;20070731;0;1018.01;1030.5;1013.06;1017.0;420137;0
Полюс;D;20070801;0;1002.0;1027.0;999.11;1023.01;350223;0
Полюс;D;20070802;0;1030.0;1078.0;1019.0;1076.0;656605;0
Полюс;D;20070803;0;1079.11;1129.0;1063.33;1125.0;862144;0
Полюс;D;20070806;0;1100.0;1138.99;1091.05;1116.0;820568;0
Полюс;D;20070807;0;1129.55;1144.99;1112.5;1127.0;620393;0
Полюс;D;20070808;0;1134.85;1158.99;1116.3;1134.01;1278773;0
Полюс;D;20070809;0;1147.0;1151.0;1057.5;1065.0;1049326;0
Полюс;D;20070810;0;1040.0;1045.0;1010.0;1029.99;1197523;0
Полюс;D;20070813;0;1039.85;1063.0;1032.11;1055.8;440589;0
Полюс;D;20070814;0;1055.8;1101.3;1051.01;1079.0;813209;0
Полюс;D;20070815;0;1060.0;1085.95;1034.0;1034.07;599056;0
Полюс;D;20070816;0;1020.0;1040.0;1005.1;1024.0;728553;0
Полюс;D;20070817;0;1011.02;1047.0;999.5;1040.1;602689;0
Полюс;D;20070820;0;1049.0;1053.97;1025.0;1029.79;236790;0
Полюс;D;20070821;0;1058.64;1058.64;1006.9;1023.9;270715;0
Полюс;D;20070822;0;1048.55;1048.55;1016.15;1037.49;273245;0
Полюс;D;20070823;0;1048.5;1049.7;1018.18;1022.68;348818;0
Полюс;D;20070824;0;1020.0;1027.6;1010.0;1019.0;183966;0
Полюс;D;20070827;0;1030.0;1034.59;1011.55;1019.0;210172;0
Полюс;D;20070828;0;1015.0;1022.99;1007.0;1013.0;289113;0
Полюс;D;20070829;0;998.06;1036.0;998.06;1022.02;470800;0
Полюс;D;20070830;0;1029.91;1034.0;1008.0;1015.04;261224;0
Полюс;D;20070831;0;1020.07;1033.0;1018.2;1026.0;295705;0
Полюс;D;20070903;0;1030.01;1050.0;1022.22;1039.1;428128;0
Полюс;D;20070904;0;1038.6;1070.0;1026.1;1045.0;585793;0
Полюс;D;20070905;0;1054.9;1068.0;1038.03;1041.0;356460;0
Полюс;D;20070906;0;1040.6;1060.0;1040.6;1052.9;253948;0
Полюс;D;20070907;0;1060.0;1074.5;1048.26;1055.0;746467;0
Полюс;D;20070910;0;1050.0;1067.98;1042.07;1060.97;314779;0
Полюс;D;20070911;0;1064.45;1067.0;1049.0;1054.0;165018;0
Полюс;D;20070912;0;1062.5;1062.99;1041.21;1055.0;413153;0
Полюс;D;20070913;0;1062.0;1074.98;1052.13;1073.9;318770;0
Полюс;D;20070914;0;1074.7;1083.0;1061.5;1069.5;425172;0
Полюс;D;20070917;0;1070.01;1071.88;1053.0;1061.0;210495;0
Полюс;D;20070918;0;1061.01;1074.71;1057.0;1064.91;305441;0
Полюс;D;20070919;0;1085.0;1094.75;1071.5;1093.9;890321;0
Полюс;D;20070920;0;1087.0;1100.0;1063.3;1084.02;1438318;0
Полюс;D;20070921;0;1089.98;1119.8;1088.0;1115.0;927613;0
Полюс;D;20070924;0;1117.65;1129.38;1107.01;1123.0;817303;0
Полюс;D;20070925;0;1120.0;1120.0;1091.11;1094.4;517923;0
Полюс;D;20070926;0;1100.89;1107.0;1096.01;1106.0;536016;0
Полюс;D;20070927;0;1112.0;1114.0;1081.12;1093.33;633459;0
Полюс;D;20070928;0;1100.25;1100.5;1088.5;1096.37;421157;0
Полюс;D;20071001;0;1096.05;1106.0;1075.0;1080.0;604811;0
Полюс;D;20071002;0;1092.0;1095.0;1080.06;1087.8;770508;0
Полюс;D;20071003;0;1085.0;1085.0;1058.01;1061.29;519706;0
Полюс;D;20071004;0;1057.5;1074.1;1053.51;1074.1;392943;0
Полюс;D;20071005;0;1077.25;1084.0;1067.0;1078.1;440369;0
Полюс;D;20071008;0;1080.01;1084.79;1065.0;1074.0;202471;0
Полюс;D;20071009;0;1070.0;1098.68;1064.01;1086.8;384121;0
Полюс;D;20071010;0;1086.96;1095.0;1070.99;1077.0;291126;0
Полюс;D;20071011;0;1079.9;1086.99;1078.0;1082.9;290242;0
Полюс;D;20071012;0;1069.95;1085.0;1068.0;1082.0;273723;0
Полюс;D;20071015;0;1073.0;1083.97;1067.0;1068.51;400546;0
Полюс;D;20071016;0;1068.0;1088.7;1058.0;1070.01;485872;0
Полюс;D;20071017;0;1067.07;1119.74;1063.1;1106.0;1830913;0
Полюс;D;20071018;0;1111.54;1118.0;1090.04;1093.0;636454;0
Полюс;D;20071019;0;1088.0;1108.0;1086.31;1097.99;402598;0
Полюс;D;20071022;0;1078.5;1084.98;1066.28;1080.8;263159;0
Полюс;D;20071023;0;1093.0;1122.0;1085.0;1114.0;962109;0
Полюс;D;20071024;0;1116.0;1131.0;1106.01;1108.0;630508;0
Полюс;D;20071025;0;1115.0;1117.0;1105.6;1106.5;291656;0
Полюс;D;20071026;0;1115.0;1117.5;1103.22;1110.0;340531;0
Полюс;D;20071029;0;1115.0;1133.99;1115.0;1122.5;701585;0
Полюс;D;20071030;0;1120.0;1132.0;1112.4;1121.0;660492;0
Полюс;D;20071031;0;1122.5;1129.9;1118.1;1128.0;317465;0
Полюс;D;20071101;0;1137.0;1141.0;1116.0;1119.51;872026;0
Полюс;D;20071102;0;1111.51;1128.0;1111.0;1125.0;395167;0
Полюс;D;20071106;0;1125.5;1149.8;1125.0;1141.0;517623;0
Полюс;D;20071107;0;1150.0;1150.8;1127.0;1141.5;535817;0
Полюс;D;20071108;0;1123.5;1154.8;1123.5;1153.1;425396;0
Полюс;D;20071109;0;1155.0;1159.0;1137.0;1147.89;587796;0
Полюс;D;20071112;0;1140.0;1154.55;1134.0;1151.89;406442;0
Полюс;D;20071113;0;1151.0;1152.0;1139.0;1143.99;264176;0
Полюс;D;20071114;0;1150.0;1152.29;1134.05;1143.0;323153;0
Полюс;D;20071115;0;1144.0;1144.0;1119.0;1125.01;295020;0
Полюс;D;20071116;0;1120.0;1124.7;1075.35;1086.7;731485;0
Полюс;D;20071119;0;1090.0;1093.7;1044.5;1045.01;845961;0
Полюс;D;20071120;0;1088.04;1088.04;1025.38;1050.0;571255;0
Полюс;D;20071121;0;1053.0;1057.0;1016.0;1021.81;742392;0
Полюс;D;20071122;0;1023.0;1032.6;1015.0;1020.0;252659;0
Полюс;D;20071123;0;1048.0;1048.0;1016.1;1025.0;325980;0
Полюс;D;20071126;0;1029.95;1048.25;1028.0;1035.0;443583;0
Полюс;D;20071127;0;1030.0;1049.0;1022.0;1025.97;341834;0
Полюс;D;20071128;0;1030.0;1034.0;1017.68;1033.0;316777;0
Полюс;D;20071129;0;1040.0;1043.98;1031.1;1038.11;330068;0
Полюс;D;20071130;0;1039.75;1056.0;1039.0;1052.0;460863;0
Полюс;D;20071203;0;1049.95;1055.0;1041.38;1049.98;180452;0
Полюс;D;20071204;0;1050.5;1052.09;1041.65;1042.0;114671;0
Полюс;D;20071205;0;1044.5;1066.95;1043.0;1066.0;570758;0
Полюс;D;20071206;0;1066.61;1074.49;1053.11;1058.0;707454;0
Полюс;D;20071207;0;1061.46;1074.0;1060.0;1063.0;419089;0
Полюс;D;20071210;0;1060.0;1081.0;1053.05;1070.0;723210;0
Полюс;D;20071211;0;1077.5;1079.0;1062.12;1069.0;416619;0
Полюс;D;20071212;0;1058.01;1069.99;1052.01;1069.0;319588;0
Полюс;D;20071213;0;1064.98;1071.0;1055.1;1058.0;388848;0
Полюс;D;20071214;0;1059.01;1068.0;1055.0;1063.77;441505;0
Полюс;D;20071217;0;1062.0;1062.33;1045.0;1060.95;344666;0
Полюс;D;20071218;0;1053.51;1089.89;1053.51;1079.27;636401;0
Полюс;D;20071219;0;1131.01;1131.01;1062.3;1071.01;342496;0
Полюс;D;20071220;0;1080.0;1081.99;1070.11;1080.21;214028;0
Полюс;D;20071221;0;1084.85;1085.0;1071.08;1075.91;150723;0
Полюс;D;20071224;0;1090.25;1097.0;1082.05;1087.99;547592;0
Полюс;D;20071225;0;1096.4;1119.98;1090.36;1119.0;993938;0
Полюс;D;20071226;0;1124.0;1176.0;1121.0;1173.0;2618453;0
Полюс;D;20071227;0;1175.0;1175.0;1130.11;1143.0;1613233;0
Полюс;D;20071228;0;1130.58;1148.88;1127.01;1127.01;734191;0
Полюс;D;20080109;0;1139.5;1156.77;1130.25;1153.0;783272;0
Полюс;D;20080110;0;1155.0;1210.0;1153.0;1207.0;2009212;0
Полюс;D;20080111;0;1214.7;1218.99;1195.06;1208.0;1094007;0
Полюс;D;20080114;0;1216.5;1260.0;1208.01;1254.0;1561725;0
Полюс;D;20080115;0;1262.39;1279.77;1240.0;1277.78;1161737;0
Полюс;D;20080116;0;1260.0;1262.0;1206.0;1221.0;1628702;0
Полюс;D;20080117;0;1225.0;1237.0;1213.0;1228.98;1035254;0
Полюс;D;20080118;0;1215.08;1290.8;1213.5;1283.05;2499776;0
Полюс;D;20080121;0;1271.0;1293.6;1217.0;1233.0;2022358;0
Полюс;D;20080122;0;1177.07;1240.0;1051.0;1240.0;1904490;0
Полюс;D;20080123;0;1259.87;1266.0;1171.0;1187.1;1284165;0
Полюс;D;20080124;0;1223.01;1238.5;1185.1;1227.02;1017398;0
Полюс;D;20080125;0;1244.25;1302.0;1233.05;1301.99;1318870;0
Полюс;D;20080128;0;1265.0;1270.0;1230.01;1231.0;598959;0
Полюс;D;20080129;0;1251.0;1262.0;1237.1;1244.99;389025;0
Полюс;D;20080130;0;1241.04;1245.0;1221.09;1238.1;339215;0
Полюс;D;20080131;0;1241.5;1261.4;1229.7;1242.12;555020;0
Полюс;D;20080201;0;1255.5;1283.99;1250.0;1266.05;1030463;0
Полюс;D;20080204;0;1287.5;1323.0;1276.82;1310.0;1235651;0
Полюс;D;20080205;0;1300.0;1329.89;1285.0;1291.79;691870;0
Полюс;D;20080206;0;1250.78;1344.0;1245.01;1324.11;594146;0
Полюс;D;20080207;0;1325.0;1339.94;1252.06;1293.0;559204;0
Полюс;D;20080208;0;1308.95;1309.9;1271.5;1283.6;403826;0
Полюс;D;20080211;0;1290.0;1299.0;1273.03;1285.01;236681;0
Полюс;D;20080212;0;1294.99;1318.7;1286.06;1317.0;353610;0
Полюс;D;20080213;0;1315.0;1339.45;1296.0;1329.9;380419;0
Полюс;D;20080214;0;1349.45;1349.45;1322.22;1330.0;249114;0
Полюс;D;20080215;0;1316.56;1335.89;1315.0;1330.06;194368;0
Полюс;D;20080218;0;1336.0;1343.99;1327.0;1343.0;124406;0
Полюс;D;20080219;0;1345.0;1357.77;1338.62;1354.19;354233;0
Полюс;D;20080220;0;1344.5;1364.0;1340.0;1363.12;240348;0
Полюс;D;20080221;0;1370.55;1398.78;1370.55;1387.0;311450;0
Полюс;D;20080222;0;1379.75;1392.0;1352.51;1390.8;203534;0
Полюс;D;20080226;0;1402.0;1404.99;1368.18;1371.31;158702;0
Полюс;D;20080227;0;1384.5;1389.0;1312.01;1323.0;342342;0
Полюс;D;20080228;0;1306.0;1341.11;1305.0;1321.4;244795;0
Полюс;D;20080229;0;1319.92;1335.0;1311.51;1320.49;361414;0
Полюс;D;20080303;0;1360.76;1360.76;1305.0;1332.05;175852;0
Полюс;D;20080304;0;1335.0;1354.0;1315.0;1322.0;188303;0
Полюс;D;20080305;0;1319.0;1332.98;1305.9;1329.0;108253;0
Полюс;D;20080306;0;1338.0;1347.5;1308.5;1315.98;177704;0
Полюс;D;20080307;0;1300.0;1302.0;1258.64;1276.35;211312;0
Полюс;D;20080311;0;1264.36;1314.0;1252.1;1312.0;196308;0
Полюс;D;20080312;0;1312.5;1321.0;1310.0;1316.43;185839;0
Полюс;D;20080313;0;1302.48;1353.25;1302.48;1352.17;523648;0
Полюс;D;20080314;0;1354.99;1385.31;1354.0;1380.03;484062;0
Полюс;D;20080317;0;1365.53;1377.88;1280.0;1302.0;476812;0
Полюс;D;20080318;0;1319.0;1329.99;1290.12;1317.0;233552;0
Полюс;D;20080319;0;1353.5;1353.5;1270.35;1291.88;237732;0
Полюс;D;20080320;0;1269.0;1284.98;1221.0;1234.0;312356;0
Полюс;D;20080321;0;1240.0;1248.0;1203.0;1220.0;333532;0
Полюс;D;20080324;0;1219.0;1238.87;1210.15;1227.8;159618;0
Полюс;D;20080325;0;1230.05;1237.92;1216.5;1222.53;186984;0
Полюс;D;20080326;0;1230.0;1233.98;1201.45;1206.2;117392;0
Полюс;D;20080327;0;1210.51;1236.99;1201.0;1228.25;209561;0
Полюс;D;20080328;0;1224.01;1235.57;1219.01;1224.0;81962;0
Полюс;D;20080331;0;1212.38;1221.94;1194.0;1198.0;116997;0
Полюс;D;20080401;0;1200.0;1208.99;1186.02;1195.4;169000;0
Полюс;D;20080402;0;1197.5;1212.95;1175.0;1206.41;237759;0
Полюс;D;20080403;0;1210.0;1224.96;1187.3;1199.0;114870;0
Полюс;D;20080404;0;1208.5;1208.5;1190.14;1197.0;58423;0
Полюс;D;20080407;0;1200.05;1213.0;1197.55;1208.0;129730;0
Полюс;D;20080408;0;1207.71;1207.71;1186.0;1189.4;134199;0
Полюс;D;20080409;0;1188.01;1203.78;1186.21;1202.11;378531;0
Полюс;D;20080410;0;1208.89;1212.0;1193.33;1196.42;113505;0
Полюс;D;20080411;0;1203.39;1206.94;1191.06;1198.0;168953;0
Полюс;D;20080414;0;1189.2;1220.0;1179.5;1220.0;224184;0
Полюс;D;20080415;0;1224.5;1257.5;1222.2;1255.0;406789;0
Полюс;D;20080416;0;1260.5;1274.89;1239.01;1273.5;186809;0
Полюс;D;20080417;0;1280.0;1280.0;1231.5;1236.84;205073;0
Полюс;D;20080418;0;1239.5;1250.0;1230.01;1243.94;90537;0
Полюс;D;20080421;0;1250.0;1253.0;1231.31;1234.88;103035;0
Полюс;D;20080422;0;1234.99;1249.97;1225.0;1248.95;183826;0
Полюс;D;20080423;0;1248.98;1259.0;1235.0;1250.0;135403;0
Полюс;D;20080424;0;1249.0;1260.0;1243.0;1256.9;129514;0
Полюс;D;20080425;0;1250.84;1265.0;1235.4;1261.5;150538;0
Полюс;D;20080428;0;1261.5;1273.27;1253.0;1268.91;69289;0
Полюс;D;20080429;0;1268.21;1273.99;1261.01;1263.5;287327;0
Полюс;D;20080430;0;1260.01;1274.98;1251.11;1270.69;84197;0
Полюс;D;20080504;0;1274.0;1277.0;1264.0;1274.0;92044;0
Полюс;D;20080505;0;1273.37;1289.0;1265.5;1287.0;116856;0
Полюс;D;20080506;0;1287.1;1289.0;1273.0;1277.51;47600;0
Полюс;D;20080507;0;1273.0;1289.0;1255.0;1285.0;74638;0
Полюс;D;20080512;0;1300.0;1302.91;1281.0;1298.09;80790;0
Полюс;D;20080513;0;1298.0;1308.88;1287.03;1300.07;102558;0
Полюс;D;20080514;0;1300.58;1307.47;1297.04;1302.07;97879;0
Полюс;D;20080515;0;1302.07;1440.0;1290.0;1427.0;846104;0
Полюс;D;20080516;0;1437.0;1534.99;1413.0;1513.0;1285384;0
Полюс;D;20080519;0;1540.0;1724.95;1540.0;1697.5;1837943;0
Полюс;D;20080520;0;1708.0;1880.0;1651.0;1848.0;1784767;0
Полюс;D;20080521;0;1800.0;2210.0;1790.0;2180.02;3054616;0
Полюс;D;20080522;0;2100.0;2100.0;1545.0;1570.67;2339553;0
Полюс;D;20080523;0;1560.0;1659.79;1480.0;1595.0;764961;0
Полюс;D;20080526;0;1579.96;1610.95;1561.01;1580.0;186918;0
Полюс;D;20080527;0;1585.0;1590.0;1470.0;1488.0;317308;0
Полюс;D;20080528;0;1450.0;1512.0;1421.21;1488.0;308506;0
Полюс;D;20080529;0;1489.0;1517.99;1464.0;1481.05;151813;0
Полюс;D;20080530;0;1489.5;1499.0;1478.0;1489.99;50310;0
Полюс;D;20080602;0;1585.24;1750.0;1575.0;1652.0;1235162;0
Полюс;D;20080603;0;1669.0;1710.0;1588.0;1615.0;1001107;0
Полюс;D;20080604;0;1610.0;1616.99;1531.0;1551.31;448199;0
Полюс;D;20080605;0;1501.5;1538.99;1461.31;1505.01;454213;0
Полюс;D;20080606;0;1550.0;1559.07;1500.0;1505.0;215484;0
Полюс;D;20080607;0;1487.5;1509.0;1470.0;1483.0;96736;0
Полюс;D;20080609;0;1492.2;1504.06;1457.14;1470.0;154895;0
Полюс;D;20080610;0;1460.0;1512.0;1453.0;1482.8;203287;0
Полюс;D;20080611;0;1488.5;1524.93;1485.0;1490.0;153751;0
Полюс;D;20080616;0;1495.33;1519.0;1485.0;1505.5;220177;0
Полюс;D;20080617;0;1492.05;1508.0;1490.1;1495.02;48965;0
Полюс;D;20080618;0;1525.0;1525.0;1485.0;1494.0;72428;0
Полюс;D;20080619;0;1487.0;1496.9;1475.0;1481.0;78132;0
Полюс;D;20080620;0;1416.0;1483.01;1416.0;1430.05;191097;0
Полюс;D;20080623;0;1423.0;1423.0;1394.0;1398.0;126512;0
Полюс;D;20080624;0;1396.5;1404.11;1334.0;1335.9;178394;0
Полюс;D;20080625;0;1334.62;1349.29;1290.0;1304.88;140213;0
Полюс;D;20080626;0;1307.5;1376.0;1296.11;1373.9;486230;0
Полюс;D;20080627;0;1346.0;1387.0;1332.0;1351.82;279887;0
Полюс;D;20080630;0;1355.16;1374.99;1313.0;1344.26;201224;0
Полюс;D;20080701;0;1356.5;1358.7;1311.01;1315.0;170970;0
Полюс;D;20080702;0;1320.5;1347.0;1300.1;1344.0;132896;0
Полюс;D;20080703;0;1321.0;1329.98;1296.0;1303.04;205818;0
Полюс;D;20080704;0;1309.95;1313.9;1262.39;1265.0;160727;0
Полюс;D;20080707;0;1268.0;1283.0;1252.44;1261.23;68714;0
Полюс;D;20080708;0;1254.0;1260.0;1212.0;1253.97;172103;0
Полюс;D;20080709;0;1266.54;1285.0;1210.0;1250.94;180375;0
Полюс;D;20080710;0;1234.0;1252.95;1212.26;1234.0;85583;0
Полюс;D;20080711;0;1239.51;1255.55;1210.0;1216.78;129936;0
Полюс;D;20080714;0;1271.56;1271.56;1209.0;1231.99;58852;0
Полюс;D;20080715;0;1210.51;1263.99;1210.51;1246.57;246966;0
Полюс;D;20080716;0;1248.5;1307.99;1245.5;1305.0;283463;0
Полюс;D;20080717;0;1315.54;1349.0;1313.9;1338.0;220720;0
Полюс;D;20080718;0;1328.0;1329.96;1285.12;1293.99;108662;0
Полюс;D;20080721;0;1292.0;1307.98;1270.3;1299.97;60127;0
Полюс;D;20080722;0;1299.93;1301.96;1234.0;1237.5;134679;0
Полюс;D;20080723;0;1237.5;1237.5;1205.1;1221.5;138992;0
Полюс;D;20080724;0;1221.5;1243.85;1209.11;1226.9;129520;0
Полюс;D;20080725;0;1200.5;1209.0;1150.0;1156.08;227409;0
Полюс;D;20080728;0;1205.44;1205.44;1044.0;1048.0;172145;0
Полюс;D;20080729;0;1048.0;1059.0;1007.5;1007.5;286243;0
Полюс;D;20080730;0;1015.8;1044.0;1005.31;1019.98;743152;0
Полюс;D;20080731;0;1028.5;1030.0;983.0;985.13;769554;0
Полюс;D;20080801;0;983.0;1007.96;961.0;970.0;448649;0
Полюс;D;20080804;0;957.57;1015.99;955.01;966.89;411239;0
Полюс;D;20080805;0;966.89;1050.0;942.02;975.0;1071507;0
Полюс;D;20080806;0;999.5;1008.99;909.0;962.0;460079;0
Полюс;D;20080807;0;960.5;999.0;958.0;968.0;241107;0
Полюс;D;20080808;0;964.0;969.0;897.0;897.0;429714;0
Полюс;D;20080811;0;895.01;922.0;801.0;922.0;410139;0
Полюс;D;20080812;0;912.45;939.54;890.0;924.96;322183;0
Полюс;D;20080813;0;921.23;947.0;912.0;916.28;159944;0
Полюс;D;20080814;0;924.93;938.99;922.01;926.35;237355;0
Полюс;D;20080815;0;924.05;931.0;916.01;929.98;88925;0
Полюс;D;20080818;0;931.0;935.0;917.25;919.0;71340;0
Полюс;D;20080819;0;915.31;915.31;864.0;880.05;235741;0
Полюс;D;20080820;0;892.49;898.0;874.55;883.51;98310;0
Полюс;D;20080821;0;912.85;912.85;855.0;870.0;108949;0
Полюс;D;20080822;0;887.0;887.0;864.4;865.01;66840;0
Полюс;D;20080825;0;870.0;870.0;811.15;812.51;77488;0
Полюс;D;20080826;0;810.0;810.0;591.01;787.29;411213;0
Полюс;D;20080827;0;782.5;799.0;752.0;775.05;120969;0
Полюс;D;20080828;0;790.49;795.0;771.01;788.0;120386;0
Полюс;D;20080829;0;790.0;797.89;766.38;782.0;164953;0
Полюс;D;20080901;0;782.0;796.89;752.01;792.98;107420;0
Полюс;D;20080902;0;789.99;793.5;781.22;790.5;78907;0
Полюс;D;20080903;0;789.45;829.0;785.11;819.0;325820;0
Полюс;D;20080904;0;820.0;827.75;760.0;775.0;123176;0
Полюс;D;20080905;0;740.0;763.0;675.01;725.0;263009;0
Полюс;D;20080908;0;751.1;769.97;738.0;750.03;107437;0
Полюс;D;20080909;0;740.0;741.03;655.01;655.18;128601;0
Полюс;D;20080910;0;645.5;645.5;556.22;612.0;367885;0
Полюс;D;20080911;0;605.0;620.75;568.06;580.0;130466;0
Полюс;D;20080912;0;590.5;617.0;560.0;588.41;188035;0
Полюс;D;20080915;0;600.5;618.0;546.45;551.0;183215;0
Полюс;D;20080916;0;538.0;538.0;390.0;390.0;282596;0
Полюс;D;20080917;0;450.0;458.9;301.0;357.0;181662;0
Полюс;D;20080919;0;386.11;519.76;386.11;465.0;428402;0
Полюс;D;20080922;0;499.95;499.95;440.05;465.99;352890;0
Полюс;D;20080923;0;464.0;604.96;461.0;504.96;1278066;0
Полюс;D;20080924;0;530.11;569.0;515.0;524.4;487853;0
Полюс;D;20080925;0;535.0;580.0;525.0;570.0;812340;0
Полюс;D;20080926;0;597.0;693.97;583.0;679.21;2949001;0
Полюс;D;20080929;0;690.0;849.0;665.0;823.0;3761926;0
Полюс;D;20080930;0;801.0;899.0;705.0;775.0;1980878;0
Полюс;D;20081001;0;798.39;798.39;651.0;675.0;1160342;0
Полюс;D;20081002;0;670.51;670.98;558.58;572.0;669921;0
Полюс;D;20081003;0;555.55;644.99;541.5;559.0;1105298;0
Полюс;D;20081006;0;559.5;569.0;430.0;530.0;627533;0
Полюс;D;20081007;0;519.0;640.0;455.0;473.98;876258;0
Полюс;D;20081008;0;463.0;470.0;415.0;426.0;79443;0
Полюс;D;20081009;0;478.42;549.0;465.0;467.99;326182;0
Полюс;D;20081013;0;480.01;546.0;455.0;510.0;723174;0
Полюс;D;20081014;0;550.0;553.9;510.3;527.1;530697;0
Полюс;D;20081015;0;530.0;579.8;510.0;516.01;902808;0
Полюс;D;20081016;0;495.06;538.0;470.0;480.0;483885;0
Полюс;D;20081017;0;511.0;518.98;435.22;456.0;270569;0
Полюс;D;20081020;0;469.51;478.0;444.0;459.99;179969;0
Полюс;D;20081021;0;466.0;498.65;455.0;480.02;246725;0
Полюс;D;20081022;0;469.0;524.0;460.01;481.1;454666;0
Полюс;D;20081023;0;470.01;500.0;465.0;474.99;238441;0
Полюс;D;20081024;0;463.05;463.3;417.54;420.0;95491;0
Полюс;D;20081028;0;435.0;449.5;396.57;425.7;191673;0
Полюс;D;20081029;0;440.01;450.0;428.88;445.11;359238;0
Полюс;D;20081030;0;461.99;615.0;455.05;605.5;680118;0
Полюс;D;20081031;0;575.0;628.0;551.13;592.33;781034;0
Полюс;D;20081101;0;600.0;640.33;595.0;608.97;299542;0
Полюс;D;20081105;0;640.0;665.0;575.01;593.0;316349;0
Полюс;D;20081106;0;565.0;567.0;512.8;516.6;196004;0
Полюс;D;20081107;0;500.0;547.1;485.01;534.0;232463;0
Полюс;D;20081110;0;555.51;590.0;537.15;539.0;357513;0
Полюс;D;20081111;0;520.5;525.0;456.0;456.0;178079;0
Полюс;D;20081113;0;440.76;485.0;380.0;440.0;417553;0
Полюс;D;20081114;0;480.0;486.0;435.55;445.0;204650;0
Полюс;D;20081117;0;450.5;477.99;425.22;433.01;283607;0
Полюс;D;20081118;0;438.0;453.0;416.0;450.0;149226;0
Полюс;D;20081119;0;452.0;453.0;427.0;430.0;120573;0
Полюс;D;20081120;0;408.0;417.1;397.0;403.7;147477;0
Полюс;D;20081121;0;408.55;433.0;404.3;422.0;199207;0
Полюс;D;20081124;0;435.0;471.74;421.0;466.98;364637;0
Полюс;D;20081125;0;484.02;541.98;453.0;522.99;586412;0
Полюс;D;20081126;0;517.0;575.0;506.01;549.0;667419;0
Полюс;D;20081127;0;566.0;584.74;536.0;550.96;400692;0
Полюс;D;20081128;0;544.55;555.99;496.2;516.0;449494;0
Полюс;D;20081201;0;509.0;546.0;505.0;510.02;260710;0
Полюс;D;20081202;0;480.0;529.0;477.35;528.0;316790;0
Полюс;D;20081203;0;539.44;543.0;515.0;527.0;138776;0
Полюс;D;20081204;0;537.0;552.0;515.05;544.99;190311;0
Полюс;D;20081205;0;541.0;542.89;520.8;529.1;123861;0
Полюс;D;20081208;0;548.5;602.99;543.03;601.98;397936;0
Полюс;D;20081209;0;601.69;638.87;591.0;619.0;488154;0
Полюс;D;20081210;0;629.0;644.0;602.0;637.99;285563;0
Полюс;D;20081211;0;642.62;698.0;642.0;680.99;543100;0
Полюс;D;20081212;0;650.0;684.0;620.0;671.0;264689;0
Полюс;D;20081215;0;695.0;707.0;684.0;696.5;336689;0
Полюс;D;20081216;0;675.0;749.0;675.0;746.02;649129;0
Полюс;D;20081217;0;763.0;859.9;762.0;858.96;964115;0
Полюс;D;20081218;0;859.0;960.0;755.1;755.33;3181211;0
Полюс;D;20081219;0;740.0;744.0;665.01;722.0;1633623;0
Полюс;D;20081222;0;725.01;749.9;711.12;726.97;705433;0
Полюс;D;20081223;0;721.0;812.4;715.0;809.0;1553237;0
Полюс;D;20081224;0;810.0;864.0;786.1;789.93;1163870;0
Полюс;D;20081225;0;801.5;829.0;759.0;794.0;726227;0
Полюс;D;20081226;0;807.35;827.0;781.82;786.0;398950;0
Полюс;D;20081229;0;815.0;827.0;785.4;792.65;428064;0
Полюс;D;20081230;0;798.15;806.0;750.03;765.0;333807;0
Полюс;D;20081231;0;770.0;770.0;751.14;759.14;64049;0
Полюс;D;20090111;0;800.0;803.0;760.0;784.0;272206;0
Полюс;D;20090112;0;788.95;825.0;788.01;819.0;580077;0
Полюс;D;20090113;0;810.08;849.99;802.0;842.0;594596;0
Полюс;D;20090114;0;851.0;862.0;810.03;817.01;372192;0
Полюс;D;20090115;0;817.02;854.39;771.0;783.0;602684;0
Полюс;D;20090116;0;803.0;824.0;792.12;807.02;382480;0
Полюс;D;20090119;0;820.0;825.0;772.51;808.0;309833;0
Полюс;D;20090120;0;801.0;817.77;725.0;810.79;366450;0
Полюс;D;20090121;0;793.0;827.0;781.01;815.49;358108;0
Полюс;D;20090122;0;830.0;830.0;790.23;800.01;274166;0
Полюс;D;20090123;0;800.0;815.0;785.0;813.7;260626;0
Полюс;D;20090126;0;825.5;960.0;816.1;959.96;977013;0
Полюс;D;20090127;0;966.0;1020.0;943.0;1005.0;1236827;0
Полюс;D;20090128;0;1020.0;1029.0;943.5;952.0;635193;0
Полюс;D;20090129;0;950.0;982.0;916.5;980.01;495823;0
Полюс;D;20090130;0;984.0;1048.0;980.0;1023.0;648016;0
Полюс;D;20090202;0;1015.01;1134.87;1002.0;1114.0;1048005;0
Полюс;D;20090203;0;1119.87;1219.0;1086.0;1206.99;1148346;0
Полюс;D;20090204;0;1235.0;1277.0;1131.0;1199.99;1393595;0
Полюс;D;20090205;0;1201.0;1240.0;1182.1;1230.0;732087;0
Полюс;D;20090206;0;1230.01;1265.0;1220.0;1255.0;846734;0
Полюс;D;20090209;0;1255.25;1257.49;1180.99;1214.0;788926;0
Полюс;D;20090210;0;1216.0;1247.0;1181.0;1221.97;595459;0
Полюс;D;20090211;0;1221.0;1301.0;1220.0;1267.01;1067166;0
Полюс;D;20090212;0;1266.0;1288.0;990.01;1015.01;1970998;0
Полюс;D;20090213;0;1050.0;1135.0;1016.0;1128.5;1472194;0
Полюс;D;20090216;0;1133.11;1174.99;1081.29;1121.04;580568;0
Полюс;D;20090217;0;1130.0;1182.91;1125.0;1182.15;1071963;0
Полюс;D;20090218;0;1199.9;1208.0;1110.17;1170.01;872983;0
Полюс;D;20090219;0;1194.5;1202.0;1167.01;1190.01;482598;0
Полюс;D;20090220;0;1191.0;1239.0;1152.0;1223.92;1032850;0
Полюс;D;20090224;0;1200.5;1235.86;1182.76;1195.0;436640;0
Полюс;D;20090225;0;1190.0;1209.47;1151.33;1199.0;397036;0
Полюс;D;20090226;0;1180.0;1210.0;1175.06;1199.0;329847;0
Полюс;D;20090227;0;1202.04;1224.94;1177.0;1222.0;452737;0
Полюс;D;20090302;0;1222.17;1267.9;1220.4;1228.8;561560;0
Полюс;D;20090303;0;1200.0;1220.0;1111.11;1147.95;794804;0
Полюс;D;20090304;0;1144.5;1169.99;1125.0;1150.0;378357;0
Полюс;D;20090305;0;1151.5;1204.0;1149.85;1180.0;555265;0
Полюс;D;20090306;0;1205.0;1217.99;1050.0;1183.01;400291;0
Полюс;D;20090310;0;1134.66;1179.87;1134.66;1156.0;440419;0
Полюс;D;20090311;0;1170.0;1194.41;1160.0;1173.5;578033;0
Полюс;D;20090312;0;1187.0;1193.0;1145.05;1175.0;372779;0
Полюс;D;20090313;0;1175.0;1212.0;1161.0;1197.0;790696;0
Полюс;D;20090316;0;1205.0;1223.5;1192.5;1204.99;496036;0
Полюс;D;20090317;0;1204.49;1206.89;1181.11;1193.21;326393;0
Полюс;D;20090318;0;1197.0;1210.0;1185.0;1188.0;302737;0
Полюс;D;20090319;0;1205.0;1301.11;1199.02;1291.74;1374793;0
Полюс;D;20090320;0;1301.51;1399.0;1301.15;1341.99;1255372;0
Полюс;D;20090323;0;1360.0;1453.0;1330.04;1440.01;872370;0
Полюс;D;20090324;0;1450.0;1477.83;1336.7;1447.0;650008;0
Полюс;D;20090325;0;1440.0;1497.7;1425.0;1480.11;461083;0
Полюс;D;20090326;0;1480.11;1480.11;1430.0;1474.0;249290;0
Полюс;D;20090327;0;1483.97;1499.0;1379.99;1465.0;318834;0
Полюс;D;20090330;0;1442.22;1600.0;1431.31;1545.01;652013;0
Полюс;D;20090331;0;1560.0;1580.0;1480.0;1507.93;452873;0
Полюс;D;20090401;0;1515.0;1524.45;1415.0;1446.0;500041;0
Полюс;D;20090402;0;1470.0;1484.92;1420.01;1450.0;322721;0
Полюс;D;20090403;0;1450.0;1451.0;1400.02;1423.0;255644;0
Полюс;D;20090406;0;1416.5;1416.5;1350.0;1406.99;604502;0
Полюс;D;20090407;0;1411.11;1421.76;1363.0;1392.0;321846;0
Полюс;D;20090408;0;1400.01;1440.9;1400.01;1419.03;570910;0
Полюс;D;20090409;0;1414.05;1428.99;1403.01;1423.0;294396;0
Полюс;D;20090410;0;1429.55;1450.0;1416.1;1432.97;231284;0
Полюс;D;20090413;0;1430.5;1474.5;1420.0;1463.99;347026;0
Полюс;D;20090414;0;1472.0;1473.0;1434.4;1440.0;288736;0
Полюс;D;20090415;0;1453.13;1453.13;1380.0;1395.42;224593;0
Полюс;D;20090416;0;1397.2;1400.7;1375.52;1389.99;123948;0
Полюс;D;20090417;0;1380.0;1418.9;1355.0;1393.0;226417;0
Полюс;D;20090420;0;1400.54;1430.0;1395.93;1418.79;314151;0
Полюс;D;20090421;0;1429.99;1460.0;1403.0;1411.0;456912;0
Полюс;D;20090422;0;1415.0;1415.14;1385.01;1400.0;204539;0
Полюс;D;20090423;0;1411.5;1414.0;1393.58;1413.99;240985;0
Полюс;D;20090424;0;1430.0;1448.87;1412.01;1419.01;415126;0
Полюс;D;20090427;0;1439.2;1439.2;1415.46;1419.01;165125;0
Полюс;D;20090428;0;1417.0;1417.0;1370.01;1382.0;166591;0
Полюс;D;20090429;0;1390.0;1399.0;1310.0;1389.44;235466;0
Полюс;D;20090430;0;1347.72;1395.09;1347.72;1373.89;177058;0
Полюс;D;20090504;0;1373.83;1380.0;1360.11;1376.8;148175;0
Полюс;D;20090505;0;1387.89;1420.0;1370.0;1419.0;285499;0
Полюс;D;20090506;0;1419.0;1430.01;1396.01;1405.07;223264;0
Полюс;D;20090507;0;1410.5;1425.73;1400.0;1407.5;279071;0
Полюс;D;20090508;0;1427.21;1427.21;1396.9;1404.01;136483;0
Полюс;D;20090512;0;1410.95;1410.95;1385.0;1400.0;258781;0
Полюс;D;20090513;0;1408.68;1410.31;1365.0;1369.0;340980;0
Полюс;D;20090514;0;1365.1;1396.0;1325.02;1367.57;299607;0
Полюс;D;20090515;0;1370.0;1381.0;1345.05;1360.01;110993;0
Полюс;D;20090518;0;1370.0;1376.2;1350.11;1355.18;142205;0
Полюс;D;20090519;0;1355.0;1365.0;1340.0;1356.99;208595;0
Полюс;D;20090520;0;1363.76;1372.98;1345.56;1372.72;179562;0
Полюс;D;20090521;0;1378.75;1421.0;1375.0;1411.0;631254;0
Полюс;D;20090522;0;1424.04;1435.0;1403.81;1421.96;493358;0
Полюс;D;20090525;0;1422.98;1424.0;1390.0;1399.99;213972;0
Полюс;D;20090526;0;1409.0;1409.0;1346.0;1352.99;321576;0
Полюс;D;20090527;0;1364.15;1377.0;1335.0;1364.0;290708;0
Полюс;D;20090528;0;1364.0;1399.6;1348.02;1397.04;203018;0
Полюс;D;20090529;0;1396.25;1410.0;1380.0;1407.0;312006;0
Полюс;D;20090601;0;1420.0;1460.0;1413.2;1444.5;719494;0
Полюс;D;20090602;0;1435.01;1435.01;1401.0;1418.1;338190;0
Полюс;D;20090603;0;1427.0;1428.0;1360.0;1403.1;330202;0
Полюс;D;20090604;0;1400.0;1405.0;1360.0;1367.99;227407;0
Полюс;D;20090605;0;1380.0;1393.49;1366.0;1375.03;254445;0
Полюс;D;20090608;0;1372.5;1378.0;1315.42;1342.93;375608;0
Полюс;D;20090609;0;1345.0;1349.8;1320.1;1342.26;148948;0
Полюс;D;20090610;0;1347.84;1368.96;1333.35;1350.0;186451;0
Полюс;D;20090611;0;1359.5;1428.0;1337.0;1425.0;506595;0
Полюс;D;20090615;0;1415.92;1425.0;1375.0;1376.0;213885;0
Полюс;D;20090616;0;1372.55;1400.0;1360.24;1389.0;150258;0
Полюс;D;20090617;0;1399.14;1401.99;1345.01;1363.95;173672;0
Полюс;D;20090618;0;1374.5;1395.0;1332.5;1366.99;226470;0
Полюс;D;20090619;0;1377.5;1377.5;1321.62;1329.99;161933;0
Полюс;D;20090622;0;1326.81;1353.03;1190.0;1191.96;197114;0
Полюс;D;20090623;0;1154.18;1190.0;1112.0;1121.01;244038;0
Полюс;D;20090624;0;1139.99;1224.99;1131.36;1205.01;163661;0
Полюс;D;20090625;0;1222.9;1225.09;1147.11;1165.0;162932;0
Полюс;D;20090626;0;1194.16;1210.0;1175.22;1199.99;334445;0
Полюс;D;20090629;0;1199.84;1221.31;1184.61;1199.95;158845;0
Полюс;D;20090630;0;1201.23;1256.98;1143.0;1149.99;419674;0
Полюс;D;20090701;0;1198.5;1219.77;1155.0;1218.77;215560;0
Полюс;D;20090702;0;1246.66;1246.66;1171.04;1173.0;120718;0
Полюс;D;20090703;0;1173.0;1201.0;1160.0;1184.99;87144;0
Полюс;D;20090706;0;1186.8;1187.61;1141.0;1147.6;92542;0
Полюс;D;20090707;0;1135.0;1189.0;1124.0;1145.0;123752;0
Полюс;D;20090708;0;1123.65;1157.97;1120.0;1128.99;235311;0
Полюс;D;20090709;0;1128.99;1153.0;1119.0;1128.79;141465;0
Полюс;D;20090710;0;1154.5;1154.5;1060.0;1066.0;219350;0
Полюс;D;20090713;0;1059.0;1088.0;1025.01;1079.01;225805;0
Полюс;D;20090714;0;1101.02;1149.0;1059.3;1069.0;187787;0
Полюс;D;20090715;0;1048.06;1147.0;1048.06;1140.01;401118;0
Полюс;D;20090716;0;1151.0;1188.7;1115.01;1159.99;437712;0
Полюс;D;20090717;0;1170.02;1198.5;1137.99;1175.99;368092;0
Полюс;D;20090720;0;1197.94;1234.0;1181.0;1220.0;375323;0
Полюс;D;20090721;0;1220.0;1224.0;1192.0;1207.64;144892;0
Полюс;D;20090722;0;1189.16;1212.0;1160.12;1165.0;113459;0
Полюс;D;20090723;0;1175.0;1203.74;1165.0;1199.88;125981;0
Полюс;D;20090724;0;1199.94;1206.0;1185.0;1185.18;101499;0
Полюс;D;20090727;0;1200.0;1210.0;1189.08;1201.0;105997;0
Полюс;D;20090728;0;1205.0;1219.9;1131.0;1139.99;194798;0
Полюс;D;20090729;0;1139.99;1156.0;1100.0;1105.01;169356;0
Полюс;D;20090730;0;1117.26;1175.0;1107.0;1174.9;167477;0
Полюс;D;20090731;0;1187.49;1194.99;1157.0;1189.9;90902;0
Полюс;D;20090803;0;1195.11;1293.98;1190.1;1292.0;211760;0
Полюс;D;20090804;0;1265.07;1310.0;1250.0;1304.01;235473;0
Полюс;D;20090805;0;1301.0;1318.97;1250.0;1269.9;252306;0
Полюс;D;20090806;0;1279.94;1298.48;1250.0;1257.01;152315;0
Полюс;D;20090807;0;1250.5;1307.0;1230.68;1290.17;174505;0
Полюс;D;20090810;0;1290.17;1298.0;1256.0;1278.0;116940;0
Полюс;D;20090811;0;1269.98;1301.0;1232.0;1232.97;143120;0
Полюс;D;20090812;0;1233.0;1284.99;1206.66;1277.2;167429;0
Полюс;D;20090813;0;1280.01;1296.09;1255.01;1269.99;125540;0
Полюс;D;20090814;0;1284.86;1284.86;1236.0;1250.01;154127;0
Полюс;D;20090817;0;1233.02;1279.95;1210.0;1264.0;181279;0
Полюс;D;20090818;0;1261.68;1278.0;1226.99;1251.29;80322;0
Полюс;D;20090819;0;1253.15;1262.0;1212.0;1236.0;96182;0
Полюс;D;20090820;0;1255.0;1255.0;1214.12;1243.0;103091;0
Полюс;D;20090821;0;1246.5;1249.9;1216.01;1245.0;160570;0
Полюс;D;20090824;0;1259.95;1260.99;1240.1;1252.06;86488;0
Полюс;D;20090825;0;1244.0;1254.9;1233.0;1241.12;89544;0
Полюс;D;20090826;0;1241.12;1250.0;1191.06;1206.0;141118;0
Полюс;D;20090827;0;1200.0;1205.0;1180.0;1186.0;146272;0
Полюс;D;20090828;0;1199.5;1206.5;1181.02;1195.0;195768;0
Полюс;D;20090831;0;1160.57;1199.0;1160.57;1187.99;62656;0
Полюс;D;20090901;0;1198.5;1202.0;1172.22;1194.99;117817;0
Полюс;D;20090902;0;1180.59;1193.0;1155.0;1173.0;155036;0
Полюс;D;20090903;0;1195.05;1273.99;1190.21;1269.68;765086;0
Полюс;D;20090904;0;1289.0;1320.0;1253.0;1269.96;400115;0
Полюс;D;20090907;0;1284.7;1297.5;1274.5;1290.0;177725;0
Полюс;D;20090908;0;1310.0;1368.0;1310.0;1362.05;497256;0
Полюс;D;20090909;0;1353.02;1360.0;1320.48;1359.29;272842;0
Полюс;D;20090910;0;1358.42;1366.0;1311.15;1326.98;183056;0
Полюс;D;20090911;0;1345.53;1387.43;1326.22;1383.01;202600;0
Полюс;D;20090914;0;1382.0;1405.0;1340.0;1392.99;310335;0
Полюс;D;20090915;0;1402.0;1402.98;1364.0;1375.0;156027;0
Полюс;D;20090916;0;1403.75;1443.0;1387.0;1407.0;363475;0
Полюс;D;20090917;0;1424.0;1433.7;1353.06;1390.0;235680;0
Полюс;D;20090918;0;1380.0;1415.0;1379.99;1391.52;208902;0
Полюс;D;20090921;0;1375.28;1385.0;1300.0;1303.0;239021;0
Полюс;D;20090922;0;1323.5;1351.0;1311.23;1332.01;217776;0
Полюс;D;20090923;0;1340.0;1358.99;1318.76;1321.29;182863;0
Полюс;D;20090924;0;1315.01;1359.0;1301.16;1339.99;249853;0
Полюс;D;20090925;0;1335.7;1355.0;1317.29;1329.0;175231;0
Полюс;D;20090928;0;1320.01;1358.12;1310.69;1353.0;136679;0
Полюс;D;20090929;0;1349.5;1354.99;1336.5;1344.99;125918;0
Полюс;D;20090930;0;1350.0;1374.99;1340.0;1341.2;127134;0
Полюс;D;20091001;0;1350.0;1370.41;1340.0;1345.16;80488;0
Полюс;D;20091002;0;1325.0;1355.99;1311.12;1343.99;203011;0
Полюс;D;20091005;0;1380.55;1380.55;1331.56;1346.0;122318;0
Полюс;D;20091006;0;1369.5;1428.21;1358.01;1425.01;279443;0
Полюс;D;20091007;0;1439.07;1464.99;1422.0;1436.12;423210;0
Полюс;D;20091008;0;1465.73;1492.7;1442.1;1458.0;267097;0
Полюс;D;20091009;0;1459.95;1467.0;1429.05;1453.11;221815;0
Полюс;D;20091012;0;1459.97;1505.55;1450.0;1500.01;312225;0
Полюс;D;20091013;0;1500.0;1530.0;1470.36;1510.0;457702;0
Полюс;D;20091014;0;1533.0;1575.68;1525.0;1570.01;391390;0
Полюс;D;20091015;0;1579.8;1602.0;1535.01;1550.0;180275;0
Полюс;D;20091016;0;1540.0;1587.93;1515.06;1580.07;219756;0
Полюс;D;20091019;0;1580.0;1685.0;1579.94;1670.0;314264;0
Полюс;D;20091020;0;1678.5;1745.0;1675.01;1713.12;210495;0
Полюс;D;20091021;0;1705.0;1729.75;1619.99;1703.31;313653;0
Полюс;D;20091022;0;1672.05;1700.0;1655.06;1671.0;88688;0
Полюс;D;20091023;0;1686.36;1724.11;1681.28;1689.99;123639;0
Полюс;D;20091026;0;1696.5;1721.02;1666.0;1714.99;101466;0
Полюс;D;20091027;0;1688.0;1699.0;1622.2;1644.0;174461;0
Полюс;D;20091028;0;1639.0;1639.0;1540.11;1555.54;221793;0
Полюс;D;20091029;0;1517.0;1599.65;1505.0;1597.0;227099;0
Полюс;D;20091030;0;1610.0;1615.52;1505.0;1505.0;151775;0
Полюс;D;20091102;0;1497.5;1592.99;1483.01;1555.0;172457;0
Полюс;D;20091103;0;1560.0;1586.0;1517.0;1536.06;164633;0
Полюс;D;20091105;0;1600.0;1659.0;1600.0;1649.87;261049;0
Полюс;D;20091106;0;1660.0;1712.98;1631.0;1672.33;307182;0
Полюс;D;20091109;0;1715.0;1739.39;1703.33;1721.53;255812;0
Полюс;D;20091110;0;1710.0;1719.42;1676.0;1705.07;220222;0
Полюс;D;20091111;0;1702.5;1749.99;1701.0;1746.99;260034;0
Полюс;D;20091112;0;1750.0;1769.0;1699.98;1712.0;225415;0
Полюс;D;20091113;0;1699.0;1719.19;1665.0;1701.01;100450;0
Полюс;D;20091116;0;1740.0;1750.0;1280.25;1712.0;379685;0
Полюс;D;20091117;0;1700.01;1730.0;1676.0;1693.0;275510;0
Полюс;D;20091118;0;1700.06;1710.01;1672.01;1693.0;159427;0
Полюс;D;20091119;0;1690.0;1706.33;1625.55;1626.03;217886;0
Полюс;D;20091120;0;1680.0;1694.98;1643.0;1693.67;262585;0
Полюс;D;20091123;0;1730.0;1745.5;1709.57;1717.01;213137;0
Полюс;D;20091124;0;1700.0;1713.0;1656.0;1670.0;216964;0
Полюс;D;20091125;0;1700.0;1704.99;1645.01;1678.0;182148;0
Полюс;D;20091126;0;1686.32;1686.32;1575.04;1603.06;306766;0
Полюс;D;20091127;0;1555.0;1597.0;1507.0;1580.0;280036;0
Полюс;D;20091130;0;1604.0;1616.99;1527.0;1571.01;127811;0
Полюс;D;20091201;0;1573.51;1647.0;1561.0;1634.99;153480;0
Полюс;D;20091202;0;1647.0;1688.0;1640.01;1663.0;184534;0
Полюс;D;20091203;0;1670.0;1684.99;1627.99;1630.0;135170;0
Полюс;D;20091204;0;1613.02;1639.0;1585.0;1625.0;156942;0
Полюс;D;20091207;0;1600.0;1611.95;1565.0;1600.93;104127;0
Полюс;D;20091208;0;1600.0;1634.99;1583.66;1606.01;138219;0
Полюс;D;20091209;0;1615.0;1619.99;1588.0;1595.43;59483;0
Полюс;D;20091210;0;1638.5;1638.5;1570.1;1586.0;80508;0
Полюс;D;20091211;0;1590.5;1604.99;1570.0;1570.58;77611;0
Полюс;D;20091214;0;1585.0;1600.0;1580.9;1597.01;79417;0
Полюс;D;20091215;0;1600.0;1600.0;1581.78;1599.0;49853;0
Полюс;D;20091216;0;1598.0;1628.0;1591.52;1627.9;131283;0
Полюс;D;20091217;0;1619.96;1647.47;1606.03;1625.97;155586;0
Полюс;D;20091218;0;1620.75;1638.0;1610.0;1616.0;74201;0
Полюс;D;20091221;0;1615.0;1655.55;1611.37;1627.0;111268;0
Полюс;D;20091222;0;1626.5;1629.74;1575.04;1580.0;164910;0
Полюс;D;20091223;0;1581.0;1609.99;1575.99;1601.98;84677;0
Полюс;D;20091224;0;1606.01;1613.01;1546.21;1567.87;105283;0
Полюс;D;20091225;0;1573.17;1589.45;1553.02;1576.52;38795;0
Полюс;D;20091228;0;1582.7;1599.99;1574.52;1591.47;61506;0
Полюс;D;20091229;0;1583.71;1599.99;1580.01;1586.99;59547;0
Полюс;D;20091230;0;1585.99;1589.99;1570.1;1587.0;45819;0
Полюс;D;20091231;0;1588.7;1590.0;1577.52;1585.0;8834;0
Полюс;D;20100111;0;1620.0;1639.0;1616.0;1634.04;106459;0
Полюс;D;20100112;0;1637.9;1644.8;1619.0;1629.98;79402;0
Полюс;D;20100113;0;1610.0;1624.99;1596.01;1602.02;124678;0
Полюс;D;20100114;0;1605.5;1615.79;1592.22;1605.99;80079;0
Полюс;D;20100115;0;1610.74;1613.79;1587.03;1598.0;76198;0
Полюс;D;20100118;0;1598.0;1614.99;1592.52;1612.11;74766;0
Полюс;D;20100119;0;1610.0;1629.9;1582.12;1600.85;143949;0
Полюс;D;20100120;0;1606.49;1614.88;1585.01;1592.97;118922;0
Полюс;D;20100121;0;1594.74;1598.48;1543.0;1551.03;173928;0
Полюс;D;20100122;0;1532.5;1542.8;1507.11;1529.0;124195;0
Полюс;D;20100125;0;1508.39;1549.99;1508.02;1538.02;104391;0
Полюс;D;20100126;0;1529.5;1529.5;1480.01;1519.98;107058;0
Полюс;D;20100127;0;1518.88;1526.96;1486.01;1523.0;95947;0
Полюс;D;20100128;0;1566.09;1566.09;1500.52;1502.1;172384;0
Полюс;D;20100129;0;1498.49;1509.86;1487.11;1494.0;87332;0
Полюс;D;20100201;0;1490.0;1495.0;1470.03;1484.9;60582;0
Полюс;D;20100202;0;1494.99;1506.88;1485.06;1497.86;100996;0
Полюс;D;20100203;0;1500.53;1517.98;1489.94;1497.98;106223;0
Полюс;D;20100204;0;1496.74;1509.99;1475.0;1488.99;101261;0
Полюс;D;20100205;0;1465.0;1465.0;1413.59;1425.16;175522;0
Полюс;D;20100208;0;1492.7;1492.7;1405.05;1420.67;104942;0
Полюс;D;20100209;0;1428.26;1454.99;1417.58;1447.99;105002;0
Полюс;D;20100210;0;1460.23;1462.0;1425.0;1450.0;126360;0
Полюс;D;20100211;0;1472.99;1472.99;1430.22;1445.0;69634;0
Полюс;D;20100212;0;1445.53;1467.0;1400.01;1447.99;115748;0
Полюс;D;20100215;0;1440.0;1440.0;1415.0;1424.9;98314;0
Полюс;D;20100216;0;1430.0;1462.98;1427.12;1453.48;159571;0
Полюс;D;20100217;0;1460.0;1464.94;1444.0;1453.94;146526;0
Полюс;D;20100218;0;1444.0;1455.0;1421.02;1453.98;152333;0
Полюс;D;20100219;0;1435.76;1461.0;1433.27;1452.01;121119;0
Полюс;D;20100224;0;1440.53;1459.0;1428.53;1453.02;126617;0
Полюс;D;20100225;0;1443.52;1472.27;1434.83;1457.0;166639;0
Полюс;D;20100226;0;1460.5;1469.73;1456.0;1460.03;101975;0
Полюс;D;20100227;0;1460.03;1483.75;1453.0;1470.08;65011;0
Полюс;D;20100301;0;1471.3;1489.7;1455.0;1461.14;84843;0
Полюс;D;20100302;0;1461.82;1476.5;1444.95;1452.03;130913;0
Полюс;D;20100303;0;1457.51;1465.3;1445.1;1460.0;89144;0
Полюс;D;20100304;0;1459.5;1459.5;1445.33;1446.3;127824;0
Полюс;D;20100305;0;1450.01;1462.87;1440.0;1453.62;200977;0
Полюс;D;20100309;0;1450.0;1450.0;1432.03;1438.0;114476;0
Полюс;D;20100310;0;1439.0;1456.98;1434.61;1449.01;113921;0
Полюс;D;20100311;0;1444.82;1450.03;1411.22;1450.0;179872;0
Полюс;D;20100312;0;1449.0;1471.74;1442.11;1455.02;181315;0
Полюс;D;20100315;0;1455.51;1459.39;1434.02;1450.0;92339;0
Полюс;D;20100316;0;1449.01;1453.67;1447.61;1449.99;89047;0
Полюс;D;20100317;0;1455.0;1478.0;1454.65;1465.0;63667;0
Полюс;D;20100318;0;1463.5;1557.0;1458.21;1551.44;420834;0
Полюс;D;20100319;0;1557.97;1563.24;1503.0;1520.99;291988;0
Полюс;D;20100322;0;1517.94;1519.0;1490.51;1504.46;135644;0
Полюс;D;20100323;0;1512.23;1515.0;1458.64;1471.0;156399;0
Полюс;D;20100324;0;1477.49;1482.77;1435.01;1449.99;159161;0
Полюс;D;20100325;0;1440.05;1464.99;1423.04;1450.0;120406;0
Полюс;D;20100326;0;1447.49;1459.77;1439.0;1451.0;137999;0
Полюс;D;20100329;0;1450.75;1454.94;1438.04;1448.0;118165;0
Полюс;D;20100330;0;1449.0;1452.87;1426.34;1433.0;107562;0
Полюс;D;20100331;0;1429.5;1458.78;1429.0;1447.98;145588;0
Полюс;D;20100401;0;1443.5;1490.0;1443.5;1455.86;197035;0
Полюс;D;20100402;0;1456.0;1459.0;1435.01;1450.01;139957;0
Полюс;D;20100405;0;1450.01;1454.94;1438.0;1440.01;48204;0
Полюс;D;20100406;0;1445.0;1452.79;1436.7;1445.0;110154;0
Полюс;D;20100407;0;1444.5;1480.0;1444.0;1469.0;268449;0
Полюс;D;20100408;0;1469.0;1494.6;1454.01;1464.0;254435;0
Полюс;D;20100409;0;1467.34;1472.89;1448.7;1448.99;145970;0
Полюс;D;20100412;0;1451.5;1469.0;1449.95;1454.04;170533;0
Полюс;D;20100413;0;1445.5;1490.65;1441.0;1477.68;399005;0
Полюс;D;20100414;0;1469.11;1485.0;1455.0;1462.47;271301;0
Полюс;D;20100415;0;1467.0;1482.0;1459.0;1474.99;165809;0
Полюс;D;20100416;0;1462.75;1470.47;1452.0;1457.36;101733;0
Полюс;D;20100419;0;1439.01;1450.0;1427.07;1431.21;269994;0
Полюс;D;20100420;0;1435.0;1449.0;1435.0;1440.0;103021;0
Полюс;D;20100421;0;1442.52;1448.42;1431.08;1443.05;81193;0
Полюс;D;20100422;0;1433.93;1446.68;1385.03;1393.99;160562;0
Полюс;D;20100423;0;1400.0;1415.0;1386.12;1405.0;89748;0
Полюс;D;20100426;0;1409.5;1428.98;1407.07;1422.0;76286;0
Полюс;D;20100427;0;1411.0;1419.47;1387.0;1405.01;117620;0
Полюс;D;20100428;0;1399.74;1414.5;1385.02;1404.0;152555;0
Полюс;D;20100429;0;1405.0;1412.89;1371.21;1380.99;112527;0
Полюс;D;20100430;0;1380.0;1388.0;1370.01;1381.85;93523;0
Полюс;D;20100504;0;1390.93;1390.93;1343.0;1358.0;106308;0
Полюс;D;20100505;0;1340.56;1375.0;1335.0;1373.0;173317;0
Полюс;D;20100506;0;1367.45;1408.0;1347.61;1383.89;150746;0
Полюс;D;20100507;0;1375.0;1375.0;1340.0;1348.61;163033;0
Полюс;D;20100511;0;1369.39;1381.0;1345.11;1365.0;166523;0
Полюс;D;20100512;0;1370.0;1435.0;1370.0;1428.88;350369;0
Полюс;D;20100513;0;1445.0;1446.0;1406.11;1423.0;235948;0
Полюс;D;20100514;0;1424.47;1440.0;1405.0;1428.99;153462;0
Полюс;D;20100517;0;1415.06;1438.0;1401.12;1433.71;126330;0
Полюс;D;20100518;0;1425.0;1432.99;1406.2;1418.0;97818;0
Полюс;D;20100519;0;1410.5;1435.0;1390.01;1435.0;159551;0
Полюс;D;20100520;0;1425.0;1425.89;1360.0;1360.0;215570;0
Полюс;D;20100521;0;1322.01;1363.77;1305.01;1339.98;149841;0
Полюс;D;20100524;0;1353.38;1363.0;1296.27;1314.0;109887;0
Полюс;D;20100525;0;1291.0;1344.0;1222.68;1328.0;321996;0
Полюс;D;20100526;0;1329.99;1344.0;1250.03;1287.0;904424;0
Полюс;D;20100527;0;1298.39;1460.0;1266.4;1448.0;880875;0
Полюс;D;20100528;0;1440.87;1515.0;1391.24;1484.96;765658;0
Полюс;D;20100531;0;1490.0;1498.28;1440.0;1490.02;328480;0
Полюс;D;20100601;0;1479.52;1515.0;1458.06;1513.2;411548;0
Полюс;D;20100602;0;1508.0;1554.99;1490.23;1519.0;218269;0
Полюс;D;20100603;0;1530.0;1549.98;1506.16;1524.99;177298;0
Полюс;D;20100604;0;1503.0;1530.0;1468.0;1529.99;274771;0
Полюс;D;20100607;0;1500.0;1525.49;1470.0;1492.66;122716;0
Полюс;D;20100608;0;1507.88;1528.23;1482.01;1510.17;120192;0
Полюс;D;20100609;0;1500.01;1518.11;1485.0;1495.0;100859;0
Полюс;D;20100610;0;1490.01;1501.0;1470.0;1495.35;109645;0
Полюс;D;20100611;0;1497.18;1539.58;1475.0;1486.98;182327;0
Полюс;D;20100615;0;1500.5;1514.99;1482.01;1501.0;77540;0
Полюс;D;20100616;0;1505.0;1519.99;1488.0;1492.0;93943;0
Полюс;D;20100617;0;1491.49;1518.96;1486.01;1513.1;119486;0
Полюс;D;20100618;0;1512.75;1540.97;1496.34;1520.05;86262;0
Полюс;D;20100621;0;1521.91;1614.89;1521.91;1612.1;245916;0
Полюс;D;20100622;0;1595.0;1631.87;1568.48;1594.74;179652;0
Полюс;D;20100623;0;1570.1;1622.15;1570.1;1618.0;134378;0
Полюс;D;20100624;0;1615.51;1622.5;1582.21;1596.99;96919;0
Полюс;D;20100625;0;1593.5;1617.02;1583.04;1615.0;91621;0
Полюс;D;20100628;0;1617.09;1625.39;1594.16;1605.0;127843;0
Полюс;D;20100629;0;1600.0;1600.0;1560.0;1578.99;151048;0
Полюс;D;20100630;0;1574.5;1659.64;1561.1;1629.99;346957;0
Полюс;D;20100701;0;1584.01;1627.0;1503.0;1512.0;318048;0
Полюс;D;20100702;0;1519.0;1525.0;1470.25;1518.0;188782;0
Полюс;D;20100705;0;1526.0;1526.0;1492.5;1500.87;59988;0
Полюс;D;20100706;0;1495.06;1522.49;1494.0;1505.23;75102;0
Полюс;D;20100707;0;1490.59;1505.0;1426.26;1461.9;254994;0
Полюс;D;20100708;0;1469.1;1489.72;1446.01;1461.89;179993;0
Полюс;D;20100709;0;1473.99;1474.99;1447.38;1453.92;97026;0
Полюс;D;20100712;0;1453.92;1464.99;1440.01;1445.99;84089;0
Полюс;D;20100713;0;1435.5;1463.98;1435.0;1445.01;90155;0
Полюс;D;20100714;0;1478.46;1486.03;1450.05;1471.0;134216;0
Полюс;D;20100715;0;1466.52;1479.0;1440.0;1445.01;91026;0
Полюс;D;20100716;0;1445.0;1459.0;1411.19;1415.0;107584;0
Полюс;D;20100719;0;1410.0;1441.99;1406.1;1425.0;59393;0
Полюс;D;20100720;0;1434.0;1435.1;1400.5;1405.0;85997;0
Полюс;D;20100721;0;1415.13;1461.92;1408.82;1435.53;136578;0
Полюс;D;20100722;0;1414.51;1460.73;1414.51;1441.03;103996;0
Полюс;D;20100723;0;1439.01;1448.39;1417.0;1425.1;126619;0
Полюс;D;20100726;0;1430.0;1439.89;1401.61;1414.5;123562;0
Полюс;D;20100727;0;1411.1;1419.0;1392.0;1396.43;157531;0
Полюс;D;20100728;0;1399.5;1399.5;1380.08;1380.5;101147;0
Полюс;D;20100729;0;1380.51;1395.0;1369.0;1385.27;162249;0
Полюс;D;20100730;0;1379.5;1394.98;1370.0;1381.84;87598;0
Полюс;D;20100802;0;1382.81;1423.01;1382.4;1397.5;146508;0
Полюс;D;20100803;0;1399.24;1401.89;1360.0;1364.0;148474;0
Полюс;D;20100804;0;1368.95;1378.4;1362.34;1369.99;99909;0
Полюс;D;20100805;0;1366.54;1376.49;1349.9;1367.05;188938;0
Полюс;D;20100806;0;1375.0;1389.8;1350.2;1360.5;207906;0
Полюс;D;20100809;0;1369.95;1380.0;1359.0;1360.5;158985;0
Полюс;D;20100810;0;1350.0;1353.49;1335.75;1348.0;162654;0
Полюс;D;20100811;0;1345.49;1385.0;1341.11;1379.0;232727;0
Полюс;D;20100812;0;1380.0;1401.0;1370.11;1375.5;206161;0
Полюс;D;20100813;0;1381.07;1383.15;1371.02;1374.96;93501;0
Полюс;D;20100816;0;1378.88;1388.55;1360.01;1372.0;122344;0
Полюс;D;20100817;0;1369.5;1388.0;1365.52;1385.35;86162;0
Полюс;D;20100818;0;1384.18;1393.81;1375.11;1390.9;54086;0
Полюс;D;20100819;0;1397.0;1422.0;1384.0;1418.0;175871;0
Полюс;D;20100820;0;1415.0;1424.0;1386.0;1390.0;129135;0
Полюс;D;20100823;0;1389.5;1404.3;1375.7;1387.96;68951;0
Полюс;D;20100824;0;1375.0;1394.97;1373.02;1380.0;68384;0
Полюс;D;20100825;0;1385.43;1387.0;1365.03;1384.0;77617;0
Полюс;D;20100826;0;1382.9;1393.0;1377.5;1383.99;39344;0
Полюс;D;20100827;0;1380.25;1396.0;1380.0;1389.93;57985;0
Полюс;D;20100830;0;1385.5;1397.0;1385.11;1390.0;35915;0
Полюс;D;20100831;0;1380.0;1417.0;1373.1;1411.01;91778;0
Полюс;D;20100901;0;1417.0;1422.0;1398.83;1416.01;123850;0
Полюс;D;20100902;0;1414.5;1444.1;1411.0;1437.0;178361;0
Полюс;D;20100903;0;1437.0;1443.99;1420.22;1441.9;84279;0
Полюс;D;20100906;0;1474.0;1474.0;1430.0;1432.0;58982;0
Полюс;D;20100907;0;1430.0;1440.0;1406.0;1418.95;120393;0
Полюс;D;20100908;0;1417.96;1429.99;1412.4;1424.0;100278;0
Полюс;D;20100909;0;1420.79;1429.1;1411.0;1424.98;95102;0
Полюс;D;20100910;0;1428.5;1436.0;1410.0;1410.05;84648;0
Полюс;D;20100913;0;1418.58;1455.0;1392.12;1405.01;194028;0
Полюс;D;20100914;0;1409.96;1420.0;1371.0;1397.5;224952;0
Полюс;D;20100915;0;1393.0;1407.0;1376.05;1404.93;118839;0
Полюс;D;20100916;0;1417.52;1417.52;1388.0;1408.87;101292;0
Полюс;D;20100917;0;1412.0;1415.9;1371.0;1380.01;171214;0
Полюс;D;20100920;0;1383.95;1396.47;1376.0;1387.72;75964;0
Полюс;D;20100921;0;1390.0;1395.0;1382.12;1391.9;102112;0
Полюс;D;20100922;0;1397.0;1397.0;1385.01;1390.0;63339;0
Полюс;D;20100923;0;1391.89;1393.84;1374.55;1379.91;78339;0
Полюс;D;20100924;0;1406.25;1406.25;1362.62;1381.96;66203;0
Полюс;D;20100927;0;1385.0;1385.99;1373.03;1375.0;45528;0
Полюс;D;20100928;0;1380.5;1380.5;1364.46;1371.37;40239;0
Полюс;D;20100929;0;1374.5;1394.0;1366.03;1390.0;72589;0
Полюс;D;20100930;0;1390.0;1415.0;1383.2;1413.0;179271;0
Полюс;D;20101001;0;1410.0;1410.0;1395.99;1398.91;170677;0
Полюс;D;20101004;0;1426.77;1426.77;1398.5;1406.0;62622;0
Полюс;D;20101005;0;1415.0;1415.0;1396.52;1412.0;93278;0
Полюс;D;20101006;0;1415.0;1442.03;1415.0;1438.28;234751;0
Полюс;D;20101007;0;1441.0;1555.0;1438.29;1540.78;846347;0
Полюс;D;20101008;0;1535.0;1544.24;1500.0;1521.0;254330;0
Полюс;D;20101011;0;1526.5;1535.0;1507.0;1524.01;96911;0
Полюс;D;20101012;0;1514.0;1595.0;1512.0;1538.88;276900;0
Полюс;D;20101013;0;1554.5;1599.0;1549.03;1585.0;471621;0
Полюс;D;20101014;0;1599.9;1634.7;1585.0;1600.0;404055;0
Полюс;D;20101015;0;1600.0;1618.92;1592.88;1606.99;185138;0
Полюс;D;20101018;0;1600.5;1605.0;1575.0;1591.96;127926;0
Полюс;D;20101019;0;1590.0;1595.79;1550.64;1555.12;168951;0
Полюс;D;20101020;0;1538.52;1549.98;1495.38;1542.01;151361;0
Полюс;D;20101021;0;1551.0;1581.89;1535.1;1560.0;206175;0
Полюс;D;20101022;0;1550.0;1563.55;1517.0;1520.0;130607;0
Полюс;D;20101025;0;1525.0;1546.54;1513.0;1521.15;104182;0
Полюс;D;20101026;0;1520.26;1544.0;1500.0;1535.0;142366;0
Полюс;D;20101027;0;1535.0;1570.0;1527.35;1528.0;181147;0
Полюс;D;20101028;0;1530.01;1550.0;1523.27;1528.5;62373;0
Полюс;D;20101029;0;1520.0;1542.0;1514.28;1537.5;53606;0
Полюс;D;20101101;0;1548.83;1559.83;1542.0;1549.6;127096;0
Полюс;D;20101102;0;1550.5;1583.99;1546.6;1560.01;150667;0
Полюс;D;20101103;0;1561.42;1568.49;1537.94;1542.5;69865;0
Полюс;D;20101108;0;1587.0;1587.99;1561.0;1586.1;161623;0
Полюс;D;20101109;0;1590.0;1648.7;1589.0;1640.0;389470;0
Полюс;D;20101110;0;1629.0;1638.51;1601.23;1610.03;185987;0
Полюс;D;20101111;0;1625.02;1643.81;1612.0;1635.0;127823;0
Полюс;D;20101112;0;1615.0;1628.29;1600.01;1618.0;133623;0
Полюс;D;20101113;0;1617.2;1617.2;1585.0;1597.0;58527;0
Полюс;D;20101115;0;1597.56;1660.99;1597.56;1650.0;210461;0
Полюс;D;20101116;0;1635.0;1679.0;1615.02;1671.0;263908;0
Полюс;D;20101117;0;1664.89;1732.99;1651.11;1710.01;404601;0
Полюс;D;20101118;0;1706.5;1730.0;1686.0;1725.0;156382;0
Полюс;D;20101119;0;1730.0;1747.0;1721.01;1737.89;150441;0
Полюс;D;20101122;0;1732.2;1780.0;1732.2;1755.02;146451;0
Полюс;D;20101123;0;1765.0;1784.95;1755.0;1773.51;172852;0
Полюс;D;20101124;0;1770.0;1779.0;1733.84;1754.0;154156;0
Полюс;D;20101125;0;1750.0;1763.97;1745.01;1753.0;54614;0
Полюс;D;20101126;0;1750.0;1750.0;1729.0;1737.0;80535;0
Полюс;D;20101129;0;1736.0;1769.0;1733.0;1763.95;102829;0
Полюс;D;20101130;0;1761.5;1805.0;1751.64;1775.0;194264;0
Полюс;D;20101201;0;1778.5;1798.0;1766.11;1767.93;137142;0
Полюс;D;20101202;0;1768.97;1787.98;1749.84;1782.01;241773;0
Полюс;D;20101203;0;1782.0;1813.0;1770.07;1798.0;144394;0
Полюс;D;20101206;0;1799.5;1807.99;1781.0;1804.0;115645;0
Полюс;D;20101207;0;1805.0;1962.74;1792.0;1924.0;644486;0
Полюс;D;20101208;0;1910.0;1997.0;1855.05;1880.0;780764;0
Полюс;D;20101209;0;1900.0;1913.0;1852.0;1880.0;274013;0
Полюс;D;20101210;0;1869.42;1869.42;1822.15;1831.5;197562;0
Полюс;D;20101213;0;1835.0;1879.5;1834.99;1847.0;148733;0
Полюс;D;20101214;0;1848.5;1880.0;1847.0;1860.0;114766;0
Полюс;D;20101215;0;1850.0;1888.31;1825.0;1844.0;222495;0
Полюс;D;20101216;0;1840.0;1859.0;1830.0;1836.15;115827;0
Полюс;D;20101217;0;1847.21;1851.27;1828.21;1836.61;68409;0
Полюс;D;20101220;0;1838.0;1885.87;1837.01;1882.0;137171;0
Полюс;D;20101221;0;1882.0;1889.99;1871.0;1877.7;73231;0
Полюс;D;20101222;0;1880.0;1939.0;1880.0;1931.5;192019;0
Полюс;D;20101223;0;1930.0;1946.99;1902.0;1905.28;153517;0
Полюс;D;20101224;0;1912.07;1912.07;1876.04;1884.6;73702;0
Полюс;D;20101227;0;1880.01;1889.0;1855.05;1864.0;38755;0
Полюс;D;20101228;0;1864.0;1899.0;1861.5;1880.0;46197;0
Полюс;D;20101229;0;1880.05;1910.98;1877.17;1901.0;119237;0
Полюс;D;20101230;0;1899.79;1930.0;1889.0;1930.0;98915;0
Полюс;D;20110111;0;1920.0;1930.0;1902.5;1923.06;107835;0
Полюс;D;20110112;0;1976.14;1976.14;1920.0;1927.4;93497;0
Полюс;D;20110113;0;1925.0;1931.2;1880.0;1881.35;158960;0
Полюс;D;20110114;0;1881.5;1886.22;1832.0;1835.99;183927;0
Полюс;D;20110117;0;1836.0;1843.99;1790.0;1828.51;267063;0
Полюс;D;20110118;0;1830.0;1857.0;1806.01;1824.98;234345;0
Полюс;D;20110119;0;1824.99;1833.0;1799.0;1802.8;157595;0
Полюс;D;20110120;0;1786.0;1797.0;1750.0;1753.9;152208;0
Полюс;D;20110121;0;1749.95;1766.69;1731.02;1745.0;148909;0
Полюс;D;20110124;0;1750.0;1778.0;1733.3;1745.0;198691;0
Полюс;D;20110125;0;1745.0;1748.8;1697.98;1717.86;162925;0
Полюс;D;20110126;0;1722.0;1748.0;1711.0;1730.0;134131;0
Полюс;D;20110127;0;1734.22;1739.0;1711.33;1716.99;113361;0
Полюс;D;20110128;0;1710.0;1745.0;1690.0;1743.25;118154;0
Полюс;D;20110131;0;1731.78;1789.0;1725.57;1784.34;233243;0
Полюс;D;20110201;0;1783.67;1796.96;1755.0;1766.0;110269;0
Полюс;D;20110202;0;1769.0;1776.16;1751.0;1754.0;126638;0
Полюс;D;20110203;0;1750.0;1755.5;1720.09;1722.94;97959;0
Полюс;D;20110204;0;1735.0;1755.5;1707.1;1717.0;104726;0
Полюс;D;20110207;0;1728.09;1736.0;1710.11;1726.0;82147;0
Полюс;D;20110208;0;1725.99;1732.0;1703.0;1709.82;107439;0
Полюс;D;20110209;0;1718.39;1729.8;1658.0;1679.86;154216;0
Полюс;D;20110210;0;1665.0;1666.61;1605.0;1607.0;271889;0
Полюс;D;20110211;0;1610.0;1640.0;1608.0;1633.99;119391;0
Полюс;D;20110214;0;1630.0;1680.0;1621.0;1668.89;115401;0
Полюс;D;20110215;0;1667.4;1678.51;1625.0;1640.0;102229;0
Полюс;D;20110216;0;1623.0;1645.0;1623.0;1636.96;41245;0
Полюс;D;20110217;0;1640.22;1655.0;1633.34;1637.0;61030;0
Полюс;D;20110218;0;1650.0;1650.0;1610.01;1613.7;78980;0
Полюс;D;20110221;0;1655.0;1669.99;1615.0;1664.84;262110;0
Полюс;D;20110222;0;1664.84;1674.92;1630.05;1670.0;180642;0
Полюс;D;20110224;0;1682.48;1729.94;1681.0;1708.02;385338;0
Полюс;D;20110225;0;1709.0;1722.39;1671.0;1692.0;107928;0
Полюс;D;20110228;0;1700.0;1727.13;1683.01;1693.1;194064;0
Полюс;D;20110301;0;1700.0;1705.0;1680.1;1685.8;102819;0
Полюс;D;20110302;0;1699.0;1739.0;1690.2;1728.5;270055;0
Полюс;D;20110303;0;1727.7;1734.9;1710.1;1719.9;109698;0
Полюс;D;20110304;0;1719.5;1724.8;1701.0;1713.9;70055;0
Полюс;D;20110305;0;1714.6;1727.0;1706.3;1718.1;44734;0
Полюс;D;20110309;0;1718.5;1722.4;1702.7;1712.4;60994;0
Полюс;D;20110310;0;1709.5;1709.5;1680.0;1696.9;158431;0
Полюс;D;20110311;0;1692.5;1692.5;1660.0;1666.0;118944;0
Полюс;D;20110314;0;1675.0;1698.8;1665.4;1666.5;71191;0
Полюс;D;20110315;0;1659.0;1659.0;1606.0;1610.0;195373;0
Полюс;D;20110316;0;1642.5;1642.5;1597.0;1597.0;84979;0
Полюс;D;20110317;0;1650.0;1650.0;1577.0;1617.0;128713;0
Полюс;D;20110318;0;1620.5;1640.0;1607.9;1634.4;98760;0
Полюс;D;20110321;0;1639.2;1647.3;1621.0;1637.0;66131;0
Полюс;D;20110322;0;1635.0;1639.9;1614.9;1626.8;48862;0
Полюс;D;20110323;0;1581.8;1665.0;1581.8;1665.0;102772;0
Полюс;D;20110324;0;1665.0;1694.8;1660.1;1680.0;145306;0
Полюс;D;20110325;0;1680.0;1691.0;1656.0;1674.3;106807;0
Полюс;D;20110328;0;1667.8;1689.0;1656.5;1684.2;48431;0
Полюс;D;20110329;0;1680.0;1683.0;1624.5;1661.7;101628;0
Полюс;D;20110330;0;1679.5;1680.8;1662.1;1671.0;66709;0
Полюс;D;20110331;0;1682.7;1714.4;1665.3;1702.1;138161;0
Полюс;D;20110401;0;1699.5;1717.0;1695.4;1705.0;150731;0
Полюс;D;20110404;0;1684.2;1717.5;1678.0;1686.0;133538;0
Полюс;D;20110405;0;1668.0;1720.0;1668.0;1709.8;178617;0
Полюс;D;20110406;0;1715.0;1725.4;1700.1;1710.0;156121;0
Полюс;D;20110407;0;1710.0;1725.1;1691.1;1724.3;108360;0
Полюс;D;20110408;0;1725.0;1731.7;1715.0;1722.0;128929;0
Полюс;D;20110411;0;1741.5;1741.5;1702.5;1728.0;123106;0
Полюс;D;20110412;0;1711.5;1724.0;1620.0;1670.1;195930;0
Полюс;D;20110413;0;1668.7;1680.0;1630.5;1654.4;110108;0
Полюс;D;20110414;0;1677.0;1677.0;1623.5;1633.9;51012;0
Полюс;D;20110415;0;1639.0;1669.0;1633.0;1653.0;64148;0
Полюс;D;20110418;0;1658.4;1675.4;1590.0;1609.9;250758;0
Полюс;D;20110419;0;1602.0;1650.0;1602.0;1648.8;91199;0
Полюс;D;20110420;0;1645.2;1723.0;1645.2;1719.2;269982;0
Полюс;D;20110421;0;1730.0;1785.0;1711.0;1777.4;443148;0
Полюс;D;20110422;0;1786.0;1792.6;1757.2;1775.0;98675;0
Полюс;D;20110425;0;1776.0;1802.7;1740.3;1767.4;189244;0
Полюс;D;20110426;0;1750.0;1779.5;1745.1;1769.8;161210;0
Полюс;D;20110427;0;1775.0;1798.0;1759.0;1788.3;157066;0
Полюс;D;20110428;0;1800.0;1868.0;1772.1;1864.0;656968;0
Полюс;D;20110429;0;1853.7;1955.8;1831.1;1954.0;949335;0
Полюс;D;20110503;0;1941.0;1954.0;1866.4;1925.0;285840;0
Полюс;D;20110504;0;1900.0;1910.0;1852.3;1875.0;214152;0
Полюс;D;20110505;0;1876.9;1876.9;1791.0;1845.0;246259;0
Полюс;D;20110506;0;1809.8;1864.7;1800.0;1859.8;248451;0
Полюс;D;20110510;0;1850.0;1887.5;1835.3;1862.9;72508;0
Полюс;D;20110511;0;1875.8;1881.0;1840.7;1869.0;182335;0
Полюс;D;20110512;0;1851.0;1880.3;1843.0;1870.2;135902;0
Полюс;D;20110513;0;1872.1;1914.3;1853.6;1905.1;186577;0
Полюс;D;20110516;0;1890.9;1909.9;1865.6;1901.5;174917;0
Полюс;D;20110517;0;1885.3;1907.0;1875.3;1887.4;225846;0
Полюс;D;20110518;0;1891.0;1904.9;1861.3;1884.3;203718;0
Полюс;D;20110519;0;1884.2;1890.0;1870.4;1888.1;75007;0
Полюс;D;20110520;0;1887.9;1897.0;1871.4;1896.8;231511;0
Полюс;D;20110523;0;1881.0;1950.9;1881.0;1925.0;228321;0
Полюс;D;20110524;0;1910.5;1925.0;1901.0;1906.5;133102;0
Полюс;D;20110525;0;1906.5;1928.9;1901.0;1911.2;89942;0
Полюс;D;20110526;0;1913.0;1914.8;1885.4;1902.4;117051;0
Полюс;D;20110527;0;1900.0;1914.0;1881.1;1892.5;135075;0
Полюс;D;20110530;0;1894.0;1904.0;1885.0;1891.0;27199;0
Полюс;D;20110531;0;1845.2;1922.2;1845.2;1910.0;125127;0
Полюс;D;20110601;0;1906.9;1959.4;1890.1;1959.0;196847;0
Полюс;D;20110602;0;1940.0;1995.0;1932.3;1995.0;337602;0
Полюс;D;20110603;0;1988.7;2022.8;1979.0;1991.7;300982;0
Полюс;D;20110606;0;1985.0;2007.6;1972.3;1978.0;132433;0
Полюс;D;20110607;0;1970.3;1986.0;1955.5;1956.5;76952;0
Полюс;D;20110608;0;1959.7;1971.1;1938.3;1950.0;122290;0
Полюс;D;20110609;0;1941.0;1967.5;1919.1;1944.6;113136;0
Полюс;D;20110610;0;1945.0;1978.7;1942.9;1957.0;69885;0
Полюс;D;20110614;0;1915.7;1967.9;1915.7;1934.0;71917;0
Полюс;D;20110615;0;1936.0;1974.0;1934.0;1964.5;121348;0
Полюс;D;20110616;0;1959.0;1975.0;1950.6;1971.9;80797;0
Полюс;D;20110617;0;1971.0;1971.0;1931.4;1945.2;93180;0
Полюс;D;20110620;0;1935.0;1948.8;1881.1;1889.9;126169;0
Полюс;D;20110621;0;1892.5;1900.0;1830.0;1838.1;162395;0
Полюс;D;20110622;0;1840.0;1849.9;1813.8;1827.5;107674;0
Полюс;D;20110623;0;1816.6;1838.9;1809.8;1817.0;98820;0
Полюс;D;20110624;0;1816.0;1832.8;1801.3;1802.8;72125;0
Полюс;D;20110627;0;1800.0;1813.0;1761.0;1762.3;125256;0
Полюс;D;20110628;0;1760.0;1776.9;1721.1;1732.1;284451;0
Полюс;D;20110629;0;1735.0;1765.0;1735.0;1752.6;109087;0
Полюс;D;20110630;0;1755.0;1755.0;1731.5;1739.4;100090;0
Полюс;D;20110701;0;1735.1;1764.1;1728.0;1730.0;141705;0
Полюс;D;20110704;0;1732.4;1752.0;1701.1;1702.0;195609;0
Полюс;D;20110705;0;1699.5;1710.0;1678.3;1690.0;191444;0
Полюс;D;20110706;0;1697.4;1776.9;1691.4;1765.0;511386;0
Полюс;D;20110707;0;1774.0;1829.8;1765.9;1768.9;382313;0
Полюс;D;20110708;0;1760.0;1811.5;1751.0;1792.0;262254;0
Полюс;D;20110711;0;1792.0;1818.3;1770.0;1794.0;144646;0
Полюс;D;20110712;0;1794.0;1812.8;1783.0;1800.0;253021;0
Полюс;D;20110713;0;1800.0;1810.0;1732.7;1740.0;222994;0
Полюс;D;20110714;0;1717.5;1797.9;1717.5;1794.5;380151;0
Полюс;D;20110715;0;1800.0;1820.0;1757.3;1792.5;207922;0
Полюс;D;20110718;0;1801.0;1813.0;1741.4;1790.0;295437;0
Полюс;D;20110719;0;1768.1;1780.0;1736.0;1745.0;161516;0
Полюс;D;20110720;0;1740.0;1755.0;1712.2;1719.0;197682;0
Полюс;D;20110721;0;1720.0;1730.0;1652.0;1659.1;320887;0
Полюс;D;20110722;0;1660.0;1669.3;1560.0;1585.1;1119822;0
Полюс;D;20110725;0;1575.0;1643.9;1572.2;1639.7;408014;0
Полюс;D;20110726;0;1645.0;1666.0;1631.4;1645.0;365908;0
Полюс;D;20110727;0;1650.0;1663.8;1622.1;1629.8;286017;0
Полюс;D;20110728;0;1620.0;1638.3;1615.0;1620.2;237775;0
Полюс;D;20110729;0;1628.3;1628.3;1602.1;1608.3;165387;0
Полюс;D;20110801;0;1609.5;1629.0;1600.9;1608.0;210602;0
Полюс;D;20110802;0;1602.5;1645.0;1602.5;1638.0;412991;0
Полюс;D;20110803;0;1640.0;1661.9;1615.0;1652.8;404656;0
Полюс;D;20110804;0;1655.1;1660.0;1626.0;1647.7;269799;0
Полюс;D;20110805;0;1608.0;1657.0;1580.0;1648.5;287417;0
Полюс;D;20110808;0;1649.3;1699.5;1640.3;1655.0;357911;0
Полюс;D;20110809;0;1649.5;1675.0;1602.6;1627.4;224096;0
Полюс;D;20110810;0;1634.8;1645.1;1602.0;1608.0;173987;0
Полюс;D;20110811;0;1612.0;1670.0;1450.0;1640.0;336982;0
Полюс;D;20110812;0;1640.9;1699.5;1601.0;1699.5;157892;0
Полюс;D;20110815;0;1691.0;1744.1;1680.0;1712.0;309617;0
Полюс;D;20110816;0;1710.5;1740.1;1700.9;1710.1;197567;0
Полюс;D;20110817;0;1679.1;1728.9;1679.1;1726.5;165274;0
Полюс;D;20110818;0;1726.6;1736.8;1715.0;1735.9;82506;0
Полюс;D;20110819;0;1735.7;1742.0;1720.5;1740.0;209672;0
Полюс;D;20110822;0;1739.5;1768.0;1739.5;1763.0;117275;0
Полюс;D;20110823;0;1768.9;1776.8;1757.2;1761.6;68880;0
Полюс;D;20110824;0;1722.0;1765.2;1722.0;1760.0;119756;0
Полюс;D;20110825;0;1743.7;1765.0;1743.7;1763.2;188181;0
Полюс;D;20110826;0;1809.8;1809.8;1753.0;1762.0;30598;0
Полюс;D;20110829;0;1752.3;1775.4;1750.5;1770.0;34006;0
Полюс;D;20110830;0;1765.2;1849.9;1759.0;1820.0;518357;0
Полюс;D;20110831;0;1830.2;1842.5;1821.7;1824.2;530967;0
Полюс;D;20110901;0;1824.2;1829.0;1820.0;1824.1;192596;0
Полюс;D;20110902;0;1818.4;1842.9;1818.4;1835.4;317404;0
Полюс;D;20110905;0;1837.0;1842.0;1833.1;1841.8;77045;0
Полюс;D;20110906;0;1843.0;1848.9;1836.2;1848.0;95205;0
Полюс;D;20110907;0;1835.8;1853.5;1835.8;1853.5;77917;0
Полюс;D;20110908;0;1853.2;1853.2;1844.2;1848.8;23955;0
Полюс;D;20110909;0;1848.0;1863.7;1845.6;1852.7;53080;0
Полюс;D;20110912;0;1854.0;1874.4;1840.0;1854.0;214279;0
Полюс;D;20110913;0;1851.0;1859.8;1845.0;1849.5;142019;0
Полюс;D;20110914;0;1839.6;1859.9;1839.6;1850.1;75043;0
Полюс;D;20110915;0;1844.0;1857.0;1844.0;1856.6;25576;0
Полюс;D;20110916;0;1851.6;1855.0;1845.3;1854.8;74853;0
Полюс;D;20110919;0;1850.0;1864.0;1848.8;1856.8;81428;0
Полюс;D;20110920;0;1856.8;1861.0;1855.0;1856.1;30795;0
Полюс;D;20110921;0;1857.8;1859.4;1850.1;1855.0;25306;0
Полюс;D;20110922;0;1855.3;1861.0;1840.2;1858.0;147969;0
Полюс;D;20110923;0;1818.3;1865.0;1818.3;1857.5;203279;0
Полюс;D;20110926;0;1828.1;1856.9;1828.1;1850.0;87386;0
Полюс;D;20110927;0;1857.0;1859.0;1850.0;1855.0;21501;0
Полюс;D;20110928;0;1863.6;1863.6;1846.0;1851.5;199223;0
Полюс;D;20110929;0;1840.3;1860.1;1840.3;1857.0;38524;0
Полюс;D;20110930;0;1852.1;1880.0;1852.0;1853.3;112936;0
Полюс;D;20111003;0;1854.0;1864.8;1850.1;1854.5;19159;0
Полюс;D;20111004;0;1848.3;1862.0;1848.3;1858.0;73413;0
Полюс;D;20111005;0;1862.8;1862.8;1848.5;1855.1;25798;0
Полюс;D;20111006;0;1849.5;1862.0;1849.5;1861.9;38721;0
Полюс;D;20111007;0;1853.0;1861.5;1853.0;1860.0;84069;0
Полюс;D;20111010;0;1860.4;1865.0;1852.5;1865.0;33141;0
Полюс;D;20111011;0;1874.3;1878.7;1856.1;1862.0;66120;0
Полюс;D;20111012;0;1862.5;1874.0;1862.0;1873.8;42647;0
Полюс;D;20111013;0;1870.0;1875.0;1866.5;1873.8;23893;0
Полюс;D;20111014;0;1879.9;1879.9;1866.1;1868.0;26687;0
Полюс;D;20111017;0;1825.4;1870.8;1825.4;1870.0;55115;0
Полюс;D;20111018;0;1865.2;1870.3;1865.0;1870.0;42467;0
Полюс;D;20111019;0;1870.0;1870.0;1866.5;1866.5;13423;0
Полюс;D;20111020;0;1842.5;1870.1;1842.5;1870.0;45161;0
Полюс;D;20111021;0;1870.0;1875.0;1865.3;1870.0;100415;0
Полюс;D;20111024;0;1872.1;1877.0;1866.1;1873.3;58795;0
Полюс;D;20111025;0;1870.1;1874.0;1868.6;1869.2;51921;0
Полюс;D;20111026;0;1858.3;1871.9;1858.3;1869.3;29734;0
Полюс;D;20111027;0;1869.9;1869.9;1866.0;1867.0;34441;0
Полюс;D;20111028;0;1868.9;1868.9;1855.0;1867.0;41106;0
Полюс;D;20111031;0;1854.2;1862.1;1607.7;1840.0;89843;0
Полюс;D;20111101;0;1845.0;1850.1;1811.5;1830.2;40794;0
Полюс;D;20111102;0;1817.6;1866.8;1817.6;1859.6;46110;0
Полюс;D;20111103;0;1850.8;1850.8;1828.0;1839.0;28840;0
Полюс;D;20111107;0;1843.5;1843.5;1737.0;1750.6;30755;0
Полюс;D;20111108;0;1750.0;1792.0;1700.0;1728.9;48431;0
Полюс;D;20111109;0;1728.9;1740.0;1682.2;1695.1;15718;0
Полюс;D;20111110;0;1690.0;1717.7;1667.3;1700.0;20614;0
Полюс;D;20111111;0;1712.3;1712.3;1686.0;1688.7;4889;0
Полюс;D;20111114;0;1670.0;1700.0;1660.0;1663.0;19660;0
Полюс;D;20111115;0;1602.3;1675.6;1601.4;1621.0;26532;0
Полюс;D;20111116;0;1618.0;1640.0;1598.0;1602.0;20689;0
Полюс;D;20111117;0;1603.1;1607.6;1511.0;1568.9;26840;0
Полюс;D;20111118;0;1568.5;1569.0;1523.3;1540.3;13910;0
Полюс;D;20111121;0;1518.0;1593.0;1510.0;1564.0;30130;0
Полюс;D;20111122;0;1560.0;1615.0;1550.0;1559.8;22939;0
Полюс;D;20111123;0;1555.5;1589.0;1522.0;1535.8;9771;0
Полюс;D;20111124;0;1525.1;1541.3;1508.0;1518.0;9517;0
Полюс;D;20111125;0;1517.9;1518.0;1418.0;1459.7;28369;0
Полюс;D;20111128;0;1468.5;1493.9;1424.0;1470.5;19334;0
Полюс;D;20111129;0;1470.5;1479.8;1438.0;1444.5;19467;0
Полюс;D;20111130;0;1441.1;1448.2;1408.0;1429.9;22400;0
Полюс;D;20111201;0;1430.0;1478.0;1420.1;1439.2;26493;0
Полюс;D;20111202;0;1435.0;1458.0;1430.0;1441.5;22940;0
Полюс;D;20111205;0;1400.8;1449.9;1400.8;1425.0;18367;0
Полюс;D;20111206;0;1429.2;1440.0;856.0;1376.0;35106;0
Полюс;D;20111207;0;1365.0;1388.0;1320.1;1331.7;22993;0
Полюс;D;20111208;0;1333.0;1353.0;1303.1;1320.2;20536;0
Полюс;D;20111209;0;1310.0;1310.0;1217.5;1258.5;28840;0
Полюс;D;20111212;0;1258.5;1285.0;1210.0;1215.0;10930;0
Полюс;D;20111213;0;1215.0;1247.0;1210.3;1230.0;12637;0
Полюс;D;20111214;0;1220.0;1224.2;1185.0;1185.0;14813;0
Полюс;D;20111215;0;1180.0;1198.2;1152.1;1161.7;12418;0
Полюс;D;20111216;0;1161.2;1189.2;1125.0;1128.8;22744;0
Полюс;D;20111219;0;1125.1;1148.0;1110.1;1129.8;13939;0
Полюс;D;20111220;0;1130.5;1146.9;1090.0;1133.6;17780;0
Полюс;D;20111221;0;1150.0;1153.7;1100.0;1110.8;16085;0
Полюс;D;20111222;0;1110.9;1114.9;1072.0;1090.0;15715;0
Полюс;D;20111223;0;1096.1;1097.0;1037.7;1049.0;19528;0
Полюс;D;20111226;0;1028.8;1055.0;1028.8;1033.0;7353;0
Полюс;D;20111227;0;1032.5;1042.0;1026.0;1034.2;11020;0
Полюс;D;20111228;0;1033.6;1037.9;1020.0;1020.0;7637;0
Полюс;D;20111229;0;1005.6;1038.6;998.0;1001.6;19994;0
Полюс;D;20111230;0;1001.0;1033.0;1001.0;1020.2;13445;0
Полюс;D;20120103;0;1020.2;1058.9;1012.2;1030.0;7606;0
Полюс;D;20120104;0;1022.4;1067.3;1020.1;1027.0;12532;0
Полюс;D;20120105;0;1028.0;1037.2;1012.6;1017.5;4572;0
Полюс;D;20120106;0;1019.0;1067.3;1019.0;1031.0;10149;0
Полюс;D;20120109;0;1030.0;1059.0;1021.2;1054.7;12559;0
Полюс;D;20120110;0;1057.9;1064.7;1050.1;1054.8;18156;0
Полюс;D;20120111;0;1050.3;1069.0;1050.3;1063.1;12036;0
Полюс;D;20120112;0;1081.3;1081.3;1062.1;1067.5;10970;0
Полюс;D;20120113;0;1067.5;1072.0;1053.5;1053.7;8425;0
Полюс;D;20120116;0;1050.0;1058.8;1025.1;1051.8;7214;0
Полюс;D;20120117;0;1005.3;1064.4;1005.3;1056.6;8530;0
Полюс;D;20120118;0;1055.0;1058.8;1050.0;1053.5;6516;0
Полюс;D;20120119;0;1053.5;1065.0;1050.3;1051.7;12534;0
Полюс;D;20120120;0;1058.3;1060.0;1036.4;1040.4;8435;0
Полюс;D;20120123;0;1047.0;1049.9;1032.0;1040.0;7496;0
Полюс;D;20120124;0;1038.5;1052.7;1031.9;1034.2;6743;0
Полюс;D;20120125;0;1040.0;1040.0;1031.6;1034.7;8930;0
Полюс;D;20120126;0;1070.7;1070.7;1019.5;1022.8;23480;0
Полюс;D;20120127;0;1033.8;1039.8;1020.1;1025.0;13698;0
Полюс;D;20120130;0;1025.0;1031.4;1015.4;1022.0;10770;0
Полюс;D;20120131;0;1023.3;1028.4;1017.0;1022.9;11785;0
Полюс;D;20120201;0;1022.5;1029.0;1021.0;1026.3;12843;0
Полюс;D;20120202;0;1027.0;1035.0;1023.0;1027.6;7112;0
Полюс;D;20120203;0;1030.0;1431.0;1021.9;1386.6;709481;0
Полюс;D;20120206;0;1390.0;1758.4;1365.8;1496.0;1145727;0
Полюс;D;20120207;0;1502.0;1628.7;1355.0;1375.7;377522;0
Полюс;D;20120208;0;1370.6;1427.1;1303.0;1341.1;318449;0
Полюс;D;20120209;0;1341.1;1448.9;1341.1;1390.0;247673;0
Полюс;D;20120210;0;1389.0;1437.5;1350.1;1371.9;108079;0
Полюс;D;20120213;0;1385.0;1407.0;1341.0;1365.4;76125;0
Полюс;D;20120214;0;1377.0;1379.6;1329.9;1335.9;42967;0
Полюс;D;20120215;0;1315.9;1343.4;1279.0;1289.5;63330;0
Полюс;D;20120216;0;1275.0;1294.7;1257.2;1261.0;55354;0
Полюс;D;20120217;0;1272.8;1390.0;1262.9;1364.6;240585;0
Полюс;D;20120220;0;1382.4;1448.5;1350.1;1363.9;93759;0
Полюс;D;20120221;0;1377.8;1396.6;1330.0;1339.9;35938;0
Полюс;D;20120222;0;1349.4;1373.2;1315.0;1328.6;30624;0
Полюс;D;20120224;0;1339.9;1345.6;1300.0;1317.3;41342;0
Полюс;D;20120227;0;1328.0;1328.1;1301.2;1310.0;12149;0
Полюс;D;20120228;0;1318.0;1326.9;1306.3;1309.8;8145;0
Полюс;D;20120229;0;1310.3;1347.9;1308.2;1318.7;34334;0
Полюс;D;20120301;0;1309.7;1316.2;1290.2;1297.7;16757;0
Полюс;D;20120302;0;1305.0;1320.3;1290.1;1300.1;20193;0
Полюс;D;20120305;0;1300.0;1309.0;1295.1;1297.3;12770;0
Полюс;D;20120306;0;1298.0;1303.0;1240.0;1240.2;22248;0
Полюс;D;20120307;0;1240.3;1247.0;1220.0;1235.0;17333;0
Полюс;D;20120311;0;1240.0;1269.0;1240.0;1249.0;12210;0
Полюс;D;20120312;0;1257.5;1364.0;1237.0;1304.6;209301;0
Полюс;D;20120313;0;1318.9;1330.0;1282.3;1292.5;32734;0
Полюс;D;20120314;0;1299.7;1305.0;1271.6;1281.7;19548;0
Полюс;D;20120315;0;1292.5;1292.5;1255.0;1279.0;20222;0
Полюс;D;20120316;0;1280.0;1310.5;1273.8;1282.5;21604;0
Полюс;D;20120319;0;1284.2;1286.3;1242.2;1253.0;18720;0
Полюс;D;20120320;0;1245.1;1315.1;1240.3;1247.0;73420;0
Полюс;D;20120321;0;1258.9;1258.9;1222.2;1238.8;16352;0
Полюс;D;20120322;0;1247.5;1247.5;1202.5;1211.6;15172;0
Полюс;D;20120323;0;1216.6;1216.9;1200.0;1214.9;13597;0
Полюс;D;20120326;0;1220.0;1255.0;1210.0;1229.9;24271;0
Полюс;D;20120327;0;1225.4;1289.0;1225.0;1226.0;30557;0
Полюс;D;20120328;0;1232.6;1233.0;1200.1;1202.0;13494;0
Полюс;D;20120329;0;1200.5;1208.1;1157.2;1171.2;19090;0
Полюс;D;20120330;0;1178.8;1216.3;1177.7;1197.9;23920;0
Полюс;D;20120402;0;1199.0;1216.2;1182.9;1204.9;17517;0
Полюс;D;20120403;0;1209.9;1211.1;1192.3;1200.0;11733;0
Полюс;D;20120404;0;1197.5;1199.9;1160.0;1164.0;13894;0
Полюс;D;20120405;0;1175.5;1175.5;1145.0;1157.0;12666;0
Полюс;D;20120406;0;1155.1;1173.5;1150.3;1155.8;6839;0
Полюс;D;20120409;0;1151.0;1167.2;1135.0;1161.9;14830;0
Полюс;D;20120410;0;1163.9;1163.9;1145.0;1152.0;12170;0
Полюс;D;20120411;0;1157.3;1208.9;1157.0;1174.1;51589;0
Полюс;D;20120412;0;1189.0;1198.0;1153.5;1182.5;19942;0
Полюс;D;20120413;0;1183.0;1217.9;1171.9;1187.0;36787;0
Полюс;D;20120416;0;1187.0;1200.0;1170.0;1177.3;7974;0
Полюс;D;20120417;0;1170.5;1197.1;1161.0;1173.9;8274;0
Полюс;D;20120418;0;1183.8;1183.9;1162.3;1168.4;9499;0
Полюс;D;20120419;0;1160.8;1172.6;1150.0;1157.5;13700;0
Полюс;D;20120420;0;1143.8;1161.9;1141.5;1161.0;11255;0
Полюс;D;20120423;0;1161.9;1161.9;1135.0;1139.0;5464;0
Полюс;D;20120424;0;1142.2;1142.2;1111.5;1124.0;8266;0
Полюс;D;20120425;0;1128.9;1143.0;1113.3;1123.9;4435;0
Полюс;D;20120426;0;1125.5;1129.9;1092.1;1093.5;10267;0
Полюс;D;20120427;0;1093.5;1109.0;1020.0;1071.5;13788;0
Полюс;D;20120428;0;1075.0;1090.0;1070.5;1084.7;6119;0
Полюс;D;20120502;0;1100.6;1118.8;1060.1;1064.0;11554;0
Полюс;D;20120503;0;1060.9;1075.8;1038.9;1047.0;7091;0
Полюс;D;20120504;0;1057.4;1059.9;1015.0;1018.9;13710;0
Полюс;D;20120505;0;1020.0;1047.9;1010.0;1032.0;10928;0
Полюс;D;20120507;0;1035.0;1036.3;1002.2;1017.0;4489;0
Полюс;D;20120508;0;1020.0;1030.6;1015.0;1019.3;5810;0
Полюс;D;20120510;0;1050.6;1175.0;1010.0;1114.9;85706;0
Полюс;D;20120511;0;1087.5;1136.0;1035.1;1056.8;41320;0
Полюс;D;20120512;0;1067.5;1116.9;1040.8;1077.0;15223;0
Полюс;D;20120514;0;1085.2;1100.0;1020.0;1020.1;22881;0
Полюс;D;20120515;0;1033.0;1054.8;1007.5;1026.0;29505;0
Полюс;D;20120516;0;1022.3;1075.0;1015.0;1044.9;15317;0
Полюс;D;20120517;0;1047.0;1080.0;1002.4;1013.8;40184;0
Полюс;D;20120518;0;999.5;1039.1;985.0;1013.8;26275;0
Полюс;D;20120521;0;1020.2;1042.9;1015.4;1024.9;12342;0
Полюс;D;20120522;0;1030.3;1037.7;1015.2;1019.9;5363;0
Полюс;D;20120523;0;1010.0;1019.9;998.0;998.0;12670;0
Полюс;D;20120524;0;1004.8;1009.0;990.0;998.5;11359;0
Полюс;D;20120525;0;999.3;1006.0;992.6;995.2;7223;0
Полюс;D;20120528;0;998.7;1050.6;997.0;1007.0;25000;0
Полюс;D;20120529;0;1019.0;1034.9;1000.5;1024.6;13272;0
Полюс;D;20120530;0;1020.1;1020.1;1005.9;1007.5;5619;0
Полюс;D;20120531;0;1010.6;1038.8;1006.0;1008.2;12220;0
Полюс;D;20120601;0;1016.6;1016.6;991.2;1005.0;14361;0
Полюс;D;20120604;0;1000.0;1033.0;994.5;1015.1;15090;0
Полюс;D;20120605;0;1020.6;1029.9;1006.5;1012.1;6634;0
Полюс;D;20120606;0;1021.0;1038.4;1008.4;1029.7;16438;0
Полюс;D;20120607;0;1028.1;1038.5;1023.2;1028.0;19908;0
Полюс;D;20120608;0;1014.1;1029.0;1010.0;1027.9;4090;0
Полюс;D;20120609;0;1039.7;1039.7;1022.1;1026.3;3472;0
Полюс;D;20120613;0;1030.5;1030.5;1014.0;1014.0;9148;0
Полюс;D;20120614;0;1021.0;1021.0;1011.2;1012.0;5705;0
Полюс;D;20120615;0;1017.2;1039.0;1014.0;1023.0;10906;0
Полюс;D;20120618;0;1031.6;1043.2;1015.0;1038.5;23257;0
Полюс;D;20120619;0;1051.6;1108.6;1030.0;1072.5;70499;0
Полюс;D;20120620;0;1079.9;1130.3;1055.0;1055.7;45653;0
Полюс;D;20120621;0;1023.0;1064.6;1023.0;1039.9;13133;0
Полюс;D;20120622;0;1028.0;1035.0;1020.0;1030.0;10966;0
Полюс;D;20120625;0;1030.0;1041.0;1018.0;1018.0;6692;0
Полюс;D;20120626;0;1021.4;1034.7;1020.0;1028.0;6245;0
Полюс;D;20120627;0;1037.0;1056.7;1023.3;1035.2;12019;0
Полюс;D;20120628;0;1037.9;1039.9;1016.5;1021.3;10216;0
Полюс;D;20120629;0;1037.2;1039.3;1027.4;1033.0;7348;0
Полюс;D;20120702;0;1028.0;1048.8;1026.5;1040.1;11853;0
Полюс;D;20120703;0;1044.9;1077.1;1037.4;1057.9;31913;0
Полюс;D;20120704;0;1088.9;1088.9;1047.9;1057.1;11908;0
Полюс;D;20120705;0;1056.0;1065.5;1043.0;1050.0;31578;0
Полюс;D;20120706;0;1049.8;1053.0;1043.0;1043.0;13167;0
Полюс;D;20120709;0;1046.0;1046.0;1030.8;1034.3;4861;0
Полюс;D;20120710;0;1034.3;1065.9;1029.1;1044.0;17382;0
Полюс;D;20120711;0;1045.5;1050.0;1025.6;1027.3;12076;0
Полюс;D;20120712;0;1028.0;1030.0;1007.0;1007.0;15291;0
Полюс;D;20120713;0;1011.0;1027.1;1011.0;1020.9;7566;0
Полюс;D;20120716;0;1020.9;1025.0;1016.7;1016.7;22922;0
Полюс;D;20120717;0;1020.0;1051.0;1011.0;1018.6;53782;0
Полюс;D;20120718;0;1024.4;1026.8;1017.2;1018.2;7834;0
Полюс;D;20120719;0;1020.3;1029.9;1020.0;1020.0;5831;0
Полюс;D;20120720;0;1021.0;1021.0;1009.0;1012.1;7806;0
Полюс;D;20120723;0;1011.0;1011.0;995.0;997.0;17696;0
Полюс;D;20120724;0;1001.0;1004.6;970.0;970.0;32831;0
Полюс;D;20120725;0;971.0;993.3;957.0;957.0;30735;0
Полюс;D;20120726;0;961.8;972.3;958.6;964.9;12359;0
Полюс;D;20120727;0;963.5;973.6;959.0;959.0;14824;0
Полюс;D;20120730;0;957.5;969.9;957.5;966.0;13024;0
Полюс;D;20120731;0;966.0;990.0;960.0;980.3;18061;0
Полюс;D;20120801;0;980.0;985.5;966.0;974.6;12704;0
Полюс;D;20120802;0;973.1;985.0;960.0;970.3;12974;0
Полюс;D;20120803;0;970.3;979.0;966.7;974.0;5478;0
Полюс;D;20120806;0;980.9;981.5;971.0;979.0;8975;0
Полюс;D;20120807;0;980.5;982.0;971.5;977.7;6060;0
Полюс;D;20120808;0;981.3;991.0;974.1;975.0;9610;0
Полюс;D;20120809;0;981.5;983.8;972.3;974.2;6714;0
Полюс;D;20120810;0;975.0;975.0;966.8;973.1;3219;0
Полюс;D;20120813;0;964.5;977.9;964.5;972.1;4590;0
Полюс;D;20120814;0;957.9;975.0;957.9;969.0;6546;0
Полюс;D;20120815;0;970.0;971.3;964.1;965.0;4475;0
Полюс;D;20120816;0;967.4;998.0;964.8;982.7;42411;0
Полюс;D;20120817;0;985.6;997.8;975.0;975.0;14895;0
Полюс;D;20120820;0;980.0;989.9;966.1;968.7;8924;0
Полюс;D;20120821;0;961.5;984.9;961.5;973.2;12103;0
Полюс;D;20120822;0;971.0;977.1;967.3;973.3;6264;0
Полюс;D;20120823;0;979.7;985.0;972.3;974.8;18926;0
Полюс;D;20120824;0;974.3;977.0;970.0;973.4;5101;0
Полюс;D;20120827;0;975.8;977.0;970.5;970.7;3644;0
Полюс;D;20120828;0;972.0;974.8;969.6;973.0;6079;0
Полюс;D;20120829;0;972.8;972.8;967.0;967.0;5947;0
Полюс;D;20120830;0;969.9;987.0;965.0;976.5;18070;0
Полюс;D;20120831;0;983.9;983.9;970.3;971.1;9609;0
Полюс;D;20120903;0;981.4;981.4;970.7;975.1;6945;0
Полюс;D;20120904;0;977.1;980.7;970.8;977.1;12453;0
Полюс;D;20120905;0;977.7;995.6;972.0;975.2;26377;0
Полюс;D;20120906;0;979.8;988.3;975.6;987.8;12271;0
Полюс;D;20120907;0;988.0;992.9;985.0;991.4;13017;0
Полюс;D;20120910;0;992.3;994.6;984.0;988.0;7280;0
Полюс;D;20120911;0;990.0;1142.3;980.0;1046.1;475936;0
Полюс;D;20120912;0;1049.9;1097.0;1022.1;1051.5;149425;0
Полюс;D;20120913;0;1060.0;1119.0;1051.1;1076.0;124973;0
Полюс;D;20120914;0;1105.0;1115.0;1078.3;1093.4;114318;0
Полюс;D;20120917;0;1089.5;1098.8;1050.0;1051.0;37765;0
Полюс;D;20120918;0;1051.0;1067.5;1020.0;1036.2;42047;0
Полюс;D;20120919;0;1035.3;1054.9;1002.0;1039.2;30995;0
Полюс;D;20120920;0;1038.8;1055.0;1020.2;1044.7;20124;0
Полюс;D;20120921;0;1050.1;1063.9;1038.2;1053.0;14182;0
Полюс;D;20120924;0;1050.6;1050.6;1039.0;1045.0;8468;0
Полюс;D;20120925;0;1048.0;1064.9;1045.1;1049.6;13984;0
Полюс;D;20120926;0;1042.7;1049.1;1020.1;1025.0;15451;0
Полюс;D;20120927;0;1031.1;1039.5;1011.0;1033.7;25929;0
Полюс;D;20120928;0;1039.0;1046.9;1030.0;1031.1;10677;0
Полюс;D;20121001;0;1037.7;1046.8;1030.0;1036.8;21335;0
Полюс;D;20121002;0;1039.4;1049.9;1033.3;1040.0;16067;0
Полюс;D;20121003;0;1037.0;1046.0;1029.3;1037.8;12120;0
Полюс;D;20121004;0;1039.9;1040.0;1023.0;1030.0;15925;0
Полюс;D;20121005;0;1040.1;1042.0;1030.1;1032.1;13508;0
Полюс;D;20121008;0;1030.4;1038.7;1025.0;1035.1;11959;0
Полюс;D;20121009;0;1045.0;1045.0;1030.0;1030.0;10414;0
Полюс;D;20121010;0;1030.0;1030.0;1021.0;1024.0;9926;0
Полюс;D;20121011;0;1021.3;1037.7;1021.0;1028.0;9782;0
Полюс;D;20121012;0;1029.0;1069.8;1029.0;1060.2;50761;0
Полюс;D;20121015;0;1059.5;1065.0;1032.3;1041.0;26213;0
Полюс;D;20121016;0;1035.5;1035.5;1013.0;1019.5;53690;0
Полюс;D;20121017;0;1023.0;1023.0;1013.0;1017.1;15704;0
Полюс;D;20121018;0;1017.2;1025.0;1010.1;1012.1;23134;0
Полюс;D;20121019;0;1015.9;1024.9;1014.0;1014.0;7326;0
Полюс;D;20121022;0;1011.4;1019.3;1005.0;1008.7;11517;0
Полюс;D;20121023;0;1013.5;1013.5;993.2;995.0;10805;0
Полюс;D;20121024;0;1001.9;1002.0;984.0;985.1;11372;0
Полюс;D;20121025;0;995.4;1017.7;989.3;991.2;22595;0
Полюс;D;20121026;0;993.6;1010.0;991.6;997.0;14666;0
Полюс;D;20121029;0;997.9;999.9;986.6;987.2;3032;0
Полюс;D;20121030;0;988.0;1009.0;986.8;993.1;5734;0
Полюс;D;20121031;0;997.0;999.7;991.0;991.0;7027;0
Полюс;D;20121101;0;979.0;1004.6;976.0;980.1;13568;0
Полюс;D;20121102;0;987.6;990.7;978.0;986.0;8023;0
Полюс;D;20121106;0;986.0;991.0;975.1;977.6;6278;0
Полюс;D;20121107;0;984.0;991.9;970.7;972.7;16966;0
Полюс;D;20121108;0;960.5;990.0;960.5;966.6;18241;0
Полюс;D;20121109;0;987.0;987.7;962.0;974.3;19520;0
Полюс;D;20121112;0;980.1;984.8;970.1;975.5;10693;0
Полюс;D;20121113;0;970.0;977.3;950.0;951.1;7314;0
Полюс;D;20121114;0;960.0;969.3;930.0;943.0;13722;0
Полюс;D;20121115;0;943.0;943.0;928.0;935.0;10513;0
Полюс;D;20121116;0;937.4;937.4;923.3;928.9;3935;0
Полюс;D;20121119;0;932.9;940.0;920.1;929.3;4270;0
Полюс;D;20121120;0;931.2;938.7;916.0;921.4;5609;0
Полюс;D;20121121;0;924.4;949.2;917.7;933.5;16337;0
Полюс;D;20121122;0;935.0;935.0;929.0;931.8;5203;0
Полюс;D;20121123;0;931.8;932.9;925.1;932.3;3296;0
Полюс;D;20121126;0;932.6;938.0;926.2;927.4;7838;0
Полюс;D;20121127;0;935.1;937.0;787.6;916.7;19722;0
Полюс;D;20121128;0;931.5;931.5;905.0;908.8;9059;0
Полюс;D;20121129;0;877.0;927.6;877.0;910.0;5588;0
Полюс;D;20121130;0;911.5;936.0;905.3;935.0;8850;0
Полюс;D;20121203;0;935.0;947.0;925.1;936.0;8425;0
Полюс;D;20121204;0;935.5;944.9;915.0;915.2;7541;0
Полюс;D;20121205;0;939.8;944.0;919.4;925.1;7344;0
Полюс;D;20121206;0;925.0;929.9;916.5;927.7;6035;0
Полюс;D;20121207;0;920.5;929.4;916.1;921.9;6868;0
Полюс;D;20121210;0;937.9;937.9;900.7;917.6;11233;0
Полюс;D;20121211;0;916.0;924.4;914.0;917.1;6570;0
Полюс;D;20121212;0;934.7;934.7;918.5;920.7;5806;0
Полюс;D;20121213;0;920.7;925.3;915.2;918.5;7264;0
Полюс;D;20121214;0;917.9;919.7;915.0;916.8;5078;0
Полюс;D;20121217;0;917.1;919.6;911.6;914.0;4676;0
Полюс;D;20121218;0;914.2;918.4;912.1;913.8;4634;0
Полюс;D;20121219;0;917.0;924.0;910.1;913.2;7135;0
Полюс;D;20121220;0;913.0;913.8;905.5;906.3;8271;0
Полюс;D;20121221;0;921.5;921.5;900.4;903.4;11904;0
Полюс;D;20121224;0;903.4;906.6;901.0;902.6;4886;0
Полюс;D;20121225;0;900.1;905.6;895.1;901.1;10441;0
Полюс;D;20121226;0;902.1;904.9;896.0;897.6;6809;0
Полюс;D;20121227;0;897.6;906.1;892.0;899.1;19503;0
Полюс;D;20121228;0;899.9;915.7;898.2;907.0;18462;0
Полюс;D;20130108;0;910.0;932.0;883.1;926.8;15042;0
Полюс;D;20130109;0;913.3;997.0;913.3;972.5;82661;0
Полюс;D;20130110;0;973.2;1034.8;953.3;995.0;87995;0
Полюс;D;20130111;0;995.7;1031.8;985.0;991.0;41965;0
Полюс;D;20130114;0;995.1;1010.0;980.0;989.6;27384;0
Полюс;D;20130115;0;990.0;1007.0;980.0;989.0;29208;0
Полюс;D;20130116;0;990.1;1007.0;990.0;992.0;19489;0
Полюс;D;20130117;0;993.9;1000.0;990.1;996.9;18401;0
Полюс;D;20130118;0;998.1;1044.4;993.6;1034.8;121794;0
Полюс;D;20130121;0;1031.4;1062.0;1031.4;1036.8;27738;0
Полюс;D;20130122;0;1114.9;1114.9;1036.9;1050.6;85341;0
Полюс;D;20130123;0;1045.2;1111.6;1045.2;1091.6;112695;0
Полюс;D;20130124;0;1091.6;1200.0;1091.6;1136.9;297971;0
Полюс;D;20130125;0;1149.5;1170.0;1080.0;1118.6;166166;0
Полюс;D;20130128;0;1120.0;1177.4;1118.9;1156.0;114359;0
Полюс;D;20130129;0;1160.0;1183.6;1160.0;1174.0;82040;0
Полюс;D;20130130;0;1184.9;1199.0;1175.0;1196.9;87052;0
Полюс;D;20130131;0;1195.0;1295.0;1160.0;1252.0;267904;0
Полюс;D;20130201;0;1259.8;1310.0;1212.0;1219.9;129227;0
Полюс;D;20130204;0;1250.0;1297.0;1216.3;1253.8;61060;0
Полюс;D;20130205;0;1256.1;1270.0;1216.0;1255.9;47847;0
Полюс;D;20130206;0;1260.0;1277.7;1220.0;1240.9;40283;0
Полюс;D;20130207;0;1197.6;1247.2;1182.1;1205.0;55163;0
Полюс;D;20130208;0;1205.0;1223.8;1133.8;1137.5;51938;0
Полюс;D;20130211;0;1139.8;1165.0;1110.2;1152.9;50601;0
Полюс;D;20130212;0;1152.5;1164.7;1133.4;1149.9;16695;0
Полюс;D;20130213;0;1150.0;1163.4;1133.5;1143.4;20279;0
Полюс;D;20130214;0;1145.0;1149.9;1116.0;1146.9;21779;0
Полюс;D;20130215;0;1150.5;1151.4;1116.0;1139.0;15272;0
Полюс;D;20130218;0;1138.9;1140.0;1107.9;1115.0;10910;0
Полюс;D;20130219;0;1119.6;1120.7;1105.0;1106.1;10169;0
Полюс;D;20130220;0;1105.0;1109.8;1052.0;1072.8;28813;0
Полюс;D;20130221;0;1069.0;1069.0;1025.3;1034.2;16397;0
Полюс;D;20130222;0;1039.9;1117.0;1034.1;1069.9;62237;0
Полюс;D;20130225;0;1077.1;1117.9;1070.0;1081.0;45658;0
Полюс;D;20130226;0;1080.1;1097.9;1070.1;1072.4;20053;0
Полюс;D;20130227;0;1080.0;1089.9;1057.2;1062.5;18256;0
Полюс;D;20130228;0;1067.0;1076.5;1043.7;1045.1;9959;0
Полюс;D;20130301;0;1027.0;1046.6;1019.0;1026.3;11605;0
Полюс;D;20130304;0;1025.0;1041.9;1000.0;1007.5;14351;0
Полюс;D;20130305;0;1007.8;1020.0;1006.3;1014.0;10310;0
Полюс;D;20130306;0;1020.0;1030.0;1013.1;1022.1;7668;0
Полюс;D;20130307;0;1022.9;1033.0;1014.9;1026.1;8153;0
Полюс;D;20130311;0;1061.5;1061.5;1024.0;1038.1;19651;0
Полюс;D;20130312;0;1037.7;1091.0;1037.7;1091.0;43864;0
Полюс;D;20130313;0;1095.0;1155.0;1077.0;1150.3;90118;0
Полюс;D;20130314;0;1155.0;1240.0;1152.0;1236.0;75318;0
Полюс;D;20130315;0;1240.3;1255.0;1130.0;1170.1;97987;0
Полюс;D;20130318;0;1170.5;1219.6;1095.7;1178.5;75965;0
Полюс;D;20130319;0;1178.8;1180.0;1155.5;1160.0;14517;0
Полюс;D;20130320;0;1160.1;1175.0;1122.0;1139.1;14784;0
Полюс;D;20130321;0;1149.3;1149.3;1110.0;1114.1;10918;0
Полюс;D;20130322;0;1074.6;1144.5;1074.6;1099.9;17971;0
Полюс;D;20130325;0;1111.0;1147.0;1070.0;1079.6;10796;0
Полюс;D;20130326;0;1037.5;1083.0;1030.0;1034.9;15184;0
Полюс;D;20130327;0;1032.6;1093.0;1025.1;1059.2;20652;0
Полюс;D;20130328;0;1050.1;1074.0;1045.0;1060.6;13662;0
Полюс;D;20130329;0;1104.1;1104.1;1038.7;1048.7;11971;0
Полюс;D;20130401;0;1049.9;1055.0;1040.0;1046.6;3623;0
Полюс;D;20130402;0;1042.8;1059.9;1035.1;1037.3;8917;0
Полюс;D;20130403;0;1035.0;1045.5;1020.0;1027.3;7898;0
Полюс;D;20130404;0;1023.9;1026.8;1015.3;1020.9;8175;0
Полюс;D;20130405;0;1024.1;1024.7;1009.5;1014.4;10512;0
Полюс;D;20130408;0;1008.2;1080.5;1008.2;1016.8;18736;0
Полюс;D;20130409;0;1020.5;1049.0;908.0;1013.7;17968;0
Полюс;D;20130410;0;1013.4;1021.0;1001.7;1005.2;8637;0
Полюс;D;20130411;0;1149.9;1149.9;1000.0;1008.0;7594;0
Полюс;D;20130412;0;1000.0;1010.9;983.7;991.0;7571;0
Полюс;D;20130415;0;981.1;1002.7;920.1;940.7;24878;0
Полюс;D;20130416;0;898.9;962.0;898.9;957.9;16819;0
Полюс;D;20130417;0;940.2;961.9;915.0;923.3;8132;0
Полюс;D;20130418;0;923.3;934.5;913.0;924.1;4929;0
Полюс;D;20130419;0;927.0;934.0;907.7;914.5;6984;0
Полюс;D;20130422;0;915.3;929.0;915.0;917.0;9245;0
Полюс;D;20130423;0;910.1;913.8;900.0;906.0;8608;0
Полюс;D;20130424;0;903.0;927.0;900.1;919.0;17588;0
Полюс;D;20130425;0;919.0;979.7;916.1;963.1;45846;0
Полюс;D;20130426;0;966.1;987.9;958.3;975.0;16443;0
Полюс;D;20130429;0;970.5;995.0;965.1;973.6;11196;0
Полюс;D;20130430;0;982.0;987.7;930.7;967.0;15644;0
Полюс;D;20130502;0;967.0;976.3;950.7;951.0;5331;0
Полюс;D;20130503;0;961.9;980.0;949.0;972.5;4825;0
Полюс;D;20130506;0;976.8;976.9;965.0;971.1;2597;0
Полюс;D;20130507;0;970.0;970.0;952.1;960.1;5678;0
Полюс;D;20130508;0;960.0;969.7;956.0;960.0;6695;0
Полюс;D;20130510;0;958.0;977.7;955.3;964.0;1679;0
Полюс;D;20130513;0;986.9;986.9;905.0;942.1;7214;0
Полюс;D;20130514;0;941.1;952.7;940.0;944.1;4527;0
Полюс;D;20130515;0;947.3;947.3;928.0;929.2;3175;0
Полюс;D;20130516;0;979.5;979.5;925.0;954.0;7608;0
Полюс;D;20130517;0;950.1;970.0;939.6;959.9;8599;0
Полюс;D;20130520;0;953.5;980.0;947.1;953.3;6397;0
Полюс;D;20130521;0;962.5;962.5;940.0;952.2;5773;0
Полюс;D;20130522;0;953.0;961.0;947.0;955.2;6838;0
Полюс;D;20130523;0;946.3;999.5;940.0;974.9;28729;0
Полюс;D;20130524;0;980.0;992.4;942.0;952.6;10533;0
Полюс;D;20130527;0;916.0;964.7;916.0;949.5;3137;0
Полюс;D;20130528;0;949.2;955.0;945.0;948.5;4047;0
Полюс;D;20130529;0;944.0;946.5;932.0;937.8;3175;0
Полюс;D;20130530;0;939.7;947.9;925.0;937.0;8088;0
Полюс;D;20130531;0;947.0;947.0;928.1;942.8;4623;0
Полюс;D;20130603;0;936.0;940.6;914.3;927.9;17818;0
Полюс;D;20130604;0;939.5;939.5;917.8;920.3;2605;0
Полюс;D;20130605;0;917.8;924.5;900.0;907.0;6634;0
Полюс;D;20130606;0;905.3;914.7;900.3;914.7;4125;0
Полюс;D;20130607;0;910.5;916.0;910.5;914.8;2570;0
Полюс;D;20130610;0;913.1;917.0;909.4;911.0;2799;0
Полюс;D;20130611;0;906.6;913.0;884.0;886.5;8188;0
Полюс;D;20130613;0;883.0;894.7;800.0;847.1;23245;0
Полюс;D;20130614;0;858.2;867.0;848.0;858.7;5113;0
Полюс;D;20130617;0;908.5;908.5;850.9;858.9;3801;0
Полюс;D;20130618;0;862.5;873.0;860.0;864.0;4442;0
Полюс;D;20130619;0;876.0;876.0;854.0;857.8;2069;0
Полюс;D;20130620;0;848.2;848.2;832.6;837.0;6282;0
Полюс;D;20130621;0;833.0;839.0;831.7;836.4;5753;0
Полюс;D;20130624;0;836.4;836.4;825.0;828.9;2896;0
Полюс;D;20130625;0;828.9;835.0;822.0;826.7;3859;0
Полюс;D;20130626;0;825.0;827.0;820.2;826.9;4479;0
Полюс;D;20130627;0;829.2;831.9;820.0;824.4;3174;0
Полюс;D;20130628;0;820.0;827.9;815.0;827.5;5816;0
Полюс;D;20130701;0;827.0;875.0;827.0;865.3;28769;0
Полюс;D;20130702;0;870.9;875.0;825.0;853.9;11227;0
Полюс;D;20130703;0;850.0;852.6;831.1;839.0;3459;0
Полюс;D;20130704;0;841.1;865.7;832.1;846.8;9916;0
Полюс;D;20130705;0;846.8;859.0;831.1;834.9;5825;0
Полюс;D;20130708;0;838.0;856.0;838.0;845.8;8161;0
Полюс;D;20130709;0;846.0;852.7;840.0;844.7;7330;0
Полюс;D;20130710;0;844.8;849.6;839.0;843.7;7979;0
Полюс;D;20130711;0;864.0;875.0;850.0;857.6;17351;0
Полюс;D;20130712;0;865.0;869.9;855.1;858.3;7045;0
Полюс;D;20130715;0;858.9;919.0;858.5;903.2;23413;0
Полюс;D;20130716;0;900.0;935.0;880.0;895.0;26643;0
Полюс;D;20130717;0;895.0;918.0;895.0;910.8;8376;0
Полюс;D;20130718;0;905.9;912.3;891.2;898.6;7714;0
Полюс;D;20130719;0;912.0;912.0;898.0;903.4;3031;0
Полюс;D;20130722;0;907.6;940.0;907.0;920.8;12800;0
Полюс;D;20130723;0;926.6;938.9;905.1;913.4;21686;0
Полюс;D;20130724;0;916.2;916.2;900.0;904.1;4796;0
Полюс;D;20130725;0;907.8;911.6;878.2;882.0;11045;0
Полюс;D;20130726;0;885.0;890.0;865.6;870.8;6985;0
Полюс;D;20130729;0;890.9;890.9;855.2;869.0;4963;0
Полюс;D;20130730;0;871.5;877.7;801.0;860.1;13749;0
Полюс;D;20130731;0;860.0;867.0;853.1;856.4;19261;0
Полюс;D;20130801;0;863.8;869.8;854.0;868.8;9114;0
Полюс;D;20130802;0;860.6;868.7;853.5;864.9;3874;0
Полюс;D;20130805;0;866.0;866.0;850.5;850.5;2226;0
Полюс;D;20130806;0;851.0;857.2;841.1;841.7;4579;0
Полюс;D;20130807;0;841.8;846.8;830.4;844.6;2541;0
Полюс;D;20130808;0;848.7;849.0;839.9;840.4;3535;0
Полюс;D;20130809;0;844.9;868.9;840.8;856.5;8882;0
Полюс;D;20130812;0;863.7;897.0;860.0;877.3;14402;0
Полюс;D;20130813;0;863.5;905.0;863.5;881.0;30621;0
Полюс;D;20130814;0;879.0;888.0;870.0;887.3;12381;0
Полюс;D;20130815;0;885.0;889.7;875.0;883.0;4251;0
Полюс;D;20130816;0;888.9;924.6;885.5;890.0;18851;0
Полюс;D;20130819;0;889.5;897.0;880.5;888.4;4748;0
Полюс;D;20130820;0;881.3;905.0;859.8;859.8;10275;0
Полюс;D;20130821;0;860.3;874.7;850.0;872.7;7276;0
Полюс;D;20130822;0;870.0;889.4;860.6;884.7;7061;0
Полюс;D;20130823;0;883.0;915.0;879.9;915.0;20812;0
Полюс;D;20130826;0;915.0;919.0;905.1;909.0;8825;0
Полюс;D;20130827;0;909.0;909.0;890.0;896.1;5439;0
Полюс;D;20130828;0;899.9;903.0;888.0;896.0;4305;0
Полюс;D;20130829;0;900.0;925.2;892.9;925.2;11627;0
Полюс;D;20130830;0;920.0;930.0;900.1;904.9;6041;0
Полюс;D;20130902;0;902.0;913.5;901.0;904.1;1855;0
Полюс;D;20130903;0;902.0;905.1;891.0;898.0;1529;0
Полюс;D;20130904;0;898.0;900.4;887.3;900.0;1484;0
Полюс;D;20130905;0;900.0;907.1;889.0;903.6;5107;0
Полюс;D;20130906;0;903.3;915.5;895.0;899.5;2533;0
Полюс;D;20130909;0;899.0;906.8;898.0;903.5;4643;0
Полюс;D;20130910;0;901.0;910.5;899.5;901.0;3921;0
Полюс;D;20130911;0;900.1;900.1;890.0;892.7;5010;0
Полюс;D;20130912;0;892.7;899.9;890.1;895.2;2115;0
Полюс;D;20130913;0;893.9;899.2;890.2;890.4;3016;0
Полюс;D;20130916;0;892.0;895.8;889.4;892.5;3055;0
Полюс;D;20130917;0;915.3;917.7;895.5;900.0;13369;0
Полюс;D;20130918;0;900.0;903.0;894.6;896.2;2617;0
Полюс;D;20130919;0;905.5;913.5;875.5;903.5;11789;0
Полюс;D;20130920;0;909.9;909.9;891.0;900.1;4593;0
Полюс;D;20130923;0;920.1;920.1;891.9;916.9;7196;0
Полюс;D;20130924;0;918.0;923.9;905.5;906.3;7390;0
Полюс;D;20130925;0;910.0;914.5;900.0;912.7;7084;0
Полюс;D;20130926;0;910.0;911.1;904.0;909.8;2752;0
Полюс;D;20130927;0;912.8;912.8;901.0;901.9;2806;0
Полюс;D;20130930;0;900.3;902.6;892.0;893.0;4624;0
Полюс;D;20131001;0;904.5;908.4;890.8;897.3;6402;0
Полюс;D;20131002;0;897.0;907.7;893.7;906.0;5249;0
Полюс;D;20131003;0;901.0;904.1;896.0;899.6;3126;0
Полюс;D;20131004;0;904.0;904.0;895.1;896.6;1447;0
Полюс;D;20131007;0;901.1;909.0;895.0;905.7;3418;0
Полюс;D;20131008;0;898.0;911.9;898.0;905.1;2503;0
Полюс;D;20131009;0;906.6;906.7;896.8;901.4;1684;0
Полюс;D;20131010;0;901.8;903.8;897.0;897.1;2150;0
Полюс;D;20131011;0;898.9;900.0;884.0;887.4;4957;0
Полюс;D;20131014;0;885.2;902.8;878.0;895.2;10636;0
Полюс;D;20131015;0;898.6;898.7;893.0;895.9;1495;0
Полюс;D;20131016;0;909.4;909.4;888.3;890.0;1916;0
Полюс;D;20131017;0;885.6;895.7;880.0;894.8;3566;0
Полюс;D;20131018;0;900.2;900.2;886.3;888.0;2516;0
Полюс;D;20131021;0;890.5;908.0;883.5;889.2;7908;0
Полюс;D;20131022;0;890.7;890.7;881.2;883.8;7352;0
Полюс;D;20131023;0;885.0;890.0;883.9;886.0;4011;0
Полюс;D;20131024;0;881.6;889.9;875.0;876.6;5237;0
Полюс;D;20131025;0;877.9;880.0;868.0;870.0;8019;0
Полюс;D;20131028;0;874.4;880.5;870.4;876.5;3859;0
Полюс;D;20131029;0;877.8;877.8;862.5;866.1;8856;0
Полюс;D;20131030;0;867.3;880.0;858.0;860.5;8170;0
Полюс;D;20131031;0;860.4;862.0;850.0;851.2;7941;0
Полюс;D;20131101;0;850.0;858.6;846.7;850.0;5869;0
Полюс;D;20131105;0;850.1;858.9;848.0;855.0;14871;0
Полюс;D;20131106;0;856.1;856.5;851.1;853.4;4646;0
Полюс;D;20131107;0;853.0;860.0;850.0;855.3;9134;0
Полюс;D;20131108;0;855.5;869.9;851.2;863.3;20764;0
Полюс;D;20131111;0;865.0;873.5;855.5;869.0;10776;0
Полюс;D;20131112;0;867.5;871.3;855.4;857.1;9121;0
Полюс;D;20131113;0;850.3;852.9;835.0;841.7;13186;0
Полюс;D;20131114;0;834.2;845.0;832.0;843.0;5618;0
Полюс;D;20131115;0;846.3;846.3;835.2;838.4;5061;0
Полюс;D;20131118;0;838.4;838.4;835.0;835.4;4507;0
Полюс;D;20131119;0;835.0;835.8;831.2;833.4;2518;0
Полюс;D;20131120;0;832.8;837.4;826.3;832.0;6776;0
Полюс;D;20131121;0;829.5;829.5;824.0;825.5;3969;0
Полюс;D;20131122;0;850.6;850.6;819.0;821.7;3690;0
Полюс;D;20131125;0;825.0;827.4;818.0;821.9;3131;0
Полюс;D;20131126;0;822.0;823.5;818.0;821.1;3183;0
Полюс;D;20131127;0;824.9;824.9;805.0;806.9;5433;0
Полюс;D;20131128;0;670.0;809.0;670.0;805.1;3439;0
Полюс;D;20131129;0;805.7;810.0;790.0;810.0;3947;0
Полюс;D;20131202;0;810.0;816.8;797.9;810.8;4556;0
Полюс;D;20131203;0;852.0;852.0;796.6;802.0;2399;0
Полюс;D;20131204;0;798.2;799.8;777.9;790.0;6846;0
Полюс;D;20131205;0;790.0;791.0;783.5;788.2;4242;0
Полюс;D;20131206;0;788.0;790.0;777.0;790.0;1923;0
Полюс;D;20131209;0;790.0;798.0;787.1;789.5;3229;0
Полюс;D;20131210;0;790.0;799.0;781.8;789.5;2009;0
Полюс;D;20131211;0;789.9;793.0;783.6;789.0;3185;0
Полюс;D;20131212;0;787.8;787.8;777.0;784.9;2527;0
Полюс;D;20131213;0;784.6;802.8;771.0;801.9;6374;0
Полюс;D;20131216;0;801.1;801.1;788.0;796.3;2393;0
Полюс;D;20131217;0;799.1;800.0;790.0;793.8;2154;0
Полюс;D;20131218;0;794.0;794.0;782.0;789.0;3387;0
Полюс;D;20131219;0;787.0;796.5;782.0;788.0;7497;0
Полюс;D;20131220;0;785.5;805.5;785.5;795.3;12712;0
Полюс;D;20131223;0;795.3;802.0;785.7;789.0;5547;0
Полюс;D;20131224;0;789.0;793.0;774.0;779.7;16754;0
Полюс;D;20131225;0;776.0;782.7;776.0;782.4;7879;0
Полюс;D;20131226;0;783.0;783.0;776.9;778.0;3925;0
Полюс;D;20131227;0;786.6;786.6;768.0;779.7;5954;0
Полюс;D;20131230;0;783.0;785.5;777.0;778.5;8052;0
Полюс;D;20140106;0;784.9;805.0;780.6;781.0;5557;0
Полюс;D;20140108;0;790.0;806.0;788.8;795.7;11694;0
Полюс;D;20140109;0;796.0;802.0;777.9;787.7;8282;0
Полюс;D;20140110;0;784.5;789.7;779.0;788.3;3212;0
Полюс;D;20140113;0;785.0;791.1;781.7;788.0;4950;0
Полюс;D;20140114;0;790.0;791.7;782.2;786.0;2110;0
Полюс;D;20140115;0;786.0;806.6;782.2;806.6;8069;0
Полюс;D;20140116;0;806.0;808.4;792.6;798.2;4974;0
Полюс;D;20140117;0;798.1;800.3;793.0;795.7;2576;0
Полюс;D;20140120;0;795.8;805.0;795.8;801.5;5498;0
Полюс;D;20140121;0;804.9;804.9;789.0;796.7;7427;0
Полюс;D;20140122;0;798.4;798.4;784.0;787.8;4116;0
Полюс;D;20140123;0;785.5;791.0;784.0;789.8;1892;0
Полюс;D;20140124;0;790.0;797.7;783.2;789.4;9412;0
Полюс;D;20140127;0;790.9;790.9;784.7;787.1;1710;0
Полюс;D;20140128;0;788.4;788.4;777.0;777.6;5189;0
Полюс;D;20140129;0;775.6;783.3;773.0;773.5;6150;0
Полюс;D;20140130;0;775.0;777.0;747.1;749.1;19931;0
Полюс;D;20140131;0;745.6;757.0;696.0;705.0;42411;0
Полюс;D;20140203;0;705.0;717.2;701.0;710.0;12583;0
Полюс;D;20140204;0;710.0;742.1;700.0;729.9;15881;0
Полюс;D;20140205;0;692.8;734.9;692.8;726.9;8700;0
Полюс;D;20140206;0;763.5;763.5;717.1;720.8;5901;0
Полюс;D;20140207;0;721.0;728.2;715.1;725.5;9790;0
Полюс;D;20140210;0;726.0;728.0;721.2;724.5;1536;0
Полюс;D;20140211;0;730.9;743.0;725.0;730.0;7706;0
Полюс;D;20140212;0;732.0;745.0;730.1;738.7;9034;0
Полюс;D;20140213;0;735.0;744.0;725.2;730.4;4209;0
Полюс;D;20140214;0;724.2;748.4;724.2;744.9;19248;0
Полюс;D;20140217;0;745.2;774.8;745.2;773.0;28117;0
Полюс;D;20140218;0;775.5;805.0;770.0;787.2;27829;0
Полюс;D;20140219;0;780.0;789.9;742.0;758.0;12107;0
Полюс;D;20140220;0;750.5;795.0;742.2;760.0;8997;0
Полюс;D;20140221;0;769.8;770.0;755.3;764.0;1784;0
Полюс;D;20140224;0;806.0;806.0;759.0;776.3;5432;0
Полюс;D;20140225;0;778.4;779.0;770.0;774.7;3698;0
Полюс;D;20140226;0;774.9;778.5;754.6;760.2;5387;0
Полюс;D;20140227;0;764.8;764.8;736.0;740.0;7265;0
Полюс;D;20140228;0;740.0;740.0;670.0;719.9;17241;0
Полюс;D;20140303;0;697.0;697.0;650.0;655.1;26725;0
Полюс;D;20140304;0;663.0;683.0;650.0;680.8;8263;0
Полюс;D;20140305;0;682.4;696.8;672.1;685.0;5541;0
Полюс;D;20140306;0;683.1;690.0;648.0;666.6;31091;0
Полюс;D;20140307;0;665.6;667.9;651.0;660.4;8792;0
Полюс;D;20140311;0;660.0;665.0;650.1;654.3;6915;0
Полюс;D;20140312;0;652.0;680.0;620.0;625.8;25933;0
Полюс;D;20140313;0;625.0;627.4;593.1;603.0;11231;0
Полюс;D;20140314;0;599.5;599.5;521.3;594.9;24227;0
Полюс;D;20140317;0;580.1;629.7;565.2;624.9;12891;0
Полюс;D;20140318;0;622.5;642.0;620.0;641.5;7724;0
Полюс;D;20140319;0;641.5;650.0;625.8;636.0;11229;0
Полюс;D;20140320;0;630.5;632.5;612.9;613.0;16315;0
Полюс;D;20140321;0;608.4;613.0;568.0;591.5;34994;0
Полюс;D;20140324;0;598.5;610.0;570.0;580.0;19986;0
Полюс;D;20140325;0;577.8;586.9;575.0;580.5;7516;0
Полюс;D;20140326;0;590.1;598.0;580.6;583.9;14866;0
Полюс;D;20140327;0;585.0;586.9;574.0;581.5;13375;0
Полюс;D;20140328;0;580.1;584.0;570.0;575.9;13689;0
Полюс;D;20140331;0;571.5;583.8;571.5;578.4;9630;0
Полюс;D;20140401;0;575.7;592.0;572.4;574.6;14364;0
Полюс;D;20140402;0;575.0;575.5;516.0;562.9;21277;0
Полюс;D;20140403;0;566.9;579.9;551.0;562.0;28587;0
Полюс;D;20140404;0;564.1;564.6;558.1;561.0;6281;0
Полюс;D;20140407;0;559.4;559.4;542.1;548.9;15395;0
Полюс;D;20140408;0;577.0;577.0;547.1;547.1;11441;0
Полюс;D;20140409;0;554.5;573.9;545.1;571.0;26957;0
Полюс;D;20140410;0;571.1;576.0;560.0;562.0;9624;0
Полюс;D;20140411;0;562.0;573.0;560.0;572.0;12575;0
Полюс;D;20140414;0;563.0;576.7;556.2;572.2;34631;0
Полюс;D;20140415;0;571.0;572.0;552.0;553.0;28568;0
Полюс;D;20140416;0;553.0;556.9;549.8;553.6;4134;0
Полюс;D;20140417;0;553.6;561.8;550.0;552.9;8273;0
Полюс;D;20140418;0;560.3;560.6;550.0;556.6;6166;0
Полюс;D;20140421;0;556.7;556.7;550.0;552.0;7063;0
Полюс;D;20140422;0;550.1;550.1;539.3;542.8;11858;0
Полюс;D;20140423;0;543.9;544.9;530.0;532.0;6089;0
Полюс;D;20140424;0;531.4;537.1;514.0;523.0;18043;0
Полюс;D;20140425;0;523.2;523.2;510.0;518.6;8861;0
Полюс;D;20140428;0;514.8;540.2;514.5;532.0;24074;0
Полюс;D;20140429;0;524.3;539.0;524.3;531.0;7029;0
Полюс;D;20140430;0;533.5;540.6;528.6;531.2;5028;0
Полюс;D;20140502;0;537.0;537.0;526.2;529.8;1145;0
Полюс;D;20140505;0;534.9;539.8;530.0;535.0;3213;0
Полюс;D;20140506;0;537.1;545.5;529.9;542.7;10058;0
Полюс;D;20140507;0;538.5;547.8;537.8;541.1;8174;0
Полюс;D;20140508;0;540.5;543.3;533.7;537.9;4495;0
Полюс;D;20140512;0;542.7;542.7;531.1;535.9;3838;0
Полюс;D;20140513;0;539.0;540.6;535.1;538.0;5112;0
Полюс;D;20140514;0;538.1;539.2;534.9;537.6;3884;0
Полюс;D;20140515;0;538.6;539.0;526.7;527.7;27352;0
Полюс;D;20140516;0;524.2;527.4;519.2;522.2;9847;0
Полюс;D;20140519;0;524.4;531.4;522.9;527.6;4835;0
Полюс;D;20140520;0;528.5;528.5;524.0;526.7;4536;0
Полюс;D;20140521;0;526.0;532.5;515.0;525.0;10132;0
Полюс;D;20140522;0;526.0;529.1;522.5;526.9;5677;0
Полюс;D;20140523;0;493.6;531.0;493.6;525.4;8206;0
Полюс;D;20140526;0;530.0;531.7;524.0;530.6;11539;0
Полюс;D;20140527;0;529.9;530.0;519.1;520.1;6307;0
Полюс;D;20140528;0;523.3;523.4;518.0;518.3;6960;0
Полюс;D;20140529;0;520.9;521.0;518.0;519.0;4558;0
Полюс;D;20140530;0;520.9;520.9;515.2;518.3;3839;0
Полюс;D;20140602;0;517.7;524.0;516.0;517.6;6992;0
Полюс;D;20140603;0;519.8;520.9;517.5;519.2;2557;0
Полюс;D;20140604;0;519.2;520.9;500.0;517.0;8124;0
Полюс;D;20140605;0;519.2;519.2;512.7;513.1;3709;0
Полюс;D;20140606;0;515.8;516.6;509.9;513.7;12654;0
Полюс;D;20140609;0;514.7;514.9;510.1;511.6;7686;0
Полюс;D;20140610;0;513.3;513.9;504.0;507.0;11410;0
Полюс;D;20140611;0;508.0;525.0;507.0;512.8;24528;0
Полюс;D;20140616;0;477.6;525.0;477.6;517.0;13178;0
Полюс;D;20140617;0;549.0;549.0;512.0;513.1;7502;0
Полюс;D;20140618;0;513.1;513.3;507.4;511.2;13739;0
Полюс;D;20140619;0;511.5;515.0;502.5;502.5;37300;0
Полюс;D;20140620;0;505.0;513.0;501.0;504.6;40861;0
Полюс;D;20140623;0;505.0;508.9;501.0;502.0;12107;0
Полюс;D;20140624;0;509.0;509.0;493.0;499.7;26728;0
Полюс;D;20140625;0;502.0;502.0;481.1;484.8;43112;0
Полюс;D;20140626;0;484.8;489.9;473.3;478.9;44231;0
Полюс;D;20140627;0;479.8;488.0;477.8;483.0;13604;0
Полюс;D;20140630;0;487.1;487.1;477.1;482.0;5049;0
Полюс;D;20140701;0;478.8;487.4;478.8;485.2;18706;0
Полюс;D;20140702;0;493.1;493.1;480.0;482.0;10889;0
Полюс;D;20140703;0;483.2;484.8;478.0;479.7;10749;0
Полюс;D;20140704;0;478.1;481.7;475.0;478.0;8652;0
Полюс;D;20140707;0;480.7;481.4;475.3;481.3;7128;0
Полюс;D;20140708;0;482.8;484.0;479.3;480.1;10475;0
Полюс;D;20140709;0;480.6;481.6;476.2;481.2;4176;0
Полюс;D;20140710;0;480.4;481.9;476.4;477.2;11920;0
Полюс;D;20140711;0;478.5;479.6;476.6;477.2;3126;0
Полюс;D;20140714;0;527.3;527.3;472.0;473.0;9688;0
Полюс;D;20140715;0;472.1;474.5;454.0;465.9;34082;0
Полюс;D;20140716;0;462.8;506.5;462.2;506.0;85087;0
Полюс;D;20140717;0;500.1;524.0;481.1;524.0;62470;0
Полюс;D;20140718;0;521.8;541.5;513.0;519.9;47762;0
Полюс;D;20140721;0;516.4;528.8;495.0;496.0;22948;0
Полюс;D;20140722;0;505.1;505.1;490.0;504.7;9839;0
Полюс;D;20140723;0;507.6;515.0;504.5;515.0;15225;0
Полюс;D;20140724;0;511.7;515.0;490.1;500.8;12757;0
Полюс;D;20140725;0;503.8;504.8;497.5;500.5;3343;0
Полюс;D;20140728;0;493.3;508.4;489.4;490.4;10875;0
Полюс;D;20140729;0;493.6;493.6;480.0;489.7;8208;0
Полюс;D;20140730;0;489.9;491.6;480.2;481.2;4902;0
Полюс;D;20140731;0;481.6;487.9;478.0;482.1;6359;0
Полюс;D;20140801;0;480.0;483.7;478.4;481.5;8050;0
Полюс;D;20140804;0;480.2;487.8;480.0;485.5;4330;0
Полюс;D;20140805;0;490.0;490.0;482.5;488.0;2959;0
Полюс;D;20140806;0;485.6;498.0;480.0;496.5;6395;0
Полюс;D;20140807;0;496.2;498.8;480.0;485.6;12848;0
Полюс;D;20140808;0;487.9;492.0;485.0;489.1;4971;0
Полюс;D;20140811;0;489.6;504.9;489.6;495.4;6491;0
Полюс;D;20140812;0;496.0;496.0;490.0;490.0;2663;0
Полюс;D;20140813;0;489.1;497.5;489.1;497.5;4522;0
Полюс;D;20140814;0;496.5;496.5;491.3;496.0;3580;0
Полюс;D;20140815;0;495.9;496.0;490.1;492.9;8129;0
Полюс;D;20140818;0;494.8;495.9;488.1;489.0;2278;0
Полюс;D;20140819;0;489.1;492.5;487.0;488.7;3761;0
Полюс;D;20140820;0;500.3;500.3;490.0;494.5;4121;0
Полюс;D;20140821;0;479.9;496.6;479.9;493.0;5076;0
Полюс;D;20140822;0;491.4;503.0;490.2;496.0;6028;0
Полюс;D;20140825;0;497.8;499.8;486.0;494.5;7437;0
Полюс;D;20140826;0;493.5;495.9;488.2;493.3;4641;0
Полюс;D;20140827;0;494.6;498.5;491.1;498.5;5362;0
Полюс;D;20140828;0;505.0;511.4;494.1;500.0;15165;0
Полюс;D;20140829;0;501.0;502.0;494.3;498.0;5808;0
Полюс;D;20140901;0;498.0;508.8;498.0;502.0;4517;0
Полюс;D;20140902;0;504.9;505.5;496.1;499.5;3404;0
Полюс;D;20140903;0;500.9;501.9;496.1;500.5;5091;0
Полюс;D;20140904;0;514.0;514.0;494.0;499.3;7285;0
Полюс;D;20140905;0;500.0;502.0;498.0;499.2;5393;0
Полюс;D;20140908;0;494.7;515.0;494.7;500.0;5713;0
Полюс;D;20140909;0;501.9;503.6;498.1;499.4;2908;0
Полюс;D;20140910;0;499.2;502.0;498.3;498.9;2743;0
Полюс;D;20140911;0;502.0;502.0;496.9;498.8;3276;0
Полюс;D;20140912;0;497.5;500.8;495.0;498.9;5608;0
Полюс;D;20140915;0;496.8;500.0;495.0;495.6;2420;0
Полюс;D;20140916;0;496.1;497.7;491.0;496.5;4713;0
Полюс;D;20140917;0;495.0;495.0;485.5;490.1;9673;0
Полюс;D;20140918;0;495.0;495.0;483.0;487.5;5357;0
Полюс;D;20140919;0;485.1;509.0;484.5;509.0;12501;0
Полюс;D;20140922;0;501.3;502.9;490.2;493.9;10505;0
Полюс;D;20140923;0;494.0;504.0;491.0;496.1;15230;0
Полюс;D;20140924;0;497.0;502.9;495.2;502.0;8405;0
Полюс;D;20140925;0;503.0;503.0;496.8;499.1;3960;0
Полюс;D;20140926;0;499.0;502.1;491.7;497.0;4261;0
Полюс;D;20140929;0;495.2;498.9;494.7;496.8;3334;0
Полюс;D;20140930;0;498.7;498.7;491.0;493.9;3605;0
Полюс;D;20141001;0;494.0;497.0;491.0;492.5;3441;0
Полюс;D;20141002;0;491.0;494.0;490.0;491.5;4008;0
Полюс;D;20141003;0;491.5;495.0;489.0;494.0;1862;0
Полюс;D;20141006;0;493.5;495.0;491.0;494.0;2987;0
Полюс;D;20141007;0;496.0;496.0;489.0;490.0;2532;0
Полюс;D;20141008;0;489.5;500.0;483.5;487.5;7099;0
Полюс;D;20141009;0;493.0;493.0;489.5;490.0;1590;0
Полюс;D;20141010;0;490.5;492.0;475.5;483.5;5128;0
Полюс;D;20141013;0;483.0;485.0;479.0;484.0;4871;0
Полюс;D;20141014;0;483.0;486.0;479.5;479.5;3661;0
Полюс;D;20141015;0;479.0;481.5;472.5;475.0;4983;0
Полюс;D;20141016;0;478.0;479.5;460.0;471.0;5521;0
Полюс;D;20141017;0;471.0;474.0;469.0;471.0;2734;0
Полюс;D;20141020;0;472.0;476.5;466.5;469.5;19140;0
Полюс;D;20141021;0;468.5;472.0;466.0;470.0;3597;0
Полюс;D;20141022;0;483.0;483.0;463.0;467.0;3570;0
Полюс;D;20141023;0;464.5;468.0;460.0;461.5;5560;0
Полюс;D;20141024;0;462.0;464.5;459.0;461.0;1738;0
Полюс;D;20141027;0;461.0;465.0;456.0;459.0;3897;0
Полюс;D;20141028;0;459.0;463.0;457.5;461.0;7672;0
Полюс;D;20141029;0;465.5;473.0;460.5;468.0;9049;0
Полюс;D;20141030;0;468.0;470.0;464.5;469.0;9595;0
Полюс;D;20141031;0;472.0;480.0;468.5;478.0;9199;0
Полюс;D;20141103;0;481.0;481.0;470.5;476.0;564;0
Полюс;D;20141105;0;475.0;478.0;470.5;475.0;9319;0
Полюс;D;20141106;0;475.5;489.5;465.0;477.5;29811;0
Полюс;D;20141107;0;474.0;482.0;473.0;477.5;6106;0
Полюс;D;20141110;0;478.0;486.0;474.0;483.0;9702;0
Полюс;D;20141111;0;483.0;487.0;475.5;478.0;5729;0
Полюс;D;20141112;0;478.0;479.5;470.5;472.5;8560;0
Полюс;D;20141113;0;471.5;478.0;469.0;471.5;7183;0
Полюс;D;20141114;0;471.0;473.5;461.5;473.5;9976;0
Полюс;D;20141117;0;474.5;475.0;468.0;470.0;3660;0
Полюс;D;20141118;0;467.5;484.0;467.5;482.0;17314;0
Полюс;D;20141119;0;482.0;539.0;482.0;529.0;100288;0
Полюс;D;20141120;0;530.0;544.0;515.0;523.5;46554;0
Полюс;D;20141121;0;530.5;532.5;520.0;529.5;25161;0
Полюс;D;20141124;0;529.5;580.0;529.5;580.0;68694;0
Полюс;D;20141125;0;580.0;662.0;570.5;656.5;167846;0
Полюс;D;20141126;0;662.0;784.0;657.0;759.0;390869;0
Полюс;D;20141127;0;757.0;795.0;703.0;740.0;212457;0
Полюс;D;20141128;0;737.0;757.0;681.0;706.0;96366;0
Полюс;D;20141201;0;623.5;778.0;623.5;755.5;185873;0
Полюс;D;20141202;0;760.0;879.0;755.0;879.0;218716;0
Полюс;D;20141203;0;885.0;1040.0;851.0;1040.0;323768;0
Полюс;D;20141204;0;1045.0;1287.5;1045.0;1209.0;364439;0
Полюс;D;20141205;0;1220.0;1300.0;980.0;1055.0;240480;0
Полюс;D;20141208;0;1020.5;1106.0;911.0;1070.0;187333;0
Полюс;D;20141209;0;1080.5;1189.0;1071.0;1166.0;150212;0
Полюс;D;20141210;0;1195.0;1240.0;1120.0;1143.5;102144;0
Полюс;D;20141211;0;1170.0;1180.0;1024.0;1070.0;73991;0
Полюс;D;20141212;0;1075.0;1091.0;1001.0;1052.0;51003;0
Полюс;D;20141215;0;1052.0;1052.0;961.5;999.0;74629;0
Полюс;D;20141216;0;989.5;1008.0;800.0;1000.0;102695;0
Полюс;D;20141217;0;1070.5;1070.5;985.0;1015.0;26034;0
Полюс;D;20141218;0;1037.5;1041.5;911.5;1006.0;56818;0
Полюс;D;20141219;0;999.0;1025.0;975.0;975.0;33985;0
Полюс;D;20141222;0;895.0;1011.0;895.0;999.5;20974;0
Полюс;D;20141223;0;999.5;1005.0;985.0;1000.0;12073;0
Полюс;D;20141224;0;990.0;1190.5;955.0;1071.5;67888;0
Полюс;D;20141225;0;1072.5;1155.0;1072.5;1105.0;57209;0
Полюс;D;20141226;0;1107.0;1150.0;1012.0;1050.0;38496;0
Полюс;D;20141229;0;1045.0;1079.5;993.5;1000.0;16013;0
Полюс;D;20141230;0;1015.0;1015.0;975.0;997.5;18784;0
Полюс;D;20150105;0;1000.5;1012.0;985.0;1000.5;2031;0
Полюс;D;20150106;0;995.0;1112.5;995.0;1047.0;16827;0
Полюс;D;20150108;0;1050.0;1096.5;1050.0;1060.0;11605;0
Полюс;D;20150109;0;1058.5;1068.0;1041.5;1050.0;9443;0
Полюс;D;20150112;0;1051.5;1066.0;1005.0;1020.0;18363;0
Полюс;D;20150113;0;1024.5;1056.0;1014.0;1035.5;14926;0
Полюс;D;20150114;0;1043.0;1043.0;980.0;1024.0;11302;0
Полюс;D;20150115;0;1034.0;1055.5;1012.5;1045.0;18767;0
Полюс;D;20150116;0;1051.0;1080.0;1042.5;1076.0;15221;0
Полюс;D;20150119;0;1080.0;1180.0;1080.0;1090.0;42338;0
Полюс;D;20150120;0;1093.0;1130.0;1085.0;1119.0;17765;0
Полюс;D;20150121;0;1160.0;1160.0;1111.5;1120.0;15838;0
Полюс;D;20150122;0;1111.0;1138.5;1090.0;1119.0;18147;0
Полюс;D;20150123;0;1085.5;1130.0;1070.0;1070.0;21547;0
Полюс;D;20150126;0;1073.0;1089.0;1040.0;1051.0;13498;0
Полюс;D;20150127;0;1055.0;1079.5;1012.5;1040.0;19432;0
Полюс;D;20150128;0;1045.0;1079.0;1036.0;1055.0;10566;0
Полюс;D;20150129;0;1047.0;1065.0;1038.0;1055.0;10744;0
Полюс;D;20150130;0;1055.0;1079.0;1031.0;1049.5;35185;0
Полюс;D;20150202;0;1058.5;1073.5;1036.0;1046.5;9240;0
Полюс;D;20150203;0;1050.0;1072.0;1040.0;1054.0;24866;0
Полюс;D;20150204;0;1054.0;1062.5;1043.5;1052.0;8270;0
Полюс;D;20150205;0;1052.5;1080.0;1048.0;1061.0;7206;0
Полюс;D;20150206;0;1069.5;1069.5;1050.5;1060.0;8874;0
Полюс;D;20150209;0;1057.5;1074.0;1048.0;1069.0;6063;0
Полюс;D;20150210;0;1077.0;1077.0;1058.5;1063.0;2103;0
Полюс;D;20150211;0;1063.0;1180.0;1059.5;1136.0;44939;0
Полюс;D;20150212;0;1139.0;1150.0;1075.0;1100.5;35702;0
Полюс;D;20150213;0;1061.5;1135.0;1061.5;1112.0;12923;0
Полюс;D;20150216;0;1112.5;1150.0;1096.5;1150.0;10119;0
Полюс;D;20150217;0;1139.5;1180.0;1112.0;1130.5;20689;0
Полюс;D;20150218;0;1130.0;1140.5;1109.5;1118.5;42811;0
Полюс;D;20150219;0;1120.0;1167.0;1090.0;1110.0;24952;0
Полюс;D;20150220;0;1128.0;1130.0;1090.0;1096.0;167520;0
Полюс;D;20150224;0;1070.5;1103.0;1070.5;1100.0;5522;0
Полюс;D;20150225;0;1097.5;1125.0;1090.0;1105.0;51214;0
Полюс;D;20150226;0;1100.5;1140.0;1091.5;1111.5;29618;0
Полюс;D;20150227;0;1112.5;1130.0;1101.5;1110.0;38586;0
Полюс;D;20150302;0;1109.0;1135.5;1109.0;1130.0;7651;0
Полюс;D;20150303;0;1133.5;1155.5;1123.5;1138.0;21857;0
Полюс;D;20150304;0;1116.0;1145.5;1116.0;1134.5;4852;0
Полюс;D;20150305;0;1128.5;1141.0;1120.0;1138.5;9956;0
Полюс;D;20150306;0;1135.0;1139.0;1122.0;1125.5;45275;0
Полюс;D;20150310;0;1116.0;1130.0;1096.5;1116.5;12389;0
Полюс;D;20150311;0;1116.5;1131.5;1115.0;1118.0;6802;0
Полюс;D;20150312;0;1119.0;1130.0;1115.0;1125.5;5849;0
Полюс;D;20150313;0;1130.0;1130.0;1115.5;1116.0;3979;0
Полюс;D;20150316;0;1124.0;1128.5;1055.0;1065.0;9132;0
Полюс;D;20150317;0;1079.5;1079.5;880.0;1000.0;25340;0
Полюс;D;20150318;0;1000.0;1019.5;980.0;998.0;3398;0
Полюс;D;20150319;0;1016.0;1049.0;982.0;1045.0;9085;0
Полюс;D;20150320;0;1045.0;1049.0;1023.0;1042.5;2631;0
Полюс;D;20150323;0;1048.0;1048.5;1003.5;1008.0;5402;0
Полюс;D;20150324;0;1018.5;1025.0;1005.5;1013.0;2045;0
Полюс;D;20150325;0;1005.5;1013.5;992.0;1001.5;6344;0
Полюс;D;20150326;0;993.0;1008.0;993.0;1002.0;4991;0
Полюс;D;20150327;0;993.0;1075.0;993.0;1066.0;22951;0
Полюс;D;20150330;0;1031.0;1058.0;1013.0;1028.0;8122;0
Полюс;D;20150331;0;1025.5;1039.0;1016.5;1016.5;3027;0
Полюс;D;20150401;0;1027.0;1037.5;1025.0;1028.0;1818;0
Полюс;D;20150402;0;1029.5;1029.5;1007.0;1011.0;4807;0
Полюс;D;20150403;0;1013.0;1013.0;1005.0;1013.0;2748;0
Полюс;D;20150406;0;1013.0;1020.0;1005.0;1016.5;2961;0
Полюс;D;20150407;0;1017.0;1038.0;1005.0;1027.5;5201;0
Полюс;D;20150408;0;1023.0;1029.5;1020.0;1022.0;6769;0
Полюс;D;20150409;0;1021.0;1067.5;1020.0;1025.0;6466;0
Полюс;D;20150410;0;1024.5;1059.5;1020.0;1035.0;12479;0
Полюс;D;20150413;0;1037.0;1071.0;1025.0;1059.5;7580;0
Полюс;D;20150414;0;1059.5;1070.0;1020.0;1045.0;8993;0
Полюс;D;20150415;0;1030.5;1100.0;1029.5;1090.0;21854;0
Полюс;D;20150416;0;1100.5;1130.0;1092.5;1120.5;33830;0
Полюс;D;20150417;0;1141.0;1166.0;1130.5;1143.0;22453;0
Полюс;D;20150420;0;1131.5;1178.0;1101.0;1175.0;19884;0
Полюс;D;20150421;0;1198.0;1225.0;1125.5;1220.0;26370;0
Полюс;D;20150422;0;1218.5;1359.0;1202.0;1316.0;62119;0
Полюс;D;20150423;0;1316.5;1348.0;1253.0;1270.5;40351;0
Полюс;D;20150424;0;1261.5;1339.0;1212.0;1324.5;32816;0
Полюс;D;20150427;0;1333.5;1400.0;1310.0;1400.0;26358;0
Полюс;D;20150428;0;1400.0;1569.5;1382.0;1501.5;69325;0
Полюс;D;20150429;0;1490.0;1559.0;1480.0;1515.0;63017;0
Полюс;D;20150430;0;1515.0;1577.0;1460.0;1545.0;39683;0
Полюс;D;20150505;0;1550.0;1614.0;1465.0;1587.5;38999;0
Полюс;D;20150506;0;1602.0;1650.0;1536.5;1610.0;23970;0
Полюс;D;20150507;0;1609.5;1695.0;1581.0;1665.5;24881;0
Полюс;D;20150508;0;1674.0;1737.0;1670.0;1691.0;27527;0
Полюс;D;20150512;0;1694.5;1699.5;1526.5;1590.0;51553;0
Полюс;D;20150513;0;1584.0;1649.5;1533.5;1605.5;21441;0
Полюс;D;20150514;0;1603.5;1650.0;1562.0;1585.0;12391;0
Полюс;D;20150515;0;1580.0;1618.0;1555.5;1600.0;21246;0
Полюс;D;20150518;0;1578.0;1624.5;1578.0;1613.5;13498;0
Полюс;D;20150519;0;1622.0;1638.0;1590.0;1621.5;17473;0
Полюс;D;20150520;0;1615.5;1658.0;1573.0;1637.0;17135;0
Полюс;D;20150521;0;1630.0;1689.0;1595.5;1612.0;12835;0
Полюс;D;20150522;0;1612.0;1633.5;1596.0;1612.0;10556;0
Полюс;D;20150525;0;1598.0;1645.0;1598.0;1607.5;14641;0
Полюс;D;20150526;0;1605.0;1635.5;1575.0;1606.5;8387;0
Полюс;D;20150527;0;1601.0;1615.0;1595.0;1601.5;3076;0
Полюс;D;20150528;0;1595.5;1620.0;1589.0;1591.5;23736;0
Полюс;D;20150529;0;1622.0;1622.0;1569.0;1575.0;6185;0
Полюс;D;20150601;0;1535.0;1580.0;1535.0;1567.0;5134;0
Полюс;D;20150602;0;1560.5;1575.0;1515.0;1515.0;4339;0
Полюс;D;20150603;0;1530.0;1551.0;1435.0;1510.0;6098;0
Полюс;D;20150604;0;1529.5;1529.5;1438.0;1483.0;5166;0
Полюс;D;20150605;0;1451.0;1483.5;1440.0;1475.5;2631;0
Полюс;D;20150608;0;1484.5;1520.0;1478.0;1510.0;7346;0
Полюс;D;20150609;0;1525.0;1609.5;1512.0;1540.0;5548;0
Полюс;D;20150610;0;1569.0;1643.5;1551.5;1640.0;10654;0
Полюс;D;20150611;0;1643.0;1749.5;1620.0;1712.0;20798;0
Полюс;D;20150615;0;1771.5;1830.0;1650.0;1798.5;18956;0
Полюс;D;20150616;0;1815.0;1857.5;1770.0;1804.5;16256;0
Полюс;D;20150617;0;1800.0;1835.0;1771.5;1805.0;11013;0
Полюс;D;20150618;0;1800.0;1864.0;1626.0;1812.0;18547;0
Полюс;D;20150619;0;1803.5;1830.0;1786.0;1806.0;23565;0
Полюс;D;20150622;0;1770.0;1817.0;1761.0;1804.5;4244;0
Полюс;D;20150623;0;1773.0;1807.5;1773.0;1800.5;3753;0
Полюс;D;20150624;0;1772.0;1804.5;1771.0;1804.0;5072;0
Полюс;D;20150625;0;1786.5;1820.0;1786.0;1800.0;4453;0
Полюс;D;20150626;0;1791.0;1800.0;1731.0;1795.0;21258;0
Полюс;D;20150629;0;1799.5;1835.5;1757.0;1801.5;4019;0
Полюс;D;20150630;0;1788.5;1800.0;1620.0;1710.0;20592;0
Полюс;D;20150701;0;1666.5;1744.0;1651.5;1710.0;88466;0
Полюс;D;20150702;0;1709.5;1740.0;1680.0;1730.0;87231;0
Полюс;D;20150703;0;1721.0;1725.0;1690.0;1690.0;20443;0
Полюс;D;20150706;0;1689.5;1715.0;1689.5;1710.0;55242;0
Полюс;D;20150707;0;1699.0;1740.0;1682.0;1706.0;79121;0
Полюс;D;20150708;0;1732.0;1785.0;1686.0;1739.5;14906;0
Полюс;D;20150709;0;1739.0;1786.0;1723.0;1786.0;11160;0
Полюс;D;20150710;0;1789.5;1817.5;1786.5;1801.0;5166;0
Полюс;D;20150713;0;1816.5;1865.5;1770.0;1783.0;16116;0
Полюс;D;20150714;0;1798.0;1824.5;1702.5;1821.0;4722;0
Полюс;D;20150715;0;1820.0;1850.0;1785.5;1824.0;11240;0
Полюс;D;20150716;0;1811.0;1835.0;1804.0;1810.0;1915;0
Полюс;D;20150717;0;1803.0;1839.5;1800.0;1830.0;8492;0
Полюс;D;20150720;0;1840.0;1849.5;1807.0;1807.0;5999;0
Полюс;D;20150721;0;1829.0;1834.0;1809.0;1810.5;5222;0
Полюс;D;20150722;0;1808.0;1829.0;1808.0;1810.5;2574;0
Полюс;D;20150723;0;1803.0;1820.0;1723.0;1786.5;10742;0
Полюс;D;20150724;0;1764.5;1810.0;1764.5;1777.0;4985;0
Полюс;D;20150727;0;1829.5;1950.0;1785.0;1803.5;3526;0
Полюс;D;20150728;0;1800.0;1839.5;1788.0;1807.5;11349;0
Полюс;D;20150729;0;1800.5;1820.0;1800.0;1805.0;1006;0
Полюс;D;20150730;0;1808.5;1835.0;1796.5;1805.0;1992;0
Полюс;D;20150731;0;1828.0;1835.0;1789.5;1800.0;6335;0
Полюс;D;20150803;0;1795.0;1885.0;1795.0;1800.0;4014;0
Полюс;D;20150804;0;1850.0;1850.0;1805.0;1815.0;5102;0
Полюс;D;20150805;0;1845.0;1875.0;1805.0;1835.0;8873;0
Полюс;D;20150806;0;1840.0;1920.0;1840.0;1875.0;7371;0
Полюс;D;20150807;0;1890.0;2130.0;1875.0;2060.0;28530;0
Полюс;D;20150810;0;2050.0;2295.0;2005.0;2280.0;19608;0
Полюс;D;20150811;0;2290.0;2290.0;2050.0;2200.0;14408;0
Полюс;D;20150812;0;2195.0;2435.0;2195.0;2430.0;26502;0
Полюс;D;20150813;0;2400.0;2755.0;2230.0;2360.0;33746;0
Полюс;D;20150814;0;2395.0;2555.0;2300.0;2365.0;15665;0
Полюс;D;20150817;0;2390.0;2390.0;2220.0;2260.0;8393;0
Полюс;D;20150818;0;2235.0;2260.0;2170.0;2200.0;6766;0
Полюс;D;20150819;0;2230.0;2375.0;2225.0;2305.0;14114;0
Полюс;D;20150820;0;2350.0;2400.0;2210.0;2250.0;15352;0
Полюс;D;20150821;0;2340.0;2340.0;2265.0;2315.0;9420;0
Полюс;D;20150824;0;2290.0;2305.0;2150.0;2215.0;17963;0
Полюс;D;20150825;0;2210.0;2285.0;2160.0;2230.0;13083;0
Полюс;D;20150826;0;2185.0;2275.0;2175.0;2230.0;11512;0
Полюс;D;20150827;0;2215.0;2350.0;2215.0;2280.0;6868;0
Полюс;D;20150828;0;2305.0;2400.0;2220.0;2370.0;29683;0
Полюс;D;20150831;0;2345.0;2455.0;2325.0;2370.0;7227;0
Полюс;D;20150901;0;2370.0;2540.0;2300.0;2465.0;12971;0
Полюс;D;20150902;0;2460.0;2520.0;2375.0;2500.0;15462;0
Полюс;D;20150903;0;2525.0;2700.0;2500.0;2615.0;16471;0
Полюс;D;20150904;0;2620.0;2715.0;2605.0;2650.0;12643;0
Полюс;D;20150907;0;2715.0;2790.0;2470.0;2710.0;20238;0
Полюс;D;20150908;0;2725.0;2940.0;2680.0;2935.0;20184;0
Полюс;D;20150909;0;2950.0;3050.0;2820.0;2895.0;32589;0
Полюс;D;20150910;0;2935.0;3085.0;2880.0;3025.0;85616;0
Полюс;D;20150911;0;3045.0;3110.0;2990.0;3025.0;16395;0
Полюс;D;20150914;0;3070.0;3100.0;3015.0;3030.0;22106;0
Полюс;D;20150915;0;3000.0;3020.0;2765.0;2880.0;21759;0
Полюс;D;20150916;0;2900.0;2925.0;2785.0;2785.0;8561;0
Полюс;D;20150917;0;2785.0;2805.0;2650.0;2685.0;11077;0
Полюс;D;20150918;0;2675.0;2795.0;2675.0;2745.0;9129;0
Полюс;D;20150921;0;2770.0;2770.0;2660.0;2670.0;3464;0
Полюс;D;20150922;0;2675.0;2675.0;2515.0;2590.0;15294;0
Полюс;D;20150923;0;2520.0;2950.0;2520.0;2950.0;27415;0
Полюс;D;20150924;0;2975.0;2975.0;2665.0;2680.0;21649;0
Полюс;D;20150925;0;2700.0;2870.0;2650.0;2755.0;18388;0
Полюс;D;20150928;0;2790.0;2920.0;2760.0;2890.0;19347;0
Полюс;D;20150929;0;2890.0;3050.0;2605.0;2960.0;21338;0
Полюс;D;20150930;0;2965.0;3085.0;2870.0;2900.0;9957;0
Полюс;D;20151001;0;2945.0;2985.0;2860.0;2905.0;4343;0
Полюс;D;20151002;0;2920.0;2945.0;2880.0;2890.0;7652;0
Полюс;D;20151005;0;2880.0;2925.0;2815.0;2895.0;5836;0
Полюс;D;20151006;0;2950.0;2950.0;2860.0;2895.0;6238;0
Полюс;D;20151007;0;2870.0;2905.0;2770.0;2780.0;6760;0
Полюс;D;20151008;0;2770.0;2835.0;2700.0;2740.0;4717;0
Полюс;D;20151009;0;2770.0;2770.0;2650.0;2675.0;7249;0
Полюс;D;20151012;0;2670.0;2890.0;2655.0;2770.0;8891;0
Полюс;D;20151013;0;2845.0;2845.0;2740.0;2765.0;4129;0
Полюс;D;20151014;0;2755.0;2845.0;2745.0;2805.0;4642;0
Полюс;D;20151015;0;2800.0;2840.0;2755.0;2820.0;5279;0
Полюс;D;20151016;0;2790.0;2825.0;2775.0;2780.0;2299;0
Полюс;D;20151019;0;2780.0;2820.0;2760.0;2795.0;3713;0
Полюс;D;20151020;0;2775.0;2810.0;2765.0;2770.0;2044;0
Полюс;D;20151021;0;2780.0;2805.0;2770.0;2785.0;3717;0
Полюс;D;20151022;0;2775.0;2805.0;2735.0;2780.0;7514;0
Полюс;D;20151023;0;2800.0;2815.0;2750.0;2785.0;2762;0
Полюс;D;20151026;0;2755.0;2820.0;2755.0;2790.0;3937;0
Полюс;D;20151027;0;2790.0;2815.0;2770.0;2785.0;2604;0
Полюс;D;20151028;0;2805.0;2835.0;2780.0;2800.0;5727;0
Полюс;D;20151029;0;2800.0;2810.0;2770.0;2780.0;2876;0
Полюс;D;20151030;0;2790.0;2930.0;2790.0;2815.0;6498;0
Полюс;D;20151102;0;2870.0;2875.0;2805.0;2810.0;5159;0
Полюс;D;20151103;0;2815.0;2830.0;2775.0;2795.0;6729;0
Полюс;D;20151105;0;2775.0;2820.0;2725.0;2735.0;5304;0
Полюс;D;20151106;0;2745.0;2780.0;2625.0;2625.0;14377;0
Полюс;D;20151109;0;2640.0;2640.0;2610.0;2610.0;11820;0
Полюс;D;20151110;0;2615.0;2660.0;2605.0;2620.0;12311;0
Полюс;D;20151111;0;2620.0;2620.0;2550.0;2575.0;5849;0
Полюс;D;20151112;0;2505.0;2770.0;2505.0;2705.0;17615;0
Полюс;D;20151113;0;2700.0;2735.0;2640.0;2640.0;1961;0
Полюс;D;20151116;0;2635.0;2740.0;2635.0;2660.0;11375;0
Полюс;D;20151117;0;2665.0;2705.0;2655.0;2670.0;3445;0
Полюс;D;20151118;0;2645.0;2750.0;2645.0;2700.0;11640;0
Полюс;D;20151119;0;2700.0;2750.0;2690.0;2705.0;6877;0
Полюс;D;20151120;0;2650.0;2770.0;2650.0;2710.0;14129;0
Полюс;D;20151123;0;2705.0;2750.0;2700.0;2715.0;4287;0
Полюс;D;20151124;0;2710.0;2775.0;2625.0;2635.0;9632;0
Полюс;D;20151125;0;2655.0;2715.0;2635.0;2680.0;5910;0
Полюс;D;20151126;0;2695.0;2700.0;2655.0;2680.0;4541;0
Полюс;D;20151127;0;2665.0;2730.0;2665.0;2700.0;3661;0
Полюс;D;20151130;0;2695.0;2715.0;2630.0;2630.0;7332;0
Полюс;D;20151201;0;2690.0;2700.0;2645.0;2660.0;4031;0
Полюс;D;20151202;0;2670.0;2700.0;2640.0;2650.0;5363;0
Полюс;D;20151203;0;2675.0;2700.0;2635.0;2660.0;2217;0
Полюс;D;20151204;0;2660.0;2700.0;2650.0;2655.0;3204;0
Полюс;D;20151207;0;2685.0;2715.0;2670.0;2670.0;4798;0
Полюс;D;20151208;0;2680.0;2700.0;2645.0;2665.0;4011;0
Полюс;D;20151209;0;2680.0;2710.0;2665.0;2680.0;3738;0
Полюс;D;20151210;0;2705.0;2715.0;2670.0;2685.0;4296;0
Полюс;D;20151211;0;2695.0;2790.0;2680.0;2730.0;8578;0
Полюс;D;20151214;0;2790.0;2860.0;2730.0;2840.0;7582;0
Полюс;D;20151215;0;2840.0;2975.0;2840.0;2920.0;9718;0
Полюс;D;20151216;0;2935.0;2995.0;2855.0;2860.0;20226;0
Полюс;D;20151217;0;2775.0;2955.0;2775.0;2920.0;10161;0
Полюс;D;20151218;0;2900.0;2950.0;2900.0;2910.0;5934;0
Полюс;D;20151221;0;2910.0;4000.0;2860.0;3290.0;41635;0
Полюс;D;20151222;0;3305.0;3650.0;3000.0;3010.0;22036;0
Полюс;D;20151223;0;3055.0;3165.0;2930.0;2930.0;11727;0
Полюс;D;20151224;0;2950.0;3230.0;2945.0;3070.0;20981;0
Полюс;D;20151225;0;3055.0;3145.0;2965.0;2985.0;4855;0
Полюс;D;20151228;0;2990.0;3035.0;2825.0;2830.0;5758;0
Полюс;D;20151229;0;2830.0;2915.0;2810.0;2905.0;9965;0
Полюс;D;20151230;0;2950.0;2950.0;2860.0;2875.0;2526;0
Полюс;D;20160104;0;2900.0;2950.0;2840.0;2860.0;3726;0
Полюс;D;20160105;0;2890.0;2895.0;2840.0;2885.0;989;0
Полюс;D;20160106;0;2870.0;2900.0;2845.0;2890.0;433;0
Полюс;D;20160111;0;2890.0;3090.0;2850.0;3030.0;9025;0
Полюс;D;20160112;0;3100.0;3355.0;3025.0;3180.0;23099;0
Полюс;D;20160113;0;3280.0;3350.0;3070.0;3120.0;7449;0
Полюс;D;20160114;0;3200.0;3215.0;3080.0;3100.0;6769;0
Полюс;D;20160115;0;3100.0;3100.0;2930.0;3100.0;7232;0
Полюс;D;20160118;0;3085.0;3085.0;2950.0;3010.0;4032;0
Полюс;D;20160119;0;3015.0;3015.0;2850.0;2995.0;5058;0
Полюс;D;20160120;0;2995.0;3195.0;2930.0;3075.0;13757;0
Полюс;D;20160121;0;3320.0;3325.0;3120.0;3120.0;8790;0
Полюс;D;20160122;0;3250.0;3250.0;3060.0;3105.0;7691;0
Полюс;D;20160125;0;3110.0;3120.0;3050.0;3080.0;3309;0
Полюс;D;20160126;0;3105.0;3180.0;3065.0;3115.0;5511;0
Полюс;D;20160127;0;3135.0;3145.0;3065.0;3110.0;6559;0
Полюс;D;20160128;0;3145.0;3155.0;3090.0;3100.0;7787;0
Полюс;D;20160129;0;3100.0;3245.0;3090.0;3245.0;6001;0
Полюс;D;20160201;0;3260.0;3260.0;3123.0;3152.0;3316;0
Полюс;D;20160202;0;3101.0;3190.0;3101.0;3138.0;3651;0
Полюс;D;20160203;0;3138.0;3158.0;3091.0;3110.0;5544;0
Полюс;D;20160204;0;3111.0;3119.0;3050.0;3064.0;7916;0
Полюс;D;20160205;0;3065.0;3074.0;3033.0;3064.0;5320;0
Полюс;D;20160208;0;3065.0;3100.0;3064.0;3078.0;3360;0
Полюс;D;20160209;0;3075.0;3120.0;3075.0;3115.0;14652;0
Полюс;D;20160210;0;3129.0;3145.0;3056.0;3119.0;5673;0
Полюс;D;20160211;0;3110.0;3170.0;3086.0;3169.0;8605;0
Полюс;D;20160212;0;3110.0;3169.0;3090.0;3143.0;5589;0
Полюс;D;20160215;0;3113.0;3165.0;3101.0;3142.0;1832;0
Полюс;D;20160216;0;3145.0;3260.0;3120.0;3251.0;9350;0
Полюс;D;20160217;0;3223.0;3300.0;3200.0;3230.0;7126;0
Полюс;D;20160218;0;3227.0;3275.0;3205.0;3275.0;7324;0
Полюс;D;20160219;0;3275.0;3440.0;3251.0;3341.0;12049;0
Полюс;D;20160220;0;3395.0;3397.0;3315.0;3340.0;1620;0
Полюс;D;20160222;0;3399.0;3399.0;3340.0;3356.0;1800;0
Полюс;D;20160224;0;3399.0;3489.0;3347.0;3459.0;14403;0
Полюс;D;20160225;0;3460.0;3620.0;3460.0;3613.0;10406;0
Полюс;D;20160226;0;3610.0;3900.0;3603.0;3884.0;25430;0
Полюс;D;20160229;0;3933.0;3999.0;3810.0;3995.0;18720;0
Полюс;D;20160301;0;3995.0;4288.0;3755.0;3928.0;30596;0
Полюс;D;20160302;0;3979.0;3979.0;3790.0;3844.0;6176;0
Полюс;D;20160303;0;3815.0;4099.0;3815.0;4099.0;20657;0
Полюс;D;20160304;0;4060.0;4190.0;3988.0;4100.0;19325;0
Полюс;D;20160307;0;4101.0;4151.0;4001.0;4070.0;2087;0
Полюс;D;20160309;0;4070.0;4080.0;3906.0;4017.0;10232;0
Полюс;D;20160310;0;3999.0;4079.0;3910.0;4044.0;8300;0
Полюс;D;20160311;0;4019.0;4019.0;3915.0;3940.0;7965;0
Полюс;D;20160314;0;3940.0;3999.0;3830.0;3920.0;9268;0
Полюс;D;20160315;0;3900.0;3927.0;3750.0;3890.0;28688;0
Полюс;D;20160316;0;3845.0;3997.0;3845.0;3997.0;6426;0
Полюс;D;20160317;0;3997.0;4040.0;3902.0;3970.0;3658;0
Полюс;D;20160318;0;3963.0;4000.0;3914.0;3926.0;2298;0
Полюс;D;20160321;0;3955.0;3955.0;3860.0;3861.0;3043;0
Полюс;D;20160322;0;3869.0;3885.0;3792.0;3837.0;5785;0
Полюс;D;20160323;0;3822.0;3848.0;3801.0;3836.0;4988;0
Полюс;D;20160324;0;3837.0;3936.0;3830.0;3890.0;13638;0
Полюс;D;20160325;0;3900.0;3900.0;3820.0;3820.0;4308;0
Полюс;D;20160328;0;3850.0;3920.0;3833.0;3863.0;3813;0
Полюс;D;20160329;0;3880.0;3949.0;3817.0;3930.0;9318;0
Полюс;D;20160330;0;3939.0;3939.0;3838.0;3876.0;1983;0
Полюс;D;20160331;0;3855.0;3860.0;3800.0;3803.0;6318;0
Полюс;D;20160401;0;3810.0;3861.0;3795.0;3849.0;5837;0
Полюс;D;20160404;0;3849.0;3871.0;3815.0;3830.0;4328;0
Полюс;D;20160405;0;3807.0;3930.0;3807.0;3909.0;7616;0
Полюс;D;20160406;0;3929.0;3929.0;3820.0;3820.0;5790;0
Полюс;D;20160407;0;3860.0;3860.0;3802.0;3854.0;4104;0
Полюс;D;20160408;0;3863.0;3863.0;3790.0;3799.0;4290;0
Полюс;D;20160411;0;3830.0;3830.0;3756.0;3760.0;2561;0
Полюс;D;20160412;0;3737.0;3798.0;3680.0;3700.0;6017;0
Полюс;D;20160413;0;3729.0;3729.0;3641.0;3671.0;5697;0
Полюс;D;20160414;0;3688.0;3874.0;3688.0;3849.0;12572;0
Полюс;D;20160415;0;3868.0;4014.0;3738.0;4014.0;44249;0
Полюс;D;20160418;0;4001.0;4347.0;3970.0;4150.0;28859;0
Полюс;D;20160419;0;4189.0;4345.0;4150.0;4290.0;15470;0
Полюс;D;20160420;0;4281.0;4410.0;4281.0;4400.0;19670;0
Полюс;D;20160421;0;4346.0;4597.0;4346.0;4536.0;15245;0
Полюс;D;20160422;0;4470.0;4630.0;4470.0;4570.0;15595;0
Полюс;D;20160425;0;4599.0;4790.0;4574.0;4741.0;19199;0
Полюс;D;20160426;0;4750.0;4850.0;4370.0;4744.0;11046;0
Полюс;D;20160427;0;4652.0;4849.0;4389.0;4798.0;18676;0
Полюс;D;20160428;0;4800.0;4800.0;4700.0;4760.0;7538;0
Полюс;D;20160429;0;4705.0;4793.0;4661.0;4768.0;8041;0
Полюс;D;20160504;0;4797.0;4875.0;4683.0;4750.0;3664;0
Полюс;D;20160505;0;4726.0;4848.0;4703.0;4813.0;5858;0
Полюс;D;20160506;0;4840.0;4845.0;4705.0;4755.0;2861;0
Полюс;D;20160510;0;4735.0;4797.0;4727.0;4756.0;3557;0
Полюс;D;20160511;0;4788.0;4788.0;4740.0;4753.0;4701;0
Полюс;D;20160512;0;4769.0;4770.0;4731.0;4740.0;5317;0
Полюс;D;20160513;0;4727.0;4770.0;4715.0;4750.0;2812;0
Полюс;D;20160516;0;4770.0;4770.0;4732.0;4750.0;3499;0
Полюс;D;20160517;0;4725.0;4800.0;4725.0;4770.0;5050;0
Полюс;D;20160518;0;4799.0;4950.0;4732.0;4733.0;4764;0
Полюс;D;20160519;0;4750.0;4750.0;4680.0;4700.0;4234;0
Полюс;D;20160520;0;4689.0;4790.0;4689.0;4750.0;960;0
Полюс;D;20160523;0;4741.0;4751.0;4676.0;4691.0;4095;0
Полюс;D;20160524;0;4680.0;4747.0;4501.0;4711.0;5041;0
Полюс;D;20160525;0;4749.0;4769.0;4683.0;4705.0;2863;0
Полюс;D;20160526;0;4705.0;4720.0;4673.0;4704.0;3892;0
Полюс;D;20160527;0;4711.0;4730.0;4687.0;4690.0;2500;0
Полюс;D;20160530;0;4750.0;4750.0;4675.0;4720.0;3688;0
Полюс;D;20160531;0;4712.0;4715.0;4671.0;4682.0;8613;0
Полюс;D;20160601;0;4694.0;4699.0;4650.0;4651.0;8569;0
Полюс;D;20160602;0;4688.0;4720.0;4688.0;4719.0;4646;0
Полюс;D;20160603;0;4720.0;4720.0;4698.0;4720.0;4076;0
Полюс;D;20160606;0;4750.0;4750.0;4675.0;4710.0;4554;0
Полюс;D;20160607;0;4678.0;4715.0;4601.0;4700.0;4918;0
Полюс;D;20160608;0;4700.0;4720.0;4652.0;4700.0;5084;0
Полюс;D;20160609;0;4674.0;4742.0;4674.0;4707.0;697;0
Полюс;D;20160610;0;4675.0;4725.0;4675.0;4704.0;1565;0
Полюс;D;20160614;0;4700.0;4718.0;4650.0;4704.0;4770;0
Полюс;D;20160615;0;4705.0;4719.0;4659.0;4719.0;5289;0
Полюс;D;20160616;0;4700.0;4710.0;4670.0;4700.0;4230;0
Полюс;D;20160617;0;4680.0;4710.0;4680.0;4705.0;4215;0
Полюс;D;20160620;0;4705.0;4709.0;4690.0;4697.0;2721;0
Полюс;D;20160621;0;4705.0;4708.0;4690.0;4707.0;2924;0
Полюс;D;20160622;0;4707.0;4707.0;4690.0;4690.0;3965;0
Полюс;D;20160623;0;4681.0;4700.0;4664.0;4687.0;2546;0
Полюс;D;20160624;0;4720.0;4721.0;4651.0;4662.0;5379;0
Полюс;D;20160627;0;4700.0;4750.0;4625.0;4689.0;6320;0
Полюс;D;20160628;0;4700.0;4700.0;4674.0;4693.0;4173;0
Полюс;D;20160629;0;4699.0;4700.0;4683.0;4698.0;1748;0
Полюс;D;20160630;0;4680.0;4700.0;4672.0;4696.0;4910;0
Полюс;D;20160701;0;4697.0;4698.0;4613.0;4689.0;5703;0
Полюс;D;20160704;0;4698.0;4699.0;4657.0;4681.0;3953;0
Полюс;D;20160705;0;4698.0;4700.0;4680.0;4698.0;2391;0
Полюс;D;20160706;0;4697.0;4698.0;4670.0;4690.0;4637;0
Полюс;D;20160707;0;4694.0;4695.0;4653.0;4682.0;2712;0
Полюс;D;20160708;0;4697.0;4697.0;4665.0;4680.0;2889;0
Полюс;D;20160711;0;4662.0;4690.0;4611.0;4686.0;1818;0
Полюс;D;20160712;0;4687.0;4690.0;4620.0;4665.0;3621;0
Полюс;D;20160713;0;4660.0;4668.0;4626.0;4644.0;2402;0
Полюс;D;20160714;0;4647.0;4647.0;4586.0;4610.0;2556;0
Полюс;D;20160715;0;4639.0;4639.0;4560.0;4593.0;3737;0
Полюс;D;20160718;0;4600.0;4602.0;4503.0;4564.0;5367;0
Полюс;D;20160719;0;4569.0;4577.0;4452.0;4548.0;4916;0
Полюс;D;20160720;0;4500.0;4568.0;4480.0;4520.0;4822;0
Полюс;D;20160721;0;4569.0;4579.0;4531.0;4539.0;2574;0
Полюс;D;20160722;0;4561.0;4577.0;4540.0;4564.0;1728;0
Полюс;D;20160725;0;4552.0;4580.0;4500.0;4564.0;3681;0
Полюс;D;20160726;0;4564.0;4690.0;4564.0;4680.0;3204;0
Полюс;D;20160727;0;4679.0;4698.0;4623.0;4688.0;2113;0
Полюс;D;20160728;0;4689.0;4695.0;4641.0;4684.0;2563;0
Полюс;D;20160729;0;4659.0;4680.0;4635.0;4664.0;1567;0
Полюс;D;20160801;0;4671.0;4681.0;4620.0;4669.0;2440;0
Полюс;D;20160802;0;4677.0;4695.0;4630.0;4660.0;4638;0
Полюс;D;20160803;0;4601.0;4666.0;4601.0;4632.0;6428;0
Полюс;D;20160804;0;4648.0;4669.0;4619.0;4659.0;2966;0
Полюс;D;20160805;0;4625.0;4669.0;4625.0;4650.0;3106;0
Полюс;D;20160808;0;4659.0;4660.0;4639.0;4656.0;1009;0
Полюс;D;20160809;0;4650.0;4664.0;4626.0;4628.0;3215;0
Полюс;D;20160810;0;4669.0;4684.0;4633.0;4648.0;1335;0
Полюс;D;20160811;0;4634.0;4648.0;4622.0;4645.0;1569;0
Полюс;D;20160812;0;4624.0;4650.0;4624.0;4635.0;1655;0
Полюс;D;20160815;0;4640.0;4649.0;4602.0;4623.0;1383;0
Полюс;D;20160816;0;4647.0;4647.0;4590.0;4610.0;3729;0
Полюс;D;20160817;0;4600.0;4602.0;4552.0;4587.0;3131;0
Полюс;D;20160818;0;4600.0;4629.0;4400.0;4593.0;1510;0
Полюс;D;20160819;0;4594.0;4599.0;4571.0;4581.0;2494;0
Полюс;D;20160822;0;4575.0;4590.0;4500.0;4573.0;5267;0
Полюс;D;20160823;0;4572.0;4589.0;4550.0;4569.0;2639;0
Полюс;D;20160824;0;4586.0;4634.0;4567.0;4578.0;1956;0
Полюс;D;20160825;0;4599.0;4609.0;4513.0;4560.0;4799;0
Полюс;D;20160826;0;4563.0;4589.0;4540.0;4560.0;5334;0
Полюс;D;20160829;0;4579.0;4589.0;4545.0;4553.0;3667;0
Полюс;D;20160830;0;4555.0;4617.0;4552.0;4586.0;2703;0
Полюс;D;20160831;0;4614.0;4630.0;4590.0;4600.0;2838;0
Полюс;D;20160901;0;4635.0;4650.0;4595.0;4635.0;3707;0
Полюс;D;20160902;0;4630.0;4679.0;4621.0;4646.0;2113;0
Полюс;D;20160905;0;4679.0;4679.0;4530.0;4602.0;2453;0
Полюс;D;20160906;0;4575.0;4665.0;4560.0;4600.0;3177;0
Полюс;D;20160907;0;4606.0;4606.0;4579.0;4580.0;1423;0
Полюс;D;20160908;0;4601.0;4601.0;4555.0;4579.0;1931;0
Полюс;D;20160909;0;4550.0;4589.0;4550.0;4576.0;1135;0
Полюс;D;20160912;0;4594.0;4635.0;4565.0;4628.0;2715;0
Полюс;D;20160913;0;4628.0;4650.0;4599.0;4630.0;1914;0
Полюс;D;20160914;0;4648.0;4650.0;4590.0;4610.0;1877;0
Полюс;D;20160915;0;4648.0;4650.0;4560.0;4585.0;3978;0
Полюс;D;20160916;0;4585.0;4625.0;4579.0;4599.0;1812;0
Полюс;D;20160919;0;4599.0;4609.0;4570.0;4580.0;2416;0
Полюс;D;20160920;0;4597.0;4604.0;4563.0;4579.0;1597;0
Полюс;D;20160921;0;4570.0;4579.0;4550.0;4576.0;2459;0
Полюс;D;20160922;0;4579.0;4588.0;4500.0;4500.0;4202;0
Полюс;D;20160923;0;4519.0;4519.0;4467.0;4488.0;3561;0
Полюс;D;20160926;0;4456.0;4555.0;4450.0;4508.0;2742;0
Полюс;D;20160927;0;4498.0;4557.0;4485.0;4508.0;2623;0
Полюс;D;20160928;0;4519.0;4555.0;4497.0;4550.0;3297;0
Полюс;D;20160929;0;4522.0;4522.0;4480.0;4500.0;2199;0
Полюс;D;20160930;0;4466.0;4504.0;4466.0;4485.0;1258;0
Полюс;D;20161003;0;4345.0;4534.0;4345.0;4489.0;1116;0
Полюс;D;20161004;0;4480.0;4484.0;4446.0;4451.0;2649;0
Полюс;D;20161005;0;4458.0;4500.0;4450.0;4464.0;1733;0
Полюс;D;20161006;0;4476.0;4476.0;4410.0;4447.0;3642;0
Полюс;D;20161007;0;4418.0;4500.0;4405.0;4429.0;3295;0
Полюс;D;20161010;0;4450.0;4547.0;4424.0;4425.0;3023;0
Полюс;D;20161011;0;4402.0;4486.0;4402.0;4434.0;3581;0
Полюс;D;20161012;0;4439.0;4469.0;4412.0;4416.0;3328;0
Полюс;D;20161013;0;4427.0;4505.0;4410.0;4430.0;2748;0
Полюс;D;20161014;0;4428.0;4439.0;4409.0;4413.0;2348;0
Полюс;D;20161017;0;4404.0;4423.0;4398.0;4408.0;5004;0
Полюс;D;20161018;0;4412.0;4449.0;4392.0;4400.0;2609;0
Полюс;D;20161019;0;4400.0;4447.0;4385.0;4405.0;1785;0
Полюс;D;20161020;0;4442.0;4447.0;4388.0;4388.0;1649;0
Полюс;D;20161021;0;4381.0;4431.0;4376.0;4419.0;1870;0
Полюс;D;20161024;0;4385.0;4444.0;4372.0;4372.0;3148;0
Полюс;D;20161025;0;4371.0;4442.0;4256.0;4316.0;4283;0
Полюс;D;20161026;0;4319.0;4400.0;4292.0;4351.0;4658;0
Полюс;D;20161027;0;4360.0;4399.0;4338.0;4388.0;3979;0
Полюс;D;20161028;0;4378.0;4430.0;4302.0;4356.0;3220;0
Полюс;D;20161031;0;4373.0;4430.0;4265.0;4400.0;4734;0
Полюс;D;20161101;0;4363.0;4439.0;4352.0;4391.0;3874;0
Полюс;D;20161102;0;4400.0;4450.0;4390.0;4440.0;2900;0
Полюс;D;20161103;0;4440.0;4650.0;4421.0;4522.0;5609;0
Полюс;D;20161107;0;4530.0;4535.0;3627.0;4500.0;5087;0
Полюс;D;20161108;0;4415.0;4497.0;4400.0;4439.0;2896;0
Полюс;D;20161109;0;4479.0;4620.0;4400.0;4460.0;4561;0
Полюс;D;20161110;0;4430.0;4450.0;4380.0;4408.0;4048;0
Полюс;D;20161111;0;4380.0;4499.0;4380.0;4471.0;3473;0
Полюс;D;20161114;0;4469.0;4494.0;4456.0;4479.0;3096;0
Полюс;D;20161115;0;4484.0;4484.0;4381.0;4416.0;3765;0
Полюс;D;20161116;0;4415.0;4450.0;4401.0;4449.0;3442;0
Полюс;D;20161117;0;4464.0;4485.0;4406.0;4462.0;1616;0
Полюс;D;20161118;0;4485.0;4497.0;4430.0;4454.0;4331;0
Полюс;D;20161121;0;4449.0;4469.0;4402.0;4444.0;3384;0
Полюс;D;20161122;0;4440.0;4471.0;4410.0;4443.0;3252;0
Полюс;D;20161123;0;4425.0;4438.0;4401.0;4426.0;2770;0
Полюс;D;20161124;0;4411.0;4434.0;4400.0;4416.0;3759;0
Полюс;D;20161125;0;4409.0;4448.0;4391.0;4424.0;2788;0
Полюс;D;20161128;0;4429.0;4476.0;4404.0;4427.0;3515;0
Полюс;D;20161129;0;4424.0;4454.0;4405.0;4440.0;2557;0
Полюс;D;20161130;0;4439.0;4489.0;4260.0;4260.0;2376;0
Полюс;D;20161201;0;4376.0;4484.0;4376.0;4480.0;2308;0
Полюс;D;20161202;0;4485.0;4500.0;4420.0;4478.0;2467;0
Полюс;D;20161205;0;4451.0;4480.0;4426.0;4448.0;2830;0
Полюс;D;20161206;0;4444.0;4458.0;4431.0;4440.0;2260;0
Полюс;D;20161207;0;4431.0;4449.0;4420.0;4444.0;3872;0
Полюс;D;20161208;0;4415.0;4450.0;4410.0;4444.0;2785;0
Полюс;D;20161209;0;4418.0;4449.0;4418.0;4449.0;1213;0
Полюс;D;20161212;0;4430.0;4450.0;4402.0;4430.0;2921;0
Полюс;D;20161213;0;4412.0;4455.0;4400.0;4434.0;4179;0
Полюс;D;20161214;0;4426.0;4444.0;4408.0;4443.0;4455;0
Полюс;D;20161215;0;4440.0;4455.0;4416.0;4455.0;3090;0
Полюс;D;20161216;0;4459.0;4468.0;4426.0;4460.0;1618;0
Полюс;D;20161219;0;4474.0;4478.0;4410.0;4450.0;2286;0
Полюс;D;20161220;0;4437.0;4457.0;4424.0;4449.0;2152;0
Полюс;D;20161221;0;4430.0;4465.0;4420.0;4449.0;2838;0
Полюс;D;20161222;0;4467.0;4467.0;4410.0;4449.0;2539;0
Полюс;D;20161223;0;4439.0;4457.0;4415.0;4449.0;2112;0
Полюс;D;20161226;0;4441.0;4447.0;4400.0;4406.0;3898;0
Полюс;D;20161227;0;4401.0;4409.0;4371.0;4386.0;4019;0
Полюс;D;20161228;0;4370.0;4429.0;4370.0;4429.0;2850;0
Полюс;D;20161229;0;4426.0;4450.0;4403.0;4438.0;2588;0
Полюс;D;20161230;0;4416.0;4468.0;4416.0;4431.0;2435;0
Полюс;D;20170103;0;4449.0;4531.0;4435.0;4500.0;879;0
Полюс;D;20170104;0;4492.0;4531.0;4420.0;4500.0;920;0
Полюс;D;20170105;0;4496.0;4536.0;4496.0;4529.0;1214;0
Полюс;D;20170106;0;4529.0;4529.0;4518.0;4527.0;335;0
Полюс;D;20170109;0;4530.0;4530.0;4501.0;4521.0;1092;0
Полюс;D;20170110;0;4500.0;4530.0;4500.0;4525.0;451;0
Полюс;D;20170111;0;4502.0;4539.0;4502.0;4520.0;1089;0
Полюс;D;20170112;0;4500.0;4531.0;4500.0;4520.0;1694;0
Полюс;D;20170113;0;4524.0;4535.0;4520.0;4527.0;296;0
Полюс;D;20170116;0;4518.0;4613.0;4515.0;4607.0;3314;0
Полюс;D;20170117;0;4614.0;4794.0;4569.0;4642.0;5384;0
Полюс;D;20170118;0;4669.0;4671.0;4549.0;4590.0;2816;0
Полюс;D;20170119;0;4580.0;4636.0;4550.0;4600.0;1956;0
Полюс;D;20170120;0;4609.0;4613.0;4590.0;4613.0;1492;0
Полюс;D;20170123;0;4639.0;4659.0;4587.0;4601.0;2163;0
Полюс;D;20170124;0;4601.0;4608.0;4585.0;4599.0;1258;0
Полюс;D;20170125;0;4609.0;4651.0;4572.0;4590.0;3023;0
Полюс;D;20170126;0;4611.0;4630.0;4588.0;4620.0;3524;0
Полюс;D;20170127;0;4610.0;4617.0;4598.0;4609.0;2756;0
Полюс;D;20170130;0;4602.0;4610.0;4582.0;4606.0;2823;0
Полюс;D;20170131;0;4606.0;4650.0;4604.0;4648.0;3606;0
Полюс;D;20170201;0;4649.0;4649.0;4500.0;4586.0;1763;0
Полюс;D;20170202;0;4573.0;4585.0;4568.0;4575.0;1608;0
Полюс;D;20170203;0;4592.0;4592.0;4455.0;4564.0;2120;0
Полюс;D;20170206;0;4588.0;4588.0;4490.0;4495.0;1394;0
Полюс;D;20170207;0;4515.0;4515.0;4400.0;4449.0;1875;0
Полюс;D;20170208;0;4449.0;4515.0;4430.0;4501.0;2788;0
Полюс;D;20170209;0;4519.0;4571.0;4480.0;4481.0;1377;0
Полюс;D;20170210;0;4498.0;4499.0;4427.0;4470.0;4549;0
Полюс;D;20170213;0;4471.0;4487.0;4420.0;4445.0;2009;0
Полюс;D;20170214;0;4465.0;4479.0;4427.0;4450.0;2145;0
Полюс;D;20170215;0;4444.0;4464.0;4412.0;4447.0;1109;0
Полюс;D;20170216;0;4416.0;4458.0;4416.0;4450.0;1043;0
Полюс;D;20170217;0;4450.0;4468.0;4433.0;4450.0;1331;0
Полюс;D;20170220;0;4450.0;4484.0;4450.0;4451.0;383;0
Полюс;D;20170221;0;4465.0;4465.0;4445.0;4451.0;1658;0
Полюс;D;20170222;0;4481.0;4481.0;4450.0;4452.0;939;0
Полюс;D;20170224;0;4449.0;4458.0;4435.0;4452.0;51;0
Полюс;D;20170227;0;4463.0;4463.0;4404.0;4455.0;3162;0
Полюс;D;20170228;0;4407.0;4467.0;4201.0;4450.0;2486;0
Полюс;D;20170301;0;4400.0;4481.0;4393.0;4467.0;816;0
Полюс;D;20170302;0;4425.0;4460.0;4400.0;4459.0;1409;0
Полюс;D;20170303;0;4469.0;4469.0;4400.0;4455.0;1434;0
Полюс;D;20170306;0;4467.0;4500.0;4433.0;4459.0;1018;0
Полюс;D;20170307;0;4461.0;4480.0;4430.0;4470.0;2106;0
Полюс;D;20170309;0;4423.0;4459.0;4400.0;4439.0;2548;0
Полюс;D;20170310;0;4420.0;4465.0;4400.0;4450.0;1786;0
Полюс;D;20170313;0;4451.0;4474.0;4400.0;4450.0;2284;0
Полюс;D;20170314;0;4448.0;4465.0;4423.0;4455.0;489;0
Полюс;D;20170315;0;4455.0;4482.0;4412.0;4476.0;2480;0
Полюс;D;20170316;0;4476.0;4488.0;4342.0;4400.0;6358;0
Полюс;D;20170317;0;4390.0;4460.0;4390.0;4447.0;2811;0
Полюс;D;20170320;0;4430.0;4445.0;4375.0;4410.0;2187;0
Полюс;D;20170321;0;4389.0;4430.0;4346.0;4374.0;4070;0
Полюс;D;20170322;0;4369.0;4449.0;4358.0;4369.0;2633;0
Полюс;D;20170323;0;4370.0;4398.0;4320.0;4333.0;2947;0
Полюс;D;20170324;0;4349.0;4450.0;4349.0;4448.0;4297;0
Полюс;D;20170327;0;4437.0;4453.0;4399.0;4440.0;2111;0
Полюс;D;20170328;0;4416.0;4457.0;4402.0;4437.0;2155;0
Полюс;D;20170329;0;4438.0;4460.0;4404.0;4449.0;1470;0
Полюс;D;20170330;0;4417.0;4466.0;4409.0;4443.0;1831;0
Полюс;D;20170331;0;4438.0;4450.0;4410.0;4450.0;1501;0
Полюс;D;20170403;0;4413.0;4450.0;4400.0;4439.0;2257;0
Полюс;D;20170404;0;4426.0;4444.0;4348.0;4434.0;4280;0
Полюс;D;20170405;0;4440.0;4443.0;4358.0;4425.0;6049;0
Полюс;D;20170406;0;4432.0;4432.0;4395.0;4409.0;2939;0
Полюс;D;20170407;0;4391.0;4425.0;4391.0;4409.0;4425;0
Полюс;D;20170410;0;4419.0;4426.0;3520.0;4396.0;7697;0
Полюс;D;20170411;0;4395.0;4413.0;4356.0;4404.0;3289;0
Полюс;D;20170412;0;4391.0;4404.0;4379.0;4402.0;3682;0
Полюс;D;20170413;0;4402.0;4409.0;4379.0;4400.0;2310;0
Полюс;D;20170414;0;4400.0;4400.0;4350.0;4399.0;4220;0
Полюс;D;20170417;0;4391.0;4417.0;4389.0;4400.0;1423;0
Полюс;D;20170418;0;4375.0;4400.0;4375.0;4390.0;1859;0
Полюс;D;20170419;0;4390.0;4400.0;4172.0;4400.0;3863;0
Полюс;D;20170420;0;4400.0;4421.0;4378.0;4398.0;1299;0
Полюс;D;20170421;0;4382.0;4418.0;4376.0;4400.0;1235;0
Полюс;D;20170424;0;4439.0;4440.0;4380.0;4405.0;1896;0
Полюс;D;20170425;0;4409.0;4410.0;4372.0;4405.0;3394;0
Полюс;D;20170426;0;4410.0;4410.0;4355.0;4398.0;2530;0
Полюс;D;20170427;0;4400.0;4400.0;4374.0;4400.0;2343;0
Полюс;D;20170428;0;4400.0;4410.0;4390.0;4405.0;2141;0
Полюс;D;20170502;0;4405.0;4410.0;4382.0;4398.0;2621;0
Полюс;D;20170503;0;4370.0;4400.0;4367.0;4395.0;2957;0
Полюс;D;20170504;0;4390.0;4400.0;4371.0;4395.0;3571;0
Полюс;D;20170505;0;4381.0;4538.0;4379.0;4399.0;3243;0
Полюс;D;20170510;0;4400.0;4500.0;4379.0;4484.0;3411;0
Полюс;D;20170511;0;4487.0;4487.0;4430.0;4468.0;956;0
Полюс;D;20170512;0;4446.0;4489.0;4419.0;4479.0;3757;0
Полюс;D;20170515;0;4499.0;4499.0;4439.0;4460.0;1840;0
Полюс;D;20170516;0;4457.0;4466.0;4420.0;4450.0;4025;0
Полюс;D;20170517;0;4436.0;4476.0;4418.0;4461.0;2399;0
Полюс;D;20170518;0;4445.0;4501.0;4423.0;4500.0;3287;0
Полюс;D;20170519;0;4500.0;4501.0;4449.0;4478.0;2889;0
Полюс;D;20170522;0;4480.0;4480.0;4449.0;4469.0;1502;0
Полюс;D;20170523;0;4468.0;4475.0;4441.0;4447.0;2264;0
Полюс;D;20170524;0;4445.0;4454.0;4416.0;4416.0;3740;0
Полюс;D;20170525;0;4430.0;4445.0;4389.0;4445.0;2520;0
Полюс;D;20170526;0;4419.0;4461.0;4418.0;4437.0;1591;0
Полюс;D;20170529;0;4441.0;4445.0;4416.0;4440.0;2754;0
Полюс;D;20170530;0;4419.0;4450.0;4407.0;4445.0;2356;0
Полюс;D;20170531;0;4422.0;4463.0;4404.0;4427.0;6218;0
Полюс;D;20170601;0;4425.0;4440.0;4399.0;4425.0;3909;0
Полюс;D;20170602;0;4401.0;4440.0;4401.0;4423.0;4121;0
Полюс;D;20170605;0;4387.0;4449.0;4357.0;4440.0;10199;0
Полюс;D;20170606;0;4440.0;4455.0;4421.0;4450.0;7790;0
Полюс;D;20170607;0;4448.0;4468.0;4421.0;4466.0;3197;0
Полюс;D;20170608;0;4460.0;4460.0;4431.0;4443.0;21763;0
Полюс;D;20170609;0;4479.0;4479.0;4432.0;4445.0;3521;0
Полюс;D;20170613;0;4459.0;4467.0;4315.0;4428.0;27405;0
Полюс;D;20170614;0;4430.0;4469.0;4405.0;4460.0;10052;0
Полюс;D;20170615;0;4391.0;4419.0;4151.0;4400.0;16350;0
Полюс;D;20170616;0;4410.0;4410.0;4227.0;4236.0;1521;0
Полюс;D;20170619;0;4265.0;4304.0;4065.0;4102.0;9845;0
Полюс;D;20170620;0;4196.0;4275.0;4128.0;4228.0;2705;0
Полюс;D;20170621;0;4207.0;4274.0;4201.0;4215.0;2542;0
Полюс;D;20170622;0;4214.0;4252.0;4136.0;4196.0;8529;0
Полюс;D;20170623;0;4210.0;4265.0;4205.0;4237.0;1834;0
Полюс;D;20170626;0;4254.0;4254.0;4152.0;4175.0;1289;0
Полюс;D;20170627;0;4203.0;4215.0;4174.0;4200.0;2576;0
Полюс;D;20170628;0;4229.0;4347.0;4190.0;4203.0;1208;0
Полюс;D;20170629;0;4209.0;4237.0;4015.0;4030.0;3306;0
Полюс;D;20170630;0;3969.99;4100.01;3940.01;3971.08;39198;0
Полюс;D;20170703;0;3990.0;4195.26;3951.57;3955.0;22065;0
Полюс;D;20170704;0;3965.99;3970.0;3873.0;3923.78;15394;0
Полюс;D;20170705;0;3938.99;3939.0;3890.0;3905.71;12069;0
Полюс;D;20170706;0;3925.0;3955.17;3905.01;3939.95;35060;0
Полюс;D;20170707;0;3939.99;4000.01;3930.0;3995.0;34656;0
Полюс;D;20170710;0;4000.0;4009.99;3985.0;3994.97;31599;0
Полюс;D;20170711;0;4011.0;4057.0;4011.0;4047.97;13931;0
Полюс;D;20170712;0;4055.0;4068.0;4031.11;4031.12;11190;0
Полюс;D;20170713;0;4037.97;4064.96;4035.01;4059.0;13433;0
Полюс;D;20170714;0;3950.0;3997.95;3910.02;3925.81;14795;0
Полюс;D;20170717;0;3936.48;3950.0;3934.49;3941.49;12622;0
Полюс;D;20170718;0;3956.0;3958.8;3919.74;3935.0;9189;0
Полюс;D;20170719;0;3948.99;3949.0;3920.09;3932.0;5689;0
Полюс;D;20170720;0;3920.07;3934.96;3892.26;3900.0;7675;0
Полюс;D;20170721;0;3905.0;3905.0;3879.0;3885.15;4667;0
Полюс;D;20170724;0;3901.0;3937.87;3901.0;3929.97;4726;0
Полюс;D;20170725;0;3912.0;3930.0;3896.73;3906.0;10461;0
Полюс;D;20170726;0;3919.96;3919.96;3896.0;3896.0;7502;0
Полюс;D;20170727;0;3905.48;3910.0;3875.0;3903.06;6207;0
Полюс;D;20170728;0;3909.97;3909.97;3854.11;3888.0;3444;0
Полюс;D;20170731;0;3802.01;3910.0;3802.01;3909.75;7089;0
Полюс;D;20170801;0;3909.0;3939.0;3886.0;3918.0;22607;0
Полюс;D;20170802;0;3930.0;3966.0;3920.0;3942.0;18750;0
Полюс;D;20170803;0;3931.0;3970.0;3900.0;3921.0;16828;0
Полюс;D;20170804;0;3922.0;3998.0;3911.0;3954.0;18308;0
Полюс;D;20170807;0;3949.0;3985.0;3949.0;3956.0;18126;0
Полюс;D;20170808;0;3950.0;3986.0;3950.0;3951.0;20976;0
Полюс;D;20170809;0;3960.0;4045.0;3950.0;4032.0;32265;0
Полюс;D;20170810;0;4042.0;4232.0;4040.0;4203.0;56885;0
Полюс;D;20170811;0;4232.0;4350.0;4232.0;4300.0;49977;0
Полюс;D;20170814;0;4330.0;4387.0;4300.0;4310.0;27848;0
Полюс;D;20170815;0;4325.0;4325.0;4300.0;4312.0;35989;0
Полюс;D;20170816;0;4315.0;4316.0;4284.0;4310.0;38183;0
Полюс;D;20170817;0;4311.0;4379.0;4297.0;4343.0;27934;0
Полюс;D;20170818;0;4350.0;4359.0;4330.0;4330.0;25083;0
Полюс;D;20170821;0;4321.0;4348.0;4300.0;4300.0;25068;0
Полюс;D;20170822;0;4315.0;4339.0;4295.0;4310.0;22709;0
Полюс;D;20170823;0;4310.0;4344.0;4302.0;4320.0;20734;0
Полюс;D;20170824;0;4359.0;4359.0;4323.0;4336.0;19973;0
Полюс;D;20170825;0;4330.0;4337.0;4300.0;4310.0;27153;0
Полюс;D;20170828;0;4327.0;4329.0;4300.0;4316.0;6289;0
Полюс;D;20170829;0;4320.0;4575.0;4304.0;4523.0;76266;0
Полюс;D;20170830;0;4511.0;4607.0;4507.0;4607.0;22355;0
Полюс;D;20170831;0;4610.0;4615.0;4531.0;4547.0;19292;0
Полюс;D;20170901;0;4542.0;4618.0;4521.0;4608.0;20396;0
Полюс;D;20170904;0;4654.0;4800.0;4620.0;4700.0;18575;0
Полюс;D;20170905;0;4715.0;4730.0;4644.0;4676.0;26084;0
Полюс;D;20170906;0;4653.0;4710.0;4620.0;4652.0;22236;0
Полюс;D;20170907;0;4653.0;4685.0;4632.0;4666.0;18973;0
Полюс;D;20170908;0;4647.0;4795.0;4647.0;4747.0;20655;0
Полюс;D;20170911;0;4750.0;4778.0;4690.0;4778.0;27552;0
Полюс;D;20170912;0;4740.0;4760.0;4693.0;4693.0;23469;0
Полюс;D;20170913;0;4693.0;4736.0;4655.0;4680.0;20503;0
Полюс;D;20170914;0;4680.0;4718.0;4625.0;4628.0;22600;0
Полюс;D;20170915;0;4635.0;4839.0;4582.0;4599.0;16540;0
Полюс;D;20170918;0;4696.0;4696.0;4619.0;4631.0;15098;0
Полюс;D;20170919;0;4644.0;4668.0;4629.0;4630.0;26314;0
Полюс;D;20170920;0;4658.0;4670.0;4608.0;4629.0;21322;0
Полюс;D;20170921;0;4619.0;4622.0;4553.0;4600.0;33755;0
Полюс;D;20170922;0;4511.0;4540.0;4369.0;4450.0;27749;0
Полюс;D;20170925;0;4448.0;4450.0;4373.0;4435.0;20535;0
Полюс;D;20170926;0;4386.0;4464.0;4362.0;4362.0;27364;0
Полюс;D;20170927;0;4368.0;4460.0;4368.0;4445.0;29575;0
Полюс;D;20170928;0;4452.0;4479.0;4424.0;4438.0;18195;0
Полюс;D;20170929;0;4455.0;4480.0;4438.0;4450.0;20449;0
Полюс;D;20171002;0;4466.0;4529.0;4450.0;4520.0;26486;0
Полюс;D;20171003;0;4536.0;4558.0;4500.0;4526.0;23879;0
Полюс;D;20171004;0;4548.0;4565.0;4513.0;4545.0;27029;0
Полюс;D;20171005;0;4550.0;4581.0;4530.0;4578.0;20309;0
Полюс;D;20171006;0;4551.0;4591.0;4511.0;4543.0;22907;0
Полюс;D;20171009;0;4560.0;4588.0;4532.0;4585.0;18947;0
Полюс;D;20171010;0;4590.0;4604.0;4577.0;4597.0;25608;0
Полюс;D;20171011;0;4598.0;4603.0;4572.0;4590.0;23263;0
Полюс;D;20171012;0;4635.0;4652.0;4590.0;4620.0;37292;0
Полюс;D;20171013;0;4656.0;4665.0;4604.0;4625.0;26022;0
Полюс;D;20171016;0;4635.0;4667.0;4589.0;4667.0;27643;0
Полюс;D;20171017;0;4644.0;4688.0;4617.0;4656.0;29742;0
Полюс;D;20171018;0;4684.0;4810.0;4666.0;4785.0;35814;0
Полюс;D;20171019;0;4785.0;4833.0;4671.0;4728.0;57553;0
Полюс;D;20171020;0;4743.0;4787.0;4713.0;4784.0;30335;0
Полюс;D;20171023;0;4773.0;4789.0;4702.0;4703.0;22184;0
Полюс;D;20171024;0;4725.0;4778.0;4703.0;4740.0;24851;0
Полюс;D;20171025;0;4740.0;4770.0;4600.0;4625.0;28754;0
Полюс;D;20171026;0;4632.0;4659.0;4585.0;4605.0;16374;0
Полюс;D;20171027;0;4632.0;4718.0;4632.0;4671.0;32581;0
Полюс;D;20171030;0;4688.0;4707.0;4664.0;4689.0;20533;0
Полюс;D;20171031;0;4666.0;4814.0;4666.0;4804.0;42362;0
Полюс;D;20171101;0;4800.0;4847.0;4751.0;4816.0;32094;0
Полюс;D;20171102;0;4817.0;4850.0;4772.0;4778.0;17285;0
Полюс;D;20171103;0;4771.0;4835.0;4757.0;4830.0;30518;0
Полюс;D;20171107;0;4850.0;4911.0;4805.0;4823.0;44812;0
Полюс;D;20171108;0;4834.0;4883.0;4813.0;4823.0;59222;0
Полюс;D;20171109;0;4860.0;4930.0;4841.0;4930.0;71985;0
Полюс;D;20171110;0;4929.0;4950.0;4885.0;4943.0;48469;0
Полюс;D;20171113;0;4949.0;5031.0;4907.0;4994.0;70555;0
Полюс;D;20171114;0;5118.0;5209.0;5036.0;5182.0;248997;0
Полюс;D;20171115;0;5156.0;5242.0;5035.0;5083.0;140939;0
Полюс;D;20171116;0;5035.0;5100.0;4902.0;5060.0;89774;0
Полюс;D;20171117;0;5079.0;5117.0;4975.0;5070.0;87454;0
Полюс;D;20171120;0;5072.0;5191.0;5070.0;5070.0;125422;0
Полюс;D;20171121;0;5100.0;5137.0;5047.0;5110.0;124483;0
Полюс;D;20171122;0;5079.0;5079.0;4851.0;5046.0;165491;0
Полюс;D;20171123;0;5040.0;5045.0;4963.0;5030.0;93714;0
Полюс;D;20171124;0;5030.0;5052.0;4960.0;5010.0;101539;0
Полюс;D;20171127;0;5010.0;5050.0;4987.0;5050.0;205426;0
Полюс;D;20171128;0;5101.0;5101.0;5010.0;5055.0;179709;0
Полюс;D;20171129;0;5059.0;5100.0;4995.0;5050.0;190828;0
Полюс;D;20171130;0;5050.0;5109.0;4912.0;4912.0;1691610;0
Полюс;D;20171201;0;4920.0;4965.0;4878.0;4920.0;114078;0
Полюс;D;20171204;0;4950.0;4950.0;4822.0;4868.0;46588;0
Полюс;D;20171205;0;4852.0;4853.0;4569.0;4697.0;65458;0
Полюс;D;20171206;0;4696.0;4887.0;4670.0;4815.0;128337;0
Полюс;D;20171207;0;4850.0;4850.0;4730.0;4780.0;50368;0
Полюс;D;20171208;0;4800.0;4800.0;4620.0;4714.0;41851;0
Полюс;D;20171211;0;4700.0;4742.0;4625.0;4682.0;37934;0
Полюс;D;20171212;0;4668.0;4682.0;4596.0;4668.0;50051;0
Полюс;D;20171213;0;4608.0;4668.0;4291.0;4291.0;55343;0
Полюс;D;20171214;0;4315.0;4526.0;4314.0;4520.0;59080;0
Полюс;D;20171215;0;4503.0;4665.0;4439.0;4665.0;47114;0
Полюс;D;20171218;0;4608.0;4690.0;4601.0;4690.0;22645;0
Полюс;D;20171219;0;4671.0;4725.0;4574.0;4643.0;13517;0
Полюс;D;20171220;0;4622.0;4625.0;4575.0;4592.0;28221;0
Полюс;D;20171221;0;4598.0;4743.0;4395.0;4463.0;25577;0
Полюс;D;20171222;0;4443.0;4479.0;4398.0;4428.0;12554;0
Полюс;D;20171225;0;4411.0;4447.0;4360.0;4363.0;3838;0
Полюс;D;20171226;0;4356.0;4395.0;4356.0;4394.0;3646;0
Полюс;D;20171227;0;4398.0;4458.0;4330.0;4410.0;16101;0
Полюс;D;20171228;0;4430.0;4430.0;4375.0;4405.0;14476;0
Полюс;D;20171229;0;4416.0;4595.0;4352.0;4595.0;23341;0
Полюс;D;20180103;0;4595.0;4630.0;4428.0;4466.0;21907;0
Полюс;D;20180104;0;4455.0;4500.0;4433.0;4478.0;20670;0
Полюс;D;20180105;0;4483.0;4496.0;4420.0;4469.0;17850;0
Полюс;D;20180109;0;4476.0;4568.0;4464.0;4556.0;33366;0
Полюс;D;20180110;0;4527.0;4574.0;4411.0;4411.0;52753;0
Полюс;D;20180111;0;4429.0;4460.0;4357.0;4357.0;21882;0
Полюс;D;20180112;0;4378.0;4413.0;4278.0;4328.0;25976;0
Полюс;D;20180115;0;4309.0;4397.0;4094.0;4382.0;102046;0
Полюс;D;20180116;0;4380.0;4565.0;4365.0;4487.0;73930;0
Полюс;D;20180117;0;4499.0;4727.0;4467.0;4659.0;93469;0
Полюс;D;20180118;0;4683.0;4720.0;4452.0;4520.0;82459;0
Полюс;D;20180119;0;4520.0;4656.0;4328.0;4446.0;157122;0
Полюс;D;20180122;0;4447.0;4527.0;4383.0;4527.0;51577;0
Полюс;D;20180123;0;4505.0;4543.0;4410.0;4543.0;38657;0
Полюс;D;20180124;0;4522.0;4625.0;4507.0;4568.0;84120;0
Полюс;D;20180125;0;4595.0;4617.0;4521.0;4570.0;48276;0
Полюс;D;20180126;0;4575.0;4648.0;4500.0;4500.0;125655;0
Полюс;D;20180129;0;4518.0;4620.0;4450.0;4599.0;42701;0
Полюс;D;20180130;0;4600.0;4600.0;4523.0;4547.0;17817;0
Полюс;D;20180131;0;4550.0;4599.0;4527.0;4580.0;35674;0
Полюс;D;20180201;0;4566.0;4597.0;4505.0;4535.0;24445;0
Полюс;D;20180202;0;4535.0;4542.0;4500.0;4509.0;25632;0
Полюс;D;20180205;0;4491.0;4589.0;4476.0;4542.0;41526;0
Полюс;D;20180206;0;4512.0;4547.0;4462.0;4500.0;58319;0
Полюс;D;20180207;0;4517.0;4550.0;4351.0;4351.0;49047;0
Полюс;D;20180208;0;4340.0;4420.0;4340.0;4381.0;57537;0
Полюс;D;20180209;0;4341.0;4428.0;4313.0;4322.0;51136;0
Полюс;D;20180212;0;4378.0;4413.0;4306.0;4350.0;35718;0
Полюс;D;20180213;0;4358.0;4399.0;4337.0;4386.0;28898;0
Полюс;D;20180214;0;4400.0;4489.0;4350.0;4467.0;39499;0
Полюс;D;20180215;0;4468.0;4564.0;3674.0;4490.0;69282;0
Полюс;D;20180216;0;4545.0;4556.0;4481.0;4503.0;25508;0
Полюс;D;20180219;0;4495.0;4538.0;4371.0;4497.0;16624;0
Полюс;D;20180220;0;4474.0;4514.0;4450.0;4489.0;17686;0
Полюс;D;20180221;0;4465.0;4569.0;4451.0;4569.0;27381;0
Полюс;D;20180222;0;4564.0;4564.0;4472.0;4520.0;32161;0
Полюс;D;20180226;0;4520.0;4595.0;4477.0;4499.0;51094;0
Полюс;D;20180227;0;4517.0;4548.0;4471.0;4548.0;32833;0
Полюс;D;20180228;0;4519.0;4646.0;4491.0;4646.0;84052;0
Полюс;D;20180301;0;4550.0;4745.0;4521.0;4706.0;69444;0
Полюс;D;20180302;0;4720.0;4802.0;4690.0;4760.0;32957;0
Полюс;D;20180305;0;4720.0;4781.0;4701.0;4708.0;15490;0
Полюс;D;20180306;0;4711.0;4744.0;4630.0;4703.0;33973;0
Полюс;D;20180307;0;4670.0;4708.0;4581.0;4677.0;53213;0
Полюс;D;20180309;0;4690.0;4745.0;4656.0;4745.0;15670;0
Полюс;D;20180312;0;4744.0;4829.0;4729.0;4829.0;27016;0
Полюс;D;20180313;0;4800.0;4930.0;4781.0;4930.0;44911;0
Полюс;D;20180314;0;4920.0;4950.0;4835.0;4879.0;36429;0
Полюс;D;20180315;0;4860.0;4903.0;4769.0;4838.0;34255;0
Полюс;D;20180316;0;4850.0;4850.0;4767.0;4780.0;93553;0
Полюс;D;20180319;0;4777.0;4795.0;4701.0;4708.0;29730;0
Полюс;D;20180320;0;4725.0;4725.0;4642.0;4680.0;28747;0
Полюс;D;20180321;0;4666.0;4695.0;4550.0;4575.0;53566;0
Полюс;D;20180322;0;4600.0;4600.0;4455.0;4465.0;37510;0
Полюс;D;20180323;0;4462.0;4499.0;4388.0;4447.0;35955;0
Полюс;D;20180326;0;4450.0;4450.0;4393.0;4393.0;31472;0
Полюс;D;20180327;0;4393.0;4464.0;4330.0;4330.0;39057;0
Полюс;D;20180328;0;4329.0;4545.0;4328.0;4545.0;53375;0
Полюс;D;20180329;0;4535.0;4546.0;4454.0;4461.0;50427;0
Полюс;D;20180330;0;4479.0;4523.0;4469.0;4520.0;19829;0
Полюс;D;20180402;0;4531.0;4545.0;4387.0;4387.0;15556;0
Полюс;D;20180403;0;4408.0;4514.0;4404.0;4514.0;21966;0
Полюс;D;20180404;0;4512.0;4526.0;4471.0;4475.0;39455;0
Полюс;D;20180405;0;4486.0;4557.0;4483.0;4497.0;57718;0
Полюс;D;20180406;0;4512.0;4525.0;4325.0;4359.0;78146;0
Полюс;D;20180409;0;4390.0;4394.0;3208.0;3561.0;353567;0
Полюс;D;20180410;0;3548.0;3716.0;3334.0;3650.0;197675;0
Полюс;D;20180411;0;3701.0;3876.0;3582.0;3585.0;124818;0
Полюс;D;20180412;0;3666.0;3703.0;3551.0;3599.0;250620;0
Полюс;D;20180413;0;3605.0;3645.0;3514.0;3550.0;89118;0
Полюс;D;20180416;0;3512.0;3656.0;3435.0;3541.0;69432;0
Полюс;D;20180417;0;3570.0;3668.0;3570.0;3657.0;86172;0
Полюс;D;20180418;0;3651.0;3900.0;3642.0;3718.0;287365;0
Полюс;D;20180419;0;3769.0;3812.0;3727.0;3775.0;83235;0
Полюс;D;20180420;0;3769.0;3799.0;3751.0;3790.0;32839;0
Полюс;D;20180423;0;3815.0;3900.0;3709.0;3900.0;94394;0
Полюс;D;20180424;0;3880.0;4020.0;3840.0;3906.0;91761;0
Полюс;D;20180425;0;3886.0;3949.0;3806.0;3947.0;41247;0
Полюс;D;20180426;0;3950.0;3999.0;3905.0;3920.0;38534;0
Полюс;D;20180427;0;3930.0;3999.0;3929.0;3937.0;27715;0
Полюс;D;20180428;0;3937.0;3961.0;3911.0;3946.0;4655;0
Полюс;D;20180430;0;3950.0;4020.0;3929.0;3995.0;21501;0
Полюс;D;20180502;0;3982.0;3989.0;3850.0;3850.0;55302;0
Полюс;D;20180503;0;3896.0;3942.0;3850.0;3863.0;48401;0
Полюс;D;20180504;0;3881.0;3969.0;3875.0;3955.0;30751;0
Полюс;D;20180507;0;3973.0;4038.0;3969.0;3976.0;34623;0
Полюс;D;20180508;0;3960.0;3960.0;3890.0;3940.0;43871;0
Полюс;D;20180510;0;3945.0;3979.0;3862.0;3920.0;47647;0
Полюс;D;20180511;0;3935.0;3939.0;3857.0;3868.0;60739;0
Полюс;D;20180514;0;3884.0;3885.0;3810.0;3885.0;45532;0
Полюс;D;20180515;0;3850.0;3868.0;3737.0;3737.0;59624;0
Полюс;D;20180516;0;3724.0;3811.0;3705.0;3710.0;43259;0
Полюс;D;20180517;0;3721.0;3760.0;3685.0;3688.0;68992;0
Полюс;D;20180518;0;3700.0;3760.0;3696.0;3730.0;32996;0
Полюс;D;20180521;0;3741.0;3789.0;3721.0;3739.0;59519;0
Полюс;D;20180522;0;3777.0;3777.0;3703.0;3738.0;81226;0
Полюс;D;20180523;0;3765.0;3796.0;3701.0;3712.0;76938;0
Полюс;D;20180524;0;3717.0;3757.0;3715.0;3737.0;38140;0
Полюс;D;20180525;0;3775.0;3775.0;3721.0;3728.0;37663;0
Полюс;D;20180528;0;3739.0;3796.0;3734.0;3785.0;13618;0
Полюс;D;20180529;0;3787.0;3820.0;3731.0;3755.0;67226;0
Полюс;D;20180530;0;3745.0;3799.0;3725.0;3725.0;57423;0
Полюс;D;20180531;0;3739.0;3822.0;3721.0;3750.0;129451;0
Полюс;D;20180601;0;3761.0;3861.0;3761.0;3800.0;93632;0
Полюс;D;20180604;0;3808.0;3949.0;3808.0;3940.0;70894;0
Полюс;D;20180605;0;3941.0;3955.0;3919.0;3940.0;44236;0
Полюс;D;20180606;0;3940.0;3947.0;3910.0;3911.0;54527;0
Полюс;D;20180607;0;3939.0;3993.0;3909.0;3941.0;92439;0
Полюс;D;20180608;0;3837.0;3912.0;3785.0;3785.0;113229;0
Полюс;D;20180609;0;3825.0;3834.0;3800.0;3810.0;6568;0
Полюс;D;20180611;0;3800.0;3888.0;3790.0;3830.0;21457;0
Полюс;D;20180613;0;3850.0;3880.0;3833.0;3845.0;33068;0
Полюс;D;20180614;0;3825.0;3931.0;3817.0;3903.0;35420;0
Полюс;D;20180615;0;3870.0;3979.0;3870.0;3979.0;77611;0
Полюс;D;20180618;0;3970.0;3978.0;3870.0;3870.0;52297;0
Полюс;D;20180619;0;3858.0;3929.0;3822.0;3890.0;51743;0
Полюс;D;20180620;0;3906.0;3959.0;3877.0;3943.0;43971;0
Полюс;D;20180621;0;3958.0;3958.0;3806.0;3806.0;60607;0
Полюс;D;20180622;0;3809.0;3940.0;3806.0;3873.0;41267;0
Полюс;D;20180625;0;3873.0;3909.0;3862.0;3890.0;21788;0
Полюс;D;20180626;0;3899.0;3949.0;3860.0;3894.0;37122;0
Полюс;D;20180627;0;3910.0;3940.0;3870.0;3880.0;29959;0
Полюс;D;20180628;0;3870.0;4175.0;3870.0;4108.0;142231;0
Полюс;D;20180629;0;4112.0;4206.0;4012.0;4206.0;60689;0
Полюс;D;20180702;0;4186.0;4200.0;4129.0;4170.0;33812;0
Полюс;D;20180703;0;4170.0;4182.0;4079.0;4123.0;31824;0
Полюс;D;20180704;0;4106.0;4157.0;4103.0;4131.0;13586;0
Полюс;D;20180705;0;4120.0;4192.0;4106.0;4192.0;26452;0
Полюс;D;20180706;0;4175.0;4201.0;4151.0;4186.0;26183;0
Полюс;D;20180709;0;4196.0;4280.0;4190.0;4276.0;26163;0
Полюс;D;20180710;0;4276.0;4320.0;4214.0;4220.0;50498;0
Полюс;D;20180711;0;4207.0;4274.0;4187.0;4226.0;32772;0
Полюс;D;20180712;0;4210.0;4227.0;4102.0;4179.0;28465;0
Полюс;D;20180713;0;4179.0;4260.0;4158.0;4260.0;31337;0
Полюс;D;20180716;0;4260.0;4295.0;4144.0;4200.0;18813;0
Полюс;D;20180717;0;4199.0;4199.0;4020.0;4137.0;18504;0
Полюс;D;20180718;0;4157.0;4239.0;4131.0;4189.0;25501;0
Полюс;D;20180719;0;4203.0;4220.0;4120.0;4149.0;17218;0
Полюс;D;20180720;0;4136.0;4181.0;4077.0;4077.0;24838;0
Полюс;D;20180723;0;4093.0;4166.0;4089.0;4142.0;17738;0
Полюс;D;20180724;0;4185.0;4300.0;4141.0;4292.0;29381;0
Полюс;D;20180725;0;4224.0;4390.0;4183.0;4361.0;38241;0
Полюс;D;20180726;0;4361.0;4437.0;4345.0;4437.0;29329;0
Полюс;D;20180727;0;4430.0;4499.0;4387.0;4478.0;42299;0
Полюс;D;20180730;0;4401.0;4453.0;4334.0;4416.0;19553;0
Полюс;D;20180731;0;4395.0;4469.0;4288.0;4469.0;31524;0
Полюс;D;20180801;0;4448.0;4448.0;4348.0;4355.0;24963;0
Полюс;D;20180802;0;4380.0;4470.0;4354.0;4442.0;60653;0
Полюс;D;20180803;0;4440.0;4478.0;4211.0;4359.0;83011;0
Полюс;D;20180806;0;4352.0;4425.0;4305.0;4425.0;15192;0
Полюс;D;20180807;0;4423.0;4485.0;4398.0;4480.0;27544;0
Полюс;D;20180808;0;4486.0;4490.0;4350.0;4383.0;47934;0
Полюс;D;20180809;0;4383.0;4457.0;4350.0;4450.0;48939;0
Полюс;D;20180810;0;4199.0;4323.0;4021.0;4214.0;120740;0
Полюс;D;20180813;0;4232.0;4247.0;4103.0;4165.0;37340;0
Полюс;D;20180814;0;4200.0;4230.0;4130.0;4220.0;38722;0
Полюс;D;20180815;0;4244.0;4244.0;4033.0;4146.0;51132;0
Полюс;D;20180816;0;4166.0;4199.0;4091.0;4116.0;27298;0
Полюс;D;20180817;0;4132.0;4132.0;4006.0;4055.0;34069;0
Полюс;D;20180820;0;4096.0;4240.0;4096.0;4208.0;25840;0
Полюс;D;20180821;0;4177.0;4246.0;4150.0;4190.0;29140;0
Полюс;D;20180822;0;4197.0;4269.0;4167.0;4268.0;32614;0
Полюс;D;20180823;0;4268.0;4304.0;4231.0;4255.0;45409;0
Полюс;D;20180824;0;4250.0;4397.0;4180.0;4393.0;49708;0
Полюс;D;20180827;0;4350.0;4438.0;4306.0;4398.0;27679;0
Полюс;D;20180828;0;4400.0;4430.0;4290.0;4337.0;45941;0
Полюс;D;20180829;0;4330.0;4368.0;4191.0;4241.0;58938;0
Полюс;D;20180830;0;4250.0;4266.0;4113.0;4149.0;40961;0
Полюс;D;20180831;0;4155.0;4375.0;4111.0;4373.0;116641;0
Полюс;D;20180903;0;4354.0;4408.0;4340.0;4367.0;23285;0
Полюс;D;20180904;0;4332.0;4400.0;4266.0;4350.0;22358;0
Полюс;D;20180905;0;4291.0;4349.0;4278.0;4289.0;37961;0
Полюс;D;20180906;0;4289.0;4425.0;4270.0;4361.0;30984;0
Полюс;D;20180907;0;4358.0;4373.0;4266.0;4308.0;26248;0
Полюс;D;20180910;0;4310.0;4390.0;4281.0;4336.0;22440;0
Полюс;D;20180911;0;4331.0;4370.0;4296.0;4350.0;30211;0
Полюс;D;20180912;0;4345.0;4376.0;4150.0;4299.0;43338;0
Полюс;D;20180913;0;4300.0;4326.0;4202.0;4233.0;45519;0
Полюс;D;20180914;0;4238.0;4240.0;4100.0;4145.0;63517;0
Полюс;D;20180917;0;4156.0;4166.0;4054.0;4105.0;46538;0
Полюс;D;20180918;0;4110.0;4180.0;4082.0;4110.0;44857;0
Полюс;D;20180919;0;4127.0;4132.0;4077.0;4089.0;56691;0
Полюс;D;20180920;0;4100.0;4152.0;4075.0;4075.0;101171;0
Полюс;D;20180921;0;4077.0;4129.0;4070.0;4122.0;115738;0
Полюс;D;20180924;0;4124.0;4165.0;4055.0;4060.0;46946;0
Полюс;D;20180925;0;4079.0;4085.0;4053.0;4053.0;74394;0
Полюс;D;20180926;0;4066.0;4092.0;3928.0;4048.0;66414;0
Полюс;D;20180927;0;4050.0;4094.0;4014.0;4094.0;31906;0
Полюс;D;20180928;0;4090.0;4128.0;4033.0;4128.0;49276;0
Полюс;D;20181001;0;4107.0;4129.0;4072.0;4090.0;22272;0
Полюс;D;20181002;0;4094.0;4157.0;4071.0;4145.0;55400;0
Полюс;D;20181003;0;4150.0;4236.0;4149.0;4180.0;62963;0
Полюс;D;20181004;0;4167.0;4197.0;4136.0;4170.0;44561;0
Полюс;D;20181005;0;4170.0;4194.0;4111.0;4150.0;34975;0
Полюс;D;20181008;0;4192.0;4205.0;4152.0;4152.0;26150;0
Полюс;D;20181009;0;4142.0;4180.0;4131.0;4140.0;17439;0
Полюс;D;20181010;0;4150.0;4180.0;4090.0;4110.0;21288;0
Полюс;D;20181011;0;4085.0;4249.0;4060.0;4222.0;74849;0
Полюс;D;20181012;0;4225.0;4288.0;4153.0;4240.0;63105;0
Полюс;D;20181015;0;4206.0;4250.0;4204.0;4204.0;32843;0
Полюс;D;20181016;0;4235.0;4350.0;4234.0;4316.0;89016;0
Полюс;D;20181017;0;4219.0;4350.0;4218.0;4350.0;57137;0
Полюс;D;20181018;0;4350.0;4350.0;4268.0;4314.0;32726;0
Полюс;D;20181019;0;4327.0;4361.0;4270.0;4300.0;64209;0
Полюс;D;20181022;0;4300.0;4315.0;4205.0;4213.0;37056;0
Полюс;D;20181023;0;4214.0;4329.0;4125.0;4239.0;44036;0
Полюс;D;20181024;0;4252.0;4276.0;4165.0;4165.0;56935;0
Полюс;D;20181025;0;4130.0;4262.0;4130.0;4180.0;66107;0
Полюс;D;20181026;0;4127.0;4187.0;4087.0;4137.0;81595;0
Полюс;D;20181029;0;4137.0;4220.0;4112.0;4200.0;34199;0
Полюс;D;20181030;0;4170.0;4194.0;4099.0;4099.0;50174;0
Полюс;D;20181031;0;4105.0;4152.0;4076.0;4152.0;46252;0
Полюс;D;20181101;0;4137.0;4155.0;4111.0;4148.5;39447;0
Полюс;D;20181102;0;4150.0;4200.5;4150.0;4185.0;31162;0
Полюс;D;20181106;0;4184.0;4233.5;4175.0;4214.0;41529;0
Полюс;D;20181107;0;4225.0;4258.5;4152.0;4247.0;64651;0
Полюс;D;20181108;0;4250.0;4260.0;4195.5;4260.0;48687;0
Полюс;D;20181109;0;4225.5;4356.0;4219.0;4356.0;39073;0
Полюс;D;20181112;0;4312.0;4370.0;4312.0;4330.0;28783;0
Полюс;D;20181113;0;4311.5;4370.0;4283.0;4323.5;26509;0
Полюс;D;20181114;0;4340.0;4409.5;4304.5;4400.0;42290;0
Полюс;D;20181115;0;4400.0;4430.0;4329.5;4329.5;46708;0
Полюс;D;20181116;0;4360.0;4377.5;4295.0;4295.0;26789;0
Полюс;D;20181119;0;4322.5;4485.0;4307.0;4480.0;54526;0
Полюс;D;20181120;0;4480.0;4480.0;4377.0;4450.0;36115;0
Полюс;D;20181121;0;4401.0;4589.0;4386.0;4550.0;77790;0
Полюс;D;20181122;0;4550.5;4777.0;4519.0;4689.0;97034;0
Полюс;D;20181123;0;4660.0;4749.0;4555.0;4732.0;42574;0
Полюс;D;20181126;0;4686.0;4777.0;4451.5;4752.0;71596;0
Полюс;D;20181127;0;4709.0;4771.5;4675.0;4700.0;64896;0
Полюс;D;20181128;0;4647.0;4744.0;4630.0;4688.5;42610;0
Полюс;D;20181129;0;4688.0;4738.5;4665.5;4704.0;39678;0
Полюс;D;20181130;0;4660.0;4827.5;4660.0;4827.5;95924;0
Полюс;D;20181203;0;4827.5;4875.0;4660.0;4695.5;84432;0
Полюс;D;20181204;0;4726.5;4750.0;4680.5;4715.0;46105;0
Полюс;D;20181205;0;4702.0;4788.5;4690.0;4780.0;37817;0
Полюс;D;20181206;0;4760.0;4810.0;4715.0;4775.0;22684;0
Полюс;D;20181207;0;4765.0;4868.0;4753.5;4847.5;42177;0
Полюс;D;20181210;0;4849.5;5025.0;4834.5;5024.5;84801;0
Полюс;D;20181211;0;5024.5;5047.5;4825.5;4873.5;76881;0
Полюс;D;20181212;0;4844.0;4934.5;4770.0;4878.0;25329;0
Полюс;D;20181213;0;4900.5;5044.5;4875.0;4999.0;51222;0
Полюс;D;20181214;0;4999.0;5070.0;4922.5;4991.5;49780;0
Полюс;D;20181217;0;4995.0;5045.5;4945.0;5024.5;26276;0
Полюс;D;20181218;0;5005.5;5088.0;4875.0;5053.0;58485;0
Полюс;D;20181219;0;5048.0;5213.5;5048.0;5175.5;78850;0
Полюс;D;20181220;0;5215.0;5275.0;4980.5;5167.0;116067;0
Полюс;D;20181221;0;5161.0;5300.0;5142.0;5300.0;111087;0
Полюс;D;20181224;0;5294.5;5399.0;5256.0;5300.0;35211;0
Полюс;D;20181225;0;5360.0;5374.5;5209.0;5219.0;16457;0
Полюс;D;20181226;0;5276.0;5276.0;5122.5;5200.0;20941;0
Полюс;D;20181227;0;5228.5;5380.0;5144.0;5298.5;50138;0
Полюс;D;20181228;0;5307.0;5410.5;5307.0;5392.0;34462;0
Полюс;D;20181229;0;5399.5;5399.5;5351.0;5399.0;3525;0
Полюс;D;20190103;0;5400.0;5468.0;5281.0;5299.5;27782;0
Полюс;D;20190104;0;5325.5;5349.0;5250.0;5286.5;34476;0
Полюс;D;20190108;0;5260.0;5260.0;5060.0;5134.5;46091;0
Полюс;D;20190109;0;5121.5;5275.0;5121.5;5275.0;38262;0
Полюс;D;20190110;0;5270.0;5414.0;5243.5;5414.0;61688;0
Полюс;D;20190111;0;5390.5;5416.0;5325.0;5416.0;49216;0
Полюс;D;20190114;0;5364.0;5412.5;5340.0;5372.5;41119;0
Полюс;D;20190115;0;5375.5;5409.0;5365.0;5365.0;27745;0
Полюс;D;20190116;0;5350.5;5395.5;5290.0;5339.5;44198;0
Полюс;D;20190117;0;5373.0;5442.0;5314.5;5400.0;40927;0
Полюс;D;20190118;0;5380.0;5407.0;5340.0;5370.0;38248;0
Полюс;D;20190121;0;5350.0;5391.0;5324.0;5330.0;21163;0
Полюс;D;20190122;0;5344.0;5398.0;5317.0;5398.0;44077;0
Полюс;D;20190123;0;5401.5;5437.5;5365.0;5400.0;32780;0
Полюс;D;20190124;0;5404.0;5412.0;5327.0;5359.0;49776;0
Полюс;D;20190125;0;5369.0;5395.0;5330.0;5390.0;40470;0
Полюс;D;20190128;0;5406.5;5409.0;5321.0;5371.5;28555;0
Полюс;D;20190129;0;5343.0;5600.0;5343.0;5550.0;52483;0
Полюс;D;20190130;0;5550.0;5574.5;5460.5;5548.0;44779;0
Полюс;D;20190131;0;5569.5;5678.0;5482.0;5494.0;66688;0
Полюс;D;20190201;0;5529.5;5529.5;5465.5;5521.5;45824;0
Полюс;D;20190204;0;5508.0;5532.0;5470.0;5490.5;20202;0
Полюс;D;20190205;0;5495.5;5526.5;5477.0;5526.5;25246;0
Полюс;D;20190206;0;5525.0;5555.0;5468.5;5530.0;46265;0
Полюс;D;20190207;0;5508.5;5527.5;5464.5;5475.5;36882;0
Полюс;D;20190208;0;5488.0;5522.5;5380.5;5440.0;49481;0
Полюс;D;20190211;0;5400.0;5468.0;5297.5;5300.0;54656;0
Полюс;D;20190212;0;5306.0;5370.0;5278.5;5300.0;52137;0
Полюс;D;20190213;0;5305.5;5325.0;5213.5;5213.5;61087;0
Полюс;D;20190214;0;5202.5;5359.0;5148.0;5320.0;65445;0
Полюс;D;20190215;0;5340.0;5403.5;5327.5;5344.5;66213;0
Полюс;D;20190218;0;5359.5;5449.5;5300.0;5430.5;99942;0
Полюс;D;20190219;0;5430.5;5488.0;5400.0;5445.0;49038;0
Полюс;D;20190220;0;5460.0;5478.0;5405.5;5445.0;62087;0
Полюс;D;20190221;0;5459.5;5459.5;5327.0;5370.0;85608;0
Полюс;D;20190222;0;5369.5;5398.0;5297.5;5360.0;57742;0
Полюс;D;20190225;0;5340.5;5376.5;5319.0;5373.0;25198;0
Полюс;D;20190226;0;5360.0;5489.0;5334.0;5445.0;202870;0
Полюс;D;20190227;0;5450.0;5494.0;5410.5;5450.0;106649;0
Полюс;D;20190228;0;5409.0;5470.0;5342.0;5470.0;92935;0
Полюс;D;20190301;0;5460.0;5460.0;5350.0;5350.5;48325;0
Полюс;D;20190304;0;5350.5;5372.0;5092.0;5092.0;72335;0
Полюс;D;20190305;0;5092.0;5184.0;5020.0;5139.5;69058;0
Полюс;D;20190306;0;5124.0;5296.5;5124.0;5205.5;53376;0
Полюс;D;20190307;0;5205.5;5256.0;5128.0;5200.0;33387;0
Полюс;D;20190311;0;5220.5;5282.5;5176.5;5235.0;76311;0
Полюс;D;20190312;0;5237.5;5325.0;5220.5;5325.0;65093;0
Полюс;D;20190313;0;5320.0;5445.0;5292.0;5444.5;121299;0
Полюс;D;20190314;0;5430.0;5482.0;5420.0;5468.0;70559;0
Полюс;D;20190315;0;5480.0;5490.0;5343.5;5343.5;201290;0
Полюс;D;20190318;0;5399.5;5589.0;5390.0;5460.5;81701;0
Полюс;D;20190319;0;5492.0;5496.0;5433.0;5493.0;34887;0
Полюс;D;20190320;0;5494.0;5499.5;5310.5;5342.0;139040;0
Полюс;D;20190321;0;5364.0;5485.0;5360.0;5394.0;68339;0
Полюс;D;20190322;0;5394.0;5420.0;5372.0;5393.5;35965;0
Полюс;D;20190325;0;5396.0;5396.0;5257.5;5260.0;42301;0
Полюс;D;20190326;0;5298.0;5434.0;5249.5;5434.0;96348;0
Полюс;D;20190327;0;5413.5;5433.5;5379.5;5410.0;49566;0
Полюс;D;20190328;0;5408.5;5439.5;5375.0;5416.5;29432;0
Полюс;D;20190329;0;5412.0;5439.5;5357.0;5437.0;37543;0
Полюс;D;20190401;0;5417.0;5460.0;5400.0;5421.5;24663;0
Полюс;D;20190402;0;5411.0;5485.0;5405.0;5480.0;16348;0
Полюс;D;20190403;0;5445.0;5469.5;5206.0;5320.0;376908;0
Полюс;D;20190404;0;5230.0;5257.0;5081.5;5100.0;786452;0
Полюс;D;20190405;0;5139.5;5153.5;5093.5;5096.0;131557;0
Полюс;D;20190408;0;5130.0;5153.5;5111.0;5141.0;413639;0
Полюс;D;20190409;0;5163.0;5175.0;5062.0;5092.0;149008;0
Полюс;D;20190410;0;5091.5;5091.5;4972.0;4990.0;207882;0
Полюс;D;20190411;0;5000.0;5013.5;4902.5;4930.0;122092;0
Полюс;D;20190412;0;4930.0;4986.0;4915.0;4950.0;55735;0
Полюс;D;20190415;0;4941.5;4947.5;4835.0;4835.0;131093;0
Полюс;D;20190416;0;4840.0;4954.0;4840.0;4922.0;153629;0
Полюс;D;20190417;0;4952.0;4982.0;4927.0;4950.0;73872;0
Полюс;D;20190418;0;4933.0;4982.0;4930.5;4982.0;75642;0
Полюс;D;20190419;0;4981.5;5019.0;4967.5;5000.0;19717;0
Полюс;D;20190422;0;5015.0;5055.0;4982.5;5049.0;40042;0
Полюс;D;20190423;0;5050.0;5060.5;4901.0;4905.0;90775;0
Полюс;D;20190424;0;4914.5;4970.0;4900.0;4965.0;79042;0
Полюс;D;20190425;0;4942.0;4983.0;4940.0;4957.0;52549;0
Полюс;D;20190426;0;4978.5;5073.5;4944.5;5060.0;78357;0
Полюс;D;20190429;0;5057.0;5084.0;5031.5;5052.5;42495;0
Полюс;D;20190430;0;5051.0;5094.0;5037.5;5037.5;48979;0
Полюс;D;20190502;0;5035.0;5060.5;4984.0;5040.0;16898;0
Полюс;D;20190503;0;5035.0;5085.0;5013.5;5050.0;28387;0
Полюс;D;20190506;0;5050.0;5095.0;5006.5;5055.0;33568;0
Полюс;D;20190507;0;5035.0;5085.5;5021.0;5033.0;40129;0
Полюс;D;20190508;0;5041.0;5068.5;5019.0;5019.0;46235;0
Полюс;D;20190510;0;5021.0;5057.0;4981.5;4990.0;33210;0
Полюс;D;20190513;0;4996.5;5050.0;4996.5;5001.0;67243;0
Полюс;D;20190514;0;5042.5;5044.0;5004.0;5018.0;121835;0
Полюс;D;20190515;0;4969.5;4973.0;4908.0;4950.0;74601;0
Полюс;D;20190516;0;4960.0;4976.0;4924.5;4930.0;45462;0
Полюс;D;20190517;0;4925.0;4940.0;4844.0;4844.5;78972;0
Полюс;D;20190520;0;4870.0;4874.0;4760.0;4773.0;66960;0
Полюс;D;20190521;0;4778.0;4862.0;4778.0;4833.0;47274;0
Полюс;D;20190522;0;4830.0;4915.5;4823.5;4906.0;48645;0
Полюс;D;20190523;0;4895.0;4972.0;4891.0;4972.0;85720;0
Полюс;D;20190524;0;4975.0;5001.5;4943.0;4985.0;55233;0
Полюс;D;20190527;0;4987.0;4995.0;4941.5;4985.5;15996;0
Полюс;D;20190528;0;4987.0;5010.0;4956.0;4970.0;185264;0
Полюс;D;20190529;0;4969.0;5053.0;4963.5;5053.0;94526;0
Полюс;D;20190530;0;5060.0;5083.0;5036.5;5075.0;58289;0
Полюс;D;20190531;0;5065.0;5170.5;5060.5;5170.5;150799;0
Полюс;D;20190603;0;5179.5;5249.5;5175.0;5244.0;119818;0
Полюс;D;20190604;0;5249.0;5269.5;5216.0;5269.5;60566;0
Полюс;D;20190605;0;5270.0;5328.0;5260.0;5323.0;61059;0
Полюс;D;20190606;0;5316.5;5345.5;5280.0;5326.0;48022;0
Полюс;D;20190607;0;5322.0;5460.0;5305.0;5460.0;120584;0
Полюс;D;20190610;0;5440.0;5491.5;5330.5;5485.0;200776;0
Полюс;D;20190611;0;5478.0;5576.0;5464.5;5576.0;147501;0
Полюс;D;20190613;0;5575.0;5637.0;5552.5;5580.0;229087;0
Полюс;D;20190614;0;5600.0;5740.0;5585.0;5721.0;218379;0
Полюс;D;20190617;0;5749.5;5791.0;5600.0;5600.0;113002;0
Полюс;D;20190618;0;5618.0;5729.5;5610.0;5646.0;184852;0
Полюс;D;20190619;0;5649.0;5726.0;5487.0;5560.0;96346;0
Полюс;D;20190620;0;5650.0;5692.0;5610.0;5638.5;183843;0
Полюс;D;20190621;0;5651.0;5808.5;5612.5;5805.5;152263;0
Полюс;D;20190624;0;5800.0;5973.5;5747.5;5931.0;109138;0
Полюс;D;20190625;0;5947.0;5989.5;5885.0;5931.0;90992;0
Полюс;D;20190626;0;5910.0;5964.5;5825.5;5896.0;90815;0
Полюс;D;20190627;0;5875.0;5924.5;5801.0;5836.0;80250;0
Полюс;D;20190628;0;5850.0;5869.5;5764.5;5828.0;63243;0
Полюс;D;20190701;0;5775.0;5809.5;5650.0;5695.0;183789;0
Полюс;D;20190702;0;5674.5;5848.0;5674.5;5848.0;114999;0
Полюс;D;20190703;0;5905.0;6058.0;5853.5;6029.0;194616;0
Полюс;D;20190704;0;6030.0;6114.5;5958.0;6108.5;65089;0
Полюс;D;20190705;0;6100.5;6284.0;6064.0;6200.0;214330;0
Полюс;D;20190708;0;6217.0;6269.5;6188.5;6225.0;84778;0
Полюс;D;20190709;0;6196.0;6259.5;6174.0;6209.0;92244;0
Полюс;D;20190710;0;6265.5;6357.5;6150.5;6293.0;142451;0
Полюс;D;20190711;0;6337.0;6361.5;6165.0;6225.0;128801;0
Полюс;D;20190712;0;6200.0;6400.0;6132.5;6316.0;170676;0
Полюс;D;20190715;0;6322.0;6343.0;6258.0;6300.0;56649;0
Полюс;D;20190716;0;6283.0;6397.0;6283.0;6371.5;53096;0
Полюс;D;20190717;0;6355.0;6398.0;6308.0;6385.0;47027;0
Полюс;D;20190718;0;6393.0;6430.0;6333.5;6413.0;39099;0
Полюс;D;20190719;0;6430.0;6499.5;6413.0;6472.0;63011;0
Полюс;D;20190722;0;6522.5;6550.0;6450.5;6476.0;87393;0
Полюс;D;20190723;0;6430.0;6451.5;6201.0;6400.0;119180;0
Полюс;D;20190724;0;6400.0;6427.0;6315.5;6416.0;56268;0
Полюс;D;20190725;0;6412.5;6490.0;6362.5;6490.0;63737;0
Полюс;D;20190726;0;6485.0;6495.0;6341.5;6412.5;72992;0
Полюс;D;20190729;0;6411.5;6485.0;6380.0;6467.5;28479;0
Полюс;D;20190730;0;6487.5;6501.0;6451.5;6500.0;30545;0
Полюс;D;20190731;0;6500.0;6500.0;6460.0;6460.0;54126;0
Полюс;D;20190801;0;6433.0;6465.5;6374.5;6431.0;55558;0
Полюс;D;20190802;0;6479.0;6582.0;6436.5;6510.0;119957;0
Полюс;D;20190805;0;6559.5;6890.0;6547.5;6844.5;211893;0
Полюс;D;20190806;0;6900.0;6986.5;6782.0;6791.5;184406;0
Полюс;D;20190807;0;6840.0;6979.5;6827.5;6944.0;113375;0
Полюс;D;20190808;0;6950.0;6967.0;6880.5;6897.5;80367;0
Полюс;D;20190809;0;6932.5;7035.5;6911.5;7010.0;119776;0
Полюс;D;20190812;0;7009.5;7116.5;6971.5;7090.0;131842;0
Полюс;D;20190813;0;7194.0;7199.5;6886.0;7024.0;239036;0
Полюс;D;20190814;0;6960.0;7249.0;6951.5;7194.0;146955;0
Полюс;D;20190815;0;7222.0;7300.0;7161.0;7254.0;143390;0
Полюс;D;20190816;0;7254.0;7265.0;7093.5;7130.0;174973;0
Полюс;D;20190819;0;7130.0;7250.0;7068.0;7200.0;222363;0
Полюс;D;20190820;0;7217.0;7350.0;7217.0;7314.0;168356;0
Полюс;D;20190821;0;7335.0;7340.5;7188.5;7244.0;146547;0
Полюс;D;20190822;0;7259.5;7270.0;7100.0;7236.0;196581;0
Полюс;D;20190823;0;7252.0;7308.0;7181.5;7280.0;130080;0
Полюс;D;20190826;0;7337.0;7490.0;7314.5;7485.0;153337;0
Полюс;D;20190827;0;7500.0;7623.5;7452.0;7574.0;236146;0
Полюс;D;20190828;0;7575.0;7578.5;7443.0;7510.0;105398;0
Полюс;D;20190829;0;7535.0;7600.0;7508.5;7524.0;106187;0
Полюс;D;20190830;0;7511.0;7665.0;7464.5;7665.0;176967;0
Полюс;D;20190902;0;7670.0;7672.0;7550.5;7600.0;67417;0
Полюс;D;20190903;0;7587.5;7647.0;7551.0;7618.5;61379;0
Полюс;D;20190904;0;7628.0;7638.5;7506.5;7573.5;137694;0
Полюс;D;20190905;0;7595.0;7600.0;7352.5;7400.0;134432;0
Полюс;D;20190906;0;7390.0;7525.0;6527.0;7470.0;231997;0
Полюс;D;20190909;0;7469.0;7480.0;7279.5;7383.0;96371;0
Полюс;D;20190910;0;7325.0;7370.0;7258.0;7301.0;118141;0
Полюс;D;20190911;0;7260.0;7448.0;7216.5;7440.0;144796;0
Полюс;D;20190912;0;7406.5;7507.5;7380.0;7500.0;93706;0
Полюс;D;20190913;0;7507.5;7622.0;7400.0;7457.5;101679;0
Полюс;D;20190916;0;7457.5;7809.0;7434.5;7636.0;132776;0
Полюс;D;20190917;0;7636.0;7750.0;7582.0;7734.0;86928;0
Полюс;D;20190918;0;7767.5;7800.0;7720.5;7784.5;102820;0
Полюс;D;20190919;0;7756.5;7768.5;7702.5;7731.0;63794;0
Полюс;D;20190920;0;7748.5;7799.0;7661.0;7770.0;83507;0
Полюс;D;20190923;0;7780.5;7790.5;7593.0;7640.0;92011;0
Полюс;D;20190924;0;7649.0;7737.0;7647.5;7720.5;57251;0
Полюс;D;20190925;0;7749.5;7833.0;7718.0;7778.5;74454;0
Полюс;D;20190926;0;7786.0;7790.0;7684.0;7775.0;60503;0
Полюс;D;20190927;0;7773.0;7792.5;7500.0;7561.5;114144;0
Полюс;D;20190930;0;7652.0;7652.0;7426.5;7545.0;101545;0
Полюс;D;20191001;0;7502.0;7581.0;7412.5;7549.0;96092;0
Полюс;D;20191002;0;7544.0;7594.0;7451.0;7452.0;60519;0
Полюс;D;20191003;0;7513.0;7538.5;7421.0;7477.5;31429;0
Полюс;D;20191004;0;7509.5;7570.0;7462.5;7525.0;37410;0
Полюс;D;20191007;0;7538.0;7564.0;7473.0;7515.0;37064;0
Полюс;D;20191008;0;7500.0;7739.0;7483.5;7680.0;96279;0
Полюс;D;20191009;0;7541.5;7631.0;7540.0;7575.5;77103;0
Полюс;D;20191010;0;7580.0;7585.0;7482.5;7530.5;42627;0
Полюс;D;20191011;0;7510.0;7511.0;7224.0;7260.0;122622;0
Полюс;D;20191014;0;7300.0;7317.5;7116.0;7159.0;85542;0
Полюс;D;20191015;0;7160.5;7300.0;7026.0;7111.0;105609;0
Полюс;D;20191016;0;7111.0;7331.0;7097.5;7286.5;67647;0
Полюс;D;20191017;0;7287.0;7344.5;7100.0;7210.0;95165;0
Полюс;D;20191018;0;7240.0;7400.0;7171.0;7400.0;53962;0
Полюс;D;20191021;0;7397.5;7409.0;7156.0;7213.0;97203;0
Полюс;D;20191022;0;7214.5;7289.0;7086.0;7130.0;100796;0
Полюс;D;20191023;0;7160.0;7230.0;7112.0;7160.0;75088;0
Полюс;D;20191024;0;7150.0;7300.0;7118.0;7276.5;69377;0
Полюс;D;20191025;0;7294.0;7304.5;7164.0;7259.0;53853;0
Полюс;D;20191028;0;7230.0;7493.5;7214.5;7301.0;98248;0
Полюс;D;20191029;0;7300.0;7398.5;7246.5;7297.0;72673;0
Полюс;D;20191030;0;7305.5;7354.0;7170.0;7354.0;80881;0
Полюс;D;20191031;0;7360.0;7641.5;7346.5;7469.0;206119;0
Полюс;D;20191101;0;7470.0;7621.0;7400.0;7400.0;133946;0
Полюс;D;20191105;0;7474.0;7568.0;7325.0;7377.0;180565;0
Полюс;D;20191106;0;7359.0;7616.0;7359.0;7616.0;185409;0
Полюс;D;20191107;0;7599.5;7616.5;7402.0;7415.0;119211;0
Полюс;D;20191108;0;7347.5;7417.5;7140.0;7195.0;164754;0
Полюс;D;20191111;0;7197.0;7319.0;7158.0;7185.0;72559;0
Полюс;D;20191112;0;7190.0;7210.0;7003.5;7047.5;130785;0
Полюс;D;20191113;0;7068.0;7169.5;7060.0;7137.0;85464;0
Полюс;D;20191114;0;7145.0;7170.0;7040.0;7093.0;124377;0
Полюс;D;20191115;0;7092.0;7100.0;7005.0;7084.0;73793;0
Полюс;D;20191118;0;7050.5;7078.5;6930.0;7052.5;114045;0
Полюс;D;20191119;0;7050.0;7060.0;6957.0;6983.5;75768;0
Полюс;D;20191120;0;6995.0;7135.0;6986.0;7040.5;94364;0
Полюс;D;20191121;0;7018.0;7049.0;6814.5;6832.0;133485;0
Полюс;D;20191122;0;6870.0;6927.5;6835.5;6927.5;79980;0
Полюс;D;20191125;0;6924.5;6925.0;6780.0;6792.0;96791;0
Полюс;D;20191126;0;6780.0;6790.0;6666.0;6728.5;378814;0
Полюс;D;20191127;0;6705.0;6875.5;6703.5;6822.0;111094;0
Полюс;D;20191128;0;6790.0;6899.0;6770.5;6840.5;63253;0
Полюс;D;20191129;0;6838.5;6895.0;6821.5;6891.0;66095;0
Полюс;D;20191202;0;6882.0;6949.5;6874.5;6885.0;53246;0
Полюс;D;20191203;0;6870.0;7015.0;6828.0;6996.0;139323;0
Полюс;D;20191204;0;7000.0;7047.5;6933.5;6933.5;94763;0
Полюс;D;20191205;0;6935.5;6990.0;6833.0;6894.0;88415;0
Полюс;D;20191206;0;6870.0;6945.5;6725.0;6758.0;129597;0
Полюс;D;20191209;0;6760.0;6822.5;6720.0;6792.0;52843;0
Полюс;D;20191210;0;6792.0;6852.0;6740.5;6842.5;66862;0
Полюс;D;20191211;0;6842.0;7189.5;6796.0;7142.5;168156;0
Полюс;D;20191212;0;7159.5;7265.0;7080.0;7095.0;127208;0
Полюс;D;20191213;0;7049.5;7128.0;6957.5;6987.0;116240;0
Полюс;D;20191216;0;7023.0;7065.0;6986.5;7000.0;45077;0
Полюс;D;20191217;0;7024.5;7070.0;6866.0;6941.0;123007;0
Полюс;D;20191218;0;6932.0;6980.5;6889.5;6959.0;118381;0
Полюс;D;20191219;0;6952.0;6974.0;6850.0;6855.0;95909;0
Полюс;D;20191220;0;6879.5;6907.5;6771.5;6771.5;62766;0
Полюс;D;20191223;0;6789.5;6941.5;6780.5;6868.0;71772;0
Полюс;D;20191224;0;6900.0;6967.5;6892.0;6940.5;44393;0
Полюс;D;20191225;0;6970.0;6989.0;6937.0;6976.5;17903;0
Полюс;D;20191226;0;6990.0;7140.0;6965.0;7140.0;56719;0
Полюс;D;20191227;0;7110.5;7175.0;7101.0;7145.0;61435;0
Полюс;D;20191230;0;7123.0;7170.0;7025.0;7103.5;68236;0
Полюс;D;20200103;0;7177.0;7286.0;7157.5;7286.0;122316;0
Полюс;D;20200106;0;7370.0;7525.0;7359.5;7421.5;140372;0
Полюс;D;20200108;0;7530.0;7600.0;7456.5;7468.0;122933;0
Полюс;D;20200109;0;7435.0;7435.0;7240.0;7326.0;105171;0
Полюс;D;20200110;0;7329.0;7329.0;7185.0;7220.0;81847;0
Полюс;D;20200113;0;7195.0;7357.5;7162.0;7357.5;91594;0
Полюс;D;20200114;0;7328.5;7484.0;7275.0;7391.0;114099;0
Полюс;D;20200115;0;7407.0;7435.0;7321.0;7421.5;93684;0
Полюс;D;20200116;0;7421.5;7462.0;7335.0;7379.0;87620;0
Полюс;D;20200117;0;7378.0;7452.5;7352.5;7360.0;85253;0
Полюс;D;20200120;0;7400.5;7400.5;7354.0;7385.0;48198;0
Полюс;D;20200121;0;7420.0;7475.0;7302.0;7374.5;88453;0
Полюс;D;20200122;0;7374.5;7397.0;7307.5;7380.0;49891;0
Полюс;D;20200123;0;7382.0;7400.0;7330.0;7377.5;62158;0
Полюс;D;20200124;0;7375.0;7448.5;7343.0;7448.5;63061;0
Полюс;D;20200127;0;7500.0;7869.0;7500.0;7857.0;354128;0
Полюс;D;20200128;0;7856.0;7879.0;7710.5;7775.0;213609;0
Полюс;D;20200129;0;7770.0;7789.0;7608.0;7752.0;120039;0
Полюс;D;20200130;0;7771.0;7962.5;7770.0;7819.5;130660;0
Полюс;D;20200131;0;7799.5;7845.0;7701.0;7814.5;93011;0
Полюс;D;20200203;0;7821.5;7922.0;7622.5;7698.0;150480;0
Полюс;D;20200204;0;7684.0;7684.0;7459.0;7529.0;181368;0
Полюс;D;20200205;0;7558.0;7597.0;7340.5;7481.0;152346;0
Полюс;D;20200206;0;7475.0;7617.0;7415.0;7562.0;108182;0
Полюс;D;20200207;0;7565.0;7815.0;7501.0;7765.5;150711;0
Полюс;D;20200210;0;7800.5;7915.5;7770.5;7915.5;160471;0
Полюс;D;20200211;0;7875.5;7998.5;7833.5;7895.5;157010;0
Полюс;D;20200212;0;7885.0;7885.0;7717.0;7838.5;102844;0
Полюс;D;20200213;0;7924.5;7985.0;7882.0;7968.5;75410;0
Полюс;D;20200214;0;7940.0;8041.0;7850.0;8003.0;90238;0
Полюс;D;20200217;0;7972.0;8016.0;7883.0;7922.0;56222;0
Полюс;D;20200218;0;7979.5;8065.0;7945.5;8000.0;113234;0
Полюс;D;20200219;0;8069.0;8195.0;8038.5;8111.0;113439;0
Полюс;D;20200220;0;8111.5;8315.5;8104.5;8200.0;264412;0
Полюс;D;20200221;0;8300.0;8618.5;8273.0;8507.5;313247;0
Полюс;D;20200225;0;8750.0;9127.5;8690.5;8780.0;428376;0
Полюс;D;20200226;0;8828.5;9088.5;8600.0;8644.5;298697;0
Полюс;D;20200227;0;8944.0;8960.5;8725.0;8901.5;172262;0
Полюс;D;20200228;0;9000.0;9000.0;8260.0;8464.0;419875;0
Полюс;D;20200302;0;8590.0;8678.0;8258.5;8540.5;202843;0
Полюс;D;20200303;0;8468.5;8620.0;8271.0;8591.0;249849;0
Полюс;D;20200304;0;8652.0;8688.0;8470.0;8566.5;153935;0
Полюс;D;20200305;0;8594.0;8650.0;8321.0;8628.0;342244;0
Полюс;D;20200306;0;8700.5;9010.0;8693.5;8885.0;273601;0
Полюс;D;20200310;0;9000.0;9529.5;9000.0;9381.5;383341;0
Полюс;D;20200311;0;9477.0;9480.0;9220.0;9372.5;175693;0
Полюс;D;20200312;0;9300.0;9460.0;8702.0;8970.0;359910;0
Полюс;D;20200313;0;8823.5;9138.0;8721.0;8744.5;298759;0
Полюс;D;20200316;0;8908.0;9181.0;7650.0;7954.0;488866;0
Полюс;D;20200317;0;7898.5;8344.0;7302.0;8121.0;417086;0
Полюс;D;20200318;0;7958.0;8809.0;7752.0;8383.5;358047;0
Полюс;D;20200319;0;8381.0;8532.0;7917.5;8456.5;354496;0
Полюс;D;20200320;0;8739.0;8799.5;8200.0;8495.5;354585;0
Полюс;D;20200323;0;8490.0;8603.0;8050.0;8423.0;267100;0
Полюс;D;20200324;0;8690.0;9544.0;8608.0;9520.5;322210;0
Полюс;D;20200325;0;9600.0;10095.5;9597.5;9995.0;319922;0
Полюс;D;20200326;0;10043.0;11088.5;10016.5;11047.5;358405;0
Полюс;D;20200327;0;11053.0;11053.0;10503.5;10820.5;197523;0
Полюс;D;20200330;0;10830.0;11295.0;10618.5;11172.5;236419;0
Полюс;D;20200331;0;11127.0;11484.0;10552.5;10637.5;344764;0
Полюс;D;20200401;0;10670.0;11089.0;9952.0;10038.0;318407;0
Полюс;D;20200402;0;10080.0;10476.0;9850.0;10354.5;324283;0
Полюс;D;20200403;0;10355.0;10456.0;10130.0;10394.5;160449;0
Полюс;D;20200406;0;10450.5;11000.0;10426.5;10818.5;205499;0
Полюс;D;20200407;0;10999.5;11111.0;10710.0;10970.0;137850;0
Полюс;D;20200408;0;10970.0;11070.0;10846.5;11050.5;161534;0
Полюс;D;20200409;0;11130.0;11324.0;10937.0;11260.5;215802;0
Полюс;D;20200410;0;11300.0;11500.0;11101.5;11401.0;111014;0
Полюс;D;20200413;0;11419.5;11645.0;11292.0;11525.0;123925;0
Полюс;D;20200414;0;11620.0;12358.0;11554.0;12150.0;377327;0
Полюс;D;20200415;0;11910.5;12164.5;11375.5;11472.5;296855;0
Полюс;D;20200416;0;11622.0;12139.0;11602.0;11940.0;273407;0
Полюс;D;20200417;0;11734.5;11888.0;11570.5;11685.0;233967;0
Полюс;D;20200420;0;11630.0;11675.0;11203.5;11635.0;259877;0
Полюс;D;20200421;0;11668.0;12000.0;11342.0;11794.5;309230;0
Полюс;D;20200422;0;11828.5;12500.0;11812.0;12209.0;353297;0
Полюс;D;20200423;0;12298.0;12488.5;11910.5;11951.0;408476;0
Полюс;D;20200424;0;12037.5;12245.0;11922.0;12095.0;164243;0
Полюс;D;20200427;0;12100.0;12347.5;12055.0;12081.0;188936;0
Полюс;D;20200428;0;12085.0;12172.0;11811.5;11916.5;254016;0
Полюс;D;20200429;0;11998.0;11998.0;11750.0;11935.5;198253;0
Полюс;D;20200430;0;12084.0;12110.0;11925.5;12110.0;151514;0
Полюс;D;20200504;0;12100.0;12350.0;11835.5;12023.0;190503;0
Полюс;D;20200505;0;11950.0;12040.0;11805.0;11832.0;111611;0
Полюс;D;20200506;0;11855.0;12043.0;11830.0;11920.5;126388;0
Полюс;D;20200507;0;11915.0;12032.0;11333.0;11839.0;142263;0
Полюс;D;20200508;0;11973.0;11985.0;11857.0;11973.0;76909;0
Полюс;D;20200512;0;11926.0;12047.0;11682.5;11979.0;164973;0
Полюс;D;20200513;0;12007.5;12390.0;11934.0;12295.0;245089;0
Полюс;D;20200514;0;12381.0;12490.0;12100.0;12350.0;143559;0
Полюс;D;20200515;0;12389.5;12444.5;12160.0;12306.0;124381;0
Полюс;D;20200518;0;12400.0;12738.0;12090.0;12257.0;264892;0
Полюс;D;20200519;0;12127.0;12257.0;11971.0;12110.0;203305;0
Полюс;D;20200520;0;12203.0;12269.5;11980.0;12073.5;183655;0
Полюс;D;20200521;0;11978.5;12044.0;11754.5;11925.0;137540;0
Полюс;D;20200522;0;12000.0;12088.5;11755.0;11814.5;136330;0
Полюс;D;20200525;0;11755.0;11982.0;11750.5;11975.0;59343;0
Полюс;D;20200526;0;12000.0;12000.0;11628.0;11628.0;147649;0
Полюс;D;20200527;0;11600.0;11620.0;11020.0;11262.5;302924;0
Полюс;D;20200528;0;11358.0;11424.5;11201.5;11340.0;189537;0
Полюс;D;20200529;0;11388.0;11701.0;11268.0;11673.0;655920;0
Полюс;D;20200601;0;11650.0;11686.5;11159.0;11400.0;172075;0
Полюс;D;20200602;0;11379.5;11426.0;11032.0;11142.0;213079;0
Полюс;D;20200603;0;10967.0;11029.0;10400.0;10567.0;423438;0
Полюс;D;20200604;0;10495.0;11036.0;10450.5;10688.5;395376;0
Полюс;D;20200605;0;10618.0;10620.5;10150.5;10246.0;311404;0
Полюс;D;20200608;0;10290.0;10302.5;9952.0;10149.0;330705;0
Полюс;D;20200609;0;10149.5;10680.0;10075.0;10465.0;364118;0
Полюс;D;20200610;0;10538.0;10790.0;10456.0;10589.5;268000;0
Полюс;D;20200611;0;10801.0;10970.0;10616.0;10888.0;338322;0
Полюс;D;20200615;0;10889.0;10893.0;10315.0;10520.0;250140;0
Полюс;D;20200616;0;10518.0;10642.5;10345.0;10345.0;179185;0
Полюс;D;20200617;0;10399.5;10749.5;10395.0;10742.0;247865;0
Полюс;D;20200618;0;10753.0;10915.0;10670.0;10850.0;218863;0
Полюс;D;20200619;0;10879.5;11193.5;10802.0;11067.5;359407;0
Полюс;D;20200622;0;11177.5;11478.0;11095.5;11336.5;257826;0
Полюс;D;20200623;0;11303.5;11640.5;11234.0;11583.5;199922;0
Полюс;D;20200625;0;11530.0;11792.5;11508.5;11673.0;247832;0
Полюс;D;20200626;0;11690.0;11835.0;11628.0;11738.5;142151;0
Полюс;D;20200629;0;11750.0;12010.0;11718.0;11890.0;219174;0
Полюс;D;20200630;0;11899.0;12072.0;11851.0;11970.0;172987;0
Полюс;D;20200702;0;11942.0;12000.0;11780.0;11974.0;208227;0
Полюс;D;20200703;0;11970.0;12284.0;11933.5;12220.0;170542;0
Полюс;D;20200706;0;12220.0;12600.0;12125.0;12491.0;209437;0
Полюс;D;20200707;0;12470.0;12722.0;12453.0;12707.0;174710;0
Полюс;D;20200708;0;12710.0;12961.0;12556.0;12914.0;236782;0
Полюс;D;20200709;0;12954.5;13394.0;12921.0;13280.0;327243;0
Полюс;D;20200710;0;13250.0;13729.5;13056.0;13170.5;329078;0
Полюс;D;20200713;0;13280.0;13373.5;12765.0;12852.0;211209;0
Полюс;D;20200714;0;12880.0;12930.0;12366.0;12819.5;264651;0
Полюс;D;20200715;0;12840.0;13320.0;12825.5;13270.0;250084;0
Полюс;D;20200716;0;13269.0;13536.0;12940.0;13168.0;318624;0
Полюс;D;20200717;0;13132.5;13320.0;13105.5;13225.0;140339;0
Полюс;D;20200720;0;13290.5;13426.0;13121.5;13342.0;144374;0
Полюс;D;20200721;0;13400.5;13629.5;13251.0;13484.5;151642;0
Полюс;D;20200722;0;13558.5;13944.0;13503.5;13920.0;188305;0
Полюс;D;20200723;0;13973.0;14600.0;13921.0;14498.0;295189;0
Полюс;D;20200724;0;14549.5;15274.5;14452.0;15265.0;340898;0
Полюс;D;20200727;0;15570.0;17490.0;15477.0;17248.0;620592;0
Полюс;D;20200728;0;17092.5;17097.5;16028.0;16580.0;563457;0
Полюс;D;20200729;0;16689.0;17094.5;16215.0;16650.0;393061;0
Полюс;D;20200730;0;16327.0;16430.0;16075.0;16240.0;222351;0
Полюс;D;20200731;0;16578.0;17079.5;16466.0;16949.0;368890;0
Полюс;D;20200803;0;17074.5;17185.0;16720.0;16850.0;188257;0
Полюс;D;20200804;0;16831.0;17420.0;16707.5;17380.5;229203;0
Полюс;D;20200805;0;17463.5;18500.0;17450.5;18169.5;498629;0
Полюс;D;20200806;0;18400.0;18773.0;18023.0;18592.0;322328;0
Полюс;D;20200807;0;18440.0;18564.5;17755.0;18067.5;482098;0
Полюс;D;20200810;0;18000.0;18123.5;17710.0;17753.0;244733;0
Полюс;D;20200811;0;17291.5;17599.5;16750.0;16834.0;445790;0
Полюс;D;20200812;0;16829.0;17595.0;16526.0;17301.5;387220;0
Полюс;D;20200813;0;17315.0;17630.0;17122.0;17460.0;218349;0
Полюс;D;20200814;0;17310.5;17563.0;17183.5;17419.0;155017;0
Полюс;D;20200817;0;17530.0;18280.5;17517.0;18152.5;268967;0
Полюс;D;20200818;0;18338.5;18659.0;17887.0;17948.0;329605;0
Полюс;D;20200819;0;17856.0;18170.0;17560.5;17633.0;247392;0
Полюс;D;20200820;0;17789.0;17899.0;17317.0;17830.0;176987;0
Полюс;D;20200821;0;17755.0;17917.0;17420.0;17686.0;161842;0
Полюс;D;20200824;0;17725.0;18186.5;17588.0;17966.0;170160;0
Полюс;D;20200825;0;17983.5;18127.0;17820.5;17985.5;97574;0
Полюс;D;20200826;0;17929.5;18444.0;17800.5;18344.5;202145;0
Полюс;D;20200827;0;18200.0;18470.0;18077.5;18170.0;174104;0
Полюс;D;20200828;0;18300.0;18442.0;18052.0;18366.0;231331;0
Полюс;D;20200831;0;18400.5;18404.5;17890.5;18085.5;227940;0
Полюс;D;20200901;0;18220.0;18765.0;17707.5;17868.0;296656;0
Полюс;D;20200902;0;17800.0;17869.0;17253.5;17529.5;238993;0
Полюс;D;20200903;0;17374.0;17444.5;16763.5;16951.0;330001;0
Полюс;D;20200904;0;16968.5;17380.0;16928.5;17266.0;217930;0
Полюс;D;20200907;0;17230.0;17646.5;17230.0;17431.0;159204;0
Полюс;D;20200908;0;17493.0;17527.0;16820.5;17023.0;211925;0
Полюс;D;20200909;0;17014.5;17074.0;16518.0;16735.0;253314;0
Полюс;D;20200910;0;16700.0;16998.0;16607.0;16806.5;204313;0
Полюс;D;20200911;0;16820.0;17395.0;16762.0;17067.0;238284;0
Полюс;D;20200914;0;17077.5;17122.0;16778.0;16950.0;187427;0
Полюс;D;20200915;0;16980.0;17073.0;16776.0;16943.0;161175;0
Полюс;D;20200916;0;16938.5;17413.0;16886.0;17270.0;245718;0
Полюс;D;20200917;0;16280.0;17367.0;16280.0;16947.0;301910;0
Полюс;D;20200918;0;17092.0;17161.0;16789.5;16930.0;256708;0
Полюс;D;20200921;0;16940.0;16995.5;15902.0;16460.0;205996;0
Полюс;D;20200922;0;16255.0;16676.5;16126.0;16285.0;200456;0
Полюс;D;20200923;0;16097.0;16531.0;15800.0;16309.5;211273;0
Полюс;D;20200924;0;16200.0;16423.5;15870.5;16335.0;214814;0
Полюс;D;20200925;0;16345.0;16585.0;16161.0;16335.5;128871;0
Полюс;D;20200928;0;16320.0;16645.0;16224.5;16423.5;148335;0
Полюс;D;20200929;0;16500.0;16699.5;16273.0;16658.0;118379;0
Полюс;D;20200930;0;16550.0;16586.5;16247.5;16250.5;134698;0
Полюс;D;20201001;0;16348.0;16515.5;16125.0;16352.0;121496;0
Полюс;D;20201002;0;16495.0;16862.0;16369.5;16737.0;173807;0
Полюс;D;20201005;0;16685.0;17037.0;16475.0;16962.5;129335;0
Полюс;D;20201006;0;16970.0;16977.5;16400.0;16401.0;162649;0
Полюс;D;20201007;0;16500.0;16661.0;16425.0;16566.0;91061;0
Полюс;D;20201008;0;16630.0;16968.5;16551.0;16883.0;177610;0
Полюс;D;20201009;0;16950.0;17063.0;16780.0;16981.5;120279;0
Полюс;D;20201012;0;17039.0;17039.0;16715.0;16850.0;123984;0
Полюс;D;20201013;0;16790.0;16855.0;16615.0;16655.0;67084;0
Полюс;D;20201014;0;16700.0;17470.5;16690.0;17430.0;249854;0
Полюс;D;20201015;0;17399.0;17399.0;17085.5;17318.5;158858;0
Полюс;D;20201016;0;17380.0;17538.0;17255.0;17399.5;172712;0
Полюс;D;20201019;0;17299.5;17382.5;17149.0;17268.5;72599;0
Полюс;D;20201020;0;17229.5;17248.5;17037.0;17130.0;84193;0
Полюс;D;20201021;0;17153.0;17218.0;16667.5;16800.5;125572;0
Полюс;D;20201022;0;16839.0;17049.0;16620.0;16768.5;155783;0
Полюс;D;20201023;0;16880.0;16880.0;16316.0;16527.0;97749;0
Полюс;D;20201026;0;16468.0;16568.5;16078.0;16141.5;96849;0
Полюс;D;20201027;0;16050.5;16543.5;16050.5;16499.0;100507;0
Полюс;D;20201028;0;16412.0;16497.5;15455.5;15935.0;201473;0
Полюс;D;20201029;0;16000.0;16279.0;15421.0;15601.0;137427;0
Полюс;D;20201030;0;15520.0;15600.0;15127.0;15536.5;162179;0
Полюс;D;20201102;0;15598.5;16340.0;15524.5;16319.0;148982;0
Полюс;D;20201103;0;16251.0;16670.5;16235.5;16670.5;172615;0
Полюс;D;20201105;0;16710.0;17265.0;16610.0;17195.0;215722;0
Полюс;D;20201106;0;17118.0;17750.0;17056.5;17697.5;223882;0
Полюс;D;20201109;0;17812.5;18027.0;15802.5;16615.0;584435;0
Полюс;D;20201110;0;16615.0;16749.0;16010.0;16432.5;323933;0
Полюс;D;20201111;0;16483.0;16483.0;15464.5;15880.0;364559;0
Полюс;D;20201112;0;15825.0;16335.0;15650.0;16033.0;305271;0
Полюс;D;20201113;0;15964.0;16480.0;15825.5;16295.5;217888;0
Полюс;D;20201116;0;16213.0;16349.0;15907.5;16035.0;225301;0
Полюс;D;20201117;0;15970.5;16024.5;15730.5;15790.5;165600;0
Полюс;D;20201118;0;15746.0;15875.0;15608.0;15770.5;129016;0
Полюс;D;20201119;0;15720.0;15736.5;15440.5;15490.0;217219;0
Полюс;D;20201120;0;15442.0;15530.0;15315.0;15410.0;160854;0
Полюс;D;20201123;0;15440.0;15469.5;14454.5;14785.0;403352;0
Полюс;D;20201124;0;14592.0;15343.5;14362.0;14630.0;618664;0
Полюс;D;20201125;0;14580.0;14650.0;14259.0;14570.0;219779;0
Полюс;D;20201126;0;14580.0;15129.0;14580.0;15020.0;278035;0
Полюс;D;20201127;0;14989.5;15038.0;14472.0;14640.0;232892;0
Полюс;D;20201130;0;14568.5;14659.0;14350.5;14530.0;247391;0
Полюс;D;20201201;0;14572.5;14888.5;14547.0;14859.0;295057;0
Полюс;D;20201202;0;14767.5;14980.0;14543.5;14656.5;288251;0
Полюс;D;20201203;0;14749.5;14840.5;14416.0;14503.0;209806;0
Полюс;D;20201204;0;14530.0;14539.5;14280.0;14360.0;134168;0
Полюс;D;20201207;0;14379.5;14898.5;13975.5;14740.0;425702;0
Полюс;D;20201208;0;14792.0;15114.0;14630.0;15061.0;347289;0
Полюс;D;20201209;0;14999.5;15059.0;14510.5;14580.0;262042;0
Полюс;D;20201210;0;14550.0;14696.5;14333.0;14429.5;188076;0
Полюс;D;20201211;0;14400.0;14435.0;14119.0;14212.5;180005;0
Полюс;D;20201214;0;14180.0;14540.0;14010.0;14393.5;220036;0
Полюс;D;20201215;0;14530.0;15049.5;14400.0;14899.5;246845;0
Полюс;D;20201216;0;15000.0;15012.5;14540.0;14750.0;174854;0
Полюс;D;20201217;0;14820.0;15432.0;14754.0;15286.0;387853;0
Полюс;D;20201218;0;15150.5;15584.5;15138.0;15320.0;352167;0
Полюс;D;20201221;0;15630.0;15845.0;15330.0;15650.0;288245;0
Полюс;D;20201222;0;15550.0;15692.5;15004.5;15102.0;247239;0
Полюс;D;20201223;0;15130.0;15373.0;15057.0;15191.5;122009;0
Полюс;D;20201224;0;15230.0;15258.0;15109.0;15195.0;58376;0
Полюс;D;20201225;0;15142.5;15230.0;15142.0;15183.0;23781;0
Полюс;D;20201228;0;15260.0;15345.0;15125.0;15175.0;95429;0
Полюс;D;20201229;0;15127.0;15335.0;15127.0;15229.0;79363;0
Полюс;D;20201230;0;15250.0;15325.0;15141.0;15245.0;75278;0
Полюс;D;20210104;0;15500.0;16024.0;15400.5;15948.0;314058;0
Полюс;D;20210105;0;15950.0;16125.0;15611.5;15987.5;282060;0
Полюс;D;20210106;0;15950.0;16060.0;15522.0;15792.5;203989;0
Полюс;D;20210108;0;15721.5;15869.0;15304.0;15396.0;308972;0
Полюс;D;20210111;0;15402.0;15583.0;15334.5;15489.0;179879;0
Полюс;D;20210112;0;15555.0;15642.0;15252.5;15419.5;149972;0
Полюс;D;20210113;0;15490.0;15524.5;15328.5;15426.0;134414;0
Полюс;D;20210114;0;15350.0;15420.0;15015.0;15080.0;268319;0
Полюс;D;20210115;0;15079.5;15138.0;14800.0;14840.0;149740;0
Полюс;D;20210118;0;14950.0;15100.0;14715.0;14840.5;177463;0
Полюс;D;20210119;0;14891.5;14910.0;14620.5;14690.5;144679;0
Полюс;D;20210120;0;14780.0;15133.5;14656.0;15055.0;241474;0
Полюс;D;20210121;0;15089.0;15217.5;14937.0;15059.5;175697;0
Полюс;D;20210122;0;14896.5;15060.0;14660.0;14835.0;186665;0
Полюс;D;20210125;0;14873.0;15199.0;14739.0;15048.0;136342;0
Полюс;D;20210126;0;15089.0;15227.5;14815.0;15119.0;185084;0
Полюс;D;20210127;0;15150.0;15192.0;14783.0;14860.0;95998;0
Полюс;D;20210128;0;14840.0;14892.5;14542.5;14669.5;190318;0
Полюс;D;20210129;0;14732.5;14732.5;14279.5;14305.5;339605;0
Полюс;D;20210201;0;14470.0;14910.0;14377.5;14793.0;236030;0
Полюс;D;20210202;0;14743.0;15049.0;14575.0;14893.0;255826;0
Полюс;D;20210203;0;15020.0;15049.0;14499.5;14599.5;153541;0
Полюс;D;20210204;0;14470.0;14576.0;14308.5;14454.0;157213;0
Полюс;D;20210205;0;14438.0;14636.0;14410.0;14600.0;126219;0
Полюс;D;20210208;0;14590.0;14690.0;14464.0;14550.5;149542;0
Полюс;D;20210209;0;14600.0;14619.0;14450.5;14530.5;84601;0
Полюс;D;20210210;0;14569.0;14624.5;14276.0;14404.5;128140;0
Полюс;D;20210211;0;14355.0;14550.0;14319.0;14394.0;75540;0
Полюс;D;20210212;0;14400.0;14410.0;14290.0;14390.0;75830;0
Полюс;D;20210215;0;14390.0;14499.0;14359.0;14470.5;60384;0
Полюс;D;20210216;0;14471.0;14565.5;14328.0;14400.0;136704;0
Полюс;D;20210217;0;14360.0;14420.0;13912.5;14099.0;203197;0
Полюс;D;20210218;0;14100.0;14100.0;13665.5;13772.5;151925;0
Полюс;D;20210219;0;13725.0;14008.5;13617.0;13948.0;138795;0
Полюс;D;20210220;0;13971.5;14000.0;13908.0;13988.0;12639;0
Полюс;D;20210222;0;14040.0;14070.0;13860.0;13929.0;116853;0
Полюс;D;20210224;0;13820.5;14146.0;13706.0;14091.0;182519;0
Полюс;D;20210225;0;14018.5;14188.0;14010.0;14120.0;206490;0
Полюс;D;20210226;0;13989.5;14154.5;13920.0;14027.0;173415;0
Полюс;D;20210301;0;14100.0;14290.0;14000.0;14260.0;151464;0
Полюс;D;20210302;0;14170.0;14524.5;14115.0;14505.0;177988;0
Полюс;D;20210303;0;14529.0;14617.5;14400.0;14401.5;226510;0
Полюс;D;20210304;0;14483.0;14483.0;14040.0;14064.0;123448;0
Полюс;D;20210305;0;14210.0;14625.0;14115.0;14500.0;164634;0
Полюс;D;20210309;0;14500.0;14660.5;14350.0;14513.0;155492;0
Полюс;D;20210310;0;14512.0;14528.5;13954.5;14107.5;186072;0
Полюс;D;20210311;0;14239.5;14340.0;14144.0;14231.0;95582;0
Полюс;D;20210312;0;14200.0;14206.5;13974.0;14110.5;107253;0
Полюс;D;20210315;0;14230.0;14377.0;13990.5;14089.5;152405;0
Полюс;D;20210316;0;14089.5;14268.0;13990.0;14175.5;89988;0
Полюс;D;20210317;0;14222.0;14301.0;14094.5;14264.0;75812;0
Полюс;D;20210318;0;14300.0;14412.0;14170.0;14299.5;143356;0
Полюс;D;20210319;0;14299.5;14444.0;14265.0;14301.5;147888;0
Полюс;D;20210322;0;14302.0;14310.0;14045.0;14120.0;77741;0
Полюс;D;20210323;0;14190.0;14240.0;14065.0;14147.0;73517;0
Полюс;D;20210324;0;14198.0;14198.0;13895.0;13992.5;96272;0
Полюс;D;20210325;0;13927.0;14007.0;13828.5;13917.0;69870;0
Полюс;D;20210326;0;13950.0;13989.0;13809.5;13930.5;176768;0
Полюс;D;20210329;0;13922.0;13945.0;13740.0;13838.5;97212;0
Полюс;D;20210330;0;13818.0;13845.0;13400.0;13505.0;160312;0
Полюс;D;20210331;0;13514.0;13984.5;13485.0;13926.0;153497;0
Полюс;D;20210401;0;13994.0;14044.0;13660.0;13928.5;139594;0
Полюс;D;20210402;0;14000.0;14000.0;13853.0;13944.0;27182;0
Полюс;D;20210405;0;13943.5;13953.0;13773.0;13871.0;44737;0
Полюс;D;20210406;0;13915.0;14414.0;13880.0;14361.5;182276;0
Полюс;D;20210407;0;14323.0;14480.0;14243.0;14269.0;105999;0
Полюс;D;20210408;0;14310.5;14365.0;14169.5;14267.0;100512;0
Полюс;D;20210409;0;14187.0;14376.5;14130.5;14313.0;96523;0
Полюс;D;20210412;0;14340.5;14524.5;14250.0;14488.0;92284;0
Полюс;D;20210413;0;14550.0;14855.5;14460.5;14618.0;136195;0
Полюс;D;20210414;0;14670.0;14810.0;14514.5;14610.0;164207;0
Полюс;D;20210415;0;14575.5;14969.0;14563.5;14879.5;118400;0
Полюс;D;20210416;0;14959.0;15103.0;14739.0;15004.0;150615;0
Полюс;D;20210419;0;15048.0;15389.0;14953.5;15232.5;205802;0
Полюс;D;20210420;0;15235.0;15439.0;15186.5;15349.0;177739;0
Полюс;D;20210421;0;15449.0;15667.5;15332.5;15642.5;194316;0
Полюс;D;20210422;0;15670.0;15949.0;15645.5;15671.5;248183;0
Полюс;D;20210423;0;15651.5;15651.5;15160.5;15244.0;184171;0
Полюс;D;20210426;0;15300.0;15300.0;14810.0;14989.0;195162;0
Полюс;D;20210427;0;15020.0;15149.5;14558.0;14666.0;153705;0
Полюс;D;20210428;0;14700.0;14702.0;14412.0;14572.0;101645;0
Полюс;D;20210429;0;14617.5;14677.5;13940.0;14123.0;191641;0
Полюс;D;20210430;0;14127.5;14168.0;13854.0;13959.5;115622;0
Полюс;D;20210504;0;14099.5;14337.5;13956.0;14080.0;138512;0
Полюс;D;20210505;0;14080.5;14280.0;13986.5;14280.0;72165;0
Полюс;D;20210506;0;14300.0;14848.5;14285.5;14812.0;146450;0
Полюс;D;20210507;0;14853.0;15470.0;14811.0;15070.5;261894;0
Полюс;D;20210510;0;15220.0;15472.0;14870.0;15188.0;133855;0
Полюс;D;20210511;0;15122.5;15248.0;14952.5;15220.5;150587;0
Полюс;D;20210512;0;15230.0;15395.0;14877.0;14924.0;166548;0
Полюс;D;20210513;0;14927.0;15081.0;14690.5;14888.5;115266;0
Полюс;D;20210514;0;14950.0;15027.5;14865.0;14970.0;54785;0
Полюс;D;20210517;0;15136.0;15386.0;14992.0;15339.0;136874;0
Полюс;D;20210518;0;15470.0;15860.0;15382.0;15774.5;221063;0
Полюс;D;20210519;0;15795.0;15920.0;15430.5;15700.0;184301;0
Полюс;D;20210520;0;15845.0;15879.0;15628.5;15732.0;131297;0
Полюс;D;20210521;0;15732.0;15896.5;15600.0;15698.5;101963;0
Полюс;D;20210524;0;15700.5;15867.0;15658.5;15758.0;67658;0
Полюс;D;20210525;0;15729.0;15852.0;15660.0;15849.5;91897;0
Полюс;D;20210526;0;15861.0;16100.0;15841.0;16012.0;187427;0
Полюс;D;20210527;0;16098.0;16212.0;15677.0;15997.0;254210;0
Полюс;D;20210528;0;16036.5;16129.0;15780.5;15941.0;165519;0
Полюс;D;20210531;0;15990.0;16019.5;15737.5;15850.5;96325;0
Полюс;D;20210601;0;15949.5;16160.0;15910.0;16099.0;167525;0
Полюс;D;20210602;0;16099.0;16155.0;15864.0;16103.5;146652;0
Полюс;D;20210603;0;16080.0;16103.5;15850.0;16000.0;258870;0
Полюс;D;20210604;0;15700.0;15776.0;15301.5;15583.0;161087;0
Полюс;D;20210607;0;15509.5;15516.5;14971.0;15200.0;161514;0
Полюс;D;20210608;0;15239.5;15311.5;15000.0;15197.0;151319;0
Полюс;D;20210609;0;15257.0;15279.5;14989.0;15099.0;116989;0
Полюс;D;20210610;0;15099.0;15130.0;14801.0;15025.0;135098;0
Полюс;D;20210611;0;15126.0;15238.5;14767.0;14940.0;132594;0
Полюс;D;20210614;0;14895.5;14932.5;14663.0;14786.0;111757;0
Полюс;D;20210615;0;14794.0;14884.5;14743.0;14825.0;77486;0
Полюс;D;20210616;0;14860.0;14914.0;14605.5;14650.5;97350;0
Полюс;D;20210617;0;14647.5;14649.0;14327.0;14450.0;165886;0
Полюс;D;20210618;0;14490.0;14697.0;14422.5;14514.5;168943;0
Полюс;D;20210621;0;14497.0;14750.5;14496.0;14703.5;112505;0
Полюс;D;20210622;0;14709.5;14769.0;14527.0;14752.5;137554;0
Полюс;D;20210623;0;14780.0;14833.0;14630.0;14730.0;58158;0
Полюс;D;20210624;0;14730.0;14748.5;14371.5;14401.0;137099;0
Полюс;D;20210625;0;14500.0;14500.0;14257.5;14330.0;88066;0
Полюс;D;20210628;0;14335.0;14439.0;14219.0;14355.0;56787;0
Полюс;D;20210629;0;14355.0;14401.0;13888.0;13966.0;184146;0
Полюс;D;20210630;0;13920.0;14262.0;13782.0;14241.0;116212;0
Полюс;D;20210701;0;14268.0;14385.5;14075.5;14128.0;101879;0
Полюс;D;20210702;0;14169.5;14317.5;14095.0;14277.5;102916;0
Полюс;D;20210705;0;14317.0;14394.5;14041.0;14195.0;105354;0
Полюс;D;20210706;0;14250.0;14359.0;14100.0;14205.5;106673;0
Полюс;D;20210707;0;14250.5;14529.5;14200.0;14525.5;122144;0
Полюс;D;20210708;0;14422.0;14755.0;14362.5;14549.0;126874;0
Полюс;D;20210709;0;14545.0;14545.0;14111.0;14190.0;175274;0
Полюс;D;20210712;0;14116.0;14200.0;14064.0;14182.5;60546;0
Полюс;D;20210713;0;14186.0;14357.0;14130.0;14319.0;99175;0
Полюс;D;20210714;0;14321.5;14425.0;14170.0;14275.0;88181;0
Полюс;D;20210715;0;14335.0;14550.0;14263.5;14400.0;137871;0
Полюс;D;20210716;0;14379.5;14405.5;14039.0;14056.0;103903;0
Полюс;D;20210719;0;14001.5;14144.5;13830.5;14001.0;106224;0
Полюс;D;20210720;0;13999.5;14055.0;13819.0;13845.5;86398;0
Полюс;D;20210721;0;13820.0;13876.5;13640.0;13693.0;112027;0
Полюс;D;20210722;0;13750.0;13913.5;13644.0;13891.0;59619;0
Полюс;D;20210723;0;13892.0;13940.0;13550.0;13661.0;94262;0
Полюс;D;20210726;0;13688.0;13854.0;13624.5;13724.0;58285;0
Полюс;D;20210727;0;13666.0;13701.5;13557.5;13590.5;76338;0
Полюс;D;20210728;0;13530.0;13775.0;13530.0;13775.0;92115;0
Полюс;D;20210729;0;13825.0;14145.0;13800.0;14105.5;127710;0
Полюс;D;20210730;0;14055.0;14125.0;13902.0;14000.0;90803;0
Полюс;D;20210802;0;14039.5;14100.0;13821.0;13896.0;81002;0
Полюс;D;20210803;0;13850.0;14031.5;13816.5;14030.0;53290;0
Полюс;D;20210804;0;14051.5;14223.5;13982.0;14060.0;84979;0
Полюс;D;20210805;0;14096.0;14125.0;13850.5;13940.5;69435;0
Полюс;D;20210806;0;13894.5;13917.0;13601.5;13674.0;95927;0
Полюс;D;20210809;0;13619.5;13700.0;13508.0;13558.5;90268;0
Полюс;D;20210810;0;13620.0;13635.0;13360.0;13500.0;104049;0
Полюс;D;20210811;0;13501.0;13527.0;13315.0;13400.5;134223;0
Полюс;D;20210812;0;13402.5;13510.0;13350.0;13432.5;68061;0
Полюс;D;20210813;0;13487.0;13500.0;13410.0;13492.5;70028;0
Полюс;D;20210816;0;13422.0;13482.5;13366.5;13380.0;88073;0
Полюс;D;20210817;0;13380.0;13610.0;13355.0;13561.0;148429;0
Полюс;D;20210818;0;13543.5;13624.0;13401.0;13448.5;81662;0
Полюс;D;20210819;0;13400.5;13749.5;13379.5;13577.5;151936;0
Полюс;D;20210820;0;13659.0;13749.5;13442.5;13476.5;99097;0
Полюс;D;20210823;0;13549.0;13753.0;13422.5;13728.5;65732;0
Полюс;D;20210824;0;13776.5;13837.0;13595.0;13710.0;77433;0
Полюс;D;20210825;0;13630.0;13667.0;13540.0;13565.5;60430;0
Полюс;D;20210826;0;13556.0;13596.5;13380.0;13463.5;71781;0
Полюс;D;20210827;0;13486.0;13535.0;13360.0;13529.0;74847;0
Полюс;D;20210830;0;13536.0;13550.0;13431.5;13458.0;49913;0
Полюс;D;20210831;0;13482.0;13490.0;13082.5;13259.5;237088;0
Полюс;D;20210901;0;13270.0;13310.0;13110.0;13258.0;151542;0
Полюс;D;20210902;0;13261.5;13412.5;13191.0;13311.0;165135;0
Полюс;D;20210903;0;13373.5;13623.5;13223.0;13583.0;159864;0
Полюс;D;20210906;0;13600.0;13658.5;13389.0;13518.0;61983;0
Полюс;D;20210907;0;13450.0;13475.5;13320.5;13330.0;83109;0
Полюс;D;20210908;0;13325.0;13460.0;13167.5;13283.0;155774;0
Полюс;D;20210909;0;13320.0;13544.0;13175.5;13295.5;115215;0
Полюс;D;20210910;0;13350.0;13364.5;13121.5;13162.0;85823;0
Полюс;D;20210913;0;13162.0;13175.5;12905.5;12988.0;142838;0
Полюс;D;20210914;0;13000.0;13000.0;12775.0;12905.0;173192;0
Полюс;D;20210915;0;12910.0;12949.5;12601.0;12630.5;160466;0
Полюс;D;20210916;0;12600.0;12624.5;12265.5;12425.0;223304;0
Полюс;D;20210917;0;12500.0;12772.5;12370.0;12545.5;247666;0
Полюс;D;20210920;0;12545.5;13000.0;12492.0;12880.0;317454;0
Полюс;D;20210921;0;12798.5;12838.5;12614.0;12760.5;124682;0
Полюс;D;20210922;0;12750.0;12875.0;12678.0;12735.5;97911;0
Полюс;D;20210923;0;12710.0;12795.5;12443.0;12582.5;135204;0
Полюс;D;20210924;0;12685.0;12685.0;12310.0;12340.5;111839;0
Полюс;D;20210927;0;12370.0;12410.0;12040.0;12080.0;164093;0
Полюс;D;20210928;0;12000.0;12029.5;11860.0;11882.0;133077;0
Полюс;D;20210929;0;11882.0;12088.0;11651.0;11694.5;159055;0
Полюс;D;20210930;0;11689.0;12049.0;11525.0;12048.0;176419;0
Полюс;D;20211001;0;12049.5;12077.0;11780.0;11820.5;137604;0
Полюс;D;20211004;0;11840.5;11939.0;11548.0;11932.0;141170;0
Полюс;D;20211005;0;11958.5;12138.0;11810.0;12124.0;152434;0
Полюс;D;20211006;0;12124.0;12230.0;12028.0;12159.5;162017;0
Полюс;D;20211007;0;12200.0;12493.5;12131.5;12360.0;189370;0
Полюс;D;20211008;0;12100.0;12577.5;11977.0;12381.0;194029;0
Полюс;D;20211011;0;12450.0;12453.5;12140.5;12219.0;106266;0
Полюс;D;20211012;0;12288.0;12787.0;12260.0;12711.0;183598;0
Полюс;D;20211013;0;12800.0;13314.5;12725.5;13244.0;354701;0
Полюс;D;20211014;0;13279.0;13797.5;13165.5;13688.0;355609;0
Полюс;D;20211015;0;13680.0;13690.5;13280.0;13363.5;235755;0
Полюс;D;20211018;0;13353.0;13604.5;13227.5;13453.5;168396;0
Полюс;D;20211019;0;13578.5;13990.0;13512.0;13879.0;210408;0
Полюс;D;20211020;0;13921.5;14364.5;13824.5;13850.0;342580;0
Полюс;D;20211021;0;13912.0;14145.0;13865.0;14013.5;129362;0
Полюс;D;20211022;0;14127.5;14475.5;13922.5;14261.0;226224;0
Полюс;D;20211025;0;14280.0;14390.0;13967.5;14070.0;137673;0
Полюс;D;20211026;0;14025.0;14094.5;13651.0;13662.0;133812;0
Полюс;D;20211027;0;13650.5;14213.0;13541.5;14149.5;195643;0
Полюс;D;20211028;0;14176.5;14340.0;14050.5;14090.0;194753;0
Полюс;D;20211029;0;14000.5;14152.5;13920.0;13985.5;144676;0
Полюс;D;20211101;0;13987.0;14171.5;13975.5;14150.0;82350;0
Полюс;D;20211102;0;14187.5;14286.0;14055.5;14090.5;79009;0
Полюс;D;20211103;0;14115.5;14150.0;13758.0;14066.5;134784;0
Полюс;D;20211105;0;14170.0;14586.0;14150.5;14498.5;173582;0
Полюс;D;20211108;0;14597.5;14950.0;14527.0;14858.0;228760;0
Полюс;D;20211109;0;14777.0;14847.5;14570.0;14800.0;115625;0
Полюс;D;20211110;0;14750.0;15220.0;14620.5;15117.0;239278;0
Полюс;D;20211111;0;15209.0;15932.5;15175.0;15785.0;443935;0
Полюс;D;20211112;0;15760.0;16113.0;15616.5;15972.0;402144;0
Полюс;D;20211115;0;15927.0;16095.0;15682.0;15750.0;145130;0
Полюс;D;20211116;0;15860.0;16160.0;15750.0;15776.5;200761;0
Полюс;D;20211117;0;15889.0;15950.5;15667.5;15780.0;124549;0
Полюс;D;20211118;0;15780.0;15939.0;15673.0;15804.5;113969;0
Полюс;D;20211119;0;15790.0;16010.0;15720.0;15798.5;125950;0
Полюс;D;20211122;0;15691.5;15812.0;14777.0;14904.0;373782;0
Полюс;D;20211123;0;15000.0;15423.5;14600.0;14751.0;352860;0
Полюс;D;20211124;0;14825.5;14965.0;14004.0;14280.5;321868;0
Полюс;D;20211125;0;14448.0;14491.0;14200.0;14372.0;115586;0
Полюс;D;20211126;0;14520.0;14669.5;14108.5;14194.5;268887;0
Полюс;D;20211129;0;14325.0;14325.0;13800.0;13977.0;210173;0
Полюс;D;20211130;0;14067.0;14615.0;13831.5;14170.0;390448;0
Полюс;D;20211201;0;14300.0;14399.5;13870.5;13960.0;149114;0
Полюс;D;20211202;0;13952.5;14047.5;13692.0;13776.0;117126;0
Полюс;D;20211203;0;13849.5;13995.0;13396.0;13975.5;198189;0
Полюс;D;20211206;0;13975.0;14034.0;13579.0;13738.0;84494;0
Полюс;D;20211207;0;13774.0;13965.0;13619.0;13719.0;121336;0
Полюс;D;20211208;0;13784.0;13870.0;13462.0;13555.0;95304;0
Полюс;D;20211209;0;13608.0;13608.0;13062.0;13150.5;132918;0
Полюс;D;20211210;0;13179.5;13182.0;12872.0;12943.0;131549;0
Полюс;D;20211213;0;12995.5;13082.0;12465.0;12618.0;163279;0
Полюс;D;20211214;0;12508.0;12645.0;11900.0;12393.5;164812;0
Полюс;D;20211215;0;12451.0;12630.0;12314.0;12545.5;137705;0
Полюс;D;20211216;0;12600.0;12899.0;12476.5;12850.0;153731;0
Полюс;D;20211217;0;12899.0;13633.5;12742.5;13482.5;555124;0
Полюс;D;20211220;0;13483.5;13888.0;13120.0;13232.0;203351;0
Полюс;D;20211221;0;13201.0;13330.0;12931.0;13004.5;155498;0
Полюс;D;20211222;0;13150.0;13150.0;12871.0;13026.0;139371;0
Полюс;D;20211223;0;13129.5;13180.0;12825.0;12925.5;143017;0
Полюс;D;20211224;0;12905.5;13032.0;12780.0;13010.0;69929;0
Полюс;D;20211227;0;13010.0;13110.0;12929.0;13046.0;66374;0
Полюс;D;20211228;0;13045.5;13134.0;12935.5;12960.5;117850;0
Полюс;D;20211229;0;12965.5;13044.0;12637.5;12793.0;148646;0
Полюс;D;20211230;0;12798.0;13120.0;12680.5;13087.0;111897;0
Полюс;D;20220103;0;13120.0;13259.0;12866.0;12964.5;92344;0
Полюс;D;20220104;0;13046.5;13072.5;12794.0;12996.0;101454;0
Полюс;D;20220105;0;13005.5;13015.0;12510.0;12551.5;174902;0
Полюс;D;20220106;0;12550.0;12824.5;12180.5;12315.0;180954;0
Полюс;D;20220110;0;12320.0;12513.5;12100.0;12251.5;168316;0
Полюс;D;20220111;0;12299.0;12434.5;12175.0;12381.0;122127;0
Полюс;D;20220112;0;12380.0;12413.0;12110.0;12386.0;217747;0
Полюс;D;20220113;0;12350.0;12414.5;12128.0;12233.0;171373;0
Полюс;D;20220114;0;12230.0;12366.5;11851.5;11929.0;236457;0
Полюс;D;20220117;0;12043.0;12046.0;11384.5;11607.0;221266;0
Полюс;D;20220118;0;11640.0;11647.0;11032.0;11439.0;262724;0
Полюс;D;20220119;0;11439.0;12050.0;11103.0;11949.5;514063;0
Полюс;D;20220120;0;11902.0;12369.0;11640.5;11930.0;394329;0
Полюс;D;20220121;0;11930.0;12463.0;11735.5;12310.0;344306;0
Полюс;D;20220124;0;12338.0;12662.0;11620.0;12274.0;414549;0
Полюс;D;20220125;0;12212.0;12486.5;11690.0;12109.0;243974;0
Полюс;D;20220126;0;12070.0;12420.0;11830.0;11900.0;202933;0
Полюс;D;20220127;0;11850.5;12079.0;11682.5;11797.5;276166;0
Полюс;D;20220128;0;11950.0;11950.0;11554.5;11809.5;156014;0
Полюс;D;20220131;0;11780.0;12348.0;11771.0;12230.0;183055;0
Полюс;D;20220201;0;12240.0;12495.0;12112.0;12211.5;192635;0
Полюс;D;20220202;0;12211.5;12379.5;12060.0;12320.0;107635;0
Полюс;D;20220203;0;12207.5;12289.0;11854.0;12210.0;146272;0
Полюс;D;20220204;0;12211.5;12275.0;11834.0;12118.5;162393;0
Полюс;D;20220207;0;12150.0;12188.5;11916.0;12076.0;90810;0
Полюс;D;20220208;0;12076.0;12149.5;11812.0;12050.0;130963;0
Полюс;D;20220209;0;12080.0;12248.5;11954.5;12216.5;183199;0
Полюс;D;20220210;0;12230.0;12610.0;12174.5;12302.0;200519;0
Полюс;D;20220211;0;12312.0;12394.0;11934.0;12284.5;173050;0
Полюс;D;20220214;0;12320.0;12865.0;12137.5;12799.0;298170;0
Полюс;D;20220215;0;12832.0;13025.5;12400.0;12590.5;257947;0
Полюс;D;20220216;0;12650.0;12913.0;12471.0;12910.5;181565;0
Полюс;D;20220217;0;12950.0;13369.5;12680.0;13340.5;344387;0
Полюс;D;20220218;0;13330.0;13388.0;12894.0;12894.0;288478;0
Полюс;D;20220221;0;12846.0;13316.5;11700.0;12320.0;450150;0
Полюс;D;20220222;0;12320.0;13150.0;11339.0;13014.0;505154;0
Полюс;D;20220224;0;12711.5;12754.0;8600.0;9810.0;495258;0
Полюс;D;20220225;0;9790.0;11439.0;9719.5;10633.0;282390;0
Полюс;D;20220324;0;11681.0;13004.5;11110.5;12300.0;107835;0
Полюс;D;20220325;0;12100.0;12466.0;11800.0;12200.0;38684;0
Полюс;D;20220328;0;12200.0;12280.0;11870.0;11985.0;29277;0
Полюс;D;20220329;0;11985.0;12149.0;10740.5;10982.5;68794;0
Полюс;D;20220330;0;11200.0;12182.5;11084.5;12074.0;35224;0
Полюс;D;20220331;0;12045.0;12890.0;11600.0;12727.0;86096;0
Полюс;D;20220401;0;12750.5;12872.0;12301.0;12500.0;46559;0
Полюс;D;20220404;0;12592.0;12999.0;12541.5;12950.5;38100;0
Полюс;D;20220405;0;12970.0;13950.0;12500.0;13512.0;73072;0
Полюс;D;20220406;0;13500.0;13940.0;13300.0;13450.0;73826;0
Полюс;D;20220407;0;13699.5;14125.5;13105.0;13975.0;51319;0
Полюс;D;20220408;0;14000.0;14100.0;13250.0;13636.0;33818;0
Полюс;D;20220411;0;13636.0;14394.5;13455.0;14375.5;73247;0
Полюс;D;20220412;0;14400.0;14950.0;14235.5;14392.5;92460;0
Полюс;D;20220413;0;14550.0;14550.0;14004.0;14051.0;51142;0
Полюс;D;20220414;0;14051.0;14123.5;13360.0;13365.0;49559;0
Полюс;D;20220415;0;13400.0;14180.5;12600.0;13900.0;56798;0
Полюс;D;20220418;0;13999.0;14283.5;13626.0;13700.0;31600;0
Полюс;D;20220419;0;13711.5;13957.0;13372.5;13650.0;32241;0
Полюс;D;20220420;0;13670.0;13848.0;13439.0;13848.0;27398;0
Полюс;D;20220421;0;13785.0;13785.0;13306.0;13642.0;34978;0
Полюс;D;20220422;0;13633.5;13633.5;13259.5;13400.0;13895;0
Полюс;D;20220425;0;13280.5;13339.5;12700.0;12789.0;25419;0
Полюс;D;20220426;0;12788.5;13100.0;12754.0;13005.0;33111;0
Полюс;D;20220427;0;13005.0;13220.5;12851.0;13130.0;35920;0
Полюс;D;20220428;0;13145.0;13475.0;13045.5;13262.0;44094;0
Полюс;D;20220429;0;13300.0;13800.0;13160.0;13630.0;40304;0
Полюс;D;20220504;0;13630.0;13744.0;13309.5;13498.0;25511;0
Полюс;D;20220505;0;13580.0;13900.0;13455.0;13615.0;52264;0
Полюс;D;20220506;0;13612.0;13614.5;13351.0;13485.0;17320;0
Полюс;D;20220511;0;13468.5;13484.5;13008.0;13100.0;32634;0
Полюс;D;20220512;0;13100.0;13100.0;12500.0;12757.0;26048;0
Полюс;D;20220513;0;12739.0;12789.5;12270.0;12270.0;29034;0
Полюс;D;20220516;0;12300.0;12400.0;12001.0;12335.0;50020;0
Полюс;D;20220517;0;12360.0;12572.5;12300.0;12380.0;42075;0
Полюс;D;20220518;0;12380.0;12450.0;12243.5;12351.0;40821;0
Полюс;D;20220519;0;12300.5;12350.0;12049.0;12350.0;18896;0
Полюс;D;20220520;0;12360.0;12454.5;12000.0;12000.0;29504;0
Полюс;D;20220523;0;12092.0;12124.0;11600.0;11624.5;24936;0
Полюс;D;20220524;0;11663.0;11698.0;10920.5;11461.0;37739;0
Полюс;D;20220525;0;11461.0;11650.0;11261.0;11650.0;24725;0
Полюс;D;20220526;0;11640.0;11770.0;11417.0;11666.0;30588;0
Полюс;D;20220527;0;11645.0;11906.0;11401.0;11440.0;26688;0
Полюс;D;20220530;0;11598.0;11800.0;11100.0;11800.0;35019;0
Полюс;D;20220531;0;11800.0;11800.0;11325.5;11624.0;23153;0
Полюс;D;20220601;0;11412.5;11567.0;11342.5;11567.0;24378;0
Полюс;D;20220602;0;11500.0;11567.0;11303.0;11400.0;19069;0
Полюс;D;20220603;0;11420.0;11489.0;11110.0;11145.0;31213;0
Полюс;D;20220606;0;11145.0;11200.0;11011.0;11090.0;17893;0
Полюс;D;20220607;0;11090.0;11141.0;10570.0;10849.0;49495;0
Полюс;D;20220608;0;10805.5;10968.5;10670.0;10799.5;27438;0
Полюс;D;20220609;0;10799.5;10845.5;10407.0;10680.0;31840;0
Полюс;D;20220610;0;10515.0;10598.5;10126.5;10192.0;56356;0
Полюс;D;20220614;0;10157.0;10357.0;10010.5;10300.0;40535;0
Полюс;D;20220615;0;10197.0;10300.0;10114.0;10152.0;31015;0
Полюс;D;20220616;0;10240.5;10250.0;10100.0;10245.0;39846;0
Полюс;D;20220617;0;10249.0;10350.5;10115.0;10350.5;43427;0
Полюс;D;20220620;0;10320.5;10408.5;10150.0;10228.0;70131;0
Полюс;D;20220621;0;10224.5;10239.0;9730.0;9777.0;107424;0
Полюс;D;20220622;0;9699.5;9699.5;9460.0;9609.5;100864;0
Полюс;D;20220623;0;9550.0;9569.0;9106.5;9288.0;119727;0
Полюс;D;20220624;0;9299.0;9439.5;9122.0;9431.5;81451;0
Полюс;D;20220627;0;9150.0;9220.0;9002.0;9220.0;99382;0
Полюс;D;20220628;0;9183.0;9220.0;9010.0;9101.0;61038;0
Полюс;D;20220629;0;9095.0;9379.5;9041.0;9225.0;76766;0
Полюс;D;20220630;0;9262.0;9290.0;8824.5;8850.0;102613;0
Полюс;D;20220701;0;8830.5;8958.5;8362.5;8464.0;98412;0
Полюс;D;20220704;0;8484.5;8505.0;7855.5;7997.5;169244;0
Полюс;D;20220705;0;7965.0;8174.0;7925.0;8100.0;106655;0
Полюс;D;20220706;0;8098.0;8300.0;7980.0;8020.0;92301;0
Полюс;D;20220707;0;8020.0;8342.0;8009.0;8225.0;97282;0
Полюс;D;20220708;0;8305.0;8496.0;8120.0;8376.0;74628;0
Полюс;D;20220711;0;8400.0;8673.0;8280.0;8484.0;121258;0
Полюс;D;20220712;0;8491.0;8567.0;8129.0;8320.0;79749;0
Полюс;D;20220713;0;8385.0;8388.5;7862.0;8171.0;113175;0
Полюс;D;20220714;0;8150.0;8342.0;8071.0;8182.0;50193;0
Полюс;D;20220715;0;8206.0;8375.0;8120.0;8375.0;32672;0
Полюс;D;20220718;0;8370.0;8494.0;8271.5;8271.5;39983;0
Полюс;D;20220719;0;8290.0;8344.0;8107.0;8260.0;28182;0
Полюс;D;20220720;0;8271.5;8353.0;8117.0;8179.5;33882;0
Полюс;D;20220721;0;8132.0;8168.0;7870.5;7933.5;81978;0
Полюс;D;20220722;0;7920.0;7920.0;7511.0;7717.0;94791;0
Полюс;D;20220725;0;7706.5;7843.0;7539.0;7676.5;93572;0
Полюс;D;20220726;0;7676.0;7998.5;7676.0;7998.5;61379;0
Полюс;D;20220727;0;8003.0;8279.0;8003.0;8155.5;74322;0
Полюс;D;20220728;0;8240.0;8373.5;7958.0;8242.5;78666;0
Полюс;D;20220729;0;8296.5;8644.0;8195.0;8644.0;93195;0
Полюс;D;20220801;0;8654.0;8850.5;8275.0;8527.0;206898;0
Полюс;D;20220802;0;8500.0;8648.0;8095.5;8095.5;90794;0
Полюс;D;20220803;0;8097.0;8166.5;7775.0;7813.0;179901;0
Полюс;D;20220804;0;7837.0;7865.0;7479.0;7514.0;167515;0
Полюс;D;20220805;0;7506.0;7550.0;7155.5;7261.0;183380;0
Полюс;D;20220808;0;7256.0;7535.0;7200.0;7200.0;139421;0
Полюс;D;20220809;0;7200.0;7250.0;6951.0;7100.0;204570;0
Полюс;D;20220810;0;7110.0;7476.0;7004.0;7439.0;182716;0
Полюс;D;20220811;0;7461.5;7677.0;7350.0;7475.5;186902;0
Полюс;D;20220812;0;7485.0;7535.5;7325.0;7510.0;104308;0
Полюс;D;20220815;0;7520.0;7699.5;7440.5;7610.0;79872;0
Полюс;D;20220816;0;7638.0;7979.0;7603.5;7975.0;130074;0
Полюс;D;20220817;0;8010.0;8077.0;7782.5;7855.0;111523;0
Полюс;D;20220818;0;7855.0;7897.0;7670.0;7814.5;104371;0
Полюс;D;20220819;0;7801.5;7945.0;7727.0;7890.0;64863;0
Полюс;D;20220822;0;7809.0;7880.0;7714.5;7750.0;68270;0
Полюс;D;20220823;0;7750.0;7850.5;7714.0;7820.0;51917;0
Полюс;D;20220824;0;7830.0;7935.0;7820.0;7908.0;55682;0
Полюс;D;20220825;0;7930.0;8182.5;7930.0;8001.0;117548;0
Полюс;D;20220826;0;8001.0;8235.0;7862.0;8197.0;88988;0
Полюс;D;20220829;0;8200.0;8230.0;8050.0;8198.0;69558;0
Полюс;D;20220830;0;8200.0;8412.5;8146.0;8180.0;150282;0
Полюс;D;20220831;0;8184.5;8320.0;8060.0;8320.0;98538;0
Полюс;D;20220901;0;8288.0;8358.0;8155.5;8275.0;77369;0
Полюс;D;20220902;0;8297.5;8378.5;8276.0;8378.5;72111;0
Полюс;D;20220905;0;8378.5;8448.5;8248.5;8315.0;119725;0
Полюс;D;20220906;0;8316.0;8595.0;7757.5;8050.0;535830;0
Полюс;D;20220907;0;8051.0;8147.5;7934.5;7970.0;99360;0
Полюс;D;20220908;0;8050.0;8050.0;7951.0;7975.0;62487;0
Полюс;D;20220909;0;8030.0;8225.0;8010.0;8208.0;145711;0
Полюс;D;20220912;0;8228.0;8344.5;8170.0;8314.5;81648;0
Полюс;D;20220913;0;8320.0;8364.5;8170.0;8182.0;86363;0
Полюс;D;20220914;0;8136.5;8168.0;8019.0;8152.0;68009;0
Полюс;D;20220915;0;8147.5;8177.0;8075.0;8110.0;58254;0
Полюс;D;20220916;0;8100.0;8133.0;7771.0;8032.0;77843;0
Полюс;D;20220919;0;8043.0;8145.0;7958.0;8072.0;66290;0
Полюс;D;20220920;0;8099.0;8130.0;7196.0;7448.0;240623;0
Полюс;D;20220921;0;6950.0;7444.5;6617.0;7019.5;184654;0
Полюс;D;20220922;0;7001.5;7190.0;6860.0;6949.5;148556;0
Полюс;D;20220923;0;6949.5;6965.0;6292.5;6366.0;219072;0
Полюс;D;20220926;0;6292.0;6300.0;5500.0;5572.5;227462;0
Полюс;D;20220927;0;5682.5;5784.5;5151.0;5484.0;227021;0
Полюс;D;20220928;0;5475.0;5475.0;5275.5;5390.0;186866;0
Полюс;D;20220929;0;5403.0;5439.5;5020.0;5112.5;249550;0
Полюс;D;20220930;0;5138.5;5190.0;4910.0;5018.0;318927;0
Полюс;D;20221003;0;5020.0;5560.0;4961.0;5558.5;591451;0
Полюс;D;20221004;0;5585.0;6070.0;5457.5;5999.0;703023;0
Полюс;D;20221005;0;6010.0;6060.0;5625.0;5790.0;543589;0
Полюс;D;20221006;0;5799.0;5890.0;5731.0;5812.0;228954;0
Полюс;D;20221007;0;5795.0;5799.0;5313.0;5360.0;330781;0
Полюс;D;20221010;0;5215.5;5425.0;5124.0;5300.0;356187;0
Полюс;D;20221011;0;5320.0;5390.0;5208.5;5310.5;235532;0
Полюс;D;20221012;0;5340.0;5356.5;5190.0;5210.0;180033;0
Полюс;D;20221013;0;5200.0;5290.0;5131.0;5230.0;285643;0
Полюс;D;20221014;0;5260.0;5260.0;5071.0;5119.0;196747;0
Полюс;D;20221017;0;5145.0;5368.0;5110.5;5352.0;259889;0
Полюс;D;20221018;0;5350.0;5750.0;5252.0;5570.0;629569;0
Полюс;D;20221019;0;5525.0;5695.0;5442.0;5663.5;360736;0
Полюс;D;20221020;0;5664.0;6050.0;5615.5;5943.0;532350;0
Полюс;D;20221021;0;5950.0;6295.0;5812.5;6250.5;768090;0
Полюс;D;20221024;0;6308.0;6465.0;6160.0;6213.0;418479;0
Полюс;D;20221025;0;6190.0;6395.0;6161.5;6308.0;286768;0
Полюс;D;20221026;0;6345.5;6409.5;6007.0;6114.0;440376;0
Полюс;D;20221027;0;6129.5;6249.0;6050.0;6116.5;293580;0
Полюс;D;20221028;0;6120.0;6120.0;5940.0;6030.5;268807;0
Полюс;D;20221031;0;6037.5;6235.0;5973.0;6047.0;292971;0
Полюс;D;20221101;0;6051.5;6143.5;5985.0;6056.0;159553;0
Полюс;D;20221102;0;6060.0;6068.0;5830.0;5900.5;160703;0
Полюс;D;20221103;0;5899.5;5970.0;5850.0;5908.0;205534;0
Полюс;D;20221107;0;6015.5;6200.0;5990.5;6178.5;340992;0
Полюс;D;20221108;0;6180.0;6594.0;6065.0;6508.5;523805;0
Полюс;D;20221109;0;6530.0;6728.0;6361.0;6434.5;658618;0
Полюс;D;20221110;0;6456.5;6720.0;6377.0;6715.0;405391;0
Полюс;D;20221111;0;6735.0;6839.5;6652.0;6733.0;316370;0
Полюс;D;20221114;0;6730.0;6800.0;6611.0;6682.0;205221;0
Полюс;D;20221115;0;6680.0;6775.0;6210.0;6482.0;388339;0
Полюс;D;20221116;0;6500.0;6667.0;6451.0;6634.0;203686;0
Полюс;D;20221117;0;6634.0;6653.0;6470.0;6574.5;130684;0
Полюс;D;20221118;0;6570.0;6610.0;6511.5;6575.0;74203;0
Полюс;D;20221121;0;6546.5;6547.5;6331.0;6428.0;212749;0
Полюс;D;20221122;0;6435.0;6770.0;6370.0;6741.5;347858;0
Полюс;D;20221123;0;6767.0;7178.5;6738.5;7140.5;976054;0
Полюс;D;20221124;0;7159.0;7237.0;6942.5;7068.0;502582;0
Полюс;D;20221125;0;7088.0;7095.0;6910.0;7008.0;299921;0
Полюс;D;20221128;0;6971.0;7219.0;6886.0;7150.5;415277;0
Полюс;D;20221129;0;7175.0;7344.0;7159.0;7237.0;415618;0
Полюс;D;20221130;0;7248.0;7340.5;7167.0;7338.5;316107;0
Полюс;D;20221201;0;7400.0;7540.0;7330.0;7525.0;585511;0
Полюс;D;20221202;0;7499.0;7660.0;7374.0;7504.5;650018;0
Полюс;D;20221205;0;7533.5;7640.0;7366.5;7446.5;385906;0
Полюс;D;20221206;0;7402.0;7479.0;7326.0;7382.0;251525;0
Полюс;D;20221207;0;7380.0;7467.0;7265.0;7452.5;236455;0
Полюс;D;20221208;0;7473.0;7495.0;7350.5;7402.0;177161;0
Полюс;D;20221209;0;7426.0;7460.0;7369.0;7420.5;150444;0
Полюс;D;20221212;0;7410.0;7445.0;7370.0;7418.0;99737;0
Полюс;D;20221213;0;7421.0;7710.0;7360.0;7638.5;420371;0
Полюс;D;20221214;0;7640.0;7830.0;7593.5;7738.0;374889;0
Полюс;D;20221215;0;7709.0;7729.5;7427.5;7463.0;315982;0
Полюс;D;20221216;0;7475.0;7597.0;7411.0;7525.5;225807;0
Полюс;D;20221219;0;7550.0;7607.5;7348.0;7503.5;255897;0
Полюс;D;20221220;0;7490.0;7830.0;7473.5;7803.0;362053;0
Полюс;D;20221221;0;7850.0;8029.5;7764.0;7853.0;458173;0
Полюс;D;20221222;0;7877.0;8004.0;7672.0;7760.5;283806;0
Полюс;D;20221223;0;7800.0;7868.0;7713.0;7823.5;141784;0
Полюс;D;20221226;0;7810.0;7898.5;7731.5;7809.0;136624;0
Полюс;D;20221227;0;7849.5;7880.0;7810.0;7862.0;126253;0
Полюс;D;20221228;0;7825.0;7860.0;7750.5;7770.0;101442;0
Полюс;D;20221229;0;7775.0;7802.0;7625.0;7734.0;130845;0
Полюс;D;20221230;0;7750.0;7777.0;7628.0;7692.0;113019;0
Полюс;D;20230104;0;7944.0;8036.0;7925.0;8014.5;161839;0
Полюс;D;20230105;0;8014.5;8015.0;7833.0;7875.5;124266;0
Полюс;D;20230106;0;7890.5;7936.0;7780.0;7905.0;145785;0
Полюс;D;20230109;0;7980.0;7999.5;7800.0;7845.0;189192;0
Полюс;D;20230110;0;7830.0;7900.0;7751.0;7876.0;124591;0
Полюс;D;20230111;0;7905.0;7920.0;7856.0;7881.5;103052;0
Полюс;D;20230112;0;7899.0;7974.5;7850.0;7934.0;132621;0
Полюс;D;20230113;0;7937.0;8120.0;7901.5;8068.0;294338;0
Полюс;D;20230116;0;8095.0;8260.0;8076.0;8228.0;299549;0
Полюс;D;20230117;0;8227.5;8280.0;8107.0;8129.0;216465;0
Полюс;D;20230118;0;8128.0;8248.5;8080.5;8155.0;163646;0
Полюс;D;20230119;0;8160.0;8200.0;8039.0;8164.5;158990;0
Полюс;D;20230120;0;8169.0;8205.0;8130.0;8174.5;97678;0
Полюс;D;20230123;0;8200.0;8269.0;8161.5;8224.0;131783;0
Полюс;D;20230124;0;8250.0;8447.0;8250.0;8435.0;404338;0
Полюс;D;20230125;0;8470.0;8569.5;8435.0;8569.5;247464;0
Полюс;D;20230126;0;8571.0;8769.0;8528.5;8766.0;419351;0
Полюс;D;20230127;0;8774.5;8780.0;8662.5;8768.0;200047;0
Полюс;D;20230130;0;8830.0;9298.0;8781.0;9252.5;673608;0
Полюс;D;20230131;0;9248.0;9515.0;9070.0;9478.0;666765;0
Полюс;D;20230201;0;9475.0;9815.0;9355.0;9720.0;1084265;0
Полюс;D;20230202;0;9800.0;9800.0;9430.0;9449.0;645288;0
Полюс;D;20230203;0;9447.5;9545.0;9158.0;9248.0;850812;0
Полюс;D;20230206;0;9263.5;9434.0;9210.0;9342.0;314275;0
Полюс;D;20230207;0;9350.0;9390.0;9025.0;9111.5;427163;0
Полюс;D;20230208;0;9099.5;9287.0;9025.0;9218.5;388662;0
Полюс;D;20230209;0;9249.5;9298.0;9121.0;9139.5;189302;0
Полюс;D;20230210;0;9102.5;9150.0;9042.5;9123.5;151353;0
Полюс;D;20230213;0;9123.5;9240.0;9063.0;9080.0;157625;0
Полюс;D;20230214;0;9101.0;9144.5;8890.0;8931.5;282553;0
Полюс;D;20230215;0;8876.5;8877.0;8085.5;8375.0;1014185;0
Полюс;D;20230216;0;8473.0;8620.0;8303.0;8427.0;582271;0
Полюс;D;20230217;0;8301.0;8693.5;8227.0;8667.0;412027;0
Полюс;D;20230220;0;8643.0;8949.0;8422.0;8922.5;666283;0
Полюс;D;20230221;0;8926.5;9150.0;8824.0;8963.5;619415;0
Полюс;D;20230222;0;8998.5;8998.5;8704.5;8743.0;293322;0
Полюс;D;20230224;0;8749.5;8846.0;8661.0;8788.0;174318;0
Полюс;D;20230227;0;8705.0;8908.0;8700.0;8878.0;214138;0
Полюс;D;20230228;0;8899.5;8940.0;8710.0;8788.5;278294;0
Полюс;D;20230301;0;8820.0;8985.0;8790.0;8939.0;278952;0
Полюс;D;20230302;0;8930.0;8990.0;8781.5;8836.0;334088;0
Полюс;D;20230303;0;8895.0;8969.0;8839.0;8956.0;164090;0
Полюс;D;20230306;0;8995.5;9068.0;8972.0;9003.5;138958;0
Полюс;D;20230307;0;9007.0;9019.0;8885.0;8919.5;140933;0
Полюс;D;20230309;0;8900.0;8954.5;8821.0;8892.5;136341;0
Полюс;D;20230310;0;8880.0;9041.0;8856.0;8976.0;161038;0
Полюс;D;20230313;0;9080.0;9395.0;9051.0;9395.0;709444;0
Полюс;D;20230314;0;9430.0;9488.0;9191.0;9239.5;513122;0
Полюс;D;20230315;0;9239.0;9370.0;9064.5;9268.5;568229;0
Полюс;D;20230316;0;9260.5;9320.0;9178.0;9220.0;191282;0
Полюс;D;20230317;0;9249.5;9475.0;9220.0;9412.0;328168;0
Полюс;D;20230320;0;9494.0;9600.0;9375.0;9419.5;411778;0
Полюс;D;20230321;0;9390.0;9429.5;9261.5;9310.0;184062;0
Полюс;D;20230322;0;9320.5;9532.0;9289.0;9488.0;263240;0
Полюс;D;20230323;0;9531.0;9590.0;9431.0;9488.0;260227;0
Полюс;D;20230324;0;9475.0;9539.5;9440.0;9475.0;122087;0
Полюс;D;20230327;0;9465.5;9495.0;9341.0;9408.5;196064;0
Полюс;D;20230328;0;9400.0;9495.0;9311.0;9449.0;206583;0
Полюс;D;20230329;0;9415.0;9468.5;9406.0;9427.5;90608;0
Полюс;D;20230330;0;9446.0;9485.0;9401.0;9454.0;86674;0
Полюс;D;20230331;0;9482.5;9500.0;9345.0;9441.5;141934;0
Полюс;D;20230403;0;9421.0;9675.0;9375.0;9600.0;239842;0
Полюс;D;20230404;0;9600.0;9750.0;9550.0;9725.0;250073;0
Полюс;D;20230405;0;9750.0;9789.0;9626.0;9699.0;195487;0
Полюс;D;20230406;0;9667.5;9710.0;9572.0;9589.5;124478;0
Полюс;D;20230407;0;9601.0;9645.0;9516.5;9600.0;100126;0
Полюс;D;20230410;0;9580.0;9686.5;9555.5;9666.5;120750;0
Полюс;D;20230411;0;9687.5;9909.5;9557.5;9619.0;396062;0
Полюс;D;20230412;0;9679.0;9767.5;9567.5;9673.0;142399;0
Полюс;D;20230413;0;9699.0;9888.5;9661.0;9883.0;246769;0
Полюс;D;20230414;0;9893.0;9976.0;9725.0;9835.0;285801;0
Полюс;D;20230417;0;9883.0;10369.5;9849.5;10354.0;614728;0
Полюс;D;20230418;0;10368.0;10488.0;10245.0;10421.5;310159;0
Полюс;D;20230419;0;10419.5;10419.5;10125.0;10197.5;271102;0
Полюс;D;20230420;0;10205.0;10470.0;10101.0;10411.0;240253;0
Полюс;D;20230421;0;10380.0;10437.5;10250.0;10382.5;119569;0
Полюс;D;20230424;0;10380.0;10595.0;10370.0;10540.0;218118;0
Полюс;D;20230425;0;10555.0;10600.0;10429.0;10543.0;161628;0
Полюс;D;20230426;0;10555.0;10592.0;10500.0;10543.0;118351;0
Полюс;D;20230427;0;10585.0;10645.0;10506.0;10586.0;151099;0
Полюс;D;20230428;0;10586.0;10608.0;10001.0;10404.0;227547;0
Полюс;D;20230502;0;10325.5;10490.0;10280.0;10460.0;166239;0
Полюс;D;20230503;0;10483.0;10527.0;10213.5;10319.5;200933;0
Полюс;D;20230504;0;10345.5;10600.0;10300.0;10575.0;264958;0
Полюс;D;20230505;0;10600.0;10620.0;10351.5;10474.0;163070;0
Полюс;D;20230508;0;10460.0;10550.0;10443.0;10507.0;47832;0
Полюс;D;20230510;0;10507.0;10750.0;10500.0;10742.5;235941;0
Полюс;D;20230511;0;10777.0;10793.0;10252.0;10439.5;528499;0
Полюс;D;20230512;0;10445.0;10522.0;10341.0;10454.0;130015;0
Полюс;D;20230515;0;10485.0;10566.0;10462.5;10510.5;110382;0
Полюс;D;20230516;0;10526.0;10550.0;10452.0;10512.5;91488;0
Полюс;D;20230517;0;10500.0;10510.0;10390.0;10448.0;67619;0
Полюс;D;20230518;0;10447.0;10447.5;10280.5;10337.5;107500;0
Полюс;D;20230519;0;10200.0;10278.0;9850.0;10175.0;406326;0
Полюс;D;20230522;0;10206.0;10265.0;9930.0;9954.0;137804;0
Полюс;D;20230523;0;9951.0;10200.0;9840.0;10053.0;245267;0
Полюс;D;20230524;0;10122.0;10197.5;10050.5;10128.0;107683;0
Полюс;D;20230525;0;10150.0;10168.5;9990.0;10054.0;75911;0
Полюс;D;20230526;0;10071.0;10225.0;10050.0;10201.5;81590;0
Полюс;D;20230529;0;10250.0;10996.0;10220.0;10773.0;438082;0
Полюс;D;20230530;0;10648.0;10793.5;10402.0;10512.0;244475;0
Полюс;D;20230531;0;10576.0;10777.5;10370.5;10594.0;199543;0
Полюс;D;20230601;0;10600.5;10705.0;10539.0;10622.5;94923;0
Полюс;D;20230602;0;10654.5;10690.0;10501.0;10550.0;146729;0
Полюс;D;20230605;0;10600.0;10600.0;9950.0;10182.0;336633;0
Полюс;D;20230606;0;10185.0;10351.0;9935.0;10287.5;894524;0
Полюс;D;20230607;0;10270.0;10432.0;10200.5;10315.0;213876;0
Полюс;D;20230608;0;10340.0;10369.0;10208.5;10337.0;96933;0
Полюс;D;20230609;0;10338.0;10367.5;10261.0;10313.0;58649;0
Полюс;D;20230613;0;10320.0;10400.0;10250.0;10358.0;157638;0
Полюс;D;20230614;0;10372.5;10470.0;10300.0;10395.0;111888;0
Полюс;D;20230615;0;10364.0;10485.0;10320.0;10450.0;118437;0
Полюс;D;20230616;0;10470.0;10711.0;10420.5;10671.0;239896;0
Полюс;D;20230619;0;10672.0;10754.0;10557.5;10649.0;153412;0
Полюс;D;20230620;0;10649.0;11056.0;10603.5;10980.0;370242;0
Полюс;D;20230621;0;10979.0;11380.0;10867.5;11273.0;363747;0
Полюс;D;20230622;0;11268.0;11480.0;11109.0;11151.5;455145;0
Полюс;D;20230623;0;11130.0;11175.0;10726.0;10845.5;314908;0
Полюс;D;20230626;0;11150.0;11150.0;10474.0;10795.5;327164;0
Полюс;D;20230627;0;10801.0;10976.0;10620.0;10876.0;175864;0
Полюс;D;20230628;0;10874.0;10950.0;10690.5;10861.0;101965;0
Полюс;D;20230629;0;10867.5;10950.0;10740.0;10798.0;84515;0
Полюс;D;20230630;0;10825.0;10887.5;10720.0;10804.0;80574;0
Полюс;D;20230703;0;10822.0;10899.0;10613.5;10717.0;151066;0
Полюс;D;20230704;0;10747.0;10785.0;10660.0;10720.0;90798;0
Полюс;D;20230705;0;10742.0;10932.5;10705.0;10847.0;202564;0
Полюс;D;20230706;0;10882.0;10946.5;10725.5;10780.0;131476;0
Полюс;D;20230707;0;10780.0;10831.0;10650.0;10712.5;121705;0
Полюс;D;20230710;0;10740.0;12308.5;10730.5;10959.5;3009192;0
Полюс;D;20230711;0;11022.5;11045.0;10600.0;10756.0;746954;0
Полюс;D;20230712;0;10755.5;10848.5;10651.0;10774.0;238585;0
Полюс;D;20230713;0;10797.0;10827.0;10685.5;10728.0;165827;0
Полюс;D;20230714;0;10728.0;10864.5;10654.0;10823.0;193791;0
Полюс;D;20230717;0;10790.5;11187.5;10750.0;11152.0;305065;0
Полюс;D;20230718;0;11182.0;11468.0;11161.0;11411.0;482528;0
Полюс;D;20230719;0;11448.0;11530.5;11253.5;11438.0;335355;0
Полюс;D;20230720;0;11473.0;11738.0;11355.0;11521.5;436531;0
Полюс;D;20230721;0;11535.0;11680.0;11482.0;11546.0;165474;0
Полюс;D;20230724;0;11525.0;11642.5;11466.0;11524.5;128801;0
Полюс;D;20230725;0;11525.5;11680.0;11482.5;11643.0;148860;0
Полюс;D;20230726;0;11661.5;11793.5;11475.0;11615.0;286754;0
Полюс;D;20230727;0;11621.0;11747.0;11581.0;11659.5;122698;0
Полюс;D;20230728;0;11650.0;11725.0;11595.5;11685.0;93444;0
Полюс;D;20230731;0;11728.0;11925.0;11691.5;11892.0;156799;0
Полюс;D;20230801;0;11920.0;11922.5;11730.0;11785.0;103067;0
Полюс;D;20230802;0;11800.0;11885.5;11737.0;11799.5;74256;0
Полюс;D;20230803;0;11819.0;11850.0;11720.0;11820.5;89214;0
Полюс;D;20230804;0;11820.5;11869.5;11500.0;11622.5;155814;0
Полюс;D;20230807;0;11642.0;11836.0;11600.0;11639.5;135101;0
Полюс;D;20230808;0;11674.5;11674.5;11307.5;11504.5;118009;0
Полюс;D;20230809;0;11510.0;11567.5;11420.0;11505.5;73095;0
Полюс;D;20230810;0;11506.0;11720.0;11480.0;11697.5;117002;0
Полюс;D;20230811;0;11696.5;11777.5;11658.0;11678.0;82077;0
Полюс;D;20230814;0;11714.5;11825.0;11452.0;11471.0;159407;0
Полюс;D;20230815;0;11471.0;11653.0;11308.0;11521.5;107365;0
Полюс;D;20230816;0;11530.0;11600.0;11150.0;11268.5;131300;0
Полюс;D;20230817;0;11318.0;11382.0;11156.0;11317.0;97027;0
Полюс;D;20230818;0;11337.5;11620.0;11251.0;11588.0;134533;0
Полюс;D;20230821;0;11605.0;11690.5;11402.5;11491.5;115541;0
Полюс;D;20230822;0;11500.0;11509.5;11382.5;11420.0;63401;0
Полюс;D;20230823;0;11435.0;11584.5;11313.5;11404.5;137544;0
Полюс;D;20230824;0;11450.0;11510.0;11357.5;11468.0;58427;0
Полюс;D;20230825;0;11435.0;11487.0;11404.5;11455.0;43122;0
Полюс;D;20230828;0;11471.5;11800.0;11470.0;11748.0;161440;0
Полюс;D;20230829;0;11786.0;11845.0;11555.0;11674.0;252158;0
Полюс;D;20230830;0;11674.0;11719.5;11581.0;11670.5;63477;0
Полюс;D;20230831;0;11670.5;11750.0;11632.0;11671.0;48876;0
Полюс;D;20230901;0;11671.0;11991.0;11648.0;11824.0;160325;0
Полюс;D;20230904;0;11900.0;12142.5;11861.0;12073.0;150827;0
Полюс;D;20230905;0;12090.0;12150.0;11953.0;12037.0;141963;0
Полюс;D;20230906;0;12034.0;12034.0;11831.0;11857.0;89303;0
Полюс;D;20230907;0;11840.0;11890.5;11515.5;11653.5;145474;0
Полюс;D;20230908;0;11653.5;11716.0;11277.5;11389.0;120602;0
Полюс;D;20230911;0;11380.0;11620.0;11325.0;11395.5;111980;0
Полюс;D;20230912;0;11405.5;11530.5;11336.5;11471.0;96827;0
Полюс;D;20230913;0;11485.0;11583.0;11439.0;11488.5;59338;0
Полюс;D;20230914;0;11450.0;11500.0;11201.0;11456.5;99712;0
Полюс;D;20230915;0;11450.0;11658.5;11420.0;11593.5;79023;0
Полюс;D;20230918;0;11650.0;11690.0;11476.0;11642.0;66045;0
Полюс;D;20230919;0;11620.0;11675.5;11277.5;11352.0;107101;0
Полюс;D;20230920;0;11355.0;11471.0;11125.5;11418.5;102629;0
Полюс;D;20230921;0;11405.0;11460.0;11149.0;11161.0;113800;0
Полюс;D;20230922;0;11185.0;11239.0;10838.0;11159.0;129647;0
Полюс;D;20230925;0;11219.5;11235.0;11000.0;11032.0;59871;0
Полюс;D;20230926;0;11026.0;11197.5;10879.5;11094.0;89385;0
Полюс;D;20230927;0;11094.0;11350.0;11094.0;11223.0;57735;0
Полюс;D;20230928;0;11197.0;11322.0;11142.0;11237.0;42693;0
Полюс;D;20230929;0;11253.0;11600.0;11235.5;11418.0;130210;0
Полюс;D;20231002;0;11467.5;11468.0;11177.0;11181.0;112167;0
Полюс;D;20231003;0;11166.0;11433.0;11101.5;11396.0;94252;0
Полюс;D;20231004;0;11374.5;11463.0;11340.0;11370.0;48626;0
Полюс;D;20231005;0;11381.0;11420.0;11300.0;11362.5;46048;0
Полюс;D;20231006;0;11371.0;11550.0;11362.5;11486.5;50192;0
Полюс;D;20231009;0;11532.0;11698.0;11532.0;11627.0;72679;0
Полюс;D;20231010;0;11619.5;11677.0;11475.0;11569.5;67698;0
Полюс;D;20231011;0;11572.0;11779.5;11401.0;11457.0;93070;0
Полюс;D;20231012;0;11425.0;11600.0;11425.0;11513.5;53899;0
Полюс;D;20231013;0;11545.0;11750.0;11506.0;11686.0;86657;0
Полюс;D;20231016;0;11720.0;11796.0;11654.0;11715.5;64391;0
Полюс;D;20231017;0;11724.5;11900.0;11680.0;11849.5;95427;0
Полюс;D;20231018;0;11850.5;11987.5;11818.0;11928.5;80442;0
Полюс;D;20231019;0;11927.0;11999.0;11750.0;11887.5;102836;0
Полюс;D;20231020;0;11900.0;11909.0;11775.0;11829.0;78793;0
Полюс;D;20231023;0;11879.0;11879.0;11751.5;11797.0;46797;0
Полюс;D;20231024;0;11800.0;11802.0;11630.0;11759.0;65204;0
Полюс;D;20231025;0;11788.0;11874.0;11632.0;11756.0;63172;0
Полюс;D;20231026;0;11800.0;11826.5;11550.0;11577.0;69207;0
Полюс;D;20231027;0;11577.0;11800.0;11426.0;11726.0;73508;0
Полюс;D;20231030;0;11736.0;11867.0;11641.0;11650.0;83590;0
Полюс;D;20231031;0;11650.0;11656.0;11223.5;11323.0;89532;0
Полюс;D;20231101;0;11323.0;11488.0;11323.0;11472.5;50003;0
Полюс;D;20231102;0;11472.0;11498.0;11400.0;11400.5;39267;0
Полюс;D;20231103;0;11400.0;11458.0;11301.0;11413.5;40235;0
Полюс;D;20231106;0;11415.5;11475.5;11300.0;11363.5;59974;0
Полюс;D;20231107;0;11398.0;11400.0;11301.0;11351.5;63433;0
Полюс;D;20231108;0;11355.0;11396.5;11259.0;11294.5;90314;0
Полюс;D;20231109;0;11287.0;11360.0;11200.0;11285.5;87710;0
Полюс;D;20231110;0;11299.5;11299.5;11145.0;11179.0;87464;0
Полюс;D;20231113;0;11178.0;11428.0;11175.0;11256.0;79770;0
Полюс;D;20231114;0;11240.0;11348.5;11058.0;11308.5;76285;0
Полюс;D;20231115;0;11326.5;11350.0;11210.0;11263.0;45576;0
Полюс;D;20231116;0;11264.0;11340.0;11200.0;11207.0;39909;0
Полюс;D;20231117;0;11200.0;11346.0;11171.0;11220.0;99479;0
Полюс;D;20231120;0;11213.5;11269.5;11178.0;11209.0;36320;0
Полюс;D;20231121;0;11250.0;11350.0;11207.5;11338.5;64165;0
Полюс;D;20231122;0;11350.5;11472.5;11265.0;11313.0;84386;0
Полюс;D;20231123;0;11349.0;11360.0;11237.5;11339.5;36573;0
Полюс;D;20231124;0;11342.0;11357.5;11110.0;11205.0;75473;0
Полюс;D;20231127;0;11244.5;11250.5;11001.5;11001.5;48270;0
Полюс;D;20231128;0;11005.0;11246.0;11005.0;11195.0;73549;0
Полюс;D;20231129;0;11232.0;11274.0;11016.5;11079.5;57789;0
Полюс;D;20231130;0;11087.0;11114.5;10761.0;10798.0;109979;0
Полюс;D;20231201;0;10800.0;10998.5;10601.0;10971.5;165498;0
Полюс;D;20231204;0;11100.0;11186.0;10701.0;10710.0;126798;0
Полюс;D;20231205;0;10710.0;10840.0;10700.5;10752.5;56846;0
Полюс;D;20231206;0;10791.5;10850.0;10507.0;10551.5;75240;0
Полюс;D;20231207;0;10583.5;10672.0;10507.0;10602.0;89072;0
Полюс;D;20231208;0;10607.5;10769.5;10500.0;10508.0;89637;0
Полюс;D;20231211;0;10510.0;10525.0;10050.5;10050.5;140713;0
Полюс;D;20231212;0;10061.0;10099.0;9825.0;9976.0;163501;0
Полюс;D;20231213;0;9941.0;10140.0;9914.0;10061.0;94392;0
Полюс;D;20231214;0;10114.5;10195.0;9885.0;9885.0;110617;0
Полюс;D;20231215;0;9968.0;10269.5;9906.0;10194.0;80452;0
Полюс;D;20231218;0;10255.0;10308.5;10190.0;10242.5;77187;0
Полюс;D;20231219;0;10244.5;10487.5;10244.5;10403.5;145852;0
Полюс;D;20231220;0;10425.0;10635.0;10405.0;10626.5;121708;0
Полюс;D;20231221;0;10635.0;10680.0;10452.0;10593.5;105477;0
Полюс;D;20231222;0;10647.5;10725.0;10483.5;10555.5;106132;0
Полюс;D;20231225;0;10629.5;10629.5;10450.0;10496.5;65256;0
Полюс;D;20231226;0;10550.0;10704.0;10500.0;10613.0;87236;0
Полюс;D;20231227;0;10640.0;10698.0;10601.0;10670.0;62333;0
Полюс;D;20231228;0;10671.0;10785.0;10605.0;10619.5;89860;0
Полюс;D;20231229;0;10620.0;10684.0;10531.5;10674.5;45115;0
Полюс;D;20240103;0;10700.0;10920.0;10680.5;10830.0;53721;0
Полюс;D;20240104;0;10904.5;10904.5;10760.0;10862.5;24870;0
Полюс;D;20240105;0;10880.0;10880.0;10785.0;10800.0;16200;0
Полюс;D;20240108;0;10855.0;10918.0;10726.5;10900.0;48800;0
Полюс;D;20240109;0;10920.5;11019.0;10860.5;10898.5;55728;0
Полюс;D;20240110;0;10899.0;10902.0;10806.5;10809.0;31929;0
Полюс;D;20240111;0;10812.0;10886.0;10684.5;10851.5;99210;0
Полюс;D;20240112;0;10878.0;11208.5;10868.0;10999.0;138223;0
Полюс;D;20240115;0;11021.5;11103.5;10930.0;11049.0;60405;0
Полюс;D;20240116;0;11050.0;11068.5;10955.5;10995.5;35792;0
Полюс;D;20240117;0;10995.5;11044.0;10949.5;10966.0;33764;0
Полюс;D;20240118;0;10966.0;11137.5;10966.0;11030.5;58891;0
Полюс;D;20240119;0;11015.0;11137.0;10983.0;11003.0;52723;0
Полюс;D;20240122;0;11049.5;11092.5;10995.0;11063.0;38166;0
Полюс;D;20240123;0;11084.0;11084.5;11013.5;11052.0;24213;0
Полюс;D;20240124;0;11030.0;11110.0;10935.0;10936.0;61912;0
Полюс;D;20240125;0;10939.0;11000.0;10875.5;10951.5;53880;0
Полюс;D;20240126;0;10955.5;10995.5;10947.0;10958.0;27696;0
Полюс;D;20240129;0;10960.0;11020.0;10960.0;10981.0;28536;0
Полюс;D;20240130;0;10985.0;11100.0;10948.5;11077.5;71475;0
Полюс;D;20240131;0;11077.0;11440.0;11050.5;11413.0;154857;0
Полюс;D;20240201;0;11420.0;11550.0;11250.0;11373.0;143794;0
Полюс;D;20240202;0;11400.0;11477.0;11260.0;11295.0;52840;0
Полюс;D;20240205;0;11295.0;11358.5;11260.0;11320.0;37898;0
Полюс;D;20240206;0;11310.0;11335.0;11270.0;11310.0;29386;0
Полюс;D;20240207;0;11315.0;11456.0;11312.0;11390.0;61147;0
Полюс;D;20240208;0;11390.0;11420.5;11130.5;11152.0;137452;0
Полюс;D;20240209;0;11152.0;11210.0;11066.0;11167.0;76545;0
Полюс;D;20240212;0;11180.0;11180.0;11025.0;11111.0;57597;0
Полюс;D;20240213;0;11102.0;11140.0;11067.0;11080.0;40335;0
Полюс;D;20240214;0;11080.0;11108.0;10983.0;10999.0;70166;0
Полюс;D;20240215;0;11029.0;11134.0;10913.0;11038.0;68058;0
Полюс;D;20240216;0;11040.0;11098.5;10776.0;10846.0;119109;0
Полюс;D;20240219;0;10851.0;11009.5;10811.0;10927.5;81261;0
Полюс;D;20240220;0;10951.0;11086.5;10610.0;10735.5;99649;0
Полюс;D;20240221;0;10704.5;10876.0;10648.5;10728.0;91563;0
Полюс;D;20240222;0;10728.0;10843.5;10681.5;10774.0;56017;0
Полюс;D;20240226;0;10899.0;11014.0;10860.0;11002.0;67648;0
Полюс;D;20240227;0;11005.0;11087.0;10865.5;10904.5;66907;0
Полюс;D;20240228;0;10900.0;11047.0;10890.0;11045.5;58697;0
Полюс;D;20240229;0;11067.5;11195.0;10959.0;11014.0;168423;0
Полюс;D;20240301;0;11010.0;11053.0;10890.0;11005.0;75433;0
Полюс;D;20240304;0;11015.0;11598.0;11015.0;11592.0;287693;0
Полюс;D;20240305;0;11592.0;11674.0;11361.0;11365.5;250711;0
Полюс;D;20240306;0;11399.0;11829.5;11372.0;11752.0;252384;0
Полюс;D;20240307;0;11786.0;11884.5;11601.0;11702.5;152870;0
Полюс;D;20240311;0;11759.5;11899.5;11651.0;11741.5;106925;0
Полюс;D;20240312;0;11700.0;11753.0;11555.0;11646.0;87500;0
Полюс;D;20240313;0;11662.0;11935.5;11625.0;11870.0;118552;0
Полюс;D;20240314;0;11869.0;11929.0;11713.0;11752.5;125580;0
Полюс;D;20240315;0;11752.5;11876.0;11750.0;11760.0;98749;0
Полюс;D;20240318;0;11786.5;11789.0;11572.5;11673.0;88649;0
Полюс;D;20240319;0;11625.0;11733.0;11469.5;11534.0;104176;0
Полюс;D;20240320;0;11569.0;11825.0;11371.5;11759.5;125865;0
Полюс;D;20240321;0;11850.0;11936.0;11632.0;11666.0;170505;0
Полюс;D;20240322;0;11660.0;11680.5;11253.5;11406.0;192903;0
Полюс;D;20240325;0;11424.5;11519.0;11275.5;11481.0;124685;0
Полюс;D;20240326;0;11527.5;11666.5;11465.5;11573.5;95172;0
Полюс;D;20240327;0;11597.5;11628.5;11400.0;11523.0;145355;0
Полюс;D;20240328;0;11565.0;11749.5;11470.0;11716.5;139728;0
Полюс;D;20240329;0;11750.0;12047.5;11728.0;11985.0;308683;0
Полюс;D;20240401;0;12155.0;12497.5;12103.5;12450.0;405623;0
Полюс;D;20240402;0;12488.0;13000.0;12488.0;13000.0;410699;0
Полюс;D;20240403;0;13080.0;13480.0;13002.5;13313.5;532087;0
Полюс;D;20240404;0;13313.5;13334.5;13032.5;13105.0;243009;0
Полюс;D;20240405;0;13001.5;13420.0;12750.0;13363.5;531898;0
Полюс;D;20240408;0;13494.5;13729.0;13265.0;13455.0;299838;0
Полюс;D;20240409;0;13480.0;13984.0;13433.0;13920.0;474746;0
Полюс;D;20240410;0;13985.0;13986.0;13661.0;13710.5;217862;0
Полюс;D;20240411;0;13710.5;14180.0;13710.5;14158.0;244822;0
Полюс;D;20240412;0;14220.0;14831.5;14213.0;14562.5;866805;0
Полюс;D;20240415;0;14612.5;14698.5;14241.0;14569.5;414555;0
Полюс;D;20240416;0;14576.0;14600.0;14392.0;14469.0;177102;0
Полюс;D;20240417;0;14463.0;14479.5;14130.5;14130.5;203502;0
Полюс;D;20240418;0;14150.0;14298.0;14080.0;14235.0;114229;0
Полюс;D;20240419;0;14296.0;14427.5;14173.0;14253.5;109572;0
Полюс;D;20240422;0;14120.0;14134.5;13775.0;13861.0;258657;0
Полюс;D;20240423;0;13700.0;13794.0;13500.0;13600.0;249707;0
Полюс;D;20240424;0;13650.0;13688.0;13308.5;13311.0;173279;0
Полюс;D;20240425;0;13359.5;13678.0;13311.0;13592.0;203670;0
Полюс;D;20240426;0;13638.5;13882.5;13620.5;13784.5;142343;0
Полюс;D;20240427;0;13800.0;13845.0;13628.5;13712.5;66286;0
Полюс;D;20240429;0;13710.0;13710.0;13511.5;13577.5;57049;0
Полюс;D;20240430;0;13530.0;13540.5;13179.0;13226.0;128235;0
Полюс;D;20240502;0;13325.0;13378.0;13187.0;13301.0;100911;0
Полюс;D;20240503;0;13295.0;13327.5;13017.5;13202.5;134833;0
Полюс;D;20240506;0;13260.0;13669.0;13251.0;13635.0;179189;0
Полюс;D;20240507;0;13641.0;13647.0;13420.0;13515.0;92652;0
Полюс;D;20240508;0;13544.5;13620.0;13445.5;13489.0;51533;0
Полюс;D;20240510;0;13680.0;14050.0;13678.5;13910.0;203884;0
Полюс;D;20240513;0;13869.0;13970.0;13740.0;13950.0;114107;0
Полюс;D;20240514;0;13946.0;13946.0;13767.5;13905.0;85562;0
Полюс;D;20240515;0;13900.0;14340.0;13900.0;14335.0;189692;0
Полюс;D;20240516;0;14351.0;14388.0;14099.5;14170.0;108875;0
Полюс;D;20240517;0;14222.0;14380.0;14055.0;14355.5;122816;0
Полюс;D;20240520;0;14501.0;14752.5;14416.5;14498.0;257719;0
Полюс;D;20240521;0;14405.0;14626.5;14232.0;14467.0;131503;0
Полюс;D;20240522;0;14450.0;14535.0;13913.0;13915.5;171930;0
Полюс;D;20240523;0;13852.0;14178.0;13662.0;13938.5;241632;0
Полюс;D;20240524;0;14055.5;14123.0;13700.5;13770.0;164413;0
Полюс;D;20240527;0;13893.0;13893.0;13189.5;13371.0;202887;0
Полюс;D;20240528;0;13250.0;13622.0;13020.0;13085.0;233698;0
Полюс;D;20240529;0;13100.0;13150.0;12435.0;12809.0;641644;0
Полюс;D;20240530;0;12777.5;12930.0;12437.5;12560.0;184789;0
Полюс;D;20240531;0;12645.0;12690.0;12034.0;12280.0;211815;0
Полюс;D;20240603;0;12161.0;12671.0;11505.0;12556.5;338631;0
Полюс;D;20240604;0;12600.0;12648.0;12060.5;12319.5;190749;0
Полюс;D;20240605;0;12326.0;12655.0;12225.0;12460.0;150286;0
Полюс;D;20240606;0;12550.0;12740.0;12431.0;12598.5;118566;0
Полюс;D;20240607;0;12650.0;12717.0;12270.0;12367.5;197307;0
Полюс;D;20240610;0;12367.0;12374.5;12000.0;12099.5;129164;0
Полюс;D;20240611;0;11998.0;12289.0;11820.0;12052.5;200831;0
Полюс;D;20240613;0;11712.0;12117.5;11100.0;12029.5;122531;0
Полюс;D;20240614;0;12049.0;12350.0;12006.0;12331.5;101624;0
Полюс;D;20240617;0;12320.0;12328.0;12060.5;12078.0;67723;0
Полюс;D;20240618;0;12080.0;12180.5;11770.0;11861.5;140883;0
Полюс;D;20240619;0;11950.0;11950.0;11163.0;11333.0;270760;0
Полюс;D;20240620;0;11360.0;11929.5;11266.0;11898.0;293413;0
Полюс;D;20240621;0;11900.0;12044.0;11678.0;11859.5;96349;0
Полюс;D;20240624;0;11882.5;11989.5;11700.0;11722.0;74963;0
Полюс;D;20240625;0;11722.0;11797.0;11548.0;11759.0;109807;0
Полюс;D;20240626;0;11790.0;11900.0;11676.0;11892.0;84045;0
Полюс;D;20240627;0;11893.0;12134.0;11789.0;12109.0;93971;0
Полюс;D;20240628;0;12115.0;12247.0;12061.5;12098.0;95611;0
Полюс;D;20240701;0;12120.0;12255.0;11950.0;12185.0;78721;0
Полюс;D;20240702;0;12233.5;12480.0;12202.0;12470.0;121265;0
Полюс;D;20240703;0;12550.0;12579.5;12290.5;12350.5;123460;0
Полюс;D;20240704;0;12415.0;12470.0;12060.5;12140.0;96155;0
Полюс;D;20240705;0;12140.0;12498.0;12102.0;12416.5;121704;0
Полюс;D;20240708;0;12480.0;12567.5;12119.5;12207.5;138970;0
Полюс;D;20240709;0;12231.0;12263.5;11759.0;11890.0;131557;0
Полюс;D;20240710;0;11937.0;11940.0;11350.0;11408.5;165461;0
Полюс;D;20240711;0;11390.0;12225.0;11373.5;12207.5;209237;0
Полюс;D;20240712;0;12200.0;12345.0;11968.0;12300.0;194351;0
Полюс;D;20240715;0;12295.0;12391.5;11907.0;11959.0;119690;0
Полюс;D;20240716;0;11983.5;12683.5;11950.0;12539.5;327851;0
Полюс;D;20240717;0;12600.0;12986.0;12468.0;12801.5;363484;0
Полюс;D;20240718;0;12807.0;13028.0;12685.0;12745.5;190983;0
Полюс;D;20240719;0;12697.5;12849.0;12551.0;12713.0;130080;0
Полюс;D;20240722;0;13095.0;13095.0;12800.0;12908.0;117490;0
Полюс;D;20240723;0;12898.0;13075.0;12800.0;13028.0;136269;0
Полюс;D;20240724;0;13070.5;13090.0;12904.5;12959.5;72570;0
Полюс;D;20240725;0;12899.5;12900.0;12711.0;12753.0;81853;0
Полюс;D;20240726;0;12803.5;12927.5;12400.0;12605.5;172231;0
Полюс;D;20240729;0;12605.5;12658.0;12243.5;12283.0;95696;0
Полюс;D;20240730;0;12320.5;12744.0;12250.0;12725.0;94558;0
Полюс;D;20240731;0;12750.0;12979.0;12620.0;12929.5;145228;0
Полюс;D;20240801;0;12949.5;13053.0;12800.0;12850.0;190492;0
Полюс;D;20240802;0;12901.0;12998.5;12501.0;12607.0;125212;0
Полюс;D;20240805;0;12500.0;12520.0;12007.0;12297.0;216464;0
Полюс;D;20240806;0;12350.5;12487.5;12254.0;12379.0;76352;0
Полюс;D;20240807;0;12405.0;12429.0;12126.5;12326.0;82432;0
Полюс;D;20240808;0;12389.0;12445.0;12267.0;12368.5;67671;0
Полюс;D;20240809;0;12368.0;12450.0;12285.0;12305.0;41121;0
Полюс;D;20240812;0;12320.0;12750.0;12170.5;12731.5;153889;0
Полюс;D;20240813;0;12732.0;12914.0;12625.5;12832.5;109317;0
Полюс;D;20240814;0;12859.0;12892.0;12476.0;12572.0;124778;0
Полюс;D;20240815;0;12550.0;12660.0;12500.0;12591.5;73684;0
Полюс;D;20240816;0;12591.0;12765.0;12500.0;12714.5;117292;0
Полюс;D;20240819;0;12793.0;12881.5;12609.5;12703.0;147058;0
Полюс;D;20240820;0;12716.0;13145.0;12656.0;12985.5;309383;0
Полюс;D;20240821;0;12985.5;13089.5;12790.0;12987.0;149355;0
Полюс;D;20240822;0;12981.0;13063.5;12360.0;12614.5;154643;0
Полюс;D;20240823;0;12629.0;12866.0;12542.0;12745.0;156312;0
Полюс;D;20240826;0;13145.0;13196.5;12853.5;12949.0;144332;0
Полюс;D;20240827;0;12950.0;13139.5;12764.0;12952.5;227347;0
Полюс;D;20240828;0;12854.0;12966.0;12505.0;12593.5;134772;0
Полюс;D;20240829;0;12653.5;12739.0;12272.0;12484.5;144123;0
Полюс;D;20240830;0;12484.5;12509.0;11919.0;12000.0;195043;0
Полюс;D;20240902;0;11890.0;12034.0;11355.0;11539.0;199542;0
Полюс;D;20240903;0;11539.0;11899.0;11351.5;11517.0;185319;0
Полюс;D;20240904;0;11450.0;11990.0;11406.5;11903.0;152811;0
Полюс;D;20240905;0;11995.0;12225.0;11865.0;11997.0;186165;0
Полюс;D;20240906;0;11960.0;12200.0;11930.0;12099.5;86143;0
Полюс;D;20240909;0;12100.0;12550.0;12047.0;12546.0;130293;0
Полюс;D;20240910;0;12547.0;12663.0;12352.0;12481.0;96543;0
Полюс;D;20240911;0;12528.0;12637.5;12380.0;12446.0;102215;0
Полюс;D;20240912;0;12450.0;12699.5;12385.0;12657.0;147955;0
Полюс;D;20240913;0;12700.0;12900.0;12460.0;12834.5;190029;0
Полюс;D;20240916;0;12910.0;13298.0;12910.0;13273.0;202365;0
Полюс;D;20240917;0;13277.5;13320.0;13053.0;13178.0;132711;0
Полюс;D;20240918;0;13178.0;13284.0;12901.5;13048.5;203285;0
Полюс;D;20240919;0;13110.0;13345.0;13104.5;13235.0;175564;0
Полюс;D;20240920;0;13290.0;13530.0;13279.5;13510.0;146458;0
Полюс;D;20240923;0;13612.0;13780.0;13514.0;13630.0;160148;0
Полюс;D;20240924;0;13610.0;13765.0;13354.5;13747.5;208656;0
Полюс;D;20240925;0;13760.0;13845.0;13415.5;13441.5;180231;0
Полюс;D;20240926;0;13461.5;13745.5;13421.5;13528.0;175310;0
Полюс;D;20240927;0;13528.0;13550.0;13310.0;13397.5;126413;0
Полюс;D;20240930;0;13406.0;13510.0;13137.5;13189.5;128576;0
Полюс;D;20241001;0;13209.0;13612.0;13120.5;13539.0;180223;0
Полюс;D;20241002;0;13554.0;13692.0;13390.0;13419.5;136952;0
Полюс;D;20241003;0;13420.0;13490.0;13264.5;13448.0;114809;0
Полюс;D;20241004;0;13451.0;13539.0;13400.0;13423.0;101586;0
Полюс;D;20241007;0;13415.0;13430.0;13280.0;13359.5;71303;0
Полюс;D;20241008;0;13359.5;13515.5;13250.5;13288.5;104868;0
Полюс;D;20241009;0;13288.5;13296.0;12970.0;13019.5;98474;0
Полюс;D;20241010;0;13034.0;13099.5;12924.0;13028.5;93687;0
Полюс;D;20241011;0;13036.0;13268.5;13030.0;13259.5;104071;0
Полюс;D;20241014;0;13260.0;13368.0;13259.5;13328.0;84220;0
Полюс;D;20241015;0;13343.5;13535.0;13250.5;13508.0;80087;0
Полюс;D;20241016;0;13592.0;13700.0;13444.0;13513.0;111985;0
Полюс;D;20241017;0;13550.0;13684.0;13474.5;13526.5;101617;0
Полюс;D;20241018;0;13542.5;13699.0;13542.5;13641.0;95155;0
Полюс;D;20241021;0;13730.0;14555.0;13730.0;14554.5;1077154;0
Полюс;D;20241022;0;14632.0;14826.0;14453.0;14602.0;585659;0
Полюс;D;20241023;0;14633.5;14900.0;14368.0;14500.0;957711;0
Полюс;D;20241024;0;14540.0;14825.0;14465.0;14815.0;255351;0
Полюс;D;20241025;0;14850.0;14978.5;14412.0;14594.0;404059;0
Полюс;D;20241028;0;14549.5;14684.0;14256.0;14365.0;280190;0
Полюс;D;20241029;0;14411.5;14590.0;14170.0;14538.0;228457;0
Полюс;D;20241030;0;14620.0;14864.5;14601.0;14799.5;194904;0
Полюс;D;20241031;0;14686.0;14965.0;14639.0;14715.5;209850;0
Полюс;D;20241101;0;14730.0;15176.0;14670.0;15164.0;198151;0
Полюс;D;20241102;0;15250.0;15261.5;15050.0;15189.0;113811;0
Полюс;D;20241105;0;15252.0;15340.0;15174.0;15232.0;139775;0
Полюс;D;20241106;0;15288.0;15489.5;14570.0;14718.5;451592;0
Полюс;D;20241107;0;14718.5;14989.0;14410.0;14850.0;233266;0
Полюс;D;20241108;0;14859.5;14900.0;14592.0;14746.0;131313;0
Полюс;D;20241111;0;14626.5;14712.0;14200.0;14258.0;240624;0
Полюс;D;20241112;0;14208.5;14477.0;13900.0;14370.0;242514;0
Полюс;D;20241113;0;14445.0;14545.0;14114.5;14152.5;171800;0
Полюс;D;20241114;0;14120.0;14223.5;13955.5;14143.5;168383;0
Полюс;D;20241115;0;14173.5;14400.0;14146.0;14365.5;130085;0
Полюс;D;20241118;0;14302.0;14680.0;14268.5;14571.0;235683;0
Полюс;D;20241119;0;14650.0;14693.5;14352.5;14418.0;169369;0
Полюс;D;20241120;0;14450.0;14610.0;14216.5;14409.0;116073;0
Полюс;D;20241121;0;14483.5;14549.5;14252.5;14421.0;126475;0
Полюс;D;20241122;0;14541.5;14850.0;14450.0;14762.0;300407;0
Полюс;D;20241125;0;14680.0;14948.0;14451.5;14513.0;292226;0
Полюс;D;20241126;0;14500.0;14500.5;13940.0;14180.0;209367;0
Полюс;D;20241127;0;14180.0;14517.0;13900.5;14307.5;249456;0
Полюс;D;20241128;0;14325.5;14393.0;14000.5;14203.5;143945;0
Полюс;D;20241129;0;14266.0;14450.0;14100.0;14124.5;136883;0
Полюс;D;20241202;0;14125.0;14500.0;14125.0;14430.0;123959;0
Полюс;D;20241203;0;14495.0;14740.0;14383.5;14512.5;135823;0
Полюс;D;20241204;0;14562.0;14600.0;14202.0;14260.0;90541;0
Полюс;D;20241205;0;14300.0;14414.0;14210.0;14319.0;93522;0
Полюс;D;20241206;0;14365.0;14430.0;14263.5;14323.0;60284;0
Полюс;D;20241209;0;14400.0;14800.0;14360.0;14799.0;193899;0
Полюс;D;20241210;0;14837.0;14898.5;14520.0;14777.0;246924;0
Полюс;D;20241211;0;14790.0;15044.0;14687.0;15044.0;233022;0
Полюс;D;20241212;0;15052.5;15159.0;14642.0;14770.0;238463;0
Полюс;D;20241213;0;13612.0;13873.0;13527.5;13692.5;297936;0
Полюс;D;20241216;0;13690.0;13831.0;13050.0;13074.0;243277;0
Полюс;D;20241217;0;13101.0;13620.0;13101.0;13620.0;197776;0
Полюс;D;20241218;0;13670.0;14068.0;13641.5;13820.0;226989;0
Полюс;D;20241219;0;13815.0;13996.5;13215.5;13336.0;448953;0
Полюс;D;20241220;0;13351.0;13718.0;13265.0;13600.0;305388;0
Полюс;D;20241223;0;13834.0;13998.0;13690.0;13929.5;187722;0
Полюс;D;20241224;0;13950.0;14050.0;13606.0;13719.0;175869;0
Полюс;D;20241225;0;13735.0;13990.0;13605.5;13973.5;129456;0
Полюс;D;20241226;0;13975.0;14138.0;13870.0;14001.0;127159;0
Полюс;D;20241227;0;14001.0;14140.0;13982.5;14139.0;92412;0
Полюс;D;20241228;0;14140.0;14140.0;13840.0;13926.0;112046;0
Полюс;D;20241230;0;13989.0;14044.5;13927.0;13981.0;63179;0
Полюс;D;20250103;0;14050.0;14140.0;14010.0;14095.0;66109;0
Полюс;D;20250106;0;14095.0;14118.0;13988.0;14070.0;27584;0
Полюс;D;20250108;0;14090.0;14430.0;14070.5;14410.0;103506;0
Полюс;D;20250109;0;14448.0;14570.0;14315.5;14533.0;130856;0
Полюс;D;20250110;0;14575.0;14930.0;14550.5;14886.0;150971;0
Полюс;D;20250113;0;14940.0;15085.5;14706.0;14903.0;135900;0
Полюс;D;20250114;0;14914.0;14996.5;14804.0;14914.0;85626;0
Полюс;D;20250115;0;14932.0;15090.0;14870.0;15084.0;83448;0
Полюс;D;20250116;0;15099.0;15235.0;15054.5;15207.5;91638;0
Полюс;D;20250117;0;15208.0;15295.0;15055.5;15163.5;86607;0
Полюс;D;20250120;0;15217.0;15299.0;14856.0;14971.0;124375;0
Полюс;D;20250121;0;15029.0;15835.5;14980.0;15800.0;306502;0
Полюс;D;20250122;0;15800.0;16100.0;15650.5;16010.0;330138;0
Полюс;D;20250123;0;15985.0;16470.0;15950.5;16465.5;338841;0
Полюс;D;20250124;0;16505.0;17098.0;16505.0;17080.0;383715;0
Полюс;D;20250127;0;17105.0;17438.0;16580.0;16902.0;495892;0
Полюс;D;20250128;0;16950.0;17250.0;16652.0;17205.5;233918;0
Полюс;D;20250129;0;17200.0;17250.0;16850.0;17017.0;152478;0
Полюс;D;20250130;0;17036.0;17324.0;16965.0;17250.0;151401;0
Полюс;D;20250131;0;17275.0;17370.0;17058.5;17170.0;160119;0
Полюс;D;20250203;0;17130.0;17477.0;16552.0;17359.5;269936;0
Полюс;D;20250204;0;17350.5;17771.0;17350.0;17678.0;275918;0
Полюс;D;20250205;0;17700.0;17995.0;17700.0;17846.5;280022;0
Полюс;D;20250206;0;17879.0;17977.0;17612.0;17729.5;154249;0
Полюс;D;20250207;0;17749.5;17880.0;17525.5;17830.0;125593;0
Полюс;D;20250210;0;17875.0;18066.0;17862.0;17973.5;134399;0
Полюс;D;20250211;0;17977.5;18180.0;17862.5;18170.5;162629;0
Полюс;D;20250212;0;18170.5;19000.0;18120.0;18882.5;284181;0
Полюс;D;20250213;0;18910.0;19853.5;18910.0;19319.0;396387;0
Полюс;D;20250214;0;19267.0;19695.0;18525.0;18709.5;301535;0
Полюс;D;20250217;0;18815.5;18980.0;18055.0;18500.0;265901;0
Полюс;D;20250218;0;18500.0;18830.0;18165.0;18717.0;230158;0
Полюс;D;20250219;0;18748.5;19060.5;18714.0;18973.5;179472;0
Полюс;D;20250220;0;19015.0;19330.0;18842.5;19009.0;163152;0
Полюс;D;20250221;0;19011.0;19029.5;18600.0;18849.0;114642;0
Полюс;D;20250224;0;18890.0;18959.5;18642.0;18717.0;107160;0
Полюс;D;20250225;0;18656.5;19662.0;18600.0;19521.0;320784;0
Полюс;D;20250226;0;19521.0;19800.0;19325.0;19562.5;178367;0
Полюс;D;20250227;0;19562.5;19625.5;19023.0;19168.0;196924;0
Полюс;D;20250228;0;19158.0;19353.0;18900.0;19313.0;187706;0
Полюс;D;20250303;0;19313.0;19500.0;18885.0;19159.0;182803;0
Полюс;D;20250304;0;19195.0;19800.0;19092.0;19702.5;245609;0
Полюс;D;20250305;0;19750.0;19846.5;19412.0;19531.5;233507;0
Полюс;D;20250306;0;19557.0;19875.0;19428.5;19550.0;153555;0
Полюс;D;20250307;0;19451.0;19670.0;19074.5;19399.5;157184;0
Полюс;D;20250310;0;19450.0;19600.0;18773.0;18871.0;330784;0
Полюс;D;20250311;0;18871.0;19151.5;18612.5;19030.5;141610;0
Полюс;D;20250312;0;19097.5;19125.0;18868.0;19021.5;56896;0
Полюс;D;20250313;0;19036.0;19150.0;18450.0;18997.0;177072;0
Полюс;D;20250314;0;19024.0;19410.0;18900.0;19333.0;170867;0
Полюс;D;20250317;0;19333.0;19530.5;19255.5;19406.5;119663;0
Полюс;D;20250318;0;19409.0;19538.0;19000.0;19001.0;100364;0
Полюс;D;20250319;0;19090.0;19399.5;18900.5;19054.5;88234;0
Полюс;D;20250320;0;19100.0;19142.0;18718.0;19039.5;113222;0
Полюс;D;20250321;0;19061.0;19153.5;18940.0;19017.0;57758;0
Полюс;D;20250327;0;1901.8;1971.0;1830.0;1867.6;1481423;0
Полюс;D;20250328;0;1869.2;1907.2;1854.4;1880.0;949781;0
Полюс;D;20250331;0;1880.2;1911.8;1840.0;1863.6;961857;0
Полюс;D;20250401;0;1868.0;1882.8;1755.0;1783.0;1718044;0
Полюс;D;20250402;0;1789.0;1819.6;1756.0;1811.4;1150960;0
Полюс;D;20250403;0;1818.8;1828.6;1692.4;1741.2;2069178;0
Полюс;D;20250404;0;1750.0;1800.0;1713.0;1741.2;2002495;0
Полюс;D;20250407;0;1725.0;1776.2;1665.8;1727.2;2248355;0
Полюс;D;20250408;0;1736.0;1828.0;1728.8;1776.8;1984075;0
Полюс;D;20250409;0;1787.6;1850.0;1762.2;1818.2;2420757;0
Полюс;D;20250410;0;1830.6;1850.0;1803.0;1850.0;1083602;0
Полюс;D;20250411;0;1863.8;1910.0;1863.0;1899.6;1599860;0
Полюс;D;20250414;0;1904.4;1943.4;1883.2;1897.8;1615896;0
Полюс;D;20250415;0;1905.4;1914.6;1883.4;1898.0;491056;0
Полюс;D;20250416;0;1911.0;1950.0;1906.2;1950.0;1473102;0
Полюс;D;20250417;0;1952.0;1958.0;1903.0;1924.2;1139881;0
Полюс;D;20250418;0;1924.0;1928.0;1854.2;1917.2;742721;0
Полюс;D;20250421;0;1929.4;1960.0;1922.4;1958.0;1677290;0
Полюс;D;20250422;0;1966.6;2003.0;1950.8;1954.2;1991526;0
Полюс;D;20250423;0;1948.0;1952.0;1890.0;1911.0;1111906;0
Полюс;D;20250424;0;1911.2;1943.0;1887.0;1904.8;1041290;0
Полюс;D;20250425;0;1856.0;1877.0;1829.4;1856.8;2181002;0
Полюс;D;20250428;0;1858.0;1870.8;1794.2;1816.6;1644292;0
Полюс;D;20250429;0;1804.0;1812.6;1756.4;1761.8;1002267;0
Полюс;D;20250430;0;1764.0;1765.0;1707.2;1751.4;1090638;0
Полюс;D;20250502;0;1751.4;1784.0;1700.8;1701.8;867127;0
Полюс;D;20250505;0;1705.2;1756.6;1703.0;1744.6;1060453;0
Полюс;D;20250506;0;1752.0;1809.8;1750.2;1804.2;1053239;0
Полюс;D;20250507;0;1794.8;1803.8;1751.0;1763.4;1036610;0
Полюс;D;20250508;0;1772.0;1778.0;1738.0;1748.8;404342;0
Полюс;D;20250512;0;1749.8;1763.8;1702.2;1736.6;1493496;0
Полюс;D;20250513;0;1736.8;1776.6;1731.0;1759.8;746116;0
Полюс;D;20250514;0;1755.0;1757.6;1710.4;1712.0;779130;0
Полюс;D;20250515;0;1708.0;1710.0;1667.2;1684.6;1046598;0
Полюс;D;20250516;0;1682.8;1699.0;1652.2;1663.4;1045151;0
Полюс;D;20250519;0;1666.8;1685.4;1651.0;1655.6;758171;0
Полюс;D;20250520;0;1652.2;1715.6;1625.8;1705.0;1551568;0
Полюс;D;20250521;0;1706.0;1729.8;1688.4;1706.0;971374;0
Полюс;D;20250522;0;1710.6;1718.6;1649.4;1669.8;1058374;0
Полюс;D;20250523;0;1671.4;1724.2;1660.4;1719.4;972752;0
Полюс;D;20250526;0;1719.4;1738.6;1650.6;1663.0;885117;0
Полюс;D;20250527;0;1663.0;1665.0;1617.0;1653.6;670092;0
Полюс;D;20250528;0;1650.0;1692.0;1644.8;1688.8;648351;0
Полюс;D;20250529;0;1690.0;1700.0;1673.2;1680.8;514079;0
Полюс;D;20250530;0;1680.0;1695.6;1668.2;1687.0;427901;0
Полюс;D;20250602;0;1686.0;1735.0;1645.0;1729.8;1294491;0
Полюс;D;20250603;0;1727.6;1754.4;1724.4;1739.0;765192;0
Полюс;D;20250604;0;1741.0;1787.8;1728.8;1761.8;806587;0
Полюс;D;20250605;0;1762.0;1833.8;1762.0;1823.8;1181513;0
Полюс;D;20250606;0;1824.0;1845.8;1731.6;1746.2;1544158;0
Полюс;D;20250609;0;1755.0;1766.4;1690.6;1711.8;925993;0
Полюс;D;20250610;0;1713.2;1737.2;1685.4;1722.4;567415;0
Полюс;D;20250611;0;1733.6;1759.8;1711.8;1734.0;490367;0
Полюс;D;20250613;0;1757.0;1787.4;1743.2;1764.4;648986;0
Полюс;D;20250616;0;1770.0;1774.0;1701.8;1757.0;955331;0
Полюс;D;20250617;0;1757.0;1768.0;1725.0;1744.4;601112;0
Полюс;D;20250618;0;1745.0;1755.0;1725.0;1732.8;384774;0
Полюс;D;20250619;0;1733.0;1740.0;1703.0;1733.0;832422;0
Полюс;D;20250620;0;1730.2;1738.0;1710.2;1715.4;315789;0
Полюс;D;20250623;0;1729.4;1729.4;1701.0;1701.8;553626;0
Полюс;D;20250624;0;1701.0;1719.4;1669.0;1717.8;683009;0
Полюс;D;20250625;0;1719.6;1761.0;1710.4;1755.6;771545;0
Полюс;D;20250626;0;1759.0;1799.2;1751.2;1790.0;842664;0
Полюс;D;20250627;0;1768.0;1799.0;1756.0;1797.2;990663;0
Полюс;D;20250630;0;1790.4;1831.0;1778.0;1817.4;809457;0
Полюс;D;20250701;0;1819.0;1894.4;1813.2;1865.0;1554022;0
Полюс;D;20250702;0;1865.2;1889.0;1829.4;1867.0;971596;0
Полюс;D;20250703;0;1858.4;1880.0;1839.4;1851.6;598365;0
Полюс;D;20250704;0;1855.8;1916.8;1848.0;1908.0;1415565;0
Полюс;D;20250707;0;1908.0;1911.4;1866.2;1882.0;779738;0
Полюс;D;20250708;0;1880.2;1888.6;1841.0;1845.2;760412;0
Полюс;D;20250709;0;1840.2;1851.4;1802.4;1828.4;941250;0
Полюс;D;20250710;0;1830.0;1877.2;1822.8;1860.8;583113;0
Полюс;D;20250711;0;1863.0;1867.0;1777.0;1790.0;1270948;0
Полюс;D;20250714;0;1797.8;1838.4;1750.2;1837.6;1164161;0
Полюс;D;20250715;0;1839.6;1888.0;1835.8;1862.0;720223;0
Полюс;D;20250716;0;1862.0;1900.8;1841.0;1884.4;777626;0
Полюс;D;20250717;0;1884.2;1900.0;1872.2;1891.0;413572;0
Полюс;D;20250718;0;1897.6;1948.2;1854.0;1873.0;1653670;0
Полюс;D;20250721;0;1880.2;1955.0;1870.0;1943.2;1348118;0
Полюс;D;20250722;0;1945.0;1973.6;1925.6;1970.0;890945;0
Полюс;D;20250723;0;1964.0;1991.6;1960.6;1968.8;885103;0
Полюс;D;20250724;0;1961.0;1983.2;1951.4;1973.0;637158;0
Полюс;D;20250725;0;1970.0;1978.0;1907.4;1914.6;877967;0
Полюс;D;20250728;0;1919.0;1956.4;1903.0;1931.0;833081;0
Полюс;D;20250729;0;1936.8;2011.0;1929.0;1987.0;1748124;0
Полюс;D;20250730;0;1994.6;2007.0;1930.0;1930.8;1031622;0
Полюс;D;20250731;0;1938.2;1980.0;1934.0;1967.2;674120;0
Полюс;D;20250801;0;1968.0;1985.0;1943.0;1966.4;655782;0
Полюс;D;20250804;0;1966.6;2035.0;1958.2;2031.6;1501318;0
Полюс;D;20250805;0;2036.6;2063.8;2016.0;2048.0;1354103;0
Полюс;D;20250806;0;2046.2;2071.2;2022.6;2053.8;1300246;0
Полюс;D;20250807;0;2053.8;2085.0;2044.0;2079.4;1057327;0
Полюс;D;20250808;0;2084.8;2147.0;2073.8;2145.0;1330038;0
Полюс;D;20250811;0;2150.0;2248.2;2090.0;2108.4;2024626;0
Полюс;D;20250812;0;2116.6;2129.8;2045.2;2077.0;1627085;0
Полюс;D;20250813;0;2083.8;2120.0;2080.4;2097.4;1011431;0
Полюс;D;20250814;0;2107.8;2127.6;2080.0;2108.0;763294;0
Полюс;D;20250815;0;2109.0;2132.0;2105.6;2116.2;652604;0
Полюс;D;20250818;0;2104.0;2124.4;2068.2;2115.6;790980;0
Полюс;D;20250819;0;2116.4;2166.0;2116.4;2137.8;1413497;0
Полюс;D;20250820;0;2136.2;2163.6;2126.0;2146.8;739190;0
Полюс;D;20250821;0;2150.0;2181.8;2135.6;2147.4;766521;0
Полюс;D;20250822;0;2148.0;2203.2;2144.8;2194.0;1016114;0
Полюс;D;20250825;0;2195.0;2233.2;2187.0;2198.0;1209895;0
Полюс;D;20250826;0;2205.4;2213.4;2176.2;2209.6;579692;0
Полюс;D;20250827;0;2209.6;2219.4;2124.2;2143.8;2032851;0
Полюс;D;20250828;0;2145.2;2170.0;2125.2;2165.0;868462;0
Полюс;D;20250829;0;2165.0;2166.6;2100.0;2138.2;948838;0
Полюс;D;20250901;0;2138.2;2190.0;2123.2;2182.4;954660;0
Полюс;D;20250902;0;2190.0;2228.0;2166.2;2223.8;1273684;0
Полюс;D;20250903;0;2225.0;2238.2;2204.0;2232.2;1273063;0
Полюс;D;20250904;0;2220.6;2232.8;2205.2;2219.4;784306;0
Полюс;D;20250905;0;2222.0;2240.0;2215.8;2235.6;1133415;0
Полюс;D;20250908;0;2238.4;2290.0;2231.0;2280.8;1673512;0
Полюс;D;20250909;0;2281.2;2348.8;2281.2;2327.4;2120992;0
Полюс;D;20250910;0;2330.0;2344.0;2311.8;2336.4;1017724;0
Полюс;D;20250911;0;2330.2;2334.6;2310.8;2328.4;1121816;0
Полюс;D;20250912;0;2334.8;2367.2;2286.4;2312.8;1770081;0
Полюс;D;20250915;0;2318.4;2345.0;2267.0;2345.0;1484504;0
Полюс;D;20250916;0;2345.0;2360.0;2323.2;2340.2;1183077;0
Полюс;D;20250917;0;2340.2;2355.0;2295.8;2309.6;1114821;0
Полюс;D;20250918;0;2315.4;2320.0;2281.6;2296.0;1218527;0
Полюс;D;20250919;0;2299.8;2310.0;2285.2;2293.6;643624;0
Полюс;D;20250922;0;2297.2;2340.0;2277.0;2328.6;1555788;0
Полюс;D;20250923;0;2330.2;2365.0;2306.0;2322.8;1311797;0
Полюс;D;20250924;0;2324.0;2334.6;2301.2;2309.0;832525;0
Полюс;D;20250925;0;2310.0;2336.4;2303.6;2313.0;573741;0
Полюс;D;20250926;0;2312.0;2325.8;2306.0;2320.2;470693;0
Полюс;D;20250929;0;2326.8;2407.6;2320.4;2386.6;1689042;0
Полюс;D;20250930;0;2405.0;2439.0;2340.0;2362.4;1659985;0
Полюс;D;20251001;0;2367.0;2405.0;2344.2;2368.2;1094567;0
Полюс;D;20251002;0;2368.0;2378.8;2286.4;2317.2;1147066;0
Полюс;D;20251003;0;2317.4;2337.0;2295.0;2321.8;728830;0
Полюс;D;20251006;0;2315.2;2382.0;2300.0;2377.4;1267075;0
Полюс;D;20251007;0;2382.0;2396.0;2363.8;2386.0;749081;0
Полюс;D;20251008;0;2396.0;2411.0;2308.2;2352.0;1833046;0
Полюс;D;20251009;0;2352.0;2377.4;2300.0;2323.0;1422574;0
Полюс;D;20251010;0;2322.8;2322.8;2235.6;2292.4;1598534;0
Полюс;D;20251013;0;2270.0;2282.6;2205.8;2223.6;1485441;0
Полюс;D;20251014;0;2230.2;2255.2;2081.6;2128.2;2898644;0
Полюс;D;20251015;0;2140.0;2232.6;2094.0;2212.8;2575089;0
Полюс;D;20251016;0;2220.0;2340.0;2180.0;2340.0;3050062;0
Полюс;D;20251017;0;2360.0;2383.6;2185.0;2196.2;3355551;0
Полюс;D;20251020;0;2196.2;2224.0;2122.8;2186.0;3408655;0
Полюс;D;20251021;0;2186.0;2188.6;2039.0;2058.2;3168418;0
Полюс;D;20251022;0;2061.8;2095.0;2023.0;2043.8;1936766;0
Полюс;D;20251023;0;2033.0;2072.0;1990.0;2037.2;2006315;0
Полюс;D;20251024;0;2041.0;2094.0;2035.0;2043.2;1791988;0
Полюс;D;20251027;0;2041.6;2041.6;1951.2;1971.0;1385676;0
Полюс;D;20251028;0;1971.0;2006.8;1956.0;1980.6;1022996;0
Полюс;D;20251029;0;1980.4;2072.0;1980.0;2045.8;1898465;0
Полюс;D;20251030;0;2040.0;2097.0;2039.4;2094.6;981509;0
Полюс;D;20251031;0;2094.0;2119.8;2041.0;2052.8;1069213;0
Полюс;D;20251101;0;2059.4;2073.0;2050.8;2062.0;242081;0
Полюс;D;20251103;0;2068.0;2107.0;2063.2;2098.8;350387;0
Полюс;D;20251105;0;2094.6;2122.6;2055.2;2087.0;1003159;0
Полюс;D;20251106;0;2088.0;2098.0;2070.2;2072.8;373578;0
Полюс;D;20251107;0;2073.0;2100.0;2072.8;2084.8;443013;0
Полюс;D;20251110;0;2086.0;2148.2;2077.0;2148.0;1089031;0
Полюс;D;20251111;0;2154.0;2179.8;2142.2;2153.8;707673;0
Полюс;D;20251112;0;2151.0;2165.2;2119.0;2153.6;626000;0
Полюс;D;20251113;0;2159.0;2205.0;2155.8;2167.8;1182589;0
Полюс;D;20251114;0;2178.2;2189.0;2113.4;2150.2;942778;0
Полюс;D;20251117;0;2150.2;2164.6;2090.0;2095.0;892243;0
Полюс;D;20251118;0;2087.8;2150.0;2066.2;2130.2;995958;0
Полюс;D;20251119;0;2130.0;2189.0;2119.4;2145.0;1182942;0
Полюс;D;20251120;0;2145.0;2185.0;2131.2;2170.2;1021038;0
Полюс;D;20251121;0;2170.2;2177.0;2140.0;2161.0;683338;0
Полюс;D;20251124;0;2161.2;2182.6;2112.0;2140.0;757288;0
Полюс;D;20251125;0;2140.4;2149.8;2120.6;2133.6;560686;0
Полюс;D;20251126;0;2143.2;2145.2;2110.2;2136.6;422693;0
Полюс;D;20251127;0;2136.0;2138.0;2111.0;2111.2;349833;0
Полюс;D;20251128;0;2116.0;2149.0;2112.0;2140.4;652272;0
Полюс;D;20251201;0;2145.4;2163.0;2116.2;2144.8;594779;0
Полюс;D;20251202;0;2145.2;2151.0;2121.4;2135.0;374880;0
Полюс;D;20251203;0;2129.6;2143.0;2110.4;2128.0;429076;0
Полюс;D;20251204;0;2131.0;2152.0;2119.4;2136.8;581541;0
Полюс;D;20251205;0;2136.8;2192.0;2136.0;2168.6;860567;0
Полюс;D;20251208;0;2168.6;2190.0;2133.0;2138.0;823270;0
Полюс;D;20251209;0;2145.0;2179.4;2126.6;2168.0;501988;0
Полюс;D;20251210;0;2170.0;2185.0;2166.8;2183.8;307826;0
Полюс;D;20251211;0;2188.8;2268.0;2181.0;2255.6;1205717;0
Полюс;D;20251212;0;2259.6;2301.4;2222.0;2241.8;1485304;0
Полюс;D;20251215;0;2247.2;2295.0;2242.2;2294.2;1034363;0
Полюс;D;20251216;0;2294.2;2314.2;2280.2;2312.4;816524;0
Полюс;D;20251217;0;2313.0;2315.8;2283.6;2310.2;649941;0
Полюс;D;20251218;0;2309.6;2326.0;2281.0;2294.4;1075667;0
Полюс;D;20251219;0;2294.4;2315.0;2281.6;2304.8;873123;0
Полюс;D;20251222;0;2294.0;2344.2;2266.0;2286.8;1655240;0
Полюс;D;20251223;0;2295.4;2346.4;2288.0;2328.0;1261876;0
Полюс;D;20251224;0;2330.0;2332.0;2305.0;2325.2;435073;0
Полюс;D;20251225;0;2330.0;2333.6;2307.4;2324.6;362776;0
Полюс;D;20251226;0;2328.6;2379.0;2324.0;2373.4;786921;0
Полюс;D;20251229;0;2376.6;2464.0;2346.0;2372.0;2050373;0
Полюс;D;20251230;0;2377.0;2408.0;2370.0;2398.4;708772;0
Полюс;D;20260105;0;2415.0;2443.0;2412.0;2438.8;436322;0
Полюс;D;20260106;0;2442.0;2457.8;2430.4;2442.0;334595;0
Полюс;D;20260108;0;2430.6;2439.8;2390.2;2408.0;408546;0
Полюс;D;20260109;0;2412.0;2428.6;2396.0;2416.4;278314;0
Полюс;D;20260112;0;2431.6;2580.0;2430.0;2547.0;2593243;0
Полюс;D;20260113;0;2547.0;2607.4;2527.2;2580.0;2378741;0
Полюс;D;20260114;0;2599.0;2629.0;2544.2;2593.2;1453870;0
Полюс;D;20260115;0;2565.4;2578.0;2539.2;2569.8;680808;0
Полюс;D;20260116;0;2560.0;2589.0;2543.0;2561.0;849366;0
Полюс;D;20260119;0;2561.0;2620.0;2556.2;2609.0;951221;0
Полюс;D;20260120;0;2620.0;2649.0;2605.2;2649.0;1300156;0
Полюс;D;20260121;0;2660.6;2728.4;2640.8;2643.0;2456344;0
Полюс;D;20260122;0;2645.6;2702.0;2641.0;2696.0;1277822;0
Полюс;D;20260123;0;2703.2;2720.0;2673.0;2709.0;1083109;0
Полюс;D;20260126;0;2714.0;2776.8;2709.0;2737.4;2143686;0
Полюс;D;20260127;0;2744.8;2749.6;2661.4;2714.8;1608841;0
Полюс;D;20260128;0;2735.2;2764.8;2684.0;2738.0;2359759;0
Полюс;D;20260129;0;2763.0;2765.0;2620.0;2706.0;2824383;0
Полюс;D;20260130;0;2660.0;2678.0;2535.0;2601.2;3373663;0
Полюс;D;20260202;0;2580.0;2638.4;2506.2;2629.8;2943161;0
Полюс;D;20260203;0;2659.0;2694.0;2646.0;2690.0;1185154;0
Полюс;D;20260204;0;2700.6;2726.0;2645.0;2674.8;1178982;0
Полюс;D;20260205;0;2640.0;2666.8;2591.0;2601.6;1135373;0
Полюс;D;20260206;0;2601.8;2640.0;2595.8;2631.8;517172;0
Полюс;D;20260209;0;2633.0;2683.0;2621.4;2677.8;877645;0
Полюс;D;20260210;0;2666.4;2677.2;2643.0;2661.6;700327;0
Полюс;D;20260211;0;2669.0;2694.8;2653.0;2676.0;644876;0
Полюс;D;20260212;0;2677.0;2677.2;2569.0;2573.2;1633559;0
Полюс;D;20260213;0;2581.0;2594.0;2502.0;2533.8;1576437;0
Полюс;D;20260216;0;2528.4;2528.8;2452.8;2469.0;1182484;0
Полюс;D;20260217;0;2464.8;2464.8;2410.2;2421.6;1263749;0
Полюс;D;20260218;0;2427.2;2492.6;2424.2;2485.6;1087682;0
Полюс;D;20260219;0;2485.8;2545.8;2482.0;2499.6;1254206;0
Полюс;D;20260220;0;2505.0;2530.0;2480.4;2505.0;722122;0
Полюс;D;20260224;0;2510.0;2539.0;2484.4;2488.0;863878;0
Полюс;D;20260225;0;2491.0;2516.0;2486.6;2511.4;516796;0
Полюс;D;20260226;0;2512.0;2520.8;2468.6;2481.0;593219;0
Полюс;D;20260227;0;2476.6;2514.6;2466.0;2505.4;671078;0
Полюс;D;20260302;0;2513.6;2600.0;2500.0;2543.0;4365867;0
Полюс;D;20260303;0;2550.0;2552.0;2446.0;2476.4;1952294;0
Полюс;D;20260304;0;2485.6;2516.0;2468.2;2492.4;778030;0
Полюс;D;20260305;0;2500.0;2508.4;2458.8;2475.0;635027;0
Полюс;D;20260306;0;2477.4;2484.0;2415.0;2436.4;1118155;0
Полюс;D;20260309;0;2425.0;2425.0;2351.0;2402.2;971833;0
Полюс;D;20260310;0;2405.8;2476.6;2404.4;2464.4;1407573;0
Полюс;D;20260311;0;2462.4;2471.2;2414.4;2431.6;676497;0
Полюс;D;20260312;0;2424.0;2430.2;2404.8;2408.6;489577;0
Полюс;D;20260313;0;2417.0;2442.0;2405.2;2421.2;522281;0
Полюс;D;20260316;0;2421.8;2436.6;2383.2;2392.6;934619;0
Полюс;D;20260317;0;2394.6;2406.2;2382.8;2386.2;373078;0
Полюс;D;20260318;0;2387.0;2404.6;2320.0;2322.4;1376009;0
Полюс;D;20260319;0;2330.0;2344.6;2237.0;2283.0;2191142;0
Полюс;D;20260320;0;2299.6;2340.4;2278.0;2296.0;1405622;0
Полюс;D;20260323;0;2248.2;2303.0;2212.8;2283.6;2473429;0
Полюс;D;20260324;0;2265.0;2313.2;2261.0;2273.0;961256;0
Полюс;D;20260325;0;2288.6;2300.0;2238.8;2251.4;1446101;0
Полюс;D;20260326;0;2251.4;2254.0;2213.2;2227.6;1104309;0
Полюс;D;20260327;0;2236.0;2243.8;2158.8;2165.6;1544758;0
Полюс;D;20260330;0;2165.6;2188.6;2115.0;2121.0;1473151;0
Полюс;D;20260331;0;2124.2;2141.0;2068.4;2115.4;1870976;0
Полюс;D;20260401;0;2120.8;2176.0;2105.6;2167.8;1704631;0
Полюс;D;20260402;0;2155.6;2175.0;2124.2;2150.0;1077287;0
Полюс;D;20260403;0;2150.0;2167.0;2133.0;2138.6;554198;0
Полюс;D;20260406;0;2140.2;2185.0;2130.4;2171.2;994260;0
Полюс;D;20260407;0;2172.0;2266.0;2169.2;2259.0;1730370;0
Полюс;D;20260408;0;2293.0;2338.0;2251.0;2260.2;2250358;0
Полюс;D;20260409;0;2261.4;2276.0;2206.2;2224.2;1058247;0
Полюс;D;20260410;0;2225.0;2232.8;2153.4;2163.4;1179220;0
Полюс;D;20260413;0;2168.6;2174.8;2105.8;2131.0;1052980;0
Полюс;D;20260414;0;2131.0;2218.8;2131.0;2207.4;1454848;0
Полюс;D;20260415;0;2209.0;2257.4;2202.2;2238.2;1288813;0
Полюс;D;20260416;0;2243.4;2258.6;2222.2;2230.0;650675;0
Полюс;D;20260417;0;2236.0;2295.6;2224.0;2263.2;1222758;0
