<TICKER>;<PER>;<DATE>;<TIME>;<OPEN>;<HIGH>;<LOW>;<CLOSE>;<VOL>;<OPENINT>
RASP;D;20061114;000000;57.9;68.8;57.9;63.98;47200;0
RASP;D;20061115;000000;63;63;62.99;62.99;3100;0
RASP;D;20061116;000000;62.75;62.75;60.03;60.03;900;0
RASP;D;20061117;000000;60.04;62.74;60.04;62.74;300;0
RASP;D;20061120;000000;62.74;62.74;60.07;60.07;600;0
RASP;D;20061121;000000;0;0;0;0;0;0
RASP;D;20061122;000000;0;0;0;0;0;0
RASP;D;20061123;000000;62;62;62;62;300;0
RASP;D;20061124;000000;61;61.12;60.1;60.1;50500;0
RASP;D;20061127;000000;60.07;62;60.03;62;3000;0
RASP;D;20061128;000000;0;0;0;0;0;0
RASP;D;20061129;000000;62;62;62;62;300;0
RASP;D;20061130;000000;62;62;62;62;100;0
RASP;D;20061201;000000;60.1;60.1;50;55.13;83100;0
RASP;D;20061204;000000;55.05;57.6;55;55;12900;0
RASP;D;20061205;000000;54;55.5;51.2;51.2;12400;0
RASP;D;20061206;000000;55.18;55.18;51;51;46000;0
RASP;D;20061207;000000;50.31;52.38;50.31;51;11800;0
RASP;D;20061208;000000;52.3;52.49;51.65;51.65;2800;0
RASP;D;20061211;000000;52.48;52.5;51.25;51.25;21700;0
RASP;D;20061212;000000;51.7;51.7;51;51.3;1700;0
RASP;D;20061213;000000;51.8;51.8;50.26;50.26;3400;0
RASP;D;20061214;000000;50.31;51.8;50.3;51.8;10000;0
RASP;D;20061215;000000;52;52;50.5;51.78;1700;0
RASP;D;20061218;000000;51.78;51.78;50.25;51.2;19900;0
RASP;D;20061219;000000;50.8;51.45;50;50;15900;0
RASP;D;20061220;000000;51.28;51.5;51.28;51.5;19500;0
RASP;D;20061221;000000;50.48;50.48;49.5;50;54700;0
RASP;D;20061222;000000;50;50.4;49.72;49.72;1300;0
RASP;D;20061225;000000;50.39;50.95;48.5;50;2700;0
RASP;D;20061226;000000;49;49.4;47.01;49;4200;0
RASP;D;20061227;000000;49.98;55;49.98;52;109800;0
RASP;D;20061228;000000;50.6;52.89;47.1;50.15;52300;0
RASP;D;20061229;000000;50;50.3;50;50.3;2800;0
RASP;D;20070109;000000;50;50;48;48;1500;0
RASP;D;20070110;000000;48.5;48.8;48.2;48.2;5700;0
RASP;D;20070111;000000;47.59;47.59;47.58;47.58;600;0
RASP;D;20070112;000000;47.9;48.6;47.51;48.6;4600;0
RASP;D;20070115;000000;48.97;49.4;48.1;48.7;1600;0
RASP;D;20070116;000000;49.5;50.21;48.01;50;7400;0
RASP;D;20070117;000000;49.1;52.7;49.05;50.2;16600;0
RASP;D;20070118;000000;52.5;52.5;50.2;51.4;5300;0
RASP;D;20070119;000000;51.5;52.5;50.82;51.4;16400;0
RASP;D;20070122;000000;51.99;52;51.5;51.5;5200;0
RASP;D;20070123;000000;51.5;52.9;51.5;52.3;10000;0
RASP;D;20070124;000000;52.3;52.3;52;52.2;7100;0
RASP;D;20070125;000000;52.2;52.2;52;52;4500;0
RASP;D;20070126;000000;52;52;51.5;51.6;1100;0
RASP;D;20070129;000000;51.75;52.3;51.75;52.3;8500;0
RASP;D;20070130;000000;51.51;51.51;51.5;51.5;1000;0
RASP;D;20070131;000000;52.3;52.3;51.7;51.7;1500;0
RASP;D;20070201;000000;52.1;52.2;51.8;51.8;4500;0
RASP;D;20070202;000000;50.55;51.4;50.5;51.03;41500;0
RASP;D;20070205;000000;51.03;51.3;51;51;400;0
RASP;D;20070206;000000;51.5;52.3;51;52.3;15100;0
RASP;D;20070207;000000;52.4;53.99;50.5;52.7;571100;0
RASP;D;20070208;000000;52.78;52.78;51;52.5;15700;0
RASP;D;20070209;000000;50.8;55.99;50.8;55;289600;0
RASP;D;20070212;000000;53;55.5;53;54.89;45100;0
RASP;D;20070213;000000;53;58;53;57;29900;0
RASP;D;20070214;000000;58;61.95;58;59.5;204800;0
RASP;D;20070215;000000;59.99;61.2;58.5;61;228700;0
RASP;D;20070216;000000;61.4;63;59.21;61;80800;0
RASP;D;20070219;000000;61;61;59.78;60.79;20900;0
RASP;D;20070220;000000;61;61;56.3;57.5;78200;0
RASP;D;20070221;000000;57.5;58.5;57;58.1;102600;0
RASP;D;20070222;000000;57.32;58.71;56.1;58.32;58900;0
RASP;D;20070226;000000;58.71;59.97;57.51;58.8;57300;0
RASP;D;20070227;000000;58.73;58.73;57.5;58.5;62800;0
RASP;D;20070228;000000;54;57.6;54;56.9;25300;0
RASP;D;20070301;000000;57.9;57.9;56.1;57;41300;0
RASP;D;20070302;000000;56.55;57.39;55;57.39;37800;0
RASP;D;20070305;000000;50.02;55.85;50.01;53.59;158200;0
RASP;D;20070306;000000;54.46;58.8;54.05;55;144500;0
RASP;D;20070307;000000;55.5;57;53.23;54;154100;0
RASP;D;20070309;000000;56.31;56.4;53.5;54.1;34100;0
RASP;D;20070312;000000;53.52;54.49;53.5;54;34300;0
RASP;D;20070313;000000;54.55;55;54;54.1;14700;0
RASP;D;20070314;000000;53.1;53.5;51.02;53.5;50300;0
RASP;D;20070315;000000;52.05;54.3;52.05;52.98;18600;0
RASP;D;20070316;000000;53.06;54.39;53.06;54.25;24900;0
RASP;D;20070319;000000;54.3;55;53.71;55;61900;0
RASP;D;20070320;000000;55.6;57;55;56.99;71000;0
RASP;D;20070321;000000;57;57.2;56.02;57;46000;0
RASP;D;20070322;000000;58.5;58.98;57;58.4;129500;0
RASP;D;20070323;000000;58.45;58.45;57.6;57.7;42400;0
RASP;D;20070326;000000;57;59;57;58.51;68000;0
RASP;D;20070327;000000;58.51;58.51;58;58;9300;0
RASP;D;20070328;000000;57.51;58.88;57.5;58.14;18600;0
RASP;D;20070329;000000;57.55;59.15;57.55;58.5;52100;0
RASP;D;20070330;000000;58.8;58.8;58;58.3;74400;0
RASP;D;20070402;000000;55.72;58.88;55.71;58.88;20000;0
RASP;D;20070403;000000;58.3;59.21;58.3;59.03;115700;0
RASP;D;20070404;000000;59.1;60.89;58.76;60.89;604500;0
RASP;D;20070405;000000;61;63;59;61;158700;0
RASP;D;20070406;000000;60;60.4;59.5;60.31;60000;0
RASP;D;20070409;000000;60.98;60.98;59.56;60.95;11400;0
RASP;D;20070410;000000;60.94;61;60.8;61;3900;0
RASP;D;20070411;000000;62;62.95;62;62.9;15400;0
RASP;D;20070412;000000;62;62.47;61;62.47;13900;0
RASP;D;20070413;000000;63;63;61.8;62;22500;0
RASP;D;20070416;000000;63;63.49;62.95;63.49;371500;0
RASP;D;20070417;000000;62.05;63;61.02;62.1;188900;0
RASP;D;20070418;000000;62.1;63;62.1;62.6;72400;0
RASP;D;20070419;000000;62.34;62.34;62.1;62.3;200000;0
RASP;D;20070420;000000;64;65;62.6;62.9;19400;0
RASP;D;20070423;000000;62.9;64;62.9;62.9;202200;0
RASP;D;20070424;000000;63.74;63.98;62.5;63.9;62500;0
RASP;D;20070425;000000;62.5;64;62.5;63.4;800;0
RASP;D;20070426;000000;63.5;64.8;62.5;62.7;113300;0
RASP;D;20070427;000000;62.4;63.5;61;61.5;39800;0
RASP;D;20070428;000000;62;62.4;61.5;61.5;18800;0
RASP;D;20070502;000000;61.99;62;61.1;61.8;11500;0
RASP;D;20070503;000000;61.95;62.49;61.8;61.8;30000;0
RASP;D;20070504;000000;62;62.33;62;62.3;89200;0
RASP;D;20070507;000000;62.01;62.5;62;62;6400;0
RASP;D;20070508;000000;62.45;62.45;62;62.2;10200;0
RASP;D;20070510;000000;61.57;62;61.57;61.57;2500;0
RASP;D;20070511;000000;62;63.5;59.65;60;189800;0
RASP;D;20070514;000000;60;61.9;59.88;60;2000;0
RASP;D;20070515;000000;57.63;60;57.63;58.5;51500;0
RASP;D;20070516;000000;59.4;60;58.45;59.8;16600;0
RASP;D;20070517;000000;61.89;61.9;57.3;57.69;212700;0
RASP;D;20070518;000000;57;57.02;56.56;56.99;7500;0
RASP;D;20070521;000000;57;58.78;57;58.77;8400;0
RASP;D;20070522;000000;58.97;58.97;57.2;58.82;20100;0
RASP;D;20070523;000000;58.9;58.9;57.75;57.75;8700;0
RASP;D;20070524;000000;56.01;57.99;56.01;57.99;200;0
RASP;D;20070525;000000;57.5;58.5;57;58;67700;0
RASP;D;20070528;000000;58.25;59.95;58.25;58.6;143200;0
RASP;D;20070529;000000;58.3;58.3;58;58;40000;0
RASP;D;20070530;000000;59.99;61.92;56;56.61;18200;0
RASP;D;20070531;000000;57.95;59.5;57.75;59.5;97500;0
RASP;D;20070601;000000;59.04;59.9;56.01;56.6;31700;0
RASP;D;20070604;000000;57.89;57.89;56.55;56.7;600;0
RASP;D;20070605;000000;56.66;58;56.66;58;36400;0
RASP;D;20070606;000000;57.8;58;56.19;57.8;9700;0
RASP;D;20070607;000000;57;57.5;56.18;56.18;95200;0
RASP;D;20070608;000000;56.8;58.9;56.8;57;138300;0
RASP;D;20070609;000000;57.5;57.5;57.48;57.5;17100;0
RASP;D;20070613;000000;56.02;60;56.02;59.5;61700;0
RASP;D;20070614;000000;59.5;62;59;62;96400;0
RASP;D;20070615;000000;61;64.8;60;64;55900;0
RASP;D;20070618;000000;65;69.9;65;67.63;128900;0
RASP;D;20070619;000000;67;74.99;66.56;68;32700;0
RASP;D;20070620;000000;68;69;67.12;68.67;40300;0
RASP;D;20070621;000000;68.69;68.99;67.13;67.5;9400;0
RASP;D;20070622;000000;68.95;68.95;63;66.2;8600;0
RASP;D;20070625;000000;63.1;68.77;63.1;68;10900;0
RASP;D;20070626;000000;67.07;67.64;64;67.64;12500;0
RASP;D;20070627;000000;67.76;67.76;67;67;47200;0
RASP;D;20070628;000000;67.7;68.75;67;67.6;77900;0
RASP;D;20070629;000000;70.24;70.24;65.5;66.5;12900;0
RASP;D;20070702;000000;66.25;67.5;66;67;42200;0
RASP;D;20070703;000000;67;68.56;66.2;68.5;83100;0
RASP;D;20070704;000000;68.01;69.8;67.27;69.5;10900;0
RASP;D;20070705;000000;70;72;70;70.6;100800;0
RASP;D;20070706;000000;69;71.5;67.2;71.45;31400;0
RASP;D;20070709;000000;71.19;72.5;71.19;72;29200;0
RASP;D;20070710;000000;73.87;74.7;70.54;71.3;3200;0
RASP;D;20070711;000000;71.01;72;71;72;51100;0
RASP;D;20070712;000000;71.02;75;71;74.4;60700;0
RASP;D;20070713;000000;73.2;73.2;72.12;72.55;113800;0
RASP;D;20070716;000000;74;74;72.55;73;11100;0
RASP;D;20070717;000000;73;74.5;73;74.02;22800;0
RASP;D;20070718;000000;74.44;77;73.7;75;82900;0
RASP;D;20070719;000000;76.99;78.55;76;78.29;38700;0
RASP;D;20070720;000000;79;79.5;77.3;78.6;33400;0
RASP;D;20070723;000000;76.6;80;76.53;79;69100;0
RASP;D;20070724;000000;80;80.99;78.5;80;85300;0
RASP;D;20070725;000000;76.71;79.88;76.71;78.57;64800;0
RASP;D;20070726;000000;79.3;79.3;77.5;77.76;41500;0
RASP;D;20070727;000000;75.6;77.9;75.6;76.7;3000;0
RASP;D;20070730;000000;78.99;78.99;76;76.01;50500;0
RASP;D;20070731;000000;75.5;77.25;74.3;77;142400;0
RASP;D;20070801;000000;77.49;77.49;74.5;74.9;16200;0
RASP;D;20070802;000000;75.64;77.89;73.7;77.04;27300;0
RASP;D;20070803;000000;75.7;76.99;75.7;76;10300;0
RASP;D;20070806;000000;75.5;75.5;73.01;73.01;10400;0
RASP;D;20070807;000000;75;75.5;73.5;74.09;37600;0
RASP;D;20070808;000000;74;74.61;73.01;74.61;6200;0
RASP;D;20070809;000000;72.6;74.45;72.6;73.91;6900;0
RASP;D;20070810;000000;71.55;74.49;68;69.51;18500;0
RASP;D;20070813;000000;74.94;74.99;72;73.68;4500;0
RASP;D;20070814;000000;73.59;73.68;70.61;72.99;3000;0
RASP;D;20070815;000000;72.99;72.99;70.5;70.52;1700;0
RASP;D;20070816;000000;70.4;70.4;68.55;69.79;25700;0
RASP;D;20070817;000000;68.07;72.97;68.07;72.97;11200;0
RASP;D;20070820;000000;71.02;71.95;69.55;69.55;39800;0
RASP;D;20070821;000000;69;69.3;66;67.48;200900;0
RASP;D;20070822;000000;68.2;69.45;67.7;69.43;9300;0
RASP;D;20070823;000000;69.85;70.38;68;69.49;14200;0
RASP;D;20070824;000000;70.83;70.83;68;69.48;11600;0
RASP;D;20070827;000000;68.71;70.97;68.5;70;41600;0
RASP;D;20070828;000000;70.02;72;70;71.51;20300;0
RASP;D;20070829;000000;70.86;73.5;70;71.88;184200;0
RASP;D;20070830;000000;71.2;72.68;71;71.94;30600;0
RASP;D;20070831;000000;72.5;75.6;72.5;75.6;109100;0
RASP;D;20070903;000000;75;76.3;75;76.25;29400;0
RASP;D;20070904;000000;76.4;78.99;74.55;77.5;74300;0
RASP;D;20070905;000000;79;79;78;78.39;6300;0
RASP;D;20070906;000000;79;79;76.52;78.21;43300;0
RASP;D;20070907;000000;78.15;79.79;78.14;78.15;17100;0
RASP;D;20070910;000000;76.25;77.02;75;76.8;46600;0
RASP;D;20070911;000000;76;76.96;75.02;76;18300;0
RASP;D;20070912;000000;75.16;78.29;74.03;74.6;25600;0
RASP;D;20070913;000000;75.87;80.8;74;79;91900;0
RASP;D;20070914;000000;79;79;77.61;78;10200;0
RASP;D;20070917;000000;77.2;81;76.6;80.3;135400;0
RASP;D;20070918;000000;80.32;81.42;79;81;133600;0
RASP;D;20070919;000000;80.53;95;80.53;93.99;395900;0
RASP;D;20070920;000000;93.95;96;89.29;95.99;106600;0
RASP;D;20070921;000000;92;98.89;90.01;97.49;211200;0
RASP;D;20070924;000000;95.13;105.55;95.13;100.2;272100;0
RASP;D;20070925;000000;100.2;101;96.5;98.13;56200;0
RASP;D;20070926;000000;98;99.8;96.01;97.87;83100;0
RASP;D;20070927;000000;98.3;98.3;95.1;95.1;19500;0
RASP;D;20070928;000000;93;96.96;91.21;96.6;23900;0
RASP;D;20071001;000000;95;98.9;95;95;113900;0
RASP;D;20071002;000000;97.49;98;93.95;94.55;329300;0
RASP;D;20071003;000000;95.51;97.9;95.05;95.5;120000;0
RASP;D;20071004;000000;97.3;97.3;96;96.7;5400;0
RASP;D;20071005;000000;97.8;98.35;97;97.75;21400;0
RASP;D;20071008;000000;97.01;98.94;96.32;98;13100;0
RASP;D;20071009;000000;96.4;98;96.3;97.7;51500;0
RASP;D;20071010;000000;98.5;104.95;98;103.9;83900;0
RASP;D;20071011;000000;104.95;117.69;102.5;114.5;74900;0
RASP;D;20071012;000000;114.5;126;112.88;114.51;336200;0
RASP;D;20071015;000000;116.26;118;114.4;115;68100;0
RASP;D;20071016;000000;114.76;121.14;111.5;112.61;171900;0
RASP;D;20071017;000000;111;114;101.35;110.99;212800;0
RASP;D;20071018;000000;112.5;112.5;106.85;108;15800;0
RASP;D;20071019;000000;107.88;113;107.88;111.48;29800;0
RASP;D;20071022;000000;109.5;111;104.09;104.51;64900;0
RASP;D;20071023;000000;107.85;107.89;104.11;105.84;22100;0
RASP;D;20071024;000000;104.51;106.85;104.47;106.25;5900;0
RASP;D;20071025;000000;106;110.11;106;109.2;97600;0
RASP;D;20071026;000000;110.22;114.12;110.22;113;267200;0
RASP;D;20071029;000000;115.5;115.5;112.55;112.82;65800;0
RASP;D;20071030;000000;112.01;116.1;112.01;116.09;85200;0
RASP;D;20071031;000000;117;126;117;122.66;175600;0
RASP;D;20071101;000000;119.75;129;119;124.95;223400;0
RASP;D;20071102;000000;122;130;121.1;125.26;118600;0
RASP;D;20071106;000000;129;129;125.03;126.49;39400;0
RASP;D;20071107;000000;127.2;127.2;122.11;124.5;227400;0
RASP;D;20071108;000000;124.48;130;123.01;125;108800;0
RASP;D;20071109;000000;125;125.49;124.14;124.14;29400;0
RASP;D;20071112;000000;124.16;124.9;122;123.89;53600;0
RASP;D;20071113;000000;122.18;124.34;118;119.5;52100;0
RASP;D;20071114;000000;122.09;122.99;121.01;122.9;27300;0
RASP;D;20071115;000000;121.5;121.79;120.3;120.6;25100;0
RASP;D;20071116;000000;121.99;122;116.5;117.9;47300;0
RASP;D;20071119;000000;118.9;118.9;117;117;22300;0
RASP;D;20071120;000000;119;119;117;117.85;15100;0
RASP;D;20071121;000000;117.3;118;115;115.49;55800;0
RASP;D;20071122;000000;115.5;115.8;113;115.8;112400;0
RASP;D;20071123;000000;117.5;119.43;115;117.4;39300;0
RASP;D;20071126;000000;118;124;118;124;54300;0
RASP;D;20071127;000000;122.5;123.89;121.5;123;6200;0
RASP;D;20071128;000000;120.15;122.97;117.1;121.3;20800;0
RASP;D;20071129;000000;121;125.95;121;125.95;40700;0
RASP;D;20071130;000000;126.9;127.5;124.63;127.5;68500;0
RASP;D;20071203;000000;127.5;127.5;125.5;126;10200;0
RASP;D;20071204;000000;125.5;126.9;124;126;17200;0
RASP;D;20071205;000000;125.02;128.86;122.01;128;62100;0
RASP;D;20071206;000000;127.08;130.9;127.02;130.19;64200;0
RASP;D;20071207;000000;130;130;128;128.99;13300;0
RASP;D;20071210;000000;128.9;134;127.5;133.6;40200;0
RASP;D;20071211;000000;134.5;138.98;134.5;137.99;116400;0
RASP;D;20071212;000000;137.45;139.88;133;138.58;28800;0
RASP;D;20071213;000000;136.1;142;133.31;140.9;35900;0
RASP;D;20071214;000000;144.88;144.98;137;138.48;18800;0
RASP;D;20071217;000000;136.87;143.49;135;142.5;36300;0
RASP;D;20071218;000000;142.49;148.9;141.06;145.12;64700;0
RASP;D;20071219;000000;147.9;147.99;143;145.97;22600;0
RASP;D;20071220;000000;144.05;148.99;144;147.3;58700;0
RASP;D;20071221;000000;149.99;152;147.41;151.99;47200;0
RASP;D;20071224;000000;154;165;152.5;162;82100;0
RASP;D;20071225;000000;165;165;156.95;158.11;45100;0
RASP;D;20071226;000000;157.21;165;157.15;158;138100;0
RASP;D;20071227;000000;158;163;156;158.7;60700;0
RASP;D;20071228;000000;157;161.9;157;158;83500;0
RASP;D;20080109;000000;157;163;155;159.5;30100;0
RASP;D;20080110;000000;160;165;159.3;161;264500;0
RASP;D;20080111;000000;160.5;161.8;157.71;158.5;54300;0
RASP;D;20080114;000000;157.94;159.92;155.3;157.3;63400;0
RASP;D;20080115;000000;156.04;163.99;156.03;160;369300;0
RASP;D;20080116;000000;160;161.7;154.22;156.5;63600;0
RASP;D;20080117;000000;159.59;161.5;155.1;158;114200;0
RASP;D;20080118;000000;157.97;160;153;155;63000;0
RASP;D;20080121;000000;155;155.99;144;151.13;119600;0
RASP;D;20080122;000000;145;146;130;143;223500;0
RASP;D;20080123;000000;146;149.99;130;134;91800;0
RASP;D;20080124;000000;136.43;147;133.93;145;404700;0
RASP;D;20080125;000000;149;149;142.5;145.16;53700;0
RASP;D;20080128;000000;139.8;144;139.79;143.35;86000;0
RASP;D;20080129;000000;145.35;149.01;143.54;146.99;35500;0
RASP;D;20080130;000000;143.63;151;141.01;148.01;104100;0
RASP;D;20080131;000000;148.86;159.9;148.86;158.99;155100;0
RASP;D;20080201;000000;160;175;157.05;172.9;512000;0
RASP;D;20080204;000000;178;180;173;174.7;216100;0
RASP;D;20080205;000000;175;179;165.05;170.19;192200;0
RASP;D;20080206;000000;161.01;170;161;167.01;139600;0
RASP;D;20080207;000000;169.91;170;163.05;166.55;132900;0
RASP;D;20080208;000000;167;177;167;171.49;123400;0
RASP;D;20080211;000000;170.6;178;170.6;177;166200;0
RASP;D;20080212;000000;179.95;192;177.8;185;398500;0
RASP;D;20080213;000000;185.9;188;182.27;184.5;179100;0
RASP;D;20080214;000000;188;188;181.8;183.75;152600;0
RASP;D;20080215;000000;183;184.3;180.03;183;57600;0
RASP;D;20080218;000000;184.3;184.3;182.99;184;56300;0
RASP;D;20080219;000000;184;184;181.7;182.6;65700;0
RASP;D;20080220;000000;183;184.79;182;183.95;101100;0
RASP;D;20080221;000000;188.89;188.89;181.12;182;177700;0
RASP;D;20080222;000000;181.01;181.96;180.17;180.9;58500;0
RASP;D;20080226;000000;183.5;187;182;182.72;225300;0
RASP;D;20080227;000000;185.99;187;180.12;180.5;488900;0
RASP;D;20080228;000000;180;181.89;175.11;179.99;123100;0
RASP;D;20080229;000000;179.99;180.99;175.51;177.48;225800;0
RASP;D;20080303;000000;173.41;179;173.2;179;169200;0
RASP;D;20080304;000000;180.9;181.5;177.25;178.5;66800;0
RASP;D;20080305;000000;179;183;177.58;180;151800;0
RASP;D;20080306;000000;180;181.99;179;179.15;215000;0
RASP;D;20080307;000000;178.79;179.1;174.1;175.7;38700;0
RASP;D;20080311;000000;175.49;178.96;175.49;177.21;74600;0
RASP;D;20080312;000000;177.21;178.47;174.01;176.32;49200;0
RASP;D;20080313;000000;176;176;174;176;60300;0
RASP;D;20080314;000000;176;176.95;174.1;174.1;37600;0
RASP;D;20080317;000000;171;171.5;158.01;159;239100;0
RASP;D;20080318;000000;164;165;156.99;157.25;96800;0
RASP;D;20080319;000000;164;165.4;155.67;160.5;199900;0
RASP;D;20080320;000000;156.23;162.45;156.23;160.99;89700;0
RASP;D;20080321;000000;162;162;161;161.5;29600;0
RASP;D;20080324;000000;161.9;165.68;157.6;160;26300;0
RASP;D;20080325;000000;161;161.98;158.02;160;51800;0
RASP;D;20080326;000000;159.31;159.48;152.46;158.5;23700;0
RASP;D;20080327;000000;157.1;158.45;153.8;156;66600;0
RASP;D;20080328;000000;156.01;157.8;155;156.95;53300;0
RASP;D;20080331;000000;156.95;157.17;153.07;154.92;13800;0
RASP;D;20080401;000000;157;157;153.51;154.6;12400;0
RASP;D;20080402;000000;159.95;160.06;155.15;156;61500;0
RASP;D;20080403;000000;155.31;158;154;156.2;22100;0
RASP;D;20080404;000000;157.76;157.8;154.7;155.53;20700;0
RASP;D;20080407;000000;159.87;171.29;157.7;169;195700;0
RASP;D;20080408;000000;171;173;165.6;172;309400;0
RASP;D;20080409;000000;172;184.69;172;183.5;405200;0
RASP;D;20080410;000000;184;185;178.51;181;320400;0
RASP;D;20080411;000000;179.51;183;179.5;181.57;143900;0
RASP;D;20080414;000000;180;182.94;175.5;182.4;134500;0
RASP;D;20080415;000000;182.45;197;182.4;195.5;456200;0
RASP;D;20080416;000000;195.61;198;191.01;196.2;300300;0
RASP;D;20080417;000000;196.5;201.7;196.36;200;681800;0
RASP;D;20080418;000000;200;214.99;199.12;213.6;1085000;0
RASP;D;20080421;000000;214.06;225.99;211;214.8;641000;0
RASP;D;20080422;000000;215;215.44;205;209.3;305900;0
RASP;D;20080423;000000;210;215;205.59;209.49;173300;0
RASP;D;20080424;000000;210.1;213.6;206;211.22;191200;0
RASP;D;20080425;000000;211.3;211.6;208;208.2;146700;0
RASP;D;20080428;000000;207.01;211.6;205.9;207.8;51000;0
RASP;D;20080429;000000;206.01;208.39;201.25;206;58500;0
RASP;D;20080430;000000;206.5;206.5;192.12;202.99;91300;0
RASP;D;20080504;000000;203.17;207.96;203;207.6;20900;0
RASP;D;20080505;000000;208.8;208.8;201.01;206;28600;0
RASP;D;20080506;000000;205.03;215;205.01;212;150600;0
RASP;D;20080507;000000;211.96;223;211;222;199100;0
RASP;D;20080512;000000;220.11;222;214;220.17;139300;0
RASP;D;20080513;000000;220.97;224.5;218;222;212000;0
RASP;D;20080514;000000;222;238.4;219.1;237;230500;0
RASP;D;20080515;000000;237;245;234.7;241.45;298800;0
RASP;D;20080516;000000;239;248.5;239;247;143700;0
RASP;D;20080519;000000;246;253.85;236;240;355200;0
RASP;D;20080520;000000;240;243.5;232;239.4;172300;0
RASP;D;20080521;000000;234.02;240.6;234;239;92500;0
RASP;D;20080522;000000;239.9;239.9;232;234.89;119100;0
RASP;D;20080523;000000;235;235.5;219.5;221.8;313400;0
RASP;D;20080526;000000;222.07;226.9;219.88;225.01;191800;0
RASP;D;20080527;000000;225.01;226;218;219;96800;0
RASP;D;20080528;000000;221;232;219.57;229.8;262100;0
RASP;D;20080529;000000;232.8;235;230;234.8;201700;0
RASP;D;20080530;000000;234.81;234.81;229;231.4;34900;0
RASP;D;20080602;000000;228;234.8;226;233.5;57100;0
RASP;D;20080603;000000;232.03;238;230.26;236.15;153300;0
RASP;D;20080604;000000;236.5;236.5;228;229;179300;0
RASP;D;20080605;000000;229;233.5;229;230;189800;0
RASP;D;20080606;000000;233;235.5;230.85;233.95;82900;0
RASP;D;20080607;000000;232;232;226.02;229;59800;0
RASP;D;20080609;000000;229;229;225.01;226.65;31900;0
RASP;D;20080610;000000;226.79;226.79;220.01;222.74;162000;0
RASP;D;20080611;000000;224;228.7;224;228;200200;0
RASP;D;20080616;000000;233.3;233.3;227;227.89;105300;0
RASP;D;20080617;000000;227.17;227.32;221;223.41;183100;0
RASP;D;20080618;000000;223.4;227;222.4;222.55;122200;0
RASP;D;20080619;000000;222;225.9;220;222.7;219800;0
RASP;D;20080620;000000;221.04;225;221;223.39;105700;0
RASP;D;20080623;000000;222.49;222.49;219.05;219.5;66700;0
RASP;D;20080624;000000;219.5;221.5;216;216;77600;0
RASP;D;20080625;000000;217.99;225.62;216.71;222.85;209100;0
RASP;D;20080626;000000;223.02;223.02;220.05;221.51;111600;0
RASP;D;20080627;000000;218.01;221.78;214.01;220;429400;0
RASP;D;20080630;000000;220.1;222;218.57;222;242000;0
RASP;D;20080701;000000;220;221.5;218.02;218.02;131000;0
RASP;D;20080702;000000;218.01;223.3;218.01;219;91300;0
RASP;D;20080703;000000;215;215;205;210.1;1345500;0
RASP;D;20080704;000000;210.55;213.7;202.5;205.2;70300;0
RASP;D;20080707;000000;205.01;211.79;205.01;210.45;23400;0
RASP;D;20080708;000000;202.3;210.3;202.3;207.01;46400;0
RASP;D;20080709;000000;207.61;211.2;203;205.99;227100;0
RASP;D;20080710;000000;206.49;206.9;202.11;203.5;101100;0
RASP;D;20080711;000000;203.5;205.17;200.51;204.87;238200;0
RASP;D;20080714;000000;205;209.8;204.2;209;336400;0
RASP;D;20080715;000000;210;210;205.5;205.82;148900;0
RASP;D;20080716;000000;205.06;208.4;204;208.4;89300;0
RASP;D;20080717;000000;207.3;211.74;206.51;208;151700;0
RASP;D;20080718;000000;208.98;208.99;200;202.49;138800;0
RASP;D;20080721;000000;204.24;204.24;196.07;199.6;74000;0
RASP;D;20080722;000000;200;205;196.55;197.49;103000;0
RASP;D;20080723;000000;202;202;197.36;198.7;112600;0
RASP;D;20080724;000000;198.7;199;185.33;190;245100;0
RASP;D;20080725;000000;190;190;160;169.01;772500;0
RASP;D;20080728;000000;169.14;173.96;163.65;163.65;238700;0
RASP;D;20080729;000000;162;167.99;155;158.1;141500;0
RASP;D;20080730;000000;164.58;164.58;145.2;159.2;684600;0
RASP;D;20080731;000000;158.89;167;158.89;163.06;348300;0
RASP;D;20080801;000000;163;168.8;162.41;163;69100;0
RASP;D;20080804;000000;162.8;163;152.07;156.5;103800;0
RASP;D;20080805;000000;154.35;154.35;142.2;145;230200;0
RASP;D;20080806;000000;148;180.39;135;145.1;403700;0
RASP;D;20080807;000000;150;153.99;147.32;150.99;226700;0
RASP;D;20080808;000000;151.1;154.89;149.2;150.98;52800;0
RASP;D;20080811;000000;150.6;150.6;138.2;148.99;118700;0
RASP;D;20080812;000000;151;154;144.1;151;319800;0
RASP;D;20080813;000000;150;159;149;152;99000;0
RASP;D;20080814;000000;158.5;162.95;156.94;161.98;188200;0
RASP;D;20080815;000000;164.29;164.45;156.3;159;188800;0
RASP;D;20080818;000000;164;164;150;152.35;123000;0
RASP;D;20080819;000000;148;149;141;146;272900;0
RASP;D;20080820;000000;148.79;148.9;141.56;143;74100;0
RASP;D;20080821;000000;145.2;145.2;140;141.38;116700;0
RASP;D;20080822;000000;139;141.95;136;139;346200;0
RASP;D;20080825;000000;136.3;141.33;136.3;137.57;40400;0
RASP;D;20080826;000000;135.2;138.72;125;127.37;374900;0
RASP;D;20080827;000000;126.06;130.99;125.1;127.45;62100;0
RASP;D;20080828;000000;127.9;141.8;127.9;136.1;484100;0
RASP;D;20080829;000000;136.45;142.01;136;141.5;167100;0
RASP;D;20080901;000000;144.5;152;144.5;151.5;111900;0
RASP;D;20080902;000000;158.89;158.89;150.01;157;214800;0
RASP;D;20080903;000000;158.75;158.75;145.15;145.62;138800;0
RASP;D;20080904;000000;140.62;150.8;140.6;142.5;184600;0
RASP;D;20080905;000000;140;140;127;132;293500;0
RASP;D;20080908;000000;137.01;140.01;134.6;137.05;205600;0
RASP;D;20080909;000000;136.01;136.01;129.99;133.84;107100;0
RASP;D;20080910;000000;128.07;134.98;121.3;131.71;101700;0
RASP;D;20080911;000000;131.3;138.5;131.25;132;101400;0
RASP;D;20080912;000000;133.11;149.77;133.11;149;52600;0
RASP;D;20080915;000000;147.1;148;138.07;144;107400;0
RASP;D;20080916;000000;138.1;141;122.11;122.11;824800;0
RASP;D;20080917;000000;130;134;102;110.01;27400;0
RASP;D;20080918;000000;0;0;0;0;0;0
RASP;D;20080919;000000;126;137.19;126;135.01;188200;0
RASP;D;20080922;000000;144.9;144.9;137.31;138;223800;0
RASP;D;20080923;000000;138.03;145;138;140;168900;0
RASP;D;20080924;000000;140.5;142.5;136;136;198200;0
RASP;D;20080925;000000;139;139.8;128;131.5;230300;0
RASP;D;20080926;000000;131.13;134.9;123.75;125;62300;0
RASP;D;20080929;000000;125;126;115.61;117.67;67700;0
RASP;D;20080930;000000;112.36;113.48;102;106.9;323700;0
RASP;D;20081001;000000;111;115.4;107.71;110;184500;0
RASP;D;20081002;000000;107.2;107.5;98.51;100.5;172200;0
RASP;D;20081003;000000;98.63;99.2;92.3;97.43;94800;0
RASP;D;20081006;000000;95.5;95.5;72.4;75;426700;0
RASP;D;20081007;000000;77;84.9;68.61;70.54;197700;0
RASP;D;20081008;000000;67.5;67.5;57.01;58.04;14800;0
RASP;D;20081009;000000;69.99;70;59.97;60.4;411200;0
RASP;D;20081010;000000;0;0;0;0;0;0
RASP;D;20081013;000000;56;70.01;55;57.99;226700;0
RASP;D;20081014;000000;61.5;68.7;57.99;59.6;351100;0
RASP;D;20081015;000000;60.4;61;57;57;138000;0
RASP;D;20081016;000000;55;55.6;48.2;49.05;109800;0
RASP;D;20081017;000000;50.1;50.5;41.42;49.48;484900;0
RASP;D;20081020;000000;51;51.9;39.99;41.65;120000;0
RASP;D;20081021;000000;42;48.8;42;46.6;558100;0
RASP;D;20081022;000000;44.9;46.47;43.3;44.21;460300;0
RASP;D;20081023;000000;41.5;45;41.5;43.55;38600;0
RASP;D;20081024;000000;42.01;43.09;35.55;37;170600;0
RASP;D;20081027;000000;0;0;0;0;0;0
RASP;D;20081028;000000;36.1;40.01;33.3;39.42;360800;0
RASP;D;20081029;000000;39.34;43.08;39.34;43.07;62700;0
RASP;D;20081030;000000;44;54;42.09;52.05;287100;0
RASP;D;20081031;000000;50.49;59.99;46;57.01;184600;0
RASP;D;20081101;000000;57.01;64.5;57.01;63;54100;0
RASP;D;20081105;000000;65;69.84;59.6;64;254800;0
RASP;D;20081106;000000;60.12;60.12;53;54.74;115200;0
RASP;D;20081107;000000;52.2;55;50.01;54.9;55200;0
RASP;D;20081110;000000;57.9;59;56.89;56.89;129600;0
RASP;D;20081111;000000;55.02;55.02;49.99;51.99;56600;0
RASP;D;20081112;000000;0;0;0;0;0;0
RASP;D;20081113;000000;47.9;50;40;46.89;83500;0
RASP;D;20081114;000000;50.81;50.81;42;45;118300;0
RASP;D;20081117;000000;43.99;44.75;39.01;40;90400;0
RASP;D;20081118;000000;39.17;40.55;35.52;39;136900;0
RASP;D;20081119;000000;37.34;40;31.51;32.7;218700;0
RASP;D;20081120;000000;32.44;32.44;26;26.26;66300;0
RASP;D;20081121;000000;0;0;0;0;0;0
RASP;D;20081124;000000;26.98;33;26.32;32;126200;0
RASP;D;20081125;000000;37.3;38;29.17;29.17;243200;0
RASP;D;20081126;000000;28.99;30.89;26.23;26.94;149000;0
RASP;D;20081127;000000;27.97;28.5;27;27.9;448400;0
RASP;D;20081128;000000;28.83;32.5;25;27.79;578900;0
RASP;D;20081201;000000;28;28.4;25.51;25.61;104800;0
RASP;D;20081202;000000;25.01;28.2;24.07;28.05;223100;0
RASP;D;20081203;000000;29.45;29.45;26.62;27.18;123100;0
RASP;D;20081204;000000;27.9;27.9;26.27;27.3;80400;0
RASP;D;20081205;000000;26.92;28.55;26.3;27.7;62800;0
RASP;D;20081208;000000;28.7;31.97;27.8;31.97;431000;0
RASP;D;20081209;000000;32;32.7;30.5;30.81;493200;0
RASP;D;20081210;000000;31.59;33.81;30.95;31.92;437100;0
RASP;D;20081211;000000;32.01;34.7;31.05;34;391100;0
RASP;D;20081212;000000;34;34;30.28;31.62;207500;0
RASP;D;20081215;000000;32.62;33.88;31.5;31.7;182700;0
RASP;D;20081216;000000;31.7;33.45;31.53;32.38;340200;0
RASP;D;20081217;000000;32.36;33.8;31.32;31.7;90500;0
RASP;D;20081218;000000;31.31;31.84;30;30.5;120700;0
RASP;D;20081219;000000;30.44;31.99;29.04;31.65;230300;0
RASP;D;20081222;000000;32;32.9;31.8;32.3;100400;0
RASP;D;20081223;000000;31.12;32.29;31.09;32;128400;0
RASP;D;20081224;000000;32.5;32.97;30.7;31.47;69300;0
RASP;D;20081225;000000;30.66;31.86;30.59;31;79800;0
RASP;D;20081226;000000;31.5;31.8;30.2;30.54;148200;0
RASP;D;20081229;000000;31.4;31.97;30.01;31;80200;0
RASP;D;20081230;000000;31.3;31.99;28.74;30;368800;0
RASP;D;20081231;000000;30.26;30.79;29.63;29.78;32800;0
RASP;D;20090111;000000;30.94;31.95;30;31.6;153700;0
RASP;D;20090112;000000;31.5;31.95;31.06;31.9;51700;0
RASP;D;20090113;000000;30.8;31.5;30.78;31.44;123600;0
RASP;D;20090114;000000;31.65;32.88;31.2;31.2;225400;0
RASP;D;20090115;000000;30.99;31.21;29.07;29.18;468500;0
RASP;D;20090116;000000;29.4;30.18;29.34;29.79;83500;0
RASP;D;20090119;000000;29.55;31;26.86;27.01;321100;0
RASP;D;20090120;000000;27.2;27.67;24.74;25.3;282300;0
RASP;D;20090121;000000;24.98;26.7;23.77;25.08;764300;0
RASP;D;20090122;000000;26;28.2;25.15;26.35;1741100;0
RASP;D;20090123;000000;26.21;27.28;25.1;26.3;200100;0
RASP;D;20090126;000000;26.89;27.81;25.94;27.5;115400;0
RASP;D;20090127;000000;27.5;29.1;27.3;28.4;279800;0
RASP;D;20090128;000000;28.06;30.5;28.06;30.2;217100;0
RASP;D;20090129;000000;31.06;31.06;29.5;29.81;92200;0
RASP;D;20090130;000000;29.55;31.9;29.55;30.7;635600;0
RASP;D;20090202;000000;29.9;31.24;28.21;30.99;386800;0
RASP;D;20090203;000000;31.01;34.5;31.01;31.55;712400;0
RASP;D;20090204;000000;32;32.23;31.1;31.97;152300;0
RASP;D;20090205;000000;32.2;33;31.16;31.45;376400;0
RASP;D;20090206;000000;32.01;34.45;31.9;34.36;1220600;0
RASP;D;20090209;000000;34.34;41.7;34.34;39.95;1963800;0
RASP;D;20090210;000000;40.36;40.78;36.75;39.8;1124200;0
RASP;D;20090211;000000;38.81;42.93;36.77;38.99;697900;0
RASP;D;20090212;000000;37.4;40.94;35.35;35.99;349000;0
RASP;D;20090213;000000;35.9;37.75;35.9;37.25;364000;0
RASP;D;20090216;000000;37.41;37.99;35.9;36.29;331200;0
RASP;D;20090217;000000;35.85;35.85;33.05;33.13;386100;0
RASP;D;20090218;000000;33.73;35;31.18;33.5;391600;0
RASP;D;20090219;000000;34;35.68;33.61;34.34;214800;0
RASP;D;20090220;000000;34;34;32;32.84;273800;0
RASP;D;20090224;000000;32.05;32.8;30.51;32.5;131400;0
RASP;D;20090225;000000;34.5;34.5;32.21;32.5;246500;0
RASP;D;20090226;000000;33.45;34.3;32.7;34;310000;0
RASP;D;20090227;000000;34.9;36.7;33.5;33.9;414900;0
RASP;D;20090302;000000;32.99;33.39;32;32.56;112900;0
RASP;D;20090303;000000;32;33.1;30.91;31.35;523200;0
RASP;D;20090304;000000;32.94;33;31.7;32.1;686900;0
RASP;D;20090305;000000;32.4;32.7;30.77;31.01;404100;0
RASP;D;20090306;000000;30.8;31.29;30.53;31;269000;0
RASP;D;20090310;000000;31.98;32.55;31.1;32.1;964800;0
RASP;D;20090311;000000;32.5;32.5;30.6;31;719900;0
RASP;D;20090312;000000;31;31;29.7;30.39;484700;0
RASP;D;20090313;000000;30.5;30.99;30.06;30.44;302800;0
RASP;D;20090316;000000;29.5;30.7;29.5;30.59;379800;0
RASP;D;20090317;000000;30.7;31.25;30.1;30.56;854800;0
RASP;D;20090318;000000;30.56;30.6;29.04;29.2;808800;0
RASP;D;20090319;000000;29.41;29.8;29.02;29.55;710600;0
RASP;D;20090320;000000;29.5;29.68;29.15;29.29;855900;0
RASP;D;20090323;000000;29.39;32;29.36;32;3187800;0
RASP;D;20090324;000000;32.37;33;29.75;30;1933600;0
RASP;D;20090325;000000;29.87;31.25;29.8;30.88;2181400;0
RASP;D;20090326;000000;31.67;31.67;30.11;30.85;1127000;0
RASP;D;20090327;000000;31;33.95;30.5;33.28;1659900;0
RASP;D;20090330;000000;33;33;31.2;31.6;940400;0
RASP;D;20090331;000000;31.92;34.75;31.92;33.9;1308000;0
RASP;D;20090401;000000;33.9;34.99;32.75;34.72;1081800;0
RASP;D;20090402;000000;35.4;38.01;35;37.85;1554400;0
RASP;D;20090403;000000;37.55;38.96;36.4;38.5;1132900;0
RASP;D;20090406;000000;39;39.65;36;36.67;1040900;0
RASP;D;20090407;000000;36.25;37.84;36.05;36.82;492000;0
RASP;D;20090408;000000;36.63;38.46;34.45;38.2;1084400;0
RASP;D;20090409;000000;38.78;41.83;38.5;41.52;1553000;0
RASP;D;20090410;000000;39.69;44.88;39.69;44.22;1560100;0
RASP;D;20090413;000000;42.45;46.7;42.45;45.79;949800;0
RASP;D;20090414;000000;45.9;49.25;45.8;47.15;1968200;0
RASP;D;20090415;000000;46;47.9;43.51;46.7;967200;0
RASP;D;20090416;000000;47.51;48.79;46.52;48;1234400;0
RASP;D;20090417;000000;47.78;48.74;47.13;48.45;886100;0
RASP;D;20090420;000000;47.97;48.47;45.46;46.11;872900;0
RASP;D;20090421;000000;45.06;46.41;43.66;45.5;462500;0
RASP;D;20090422;000000;45.5;48;45.5;47.56;739300;0
RASP;D;20090423;000000;47.71;47.98;47.1;47.64;644000;0
RASP;D;20090424;000000;47.6;54;47.09;51.63;1941300;0
RASP;D;20090427;000000;51.84;53.99;49.7;52.59;1455700;0
RASP;D;20090428;000000;52.59;52.94;48.27;51.2;918000;0
RASP;D;20090429;000000;53.01;53.01;50.03;51.48;327200;0
RASP;D;20090430;000000;51.63;55;51.21;53.9;756200;0
RASP;D;20090504;000000;54.82;58.2;54.2;57.49;706400;0
RASP;D;20090505;000000;58.08;58.09;56.5;57.1;800400;0
RASP;D;20090506;000000;56.24;59.99;55.88;58;730600;0
RASP;D;20090507;000000;60.39;60.39;56.37;57.65;1549900;0
RASP;D;20090508;000000;57.66;59.23;57;59.23;288400;0
RASP;D;20090512;000000;58;61;56.02;60.79;1193100;0
RASP;D;20090513;000000;61.93;62.98;57.4;58.15;1557100;0
RASP;D;20090514;000000;56.92;58.15;53.71;54;958600;0
RASP;D;20090515;000000;55.9;56.4;54.69;55.56;629500;0
RASP;D;20090518;000000;55.55;56.89;55.1;56.7;412200;0
RASP;D;20090519;000000;57.68;59.75;57.5;58.76;941300;0
RASP;D;20090520;000000;59.5;63.5;57.68;61.64;774600;0
RASP;D;20090521;000000;61.49;61.5;57;57.5;471500;0
RASP;D;20090522;000000;59.65;59.65;58.02;59.4;194700;0
RASP;D;20090525;000000;59.89;62;58.51;62;416400;0
RASP;D;20090526;000000;62.43;63.2;58.48;63.2;345300;0
RASP;D;20090527;000000;64.25;65.8;62.21;65.05;704000;0
RASP;D;20090528;000000;63.4;72;63.4;68.46;893400;0
RASP;D;20090529;000000;68.73;70.65;68.46;69;264500;0
RASP;D;20090601;000000;70.23;73.5;69.96;72.2;458100;0
RASP;D;20090602;000000;72.81;74;70.5;71.4;832600;0
RASP;D;20090603;000000;73.45;73.45;65.04;65.51;532300;0
RASP;D;20090604;000000;61.44;66.48;61.44;66.47;536400;0
RASP;D;20090605;000000;68;71.69;66.51;69.82;604600;0
RASP;D;20090608;000000;70;71;69.01;70.71;210800;0
RASP;D;20090609;000000;70.71;73.2;70.22;71.2;240100;0
RASP;D;20090610;000000;71.2;73.8;70.9;73;607000;0
RASP;D;20090611;000000;73.43;76.9;73.43;76.7;866100;0
RASP;D;20090615;000000;76.5;84;76.14;81;2191700;0
RASP;D;20090616;000000;79.1;86;79.1;84.26;779800;0
RASP;D;20090617;000000;84.1;85.5;72.75;75;1388900;0
RASP;D;20090618;000000;75.43;77.2;68;76.5;792800;0
RASP;D;20090619;000000;79.7;79.7;73.51;75.5;249100;0
RASP;D;20090622;000000;75.49;75.5;66.15;66.7;478300;0
RASP;D;20090623;000000;66;66;58;63.95;890200;0
RASP;D;20090624;000000;65;71.79;63.03;71.21;486100;0
RASP;D;20090625;000000;70.2;71.88;68;70.88;191700;0
RASP;D;20090626;000000;72.83;74.3;71;71.19;365700;0
RASP;D;20090629;000000;70.99;71.32;69;69.82;132800;0
RASP;D;20090630;000000;70.23;72.57;70.05;71.36;345600;0
RASP;D;20090701;000000;71.71;73.2;70.51;73;111700;0
RASP;D;20090702;000000;73.5;77.78;73.5;75;322900;0
RASP;D;20090703;000000;76.1;76.1;71.97;73.2;99000;0
RASP;D;20090706;000000;69.78;71.93;69.69;70;142500;0
RASP;D;20090707;000000;70.99;71.5;70;70;209800;0
RASP;D;20090708;000000;70;70;66.51;67.77;201100;0
RASP;D;20090709;000000;68;68.28;63.21;63.5;292100;0
RASP;D;20090710;000000;63.49;64.3;60.06;62.3;296700;0
RASP;D;20090713;000000;57.5;63.75;57.5;62.6;257000;0
RASP;D;20090714;000000;63;64.64;62.49;62.61;288300;0
RASP;D;20090715;000000;63.3;65.4;63.3;65.39;284900;0
RASP;D;20090716;000000;66.01;68;64.2;65.25;356000;0
RASP;D;20090717;000000;65.9;69.65;64.58;69.65;260700;0
RASP;D;20090720;000000;69.9;75.9;69.9;74.41;419000;0
RASP;D;20090721;000000;74.55;75.7;70.5;74.8;415900;0
RASP;D;20090722;000000;74.88;76.98;70.88;72.58;547800;0
RASP;D;20090723;000000;74;81;72.2;79.99;2241400;0
RASP;D;20090724;000000;80.08;83.47;76.05;81;441500;0
RASP;D;20090727;000000;83;84.2;80;80.49;280000;0
RASP;D;20090728;000000;80.49;88.01;80.49;83.5;802800;0
RASP;D;20090729;000000;82;86.9;78.3;80.6;501100;0
RASP;D;20090730;000000;80.85;82.99;80;82.65;262300;0
RASP;D;20090731;000000;83.3;85;81.12;83.88;309900;0
RASP;D;20090803;000000;85.64;89.53;83.88;87.5;560800;0
RASP;D;20090804;000000;87.5;88;84.11;86.72;159600;0
RASP;D;20090805;000000;86.62;88.99;85.73;85.86;241600;0
RASP;D;20090806;000000;86.26;88.79;85.5;86.01;147100;0
RASP;D;20090807;000000;84.75;87.4;84;86.92;262100;0
RASP;D;20090810;000000;87;89.77;85.07;89.77;309400;0
RASP;D;20090811;000000;89.6;94.8;89;91;531600;0
RASP;D;20090812;000000;90.5;91.82;86.14;90.99;279100;0
RASP;D;20090813;000000;92.97;93.44;89.73;90.8;199600;0
RASP;D;20090814;000000;90.85;91.01;86.5;86.5;95500;0
RASP;D;20090817;000000;78.84;86.4;78.84;85;291600;0
RASP;D;20090818;000000;86.48;87;85.15;86.1;104500;0
RASP;D;20090819;000000;86.1;86.1;84;84.69;111800;0
RASP;D;20090820;000000;86;89;85.6;88.45;246700;0
RASP;D;20090821;000000;87.01;90.5;87;90.01;203300;0
RASP;D;20090824;000000;92;92.75;89.5;90.9;187000;0
RASP;D;20090825;000000;91;91;88;89.9;396400;0
RASP;D;20090826;000000;90.47;90.48;88.07;88.99;263900;0
RASP;D;20090827;000000;88.21;88.89;86.15;86.21;195600;0
RASP;D;20090828;000000;86.51;89.99;85.11;88.1;136100;0
RASP;D;20090831;000000;87.99;88.87;85.3;85.78;113900;0
RASP;D;20090901;000000;88.58;90;85.01;86.4;100000;0
RASP;D;20090902;000000;85.02;85.15;80.51;81.81;276100;0
RASP;D;20090903;000000;81.81;84.7;81.21;82.9;383000;0
RASP;D;20090904;000000;83.99;84.42;81.15;82.3;152600;0
RASP;D;20090907;000000;82.7;84;82.34;83.5;80900;0
RASP;D;20090908;000000;83.5;91.26;83.5;91.2;600200;0
RASP;D;20090909;000000;92;96.99;89.01;95.01;872100;0
RASP;D;20090910;000000;96;99.49;94.5;95;654300;0
RASP;D;20090911;000000;91.91;96.63;91.91;94.8;226900;0
RASP;D;20090914;000000;91;96.85;91;96;273200;0
RASP;D;20090915;000000;96.01;98.8;96.01;97.68;524900;0
RASP;D;20090916;000000;98.76;100.49;95.5;96.98;422800;0
RASP;D;20090917;000000;98.06;99.75;94.68;96.25;420300;0
RASP;D;20090918;000000;95;97.4;93.89;96.5;272500;0
RASP;D;20090921;000000;95.6;96.08;93.45;93.56;253100;0
RASP;D;20090922;000000;93.56;98.21;93.23;98.02;302400;0
RASP;D;20090923;000000;99;112;98.45;105.99;1004400;0
RASP;D;20090924;000000;105.68;113.89;102.7;103.1;707200;0
RASP;D;20090925;000000;103;113;103;113;568500;0
RASP;D;20090928;000000;111;112.9;107.58;112;358100;0
RASP;D;20090929;000000;112.95;115;110.2;113;242500;0
RASP;D;20090930;000000;113.75;118.49;111.76;116.14;477200;0
RASP;D;20091001;000000;122;125;117;121.98;625800;0
RASP;D;20091002;000000;118;122.5;114;116.39;891900;0
RASP;D;20091005;000000;116.4;118.7;113.7;114.7;297600;0
RASP;D;20091006;000000;115.24;118.6;115.24;116.6;289300;0
RASP;D;20091007;000000;119;119.49;115.5;116.21;235000;0
RASP;D;20091008;000000;119.05;124.89;118;123.5;1049600;0
RASP;D;20091009;000000;124;124.4;121.53;123;365400;0
RASP;D;20091012;000000;123.25;129.75;121.55;123.94;373300;0
RASP;D;20091013;000000;124.67;126.14;116.2;119;806800;0
RASP;D;20091014;000000;124.25;124.25;120.23;122.99;762000;0
RASP;D;20091015;000000;129;129;123.3;127.29;1448300;0
RASP;D;20091016;000000;127.99;127.99;121.5;121.75;803000;0
RASP;D;20091019;000000;121.75;124.81;121.75;124.32;212700;0
RASP;D;20091020;000000;126.5;126.5;124.75;126.3;330500;0
RASP;D;20091021;000000;126;126.49;124.02;126.2;259400;0
RASP;D;20091022;000000;125.73;125.98;123.5;123.81;142700;0
RASP;D;20091023;000000;125;126.5;123.61;124.86;161500;0
RASP;D;20091026;000000;125;126.99;124.23;125.22;204800;0
RASP;D;20091027;000000;115.89;126.3;115.89;124.77;568900;0
RASP;D;20091028;000000;122.78;124.3;113.35;113.7;494600;0
RASP;D;20091029;000000;110.03;118.48;108.75;118;452300;0
RASP;D;20091030;000000;121.3;121.3;114.55;115.08;747400;0
RASP;D;20091102;000000;114;118;113.5;118;164200;0
RASP;D;20091103;000000;118.9;118.9;115.01;116.65;474800;0
RASP;D;20091105;000000;116.7;117;116;116.65;156000;0
RASP;D;20091106;000000;116.99;122.6;116.99;121;396400;0
RASP;D;20091109;000000;122.29;130.19;122.29;129.98;769600;0
RASP;D;20091110;000000;129.74;134.4;125.3;126.78;412300;0
RASP;D;20091111;000000;127.5;129.5;126.36;127.4;350300;0
RASP;D;20091112;000000;127.99;129.11;126.66;127.06;194400;0
RASP;D;20091113;000000;124.44;126.2;123.15;126;190600;0
RASP;D;20091116;000000;127.08;130;125.61;130;460600;0
RASP;D;20091117;000000;130;133;127.36;128.75;422600;0
RASP;D;20091118;000000;129.26;133.21;128.77;130.85;330000;0
RASP;D;20091119;000000;130.84;132.85;128.41;130;153800;0
RASP;D;20091120;000000;128.23;132.5;128;132.5;157800;0
RASP;D;20091123;000000;132.75;135;132.75;134.99;138600;0
RASP;D;20091124;000000;134.95;135;132.34;133.51;171800;0
RASP;D;20091125;000000;133.15;135.66;131.11;132;220100;0
RASP;D;20091126;000000;131.52;131.52;125.31;127;370600;0
RASP;D;20091127;000000;120;129.78;120;127.5;582600;0
RASP;D;20091130;000000;129.97;132;127.49;129.01;237600;0
RASP;D;20091201;000000;128.39;133;128.38;131.8;244400;0
RASP;D;20091202;000000;131.5;134;130.5;132;205100;0
RASP;D;20091203;000000;134;134.77;131.82;132;113200;0
RASP;D;20091204;000000;131.13;134.48;130.25;134.05;108100;0
RASP;D;20091207;000000;132.7;136.55;131.01;132.34;143200;0
RASP;D;20091208;000000;133.99;134.99;131.21;131.81;126500;0
RASP;D;20091209;000000;131.79;132.97;130;132;348300;0
RASP;D;20091210;000000;131.3;134.39;131.25;134.39;490300;0
RASP;D;20091211;000000;135;135.7;133.97;135.64;90200;0
RASP;D;20091214;000000;136.31;139.99;136.31;139.02;154000;0
RASP;D;20091215;000000;139.04;142.19;138.4;138.71;205800;0
RASP;D;20091216;000000;138;141.39;138;138;257900;0
RASP;D;20091217;000000;138.25;141.71;137.73;139.25;81000;0
RASP;D;20091218;000000;139.14;142.5;139.1;141.45;145300;0
RASP;D;20091221;000000;141.99;143.5;141.11;142.71;93900;0
RASP;D;20091222;000000;143.46;147.87;141.41;146.39;191700;0
RASP;D;20091223;000000;147.39;147.39;145;146.99;120100;0
RASP;D;20091224;000000;146.99;148.5;145;145.48;178000;0
RASP;D;20091225;000000;145.01;146.95;144;145.81;46100;0
RASP;D;20091228;000000;146;146.5;145.01;146.1;30500;0
RASP;D;20091229;000000;145.07;145.99;142.22;143.12;165500;0
RASP;D;20091230;000000;141.69;146.95;141.65;145.54;98700;0
RASP;D;20091231;000000;146.5;146.5;146;146.5;7800;0
RASP;D;20100111;000000;149;158;149;156;202300;0
RASP;D;20100112;000000;156;159.9;153.3;158.96;537500;0
RASP;D;20100113;000000;159.79;167.99;158.7;165.12;450500;0
RASP;D;20100114;000000;167;179;167;175.62;499800;0
RASP;D;20100115;000000;179.37;185;172.05;174.98;1082500;0
RASP;D;20100118;000000;175;179.3;173.21;178.6;291200;0
RASP;D;20100119;000000;175;177.5;172.5;176.77;390700;0
RASP;D;20100120;000000;178.38;179;175.03;176.6;393200;0
RASP;D;20100121;000000;178;178.84;172.91;173.1;394100;0
RASP;D;20100122;000000;172;176;166.1;169.16;604100;0
RASP;D;20100125;000000;166.79;172.01;166.05;166.8;296100;0
RASP;D;20100126;000000;166.75;167.55;161.56;162.01;349000;0
RASP;D;20100127;000000;162.1;166.4;159.49;161.6;288600;0
RASP;D;20100128;000000;171.46;171.46;164.63;166.89;403500;0
RASP;D;20100129;000000;165;167.7;165;167.7;189200;0
RASP;D;20100201;000000;165.65;170.72;164.12;170.3;226800;0
RASP;D;20100202;000000;173;178.49;168.5;171.7;1246200;0
RASP;D;20100203;000000;173.7;175;171.7;171.71;332600;0
RASP;D;20100204;000000;173.89;174.98;169;170.5;602900;0
RASP;D;20100205;000000;163.99;169.23;162.35;163.7;437100;0
RASP;D;20100208;000000;163.7;167;160;161.51;388700;0
RASP;D;20100209;000000;164.04;166.99;161.72;162.49;905400;0
RASP;D;20100210;000000;166;166;160;161.3;504200;0
RASP;D;20100211;000000;162.2;163.5;158.03;158.5;207400;0
RASP;D;20100212;000000;159.8;161.02;154;154.7;355000;0
RASP;D;20100215;000000;154.96;156.7;153.94;155;165700;0
RASP;D;20100216;000000;163;163.55;155.7;163.55;862700;0
RASP;D;20100217;000000;165.46;168.15;164.51;166.92;417200;0
RASP;D;20100218;000000;165.88;168;161.2;163.65;305700;0
RASP;D;20100219;000000;163.06;164.01;159.28;163;181700;0
RASP;D;20100224;000000;163.01;163.5;162.21;163.5;957800;0
RASP;D;20100225;000000;162.18;164.5;159.98;160.61;124100;0
RASP;D;20100226;000000;160.81;164.44;160.81;164.08;156500;0
RASP;D;20100227;000000;164;165.55;163.51;165.49;60800;0
RASP;D;20100301;000000;167.2;170;166.49;168;233000;0
RASP;D;20100302;000000;168.12;170.3;167;170;189100;0
RASP;D;20100303;000000;168.61;175;168.61;173.85;330600;0
RASP;D;20100304;000000;176.2;179;172.02;177.7;648100;0
RASP;D;20100305;000000;179.5;187;179;187;648100;0
RASP;D;20100309;000000;187.57;198.27;186.49;190.01;1200500;0
RASP;D;20100310;000000;195.75;195.75;186.7;187.6;322200;0
RASP;D;20100311;000000;187;188.95;184.31;187.5;459500;0
RASP;D;20100312;000000;188;193.8;188;191.5;444900;0
RASP;D;20100315;000000;185.01;193.18;177;186.5;317500;0
RASP;D;20100316;000000;185.04;191.9;185;191.45;268700;0
RASP;D;20100317;000000;193.5;203;192.53;200.1;867600;0
RASP;D;20100318;000000;200;200;197.51;198.9;273000;0
RASP;D;20100319;000000;198.9;209;198.7;205;1816300;0
RASP;D;20100322;000000;200.03;207;196.01;199;653400;0
RASP;D;20100323;000000;203.52;205;200.02;201.35;245600;0
RASP;D;20100324;000000;202.51;212.77;202;207.5;788700;0
RASP;D;20100325;000000;208;210;203.76;207.49;421300;0
RASP;D;20100326;000000;205;216;204.01;214.87;577900;0
RASP;D;20100329;000000;209.85;219;209.85;216;342000;0
RASP;D;20100330;000000;218.3;219;212.12;215.65;299700;0
RASP;D;20100331;000000;215.73;220.52;215;216.9;638200;0
RASP;D;20100401;000000;217.98;219.38;212.8;215;1312300;0
RASP;D;20100402;000000;216.95;216.99;213.11;215.45;271100;0
RASP;D;20100405;000000;215.45;232.43;214.98;224;761800;0
RASP;D;20100406;000000;224.5;229.49;218.01;221.99;245800;0
RASP;D;20100407;000000;222.51;224.3;209.68;214.22;791200;0
RASP;D;20100408;000000;213.06;217.5;206.98;213.22;309800;0
RASP;D;20100409;000000;215.7;220;214.25;215;748400;0
RASP;D;20100412;000000;218.5;218.5;214.08;214.87;329000;0
RASP;D;20100413;000000;214.08;223.97;213;218.89;873000;0
RASP;D;20100414;000000;219.86;223.9;219.22;220;797300;0
RASP;D;20100415;000000;222;225.95;220.5;222.3;941500;0
RASP;D;20100416;000000;220.63;221.06;215.2;216.5;384200;0
RASP;D;20100419;000000;213.66;213.66;205.06;209.5;909400;0
RASP;D;20100420;000000;209.76;225;209.76;214.7;363700;0
RASP;D;20100421;000000;216.35;219.5;212.49;213.7;486800;0
RASP;D;20100422;000000;212.35;215.98;209.11;211;322500;0
RASP;D;20100423;000000;211.4;213.99;207.99;211.25;405000;0
RASP;D;20100426;000000;214;216;212.01;213;138600;0
RASP;D;20100427;000000;211.5;212.95;206.99;209;319900;0
RASP;D;20100428;000000;205.5;205.5;197.7;199.5;1122400;0
RASP;D;20100429;000000;200.25;209;200.25;207.47;684800;0
RASP;D;20100430;000000;207.57;210.12;206.02;207.58;218200;0
RASP;D;20100504;000000;208.99;209.98;198.5;202;417600;0
RASP;D;20100505;000000;198;203.24;194.77;198.75;602000;0
RASP;D;20100506;000000;196.97;199.25;193.02;194.5;419100;0
RASP;D;20100507;000000;189.61;190;165;173;656900;0
RASP;D;20100511;000000;150;154.53;128;132.39;5375000;0
RASP;D;20100512;000000;127.9;148.77;126;148;6373800;0
RASP;D;20100513;000000;149;151.9;142.2;149.8;2028300;0
RASP;D;20100514;000000;149.39;149.39;144.03;147.94;1157800;0
RASP;D;20100517;000000;140;146;138.31;145;1403100;0
RASP;D;20100518;000000;143.4;150;143.4;146.07;877300;0
RASP;D;20100519;000000;146.04;146.07;140;141;624700;0
RASP;D;20100520;000000;141.69;141.77;130.27;134.01;423100;0
RASP;D;20100521;000000;135;140;126.61;138.98;1217100;0
RASP;D;20100524;000000;141.78;146.89;138;139.75;506100;0
RASP;D;20100525;000000;134.44;138;132.65;133;755700;0
RASP;D;20100526;000000;134.99;158;134.99;156;3600100;0
RASP;D;20100527;000000;156;156.5;144.01;144.74;600700;0
RASP;D;20100528;000000;147;148.99;143.01;145;271600;0
RASP;D;20100531;000000;149.38;149.38;145.36;148.9;238700;0
RASP;D;20100601;000000;148.45;148.45;140;142;491900;0
RASP;D;20100602;000000;141;143;138.98;140.89;411600;0
RASP;D;20100603;000000;143.24;144.4;138.21;140.39;362200;0
RASP;D;20100604;000000;140;140.94;135.1;137;292000;0
RASP;D;20100607;000000;134.85;134.85;129;132;468200;0
RASP;D;20100608;000000;131.52;134;129.8;131.02;261200;0
RASP;D;20100609;000000;133;134.4;131.5;132.9;260600;0
RASP;D;20100610;000000;132.82;132.83;129.91;132.02;210500;0
RASP;D;20100611;000000;135.81;135.81;130.22;131.31;182000;0
RASP;D;20100615;000000;132.4;134.42;130;133;380000;0
RASP;D;20100616;000000;134;138.99;133.36;136;1050500;0
RASP;D;20100617;000000;136.5;138.88;135.35;137.9;373600;0
RASP;D;20100618;000000;137.88;143.97;137;137;744500;0
RASP;D;20100621;000000;142.01;142.24;137.19;140.5;273600;0
RASP;D;20100622;000000;140.75;141;138;138.7;153400;0
RASP;D;20100623;000000;138.5;141.39;135.79;138.99;486500;0
RASP;D;20100624;000000;139.95;141;136.33;136.51;119600;0
RASP;D;20100625;000000;136.05;136.6;132.5;132.59;205400;0
RASP;D;20100628;000000;135;135;130.61;131.5;220900;0
RASP;D;20100629;000000;134.79;134.79;126.3;127.1;376000;0
RASP;D;20100630;000000;128.28;128.28;124.06;124.5;227800;0
RASP;D;20100701;000000;124;126.92;121.02;124;228400;0
RASP;D;20100702;000000;124.69;126.42;122.41;124.69;121800;0
RASP;D;20100705;000000;125;125.9;122.12;124;161600;0
RASP;D;20100706;000000;124.65;125.25;123;125.1;223000;0
RASP;D;20100707;000000;123.95;124.48;122.22;124.48;88100;0
RASP;D;20100708;000000;124.99;125.79;121;122;307600;0
RASP;D;20100709;000000;122.01;122.8;121;122.8;84300;0
RASP;D;20100712;000000;123.42;123.42;121.5;121.76;88800;0
RASP;D;20100713;000000;121.61;122;120.02;121.4;287700;0
RASP;D;20100714;000000;122.01;124.48;122;122.6;611800;0
RASP;D;20100715;000000;122.6;124.1;120.7;121;421400;0
RASP;D;20100716;000000;121.1;121.2;117.07;118;285200;0
RASP;D;20100719;000000;117.55;119.93;117.01;118.5;632000;0
RASP;D;20100720;000000;118.98;119.03;117.19;117.99;231200;0
RASP;D;20100721;000000;118.25;118.74;117.53;118;70400;0
RASP;D;20100722;000000;117.29;119.7;117.1;118.7;364700;0
RASP;D;20100723;000000;119.7;119.7;117.75;118;201000;0
RASP;D;20100726;000000;118.01;118.98;117.5;117.5;209200;0
RASP;D;20100727;000000;119.5;119.5;117.5;117.7;492100;0
RASP;D;20100728;000000;118.46;118.47;117.38;117.84;240100;0
RASP;D;20100729;000000;114.51;118.6;114.51;118.2;783400;0
RASP;D;20100730;000000;117.69;121.17;117.56;119.56;529800;0
RASP;D;20100802;000000;120;131;120;129.73;851700;0
RASP;D;20100803;000000;132.29;137.8;129.48;134.64;1164700;0
RASP;D;20100804;000000;132.26;140.15;132.26;139.2;579700;0
RASP;D;20100805;000000;139.2;140.5;137.25;138;282900;0
RASP;D;20100806;000000;138;140.27;134;136.37;290300;0
RASP;D;20100809;000000;135.29;138.35;135.27;136.5;162600;0
RASP;D;20100810;000000;136.15;136.49;133.09;133.14;206300;0
RASP;D;20100811;000000;132;140.52;130.52;139;1102300;0
RASP;D;20100812;000000;139.99;151.88;138.01;144.47;1531400;0
RASP;D;20100813;000000;144.99;148.49;144;145.8;466500;0
RASP;D;20100816;000000;145.9;148.5;139;147.97;547900;0
RASP;D;20100817;000000;148.02;154.99;148.02;152.98;729200;0
RASP;D;20100818;000000;150;159.76;150;157.97;837500;0
RASP;D;20100819;000000;158.88;165.98;157.1;158.9;1262300;0
RASP;D;20100820;000000;158.51;160.9;153.74;154;463600;0
RASP;D;20100823;000000;154.98;158.88;151.01;155.38;496900;0
RASP;D;20100824;000000;154.9;155;151.01;152;394600;0
RASP;D;20100825;000000;150.5;153.74;148;148.99;387100;0
RASP;D;20100826;000000;150.98;152.57;146.79;147.9;553800;0
RASP;D;20100827;000000;147.1;149.7;145.27;146.7;649400;0
RASP;D;20100830;000000;148.9;148.98;143.76;144.4;243100;0
RASP;D;20100831;000000;143.65;146.16;141.01;143.52;471100;0
RASP;D;20100901;000000;145.2;152.5;144;152.24;913900;0
RASP;D;20100902;000000;153;157.9;151;153;958600;0
RASP;D;20100903;000000;149.76;155.5;149.76;155;432100;0
RASP;D;20100906;000000;155;156.49;153.1;154.46;212700;0
RASP;D;20100907;000000;154.33;154.89;152.37;152.57;175900;0
RASP;D;20100908;000000;152.66;157.11;152.66;156.3;321600;0
RASP;D;20100909;000000;157;158;154.2;157;619500;0
RASP;D;20100910;000000;156.6;157.2;152.7;152.98;585700;0
RASP;D;20100913;000000;153.33;157.5;149.38;154;566300;0
RASP;D;20100914;000000;153.11;154.66;150.77;151.88;254000;0
RASP;D;20100915;000000;152.9;153.5;150;153.2;372400;0
RASP;D;20100916;000000;152.79;155.8;151.8;154.56;408900;0
RASP;D;20100917;000000;157.03;158.89;152.52;154;727300;0
RASP;D;20100920;000000;154.9;156.4;152.01;155.79;173700;0
RASP;D;20100921;000000;156;158.87;153.15;157.95;481000;0
RASP;D;20100922;000000;157.95;158.4;155.2;157.37;300800;0
RASP;D;20100923;000000;156.99;159.5;156.05;158.61;626500;0
RASP;D;20100924;000000;158.02;161.7;158.01;160;666600;0
RASP;D;20100927;000000;161;163.5;160.03;162.51;594600;0
RASP;D;20100928;000000;162.3;163.5;159.13;162.84;496100;0
RASP;D;20100929;000000;163.3;172.98;163.3;171.09;1101000;0
RASP;D;20100930;000000;172.03;172.77;168.55;172.01;567800;0
RASP;D;20101001;000000;172.69;173;169.33;170.79;243000;0
RASP;D;20101004;000000;173.77;173.77;167.28;171;280700;0
RASP;D;20101005;000000;170.5;172;169.18;169.7;249400;0
RASP;D;20101006;000000;171;171.01;165;166.65;647800;0
RASP;D;20101007;000000;167.98;169.88;165.98;169.7;209100;0
RASP;D;20101008;000000;169.5;171.7;167.21;169.7;370000;0
RASP;D;20101011;000000;170.96;173.5;169.75;173.5;594500;0
RASP;D;20101012;000000;177.97;177.97;171.12;173.54;245000;0
RASP;D;20101013;000000;174.25;178;172.54;173;653300;0
RASP;D;20101014;000000;173;174.59;170.06;173.4;449200;0
RASP;D;20101015;000000;173.02;177.94;172.67;177.94;813500;0
RASP;D;20101018;000000;177.12;182.4;175.2;180;1193300;0
RASP;D;20101019;000000;180.25;181.5;175.7;177;646500;0
RASP;D;20101020;000000;177;177.87;174.2;176.99;252900;0
RASP;D;20101021;000000;177;180.59;175.57;179.97;518100;0
RASP;D;20101022;000000;180.01;181.82;178;180;255300;0
RASP;D;20101025;000000;180.33;181.3;179.02;180.55;112000;0
RASP;D;20101026;000000;181;182.43;178.62;182.2;240800;0
RASP;D;20101027;000000;180.51;181.09;176.98;180;250000;0
RASP;D;20101028;000000;178.03;180.36;178.01;179.23;85900;0
RASP;D;20101029;000000;179.27;180;176.01;179.21;296000;0
RASP;D;20101101;000000;179.88;179.88;177.07;177.07;166800;0
RASP;D;20101102;000000;177.04;177.49;172.1;172.75;322900;0
RASP;D;20101103;000000;171.13;174.5;170.26;172.25;321400;0
RASP;D;20101108;000000;175.49;175.75;173;173.52;155200;0
RASP;D;20101109;000000;169.18;177.48;169.18;174.8;412300;0
RASP;D;20101110;000000;174;175.98;170.7;171;212300;0
RASP;D;20101111;000000;172.99;172.99;170.87;171.3;224000;0
RASP;D;20101112;000000;170.9;175.99;167.2;172.54;377700;0
RASP;D;20101113;000000;173.9;175.98;171.56;175.3;167800;0
RASP;D;20101115;000000;175.32;177.37;173.2;176.76;314800;0
RASP;D;20101116;000000;175.07;177.3;173.01;175.5;167100;0
RASP;D;20101117;000000;175;175;171.36;174.69;216000;0
RASP;D;20101118;000000;175.3;175.7;173.69;174.6;107400;0
RASP;D;20101119;000000;175;176.5;173.88;176.5;173600;0
RASP;D;20101122;000000;176.5;177.85;175.97;177.51;214100;0
RASP;D;20101123;000000;177.01;181.9;176.99;179.99;972600;0
RASP;D;20101124;000000;180;184.74;179.99;183.5;414900;0
RASP;D;20101125;000000;184.8;186.2;184.12;184.3;405500;0
RASP;D;20101126;000000;183.26;186.7;181.31;185.3;269000;0
RASP;D;20101129;000000;186.93;232.29;185;185;521200;0
RASP;D;20101130;000000;190.55;190.98;186.09;189;213200;0
RASP;D;20101201;000000;188;201.32;188;201;845400;0
RASP;D;20101202;000000;202;209.89;201.9;206.35;768500;0
RASP;D;20101203;000000;209.5;209.5;200.49;205.3;390200;0
RASP;D;20101206;000000;203.01;206.9;200.02;205.54;190100;0
RASP;D;20101207;000000;205.2;207.5;202.73;207;540400;0
RASP;D;20101208;000000;205;206.89;202.05;202.5;215800;0
RASP;D;20101209;000000;203.51;205.12;202.09;203.6;120100;0
RASP;D;20101210;000000;202.26;202.26;196;198;280700;0
RASP;D;20101213;000000;199.97;201.76;198.56;199.86;155600;0
RASP;D;20101214;000000;200.81;201;197.22;199;252600;0
RASP;D;20101215;000000;199;200.5;197.99;199.79;226300;0
RASP;D;20101216;000000;199.82;208.76;199.1;207;644900;0
RASP;D;20101217;000000;208.03;214.22;207.13;210.65;746000;0
RASP;D;20101220;000000;210;211.1;207.01;207.68;172800;0
RASP;D;20101221;000000;209.63;209.63;205;207.5;416500;0
RASP;D;20101222;000000;208.99;211.1;207;209.8;270900;0
RASP;D;20101223;000000;210.5;210.74;207.9;209.5;127200;0
RASP;D;20101224;000000;208.53;209.96;207.45;209;175200;0
RASP;D;20101227;000000;209;209;205.15;207;131400;0
RASP;D;20101228;000000;207.22;213.4;207.22;213.25;1002400;0
RASP;D;20101229;000000;213.25;216.15;212;214.97;232000;0
RASP;D;20101230;000000;214.08;215.25;212.99;214.94;211200;0
RASP;D;20110111;000000;223.13;232.5;223.13;230.3;1223100;0
RASP;D;20110112;000000;237.11;238.8;231.45;234;1554800;0
RASP;D;20110113;000000;236;236;223.11;228.38;955800;0
RASP;D;20110114;000000;227.99;229.98;221;221.82;714200;0
RASP;D;20110117;000000;221.91;224.19;221.81;222.26;571100;0
RASP;D;20110118;000000;223;231.91;222.1;228.49;1139700;0
RASP;D;20110119;000000;234.4;234.4;228;229.6;682400;0
RASP;D;20110120;000000;232.58;232.58;224.6;228.15;290700;0
RASP;D;20110121;000000;228.54;230.95;227.72;228.42;332200;0
RASP;D;20110124;000000;228.61;229.5;222.1;223.7;1027300;0
RASP;D;20110125;000000;225.9;227;219.01;222;229600;0
RASP;D;20110126;000000;223;229.5;223;228;634000;0
RASP;D;20110127;000000;229.71;231.2;225.3;225.56;320000;0
RASP;D;20110128;000000;225.2;225.96;222.98;224.49;211900;0
RASP;D;20110131;000000;223.11;226.97;222;226.15;317600;0
RASP;D;20110201;000000;226.9;230;226.03;228;750100;0
RASP;D;20110202;000000;232;234.6;230.1;233.35;1371500;0
RASP;D;20110203;000000;233.93;235;226.11;228.5;326300;0
RASP;D;20110204;000000;234.24;234.24;226.57;230.5;220700;0
RASP;D;20110207;000000;231.01;234.5;230.01;232.45;409000;0
RASP;D;20110208;000000;233.1;233.1;227.11;232.2;298300;0
RASP;D;20110209;000000;228.59;229.98;223.2;225.11;287200;0
RASP;D;20110210;000000;230.19;230.19;217.1;219.5;1393200;0
RASP;D;20110211;000000;217.25;219.98;216;218;399000;0
RASP;D;20110214;000000;221.97;223.4;216.03;219;295500;0
RASP;D;20110215;000000;218.55;222.9;218;219.88;392200;0
RASP;D;20110216;000000;219;219.9;218.16;218.22;301700;0
RASP;D;20110217;000000;218.06;219.96;216.92;218.8;263500;0
RASP;D;20110218;000000;218.9;219.96;216.45;218;111600;0
RASP;D;20110221;000000;218;231.5;218;227.53;786400;0
RASP;D;20110222;000000;227.89;227.98;224;225.26;461600;0
RASP;D;20110224;000000;223.2;224.9;216.11;220.5;603500;0
RASP;D;20110225;000000;221.62;226.9;219.89;226.4;395200;0
RASP;D;20110228;000000;230;240;222.53;224.49;1310400;0
RASP;D;20110301;000000;226.87;227;219.22;224.22;232270;0
RASP;D;20110302;000000;221.11;227.64;220;220.61;205400;0
RASP;D;20110303;000000;221.95;225.45;220.02;222.97;161170;0
RASP;D;20110304;000000;223.11;224.28;212.33;214.13;696630;0
RASP;D;20110305;000000;216.44;218.5;212.91;218;185700;0
RASP;D;20110309;000000;218.5;219.2;212.5;212.6;429930;0
RASP;D;20110310;000000;210;210;198.9;199.8;1534500;0
RASP;D;20110311;000000;200;200;189.12;192.58;870500;0
RASP;D;20110314;000000;192.98;199.77;188.61;189.91;819690;0
RASP;D;20110315;000000;185;189.15;182.31;183.99;1009520;0
RASP;D;20110316;000000;183.75;192;183.75;189.5;813340;0
RASP;D;20110317;000000;183.69;196.77;183.69;195.5;600720;0
RASP;D;20110318;000000;199.44;202.99;198.51;201.8;1038060;0
RASP;D;20110321;000000;203.01;205.87;203.01;204.25;538790;0
RASP;D;20110322;000000;204.88;204.99;190;204;281330;0
RASP;D;20110323;000000;203;204.15;200.66;202.98;291570;0
RASP;D;20110324;000000;202.98;204;200.1;202.59;300250;0
RASP;D;20110325;000000;202.62;203.02;198.7;199.5;321950;0
RASP;D;20110328;000000;198.98;199.6;194;197.84;446850;0
RASP;D;20110329;000000;196.04;197.6;190.5;191.6;762650;0
RASP;D;20110330;000000;190.5;193.7;190.5;191.49;746600;0
RASP;D;20110331;000000;192.78;192.8;189.01;190.31;420150;0
RASP;D;20110401;000000;190.31;191.38;188.51;188.7;561470;0
RASP;D;20110404;000000;190.25;190.25;188.5;188.99;411920;0
RASP;D;20110405;000000;191.2;191.2;184.13;186;1024240;0
RASP;D;20110406;000000;186.5;193.38;185.91;193.01;1305690;0
RASP;D;20110407;000000;192.96;197.42;191.99;197.1;852490;0
RASP;D;20110408;000000;197.5;204.19;193.15;203.71;1332290;0
RASP;D;20110411;000000;204;207.9;201.01;202.3;937780;0
RASP;D;20110412;000000;199.8;201.9;195.2;196.07;677750;0
RASP;D;20110413;000000;198.03;201.77;195.01;198.41;1071070;0
RASP;D;20110414;000000;198.31;198.99;196.21;196.75;418780;0
RASP;D;20110415;000000;193.48;198.62;193.48;194.47;305050;0
RASP;D;20110418;000000;193.07;195.08;183.64;188;997960;0
RASP;D;20110419;000000;189;192.39;185.46;189.76;383950;0
RASP;D;20110420;000000;190.98;193.41;187.01;189;427410;0
RASP;D;20110421;000000;190.77;191.97;186.02;188.51;270300;0
RASP;D;20110422;000000;188;190.87;188;190.3;160110;0
RASP;D;20110425;000000;190.87;191.99;188.01;188.02;276230;0
RASP;D;20110426;000000;186.32;188;183.15;185.25;406140;0
RASP;D;20110427;000000;185.28;186.99;180.01;181.2;666870;0
RASP;D;20110428;000000;181.88;184.08;181.88;182.31;539960;0
RASP;D;20110429;000000;182.31;182.4;180.2;182.16;384230;0
RASP;D;20110503;000000;181.67;184.49;178.6;179.46;319530;0
RASP;D;20110504;000000;174.8;178.96;174.8;176.36;231750;0
RASP;D;20110505;000000;175.55;178.29;170.82;172.6;258730;0
RASP;D;20110506;000000;172.77;172.77;166;170.01;548370;0
RASP;D;20110510;000000;172.75;172.75;168;168.47;387430;0
RASP;D;20110511;000000;167.5;172;163.75;166;591390;0
RASP;D;20110512;000000;164.04;164.07;160.8;162.5;508460;0
RASP;D;20110513;000000;161.2;164.48;155.22;161.55;360160;0
RASP;D;20110516;000000;160.04;161.54;157;160.05;500310;0
RASP;D;20110517;000000;161.5;161.7;156.15;157;455060;0
RASP;D;20110518;000000;158.37;162;157.2;158.3;485220;0
RASP;D;20110519;000000;159.64;170.5;157.99;168.05;2830000;0
RASP;D;20110520;000000;170.2;171.77;164.1;165.5;1533860;0
RASP;D;20110523;000000;160.56;163;155.5;156.5;1291450;0
RASP;D;20110524;000000;156.5;167.45;156.5;160.88;2628610;0
RASP;D;20110525;000000;159.57;164.88;157.69;163.85;726990;0
RASP;D;20110526;000000;164.89;167.88;163.48;163.85;426210;0
RASP;D;20110527;000000;165.48;174.2;165.48;169.85;1817130;0
RASP;D;20110530;000000;170.5;173.87;170.36;172;593520;0
RASP;D;20110531;000000;172.9;173.2;169.12;172;813330;0
RASP;D;20110601;000000;171.89;176.9;169.2;176.84;768050;0
RASP;D;20110602;000000;172.58;178.51;170.51;176.29;1196570;0
RASP;D;20110603;000000;176.38;176.6;167.19;171.3;797730;0
RASP;D;20110606;000000;169.85;171.5;165.4;166.04;789170;0
RASP;D;20110607;000000;166;171.45;164.24;169.45;579490;0
RASP;D;20110608;000000;168.89;171.8;167.66;168.7;732590;0
RASP;D;20110609;000000;169.28;170.69;161.1;167.49;1257900;0
RASP;D;20110610;000000;167.55;168.32;164.54;165.65;433480;0
RASP;D;20110614;000000;161.94;167.04;161.94;164.82;330740;0
RASP;D;20110615;000000;162.07;167.9;162.07;166;338230;0
RASP;D;20110616;000000;165.15;166.18;163.5;166;245500;0
RASP;D;20110617;000000;165.26;165.76;162.9;163.16;187990;0
RASP;D;20110620;000000;163;163;159.05;160;350980;0
RASP;D;20110621;000000;161.22;161.72;160.11;161.39;327210;0
RASP;D;20110622;000000;161.39;162.38;159.51;161.03;225380;0
RASP;D;20110623;000000;160.99;168.19;160.22;162.81;765060;0
RASP;D;20110624;000000;164.83;165.99;161.69;162.48;397020;0
RASP;D;20110627;000000;165.99;165.99;160.73;162.8;181730;0
RASP;D;20110628;000000;164.5;164.88;162.69;164.16;227710;0
RASP;D;20110629;000000;164.45;166.75;163.73;165;350580;0
RASP;D;20110630;000000;165.7;166.38;163.8;163.8;368400;0
RASP;D;20110701;000000;163.88;166.7;162.94;166;321280;0
RASP;D;20110704;000000;166.15;170.71;165.21;170.33;726030;0
RASP;D;20110705;000000;170.64;180.7;169.36;180.1;2374330;0
RASP;D;20110706;000000;180.1;185.15;175.36;180.21;1838100;0
RASP;D;20110707;000000;180.92;185;180.92;182;754280;0
RASP;D;20110708;000000;182.8;183.01;178.09;181.49;655600;0
RASP;D;20110711;000000;179.98;180.22;173.31;173.51;691450;0
RASP;D;20110712;000000;173.4;191.02;170;178.5;2786170;0
RASP;D;20110713;000000;180.99;187.5;179.82;181;3218460;0
RASP;D;20110714;000000;177.05;177.05;172.5;175.71;1305030;0
RASP;D;20110715;000000;175;175;171.03;173;420710;0
RASP;D;20110718;000000;183.05;183.05;170.5;171;305550;0
RASP;D;20110719;000000;166.88;173;166.88;171.4;357140;0
RASP;D;20110720;000000;176.24;176.24;171.5;171.55;316820;0
RASP;D;20110721;000000;173;173.9;171;173.61;245130;0
RASP;D;20110722;000000;174.54;175;172.6;173.6;178880;0
RASP;D;20110725;000000;172.89;173.75;171.03;173.5;251820;0
RASP;D;20110726;000000;173.92;173.92;171.3;172;392550;0
RASP;D;20110727;000000;171.63;172;170.05;170.11;221420;0
RASP;D;20110728;000000;169.9;170.5;168.01;170.25;282950;0
RASP;D;20110729;000000;170.25;171.89;167;167;314310;0
RASP;D;20110801;000000;168.44;171.49;168.44;170.69;262490;0
RASP;D;20110802;000000;170.8;171.6;169.51;171;198370;0
RASP;D;20110803;000000;170.28;170.28;163;163;553460;0
RASP;D;20110804;000000;166.04;166.97;157.77;158.76;635800;0
RASP;D;20110805;000000;154.36;154.76;147.3;148.99;1464650;0
RASP;D;20110808;000000;143.65;146.25;130.7;131.01;2468360;0
RASP;D;20110809;000000;125;131.95;111.01;127.61;2761850;0
RASP;D;20110810;000000;130;138.49;121.09;124.04;2212830;0
RASP;D;20110811;000000;126.66;131.99;114.7;126.5;1621570;0
RASP;D;20110812;000000;128.05;135.3;122.1;134.9;1262770;0
RASP;D;20110815;000000;137.7;143;135.14;143;1001280;0
RASP;D;20110816;000000;141;141;132.77;136.97;950920;0
RASP;D;20110817;000000;134.99;140.5;132.32;138.98;696090;0
RASP;D;20110818;000000;135.78;136.98;128.7;130.95;633710;0
RASP;D;20110819;000000;130.88;131;123.6;128.39;1057640;0
RASP;D;20110822;000000;126.01;128.48;124.01;124.17;1363560;0
RASP;D;20110823;000000;126.45;127.45;121.97;125.19;753830;0
RASP;D;20110824;000000;126.2;127.6;122.74;127.01;354150;0
RASP;D;20110825;000000;128.5;128.99;123.91;124.41;505610;0
RASP;D;20110826;000000;124.54;125.79;121.52;124.95;360920;0
RASP;D;20110829;000000;127.09;132.49;126.72;131.9;602850;0
RASP;D;20110830;000000;132.45;136.5;129.66;135;1000220;0
RASP;D;20110831;000000;136.11;138.77;135.21;136.52;638160;0
RASP;D;20110901;000000;137.69;137.69;133;135.51;857190;0
RASP;D;20110902;000000;134;138.98;130.2;137.38;805790;0
RASP;D;20110905;000000;134.99;141.3;133;135.92;865540;0
RASP;D;20110906;000000;135.06;137.5;132.74;132.9;566220;0
RASP;D;20110907;000000;134.35;136.89;134.25;135;1143350;0
RASP;D;20110908;000000;135.12;135.84;132.46;134.2;1089780;0
RASP;D;20110909;000000;134.47;137.09;130.98;131.48;952800;0
RASP;D;20110912;000000;128.2;129;122.63;125.1;1588700;0
RASP;D;20110913;000000;126;127.57;121.77;122;947010;0
RASP;D;20110914;000000;122;125.85;121.81;124.83;866130;0
RASP;D;20110915;000000;126.03;127.5;124.5;125;503290;0
RASP;D;20110916;000000;126.3;126.69;122.65;122.89;489670;0
RASP;D;20110919;000000;122.5;126.99;121.15;126;666730;0
RASP;D;20110920;000000;125.75;128.94;124.52;127.9;551050;0
RASP;D;20110921;000000;128;132.24;128;128.44;950500;0
RASP;D;20110922;000000;123;125.89;115.47;115.99;1672450;0
RASP;D;20110923;000000;116;116;103.01;107.01;1938160;0
RASP;D;20110926;000000;106.85;109.6;97.2;105.31;2520140;0
RASP;D;20110927;000000;106.95;110;106.51;109.37;695590;0
RASP;D;20110928;000000;107.94;108.99;101.55;102.49;1289310;0
RASP;D;20110929;000000;102;103.74;96.66;99.98;3019500;0
RASP;D;20110930;000000;99.89;99.89;90.77;96;2318060;0
RASP;D;20111003;000000;93.96;94;88.99;90.3;1054930;0
RASP;D;20111004;000000;88.2;89.5;75.01;78.36;3387370;0
RASP;D;20111005;000000;81.2;81.87;71.6;72.68;2786460;0
RASP;D;20111006;000000;74;82.82;73.3;80.67;3710410;0
RASP;D;20111007;000000;83.05;87.65;80.5;82.2;3906210;0
RASP;D;20111010;000000;82.2;88;82;84.05;3214460;0
RASP;D;20111011;000000;85.49;85.98;78.95;81.19;2866100;0
RASP;D;20111012;000000;80.62;83.4;76.63;82;2728580;0
RASP;D;20111013;000000;82;87.41;81.17;86.31;4571100;0
RASP;D;20111014;000000;87.51;91.89;85.15;90.7;3198560;0
RASP;D;20111017;000000;93.22;94.8;87.92;88.89;2452960;0
RASP;D;20111018;000000;87.01;91.5;85.69;91.5;1976070;0
RASP;D;20111019;000000;92.4;93.4;88.71;90;1810800;0
RASP;D;20111020;000000;87.9;89.49;87.13;87.5;1356980;0
RASP;D;20111021;000000;88.29;89.07;87.2;88.25;1211870;0
RASP;D;20111024;000000;90;93.4;89;93.14;2900520;0
RASP;D;20111025;000000;93.5;98.46;93.01;96.2;3436250;0
RASP;D;20111026;000000;96.6;98.58;95.06;97.88;2219550;0
RASP;D;20111027;000000;99;106.88;98.4;103.6;4806040;0
RASP;D;20111028;000000;104.61;108.4;100.67;103.4;3153730;0
RASP;D;20111031;000000;102.5;105.99;100.09;100.09;1941650;0
RASP;D;20111101;000000;99.23;100.4;88.61;92;4130550;0
RASP;D;20111102;000000;91.91;95.37;90.47;94.9;2763590;0
RASP;D;20111103;000000;93.95;95.99;88.7;95.27;2922390;0
RASP;D;20111107;000000;96.2;97.86;91.5;96.72;2418930;0
RASP;D;20111108;000000;94.64;97.7;94.64;96.3;1523800;0
RASP;D;20111109;000000;97.06;97.74;91.01;92.5;2985140;0
RASP;D;20111110;000000;90.05;94;88.88;93.97;2100980;0
RASP;D;20111111;000000;94.25;94.77;91.71;93.72;956080;0
RASP;D;20111114;000000;94.43;96.91;91.76;92.42;2151230;0
RASP;D;20111115;000000;92;92.65;87.87;91.5;2742600;0
RASP;D;20111116;000000;88.95;112.6;88.01;100.84;24183950;0
RASP;D;20111117;000000;102;104.49;97.7;99.32;5402310;0
RASP;D;20111118;000000;98.52;100.67;96.23;99;2154890;0
RASP;D;20111121;000000;98.65;98.65;93.87;94.44;2001560;0
RASP;D;20111122;000000;94.97;96.45;91;93.35;2632870;0
RASP;D;20111123;000000;92.15;94.94;91.19;93.5;1730440;0
RASP;D;20111124;000000;92.8;94.19;92.05;92.4;924120;0
RASP;D;20111125;000000;92.38;93.16;89.21;90;1903860;0
RASP;D;20111128;000000;92;93.5;90.61;93.1;2478100;0
RASP;D;20111129;000000;93.5;93.97;91.66;91.9;2277750;0
RASP;D;20111130;000000;91.9;94.58;90.12;93.8;5260640;0
RASP;D;20111201;000000;94.95;99.67;94.52;95.58;5826780;0
RASP;D;20111202;000000;96;102.19;95.33;101;5488990;0
RASP;D;20111205;000000;101.6;105.5;100.11;105.29;4441200;0
RASP;D;20111206;000000;105;108.49;100.23;102.74;7247830;0
RASP;D;20111207;000000;104;105.8;102.21;103.94;3536050;0
RASP;D;20111208;000000;104.5;105.85;102.6;103.62;2238730;0
RASP;D;20111209;000000;101;104;98.38;102.45;3971450;0
RASP;D;20111212;000000;103;107.4;99.59;100.89;3837390;0
RASP;D;20111213;000000;99.94;103.5;99.1;102.35;3741630;0
RASP;D;20111214;000000;102;103.1;98.2;99.2;3049290;0
RASP;D;20111215;000000;98.39;101.42;96.55;101.41;2440260;0
RASP;D;20111216;000000;101.84;102.47;100.18;100.65;1597940;0
RASP;D;20111219;000000;100.09;104.66;99.99;104.3;2859620;0
RASP;D;20111220;000000;104.3;106.74;103.82;106;3941520;0
RASP;D;20111221;000000;106.65;106.65;103.01;104.64;2792990;0
RASP;D;20111222;000000;104.37;104.5;103.2;103.5;2151260;0
RASP;D;20111223;000000;103.6;103.6;100.74;100.81;1738630;0
RASP;D;20111226;000000;100.86;102.26;100.86;102.23;1531050;0
RASP;D;20111227;000000;102.2;102.65;101.32;102.08;1946780;0
RASP;D;20111228;000000;100.05;102.4;100;101.25;1700310;0
RASP;D;20111229;000000;101;101.6;97.29;99.5;1964980;0
RASP;D;20111230;000000;99.45;99.77;98.45;99;1321310;0
RASP;D;20120103;000000;101.49;102.02;98.11;101.69;807460;0
RASP;D;20120104;000000;102.29;102.29;100.82;101.42;389080;0
RASP;D;20120105;000000;101.9;101.95;100.04;100.7;725490;0
RASP;D;20120106;000000;100.26;101.8;99.95;101.2;719330;0
RASP;D;20120109;000000;101.01;102.47;100.67;101.98;1077380;0
RASP;D;20120110;000000;102;104.2;100.55;102.87;3895010;0
RASP;D;20120111;000000;102.6;103.28;100.9;102.4;3326730;0
RASP;D;20120112;000000;102.6;107.8;102.1;106.37;5771810;0
RASP;D;20120113;000000;106;113.8;105.58;111.5;7348310;0
RASP;D;20120116;000000;110.53;118;108.25;118;5942020;0
RASP;D;20120117;000000;118;120.9;116.33;120.05;8385800;0
RASP;D;20120118;000000;119.51;120.19;117.3;118.89;4864000;0
RASP;D;20120119;000000;118.63;119;112.82;115.5;6109710;0
RASP;D;20120120;000000;115.93;115.93;111.5;112.49;4846570;0
RASP;D;20120123;000000;112.65;115;110.55;114.73;3413100;0
RASP;D;20120124;000000;114.51;114.51;112.39;112.4;1568340;0
RASP;D;20120125;000000;113.3;113.9;110.11;112.79;2904700;0
RASP;D;20120126;000000;113.1;114.51;112.83;114.21;1924760;0
RASP;D;20120127;000000;113.61;113.79;111.59;112.08;1045470;0
RASP;D;20120130;000000;112.2;112.47;106.65;107;2914710;0
RASP;D;20120131;000000;107.01;108.09;105.58;106.28;2206400;0
RASP;D;20120201;000000;106.24;111.5;105.61;110.11;2921140;0
RASP;D;20120202;000000;111;114.19;110.52;111.97;1930560;0
RASP;D;20120203;000000;113.29;113.45;111.18;112.96;1126270;0
RASP;D;20120206;000000;114.6;116.97;109;111.7;2897750;0
RASP;D;20120207;000000;114.5;116;110;112.98;5194770;0
RASP;D;20120208;000000;113.5;114.5;111.03;111.19;2169070;0
RASP;D;20120209;000000;111.2;111.51;106.86;108.07;2739690;0
RASP;D;20120210;000000;108.79;109.08;107;108;1704370;0
RASP;D;20120213;000000;111.88;117.99;108.18;117.35;4369730;0
RASP;D;20120214;000000;117;119.85;115.25;116.5;4445140;0
RASP;D;20120215;000000;117.2;118.47;116.04;116.35;1818900;0
RASP;D;20120216;000000;115.35;122;114.62;117.6;3456440;0
RASP;D;20120217;000000;119.5;119.5;114.82;115;1573600;0
RASP;D;20120220;000000;116;118.89;115.6;117;1937500;0
RASP;D;20120221;000000;117.45;117.72;115.29;116.15;804560;0
RASP;D;20120222;000000;116.86;116.86;113.76;114.61;727010;0
RASP;D;20120224;000000;115.42;117.24;114.77;116.5;1087080;0
RASP;D;20120227;000000;116.5;118.85;116.5;117.22;1120870;0
RASP;D;20120228;000000;117.22;118.75;114.98;115.99;830410;0
RASP;D;20120229;000000;121.6;121.6;113.5;114.2;1379980;0
RASP;D;20120301;000000;114;114;111.85;113;936500;0
RASP;D;20120302;000000;113.47;114.7;112.7;114.09;1234880;0
RASP;D;20120305;000000;115.22;115.87;113.32;114.35;1076850;0
RASP;D;20120306;000000;113.02;114.19;110.5;111.05;1322110;0
RASP;D;20120307;000000;110.09;112.93;110.09;112.46;786440;0
RASP;D;20120311;000000;114.05;114.43;113.25;113.6;341610;0
RASP;D;20120312;000000;113.2;113.2;110.6;111.69;701050;0
RASP;D;20120313;000000;111.95;112.42;111.5;112.11;665280;0
RASP;D;20120314;000000;113.25;113.59;112.59;113.37;454100;0
RASP;D;20120315;000000;113.07;118.9;112.01;118.28;2587270;0
RASP;D;20120316;000000;117.73;121.12;115.51;116.98;2832490;0
RASP;D;20120319;000000;117.45;119.43;115.1;116.8;971350;0
RASP;D;20120320;000000;117.54;117.8;115.25;115.75;1190890;0
RASP;D;20120321;000000;116.09;116.65;114.01;115.05;1567810;0
RASP;D;20120322;000000;113.79;115.87;112.54;112.95;1084660;0
RASP;D;20120323;000000;112.98;114.99;111.33;112.72;889690;0
RASP;D;20120326;000000;113;118.6;112.9;116.5;1151090;0
RASP;D;20120327;000000;117.01;117.9;115.23;116.39;626590;0
RASP;D;20120328;000000;115.83;116.37;114;114.38;392310;0
RASP;D;20120329;000000;113.95;113.95;108.01;109.59;1676140;0
RASP;D;20120330;000000;109.9;111.28;108.1;108.65;499880;0
RASP;D;20120402;000000;109;110.67;106.6;107.59;655430;0
RASP;D;20120403;000000;108.48;111;108.3;110.48;708660;0
RASP;D;20120404;000000;109.91;110.75;106.53;107.14;350260;0
RASP;D;20120405;000000;108.04;108.08;105.06;108.01;386920;0
RASP;D;20120406;000000;110.99;110.99;98;103.7;577980;0
RASP;D;20120409;000000;103.55;103.55;100.35;101.93;869730;0
RASP;D;20120410;000000;101.97;102.25;100;100.47;285040;0
RASP;D;20120411;000000;99.98;101.32;99.98;100.35;316550;0
RASP;D;20120412;000000;100.35;103.46;100.08;103.14;624050;0
RASP;D;20120413;000000;103.95;104.6;102.76;103.14;353840;0
RASP;D;20120416;000000;102.9;103.3;101.05;101.49;339840;0
RASP;D;20120417;000000;102.17;102.18;100.51;100.94;167620;0
RASP;D;20120418;000000;101.2;101.95;101.01;101.49;122420;0
RASP;D;20120419;000000;101.82;103.49;101.1;102.98;222490;0
RASP;D;20120420;000000;102.71;105;102.52;103.95;257280;0
RASP;D;20120423;000000;102.51;102.78;100.61;101.2;243520;0
RASP;D;20120424;000000;101.22;101.69;99.2;99.71;199110;0
RASP;D;20120425;000000;100.9;102.81;96;100.42;524670;0
RASP;D;20120426;000000;100.77;100.94;97;98;302080;0
RASP;D;20120427;000000;97.93;97.93;94.92;95.95;711210;0
RASP;D;20120428;000000;95.95;98;95.95;97.65;186650;0
RASP;D;20120502;000000;97.72;100;95.51;95.7;392300;0
RASP;D;20120503;000000;95.7;97.07;93.76;94.02;214220;0
RASP;D;20120504;000000;92.85;93.51;86.58;86.95;468860;0
RASP;D;20120505;000000;87.17;88.99;83.3;88.2;471660;0
RASP;D;20120507;000000;88.01;88.01;83.5;85.16;531180;0
RASP;D;20120508;000000;85.45;87.08;82.01;84.01;371900;0
RASP;D;20120510;000000;83.5;86.49;82.47;84.62;622070;0
RASP;D;20120511;000000;83.8;83.8;82.52;82.94;251240;0
RASP;D;20120512;000000;82.5;84.63;80.7;84.02;286350;0
RASP;D;20120514;000000;84;84.41;77.78;78.7;852500;0
RASP;D;20120515;000000;79.23;79.33;75.55;76.99;802720;0
RASP;D;20120516;000000;76.88;76.88;72.82;73.4;2022430;0
RASP;D;20120517;000000;73.39;74.78;67.02;68.99;1926330;0
RASP;D;20120518;000000;66;71.31;62.3;68.25;2500090;0
RASP;D;20120521;000000;69;70.82;67.6;69.25;1106930;0
RASP;D;20120522;000000;71.2;71.2;67.61;69.36;1060620;0
RASP;D;20120523;000000;68;68.53;64.81;65.16;681540;0
RASP;D;20120524;000000;65.4;67.33;58.24;65.7;755020;0
RASP;D;20120525;000000;65.8;70.4;65.17;69.73;1946230;0
RASP;D;20120528;000000;70.56;73.87;70.56;71.57;1454590;0
RASP;D;20120529;000000;72.29;75.97;71.59;74.48;1308980;0
RASP;D;20120530;000000;74.07;74.07;71.53;72.7;604310;0
RASP;D;20120531;000000;72.33;74.6;70.17;72.3;909930;0
RASP;D;20120601;000000;71.77;73.49;68.51;70.57;909740;0
RASP;D;20120604;000000;69;73.64;68.25;72.1;851700;0
RASP;D;20120605;000000;72.94;75.04;72.48;74.7;761690;0
RASP;D;20120606;000000;75.14;78;74.2;76.59;1076570;0
RASP;D;20120607;000000;77.48;77.77;74.86;76.42;911490;0
RASP;D;20120608;000000;75.65;75.65;73.38;73.62;1025510;0
RASP;D;20120609;000000;73.49;75.61;73.49;74.57;447430;0
RASP;D;20120613;000000;74.81;76.5;74;75.9;543200;0
RASP;D;20120614;000000;75.34;75.9;74.06;75.48;414990;0
RASP;D;20120615;000000;75.25;79.9;75.25;79.2;1680460;0
RASP;D;20120618;000000;80;82;78.72;81.25;1206480;0
RASP;D;20120619;000000;81.98;81.98;78.01;79.27;1777610;0
RASP;D;20120620;000000;79.19;79.27;74.69;75.22;1913720;0
RASP;D;20120621;000000;74;77.91;72.5;73.85;2875590;0
RASP;D;20120622;000000;71.5;73.09;71.01;71.89;1485240;0
RASP;D;20120625;000000;71.16;73;70.5;71.98;737860;0
RASP;D;20120626;000000;71.82;72.9;70.75;70.85;1006560;0
RASP;D;20120627;000000;71.38;71.73;70.53;71.35;837380;0
RASP;D;20120628;000000;74.66;74.66;70.06;70.34;1239970;0
RASP;D;20120629;000000;71.99;75.94;71.31;74.67;1677160;0
RASP;D;20120702;000000;74.64;76.85;73;74.72;1295280;0
RASP;D;20120703;000000;74.95;81;74.89;80.89;3363690;0
RASP;D;20120704;000000;80.9;84.9;79.55;82.17;2404650;0
RASP;D;20120705;000000;82.02;85.1;80.17;82.5;2793360;0
RASP;D;20120706;000000;81.84;83.95;80.61;82;1200090;0
RASP;D;20120709;000000;82;83;81.25;82.76;962860;0
RASP;D;20120710;000000;82.53;87.49;81.9;86.27;2913800;0
RASP;D;20120711;000000;86;88.48;85.1;85.5;1847340;0
RASP;D;20120712;000000;85;85;81.55;81.7;1887580;0
RASP;D;20120713;000000;82;84.3;82;83;696780;0
RASP;D;20120716;000000;83.34;86.3;83.1;84.74;1106360;0
RASP;D;20120717;000000;85.01;86.65;81.86;82.95;1448770;0
RASP;D;20120718;000000;82;83.6;80.1;80.3;1320140;0
RASP;D;20120719;000000;81;81.8;80.4;80.8;954970;0
RASP;D;20120720;000000;80.81;80.81;78.75;79.85;670270;0
RASP;D;20120723;000000;79.03;79.03;76.81;77.42;935770;0
RASP;D;20120724;000000;77.05;79.4;76.21;78.59;940160;0
RASP;D;20120725;000000;77.75;80.5;77;79.51;863680;0
RASP;D;20120726;000000;79.95;82.3;78.55;82;943960;0
RASP;D;20120727;000000;82.5;83.49;81.11;82.87;918880;0
RASP;D;20120730;000000;82.7;83.43;81.86;82.9;581440;0
RASP;D;20120731;000000;82.89;82.89;80.01;80.34;847960;0
RASP;D;20120801;000000;80.1;81.44;77.75;78.26;1278770;0
RASP;D;20120802;000000;78.63;80;75.55;76.89;2011050;0
RASP;D;20120803;000000;76.89;78;76.51;77.81;1113420;0
RASP;D;20120806;000000;78.6;78.85;77.13;78.17;1288130;0
RASP;D;20120807;000000;78.2;79.45;77.5;79;1541480;0
RASP;D;20120808;000000;78.11;79;76.75;77.6;1981840;0
RASP;D;20120809;000000;78.08;78.77;76.68;77.51;1369550;0
RASP;D;20120810;000000;77.12;77.3;76.25;76.94;767060;0
RASP;D;20120813;000000;77.16;78.39;76.9;77.22;999350;0
RASP;D;20120814;000000;77.33;77.86;76.8;77.34;631290;0
RASP;D;20120815;000000;76.82;76.98;75.2;76.02;885850;0
RASP;D;20120816;000000;76.54;77.34;75.75;76.49;571500;0
RASP;D;20120817;000000;77.35;77.45;76.01;76.39;330520;0
RASP;D;20120820;000000;76.5;77.84;75.78;75.99;1095550;0
RASP;D;20120821;000000;76.25;77.18;76.2;76.9;443930;0
RASP;D;20120822;000000;76.48;76.48;75.25;76.09;401790;0
RASP;D;20120823;000000;76.3;77.26;75.51;75.86;782970;0
RASP;D;20120824;000000;75.5;75.73;74.91;75.27;499770;0
RASP;D;20120827;000000;75.29;75.89;74.2;74.5;441660;0
RASP;D;20120828;000000;74.42;75.14;73;73.69;647730;0
RASP;D;20120829;000000;73.96;74;70.9;71.3;825060;0
RASP;D;20120830;000000;71.18;71.88;70.2;70.93;646590;0
RASP;D;20120831;000000;70.9;71.9;70.3;71.56;328460;0
RASP;D;20120903;000000;71.96;72.99;71.6;71.7;626780;0
RASP;D;20120904;000000;72.73;72.73;70.56;71;372080;0
RASP;D;20120905;000000;70.51;71.3;70.32;71.01;268570;0
RASP;D;20120906;000000;71.29;74.31;71.09;73.8;1090450;0
RASP;D;20120907;000000;73.98;75.65;73.98;75.06;1795330;0
RASP;D;20120910;000000;75.06;76.51;74.35;75.63;913450;0
RASP;D;20120911;000000;74.95;75.35;74.01;74.98;776450;0
RASP;D;20120912;000000;75.3;76.39;74.98;75;1101280;0
RASP;D;20120913;000000;74.91;75.22;73.36;73.95;704050;0
RASP;D;20120914;000000;75.51;82.64;75.51;81.14;4621020;0
RASP;D;20120917;000000;80.78;82.38;79.26;81.38;1800370;0
RASP;D;20120918;000000;81.59;81.59;79.77;80.63;1527170;0
RASP;D;20120919;000000;80.82;82.21;76.81;80.05;2168380;0
RASP;D;20120920;000000;79.44;80.2;77.51;80.11;775140;0
RASP;D;20120921;000000;80.5;82.48;79.12;80.61;1628890;0
RASP;D;20120924;000000;80.31;80.5;78.18;78.8;878000;0
RASP;D;20120925;000000;79;79.3;78.02;78.5;512480;0
RASP;D;20120926;000000;77.64;77.7;75;76.09;1202000;0
RASP;D;20120927;000000;76.4;83.83;75.77;83.51;4356730;0
RASP;D;20120928;000000;84.03;85.1;81.21;84.5;2828160;0
RASP;D;20121001;000000;81.45;85.38;81.45;85.12;1637100;0
RASP;D;20121002;000000;84.32;84.74;82.51;82.9;803700;0
RASP;D;20121003;000000;82.51;82.9;81.12;81.36;709720;0
RASP;D;20121004;000000;82.58;90.96;78.2;79.13;10583870;0
RASP;D;20121005;000000;80;80.93;76.35;77.54;2870070;0
RASP;D;20121008;000000;77.57;77.57;75.5;76;1402020;0
RASP;D;20121009;000000;76.1;76.86;74.03;74.03;2072950;0
RASP;D;20121010;000000;73.47;73.6;72.32;73.34;1387290;0
RASP;D;20121011;000000;73.08;74.97;73.01;74.2;1773570;0
RASP;D;20121012;000000;74.2;74.5;72.1;72.4;901940;0
RASP;D;20121015;000000;72.4;72.7;70.13;70.4;1648500;0
RASP;D;20121016;000000;73.1;73.1;68.3;70.21;2258280;0
RASP;D;20121017;000000;69.86;71.4;69.77;70.74;2541240;0
RASP;D;20121018;000000;71.23;71.71;69.54;70;2156450;0
RASP;D;20121019;000000;70.5;70.5;68.75;69;780000;0
RASP;D;20121022;000000;68.29;69.44;67.06;67.74;2765280;0
RASP;D;20121023;000000;67.96;67.96;64.81;65.3;2890990;0
RASP;D;20121024;000000;65.79;65.94;63.63;64.76;1938590;0
RASP;D;20121025;000000;65;67.05;63.3;64.02;3122300;0
RASP;D;20121026;000000;63.7;63.7;61.37;61.98;2850370;0
RASP;D;20121029;000000;57.01;62.39;57.01;60.57;3860640;0
RASP;D;20121030;000000;60.25;62.37;59.62;60.73;2376010;0
RASP;D;20121031;000000;61.3;63.2;61.25;61.67;2730880;0
RASP;D;20121101;000000;62.14;63.9;60.93;63.3;1595470;0
RASP;D;20121102;000000;64;64.83;62.61;64.59;1276740;0
RASP;D;20121106;000000;64.59;65.45;64.01;64.73;1031440;0
RASP;D;20121107;000000;65;65.33;62.28;62.5;1080980;0
RASP;D;20121108;000000;61.99;62.19;60.42;60.97;1257740;0
RASP;D;20121109;000000;60.39;61.31;59.8;60.68;588200;0
RASP;D;20121112;000000;60.85;61.7;60.53;61.53;807290;0
RASP;D;20121113;000000;60.84;60.95;59.1;59.44;994020;0
RASP;D;20121114;000000;59.47;60.04;57.5;58.48;1108750;0
RASP;D;20121115;000000;58.18;60;57.72;59.66;1188830;0
RASP;D;20121116;000000;59.52;60.5;58.62;59.8;811730;0
RASP;D;20121119;000000;60.35;61.44;60.08;61.12;1134200;0
RASP;D;20121120;000000;61.25;62.3;60.82;61.58;1267740;0
RASP;D;20121121;000000;61.25;61.99;60.5;61.44;1003270;0
RASP;D;20121122;000000;61.87;61.94;61.09;61.19;398320;0
RASP;D;20121123;000000;61.62;62.89;61.18;62.4;1076870;0
RASP;D;20121126;000000;63.24;63.24;61.62;61.87;605330;0
RASP;D;20121127;000000;62;62.86;60.51;60.97;622920;0
RASP;D;20121128;000000;60.38;60.77;59.8;60.63;534490;0
RASP;D;20121129;000000;61.32;62.52;60.5;60.86;408740;0
RASP;D;20121130;000000;60.94;62.5;60.35;61.92;1810770;0
RASP;D;20121203;000000;62;62.48;61.07;61.63;611990;0
RASP;D;20121204;000000;61.48;61.48;60.67;60.94;583760;0
RASP;D;20121205;000000;61.07;62.5;60.9;61.38;917790;0
RASP;D;20121206;000000;61.3;61.62;60.53;60.85;1038460;0
RASP;D;20121207;000000;60.6;61.15;59.9;60.44;734890;0
RASP;D;20121210;000000;60.58;60.88;60.06;60.47;536080;0
RASP;D;20121211;000000;60.47;61.29;60.14;60.99;1149310;0
RASP;D;20121212;000000;61.1;61.7;61;61.2;702030;0
RASP;D;20121213;000000;61.31;62.43;60.71;61.06;1658580;0
RASP;D;20121214;000000;60.8;62.12;60.8;61.49;747880;0
RASP;D;20121217;000000;61.99;61.99;60.88;61.19;1397580;0
RASP;D;20121218;000000;61.8;62.36;61.2;61.86;1152460;0
RASP;D;20121219;000000;62.38;62.95;61.61;61.82;1646990;0
RASP;D;20121220;000000;61.53;61.78;60.71;60.91;1124820;0
RASP;D;20121221;000000;60.73;60.9;58.6;58.89;2171650;0
RASP;D;20121224;000000;59.4;59.6;58.02;58.65;1109680;0
RASP;D;20121225;000000;58.84;59.38;58.63;58.9;518900;0
RASP;D;20121226;000000;59;59.34;58.71;59.19;315270;0
RASP;D;20121227;000000;59.76;59.76;58.17;58.29;1108660;0
RASP;D;20121228;000000;66.95;66.95;57.7;58;875560;0
RASP;D;20130108;000000;59.63;60.9;58.92;60.55;1251920;0
RASP;D;20130109;000000;60.23;61.94;60.1;61.86;1808800;0
RASP;D;20130110;000000;62;65.27;61.3;64.74;5503570;0
RASP;D;20130111;000000;65;67.55;64.85;65.7;3843550;0
RASP;D;20130114;000000;65.9;67.25;65.66;66.43;2802990;0
RASP;D;20130115;000000;67.05;69.1;66.09;68.2;7027130;0
RASP;D;20130116;000000;67.91;69.5;67.6;69.15;4074130;0
RASP;D;20130117;000000;68.88;69.9;68.81;69.29;2645600;0
RASP;D;20130118;000000;69.6;69.9;68.1;68.86;2422410;0
RASP;D;20130121;000000;68.88;69.25;68.1;68.76;1350750;0
RASP;D;20130122;000000;68.71;68.71;67.25;67.75;2214750;0
RASP;D;20130123;000000;67.54;67.95;66.5;67.21;2457040;0
RASP;D;20130124;000000;66.44;67.03;66.28;66.7;1365100;0
RASP;D;20130125;000000;66.17;66.65;65.61;66.3;1451010;0
RASP;D;20130128;000000;66.91;68.75;66.13;68.28;2728790;0
RASP;D;20130129;000000;68.71;69.12;66.5;66.71;1982150;0
RASP;D;20130130;000000;67.13;67.99;65.1;65.67;1814340;0
RASP;D;20130131;000000;65.42;66.7;64.7;65.5;1269660;0
RASP;D;20130201;000000;65.86;67.3;65.56;67.18;1678280;0
RASP;D;20130204;000000;68;68.15;66.48;67.4;1047810;0
RASP;D;20130205;000000;66.88;67.48;66.48;66.89;770000;0
RASP;D;20130206;000000;66.66;67.59;65.82;65.9;1036440;0
RASP;D;20130207;000000;65.9;66.27;64.94;65.15;784400;0
RASP;D;20130208;000000;64.76;65.74;63.81;64.38;1863850;0
RASP;D;20130211;000000;64.7;65.88;63.91;65;1009200;0
RASP;D;20130212;000000;64.53;65.25;64.11;64.3;1090080;0
RASP;D;20130213;000000;63.98;66.67;63.98;66.14;747220;0
RASP;D;20130214;000000;66.65;67.49;65;65;1998920;0
RASP;D;20130215;000000;65.13;66.2;64.35;65.84;1236890;0
RASP;D;20130218;000000;65.97;66.79;65.02;65.18;538570;0
RASP;D;20130219;000000;64.89;66.42;64.89;66.05;959090;0
RASP;D;20130220;000000;66.29;66.75;65.07;65.14;354690;0
RASP;D;20130221;000000;64.5;64.5;63;63.14;1052240;0
RASP;D;20130222;000000;63.15;64.45;63.11;63.8;582790;0
RASP;D;20130225;000000;64.05;64.8;63.5;63.9;781860;0
RASP;D;20130226;000000;63;63.44;61.47;63.3;403360;0
RASP;D;20130227;000000;63.86;64.98;63;64.16;910150;0
RASP;D;20130228;000000;64.76;64.97;63.13;63.42;452330;0
RASP;D;20130301;000000;63.53;63.67;62.3;63.05;383750;0
RASP;D;20130304;000000;63.2;63.25;61.5;62;613800;0
RASP;D;20130305;000000;62.7;64.5;62.26;63.52;402410;0
RASP;D;20130306;000000;64.16;64.4;63.26;63.63;325070;0
RASP;D;20130307;000000;64;64.84;63.36;63.9;706000;0
RASP;D;20130311;000000;64.2;65.55;64.2;64.92;587340;0
RASP;D;20130312;000000;63.25;65.2;63.25;64;399980;0
RASP;D;20130313;000000;64.31;65.07;63.53;64.98;956060;0
RASP;D;20130314;000000;64.85;67.3;64.77;66.9;1574000;0
RASP;D;20130315;000000;67.15;68.73;66.25;67.8;3035540;0
RASP;D;20130318;000000;66.55;66.95;65.02;65.66;2457590;0
RASP;D;20130319;000000;65.7;66.97;65.44;65.75;587880;0
RASP;D;20130320;000000;66.39;66.39;64.36;65.3;614450;0
RASP;D;20130321;000000;65.85;65.9;64.04;64.16;397160;0
RASP;D;20130322;000000;63.62;63.88;61.57;61.81;1703540;0
RASP;D;20130325;000000;62.5;62.92;58.17;60.19;2413930;0
RASP;D;20130326;000000;60.65;60.94;58;58.55;1730260;0
RASP;D;20130327;000000;58.97;59.68;58.6;59.1;423490;0
RASP;D;20130328;000000;58.95;60.43;58.2;59.78;789400;0
RASP;D;20130329;000000;60.25;60.37;57.61;58.47;1149240;0
RASP;D;20130401;000000;58.48;58.48;57.21;57.5;750390;0
RASP;D;20130402;000000;57.66;58.2;54.75;54.83;1473230;0
RASP;D;20130403;000000;54.55;54.97;51.41;51.44;2292960;0
RASP;D;20130404;000000;50.01;51.39;48.63;51.07;2923400;0
RASP;D;20130405;000000;50.9;51.88;48.72;49.55;1397470;0
RASP;D;20130408;000000;50.01;50.22;47.01;47.3;1167370;0
RASP;D;20130409;000000;47.77;47.97;45.12;46.32;1954300;0
RASP;D;20130410;000000;44.11;47.69;44.11;47.19;1616230;0
RASP;D;20130411;000000;47.77;48.37;44.41;44.62;1816970;0
RASP;D;20130412;000000;44.5;44.5;41.31;42.22;2288630;0
RASP;D;20130415;000000;42.02;42.19;38.21;40.27;2320210;0
RASP;D;20130416;000000;39.26;42.37;39.26;41.97;1044650;0
RASP;D;20130417;000000;41.83;42.45;40.01;40.63;632620;0
RASP;D;20130418;000000;40.11;41.41;40.1;40.33;527050;0
RASP;D;20130419;000000;40.37;41.28;40.31;40.65;667920;0
RASP;D;20130422;000000;41.03;41.6;39.12;39.86;538980;0
RASP;D;20130423;000000;39.86;42.11;39.07;41.74;855900;0
RASP;D;20130424;000000;42;44.87;41.84;44.61;2126250;0
RASP;D;20130425;000000;44.7;47.49;44.61;45.48;1067360;0
RASP;D;20130426;000000;45.45;46;43.7;44.4;836180;0
RASP;D;20130429;000000;44.33;46.1;42.66;46.1;610740;0
RASP;D;20130430;000000;45.95;47.15;45;45.57;1164610;0
RASP;D;20130502;000000;45.43;46.89;44.64;46.03;425310;0
RASP;D;20130503;000000;46.09;47.62;46.09;46.39;464100;0
RASP;D;20130506;000000;46.51;47.49;46.2;46.53;519680;0
RASP;D;20130507;000000;47;47;45.67;46.14;739890;0
RASP;D;20130508;000000;46.17;46.34;44.5;45.14;764730;0
RASP;D;20130510;000000;45.12;45.99;45.08;45.59;306560;0
RASP;D;20130513;000000;45.69;45.99;43.5;43.77;1452410;0
RASP;D;20130514;000000;43.44;44.25;42.71;43.11;1936550;0
RASP;D;20130515;000000;43.41;43.43;40.68;40.7;1378530;0
RASP;D;20130516;000000;40.95;41.4;38.82;40;1905290;0
RASP;D;20130517;000000;40.05;41.4;39.58;40.8;866070;0
RASP;D;20130520;000000;41.05;42.2;40.18;40.65;779210;0
RASP;D;20130521;000000;40.24;41.75;40.16;41.01;1347930;0
RASP;D;20130522;000000;41.38;42.19;40.82;41.3;2322080;0
RASP;D;20130523;000000;40.7;40.71;38.8;39.53;1663750;0
RASP;D;20130524;000000;39.95;39.99;39.12;39.85;680140;0
RASP;D;20130527;000000;40;40.7;39.81;40.04;622730;0
RASP;D;20130528;000000;40.12;40.67;39.94;40.38;867500;0
RASP;D;20130529;000000;40.4;40.4;38.8;38.99;1330230;0
RASP;D;20130530;000000;38.75;38.83;37.55;37.75;1726370;0
RASP;D;20130531;000000;37.78;38.1;36.31;37.01;1431800;0
RASP;D;20130603;000000;36;36.68;35.74;36.14;902410;0
RASP;D;20130604;000000;36.5;37.19;35.54;35.54;1376710;0
RASP;D;20130605;000000;35.56;35.56;33.86;34;1692760;0
RASP;D;20130606;000000;33.31;34.23;33.03;33.88;1040370;0
RASP;D;20130607;000000;36.75;36.75;34;35.35;885090;0
RASP;D;20130610;000000;35.94;36.52;33.7;35.16;1981910;0
RASP;D;20130611;000000;35;35.97;33.63;33.9;1467800;0
RASP;D;20130613;000000;33.18;34.41;32.27;34.27;1152070;0
RASP;D;20130614;000000;34.95;35;33.8;34.14;1032750;0
RASP;D;20130617;000000;34.15;35.48;34;34.27;1487790;0
RASP;D;20130618;000000;34.26;34.45;33.49;34.34;2101000;0
RASP;D;20130619;000000;34.82;34.82;33.37;33.57;1342010;0
RASP;D;20130620;000000;32.79;33.4;32.29;32.6;1416120;0
RASP;D;20130621;000000;32.27;33.4;32.27;32.65;1007980;0
RASP;D;20130624;000000;32.55;32.95;32.06;32.35;981980;0
RASP;D;20130625;000000;32.07;33.08;31.77;32.05;2569210;0
RASP;D;20130626;000000;32.05;32.23;31.8;31.94;1202710;0
RASP;D;20130627;000000;32.33;32.42;30.38;30.69;2709030;0
RASP;D;20130628;000000;30.95;31.05;30.2;30.6;1823290;0
RASP;D;20130701;000000;30.62;30.87;30.3;30.72;949460;0
RASP;D;20130702;000000;30.71;32.3;30.52;31.86;2441260;0
RASP;D;20130703;000000;31.68;32.17;31.42;31.62;1567610;0
RASP;D;20130704;000000;31.83;33.23;31.61;32.89;2653150;0
RASP;D;20130705;000000;32.97;36.07;32.8;34.53;6216080;0
RASP;D;20130708;000000;34.5;36.3;34.42;36.13;3617800;0
RASP;D;20130709;000000;36.33;36.79;35.01;35.4;2885750;0
RASP;D;20130710;000000;35.03;35.44;34.05;34.12;1474680;0
RASP;D;20130711;000000;34.59;35.33;34.51;34.73;2468060;0
RASP;D;20130712;000000;34.87;34.87;33.85;34.29;2068400;0
RASP;D;20130715;000000;33.88;34.69;33.75;33.99;1297550;0
RASP;D;20130716;000000;33.66;34.12;33.35;33.75;1501080;0
RASP;D;20130717;000000;33.65;35.35;33.64;35.14;2336080;0
RASP;D;20130718;000000;34.9;35.78;34.07;34.62;2263300;0
RASP;D;20130719;000000;34.51;34.92;34.1;34.45;1502370;0
RASP;D;20130722;000000;34.6;34.79;33.59;33.7;1464230;0
RASP;D;20130723;000000;33.93;34.61;33.22;33.37;2100610;0
RASP;D;20130724;000000;33.55;34.05;32.52;32.7;2127610;0
RASP;D;20130725;000000;32.81;32.87;31.88;31.92;1745400;0
RASP;D;20130726;000000;32.32;32.4;31.9;32.16;841120;0
RASP;D;20130729;000000;35.65;35.65;32.06;32.57;1262270;0
RASP;D;20130730;000000;32.89;33.25;32.46;32.7;1746210;0
RASP;D;20130731;000000;32.8;32.88;31.96;32.03;1634690;0
RASP;D;20130801;000000;32.15;32.92;32.05;32.84;1698440;0
RASP;D;20130802;000000;32.97;33.15;32.26;32.37;829150;0
RASP;D;20130805;000000;32.53;32.79;31.56;32.13;1396220;0
RASP;D;20130806;000000;32.1;32.1;31.2;31.26;849850;0
RASP;D;20130807;000000;30.98;31.5;30.82;31.19;706290;0
RASP;D;20130808;000000;31.32;31.6;31.07;31.24;503110;0
RASP;D;20130809;000000;31.45;32.23;31.22;32.01;1838030;0
RASP;D;20130812;000000;32.15;32.87;31.51;32.18;1898470;0
RASP;D;20130813;000000;32.65;32.89;32.29;32.31;2295400;0
RASP;D;20130814;000000;32.45;32.7;31.82;31.9;2081610;0
RASP;D;20130815;000000;31.81;32.1;31.16;31.26;1439800;0
RASP;D;20130816;000000;31.2;31.75;31.05;31.15;1435660;0
RASP;D;20130819;000000;31.16;31.27;30.37;30.92;1287720;0
RASP;D;20130820;000000;30.61;30.87;30.36;30.6;1157790;0
RASP;D;20130821;000000;30.65;30.81;30.01;30.17;1092000;0
RASP;D;20130822;000000;30.18;30.5;29.52;30.5;2253640;0
RASP;D;20130823;000000;34.63;34.63;30.35;31.3;5893650;0
RASP;D;20130826;000000;31.4;31.88;30.48;31.05;1434250;0
RASP;D;20130827;000000;31;31;30.15;30.37;1323520;0
RASP;D;20130828;000000;30.37;30.37;29.87;30.2;874320;0
RASP;D;20130829;000000;30.25;30.67;30.02;30.21;650950;0
RASP;D;20130830;000000;30.22;30.34;28.9;29;1311130;0
RASP;D;20130902;000000;28.76;29.67;28.37;28.81;896390;0
RASP;D;20130903;000000;29.62;29.62;28.61;29.24;1011730;0
RASP;D;20130904;000000;29.02;29.19;28.81;28.96;302070;0
RASP;D;20130905;000000;29.2;29.71;28.91;29.65;1289560;0
RASP;D;20130906;000000;29.86;29.95;29.15;29.21;1336750;0
RASP;D;20130909;000000;29.41;29.82;29.35;29.47;1173760;0
RASP;D;20130910;000000;29.65;32.2;29.38;32.19;7214180;0
RASP;D;20130911;000000;32.25;33.87;31.64;32.18;5093470;0
RASP;D;20130912;000000;32.1;33.24;32;32.53;2834310;0
RASP;D;20130913;000000;32.32;32.7;31.53;31.83;1718520;0
RASP;D;20130916;000000;32.1;32.5;32;32.28;1295580;0
RASP;D;20130917;000000;32.1;32.1;31.7;31.95;861070;0
RASP;D;20130918;000000;32.03;33.68;31.6;32.86;3313520;0
RASP;D;20130919;000000;34.01;34.5;32.86;33.18;2643100;0
RASP;D;20130920;000000;33.04;33.22;32.3;32.53;1526710;0
RASP;D;20130923;000000;32.2;32.9;32.19;32.42;1721480;0
RASP;D;20130924;000000;32.49;33.33;32.16;33;1342840;0
RASP;D;20130925;000000;33.15;33.77;32.82;33.44;1794140;0
RASP;D;20130926;000000;33.51;33.77;32.68;33.14;1349990;0
RASP;D;20130927;000000;32.91;33.31;32.07;32.18;1139060;0
RASP;D;20130930;000000;31.9;31.95;30.89;31.15;1809630;0
RASP;D;20131001;000000;31.81;31.81;30.61;31.15;1087480;0
RASP;D;20131002;000000;31;31.79;30.91;31.4;1760830;0
RASP;D;20131003;000000;31.51;31.85;31.3;31.57;758290;0
RASP;D;20131004;000000;31.36;31.99;31.11;31.89;1427860;0
RASP;D;20131007;000000;31.79;31.83;31.34;31.6;452880;0
RASP;D;20131008;000000;31.59;32.49;31.54;32.48;1537190;0
RASP;D;20131009;000000;32.52;32.52;31.95;32.07;1015750;0
RASP;D;20131010;000000;31.71;32.38;31.6;31.96;1497450;0
RASP;D;20131011;000000;32.09;32.47;31.7;31.72;685900;0
RASP;D;20131014;000000;31.69;32.27;31.51;31.82;1077030;0
RASP;D;20131015;000000;32.09;32.38;31.95;32.29;1367630;0
RASP;D;20131016;000000;32.08;32.34;31.75;32.2;1093920;0
RASP;D;20131017;000000;32.31;32.31;31.8;31.89;1426390;0
RASP;D;20131018;000000;32.01;32.14;31.9;31.99;598200;0
RASP;D;20131021;000000;32.01;32.3;31.85;32;690530;0
RASP;D;20131022;000000;31.93;32.09;31.84;31.86;617160;0
RASP;D;20131023;000000;31.75;32;31.16;31.25;1580660;0
RASP;D;20131024;000000;31.12;31.33;30.81;31.07;911880;0
RASP;D;20131025;000000;31.7;31.7;30.64;30.78;837030;0
RASP;D;20131028;000000;30.71;31.11;30.71;31.04;397330;0
RASP;D;20131029;000000;31.76;31.76;30.59;30.9;950490;0
RASP;D;20131030;000000;30.78;31.11;30.7;30.88;602900;0
RASP;D;20131031;000000;31.43;31.43;30.35;30.67;526590;0
RASP;D;20131101;000000;30.53;30.94;30.36;30.49;469520;0
RASP;D;20131105;000000;30.6;30.88;30.41;30.49;695060;0
RASP;D;20131106;000000;30.6;30.66;30.31;30.47;292680;0
RASP;D;20131107;000000;30.44;30.86;30.27;30.49;862580;0
RASP;D;20131108;000000;30.35;30.39;29.63;29.82;1405790;0
RASP;D;20131111;000000;30.03;30.03;29.49;29.5;648310;0
RASP;D;20131112;000000;30.38;30.38;28.8;29.06;2378700;0
RASP;D;20131113;000000;28.95;28.95;24.5;26.49;3501100;0
RASP;D;20131114;000000;26.81;27.83;26.53;27.3;2892350;0
RASP;D;20131115;000000;27.7;28.13;27.31;27.62;1641690;0
RASP;D;20131118;000000;27.79;28.12;27.63;27.83;1544950;0
RASP;D;20131119;000000;27.75;27.77;27.38;27.6;691260;0
RASP;D;20131120;000000;28.35;28.35;26.67;27.35;1571210;0
RASP;D;20131121;000000;27.03;27.2;26.67;26.78;986860;0
RASP;D;20131122;000000;27;27;26.71;26.78;686030;0
RASP;D;20131125;000000;27;27;25.75;26.34;1237640;0
RASP;D;20131126;000000;27.99;27.99;25.76;25.9;1339660;0
RASP;D;20131127;000000;26.83;26.83;25.1;25.28;2108570;0
RASP;D;20131128;000000;25.48;25.48;24.72;25.08;1793150;0
RASP;D;20131129;000000;25.05;27.88;24.87;26.74;3064190;0
RASP;D;20131202;000000;26.95;27.29;26.02;26.1;1569770;0
RASP;D;20131203;000000;26.03;26.03;25.21;25.25;2356180;0
RASP;D;20131204;000000;25.23;27;24.2;25.6;2910280;0
RASP;D;20131205;000000;26.2;26.41;25.46;25.93;2757300;0
RASP;D;20131206;000000;25.63;27.34;25.63;26.97;3444650;0
RASP;D;20131209;000000;27.1;27.64;26.85;27.24;1811890;0
RASP;D;20131210;000000;26.29;28.37;26.29;27.9;3878850;0
RASP;D;20131211;000000;27.81;28.3;27.27;27.45;1660790;0
RASP;D;20131212;000000;27;27.37;26.6;26.75;1835850;0
RASP;D;20131213;000000;26.73;27.01;26.71;26.88;708970;0
RASP;D;20131216;000000;26.74;27.41;26.66;27.4;1106000;0
RASP;D;20131217;000000;27.4;28.06;27.4;27.47;1481280;0
RASP;D;20131218;000000;27.5;27.75;27.16;27.64;1279070;0
RASP;D;20131219;000000;28;28.29;27.7;27.75;1725010;0
RASP;D;20131220;000000;28.08;28.08;27.38;27.61;1151870;0
RASP;D;20131223;000000;27.81;28.27;27.5;27.96;1938740;0
RASP;D;20131224;000000;27.99;29.75;27.99;29.62;5569140;0
RASP;D;20131225;000000;29.76;32.2;29.3;31.11;12211440;0
RASP;D;20131226;000000;30.41;32.73;30.41;32.19;10434930;0
RASP;D;20131227;000000;32.32;32.9;30.75;30.94;6900530;0
RASP;D;20131230;000000;30.75;31.09;29.6;30.13;4005460;0
RASP;D;20140106;000000;30.52;31.8;29.7;30.33;3859740;0
RASP;D;20140108;000000;30.95;30.98;29.93;30.06;2783470;0
RASP;D;20140109;000000;30.17;30.7;29.79;30;1732570;0
RASP;D;20140110;000000;30.26;30.74;29.87;30.3;2313780;0
RASP;D;20140113;000000;30.36;30.72;30.21;30.46;1105990;0
RASP;D;20140114;000000;30.4;31.93;29.98;31.73;4252820;0
RASP;D;20140115;000000;32;32.44;31.84;31.9;2898120;0
RASP;D;20140116;000000;31.22;32.18;31.22;31.32;2244110;0
RASP;D;20140117;000000;31.18;31.95;31.1;31.39;1979020;0
RASP;D;20140120;000000;31.39;31.78;31.21;31.38;1717490;0
RASP;D;20140121;000000;31.55;31.66;31.17;31.34;1193230;0
RASP;D;20140122;000000;31.34;31.55;31.07;31.27;940780;0
RASP;D;20140123;000000;31.19;32.15;31.15;31.86;2316210;0
RASP;D;20140124;000000;31.5;31.98;31.21;31.39;1266040;0
RASP;D;20140127;000000;31.02;31.69;30.51;31.27;2173840;0
RASP;D;20140128;000000;30.68;31.86;30.68;31.17;976160;0
RASP;D;20140129;000000;31.34;31.84;30.82;30.94;1379590;0
RASP;D;20140130;000000;30.75;31.19;29.71;30.35;1963050;0
RASP;D;20140131;000000;30.51;30.55;29.74;30;1562330;0
RASP;D;20140203;000000;29.9;31;29.9;30.39;1767870;0
RASP;D;20140204;000000;30.21;30.51;29.57;30.36;1514060;0
RASP;D;20140205;000000;30.57;30.91;30.31;30.52;1168600;0
RASP;D;20140206;000000;30.55;30.97;30.5;30.56;914320;0
RASP;D;20140207;000000;30.79;31.99;30.7;31.94;3104290;0
RASP;D;20140210;000000;32.2;32.2;31.52;31.62;1604540;0
RASP;D;20140211;000000;31.46;32.09;31.19;31.23;1889920;0
RASP;D;20140212;000000;31.72;31.74;31.17;31.31;1447280;0
RASP;D;20140213;000000;31.16;31.28;30.41;30.46;1429900;0
RASP;D;20140214;000000;31.15;31.15;30.56;30.89;1240550;0
RASP;D;20140217;000000;31.11;31.39;30.92;31.24;1186430;0
RASP;D;20140218;000000;30.86;31.48;29.27;29.81;3283460;0
RASP;D;20140219;000000;30;30.4;28.87;29;3518000;0
RASP;D;20140220;000000;28.88;29.96;27.86;29.67;4126600;0
RASP;D;20140221;000000;29.79;30.2;29.13;29.3;1553400;0
RASP;D;20140224;000000;29.98;29.98;29.08;29.29;735340;0
RASP;D;20140225;000000;29.54;29.88;28.59;28.88;1437370;0
RASP;D;20140226;000000;29;29.14;28.22;28.51;1212610;0
RASP;D;20140227;000000;28.55;28.62;26.57;27;4953790;0
RASP;D;20140228;000000;26.89;27.3;24.28;24.87;12542340;0
RASP;D;20140303;000000;23.06;23.5;18.7;19.61;13447970;0
RASP;D;20140304;000000;20;20.98;20;20.66;7699990;0
RASP;D;20140305;000000;20.7;21.4;19.8;20.52;6540200;0
RASP;D;20140306;000000;20.61;20.97;19.5;20.35;7955100;0
RASP;D;20140307;000000;20.35;21.14;20.22;20.51;2740810;0
RASP;D;20140311;000000;20.6;20.62;19;19.18;3663280;0
RASP;D;20140312;000000;19;19.08;18.05;18.15;5765490;0
RASP;D;20140313;000000;18.3;18.68;17.31;17.51;4077960;0
RASP;D;20140314;000000;17;17;15.63;16.5;7107380;0
RASP;D;20140317;000000;16.47;18.82;16.47;18.8;5649110;0
RASP;D;20140318;000000;19.64;20.49;18.5;20.18;7828780;0
RASP;D;20140319;000000;20.26;20.75;19.21;19.56;7098520;0
RASP;D;20140320;000000;19.2;19.5;18.81;19;5158170;0
RASP;D;20140321;000000;18.24;18.86;17.9;18.22;9011490;0
RASP;D;20140324;000000;18.16;20.39;18.16;19.42;6822000;0
RASP;D;20140325;000000;19.41;20.7;19.13;20.08;8260150;0
RASP;D;20140326;000000;20.22;21.4;20.22;20.63;6364210;0
RASP;D;20140327;000000;20.53;20.75;19.39;19.61;5404450;0
RASP;D;20140328;000000;19.75;19.9;19.25;19.45;2357160;0
RASP;D;20140331;000000;19.38;20.29;19.3;20.21;1989320;0
RASP;D;20140401;000000;20.31;20.42;19.84;20.02;1796100;0
RASP;D;20140402;000000;20.09;20.09;19.54;19.7;1801890;0
RASP;D;20140403;000000;19.75;19.93;19.41;19.44;1102940;0
RASP;D;20140404;000000;19.5;19.98;19.5;19.97;1837460;0
RASP;D;20140407;000000;19.99;20.04;18.73;19.08;2829820;0
RASP;D;20140408;000000;19.03;19.17;18.6;19.05;1725420;0
RASP;D;20140409;000000;19.05;19.39;18.9;19.11;1470260;0
RASP;D;20140410;000000;19.22;19.5;19.18;19.35;1223920;0
RASP;D;20140411;000000;19.2;19.39;18.61;19.11;1478010;0
RASP;D;20140414;000000;18.98;19.2;18.71;19.14;1213020;0
RASP;D;20140415;000000;18.99;19.49;18.11;18.22;2125140;0
RASP;D;20140416;000000;18.25;18.65;18.1;18.63;2190580;0
RASP;D;20140417;000000;18.66;18.98;18.36;18.69;1789170;0
RASP;D;20140418;000000;19.02;19.34;18.8;18.88;1450340;0
RASP;D;20140421;000000;19.29;19.29;18.52;18.74;971360;0
RASP;D;20140422;000000;18.8;18.83;18.4;18.58;669910;0
RASP;D;20140423;000000;18.49;18.61;18.25;18.34;808060;0
RASP;D;20140424;000000;18.5;18.5;17.56;17.76;2555160;0
RASP;D;20140425;000000;17.84;17.84;17.15;17.18;1469250;0
RASP;D;20140428;000000;17.05;17.91;16.55;17.72;2597950;0
RASP;D;20140429;000000;17.9;18.17;17.57;17.66;1200640;0
RASP;D;20140430;000000;17.84;17.84;17.23;17.35;1059940;0
RASP;D;20140502;000000;17.25;17.39;16.85;17.1;704220;0
RASP;D;20140505;000000;16.9;18.32;16.89;18.06;3237820;0
RASP;D;20140506;000000;18.33;18.77;18.04;18.5;2667990;0
RASP;D;20140507;000000;18.29;19.11;18.22;18.81;2556460;0
RASP;D;20140508;000000;17.88;19.3;17.88;18.71;1760690;0
RASP;D;20140512;000000;18.7;19.05;18.44;18.94;1520000;0
RASP;D;20140513;000000;19.05;19.85;18.84;19.5;2222480;0
RASP;D;20140514;000000;19.75;19.84;19.15;19.67;1315930;0
RASP;D;20140515;000000;19.6;20.8;19.44;19.47;3548370;0
RASP;D;20140516;000000;19.31;19.91;19.04;19.49;2152140;0
RASP;D;20140519;000000;19.6;20.19;19.53;19.94;1506390;0
RASP;D;20140520;000000;19.99;20.21;19.53;19.93;1416250;0
RASP;D;20140521;000000;19.9;20.2;19.67;19.9;893180;0
RASP;D;20140522;000000;19.97;20.17;19.83;19.9;829680;0
RASP;D;20140523;000000;20.06;21.2;19.84;20.88;3169510;0
RASP;D;20140526;000000;20.74;23.42;20.7;23;6465290;0
RASP;D;20140527;000000;23.03;23.79;22.35;22.4;6650650;0
RASP;D;20140528;000000;22.47;22.96;21.86;22.49;2710060;0
RASP;D;20140529;000000;22.5;22.91;22.16;22.55;2373510;0
RASP;D;20140530;000000;22.58;22.97;21;21;3903630;0
RASP;D;20140602;000000;21.06;22.05;21.06;21.65;2235390;0
RASP;D;20140603;000000;21.65;21.96;21.42;21.8;1297710;0
RASP;D;20140604;000000;21.83;21.94;21.42;21.75;1066870;0
RASP;D;20140605;000000;21.77;21.85;21.11;21.24;1333540;0
RASP;D;20140606;000000;21.31;21.55;20.6;21.29;1675160;0
RASP;D;20140609;000000;21.35;21.75;20.91;20.98;1838580;0
RASP;D;20140610;000000;20.99;21.2;20.71;20.93;834270;0
RASP;D;20140611;000000;20.94;21.17;20.61;20.83;1105020;0
RASP;D;20140616;000000;20.1;20.7;20.04;20.41;1518880;0
RASP;D;20140617;000000;20.32;20.85;20.1;20.15;1653990;0
RASP;D;20140618;000000;20.22;20.61;20.18;20.45;837000;0
RASP;D;20140619;000000;20.66;21.29;20.28;20.3;2637120;0
RASP;D;20140620;000000;20.4;20.56;20.02;20.1;1370390;0
RASP;D;20140623;000000;20.11;20.37;19.7;19.93;2015530;0
RASP;D;20140624;000000;20;20.38;19.97;20.16;2412110;0
RASP;D;20140625;000000;20.02;20.2;19.5;19.7;1571540;0
RASP;D;20140626;000000;19.8;20;19.63;19.65;1325680;0
RASP;D;20140627;000000;19.7;19.97;19.6;19.7;1185980;0
RASP;D;20140630;000000;19.79;19.85;19.6;19.62;768510;0
RASP;D;20140701;000000;19.7;19.72;19.26;19.4;1617900;0
RASP;D;20140702;000000;19.5;19.52;18.89;19;4338200;0
RASP;D;20140703;000000;19.42;19.42;19;19.02;1566260;0
RASP;D;20140704;000000;19.13;20.58;19.05;19.8;6675640;0
RASP;D;20140707;000000;19.8;20.42;19.71;20.13;2420580;0
RASP;D;20140708;000000;20;20.33;19.74;19.78;2005690;0
RASP;D;20140709;000000;19.58;19.95;19.41;19.45;1374580;0
RASP;D;20140710;000000;19.5;19.62;18.77;19.1;2499310;0
RASP;D;20140711;000000;19.59;19.59;18.75;18.93;1650750;0
RASP;D;20140714;000000;19.8;19.8;18.92;19.03;1230590;0
RASP;D;20140715;000000;19.05;19.6;18.92;19.3;1734590;0
RASP;D;20140716;000000;19.35;19.56;19.11;19.2;1309710;0
RASP;D;20140717;000000;19.08;19.08;18.66;18.92;1433880;0
RASP;D;20140718;000000;18.71;20.15;18.1;19.91;4068410;0
RASP;D;20140721;000000;20.97;20.97;18.4;18.63;3864630;0
RASP;D;20140722;000000;18.73;19.03;18.53;18.74;2356960;0
RASP;D;20140723;000000;18.76;18.86;18.15;18.35;2780430;0
RASP;D;20140724;000000;18.13;19.17;17.85;18.96;3610790;0
RASP;D;20140725;000000;18.8;19.07;18.36;18.44;1525920;0
RASP;D;20140728;000000;18.17;18.26;17.57;17.87;2264620;0
RASP;D;20140729;000000;17.87;18.17;17.68;18.03;1235180;0
RASP;D;20140730;000000;18.02;18.47;17.78;18.24;1074880;0
RASP;D;20140731;000000;18.2;18.45;17.97;18.04;1068320;0
RASP;D;20140801;000000;18.02;18.02;17.52;17.88;1576780;0
RASP;D;20140804;000000;17.84;18.2;17.8;17.93;1073910;0
RASP;D;20140805;000000;18;18.13;17.58;17.65;766570;0
RASP;D;20140806;000000;17.51;17.58;17.1;17.22;1757800;0
RASP;D;20140807;000000;17.68;17.68;16.59;16.98;1718520;0
RASP;D;20140808;000000;16.84;17.78;16.77;17.73;2470580;0
RASP;D;20140811;000000;17.8;18.25;17.8;18.2;1086000;0
RASP;D;20140812;000000;16.55;19.68;16.55;18.2;6923260;0
RASP;D;20140813;000000;18.21;18.75;17.99;18.52;1855540;0
RASP;D;20140814;000000;18.51;18.71;18.31;18.52;787820;0
RASP;D;20140815;000000;18.55;18.8;18.26;18.6;1615600;0
RASP;D;20140818;000000;17.26;18.95;17.26;18.43;933960;0
RASP;D;20140819;000000;18.56;18.84;18.44;18.65;881390;0
RASP;D;20140820;000000;18.72;19.3;18.58;19.06;2414630;0
RASP;D;20140821;000000;19.07;19.57;19.01;19.02;3168890;0
RASP;D;20140822;000000;19.04;19.15;18.65;18.84;1527610;0
RASP;D;20140825;000000;18.89;19.49;18.8;19.18;1284700;0
RASP;D;20140826;000000;19.27;19.3;18.72;18.9;1889890;0
RASP;D;20140827;000000;19.44;19.44;18.81;18.83;415230;0
RASP;D;20140828;000000;18.64;18.85;18.28;18.45;1245830;0
RASP;D;20140829;000000;18.48;18.7;18.24;18.32;737370;0
RASP;D;20140901;000000;18.57;18.58;18;18.15;965190;0
RASP;D;20140902;000000;18.19;18.39;17.74;18.3;1400620;0
RASP;D;20140903;000000;18.25;18.94;18.25;18.93;1496670;0
RASP;D;20140904;000000;18.94;19.12;18.55;18.85;1085490;0
RASP;D;20140905;000000;18.41;19.22;18.41;19;1331780;0
RASP;D;20140908;000000;18.99;19.07;18.75;18.85;888710;0
RASP;D;20140909;000000;18.82;19.25;18.79;19.01;924100;0
RASP;D;20140910;000000;18.99;19.15;18.79;18.89;553050;0
RASP;D;20140911;000000;18.94;19.07;18.34;18.34;1740580;0
RASP;D;20140912;000000;18.34;18.63;18.08;18.52;1026020;0
RASP;D;20140915;000000;18.65;18.73;18.24;18.36;562330;0
RASP;D;20140916;000000;18.4;18.68;18.32;18.56;908260;0
RASP;D;20140917;000000;18.66;18.66;17.62;18.1;2969090;0
RASP;D;20140918;000000;18.1;18.63;18.1;18.24;1027760;0
RASP;D;20140919;000000;18.3;18.31;17.9;18.25;1129780;0
RASP;D;20140922;000000;18.2;18.28;18.07;18.12;423450;0
RASP;D;20140923;000000;18.15;18.3;17.72;17.9;915080;0
RASP;D;20140924;000000;18.05;18.13;17.05;17.33;4183510;0
RASP;D;20140925;000000;17.36;17.91;17.06;17.4;2079450;0
RASP;D;20140926;000000;17.3;17.6;17.14;17.32;741870;0
RASP;D;20140929;000000;17.39;17.41;16.95;17.01;1287000;0
RASP;D;20140930;000000;17.12;18;16.96;17.41;3065720;0
RASP;D;20141001;000000;17.4;17.49;17.09;17.3;1050910;0
RASP;D;20141002;000000;17.2;17.41;17.05;17.15;604500;0
RASP;D;20141003;000000;17.05;17.27;16.89;16.91;1450110;0
RASP;D;20141006;000000;16.97;17.24;16.96;17.1;1083050;0
RASP;D;20141007;000000;17.09;17.16;16.88;16.98;644660;0
RASP;D;20141008;000000;16.98;17;16.72;16.95;602740;0
RASP;D;20141009;000000;17.01;17.19;16.79;16.88;908140;0
RASP;D;20141010;000000;16.75;16.8;16.28;16.39;1505520;0
RASP;D;20141013;000000;16.4;16.59;16.07;16.18;2546800;0
RASP;D;20141014;000000;16.17;16.4;16.11;16.25;720200;0
RASP;D;20141015;000000;16.25;16.32;15.8;16;1579610;0
RASP;D;20141016;000000;16;16.11;15.47;15.61;1910120;0
RASP;D;20141017;000000;15.71;15.98;15.62;15.95;1348000;0
RASP;D;20141020;000000;15.94;16.55;15.91;16.08;1441000;0
RASP;D;20141021;000000;16.09;16.17;15.88;16.1;558330;0
RASP;D;20141022;000000;16.54;16.54;16;16.12;524700;0
RASP;D;20141023;000000;16.12;16.12;15.7;15.84;839050;0
RASP;D;20141024;000000;15.51;15.8;15.43;15.63;602800;0
RASP;D;20141027;000000;15.81;16.07;15.81;15.94;767210;0
RASP;D;20141028;000000;16;16.43;15.92;16.17;1117760;0
RASP;D;20141029;000000;16.19;17.71;16.19;17.71;3418300;0
RASP;D;20141030;000000;18;18.22;17;17.38;3266640;0
RASP;D;20141031;000000;17.81;17.94;17.27;17.4;1507030;0
RASP;D;20141103;000000;17.4;18.17;17.1;17.9;1537650;0
RASP;D;20141105;000000;17.71;19.09;17.52;18.96;4217230;0
RASP;D;20141106;000000;19.24;19.77;18.75;18.84;4016940;0
RASP;D;20141107;000000;18.83;18.97;18.21;18.94;3201520;0
RASP;D;20141110;000000;19;19.49;18.97;19.23;1438560;0
RASP;D;20141111;000000;19.3;19.35;18.75;18.87;1498020;0
RASP;D;20141112;000000;18.99;19.2;18.61;19.1;1577770;0
RASP;D;20141113;000000;19.1;19.75;18.65;18.8;2673320;0
RASP;D;20141114;000000;18.6;18.94;18.35;18.52;1488720;0
RASP;D;20141117;000000;18.61;18.88;18.07;18.49;1547220;0
RASP;D;20141118;000000;18.56;19.78;18.33;19.78;2322830;0
RASP;D;20141119;000000;19.86;21.95;19.62;21.79;4955510;0
RASP;D;20141120;000000;21.97;22.69;20.63;21.35;4799760;0
RASP;D;20141121;000000;21.48;23.98;21.26;23.85;4892890;0
RASP;D;20141124;000000;23.8;25.86;23.41;25.06;8251400;0
RASP;D;20141125;000000;25.04;25.64;24.25;25.06;3745490;0
RASP;D;20141126;000000;24.91;26.49;24.37;26.4;3717460;0
RASP;D;20141127;000000;26.4;27.28;26.02;26.14;4841600;0
RASP;D;20141128;000000;26;26.28;25.01;25.98;2714840;0
RASP;D;20141201;000000;25.94;26.78;25.3;26.07;3473850;0
RASP;D;20141202;000000;26.18;27;25.71;26.24;2613800;0
RASP;D;20141203;000000;26.27;27.22;26.1;27.01;2300380;0
RASP;D;20141204;000000;27.05;29;27.05;27.99;5006950;0
RASP;D;20141205;000000;27.99;28.75;25;25.01;4686750;0
RASP;D;20141208;000000;25.32;26.8;22.82;24.33;6209500;0
RASP;D;20141209;000000;24;24;22.24;23.14;4301910;0
RASP;D;20141210;000000;23.4;25.05;23.4;24.06;3141410;0
RASP;D;20141211;000000;23.6;24.88;22.85;23.38;2243680;0
RASP;D;20141212;000000;23.23;23.75;22;22.5;2331470;0
RASP;D;20141215;000000;22.54;23.58;20.03;21.4;2925370;0
RASP;D;20141216;000000;21.79;22;17.19;19.76;6759150;0
RASP;D;20141217;000000;20.22;23.47;18.5;23.46;3419450;0
RASP;D;20141218;000000;23.5;24.68;22.12;22.49;4431410;0
RASP;D;20141219;000000;22.91;26.79;21.58;25.49;6980010;0
RASP;D;20141222;000000;26;26;23.6;24.01;2117850;0
RASP;D;20141223;000000;23.88;25;23.3;23.8;1412220;0
RASP;D;20141224;000000;23.78;24.76;22.56;23.77;1243940;0
RASP;D;20141225;000000;23.76;24.47;22.8;24.05;1460790;0
RASP;D;20141226;000000;24.05;24.99;23.72;24.54;785310;0
RASP;D;20141229;000000;24.75;24.92;23.82;24.3;760360;0
RASP;D;20141230;000000;23.92;23.92;22.72;23;826040;0
RASP;D;20150105;000000;23;23.32;21.98;23.15;776230;0
RASP;D;20150106;000000;22.94;23.87;22.67;23.43;520620;0
RASP;D;20150108;000000;23.4;24.37;23.4;24.25;708740;0
RASP;D;20150109;000000;24.1;24.88;23.12;23.8;596580;0
RASP;D;20150112;000000;23.08;23.88;23.08;23.22;340190;0
RASP;D;20150113;000000;23.23;23.45;22.32;23.29;891670;0
RASP;D;20150114;000000;23.3;23.95;22.92;23.32;585930;0
RASP;D;20150115;000000;23.58;25.4;23.46;24.8;2042850;0
RASP;D;20150116;000000;24.91;25.93;24.62;24.67;2373830;0
RASP;D;20150119;000000;24.55;26.74;24.55;26.17;2676310;0
RASP;D;20150120;000000;26.21;27.3;26.21;26.52;2695700;0
RASP;D;20150121;000000;26.8;28;26.26;27.68;2618130;0
RASP;D;20150122;000000;27.68;29.79;27.68;29.29;4288020;0
RASP;D;20150123;000000;29.5;30.15;27.6;28.14;3196960;0
RASP;D;20150126;000000;27.56;27.85;26.4;27.65;2355230;0
RASP;D;20150127;000000;26.44;29.05;25.13;28.73;3781850;0
RASP;D;20150128;000000;29;31;29;30.2;5611800;0
RASP;D;20150129;000000;30.09;31.8;29.53;29.72;4225950;0
RASP;D;20150130;000000;30;30.65;29;30.07;1885230;0
RASP;D;20150202;000000;31;31.98;29.81;29.94;3082540;0
RASP;D;20150203;000000;30.1;31.3;28.75;30.1;2654280;0
RASP;D;20150204;000000;30.39;31.53;29.55;31.05;1375900;0
RASP;D;20150205;000000;30.89;31.87;29.7;31.85;2896140;0
RASP;D;20150206;000000;31.9;32.6;30.9;31.92;3067590;0
RASP;D;20150209;000000;31.79;32.54;30.4;31.68;3333530;0
RASP;D;20150210;000000;31.66;32.09;31.07;32.01;1384560;0
RASP;D;20150211;000000;32.55;32.55;31.5;31.7;1071560;0
RASP;D;20150212;000000;32.01;32.23;30.15;31.29;2873220;0
RASP;D;20150213;000000;31.5;32.12;31.1;31.7;1207370;0
RASP;D;20150216;000000;31.7;37.77;31.16;36.15;9929010;0
RASP;D;20150217;000000;36.92;39.9;36.26;37.77;8926250;0
RASP;D;20150218;000000;37.93;39.38;37.1;37.94;2450770;0
RASP;D;20150219;000000;37.86;42.2;37.37;38.6;6480270;0
RASP;D;20150220;000000;39.08;41.5;39;40.83;4903050;0
RASP;D;20150224;000000;39.51;41;38.13;40.27;2960490;0
RASP;D;20150225;000000;40.36;41.31;39.3;39.77;1935390;0
RASP;D;20150226;000000;40.49;45.01;39.77;45.01;7814170;0
RASP;D;20150227;000000;45;48;43.48;44.8;8784200;0
RASP;D;20150302;000000;43.41;49.39;43.41;48.86;5563060;0
RASP;D;20150303;000000;48.83;51.9;48.83;50.95;8285930;0
RASP;D;20150304;000000;51.46;52.88;47.62;48.09;6368450;0
RASP;D;20150305;000000;48.15;49.77;45.6;49;10597690;0
RASP;D;20150306;000000;49.15;51.45;44.79;47.18;5252340;0
RASP;D;20150310;000000;46.5;46.7;41.28;42.31;5985090;0
RASP;D;20150311;000000;42.36;47.43;40.14;46.01;8022320;0
RASP;D;20150312;000000;46.53;48.35;45;45.18;3507930;0
RASP;D;20150313;000000;45.22;45.8;42.3;42.78;2699570;0
RASP;D;20150316;000000;42.78;44.3;42;43.07;2291950;0
RASP;D;20150317;000000;43.08;44.98;42.53;43.93;1446860;0
RASP;D;20150318;000000;44.03;44.88;43.71;44.14;1298690;0
RASP;D;20150319;000000;44.85;45.43;42.56;43.3;1270510;0
RASP;D;20150320;000000;43.41;43.51;40.37;42;3809830;0
RASP;D;20150323;000000;42;42.34;40.22;41;1406150;0
RASP;D;20150324;000000;41.11;41.11;38.65;39.5;2541150;0
RASP;D;20150325;000000;39.88;42.14;39.5;41.4;2378400;0
RASP;D;20150326;000000;41.95;41.95;39.5;39.66;1312810;0
RASP;D;20150327;000000;39.57;40.78;37.36;37.96;2891600;0
RASP;D;20150330;000000;37.79;41.94;37.6;41.93;2892530;0
RASP;D;20150331;000000;42;42.86;40.27;41.93;2994710;0
RASP;D;20150401;000000;41.95;42.75;40.94;42.47;1413270;0
RASP;D;20150402;000000;42.5;44.63;42.42;43.33;2689740;0
RASP;D;20150403;000000;43.78;44.19;41.73;42.05;1390020;0
RASP;D;20150406;000000;42.5;43;41.02;42.11;1252180;0
RASP;D;20150407;000000;42.2;42.99;41.11;41.37;1036810;0
RASP;D;20150408;000000;41.47;41.99;40;41.05;1833220;0
RASP;D;20150409;000000;41.14;41.24;39.27;39.42;1384340;0
RASP;D;20150410;000000;39.46;40.4;38.6;39.06;1353820;0
RASP;D;20150413;000000;39.2;41;39.2;39.77;1899350;0
RASP;D;20150414;000000;39.86;40.82;39.2;39.44;1346690;0
RASP;D;20150415;000000;41.23;41.23;39;39.25;1374630;0
RASP;D;20150416;000000;39.01;39.99;38.3;38.5;1074020;0
RASP;D;20150417;000000;38.53;39.4;38.18;38.79;843960;0
RASP;D;20150420;000000;38.87;39.62;38.05;38.75;1684270;0
RASP;D;20150421;000000;38.89;39.35;38.5;38.81;803410;0
RASP;D;20150422;000000;38.75;39.09;37.01;37.72;1742450;0
RASP;D;20150423;000000;37.76;38.1;36.43;36.84;1258060;0
RASP;D;20150424;000000;35.78;38.15;35.55;37.49;1334280;0
RASP;D;20150427;000000;37.49;38.78;36.63;37.36;1194030;0
RASP;D;20150428;000000;37.59;38.11;36.54;36.8;970410;0
RASP;D;20150429;000000;37.78;37.78;36.65;37.04;565430;0
RASP;D;20150430;000000;37.13;37.42;36.43;36.75;577950;0
RASP;D;20150505;000000;36.79;38.23;36.23;37.41;1084460;0
RASP;D;20150506;000000;37.42;37.58;36.55;36.67;579290;0
RASP;D;20150507;000000;36.68;37;36.5;36.62;479850;0
RASP;D;20150508;000000;36.65;36.78;36.2;36.67;386630;0
RASP;D;20150512;000000;36.67;37.15;35.84;35.92;566730;0
RASP;D;20150513;000000;35.97;36.23;35.05;35.21;783600;0
RASP;D;20150514;000000;35.14;35.78;34.41;34.7;1201410;0
RASP;D;20150515;000000;38.59;38.59;34.62;37.32;1873480;0
RASP;D;20150518;000000;37.32;37.6;35.83;35.95;1124380;0
RASP;D;20150519;000000;35.95;37;35.25;36.65;963720;0
RASP;D;20150520;000000;36.65;37;35.5;35.99;663570;0
RASP;D;20150521;000000;36.18;38.95;36.18;38.5;2758300;0
RASP;D;20150522;000000;39.25;39.25;37.53;38.58;1254450;0
RASP;D;20150525;000000;38.59;39.99;38.05;38.33;1816970;0
RASP;D;20150526;000000;38.42;39.24;37.02;37.05;1204750;0
RASP;D;20150527;000000;37.03;37.96;36.5;37.2;1414500;0
RASP;D;20150528;000000;37.26;38.34;37.1;38.34;578800;0
RASP;D;20150529;000000;38.33;38.9;37.91;37.98;1165240;0
RASP;D;20150601;000000;37.57;38.5;37.18;37.52;761130;0
RASP;D;20150602;000000;37.52;37.9;36.51;36.86;791410;0
RASP;D;20150603;000000;37.15;37.4;35.5;35.65;1260350;0
RASP;D;20150604;000000;35.81;36.57;34.92;36.08;2241220;0
RASP;D;20150605;000000;36.14;37.29;35.86;36.46;1702110;0
RASP;D;20150608;000000;36.89;37.46;36.5;36.6;1818630;0
RASP;D;20150609;000000;36.6;36.6;35.95;36.19;570460;0
RASP;D;20150610;000000;36.5;37.23;35.82;36.39;1603730;0
RASP;D;20150611;000000;36.43;36.86;35.94;36.25;402680;0
RASP;D;20150615;000000;36.02;36.45;35.54;36.33;717280;0
RASP;D;20150616;000000;36.4;36.71;35.91;36.19;466470;0
RASP;D;20150617;000000;36.19;36.48;35.95;36.09;498680;0
RASP;D;20150618;000000;36.02;36.87;36;36.63;1089560;0
RASP;D;20150619;000000;36.8;37.4;36.26;36.68;874910;0
RASP;D;20150622;000000;36.57;37.2;36.11;37.1;324980;0
RASP;D;20150623;000000;37.11;37.98;36.9;36.99;1125950;0
RASP;D;20150624;000000;37.06;37.77;36.53;36.83;814920;0
RASP;D;20150625;000000;36.83;36.99;35.57;35.99;551760;0
RASP;D;20150626;000000;36.23;36.36;35.6;36.1;353260;0
RASP;D;20150629;000000;35.9;36.15;35.3;35.46;677710;0
RASP;D;20150630;000000;35.4;35.82;35.29;35.68;285690;0
RASP;D;20150701;000000;35.6;36.06;35.4;35.78;580780;0
RASP;D;20150702;000000;35.78;35.9;35.34;35.53;264600;0
RASP;D;20150703;000000;35.69;35.71;35.2;35.5;326370;0
RASP;D;20150706;000000;35.6;35.69;34.7;34.8;764760;0
RASP;D;20150707;000000;35;35.18;34.84;34.89;278680;0
RASP;D;20150708;000000;34.8;34.87;32.15;33.19;2469230;0
RASP;D;20150709;000000;33.31;33.97;33.31;33.43;534640;0
RASP;D;20150710;000000;33.88;34.43;33.49;33.52;1054120;0
RASP;D;20150713;000000;33.45;34.04;32.8;33.4;1154060;0
RASP;D;20150714;000000;33.33;34.5;33.24;34.37;1119680;0
RASP;D;20150715;000000;34.06;37.5;33.5;37.4;2273090;0
RASP;D;20150716;000000;37.59;38.45;36.86;37.71;2152370;0
RASP;D;20150717;000000;37.8;38.29;36.53;36.53;1719880;0
RASP;D;20150720;000000;36.7;37.05;35.7;36.43;1497060;0
RASP;D;20150721;000000;36.43;36.85;36;36.35;483610;0
RASP;D;20150722;000000;36.31;36.38;35.43;35.62;691050;0
RASP;D;20150723;000000;35.62;36;35.05;35.05;680000;0
RASP;D;20150724;000000;35.1;35.48;34.22;34.63;935080;0
RASP;D;20150727;000000;34.68;36.79;34.41;35.55;1286950;0
RASP;D;20150728;000000;36;36.77;35.47;35.85;1170700;0
RASP;D;20150729;000000;35.9;36.02;35.51;35.75;332650;0
RASP;D;20150730;000000;35.56;36.53;35.56;36.17;336370;0
RASP;D;20150731;000000;36.1;36.62;35.77;36.3;461900;0
RASP;D;20150803;000000;36.03;37.8;36.03;36.95;956190;0
RASP;D;20150804;000000;36.97;39;36.97;39;2040950;0
RASP;D;20150805;000000;38.98;39.81;38.5;38.6;1979040;0
RASP;D;20150806;000000;38.87;39.23;37.9;38.05;1072660;0
RASP;D;20150807;000000;38.05;39.13;37.78;38.17;1082390;0
RASP;D;20150810;000000;38.1;39.41;38.03;39.3;1103500;0
RASP;D;20150811;000000;39.36;40.4;39.02;40.02;2075200;0
RASP;D;20150812;000000;39.99;40.37;39.24;39.45;798530;0
RASP;D;20150813;000000;39.85;40.1;38.85;39.7;924750;0
RASP;D;20150814;000000;39.88;39.91;39.12;39.39;472560;0
RASP;D;20150817;000000;39.93;39.94;38.21;38.8;897100;0
RASP;D;20150818;000000;39.06;39.18;37.74;38.01;1095270;0
RASP;D;20150819;000000;38;38.18;36.94;37.28;1278250;0
RASP;D;20150820;000000;37.31;39.1;37.14;39.08;1561740;0
RASP;D;20150821;000000;38.88;40.01;38;38.1;1551620;0
RASP;D;20150824;000000;37.07;37.39;34.56;36.09;2663020;0
RASP;D;20150825;000000;36.4;37.89;36.37;37.27;1353040;0
RASP;D;20150826;000000;37.4;37.75;36.5;37.34;850380;0
RASP;D;20150827;000000;37.69;38.75;37.61;38.67;878900;0
RASP;D;20150828;000000;39.5;39.5;38.15;38.5;1021930;0
RASP;D;20150831;000000;38.29;39.65;38.15;39.42;837470;0
RASP;D;20150901;000000;39.42;39.9;38.23;38.8;1152620;0
RASP;D;20150902;000000;38.66;39.88;38.05;39.79;810570;0
RASP;D;20150903;000000;39.7;42.52;39.56;42.42;3988690;0
RASP;D;20150904;000000;42.39;42.39;40.34;40.97;3103400;0
RASP;D;20150907;000000;40.97;41.4;39.84;40.81;2253810;0
RASP;D;20150908;000000;40.81;42.19;40.81;41.87;1034670;0
RASP;D;20150909;000000;42.2;42.39;41.5;41.79;908450;0
RASP;D;20150910;000000;41.78;41.86;40.65;41;1357600;0
RASP;D;20150911;000000;41;41.19;40.26;40.29;996670;0
RASP;D;20150914;000000;40.5;40.91;40.13;40.33;406160;0
RASP;D;20150915;000000;40.58;41;39.85;40.11;1050400;0
RASP;D;20150916;000000;40.22;40.5;39.22;40.34;1610520;0
RASP;D;20150917;000000;40.41;41.51;40.27;40.8;1779530;0
RASP;D;20150918;000000;41;41.23;38.33;38.33;1597120;0
RASP;D;20150921;000000;39;39.5;38.9;39.05;1461570;0
RASP;D;20150922;000000;39.29;39.49;38.07;38.09;1298890;0
RASP;D;20150923;000000;38.15;38.36;36.4;36.98;1835820;0
RASP;D;20150924;000000;36.98;38.4;35.3;37.75;3148880;0
RASP;D;20150925;000000;37.95;38.62;36.82;37.6;988440;0
RASP;D;20150928;000000;37.71;37.96;36.36;36.73;620770;0
RASP;D;20150929;000000;36.83;37.25;36.41;36.72;448960;0
RASP;D;20150930;000000;36.99;37.61;36.81;37.03;512200;0
RASP;D;20151001;000000;37.35;38.02;36.52;36.7;621390;0
RASP;D;20151002;000000;36.6;37.27;36;36.15;748140;0
RASP;D;20151005;000000;36.5;37.15;36.5;36.87;554140;0
RASP;D;20151006;000000;36.95;38;36.9;37.61;1524440;0
RASP;D;20151007;000000;37.27;37.83;37.2;37.52;396770;0
RASP;D;20151008;000000;37.54;37.57;36.75;36.98;477510;0
RASP;D;20151009;000000;37.11;37.64;36.98;37.46;392010;0
RASP;D;20151012;000000;37.2;40.19;37.2;40.15;2682830;0
RASP;D;20151013;000000;40.15;40.38;37.7;38;1804620;0
RASP;D;20151014;000000;38;38.8;37.31;38.48;2009950;0
RASP;D;20151015;000000;38.78;39.33;38.11;38.21;1204570;0
RASP;D;20151016;000000;38.68;38.68;37.4;37.4;676700;0
RASP;D;20151019;000000;37.5;37.69;36.52;36.52;1063040;0
RASP;D;20151020;000000;36.8;37.66;36.38;37.21;1453690;0
RASP;D;20151021;000000;37.2;37.34;36.76;37.19;528540;0
RASP;D;20151022;000000;37.25;37.74;36.92;36.94;515270;0
RASP;D;20151023;000000;37.49;37.6;36.91;37.09;434070;0
RASP;D;20151026;000000;37.1;37.12;36.49;36.92;710450;0
RASP;D;20151027;000000;36.88;38.2;36.5;38.06;967170;0
RASP;D;20151028;000000;38.21;38.46;37.35;37.57;586950;0
RASP;D;20151029;000000;37.95;38.09;37.25;37.53;426080;0
RASP;D;20151030;000000;37.9;38.39;37.27;37.74;853680;0
RASP;D;20151102;000000;37.88;37.88;37.18;37.79;771800;0
RASP;D;20151103;000000;37.79;38.19;36.9;37.25;1020680;0
RASP;D;20151105;000000;37.3;37.98;37;37.02;993730;0
RASP;D;20151106;000000;37.05;37.67;37.05;37.07;385130;0
RASP;D;20151109;000000;37.41;37.48;36.69;36.77;401800;0
RASP;D;20151110;000000;37;37.23;36.4;36.98;688110;0
RASP;D;20151111;000000;36.89;37.12;36.6;36.6;425240;0
RASP;D;20151112;000000;36.65;36.89;36.25;36.41;500490;0
RASP;D;20151113;000000;36.36;36.81;35.56;35.8;727690;0
RASP;D;20151116;000000;35.8;36.45;35.6;36.13;419170;0
RASP;D;20151117;000000;36.13;37.22;35.81;36.85;791340;0
RASP;D;20151118;000000;37.22;37.28;36.38;36.95;776070;0
RASP;D;20151119;000000;36.74;37.8;36.11;36.17;1467740;0
RASP;D;20151120;000000;36.29;36.39;35.71;36.07;749890;0
RASP;D;20151123;000000;36.04;36.52;35.83;35.91;770350;0
RASP;D;20151124;000000;36;36.19;34.22;34.69;2739430;0
RASP;D;20151125;000000;34.9;35.24;34.05;34.75;1324440;0
RASP;D;20151126;000000;35;35.66;34.14;34.23;1894030;0
RASP;D;20151127;000000;34.39;34.39;33.59;33.73;770180;0
RASP;D;20151130;000000;33.6;34.63;33.36;34.03;952860;0
RASP;D;20151201;000000;34.05;34.79;33.34;33.69;856710;0
RASP;D;20151202;000000;33.73;34.26;33.4;33.44;838980;0
RASP;D;20151203;000000;33.44;33.91;33;33.26;995710;0
RASP;D;20151204;000000;33.2;33.5;33.01;33.39;560540;0
RASP;D;20151207;000000;33.46;33.78;33.01;33.01;481040;0
RASP;D;20151208;000000;33.02;33.11;31.13;31.16;2448620;0
RASP;D;20151209;000000;31.25;31.74;30.84;30.93;1398270;0
RASP;D;20151210;000000;31;31.59;30.5;31.5;1551140;0
RASP;D;20151211;000000;31.3;32.45;31.2;32.3;933680;0
RASP;D;20151214;000000;32.3;32.5;31.05;32.16;1493660;0
RASP;D;20151215;000000;32.17;32.71;31.96;32.5;983490;0
RASP;D;20151216;000000;32.5;33.09;31.89;31.93;986980;0
RASP;D;20151217;000000;31.85;32.7;30.84;31.06;2543250;0
RASP;D;20151218;000000;31;31.38;29.8;30.44;3543560;0
RASP;D;20151221;000000;30.5;30.59;29.2;29.3;1803930;0
RASP;D;20151222;000000;29.48;29.83;29.25;29.28;858990;0
RASP;D;20151223;000000;29.34;29.49;29.04;29.06;843730;0
RASP;D;20151224;000000;29.16;29.98;29.01;29.88;2421520;0
RASP;D;20151225;000000;29.93;31.38;29.93;30.76;3167860;0
RASP;D;20151228;000000;30.83;31.22;29.73;29.97;2457930;0
RASP;D;20151229;000000;29.9;30.3;29.9;30.05;738620;0
RASP;D;20151230;000000;30.06;30.29;29.93;29.97;975900;0
RASP;D;20160104;000000;29.99;30.23;29.52;29.8;488170;0
RASP;D;20160105;000000;29.56;29.92;29.25;29.42;781520;0
RASP;D;20160106;000000;29.5;30.33;29.32;29.67;1757490;0
RASP;D;20160111;000000;29;29.4;28.5;28.8;1164760;0
RASP;D;20160112;000000;28.69;28.72;27.71;27.94;2171330;0
RASP;D;20160113;000000;28.29;28.48;27.64;27.65;2486010;0
RASP;D;20160114;000000;27.12;27.58;25.8;26.21;4980550;0
RASP;D;20160115;000000;26.39;26.45;24.61;25.47;4615140;0
RASP;D;20160118;000000;25;26.41;24.3;25.36;2100210;0
RASP;D;20160119;000000;25.52;26.13;25.01;25.12;2444370;0
RASP;D;20160120;000000;24.99;25.4;24.23;25.33;1500040;0
RASP;D;20160121;000000;25.49;25.88;25.03;25.42;2980040;0
RASP;D;20160122;000000;25.9;26.52;25.75;26.11;3107490;0
RASP;D;20160125;000000;26.99;26.99;25.77;25.78;3238790;0
RASP;D;20160126;000000;25.6;25.99;25.13;25.81;3357340;0
RASP;D;20160127;000000;25.97;26.12;25.73;25.74;2511980;0
RASP;D;20160128;000000;25.98;26.81;25.4;25.45;3579790;0
RASP;D;20160129;000000;25.79;25.8;25;25.16;2674820;0
RASP;D;20160201;000000;25.17;25.82;25.17;25.25;1840970;0
RASP;D;20160202;000000;25.07;25.5;25.07;25.32;1255560;0
RASP;D;20160203;000000;25.25;26.28;25.25;25.7;2668250;0
RASP;D;20160204;000000;26.46;26.46;25.79;26.16;2004880;0
RASP;D;20160205;000000;26.35;27.34;26.16;27.1;4284520;0
RASP;D;20160208;000000;27.37;27.81;26.8;27.2;4855350;0
RASP;D;20160209;000000;27.15;27.36;25.5;25.85;7364000;0
RASP;D;20160210;000000;25.61;25.86;25.27;25.55;3012990;0
RASP;D;20160211;000000;25.55;25.57;24.62;24.94;3180820;0
RASP;D;20160212;000000;25.1;25.26;24.85;24.9;2945220;0
RASP;D;20160215;000000;25.18;25.37;24.9;25;1860290;0
RASP;D;20160216;000000;25.2;25.41;24.95;25.12;1578510;0
RASP;D;20160217;000000;25;25.79;24.99;25.47;2480800;0
RASP;D;20160218;000000;25.44;25.98;25.26;25.85;1902900;0
RASP;D;20160219;000000;25.8;25.8;25.32;25.46;984210;0
RASP;D;20160220;000000;25.59;25.59;25.31;25.5;264770;0
RASP;D;20160222;000000;25.59;25.82;25.41;25.49;558300;0
RASP;D;20160224;000000;25.44;25.45;25;25.23;1840200;0
RASP;D;20160225;000000;25.17;25.39;25.05;25.12;1481480;0
RASP;D;20160226;000000;25.32;25.35;24.91;25;2648240;0
RASP;D;20160229;000000;25.06;25.3;24.72;24.98;1835330;0
RASP;D;20160301;000000;25.16;25.65;25.05;25.48;3150560;0
RASP;D;20160302;000000;25.59;25.64;25.13;25.18;2504230;0
RASP;D;20160303;000000;25.22;25.48;25.05;25.06;2237590;0
RASP;D;20160304;000000;25.26;25.44;24.95;25.29;3270970;0
RASP;D;20160307;000000;25.37;25.5;25.2;25.39;1994130;0
RASP;D;20160309;000000;25.42;25.42;25.24;25.3;1776080;0
RASP;D;20160310;000000;25.25;25.35;25.03;25.06;2611890;0
RASP;D;20160311;000000;25.08;25.7;25.08;25.47;2983590;0
RASP;D;20160314;000000;25.61;25.61;25.18;25.47;2640470;0
RASP;D;20160315;000000;25.47;25.88;25.35;25.6;3816500;0
RASP;D;20160316;000000;25.72;25.72;25.25;25.37;2046280;0
RASP;D;20160317;000000;25.55;25.55;25.22;25.28;2268640;0
RASP;D;20160318;000000;25.39;25.45;25.08;25.16;2419260;0
RASP;D;20160321;000000;25.39;25.42;25.16;25.3;1525160;0
RASP;D;20160322;000000;25.35;25.36;25.1;25.16;1062800;0
RASP;D;20160323;000000;25.12;25.4;25.12;25.27;1448920;0
RASP;D;20160324;000000;25.2;25.7;25.11;25.22;3483860;0
RASP;D;20160325;000000;25.29;25.35;25.13;25.2;1013190;0
RASP;D;20160328;000000;25.35;25.38;25.12;25.21;886770;0
RASP;D;20160329;000000;25.25;25.34;25;25.11;1625650;0
RASP;D;20160330;000000;25.24;25.24;25.06;25.1;1056740;0
RASP;D;20160331;000000;25.08;25.12;24.5;24.7;3313650;0
RASP;D;20160401;000000;24.74;24.74;23.32;23.6;5151360;0
RASP;D;20160404;000000;23.78;24.33;23.6;23.88;1840970;0
RASP;D;20160405;000000;23.86;23.92;23.4;23.7;1438580;0
RASP;D;20160406;000000;23.79;23.87;23.55;23.7;1195810;0
RASP;D;20160407;000000;23.8;23.81;23.48;23.51;685020;0
RASP;D;20160408;000000;23.53;24.58;23.03;24.01;2292290;0
RASP;D;20160411;000000;24.01;24.98;24.01;24.85;3295810;0
RASP;D;20160412;000000;24.95;27.28;24.95;27.2;11676430;0
RASP;D;20160413;000000;27.3;28.34;26.6;27.12;7854740;0
RASP;D;20160414;000000;26.9;27.43;25.73;26.43;5055710;0
RASP;D;20160415;000000;26.56;28.25;25.84;27.97;8087980;0
RASP;D;20160418;000000;27.79;29.7;27.3;29.56;9196700;0
RASP;D;20160419;000000;29.7;29.84;28.33;28.49;4671490;0
RASP;D;20160420;000000;28.4;29.69;28.03;28.85;3770320;0
RASP;D;20160421;000000;28.97;29.46;28.12;28.25;3167320;0
RASP;D;20160422;000000;28.3;28.6;27.75;28.12;2318490;0
RASP;D;20160425;000000;28.1;29.61;27.97;28.94;2911680;0
RASP;D;20160426;000000;29.15;29.37;28.1;28.35;2313590;0
RASP;D;20160427;000000;28.35;29.36;28.35;29.25;3821450;0
RASP;D;20160428;000000;29.09;30.93;29.09;30.7;5916240;0
RASP;D;20160429;000000;30.7;31;29.72;29.93;3201930;0
RASP;D;20160504;000000;29.5;30.79;29.08;29.6;1924480;0
RASP;D;20160505;000000;30;30;29.17;29.25;1085170;0
RASP;D;20160506;000000;29.2;29.58;28.65;28.8;1182530;0
RASP;D;20160510;000000;28.56;28.94;27.2;27.37;3338980;0
RASP;D;20160511;000000;27.4;27.61;26.71;27.36;1891260;0
RASP;D;20160512;000000;27.46;27.9;26.9;26.96;1469600;0
RASP;D;20160513;000000;27.2;27.2;26.18;26.33;3072680;0
RASP;D;20160516;000000;26.35;26.75;25.99;26.48;1686040;0
RASP;D;20160517;000000;26.51;26.91;26.18;26.44;1018300;0
RASP;D;20160518;000000;26.37;26.88;26.2;26.55;748620;0
RASP;D;20160519;000000;26.48;27.72;26.4;27.49;2218000;0
RASP;D;20160520;000000;27.43;27.8;26.25;27.39;1558780;0
RASP;D;20160523;000000;27.32;28.3;26.71;28.25;2457010;0
RASP;D;20160524;000000;28.18;28.94;28.01;28.26;2588410;0
RASP;D;20160525;000000;28.05;28.79;28.05;28.25;997080;0
RASP;D;20160526;000000;28.32;28.69;27.12;27.64;1597350;0
RASP;D;20160527;000000;27.57;27.77;27.05;27.32;1031700;0
RASP;D;20160530;000000;27.14;27.72;27.1;27.35;717310;0
RASP;D;20160531;000000;27.26;27.69;27.05;27.09;619870;0
RASP;D;20160601;000000;26.95;27.07;26.3;26.41;1802280;0
RASP;D;20160602;000000;26.35;26.76;26.04;26.3;732700;0
RASP;D;20160603;000000;26.24;26.86;26.1;26.24;882890;0
RASP;D;20160606;000000;26.35;26.87;26.03;26.49;759060;0
RASP;D;20160607;000000;26.5;26.7;26.27;26.32;608300;0
RASP;D;20160608;000000;26.32;26.68;26.14;26.38;671140;0
RASP;D;20160609;000000;26.4;26.45;25.28;25.6;1320080;0
RASP;D;20160610;000000;25.48;25.53;24.9;25.16;897300;0
RASP;D;20160614;000000;25.12;25.36;24.98;25.31;690100;0
RASP;D;20160615;000000;25.22;25.47;25.08;25.25;357260;0
RASP;D;20160616;000000;25.02;25.4;24.5;24.7;878340;0
RASP;D;20160617;000000;24.88;25;24.45;24.82;980620;0
RASP;D;20160620;000000;24.74;24.85;24.31;24.4;632790;0
RASP;D;20160621;000000;24.35;26.59;24.28;26.42;3230080;0
RASP;D;20160622;000000;26.42;27.64;26.03;26.5;3369400;0
RASP;D;20160623;000000;26.36;28.2;26.36;27.5;3306940;0
RASP;D;20160624;000000;26.45;27.58;25.33;27.35;2834910;0
RASP;D;20160627;000000;27.41;28.37;26.5;26.64;1585200;0
RASP;D;20160628;000000;26.98;27.77;26.13;27.45;1720730;0
RASP;D;20160629;000000;27.57;28.16;27.14;27.54;1272380;0
RASP;D;20160630;000000;27.33;28.51;26.99;28.49;1935490;0
RASP;D;20160701;000000;28.3;29.67;28.04;29.4;3108110;0
RASP;D;20160704;000000;29.2;30.48;28.62;30.22;2606330;0
RASP;D;20160705;000000;30.17;30.2;28.72;28.79;1794240;0
RASP;D;20160706;000000;28.6;29.11;28.16;28.22;1173210;0
RASP;D;20160707;000000;28.22;28.83;27.61;27.76;1441940;0
RASP;D;20160708;000000;27.6;28;26.92;27.33;1168130;0
RASP;D;20160711;000000;27.5;28.86;27.47;28.78;1688050;0
RASP;D;20160712;000000;28.6;29.84;28.25;28.5;2923200;0
RASP;D;20160713;000000;28.81;29.45;27.9;28.56;1927630;0
RASP;D;20160714;000000;28.6;29.97;28.2;28.45;1224320;0
RASP;D;20160715;000000;28.44;28.97;27.65;28.1;1665730;0
RASP;D;20160718;000000;28.11;29.25;28.11;28.75;1287750;0
RASP;D;20160719;000000;28.54;29.69;28.54;29.48;1771610;0
RASP;D;20160720;000000;29.48;29.7;28.95;29.49;1336440;0
RASP;D;20160721;000000;29.5;29.95;29.31;29.62;1135630;0
RASP;D;20160722;000000;29.34;29.91;29.1;29.1;922960;0
RASP;D;20160725;000000;29.37;29.74;28.74;28.95;1243580;0
RASP;D;20160726;000000;29;29.4;28.45;29.29;1459240;0
RASP;D;20160727;000000;29.49;33.87;29.44;33.7;15282870;0
RASP;D;20160728;000000;34;34.75;32.62;33.59;8553160;0
RASP;D;20160729;000000;33.51;34.23;32.54;33.15;3119790;0
RASP;D;20160801;000000;33.29;34.48;33.18;34.05;3342990;0
RASP;D;20160802;000000;33.87;35.47;32.74;33.2;6041390;0
RASP;D;20160803;000000;33.3;34;33;33.99;2611630;0
RASP;D;20160804;000000;34;35.6;33.55;35.34;3188400;0
RASP;D;20160805;000000;35.6;35.82;34.7;35.13;2070060;0
RASP;D;20160808;000000;35.41;35.45;34.21;34.58;1877940;0
RASP;D;20160809;000000;34.79;34.88;33.96;34.22;1743520;0
RASP;D;20160810;000000;34.23;35.53;34.15;34.33;2482610;0
RASP;D;20160811;000000;34.3;34.79;34.06;34.55;1272840;0
RASP;D;20160812;000000;34.6;36.4;34.53;35.78;5118770;0
RASP;D;20160815;000000;35.87;36.67;35.8;36.19;2553210;0
RASP;D;20160816;000000;36.3;36.97;35.64;35.83;3132150;0
RASP;D;20160817;000000;35.63;36.92;35.41;36.4;3320310;0
RASP;D;20160818;000000;36.4;37.78;36.08;37.72;4380600;0
RASP;D;20160819;000000;37.78;39.29;37.3;39.04;4479930;0
RASP;D;20160822;000000;38.76;40.87;38.76;39.97;4864300;0
RASP;D;20160823;000000;39.63;40.6;39.15;40.15;2545090;0
RASP;D;20160824;000000;40.01;41.43;39.86;41.25;3656220;0
RASP;D;20160825;000000;41.31;41.94;41.03;41.13;3047890;0
RASP;D;20160826;000000;41.2;41.21;38.62;39;5136240;0
RASP;D;20160829;000000;39.2;40.16;38.72;39.15;4162360;0
RASP;D;20160830;000000;39.22;42.42;39.2;39.95;3776890;0
RASP;D;20160831;000000;39.75;40.33;39.65;39.91;1787280;0
RASP;D;20160901;000000;39.91;40.39;39.63;39.72;1426970;0
RASP;D;20160902;000000;39.87;39.87;38;38.88;2994560;0
RASP;D;20160905;000000;38.8;39.8;38.4;39.11;2260830;0
RASP;D;20160906;000000;38.87;40.96;38.85;40.6;4924490;0
RASP;D;20160907;000000;40.98;43.46;40.74;42.99;6044090;0
RASP;D;20160908;000000;43.33;46.37;42.55;45.61;8177180;0
RASP;D;20160909;000000;45.61;48.69;45.51;46;11148740;0
RASP;D;20160912;000000;45.87;48.5;44.45;47.4;9198550;0
RASP;D;20160913;000000;47.73;48;46.14;46.48;3162200;0
RASP;D;20160914;000000;46.99;48.44;46.47;47.98;6981030;0
RASP;D;20160915;000000;48.27;49.33;47.12;48.14;6422270;0
RASP;D;20160916;000000;48.49;48.99;46.89;46.89;3137790;0
RASP;D;20160919;000000;47.2;58.4;46.8;50.65;10463380;0
RASP;D;20160920;000000;50.19;51.06;49.16;50.04;4523760;0
RASP;D;20160921;000000;50.2;50.59;49.6;50;2185750;0
RASP;D;20160922;000000;50.31;54.16;50.29;53.99;10541310;0
RASP;D;20160923;000000;54.09;56.13;52.91;55.97;9586080;0
RASP;D;20160926;000000;55.83;59.75;55.83;59.6;11060710;0
RASP;D;20160927;000000;59.9;60.9;54.71;55.54;15842180;0
RASP;D;20160928;000000;55.59;57.5;52.52;56.89;14528670;0
RASP;D;20160929;000000;57.57;58.58;54.6;55.85;5872650;0
RASP;D;20160930;000000;55.24;55.87;53.55;54.08;3794250;0
RASP;D;20161003;000000;54.6;56.29;53.1;55.81;4679740;0
RASP;D;20161004;000000;55.99;57.28;55.51;56.55;4569850;0
RASP;D;20161005;000000;56.52;56.78;54.01;54.29;6170050;0
RASP;D;20161006;000000;54.4;56.13;53.65;55.1;3110770;0
RASP;D;20161007;000000;55.45;55.78;54.11;54.39;2461480;0
RASP;D;20161010;000000;54.1;55.88;54.03;54.87;2887360;0
RASP;D;20161011;000000;54.88;57.9;54.71;57.78;7732820;0
RASP;D;20161012;000000;58.2;59.56;57.16;57.64;6934850;0
RASP;D;20161013;000000;57.6;58.26;56.22;57.15;3860950;0
RASP;D;20161014;000000;57.15;57.76;55.75;56.86;1944220;0
RASP;D;20161017;000000;57.12;59.7;56.96;59.7;4882680;0
RASP;D;20161018;000000;59.95;62.33;58.67;62.16;8364020;0
RASP;D;20161019;000000;62.16;64.19;61.32;62.08;9123680;0
RASP;D;20161020;000000;62.08;62.98;60.28;61.11;8021090;0
RASP;D;20161021;000000;61;62.96;60.67;62.44;6712680;0
RASP;D;20161024;000000;63.48;68.41;61.13;68.41;15107450;0
RASP;D;20161025;000000;68.83;71.4;65;67.15;15941180;0
RASP;D;20161026;000000;67.84;68;64.56;67.53;6005190;0
RASP;D;20161027;000000;68.15;69.09;67.4;68.1;5139670;0
RASP;D;20161028;000000;68.14;69.69;66.81;68.5;2633980;0
RASP;D;20161031;000000;68.49;69.68;68.02;69.05;2676560;0
RASP;D;20161101;000000;69.14;73.5;68.74;72.99;8924690;0
RASP;D;20161102;000000;72.24;73.79;71.04;71.04;6557230;0
RASP;D;20161103;000000;70.11;70.77;66.61;68.44;7475940;0
RASP;D;20161107;000000;68.79;70.4;68.06;68.7;5609480;0
RASP;D;20161108;000000;69.9;70.34;68.82;69;2361210;0
RASP;D;20161109;000000;67.99;70.99;65.55;70.5;6202180;0
RASP;D;20161110;000000;71;74.37;71;71.66;7465410;0
RASP;D;20161111;000000;72.21;73.76;70.21;72.98;4246470;0
RASP;D;20161114;000000;73.45;76.08;73.45;73.93;8618240;0
RASP;D;20161115;000000;74.5;74.9;71.7;73.95;5885490;0
RASP;D;20161116;000000;74.45;74.79;70.36;70.99;6701000;0
RASP;D;20161117;000000;71.43;71.43;69.05;70;6753240;0
RASP;D;20161118;000000;70;70;67.5;69.4;4004960;0
RASP;D;20161121;000000;69.9;70.84;69.55;69.99;2975680;0
RASP;D;20161122;000000;69.12;70.32;68.04;69.35;3105560;0
RASP;D;20161123;000000;69.62;69.89;68.41;68.62;1376660;0
RASP;D;20161124;000000;68.98;69.46;68.12;68.76;2134620;0
RASP;D;20161125;000000;69.14;71;67.7;70.22;4567960;0
RASP;D;20161128;000000;70.41;72.62;70.22;71.4;1933050;0
RASP;D;20161129;000000;71.8;72.52;69.63;70.95;2562500;0
RASP;D;20161130;000000;70.48;71.7;69.15;69.2;2788780;0
RASP;D;20161201;000000;69.7;69.99;68.67;69.65;1480820;0
RASP;D;20161202;000000;69.5;69.82;68.5;69.01;2085620;0
RASP;D;20161205;000000;69.4;71.6;69;70.65;3179230;0
RASP;D;20161206;000000;71.2;71.77;69.7;70.5;2343290;0
RASP;D;20161207;000000;70.9;71;69.25;69.73;1563310;0
RASP;D;20161208;000000;70.29;70.29;68.33;69.12;2528920;0
RASP;D;20161209;000000;68.5;69.25;67.28;68.7;2810500;0
RASP;D;20161212;000000;69;75.5;67.81;74.62;10916930;0
RASP;D;20161213;000000;74.83;76.47;73.25;74.95;3612590;0
RASP;D;20161214;000000;75.5;79.95;75.2;79.89;9366420;0
RASP;D;20161215;000000;79.99;83.62;79;79.56;8799310;0
RASP;D;20161216;000000;79.56;81.88;78.13;79;3809790;0
RASP;D;20161219;000000;80.99;81.4;78.03;78.47;2447160;0
RASP;D;20161220;000000;78.47;79.98;77.63;77.99;1650810;0
RASP;D;20161221;000000;77.5;79.8;77.37;78.86;1800180;0
RASP;D;20161222;000000;78.9;79.17;75.82;76.4;3202760;0
RASP;D;20161223;000000;77.16;78.98;74.67;78.84;3550090;0
RASP;D;20161226;000000;79;80.32;78.55;79.26;1900820;0
RASP;D;20161227;000000;79.99;81;78.31;78.31;2480360;0
RASP;D;20161228;000000;78.1;79.67;77.31;78.54;1050360;0
RASP;D;20161229;000000;78.13;79.49;77.81;79.01;700190;0
RASP;D;20161230;000000;78.78;80;78.78;79.71;1093930;0
RASP;D;20170103;000000;79.96;82.08;79.73;81.7;1737810;0
RASP;D;20170104;000000;82.2;82.48;80.04;80.44;936900;0
RASP;D;20170105;000000;80.4;81.57;77.88;79.79;1689210;0
RASP;D;20170106;000000;79.84;81.1;79.8;80.7;749410;0
RASP;D;20170109;000000;80.75;81.66;79.3;79.5;2252060;0
RASP;D;20170110;000000;80.44;85;79.4;83.97;7351730;0
RASP;D;20170111;000000;84.44;90.44;84.01;89.5;7711490;0
RASP;D;20170112;000000;90;90.8;87;87.46;4659730;0
RASP;D;20170113;000000;87.2;91.49;86.18;91.49;4044320;0
RASP;D;20170116;000000;91.46;93.9;90.51;90.65;5090050;0
RASP;D;20170117;000000;91.4;91.62;87.55;88.46;3116670;0
RASP;D;20170118;000000;88.77;89.7;87.84;88.1;1867760;0
RASP;D;20170119;000000;88.54;91;86.61;88.01;3881010;0
RASP;D;20170120;000000;88.46;88.95;86.51;88;1650370;0
RASP;D;20170123;000000;87.31;89.75;86.58;87.33;1765080;0
RASP;D;20170124;000000;87.9;91.2;87.52;89.34;1978240;0
RASP;D;20170125;000000;89.79;92.5;88.75;92.27;2714860;0
RASP;D;20170126;000000;92.5;94.74;90.69;91.35;4092180;0
RASP;D;20170127;000000;92;92.33;90.5;90.78;1906840;0
RASP;D;20170130;000000;90.5;92.7;90.01;91.29;2283400;0
RASP;D;20170131;000000;91.5;91.91;88.55;90.14;3312350;0
RASP;D;20170201;000000;90.63;90.95;89.52;90.53;1959630;0
RASP;D;20170202;000000;90.74;91.85;88.71;89.21;2358230;0
RASP;D;20170203;000000;89.21;90.46;86.7;88.68;3070340;0
RASP;D;20170206;000000;88.8;89.66;85.51;86.8;2593430;0
RASP;D;20170207;000000;86.97;88.2;84.75;87.25;4168020;0
RASP;D;20170208;000000;87.5;88.79;86.41;86.88;1958150;0
RASP;D;20170209;000000;86.8;87.7;85.33;86.71;1465340;0
RASP;D;20170210;000000;86.35;87.29;84.2;85.6;2002350;0
RASP;D;20170213;000000;85.5;86.38;82.5;82.72;2262290;0
RASP;D;20170214;000000;82.8;87.68;79.83;87.64;5412600;0
RASP;D;20170215;000000;87.99;87.99;84.57;85.5;2626050;0
RASP;D;20170216;000000;85.5;89;84.07;89;3861860;0
RASP;D;20170217;000000;88.9;90.7;87.51;87.66;3526240;0
RASP;D;20170220;000000;88.3;89.1;86.3;87.98;1412810;0
RASP;D;20170221;000000;87.98;88.27;86.6;86.92;725760;0
RASP;D;20170222;000000;87.62;90.33;86.82;87.97;2664060;0
RASP;D;20170224;000000;88.2;88.61;84.6;85.2;1538490;0
RASP;D;20170227;000000;85.2;86.51;80.7;81;3568730;0
RASP;D;20170228;000000;81;82.95;60.65;79.31;12980070;0
RASP;D;20170301;000000;79.46;83.87;77.97;83.4;2965720;0
RASP;D;20170302;000000;83.95;86.7;80.14;80.77;4026070;0
RASP;D;20170303;000000;80.01;82.54;76.1;82.41;3613640;0
RASP;D;20170306;000000;82;84.71;80.91;81.8;1567220;0
RASP;D;20170307;000000;82.22;82.22;75.92;77.8;3712240;0
RASP;D;20170309;000000;75.1;76.86;63.24;64.5;26953480;0
RASP;D;20170310;000000;65.02;68.73;59.55;66.51;14863000;0
RASP;D;20170313;000000;66;67.46;62.15;65.86;7381740;0
RASP;D;20170314;000000;65.5;69.8;65.5;66.03;5952840;0
RASP;D;20170315;000000;66.09;68.3;65.5;65.67;3134710;0
RASP;D;20170316;000000;66.99;68.68;66.74;68.4;2740270;0
RASP;D;20170317;000000;68.39;73.42;68.2;73.08;7172620;0
RASP;D;20170320;000000;73.62;75.73;71.52;75.72;3865700;0
RASP;D;20170321;000000;75.67;77.49;73.52;73.7;3583600;0
RASP;D;20170322;000000;72.48;73.9;69.55;73.55;5338290;0
RASP;D;20170323;000000;74;76.4;73.51;76;4859940;0
RASP;D;20170324;000000;76.44;78.19;73.66;73.95;5395240;0
RASP;D;20170327;000000;73;73;68.22;68.91;4164290;0
RASP;D;20170328;000000;69.63;71.28;66.3;70.64;6298000;0
RASP;D;20170329;000000;71.21;72.95;69.57;72.07;2888440;0
RASP;D;20170330;000000;72.5;73.48;70.54;71.92;2351780;0
RASP;D;20170331;000000;71.93;71.93;69.5;69.58;1761910;0
RASP;D;20170403;000000;69.8;71.42;68.53;70.13;2401610;0
RASP;D;20170404;000000;70.84;72.69;70.64;72.46;2200100;0
RASP;D;20170405;000000;73.1;75.28;73.1;74;4093740;0
RASP;D;20170406;000000;73.23;76.9;72.83;76.38;4031910;0
RASP;D;20170407;000000;75.78;76.33;72.55;75.7;4220720;0
RASP;D;20170410;000000;76.29;76.29;70.12;70.5;5976080;0
RASP;D;20170411;000000;70.49;74.7;69.04;73.45;5260770;0
RASP;D;20170412;000000;73.55;75.4;71.49;72.65;2670050;0
RASP;D;20170413;000000;73.2;74.18;69.35;72.05;3846930;0
RASP;D;20170414;000000;71.99;71.99;69.82;69.94;934820;0
RASP;D;20170417;000000;70;72.74;69.5;72.4;2323760;0
RASP;D;20170418;000000;73;73.46;69.57;70.07;2945450;0
RASP;D;20170419;000000;70;70.2;67.42;67.94;2890340;0
RASP;D;20170420;000000;67.02;67.68;62.11;67.5;12862000;0
RASP;D;20170421;000000;67.94;69.71;66.55;67.36;4038420;0
RASP;D;20170424;000000;69;70.2;67.77;69.75;3174270;0
RASP;D;20170425;000000;70.14;70.96;69.16;69.92;2826410;0
RASP;D;20170426;000000;70.2;72.8;69.56;72.8;4701300;0
RASP;D;20170427;000000;72.2;73.4;70.64;72.39;5680960;0
RASP;D;20170428;000000;72.7;74.6;71.82;72.99;3183380;0
RASP;D;20170502;000000;73.75;75;73.13;73.69;1967530;0
RASP;D;20170503;000000;73.75;74.29;71.08;71.92;2586220;0
RASP;D;20170504;000000;71.89;73.46;70.27;70.7;1853010;0
RASP;D;20170505;000000;70.01;70.78;69.07;70.7;1528970;0
RASP;D;20170510;000000;70.7;72.7;70.7;71.33;2243030;0
RASP;D;20170511;000000;72.4;72.4;68.77;69.6;1326220;0
RASP;D;20170512;000000;69.6;70.62;67.75;69.85;2342960;0
RASP;D;20170515;000000;70.49;70.83;67.63;68.6;2312390;0
RASP;D;20170516;000000;68.86;70.68;68.31;70.1;1726790;0
RASP;D;20170517;000000;69.8;70.24;68.65;69.7;1204540;0
RASP;D;20170518;000000;68.24;69.39;66.02;66.8;2478350;0
RASP;D;20170519;000000;67.88;68;64.3;66.85;2225160;0
RASP;D;20170522;000000;67.5;67.79;63.12;63.48;3426220;0
RASP;D;20170523;000000;63.35;66.75;62;66.16;3411440;0
RASP;D;20170524;000000;66.85;67.23;63.63;65.06;1911510;0
RASP;D;20170525;000000;65.2;67.2;64.3;65.96;2443100;0
RASP;D;20170526;000000;65.4;65.73;64.02;64.7;1211440;0
RASP;D;20170529;000000;64.7;65.82;63.21;63.69;1560810;0
RASP;D;20170530;000000;63.8;64.15;62.2;63.99;1648850;0
RASP;D;20170531;000000;64.06;67;62.78;64.06;4196550;0
RASP;D;20170601;000000;64.22;65.18;60.28;61.27;5153610;0
RASP;D;20170602;000000;60.61;61.27;57.24;58.69;7168530;0
RASP;D;20170605;000000;59.28;60.93;58.83;59.61;2031360;0
RASP;D;20170606;000000;59.79;59.99;57.5;58.23;1693560;0
RASP;D;20170607;000000;58.52;59.12;57.26;57.26;1469510;0
RASP;D;20170608;000000;57.26;57.4;54.85;55.35;3562060;0
RASP;D;20170609;000000;55.6;56.82;54.9;55.77;2219030;0
RASP;D;20170613;000000;56;58.3;55.12;57.68;2440550;0
RASP;D;20170614;000000;57.7;58.1;54;54.02;3786550;0
RASP;D;20170615;000000;53.23;54.7;50.5;54.5;6703770;0
RASP;D;20170616;000000;54.44;56.39;52.2;52.59;3522730;0
RASP;D;20170619;000000;52.99;55.55;52.6;54.87;2796610;0
RASP;D;20170620;000000;55.26;56.3;53.56;55.33;3179900;0
RASP;D;20170621;000000;55.05;55.76;54.04;54.46;1903890;0
RASP;D;20170622;000000;54.4;57.4;54.14;57.4;3169770;0
RASP;D;20170623;000000;57.3;59.49;56.38;58.75;2573460;0
RASP;D;20170626;000000;59.33;60.64;57.58;57.71;2422200;0
RASP;D;20170627;000000;57.45;60.5;56.65;60.5;3002340;0
RASP;D;20170628;000000;59.89;61.69;59.39;60.75;3044130;0
RASP;D;20170629;000000;60.7;61.89;60.31;60.9;2875160;0
RASP;D;20170630;000000;60.3;61.38;60.1;60.55;1807540;0
RASP;D;20170703;000000;61.01;61.33;60.37;61;2154040;0
RASP;D;20170704;000000;61;64.26;61;64.26;3548130;0
RASP;D;20170705;000000;64.26;64.9;63.14;64.8;3055430;0
RASP;D;20170706;000000;64.8;65.9;63.23;64.45;2651710;0
RASP;D;20170707;000000;64.27;64.78;63.06;64.12;2863250;0
RASP;D;20170710;000000;64.5;67.75;64.28;67.31;3425110;0
RASP;D;20170711;000000;67.51;68.85;66.74;68.44;3718050;0
RASP;D;20170712;000000;68.89;70.12;68.21;68.73;2998810;0
RASP;D;20170713;000000;69.67;70.87;68.9;69.26;4818930;0
RASP;D;20170714;000000;69.4;69.92;67.4;68.5;3213550;0
RASP;D;20170717;000000;68.48;70.26;68.48;69.99;2752490;0
RASP;D;20170718;000000;70;71.95;69.48;70.9;3307630;0
RASP;D;20170719;000000;71.5;71.76;70.41;71.5;2236370;0
RASP;D;20170720;000000;71.82;72.92;71.4;71.72;2195970;0
RASP;D;20170721;000000;71.53;72.17;70.07;70.47;2726280;0
RASP;D;20170724;000000;71.13;71.13;68.7;70.16;2423630;0
RASP;D;20170725;000000;70;70.78;69.22;69.6;1887280;0
RASP;D;20170726;000000;70.21;73.6;69.44;73.6;3959130;0
RASP;D;20170727;000000;73.7;74.98;73.4;74.37;3681100;0
RASP;D;20170728;000000;74.3;75.36;71;73.98;6128240;0
RASP;D;20170731;000000;74.02;75.11;72.2;73.58;2493900;0
RASP;D;20170801;000000;74.2;74.77;73.67;74;1867020;0
RASP;D;20170802;000000;74.25;76;73.51;74.91;3538060;0
RASP;D;20170803;000000;74.99;75.91;74.46;75.4;2867720;0
RASP;D;20170804;000000;75.52;75.52;73.5;74.92;2821970;0
RASP;D;20170807;000000;75.17;76.5;74.93;75.86;2989170;0
RASP;D;20170808;000000;75.9;78.82;75.63;78.4;3416610;0
RASP;D;20170809;000000;78.2;79;77.41;78.12;2782710;0
RASP;D;20170810;000000;78.49;80.84;78.31;79.42;4815300;0
RASP;D;20170811;000000;78.99;78.99;76.03;78.87;4424910;0
RASP;D;20170814;000000;78.8;80.3;78.72;79.68;2386640;0
RASP;D;20170815;000000;79.59;80.1;78.06;79.72;2062310;0
RASP;D;20170816;000000;79.99;80.95;79.73;79.76;2252110;0
RASP;D;20170817;000000;80.06;80.06;79;79.22;2055840;0
RASP;D;20170818;000000;79;79.64;78.11;78.75;1769990;0
RASP;D;20170821;000000;79;79.91;78.9;79.3;1117600;0
RASP;D;20170822;000000;79.5;82.44;79.5;82.27;2996140;0
RASP;D;20170823;000000;82.43;83.99;81.4;82.91;4426900;0
RASP;D;20170824;000000;83.78;84.8;82.92;84.08;2506660;0
RASP;D;20170825;000000;86.1;87.75;84.89;86.98;5555790;0
RASP;D;20170828;000000;86.8;88.56;81.34;84.75;8321330;0
RASP;D;20170829;000000;84.5;84.9;81.7;84.84;5785500;0
RASP;D;20170830;000000;85.15;86.85;84.1;85.7;3349530;0
RASP;D;20170831;000000;85.5;86.91;84.54;86.08;2888840;0
RASP;D;20170901;000000;86.85;86.85;85.05;86;1938320;0
RASP;D;20170904;000000;85.66;85.88;84.16;85.18;2008940;0
RASP;D;20170905;000000;85.18;87.48;85.09;86.5;2399240;0
RASP;D;20170906;000000;86.5;86.68;85.59;86.42;2046120;0
RASP;D;20170907;000000;86.93;87;85.16;85.67;1631850;0
RASP;D;20170908;000000;85.9;86.01;83.28;85.1;2202920;0
RASP;D;20170911;000000;85.5;86.4;84.93;85.7;972100;0
RASP;D;20170912;000000;86;86.32;85.07;85.87;835890;0
RASP;D;20170913;000000;86.25;88.6;85.65;88.45;4467480;0
RASP;D;20170914;000000;88.8;89.5;87.2;87.69;2946710;0
RASP;D;20170915;000000;86.99;88.4;86.62;87.42;1589160;0
RASP;D;20170918;000000;88.45;88.86;87.97;88.47;1467780;0
RASP;D;20170919;000000;88.63;89.28;85.47;85.56;2264500;0
RASP;D;20170920;000000;85.9;85.9;83.05;85.15;2577790;0
RASP;D;20170921;000000;85.3;85.31;80.1;83.6;5462540;0
RASP;D;20170922;000000;82.76;83.83;81;83.09;2399200;0
RASP;D;20170925;000000;83.09;84.39;81.03;83.45;2874340;0
RASP;D;20170926;000000;83.8;84.89;82.15;82.35;2662220;0
RASP;D;20170927;000000;83.41;84.55;81.52;83.11;2970980;0
RASP;D;20170928;000000;83.4;83.67;81.99;82.15;2151180;0
RASP;D;20170929;000000;82.25;82.84;81.5;81.98;1491720;0
RASP;D;20171002;000000;82.01;83.45;81.59;82;1673330;0
RASP;D;20171003;000000;82.1;83;81.86;81.9;1064940;0
RASP;D;20171004;000000;81.9;82.55;81.34;81.85;1366690;0
RASP;D;20171005;000000;82;82.26;81.4;81.55;982470;0
RASP;D;20171006;000000;81.77;83.1;81.77;82.17;1430440;0
RASP;D;20171009;000000;82.67;85.9;82.28;85.48;5520390;0
RASP;D;20171010;000000;86;86.75;84.51;84.53;1996190;0
RASP;D;20171011;000000;84.49;85.8;84.3;84.3;1430860;0
RASP;D;20171012;000000;84.87;85.49;84.65;85.26;1189890;0
RASP;D;20171013;000000;85.3;85.92;85.16;85.5;856660;0
RASP;D;20171016;000000;85.95;87.87;85.33;87.59;3314660;0
RASP;D;20171017;000000;87.6;88.79;85.8;86.5;3612930;0
RASP;D;20171018;000000;86.27;90.16;86.15;90;3423710;0
RASP;D;20171019;000000;90.14;90.74;85.6;87.11;4252780;0
RASP;D;20171020;000000;87.33;88.99;86.01;88.77;2611050;0
RASP;D;20171023;000000;89;90.44;87.1;88.85;3867600;0
RASP;D;20171024;000000;89.6;89.6;87.6;89.3;2228180;0
RASP;D;20171025;000000;89.49;90.27;86.37;86.92;3961410;0
RASP;D;20171026;000000;87.79;90.1;85.6;89.5;6253760;0
RASP;D;20171027;000000;90;93.05;89.5;92.7;6103860;0
RASP;D;20171030;000000;93.22;93.8;90.6;91.84;4911040;0
RASP;D;20171031;000000;91.8;92.1;89.35;89.5;2923310;0
RASP;D;20171101;000000;89.99;91;88.52;89.8;2907780;0
RASP;D;20171102;000000;89.89;90.95;86.55;87.81;3627460;0
RASP;D;20171103;000000;88.31;89.5;86.71;89.44;2652140;0
RASP;D;20171107;000000;90.4;90.9;88.8;89.78;2522780;0
RASP;D;20171108;000000;90.38;90.48;89.31;89.69;1487210;0
RASP;D;20171109;000000;90.39;90.43;88.1;88.8;2067470;0
RASP;D;20171110;000000;88.13;88.98;86.68;87.65;1352110;0
RASP;D;20171113;000000;87.99;88.43;86.2;87;1689990;0
RASP;D;20171114;000000;87;89.65;86.73;89.03;2171570;0
RASP;D;20171115;000000;88.62;89.39;85.82;86.03;2221880;0
RASP;D;20171116;000000;86.55;87.41;84;85.6;3005430;0
RASP;D;20171117;000000;85.6;87.05;84.6;85.59;1568640;0
RASP;D;20171120;000000;85.99;86.8;84.5;84.65;1464950;0
RASP;D;20171121;000000;84.84;87.07;84.8;87;1969050;0
RASP;D;20171122;000000;87.4;90.19;86.71;89.33;2572840;0
RASP;D;20171123;000000;89.65;90.8;88.6;90.04;2222580;0
RASP;D;20171124;000000;90.68;90.68;88.9;88.95;1063430;0
RASP;D;20171127;000000;89.5;89.98;87.85;88.2;828800;0
RASP;D;20171128;000000;88.04;89.62;87.58;88.55;1543760;0
RASP;D;20171129;000000;88.52;89.35;86.77;86.95;1295060;0
RASP;D;20171130;000000;87.22;88.16;85.61;86.24;1515690;0
RASP;D;20171201;000000;86.2;87.47;85.91;86.01;1034830;0
RASP;D;20171204;000000;86.63;86.96;82.21;85.05;5090930;0
RASP;D;20171205;000000;85.1;85.1;82.55;84.51;2371050;0
RASP;D;20171206;000000;84.02;88.25;83.85;88.17;2292900;0
RASP;D;20171207;000000;88.34;88.87;85.25;85.77;2212450;0
RASP;D;20171208;000000;85.13;87.6;85.13;87.48;1274500;0
RASP;D;20171211;000000;87.7;90.34;87.7;90;2557220;0
RASP;D;20171212;000000;90.47;91.75;87.64;88.53;1949400;0
RASP;D;20171213;000000;87.06;89.8;87.06;88.82;1489450;0
RASP;D;20171214;000000;89.29;89.29;87.67;88.18;1051180;0
RASP;D;20171215;000000;88.6;89.54;88.15;88.62;990930;0
RASP;D;20171218;000000;89.05;89.45;87.12;87.89;1020780;0
RASP;D;20171219;000000;88.49;88.72;86.5;87.15;1131440;0
RASP;D;20171220;000000;87.04;87.34;84.68;86.34;1933440;0
RASP;D;20171221;000000;86.26;87.7;84.31;86.34;1994230;0
RASP;D;20171222;000000;86.36;87.5;81.66;85.8;2275600;0
RASP;D;20171225;000000;85.8;88.18;85.8;86.51;960400;0
RASP;D;20171226;000000;86.88;87.22;85.2;86.6;1341720;0
RASP;D;20171227;000000;86.5;87.55;86.02;86.5;1235870;0
RASP;D;20171228;000000;86.94;87.23;86;87.11;1151480;0
RASP;D;20171229;000000;86.65;89.35;86.65;89.01;1220700;0
RASP;D;20180103;000000;89.9;92.4;89.11;91.41;1389510;0
RASP;D;20180104;000000;91.41;96.8;91.4;96.79;4163330;0
RASP;D;20180105;000000;97.5;99.02;95.11;99;2843310;0
RASP;D;20180109;000000;99.64;100.85;97.3;98.63;3178950;0
RASP;D;20180110;000000;98.94;99.99;96.49;97.77;1493250;0
RASP;D;20180111;000000;97.77;99.35;96.02;99.09;1539600;0
RASP;D;20180112;000000;99.6;100.56;97.66;98.01;2014470;0
RASP;D;20180115;000000;98.74;99.22;96.73;97.3;1456400;0
RASP;D;20180116;000000;97.1;97.8;95.12;97.51;1822680;0
RASP;D;20180117;000000;96.4;98.96;95.63;98.96;1409610;0
RASP;D;20180118;000000;98.89;104.4;98.38;104.02;5605330;0
RASP;D;20180119;000000;104.88;105;101.66;103.5;3051400;0
RASP;D;20180122;000000;103.98;107.95;103.33;104.3;5377200;0
RASP;D;20180123;000000;105.15;106.59;103.33;104.11;2874960;0
RASP;D;20180124;000000;104;106.55;103.3;105.9;1632350;0
RASP;D;20180125;000000;106.45;107.77;103.35;103.35;2482240;0
RASP;D;20180126;000000;102.8;103.85;101;101.28;2577370;0
RASP;D;20180129;000000;102;104.18;100.5;101.28;1761410;0
RASP;D;20180130;000000;101.29;103.78;100.7;102.53;1453990;0
RASP;D;20180131;000000;102.31;103.72;101.42;102.87;1004670;0
RASP;D;20180201;000000;103.11;104.95;102.88;103.24;1470320;0
RASP;D;20180202;000000;103.07;104.72;101.56;101.65;1289070;0
RASP;D;20180205;000000;101.04;102.35;98.01;99.98;4032460;0
RASP;D;20180206;000000;96;97.44;92.1;94.01;8946880;0
RASP;D;20180207;000000;96;97.88;94.5;96.8;3388990;0
RASP;D;20180208;000000;96.32;99.4;95.51;98.29;2929530;0
RASP;D;20180209;000000;95;98.49;94.01;98.1;4023660;0
RASP;D;20180212;000000;98.81;103.9;98.81;102.81;3955690;0
RASP;D;20180213;000000;103.16;104.85;102.15;104.39;2612130;0
RASP;D;20180214;000000;104.49;107.4;103.76;105.81;4818630;0
RASP;D;20180215;000000;107.88;109.88;107.21;108.22;4079920;0
RASP;D;20180216;000000;108.2;109.2;106.58;107.93;2588020;0
RASP;D;20180219;000000;108;109.42;107.66;107.9;1147300;0
RASP;D;20180220;000000;107.6;109.6;107.34;108.91;1553910;0
RASP;D;20180221;000000;108.63;112;108.63;112;3036380;0
RASP;D;20180222;000000;111.5;113.2;110.9;112.12;2007500;0
RASP;D;20180226;000000;112.95;114.25;112.14;112.85;2489010;0
RASP;D;20180227;000000;113.05;113.46;105.38;111.9;4671450;0
RASP;D;20180228;000000;111.79;111.9;109.11;111.9;3277530;0
RASP;D;20180301;000000;110.7;113.87;110.1;113.7;3676580;0
RASP;D;20180302;000000;112.11;115.7;111.68;113.2;4486910;0
RASP;D;20180305;000000;113.98;114.62;112.01;113.58;3281160;0
RASP;D;20180306;000000;113.9;114.44;113.63;113.79;1083920;0
RASP;D;20180307;000000;113.47;114.2;113.04;114.15;1840810;0
RASP;D;20180309;000000;114.26;115.1;113.75;114.89;1062940;0
RASP;D;20180312;000000;115.27;115.47;113.56;114.71;1891670;0
RASP;D;20180313;000000;114.48;117.98;113.8;114.27;7318330;0
RASP;D;20180314;000000;114.3;115.64;111.83;112.15;4285580;0
RASP;D;20180315;000000;112.05;113.77;110.07;110.97;2447450;0
RASP;D;20180316;000000;111;114.12;110.22;112.44;2825060;0
RASP;D;20180319;000000;113.51;115.44;113.35;114.99;1653200;0
RASP;D;20180320;000000;115.01;116.3;113.11;116.13;2939920;0
RASP;D;20180321;000000;116.4;117;115.54;115.84;1773220;0
RASP;D;20180322;000000;115.61;116.68;98.6;103.65;18807220;0
RASP;D;20180323;000000;101.63;102.1;97.5;100.03;9030850;0
RASP;D;20180326;000000;100.02;100.59;93.21;94.05;6009140;0
RASP;D;20180327;000000;94.1;97.5;93.13;95.2;5470470;0
RASP;D;20180328;000000;94.3;95.26;90.63;91.99;5179680;0
RASP;D;20180329;000000;92.21;94.65;92.21;94.52;3862420;0
RASP;D;20180330;000000;95;96.46;94.77;95.56;1883430;0
RASP;D;20180402;000000;96.14;97.92;93.4;95.4;2711340;0
RASP;D;20180403;000000;95.35;96.39;95;95.6;1801360;0
RASP;D;20180404;000000;95.6;96.1;94.56;95.37;1909820;0
RASP;D;20180405;000000;95.41;96.26;95.14;95.5;1393200;0
RASP;D;20180406;000000;95.29;95.72;92.4;92.67;2460380;0
RASP;D;20180409;000000;91.49;91.5;78.31;81.47;12394610;0
RASP;D;20180410;000000;82;87.72;78.9;84.5;6206390;0
RASP;D;20180411;000000;85.9;88.14;82.15;83.44;4406870;0
RASP;D;20180412;000000;85.96;86;83.8;85.8;2490220;0
RASP;D;20180413;000000;85.99;87.04;83.12;84.3;1896480;0
RASP;D;20180416;000000;82.46;85.79;80.42;81.31;2712240;0
RASP;D;20180417;000000;82.99;85.5;82.99;85.5;1612380;0
RASP;D;20180418;000000;85.77;90.99;85.7;90.21;4829510;0
RASP;D;20180419;000000;90.75;91.95;88.26;89.4;2862230;0
RASP;D;20180420;000000;89.81;90.5;88.52;90;1437270;0
RASP;D;20180423;000000;91;91.8;89.72;91.2;1999570;0
RASP;D;20180424;000000;92;94.62;91.41;92.39;2238370;0
RASP;D;20180425;000000;92;93.45;90.44;92.05;1252520;0
RASP;D;20180426;000000;92.9;96;92.57;95.74;3494480;0
RASP;D;20180427;000000;95.66;98.16;95.66;97.55;2436570;0
RASP;D;20180428;000000;97.1;98.4;97.07;97.49;449750;0
RASP;D;20180430;000000;97.54;98.89;97.12;97.31;906630;0
RASP;D;20180502;000000;97.35;98.46;96.35;96.67;915310;0
RASP;D;20180503;000000;96.7;98.12;95.9;96.8;1795270;0
RASP;D;20180504;000000;97.35;97.35;95.79;96.5;1159930;0
RASP;D;20180507;000000;97.2;98.28;96.63;97.7;1558090;0
RASP;D;20180508;000000;97.75;98.79;96.86;98.4;1844480;0
RASP;D;20180510;000000;98.9;99.72;95.01;95.59;3643210;0
RASP;D;20180511;000000;96.6;98.89;96.28;98.78;2725850;0
RASP;D;20180514;000000;98.8;99.25;98.02;98.13;1175360;0
RASP;D;20180515;000000;98.2;99.4;97.75;98.69;1515900;0
RASP;D;20180516;000000;98.89;100.4;98.27;99.9;2455120;0
RASP;D;20180517;000000;96;99.99;95.21;99.97;5346280;0
RASP;D;20180518;000000;99.8;101.45;99.2;100.08;2189630;0
RASP;D;20180521;000000;99.99;99.99;97.1;98.5;2692270;0
RASP;D;20180522;000000;98.5;98.65;96.85;97.32;1029820;0
RASP;D;20180523;000000;97;97.37;95.11;96.84;2542730;0
RASP;D;20180524;000000;96.07;99;96.07;98.55;2114250;0
RASP;D;20180525;000000;98.55;99;97.51;98.7;1202450;0
RASP;D;20180528;000000;98.5;99.44;96.67;97.33;891280;0
RASP;D;20180529;000000;97.8;97.8;95.05;96.18;2276130;0
RASP;D;20180530;000000;96.3;97.48;95.58;96.69;869620;0
RASP;D;20180531;000000;96.55;97.5;95.57;97.5;1342410;0
RASP;D;20180601;000000;97.27;98.8;96.89;97.51;1610240;0
RASP;D;20180604;000000;98.08;98.44;97.14;97.14;911930;0
RASP;D;20180605;000000;97.65;101.45;97.33;101.36;3397920;0
RASP;D;20180606;000000;101.43;105.6;101.42;105.35;3640180;0
RASP;D;20180607;000000;105.88;105.88;103.32;103.51;1897860;0
RASP;D;20180608;000000;103.51;105.52;102.3;103.8;1522830;0
RASP;D;20180609;000000;103.99;104;102.93;103.44;173830;0
RASP;D;20180611;000000;103.05;107.29;102.57;107;1606540;0
RASP;D;20180613;000000;107;109.34;105.71;109.34;3004440;0
RASP;D;20180614;000000;108.13;110;107.5;109.95;2403140;0
RASP;D;20180615;000000;108.9;110.4;107.91;109.94;1859510;0
RASP;D;20180618;000000;109.4;109.4;107.6;108;1099050;0
RASP;D;20180619;000000;107;107.91;101.71;104.49;3228960;0
RASP;D;20180620;000000;104.49;106.5;104.21;105.28;1089920;0
RASP;D;20180621;000000;105.31;106.27;104;105.2;812230;0
RASP;D;20180622;000000;105.49;105.49;102.06;103.49;1101010;0
RASP;D;20180625;000000;103.49;105.3;102.73;103.5;1000850;0
RASP;D;20180626;000000;103.6;104.99;101.77;102.5;718890;0
RASP;D;20180627;000000;102.87;103.07;99.1;100.18;1740020;0
RASP;D;20180628;000000;100.01;102.82;99.21;102.6;1422780;0
RASP;D;20180629;000000;103.03;103.4;101.62;102.41;1239130;0
RASP;D;20180702;000000;102;104.45;101;104.45;1693140;0
RASP;D;20180703;000000;103.75;105.5;102.76;103.64;1529270;0
RASP;D;20180704;000000;103.56;104.43;103.04;104.01;491200;0
RASP;D;20180705;000000;103.59;104.16;103;103.21;701180;0
RASP;D;20180706;000000;102.32;103.45;100.9;103.03;1245870;0
RASP;D;20180709;000000;103.03;105.5;103;105.5;1279950;0
RASP;D;20180710;000000;105.47;105.67;104.6;105.5;933380;0
RASP;D;20180711;000000;104.9;105.76;103.57;104.53;1254900;0
RASP;D;20180712;000000;103.67;104.4;102.57;104.4;957340;0
RASP;D;20180713;000000;104.2;104.8;103.81;104.8;473630;0
RASP;D;20180716;000000;103.86;105.2;103.52;103.72;486710;0
RASP;D;20180717;000000;103.07;104.89;101.51;104.65;855900;0
RASP;D;20180718;000000;104.11;104.95;103.1;103.1;899260;0
RASP;D;20180719;000000;104.15;105.08;102.7;103.57;1144290;0
RASP;D;20180720;000000;103.28;104.29;101.71;101.71;1361300;0
RASP;D;20180723;000000;101.57;103.67;101.57;102.4;986050;0
RASP;D;20180724;000000;102.15;102.96;96.72;98.6;3882170;0
RASP;D;20180725;000000;98.05;101.25;97.51;100.5;1221640;0
RASP;D;20180726;000000;101.35;102.89;101.1;102.74;818700;0
RASP;D;20180727;000000;102.5;102.78;101.38;101.8;576050;0
RASP;D;20180730;000000;101.98;103.98;101.8;103;1032960;0
RASP;D;20180731;000000;102.62;103.06;102.01;102.43;509110;0
RASP;D;20180801;000000;102.5;102.9;101.7;102.42;301900;0
RASP;D;20180802;000000;101.91;102.64;99.92;99.92;526640;0
RASP;D;20180803;000000;99.77;101;98.5;101;922560;0
RASP;D;20180806;000000;100.43;102.66;100.19;101.59;670600;0
RASP;D;20180807;000000;101.59;102.95;101.13;101.3;479730;0
RASP;D;20180808;000000;100.8;101.85;98.8;101.03;1914290;0
RASP;D;20180809;000000;100.5;100.51;96.69;98.61;1820950;0
RASP;D;20180810;000000;98.7;99.88;95.55;96.89;1557390;0
RASP;D;20180813;000000;95.6;97.94;95.52;97.71;882000;0
RASP;D;20180814;000000;98.32;103.42;97.9;103.42;2041840;0
RASP;D;20180815;000000;103.4;103.8;100.23;100.24;1341150;0
RASP;D;20180816;000000;100.26;101.42;99.03;99.03;1135540;0
RASP;D;20180817;000000;99.12;100.81;98.57;98.85;625330;0
RASP;D;20180820;000000;98.85;100.5;98.76;100.5;721450;0
RASP;D;20180821;000000;100.2;101.25;99.57;100.01;696630;0
RASP;D;20180822;000000;100.05;100.67;99.16;100.11;576670;0
RASP;D;20180823;000000;99.91;100.99;99.44;100.42;516770;0
RASP;D;20180824;000000;102.5;102.89;99.05;100.61;1511950;0
RASP;D;20180827;000000;100.88;101.16;99.01;99.63;603680;0
RASP;D;20180828;000000;99.95;100.09;99.17;99.51;489310;0
RASP;D;20180829;000000;99.76;100.72;99.3;99.31;440990;0
RASP;D;20180830;000000;99.99;100.68;98.1;98.32;522350;0
RASP;D;20180831;000000;97.68;99.48;97.68;99.33;598230;0
RASP;D;20180903;000000;99.65;99.82;99.02;99.51;275790;0
RASP;D;20180904;000000;99.58;101.4;99.18;100.21;745630;0
RASP;D;20180905;000000;99.96;101.27;99.5;99.5;437880;0
RASP;D;20180906;000000;99.51;100.29;98.04;98.21;451200;0
RASP;D;20180907;000000;98.04;99.19;96.68;97.49;534560;0
RASP;D;20180910;000000;97.49;99;97;98.83;631120;0
RASP;D;20180911;000000;98.65;99.28;96.53;96.67;565040;0
RASP;D;20180912;000000;97.5;100.5;96.94;100.49;1520170;0
RASP;D;20180913;000000;100.01;101.98;99.7;101.37;1375870;0
RASP;D;20180914;000000;101.35;102.55;100.63;102.3;1212890;0
RASP;D;20180917;000000;102.18;106.9;101.91;106.34;2182150;0
RASP;D;20180918;000000;106.11;109;106.11;109;1604750;0
RASP;D;20180919;000000;109.01;109.89;106.55;107.5;1855150;0
RASP;D;20180920;000000;107.79;108.87;106.23;107.32;2130150;0
RASP;D;20180921;000000;107.99;108.5;107.12;107.93;687110;0
RASP;D;20180924;000000;108.78;114.4;108.45;113.8;2600900;0
RASP;D;20180925;000000;114.9;116.56;111.94;116.11;3587090;0
RASP;D;20180926;000000;116.4;118.44;114.19;116.34;3167280;0
RASP;D;20180927;000000;117.42;117.42;112.87;114.56;1203590;0
RASP;D;20180928;000000;115;118.18;113.3;117.9;1725300;0
RASP;D;20181001;000000;118.45;118.98;117.05;117.32;969410;0
RASP;D;20181002;000000;117.27;118.49;115.3;118.41;1536220;0
RASP;D;20181003;000000;118.36;119.9;117.71;119.1;1619540;0
RASP;D;20181004;000000;118.83;121.59;118.83;121.01;2190620;0
RASP;D;20181005;000000;120.75;125.2;120.01;124.98;2880310;0
RASP;D;20181008;000000;124.51;126;122.11;123.11;1637610;0
RASP;D;20181009;000000;122.65;125.3;121;121.3;2217650;0
RASP;D;20181010;000000;121.37;125.8;118.83;122.52;2415560;0
RASP;D;20181011;000000;121.16;121.89;118.16;120;2325420;0
RASP;D;20181012;000000;121.24;123.5;121.06;122.24;932830;0
RASP;D;20181015;000000;122;124.87;121.33;124.35;1113370;0
RASP;D;20181016;000000;124.6;128.31;123.66;126.38;2659040;0
RASP;D;20181017;000000;126.95;127.49;123.25;124.67;1744980;0
RASP;D;20181018;000000;124.98;124.98;122.26;123;708640;0
RASP;D;20181019;000000;122.5;122.95;119.5;120.1;1511260;0
RASP;D;20181022;000000;120.94;121.86;119.9;120;911540;0
RASP;D;20181023;000000;120;121.38;114.5;120.1;2840540;0
RASP;D;20181024;000000;121.32;121.4;119.9;120.05;491520;0
RASP;D;20181025;000000;119.03;121.8;118.6;120.56;1057110;0
RASP;D;20181026;000000;120.8;121.05;118.78;120.67;1077940;0
RASP;D;20181029;000000;119.85;120.8;119.02;119.65;410980;0
RASP;D;20181030;000000;119.65;120.63;119.11;119.87;259430;0
RASP;D;20181031;000000;119.7;120.5;119.5;119.98;310470;0
RASP;D;20181101;000000;119.87;121.29;119.54;121;838420;0
RASP;D;20181102;000000;120.55;122.44;119.35;120;722130;0
RASP;D;20181106;000000;119.49;121.49;119.01;120.26;272030;0
RASP;D;20181107;000000;119.8;120.68;119.7;119.7;812780;0
RASP;D;20181108;000000;119.99;123.39;119.65;119.65;1240030;0
RASP;D;20181109;000000;118.85;120.28;118.62;119.94;481960;0
RASP;D;20181112;000000;120;120.5;119.76;119.85;256030;0
RASP;D;20181113;000000;119.6;121.5;119.6;121.45;572940;0
RASP;D;20181114;000000;121.15;129.37;120.65;129.37;2747460;0
RASP;D;20181115;000000;130;137.77;129.9;134.55;4584050;0
RASP;D;20181116;000000;135.89;140.97;131.19;139.7;3334610;0
RASP;D;20181119;000000;139.6;141.49;136.95;141;2414440;0
RASP;D;20181120;000000;140.2;140.99;134.51;136.87;1646390;0
RASP;D;20181121;000000;136.18;138.23;135.83;136.32;652140;0
RASP;D;20181122;000000;136.99;139.17;132.05;134.2;2048720;0
RASP;D;20181123;000000;133.13;133.93;126.84;127.5;2802230;0
RASP;D;20181126;000000;126.9;128.97;124.22;125.5;1524940;0
RASP;D;20181127;000000;126.1;127.69;125.3;127.5;598920;0
RASP;D;20181128;000000;127.58;128.38;126.45;126.9;461610;0
RASP;D;20181129;000000;127;127.64;126.01;126.29;353630;0
RASP;D;20181130;000000;125.54;127.59;125.17;125.17;579780;0
RASP;D;20181203;000000;126.08;127.81;125.76;126.86;622140;0
RASP;D;20181204;000000;126.78;128.19;126.5;127.26;445290;0
RASP;D;20181205;000000;126.24;130.7;125.99;130.25;922430;0
RASP;D;20181206;000000;130.2;130.48;126.6;128.05;794490;0
RASP;D;20181207;000000;129.02;129.7;127.5;128;331820;0
RASP;D;20181210;000000;126.5;128.4;125.77;127.5;1004320;0
RASP;D;20181211;000000;127;127.5;124.55;125.4;929600;0
RASP;D;20181212;000000;124;127.08;120.16;127.08;1563830;0
RASP;D;20181213;000000;127;127.77;126.14;127.1;616180;0
RASP;D;20181214;000000;126.3;127.35;124.66;125.44;479000;0
RASP;D;20181217;000000;124.8;127;124.02;125.27;291290;0
RASP;D;20181218;000000;125.24;127.57;124.5;125.78;798160;0
RASP;D;20181219;000000;125.78;128.18;125.21;125.5;947210;0
RASP;D;20181220;000000;125.5;127.85;125;127;516900;0
RASP;D;20181221;000000;127.33;128.8;126;126;492420;0
RASP;D;20181224;000000;125.5;127.49;125.5;125.5;563790;0
RASP;D;20181225;000000;125.25;125.88;123.01;124.18;1175290;0
RASP;D;20181226;000000;124.06;129.6;124.06;127.32;641470;0
RASP;D;20181227;000000;128.73;129.49;125.85;126;416980;0
RASP;D;20181228;000000;126.31;127.88;126.25;127;118950;0
RASP;D;20181229;000000;127.48;129.48;125.5;129;181940;0
RASP;D;20190103;000000;127.7;129.36;127.4;127.98;196190;0
RASP;D;20190104;000000;128.45;129.22;127.14;127.7;174110;0
RASP;D;20190108;000000;127.71;128;126.41;126.84;152640;0
RASP;D;20190109;000000;126.07;128.82;126.07;128.72;335830;0
RASP;D;20190110;000000;129;129.45;127.68;128.2;160380;0
RASP;D;20190111;000000;128.88;129.06;127.91;128.36;378070;0
RASP;D;20190114;000000;128.1;128.86;127.68;128.36;290750;0
RASP;D;20190115;000000;128.25;130.49;127.73;128.75;943170;0
RASP;D;20190116;000000;128.53;131.39;128;131.2;1276540;0
RASP;D;20190117;000000;131.49;131.88;129.2;130.52;706840;0
RASP;D;20190118;000000;130.54;130.98;129.5;130;277100;0
RASP;D;20190121;000000;130.01;132.9;129.75;132;775050;0
RASP;D;20190122;000000;132.02;132.72;130.7;131.93;620610;0
RASP;D;20190123;000000;131.3;134.15;131.04;133.3;632880;0
RASP;D;20190124;000000;132.9;133.3;130.1;131.3;598390;0
RASP;D;20190125;000000;132;136.4;131.42;136;1372900;0
RASP;D;20190128;000000;137.43;138.76;134.68;134.86;679960;0
RASP;D;20190129;000000;134.5;134.69;132.11;132.85;1358980;0
RASP;D;20190130;000000;132.55;134;132.01;134;545210;0
RASP;D;20190131;000000;134.6;136.5;134.5;135.85;717320;0
RASP;D;20190201;000000;136.26;138.3;135.44;137.8;587130;0
RASP;D;20190204;000000;137.36;141;136.5;139.8;1009170;0
RASP;D;20190205;000000;139.78;139.96;137.28;137.32;720470;0
RASP;D;20190206;000000;137.2;138.28;137.02;137.98;367990;0
RASP;D;20190207;000000;138.36;140;138.06;140;901520;0
RASP;D;20190208;000000;138.64;141.8;137.9;141.5;1064580;0
RASP;D;20190211;000000;141.5;149.7;141.5;148.6;3487870;0
RASP;D;20190212;000000;148.8;154.14;146.04;152.62;2850440;0
RASP;D;20190213;000000;152.62;154.8;150.5;151.24;1807990;0
RASP;D;20190214;000000;150.02;150.9;147.54;148.16;1402160;0
RASP;D;20190215;000000;149.68;153.8;148.88;152.22;1098840;0
RASP;D;20190218;000000;153;154.8;152.2;154;772920;0
RASP;D;20190219;000000;154;158.42;152.58;157.18;1997720;0
RASP;D;20190220;000000;158.1;159;155.22;157.2;1470700;0
RASP;D;20190221;000000;157.42;158.28;156;156.44;452880;0
RASP;D;20190222;000000;156.42;158.24;151.62;152.4;1232790;0
RASP;D;20190225;000000;152.9;155.72;148.7;151.52;1489620;0
RASP;D;20190226;000000;151.04;155.5;148.5;154.9;1099280;0
RASP;D;20190227;000000;154.02;155.84;152.16;152.9;851230;0
RASP;D;20190228;000000;153.84;158.46;149.2;155.98;2599530;0
RASP;D;20190301;000000;155.4;157;141.28;149.16;5122190;0
RASP;D;20190304;000000;149;149.6;146.94;147.5;1192430;0
RASP;D;20190305;000000;147.28;148.42;142.12;142.9;2730240;0
RASP;D;20190306;000000;143;149.5;142.34;147.76;2831250;0
RASP;D;20190307;000000;147.02;147.8;137.2;144;5531810;0
RASP;D;20190311;000000;143.9;145;140.5;141.22;1170150;0
RASP;D;20190312;000000;141.7;143.7;140.04;141.36;679380;0
RASP;D;20190313;000000;142;142.08;139.08;139.52;461360;0
RASP;D;20190314;000000;139.88;144;139.32;140.4;856530;0
RASP;D;20190315;000000;140.6;141.16;137;137;1382120;0
RASP;D;20190318;000000;138;139.88;138;139.74;493350;0
RASP;D;20190319;000000;139.94;140.46;138.54;139.3;475700;0
RASP;D;20190320;000000;140.36;141.2;138.6;140;790850;0
RASP;D;20190321;000000;140.96;141.3;139.38;140.1;758920;0
RASP;D;20190322;000000;135;138.52;131;134.8;3919070;0
RASP;D;20190325;000000;134.02;136.4;132.62;134.38;833870;0
RASP;D;20190326;000000;135;135.58;133.08;134.7;510660;0
RASP;D;20190327;000000;134.34;134.82;133.46;133.5;296310;0
RASP;D;20190328;000000;133.14;133.5;132.88;132.88;405180;0
RASP;D;20190329;000000;132.94;133.56;130.54;131.56;771000;0
RASP;D;20190401;000000;132;132.18;130.84;130.9;274410;0
RASP;D;20190402;000000;130.88;131.08;127.72;129.14;931090;0
RASP;D;20190403;000000;129;129.48;126.54;127.68;668840;0
RASP;D;20190404;000000;127.28;133.12;126;132.6;1524850;0
RASP;D;20190405;000000;132.62;135.5;132.24;134.38;1564910;0
RASP;D;20190408;000000;134.5;135.5;132.26;133.06;552690;0
RASP;D;20190409;000000;133.16;134.38;130;133.4;594720;0
RASP;D;20190410;000000;133.02;135.46;132.12;133.34;395890;0
RASP;D;20190411;000000;133;134.86;132.38;133.22;239940;0
RASP;D;20190412;000000;133.02;136.8;133.02;135.1;612860;0
RASP;D;20190415;000000;135.1;140;135.1;138.82;1257360;0
RASP;D;20190416;000000;138.82;140.8;138.82;140.6;634190;0
RASP;D;20190417;000000;140.68;141.38;136.56;137.7;729980;0
RASP;D;20190418;000000;137.04;139.1;136.8;137.26;202930;0
RASP;D;20190419;000000;136.72;139.5;136.38;139;321820;0
RASP;D;20190422;000000;139.04;139.92;137.6;138.58;237790;0
RASP;D;20190423;000000;138.18;139.7;137.28;137.5;218350;0
RASP;D;20190424;000000;138;139.5;137.5;138.5;373220;0
RASP;D;20190425;000000;138.28;138.88;135.56;137;286170;0
RASP;D;20190426;000000;136.5;140;135.24;138;857660;0
RASP;D;20190429;000000;137.76;139.36;136.5;136.8;453150;0
RASP;D;20190430;000000;136.48;137.36;136.12;136.68;346850;0
RASP;D;20190502;000000;136.5;138.5;136.16;137.76;102480;0
RASP;D;20190503;000000;138.18;138.78;136.78;137.16;114650;0
RASP;D;20190506;000000;136.1;138.06;136.1;137.2;283430;0
RASP;D;20190507;000000;137.28;138.5;136.08;136.08;527350;0
RASP;D;20190508;000000;136.06;137.32;135.58;135.84;265590;0
RASP;D;20190510;000000;135.44;136.9;133.62;135.7;447720;0
RASP;D;20190513;000000;135.36;136.26;135.3;135.34;348320;0
RASP;D;20190514;000000;135.32;136.2;135.2;135.24;539870;0
RASP;D;20190515;000000;135.2;135.84;134.96;134.96;529500;0
RASP;D;20190516;000000;136;136.68;134;134.56;625030;0
RASP;D;20190517;000000;134;135.68;134;134.34;115440;0
RASP;D;20190520;000000;134.02;135.1;134;134.34;319370;0
RASP;D;20190521;000000;134.5;135;133.52;134.04;492740;0
RASP;D;20190522;000000;134.6;138.4;134.3;135.8;595890;0
RASP;D;20190523;000000;135.7;136.3;134.2;134.2;350260;0
RASP;D;20190524;000000;134.06;134.98;133.5;134.06;483070;0
RASP;D;20190527;000000;133.66;138.28;133.64;135.2;527330;0
RASP;D;20190528;000000;134.14;138;134.1;138;561470;0
RASP;D;20190529;000000;136.5;137.2;136.08;136.18;264580;0
RASP;D;20190530;000000;137;137;134.58;135.4;507170;0
RASP;D;20190531;000000;135.4;136.14;135;135.8;349940;0
RASP;D;20190603;000000;135.14;135.8;135;135;405440;0
RASP;D;20190604;000000;135;135.5;134;134.5;440890;0
RASP;D;20190605;000000;135;136.74;134.26;135.48;516200;0
RASP;D;20190606;000000;136;136.22;135.3;135.8;278300;0
RASP;D;20190607;000000;136.02;137.5;135.12;137.28;528070;0
RASP;D;20190610;000000;137.5;138.5;136.04;137.32;468360;0
RASP;D;20190611;000000;137.56;138.1;135.82;137.24;728210;0
RASP;D;20190613;000000;137.5;138.3;136.88;137.28;424740;0
RASP;D;20190614;000000;136.62;138.28;135.82;135.82;385690;0
RASP;D;20190617;000000;136.8;140.78;136.6;138.1;804790;0
RASP;D;20190618;000000;137.96;139.44;137.96;138.9;224160;0
RASP;D;20190619;000000;138.9;147.88;138.68;147.5;1036430;0
RASP;D;20190620;000000;146.22;151.96;144.12;144.72;1164110;0
RASP;D;20190621;000000;144.5;144.7;138.64;139;1282940;0
RASP;D;20190624;000000;139;144.04;139;141.7;563780;0
RASP;D;20190625;000000;141.2;141.78;139;139.66;311680;0
RASP;D;20190626;000000;141;141;138.68;140;192150;0
RASP;D;20190627;000000;139.68;139.72;136.12;139.28;421480;0
RASP;D;20190628;000000;138.72;140.84;137.32;139.5;281770;0
RASP;D;20190701;000000;138.7;140.8;138.62;140.26;452250;0
RASP;D;20190702;000000;140.24;140.88;139.28;139.5;166680;0
RASP;D;20190703;000000;140.2;140.4;138.06;138.8;245250;0
RASP;D;20190704;000000;139;140;138.62;139.5;336250;0
RASP;D;20190705;000000;139.5;140.32;138.3;139.5;401470;0
RASP;D;20190708;000000;139.9;142.7;138.12;142.44;720390;0
RASP;D;20190709;000000;142.12;143.64;139.84;141.16;347500;0
RASP;D;20190710;000000;140.24;141.18;139.64;140.02;188590;0
RASP;D;20190711;000000;140;140.56;138.5;138.5;246100;0
RASP;D;20190712;000000;138.44;138.44;137.1;137.54;295570;0
RASP;D;20190715;000000;137.84;139.5;137.56;138.7;193400;0
RASP;D;20190716;000000;138;138.82;137;137;253080;0
RASP;D;20190717;000000;137;138.46;136.98;137.38;135890;0
RASP;D;20190718;000000;137.06;137.66;136.2;136.32;151210;0
RASP;D;20190719;000000;136.64;141.32;136.64;139.04;474630;0
RASP;D;20190722;000000;138.5;140.38;137.26;137.3;246980;0
RASP;D;20190723;000000;137.22;140.8;137;139.02;369540;0
RASP;D;20190724;000000;139.4;139.76;137.6;138.14;191030;0
RASP;D;20190725;000000;137.5;139.18;137.5;137.76;172770;0
RASP;D;20190726;000000;137.56;139.1;137.1;137.36;299450;0
RASP;D;20190729;000000;137.12;138.72;135.24;135.7;423400;0
RASP;D;20190730;000000;135.58;136.86;133.6;135.16;555970;0
RASP;D;20190731;000000;135.1;135.98;134.4;135.34;354220;0
RASP;D;20190801;000000;135.34;135.42;133.24;133.3;436360;0
RASP;D;20190802;000000;133.2;133.46;130;130.76;582440;0
RASP;D;20190805;000000;130.9;130.9;127.8;128.02;553130;0
RASP;D;20190806;000000;128.5;130.22;128.2;130.08;269290;0
RASP;D;20190807;000000;130;131.66;128.4;129.34;352930;0
RASP;D;20190808;000000;129.7;130.16;127.38;128.1;339030;0
RASP;D;20190809;000000;128.4;128.86;127.28;127.5;127800;0
RASP;D;20190812;000000;127.88;131.4;127.8;129.64;430870;0
RASP;D;20190813;000000;129.8;130.48;127.92;128.84;224900;0
RASP;D;20190814;000000;128.82;129.8;126.5;127;279080;0
RASP;D;20190815;000000;127.38;127.74;124.5;125.5;613490;0
RASP;D;20190816;000000;125.3;129.4;124.58;127.88;340130;0
RASP;D;20190819;000000;128.82;130.7;125.22;126.52;542890;0
RASP;D;20190820;000000;125.56;129.12;125.56;128;235890;0
RASP;D;20190821;000000;127.82;130.92;127.66;129.3;397560;0
RASP;D;20190822;000000;130.5;134.5;129.3;130.4;1640290;0
RASP;D;20190823;000000;130.5;131.54;130.12;130.46;332750;0
RASP;D;20190826;000000;130;133.98;129.66;133.98;856290;0
RASP;D;20190827;000000;133.56;135;131.36;133.9;768680;0
RASP;D;20190828;000000;127.02;129.26;126;126.76;3130180;0
RASP;D;20190829;000000;126.98;127.38;123.54;126.2;1740400;0
RASP;D;20190830;000000;126;126.78;125.62;125.76;394210;0
RASP;D;20190902;000000;125.76;125.98;122.24;122.72;1886950;0
RASP;D;20190903;000000;122.7;125.88;121.7;125.1;1095880;0
RASP;D;20190904;000000;125.1;128.4;125.06;127.08;1420680;0
RASP;D;20190905;000000;127;127.78;126;126.64;279400;0
RASP;D;20190906;000000;126.46;127.8;126.14;127.58;488750;0
RASP;D;20190909;000000;127.02;129.4;127;128.8;612060;0
RASP;D;20190910;000000;128.5;129.48;127;128.7;687420;0
RASP;D;20190911;000000;128;129.38;126.5;127.6;321720;0
RASP;D;20190912;000000;127.36;128.2;124.9;126.64;519190;0
RASP;D;20190913;000000;126.3;127.8;126.3;127.64;299700;0
RASP;D;20190916;000000;128;128;125.26;125.42;460600;0
RASP;D;20190917;000000;126.78;126.78;124.44;124.92;578070;0
RASP;D;20190918;000000;125;125.4;124.7;125.04;231120;0
RASP;D;20190919;000000;124.7;125.52;123.8;123.84;227690;0
RASP;D;20190920;000000;123.7;124.96;122.7;123.98;419380;0
RASP;D;20190923;000000;122.66;124.28;122.6;122.94;175200;0
RASP;D;20190924;000000;122.94;123.46;121.82;122.44;289720;0
RASP;D;20190925;000000;122.44;122.76;121.52;122;220920;0
RASP;D;20190926;000000;122;122.96;122;122.1;149270;0
RASP;D;20190927;000000;122.26;122.38;121.26;121.5;139100;0
RASP;D;20190930;000000;121.3;122.12;121.12;121.14;98430;0
RASP;D;20191001;000000;121.1;121.64;120.1;120.2;303430;0
RASP;D;20191002;000000;120.64;120.76;117.98;118.14;629000;0
RASP;D;20191003;000000;117.62;118.12;114.54;115.2;1091800;0
RASP;D;20191004;000000;115.98;116.74;114.8;115.02;346300;0
RASP;D;20191007;000000;115.84;115.84;112.98;113.34;293730;0
RASP;D;20191008;000000;113.3;118.7;113.14;116;1208360;0
RASP;D;20191009;000000;116.8;117.96;113.94;117.3;582080;0
RASP;D;20191010;000000;117.6;119;115.82;117.32;348760;0
RASP;D;20191011;000000;117.96;119.4;117.12;117.46;318760;0
RASP;D;20191014;000000;118;119;115.96;116.5;268350;0
RASP;D;20191015;000000;117.04;118.24;115.5;116.92;333180;0
RASP;D;20191016;000000;117;118.9;116.46;118.28;444790;0
RASP;D;20191017;000000;116.88;116.98;116;116.2;346560;0
RASP;D;20191018;000000;116.2;116.82;114.1;114.6;477490;0
RASP;D;20191021;000000;114.6;118.18;114.3;118.1;542960;0
RASP;D;20191022;000000;117.96;117.98;116.1;116.4;374830;0
RASP;D;20191023;000000;117;117;114.64;114.64;356320;0
RASP;D;20191024;000000;115.64;115.64;114.22;115.02;275590;0
RASP;D;20191025;000000;115.4;115.7;113.5;113.52;320210;0
RASP;D;20191028;000000;112.48;113.3;110.2;110.28;808910;0
RASP;D;20191029;000000;110.08;111.46;107.92;108.5;734330;0
RASP;D;20191030;000000;109;110.5;107.18;108.42;997220;0
RASP;D;20191031;000000;108.8;110;108.26;108.3;414040;0
RASP;D;20191101;000000;108.24;109.56;105.74;106.38;869520;0
RASP;D;20191105;000000;107.5;107.9;105.32;105.84;689490;0
RASP;D;20191106;000000;105.78;107.6;105.76;107.34;511610;0
RASP;D;20191107;000000;107.36;109.26;107.36;109.08;486390;0
RASP;D;20191108;000000;109;109.9;107.04;107.38;486890;0
RASP;D;20191111;000000;108;108.38;106.5;107.26;321730;0
RASP;D;20191112;000000;106.8;107.9;106.58;107.3;240350;0
RASP;D;20191113;000000;107.6;107.6;106.1;106.62;243170;0
RASP;D;20191114;000000;106;107.64;103.68;103.8;1276790;0
RASP;D;20191115;000000;103.8;104.64;100.6;101.8;1556770;0
RASP;D;20191118;000000;102;107.46;101.86;107;1110040;0
RASP;D;20191119;000000;107.2;107.58;104.44;105.6;828930;0
RASP;D;20191120;000000;105.6;105.96;103.3;103.9;459790;0
RASP;D;20191121;000000;103.7;106;103.06;106;648080;0
RASP;D;20191122;000000;106;106.78;103.8;104.12;606750;0
RASP;D;20191125;000000;104.2;105.9;104.12;105.78;831620;0
RASP;D;20191126;000000;106.4;106.52;103.2;103.2;3122810;0
RASP;D;20191127;000000;104.16;105.08;103;103.04;757170;0
RASP;D;20191128;000000;103;103.98;103;103.32;289740;0
RASP;D;20191129;000000;103.4;103.58;102.48;102.48;440420;0
RASP;D;20191202;000000;102.88;103.44;101.86;101.86;405100;0
RASP;D;20191203;000000;101.9;102.78;101.1;101.32;493460;0
RASP;D;20191204;000000;101.4;101.6;100.7;101.32;293280;0
RASP;D;20191205;000000;101.6;103.44;101.18;102;577580;0
RASP;D;20191206;000000;101.8;102.58;101.74;101.94;508270;0
RASP;D;20191209;000000;101.8;102.24;101.24;101.62;416810;0
RASP;D;20191210;000000;101.64;101.94;101.3;101.5;374020;0
RASP;D;20191211;000000;101.22;102.2;101.02;101.8;995190;0
RASP;D;20191212;000000;101.8;102;101.5;101.8;904110;0
RASP;D;20191213;000000;101.8;105.38;101.66;102;3118090;0
RASP;D;20191216;000000;102.92;102.92;101.6;101.6;1429110;0
RASP;D;20191217;000000;101.58;102.6;100.88;102;2016780;0
RASP;D;20191218;000000;102.3;106.32;102.3;106.32;2481940;0
RASP;D;20191219;000000;106.02;108.42;104.76;105.22;1867160;0
RASP;D;20191220;000000;105.58;107.4;105;106.5;1456010;0
RASP;D;20191223;000000;107;108.16;105.9;106.08;709190;0
RASP;D;20191224;000000;106;109.3;105.04;109.3;1487750;0
RASP;D;20191225;000000;109.3;109.5;107.6;107.9;522520;0
RASP;D;20191226;000000;107.94;109.28;107.44;107.68;1032910;0
RASP;D;20191227;000000;107.9;108.78;107.24;107.44;471200;0
RASP;D;20191230;000000;107.46;108.3;106.32;106.6;623370;0
RASP;D;20200103;000000;106.44;108.34;106.42;107.7;452170;0
RASP;D;20200106;000000;108.3;108.5;106.6;107.08;440850;0
RASP;D;20200108;000000;107.2;107.98;106.02;106.5;684440;0
RASP;D;20200109;000000;106.5;122.6;106.4;118.54;14789100;0
RASP;D;20200110;000000;119.28;120.76;112.56;113.72;3780890;0
RASP;D;20200113;000000;113.94;117.36;113.84;113.94;1695980;0
RASP;D;20200114;000000;114.2;115.66;113.02;113.3;1092850;0
RASP;D;20200115;000000;113.8;115.28;111.14;112.5;1758940;0
RASP;D;20200116;000000;113.58;116.78;112.5;115.32;1736780;0
RASP;D;20200117;000000;115.9;116.6;114;114.3;1433170;0
RASP;D;20200120;000000;114.3;117.34;114.3;117.26;1668570;0
RASP;D;20200121;000000;116.9;116.9;114.1;114.6;1124340;0
RASP;D;20200122;000000;115.12;116.48;107.6;108.6;3460500;0
RASP;D;20200123;000000;108.98;109.5;103.9;106.92;2184130;0
RASP;D;20200124;000000;106.92;109.62;104.5;107.1;1386210;0
RASP;D;20200127;000000;106.3;106.3;102.22;103.5;2205700;0
RASP;D;20200128;000000;104;104.88;102.58;104.8;1148820;0
RASP;D;20200129;000000;104.9;109.78;104.76;108.12;2830580;0
RASP;D;20200130;000000;107.5;110;106.1;107.76;1702200;0
RASP;D;20200131;000000;107.8;109.28;104.52;104.52;1820970;0
RASP;D;20200203;000000;104;106.4;103.1;105.18;996380;0
RASP;D;20200204;000000;106.18;107.8;105.66;107.1;666820;0
RASP;D;20200205;000000;107.4;109.24;107.02;108.02;1489390;0
RASP;D;20200206;000000;108.7;109.36;107.32;108.28;990950;0
RASP;D;20200207;000000;108.76;109.16;107.6;108.32;902820;0
RASP;D;20200210;000000;108.28;109.1;107.52;108.7;1025020;0
RASP;D;20200211;000000;108.88;112.08;108.02;110.1;1583870;0
RASP;D;20200212;000000;110.76;112.74;110.6;112.48;1169000;0
RASP;D;20200213;000000;111.82;112.12;109.34;110.26;1641920;0
RASP;D;20200214;000000;110.5;115.64;110.5;114.94;3589220;0
RASP;D;20200217;000000;115.4;116.08;112.5;113.4;1694380;0
RASP;D;20200218;000000;113.44;113.94;109.5;110.28;1377950;0
RASP;D;20200219;000000;110.34;112.78;110.32;112.2;716750;0
RASP;D;20200220;000000;112.64;113.18;111;112.2;705780;0
RASP;D;20200221;000000;112.12;113.24;110.74;112.3;789490;0
RASP;D;20200225;000000;110;113.5;108.34;109.92;2614690;0
RASP;D;20200226;000000;108.2;109.52;105;107.7;1650430;0
RASP;D;20200227;000000;106;106.68;102.24;102.4;1529820;0
RASP;D;20200228;000000;99.5;100.48;94.72;95.32;2755390;0
RASP;D;20200302;000000;96.32;100.5;92;98.98;3145320;0
RASP;D;20200303;000000;100;100;96.52;98;1775370;0
RASP;D;20200304;000000;96.34;99.72;96.3;98.02;810660;0
RASP;D;20200305;000000;99;99.74;96.18;96.26;729850;0
RASP;D;20200306;000000;95;96.78;93.8;95.18;2252070;0
RASP;D;20200310;000000;86.18;98;75.18;88.88;3574670;0
RASP;D;20200311;000000;90.48;93.28;89.76;92;1728540;0
RASP;D;20200312;000000;87.14;89.18;82.04;83.02;4016140;0
RASP;D;20200313;000000;82;95.5;81.02;89.98;3389900;0
RASP;D;20200316;000000;89.9;89.9;83.72;86;3327160;0
RASP;D;20200317;000000;85.02;92.92;85.02;87.44;2224020;0
RASP;D;20200318;000000;87.24;89.3;83.96;87.5;2062700;0
RASP;D;20200319;000000;88.16;90.7;85.54;88.5;1713990;0
RASP;D;20200320;000000;82.2;96.8;81.62;89.5;7307990;0
RASP;D;20200323;000000;86.1;91;85.04;90.5;2098540;0
RASP;D;20200324;000000;92;98;91.18;95.9;3150040;0
RASP;D;20200325;000000;96.5;99.82;94.24;98.16;3379230;0
RASP;D;20200326;000000;98;101.78;96.1;99.48;1369910;0
RASP;D;20200327;000000;100.5;100.5;94.2;94.54;1011130;0
RASP;D;20200330;000000;92.96;96.72;92.02;96.44;931300;0
RASP;D;20200331;000000;97;98.28;96.02;97.7;737280;0
RASP;D;20200401;000000;97;98.64;96.38;97.76;717310;0
RASP;D;20200402;000000;98.44;99.78;96.9;99.4;925380;0
RASP;D;20200403;000000;99;101.04;98.4;99.1;645400;0
RASP;D;20200406;000000;99.1;102.38;99.1;100.92;818270;0
RASP;D;20200407;000000;101.74;102.92;98.52;98.98;922830;0
RASP;D;20200408;000000;99.22;100.84;98.7;100.68;566320;0
RASP;D;20200409;000000;101.14;102.6;100.54;101.98;973070;0
RASP;D;20200410;000000;102;102.36;100.2;101.1;990170;0
RASP;D;20200413;000000;101;101.9;98.7;99.4;1922040;0
RASP;D;20200414;000000;100.76;101.7;99.7;100.78;923040;0
RASP;D;20200415;000000;100.78;101.34;97.26;98.1;1145940;0
RASP;D;20200416;000000;97.7;101.12;97.7;100.16;958320;0
RASP;D;20200417;000000;102.44;105.48;100.38;104.6;2974620;0
RASP;D;20200420;000000;104.5;105.18;102.42;104.02;2250190;0
RASP;D;20200421;000000;103.02;104.1;100.76;101.76;2623850;0
RASP;D;20200422;000000;101;106.78;101;105.82;2918260;0
RASP;D;20200423;000000;105.84;106.22;103.16;104.92;1707190;0
RASP;D;20200424;000000;104.34;108.74;103.4;105.46;1655110;0
RASP;D;20200427;000000;105.78;108.44;105.02;107.6;2673860;0
RASP;D;20200428;000000;107.6;107.68;106.4;106.64;825490;0
RASP;D;20200429;000000;107;107.4;104.8;105;1130510;0
RASP;D;20200430;000000;105.76;107.02;104.2;106.04;820830;0
RASP;D;20200504;000000;104.3;106.04;104.2;105.58;411520;0
RASP;D;20200505;000000;105.3;106.84;104.88;105.96;497980;0
RASP;D;20200506;000000;105.56;106.78;104.72;104.96;513100;0
RASP;D;20200507;000000;105.42;105.96;104.96;105;300040;0
RASP;D;20200508;000000;105.64;105.8;104.52;105.32;350880;0
RASP;D;20200512;000000;105.34;107.96;104.8;107.76;926240;0
RASP;D;20200513;000000;107.06;107.94;105.48;106;525470;0
RASP;D;20200514;000000;105.7;106.84;105.04;105.98;505250;0
RASP;D;20200515;000000;106.3;107.5;105.4;106.34;309310;0
RASP;D;20200518;000000;105.88;109.08;105.86;107.12;809110;0
RASP;D;20200519;000000;107.2;108.26;107;107.34;455040;0
RASP;D;20200520;000000;107.98;109.72;107.02;108.66;782060;0
RASP;D;20200521;000000;109.6;109.98;107.9;107.9;436500;0
RASP;D;20200522;000000;107.6;109.86;107.6;109;371630;0
RASP;D;20200525;000000;109.38;110.6;108.96;109.5;478160;0
RASP;D;20200526;000000;110.6;111.8;109.4;110.1;747830;0
RASP;D;20200527;000000;110;111.4;109.54;110.88;414290;0
RASP;D;20200528;000000;110.14;111.48;109.98;110.98;549010;0
RASP;D;20200529;000000;111.24;111.24;106.36;107.5;1471940;0
RASP;D;20200601;000000;108.66;110;108.2;109.56;468130;0
RASP;D;20200602;000000;110.1;110.42;109.16;110.3;649570;0
RASP;D;20200603;000000;110.3;110.78;109.5;110;674710;0
RASP;D;20200604;000000;110.14;110.3;108.54;109.22;890320;0
RASP;D;20200605;000000;106.98;108.3;106.82;107.1;795800;0
RASP;D;20200608;000000;106.5;111;105.02;109.88;1528870;0
RASP;D;20200609;000000;109.98;111.5;107.5;109.06;824500;0
RASP;D;20200610;000000;108.76;109.74;107.72;108.42;486200;0
RASP;D;20200611;000000;107.02;108.22;106.78;107.5;321750;0
RASP;D;20200615;000000;107;107.36;105.56;107.02;295430;0
RASP;D;20200616;000000;108.08;108.7;107.1;107.86;568480;0
RASP;D;20200617;000000;108.06;111.16;107.64;110.9;1006480;0
RASP;D;20200618;000000;110.5;111.36;109.52;111.28;725710;0
RASP;D;20200619;000000;111.28;112.7;110.24;111.42;598330;0
RASP;D;20200622;000000;111.02;114.78;110.3;111.86;1556420;0
RASP;D;20200623;000000;111.74;113.28;110.54;112.22;652270;0
RASP;D;20200625;000000;111.5;112.74;110.56;111.5;637770;0
RASP;D;20200626;000000;112.26;112.76;110.8;111.88;393510;0
RASP;D;20200629;000000;111.02;112.36;108.6;109.96;552460;0
RASP;D;20200630;000000;110.1;110.32;108.28;108.3;193470;0
RASP;D;20200702;000000;109.3;112;108.26;110.92;430530;0
RASP;D;20200703;000000;111.98;111.98;109.2;109.44;263690;0
RASP;D;20200706;000000;109.48;111.4;109.28;110.9;269430;0
RASP;D;20200707;000000;111.96;115;83.12;110.72;435270;0
RASP;D;20200708;000000;110;112.44;109.5;109.5;372780;0
RASP;D;20200709;000000;110.34;111.02;108.66;109.46;202420;0
RASP;D;20200710;000000;109.82;109.82;106.5;107.5;547530;0
RASP;D;20200713;000000;107.72;108.98;107.66;108.72;277270;0
RASP;D;20200714;000000;108.94;108.94;104.44;104.78;922780;0
RASP;D;20200715;000000;104.82;109.26;104.5;109;555270;0
RASP;D;20200716;000000;108.86;108.86;105.64;106.16;373540;0
RASP;D;20200717;000000;106.56;107.92;106.16;107.74;153170;0
RASP;D;20200720;000000;107.96;108.3;105.52;106.9;319460;0
RASP;D;20200721;000000;107.56;108.06;106.72;107.06;324010;0
RASP;D;20200722;000000;107.5;107.78;106.5;107.26;183430;0
RASP;D;20200723;000000;107.82;109.8;106.16;107.76;614070;0
RASP;D;20200724;000000;107.72;108.6;106;107.76;209480;0
RASP;D;20200727;000000;107.36;109.28;107.36;108;316560;0
RASP;D;20200728;000000;108.4;108.88;107.2;108;218680;0
RASP;D;20200729;000000;108.08;108.54;106.82;106.82;521020;0
RASP;D;20200730;000000;107.8;107.8;104.68;105;597720;0
RASP;D;20200731;000000;105.02;106.08;105.02;105.9;333730;0
RASP;D;20200803;000000;105.4;106.82;105.4;106.46;254680;0
RASP;D;20200804;000000;106.48;107.72;105.54;107.64;454630;0
RASP;D;20200805;000000;107.94;110.92;107;110.04;1984000;0
RASP;D;20200806;000000;110.16;112.26;109.4;111.16;916830;0
RASP;D;20200807;000000;111.6;114.9;109.64;112.82;1331460;0
RASP;D;20200810;000000;113.3;113.9;111.06;112;659460;0
RASP;D;20200811;000000;111.26;115.3;111.26;113.34;1320110;0
RASP;D;20200812;000000;112.52;115.8;112.52;115.04;900650;0
RASP;D;20200813;000000;116;117.4;114.12;116.84;731690;0
RASP;D;20200814;000000;116;117.34;114.42;114.7;637590;0
RASP;D;20200817;000000;113.56;115.66;113.56;115.5;682060;0
RASP;D;20200818;000000;114.38;116.86;113.62;113.76;955540;0
RASP;D;20200819;000000;114;115.7;113.64;115.7;528390;0
RASP;D;20200820;000000;115.66;115.66;113.34;113.66;838400;0
RASP;D;20200821;000000;114.56;114.68;112.74;113.36;531470;0
RASP;D;20200824;000000;113.86;118.1;113.08;117.7;1278470;0
RASP;D;20200825;000000;117.96;119.08;115.4;115.76;410910;0
RASP;D;20200826;000000;116.54;119.7;115.5;118.12;746760;0
RASP;D;20200827;000000;119.1;119.1;116.24;117.72;330110;0
RASP;D;20200828;000000;118.12;118.12;115.1;115.22;258180;0
RASP;D;20200831;000000;115.32;116.88;114.38;114.6;362990;0
RASP;D;20200901;000000;114.6;115.54;114.56;115;216660;0
RASP;D;20200902;000000;116;116.18;111.4;113.12;510910;0
RASP;D;20200903;000000;113;113.9;111.02;111.18;470820;0
RASP;D;20200904;000000;111.04;112.48;110.92;111.52;177850;0
RASP;D;20200907;000000;111.56;112.52;110.4;111.82;217150;0
RASP;D;20200908;000000;112.24;114.26;111.1;111.56;343880;0
RASP;D;20200909;000000;111.22;112.9;111.22;112.7;213130;0
RASP;D;20200910;000000;112.88;113.88;112;112.7;182240;0
RASP;D;20200911;000000;113.02;115.14;112.7;114.52;356990;0
RASP;D;20200914;000000;114.82;117.68;114.68;115.2;661560;0
RASP;D;20200915;000000;116.02;119.64;115.3;119.5;760160;0
RASP;D;20200916;000000;119.7;120.58;117.68;118.2;581950;0
RASP;D;20200917;000000;118;119.24;116.78;119.16;312820;0
RASP;D;20200918;000000;119.38;119.92;117.38;117.64;376710;0
RASP;D;20200921;000000;117.64;120.2;116.02;117.02;902540;0
RASP;D;20200922;000000;117.86;119.6;116.88;118.9;317940;0
RASP;D;20200923;000000;119.12;122.66;118.08;120.7;869470;0
RASP;D;20200924;000000;120.98;120.98;118.62;120;287390;0
RASP;D;20200925;000000;120;121.88;116.54;119.38;595720;0
RASP;D;20200928;000000;119.14;121.8;118.26;120.06;315550;0
RASP;D;20200929;000000;120.12;122.5;119.2;120.92;718270;0
RASP;D;20200930;000000;119.14;122.1;119.14;121.36;231130;0
RASP;D;20201001;000000;122.28;122.44;119.56;119.78;241350;0
RASP;D;20201002;000000;119.78;121.56;117.12;119.6;549950;0
RASP;D;20201005;000000;121;121.04;119.12;120.86;247980;0
RASP;D;20201006;000000;119.88;121.7;119.88;120.36;194480;0
RASP;D;20201007;000000;120.44;121;119.1;119.78;205570;0
RASP;D;20201008;000000;120.68;121.24;119.12;119.8;352740;0
RASP;D;20201009;000000;119.2;119.8;117.88;118.5;245980;0
RASP;D;20201012;000000;119.4;121.12;118.26;119.02;453620;0
RASP;D;20201013;000000;119;119.48;116.62;117.44;935540;0
RASP;D;20201014;000000;115.2;117.7;113.52;116.64;961090;0
RASP;D;20201015;000000;117;117.34;114.3;114.48;711970;0
RASP;D;20201016;000000;115.4;115.4;112.1;113.92;405510;0
RASP;D;20201019;000000;113.8;116.06;112.52;113.76;275810;0
RASP;D;20201020;000000;113.36;115.8;112.38;114.4;285190;0
RASP;D;20201021;000000;114.12;117.26;113.28;113.64;313340;0
RASP;D;20201022;000000;113.96;118;113.12;117.36;562870;0
RASP;D;20201023;000000;116.06;117.2;114.48;115.16;453450;0
RASP;D;20201026;000000;115;115.8;114.04;114.84;195640;0
RASP;D;20201027;000000;114.96;115.68;112.04;113.08;431730;0
RASP;D;20201028;000000;113.24;113.86;108.4;111.18;821490;0
RASP;D;20201029;000000;112;115.28;109.24;111;305830;0
RASP;D;20201030;000000;110.94;113.46;109.24;111.04;431870;0
RASP;D;20201102;000000;111;113.08;109.8;112;324770;0
RASP;D;20201103;000000;112.08;115;112.08;114.18;288950;0
RASP;D;20201105;000000;114.36;115.98;113.22;115.66;307450;0
RASP;D;20201106;000000;114.8;116.24;113.36;114.42;210120;0
RASP;D;20201109;000000;115;120.52;115;120.46;2498410;0
RASP;D;20201110;000000;120;125.7;119.72;125;2024320;0
RASP;D;20201111;000000;125;130.76;124.4;130;1970500;0
RASP;D;20201112;000000;129.98;131;127.18;131;1030600;0
RASP;D;20201113;000000;137.2;155;134.04;153.6;21605110;0
RASP;D;20201116;000000;155;156.78;153.62;155.18;5912890;0
RASP;D;20201117;000000;155.1;155.42;153.1;154.02;2100790;0
RASP;D;20201118;000000;154.02;154.78;151.3;154.44;1576980;0
RASP;D;20201119;000000;154.5;157.5;154.5;155.5;2717220;0
RASP;D;20201120;000000;155.92;156;151.6;152;2184600;0
RASP;D;20201123;000000;151.52;151.94;145.82;146.28;2435130;0
RASP;D;20201124;000000;145.8;148.48;143.64;144.76;1412480;0
RASP;D;20201125;000000;145.2;148.44;144.26;147.44;757090;0
RASP;D;20201126;000000;146.72;148.08;145.78;146.44;314480;0
RASP;D;20201127;000000;147.98;148;145.6;147.82;610800;0
RASP;D;20201130;000000;146.22;147.34;146;146.22;617200;0
RASP;D;20201201;000000;146.22;152.02;146.22;151.98;1099100;0
RASP;D;20201202;000000;152;152;148.58;151.02;434930;0
RASP;D;20201203;000000;150;150.84;146.56;146.56;782290;0
RASP;D;20201204;000000;148;148.56;146.16;146.52;415240;0
RASP;D;20201207;000000;146.5;149.84;146.5;148.12;615650;0
RASP;D;20201208;000000;149;149.32;147.82;148.42;250330;0
RASP;D;20201209;000000;147.96;149.18;147.96;149;278970;0
RASP;D;20201210;000000;149.32;149.58;147.48;149.48;333670;0
RASP;D;20201211;000000;149.64;150.86;147.64;149.22;488380;0
RASP;D;20201214;000000;149.9;149.94;146.82;147.58;525660;0
RASP;D;20201215;000000;147.68;148.58;146.6;147.96;547450;0
RASP;D;20201216;000000;148.1;148.5;146.7;148.3;520720;0
RASP;D;20201217;000000;148.88;150.54;147.88;148.62;664370;0
RASP;D;20201218;000000;149.48;154.8;147.62;153.08;994640;0
RASP;D;20201221;000000;154.66;155.76;149.62;153.3;1257480;0
RASP;D;20201222;000000;152.5;155.58;152.5;154.86;727950;0
RASP;D;20201223;000000;155.3;156.38;154.8;155.78;937270;0
RASP;D;20201224;000000;156.38;156.5;152.7;154.26;493930;0
RASP;D;20201225;000000;154.58;155.96;152.04;155.68;322440;0
RASP;D;20201228;000000;155.96;158.14;152.64;154.54;714070;0
RASP;D;20201229;000000;155;159.24;154.58;156.02;1055220;0
RASP;D;20201230;000000;155.56;157.32;155.32;155.78;441490;0
RASP;D;20210104;000000;156.78;158.8;156.06;157.3;487470;0
RASP;D;20210105;000000;156.62;158.72;156.32;156.5;338630;0
RASP;D;20210106;000000;156.5;157.46;155.76;157.36;383150;0
RASP;D;20210108;000000;158.3;159.88;157.54;158.56;822260;0
RASP;D;20210111;000000;158.94;159.88;157.5;158;1278650;0
RASP;D;20210112;000000;157.58;158.7;156.14;156.78;514960;0
RASP;D;20210113;000000;157.28;158.16;154.34;155;814500;0
RASP;D;20210114;000000;155;158.78;154.26;158;954440;0
RASP;D;20210115;000000;156.64;158.72;148.42;154.48;1366380;0
RASP;D;20210118;000000;155.1;156.96;153.76;155.8;502360;0
RASP;D;20210119;000000;155.78;157.48;155.12;156.72;294410;0
RASP;D;20210120;000000;156.72;157.5;155.04;157.5;279110;0
RASP;D;20210121;000000;157.5;157.9;155.74;157.72;717390;0
RASP;D;20210122;000000;157.72;157.84;154.6;156;568130;0
RASP;D;20210125;000000;156.2;159.64;156.04;159.08;1036540;0
RASP;D;20210126;000000;159.1;167.26;158.8;164.02;3496500;0
RASP;D;20210127;000000;164.98;166.88;160.2;162;3156810;0
RASP;D;20210128;000000;161.26;162.4;158.08;162.04;760510;0
RASP;D;20210129;000000;162.7;167;159.72;166.72;1618310;0
RASP;D;20210201;000000;166;170;164.04;167;1238630;0
RASP;D;20210202;000000;167.58;175.44;167.58;173.4;2154520;0
RASP;D;20210203;000000;173.5;180;171.04;178.52;1679700;0
RASP;D;20210204;000000;178.54;183;175.84;176.54;1525120;0
RASP;D;20210205;000000;178.3;179.02;173.5;176.26;738490;0
RASP;D;20210208;000000;177.86;181.98;176.6;181.8;877620;0
RASP;D;20210209;000000;182.54;184;177.82;179.84;602450;0
RASP;D;20210210;000000;179.24;182.94;178.62;179.4;477260;0
RASP;D;20210211;000000;180;180.7;176.58;179.7;531550;0
RASP;D;20210212;000000;179.6;181.1;174.44;179.1;659980;0
RASP;D;20210215;000000;177.1;181.12;177.1;179.8;271990;0
RASP;D;20210216;000000;179.8;182.34;177.56;178.12;689680;0
RASP;D;20210217;000000;179;180.14;175.5;175.58;408370;0
RASP;D;20210218;000000;175.62;179.2;174.22;174.92;554090;0
RASP;D;20210219;000000;175.92;178.44;171;178.44;699240;0
RASP;D;20210220;000000;179.84;180;176.14;177.8;173480;0
RASP;D;20210222;000000;178.14;184.98;175;181.5;944640;0
RASP;D;20210224;000000;184;186.04;180.06;185.6;1216930;0
RASP;D;20210225;000000;186.5;189.38;185.28;186.5;1232920;0
RASP;D;20210226;000000;184.6;184.86;180.24;181.4;798730;0
RASP;D;20210301;000000;182.18;184;176.96;183.1;842870;0
RASP;D;20210302;000000;183.1;185.68;181.44;182;415130;0
RASP;D;20210303;000000;182;186.3;181.68;183.72;510920;0
RASP;D;20210304;000000;184.78;184.78;179.5;180.64;416800;0
RASP;D;20210305;000000;179.1;182.8;177.7;178.1;470280;0
RASP;D;20210309;000000;180.52;185.8;179.06;180.96;545790;0
RASP;D;20210310;000000;182.9;182.9;179.02;181.28;511290;0
RASP;D;20210311;000000;182.36;183.72;181.06;182.56;225360;0
RASP;D;20210312;000000;182.72;183.34;180.5;181.2;229980;0
RASP;D;20210315;000000;181.22;189.2;181.22;189.12;822140;0
RASP;D;20210316;000000;189.98;189.98;184.66;185.72;364410;0
RASP;D;20210317;000000;185.06;186.6;181.18;182.24;654030;0
RASP;D;20210318;000000;182.04;187.52;181.5;181.5;332820;0
RASP;D;20210319;000000;180.9;184.4;179.84;180.66;421740;0
RASP;D;20210322;000000;181.94;185.38;180.98;183.74;400470;0
RASP;D;20210323;000000;185.36;185.38;182.54;183.02;532360;0
RASP;D;20210324;000000;182.22;183.94;181.86;183.32;421750;0
RASP;D;20210325;000000;181.84;184.98;181.8;184.5;732270;0
RASP;D;20210326;000000;185.1;185.98;183.56;184.94;306500;0
RASP;D;20210329;000000;185.88;194.16;181.24;193;1674560;0
RASP;D;20210330;000000;193.1;195.9;187.62;189.68;1556700;0
RASP;D;20210331;000000;189.7;191.88;187.02;189.04;886950;0
RASP;D;20210401;000000;188.52;190.36;187.1;187.98;252300;0
RASP;D;20210402;000000;188.8;191.26;186;190.34;357150;0
RASP;D;20210405;000000;188.84;192.38;188.84;190.22;315090;0
RASP;D;20210406;000000;191.6;191.6;187.5;187.5;189270;0
RASP;D;20210407;000000;187.5;191.3;186.66;188.3;517400;0
RASP;D;20210408;000000;187.52;190.48;187.52;189.7;288650;0
RASP;D;20210409;000000;190.1;191;187.84;188.96;326630;0
RASP;D;20210412;000000;189.36;195.5;187.18;193.02;614860;0
RASP;D;20210413;000000;193.26;199.92;192.22;193.64;777990;0
RASP;D;20210414;000000;194.4;203;193.52;202.48;648120;0
RASP;D;20210415;000000;201.18;204.3;198.02;200;705670;0
RASP;D;20210416;000000;203.04;235.24;203.04;231.86;6370990;0
RASP;D;20210419;000000;232.1;234.18;224.24;227;2393570;0
RASP;D;20210420;000000;228.96;228.96;221.32;221.84;899270;0
RASP;D;20210421;000000;221.44;232;221.44;231.16;1165590;0
RASP;D;20210422;000000;231.2;249;231.16;249;4165790;0
RASP;D;20210423;000000;248;248.68;238;239.26;2484270;0
RASP;D;20210426;000000;241.16;246.66;237;239.28;1290630;0
RASP;D;20210427;000000;240.5;241.78;234.06;235.66;814410;0
RASP;D;20210428;000000;235.88;239.58;233.86;239.58;654820;0
RASP;D;20210429;000000;240;244.22;235.08;237.34;589100;0
RASP;D;20210430;000000;237.34;238.1;232.6;237.42;621920;0
RASP;D;20210504;000000;237.5;240.38;236.06;237.3;233610;0
RASP;D;20210505;000000;237.1;240.22;236.38;238.04;225410;0
RASP;D;20210506;000000;238.32;239.5;234.34;237.8;465160;0
RASP;D;20210507;000000;239.5;248.96;236.48;243.34;954890;0
RASP;D;20210510;000000;244.02;245.1;237.8;238.1;494150;0
RASP;D;20210511;000000;236.68;244.88;236.68;239.86;512760;0
RASP;D;20210512;000000;242.58;244.12;240.36;244.08;325440;0
RASP;D;20210513;000000;244.1;251.96;244.1;251.74;1307470;0
RASP;D;20210514;000000;253.78;256.98;247.2;252.18;850800;0
RASP;D;20210517;000000;251.68;262.88;251.52;262.04;1159570;0
RASP;D;20210518;000000;263;265.92;257.48;262.08;1104170;0
RASP;D;20210519;000000;263.2;264.82;256.1;257.8;739940;0
RASP;D;20210520;000000;257.32;266;257.32;266;776410;0
RASP;D;20210521;000000;266;274;258.72;259.88;1500410;0
RASP;D;20210524;000000;260.08;262.5;257.64;258.34;577580;0
RASP;D;20210525;000000;258.36;261.96;258;258;375810;0
RASP;D;20210526;000000;259.86;260.46;253.54;254.5;560890;0
RASP;D;20210527;000000;253.54;258;252.34;252.78;389260;0
RASP;D;20210528;000000;252.78;256.94;251.54;254.56;287200;0
RASP;D;20210531;000000;255.98;260.58;255.72;258.52;478350;0
RASP;D;20210601;000000;258.94;262.24;257.92;259.74;335810;0
RASP;D;20210602;000000;259.5;261.8;256.26;257.28;417820;0
RASP;D;20210603;000000;258.88;261.78;255.08;257;446630;0
RASP;D;20210604;000000;253.42;253.66;248.2;248.58;673680;0
RASP;D;20210607;000000;248.16;248.5;242.52;245.3;618880;0
RASP;D;20210608;000000;245.86;246.76;241.02;242.88;749950;0
RASP;D;20210609;000000;245.8;245.86;237.76;239;1057880;0
RASP;D;20210610;000000;240.22;243.44;237.4;241.8;445180;0
RASP;D;20210611;000000;243.7;249.1;242.04;247.3;494230;0
RASP;D;20210614;000000;247.22;257.3;244.6;246.5;584630;0
RASP;D;20210615;000000;245.34;246.76;241.34;241.5;377740;0
RASP;D;20210616;000000;242.4;243.38;238.64;239.64;317160;0
RASP;D;20210617;000000;237.36;239.52;235.02;236.24;544520;0
RASP;D;20210618;000000;235.02;240.46;230.6;240.46;1099760;0
RASP;D;20210621;000000;239.38;242.36;235.64;236.5;871830;0
RASP;D;20210622;000000;236.76;240.4;233.16;235.62;590500;0
RASP;D;20210623;000000;235.5;237.2;233.5;233.54;301160;0
RASP;D;20210624;000000;233.94;236.22;229.1;229.42;548620;0
RASP;D;20210625;000000;230;236.86;224.58;224.82;1084090;0
RASP;D;20210628;000000;224.82;229.14;219.02;219.58;975680;0
RASP;D;20210629;000000;219;220.72;210.38;213.88;1421780;0
RASP;D;20210630;000000;214;219.38;214;218.22;1266460;0
RASP;D;20210701;000000;221;222.5;216.06;217.4;608300;0
RASP;D;20210702;000000;217;219.64;215;217;409550;0
RASP;D;20210705;000000;217.4;247;214.4;245;4066570;0
RASP;D;20210706;000000;244.38;244.9;234;234.78;1966660;0
RASP;D;20210707;000000;237.42;239.78;234.5;237.44;541630;0
RASP;D;20210708;000000;237.44;238.32;232.22;235.98;664240;0
RASP;D;20210709;000000;236.98;242.5;234.5;239.16;566120;0
RASP;D;20210712;000000;239.16;244.58;238.44;242.34;384150;0
RASP;D;20210713;000000;242.92;244.36;238.6;241.62;478070;0
RASP;D;20210714;000000;242;255.16;239.54;253;1448390;0
RASP;D;20210715;000000;254.9;254.9;247.38;248.7;531220;0
RASP;D;20210716;000000;248.7;253.88;243.26;252;520320;0
RASP;D;20210719;000000;250.34;251.48;247;249.66;719920;0
RASP;D;20210720;000000;247.46;249.96;241.86;246.78;759620;0
RASP;D;20210721;000000;248.04;251.48;246.96;249.12;335470;0
RASP;D;20210722;000000;249.22;252.4;246.42;250.7;333390;0
RASP;D;20210723;000000;251.52;257.44;251.52;255.7;893630;0
RASP;D;20210726;000000;253.46;256.9;249.06;254;400010;0
RASP;D;20210727;000000;255.04;260.34;251.3;251.34;713630;0
RASP;D;20210728;000000;253.5;259;252.02;257.86;369690;0
RASP;D;20210729;000000;260.5;263.52;258.1;261.92;500570;0
RASP;D;20210730;000000;260;261.8;256;256.6;529950;0
RASP;D;20210802;000000;256.64;264.72;256;262.7;510200;0
RASP;D;20210803;000000;263;267;257.5;258.94;705760;0
RASP;D;20210804;000000;260.44;264;258;260.68;422450;0
RASP;D;20210805;000000;262.5;265.54;259;260.64;559790;0
RASP;D;20210806;000000;262;263.24;256.3;257.74;359710;0
RASP;D;20210809;000000;257.28;261.3;254.44;260.5;454760;0
RASP;D;20210810;000000;260.5;261.2;257.1;258.34;362350;0
RASP;D;20210811;000000;258.6;262.64;258;261.4;712470;0
RASP;D;20210812;000000;260.3;262.74;258.5;260.7;264750;0
RASP;D;20210813;000000;262.32;266.8;261.02;265.22;479920;0
RASP;D;20210816;000000;265.52;267.92;261;263.28;897390;0
RASP;D;20210817;000000;264.9;270.44;263.3;263.6;603150;0
RASP;D;20210818;000000;263.8;269.16;261.52;262.06;346770;0
RASP;D;20210819;000000;260;260.84;253.66;254.96;698490;0
RASP;D;20210820;000000;280.46;351.6;280.46;325;13226610;0
RASP;D;20210823;000000;329;335;318.32;329.96;3055660;0
RASP;D;20210824;000000;327.32;343;327;332.7;2543770;0
RASP;D;20210825;000000;334.1;351;330.14;349.12;1625380;0
RASP;D;20210826;000000;350;361.36;346.6;358;2039510;0
RASP;D;20210827;000000;359.98;359.98;350.02;359.32;1357570;0
RASP;D;20210830;000000;359;382;357;379.98;1656510;0
RASP;D;20210831;000000;379.8;397.9;373;384;3451470;0
RASP;D;20210901;000000;384.7;387.96;377;386.06;1142270;0
RASP;D;20210902;000000;388.7;389.8;380.14;381.3;1166850;0
RASP;D;20210903;000000;381.36;383.44;372.22;377.14;1003350;0
RASP;D;20210906;000000;383.08;385;377.8;383.6;864780;0
RASP;D;20210907;000000;384.98;406.72;384.72;397.74;2581050;0
RASP;D;20210908;000000;401.76;401.76;394.52;396.68;748390;0
RASP;D;20210909;000000;396;398.24;387.78;393.6;719710;0
RASP;D;20210910;000000;393.6;402.48;393.6;399.92;490410;0
RASP;D;20210913;000000;400.3;405.98;398.4;402.54;632610;0
RASP;D;20210914;000000;405.92;405.96;399;399.16;333630;0
RASP;D;20210915;000000;401.96;418.7;398.26;415.52;1373530;0
RASP;D;20210916;000000;416;420;397;407.76;1990510;0
RASP;D;20210917;000000;404;406;390.22;404.82;1951200;0
RASP;D;20210920;000000;395.94;399.98;375;375;1696350;0
RASP;D;20210921;000000;380.5;389;365.94;370.7;1701280;0
RASP;D;20210922;000000;374.8;393.7;372.7;389.2;1941880;0
RASP;D;20210923;000000;392.6;399;378.4;382.52;1645490;0
RASP;D;20210924;000000;386.76;395;383.04;387.98;873610;0
RASP;D;20210927;000000;392.64;397.6;390.62;395;801290;0
RASP;D;20210928;000000;398;400;385.1;388.34;1154470;0
RASP;D;20210929;000000;383.8;391.9;381.04;386;642680;0
RASP;D;20210930;000000;386.6;410;386.6;406.4;2164000;0
RASP;D;20211001;000000;384.1;392.98;381;386.02;2091280;0
RASP;D;20211004;000000;389;392.46;376.06;382.04;1338800;0
RASP;D;20211005;000000;386.98;390.54;380.34;385;912440;0
RASP;D;20211006;000000;388.5;390.5;378.62;386.38;1123220;0
RASP;D;20211007;000000;387;391.98;383.76;388.52;736100;0
RASP;D;20211008;000000;390.02;394.48;384.3;394.08;537980;0
RASP;D;20211011;000000;397;454.16;395.02;450.3;5787990;0
RASP;D;20211012;000000;450.4;481;440.02;463.1;7376820;0
RASP;D;20211013;000000;464;469.26;440.46;444.3;2767190;0
RASP;D;20211014;000000;444.5;464.9;444.5;462.36;1654070;0
RASP;D;20211015;000000;465.5;472;455;459.32;1615950;0
RASP;D;20211018;000000;460.6;487.4;460.6;477.82;3343370;0
RASP;D;20211019;000000;480.76;491.4;468.5;473;2150310;0
RASP;D;20211020;000000;474;475.64;460;465.7;1020730;0
RASP;D;20211021;000000;463;465.6;444.36;450.04;1648060;0
RASP;D;20211022;000000;443.34;467.7;433.3;449.1;2644060;0
RASP;D;20211025;000000;453.6;456.34;440.6;449.96;1070520;0
RASP;D;20211026;000000;450;454;443.5;445.38;556250;0
RASP;D;20211027;000000;442.9;449.5;427.06;435.46;1718190;0
RASP;D;20211028;000000;434.98;434.98;403.56;432.82;3496390;0
RASP;D;20211029;000000;430.38;436.2;421;431.2;1135590;0
RASP;D;20211101;000000;427.72;467.28;427.72;467;2092300;0
RASP;D;20211102;000000;465.9;466;452.34;454.84;1657020;0
RASP;D;20211103;000000;454.8;466;448.2;459.14;1037240;0
RASP;D;20211105;000000;460;462.58;448.7;450.54;549540;0
RASP;D;20211108;000000;451.72;463;450.56;452.68;772170;0
RASP;D;20211109;000000;452.7;461.2;451.02;453.78;591680;0
RASP;D;20211110;000000;456.04;469.8;430;435;2493680;0
RASP;D;20211111;000000;434;437.38;420.64;431;1204630;0
RASP;D;20211112;000000;433.46;438.16;416.5;424.7;1125310;0
RASP;D;20211115;000000;422.5;430.48;421.52;424.54;695190;0
RASP;D;20211116;000000;423.5;430.3;411.72;414.5;1176690;0
RASP;D;20211117;000000;413.48;426.4;402.4;404.72;1732340;0
RASP;D;20211118;000000;406.5;418.42;386.4;390.6;2237690;0
RASP;D;20211119;000000;392;402.46;362.94;381.24;3437790;0
RASP;D;20211122;000000;378.9;378.9;339.24;371;5510560;0
RASP;D;20211123;000000;383.98;426.98;374.48;422.1;9054550;0
RASP;D;20211124;000000;426.32;442.96;406.64;417.4;8248950;0
RASP;D;20211125;000000;421.02;427.38;411.02;413.98;1563400;0
RASP;D;20211126;000000;400;408.92;383.4;393.22;3258290;0
RASP;D;20211129;000000;399.4;414;392.5;404.62;1785340;0
RASP;D;20211130;000000;400.12;402.3;391.4;392.3;861090;0
RASP;D;20211201;000000;394;411.8;393.82;406.06;1554260;0
RASP;D;20211202;000000;406;409.84;397;400.7;797880;0
RASP;D;20211203;000000;406.1;409.9;401.14;404.98;560230;0
RASP;D;20211206;000000;408.94;412;392.08;399;619430;0
RASP;D;20211207;000000;402.32;406.8;395;406.48;479090;0
RASP;D;20211208;000000;412;415;399;399.9;497030;0
RASP;D;20211209;000000;403.1;407.2;400.22;404.92;346310;0
RASP;D;20211210;000000;415.36;416.4;396.4;397.06;1165190;0
RASP;D;20211213;000000;401.4;403.2;367;380.14;2066960;0
RASP;D;20211214;000000;373.86;390;373.32;382.88;1714000;0
RASP;D;20211215;000000;384.2;394.88;372.6;376.4;1338030;0
RASP;D;20211216;000000;380.8;405.68;380.8;404;1725280;0
RASP;D;20211217;000000;401.72;402.44;394;398;889890;0
RASP;D;20211220;000000;395.78;421.76;390.14;414.96;1671980;0
RASP;D;20211221;000000;419;432;418.7;425.3;1621060;0
RASP;D;20211222;000000;423.54;437.68;420.68;432.28;895460;0
RASP;D;20211223;000000;431.02;455;431.02;454;2691040;0
RASP;D;20211224;000000;455.28;463;440.4;451.84;2083220;0
RASP;D;20211227;000000;452.32;464;452.32;458;1020860;0
RASP;D;20211228;000000;459;464.9;458;459.6;539130;0
RASP;D;20211229;000000;459.02;461.68;445.68;452;998660;0
RASP;D;20211230;000000;453.6;471;450.04;469.3;977520;0
RASP;D;20220103;000000;470;486.54;470;475.2;1290750;0
RASP;D;20220104;000000;478.94;485.44;475.78;484.34;1000500;0
RASP;D;20220105;000000;485.3;488.78;478;483.7;1431430;0
RASP;D;20220106;000000;480.7;484.78;473.02;480.1;1344420;0
RASP;D;20220107;000000;0;0;0;0;0;0
RASP;D;20220110;000000;483;493.68;483;485.64;1524930;0
RASP;D;20220111;000000;486.3;492.52;475;475.32;1498220;0
RASP;D;20220112;000000;475.4;481.84;458.04;478.72;4264670;0
RASP;D;20220113;000000;455;490.5;455;475.86;3196130;0
RASP;D;20220114;000000;476.02;487.4;449.04;466.88;4082140;0
RASP;D;20220117;000000;444;450.52;419.12;427;4202890;0
RASP;D;20220118;000000;425;426.28;372.16;386.2;7665630;0
RASP;D;20220119;000000;384.84;423.84;367.08;411;4920920;0
RASP;D;20220120;000000;420.04;432.72;401.3;413.8;2835090;0
RASP;D;20220121;000000;410;424.7;402.7;414.8;2343720;0
RASP;D;20220124;000000;415;417.92;369;377.6;3662150;0
RASP;D;20220125;000000;383;400;377.76;389.06;2677370;0
RASP;D;20220126;000000;387.54;416.52;386.1;408.08;2180780;0
RASP;D;20220127;000000;407.86;420.9;400.2;412.56;1670990;0
RASP;D;20220128;000000;420.12;424.4;410.04;413.04;1312840;0
RASP;D;20220131;000000;419;425.5;414.1;415.88;1045780;0
RASP;D;20220201;000000;416.2;420.55;408.2;414.75;881300;0
RASP;D;20220202;000000;418.85;423.7;412.15;421.8;836410;0
RASP;D;20220203;000000;418;423.25;403.35;405.6;1127660;0
RASP;D;20220204;000000;410;417.2;404.85;407.95;1309540;0
RASP;D;20220207;000000;412.25;414.1;404.9;408.6;576330;0
RASP;D;20220208;000000;413.05;416.7;408.65;415.65;788200;0
RASP;D;20220209;000000;417.1;467.7;417.1;461.2;4619720;0
RASP;D;20220210;000000;461;465.95;447.65;462.6;2657430;0
RASP;D;20220211;000000;453.3;459.15;442.45;459;1734740;0
RASP;D;20220214;000000;445.4;456.4;434.5;452.5;4601170;0
RASP;D;20220215;000000;459;486.7;452.05;477.4;3613640;0
RASP;D;20220216;000000;483.6;520;472.5;517;5783360;0
RASP;D;20220217;000000;505.1;522.3;495.25;495.25;4253140;0
RASP;D;20220218;000000;501.45;508;457.1;487;3520420;0
RASP;D;20220221;000000;502;507.35;395;425;5462990;0
RASP;D;20220222;000000;396;494.5;380;481.3;6294410;0
RASP;D;20220223;000000;0;0;0;0;0;0
RASP;D;20220224;000000;433.2;433.2;165;266.3;9467540;0
RASP;D;20220225;000000;292.9;355;281;320;6036260;0
RASP;D;20220228;000000;0;0;0;0;0;0
RASP;D;20220301;000000;0;0;0;0;0;0
RASP;D;20220302;000000;0;0;0;0;0;0
RASP;D;20220303;000000;0;0;0;0;0;0
RASP;D;20220304;000000;0;0;0;0;0;0
RASP;D;20220309;000000;0;0;0;0;0;0
RASP;D;20220310;000000;0;0;0;0;0;0
RASP;D;20220311;000000;0;0;0;0;0;0
RASP;D;20220314;000000;0;0;0;0;0;0
RASP;D;20220315;000000;0;0;0;0;0;0
RASP;D;20220316;000000;0;0;0;0;0;0
RASP;D;20220317;000000;0;0;0;0;0;0
RASP;D;20220318;000000;0;0;0;0;0;0
RASP;D;20220321;000000;0;0;0;0;0;0
RASP;D;20220322;000000;0;0;0;0;0;0
RASP;D;20220323;000000;0;0;0;0;0;0
RASP;D;20220324;000000;0;0;0;0;0;0
RASP;D;20220325;000000;0;0;0;0;0;0
RASP;D;20220328;000000;352;390;281;349.9;2711860;0
RASP;D;20220329;000000;350;399;339;387.8;1646390;0
RASP;D;20220330;000000;410;440.9;390;424.35;1264250;0
RASP;D;20220331;000000;420.05;439.5;402.55;423.1;1430110;0
RASP;D;20220401;000000;422;422.7;388.45;396.95;1395370;0
RASP;D;20220404;000000;399.8;399.8;365.05;387;1098250;0
RASP;D;20220405;000000;391;395;355;370.5;814290;0
RASP;D;20220406;000000;365.1;390;365.1;385.5;478580;0
RASP;D;20220407;000000;387;391;375.6;382.05;401440;0
RASP;D;20220408;000000;382.05;383.2;365.6;372;230820;0
RASP;D;20220411;000000;370;386;361.25;374;418810;0
RASP;D;20220412;000000;374.3;377.7;361;376.7;239390;0
RASP;D;20220413;000000;379.75;403.5;377.05;401.9;1135400;0
RASP;D;20220414;000000;405.9;422.5;403;408.15;1284520;0
RASP;D;20220415;000000;408.05;413;377.75;398.6;780150;0
RASP;D;20220418;000000;402.6;412.25;395.35;403.15;283220;0
RASP;D;20220419;000000;407;408;379.95;391.15;534570;0
RASP;D;20220420;000000;397.5;399.85;382;392;255420;0
RASP;D;20220421;000000;395.05;398;388.35;394;206710;0
RASP;D;20220422;000000;393.35;402.85;393.35;400.2;353280;0
RASP;D;20220425;000000;398;398;376.05;385;432120;0
RASP;D;20220426;000000;385;396.6;384.1;395.05;266510;0
RASP;D;20220427;000000;397;405;393.05;395.8;343370;0
RASP;D;20220428;000000;401.95;408.95;387.8;405;652440;0
RASP;D;20220429;000000;401;408;394;404;322340;0
RASP;D;20220504;000000;404;405.7;390;391.35;193290;0
RASP;D;20220505;000000;391.55;396.8;386.6;387.95;148720;0
RASP;D;20220506;000000;387.5;387.5;381;383.5;103340;0
RASP;D;20220511;000000;382;391.45;381.6;388.15;138500;0
RASP;D;20220512;000000;390.1;394.5;367;372.4;239540;0
RASP;D;20220513;000000;377;379.95;369.1;372;118000;0
RASP;D;20220516;000000;372;384.7;370.6;375.15;232100;0
RASP;D;20220517;000000;379.45;380.7;374.1;377.8;218710;0
RASP;D;20220518;000000;377.5;391.1;377.5;384.1;298910;0
RASP;D;20220519;000000;384;391;375;377.5;199280;0
RASP;D;20220520;000000;377.5;380;368;372.3;187070;0
RASP;D;20220523;000000;371.75;375.75;346.5;352.1;308480;0
RASP;D;20220524;000000;350;350;324.8;339.5;1091440;0
RASP;D;20220525;000000;347;347;330;339.95;326830;0
RASP;D;20220526;000000;340;354.9;337.15;342;336820;0
RASP;D;20220527;000000;344.95;349.45;334.5;336.95;245990;0
RASP;D;20220530;000000;339.95;339.95;329.1;337.55;224550;0
RASP;D;20220531;000000;337.55;338.8;323;329.05;186000;0
RASP;D;20220601;000000;329.5;337;325.05;331.3;213850;0
RASP;D;20220602;000000;331.05;349;330;345;417930;0
RASP;D;20220603;000000;345;348;335;338.1;184120;0
RASP;D;20220606;000000;341.85;341.85;330;333.85;140700;0
RASP;D;20220607;000000;334.85;347;333.3;336.85;213190;0
RASP;D;20220608;000000;337.9;346;330.45;335;225400;0
RASP;D;20220609;000000;335;335;315.15;317.7;419790;0
RASP;D;20220610;000000;316.55;321;297.75;299;697780;0
RASP;D;20220614;000000;297;308.5;267.55;272.55;1649790;0
RASP;D;20220615;000000;276.8;289;275.3;283.35;1207690;0
RASP;D;20220616;000000;285.9;292.85;283.4;287.1;799690;0
RASP;D;20220617;000000;287.4;287.4;275.7;281;456880;0
RASP;D;20220620;000000;280;305;278;303;806490;0
RASP;D;20220621;000000;304;310;288.1;297.8;776220;0
RASP;D;20220622;000000;299;299.95;284.45;292.95;444700;0
RASP;D;20220623;000000;290;294.4;286;290.65;330160;0
RASP;D;20220624;000000;292.2;301.45;291.5;298;368780;0
RASP;D;20220627;000000;300;306.35;298.55;301.45;426670;0
RASP;D;20220628;000000;303.45;310;290.2;305.05;570000;0
RASP;D;20220629;000000;306.05;324.85;302;305;1102770;0
RASP;D;20220630;000000;305.25;309.55;281.1;295.55;703720;0
RASP;D;20220701;000000;291.5;296;286;288.25;460150;0
RASP;D;20220704;000000;287.05;293;278.5;280;399160;0
RASP;D;20220705;000000;281.1;284;258;276.15;1311400;0
RASP;D;20220706;000000;276.15;290;272.05;281.85;598920;0
RASP;D;20220707;000000;281.05;287;276.2;279.3;333620;0
RASP;D;20220708;000000;279.3;302;279.05;297.5;1902880;0
RASP;D;20220711;000000;299;299.7;283;288.15;1189330;0
RASP;D;20220712;000000;285.65;287.5;280;283.5;522030;0
RASP;D;20220713;000000;285.4;285.4;262;263.5;1101980;0
RASP;D;20220714;000000;263.5;273;262;266;724910;0
RASP;D;20220715;000000;268;270;259.5;263;721410;0
RASP;D;20220718;000000;265;268.55;264.3;267;243920;0
RASP;D;20220719;000000;267;267.55;258;263.5;348900;0
RASP;D;20220720;000000;263.8;265.8;255;257.25;363880;0
RASP;D;20220721;000000;257.45;257.75;237.2;242;1197800;0
RASP;D;20220722;000000;242.1;257;242.05;252.2;822780;0
RASP;D;20220725;000000;254.2;257.9;250.25;253.25;345130;0
RASP;D;20220726;000000;253.3;264.9;253.3;264.8;449330;0
RASP;D;20220727;000000;264.8;277;261.75;263.35;850050;0
RASP;D;20220728;000000;263.4;265.95;254.55;260.25;517670;0
RASP;D;20220729;000000;260.3;266.65;258.45;264.85;409660;0
RASP;D;20220801;000000;265;278.5;265;277.6;924110;0
RASP;D;20220802;000000;277.8;279.5;258.55;269.45;792000;0
RASP;D;20220803;000000;269.45;276.9;267;271.3;447660;0
RASP;D;20220804;000000;275;289.25;273.35;289;2324430;0
RASP;D;20220805;000000;292.85;295;278;283.8;1666690;0
RASP;D;20220808;000000;296;303.75;285.65;299.45;1614580;0
RASP;D;20220809;000000;302;317;300.05;316.15;3979610;0
RASP;D;20220810;000000;317.1;323;308.9;318.5;3004850;0
RASP;D;20220811;000000;322.2;327.55;292.75;295.45;8012630;0
RASP;D;20220812;000000;295.1;298.8;290.2;298.7;1530270;0
RASP;D;20220815;000000;298.9;303.9;294.8;299.25;691860;0
RASP;D;20220816;000000;299.25;307.4;299;303.05;1013750;0
RASP;D;20220817;000000;303.8;307.4;296.65;297.2;768930;0
RASP;D;20220818;000000;299;302.8;292;296.25;760340;0
RASP;D;20220819;000000;296;296.4;293.1;295.8;305770;0
RASP;D;20220822;000000;296;304.65;295.2;303.4;545750;0
RASP;D;20220823;000000;304;306.05;298.3;299;459040;0
RASP;D;20220824;000000;299.7;303.2;297.8;301.65;281510;0
RASP;D;20220825;000000;302.75;305.8;297.6;301;473950;0
RASP;D;20220826;000000;303.4;303.5;299.15;302;285650;0
RASP;D;20220829;000000;301;310.75;300.65;308.75;1029330;0
RASP;D;20220830;000000;311;314.2;301.2;305;1054090;0
RASP;D;20220831;000000;307.5;308.8;301.2;307.65;682040;0
RASP;D;20220901;000000;308.5;312.65;305.7;308.35;956130;0
RASP;D;20220902;000000;309.55;311.5;307;311.45;627360;0
RASP;D;20220905;000000;313.45;332;312;328.15;2798350;0
RASP;D;20220906;000000;329.15;330.85;283;317.15;2569230;0
RASP;D;20220907;000000;319.7;319.7;309.55;314.6;560170;0
RASP;D;20220908;000000;314.85;315.95;305.95;307.8;615590;0
RASP;D;20220909;000000;310.9;315.9;309.5;315.35;553190;0
RASP;D;20220912;000000;316;321;313.85;317.2;626020;0
RASP;D;20220913;000000;318;319.25;311;312.75;366870;0
RASP;D;20220914;000000;313.7;313.8;303.5;309.3;575420;0
RASP;D;20220915;000000;305.1;306.35;300.45;303.6;1004930;0
RASP;D;20220916;000000;303.6;305.35;300.1;303.1;369740;0
RASP;D;20220919;000000;303.4;305;301.05;301.05;257870;0
RASP;D;20220920;000000;300.05;301.8;271.75;275.65;1905830;0
RASP;D;20220921;000000;250;280;237.6;268.45;1347300;0
RASP;D;20220922;000000;268.4;282.85;268.05;276.6;696420;0
RASP;D;20220923;000000;279.3;280;260.6;264.8;546640;0
RASP;D;20220926;000000;255;255;214;229;1835340;0
RASP;D;20220927;000000;228.5;239.15;210.7;218.65;1230570;0
RASP;D;20220928;000000;220.3;224.4;203;204;1137520;0
RASP;D;20220929;000000;204.5;210.75;187.25;196.4;1668870;0
RASP;D;20220930;000000;196.75;205.8;183.2;196.5;1395250;0
RASP;D;20221003;000000;204.35;220.85;201.5;216;1458970;0
RASP;D;20221004;000000;218.65;230.8;212;215.6;1445820;0
RASP;D;20221005;000000;215.6;215.6;202.65;212.2;1104930;0
RASP;D;20221006;000000;212.95;220;206.55;208;936970;0
RASP;D;20221007;000000;208.85;208.85;200;200.3;740600;0
RASP;D;20221010;000000;190.9;212;185.2;206.9;1073980;0
RASP;D;20221011;000000;206.5;209.75;204;204.9;628870;0
RASP;D;20221012;000000;205.95;209.1;203.45;205.65;552670;0
RASP;D;20221013;000000;205;208.55;203;205.8;376190;0
RASP;D;20221014;000000;206.5;212.15;204.6;211;594490;0
RASP;D;20221017;000000;213.8;225.55;212.8;223.6;1554030;0
RASP;D;20221018;000000;225;227.7;216.8;219.9;928950;0
RASP;D;20221019;000000;217.4;218.6;211;213.15;750870;0
RASP;D;20221020;000000;212.05;217.6;211;215.3;624670;0
RASP;D;20221021;000000;216;219.65;214.05;215.7;544080;0
RASP;D;20221024;000000;217.45;222.3;215;216.65;614650;0
RASP;D;20221025;000000;217;226.5;215.5;224.75;661610;0
RASP;D;20221026;000000;226.5;233.85;221.2;227.6;1299820;0
RASP;D;20221027;000000;227.8;243.5;227.6;242;1466090;0
RASP;D;20221028;000000;241;245;235.25;240.6;990860;0
RASP;D;20221031;000000;241;244.8;237.45;240.2;669110;0
RASP;D;20221101;000000;241;244;238;238.3;413300;0
RASP;D;20221102;000000;238.3;239.65;231.5;233.8;679770;0
RASP;D;20221103;000000;232.2;235.7;224.15;233.65;759020;0
RASP;D;20221107;000000;235.6;241.9;234.45;241.2;712950;0
RASP;D;20221108;000000;241.6;241.8;236;238.1;364450;0
RASP;D;20221109;000000;238;238.8;232;232;421790;0
RASP;D;20221110;000000;231.9;238.7;230.05;236;638670;0
RASP;D;20221111;000000;236.2;239.3;232.2;234.55;449260;0
RASP;D;20221114;000000;237;237;233.7;235.2;337380;0
RASP;D;20221115;000000;235.2;240.65;231.7;239.05;791450;0
RASP;D;20221116;000000;238.5;238.75;231.9;237.15;684080;0
RASP;D;20221117;000000;238;249.6;236.4;243.35;2935480;0
RASP;D;20221118;000000;244;246.8;239;240.6;1051310;0
RASP;D;20221121;000000;243.5;243.5;232.45;234.75;793830;0
RASP;D;20221122;000000;234.75;236.95;231.7;234;628680;0
RASP;D;20221123;000000;233;236.1;230.65;233.85;568900;0
RASP;D;20221124;000000;234;235.3;232.15;232.7;242060;0
RASP;D;20221125;000000;232.7;233.25;229.7;230.65;312900;0
RASP;D;20221128;000000;230;230;226.1;227.95;398540;0
RASP;D;20221129;000000;228.35;233.15;228.35;232.9;516810;0
RASP;D;20221130;000000;233;233.8;228.5;229.35;349450;0
RASP;D;20221201;000000;229.9;233.45;229.35;232;398350;0
RASP;D;20221202;000000;232;232.35;229.6;230.2;177810;0
RASP;D;20221205;000000;230.55;234.25;229;232.6;299730;0
RASP;D;20221206;000000;233.4;233.4;229.15;230;409830;0
RASP;D;20221207;000000;230;230.7;228;230.6;288810;0
RASP;D;20221208;000000;230.6;231.75;228.65;228.9;143840;0
RASP;D;20221209;000000;228.85;230.65;228.6;229;104070;0
RASP;D;20221212;000000;229;230;222;226.85;271270;0
RASP;D;20221213;000000;226.85;229.9;225.1;225.65;256430;0
RASP;D;20221214;000000;225.6;225.7;222.6;222.6;298720;0
RASP;D;20221215;000000;222;222.55;218.3;219.55;483180;0
RASP;D;20221216;000000;219.55;219.75;217.6;219.3;232660;0
RASP;D;20221219;000000;220;221;215.95;218.95;363550;0
RASP;D;20221220;000000;218.75;227.7;217.95;227.5;420410;0
RASP;D;20221221;000000;228.5;231.55;222.15;224.05;359710;0
RASP;D;20221222;000000;225.25;229;224.75;225.9;247870;0
RASP;D;20221223;000000;226;226.4;224;224.35;145620;0
RASP;D;20221226;000000;224.6;227.35;224.25;225.25;212780;0
RASP;D;20221227;000000;226;227;225.1;226.45;209240;0
RASP;D;20221228;000000;226.6;227.7;223.3;223.35;596510;0
RASP;D;20221229;000000;223.8;226;222.15;224;257660;0
RASP;D;20221230;000000;224.4;227.5;224;227;299130;0
RASP;D;20230103;000000;228.75;232;227;231.25;280060;0
RASP;D;20230104;000000;231.25;232.05;228.5;230.25;156910;0
RASP;D;20230105;000000;231.25;231.25;229.2;229.85;92220;0
RASP;D;20230106;000000;230.55;231.65;225.85;226.25;283360;0
RASP;D;20230109;000000;225.9;227.25;223.9;224.8;303310;0
RASP;D;20230110;000000;224.8;225.65;223;224.7;195300;0
RASP;D;20230111;000000;224;227.4;223.5;226.85;250190;0
RASP;D;20230112;000000;228.7;232.9;227.05;231.6;575740;0
RASP;D;20230113;000000;232.35;234;230;230.95;403820;0
RASP;D;20230116;000000;232.6;238.75;231.2;238.2;701960;0
RASP;D;20230117;000000;239;249.8;238.8;246.2;2399970;0
RASP;D;20230118;000000;246.7;246.8;240.65;242.5;779950;0
RASP;D;20230119;000000;242.5;242.55;234.85;241;808010;0
RASP;D;20230120;000000;241;245;236.8;241.8;449200;0
RASP;D;20230123;000000;243;245.45;241.05;243.25;376470;0
RASP;D;20230124;000000;243.7;245.7;240.5;242.15;369420;0
RASP;D;20230125;000000;241;242.9;239;240.85;248730;0
RASP;D;20230126;000000;242;246.8;241;245.3;647840;0
RASP;D;20230127;000000;245.35;255.4;245.35;253.9;2286210;0
RASP;D;20230130;000000;255.1;258.85;241.3;251;1477990;0
RASP;D;20230131;000000;250.6;253.75;248.4;250.35;530950;0
RASP;D;20230201;000000;251;253.95;250;251.7;418980;0
RASP;D;20230202;000000;252.1;256;251.8;254;530610;0
RASP;D;20230203;000000;254.85;254.85;250.05;251.75;446210;0
RASP;D;20230206;000000;251.75;266.8;250.55;266;1647190;0
RASP;D;20230207;000000;266;270.65;260;263.35;1283950;0
RASP;D;20230208;000000;264.4;267.45;258.95;260.45;764990;0
RASP;D;20230209;000000;261;264.4;256.95;259.5;464400;0
RASP;D;20230210;000000;259.5;261.8;257.7;261;315830;0
RASP;D;20230213;000000;262;266.4;261.2;262.5;637130;0
RASP;D;20230214;000000;263.15;263.15;251;254.25;879730;0
RASP;D;20230215;000000;254.25;254.25;241;242.4;897230;0
RASP;D;20230216;000000;243.05;247.85;242;243.65;588830;0
RASP;D;20230217;000000;243.65;245.95;241.5;242.7;277260;0
RASP;D;20230220;000000;244;244.45;236;242.55;546590;0
RASP;D;20230221;000000;244.4;249.4;241.35;246.25;698770;0
RASP;D;20230222;000000;247;247.15;243.5;245.05;269850;0
RASP;D;20230224;000000;245.9;252.2;245;248.35;570620;0
RASP;D;20230227;000000;249.15;255.95;248;255.85;828080;0
RASP;D;20230228;000000;255.9;262.85;255.8;262.45;1224450;0
RASP;D;20230301;000000;264;266.5;263.1;265.2;1020530;0
RASP;D;20230302;000000;265.85;265.9;255.85;259.55;1061660;0
RASP;D;20230303;000000;259;263.5;259;263.4;385850;0
RASP;D;20230306;000000;265;268;264.75;265.75;594330;0
RASP;D;20230307;000000;265.85;278.8;265.55;278.65;2298670;0
RASP;D;20230309;000000;279.15;281.95;274;279.8;1689480;0
RASP;D;20230310;000000;277.6;279.85;275.7;279.5;687460;0
RASP;D;20230313;000000;280.05;288.7;275.2;280.9;3168720;0
RASP;D;20230314;000000;279.05;291;275.05;276.1;5144820;0
RASP;D;20230315;000000;275;275.35;264.3;268.8;4500670;0
RASP;D;20230316;000000;268.7;270.6;260.8;266.4;5212490;0
RASP;D;20230317;000000;267;272.85;266.85;268.1;1721610;0
RASP;D;20230320;000000;268.7;277.9;264.05;275.8;1991710;0
RASP;D;20230321;000000;277;279.7;270.35;272.3;1308790;0
RASP;D;20230322;000000;272.3;273;268.35;268.7;595020;0
RASP;D;20230323;000000;268.7;272.05;267.1;269.7;520780;0
RASP;D;20230324;000000;269.1;272.8;268.6;270.45;362410;0
RASP;D;20230327;000000;272;275.45;271.75;274;606480;0
RASP;D;20230328;000000;274.75;275.4;270.2;273.6;450230;0
RASP;D;20230329;000000;274.45;279.85;273;275.5;1392530;0
RASP;D;20230330;000000;278;280.45;275.8;276.7;1137920;0
RASP;D;20230331;000000;276.7;277.35;268.2;272.95;832680;0
RASP;D;20230403;000000;274.05;277.8;274.05;276.3;478910;0
RASP;D;20230404;000000;277;277.5;273.35;273.65;470530;0
RASP;D;20230405;000000;273.4;275.3;269.7;273.6;433960;0
RASP;D;20230406;000000;273;275.85;271.3;273.5;398020;0
RASP;D;20230407;000000;274.35;276.6;274;275.8;626530;0
RASP;D;20230410;000000;275.8;283.8;274.85;282;1967420;0
RASP;D;20230411;000000;284.95;287.85;272;274.85;3290350;0
RASP;D;20230412;000000;275;281;275;278.35;791770;0
RASP;D;20230413;000000;280.9;284.95;278.4;279.7;1242430;0
RASP;D;20230414;000000;280.65;281.95;276.05;280.7;430010;0
RASP;D;20230417;000000;283.7;290.9;282.6;290.55;1844590;0
RASP;D;20230418;000000;291.5;299.5;288.65;295.85;3553010;0
RASP;D;20230419;000000;295.5;307.8;288.05;296.55;10661150;0
RASP;D;20230420;000000;296.55;300.8;291.2;296.35;2981330;0
RASP;D;20230421;000000;296;297.85;292;294.05;781780;0
RASP;D;20230424;000000;294;298.15;291.75;295.65;1410680;0
RASP;D;20230425;000000;295.65;296.9;293.15;295.1;353220;0
RASP;D;20230426;000000;295.1;295.55;291.2;293.15;607850;0
RASP;D;20230427;000000;293.45;295.5;291;292;690440;0
RASP;D;20230428;000000;291;293.15;286.2;289.15;817080;0
RASP;D;20230502;000000;287.8;289.9;279.1;284;1057710;0
RASP;D;20230503;000000;284.85;287.5;275.05;275.65;829740;0
RASP;D;20230504;000000;275;278.85;272.6;275.35;584030;0
RASP;D;20230505;000000;277.3;279.2;274;274.2;507120;0
RASP;D;20230508;000000;274.75;274.8;268.7;269.3;321870;0
RASP;D;20230510;000000;268.3;282.2;265.8;280.5;859530;0
RASP;D;20230511;000000;281.5;298.45;281.5;290;1869190;0
RASP;D;20230512;000000;287;289.1;281.95;284.6;902300;0
RASP;D;20230515;000000;287;294;286.5;291.5;749060;0
RASP;D;20230516;000000;293;294.6;288.8;291.6;472590;0
RASP;D;20230517;000000;291.35;293.25;286;287.75;364390;0
RASP;D;20230518;000000;288.05;293.45;286.3;287.15;721290;0
RASP;D;20230519;000000;283.1;286;275.5;283.45;1401300;0
RASP;D;20230522;000000;284.85;289;283.75;286;366440;0
RASP;D;20230523;000000;286.3;286.6;283.55;285.35;271840;0
RASP;D;20230524;000000;286.8;291;284.7;288.55;333610;0
RASP;D;20230525;000000;289.4;291.05;285.85;286.85;202350;0
RASP;D;20230526;000000;286.7;288.5;285.2;288.4;189410;0
RASP;D;20230529;000000;288.85;298;287;295.8;1522900;0
RASP;D;20230530;000000;293.5;302.2;276.45;289;2316090;0
RASP;D;20230531;000000;289;289.65;282.05;285;566610;0
RASP;D;20230601;000000;285;287.65;277.05;281.45;1352950;0
RASP;D;20230602;000000;281.5;287.5;281.45;285.35;460920;0
RASP;D;20230605;000000;287;287.85;279.6;279.7;456620;0
RASP;D;20230606;000000;277;284.25;275.4;284.25;545750;0
RASP;D;20230607;000000;284.2;286.9;282.05;284.65;319530;0
RASP;D;20230608;000000;285;288;282.4;284.3;388210;0
RASP;D;20230609;000000;284.3;285.65;282.6;283.15;170240;0
RASP;D;20230613;000000;284.5;284.9;283;283.9;263010;0
RASP;D;20230614;000000;284.8;286.85;280.2;284.15;424260;0
RASP;D;20230615;000000;284.6;286;282.45;284.35;377070;0
RASP;D;20230616;000000;285.25;293.9;284.9;290.65;1397610;0
RASP;D;20230619;000000;293.1;294.95;291.2;293.7;653630;0
RASP;D;20230620;000000;293.7;302;291.2;297.95;2244360;0
RASP;D;20230621;000000;300.75;306.15;297.95;301.9;1497140;0
RASP;D;20230622;000000;301.9;304.8;297;298.5;662640;0
RASP;D;20230623;000000;295.65;296.85;291.6;292.15;933100;0
RASP;D;20230626;000000;290;294;286.35;288.95;833860;0
RASP;D;20230627;000000;290.95;291.7;287.4;290.7;355660;0
RASP;D;20230628;000000;292;294;285.2;288.9;576870;0
RASP;D;20230629;000000;291;293;288.25;289.7;412680;0
RASP;D;20230630;000000;289.5;296;289.05;293.5;551880;0
RASP;D;20230703;000000;296.55;297.8;295;295.35;547170;0
RASP;D;20230704;000000;297.95;297.95;293;296.85;355190;0
RASP;D;20230705;000000;297;303.6;293.1;296.9;1275150;0
RASP;D;20230706;000000;298.4;301.7;295.25;296.3;634970;0
RASP;D;20230707;000000;296.3;298.95;295;296.6;357940;0
RASP;D;20230710;000000;297;300;296.15;297.8;412530;0
RASP;D;20230711;000000;299;302.4;295;295.2;1754790;0
RASP;D;20230712;000000;296;296.95;293.5;296.1;949390;0
RASP;D;20230713;000000;296.1;298.85;294;295.75;619540;0
RASP;D;20230714;000000;295.7;295.95;294.05;295.6;260600;0
RASP;D;20230717;000000;294.35;298;293.75;295.9;604750;0
RASP;D;20230718;000000;297.9;298.7;295.55;297.65;675270;0
RASP;D;20230719;000000;298.6;314.8;296.6;310.25;5169970;0
RASP;D;20230720;000000;311.5;338.45;302.5;328.05;10829690;0
RASP;D;20230721;000000;325;329;317;323.85;5478870;0
RASP;D;20230724;000000;323.8;327.45;320;321.8;1244950;0
RASP;D;20230725;000000;321.8;327.3;321;324.95;754160;0
RASP;D;20230726;000000;325.5;339;325.5;333.4;3968620;0
RASP;D;20230727;000000;335;344.25;333;336.65;1986240;0
RASP;D;20230728;000000;337;337.9;331.2;335.1;795820;0
RASP;D;20230731;000000;336.25;349;336;347.95;1627070;0
RASP;D;20230801;000000;350;363.15;342.3;356;3364740;0
RASP;D;20230802;000000;358;362;356.05;357.75;1121800;0
RASP;D;20230803;000000;358;369;358;364.9;1667430;0
RASP;D;20230804;000000;368;380;339;355.25;4232810;0
RASP;D;20230807;000000;357.2;372.4;357.05;358.75;1593880;0
RASP;D;20230808;000000;358.7;388;343.1;385.8;6373020;0
RASP;D;20230809;000000;387;398.55;376.2;377.1;4488160;0
RASP;D;20230810;000000;377.15;382.85;364.15;372.3;6961640;0
RASP;D;20230811;000000;372.3;379.5;367.05;372;2881110;0
RASP;D;20230814;000000;373.3;376.5;360.5;364;1910420;0
RASP;D;20230815;000000;357;368.45;348.1;362.3;1678330;0
RASP;D;20230816;000000;358.5;362;337;344;2747120;0
RASP;D;20230817;000000;346;351.35;341.05;348.25;936880;0
RASP;D;20230818;000000;348.3;350.4;344.25;348.15;409030;0
RASP;D;20230821;000000;348.3;360.5;347.05;360.25;1242220;0
RASP;D;20230822;000000;360.3;366.9;360.25;365.2;1357540;0
RASP;D;20230823;000000;365.2;368.35;352.95;361.4;1444830;0
RASP;D;20230824;000000;357.2;359.75;349.35;354.3;1406790;0
RASP;D;20230825;000000;356.55;357.3;352.45;354;426160;0
RASP;D;20230828;000000;355;371.9;354;371;2873300;0
RASP;D;20230829;000000;371;373;365.4;367.15;1140490;0
RASP;D;20230830;000000;368;369.85;364.5;368.2;727320;0
RASP;D;20230831;000000;368;369.8;362.35;364.5;738970;0
RASP;D;20230901;000000;365;365;356.7;362.35;873040;0
RASP;D;20230904;000000;361.05;375.95;360.4;374.1;2355790;0
RASP;D;20230905;000000;374.5;377.9;371;374;1070070;0
RASP;D;20230906;000000;373.6;374;368;368;603510;0
RASP;D;20230907;000000;368;372.5;342.45;353.3;2336650;0
RASP;D;20230908;000000;354.95;358;341.5;346.75;1166950;0
RASP;D;20230911;000000;349.8;350.65;339.5;340.05;928410;0
RASP;D;20230912;000000;341.2;348.9;340.05;342;773990;0
RASP;D;20230913;000000;343.4;355;343.1;353.6;1612680;0
RASP;D;20230914;000000;353.95;355;334.65;346.35;2816980;0
RASP;D;20230915;000000;346.35;351.75;341.15;349.9;588790;0
RASP;D;20230918;000000;354;360.85;348;348.4;861480;0
RASP;D;20230919;000000;348.4;348.8;336.5;340.95;653550;0
RASP;D;20230920;000000;339.9;342.8;326;339.45;1219030;0
RASP;D;20230921;000000;336.45;336.45;326;326.65;1083380;0
RASP;D;20230922;000000;326;336.8;319.25;330.6;1213950;0
RASP;D;20230925;000000;333.95;333.95;325.1;330.7;395050;0
RASP;D;20230926;000000;331.7;335.8;321.85;334.3;489950;0
RASP;D;20230927;000000;335.35;343.55;334.25;340.4;579120;0
RASP;D;20230928;000000;341.2;350.5;339.05;346.8;950460;0
RASP;D;20230929;000000;348.85;356.6;347;353.45;1235610;0
RASP;D;20231002;000000;354;357.6;344.2;348.05;852220;0
RASP;D;20231003;000000;348.05;352.6;344;350.05;488330;0
RASP;D;20231004;000000;349;354;345.75;348.65;469610;0
RASP;D;20231005;000000;348.65;355;343.1;353.6;799610;0
RASP;D;20231006;000000;355.55;360;354.4;359.85;1194850;0
RASP;D;20231009;000000;359.95;363;355.75;357.85;952610;0
RASP;D;20231010;000000;355.2;359.15;348.3;357;2062140;0
RASP;D;20231011;000000;357;358.85;352.4;353.75;552130;0
RASP;D;20231012;000000;345.15;352;342.7;347.9;934060;0
RASP;D;20231013;000000;347.9;349.6;344.1;349.4;928860;0
RASP;D;20231016;000000;350;359;350;354.65;668790;0
RASP;D;20231017;000000;354.65;357.9;351.85;353.2;517090;0
RASP;D;20231018;000000;354;356.2;348.35;352;627640;0
RASP;D;20231019;000000;348.75;366.15;348.5;363.85;2034440;0
RASP;D;20231020;000000;363.9;372.55;357.25;362.2;1810630;0
RASP;D;20231023;000000;362.2;371.8;360.35;365.25;1310480;0
RASP;D;20231024;000000;365.25;369.25;359.7;361.9;720000;0
RASP;D;20231025;000000;361.9;367.95;361.9;366.7;743690;0
RASP;D;20231026;000000;367.95;380;357.85;358.15;4160400;0
RASP;D;20231027;000000;359;366.4;350.2;360.3;1964500;0
RASP;D;20231030;000000;363;363;346.2;353.85;748680;0
RASP;D;20231031;000000;353.7;353.7;344.15;348;851020;0
RASP;D;20231101;000000;348.3;351.05;347.2;349.15;389080;0
RASP;D;20231102;000000;349;355.5;348;351.4;783310;0
RASP;D;20231103;000000;353;355.45;347.05;351.05;369140;0
RASP;D;20231106;000000;350;354.85;350;353.1;211750;0
RASP;D;20231107;000000;354.15;361.8;351.55;359.35;590070;0
RASP;D;20231108;000000;360.2;365.5;358.2;358.9;827070;0
RASP;D;20231109;000000;359.3;363.15;355.25;359.35;520360;0
RASP;D;20231110;000000;359.35;374.75;359.35;370.45;1893340;0
RASP;D;20231113;000000;372;396.85;371.2;396;7218270;0
RASP;D;20231114;000000;395.6;415;387;409.95;13791080;0
RASP;D;20231115;000000;411;420.8;401.35;413;9487460;0
RASP;D;20231116;000000;413.5;417.75;404.05;404.4;5256980;0
RASP;D;20231117;000000;401.5;405.45;387;391.8;5629110;0
RASP;D;20231120;000000;396.5;399.95;383.1;384.1;2321670;0
RASP;D;20231121;000000;384;395;376.2;393.8;2920850;0
RASP;D;20231122;000000;394.2;399.9;386;387.5;1906240;0
RASP;D;20231123;000000;387;387.5;377.8;383.65;1279000;0
RASP;D;20231124;000000;383.65;384.65;376.1;380;778500;0
RASP;D;20231127;000000;380;380;366.1;369;1194690;0
RASP;D;20231128;000000;368.95;388.4;360.95;387;2215920;0
RASP;D;20231129;000000;387;393;375.55;377.4;1896360;0
RASP;D;20231130;000000;377.4;389;373.4;388.55;1771230;0
RASP;D;20231201;000000;388.5;396.9;383.35;390.2;2144440;0
RASP;D;20231204;000000;387.45;397;384.15;389.3;1181200;0
RASP;D;20231205;000000;390;395.85;384.4;392.6;1154720;0
RASP;D;20231206;000000;395;402.4;392.7;398.45;2782070;0
RASP;D;20231207;000000;396.85;405.6;394.65;402.45;2763180;0
RASP;D;20231208;000000;402.45;411;402.45;411;2658350;0
RASP;D;20231211;000000;411.3;412.4;384.65;389.95;2727010;0
RASP;D;20231212;000000;388.55;396.3;375.4;390;2402490;0
RASP;D;20231213;000000;385.35;404;383.35;391.6;1743740;0
RASP;D;20231214;000000;396;396.95;383.2;392.45;1190810;0
RASP;D;20231215;000000;390;404.95;389.1;402;2093260;0
RASP;D;20231218;000000;405.8;419.5;400.5;416.95;1718120;0
RASP;D;20231219;000000;416;416;405.85;412.05;1806030;0
RASP;D;20231220;000000;412.95;414.75;410.2;412.9;473840;0
RASP;D;20231221;000000;412.9;415.7;396.8;413;2138420;0
RASP;D;20231222;000000;413;426.95;413;425;2895520;0
RASP;D;20231225;000000;427;436.7;426.2;429;2694210;0
RASP;D;20231226;000000;429.5;442.5;420.65;437.9;3483120;0
RASP;D;20231227;000000;437.2;439.5;431.55;434.15;1242690;0
RASP;D;20231228;000000;433.8;435.1;424.8;426.7;1012190;0
RASP;D;20231229;000000;428.4;434.65;422.05;432.9;646910;0
RASP;D;20240103;000000;432.85;439.1;431.9;436.5;606450;0
RASP;D;20240104;000000;437;438;427.45;428.1;658450;0
RASP;D;20240105;000000;428.1;430;425.2;428.55;358730;0
RASP;D;20240108;000000;428.5;433.75;426.3;427.55;432720;0
RASP;D;20240109;000000;432.2;449.3;428.05;448.4;3098740;0
RASP;D;20240110;000000;449.8;449.8;442;443.3;959200;0
RASP;D;20240111;000000;444.6;447;437.85;441.8;794690;0
RASP;D;20240112;000000;440;441.75;435.75;438.35;898370;0
RASP;D;20240115;000000;441;446;438.5;443.5;850980;0
RASP;D;20240116;000000;445.3;445.3;432.9;436.55;826160;0
RASP;D;20240117;000000;433.5;437.75;432.2;432.7;509020;0
RASP;D;20240118;000000;432.7;436;430.1;430.6;517640;0
RASP;D;20240119;000000;429.65;437.25;425.8;435.6;739770;0
RASP;D;20240122;000000;435.6;439.75;430.55;430.85;556520;0
RASP;D;20240123;000000;429.15;429.65;414.1;414.1;2690860;0
RASP;D;20240124;000000;414.1;419.85;403.55;412.5;2135580;0
RASP;D;20240125;000000;411.4;415.6;405.5;411.8;1372070;0
RASP;D;20240126;000000;411;415.6;408.7;410.25;502950;0
RASP;D;20240129;000000;411.8;417.95;408;417;789130;0
RASP;D;20240130;000000;417.1;423.75;415;423.45;938330;0
RASP;D;20240131;000000;424;428.1;422.1;423.85;730890;0
RASP;D;20240201;000000;425;425.1;413.6;416.8;882670;0
RASP;D;20240202;000000;416.8;417.95;413.65;413.95;428840;0
RASP;D;20240205;000000;413.95;428.7;410.25;428.4;1489250;0
RASP;D;20240206;000000;428.45;433.2;422.45;426.15;1022040;0
RASP;D;20240207;000000;426.6;429.8;423.4;425;392670;0
RASP;D;20240208;000000;425;431.95;425;425.35;766810;0
RASP;D;20240209;000000;424;426.65;417;426.65;803310;0
RASP;D;20240212;000000;426.65;429.2;417.75;423.35;546550;0
RASP;D;20240213;000000;423.5;426.45;421.65;424.6;244180;0
RASP;D;20240214;000000;426.5;427.7;418.15;421.35;835860;0
RASP;D;20240215;000000;421.35;421.8;414.3;416.05;739010;0
RASP;D;20240216;000000;416.05;419;408.8;410.5;1076330;0
RASP;D;20240219;000000;410.5;413.9;380;398.75;1992220;0
RASP;D;20240220;000000;398.75;407.45;391.2;402.05;1070870;0
RASP;D;20240221;000000;395.6;398.4;373.55;375.05;2522850;0
RASP;D;20240222;000000;379.85;388.75;376;382.4;1267690;0
RASP;D;20240226;000000;380.3;395.2;380.3;393.55;615630;0
RASP;D;20240227;000000;393.55;402;384.5;389;2145910;0
RASP;D;20240228;000000;389;392.85;381;381.5;745810;0
RASP;D;20240229;000000;381.2;381.5;371.25;376.5;1570730;0
RASP;D;20240301;000000;372.35;375.95;362.5;371.45;5445580;0
RASP;D;20240304;000000;374.9;392.8;372.6;390.9;4306860;0
RASP;D;20240305;000000;389.05;397.25;388;392.55;1771990;0
RASP;D;20240306;000000;392;394.5;390;394.2;697080;0
RASP;D;20240307;000000;394;395.9;388.05;395;1351590;0
RASP;D;20240311;000000;398.2;401.65;390.3;390.3;1060420;0
RASP;D;20240312;000000;390.3;395.7;384.05;392.05;1107870;0
RASP;D;20240313;000000;392.15;394.95;385;385.6;574380;0
RASP;D;20240314;000000;384;395;379.55;394.8;1577190;0
RASP;D;20240315;000000;395;398.5;390.05;393;972330;0
RASP;D;20240318;000000;392.1;395.2;390.5;393.05;519910;0
RASP;D;20240319;000000;392.1;395;390.05;390.7;803710;0
RASP;D;20240320;000000;390.7;397.4;376.05;393.75;1079970;0
RASP;D;20240321;000000;394.9;406.95;394;406.55;1825650;0
RASP;D;20240322;000000;406.55;406.55;387.85;396;1290000;0
RASP;D;20240325;000000;394.05;402.1;393.4;397.05;552710;0
RASP;D;20240326;000000;400;400.65;394.1;397.05;321760;0
RASP;D;20240327;000000;397.8;399.85;395.65;399;312190;0
RASP;D;20240328;000000;399.3;399.85;396;397.25;323560;0
RASP;D;20240329;000000;398;398.25;393.5;396.45;523500;0
RASP;D;20240401;000000;397.35;415;396.5;415;1727810;0
RASP;D;20240402;000000;415;416.05;403.65;404;877440;0
RASP;D;20240403;000000;405.55;412.75;404.05;407.5;750210;0
RASP;D;20240404;000000;408.5;416;405.75;406.55;499800;0
RASP;D;20240405;000000;406.6;408.9;395.05;402.15;1108570;0
RASP;D;20240408;000000;404;405.8;397.65;401.2;600380;0
RASP;D;20240409;000000;401.8;403.1;395.15;397.95;1075950;0
RASP;D;20240410;000000;397.7;399.75;390;396.7;879770;0
RASP;D;20240411;000000;396;398;392.7;395.05;788720;0
RASP;D;20240412;000000;394.75;398.95;391.8;394.65;1502560;0
RASP;D;20240415;000000;394.65;397.5;393.8;396.4;642110;0
RASP;D;20240416;000000;397.5;399.9;392;393.8;1047500;0
RASP;D;20240417;000000;396.85;396.85;391.05;391.45;1544480;0
RASP;D;20240418;000000;391.6;396.8;391.6;395.25;618660;0
RASP;D;20240419;000000;395.25;397.9;394.25;397.85;344550;0
RASP;D;20240422;000000;397.2;408.2;392;394.8;946770;0
RASP;D;20240423;000000;394.8;400.75;393;397;1290390;0
RASP;D;20240424;000000;396;397.7;393.05;395.8;549470;0
RASP;D;20240425;000000;396;400.2;395.45;399.3;571710;0
RASP;D;20240426;000000;400;406.15;397.3;397.35;788660;0
RASP;D;20240427;000000;398.7;400.8;396.8;397.1;579030;0
RASP;D;20240429;000000;398.45;403.95;397.9;400.45;714920;0
RASP;D;20240430;000000;401.15;402.25;396;397.55;536130;0
RASP;D;20240502;000000;398;399;393.5;395.4;403650;0
RASP;D;20240503;000000;395.2;401.2;395.2;400;246600;0
RASP;D;20240506;000000;400;401.9;396.9;397.05;246390;0
RASP;D;20240507;000000;398.4;399.7;396.45;398.95;124210;0
RASP;D;20240508;000000;398.95;399;397.05;397.5;119180;0
RASP;D;20240510;000000;398;398.9;393.05;398;196880;0
RASP;D;20240513;000000;398;409.95;397.35;408.95;1107800;0
RASP;D;20240514;000000;409.05;409.9;402.15;404.95;533410;0
RASP;D;20240515;000000;404.95;407.75;400;402.9;423360;0
RASP;D;20240516;000000;403.55;404.15;401.35;403.1;222300;0
RASP;D;20240517;000000;403.1;403.55;400.1;400.85;222670;0
RASP;D;20240520;000000;401;406.5;399.1;400.05;866370;0
RASP;D;20240521;000000;399;407.35;394.2;405.5;1470130;0
RASP;D;20240522;000000;404.05;408.9;401;407.95;318780;0
RASP;D;20240523;000000;407.95;409.3;403.85;405.7;221690;0
RASP;D;20240524;000000;405.7;408;402;405.4;386680;0
RASP;D;20240527;000000;405.45;407.7;383.35;388.35;975950;0
RASP;D;20240528;000000;389.7;400.95;382.2;397;864260;0
RASP;D;20240529;000000;396.15;400.5;391;400.5;369170;0
RASP;D;20240530;000000;401.75;403.85;386;390.75;525880;0
RASP;D;20240531;000000;392.35;396.75;382.1;388.7;502920;0
RASP;D;20240603;000000;388.1;388.95;371.5;381.9;967860;0
RASP;D;20240604;000000;380.55;388;374;385.5;396000;0
RASP;D;20240605;000000;385.55;391.8;385.5;387.6;338730;0
RASP;D;20240606;000000;387;390.5;384.5;389.85;210090;0
RASP;D;20240607;000000;389.8;395;387.2;392.5;230090;0
RASP;D;20240610;000000;392.5;397.8;385.75;388.9;212900;0
RASP;D;20240611;000000;387.3;390.55;380.65;389.65;219630;0
RASP;D;20240613;000000;371;392;366;386.2;198270;0
RASP;D;20240614;000000;385.1;390;385.05;389.6;93190;0
RASP;D;20240617;000000;389.35;391;376;377.1;254840;0
RASP;D;20240618;000000;377.1;380;371;374.7;340120;0
RASP;D;20240619;000000;373.15;374.9;351;370.95;772130;0
RASP;D;20240620;000000;370.15;379.95;363.8;374.8;666790;0
RASP;D;20240621;000000;376.25;379.6;369;374.95;186790;0
RASP;D;20240624;000000;373.5;375.95;354.6;357.15;424910;0
RASP;D;20240625;000000;358.55;360;346;352.4;942090;0
RASP;D;20240626;000000;352;363;348;361.5;631320;0
RASP;D;20240627;000000;362;362;352.45;353.3;406010;0
RASP;D;20240628;000000;353.65;356.65;352.55;355.5;140370;0
RASP;D;20240701;000000;355;359.9;352.7;357.7;146420;0
RASP;D;20240702;000000;357.7;358.4;354.75;356.35;99110;0
RASP;D;20240703;000000;355.2;357.85;344.5;345.25;372220;0
RASP;D;20240704;000000;344.9;345.25;334.75;335.15;628140;0
RASP;D;20240705;000000;335;337.8;328.6;332.8;773780;0
RASP;D;20240708;000000;336.4;336.65;325.15;326;730040;0
RASP;D;20240709;000000;326.45;334.75;300;302.75;2084310;0
RASP;D;20240710;000000;300;302.55;289;290;2416820;0
RASP;D;20240711;000000;288.1;305;288;301.4;1377930;0
RASP;D;20240712;000000;302.1;302.1;291.4;296.05;806670;0
RASP;D;20240715;000000;294.25;295.9;277.7;280.45;1446560;0
RASP;D;20240716;000000;280.4;282.5;265.8;278;2437710;0
RASP;D;20240717;000000;280.8;283.9;273.05;278.45;1247820;0
RASP;D;20240718;000000;279.9;287;273.2;285.5;1000660;0
RASP;D;20240719;000000;286.05;295.5;282.2;295.05;935650;0
RASP;D;20240722;000000;296.4;301;288.55;294.5;1196150;0
RASP;D;20240723;000000;294.3;294.3;282.15;282.95;2164290;0
RASP;D;20240724;000000;283.1;287.6;282.4;284.5;743210;0
RASP;D;20240725;000000;284.6;285.9;279.55;284.85;749750;0
RASP;D;20240726;000000;284.3;289;268.3;271.55;1898230;0
RASP;D;20240729;000000;271.35;271.35;255.05;256.1;1886720;0
RASP;D;20240730;000000;254.4;266.2;253.05;261.4;1491570;0
RASP;D;20240731;000000;261.2;265.45;256.75;264.2;831320;0
RASP;D;20240801;000000;264.2;275;262.2;267.85;1776940;0
RASP;D;20240802;000000;266;267.5;261.15;265.6;754360;0
RASP;D;20240805;000000;261;263.5;255.05;257.5;1289780;0
RASP;D;20240806;000000;258.1;264.6;254;258.55;975040;0
RASP;D;20240807;000000;258;264.85;253.45;264.55;1220780;0
RASP;D;20240808;000000;264.85;266.8;255.6;258.25;1218950;0
RASP;D;20240809;000000;252.3;255.35;251.15;254.15;1983700;0
RASP;D;20240812;000000;252.3;261.3;251.7;260.15;2004040;0
RASP;D;20240813;000000;260.9;265;258.75;264.5;1080440;0
RASP;D;20240814;000000;264.5;280;264.5;265.8;2615200;0
RASP;D;20240815;000000;265.05;266.6;260.7;262.35;1254730;0
RASP;D;20240816;000000;261.15;262;258.8;260.85;854470;0
RASP;D;20240819;000000;261.45;261.45;256.5;260;908830;0
RASP;D;20240820;000000;258.75;264.7;258;261;597600;0
RASP;D;20240821;000000;261.55;264.2;257.3;260;607780;0
RASP;D;20240822;000000;260;267.9;258;258.35;1672900;0
RASP;D;20240823;000000;258.2;267.9;249;260.25;5155320;0
RASP;D;20240826;000000;266.3;271.25;259.65;269;1255040;0
RASP;D;20240827;000000;269.9;269.9;257.6;260.15;926670;0
RASP;D;20240828;000000;260.15;268;259.5;266.65;1453910;0
RASP;D;20240829;000000;265.45;273;261.55;269.45;1152490;0
RASP;D;20240830;000000;271;271.7;263;264.55;947840;0
RASP;D;20240902;000000;264.2;270;259.3;269.75;1643800;0
RASP;D;20240903;000000;270.85;278;264.85;270;1718340;0
RASP;D;20240904;000000;270.2;281.9;267.05;278.2;1127590;0
RASP;D;20240905;000000;281.45;294.25;276.6;282;1662110;0
RASP;D;20240906;000000;282.5;285.4;275.8;283.95;743910;0
RASP;D;20240909;000000;285.45;294.7;280.75;294.15;727430;0
RASP;D;20240910;000000;294.15;295;277.2;281.5;995580;0
RASP;D;20240911;000000;282;282.45;269.5;270.15;749020;0
RASP;D;20240912;000000;270.2;279;263.5;277.75;1343860;0
RASP;D;20240913;000000;277.2;280.55;267.2;280;888290;0
RASP;D;20240916;000000;282.3;283.5;274.2;280.9;658010;0
RASP;D;20240917;000000;281.45;288.1;278.25;286;601030;0
RASP;D;20240918;000000;285.9;285.9;279.8;279.9;289430;0
RASP;D;20240919;000000;279.8;281.1;275;276.9;375750;0
RASP;D;20240920;000000;277.35;279.4;275.85;278;210210;0
RASP;D;20240923;000000;278.7;296.75;278.7;290.85;980000;0
RASP;D;20240924;000000;291;298;285.5;290.85;656900;0
RASP;D;20240925;000000;291.05;306;288;297.25;1938110;0
RASP;D;20240926;000000;295;301.65;290.9;300;780290;0
RASP;D;20240927;000000;301;304.6;296.25;299.75;550630;0
RASP;D;20240930;000000;300;307.95;295;295.1;1052000;0
RASP;D;20241001;000000;295.2;297.8;291;295.9;552990;0
RASP;D;20241002;000000;295.95;296.4;284.5;287.25;397700;0
RASP;D;20241003;000000;287.85;288.2;279.2;285.35;438860;0
RASP;D;20241004;000000;284.6;286.8;281;282.8;191030;0
RASP;D;20241007;000000;282.8;284.8;276.25;279.3;320750;0
RASP;D;20241008;000000;279;280;276.05;277;174100;0
RASP;D;20241009;000000;277;277.5;261.1;263;1989820;0
RASP;D;20241010;000000;263;264.65;255.05;257.95;1197520;0
RASP;D;20241011;000000;258;264.15;255.3;261.1;983830;0
RASP;D;20241014;000000;256.85;266;256.8;264.65;848210;0
RASP;D;20241015;000000;264;269.5;262;267.15;551550;0
RASP;D;20241016;000000;267;271.8;261.35;263.85;440150;0
RASP;D;20241017;000000;262.6;266.3;259.75;260.1;376530;0
RASP;D;20241018;000000;261.5;262.25;259.75;260.6;274610;0
RASP;D;20241021;000000;261.7;262;259.25;259.55;225940;0
RASP;D;20241022;000000;259.65;262.4;259.35;260.35;207890;0
RASP;D;20241023;000000;260;261.9;258;260.2;301960;0
RASP;D;20241024;000000;259.75;268;258.2;262.75;934120;0
RASP;D;20241025;000000;264.15;271.7;259.9;262.7;670730;0
RASP;D;20241028;000000;261.05;262.9;259.05;262.15;790690;0
RASP;D;20241029;000000;262;270.9;259.8;269.7;642550;0
RASP;D;20241030;000000;270.95;271.3;263;265.65;440080;0
RASP;D;20241031;000000;265.1;266.5;259.15;260.65;660870;0
RASP;D;20241101;000000;262;266;259.7;264.95;354930;0
RASP;D;20241102;000000;264.9;265.45;261.1;264.45;148410;0
RASP;D;20241105;000000;264.45;268;262.5;266.35;170280;0
RASP;D;20241106;000000;271.7;279.9;268.75;273.55;769400;0
RASP;D;20241107;000000;272;275.75;268.05;275.5;228000;0
RASP;D;20241108;000000;277.2;288.35;276.5;284.6;869620;0
RASP;D;20241111;000000;284;287.9;280.5;284.95;325670;0
RASP;D;20241112;000000;284.2;285.95;278;278;253260;0
RASP;D;20241113;000000;277.8;279.6;270.5;273;639570;0
RASP;D;20241114;000000;273;273.95;269.95;270.75;248630;0
RASP;D;20241115;000000;271;273.8;270;272.9;210410;0
RASP;D;20241118;000000;267.2;270.05;265.55;268.8;205600;0
RASP;D;20241119;000000;268.8;271.8;261.5;262.7;343490;0
RASP;D;20241120;000000;262.45;270.95;260.8;265.2;431690;0
RASP;D;20241121;000000;264.6;266.85;260.8;265.45;317430;0
RASP;D;20241122;000000;267.7;267.7;262.05;264.85;120680;0
RASP;D;20241125;000000;265.1;266.95;259.2;259.9;496290;0
RASP;D;20241126;000000;259.45;266.6;240.05;241.8;1309320;0
RASP;D;20241127;000000;240;255;225.85;252.8;1807670;0
RASP;D;20241128;000000;251.95;261.8;246;258.1;1514320;0
RASP;D;20241129;000000;260.95;270.9;256.25;270.35;674260;0
RASP;D;20241202;000000;271.85;272.5;262.75;264.55;364250;0
RASP;D;20241203;000000;264.65;266.1;252;252;515700;0
RASP;D;20241204;000000;250;256.5;238.6;239.5;592340;0
RASP;D;20241205;000000;239.5;252.85;232.8;252.5;1157670;0
RASP;D;20241206;000000;253.05;253.4;243.05;247.7;495020;0
RASP;D;20241209;000000;247.5;257.35;245;252.7;566930;0
RASP;D;20241210;000000;252.7;253.05;238.9;242.35;1530740;0
RASP;D;20241211;000000;241.4;243.5;233.4;237.8;1125510;0
RASP;D;20241212;000000;237.5;239.9;232.55;232.7;649470;0
RASP;D;20241213;000000;232.4;242;231.45;235.65;630700;0
RASP;D;20241216;000000;235.65;235.65;226.6;232.4;728740;0
RASP;D;20241217;000000;230.6;232.95;228.5;229.95;460020;0
RASP;D;20241218;000000;230;235.8;228.5;235.45;441170;0
RASP;D;20241219;000000;236.1;236.55;230.2;232;794460;0
RASP;D;20241220;000000;231.35;249.85;227;247.2;1210610;0
RASP;D;20241223;000000;249;258;245.35;249.65;830530;0
RASP;D;20241224;000000;249;251.95;245.05;245.05;382880;0
RASP;D;20241225;000000;245;250.25;241.15;250.25;531670;0
RASP;D;20241226;000000;250.55;256.65;247.05;248.05;446660;0
RASP;D;20241227;000000;248.15;252;247.55;251.2;215700;0
RASP;D;20241228;000000;251.8;255.95;249.1;252.05;256730;0
RASP;D;20241230;000000;253;263.65;253;262.7;401120;0
RASP;D;20250103;000000;266.65;271.5;261;261.25;353140;0
RASP;D;20250106;000000;257.85;264;257.15;263.45;186520;0
RASP;D;20250108;000000;266;270.9;263.3;270.85;226710;0
RASP;D;20250109;000000;270.85;273.2;253.2;255.05;380490;0
RASP;D;20250110;000000;256.35;263.65;249.9;261;680240;0
RASP;D;20250113;000000;265.15;267.5;260.25;262.6;239210;0
RASP;D;20250114;000000;262.75;267.35;257.35;263.2;244890;0
RASP;D;20250115;000000;263.35;270;260.25;268.15;266450;0
RASP;D;20250116;000000;270.05;270.05;263.15;266.1;496220;0
RASP;D;20250117;000000;266.1;271.35;263.6;264.15;402670;0
RASP;D;20250120;000000;268.1;272.6;263.2;263.8;519100;0
RASP;D;20250121;000000;267.95;268;260.3;265.25;267070;0
RASP;D;20250122;000000;265.25;282.8;263.1;278.5;1822060;0
RASP;D;20250123;000000;280;304.2;278.5;301;10118550;0
RASP;D;20250124;000000;298.95;319;295.2;312.55;15206010;0
RASP;D;20250127;000000;312.55;312.55;297.5;299.2;3153760;0
RASP;D;20250128;000000;299.2;313.55;296.3;311.7;1841770;0
RASP;D;20250129;000000;311.55;312;305.2;305.65;799750;0
RASP;D;20250130;000000;307.8;308.55;304;306.45;356780;0
RASP;D;20250131;000000;308.7;310;303.2;305.3;536900;0
RASP;D;20250203;000000;304.5;304.5;295;299.15;637410;0
RASP;D;20250204;000000;301.85;301.95;278;279.35;2999150;0
RASP;D;20250205;000000;279;284.85;273.5;283.9;1613010;0
RASP;D;20250206;000000;285.85;286.45;277.15;278.35;650380;0
RASP;D;20250207;000000;280;280;274.15;274.4;359360;0
RASP;D;20250210;000000;276.8;278.9;274.3;274.3;387820;0
RASP;D;20250211;000000;275.3;279.5;270.35;278.15;530290;0
RASP;D;20250212;000000;281.6;299;279.15;296.8;2622330;0
RASP;D;20250213;000000;300.3;302.35;283.8;291.7;925830;0
RASP;D;20250214;000000;295.35;298.95;278.85;285.1;1007690;0
RASP;D;20250217;000000;287.8;304.75;285.2;300;2305710;0
RASP;D;20250218;000000;287;288.55;273.9;278;5516740;0
RASP;D;20250219;000000;278;281.45;262.55;267.25;4569260;0
RASP;D;20250220;000000;266.95;267.9;260.2;262.3;4936580;0
RASP;D;20250221;000000;262.3;281.45;260.55;279.25;11749700;0
RASP;D;20250224;000000;279.3;296.8;273.5;287.45;3886990;0
RASP;D;20250225;000000;288;289.55;276.7;281.1;1865140;0
RASP;D;20250226;000000;281.1;281.1;274.45;274.9;963220;0
RASP;D;20250227;000000;274.9;278.3;272.05;274.55;866370;0
RASP;D;20250228;000000;274.55;281;269.6;277.35;1093010;0
RASP;D;20250303;000000;277;278.9;270.15;277.5;731830;0
RASP;D;20250304;000000;278.5;286.45;274.9;283.2;2165580;0
RASP;D;20250305;000000;282.05;294.7;281.3;290.5;3836140;0
RASP;D;20250306;000000;292.5;294.15;284.15;288.5;1311730;0
RASP;D;20250307;000000;289.9;291.7;277.65;283.3;939690;0
RASP;D;20250310;000000;283.7;285.95;280.6;281.5;308740;0
RASP;D;20250311;000000;280;282.45;274.25;275.8;806650;0
RASP;D;20250312;000000;275.5;276.75;271.9;274.25;296570;0
RASP;D;20250313;000000;271.25;277;267.6;274.2;673990;0
RASP;D;20250314;000000;274;279.9;271.35;279;383760;0
RASP;D;20250317;000000;283;285.2;280.5;283.4;393900;0
RASP;D;20250318;000000;284.25;293.5;283.95;286.05;1444930;0
RASP;D;20250319;000000;284.1;293;281;290;773970;0
RASP;D;20250320;000000;293.1;297.4;286.2;290.85;1393490;0
RASP;D;20250321;000000;289.95;293;280.3;285.15;743140;0
RASP;D;20250324;000000;284.05;285.8;274;276.7;478910;0
RASP;D;20250325;000000;278.15;282.4;272.3;281.75;432880;0
RASP;D;20250326;000000;280.95;285;276.05;277.7;452130;0
RASP;D;20250327;000000;277.7;280;272.55;273;406980;0
RASP;D;20250328;000000;273;274.45;265.15;272;816610;0
RASP;D;20250331;000000;271.7;280.1;262.15;270;912960;0
RASP;D;20250401;000000;272;273.95;260.65;263.65;811850;0
RASP;D;20250402;000000;264;266.2;257.2;261.75;690960;0
RASP;D;20250403;000000;262.9;266.25;249.25;256.05;851010;0
RASP;D;20250404;000000;255.8;260.65;243;249.1;746870;0
RASP;D;20250407;000000;248.6;256.15;233;240.7;1498240;0
RASP;D;20250408;000000;240.8;244.65;231;231.1;845720;0
RASP;D;20250409;000000;230.5;239.75;215.05;237.85;1353750;0
RASP;D;20250410;000000;239;250;235.95;243;1405440;0
RASP;D;20250411;000000;245.2;251.5;243.2;249.7;468760;0
RASP;D;20250414;000000;250.7;255;240.15;240.95;567620;0
RASP;D;20250415;000000;240.95;244.55;234.6;238.2;459200;0
RASP;D;20250416;000000;239;244.5;236;241.9;395620;0
RASP;D;20250417;000000;241.5;245.55;240.55;243.55;279420;0
RASP;D;20250418;000000;239.95;244.2;236.5;241.75;303200;0
RASP;D;20250421;000000;242.9;246.55;241.85;245.45;173860;0
RASP;D;20250422;000000;246.7;253.7;243.8;251.1;407460;0
RASP;D;20250423;000000;251;251.95;245;247.05;241340;0
RASP;D;20250424;000000;247.2;249.8;241.55;246.85;283880;0
RASP;D;20250425;000000;246.85;252;246.85;251.7;222050;0
RASP;D;20250428;000000;253.6;268.55;248.5;257.3;936940;0
RASP;D;20250429;000000;257.3;259.25;249.2;250.6;376370;0
RASP;D;20250430;000000;250.7;250.7;239.55;243.05;971440;0
RASP;D;20250502;000000;242.55;242.55;235.4;235.4;305940;0
RASP;D;20250505;000000;235;237.85;226.25;228.75;658790;0
RASP;D;20250506;000000;228;239.8;227.7;235.65;377060;0
RASP;D;20250507;000000;237.35;244.5;233.5;243;696280;0
RASP;D;20250508;000000;243;249.75;241.2;243.75;359400;0
RASP;D;20250512;000000;242.2;249.85;241.9;246;332030;0
RASP;D;20250513;000000;246.1;248.45;240.55;244.1;434680;0
RASP;D;20250514;000000;244.85;245.15;240.55;241;195130;0
RASP;D;20250515;000000;241;242.35;238.05;240.25;164420;0
RASP;D;20250516;000000;241.95;242.7;233.8;235.9;461450;0
RASP;D;20250519;000000;235.05;242.2;234.2;237;404100;0
RASP;D;20250520;000000;237;238.1;234.25;235.3;147700;0
RASP;D;20250521;000000;236.7;236.7;225.6;226.65;1495250;0
RASP;D;20250522;000000;226.65;232;221.95;228.1;1707420;0
RASP;D;20250523;000000;227;229;225;226.1;264530;0
RASP;D;20250526;000000;225.7;226.3;218.75;220.2;337630;0
RASP;D;20250527;000000;219.9;225.9;215.25;224.85;509760;0
RASP;D;20250528;000000;225.75;233.55;224.75;231.9;450060;0
RASP;D;20250529;000000;231.9;232.5;225.55;225.8;178340;0
RASP;D;20250530;000000;225.9;234.6;223.8;231.25;400750;0
RASP;D;20250602;000000;232.55;233.8;224.1;230.45;471190;0
RASP;D;20250603;000000;231.35;232.75;228.15;231.9;153990;0
RASP;D;20250604;000000;231.05;236.25;227.1;229.3;581710;0
RASP;D;20250605;000000;229.45;234.8;229.45;232.85;194030;0
RASP;D;20250606;000000;234.5;237.65;227.45;227.95;393750;0
RASP;D;20250609;000000;228.1;229.1;220.75;222.55;289840;0
RASP;D;20250610;000000;222.55;226.2;219.95;222.95;215850;0
RASP;D;20250611;000000;223.05;225.2;220.8;223.75;79030;0
RASP;D;20250613;000000;223.75;226;222.25;222.45;72950;0
RASP;D;20250616;000000;223.4;225.25;221.35;223.75;140820;0
RASP;D;20250617;000000;223;228.6;222;228.15;182120;0
RASP;D;20250618;000000;228.4;234;224.8;233.95;397060;0
RASP;D;20250619;000000;233.9;234.65;228.6;228.8;297710;0
RASP;D;20250620;000000;230.15;230.15;226.45;226.85;95430;0
RASP;D;20250623;000000;226.85;228.55;220.65;220.75;231470;0
RASP;D;20250624;000000;222.85;223.45;219.05;222.4;185320;0
RASP;D;20250625;000000;222.65;224.55;221.7;223.45;107550;0
RASP;D;20250626;000000;224.35;224.6;222;222;120890;0
RASP;D;20250627;000000;222.2;224.35;220.2;222.2;194970;0
RASP;D;20250630;000000;223.15;230.7;222;229.35;809610;0
RASP;D;20250701;000000;230.5;237.5;228.15;234.8;889620;0
RASP;D;20250702;000000;235;235.45;231.3;231.8;178570;0
RASP;D;20250703;000000;232;244;230.75;239;921230;0
RASP;D;20250704;000000;239.5;240.8;234;236.1;270980;0
RASP;D;20250707;000000;237.2;237.3;226.15;226.25;285570;0
RASP;D;20250708;000000;227.25;227.25;218.3;219.15;386460;0
RASP;D;20250709;000000;220.75;220.75;212.05;217.7;1423900;0
RASP;D;20250710;000000;217.7;221.6;217.65;219.15;210690;0
RASP;D;20250711;000000;218.95;220.05;213.25;213.95;214780;0
RASP;D;20250714;000000;213.95;219.25;205.3;218.95;542650;0
RASP;D;20250715;000000;218.9;221.95;215.5;218.05;255040;0
RASP;D;20250716;000000;218.3;219.3;216.3;217.8;157120;0
RASP;D;20250717;000000;218.05;220;214.2;215;196660;0
RASP;D;20250718;000000;216.3;224.35;215.45;223.45;434500;0
RASP;D;20250721;000000;221.85;227.75;219.45;223.95;561870;0
RASP;D;20250722;000000;224.85;236.8;221.5;226.85;1709460;0
RASP;D;20250723;000000;226.95;227.85;222.5;222.5;275490;0
RASP;D;20250724;000000;222.5;225.55;222.05;223;202780;0
RASP;D;20250725;000000;223.6;225.1;219;219.7;304760;0
RASP;D;20250728;000000;219.3;220.3;214.65;214.75;283090;0
RASP;D;20250729;000000;216.4;222.3;214.8;217.35;778100;0
RASP;D;20250730;000000;217.7;217.7;213.05;214.6;171320;0
RASP;D;20250731;000000;213.9;216.2;212.65;213.05;124510;0
RASP;D;20250801;000000;213.25;216.3;210.5;212.65;196250;0
RASP;D;20250804;000000;213.25;216.95;211.85;216.95;156530;0
RASP;D;20250805;000000;217;218.3;215.75;216.7;128030;0
RASP;D;20250806;000000;216.7;222.95;213.4;219.75;434390;0
RASP;D;20250807;000000;219.7;224.5;218.6;223.2;313850;0
RASP;D;20250808;000000;223.65;226;221.1;225.35;267620;0
RASP;D;20250811;000000;226.05;231.65;226.05;228.25;287700;0
RASP;D;20250812;000000;229;229.5;225.75;229.15;137440;0
RASP;D;20250813;000000;229.25;230.85;225.8;226.45;184130;0
RASP;D;20250814;000000;227.55;228.7;223.05;227.1;371180;0
RASP;D;20250815;000000;228.35;229.9;223.8;226.3;554340;0
RASP;D;20250818;000000;225.8;229.35;220;228.05;697900;0
RASP;D;20250819;000000;228;230;225.05;226;231010;0
RASP;D;20250820;000000;226;228;221;221.4;208990;0
RASP;D;20250821;000000;223.05;223.05;216.05;216.55;370720;0
RASP;D;20250822;000000;217.15;219.05;216.15;217.85;142770;0
RASP;D;20250825;000000;218.1;220.25;215.1;219.6;213880;0
RASP;D;20250826;000000;220.6;222;216.85;219.25;111920;0
RASP;D;20250827;000000;219.05;221.15;218.4;219.4;87120;0
RASP;D;20250828;000000;219.8;219.8;212.95;214.4;390550;0
RASP;D;20250829;000000;214.4;216.1;212.5;215.15;302970;0
RASP;D;20250901;000000;215.6;218.4;213.9;214.55;147230;0
RASP;D;20250902;000000;214.35;216.5;212;215.8;141770;0
RASP;D;20250903;000000;214.5;217.1;213.55;215.95;94660;0
RASP;D;20250904;000000;217.75;217.75;215.25;216.05;120630;0
RASP;D;20250905;000000;216.15;217.7;214.65;215.05;130400;0
RASP;D;20250908;000000;214.65;217.45;214.55;217.4;126380;0
RASP;D;20250909;000000;217;219.4;216.25;218;188130;0
RASP;D;20250910;000000;218.5;218.5;214.05;214.05;155540;0
RASP;D;20250911;000000;214.25;215.45;212.05;213.35;142040;0
RASP;D;20250912;000000;213.25;216.5;209.75;210.2;487500;0
RASP;D;20250915;000000;210.1;213;208.1;209.4;156610;0
RASP;D;20250916;000000;209.85;210.65;205.1;205.95;346690;0
RASP;D;20250917;000000;205.95;207.95;203.75;207.65;255060;0
RASP;D;20250918;000000;206.55;207.8;202.1;204.5;232160;0
RASP;D;20250919;000000;204.9;204.9;200;200;311240;0
RASP;D;20250922;000000;200;200.45;195;200.1;341210;0
RASP;D;20250923;000000;200.35;201.45;194;195.25;263340;0
RASP;D;20250924;000000;196.75;199.45;193.25;198.75;305110;0
RASP;D;20250925;000000;198.8;199.5;194.4;194.85;182380;0
RASP;D;20250926;000000;196.3;196.45;192.15;194;153180;0
RASP;D;20250929;000000;193.5;196.3;188.55;189.05;284960;0
RASP;D;20250930;000000;191;191.1;184.55;187.2;237100;0
RASP;D;20251001;000000;185.25;187.75;181.15;181.55;220050;0
RASP;D;20251002;000000;182.6;183.25;173;174;574970;0
RASP;D;20251003;000000;175.25;176.7;171.15;172.2;336470;0
RASP;D;20251006;000000;172.2;175.5;167.25;174.9;1032100;0
RASP;D;20251007;000000;174.9;179.65;172.65;179.3;285720;0
RASP;D;20251008;000000;179.65;181.4;168;170.9;674670;0
RASP;D;20251009;000000;172.05;176.9;167.2;174;556930;0
RASP;D;20251010;000000;173.8;174.8;167.35;168.9;271620;0
RASP;D;20251013;000000;168.7;171.45;163.55;164.55;619180;0
RASP;D;20251014;000000;164.55;164.55;161.8;162.75;335330;0
RASP;D;20251015;000000;163.1;166.2;161.4;163.25;302930;0
RASP;D;20251016;000000;165;176.9;161.8;176.8;957600;0
RASP;D;20251017;000000;176.8;181;174.15;178.25;456280;0
RASP;D;20251020;000000;178.2;185.85;178.2;182.45;487920;0
RASP;D;20251021;000000;181.4;182.45;172.25;175.25;460230;0
RASP;D;20251022;000000;175.25;177.6;167.6;168.6;454810;0
RASP;D;20251023;000000;167;167.6;160.7;165;568070;0
RASP;D;20251024;000000;166.1;167.95;161;164.6;319910;0
RASP;D;20251027;000000;164;165.65;152.6;155.95;1027500;0
RASP;D;20251028;000000;155.4;159.5;154.2;156.65;550470;0
RASP;D;20251029;000000;157.85;162.6;155.7;158.75;528130;0
RASP;D;20251030;000000;158.8;163.75;157;161.45;406090;0
RASP;D;20251031;000000;161.65;161.8;156.9;157.5;358400;0
RASP;D;20251101;000000;157.55;158.8;157;158.55;84980;0
RASP;D;20251103;000000;158.45;164.45;157.6;162.7;345190;0
RASP;D;20251105;000000;162.7;166.35;159.95;163.65;492280;0
RASP;D;20251106;000000;164.2;164.7;160.9;162.55;207740;0
RASP;D;20251107;000000;162.35;166.4;161.7;164.8;225510;0
RASP;D;20251110;000000;166.15;170;163.4;165.05;820890;0
RASP;D;20251111;000000;164.85;168.15;164.6;167.25;192370;0
RASP;D;20251112;000000;166.9;167.7;159;164.1;558830;0
RASP;D;20251113;000000;164.15;165.95;162.15;162.9;246190;0
RASP;D;20251114;000000;163.15;163.75;159.55;161.1;632060;0
RASP;D;20251117;000000;161.35;162.2;159;159.05;161950;0
RASP;D;20251118;000000;159.35;164.3;158.8;163;239100;0
RASP;D;20251119;000000;163.8;168.75;160.75;167.65;640760;0
RASP;D;20251120;000000;168.25;170.9;165.75;170;345050;0
RASP;D;20251121;000000;170.6;171.45;167.3;169;480440;0
RASP;D;20251124;000000;169.5;173.45;161.1;163.8;1168070;0
RASP;D;20251125;000000;163.15;176.05;161.6;172.15;4647640;0
RASP;D;20251126;000000;172.85;175.35;170.1;171.65;1285710;0
RASP;D;20251127;000000;172.15;173.95;169.8;171.3;573620;0
RASP;D;20251128;000000;171.2;174.7;170.65;173.65;440950;0
RASP;D;20251201;000000;173.55;175.55;172.05;173.7;378990;0
RASP;D;20251202;000000;173.25;174.15;170.5;171;312170;0
RASP;D;20251203;000000;169.55;169.85;166.1;169.3;273410;0
RASP;D;20251204;000000;170;171.2;168.15;168.5;193900;0
RASP;D;20251205;000000;169.8;172.65;168.15;171.2;223250;0
RASP;D;20251208;000000;171.25;172.55;168.25;168.45;353860;0
RASP;D;20251209;000000;168;171.75;167.55;171.35;217700;0
RASP;D;20251210;000000;171.1;171.6;170.1;171.15;103240;0
RASP;D;20251211;000000;171.35;179;170.8;178;1040540;0
RASP;D;20251212;000000;178;179.6;172.25;172.9;938460;0
RASP;D;20251215;000000;173.5;174.8;171.45;172.95;333650;0
RASP;D;20251216;000000;173;175.4;173;174.05;190840;0
RASP;D;20251217;000000;173.75;176.15;172.45;174.4;385200;0
RASP;D;20251218;000000;175.7;175.7;172.5;174.2;183760;0
RASP;D;20251219;000000;172.5;176.75;171.65;172.95;383970;0
RASP;D;20251222;000000;172.7;173.2;166.55;168;561880;0
RASP;D;20251223;000000;168.5;169.45;165.55;167.8;218910;0
RASP;D;20251224;000000;167.35;168.9;165.8;166.15;141250;0
RASP;D;20251225;000000;165.85;167.35;164.2;165.75;218940;0
RASP;D;20251226;000000;166.6;168.25;165.95;168.15;186190;0
RASP;D;20251229;000000;168.2;170;163.2;165.95;729340;0
RASP;D;20251230;000000;166.5;166.6;162.05;163.1;276170;0
RASP;D;20260105;000000;163.55;163.7;160.05;160.4;164440;0
RASP;D;20260106;000000;160;161.35;160;161.25;82740;0
RASP;D;20260108;000000;161.3;161.75;159.35;160.65;84970;0
RASP;D;20260109;000000;161;165;160.05;163.1;237470;0
RASP;D;20260112;000000;162.3;167.85;162.3;165.6;282130;0
RASP;D;20260113;000000;165.95;166.4;163.3;164.95;149200;0
RASP;D;20260114;000000;166.05;168.45;163.9;167.2;222790;0
RASP;D;20260115;000000;166.1;167.35;165.1;166.4;187890;0
RASP;D;20260116;000000;166.4;169.1;166.35;168.55;299100;0
RASP;D;20260119;000000;169.1;170.15;167.25;168.35;286510;0
RASP;D;20260120;000000;168.05;169.2;163.85;165.8;402260;0
RASP;D;20260121;000000;165.9;168.3;165.35;167.3;192060;0
RASP;D;20260122;000000;168;168.85;165.15;167.45;294090;0
RASP;D;20260123;000000;166.3;167.9;166;167.2;146200;0
RASP;D;20260126;000000;167.85;171.1;165.4;166.4;431690;0
RASP;D;20260127;000000;166.5;174.65;166.05;173.45;1079290;0
RASP;D;20260128;000000;174.25;174.45;171.5;172.55;352520;0
RASP;D;20260129;000000;173;180.45;172.05;178.2;1031980;0
RASP;D;20260130;000000;178.4;179.9;170.2;171;580970;0
RASP;D;20260202;000000;172.05;173.4;167.3;171.2;368440;0
RASP;D;20260203;000000;171;173.75;171;171.95;251170;0
RASP;D;20260204;000000;173.2;176.1;169.4;170.25;491570;0
RASP;D;20260205;000000;169.75;170.3;165.3;167.6;314820;0
RASP;D;20260206;000000;167.9;169.65;166.35;167.35;317660;0
RASP;D;20260209;000000;168.05;168.55;165.55;166.6;165490;0
RASP;D;20260210;000000;167.75;167.75;165.15;165.4;104110;0
RASP;D;20260211;000000;165.1;167.9;165;166.6;151280;0
RASP;D;20260212;000000;167.8;168.35;166.05;166.5;141690;0
RASP;D;20260213;000000;167;168.95;165.1;167.7;240950;0
RASP;D;20260216;000000;168;171.2;168;169.7;160840;0
RASP;D;20260217;000000;170;170.05;168.65;169.45;120130;0
RASP;D;20260218;000000;170;173.5;167.9;171.85;321610;0
RASP;D;20260219;000000;172.3;173.2;170.3;170.65;144010;0
RASP;D;20260220;000000;170.15;173.95;169.75;171;233870;0
RASP;D;20260224;000000;172.75;173.3;168.4;169.4;266930;0
RASP;D;20260225;000000;170.2;171.05;168.05;170.45;218750;0
RASP;D;20260226;000000;170.45;174.15;168.25;172.2;492970;0
RASP;D;20260227;000000;171.55;172.9;170.9;171.45;171820;0
RASP;D;20260302;000000;172.25;172.5;165.4;165.8;909380;0
RASP;D;20260303;000000;165.6;169.25;165.5;167.4;358630;0
RASP;D;20260304;000000;167.4;168.6;166.35;166.5;173240;0
RASP;D;20260305;000000;166.45;168.2;164.7;165.6;327170;0
RASP;D;20260306;000000;165.6;167.05;161.8;164.9;505050;0
RASP;D;20260309;000000;164.9;182.9;161.1;174.3;3230940;0
RASP;D;20260310;000000;174;176;169.1;171.5;1529210;0
RASP;D;20260311;000000;171.5;172.9;168.6;169.05;409180;0
RASP;D;20260312;000000;169;170.6;166.5;167.25;311700;0
RASP;D;20260313;000000;166.85;169.65;166.85;167.9;331090;0
RASP;D;20260316;000000;167.9;171.75;166.6;167.45;514540;0
RASP;D;20260317;000000;167.5;169.75;167.05;168;213800;0
RASP;D;20260318;000000;167.6;168.6;167.05;168.15;148130;0
RASP;D;20260319;000000;167.25;173.7;167.25;170.95;1083680;0
RASP;D;20260320;000000;171.6;174.65;168.7;169.9;479360;0
RASP;D;20260323;000000;169.9;173.65;164.4;167.65;823710;0
RASP;D;20260324;000000;167.15;168.9;164.75;165.6;191200;0
RASP;D;20260325;000000;165.3;166.55;163.1;164.45;190290;0
RASP;D;20260326;000000;164.4;165.2;162.15;162.5;281160;0
RASP;D;20260327;000000;162.3;163.45;155.6;156.1;602660;0
RASP;D;20260330;000000;157.4;159.3;155;158.2;449940;0
RASP;D;20260331;000000;158.2;158.7;154.6;155.25;331520;0
RASP;D;20260401;000000;155.45;158.65;154.15;155.9;509400;0
RASP;D;20260402;000000;155.9;156.1;153.55;154.6;318030;0
RASP;D;20260403;000000;155;157.65;150;150.5;1178560;0
RASP;D;20260406;000000;150.75;155.2;150.1;155.1;1230990;0
RASP;D;20260407;000000;155.45;156.1;152.65;153.6;603030;0
RASP;D;20260408;000000;153.25;155;152.65;155;135100;0
RASP;D;20260409;000000;154.75;155.4;151.05;151.95;268060;0
RASP;D;20260410;000000;151.2;152.25;148.2;148.5;268720;0
RASP;D;20260413;000000;149;150;146.65;147.95;290380;0
RASP;D;20260414;000000;148.95;149.45;146.45;147.15;275340;0
RASP;D;20260415;000000;146.85;151.65;145.5;150.45;336710;0
RASP;D;20260416;000000;151.6;153.65;149;149.2;236250;0
RASP;D;20260417;000000;150.4;151.25;146.3;147.6;223000;0
RASP;D;20260420;000000;147.55;149.6;146.15;147.8;343810;0
RASP;D;20260421;000000;148.35;148.95;145.15;146.15;228850;0
RASP;D;20260422;000000;146.25;148.15;146;147.2;197490;0
RASP;D;20260423;000000;147.1;148.55;146.9;147.15;153120;0
RASP;D;20260424;000000;146.95;149.75;145;146.5;461790;0
RASP;D;20260427;000000;147.05;149.2;143.3;143.8;274990;0
RASP;D;20260428;000000;144.1;144.4;136.05;136.5;627000;0
RASP;D;20260429;000000;136.6;138.95;133.5;135.6;580940;0
RASP;D;20260430;000000;136.85;136.85;133.8;136.25;245100;0
RASP;D;20260504;000000;136.25;136.55;130;131.9;634140;0
RASP;D;20260505;000000;131.65;133.05;126.15;131.85;958300;0
RASP;D;20260506;000000;131.85;133.85;131;132.75;335160;0
RASP;D;20260507;000000;132;132.95;127;129.9;710040;0
RASP;D;20260508;000000;130.5;131.95;127.45;129.2;340000;0
RASP;D;20260511;000000;129.75;132.65;129.25;132.65;110460;0
RASP;D;20260512;000000;132.7;137;131.75;136.55;638680;0
