<TICKER>;<PER>;<DATE>;<TIME>;<OPEN>;<HIGH>;<LOW>;<CLOSE>;<VOL>;<OPENINT>
RGBITR;D;20021230;000000;100;100;100;100;0;0
RGBITR;D;20030104;000000;100.34;100.34;100.34;100.34;0;0
RGBITR;D;20030105;000000;101.09;101.09;101.09;101.09;0;0
RGBITR;D;20030108;000000;101.35;101.35;101.35;101.35;0;0
RGBITR;D;20030109;000000;101.41;101.41;101.41;101.41;0;0
RGBITR;D;20030110;000000;101.57;101.57;101.57;101.57;0;0
RGBITR;D;20030113;000000;101.77;101.77;101.77;101.77;0;0
RGBITR;D;20030114;000000;101.81;101.81;101.81;101.81;0;0
RGBITR;D;20030115;000000;101.82;101.82;101.82;101.82;0;0
RGBITR;D;20030116;000000;101.82;101.82;101.82;101.82;0;0
RGBITR;D;20030117;000000;101.99;101.99;101.99;101.99;0;0
RGBITR;D;20030120;000000;102.06;102.06;102.06;102.06;0;0
RGBITR;D;20030121;000000;102.03;102.03;102.03;102.03;0;0
RGBITR;D;20030122;000000;102.19;102.19;102.19;102.19;0;0
RGBITR;D;20030123;000000;102.36;102.36;102.36;102.36;0;0
RGBITR;D;20030124;000000;102.49;102.49;102.49;102.49;0;0
RGBITR;D;20030127;000000;102.55;102.55;102.55;102.55;0;0
RGBITR;D;20030128;000000;102.67;102.67;102.67;102.67;0;0
RGBITR;D;20030129;000000;102.67;102.67;102.67;102.67;0;0
RGBITR;D;20030130;000000;102.77;102.77;102.77;102.77;0;0
RGBITR;D;20030131;000000;103.06;103.06;103.06;103.06;0;0
RGBITR;D;20030203;000000;103.18;103.18;103.18;103.18;0;0
RGBITR;D;20030204;000000;103.29;103.29;103.29;103.29;0;0
RGBITR;D;20030205;000000;104.1;104.1;104.1;104.1;0;0
RGBITR;D;20030206;000000;104.65;104.65;104.65;104.65;0;0
RGBITR;D;20030207;000000;105.64;105.64;105.64;105.64;0;0
RGBITR;D;20030210;000000;106.26;106.26;106.26;106.26;0;0
RGBITR;D;20030211;000000;106.42;106.42;106.42;106.42;0;0
RGBITR;D;20030212;000000;106.99;106.99;106.99;106.99;0;0
RGBITR;D;20030213;000000;108.05;108.05;108.05;108.05;0;0
RGBITR;D;20030214;000000;108.54;108.54;108.54;108.54;0;0
RGBITR;D;20030217;000000;109.84;109.84;109.84;109.84;0;0
RGBITR;D;20030218;000000;110.68;110.68;110.68;110.68;0;0
RGBITR;D;20030219;000000;110.99;110.99;110.99;110.99;0;0
RGBITR;D;20030220;000000;111.01;111.01;111.01;111.01;0;0
RGBITR;D;20030221;000000;111.25;111.25;111.25;111.25;0;0
RGBITR;D;20030225;000000;111.61;111.61;111.61;111.61;0;0
RGBITR;D;20030226;000000;111.61;111.61;111.61;111.61;0;0
RGBITR;D;20030227;000000;111.75;111.75;111.75;111.75;0;0
RGBITR;D;20030228;000000;111.99;111.99;111.99;111.99;0;0
RGBITR;D;20030303;000000;112.19;112.19;112.19;112.19;0;0
RGBITR;D;20030304;000000;111.95;111.95;111.95;111.95;0;0
RGBITR;D;20030305;000000;112.44;112.44;112.44;112.44;0;0
RGBITR;D;20030306;000000;112.78;112.78;112.78;112.78;0;0
RGBITR;D;20030307;000000;112.97;112.97;112.97;112.97;0;0
RGBITR;D;20030311;000000;113.47;113.47;113.47;113.47;0;0
RGBITR;D;20030312;000000;113.84;113.84;113.84;113.84;0;0
RGBITR;D;20030313;000000;114.06;114.06;114.06;114.06;0;0
RGBITR;D;20030314;000000;114.23;114.23;114.23;114.23;0;0
RGBITR;D;20030317;000000;113.08;113.08;113.08;113.08;0;0
RGBITR;D;20030318;000000;111.81;111.81;111.81;111.81;0;0
RGBITR;D;20030319;000000;112.04;112.04;112.04;112.04;0;0
RGBITR;D;20030320;000000;111.77;111.77;111.77;111.77;0;0
RGBITR;D;20030321;000000;113.5;113.5;113.5;113.5;0;0
RGBITR;D;20030324;000000;113.16;113.16;113.16;113.16;0;0
RGBITR;D;20030325;000000;113.16;113.16;113.16;113.16;0;0
RGBITR;D;20030326;000000;113.32;113.32;113.32;113.32;0;0
RGBITR;D;20030327;000000;113.52;113.52;113.52;113.52;0;0
RGBITR;D;20030328;000000;113.5;113.5;113.5;113.5;0;0
RGBITR;D;20030331;000000;113.59;113.59;113.59;113.59;0;0
RGBITR;D;20030401;000000;114.16;114.16;114.16;114.16;0;0
RGBITR;D;20030402;000000;115.02;115.02;115.02;115.02;0;0
RGBITR;D;20030403;000000;115.1;115.1;115.1;115.1;0;0
RGBITR;D;20030404;000000;115.14;115.14;115.14;115.14;0;0
RGBITR;D;20030407;000000;115.04;115.04;115.04;115.04;0;0
RGBITR;D;20030408;000000;115.08;115.08;115.08;115.08;0;0
RGBITR;D;20030409;000000;115.19;115.19;115.19;115.19;0;0
RGBITR;D;20030410;000000;115.42;115.42;115.42;115.42;0;0
RGBITR;D;20030411;000000;115.37;115.37;115.37;115.37;0;0
RGBITR;D;20030414;000000;115.55;115.55;115.55;115.55;0;0
RGBITR;D;20030415;000000;115.6;115.6;115.6;115.6;0;0
RGBITR;D;20030416;000000;115.83;115.83;115.83;115.83;0;0
RGBITR;D;20030417;000000;116.11;116.11;116.11;116.11;0;0
RGBITR;D;20030418;000000;116.35;116.35;116.35;116.35;0;0
RGBITR;D;20030421;000000;116.58;116.58;116.58;116.58;0;0
RGBITR;D;20030422;000000;116.64;116.64;116.64;116.64;0;0
RGBITR;D;20030423;000000;117.78;117.78;117.78;117.78;0;0
RGBITR;D;20030424;000000;118.07;118.07;118.07;118.07;0;0
RGBITR;D;20030425;000000;118.04;118.04;118.04;118.04;0;0
RGBITR;D;20030428;000000;118.03;118.03;118.03;118.03;0;0
RGBITR;D;20030429;000000;118.07;118.07;118.07;118.07;0;0
RGBITR;D;20030430;000000;118.56;118.56;118.56;118.56;0;0
RGBITR;D;20030505;000000;118.87;118.87;118.87;118.87;0;0
RGBITR;D;20030506;000000;119.19;119.19;119.19;119.19;0;0
RGBITR;D;20030507;000000;119.44;119.44;119.44;119.44;0;0
RGBITR;D;20030508;000000;119.7;119.7;119.7;119.7;0;0
RGBITR;D;20030512;000000;119.95;119.95;119.95;119.95;0;0
RGBITR;D;20030513;000000;120.35;120.35;120.35;120.35;0;0
RGBITR;D;20030514;000000;120.56;120.56;120.56;120.56;0;0
RGBITR;D;20030515;000000;120.99;120.99;120.99;120.99;0;0
RGBITR;D;20030516;000000;121.68;121.68;121.68;121.68;0;0
RGBITR;D;20030519;000000;122.44;122.44;122.44;122.44;0;0
RGBITR;D;20030520;000000;123.56;123.56;123.56;123.56;0;0
RGBITR;D;20030521;000000;124.56;124.56;124.56;124.56;0;0
RGBITR;D;20030522;000000;124.23;124.23;124.23;124.23;0;0
RGBITR;D;20030523;000000;124.16;124.16;124.16;124.16;0;0
RGBITR;D;20030526;000000;124.25;124.25;124.25;124.25;0;0
RGBITR;D;20030527;000000;124.02;124.02;124.02;124.02;0;0
RGBITR;D;20030528;000000;123.76;123.76;123.76;123.76;0;0
RGBITR;D;20030529;000000;123;123;123;123;0;0
RGBITR;D;20030530;000000;123.37;123.37;123.37;123.37;0;0
RGBITR;D;20030602;000000;123.24;123.24;123.24;123.24;0;0
RGBITR;D;20030603;000000;123.54;123.54;123.54;123.54;0;0
RGBITR;D;20030604;000000;123.83;123.83;123.83;123.83;0;0
RGBITR;D;20030605;000000;123.55;123.55;123.55;123.55;0;0
RGBITR;D;20030606;000000;123.67;123.67;123.67;123.67;0;0
RGBITR;D;20030609;000000;123.89;123.89;123.89;123.89;0;0
RGBITR;D;20030610;000000;123.76;123.76;123.76;123.76;0;0
RGBITR;D;20030611;000000;123.95;123.95;123.95;123.95;0;0
RGBITR;D;20030616;000000;124.01;124.01;124.01;124.01;0;0
RGBITR;D;20030617;000000;123.79;123.79;123.79;123.79;0;0
RGBITR;D;20030618;000000;123.53;123.53;123.53;123.53;0;0
RGBITR;D;20030619;000000;124.06;124.06;124.06;124.06;0;0
RGBITR;D;20030620;000000;124.03;124.03;124.03;124.03;0;0
RGBITR;D;20030621;000000;123.99;123.99;123.99;123.99;0;0
RGBITR;D;20030623;000000;123.95;123.95;123.95;123.95;0;0
RGBITR;D;20030624;000000;124.01;124.01;124.01;124.01;0;0
RGBITR;D;20030625;000000;124.25;124.25;124.25;124.25;0;0
RGBITR;D;20030626;000000;123.89;123.89;123.89;123.89;0;0
RGBITR;D;20030627;000000;123.89;123.89;123.89;123.89;0;0
RGBITR;D;20030630;000000;124.11;124.11;124.11;124.11;0;0
RGBITR;D;20030701;000000;123.9;123.9;123.9;123.9;0;0
RGBITR;D;20030702;000000;123.54;123.54;123.54;123.54;0;0
RGBITR;D;20030703;000000;123.5;123.5;123.5;123.5;0;0
RGBITR;D;20030704;000000;123.22;123.22;123.22;123.22;0;0
RGBITR;D;20030707;000000;122.94;122.94;122.94;122.94;0;0
RGBITR;D;20030708;000000;121.73;121.73;121.73;121.73;0;0
RGBITR;D;20030709;000000;121.2;121.2;121.2;121.2;0;0
RGBITR;D;20030710;000000;120.81;120.81;120.81;120.81;0;0
RGBITR;D;20030711;000000;120.43;120.43;120.43;120.43;0;0
RGBITR;D;20030714;000000;120.25;120.25;120.25;120.25;0;0
RGBITR;D;20030715;000000;119.16;119.16;119.16;119.16;0;0
RGBITR;D;20030716;000000;117.27;117.27;117.27;117.27;0;0
RGBITR;D;20030717;000000;117.61;117.61;117.61;117.61;0;0
RGBITR;D;20030718;000000;118.12;118.12;118.12;118.12;0;0
RGBITR;D;20030721;000000;119.12;119.12;119.12;119.12;0;0
RGBITR;D;20030722;000000;119.11;119.11;119.11;119.11;0;0
RGBITR;D;20030723;000000;118.68;118.68;118.68;118.68;0;0
RGBITR;D;20030724;000000;119.2;119.2;119.2;119.2;0;0
RGBITR;D;20030725;000000;119;119;119;119;0;0
RGBITR;D;20030728;000000;118.72;118.72;118.72;118.72;0;0
RGBITR;D;20030729;000000;119.32;119.32;119.32;119.32;0;0
RGBITR;D;20030730;000000;120.49;120.49;120.49;120.49;0;0
RGBITR;D;20030731;000000;121.41;121.41;121.41;121.41;0;0
RGBITR;D;20030801;000000;121.16;121.16;121.16;121.16;0;0
RGBITR;D;20030804;000000;121.28;121.28;121.28;121.28;0;0
RGBITR;D;20030805;000000;121.28;121.28;121.28;121.28;0;0
RGBITR;D;20030806;000000;121.28;121.28;121.28;121.28;0;0
RGBITR;D;20030807;000000;121.3;121.3;121.3;121.3;0;0
RGBITR;D;20030808;000000;121.49;121.49;121.49;121.49;0;0
RGBITR;D;20030811;000000;121.78;121.78;121.78;121.78;0;0
RGBITR;D;20030812;000000;121.61;121.61;121.61;121.61;0;0
RGBITR;D;20030813;000000;121.68;121.68;121.68;121.68;0;0
RGBITR;D;20030814;000000;121.61;121.61;121.61;121.61;0;0
RGBITR;D;20030815;000000;121.61;121.61;121.61;121.61;0;0
RGBITR;D;20030818;000000;121.82;121.82;121.82;121.82;0;0
RGBITR;D;20030819;000000;121.78;121.78;121.78;121.78;0;0
RGBITR;D;20030820;000000;121.82;121.82;121.82;121.82;0;0
RGBITR;D;20030821;000000;121.9;121.9;121.9;121.9;0;0
RGBITR;D;20030822;000000;121.94;121.94;121.94;121.94;0;0
RGBITR;D;20030825;000000;122.06;122.06;122.06;122.06;0;0
RGBITR;D;20030826;000000;121.81;121.81;121.81;121.81;0;0
RGBITR;D;20030827;000000;121.16;121.16;121.16;121.16;0;0
RGBITR;D;20030828;000000;121.65;121.65;121.65;121.65;0;0
RGBITR;D;20030829;000000;122.01;122.01;122.01;122.01;0;0
RGBITR;D;20030901;000000;122.2;122.2;122.2;122.2;0;0
RGBITR;D;20030902;000000;122.28;122.28;122.28;122.28;0;0
RGBITR;D;20030903;000000;122.37;122.37;122.37;122.37;0;0
RGBITR;D;20030904;000000;121.72;121.72;121.72;121.72;0;0
RGBITR;D;20030905;000000;121.82;121.82;121.82;121.82;0;0
RGBITR;D;20030908;000000;121.87;121.87;121.87;121.87;0;0
RGBITR;D;20030909;000000;121.88;121.88;121.88;121.88;0;0
RGBITR;D;20030910;000000;121.08;121.08;121.08;121.08;0;0
RGBITR;D;20030911;000000;121.36;121.36;121.36;121.36;0;0
RGBITR;D;20030912;000000;121.49;121.49;121.49;121.49;0;0
RGBITR;D;20030915;000000;121.61;121.61;121.61;121.61;0;0
RGBITR;D;20030916;000000;121.11;121.11;121.11;121.11;0;0
RGBITR;D;20030917;000000;121.57;121.57;121.57;121.57;0;0
RGBITR;D;20030918;000000;121.98;121.98;121.98;121.98;0;0
RGBITR;D;20030919;000000;121.88;121.88;121.88;121.88;0;0
RGBITR;D;20030922;000000;122.08;122.08;122.08;122.08;0;0
RGBITR;D;20030923;000000;122.17;122.17;122.17;122.17;0;0
RGBITR;D;20030924;000000;122.07;122.07;122.07;122.07;0;0
RGBITR;D;20030925;000000;122.17;122.17;122.17;122.17;0;0
RGBITR;D;20030926;000000;122.36;122.36;122.36;122.36;0;0
RGBITR;D;20030929;000000;122.46;122.46;122.46;122.46;0;0
RGBITR;D;20030930;000000;122.54;122.54;122.54;122.54;0;0
RGBITR;D;20031001;000000;122.68;122.68;122.68;122.68;0;0
RGBITR;D;20031002;000000;122.74;122.74;122.74;122.74;0;0
RGBITR;D;20031003;000000;122.86;122.86;122.86;122.86;0;0
RGBITR;D;20031006;000000;123;123;123;123;0;0
RGBITR;D;20031007;000000;123.04;123.04;123.04;123.04;0;0
RGBITR;D;20031008;000000;123.33;123.33;123.33;123.33;0;0
RGBITR;D;20031009;000000;124.14;124.14;124.14;124.14;0;0
RGBITR;D;20031010;000000;124.57;124.57;124.57;124.57;0;0
RGBITR;D;20031013;000000;124.91;124.91;124.91;124.91;0;0
RGBITR;D;20031014;000000;125.05;125.05;125.05;125.05;0;0
RGBITR;D;20031015;000000;124.72;124.72;124.72;124.72;0;0
RGBITR;D;20031016;000000;124.65;124.65;124.65;124.65;0;0
RGBITR;D;20031017;000000;124.8;124.8;124.8;124.8;0;0
RGBITR;D;20031020;000000;124.75;124.75;124.75;124.75;0;0
RGBITR;D;20031021;000000;124.4;124.4;124.4;124.4;0;0
RGBITR;D;20031022;000000;124.28;124.28;124.28;124.28;0;0
RGBITR;D;20031023;000000;124.22;124.22;124.22;124.22;0;0
RGBITR;D;20031024;000000;124.31;124.31;124.31;124.31;0;0
RGBITR;D;20031027;000000;124.1;124.1;124.1;124.1;0;0
RGBITR;D;20031028;000000;123.76;123.76;123.76;123.76;0;0
RGBITR;D;20031029;000000;123.91;123.91;123.91;123.91;0;0
RGBITR;D;20031030;000000;123.87;123.87;123.87;123.87;0;0
RGBITR;D;20031031;000000;125;125;125;125;0;0
RGBITR;D;20031103;000000;125.01;125.01;125.01;125.01;0;0
RGBITR;D;20031104;000000;125.55;125.55;125.55;125.55;0;0
RGBITR;D;20031105;000000;125.69;125.69;125.69;125.69;0;0
RGBITR;D;20031106;000000;125.63;125.63;125.63;125.63;0;0
RGBITR;D;20031110;000000;125.77;125.77;125.77;125.77;0;0
RGBITR;D;20031111;000000;125.41;125.41;125.41;125.41;0;0
RGBITR;D;20031112;000000;124.63;124.63;124.63;124.63;0;0
RGBITR;D;20031113;000000;125.23;125.23;125.23;125.23;0;0
RGBITR;D;20031114;000000;125.24;125.24;125.24;125.24;0;0
RGBITR;D;20031117;000000;125.22;125.22;125.22;125.22;0;0
RGBITR;D;20031118;000000;124.97;124.97;124.97;124.97;0;0
RGBITR;D;20031119;000000;124.94;124.94;124.94;124.94;0;0
RGBITR;D;20031120;000000;125.23;125.23;125.23;125.23;0;0
RGBITR;D;20031121;000000;125.29;125.29;125.29;125.29;0;0
RGBITR;D;20031124;000000;125.4;125.4;125.4;125.4;0;0
RGBITR;D;20031125;000000;125.5;125.5;125.5;125.5;0;0
RGBITR;D;20031126;000000;125.57;125.57;125.57;125.57;0;0
RGBITR;D;20031127;000000;125.6;125.6;125.6;125.6;0;0
RGBITR;D;20031128;000000;125.37;125.37;125.37;125.37;0;0
RGBITR;D;20031201;000000;125.56;125.56;125.56;125.56;0;0
RGBITR;D;20031202;000000;125.59;125.59;125.59;125.59;0;0
RGBITR;D;20031203;000000;125.7;125.7;125.7;125.7;0;0
RGBITR;D;20031204;000000;125.79;125.79;125.79;125.79;0;0
RGBITR;D;20031205;000000;125.98;125.98;125.98;125.98;0;0
RGBITR;D;20031208;000000;126.11;126.11;126.11;126.11;0;0
RGBITR;D;20031209;000000;126.16;126.16;126.16;126.16;0;0
RGBITR;D;20031210;000000;126.15;126.15;126.15;126.15;0;0
RGBITR;D;20031211;000000;126.4;126.4;126.4;126.4;0;0
RGBITR;D;20031215;000000;126.34;126.34;126.34;126.34;0;0
RGBITR;D;20031216;000000;126.45;126.45;126.45;126.45;0;0
RGBITR;D;20031217;000000;126.64;126.64;126.64;126.64;0;0
RGBITR;D;20031218;000000;126.65;126.65;126.65;126.65;0;0
RGBITR;D;20031219;000000;126.7;126.7;126.7;126.7;0;0
RGBITR;D;20031222;000000;126.74;126.74;126.74;126.74;0;0
RGBITR;D;20031223;000000;126.79;126.79;126.79;126.79;0;0
RGBITR;D;20031224;000000;126.9;126.9;126.9;126.9;0;0
RGBITR;D;20031225;000000;127;127;127;127;0;0
RGBITR;D;20031226;000000;127.01;127.01;127.01;127.01;0;0
RGBITR;D;20031229;000000;127.12;127.12;127.12;127.12;0;0
RGBITR;D;20031230;000000;127.73;127.73;127.73;127.73;0;0
RGBITR;D;20040105;000000;127.91;127.91;127.91;127.91;0;0
RGBITR;D;20040106;000000;128.56;128.56;128.56;128.56;0;0
RGBITR;D;20040108;000000;130.69;130.69;130.69;130.69;0;0
RGBITR;D;20040109;000000;130.77;130.77;130.77;130.77;0;0
RGBITR;D;20040112;000000;130.77;130.77;130.77;130.77;0;0
RGBITR;D;20040113;000000;130.69;130.69;130.69;130.69;0;0
RGBITR;D;20040114;000000;130.56;130.56;130.56;130.56;0;0
RGBITR;D;20040115;000000;130.8;130.8;130.8;130.8;0;0
RGBITR;D;20040116;000000;130.9;130.9;130.9;130.9;0;0
RGBITR;D;20040119;000000;130.85;130.85;130.85;130.85;0;0
RGBITR;D;20040120;000000;130.44;130.44;130.44;130.44;0;0
RGBITR;D;20040121;000000;130.29;130.29;130.29;130.29;0;0
RGBITR;D;20040122;000000;130.96;130.96;130.96;130.96;0;0
RGBITR;D;20040123;000000;131.18;131.18;131.18;131.18;0;0
RGBITR;D;20040126;000000;131.49;131.49;131.49;131.49;0;0
RGBITR;D;20040127;000000;131.58;131.58;131.58;131.58;0;0
RGBITR;D;20040128;000000;131.77;131.77;131.77;131.77;0;0
RGBITR;D;20040129;000000;131.81;131.81;131.81;131.81;0;0
RGBITR;D;20040130;000000;131.57;131.57;131.57;131.57;0;0
RGBITR;D;20040202;000000;131.25;131.25;131.25;131.25;0;0
RGBITR;D;20040203;000000;131.39;131.39;131.39;131.39;0;0
RGBITR;D;20040204;000000;131.32;131.32;131.32;131.32;0;0
RGBITR;D;20040205;000000;131.31;131.31;131.31;131.31;0;0
RGBITR;D;20040206;000000;131.2;131.2;131.2;131.2;0;0
RGBITR;D;20040209;000000;131.38;131.38;131.38;131.38;0;0
RGBITR;D;20040210;000000;131.29;131.29;131.29;131.29;0;0
RGBITR;D;20040211;000000;131.16;131.16;131.16;131.16;0;0
RGBITR;D;20040212;000000;131.26;131.26;131.26;131.26;0;0
RGBITR;D;20040213;000000;131.51;131.51;131.51;131.51;0;0
RGBITR;D;20040216;000000;131.7;131.7;131.7;131.7;0;0
RGBITR;D;20040217;000000;131.78;131.78;131.78;131.78;0;0
RGBITR;D;20040218;000000;131.97;131.97;131.97;131.97;0;0
RGBITR;D;20040219;000000;132.26;132.26;132.26;132.26;0;0
RGBITR;D;20040220;000000;132.34;132.34;132.34;132.34;0;0
RGBITR;D;20040224;000000;132.2;132.2;132.2;132.2;0;0
RGBITR;D;20040225;000000;132.43;132.43;132.43;132.43;0;0
RGBITR;D;20040226;000000;132.62;132.62;132.62;132.62;0;0
RGBITR;D;20040227;000000;132.7;132.7;132.7;132.7;0;0
RGBITR;D;20040301;000000;133.45;133.45;133.45;133.45;0;0
RGBITR;D;20040302;000000;132.82;132.82;132.82;132.82;0;0
RGBITR;D;20040303;000000;132.67;132.67;132.67;132.67;0;0
RGBITR;D;20040304;000000;132.83;132.83;132.83;132.83;0;0
RGBITR;D;20040305;000000;132.92;132.92;132.92;132.92;0;0
RGBITR;D;20040309;000000;133.19;133.19;133.19;133.19;0;0
RGBITR;D;20040310;000000;133.4;133.4;133.4;133.4;0;0
RGBITR;D;20040311;000000;133.58;133.58;133.58;133.58;0;0
RGBITR;D;20040312;000000;133.78;133.78;133.78;133.78;0;0
RGBITR;D;20040315;000000;134.12;134.12;134.12;134.12;0;0
RGBITR;D;20040316;000000;134.17;134.17;134.17;134.17;0;0
RGBITR;D;20040317;000000;135.19;135.19;135.19;135.19;0;0
RGBITR;D;20040318;000000;135.65;135.65;135.65;135.65;0;0
RGBITR;D;20040319;000000;135.79;135.79;135.79;135.79;0;0
RGBITR;D;20040322;000000;135.96;135.96;135.96;135.96;0;0
RGBITR;D;20040323;000000;136.12;136.12;136.12;136.12;0;0
RGBITR;D;20040324;000000;136.06;136.06;136.06;136.06;0;0
RGBITR;D;20040325;000000;135.96;135.96;135.96;135.96;0;0
RGBITR;D;20040326;000000;135.84;135.84;135.84;135.84;0;0
RGBITR;D;20040329;000000;136.21;136.21;136.21;136.21;0;0
RGBITR;D;20040330;000000;136.24;136.24;136.24;136.24;0;0
RGBITR;D;20040331;000000;136.47;136.47;136.47;136.47;0;0
RGBITR;D;20040401;000000;136.6;136.6;136.6;136.6;0;0
RGBITR;D;20040402;000000;137.03;137.03;137.03;137.03;0;0
RGBITR;D;20040405;000000;136.71;136.71;136.71;136.71;0;0
RGBITR;D;20040406;000000;136.64;136.64;136.64;136.64;0;0
RGBITR;D;20040407;000000;136.78;136.78;136.78;136.78;0;0
RGBITR;D;20040408;000000;137.06;137.06;137.06;137.06;0;0
RGBITR;D;20040409;000000;137.22;137.22;137.22;137.22;0;0
RGBITR;D;20040412;000000;137.1;137.1;137.1;137.1;0;0
RGBITR;D;20040413;000000;136.64;136.64;136.64;136.64;0;0
RGBITR;D;20040414;000000;136.44;136.44;136.44;136.44;0;0
RGBITR;D;20040415;000000;136.33;136.33;136.33;136.33;0;0
RGBITR;D;20040416;000000;136.26;136.26;136.26;136.26;0;0
RGBITR;D;20040419;000000;135.75;135.75;135.75;135.75;0;0
RGBITR;D;20040420;000000;135.46;135.46;135.46;135.46;0;0
RGBITR;D;20040421;000000;135.09;135.09;135.09;135.09;0;0
RGBITR;D;20040422;000000;135.05;135.05;135.05;135.05;0;0
RGBITR;D;20040423;000000;135.17;135.17;135.17;135.17;0;0
RGBITR;D;20040426;000000;135.09;135.09;135.09;135.09;0;0
RGBITR;D;20040427;000000;135.17;135.17;135.17;135.17;0;0
RGBITR;D;20040428;000000;135.4;135.4;135.4;135.4;0;0
RGBITR;D;20040429;000000;134.82;134.82;134.82;134.82;0;0
RGBITR;D;20040430;000000;135.3;135.3;135.3;135.3;0;0
RGBITR;D;20040505;000000;134.89;134.89;134.89;134.89;0;0
RGBITR;D;20040506;000000;134.59;134.59;134.59;134.59;0;0
RGBITR;D;20040507;000000;134.59;134.59;134.59;134.59;0;0
RGBITR;D;20040511;000000;134.02;134.02;134.02;134.02;0;0
RGBITR;D;20040512;000000;133.31;133.31;133.31;133.31;0;0
RGBITR;D;20040513;000000;133.1;133.1;133.1;133.1;0;0
RGBITR;D;20040514;000000;131.93;131.93;131.93;131.93;0;0
RGBITR;D;20040517;000000;131.87;131.87;131.87;131.87;0;0
RGBITR;D;20040518;000000;132.53;132.53;132.53;132.53;0;0
RGBITR;D;20040519;000000;132.76;132.76;132.76;132.76;0;0
RGBITR;D;20040520;000000;133.34;133.34;133.34;133.34;0;0
RGBITR;D;20040521;000000;133.38;133.38;133.38;133.38;0;0
RGBITR;D;20040524;000000;133.66;133.66;133.66;133.66;0;0
RGBITR;D;20040525;000000;133.46;133.46;133.46;133.46;0;0
RGBITR;D;20040526;000000;133.46;133.46;133.46;133.46;0;0
RGBITR;D;20040527;000000;133.62;133.62;133.62;133.62;0;0
RGBITR;D;20040528;000000;133.92;133.92;133.92;133.92;0;0
RGBITR;D;20040531;000000;134.6;134.6;134.6;134.6;0;0
RGBITR;D;20040601;000000;134.59;134.59;134.59;134.59;0;0
RGBITR;D;20040602;000000;134.41;134.41;134.41;134.41;0;0
RGBITR;D;20040603;000000;134.6;134.6;134.6;134.6;0;0
RGBITR;D;20040604;000000;134.29;134.29;134.29;134.29;0;0
RGBITR;D;20040607;000000;133.96;133.96;133.96;133.96;0;0
RGBITR;D;20040608;000000;133.72;133.72;133.72;133.72;0;0
RGBITR;D;20040609;000000;133.66;133.66;133.66;133.66;0;0
RGBITR;D;20040610;000000;133.36;133.36;133.36;133.36;0;0
RGBITR;D;20040611;000000;133.31;133.31;133.31;133.31;0;0
RGBITR;D;20040615;000000;132.75;132.75;132.75;132.75;0;0
RGBITR;D;20040616;000000;133.19;133.19;133.19;133.19;0;0
RGBITR;D;20040617;000000;133.5;133.5;133.5;133.5;0;0
RGBITR;D;20040618;000000;134.11;134.11;134.11;134.11;0;0
RGBITR;D;20040621;000000;134.58;134.58;134.58;134.58;0;0
RGBITR;D;20040622;000000;134.65;134.65;134.65;134.65;0;0
RGBITR;D;20040623;000000;134.39;134.39;134.39;134.39;0;0
RGBITR;D;20040624;000000;134.63;134.63;134.63;134.63;0;0
RGBITR;D;20040625;000000;134.23;134.23;134.23;134.23;0;0
RGBITR;D;20040628;000000;134.51;134.51;134.51;134.51;0;0
RGBITR;D;20040629;000000;134.76;134.76;134.76;134.76;0;0
RGBITR;D;20040630;000000;135;135;135;135;0;0
RGBITR;D;20040701;000000;134.67;134.67;134.67;134.67;0;0
RGBITR;D;20040702;000000;134.71;134.71;134.71;134.71;0;0
RGBITR;D;20040705;000000;134.8;134.8;134.8;134.8;0;0
RGBITR;D;20040706;000000;134.63;134.63;134.63;134.63;0;0
RGBITR;D;20040707;000000;133.86;133.86;133.86;133.86;0;0
RGBITR;D;20040708;000000;133.92;133.92;133.92;133.92;0;0
RGBITR;D;20040709;000000;134;134;134;134;0;0
RGBITR;D;20040712;000000;134.52;134.52;134.52;134.52;0;0
RGBITR;D;20040713;000000;134.33;134.33;134.33;134.33;0;0
RGBITR;D;20040714;000000;134.93;134.93;134.93;134.93;0;0
RGBITR;D;20040715;000000;135.45;135.45;135.45;135.45;0;0
RGBITR;D;20040716;000000;135.79;135.79;135.79;135.79;0;0
RGBITR;D;20040719;000000;135.92;135.92;135.92;135.92;0;0
RGBITR;D;20040720;000000;136.02;136.02;136.02;136.02;0;0
RGBITR;D;20040721;000000;135.71;135.71;135.71;135.71;0;0
RGBITR;D;20040722;000000;135.83;135.83;135.83;135.83;0;0
RGBITR;D;20040723;000000;135.91;135.91;135.91;135.91;0;0
RGBITR;D;20040726;000000;136.02;136.02;136.02;136.02;0;0
RGBITR;D;20040727;000000;136.18;136.18;136.18;136.18;0;0
RGBITR;D;20040728;000000;135.84;135.84;135.84;135.84;0;0
RGBITR;D;20040729;000000;135.79;135.79;135.79;135.79;0;0
RGBITR;D;20040730;000000;135.89;135.89;135.89;135.89;0;0
RGBITR;D;20040802;000000;136.04;136.04;136.04;136.04;0;0
RGBITR;D;20040803;000000;135.84;135.84;135.84;135.84;0;0
RGBITR;D;20040804;000000;135.82;135.82;135.82;135.82;0;0
RGBITR;D;20040805;000000;135.98;135.98;135.98;135.98;0;0
RGBITR;D;20040806;000000;136.02;136.02;136.02;136.02;0;0
RGBITR;D;20040809;000000;136.13;136.13;136.13;136.13;0;0
RGBITR;D;20040810;000000;136.13;136.13;136.13;136.13;0;0
RGBITR;D;20040811;000000;136.21;136.21;136.21;136.21;0;0
RGBITR;D;20040812;000000;136.22;136.22;136.22;136.22;0;0
RGBITR;D;20040813;000000;136.25;136.25;136.25;136.25;0;0
RGBITR;D;20040816;000000;136.2;136.2;136.2;136.2;0;0
RGBITR;D;20040817;000000;136.17;136.17;136.17;136.17;0;0
RGBITR;D;20040818;000000;136.15;136.15;136.15;136.15;0;0
RGBITR;D;20040819;000000;136.26;136.26;136.26;136.26;0;0
RGBITR;D;20040820;000000;136.46;136.46;136.46;136.46;0;0
RGBITR;D;20040823;000000;136.42;136.42;136.42;136.42;0;0
RGBITR;D;20040824;000000;136.24;136.24;136.24;136.24;0;0
RGBITR;D;20040825;000000;136.25;136.25;136.25;136.25;0;0
RGBITR;D;20040826;000000;136.43;136.43;136.43;136.43;0;0
RGBITR;D;20040827;000000;136.49;136.49;136.49;136.49;0;0
RGBITR;D;20040830;000000;136.24;136.24;136.24;136.24;0;0
RGBITR;D;20040831;000000;136.57;136.57;136.57;136.57;0;0
RGBITR;D;20040901;000000;136.69;136.69;136.69;136.69;0;0
RGBITR;D;20040902;000000;136.57;136.57;136.57;136.57;0;0
RGBITR;D;20040903;000000;136.69;136.69;136.69;136.69;0;0
RGBITR;D;20040906;000000;136.71;136.71;136.71;136.71;0;0
RGBITR;D;20040907;000000;136.88;136.88;136.88;136.88;0;0
RGBITR;D;20040908;000000;136.65;136.65;136.65;136.65;0;0
RGBITR;D;20040909;000000;136.73;136.73;136.73;136.73;0;0
RGBITR;D;20040910;000000;136.7;136.7;136.7;136.7;0;0
RGBITR;D;20040913;000000;136.75;136.75;136.75;136.75;0;0
RGBITR;D;20040914;000000;137.03;137.03;137.03;137.03;0;0
RGBITR;D;20040915;000000;136.97;136.97;136.97;136.97;0;0
RGBITR;D;20040916;000000;137.08;137.08;137.08;137.08;0;0
RGBITR;D;20040917;000000;137.07;137.07;137.07;137.07;0;0
RGBITR;D;20040920;000000;137.34;137.34;137.34;137.34;0;0
RGBITR;D;20040921;000000;137.47;137.47;137.47;137.47;0;0
RGBITR;D;20040922;000000;137.53;137.53;137.53;137.53;0;0
RGBITR;D;20040923;000000;137.52;137.52;137.52;137.52;0;0
RGBITR;D;20040924;000000;137.57;137.57;137.57;137.57;0;0
RGBITR;D;20040927;000000;137.55;137.55;137.55;137.55;0;0
RGBITR;D;20040928;000000;137.67;137.67;137.67;137.67;0;0
RGBITR;D;20040929;000000;137.65;137.65;137.65;137.65;0;0
RGBITR;D;20040930;000000;137.7;137.7;137.7;137.7;0;0
RGBITR;D;20041001;000000;137.66;137.66;137.66;137.66;0;0
RGBITR;D;20041004;000000;137.81;137.81;137.81;137.81;0;0
RGBITR;D;20041005;000000;137.77;137.77;137.77;137.77;0;0
RGBITR;D;20041006;000000;137.93;137.93;137.93;137.93;0;0
RGBITR;D;20041007;000000;138.76;138.76;138.76;138.76;0;0
RGBITR;D;20041008;000000;138.55;138.55;138.55;138.55;0;0
RGBITR;D;20041011;000000;138.71;138.71;138.71;138.71;0;0
RGBITR;D;20041012;000000;138.71;138.71;138.71;138.71;0;0
RGBITR;D;20041013;000000;138.69;138.69;138.69;138.69;0;0
RGBITR;D;20041014;000000;138.71;138.71;138.71;138.71;0;0
RGBITR;D;20041015;000000;138.69;138.69;138.69;138.69;0;0
RGBITR;D;20041018;000000;138.4;138.4;138.4;138.4;0;0
RGBITR;D;20041019;000000;138.7;138.7;138.7;138.7;0;0
RGBITR;D;20041020;000000;138.63;138.63;138.63;138.63;0;0
RGBITR;D;20041021;000000;138.68;138.68;138.68;138.68;0;0
RGBITR;D;20041022;000000;139.11;139.11;139.11;139.11;0;0
RGBITR;D;20041025;000000;139.17;139.17;139.17;139.17;0;0
RGBITR;D;20041026;000000;139.27;139.27;139.27;139.27;0;0
RGBITR;D;20041027;000000;139.24;139.24;139.24;139.24;0;0
RGBITR;D;20041028;000000;139.18;139.18;139.18;139.18;0;0
RGBITR;D;20041029;000000;139.13;139.13;139.13;139.13;0;0
RGBITR;D;20041101;000000;139.23;139.23;139.23;139.23;0;0
RGBITR;D;20041102;000000;139.21;139.21;139.21;139.21;0;0
RGBITR;D;20041103;000000;139.26;139.26;139.26;139.26;0;0
RGBITR;D;20041104;000000;139.41;139.41;139.41;139.41;0;0
RGBITR;D;20041105;000000;139.31;139.31;139.31;139.31;0;0
RGBITR;D;20041109;000000;139.45;139.45;139.45;139.45;0;0
RGBITR;D;20041110;000000;139.44;139.44;139.44;139.44;0;0
RGBITR;D;20041111;000000;139.38;139.38;139.38;139.38;0;0
RGBITR;D;20041112;000000;139.45;139.45;139.45;139.45;0;0
RGBITR;D;20041115;000000;139.52;139.52;139.52;139.52;0;0
RGBITR;D;20041116;000000;139.69;139.69;139.69;139.69;0;0
RGBITR;D;20041117;000000;139.74;139.74;139.74;139.74;0;0
RGBITR;D;20041118;000000;140.12;140.12;140.12;140.12;0;0
RGBITR;D;20041119;000000;140.25;140.25;140.25;140.25;0;0
RGBITR;D;20041122;000000;140.22;140.22;140.22;140.22;0;0
RGBITR;D;20041123;000000;140.37;140.37;140.37;140.37;0;0
RGBITR;D;20041124;000000;140.43;140.43;140.43;140.43;0;0
RGBITR;D;20041125;000000;140.31;140.31;140.31;140.31;0;0
RGBITR;D;20041126;000000;140.17;140.17;140.17;140.17;0;0
RGBITR;D;20041129;000000;140.22;140.22;140.22;140.22;0;0
RGBITR;D;20041130;000000;140;140;140;140;0;0
RGBITR;D;20041201;000000;139.87;139.87;139.87;139.87;0;0
RGBITR;D;20041202;000000;140.07;140.07;140.07;140.07;0;0
RGBITR;D;20041203;000000;140.07;140.07;140.07;140.07;0;0
RGBITR;D;20041206;000000;140.16;140.16;140.16;140.16;0;0
RGBITR;D;20041207;000000;140.4;140.4;140.4;140.4;0;0
RGBITR;D;20041208;000000;140.33;140.33;140.33;140.33;0;0
RGBITR;D;20041209;000000;140.2;140.2;140.2;140.2;0;0
RGBITR;D;20041210;000000;140.11;140.11;140.11;140.11;0;0
RGBITR;D;20041214;000000;140.25;140.25;140.25;140.25;0;0
RGBITR;D;20041215;000000;140.28;140.28;140.28;140.28;0;0
RGBITR;D;20041216;000000;140.47;140.47;140.47;140.47;0;0
RGBITR;D;20041217;000000;140.51;140.51;140.51;140.51;0;0
RGBITR;D;20041220;000000;140.58;140.58;140.58;140.58;0;0
RGBITR;D;20041221;000000;140.53;140.53;140.53;140.53;0;0
RGBITR;D;20041222;000000;140.46;140.46;140.46;140.46;0;0
RGBITR;D;20041223;000000;140.68;140.68;140.68;140.68;0;0
RGBITR;D;20041224;000000;140.77;140.77;140.77;140.77;0;0
RGBITR;D;20041227;000000;140.91;140.91;140.91;140.91;0;0
RGBITR;D;20041228;000000;141.08;141.08;141.08;141.08;0;0
RGBITR;D;20041229;000000;141.36;141.36;141.36;141.36;0;0
RGBITR;D;20041230;000000;141.64;141.64;141.64;141.64;0;0
RGBITR;D;20050111;000000;141.81;141.81;141.81;141.81;0;0
RGBITR;D;20050112;000000;141.74;141.74;141.74;141.74;0;0
RGBITR;D;20050113;000000;141.8;141.8;141.8;141.8;0;0
RGBITR;D;20050114;000000;141.67;141.67;141.67;141.67;0;0
RGBITR;D;20050117;000000;141.7;141.7;141.7;141.7;0;0
RGBITR;D;20050118;000000;141.46;141.46;141.46;141.46;0;0
RGBITR;D;20050119;000000;141.24;141.24;141.24;141.24;0;0
RGBITR;D;20050120;000000;141.15;141.15;141.15;141.15;0;0
RGBITR;D;20050121;000000;141.05;141.05;141.05;141.05;0;0
RGBITR;D;20050124;000000;141.18;141.18;141.18;141.18;0;0
RGBITR;D;20050125;000000;141.42;141.42;141.42;141.42;0;0
RGBITR;D;20050126;000000;141.28;141.28;141.28;141.28;0;0
RGBITR;D;20050127;000000;141.36;141.36;141.36;141.36;0;0
RGBITR;D;20050128;000000;141.47;141.47;141.47;141.47;0;0
RGBITR;D;20050131;000000;141.87;141.87;141.87;141.87;0;0
RGBITR;D;20050201;000000;142.08;142.08;142.08;142.08;0;0
RGBITR;D;20050202;000000;142.07;142.07;142.07;142.07;0;0
RGBITR;D;20050203;000000;142.08;142.08;142.08;142.08;0;0
RGBITR;D;20050204;000000;142.3;142.3;142.3;142.3;0;0
RGBITR;D;20050207;000000;142.46;142.46;142.46;142.46;0;0
RGBITR;D;20050208;000000;142.42;142.42;142.42;142.42;0;0
RGBITR;D;20050209;000000;142.37;142.37;142.37;142.37;0;0
RGBITR;D;20050210;000000;142.28;142.28;142.28;142.28;0;0
RGBITR;D;20050211;000000;142.34;142.34;142.34;142.34;0;0
RGBITR;D;20050214;000000;142.3;142.3;142.3;142.3;0;0
RGBITR;D;20050215;000000;142.29;142.29;142.29;142.29;0;0
RGBITR;D;20050216;000000;142.3;142.3;142.3;142.3;0;0
RGBITR;D;20050217;000000;142.31;142.31;142.31;142.31;0;0
RGBITR;D;20050218;000000;142.39;142.39;142.39;142.39;0;0
RGBITR;D;20050221;000000;142.57;142.57;142.57;142.57;0;0
RGBITR;D;20050222;000000;142.45;142.45;142.45;142.45;0;0
RGBITR;D;20050224;000000;142.53;142.53;142.53;142.53;0;0
RGBITR;D;20050225;000000;142.67;142.67;142.67;142.67;0;0
RGBITR;D;20050228;000000;142.74;142.74;142.74;142.74;0;0
RGBITR;D;20050301;000000;142.7;142.7;142.7;142.7;0;0
RGBITR;D;20050302;000000;142.77;142.77;142.77;142.77;0;0
RGBITR;D;20050303;000000;142.79;142.79;142.79;142.79;0;0
RGBITR;D;20050304;000000;142.8;142.8;142.8;142.8;0;0
RGBITR;D;20050305;000000;142.84;142.84;142.84;142.84;0;0
RGBITR;D;20050309;000000;142.95;142.95;142.95;142.95;0;0
RGBITR;D;20050310;000000;142.86;142.86;142.86;142.86;0;0
RGBITR;D;20050311;000000;142.88;142.88;142.88;142.88;0;0
RGBITR;D;20050314;000000;142.94;142.94;142.94;142.94;0;0
RGBITR;D;20050315;000000;143.1;143.1;143.1;143.1;0;0
RGBITR;D;20050316;000000;142.87;142.87;142.87;142.87;0;0
RGBITR;D;20050317;000000;142.78;142.78;142.78;142.78;0;0
RGBITR;D;20050318;000000;142.79;142.79;142.79;142.79;0;0
RGBITR;D;20050321;000000;142.71;142.71;142.71;142.71;0;0
RGBITR;D;20050322;000000;142.85;142.85;142.85;142.85;0;0
RGBITR;D;20050323;000000;142.85;142.85;142.85;142.85;0;0
RGBITR;D;20050324;000000;142.86;142.86;142.86;142.86;0;0
RGBITR;D;20050325;000000;142.91;142.91;142.91;142.91;0;0
RGBITR;D;20050328;000000;143.01;143.01;143.01;143.01;0;0
RGBITR;D;20050329;000000;143.15;143.15;143.15;143.15;0;0
RGBITR;D;20050330;000000;143.03;143.03;143.03;143.03;0;0
RGBITR;D;20050331;000000;143.12;143.12;143.12;143.12;0;0
RGBITR;D;20050401;000000;143.29;143.29;143.29;143.29;0;0
RGBITR;D;20050404;000000;143.4;143.4;143.4;143.4;0;0
RGBITR;D;20050405;000000;143.41;143.41;143.41;143.41;0;0
RGBITR;D;20050406;000000;143.66;143.66;143.66;143.66;0;0
RGBITR;D;20050407;000000;143.52;143.52;143.52;143.52;0;0
RGBITR;D;20050408;000000;143.67;143.67;143.67;143.67;0;0
RGBITR;D;20050411;000000;143.76;143.76;143.76;143.76;0;0
RGBITR;D;20050412;000000;143.86;143.86;143.86;143.86;0;0
RGBITR;D;20050413;000000;143.85;143.85;143.85;143.85;0;0
RGBITR;D;20050414;000000;143.76;143.76;143.76;143.76;0;0
RGBITR;D;20050415;000000;143.78;143.78;143.78;143.78;0;0
RGBITR;D;20050418;000000;143.84;143.84;143.84;143.84;0;0
RGBITR;D;20050419;000000;143.81;143.81;143.81;143.81;0;0
RGBITR;D;20050420;000000;143.85;143.85;143.85;143.85;0;0
RGBITR;D;20050421;000000;143.95;143.95;143.95;143.95;0;0
RGBITR;D;20050422;000000;144.03;144.03;144.03;144.03;0;0
RGBITR;D;20050425;000000;144.3;144.3;144.3;144.3;0;0
RGBITR;D;20050426;000000;144.08;144.08;144.08;144.08;0;0
RGBITR;D;20050427;000000;144.16;144.16;144.16;144.16;0;0
RGBITR;D;20050428;000000;144.24;144.24;144.24;144.24;0;0
RGBITR;D;20050429;000000;144.25;144.25;144.25;144.25;0;0
RGBITR;D;20050503;000000;144.39;144.39;144.39;144.39;0;0
RGBITR;D;20050504;000000;144.41;144.41;144.41;144.41;0;0
RGBITR;D;20050505;000000;144.48;144.48;144.48;144.48;0;0
RGBITR;D;20050506;000000;144.57;144.57;144.57;144.57;0;0
RGBITR;D;20050511;000000;144.61;144.61;144.61;144.61;0;0
RGBITR;D;20050512;000000;144.58;144.58;144.58;144.58;0;0
RGBITR;D;20050513;000000;144.63;144.63;144.63;144.63;0;0
RGBITR;D;20050514;000000;144.67;144.67;144.67;144.67;0;0
RGBITR;D;20050516;000000;144.62;144.62;144.62;144.62;0;0
RGBITR;D;20050517;000000;144.62;144.62;144.62;144.62;0;0
RGBITR;D;20050518;000000;144.77;144.77;144.77;144.77;0;0
RGBITR;D;20050519;000000;144.84;144.84;144.84;144.84;0;0
RGBITR;D;20050520;000000;145.03;145.03;145.03;145.03;0;0
RGBITR;D;20050523;000000;145.07;145.07;145.07;145.07;0;0
RGBITR;D;20050524;000000;145.02;145.02;145.02;145.02;0;0
RGBITR;D;20050525;000000;145.02;145.02;145.02;145.02;0;0
RGBITR;D;20050526;000000;145.11;145.11;145.11;145.11;0;0
RGBITR;D;20050527;000000;145.09;145.09;145.09;145.09;0;0
RGBITR;D;20050530;000000;145.21;145.21;145.21;145.21;0;0
RGBITR;D;20050531;000000;145.13;145.13;145.13;145.13;0;0
RGBITR;D;20050601;000000;145.1;145.1;145.1;145.1;0;0
RGBITR;D;20050602;000000;145.11;145.11;145.11;145.11;0;0
RGBITR;D;20050603;000000;145.29;145.29;145.29;145.29;0;0
RGBITR;D;20050606;000000;145.39;145.39;145.39;145.39;0;0
RGBITR;D;20050607;000000;145.34;145.34;145.34;145.34;0;0
RGBITR;D;20050608;000000;145.68;145.68;145.68;145.68;0;0
RGBITR;D;20050609;000000;145.69;145.69;145.69;145.69;0;0
RGBITR;D;20050610;000000;145.5;145.5;145.5;145.5;0;0
RGBITR;D;20050614;000000;145.62;145.62;145.62;145.62;0;0
RGBITR;D;20050615;000000;145.67;145.67;145.67;145.67;0;0
RGBITR;D;20050616;000000;145.74;145.74;145.74;145.74;0;0
RGBITR;D;20050620;000000;145.99;145.99;145.99;145.99;0;0
RGBITR;D;20050621;000000;145.91;145.91;145.91;145.91;0;0
RGBITR;D;20050622;000000;145.94;145.94;145.94;145.94;0;0
RGBITR;D;20050623;000000;146.02;146.02;146.02;146.02;0;0
RGBITR;D;20050624;000000;146.07;146.07;146.07;146.07;0;0
RGBITR;D;20050627;000000;146.04;146.04;146.04;146.04;0;0
RGBITR;D;20050628;000000;146.22;146.22;146.22;146.22;0;0
RGBITR;D;20050629;000000;146.35;146.35;146.35;146.35;0;0
RGBITR;D;20050630;000000;146.46;146.46;146.46;146.46;0;0
RGBITR;D;20050701;000000;146.51;146.51;146.51;146.51;0;0
RGBITR;D;20050704;000000;146.69;146.69;146.69;146.69;0;0
RGBITR;D;20050705;000000;146.5;146.5;146.5;146.5;0;0
RGBITR;D;20050706;000000;146.56;146.56;146.56;146.56;0;0
RGBITR;D;20050707;000000;146.64;146.64;146.64;146.64;0;0
RGBITR;D;20050708;000000;146.68;146.68;146.68;146.68;0;0
RGBITR;D;20050711;000000;146.73;146.73;146.73;146.73;0;0
RGBITR;D;20050712;000000;146.82;146.82;146.82;146.82;0;0
RGBITR;D;20050713;000000;146.89;146.89;146.89;146.89;0;0
RGBITR;D;20050714;000000;146.99;146.99;146.99;146.99;0;0
RGBITR;D;20050715;000000;147.01;147.01;147.01;147.01;0;0
RGBITR;D;20050718;000000;147.12;147.12;147.12;147.12;0;0
RGBITR;D;20050719;000000;146.76;146.76;146.76;146.76;0;0
RGBITR;D;20050720;000000;147.14;147.14;147.14;147.14;0;0
RGBITR;D;20050721;000000;147.2;147.2;147.2;147.2;0;0
RGBITR;D;20050722;000000;147.23;147.23;147.23;147.23;0;0
RGBITR;D;20050725;000000;147.06;147.06;147.06;147.06;0;0
RGBITR;D;20050726;000000;147.08;147.08;147.08;147.08;0;0
RGBITR;D;20050727;000000;147.32;147.32;147.32;147.32;0;0
RGBITR;D;20050728;000000;147.4;147.4;147.4;147.4;0;0
RGBITR;D;20050729;000000;147.46;147.46;147.46;147.46;0;0
RGBITR;D;20050801;000000;147.62;147.62;147.62;147.62;0;0
RGBITR;D;20050802;000000;147.6;147.6;147.6;147.6;0;0
RGBITR;D;20050803;000000;147.77;147.77;147.77;147.77;0;0
RGBITR;D;20050804;000000;148.19;148.19;148.19;148.19;0;0
RGBITR;D;20050805;000000;148.62;148.62;148.62;148.62;0;0
RGBITR;D;20050808;000000;148.79;148.79;148.79;148.79;0;0
RGBITR;D;20050809;000000;148.67;148.67;148.67;148.67;0;0
RGBITR;D;20050810;000000;149.08;149.08;149.08;149.08;0;0
RGBITR;D;20050811;000000;149.6;149.6;149.6;149.6;0;0
RGBITR;D;20050812;000000;150.11;150.11;150.11;150.11;0;0
RGBITR;D;20050815;000000;150.31;150.31;150.31;150.31;0;0
RGBITR;D;20050816;000000;150.63;150.63;150.63;150.63;0;0
RGBITR;D;20050817;000000;150.92;150.92;150.92;150.92;0;0
RGBITR;D;20050818;000000;151.21;151.21;151.21;151.21;0;0
RGBITR;D;20050819;000000;151.13;151.13;151.13;151.13;0;0
RGBITR;D;20050822;000000;151.3;151.3;151.3;151.3;0;0
RGBITR;D;20050823;000000;151.25;151.25;151.25;151.25;0;0
RGBITR;D;20050824;000000;151.5;151.5;151.5;151.5;0;0
RGBITR;D;20050825;000000;151.58;151.58;151.58;151.58;0;0
RGBITR;D;20050826;000000;151.6;151.6;151.6;151.6;0;0
RGBITR;D;20050829;000000;151.69;151.69;151.69;151.69;0;0
RGBITR;D;20050830;000000;151.69;151.69;151.69;151.69;0;0
RGBITR;D;20050831;000000;151.78;151.78;151.78;151.78;0;0
RGBITR;D;20050901;000000;152.01;152.01;152.01;152.01;0;0
RGBITR;D;20050902;000000;152.75;152.75;152.75;152.75;0;0
RGBITR;D;20050905;000000;153.53;153.53;153.53;153.53;0;0
RGBITR;D;20050906;000000;153.51;153.51;153.51;153.51;0;0
RGBITR;D;20050907;000000;153.4;153.4;153.4;153.4;0;0
RGBITR;D;20050908;000000;153.6;153.6;153.6;153.6;0;0
RGBITR;D;20050909;000000;153.94;153.94;153.94;153.94;0;0
RGBITR;D;20050912;000000;154.31;154.31;154.31;154.31;0;0
RGBITR;D;20050913;000000;154.45;154.45;154.45;154.45;0;0
RGBITR;D;20050914;000000;155.08;155.08;155.08;155.08;0;0
RGBITR;D;20050915;000000;154.71;154.71;154.71;154.71;0;0
RGBITR;D;20050916;000000;154.67;154.67;154.67;154.67;0;0
RGBITR;D;20050919;000000;155.05;155.05;155.05;155.05;0;0
RGBITR;D;20050920;000000;155.29;155.29;155.29;155.29;0;0
RGBITR;D;20050921;000000;155.42;155.42;155.42;155.42;0;0
RGBITR;D;20050922;000000;155.38;155.38;155.38;155.38;0;0
RGBITR;D;20050923;000000;155.34;155.34;155.34;155.34;0;0
RGBITR;D;20050926;000000;155.36;155.36;155.36;155.36;0;0
RGBITR;D;20050927;000000;155.46;155.46;155.46;155.46;0;0
RGBITR;D;20050928;000000;155.62;155.62;155.62;155.62;0;0
RGBITR;D;20050929;000000;155.77;155.77;155.77;155.77;0;0
RGBITR;D;20050930;000000;156.08;156.08;156.08;156.08;0;0
RGBITR;D;20051003;000000;156.56;156.56;156.56;156.56;0;0
RGBITR;D;20051004;000000;156.58;156.58;156.58;156.58;0;0
RGBITR;D;20051005;000000;156.87;156.87;156.87;156.87;0;0
RGBITR;D;20051006;000000;156.02;156.02;156.02;156.02;0;0
RGBITR;D;20051007;000000;155.62;155.62;155.62;155.62;0;0
RGBITR;D;20051010;000000;155.74;155.74;155.74;155.74;0;0
RGBITR;D;20051011;000000;156.24;156.24;156.24;156.24;0;0
RGBITR;D;20051012;000000;156.01;156.01;156.01;156.01;0;0
RGBITR;D;20051013;000000;155.37;155.37;155.37;155.37;0;0
RGBITR;D;20051014;000000;154.21;154.21;154.21;154.21;0;0
RGBITR;D;20051017;000000;154.37;154.37;154.37;154.37;0;0
RGBITR;D;20051018;000000;154.73;154.73;154.73;154.73;0;0
RGBITR;D;20051019;000000;154.44;154.44;154.44;154.44;0;0
RGBITR;D;20051020;000000;154.58;154.58;154.58;154.58;0;0
RGBITR;D;20051021;000000;154.33;154.33;154.33;154.33;0;0
RGBITR;D;20051024;000000;154.44;154.44;154.44;154.44;0;0
RGBITR;D;20051025;000000;154.16;154.16;154.16;154.16;0;0
RGBITR;D;20051026;000000;154.07;154.07;154.07;154.07;0;0
RGBITR;D;20051027;000000;154.06;154.06;154.06;154.06;0;0
RGBITR;D;20051028;000000;154.34;154.34;154.34;154.34;0;0
RGBITR;D;20051031;000000;154.58;154.58;154.58;154.58;0;0
RGBITR;D;20051101;000000;154.97;154.97;154.97;154.97;0;0
RGBITR;D;20051102;000000;155.43;155.43;155.43;155.43;0;0
RGBITR;D;20051103;000000;155.57;155.57;155.57;155.57;0;0
RGBITR;D;20051107;000000;154.24;154.24;154.24;154.24;0;0
RGBITR;D;20051108;000000;153.82;153.82;153.82;153.82;0;0
RGBITR;D;20051109;000000;153.89;153.89;153.89;153.89;0;0
RGBITR;D;20051110;000000;153.9;153.9;153.9;153.9;0;0
RGBITR;D;20051111;000000;153.81;153.81;153.81;153.81;0;0
RGBITR;D;20051114;000000;153.87;153.87;153.87;153.87;0;0
RGBITR;D;20051115;000000;153.79;153.79;153.79;153.79;0;0
RGBITR;D;20051116;000000;153.75;153.75;153.75;153.75;0;0
RGBITR;D;20051117;000000;154.16;154.16;154.16;154.16;0;0
RGBITR;D;20051118;000000;154.31;154.31;154.31;154.31;0;0
RGBITR;D;20051121;000000;154.46;154.46;154.46;154.46;0;0
RGBITR;D;20051122;000000;154.74;154.74;154.74;154.74;0;0
RGBITR;D;20051123;000000;155.1;155.1;155.1;155.1;0;0
RGBITR;D;20051124;000000;155.46;155.46;155.46;155.46;0;0
RGBITR;D;20051125;000000;155.68;155.68;155.68;155.68;0;0
RGBITR;D;20051128;000000;155.75;155.75;155.75;155.75;0;0
RGBITR;D;20051129;000000;155.56;155.56;155.56;155.56;0;0
RGBITR;D;20051130;000000;155.5;155.5;155.5;155.5;0;0
RGBITR;D;20051201;000000;155.41;155.41;155.41;155.41;0;0
RGBITR;D;20051202;000000;155.55;155.55;155.55;155.55;0;0
RGBITR;D;20051205;000000;155.62;155.62;155.62;155.62;0;0
RGBITR;D;20051206;000000;155.47;155.47;155.47;155.47;0;0
RGBITR;D;20051207;000000;155.69;155.69;155.69;155.69;0;0
RGBITR;D;20051208;000000;155.76;155.76;155.76;155.76;0;0
RGBITR;D;20051209;000000;155.75;155.75;155.75;155.75;0;0
RGBITR;D;20051212;000000;156.11;156.11;156.11;156.11;0;0
RGBITR;D;20051213;000000;156.2;156.2;156.2;156.2;0;0
RGBITR;D;20051214;000000;156.11;156.11;156.11;156.11;0;0
RGBITR;D;20051215;000000;156.3;156.3;156.3;156.3;0;0
RGBITR;D;20051216;000000;156.39;156.39;156.39;156.39;0;0
RGBITR;D;20051219;000000;156.54;156.54;156.54;156.54;0;0
RGBITR;D;20051220;000000;156.74;156.74;156.74;156.74;0;0
RGBITR;D;20051221;000000;156.63;156.63;156.63;156.63;0;0
RGBITR;D;20051222;000000;156.89;156.89;156.89;156.89;0;0
RGBITR;D;20051223;000000;157.16;157.16;157.16;157.16;0;0
RGBITR;D;20051226;000000;157.43;157.43;157.43;157.43;0;0
RGBITR;D;20051227;000000;157.52;157.52;157.52;157.52;0;0
RGBITR;D;20051228;000000;157.57;157.57;157.57;157.57;0;0
RGBITR;D;20051229;000000;158.13;158.13;158.13;158.13;0;0
RGBITR;D;20060110;000000;158.2;158.2;158.2;158.2;0;0
RGBITR;D;20060111;000000;158.55;158.55;158.55;158.55;0;0
RGBITR;D;20060112;000000;159.43;159.43;159.43;159.43;0;0
RGBITR;D;20060113;000000;159.66;159.66;159.66;159.66;0;0
RGBITR;D;20060116;000000;159.87;159.87;159.87;159.87;0;0
RGBITR;D;20060117;000000;159.9;159.9;159.9;159.9;0;0
RGBITR;D;20060118;000000;159.59;159.59;159.59;159.59;0;0
RGBITR;D;20060119;000000;159.5;159.5;159.5;159.5;0;0
RGBITR;D;20060120;000000;159.77;159.77;159.77;159.77;0;0
RGBITR;D;20060123;000000;159.74;159.74;159.74;159.74;0;0
RGBITR;D;20060124;000000;159.7;159.7;159.7;159.7;0;0
RGBITR;D;20060125;000000;159.64;159.64;159.64;159.64;0;0
RGBITR;D;20060126;000000;159.37;159.37;159.37;159.37;0;0
RGBITR;D;20060127;000000;159.15;159.15;159.15;159.15;0;0
RGBITR;D;20060130;000000;158.87;158.87;158.87;158.87;0;0
RGBITR;D;20060131;000000;159.24;159.24;159.24;159.24;0;0
RGBITR;D;20060201;000000;159.28;159.28;159.28;159.28;0;0
RGBITR;D;20060202;000000;159.4;159.4;159.4;159.4;0;0
RGBITR;D;20060203;000000;159.36;159.36;159.36;159.36;0;0
RGBITR;D;20060206;000000;159.4;159.4;159.4;159.4;0;0
RGBITR;D;20060207;000000;159.18;159.18;159.18;159.18;0;0
RGBITR;D;20060208;000000;159.15;159.15;159.15;159.15;0;0
RGBITR;D;20060209;000000;159.34;159.34;159.34;159.34;0;0
RGBITR;D;20060210;000000;159.48;159.48;159.48;159.48;0;0
RGBITR;D;20060213;000000;159.28;159.28;159.28;159.28;0;0
RGBITR;D;20060214;000000;159.34;159.34;159.34;159.34;0;0
RGBITR;D;20060215;000000;159.37;159.37;159.37;159.37;0;0
RGBITR;D;20060216;000000;159.35;159.35;159.35;159.35;0;0
RGBITR;D;20060217;000000;159.13;159.13;159.13;159.13;0;0
RGBITR;D;20060220;000000;159.45;159.45;159.45;159.45;0;0
RGBITR;D;20060221;000000;159.46;159.46;159.46;159.46;0;0
RGBITR;D;20060222;000000;159.39;159.39;159.39;159.39;0;0
RGBITR;D;20060226;000000;159.43;159.43;159.43;159.43;0;0
RGBITR;D;20060227;000000;159.52;159.52;159.52;159.52;0;0
RGBITR;D;20060228;000000;159.65;159.65;159.65;159.65;0;0
RGBITR;D;20060301;000000;159.58;159.58;159.58;159.58;0;0
RGBITR;D;20060302;000000;159.64;159.64;159.64;159.64;0;0
RGBITR;D;20060303;000000;159.63;159.63;159.63;159.63;0;0
RGBITR;D;20060306;000000;159.38;159.38;159.38;159.38;0;0
RGBITR;D;20060307;000000;158.56;158.56;158.56;158.56;0;0
RGBITR;D;20060309;000000;158.66;158.66;158.66;158.66;0;0
RGBITR;D;20060310;000000;158.85;158.85;158.85;158.85;0;0
RGBITR;D;20060313;000000;158.87;158.87;158.87;158.87;0;0
RGBITR;D;20060314;000000;158.97;158.97;158.97;158.97;0;0
RGBITR;D;20060315;000000;159.09;159.09;159.09;159.09;0;0
RGBITR;D;20060316;000000;159.18;159.18;159.18;159.18;0;0
RGBITR;D;20060317;000000;159.49;159.49;159.49;159.49;0;0
RGBITR;D;20060320;000000;159.63;159.63;159.63;159.63;0;0
RGBITR;D;20060321;000000;159.58;159.58;159.58;159.58;0;0
RGBITR;D;20060322;000000;159.46;159.46;159.46;159.46;0;0
RGBITR;D;20060323;000000;159.64;159.64;159.64;159.64;0;0
RGBITR;D;20060324;000000;159.69;159.69;159.69;159.69;0;0
RGBITR;D;20060327;000000;159.77;159.77;159.77;159.77;0;0
RGBITR;D;20060328;000000;159.87;159.87;159.87;159.87;0;0
RGBITR;D;20060329;000000;159.8;159.8;159.8;159.8;0;0
RGBITR;D;20060330;000000;160.15;160.15;160.15;160.15;0;0
RGBITR;D;20060331;000000;160.25;160.25;160.25;160.25;0;0
RGBITR;D;20060403;000000;160.22;160.22;160.22;160.22;0;0
RGBITR;D;20060404;000000;160.11;160.11;160.11;160.11;0;0
RGBITR;D;20060405;000000;160.16;160.16;160.16;160.16;0;0
RGBITR;D;20060406;000000;160.19;160.19;160.19;160.19;0;0
RGBITR;D;20060407;000000;160.18;160.18;160.18;160.18;0;0
RGBITR;D;20060410;000000;160.14;160.14;160.14;160.14;0;0
RGBITR;D;20060411;000000;160.15;160.15;160.15;160.15;0;0
RGBITR;D;20060412;000000;160.07;160.07;160.07;160.07;0;0
RGBITR;D;20060413;000000;159.98;159.98;159.98;159.98;0;0
RGBITR;D;20060414;000000;159.89;159.89;159.89;159.89;0;0
RGBITR;D;20060417;000000;160.11;160.11;160.11;160.11;0;0
RGBITR;D;20060418;000000;159.97;159.97;159.97;159.97;0;0
RGBITR;D;20060419;000000;160.11;160.11;160.11;160.11;0;0
RGBITR;D;20060420;000000;160.07;160.07;160.07;160.07;0;0
RGBITR;D;20060421;000000;160.14;160.14;160.14;160.14;0;0
RGBITR;D;20060424;000000;160.06;160.06;160.06;160.06;0;0
RGBITR;D;20060425;000000;159.9;159.9;159.9;159.9;0;0
RGBITR;D;20060426;000000;159.75;159.75;159.75;159.75;0;0
RGBITR;D;20060427;000000;159.82;159.82;159.82;159.82;0;0
RGBITR;D;20060428;000000;159.77;159.77;159.77;159.77;0;0
RGBITR;D;20060502;000000;159.93;159.93;159.93;159.93;0;0
RGBITR;D;20060503;000000;159.78;159.78;159.78;159.78;0;0
RGBITR;D;20060504;000000;159.86;159.86;159.86;159.86;0;0
RGBITR;D;20060505;000000;160;160;160;160;0;0
RGBITR;D;20060506;000000;160.35;160.35;160.35;160.35;0;0
RGBITR;D;20060510;000000;160.54;160.54;160.54;160.54;0;0
RGBITR;D;20060511;000000;160.54;160.54;160.54;160.54;0;0
RGBITR;D;20060512;000000;160.97;160.97;160.97;160.97;0;0
RGBITR;D;20060515;000000;160.77;160.77;160.77;160.77;0;0
RGBITR;D;20060516;000000;160.81;160.81;160.81;160.81;0;0
RGBITR;D;20060517;000000;160.98;160.98;160.98;160.98;0;0
RGBITR;D;20060518;000000;161.02;161.02;161.02;161.02;0;0
RGBITR;D;20060519;000000;161.08;161.08;161.08;161.08;0;0
RGBITR;D;20060522;000000;161;161;161;161;0;0
RGBITR;D;20060523;000000;160.84;160.84;160.84;160.84;0;0
RGBITR;D;20060524;000000;160.96;160.96;160.96;160.96;0;0
RGBITR;D;20060525;000000;160.99;160.99;160.99;160.99;0;0
RGBITR;D;20060526;000000;161.2;161.2;161.2;161.2;0;0
RGBITR;D;20060529;000000;161.34;161.34;161.34;161.34;0;0
RGBITR;D;20060530;000000;161.37;161.37;161.37;161.37;0;0
RGBITR;D;20060531;000000;161.41;161.41;161.41;161.41;0;0
RGBITR;D;20060601;000000;161.35;161.35;161.35;161.35;0;0
RGBITR;D;20060602;000000;160.41;160.41;160.41;160.41;0;0
RGBITR;D;20060605;000000;160.76;160.76;160.76;160.76;0;0
RGBITR;D;20060606;000000;161.79;161.79;161.79;161.79;0;0
RGBITR;D;20060607;000000;161.81;161.81;161.81;161.81;0;0
RGBITR;D;20060608;000000;161.73;161.73;161.73;161.73;0;0
RGBITR;D;20060609;000000;161.79;161.79;161.79;161.79;0;0
RGBITR;D;20060613;000000;161.66;161.66;161.66;161.66;0;0
RGBITR;D;20060614;000000;161.61;161.61;161.61;161.61;0;0
RGBITR;D;20060615;000000;161.35;161.35;161.35;161.35;0;0
RGBITR;D;20060616;000000;161.52;161.52;161.52;161.52;0;0
RGBITR;D;20060619;000000;161.61;161.61;161.61;161.61;0;0
RGBITR;D;20060620;000000;161.61;161.61;161.61;161.61;0;0
RGBITR;D;20060621;000000;161.54;161.54;161.54;161.54;0;0
RGBITR;D;20060622;000000;161.67;161.67;161.67;161.67;0;0
RGBITR;D;20060623;000000;161.69;161.69;161.69;161.69;0;0
RGBITR;D;20060626;000000;161.81;161.81;161.81;161.81;0;0
RGBITR;D;20060627;000000;161.74;161.74;161.74;161.74;0;0
RGBITR;D;20060628;000000;161.59;161.59;161.59;161.59;0;0
RGBITR;D;20060629;000000;161.8;161.8;161.8;161.8;0;0
RGBITR;D;20060630;000000;162.33;162.33;162.33;162.33;0;0
RGBITR;D;20060703;000000;162.37;162.37;162.37;162.37;0;0
RGBITR;D;20060704;000000;162.45;162.45;162.45;162.45;0;0
RGBITR;D;20060705;000000;162.42;162.42;162.42;162.42;0;0
RGBITR;D;20060706;000000;162.27;162.27;162.27;162.27;0;0
RGBITR;D;20060707;000000;162.43;162.43;162.43;162.43;0;0
RGBITR;D;20060710;000000;162.55;162.55;162.55;162.55;0;0
RGBITR;D;20060711;000000;162.68;162.68;162.68;162.68;0;0
RGBITR;D;20060712;000000;162.66;162.66;162.66;162.66;0;0
RGBITR;D;20060713;000000;162.79;162.79;162.79;162.79;0;0
RGBITR;D;20060714;000000;162.83;162.83;162.83;162.83;0;0
RGBITR;D;20060717;000000;162.89;162.89;162.89;162.89;0;0
RGBITR;D;20060718;000000;162.8;162.8;162.8;162.8;0;0
RGBITR;D;20060719;000000;162.85;162.85;162.85;162.85;0;0
RGBITR;D;20060720;000000;163.1;163.1;163.1;163.1;0;0
RGBITR;D;20060721;000000;163.13;163.13;163.13;163.13;0;0
RGBITR;D;20060724;000000;163.24;163.24;163.24;163.24;0;0
RGBITR;D;20060725;000000;163.39;163.39;163.39;163.39;0;0
RGBITR;D;20060726;000000;163.39;163.39;163.39;163.39;0;0
RGBITR;D;20060727;000000;163.43;163.43;163.43;163.43;0;0
RGBITR;D;20060728;000000;163.53;163.53;163.53;163.53;0;0
RGBITR;D;20060731;000000;163.56;163.56;163.56;163.56;0;0
RGBITR;D;20060801;000000;163.78;163.78;163.78;163.78;0;0
RGBITR;D;20060802;000000;163.91;163.91;163.91;163.91;0;0
RGBITR;D;20060803;000000;163.97;163.97;163.97;163.97;0;0
RGBITR;D;20060804;000000;164.06;164.06;164.06;164.06;0;0
RGBITR;D;20060807;000000;164.21;164.21;164.21;164.21;0;0
RGBITR;D;20060808;000000;164.16;164.16;164.16;164.16;0;0
RGBITR;D;20060809;000000;164.21;164.21;164.21;164.21;0;0
RGBITR;D;20060810;000000;164.34;164.34;164.34;164.34;0;0
RGBITR;D;20060811;000000;164.46;164.46;164.46;164.46;0;0
RGBITR;D;20060814;000000;164.57;164.57;164.57;164.57;0;0
RGBITR;D;20060815;000000;164.59;164.59;164.59;164.59;0;0
RGBITR;D;20060816;000000;164.76;164.76;164.76;164.76;0;0
RGBITR;D;20060817;000000;164.98;164.98;164.98;164.98;0;0
RGBITR;D;20060818;000000;165.02;165.02;165.02;165.02;0;0
RGBITR;D;20060821;000000;165.1;165.1;165.1;165.1;0;0
RGBITR;D;20060822;000000;165.14;165.14;165.14;165.14;0;0
RGBITR;D;20060823;000000;165.14;165.14;165.14;165.14;0;0
RGBITR;D;20060824;000000;165.06;165.06;165.06;165.06;0;0
RGBITR;D;20060825;000000;165.18;165.18;165.18;165.18;0;0
RGBITR;D;20060828;000000;165.34;165.34;165.34;165.34;0;0
RGBITR;D;20060829;000000;165.28;165.28;165.28;165.28;0;0
RGBITR;D;20060830;000000;165.42;165.42;165.42;165.42;0;0
RGBITR;D;20060831;000000;165.63;165.63;165.63;165.63;0;0
RGBITR;D;20060901;000000;165.73;165.73;165.73;165.73;0;0
RGBITR;D;20060904;000000;165.76;165.76;165.76;165.76;0;0
RGBITR;D;20060905;000000;165.87;165.87;165.87;165.87;0;0
RGBITR;D;20060906;000000;165.84;165.84;165.84;165.84;0;0
RGBITR;D;20060907;000000;165.84;165.84;165.84;165.84;0;0
RGBITR;D;20060908;000000;166.01;166.01;166.01;166.01;0;0
RGBITR;D;20060911;000000;165.96;165.96;165.96;165.96;0;0
RGBITR;D;20060912;000000;165.96;165.96;165.96;165.96;0;0
RGBITR;D;20060913;000000;166.01;166.01;166.01;166.01;0;0
RGBITR;D;20060914;000000;166.21;166.21;166.21;166.21;0;0
RGBITR;D;20060915;000000;166.32;166.32;166.32;166.32;0;0
RGBITR;D;20060918;000000;166.5;166.5;166.5;166.5;0;0
RGBITR;D;20060919;000000;166.55;166.55;166.55;166.55;0;0
RGBITR;D;20060920;000000;166.57;166.57;166.57;166.57;0;0
RGBITR;D;20060921;000000;166.64;166.64;166.64;166.64;0;0
RGBITR;D;20060922;000000;166.71;166.71;166.71;166.71;0;0
RGBITR;D;20060925;000000;166.82;166.82;166.82;166.82;0;0
RGBITR;D;20060926;000000;166.84;166.84;166.84;166.84;0;0
RGBITR;D;20060927;000000;167.01;167.01;167.01;167.01;0;0
RGBITR;D;20060928;000000;167.19;167.19;167.19;167.19;0;0
RGBITR;D;20060929;000000;167.24;167.24;167.24;167.24;0;0
RGBITR;D;20061002;000000;167.28;167.28;167.28;167.28;0;0
RGBITR;D;20061003;000000;167.29;167.29;167.29;167.29;0;0
RGBITR;D;20061004;000000;167.29;167.29;167.29;167.29;0;0
RGBITR;D;20061005;000000;167.39;167.39;167.39;167.39;0;0
RGBITR;D;20061006;000000;167.46;167.46;167.46;167.46;0;0
RGBITR;D;20061009;000000;167.48;167.48;167.48;167.48;0;0
RGBITR;D;20061010;000000;167.44;167.44;167.44;167.44;0;0
RGBITR;D;20061011;000000;167.46;167.46;167.46;167.46;0;0
RGBITR;D;20061012;000000;167.5;167.5;167.5;167.5;0;0
RGBITR;D;20061013;000000;167.55;167.55;167.55;167.55;0;0
RGBITR;D;20061016;000000;167.66;167.66;167.66;167.66;0;0
RGBITR;D;20061017;000000;167.72;167.72;167.72;167.72;0;0
RGBITR;D;20061018;000000;167.78;167.78;167.78;167.78;0;0
RGBITR;D;20061019;000000;167.85;167.85;167.85;167.85;0;0
RGBITR;D;20061020;000000;167.9;167.9;167.9;167.9;0;0
RGBITR;D;20061023;000000;167.82;167.82;167.82;167.82;0;0
RGBITR;D;20061024;000000;167.8;167.8;167.8;167.8;0;0
RGBITR;D;20061025;000000;167.83;167.83;167.83;167.83;0;0
RGBITR;D;20061026;000000;167.83;167.83;167.83;167.83;0;0
RGBITR;D;20061027;000000;167.78;167.78;167.78;167.78;0;0
RGBITR;D;20061030;000000;167.93;167.93;167.93;167.93;0;0
RGBITR;D;20061031;000000;167.83;167.83;167.83;167.83;0;0
RGBITR;D;20061101;000000;167.95;167.95;167.95;167.95;0;0
RGBITR;D;20061102;000000;167.97;167.97;167.97;167.97;0;0
RGBITR;D;20061103;000000;168.05;168.05;168.05;168.05;0;0
RGBITR;D;20061107;000000;167.44;167.44;167.44;167.44;0;0
RGBITR;D;20061108;000000;167.34;167.34;167.34;167.34;0;0
RGBITR;D;20061109;000000;167.25;167.25;167.25;167.25;0;0
RGBITR;D;20061110;000000;167.32;167.32;167.32;167.32;0;0
RGBITR;D;20061113;000000;167.22;167.22;167.22;167.22;0;0
RGBITR;D;20061114;000000;167.09;167.09;167.09;167.09;0;0
RGBITR;D;20061115;000000;166.84;166.84;166.84;166.84;0;0
RGBITR;D;20061116;000000;167.13;167.13;167.13;167.13;0;0
RGBITR;D;20061117;000000;167.17;167.17;167.17;167.17;0;0
RGBITR;D;20061120;000000;167;167;167;167;0;0
RGBITR;D;20061121;000000;167.02;167.02;167.02;167.02;0;0
RGBITR;D;20061122;000000;167.28;167.28;167.28;167.28;0;0
RGBITR;D;20061123;000000;167.34;167.34;167.34;167.34;0;0
RGBITR;D;20061124;000000;167.56;167.56;167.56;167.56;0;0
RGBITR;D;20061127;000000;167.63;167.63;167.63;167.63;0;0
RGBITR;D;20061128;000000;167.53;167.53;167.53;167.53;0;0
RGBITR;D;20061129;000000;167.52;167.52;167.52;167.52;0;0
RGBITR;D;20061130;000000;167.71;167.71;167.71;167.71;0;0
RGBITR;D;20061201;000000;167.79;167.79;167.79;167.79;0;0
RGBITR;D;20061204;000000;167.99;167.99;167.99;167.99;0;0
RGBITR;D;20061205;000000;168.13;168.13;168.13;168.13;0;0
RGBITR;D;20061206;000000;168.01;168.01;168.01;168.01;0;0
RGBITR;D;20061207;000000;168.1;168.1;168.1;168.1;0;0
RGBITR;D;20061208;000000;168.25;168.25;168.25;168.25;0;0
RGBITR;D;20061211;000000;168.31;168.31;168.31;168.31;0;0
RGBITR;D;20061212;000000;168.16;168.16;168.16;168.16;0;0
RGBITR;D;20061213;000000;168.29;168.29;168.29;168.29;0;0
RGBITR;D;20061214;000000;168.25;168.25;168.25;168.25;0;0
RGBITR;D;20061215;000000;168.31;168.31;168.31;168.31;0;0
RGBITR;D;20061218;000000;168.4;168.4;168.4;168.4;0;0
RGBITR;D;20061219;000000;168.43;168.43;168.43;168.43;0;0
RGBITR;D;20061220;000000;168.49;168.49;168.49;168.49;0;0
RGBITR;D;20061221;000000;168.45;168.45;168.45;168.45;0;0
RGBITR;D;20061222;000000;168.58;168.58;168.58;168.58;0;0
RGBITR;D;20061225;000000;168.51;168.51;168.51;168.51;0;0
RGBITR;D;20061226;000000;168.67;168.67;168.67;168.67;0;0
RGBITR;D;20061227;000000;168.99;168.99;168.99;168.99;0;0
RGBITR;D;20061228;000000;169.1;169.1;169.1;169.1;0;0
RGBITR;D;20070109;000000;169.44;169.44;169.44;169.44;0;0
RGBITR;D;20070110;000000;169.26;169.26;169.26;169.26;0;0
RGBITR;D;20070111;000000;169.37;169.37;169.37;169.37;0;0
RGBITR;D;20070112;000000;169.15;169.15;169.15;169.15;0;0
RGBITR;D;20070115;000000;169.45;169.45;169.45;169.45;0;0
RGBITR;D;20070116;000000;169.35;169.35;169.35;169.35;0;0
RGBITR;D;20070117;000000;169.41;169.41;169.41;169.41;0;0
RGBITR;D;20070118;000000;169.34;169.34;169.34;169.34;0;0
RGBITR;D;20070119;000000;169.23;169.23;169.23;169.23;0;0
RGBITR;D;20070122;000000;169.11;169.11;169.11;169.11;0;0
RGBITR;D;20070123;000000;169.11;169.11;169.11;169.11;0;0
RGBITR;D;20070124;000000;169.29;169.29;169.29;169.29;0;0
RGBITR;D;20070125;000000;169.27;169.27;169.27;169.27;0;0
RGBITR;D;20070126;000000;169.22;169.22;169.22;169.22;0;0
RGBITR;D;20070129;000000;169.3;169.3;169.3;169.3;0;0
RGBITR;D;20070130;000000;169.27;169.27;169.27;169.27;0;0
RGBITR;D;20070131;000000;169.32;169.32;169.32;169.32;0;0
RGBITR;D;20070201;000000;169.36;169.36;169.36;169.36;0;0
RGBITR;D;20070202;000000;169.68;169.68;169.68;169.68;0;0
RGBITR;D;20070205;000000;170.02;170.02;170.02;170.02;0;0
RGBITR;D;20070206;000000;170.11;170.11;170.11;170.11;0;0
RGBITR;D;20070207;000000;170.1;170.1;170.1;170.1;0;0
RGBITR;D;20070208;000000;170.09;170.09;170.09;170.09;0;0
RGBITR;D;20070209;000000;170.16;170.16;170.16;170.16;0;0
RGBITR;D;20070212;000000;170.22;170.22;170.22;170.22;0;0
RGBITR;D;20070213;000000;170.02;170.02;170.02;170.02;0;0
RGBITR;D;20070214;000000;170.16;170.16;170.16;170.16;0;0
RGBITR;D;20070215;000000;170.33;170.33;170.33;170.33;0;0
RGBITR;D;20070216;000000;170.35;170.35;170.35;170.35;0;0
RGBITR;D;20070219;000000;170.26;170.26;170.26;170.26;0;0
RGBITR;D;20070220;000000;170.24;170.24;170.24;170.24;0;0
RGBITR;D;20070221;000000;170.46;170.46;170.46;170.46;0;0
RGBITR;D;20070222;000000;170.36;170.36;170.36;170.36;0;0
RGBITR;D;20070226;000000;170.55;170.55;170.55;170.55;0;0
RGBITR;D;20070227;000000;170.55;170.55;170.55;170.55;0;0
RGBITR;D;20070228;000000;170.46;170.46;170.46;170.46;0;0
RGBITR;D;20070301;000000;170.42;170.42;170.42;170.42;0;0
RGBITR;D;20070302;000000;170.21;170.21;170.21;170.21;0;0
RGBITR;D;20070305;000000;170.25;170.25;170.25;170.25;0;0
RGBITR;D;20070306;000000;170.33;170.33;170.33;170.33;0;0
RGBITR;D;20070307;000000;170.43;170.43;170.43;170.43;0;0
RGBITR;D;20070309;000000;170.46;170.46;170.46;170.46;0;0
RGBITR;D;20070312;000000;170.39;170.39;170.39;170.39;0;0
RGBITR;D;20070313;000000;170.53;170.53;170.53;170.53;0;0
RGBITR;D;20070314;000000;170.49;170.49;170.49;170.49;0;0
RGBITR;D;20070315;000000;170.82;170.82;170.82;170.82;0;0
RGBITR;D;20070316;000000;170.91;170.91;170.91;170.91;0;0
RGBITR;D;20070319;000000;171.11;171.11;171.11;171.11;0;0
RGBITR;D;20070320;000000;171.22;171.22;171.22;171.22;0;0
RGBITR;D;20070321;000000;171.43;171.43;171.43;171.43;0;0
RGBITR;D;20070322;000000;171.62;171.62;171.62;171.62;0;0
RGBITR;D;20070323;000000;171.63;171.63;171.63;171.63;0;0
RGBITR;D;20070326;000000;171.81;171.81;171.81;171.81;0;0
RGBITR;D;20070327;000000;171.8;171.8;171.8;171.8;0;0
RGBITR;D;20070328;000000;171.83;171.83;171.83;171.83;0;0
RGBITR;D;20070329;000000;171.84;171.84;171.84;171.84;0;0
RGBITR;D;20070330;000000;171.75;171.75;171.75;171.75;0;0
RGBITR;D;20070402;000000;171.95;171.95;171.95;171.95;0;0
RGBITR;D;20070403;000000;172.13;172.13;172.13;172.13;0;0
RGBITR;D;20070404;000000;172.14;172.14;172.14;172.14;0;0
RGBITR;D;20070405;000000;172.25;172.25;172.25;172.25;0;0
RGBITR;D;20070406;000000;172.25;172.25;172.25;172.25;0;0
RGBITR;D;20070409;000000;172.35;172.35;172.35;172.35;0;0
RGBITR;D;20070410;000000;172.35;172.35;172.35;172.35;0;0
RGBITR;D;20070411;000000;172.49;172.49;172.49;172.49;0;0
RGBITR;D;20070412;000000;172.56;172.56;172.56;172.56;0;0
RGBITR;D;20070413;000000;172.63;172.63;172.63;172.63;0;0
RGBITR;D;20070416;000000;172.69;172.69;172.69;172.69;0;0
RGBITR;D;20070417;000000;172.79;172.79;172.79;172.79;0;0
RGBITR;D;20070418;000000;172.73;172.73;172.73;172.73;0;0
RGBITR;D;20070419;000000;172.71;172.71;172.71;172.71;0;0
RGBITR;D;20070420;000000;172.92;172.92;172.92;172.92;0;0
RGBITR;D;20070423;000000;173;173;173;173;0;0
RGBITR;D;20070424;000000;173.01;173.01;173.01;173.01;0;0
RGBITR;D;20070425;000000;173.06;173.06;173.06;173.06;0;0
RGBITR;D;20070426;000000;173.03;173.03;173.03;173.03;0;0
RGBITR;D;20070427;000000;173.07;173.07;173.07;173.07;0;0
RGBITR;D;20070428;000000;173.16;173.16;173.16;173.16;0;0
RGBITR;D;20070502;000000;173.09;173.09;173.09;173.09;0;0
RGBITR;D;20070503;000000;173.18;173.18;173.18;173.18;0;0
RGBITR;D;20070504;000000;173.34;173.34;173.34;173.34;0;0
RGBITR;D;20070507;000000;173.65;173.65;173.65;173.65;0;0
RGBITR;D;20070508;000000;173.69;173.69;173.69;173.69;0;0
RGBITR;D;20070510;000000;173.69;173.69;173.69;173.69;0;0
RGBITR;D;20070511;000000;173.64;173.64;173.64;173.64;0;0
RGBITR;D;20070514;000000;173.71;173.71;173.71;173.71;0;0
RGBITR;D;20070515;000000;173.69;173.69;173.69;173.69;0;0
RGBITR;D;20070516;000000;173.95;173.95;173.95;173.95;0;0
RGBITR;D;20070517;000000;174.05;174.05;174.05;174.05;0;0
RGBITR;D;20070518;000000;174.33;174.33;174.33;174.33;0;0
RGBITR;D;20070521;000000;174.52;174.52;174.52;174.52;0;0
RGBITR;D;20070522;000000;174.7;174.7;174.7;174.7;0;0
RGBITR;D;20070523;000000;174.83;174.83;174.83;174.83;0;0
RGBITR;D;20070524;000000;174.91;174.91;174.91;174.91;0;0
RGBITR;D;20070525;000000;174.98;174.98;174.98;174.98;0;0
RGBITR;D;20070528;000000;175.08;175.08;175.08;175.08;0;0
RGBITR;D;20070529;000000;175.17;175.17;175.17;175.17;0;0
RGBITR;D;20070530;000000;175.16;175.16;175.16;175.16;0;0
RGBITR;D;20070531;000000;175.2;175.2;175.2;175.2;0;0
RGBITR;D;20070601;000000;175.2;175.2;175.2;175.2;0;0
RGBITR;D;20070604;000000;175.26;175.26;175.26;175.26;0;0
RGBITR;D;20070605;000000;175.25;175.25;175.25;175.25;0;0
RGBITR;D;20070606;000000;175.18;175.18;175.18;175.18;0;0
RGBITR;D;20070607;000000;174.97;174.97;174.97;174.97;0;0
RGBITR;D;20070608;000000;174.42;174.42;174.42;174.42;0;0
RGBITR;D;20070609;000000;174.76;174.76;174.76;174.76;0;0
RGBITR;D;20070613;000000;174.48;174.48;174.48;174.48;0;0
RGBITR;D;20070614;000000;174.8;174.8;174.8;174.8;0;0
RGBITR;D;20070615;000000;174.92;174.92;174.92;174.92;0;0
RGBITR;D;20070618;000000;175.26;175.26;175.26;175.26;0;0
RGBITR;D;20070619;000000;175.4;175.4;175.4;175.4;0;0
RGBITR;D;20070620;000000;175.28;175.28;175.28;175.28;0;0
RGBITR;D;20070621;000000;175.28;175.28;175.28;175.28;0;0
RGBITR;D;20070622;000000;175.4;175.4;175.4;175.4;0;0
RGBITR;D;20070625;000000;175.49;175.49;175.49;175.49;0;0
RGBITR;D;20070626;000000;175.56;175.56;175.56;175.56;0;0
RGBITR;D;20070627;000000;175.69;175.69;175.69;175.69;0;0
RGBITR;D;20070628;000000;175.82;175.82;175.82;175.82;0;0
RGBITR;D;20070629;000000;175.9;175.9;175.9;175.9;0;0
RGBITR;D;20070702;000000;176.08;176.08;176.08;176.08;0;0
RGBITR;D;20070703;000000;176.31;176.31;176.31;176.31;0;0
RGBITR;D;20070704;000000;176.31;176.31;176.31;176.31;0;0
RGBITR;D;20070705;000000;176.39;176.39;176.39;176.39;0;0
RGBITR;D;20070706;000000;176.36;176.36;176.36;176.36;0;0
RGBITR;D;20070709;000000;176.39;176.39;176.39;176.39;0;0
RGBITR;D;20070710;000000;176.54;176.54;176.54;176.54;0;0
RGBITR;D;20070711;000000;176.69;176.69;176.69;176.69;0;0
RGBITR;D;20070712;000000;176.65;176.65;176.65;176.65;0;0
RGBITR;D;20070713;000000;176.72;176.72;176.72;176.72;0;0
RGBITR;D;20070716;000000;176.79;176.79;176.79;176.79;0;0
RGBITR;D;20070717;000000;176.86;176.86;176.86;176.86;0;0
RGBITR;D;20070718;000000;176.95;176.95;176.95;176.95;0;0
RGBITR;D;20070719;000000;177.05;177.05;177.05;177.05;0;0
RGBITR;D;20070720;000000;177.09;177.09;177.09;177.09;0;0
RGBITR;D;20070723;000000;177.08;177.08;177.08;177.08;0;0
RGBITR;D;20070724;000000;176.98;176.98;176.98;176.98;0;0
RGBITR;D;20070725;000000;176.97;176.97;176.97;176.97;0;0
RGBITR;D;20070726;000000;176.86;176.86;176.86;176.86;0;0
RGBITR;D;20070727;000000;176.61;176.61;176.61;176.61;0;0
RGBITR;D;20070730;000000;176.67;176.67;176.67;176.67;0;0
RGBITR;D;20070731;000000;176.73;176.73;176.73;176.73;0;0
RGBITR;D;20070801;000000;176.62;176.62;176.62;176.62;0;0
RGBITR;D;20070802;000000;176.75;176.75;176.75;176.75;0;0
RGBITR;D;20070803;000000;176.98;176.98;176.98;176.98;0;0
RGBITR;D;20070806;000000;177.01;177.01;177.01;177.01;0;0
RGBITR;D;20070807;000000;177.08;177.08;177.08;177.08;0;0
RGBITR;D;20070808;000000;177.17;177.17;177.17;177.17;0;0
RGBITR;D;20070809;000000;177.11;177.11;177.11;177.11;0;0
RGBITR;D;20070810;000000;176.63;176.63;176.63;176.63;0;0
RGBITR;D;20070813;000000;176.65;176.65;176.65;176.65;0;0
RGBITR;D;20070814;000000;176.74;176.74;176.74;176.74;0;0
RGBITR;D;20070815;000000;176.32;176.32;176.32;176.32;0;0
RGBITR;D;20070816;000000;175.57;175.57;175.57;175.57;0;0
RGBITR;D;20070817;000000;175.8;175.8;175.8;175.8;0;0
RGBITR;D;20070820;000000;175.93;175.93;175.93;175.93;0;0
RGBITR;D;20070821;000000;175.96;175.96;175.96;175.96;0;0
RGBITR;D;20070822;000000;175.79;175.79;175.79;175.79;0;0
RGBITR;D;20070823;000000;176.02;176.02;176.02;176.02;0;0
RGBITR;D;20070824;000000;175.95;175.95;175.95;175.95;0;0
RGBITR;D;20070827;000000;176.07;176.07;176.07;176.07;0;0
RGBITR;D;20070828;000000;175.91;175.91;175.91;175.91;0;0
RGBITR;D;20070829;000000;175.89;175.89;175.89;175.89;0;0
RGBITR;D;20070830;000000;176.13;176.13;176.13;176.13;0;0
RGBITR;D;20070831;000000;176.16;176.16;176.16;176.16;0;0
RGBITR;D;20070903;000000;176.15;176.15;176.15;176.15;0;0
RGBITR;D;20070904;000000;175.93;175.93;175.93;175.93;0;0
RGBITR;D;20070905;000000;175.48;175.48;175.48;175.48;0;0
RGBITR;D;20070906;000000;174.61;174.61;174.61;174.61;0;0
RGBITR;D;20070907;000000;174.43;174.43;174.43;174.43;0;0
RGBITR;D;20070910;000000;174.34;174.34;174.34;174.34;0;0
RGBITR;D;20070911;000000;174.51;174.51;174.51;174.51;0;0
RGBITR;D;20070912;000000;174.22;174.22;174.22;174.22;0;0
RGBITR;D;20070913;000000;174.57;174.57;174.57;174.57;0;0
RGBITR;D;20070914;000000;174.19;174.19;174.19;174.19;0;0
RGBITR;D;20070917;000000;174.16;174.16;174.16;174.16;0;0
RGBITR;D;20070918;000000;172.87;172.87;172.87;172.87;0;0
RGBITR;D;20070919;000000;173.96;173.96;173.96;173.96;0;0
RGBITR;D;20070920;000000;174.14;174.14;174.14;174.14;0;0
RGBITR;D;20070921;000000;175.11;175.11;175.11;175.11;0;0
RGBITR;D;20070924;000000;177.7;177.7;177.7;177.7;0;0
RGBITR;D;20070925;000000;177.92;177.92;177.92;177.92;0;0
RGBITR;D;20070926;000000;177.87;177.87;177.87;177.87;0;0
RGBITR;D;20070927;000000;177.9;177.9;177.9;177.9;0;0
RGBITR;D;20070928;000000;178;178;178;178;0;0
RGBITR;D;20071001;000000;177.74;177.74;177.74;177.74;0;0
RGBITR;D;20071002;000000;177.73;177.73;177.73;177.73;0;0
RGBITR;D;20071003;000000;177.82;177.82;177.82;177.82;0;0
RGBITR;D;20071004;000000;177.95;177.95;177.95;177.95;0;0
RGBITR;D;20071005;000000;177.95;177.95;177.95;177.95;0;0
RGBITR;D;20071008;000000;178.35;178.35;178.35;178.35;0;0
RGBITR;D;20071009;000000;178.47;178.47;178.47;178.47;0;0
RGBITR;D;20071010;000000;178.48;178.48;178.48;178.48;0;0
RGBITR;D;20071011;000000;178.67;178.67;178.67;178.67;0;0
RGBITR;D;20071012;000000;178.77;178.77;178.77;178.77;0;0
RGBITR;D;20071015;000000;178.83;178.83;178.83;178.83;0;0
RGBITR;D;20071016;000000;179.03;179.03;179.03;179.03;0;0
RGBITR;D;20071017;000000;179.38;179.38;179.38;179.38;0;0
RGBITR;D;20071018;000000;179.42;179.42;179.42;179.42;0;0
RGBITR;D;20071019;000000;179.3;179.3;179.3;179.3;0;0
RGBITR;D;20071022;000000;179.1;179.1;179.1;179.1;0;0
RGBITR;D;20071023;000000;178.98;178.98;178.98;178.98;0;0
RGBITR;D;20071024;000000;179.32;179.32;179.32;179.32;0;0
RGBITR;D;20071025;000000;178.99;178.99;178.99;178.99;0;0
RGBITR;D;20071026;000000;179.23;179.23;179.23;179.23;0;0
RGBITR;D;20071029;000000;179.37;179.37;179.37;179.37;0;0
RGBITR;D;20071030;000000;179.06;179.06;179.06;179.06;0;0
RGBITR;D;20071031;000000;179.58;179.58;179.58;179.58;0;0
RGBITR;D;20071101;000000;179.75;179.75;179.75;179.75;0;0
RGBITR;D;20071102;000000;179.8;179.8;179.8;179.8;0;0
RGBITR;D;20071106;000000;179.8;179.8;179.8;179.8;0;0
RGBITR;D;20071109;000000;180.17;180.17;180.17;180.17;0;0
RGBITR;D;20071112;000000;180.19;180.19;180.19;180.19;0;0
RGBITR;D;20071113;000000;180.24;180.24;180.24;180.24;0;0
RGBITR;D;20071114;000000;180.26;180.26;180.26;180.26;0;0
RGBITR;D;20071115;000000;180.24;180.24;180.24;180.24;0;0
RGBITR;D;20071116;000000;180.27;180.27;180.27;180.27;0;0
RGBITR;D;20071119;000000;180.28;180.28;180.28;180.28;0;0
RGBITR;D;20071120;000000;180.31;180.31;180.31;180.31;0;0
RGBITR;D;20071121;000000;180.23;180.23;180.23;180.23;0;0
RGBITR;D;20071122;000000;179.95;179.95;179.95;179.95;0;0
RGBITR;D;20071123;000000;179.9;179.9;179.9;179.9;0;0
RGBITR;D;20071126;000000;180.04;180.04;180.04;180.04;0;0
RGBITR;D;20071127;000000;179.95;179.95;179.95;179.95;0;0
RGBITR;D;20071128;000000;180;180;180;180;0;0
RGBITR;D;20071129;000000;180.09;180.09;180.09;180.09;0;0
RGBITR;D;20071130;000000;180.14;180.14;180.14;180.14;0;0
RGBITR;D;20071203;000000;180.13;180.13;180.13;180.13;0;0
RGBITR;D;20071204;000000;180.08;180.08;180.08;180.08;0;0
RGBITR;D;20071205;000000;180.22;180.22;180.22;180.22;0;0
RGBITR;D;20071206;000000;180.49;180.49;180.49;180.49;0;0
RGBITR;D;20071207;000000;180.28;180.28;180.28;180.28;0;0
RGBITR;D;20071210;000000;180.53;180.53;180.53;180.53;0;0
RGBITR;D;20071211;000000;180.76;180.76;180.76;180.76;0;0
RGBITR;D;20071212;000000;180.8;180.8;180.8;180.8;0;0
RGBITR;D;20071213;000000;180.89;180.89;180.89;180.89;0;0
RGBITR;D;20071214;000000;180.96;180.96;180.96;180.96;0;0
RGBITR;D;20071217;000000;180.92;180.92;180.92;180.92;0;0
RGBITR;D;20071218;000000;181.01;181.01;181.01;181.01;0;0
RGBITR;D;20071219;000000;181.04;181.04;181.04;181.04;0;0
RGBITR;D;20071220;000000;181.07;181.07;181.07;181.07;0;0
RGBITR;D;20071221;000000;181.1;181.1;181.1;181.1;0;0
RGBITR;D;20071224;000000;181.2;181.2;181.2;181.2;0;0
RGBITR;D;20071225;000000;180.83;180.83;180.83;180.83;0;0
RGBITR;D;20071226;000000;181.03;181.03;181.03;181.03;0;0
RGBITR;D;20071227;000000;181.29;181.29;181.29;181.29;0;0
RGBITR;D;20071228;000000;181.5;181.5;181.5;181.5;0;0
RGBITR;D;20080109;000000;181.75;181.75;181.75;181.75;0;0
RGBITR;D;20080110;000000;181.69;181.69;181.69;181.69;0;0
RGBITR;D;20080111;000000;182.1;182.1;182.1;182.1;0;0
RGBITR;D;20080114;000000;182.2;182.2;182.2;182.2;0;0
RGBITR;D;20080115;000000;182.08;182.08;182.08;182.08;0;0
RGBITR;D;20080116;000000;182.11;182.11;182.11;182.11;0;0
RGBITR;D;20080117;000000;182.09;182.09;182.09;182.09;0;0
RGBITR;D;20080118;000000;182.3;182.3;182.3;182.3;0;0
RGBITR;D;20080121;000000;182.33;182.33;182.33;182.33;0;0
RGBITR;D;20080122;000000;181.97;181.97;181.97;181.97;0;0
RGBITR;D;20080123;000000;182.12;182.12;182.12;182.12;0;0
RGBITR;D;20080124;000000;182.22;182.22;182.22;182.22;0;0
RGBITR;D;20080125;000000;182.46;182.46;182.46;182.46;0;0
RGBITR;D;20080128;000000;182.35;182.35;182.35;182.35;0;0
RGBITR;D;20080129;000000;182.39;182.39;182.39;182.39;0;0
RGBITR;D;20080130;000000;182.47;182.47;182.47;182.47;0;0
RGBITR;D;20080131;000000;182.59;182.59;182.59;182.59;0;0
RGBITR;D;20080201;000000;182.73;182.73;182.73;182.73;0;0
RGBITR;D;20080204;000000;182.16;182.16;182.16;182.16;0;0
RGBITR;D;20080205;000000;182.09;182.09;182.09;182.09;0;0
RGBITR;D;20080206;000000;181.93;181.93;181.93;181.93;0;0
RGBITR;D;20080207;000000;181.65;181.65;181.65;181.65;0;0
RGBITR;D;20080208;000000;181.28;181.28;181.28;181.28;0;0
RGBITR;D;20080211;000000;181.28;181.28;181.28;181.28;0;0
RGBITR;D;20080212;000000;181.05;181.05;181.05;181.05;0;0
RGBITR;D;20080213;000000;180.75;180.75;180.75;180.75;0;0
RGBITR;D;20080214;000000;180.84;180.84;180.84;180.84;0;0
RGBITR;D;20080215;000000;180.25;180.25;180.25;180.25;0;0
RGBITR;D;20080218;000000;180.21;180.21;180.21;180.21;0;0
RGBITR;D;20080219;000000;179.84;179.84;179.84;179.84;0;0
RGBITR;D;20080220;000000;179.38;179.38;179.38;179.38;0;0
RGBITR;D;20080221;000000;179.32;179.32;179.32;179.32;0;0
RGBITR;D;20080222;000000;179.62;179.62;179.62;179.62;0;0
RGBITR;D;20080226;000000;180.17;180.17;180.17;180.17;0;0
RGBITR;D;20080227;000000;179.67;179.67;179.67;179.67;0;0
RGBITR;D;20080228;000000;180.01;180.01;180.01;180.01;0;0
RGBITR;D;20080229;000000;181.2;181.2;181.2;181.2;0;0
RGBITR;D;20080303;000000;180.81;180.81;180.81;180.81;0;0
RGBITR;D;20080304;000000;180.39;180.39;180.39;180.39;0;0
RGBITR;D;20080305;000000;179.79;179.79;179.79;179.79;0;0
RGBITR;D;20080306;000000;180.12;180.12;180.12;180.12;0;0
RGBITR;D;20080307;000000;179.73;179.73;179.73;179.73;0;0
RGBITR;D;20080311;000000;179.43;179.43;179.43;179.43;0;0
RGBITR;D;20080312;000000;179.62;179.62;179.62;179.62;0;0
RGBITR;D;20080313;000000;179.75;179.75;179.75;179.75;0;0
RGBITR;D;20080314;000000;179.84;179.84;179.84;179.84;0;0
RGBITR;D;20080317;000000;180.08;180.08;180.08;180.08;0;0
RGBITR;D;20080318;000000;179.83;179.83;179.83;179.83;0;0
RGBITR;D;20080319;000000;180.08;180.08;180.08;180.08;0;0
RGBITR;D;20080320;000000;180.12;180.12;180.12;180.12;0;0
RGBITR;D;20080321;000000;182.36;182.36;182.36;182.36;0;0
RGBITR;D;20080324;000000;180.38;180.38;180.38;180.38;0;0
RGBITR;D;20080325;000000;180.35;180.35;180.35;180.35;0;0
RGBITR;D;20080326;000000;180.64;180.64;180.64;180.64;0;0
RGBITR;D;20080327;000000;180.56;180.56;180.56;180.56;0;0
RGBITR;D;20080328;000000;180.32;180.32;180.32;180.32;0;0
RGBITR;D;20080331;000000;180.92;180.92;180.92;180.92;0;0
RGBITR;D;20080401;000000;180.79;180.79;180.79;180.79;0;0
RGBITR;D;20080402;000000;180.9;180.9;180.9;180.9;0;0
RGBITR;D;20080403;000000;180.65;180.65;180.65;180.65;0;0
RGBITR;D;20080404;000000;180.77;180.77;180.77;180.77;0;0
RGBITR;D;20080407;000000;180.87;180.87;180.87;180.87;0;0
RGBITR;D;20080408;000000;180.88;180.88;180.88;180.88;0;0
RGBITR;D;20080409;000000;180.75;180.75;180.75;180.75;0;0
RGBITR;D;20080410;000000;180.63;180.63;180.63;180.63;0;0
RGBITR;D;20080411;000000;180.53;180.53;180.53;180.53;0;0
RGBITR;D;20080414;000000;180.56;180.56;180.56;180.56;0;0
RGBITR;D;20080415;000000;180.66;180.66;180.66;180.66;0;0
RGBITR;D;20080416;000000;180.63;180.63;180.63;180.63;0;0
RGBITR;D;20080417;000000;181.21;181.21;181.21;181.21;0;0
RGBITR;D;20080418;000000;181.33;181.33;181.33;181.33;0;0
RGBITR;D;20080421;000000;181.1;181.1;181.1;181.1;0;0
RGBITR;D;20080422;000000;181.27;181.27;181.27;181.27;0;0
RGBITR;D;20080423;000000;181.22;181.22;181.22;181.22;0;0
RGBITR;D;20080424;000000;181.1;181.1;181.1;181.1;0;0
RGBITR;D;20080425;000000;181.59;181.59;181.59;181.59;0;0
RGBITR;D;20080428;000000;181.02;181.02;181.02;181.02;0;0
RGBITR;D;20080429;000000;181.1;181.1;181.1;181.1;0;0
RGBITR;D;20080430;000000;180.88;180.88;180.88;180.88;0;0
RGBITR;D;20080504;000000;180.89;180.89;180.89;180.89;0;0
RGBITR;D;20080505;000000;181.56;181.56;181.56;181.56;0;0
RGBITR;D;20080506;000000;181.06;181.06;181.06;181.06;0;0
RGBITR;D;20080507;000000;181.05;181.05;181.05;181.05;0;0
RGBITR;D;20080508;000000;181.36;181.36;181.36;181.36;0;0
RGBITR;D;20080512;000000;181.41;181.41;181.41;181.41;0;0
RGBITR;D;20080513;000000;181.32;181.32;181.32;181.32;0;0
RGBITR;D;20080514;000000;181.2;181.2;181.2;181.2;0;0
RGBITR;D;20080515;000000;181.21;181.21;181.21;181.21;0;0
RGBITR;D;20080516;000000;181.44;181.44;181.44;181.44;0;0
RGBITR;D;20080519;000000;181.71;181.71;181.71;181.71;0;0
RGBITR;D;20080520;000000;181.61;181.61;181.61;181.61;0;0
RGBITR;D;20080521;000000;181.79;181.79;181.79;181.79;0;0
RGBITR;D;20080522;000000;181.8;181.8;181.8;181.8;0;0
RGBITR;D;20080523;000000;181.85;181.85;181.85;181.85;0;0
RGBITR;D;20080526;000000;182.13;182.13;182.13;182.13;0;0
RGBITR;D;20080527;000000;182.37;182.37;182.37;182.37;0;0
RGBITR;D;20080528;000000;182.26;182.26;182.26;182.26;0;0
RGBITR;D;20080529;000000;182.39;182.39;182.39;182.39;0;0
RGBITR;D;20080530;000000;182.86;182.86;182.86;182.86;0;0
RGBITR;D;20080602;000000;182.64;182.64;182.64;182.64;0;0
RGBITR;D;20080603;000000;182.68;182.68;182.68;182.68;0;0
RGBITR;D;20080604;000000;182.55;182.55;182.55;182.55;0;0
RGBITR;D;20080605;000000;182.63;182.63;182.63;182.63;0;0
RGBITR;D;20080606;000000;182.65;182.65;182.65;182.65;0;0
RGBITR;D;20080607;000000;182.59;182.59;182.59;182.59;0;0
RGBITR;D;20080609;000000;182.46;182.46;182.46;182.46;0;0
RGBITR;D;20080610;000000;182.35;182.35;182.35;182.35;0;0
RGBITR;D;20080611;000000;182.5;182.5;182.5;182.5;0;0
RGBITR;D;20080616;000000;182.88;182.88;182.88;182.88;0;0
RGBITR;D;20080617;000000;183;183;183;183;0;0
RGBITR;D;20080618;000000;183.06;183.06;183.06;183.06;0;0
RGBITR;D;20080619;000000;183.03;183.03;183.03;183.03;0;0
RGBITR;D;20080620;000000;183.09;183.09;183.09;183.09;0;0
RGBITR;D;20080623;000000;183.14;183.14;183.14;183.14;0;0
RGBITR;D;20080624;000000;183.18;183.18;183.18;183.18;0;0
RGBITR;D;20080625;000000;183.17;183.17;183.17;183.17;0;0
RGBITR;D;20080626;000000;183.2;183.2;183.2;183.2;0;0
RGBITR;D;20080627;000000;183.26;183.26;183.26;183.26;0;0
RGBITR;D;20080630;000000;183.24;183.24;183.24;183.24;0;0
RGBITR;D;20080701;000000;183.03;183.03;183.03;183.03;0;0
RGBITR;D;20080702;000000;183.23;183.23;183.23;183.23;0;0
RGBITR;D;20080703;000000;182.88;182.88;182.88;182.88;0;0
RGBITR;D;20080704;000000;182.93;182.93;182.93;182.93;0;0
RGBITR;D;20080707;000000;183.02;183.02;183.02;183.02;0;0
RGBITR;D;20080708;000000;182.42;182.42;182.42;182.42;0;0
RGBITR;D;20080709;000000;182.4;182.4;182.4;182.4;0;0
RGBITR;D;20080710;000000;183.08;183.08;183.08;183.08;0;0
RGBITR;D;20080711;000000;182.38;182.38;182.38;182.38;0;0
RGBITR;D;20080714;000000;181.91;181.91;181.91;181.91;0;0
RGBITR;D;20080715;000000;181.71;181.71;181.71;181.71;0;0
RGBITR;D;20080716;000000;181.43;181.43;181.43;181.43;0;0
RGBITR;D;20080717;000000;181.28;181.28;181.28;181.28;0;0
RGBITR;D;20080718;000000;180.87;180.87;180.87;180.87;0;0
RGBITR;D;20080721;000000;181.03;181.03;181.03;181.03;0;0
RGBITR;D;20080722;000000;180.55;180.55;180.55;180.55;0;0
RGBITR;D;20080723;000000;180.65;180.65;180.65;180.65;0;0
RGBITR;D;20080724;000000;180.6;180.6;180.6;180.6;0;0
RGBITR;D;20080725;000000;180.65;180.65;180.65;180.65;0;0
RGBITR;D;20080728;000000;180.59;180.59;180.59;180.59;0;0
RGBITR;D;20080729;000000;180.15;180.15;180.15;180.15;0;0
RGBITR;D;20080730;000000;181.18;181.18;181.18;181.18;0;0
RGBITR;D;20080731;000000;180.84;180.84;180.84;180.84;0;0
RGBITR;D;20080801;000000;179.34;179.34;179.34;179.34;0;0
RGBITR;D;20080804;000000;179.45;179.45;179.45;179.45;0;0
RGBITR;D;20080805;000000;179;179;179;179;0;0
RGBITR;D;20080806;000000;178.86;178.86;178.86;178.86;0;0
RGBITR;D;20080807;000000;179.56;179.56;179.56;179.56;0;0
RGBITR;D;20080808;000000;178.57;178.57;178.57;178.57;0;0
RGBITR;D;20080811;000000;177.89;177.89;177.89;177.89;0;0
RGBITR;D;20080812;000000;177.63;177.63;177.63;177.63;0;0
RGBITR;D;20080813;000000;177.25;177.25;177.25;177.25;0;0
RGBITR;D;20080814;000000;177.16;177.16;177.16;177.16;0;0
RGBITR;D;20080815;000000;176.6;176.6;176.6;176.6;0;0
RGBITR;D;20080818;000000;176.79;176.79;176.79;176.79;0;0
RGBITR;D;20080819;000000;176.53;176.53;176.53;176.53;0;0
RGBITR;D;20080820;000000;176.06;176.06;176.06;176.06;0;0
RGBITR;D;20080821;000000;175.8;175.8;175.8;175.8;0;0
RGBITR;D;20080822;000000;175.21;175.21;175.21;175.21;0;0
RGBITR;D;20080825;000000;174.24;174.24;174.24;174.24;0;0
RGBITR;D;20080826;000000;174.73;174.73;174.73;174.73;0;0
RGBITR;D;20080827;000000;172.8;172.8;172.8;172.8;0;0
RGBITR;D;20080828;000000;173.36;173.36;173.36;173.36;0;0
RGBITR;D;20080829;000000;175.98;175.98;175.98;175.98;0;0
RGBITR;D;20080901;000000;173.85;173.85;173.85;173.85;0;0
RGBITR;D;20080902;000000;171.51;171.51;171.51;171.51;0;0
RGBITR;D;20080903;000000;173.07;173.07;173.07;173.07;0;0
RGBITR;D;20080904;000000;171.62;171.62;171.62;171.62;0;0
RGBITR;D;20080905;000000;166.33;166.33;166.33;166.33;0;0
RGBITR;D;20080908;000000;166.26;166.26;166.26;166.26;0;0
RGBITR;D;20080909;000000;167;167;167;167;0;0
RGBITR;D;20080910;000000;170.16;170.16;170.16;170.16;0;0
RGBITR;D;20080911;000000;173.57;173.57;173.57;173.57;0;0
RGBITR;D;20080912;000000;173.51;173.51;173.51;173.51;0;0
RGBITR;D;20080915;000000;172.75;172.75;172.75;172.75;0;0
RGBITR;D;20080916;000000;166.43;166.43;166.43;166.43;0;0
RGBITR;D;20080917;000000;169.43;169.43;169.43;169.43;0;0
RGBITR;D;20080918;000000;161.27;161.27;161.27;161.27;0;0
RGBITR;D;20080919;000000;164.82;164.82;164.82;164.82;0;0
RGBITR;D;20080922;000000;166.43;166.43;166.43;166.43;0;0
RGBITR;D;20080923;000000;167.24;167.24;167.24;167.24;0;0
RGBITR;D;20080924;000000;168.33;168.33;168.33;168.33;0;0
RGBITR;D;20080925;000000;167.77;167.77;167.77;167.77;0;0
RGBITR;D;20080926;000000;171.38;171.38;171.38;171.38;0;0
RGBITR;D;20080929;000000;170.81;170.81;170.81;170.81;0;0
RGBITR;D;20080930;000000;174.87;174.87;174.87;174.87;0;0
RGBITR;D;20081001;000000;172.98;172.98;172.98;172.98;0;0
RGBITR;D;20081002;000000;171.81;171.81;171.81;171.81;0;0
RGBITR;D;20081003;000000;170.95;170.95;170.95;170.95;0;0
RGBITR;D;20081006;000000;170.8;170.8;170.8;170.8;0;0
RGBITR;D;20081007;000000;171.2;171.2;171.2;171.2;0;0
RGBITR;D;20081008;000000;171.61;171.61;171.61;171.61;0;0
RGBITR;D;20081009;000000;166.79;166.79;166.79;166.79;0;0
RGBITR;D;20081010;000000;164.62;164.62;164.62;164.62;0;0
RGBITR;D;20081013;000000;165.82;165.82;165.82;165.82;0;0
RGBITR;D;20081014;000000;163.6;163.6;163.6;163.6;0;0
RGBITR;D;20081015;000000;169.78;169.78;169.78;169.78;0;0
RGBITR;D;20081016;000000;166.97;166.97;166.97;166.97;0;0
RGBITR;D;20081017;000000;160.59;160.59;160.59;160.59;0;0
RGBITR;D;20081020;000000;166.52;166.52;166.52;166.52;0;0
RGBITR;D;20081021;000000;164.23;164.23;164.23;164.23;0;0
RGBITR;D;20081022;000000;161.31;161.31;161.31;161.31;0;0
RGBITR;D;20081023;000000;164.11;164.11;164.11;164.11;0;0
RGBITR;D;20081024;000000;167.18;167.18;167.18;167.18;0;0
RGBITR;D;20081027;000000;162.54;162.54;162.54;162.54;0;0
RGBITR;D;20081029;000000;168.02;168.02;168.02;168.02;0;0
RGBITR;D;20081030;000000;169.53;169.53;169.53;169.53;0;0
RGBITR;D;20081031;000000;170.99;170.99;170.99;170.99;0;0
RGBITR;D;20081101;000000;170.96;170.96;170.96;170.96;0;0
RGBITR;D;20081105;000000;171.24;171.24;171.24;171.24;0;0
RGBITR;D;20081106;000000;169.57;169.57;169.57;169.57;0;0
RGBITR;D;20081107;000000;170.21;170.21;170.21;170.21;0;0
RGBITR;D;20081110;000000;169.82;169.82;169.82;169.82;0;0
RGBITR;D;20081111;000000;168.5;168.5;168.5;168.5;0;0
RGBITR;D;20081112;000000;167.71;167.71;167.71;167.71;0;0
RGBITR;D;20081113;000000;166.78;166.78;166.78;166.78;0;0
RGBITR;D;20081114;000000;167.05;167.05;167.05;167.05;0;0
RGBITR;D;20081117;000000;167.11;167.11;167.11;167.11;0;0
RGBITR;D;20081118;000000;167.75;167.75;167.75;167.75;0;0
RGBITR;D;20081119;000000;170.7;170.7;170.7;170.7;0;0
RGBITR;D;20081120;000000;174.64;174.64;174.64;174.64;0;0
RGBITR;D;20081121;000000;169.62;169.62;169.62;169.62;0;0
RGBITR;D;20081124;000000;170.27;170.27;170.27;170.27;0;0
RGBITR;D;20081125;000000;170.29;170.29;170.29;170.29;0;0
RGBITR;D;20081126;000000;166.14;166.14;166.14;166.14;0;0
RGBITR;D;20081127;000000;168.78;168.78;168.78;168.78;0;0
RGBITR;D;20081128;000000;170.39;170.39;170.39;170.39;0;0
RGBITR;D;20081201;000000;167.42;167.42;167.42;167.42;0;0
RGBITR;D;20081202;000000;168.11;168.11;168.11;168.11;0;0
RGBITR;D;20081203;000000;168.62;168.62;168.62;168.62;0;0
RGBITR;D;20081204;000000;169.82;169.82;169.82;169.82;0;0
RGBITR;D;20081205;000000;169.97;169.97;169.97;169.97;0;0
RGBITR;D;20081208;000000;166.95;166.95;166.95;166.95;0;0
RGBITR;D;20081209;000000;170.01;170.01;170.01;170.01;0;0
RGBITR;D;20081210;000000;171.03;171.03;171.03;171.03;0;0
RGBITR;D;20081211;000000;172.02;172.02;172.02;172.02;0;0
RGBITR;D;20081212;000000;172.5;172.5;172.5;172.5;0;0
RGBITR;D;20081215;000000;166.67;166.67;166.67;166.67;0;0
RGBITR;D;20081216;000000;164.59;164.59;164.59;164.59;0;0
RGBITR;D;20081217;000000;167.65;167.65;167.65;167.65;0;0
RGBITR;D;20081218;000000;167.66;167.66;167.66;167.66;0;0
RGBITR;D;20081219;000000;166.39;166.39;166.39;166.39;0;0
RGBITR;D;20081222;000000;166.48;166.48;166.48;166.48;0;0
RGBITR;D;20081223;000000;167.05;167.05;167.05;167.05;0;0
RGBITR;D;20081224;000000;165.86;165.86;165.86;165.86;0;0
RGBITR;D;20081225;000000;170.4;170.4;170.4;170.4;0;0
RGBITR;D;20081226;000000;166.65;166.65;166.65;166.65;0;0
RGBITR;D;20081229;000000;166.94;166.94;166.94;166.94;0;0
RGBITR;D;20081230;000000;171.42;171.42;171.42;171.42;0;0
RGBITR;D;20090111;000000;171.42;171.42;171.42;171.42;0;0
RGBITR;D;20090112;000000;171.42;171.42;171.42;171.42;0;0
RGBITR;D;20090113;000000;171.42;171.42;171.42;171.42;0;0
RGBITR;D;20090114;000000;171.42;171.42;171.42;171.42;0;0
RGBITR;D;20090115;000000;170.66;170.66;170.66;170.66;0;0
RGBITR;D;20090116;000000;171.07;171.07;171.07;171.07;0;0
RGBITR;D;20090119;000000;171.07;171.07;171.07;171.07;0;0
RGBITR;D;20090120;000000;170.85;170.85;170.85;170.85;0;0
RGBITR;D;20090121;000000;170.85;170.85;170.85;170.85;0;0
RGBITR;D;20090122;000000;171.24;171.24;171.24;171.24;0;0
RGBITR;D;20090123;000000;167.75;167.75;167.75;167.75;0;0
RGBITR;D;20090126;000000;167.75;167.75;167.75;167.75;0;0
RGBITR;D;20090127;000000;166.78;166.78;166.78;166.78;0;0
RGBITR;D;20090128;000000;166.78;166.78;166.78;166.78;0;0
RGBITR;D;20090129;000000;166.78;166.78;166.78;166.78;0;0
RGBITR;D;20090130;000000;168.72;168.72;168.72;168.72;0;0
RGBITR;D;20090202;000000;168.72;168.72;168.72;168.72;0;0
RGBITR;D;20090203;000000;168.52;168.52;168.52;168.52;0;0
RGBITR;D;20090204;000000;168.52;168.52;168.52;168.52;0;0
RGBITR;D;20090205;000000;168.48;168.48;168.48;168.48;0;0
RGBITR;D;20090206;000000;168.93;168.93;168.93;168.93;0;0
RGBITR;D;20090209;000000;156.56;156.56;156.56;156.56;0;0
RGBITR;D;20090210;000000;156.04;156.04;156.04;156.04;0;0
RGBITR;D;20090211;000000;155.34;155.34;155.34;155.34;0;0
RGBITR;D;20090212;000000;159.66;159.66;159.66;159.66;0;0
RGBITR;D;20090213;000000;165.7;165.7;165.7;165.7;0;0
RGBITR;D;20090216;000000;162.69;162.69;162.69;162.69;0;0
RGBITR;D;20090217;000000;162.68;162.68;162.68;162.68;0;0
RGBITR;D;20090218;000000;162.59;162.59;162.59;162.59;0;0
RGBITR;D;20090219;000000;162.95;162.95;162.95;162.95;0;0
RGBITR;D;20090220;000000;165.04;165.04;165.04;165.04;0;0
RGBITR;D;20090224;000000;171.63;171.63;171.63;171.63;0;0
RGBITR;D;20090225;000000;168.74;168.74;168.74;168.74;0;0
RGBITR;D;20090226;000000;171.39;171.39;171.39;171.39;0;0
RGBITR;D;20090227;000000;182.38;182.38;182.38;182.38;0;0
RGBITR;D;20090302;000000;182.46;182.46;182.46;182.46;0;0
RGBITR;D;20090303;000000;182.33;182.33;182.33;182.33;0;0
RGBITR;D;20090304;000000;181.37;181.37;181.37;181.37;0;0
RGBITR;D;20090305;000000;182.33;182.33;182.33;182.33;0;0
RGBITR;D;20090306;000000;182.21;182.21;182.21;182.21;0;0
RGBITR;D;20090310;000000;183.38;183.38;183.38;183.38;0;0
RGBITR;D;20090311;000000;183.44;183.44;183.44;183.44;0;0
RGBITR;D;20090312;000000;184.72;184.72;184.72;184.72;0;0
RGBITR;D;20090313;000000;184.57;184.57;184.57;184.57;0;0
RGBITR;D;20090316;000000;184.5;184.5;184.5;184.5;0;0
RGBITR;D;20090317;000000;185.2;185.2;185.2;185.2;0;0
RGBITR;D;20090318;000000;185.41;185.41;185.41;185.41;0;0
RGBITR;D;20090319;000000;185.59;185.59;185.59;185.59;0;0
RGBITR;D;20090320;000000;187.69;187.69;187.69;187.69;0;0
RGBITR;D;20090323;000000;187.67;187.67;187.67;187.67;0;0
RGBITR;D;20090324;000000;187.07;187.07;187.07;187.07;0;0
RGBITR;D;20090325;000000;184.77;184.77;184.77;184.77;0;0
RGBITR;D;20090326;000000;185.59;185.59;185.59;185.59;0;0
RGBITR;D;20090327;000000;187.32;187.32;187.32;187.32;0;0
RGBITR;D;20090330;000000;188.27;188.27;188.27;188.27;0;0
RGBITR;D;20090331;000000;190.49;190.49;190.49;190.49;0;0
RGBITR;D;20090401;000000;178.8;178.8;178.8;178.8;0;0
RGBITR;D;20090402;000000;178.62;178.62;178.62;178.62;0;0
RGBITR;D;20090403;000000;178.77;178.77;178.77;178.77;0;0
RGBITR;D;20090406;000000;178.26;178.26;178.26;178.26;0;0
RGBITR;D;20090407;000000;184.15;184.15;184.15;184.15;0;0
RGBITR;D;20090408;000000;184.02;184.02;184.02;184.02;0;0
RGBITR;D;20090409;000000;181.88;181.88;181.88;181.88;0;0
RGBITR;D;20090410;000000;181.33;181.33;181.33;181.33;0;0
RGBITR;D;20090413;000000;182.48;182.48;182.48;182.48;0;0
RGBITR;D;20090414;000000;182.5;182.5;182.5;182.5;0;0
RGBITR;D;20090415;000000;182.08;182.08;182.08;182.08;0;0
RGBITR;D;20090416;000000;182.12;182.12;182.12;182.12;0;0
RGBITR;D;20090417;000000;182.12;182.12;182.12;182.12;0;0
RGBITR;D;20090420;000000;181.78;181.78;181.78;181.78;0;0
RGBITR;D;20090421;000000;183.57;183.57;183.57;183.57;0;0
RGBITR;D;20090422;000000;183.64;183.64;183.64;183.64;0;0
RGBITR;D;20090423;000000;183.08;183.08;183.08;183.08;0;0
RGBITR;D;20090424;000000;183.17;183.17;183.17;183.17;0;0
RGBITR;D;20090427;000000;182.81;182.81;182.81;182.81;0;0
RGBITR;D;20090428;000000;182.88;182.88;182.88;182.88;0;0
RGBITR;D;20090429;000000;183.56;183.56;183.56;183.56;0;0
RGBITR;D;20090430;000000;195.12;195.12;195.12;195.12;0;0
RGBITR;D;20090504;000000;195.41;195.41;195.41;195.41;0;0
RGBITR;D;20090505;000000;181.81;181.81;181.81;181.81;0;0
RGBITR;D;20090506;000000;181.71;181.71;181.71;181.71;0;0
RGBITR;D;20090507;000000;181.7;181.7;181.7;181.7;0;0
RGBITR;D;20090508;000000;181.56;181.56;181.56;181.56;0;0
RGBITR;D;20090512;000000;182.24;182.24;182.24;182.24;0;0
RGBITR;D;20090513;000000;182.33;182.33;182.33;182.33;0;0
RGBITR;D;20090514;000000;182.06;182.06;182.06;182.06;0;0
RGBITR;D;20090515;000000;185.34;185.34;185.34;185.34;0;0
RGBITR;D;20090518;000000;188.55;188.55;188.55;188.55;0;0
RGBITR;D;20090519;000000;188.06;188.06;188.06;188.06;0;0
RGBITR;D;20090520;000000;185.95;185.95;185.95;185.95;0;0
RGBITR;D;20090521;000000;185.94;185.94;185.94;185.94;0;0
RGBITR;D;20090522;000000;185.28;185.28;185.28;185.28;0;0
RGBITR;D;20090525;000000;185.41;185.41;185.41;185.41;0;0
RGBITR;D;20090526;000000;183.7;183.7;183.7;183.7;0;0
RGBITR;D;20090527;000000;183.93;183.93;183.93;183.93;0;0
RGBITR;D;20090528;000000;183.97;183.97;183.97;183.97;0;0
RGBITR;D;20090529;000000;197.4;197.4;197.4;197.4;0;0
RGBITR;D;20090601;000000;197.55;197.55;197.55;197.55;0;0
RGBITR;D;20090602;000000;197.52;197.52;197.52;197.52;0;0
RGBITR;D;20090603;000000;197.89;197.89;197.89;197.89;0;0
RGBITR;D;20090604;000000;197.51;197.51;197.51;197.51;0;0
RGBITR;D;20090605;000000;198.38;198.38;198.38;198.38;0;0
RGBITR;D;20090608;000000;198.26;198.26;198.26;198.26;0;0
RGBITR;D;20090609;000000;198.18;198.18;198.18;198.18;0;0
RGBITR;D;20090610;000000;198.34;198.34;198.34;198.34;0;0
RGBITR;D;20090611;000000;198.49;198.49;198.49;198.49;0;0
RGBITR;D;20090615;000000;198.68;198.68;198.68;198.68;0;0
RGBITR;D;20090616;000000;198.78;198.78;198.78;198.78;0;0
RGBITR;D;20090617;000000;198.72;198.72;198.72;198.72;0;0
RGBITR;D;20090618;000000;198.85;198.85;198.85;198.85;0;0
RGBITR;D;20090619;000000;198.81;198.81;198.81;198.81;0;0
RGBITR;D;20090622;000000;199.02;199.02;199.02;199.02;0;0
RGBITR;D;20090623;000000;198.96;198.96;198.96;198.96;0;0
RGBITR;D;20090624;000000;198.96;198.96;198.96;198.96;0;0
RGBITR;D;20090625;000000;199.01;199.01;199.01;199.01;0;0
RGBITR;D;20090626;000000;199.03;199.03;199.03;199.03;0;0
RGBITR;D;20090629;000000;199.32;199.32;199.32;199.32;0;0
RGBITR;D;20090630;000000;199.43;199.43;199.43;199.43;0;0
RGBITR;D;20090701;000000;199.64;199.64;199.64;199.64;0;0
RGBITR;D;20090702;000000;199.8;199.8;199.8;199.8;0;0
RGBITR;D;20090703;000000;199.95;199.95;199.95;199.95;0;0
RGBITR;D;20090706;000000;199.93;199.93;199.93;199.93;0;0
RGBITR;D;20090707;000000;200.09;200.09;200.09;200.09;0;0
RGBITR;D;20090708;000000;200.14;200.14;200.14;200.14;0;0
RGBITR;D;20090709;000000;200.23;200.23;200.23;200.23;0;0
RGBITR;D;20090710;000000;200.3;200.3;200.3;200.3;0;0
RGBITR;D;20090713;000000;200.47;200.47;200.47;200.47;0;0
RGBITR;D;20090714;000000;200.5;200.5;200.5;200.5;0;0
RGBITR;D;20090715;000000;200.69;200.69;200.69;200.69;0;0
RGBITR;D;20090716;000000;201.16;201.16;201.16;201.16;0;0
RGBITR;D;20090717;000000;201.26;201.26;201.26;201.26;0;0
RGBITR;D;20090720;000000;201.64;201.64;201.64;201.64;0;0
RGBITR;D;20090721;000000;201.93;201.93;201.93;201.93;0;0
RGBITR;D;20090722;000000;202.01;202.01;202.01;202.01;0;0
RGBITR;D;20090723;000000;202.3;202.3;202.3;202.3;0;0
RGBITR;D;20090724;000000;202.21;202.21;202.21;202.21;0;0
RGBITR;D;20090727;000000;202.36;202.36;202.36;202.36;0;0
RGBITR;D;20090728;000000;202.53;202.53;202.53;202.53;0;0
RGBITR;D;20090729;000000;202.6;202.6;202.6;202.6;0;0
RGBITR;D;20090730;000000;202.64;202.64;202.64;202.64;0;0
RGBITR;D;20090731;000000;202.85;202.85;202.85;202.85;0;0
RGBITR;D;20090803;000000;203.2;203.2;203.2;203.2;0;0
RGBITR;D;20090804;000000;203.27;203.27;203.27;203.27;0;0
RGBITR;D;20090805;000000;203.43;203.43;203.43;203.43;0;0
RGBITR;D;20090806;000000;203.47;203.47;203.47;203.47;0;0
RGBITR;D;20090807;000000;203.53;203.53;203.53;203.53;0;0
RGBITR;D;20090810;000000;203.82;203.82;203.82;203.82;0;0
RGBITR;D;20090811;000000;203.8;203.8;203.8;203.8;0;0
RGBITR;D;20090812;000000;203.75;203.75;203.75;203.75;0;0
RGBITR;D;20090813;000000;203.73;203.73;203.73;203.73;0;0
RGBITR;D;20090814;000000;203.58;203.58;203.58;203.58;0;0
RGBITR;D;20090817;000000;203.81;203.81;203.81;203.81;0;0
RGBITR;D;20090818;000000;203.66;203.66;203.66;203.66;0;0
RGBITR;D;20090819;000000;203.84;203.84;203.84;203.84;0;0
RGBITR;D;20090820;000000;203.87;203.87;203.87;203.87;0;0
RGBITR;D;20090821;000000;204.37;204.37;204.37;204.37;0;0
RGBITR;D;20090824;000000;204.49;204.49;204.49;204.49;0;0
RGBITR;D;20090825;000000;204.43;204.43;204.43;204.43;0;0
RGBITR;D;20090826;000000;204.79;204.79;204.79;204.79;0;0
RGBITR;D;20090827;000000;205.36;205.36;205.36;205.36;0;0
RGBITR;D;20090828;000000;205.52;205.52;205.52;205.52;0;0
RGBITR;D;20090831;000000;206.07;206.07;206.07;206.07;0;0
RGBITR;D;20090901;000000;205.94;205.94;205.94;205.94;0;0
RGBITR;D;20090902;000000;206.63;206.63;206.63;206.63;0;0
RGBITR;D;20090903;000000;206.47;206.47;206.47;206.47;0;0
RGBITR;D;20090904;000000;206.67;206.67;206.67;206.67;0;0
RGBITR;D;20090907;000000;206.93;206.93;206.93;206.93;0;0
RGBITR;D;20090908;000000;207.51;207.51;207.51;207.51;0;0
RGBITR;D;20090909;000000;208.11;208.11;208.11;208.11;0;0
RGBITR;D;20090910;000000;209.39;209.39;209.39;209.39;0;0
RGBITR;D;20090911;000000;209.98;209.98;209.98;209.98;0;0
RGBITR;D;20090914;000000;210.05;210.05;210.05;210.05;0;0
RGBITR;D;20090915;000000;210.22;210.22;210.22;210.22;0;0
RGBITR;D;20090916;000000;210.35;210.35;210.35;210.35;0;0
RGBITR;D;20090917;000000;210.71;210.71;210.71;210.71;0;0
RGBITR;D;20090918;000000;210.83;210.83;210.83;210.83;0;0
RGBITR;D;20090921;000000;211.03;211.03;211.03;211.03;0;0
RGBITR;D;20090922;000000;211.22;211.22;211.22;211.22;0;0
RGBITR;D;20090923;000000;211.62;211.62;211.62;211.62;0;0
RGBITR;D;20090924;000000;211.63;211.63;211.63;211.63;0;0
RGBITR;D;20090925;000000;211.69;211.69;211.69;211.69;0;0
RGBITR;D;20090928;000000;211.47;211.47;211.47;211.47;0;0
RGBITR;D;20090929;000000;211.8;211.8;211.8;211.8;0;0
RGBITR;D;20090930;000000;212.57;212.57;212.57;212.57;0;0
RGBITR;D;20091001;000000;213;213;213;213;0;0
RGBITR;D;20091002;000000;213.01;213.01;213.01;213.01;0;0
RGBITR;D;20091005;000000;213.55;213.55;213.55;213.55;0;0
RGBITR;D;20091006;000000;215.28;215.28;215.28;215.28;0;0
RGBITR;D;20091007;000000;218.3;218.3;218.3;218.3;0;0
RGBITR;D;20091008;000000;220.01;220.01;220.01;220.01;0;0
RGBITR;D;20091009;000000;219.99;219.99;219.99;219.99;0;0
RGBITR;D;20091012;000000;220.46;220.46;220.46;220.46;0;0
RGBITR;D;20091013;000000;221.01;221.01;221.01;221.01;0;0
RGBITR;D;20091014;000000;223.12;223.12;223.12;223.12;0;0
RGBITR;D;20091015;000000;223.63;223.63;223.63;223.63;0;0
RGBITR;D;20091016;000000;224.28;224.28;224.28;224.28;0;0
RGBITR;D;20091019;000000;224.3;224.3;224.3;224.3;0;0
RGBITR;D;20091020;000000;224.62;224.62;224.62;224.62;0;0
RGBITR;D;20091021;000000;225.25;225.25;225.25;225.25;0;0
RGBITR;D;20091022;000000;224.3;224.3;224.3;224.3;0;0
RGBITR;D;20091023;000000;225.31;225.31;225.31;225.31;0;0
RGBITR;D;20091026;000000;225.52;225.52;225.52;225.52;0;0
RGBITR;D;20091027;000000;224.7;224.7;224.7;224.7;0;0
RGBITR;D;20091028;000000;223.76;223.76;223.76;223.76;0;0
RGBITR;D;20091029;000000;224.02;224.02;224.02;224.02;0;0
RGBITR;D;20091030;000000;224.15;224.15;224.15;224.15;0;0
RGBITR;D;20091102;000000;224.4;224.4;224.4;224.4;0;0
RGBITR;D;20091103;000000;224.25;224.25;224.25;224.25;0;0
RGBITR;D;20091105;000000;223.68;223.68;223.68;223.68;0;0
RGBITR;D;20091106;000000;224.98;224.98;224.98;224.98;0;0
RGBITR;D;20091109;000000;225.89;225.89;225.89;225.89;0;0
RGBITR;D;20091110;000000;226.08;226.08;226.08;226.08;0;0
RGBITR;D;20091111;000000;226.23;226.23;226.23;226.23;0;0
RGBITR;D;20091112;000000;226.75;226.75;226.75;226.75;0;0
RGBITR;D;20091113;000000;226.82;226.82;226.82;226.82;0;0
RGBITR;D;20091116;000000;227.24;227.24;227.24;227.24;0;0
RGBITR;D;20091117;000000;227.48;227.48;227.48;227.48;0;0
RGBITR;D;20091118;000000;228.12;228.12;228.12;228.12;0;0
RGBITR;D;20091119;000000;228.47;228.47;228.47;228.47;0;0
RGBITR;D;20091120;000000;228.54;228.54;228.54;228.54;0;0
RGBITR;D;20091123;000000;228.95;228.95;228.95;228.95;0;0
RGBITR;D;20091124;000000;229.67;229.67;229.67;229.67;0;0
RGBITR;D;20091125;000000;230.71;230.71;230.71;230.71;0;0
RGBITR;D;20091126;000000;229.44;229.44;229.44;229.44;0;0
RGBITR;D;20091127;000000;228.71;228.71;228.71;228.71;0;0
RGBITR;D;20091130;000000;229.38;229.38;229.38;229.38;0;0
RGBITR;D;20091201;000000;230.31;230.31;230.31;230.31;0;0
RGBITR;D;20091202;000000;230.51;230.51;230.51;230.51;0;0
RGBITR;D;20091203;000000;231.04;231.04;231.04;231.04;0;0
RGBITR;D;20091204;000000;230.84;230.84;230.84;230.84;0;0
RGBITR;D;20091207;000000;230.89;230.89;230.89;230.89;0;0
RGBITR;D;20091208;000000;230.42;230.42;230.42;230.42;0;0
RGBITR;D;20091209;000000;230.41;230.41;230.41;230.41;0;0
RGBITR;D;20091210;000000;230.73;230.73;230.73;230.73;0;0
RGBITR;D;20091211;000000;230.94;230.94;230.94;230.94;0;0
RGBITR;D;20091214;000000;230.97;230.97;230.97;230.97;0;0
RGBITR;D;20091215;000000;231.13;231.13;231.13;231.13;0;0
RGBITR;D;20091216;000000;231.25;231.25;231.25;231.25;0;0
RGBITR;D;20091217;000000;231.25;231.25;231.25;231.25;0;0
RGBITR;D;20091218;000000;231.36;231.36;231.36;231.36;0;0
RGBITR;D;20091221;000000;231.57;231.57;231.57;231.57;0;0
RGBITR;D;20091222;000000;231.54;231.54;231.54;231.54;0;0
RGBITR;D;20091223;000000;231.72;231.72;231.72;231.72;0;0
RGBITR;D;20091224;000000;232.12;232.12;232.12;232.12;0;0
RGBITR;D;20091225;000000;232.66;232.66;232.66;232.66;0;0
RGBITR;D;20091228;000000;232.83;232.83;232.83;232.83;0;0
RGBITR;D;20091229;000000;232.58;232.58;232.58;232.58;0;0
RGBITR;D;20091230;000000;231.98;231.98;231.98;231.98;0;0
RGBITR;D;20091231;000000;231.98;231.98;231.98;231.98;0;0
RGBITR;D;20100111;000000;237.2;237.2;237.2;237.2;0;0
RGBITR;D;20100112;000000;234.93;234.93;234.93;234.93;0;0
RGBITR;D;20100113;000000;236.16;236.16;236.16;236.16;0;0
RGBITR;D;20100114;000000;234.79;234.79;234.79;234.79;0;0
RGBITR;D;20100115;000000;236.61;236.61;236.61;236.61;0;0
RGBITR;D;20100118;000000;237.23;237.23;237.23;237.23;0;0
RGBITR;D;20100119;000000;237.61;237.61;237.61;237.61;0;0
RGBITR;D;20100120;000000;238.96;238.96;238.96;238.96;0;0
RGBITR;D;20100121;000000;239.28;239.28;239.28;239.28;0;0
RGBITR;D;20100122;000000;239.09;239.09;239.09;239.09;0;0
RGBITR;D;20100125;000000;238.75;238.75;238.75;238.75;0;0
RGBITR;D;20100126;000000;239.13;239.13;239.13;239.13;0;0
RGBITR;D;20100127;000000;238.87;238.87;238.87;238.87;0;0
RGBITR;D;20100128;000000;239.77;239.77;239.77;239.77;0;0
RGBITR;D;20100129;000000;238.85;238.85;238.85;238.85;0;0
RGBITR;D;20100201;000000;239.07;239.07;239.07;239.07;0;0
RGBITR;D;20100202;000000;239.42;239.42;239.42;239.42;0;0
RGBITR;D;20100203;000000;240.38;240.38;240.38;240.38;0;0
RGBITR;D;20100204;000000;239.93;239.93;239.93;239.93;0;0
RGBITR;D;20100205;000000;239.99;239.99;239.99;239.99;0;0
RGBITR;D;20100208;000000;240.56;240.56;240.56;240.56;0;0
RGBITR;D;20100209;000000;240.61;240.61;240.61;240.61;0;0
RGBITR;D;20100210;000000;240.44;240.44;240.44;240.44;0;0
RGBITR;D;20100211;000000;240.49;240.49;240.49;240.49;0;0
RGBITR;D;20100212;000000;240.65;240.65;240.65;240.65;0;0
RGBITR;D;20100215;000000;240.77;240.77;240.77;240.77;0;0
RGBITR;D;20100216;000000;240.94;240.94;240.94;240.94;0;0
RGBITR;D;20100217;000000;241.24;241.24;241.24;241.24;0;0
RGBITR;D;20100218;000000;241.33;241.33;241.33;241.33;0;0
RGBITR;D;20100219;000000;241.65;241.65;241.65;241.65;0;0
RGBITR;D;20100224;000000;241.47;241.47;241.47;241.47;0;0
RGBITR;D;20100225;000000;241.82;241.82;241.82;241.82;0;0
RGBITR;D;20100226;000000;241.97;241.97;241.97;241.97;0;0
RGBITR;D;20100227;000000;242.22;242.22;242.22;242.22;0;0
RGBITR;D;20100301;000000;242.63;242.63;242.63;242.63;0;0
RGBITR;D;20100302;000000;243.43;243.43;243.43;243.43;0;0
RGBITR;D;20100303;000000;244.7;244.7;244.7;244.7;0;0
RGBITR;D;20100304;000000;245.31;245.31;245.31;245.31;0;0
RGBITR;D;20100305;000000;245.37;245.37;245.37;245.37;0;0
RGBITR;D;20100309;000000;245.45;245.45;245.45;245.45;0;0
RGBITR;D;20100310;000000;245.64;245.64;245.64;245.64;0;0
RGBITR;D;20100311;000000;246.21;246.21;246.21;246.21;0;0
RGBITR;D;20100312;000000;246.87;246.87;246.87;246.87;0;0
RGBITR;D;20100315;000000;247.26;247.26;247.26;247.26;0;0
RGBITR;D;20100316;000000;243.67;243.67;243.67;243.67;0;0
RGBITR;D;20100317;000000;248.24;248.24;248.24;248.24;0;0
RGBITR;D;20100318;000000;248.5;248.5;248.5;248.5;0;0
RGBITR;D;20100319;000000;248.85;248.85;248.85;248.85;0;0
RGBITR;D;20100322;000000;248.67;248.67;248.67;248.67;0;0
RGBITR;D;20100323;000000;249.06;249.06;249.06;249.06;0;0
RGBITR;D;20100324;000000;248.87;248.87;248.87;248.87;0;0
RGBITR;D;20100325;000000;248.99;248.99;248.99;248.99;0;0
RGBITR;D;20100326;000000;249.3;249.3;249.3;249.3;0;0
RGBITR;D;20100329;000000;249.02;249.02;249.02;249.02;0;0
RGBITR;D;20100330;000000;249.12;249.12;249.12;249.12;0;0
RGBITR;D;20100331;000000;249.68;249.68;249.68;249.68;0;0
RGBITR;D;20100401;000000;250.26;250.26;250.26;250.26;0;0
RGBITR;D;20100402;000000;250.76;250.76;250.76;250.76;0;0
RGBITR;D;20100405;000000;251.15;251.15;251.15;251.15;0;0
RGBITR;D;20100406;000000;251.43;251.43;251.43;251.43;0;0
RGBITR;D;20100407;000000;251.51;251.51;251.51;251.51;0;0
RGBITR;D;20100408;000000;251.48;251.48;251.48;251.48;0;0
RGBITR;D;20100409;000000;248.92;248.92;248.92;248.92;0;0
RGBITR;D;20100412;000000;251.89;251.89;251.89;251.89;0;0
RGBITR;D;20100413;000000;251.92;251.92;251.92;251.92;0;0
RGBITR;D;20100414;000000;251.91;251.91;251.91;251.91;0;0
RGBITR;D;20100415;000000;251.91;251.91;251.91;251.91;0;0
RGBITR;D;20100416;000000;251.6;251.6;251.6;251.6;0;0
RGBITR;D;20100419;000000;251.48;251.48;251.48;251.48;0;0
RGBITR;D;20100420;000000;251.64;251.64;251.64;251.64;0;0
RGBITR;D;20100421;000000;251.12;251.12;251.12;251.12;0;0
RGBITR;D;20100422;000000;250.91;250.91;250.91;250.91;0;0
RGBITR;D;20100423;000000;250.38;250.38;250.38;250.38;0;0
RGBITR;D;20100426;000000;250.58;250.58;250.58;250.58;0;0
RGBITR;D;20100427;000000;249.23;249.23;249.23;249.23;0;0
RGBITR;D;20100428;000000;248.64;248.64;248.64;248.64;0;0
RGBITR;D;20100429;000000;249.19;249.19;249.19;249.19;0;0
RGBITR;D;20100430;000000;249.32;249.32;249.32;249.32;0;0
RGBITR;D;20100504;000000;248.73;248.73;248.73;248.73;0;0
RGBITR;D;20100505;000000;246.93;246.93;246.93;246.93;0;0
RGBITR;D;20100506;000000;242.45;242.45;242.45;242.45;0;0
RGBITR;D;20100507;000000;242.15;242.15;242.15;242.15;0;0
RGBITR;D;20100511;000000;242.62;242.62;242.62;242.62;0;0
RGBITR;D;20100512;000000;243.87;243.87;243.87;243.87;0;0
RGBITR;D;20100513;000000;249.73;249.73;249.73;249.73;0;0
RGBITR;D;20100514;000000;249.34;249.34;249.34;249.34;0;0
RGBITR;D;20100517;000000;249.51;249.51;249.51;249.51;0;0
RGBITR;D;20100518;000000;249.92;249.92;249.92;249.92;0;0
RGBITR;D;20100519;000000;248.1;248.1;248.1;248.1;0;0
RGBITR;D;20100520;000000;247.8;247.8;247.8;247.8;0;0
RGBITR;D;20100521;000000;248.82;248.82;248.82;248.82;0;0
RGBITR;D;20100524;000000;247.79;247.79;247.79;247.79;0;0
RGBITR;D;20100526;000000;246.72;246.72;246.72;246.72;0;0
RGBITR;D;20100527;000000;247.49;247.49;247.49;247.49;0;0
RGBITR;D;20100528;000000;248.37;248.37;248.37;248.37;0;0
RGBITR;D;20100531;000000;248.24;248.24;248.24;248.24;0;0
RGBITR;D;20100601;000000;249.46;249.46;249.46;249.46;0;0
RGBITR;D;20100602;000000;249.18;249.18;249.18;249.18;0;0
RGBITR;D;20100603;000000;249.65;249.65;249.65;249.65;0;0
RGBITR;D;20100604;000000;249.53;249.53;249.53;249.53;0;0
RGBITR;D;20100607;000000;249.68;249.68;249.68;249.68;0;0
RGBITR;D;20100608;000000;249.61;249.61;249.61;249.61;0;0
RGBITR;D;20100609;000000;250;250;250;250;0;0
RGBITR;D;20100610;000000;250.36;250.36;250.36;250.36;0;0
RGBITR;D;20100611;000000;250.79;250.79;250.79;250.79;0;0
RGBITR;D;20100615;000000;251.18;251.18;251.18;251.18;0;0
RGBITR;D;20100616;000000;251.25;251.25;251.25;251.25;0;0
RGBITR;D;20100617;000000;251.42;251.42;251.42;251.42;0;0
RGBITR;D;20100618;000000;251.66;251.66;251.66;251.66;0;0
RGBITR;D;20100621;000000;251.65;251.65;251.65;251.65;0;0
RGBITR;D;20100622;000000;252.02;252.02;252.02;252.02;0;0
RGBITR;D;20100623;000000;252.12;252.12;252.12;252.12;0;0
RGBITR;D;20100624;000000;251.91;251.91;251.91;251.91;0;0
RGBITR;D;20100625;000000;251.82;251.82;251.82;251.82;0;0
RGBITR;D;20100628;000000;251.81;251.81;251.81;251.81;0;0
RGBITR;D;20100629;000000;251.76;251.76;251.76;251.76;0;0
RGBITR;D;20100630;000000;251.9;251.9;251.9;251.9;0;0
RGBITR;D;20100701;000000;251.5;251.5;251.5;251.5;0;0
RGBITR;D;20100702;000000;251.74;251.74;251.74;251.74;0;0
RGBITR;D;20100705;000000;251.89;251.89;251.89;251.89;0;0
RGBITR;D;20100706;000000;251.89;251.89;251.89;251.89;0;0
RGBITR;D;20100707;000000;252.02;252.02;252.02;252.02;0;0
RGBITR;D;20100708;000000;252.5;252.5;252.5;252.5;0;0
RGBITR;D;20100709;000000;252.37;252.37;252.37;252.37;0;0
RGBITR;D;20100712;000000;252.52;252.52;252.52;252.52;0;0
RGBITR;D;20100713;000000;252.45;252.45;252.45;252.45;0;0
RGBITR;D;20100714;000000;252.42;252.42;252.42;252.42;0;0
RGBITR;D;20100715;000000;252.67;252.67;252.67;252.67;0;0
RGBITR;D;20100716;000000;252.6;252.6;252.6;252.6;0;0
RGBITR;D;20100719;000000;252.8;252.8;252.8;252.8;0;0
RGBITR;D;20100720;000000;252.82;252.82;252.82;252.82;0;0
RGBITR;D;20100721;000000;252.98;252.98;252.98;252.98;0;0
RGBITR;D;20100722;000000;253.15;253.15;253.15;253.15;0;0
RGBITR;D;20100723;000000;253.32;253.32;253.32;253.32;0;0
RGBITR;D;20100726;000000;253.54;253.54;253.54;253.54;0;0
RGBITR;D;20100727;000000;253.71;253.71;253.71;253.71;0;0
RGBITR;D;20100728;000000;253.74;253.74;253.74;253.74;0;0
RGBITR;D;20100729;000000;253.57;253.57;253.57;253.57;0;0
RGBITR;D;20100730;000000;253.61;253.61;253.61;253.61;0;0
RGBITR;D;20100802;000000;253.85;253.85;253.85;253.85;0;0
RGBITR;D;20100803;000000;254.05;254.05;254.05;254.05;0;0
RGBITR;D;20100804;000000;254.26;254.26;254.26;254.26;0;0
RGBITR;D;20100805;000000;254.17;254.17;254.17;254.17;0;0
RGBITR;D;20100806;000000;254.03;254.03;254.03;254.03;0;0
RGBITR;D;20100809;000000;254.1;254.1;254.1;254.1;0;0
RGBITR;D;20100810;000000;254;254;254;254;0;0
RGBITR;D;20100811;000000;254.07;254.07;254.07;254.07;0;0
RGBITR;D;20100812;000000;254.03;254.03;254.03;254.03;0;0
RGBITR;D;20100813;000000;253.94;253.94;253.94;253.94;0;0
RGBITR;D;20100816;000000;253.99;253.99;253.99;253.99;0;0
RGBITR;D;20100817;000000;253.82;253.82;253.82;253.82;0;0
RGBITR;D;20100818;000000;253.97;253.97;253.97;253.97;0;0
RGBITR;D;20100819;000000;254.06;254.06;254.06;254.06;0;0
RGBITR;D;20100820;000000;254.05;254.05;254.05;254.05;0;0
RGBITR;D;20100823;000000;254.05;254.05;254.05;254.05;0;0
RGBITR;D;20100824;000000;254.04;254.04;254.04;254.04;0;0
RGBITR;D;20100825;000000;253.91;253.91;253.91;253.91;0;0
RGBITR;D;20100826;000000;253.98;253.98;253.98;253.98;0;0
RGBITR;D;20100827;000000;254.2;254.2;254.2;254.2;0;0
RGBITR;D;20100830;000000;254.29;254.29;254.29;254.29;0;0
RGBITR;D;20100831;000000;254.38;254.38;254.38;254.38;0;0
RGBITR;D;20100901;000000;254.43;254.43;254.43;254.43;0;0
RGBITR;D;20100902;000000;254.37;254.37;254.37;254.37;0;0
RGBITR;D;20100903;000000;253.09;253.09;253.09;253.09;0;0
RGBITR;D;20100906;000000;253.29;253.29;253.29;253.29;0;0
RGBITR;D;20100907;000000;253.35;253.35;253.35;253.35;0;0
RGBITR;D;20100908;000000;254.47;254.47;254.47;254.47;0;0
RGBITR;D;20100909;000000;254.54;254.54;254.54;254.54;0;0
RGBITR;D;20100910;000000;254.85;254.85;254.85;254.85;0;0
RGBITR;D;20100913;000000;254.47;254.47;254.47;254.47;0;0
RGBITR;D;20100914;000000;254.52;254.52;254.52;254.52;0;0
RGBITR;D;20100915;000000;254.48;254.48;254.48;254.48;0;0
RGBITR;D;20100916;000000;253.94;253.94;253.94;253.94;0;0
RGBITR;D;20100917;000000;254.14;254.14;254.14;254.14;0;0
RGBITR;D;20100920;000000;254.3;254.3;254.3;254.3;0;0
RGBITR;D;20100921;000000;253.99;253.99;253.99;253.99;0;0
RGBITR;D;20100922;000000;254.49;254.49;254.49;254.49;0;0
RGBITR;D;20100923;000000;254.59;254.59;254.59;254.59;0;0
RGBITR;D;20100924;000000;254.65;254.65;254.65;254.65;0;0
RGBITR;D;20100927;000000;255.1;255.1;255.1;255.1;0;0
RGBITR;D;20100928;000000;255.45;255.45;255.45;255.45;0;0
RGBITR;D;20100929;000000;255.64;255.64;255.64;255.64;0;0
RGBITR;D;20100930;000000;256.01;256.01;256.01;256.01;0;0
RGBITR;D;20101001;000000;256.27;256.27;256.27;256.27;0;0
RGBITR;D;20101004;000000;256.52;256.52;256.52;256.52;0;0
RGBITR;D;20101005;000000;257.06;257.06;257.06;257.06;0;0
RGBITR;D;20101006;000000;257.37;257.37;257.37;257.37;0;0
RGBITR;D;20101007;000000;257.55;257.55;257.55;257.55;0;0
RGBITR;D;20101008;000000;257.46;257.46;257.46;257.46;0;0
RGBITR;D;20101011;000000;257.79;257.79;257.79;257.79;0;0
RGBITR;D;20101012;000000;257.85;257.85;257.85;257.85;0;0
RGBITR;D;20101013;000000;257.96;257.96;257.96;257.96;0;0
RGBITR;D;20101014;000000;258.1;258.1;258.1;258.1;0;0
RGBITR;D;20101015;000000;258.08;258.08;258.08;258.08;0;0
RGBITR;D;20101018;000000;258.19;258.19;258.19;258.19;0;0
RGBITR;D;20101019;000000;258.27;258.27;258.27;258.27;0;0
RGBITR;D;20101020;000000;258.17;258.17;258.17;258.17;0;0
RGBITR;D;20101021;000000;258.37;258.37;258.37;258.37;0;0
RGBITR;D;20101022;000000;258.12;258.12;258.12;258.12;0;0
RGBITR;D;20101025;000000;258.4;258.4;258.4;258.4;0;0
RGBITR;D;20101026;000000;258.38;258.38;258.38;258.38;0;0
RGBITR;D;20101027;000000;258.11;258.11;258.11;258.11;0;0
RGBITR;D;20101028;000000;257.96;257.96;257.96;257.96;0;0
RGBITR;D;20101029;000000;258;258;258;258;0;0
RGBITR;D;20101101;000000;257.98;257.98;257.98;257.98;0;0
RGBITR;D;20101102;000000;257.85;257.85;257.85;257.85;0;0
RGBITR;D;20101103;000000;258.03;258.03;258.03;258.03;0;0
RGBITR;D;20101108;000000;258.28;258.28;258.28;258.28;0;0
RGBITR;D;20101109;000000;258.34;258.34;258.34;258.34;0;0
RGBITR;D;20101110;000000;258.31;258.31;258.31;258.31;0;0
RGBITR;D;20101111;000000;258.37;258.37;258.37;258.37;0;0
RGBITR;D;20101112;000000;258.22;258.22;258.22;258.22;0;0
RGBITR;D;20101113;000000;257.8;257.8;257.8;257.8;0;0
RGBITR;D;20101115;000000;258.16;258.16;258.16;258.16;0;0
RGBITR;D;20101116;000000;257.41;257.41;257.41;257.41;0;0
RGBITR;D;20101117;000000;257.53;257.53;257.53;257.53;0;0
RGBITR;D;20101118;000000;257.62;257.62;257.62;257.62;0;0
RGBITR;D;20101119;000000;257.63;257.63;257.63;257.63;0;0
RGBITR;D;20101122;000000;257.69;257.69;257.69;257.69;0;0
RGBITR;D;20101123;000000;257.61;257.61;257.61;257.61;0;0
RGBITR;D;20101124;000000;257.34;257.34;257.34;257.34;0;0
RGBITR;D;20101125;000000;257.77;257.77;257.77;257.77;0;0
RGBITR;D;20101126;000000;257.6;257.6;257.6;257.6;0;0
RGBITR;D;20101129;000000;257.18;257.18;257.18;257.18;0;0
RGBITR;D;20101130;000000;256.97;256.97;256.97;256.97;0;0
RGBITR;D;20101201;000000;257.02;257.02;257.02;257.02;0;0
RGBITR;D;20101202;000000;257.43;257.43;257.43;257.43;0;0
RGBITR;D;20101203;000000;257.77;257.77;257.77;257.77;0;0
RGBITR;D;20101206;000000;258.13;258.13;258.13;258.13;0;0
RGBITR;D;20101207;000000;258.25;258.25;258.25;258.25;0;0
RGBITR;D;20101208;000000;258.07;258.07;258.07;258.07;0;0
RGBITR;D;20101209;000000;257.97;257.97;257.97;257.97;0;0
RGBITR;D;20101210;000000;257.81;257.81;257.81;257.81;0;0
RGBITR;D;20101213;000000;256.1;256.1;256.1;256.1;0;0
RGBITR;D;20101214;000000;256.12;256.12;256.12;256.12;0;0
RGBITR;D;20101215;000000;256.47;256.47;256.47;256.47;0;0
RGBITR;D;20101216;000000;256.74;256.74;256.74;256.74;0;0
RGBITR;D;20101217;000000;257.03;257.03;257.03;257.03;0;0
RGBITR;D;20101220;000000;257.48;257.48;257.48;257.48;0;0
RGBITR;D;20101221;000000;257.52;257.52;257.52;257.52;0;0
RGBITR;D;20101222;000000;257.36;257.36;257.36;257.36;0;0
RGBITR;D;20101223;000000;257.16;257.16;257.16;257.16;0;0
RGBITR;D;20101224;000000;257.15;257.15;257.15;257.15;0;0
RGBITR;D;20101227;000000;257.59;257.59;257.59;257.59;0;0
RGBITR;D;20101228;000000;257.92;257.92;257.92;257.92;0;0
RGBITR;D;20101229;000000;258.09;258.09;258.09;258.09;0;0
RGBITR;D;20101230;000000;257.84;257.84;257.84;257.84;0;0
RGBITR;D;20101231;000000;257.84;257.84;257.84;257.84;0;0
RGBITR;D;20110111;000000;258.2;258.2;258.2;258.2;0;0
RGBITR;D;20110112;000000;258.43;258.43;258.43;258.43;0;0
RGBITR;D;20110113;000000;258.73;258.73;258.73;258.73;0;0
RGBITR;D;20110114;000000;258.68;258.68;258.68;258.68;0;0
RGBITR;D;20110117;000000;258.92;258.92;258.92;258.92;0;0
RGBITR;D;20110118;000000;258.97;258.97;258.97;258.97;0;0
RGBITR;D;20110119;000000;259.15;259.15;259.15;259.15;0;0
RGBITR;D;20110120;000000;258.94;258.94;258.94;258.94;0;0
RGBITR;D;20110121;000000;259.09;259.09;259.09;259.09;0;0
RGBITR;D;20110124;000000;258.97;258.97;258.97;258.97;0;0
RGBITR;D;20110125;000000;259.04;259.04;259.04;259.04;0;0
RGBITR;D;20110126;000000;258.62;258.62;258.62;258.62;0;0
RGBITR;D;20110127;000000;258.41;258.41;258.41;258.41;0;0
RGBITR;D;20110128;000000;258.56;258.56;258.56;258.56;0;0
RGBITR;D;20110131;000000;259.09;259.09;259.09;259.09;0;0
RGBITR;D;20110201;000000;259.25;259.25;259.25;259.25;0;0
RGBITR;D;20110202;000000;259.08;259.08;259.08;259.08;0;0
RGBITR;D;20110203;000000;259.38;259.38;259.38;259.38;0;0
RGBITR;D;20110204;000000;259.58;259.58;259.58;259.58;0;0
RGBITR;D;20110207;000000;259.71;259.71;259.71;259.71;0;0
RGBITR;D;20110208;000000;259.71;259.71;259.71;259.71;0;0
RGBITR;D;20110209;000000;260.02;260.02;260.02;260.02;0;0
RGBITR;D;20110210;000000;260.22;260.22;260.22;260.22;0;0
RGBITR;D;20110211;000000;260.32;260.32;260.32;260.32;0;0
RGBITR;D;20110214;000000;260.43;260.43;260.43;260.43;0;0
RGBITR;D;20110215;000000;260.7;260.7;260.7;260.7;0;0
RGBITR;D;20110216;000000;260.82;260.82;260.82;260.82;0;0
RGBITR;D;20110217;000000;261.01;261.01;261.01;261.01;0;0
RGBITR;D;20110218;000000;260.89;260.89;260.89;260.89;0;0
RGBITR;D;20110221;000000;261.13;261.13;261.13;261.13;0;0
RGBITR;D;20110222;000000;260.97;260.97;260.97;260.97;0;0
RGBITR;D;20110224;000000;260.03;260.03;260.03;260.03;0;0
RGBITR;D;20110225;000000;260.01;260.01;260.01;260.01;0;0
RGBITR;D;20110228;000000;260.06;260.06;260.06;260.06;0;0
RGBITR;D;20110301;000000;260.46;260.46;260.46;260.46;0;0
RGBITR;D;20110302;000000;260.67;260.67;260.67;260.67;0;0
RGBITR;D;20110303;000000;261.1;261.1;261.1;261.1;0;0
RGBITR;D;20110304;000000;261;261;261;261;0;0
RGBITR;D;20110309;000000;261.24;261.24;261.24;261.24;0;0
RGBITR;D;20110310;000000;261.23;261.23;261.23;261.23;0;0
RGBITR;D;20110311;000000;261.18;261.18;261.18;261.18;0;0
RGBITR;D;20110314;000000;261.41;261.41;261.41;261.41;0;0
RGBITR;D;20110315;000000;261.58;261.58;261.58;261.58;0;0
RGBITR;D;20110316;000000;261.63;261.63;261.63;261.63;0;0
RGBITR;D;20110317;000000;262.04;262.04;262.04;262.04;0;0
RGBITR;D;20110318;000000;262.42;262.42;262.42;262.42;0;0
RGBITR;D;20110321;000000;262.69;262.69;262.69;262.69;0;0
RGBITR;D;20110322;000000;262.91;262.91;262.91;262.91;0;0
RGBITR;D;20110323;000000;262.85;262.85;262.85;262.85;0;0
RGBITR;D;20110324;000000;262.9;262.9;262.9;262.9;0;0
RGBITR;D;20110325;000000;263.09;263.09;263.09;263.09;0;0
RGBITR;D;20110328;000000;263.43;263.43;263.43;263.43;0;0
RGBITR;D;20110329;000000;263.48;263.48;263.48;263.48;0;0
RGBITR;D;20110330;000000;263.67;263.67;263.67;263.67;0;0
RGBITR;D;20110331;000000;263.98;263.98;263.98;263.98;0;0
RGBITR;D;20110401;000000;264.44;264.44;264.44;264.44;0;0
RGBITR;D;20110404;000000;265.11;265.11;265.11;265.11;0;0
RGBITR;D;20110405;000000;265.29;265.29;265.29;265.29;0;0
RGBITR;D;20110406;000000;265.52;265.52;265.52;265.52;0;0
RGBITR;D;20110407;000000;265.84;265.84;265.84;265.84;0;0
RGBITR;D;20110408;000000;265.89;265.89;265.89;265.89;0;0
RGBITR;D;20110411;000000;266.04;266.04;266.04;266.04;0;0
RGBITR;D;20110412;000000;265.9;265.9;265.9;265.9;0;0
RGBITR;D;20110413;000000;265.61;265.61;265.61;265.61;0;0
RGBITR;D;20110414;000000;265.34;265.34;265.34;265.34;0;0
RGBITR;D;20110415;000000;265.6;265.6;265.6;265.6;0;0
RGBITR;D;20110418;000000;265.59;265.59;265.59;265.59;0;0
RGBITR;D;20110419;000000;265.14;265.14;265.14;265.14;0;0
RGBITR;D;20110420;000000;265.62;265.62;265.62;265.62;0;0
RGBITR;D;20110421;000000;265.53;265.53;265.53;265.53;0;0
RGBITR;D;20110422;000000;265.62;265.62;265.62;265.62;0;0
RGBITR;D;20110425;000000;265.89;265.89;265.89;265.89;0;0
RGBITR;D;20110426;000000;265.89;265.89;265.89;265.89;0;0
RGBITR;D;20110427;000000;265.74;265.74;265.74;265.74;0;0
RGBITR;D;20110428;000000;266.02;266.02;266.02;266.02;0;0
RGBITR;D;20110429;000000;265.81;265.81;265.81;265.81;0;0
RGBITR;D;20110503;000000;265.72;265.72;265.72;265.72;0;0
RGBITR;D;20110504;000000;265.73;265.73;265.73;265.73;0;0
RGBITR;D;20110505;000000;265.4;265.4;265.4;265.4;0;0
RGBITR;D;20110506;000000;265.31;265.31;265.31;265.31;0;0
RGBITR;D;20110510;000000;265.47;265.47;265.47;265.47;0;0
RGBITR;D;20110511;000000;265.64;265.64;265.64;265.64;0;0
RGBITR;D;20110512;000000;265.5;265.5;265.5;265.5;0;0
RGBITR;D;20110513;000000;265.43;265.43;265.43;265.43;0;0
RGBITR;D;20110516;000000;265.49;265.49;265.49;265.49;0;0
RGBITR;D;20110517;000000;265.36;265.36;265.36;265.36;0;0
RGBITR;D;20110518;000000;265.52;265.52;265.52;265.52;0;0
RGBITR;D;20110519;000000;265.75;265.75;265.75;265.75;0;0
RGBITR;D;20110520;000000;265.84;265.84;265.84;265.84;0;0
RGBITR;D;20110523;000000;265.84;265.84;265.84;265.84;0;0
RGBITR;D;20110524;000000;265.91;265.91;265.91;265.91;0;0
RGBITR;D;20110525;000000;265.82;265.82;265.82;265.82;0;0
RGBITR;D;20110526;000000;266.05;266.05;266.05;266.05;0;0
RGBITR;D;20110527;000000;266.06;266.06;266.06;266.06;0;0
RGBITR;D;20110530;000000;265.98;265.98;265.98;265.98;0;0
RGBITR;D;20110531;000000;266.06;266.06;266.06;266.06;0;0
RGBITR;D;20110601;000000;266.42;266.42;266.42;266.42;0;0
RGBITR;D;20110602;000000;266.29;266.29;266.29;266.29;0;0
RGBITR;D;20110603;000000;266.58;266.58;266.58;266.58;0;0
RGBITR;D;20110606;000000;266.78;266.78;266.78;266.78;0;0
RGBITR;D;20110607;000000;267;267;267;267;0;0
RGBITR;D;20110608;000000;266.92;266.92;266.92;266.92;0;0
RGBITR;D;20110609;000000;267.27;267.27;267.27;267.27;0;0
RGBITR;D;20110610;000000;267.4;267.4;267.4;267.4;0;0
RGBITR;D;20110614;000000;267.75;267.75;267.75;267.75;0;0
RGBITR;D;20110615;000000;267.65;267.65;267.65;267.65;0;0
RGBITR;D;20110616;000000;267.38;267.38;267.38;267.38;0;0
RGBITR;D;20110617;000000;267.41;267.41;267.41;267.41;0;0
RGBITR;D;20110620;000000;267.39;267.39;267.39;267.39;0;0
RGBITR;D;20110621;000000;267.59;267.59;267.59;267.59;0;0
RGBITR;D;20110622;000000;267.69;267.69;267.69;267.69;0;0
RGBITR;D;20110623;000000;267.58;267.58;267.58;267.58;0;0
RGBITR;D;20110624;000000;267.66;267.66;267.66;267.66;0;0
RGBITR;D;20110627;000000;267.67;267.67;267.67;267.67;0;0
RGBITR;D;20110628;000000;268.05;268.05;268.05;268.05;0;0
RGBITR;D;20110629;000000;268.32;268.32;268.32;268.32;0;0
RGBITR;D;20110630;000000;268.61;268.61;268.61;268.61;0;0
RGBITR;D;20110701;000000;269.25;269.25;269.25;269.25;0;0
RGBITR;D;20110704;000000;269.57;269.57;269.57;269.57;0;0
RGBITR;D;20110705;000000;269.66;269.66;269.66;269.66;0;0
RGBITR;D;20110706;000000;270.14;270.14;270.14;270.14;0;0
RGBITR;D;20110707;000000;270.67;270.67;270.67;270.67;0;0
RGBITR;D;20110708;000000;271.3;271.3;271.3;271.3;0;0
RGBITR;D;20110711;000000;270.63;270.63;270.63;270.63;0;0
RGBITR;D;20110712;000000;270.36;270.36;270.36;270.36;0;0
RGBITR;D;20110713;000000;270.75;270.75;270.75;270.75;0;0
RGBITR;D;20110714;000000;271.02;271.02;271.02;271.02;0;0
RGBITR;D;20110715;000000;271.16;271.16;271.16;271.16;0;0
RGBITR;D;20110718;000000;271.35;271.35;271.35;271.35;0;0
RGBITR;D;20110719;000000;271.46;271.46;271.46;271.46;0;0
RGBITR;D;20110720;000000;271.58;271.58;271.58;271.58;0;0
RGBITR;D;20110721;000000;271.54;271.54;271.54;271.54;0;0
RGBITR;D;20110722;000000;271.76;271.76;271.76;271.76;0;0
RGBITR;D;20110725;000000;272.08;272.08;272.08;272.08;0;0
RGBITR;D;20110726;000000;272.2;272.2;272.2;272.2;0;0
RGBITR;D;20110727;000000;272.21;272.21;272.21;272.21;0;0
RGBITR;D;20110728;000000;272.14;272.14;272.14;272.14;0;0
RGBITR;D;20110729;000000;272.41;272.41;272.41;272.41;0;0
RGBITR;D;20110801;000000;273.08;273.08;273.08;273.08;0;0
RGBITR;D;20110802;000000;273.48;273.48;273.48;273.48;0;0
RGBITR;D;20110803;000000;273.59;273.59;273.59;273.59;0;0
RGBITR;D;20110804;000000;272.92;272.92;272.92;272.92;0;0
RGBITR;D;20110805;000000;271.63;271.63;271.63;271.63;0;0
RGBITR;D;20110808;000000;271.43;271.43;271.43;271.43;0;0
RGBITR;D;20110809;000000;268.3;268.3;268.3;268.3;0;0
RGBITR;D;20110810;000000;270.1;270.1;270.1;270.1;0;0
RGBITR;D;20110811;000000;268.91;268.91;268.91;268.91;0;0
RGBITR;D;20110812;000000;269.47;269.47;269.47;269.47;0;0
RGBITR;D;20110815;000000;270.32;270.32;270.32;270.32;0;0
RGBITR;D;20110816;000000;270.21;270.21;270.21;270.21;0;0
RGBITR;D;20110817;000000;270.79;270.79;270.79;270.79;0;0
RGBITR;D;20110818;000000;270.65;270.65;270.65;270.65;0;0
RGBITR;D;20110819;000000;269.78;269.78;269.78;269.78;0;0
RGBITR;D;20110822;000000;270.25;270.25;270.25;270.25;0;0
RGBITR;D;20110823;000000;270.6;270.6;270.6;270.6;0;0
RGBITR;D;20110824;000000;270.33;270.33;270.33;270.33;0;0
RGBITR;D;20110825;000000;270.06;270.06;270.06;270.06;0;0
RGBITR;D;20110826;000000;270.02;270.02;270.02;270.02;0;0
RGBITR;D;20110829;000000;270.7;270.7;270.7;270.7;0;0
RGBITR;D;20110830;000000;271.15;271.15;271.15;271.15;0;0
RGBITR;D;20110831;000000;271.27;271.27;271.27;271.27;0;0
RGBITR;D;20110901;000000;271.09;271.09;271.09;271.09;0;0
RGBITR;D;20110902;000000;271.34;271.34;271.34;271.34;0;0
RGBITR;D;20110905;000000;270.76;270.76;270.76;270.76;0;0
RGBITR;D;20110906;000000;270.91;270.91;270.91;270.91;0;0
RGBITR;D;20110907;000000;271.05;271.05;271.05;271.05;0;0
RGBITR;D;20110908;000000;271.36;271.36;271.36;271.36;0;0
RGBITR;D;20110909;000000;271.25;271.25;271.25;271.25;0;0
RGBITR;D;20110912;000000;271.35;271.35;271.35;271.35;0;0
RGBITR;D;20110913;000000;271.17;271.17;271.17;271.17;0;0
RGBITR;D;20110914;000000;270.9;270.9;270.9;270.9;0;0
RGBITR;D;20110915;000000;269.87;269.87;269.87;269.87;0;0
RGBITR;D;20110916;000000;269.8;269.8;269.8;269.8;0;0
RGBITR;D;20110919;000000;268.73;268.73;268.73;268.73;0;0
RGBITR;D;20110920;000000;267.81;267.81;267.81;267.81;0;0
RGBITR;D;20110921;000000;268.25;268.25;268.25;268.25;0;0
RGBITR;D;20110922;000000;266.62;266.62;266.62;266.62;0;0
RGBITR;D;20110923;000000;263.95;263.95;263.95;263.95;0;0
RGBITR;D;20110926;000000;261.98;261.98;261.98;261.98;0;0
RGBITR;D;20110927;000000;263.05;263.05;263.05;263.05;0;0
RGBITR;D;20110928;000000;265.87;265.87;265.87;265.87;0;0
RGBITR;D;20110929;000000;266.08;266.08;266.08;266.08;0;0
RGBITR;D;20110930;000000;266.94;266.94;266.94;266.94;0;0
RGBITR;D;20111003;000000;264.95;264.95;264.95;264.95;0;0
RGBITR;D;20111004;000000;263.15;263.15;263.15;263.15;0;0
RGBITR;D;20111005;000000;263.03;263.03;263.03;263.03;0;0
RGBITR;D;20111006;000000;264.72;264.72;264.72;264.72;0;0
RGBITR;D;20111007;000000;265.78;265.78;265.78;265.78;0;0
RGBITR;D;20111010;000000;266.69;266.69;266.69;266.69;0;0
RGBITR;D;20111011;000000;267.08;267.08;267.08;267.08;0;0
RGBITR;D;20111012;000000;267.49;267.49;267.49;267.49;0;0
RGBITR;D;20111013;000000;267;267;267;267;0;0
RGBITR;D;20111014;000000;267.05;267.05;267.05;267.05;0;0
RGBITR;D;20111017;000000;267.51;267.51;267.51;267.51;0;0
RGBITR;D;20111018;000000;266.66;266.66;266.66;266.66;0;0
RGBITR;D;20111019;000000;267.1;267.1;267.1;267.1;0;0
RGBITR;D;20111020;000000;266.91;266.91;266.91;266.91;0;0
RGBITR;D;20111021;000000;267.04;267.04;267.04;267.04;0;0
RGBITR;D;20111024;000000;267.64;267.64;267.64;267.64;0;0
RGBITR;D;20111025;000000;268.21;268.21;268.21;268.21;0;0
RGBITR;D;20111026;000000;268.58;268.58;268.58;268.58;0;0
RGBITR;D;20111027;000000;270.57;270.57;270.57;270.57;0;0
RGBITR;D;20111028;000000;271.32;271.32;271.32;271.32;0;0
RGBITR;D;20111031;000000;270.38;270.38;270.38;270.38;0;0
RGBITR;D;20111101;000000;269.11;269.11;269.11;269.11;0;0
RGBITR;D;20111102;000000;269.31;269.31;269.31;269.31;0;0
RGBITR;D;20111103;000000;269.63;269.63;269.63;269.63;0;0
RGBITR;D;20111107;000000;270.08;270.08;270.08;270.08;0;0
RGBITR;D;20111108;000000;270.29;270.29;270.29;270.29;0;0
RGBITR;D;20111109;000000;270.48;270.48;270.48;270.48;0;0
RGBITR;D;20111110;000000;269.72;269.72;269.72;269.72;0;0
RGBITR;D;20111111;000000;269.94;269.94;269.94;269.94;0;0
RGBITR;D;20111114;000000;270.35;270.35;270.35;270.35;0;0
RGBITR;D;20111115;000000;269.74;269.74;269.74;269.74;0;0
RGBITR;D;20111116;000000;269.75;269.75;269.75;269.75;0;0
RGBITR;D;20111117;000000;269.49;269.49;269.49;269.49;0;0
RGBITR;D;20111118;000000;269.36;269.36;269.36;269.36;0;0
RGBITR;D;20111121;000000;269.19;269.19;269.19;269.19;0;0
RGBITR;D;20111122;000000;269.19;269.19;269.19;269.19;0;0
RGBITR;D;20111123;000000;268.9;268.9;268.9;268.9;0;0
RGBITR;D;20111124;000000;268.99;268.99;268.99;268.99;0;0
RGBITR;D;20111125;000000;268.84;268.84;268.84;268.84;0;0
RGBITR;D;20111128;000000;269.33;269.33;269.33;269.33;0;0
RGBITR;D;20111129;000000;269.67;269.67;269.67;269.67;0;0
RGBITR;D;20111130;000000;270.39;270.39;270.39;270.39;0;0
RGBITR;D;20111201;000000;271.33;271.33;271.33;271.33;0;0
RGBITR;D;20111202;000000;271.83;271.83;271.83;271.83;0;0
RGBITR;D;20111205;000000;272.2;272.2;272.2;272.2;0;0
RGBITR;D;20111206;000000;272.43;272.43;272.43;272.43;0;0
RGBITR;D;20111207;000000;272.65;272.65;272.65;272.65;0;0
RGBITR;D;20111208;000000;272.41;272.41;272.41;272.41;0;0
RGBITR;D;20111209;000000;272.05;272.05;272.05;272.05;0;0
RGBITR;D;20111212;000000;271.84;271.84;271.84;271.84;0;0
RGBITR;D;20111213;000000;271.62;271.62;271.62;271.62;0;0
RGBITR;D;20111214;000000;271.5;271.5;271.5;271.5;0;0
RGBITR;D;20111215;000000;271.53;271.53;271.53;271.53;0;0
RGBITR;D;20111216;000000;271.55;271.55;271.55;271.55;0;0
RGBITR;D;20111219;000000;271.53;271.53;271.53;271.53;0;0
RGBITR;D;20111220;000000;271.87;271.87;271.87;271.87;0;0
RGBITR;D;20111221;000000;271.62;271.62;271.62;271.62;0;0
RGBITR;D;20111222;000000;271.78;271.78;271.78;271.78;0;0
RGBITR;D;20111223;000000;271.96;271.96;271.96;271.96;0;0
RGBITR;D;20111226;000000;272.32;272.32;272.32;272.32;0;0
RGBITR;D;20111227;000000;272.31;272.31;272.31;272.31;0;0
RGBITR;D;20111228;000000;272.52;272.52;272.52;272.52;0;0
RGBITR;D;20111229;000000;272.58;272.58;272.58;272.58;0;0
RGBITR;D;20111230;000000;272.78;272.78;272.78;272.78;0;0
RGBITR;D;20120103;000000;272.96;272.96;272.96;272.96;0;0
RGBITR;D;20120104;000000;273.04;273.04;273.04;273.04;0;0
RGBITR;D;20120105;000000;273.11;273.11;273.11;273.11;0;0
RGBITR;D;20120106;000000;273.21;273.21;273.21;273.21;0;0
RGBITR;D;20120109;000000;273.44;273.44;273.44;273.44;0;0
RGBITR;D;20120110;000000;273.64;273.64;273.64;273.64;0;0
RGBITR;D;20120111;000000;273.9;273.9;273.9;273.9;0;0
RGBITR;D;20120112;000000;274.51;274.51;274.51;274.51;0;0
RGBITR;D;20120113;000000;274.48;274.48;274.48;274.48;0;0
RGBITR;D;20120116;000000;274.63;274.63;274.63;274.63;0;0
RGBITR;D;20120117;000000;275.13;275.13;275.13;275.13;0;0
RGBITR;D;20120118;000000;275.24;275.24;275.24;275.24;0;0
RGBITR;D;20120119;000000;275.34;275.34;275.34;275.34;0;0
RGBITR;D;20120120;000000;275.62;275.62;275.62;275.62;0;0
RGBITR;D;20120123;000000;275.64;275.64;275.64;275.64;0;0
RGBITR;D;20120124;000000;275.41;275.41;275.41;275.41;0;0
RGBITR;D;20120125;000000;275.81;275.81;275.81;275.81;0;0
RGBITR;D;20120126;000000;276.26;276.26;276.26;276.26;0;0
RGBITR;D;20120127;000000;276.99;276.99;276.99;276.99;0;0
RGBITR;D;20120130;000000;277.05;277.05;277.05;277.05;0;0
RGBITR;D;20120131;000000;277.67;277.67;277.67;277.67;0;0
RGBITR;D;20120201;000000;278.15;278.15;278.15;278.15;0;0
RGBITR;D;20120202;000000;278.95;278.95;278.95;278.95;0;0
RGBITR;D;20120203;000000;279.79;279.79;279.79;279.79;0;0
RGBITR;D;20120206;000000;280.42;280.42;280.42;280.42;0;0
RGBITR;D;20120207;000000;280.87;280.87;280.87;280.87;0;0
RGBITR;D;20120208;000000;281.21;281.21;281.21;281.21;0;0
RGBITR;D;20120209;000000;280.58;280.58;280.58;280.58;0;0
RGBITR;D;20120210;000000;280.13;280.13;280.13;280.13;0;0
RGBITR;D;20120213;000000;280.5;280.5;280.5;280.5;0;0
RGBITR;D;20120214;000000;280.62;280.62;280.62;280.62;0;0
RGBITR;D;20120215;000000;280.87;280.87;280.87;280.87;0;0
RGBITR;D;20120216;000000;280.94;280.94;280.94;280.94;0;0
RGBITR;D;20120217;000000;281.05;281.05;281.05;281.05;0;0
RGBITR;D;20120220;000000;280.68;280.68;280.68;280.68;0;0
RGBITR;D;20120221;000000;281.05;281.05;281.05;281.05;0;0
RGBITR;D;20120222;000000;280.92;280.92;280.92;280.92;0;0
RGBITR;D;20120224;000000;281.18;281.18;281.18;281.18;0;0
RGBITR;D;20120227;000000;281.62;281.62;281.62;281.62;0;0
RGBITR;D;20120228;000000;281.46;281.46;281.46;281.46;0;0
RGBITR;D;20120229;000000;281.9;281.9;281.9;281.9;0;0
RGBITR;D;20120301;000000;281.91;281.91;281.91;281.91;0;0
RGBITR;D;20120302;000000;281.91;281.91;281.91;281.91;0;0
RGBITR;D;20120305;000000;282.18;282.31;282.06;282.09;1213700576;0
RGBITR;D;20120306;000000;282.12;282.16;281.92;281.92;2662382469;0
RGBITR;D;20120307;000000;281.95;281.98;281.69;281.69;212396913;0
RGBITR;D;20120311;000000;281.76;282.05;281.76;282.05;81536797;0
RGBITR;D;20120312;000000;282.2;282.35;282.06;282.33;2108034264;0
RGBITR;D;20120313;000000;282.56;282.78;282.39;282.78;5660111646;0
RGBITR;D;20120314;000000;282.76;283.23;282.76;283.23;1897507655;0
RGBITR;D;20120315;000000;282.96;283.36;282.46;283.25;1087120890;0
RGBITR;D;20120316;000000;283.51;283.53;283.22;283.48;1633968283;0
RGBITR;D;20120319;000000;283.53;283.53;282.69;283.23;560998177;0
RGBITR;D;20120320;000000;283.7;284.03;283.13;283.15;1592134142;0
RGBITR;D;20120321;000000;283.27;283.8;283.09;283.1;3016625022;0
RGBITR;D;20120322;000000;283.29;283.63;283.01;283.01;4937288484;0
RGBITR;D;20120323;000000;283.12;283.2;282.97;283;866670247;0
RGBITR;D;20120326;000000;283.24;283.31;283.12;283.31;1001816106;0
RGBITR;D;20120327;000000;283.48;283.5;283.35;283.41;2123447685;0
RGBITR;D;20120328;000000;283.82;283.82;283.16;283.55;1765963975;0
RGBITR;D;20120329;000000;283.85;283.86;283.51;283.81;937966737;0
RGBITR;D;20120330;000000;283.89;284.67;283.77;283.77;1102121395;0
RGBITR;D;20120402;000000;283.94;284.03;283.66;284.03;1112847811;0
RGBITR;D;20120403;000000;284.25;284.31;283.98;284.09;1132300974;0
RGBITR;D;20120404;000000;283.91;287.11;283.69;283.81;1585009421;0
RGBITR;D;20120405;000000;283.96;284.12;283.85;283.85;6584582407;0
RGBITR;D;20120406;000000;283.67;283.91;283.67;283.69;4198913121;0
RGBITR;D;20120409;000000;283.66;283.7;283.37;283.37;1223254104;0
RGBITR;D;20120410;000000;283.44;283.44;282.97;282.97;3138807490;0
RGBITR;D;20120411;000000;283.19;283.19;282.74;282.89;1199166743;0
RGBITR;D;20120412;000000;283.21;283.42;283.02;283.02;1413260177;0
RGBITR;D;20120413;000000;282.91;283.14;282.91;282.96;1313699838;0
RGBITR;D;20120416;000000;283.24;283.5;283;283;581995471;0
RGBITR;D;20120417;000000;283.09;283.36;283.09;283.36;591496110;0
RGBITR;D;20120418;000000;283.36;283.77;283.36;283.75;730845096;0
RGBITR;D;20120419;000000;283.68;283.68;283.53;283.55;587600844;0
RGBITR;D;20120420;000000;283.57;283.97;283.44;283.97;1794635221;0
RGBITR;D;20120423;000000;283.57;284.19;283.57;283.86;1071335025;0
RGBITR;D;20120424;000000;283.92;283.92;283.56;283.64;1674084855;0
RGBITR;D;20120425;000000;283.75;284.01;283.74;283.9;602088221;0
RGBITR;D;20120426;000000;283.95;284.14;283.94;284.09;1488460119;0
RGBITR;D;20120427;000000;284.17;284.28;283.98;284.07;800940275;0
RGBITR;D;20120428;000000;284.37;284.7;284.37;284.45;884265976;0
RGBITR;D;20120502;000000;284.6;284.6;284.42;284.55;270367826;0
RGBITR;D;20120503;000000;284.66;284.72;284.52;284.69;1110796652;0
RGBITR;D;20120504;000000;284.78;284.86;284.65;284.65;989904658;0
RGBITR;D;20120505;000000;284.72;284.72;284.27;284.27;274934025;0
RGBITR;D;20120507;000000;284.56;284.56;284.56;284.56;1007;0
RGBITR;D;20120508;000000;284.56;284.56;284.56;284.56;1007;0
RGBITR;D;20120510;000000;284.53;284.53;284.21;284.21;324853353;0
RGBITR;D;20120511;000000;284.48;284.48;283.83;283.89;711997161;0
RGBITR;D;20120512;000000;284.23;284.58;284.16;284.2;59513403;0
RGBITR;D;20120514;000000;284.24;284.24;282.88;282.88;1243333015;0
RGBITR;D;20120515;000000;283.4;283.53;282.68;282.68;1159100258;0
RGBITR;D;20120516;000000;283.3;283.3;281.31;281.33;1362506343;0
RGBITR;D;20120517;000000;281.28;282.21;280.27;280.27;1581343458;0
RGBITR;D;20120518;000000;281.37;281.79;279.5;279.65;1214778399;0
RGBITR;D;20120521;000000;279.85;280.41;279.85;280.18;1538628620;0
RGBITR;D;20120522;000000;280.44;280.84;280.1;280.84;1333920739;0
RGBITR;D;20120523;000000;281.82;282.04;279.67;279.67;2234208137;0
RGBITR;D;20120524;000000;279.75;279.85;279.06;279.25;2251396914;0
RGBITR;D;20120525;000000;279.34;279.7;279.34;279.53;1393979473;0
RGBITR;D;20120528;000000;280.98;280.98;279.51;279.71;770561167;0
RGBITR;D;20120529;000000;280.22;280.23;279.77;279.91;1295186443;0
RGBITR;D;20120530;000000;280.21;280.63;279.79;279.79;1285150971;0
RGBITR;D;20120531;000000;280.23;280.42;278.87;279.01;1822327007;0
RGBITR;D;20120601;000000;278.8;278.8;277.24;277.29;3004183470;0
RGBITR;D;20120604;000000;278.01;278.34;277.94;278.29;1107627107;0
RGBITR;D;20120605;000000;278.76;279.5;278.44;278.71;2364634562;0
RGBITR;D;20120606;000000;278.48;280.42;278.48;280.38;1994656970;0
RGBITR;D;20120607;000000;279.92;281.26;279.24;281.26;4070662228;0
RGBITR;D;20120608;000000;280.53;281.52;280.27;280.32;1281938641;0
RGBITR;D;20120609;000000;280.78;280.97;280.78;280.96;23060305;0
RGBITR;D;20120613;000000;281.05;281.43;280.38;280.38;704475228;0
RGBITR;D;20120614;000000;280.35;280.91;280.24;280.24;693602311;0
RGBITR;D;20120615;000000;280.23;281.31;280.23;281.24;1217832331;0
RGBITR;D;20120618;000000;281.49;282.39;281.42;281.43;1597772121;0
RGBITR;D;20120619;000000;281.33;281.39;281.03;281.06;1527815058;0
RGBITR;D;20120620;000000;281.39;281.76;280.93;280.97;1687636714;0
RGBITR;D;20120621;000000;281.26;281.41;280.44;280.66;1519042628;0
RGBITR;D;20120622;000000;280.68;281.09;280.62;280.62;968888278;0
RGBITR;D;20120625;000000;281.07;281.24;280.71;280.75;1875307746;0
RGBITR;D;20120626;000000;281.04;281.04;280.57;280.64;972660308;0
RGBITR;D;20120627;000000;280.75;281;280.7;280.91;1240447500;0
RGBITR;D;20120628;000000;281.23;281.23;280.5;280.81;1114146183;0
RGBITR;D;20120629;000000;280.93;281.92;280.93;281.92;3368280420;0
RGBITR;D;20120702;000000;281.99;283.77;281.99;283.77;3004988582;0
RGBITR;D;20120703;000000;283.88;284.71;280.18;284.71;1331423947;0
RGBITR;D;20120704;000000;284.35;285.53;283.43;285.53;1594537788;0
RGBITR;D;20120705;000000;285.24;285.6;284.72;285.52;2674059275;0
RGBITR;D;20120706;000000;284.81;285.41;284.7;285.2;2752699485;0
RGBITR;D;20120709;000000;285.28;285.66;285.17;285.36;468026170;0
RGBITR;D;20120710;000000;284.92;285.43;284.84;285.42;1135776280;0
RGBITR;D;20120711;000000;285.34;285.53;285.24;285.53;557148383;0
RGBITR;D;20120712;000000;285.52;286.27;285.18;286.25;1688991969;0
RGBITR;D;20120713;000000;286.05;287.27;285;287.27;3113382576;0
RGBITR;D;20120716;000000;287.46;288.97;285.26;288.97;1541929130;0
RGBITR;D;20120717;000000;288.92;289.78;287.84;289.78;7880122440;0
RGBITR;D;20120718;000000;289.48;290.04;289.05;289.99;2415243166;0
RGBITR;D;20120719;000000;290.05;290.38;289.44;289.44;3502099639;0
RGBITR;D;20120720;000000;290.21;290.21;288.18;289.06;5084531960;0
RGBITR;D;20120723;000000;289.27;289.35;287.22;287.22;2912890472;0
RGBITR;D;20120724;000000;287.49;287.9;287.19;287.29;1621295585;0
RGBITR;D;20120725;000000;287.31;287.31;286.38;287.04;1200947530;0
RGBITR;D;20120726;000000;287.41;288.04;286.7;288.04;1808854984;0
RGBITR;D;20120727;000000;288.48;288.74;288.03;288.74;1707916898;0
RGBITR;D;20120730;000000;289.19;289.31;288.84;289.26;1253624536;0
RGBITR;D;20120731;000000;289.17;289.47;289.02;289.34;1069863120;0
RGBITR;D;20120801;000000;289.45;289.75;289.18;289.74;3848353701;0
RGBITR;D;20120802;000000;289.82;289.82;289.51;289.64;2391737477;0
RGBITR;D;20120803;000000;289.57;289.88;289.57;289.88;2809760688;0
RGBITR;D;20120806;000000;290.01;290.84;289.61;290.84;3321497329;0
RGBITR;D;20120807;000000;290.92;291.42;290.66;291.33;2770585194;0
RGBITR;D;20120808;000000;291.37;291.37;290.72;291.16;6590897300;0
RGBITR;D;20120809;000000;291.24;291.38;291.1;291.1;2682044795;0
RGBITR;D;20120810;000000;291.18;291.27;290.47;290.55;970844334;0
RGBITR;D;20120813;000000;290.64;290.69;290.17;290.66;227290602;0
RGBITR;D;20120814;000000;290.73;291.11;290.73;291.1;1241321642;0
RGBITR;D;20120815;000000;291.33;291.35;290.78;290.78;949650582;0
RGBITR;D;20120816;000000;290.85;291;290.82;291;1305255586;0
RGBITR;D;20120817;000000;291.28;291.38;291.05;291.07;602244837;0
RGBITR;D;20120820;000000;291.18;291.21;291.12;291.15;414213810;0
RGBITR;D;20120821;000000;291.22;291.54;291.16;291.54;599110483;0
RGBITR;D;20120822;000000;291.74;291.86;291.54;291.62;1395049293;0
RGBITR;D;20120823;000000;291.56;292.09;291.51;292.06;1193502052;0
RGBITR;D;20120824;000000;292.11;292.11;291.8;291.88;883369914;0
RGBITR;D;20120827;000000;292.1;292.19;292.01;292.19;233626123;0
RGBITR;D;20120828;000000;292.23;292.23;292.01;292.12;661218283;0
RGBITR;D;20120829;000000;292.15;292.34;292.15;292.3;1062069523;0
RGBITR;D;20120830;000000;292.42;292.42;292.13;292.21;1257080436;0
RGBITR;D;20120831;000000;292.28;292.37;292.26;292.37;1051194208;0
RGBITR;D;20120903;000000;292.5;292.68;292.48;292.67;1353327895;0
RGBITR;D;20120904;000000;292.78;293.34;292.78;293.34;4063741556;0
RGBITR;D;20120905;000000;293.19;293.5;293.18;293.45;1163103963;0
RGBITR;D;20120906;000000;293.38;293.83;293.21;293.83;1994374081;0
RGBITR;D;20120907;000000;293.71;294.04;293.36;294.03;2244882994;0
RGBITR;D;20120910;000000;294.15;294.15;293.58;293.83;1349517682;0
RGBITR;D;20120911;000000;293.78;294.15;293.67;294.1;1112153168;0
RGBITR;D;20120912;000000;293.96;294.26;293.63;294.24;1550425741;0
RGBITR;D;20120913;000000;294.12;294.22;293.36;294.07;2449741020;0
RGBITR;D;20120914;000000;294.21;294.66;294.09;294.51;5708718298;0
RGBITR;D;20120917;000000;294.49;294.69;294.38;294.46;716558342;0
RGBITR;D;20120918;000000;294.58;294.58;294.25;294.26;1761574398;0
RGBITR;D;20120919;000000;294.38;294.49;294.18;294.18;1893177609;0
RGBITR;D;20120920;000000;294.36;295.04;293.95;293.98;1014149486;0
RGBITR;D;20120921;000000;294.14;294.37;293.97;294.34;3536262966;0
RGBITR;D;20120924;000000;294.59;294.78;294.24;294.26;3418588763;0
RGBITR;D;20120925;000000;294.35;294.45;294.35;294.45;1285749847;0
RGBITR;D;20120926;000000;294.52;294.64;294.26;294.45;4255706545;0
RGBITR;D;20120927;000000;294.51;294.64;294.46;294.64;2659709084;0
RGBITR;D;20120928;000000;294.8;294.9;294.59;294.9;1184413230;0
RGBITR;D;20121001;000000;294.9;295.39;294.5;295.03;1041888638;0
RGBITR;D;20121002;000000;295.12;295.12;294.92;295.01;2114634621;0
RGBITR;D;20121003;000000;294.68;296.99;294.68;295.35;839589927;0
RGBITR;D;20121004;000000;295.19;295.75;295.19;295.74;3359751378;0
RGBITR;D;20121005;000000;295.22;296.39;295.22;296.39;5691266048;0
RGBITR;D;20121008;000000;296.38;296.59;296.38;296.57;1270879440;0
RGBITR;D;20121009;000000;296.56;297.49;296.56;296.97;4518669247;0
RGBITR;D;20121010;000000;296.69;297.3;296.59;297.3;7143411097;0
RGBITR;D;20121011;000000;297.32;297.78;297.23;297.78;5225918753;0
RGBITR;D;20121012;000000;298.19;298.54;297.8;298.53;6044051268;0
RGBITR;D;20121015;000000;298.42;299.05;298.12;299.05;4379698266;0
RGBITR;D;20121016;000000;299.08;299.81;298.57;299.81;5240766220;0
RGBITR;D;20121017;000000;300.1;300.47;299.56;300.39;5715916582;0
RGBITR;D;20121018;000000;300.46;300.6;299.45;300.38;2323207831;0
RGBITR;D;20121019;000000;300.46;300.58;300.41;300.58;3856490511;0
RGBITR;D;20121022;000000;301.19;301.23;300.8;301.21;2426438102;0
RGBITR;D;20121023;000000;301.69;301.76;300.6;300.6;3974465396;0
RGBITR;D;20121024;000000;300.67;300.89;300.11;300.4;2660250764;0
RGBITR;D;20121025;000000;300.29;300.88;300.28;300.77;1074239577;0
RGBITR;D;20121026;000000;301.38;301.38;300.57;300.66;644971760;0
RGBITR;D;20121029;000000;300.9;300.9;300.69;300.72;539681341;0
RGBITR;D;20121030;000000;300.59;302.98;300.59;300.81;1363841606;0
RGBITR;D;20121031;000000;300.67;301.15;300.64;301.14;1966546623;0
RGBITR;D;20121101;000000;301.28;303.27;300.7;301.97;1978240374;0
RGBITR;D;20121102;000000;301.91;302.07;301.42;301.59;603355810;0
RGBITR;D;20121106;000000;301.73;301.96;301.66;301.96;552009305;0
RGBITR;D;20121107;000000;301.76;303.49;301.51;301.92;2901121537;0
RGBITR;D;20121108;000000;301.79;302.03;301.55;302.03;2229561846;0
RGBITR;D;20121109;000000;301.86;302.27;301.26;302.17;847428578;0
RGBITR;D;20121112;000000;302.17;303.11;301.66;302.42;962462763;0
RGBITR;D;20121113;000000;302.29;302.53;302.29;302.37;857845213;0
RGBITR;D;20121114;000000;302.44;302.45;302.34;302.37;1305416789;0
RGBITR;D;20121115;000000;302.34;302.45;302.34;302.44;1209639458;0
RGBITR;D;20121116;000000;302.49;302.61;302.38;302.59;1193017307;0
RGBITR;D;20121119;000000;302.75;305.09;302.75;303.63;3361185190;0
RGBITR;D;20121120;000000;302.26;304.3;301.83;304.17;2636936304;0
RGBITR;D;20121121;000000;303.9;306.11;303.03;305.71;1822742477;0
RGBITR;D;20121122;000000;305.54;306.75;305.24;306.58;5607223434;0
RGBITR;D;20121123;000000;306.82;306.97;305.91;306.64;1917998328;0
RGBITR;D;20121126;000000;306.81;306.9;306.71;306.71;723473762;0
RGBITR;D;20121127;000000;304.84;306.82;304.01;306.82;1556518845;0
RGBITR;D;20121128;000000;306.05;306.93;305.09;306.84;1542006624;0
RGBITR;D;20121129;000000;306.83;307.76;306.66;307.76;1005843617;0
RGBITR;D;20121130;000000;307.28;308.58;307;308.57;1587375365;0
RGBITR;D;20121203;000000;307.89;311.12;307.89;309.82;1670013803;0
RGBITR;D;20121204;000000;309.63;310.37;309.61;310.35;1294629701;0
RGBITR;D;20121205;000000;309.67;310.42;309.67;310.38;898704000;0
RGBITR;D;20121206;000000;310.4;310.41;310.05;310.05;1467504807;0
RGBITR;D;20121207;000000;310.45;310.47;310.07;310.26;1827973378;0
RGBITR;D;20121210;000000;310.54;311.34;310.45;311.34;1733039646;0
RGBITR;D;20121211;000000;311.02;311.6;310.71;311.43;1131098452;0
RGBITR;D;20121212;000000;311.89;312.67;311.78;312.62;897487990;0
RGBITR;D;20121213;000000;312.85;312.96;312.07;312.11;1079057993;0
RGBITR;D;20121214;000000;312.02;312.53;311.69;312.53;1132030236;0
RGBITR;D;20121217;000000;315.06;315.06;312.25;312.55;575285584;0
RGBITR;D;20121218;000000;312.71;312.71;311.56;312.6;1664983308;0
RGBITR;D;20121219;000000;312.75;312.75;309.87;312.28;923617543;0
RGBITR;D;20121220;000000;312.17;312.3;312.08;312.2;2617480939;0
RGBITR;D;20121221;000000;312.28;312.28;312;312.2;436895842;0
RGBITR;D;20121224;000000;312.44;312.62;312.38;312.38;1019770328;0
RGBITR;D;20121225;000000;312.34;312.34;312.01;312.23;2230794811;0
RGBITR;D;20121226;000000;312.26;312.47;312.26;312.4;921527037;0
RGBITR;D;20121227;000000;312.58;312.62;312.38;312.43;817910245;0
RGBITR;D;20121228;000000;312.29;312.73;312.29;312.73;2261144104;0
RGBITR;D;20130108;000000;313.36;313.36;312.91;312.91;7258;0
RGBITR;D;20130109;000000;312.1;314.6;311.91;314.6;1304425877;0
RGBITR;D;20130110;000000;315.01;317.48;314.99;317.48;2935642331;0
RGBITR;D;20130111;000000;317.59;317.69;315.9;316.89;2074186016;0
RGBITR;D;20130114;000000;316.85;317.17;316.85;317.16;1381385415;0
RGBITR;D;20130115;000000;317.34;317.39;316.87;316.97;1398625441;0
RGBITR;D;20130116;000000;316.7;316.7;316.18;316.18;1395362776;0
RGBITR;D;20130117;000000;316.34;316.34;314.54;315.75;1297003416;0
RGBITR;D;20130118;000000;315.84;316.57;315.74;316.55;989485213;0
RGBITR;D;20130121;000000;316.5;316.6;316.28;316.37;599866876;0
RGBITR;D;20130122;000000;316.88;316.98;316.54;316.57;880000768;0
RGBITR;D;20130123;000000;316.66;316.83;316.6;316.81;2004825814;0
RGBITR;D;20130124;000000;317.02;317.1;316.44;317.1;1752125129;0
RGBITR;D;20130125;000000;316.78;318.04;316.78;318.04;1822444765;0
RGBITR;D;20130128;000000;318.15;318.28;318.09;318.19;2907693136;0
RGBITR;D;20130129;000000;318.22;318.26;317.88;318;2005220176;0
RGBITR;D;20130130;000000;318.1;318.16;317.81;318.01;891112638;0
RGBITR;D;20130131;000000;317.68;317.68;317.25;317.4;1137365765;0
RGBITR;D;20130201;000000;317.32;317.49;316.42;317.35;1201922337;0
RGBITR;D;20130204;000000;317.57;317.64;317.29;317.29;2000647346;0
RGBITR;D;20130205;000000;317.36;317.36;316.93;316.93;2327914906;0
RGBITR;D;20130206;000000;316.84;317.79;316.83;317.49;3994244816;0
RGBITR;D;20130207;000000;317.35;318.24;316.9;317.47;3673094900;0
RGBITR;D;20130208;000000;317.59;317.94;317.37;317.87;1386998923;0
RGBITR;D;20130211;000000;317.95;318.46;317.95;318.21;1860764381;0
RGBITR;D;20130212;000000;318.07;318.11;317.99;318.04;1976960872;0
RGBITR;D;20130213;000000;318.25;318.35;318.17;318.22;2766858498;0
RGBITR;D;20130214;000000;318.19;318.56;318.12;318.12;945763102;0
RGBITR;D;20130215;000000;318.41;318.44;318.05;318.08;1198545236;0
RGBITR;D;20130218;000000;318.26;318.6;318.2;318.2;1310143112;0
RGBITR;D;20130219;000000;318.26;318.29;317.99;318.16;974471931;0
RGBITR;D;20130220;000000;318.29;318.29;318.16;318.27;4493894531;0
RGBITR;D;20130221;000000;318.97;319.42;317.92;317.96;4348883645;0
RGBITR;D;20130222;000000;317.98;318.05;317.71;317.71;3012222947;0
RGBITR;D;20130225;000000;317.84;318.12;317.8;318.1;1353484017;0
RGBITR;D;20130226;000000;318.11;318.11;317.46;317.58;1018150936;0
RGBITR;D;20130227;000000;317.68;318.12;317.68;318.06;1588434548;0
RGBITR;D;20130228;000000;317.96;318.25;317.96;318.12;1911203584;0
RGBITR;D;20130301;000000;318.53;318.69;317.93;317.93;1594459099;0
RGBITR;D;20130304;000000;318.05;318.12;317.85;317.86;781634431;0
RGBITR;D;20130305;000000;317.84;318.28;317.84;317.94;1472678971;0
RGBITR;D;20130306;000000;318.09;318.09;317.79;317.79;1463805116;0
RGBITR;D;20130307;000000;317.95;317.95;317.47;317.61;2304628517;0
RGBITR;D;20130311;000000;317.94;317.94;317.31;317.31;1097600225;0
RGBITR;D;20130312;000000;316.82;317.38;316.81;317.04;1724284511;0
RGBITR;D;20130313;000000;317.11;317.15;316.49;316.78;1295812200;0
RGBITR;D;20130314;000000;316.82;316.99;316.36;316.36;1749599424;0
RGBITR;D;20130315;000000;316.41;316.41;316.08;316.08;1143934337;0
RGBITR;D;20130318;000000;315.88;315.88;314.99;315.47;2121922138;0
RGBITR;D;20130319;000000;315.92;316.44;314.99;315.34;1392233306;0
RGBITR;D;20130320;000000;315.67;315.85;315.19;315.85;1805295137;0
RGBITR;D;20130321;000000;315.93;315.95;315.73;315.95;1386103838;0
RGBITR;D;20130322;000000;316.16;316.34;315.7;316.12;2322116186;0
RGBITR;D;20130325;000000;316.3;316.53;316.09;316.53;1302937531;0
RGBITR;D;20130326;000000;316.46;316.54;316.32;316.35;943094365;0
RGBITR;D;20130327;000000;316.39;316.83;316.19;316.21;1199483848;0
RGBITR;D;20130328;000000;316.45;316.87;315.75;316.87;2821351321;0
RGBITR;D;20130329;000000;317.4;317.47;317.16;317.43;1130633862;0
RGBITR;D;20130401;000000;317.17;317.63;316.7;317.24;820199474;0
RGBITR;D;20130402;000000;317.26;317.89;317.26;317.63;588167135;0
RGBITR;D;20130403;000000;317.76;317.76;317.3;317.5;952281988;0
RGBITR;D;20130404;000000;317.69;318;317.47;318;3402507988;0
RGBITR;D;20130405;000000;318.08;319.76;318.08;319.76;2697010855;0
RGBITR;D;20130408;000000;319.72;322.34;319.72;322.34;3005145808;0
RGBITR;D;20130409;000000;322.08;322.36;320.21;322.29;1579973670;0
RGBITR;D;20130410;000000;322.03;322.98;321.57;322.98;2695052979;0
RGBITR;D;20130411;000000;323.05;323.18;323;323.18;1268963656;0
RGBITR;D;20130412;000000;322.49;323;322.49;322.66;787546364;0
RGBITR;D;20130415;000000;323.65;323.65;321.1;321.1;1998723995;0
RGBITR;D;20130416;000000;321.15;321.15;320.2;320.4;1684434726;0
RGBITR;D;20130417;000000;320.83;321.96;320.62;321.21;3798902429;0
RGBITR;D;20130418;000000;320.82;322.3;320.61;322.29;1795236565;0
RGBITR;D;20130419;000000;321.96;323.71;321.89;323.46;787930341;0
RGBITR;D;20130422;000000;324.37;324.37;323.03;323.35;680748976;0
RGBITR;D;20130423;000000;322.85;324.55;322.16;324.55;2499998731;0
RGBITR;D;20130424;000000;325.04;325.28;324.36;325.19;1075283117;0
RGBITR;D;20130425;000000;325.17;325.48;324.89;325.47;2690315353;0
RGBITR;D;20130426;000000;324.37;326.05;322.86;326.05;2019371688;0
RGBITR;D;20130429;000000;325.58;327.12;325.3;327.12;3021432382;0
RGBITR;D;20130430;000000;325.95;327.8;325.27;327.73;2500576456;0
RGBITR;D;20130502;000000;327.86;327.86;327.79;327.79;511888955;0
RGBITR;D;20130503;000000;327.79;328.66;327.79;328.66;227176803;0
RGBITR;D;20130506;000000;328.13;328.82;327.95;328.82;1043120925;0
RGBITR;D;20130507;000000;328.63;328.86;327.72;328.58;709829747;0
RGBITR;D;20130508;000000;328.07;328.76;327.83;328.73;1267547265;0
RGBITR;D;20130510;000000;327;328.41;327;327.15;11440;0
RGBITR;D;20130513;000000;328.68;328.68;328.68;328.68;837200138;0
RGBITR;D;20130514;000000;327.11;327.11;326.3;326.63;422938389;0
RGBITR;D;20130515;000000;327.13;327.37;326.63;327.22;513129565;0
RGBITR;D;20130516;000000;327.27;327.27;326.67;326.76;359978533;0
RGBITR;D;20130517;000000;326.2;327.16;326.12;327.16;457396779;0
RGBITR;D;20130520;000000;327.16;327.28;327.13;327.13;2588169791;0
RGBITR;D;20130521;000000;327.19;327.19;324.61;324.61;1564467966;0
RGBITR;D;20130522;000000;325.39;325.75;324.37;324.48;2617020249;0
RGBITR;D;20130523;000000;324.64;324.66;322.36;322.42;2053962485;0
RGBITR;D;20130524;000000;322.15;322.4;322.06;322.12;1203636282;0
RGBITR;D;20130527;000000;322.73;323.12;322.35;322.58;462596217;0
RGBITR;D;20130528;000000;323.24;323.3;322.3;322.3;1427436366;0
RGBITR;D;20130529;000000;322.43;322.62;320.78;320.78;3928148633;0
RGBITR;D;20130530;000000;320.71;320.85;319.34;319.34;4139858461;0
RGBITR;D;20130531;000000;320.03;320.35;317.87;317.87;3679261340;0
RGBITR;D;20130603;000000;317.99;319.16;316.51;316.7;1526207338;0
RGBITR;D;20130604;000000;317.92;317.92;316.02;317.41;3101653078;0
RGBITR;D;20130605;000000;317.03;319;317.03;318.41;2043507187;0
RGBITR;D;20130606;000000;317.89;319.18;316.23;316.23;3735020991;0
RGBITR;D;20130607;000000;316.44;317.24;314.4;314.86;2197767637;0
RGBITR;D;20130610;000000;315.96;315.96;313.87;313.87;1893160914;0
RGBITR;D;20130611;000000;313.74;313.97;311.41;311.43;3005865640;0
RGBITR;D;20130613;000000;311.67;313.75;311.5;313.75;1781313364;0
RGBITR;D;20130614;000000;314.13;317.52;314.13;317.49;5372596473;0
RGBITR;D;20130617;000000;317.41;317.53;316.96;316.97;3579534125;0
RGBITR;D;20130618;000000;316.69;317.19;315.15;315.15;2157127985;0
RGBITR;D;20130619;000000;314.32;314.7;314;314.7;790912790;0
RGBITR;D;20130620;000000;314.06;314.06;310.66;310.8;5669331737;0
RGBITR;D;20130621;000000;310.93;311.03;310.37;310.53;3458008324;0
RGBITR;D;20130624;000000;310.01;310.95;305.09;305.09;4242160904;0
RGBITR;D;20130625;000000;304.79;306.73;303.55;306.55;2367411157;0
RGBITR;D;20130626;000000;306.51;308.44;306.42;308.44;5301243996;0
RGBITR;D;20130627;000000;308.53;312.32;306.9;311.98;4083976438;0
RGBITR;D;20130628;000000;311.43;314.84;311.43;313.57;5169950702;0
RGBITR;D;20130701;000000;313.11;314.09;312.73;313.92;2117305426;0
RGBITR;D;20130702;000000;313.97;315.68;313.97;315.68;3055069747;0
RGBITR;D;20130703;000000;315.72;315.76;315.03;315.36;2988744343;0
RGBITR;D;20130704;000000;315.24;315.42;314.84;315.42;1648463516;0
RGBITR;D;20130705;000000;315.66;315.99;314.81;314.82;1870225691;0
RGBITR;D;20130708;000000;315.06;315.21;314.41;315.03;2634259410;0
RGBITR;D;20130709;000000;315.11;316.72;315.01;316.72;2709805259;0
RGBITR;D;20130710;000000;316.74;317.69;316.74;317.19;1952520089;0
RGBITR;D;20130711;000000;317.29;317.78;317.28;317.51;3236694142;0
RGBITR;D;20130712;000000;316.88;318.47;316.88;318.47;2277014194;0
RGBITR;D;20130715;000000;318.56;319.17;318.43;319.17;1271965892;0
RGBITR;D;20130716;000000;319.16;321.04;319.16;321.04;3528534235;0
RGBITR;D;20130717;000000;320.48;321.35;320.22;321.1;2009238204;0
RGBITR;D;20130718;000000;320.72;321.97;320.69;321.57;2082367872;0
RGBITR;D;20130719;000000;320.95;321.66;320.92;321.56;1384249943;0
RGBITR;D;20130722;000000;321.48;321.72;321.46;321.61;696700396;0
RGBITR;D;20130723;000000;321.81;321.97;321.78;321.87;720428277;0
RGBITR;D;20130724;000000;322.07;322.07;321.2;321.35;913551553;0
RGBITR;D;20130725;000000;321.31;321.31;320.01;320.01;849931678;0
RGBITR;D;20130726;000000;319.94;320.31;319.76;319.81;1329706252;0
RGBITR;D;20130729;000000;320.21;320.21;318.67;318.79;718583560;0
RGBITR;D;20130730;000000;318.78;318.94;318.42;318.65;1379548216;0
RGBITR;D;20130731;000000;318.54;318.54;318;318.01;787175009;0
RGBITR;D;20130801;000000;318.35;319.13;318.35;319.13;1064449748;0
RGBITR;D;20130802;000000;319.13;319.13;318.13;318.75;1122284533;0
RGBITR;D;20130805;000000;318.99;320.4;318.99;320.28;931748023;0
RGBITR;D;20130806;000000;320.58;320.58;319.8;320.07;1102326884;0
RGBITR;D;20130807;000000;319.99;320.22;318.84;320.22;1036403545;0
RGBITR;D;20130808;000000;319.62;321.25;319.48;321.23;1687407467;0
RGBITR;D;20130809;000000;320.7;321.18;320.47;320.79;1355076940;0
RGBITR;D;20130812;000000;321.07;321.17;320.89;321.05;470876331;0
RGBITR;D;20130813;000000;320.39;321.08;320.31;320.63;851421661;0
RGBITR;D;20130814;000000;320.58;320.58;320.06;320.09;1436376942;0
RGBITR;D;20130815;000000;320.21;320.67;320.11;320.29;2765836597;0
RGBITR;D;20130816;000000;320.52;320.52;320.09;320.16;645637905;0
RGBITR;D;20130819;000000;319.97;320.24;319.09;319.09;875350658;0
RGBITR;D;20130820;000000;319.01;319.25;318.62;318.64;1148488478;0
RGBITR;D;20130821;000000;318.69;318.71;317.68;317.68;1556882967;0
RGBITR;D;20130822;000000;317.58;317.58;315.1;315.21;3527514697;0
RGBITR;D;20130823;000000;315.36;316.33;315.36;316.33;1766502316;0
RGBITR;D;20130826;000000;317.08;317.49;316.68;317.16;1692838457;0
RGBITR;D;20130827;000000;317.17;317.31;315.66;315.66;1513087319;0
RGBITR;D;20130828;000000;315.96;315.98;315.06;315.06;1199944148;0
RGBITR;D;20130829;000000;314.39;315.8;314.39;315.43;991228975;0
RGBITR;D;20130830;000000;315.86;316.52;315.86;316.37;963689688;0
RGBITR;D;20130902;000000;315.05;316.92;313.03;316.82;543770075;0
RGBITR;D;20130903;000000;316.94;316.94;316.51;316.51;1276190899;0
RGBITR;D;20130904;000000;316.82;317.15;316.35;316.58;731358044;0
RGBITR;D;20130905;000000;316.78;316.84;316.26;316.27;738322230;0
RGBITR;D;20130906;000000;316.57;317.1;316.06;316.39;1332739467;0
RGBITR;D;20130909;000000;316.83;317.24;316.63;317.24;562165803;0
RGBITR;D;20130910;000000;317.24;318.03;317.15;317.88;1127556185;0
RGBITR;D;20130911;000000;317.88;320.07;317.72;320.07;2179712611;0
RGBITR;D;20130912;000000;320.2;322.02;320.2;322;1461723782;0
RGBITR;D;20130913;000000;321.92;322.6;321.79;322.49;1670368468;0
RGBITR;D;20130916;000000;321.65;323.98;321.24;323.78;1860047288;0
RGBITR;D;20130917;000000;324.01;324.01;322.21;322.4;566159029;0
RGBITR;D;20130918;000000;321.98;322.32;321.98;322.18;2371907640;0
RGBITR;D;20130919;000000;322.01;325.56;321.56;325.54;8215954440;0
RGBITR;D;20130920;000000;324.67;325.19;323.65;324.83;759272385;0
RGBITR;D;20130923;000000;324.42;324.87;324.08;324.14;919352201;0
RGBITR;D;20130924;000000;323.94;324.84;323.94;324.74;729712206;0
RGBITR;D;20130925;000000;324.81;324.89;323.21;323.25;1382633806;0
RGBITR;D;20130926;000000;323.23;323.79;323.23;323.7;2088711727;0
RGBITR;D;20130927;000000;323.93;323.93;322.89;323;687719507;0
RGBITR;D;20130930;000000;322.75;323.57;322.32;322.72;249152812;0
RGBITR;D;20131001;000000;322.89;323.22;322.58;322.86;363936698;0
RGBITR;D;20131002;000000;322.57;323.22;322.57;323.22;859952743;0
RGBITR;D;20131003;000000;323.36;324.11;323.36;324.07;599871664;0
RGBITR;D;20131004;000000;323.8;324.14;323.25;324.14;548981905;0
RGBITR;D;20131007;000000;324.53;324.53;324.11;324.15;338178071;0
RGBITR;D;20131008;000000;324.48;324.74;323.22;323.57;462106609;0
RGBITR;D;20131009;000000;323.99;323.99;323.46;323.8;1469135509;0
RGBITR;D;20131010;000000;324.04;324.04;323.21;323.24;1465957653;0
RGBITR;D;20131011;000000;323.29;323.76;323.27;323.74;738647581;0
RGBITR;D;20131014;000000;323.69;324.19;323.57;324.02;1130275065;0
RGBITR;D;20131015;000000;324.81;324.81;323.24;323.27;715346355;0
RGBITR;D;20131016;000000;323.39;323.9;323.32;323.9;854022073;0
RGBITR;D;20131017;000000;324.45;324.81;324.25;324.8;1151629552;0
RGBITR;D;20131018;000000;324.45;325.53;324.29;325.53;1233353192;0
RGBITR;D;20131021;000000;325.67;325.98;325.48;325.5;833210802;0
RGBITR;D;20131022;000000;325.43;326.38;325.34;326.28;1638654455;0
RGBITR;D;20131023;000000;326.14;326.66;325.58;326.65;1983498247;0
RGBITR;D;20131024;000000;326.77;327.25;326.63;326.63;744591113;0
RGBITR;D;20131025;000000;326.84;327.17;325.81;326.11;743747904;0
RGBITR;D;20131028;000000;326.57;326.85;325.23;326.67;499389521;0
RGBITR;D;20131029;000000;326.84;326.97;326.36;326.39;380266413;0
RGBITR;D;20131030;000000;326.27;327.23;326.27;327.23;469338232;0
RGBITR;D;20131031;000000;326.31;327.18;325.74;327.15;1249743158;0
RGBITR;D;20131101;000000;327.43;327.43;326.39;326.39;1344942481;0
RGBITR;D;20131105;000000;326.76;326.79;326.24;326.46;711760053;0
RGBITR;D;20131106;000000;326.86;326.86;325.95;326.39;967304423;0
RGBITR;D;20131107;000000;326.33;327.08;325.89;326.21;991484843;0
RGBITR;D;20131108;000000;326.33;326.33;325.2;325.2;1868881586;0
RGBITR;D;20131111;000000;325.42;325.45;324.28;324.28;1378367899;0
RGBITR;D;20131112;000000;324.42;324.76;323.24;323.24;3729711900;0
RGBITR;D;20131113;000000;323.51;323.52;323.2;323.26;1614289606;0
RGBITR;D;20131114;000000;323.18;323.99;323.18;323.47;897776038;0
RGBITR;D;20131115;000000;323.36;323.84;323.15;323.61;1394496828;0
RGBITR;D;20131118;000000;323.69;324.15;323.69;323.93;449564485;0
RGBITR;D;20131119;000000;324.07;324.08;323.7;323.7;1388823565;0
RGBITR;D;20131120;000000;323.72;323.73;323.35;323.36;1802528465;0
RGBITR;D;20131121;000000;323.41;323.41;322.6;322.65;947669846;0
RGBITR;D;20131122;000000;323.12;324.47;322.87;323.3;707367693;0
RGBITR;D;20131125;000000;323.98;324.06;323.15;323.15;1315775591;0
RGBITR;D;20131126;000000;323.39;323.39;322.18;322.22;1328708269;0
RGBITR;D;20131127;000000;322.88;322.88;321.62;321.62;1507329514;0
RGBITR;D;20131128;000000;322.04;322.04;320.61;320.61;3062811553;0
RGBITR;D;20131129;000000;319.78;320.5;319.65;320.22;2897192669;0
RGBITR;D;20131202;000000;320.35;322.36;320.35;320.44;1743486815;0
RGBITR;D;20131203;000000;318.32;320.31;318.01;319.98;3539391945;0
RGBITR;D;20131204;000000;319.94;321.07;319.83;320.89;1886810447;0
RGBITR;D;20131205;000000;320.97;321.16;320.84;321.01;452464166;0
RGBITR;D;20131206;000000;321.13;321.77;321.13;321.77;652282775;0
RGBITR;D;20131209;000000;322;322.72;321.76;322.72;5040856621;0
RGBITR;D;20131210;000000;323.11;323.61;323.11;323.34;6931855958;0
RGBITR;D;20131211;000000;323.5;323.85;323.36;323.75;3303558014;0
RGBITR;D;20131212;000000;324.04;324.64;323.56;323.57;3898369493;0
RGBITR;D;20131213;000000;323.8;323.97;323.18;323.4;2374262517;0
RGBITR;D;20131216;000000;324.05;324.05;323.2;323.21;1167412874;0
RGBITR;D;20131217;000000;324.46;324.98;323.12;323.12;5041463811;0
RGBITR;D;20131218;000000;324.37;324.79;323.19;323.4;3074998870;0
RGBITR;D;20131219;000000;323.53;325.18;323.25;323.69;7256299272;0
RGBITR;D;20131220;000000;324.08;327.95;323.79;323.79;2062660968;0
RGBITR;D;20131223;000000;324.02;324.55;323.96;324.25;1659554111;0
RGBITR;D;20131224;000000;323.76;324.35;323.75;324.16;825586467;0
RGBITR;D;20131225;000000;324.39;324.39;324.12;324.24;1845688695;0
RGBITR;D;20131226;000000;324.43;324.67;323.92;323.97;3929011133;0
RGBITR;D;20131227;000000;324.01;324.34;324.01;324.2;1654601036;0
RGBITR;D;20131230;000000;324.48;324.98;324.39;324.62;6209241800;0
RGBITR;D;20140106;000000;324.85;325.05;324.85;325.02;107941;0
RGBITR;D;20140108;000000;325.22;325.22;325.22;325.22;1015;0
RGBITR;D;20140109;000000;325.24;326.07;324.63;324.67;263291333;0
RGBITR;D;20140110;000000;324.76;324.94;324.4;324.48;1443343655;0
RGBITR;D;20140113;000000;324.74;324.99;324.69;324.83;1543373188;0
RGBITR;D;20140114;000000;325.11;325.31;324.82;324.99;2040001261;0
RGBITR;D;20140115;000000;325.11;326.09;325.11;325.4;6775639612;0
RGBITR;D;20140116;000000;325.47;325.73;324.54;324.62;4252800927;0
RGBITR;D;20140117;000000;324.78;325.05;324.58;324.58;4366413740;0
RGBITR;D;20140120;000000;324.78;325.33;324.72;324.86;1244764290;0
RGBITR;D;20140121;000000;324.99;326.06;324.78;324.78;4388159174;0
RGBITR;D;20140122;000000;324.91;325.05;323.95;324.06;2198568473;0
RGBITR;D;20140123;000000;324.22;324.37;324.08;324.13;1854853853;0
RGBITR;D;20140124;000000;324.21;324.94;323.77;323.78;3636518583;0
RGBITR;D;20140127;000000;324.06;324.85;321.65;321.65;2870068848;0
RGBITR;D;20140128;000000;321.67;322.32;321.34;322.27;3132118336;0
RGBITR;D;20140129;000000;322.37;322.38;321.27;321.27;4137484069;0
RGBITR;D;20140130;000000;321.64;321.77;319.09;319.15;4510612626;0
RGBITR;D;20140131;000000;319.33;320.61;319.11;319.26;1855065879;0
RGBITR;D;20140203;000000;319.58;319.7;319.06;319.45;1152725475;0
RGBITR;D;20140204;000000;319.56;320.69;319.14;320.69;3962664304;0
RGBITR;D;20140205;000000;320.69;322.1;320.69;321.83;4343391158;0
RGBITR;D;20140206;000000;321.83;322.58;321.83;322.47;2752744186;0
RGBITR;D;20140207;000000;322.85;323.2;322.49;322.67;1253395536;0
RGBITR;D;20140210;000000;322.99;323.03;322.77;322.94;863283700;0
RGBITR;D;20140211;000000;323;323.04;322.66;322.88;1224784746;0
RGBITR;D;20140212;000000;322.91;323.24;322.91;323.07;2564403013;0
RGBITR;D;20140213;000000;323.14;323.18;322.54;322.54;3531788845;0
RGBITR;D;20140214;000000;322.61;322.66;322.04;322.44;2228220267;0
RGBITR;D;20140217;000000;322.71;322.85;322.55;322.83;1204801493;0
RGBITR;D;20140218;000000;322.91;323.12;322.39;322.39;1873059162;0
RGBITR;D;20140219;000000;322.52;322.52;320.84;320.84;3381019531;0
RGBITR;D;20140220;000000;320.91;320.91;320.54;320.59;3086927502;0
RGBITR;D;20140221;000000;321.04;321.04;320.6;320.73;2033924144;0
RGBITR;D;20140224;000000;320.99;321.52;320.99;321.46;2171546999;0
RGBITR;D;20140225;000000;321.56;321.72;321.47;321.53;1067753886;0
RGBITR;D;20140226;000000;321.76;321.76;319.85;319.97;3389690577;0
RGBITR;D;20140227;000000;320.08;320.4;319.96;320.21;1953853970;0
RGBITR;D;20140228;000000;320.28;321.35;320.13;320.33;1977936585;0
RGBITR;D;20140303;000000;320.41;320.45;316.39;316.39;5184560810;0
RGBITR;D;20140304;000000;316.49;317.87;315.52;315.73;3177626456;0
RGBITR;D;20140305;000000;315.66;316.78;315.31;316.77;2817330687;0
RGBITR;D;20140306;000000;316.7;317.1;315.57;315.57;3208693532;0
RGBITR;D;20140307;000000;315.51;316.02;314.69;314.69;1609788182;0
RGBITR;D;20140311;000000;314.9;315.08;312.92;313.74;3381783152;0
RGBITR;D;20140312;000000;313.77;314.73;309.38;309.38;5374457279;0
RGBITR;D;20140313;000000;309.36;312.4;307.46;307.46;5368886128;0
RGBITR;D;20140314;000000;307.76;308.33;305.15;305.45;2344258852;0
RGBITR;D;20140317;000000;305.8;308.05;304.89;308.04;1130451110;0
RGBITR;D;20140318;000000;308.14;311.05;307.94;308.77;3821790715;0
RGBITR;D;20140319;000000;309;310.59;309;309.41;1502581761;0
RGBITR;D;20140320;000000;309.92;312.56;308.85;309;2507563830;0
RGBITR;D;20140321;000000;309.04;310.83;307.31;307.87;4149860197;0
RGBITR;D;20140324;000000;308.47;310.1;307.71;308.5;2650788620;0
RGBITR;D;20140325;000000;308.74;313.32;308.55;310.4;5585527663;0
RGBITR;D;20140326;000000;310.49;314.55;310.49;312.44;6588265500;0
RGBITR;D;20140327;000000;312.88;313.92;311.78;311.79;6478451710;0
RGBITR;D;20140328;000000;311.97;312.27;311.35;312.03;7474050808;0
RGBITR;D;20140331;000000;312.34;317.25;312.16;314.88;3257877640;0
RGBITR;D;20140401;000000;315.09;317.27;315.09;316.6;1615513893;0
RGBITR;D;20140402;000000;316.55;316.95;313.86;313.89;2003539915;0
RGBITR;D;20140403;000000;314.07;315.22;313.89;314.03;844489110;0
RGBITR;D;20140404;000000;314.28;315.27;314.28;315.27;930556543;0
RGBITR;D;20140407;000000;315.14;315.87;314.53;314.77;1117357807;0
RGBITR;D;20140408;000000;314.84;315.35;314.41;315.35;1941155405;0
RGBITR;D;20140409;000000;314.89;315.68;314.63;315.61;2050706687;0
RGBITR;D;20140410;000000;315.69;316.7;315.69;316.26;968675664;0
RGBITR;D;20140411;000000;316.4;318.69;316.4;316.46;1166028438;0
RGBITR;D;20140414;000000;316.56;316.6;314.79;314.86;830801595;0
RGBITR;D;20140415;000000;314.97;315.83;314.32;314.74;1017867929;0
RGBITR;D;20140416;000000;314.89;315.53;313.33;313.33;1571685863;0
RGBITR;D;20140417;000000;312.9;313.94;312.9;313.93;617745291;0
RGBITR;D;20140418;000000;313.66;316.42;313.66;315.86;1061335475;0
RGBITR;D;20140421;000000;316.23;316.44;315.59;316.1;270435483;0
RGBITR;D;20140422;000000;315.86;316.22;315.76;316.02;263112135;0
RGBITR;D;20140423;000000;316.04;316.2;314.53;314.53;1157158587;0
RGBITR;D;20140424;000000;314.6;315.77;314.3;314.88;853408250;0
RGBITR;D;20140425;000000;314.83;314.83;310.4;310.4;1939223058;0
RGBITR;D;20140428;000000;310.77;310.77;308.74;308.78;1322773127;0
RGBITR;D;20140429;000000;308.85;310.69;308.85;309.91;762938077;0
RGBITR;D;20140430;000000;310.24;313.93;310.24;310.69;756302602;0
RGBITR;D;20140502;000000;311.22;311.58;311.08;311.57;1008162;0
RGBITR;D;20140505;000000;312.3;313.95;310.76;310.82;322424150;0
RGBITR;D;20140506;000000;310.91;311.23;310.59;310.8;1257005523;0
RGBITR;D;20140507;000000;310.79;312.79;310.67;312.79;2231292910;0
RGBITR;D;20140508;000000;312.53;315.27;312.53;315.1;2741711188;0
RGBITR;D;20140512;000000;315.07;320.83;315.07;315.29;3180964258;0
RGBITR;D;20140513;000000;315.37;315.75;314.97;315.32;2840131846;0
RGBITR;D;20140514;000000;315.18;315.58;314.98;315.4;4518191260;0
RGBITR;D;20140515;000000;315.44;316.42;315.42;316.11;1716969150;0
RGBITR;D;20140516;000000;316.1;316.33;315.54;315.54;838962489;0
RGBITR;D;20140519;000000;315.97;318.45;315.79;315.79;3833156418;0
RGBITR;D;20140520;000000;315.85;316.96;315.85;316.55;1983996393;0
RGBITR;D;20140521;000000;316.28;317.86;316.28;317.86;3775546520;0
RGBITR;D;20140522;000000;317.89;318.16;316.66;318.12;2185019091;0
RGBITR;D;20140523;000000;318.26;318.78;317.76;318.78;3104108389;0
RGBITR;D;20140526;000000;318.31;320.08;318.31;319.8;1973532957;0
RGBITR;D;20140527;000000;319.6;319.91;318.92;318.92;833212954;0
RGBITR;D;20140528;000000;318.99;318.99;318.29;318.51;2158354654;0
RGBITR;D;20140529;000000;318.62;319.94;318.51;319.57;3288341081;0
RGBITR;D;20140530;000000;319.69;320.24;319.64;320.01;2457222652;0
RGBITR;D;20140602;000000;320.63;321.31;319.95;320.66;3234910790;0
RGBITR;D;20140603;000000;320.87;320.87;319.97;320.41;1706906123;0
RGBITR;D;20140604;000000;320.6;320.9;320.18;320.89;1524546465;0
RGBITR;D;20140605;000000;321.01;321.84;321.01;321.8;3168276696;0
RGBITR;D;20140606;000000;321.8;322.6;321.8;322.56;4671861290;0
RGBITR;D;20140609;000000;322.96;325.11;322.91;323.49;757615090;0
RGBITR;D;20140610;000000;322.83;323.83;322.7;323.21;832363153;0
RGBITR;D;20140611;000000;323.13;323.13;322.39;322.98;630141066;0
RGBITR;D;20140616;000000;323.15;323.42;321.3;321.66;2420070563;0
RGBITR;D;20140617;000000;321.65;322.42;321.31;321.31;630534643;0
RGBITR;D;20140618;000000;321.31;321.87;320.48;321.87;3250162893;0
RGBITR;D;20140619;000000;321.94;322.93;321.94;322.75;1708069919;0
RGBITR;D;20140620;000000;322.64;323.28;322.09;323.27;2168201006;0
RGBITR;D;20140623;000000;323.57;323.99;323.55;323.65;441202056;0
RGBITR;D;20140624;000000;323.5;324.39;322.64;324.11;1133044557;0
RGBITR;D;20140625;000000;324.27;325;324.12;324.47;1762160083;0
RGBITR;D;20140626;000000;324.76;324.98;324.64;324.94;3131741970;0
RGBITR;D;20140627;000000;324.63;325.51;324.63;325.31;2825276312;0
RGBITR;D;20140630;000000;325.54;326.97;324.72;324.81;2049331431;0
RGBITR;D;20140701;000000;324.85;325;324.67;324.83;710694076;0
RGBITR;D;20140702;000000;324.95;325.17;324.76;324.79;1387533346;0
RGBITR;D;20140703;000000;324.82;325.21;324.76;324.91;1685361295;0
RGBITR;D;20140704;000000;325.01;325.24;324.82;324.88;366547981;0
RGBITR;D;20140707;000000;325.1;325.38;324.57;324.57;524095212;0
RGBITR;D;20140708;000000;324.72;324.94;324.34;324.94;1334229198;0
RGBITR;D;20140709;000000;325.07;325.29;324.78;324.92;1157789031;0
RGBITR;D;20140710;000000;324.96;325.31;324.26;324.26;1306203479;0
RGBITR;D;20140711;000000;324.36;324.52;323.66;323.66;2941099746;0
RGBITR;D;20140714;000000;323.78;324.02;323.6;323.6;912095651;0
RGBITR;D;20140715;000000;323.61;323.68;322.97;323.28;3085481304;0
RGBITR;D;20140716;000000;323.45;324.22;323.35;323.53;2559545598;0
RGBITR;D;20140717;000000;323.6;323.6;320.21;320.38;4608806194;0
RGBITR;D;20140718;000000;320.04;320.04;319.24;319.45;2346291442;0
RGBITR;D;20140721;000000;319.76;319.94;318.74;318.74;2520026071;0
RGBITR;D;20140722;000000;318.89;319.4;318.85;319.2;2734431683;0
RGBITR;D;20140723;000000;319.24;320.46;319.22;320.1;1664122718;0
RGBITR;D;20140724;000000;320.61;321.81;319.43;319.5;1544964094;0
RGBITR;D;20140725;000000;319.59;319.99;317.06;317.06;2403304495;0
RGBITR;D;20140728;000000;317.34;317.77;315.84;315.84;1553885448;0
RGBITR;D;20140729;000000;314.52;315.77;314.15;314.61;2593974607;0
RGBITR;D;20140730;000000;314.96;315.41;314.34;314.65;1304076602;0
RGBITR;D;20140731;000000;314.6;315.96;314.52;314.99;2580460406;0
RGBITR;D;20140801;000000;314.79;315.12;313.6;313.7;3560324111;0
RGBITR;D;20140804;000000;314.07;315.25;313.4;313.4;2436143782;0
RGBITR;D;20140805;000000;313.56;314.58;311.94;311.98;3488304049;0
RGBITR;D;20140806;000000;311.91;312.07;310.6;310.87;4111683824;0
RGBITR;D;20140807;000000;311;311.26;310.31;310.36;3275177792;0
RGBITR;D;20140808;000000;310.5;311.44;309.81;310.5;2516021086;0
RGBITR;D;20140811;000000;310.74;313.63;310.74;313.63;2859959370;0
RGBITR;D;20140812;000000;313.76;315.28;313.39;314.68;2807175634;0
RGBITR;D;20140813;000000;314.6;315.46;314.17;315.14;3605947376;0
RGBITR;D;20140814;000000;314.94;316.85;314.94;316.85;5023819860;0
RGBITR;D;20140815;000000;317.32;317.74;316.96;317.73;6036072954;0
RGBITR;D;20140818;000000;317.63;318.35;317.59;317.89;1781426641;0
RGBITR;D;20140819;000000;317.94;318;316.51;316.65;1485783880;0
RGBITR;D;20140820;000000;316.93;317;316.01;316.91;2079757696;0
RGBITR;D;20140821;000000;317.03;317.11;316.78;317.11;3435305647;0
RGBITR;D;20140822;000000;317.16;317.82;317.13;317.54;2473942061;0
RGBITR;D;20140825;000000;317.57;317.85;317.47;317.47;854754340;0
RGBITR;D;20140826;000000;317.52;318.11;317.35;318.07;2975600561;0
RGBITR;D;20140827;000000;318.13;318.13;317.81;318.07;2039527099;0
RGBITR;D;20140828;000000;318.13;318.13;315.47;315.47;2865614785;0
RGBITR;D;20140829;000000;315.19;315.46;313.69;313.7;3055591523;0
RGBITR;D;20140901;000000;313.81;314.54;311.73;311.87;908867580;0
RGBITR;D;20140902;000000;312.28;312.59;311.87;312.4;695879539;0
RGBITR;D;20140903;000000;312.53;315.09;312.52;314.92;3780639002;0
RGBITR;D;20140904;000000;314.96;317.01;314.94;317.01;1705933223;0
RGBITR;D;20140905;000000;317.26;317.45;316.47;317.37;1208529449;0
RGBITR;D;20140908;000000;318.04;318.28;316.29;316.46;747047739;0
RGBITR;D;20140909;000000;316.72;319.13;316.35;317.18;1024025374;0
RGBITR;D;20140910;000000;317.37;317.37;315.74;315.75;1477973024;0
RGBITR;D;20140911;000000;315.6;316.54;315.21;315.21;1021723945;0
RGBITR;D;20140912;000000;315.28;315.76;314.76;315.35;953234755;0
RGBITR;D;20140915;000000;315.61;315.8;315.11;315.11;572247785;0
RGBITR;D;20140916;000000;315.21;315.34;313.41;314.89;811252443;0
RGBITR;D;20140917;000000;314.99;316.38;314.83;316.38;1194267337;0
RGBITR;D;20140918;000000;316.63;317.35;316.38;317.32;612350462;0
RGBITR;D;20140919;000000;317.39;317.4;316.87;316.92;627448025;0
RGBITR;D;20140922;000000;317.23;317.74;317;317.7;438983371;0
RGBITR;D;20140923;000000;317.86;319.42;317.71;319.42;1139766012;0
RGBITR;D;20140924;000000;319.54;320.43;319;320.42;2673892986;0
RGBITR;D;20140925;000000;320.36;321.52;320.26;321.27;1708415247;0
RGBITR;D;20140926;000000;321.34;321.42;320.06;320.24;408619008;0
RGBITR;D;20140929;000000;320.29;321.09;320.06;320.43;181235600;0
RGBITR;D;20140930;000000;320.52;322.51;320.45;320.74;1201432019;0
RGBITR;D;20141001;000000;321.25;321.54;319.62;320.04;606235632;0
RGBITR;D;20141002;000000;320.1;320.46;319.92;320.46;514505150;0
RGBITR;D;20141003;000000;320.56;320.58;319.25;319.27;831692119;0
RGBITR;D;20141006;000000;319.46;319.46;318.53;318.53;631663839;0
RGBITR;D;20141007;000000;318.76;320.11;318.55;318.57;887463282;0
RGBITR;D;20141008;000000;318.74;318.91;317.5;317.55;1296768371;0
RGBITR;D;20141009;000000;317.71;318.24;317.48;317.48;1239671978;0
RGBITR;D;20141010;000000;317.55;317.67;316.08;316.08;1254593575;0
RGBITR;D;20141013;000000;316.86;317.27;316.63;317.02;499054364;0
RGBITR;D;20141014;000000;317.03;317.06;315.53;315.57;710101492;0
RGBITR;D;20141015;000000;315.61;315.87;315.29;315.7;1132953820;0
RGBITR;D;20141016;000000;315.69;316.05;315.2;315.7;2296035151;0
RGBITR;D;20141017;000000;315.94;316.08;315.38;315.79;1211871085;0
RGBITR;D;20141020;000000;316.05;318;315.98;316.64;380156265;0
RGBITR;D;20141021;000000;316.59;316.84;316.22;316.42;869783661;0
RGBITR;D;20141022;000000;316.57;317.36;316.48;316.99;1808116860;0
RGBITR;D;20141023;000000;317.13;317.13;316.11;316.22;1500249478;0
RGBITR;D;20141024;000000;316.3;316.3;315.56;315.86;1058037924;0
RGBITR;D;20141027;000000;316.23;316.56;315.86;315.97;953539912;0
RGBITR;D;20141028;000000;316.05;316.69;315.12;315.12;1004673764;0
RGBITR;D;20141029;000000;315.32;316.67;314.12;314.13;979963045;0
RGBITR;D;20141030;000000;314.12;314.21;312.81;313.85;2596349887;0
RGBITR;D;20141031;000000;313.71;315.82;313.67;314.74;2111859622;0
RGBITR;D;20141103;000000;314.86;314.86;314.48;314.48;803196;0
RGBITR;D;20141105;000000;314.42;314.85;313.92;314.7;1464900214;0
RGBITR;D;20141106;000000;314.7;315.42;314.64;314.66;1005251635;0
RGBITR;D;20141107;000000;314.64;314.65;313.6;313.61;1378399686;0
RGBITR;D;20141110;000000;313.81;315.9;313.81;315.49;739886315;0
RGBITR;D;20141111;000000;315.71;315.76;314.36;314.36;834812899;0
RGBITR;D;20141112;000000;314.42;314.46;313.83;313.91;774748137;0
RGBITR;D;20141113;000000;314.2;314.55;313.82;313.82;1646364720;0
RGBITR;D;20141114;000000;313.95;313.95;312.6;312.6;679977314;0
RGBITR;D;20141117;000000;312.83;313.25;312.76;312.76;687806688;0
RGBITR;D;20141118;000000;312.71;313.08;312.27;312.27;1155742535;0
RGBITR;D;20141119;000000;312.25;312.31;312.03;312.08;1540245002;0
RGBITR;D;20141120;000000;312.05;312.37;311.93;312.32;2509785518;0
RGBITR;D;20141121;000000;312.22;313.64;312.22;313.22;1383090712;0
RGBITR;D;20141124;000000;313.54;314.3;313.52;314.3;658532881;0
RGBITR;D;20141125;000000;314.41;314.41;312.57;312.59;886444777;0
RGBITR;D;20141126;000000;312.6;312.89;311.83;311.83;698221734;0
RGBITR;D;20141127;000000;311.93;312.6;311.45;311.75;843896054;0
RGBITR;D;20141128;000000;312.09;312.09;310.17;310.34;1879725063;0
RGBITR;D;20141201;000000;310.43;310.43;305.96;305.99;988970820;0
RGBITR;D;20141202;000000;306.23;307.63;305.57;307.48;1234705288;0
RGBITR;D;20141203;000000;307.36;307.41;304.86;304.86;1951157520;0
RGBITR;D;20141204;000000;304.94;306.39;304.75;304.77;1909426927;0
RGBITR;D;20141205;000000;305.27;305.91;299.17;299.3;1773512997;0
RGBITR;D;20141208;000000;299.31;300.17;292.06;292.06;2710414107;0
RGBITR;D;20141209;000000;291.78;295;285.63;285.76;2117176136;0
RGBITR;D;20141210;000000;285.15;289.69;285.1;289.48;2799313411;0
RGBITR;D;20141211;000000;290.51;290.81;289.24;290.33;2200657711;0
RGBITR;D;20141212;000000;290.29;290.29;285.25;285.84;1772975659;0
RGBITR;D;20141215;000000;286.1;286.1;282.2;282.25;1274871244;0
RGBITR;D;20141216;000000;281.55;281.55;257.47;257.8;2177246665;0
RGBITR;D;20141217;000000;257.42;271.44;257.42;270.39;1197694073;0
RGBITR;D;20141218;000000;270.74;277.99;270.74;276.18;1369674439;0
RGBITR;D;20141219;000000;275.06;275.06;272.92;273.77;648394988;0
RGBITR;D;20141222;000000;275.87;281.45;275.87;280.49;725167787;0
RGBITR;D;20141223;000000;280.94;282.91;277.81;277.95;203172771;0
RGBITR;D;20141224;000000;280.29;283.56;277.21;277.37;279362834;0
RGBITR;D;20141225;000000;277.26;279.39;275.02;277.38;1100761177;0
RGBITR;D;20141226;000000;277.62;281.44;277.62;279.79;344114634;0
RGBITR;D;20141229;000000;280.48;281.84;277.14;277.14;787973801;0
RGBITR;D;20141230;000000;277.76;279.31;277.51;278.02;2652818649;0
RGBITR;D;20150105;000000;278.62;279.33;276.99;277.04;3308545;0
RGBITR;D;20150106;000000;278.01;278.5;275.13;275.98;180605223;0
RGBITR;D;20150108;000000;275.09;275.8;273.96;273.97;4674350;0
RGBITR;D;20150109;000000;273.86;276.89;273.86;276.01;4903113;0
RGBITR;D;20150112;000000;276.28;278.38;268.9;268.9;1321727028;0
RGBITR;D;20150113;000000;268.67;268.67;262.92;263.03;753276003;0
RGBITR;D;20150114;000000;263.25;263.92;262.45;263.92;1408509858;0
RGBITR;D;20150115;000000;264.1;271.93;264.1;271.56;554609825;0
RGBITR;D;20150116;000000;271.77;274.94;270.18;274.66;743829995;0
RGBITR;D;20150119;000000;274.92;275.72;273.72;274.58;1410627303;0
RGBITR;D;20150120;000000;274.68;275.49;274.26;275.16;676890918;0
RGBITR;D;20150121;000000;275.28;275.58;275.09;275.09;2347323667;0
RGBITR;D;20150122;000000;275.14;276.42;274.89;276.42;730012092;0
RGBITR;D;20150123;000000;276.55;279.4;276.16;278.75;927186710;0
RGBITR;D;20150126;000000;278.73;278.75;275.05;275.05;1463757456;0
RGBITR;D;20150127;000000;274.97;274.97;273.78;274.59;761214479;0
RGBITR;D;20150128;000000;275.05;277.02;274.83;276.01;654630201;0
RGBITR;D;20150129;000000;276.21;276.54;274.28;274.52;1547172939;0
RGBITR;D;20150130;000000;274.55;279.11;274.55;278.85;1426469618;0
RGBITR;D;20150202;000000;279.01;281.51;277.7;281.51;905136858;0
RGBITR;D;20150203;000000;281.83;284.96;281.83;284.96;481817069;0
RGBITR;D;20150204;000000;285.22;285.34;283.49;283.73;1679475899;0
RGBITR;D;20150205;000000;283.72;285.54;282.78;285.51;1051959677;0
RGBITR;D;20150206;000000;286.35;288.95;286.35;288.86;2679268142;0
RGBITR;D;20150209;000000;289.22;289.86;288.52;289.71;1224269150;0
RGBITR;D;20150210;000000;290.06;290.06;289.11;289.27;1610581187;0
RGBITR;D;20150211;000000;289.64;289.95;288.99;288.99;1102201666;0
RGBITR;D;20150212;000000;289.15;289.81;288.55;289.54;1229092846;0
RGBITR;D;20150213;000000;289.8;292.05;289.3;292.05;502536077;0
RGBITR;D;20150216;000000;292.64;296.16;292.5;296.16;727263936;0
RGBITR;D;20150217;000000;296.11;297.08;295.6;297.05;427730323;0
RGBITR;D;20150218;000000;297.44;299.26;297.44;299.16;828151142;0
RGBITR;D;20150219;000000;299.51;299.8;298.65;298.83;1596803897;0
RGBITR;D;20150220;000000;298.66;299.08;295.87;295.87;526978512;0
RGBITR;D;20150224;000000;294.62;295.97;290.93;290.93;286278052;0
RGBITR;D;20150225;000000;291.78;292.12;290.37;290.62;1118709023;0
RGBITR;D;20150226;000000;291.01;291.4;290.82;290.82;1280093316;0
RGBITR;D;20150227;000000;290.89;291.02;288.21;288.21;705549902;0
RGBITR;D;20150302;000000;288.29;288.29;285.6;285.6;667050124;0
RGBITR;D;20150303;000000;285.61;286.64;284.65;286.64;769942981;0
RGBITR;D;20150304;000000;286.89;289.37;286.78;289.37;1532499771;0
RGBITR;D;20150305;000000;289.23;291.45;289.23;291.44;1112244927;0
RGBITR;D;20150306;000000;291.24;293.05;291.24;292.86;865606252;0
RGBITR;D;20150310;000000;293.44;294.02;292.4;292.49;500620854;0
RGBITR;D;20150311;000000;291.76;292.48;291.36;292.32;1159638816;0
RGBITR;D;20150312;000000;292.98;293.25;292.42;293.12;2224799821;0
RGBITR;D;20150313;000000;293.35;294.53;293.35;293.65;1307611789;0
RGBITR;D;20150316;000000;293.63;293.85;291.7;291.7;1148256276;0
RGBITR;D;20150317;000000;292.13;292.13;290.91;291.28;691359134;0
RGBITR;D;20150318;000000;291.7;294.17;291.66;291.98;202417434;0
RGBITR;D;20150319;000000;292.19;292.63;291.44;292.29;458917937;0
RGBITR;D;20150320;000000;292.52;294.63;292.52;294.63;1113771621;0
RGBITR;D;20150323;000000;294.79;296.87;294.79;296.87;982569142;0
RGBITR;D;20150324;000000;296.96;298.43;296.78;298.43;1628343446;0
RGBITR;D;20150325;000000;298.25;301.92;298.25;301.92;2441441332;0
RGBITR;D;20150326;000000;302.2;305.84;302.2;305.84;3542305632;0
RGBITR;D;20150327;000000;305.67;306.14;304.83;306.14;837442405;0
RGBITR;D;20150330;000000;306.22;306.36;305.67;305.9;527538496;0
RGBITR;D;20150331;000000;306.67;306.67;303.89;303.91;2541018014;0
RGBITR;D;20150401;000000;303.74;306.31;301.89;306.28;1746545179;0
RGBITR;D;20150402;000000;306.31;308.09;305.97;307.64;1282936544;0
RGBITR;D;20150403;000000;307.88;308.22;306.79;307.34;319615615;0
RGBITR;D;20150406;000000;307.46;308.19;307.46;307.98;246517737;0
RGBITR;D;20150407;000000;308.15;308.73;307.37;308.56;2363409569;0
RGBITR;D;20150408;000000;308.63;310.51;308.47;309.54;3655768988;0
RGBITR;D;20150409;000000;309.6;312.36;309.6;312.25;2857342780;0
RGBITR;D;20150410;000000;312.26;315.63;312.26;315.42;2045128105;0
RGBITR;D;20150413;000000;315.56;316.73;315.56;316.31;962931650;0
RGBITR;D;20150414;000000;316.45;316.95;315.81;316.58;438506714;0
RGBITR;D;20150415;000000;316.65;321.24;316.14;321.24;1413669315;0
RGBITR;D;20150416;000000;319.96;324.77;319.96;321.92;5395923786;0
RGBITR;D;20150417;000000;322.08;322.68;320.01;320.01;1465747356;0
RGBITR;D;20150420;000000;320.28;323.79;318.78;318.81;646359881;0
RGBITR;D;20150421;000000;319.27;319.49;317.23;317.24;1158660797;0
RGBITR;D;20150422;000000;317.23;317.64;315.67;315.68;3005931272;0
RGBITR;D;20150423;000000;315.73;315.94;315.03;315.86;2109021759;0
RGBITR;D;20150424;000000;316.26;318.27;316.26;317.55;1441494811;0
RGBITR;D;20150427;000000;317.76;317.76;317.04;317.6;790365468;0
RGBITR;D;20150428;000000;317.7;317.75;316.68;317.12;316003402;0
RGBITR;D;20150429;000000;317.22;319.19;317.21;319.19;401698107;0
RGBITR;D;20150430;000000;319.22;322.31;318.95;322.31;2073452181;0
RGBITR;D;20150505;000000;322.54;325;322.54;324.89;3384907499;0
RGBITR;D;20150506;000000;324.79;326.47;324.79;326.39;1545546661;0
RGBITR;D;20150507;000000;326.52;326.95;326.3;326.43;578349601;0
RGBITR;D;20150508;000000;326.53;326.53;325.84;325.86;275735760;0
RGBITR;D;20150512;000000;326.02;326.24;325.4;325.44;521190748;0
RGBITR;D;20150513;000000;325.39;326.54;325.39;325.74;211493620;0
RGBITR;D;20150514;000000;325.19;325.84;325.09;325.3;978777986;0
RGBITR;D;20150515;000000;325.32;325.52;324.47;325.3;553373059;0
RGBITR;D;20150518;000000;325.61;326.3;325.53;326.15;1015422406;0
RGBITR;D;20150519;000000;326.1;327.03;326.09;326.71;1720352622;0
RGBITR;D;20150520;000000;326.67;326.67;325.8;325.9;1929009115;0
RGBITR;D;20150521;000000;325.96;327.54;325.96;327.54;2364072891;0
RGBITR;D;20150522;000000;327.58;328.3;327.51;327.97;1680770783;0
RGBITR;D;20150525;000000;328.49;328.65;327.81;328.39;1241329702;0
RGBITR;D;20150526;000000;328.47;328.67;327.34;327.34;2266790687;0
RGBITR;D;20150527;000000;327.42;328.21;326.1;326.2;5101202379;0
RGBITR;D;20150528;000000;326.18;326.96;325.9;325.9;2329384517;0
RGBITR;D;20150529;000000;326.05;326.27;325.55;326.23;991219193;0
RGBITR;D;20150601;000000;326.68;326.94;325.78;325.97;1140446050;0
RGBITR;D;20150602;000000;324.97;325.81;324.78;325.52;317767636;0
RGBITR;D;20150603;000000;326.87;327.63;326.42;326.44;3156924417;0
RGBITR;D;20150604;000000;326.53;326.53;324.03;324.03;3106130498;0
RGBITR;D;20150605;000000;324.14;324.14;322.88;323.01;1833391472;0
RGBITR;D;20150608;000000;323.1;323.57;323.1;323.43;1417540729;0
RGBITR;D;20150609;000000;323.55;324.36;323.39;324.31;1106247235;0
RGBITR;D;20150610;000000;324.71;326.17;324.1;326.17;3094474768;0
RGBITR;D;20150611;000000;326.61;327.62;326.56;326.7;789820108;0
RGBITR;D;20150615;000000;327.17;328.72;326.69;326.69;480325197;0
RGBITR;D;20150616;000000;325.11;325.52;323.81;323.83;1464935697;0
RGBITR;D;20150617;000000;325.13;325.32;324.55;324.55;1987860972;0
RGBITR;D;20150618;000000;324.77;325.37;324.04;324.52;1215625401;0
RGBITR;D;20150619;000000;324.86;324.98;324.29;324.53;1040271588;0
RGBITR;D;20150622;000000;325.23;325.94;325;325.94;1005118984;0
RGBITR;D;20150623;000000;326.09;326.16;325.17;325.67;1346848472;0
RGBITR;D;20150624;000000;325.64;327.08;325.55;327.05;1164430235;0
RGBITR;D;20150625;000000;326.29;326.66;325.76;325.8;5539367820;0
RGBITR;D;20150626;000000;326.01;326.06;325.21;325.22;921916537;0
RGBITR;D;20150629;000000;325.17;325.4;324.07;324.15;2065237144;0
RGBITR;D;20150630;000000;324.22;325.88;324.22;325.2;901231648;0
RGBITR;D;20150701;000000;325.17;325.93;325.17;325.93;536174846;0
RGBITR;D;20150702;000000;325.94;326.05;325.78;325.83;1181592593;0
RGBITR;D;20150703;000000;326.31;326.42;325.98;326.14;800721868;0
RGBITR;D;20150706;000000;326.16;326.21;325.28;325.28;540575311;0
RGBITR;D;20150707;000000;325.28;325.38;324.03;324.04;3242785197;0
RGBITR;D;20150708;000000;324.16;324.6;324.16;324.55;894789170;0
RGBITR;D;20150709;000000;324.76;325.79;324.76;325.72;2787375364;0
RGBITR;D;20150710;000000;326.07;327.42;326.07;327.42;2428276311;0
RGBITR;D;20150713;000000;327.62;328.06;327.62;328.05;2961585408;0
RGBITR;D;20150714;000000;328.71;328.77;327.86;328.52;2409980613;0
RGBITR;D;20150715;000000;328.9;330.79;328.53;330.7;2095581779;0
RGBITR;D;20150716;000000;330.68;332.47;330.4;332.47;3219736287;0
RGBITR;D;20150717;000000;332.71;336.18;332.71;335.53;2691861187;0
RGBITR;D;20150720;000000;335.6;335.6;334.54;334.54;1019100716;0
RGBITR;D;20150721;000000;334.59;334.63;333.31;333.31;687066912;0
RGBITR;D;20150722;000000;333.39;333.85;332.97;333.85;1569531403;0
RGBITR;D;20150723;000000;333.92;333.95;332.97;332.97;1661470166;0
RGBITR;D;20150724;000000;333.45;333.72;332.43;332.43;1627797045;0
RGBITR;D;20150727;000000;332.05;332.2;330.35;330.38;1821712142;0
RGBITR;D;20150728;000000;329.71;329.71;326.4;327.37;5736806260;0
RGBITR;D;20150729;000000;328.23;331.64;328.23;331.64;4982786355;0
RGBITR;D;20150730;000000;331.52;332.72;331.52;332.05;1619070596;0
RGBITR;D;20150731;000000;332.3;333.92;331.57;332.02;994474799;0
RGBITR;D;20150803;000000;332.17;332.74;331.11;331.13;694385430;0
RGBITR;D;20150804;000000;331.18;331.85;331.15;331.25;8920463503;0
RGBITR;D;20150805;000000;331.6;332;331.22;331.49;7841903328;0
RGBITR;D;20150806;000000;331.66;331.73;330.44;330.53;3670438468;0
RGBITR;D;20150807;000000;330.81;330.81;330.08;330.13;6756983019;0
RGBITR;D;20150810;000000;330.82;331.29;330.2;330.4;8461212161;0
RGBITR;D;20150811;000000;330.52;331.3;330.47;330.52;9351619247;0
RGBITR;D;20150812;000000;330.65;330.75;330.04;330.18;4135245649;0
RGBITR;D;20150813;000000;330.45;330.93;330.24;330.45;4887764551;0
RGBITR;D;20150814;000000;330.75;330.99;330.08;330.09;3779520937;0
RGBITR;D;20150817;000000;330.33;330.41;329.75;329.75;1498415057;0
RGBITR;D;20150818;000000;329.7;329.77;329.25;329.25;9007926847;0
RGBITR;D;20150819;000000;329.44;329.95;329.12;329.12;10781082496;0
RGBITR;D;20150820;000000;329.73;329.73;326.22;326.24;16248807581;0
RGBITR;D;20150821;000000;326.23;326.57;323.34;323.34;9737887179;0
RGBITR;D;20150824;000000;323.62;323.62;318.12;318.79;15374684110;0
RGBITR;D;20150825;000000;318.98;320.91;318.9;320.84;11091214111;0
RGBITR;D;20150826;000000;321.06;322.7;321.06;322.39;9280926061;0
RGBITR;D;20150827;000000;322.48;324.24;322.11;323.4;14624089424;0
RGBITR;D;20150828;000000;323.63;324.94;323.54;323.59;8606893504;0
RGBITR;D;20150831;000000;323.9;325.22;323.9;324.19;3253171593;0
RGBITR;D;20150901;000000;324.45;325.09;324.29;324.71;9362971890;0
RGBITR;D;20150902;000000;324.73;324.76;323.58;324.06;7130751664;0
RGBITR;D;20150903;000000;324.29;325.08;324.29;324.57;5439220151;0
RGBITR;D;20150904;000000;324.77;326.2;324.77;325.66;4885238614;0
RGBITR;D;20150907;000000;325.88;325.88;324.12;324.37;2215772385;0
RGBITR;D;20150908;000000;324.49;324.85;323.97;324.77;5078269810;0
RGBITR;D;20150909;000000;325;325.86;324.96;325.66;3793049177;0
RGBITR;D;20150910;000000;325.83;325.83;325.29;325.5;5185490392;0
RGBITR;D;20150911;000000;325.69;326.09;325.69;325.87;9035853045;0
RGBITR;D;20150914;000000;326.01;326.53;325.96;326.42;2969922448;0
RGBITR;D;20150915;000000;326.47;327.92;326.47;327.89;10807480260;0
RGBITR;D;20150916;000000;327.62;329.16;327.62;329;12574713802;0
RGBITR;D;20150917;000000;329.26;329.89;329.2;329.41;6292468498;0
RGBITR;D;20150918;000000;329.82;330.38;329.64;329.73;13820747732;0
RGBITR;D;20150921;000000;330.28;331.72;329.96;331.58;4657311982;0
RGBITR;D;20150922;000000;332.18;332.78;332.18;332.22;8474361798;0
RGBITR;D;20150923;000000;332.48;332.48;331.79;332.17;12168575102;0
RGBITR;D;20150924;000000;332.48;332.57;331.4;331.58;7710747163;0
RGBITR;D;20150925;000000;332.15;332.68;331.7;332.12;6094442455;0
RGBITR;D;20150928;000000;332.23;332.56;330.96;331.84;6740000979;0
RGBITR;D;20150929;000000;331.82;332.18;331.36;332.05;4951913866;0
RGBITR;D;20150930;000000;332.46;333.57;332.46;333.19;10900240024;0
RGBITR;D;20151001;000000;333.3;334.62;332.93;334.54;10170585658;0
RGBITR;D;20151002;000000;334.67;334.89;333.99;333.99;7270742456;0
RGBITR;D;20151005;000000;334.31;335.95;334.28;335.94;6308329197;0
RGBITR;D;20151006;000000;336.06;338.7;336.06;338.66;13690834496;0
RGBITR;D;20151007;000000;338.9;342.74;338.79;342.53;9374700181;0
RGBITR;D;20151008;000000;342.64;343.01;340.91;341.38;7896444794;0
RGBITR;D;20151009;000000;341.69;343.7;341.69;343.57;18899383692;0
RGBITR;D;20151012;000000;342.33;344.09;342.33;343.05;6931856380;0
RGBITR;D;20151013;000000;343.13;343.63;342.62;342.62;9977396402;0
RGBITR;D;20151014;000000;342.65;343.32;342.65;343.3;10196835937;0
RGBITR;D;20151015;000000;343.82;345.45;343.6;345.45;22567618795;0
RGBITR;D;20151016;000000;345.5;347.16;345.5;347.16;12648141403;0
RGBITR;D;20151019;000000;347.61;348.24;347.53;348.15;8790539837;0
RGBITR;D;20151020;000000;347.89;348.2;347.79;347.79;6979916675;0
RGBITR;D;20151021;000000;347.74;347.83;347.41;347.73;30784157248;0
RGBITR;D;20151022;000000;347.95;348.56;347.68;348.55;12519844384;0
RGBITR;D;20151023;000000;348.5;350.41;348.44;350.35;17522902296;0
RGBITR;D;20151026;000000;350.46;350.93;350.19;350.51;11800025180;0
RGBITR;D;20151027;000000;350.61;350.61;349.83;349.83;22243311398;0
RGBITR;D;20151028;000000;349.77;350.56;349.44;350.56;30382238331;0
RGBITR;D;20151029;000000;350.65;350.91;350.37;350.37;28752985323;0
RGBITR;D;20151030;000000;350.44;350.68;350.07;350.19;17505652257;0
RGBITR;D;20151102;000000;350.05;350.91;350.05;350.46;5372957963;0
RGBITR;D;20151103;000000;350.65;352.61;350.65;352.61;22798228632;0
RGBITR;D;20151105;000000;352.88;355.41;352.88;355.38;20441556044;0
RGBITR;D;20151106;000000;355.58;355.64;353.97;354;20471197363;0
RGBITR;D;20151109;000000;354.38;354.58;353.88;354.03;10290800437;0
RGBITR;D;20151110;000000;354.06;354.79;353.91;354.79;9301846428;0
RGBITR;D;20151111;000000;354.86;356.78;354.86;356.73;24814781562;0
RGBITR;D;20151112;000000;357.22;358.2;354.54;354.54;21208670578;0
RGBITR;D;20151113;000000;354.61;354.61;353.72;353.85;12041684806;0
RGBITR;D;20151116;000000;353.71;354.2;353.38;353.8;8714227921;0
RGBITR;D;20151117;000000;353.95;355.09;353.95;355.09;20646000789;0
RGBITR;D;20151118;000000;354.59;356.09;352.48;355.97;20770363075;0
RGBITR;D;20151119;000000;354.88;356.94;354.88;356.94;30399252986;0
RGBITR;D;20151120;000000;357.25;360.07;357.25;359.19;26359385627;0
RGBITR;D;20151123;000000;359.7;359.76;357.17;357.17;20763763325;0
RGBITR;D;20151124;000000;357.28;357.67;355.11;355.16;11544103720;0
RGBITR;D;20151125;000000;355.28;355.52;354.47;354.79;24010893314;0
RGBITR;D;20151126;000000;355.14;356.36;355.14;356.13;11852981864;0
RGBITR;D;20151127;000000;356.11;356.46;355.28;355.28;8766468952;0
RGBITR;D;20151130;000000;355.38;356.21;354.69;356.21;13244548763;0
RGBITR;D;20151201;000000;356.13;357.39;356.12;356.85;11965369096;0
RGBITR;D;20151202;000000;357.02;357.28;356.76;357.11;8828276838;0
RGBITR;D;20151203;000000;357.28;357.42;356.62;356.69;6764420129;0
RGBITR;D;20151204;000000;356.83;357.17;356.46;356.83;10123773650;0
RGBITR;D;20151207;000000;357.14;357.36;355.84;355.89;11532465662;0
RGBITR;D;20151208;000000;355.96;355.96;355.05;355.05;8690454937;0
RGBITR;D;20151209;000000;355.49;355.92;355.27;355.46;11139850322;0
RGBITR;D;20151210;000000;355.86;356.67;355.42;356.32;6420972350;0
RGBITR;D;20151211;000000;356.47;357.03;356.44;356.44;11615338062;0
RGBITR;D;20151214;000000;356.77;356.83;354.56;354.59;9183671307;0
RGBITR;D;20151215;000000;354.74;355.75;354.62;355.42;19592674707;0
RGBITR;D;20151216;000000;355.63;356.26;354.34;354.7;12894556766;0
RGBITR;D;20151217;000000;354.89;356.7;354.7;356.21;9484211737;0
RGBITR;D;20151218;000000;356.59;356.89;356.15;356.54;9119836685;0
RGBITR;D;20151221;000000;356.77;356.85;356.18;356.57;13564710803;0
RGBITR;D;20151222;000000;356.65;356.85;356.34;356.35;12886883319;0
RGBITR;D;20151223;000000;356.21;356.39;355.55;356.27;17157771484;0
RGBITR;D;20151224;000000;356.36;357.54;356.36;357.49;6140725884;0
RGBITR;D;20151225;000000;357.64;358.41;357.62;358.27;3224387245;0
RGBITR;D;20151228;000000;358.56;359.47;358.56;358.71;6718165231;0
RGBITR;D;20151229;000000;358.79;359.8;358.71;359.66;4903128013;0
RGBITR;D;20151230;000000;359.82;360.71;359.82;360.19;14738035799;0
RGBITR;D;20160104;000000;360.56;361.13;360.44;361.11;6680013;0
RGBITR;D;20160105;000000;361.26;362.11;361.17;362.11;3609964;0
RGBITR;D;20160106;000000;362.35;362.68;361.51;362.43;20631701;0
RGBITR;D;20160111;000000;362.86;362.94;358.08;358.08;12473245549;0
RGBITR;D;20160112;000000;358.16;358.16;353.91;353.94;17765159882;0
RGBITR;D;20160113;000000;354.09;354.89;353.43;353.69;17620608595;0
RGBITR;D;20160114;000000;353.86;354.03;352.26;352.28;24440165768;0
RGBITR;D;20160115;000000;352.44;353.67;350.95;350.96;18358672204;0
RGBITR;D;20160118;000000;351.1;351.1;349.4;349.87;10745593341;0
RGBITR;D;20160119;000000;349.82;352.49;349.82;352.37;41606566063;0
RGBITR;D;20160120;000000;352.54;352.6;349.62;349.62;29758410922;0
RGBITR;D;20160121;000000;349.79;349.88;346.79;347.61;37747884754;0
RGBITR;D;20160122;000000;347.86;351.56;347.86;351;28780912716;0
RGBITR;D;20160125;000000;351.63;354.04;351.56;351.87;12668678342;0
RGBITR;D;20160126;000000;351.93;352.71;351.56;352.71;13454123099;0
RGBITR;D;20160127;000000;352.89;354.89;352.89;354.89;8666839261;0
RGBITR;D;20160128;000000;355.38;358.04;355.35;357.85;14770070049;0
RGBITR;D;20160129;000000;357.99;359.18;357.34;357.4;23840461499;0
RGBITR;D;20160201;000000;357.47;357.91;356.34;356.34;7686153210;0
RGBITR;D;20160202;000000;356.24;356.37;354.67;354.85;12690030482;0
RGBITR;D;20160203;000000;354.98;356.16;354.91;355.98;14259601193;0
RGBITR;D;20160204;000000;356.11;357.64;356.11;357.54;17470801313;0
RGBITR;D;20160205;000000;357.67;357.76;356.9;357.2;5948006011;0
RGBITR;D;20160208;000000;357.44;357.63;357.16;357.32;11864605133;0
RGBITR;D;20160209;000000;357.43;357.54;356.07;356.07;20677896852;0
RGBITR;D;20160210;000000;356.2;356.76;355.61;356.74;14108091659;0
RGBITR;D;20160211;000000;356.78;357.84;356.73;356.73;15551609213;0
RGBITR;D;20160212;000000;356.82;357.51;356.66;356.66;8635977233;0
RGBITR;D;20160215;000000;357.03;359.32;357.03;359;8295533452;0
RGBITR;D;20160216;000000;359.09;359.86;358.69;358.69;12313472824;0
RGBITR;D;20160217;000000;358.67;358.87;357.68;358.85;6939774514;0
RGBITR;D;20160218;000000;358.81;360.91;358.81;360.89;11104325135;0
RGBITR;D;20160219;000000;361;361.96;360.83;361.64;10903161312;0
RGBITR;D;20160220;000000;361.72;361.98;360.92;361.83;40391554;0
RGBITR;D;20160222;000000;362.09;362.74;361.97;362.66;45907364;0
RGBITR;D;20160224;000000;362.96;363.61;362.74;363.09;9063267882;0
RGBITR;D;20160225;000000;363.21;365.6;363.21;365.58;22051776975;0
RGBITR;D;20160226;000000;365.76;367.28;365.64;366.97;13502891113;0
RGBITR;D;20160229;000000;367.26;368.32;366.89;367.19;4574518466;0
RGBITR;D;20160301;000000;367.37;369.79;367.27;369.79;22407695987;0
RGBITR;D;20160302;000000;369.96;371.35;369.96;371.28;6593708104;0
RGBITR;D;20160303;000000;371.46;371.94;371.41;371.82;4593267914;0
RGBITR;D;20160304;000000;371.9;373.07;371.9;373.04;5675131192;0
RGBITR;D;20160307;000000;373.36;373.75;373.27;373.75;66118985;0
RGBITR;D;20160309;000000;373.91;374.42;373.38;373.98;8681284393;0
RGBITR;D;20160310;000000;374.02;374.08;373.4;373.69;16659059890;0
RGBITR;D;20160311;000000;373.71;374.23;372.91;372.92;13147549660;0
RGBITR;D;20160314;000000;373.25;373.25;371.68;371.83;7689914104;0
RGBITR;D;20160315;000000;372.06;372.17;371.34;371.34;14661194100;0
RGBITR;D;20160316;000000;371.31;371.62;371.17;371.62;9545353484;0
RGBITR;D;20160317;000000;372.01;374.78;372.01;374.75;15079438776;0
RGBITR;D;20160318;000000;375.12;376.95;375.12;376.94;11354298261;0
RGBITR;D;20160321;000000;377.27;377.45;376.43;376.85;6690175724;0
RGBITR;D;20160322;000000;376.88;377.35;376.72;377.04;10180090260;0
RGBITR;D;20160323;000000;377.11;377.58;376.56;376.56;9931782870;0
RGBITR;D;20160324;000000;376.41;376.41;374.39;374.45;16074739943;0
RGBITR;D;20160325;000000;374.61;375.86;374.61;375.79;2550120235;0
RGBITR;D;20160328;000000;375.87;376.25;375.84;375.89;2889116756;0
RGBITR;D;20160329;000000;375.97;376.22;375.21;375.21;10186569210;0
RGBITR;D;20160330;000000;375.26;376.65;375.26;376.65;12120997368;0
RGBITR;D;20160331;000000;376.82;377.35;376.71;376.88;13193749156;0
RGBITR;D;20160401;000000;377.05;377.4;376.83;376.83;7552315931;0
RGBITR;D;20160404;000000;377.23;377.23;376.21;376.78;8288805689;0
RGBITR;D;20160405;000000;376.83;376.86;375.98;376;8356815636;0
RGBITR;D;20160406;000000;375.97;376.6;375.97;376.13;13923915367;0
RGBITR;D;20160407;000000;376.01;376.72;375.23;375.23;16698983262;0
RGBITR;D;20160408;000000;375.4;375.97;375.05;375.75;12983575348;0
RGBITR;D;20160411;000000;375.82;376.49;375.49;376.45;9288734687;0
RGBITR;D;20160412;000000;376.63;376.91;376.61;376.87;9811244870;0
RGBITR;D;20160413;000000;376.9;377.03;376.7;376.95;10785434598;0
RGBITR;D;20160414;000000;377.13;377.13;376.51;376.74;7964129358;0
RGBITR;D;20160415;000000;376.9;377.2;376.8;376.94;9925747619;0
RGBITR;D;20160418;000000;377.08;377.08;375.99;376.56;6131324056;0
RGBITR;D;20160419;000000;376.65;378.14;376.65;377.94;2661863989;0
RGBITR;D;20160420;000000;377.95;378.6;377.46;378.6;4086542384;0
RGBITR;D;20160421;000000;378.8;379.26;378.69;378.69;20506040944;0
RGBITR;D;20160422;000000;378.8;378.92;378.2;378.2;16637288256;0
RGBITR;D;20160425;000000;378.43;378.71;377.88;377.93;8273978553;0
RGBITR;D;20160426;000000;378.12;378.2;377.86;377.99;13212048677;0
RGBITR;D;20160427;000000;378.05;378.47;378.03;378.47;21637441089;0
RGBITR;D;20160428;000000;378.56;379.63;378.56;379.62;42240785516;0
RGBITR;D;20160429;000000;379.8;381.46;379.8;381.46;17371061850;0
RGBITR;D;20160504;000000;381.42;381.48;381.04;381.23;11162360247;0
RGBITR;D;20160505;000000;381.43;381.56;381.21;381.54;6582994477;0
RGBITR;D;20160506;000000;381.54;381.95;381.43;381.65;14153493985;0
RGBITR;D;20160510;000000;381.94;381.95;381.44;381.72;11359640750;0
RGBITR;D;20160511;000000;381.81;383.08;381.81;383.01;23710327145;0
RGBITR;D;20160512;000000;382.96;384.16;382.96;383.91;18336259052;0
RGBITR;D;20160513;000000;383.89;384.07;383.73;384.07;8005505520;0
RGBITR;D;20160516;000000;384.48;384.97;384.36;384.82;8903288636;0
RGBITR;D;20160517;000000;384.86;385.11;384.51;384.55;8028452242;0
RGBITR;D;20160518;000000;384.62;384.72;383.87;384.1;12442156768;0
RGBITR;D;20160519;000000;384.18;384.23;381.16;381.73;14859337085;0
RGBITR;D;20160520;000000;381.88;383.8;381.88;383.61;8888317363;0
RGBITR;D;20160523;000000;383.81;383.81;383.22;383.59;11176331229;0
RGBITR;D;20160524;000000;383.71;383.84;383.67;383.71;9074998846;0
RGBITR;D;20160525;000000;383.81;384.56;383.78;384.51;13896245099;0
RGBITR;D;20160526;000000;384.59;384.72;384.18;384.2;9969958729;0
RGBITR;D;20160527;000000;384.26;384.31;383.93;383.97;13212198386;0
RGBITR;D;20160530;000000;384.28;384.68;384.09;384.25;1294680802;0
RGBITR;D;20160531;000000;384.31;384.41;384.06;384.41;7878913422;0
RGBITR;D;20160601;000000;384.57;384.57;383.76;383.81;7968365873;0
RGBITR;D;20160602;000000;383.77;383.86;383.03;383.03;10246044795;0
RGBITR;D;20160603;000000;383.08;383.73;383.05;383.64;20234891468;0
RGBITR;D;20160606;000000;383.91;386.13;383.91;386.12;20242876580;0
RGBITR;D;20160607;000000;386.22;387.15;386.11;387.05;4984282979;0
RGBITR;D;20160608;000000;387.06;387.6;386.69;387.54;13358926986;0
RGBITR;D;20160609;000000;387.52;387.54;386.56;386.59;12649394857;0
RGBITR;D;20160610;000000;386.57;388.45;386.5;388.32;13968325823;0
RGBITR;D;20160614;000000;388.63;388.71;386.86;387.18;7028850851;0
RGBITR;D;20160615;000000;387.17;387.53;386.64;387.53;10985484752;0
RGBITR;D;20160616;000000;387.54;387.55;386.85;387.31;4710541299;0
RGBITR;D;20160617;000000;387.41;387.9;387.12;387.88;2955650004;0
RGBITR;D;20160620;000000;388.08;389.26;388.04;389.26;8213386491;0
RGBITR;D;20160621;000000;389.36;389.69;388.89;389.69;5516821905;0
RGBITR;D;20160622;000000;389.73;390.05;389.67;390.03;5205797793;0
RGBITR;D;20160623;000000;389.88;390.43;389.21;390.43;3050786140;0
RGBITR;D;20160624;000000;389.72;389.72;387.24;388.51;16114093461;0
RGBITR;D;20160627;000000;388.96;390.72;388.96;390.71;7793707056;0
RGBITR;D;20160628;000000;390.65;391.51;390.65;391.51;11390054591;0
RGBITR;D;20160629;000000;391.58;392.29;391.58;392.29;14684430277;0
RGBITR;D;20160630;000000;392.37;393.18;392.09;393.18;12498195561;0
RGBITR;D;20160701;000000;393.33;395.07;393.08;394.78;12986670861;0
RGBITR;D;20160704;000000;395.02;395.04;394.06;394.06;5602223448;0
RGBITR;D;20160705;000000;394.14;394.14;393.11;393.14;14598907168;0
RGBITR;D;20160706;000000;393.16;393.16;392.19;392.27;11865161998;0
RGBITR;D;20160707;000000;392.37;393.38;392.37;393.31;8455676419;0
RGBITR;D;20160708;000000;393.37;393.37;391.94;392.43;12283000339;0
RGBITR;D;20160711;000000;392.82;392.96;392.51;392.96;4088908240;0
RGBITR;D;20160712;000000;393.08;394.09;393.02;393.82;14484015650;0
RGBITR;D;20160713;000000;393.9;393.9;393.03;393.34;7390842238;0
RGBITR;D;20160714;000000;393.51;394;393.35;394;19330189384;0
RGBITR;D;20160715;000000;394.14;394.28;393.76;393.91;9088865803;0
RGBITR;D;20160718;000000;394.15;394.15;393.35;393.4;4500371680;0
RGBITR;D;20160719;000000;393.48;393.65;393.3;393.43;3542312709;0
RGBITR;D;20160720;000000;393.52;393.57;392.88;393.38;5850552490;0
RGBITR;D;20160721;000000;393.4;393.58;393.11;393.23;4365548698;0
RGBITR;D;20160722;000000;393.31;393.54;392.72;392.73;13104186153;0
RGBITR;D;20160725;000000;392.99;393.33;392.27;393.19;7947685399;0
RGBITR;D;20160726;000000;393.37;393.42;392.56;392.7;9186010137;0
RGBITR;D;20160727;000000;392.78;393.31;392.61;393.21;10790325603;0
RGBITR;D;20160728;000000;393.29;393.81;393.25;393.8;17815563884;0
RGBITR;D;20160729;000000;393.88;394.68;393.78;394.68;11549091983;0
RGBITR;D;20160801;000000;394.88;395.47;394.82;395.4;5496548348;0
RGBITR;D;20160802;000000;395.29;395.29;394.77;395.02;15166317859;0
RGBITR;D;20160803;000000;395.05;395.05;394.52;394.55;8375497374;0
RGBITR;D;20160804;000000;394.63;395.07;394.53;395.05;11359033585;0
RGBITR;D;20160805;000000;395.15;396.59;395.15;396.56;11291995365;0
RGBITR;D;20160808;000000;397.03;397.24;396.53;396.96;8513444201;0
RGBITR;D;20160809;000000;396.96;397.63;396.96;397.56;10393169348;0
RGBITR;D;20160810;000000;397.73;398.31;397.26;398.29;8879692461;0
RGBITR;D;20160811;000000;398.39;398.41;397.83;398.13;10113702669;0
RGBITR;D;20160812;000000;398.19;398.86;397.94;397.96;12649002472;0
RGBITR;D;20160815;000000;398.24;398.41;397.97;398.18;11297830885;0
RGBITR;D;20160816;000000;398.29;398.56;397.96;398.37;10660900705;0
RGBITR;D;20160817;000000;398.35;398.37;397.79;397.95;5933368773;0
RGBITR;D;20160818;000000;397.97;398.46;397.97;398.46;8479957105;0
RGBITR;D;20160819;000000;398.57;399.77;398.38;399.35;3572163489;0
RGBITR;D;20160822;000000;399.61;399.69;398.5;398.58;2441971449;0
RGBITR;D;20160823;000000;398.69;399.08;398.46;399.06;4048062635;0
RGBITR;D;20160824;000000;399.09;399.21;398.93;398.98;5055725285;0
RGBITR;D;20160825;000000;399.04;399.53;398.7;399.53;4539872852;0
RGBITR;D;20160826;000000;399.52;400.04;399.34;399.97;3587864751;0
RGBITR;D;20160829;000000;400.16;400.29;399.56;400.26;1629807959;0
RGBITR;D;20160830;000000;400.32;400.69;399.98;400.69;1340853592;0
RGBITR;D;20160831;000000;400.85;401.44;400.71;401.39;15410064506;0
RGBITR;D;20160901;000000;401.24;402.11;401.24;401.97;10182495674;0
RGBITR;D;20160902;000000;402.03;402.79;401.75;402.78;11951008464;0
RGBITR;D;20160905;000000;402.94;404.22;402.94;403.76;3782288097;0
RGBITR;D;20160906;000000;403.76;404.23;403.76;404.2;15331279221;0
RGBITR;D;20160907;000000;404.26;405.92;404.26;405.77;15968551512;0
RGBITR;D;20160908;000000;406.06;407.04;405.94;406.97;17402053957;0
RGBITR;D;20160909;000000;406.92;407.13;406.1;406.1;10033862460;0
RGBITR;D;20160912;000000;406.35;406.52;405.11;405.29;11490624695;0
RGBITR;D;20160913;000000;405.53;406.12;405.14;405.61;8595836072;0
RGBITR;D;20160914;000000;405.76;406.35;405.38;405.41;18809069694;0
RGBITR;D;20160915;000000;405.46;406.06;405.46;405.81;12350233879;0
RGBITR;D;20160916;000000;405.93;406.27;404.57;404.57;15126483155;0
RGBITR;D;20160919;000000;404.93;405.01;403.61;403.62;12012113574;0
RGBITR;D;20160920;000000;403.65;403.69;402.24;402.35;28325684797;0
RGBITR;D;20160921;000000;402.41;404.51;402.38;404.51;27600125194;0
RGBITR;D;20160922;000000;404.71;406.7;404.71;405.98;25598836758;0
RGBITR;D;20160923;000000;405.94;406.06;405.18;405.19;18172986274;0
RGBITR;D;20160926;000000;405.61;405.68;404.69;404.8;18762995117;0
RGBITR;D;20160927;000000;404.98;405.26;404.72;404.76;13011190032;0
RGBITR;D;20160928;000000;404.9;404.96;404.39;404.69;13718552384;0
RGBITR;D;20160929;000000;404.85;405.96;404.84;405.96;15802449725;0
RGBITR;D;20160930;000000;406;406.14;405.67;405.75;14430250470;0
RGBITR;D;20161003;000000;406.17;407.57;406.17;407.5;10868739759;0
RGBITR;D;20161004;000000;407.37;407.84;407.23;407.23;10117610246;0
RGBITR;D;20161005;000000;407.1;407.27;406.68;406.68;8799641628;0
RGBITR;D;20161006;000000;406.69;406.75;405.63;405.78;9052606388;0
RGBITR;D;20161007;000000;405.63;406.14;405.01;405.16;5090180471;0
RGBITR;D;20161010;000000;405.52;405.58;404.76;404.89;7295443181;0
RGBITR;D;20161011;000000;405.04;405.16;404.47;404.47;10361654260;0
RGBITR;D;20161012;000000;404.4;404.48;403.86;404.15;6490126388;0
RGBITR;D;20161013;000000;404.31;404.38;403.01;403.25;3643832768;0
RGBITR;D;20161014;000000;403.42;403.98;403.34;403.87;7973800272;0
RGBITR;D;20161017;000000;404.27;404.27;402.74;402.74;9462310647;0
RGBITR;D;20161018;000000;402.87;402.87;401.93;402.19;6414745585;0
RGBITR;D;20161019;000000;402.23;404.04;402;403.8;11365967361;0
RGBITR;D;20161020;000000;403.82;404.29;403.73;404.12;5585841725;0
RGBITR;D;20161021;000000;404.33;404.81;403.85;404.8;6553037430;0
RGBITR;D;20161024;000000;404.94;405.32;404.6;405.16;3867602535;0
RGBITR;D;20161025;000000;405.15;405.31;404.77;404.79;3181395223;0
RGBITR;D;20161026;000000;404.87;405.01;404.35;404.41;6109411461;0
RGBITR;D;20161027;000000;404.52;404.6;403.73;403.73;18528854224;0
RGBITR;D;20161028;000000;403.87;404.04;402.77;402.87;7118329820;0
RGBITR;D;20161031;000000;403.39;403.39;402.69;402.94;8575904241;0
RGBITR;D;20161101;000000;402.99;403.31;402.94;403;10171625469;0
RGBITR;D;20161102;000000;403.19;403.43;401.93;402.2;12302519437;0
RGBITR;D;20161103;000000;402.18;402.45;401.46;402.45;10794191629;0
RGBITR;D;20161107;000000;402.73;404.27;402.73;404.26;13127730925;0
RGBITR;D;20161108;000000;404.45;405.25;404.45;405.14;4754487574;0
RGBITR;D;20161109;000000;405.16;405.75;404.65;404.79;18408111171;0
RGBITR;D;20161110;000000;404.96;405.1;403.72;403.72;11770562710;0
RGBITR;D;20161111;000000;403.84;403.84;400.67;400.67;28392881100;0
RGBITR;D;20161114;000000;400.84;401.08;399.65;400.19;11530000105;0
RGBITR;D;20161115;000000;400.32;401.82;400.32;401.78;11944795865;0
RGBITR;D;20161116;000000;401.98;402.58;401.19;401.26;6674597681;0
RGBITR;D;20161117;000000;401.51;402.09;401.44;402.08;6974455150;0
RGBITR;D;20161118;000000;402.17;402.24;401.3;402.08;6292938671;0
RGBITR;D;20161121;000000;402.28;403.31;402.28;403.17;4435647806;0
RGBITR;D;20161122;000000;403.31;404.09;403.31;403.48;6300914271;0
RGBITR;D;20161123;000000;403.59;403.88;402.58;402.58;11681035176;0
RGBITR;D;20161124;000000;402.5;403.19;401.66;402.82;5546462139;0
RGBITR;D;20161125;000000;403;403;402.06;402.06;13030670162;0
RGBITR;D;20161128;000000;402.35;402.42;402.03;402.42;1693246480;0
RGBITR;D;20161129;000000;402.55;403.05;402.27;402.36;5452427269;0
RGBITR;D;20161130;000000;402.5;402.5;401.82;402.28;10040554454;0
RGBITR;D;20161201;000000;402.55;403.37;402.31;403.37;16133705482;0
RGBITR;D;20161202;000000;403.63;403.95;403.47;403.63;6725123095;0
RGBITR;D;20161205;000000;403.92;404.27;403.6;404.23;8190241071;0
RGBITR;D;20161206;000000;404.37;404.97;404.28;404.97;15061245737;0
RGBITR;D;20161207;000000;405.24;406.34;405.18;406.34;25348925810;0
RGBITR;D;20161208;000000;406.39;407.31;406.11;407.27;14911575317;0
RGBITR;D;20161209;000000;407.32;408.23;407.32;408.19;19032035290;0
RGBITR;D;20161212;000000;408.4;409.85;408.4;409.84;12783180803;0
RGBITR;D;20161213;000000;409.42;410.29;409.42;409.96;18381485250;0
RGBITR;D;20161214;000000;410.13;410.84;410.11;410.81;23996722708;0
RGBITR;D;20161215;000000;410.6;410.75;409.85;410.02;24648515091;0
RGBITR;D;20161216;000000;410.17;410.54;410.12;410.42;9053105943;0
RGBITR;D;20161219;000000;410.54;410.77;410.28;410.56;5300017572;0
RGBITR;D;20161220;000000;410.7;410.98;410.67;410.67;9799826265;0
RGBITR;D;20161221;000000;410.78;410.98;410.53;410.55;8378338983;0
RGBITR;D;20161222;000000;410.64;411.12;410.33;410.92;11484624341;0
RGBITR;D;20161223;000000;410.88;411.55;409.51;411.53;13547016056;0
RGBITR;D;20161226;000000;411.92;411.92;411.28;411.38;4275213173;0
RGBITR;D;20161227;000000;411.51;412.02;411.45;411.93;7539692899;0
RGBITR;D;20161228;000000;412.06;412.48;411.76;412.35;16500792736;0
RGBITR;D;20161229;000000;412.62;413.68;412.58;413.56;6094383653;0
RGBITR;D;20161230;000000;413.78;414.67;413.55;413.58;2870214677;0
RGBITR;D;20170103;000000;414.1;414.43;413.69;414.42;83662159;0
RGBITR;D;20170104;000000;414.51;415.8;414.51;415.76;24077997;0
RGBITR;D;20170105;000000;415.58;416.06;415.5;415.9;32803211;0
RGBITR;D;20170106;000000;415.74;416.47;415.44;416.41;85103945;0
RGBITR;D;20170109;000000;416.71;417.12;415.84;417.12;6346680243;0
RGBITR;D;20170110;000000;417.28;418.33;417.28;418.33;21022546987;0
RGBITR;D;20170111;000000;418.52;418.81;417.89;418.61;17945633407;0
RGBITR;D;20170112;000000;418.53;419.77;417.96;419.77;17485831361;0
RGBITR;D;20170113;000000;419.82;420.19;419.64;420.17;12632673378;0
RGBITR;D;20170116;000000;420.42;420.42;420;420;5196519114;0
RGBITR;D;20170117;000000;420.09;420.59;420.09;420.59;17275871478;0
RGBITR;D;20170118;000000;420.61;420.71;420.21;420.31;10823076469;0
RGBITR;D;20170119;000000;420.36;420.51;419.44;419.68;19500145870;0
RGBITR;D;20170120;000000;420.16;420.43;419.91;420.06;10765847071;0
RGBITR;D;20170123;000000;420.37;420.44;420.18;420.22;6923619715;0
RGBITR;D;20170124;000000;420.36;420.46;419.82;419.82;11632309839;0
RGBITR;D;20170125;000000;419.9;420.03;418.66;418.66;18904576996;0
RGBITR;D;20170126;000000;418.65;418.67;416.65;416.69;27572870938;0
RGBITR;D;20170127;000000;416.87;418.26;416.35;418.24;23020525992;0
RGBITR;D;20170130;000000;418.65;419.19;418.36;419.07;5080834685;0
RGBITR;D;20170131;000000;419.16;419.21;418.21;419.19;16537113452;0
RGBITR;D;20170201;000000;419.27;419.78;419.15;419.67;10933257610;0
RGBITR;D;20170202;000000;419.72;420.56;419.72;420.5;21123275369;0
RGBITR;D;20170203;000000;420.66;421.14;420.36;420.36;17010967754;0
RGBITR;D;20170206;000000;420.67;420.7;419.93;420.43;6716774732;0
RGBITR;D;20170207;000000;420.61;420.81;419.73;419.73;7121458422;0
RGBITR;D;20170208;000000;420.06;420.19;419.6;419.7;7833678064;0
RGBITR;D;20170209;000000;419.82;420.21;419.82;420.04;6945122386;0
RGBITR;D;20170210;000000;419.97;420.6;419.82;420.54;9393815072;0
RGBITR;D;20170213;000000;420.75;421.21;420.36;421.1;5134698736;0
RGBITR;D;20170214;000000;421.23;421.26;420.69;421.1;4309353098;0
RGBITR;D;20170215;000000;421.23;421.26;420.19;420.19;19589319083;0
RGBITR;D;20170216;000000;420.2;420.57;419.5;419.5;14747455106;0
RGBITR;D;20170217;000000;419.57;419.58;418.3;418.34;10444573738;0
RGBITR;D;20170220;000000;418.64;419.23;418.5;418.87;6624520886;0
RGBITR;D;20170221;000000;418.94;419.26;418.37;419.15;5548667587;0
RGBITR;D;20170222;000000;419.33;419.35;418.71;418.78;13405759578;0
RGBITR;D;20170224;000000;419.03;419.55;418.75;419.38;9977278;0
RGBITR;D;20170227;000000;419.79;419.79;418.5;419.1;5461698268;0
RGBITR;D;20170228;000000;419.28;419.28;418.47;418.54;6429167063;0
RGBITR;D;20170301;000000;418.73;418.93;417.91;418.89;18779218196;0
RGBITR;D;20170302;000000;419.07;419.13;418.12;418.12;11688125466;0
RGBITR;D;20170303;000000;418.31;418.92;418.25;418.92;19947518777;0
RGBITR;D;20170306;000000;419.4;420.18;419.16;420.05;6186474707;0
RGBITR;D;20170307;000000;420.22;420.52;419.64;420.52;2965147804;0
RGBITR;D;20170309;000000;420.43;420.52;419.37;420.19;12228105145;0
RGBITR;D;20170310;000000;420.32;421.35;420.16;421.28;13464663747;0
RGBITR;D;20170313;000000;421.6;422.06;420.98;421.99;10791639931;0
RGBITR;D;20170314;000000;422.08;422.37;421.98;422.32;9749864575;0
RGBITR;D;20170315;000000;422.39;423.35;422.03;423.34;13693198140;0
RGBITR;D;20170316;000000;423.61;424.53;423.61;424.53;51053176183;0
RGBITR;D;20170317;000000;424.65;424.94;424.22;424.94;25357955183;0
RGBITR;D;20170320;000000;425.27;425.98;425.27;425.71;12300723652;0
RGBITR;D;20170321;000000;425.78;425.99;425.5;425.83;19280601469;0
RGBITR;D;20170322;000000;425.93;426.03;424.99;425.01;14709062575;0
RGBITR;D;20170323;000000;425.09;425.66;425.09;425.43;16835740907;0
RGBITR;D;20170324;000000;425.47;426.28;425.45;426.09;16408889401;0
RGBITR;D;20170327;000000;426.3;426.37;425.24;426.36;16016752898;0
RGBITR;D;20170328;000000;426.41;426.64;426.16;426.49;8806466487;0
RGBITR;D;20170329;000000;426.64;427.18;426.37;426.46;8393636933;0
RGBITR;D;20170330;000000;426.72;427.61;426.72;427.61;15421892987;0
RGBITR;D;20170331;000000;427.67;428.2;427.46;427.47;9779431674;0
RGBITR;D;20170403;000000;427.75;428.28;427.48;427.5;3888391773;0
RGBITR;D;20170404;000000;427.54;427.61;427.03;427.21;7630545541;0
RGBITR;D;20170405;000000;427.44;428.58;427.44;428.42;22731485219;0
RGBITR;D;20170406;000000;428.51;428.93;428.1;428.89;13824602981;0
RGBITR;D;20170407;000000;429.09;429.14;427.51;428.3;13148984966;0
RGBITR;D;20170410;000000;428.65;428.82;427.26;427.29;6765540874;0
RGBITR;D;20170411;000000;427.47;427.88;427.21;427.28;15342760324;0
RGBITR;D;20170412;000000;427.53;427.53;426.64;426.64;7823487466;0
RGBITR;D;20170413;000000;426.83;427.36;426.83;427.15;22750381254;0
RGBITR;D;20170414;000000;427.27;428.3;427.27;427.96;6688648405;0
RGBITR;D;20170417;000000;428.27;428.42;427.89;428.42;5558636834;0
RGBITR;D;20170418;000000;428.59;428.76;428.18;428.29;9592298414;0
RGBITR;D;20170419;000000;427.73;428.45;427.24;428.44;17228459390;0
RGBITR;D;20170420;000000;429.3;430.06;428.77;430.05;18273240514;0
RGBITR;D;20170421;000000;430.09;432.03;430.06;432.03;21993055807;0
RGBITR;D;20170424;000000;432.27;434.3;432.27;433.9;9533711701;0
RGBITR;D;20170425;000000;434.1;434.38;433.08;433.45;8328789483;0
RGBITR;D;20170426;000000;433.56;433.56;432.96;433.3;7580894488;0
RGBITR;D;20170427;000000;433.42;433.56;433.08;433.17;5860647180;0
RGBITR;D;20170428;000000;433.33;434.79;433.3;434.76;13297758086;0
RGBITR;D;20170502;000000;435.11;435.53;434.8;435.45;3752063070;0
RGBITR;D;20170503;000000;435.55;435.91;435.23;435.71;8186530607;0
RGBITR;D;20170504;000000;435.87;435.87;434.69;434.69;7532098601;0
RGBITR;D;20170505;000000;434.55;434.6;432.69;433.02;15559649221;0
RGBITR;D;20170510;000000;433.31;434.93;432.62;434.67;9390566194;0
RGBITR;D;20170511;000000;434.42;436.56;434.42;436.35;11833198305;0
RGBITR;D;20170512;000000;436.55;436.81;436.22;436.79;17825311903;0
RGBITR;D;20170515;000000;437.11;437.6;437.02;437.35;7546606308;0
RGBITR;D;20170516;000000;437.48;437.91;437.2;437.2;12139573573;0
RGBITR;D;20170517;000000;437.3;437.6;436.61;436.61;6010860618;0
RGBITR;D;20170518;000000;436.7;436.7;435.23;435.53;7587262153;0
RGBITR;D;20170519;000000;435.61;437.22;435.61;437.19;6492252939;0
RGBITR;D;20170522;000000;437.56;438.17;437.27;438.04;10080945879;0
RGBITR;D;20170523;000000;438.1;438.25;437.71;438.04;6010748897;0
RGBITR;D;20170524;000000;438.23;438.67;437.51;437.53;13450316899;0
RGBITR;D;20170525;000000;437.69;438.25;437.37;437.38;4080511996;0
RGBITR;D;20170526;000000;437.49;437.49;436.3;436.44;13633589817;0
RGBITR;D;20170529;000000;436.81;437.12;436.46;437.07;1235111373;0
RGBITR;D;20170530;000000;437.18;438.02;436.77;436.86;3846266850;0
RGBITR;D;20170531;000000;437.12;437.28;436.24;436.67;14077924553;0
RGBITR;D;20170601;000000;436.64;437.65;436.64;437.43;15848402873;0
RGBITR;D;20170602;000000;437.8;438.1;437.31;438.08;10251106992;0
RGBITR;D;20170605;000000;438.3;438.63;437.82;438.45;5670499587;0
RGBITR;D;20170606;000000;438.6;438.81;438.36;438.44;6255432149;0
RGBITR;D;20170607;000000;438.35;438.96;438.19;438.81;9433693490;0
RGBITR;D;20170608;000000;438.86;438.88;438.35;438.4;10739023511;0
RGBITR;D;20170609;000000;438.36;439.12;438.28;439.11;5243564834;0
RGBITR;D;20170613;000000;439.48;439.83;439.38;439.83;8463104647;0
RGBITR;D;20170614;000000;440;440.07;439.35;439.49;19468661293;0
RGBITR;D;20170615;000000;439.6;439.66;438.34;438.34;26394021720;0
RGBITR;D;20170616;000000;438.47;438.47;437.11;437.11;26984893214;0
RGBITR;D;20170619;000000;437.3;437.53;435.64;435.78;26700161982;0
RGBITR;D;20170620;000000;436.04;436.47;435.69;435.92;30814176490;0
RGBITR;D;20170621;000000;435.86;436.44;435.72;436.42;17083335429;0
RGBITR;D;20170622;000000;436.4;437.19;435.93;437.16;24094397156;0
RGBITR;D;20170623;000000;437.28;438.24;436.83;438.2;8496947354;0
RGBITR;D;20170626;000000;438.45;439.54;438.4;439.27;13120043379;0
RGBITR;D;20170627;000000;439.3;439.49;438.91;438.95;17304128833;0
RGBITR;D;20170628;000000;438.94;438.94;438.22;438.35;11853222988;0
RGBITR;D;20170629;000000;438.5;439.38;438.47;438.76;17695634151;0
RGBITR;D;20170630;000000;438.89;439.05;438.19;438.73;5427414704;0
RGBITR;D;20170703;000000;439.13;439.67;439.04;439.05;3499241623;0
RGBITR;D;20170704;000000;439.16;439.48;438.97;439.28;2043688609;0
RGBITR;D;20170705;000000;439.36;439.36;438.27;438.27;19866527899;0
RGBITR;D;20170706;000000;438.28;438.38;437.13;437.25;22565880651;0
RGBITR;D;20170707;000000;437.33;437.54;436.28;436.55;21395990145;0
RGBITR;D;20170710;000000;436.85;437.56;436.85;437.46;7192987957;0
RGBITR;D;20170711;000000;437.61;437.77;436.94;437;9185940673;0
RGBITR;D;20170712;000000;437.14;437.84;436.92;437.84;17666334860;0
RGBITR;D;20170713;000000;437.82;438.6;437.77;438.41;9326061759;0
RGBITR;D;20170714;000000;438.44;439.31;438.35;439.31;17119516470;0
RGBITR;D;20170717;000000;439.6;440.09;439.51;439.84;6825798007;0
RGBITR;D;20170718;000000;439.91;439.91;439.47;439.81;9761733207;0
RGBITR;D;20170719;000000;439.9;440.63;439.71;439.71;9576733267;0
RGBITR;D;20170720;000000;439.93;439.94;439.45;439.83;16268456924;0
RGBITR;D;20170721;000000;439.97;441.09;439.97;440.66;19552138687;0
RGBITR;D;20170724;000000;440.89;440.89;438.97;438.97;17319279831;0
RGBITR;D;20170725;000000;439.09;439.16;438.69;439.11;13554830701;0
RGBITR;D;20170726;000000;439.34;439.68;438.98;439.68;11853390732;0
RGBITR;D;20170727;000000;439.78;440.71;439.6;440.71;10658243739;0
RGBITR;D;20170728;000000;440.8;441.27;440.68;440.68;10999032743;0
RGBITR;D;20170731;000000;440.93;440.93;440.31;440.68;6741080064;0
RGBITR;D;20170801;000000;440.79;441.02;440.63;440.8;5935028838;0
RGBITR;D;20170802;000000;440.98;441.4;440.4;440.59;18287004124;0
RGBITR;D;20170803;000000;440.65;441.23;440.53;441.23;24528266937;0
RGBITR;D;20170804;000000;441.46;442.41;441.46;442.41;16585631288;0
RGBITR;D;20170807;000000;442.71;443.41;442.7;443.13;7674766017;0
RGBITR;D;20170808;000000;443.11;443.26;442.72;442.72;7215177489;0
RGBITR;D;20170809;000000;442.95;442.98;442.65;442.79;2333621396;0
RGBITR;D;20170810;000000;442.86;443.4;442.57;443.35;9273848859;0
RGBITR;D;20170811;000000;443.41;443.41;442.21;443.14;6315161512;0
RGBITR;D;20170814;000000;443.36;444.15;443.13;444.11;7803657581;0
RGBITR;D;20170815;000000;444.13;444.76;443.96;443.97;15278676183;0
RGBITR;D;20170816;000000;444.34;444.47;443.87;444.18;15302861501;0
RGBITR;D;20170817;000000;444.26;444.6;444.09;444.51;21507197958;0
RGBITR;D;20170818;000000;444.68;444.89;444.49;444.73;4104075597;0
RGBITR;D;20170821;000000;445.07;445.29;444.75;445.01;9100403795;0
RGBITR;D;20170822;000000;445.28;445.28;445.02;445.05;10967165086;0
RGBITR;D;20170823;000000;445.18;445.37;445.05;445.35;6092990334;0
RGBITR;D;20170824;000000;445.43;445.54;445.22;445.41;11497421565;0
RGBITR;D;20170825;000000;445.47;445.64;445.39;445.41;7623418506;0
RGBITR;D;20170828;000000;445.59;445.99;445.39;445.75;2957012489;0
RGBITR;D;20170829;000000;445.68;445.68;445.25;445.25;11736951277;0
RGBITR;D;20170830;000000;445.35;445.75;445.17;445.72;17825194673;0
RGBITR;D;20170831;000000;445.89;446.6;445.71;446.6;20933691911;0
RGBITR;D;20170901;000000;446.67;448.09;446.67;448.07;28391317509;0
RGBITR;D;20170904;000000;448.43;448.99;448.29;448.53;2587479453;0
RGBITR;D;20170905;000000;448.54;449.25;448.35;449.25;33347829051;0
RGBITR;D;20170906;000000;449.44;451.13;449.44;451.11;28028433538;0
RGBITR;D;20170907;000000;451.13;451.72;451.06;451.64;22608858531;0
RGBITR;D;20170908;000000;451.67;451.9;451.57;451.71;14129076447;0
RGBITR;D;20170911;000000;451.9;451.98;451.65;451.87;5467392279;0
RGBITR;D;20170912;000000;451.94;452.04;451.6;451.61;11778006045;0
RGBITR;D;20170913;000000;451.78;451.98;451.44;451.62;19142252923;0
RGBITR;D;20170914;000000;451.79;452.12;451.73;451.92;20344740089;0
RGBITR;D;20170915;000000;451.88;452.18;451.56;452.18;28519661934;0
RGBITR;D;20170918;000000;452.5;452.85;452.06;452.06;16964050175;0
RGBITR;D;20170919;000000;452.11;452.2;451.75;451.8;11049384596;0
RGBITR;D;20170920;000000;451.88;452.41;451.81;452.38;10174714726;0
RGBITR;D;20170921;000000;452.55;452.94;452.12;452.17;10129179814;0
RGBITR;D;20170922;000000;452.47;452.67;452.35;452.47;7584194241;0
RGBITR;D;20170925;000000;452.85;453.59;452.53;452.53;11975519443;0
RGBITR;D;20170926;000000;452.64;452.81;451.92;451.94;19144091574;0
RGBITR;D;20170927;000000;452.05;452.15;450.45;450.56;41023082953;0
RGBITR;D;20170928;000000;450.68;451.78;450.63;451.78;38186373364;0
RGBITR;D;20170929;000000;451.65;452.63;451.49;452.44;21146214242;0
RGBITR;D;20171002;000000;452.68;452.82;452.31;452.33;14830052872;0
RGBITR;D;20171003;000000;452.37;452.71;452.25;452.3;13312029329;0
RGBITR;D;20171004;000000;452.36;453;452.2;452.98;24377955566;0
RGBITR;D;20171005;000000;453.02;454.04;453.02;453.99;16992392197;0
RGBITR;D;20171006;000000;454.02;454.3;453.83;453.94;15390110168;0
RGBITR;D;20171009;000000;453.95;454.45;453.46;453.84;4417193391;0
RGBITR;D;20171010;000000;453.89;454.5;453.42;454.5;18692279849;0
RGBITR;D;20171011;000000;454.55;455.47;454.45;455.35;30720473159;0
RGBITR;D;20171012;000000;455.41;456.19;455.29;456.14;36765755810;0
RGBITR;D;20171013;000000;456.24;456.99;456.21;456.99;18866382000;0
RGBITR;D;20171016;000000;457.24;457.58;457.01;457.01;26731390814;0
RGBITR;D;20171017;000000;457.19;457.22;456.39;456.49;13579693099;0
RGBITR;D;20171018;000000;456.6;457.06;456.6;457.05;41863757007;0
RGBITR;D;20171019;000000;457.1;457.16;456.85;457.16;11434277918;0
RGBITR;D;20171020;000000;457.42;457.7;456.93;457.04;22939729260;0
RGBITR;D;20171023;000000;457.27;457.47;456.92;457.31;4873738741;0
RGBITR;D;20171024;000000;457.33;457.48;457.21;457.21;15517622764;0
RGBITR;D;20171025;000000;457.32;457.4;457.1;457.18;16116489625;0
RGBITR;D;20171026;000000;457.27;457.27;456.83;457.08;14800104669;0
RGBITR;D;20171027;000000;457.2;457.34;456.3;456.3;30940249471;0
RGBITR;D;20171030;000000;456.53;457.14;456.26;457.01;11001342832;0
RGBITR;D;20171031;000000;457.11;457.27;456.84;456.85;14172068329;0
RGBITR;D;20171101;000000;457.02;457.3;456.88;457.09;17604636440;0
RGBITR;D;20171102;000000;457.21;457.44;457.21;457.23;17843536545;0
RGBITR;D;20171103;000000;457.52;457.76;457.08;457.08;12172397106;0
RGBITR;D;20171107;000000;457.41;457.66;457.26;457.41;15667644037;0
RGBITR;D;20171108;000000;457.53;457.61;456.72;456.78;22941407841;0
RGBITR;D;20171109;000000;456.76;456.92;456.47;456.87;10278134504;0
RGBITR;D;20171110;000000;456.96;457.19;456.94;456.94;29429920961;0
RGBITR;D;20171113;000000;457.18;457.32;456.25;456.25;13897590280;0
RGBITR;D;20171114;000000;456.36;456.46;455.63;455.98;14041489748;0
RGBITR;D;20171115;000000;456.07;456.22;455.75;456.22;10301451710;0
RGBITR;D;20171116;000000;456.3;456.9;456.11;456.9;22310853025;0
RGBITR;D;20171117;000000;457;457.6;456.98;457.56;9099892416;0
RGBITR;D;20171120;000000;457.84;458.06;457.65;457.71;7628572226;0
RGBITR;D;20171121;000000;457.9;458.1;457.6;457.69;7051600749;0
RGBITR;D;20171122;000000;457.8;458.45;457.79;458.44;16696961500;0
RGBITR;D;20171123;000000;458.52;459.03;458.38;458.98;21232813513;0
RGBITR;D;20171124;000000;459.08;459.22;458.94;459.12;7411463342;0
RGBITR;D;20171127;000000;459.38;459.73;459.33;459.64;6214735970.52;0
RGBITR;D;20171128;000000;460.24;460.29;459.76;460.09;20497119704.5;0
RGBITR;D;20171129;000000;460.13;460.77;460.13;460.5;17286632645.8;0
RGBITR;D;20171130;000000;460.58;460.58;459.97;460.31;17029765994.7;0
RGBITR;D;20171201;000000;460.41;460.82;460.27;460.8;11358521453.3;0
RGBITR;D;20171204;000000;461.14;461.14;460.59;460.74;16907872488.1;0
RGBITR;D;20171205;000000;460.83;461.31;460.54;461.31;12801033939.1;0
RGBITR;D;20171206;000000;461.23;461.54;460.61;461.44;10909109222.6;0
RGBITR;D;20171207;000000;461.67;461.82;461.48;461.81;7895501587.96;0
RGBITR;D;20171208;000000;461.87;462.12;461.87;462.03;5344621741.09;0
RGBITR;D;20171211;000000;462.6;462.6;462.08;462.38;4891006022.32;0
RGBITR;D;20171212;000000;462.43;462.72;462.24;462.64;17975120295.9;0
RGBITR;D;20171213;000000;462.68;462.73;462.24;462.46;8833427364.29;0
RGBITR;D;20171214;000000;462.58;462.86;462.53;462.7;13406858131.9;0
RGBITR;D;20171215;000000;462.8;463.74;462.61;463.72;11085522661.7;0
RGBITR;D;20171218;000000;463.98;464.46;463.76;464.19;16330325737.1;0
RGBITR;D;20171219;000000;464.23;464.8;464.12;464.48;19269023940.7;0
RGBITR;D;20171220;000000;464.56;465.18;464.55;465.15;21412565298.8;0
RGBITR;D;20171221;000000;465.25;465.62;465.17;465.33;15360526180.9;0
RGBITR;D;20171222;000000;465.63;465.86;465.34;465.38;13530355768.4;0
RGBITR;D;20171225;000000;465.55;466.07;465.51;465.93;3861358847.18;0
RGBITR;D;20171226;000000;466.03;466.17;465.84;465.93;13069551358.4;0
RGBITR;D;20171227;000000;466.04;466.71;465.85;466.04;27651695229.9;0
RGBITR;D;20171228;000000;466.12;466.72;465.84;466.24;17234690668.9;0
RGBITR;D;20171229;000000;466.38;467.14;466.38;466.49;4924506264.69;0
RGBITR;D;20180103;000000;467.14;467.85;467.08;467.85;24771675.11;0
RGBITR;D;20180104;000000;468.22;468.4;467.58;468.4;33462603.15;0
RGBITR;D;20180105;000000;468.57;468.74;468.55;468.64;78681643.68;0
RGBITR;D;20180109;000000;468.93;469.38;467.73;469.35;23624189439.2;0
RGBITR;D;20180110;000000;469.48;470.53;469.48;470.29;18664580031.3;0
RGBITR;D;20180111;000000;470.23;470.23;469.39;469.43;8573413153.1;0
RGBITR;D;20180112;000000;469.48;470.03;469.46;470.03;21972340790.8;0
RGBITR;D;20180115;000000;470.27;471.24;470.27;471.1;17020054739.1;0
RGBITR;D;20180116;000000;471.22;471.22;470.86;470.86;11566443311.9;0
RGBITR;D;20180117;000000;470.91;470.96;470.17;470.23;21067376737.8;0
RGBITR;D;20180118;000000;470.4;470.73;470.28;470.66;28030307837.9;0
RGBITR;D;20180119;000000;470.86;471.05;470.79;470.96;10287425573.1;0
RGBITR;D;20180122;000000;471.46;471.46;470.94;471.34;4187701053.26;0
RGBITR;D;20180123;000000;471.43;471.57;471.19;471.25;13864924614.5;0
RGBITR;D;20180124;000000;471.32;472.17;471.3;471.84;25645030475.5;0
RGBITR;D;20180125;000000;471.91;473.17;471.9;472.24;27634632633.5;0
RGBITR;D;20180126;000000;472.35;472.35;471.66;471.68;13275794725.4;0
RGBITR;D;20180129;000000;472.11;472.17;471.48;471.5;9442517822.09;0
RGBITR;D;20180130;000000;471.5;473.12;471.38;473.12;51321319204.9;0
RGBITR;D;20180131;000000;473.59;474.77;473.28;474.72;39838073531.5;0
RGBITR;D;20180201;000000;474.92;475.48;474.92;475.21;38074845632.1;0
RGBITR;D;20180202;000000;475.17;475.86;475.11;475.75;33595311475;0
RGBITR;D;20180205;000000;476.65;476.91;475.54;476.19;29861668141.4;0
RGBITR;D;20180206;000000;476.36;476.36;475.69;475.84;33755148886.6;0
RGBITR;D;20180207;000000;475.96;477.72;475.96;477.72;52030053286.8;0
RGBITR;D;20180208;000000;478.13;478.5;477.14;477.33;28181349500.1;0
RGBITR;D;20180209;000000;477.44;477.82;477.13;477.82;21518680923.7;0
RGBITR;D;20180212;000000;478.08;478.47;478.05;478.24;13978979747;0
RGBITR;D;20180213;000000;478.36;478.64;478.26;478.26;13752918510.6;0
RGBITR;D;20180214;000000;478.46;478.89;478.36;478.58;26976752710.5;0
RGBITR;D;20180215;000000;478.64;479.25;478.64;479.19;46277098468.6;0
RGBITR;D;20180216;000000;479.28;480.57;479.28;480.57;49779325363.3;0
RGBITR;D;20180219;000000;480.77;481.23;480.73;481.05;15051373428.2;0
RGBITR;D;20180220;000000;481.28;481.28;480.68;480.68;29279797378.9;0
RGBITR;D;20180221;000000;480.78;481.33;480.64;481.33;21329695416.4;0
RGBITR;D;20180222;000000;481.24;481.55;481;481.38;25831007646.6;0
RGBITR;D;20180226;000000;481.81;483.52;481.79;483.28;16605524886.6;0
RGBITR;D;20180227;000000;483.22;483.45;482.48;482.48;35645464394.8;0
RGBITR;D;20180228;000000;482.59;483;482.19;482.41;16123800766.8;0
RGBITR;D;20180301;000000;482.31;482.72;482.14;482.14;27868159675.2;0
RGBITR;D;20180302;000000;482.17;482.32;481.75;481.75;9314526509.16;0
RGBITR;D;20180305;000000;481.9;482.06;481.63;482.05;12408537182.3;0
RGBITR;D;20180306;000000;482.14;482.64;482.03;482.64;9497435521.02;0
RGBITR;D;20180307;000000;482.81;483.02;482.72;483.02;10304009551;0
RGBITR;D;20180309;000000;483.21;483.78;483.08;483.69;169316771.4;0
RGBITR;D;20180312;000000;484.15;484.17;483.43;483.5;17787409332.3;0
RGBITR;D;20180313;000000;483.68;483.98;483.56;483.56;16306754967.3;0
RGBITR;D;20180314;000000;483.74;483.83;483.47;483.47;30841037610.5;0
RGBITR;D;20180315;000000;483.79;483.79;482.73;482.74;21690196801.7;0
RGBITR;D;20180316;000000;482.84;482.84;482.37;482.69;11995966243.6;0
RGBITR;D;20180319;000000;483.08;483.27;482.85;483;11373794048.7;0
RGBITR;D;20180320;000000;483.1;483.83;482.99;483.83;21642692273.6;0
RGBITR;D;20180321;000000;483.97;484.92;483.87;484.91;34744807323;0
RGBITR;D;20180322;000000;484.98;485.83;484.92;485.83;22596428761.5;0
RGBITR;D;20180323;000000;485.85;486.45;485.85;486.22;28993781757.5;0
RGBITR;D;20180326;000000;486.41;486.62;486.1;486.1;8216169308.34;0
RGBITR;D;20180327;000000;486.19;486.24;485.51;485.61;18141954566.1;0
RGBITR;D;20180328;000000;485.78;485.82;485.28;485.44;10910069446.1;0
RGBITR;D;20180329;000000;485.52;485.64;485.29;485.64;19888642229.9;0
RGBITR;D;20180330;000000;485.79;486.04;485.56;486.04;3484818801.67;0
RGBITR;D;20180402;000000;486.3;486.72;486.3;486.42;3304054427.36;0
RGBITR;D;20180403;000000;486.51;486.6;486.02;486.02;12873398470.3;0
RGBITR;D;20180404;000000;486.16;486.39;486.05;486.23;23575894063.5;0
RGBITR;D;20180405;000000;486.36;486.71;486.3;486.46;25454824045.7;0
RGBITR;D;20180406;000000;486.54;486.58;486.16;486.17;17714979107.3;0
RGBITR;D;20180409;000000;486.65;487.17;482.78;482.78;75232161964.5;0
RGBITR;D;20180410;000000;482.76;482.8;476.09;476.09;64111936733.7;0
RGBITR;D;20180411;000000;476.14;476.14;472.68;474.62;36455640627.1;0
RGBITR;D;20180412;000000;474.89;479.21;474.89;479.11;57181358587.7;0
RGBITR;D;20180413;000000;479.35;480.33;478.04;478.04;33426881535.9;0
RGBITR;D;20180416;000000;477.89;477.89;475.92;477.21;38590434225.3;0
RGBITR;D;20180417;000000;477.29;479.46;477.29;479.11;45856357205.7;0
RGBITR;D;20180418;000000;479.33;479.84;478.58;479.59;28533165287.9;0
RGBITR;D;20180419;000000;479.83;481.42;479.81;480.96;33827556004.3;0
RGBITR;D;20180420;000000;481.18;481.6;480.91;481.08;17444674880.9;0
RGBITR;D;20180423;000000;481.36;481.56;480.92;481.18;34999403321.8;0
RGBITR;D;20180424;000000;481.28;482.19;481.28;482.12;34296933760.4;0
RGBITR;D;20180425;000000;482.42;483.14;481.87;481.87;18207418387.4;0
RGBITR;D;20180426;000000;481.8;481.92;481.25;481.26;23319763384.5;0
RGBITR;D;20180427;000000;481.76;482.16;481.47;482.16;18824458257;0
RGBITR;D;20180428;000000;482.35;483.3;482.27;482.64;2678701075.82;0
RGBITR;D;20180430;000000;483.02;483.33;482.43;482.82;21160649.86;0
RGBITR;D;20180502;000000;483.04;483.48;482.92;482.93;53896535.67;0
RGBITR;D;20180503;000000;483;483;480.49;482.08;14438253129.9;0
RGBITR;D;20180504;000000;482.16;482.2;481.68;481.95;18472764041;0
RGBITR;D;20180507;000000;482.46;482.94;482.2;482.27;7258569016.04;0
RGBITR;D;20180508;000000;482.32;482.72;482.05;482.05;30228819369.1;0
RGBITR;D;20180510;000000;482.29;482.79;482.21;482.32;14334482020;0
RGBITR;D;20180511;000000;482.56;483.3;482.56;482.88;11491894691.2;0
RGBITR;D;20180514;000000;483.23;483.68;482.71;482.71;10531048245.9;0
RGBITR;D;20180515;000000;483.03;483.03;482.56;482.59;33004189774.4;0
RGBITR;D;20180516;000000;482.83;482.85;482.01;482.06;29469079626.9;0
RGBITR;D;20180517;000000;482.34;482.73;482.25;482.41;28605862388.8;0
RGBITR;D;20180518;000000;482.53;483.01;482.37;482.37;19286158943.2;0
RGBITR;D;20180521;000000;482.76;482.85;482.22;482.26;22609847576.3;0
RGBITR;D;20180522;000000;482.37;483.07;482.37;482.8;20348947313.5;0
RGBITR;D;20180523;000000;483.03;483.68;482.77;483.3;32334776535.2;0
RGBITR;D;20180524;000000;483.33;484.07;483.33;484.04;37975399608.1;0
RGBITR;D;20180525;000000;484.32;484.38;483.85;483.85;11201047745.7;0
RGBITR;D;20180528;000000;484.02;484.39;483.82;483.95;4850569886.41;0
RGBITR;D;20180529;000000;484.01;484.01;483.58;483.61;13999736759.7;0
RGBITR;D;20180530;000000;483.71;483.87;483.71;483.79;15756222020.5;0
RGBITR;D;20180531;000000;483.92;484.17;483.71;483.72;17589478193.1;0
RGBITR;D;20180601;000000;483.93;484.06;483.75;484.06;16426590431.3;0
RGBITR;D;20180604;000000;484.32;484.68;484.04;484.67;23215835638.8;0
RGBITR;D;20180605;000000;484.77;484.93;484.06;484.06;21616392646.6;0
RGBITR;D;20180606;000000;484.11;484.24;483.89;483.9;18206185172.9;0
RGBITR;D;20180607;000000;484.02;484.05;482.93;482.96;23478495145.5;0
RGBITR;D;20180608;000000;483.17;483.21;481.3;481.41;30354125927;0
RGBITR;D;20180609;000000;481.64;481.64;481.08;481.62;606303050.82;0
RGBITR;D;20180611;000000;481.84;482.05;481.69;481.97;10450930.3;0
RGBITR;D;20180613;000000;482.14;482.14;480.98;481.03;24934177903.8;0
RGBITR;D;20180614;000000;481.15;481.72;481.12;481.33;12748553144.8;0
RGBITR;D;20180615;000000;481.45;481.7;479.98;479.98;48803469009.3;0
RGBITR;D;20180618;000000;480.13;480.13;475.68;475.68;40158431420.2;0
RGBITR;D;20180619;000000;475.91;476.26;472.49;472.98;64065972778.8;0
RGBITR;D;20180620;000000;473.3;476.77;473.3;476.77;61442416170.3;0
RGBITR;D;20180621;000000;477.04;477.4;476.59;477.21;35882834945.2;0
RGBITR;D;20180622;000000;477.42;478.43;477.42;477.86;24235153165.1;0
RGBITR;D;20180625;000000;478.36;478.47;477.87;478.3;22980471235.8;0
RGBITR;D;20180626;000000;478.39;478.7;477.55;477.55;19603228011.4;0
RGBITR;D;20180627;000000;477.84;477.9;475.77;475.97;24854585181.4;0
RGBITR;D;20180628;000000;476.34;476.59;475.78;476.33;29027750820.4;0
RGBITR;D;20180629;000000;476.47;477.91;476.47;477.91;16119238418.5;0
RGBITR;D;20180702;000000;478.43;478.7;478.22;478.36;9428464115.86;0
RGBITR;D;20180703;000000;479.27;479.46;477.87;478.14;8778590707.48;0
RGBITR;D;20180704;000000;478.23;478.28;477.82;478.18;21654062353.3;0
RGBITR;D;20180705;000000;478.48;478.65;477.91;478.65;12804879752.7;0
RGBITR;D;20180706;000000;478.88;479.26;478.88;478.95;7732721578.82;0
RGBITR;D;20180709;000000;479.31;480.1;479.3;480.1;22896624173.9;0
RGBITR;D;20180710;000000;480.14;481.15;480.14;480.79;10346860863.7;0
RGBITR;D;20180711;000000;480.96;481.33;480.73;481.23;15069631692.7;0
RGBITR;D;20180712;000000;481.35;482;481.21;482;21340406638.5;0
RGBITR;D;20180713;000000;482.24;482.49;482.08;482.33;16591702602.6;0
RGBITR;D;20180716;000000;482.69;483.02;482.21;482.51;2730088115.41;0
RGBITR;D;20180717;000000;482.67;482.73;480.95;480.97;14928538526.9;0
RGBITR;D;20180718;000000;481.09;481.18;479.92;479.92;23626663085;0
RGBITR;D;20180719;000000;480;480;479.21;479.21;28068311124.2;0
RGBITR;D;20180720;000000;479.42;479.76;479.24;479.49;28372536436.2;0
RGBITR;D;20180723;000000;479.84;480.15;479.7;479.7;14938023992.7;0
RGBITR;D;20180724;000000;479.78;480.11;479.7;479.7;10019812012.3;0
RGBITR;D;20180725;000000;479.77;479.78;478.54;478.86;25951441061.6;0
RGBITR;D;20180726;000000;479.57;479.82;479.24;479.24;15291928468.9;0
RGBITR;D;20180727;000000;479.3;479.61;478.8;478.8;6697269368.9;0
RGBITR;D;20180730;000000;479.11;479.67;479;479.45;4643615858.12;0
RGBITR;D;20180731;000000;479.61;480.09;479.34;480.09;12849385860.7;0
RGBITR;D;20180801;000000;480.31;480.5;479.99;480.03;11086777039.2;0
RGBITR;D;20180802;000000;480.14;480.19;478.33;478.33;23529438582.5;0
RGBITR;D;20180803;000000;478.29;478.29;477.25;477.36;22701092485;0
RGBITR;D;20180806;000000;477.76;478.1;477.16;477.17;12489450661.1;0
RGBITR;D;20180807;000000;477.21;477.22;476.67;476.89;9676438192.83;0
RGBITR;D;20180808;000000;477.05;477.3;474.12;474.12;32362862546.1;0
RGBITR;D;20180809;000000;474.01;474.01;470.39;470.74;32556864931.7;0
RGBITR;D;20180810;000000;470.69;470.69;469.12;469.12;23445936332.8;0
RGBITR;D;20180813;000000;469.39;469.92;467.47;467.47;11908041758.5;0
RGBITR;D;20180814;000000;467.52;468.84;467.36;467.36;16636395923.9;0
RGBITR;D;20180815;000000;467.46;467.71;466.06;466.06;50046858038.1;0
RGBITR;D;20180816;000000;466.06;466.76;464.28;464.78;36221537035.3;0
RGBITR;D;20180817;000000;464.84;465.02;462.98;462.98;15233750365.3;0
RGBITR;D;20180820;000000;463.32;463.32;462.03;462.21;5435111299.84;0
RGBITR;D;20180821;000000;462.09;463.32;462.09;463.32;13555647656.8;0
RGBITR;D;20180822;000000;463.65;465.05;463.65;464.37;11259330401.7;0
RGBITR;D;20180823;000000;464.73;464.85;462.44;462.88;22007076624.8;0
RGBITR;D;20180824;000000;462.9;463.78;462.81;463.38;13942394347.2;0
RGBITR;D;20180827;000000;463.94;464.54;463.56;463.64;8456680014.15;0
RGBITR;D;20180828;000000;463.73;464.45;463.73;463.83;10953217235.8;0
RGBITR;D;20180829;000000;463.87;464.89;463.42;463.42;8795157441.95;0
RGBITR;D;20180830;000000;463.62;463.8;463.07;463.07;26504932255;0
RGBITR;D;20180831;000000;463.55;466.15;462.93;463.92;7991042366.41;0
RGBITR;D;20180903;000000;464.32;465.92;464.21;464.58;3611617962.84;0
RGBITR;D;20180904;000000;464.76;465.06;462.78;462.88;31828944349;0
RGBITR;D;20180905;000000;463.05;463.12;460.1;460.24;12672480846.1;0
RGBITR;D;20180906;000000;460.33;460.41;457.39;457.39;30736675865.6;0
RGBITR;D;20180907;000000;457.44;457.46;454.54;454.56;23242808553.8;0
RGBITR;D;20180910;000000;454.95;455.21;452.22;452.84;37214720855;0
RGBITR;D;20180911;000000;453.47;457.03;453.47;457.03;30421916220.7;0
RGBITR;D;20180912;000000;457.36;461.23;457.36;461.22;31914574491.2;0
RGBITR;D;20180913;000000;461.46;463.26;461.44;463.19;38487797119.2;0
RGBITR;D;20180914;000000;463.39;463.56;461.41;462.11;17890931377.9;0
RGBITR;D;20180917;000000;462.6;463.26;460.9;460.96;18519115101.8;0
RGBITR;D;20180918;000000;461.28;462.7;461.28;462.65;13783004211;0
RGBITR;D;20180919;000000;462.92;464.79;462.83;464.79;40675307647.1;0
RGBITR;D;20180920;000000;464.91;466.77;464.91;465.86;26305085826;0
RGBITR;D;20180921;000000;466;466.54;466;466.23;21921159578;0
RGBITR;D;20180924;000000;466.57;467.93;466.57;467.66;26011741691.8;0
RGBITR;D;20180925;000000;467.82;467.96;467.23;467.56;17476546020.4;0
RGBITR;D;20180926;000000;467.66;468.05;467.58;467.64;14134751636.1;0
RGBITR;D;20180927;000000;467.81;468.54;467.46;468.54;19249121998.4;0
RGBITR;D;20180928;000000;468.6;470.43;468.6;470.13;13358433542.7;0
RGBITR;D;20181001;000000;470.48;470.89;470.26;470.83;14441945925.9;0
RGBITR;D;20181002;000000;470.96;471.63;470.87;471.43;22334699783.2;0
RGBITR;D;20181003;000000;471.6;471.98;470.42;470.42;17203756807;0
RGBITR;D;20181004;000000;470.53;470.93;467.81;467.81;27538967670.1;0
RGBITR;D;20181005;000000;468.04;468.43;466.6;466.6;8006080348.53;0
RGBITR;D;20181008;000000;466.95;467.12;464.52;464.55;11509928766.4;0
RGBITR;D;20181009;000000;464.7;465.76;464.31;464.34;12452455568.1;0
RGBITR;D;20181010;000000;464.61;465.36;464.47;465.26;7178163934.91;0
RGBITR;D;20181011;000000;465.5;465.63;464.39;464.39;12721124189.6;0
RGBITR;D;20181012;000000;464.9;465.77;464.59;465.75;18866346342.9;0
RGBITR;D;20181015;000000;465.99;468.28;465.99;467.17;25855682226;0
RGBITR;D;20181016;000000;467.28;469.74;467.28;469.69;15981559595.8;0
RGBITR;D;20181017;000000;469.86;470.59;469.86;469.88;19826095151.9;0
RGBITR;D;20181018;000000;470.03;470.15;469.37;469.37;6684262478.59;0
RGBITR;D;20181019;000000;469.51;470.01;469.24;469.36;31934517514.9;0
RGBITR;D;20181022;000000;469.62;471.41;469.62;471.4;25391020929;0
RGBITR;D;20181023;000000;471.51;471.78;471.11;471.11;24969276215;0
RGBITR;D;20181024;000000;471.17;471.32;470.32;470.46;21170813650.4;0
RGBITR;D;20181025;000000;470.79;471.11;469.87;469.87;13690338992.6;0
RGBITR;D;20181026;000000;470.01;471.3;469.76;469.76;14403294786;0
RGBITR;D;20181029;000000;470.09;470.92;469.68;470.85;7259057672.9;0
RGBITR;D;20181030;000000;471.09;471.35;470.46;470.5;11585226655.6;0
RGBITR;D;20181031;000000;470.63;470.73;470.15;470.59;13670880018.5;0
RGBITR;D;20181101;000000;470.73;471.02;470.53;470.53;7946008854.83;0
RGBITR;D;20181102;000000;470.63;471.28;470.63;470.84;11170480749.3;0
RGBITR;D;20181106;000000;471.26;471.9;470.92;470.92;3658281990.24;0
RGBITR;D;20181107;000000;471.06;471.32;470.4;470.46;17471047862.6;0
RGBITR;D;20181108;000000;470.65;470.69;468.48;468.53;25730928747.8;0
RGBITR;D;20181109;000000;469.74;469.74;466.19;466.21;23409780923.5;0
RGBITR;D;20181112;000000;466.63;466.63;464.91;464.95;15483164341.9;0
RGBITR;D;20181113;000000;465.14;465.99;463.93;464.13;18880010825.8;0
RGBITR;D;20181114;000000;464.33;467.39;463.91;467.39;32302234169.8;0
RGBITR;D;20181115;000000;467.55;470.86;467.55;470.74;25904748295.4;0
RGBITR;D;20181116;000000;470.88;471.51;470.02;471.25;7859593145.06;0
RGBITR;D;20181119;000000;471.57;471.91;471.4;471.42;1792368487.65;0
RGBITR;D;20181120;000000;471.73;471.73;470.67;470.67;9602315240.95;0
RGBITR;D;20181121;000000;470.72;470.87;470.1;470.69;11454842323.9;0
RGBITR;D;20181122;000000;470.9;471.54;470.9;471.07;13234981603.3;0
RGBITR;D;20181123;000000;471.42;471.65;470.04;470.04;11622446969.8;0
RGBITR;D;20181126;000000;470.39;470.39;467.71;467.73;14853959895.6;0
RGBITR;D;20181127;000000;467.89;469.75;467.79;469.58;13286617102.9;0
RGBITR;D;20181128;000000;469.86;470.09;469.47;469.74;10293498626.1;0
RGBITR;D;20181129;000000;469.92;471.91;469.92;471.91;31053382072.8;0
RGBITR;D;20181130;000000;472.15;472.47;471.91;472.3;13280828458.4;0
RGBITR;D;20181203;000000;472.93;474.21;472.8;474.12;10074793158;0
RGBITR;D;20181204;000000;474.25;474.61;473.87;473.91;16384621495.9;0
RGBITR;D;20181205;000000;473.97;473.97;472.57;472.6;10644581822.1;0
RGBITR;D;20181206;000000;472.7;472.77;472.15;472.19;5930148476.02;0
RGBITR;D;20181207;000000;472.24;472.98;472.19;472.98;4704037746.4;0
RGBITR;D;20181210;000000;473.27;474.27;473.27;473.77;7984605183.86;0
RGBITR;D;20181211;000000;473.94;474.07;473.24;473.34;4131701235.41;0
RGBITR;D;20181212;000000;473.56;473.82;473.31;473.49;5064337976.76;0
RGBITR;D;20181213;000000;473.66;473.96;473.47;473.55;9187741152.24;0
RGBITR;D;20181214;000000;473.3;473.63;473.19;473.19;8277113861.73;0
RGBITR;D;20181217;000000;473.47;473.8;473.14;473.14;5462206202.12;0
RGBITR;D;20181218;000000;473.2;473.26;472.48;472.51;14898411769.7;0
RGBITR;D;20181219;000000;472.66;474.25;471.85;472.05;13566807251.5;0
RGBITR;D;20181220;000000;472.11;473.91;472.11;473.84;11113808234.1;0
RGBITR;D;20181221;000000;473.95;474.03;473.39;473.41;10125823330.9;0
RGBITR;D;20181224;000000;473.72;474.39;473.54;474.37;7624918673.56;0
RGBITR;D;20181225;000000;474.5;474.51;473.42;473.68;12386116437.8;0
RGBITR;D;20181226;000000;473.81;474.5;473.81;474.22;3475681465.04;0
RGBITR;D;20181227;000000;474.59;475.42;474.59;475.42;12059753205.5;0
RGBITR;D;20181228;000000;476.01;476.54;475.68;475.83;11671516534.7;0
RGBITR;D;20181229;000000;475.94;476.66;475.94;476.39;815556993.06;0
RGBITR;D;20190103;000000;476.87;477.7;476.87;477.22;9970629025.74;0
RGBITR;D;20190104;000000;477.29;477.76;477.2;477.72;78402477.2;0
RGBITR;D;20190108;000000;478.12;478.39;478.01;478.35;217678609.81;0
RGBITR;D;20190109;000000;478.5;480.83;478.23;480.81;22175810684.2;0
RGBITR;D;20190110;000000;480.96;481.85;480.95;481.85;21854373365.1;0
RGBITR;D;20190111;000000;481.96;483.4;481.92;483.36;17287260794.2;0
RGBITR;D;20190114;000000;483.69;483.69;482.87;483.2;11484329489.2;0
RGBITR;D;20190115;000000;483.32;484.5;483.32;484.49;18835954643;0
RGBITR;D;20190116;000000;484.65;485.87;484.65;485.86;31994515308.4;0
RGBITR;D;20190117;000000;485.97;486.19;485.28;485.28;17337432744.8;0
RGBITR;D;20190118;000000;485.38;485.66;485.22;485.66;16724392515.1;0
RGBITR;D;20190121;000000;485.88;486.26;485.88;486.16;7750689037.43;0
RGBITR;D;20190122;000000;486.25;486.45;485.59;485.63;9880260050.85;0
RGBITR;D;20190123;000000;485.78;486.35;485.62;485.64;20647143386.2;0
RGBITR;D;20190124;000000;485.75;486.36;485.75;486.36;22448797611.6;0
RGBITR;D;20190125;000000;486.52;486.81;486.34;486.34;23941520511;0
RGBITR;D;20190128;000000;486.61;486.61;486.17;486.2;15664150845.2;0
RGBITR;D;20190129;000000;486.28;486.53;485.57;485.67;9888054547.35;0
RGBITR;D;20190130;000000;485.71;486.47;485.71;486.47;27475757872.7;0
RGBITR;D;20190131;000000;486.57;489.53;486.55;489.52;49246831946.7;0
RGBITR;D;20190201;000000;489.37;489.81;489.37;489.52;13075936620.4;0
RGBITR;D;20190204;000000;489.81;490.43;489.47;489.57;8742503245.51;0
RGBITR;D;20190205;000000;489.66;490.17;489.45;490.15;8976723810.87;0
RGBITR;D;20190206;000000;490.23;490.87;490.23;490.49;20426548786.4;0
RGBITR;D;20190207;000000;490.6;490.63;489.59;489.59;20946753239.4;0
RGBITR;D;20190208;000000;489.68;489.71;489.18;489.6;13149961123.3;0
RGBITR;D;20190211;000000;489.93;490.95;489.93;489.97;21388180809.1;0
RGBITR;D;20190212;000000;489.94;489.95;489.16;489.37;17606960253.7;0
RGBITR;D;20190213;000000;489.48;489.6;488.78;488.78;15117797643.8;0
RGBITR;D;20190214;000000;488.53;488.53;484.72;485.28;37086208454.2;0
RGBITR;D;20190215;000000;485.33;487.44;485.12;487.42;37351145002;0
RGBITR;D;20190218;000000;487.72;488.48;487.62;488.15;15222591493;0
RGBITR;D;20190219;000000;488.6;488.79;487.65;487.65;18750159997.8;0
RGBITR;D;20190220;000000;487.76;487.92;487.37;487.46;9947221820.37;0
RGBITR;D;20190221;000000;487.57;488.25;487.53;488.1;13492181295.4;0
RGBITR;D;20190222;000000;488.21;488.41;488.07;488.33;4671325602.77;0
RGBITR;D;20190225;000000;488.63;489.6;488.58;489.58;8742735050.81;0
RGBITR;D;20190226;000000;489.66;489.72;489.09;489.09;7685642474.03;0
RGBITR;D;20190227;000000;489.17;489.2;488.67;488.67;13819862702.8;0
RGBITR;D;20190228;000000;488.45;489.05;488.28;489.04;19465872564.6;0
RGBITR;D;20190301;000000;489.18;489.82;489.18;489.82;9854846015.89;0
RGBITR;D;20190304;000000;490.14;490.73;490.11;490.11;4103641179.68;0
RGBITR;D;20190305;000000;490.19;490.33;489.8;489.82;11239155701.8;0
RGBITR;D;20190306;000000;489.94;490.18;489.5;489.5;7524265040.47;0
RGBITR;D;20190307;000000;489.55;489.85;489.52;489.85;9452102767.12;0
RGBITR;D;20190311;000000;490.31;490.49;489.98;490.48;4912092410.4;0
RGBITR;D;20190312;000000;490.3;490.71;490.02;490.71;8738790808.71;0
RGBITR;D;20190313;000000;490.82;491.15;490.73;491.01;11744824002.9;0
RGBITR;D;20190314;000000;491.24;491.47;491.11;491.14;13747606580.2;0
RGBITR;D;20190315;000000;491.37;491.58;491.11;491.34;14857067642.6;0
RGBITR;D;20190318;000000;491.64;493.33;491.61;493.32;19565625945;0
RGBITR;D;20190319;000000;493.48;494.6;493.48;494.44;13861793684.7;0
RGBITR;D;20190320;000000;494.97;495.09;493.63;493.86;12307202541;0
RGBITR;D;20190321;000000;494.08;496.49;494.08;496.33;12520587179.7;0
RGBITR;D;20190322;000000;496.42;496.68;495.45;495.46;11880641046.7;0
RGBITR;D;20190325;000000;495.76;496.21;494.8;496.21;15280023054.3;0
RGBITR;D;20190326;000000;496.46;496.67;496.22;496.29;19988543952.7;0
RGBITR;D;20190327;000000;496.47;496.67;495.35;495.41;12037614833.1;0
RGBITR;D;20190328;000000;495.53;495.53;493.91;493.93;17352843752.9;0
RGBITR;D;20190329;000000;494.08;494.91;493.96;493.96;11548980384.4;0
RGBITR;D;20190401;000000;494.29;494.7;493.16;493.18;25148880152.9;0
RGBITR;D;20190402;000000;493.62;493.62;493.08;493.14;18005401251.4;0
RGBITR;D;20190403;000000;493.23;493.6;493.17;493.29;26785737724.7;0
RGBITR;D;20190404;000000;493.77;493.88;493.14;493.15;12020037028.7;0
RGBITR;D;20190405;000000;493.28;494.12;493.28;494.11;16935217803.5;0
RGBITR;D;20190408;000000;494.29;495.22;494.29;494.9;14551171513.1;0
RGBITR;D;20190409;000000;495;496.18;495;495.99;19088759587.3;0
RGBITR;D;20190410;000000;496.16;496.48;495.76;496.48;26655353235.8;0
RGBITR;D;20190411;000000;496.6;497.38;496.53;497.37;18783494976.8;0
RGBITR;D;20190412;000000;497.53;497.8;497.42;497.67;20004080536.2;0
RGBITR;D;20190415;000000;498.09;498.53;497.43;497.43;11937821380.1;0
RGBITR;D;20190416;000000;497.42;497.7;497.13;497.18;9636380564.85;0
RGBITR;D;20190417;000000;497.27;497.76;497.18;497.63;28013047072.1;0
RGBITR;D;20190418;000000;497.73;497.9;497.06;497.09;13159959171.9;0
RGBITR;D;20190419;000000;497.39;497.76;497.27;497.34;707943321.91;0
RGBITR;D;20190422;000000;497.58;498.03;497.51;497.7;2351640118.39;0
RGBITR;D;20190423;000000;497.81;497.98;497.23;497.24;9187832816.98;0
RGBITR;D;20190424;000000;497.33;498.04;496.84;497.34;12739885489;0
RGBITR;D;20190425;000000;497.53;497.64;496.98;496.98;13108438277.2;0
RGBITR;D;20190426;000000;497.29;497.51;497.03;497.51;17246752282;0
RGBITR;D;20190429;000000;497.91;499.12;497.71;499.12;14576389359.8;0
RGBITR;D;20190430;000000;499.27;500.28;499.27;500.28;5862673445.36;0
RGBITR;D;20190502;000000;500.62;501.13;500.61;500.92;29619243.03;0
RGBITR;D;20190503;000000;501.08;501.42;500.81;500.83;256692086.53;0
RGBITR;D;20190506;000000;501.24;501.91;500.37;500.53;2227532932.97;0
RGBITR;D;20190507;000000;500.61;500.87;500.51;500.8;6977646228.06;0
RGBITR;D;20190508;000000;500.97;501.34;500.74;501.2;4144214422.89;0
RGBITR;D;20190510;000000;501.35;501.46;501.09;501.25;192038836.83;0
RGBITR;D;20190513;000000;501.55;501.57;501.09;501.33;11233251394.5;0
RGBITR;D;20190514;000000;501.45;501.56;501.33;501.52;11881126382.4;0
RGBITR;D;20190515;000000;501.69;502.27;501.15;502.2;29688295332.8;0
RGBITR;D;20190516;000000;502.32;503.48;502.32;503.48;34345460785.6;0
RGBITR;D;20190517;000000;503.63;504.44;503.63;504.4;31175704118.6;0
RGBITR;D;20190520;000000;504.6;505.72;504.58;505.72;12949541460.2;0
RGBITR;D;20190521;000000;505.86;506.42;505.67;506.33;17081206832.2;0
RGBITR;D;20190522;000000;506.55;508.64;506.55;508.64;13891379049.9;0
RGBITR;D;20190523;000000;508.86;509.21;508.03;508.04;29027258159.6;0
RGBITR;D;20190524;000000;508.14;508.47;507.97;508.21;31122484898.2;0
RGBITR;D;20190527;000000;508.59;509.08;508.26;508.53;2038799551.82;0
RGBITR;D;20190528;000000;508.77;508.91;508.43;508.48;5122101652.79;0
RGBITR;D;20190529;000000;508.65;508.69;507.92;507.94;9470361201.66;0
RGBITR;D;20190530;000000;508.27;509.12;507.96;509.12;19861650256.9;0
RGBITR;D;20190531;000000;509.24;509.58;508.95;509.3;18062415741.6;0
RGBITR;D;20190603;000000;509.49;510.03;509.24;509.24;8059256893.84;0
RGBITR;D;20190604;000000;509.43;510.18;508.64;510.17;21344184351;0
RGBITR;D;20190605;000000;510.2;511.82;510.14;511.78;24194102775.6;0
RGBITR;D;20190606;000000;511.9;513.07;511.61;513.07;21688400979.2;0
RGBITR;D;20190607;000000;513.17;513.98;512.92;513.98;26209444025.6;0
RGBITR;D;20190610;000000;514.28;515.08;513.76;515.08;6665605933.04;0
RGBITR;D;20190611;000000;515.29;515.56;514.46;515.53;7129540065.48;0
RGBITR;D;20190613;000000;514.63;515.16;514.04;514.13;13916096332.3;0
RGBITR;D;20190614;000000;514.3;514.99;514.28;514.99;24590966944.5;0
RGBITR;D;20190617;000000;515.34;516.18;515.34;516.16;16316197850.8;0
RGBITR;D;20190618;000000;516.34;516.69;516.03;516.69;50304858878.9;0
RGBITR;D;20190619;000000;517.13;519.24;517.13;519.23;36758641736.2;0
RGBITR;D;20190620;000000;519.35;522.25;519.35;522.01;35842077080.7;0
RGBITR;D;20190621;000000;521.97;522.37;520.61;520.61;51370991850.3;0
RGBITR;D;20190624;000000;520.92;521.48;520.34;521.4;24999686347.7;0
RGBITR;D;20190625;000000;521.66;522.36;521.66;521.67;14027871543.8;0
RGBITR;D;20190626;000000;521.67;521.91;520.86;520.87;18043020560.4;0
RGBITR;D;20190627;000000;521.17;521.24;520.76;520.83;33189087634.1;0
RGBITR;D;20190628;000000;520.96;521.61;520.96;521.56;17790164633.7;0
RGBITR;D;20190701;000000;522;522.83;521.75;522.83;9893130921.94;0
RGBITR;D;20190702;000000;522.94;523.2;522.63;522.85;16427091247.5;0
RGBITR;D;20190703;000000;522.92;523.02;522.58;522.78;19202971652.3;0
RGBITR;D;20190704;000000;522.96;523.68;522.53;523.68;21496512506.3;0
RGBITR;D;20190705;000000;523.77;524.06;523.42;523.99;5063154731.24;0
RGBITR;D;20190708;000000;524.29;524.32;523.71;523.9;6898363482.01;0
RGBITR;D;20190709;000000;524.33;524.8;524.33;524.47;9968588365.71;0
RGBITR;D;20190710;000000;524.59;525.1;524.38;525.1;23285778541.4;0
RGBITR;D;20190711;000000;525.23;525.81;525.23;525.76;17758804869.3;0
RGBITR;D;20190712;000000;525.88;525.88;524.82;524.84;32271122607.9;0
RGBITR;D;20190715;000000;525.13;525.45;524.89;524.95;18635707028.3;0
RGBITR;D;20190716;000000;524.92;525.32;524.83;524.95;7796405847;0
RGBITR;D;20190717;000000;525.05;525.48;524.91;525.08;14892481296;0
RGBITR;D;20190718;000000;525.13;525.38;524.82;524.82;19338434346.9;0
RGBITR;D;20190719;000000;524.9;525.37;524.63;525.37;13479468552.5;0
RGBITR;D;20190722;000000;525.69;527.08;525.65;527.03;18529734730.7;0
RGBITR;D;20190723;000000;527.21;527.78;526.73;527.78;18788350561;0
RGBITR;D;20190724;000000;527.97;528.7;527.84;528.7;16183847324.2;0
RGBITR;D;20190725;000000;528.89;529.9;528.78;529.9;24106668872.2;0
RGBITR;D;20190726;000000;530.06;531.41;529.16;529.16;5871158025.98;0
RGBITR;D;20190729;000000;529.23;529.46;528.21;528.41;5035262626.39;0
RGBITR;D;20190730;000000;528.54;528.65;527.71;528.36;12105475926.2;0
RGBITR;D;20190731;000000;528.48;528.6;527.93;528.6;22694352085.6;0
RGBITR;D;20190801;000000;528.72;528.91;528.43;528.43;11872470575.1;0
RGBITR;D;20190802;000000;528.53;528.56;526.23;526.23;42136245831.8;0
RGBITR;D;20190805;000000;526.84;527.78;526.13;527.68;17859057470.7;0
RGBITR;D;20190806;000000;527.76;528.95;527.58;528.94;21111378579.7;0
RGBITR;D;20190807;000000;528.94;529.51;528.53;529.33;20055605344.8;0
RGBITR;D;20190808;000000;529.37;530.29;529.28;529.93;21895321297.6;0
RGBITR;D;20190809;000000;530.08;530.2;529.48;529.8;11983060523.8;0
RGBITR;D;20190812;000000;530;530.79;529.35;529.37;10179875173.6;0
RGBITR;D;20190813;000000;529.57;529.72;529.13;529.34;12196578761;0
RGBITR;D;20190814;000000;529.45;530.05;529.4;529.49;21006208768.2;0
RGBITR;D;20190815;000000;529.51;529.77;529.06;529.29;17438572715.4;0
RGBITR;D;20190816;000000;529.54;529.94;529.42;529.94;4083679593.56;0
RGBITR;D;20190819;000000;530.25;530.31;529.76;529.85;9308048332.66;0
RGBITR;D;20190820;000000;529.98;530.62;529.94;530.62;19573221018.1;0
RGBITR;D;20190821;000000;530.81;532.74;530.79;532.74;32099227719.3;0
RGBITR;D;20190822;000000;533;533.34;532.49;533.34;37107508470.4;0
RGBITR;D;20190823;000000;533.39;533.6;532.93;533.36;9313119757.33;0
RGBITR;D;20190826;000000;533.61;533.75;532.6;533.53;2870590497.21;0
RGBITR;D;20190827;000000;533.64;534.12;533.37;533.38;45651043830.3;0
RGBITR;D;20190828;000000;533.47;534.14;533.46;534.14;31151826397.2;0
RGBITR;D;20190829;000000;534.48;534.95;534.08;534.95;8501781268.76;0
RGBITR;D;20190830;000000;535.06;536.44;534.85;536.42;38301588060.8;0
RGBITR;D;20190902;000000;536.75;537.98;536.72;537.86;30929600786.4;0
RGBITR;D;20190903;000000;538.06;538.16;537.28;537.52;40376528683.2;0
RGBITR;D;20190904;000000;537.68;539.7;537.66;539.7;54457351898.2;0
RGBITR;D;20190905;000000;539.83;540.34;539.25;539.55;33409353756.5;0
RGBITR;D;20190906;000000;539.64;540.08;539.54;539.9;10765623399.9;0
RGBITR;D;20190909;000000;540.2;540.69;539.68;539.68;8196587943.47;0
RGBITR;D;20190910;000000;539.72;539.96;539.4;539.4;12051542654.9;0
RGBITR;D;20190911;000000;539.51;540.45;539.41;539.55;13462836550;0
RGBITR;D;20190912;000000;539.72;540.58;539.71;540.58;21336052180.9;0
RGBITR;D;20190913;000000;540.71;541.06;540.34;540.94;25709344042.9;0
RGBITR;D;20190916;000000;541.24;541.33;540.8;540.94;6087838577.8;0
RGBITR;D;20190917;000000;540.93;541.26;539.93;539.95;19162543074.7;0
RGBITR;D;20190918;000000;540.1;540.39;539.97;540.17;6926430455.36;0
RGBITR;D;20190919;000000;540.41;541.13;540.33;540.96;27362434495.9;0
RGBITR;D;20190920;000000;541.1;541.41;541.03;541.18;12294537624.8;0
RGBITR;D;20190923;000000;541.5;541.8;541.24;541.26;13204595156;0
RGBITR;D;20190924;000000;541.38;542.24;541.23;541.4;13367911044.3;0
RGBITR;D;20190925;000000;541.51;541.51;540.93;541.33;20196879616.7;0
RGBITR;D;20190926;000000;541.48;541.9;541.34;541.8;7341756996.57;0
RGBITR;D;20190927;000000;541.93;542.2;541.73;541.8;4206159715.56;0
RGBITR;D;20190930;000000;542.11;542.32;541.92;542.01;3148837966.23;0
RGBITR;D;20191001;000000;542.12;542.3;541.92;542;7824510114.61;0
RGBITR;D;20191002;000000;542.11;542.16;541.9;542.06;20481662869.8;0
RGBITR;D;20191003;000000;542.18;542.29;541.95;542.27;10617564072.6;0
RGBITR;D;20191004;000000;542.43;543.4;542.3;543.4;49077084577;0
RGBITR;D;20191007;000000;543.96;546.11;543.96;546.11;35144546701.4;0
RGBITR;D;20191008;000000;546.15;547.55;546.15;546.83;14408362722.8;0
RGBITR;D;20191009;000000;547.2;547.97;546.62;547.38;33132852947.5;0
RGBITR;D;20191010;000000;547.47;550.1;547.42;550.1;43895440354.2;0
RGBITR;D;20191011;000000;550.29;551.68;550.29;551.48;24602040948.1;0
RGBITR;D;20191014;000000;551.81;552.32;551.17;552.32;11569143653.7;0
RGBITR;D;20191015;000000;552.42;553.12;552.31;552.75;28202970555.5;0
RGBITR;D;20191016;000000;552.88;553.32;552.78;552.79;16306242687.4;0
RGBITR;D;20191017;000000;552.94;553.34;552.68;553.14;34338488052.9;0
RGBITR;D;20191018;000000;553.24;555.57;553.24;555.54;24982401160.5;0
RGBITR;D;20191021;000000;556.27;557.54;556.27;557.54;27143252039.2;0
RGBITR;D;20191022;000000;557.52;558.79;557.52;558.45;37080476730.5;0
RGBITR;D;20191023;000000;559.13;560.33;558.93;559.74;29430892683.4;0
RGBITR;D;20191024;000000;559.94;560.07;558.36;558.74;47225172373.3;0
RGBITR;D;20191025;000000;558.86;560.71;558.86;560.71;39792733782.4;0
RGBITR;D;20191028;000000;561.14;562.39;561.14;562.39;23473998836.4;0
RGBITR;D;20191029;000000;562.57;562.83;562.05;562.05;26083477179.8;0
RGBITR;D;20191030;000000;562.12;562.74;562.12;562.23;32963687365.3;0
RGBITR;D;20191031;000000;562.37;563.12;560.96;560.96;29556147456.1;0
RGBITR;D;20191101;000000;561.1;562.27;561.1;561.88;28909894031.7;0
RGBITR;D;20191105;000000;562.31;564.25;562.22;564.01;20327900324.5;0
RGBITR;D;20191106;000000;564.26;564.83;563.7;563.83;28474085461.4;0
RGBITR;D;20191107;000000;563.99;564.44;563.99;564.34;40337977495.1;0
RGBITR;D;20191108;000000;564.51;564.71;563.9;563.91;36446363610.9;0
RGBITR;D;20191111;000000;564.35;564.93;562.63;562.66;13991669915.4;0
RGBITR;D;20191112;000000;562.76;563.35;561.85;561.85;17449824047.1;0
RGBITR;D;20191113;000000;561.94;562.87;560.52;560.55;26105535987.7;0
RGBITR;D;20191114;000000;560.66;561.61;560.38;561.61;23095188405.9;0
RGBITR;D;20191115;000000;561.71;562.8;561.71;562.49;15785255859;0
RGBITR;D;20191118;000000;562.79;563.24;562.79;563.16;9224538317.32;0
RGBITR;D;20191119;000000;563.26;564.28;563.25;564.28;36539683243.2;0
RGBITR;D;20191120;000000;564.43;564.78;564.08;564.78;24599986205.3;0
RGBITR;D;20191121;000000;564.58;565.33;563.91;565.23;17066491056.2;0
RGBITR;D;20191122;000000;565.35;565.69;565.35;565.52;7998752816.28;0
RGBITR;D;20191125;000000;565.73;566.27;565.28;565.28;9152225508.81;0
RGBITR;D;20191126;000000;565.45;565.49;564.98;565.12;12223163077.2;0
RGBITR;D;20191127;000000;565.21;566.42;565.19;565.32;11953938600;0
RGBITR;D;20191128;000000;565.44;565.5;564.92;564.92;14672261650.2;0
RGBITR;D;20191129;000000;565.13;565.21;564.55;564.55;14913377868.1;0
RGBITR;D;20191202;000000;564.97;565.6;564.07;564.08;30086531459.3;0
RGBITR;D;20191203;000000;564.2;564.87;564.2;564.77;17922310597.8;0
RGBITR;D;20191204;000000;564.71;565.38;564.61;565.38;22783186313.5;0
RGBITR;D;20191205;000000;565.5;565.76;565.42;565.52;12063920986.1;0
RGBITR;D;20191206;000000;565.63;565.88;565.37;565.77;6649160992.99;0
RGBITR;D;20191209;000000;566.17;566.42;565.91;566.07;4440742175.29;0
RGBITR;D;20191210;000000;566.31;566.82;566.25;566.27;13504177358.8;0
RGBITR;D;20191211;000000;566.41;566.84;566.24;566.27;13804531959.6;0
RGBITR;D;20191212;000000;566.41;567.26;566.41;567.26;29586646776.6;0
RGBITR;D;20191213;000000;567.36;568.89;567.36;568.37;16791204087.4;0
RGBITR;D;20191216;000000;568.56;568.73;568.33;568.5;11495556483.5;0
RGBITR;D;20191217;000000;568.59;569.19;568.55;569.04;18273830829.7;0
RGBITR;D;20191218;000000;569.17;569.42;568.97;569;30439113860.6;0
RGBITR;D;20191219;000000;569.12;569.27;568.52;568.52;18339767205.2;0
RGBITR;D;20191220;000000;568.59;568.71;567.74;568.4;28002052148;0
RGBITR;D;20191223;000000;568.72;569.27;568.68;568.8;8269611313.07;0
RGBITR;D;20191224;000000;568.93;569.55;568.91;569.55;9755144635.39;0
RGBITR;D;20191225;000000;569.66;570.21;569.62;570.12;7850671243.69;0
RGBITR;D;20191226;000000;570.23;570.72;570.16;570.61;6971578664.39;0
RGBITR;D;20191227;000000;570.75;572.97;570.75;570.86;11532770418.4;0
RGBITR;D;20191230;000000;571.21;571.68;571.09;571.63;25720783034.7;0
RGBITR;D;20200103;000000;572.05;572.87;572.05;572.65;194411666.06;0
RGBITR;D;20200106;000000;572.99;573.31;572.59;572.6;238174768.24;0
RGBITR;D;20200108;000000;572.82;573.04;572.71;572.71;104481063.66;0
RGBITR;D;20200109;000000;572.79;573.59;572.69;573.13;17785036747.8;0
RGBITR;D;20200110;000000;573.25;574.88;573.18;574.88;32293622205.8;0
RGBITR;D;20200113;000000;574.99;578.04;574.01;577.95;23001397205.4;0
RGBITR;D;20200114;000000;578.05;579.09;577.91;577.93;26310511001.7;0
RGBITR;D;20200115;000000;578.14;578.32;577.03;577.04;31456439292.9;0
RGBITR;D;20200116;000000;577.18;577.89;577.18;577.57;23781080720.2;0
RGBITR;D;20200117;000000;577.73;578.14;577.48;578.04;18471444502.6;0
RGBITR;D;20200120;000000;578.33;579;578.33;578.66;9016408459.77;0
RGBITR;D;20200121;000000;578.79;579.02;578.18;578.23;16086704381.1;0
RGBITR;D;20200122;000000;578.34;579.05;578.19;578.34;15016728848.9;0
RGBITR;D;20200123;000000;578.47;579.03;578.42;578.98;16756414056.4;0
RGBITR;D;20200124;000000;579.1;580.67;579.03;579.04;16847313387.7;0
RGBITR;D;20200127;000000;579.29;580.23;577.71;577.71;31280931442.7;0
RGBITR;D;20200128;000000;577.79;578.38;577.09;577.38;28765570052;0
RGBITR;D;20200129;000000;577.49;578.49;577.49;578.18;23929055189.1;0
RGBITR;D;20200130;000000;578.35;578.5;577.94;577.95;29605362121.8;0
RGBITR;D;20200131;000000;578.07;578.98;578.04;578.19;27539104827.8;0
RGBITR;D;20200203;000000;578.5;578.5;577.75;577.76;42218195349.3;0
RGBITR;D;20200204;000000;577.9;578.6;577.48;578.6;34005798775.2;0
RGBITR;D;20200205;000000;578.67;579.85;578.55;579.85;40828821465.1;0
RGBITR;D;20200206;000000;579.97;581.65;579.85;579.85;32346733649.7;0
RGBITR;D;20200207;000000;579.99;580.87;579.74;580.85;32589431424.3;0
RGBITR;D;20200210;000000;581.19;581.9;581.19;581.41;15032148625.2;0
RGBITR;D;20200211;000000;581.51;581.96;581.39;581.96;21738383634.4;0
RGBITR;D;20200212;000000;582.07;582.93;581.95;582.93;54613646251.1;0
RGBITR;D;20200213;000000;583.06;583.77;583.04;583.7;42033172109.4;0
RGBITR;D;20200214;000000;583.82;584.71;583.76;584.69;38016149697.1;0
RGBITR;D;20200217;000000;585.58;585.93;585.33;585.36;18417211170.7;0
RGBITR;D;20200218;000000;585.5;586.48;584.85;585.28;16211094211.1;0
RGBITR;D;20200219;000000;585.4;586.43;585.4;586.43;29098948306.2;0
RGBITR;D;20200220;000000;586.55;587.73;586.55;587.68;26886094344;0
RGBITR;D;20200221;000000;587.78;588.32;585.87;586.56;27963830546.7;0
RGBITR;D;20200225;000000;587;587.94;585.76;585.76;22343007302.6;0
RGBITR;D;20200226;000000;585.86;585.99;583.24;583.84;37241045174.8;0
RGBITR;D;20200227;000000;583.98;584.01;582.24;582.24;38414721381.4;0
RGBITR;D;20200228;000000;582.29;582.35;572.44;573.25;66172896080.9;0
RGBITR;D;20200302;000000;574.44;578.82;574.21;576.7;49792196208.9;0
RGBITR;D;20200303;000000;576.59;580.92;576.59;580.92;46895746605.3;0
RGBITR;D;20200304;000000;581.21;586.2;581.21;586.18;79845411635.7;0
RGBITR;D;20200305;000000;586.32;588.25;586.2;586.8;69109612364;0
RGBITR;D;20200306;000000;586.94;586.94;576.13;576.13;42633783065.4;0
RGBITR;D;20200310;000000;575.44;575.44;555.26;559.42;69791440221;0
RGBITR;D;20200311;000000;559.95;561.56;557.78;557.78;48067771129.1;0
RGBITR;D;20200312;000000;557.86;557.86;540.15;540.15;53599992611.9;0
RGBITR;D;20200313;000000;540.23;541.2;537.52;540.6;53163838792.6;0
RGBITR;D;20200316;000000;540.83;542.61;534.2;534.22;47036981449.2;0
RGBITR;D;20200317;000000;534.29;538.04;533.86;534.65;39831203953.4;0
RGBITR;D;20200318;000000;534.8;535.71;528.73;528.73;69804099192.1;0
RGBITR;D;20200319;000000;528.95;531.16;525.81;531.09;42844724292.1;0
RGBITR;D;20200320;000000;531.53;542.73;531.53;542.73;38903239570.1;0
RGBITR;D;20200323;000000;543.32;544.39;539.87;543.47;24306372004.6;0
RGBITR;D;20200324;000000;543.68;557.11;543.68;557.11;50112658050.1;0
RGBITR;D;20200325;000000;557.24;561.45;557.17;557.21;37559716685.5;0
RGBITR;D;20200326;000000;557.03;559.19;556.04;559.13;38159069807.1;0
RGBITR;D;20200327;000000;559.58;563.04;559.41;562.65;45556706507.4;0
RGBITR;D;20200330;000000;562.77;562.77;558.52;561.13;14095113032.1;0
RGBITR;D;20200331;000000;561.09;567.5;561.07;567.5;22714918949.2;0
RGBITR;D;20200401;000000;567.6;568.76;566.15;566.38;14118853135.1;0
RGBITR;D;20200402;000000;566.55;569.55;565.82;565.9;12921749081.5;0
RGBITR;D;20200403;000000;566.08;567.72;566.08;567.71;18688589070.5;0
RGBITR;D;20200406;000000;568.16;569.92;567.97;569.88;11166435898.9;0
RGBITR;D;20200407;000000;570;571.23;569.79;570.7;15755149273.2;0
RGBITR;D;20200408;000000;570.68;570.74;569.46;570.03;6669839067.32;0
RGBITR;D;20200409;000000;570.11;571.67;570.11;571.65;34971077584.9;0
RGBITR;D;20200410;000000;571.76;572.68;571.76;572.2;19101060062.7;0
RGBITR;D;20200413;000000;572.54;574.92;572.54;572.82;6792943570.41;0
RGBITR;D;20200414;000000;572.96;573.42;572.86;572.89;32446047970.4;0
RGBITR;D;20200415;000000;572.93;573.1;571.09;571.09;21935130544.8;0
RGBITR;D;20200416;000000;571.23;573.32;570.61;573.32;40686705782;0
RGBITR;D;20200417;000000;573.4;581.05;573.3;581.05;48258632623.9;0
RGBITR;D;20200420;000000;581.76;587.24;581.76;587.23;17898977240.4;0
RGBITR;D;20200421;000000;587.23;587.42;583.54;583.55;15534765960.8;0
RGBITR;D;20200422;000000;583.68;586.17;583.63;586.17;25566986549;0
RGBITR;D;20200423;000000;586.35;590.11;586.08;590.11;24162499773.6;0
RGBITR;D;20200424;000000;590.23;592.33;589.99;592.33;26345063266.2;0
RGBITR;D;20200427;000000;592.76;593.39;592.51;592.52;16315163287.4;0
RGBITR;D;20200428;000000;592.36;592.76;591.74;592.76;17156104652;0
RGBITR;D;20200429;000000;592.84;593.26;592.66;592.68;30181307907.9;0
RGBITR;D;20200430;000000;592.88;593.48;592.53;592.76;25310978778.3;0
RGBITR;D;20200504;000000;593.34;594.43;593.34;593.69;103852739.92;0
RGBITR;D;20200505;000000;593.75;594.52;593.48;594.52;8654414858.28;0
RGBITR;D;20200506;000000;594.43;594.8;593.86;593.86;15454268835.8;0
RGBITR;D;20200507;000000;594.41;594.74;594.06;594.06;26065647529.9;0
RGBITR;D;20200508;000000;594.23;596.38;594.18;596.38;36562675107.3;0
RGBITR;D;20200512;000000;596.74;600.64;596.74;600.63;21199843576.4;0
RGBITR;D;20200513;000000;600.76;601.63;600.1;601.53;28393166671.7;0
RGBITR;D;20200514;000000;601.82;602.38;601.41;602.38;80416513384.9;0
RGBITR;D;20200515;000000;602.14;608.17;602.14;608.16;52524045181.2;0
RGBITR;D;20200518;000000;608.55;612.93;608.55;612.79;36468126472.5;0
RGBITR;D;20200519;000000;612.95;613.01;612.1;612.36;29295532675.6;0
RGBITR;D;20200520;000000;612.23;613.29;611.33;613.13;93069274995.9;0
RGBITR;D;20200521;000000;613.23;613.59;612.36;613.54;53242520384.1;0
RGBITR;D;20200522;000000;613.66;613.67;612.64;612.68;30157665932.2;0
RGBITR;D;20200525;000000;613;613.77;610.82;613.06;8670753559.76;0
RGBITR;D;20200526;000000;613.78;613.99;613.15;613.17;29513274813.5;0
RGBITR;D;20200527;000000;613.38;613.56;611.85;611.92;41540221413.7;0
RGBITR;D;20200528;000000;611.87;611.93;611.37;611.49;32512493769.5;0
RGBITR;D;20200529;000000;611.65;612.23;611.65;611.96;38381629492.8;0
RGBITR;D;20200601;000000;612.21;613.41;611.74;613.06;59043478607.3;0
RGBITR;D;20200602;000000;613.25;614.17;612.63;613.54;29129010313;0
RGBITR;D;20200603;000000;613.54;613.66;612.68;612.91;29975025518.9;0
RGBITR;D;20200604;000000;613.07;613.23;610.12;610.18;39719088133.2;0
RGBITR;D;20200605;000000;610.42;611.22;609.01;609.27;55753345910.6;0
RGBITR;D;20200608;000000;609.65;609.76;608.46;608.88;28238208432.2;0
RGBITR;D;20200609;000000;609.01;609.01;606.82;608.73;29230726003.4;0
RGBITR;D;20200610;000000;608.91;611.39;608.91;611.12;18695645538.9;0
RGBITR;D;20200611;000000;611.23;611.33;610.12;610.91;30813419310.8;0
RGBITR;D;20200615;000000;611.34;611.37;609.73;610.92;19406827190.6;0
RGBITR;D;20200616;000000;610.8;612.63;610.17;612.63;28899302148.7;0
RGBITR;D;20200617;000000;612.57;613.88;611.71;613.87;22901168513.8;0
RGBITR;D;20200618;000000;613.92;614.71;613.82;614.71;26537119099.3;0
RGBITR;D;20200619;000000;614.55;616.54;614.55;616.36;32666580881.7;0
RGBITR;D;20200622;000000;616.61;616.61;614.59;614.59;11718983675.4;0
RGBITR;D;20200623;000000;614.74;615.4;613.77;613.9;11436238193;0
RGBITR;D;20200625;000000;614.15;614.4;612.04;612.04;31120458215.5;0
RGBITR;D;20200626;000000;612.18;612.92;611.34;612.49;15255115682;0
RGBITR;D;20200629;000000;612.81;613.16;612.36;612.36;22112102184.5;0
RGBITR;D;20200630;000000;612.7;612.91;608.44;608.44;61790306589.3;0
RGBITR;D;20200702;000000;608.68;609.93;608.68;609.16;33749874801.6;0
RGBITR;D;20200703;000000;609.39;609.46;605.83;605.83;25335359890;0
RGBITR;D;20200706;000000;606;606.74;605.04;605.23;22168687643.3;0
RGBITR;D;20200707;000000;605.17;607.61;604.65;607.61;27442679926.7;0
RGBITR;D;20200708;000000;607.69;609.76;607.69;609.76;23130179089.3;0
RGBITR;D;20200709;000000;609.9;611.83;609.9;611.81;28729319149.5;0
RGBITR;D;20200710;000000;612.01;612.02;611.13;611.13;7627251158.32;0
RGBITR;D;20200713;000000;611.82;612.54;611.78;612.04;15955990066;0
RGBITR;D;20200714;000000;612.07;612.75;611.57;612.25;17901729541;0
RGBITR;D;20200715;000000;612.47;613.56;612.08;612.08;19295863196.2;0
RGBITR;D;20200716;000000;612.21;612.21;611.18;611.52;20850573886.9;0
RGBITR;D;20200717;000000;611.57;612.01;611.41;612.01;20221744853.4;0
RGBITR;D;20200720;000000;612.36;613.13;612.24;613.09;33717520677;0
RGBITR;D;20200721;000000;613.06;614.29;613.03;614.25;33128974424;0
RGBITR;D;20200722;000000;614.6;614.85;614.32;614.35;25589374816.1;0
RGBITR;D;20200723;000000;614.67;615.2;614.35;614.39;11145942932.8;0
RGBITR;D;20200724;000000;614.49;614.72;613.59;613.71;14473368498.4;0
RGBITR;D;20200727;000000;614.1;614.28;613.8;614.03;7679211684.31;0
RGBITR;D;20200728;000000;614.14;614.26;612.97;613.08;14155765521.7;0
RGBITR;D;20200729;000000;613.4;613.4;612.28;612.76;15061785774;0
RGBITR;D;20200730;000000;612.92;613.49;610.29;610.37;13488439774.2;0
RGBITR;D;20200731;000000;610.58;612.13;610.58;611.09;7365371932.54;0
RGBITR;D;20200803;000000;611.63;613.13;611.63;612.46;12336504131.5;0
RGBITR;D;20200804;000000;612.69;613.79;612.63;612.85;9618003332.2;0
RGBITR;D;20200805;000000;613;613.67;612.95;613.14;13312287033;0
RGBITR;D;20200806;000000;613.21;613.83;612.54;612.54;5179443278.65;0
RGBITR;D;20200807;000000;612.69;612.92;612.22;612.22;9668498789.77;0
RGBITR;D;20200810;000000;612.51;612.75;612.21;612.61;1848466773.26;0
RGBITR;D;20200811;000000;612.72;613.06;612.56;612.94;4668943107.73;0
RGBITR;D;20200812;000000;613.06;613.29;612.45;612.45;3451077915.08;0
RGBITR;D;20200813;000000;612.58;612.78;611.92;611.92;8223209701.29;0
RGBITR;D;20200814;000000;612.02;612.27;610.78;610.78;5573001039.36;0
RGBITR;D;20200817;000000;611.11;611.92;606.7;606.7;15593182337.3;0
RGBITR;D;20200818;000000;606.9;607.28;605.1;606.36;18504336948.2;0
RGBITR;D;20200819;000000;606.55;608.91;606.5;608.91;6915879897.12;0
RGBITR;D;20200820;000000;609.02;609.52;608.07;608.09;15372902138.7;0
RGBITR;D;20200821;000000;608.27;608.52;606.54;606.54;11646710317.8;0
RGBITR;D;20200824;000000;606.87;607.67;606.09;607.6;8085839966.78;0
RGBITR;D;20200825;000000;608.37;609.18;607.01;607.25;15533981966.8;0
RGBITR;D;20200826;000000;607.57;607.96;606.26;606.34;15280480240.4;0
RGBITR;D;20200827;000000;606.59;608.12;606.59;608.05;17795381146.8;0
RGBITR;D;20200828;000000;608.16;609.43;607.89;608.85;7080050535.84;0
RGBITR;D;20200831;000000;609.32;610.27;609.32;609.98;17236168061.2;0
RGBITR;D;20200901;000000;610.1;610.84;610.1;610.68;12143787571;0
RGBITR;D;20200902;000000;610.81;611.22;609.49;609.49;17260378105.4;0
RGBITR;D;20200903;000000;609.52;609.52;607.22;607.45;17271449991;0
RGBITR;D;20200904;000000;607.53;608.22;607.23;608.22;14544479832.9;0
RGBITR;D;20200907;000000;608.63;608.63;607.9;608.1;9950302086.23;0
RGBITR;D;20200908;000000;608.33;608.53;606.74;606.76;17821840416.4;0
RGBITR;D;20200909;000000;607.12;607.53;606.54;607.47;27994510368;0
RGBITR;D;20200910;000000;607.63;608.67;607.63;608.66;31085040816.4;0
RGBITR;D;20200911;000000;608.73;609.54;608.44;608.44;17264316764.9;0
RGBITR;D;20200914;000000;608.86;609.01;608.3;608.32;16504604656.9;0
RGBITR;D;20200915;000000;608.49;609.03;608.33;608.7;17682981698.5;0
RGBITR;D;20200916;000000;608.87;609.73;608.72;608.75;14462070622.1;0
RGBITR;D;20200917;000000;608.93;609.62;608.45;608.72;21789348860.9;0
RGBITR;D;20200918;000000;608.8;609.35;608.64;608.71;5683854600.8;0
RGBITR;D;20200921;000000;608.95;609.68;607.82;607.82;15503619606.7;0
RGBITR;D;20200922;000000;607.95;608.72;606.73;606.87;29532111403.2;0
RGBITR;D;20200923;000000;606.99;607.11;606.35;606.36;17446965822.5;0
RGBITR;D;20200924;000000;606.49;606.91;605.6;605.8;21049002040.5;0
RGBITR;D;20200925;000000;605.91;606.86;605.89;606.24;19975144690.5;0
RGBITR;D;20200928;000000;606.54;606.6;605.65;605.85;7287649566.14;0
RGBITR;D;20200929;000000;606.14;606.65;605.56;605.9;17763861513.3;0
RGBITR;D;20200930;000000;606.17;607.58;606.17;607.55;28067977175.2;0
RGBITR;D;20201001;000000;607.69;609.52;607.69;609.36;34673721840;0
RGBITR;D;20201002;000000;609.56;609.56;608.81;609.29;28452807840;0
RGBITR;D;20201005;000000;609.77;610.6;609.77;610.01;15584843061.3;0
RGBITR;D;20201006;000000;610.1;611.03;609.93;611.03;55117127397.9;0
RGBITR;D;20201007;000000;611.2;611.97;611.19;611.77;32318222858.5;0
RGBITR;D;20201008;000000;612.02;613.99;611.91;613.99;32725625388.8;0
RGBITR;D;20201009;000000;614.16;614.95;614.09;614.43;14374174698.8;0
RGBITR;D;20201012;000000;614.68;615.88;614.66;614.94;4501413087.5;0
RGBITR;D;20201013;000000;615.16;615.3;614.82;615.25;19311349518.33;0
RGBITR;D;20201014;000000;615.42;615.68;615.14;615.14;6231769578.41;0
RGBITR;D;20201015;000000;615.16;615.27;613.86;613.86;6524947893.9;0
RGBITR;D;20201016;000000;613.92;614.11;613.46;613.98;8676862893.34;0
RGBITR;D;20201019;000000;614.35;615.34;614.17;615.34;6608608029.35;0
RGBITR;D;20201020;000000;615.49;615.83;615.18;615.28;12156500726.39;0
RGBITR;D;20201021;000000;615.45;616.14;615.39;615.8;22679067962.03;0
RGBITR;D;20201022;000000;615.96;616.34;615.55;615.56;10217940131.97;0
RGBITR;D;20201023;000000;615.69;616.26;615.65;616.07;17382181339.85;0
RGBITR;D;20201026;000000;616.4;616.56;615.91;615.97;30170031948.05;0
RGBITR;D;20201027;000000;616.1;616.28;615.5;615.51;10154552396.07;0
RGBITR;D;20201028;000000;615.47;615.58;613.71;613.71;11072235910.42;0
RGBITR;D;20201029;000000;613.8;613.88;612.58;612.6;12397692722.62;0
RGBITR;D;20201030;000000;612.7;613.15;612.17;612.17;11852542309.88;0
RGBITR;D;20201102;000000;612.54;612.61;609.09;609.1;20875598930.54;0
RGBITR;D;20201103;000000;608.84;610.54;608.84;610.13;17911995104.49;0
RGBITR;D;20201105;000000;610.23;615.95;610.23;615.95;43155984209.87;0
RGBITR;D;20201106;000000;616.2;617.97;616.2;617.97;25930186996.39;0
RGBITR;D;20201109;000000;618.33;620.16;617.77;620.16;30774057016.13;0
RGBITR;D;20201110;000000;620.72;620.78;619.14;619.68;23243165127.68;0
RGBITR;D;20201111;000000;619.84;619.85;619.31;619.64;13344362864.85;0
RGBITR;D;20201112;000000;619.72;619.9;619.33;619.7;28636524130.61;0
RGBITR;D;20201113;000000;619.88;620.43;619.65;620.35;10018964127.21;0
RGBITR;D;20201116;000000;620.63;621.07;619.94;621.06;8316403149.75;0
RGBITR;D;20201117;000000;621.23;621.32;620.8;620.83;21890950434.18;0
RGBITR;D;20201118;000000;620.86;621;619.88;619.88;31704403752.74;0
RGBITR;D;20201119;000000;619.74;620.99;619.63;620.62;14603118286.1;0
RGBITR;D;20201120;000000;620.77;621.08;620.38;620.9;6800986577.3;0
RGBITR;D;20201123;000000;621.26;622.33;620.82;622.04;7709290327.46;0
RGBITR;D;20201124;000000;621.36;621.57;621.25;621.33;14477131434.19;0
RGBITR;D;20201125;000000;621.48;621.66;621.14;621.41;14911236854;0
RGBITR;D;20201126;000000;621.5;621.58;620.82;620.98;10971882714.37;0
RGBITR;D;20201127;000000;621.01;621.2;620.66;621.13;16226410323.89;0
RGBITR;D;20201130;000000;621.39;621.54;620.85;620.85;4475298968.17;0
RGBITR;D;20201201;000000;620.95;621.29;620.95;621.02;10427436821.22;0
RGBITR;D;20201202;000000;621.15;621.44;620.81;620.97;14567422686.75;0
RGBITR;D;20201203;000000;621.12;621.17;620.72;621.13;12681802520.22;0
RGBITR;D;20201204;000000;621.68;621.94;621.43;621.54;15767685475.45;0
RGBITR;D;20201207;000000;621.88;622.4;621.77;622.07;13325453179.87;0
RGBITR;D;20201208;000000;622.16;622.48;621.91;622.43;37955634656.05;0
RGBITR;D;20201209;000000;622.53;622.72;622.07;622.17;20684188763.64;0
RGBITR;D;20201210;000000;622.04;622.5;621.58;621.6;15127627321.82;0
RGBITR;D;20201211;000000;621.69;621.73;621.21;621.29;8968584598.45;0
RGBITR;D;20201214;000000;621.63;621.93;621.36;621.59;14216730193.52;0
RGBITR;D;20201215;000000;621.73;621.81;621.3;621.38;11450354484.62;0
RGBITR;D;20201216;000000;621.45;621.93;621.1;621.25;19257893763.49;0
RGBITR;D;20201217;000000;621.37;621.88;621.36;621.83;18805654500.22;0
RGBITR;D;20201218;000000;621.96;622.21;621.24;621.25;7829744832.81;0
RGBITR;D;20201221;000000;621.68;621.77;619.54;619.54;4304166717.92;0
RGBITR;D;20201222;000000;619.61;619.61;618.81;619.05;7466746853.21;0
RGBITR;D;20201223;000000;619.3;619.75;618.51;618.53;7750868391.7;0
RGBITR;D;20201224;000000;618.65;619.49;618.57;618.73;11102653362.04;0
RGBITR;D;20201225;000000;618.77;619.84;618.14;619.77;3725665724.69;0
RGBITR;D;20201228;000000;620.12;620.12;619.15;619.36;15379168243.46;0
RGBITR;D;20201229;000000;619.35;620.42;619.11;620.39;14616125996.28;0
RGBITR;D;20201230;000000;620.45;621.62;620.44;620.45;12598400517.71;0
RGBITR;D;20210104;000000;621;621.99;620.87;621.74;220180453.32;0
RGBITR;D;20210105;000000;621.97;622.43;621.37;622.42;157530154.14;0
RGBITR;D;20210106;000000;622.65;623.27;622.55;622.72;206710165.18;0
RGBITR;D;20210108;000000;622.99;623.47;622.6;622.8;201916533.94;0
RGBITR;D;20210111;000000;622.95;623.26;621.15;621.15;4251081024.6;0
RGBITR;D;20210112;000000;621.21;621.4;619.99;620.21;10821189400.32;0
RGBITR;D;20210113;000000;620.39;620.95;619.69;619.69;11200470967.31;0
RGBITR;D;20210114;000000;619.98;620.33;619.3;619.31;17993002999.54;0
RGBITR;D;20210115;000000;619.5;620.06;616.79;616.79;10452942218.1;0
RGBITR;D;20210118;000000;617;617.71;616.14;616.21;8675744151.41;0
RGBITR;D;20210119;000000;616.17;616.83;615.71;616.83;16123870286.3;0
RGBITR;D;20210120;000000;617.04;617.83;616.94;617.46;14057419493.16;0
RGBITR;D;20210121;000000;617.71;618.49;616.48;616.5;9654858703.01;0
RGBITR;D;20210122;000000;616.61;616.92;614.06;614.06;18240267872.2;0
RGBITR;D;20210125;000000;614.44;615.46;614.25;614.54;5238933791.81;0
RGBITR;D;20210126;000000;614.64;615.51;614.45;614.84;14186779415.37;0
RGBITR;D;20210127;000000;614.97;615.93;614.55;614.55;20280144773.66;0
RGBITR;D;20210128;000000;614.71;614.88;613.52;614.04;17860603855.47;0
RGBITR;D;20210129;000000;614.48;615.52;614.48;614.93;12054835418.89;0
RGBITR;D;20210201;000000;615.27;615.65;615.26;615.52;10769051858.44;0
RGBITR;D;20210202;000000;615.56;616.26;615.43;615.43;10528414171.35;0
RGBITR;D;20210203;000000;615.51;615.56;613.8;613.97;28991396636.79;0
RGBITR;D;20210204;000000;614.11;615.39;614.11;615.26;19081062045.94;0
RGBITR;D;20210205;000000;615.46;616.48;615.21;616.48;31346183132.82;0
RGBITR;D;20210208;000000;616.92;618.12;616.92;617.99;15893515126.74;0
RGBITR;D;20210209;000000;618.06;618.2;616.36;616.36;14173006370.31;0
RGBITR;D;20210210;000000;616.39;616.63;615.11;615.16;14317881643.58;0
RGBITR;D;20210211;000000;615.29;615.86;613.47;613.47;13557280227.47;0
RGBITR;D;20210212;000000;613.52;614.25;611.04;611.04;19161984865.81;0
RGBITR;D;20210215;000000;611.34;612.55;610.18;610.18;14385852815.68;0
RGBITR;D;20210216;000000;610.25;610.29;607.88;607.9;23599744086.38;0
RGBITR;D;20210217;000000;608.06;608.06;605.96;607.34;33917103239.71;0
RGBITR;D;20210218;000000;607.45;608.87;607.44;608.57;17564285070.51;0
RGBITR;D;20210219;000000;608.72;609.08;606.88;606.91;17749502664.72;0
RGBITR;D;20210220;000000;607.02;608.03;606.71;607.01;618144019.89;0
RGBITR;D;20210222;000000;607.27;607.46;606.93;606.93;267902244.11;0
RGBITR;D;20210224;000000;607.08;608.02;606.81;607.67;24752435064.62;0
RGBITR;D;20210225;000000;607.89;607.91;606.12;606.14;20278520584.38;0
RGBITR;D;20210226;000000;606.18;606.52;603.73;603.73;22932075832.32;0
RGBITR;D;20210301;000000;604.09;605.13;604.09;605.1;6800122617.08;0
RGBITR;D;20210302;000000;605.31;605.77;604.22;605.77;22206798919.51;0
RGBITR;D;20210303;000000;605.98;607.69;605.98;607.63;22307294122.74;0
RGBITR;D;20210304;000000;607.86;610.86;607.86;610.77;16560093046.54;0
RGBITR;D;20210305;000000;610.86;610.86;607.38;607.62;12306758517.86;0
RGBITR;D;20210309;000000;608.08;609.25;607.89;608.2;7135791527.07;0
RGBITR;D;20210310;000000;608.4;609.25;606.8;606.8;15721578036.24;0
RGBITR;D;20210311;000000;606.96;607.85;605.03;605.03;32679308989.39;0
RGBITR;D;20210312;000000;605.17;606.1;604.34;604.34;22215973635.12;0
RGBITR;D;20210315;000000;604.74;605.71;604.65;604.65;15706943500.16;0
RGBITR;D;20210316;000000;604.8;604.9;603.76;603.85;19242669391.71;0
RGBITR;D;20210317;000000;604.27;604.46;602.94;602.94;25365229523.01;0
RGBITR;D;20210318;000000;603.02;603.49;601.42;601.52;34622749852.19;0
RGBITR;D;20210319;000000;601.6;601.6;599.58;599.58;14824209508.73;0
RGBITR;D;20210322;000000;599.93;599.95;597.8;597.8;24327083416.15;0
RGBITR;D;20210323;000000;597.93;598.82;592.95;593.85;60089005237.64;0
RGBITR;D;20210324;000000;594.3;595.89;594.25;595.32;29862965432.51;0
RGBITR;D;20210325;000000;595.49;597.35;595.49;597.26;26163393308.5;0
RGBITR;D;20210326;000000;597.55;600.25;597.55;600.16;43931404281.81;0
RGBITR;D;20210329;000000;600.56;601.87;600.55;601.29;16969223809.05;0
RGBITR;D;20210330;000000;601.52;602.01;599.61;599.61;16465698116.15;0
RGBITR;D;20210331;000000;599.83;600.83;599.62;600.12;24404095039.04;0
RGBITR;D;20210401;000000;600.28;601.37;599.31;599.31;29981067037.25;0
RGBITR;D;20210402;000000;599.51;600.79;599.51;599.62;10319428405.4;0
RGBITR;D;20210405;000000;600.18;601.13;599.7;599.76;7127188447.59;0
RGBITR;D;20210406;000000;599.98;600.48;598.86;598.86;31438640919.94;0
RGBITR;D;20210407;000000;598.92;598.92;594.63;594.69;27947577492.81;0
RGBITR;D;20210408;000000;594.96;596.14;594.94;594.94;22032706781.37;0
RGBITR;D;20210409;000000;595.27;596.08;593.9;593.94;25377127487.8;0
RGBITR;D;20210412;000000;594.28;595.94;594.24;595.14;8499114531.71;0
RGBITR;D;20210413;000000;595.19;596.54;595.16;595.25;12194106114.22;0
RGBITR;D;20210414;000000;595.38;601.4;595.38;601.01;49964619704.07;0
RGBITR;D;20210415;000000;600.73;600.73;596.05;598.14;57261298592.33;0
RGBITR;D;20210416;000000;598.47;604.59;598.38;604.18;45523968045.68;0
RGBITR;D;20210419;000000;604.57;605.24;601.69;601.93;21750281194.39;0
RGBITR;D;20210420;000000;602.17;603.48;601.06;601.15;31531649086.9;0
RGBITR;D;20210421;000000;601.46;602.27;601.38;602.1;28012982829.25;0
RGBITR;D;20210422;000000;602.27;603.93;602.27;603.93;25499450108.77;0
RGBITR;D;20210423;000000;604.15;605.27;604.15;604.38;48058141120.65;0
RGBITR;D;20210426;000000;604.75;605.82;604.75;605.43;13844271377.38;0
RGBITR;D;20210427;000000;605.61;606.02;604.13;604.2;11146037665.57;0
RGBITR;D;20210428;000000;604.31;605.86;602.85;603.05;14808374146.83;0
RGBITR;D;20210429;000000;603.35;605.68;603.29;604.34;12258920747.77;0
RGBITR;D;20210430;000000;604.38;605.3;603.78;603.9;9097132238.21;0
RGBITR;D;20210504;000000;604.48;605.09;604.48;605.09;6625227968.72;0
RGBITR;D;20210505;000000;605.36;606.01;605.36;605.63;6071915317.26;0
RGBITR;D;20210506;000000;605.72;606.48;605.72;606.13;7040601574.62;0
RGBITR;D;20210507;000000;606.27;607.08;605.41;605.67;4262200248.92;0
RGBITR;D;20210510;000000;605.99;607.16;605.99;606.98;102482115.82;0
RGBITR;D;20210511;000000;607.08;607.3;605.48;605.63;16085785761.31;0
RGBITR;D;20210512;000000;605.59;606.26;604.61;604.67;19118372844.52;0
RGBITR;D;20210513;000000;605.32;606.1;602.79;602.99;16777136265.96;0
RGBITR;D;20210514;000000;603.01;605.11;603.01;604.55;13327137577.7;0
RGBITR;D;20210517;000000;604.93;605.39;604.36;604.79;13171311758.33;0
RGBITR;D;20210518;000000;604.89;605.73;604.67;604.67;6329728705.19;0
RGBITR;D;20210519;000000;604.84;605.46;604.3;604.3;12862461859.78;0
RGBITR;D;20210520;000000;604.87;606.08;604.59;604.96;7895795466.91;0
RGBITR;D;20210521;000000;605.2;605.99;605.2;605.36;17212121873.44;0
RGBITR;D;20210524;000000;605.69;606.3;605.36;605.36;7247889476.14;0
RGBITR;D;20210525;000000;605.44;606.39;605.02;605.05;9669887663.21;0
RGBITR;D;20210526;000000;605.34;606.15;605.18;605.33;10680102006.2;0
RGBITR;D;20210527;000000;605.41;607.29;605.41;605.62;15281575650.54;0
RGBITR;D;20210528;000000;605.72;606.83;605.35;605.35;8675689885.03;0
RGBITR;D;20210531;000000;605.81;606.18;605.25;605.25;2543023796.55;0
RGBITR;D;20210601;000000;605.37;606.2;604.69;604.69;7146003085.93;0
RGBITR;D;20210602;000000;604.81;605.77;604.58;604.58;35035503393.63;0
RGBITR;D;20210603;000000;604.7;605.63;604.22;604.24;14060373888.92;0
RGBITR;D;20210604;000000;604.4;605.49;603.1;603.16;15284162666.21;0
RGBITR;D;20210607;000000;603.48;603.83;603.05;603.07;8250593637.67;0
RGBITR;D;20210608;000000;603.19;604.44;601.53;601.54;16269808245.66;0
RGBITR;D;20210609;000000;601.65;601.66;600.31;600.65;15364305716.65;0
RGBITR;D;20210610;000000;600.8;601.73;600.77;601.73;14549149905.29;0
RGBITR;D;20210611;000000;601.8;604.36;601.79;604.36;20836409885.79;0
RGBITR;D;20210614;000000;604.69;605.47;604.43;604.74;552288884;0
RGBITR;D;20210615;000000;604.93;605.34;604.04;604.04;9215475572.36;0
RGBITR;D;20210616;000000;604.03;604.36;602.68;602.72;20566577240.19;0
RGBITR;D;20210617;000000;602.93;603.4;602.45;603.12;26167747326.14;0
RGBITR;D;20210618;000000;603.27;605.6;603.24;605.44;28770595036.92;0
RGBITR;D;20210621;000000;605.78;606.01;605.02;605.04;9157626053.75;0
RGBITR;D;20210622;000000;605.19;605.61;605.01;605.01;2738337270.31;0
RGBITR;D;20210623;000000;605.14;605.58;604.85;605.56;19210994088.56;0
RGBITR;D;20210624;000000;605.76;606.83;605.76;606.52;16284272531.49;0
RGBITR;D;20210625;000000;606.67;606.94;606.04;606.16;16338390323.59;0
RGBITR;D;20210628;000000;606.44;607.08;605.41;605.41;11063474192.84;0
RGBITR;D;20210629;000000;605.46;606.19;603.49;603.74;35626862055.21;0
RGBITR;D;20210630;000000;603.82;604.95;603.56;603.89;10379800548.5;0
RGBITR;D;20210701;000000;604.08;604.9;604.08;604.39;16306047287.82;0
RGBITR;D;20210702;000000;604.52;604.69;603.98;603.99;15675925604.36;0
RGBITR;D;20210705;000000;604.3;604.98;604.25;604.73;33022109756.29;0
RGBITR;D;20210706;000000;604.89;605.53;604.6;604.62;8324081470.82;0
RGBITR;D;20210707;000000;604.73;605.62;604.5;604.51;31958164103.34;0
RGBITR;D;20210708;000000;604.52;604.72;603.47;603.64;18401044828.18;0
RGBITR;D;20210709;000000;603.89;604.41;603.71;604.35;17782615476.93;0
RGBITR;D;20210712;000000;604.68;605.13;604.15;604.16;11392661007.29;0
RGBITR;D;20210713;000000;604.25;605.15;604.08;604.13;8080641765.1;0
RGBITR;D;20210714;000000;604.24;604.68;604.07;604.07;16554776267.18;0
RGBITR;D;20210715;000000;604.16;605.09;604.16;604.98;18293861324.41;0
RGBITR;D;20210716;000000;605.2;605.77;605;605.18;21829556099.26;0
RGBITR;D;20210719;000000;605.52;605.52;604.91;605;9425761503.49;0
RGBITR;D;20210720;000000;605.1;605.91;604.71;605.91;14183971062.17;0
RGBITR;D;20210721;000000;606.07;608.03;605.87;608.02;38184573814.81;0
RGBITR;D;20210722;000000;608.17;610.29;607.88;610.29;49725540260.83;0
RGBITR;D;20210723;000000;610.5;611.47;610.44;611.02;41117255776.93;0
RGBITR;D;20210726;000000;611.39;611.56;610.96;611.56;29751437200.7;0
RGBITR;D;20210727;000000;611.72;612.71;610.88;612.69;31386421926;0
RGBITR;D;20210728;000000;612.8;613.76;612.73;613.76;43736543339.36;0
RGBITR;D;20210729;000000;613.73;614.3;613.66;613.89;34780936267.11;0
RGBITR;D;20210730;000000;613.99;614.19;613.42;614.19;22770443195.02;0
RGBITR;D;20210802;000000;614.55;615.49;614.02;614.02;21127777391.57;0
RGBITR;D;20210803;000000;614.08;614.22;613.68;613.68;28152520885.51;0
RGBITR;D;20210804;000000;613.81;613.87;612.85;612.89;16863781687.18;0
RGBITR;D;20210805;000000;613;613.63;612.96;613.36;18882821794.57;0
RGBITR;D;20210806;000000;613.51;613.92;612.75;612.78;20415926268.64;0
RGBITR;D;20210809;000000;613.22;613.81;612.03;612.03;8683580526.85;0
RGBITR;D;20210810;000000;612.17;612.31;611.71;611.71;34168041694.32;0
RGBITR;D;20210811;000000;611.78;612.25;611.36;611.38;22021059208.34;0
RGBITR;D;20210812;000000;611.44;612.02;611.31;611.59;23427065320.72;0
RGBITR;D;20210813;000000;611.71;612.32;611.5;611.87;26169454315.09;0
RGBITR;D;20210816;000000;612.23;613.85;612.17;613.85;30732847779.11;0
RGBITR;D;20210817;000000;614;614.91;613.92;614.81;41987240767.16;0
RGBITR;D;20210818;000000;614.81;614.9;614.45;614.73;16218960453.39;0
RGBITR;D;20210819;000000;614.88;615.4;613.52;613.55;18819387014.17;0
RGBITR;D;20210820;000000;613.75;615.32;613.38;613.66;6949522581.72;0
RGBITR;D;20210823;000000;614.04;614.5;613.74;613.76;5092734847.93;0
RGBITR;D;20210824;000000;613.9;614.57;613.33;613.33;10334081699.58;0
RGBITR;D;20210825;000000;613.46;613.82;613.11;613.11;38098012906.71;0
RGBITR;D;20210826;000000;613.22;613.7;611.97;611.97;5451960762.89;0
RGBITR;D;20210827;000000;612.03;613;611.97;612.95;15475507646.94;0
RGBITR;D;20210830;000000;613.32;614.09;613.32;613.8;5580507435.4;0
RGBITR;D;20210831;000000;613.91;614.29;613.67;614.22;13133800518.02;0
RGBITR;D;20210901;000000;614.33;614.59;614.08;614.42;22047601195.28;0
RGBITR;D;20210902;000000;614.55;614.69;613.34;613.36;12491712685.28;0
RGBITR;D;20210903;000000;613.51;614.85;613.44;613.78;16339171573.05;0
RGBITR;D;20210906;000000;614.11;614.57;613.72;613.81;3761027463.08;0
RGBITR;D;20210907;000000;613.92;613.96;613.24;613.25;12153694731.52;0
RGBITR;D;20210908;000000;613.44;614.27;613.12;613.12;13886249362.01;0
RGBITR;D;20210909;000000;613.28;613.93;613.16;613.28;4547373418.01;0
RGBITR;D;20210910;000000;613.4;613.79;612.78;613.79;21040442314.08;0
RGBITR;D;20210913;000000;614.13;614.89;614.13;614.48;12762894472.63;0
RGBITR;D;20210914;000000;614.68;615;614.23;614.23;16467296881.18;0
RGBITR;D;20210915;000000;614.3;614.86;613.47;613.49;13939377202.06;0
RGBITR;D;20210916;000000;613.71;614.3;613.55;613.55;30086565763.16;0
RGBITR;D;20210917;000000;613.69;614.74;613.2;613.2;28494661519.18;0
RGBITR;D;20210920;000000;613.5;613.74;611.02;611.03;19562454335.45;0
RGBITR;D;20210921;000000;611.12;611.48;611.05;611.46;9402310984.84;0
RGBITR;D;20210922;000000;611.58;612.17;611.46;611.75;17726685825.21;0
RGBITR;D;20210923;000000;611.81;612.07;609.98;610.06;21315899024.22;0
RGBITR;D;20210924;000000;610.35;610.88;608.86;608.86;17970754729.9;0
RGBITR;D;20210927;000000;609.3;609.79;607.61;607.61;22682409171.98;0
RGBITR;D;20210928;000000;607.58;609.64;607.58;608.15;23568076884.57;0
RGBITR;D;20210929;000000;608.33;608.64;608.17;608.63;10006673166.64;0
RGBITR;D;20210930;000000;608.78;608.78;607.78;607.8;7362772649.12;0
RGBITR;D;20211001;000000;607.95;608.52;606.51;606.63;14069878479.65;0
RGBITR;D;20211004;000000;607.04;608.47;605.57;605.57;9415847697.32;0
RGBITR;D;20211005;000000;605.7;605.94;602.35;602.35;16550844274.66;0
RGBITR;D;20211006;000000;602.36;603.01;599.93;600.29;20893936624.52;0
RGBITR;D;20211007;000000;600.47;602.74;600.11;602.74;13028550554.09;0
RGBITR;D;20211008;000000;602.95;605.05;602.95;605.05;13176395767.03;0
RGBITR;D;20211011;000000;605.45;605.82;605.1;605.1;4439232269.06;0
RGBITR;D;20211012;000000;605.26;605.43;604.5;604.65;9702981723.78;0
RGBITR;D;20211013;000000;604.84;605.12;604.2;605.06;15203924594.68;0
RGBITR;D;20211014;000000;605.29;606.23;605.28;606.21;13567787638.43;0
RGBITR;D;20211015;000000;606.33;607.03;606.09;606.43;7245234490.74;0
RGBITR;D;20211018;000000;606.81;606.93;604.71;604.71;10200469615.2;0
RGBITR;D;20211019;000000;604.85;605.8;604.51;604.73;11204785452.63;0
RGBITR;D;20211020;000000;604.81;605.3;603.84;603.92;24399220850.39;0
RGBITR;D;20211021;000000;604.06;604.62;602.35;602.35;29606926239.34;0
RGBITR;D;20211022;000000;602.52;602.78;597.62;597.62;42870935960.06;0
RGBITR;D;20211025;000000;598.19;598.59;592.53;592.53;52501906937.71;0
RGBITR;D;20211026;000000;592.64;592.65;590.1;590.13;56644933223.12;0
RGBITR;D;20211027;000000;590.43;592.73;589.93;591.09;48058162231.85;0
RGBITR;D;20211028;000000;591.23;592.12;586.3;586.38;36493970794.43;0
RGBITR;D;20211029;000000;586.49;587.66;586.47;586.73;31092029514.39;0
RGBITR;D;20211101;000000;587.16;588.05;584.68;584.68;44034601049.72;0
RGBITR;D;20211102;000000;584.84;585.44;583.7;584.05;36060283161.98;0
RGBITR;D;20211103;000000;584.23;585.4;584.23;584.86;19097582785.71;0
RGBITR;D;20211105;000000;585.11;586.23;584.94;585.06;495697279.13;0
RGBITR;D;20211108;000000;585.47;587.04;585.47;587.03;11665331820.73;0
RGBITR;D;20211109;000000;587.22;589.36;587.21;589.36;39736751540.71;0
RGBITR;D;20211110;000000;589.57;591.65;589.57;591.57;29692331102.77;0
RGBITR;D;20211111;000000;591.84;594.37;591.83;592.35;18118448817.4;0
RGBITR;D;20211112;000000;592.57;593.55;590.35;590.35;13329381930.11;0
RGBITR;D;20211115;000000;590.83;591.48;589.28;589.28;10011827966.1;0
RGBITR;D;20211116;000000;589.21;589.21;586.89;586.89;18704985656.38;0
RGBITR;D;20211117;000000;587.35;588.38;586.43;587.17;14215346342.08;0
RGBITR;D;20211118;000000;587.32;588.49;584.66;584.66;19023710065.28;0
RGBITR;D;20211119;000000;584.74;585.22;583.31;583.31;17486757314.76;0
RGBITR;D;20211122;000000;583.6;583.88;578.79;578.79;24650625664.89;0
RGBITR;D;20211123;000000;579.01;579.88;576.16;576.2;29910201817.79;0
RGBITR;D;20211124;000000;577.21;580.16;576.65;578.37;32502769801.47;0
RGBITR;D;20211125;000000;578.55;580.73;578.55;580.72;36056810791.65;0
RGBITR;D;20211126;000000;580.74;582.07;579.19;580.18;14426237155.75;0
RGBITR;D;20211129;000000;580.61;584.51;580.61;584.47;18843218156.13;0
RGBITR;D;20211130;000000;584.66;585.9;583.96;584.3;16325130678.3;0
RGBITR;D;20211201;000000;584.15;585.52;584.02;585.04;11892755713.02;0
RGBITR;D;20211202;000000;585.5;586.42;582.52;583.11;11282395309.16;0
RGBITR;D;20211203;000000;583.28;585.3;583.28;584.4;13525881359.61;0
RGBITR;D;20211206;000000;584.78;585.09;583.26;583.26;28643794100.43;0
RGBITR;D;20211207;000000;583.36;583.63;580.56;580.62;99963397043.59;0
RGBITR;D;20211208;000000;581.08;583.23;581.08;581.37;25666293077.03;0
RGBITR;D;20211209;000000;581.55;582.09;581.47;582.03;16360266182.64;0
RGBITR;D;20211210;000000;582.22;582.94;582.22;582.68;21794973429.7;0
RGBITR;D;20211213;000000;583.15;584.97;582.67;582.67;10944445103.53;0
RGBITR;D;20211214;000000;582.62;582.62;581.08;581.48;19647793605.86;0
RGBITR;D;20211215;000000;581.76;583.18;581.75;581.79;22549869909.02;0
RGBITR;D;20211216;000000;581.91;583.42;581.67;583.22;22636393900.53;0
RGBITR;D;20211217;000000;583.41;585.07;583.41;584.4;16472799369.38;0
RGBITR;D;20211220;000000;584.9;588.1;584.86;587.31;38395011200.38;0
RGBITR;D;20211221;000000;587.76;589.05;587.37;587.37;29574427482.62;0
RGBITR;D;20211222;000000;587.44;587.82;587.02;587.78;31636952727.51;0
RGBITR;D;20211223;000000;587.91;589.56;587.89;588.24;16202846886.23;0
RGBITR;D;20211224;000000;588.36;589.57;588.36;588.58;9609855725.08;0
RGBITR;D;20211227;000000;589.01;590.86;588.93;588.93;10996929552.2;0
RGBITR;D;20211228;000000;589.14;590.96;589.07;589.07;12551209126.31;0
RGBITR;D;20211229;000000;589.2;590.38;589;589.01;8572296874.97;0
RGBITR;D;20211230;000000;589.17;591.17;589.14;589.78;6693622721.9;0
RGBITR;D;20220103;000000;590.3;594.11;590.3;592.16;373101951.99;0
RGBITR;D;20220104;000000;592.29;592.74;592.14;592.73;286420920.81;0
RGBITR;D;20220105;000000;592.88;593.54;592.86;593.34;281064992.01;0
RGBITR;D;20220106;000000;593.48;593.58;590.38;590.38;1337890948.45;0
RGBITR;D;20220110;000000;590.86;593.12;587.35;587.35;12515536953.52;0
RGBITR;D;20220111;000000;587.45;587.96;584.12;584.12;17324562392.94;0
RGBITR;D;20220112;000000;584.23;585.63;582.58;582.58;11833693362.8;0
RGBITR;D;20220113;000000;582.92;583.8;577.67;577.67;37465103167.62;0
RGBITR;D;20220114;000000;577.66;577.66;566.64;566.71;45224962295.64;0
RGBITR;D;20220117;000000;567.06;572.63;563.29;563.29;40158980843.84;0
RGBITR;D;20220118;000000;563.42;566.84;561.95;562.44;30050854872.08;0
RGBITR;D;20220119;000000;562.66;568.3;562.66;568.07;36883654265.13;0
RGBITR;D;20220120;000000;568.51;570.83;566.34;566.88;16793922043.4;0
RGBITR;D;20220121;000000;567.05;569.13;565.15;565.49;14878985743.39;0
RGBITR;D;20220124;000000;566.04;567.89;558.43;558.59;35040281847.81;0
RGBITR;D;20220125;000000;558.73;561.54;557.64;557.65;33788148421.36;0
RGBITR;D;20220126;000000;558.17;559.96;556.17;556.9;55535200359.22;0
RGBITR;D;20220127;000000;557.16;560.1;557.16;559.99;26608531894.82;0
RGBITR;D;20220128;000000;560.12;566.07;560.12;563.66;25671162188.79;0
RGBITR;D;20220131;000000;564.02;567.31;563.98;564.69;12768620922.34;0
RGBITR;D;20220201;000000;564.82;567.91;564.82;565.85;23721787259.12;0
RGBITR;D;20220202;000000;566.03;567.55;565.95;567.46;34314522184.9;0
RGBITR;D;20220203;000000;567.59;568.87;566.23;566.54;25623410959.26;0
RGBITR;D;20220204;000000;566.71;568.73;566.71;567.53;8164104022.28;0
RGBITR;D;20220207;000000;568.05;569.83;567.65;567.65;15091992977.56;0
RGBITR;D;20220208;000000;567.77;569.24;567.71;567.87;14826128081.83;0
RGBITR;D;20220209;000000;568.11;569.89;568.11;568.21;22804993567.09;0
RGBITR;D;20220210;000000;568.42;569.8;567.27;567.27;43002875160.26;0
RGBITR;D;20220211;000000;567.39;569.16;561.56;561.56;27561376437.87;0
RGBITR;D;20220214;000000;561.7;561.7;550.08;551.03;31628123949.02;0
RGBITR;D;20220215;000000;551.35;555.92;550.95;555.84;27356125802.77;0
RGBITR;D;20220216;000000;556.02;561.03;556.02;560.73;21023654317.49;0
RGBITR;D;20220217;000000;560.86;561.7;557.82;558.27;37635554865.11;0
RGBITR;D;20220218;000000;558.22;560.43;558.13;558.13;31468969000.84;0
RGBITR;D;20220221;000000;558.49;559.48;547.08;547.08;47644155030.41;0
RGBITR;D;20220222;000000;546.15;546.15;530.04;534.8;42405177316.07;0
RGBITR;D;20220224;000000;534.38;534.38;461.02;461.02;27016773681.52;0
RGBITR;D;20220225;000000;461.93;487.62;460.82;479.03;53555367270.08;0
RGBITR;D;20220321;000000;479;479;436.88;455.2;11658783738.37;0
RGBITR;D;20220322;000000;455.67;477.23;455.58;477.14;9766104935.19;0
RGBITR;D;20220323;000000;477.39;480.65;474.42;474.42;7196863437.8;0
RGBITR;D;20220324;000000;474.76;476.61;472.12;476.55;5745160086.22;0
RGBITR;D;20220325;000000;477.59;482.33;477.59;480.35;6119614030.22;0
RGBITR;D;20220328;000000;480.71;481.23;478.74;479.01;7630608050.77;0
RGBITR;D;20220329;000000;479.32;486.38;479.32;486.38;8867284039.86;0
RGBITR;D;20220330;000000;486.41;507.42;486.41;507.42;5944821102.96;0
RGBITR;D;20220331;000000;507.79;519.32;507.79;519.32;10173048422.73;0
RGBITR;D;20220401;000000;519.67;526.52;519.67;520.38;4457677743.32;0
RGBITR;D;20220404;000000;520.76;525.33;514.34;514.35;5049059150.66;0
RGBITR;D;20220405;000000;514.63;515.33;513.83;513.86;2269776894.84;0
RGBITR;D;20220406;000000;513.97;515.85;512.59;512.59;1310907591.49;0
RGBITR;D;20220407;000000;512.67;513.08;511.86;512.55;14843903862.23;0
RGBITR;D;20220408;000000;512.73;529.21;512.73;529.21;7761469924.22;0
RGBITR;D;20220411;000000;529.59;541.07;529.51;540.63;3247821257.73;0
RGBITR;D;20220412;000000;540.77;542.43;539.88;540.48;7588195564.73;0
RGBITR;D;20220413;000000;540.63;543.31;540.63;543.31;4833727681.33;0
RGBITR;D;20220414;000000;544.04;547.58;544.04;546.75;5051401847.24;0
RGBITR;D;20220415;000000;546.89;547.54;543.85;543.86;2463216109.57;0
RGBITR;D;20220418;000000;544.23;547.87;544.23;547.87;9490656411.87;0
RGBITR;D;20220419;000000;548.54;555.45;548.54;555.45;8389975333.06;0
RGBITR;D;20220420;000000;555.65;559.89;555.63;559.89;16240374565.73;0
RGBITR;D;20220421;000000;560.23;565.84;560.23;565.64;13161263597.57;0
RGBITR;D;20220422;000000;565.74;566.24;564.7;564.7;6520234051.42;0
RGBITR;D;20220425;000000;564.81;564.81;560.87;561.06;6086472436.88;0
RGBITR;D;20220426;000000;561.24;563.25;559.73;563.05;9247555572.67;0
RGBITR;D;20220427;000000;563.18;564.17;562.62;562.65;13683890475.06;0
RGBITR;D;20220428;000000;562.72;563.21;561.55;561.68;24188527457.91;0
RGBITR;D;20220429;000000;561.92;563.74;561.92;563.04;9468997350.42;0
RGBITR;D;20220504;000000;563.61;563.7;561.58;561.58;2849948873.3;0
RGBITR;D;20220505;000000;561.7;561.86;560.09;560.1;4306083593.84;0
RGBITR;D;20220506;000000;560.25;560.77;559.22;559.47;1779565472.24;0
RGBITR;D;20220511;000000;560.12;560.97;559.78;559.78;1938352168.95;0
RGBITR;D;20220512;000000;559.91;560.21;559.1;559.1;4840188216.14;0
RGBITR;D;20220513;000000;559.11;559.31;558.19;558.75;10028904398.15;0
RGBITR;D;20220516;000000;559.12;560.58;559.12;560.05;22506334346.33;0
RGBITR;D;20220517;000000;560.17;560.7;559.9;560.36;6626912655.77;0
RGBITR;D;20220518;000000;560.47;560.78;559.83;560.01;9025504623.93;0
RGBITR;D;20220519;000000;560.12;561.61;559.58;561.61;13433776389.59;0
RGBITR;D;20220520;000000;561.66;563.22;561.54;563.13;9874402726.31;0
RGBITR;D;20220523;000000;563.62;564.09;561.88;563.21;8878148432.73;0
RGBITR;D;20220524;000000;563.39;563.63;562.73;563.44;15370265272.45;0
RGBITR;D;20220525;000000;563.54;574.47;563.5;574.47;16336819836.36;0
RGBITR;D;20220526;000000;574.58;582.01;574.58;581.11;4665472015.45;0
RGBITR;D;20220527;000000;581.37;581.83;579.89;579.89;5361995703.77;0
RGBITR;D;20220530;000000;580.27;580.34;579.01;579.11;8112819527.81;0
RGBITR;D;20220531;000000;579.24;579.83;578.58;579.27;13638259802.48;0
RGBITR;D;20220601;000000;579.35;584.45;579.35;584.45;16938963493.18;0
RGBITR;D;20220602;000000;584.94;591.22;584.61;591.13;8504303965.98;0
RGBITR;D;20220603;000000;591.37;592.52;590.4;591.67;5912049654.75;0
RGBITR;D;20220606;000000;592.01;594.35;592.01;594.34;11293201945.08;0
RGBITR;D;20220607;000000;594.48;597.25;594.48;594.84;7204202019.71;0
RGBITR;D;20220608;000000;595.11;597.65;594.9;594.93;5099627555.31;0
RGBITR;D;20220609;000000;595.2;596.92;595.09;596.84;9629234272.69;0
RGBITR;D;20220610;000000;596.98;600.24;596.86;597.85;8981850164.42;0
RGBITR;D;20220614;000000;598.3;598.3;594.89;594.95;7184890124.67;0
RGBITR;D;20220615;000000;595.06;596.15;594.52;594.92;5641014900.27;0
RGBITR;D;20220616;000000;595.06;598.09;595.06;598.09;4292059582.88;0
RGBITR;D;20220617;000000;598.26;599.74;597.96;598;6042783177.2;0
RGBITR;D;20220620;000000;598.54;600.33;598.54;599.3;7005645796.69;0
RGBITR;D;20220621;000000;599.49;600.77;599.49;600.13;10465417983.61;0
RGBITR;D;20220622;000000;600.3;601.64;600.3;600.55;5731355758.93;0
RGBITR;D;20220623;000000;600.68;603;600.66;603;13613951943.68;0
RGBITR;D;20220624;000000;603.1;605.39;603.1;605.39;6560840026.35;0
RGBITR;D;20220627;000000;605.87;608.68;605.87;608.68;17496383229.73;0
RGBITR;D;20220628;000000;608.86;610.39;608.86;609.68;10074174319.91;0
RGBITR;D;20220629;000000;609.81;610.12;609.24;609.27;13931350016.43;0
RGBITR;D;20220630;000000;609.4;609.44;607.74;607.78;10922178598.85;0
RGBITR;D;20220701;000000;607.9;607.99;606.44;606.49;12219024050.86;0
RGBITR;D;20220704;000000;606.83;607.12;604.37;604.37;4579347642.43;0
RGBITR;D;20220705;000000;604.45;604.84;602.06;602.06;7864672828.5;0
RGBITR;D;20220706;000000;602.17;605.01;601.89;602.4;4794897385.55;0
RGBITR;D;20220707;000000;602.54;604.97;602.49;604.89;18442539823;0
RGBITR;D;20220708;000000;605.01;606.74;604.84;605.75;7370707866.59;0
RGBITR;D;20220711;000000;606.22;607.05;605.53;605.53;5102524500.95;0
RGBITR;D;20220712;000000;605.69;606.06;604.49;604.49;10522742975.22;0
RGBITR;D;20220713;000000;604.7;606.1;603.93;603.94;14309492319.17;0
RGBITR;D;20220714;000000;604.06;604.79;603.88;604.21;11775047585.1;0
RGBITR;D;20220715;000000;604.3;604.55;603.81;604.55;2643788878.26;0
RGBITR;D;20220718;000000;604.86;605.53;604.15;604.16;4879464034.03;0
RGBITR;D;20220719;000000;604.37;605.35;604.03;604.05;3760442265.39;0
RGBITR;D;20220720;000000;604.2;604.81;604.2;604.62;11161701300.01;0
RGBITR;D;20220721;000000;604.81;607.59;604.81;607.59;25666373165.64;0
RGBITR;D;20220722;000000;607.76;614.31;607.76;614.31;21048037236.96;0
RGBITR;D;20220725;000000;614.7;616.96;614.7;616.48;20048404322.82;0
RGBITR;D;20220726;000000;616.6;617.45;615.81;616.03;15396106849.1;0
RGBITR;D;20220727;000000;616.2;617.11;615.96;616.4;17402575854.77;0
RGBITR;D;20220728;000000;616.55;618.04;616.55;617.08;12869661883.72;0
RGBITR;D;20220729;000000;617.17;618.31;617.17;618.24;4603416611.38;0
RGBITR;D;20220801;000000;618.6;619.55;618.6;618.73;5209165507.29;0
RGBITR;D;20220802;000000;618.91;619.82;618.86;618.87;13501406357.16;0
RGBITR;D;20220803;000000;619.07;619.08;618.05;618.05;11092507201.5;0
RGBITR;D;20220804;000000;618.16;618.85;617.96;618.25;18440121718.52;0
RGBITR;D;20220805;000000;618.42;619.36;617.86;617.87;6095483425.82;0
RGBITR;D;20220808;000000;618.26;618.49;617.83;618.17;2861354129.07;0
RGBITR;D;20220809;000000;618.33;619.25;618.32;618.43;6774634188.11;0
RGBITR;D;20220810;000000;618.64;618.98;617.73;617.73;6920883939.18;0
RGBITR;D;20220811;000000;617.81;618.57;615.88;615.88;5059345936.73;0
RGBITR;D;20220812;000000;615.97;615.97;613.76;613.88;5367391304.81;0
RGBITR;D;20220815;000000;614.2;615.75;614.2;615.54;2527812747.46;0
RGBITR;D;20220816;000000;615.66;616.71;615.66;616.25;3219761610.28;0
RGBITR;D;20220817;000000;616.42;617.39;616.42;617.05;4966843678.87;0
RGBITR;D;20220818;000000;617.17;618.33;617.17;617.37;4399196126.62;0
RGBITR;D;20220819;000000;617.53;618.01;616.5;616.51;3598316157.22;0
RGBITR;D;20220822;000000;616.89;617.42;615.68;615.68;3327484299.83;0
RGBITR;D;20220823;000000;615.78;616.41;615.39;615.61;7423356404.63;0
RGBITR;D;20220824;000000;615.74;615.82;615;615.17;12921723988.19;0
RGBITR;D;20220825;000000;615.29;616.38;615.29;616.3;7673966124.22;0
RGBITR;D;20220826;000000;616.42;617.36;616.39;616.59;3120580453.51;0
RGBITR;D;20220829;000000;616.96;617.4;616.73;616.94;6188841342.9;0
RGBITR;D;20220830;000000;617.03;617.39;616.93;617.35;5530709913.43;0
RGBITR;D;20220831;000000;617.46;617.76;616.44;616.73;8840839205.1;0
RGBITR;D;20220901;000000;616.89;617.75;616.89;617.48;6287561811.88;0
RGBITR;D;20220902;000000;617.65;619.02;617.65;619;12696015628.07;0
RGBITR;D;20220905;000000;619.39;621.39;619.39;621.39;7444380468.83;0
RGBITR;D;20220906;000000;621.62;622.65;621.62;622.47;4678377943.34;0
RGBITR;D;20220907;000000;622.62;623.28;622.52;622.52;7338893119.41;0
RGBITR;D;20220908;000000;622.65;622.98;621.78;621.78;5267845210.35;0
RGBITR;D;20220909;000000;622.02;622.03;620.91;620.96;2589038844.36;0
RGBITR;D;20220912;000000;621.31;622.14;621.28;621.98;7248159823.7;0
RGBITR;D;20220913;000000;622.11;622.6;620.96;620.96;8282018133.96;0
RGBITR;D;20220914;000000;621.16;621.74;620.9;621.15;7624904757.06;0
RGBITR;D;20220915;000000;621.27;622.33;621.18;621.97;12005381902.85;0
RGBITR;D;20220916;000000;622.13;623.92;622.12;622.12;19406906455.59;0
RGBITR;D;20220919;000000;622.35;622.35;615.17;615.18;10226716090.28;0
RGBITR;D;20220920;000000;615.32;615.32;608.01;608.01;24491135729.13;0
RGBITR;D;20220921;000000;607.51;607.51;583.37;595.48;18051500018.51;0
RGBITR;D;20220922;000000;595.58;604.4;595.58;599.17;13903669708.71;0
RGBITR;D;20220923;000000;599.39;601.13;592.29;592.29;7277461211.87;0
RGBITR;D;20220926;000000;592.61;592.65;577.4;579.52;7287672412.91;0
RGBITR;D;20220927;000000;580.08;590.61;580.08;590.56;5073428169.56;0
RGBITR;D;20220928;000000;590.84;592.76;589.89;589.89;10591423160.2;0
RGBITR;D;20220929;000000;589.99;590.48;582.97;582.97;9435997501.34;0
RGBITR;D;20220930;000000;583.01;583.77;578.87;579.01;5546569737.33;0
RGBITR;D;20221003;000000;579.45;584.8;579.44;584.8;9921293069.66;0
RGBITR;D;20221004;000000;585.23;592.46;585.23;591.63;12662326488.45;0
RGBITR;D;20221005;000000;591.78;592.68;591.42;591.56;13790775890.19;0
RGBITR;D;20221006;000000;591.71;593.89;591.68;593.85;9685043684.33;0
RGBITR;D;20221007;000000;593.97;594.57;593.17;593.17;4673230323.06;0
RGBITR;D;20221010;000000;593.43;593.43;587.11;588.89;5066985070.1;0
RGBITR;D;20221011;000000;589.32;593.45;589.32;593.37;8190778724.17;0
RGBITR;D;20221012;000000;593.75;596.15;593.75;595.51;8114878016.71;0
RGBITR;D;20221013;000000;595.73;597.47;595.73;596.48;8772939595.23;0
RGBITR;D;20221014;000000;596.63;598.51;596.62;597.44;7816813677.96;0
RGBITR;D;20221017;000000;597.87;600.46;597.85;599.87;11911497916.78;0
RGBITR;D;20221018;000000;600.02;601.88;600.02;600.91;21497962617.99;0
RGBITR;D;20221019;000000;601.03;601.4;600.48;600.89;8726670931;0
RGBITR;D;20221020;000000;601.09;602.36;601.09;602.34;5569488724.75;0
RGBITR;D;20221021;000000;602.52;604.16;602.52;603.98;10399389927.32;0
RGBITR;D;20221024;000000;604.5;606;604.5;605.33;10965134375.75;0
RGBITR;D;20221025;000000;605.46;606.8;605.35;605.35;10197372924.14;0
RGBITR;D;20221026;000000;605.56;606.36;605.21;605.21;5905474150.26;0
RGBITR;D;20221027;000000;605.5;606.07;604.38;604.38;8736096751.49;0
RGBITR;D;20221028;000000;604.56;605.9;604.32;604.32;7271895075.08;0
RGBITR;D;20221031;000000;604.72;605.28;603.16;603.16;9534229850.53;0
RGBITR;D;20221101;000000;603.29;604.99;603.01;603.03;6322533834.57;0
RGBITR;D;20221102;000000;603.22;604.74;600.3;600.37;17223390609.46;0
RGBITR;D;20221103;000000;600.55;602.26;600.39;600.5;6312653641.59;0
RGBITR;D;20221107;000000;601.2;603.13;601.2;601.45;9014203961.87;0
RGBITR;D;20221108;000000;601.55;602.38;598.92;598.92;16051372208.21;0
RGBITR;D;20221109;000000;599;599.45;597.64;598.02;12471688823.76;0
RGBITR;D;20221110;000000;598.21;600.69;598.15;600.39;12963488737.78;0
RGBITR;D;20221111;000000;600.61;602.06;600.61;601.42;5393707431.23;0
RGBITR;D;20221114;000000;601.86;602.92;601.53;601.59;6901173478.18;0
RGBITR;D;20221115;000000;601.75;602.26;601.65;601.87;11875943214.8;0
RGBITR;D;20221116;000000;601.99;603.56;601.61;603.56;16962278200.96;0
RGBITR;D;20221117;000000;603.83;606.96;603.83;606.72;11350187558.15;0
RGBITR;D;20221118;000000;606.85;606.87;606.32;606.84;3138886165.53;0
RGBITR;D;20221121;000000;607.21;607.73;607;607;7125164890.75;0
RGBITR;D;20221122;000000;607.11;607.42;606.04;606.08;9705324303.35;0
RGBITR;D;20221123;000000;606.22;606.67;605.99;606.4;10841593734.88;0
RGBITR;D;20221124;000000;606.55;607.87;606.55;607.75;13481236913.49;0
RGBITR;D;20221125;000000;607.86;608.61;607.86;608.2;6956294262.09;0
RGBITR;D;20221128;000000;608.73;609.22;608.65;608.78;6642372017.41;0
RGBITR;D;20221129;000000;608.92;609.25;608.76;608.76;4275493893.6;0
RGBITR;D;20221130;000000;608.82;609.37;608.51;608.71;5696003197.62;0
RGBITR;D;20221201;000000;608.87;609.6;608.49;608.52;11276485973.26;0
RGBITR;D;20221202;000000;608.74;609.01;608.2;608.29;11053510178.05;0
RGBITR;D;20221205;000000;608.7;609.15;607.64;607.68;10044615891.14;0
RGBITR;D;20221206;000000;607.85;608.04;607.22;607.52;9853029868.27;0
RGBITR;D;20221207;000000;607.67;608.28;607.54;607.74;9045871328.64;0
RGBITR;D;20221208;000000;607.93;609.29;607.93;608.98;8465821321.73;0
RGBITR;D;20221209;000000;609.22;610.54;609.22;609.57;6243159566.29;0
RGBITR;D;20221212;000000;610;610.92;609.78;609.79;15008214354.58;0
RGBITR;D;20221213;000000;610.1;611.2;610.1;610.63;8591372710.4;0
RGBITR;D;20221214;000000;610.82;612.16;610.82;611;6678551082.18;0
RGBITR;D;20221215;000000;611.24;611.64;610.67;610.67;7387881396.77;0
RGBITR;D;20221216;000000;610.8;612.55;610.8;610.86;4161244088.7;0
RGBITR;D;20221219;000000;611.14;611.69;609.47;609.52;9318018848.61;0
RGBITR;D;20221220;000000;609.61;609.72;608.8;608.81;6701884915.71;0
RGBITR;D;20221221;000000;608.96;609.58;608.65;608.67;6165818000.78;0
RGBITR;D;20221222;000000;608.79;609.65;608.78;609.59;9103677875.6;0
RGBITR;D;20221223;000000;609.7;610.3;609.7;609.9;9950611922.99;0
RGBITR;D;20221226;000000;610.29;611.07;610.29;610.55;10882896785.17;0
RGBITR;D;20221227;000000;610.65;611.78;610.58;610.58;18187523277.7;0
RGBITR;D;20221228;000000;610.71;610.86;609.96;610.16;22154413463.3;0
RGBITR;D;20221229;000000;610.43;611.48;610.43;610.65;10980324981.54;0
RGBITR;D;20221230;000000;610.76;612.24;610.76;611.72;6388126023.29;0
RGBITR;D;20230103;000000;612.29;614.58;612.24;614.58;137407667.51;0
RGBITR;D;20230104;000000;614.72;615.75;614.72;615.61;130739082.75;0
RGBITR;D;20230105;000000;615.76;616.43;615.54;616.42;96675715.06;0
RGBITR;D;20230106;000000;616.58;617.22;616.08;616.08;178066731.48;0
RGBITR;D;20230109;000000;616.38;616.59;613.95;613.95;3669184103.39;0
RGBITR;D;20230110;000000;614.15;615.06;613.38;613.38;3384903638.63;0
RGBITR;D;20230111;000000;613.56;613.91;612.52;612.57;3289466623.04;0
RGBITR;D;20230112;000000;612.71;613.57;612.54;612.82;5214505903.46;0
RGBITR;D;20230113;000000;612.95;613.86;612.95;613.33;3939762378.64;0
RGBITR;D;20230116;000000;613.75;614.3;613.42;613.43;2829524355.34;0
RGBITR;D;20230117;000000;613.57;614.24;613.56;613.85;2816945536.36;0
RGBITR;D;20230118;000000;614.01;614.61;613.33;613.37;2720987467.24;0
RGBITR;D;20230119;000000;613.52;614.53;613.52;614.02;6646461892.68;0
RGBITR;D;20230120;000000;614.2;615.01;613.76;613.79;2666166620.92;0
RGBITR;D;20230123;000000;614.22;614.81;613.21;613.29;6752020241.26;0
RGBITR;D;20230124;000000;613.43;614.08;613.12;613.15;4969896635.78;0
RGBITR;D;20230125;000000;613.28;613.81;613.21;613.29;3205532541.87;0
RGBITR;D;20230126;000000;613.42;613.9;613.42;613.9;9977703120.29;0
RGBITR;D;20230127;000000;614.09;615.19;614.07;614.32;7134407399.99;0
RGBITR;D;20230130;000000;614.76;615.51;614.76;614.81;3752456561.14;0
RGBITR;D;20230131;000000;614.96;615.8;614.74;614.74;3728217007.04;0
RGBITR;D;20230201;000000;614.91;615.42;614.79;614.85;6231759774.67;0
RGBITR;D;20230202;000000;615;616.01;615;615.29;5991697002.96;0
RGBITR;D;20230203;000000;615.5;615.9;614.49;614.52;6223509440.2;0
RGBITR;D;20230206;000000;614.96;615.63;614.63;614.65;5522907799.19;0
RGBITR;D;20230207;000000;614.81;615.48;614.81;614.83;5626816712.57;0
RGBITR;D;20230208;000000;614.98;615.48;613.89;613.89;20719314123.43;0
RGBITR;D;20230209;000000;614.07;615.1;613.42;613.43;13680970409.61;0
RGBITR;D;20230210;000000;613.62;614.54;613.43;613.48;6261205089.85;0
RGBITR;D;20230213;000000;613.87;614.48;611.71;611.71;12320205794.95;0
RGBITR;D;20230214;000000;612.17;612.4;610.35;610.82;9317772626.03;0
RGBITR;D;20230215;000000;610.96;611.66;609.2;609.2;14096231567.87;0
RGBITR;D;20230216;000000;609.41;610.28;609.41;609.45;15212844917.53;0
RGBITR;D;20230217;000000;609.61;610;609.24;609.26;14302390648.14;0
RGBITR;D;20230220;000000;609.76;610.71;609.19;609.2;12289328276.97;0
RGBITR;D;20230221;000000;609.32;609.46;608.77;609.09;5401001712.14;0
RGBITR;D;20230222;000000;609.28;610.15;609.28;609.98;7531886305.13;0
RGBITR;D;20230224;000000;610.24;611.98;610.24;611.97;122139333.81;0
RGBITR;D;20230227;000000;612.37;612.44;611.69;611.83;4393511692.2;0
RGBITR;D;20230228;000000;612.05;613.44;611.94;611.99;3102147068.38;0
RGBITR;D;20230301;000000;612.16;612.86;612.16;612.31;3500738384.81;0
RGBITR;D;20230302;000000;612.58;613.89;612.56;612.67;8207088906.17;0
RGBITR;D;20230303;000000;612.88;614.03;612.82;613.57;3341042467.75;0
RGBITR;D;20230306;000000;614.03;614.74;614.03;614.17;1923753536.03;0
RGBITR;D;20230307;000000;614.19;615.09;614.14;614.98;2833094523.78;0
RGBITR;D;20230309;000000;615.26;616.13;615.22;615.24;3109837226.29;0
RGBITR;D;20230310;000000;615.44;615.99;615.44;615.87;3349007553.63;0
RGBITR;D;20230313;000000;616.34;616.92;615.99;615.99;5553419278.52;0
RGBITR;D;20230314;000000;616.13;616.68;615.74;615.74;8992353150.11;0
RGBITR;D;20230315;000000;615.9;616.56;615.25;615.26;7618578522.22;0
RGBITR;D;20230316;000000;615.42;615.87;615.08;615.08;8320161715.88;0
RGBITR;D;20230317;000000;615.24;615.86;613.68;613.68;8030462132.37;0
RGBITR;D;20230320;000000;614.05;615;613.75;613.82;6088256833.83;0
RGBITR;D;20230321;000000;613.99;615.09;613.81;613.91;7219230601.77;0
RGBITR;D;20230322;000000;614.11;615.43;614.09;615.27;11413118171.28;0
RGBITR;D;20230323;000000;615.42;616;615.36;616;6701914174.42;0
RGBITR;D;20230324;000000;616.13;616.8;616.13;616.73;7506053177.34;0
RGBITR;D;20230327;000000;617.17;617.59;617.16;617.41;5531417725.88;0
RGBITR;D;20230328;000000;617.67;618.03;617.06;617.06;13791371445.63;0
RGBITR;D;20230329;000000;617.22;617.74;617.08;617.08;9400737435.52;0
RGBITR;D;20230330;000000;617.21;617.93;617.21;617.24;11965221050.58;0
RGBITR;D;20230331;000000;617.36;618.05;617.32;617.39;7846275180.69;0
RGBITR;D;20230403;000000;617.82;618.65;617.82;618.09;2480871257.85;0
RGBITR;D;20230404;000000;618.26;618.86;617.14;617.14;7132937486.26;0
RGBITR;D;20230405;000000;617.29;618.01;616.93;616.93;18955409555.79;0
RGBITR;D;20230406;000000;617.06;618.17;617.01;617.01;16057557755.82;0
RGBITR;D;20230407;000000;617.14;617.27;615.59;615.73;19100063195.76;0
RGBITR;D;20230410;000000;616.29;617.61;616.29;617.33;5992060185.85;0
RGBITR;D;20230411;000000;617.51;618.56;617.51;617.63;8362553331.99;0
RGBITR;D;20230412;000000;617.78;618.45;617.6;617.61;8793291175.3;0
RGBITR;D;20230413;000000;617.76;618.3;617.48;617.6;5304172254.63;0
RGBITR;D;20230414;000000;617.79;618.32;617.79;617.95;21636334895.23;0
RGBITR;D;20230417;000000;618.37;618.87;618.37;618.52;5830901415.01;0
RGBITR;D;20230418;000000;618.67;619.23;618.62;618.71;10742951888.7;0
RGBITR;D;20230419;000000;618.9;619.41;618.77;618.99;9877831714.34;0
RGBITR;D;20230420;000000;619.16;620.06;619.16;619.65;13617412538.45;0
RGBITR;D;20230421;000000;619.79;620.18;619.72;619.86;6291199439.31;0
RGBITR;D;20230424;000000;620.25;620.9;620.24;620.89;5023938706.53;0
RGBITR;D;20230425;000000;621.09;621.35;620.9;620.97;13257703282.97;0
RGBITR;D;20230426;000000;621.12;621.57;621.08;621.18;13557426054.3;0
RGBITR;D;20230427;000000;621.41;622.01;621.36;621.93;16636887795.33;0
RGBITR;D;20230428;000000;622.07;623.43;622.07;623.43;18963552701.63;0
RGBITR;D;20230502;000000;624.07;625.36;624.04;624.55;3713736658.21;0
RGBITR;D;20230503;000000;624.74;625.42;624.7;624.84;6515271697.97;0
RGBITR;D;20230504;000000;624.95;625.11;624.71;624.8;7526587633.54;0
RGBITR;D;20230505;000000;624.98;625.41;624.96;625.37;3366449992.4;0
RGBITR;D;20230508;000000;625.79;626.29;625.77;625.97;140440007.03;0
RGBITR;D;20230510;000000;626.24;626.34;625.92;625.96;5231890460.87;0
RGBITR;D;20230511;000000;626.08;626.71;626.08;626.19;9603289644.95;0
RGBITR;D;20230512;000000;626.37;626.76;625.87;625.87;10035876427.26;0
RGBITR;D;20230515;000000;626.3;626.84;626.29;626.35;2007649361.06;0
RGBITR;D;20230516;000000;626.46;626.83;626.09;626.09;3017537864.2;0
RGBITR;D;20230517;000000;626.24;626.57;625.87;626.06;5925178603.77;0
RGBITR;D;20230518;000000;626.23;626.81;626.23;626.68;8371850742.03;0
RGBITR;D;20230519;000000;626.89;627.3;626.88;627.21;3734973659.22;0
RGBITR;D;20230522;000000;627.67;628.43;627.66;627.76;4706909516.14;0
RGBITR;D;20230523;000000;627.95;628.29;627.64;627.65;10870557107.85;0
RGBITR;D;20230524;000000;627.8;628.18;627.71;627.87;8627498380.24;0
RGBITR;D;20230525;000000;628.02;628.34;628.02;628.11;6397076921.79;0
RGBITR;D;20230526;000000;628.25;628.66;628.25;628.28;7442358319.14;0
RGBITR;D;20230529;000000;628.69;629.63;628.4;628.41;12632389607.38;0
RGBITR;D;20230530;000000;628.56;629.02;628.38;628.38;10167056580.63;0
RGBITR;D;20230531;000000;628.51;629.14;628.45;628.53;10109058341.53;0
RGBITR;D;20230601;000000;628.7;629.09;628.24;628.24;5923265194.94;0
RGBITR;D;20230602;000000;628.42;628.97;628.36;628.38;5588562552.4;0
RGBITR;D;20230605;000000;628.87;629.35;628.68;628.68;5388963445.95;0
RGBITR;D;20230606;000000;628.85;629.39;628.51;628.73;6493135360.89;0
RGBITR;D;20230607;000000;628.91;629.47;628.71;628.74;5360365984.85;0
RGBITR;D;20230608;000000;628.87;629.27;628.69;628.74;4398148197.48;0
RGBITR;D;20230609;000000;628.88;629.31;628.8;628.8;5311451654.03;0
RGBITR;D;20230613;000000;629.32;630.25;628.9;628.9;4069906044.86;0
RGBITR;D;20230614;000000;629.06;629.54;628.23;628.23;7663479840.69;0
RGBITR;D;20230615;000000;628.41;629.01;628.23;628.27;4784260062.16;0
RGBITR;D;20230616;000000;628.39;629.79;628.38;628.68;4046864645.75;0
RGBITR;D;20230619;000000;629.08;629.49;628.75;628.75;3644528755.2;0
RGBITR;D;20230620;000000;628.91;629.43;627.9;627.96;6649721703.43;0
RGBITR;D;20230621;000000;628.14;628.61;627.58;627.63;7374848567.79;0
RGBITR;D;20230622;000000;627.83;628.24;627.47;627.48;8302397578.91;0
RGBITR;D;20230623;000000;627.66;628.09;627.66;627.87;4661213483.14;0
RGBITR;D;20230626;000000;628.34;628.36;627.16;627.17;7824142492.31;0
RGBITR;D;20230627;000000;627.34;627.84;627.34;627.49;5531089536.22;0
RGBITR;D;20230628;000000;627.65;628.26;627.46;627.46;11082887408.89;0
RGBITR;D;20230629;000000;627.64;628.23;627.18;627.19;4519246365.08;0
RGBITR;D;20230630;000000;627.35;628.12;626.37;626.37;9009925280.7;0
RGBITR;D;20230703;000000;626.84;627.56;626.47;626.47;1510761642.69;0
RGBITR;D;20230704;000000;626.61;627.2;626.2;626.2;2284421011.83;0
RGBITR;D;20230705;000000;626.35;626.99;626.35;626.62;10807367109.31;0
RGBITR;D;20230706;000000;626.78;626.85;625.9;625.92;12425844196.66;0
RGBITR;D;20230707;000000;626.08;626.59;625.75;625.77;3686232566.05;0
RGBITR;D;20230710;000000;626.22;626.73;625.2;625.2;3479054584.13;0
RGBITR;D;20230711;000000;625.38;625.96;624.75;624.75;4307383409.88;0
RGBITR;D;20230712;000000;624.86;625.24;624.53;624.54;4898163312.53;0
RGBITR;D;20230713;000000;624.69;625.19;624.65;624.65;3190847080.92;0
RGBITR;D;20230714;000000;624.79;625.45;624.22;624.22;6819479318.37;0
RGBITR;D;20230717;000000;624.66;625.07;623.22;623.22;5091136136.78;0
RGBITR;D;20230718;000000;623.39;623.49;622.26;622.26;7552929710.94;0
RGBITR;D;20230719;000000;622.36;622.59;621.74;621.74;5779210079.29;0
RGBITR;D;20230720;000000;621.98;622.59;621.98;622.19;3499794162.62;0
RGBITR;D;20230721;000000;622.36;623.02;621.83;621.83;4724293341.29;0
RGBITR;D;20230724;000000;622.27;623.24;622.26;622.51;6309916416.46;0
RGBITR;D;20230725;000000;622.64;623.4;622.63;623.08;7082804503.29;0
RGBITR;D;20230726;000000;623.31;624.36;623.31;623.63;9155295779.73;0
RGBITR;D;20230727;000000;623.81;624.65;623.71;623.71;14326473770.2;0
RGBITR;D;20230728;000000;623.89;624.34;623.33;623.33;5530482935.75;0
RGBITR;D;20230731;000000;623.78;624.35;623.11;623.11;6224112174.9;0
RGBITR;D;20230801;000000;623.3;624;622.91;622.91;2774929358.86;0
RGBITR;D;20230802;000000;623.07;623.29;622.47;622.61;7274896600.02;0
RGBITR;D;20230803;000000;622.93;623.47;621.98;621.98;6516191076.12;0
RGBITR;D;20230804;000000;622.12;622.9;621.46;621.49;2737073818.49;0
RGBITR;D;20230807;000000;621.88;622.63;621.46;621.46;3226998900.36;0
RGBITR;D;20230808;000000;621.62;621.84;620.67;620.71;8490683722.87;0
RGBITR;D;20230809;000000;620.79;620.95;618.93;618.93;5444630993.31;0
RGBITR;D;20230810;000000;619.04;619.51;617.78;617.78;9252116429.34;0
RGBITR;D;20230811;000000;617.87;617.97;616.77;616.77;6320321904.91;0
RGBITR;D;20230814;000000;617.2;617.22;614.07;614.07;10134243485.25;0
RGBITR;D;20230815;000000;614.1;614.1;609.62;610.43;8788210839.65;0
RGBITR;D;20230816;000000;610.76;614.24;610.76;612.38;11185876196.7;0
RGBITR;D;20230817;000000;612.63;614.98;612.63;614.24;15482027951.18;0
RGBITR;D;20230818;000000;614.76;618.62;614.76;616.63;7124867078.23;0
RGBITR;D;20230821;000000;617.09;619.53;617.09;617.16;11351027468.6;0
RGBITR;D;20230822;000000;617.35;618.52;616.51;616.51;11618112132.16;0
RGBITR;D;20230823;000000;616.65;617.26;615.6;615.6;10310433622.57;0
RGBITR;D;20230824;000000;615.8;616.3;614.29;614.29;9617732037.82;0
RGBITR;D;20230825;000000;614.44;615.21;613.79;613.79;5871826261.27;0
RGBITR;D;20230828;000000;614.25;614.64;613.61;613.61;3565990744.84;0
RGBITR;D;20230829;000000;613.77;614.04;613.16;613.16;5276291185.29;0
RGBITR;D;20230830;000000;613.26;613.92;613.11;613.15;7604882531.65;0
RGBITR;D;20230831;000000;613.3;613.74;612.95;613.04;4314617799.98;0
RGBITR;D;20230901;000000;613.21;613.38;612.67;612.67;9342038031.51;0
RGBITR;D;20230904;000000;613.11;613.46;611.78;611.89;3965078140.36;0
RGBITR;D;20230905;000000;612.09;612.54;610.47;610.47;5600653718.96;0
RGBITR;D;20230906;000000;610.62;610.91;606.39;606.39;11176472059.59;0
RGBITR;D;20230907;000000;606.46;606.46;599.77;600.33;12970148260.88;0
RGBITR;D;20230908;000000;600.7;602.54;597.66;597.66;8793529099.53;0
RGBITR;D;20230911;000000;598.24;599.46;597.52;597.57;5379403717.66;0
RGBITR;D;20230912;000000;597.92;600.52;597.92;600.44;10650130065.76;0
RGBITR;D;20230913;000000;600.84;606.33;600.84;603.77;4525392836.45;0
RGBITR;D;20230914;000000;604;604.56;601.15;601.15;4919806793.77;0
RGBITR;D;20230915;000000;601.3;603.46;599.73;599.95;13755171534.34;0
RGBITR;D;20230918;000000;600.48;605.26;600.48;602.84;7585630561.07;0
RGBITR;D;20230919;000000;603.36;606.61;602.46;602.46;6079344207.5;0
RGBITR;D;20230920;000000;602.66;603.52;600.83;600.83;4498043325.7;0
RGBITR;D;20230921;000000;601.06;602.55;601.06;601.31;2680809346.98;0
RGBITR;D;20230922;000000;601.55;603.06;600.68;600.76;8677789674.16;0
RGBITR;D;20230925;000000;601.23;602.76;600.58;600.58;9144343960.52;0
RGBITR;D;20230926;000000;600.79;602.22;599.89;599.89;6595418235.9;0
RGBITR;D;20230927;000000;600.04;600.69;599.37;599.38;8126725014.02;0
RGBITR;D;20230928;000000;599.54;600.01;596.68;596.68;14604741050.68;0
RGBITR;D;20230929;000000;596.85;597.19;595.07;595.07;10056774046.32;0
RGBITR;D;20231002;000000;595.48;595.86;593.14;593.14;6186006275.93;0
RGBITR;D;20231003;000000;593.27;594.12;593.2;593.52;83884734986.6;0
RGBITR;D;20231004;000000;593.61;594.55;592.13;592.13;11736869239.7;0
RGBITR;D;20231005;000000;592.31;593.01;591.37;591.37;7359322891.8;0
RGBITR;D;20231006;000000;591.58;592.11;590.97;590.97;7639011732.26;0
RGBITR;D;20231009;000000;591.41;592.03;590.41;590.41;5070939326.65;0
RGBITR;D;20231010;000000;590.52;590.81;589.76;589.79;8912687148.24;0
RGBITR;D;20231011;000000;589.95;590.44;589.34;589.71;4673898995.81;0
RGBITR;D;20231012;000000;589.98;596.12;589.93;593.26;14801294956.63;0
RGBITR;D;20231013;000000;593.46;594.86;593.46;593.92;3329015927.91;0
RGBITR;D;20231016;000000;594.45;596.5;594.45;595.37;4485533648.85;0
RGBITR;D;20231017;000000;595.66;596.9;595.63;595.78;5837669104.95;0
RGBITR;D;20231018;000000;595.95;596.19;594.18;594.18;5537078503.29;0
RGBITR;D;20231019;000000;594.29;594.4;593.34;593.35;13085310341.83;0
RGBITR;D;20231020;000000;593.52;594.2;593.52;593.7;8548460108.4;0
RGBITR;D;20231023;000000;594.14;595.08;594.12;594.32;8911013327.13;0
RGBITR;D;20231024;000000;594.46;595.06;594.34;594.34;12792198200.84;0
RGBITR;D;20231025;000000;594.52;595.09;594.52;594.62;8424706710.58;0
RGBITR;D;20231026;000000;594.82;595.66;594.65;594.68;8371450958.34;0
RGBITR;D;20231027;000000;594.86;594.87;591.01;591.02;12096012226.37;0
RGBITR;D;20231030;000000;591.39;592.63;589.23;589.47;13974230640.07;0
RGBITR;D;20231031;000000;589.68;590.83;589.68;590.69;6830110213.15;0
RGBITR;D;20231101;000000;590.9;592.15;590.26;592.15;5300953476.64;0
RGBITR;D;20231102;000000;592.48;598.49;592.48;598.49;5877907707.98;0
RGBITR;D;20231103;000000;598.87;603.22;598.87;603.22;7553260014.91;0
RGBITR;D;20231106;000000;603.92;609.42;603.92;609;1370416946.76;0
RGBITR;D;20231107;000000;609.1;609.79;605.71;605.71;6452428258.12;0
RGBITR;D;20231108;000000;605.85;606.23;605.13;605.78;11658506739.16;0
RGBITR;D;20231109;000000;605.99;610.97;605.99;610.97;9737606072.05;0
RGBITR;D;20231110;000000;611.14;615.09;611.14;614.64;5438312532;0
RGBITR;D;20231113;000000;615.1;615.17;611.97;611.97;4952212168.07;0
RGBITR;D;20231114;000000;612.18;612.19;607.73;607.88;11153252356.59;0
RGBITR;D;20231115;000000;608.13;610.48;608.13;610.48;6576857443.86;0
RGBITR;D;20231116;000000;610.6;613.37;610.6;611.97;4727539539.04;0
RGBITR;D;20231117;000000;612.08;612.74;611.89;612.74;5094510964.82;0
RGBITR;D;20231120;000000;613.06;614.53;613.06;614.09;2337960939.52;0
RGBITR;D;20231121;000000;614.35;615.33;614.25;615.32;3361775250.61;0
RGBITR;D;20231122;000000;615.42;616.99;615.36;616.95;9050730519.37;0
RGBITR;D;20231123;000000;617.17;618.31;617.15;618.12;5342371867.51;0
RGBITR;D;20231124;000000;618.33;619.13;618.09;618.18;11959377194.14;0
RGBITR;D;20231127;000000;618.61;618.65;617.56;617.9;4270687596.18;0
RGBITR;D;20231128;000000;618.12;618.38;617.98;618.1;4503196581.58;0
RGBITR;D;20231129;000000;618.28;618.65;618.11;618.63;9402433200.77;0
RGBITR;D;20231130;000000;618.81;619.32;617.69;617.69;13225337922.6;0
RGBITR;D;20231201;000000;617.78;618.27;616.64;616.64;7865517322.96;0
RGBITR;D;20231204;000000;616.94;616.94;611.47;611.47;12090911594.13;0
RGBITR;D;20231205;000000;611.59;611.59;609.68;609.86;7773199095.09;0
RGBITR;D;20231206;000000;610.03;610.66;608.93;608.96;10739289347;0
RGBITR;D;20231207;000000;609.15;609.41;608.39;608.43;10431091592.25;0
RGBITR;D;20231208;000000;608.67;609.37;608.65;609.17;5176941633.61;0
RGBITR;D;20231211;000000;609.78;610.47;607.88;608.11;11670387528.52;0
RGBITR;D;20231212;000000;608.21;608.37;605.66;605.68;10069054777.99;0
RGBITR;D;20231213;000000;605.79;606.38;604.43;604.44;15443959913.59;0
RGBITR;D;20231214;000000;604.64;605.39;604.07;604.08;11742217504.98;0
RGBITR;D;20231215;000000;604.24;605.46;604.03;604.29;7259061574.38;0
RGBITR;D;20231218;000000;605.43;609.34;605.43;609.2;15072846665.73;0
RGBITR;D;20231219;000000;609.85;613.69;609.85;612.69;9563690980.08;0
RGBITR;D;20231220;000000;612.92;615.86;612.87;615.86;11577993584.74;0
RGBITR;D;20231221;000000;616.12;618.34;616.12;618.2;6452347808.65;0
RGBITR;D;20231222;000000;618.38;619.59;618.38;618.85;5863046140.37;0
RGBITR;D;20231225;000000;619.15;620.6;619.15;619.2;11679432039.98;0
RGBITR;D;20231226;000000;619.4;619.88;617.85;617.85;9212937543.15;0
RGBITR;D;20231227;000000;618.05;618.2;615.98;616.99;9937441583.61;0
RGBITR;D;20231228;000000;617.09;617.15;616.63;616.8;4909035283.86;0
RGBITR;D;20231229;000000;617.06;618.99;616.37;616.37;5233080789.7;0
RGBITR;D;20240103;000000;617.14;621.14;617.14;619.24;738650442.68;0
RGBITR;D;20240104;000000;619.41;620.36;619.1;619.35;263839175.2;0
RGBITR;D;20240105;000000;619.52;620.41;619.29;619.3;352108202.38;0
RGBITR;D;20240108;000000;619.86;620.65;619.86;620.02;346014834.89;0
RGBITR;D;20240109;000000;620.17;620.57;617.8;617.8;3261688344.7;0
RGBITR;D;20240110;000000;617.97;618.69;616.59;616.59;3160383883.96;0
RGBITR;D;20240111;000000;616.81;618.31;614.75;614.76;6311385630.92;0
RGBITR;D;20240112;000000;615.04;615.47;612.75;612.8;10291002685.17;0
RGBITR;D;20240115;000000;613.23;614.39;613.23;614.38;6355330425.81;0
RGBITR;D;20240116;000000;614.58;615.93;614.58;615.02;8593120827.13;0
RGBITR;D;20240117;000000;615.26;617.06;615.23;617.06;7693123851.25;0
RGBITR;D;20240118;000000;617.22;619;617.19;619;16426597299.48;0
RGBITR;D;20240119;000000;619.2;620.88;619.2;620.5;4786854289.79;0
RGBITR;D;20240122;000000;620.99;622.03;620.82;620.83;18390361502.84;0
RGBITR;D;20240123;000000;621.07;622.27;620.96;621.23;7216091844.14;0
RGBITR;D;20240124;000000;621.25;622.06;620.88;620.95;4132344823.43;0
RGBITR;D;20240125;000000;621.14;621.69;621.14;621.69;5389977143.15;0
RGBITR;D;20240126;000000;621.88;622.38;621.88;622.31;5410917243.66;0
RGBITR;D;20240129;000000;622.83;623.81;622.38;622.38;7828773289.04;0
RGBITR;D;20240130;000000;622.59;622.86;621.42;621.42;18202777975.99;0
RGBITR;D;20240131;000000;621.63;622.29;621.58;621.86;5146117764.99;0
RGBITR;D;20240201;000000;622.08;622.86;621.26;621.27;5650038859.81;0
RGBITR;D;20240202;000000;621.45;622.32;620.31;620.31;7350027655.88;0
RGBITR;D;20240205;000000;620.76;621.31;620.05;620.05;5686172500.77;0
RGBITR;D;20240206;000000;620.24;620.94;620.04;620.07;6745860905.25;0
RGBITR;D;20240207;000000;620.23;620.78;620.13;620.22;6756085616.98;0
RGBITR;D;20240208;000000;620.47;621.85;619.65;619.65;13374670479.77;0
RGBITR;D;20240209;000000;619.81;620.26;618.91;618.97;8243835014.41;0
RGBITR;D;20240212;000000;619.5;620.44;619.41;619.62;4613247701.44;0
RGBITR;D;20240213;000000;619.86;620.98;619.86;619.98;5857383093.28;0
RGBITR;D;20240214;000000;620.09;620.99;620.02;620.02;5409927780.47;0
RGBITR;D;20240215;000000;620.22;621.11;618.47;618.47;9658696752.81;0
RGBITR;D;20240216;000000;618.7;619.28;617.39;617.39;12295592116.23;0
RGBITR;D;20240219;000000;617.87;618;616.29;616.3;3615814796.77;0
RGBITR;D;20240220;000000;616.49;616.66;615.79;615.84;2970445164.51;0
RGBITR;D;20240221;000000;615.93;615.93;615.11;615.19;3918550666.19;0
RGBITR;D;20240222;000000;615.34;616.01;615.25;615.42;3213651027.09;0
RGBITR;D;20240226;000000;616.13;617.88;616.13;616.19;6145820782.29;0
RGBITR;D;20240227;000000;616.43;616.82;615.33;615.33;8527714947.78;0
RGBITR;D;20240228;000000;615.47;616.07;615.45;615.49;8539638399.04;0
RGBITR;D;20240229;000000;615.66;617.47;614.86;614.86;10957970006.22;0
RGBITR;D;20240301;000000;615.06;616.63;615.06;615.45;3794622922.02;0
RGBITR;D;20240304;000000;615.93;616.94;613.51;613.51;15130166989.47;0
RGBITR;D;20240305;000000;613.61;613.77;611.53;611.53;9562907088.76;0
RGBITR;D;20240306;000000;611.69;611.71;609.31;609.31;19458270221.45;0
RGBITR;D;20240307;000000;609.48;609.83;608.26;608.26;17077939986.43;0
RGBITR;D;20240311;000000;608.9;609.83;608.5;608.51;10771342751.56;0
RGBITR;D;20240312;000000;608.67;609.87;608.35;608.35;11215804578.05;0
RGBITR;D;20240313;000000;608.48;608.79;607.07;607.07;17845020612.95;0
RGBITR;D;20240314;000000;607.24;607.76;605.5;605.5;11816537784.44;0
RGBITR;D;20240315;000000;605.7;605.73;602.32;602.32;17913313661.86;0
RGBITR;D;20240318;000000;602.82;603.03;599.95;599.98;19451792470.03;0
RGBITR;D;20240319;000000;600.18;600.99;600.08;600.09;12150698527.49;0
RGBITR;D;20240320;000000;600.28;600.86;598.93;598.93;17148818925.08;0
RGBITR;D;20240321;000000;599.12;600.23;597.7;598.37;14033144872.44;0
RGBITR;D;20240322;000000;598.83;601.84;598.83;599.68;4385453558.75;0
RGBITR;D;20240325;000000;600.21;600.3;599.29;599.49;6345468651.59;0
RGBITR;D;20240326;000000;599.67;601.12;599.67;600.2;16499035471.62;0
RGBITR;D;20240327;000000;600.37;600.95;600.35;600.95;9885195115.48;0
RGBITR;D;20240328;000000;601.1;603.33;601.1;602.38;12868261306.73;0
RGBITR;D;20240329;000000;602.53;603.43;601.18;601.18;12461319770.94;0
RGBITR;D;20240401;000000;601.77;602.73;600.88;600.88;11674493129.27;0
RGBITR;D;20240402;000000;601;601.3;599.24;599.41;21417216879.72;0
RGBITR;D;20240403;000000;599.59;600.67;599.59;599.98;5610826668.35;0
RGBITR;D;20240404;000000;600.19;600.19;597.95;597.96;10083198580.56;0
RGBITR;D;20240405;000000;598.2;599.28;597.15;597.15;16657702346.54;0
RGBITR;D;20240408;000000;597.63;598.4;597.14;597.14;9412670481.46;0
RGBITR;D;20240409;000000;597.27;598.41;597.27;597.29;8147046619.21;0
RGBITR;D;20240410;000000;597.45;598.49;597.3;597.38;6568744363.81;0
RGBITR;D;20240411;000000;597.55;598.94;595.63;595.65;15260216728.27;0
RGBITR;D;20240412;000000;595.77;596.61;595.77;596.38;8909188366.09;0
RGBITR;D;20240415;000000;596.89;598.79;596.89;598.71;10772704039.68;0
RGBITR;D;20240416;000000;598.83;599.04;597.21;597.21;9565020673.48;0
RGBITR;D;20240417;000000;597.42;597.91;597.42;597.89;8267769513.8;0
RGBITR;D;20240418;000000;598.07;599.85;598.07;598.88;7282889762.33;0
RGBITR;D;20240419;000000;599.05;601.61;599.05;601.6;24167781490.14;0
RGBITR;D;20240422;000000;602.27;604.51;602.04;602.04;10712201856.87;0
RGBITR;D;20240423;000000;602.2;602.99;600.93;600.94;18660442414.49;0
RGBITR;D;20240424;000000;601.09;601.79;601.09;601.1;12956159225.81;0
RGBITR;D;20240425;000000;601.3;601.81;600.85;600.85;6399745945.75;0
RGBITR;D;20240426;000000;601;601.68;598.26;598.26;13740418488.07;0
RGBITR;D;20240427;000000;598.29;598.4;597.41;597.65;2874873283.8;0
RGBITR;D;20240429;000000;597.99;598.49;597.99;598.41;495637055.67;0
RGBITR;D;20240430;000000;598.59;598.8;598.33;598.33;560285534.16;0
RGBITR;D;20240502;000000;598.66;598.86;597.11;597.11;6538161947.11;0
RGBITR;D;20240503;000000;597.39;598.16;596.25;596.26;3694245838.81;0
RGBITR;D;20240506;000000;596.74;597.28;596.1;596.1;3904736248.32;0
RGBITR;D;20240507;000000;596.29;596.88;596.02;596.02;6989340012.13;0
RGBITR;D;20240508;000000;596.18;596.83;596.16;596.22;4004808913.56;0
RGBITR;D;20240510;000000;596.65;597.99;596.65;596.93;441755980.33;0
RGBITR;D;20240513;000000;597.43;598.2;594.37;594.37;8903120545.21;0
RGBITR;D;20240514;000000;594.52;594.55;590.42;590.42;20397789527.6;0
RGBITR;D;20240515;000000;590.58;590.58;589.57;589.93;18025346392.34;0
RGBITR;D;20240516;000000;590.22;593.08;590.17;590.71;5520874875.5;0
RGBITR;D;20240517;000000;590.88;591.63;589.96;590.2;8758044462.39;0
RGBITR;D;20240520;000000;590.64;591.58;589.43;589.43;12982991749.66;0
RGBITR;D;20240521;000000;589.53;589.98;587.65;587.65;12800899273.25;0
RGBITR;D;20240522;000000;587.74;587.91;585.49;585.49;10927744353.61;0
RGBITR;D;20240523;000000;585.65;586.32;582.91;582.91;10694827127.66;0
RGBITR;D;20240524;000000;583.02;583.14;579.57;579.57;14251046871.26;0
RGBITR;D;20240527;000000;580;580.03;576.21;576.21;24651025605.46;0
RGBITR;D;20240528;000000;576.35;576.82;575.85;576.82;21319930175.79;0
RGBITR;D;20240529;000000;577.12;578.64;576.14;576.14;26497984806.22;0
RGBITR;D;20240530;000000;576.32;576.38;573.79;573.87;10191480468.19;0
RGBITR;D;20240531;000000;573.99;574.02;570.78;570.78;4911477263.72;0
RGBITR;D;20240603;000000;571.24;571.27;569.49;570.37;8554684353.18;0
RGBITR;D;20240604;000000;570.74;576.78;570.74;576.76;9484456776.38;0
RGBITR;D;20240605;000000;577.13;579.51;576.34;576.44;5697050160.61;0
RGBITR;D;20240606;000000;576.73;579.9;576.7;578.08;8445133151.6;0
RGBITR;D;20240607;000000;578.25;579.61;577.97;579.42;6433243122.06;0
RGBITR;D;20240610;000000;579.86;580.09;574.89;574.89;10598192417.02;0
RGBITR;D;20240611;000000;575.04;575.18;574.19;574.26;4919748959.44;0
RGBITR;D;20240613;000000;574.44;574.47;572.63;572.73;3539170071.22;0
RGBITR;D;20240614;000000;572.89;574.92;572.89;573.7;3361326280.96;0
RGBITR;D;20240617;000000;574.15;574.15;568.86;569.55;7519666996.68;0
RGBITR;D;20240618;000000;569.78;569.78;567.15;567.15;6860587840.15;0
RGBITR;D;20240619;000000;567.27;567.34;564.51;564.51;6347677115.84;0
RGBITR;D;20240620;000000;564.66;564.69;560.5;560.5;12807830817.73;0
RGBITR;D;20240621;000000;560.83;562.22;560.83;562.21;5385781852.16;0
RGBITR;D;20240624;000000;562.79;565.56;562.79;563.85;2687170925.33;0
RGBITR;D;20240625;000000;564.06;568.17;564.06;568.16;5399048014.96;0
RGBITR;D;20240626;000000;568.62;573.58;568.62;573.22;14200995984.12;0
RGBITR;D;20240627;000000;573.29;573.29;566.35;569.26;6252540376.95;0
RGBITR;D;20240628;000000;569.69;573.09;569.69;571.34;7158826116.67;0
RGBITR;D;20240701;000000;571.72;571.91;569.94;569.94;2749967259.06;0
RGBITR;D;20240702;000000;570.23;571.83;570.2;570.21;6200370146.87;0
RGBITR;D;20240703;000000;570.34;572.01;570.34;571.59;2035344074.17;0
RGBITR;D;20240704;000000;571.87;572.44;570.37;570.74;8069471428.75;0
RGBITR;D;20240705;000000;570.11;570.11;566.82;566.82;8580114498.84;0
RGBITR;D;20240708;000000;567.25;567.55;566.2;566.56;3645809718.71;0
RGBITR;D;20240709;000000;566.93;567.96;566.45;566.45;3985157081.17;0
RGBITR;D;20240710;000000;566.59;566.79;564.75;564.75;7893793720.04;0
RGBITR;D;20240711;000000;564.84;565.44;564.07;564.07;4564103806.59;0
RGBITR;D;20240712;000000;564.23;565.9;563.64;563.64;11489753211.7;0
RGBITR;D;20240715;000000;564.15;564.94;560.53;560.53;9771705156.86;0
RGBITR;D;20240716;000000;560.83;561.42;556.76;556.76;10740488178.07;0
RGBITR;D;20240717;000000;556.95;558.36;554.04;554.05;10002851429.77;0
RGBITR;D;20240718;000000;554.47;559.02;554.47;556.95;10216517415.87;0
RGBITR;D;20240719;000000;557.28;564.09;557.28;562.15;6151687743.46;0
RGBITR;D;20240722;000000;562.69;565.08;562.69;564.57;6566122235.27;0
RGBITR;D;20240723;000000;564.94;566.88;562.74;562.74;6525112052.17;0
RGBITR;D;20240724;000000;562.96;563.11;562.09;562.5;7660028921.2;0
RGBITR;D;20240725;000000;562.82;565.75;562.82;564.13;11071298298.23;0
RGBITR;D;20240726;000000;564.39;566.4;558.83;558.83;17131755302.77;0
RGBITR;D;20240729;000000;559.28;559.82;556.12;556.15;10058105313.7;0
RGBITR;D;20240730;000000;556.38;558.18;556.38;557.6;5636897343.24;0
RGBITR;D;20240731;000000;557.88;562.47;557.88;562.47;5431807484.65;0
RGBITR;D;20240801;000000;562.73;568.12;562.73;567.9;7246083770.57;0
RGBITR;D;20240802;000000;568.05;569.27;567.94;567.94;5288043504.46;0
RGBITR;D;20240805;000000;568.5;569.42;566.78;566.78;5843447048.92;0
RGBITR;D;20240806;000000;566.92;568.4;566.83;568.33;8140180144.73;0
RGBITR;D;20240807;000000;568.47;571.92;568.47;571.9;10595572655.05;0
RGBITR;D;20240808;000000;572.13;579.83;572.13;579.75;14422296808.35;0
RGBITR;D;20240809;000000;579.88;581.99;579.88;580.95;8452620614.82;0
RGBITR;D;20240812;000000;581.38;583.01;579.3;579.66;5020749788.68;0
RGBITR;D;20240813;000000;579.88;581.77;579.81;580.81;3508020358.35;0
RGBITR;D;20240814;000000;581.13;582.65;580.41;580.41;3533173179;0
RGBITR;D;20240815;000000;580.27;580.27;575.45;575.45;11079099267.35;0
RGBITR;D;20240816;000000;575.53;575.63;571.77;571.95;4551721684;0
RGBITR;D;20240819;000000;572.51;575.39;572.34;572.35;3448731636.31;0
RGBITR;D;20240820;000000;572.36;572.79;571.01;571.09;7514621940.4;0
RGBITR;D;20240821;000000;572.29;573.01;570.15;570.15;4596049231.81;0
RGBITR;D;20240822;000000;571.89;572.04;570.54;570.54;2250754935.49;0
RGBITR;D;20240823;000000;570.21;570.41;567.46;567.46;10022845933.97;0
RGBITR;D;20240826;000000;567.06;567.19;564.59;565.23;5325979093.71;0
RGBITR;D;20240827;000000;567.19;568.04;566.56;566.56;7224739127.07;0
RGBITR;D;20240828;000000;567.5;567.59;565.21;565.21;8423193622.66;0
RGBITR;D;20240829;000000;566.17;566.88;564.9;564.9;12241840896.93;0
RGBITR;D;20240830;000000;566.22;566.57;563.02;563.02;9889607571.83;0
RGBITR;D;20240902;000000;563.66;563.66;561.28;561.28;5029958182.78;0
RGBITR;D;20240903;000000;560.94;561.11;560.33;560.88;6260389084.72;0
RGBITR;D;20240904;000000;562.52;563.93;562.52;563.84;12484277682.34;0
RGBITR;D;20240905;000000;570.14;571.53;569.58;570.6;13569132777.54;0
RGBITR;D;20240906;000000;571.47;572.63;571.47;572.61;9885729215.37;0
RGBITR;D;20240909;000000;576.23;576.3;574.18;574.18;8923635498.47;0
RGBITR;D;20240910;000000;576.34;576.79;573.85;573.85;11617669628.05;0
RGBITR;D;20240911;000000;573.33;574.09;573.01;573.27;9931122254.46;0
RGBITR;D;20240912;000000;569.92;569.97;568.31;568.31;12316839981.06;0
RGBITR;D;20240913;000000;569.21;570.17;565.54;565.55;10087016890.16;0
RGBITR;D;20240916;000000;568.61;568.64;566.82;566.86;3304646327.44;0
RGBITR;D;20240917;000000;568.2;568.2;565.07;565.07;8495571670.91;0
RGBITR;D;20240918;000000;565.81;566.54;561.33;561.4;13878081314.49;0
RGBITR;D;20240919;000000;563.69;564.03;560.57;560.57;11373507134.98;0
RGBITR;D;20240920;000000;562.57;563.39;560.79;560.82;3883771819.53;0
RGBITR;D;20240923;000000;562.56;563.18;561.22;561.22;10390789540.44;0
RGBITR;D;20240924;000000;562.75;563.38;562.18;562.4;9182330063.91;0
RGBITR;D;20240925;000000;563.31;563.75;563.31;563.37;5372549272.68;0
RGBITR;D;20240926;000000;564.92;565.52;563.06;563.06;9730097990.13;0
RGBITR;D;20240927;000000;563.69;563.69;560.82;560.84;10104116819.45;0
RGBITR;D;20240930;000000;561.69;561.89;559.41;559.41;5262292409.56;0
RGBITR;D;20241001;000000;560.3;560.73;557.63;557.63;6614575983.62;0
RGBITR;D;20241002;000000;557.91;558.12;556.39;556.39;4479913769.13;0
RGBITR;D;20241003;000000;556.03;556.03;552.2;552.23;9475528433.87;0
RGBITR;D;20241004;000000;553.5;553.52;552.38;552.38;3605035731.13;0
RGBITR;D;20241007;000000;553.56;553.56;550.27;550.27;7904259091.3;0
RGBITR;D;20241008;000000;550.56;550.73;548.87;548.87;4940180897.79;0
RGBITR;D;20241009;000000;549.86;550.49;548.89;548.89;2610690930.45;0
RGBITR;D;20241010;000000;549.54;550.57;549.45;550.55;2975642435.05;0
RGBITR;D;20241011;000000;551.88;552.64;551.84;552.33;3790794274.83;0
RGBITR;D;20241014;000000;553.25;553.8;552.91;553.77;7274360833.99;0
RGBITR;D;20241015;000000;555.14;555.39;554.3;554.32;4121938627.79;0
RGBITR;D;20241016;000000;555.63;555.69;554.58;554.71;9446448159.3;0
RGBITR;D;20241017;000000;555.27;556.03;554.49;554.49;6946780094.32;0
RGBITR;D;20241018;000000;555.18;555.26;553.85;553.85;6841440636.53;0
RGBITR;D;20241021;000000;554.94;555;553.39;553.44;6629898359.8;0
RGBITR;D;20241022;000000;554.43;554.45;552.67;552.73;15036569005.56;0
RGBITR;D;20241023;000000;553.3;553.42;551.99;552.1;9260869954.62;0
RGBITR;D;20241024;000000;552.36;552.43;550.6;550.6;11324309433.38;0
RGBITR;D;20241025;000000;550.81;550.94;546.68;546.68;8947490846.19;0
RGBITR;D;20241028;000000;546.22;546.22;540.97;540.98;11506707561.64;0
RGBITR;D;20241029;000000;540.64;541.04;538.84;538.86;13436382526.3;0
RGBITR;D;20241030;000000;539.75;540.74;539.64;540.74;10622916308.23;0
RGBITR;D;20241031;000000;541.39;541.39;536.53;536.53;7789066727.53;0
RGBITR;D;20241101;000000;536.77;536.94;536.36;536.8;4839233031.95;0
RGBITR;D;20241102;000000;538.54;538.54;537.81;537.92;2255852252.91;0
RGBITR;D;20241105;000000;538.81;538.84;537.85;538.35;2790648626.47;0
RGBITR;D;20241106;000000;539.98;542.52;539.98;542.52;9088095974.64;0
RGBITR;D;20241107;000000;542.69;550.01;542.69;550.01;17265684806.36;0
RGBITR;D;20241108;000000;554.95;555.32;553.1;553.43;3992642032.84;0
RGBITR;D;20241111;000000;556.62;560.69;556.62;558.74;9900448625.78;0
RGBITR;D;20241112;000000;559.01;559.11;555.46;556.85;10758867433.55;0
RGBITR;D;20241113;000000;558.74;559.96;558.05;559.46;17128438274.58;0
RGBITR;D;20241114;000000;559.98;561.56;559.15;561.55;7603990938.49;0
RGBITR;D;20241115;000000;562.12;562.86;561.28;561.43;6264359005.77;0
RGBITR;D;20241118;000000;562.72;562.72;559.77;560.29;6178671254.25;0
RGBITR;D;20241119;000000;561.08;561.08;556;556;7077616474;0
RGBITR;D;20241120;000000;555.8;556.13;554;556.01;4341265985.43;0
RGBITR;D;20241121;000000;555.46;555.49;552.8;553.56;3556750864.32;0
RGBITR;D;20241122;000000;555.24;556.59;555.04;556.04;4210944070.52;0
RGBITR;D;20241125;000000;556.77;556.77;554.6;554.76;4729042867.91;0
RGBITR;D;20241126;000000;554.65;554.65;553.32;553.95;4720273667.69;0
RGBITR;D;20241127;000000;554.03;554.19;552.98;553.22;4286530305.42;0
RGBITR;D;20241128;000000;554.35;554.81;553.45;553.47;3529453344.5;0
RGBITR;D;20241129;000000;553.35;553.7;552.73;553.66;6488246736.58;0
RGBITR;D;20241202;000000;555.17;555.25;554.57;555.03;9216911996.08;0
RGBITR;D;20241203;000000;556.07;556.26;555.45;555.74;4011416852.2;0
RGBITR;D;20241204;000000;556.33;557.22;555.35;555.95;10967408100.5;0
RGBITR;D;20241205;000000;555.34;555.51;554.56;555.41;8707434267.35;0
RGBITR;D;20241206;000000;556.53;557.15;556.52;556.76;4814542044.82;0
RGBITR;D;20241209;000000;558.53;558.59;557.27;557.85;4779440923.03;0
RGBITR;D;20241210;000000;558.91;559.48;558.4;558.43;2508503558.65;0
RGBITR;D;20241211;000000;558.57;558.75;558.34;558.74;4623826650.81;0
RGBITR;D;20241212;000000;558.7;558.85;557.49;557.5;2473916899.13;0
RGBITR;D;20241213;000000;556.76;556.83;556.04;556.2;5120111893.78;0
RGBITR;D;20241216;000000;557.34;557.36;553.71;553.99;3891026344.89;0
RGBITR;D;20241217;000000;554.51;554.89;553.47;553.86;7089036148.66;0
RGBITR;D;20241218;000000;554.61;555.5;553.57;555.5;4188439597.1;0
RGBITR;D;20241219;000000;557.63;560.86;557.63;560.84;4793561996.15;0
RGBITR;D;20241220;000000;561.2;579.07;560.04;579.07;30435712446.23;0
RGBITR;D;20241223;000000;586.07;601.38;585.98;601.38;22882121778.58;0
RGBITR;D;20241224;000000;607.51;607.81;603.2;603.27;9409601917.02;0
RGBITR;D;20241225;000000;601.86;601.98;599.2;599.32;11765132357.42;0
RGBITR;D;20241226;000000;601.4;602.11;600.99;601.53;9626669318.22;0
RGBITR;D;20241227;000000;602.9;603.51;601.85;602.08;28869347489.17;0
RGBITR;D;20241228;000000;602.96;604.14;602.95;603.74;24843617922.56;0
RGBITR;D;20241230;000000;604.17;604.35;603.32;603.39;1505277117.55;0
RGBITR;D;20250103;000000;605.51;606.25;603.94;603.94;827468732.95;0
RGBITR;D;20250106;000000;604.8;604.8;602.73;602.73;461373215.18;0
RGBITR;D;20250108;000000;603.94;603.97;603.04;603.11;431882964.46;0
RGBITR;D;20250109;000000;603.4;603.65;601.6;601.72;6138188377.78;0
RGBITR;D;20250110;000000;601.65;601.86;599.34;599.39;4726671970.22;0
RGBITR;D;20250113;000000;600.72;601.04;600.21;600.4;5287674710.85;0
RGBITR;D;20250114;000000;601.41;601.49;600.54;600.58;15814552784.88;0
RGBITR;D;20250115;000000;600.89;601.27;598.98;598.98;6947127495.4;0
RGBITR;D;20250116;000000;600.32;600.44;598.88;598.88;9571515643.72;0
RGBITR;D;20250117;000000;599.36;599.85;596.71;596.71;10307781946;0
RGBITR;D;20250120;000000;597.41;598.59;597.19;598.15;11605134448.95;0
RGBITR;D;20250121;000000;598.83;599.27;597.53;597.53;7404111225.38;0
RGBITR;D;20250122;000000;598.04;598.41;597.33;597.33;7766855621.29;0
RGBITR;D;20250123;000000;597.5;598.04;596.71;596.71;9621732116.99;0
RGBITR;D;20250124;000000;597.18;597.41;596.56;596.57;8166008052.13;0
RGBITR;D;20250127;000000;597.36;598.25;594.27;594.27;14534247278.35;0
RGBITR;D;20250128;000000;594.25;594.27;592.77;592.77;13680867956.53;0
RGBITR;D;20250129;000000;593.04;593.62;593.04;593.25;24858926954.78;0
RGBITR;D;20250130;000000;593.66;595.18;593.66;594.11;34812869754.2;0
RGBITR;D;20250131;000000;594.2;594.78;592.64;592.69;14253698953.04;0
RGBITR;D;20250203;000000;593.36;593.36;590.59;590.59;9356485616.59;0
RGBITR;D;20250204;000000;590.73;590.74;587.62;587.62;10333135849.9;0
RGBITR;D;20250205;000000;587.93;588.15;586.21;586.71;15162327464.13;0
RGBITR;D;20250206;000000;588.44;594.5;588.44;591.24;18147782757.53;0
RGBITR;D;20250207;000000;591.7;593.53;591.7;592.44;16832260510.3;0
RGBITR;D;20250210;000000;593.22;596.13;593.08;593.08;23896404359.6;0
RGBITR;D;20250211;000000;593.39;593.89;592.09;592.09;16693823370.5;0
RGBITR;D;20250212;000000;592.44;593.99;592.44;593.96;33672381286.71;0
RGBITR;D;20250213;000000;601.52;616.48;601.52;611.17;49646284661.37;0
RGBITR;D;20250214;000000;614.91;624.41;614.2;614.2;36296823440.32;0
RGBITR;D;20250217;000000;611.71;611.71;607.29;607.48;19833172741;0
RGBITR;D;20250218;000000;607.99;609.51;607.99;608.36;17645050176.91;0
RGBITR;D;20250219;000000;608.58;609.03;607.84;609.03;20132962325.04;0
RGBITR;D;20250220;000000;609.53;614.04;609.53;613.32;23401975515.56;0
RGBITR;D;20250221;000000;613.59;616.03;613.59;614.83;16420825991.07;0
RGBITR;D;20250224;000000;615.33;616.3;614.89;614.89;17270290709.55;0
RGBITR;D;20250225;000000;615.98;617.12;615.98;617;34527562709.29;0
RGBITR;D;20250226;000000;617.36;618.96;617.36;618.22;37269671227.25;0
RGBITR;D;20250227;000000;617.91;618.77;616.3;618.77;17155397195.21;0
RGBITR;D;20250228;000000;619.18;620.66;619.17;619.81;14638984785.29;0
RGBITR;D;20250303;000000;619.96;621.36;619.96;620.34;11107941153.78;0
RGBITR;D;20250304;000000;620.92;625.16;620.92;625.16;28308604773.26;0
RGBITR;D;20250305;000000;626.63;629.75;626.63;629.75;72291882660.67;0
RGBITR;D;20250306;000000;630.62;635.22;630.62;634.98;29766287636.11;0
RGBITR;D;20250307;000000;636.16;641.07;636.16;640.62;37348801783.36;0
RGBITR;D;20250310;000000;641.75;644.16;641.75;643.01;20639313428.59;0
RGBITR;D;20250311;000000;643.03;643.59;639.23;639.26;23365970867.61;0
RGBITR;D;20250312;000000;639.46;640.81;637.62;640.81;23256461713.46;0
RGBITR;D;20250313;000000;641.49;642.82;639.31;639.51;15687891902.78;0
RGBITR;D;20250314;000000;640.19;643.99;640.19;643.95;16669742529.78;0
RGBITR;D;20250317;000000;646.25;649.42;646.25;649.41;18738654189.84;0
RGBITR;D;20250318;000000;649.85;651.84;649.85;651.84;36083875074.26;0
RGBITR;D;20250319;000000;652.09;652.25;650.75;651.23;38514626368.39;0
RGBITR;D;20250320;000000;652.4;655.75;652.4;652.78;14357107409.41;0
RGBITR;D;20250321;000000;652.76;652.76;649.59;649.59;31590546635.37;0
RGBITR;D;20250324;000000;649.92;649.92;644.12;644.12;11959260850.98;0
RGBITR;D;20250325;000000;644.51;644.94;642.29;642.29;8491731081.44;0
RGBITR;D;20250326;000000;642.81;645.6;641.78;641.78;16437935346.6;0
RGBITR;D;20250327;000000;640.6;640.6;636.06;636.62;17944286922.37;0
RGBITR;D;20250328;000000;636.76;636.76;635.11;635.9;30704236797.39;0
RGBITR;D;20250331;000000;636.16;636.16;632.27;632.42;32452766796.74;0
RGBITR;D;20250401;000000;633.59;635.95;633.59;634.87;15394060873.25;0
RGBITR;D;20250402;000000;634.89;634.89;632.59;633.92;24360473818.59;0
RGBITR;D;20250403;000000;633.97;633.97;630.84;630.84;12815734602.47;0
RGBITR;D;20250404;000000;630.77;630.77;625.72;625.72;20500847866.55;0
RGBITR;D;20250407;000000;621.25;621.25;615.7;616.88;17943685547.62;0
RGBITR;D;20250408;000000;618.38;624.24;618.38;622.78;24863597703;0
RGBITR;D;20250409;000000;623.03;623.38;616.65;616.65;37896899641.63;0
RGBITR;D;20250410;000000;617.97;624.18;617.97;622.39;9912059807.8;0
RGBITR;D;20250411;000000;624.2;628.91;624.2;628.91;11093065689.21;0
RGBITR;D;20250414;000000;629.76;632.06;629.76;630.88;4169624555.75;0
RGBITR;D;20250415;000000;631.21;632.33;630.23;630.23;9762652591.64;0
RGBITR;D;20250416;000000;630.19;631.56;629.76;631.54;28613478285.19;0
RGBITR;D;20250417;000000;632.26;636.6;632.26;635.92;15673836739.7;0
RGBITR;D;20250418;000000;635.81;635.93;630.88;631.08;19006079178.6;0
RGBITR;D;20250421;000000;632.42;635.37;632.42;633.58;14517944329.93;0
RGBITR;D;20250422;000000;634.31;635.99;634.31;635.04;15518417334.14;0
RGBITR;D;20250423;000000;635.55;637.26;633.97;634.84;23655993225.82;0
RGBITR;D;20250424;000000;635.37;636.95;635.37;636.66;7604642239.43;0
RGBITR;D;20250425;000000;637.33;639.5;637.33;638.62;12175383532.07;0
RGBITR;D;20250428;000000;639.1;639.28;637.07;637.51;11000448069.3;0
RGBITR;D;20250429;000000;637.39;637.53;634.34;634.38;17430740938.44;0
RGBITR;D;20250430;000000;634.38;634.39;632.9;633.3;14716463220.77;0
RGBITR;D;20250502;000000;633.58;633.58;630.91;631;1087071515.62;0
RGBITR;D;20250505;000000;631.19;631.19;627.57;627.57;5580782313.55;0
RGBITR;D;20250506;000000;627.7;628.48;627.53;628.1;7298617589.94;0
RGBITR;D;20250507;000000;628.71;632.34;628.71;632.33;5670797136.42;0
RGBITR;D;20250508;000000;633.04;638.26;633.04;638.1;776660191.75;0
RGBITR;D;20250512;000000;639.74;642.61;639.45;639.45;15699638185.35;0
RGBITR;D;20250513;000000;639.66;639.89;635.77;635.77;11928987137.42;0
RGBITR;D;20250514;000000;635.92;636.55;634.81;636.55;6962284722;0
RGBITR;D;20250515;000000;636.73;636.79;635.5;636.04;9238159382.65;0
RGBITR;D;20250516;000000;636.54;637.74;636.54;637.24;4210924285.79;0
RGBITR;D;20250519;000000;638.17;641.74;638.17;640.88;11555102450.95;0
RGBITR;D;20250520;000000;641.14;642.12;640.3;640.3;14774864850.92;0
RGBITR;D;20250521;000000;640.37;640.62;639.6;639.91;17499777155.09;0
RGBITR;D;20250522;000000;640.25;641.49;640.25;640.85;9468707918.36;0
RGBITR;D;20250523;000000;641.07;642.55;640.85;642.55;6932099719.76;0
RGBITR;D;20250526;000000;642.99;642.99;640.17;640.17;20117135129.41;0
RGBITR;D;20250527;000000;640.31;640.49;640.03;640.25;11586539368.71;0
RGBITR;D;20250528;000000;640.48;641.94;640.48;641.94;20084107239.13;0
RGBITR;D;20250529;000000;642.84;645.83;642.84;645.83;13081648262.5;0
RGBITR;D;20250530;000000;646.46;650.15;646.46;650.15;19380836440.92;0
RGBITR;D;20250602;000000;651.67;654.03;651.67;653.34;19702139300.3;0
RGBITR;D;20250603;000000;654.9;658.16;654.9;658.16;42333234974.3;0
RGBITR;D;20250604;000000;659.08;665.34;659.08;664.86;46732231185.86;0
RGBITR;D;20250605;000000;665.82;667;665.09;665.09;19307140250.51;0
RGBITR;D;20250606;000000;665.07;665.16;661.79;662.51;51105678130.12;0
RGBITR;D;20250609;000000;661.35;661.35;654.6;659.24;20320265442.75;0
RGBITR;D;20250610;000000;660.37;664.36;660.37;664.36;16279968106.42;0
RGBITR;D;20250611;000000;664.98;668.04;664.98;667.83;11593650998.94;0
RGBITR;D;20250613;000000;668.68;670.61;668.68;669.58;1395299826.76;0
RGBITR;D;20250616;000000;670.05;670.08;667.74;667.74;8445832129.83;0
RGBITR;D;20250617;000000;667.84;667.84;666.07;666.29;6355928747.43;0
RGBITR;D;20250618;000000;666.57;667.53;666.4;667.53;68106451459.26;0
RGBITR;D;20250619;000000;668.68;672.42;668.68;672.42;30167004672.01;0
RGBITR;D;20250620;000000;672.93;674.28;672.93;674;18768538113.69;0
RGBITR;D;20250623;000000;674.8;676.62;673.45;673.45;8796223009.46;0
RGBITR;D;20250624;000000;673.49;673.49;672.42;672.96;12888901555.75;0
RGBITR;D;20250625;000000;673.3;676.92;673.3;676.9;30473781196.35;0
RGBITR;D;20250626;000000;677.53;679.82;677.53;679.51;16746060480.43;0
RGBITR;D;20250627;000000;679.86;681.78;679.86;681.77;34851189710.05;0
RGBITR;D;20250630;000000;683.25;686.13;683.25;686.13;34065577548.15;0
RGBITR;D;20250701;000000;687.09;690.11;687.09;687.99;26331549734.84;0
RGBITR;D;20250702;000000;688.32;689.09;687.2;688.24;27314467048.21;0
RGBITR;D;20250703;000000;688.74;690.99;688.74;689.54;19567873261.62;0
RGBITR;D;20250704;000000;689.68;689.88;688.47;688.83;20512864267.38;0
RGBITR;D;20250707;000000;689.69;690.25;689.69;689.85;18381626932.99;0
RGBITR;D;20250708;000000;689.88;689.88;688.96;689.17;21654665530.08;0
RGBITR;D;20250709;000000;689.19;689.21;687.97;687.97;33639004070.64;0
RGBITR;D;20250710;000000;688.17;689.59;688;689.59;21244231389.74;0
RGBITR;D;20250711;000000;689.91;690.53;689.7;690.19;17811846167.24;0
RGBITR;D;20250714;000000;690.45;690.45;689.16;690.14;15594708554.18;0
RGBITR;D;20250715;000000;691.82;696.63;691.82;696.63;31117082798.42;0
RGBITR;D;20250716;000000;698.6;701.81;698.6;701.81;29652639348.74;0
RGBITR;D;20250717;000000;703.82;706.85;703.82;705.02;33881079685.55;0
RGBITR;D;20250718;000000;705.48;706.84;705.48;706.4;16615895119.13;0
RGBITR;D;20250721;000000;708.3;709.33;708.3;709.03;20632235067.48;0
RGBITR;D;20250722;000000;707.84;707.84;705.69;706.45;37529336075.75;0
RGBITR;D;20250723;000000;706.66;707.57;705.9;707.57;24107062853.64;0
RGBITR;D;20250724;000000;708.97;709.64;707.98;709.06;42269070442.53;0
RGBITR;D;20250725;000000;710.08;710.93;709.61;710.93;29958089964.04;0
RGBITR;D;20250728;000000;711.82;716.38;711.82;715.56;37549274358.74;0
RGBITR;D;20250729;000000;715.41;715.42;714.09;714.1;11780923670.26;0
RGBITR;D;20250730;000000;714.44;715.48;714.28;715.45;13573973196.76;0
RGBITR;D;20250731;000000;716.19;718.57;716.19;716.77;19496341836.19;0
RGBITR;D;20250801;000000;716.78;716.78;715.42;715.42;13252418113.65;0
RGBITR;D;20250804;000000;715.92;716.44;715.5;715.59;13337298888.33;0
RGBITR;D;20250805;000000;716.11;717;716.11;716.51;21284374454.05;0
RGBITR;D;20250806;000000;716.8;717.55;716.5;716.5;13347937923.69;0
RGBITR;D;20250807;000000;717.17;721.26;717.16;721.21;37923193826.43;0
RGBITR;D;20250808;000000;721.95;724.27;721.95;724.14;15220157072.32;0
RGBITR;D;20250811;000000;728.09;731.83;728.09;729.67;14927622105.45;0
RGBITR;D;20250812;000000;730.18;730.69;730.18;730.45;11919377827.88;0
RGBITR;D;20250813;000000;731;731.32;730.09;730.09;16789916063.36;0
RGBITR;D;20250814;000000;730.33;730.43;729.26;729.66;16378161833.34;0
RGBITR;D;20250815;000000;730.27;733.94;730.27;733.94;17231930932.84;0
RGBITR;D;20250818;000000;735.34;736.26;735.34;735.45;10989562311.66;0
RGBITR;D;20250819;000000;736.31;738.5;736.31;738.3;14361769416.14;0
RGBITR;D;20250820;000000;738.62;739.01;734.3;734.3;33002432930.67;0
RGBITR;D;20250821;000000;734.35;734.35;729.02;729.03;19675230660.42;0
RGBITR;D;20250822;000000;729.3;729.79;728.47;728.77;14045659344.27;0
RGBITR;D;20250825;000000;730.59;731.98;729.24;729.25;20280654248.28;0
RGBITR;D;20250826;000000;730.29;730.67;728.23;728.23;19523812051.01;0
RGBITR;D;20250827;000000;728.17;728.17;725.8;726.18;14434007970.46;0
RGBITR;D;20250828;000000;726.73;727.31;724.78;724.78;14371993662.74;0
RGBITR;D;20250829;000000;725;725;721.22;721.48;25331592031.82;0
RGBITR;D;20250901;000000;723.14;724.36;723.14;723.82;20361740389.87;0
RGBITR;D;20250902;000000;724.53;725.84;724.44;724.44;12840385941.34;0
RGBITR;D;20250903;000000;724.71;726.87;724.71;726.87;29989052411.91;0
RGBITR;D;20250904;000000;730.6;736.7;730.6;734.44;38937312631.04;0
RGBITR;D;20250905;000000;735.22;735.94;733.96;734.04;20868797550.93;0
RGBITR;D;20250908;000000;735.84;737.05;735.84;737.05;31049945707.42;0
RGBITR;D;20250909;000000;737.64;738.26;734.47;734.47;31993179400.4;0
RGBITR;D;20250910;000000;734.35;734.35;732.2;732.27;42437142579.52;0
RGBITR;D;20250911;000000;731.91;731.91;728.11;729.31;34759571376.13;0
RGBITR;D;20250912;000000;729.77;731.99;726.13;726.13;50703934658.73;0
RGBITR;D;20250915;000000;725;725;722.44;722.85;12274221526.03;0
RGBITR;D;20250916;000000;723.51;724.16;721.05;721.05;19227222582.9;0
RGBITR;D;20250917;000000;721.13;721.89;720.13;720.68;20052124765.75;0
RGBITR;D;20250918;000000;722.34;725.05;720.67;720.67;16618717330.38;0
RGBITR;D;20250919;000000;719.94;719.94;714.41;714.42;37997000046.8;0
RGBITR;D;20250922;000000;714.34;714.34;712.1;713.68;16020974578.8;0
RGBITR;D;20250923;000000;714.29;715.75;714.29;714.33;13789092508.82;0
RGBITR;D;20250924;000000;713.07;713.07;709.73;711.97;21776767660.72;0
RGBITR;D;20250925;000000;711.58;712.02;707.39;707.47;34293875009.67;0
RGBITR;D;20250926;000000;707.85;709;707.32;707.99;14644096644.93;0
RGBITR;D;20250929;000000;708.48;709.42;705.93;705.93;20516447994.32;0
RGBITR;D;20250930;000000;705.9;705.9;701.54;701.76;19729612856.05;0
RGBITR;D;20251001;000000;703.52;704.99;703.52;704.52;27407951912.29;0
RGBITR;D;20251002;000000;703.96;704.02;700.12;700.59;21335355488.97;0
RGBITR;D;20251003;000000;701.17;701.65;701;701.11;14844476256.98;0
RGBITR;D;20251006;000000;701.81;705;701.81;702.87;11675786427.76;0
RGBITR;D;20251007;000000;703.99;706.97;703.99;704.38;13598044525.19;0
RGBITR;D;20251008;000000;704.72;705.17;699.6;699.6;28306549985.32;0
RGBITR;D;20251009;000000;697.8;697.8;692.95;695.4;31476340770.3;0
RGBITR;D;20251010;000000;696.74;701.28;696.74;697.92;8786020222.94;0
RGBITR;D;20251013;000000;699.8;700.73;698.15;698.17;9812982021.78;0
RGBITR;D;20251014;000000;698.1;698.11;696.55;696.95;18821186498.88;0
RGBITR;D;20251015;000000;697.22;697.52;695.94;697.46;29284995250.17;0
RGBITR;D;20251016;000000;698.28;703.92;698.28;703.92;47090447704.7;0
RGBITR;D;20251017;000000;706.95;713.16;706.95;712.38;39895136118.85;0
RGBITR;D;20251020;000000;713.68;716.91;711.89;711.89;19583976894.17;0
RGBITR;D;20251021;000000;710.03;710.03;705.87;709.48;16581465842.68;0
RGBITR;D;20251022;000000;709.47;709.47;707.55;707.92;27419549430.38;0
RGBITR;D;20251023;000000;707.24;707.24;704.2;704.98;19369105531.74;0
RGBITR;D;20251024;000000;706.44;709.94;706.44;707.54;29569631953.21;0
RGBITR;D;20251027;000000;706.75;706.75;702.27;702.27;14393480878.4;0
RGBITR;D;20251028;000000;703.26;705.89;703.26;705.74;13773322137.68;0
RGBITR;D;20251029;000000;706.09;708.03;706.06;708.03;42402054480.9;0
RGBITR;D;20251030;000000;709.47;715.67;709.47;715.5;22267192469.5;0
RGBITR;D;20251031;000000;716.12;716.7;714.6;714.6;19952411212.62;0
RGBITR;D;20251101;000000;714.96;715.03;714.45;714.78;3540667224.55;0
RGBITR;D;20251103;000000;715.76;718.18;715.76;718.18;1020389692.67;0
RGBITR;D;20251105;000000;718.74;718.81;717.67;718.53;15865369920.49;0
RGBITR;D;20251106;000000;719.14;719.89;718.71;718.71;8264270719;0
RGBITR;D;20251107;000000;719.19;720.46;719.19;719.41;8429810465.34;0
RGBITR;D;20251110;000000;721.44;724.1;721.44;723.78;22548154427.36;0
RGBITR;D;20251111;000000;724;725.59;723.93;725.59;29937195354.18;0
RGBITR;D;20251112;000000;726.76;728.65;726.76;728.25;47617890907.17;0
RGBITR;D;20251113;000000;728.8;732.34;728.8;731.45;35977952827.56;0
RGBITR;D;20251114;000000;731.69;732.19;729;729.23;21808204091.67;0
RGBITR;D;20251117;000000;730.03;731.19;729.94;729.94;6623735367.23;0
RGBITR;D;20251118;000000;730.09;730.49;728.77;730.29;21604043711.15;0
RGBITR;D;20251119;000000;730.53;730.57;729.33;730.28;17047302774.82;0
RGBITR;D;20251120;000000;730.67;732.95;730.67;732.05;12990156888.75;0
RGBITR;D;20251121;000000;732.35;733.64;732.35;733.14;15938668104.58;0
RGBITR;D;20251124;000000;733.94;734.64;733.21;733.21;6895986108.28;0
RGBITR;D;20251125;000000;733.53;733.85;732.39;732.39;44075341036.41;0
RGBITR;D;20251126;000000;732.36;732.47;729.93;729.93;16840937979.07;0
RGBITR;D;20251127;000000;730.45;731.02;728.59;728.59;15263522292.28;0
RGBITR;D;20251128;000000;728.26;728.42;727.44;728.42;7869569879.81;0
RGBITR;D;20251201;000000;730.21;731.42;728.87;728.94;6429441068.7;0
RGBITR;D;20251202;000000;729.32;731.39;729.32;730.29;13296205871.96;0
RGBITR;D;20251203;000000;730.11;730.11;729.05;729.85;62918150609.07;0
RGBITR;D;20251204;000000;731.31;736.63;731.31;735.94;18639316378.39;0
RGBITR;D;20251205;000000;736.37;739.18;736.37;739.18;11604022140.59;0
RGBITR;D;20251208;000000;740.3;741.29;739.41;739.41;10067055808.05;0
RGBITR;D;20251209;000000;739.52;739.68;738.25;738.25;9473279831.19;0
RGBITR;D;20251210;000000;738.46;739.2;738.25;738.26;7259065618.34;0
RGBITR;D;20251211;000000;738.63;742.22;738.63;742.13;17513931358.97;0
RGBITR;D;20251212;000000;742.71;744.17;742.71;744.01;20468307001.43;0
RGBITR;D;20251215;000000;744.96;746.11;744.68;744.68;19432946341.71;0
RGBITR;D;20251216;000000;745.01;745.68;744.15;744.15;22452490056.69;0
RGBITR;D;20251217;000000;744.43;744.93;744.01;744.02;24552995982.66;0
RGBITR;D;20251218;000000;744.52;746.86;744.52;746.04;16009310620.89;0
RGBITR;D;20251219;000000;746.52;748.01;744.78;744.78;18119631852.94;0
RGBITR;D;20251222;000000;744.44;744.44;741.29;741.43;13718958719.81;0
RGBITR;D;20251223;000000;741.54;741.54;740.38;740.79;14368139254.96;0
RGBITR;D;20251224;000000;740.89;741.22;740.57;740.57;11513847606.88;0
RGBITR;D;20251225;000000;740.4;740.4;736.51;736.58;15965685213.63;0
RGBITR;D;20251226;000000;737.14;738.84;737.14;737.5;34281379491.3;0
RGBITR;D;20251229;000000;738.98;740.5;738.98;739.95;14638517282.09;0
RGBITR;D;20251230;000000;739.78;742.71;739.69;742.7;8860846079.32;0
RGBITR;D;20260105;000000;744.54;745.74;744.54;745.74;1334335024.86;0
RGBITR;D;20260106;000000;746.33;748.46;746.33;747.99;1214170471.25;0
RGBITR;D;20260108;000000;748.18;748.28;747.6;747.6;619406985.35;0
RGBITR;D;20260109;000000;747.9;748.26;747.53;747.53;1409444320.49;0
RGBITR;D;20260112;000000;748.24;748.24;743.28;743.28;8757763305.98;0
RGBITR;D;20260113;000000;743.1;743.1;738.99;739.01;10915638671.21;0
RGBITR;D;20260114;000000;739.14;739.4;738.75;739.4;11805296596.3;0
RGBITR;D;20260115;000000;738.91;738.91;736.41;737.23;16711205820.05;0
RGBITR;D;20260116;000000;738.23;740.62;738.23;740.38;7942185642.63;0
RGBITR;D;20260119;000000;741.64;742.57;740.75;740.75;7051445148.79;0
RGBITR;D;20260120;000000;741.11;741.26;739.82;739.83;7745040360.41;0
RGBITR;D;20260121;000000;740.1;740.42;739.28;739.31;20894815356.53;0
RGBITR;D;20260122;000000;739.29;739.29;737.5;738.86;26829087999.12;0
RGBITR;D;20260123;000000;739.44;740.54;739.44;739.8;9945321793.06;0
RGBITR;D;20260126;000000;740.43;740.43;737.93;737.93;14837024185.75;0
RGBITR;D;20260127;000000;738.2;738.51;737.81;737.92;12455521924.3;0
RGBITR;D;20260128;000000;738.64;739.32;737.97;738.08;13447476782.69;0
RGBITR;D;20260129;000000;738.55;741.6;738.55;741;13832918465.65;0
RGBITR;D;20260130;000000;741.56;741.92;741.41;741.51;8839351618.95;0
RGBITR;D;20260202;000000;742.03;742.03;741.05;741.16;11925721652.46;0
RGBITR;D;20260203;000000;741.5;742.24;741.47;741.51;15337733374.01;0
RGBITR;D;20260204;000000;741.85;742.61;741.85;742.52;19378605117.54;0
RGBITR;D;20260205;000000;742.6;743.08;741.09;741.1;14033754582.47;0
RGBITR;D;20260206;000000;741.3;741.68;739.49;739.49;29142664039.88;0
RGBITR;D;20260209;000000;740.09;740.09;739.15;739.17;12306788091.09;0
RGBITR;D;20260210;000000;739.25;739.25;736.61;736.61;29354819356.87;0
RGBITR;D;20260211;000000;736.71;737.6;736.71;737.59;27738814428.24;0
RGBITR;D;20260212;000000;739.62;743.33;739.62;742.5;37034867163.55;0
RGBITR;D;20260213;000000;743.14;748.65;743.14;748.65;43205169570.64;0
RGBITR;D;20260216;000000;754.19;757.09;754.19;754.53;47546554759.37;0
RGBITR;D;20260217;000000;754.17;754.44;753.12;754.43;35767778089.84;0
RGBITR;D;20260218;000000;754.8;756.89;754.8;756.82;34615107604.15;0
RGBITR;D;20260219;000000;757.66;759.57;757.66;758.28;27657795569.15;0
RGBITR;D;20260220;000000;758.5;758.58;756.73;756.73;17231573635.46;0
RGBITR;D;20260224;000000;757.93;758.8;757.59;757.59;15122967638.48;0
RGBITR;D;20260225;000000;757.82;758.02;756.9;756.9;16351371361.14;0
RGBITR;D;20260226;000000;756.79;756.79;755.02;755.31;18316061955.47;0
RGBITR;D;20260227;000000;755.47;756.13;754.19;756.13;15719647688.52;0
RGBITR;D;20260302;000000;756.92;756.92;754.69;755.35;23923229614.63;0
RGBITR;D;20260303;000000;755.94;757.42;755.94;756.92;21537407251.49;0
RGBITR;D;20260304;000000;757.36;758.17;756.71;756.71;30974518019.37;0
RGBITR;D;20260305;000000;757;757.57;756.66;756.69;17851792061.33;0
RGBITR;D;20260306;000000;756.95;757.15;756.67;756.68;16826922459.51;0
RGBITR;D;20260309;000000;758.01;759.06;758.01;759.05;2956328301.72;0
RGBITR;D;20260310;000000;759.51;760.13;759.09;759.09;13191090381.74;0
RGBITR;D;20260311;000000;759.45;759.92;758.95;759.02;34136765317.34;0
RGBITR;D;20260312;000000;759.65;764.08;759.65;764.08;54243443111.61;0
RGBITR;D;20260313;000000;765.58;770.29;765.58;770.28;36006876715.86;0
RGBITR;D;20260316;000000;772.7;774.14;771.19;771.19;24597568840.7;0
RGBITR;D;20260317;000000;771.48;771.81;770.01;770.01;45617541954.59;0
RGBITR;D;20260318;000000;770.19;770.4;769.91;770.26;41418005196.96;0
RGBITR;D;20260319;000000;770.59;771.15;769.43;769.43;30839675036.53;0
RGBITR;D;20260320;000000;769.83;771.59;769.83;770.97;34975602295.2;0
RGBITR;D;20260323;000000;771.15;771.15;769;769.14;13991706303.06;0
RGBITR;D;20260324;000000;769.86;771.52;769.86;770.71;22196724192.59;0
RGBITR;D;20260325;000000;771.16;771.78;771.02;771.24;32873485700.79;0
RGBITR;D;20260326;000000;771.43;771.51;770.43;770.44;20118212777.85;0
RGBITR;D;20260327;000000;770.7;771.23;770.28;770.34;60570574921.6;0
RGBITR;D;20260330;000000;771.16;771.57;770.03;770.04;32094713300.65;0
RGBITR;D;20260331;000000;770.35;770.69;770.15;770.15;34404444736.13;0
RGBITR;D;20260401;000000;770.42;771.08;770.41;770.46;45619779515.09;0
RGBITR;D;20260402;000000;770.76;771.33;770.54;770.54;35143306247.42;0
RGBITR;D;20260403;000000;770.77;771.29;769.93;769.93;29925050771.14;0
RGBITR;D;20260406;000000;770.83;771.63;770.34;770.34;17765797270.04;0
RGBITR;D;20260407;000000;770.84;771.53;770.34;770.34;33200897158.69;0
RGBITR;D;20260408;000000;770.72;771.59;770.72;771.38;26422125149.32;0
RGBITR;D;20260409;000000;771.3;771.3;769.28;769.46;36224701728.63;0
RGBITR;D;20260410;000000;770.07;772.58;770.07;772.43;25364421871.95;0
RGBITR;D;20260413;000000;774.23;774.96;773.42;773.42;9240593482.88;0
RGBITR;D;20260414;000000;773.62;774.12;772.24;772.25;21156637553.88;0
RGBITR;D;20260415;000000;772.57;773.65;772.57;773.65;31720743025.51;0
RGBITR;D;20260416;000000;776.61;780.34;776.61;779.56;43970101454.31;0
RGBITR;D;20260417;000000;780.29;781;780.07;780.07;16953299409.09;0
RGBITR;D;20260420;000000;781.57;782.65;781.57;782.11;29010122244.02;0
RGBITR;D;20260421;000000;782.49;782.77;782.1;782.12;36109439181.22;0
RGBITR;D;20260422;000000;782.49;785.46;782.49;785.45;91722115203.67;0
RGBITR;D;20260423;000000;786.41;788.13;785.99;786.01;63494848995.16;0
RGBITR;D;20260424;000000;786.54;787.37;780.49;780.49;75526333830.5;0
RGBITR;D;20260427;000000;780.54;781.69;778.41;778.47;29851035737.96;0
RGBITR;D;20260428;000000;778.76;779.04;777.68;778;31463226047.65;0
RGBITR;D;20260429;000000;778.56;779.12;777.98;778.93;42221059225.33;0
RGBITR;D;20260430;000000;779.94;780.78;779.17;780.68;35555185608.69;0
RGBITR;D;20260504;000000;781.92;783.69;781.3;781.53;30041620083.85;0
RGBITR;D;20260505;000000;782.34;782.34;780.41;780.51;20635080214.73;0
RGBITR;D;20260506;000000;781.13;781.21;780.44;781.01;21567541580.99;0
RGBITR;D;20260507;000000;781.68;781.72;780.55;780.64;33611171445.19;0
RGBITR;D;20260508;000000;781.47;781.58;779.87;780.2;21286919779.67;0
RGBITR;D;20260511;000000;782.12;783.89;781.77;783.83;2585585219.42;0
RGBITR;D;20260512;000000;784.18;784.28;781.98;782.47;17718403741.43;0
RGBITR;D;20260513;000000;783.51;783.51;782.12;782.36;20541112355.08;0
RGBITR;D;20260514;000000;782.9;783.2;781.72;781.86;16520967315.08;0
RGBITR;D;20260515;000000;782.54;782.98;781.74;782.63;18010714431.13;0
RGBITR;D;20260518;000000;784.07;784.38;782.49;782.66;19242641261.63;0
RGBITR;D;20260519;000000;783.34;783.36;781.63;781.7;15235975980.18;0
RGBITR;D;20260520;000000;782.68;783.14;781.47;783.14;24942516925.95;0
RGBITR;D;20260521;000000;784.05;784.09;783.09;783.33;21314948109.24;0
RGBITR;D;20260522;000000;783.88;783.97;782.89;782.89;10867350548.28;0
