<TICKER>;<PER>;<DATE>;<TIME>;<OPEN>;<HIGH>;<LOW>;<CLOSE>;<VOL>;<OPENINT>
RGBI;D;20021230;000000;100;100;100;100;0;0
RGBI;D;20030104;000000;100.16;100.16;100.16;100.16;0;0
RGBI;D;20030105;000000;100.88;100.88;100.88;100.88;0;0
RGBI;D;20030108;000000;101.03;101.03;101.03;101.03;0;0
RGBI;D;20030109;000000;101.05;101.05;101.05;101.05;0;0
RGBI;D;20030110;000000;101.17;101.17;101.17;101.17;0;0
RGBI;D;20030113;000000;101.27;101.27;101.27;101.27;0;0
RGBI;D;20030114;000000;101.27;101.27;101.27;101.27;0;0
RGBI;D;20030115;000000;101.24;101.24;101.24;101.24;0;0
RGBI;D;20030116;000000;101.21;101.21;101.21;101.21;0;0
RGBI;D;20030117;000000;101.34;101.34;101.34;101.34;0;0
RGBI;D;20030120;000000;101.3;101.3;101.3;101.3;0;0
RGBI;D;20030121;000000;101.23;101.23;101.23;101.23;0;0
RGBI;D;20030122;000000;101.36;101.36;101.36;101.36;0;0
RGBI;D;20030123;000000;101.5;101.5;101.5;101.5;0;0
RGBI;D;20030124;000000;101.59;101.59;101.59;101.59;0;0
RGBI;D;20030127;000000;101.54;101.54;101.54;101.54;0;0
RGBI;D;20030128;000000;101.62;101.62;101.62;101.62;0;0
RGBI;D;20030129;000000;101.58;101.58;101.58;101.58;0;0
RGBI;D;20030130;000000;101.64;101.64;101.64;101.64;0;0
RGBI;D;20030131;000000;101.9;101.9;101.9;101.9;0;0
RGBI;D;20030203;000000;101.91;101.91;101.91;101.91;0;0
RGBI;D;20030204;000000;101.98;101.98;101.98;101.98;0;0
RGBI;D;20030205;000000;102.76;102.76;102.76;102.76;0;0
RGBI;D;20030206;000000;103.28;103.28;103.28;103.28;0;0
RGBI;D;20030207;000000;104.24;104.24;104.24;104.24;0;0
RGBI;D;20030210;000000;104.75;104.75;104.75;104.75;0;0
RGBI;D;20030211;000000;104.87;104.87;104.87;104.87;0;0
RGBI;D;20030212;000000;105.41;105.41;105.41;105.41;0;0
RGBI;D;20030213;000000;106.45;106.45;106.45;106.45;0;0
RGBI;D;20030214;000000;106.91;106.91;106.91;106.91;0;0
RGBI;D;20030217;000000;108.11;108.11;108.11;108.11;0;0
RGBI;D;20030218;000000;108.91;108.91;108.91;108.91;0;0
RGBI;D;20030219;000000;109.18;109.18;109.18;109.18;0;0
RGBI;D;20030220;000000;109.16;109.16;109.16;109.16;0;0
RGBI;D;20030221;000000;109.36;109.36;109.36;109.36;0;0
RGBI;D;20030225;000000;109.56;109.56;109.56;109.56;0;0
RGBI;D;20030226;000000;109.52;109.52;109.52;109.52;0;0
RGBI;D;20030227;000000;109.62;109.62;109.62;109.62;0;0
RGBI;D;20030228;000000;109.82;109.82;109.82;109.82;0;0
RGBI;D;20030303;000000;109.9;109.9;109.9;109.9;0;0
RGBI;D;20030304;000000;109.63;109.63;109.63;109.63;0;0
RGBI;D;20030305;000000;110.08;110.08;110.08;110.08;0;0
RGBI;D;20030306;000000;110.38;110.38;110.38;110.38;0;0
RGBI;D;20030307;000000;110.53;110.53;110.53;110.53;0;0
RGBI;D;20030311;000000;110.88;110.88;110.88;110.88;0;0
RGBI;D;20030312;000000;111.21;111.21;111.21;111.21;0;0
RGBI;D;20030313;000000;111.39;111.39;111.39;111.39;0;0
RGBI;D;20030314;000000;111.52;111.52;111.52;111.52;0;0
RGBI;D;20030317;000000;110.27;110.27;110.27;110.27;0;0
RGBI;D;20030318;000000;108.97;108.97;108.97;108.97;0;0
RGBI;D;20030319;000000;109.16;109.16;109.16;109.16;0;0
RGBI;D;20030320;000000;108.86;108.86;108.86;108.86;0;0
RGBI;D;20030321;000000;110.52;110.52;110.52;110.52;0;0
RGBI;D;20030324;000000;110.07;110.07;110.07;110.07;0;0
RGBI;D;20030325;000000;110.03;110.03;110.03;110.03;0;0
RGBI;D;20030326;000000;110.15;110.15;110.15;110.15;0;0
RGBI;D;20030327;000000;110.31;110.31;110.31;110.31;0;0
RGBI;D;20030328;000000;110.26;110.26;110.26;110.26;0;0
RGBI;D;20030331;000000;110.23;110.23;110.23;110.23;0;0
RGBI;D;20030401;000000;110.75;110.75;110.75;110.75;0;0
RGBI;D;20030402;000000;111.56;111.56;111.56;111.56;0;0
RGBI;D;20030403;000000;111.6;111.6;111.6;111.6;0;0
RGBI;D;20030404;000000;111.6;111.6;111.6;111.6;0;0
RGBI;D;20030407;000000;111.38;111.38;111.38;111.38;0;0
RGBI;D;20030408;000000;111.39;111.39;111.39;111.39;0;0
RGBI;D;20030409;000000;111.46;111.46;111.46;111.46;0;0
RGBI;D;20030410;000000;111.64;111.64;111.64;111.64;0;0
RGBI;D;20030411;000000;111.55;111.55;111.55;111.55;0;0
RGBI;D;20030414;000000;111.62;111.62;111.62;111.62;0;0
RGBI;D;20030415;000000;111.64;111.64;111.64;111.64;0;0
RGBI;D;20030416;000000;111.83;111.83;111.83;111.83;0;0
RGBI;D;20030417;000000;112.07;112.07;112.07;112.07;0;0
RGBI;D;20030418;000000;112.26;112.26;112.26;112.26;0;0
RGBI;D;20030421;000000;112.37;112.37;112.37;112.37;0;0
RGBI;D;20030422;000000;112.39;112.39;112.39;112.39;0;0
RGBI;D;20030423;000000;113.47;113.47;113.47;113.47;0;0
RGBI;D;20030424;000000;113.71;113.71;113.71;113.71;0;0
RGBI;D;20030425;000000;113.64;113.64;113.64;113.64;0;0
RGBI;D;20030428;000000;113.51;113.51;113.51;113.51;0;0
RGBI;D;20030429;000000;113.51;113.51;113.51;113.51;0;0
RGBI;D;20030430;000000;113.96;113.96;113.96;113.96;0;0
RGBI;D;20030505;000000;114.07;114.07;114.07;114.07;0;0
RGBI;D;20030506;000000;114.35;114.35;114.35;114.35;0;0
RGBI;D;20030507;000000;114.55;114.55;114.55;114.55;0;0
RGBI;D;20030508;000000;114.77;114.77;114.77;114.77;0;0
RGBI;D;20030512;000000;114.85;114.85;114.85;114.85;0;0
RGBI;D;20030513;000000;115.2;115.2;115.2;115.2;0;0
RGBI;D;20030514;000000;115.37;115.37;115.37;115.37;0;0
RGBI;D;20030515;000000;115.76;115.76;115.76;115.76;0;0
RGBI;D;20030516;000000;116.4;116.4;116.4;116.4;0;0
RGBI;D;20030519;000000;117.03;117.03;117.03;117.03;0;0
RGBI;D;20030520;000000;118.09;118.09;118.09;118.09;0;0
RGBI;D;20030521;000000;119.03;119.03;119.03;119.03;0;0
RGBI;D;20030522;000000;118.67;118.67;118.67;118.67;0;0
RGBI;D;20030523;000000;118.56;118.56;118.56;118.56;0;0
RGBI;D;20030526;000000;118.53;118.53;118.53;118.53;0;0
RGBI;D;20030527;000000;118.27;118.27;118.27;118.27;0;0
RGBI;D;20030528;000000;117.98;117.98;117.98;117.98;0;0
RGBI;D;20030529;000000;117.2;117.2;117.2;117.2;0;0
RGBI;D;20030530;000000;117.53;117.53;117.53;117.53;0;0
RGBI;D;20030602;000000;117.29;117.29;117.29;117.29;0;0
RGBI;D;20030603;000000;117.55;117.55;117.55;117.55;0;0
RGBI;D;20030604;000000;117.79;117.79;117.79;117.79;0;0
RGBI;D;20030605;000000;117.49;117.49;117.49;117.49;0;0
RGBI;D;20030606;000000;117.57;117.57;117.57;117.57;0;0
RGBI;D;20030609;000000;117.67;117.67;117.67;117.67;0;0
RGBI;D;20030610;000000;117.51;117.51;117.51;117.51;0;0
RGBI;D;20030611;000000;117.66;117.66;117.66;117.66;0;0
RGBI;D;20030616;000000;117.54;117.54;117.54;117.54;0;0
RGBI;D;20030617;000000;117.29;117.29;117.29;117.29;0;0
RGBI;D;20030618;000000;117;117;117;117;0;0
RGBI;D;20030619;000000;117.48;117.48;117.48;117.48;0;0
RGBI;D;20030620;000000;117.41;117.41;117.41;117.41;0;0
RGBI;D;20030621;000000;117.34;117.34;117.34;117.34;0;0
RGBI;D;20030623;000000;117.23;117.23;117.23;117.23;0;0
RGBI;D;20030624;000000;117.25;117.25;117.25;117.25;0;0
RGBI;D;20030625;000000;117.44;117.44;117.44;117.44;0;0
RGBI;D;20030626;000000;117.06;117.06;117.06;117.06;0;0
RGBI;D;20030627;000000;117.03;117.03;117.03;117.03;0;0
RGBI;D;20030630;000000;117.13;117.13;117.13;117.13;0;0
RGBI;D;20030701;000000;116.89;116.89;116.89;116.89;0;0
RGBI;D;20030702;000000;116.5;116.5;116.5;116.5;0;0
RGBI;D;20030703;000000;116.42;116.42;116.42;116.42;0;0
RGBI;D;20030704;000000;116.11;116.11;116.11;116.11;0;0
RGBI;D;20030707;000000;115.72;115.72;115.72;115.72;0;0
RGBI;D;20030708;000000;114.52;114.52;114.52;114.52;0;0
RGBI;D;20030709;000000;113.97;113.97;113.97;113.97;0;0
RGBI;D;20030710;000000;113.55;113.55;113.55;113.55;0;0
RGBI;D;20030711;000000;113.14;113.14;113.14;113.14;0;0
RGBI;D;20030714;000000;112.85;112.85;112.85;112.85;0;0
RGBI;D;20030715;000000;111.76;111.76;111.76;111.76;0;0
RGBI;D;20030716;000000;109.9;109.9;109.9;109.9;0;0
RGBI;D;20030717;000000;110.19;110.19;110.19;110.19;0;0
RGBI;D;20030718;000000;110.65;110.65;110.65;110.65;0;0
RGBI;D;20030721;000000;111.5;111.5;111.5;111.5;0;0
RGBI;D;20030722;000000;111.45;111.45;111.45;111.45;0;0
RGBI;D;20030723;000000;111;111;111;111;0;0
RGBI;D;20030724;000000;111.46;111.46;111.46;111.46;0;0
RGBI;D;20030725;000000;111.23;111.23;111.23;111.23;0;0
RGBI;D;20030728;000000;110.84;110.84;110.84;110.84;0;0
RGBI;D;20030729;000000;111.38;111.38;111.38;111.38;0;0
RGBI;D;20030730;000000;112.47;112.47;112.47;112.47;0;0
RGBI;D;20030731;000000;113.32;113.32;113.32;113.32;0;0
RGBI;D;20030801;000000;113.04;113.04;113.04;113.04;0;0
RGBI;D;20030804;000000;113.04;113.04;113.04;113.04;0;0
RGBI;D;20030805;000000;113;113;113;113;0;0
RGBI;D;20030806;000000;112.97;112.97;112.97;112.97;0;0
RGBI;D;20030807;000000;112.95;112.95;112.95;112.95;0;0
RGBI;D;20030808;000000;113.09;113.09;113.09;113.09;0;0
RGBI;D;20030811;000000;113.26;113.26;113.26;113.26;0;0
RGBI;D;20030812;000000;113.06;113.06;113.06;113.06;0;0
RGBI;D;20030813;000000;113.09;113.09;113.09;113.09;0;0
RGBI;D;20030814;000000;112.98;112.98;112.98;112.98;0;0
RGBI;D;20030815;000000;112.95;112.95;112.95;112.95;0;0
RGBI;D;20030818;000000;113.04;113.04;113.04;113.04;0;0
RGBI;D;20030819;000000;112.97;112.97;112.97;112.97;0;0
RGBI;D;20030820;000000;112.97;112.97;112.97;112.97;0;0
RGBI;D;20030821;000000;113.01;113.01;113.01;113.01;0;0
RGBI;D;20030822;000000;113.01;113.01;113.01;113.01;0;0
RGBI;D;20030825;000000;113.01;113.01;113.01;113.01;0;0
RGBI;D;20030826;000000;112.74;112.74;112.74;112.74;0;0
RGBI;D;20030827;000000;112.1;112.1;112.1;112.1;0;0
RGBI;D;20030828;000000;112.53;112.53;112.53;112.53;0;0
RGBI;D;20030829;000000;112.83;112.83;112.83;112.83;0;0
RGBI;D;20030901;000000;112.9;112.9;112.9;112.9;0;0
RGBI;D;20030902;000000;112.94;112.94;112.94;112.94;0;0
RGBI;D;20030903;000000;112.99;112.99;112.99;112.99;0;0
RGBI;D;20030904;000000;112.34;112.34;112.34;112.34;0;0
RGBI;D;20030905;000000;112.4;112.4;112.4;112.4;0;0
RGBI;D;20030908;000000;112.34;112.34;112.34;112.34;0;0
RGBI;D;20030909;000000;112.31;112.31;112.31;112.31;0;0
RGBI;D;20030910;000000;111.53;111.53;111.53;111.53;0;0
RGBI;D;20030911;000000;111.75;111.75;111.75;111.75;0;0
RGBI;D;20030912;000000;111.83;111.83;111.83;111.83;0;0
RGBI;D;20030915;000000;111.84;111.84;111.84;111.84;0;0
RGBI;D;20030916;000000;111.34;111.34;111.34;111.34;0;0
RGBI;D;20030917;000000;111.73;111.73;111.73;111.73;0;0
RGBI;D;20030918;000000;112.07;112.07;112.07;112.07;0;0
RGBI;D;20030919;000000;111.94;111.94;111.94;111.94;0;0
RGBI;D;20030922;000000;112.02;112.02;112.02;112.02;0;0
RGBI;D;20030923;000000;112.07;112.07;112.07;112.07;0;0
RGBI;D;20030924;000000;111.94;111.94;111.94;111.94;0;0
RGBI;D;20030925;000000;112;112;112;112;0;0
RGBI;D;20030926;000000;112.14;112.14;112.14;112.14;0;0
RGBI;D;20030929;000000;112.13;112.13;112.13;112.13;0;0
RGBI;D;20030930;000000;112.17;112.17;112.17;112.17;0;0
RGBI;D;20031001;000000;112.26;112.26;112.26;112.26;0;0
RGBI;D;20031002;000000;112.28;112.28;112.28;112.28;0;0
RGBI;D;20031003;000000;112.35;112.35;112.35;112.35;0;0
RGBI;D;20031006;000000;112.37;112.37;112.37;112.37;0;0
RGBI;D;20031007;000000;112.37;112.37;112.37;112.37;0;0
RGBI;D;20031008;000000;112.61;112.61;112.61;112.61;0;0
RGBI;D;20031009;000000;113.32;113.32;113.32;113.32;0;0
RGBI;D;20031010;000000;113.69;113.69;113.69;113.69;0;0
RGBI;D;20031013;000000;113.89;113.89;113.89;113.89;0;0
RGBI;D;20031014;000000;113.99;113.99;113.99;113.99;0;0
RGBI;D;20031015;000000;113.65;113.65;113.65;113.65;0;0
RGBI;D;20031016;000000;113.55;113.55;113.55;113.55;0;0
RGBI;D;20031017;000000;113.65;113.65;113.65;113.65;0;0
RGBI;D;20031020;000000;113.49;113.49;113.49;113.49;0;0
RGBI;D;20031021;000000;113.13;113.13;113.13;113.13;0;0
RGBI;D;20031022;000000;112.99;112.99;112.99;112.99;0;0
RGBI;D;20031023;000000;112.89;112.89;112.89;112.89;0;0
RGBI;D;20031024;000000;112.94;112.94;112.94;112.94;0;0
RGBI;D;20031027;000000;112.64;112.64;112.64;112.64;0;0
RGBI;D;20031028;000000;112.29;112.29;112.29;112.29;0;0
RGBI;D;20031029;000000;112.4;112.4;112.4;112.4;0;0
RGBI;D;20031030;000000;112.32;112.32;112.32;112.32;0;0
RGBI;D;20031031;000000;113.32;113.32;113.32;113.32;0;0
RGBI;D;20031103;000000;113.22;113.22;113.22;113.22;0;0
RGBI;D;20031104;000000;113.68;113.68;113.68;113.68;0;0
RGBI;D;20031105;000000;113.77;113.77;113.77;113.77;0;0
RGBI;D;20031106;000000;113.68;113.68;113.68;113.68;0;0
RGBI;D;20031110;000000;113.67;113.67;113.67;113.67;0;0
RGBI;D;20031111;000000;113.31;113.31;113.31;113.31;0;0
RGBI;D;20031112;000000;112.56;112.56;112.56;112.56;0;0
RGBI;D;20031113;000000;113.08;113.08;113.08;113.08;0;0
RGBI;D;20031114;000000;113.05;113.05;113.05;113.05;0;0
RGBI;D;20031117;000000;112.93;112.93;112.93;112.93;0;0
RGBI;D;20031118;000000;112.67;112.67;112.67;112.67;0;0
RGBI;D;20031119;000000;112.6;112.6;112.6;112.6;0;0
RGBI;D;20031120;000000;112.83;112.83;112.83;112.83;0;0
RGBI;D;20031121;000000;112.85;112.85;112.85;112.85;0;0
RGBI;D;20031124;000000;112.85;112.85;112.85;112.85;0;0
RGBI;D;20031125;000000;112.9;112.9;112.9;112.9;0;0
RGBI;D;20031126;000000;112.93;112.93;112.93;112.93;0;0
RGBI;D;20031127;000000;112.93;112.93;112.93;112.93;0;0
RGBI;D;20031128;000000;112.68;112.68;112.68;112.68;0;0
RGBI;D;20031201;000000;112.75;112.75;112.75;112.75;0;0
RGBI;D;20031202;000000;112.74;112.74;112.74;112.74;0;0
RGBI;D;20031203;000000;112.8;112.8;112.8;112.8;0;0
RGBI;D;20031204;000000;112.85;112.85;112.85;112.85;0;0
RGBI;D;20031205;000000;112.99;112.99;112.99;112.99;0;0
RGBI;D;20031208;000000;113.01;113.01;113.01;113.01;0;0
RGBI;D;20031209;000000;113.02;113.02;113.02;113.02;0;0
RGBI;D;20031210;000000;112.98;112.98;112.98;112.98;0;0
RGBI;D;20031211;000000;113.18;113.18;113.18;113.18;0;0
RGBI;D;20031215;000000;112.99;112.99;112.99;112.99;0;0
RGBI;D;20031216;000000;113.06;113.06;113.06;113.06;0;0
RGBI;D;20031217;000000;113.2;113.2;113.2;113.2;0;0
RGBI;D;20031218;000000;113.18;113.18;113.18;113.18;0;0
RGBI;D;20031219;000000;113.2;113.2;113.2;113.2;0;0
RGBI;D;20031222;000000;113.14;113.14;113.14;113.14;0;0
RGBI;D;20031223;000000;113.15;113.15;113.15;113.15;0;0
RGBI;D;20031224;000000;113.22;113.22;113.22;113.22;0;0
RGBI;D;20031225;000000;113.28;113.28;113.28;113.28;0;0
RGBI;D;20031226;000000;113.26;113.26;113.26;113.26;0;0
RGBI;D;20031229;000000;113.26;113.26;113.26;113.26;0;0
RGBI;D;20031230;000000;113.78;113.78;113.78;113.78;0;0
RGBI;D;20040105;000000;113.75;113.75;113.75;113.75;0;0
RGBI;D;20040106;000000;114.31;114.31;114.31;114.31;0;0
RGBI;D;20040108;000000;116.17;116.17;116.17;116.17;0;0
RGBI;D;20040109;000000;116.21;116.21;116.21;116.21;0;0
RGBI;D;20040112;000000;116.12;116.12;116.12;116.12;0;0
RGBI;D;20040113;000000;116.02;116.02;116.02;116.02;0;0
RGBI;D;20040114;000000;115.87;115.87;115.87;115.87;0;0
RGBI;D;20040115;000000;116.05;116.05;116.05;116.05;0;0
RGBI;D;20040116;000000;116.11;116.11;116.11;116.11;0;0
RGBI;D;20040119;000000;115.97;115.97;115.97;115.97;0;0
RGBI;D;20040120;000000;115.57;115.57;115.57;115.57;0;0
RGBI;D;20040121;000000;115.4;115.4;115.4;115.4;0;0
RGBI;D;20040122;000000;115.98;115.98;115.98;115.98;0;0
RGBI;D;20040123;000000;116.14;116.14;116.14;116.14;0;0
RGBI;D;20040126;000000;116.33;116.33;116.33;116.33;0;0
RGBI;D;20040127;000000;116.38;116.38;116.38;116.38;0;0
RGBI;D;20040128;000000;116.52;116.52;116.52;116.52;0;0
RGBI;D;20040129;000000;116.52;116.52;116.52;116.52;0;0
RGBI;D;20040130;000000;116.27;116.27;116.27;116.27;0;0
RGBI;D;20040202;000000;115.88;115.88;115.88;115.88;0;0
RGBI;D;20040203;000000;115.98;115.98;115.98;115.98;0;0
RGBI;D;20040204;000000;115.88;115.88;115.88;115.88;0;0
RGBI;D;20040205;000000;115.84;115.84;115.84;115.84;0;0
RGBI;D;20040206;000000;115.71;115.71;115.71;115.71;0;0
RGBI;D;20040209;000000;115.78;115.78;115.78;115.78;0;0
RGBI;D;20040210;000000;115.66;115.66;115.66;115.66;0;0
RGBI;D;20040211;000000;115.51;115.51;115.51;115.51;0;0
RGBI;D;20040212;000000;115.57;115.57;115.57;115.57;0;0
RGBI;D;20040213;000000;115.77;115.77;115.77;115.77;0;0
RGBI;D;20040216;000000;115.84;115.84;115.84;115.84;0;0
RGBI;D;20040217;000000;115.88;115.88;115.88;115.88;0;0
RGBI;D;20040218;000000;116.02;116.02;116.02;116.02;0;0
RGBI;D;20040219;000000;116.25;116.25;116.25;116.25;0;0
RGBI;D;20040220;000000;116.28;116.28;116.28;116.28;0;0
RGBI;D;20040224;000000;116.03;116.03;116.03;116.03;0;0
RGBI;D;20040225;000000;116.2;116.2;116.2;116.2;0;0
RGBI;D;20040226;000000;116.33;116.33;116.33;116.33;0;0
RGBI;D;20040227;000000;116.36;116.36;116.36;116.36;0;0
RGBI;D;20040301;000000;116.93;116.93;116.93;116.93;0;0
RGBI;D;20040302;000000;116.34;116.34;116.34;116.34;0;0
RGBI;D;20040303;000000;116.17;116.17;116.17;116.17;0;0
RGBI;D;20040304;000000;116.28;116.28;116.28;116.28;0;0
RGBI;D;20040305;000000;116.33;116.33;116.33;116.33;0;0
RGBI;D;20040309;000000;116.44;116.44;116.44;116.44;0;0
RGBI;D;20040310;000000;116.6;116.6;116.6;116.6;0;0
RGBI;D;20040311;000000;116.72;116.72;116.72;116.72;0;0
RGBI;D;20040312;000000;116.86;116.86;116.86;116.86;0;0
RGBI;D;20040315;000000;117.06;117.06;117.06;117.06;0;0
RGBI;D;20040316;000000;117.07;117.07;117.07;117.07;0;0
RGBI;D;20040317;000000;117.95;117.95;117.95;117.95;0;0
RGBI;D;20040318;000000;118.32;118.32;118.32;118.32;0;0
RGBI;D;20040319;000000;118.41;118.41;118.41;118.41;0;0
RGBI;D;20040322;000000;118.46;118.46;118.46;118.46;0;0
RGBI;D;20040323;000000;118.57;118.57;118.57;118.57;0;0
RGBI;D;20040324;000000;118.49;118.49;118.49;118.49;0;0
RGBI;D;20040325;000000;118.37;118.37;118.37;118.37;0;0
RGBI;D;20040326;000000;118.23;118.23;118.23;118.23;0;0
RGBI;D;20040329;000000;118.46;118.46;118.46;118.46;0;0
RGBI;D;20040330;000000;118.45;118.45;118.45;118.45;0;0
RGBI;D;20040331;000000;118.62;118.62;118.62;118.62;0;0
RGBI;D;20040401;000000;118.7;118.7;118.7;118.7;0;0
RGBI;D;20040402;000000;119.05;119.05;119.05;119.05;0;0
RGBI;D;20040405;000000;118.68;118.68;118.68;118.68;0;0
RGBI;D;20040406;000000;118.59;118.59;118.59;118.59;0;0
RGBI;D;20040407;000000;118.69;118.69;118.69;118.69;0;0
RGBI;D;20040408;000000;118.91;118.91;118.91;118.91;0;0
RGBI;D;20040409;000000;119.02;119.02;119.02;119.02;0;0
RGBI;D;20040412;000000;118.83;118.83;118.83;118.83;0;0
RGBI;D;20040413;000000;118.4;118.4;118.4;118.4;0;0
RGBI;D;20040414;000000;118.2;118.2;118.2;118.2;0;0
RGBI;D;20040415;000000;118.07;118.07;118.07;118.07;0;0
RGBI;D;20040416;000000;117.98;117.98;117.98;117.98;0;0
RGBI;D;20040419;000000;117.45;117.45;117.45;117.45;0;0
RGBI;D;20040420;000000;117.17;117.17;117.17;117.17;0;0
RGBI;D;20040421;000000;116.81;116.81;116.81;116.81;0;0
RGBI;D;20040422;000000;116.75;116.75;116.75;116.75;0;0
RGBI;D;20040423;000000;116.82;116.82;116.82;116.82;0;0
RGBI;D;20040426;000000;116.66;116.66;116.66;116.66;0;0
RGBI;D;20040427;000000;116.7;116.7;116.7;116.7;0;0
RGBI;D;20040428;000000;116.88;116.88;116.88;116.88;0;0
RGBI;D;20040429;000000;116.34;116.34;116.34;116.34;0;0
RGBI;D;20040430;000000;116.73;116.73;116.73;116.73;0;0
RGBI;D;20040505;000000;116.21;116.21;116.21;116.21;0;0
RGBI;D;20040506;000000;115.91;115.91;115.91;115.91;0;0
RGBI;D;20040507;000000;115.88;115.88;115.88;115.88;0;0
RGBI;D;20040511;000000;115.25;115.25;115.25;115.25;0;0
RGBI;D;20040512;000000;114.6;114.6;114.6;114.6;0;0
RGBI;D;20040513;000000;114.39;114.39;114.39;114.39;0;0
RGBI;D;20040514;000000;113.33;113.33;113.33;113.33;0;0
RGBI;D;20040517;000000;113.18;113.18;113.18;113.18;0;0
RGBI;D;20040518;000000;113.73;113.73;113.73;113.73;0;0
RGBI;D;20040519;000000;113.9;113.9;113.9;113.9;0;0
RGBI;D;20040520;000000;114.37;114.37;114.37;114.37;0;0
RGBI;D;20040521;000000;114.37;114.37;114.37;114.37;0;0
RGBI;D;20040524;000000;114.52;114.52;114.52;114.52;0;0
RGBI;D;20040525;000000;114.31;114.31;114.31;114.31;0;0
RGBI;D;20040526;000000;114.27;114.27;114.27;114.27;0;0
RGBI;D;20040527;000000;114.37;114.37;114.37;114.37;0;0
RGBI;D;20040528;000000;114.6;114.6;114.6;114.6;0;0
RGBI;D;20040531;000000;115.1;115.1;115.1;115.1;0;0
RGBI;D;20040601;000000;115.06;115.06;115.06;115.06;0;0
RGBI;D;20040602;000000;114.87;114.87;114.87;114.87;0;0
RGBI;D;20040603;000000;115;115;115;115;0;0
RGBI;D;20040604;000000;114.7;114.7;114.7;114.7;0;0
RGBI;D;20040607;000000;114.32;114.32;114.32;114.32;0;0
RGBI;D;20040608;000000;114.08;114.08;114.08;114.08;0;0
RGBI;D;20040609;000000;114;114;114;114;0;0
RGBI;D;20040610;000000;113.7;113.7;113.7;113.7;0;0
RGBI;D;20040611;000000;113.62;113.62;113.62;113.62;0;0
RGBI;D;20040615;000000;113;113;113;113;0;0
RGBI;D;20040616;000000;113.35;113.35;113.35;113.35;0;0
RGBI;D;20040617;000000;113.59;113.59;113.59;113.59;0;0
RGBI;D;20040618;000000;114.09;114.09;114.09;114.09;0;0
RGBI;D;20040621;000000;114.4;114.4;114.4;114.4;0;0
RGBI;D;20040622;000000;114.43;114.43;114.43;114.43;0;0
RGBI;D;20040623;000000;114.17;114.17;114.17;114.17;0;0
RGBI;D;20040624;000000;114.34;114.34;114.34;114.34;0;0
RGBI;D;20040625;000000;113.96;113.96;113.96;113.96;0;0
RGBI;D;20040628;000000;114.1;114.1;114.1;114.1;0;0
RGBI;D;20040629;000000;114.28;114.28;114.28;114.28;0;0
RGBI;D;20040630;000000;114.46;114.46;114.46;114.46;0;0
RGBI;D;20040701;000000;114.15;114.15;114.15;114.15;0;0
RGBI;D;20040702;000000;114.15;114.15;114.15;114.15;0;0
RGBI;D;20040705;000000;114.13;114.13;114.13;114.13;0;0
RGBI;D;20040706;000000;113.95;113.95;113.95;113.95;0;0
RGBI;D;20040707;000000;113.25;113.25;113.25;113.25;0;0
RGBI;D;20040708;000000;113.27;113.27;113.27;113.27;0;0
RGBI;D;20040709;000000;113.31;113.31;113.31;113.31;0;0
RGBI;D;20040712;000000;113.66;113.66;113.66;113.66;0;0
RGBI;D;20040713;000000;113.47;113.47;113.47;113.47;0;0
RGBI;D;20040714;000000;113.95;113.95;113.95;113.95;0;0
RGBI;D;20040715;000000;114.37;114.37;114.37;114.37;0;0
RGBI;D;20040716;000000;114.63;114.63;114.63;114.63;0;0
RGBI;D;20040719;000000;114.65;114.65;114.65;114.65;0;0
RGBI;D;20040720;000000;114.7;114.7;114.7;114.7;0;0
RGBI;D;20040721;000000;114.4;114.4;114.4;114.4;0;0
RGBI;D;20040722;000000;114.47;114.47;114.47;114.47;0;0
RGBI;D;20040723;000000;114.51;114.51;114.51;114.51;0;0
RGBI;D;20040726;000000;114.51;114.51;114.51;114.51;0;0
RGBI;D;20040727;000000;114.62;114.62;114.62;114.62;0;0
RGBI;D;20040728;000000;114.3;114.3;114.3;114.3;0;0
RGBI;D;20040729;000000;114.23;114.23;114.23;114.23;0;0
RGBI;D;20040730;000000;114.28;114.28;114.28;114.28;0;0
RGBI;D;20040802;000000;114.32;114.32;114.32;114.32;0;0
RGBI;D;20040803;000000;114.11;114.11;114.11;114.11;0;0
RGBI;D;20040804;000000;114.06;114.06;114.06;114.06;0;0
RGBI;D;20040805;000000;114.17;114.17;114.17;114.17;0;0
RGBI;D;20040806;000000;114.18;114.18;114.18;114.18;0;0
RGBI;D;20040809;000000;114.18;114.18;114.18;114.18;0;0
RGBI;D;20040810;000000;114.15;114.15;114.15;114.15;0;0
RGBI;D;20040811;000000;114.19;114.19;114.19;114.19;0;0
RGBI;D;20040812;000000;114.17;114.17;114.17;114.17;0;0
RGBI;D;20040813;000000;114.17;114.17;114.17;114.17;0;0
RGBI;D;20040816;000000;114.03;114.03;114.03;114.03;0;0
RGBI;D;20040817;000000;113.97;113.97;113.97;113.97;0;0
RGBI;D;20040818;000000;113.92;113.92;113.92;113.92;0;0
RGBI;D;20040819;000000;113.98;113.98;113.98;113.98;0;0
RGBI;D;20040820;000000;114.12;114.12;114.12;114.12;0;0
RGBI;D;20040823;000000;113.99;113.99;113.99;113.99;0;0
RGBI;D;20040824;000000;113.81;113.81;113.81;113.81;0;0
RGBI;D;20040825;000000;113.79;113.79;113.79;113.79;0;0
RGBI;D;20040826;000000;113.91;113.91;113.91;113.91;0;0
RGBI;D;20040827;000000;113.93;113.93;113.93;113.93;0;0
RGBI;D;20040830;000000;113.63;113.63;113.63;113.63;0;0
RGBI;D;20040831;000000;113.88;113.88;113.88;113.88;0;0
RGBI;D;20040901;000000;113.95;113.95;113.95;113.95;0;0
RGBI;D;20040902;000000;113.81;113.81;113.81;113.81;0;0
RGBI;D;20040903;000000;113.88;113.88;113.88;113.88;0;0
RGBI;D;20040906;000000;113.8;113.8;113.8;113.8;0;0
RGBI;D;20040907;000000;113.91;113.91;113.91;113.91;0;0
RGBI;D;20040908;000000;113.69;113.69;113.69;113.69;0;0
RGBI;D;20040909;000000;113.72;113.72;113.72;113.72;0;0
RGBI;D;20040910;000000;113.66;113.66;113.66;113.66;0;0
RGBI;D;20040913;000000;113.61;113.61;113.61;113.61;0;0
RGBI;D;20040914;000000;113.81;113.81;113.81;113.81;0;0
RGBI;D;20040915;000000;113.73;113.73;113.73;113.73;0;0
RGBI;D;20040916;000000;113.79;113.79;113.79;113.79;0;0
RGBI;D;20040917;000000;113.75;113.75;113.75;113.75;0;0
RGBI;D;20040920;000000;113.88;113.88;113.88;113.88;0;0
RGBI;D;20040921;000000;113.96;113.96;113.96;113.96;0;0
RGBI;D;20040922;000000;113.98;113.98;113.98;113.98;0;0
RGBI;D;20040923;000000;113.94;113.94;113.94;113.94;0;0
RGBI;D;20040924;000000;113.95;113.95;113.95;113.95;0;0
RGBI;D;20040927;000000;113.84;113.84;113.84;113.84;0;0
RGBI;D;20040928;000000;113.91;113.91;113.91;113.91;0;0
RGBI;D;20040929;000000;113.86;113.86;113.86;113.86;0;0
RGBI;D;20040930;000000;113.87;113.87;113.87;113.87;0;0
RGBI;D;20041001;000000;113.81;113.81;113.81;113.81;0;0
RGBI;D;20041004;000000;113.84;113.84;113.84;113.84;0;0
RGBI;D;20041005;000000;113.78;113.78;113.78;113.78;0;0
RGBI;D;20041006;000000;113.88;113.88;113.88;113.88;0;0
RGBI;D;20041007;000000;114.54;114.54;114.54;114.54;0;0
RGBI;D;20041008;000000;114.33;114.33;114.33;114.33;0;0
RGBI;D;20041011;000000;114.37;114.37;114.37;114.37;0;0
RGBI;D;20041012;000000;114.34;114.34;114.34;114.34;0;0
RGBI;D;20041013;000000;114.3;114.3;114.3;114.3;0;0
RGBI;D;20041014;000000;114.29;114.29;114.29;114.29;0;0
RGBI;D;20041015;000000;114.24;114.24;114.24;114.24;0;0
RGBI;D;20041018;000000;113.91;113.91;113.91;113.91;0;0
RGBI;D;20041019;000000;114.13;114.13;114.13;114.13;0;0
RGBI;D;20041020;000000;114.04;114.04;114.04;114.04;0;0
RGBI;D;20041021;000000;114.05;114.05;114.05;114.05;0;0
RGBI;D;20041022;000000;114.38;114.38;114.38;114.38;0;0
RGBI;D;20041025;000000;114.34;114.34;114.34;114.34;0;0
RGBI;D;20041026;000000;114.39;114.39;114.39;114.39;0;0
RGBI;D;20041027;000000;114.34;114.34;114.34;114.34;0;0
RGBI;D;20041028;000000;114.26;114.26;114.26;114.26;0;0
RGBI;D;20041029;000000;114.18;114.18;114.18;114.18;0;0
RGBI;D;20041101;000000;114.17;114.17;114.17;114.17;0;0
RGBI;D;20041102;000000;114.13;114.13;114.13;114.13;0;0
RGBI;D;20041103;000000;114.14;114.14;114.14;114.14;0;0
RGBI;D;20041104;000000;114.23;114.23;114.23;114.23;0;0
RGBI;D;20041105;000000;114.12;114.12;114.12;114.12;0;0
RGBI;D;20041109;000000;114.11;114.11;114.11;114.11;0;0
RGBI;D;20041110;000000;114.07;114.07;114.07;114.07;0;0
RGBI;D;20041111;000000;113.99;113.99;113.99;113.99;0;0
RGBI;D;20041112;000000;114.01;114.01;114.01;114.01;0;0
RGBI;D;20041115;000000;113.98;113.98;113.98;113.98;0;0
RGBI;D;20041116;000000;114.09;114.09;114.09;114.09;0;0
RGBI;D;20041117;000000;114.1;114.1;114.1;114.1;0;0
RGBI;D;20041118;000000;114.38;114.38;114.38;114.38;0;0
RGBI;D;20041119;000000;114.45;114.45;114.45;114.45;0;0
RGBI;D;20041122;000000;114.33;114.33;114.33;114.33;0;0
RGBI;D;20041123;000000;114.42;114.42;114.42;114.42;0;0
RGBI;D;20041124;000000;114.44;114.44;114.44;114.44;0;0
RGBI;D;20041125;000000;114.31;114.31;114.31;114.31;0;0
RGBI;D;20041126;000000;114.16;114.16;114.16;114.16;0;0
RGBI;D;20041129;000000;114.11;114.11;114.11;114.11;0;0
RGBI;D;20041130;000000;113.9;113.9;113.9;113.9;0;0
RGBI;D;20041201;000000;113.76;113.76;113.76;113.76;0;0
RGBI;D;20041202;000000;113.89;113.89;113.89;113.89;0;0
RGBI;D;20041203;000000;113.86;113.86;113.86;113.86;0;0
RGBI;D;20041206;000000;113.85;113.85;113.85;113.85;0;0
RGBI;D;20041207;000000;114.02;114.02;114.02;114.02;0;0
RGBI;D;20041208;000000;113.93;113.93;113.93;113.93;0;0
RGBI;D;20041209;000000;113.79;113.79;113.79;113.79;0;0
RGBI;D;20041210;000000;113.69;113.69;113.69;113.69;0;0
RGBI;D;20041214;000000;113.68;113.68;113.68;113.68;0;0
RGBI;D;20041215;000000;113.67;113.67;113.67;113.67;0;0
RGBI;D;20041216;000000;113.8;113.8;113.8;113.8;0;0
RGBI;D;20041217;000000;113.8;113.8;113.8;113.8;0;0
RGBI;D;20041220;000000;113.77;113.77;113.77;113.77;0;0
RGBI;D;20041221;000000;113.7;113.7;113.7;113.7;0;0
RGBI;D;20041222;000000;113.61;113.61;113.61;113.61;0;0
RGBI;D;20041223;000000;113.76;113.76;113.76;113.76;0;0
RGBI;D;20041224;000000;113.81;113.81;113.81;113.81;0;0
RGBI;D;20041227;000000;113.84;113.84;113.84;113.84;0;0
RGBI;D;20041228;000000;113.95;113.95;113.95;113.95;0;0
RGBI;D;20041229;000000;114.15;114.15;114.15;114.15;0;0
RGBI;D;20041230;000000;114.35;114.35;114.35;114.35;0;0
RGBI;D;20050111;000000;114.14;114.14;114.14;114.14;0;0
RGBI;D;20050112;000000;114.06;114.06;114.06;114.06;0;0
RGBI;D;20050113;000000;114.08;114.08;114.08;114.08;0;0
RGBI;D;20050114;000000;113.95;113.95;113.95;113.95;0;0
RGBI;D;20050117;000000;113.89;113.89;113.89;113.89;0;0
RGBI;D;20050118;000000;113.66;113.66;113.66;113.66;0;0
RGBI;D;20050119;000000;113.45;113.45;113.45;113.45;0;0
RGBI;D;20050120;000000;113.35;113.35;113.35;113.35;0;0
RGBI;D;20050121;000000;113.24;113.24;113.24;113.24;0;0
RGBI;D;20050124;000000;113.26;113.26;113.26;113.26;0;0
RGBI;D;20050125;000000;113.43;113.43;113.43;113.43;0;0
RGBI;D;20050126;000000;113.28;113.28;113.28;113.28;0;0
RGBI;D;20050127;000000;113.32;113.32;113.32;113.32;0;0
RGBI;D;20050128;000000;113.38;113.38;113.38;113.38;0;0
RGBI;D;20050131;000000;113.62;113.62;113.62;113.62;0;0
RGBI;D;20050201;000000;113.74;113.74;113.74;113.74;0;0
RGBI;D;20050202;000000;113.7;113.7;113.7;113.7;0;0
RGBI;D;20050203;000000;113.68;113.68;113.68;113.68;0;0
RGBI;D;20050204;000000;113.83;113.83;113.83;113.83;0;0
RGBI;D;20050207;000000;113.87;113.87;113.87;113.87;0;0
RGBI;D;20050208;000000;113.81;113.81;113.81;113.81;0;0
RGBI;D;20050209;000000;113.74;113.74;113.74;113.74;0;0
RGBI;D;20050210;000000;113.64;113.64;113.64;113.64;0;0
RGBI;D;20050211;000000;113.66;113.66;113.66;113.66;0;0
RGBI;D;20050214;000000;113.54;113.54;113.54;113.54;0;0
RGBI;D;20050215;000000;113.5;113.5;113.5;113.5;0;0
RGBI;D;20050216;000000;113.48;113.48;113.48;113.48;0;0
RGBI;D;20050217;000000;113.46;113.46;113.46;113.46;0;0
RGBI;D;20050218;000000;113.49;113.49;113.49;113.49;0;0
RGBI;D;20050221;000000;113.55;113.55;113.55;113.55;0;0
RGBI;D;20050222;000000;113.42;113.42;113.42;113.42;0;0
RGBI;D;20050224;000000;113.43;113.43;113.43;113.43;0;0
RGBI;D;20050225;000000;113.52;113.52;113.52;113.52;0;0
RGBI;D;20050228;000000;113.48;113.48;113.48;113.48;0;0
RGBI;D;20050301;000000;113.42;113.42;113.42;113.42;0;0
RGBI;D;20050302;000000;113.45;113.45;113.45;113.45;0;0
RGBI;D;20050303;000000;113.44;113.44;113.44;113.44;0;0
RGBI;D;20050304;000000;113.42;113.42;113.42;113.42;0;0
RGBI;D;20050305;000000;113.42;113.42;113.42;113.42;0;0
RGBI;D;20050309;000000;113.39;113.39;113.39;113.39;0;0
RGBI;D;20050310;000000;113.29;113.29;113.29;113.29;0;0
RGBI;D;20050311;000000;113.28;113.28;113.28;113.28;0;0
RGBI;D;20050314;000000;113.24;113.24;113.24;113.24;0;0
RGBI;D;20050315;000000;113.34;113.34;113.34;113.34;0;0
RGBI;D;20050316;000000;113.12;113.12;113.12;113.12;0;0
RGBI;D;20050317;000000;113.02;113.02;113.02;113.02;0;0
RGBI;D;20050318;000000;113;113;113;113;0;0
RGBI;D;20050321;000000;112.85;112.85;112.85;112.85;0;0
RGBI;D;20050322;000000;112.93;112.93;112.93;112.93;0;0
RGBI;D;20050323;000000;112.9;112.9;112.9;112.9;0;0
RGBI;D;20050324;000000;112.88;112.88;112.88;112.88;0;0
RGBI;D;20050325;000000;112.89;112.89;112.89;112.89;0;0
RGBI;D;20050328;000000;112.88;112.88;112.88;112.88;0;0
RGBI;D;20050329;000000;112.97;112.97;112.97;112.97;0;0
RGBI;D;20050330;000000;112.84;112.84;112.84;112.84;0;0
RGBI;D;20050331;000000;112.88;112.88;112.88;112.88;0;0
RGBI;D;20050401;000000;112.92;112.92;112.92;112.92;0;0
RGBI;D;20050404;000000;112.92;112.92;112.92;112.92;0;0
RGBI;D;20050405;000000;112.9;112.9;112.9;112.9;0;0
RGBI;D;20050406;000000;113.07;113.07;113.07;113.07;0;0
RGBI;D;20050407;000000;112.93;112.93;112.93;112.93;0;0
RGBI;D;20050408;000000;113.02;113.02;113.02;113.02;0;0
RGBI;D;20050411;000000;113.01;113.01;113.01;113.01;0;0
RGBI;D;20050412;000000;113.06;113.06;113.06;113.06;0;0
RGBI;D;20050413;000000;113.02;113.02;113.02;113.02;0;0
RGBI;D;20050414;000000;112.92;112.92;112.92;112.92;0;0
RGBI;D;20050415;000000;112.91;112.91;112.91;112.91;0;0
RGBI;D;20050418;000000;112.87;112.87;112.87;112.87;0;0
RGBI;D;20050419;000000;112.81;112.81;112.81;112.81;0;0
RGBI;D;20050420;000000;112.81;112.81;112.81;112.81;0;0
RGBI;D;20050421;000000;112.86;112.86;112.86;112.86;0;0
RGBI;D;20050422;000000;112.89;112.89;112.89;112.89;0;0
RGBI;D;20050425;000000;113.02;113.02;113.02;113.02;0;0
RGBI;D;20050426;000000;112.82;112.82;112.82;112.82;0;0
RGBI;D;20050427;000000;112.86;112.86;112.86;112.86;0;0
RGBI;D;20050428;000000;112.9;112.9;112.9;112.9;0;0
RGBI;D;20050429;000000;112.88;112.88;112.88;112.88;0;0
RGBI;D;20050503;000000;112.88;112.88;112.88;112.88;0;0
RGBI;D;20050504;000000;112.87;112.87;112.87;112.87;0;0
RGBI;D;20050505;000000;112.9;112.9;112.9;112.9;0;0
RGBI;D;20050506;000000;112.94;112.94;112.94;112.94;0;0
RGBI;D;20050511;000000;112.83;112.83;112.83;112.83;0;0
RGBI;D;20050512;000000;112.77;112.77;112.77;112.77;0;0
RGBI;D;20050513;000000;112.78;112.78;112.78;112.78;0;0
RGBI;D;20050514;000000;112.79;112.79;112.79;112.79;0;0
RGBI;D;20050516;000000;112.69;112.69;112.69;112.69;0;0
RGBI;D;20050517;000000;112.66;112.66;112.66;112.66;0;0
RGBI;D;20050518;000000;112.75;112.75;112.75;112.75;0;0
RGBI;D;20050519;000000;112.77;112.77;112.77;112.77;0;0
RGBI;D;20050520;000000;112.89;112.89;112.89;112.89;0;0
RGBI;D;20050523;000000;112.84;112.84;112.84;112.84;0;0
RGBI;D;20050524;000000;112.77;112.77;112.77;112.77;0;0
RGBI;D;20050525;000000;112.74;112.74;112.74;112.74;0;0
RGBI;D;20050526;000000;112.78;112.78;112.78;112.78;0;0
RGBI;D;20050527;000000;112.73;112.73;112.73;112.73;0;0
RGBI;D;20050530;000000;112.74;112.74;112.74;112.74;0;0
RGBI;D;20050531;000000;112.65;112.65;112.65;112.65;0;0
RGBI;D;20050601;000000;112.58;112.58;112.58;112.58;0;0
RGBI;D;20050602;000000;112.56;112.56;112.56;112.56;0;0
RGBI;D;20050603;000000;112.67;112.67;112.67;112.67;0;0
RGBI;D;20050606;000000;112.67;112.67;112.67;112.67;0;0
RGBI;D;20050607;000000;112.6;112.6;112.6;112.6;0;0
RGBI;D;20050608;000000;112.84;112.84;112.84;112.84;0;0
RGBI;D;20050609;000000;112.82;112.82;112.82;112.82;0;0
RGBI;D;20050610;000000;112.64;112.64;112.64;112.64;0;0
RGBI;D;20050614;000000;112.62;112.62;112.62;112.62;0;0
RGBI;D;20050615;000000;112.64;112.64;112.64;112.64;0;0
RGBI;D;20050616;000000;112.67;112.67;112.67;112.67;0;0
RGBI;D;20050620;000000;112.76;112.76;112.76;112.76;0;0
RGBI;D;20050621;000000;112.67;112.67;112.67;112.67;0;0
RGBI;D;20050622;000000;112.66;112.66;112.66;112.66;0;0
RGBI;D;20050623;000000;112.7;112.7;112.7;112.7;0;0
RGBI;D;20050624;000000;112.71;112.71;112.71;112.71;0;0
RGBI;D;20050627;000000;112.6;112.6;112.6;112.6;0;0
RGBI;D;20050628;000000;112.71;112.71;112.71;112.71;0;0
RGBI;D;20050629;000000;112.78;112.78;112.78;112.78;0;0
RGBI;D;20050630;000000;112.84;112.84;112.84;112.84;0;0
RGBI;D;20050701;000000;112.85;112.85;112.85;112.85;0;0
RGBI;D;20050704;000000;112.91;112.91;112.91;112.91;0;0
RGBI;D;20050705;000000;112.73;112.73;112.73;112.73;0;0
RGBI;D;20050706;000000;112.75;112.75;112.75;112.75;0;0
RGBI;D;20050707;000000;112.79;112.79;112.79;112.79;0;0
RGBI;D;20050708;000000;112.79;112.79;112.79;112.79;0;0
RGBI;D;20050711;000000;112.75;112.75;112.75;112.75;0;0
RGBI;D;20050712;000000;112.79;112.79;112.79;112.79;0;0
RGBI;D;20050713;000000;112.82;112.82;112.82;112.82;0;0
RGBI;D;20050714;000000;112.87;112.87;112.87;112.87;0;0
RGBI;D;20050715;000000;112.86;112.86;112.86;112.86;0;0
RGBI;D;20050718;000000;112.86;112.86;112.86;112.86;0;0
RGBI;D;20050719;000000;112.55;112.55;112.55;112.55;0;0
RGBI;D;20050720;000000;112.82;112.82;112.82;112.82;0;0
RGBI;D;20050721;000000;112.84;112.84;112.84;112.84;0;0
RGBI;D;20050722;000000;112.84;112.84;112.84;112.84;0;0
RGBI;D;20050725;000000;112.63;112.63;112.63;112.63;0;0
RGBI;D;20050726;000000;112.62;112.62;112.62;112.62;0;0
RGBI;D;20050727;000000;112.78;112.78;112.78;112.78;0;0
RGBI;D;20050728;000000;112.81;112.81;112.81;112.81;0;0
RGBI;D;20050729;000000;112.83;112.83;112.83;112.83;0;0
RGBI;D;20050801;000000;112.87;112.87;112.87;112.87;0;0
RGBI;D;20050802;000000;112.83;112.83;112.83;112.83;0;0
RGBI;D;20050803;000000;112.93;112.93;112.93;112.93;0;0
RGBI;D;20050804;000000;113.23;113.23;113.23;113.23;0;0
RGBI;D;20050805;000000;113.53;113.53;113.53;113.53;0;0
RGBI;D;20050808;000000;113.58;113.58;113.58;113.58;0;0
RGBI;D;20050809;000000;113.46;113.46;113.46;113.46;0;0
RGBI;D;20050810;000000;113.75;113.75;113.75;113.75;0;0
RGBI;D;20050811;000000;114.13;114.13;114.13;114.13;0;0
RGBI;D;20050812;000000;114.5;114.5;114.5;114.5;0;0
RGBI;D;20050815;000000;114.57;114.57;114.57;114.57;0;0
RGBI;D;20050816;000000;114.79;114.79;114.79;114.79;0;0
RGBI;D;20050817;000000;114.99;114.99;114.99;114.99;0;0
RGBI;D;20050818;000000;115.19;115.19;115.19;115.19;0;0
RGBI;D;20050819;000000;115.1;115.1;115.1;115.1;0;0
RGBI;D;20050822;000000;115.15;115.15;115.15;115.15;0;0
RGBI;D;20050823;000000;115.08;115.08;115.08;115.08;0;0
RGBI;D;20050824;000000;115.25;115.25;115.25;115.25;0;0
RGBI;D;20050825;000000;115.28;115.28;115.28;115.28;0;0
RGBI;D;20050826;000000;115.27;115.27;115.27;115.27;0;0
RGBI;D;20050829;000000;115.26;115.26;115.26;115.26;0;0
RGBI;D;20050830;000000;115.23;115.23;115.23;115.23;0;0
RGBI;D;20050831;000000;115.27;115.27;115.27;115.27;0;0
RGBI;D;20050901;000000;115.42;115.42;115.42;115.42;0;0
RGBI;D;20050902;000000;115.97;115.97;115.97;115.97;0;0
RGBI;D;20050905;000000;116.49;116.49;116.49;116.49;0;0
RGBI;D;20050906;000000;116.45;116.45;116.45;116.45;0;0
RGBI;D;20050907;000000;116.34;116.34;116.34;116.34;0;0
RGBI;D;20050908;000000;116.46;116.46;116.46;116.46;0;0
RGBI;D;20050909;000000;116.69;116.69;116.69;116.69;0;0
RGBI;D;20050912;000000;116.89;116.89;116.89;116.89;0;0
RGBI;D;20050913;000000;116.97;116.97;116.97;116.97;0;0
RGBI;D;20050914;000000;117.43;117.43;117.43;117.43;0;0
RGBI;D;20050915;000000;117.12;117.12;117.12;117.12;0;0
RGBI;D;20050916;000000;117.07;117.07;117.07;117.07;0;0
RGBI;D;20050919;000000;117.28;117.28;117.28;117.28;0;0
RGBI;D;20050920;000000;117.43;117.43;117.43;117.43;0;0
RGBI;D;20050921;000000;117.5;117.5;117.5;117.5;0;0
RGBI;D;20050922;000000;117.44;117.44;117.44;117.44;0;0
RGBI;D;20050923;000000;117.38;117.38;117.38;117.38;0;0
RGBI;D;20050926;000000;117.31;117.31;117.31;117.31;0;0
RGBI;D;20050927;000000;117.36;117.36;117.36;117.36;0;0
RGBI;D;20050928;000000;117.45;117.45;117.45;117.45;0;0
RGBI;D;20050929;000000;117.53;117.53;117.53;117.53;0;0
RGBI;D;20050930;000000;117.74;117.74;117.74;117.74;0;0
RGBI;D;20051003;000000;118.03;118.03;118.03;118.03;0;0
RGBI;D;20051004;000000;118.02;118.02;118.02;118.02;0;0
RGBI;D;20051005;000000;118.22;118.22;118.22;118.22;0;0
RGBI;D;20051006;000000;117.55;117.55;117.55;117.55;0;0
RGBI;D;20051007;000000;117.22;117.22;117.22;117.22;0;0
RGBI;D;20051010;000000;117.23;117.23;117.23;117.23;0;0
RGBI;D;20051011;000000;117.58;117.58;117.58;117.58;0;0
RGBI;D;20051012;000000;117.38;117.38;117.38;117.38;0;0
RGBI;D;20051013;000000;116.86;116.86;116.86;116.86;0;0
RGBI;D;20051014;000000;115.95;115.95;115.95;115.95;0;0
RGBI;D;20051017;000000;116;116;116;116;0;0
RGBI;D;20051018;000000;116.25;116.25;116.25;116.25;0;0
RGBI;D;20051019;000000;116.01;116.01;116.01;116.01;0;0
RGBI;D;20051020;000000;116.09;116.09;116.09;116.09;0;0
RGBI;D;20051021;000000;115.87;115.87;115.87;115.87;0;0
RGBI;D;20051024;000000;115.88;115.88;115.88;115.88;0;0
RGBI;D;20051025;000000;115.64;115.64;115.64;115.64;0;0
RGBI;D;20051026;000000;115.55;115.55;115.55;115.55;0;0
RGBI;D;20051027;000000;115.52;115.52;115.52;115.52;0;0
RGBI;D;20051028;000000;115.71;115.71;115.71;115.71;0;0
RGBI;D;20051031;000000;115.82;115.82;115.82;115.82;0;0
RGBI;D;20051101;000000;116.09;116.09;116.09;116.09;0;0
RGBI;D;20051102;000000;116.42;116.42;116.42;116.42;0;0
RGBI;D;20051103;000000;116.5;116.5;116.5;116.5;0;0
RGBI;D;20051107;000000;116.31;116.31;116.31;116.31;0;0
RGBI;D;20051108;000000;115.96;115.96;115.96;115.96;0;0
RGBI;D;20051109;000000;115.99;115.99;115.99;115.99;0;0
RGBI;D;20051110;000000;115.97;115.97;115.97;115.97;0;0
RGBI;D;20051111;000000;115.88;115.88;115.88;115.88;0;0
RGBI;D;20051114;000000;115.85;115.85;115.85;115.85;0;0
RGBI;D;20051115;000000;115.76;115.76;115.76;115.76;0;0
RGBI;D;20051116;000000;115.7;115.7;115.7;115.7;0;0
RGBI;D;20051117;000000;115.99;115.99;115.99;115.99;0;0
RGBI;D;20051118;000000;116.08;116.08;116.08;116.08;0;0
RGBI;D;20051121;000000;116.12;116.12;116.12;116.12;0;0
RGBI;D;20051122;000000;116.31;116.31;116.31;116.31;0;0
RGBI;D;20051123;000000;116.56;116.56;116.56;116.56;0;0
RGBI;D;20051124;000000;116.81;116.81;116.81;116.81;0;0
RGBI;D;20051125;000000;116.95;116.95;116.95;116.95;0;0
RGBI;D;20051128;000000;116.93;116.93;116.93;116.93;0;0
RGBI;D;20051129;000000;116.76;116.76;116.76;116.76;0;0
RGBI;D;20051130;000000;116.69;116.69;116.69;116.69;0;0
RGBI;D;20051201;000000;116.59;116.59;116.59;116.59;0;0
RGBI;D;20051202;000000;116.67;116.67;116.67;116.67;0;0
RGBI;D;20051205;000000;116.65;116.65;116.65;116.65;0;0
RGBI;D;20051206;000000;116.51;116.51;116.51;116.51;0;0
RGBI;D;20051207;000000;116.66;116.66;116.66;116.66;0;0
RGBI;D;20051208;000000;116.69;116.69;116.69;116.69;0;0
RGBI;D;20051209;000000;116.66;116.66;116.66;116.66;0;0
RGBI;D;20051212;000000;116.86;116.86;116.86;116.86;0;0
RGBI;D;20051213;000000;116.9;116.9;116.9;116.9;0;0
RGBI;D;20051214;000000;116.8;116.8;116.8;116.8;0;0
RGBI;D;20051215;000000;116.92;116.92;116.92;116.92;0;0
RGBI;D;20051216;000000;116.96;116.96;116.96;116.96;0;0
RGBI;D;20051219;000000;116.99;116.99;116.99;116.99;0;0
RGBI;D;20051220;000000;117.12;117.12;117.12;117.12;0;0
RGBI;D;20051221;000000;117.01;117.01;117.01;117.01;0;0
RGBI;D;20051222;000000;117.18;117.18;117.18;117.18;0;0
RGBI;D;20051223;000000;117.36;117.36;117.36;117.36;0;0
RGBI;D;20051226;000000;117.49;117.49;117.49;117.49;0;0
RGBI;D;20051227;000000;117.53;117.53;117.53;117.53;0;0
RGBI;D;20051228;000000;117.54;117.54;117.54;117.54;0;0
RGBI;D;20051229;000000;117.94;117.94;117.94;117.94;0;0
RGBI;D;20060110;000000;117.68;117.68;117.68;117.68;0;0
RGBI;D;20060111;000000;117.92;117.92;117.92;117.92;0;0
RGBI;D;20060112;000000;118.56;118.56;118.56;118.56;0;0
RGBI;D;20060113;000000;118.71;118.71;118.71;118.71;0;0
RGBI;D;20060116;000000;118.79;118.79;118.79;118.79;0;0
RGBI;D;20060117;000000;118.79;118.79;118.79;118.79;0;0
RGBI;D;20060118;000000;118.53;118.53;118.53;118.53;0;0
RGBI;D;20060119;000000;118.44;118.44;118.44;118.44;0;0
RGBI;D;20060120;000000;118.62;118.62;118.62;118.62;0;0
RGBI;D;20060123;000000;118.52;118.52;118.52;118.52;0;0
RGBI;D;20060124;000000;118.47;118.47;118.47;118.47;0;0
RGBI;D;20060125;000000;118.4;118.4;118.4;118.4;0;0
RGBI;D;20060126;000000;118.17;118.17;118.17;118.17;0;0
RGBI;D;20060127;000000;117.98;117.98;117.98;117.98;0;0
RGBI;D;20060130;000000;117.69;117.69;117.69;117.69;0;0
RGBI;D;20060131;000000;117.94;117.94;117.94;117.94;0;0
RGBI;D;20060201;000000;117.94;117.94;117.94;117.94;0;0
RGBI;D;20060202;000000;118;118;118;118;0;0
RGBI;D;20060203;000000;117.95;117.95;117.95;117.95;0;0
RGBI;D;20060206;000000;117.91;117.91;117.91;117.91;0;0
RGBI;D;20060207;000000;117.72;117.72;117.72;117.72;0;0
RGBI;D;20060208;000000;117.67;117.67;117.67;117.67;0;0
RGBI;D;20060209;000000;117.79;117.79;117.79;117.79;0;0
RGBI;D;20060210;000000;117.87;117.87;117.87;117.87;0;0
RGBI;D;20060213;000000;117.64;117.64;117.64;117.64;0;0
RGBI;D;20060214;000000;117.66;117.66;117.66;117.66;0;0
RGBI;D;20060215;000000;117.66;117.66;117.66;117.66;0;0
RGBI;D;20060216;000000;117.62;117.62;117.62;117.62;0;0
RGBI;D;20060217;000000;117.43;117.43;117.43;117.43;0;0
RGBI;D;20060220;000000;117.59;117.59;117.59;117.59;0;0
RGBI;D;20060221;000000;117.57;117.57;117.57;117.57;0;0
RGBI;D;20060222;000000;117.49;117.49;117.49;117.49;0;0
RGBI;D;20060226;000000;117.41;117.41;117.41;117.41;0;0
RGBI;D;20060227;000000;117.45;117.45;117.45;117.45;0;0
RGBI;D;20060228;000000;117.53;117.53;117.53;117.53;0;0
RGBI;D;20060301;000000;117.45;117.45;117.45;117.45;0;0
RGBI;D;20060302;000000;117.47;117.47;117.47;117.47;0;0
RGBI;D;20060303;000000;117.44;117.44;117.44;117.44;0;0
RGBI;D;20060306;000000;117.26;117.26;117.26;117.26;0;0
RGBI;D;20060307;000000;116.62;116.62;116.62;116.62;0;0
RGBI;D;20060309;000000;116.64;116.64;116.64;116.64;0;0
RGBI;D;20060310;000000;116.76;116.76;116.76;116.76;0;0
RGBI;D;20060313;000000;116.7;116.7;116.7;116.7;0;0
RGBI;D;20060314;000000;116.75;116.75;116.75;116.75;0;0
RGBI;D;20060315;000000;116.81;116.81;116.81;116.81;0;0
RGBI;D;20060316;000000;116.85;116.85;116.85;116.85;0;0
RGBI;D;20060317;000000;117.05;117.05;117.05;117.05;0;0
RGBI;D;20060320;000000;117.07;117.07;117.07;117.07;0;0
RGBI;D;20060321;000000;117.01;117.01;117.01;117.01;0;0
RGBI;D;20060322;000000;116.9;116.9;116.9;116.9;0;0
RGBI;D;20060323;000000;117;117;117;117;0;0
RGBI;D;20060324;000000;117.01;117.01;117.01;117.01;0;0
RGBI;D;20060327;000000;116.99;116.99;116.99;116.99;0;0
RGBI;D;20060328;000000;117.04;117.04;117.04;117.04;0;0
RGBI;D;20060329;000000;116.96;116.96;116.96;116.96;0;0
RGBI;D;20060330;000000;117.2;117.2;117.2;117.2;0;0
RGBI;D;20060331;000000;117.25;117.25;117.25;117.25;0;0
RGBI;D;20060403;000000;117.15;117.15;117.15;117.15;0;0
RGBI;D;20060404;000000;117.04;117.04;117.04;117.04;0;0
RGBI;D;20060405;000000;117.05;117.05;117.05;117.05;0;0
RGBI;D;20060406;000000;117.05;117.05;117.05;117.05;0;0
RGBI;D;20060407;000000;117.02;117.02;117.02;117.02;0;0
RGBI;D;20060410;000000;116.91;116.91;116.91;116.91;0;0
RGBI;D;20060411;000000;116.89;116.89;116.89;116.89;0;0
RGBI;D;20060412;000000;116.8;116.8;116.8;116.8;0;0
RGBI;D;20060413;000000;116.71;116.71;116.71;116.71;0;0
RGBI;D;20060414;000000;116.62;116.62;116.62;116.62;0;0
RGBI;D;20060417;000000;116.71;116.71;116.71;116.71;0;0
RGBI;D;20060418;000000;116.58;116.58;116.58;116.58;0;0
RGBI;D;20060419;000000;116.66;116.66;116.66;116.66;0;0
RGBI;D;20060420;000000;116.6;116.6;116.6;116.6;0;0
RGBI;D;20060421;000000;116.63;116.63;116.63;116.63;0;0
RGBI;D;20060424;000000;116.5;116.5;116.5;116.5;0;0
RGBI;D;20060425;000000;116.36;116.36;116.36;116.36;0;0
RGBI;D;20060426;000000;116.23;116.23;116.23;116.23;0;0
RGBI;D;20060427;000000;116.26;116.26;116.26;116.26;0;0
RGBI;D;20060428;000000;116.2;116.2;116.2;116.2;0;0
RGBI;D;20060502;000000;116.22;116.22;116.22;116.22;0;0
RGBI;D;20060503;000000;116.09;116.09;116.09;116.09;0;0
RGBI;D;20060504;000000;116.12;116.12;116.12;116.12;0;0
RGBI;D;20060505;000000;116.19;116.19;116.19;116.19;0;0
RGBI;D;20060506;000000;116.42;116.42;116.42;116.42;0;0
RGBI;D;20060510;000000;116.46;116.46;116.46;116.46;0;0
RGBI;D;20060511;000000;116.43;116.43;116.43;116.43;0;0
RGBI;D;20060512;000000;116.72;116.72;116.72;116.72;0;0
RGBI;D;20060515;000000;116.49;116.49;116.49;116.49;0;0
RGBI;D;20060516;000000;116.49;116.49;116.49;116.49;0;0
RGBI;D;20060517;000000;116.59;116.59;116.59;116.59;0;0
RGBI;D;20060518;000000;116.59;116.59;116.59;116.59;0;0
RGBI;D;20060519;000000;116.61;116.61;116.61;116.61;0;0
RGBI;D;20060522;000000;116.47;116.47;116.47;116.47;0;0
RGBI;D;20060523;000000;116.33;116.33;116.33;116.33;0;0
RGBI;D;20060524;000000;116.39;116.39;116.39;116.39;0;0
RGBI;D;20060525;000000;116.38;116.38;116.38;116.38;0;0
RGBI;D;20060526;000000;116.51;116.51;116.51;116.51;0;0
RGBI;D;20060529;000000;116.54;116.54;116.54;116.54;0;0
RGBI;D;20060530;000000;116.54;116.54;116.54;116.54;0;0
RGBI;D;20060531;000000;116.54;116.54;116.54;116.54;0;0
RGBI;D;20060601;000000;116.47;116.47;116.47;116.47;0;0
RGBI;D;20060602;000000;115.76;115.76;115.76;115.76;0;0
RGBI;D;20060605;000000;115.94;115.94;115.94;115.94;0;0
RGBI;D;20060606;000000;116.67;116.67;116.67;116.67;0;0
RGBI;D;20060607;000000;116.66;116.66;116.66;116.66;0;0
RGBI;D;20060608;000000;116.58;116.58;116.58;116.58;0;0
RGBI;D;20060609;000000;116.6;116.6;116.6;116.6;0;0
RGBI;D;20060613;000000;116.4;116.4;116.4;116.4;0;0
RGBI;D;20060614;000000;116.33;116.33;116.33;116.33;0;0
RGBI;D;20060615;000000;116.11;116.11;116.11;116.11;0;0
RGBI;D;20060616;000000;116.21;116.21;116.21;116.21;0;0
RGBI;D;20060619;000000;116.2;116.2;116.2;116.2;0;0
RGBI;D;20060620;000000;116.17;116.17;116.17;116.17;0;0
RGBI;D;20060621;000000;116.09;116.09;116.09;116.09;0;0
RGBI;D;20060622;000000;116.16;116.16;116.16;116.16;0;0
RGBI;D;20060623;000000;116.15;116.15;116.15;116.15;0;0
RGBI;D;20060626;000000;116.16;116.16;116.16;116.16;0;0
RGBI;D;20060627;000000;116.09;116.09;116.09;116.09;0;0
RGBI;D;20060628;000000;115.95;115.95;115.95;115.95;0;0
RGBI;D;20060629;000000;116.08;116.08;116.08;116.08;0;0
RGBI;D;20060630;000000;116.44;116.44;116.44;116.44;0;0
RGBI;D;20060703;000000;116.39;116.39;116.39;116.39;0;0
RGBI;D;20060704;000000;116.42;116.42;116.42;116.42;0;0
RGBI;D;20060705;000000;116.38;116.38;116.38;116.38;0;0
RGBI;D;20060706;000000;116.24;116.24;116.24;116.24;0;0
RGBI;D;20060707;000000;116.33;116.33;116.33;116.33;0;0
RGBI;D;20060710;000000;116.34;116.34;116.34;116.34;0;0
RGBI;D;20060711;000000;116.41;116.41;116.41;116.41;0;0
RGBI;D;20060712;000000;116.37;116.37;116.37;116.37;0;0
RGBI;D;20060713;000000;116.44;116.44;116.44;116.44;0;0
RGBI;D;20060714;000000;116.44;116.44;116.44;116.44;0;0
RGBI;D;20060717;000000;116.41;116.41;116.41;116.41;0;0
RGBI;D;20060718;000000;116.32;116.32;116.32;116.32;0;0
RGBI;D;20060719;000000;116.33;116.33;116.33;116.33;0;0
RGBI;D;20060720;000000;116.49;116.49;116.49;116.49;0;0
RGBI;D;20060721;000000;116.49;116.49;116.49;116.49;0;0
RGBI;D;20060724;000000;116.49;116.49;116.49;116.49;0;0
RGBI;D;20060725;000000;116.57;116.57;116.57;116.57;0;0
RGBI;D;20060726;000000;116.54;116.54;116.54;116.54;0;0
RGBI;D;20060727;000000;116.54;116.54;116.54;116.54;0;0
RGBI;D;20060728;000000;116.58;116.58;116.58;116.58;0;0
RGBI;D;20060731;000000;116.52;116.52;116.52;116.52;0;0
RGBI;D;20060801;000000;116.65;116.65;116.65;116.65;0;0
RGBI;D;20060802;000000;116.72;116.72;116.72;116.72;0;0
RGBI;D;20060803;000000;116.74;116.74;116.74;116.74;0;0
RGBI;D;20060804;000000;116.78;116.78;116.78;116.78;0;0
RGBI;D;20060807;000000;116.81;116.81;116.81;116.81;0;0
RGBI;D;20060808;000000;116.75;116.75;116.75;116.75;0;0
RGBI;D;20060809;000000;116.76;116.76;116.76;116.76;0;0
RGBI;D;20060810;000000;116.83;116.83;116.83;116.83;0;0
RGBI;D;20060811;000000;116.89;116.89;116.89;116.89;0;0
RGBI;D;20060814;000000;116.89;116.89;116.89;116.89;0;0
RGBI;D;20060815;000000;116.88;116.88;116.88;116.88;0;0
RGBI;D;20060816;000000;116.98;116.98;116.98;116.98;0;0
RGBI;D;20060817;000000;117.11;117.11;117.11;117.11;0;0
RGBI;D;20060818;000000;117.11;117.11;117.11;117.11;0;0
RGBI;D;20060821;000000;117.09;117.09;117.09;117.09;0;0
RGBI;D;20060822;000000;117.09;117.09;117.09;117.09;0;0
RGBI;D;20060823;000000;117.06;117.06;117.06;117.06;0;0
RGBI;D;20060824;000000;116.98;116.98;116.98;116.98;0;0
RGBI;D;20060825;000000;117.04;117.04;117.04;117.04;0;0
RGBI;D;20060828;000000;117.08;117.08;117.08;117.08;0;0
RGBI;D;20060829;000000;117.01;117.01;117.01;117.01;0;0
RGBI;D;20060830;000000;117.09;117.09;117.09;117.09;0;0
RGBI;D;20060831;000000;117.21;117.21;117.21;117.21;0;0
RGBI;D;20060901;000000;117.26;117.26;117.26;117.26;0;0
RGBI;D;20060904;000000;117.21;117.21;117.21;117.21;0;0
RGBI;D;20060905;000000;117.27;117.27;117.27;117.27;0;0
RGBI;D;20060906;000000;117.22;117.22;117.22;117.22;0;0
RGBI;D;20060907;000000;117.19;117.19;117.19;117.19;0;0
RGBI;D;20060908;000000;117.29;117.29;117.29;117.29;0;0
RGBI;D;20060911;000000;117.18;117.18;117.18;117.18;0;0
RGBI;D;20060912;000000;117.15;117.15;117.15;117.15;0;0
RGBI;D;20060913;000000;117.16;117.16;117.16;117.16;0;0
RGBI;D;20060914;000000;117.28;117.28;117.28;117.28;0;0
RGBI;D;20060915;000000;117.33;117.33;117.33;117.33;0;0
RGBI;D;20060918;000000;117.38;117.38;117.38;117.38;0;0
RGBI;D;20060919;000000;117.39;117.39;117.39;117.39;0;0
RGBI;D;20060920;000000;117.38;117.38;117.38;117.38;0;0
RGBI;D;20060921;000000;117.41;117.41;117.41;117.41;0;0
RGBI;D;20060922;000000;117.44;117.44;117.44;117.44;0;0
RGBI;D;20060925;000000;117.44;117.44;117.44;117.44;0;0
RGBI;D;20060926;000000;117.43;117.43;117.43;117.43;0;0
RGBI;D;20060927;000000;117.53;117.53;117.53;117.53;0;0
RGBI;D;20060928;000000;117.64;117.64;117.64;117.64;0;0
RGBI;D;20060929;000000;117.65;117.65;117.65;117.65;0;0
RGBI;D;20061002;000000;117.6;117.6;117.6;117.6;0;0
RGBI;D;20061003;000000;117.58;117.58;117.58;117.58;0;0
RGBI;D;20061004;000000;117.56;117.56;117.56;117.56;0;0
RGBI;D;20061005;000000;117.61;117.61;117.61;117.61;0;0
RGBI;D;20061006;000000;117.64;117.64;117.64;117.64;0;0
RGBI;D;20061009;000000;117.58;117.58;117.58;117.58;0;0
RGBI;D;20061010;000000;117.53;117.53;117.53;117.53;0;0
RGBI;D;20061011;000000;117.52;117.52;117.52;117.52;0;0
RGBI;D;20061012;000000;117.52;117.52;117.52;117.52;0;0
RGBI;D;20061013;000000;117.53;117.53;117.53;117.53;0;0
RGBI;D;20061016;000000;117.53;117.53;117.53;117.53;0;0
RGBI;D;20061017;000000;117.55;117.55;117.55;117.55;0;0
RGBI;D;20061018;000000;117.57;117.57;117.57;117.57;0;0
RGBI;D;20061019;000000;117.59;117.59;117.59;117.59;0;0
RGBI;D;20061020;000000;117.6;117.6;117.6;117.6;0;0
RGBI;D;20061023;000000;117.46;117.46;117.46;117.46;0;0
RGBI;D;20061024;000000;117.42;117.42;117.42;117.42;0;0
RGBI;D;20061025;000000;117.42;117.42;117.42;117.42;0;0
RGBI;D;20061026;000000;117.4;117.4;117.4;117.4;0;0
RGBI;D;20061027;000000;117.34;117.34;117.34;117.34;0;0
RGBI;D;20061030;000000;117.37;117.37;117.37;117.37;0;0
RGBI;D;20061031;000000;117.27;117.27;117.27;117.27;0;0
RGBI;D;20061101;000000;117.33;117.33;117.33;117.33;0;0
RGBI;D;20061102;000000;117.32;117.32;117.32;117.32;0;0
RGBI;D;20061103;000000;117.35;117.35;117.35;117.35;0;0
RGBI;D;20061107;000000;117.31;117.31;117.31;117.31;0;0
RGBI;D;20061108;000000;117.21;117.21;117.21;117.21;0;0
RGBI;D;20061109;000000;117.12;117.12;117.12;117.12;0;0
RGBI;D;20061110;000000;117.14;117.14;117.14;117.14;0;0
RGBI;D;20061113;000000;117;117;117;117;0;0
RGBI;D;20061114;000000;116.88;116.88;116.88;116.88;0;0
RGBI;D;20061115;000000;116.68;116.68;116.68;116.68;0;0
RGBI;D;20061116;000000;116.86;116.86;116.86;116.86;0;0
RGBI;D;20061117;000000;116.86;116.86;116.86;116.86;0;0
RGBI;D;20061120;000000;116.67;116.67;116.67;116.67;0;0
RGBI;D;20061121;000000;116.66;116.66;116.66;116.66;0;0
RGBI;D;20061122;000000;116.82;116.82;116.82;116.82;0;0
RGBI;D;20061123;000000;116.84;116.84;116.84;116.84;0;0
RGBI;D;20061124;000000;116.97;116.97;116.97;116.97;0;0
RGBI;D;20061127;000000;116.95;116.95;116.95;116.95;0;0
RGBI;D;20061128;000000;116.86;116.86;116.86;116.86;0;0
RGBI;D;20061129;000000;116.83;116.83;116.83;116.83;0;0
RGBI;D;20061130;000000;116.94;116.94;116.94;116.94;0;0
RGBI;D;20061201;000000;116.97;116.97;116.97;116.97;0;0
RGBI;D;20061204;000000;117.04;117.04;117.04;117.04;0;0
RGBI;D;20061205;000000;117.11;117.11;117.11;117.11;0;0
RGBI;D;20061206;000000;117;117;117;117;0;0
RGBI;D;20061207;000000;117.04;117.04;117.04;117.04;0;0
RGBI;D;20061208;000000;117.12;117.12;117.12;117.12;0;0
RGBI;D;20061211;000000;117.09;117.09;117.09;117.09;0;0
RGBI;D;20061212;000000;116.96;116.96;116.96;116.96;0;0
RGBI;D;20061213;000000;117.03;117.03;117.03;117.03;0;0
RGBI;D;20061214;000000;116.98;116.98;116.98;116.98;0;0
RGBI;D;20061215;000000;117;117;117;117;0;0
RGBI;D;20061218;000000;116.99;116.99;116.99;116.99;0;0
RGBI;D;20061219;000000;116.99;116.99;116.99;116.99;0;0
RGBI;D;20061220;000000;117.01;117.01;117.01;117.01;0;0
RGBI;D;20061221;000000;116.96;116.96;116.96;116.96;0;0
RGBI;D;20061222;000000;117.03;117.03;117.03;117.03;0;0
RGBI;D;20061225;000000;116.91;116.91;116.91;116.91;0;0
RGBI;D;20061226;000000;117;117;117;117;0;0
RGBI;D;20061227;000000;117.2;117.2;117.2;117.2;0;0
RGBI;D;20061228;000000;117.25;117.25;117.25;117.25;0;0
RGBI;D;20070109;000000;117.19;117.19;117.19;117.19;0;0
RGBI;D;20070110;000000;117.04;117.04;117.04;117.04;0;0
RGBI;D;20070111;000000;117.09;117.09;117.09;117.09;0;0
RGBI;D;20070112;000000;116.91;116.91;116.91;116.91;0;0
RGBI;D;20070115;000000;117.04;117.04;117.04;117.04;0;0
RGBI;D;20070116;000000;116.94;116.94;116.94;116.94;0;0
RGBI;D;20070117;000000;116.96;116.96;116.96;116.96;0;0
RGBI;D;20070118;000000;116.89;116.89;116.89;116.89;0;0
RGBI;D;20070119;000000;116.79;116.79;116.79;116.79;0;0
RGBI;D;20070122;000000;116.63;116.63;116.63;116.63;0;0
RGBI;D;20070123;000000;116.61;116.61;116.61;116.61;0;0
RGBI;D;20070124;000000;116.71;116.71;116.71;116.71;0;0
RGBI;D;20070125;000000;116.67;116.67;116.67;116.67;0;0
RGBI;D;20070126;000000;116.61;116.61;116.61;116.61;0;0
RGBI;D;20070129;000000;116.59;116.59;116.59;116.59;0;0
RGBI;D;20070130;000000;116.54;116.54;116.54;116.54;0;0
RGBI;D;20070131;000000;116.55;116.55;116.55;116.55;0;0
RGBI;D;20070201;000000;116.55;116.55;116.55;116.55;0;0
RGBI;D;20070202;000000;116.75;116.75;116.75;116.75;0;0
RGBI;D;20070205;000000;116.92;116.92;116.92;116.92;0;0
RGBI;D;20070206;000000;116.96;116.96;116.96;116.96;0;0
RGBI;D;20070207;000000;116.93;116.93;116.93;116.93;0;0
RGBI;D;20070208;000000;116.9;116.9;116.9;116.9;0;0
RGBI;D;20070209;000000;116.92;116.92;116.92;116.92;0;0
RGBI;D;20070212;000000;116.89;116.89;116.89;116.89;0;0
RGBI;D;20070213;000000;116.72;116.72;116.72;116.72;0;0
RGBI;D;20070214;000000;116.79;116.79;116.79;116.79;0;0
RGBI;D;20070215;000000;116.89;116.89;116.89;116.89;0;0
RGBI;D;20070216;000000;116.88;116.88;116.88;116.88;0;0
RGBI;D;20070219;000000;116.74;116.74;116.74;116.74;0;0
RGBI;D;20070220;000000;116.7;116.7;116.7;116.7;0;0
RGBI;D;20070221;000000;116.83;116.83;116.83;116.83;0;0
RGBI;D;20070222;000000;116.74;116.74;116.74;116.74;0;0
RGBI;D;20070226;000000;116.78;116.78;116.78;116.78;0;0
RGBI;D;20070227;000000;116.76;116.76;116.76;116.76;0;0
RGBI;D;20070228;000000;116.68;116.68;116.68;116.68;0;0
RGBI;D;20070301;000000;116.63;116.63;116.63;116.63;0;0
RGBI;D;20070302;000000;116.46;116.46;116.46;116.46;0;0
RGBI;D;20070305;000000;116.42;116.42;116.42;116.42;0;0
RGBI;D;20070306;000000;116.45;116.45;116.45;116.45;0;0
RGBI;D;20070307;000000;116.5;116.5;116.5;116.5;0;0
RGBI;D;20070309;000000;116.47;116.47;116.47;116.47;0;0
RGBI;D;20070312;000000;116.35;116.35;116.35;116.35;0;0
RGBI;D;20070313;000000;116.42;116.42;116.42;116.42;0;0
RGBI;D;20070314;000000;116.37;116.37;116.37;116.37;0;0
RGBI;D;20070315;000000;116.57;116.57;116.57;116.57;0;0
RGBI;D;20070316;000000;116.61;116.61;116.61;116.61;0;0
RGBI;D;20070319;000000;116.68;116.68;116.68;116.68;0;0
RGBI;D;20070320;000000;116.73;116.73;116.73;116.73;0;0
RGBI;D;20070321;000000;116.85;116.85;116.85;116.85;0;0
RGBI;D;20070322;000000;116.96;116.96;116.96;116.96;0;0
RGBI;D;20070323;000000;116.94;116.94;116.94;116.94;0;0
RGBI;D;20070326;000000;116.99;116.99;116.99;116.99;0;0
RGBI;D;20070327;000000;116.96;116.96;116.96;116.96;0;0
RGBI;D;20070328;000000;116.96;116.96;116.96;116.96;0;0
RGBI;D;20070329;000000;116.95;116.95;116.95;116.95;0;0
RGBI;D;20070330;000000;116.86;116.86;116.86;116.86;0;0
RGBI;D;20070402;000000;116.93;116.93;116.93;116.93;0;0
RGBI;D;20070403;000000;117.03;117.03;117.03;117.03;0;0
RGBI;D;20070404;000000;117.02;117.02;117.02;117.02;0;0
RGBI;D;20070405;000000;117.07;117.07;117.07;117.07;0;0
RGBI;D;20070406;000000;117.05;117.05;117.05;117.05;0;0
RGBI;D;20070409;000000;117.05;117.05;117.05;117.05;0;0
RGBI;D;20070410;000000;117.02;117.02;117.02;117.02;0;0
RGBI;D;20070411;000000;117.09;117.09;117.09;117.09;0;0
RGBI;D;20070412;000000;117.11;117.11;117.11;117.11;0;0
RGBI;D;20070413;000000;117.14;117.14;117.14;117.14;0;0
RGBI;D;20070416;000000;117.11;117.11;117.11;117.11;0;0
RGBI;D;20070417;000000;117.16;117.16;117.16;117.16;0;0
RGBI;D;20070418;000000;117.09;117.09;117.09;117.09;0;0
RGBI;D;20070419;000000;117.06;117.06;117.06;117.06;0;0
RGBI;D;20070420;000000;117.18;117.18;117.18;117.18;0;0
RGBI;D;20070423;000000;117.17;117.17;117.17;117.17;0;0
RGBI;D;20070424;000000;117.16;117.16;117.16;117.16;0;0
RGBI;D;20070425;000000;117.17;117.17;117.17;117.17;0;0
RGBI;D;20070426;000000;117.12;117.12;117.12;117.12;0;0
RGBI;D;20070427;000000;117.12;117.12;117.12;117.12;0;0
RGBI;D;20070428;000000;117.16;117.16;117.16;117.16;0;0
RGBI;D;20070502;000000;117.11;117.11;117.11;117.11;0;0
RGBI;D;20070503;000000;117.15;117.15;117.15;117.15;0;0
RGBI;D;20070504;000000;117.23;117.23;117.23;117.23;0;0
RGBI;D;20070507;000000;117.37;117.37;117.37;117.37;0;0
RGBI;D;20070508;000000;117.38;117.38;117.38;117.38;0;0
RGBI;D;20070510;000000;117.33;117.33;117.33;117.33;0;0
RGBI;D;20070511;000000;117.27;117.27;117.27;117.27;0;0
RGBI;D;20070514;000000;117.25;117.25;117.25;117.25;0;0
RGBI;D;20070515;000000;117.21;117.21;117.21;117.21;0;0
RGBI;D;20070516;000000;117.37;117.37;117.37;117.37;0;0
RGBI;D;20070517;000000;117.42;117.42;117.42;117.42;0;0
RGBI;D;20070518;000000;117.59;117.59;117.59;117.59;0;0
RGBI;D;20070521;000000;117.64;117.64;117.64;117.64;0;0
RGBI;D;20070522;000000;117.74;117.74;117.74;117.74;0;0
RGBI;D;20070523;000000;117.8;117.8;117.8;117.8;0;0
RGBI;D;20070524;000000;117.83;117.83;117.83;117.83;0;0
RGBI;D;20070525;000000;117.85;117.85;117.85;117.85;0;0
RGBI;D;20070528;000000;117.85;117.85;117.85;117.85;0;0
RGBI;D;20070529;000000;117.89;117.89;117.89;117.89;0;0
RGBI;D;20070530;000000;117.86;117.86;117.86;117.86;0;0
RGBI;D;20070531;000000;117.86;117.86;117.86;117.86;0;0
RGBI;D;20070601;000000;117.84;117.84;117.84;117.84;0;0
RGBI;D;20070604;000000;117.82;117.82;117.82;117.82;0;0
RGBI;D;20070605;000000;117.79;117.79;117.79;117.79;0;0
RGBI;D;20070606;000000;117.72;117.72;117.72;117.72;0;0
RGBI;D;20070607;000000;117.56;117.56;117.56;117.56;0;0
RGBI;D;20070608;000000;117.16;117.16;117.16;117.16;0;0
RGBI;D;20070609;000000;117.37;117.37;117.37;117.37;0;0
RGBI;D;20070613;000000;117.09;117.09;117.09;117.09;0;0
RGBI;D;20070614;000000;117.28;117.28;117.28;117.28;0;0
RGBI;D;20070615;000000;117.34;117.34;117.34;117.34;0;0
RGBI;D;20070618;000000;117.5;117.5;117.5;117.5;0;0
RGBI;D;20070619;000000;117.57;117.57;117.57;117.57;0;0
RGBI;D;20070620;000000;117.47;117.47;117.47;117.47;0;0
RGBI;D;20070621;000000;117.45;117.45;117.45;117.45;0;0
RGBI;D;20070622;000000;117.51;117.51;117.51;117.51;0;0
RGBI;D;20070625;000000;117.51;117.51;117.51;117.51;0;0
RGBI;D;20070626;000000;117.54;117.54;117.54;117.54;0;0
RGBI;D;20070627;000000;117.6;117.6;117.6;117.6;0;0
RGBI;D;20070628;000000;117.67;117.67;117.67;117.67;0;0
RGBI;D;20070629;000000;117.7;117.7;117.7;117.7;0;0
RGBI;D;20070702;000000;117.75;117.75;117.75;117.75;0;0
RGBI;D;20070703;000000;117.88;117.88;117.88;117.88;0;0
RGBI;D;20070704;000000;117.86;117.86;117.86;117.86;0;0
RGBI;D;20070705;000000;117.89;117.89;117.89;117.89;0;0
RGBI;D;20070706;000000;117.85;117.85;117.85;117.85;0;0
RGBI;D;20070709;000000;117.8;117.8;117.8;117.8;0;0
RGBI;D;20070710;000000;117.88;117.88;117.88;117.88;0;0
RGBI;D;20070711;000000;117.96;117.96;117.96;117.96;0;0
RGBI;D;20070712;000000;117.91;117.91;117.91;117.91;0;0
RGBI;D;20070713;000000;117.93;117.93;117.93;117.93;0;0
RGBI;D;20070716;000000;117.91;117.91;117.91;117.91;0;0
RGBI;D;20070717;000000;117.93;117.93;117.93;117.93;0;0
RGBI;D;20070718;000000;117.96;117.96;117.96;117.96;0;0
RGBI;D;20070719;000000;118;118;118;118;0;0
RGBI;D;20070720;000000;118;118;118;118;0;0
RGBI;D;20070723;000000;117.92;117.92;117.92;117.92;0;0
RGBI;D;20070724;000000;117.83;117.83;117.83;117.83;0;0
RGBI;D;20070725;000000;117.8;117.8;117.8;117.8;0;0
RGBI;D;20070726;000000;117.7;117.7;117.7;117.7;0;0
RGBI;D;20070727;000000;117.51;117.51;117.51;117.51;0;0
RGBI;D;20070730;000000;117.48;117.48;117.48;117.48;0;0
RGBI;D;20070731;000000;117.5;117.5;117.5;117.5;0;0
RGBI;D;20070801;000000;117.4;117.4;117.4;117.4;0;0
RGBI;D;20070802;000000;117.47;117.47;117.47;117.47;0;0
RGBI;D;20070803;000000;117.6;117.6;117.6;117.6;0;0
RGBI;D;20070806;000000;117.55;117.55;117.55;117.55;0;0
RGBI;D;20070807;000000;117.58;117.58;117.58;117.58;0;0
RGBI;D;20070808;000000;117.62;117.62;117.62;117.62;0;0
RGBI;D;20070809;000000;117.56;117.56;117.56;117.56;0;0
RGBI;D;20070810;000000;117.21;117.21;117.21;117.21;0;0
RGBI;D;20070813;000000;117.15;117.15;117.15;117.15;0;0
RGBI;D;20070814;000000;117.19;117.19;117.19;117.19;0;0
RGBI;D;20070815;000000;116.88;116.88;116.88;116.88;0;0
RGBI;D;20070816;000000;116.35;116.35;116.35;116.35;0;0
RGBI;D;20070817;000000;116.48;116.48;116.48;116.48;0;0
RGBI;D;20070820;000000;116.5;116.5;116.5;116.5;0;0
RGBI;D;20070821;000000;116.5;116.5;116.5;116.5;0;0
RGBI;D;20070822;000000;116.36;116.36;116.36;116.36;0;0
RGBI;D;20070823;000000;116.49;116.49;116.49;116.49;0;0
RGBI;D;20070824;000000;116.42;116.42;116.42;116.42;0;0
RGBI;D;20070827;000000;116.43;116.43;116.43;116.43;0;0
RGBI;D;20070828;000000;116.3;116.3;116.3;116.3;0;0
RGBI;D;20070829;000000;116.26;116.26;116.26;116.26;0;0
RGBI;D;20070830;000000;116.4;116.4;116.4;116.4;0;0
RGBI;D;20070831;000000;116.4;116.4;116.4;116.4;0;0
RGBI;D;20070903;000000;116.32;116.32;116.32;116.32;0;0
RGBI;D;20070904;000000;116.15;116.15;116.15;116.15;0;0
RGBI;D;20070905;000000;115.82;115.82;115.82;115.82;0;0
RGBI;D;20070906;000000;115.22;115.22;115.22;115.22;0;0
RGBI;D;20070907;000000;115.07;115.07;115.07;115.07;0;0
RGBI;D;20070910;000000;114.94;114.94;114.94;114.94;0;0
RGBI;D;20070911;000000;115.03;115.03;115.03;115.03;0;0
RGBI;D;20070912;000000;114.81;114.81;114.81;114.81;0;0
RGBI;D;20070913;000000;115.02;115.02;115.02;115.02;0;0
RGBI;D;20070914;000000;114.74;114.74;114.74;114.74;0;0
RGBI;D;20070917;000000;114.65;114.65;114.65;114.65;0;0
RGBI;D;20070918;000000;113.77;113.77;113.77;113.77;0;0
RGBI;D;20070919;000000;114.47;114.47;114.47;114.47;0;0
RGBI;D;20070920;000000;114.56;114.56;114.56;114.56;0;0
RGBI;D;20070921;000000;115.18;115.18;115.18;115.18;0;0
RGBI;D;20070924;000000;116.82;116.82;116.82;116.82;0;0
RGBI;D;20070925;000000;116.94;116.94;116.94;116.94;0;0
RGBI;D;20070926;000000;116.88;116.88;116.88;116.88;0;0
RGBI;D;20070927;000000;116.88;116.88;116.88;116.88;0;0
RGBI;D;20070928;000000;116.92;116.92;116.92;116.92;0;0
RGBI;D;20071001;000000;116.67;116.67;116.67;116.67;0;0
RGBI;D;20071002;000000;116.64;116.64;116.64;116.64;0;0
RGBI;D;20071003;000000;116.67;116.67;116.67;116.67;0;0
RGBI;D;20071004;000000;116.73;116.73;116.73;116.73;0;0
RGBI;D;20071005;000000;116.71;116.71;116.71;116.71;0;0
RGBI;D;20071008;000000;116.9;116.9;116.9;116.9;0;0
RGBI;D;20071009;000000;116.95;116.95;116.95;116.95;0;0
RGBI;D;20071010;000000;116.93;116.93;116.93;116.93;0;0
RGBI;D;20071011;000000;117.03;117.03;117.03;117.03;0;0
RGBI;D;20071012;000000;117.07;117.07;117.07;117.07;0;0
RGBI;D;20071015;000000;117.04;117.04;117.04;117.04;0;0
RGBI;D;20071016;000000;117.15;117.15;117.15;117.15;0;0
RGBI;D;20071017;000000;117.36;117.36;117.36;117.36;0;0
RGBI;D;20071018;000000;117.36;117.36;117.36;117.36;0;0
RGBI;D;20071019;000000;117.26;117.26;117.26;117.26;0;0
RGBI;D;20071022;000000;117.05;117.05;117.05;117.05;0;0
RGBI;D;20071023;000000;116.95;116.95;116.95;116.95;0;0
RGBI;D;20071024;000000;117.15;117.15;117.15;117.15;0;0
RGBI;D;20071025;000000;116.91;116.91;116.91;116.91;0;0
RGBI;D;20071026;000000;117.04;117.04;117.04;117.04;0;0
RGBI;D;20071029;000000;117.06;117.06;117.06;117.06;0;0
RGBI;D;20071030;000000;116.83;116.83;116.83;116.83;0;0
RGBI;D;20071031;000000;117.15;117.15;117.15;117.15;0;0
RGBI;D;20071101;000000;117.24;117.24;117.24;117.24;0;0
RGBI;D;20071102;000000;0;0;0;0;0;0
RGBI;D;20071106;000000;117.25;117.25;117.25;117.25;0;0
RGBI;D;20071109;000000;117.33;117.33;117.33;117.33;0;0
RGBI;D;20071112;000000;117.28;117.28;117.28;117.28;0;0
RGBI;D;20071113;000000;117.29;117.29;117.29;117.29;0;0
RGBI;D;20071114;000000;117.28;117.28;117.28;117.28;0;0
RGBI;D;20071115;000000;117.25;117.25;117.25;117.25;0;0
RGBI;D;20071116;000000;117.25;117.25;117.25;117.25;0;0
RGBI;D;20071119;000000;117.19;117.19;117.19;117.19;0;0
RGBI;D;20071120;000000;117.18;117.18;117.18;117.18;0;0
RGBI;D;20071121;000000;117.11;117.11;117.11;117.11;0;0
RGBI;D;20071122;000000;116.9;116.9;116.9;116.9;0;0
RGBI;D;20071123;000000;116.85;116.85;116.85;116.85;0;0
RGBI;D;20071126;000000;116.87;116.87;116.87;116.87;0;0
RGBI;D;20071127;000000;116.79;116.79;116.79;116.79;0;0
RGBI;D;20071128;000000;116.8;116.8;116.8;116.8;0;0
RGBI;D;20071129;000000;116.83;116.83;116.83;116.83;0;0
RGBI;D;20071130;000000;116.84;116.84;116.84;116.84;0;0
RGBI;D;20071203;000000;116.76;116.76;116.76;116.76;0;0
RGBI;D;20071204;000000;116.71;116.71;116.71;116.71;0;0
RGBI;D;20071205;000000;116.78;116.78;116.78;116.78;0;0
RGBI;D;20071206;000000;116.94;116.94;116.94;116.94;0;0
RGBI;D;20071207;000000;116.78;116.78;116.78;116.78;0;0
RGBI;D;20071210;000000;116.88;116.88;116.88;116.88;0;0
RGBI;D;20071211;000000;117.01;117.01;117.01;117.01;0;0
RGBI;D;20071212;000000;117.01;117.01;117.01;117.01;0;0
RGBI;D;20071213;000000;117.04;117.04;117.04;117.04;0;0
RGBI;D;20071214;000000;117.06;117.06;117.06;117.06;0;0
RGBI;D;20071217;000000;116.97;116.97;116.97;116.97;0;0
RGBI;D;20071218;000000;117;117;117;117;0;0
RGBI;D;20071219;000000;116.99;116.99;116.99;116.99;0;0
RGBI;D;20071220;000000;116.99;116.99;116.99;116.99;0;0
RGBI;D;20071221;000000;116.99;116.99;116.99;116.99;0;0
RGBI;D;20071224;000000;116.99;116.99;116.99;116.99;0;0
RGBI;D;20071225;000000;116.72;116.72;116.72;116.72;0;0
RGBI;D;20071226;000000;116.82;116.82;116.82;116.82;0;0
RGBI;D;20071227;000000;116.97;116.97;116.97;116.97;0;0
RGBI;D;20071228;000000;117.08;117.08;117.08;117.08;0;0
RGBI;D;20080109;000000;116.97;116.97;116.97;116.97;0;0
RGBI;D;20080110;000000;116.91;116.91;116.91;116.91;0;0
RGBI;D;20080111;000000;117.16;117.16;117.16;117.16;0;0
RGBI;D;20080114;000000;117.16;117.16;117.16;117.16;0;0
RGBI;D;20080115;000000;117.06;117.06;117.06;117.06;0;0
RGBI;D;20080116;000000;117.06;117.06;117.06;117.06;0;0
RGBI;D;20080117;000000;117.02;117.02;117.02;117.02;0;0
RGBI;D;20080118;000000;117.13;117.13;117.13;117.13;0;0
RGBI;D;20080121;000000;117.08;117.08;117.08;117.08;0;0
RGBI;D;20080122;000000;116.82;116.82;116.82;116.82;0;0
RGBI;D;20080123;000000;116.89;116.89;116.89;116.89;0;0
RGBI;D;20080124;000000;116.93;116.93;116.93;116.93;0;0
RGBI;D;20080125;000000;117.06;117.06;117.06;117.06;0;0
RGBI;D;20080128;000000;116.92;116.92;116.92;116.92;0;0
RGBI;D;20080129;000000;116.92;116.92;116.92;116.92;0;0
RGBI;D;20080130;000000;116.95;116.95;116.95;116.95;0;0
RGBI;D;20080131;000000;117;117;117;117;0;0
RGBI;D;20080201;000000;117.07;117.07;117.07;117.07;0;0
RGBI;D;20080204;000000;116.63;116.63;116.63;116.63;0;0
RGBI;D;20080205;000000;116.56;116.56;116.56;116.56;0;0
RGBI;D;20080206;000000;116.43;116.43;116.43;116.43;0;0
RGBI;D;20080207;000000;116.22;116.22;116.22;116.22;0;0
RGBI;D;20080208;000000;115.96;115.96;115.96;115.96;0;0
RGBI;D;20080211;000000;115.89;115.89;115.89;115.89;0;0
RGBI;D;20080212;000000;115.72;115.72;115.72;115.72;0;0
RGBI;D;20080213;000000;115.5;115.5;115.5;115.5;0;0
RGBI;D;20080214;000000;115.53;115.53;115.53;115.53;0;0
RGBI;D;20080215;000000;115.13;115.13;115.13;115.13;0;0
RGBI;D;20080218;000000;115.04;115.04;115.04;115.04;0;0
RGBI;D;20080219;000000;114.78;114.78;114.78;114.78;0;0
RGBI;D;20080220;000000;114.46;114.46;114.46;114.46;0;0
RGBI;D;20080221;000000;114.4;114.4;114.4;114.4;0;0
RGBI;D;20080222;000000;114.57;114.57;114.57;114.57;0;0
RGBI;D;20080226;000000;114.83;114.83;114.83;114.83;0;0
RGBI;D;20080227;000000;114.48;114.48;114.48;114.48;0;0
RGBI;D;20080228;000000;114.67;114.67;114.67;114.67;0;0
RGBI;D;20080229;000000;115.41;115.41;115.41;115.41;0;0
RGBI;D;20080303;000000;115.09;115.09;115.09;115.09;0;0
RGBI;D;20080304;000000;114.8;114.8;114.8;114.8;0;0
RGBI;D;20080305;000000;114.39;114.39;114.39;114.39;0;0
RGBI;D;20080306;000000;114.58;114.58;114.58;114.58;0;0
RGBI;D;20080307;000000;114.31;114.31;114.31;114.31;0;0
RGBI;D;20080311;000000;114.03;114.03;114.03;114.03;0;0
RGBI;D;20080312;000000;114.13;114.13;114.13;114.13;0;0
RGBI;D;20080313;000000;114.19;114.19;114.19;114.19;0;0
RGBI;D;20080314;000000;114.23;114.23;114.23;114.23;0;0
RGBI;D;20080317;000000;114.31;114.31;114.31;114.31;0;0
RGBI;D;20080318;000000;114.13;114.13;114.13;114.13;0;0
RGBI;D;20080319;000000;114.27;114.27;114.27;114.27;0;0
RGBI;D;20080320;000000;114.27;114.27;114.27;114.27;0;0
RGBI;D;20080321;000000;115.68;115.68;115.68;115.68;0;0
RGBI;D;20080324;000000;114.35;114.35;114.35;114.35;0;0
RGBI;D;20080325;000000;114.31;114.31;114.31;114.31;0;0
RGBI;D;20080326;000000;114.47;114.47;114.47;114.47;0;0
RGBI;D;20080327;000000;114.39;114.39;114.39;114.39;0;0
RGBI;D;20080328;000000;114.21;114.21;114.21;114.21;0;0
RGBI;D;20080331;000000;114.52;114.52;114.52;114.52;0;0
RGBI;D;20080401;000000;114.41;114.41;114.41;114.41;0;0
RGBI;D;20080402;000000;114.46;114.46;114.46;114.46;0;0
RGBI;D;20080403;000000;114.28;114.28;114.28;114.28;0;0
RGBI;D;20080404;000000;114.33;114.33;114.33;114.33;0;0
RGBI;D;20080407;000000;114.32;114.32;114.32;114.32;0;0
RGBI;D;20080408;000000;114.3;114.3;114.3;114.3;0;0
RGBI;D;20080409;000000;114.19;114.19;114.19;114.19;0;0
RGBI;D;20080410;000000;114.09;114.09;114.09;114.09;0;0
RGBI;D;20080411;000000;114;114;114;114;0;0
RGBI;D;20080414;000000;113.95;113.95;113.95;113.95;0;0
RGBI;D;20080415;000000;113.99;113.99;113.99;113.99;0;0
RGBI;D;20080416;000000;113.95;113.95;113.95;113.95;0;0
RGBI;D;20080417;000000;114.3;114.3;114.3;114.3;0;0
RGBI;D;20080418;000000;114.35;114.35;114.35;114.35;0;0
RGBI;D;20080421;000000;114.13;114.13;114.13;114.13;0;0
RGBI;D;20080422;000000;114.22;114.22;114.22;114.22;0;0
RGBI;D;20080423;000000;114.16;114.16;114.16;114.16;0;0
RGBI;D;20080424;000000;114.06;114.06;114.06;114.06;0;0
RGBI;D;20080425;000000;114.35;114.35;114.35;114.35;0;0
RGBI;D;20080428;000000;113.91;113.91;113.91;113.91;0;0
RGBI;D;20080429;000000;113.94;113.94;113.94;113.94;0;0
RGBI;D;20080430;000000;113.78;113.78;113.78;113.78;0;0
RGBI;D;20080504;000000;113.69;113.69;113.69;113.69;0;0
RGBI;D;20080505;000000;114.09;114.09;114.09;114.09;0;0
RGBI;D;20080506;000000;113.75;113.75;113.75;113.75;0;0
RGBI;D;20080507;000000;113.72;113.72;113.72;113.72;0;0
RGBI;D;20080508;000000;113.89;113.89;113.89;113.89;0;0
RGBI;D;20080512;000000;113.83;113.83;113.83;113.83;0;0
RGBI;D;20080513;000000;113.75;113.75;113.75;113.75;0;0
RGBI;D;20080514;000000;113.65;113.65;113.65;113.65;0;0
RGBI;D;20080515;000000;113.64;113.64;113.64;113.64;0;0
RGBI;D;20080516;000000;113.76;113.76;113.76;113.76;0;0
RGBI;D;20080519;000000;113.86;113.86;113.86;113.86;0;0
RGBI;D;20080520;000000;113.77;113.77;113.77;113.77;0;0
RGBI;D;20080521;000000;113.86;113.86;113.86;113.86;0;0
RGBI;D;20080522;000000;113.84;113.84;113.84;113.84;0;0
RGBI;D;20080523;000000;113.85;113.85;113.85;113.85;0;0
RGBI;D;20080526;000000;113.96;113.96;113.96;113.96;0;0
RGBI;D;20080527;000000;114.09;114.09;114.09;114.09;0;0
RGBI;D;20080528;000000;114;114;114;114;0;0
RGBI;D;20080529;000000;114.06;114.06;114.06;114.06;0;0
RGBI;D;20080530;000000;114.33;114.33;114.33;114.33;0;0
RGBI;D;20080602;000000;114.12;114.12;114.12;114.12;0;0
RGBI;D;20080603;000000;114.12;114.12;114.12;114.12;0;0
RGBI;D;20080604;000000;114.01;114.01;114.01;114.01;0;0
RGBI;D;20080605;000000;114.04;114.04;114.04;114.04;0;0
RGBI;D;20080606;000000;114.03;114.03;114.03;114.03;0;0
RGBI;D;20080607;000000;113.97;113.97;113.97;113.97;0;0
RGBI;D;20080609;000000;113.84;113.84;113.84;113.84;0;0
RGBI;D;20080610;000000;113.75;113.75;113.75;113.75;0;0
RGBI;D;20080611;000000;113.82;113.82;113.82;113.82;0;0
RGBI;D;20080616;000000;113.95;113.95;113.95;113.95;0;0
RGBI;D;20080617;000000;114.01;114.01;114.01;114.01;0;0
RGBI;D;20080618;000000;114.03;114.03;114.03;114.03;0;0
RGBI;D;20080619;000000;113.99;113.99;113.99;113.99;0;0
RGBI;D;20080620;000000;114.01;114.01;114.01;114.01;0;0
RGBI;D;20080623;000000;113.97;113.97;113.97;113.97;0;0
RGBI;D;20080624;000000;113.97;113.97;113.97;113.97;0;0
RGBI;D;20080625;000000;113.94;113.94;113.94;113.94;0;0
RGBI;D;20080626;000000;113.93;113.93;113.93;113.93;0;0
RGBI;D;20080627;000000;113.94;113.94;113.94;113.94;0;0
RGBI;D;20080630;000000;113.86;113.86;113.86;113.86;0;0
RGBI;D;20080701;000000;113.69;113.69;113.69;113.69;0;0
RGBI;D;20080702;000000;113.8;113.8;113.8;113.8;0;0
RGBI;D;20080703;000000;113.56;113.56;113.56;113.56;0;0
RGBI;D;20080704;000000;113.57;113.57;113.57;113.57;0;0
RGBI;D;20080707;000000;113.56;113.56;113.56;113.56;0;0
RGBI;D;20080708;000000;113.15;113.15;113.15;113.15;0;0
RGBI;D;20080709;000000;113.12;113.12;113.12;113.12;0;0
RGBI;D;20080710;000000;113.53;113.53;113.53;113.53;0;0
RGBI;D;20080711;000000;113.07;113.07;113.07;113.07;0;0
RGBI;D;20080714;000000;112.71;112.71;112.71;112.71;0;0
RGBI;D;20080715;000000;112.56;112.56;112.56;112.56;0;0
RGBI;D;20080716;000000;112.36;112.36;112.36;112.36;0;0
RGBI;D;20080717;000000;112.24;112.24;112.24;112.24;0;0
RGBI;D;20080718;000000;111.96;111.96;111.96;111.96;0;0
RGBI;D;20080721;000000;112;112;112;112;0;0
RGBI;D;20080722;000000;111.68;111.68;111.68;111.68;0;0
RGBI;D;20080723;000000;111.72;111.72;111.72;111.72;0;0
RGBI;D;20080724;000000;111.67;111.67;111.67;111.67;0;0
RGBI;D;20080725;000000;111.68;111.68;111.68;111.68;0;0
RGBI;D;20080728;000000;111.58;111.58;111.58;111.58;0;0
RGBI;D;20080729;000000;111.28;111.28;111.28;111.28;0;0
RGBI;D;20080730;000000;111.91;111.91;111.91;111.91;0;0
RGBI;D;20080731;000000;111.67;111.67;111.67;111.67;0;0
RGBI;D;20080801;000000;110.7;110.7;110.7;110.7;0;0
RGBI;D;20080804;000000;110.7;110.7;110.7;110.7;0;0
RGBI;D;20080805;000000;110.39;110.39;110.39;110.39;0;0
RGBI;D;20080806;000000;110.28;110.28;110.28;110.28;0;0
RGBI;D;20080807;000000;110.7;110.7;110.7;110.7;0;0
RGBI;D;20080808;000000;110.05;110.05;110.05;110.05;0;0
RGBI;D;20080811;000000;109.55;109.55;109.55;109.55;0;0
RGBI;D;20080812;000000;109.37;109.37;109.37;109.37;0;0
RGBI;D;20080813;000000;109.11;109.11;109.11;109.11;0;0
RGBI;D;20080814;000000;109.03;109.03;109.03;109.03;0;0
RGBI;D;20080815;000000;108.66;108.66;108.66;108.66;0;0
RGBI;D;20080818;000000;108.71;108.71;108.71;108.71;0;0
RGBI;D;20080819;000000;108.52;108.52;108.52;108.52;0;0
RGBI;D;20080820;000000;108.2;108.2;108.2;108.2;0;0
RGBI;D;20080821;000000;108.02;108.02;108.02;108.02;0;0
RGBI;D;20080822;000000;107.63;107.63;107.63;107.63;0;0
RGBI;D;20080825;000000;106.96;106.96;106.96;106.96;0;0
RGBI;D;20080826;000000;107.24;107.24;107.24;107.24;0;0
RGBI;D;20080827;000000;106.02;106.02;106.02;106.02;0;0
RGBI;D;20080828;000000;106.34;106.34;106.34;106.34;0;0
RGBI;D;20080829;000000;107.94;107.94;107.94;107.94;0;0
RGBI;D;20080901;000000;106.55;106.55;106.55;106.55;0;0
RGBI;D;20080902;000000;105.08;105.08;105.08;105.08;0;0
RGBI;D;20080903;000000;106.02;106.02;106.02;106.02;0;0
RGBI;D;20080904;000000;105.1;105.1;105.1;105.1;0;0
RGBI;D;20080905;000000;101.81;101.81;101.81;101.81;0;0
RGBI;D;20080908;000000;101.7;101.7;101.7;101.7;0;0
RGBI;D;20080909;000000;102.13;102.13;102.13;102.13;0;0
RGBI;D;20080910;000000;104.06;104.06;104.06;104.06;0;0
RGBI;D;20080911;000000;106.13;106.13;106.13;106.13;0;0
RGBI;D;20080912;000000;106.07;106.07;106.07;106.07;0;0
RGBI;D;20080915;000000;105.54;105.54;105.54;105.54;0;0
RGBI;D;20080916;000000;101.63;101.63;101.63;101.63;0;0
RGBI;D;20080917;000000;103.45;103.45;103.45;103.45;0;0
RGBI;D;20080918;000000;98.42;98.42;98.42;98.42;0;0
RGBI;D;20080919;000000;100.58;100.58;100.58;100.58;0;0
RGBI;D;20080922;000000;101.5;101.5;101.5;101.5;0;0
RGBI;D;20080923;000000;101.97;101.97;101.97;101.97;0;0
RGBI;D;20080924;000000;102.62;102.62;102.62;102.62;0;0
RGBI;D;20080925;000000;102.25;102.25;102.25;102.25;0;0
RGBI;D;20080926;000000;104.44;104.44;104.44;104.44;0;0
RGBI;D;20080929;000000;104.02;104.02;104.02;104.02;0;0
RGBI;D;20080930;000000;106.49;106.49;106.49;106.49;0;0
RGBI;D;20081001;000000;105.31;105.31;105.31;105.31;0;0
RGBI;D;20081002;000000;104.57;104.57;104.57;104.57;0;0
RGBI;D;20081003;000000;104.02;104.02;104.02;104.02;0;0
RGBI;D;20081006;000000;103.86;103.86;103.86;103.86;0;0
RGBI;D;20081007;000000;104.08;104.08;104.08;104.08;0;0
RGBI;D;20081008;000000;104.31;104.31;104.31;104.31;0;0
RGBI;D;20081009;000000;101.33;101.33;101.33;101.33;0;0
RGBI;D;20081010;000000;99.97;99.97;99.97;99.97;0;0
RGBI;D;20081013;000000;100.64;100.64;100.64;100.64;0;0
RGBI;D;20081014;000000;99.26;99.26;99.26;99.26;0;0
RGBI;D;20081015;000000;103.03;103.03;103.03;103.03;0;0
RGBI;D;20081016;000000;101.28;101.28;101.28;101.28;0;0
RGBI;D;20081017;000000;97.34;97.34;97.34;97.34;0;0
RGBI;D;20081020;000000;100.91;100.91;100.91;100.91;0;0
RGBI;D;20081021;000000;99.48;99.48;99.48;99.48;0;0
RGBI;D;20081022;000000;97.66;97.66;97.66;97.66;0;0
RGBI;D;20081023;000000;99.36;99.36;99.36;99.36;0;0
RGBI;D;20081024;000000;101.22;101.22;101.22;101.22;0;0
RGBI;D;20081027;000000;98.31;98.31;98.31;98.31;0;0
RGBI;D;20081029;000000;101.62;101.62;101.62;101.62;0;0
RGBI;D;20081030;000000;102.52;102.52;102.52;102.52;0;0
RGBI;D;20081031;000000;103.39;103.39;103.39;103.39;0;0
RGBI;D;20081101;000000;103.35;103.35;103.35;103.35;0;0
RGBI;D;20081105;000000;103.43;103.43;103.43;103.43;0;0
RGBI;D;20081106;000000;102.38;102.38;102.38;102.38;0;0
RGBI;D;20081107;000000;102.75;102.75;102.75;102.75;0;0
RGBI;D;20081110;000000;102.44;102.44;102.44;102.44;0;0
RGBI;D;20081111;000000;101.6;101.6;101.6;101.6;0;0
RGBI;D;20081112;000000;101.09;101.09;101.09;101.09;0;0
RGBI;D;20081113;000000;100.5;100.5;100.5;100.5;0;0
RGBI;D;20081114;000000;100.64;100.64;100.64;100.64;0;0
RGBI;D;20081117;000000;100.6;100.6;100.6;100.6;0;0
RGBI;D;20081118;000000;100.97;100.97;100.97;100.97;0;0
RGBI;D;20081119;000000;102.75;102.75;102.75;102.75;0;0
RGBI;D;20081120;000000;105.14;105.14;105.14;105.14;0;0
RGBI;D;20081121;000000;102.04;102.04;102.04;102.04;0;0
RGBI;D;20081124;000000;102.37;102.37;102.37;102.37;0;0
RGBI;D;20081125;000000;102.36;102.36;102.36;102.36;0;0
RGBI;D;20081126;000000;99.8;99.8;99.8;99.8;0;0
RGBI;D;20081127;000000;101.39;101.39;101.39;101.39;0;0
RGBI;D;20081128;000000;102.35;102.35;102.35;102.35;0;0
RGBI;D;20081201;000000;100.46;100.46;100.46;100.46;0;0
RGBI;D;20081202;000000;100.86;100.86;100.86;100.86;0;0
RGBI;D;20081203;000000;101.15;101.15;101.15;101.15;0;0
RGBI;D;20081204;000000;101.86;101.86;101.86;101.86;0;0
RGBI;D;20081205;000000;101.92;101.92;101.92;101.92;0;0
RGBI;D;20081208;000000;100;100;100;100;0;0
RGBI;D;20081209;000000;101.85;101.85;101.85;101.85;0;0
RGBI;D;20081210;000000;102.45;102.45;102.45;102.45;0;0
RGBI;D;20081211;000000;103.03;103.03;103.03;103.03;0;0
RGBI;D;20081212;000000;103.3;103.3;103.3;103.3;0;0
RGBI;D;20081215;000000;99.68;99.68;99.68;99.68;0;0
RGBI;D;20081216;000000;98.39;98.39;98.39;98.39;0;0
RGBI;D;20081217;000000;100.23;100.23;100.23;100.23;0;0
RGBI;D;20081218;000000;100.21;100.21;100.21;100.21;0;0
RGBI;D;20081219;000000;99.41;99.41;99.41;99.41;0;0
RGBI;D;20081222;000000;99.39;99.39;99.39;99.39;0;0
RGBI;D;20081223;000000;99.71;99.71;99.71;99.71;0;0
RGBI;D;20081224;000000;98.96;98.96;98.96;98.96;0;0
RGBI;D;20081225;000000;101.7;101.7;101.7;101.7;0;0
RGBI;D;20081226;000000;99.4;99.4;99.4;99.4;0;0
RGBI;D;20081229;000000;99.51;99.51;99.51;99.51;0;0
RGBI;D;20081230;000000;102.21;102.21;102.21;102.21;0;0
RGBI;D;20090111;000000;102.21;102.21;102.21;102.21;0;0
RGBI;D;20090112;000000;102.21;102.21;102.21;102.21;0;0
RGBI;D;20090113;000000;102.21;102.21;102.21;102.21;0;0
RGBI;D;20090114;000000;102.21;102.21;102.21;102.21;0;0
RGBI;D;20090115;000000;101.74;101.74;101.74;101.74;0;0
RGBI;D;20090116;000000;101.97;101.97;101.97;101.97;0;0
RGBI;D;20090119;000000;101.97;101.97;101.97;101.97;0;0
RGBI;D;20090120;000000;101.82;101.82;101.82;101.82;0;0
RGBI;D;20090121;000000;101.82;101.82;101.82;101.82;0;0
RGBI;D;20090122;000000;102.04;102.04;102.04;102.04;0;0
RGBI;D;20090123;000000;99.93;99.93;99.93;99.93;0;0
RGBI;D;20090126;000000;99.93;99.93;99.93;99.93;0;0
RGBI;D;20090127;000000;99.33;99.33;99.33;99.33;0;0
RGBI;D;20090128;000000;99.33;99.33;99.33;99.33;0;0
RGBI;D;20090129;000000;99.33;99.33;99.33;99.33;0;0
RGBI;D;20090130;000000;100.48;100.48;100.48;100.48;0;0
RGBI;D;20090202;000000;100.48;100.48;100.48;100.48;0;0
RGBI;D;20090203;000000;100.33;100.33;100.33;100.33;0;0
RGBI;D;20090204;000000;100.33;100.33;100.33;100.33;0;0
RGBI;D;20090205;000000;100.28;100.28;100.28;100.28;0;0
RGBI;D;20090206;000000;100.52;100.52;100.52;100.52;0;0
RGBI;D;20090209;000000;92.97;92.97;92.97;92.97;0;0
RGBI;D;20090210;000000;92.63;92.63;92.63;92.63;0;0
RGBI;D;20090211;000000;92.18;92.18;92.18;92.18;0;0
RGBI;D;20090212;000000;94.77;94.77;94.77;94.77;0;0
RGBI;D;20090213;000000;98.39;98.39;98.39;98.39;0;0
RGBI;D;20090216;000000;96.5;96.5;96.5;96.5;0;0
RGBI;D;20090217;000000;96.47;96.47;96.47;96.47;0;0
RGBI;D;20090218;000000;96.39;96.39;96.39;96.39;0;0
RGBI;D;20090219;000000;96.58;96.58;96.58;96.58;0;0
RGBI;D;20090220;000000;97.82;97.82;97.82;97.82;0;0
RGBI;D;20090224;000000;101.7;101.7;101.7;101.7;0;0
RGBI;D;20090225;000000;99.93;99.93;99.93;99.93;0;0
RGBI;D;20090226;000000;101.51;101.51;101.51;101.51;0;0
RGBI;D;20090227;000000;108.13;108.13;108.13;108.13;0;0
RGBI;D;20090302;000000;108.1;108.1;108.1;108.1;0;0
RGBI;D;20090303;000000;108;108;108;108;0;0
RGBI;D;20090304;000000;107.4;107.4;107.4;107.4;0;0
RGBI;D;20090305;000000;107.95;107.95;107.95;107.95;0;0
RGBI;D;20090306;000000;107.86;107.86;107.86;107.86;0;0
RGBI;D;20090310;000000;108.46;108.46;108.46;108.46;0;0
RGBI;D;20090311;000000;108.47;108.47;108.47;108.47;0;0
RGBI;D;20090312;000000;109.21;109.21;109.21;109.21;0;0
RGBI;D;20090313;000000;109.09;109.09;109.09;109.09;0;0
RGBI;D;20090316;000000;108.98;108.98;108.98;108.98;0;0
RGBI;D;20090317;000000;109.37;109.37;109.37;109.37;0;0
RGBI;D;20090318;000000;109.47;109.47;109.47;109.47;0;0
RGBI;D;20090319;000000;109.55;109.55;109.55;109.55;0;0
RGBI;D;20090320;000000;110.78;110.78;110.78;110.78;0;0
RGBI;D;20090323;000000;110.69;110.69;110.69;110.69;0;0
RGBI;D;20090324;000000;110.31;110.31;110.31;110.31;0;0
RGBI;D;20090325;000000;108.91;108.91;108.91;108.91;0;0
RGBI;D;20090326;000000;109.38;109.38;109.38;109.38;0;0
RGBI;D;20090327;000000;110.39;110.39;110.39;110.39;0;0
RGBI;D;20090330;000000;110.88;110.88;110.88;110.88;0;0
RGBI;D;20090331;000000;112.18;112.18;112.18;112.18;0;0
RGBI;D;20090401;000000;105.19;105.19;105.19;105.19;0;0
RGBI;D;20090402;000000;105.06;105.06;105.06;105.06;0;0
RGBI;D;20090403;000000;105.13;105.13;105.13;105.13;0;0
RGBI;D;20090406;000000;104.75;104.75;104.75;104.75;0;0
RGBI;D;20090407;000000;108.24;108.24;108.24;108.24;0;0
RGBI;D;20090408;000000;108.13;108.13;108.13;108.13;0;0
RGBI;D;20090409;000000;106.83;106.83;106.83;106.83;0;0
RGBI;D;20090410;000000;106.48;106.48;106.48;106.48;0;0
RGBI;D;20090413;000000;107.09;107.09;107.09;107.09;0;0
RGBI;D;20090414;000000;107.08;107.08;107.08;107.08;0;0
RGBI;D;20090415;000000;106.8;106.8;106.8;106.8;0;0
RGBI;D;20090416;000000;106.8;106.8;106.8;106.8;0;0
RGBI;D;20090417;000000;106.77;106.77;106.77;106.77;0;0
RGBI;D;20090420;000000;106.49;106.49;106.49;106.49;0;0
RGBI;D;20090421;000000;107.53;107.53;107.53;107.53;0;0
RGBI;D;20090422;000000;107.55;107.55;107.55;107.55;0;0
RGBI;D;20090423;000000;107.19;107.19;107.19;107.19;0;0
RGBI;D;20090424;000000;107.22;107.22;107.22;107.22;0;0
RGBI;D;20090427;000000;106.93;106.93;106.93;106.93;0;0
RGBI;D;20090428;000000;106.94;106.94;106.94;106.94;0;0
RGBI;D;20090429;000000;107.32;107.32;107.32;107.32;0;0
RGBI;D;20090430;000000;114.16;114.16;114.16;114.16;0;0
RGBI;D;20090504;000000;114.23;114.23;114.23;114.23;0;0
RGBI;D;20090505;000000;106.13;106.13;106.13;106.13;0;0
RGBI;D;20090506;000000;106.05;106.05;106.05;106.05;0;0
RGBI;D;20090507;000000;106.02;106.02;106.02;106.02;0;0
RGBI;D;20090508;000000;105.91;105.91;105.91;105.91;0;0
RGBI;D;20090512;000000;106.21;106.21;106.21;106.21;0;0
RGBI;D;20090513;000000;106.24;106.24;106.24;106.24;0;0
RGBI;D;20090514;000000;106.06;106.06;106.06;106.06;0;0
RGBI;D;20090515;000000;107.98;107.98;107.98;107.98;0;0
RGBI;D;20090518;000000;109.8;109.8;109.8;109.8;0;0
RGBI;D;20090519;000000;109.48;109.48;109.48;109.48;0;0
RGBI;D;20090520;000000;108.2;108.2;108.2;108.2;0;0
RGBI;D;20090521;000000;108.17;108.17;108.17;108.17;0;0
RGBI;D;20090522;000000;107.75;107.75;107.75;107.75;0;0
RGBI;D;20090525;000000;107.75;107.75;107.75;107.75;0;0
RGBI;D;20090526;000000;106.71;106.71;106.71;106.71;0;0
RGBI;D;20090527;000000;106.82;106.82;106.82;106.82;0;0
RGBI;D;20090528;000000;106.82;106.82;106.82;106.82;0;0
RGBI;D;20090529;000000;114.75;114.75;114.75;114.75;0;0
RGBI;D;20090601;000000;114.75;114.75;114.75;114.75;0;0
RGBI;D;20090602;000000;114.7;114.7;114.7;114.7;0;0
RGBI;D;20090603;000000;114.89;114.89;114.89;114.89;0;0
RGBI;D;20090604;000000;114.63;114.63;114.63;114.63;0;0
RGBI;D;20090605;000000;115.12;115.12;115.12;115.12;0;0
RGBI;D;20090608;000000;114.96;114.96;114.96;114.96;0;0
RGBI;D;20090609;000000;114.88;114.88;114.88;114.88;0;0
RGBI;D;20090610;000000;114.94;114.94;114.94;114.94;0;0
RGBI;D;20090611;000000;115;115;115;115;0;0
RGBI;D;20090615;000000;114.99;114.99;114.99;114.99;0;0
RGBI;D;20090616;000000;115.02;115.02;115.02;115.02;0;0
RGBI;D;20090617;000000;114.95;114.95;114.95;114.95;0;0
RGBI;D;20090618;000000;115;115;115;115;0;0
RGBI;D;20090619;000000;114.94;114.94;114.94;114.94;0;0
RGBI;D;20090622;000000;114.97;114.97;114.97;114.97;0;0
RGBI;D;20090623;000000;114.9;114.9;114.9;114.9;0;0
RGBI;D;20090624;000000;114.87;114.87;114.87;114.87;0;0
RGBI;D;20090625;000000;114.87;114.87;114.87;114.87;0;0
RGBI;D;20090626;000000;114.85;114.85;114.85;114.85;0;0
RGBI;D;20090629;000000;114.93;114.93;114.93;114.93;0;0
RGBI;D;20090630;000000;114.96;114.96;114.96;114.96;0;0
RGBI;D;20090701;000000;115.05;115.05;115.05;115.05;0;0
RGBI;D;20090702;000000;115.11;115.11;115.11;115.11;0;0
RGBI;D;20090703;000000;115.16;115.16;115.16;115.16;0;0
RGBI;D;20090706;000000;115.05;115.05;115.05;115.05;0;0
RGBI;D;20090707;000000;115.11;115.11;115.11;115.11;0;0
RGBI;D;20090708;000000;115.11;115.11;115.11;115.11;0;0
RGBI;D;20090709;000000;115.13;115.13;115.13;115.13;0;0
RGBI;D;20090710;000000;115.14;115.14;115.14;115.14;0;0
RGBI;D;20090713;000000;115.14;115.14;115.14;115.14;0;0
RGBI;D;20090714;000000;115.13;115.13;115.13;115.13;0;0
RGBI;D;20090715;000000;115.21;115.21;115.21;115.21;0;0
RGBI;D;20090716;000000;115.46;115.46;115.46;115.46;0;0
RGBI;D;20090717;000000;115.48;115.48;115.48;115.48;0;0
RGBI;D;20090720;000000;115.61;115.61;115.61;115.61;0;0
RGBI;D;20090721;000000;115.75;115.75;115.75;115.75;0;0
RGBI;D;20090722;000000;115.76;115.76;115.76;115.76;0;0
RGBI;D;20090723;000000;115.89;115.89;115.89;115.89;0;0
RGBI;D;20090724;000000;115.81;115.81;115.81;115.81;0;0
RGBI;D;20090727;000000;115.8;115.8;115.8;115.8;0;0
RGBI;D;20090728;000000;115.87;115.87;115.87;115.87;0;0
RGBI;D;20090729;000000;115.88;115.88;115.88;115.88;0;0
RGBI;D;20090730;000000;115.87;115.87;115.87;115.87;0;0
RGBI;D;20090731;000000;115.96;115.96;115.96;115.96;0;0
RGBI;D;20090803;000000;116.05;116.05;116.05;116.05;0;0
RGBI;D;20090804;000000;116.06;116.06;116.06;116.06;0;0
RGBI;D;20090805;000000;116.12;116.12;116.12;116.12;0;0
RGBI;D;20090806;000000;116.11;116.11;116.11;116.11;0;0
RGBI;D;20090807;000000;116.11;116.11;116.11;116.11;0;0
RGBI;D;20090810;000000;116.17;116.17;116.17;116.17;0;0
RGBI;D;20090811;000000;116.12;116.12;116.12;116.12;0;0
RGBI;D;20090812;000000;116.06;116.06;116.06;116.06;0;0
RGBI;D;20090813;000000;116.01;116.01;116.01;116.01;0;0
RGBI;D;20090814;000000;115.89;115.89;115.89;115.89;0;0
RGBI;D;20090817;000000;115.92;115.92;115.92;115.92;0;0
RGBI;D;20090818;000000;115.8;115.8;115.8;115.8;0;0
RGBI;D;20090819;000000;115.87;115.87;115.87;115.87;0;0
RGBI;D;20090820;000000;115.85;115.85;115.85;115.85;0;0
RGBI;D;20090821;000000;116.1;116.1;116.1;116.1;0;0
RGBI;D;20090824;000000;116.07;116.07;116.07;116.07;0;0
RGBI;D;20090825;000000;116;116;116;116;0;0
RGBI;D;20090826;000000;116.17;116.17;116.17;116.17;0;0
RGBI;D;20090827;000000;116.46;116.46;116.46;116.46;0;0
RGBI;D;20090828;000000;116.52;116.52;116.52;116.52;0;0
RGBI;D;20090831;000000;116.73;116.73;116.73;116.73;0;0
RGBI;D;20090901;000000;116.61;116.61;116.61;116.61;0;0
RGBI;D;20090902;000000;116.97;116.97;116.97;116.97;0;0
RGBI;D;20090903;000000;116.84;116.84;116.84;116.84;0;0
RGBI;D;20090904;000000;116.92;116.92;116.92;116.92;0;0
RGBI;D;20090907;000000;116.96;116.96;116.96;116.96;0;0
RGBI;D;20090908;000000;117.25;117.25;117.25;117.25;0;0
RGBI;D;20090909;000000;117.56;117.56;117.56;117.56;0;0
RGBI;D;20090910;000000;118.26;118.26;118.26;118.26;0;0
RGBI;D;20090911;000000;118.56;118.56;118.56;118.56;0;0
RGBI;D;20090914;000000;118.49;118.49;118.49;118.49;0;0
RGBI;D;20090915;000000;118.55;118.55;118.55;118.55;0;0
RGBI;D;20090916;000000;118.59;118.59;118.59;118.59;0;0
RGBI;D;20090917;000000;118.76;118.76;118.76;118.76;0;0
RGBI;D;20090918;000000;118.79;118.79;118.79;118.79;0;0
RGBI;D;20090921;000000;118.79;118.79;118.79;118.79;0;0
RGBI;D;20090922;000000;118.86;118.86;118.86;118.86;0;0
RGBI;D;20090923;000000;119.05;119.05;119.05;119.05;0;0
RGBI;D;20090924;000000;119.02;119.02;119.02;119.02;0;0
RGBI;D;20090925;000000;119.02;119.02;119.02;119.02;0;0
RGBI;D;20090928;000000;118.79;118.79;118.79;118.79;0;0
RGBI;D;20090929;000000;118.94;118.94;118.94;118.94;0;0
RGBI;D;20090930;000000;119.34;119.34;119.34;119.34;0;0
RGBI;D;20091001;000000;119.55;119.55;119.55;119.55;0;0
RGBI;D;20091002;000000;119.52;119.52;119.52;119.52;0;0
RGBI;D;20091005;000000;119.73;119.73;119.73;119.73;0;0
RGBI;D;20091006;000000;120.68;120.68;120.68;120.68;0;0
RGBI;D;20091007;000000;122.37;122.37;122.37;122.37;0;0
RGBI;D;20091008;000000;123.3;123.3;123.3;123.3;0;0
RGBI;D;20091009;000000;123.26;123.26;123.26;123.26;0;0
RGBI;D;20091012;000000;123.42;123.42;123.42;123.42;0;0
RGBI;D;20091013;000000;123.7;123.7;123.7;123.7;0;0
RGBI;D;20091014;000000;124.86;124.86;124.86;124.86;0;0
RGBI;D;20091015;000000;125.11;125.11;125.11;125.11;0;0
RGBI;D;20091016;000000;125.44;125.44;125.44;125.44;0;0
RGBI;D;20091019;000000;125.35;125.35;125.35;125.35;0;0
RGBI;D;20091020;000000;125.49;125.49;125.49;125.49;0;0
RGBI;D;20091021;000000;125.81;125.81;125.81;125.81;0;0
RGBI;D;20091022;000000;125.24;125.24;125.24;125.24;0;0
RGBI;D;20091023;000000;125.77;125.77;125.77;125.77;0;0
RGBI;D;20091026;000000;125.78;125.78;125.78;125.78;0;0
RGBI;D;20091027;000000;125.28;125.28;125.28;125.28;0;0
RGBI;D;20091028;000000;124.72;124.72;124.72;124.72;0;0
RGBI;D;20091029;000000;124.83;124.83;124.83;124.83;0;0
RGBI;D;20091030;000000;124.87;124.87;124.87;124.87;0;0
RGBI;D;20091102;000000;124.91;124.91;124.91;124.91;0;0
RGBI;D;20091103;000000;124.79;124.79;124.79;124.79;0;0
RGBI;D;20091105;000000;124.63;124.63;124.63;124.63;0;0
RGBI;D;20091106;000000;125.33;125.33;125.33;125.33;0;0
RGBI;D;20091109;000000;125.74;125.74;125.74;125.74;0;0
RGBI;D;20091110;000000;125.82;125.82;125.82;125.82;0;0
RGBI;D;20091111;000000;125.87;125.87;125.87;125.87;0;0
RGBI;D;20091112;000000;126.13;126.13;126.13;126.13;0;0
RGBI;D;20091113;000000;126.14;126.14;126.14;126.14;0;0
RGBI;D;20091116;000000;126.27;126.27;126.27;126.27;0;0
RGBI;D;20091117;000000;126.37;126.37;126.37;126.37;0;0
RGBI;D;20091118;000000;126.7;126.7;126.7;126.7;0;0
RGBI;D;20091119;000000;126.86;126.86;126.86;126.86;0;0
RGBI;D;20091120;000000;126.87;126.87;126.87;126.87;0;0
RGBI;D;20091123;000000;127;127;127;127;0;0
RGBI;D;20091124;000000;127.37;127.37;127.37;127.37;0;0
RGBI;D;20091125;000000;127.92;127.92;127.92;127.92;0;0
RGBI;D;20091126;000000;127.17;127.17;127.17;127.17;0;0
RGBI;D;20091127;000000;126.73;126.73;126.73;126.73;0;0
RGBI;D;20091130;000000;127;127;127;127;0;0
RGBI;D;20091201;000000;127.49;127.49;127.49;127.49;0;0
RGBI;D;20091202;000000;127.57;127.57;127.57;127.57;0;0
RGBI;D;20091203;000000;127.84;127.84;127.84;127.84;0;0
RGBI;D;20091204;000000;127.7;127.7;127.7;127.7;0;0
RGBI;D;20091207;000000;127.63;127.63;127.63;127.63;0;0
RGBI;D;20091208;000000;127.34;127.34;127.34;127.34;0;0
RGBI;D;20091209;000000;127.3;127.3;127.3;127.3;0;0
RGBI;D;20091210;000000;127.45;127.45;127.45;127.45;0;0
RGBI;D;20091211;000000;127.54;127.54;127.54;127.54;0;0
RGBI;D;20091214;000000;127.46;127.46;127.46;127.46;0;0
RGBI;D;20091215;000000;127.52;127.52;127.52;127.52;0;0
RGBI;D;20091216;000000;127.56;127.56;127.56;127.56;0;0
RGBI;D;20091217;000000;127.53;127.53;127.53;127.53;0;0
RGBI;D;20091218;000000;127.56;127.56;127.56;127.56;0;0
RGBI;D;20091221;000000;127.58;127.58;127.58;127.58;0;0
RGBI;D;20091222;000000;127.53;127.53;127.53;127.53;0;0
RGBI;D;20091223;000000;127.6;127.6;127.6;127.6;0;0
RGBI;D;20091224;000000;127.79;127.79;127.79;127.79;0;0
RGBI;D;20091225;000000;128.06;128.06;128.06;128.06;0;0
RGBI;D;20091228;000000;128.06;128.06;128.06;128.06;0;0
RGBI;D;20091229;000000;127.89;127.89;127.89;127.89;0;0
RGBI;D;20091230;000000;127.53;127.53;127.53;127.53;0;0
RGBI;D;20091231;000000;127.53;127.53;127.53;127.53;0;0
RGBI;D;20100111;000000;130.32;130.32;130.32;130.32;0;0
RGBI;D;20100112;000000;129.02;129.02;129.02;129.02;0;0
RGBI;D;20100113;000000;129.68;129.68;129.68;129.68;0;0
RGBI;D;20100114;000000;128.88;128.88;128.88;128.88;0;0
RGBI;D;20100115;000000;129.87;129.87;129.87;129.87;0;0
RGBI;D;20100118;000000;130.12;130.12;130.12;130.12;0;0
RGBI;D;20100119;000000;130.3;130.3;130.3;130.3;0;0
RGBI;D;20100120;000000;131.02;131.02;131.02;131.02;0;0
RGBI;D;20100121;000000;131.17;131.17;131.17;131.17;0;0
RGBI;D;20100122;000000;131.03;131.03;131.03;131.03;0;0
RGBI;D;20100125;000000;130.75;130.75;130.75;130.75;0;0
RGBI;D;20100126;000000;130.93;130.93;130.93;130.93;0;0
RGBI;D;20100127;000000;130.75;130.75;130.75;130.75;0;0
RGBI;D;20100128;000000;131.22;131.22;131.22;131.22;0;0
RGBI;D;20100129;000000;130.67;130.67;130.67;130.67;0;0
RGBI;D;20100201;000000;130.69;130.69;130.69;130.69;0;0
RGBI;D;20100202;000000;130.85;130.85;130.85;130.85;0;0
RGBI;D;20100203;000000;131.35;131.35;131.35;131.35;0;0
RGBI;D;20100204;000000;131.07;131.07;131.07;131.07;0;0
RGBI;D;20100205;000000;131.07;131.07;131.07;131.07;0;0
RGBI;D;20100208;000000;131.3;131.3;131.3;131.3;0;0
RGBI;D;20100209;000000;131.3;131.3;131.3;131.3;0;0
RGBI;D;20100210;000000;131.17;131.17;131.17;131.17;0;0
RGBI;D;20100211;000000;131.17;131.17;131.17;131.17;0;0
RGBI;D;20100212;000000;131.23;131.23;131.23;131.23;0;0
RGBI;D;20100215;000000;131.2;131.2;131.2;131.2;0;0
RGBI;D;20100216;000000;131.26;131.26;131.26;131.26;0;0
RGBI;D;20100217;000000;131.39;131.39;131.39;131.39;0;0
RGBI;D;20100218;000000;131.38;131.38;131.38;131.38;0;0
RGBI;D;20100219;000000;131.55;131.55;131.55;131.55;0;0
RGBI;D;20100224;000000;131.3;131.3;131.3;131.3;0;0
RGBI;D;20100225;000000;131.46;131.46;131.46;131.46;0;0
RGBI;D;20100226;000000;131.51;131.51;131.51;131.51;0;0
RGBI;D;20100227;000000;131.62;131.62;131.62;131.62;0;0
RGBI;D;20100301;000000;131.78;131.78;131.78;131.78;0;0
RGBI;D;20100302;000000;132.19;132.19;132.19;132.19;0;0
RGBI;D;20100303;000000;132.86;132.86;132.86;132.86;0;0
RGBI;D;20100304;000000;133.16;133.16;133.16;133.16;0;0
RGBI;D;20100305;000000;133.16;133.16;133.16;133.16;0;0
RGBI;D;20100309;000000;133.07;133.07;133.07;133.07;0;0
RGBI;D;20100310;000000;133.14;133.14;133.14;133.14;0;0
RGBI;D;20100311;000000;133.42;133.42;133.42;133.42;0;0
RGBI;D;20100312;000000;133.75;133.75;133.75;133.75;0;0
RGBI;D;20100315;000000;133.86;133.86;133.86;133.86;0;0
RGBI;D;20100316;000000;131.85;131.85;131.85;131.85;0;0
RGBI;D;20100317;000000;134.33;134.33;134.33;134.33;0;0
RGBI;D;20100318;000000;134.44;134.44;134.44;134.44;0;0
RGBI;D;20100319;000000;134.6;134.6;134.6;134.6;0;0
RGBI;D;20100322;000000;134.4;134.4;134.4;134.4;0;0
RGBI;D;20100323;000000;134.58;134.58;134.58;134.58;0;0
RGBI;D;20100324;000000;134.44;134.44;134.44;134.44;0;0
RGBI;D;20100325;000000;134.47;134.47;134.47;134.47;0;0
RGBI;D;20100326;000000;134.6;134.6;134.6;134.6;0;0
RGBI;D;20100329;000000;134.35;134.35;134.35;134.35;0;0
RGBI;D;20100330;000000;134.37;134.37;134.37;134.37;0;0
RGBI;D;20100331;000000;134.64;134.64;134.64;134.64;0;0
RGBI;D;20100401;000000;134.92;134.92;134.92;134.92;0;0
RGBI;D;20100402;000000;135.16;135.16;135.16;135.16;0;0
RGBI;D;20100405;000000;135.27;135.27;135.27;135.27;0;0
RGBI;D;20100406;000000;135.39;135.39;135.39;135.39;0;0
RGBI;D;20100407;000000;135.4;135.4;135.4;135.4;0;0
RGBI;D;20100408;000000;135.35;135.35;135.35;135.35;0;0
RGBI;D;20100409;000000;133.92;133.92;133.92;133.92;0;0
RGBI;D;20100412;000000;135.44;135.44;135.44;135.44;0;0
RGBI;D;20100413;000000;135.42;135.42;135.42;135.42;0;0
RGBI;D;20100414;000000;135.38;135.38;135.38;135.38;0;0
RGBI;D;20100415;000000;135.34;135.34;135.34;135.34;0;0
RGBI;D;20100416;000000;135.14;135.14;135.14;135.14;0;0
RGBI;D;20100419;000000;134.98;134.98;134.98;134.98;0;0
RGBI;D;20100420;000000;135.03;135.03;135.03;135.03;0;0
RGBI;D;20100421;000000;134.71;134.71;134.71;134.71;0;0
RGBI;D;20100422;000000;134.56;134.56;134.56;134.56;0;0
RGBI;D;20100423;000000;134.24;134.24;134.24;134.24;0;0
RGBI;D;20100426;000000;134.25;134.25;134.25;134.25;0;0
RGBI;D;20100427;000000;133.49;133.49;133.49;133.49;0;0
RGBI;D;20100428;000000;133.14;133.14;133.14;133.14;0;0
RGBI;D;20100429;000000;133.41;133.41;133.41;133.41;0;0
RGBI;D;20100430;000000;133.45;133.45;133.45;133.45;0;0
RGBI;D;20100504;000000;133.01;133.01;133.01;133.01;0;0
RGBI;D;20100505;000000;132;132;132;132;0;0
RGBI;D;20100506;000000;129.55;129.55;129.55;129.55;0;0
RGBI;D;20100507;000000;129.36;129.36;129.36;129.36;0;0
RGBI;D;20100511;000000;129.5;129.5;129.5;129.5;0;0
RGBI;D;20100512;000000;130.15;130.15;130.15;130.15;0;0
RGBI;D;20100513;000000;133.29;133.29;133.29;133.29;0;0
RGBI;D;20100514;000000;133.05;133.05;133.05;133.05;0;0
RGBI;D;20100517;000000;133.05;133.05;133.05;133.05;0;0
RGBI;D;20100518;000000;133.24;133.24;133.24;133.24;0;0
RGBI;D;20100519;000000;132.23;132.23;132.23;132.23;0;0
RGBI;D;20100520;000000;132.04;132.04;132.04;132.04;0;0
RGBI;D;20100521;000000;132.56;132.56;132.56;132.56;0;0
RGBI;D;20100524;000000;131.91;131.91;131.91;131.91;0;0
RGBI;D;20100526;000000;131.28;131.28;131.28;131.28;0;0
RGBI;D;20100527;000000;131.66;131.66;131.66;131.66;0;0
RGBI;D;20100528;000000;132.11;132.11;132.11;132.11;0;0
RGBI;D;20100531;000000;131.95;131.95;131.95;131.95;0;0
RGBI;D;20100601;000000;132.57;132.57;132.57;132.57;0;0
RGBI;D;20100602;000000;132.39;132.39;132.39;132.39;0;0
RGBI;D;20100603;000000;132.61;132.61;132.61;132.61;0;0
RGBI;D;20100604;000000;132.51;132.51;132.51;132.51;0;0
RGBI;D;20100607;000000;132.5;132.5;132.5;132.5;0;0
RGBI;D;20100608;000000;132.43;132.43;132.43;132.43;0;0
RGBI;D;20100609;000000;132.61;132.61;132.61;132.61;0;0
RGBI;D;20100610;000000;132.77;132.77;132.77;132.77;0;0
RGBI;D;20100611;000000;132.97;132.97;132.97;132.97;0;0
RGBI;D;20100615;000000;133.05;133.05;133.05;133.05;0;0
RGBI;D;20100616;000000;133.05;133.05;133.05;133.05;0;0
RGBI;D;20100617;000000;133.11;133.11;133.11;133.11;0;0
RGBI;D;20100618;000000;133.21;133.21;133.21;133.21;0;0
RGBI;D;20100621;000000;133.11;133.11;133.11;133.11;0;0
RGBI;D;20100622;000000;133.28;133.28;133.28;133.28;0;0
RGBI;D;20100623;000000;133.3;133.3;133.3;133.3;0;0
RGBI;D;20100624;000000;133.16;133.16;133.16;133.16;0;0
RGBI;D;20100625;000000;133.08;133.08;133.08;133.08;0;0
RGBI;D;20100628;000000;132.98;132.98;132.98;132.98;0;0
RGBI;D;20100629;000000;132.92;132.92;132.92;132.92;0;0
RGBI;D;20100630;000000;132.96;132.96;132.96;132.96;0;0
RGBI;D;20100701;000000;132.71;132.71;132.71;132.71;0;0
RGBI;D;20100702;000000;132.81;132.81;132.81;132.81;0;0
RGBI;D;20100705;000000;132.8;132.8;132.8;132.8;0;0
RGBI;D;20100706;000000;132.77;132.77;132.77;132.77;0;0
RGBI;D;20100707;000000;132.81;132.81;132.81;132.81;0;0
RGBI;D;20100708;000000;133.03;133.03;133.03;133.03;0;0
RGBI;D;20100709;000000;132.93;132.93;132.93;132.93;0;0
RGBI;D;20100712;000000;132.92;132.92;132.92;132.92;0;0
RGBI;D;20100713;000000;132.85;132.85;132.85;132.85;0;0
RGBI;D;20100714;000000;132.8;132.8;132.8;132.8;0;0
RGBI;D;20100715;000000;132.9;132.9;132.9;132.9;0;0
RGBI;D;20100716;000000;132.83;132.83;132.83;132.83;0;0
RGBI;D;20100719;000000;132.85;132.85;132.85;132.85;0;0
RGBI;D;20100720;000000;132.83;132.83;132.83;132.83;0;0
RGBI;D;20100721;000000;132.89;132.89;132.89;132.89;0;0
RGBI;D;20100722;000000;132.95;132.95;132.95;132.95;0;0
RGBI;D;20100723;000000;133.01;133.01;133.01;133.01;0;0
RGBI;D;20100726;000000;133.03;133.03;133.03;133.03;0;0
RGBI;D;20100727;000000;133.09;133.09;133.09;133.09;0;0
RGBI;D;20100728;000000;133.07;133.07;133.07;133.07;0;0
RGBI;D;20100729;000000;132.95;132.95;132.95;132.95;0;0
RGBI;D;20100730;000000;132.94;132.94;132.94;132.94;0;0
RGBI;D;20100802;000000;132.97;132.97;132.97;132.97;0;0
RGBI;D;20100803;000000;133.05;133.05;133.05;133.05;0;0
RGBI;D;20100804;000000;133.13;133.13;133.13;133.13;0;0
RGBI;D;20100805;000000;133.05;133.05;133.05;133.05;0;0
RGBI;D;20100806;000000;132.94;132.94;132.94;132.94;0;0
RGBI;D;20100809;000000;132.88;132.88;132.88;132.88;0;0
RGBI;D;20100810;000000;132.8;132.8;132.8;132.8;0;0
RGBI;D;20100811;000000;132.8;132.8;132.8;132.8;0;0
RGBI;D;20100812;000000;132.75;132.75;132.75;132.75;0;0
RGBI;D;20100813;000000;132.67;132.67;132.67;132.67;0;0
RGBI;D;20100816;000000;132.6;132.6;132.6;132.6;0;0
RGBI;D;20100817;000000;132.48;132.48;132.48;132.48;0;0
RGBI;D;20100818;000000;132.53;132.53;132.53;132.53;0;0
RGBI;D;20100819;000000;132.55;132.55;132.55;132.55;0;0
RGBI;D;20100820;000000;132.51;132.51;132.51;132.51;0;0
RGBI;D;20100823;000000;132.41;132.41;132.41;132.41;0;0
RGBI;D;20100824;000000;132.37;132.37;132.37;132.37;0;0
RGBI;D;20100825;000000;132.27;132.27;132.27;132.27;0;0
RGBI;D;20100826;000000;132.27;132.27;132.27;132.27;0;0
RGBI;D;20100827;000000;132.36;132.36;132.36;132.36;0;0
RGBI;D;20100830;000000;132.31;132.31;132.31;132.31;0;0
RGBI;D;20100831;000000;132.33;132.33;132.33;132.33;0;0
RGBI;D;20100901;000000;132.32;132.32;132.32;132.32;0;0
RGBI;D;20100902;000000;132.26;132.26;132.26;132.26;0;0
RGBI;D;20100903;000000;131.56;131.56;131.56;131.56;0;0
RGBI;D;20100906;000000;131.58;131.58;131.58;131.58;0;0
RGBI;D;20100907;000000;131.58;131.58;131.58;131.58;0;0
RGBI;D;20100908;000000;132.14;132.14;132.14;132.14;0;0
RGBI;D;20100909;000000;132.15;132.15;132.15;132.15;0;0
RGBI;D;20100910;000000;132.28;132.28;132.28;132.28;0;0
RGBI;D;20100913;000000;132;132;132;132;0;0
RGBI;D;20100914;000000;132;132;132;132;0;0
RGBI;D;20100915;000000;131.95;131.95;131.95;131.95;0;0
RGBI;D;20100916;000000;131.64;131.64;131.64;131.64;0;0
RGBI;D;20100917;000000;131.72;131.72;131.72;131.72;0;0
RGBI;D;20100920;000000;131.72;131.72;131.72;131.72;0;0
RGBI;D;20100921;000000;131.53;131.53;131.53;131.53;0;0
RGBI;D;20100922;000000;131.76;131.76;131.76;131.76;0;0
RGBI;D;20100923;000000;131.78;131.78;131.78;131.78;0;0
RGBI;D;20100924;000000;131.78;131.78;131.78;131.78;0;0
RGBI;D;20100927;000000;131.93;131.93;131.93;131.93;0;0
RGBI;D;20100928;000000;132.08;132.08;132.08;132.08;0;0
RGBI;D;20100929;000000;132.15;132.15;132.15;132.15;0;0
RGBI;D;20100930;000000;132.32;132.32;132.32;132.32;0;0
RGBI;D;20101001;000000;132.43;132.43;132.43;132.43;0;0
RGBI;D;20101004;000000;132.48;132.48;132.48;132.48;0;0
RGBI;D;20101005;000000;132.73;132.73;132.73;132.73;0;0
RGBI;D;20101006;000000;132.86;132.86;132.86;132.86;0;0
RGBI;D;20101007;000000;132.93;132.93;132.93;132.93;0;0
RGBI;D;20101008;000000;132.85;132.85;132.85;132.85;0;0
RGBI;D;20101011;000000;132.94;132.94;132.94;132.94;0;0
RGBI;D;20101012;000000;132.94;132.94;132.94;132.94;0;0
RGBI;D;20101013;000000;132.97;132.97;132.97;132.97;0;0
RGBI;D;20101014;000000;133.02;133.02;133.02;133.02;0;0
RGBI;D;20101015;000000;132.98;132.98;132.98;132.98;0;0
RGBI;D;20101018;000000;132.95;132.95;132.95;132.95;0;0
RGBI;D;20101019;000000;132.96;132.96;132.96;132.96;0;0
RGBI;D;20101020;000000;132.88;132.88;132.88;132.88;0;0
RGBI;D;20101021;000000;132.96;132.96;132.96;132.96;0;0
RGBI;D;20101022;000000;132.8;132.8;132.8;132.8;0;0
RGBI;D;20101025;000000;132.87;132.87;132.87;132.87;0;0
RGBI;D;20101026;000000;132.83;132.83;132.83;132.83;0;0
RGBI;D;20101027;000000;132.66;132.66;132.66;132.66;0;0
RGBI;D;20101028;000000;132.55;132.55;132.55;132.55;0;0
RGBI;D;20101029;000000;132.54;132.54;132.54;132.54;0;0
RGBI;D;20101101;000000;132.45;132.45;132.45;132.45;0;0
RGBI;D;20101102;000000;132.35;132.35;132.35;132.35;0;0
RGBI;D;20101103;000000;132.42;132.42;132.42;132.42;0;0
RGBI;D;20101108;000000;132.41;132.41;132.41;132.41;0;0
RGBI;D;20101109;000000;132.41;132.41;132.41;132.41;0;0
RGBI;D;20101110;000000;132.36;132.36;132.36;132.36;0;0
RGBI;D;20101111;000000;132.36;132.36;132.36;132.36;0;0
RGBI;D;20101112;000000;132.25;132.25;132.25;132.25;0;0
RGBI;D;20101113;000000;132;132;132;132;0;0
RGBI;D;20101115;000000;132.13;132.13;132.13;132.13;0;0
RGBI;D;20101116;000000;131.71;131.71;131.71;131.71;0;0
RGBI;D;20101117;000000;131.74;131.74;131.74;131.74;0;0
RGBI;D;20101118;000000;131.76;131.76;131.76;131.76;0;0
RGBI;D;20101119;000000;131.74;131.74;131.74;131.74;0;0
RGBI;D;20101122;000000;131.69;131.69;131.69;131.69;0;0
RGBI;D;20101123;000000;131.62;131.62;131.62;131.62;0;0
RGBI;D;20101124;000000;131.45;131.45;131.45;131.45;0;0
RGBI;D;20101125;000000;131.65;131.65;131.65;131.65;0;0
RGBI;D;20101126;000000;131.53;131.53;131.53;131.53;0;0
RGBI;D;20101129;000000;131.22;131.22;131.22;131.22;0;0
RGBI;D;20101130;000000;131.08;131.08;131.08;131.08;0;0
RGBI;D;20101201;000000;131.08;131.08;131.08;131.08;0;0
RGBI;D;20101202;000000;131.26;131.26;131.26;131.26;0;0
RGBI;D;20101203;000000;131.41;131.41;131.41;131.41;0;0
RGBI;D;20101206;000000;131.51;131.51;131.51;131.51;0;0
RGBI;D;20101207;000000;131.54;131.54;131.54;131.54;0;0
RGBI;D;20101208;000000;131.42;131.42;131.42;131.42;0;0
RGBI;D;20101209;000000;131.34;131.34;131.34;131.34;0;0
RGBI;D;20101210;000000;131.23;131.23;131.23;131.23;0;0
RGBI;D;20101213;000000;130.26;130.26;130.26;130.26;0;0
RGBI;D;20101214;000000;130.24;130.24;130.24;130.24;0;0
RGBI;D;20101215;000000;130.39;130.39;130.39;130.39;0;0
RGBI;D;20101216;000000;130.5;130.5;130.5;130.5;0;0
RGBI;D;20101217;000000;130.62;130.62;130.62;130.62;0;0
RGBI;D;20101220;000000;130.77;130.77;130.77;130.77;0;0
RGBI;D;20101221;000000;130.76;130.76;130.76;130.76;0;0
RGBI;D;20101222;000000;130.65;130.65;130.65;130.65;0;0
RGBI;D;20101223;000000;130.52;130.52;130.52;130.52;0;0
RGBI;D;20101224;000000;130.49;130.49;130.49;130.49;0;0
RGBI;D;20101227;000000;130.63;130.63;130.63;130.63;0;0
RGBI;D;20101228;000000;130.77;130.77;130.77;130.77;0;0
RGBI;D;20101229;000000;130.83;130.83;130.83;130.83;0;0
RGBI;D;20101230;000000;130.67;130.67;130.67;130.67;0;0
RGBI;D;20101231;000000;130.67;130.67;130.67;130.67;0;0
RGBI;D;20110111;000000;130.53;130.53;130.53;130.53;0;0
RGBI;D;20110112;000000;130.62;130.62;130.62;130.62;0;0
RGBI;D;20110113;000000;130.75;130.75;130.75;130.75;0;0
RGBI;D;20110114;000000;130.7;130.7;130.7;130.7;0;0
RGBI;D;20110117;000000;130.74;130.74;130.74;130.74;0;0
RGBI;D;20110118;000000;130.74;130.74;130.74;130.74;0;0
RGBI;D;20110119;000000;130.81;130.81;130.81;130.81;0;0
RGBI;D;20110120;000000;130.67;130.67;130.67;130.67;0;0
RGBI;D;20110121;000000;130.72;130.72;130.72;130.72;0;0
RGBI;D;20110124;000000;130.57;130.57;130.57;130.57;0;0
RGBI;D;20110125;000000;130.58;130.58;130.58;130.58;0;0
RGBI;D;20110126;000000;130.33;130.33;130.33;130.33;0;0
RGBI;D;20110127;000000;130.19;130.19;130.19;130.19;0;0
RGBI;D;20110128;000000;130.24;130.24;130.24;130.24;0;0
RGBI;D;20110131;000000;130.43;130.43;130.43;130.43;0;0
RGBI;D;20110201;000000;130.49;130.49;130.49;130.49;0;0
RGBI;D;20110202;000000;130.38;130.38;130.38;130.38;0;0
RGBI;D;20110203;000000;130.5;130.5;130.5;130.5;0;0
RGBI;D;20110204;000000;130.58;130.58;130.58;130.58;0;0
RGBI;D;20110207;000000;130.57;130.57;130.57;130.57;0;0
RGBI;D;20110208;000000;130.55;130.55;130.55;130.55;0;0
RGBI;D;20110209;000000;130.68;130.68;130.68;130.68;0;0
RGBI;D;20110210;000000;130.76;130.76;130.76;130.76;0;0
RGBI;D;20110211;000000;130.78;130.78;130.78;130.78;0;0
RGBI;D;20110214;000000;130.76;130.76;130.76;130.76;0;0
RGBI;D;20110215;000000;130.87;130.87;130.87;130.87;0;0
RGBI;D;20110216;000000;130.9;130.9;130.9;130.9;0;0
RGBI;D;20110217;000000;130.97;130.97;130.97;130.97;0;0
RGBI;D;20110218;000000;130.88;130.88;130.88;130.88;0;0
RGBI;D;20110221;000000;130.92;130.92;130.92;130.92;0;0
RGBI;D;20110222;000000;130.81;130.81;130.81;130.81;0;0
RGBI;D;20110224;000000;130.76;130.76;130.76;130.76;0;0
RGBI;D;20110225;000000;130.72;130.72;130.72;130.72;0;0
RGBI;D;20110228;000000;130.67;130.67;130.67;130.67;0;0
RGBI;D;20110301;000000;130.84;130.84;130.84;130.84;0;0
RGBI;D;20110302;000000;130.92;130.92;130.92;130.92;0;0
RGBI;D;20110303;000000;131.11;131.11;131.11;131.11;0;0
RGBI;D;20110304;000000;131.03;131.03;131.03;131.03;0;0
RGBI;D;20110309;000000;131.03;131.03;131.03;131.03;0;0
RGBI;D;20110310;000000;131;131;131;131;0;0
RGBI;D;20110311;000000;130.95;130.95;130.95;130.95;0;0
RGBI;D;20110314;000000;130.99;130.99;130.99;130.99;0;0
RGBI;D;20110315;000000;131.05;131.05;131.05;131.05;0;0
RGBI;D;20110316;000000;131.05;131.05;131.05;131.05;0;0
RGBI;D;20110317;000000;131.23;131.23;131.23;131.23;0;0
RGBI;D;20110318;000000;131.4;131.4;131.4;131.4;0;0
RGBI;D;20110321;000000;131.46;131.46;131.46;131.46;0;0
RGBI;D;20110322;000000;131.55;131.55;131.55;131.55;0;0
RGBI;D;20110323;000000;131.5;131.5;131.5;131.5;0;0
RGBI;D;20110324;000000;131.5;131.5;131.5;131.5;0;0
RGBI;D;20110325;000000;131.57;131.57;131.57;131.57;0;0
RGBI;D;20110328;000000;131.66;131.66;131.66;131.66;0;0
RGBI;D;20110329;000000;131.66;131.66;131.66;131.66;0;0
RGBI;D;20110330;000000;131.73;131.73;131.73;131.73;0;0
RGBI;D;20110331;000000;131.86;131.86;131.86;131.86;0;0
RGBI;D;20110401;000000;132.07;132.07;132.07;132.07;0;0
RGBI;D;20110404;000000;132.33;132.33;132.33;132.33;0;0
RGBI;D;20110405;000000;132.39;132.39;132.39;132.39;0;0
RGBI;D;20110406;000000;132.48;132.48;132.48;132.48;0;0
RGBI;D;20110407;000000;132.62;132.62;132.62;132.62;0;0
RGBI;D;20110408;000000;132.62;132.62;132.62;132.62;0;0
RGBI;D;20110411;000000;132.62;132.62;132.62;132.62;0;0
RGBI;D;20110412;000000;132.52;132.52;132.52;132.52;0;0
RGBI;D;20110413;000000;132.35;132.35;132.35;132.35;0;0
RGBI;D;20110414;000000;132.19;132.19;132.19;132.19;0;0
RGBI;D;20110415;000000;132.3;132.3;132.3;132.3;0;0
RGBI;D;20110418;000000;132.22;132.22;132.22;132.22;0;0
RGBI;D;20110419;000000;131.97;131.97;131.97;131.97;0;0
RGBI;D;20110420;000000;132.19;132.19;132.19;132.19;0;0
RGBI;D;20110421;000000;132.12;132.12;132.12;132.12;0;0
RGBI;D;20110422;000000;132.14;132.14;132.14;132.14;0;0
RGBI;D;20110425;000000;132.2;132.2;132.2;132.2;0;0
RGBI;D;20110426;000000;132.18;132.18;132.18;132.18;0;0
RGBI;D;20110427;000000;132.08;132.08;132.08;132.08;0;0
RGBI;D;20110428;000000;132.2;132.2;132.2;132.2;0;0
RGBI;D;20110429;000000;132.07;132.07;132.07;132.07;0;0
RGBI;D;20110503;000000;131.92;131.92;131.92;131.92;0;0
RGBI;D;20110504;000000;131.9;131.9;131.9;131.9;0;0
RGBI;D;20110505;000000;131.71;131.71;131.71;131.71;0;0
RGBI;D;20110506;000000;131.64;131.64;131.64;131.64;0;0
RGBI;D;20110510;000000;131.62;131.62;131.62;131.62;0;0
RGBI;D;20110511;000000;131.68;131.68;131.68;131.68;0;0
RGBI;D;20110512;000000;131.58;131.58;131.58;131.58;0;0
RGBI;D;20110513;000000;131.52;131.52;131.52;131.52;0;0
RGBI;D;20110516;000000;131.47;131.47;131.47;131.47;0;0
RGBI;D;20110517;000000;131.38;131.38;131.38;131.38;0;0
RGBI;D;20110518;000000;131.44;131.44;131.44;131.44;0;0
RGBI;D;20110519;000000;131.53;131.53;131.53;131.53;0;0
RGBI;D;20110520;000000;131.55;131.55;131.55;131.55;0;0
RGBI;D;20110523;000000;131.47;131.47;131.47;131.47;0;0
RGBI;D;20110524;000000;131.48;131.48;131.48;131.48;0;0
RGBI;D;20110525;000000;131.41;131.41;131.41;131.41;0;0
RGBI;D;20110526;000000;131.5;131.5;131.5;131.5;0;0
RGBI;D;20110527;000000;131.48;131.48;131.48;131.48;0;0
RGBI;D;20110530;000000;131.36;131.36;131.36;131.36;0;0
RGBI;D;20110531;000000;131.37;131.37;131.37;131.37;0;0
RGBI;D;20110601;000000;131.53;131.53;131.53;131.53;0;0
RGBI;D;20110602;000000;131.44;131.44;131.44;131.44;0;0
RGBI;D;20110603;000000;131.56;131.56;131.56;131.56;0;0
RGBI;D;20110606;000000;131.58;131.58;131.58;131.58;0;0
RGBI;D;20110607;000000;131.66;131.66;131.66;131.66;0;0
RGBI;D;20110608;000000;131.6;131.6;131.6;131.6;0;0
RGBI;D;20110609;000000;131.75;131.75;131.75;131.75;0;0
RGBI;D;20110610;000000;131.79;131.79;131.79;131.79;0;0
RGBI;D;20110614;000000;131.86;131.86;131.86;131.86;0;0
RGBI;D;20110615;000000;131.79;131.79;131.79;131.79;0;0
RGBI;D;20110616;000000;131.63;131.63;131.63;131.63;0;0
RGBI;D;20110617;000000;131.62;131.62;131.62;131.62;0;0
RGBI;D;20110620;000000;131.53;131.53;131.53;131.53;0;0
RGBI;D;20110621;000000;131.6;131.6;131.6;131.6;0;0
RGBI;D;20110622;000000;131.63;131.63;131.63;131.63;0;0
RGBI;D;20110623;000000;131.55;131.55;131.55;131.55;0;0
RGBI;D;20110624;000000;131.57;131.57;131.57;131.57;0;0
RGBI;D;20110627;000000;131.5;131.5;131.5;131.5;0;0
RGBI;D;20110628;000000;131.67;131.67;131.67;131.67;0;0
RGBI;D;20110629;000000;131.78;131.78;131.78;131.78;0;0
RGBI;D;20110630;000000;131.9;131.9;131.9;131.9;0;0
RGBI;D;20110701;000000;132.19;132.19;132.19;132.19;0;0
RGBI;D;20110704;000000;132.27;132.27;132.27;132.27;0;0
RGBI;D;20110705;000000;132.29;132.29;132.29;132.29;0;0
RGBI;D;20110706;000000;132.5;132.5;132.5;132.5;0;0
RGBI;D;20110707;000000;132.74;132.74;132.74;132.74;0;0
RGBI;D;20110708;000000;133.03;133.03;133.03;133.03;0;0
RGBI;D;20110711;000000;132.62;132.62;132.62;132.62;0;0
RGBI;D;20110712;000000;132.46;132.46;132.46;132.46;0;0
RGBI;D;20110713;000000;132.63;132.63;132.63;132.63;0;0
RGBI;D;20110714;000000;132.74;132.74;132.74;132.74;0;0
RGBI;D;20110715;000000;132.78;132.78;132.78;132.78;0;0
RGBI;D;20110718;000000;132.8;132.8;132.8;132.8;0;0
RGBI;D;20110719;000000;132.83;132.83;132.83;132.83;0;0
RGBI;D;20110720;000000;132.86;132.86;132.86;132.86;0;0
RGBI;D;20110721;000000;132.81;132.81;132.81;132.81;0;0
RGBI;D;20110722;000000;132.89;132.89;132.89;132.89;0;0
RGBI;D;20110725;000000;132.97;132.97;132.97;132.97;0;0
RGBI;D;20110726;000000;133;133;133;133;0;0
RGBI;D;20110727;000000;132.98;132.98;132.98;132.98;0;0
RGBI;D;20110728;000000;132.92;132.92;132.92;132.92;0;0
RGBI;D;20110729;000000;133.03;133.03;133.03;133.03;0;0
RGBI;D;20110801;000000;133.29;133.29;133.29;133.29;0;0
RGBI;D;20110802;000000;133.46;133.46;133.46;133.46;0;0
RGBI;D;20110803;000000;133.49;133.49;133.49;133.49;0;0
RGBI;D;20110804;000000;133.13;133.13;133.13;133.13;0;0
RGBI;D;20110805;000000;132.46;132.46;132.46;132.46;0;0
RGBI;D;20110808;000000;132.28;132.28;132.28;132.28;0;0
RGBI;D;20110809;000000;130.7;130.7;130.7;130.7;0;0
RGBI;D;20110810;000000;131.57;131.57;131.57;131.57;0;0
RGBI;D;20110811;000000;130.95;130.95;130.95;130.95;0;0
RGBI;D;20110812;000000;131.2;131.2;131.2;131.2;0;0
RGBI;D;20110815;000000;131.54;131.54;131.54;131.54;0;0
RGBI;D;20110816;000000;131.46;131.46;131.46;131.46;0;0
RGBI;D;20110817;000000;131.72;131.72;131.72;131.72;0;0
RGBI;D;20110818;000000;131.62;131.62;131.62;131.62;0;0
RGBI;D;20110819;000000;131.16;131.16;131.16;131.16;0;0
RGBI;D;20110822;000000;131.31;131.31;131.31;131.31;0;0
RGBI;D;20110823;000000;131.45;131.45;131.45;131.45;0;0
RGBI;D;20110824;000000;131.29;131.29;131.29;131.29;0;0
RGBI;D;20110825;000000;131.13;131.13;131.13;131.13;0;0
RGBI;D;20110826;000000;131.08;131.08;131.08;131.08;0;0
RGBI;D;20110829;000000;131.34;131.34;131.34;131.34;0;0
RGBI;D;20110830;000000;131.54;131.54;131.54;131.54;0;0
RGBI;D;20110831;000000;131.57;131.57;131.57;131.57;0;0
RGBI;D;20110901;000000;131.45;131.45;131.45;131.45;0;0
RGBI;D;20110902;000000;131.55;131.55;131.55;131.55;0;0
RGBI;D;20110905;000000;131.19;131.19;131.19;131.19;0;0
RGBI;D;20110906;000000;131.24;131.24;131.24;131.24;0;0
RGBI;D;20110907;000000;131.28;131.28;131.28;131.28;0;0
RGBI;D;20110908;000000;131.41;131.41;131.41;131.41;0;0
RGBI;D;20110909;000000;131.33;131.33;131.33;131.33;0;0
RGBI;D;20110912;000000;131.3;131.3;131.3;131.3;0;0
RGBI;D;20110913;000000;131.19;131.19;131.19;131.19;0;0
RGBI;D;20110914;000000;131.03;131.03;131.03;131.03;0;0
RGBI;D;20110915;000000;130.5;130.5;130.5;130.5;0;0
RGBI;D;20110916;000000;130.44;130.44;130.44;130.44;0;0
RGBI;D;20110919;000000;129.84;129.84;129.84;129.84;0;0
RGBI;D;20110920;000000;129.36;129.36;129.36;129.36;0;0
RGBI;D;20110921;000000;129.55;129.55;129.55;129.55;0;0
RGBI;D;20110922;000000;128.72;128.72;128.72;128.72;0;0
RGBI;D;20110923;000000;127.39;127.39;127.39;127.39;0;0
RGBI;D;20110926;000000;126.35;126.35;126.35;126.35;0;0
RGBI;D;20110927;000000;126.84;126.84;126.84;126.84;0;0
RGBI;D;20110928;000000;128.19;128.19;128.19;128.19;0;0
RGBI;D;20110929;000000;128.26;128.26;128.26;128.26;0;0
RGBI;D;20110930;000000;128.65;128.65;128.65;128.65;0;0
RGBI;D;20111003;000000;127.6;127.6;127.6;127.6;0;0
RGBI;D;20111004;000000;126.69;126.69;126.69;126.69;0;0
RGBI;D;20111005;000000;126.61;126.61;126.61;126.61;0;0
RGBI;D;20111006;000000;127.41;127.41;127.41;127.41;0;0
RGBI;D;20111007;000000;127.9;127.9;127.9;127.9;0;0
RGBI;D;20111010;000000;128.27;128.27;128.27;128.27;0;0
RGBI;D;20111011;000000;128.43;128.43;128.43;128.43;0;0
RGBI;D;20111012;000000;128.61;128.61;128.61;128.61;0;0
RGBI;D;20111013;000000;128.34;128.34;128.34;128.34;0;0
RGBI;D;20111014;000000;128.34;128.34;128.34;128.34;0;0
RGBI;D;20111017;000000;128.49;128.49;128.49;128.49;0;0
RGBI;D;20111018;000000;128.05;128.05;128.05;128.05;0;0
RGBI;D;20111019;000000;128.24;128.24;128.24;128.24;0;0
RGBI;D;20111020;000000;128.12;128.12;128.12;128.12;0;0
RGBI;D;20111021;000000;128.16;128.16;128.16;128.16;0;0
RGBI;D;20111024;000000;128.37;128.37;128.37;128.37;0;0
RGBI;D;20111025;000000;128.62;128.62;128.62;128.62;0;0
RGBI;D;20111026;000000;128.77;128.77;128.77;128.77;0;0
RGBI;D;20111027;000000;129.71;129.71;129.71;129.71;0;0
RGBI;D;20111028;000000;130.05;130.05;130.05;130.05;0;0
RGBI;D;20111031;000000;129.52;129.52;129.52;129.52;0;0
RGBI;D;20111101;000000;128.87;128.87;128.87;128.87;0;0
RGBI;D;20111102;000000;128.94;128.94;128.94;128.94;0;0
RGBI;D;20111103;000000;129.07;129.07;129.07;129.07;0;0
RGBI;D;20111107;000000;129.18;129.18;129.18;129.18;0;0
RGBI;D;20111108;000000;129.26;129.26;129.26;129.26;0;0
RGBI;D;20111109;000000;129.33;129.33;129.33;129.33;0;0
RGBI;D;20111110;000000;128.93;128.93;128.93;128.93;0;0
RGBI;D;20111111;000000;129.01;129.01;129.01;129.01;0;0
RGBI;D;20111114;000000;129.13;129.13;129.13;129.13;0;0
RGBI;D;20111115;000000;128.81;128.81;128.81;128.81;0;0
RGBI;D;20111116;000000;128.79;128.79;128.79;128.79;0;0
RGBI;D;20111117;000000;128.64;128.64;128.64;128.64;0;0
RGBI;D;20111118;000000;128.55;128.55;128.55;128.55;0;0
RGBI;D;20111121;000000;128.39;128.39;128.39;128.39;0;0
RGBI;D;20111122;000000;128.36;128.36;128.36;128.36;0;0
RGBI;D;20111123;000000;128.19;128.19;128.19;128.19;0;0
RGBI;D;20111124;000000;128.21;128.21;128.21;128.21;0;0
RGBI;D;20111125;000000;128.11;128.11;128.11;128.11;0;0
RGBI;D;20111128;000000;128.27;128.27;128.27;128.27;0;0
RGBI;D;20111129;000000;128.41;128.41;128.41;128.41;0;0
RGBI;D;20111130;000000;128.74;128.74;128.74;128.74;0;0
RGBI;D;20111201;000000;129.17;129.17;129.17;129.17;0;0
RGBI;D;20111202;000000;129.39;129.39;129.39;129.39;0;0
RGBI;D;20111205;000000;129.49;129.49;129.49;129.49;0;0
RGBI;D;20111206;000000;129.58;129.58;129.58;129.58;0;0
RGBI;D;20111207;000000;129.66;129.66;129.66;129.66;0;0
RGBI;D;20111208;000000;129.52;129.52;129.52;129.52;0;0
RGBI;D;20111209;000000;129.32;129.32;129.32;129.32;0;0
RGBI;D;20111212;000000;129.14;129.14;129.14;129.14;0;0
RGBI;D;20111213;000000;129.01;129.01;129.01;129.01;0;0
RGBI;D;20111214;000000;128.93;128.93;128.93;128.93;0;0
RGBI;D;20111215;000000;128.92;128.92;128.92;128.92;0;0
RGBI;D;20111216;000000;128.9;128.9;128.9;128.9;0;0
RGBI;D;20111219;000000;128.81;128.81;128.81;128.81;0;0
RGBI;D;20111220;000000;128.95;128.95;128.95;128.95;0;0
RGBI;D;20111221;000000;128.8;128.8;128.8;128.8;0;0
RGBI;D;20111222;000000;128.85;128.85;128.85;128.85;0;0
RGBI;D;20111223;000000;128.91;128.91;128.91;128.91;0;0
RGBI;D;20111226;000000;129;129;129;129;0;0
RGBI;D;20111227;000000;128.97;128.97;128.97;128.97;0;0
RGBI;D;20111228;000000;129.05;129.05;129.05;129.05;0;0
RGBI;D;20111229;000000;129.05;129.05;129.05;129.05;0;0
RGBI;D;20111230;000000;129.12;129.12;129.12;129.12;0;0
RGBI;D;20120103;000000;129.1;129.1;129.1;129.1;0;0
RGBI;D;20120104;000000;129.11;129.11;129.11;129.11;0;0
RGBI;D;20120105;000000;129.12;129.12;129.12;129.12;0;0
RGBI;D;20120106;000000;129.14;129.14;129.14;129.14;0;0
RGBI;D;20120109;000000;129.17;129.17;129.17;129.17;0;0
RGBI;D;20120110;000000;129.24;129.24;129.24;129.24;0;0
RGBI;D;20120111;000000;129.34;129.34;129.34;129.34;0;0
RGBI;D;20120112;000000;129.61;129.61;129.61;129.61;0;0
RGBI;D;20120113;000000;129.57;129.57;129.57;129.57;0;0
RGBI;D;20120116;000000;129.56;129.56;129.56;129.56;0;0
RGBI;D;20120117;000000;129.78;129.78;129.78;129.78;0;0
RGBI;D;20120118;000000;129.8;129.8;129.8;129.8;0;0
RGBI;D;20120119;000000;129.82;129.82;129.82;129.82;0;0
RGBI;D;20120120;000000;129.93;129.93;129.93;129.93;0;0
RGBI;D;20120123;000000;129.86;129.86;129.86;129.86;0;0
RGBI;D;20120124;000000;129.72;129.72;129.72;129.72;0;0
RGBI;D;20120125;000000;129.89;129.89;129.89;129.89;0;0
RGBI;D;20120126;000000;130.08;130.08;130.08;130.08;0;0
RGBI;D;20120127;000000;130.4;130.4;130.4;130.4;0;0
RGBI;D;20120130;000000;130.35;130.35;130.35;130.35;0;0
RGBI;D;20120131;000000;130.62;130.62;130.62;130.62;0;0
RGBI;D;20120201;000000;130.82;130.82;130.82;130.82;0;0
RGBI;D;20120202;000000;131.18;131.18;131.18;131.18;0;0
RGBI;D;20120203;000000;131.55;131.55;131.55;131.55;0;0
RGBI;D;20120206;000000;131.78;131.78;131.78;131.78;0;0
RGBI;D;20120207;000000;131.97;131.97;131.97;131.97;0;0
RGBI;D;20120208;000000;132.11;132.11;132.11;132.11;0;0
RGBI;D;20120209;000000;131.79;131.79;131.79;131.79;0;0
RGBI;D;20120210;000000;131.55;131.55;131.55;131.55;0;0
RGBI;D;20120213;000000;131.65;131.65;131.65;131.65;0;0
RGBI;D;20120214;000000;131.68;131.68;131.68;131.68;0;0
RGBI;D;20120215;000000;131.77;131.77;131.77;131.77;0;0
RGBI;D;20120216;000000;131.78;131.78;131.78;131.78;0;0
RGBI;D;20120217;000000;131.81;131.81;131.81;131.81;0;0
RGBI;D;20120220;000000;131.56;131.56;131.56;131.56;0;0
RGBI;D;20120221;000000;131.71;131.71;131.71;131.71;0;0
RGBI;D;20120222;000000;131.62;131.62;131.62;131.62;0;0
RGBI;D;20120224;000000;131.69;131.69;131.69;131.69;0;0
RGBI;D;20120227;000000;131.82;131.82;131.82;131.82;0;0
RGBI;D;20120228;000000;131.72;131.72;131.72;131.72;0;0
RGBI;D;20120229;000000;131.9;131.9;131.9;131.9;0;0
RGBI;D;20120301;000000;131.88;131.88;131.88;131.88;0;0
RGBI;D;20120302;000000;131.88;131.88;131.88;131.88;0;0
RGBI;D;20120305;000000;131.93;131.99;131.87;131.88;1213700576;0
RGBI;D;20120306;000000;131.87;131.88;131.77;131.77;2662382469;0
RGBI;D;20120307;000000;131.76;131.77;131.63;131.64;212396913;0
RGBI;D;20120311;000000;131.57;131.71;131.57;131.71;81536797;0
RGBI;D;20120312;000000;131.75;131.83;131.69;131.82;2108034264;0
RGBI;D;20120313;000000;131.9;132.01;131.82;132.01;5660111646;0
RGBI;D;20120314;000000;131.97;132.2;131.97;132.2;1897507655;0
RGBI;D;20120315;000000;132.05;132.24;131.81;132.18;1087120890;0
RGBI;D;20120316;000000;132.28;132.28;132.14;132.26;1633968283;0
RGBI;D;20120319;000000;132.21;132.21;131.81;132.06;560998177;0
RGBI;D;20120320;000000;132.26;132.41;131.99;132;1592134142;0
RGBI;D;20120321;000000;132.03;132.28;131.94;131.95;3016625022;0
RGBI;D;20120322;000000;132.01;132.17;131.88;131.88;4937288484;0
RGBI;D;20120323;000000;131.9;131.95;131.84;131.85;866670247;0
RGBI;D;20120326;000000;131.88;131.92;131.83;131.92;1001816106;0
RGBI;D;20120327;000000;131.98;131.98;131.91;131.94;2123447685;0
RGBI;D;20120328;000000;132.11;132.11;131.8;131.98;1765963975;0
RGBI;D;20120329;000000;132.09;132.1;131.94;132.08;937966737;0
RGBI;D;20120330;000000;132.09;132.46;132.03;132.03;1102121395;0
RGBI;D;20120402;000000;132.03;132.07;131.9;132.07;1112847811;0
RGBI;D;20120403;000000;132.14;132.17;132.02;132.07;1132300974;0
RGBI;D;20120404;000000;131.96;133.47;131.85;131.91;1585009421;0
RGBI;D;20120405;000000;131.95;132.03;131.9;131.9;6584582407;0
RGBI;D;20120406;000000;131.79;131.9;131.79;131.8;4198913121;0
RGBI;D;20120409;000000;131.71;131.73;131.57;131.57;1223254104;0
RGBI;D;20120410;000000;131.57;131.57;131.35;131.35;3138807490;0
RGBI;D;20120411;000000;131.43;131.43;131.22;131.29;1199166743;0
RGBI;D;20120412;000000;131.41;131.52;131.33;131.33;1413260177;0
RGBI;D;20120413;000000;131.25;131.36;131.25;131.28;1313699838;0
RGBI;D;20120416;000000;131.33;131.46;131.22;131.22;581995471;0
RGBI;D;20120417;000000;131.24;131.36;131.24;131.36;591496110;0
RGBI;D;20120418;000000;131.33;131.52;131.33;131.52;730845096;0
RGBI;D;20120419;000000;131.46;131.46;131.39;131.4;587600844;0
RGBI;D;20120420;000000;131.38;131.57;131.32;131.57;1794635221;0
RGBI;D;20120423;000000;131.3;131.59;131.3;131.44;1071335025;0
RGBI;D;20120424;000000;131.44;131.44;131.27;131.31;1674084855;0
RGBI;D;20120425;000000;131.34;131.46;131.33;131.41;602088221;0
RGBI;D;20120426;000000;131.41;131.5;131.4;131.47;1488460119;0
RGBI;D;20120427;000000;131.48;131.53;131.39;131.44;800940275;0
RGBI;D;20120428;000000;131.55;131.71;131.55;131.59;884265976;0
RGBI;D;20120502;000000;131.56;131.56;131.47;131.53;270367826;0
RGBI;D;20120503;000000;131.56;131.58;131.49;131.57;1110796652;0
RGBI;D;20120504;000000;131.59;131.63;131.52;131.53;989904658;0
RGBI;D;20120505;000000;131.54;131.54;131.32;131.33;274934025;0
RGBI;D;20120507;000000;131.42;131.42;131.42;131.42;1007;0
RGBI;D;20120508;000000;131.42;131.42;131.42;131.42;1007;0
RGBI;D;20120510;000000;131.35;131.35;131.2;131.2;324853353;0
RGBI;D;20120511;000000;131.3;131.3;131;131.02;711997161;0
RGBI;D;20120512;000000;131.16;131.32;131.12;131.14;59513403;0
RGBI;D;20120514;000000;131.1;131.1;130.47;130.47;1243333015;0
RGBI;D;20120515;000000;130.69;130.75;130.35;130.35;1159100258;0
RGBI;D;20120516;000000;130.62;130.62;129.68;129.69;1362506343;0
RGBI;D;20120517;000000;129.64;130.08;129.17;129.17;1581343458;0
RGBI;D;20120518;000000;129.66;129.86;128.78;128.85;1214778399;0
RGBI;D;20120521;000000;128.86;129.13;128.86;129.02;1538628620;0
RGBI;D;20120522;000000;129.11;129.3;128.95;129.3;1333920739;0
RGBI;D;20120523;000000;129.73;129.84;128.73;128.73;2234208137;0
RGBI;D;20120524;000000;128.74;128.79;128.42;128.51;2251396914;0
RGBI;D;20120525;000000;128.53;128.7;128.53;128.61;1393979473;0
RGBI;D;20120528;000000;129.21;129.21;128.52;128.62;770561167;0
RGBI;D;20120529;000000;128.83;128.84;128.62;128.69;1295186443;0
RGBI;D;20120530;000000;128.8;129;128.61;128.61;1285150971;0
RGBI;D;20120531;000000;128.79;128.88;128.15;128.22;1822327007;0
RGBI;D;20120601;000000;128.1;128.1;127.36;127.39;3004183470;0
RGBI;D;20120604;000000;127.65;127.8;127.61;127.78;1107627107;0
RGBI;D;20120605;000000;127.98;128.32;127.83;127.95;2364634562;0
RGBI;D;20120606;000000;127.81;128.72;127.81;128.71;1994656970;0
RGBI;D;20120607;000000;128.47;129.1;128.15;129.1;4070662228;0
RGBI;D;20120608;000000;128.73;129.2;128.61;128.63;1281938641;0
RGBI;D;20120609;000000;128.82;128.91;128.82;128.9;23060305;0
RGBI;D;20120613;000000;128.84;129.01;128.52;128.52;704475228;0
RGBI;D;20120614;000000;128.48;128.74;128.43;128.43;693602311;0
RGBI;D;20120615;000000;128.4;128.9;128.4;128.87;1217832331;0
RGBI;D;20120618;000000;128.91;129.33;128.87;128.88;1597772121;0
RGBI;D;20120619;000000;128.81;128.84;128.67;128.68;1527815058;0
RGBI;D;20120620;000000;128.81;128.98;128.59;128.61;1687636714;0
RGBI;D;20120621;000000;128.72;128.79;128.34;128.44;1519042628;0
RGBI;D;20120622;000000;128.42;128.61;128.39;128.39;968888278;0
RGBI;D;20120625;000000;128.52;128.6;128.35;128.37;1875307746;0
RGBI;D;20120626;000000;128.48;128.48;128.26;128.29;972660308;0
RGBI;D;20120627;000000;128.32;128.43;128.29;128.39;1240447500;0
RGBI;D;20120628;000000;128.51;128.51;128.17;128.32;1114146183;0
RGBI;D;20120629;000000;128.35;128.81;128.35;128.81;3368280420;0
RGBI;D;20120702;000000;128.76;129.59;128.76;129.59;3004988582;0
RGBI;D;20120703;000000;129.61;130;127.89;130;1331423947;0
RGBI;D;20120704;000000;129.81;130.36;129.38;130.36;1594537788;0
RGBI;D;20120705;000000;130.2;130.37;129.96;130.33;2674059275;0
RGBI;D;20120706;000000;129.97;130.25;129.92;130.16;2752699485;0
RGBI;D;20120709;000000;130.11;130.29;130.07;130.15;468026170;0
RGBI;D;20120710;000000;129.92;130.15;129.88;130.15;1135776280;0
RGBI;D;20120711;000000;130.08;130.18;130.04;130.17;557148383;0
RGBI;D;20120712;000000;130.14;130.49;129.98;130.48;1688991969;0
RGBI;D;20120713;000000;130.36;130.93;129.87;130.93;3113382576;0
RGBI;D;20120716;000000;130.94;131.64;129.92;131.64;1541929130;0
RGBI;D;20120717;000000;131.59;131.99;131.09;131.99;7880122440;0
RGBI;D;20120718;000000;131.82;132.08;131.62;132.06;2415243166;0
RGBI;D;20120719;000000;132.06;132.22;131.78;131.78;3502099639;0
RGBI;D;20120720;000000;132.11;132.11;131.17;131.58;5084531960;0
RGBI;D;20120723;000000;131.6;131.63;130.64;130.64;2912890472;0
RGBI;D;20120724;000000;130.74;130.93;130.6;130.64;1621295585;0
RGBI;D;20120725;000000;130.62;130.62;130.19;130.5;1200947530;0
RGBI;D;20120726;000000;130.65;130.94;130.32;130.94;1808854984;0
RGBI;D;20120727;000000;131.12;131.24;130.91;131.24;1707916898;0
RGBI;D;20120730;000000;131.37;131.43;131.2;131.4;1253624536;0
RGBI;D;20120731;000000;131.33;131.47;131.26;131.41;1069863120;0
RGBI;D;20120801;000000;131.44;131.57;131.31;131.57;3848353701;0
RGBI;D;20120802;000000;131.58;131.58;131.44;131.5;2391737477;0
RGBI;D;20120803;000000;131.44;131.59;131.44;131.59;2809760688;0
RGBI;D;20120806;000000;131.57;131.95;131.38;131.95;3321497329;0
RGBI;D;20120807;000000;131.96;132.19;131.84;132.15;2770585194;0
RGBI;D;20120808;000000;132.14;132.14;131.84;132.04;6590897300;0
RGBI;D;20120809;000000;132.05;132.11;131.99;131.99;2682044795;0
RGBI;D;20120810;000000;132;132.04;131.67;131.71;970844334;0
RGBI;D;20120813;000000;131.67;131.7;131.45;131.68;227290602;0
RGBI;D;20120814;000000;131.69;131.86;131.69;131.86;1241321642;0
RGBI;D;20120815;000000;131.94;131.95;131.69;131.69;949650582;0
RGBI;D;20120816;000000;131.7;131.76;131.68;131.76;1305255586;0
RGBI;D;20120817;000000;131.86;131.91;131.76;131.77;602244837;0
RGBI;D;20120820;000000;131.74;131.75;131.71;131.73;414213810;0
RGBI;D;20120821;000000;131.74;131.88;131.71;131.88;599110483;0
RGBI;D;20120822;000000;131.95;132;131.85;131.89;1395049293;0
RGBI;D;20120823;000000;131.83;132.08;131.81;132.07;1193502052;0
RGBI;D;20120824;000000;132.07;132.07;131.92;131.96;883369914;0
RGBI;D;20120827;000000;131.98;132.02;131.94;132.02;233626123;0
RGBI;D;20120828;000000;132.01;132.01;131.91;131.96;661218283;0
RGBI;D;20120829;000000;131.95;132.03;131.95;132.02;1062069523;0
RGBI;D;20120830;000000;132.05;132.05;131.92;131.95;1257080436;0
RGBI;D;20120831;000000;131.96;132;131.95;132;1051194208;0
RGBI;D;20120903;000000;131.98;132.06;131.97;132.06;1353327895;0
RGBI;D;20120904;000000;132.08;132.34;132.08;132.34;4063741556;0
RGBI;D;20120905;000000;132.24;132.39;132.24;132.36;1163103963;0
RGBI;D;20120906;000000;132.3;132.51;132.22;132.51;1994374081;0
RGBI;D;20120907;000000;132.43;132.58;132.27;132.57;2244882994;0
RGBI;D;20120910;000000;132.54;132.54;132.28;132.39;1349517682;0
RGBI;D;20120911;000000;132.34;132.51;132.29;132.49;1112153168;0
RGBI;D;20120912;000000;132.4;132.54;132.25;132.53;1550425741;0
RGBI;D;20120913;000000;132.45;132.49;132.1;132.42;2449741020;0
RGBI;D;20120914;000000;132.46;132.66;132.4;132.6;5708718298;0
RGBI;D;20120917;000000;132.51;132.6;132.46;132.5;716558342;0
RGBI;D;20120918;000000;132.53;132.53;132.38;132.38;1761574398;0
RGBI;D;20120919;000000;132.41;132.46;132.31;132.31;1893177609;0
RGBI;D;20120920;000000;132.37;132.67;132.18;132.19;1014149486;0
RGBI;D;20120921;000000;132.23;132.34;132.16;132.33;3536262966;0
RGBI;D;20120924;000000;132.36;132.45;132.21;132.21;3418588763;0
RGBI;D;20120925;000000;132.22;132.27;132.22;132.27;1285749847;0
RGBI;D;20120926;000000;132.28;132.33;132.15;132.25;4255706545;0
RGBI;D;20120927;000000;132.25;132.31;132.23;132.31;2659709084;0
RGBI;D;20120928;000000;132.35;132.4;132.26;132.4;1184413230;0
RGBI;D;20121001;000000;132.32;132.54;132.14;132.38;1041888638;0
RGBI;D;20121002;000000;132.39;132.39;132.3;132.35;2114634621;0
RGBI;D;20121003;000000;132.17;133.22;132.17;132.48;839589927;0
RGBI;D;20121004;000000;132.38;132.63;132.38;132.63;3359751378;0
RGBI;D;20121005;000000;132.37;132.9;132.37;132.9;5691266048;0
RGBI;D;20121008;000000;132.82;132.91;132.82;132.9;1270879440;0
RGBI;D;20121009;000000;132.87;133.29;132.87;133.06;4518669247;0
RGBI;D;20121010;000000;132.9;133.18;132.86;133.18;7143411097;0
RGBI;D;20121011;000000;133.16;133.37;133.12;133.37;5225918753;0
RGBI;D;20121012;000000;133.53;133.69;133.35;133.69;6044051268;0
RGBI;D;20121015;000000;133.56;133.85;133.42;133.85;4379698266;0
RGBI;D;20121016;000000;133.84;134.17;133.6;134.17;5240766220;0
RGBI;D;20121017;000000;134.28;134.44;134.03;134.41;5715916582;0
RGBI;D;20121018;000000;134.41;134.48;133.96;134.38;2323207831;0
RGBI;D;20121019;000000;134.39;134.44;134.36;134.44;3856490511;0
RGBI;D;20121022;000000;134.64;134.66;134.46;134.65;2426438102;0
RGBI;D;20121023;000000;134.84;134.87;134.34;134.34;3974465396;0
RGBI;D;20121024;000000;134.35;134.44;134.09;134.22;2660250764;0
RGBI;D;20121025;000000;134.14;134.41;134.14;134.36;1074239577;0
RGBI;D;20121026;000000;134.61;134.61;134.24;134.28;644971760;0
RGBI;D;20121029;000000;134.31;134.31;134.21;134.23;539681341;0
RGBI;D;20121030;000000;134.14;135.23;134.14;134.25;1363841606;0
RGBI;D;20121031;000000;134.16;134.38;134.15;134.37;1966546623;0
RGBI;D;20121101;000000;134.41;135.3;134.14;134.72;1978240374;0
RGBI;D;20121102;000000;134.67;134.74;134.44;134.52;603355810;0
RGBI;D;20121106;000000;134.47;134.58;134.45;134.58;552009305;0
RGBI;D;20121107;000000;134.46;135.24;134.35;134.54;2901121537;0
RGBI;D;20121108;000000;134.45;134.56;134.34;134.56;2229561846;0
RGBI;D;20121109;000000;134.46;134.64;134.19;134.6;847428578;0
RGBI;D;20121112;000000;134.6;134.94;134.29;134.63;962462763;0
RGBI;D;20121113;000000;134.55;134.65;134.55;134.58;857845213;0
RGBI;D;20121114;000000;134.58;134.59;134.54;134.55;1305416789;0
RGBI;D;20121115;000000;134.51;134.56;134.51;134.56;1209639458;0
RGBI;D;20121116;000000;134.55;134.61;134.5;134.6;1193017307;0
RGBI;D;20121119;000000;134.59;135.65;134.59;134.99;3361185190;0
RGBI;D;20121120;000000;134.34;135.27;134.15;135.21;2636936304;0
RGBI;D;20121121;000000;135.06;136.06;134.67;135.88;1822742477;0
RGBI;D;20121122;000000;135.78;136.32;135.64;136.25;5607223434;0
RGBI;D;20121123;000000;136.33;136.4;135.92;136.25;1917998328;0
RGBI;D;20121126;000000;136.25;136.29;136.2;136.2;723473762;0
RGBI;D;20121127;000000;135.33;136.22;134.95;136.22;1556518845;0
RGBI;D;20121128;000000;135.84;136.24;135.41;136.2;1542006624;0
RGBI;D;20121129;000000;136.17;136.59;136.09;136.59;1005843617;0
RGBI;D;20121130;000000;136.35;136.94;136.22;136.93;1587375365;0
RGBI;D;20121203;000000;136.54;138;136.54;137.42;1670013803;0
RGBI;D;20121204;000000;137.31;137.64;137.3;137.63;1294629701;0
RGBI;D;20121205;000000;137.3;137.63;137.3;137.62;898704000;0
RGBI;D;20121206;000000;137.6;137.61;137.44;137.44;1467504807;0
RGBI;D;20121207;000000;137.59;137.6;137.42;137.51;1827973378;0
RGBI;D;20121210;000000;137.56;137.91;137.51;137.91;1733039646;0
RGBI;D;20121211;000000;137.74;138;137.6;137.92;1131098452;0
RGBI;D;20121212;000000;138.1;138.45;138.05;138.43;897487990;0
RGBI;D;20121213;000000;138.51;138.56;138.15;138.17;1079057993;0
RGBI;D;20121214;000000;138.1;138.33;137.95;138.33;1132030236;0
RGBI;D;20121217;000000;139.39;139.39;138.12;138.26;575285584;0
RGBI;D;20121218;000000;138.3;138.3;137.78;138.25;1664983308;0
RGBI;D;20121219;000000;138.29;138.29;136.99;138.08;923617543;0
RGBI;D;20121220;000000;138;138.06;137.96;138.02;2617480939;0
RGBI;D;20121221;000000;138.03;138.03;137.9;137.99;436895842;0
RGBI;D;20121224;000000;138.02;138.1;137.99;137.99;1019770328;0
RGBI;D;20121225;000000;137.94;137.94;137.8;137.89;2230794811;0
RGBI;D;20121226;000000;137.88;137.97;137.88;137.94;921527037;0
RGBI;D;20121227;000000;138;138.01;137.9;137.93;817910245;0
RGBI;D;20121228;000000;137.84;138.04;137.84;138.04;2261144104;0
RGBI;D;20130108;000000;138.03;138.03;137.82;137.82;7258;0
RGBI;D;20130109;000000;137.43;138.55;137.34;138.55;1304425877;0
RGBI;D;20130110;000000;138.71;139.82;138.7;139.82;2935642331;0
RGBI;D;20130111;000000;139.84;139.89;139.09;139.53;2074186016;0
RGBI;D;20130114;000000;139.43;139.58;139.43;139.57;1381385415;0
RGBI;D;20130115;000000;139.62;139.65;139.41;139.46;1398625441;0
RGBI;D;20130116;000000;139.31;139.31;139.08;139.08;1395362776;0
RGBI;D;20130117;000000;139.13;139.13;138.32;138.86;1297003416;0
RGBI;D;20130118;000000;138.87;139.2;138.83;139.19;989485213;0
RGBI;D;20130121;000000;139.08;139.13;138.99;139.03;599866876;0
RGBI;D;20130122;000000;139.23;139.28;139.08;139.09;880000768;0
RGBI;D;20130123;000000;139.1;139.18;139.08;139.17;2004825814;0
RGBI;D;20130124;000000;139.24;139.27;138.98;139.27;1752125129;0
RGBI;D;20130125;000000;139.1;139.66;139.1;139.66;1822444765;0
RGBI;D;20130128;000000;139.63;139.68;139.6;139.65;2907693136;0
RGBI;D;20130129;000000;139.63;139.65;139.48;139.54;2005220176;0
RGBI;D;20130130;000000;139.56;139.58;139.43;139.52;891112638;0
RGBI;D;20130131;000000;139.34;139.34;139.15;139.22;1137365765;0
RGBI;D;20130201;000000;139.16;139.23;138.75;139.17;1201922337;0
RGBI;D;20130204;000000;139.18;139.22;139.06;139.06;2000647346;0
RGBI;D;20130205;000000;139.06;139.06;138.87;138.87;2327914906;0
RGBI;D;20130206;000000;138.8;139.23;138.8;139.09;3994244816;0
RGBI;D;20130207;000000;139;139.4;138.8;139.05;3673094900;0
RGBI;D;20130208;000000;139.08;139.23;138.98;139.2;1386998923;0
RGBI;D;20130211;000000;139.15;139.38;139.15;139.27;1860764381;0
RGBI;D;20130212;000000;139.18;139.2;139.14;139.17;1976960872;0
RGBI;D;20130213;000000;139.24;139.28;139.2;139.22;2766858498;0
RGBI;D;20130214;000000;139.18;139.35;139.15;139.15;945763102;0
RGBI;D;20130215;000000;139.25;139.26;139.09;139.1;1198545236;0
RGBI;D;20130218;000000;139.1;139.25;139.07;139.07;1310143112;0
RGBI;D;20130219;000000;139.07;139.08;138.95;139.03;974471931;0
RGBI;D;20130220;000000;139.06;139.06;139;139.05;4493894531;0
RGBI;D;20130221;000000;139.33;139.53;138.87;138.89;4348883645;0
RGBI;D;20130222;000000;138.87;138.9;138.75;138.75;3012222947;0
RGBI;D;20130225;000000;138.72;138.85;138.71;138.84;1353484017;0
RGBI;D;20130226;000000;138.82;138.82;138.53;138.58;1018150936;0
RGBI;D;20130227;000000;138.6;138.79;138.6;138.76;1588434548;0
RGBI;D;20130228;000000;138.69;138.81;138.69;138.76;1911203584;0
RGBI;D;20130301;000000;138.91;138.99;138.65;138.65;1594459099;0
RGBI;D;20130304;000000;138.62;138.65;138.53;138.54;781634431;0
RGBI;D;20130305;000000;138.5;138.7;138.5;138.55;1472678971;0
RGBI;D;20130306;000000;138.59;138.59;138.46;138.46;1463805116;0
RGBI;D;20130307;000000;138.5;138.5;138.29;138.35;2304628517;0
RGBI;D;20130311;000000;138.39;138.39;138.11;138.11;1097600225;0
RGBI;D;20130312;000000;137.87;138.12;137.86;137.96;1724284511;0
RGBI;D;20130313;000000;137.96;137.98;137.69;137.82;1295812200;0
RGBI;D;20130314;000000;137.81;137.89;137.61;137.61;1749599424;0
RGBI;D;20130315;000000;137.6;137.6;137.46;137.46;1143934337;0
RGBI;D;20130318;000000;137.29;137.29;136.9;137.11;2121922138;0
RGBI;D;20130319;000000;137.28;137.51;136.87;137.02;1392233306;0
RGBI;D;20130320;000000;137.14;137.21;136.93;137.21;1805295137;0
RGBI;D;20130321;000000;137.22;137.23;137.13;137.23;1386103838;0
RGBI;D;20130322;000000;137.29;137.38;137.09;137.28;2322116186;0
RGBI;D;20130325;000000;137.28;137.38;137.18;137.38;1302937531;0
RGBI;D;20130326;000000;137.32;137.36;137.26;137.28;943094365;0
RGBI;D;20130327;000000;137.27;137.46;137.18;137.19;1199483848;0
RGBI;D;20130328;000000;137.27;137.45;136.96;137.45;2821351321;0
RGBI;D;20130329;000000;137.65;137.69;137.55;137.67;1130633862;0
RGBI;D;20130401;000000;137.47;137.68;137.27;137.51;820199474;0
RGBI;D;20130402;000000;137.49;137.77;137.49;137.65;588167135;0
RGBI;D;20130403;000000;137.68;137.68;137.48;137.57;952281988;0
RGBI;D;20130404;000000;137.63;137.76;137.53;137.76;3402507988;0
RGBI;D;20130405;000000;137.77;138.51;137.77;138.51;2697010855;0
RGBI;D;20130408;000000;138.41;139.56;138.41;139.56;3005145808;0
RGBI;D;20130409;000000;139.42;139.54;138.59;139.51;1579973670;0
RGBI;D;20130410;000000;139.37;139.79;139.17;139.79;2695052979;0
RGBI;D;20130411;000000;139.79;139.85;139.77;139.85;1268963656;0
RGBI;D;20130412;000000;139.52;139.75;139.52;139.59;787546364;0
RGBI;D;20130415;000000;139.95;139.95;138.82;138.82;1998723995;0
RGBI;D;20130416;000000;138.81;138.82;138.4;138.48;1684434726;0
RGBI;D;20130417;000000;138.64;139.14;138.55;138.81;3798902429;0
RGBI;D;20130418;000000;138.61;139.26;138.52;139.26;1795236565;0
RGBI;D;20130419;000000;139.09;139.86;139.06;139.75;787930341;0
RGBI;D;20130422;000000;140.07;140.07;139.48;139.62;680748976;0
RGBI;D;20130423;000000;139.37;140.12;139.07;140.12;2499998731;0
RGBI;D;20130424;000000;140.31;140.41;140.01;140.38;1075283117;0
RGBI;D;20130425;000000;140.34;140.48;140.22;140.47;2690315353;0
RGBI;D;20130426;000000;139.96;140.7;139.3;140.7;2019371688;0
RGBI;D;20130429;000000;140.41;141.09;140.29;141.09;3021432382;0
RGBI;D;20130430;000000;140.55;141.36;140.25;141.33;2500576456;0
RGBI;D;20130502;000000;141.33;141.33;141.3;141.3;511888955;0
RGBI;D;20130503;000000;141.3;141.65;141.29;141.65;227176803;0
RGBI;D;20130506;000000;141.33;141.64;141.25;141.64;1043120925;0
RGBI;D;20130507;000000;141.53;141.63;141.13;141.51;709829747;0
RGBI;D;20130508;000000;141.26;141.56;141.15;141.55;1267547265;0
RGBI;D;20130510;000000;141.47;141.47;141.47;141.47;11440;0
RGBI;D;20130513;000000;140.65;141.27;140.65;140.71;837200138;0
RGBI;D;20130514;000000;140.67;140.67;140.31;140.45;422938389;0
RGBI;D;20130515;000000;140.64;140.75;140.42;140.68;513129565;0
RGBI;D;20130516;000000;140.68;140.68;140.41;140.45;359978533;0
RGBI;D;20130517;000000;140.18;140.6;140.14;140.6;457396779;0
RGBI;D;20130520;000000;140.51;140.57;140.5;140.5;2588169791;0
RGBI;D;20130521;000000;140.5;140.5;139.37;139.37;1564467966;0
RGBI;D;20130522;000000;139.68;139.84;139.24;139.29;2617020249;0
RGBI;D;20130523;000000;139.33;139.34;138.33;138.36;2053962485;0
RGBI;D;20130524;000000;138.22;138.33;138.17;138.2;1203636282;0
RGBI;D;20130527;000000;138.38;138.56;138.22;138.32;462596217;0
RGBI;D;20130528;000000;138.58;138.61;138.17;138.17;1427436366;0
RGBI;D;20130529;000000;138.2;138.28;137.48;137.48;3928148633;0
RGBI;D;20130530;000000;137.42;137.48;136.82;136.82;4139858461;0
RGBI;D;20130531;000000;137.1;137.24;136.15;136.15;3679261340;0
RGBI;D;20130603;000000;136.12;136.63;135.47;135.55;1526207338;0
RGBI;D;20130604;000000;136.06;136.06;135.22;135.83;3101653078;0
RGBI;D;20130605;000000;135.63;136.5;135.63;136.24;2043507187;0
RGBI;D;20130606;000000;135.99;136.55;135.26;135.26;3735020991;0
RGBI;D;20130607;000000;135.32;135.67;134.43;134.63;2197767637;0
RGBI;D;20130610;000000;135.02;135.02;134.11;134.11;1893160914;0
RGBI;D;20130611;000000;134.03;134.13;133.01;133.02;3005865640;0
RGBI;D;20130613;000000;133.07;133.97;132.99;133.97;1781313364;0
RGBI;D;20130614;000000;134.11;135.59;134.11;135.57;5372596473;0
RGBI;D;20130617;000000;135.45;135.5;135.26;135.26;3579534125;0
RGBI;D;20130618;000000;135.11;135.33;134.44;134.44;2157127985;0
RGBI;D;20130619;000000;134.05;134.22;133.91;134.22;790912790;0
RGBI;D;20130620;000000;133.91;133.91;132.43;132.49;5669331737;0
RGBI;D;20130621;000000;132.52;132.56;132.27;132.35;3458008324;0
RGBI;D;20130624;000000;132.04;132.45;129.9;129.9;4242160904;0
RGBI;D;20130625;000000;129.74;130.59;129.2;130.51;2367411157;0
RGBI;D;20130626;000000;130.47;131.3;130.42;131.3;5301243996;0
RGBI;D;20130627;000000;131.31;132.96;130.6;132.81;4083976438;0
RGBI;D;20130628;000000;132.54;134.03;132.54;133.47;5169950702;0
RGBI;D;20130701;000000;133.19;133.61;133.02;133.54;2117305426;0
RGBI;D;20130702;000000;133.53;134.28;133.53;134.28;3055069747;0
RGBI;D;20130703;000000;134.27;134.29;133.97;134.11;2988744343;0
RGBI;D;20130704;000000;134.03;134.11;133.86;134.11;1648463516;0
RGBI;D;20130705;000000;134.19;134.33;133.82;133.82;1870225691;0
RGBI;D;20130708;000000;133.84;133.91;133.56;133.83;2634259410;0
RGBI;D;20130709;000000;133.84;134.54;133.79;134.54;2709805259;0
RGBI;D;20130710;000000;134.52;134.93;134.52;134.72;1952520089;0
RGBI;D;20130711;000000;134.74;134.95;134.73;134.83;3236694142;0
RGBI;D;20130712;000000;134.53;135.22;134.53;135.22;2277014194;0
RGBI;D;20130715;000000;135.18;135.44;135.12;135.44;1271965892;0
RGBI;D;20130716;000000;135.41;136.23;135.41;136.23;3528534235;0
RGBI;D;20130717;000000;135.96;136.34;135.85;136.23;2009238204;0
RGBI;D;20130718;000000;136.03;136.58;136.02;136.41;2082367872;0
RGBI;D;20130719;000000;136.11;136.42;136.1;136.38;1384249943;0
RGBI;D;20130722;000000;136.26;136.37;136.25;136.32;696700396;0
RGBI;D;20130723;000000;136.38;136.45;136.37;136.41;720428277;0
RGBI;D;20130724;000000;136.47;136.47;136.09;136.15;913551553;0
RGBI;D;20130725;000000;136.1;136.1;135.54;135.54;849931678;0
RGBI;D;20130726;000000;135.48;135.64;135.4;135.43;1329706252;0
RGBI;D;20130729;000000;135.52;135.52;134.85;134.9;718583560;0
RGBI;D;20130730;000000;134.87;134.94;134.71;134.81;1379548216;0
RGBI;D;20130731;000000;134.73;134.73;134.5;134.5;787175009;0
RGBI;D;20130801;000000;134.62;134.96;134.62;134.96;1064449748;0
RGBI;D;20130802;000000;134.93;134.93;134.5;134.77;1122284533;0
RGBI;D;20130805;000000;134.79;135.4;134.79;135.35;931748023;0
RGBI;D;20130806;000000;135.45;135.45;135.12;135.23;1102326884;0
RGBI;D;20130807;000000;135.17;135.27;134.67;135.27;1036403545;0
RGBI;D;20130808;000000;134.99;135.68;134.93;135.68;1687407467;0
RGBI;D;20130809;000000;135.42;135.63;135.33;135.46;1355076940;0
RGBI;D;20130812;000000;135.5;135.54;135.42;135.49;470876331;0
RGBI;D;20130813;000000;135.18;135.48;135.15;135.28;851421661;0
RGBI;D;20130814;000000;135.23;135.23;135.01;135.02;1436376942;0
RGBI;D;20130815;000000;135.04;135.24;135;135.08;2765836597;0
RGBI;D;20130816;000000;135.15;135.15;134.96;135;645637905;0
RGBI;D;20130819;000000;134.84;134.95;134.46;134.46;875350658;0
RGBI;D;20130820;000000;134.4;134.5;134.23;134.24;1148488478;0
RGBI;D;20130821;000000;134.23;134.24;133.8;133.8;1556882967;0
RGBI;D;20130822;000000;133.73;133.73;132.68;132.72;3527514697;0
RGBI;D;20130823;000000;132.75;133.17;132.75;133.17;1766502316;0
RGBI;D;20130826;000000;133.41;133.58;133.24;133.44;1692838457;0
RGBI;D;20130827;000000;133.42;133.48;132.78;132.78;1513087319;0
RGBI;D;20130828;000000;132.88;132.89;132.5;132.5;1199944148;0
RGBI;D;20130829;000000;132.19;132.79;132.19;132.63;991228975;0
RGBI;D;20130830;000000;132.79;133.07;132.79;133;963689688;0
RGBI;D;20130902;000000;132.36;133.16;131.49;133.11;543770075;0
RGBI;D;20130903;000000;133.13;133.13;132.95;132.95;1276190899;0
RGBI;D;20130904;000000;133.05;133.19;132.85;132.95;731358044;0
RGBI;D;20130905;000000;133.01;133.04;132.79;132.79;738322230;0
RGBI;D;20130906;000000;132.89;133.12;132.67;132.82;1332739467;0
RGBI;D;20130909;000000;132.93;133.1;132.84;133.1;562165803;0
RGBI;D;20130910;000000;133.07;133.41;133.03;133.34;1127556185;0
RGBI;D;20130911;000000;133.31;134.24;133.24;134.24;2179712611;0
RGBI;D;20130912;000000;134.27;135.04;134.27;135.03;1461723782;0
RGBI;D;20130913;000000;134.97;135.26;134.91;135.21;1670368468;0
RGBI;D;20130916;000000;134.77;135.76;134.6;135.68;1860047288;0
RGBI;D;20130917;000000;135.75;135.75;134.99;135.07;566159029;0
RGBI;D;20130918;000000;134.86;135.01;134.86;134.95;2371907640;0
RGBI;D;20130919;000000;134.85;136.36;134.66;136.35;8215954440;0
RGBI;D;20130920;000000;135.96;136.17;135.52;136.02;759272385;0
RGBI;D;20130923;000000;135.77;135.96;135.62;135.65;919352201;0
RGBI;D;20130924;000000;135.54;135.92;135.54;135.88;729712206;0
RGBI;D;20130925;000000;135.88;135.92;135.2;135.22;1382633806;0
RGBI;D;20130926;000000;135.18;135.42;135.18;135.38;2088711727;0
RGBI;D;20130927;000000;135.45;135.45;135.01;135.06;687719507;0
RGBI;D;20130930;000000;134.87;135.22;134.69;134.86;249152812;0
RGBI;D;20131001;000000;134.91;135.04;134.77;134.89;363936698;0
RGBI;D;20131002;000000;134.74;135.01;134.74;135.01;859952743;0
RGBI;D;20131003;000000;135.04;135.36;135.04;135.34;599871664;0
RGBI;D;20131004;000000;135.2;135.34;134.96;135.34;548981905;0
RGBI;D;20131007;000000;135.42;135.42;135.25;135.26;338178071;0
RGBI;D;20131008;000000;135.37;135.49;134.84;134.99;462106609;0
RGBI;D;20131009;000000;135.14;135.14;134.92;135.06;1469135509;0
RGBI;D;20131010;000000;135.13;135.13;134.79;134.8;1465957653;0
RGBI;D;20131011;000000;134.79;134.99;134.79;134.99;738647581;0
RGBI;D;20131014;000000;134.89;135.1;134.84;135.03;1130275065;0
RGBI;D;20131015;000000;135.34;135.34;134.67;134.68;715346355;0
RGBI;D;20131016;000000;134.71;134.92;134.68;134.92;854022073;0
RGBI;D;20131017;000000;135.13;135.28;135.04;135.27;1151629552;0
RGBI;D;20131018;000000;135.1;135.55;135.03;135.55;1233353192;0
RGBI;D;20131021;000000;135.53;135.66;135.45;135.46;833210802;0
RGBI;D;20131022;000000;135.4;135.81;135.37;135.76;1638654455;0
RGBI;D;20131023;000000;135.67;135.89;135.44;135.89;1983498247;0
RGBI;D;20131024;000000;135.91;136.11;135.86;135.86;744591113;0
RGBI;D;20131025;000000;135.92;136.06;135.49;135.61;743747904;0
RGBI;D;20131028;000000;135.72;135.84;135.16;135.77;499389521;0
RGBI;D;20131029;000000;135.82;135.87;135.61;135.63;380266413;0
RGBI;D;20131030;000000;135.55;135.96;135.55;135.96;469338232;0
RGBI;D;20131031;000000;135.54;135.91;135.3;135.9;1249743158;0
RGBI;D;20131101;000000;135.99;135.99;135.55;135.55;1344942481;0
RGBI;D;20131105;000000;135.6;135.61;135.38;135.48;711760053;0
RGBI;D;20131106;000000;135.62;135.62;135.24;135.43;967304423;0
RGBI;D;20131107;000000;135.38;135.69;135.19;135.33;991484843;0
RGBI;D;20131108;000000;135.35;135.35;134.88;134.88;1868881586;0
RGBI;D;20131111;000000;134.89;134.91;134.41;134.41;1378367899;0
RGBI;D;20131112;000000;134.44;134.59;133.95;133.95;3729711900;0
RGBI;D;20131113;000000;134.04;134.04;133.91;133.93;1614289606;0
RGBI;D;20131114;000000;133.87;134.21;133.87;133.99;897776038;0
RGBI;D;20131115;000000;133.92;134.12;133.83;134.02;1394496828;0
RGBI;D;20131118;000000;133.98;134.17;133.98;134.08;449564485;0
RGBI;D;20131119;000000;134.11;134.12;133.96;133.96;1388823565;0
RGBI;D;20131120;000000;133.94;133.95;133.78;133.79;1802528465;0
RGBI;D;20131121;000000;133.78;133.78;133.44;133.46;947669846;0
RGBI;D;20131122;000000;133.63;134.2;133.53;133.71;707367693;0
RGBI;D;20131125;000000;133.92;133.95;133.57;133.57;1315775591;0
RGBI;D;20131126;000000;133.64;133.64;133.13;133.15;1328708269;0
RGBI;D;20131127;000000;133.4;133.4;132.87;132.87;1507329514;0
RGBI;D;20131128;000000;133.02;133.02;132.42;132.42;3062811553;0
RGBI;D;20131129;000000;132.04;132.35;131.99;132.23;2897192669;0
RGBI;D;20131202;000000;132.21;133.06;132.21;132.24;1743486815;0
RGBI;D;20131203;000000;131.32;132.16;131.19;132.02;3539391945;0
RGBI;D;20131204;000000;131.98;132.46;131.93;132.38;1886810447;0
RGBI;D;20131205;000000;132.39;132.47;132.33;132.41;452464166;0
RGBI;D;20131206;000000;132.43;132.7;132.43;132.7;652282775;0
RGBI;D;20131209;000000;132.72;133.02;132.62;133.02;5040856621;0
RGBI;D;20131210;000000;133.16;133.37;133.16;133.26;6931855958;0
RGBI;D;20131211;000000;133.3;133.45;133.24;133.41;3303558014;0
RGBI;D;20131212;000000;133.51;133.76;133.31;133.31;3898369493;0
RGBI;D;20131213;000000;133.38;133.45;133.12;133.21;2374262517;0
RGBI;D;20131216;000000;133.41;133.41;133.05;133.05;1167412874;0
RGBI;D;20131217;000000;133.55;133.77;132.99;132.99;5041463811;0
RGBI;D;20131218;000000;133.49;133.67;132.99;133.08;3074998870;0
RGBI;D;20131219;000000;133.11;133.8;132.99;133.18;7256299272;0
RGBI;D;20131220;000000;133.32;134.94;133.19;133.19;2062660968;0
RGBI;D;20131223;000000;133.21;133.43;133.18;133.31;1659554111;0
RGBI;D;20131224;000000;133.08;133.33;133.07;133.25;825586467;0
RGBI;D;20131225;000000;133.3;133.3;133.19;133.24;1845688695;0
RGBI;D;20131226;000000;133.29;133.39;133.08;133.1;3929011133;0
RGBI;D;20131227;000000;133.09;133.23;133.09;133.17;1654601036;0
RGBI;D;20131230;000000;133.21;133.42;133.17;133.27;6209241800;0
RGBI;D;20140106;000000;133.18;133.26;133.18;133.25;107941;0
RGBI;D;20140108;000000;133.28;133.28;133.28;133.28;1015;0
RGBI;D;20140109;000000;133.26;133.61;133.01;133.02;263291333;0
RGBI;D;20140110;000000;133.03;133.11;132.88;132.91;1443343655;0
RGBI;D;20140113;000000;132.94;133.04;132.92;132.98;1543373188;0
RGBI;D;20140114;000000;133.07;133.16;132.95;133.02;2040001261;0
RGBI;D;20140115;000000;133.04;133.46;133.04;133.17;6775639612;0
RGBI;D;20140116;000000;133.17;133.28;132.78;132.82;4252800927;0
RGBI;D;20140117;000000;132.86;132.97;132.78;132.78;4366413740;0
RGBI;D;20140120;000000;132.78;133.01;132.76;132.82;1244764290;0
RGBI;D;20140121;000000;132.85;133.3;132.76;132.76;4388159174;0
RGBI;D;20140122;000000;132.79;132.84;132.39;132.43;2198568473;0
RGBI;D;20140123;000000;132.47;132.53;132.41;132.43;1854853853;0
RGBI;D;20140124;000000;132.44;132.74;132.25;132.26;3636518583;0
RGBI;D;20140127;000000;132.3;132.63;131.29;131.29;2870068848;0
RGBI;D;20140128;000000;131.27;131.54;131.13;131.52;3132118336;0
RGBI;D;20140129;000000;131.54;131.54;131.08;131.08;4137484069;0
RGBI;D;20140130;000000;131.21;131.26;130.15;130.17;4510612626;0
RGBI;D;20140131;000000;130.22;130.75;130.13;130.19;1855065879;0
RGBI;D;20140203;000000;130.24;130.29;130.03;130.19;1152725475;0
RGBI;D;20140204;000000;130.21;130.68;130.03;130.68;3962664304;0
RGBI;D;20140205;000000;130.65;131.24;130.65;131.13;4343391158;0
RGBI;D;20140206;000000;131.1;131.41;131.1;131.37;2752744186;0
RGBI;D;20140207;000000;131.5;131.65;131.35;131.42;1253395536;0
RGBI;D;20140210;000000;131.47;131.49;131.38;131.45;863283700;0
RGBI;D;20140211;000000;131.45;131.47;131.31;131.4;1224784746;0
RGBI;D;20140212;000000;131.39;131.52;131.39;131.45;2564403013;0
RGBI;D;20140213;000000;131.45;131.47;131.2;131.2;3531788845;0
RGBI;D;20140214;000000;131.2;131.22;130.97;131.13;2228220267;0
RGBI;D;20140217;000000;131.16;131.22;131.1;131.21;1204801493;0
RGBI;D;20140218;000000;131.22;131.3;131;131;1873059162;0
RGBI;D;20140219;000000;131.03;131.03;130.33;130.33;3381019531;0
RGBI;D;20140220;000000;130.33;130.33;130.18;130.2;3086927502;0
RGBI;D;20140221;000000;130.36;130.36;130.18;130.23;2033924144;0
RGBI;D;20140224;000000;130.26;130.48;130.26;130.45;2171546999;0
RGBI;D;20140225;000000;130.46;130.53;130.43;130.45;1067753886;0
RGBI;D;20140226;000000;130.52;130.52;129.73;129.78;3389690577;0
RGBI;D;20140227;000000;129.8;129.93;129.75;129.85;1953853970;0
RGBI;D;20140228;000000;129.85;130.29;129.79;129.87;1977936585;0
RGBI;D;20140303;000000;129.82;129.84;128.17;128.17;5184560810;0
RGBI;D;20140304;000000;128.18;128.75;127.79;127.87;3177626456;0
RGBI;D;20140305;000000;127.81;128.27;127.67;128.27;2817330687;0
RGBI;D;20140306;000000;128.22;128.38;127.75;127.75;3208693532;0
RGBI;D;20140307;000000;127.7;127.91;127.36;127.36;1609788182;0
RGBI;D;20140311;000000;127.34;127.42;126.53;126.87;3381783152;0
RGBI;D;20140312;000000;126.86;127.25;125.06;125.06;5374457279;0
RGBI;D;20140313;000000;125.02;126.27;124.25;124.25;5368886128;0
RGBI;D;20140314;000000;124.35;124.58;123.28;123.4;2344258852;0
RGBI;D;20140317;000000;123.47;124.39;123.09;124.39;1130451110;0
RGBI;D;20140318;000000;124.41;125.6;124.32;124.66;3821790715;0
RGBI;D;20140319;000000;124.73;125.38;124.73;124.9;1502581761;0
RGBI;D;20140320;000000;125.08;126.16;124.65;124.71;2507563830;0
RGBI;D;20140321;000000;124.7;125.43;123.99;124.22;4149860197;0
RGBI;D;20140324;000000;124.39;125.05;124.08;124.4;2650788620;0
RGBI;D;20140325;000000;124.47;126.34;124.39;125.15;5585527663;0
RGBI;D;20140326;000000;125.16;126.82;125.16;125.96;6588265500;0
RGBI;D;20140327;000000;126.11;126.54;125.66;125.67;6478451710;0
RGBI;D;20140328;000000;125.72;125.84;125.46;125.74;7474050808;0
RGBI;D;20140331;000000;125.79;127.8;125.72;126.83;3257877640;0
RGBI;D;20140401;000000;126.89;127.78;126.89;127.51;1615513893;0
RGBI;D;20140402;000000;127.46;127.63;126.36;126.38;2003539915;0
RGBI;D;20140403;000000;126.43;126.9;126.35;126.41;844489110;0
RGBI;D;20140404;000000;126.49;126.89;126.49;126.89;930556543;0
RGBI;D;20140407;000000;126.76;127.06;126.51;126.61;1117357807;0
RGBI;D;20140408;000000;126.61;126.82;126.44;126.82;1941155405;0
RGBI;D;20140409;000000;126.61;126.93;126.5;126.9;2050706687;0
RGBI;D;20140410;000000;126.91;127.32;126.91;127.14;968675664;0
RGBI;D;20140411;000000;127.17;128.11;127.17;127.2;1166028438;0
RGBI;D;20140414;000000;127.16;127.18;126.44;126.47;830801595;0
RGBI;D;20140415;000000;126.49;126.84;126.22;126.4;1017867929;0
RGBI;D;20140416;000000;126.44;126.7;125.8;125.8;1571685863;0
RGBI;D;20140417;000000;125.6;126.02;125.6;126.02;617745291;0
RGBI;D;20140418;000000;125.88;127.01;125.88;126.78;1061335475;0
RGBI;D;20140421;000000;126.85;126.94;126.59;126.8;270435483;0
RGBI;D;20140422;000000;126.68;126.82;126.63;126.74;263112135;0
RGBI;D;20140423;000000;126.72;126.79;126.1;126.1;1157158587;0
RGBI;D;20140424;000000;126.1;126.58;125.98;126.22;853408250;0
RGBI;D;20140425;000000;126.17;126.17;124.37;124.37;1939223058;0
RGBI;D;20140428;000000;124.45;124.45;123.62;123.63;1322773127;0
RGBI;D;20140429;000000;123.63;124.38;123.63;124.06;762938077;0
RGBI;D;20140430;000000;124.17;125.67;124.17;124.35;756302602;0
RGBI;D;20140502;000000;124.52;124.66;124.46;124.66;1008162;0
RGBI;D;20140505;000000;124.88;125.55;124.25;124.28;322424150;0
RGBI;D;20140506;000000;124.29;124.42;124.16;124.25;1257005523;0
RGBI;D;20140507;000000;124.22;125.03;124.17;125.03;2231292910;0
RGBI;D;20140508;000000;124.9;126.02;124.9;125.94;2741711188;0
RGBI;D;20140512;000000;125.82;128.17;125.82;125.91;3180964258;0
RGBI;D;20140513;000000;125.92;126.07;125.75;125.9;2840131846;0
RGBI;D;20140514;000000;125.82;125.98;125.74;125.91;4518191260;0
RGBI;D;20140515;000000;125.9;126.3;125.89;126.17;1716969150;0
RGBI;D;20140516;000000;126.14;126.23;125.91;125.91;838962489;0
RGBI;D;20140519;000000;126.01;127.02;125.93;125.94;3833156418;0
RGBI;D;20140520;000000;125.94;126.39;125.94;126.22;1983996393;0
RGBI;D;20140521;000000;126.09;126.73;126.09;126.73;3775546520;0
RGBI;D;20140522;000000;126.72;126.83;126.22;126.81;2185019091;0
RGBI;D;20140523;000000;126.84;127.05;126.64;127.05;3104108389;0
RGBI;D;20140526;000000;126.78;127.5;126.78;127.39;1973532957;0
RGBI;D;20140527;000000;127.28;127.41;127.01;127.01;833212954;0
RGBI;D;20140528;000000;127.01;127.01;126.73;126.82;2158354654;0
RGBI;D;20140529;000000;126.84;127.38;126.79;127.23;3288341081;0
RGBI;D;20140530;000000;127.25;127.48;127.23;127.38;2457222652;0
RGBI;D;20140602;000000;127.55;127.83;127.28;127.56;3234910790;0
RGBI;D;20140603;000000;127.62;127.62;127.25;127.43;1706906123;0
RGBI;D;20140604;000000;127.48;127.6;127.31;127.6;1524546465;0
RGBI;D;20140605;000000;127.62;127.96;127.62;127.94;3168276696;0
RGBI;D;20140606;000000;127.91;128.24;127.91;128.22;4671861290;0
RGBI;D;20140609;000000;128.3;129.18;128.28;128.52;757615090;0
RGBI;D;20140610;000000;128.23;128.63;128.18;128.38;832363153;0
RGBI;D;20140611;000000;128.32;128.32;128.02;128.26;630141066;0
RGBI;D;20140616;000000;128.2;128.31;127.45;127.6;2420070563;0
RGBI;D;20140617;000000;127.57;127.88;127.43;127.43;630534643;0
RGBI;D;20140618;000000;127.41;127.63;127.07;127.63;3250162893;0
RGBI;D;20140619;000000;127.63;128.03;127.63;127.96;1708069919;0
RGBI;D;20140620;000000;127.89;128.15;127.67;128.14;2168201006;0
RGBI;D;20140623;000000;128.18;128.35;128.18;128.22;441202056;0
RGBI;D;20140624;000000;128.13;128.49;127.79;128.38;1133044557;0
RGBI;D;20140625;000000;128.42;128.71;128.36;128.5;1762160083;0
RGBI;D;20140626;000000;128.59;128.68;128.54;128.66;3131741970;0
RGBI;D;20140627;000000;128.51;128.86;128.51;128.78;2825276312;0
RGBI;D;20140630;000000;128.8;129.37;128.47;128.5;2049331431;0
RGBI;D;20140701;000000;128.49;128.55;128.42;128.48;710694076;0
RGBI;D;20140702;000000;128.5;128.59;128.42;128.44;1387533346;0
RGBI;D;20140703;000000;128.43;128.58;128.4;128.46;1685361295;0
RGBI;D;20140704;000000;128.47;128.57;128.4;128.42;366547981;0
RGBI;D;20140707;000000;128.43;128.54;128.22;128.22;524095212;0
RGBI;D;20140708;000000;128.26;128.34;128.1;128.34;1334229198;0
RGBI;D;20140709;000000;128.37;128.46;128.25;128.31;1157789031;0
RGBI;D;20140710;000000;128.3;128.44;128.02;128.02;1306203479;0
RGBI;D;20140711;000000;128.03;128.1;127.75;127.75;2941099746;0
RGBI;D;20140714;000000;127.72;127.82;127.65;127.65;912095651;0
RGBI;D;20140715;000000;127.63;127.66;127.37;127.5;3085481304;0
RGBI;D;20140716;000000;127.54;127.85;127.5;127.57;2559545598;0
RGBI;D;20140717;000000;127.57;127.57;126.21;126.28;4608806194;0
RGBI;D;20140718;000000;126.12;126.12;125.79;125.88;2346291442;0
RGBI;D;20140721;000000;125.93;126;125.52;125.52;2520026071;0
RGBI;D;20140722;000000;125.55;125.76;125.54;125.68;2734431683;0
RGBI;D;20140723;000000;125.67;126.16;125.66;126.02;1664122718;0
RGBI;D;20140724;000000;126.2;126.68;125.72;125.75;1544964094;0
RGBI;D;20140725;000000;125.76;125.92;124.74;124.74;2403304495;0
RGBI;D;20140728;000000;124.77;124.95;124.17;124.17;1553885448;0
RGBI;D;20140729;000000;123.61;124.12;123.46;123.65;2593974607;0
RGBI;D;20140730;000000;123.77;123.95;123.52;123.64;1304076602;0
RGBI;D;20140731;000000;123.59;124.14;123.56;123.75;2580460406;0
RGBI;D;20140801;000000;123.64;123.78;123.17;123.21;3560324111;0
RGBI;D;20140804;000000;123.28;123.76;123.01;123.01;2436143782;0
RGBI;D;20140805;000000;123.05;123.46;122.4;122.41;3488304049;0
RGBI;D;20140806;000000;122.36;122.42;121.83;121.94;4111683824;0
RGBI;D;20140807;000000;121.97;122.07;121.69;121.71;3275177792;0
RGBI;D;20140808;000000;121.74;122.11;121.47;121.74;2516021086;0
RGBI;D;20140811;000000;121.76;122.91;121.76;122.91;2859959370;0
RGBI;D;20140812;000000;122.94;123.54;122.79;123.3;2807175634;0
RGBI;D;20140813;000000;123.24;123.59;123.07;123.46;3605947376;0
RGBI;D;20140814;000000;123.36;124.11;123.36;124.11;5023819860;0
RGBI;D;20140815;000000;124.27;124.44;124.13;124.43;6036072954;0
RGBI;D;20140818;000000;124.31;124.6;124.3;124.42;1781426641;0
RGBI;D;20140819;000000;124.41;124.44;123.84;123.9;1485783880;0
RGBI;D;20140820;000000;123.99;124.01;123.62;123.98;2079757696;0
RGBI;D;20140821;000000;124;124.03;123.9;124.03;3435305647;0
RGBI;D;20140822;000000;124.03;124.29;124.01;124.18;2473942061;0
RGBI;D;20140825;000000;124.11;124.23;124.07;124.07;854754340;0
RGBI;D;20140826;000000;124.06;124.3;124;124.28;2975600561;0
RGBI;D;20140827;000000;124.28;124.28;124.15;124.25;2039527099;0
RGBI;D;20140828;000000;124.25;124.25;123.2;123.2;2865614785;0
RGBI;D;20140829;000000;123.06;123.17;122.47;122.47;3055591523;0
RGBI;D;20140901;000000;122.43;122.72;121.61;121.67;908867580;0
RGBI;D;20140902;000000;121.81;121.93;121.64;121.85;695879539;0
RGBI;D;20140903;000000;121.88;122.89;121.87;122.82;3780639002;0
RGBI;D;20140904;000000;122.81;123.62;122.8;123.62;1705933223;0
RGBI;D;20140905;000000;123.69;123.77;123.38;123.73;1208529449;0
RGBI;D;20140908;000000;123.92;124.01;123.22;123.29;747047739;0
RGBI;D;20140909;000000;123.37;124.32;123.22;123.55;1024025374;0
RGBI;D;20140910;000000;123.6;123.6;122.95;122.96;1477973024;0
RGBI;D;20140911;000000;122.87;123.24;122.72;122.72;1021723945;0
RGBI;D;20140912;000000;122.72;122.91;122.51;122.75;953234755;0
RGBI;D;20140915;000000;122.77;122.85;122.58;122.58;572247785;0
RGBI;D;20140916;000000;122.59;122.64;121.88;122.47;811252443;0
RGBI;D;20140917;000000;122.48;123.03;122.42;123.03;1194267337;0
RGBI;D;20140918;000000;123.1;123.39;123;123.37;612350462;0
RGBI;D;20140919;000000;123.37;123.38;123.16;123.19;627448025;0
RGBI;D;20140922;000000;123.23;123.43;123.14;123.42;438983371;0
RGBI;D;20140923;000000;123.45;124.07;123.4;124.07;1139766012;0
RGBI;D;20140924;000000;124.09;124.44;123.88;124.44;2673892986;0
RGBI;D;20140925;000000;124.39;124.85;124.35;124.75;1708415247;0
RGBI;D;20140926;000000;124.75;124.78;124.25;124.32;408619008;0
RGBI;D;20140929;000000;124.26;124.58;124.17;124.32;181235600;0
RGBI;D;20140930;000000;124.33;125.11;124.3;124.42;1201432019;0
RGBI;D;20141001;000000;124.59;124.71;123.95;124.12;606235632;0
RGBI;D;20141002;000000;124.12;124.26;124.04;124.26;514505150;0
RGBI;D;20141003;000000;124.27;124.28;123.76;123.76;831692119;0
RGBI;D;20141006;000000;123.76;123.76;123.39;123.39;631663839;0
RGBI;D;20141007;000000;123.45;123.99;123.37;123.38;887463282;0
RGBI;D;20141008;000000;123.42;123.49;122.93;122.95;1296768371;0
RGBI;D;20141009;000000;122.99;123.19;122.9;122.9;1239671978;0
RGBI;D;20141010;000000;122.9;122.95;122.32;122.32;1254593575;0
RGBI;D;20141013;000000;122.55;122.71;122.46;122.61;499054364;0
RGBI;D;20141014;000000;122.59;122.6;122;122.01;710101492;0
RGBI;D;20141015;000000;122;122.1;121.87;122.03;1132953820;0
RGBI;D;20141016;000000;122;122.14;121.8;122;2296035151;0
RGBI;D;20141017;000000;122.07;122.12;121.85;122.01;1211871085;0
RGBI;D;20141020;000000;122.03;122.8;122.01;122.26;380156265;0
RGBI;D;20141021;000000;122.21;122.31;122.07;122.15;869783661;0
RGBI;D;20141022;000000;122.18;122.49;122.15;122.35;1808116860;0
RGBI;D;20141023;000000;122.38;122.38;121.98;122.02;1500249478;0
RGBI;D;20141024;000000;122.02;122.02;121.73;121.85;1058037924;0
RGBI;D;20141027;000000;121.92;122.05;121.77;121.81;953539912;0
RGBI;D;20141028;000000;121.82;122.07;121.45;121.45;1004673764;0
RGBI;D;20141029;000000;121.5;122.03;121.03;121.04;979963045;0
RGBI;D;20141030;000000;121.01;121.05;120.5;120.9;2596349887;0
RGBI;D;20141031;000000;120.82;121.65;120.8;121.22;2111859622;0
RGBI;D;20141103;000000;121.19;121.19;121.04;121.04;803196;0
RGBI;D;20141105;000000;120.96;121.13;120.77;121.07;1464900214;0
RGBI;D;20141106;000000;121.04;121.32;121.02;121.03;1005251635;0
RGBI;D;20141107;000000;121;121;120.59;120.59;1378399686;0
RGBI;D;20141110;000000;120.59;121.41;120.59;121.25;739886315;0
RGBI;D;20141111;000000;121.31;121.33;120.78;120.78;834812899;0
RGBI;D;20141112;000000;120.78;120.79;120.55;120.58;774748137;0
RGBI;D;20141113;000000;120.67;120.8;120.52;120.52;1646364720;0
RGBI;D;20141114;000000;120.54;120.54;120.02;120.02;679977314;0
RGBI;D;20141117;000000;120.03;120.2;120;120;687806688;0
RGBI;D;20141118;000000;119.95;120.1;119.78;119.78;1155742535;0
RGBI;D;20141119;000000;119.75;119.77;119.66;119.68;1540245002;0
RGBI;D;20141120;000000;119.64;119.77;119.6;119.75;2509785518;0
RGBI;D;20141121;000000;119.68;120.24;119.68;120.07;1383090712;0
RGBI;D;20141124;000000;120.12;120.42;120.11;120.42;658532881;0
RGBI;D;20141125;000000;120.44;120.44;119.72;119.72;886444777;0
RGBI;D;20141126;000000;119.7;119.81;119.4;119.4;698221734;0
RGBI;D;20141127;000000;119.41;119.68;119.22;119.34;843896054;0
RGBI;D;20141128;000000;119.45;119.45;118.7;118.76;1879725063;0
RGBI;D;20141201;000000;118.71;118.71;116.97;116.98;988970820;0
RGBI;D;20141202;000000;117.05;117.6;116.79;117.54;1234705288;0
RGBI;D;20141203;000000;117.47;117.49;116.49;116.49;1951157520;0
RGBI;D;20141204;000000;116.5;117.06;116.42;116.43;1909426927;0
RGBI;D;20141205;000000;116.6;116.85;114.22;114.27;1773512997;0
RGBI;D;20141208;000000;114.27;114.61;111.44;111.44;2710414107;0
RGBI;D;20141209;000000;111.3;112.56;108.9;108.95;2117176136;0
RGBI;D;20141210;000000;108.69;110.46;108.67;110.38;2799313411;0
RGBI;D;20141211;000000;110.76;110.88;110.26;110.69;2200657711;0
RGBI;D;20141212;000000;110.65;110.65;108.68;108.91;1772975659;0
RGBI;D;20141215;000000;108.93;108.93;107.41;107.43;1274871244;0
RGBI;D;20141216;000000;107.13;107.13;97.73;97.86;2177246665;0
RGBI;D;20141217;000000;97.69;103.16;97.69;102.75;1197694073;0
RGBI;D;20141218;000000;102.86;105.67;102.86;104.97;1369674439;0
RGBI;D;20141219;000000;104.51;104.51;103.68;104.01;648394988;0
RGBI;D;20141222;000000;104.82;107;104.82;106.62;725167787;0
RGBI;D;20141223;000000;106.69;107.45;105.47;105.52;203172771;0
RGBI;D;20141224;000000;106.4;107.67;105.2;105.27;279362834;0
RGBI;D;20141225;000000;105.2;106.03;104.33;105.25;1100761177;0
RGBI;D;20141226;000000;105.32;106.8;105.32;106.16;344114634;0
RGBI;D;20141229;000000;106.35;106.88;105.05;105.05;787973801;0
RGBI;D;20141230;000000;105.26;105.87;105.17;105.36;2652818649;0
RGBI;D;20150105;000000;105.59;105.87;104.96;104.98;3308545;0
RGBI;D;20150106;000000;105.33;105.52;104.21;104.54;180605223;0
RGBI;D;20150108;000000;104.14;104.42;103.7;103.7;4674350;0
RGBI;D;20150109;000000;103.63;104.81;103.63;104.47;4903113;0
RGBI;D;20150112;000000;104.34;105.16;101.47;101.47;1321727028;0
RGBI;D;20150113;000000;101.35;101.36;99.12;99.17;753276003;0
RGBI;D;20150114;000000;99.23;99.49;98.92;99.49;1408509858;0
RGBI;D;20150115;000000;99.53;102.57;99.53;102.43;554609825;0
RGBI;D;20150116;000000;102.49;103.71;101.87;103.61;743829995;0
RGBI;D;20150119;000000;103.63;103.95;103.17;103.5;1410627303;0
RGBI;D;20150120;000000;103.51;103.83;103.35;103.7;676890918;0
RGBI;D;20150121;000000;103.72;103.84;103.65;103.65;2347323667;0
RGBI;D;20150122;000000;103.64;104.14;103.55;104.14;730012092;0
RGBI;D;20150123;000000;104.16;105.27;104.01;105.02;927186710;0
RGBI;D;20150126;000000;105.01;105.02;103.59;103.59;1463757456;0
RGBI;D;20150127;000000;103.53;103.53;103.07;103.38;761214479;0
RGBI;D;20150128;000000;103.45;104.22;103.37;103.82;654630201;0
RGBI;D;20150129;000000;103.87;104;103.13;103.22;1547172939;0
RGBI;D;20150130;000000;103.21;104.96;103.21;104.87;1426469618;0
RGBI;D;20150202;000000;104.85;105.82;104.35;105.82;905136858;0
RGBI;D;20150203;000000;105.92;107.13;105.92;107.13;481817069;0
RGBI;D;20150204;000000;107.2;107.25;106.54;106.63;1679475899;0
RGBI;D;20150205;000000;106.6;107.29;106.24;107.29;1051959677;0
RGBI;D;20150206;000000;107.58;108.58;107.58;108.54;2679268142;0
RGBI;D;20150209;000000;108.6;108.84;108.33;108.79;1224269150;0
RGBI;D;20150210;000000;108.9;108.9;108.54;108.6;1610581187;0
RGBI;D;20150211;000000;108.72;108.84;108.47;108.47;1102201666;0
RGBI;D;20150212;000000;108.51;108.76;108.28;108.65;1229092846;0
RGBI;D;20150213;000000;108.72;109.58;108.53;109.58;502536077;0
RGBI;D;20150216;000000;109.73;111.07;109.68;111.07;727263936;0
RGBI;D;20150217;000000;111.03;111.4;110.83;111.39;427730323;0
RGBI;D;20150218;000000;111.51;112.21;111.51;112.17;828151142;0
RGBI;D;20150219;000000;112.28;112.39;111.95;112.02;1596803897;0
RGBI;D;20150220;000000;111.93;112.09;110.87;110.87;526978512;0
RGBI;D;20150224;000000;110.29;110.81;108.89;108.89;286278052;0
RGBI;D;20150225;000000;109.19;109.32;108.65;108.75;1118709023;0
RGBI;D;20150226;000000;108.87;109.02;108.8;108.8;1280093316;0
RGBI;D;20150227;000000;108.8;108.85;107.78;107.78;705549902;0
RGBI;D;20150302;000000;107.73;107.73;106.7;106.7;667050124;0
RGBI;D;20150303;000000;106.68;107.07;106.31;107.07;769942981;0
RGBI;D;20150304;000000;107.14;108.08;107.1;108.08;1532499771;0
RGBI;D;20150305;000000;108;108.84;108;108.84;1112244927;0
RGBI;D;20150306;000000;108.74;109.42;108.74;109.35;865606252;0
RGBI;D;20150310;000000;109.47;109.69;109.07;109.1;500620854;0
RGBI;D;20150311;000000;108.8;109.07;108.64;109.01;1159638816;0
RGBI;D;20150312;000000;109.23;109.33;109.02;109.29;2224799821;0
RGBI;D;20150313;000000;109.35;109.8;109.35;109.46;1307611789;0
RGBI;D;20150316;000000;109.37;109.46;108.64;108.64;1148256276;0
RGBI;D;20150317;000000;108.78;108.78;108.31;108.46;691359134;0
RGBI;D;20150318;000000;108.59;109.53;108.58;108.7;202417434;0
RGBI;D;20150319;000000;108.75;108.92;108.47;108.79;458917937;0
RGBI;D;20150320;000000;108.85;109.65;108.85;109.65;1113771621;0
RGBI;D;20150323;000000;109.63;110.42;109.63;110.42;982569142;0
RGBI;D;20150324;000000;110.43;110.98;110.36;110.98;1628343446;0
RGBI;D;20150325;000000;110.89;112.27;110.89;112.27;2441441332;0
RGBI;D;20150326;000000;112.35;113.73;112.35;113.73;3542305632;0
RGBI;D;20150327;000000;113.64;113.82;113.32;113.82;837442405;0
RGBI;D;20150330;000000;113.77;113.83;113.56;113.65;527538496;0
RGBI;D;20150331;000000;113.91;113.91;112.86;112.87;2541018014;0
RGBI;D;20150401;000000;112.78;113.75;112.08;113.74;1746545179;0
RGBI;D;20150402;000000;113.73;114.4;113.6;114.23;1282936544;0
RGBI;D;20150403;000000;114.29;114.42;113.88;114.09;319615615;0
RGBI;D;20150406;000000;114.06;114.33;114.06;114.25;246517737;0
RGBI;D;20150407;000000;114.29;114.51;113.99;114.44;2363409569;0
RGBI;D;20150408;000000;114.44;115.15;114.38;114.78;3655768988;0
RGBI;D;20150409;000000;114.78;115.82;114.78;115.78;2857342780;0
RGBI;D;20150410;000000;115.76;117.03;115.76;116.95;2045128105;0
RGBI;D;20150413;000000;116.93;117.37;116.93;117.21;962931650;0
RGBI;D;20150414;000000;117.24;117.43;117;117.29;438506714;0
RGBI;D;20150415;000000;117.29;119.03;117.1;119.03;1413669315;0
RGBI;D;20150416;000000;118.52;120.34;118.52;119.26;5395923786;0
RGBI;D;20150417;000000;119.29;119.52;118.51;118.51;1465747356;0
RGBI;D;20150420;000000;118.53;119.86;117.97;117.98;646359881;0
RGBI;D;20150421;000000;118.13;118.21;117.36;117.36;1158660797;0
RGBI;D;20150422;000000;117.33;117.48;116.74;116.74;3005931272;0
RGBI;D;20150423;000000;116.73;116.81;116.47;116.78;2109021759;0
RGBI;D;20150424;000000;116.9;117.66;116.9;117.39;1441494811;0
RGBI;D;20150427;000000;117.39;117.39;117.12;117.33;790365468;0
RGBI;D;20150428;000000;117.34;117.36;116.96;117.12;316003402;0
RGBI;D;20150429;000000;117.13;117.87;117.13;117.87;401698107;0
RGBI;D;20150430;000000;117.86;119.02;117.75;119.02;2073452181;0
RGBI;D;20150505;000000;118.98;119.9;118.98;119.86;3384907499;0
RGBI;D;20150506;000000;119.8;120.43;119.8;120.4;1545546661;0
RGBI;D;20150507;000000;120.42;120.59;120.34;120.39;578349601;0
RGBI;D;20150508;000000;120.4;120.4;120.14;120.15;275735760;0
RGBI;D;20150512;000000;120.1;120.19;119.87;119.89;521190748;0
RGBI;D;20150513;000000;119.85;120.28;119.85;119.98;211493620;0
RGBI;D;20150514;000000;119.75;119.99;119.71;119.79;978777986;0
RGBI;D;20150515;000000;119.77;119.85;119.45;119.76;553373059;0
RGBI;D;20150518;000000;119.8;120.06;119.77;120;1015422406;0
RGBI;D;20150519;000000;119.96;120.3;119.95;120.18;1720352622;0
RGBI;D;20150520;000000;120.14;120.14;119.81;119.85;1929009115;0
RGBI;D;20150521;000000;119.85;120.44;119.85;120.44;2364072891;0
RGBI;D;20150522;000000;120.43;120.7;120.4;120.57;1680770783;0
RGBI;D;20150525;000000;120.69;120.75;120.43;120.65;1241329702;0
RGBI;D;20150526;000000;120.65;120.73;120.23;120.23;2266790687;0
RGBI;D;20150527;000000;120.23;120.53;119.74;119.78;5101202379;0
RGBI;D;20150528;000000;119.75;120.04;119.64;119.64;2329384517;0
RGBI;D;20150529;000000;119.67;119.75;119.48;119.74;991219193;0
RGBI;D;20150601;000000;119.8;119.9;119.47;119.54;1140446050;0
RGBI;D;20150602;000000;119.6;119.91;119.52;119.8;317767636;0
RGBI;D;20150603;000000;119.83;120.11;119.65;119.66;3156924417;0
RGBI;D;20150604;000000;119.67;119.67;118.73;118.73;3106130498;0
RGBI;D;20150605;000000;118.69;118.69;118.22;118.27;1833391472;0
RGBI;D;20150608;000000;118.28;118.45;118.28;118.4;1417540729;0
RGBI;D;20150609;000000;118.42;118.72;118.36;118.7;1106247235;0
RGBI;D;20150610;000000;118.82;119.37;118.6;119.37;3094474768;0
RGBI;D;20150611;000000;119.43;119.81;119.41;119.46;789820108;0
RGBI;D;20150615;000000;119.61;120.19;119.43;119.43;480325197;0
RGBI;D;20150616;000000;119.29;119.44;118.81;118.81;1464935697;0
RGBI;D;20150617;000000;118.79;118.86;118.58;118.58;1987860972;0
RGBI;D;20150618;000000;118.64;118.86;118.36;118.54;1215625401;0
RGBI;D;20150619;000000;118.59;118.63;118.38;118.46;1040271588;0
RGBI;D;20150622;000000;118.69;118.96;118.61;118.96;1005118984;0
RGBI;D;20150623;000000;118.99;119.02;118.65;118.83;1346848472;0
RGBI;D;20150624;000000;118.79;119.33;118.76;119.32;1164430235;0
RGBI;D;20150625;000000;119.01;119.15;118.81;118.83;5539367820;0
RGBI;D;20150626;000000;118.83;118.85;118.53;118.53;921916537;0
RGBI;D;20150629;000000;118.48;118.57;118.08;118.11;2065237144;0
RGBI;D;20150630;000000;118.11;118.73;118.11;118.48;901231648;0
RGBI;D;20150701;000000;118.44;118.73;118.44;118.73;536174846;0
RGBI;D;20150702;000000;118.71;118.75;118.65;118.66;1181592593;0
RGBI;D;20150703;000000;118.76;118.8;118.64;118.7;800721868;0
RGBI;D;20150706;000000;118.68;118.7;118.35;118.35;540575311;0
RGBI;D;20150707;000000;118.32;118.36;117.86;117.86;3242785197;0
RGBI;D;20150708;000000;117.88;118.04;117.88;118.02;894789170;0
RGBI;D;20150709;000000;118.07;118.45;118.07;118.43;2787375364;0
RGBI;D;20150710;000000;118.48;118.98;118.48;118.98;2428276311;0
RGBI;D;20150713;000000;119.03;119.19;119.03;119.19;2961585408;0
RGBI;D;20150714;000000;119.41;119.43;119.09;119.34;2409980613;0
RGBI;D;20150715;000000;119.45;120.16;119.32;120.13;2095581779;0
RGBI;D;20150716;000000;120.1;120.76;119.99;120.76;3219736287;0
RGBI;D;20150717;000000;120.77;122.06;120.77;121.82;2691861187;0
RGBI;D;20150720;000000;121.82;121.82;121.43;121.43;1019100716;0
RGBI;D;20150721;000000;121.42;121.44;120.95;120.95;687066912;0
RGBI;D;20150722;000000;120.95;121.12;120.8;121.12;1569531403;0
RGBI;D;20150723;000000;121.12;121.13;120.76;120.77;1661470166;0
RGBI;D;20150724;000000;120.87;120.97;120.49;120.49;1627797045;0
RGBI;D;20150727;000000;120.32;120.38;119.69;119.7;1821712142;0
RGBI;D;20150728;000000;119.68;119.68;118.45;118.81;5736806260;0
RGBI;D;20150729;000000;118.85;120.12;118.85;120.12;4982786355;0
RGBI;D;20150730;000000;120.05;120.49;120.05;120.24;1619070596;0
RGBI;D;20150731;000000;120.25;120.86;119.98;120.15;994474799;0
RGBI;D;20150803;000000;120.18;120.39;119.79;119.79;694385430;0
RGBI;D;20150804;000000;119.78;120.03;119.77;119.81;8920463503;0
RGBI;D;20150805;000000;119.91;120.06;119.77;119.87;7841903328;0
RGBI;D;20150806;000000;119.91;119.93;119.46;119.49;3670438468;0
RGBI;D;20150807;000000;119.57;119.57;119.3;119.32;6756983019;0
RGBI;D;20150810;000000;119.49;119.67;119.26;119.34;8461212161;0
RGBI;D;20150811;000000;119.36;119.65;119.34;119.36;9351619247;0
RGBI;D;20150812;000000;119.38;119.42;119.16;119.21;4135245649;0
RGBI;D;20150813;000000;119.28;119.46;119.21;119.28;4887764551;0
RGBI;D;20150814;000000;119.36;119.45;119.12;119.12;3779520937;0
RGBI;D;20150817;000000;119.13;119.16;118.92;118.92;1498415057;0
RGBI;D;20150818;000000;118.87;118.9;118.71;118.71;9007926847;0
RGBI;D;20150819;000000;118.75;118.94;118.64;118.64;10781082496;0
RGBI;D;20150820;000000;118.84;118.84;117.55;117.56;16248807581;0
RGBI;D;20150821;000000;117.53;117.65;116.47;116.47;9737887179;0
RGBI;D;20150824;000000;116.49;116.49;114.48;114.72;15374684110;0
RGBI;D;20150825;000000;114.76;115.47;114.73;115.45;11091214111;0
RGBI;D;20150826;000000;115.5;116.1;115.5;115.99;9280926061;0
RGBI;D;20150827;000000;116;116.64;115.86;116.33;14624089424;0
RGBI;D;20150828;000000;116.39;116.86;116.35;116.37;8606893504;0
RGBI;D;20150831;000000;116.4;116.88;116.4;116.51;3253171593;0
RGBI;D;20150901;000000;116.58;116.81;116.52;116.67;9362971890;0
RGBI;D;20150902;000000;116.65;116.66;116.23;116.41;7130751664;0
RGBI;D;20150903;000000;116.47;116.75;116.47;116.57;5439220151;0
RGBI;D;20150904;000000;116.62;117.14;116.62;116.94;4885238614;0
RGBI;D;20150907;000000;116.94;116.94;116.3;116.39;2215772385;0
RGBI;D;20150908;000000;116.4;116.54;116.22;116.51;5078269810;0
RGBI;D;20150909;000000;116.57;116.88;116.55;116.81;3793049177;0
RGBI;D;20150910;000000;116.85;116.85;116.65;116.72;5185490392;0
RGBI;D;20150911;000000;116.76;116.91;116.76;116.83;9035853045;0
RGBI;D;20150914;000000;116.8;116.99;116.78;116.95;2969922448;0
RGBI;D;20150915;000000;116.94;117.47;116.94;117.46;10807480260;0
RGBI;D;20150916;000000;117.34;117.9;117.34;117.84;12574713802;0
RGBI;D;20150917;000000;117.91;118.14;117.89;117.96;6292468498;0
RGBI;D;20150918;000000;118.08;118.29;118.02;118.05;13820747732;0
RGBI;D;20150921;000000;118.17;118.69;118.05;118.64;4657311982;0
RGBI;D;20150922;000000;118.83;119.05;118.83;118.85;8474361798;0
RGBI;D;20150923;000000;118.92;118.92;118.67;118.81;12168575102;0
RGBI;D;20150924;000000;118.9;118.93;118.5;118.57;7710747163;0
RGBI;D;20150925;000000;118.75;118.94;118.59;118.74;6094442455;0
RGBI;D;20150928;000000;118.7;118.82;118.24;118.56;6740000979;0
RGBI;D;20150929;000000;118.52;118.66;118.36;118.61;4951913866;0
RGBI;D;20150930;000000;118.73;119.14;118.73;119;10900240024;0
RGBI;D;20151001;000000;119.01;119.49;118.88;119.46;10170585658;0
RGBI;D;20151002;000000;119.48;119.56;119.23;119.23;7270742456;0
RGBI;D;20151005;000000;119.27;119.86;119.26;119.86;6308329197;0
RGBI;D;20151006;000000;119.88;120.84;119.88;120.82;13690834496;0
RGBI;D;20151007;000000;120.88;122.28;120.84;122.2;9374700181;0
RGBI;D;20151008;000000;122.21;122.35;121.59;121.75;7896444794;0
RGBI;D;20151009;000000;121.84;122.57;121.84;122.52;18899383692;0
RGBI;D;20151012;000000;121.99;122.63;121.99;122.25;6931856380;0
RGBI;D;20151013;000000;122.25;122.43;122.07;122.07;9977396402;0
RGBI;D;20151014;000000;122.05;122.3;122.05;122.29;10196835937;0
RGBI;D;20151015;000000;122.45;123.05;122.37;123.04;22567618795;0
RGBI;D;20151016;000000;123.03;123.63;123.03;123.63;12648141403;0
RGBI;D;20151019;000000;123.71;123.94;123.68;123.91;8790539837;0
RGBI;D;20151020;000000;123.79;123.9;123.75;123.75;6979916675;0
RGBI;D;20151021;000000;123.71;123.74;123.58;123.7;30784157248;0
RGBI;D;20151022;000000;123.75;123.97;123.65;123.97;12519844384;0
RGBI;D;20151023;000000;123.92;124.62;123.9;124.59;17522902296;0
RGBI;D;20151026;000000;124.55;124.72;124.45;124.57;11800025180;0
RGBI;D;20151027;000000;124.58;124.58;124.3;124.3;22243311398;0
RGBI;D;20151028;000000;124.25;124.54;124.13;124.54;30382238331;0
RGBI;D;20151029;000000;124.55;124.64;124.44;124.44;28752985323;0
RGBI;D;20151030;000000;124.44;124.53;124.3;124.35;17505652257;0
RGBI;D;20151102;000000;124.22;124.53;124.22;124.37;5372957963;0
RGBI;D;20151103;000000;124.41;125.12;124.41;125.12;22798228632;0
RGBI;D;20151105;000000;125.16;126.08;125.16;126.07;20441556044;0
RGBI;D;20151106;000000;126.12;126.14;125.53;125.54;20471197363;0
RGBI;D;20151109;000000;125.6;125.67;125.42;125.47;10290800437;0
RGBI;D;20151110;000000;125.46;125.72;125.4;125.72;9301846428;0
RGBI;D;20151111;000000;125.72;126.41;125.72;126.39;24814781562;0
RGBI;D;20151112;000000;126.54;126.89;125.57;125.57;21208670578;0
RGBI;D;20151113;000000;125.57;125.57;125.25;125.29;12041684806;0
RGBI;D;20151116;000000;125.16;125.34;125.04;125.19;8714227921;0
RGBI;D;20151117;000000;125.22;125.63;125.22;125.63;20646000789;0
RGBI;D;20151118;000000;125.42;125.96;124.66;125.92;20770363075;0
RGBI;D;20151119;000000;125.5;126.24;125.5;126.24;30399252986;0
RGBI;D;20151120;000000;126.32;127.34;126.32;127.03;26359385627;0
RGBI;D;20151123;000000;127.13;127.15;126.22;126.22;20763763325;0
RGBI;D;20151124;000000;126.23;126.37;125.45;125.47;11544103720;0
RGBI;D;20151125;000000;125.49;125.57;125.19;125.31;24010893314;0
RGBI;D;20151126;000000;125.41;125.85;125.41;125.76;11852981864;0
RGBI;D;20151127;000000;125.72;125.85;125.43;125.43;8766468952;0
RGBI;D;20151130;000000;125.38;125.68;125.14;125.68;13244548763;0
RGBI;D;20151201;000000;125.62;126.08;125.62;125.88;11965369096;0
RGBI;D;20151202;000000;125.92;126.01;125.82;125.94;8828276838;0
RGBI;D;20151203;000000;125.97;126.02;125.74;125.76;6764420129;0
RGBI;D;20151204;000000;125.78;125.9;125.65;125.78;10123773650;0
RGBI;D;20151207;000000;125.81;125.89;125.34;125.36;11532465662;0
RGBI;D;20151208;000000;125.36;125.36;125.03;125.03;8690454937;0
RGBI;D;20151209;000000;125.16;125.32;125.08;125.15;11139850322;0
RGBI;D;20151210;000000;125.27;125.56;125.11;125.43;6420972350;0
RGBI;D;20151211;000000;125.46;125.66;125.45;125.45;11615338062;0
RGBI;D;20151214;000000;125.49;125.51;124.69;124.71;9183671307;0
RGBI;D;20151215;000000;124.74;125.1;124.69;124.98;19592674707;0
RGBI;D;20151216;000000;125.03;125.25;124.57;124.69;12894556766;0
RGBI;D;20151217;000000;124.73;125.38;124.66;125.2;9484211737;0
RGBI;D;20151218;000000;125.31;125.41;125.15;125.29;9119836685;0
RGBI;D;20151221;000000;125.29;125.32;125.08;125.22;13564710803;0
RGBI;D;20151222;000000;125.22;125.29;125.11;125.11;12886883319;0
RGBI;D;20151223;000000;125.03;125.1;124.8;125.05;17157771484;0
RGBI;D;20151224;000000;125.06;125.48;125.06;125.46;6140725884;0
RGBI;D;20151225;000000;125.49;125.76;125.48;125.71;3224387245;0
RGBI;D;20151228;000000;125.73;126.06;125.73;125.78;6718165231;0
RGBI;D;20151229;000000;125.78;126.14;125.75;126.09;4903128013;0
RGBI;D;20151230;000000;126.12;126.44;126.12;126.25;14738035799;0
RGBI;D;20160104;000000;126.25;126.45;126.2;126.44;6680013;0
RGBI;D;20160105;000000;126.47;126.77;126.44;126.77;3609964;0
RGBI;D;20160106;000000;126.83;126.95;126.53;126.86;20631701;0
RGBI;D;20160111;000000;126.88;126.91;125.17;125.17;12473245549;0
RGBI;D;20160112;000000;125.17;125.17;123.65;123.66;17765159882;0
RGBI;D;20160113;000000;123.69;123.97;123.45;123.54;17620608595;0
RGBI;D;20160114;000000;123.57;123.64;123;123.01;24440165768;0
RGBI;D;20160115;000000;123.04;123.48;122.51;122.51;18358672204;0
RGBI;D;20160118;000000;122.48;122.48;121.87;122.04;10745593341;0
RGBI;D;20160119;000000;121.99;122.95;121.99;122.91;41606566063;0
RGBI;D;20160120;000000;122.94;122.97;121.9;121.9;29758410922;0
RGBI;D;20160121;000000;121.93;121.96;120.86;121.15;37747884754;0
RGBI;D;20160122;000000;121.21;122.54;121.21;122.33;28780912716;0
RGBI;D;20160125;000000;122.47;123.33;122.45;122.56;12668678342;0
RGBI;D;20160126;000000;122.55;122.83;122.42;122.83;13454123099;0
RGBI;D;20160127;000000;122.87;123.58;122.87;123.58;8666839261;0
RGBI;D;20160128;000000;123.73;124.68;123.72;124.61;14770070049;0
RGBI;D;20160129;000000;124.63;125.06;124.4;124.42;23840461499;0
RGBI;D;20160201;000000;124.36;124.52;123.96;123.96;7686153210;0
RGBI;D;20160202;000000;123.9;123.94;123.34;123.4;12690030482;0
RGBI;D;20160203;000000;123.42;123.84;123.39;123.78;14259601193;0
RGBI;D;20160204;000000;123.8;124.34;123.8;124.31;17470801313;0
RGBI;D;20160205;000000;124.33;124.36;124.06;124.16;5948006011;0
RGBI;D;20160208;000000;124.16;124.23;124.06;124.12;11864605133;0
RGBI;D;20160209;000000;124.13;124.17;123.65;123.65;20677896852;0
RGBI;D;20160210;000000;123.67;123.87;123.46;123.86;14108091659;0
RGBI;D;20160211;000000;123.85;124.22;123.83;123.83;15551609213;0
RGBI;D;20160212;000000;123.84;124.08;123.78;123.78;8635977233;0
RGBI;D;20160215;000000;123.83;124.64;123.83;124.53;8295533452;0
RGBI;D;20160216;000000;124.53;124.81;124.39;124.39;12313472824;0
RGBI;D;20160217;000000;124.36;124.42;124.01;124.42;6939774514;0
RGBI;D;20160218;000000;124.38;125.12;124.38;125.11;11104325135;0
RGBI;D;20160219;000000;125.12;125.46;125.06;125.35;10903161312;0
RGBI;D;20160220;000000;125.35;125.44;125.07;125.39;40391554;0
RGBI;D;20160222;000000;125.43;125.66;125.38;125.63;45907364;0
RGBI;D;20160224;000000;125.68;125.91;125.6;125.73;9063267882;0
RGBI;D;20160225;000000;125.75;126.58;125.75;126.58;22051776975;0
RGBI;D;20160226;000000;126.62;127.15;126.57;127.04;13502891113;0
RGBI;D;20160229;000000;127.06;127.43;126.93;127.04;4574518466;0
RGBI;D;20160301;000000;127.08;127.93;127.04;127.92;22407695987;0
RGBI;D;20160302;000000;127.95;128.44;127.95;128.42;6593708104;0
RGBI;D;20160303;000000;128.46;128.62;128.44;128.58;4593267914;0
RGBI;D;20160304;000000;128.58;128.99;128.58;128.98;5675131192;0
RGBI;D;20160307;000000;129.01;129.15;128.98;129.15;66118985;0
RGBI;D;20160309;000000;129.15;129.33;128.97;129.18;8681284393;0
RGBI;D;20160310;000000;129.17;129.19;128.95;129.05;16659059890;0
RGBI;D;20160311;000000;129.03;129.21;128.75;128.75;13147549660;0
RGBI;D;20160314;000000;128.78;128.78;128.23;128.29;7689914104;0
RGBI;D;20160315;000000;128.34;128.38;128.09;128.09;14661194100;0
RGBI;D;20160316;000000;128.05;128.16;128;128.16;9545353484;0
RGBI;D;20160317;000000;128.27;129.24;128.27;129.23;15079438776;0
RGBI;D;20160318;000000;129.33;129.97;129.33;129.97;11354298261;0
RGBI;D;20160321;000000;130;130.07;129.71;129.86;6690175724;0
RGBI;D;20160322;000000;129.84;130.01;129.79;129.9;10180090260;0
RGBI;D;20160323;000000;129.9;130.06;129.71;129.71;9931782870;0
RGBI;D;20160324;000000;129.63;129.63;128.92;128.94;16074739943;0
RGBI;D;20160325;000000;128.97;129.41;128.97;129.38;2550120235;0
RGBI;D;20160328;000000;129.33;129.46;129.32;129.34;2889116756;0
RGBI;D;20160329;000000;129.34;129.43;129.08;129.08;10186569210;0
RGBI;D;20160330;000000;129.07;129.56;129.07;129.56;12120997368;0
RGBI;D;20160331;000000;129.59;129.78;129.55;129.61;13193749156;0
RGBI;D;20160401;000000;129.64;129.76;129.57;129.57;7552315931;0
RGBI;D;20160404;000000;129.63;129.63;129.27;129.47;8288805689;0
RGBI;D;20160405;000000;129.46;129.47;129.16;129.17;8356815636;0
RGBI;D;20160406;000000;129.13;129.35;129.13;129.19;13923915367;0
RGBI;D;20160407;000000;129.12;129.37;128.85;128.85;16698983262;0
RGBI;D;20160408;000000;128.88;129.08;128.76;129;12983575348;0
RGBI;D;20160411;000000;128.94;129.18;128.83;129.16;9288734687;0
RGBI;D;20160412;000000;129.19;129.29;129.19;129.28;9811244870;0
RGBI;D;20160413;000000;129.26;129.31;129.19;129.28;10785434598;0
RGBI;D;20160414;000000;129.32;129.32;129.1;129.18;7964129358;0
RGBI;D;20160415;000000;129.21;129.31;129.17;129.22;9925747619;0
RGBI;D;20160418;000000;129.19;129.19;128.81;129.01;6131324056;0
RGBI;D;20160419;000000;129.01;129.54;129.01;129.47;2661863989;0
RGBI;D;20160420;000000;129.45;129.67;129.28;129.67;4086542384;0
RGBI;D;20160421;000000;129.71;129.87;129.67;129.67;20506040944;0
RGBI;D;20160422;000000;129.68;129.72;129.47;129.47;16637288256;0
RGBI;D;20160425;000000;129.47;129.57;129.28;129.29;8273978553;0
RGBI;D;20160426;000000;129.33;129.36;129.24;129.28;13212048677;0
RGBI;D;20160427;000000;129.28;129.42;129.27;129.42;21637441089;0
RGBI;D;20160428;000000;129.43;129.8;129.43;129.79;42240785516;0
RGBI;D;20160429;000000;129.83;130.41;129.83;130.41;17371061850;0
RGBI;D;20160504;000000;130.26;130.28;130.13;130.2;11162360247;0
RGBI;D;20160505;000000;130.24;130.29;130.17;130.28;6582994477;0
RGBI;D;20160506;000000;130.25;130.4;130.22;130.29;14153493985;0
RGBI;D;20160510;000000;130.28;130.29;130.11;130.21;11359640750;0
RGBI;D;20160511;000000;130.22;130.65;130.22;130.63;23710327145;0
RGBI;D;20160512;000000;130.59;131;130.59;130.92;18336259052;0
RGBI;D;20160513;000000;130.89;130.95;130.83;130.95;8005505520;0
RGBI;D;20160516;000000;131.01;131.18;130.97;131.13;8903288636;0
RGBI;D;20160517;000000;131.12;131.21;130.99;131.01;8028452242;0
RGBI;D;20160518;000000;131.01;131.04;130.75;130.83;12442156768;0
RGBI;D;20160519;000000;130.83;130.85;129.78;129.98;14859337085;0
RGBI;D;20160520;000000;130.01;130.67;130.01;130.61;8888317363;0
RGBI;D;20160523;000000;130.6;130.6;130.39;130.52;11176331229;0
RGBI;D;20160524;000000;130.54;130.58;130.52;130.54;9074998846;0
RGBI;D;20160525;000000;130.55;130.81;130.54;130.79;13896245099;0
RGBI;D;20160526;000000;130.79;130.83;130.65;130.66;9969958729;0
RGBI;D;20160527;000000;130.65;130.67;130.54;130.55;13212198386;0
RGBI;D;20160530;000000;130.58;130.72;130.51;130.57;1294680802;0
RGBI;D;20160531;000000;130.56;130.6;130.48;130.6;7878913422;0
RGBI;D;20160601;000000;130.6;130.6;130.32;130.33;7968365873;0
RGBI;D;20160602;000000;130.29;130.32;130.03;130.03;10246044795;0
RGBI;D;20160603;000000;130.02;130.24;130.01;130.21;20234891468;0
RGBI;D;20160606;000000;130.22;130.99;130.22;130.99;20242876580;0
RGBI;D;20160607;000000;131;131.32;130.96;131.28;4984282979;0
RGBI;D;20160608;000000;131.26;131.44;131.13;131.42;13358926986;0
RGBI;D;20160609;000000;131.39;131.39;131.05;131.07;12649394857;0
RGBI;D;20160610;000000;131.04;131.69;131.01;131.64;13968325823;0
RGBI;D;20160614;000000;131.64;131.67;131.03;131.14;7028850851;0
RGBI;D;20160615;000000;131.11;131.24;130.92;131.23;10985484752;0
RGBI;D;20160616;000000;131.2;131.21;130.97;131.13;4710541299;0
RGBI;D;20160617;000000;131.14;131.31;131.04;131.3;2955650004;0
RGBI;D;20160620;000000;131.29;131.7;131.28;131.7;8213386491;0
RGBI;D;20160621;000000;131.71;131.82;131.55;131.82;5516821905;0
RGBI;D;20160622;000000;131.81;131.92;131.78;131.91;5205797793;0
RGBI;D;20160623;000000;131.83;132.02;131.6;132.02;3050786140;0
RGBI;D;20160624;000000;131.75;131.75;130.89;131.33;16114093461;0
RGBI;D;20160627;000000;131.41;132.01;131.41;132.01;7793707056;0
RGBI;D;20160628;000000;131.96;132.26;131.96;132.26;11390054591;0
RGBI;D;20160629;000000;132.26;132.5;132.26;132.5;14684430277;0
RGBI;D;20160630;000000;132.5;132.78;132.41;132.78;12498195561;0
RGBI;D;20160701;000000;132.81;133.41;132.72;133.31;12986670861;0
RGBI;D;20160704;000000;133.31;133.32;132.98;132.98;5602223448;0
RGBI;D;20160705;000000;132.98;132.98;132.62;132.64;14598907168;0
RGBI;D;20160706;000000;132.62;132.62;132.28;132.31;11865161998;0
RGBI;D;20160707;000000;132.32;132.67;132.32;132.64;8455676419;0
RGBI;D;20160708;000000;132.63;132.63;132.14;132.31;12283000339;0
RGBI;D;20160711;000000;132.36;132.41;132.26;132.41;4088908240;0
RGBI;D;20160712;000000;132.43;132.77;132.4;132.68;14484015650;0
RGBI;D;20160713;000000;132.68;132.68;132.38;132.49;7390842238;0
RGBI;D;20160714;000000;132.52;132.69;132.47;132.69;19330189384;0
RGBI;D;20160715;000000;132.71;132.76;132.58;132.63;9088865803;0
RGBI;D;20160718;000000;132.63;132.63;132.36;132.37;4500371680;0
RGBI;D;20160719;000000;132.37;132.43;132.31;132.35;3542312709;0
RGBI;D;20160720;000000;132.35;132.37;132.13;132.3;5850552490;0
RGBI;D;20160721;000000;132.28;132.34;132.18;132.22;4365548698;0
RGBI;D;20160722;000000;132.22;132.3;132.02;132.02;13104186153;0
RGBI;D;20160725;000000;132.03;132.15;131.78;132.1;7947685399;0
RGBI;D;20160726;000000;132.13;132.15;131.85;131.9;9186010137;0
RGBI;D;20160727;000000;131.9;132.08;131.84;132.05;10790325603;0
RGBI;D;20160728;000000;132.05;132.23;132.04;132.23;17815563884;0
RGBI;D;20160729;000000;132.23;132.51;132.19;132.51;11549091983;0
RGBI;D;20160801;000000;132.5;132.7;132.48;132.68;5496548348;0
RGBI;D;20160802;000000;132.62;132.62;132.43;132.52;15166317859;0
RGBI;D;20160803;000000;132.5;132.5;132.32;132.33;8375497374;0
RGBI;D;20160804;000000;132.33;132.48;132.3;132.47;11359033585;0
RGBI;D;20160805;000000;132.48;132.97;132.48;132.96;11291995365;0
RGBI;D;20160808;000000;133.04;133.11;132.87;133.02;8513444201;0
RGBI;D;20160809;000000;132.99;133.22;132.99;133.2;10393169348;0
RGBI;D;20160810;000000;133.23;133.43;133.07;133.42;8879692461;0
RGBI;D;20160811;000000;133.43;133.43;133.24;133.34;10113702669;0
RGBI;D;20160812;000000;133.33;133.56;133.25;133.26;12649002472;0
RGBI;D;20160815;000000;133.27;133.33;133.18;133.25;11297830885;0
RGBI;D;20160816;000000;133.26;133.35;133.15;133.29;10660900705;0
RGBI;D;20160817;000000;133.26;133.26;133.07;133.12;5933368773;0
RGBI;D;20160818;000000;133.1;133.27;133.1;133.27;8479957105;0
RGBI;D;20160819;000000;133.28;133.69;133.21;133.54;3572163489;0
RGBI;D;20160822;000000;133.55;133.57;133.17;133.2;2441971449;0
RGBI;D;20160823;000000;133.21;133.34;133.13;133.34;4048062635;0
RGBI;D;20160824;000000;133.32;133.36;133.27;133.29;5055725285;0
RGBI;D;20160825;000000;133.28;133.45;133.17;133.45;4539872852;0
RGBI;D;20160826;000000;133.42;133.59;133.36;133.57;3587864751;0
RGBI;D;20160829;000000;133.55;133.6;133.35;133.58;1629807959;0
RGBI;D;20160830;000000;133.57;133.7;133.46;133.7;1340853592;0
RGBI;D;20160831;000000;133.73;133.92;133.68;133.91;15410064506;0
RGBI;D;20160901;000000;133.83;134.12;133.83;134.08;10182495674;0
RGBI;D;20160902;000000;134.07;134.33;133.98;134.33;11951008464;0
RGBI;D;20160905;000000;134.3;134.74;134.3;134.58;3782288097;0
RGBI;D;20160906;000000;134.55;134.71;134.55;134.7;15331279221;0
RGBI;D;20160907;000000;134.69;135.26;134.69;135.2;15968551512;0
RGBI;D;20160908;000000;135.27;135.6;135.23;135.58;17402053957;0
RGBI;D;20160909;000000;135.54;135.61;135.26;135.26;10033862460;0
RGBI;D;20160912;000000;135.26;135.32;134.84;134.9;11490624695;0
RGBI;D;20160913;000000;134.95;135.15;134.82;134.98;8595836072;0
RGBI;D;20160914;000000;135;135.2;134.88;134.88;18809069694;0
RGBI;D;20160915;000000;134.87;135.07;134.87;134.99;12350233879;0
RGBI;D;20160916;000000;135;135.12;134.54;134.54;15126483155;0
RGBI;D;20160919;000000;134.58;134.6;134.14;134.14;12012113574;0
RGBI;D;20160920;000000;134.12;134.14;133.65;133.68;28325684797;0
RGBI;D;20160921;000000;133.67;134.38;133.66;134.38;27600125194;0
RGBI;D;20160922;000000;134.42;135.09;134.42;134.85;25598836758;0
RGBI;D;20160923;000000;134.81;134.85;134.55;134.56;18172986274;0
RGBI;D;20160926;000000;134.62;134.64;134.31;134.35;18762995117;0
RGBI;D;20160927;000000;134.38;134.48;134.3;134.31;13011190032;0
RGBI;D;20160928;000000;134.33;134.35;134.16;134.26;13718552384;0
RGBI;D;20160929;000000;134.29;134.66;134.28;134.66;15802449725;0
RGBI;D;20160930;000000;134.65;134.69;134.54;134.56;14430250470;0
RGBI;D;20161003;000000;134.62;135.09;134.62;135.07;10868739759;0
RGBI;D;20161004;000000;135;135.16;134.95;134.95;10117610246;0
RGBI;D;20161005;000000;134.88;134.94;134.74;134.74;8799641628;0
RGBI;D;20161006;000000;134.72;134.74;134.36;134.41;9052606388;0
RGBI;D;20161007;000000;134.33;134.5;134.12;134.18;5090180471;0
RGBI;D;20161010;000000;134.22;134.24;133.96;134.01;7295443181;0
RGBI;D;20161011;000000;134.03;134.07;133.84;133.84;10361654260;0
RGBI;D;20161012;000000;133.79;133.81;133.61;133.7;6490126388;0
RGBI;D;20161013;000000;133.73;133.75;133.29;133.37;3643832768;0
RGBI;D;20161014;000000;133.4;133.59;133.37;133.55;7973800272;0
RGBI;D;20161017;000000;133.6;133.6;133.09;133.09;9462310647;0
RGBI;D;20161018;000000;133.11;133.11;132.79;132.88;6414745585;0
RGBI;D;20161019;000000;132.87;133.47;132.79;133.39;11365967361;0
RGBI;D;20161020;000000;133.37;133.53;133.34;133.47;5585841725;0
RGBI;D;20161021;000000;133.51;133.67;133.35;133.67;6553037430;0
RGBI;D;20161024;000000;133.64;133.76;133.52;133.71;3867602535;0
RGBI;D;20161025;000000;133.68;133.73;133.55;133.56;3181395223;0
RGBI;D;20161026;000000;133.56;133.61;133.39;133.41;6109411461;0
RGBI;D;20161027;000000;133.42;133.45;133.15;133.15;18528854224;0
RGBI;D;20161028;000000;133.17;133.22;132.8;132.83;7118329820;0
RGBI;D;20161031;000000;132.92;132.92;132.69;132.77;8575904241;0
RGBI;D;20161101;000000;132.76;132.87;132.74;132.76;10171625469;0
RGBI;D;20161102;000000;132.8;132.88;132.37;132.47;12302519437;0
RGBI;D;20161103;000000;132.44;132.53;132.2;132.53;10794191629;0
RGBI;D;20161107;000000;132.51;133.03;132.51;133.03;13127730925;0
RGBI;D;20161108;000000;133.07;133.34;133.07;133.3;4754487574;0
RGBI;D;20161109;000000;133.28;133.48;133.11;133.16;18408111171;0
RGBI;D;20161110;000000;133.19;133.24;132.77;132.77;11770562710;0
RGBI;D;20161111;000000;132.78;132.78;131.72;131.72;28392881100;0
RGBI;D;20161114;000000;131.69;131.77;131.3;131.48;11530000105;0
RGBI;D;20161115;000000;131.5;132;131.5;131.99;11944795865;0
RGBI;D;20161116;000000;132.03;132.23;131.77;131.79;6674597681;0
RGBI;D;20161117;000000;131.85;132.04;131.82;132.04;6974455150;0
RGBI;D;20161118;000000;132.04;132.07;131.75;132.01;6292938671;0
RGBI;D;20161121;000000;132;132.34;132;132.29;4435647806;0
RGBI;D;20161122;000000;132.31;132.57;132.31;132.37;6300914271;0
RGBI;D;20161123;000000;132.38;132.48;132.04;132.04;11681035176;0
RGBI;D;20161124;000000;131.99;132.22;131.7;132.09;5546462139;0
RGBI;D;20161125;000000;132.12;132.12;131.81;131.81;13030670162;0
RGBI;D;20161128;000000;131.82;131.85;131.72;131.85;1693246480;0
RGBI;D;20161129;000000;131.87;132.03;131.77;131.8;5452427269;0
RGBI;D;20161130;000000;131.82;131.82;131.59;131.74;10040554454;0
RGBI;D;20161201;000000;131.8;132.08;131.72;132.08;16133705482;0
RGBI;D;20161202;000000;132.14;132.25;132.09;132.14;6725123095;0
RGBI;D;20161205;000000;132.16;132.27;132.05;132.26;8190241071;0
RGBI;D;20161206;000000;132.28;132.48;132.25;132.48;15061245737;0
RGBI;D;20161207;000000;132.54;132.91;132.52;132.91;25348925810;0
RGBI;D;20161208;000000;132.9;133.21;132.81;133.19;14911575317;0
RGBI;D;20161209;000000;133.18;133.48;133.18;133.47;19032035290;0
RGBI;D;20161212;000000;133.46;133.94;133.46;133.94;12783180803;0
RGBI;D;20161213;000000;133.77;134.06;133.77;133.95;18381485250;0
RGBI;D;20161214;000000;133.98;134.21;133.97;134.21;23996722708;0
RGBI;D;20161215;000000;134.11;134.16;133.86;133.92;24648515091;0
RGBI;D;20161216;000000;133.94;134.07;133.93;134.03;9053105943;0
RGBI;D;20161219;000000;133.99;134.06;133.9;134;5300017572;0
RGBI;D;20161220;000000;134.02;134.11;134.01;134.01;9799826265;0
RGBI;D;20161221;000000;134.02;134.09;133.94;133.94;8378338983;0
RGBI;D;20161222;000000;133.94;134.1;133.84;134.04;11484624341;0
RGBI;D;20161223;000000;134;134.22;133.54;134.22;13547016056;0
RGBI;D;20161226;000000;134.27;134.27;134.05;134.09;4275213173;0
RGBI;D;20161227;000000;134.11;134.27;134.09;134.25;7539692899;0
RGBI;D;20161228;000000;134.27;134.41;134.17;134.36;16500792736;0
RGBI;D;20161229;000000;134.42;134.77;134.41;134.74;6094383653;0
RGBI;D;20161230;000000;134.79;135.08;134.71;134.72;2870214677;0
RGBI;D;20170103;000000;134.78;134.89;134.65;134.89;83662159;0
RGBI;D;20170104;000000;134.89;135.32;134.89;135.31;24077997;0
RGBI;D;20170105;000000;135.22;135.38;135.2;135.33;32803211;0
RGBI;D;20170106;000000;135.25;135.49;135.15;135.47;85103945;0
RGBI;D;20170109;000000;135.49;135.62;135.2;135.62;6346680243;0
RGBI;D;20170110;000000;135.64;135.99;135.64;135.99;21022546987;0
RGBI;D;20170111;000000;136.03;136.12;135.82;136.05;17945633407;0
RGBI;D;20170112;000000;136;136.41;135.8;136.41;17485831361;0
RGBI;D;20170113;000000;136.4;136.52;136.34;136.51;12632673378;0
RGBI;D;20170116;000000;136.51;136.51;136.37;136.37;5196519114;0
RGBI;D;20170117;000000;136.37;136.54;136.37;136.54;17275871478;0
RGBI;D;20170118;000000;136.52;136.55;136.38;136.42;10823076469;0
RGBI;D;20170119;000000;136.41;136.46;136.1;136.18;19500145870;0
RGBI;D;20170120;000000;136.31;136.4;136.23;136.28;10765847071;0
RGBI;D;20170123;000000;136.3;136.32;136.24;136.25;6923619715;0
RGBI;D;20170124;000000;136.27;136.3;136.09;136.09;11632309839;0
RGBI;D;20170125;000000;136.09;136.13;135.68;135.68;18904576996;0
RGBI;D;20170126;000000;135.65;135.66;134.98;135;27572870938;0
RGBI;D;20170127;000000;135.03;135.49;134.86;135.49;23020525992;0
RGBI;D;20170130;000000;135.54;135.72;135.45;135.68;5080834685;0
RGBI;D;20170131;000000;135.68;135.7;135.37;135.69;16537113452;0
RGBI;D;20170201;000000;135.69;135.86;135.65;135.82;10933257610;0
RGBI;D;20170202;000000;135.81;136.09;135.81;136.07;21123275369;0
RGBI;D;20170203;000000;136.1;136.25;136;136;17010967754;0
RGBI;D;20170206;000000;136.02;136.03;135.78;135.94;6716774732;0
RGBI;D;20170207;000000;135.97;136.04;135.68;135.68;7121458422;0
RGBI;D;20170208;000000;135.76;135.81;135.61;135.64;7833678064;0
RGBI;D;20170209;000000;135.65;135.78;135.65;135.73;6945122386;0
RGBI;D;20170210;000000;135.68;135.89;135.63;135.87;9393815072;0
RGBI;D;20170213;000000;135.86;136.01;135.73;135.97;5134698736;0
RGBI;D;20170214;000000;135.99;135.99;135.81;135.94;4309353098;0
RGBI;D;20170215;000000;135.96;135.97;135.61;135.61;19589319083;0
RGBI;D;20170216;000000;135.58;135.71;135.36;135.36;14747455106;0
RGBI;D;20170217;000000;135.35;135.36;134.94;134.95;10444573738;0
RGBI;D;20170220;000000;134.97;135.16;134.92;135.04;6624520886;0
RGBI;D;20170221;000000;135.04;135.14;134.85;135.1;5548667587;0
RGBI;D;20170222;000000;135.13;135.14;134.93;134.95;13405759578;0
RGBI;D;20170224;000000;134.98;135.15;134.88;135.09;9977278;0
RGBI;D;20170227;000000;135.14;135.14;134.72;134.92;5461698268;0
RGBI;D;20170228;000000;134.95;134.95;134.69;134.71;6429167063;0
RGBI;D;20170301;000000;134.74;134.81;134.48;134.8;18779218196;0
RGBI;D;20170302;000000;134.83;134.85;134.52;134.52;11688125466;0
RGBI;D;20170303;000000;134.56;134.75;134.53;134.75;19947518777;0
RGBI;D;20170306;000000;134.82;135.08;134.74;135.03;6186474707;0
RGBI;D;20170307;000000;135.06;135.16;134.87;135.16;2965147804;0
RGBI;D;20170309;000000;135.08;135.1;134.73;135;12228105145;0
RGBI;D;20170310;000000;135.01;135.35;134.96;135.33;13464663747;0
RGBI;D;20170313;000000;135.35;135.5;135.15;135.48;10791639931;0
RGBI;D;20170314;000000;135.48;135.57;135.45;135.56;9749864575;0
RGBI;D;20170315;000000;135.56;135.87;135.44;135.86;13693198140;0
RGBI;D;20170316;000000;135.92;136.22;135.92;136.22;51053176183;0
RGBI;D;20170317;000000;136.23;136.32;136.09;136.32;25357955183;0
RGBI;D;20170320;000000;136.34;136.57;136.34;136.49;12300723652;0
RGBI;D;20170321;000000;136.49;136.55;136.39;136.5;19280601469;0
RGBI;D;20170322;000000;136.51;136.54;136.2;136.21;14709062575;0
RGBI;D;20170323;000000;136.21;136.39;136.21;136.32;16835740907;0
RGBI;D;20170324;000000;136.31;136.57;136.3;136.51;16408889401;0
RGBI;D;20170327;000000;136.5;136.52;136.15;136.52;16016752898;0
RGBI;D;20170328;000000;136.51;136.58;136.43;136.53;8806466487;0
RGBI;D;20170329;000000;136.55;136.73;136.46;136.49;8393636933;0
RGBI;D;20170330;000000;136.55;136.84;136.55;136.84;15421892987;0
RGBI;D;20170331;000000;136.83;137;136.76;136.77;9779431674;0
RGBI;D;20170403;000000;136.78;136.95;136.69;136.7;3888391773;0
RGBI;D;20170404;000000;136.68;136.71;136.52;136.58;7630545541;0
RGBI;D;20170405;000000;136.63;137;136.63;136.94;22731485219;0
RGBI;D;20170406;000000;136.94;137.08;136.81;137.06;13824602981;0
RGBI;D;20170407;000000;137.1;137.11;136.58;136.84;13148984966;0
RGBI;D;20170410;000000;136.87;136.92;136.42;136.43;6765540874;0
RGBI;D;20170411;000000;136.46;136.59;136.38;136.4;15342760324;0
RGBI;D;20170412;000000;136.45;136.45;136.16;136.16;7823487466;0
RGBI;D;20170413;000000;136.19;136.36;136.19;136.3;22750381254;0
RGBI;D;20170414;000000;136.31;136.64;136.31;136.53;6688648405;0
RGBI;D;20170417;000000;136.55;136.6;136.42;136.6;5558636834;0
RGBI;D;20170418;000000;136.63;136.68;136.5;136.53;9592298414;0
RGBI;D;20170419;000000;136.56;136.79;136.4;136.79;17228459390;0
RGBI;D;20170420;000000;136.8;137.04;136.63;137.04;18273240514;0
RGBI;D;20170421;000000;137.03;137.65;137.01;137.65;21993055807;0
RGBI;D;20170424;000000;137.64;138.3;137.64;138.17;9533711701;0
RGBI;D;20170425;000000;138.21;138.3;137.88;138;8328789483;0
RGBI;D;20170426;000000;138.01;138.01;137.81;137.92;7580894488;0
RGBI;D;20170427;000000;137.93;137.98;137.82;137.85;5860647180;0
RGBI;D;20170428;000000;137.87;138.34;137.86;138.34;13297758086;0
RGBI;D;20170502;000000;138.34;138.48;138.24;138.45;3752063070;0
RGBI;D;20170503;000000;138.46;138.57;138.35;138.5;8186530607;0
RGBI;D;20170504;000000;138.52;138.52;138.14;138.14;7532098601;0
RGBI;D;20170505;000000;138.07;138.08;137.47;137.57;15559649221;0
RGBI;D;20170510;000000;137.53;138.05;137.3;137.96;9390566194;0
RGBI;D;20170511;000000;137.85;138.54;137.85;138.47;11833198305;0
RGBI;D;20170512;000000;138.51;138.59;138.4;138.58;17825311903;0
RGBI;D;20170515;000000;138.6;138.76;138.57;138.68;7546606308;0
RGBI;D;20170516;000000;138.69;138.83;138.6;138.6;12139573573;0
RGBI;D;20170517;000000;138.6;138.7;138.38;138.38;6010860618;0
RGBI;D;20170518;000000;138.38;138.38;137.91;138;7587262153;0
RGBI;D;20170519;000000;138;138.51;138;138.51;6492252939;0
RGBI;D;20170522;000000;138.54;138.74;138.45;138.7;10080945879;0
RGBI;D;20170523;000000;138.69;138.74;138.57;138.67;6010748897;0
RGBI;D;20170524;000000;138.7;138.85;138.47;138.48;13450316899;0
RGBI;D;20170525;000000;138.5;138.68;138.4;138.4;4080511996;0
RGBI;D;20170526;000000;138.41;138.41;138.02;138.07;13633589817;0
RGBI;D;20170529;000000;138.11;138.21;137.99;138.19;1235111373;0
RGBI;D;20170530;000000;138.2;138.47;138.07;138.09;3846266850;0
RGBI;D;20170531;000000;138.15;138.2;137.86;138;14077924553;0
RGBI;D;20170601;000000;137.96;138.29;137.96;138.21;15848402873;0
RGBI;D;20170602;000000;138.3;138.4;138.14;138.39;10251106992;0
RGBI;D;20170605;000000;138.38;138.48;138.22;138.43;5670499587;0
RGBI;D;20170606;000000;138.45;138.52;138.37;138.4;6255432149;0
RGBI;D;20170607;000000;138.34;138.54;138.29;138.49;9433693490;0
RGBI;D;20170608;000000;138.48;138.49;138.31;138.33;10739023511;0
RGBI;D;20170609;000000;138.29;138.53;138.26;138.53;5243564834;0
RGBI;D;20170613;000000;138.54;138.65;138.5;138.65;8463104647;0
RGBI;D;20170614;000000;138.68;138.7;138.47;138.51;19468661293;0
RGBI;D;20170615;000000;138.52;138.54;138.11;138.11;26394021720;0
RGBI;D;20170616;000000;138.12;138.12;137.69;137.69;26984893214;0
RGBI;D;20170619;000000;137.67;137.74;137.14;137.18;26700161982;0
RGBI;D;20170620;000000;137.23;137.37;137.12;137.2;30814176490;0
RGBI;D;20170621;000000;137.15;137.34;137.11;137.33;17083335429;0
RGBI;D;20170622;000000;137.3;137.55;137.15;137.54;24094397156;0
RGBI;D;20170623;000000;137.55;137.86;137.41;137.85;8496947354;0
RGBI;D;20170626;000000;137.84;138.2;137.83;138.11;13120043379;0
RGBI;D;20170627;000000;138.09;138.15;137.97;137.98;17304128833;0
RGBI;D;20170628;000000;137.95;137.95;137.72;137.76;11853222988;0
RGBI;D;20170629;000000;137.78;138.06;137.77;137.86;17695634151;0
RGBI;D;20170630;000000;137.87;137.92;137.65;137.82;5427414704;0
RGBI;D;20170703;000000;137.86;138.04;137.84;137.84;3499241623;0
RGBI;D;20170704;000000;137.85;137.95;137.78;137.89;2043688609;0
RGBI;D;20170705;000000;137.89;137.89;137.54;137.54;19866527899;0
RGBI;D;20170706;000000;137.52;137.55;137.15;137.19;22565880651;0
RGBI;D;20170707;000000;137.19;137.26;136.85;136.94;21395990145;0
RGBI;D;20170710;000000;136.95;137.18;136.95;137.15;7192987957;0
RGBI;D;20170711;000000;137.17;137.22;136.96;136.97;9185940673;0
RGBI;D;20170712;000000;136.99;137.21;136.92;137.21;17666334860;0
RGBI;D;20170713;000000;137.18;137.42;137.16;137.37;9326061759;0
RGBI;D;20170714;000000;137.35;137.63;137.32;137.63;17119516470;0
RGBI;D;20170717;000000;137.64;137.8;137.61;137.71;6825798007;0
RGBI;D;20170718;000000;137.7;137.7;137.56;137.67;9761733207;0
RGBI;D;20170719;000000;137.67;137.9;137.61;137.61;9576733267;0
RGBI;D;20170720;000000;137.65;137.66;137.5;137.62;16268456924;0
RGBI;D;20170721;000000;137.64;137.99;137.64;137.86;19552138687;0
RGBI;D;20170724;000000;137.85;137.85;137.24;137.24;17319279831;0
RGBI;D;20170725;000000;137.25;137.27;137.12;137.26;13554830701;0
RGBI;D;20170726;000000;137.31;137.42;137.19;137.42;11853390732;0
RGBI;D;20170727;000000;137.43;137.72;137.37;137.72;10658243739;0
RGBI;D;20170728;000000;137.72;137.87;137.68;137.68;10999032743;0
RGBI;D;20170731;000000;137.67;137.67;137.48;137.6;6741080064;0
RGBI;D;20170801;000000;137.61;137.68;137.56;137.61;5935028838;0
RGBI;D;20170802;000000;137.64;137.77;137.46;137.52;18287004124;0
RGBI;D;20170803;000000;137.51;137.7;137.47;137.7;24528266937;0
RGBI;D;20170804;000000;137.75;138.05;137.75;138.05;16585631288;0
RGBI;D;20170807;000000;138.06;138.28;138.06;138.2;7674766017;0
RGBI;D;20170808;000000;138.17;138.21;138.04;138.04;7215177489;0
RGBI;D;20170809;000000;138.08;138.1;137.99;138.04;2333621396;0
RGBI;D;20170810;000000;138.03;138.2;137.94;138.19;9273848859;0
RGBI;D;20170811;000000;138.18;138.18;137.8;138.09;6315161512;0
RGBI;D;20170814;000000;138.08;138.33;138;138.32;7803657581;0
RGBI;D;20170815;000000;138.3;138.5;138.24;138.25;15278676183;0
RGBI;D;20170816;000000;138.34;138.38;138.19;138.29;15302861501;0
RGBI;D;20170817;000000;138.29;138.39;138.23;138.36;21507197958;0
RGBI;D;20170818;000000;138.39;138.45;138.33;138.4;4104075597;0
RGBI;D;20170821;000000;138.42;138.5;138.32;138.4;9100403795;0
RGBI;D;20170822;000000;138.46;138.46;138.37;138.38;10967165086;0
RGBI;D;20170823;000000;138.39;138.45;138.35;138.45;6092990334;0
RGBI;D;20170824;000000;138.45;138.48;138.38;138.44;11497421565;0
RGBI;D;20170825;000000;138.43;138.49;138.4;138.41;7623418506;0
RGBI;D;20170828;000000;138.38;138.51;138.32;138.43;2957012489;0
RGBI;D;20170829;000000;138.38;138.38;138.24;138.25;11736951277;0
RGBI;D;20170830;000000;138.25;138.38;138.2;138.37;17825194673;0
RGBI;D;20170831;000000;138.4;138.62;138.34;138.62;20933691911;0
RGBI;D;20170901;000000;138.61;139.06;138.61;139.06;28391317509;0
RGBI;D;20170904;000000;139.09;139.27;139.05;139.12;2587479453;0
RGBI;D;20170905;000000;139.09;139.32;139.03;139.32;33347829051;0
RGBI;D;20170906;000000;139.35;139.88;139.35;139.88;28028433538;0
RGBI;D;20170907;000000;139.86;140.04;139.84;140.02;22608858531;0
RGBI;D;20170908;000000;140;140.07;139.97;140.01;14129076447;0
RGBI;D;20170911;000000;139.99;140.01;139.91;139.98;5467392279;0
RGBI;D;20170912;000000;139.97;140.01;139.87;139.87;11778006045;0
RGBI;D;20170913;000000;139.89;139.96;139.79;139.84;19142252923;0
RGBI;D;20170914;000000;139.87;139.97;139.85;139.91;20344740089;0
RGBI;D;20170915;000000;139.87;139.96;139.77;139.96;28519661934;0
RGBI;D;20170918;000000;139.98;140.09;139.84;139.84;16964050175;0
RGBI;D;20170919;000000;139.83;139.86;139.71;139.73;11049384596;0
RGBI;D;20170920;000000;139.73;139.9;139.7;139.88;10174714726;0
RGBI;D;20170921;000000;139.91;140.03;139.77;139.79;10129179814;0
RGBI;D;20170922;000000;139.86;139.92;139.82;139.86;7584194241;0
RGBI;D;20170925;000000;139.89;140.13;139.79;139.79;11975519443;0
RGBI;D;20170926;000000;139.8;139.85;139.57;139.58;19144091574;0
RGBI;D;20170927;000000;139.59;139.62;139.08;139.12;41023082953;0
RGBI;D;20170928;000000;139.13;139.48;139.11;139.48;38186373364;0
RGBI;D;20170929;000000;139.41;139.72;139.36;139.66;21146214242;0
RGBI;D;20171002;000000;139.65;139.7;139.53;139.54;14830052872;0
RGBI;D;20171003;000000;139.52;139.63;139.49;139.5;13312029329;0
RGBI;D;20171004;000000;139.49;139.69;139.44;139.69;24377955566;0
RGBI;D;20171005;000000;139.67;139.99;139.67;139.98;16992392197;0
RGBI;D;20171006;000000;139.96;140.05;139.9;139.94;15390110168;0
RGBI;D;20171009;000000;139.86;140.02;139.71;139.82;4417193391;0
RGBI;D;20171010;000000;139.81;140;139.66;140;18692279849;0
RGBI;D;20171011;000000;139.99;140.28;139.96;140.24;30720473159;0
RGBI;D;20171012;000000;140.23;140.48;140.19;140.46;36765755810;0
RGBI;D;20171013;000000;140.46;140.7;140.45;140.7;18866382000;0
RGBI;D;20171016;000000;140.69;140.8;140.62;140.62;26731390814;0
RGBI;D;20171017;000000;140.65;140.66;140.4;140.43;13579693099;0
RGBI;D;20171018;000000;140.43;140.58;140.43;140.58;41863757007;0
RGBI;D;20171019;000000;140.57;140.59;140.49;140.59;11434277918;0
RGBI;D;20171020;000000;140.64;140.73;140.49;140.53;22939729260;0
RGBI;D;20171023;000000;140.52;140.58;140.41;140.53;4873738741;0
RGBI;D;20171024;000000;140.51;140.56;140.47;140.47;15517622764;0
RGBI;D;20171025;000000;140.48;140.5;140.41;140.43;16116489625;0
RGBI;D;20171026;000000;140.43;140.43;140.29;140.37;14800104669;0
RGBI;D;20171027;000000;140.38;140.42;140.1;140.1;30940249471;0
RGBI;D;20171030;000000;140.09;140.28;140;140.24;11001342832;0
RGBI;D;20171031;000000;140.24;140.29;140.16;140.16;14172068329;0
RGBI;D;20171101;000000;140.19;140.27;140.14;140.21;17604636440;0
RGBI;D;20171102;000000;140.22;140.29;140.22;140.22;17843536545;0
RGBI;D;20171103;000000;140.28;140.36;140.14;140.14;12172397106;0
RGBI;D;20171107;000000;140.13;140.21;140.08;140.13;15667644037;0
RGBI;D;20171108;000000;140.14;140.17;139.89;139.91;22941407841;0
RGBI;D;20171109;000000;139.88;139.92;139.79;139.91;10278134504;0
RGBI;D;20171110;000000;139.91;139.98;139.9;139.9;29429920961;0
RGBI;D;20171113;000000;139.89;139.94;139.6;139.6;13897590280;0
RGBI;D;20171114;000000;139.61;139.64;139.38;139.49;14041489748;0
RGBI;D;20171115;000000;139.49;139.54;139.39;139.54;10301451710;0
RGBI;D;20171116;000000;139.54;139.72;139.48;139.72;22310853025;0
RGBI;D;20171117;000000;139.72;139.91;139.72;139.9;9099892416;0
RGBI;D;20171120;000000;139.9;139.97;139.84;139.86;7628572226;0
RGBI;D;20171121;000000;139.89;139.95;139.8;139.83;7051600749;0
RGBI;D;20171122;000000;139.83;140.04;139.83;140.03;16696961500;0
RGBI;D;20171123;000000;140.03;140.19;139.98;140.17;21232813513;0
RGBI;D;20171124;000000;140.17;140.22;140.13;140.18;7411463342;0
RGBI;D;20171127;000000;140.18;140.29;140.16;140.26;6214735970.52;0
RGBI;D;20171128;000000;140.42;140.44;140.27;140.37;20497119704.5;0
RGBI;D;20171129;000000;140.35;140.55;140.35;140.47;17286632645.8;0
RGBI;D;20171130;000000;140.47;140.47;140.28;140.38;17029765994.7;0
RGBI;D;20171201;000000;140.38;140.51;140.34;140.51;11358521453.3;0
RGBI;D;20171204;000000;140.53;140.53;140.36;140.41;16907872488.1;0
RGBI;D;20171205;000000;140.41;140.56;140.32;140.56;12801033939.1;0
RGBI;D;20171206;000000;140.51;140.6;140.32;140.57;10909109222.6;0
RGBI;D;20171207;000000;140.61;140.66;140.55;140.66;7895501587.96;0
RGBI;D;20171208;000000;140.65;140.73;140.65;140.7;5344621741.09;0
RGBI;D;20171211;000000;140.79;140.79;140.63;140.72;4891006022.32;0
RGBI;D;20171212;000000;140.71;140.8;140.65;140.77;17975120295.9;0
RGBI;D;20171213;000000;140.75;140.77;140.62;140.69;8833427364.29;0
RGBI;D;20171214;000000;140.7;140.78;140.68;140.74;13406858131.9;0
RGBI;D;20171215;000000;140.74;141.03;140.68;141.03;11085522661.7;0
RGBI;D;20171218;000000;141.02;141.17;140.96;141.09;16330325737.1;0
RGBI;D;20171219;000000;141.07;141.25;141.04;141.15;19269023940.7;0
RGBI;D;20171220;000000;141.15;141.34;141.14;141.33;21412565298.8;0
RGBI;D;20171221;000000;141.33;141.45;141.31;141.36;15360526180.9;0
RGBI;D;20171222;000000;141.42;141.49;141.34;141.35;13530355768.4;0
RGBI;D;20171225;000000;141.32;141.48;141.31;141.43;3861358847.18;0
RGBI;D;20171226;000000;141.43;141.48;141.37;141.4;13069551358.4;0
RGBI;D;20171227;000000;141.4;141.61;141.35;141.41;27651695229.9;0
RGBI;D;20171228;000000;141.41;141.59;141.32;141.44;17234690668.9;0
RGBI;D;20171229;000000;141.45;141.69;141.45;141.49;4924506264.69;0
RGBI;D;20180103;000000;141.55;141.77;141.53;141.77;24771675.11;0
RGBI;D;20180104;000000;141.85;141.91;141.66;141.91;33462603.15;0
RGBI;D;20180105;000000;141.93;141.99;141.93;141.96;78681643.68;0
RGBI;D;20180109;000000;141.94;142.07;141.57;142.07;23624189439.2;0
RGBI;D;20180110;000000;142.08;142.41;142.08;142.33;18664580031.3;0
RGBI;D;20180111;000000;142.28;142.28;142.03;142.04;8573413153.1;0
RGBI;D;20180112;000000;142.03;142.2;142.02;142.2;21972340790.8;0
RGBI;D;20180115;000000;142.19;142.49;142.19;142.45;17020054739.1;0
RGBI;D;20180116;000000;142.46;142.46;142.35;142.35;11566443311.9;0
RGBI;D;20180117;000000;142.34;142.35;142.11;142.13;21067376737.8;0
RGBI;D;20180118;000000;142.16;142.26;142.12;142.24;28030307837.9;0
RGBI;D;20180119;000000;142.27;142.33;142.25;142.31;10287425573.1;0
RGBI;D;20180122;000000;142.38;142.38;142.22;142.34;4187701053.26;0
RGBI;D;20180123;000000;142.34;142.38;142.27;142.28;13864924614.5;0
RGBI;D;20180124;000000;142.27;142.54;142.27;142.44;25645030475.5;0
RGBI;D;20180125;000000;142.43;142.82;142.43;142.54;27634632633.5;0
RGBI;D;20180126;000000;142.55;142.55;142.33;142.34;13275794725.4;0
RGBI;D;20180129;000000;142.39;142.41;142.19;142.2;9442517822.09;0
RGBI;D;20180130;000000;142.17;142.67;142.14;142.67;51321319204.9;0
RGBI;D;20180131;000000;142.79;143.15;142.69;143.13;39838073531.5;0
RGBI;D;20180201;000000;143.16;143.34;143.16;143.25;38074845632.1;0
RGBI;D;20180202;000000;143.21;143.42;143.19;143.39;33595311475;0
RGBI;D;20180205;000000;143.58;143.66;143.24;143.44;29861668141.4;0
RGBI;D;20180206;000000;143.46;143.46;143.26;143.31;33755148886.6;0
RGBI;D;20180207;000000;143.32;143.86;143.32;143.86;52030053286.8;0
RGBI;D;20180208;000000;143.96;144.07;143.65;143.71;28181349500.1;0
RGBI;D;20180209;000000;143.72;143.83;143.62;143.83;21518680923.7;0
RGBI;D;20180212;000000;143.83;143.94;143.81;143.88;13978979747;0
RGBI;D;20180213;000000;143.89;143.98;143.86;143.86;13752918510.6;0
RGBI;D;20180214;000000;143.89;144.03;143.86;143.93;26976752710.5;0
RGBI;D;20180215;000000;143.92;144.11;143.92;144.09;46277098468.6;0
RGBI;D;20180216;000000;144.09;144.49;144.09;144.49;49779325363.3;0
RGBI;D;20180219;000000;144.47;144.61;144.45;144.55;15051373428.2;0
RGBI;D;20180220;000000;144.59;144.59;144.41;144.41;29279797378.9;0
RGBI;D;20180221;000000;144.41;144.58;144.37;144.58;21329695416.4;0
RGBI;D;20180222;000000;144.53;144.62;144.45;144.57;25831007646.6;0
RGBI;D;20180226;000000;144.59;145.11;144.58;145.04;16605524886.6;0
RGBI;D;20180227;000000;144.99;145.06;144.77;144.77;35645464394.8;0
RGBI;D;20180228;000000;144.78;144.9;144.65;144.72;16123800766.8;0
RGBI;D;20180301;000000;144.66;144.79;144.61;144.61;27868159675.2;0
RGBI;D;20180302;000000;144.59;144.64;144.46;144.46;9314526509.16;0
RGBI;D;20180305;000000;144.42;144.47;144.34;144.47;12408537182.3;0
RGBI;D;20180306;000000;144.47;144.62;144.44;144.62;9497435521.02;0
RGBI;D;20180307;000000;144.64;144.71;144.62;144.71;10304009551;0
RGBI;D;20180309;000000;144.71;144.88;144.67;144.86;169316771.4;0
RGBI;D;20180312;000000;144.92;144.92;144.7;144.72;17787409332.3;0
RGBI;D;20180313;000000;144.75;144.84;144.71;144.71;16306754967.3;0
RGBI;D;20180314;000000;144.74;144.77;144.66;144.66;30841037610.5;0
RGBI;D;20180315;000000;144.73;144.73;144.41;144.41;21690196801.7;0
RGBI;D;20180316;000000;144.41;144.41;144.27;144.37;11995966243.6;0
RGBI;D;20180319;000000;144.41;144.46;144.33;144.38;11373794048.7;0
RGBI;D;20180320;000000;144.38;144.6;144.35;144.6;21642692273.6;0
RGBI;D;20180321;000000;144.62;144.9;144.58;144.9;34744807323;0
RGBI;D;20180322;000000;144.89;145.15;144.87;145.15;22596428761.5;0
RGBI;D;20180323;000000;145.13;145.31;145.13;145.24;28993781757.5;0
RGBI;D;20180326;000000;145.21;145.28;145.12;145.12;8216169308.34;0
RGBI;D;20180327;000000;145.12;145.14;144.91;144.94;18141954566.1;0
RGBI;D;20180328;000000;144.96;144.98;144.81;144.86;10910069446.1;0
RGBI;D;20180329;000000;144.86;144.89;144.79;144.89;19888642229.9;0
RGBI;D;20180330;000000;144.91;144.98;144.84;144.98;3484818801.67;0
RGBI;D;20180402;000000;144.98;145.1;144.98;145.01;3304054427.36;0
RGBI;D;20180403;000000;145.01;145.04;144.86;144.86;12873398470.3;0
RGBI;D;20180404;000000;144.88;144.95;144.84;144.9;23575894063.5;0
RGBI;D;20180405;000000;144.91;145.02;144.89;144.94;25454824045.7;0
RGBI;D;20180406;000000;144.94;144.95;144.82;144.82;17714979107.3;0
RGBI;D;20180409;000000;144.88;145.04;143.71;143.71;75232161964.5;0
RGBI;D;20180410;000000;143.68;143.69;141.65;141.65;64111936733.7;0
RGBI;D;20180411;000000;141.64;141.64;140.59;141.17;36455640627.1;0
RGBI;D;20180412;000000;141.22;142.53;141.22;142.5;57181358587.7;0
RGBI;D;20180413;000000;142.54;142.84;142.15;142.15;33426881535.9;0
RGBI;D;20180416;000000;142.02;142.02;141.43;141.82;38590434225.3;0
RGBI;D;20180417;000000;141.81;142.47;141.81;142.37;45856357205.7;0
RGBI;D;20180418;000000;142.41;142.56;142.18;142.49;28533165287.9;0
RGBI;D;20180419;000000;142.53;143.02;142.53;142.88;33827556004.3;0
RGBI;D;20180420;000000;142.92;143.04;142.84;142.89;17444674880.9;0
RGBI;D;20180423;000000;142.89;142.95;142.76;142.83;34999403321.8;0
RGBI;D;20180424;000000;142.83;143.11;142.83;143.09;34296933760.4;0
RGBI;D;20180425;000000;143.15;143.37;142.99;142.99;18207418387.4;0
RGBI;D;20180426;000000;142.94;142.98;142.78;142.78;23319763384.5;0
RGBI;D;20180427;000000;142.9;143.02;142.82;143.02;18824458257;0
RGBI;D;20180428;000000;143.05;143.33;143.02;143.14;2678701075.82;0
RGBI;D;20180430;000000;143.2;143.29;143.02;143.14;21160649.86;0
RGBI;D;20180502;000000;143.15;143.28;143.11;143.12;53896535.67;0
RGBI;D;20180503;000000;143.11;143.11;142.36;142.84;14438253129.9;0
RGBI;D;20180504;000000;142.84;142.85;142.69;142.77;18472764041;0
RGBI;D;20180507;000000;142.84;142.98;142.76;142.78;7258569016.04;0
RGBI;D;20180508;000000;142.77;142.89;142.69;142.69;30228819369.1;0
RGBI;D;20180510;000000;142.71;142.86;142.68;142.72;14334482020;0
RGBI;D;20180511;000000;142.76;142.99;142.76;142.86;11491894691.2;0
RGBI;D;20180514;000000;142.88;143.02;142.72;142.72;10531048245.9;0
RGBI;D;20180515;000000;142.79;142.79;142.65;142.65;33004189774.4;0
RGBI;D;20180516;000000;142.69;142.7;142.45;142.46;29469079626.9;0
RGBI;D;20180517;000000;142.52;142.63;142.49;142.54;28605862388.8;0
RGBI;D;20180518;000000;142.55;142.69;142.5;142.5;19286158943.2;0
RGBI;D;20180521;000000;142.53;142.56;142.37;142.38;22609847576.3;0
RGBI;D;20180522;000000;142.38;142.6;142.38;142.52;20348947313.5;0
RGBI;D;20180523;000000;142.56;142.76;142.48;142.64;32334776535.2;0
RGBI;D;20180524;000000;142.62;142.84;142.62;142.83;37975399608.1;0
RGBI;D;20180525;000000;142.89;142.9;142.74;142.75;11201047745.7;0
RGBI;D;20180528;000000;142.72;142.83;142.66;142.7;4850569886.41;0
RGBI;D;20180529;000000;142.69;142.69;142.56;142.57;13999736759.7;0
RGBI;D;20180530;000000;142.57;142.62;142.57;142.6;15756222020.5;0
RGBI;D;20180531;000000;142.61;142.69;142.55;142.55;17589478193.1;0
RGBI;D;20180601;000000;142.59;142.62;142.53;142.62;16426590431.3;0
RGBI;D;20180604;000000;142.61;142.72;142.53;142.72;23215835638.8;0
RGBI;D;20180605;000000;142.72;142.77;142.51;142.51;21616392646.6;0
RGBI;D;20180606;000000;142.5;142.54;142.43;142.43;18206185172.9;0
RGBI;D;20180607;000000;142.44;142.45;142.11;142.12;23478495145.5;0
RGBI;D;20180608;000000;142.15;142.17;141.6;141.63;30354125927;0
RGBI;D;20180609;000000;141.67;141.67;141.5;141.67;606303050.82;0
RGBI;D;20180611;000000;141.68;141.74;141.63;141.72;10450930.3;0
RGBI;D;20180613;000000;141.72;141.72;141.37;141.38;24934177903.8;0
RGBI;D;20180614;000000;141.39;141.56;141.38;141.44;12748553144.8;0
RGBI;D;20180615;000000;141.45;141.52;141.01;141.01;48803469009.3;0
RGBI;D;20180618;000000;140.97;140.97;139.64;139.64;40158431420.2;0
RGBI;D;20180619;000000;139.68;139.78;138.66;138.8;64065972778.8;0
RGBI;D;20180620;000000;138.87;139.9;138.87;139.9;61442416170.3;0
RGBI;D;20180621;000000;139.95;140.06;139.82;140;35882834945.2;0
RGBI;D;20180622;000000;140.03;140.34;140.03;140.16;24235153165.1;0
RGBI;D;20180625;000000;140.23;140.26;140.08;140.21;22980471235.8;0
RGBI;D;20180626;000000;140.21;140.3;139.96;139.96;19603228011.4;0
RGBI;D;20180627;000000;140.02;140.04;139.4;139.46;24854585181.4;0
RGBI;D;20180628;000000;139.54;139.62;139.37;139.54;29027750820.4;0
RGBI;D;20180629;000000;139.55;139.98;139.55;139.98;16119238418.5;0
RGBI;D;20180702;000000;140.05;140.13;139.99;140.03;9428464115.86;0
RGBI;D;20180703;000000;140.27;140.33;139.86;139.94;8778590707.48;0
RGBI;D;20180704;000000;139.94;139.95;139.82;139.92;21654062353.3;0
RGBI;D;20180705;000000;139.98;140.03;139.81;140.03;12804879752.7;0
RGBI;D;20180706;000000;140.07;140.18;140.07;140.09;7732721578.82;0
RGBI;D;20180709;000000;140.11;140.35;140.11;140.35;22896624173.9;0
RGBI;D;20180710;000000;140.33;140.64;140.33;140.53;10346860863.7;0
RGBI;D;20180711;000000;140.55;140.66;140.48;140.63;15069631692.7;0
RGBI;D;20180712;000000;140.64;140.83;140.6;140.83;21340406638.5;0
RGBI;D;20180713;000000;140.87;140.95;140.83;140.9;16591702602.6;0
RGBI;D;20180716;000000;140.92;141.02;140.78;140.87;2730088115.41;0
RGBI;D;20180717;000000;140.89;140.91;140.38;140.38;14928538526.9;0
RGBI;D;20180718;000000;140.39;140.41;140.04;140.04;23626663085;0
RGBI;D;20180719;000000;140.04;140.04;139.8;139.8;28068311124.2;0
RGBI;D;20180720;000000;139.83;139.94;139.78;139.86;28372536436.2;0
RGBI;D;20180723;000000;139.88;139.97;139.84;139.84;14938023992.7;0
RGBI;D;20180724;000000;139.84;139.93;139.81;139.81;10019812012.3;0
RGBI;D;20180725;000000;139.8;139.81;139.44;139.53;25951441061.6;0
RGBI;D;20180726;000000;139.71;139.79;139.61;139.61;15291928468.9;0
RGBI;D;20180727;000000;139.6;139.69;139.45;139.45;6697269368.9;0
RGBI;D;20180730;000000;139.46;139.62;139.43;139.56;4643615858.12;0
RGBI;D;20180731;000000;139.58;139.72;139.5;139.72;12849385860.7;0
RGBI;D;20180801;000000;139.76;139.81;139.66;139.67;11086777039.2;0
RGBI;D;20180802;000000;139.67;139.69;139.14;139.14;23529438582.5;0
RGBI;D;20180803;000000;139.1;139.1;138.79;138.82;22701092485;0
RGBI;D;20180806;000000;138.85;138.96;138.68;138.68;12489450661.1;0
RGBI;D;20180807;000000;138.66;138.67;138.5;138.57;9676438192.83;0
RGBI;D;20180808;000000;138.59;138.66;137.72;137.72;32362862546.1;0
RGBI;D;20180809;000000;137.66;137.66;136.59;136.69;32556864931.7;0
RGBI;D;20180810;000000;136.65;136.65;136.18;136.18;23445936332.8;0
RGBI;D;20180813;000000;136.18;136.33;135.61;135.61;11908041758.5;0
RGBI;D;20180814;000000;135.6;135.99;135.55;135.55;16636395923.9;0
RGBI;D;20180815;000000;135.55;135.63;135.14;135.14;50046858038.1;0
RGBI;D;20180816;000000;135.11;135.32;134.59;134.73;36221537035.3;0
RGBI;D;20180817;000000;134.72;134.77;134.17;134.17;15233750365.3;0
RGBI;D;20180820;000000;134.19;134.19;133.8;133.86;5435111299.84;0
RGBI;D;20180821;000000;133.8;134.16;133.8;134.16;13555647656.8;0
RGBI;D;20180822;000000;134.23;134.64;134.23;134.44;11259330401.7;0
RGBI;D;20180823;000000;134.52;134.55;133.84;133.97;22007076624.8;0
RGBI;D;20180824;000000;133.95;134.21;133.92;134.09;13942394347.2;0
RGBI;D;20180827;000000;134.17;134.35;134.06;134.08;8456680014.15;0
RGBI;D;20180828;000000;134.08;134.29;134.08;134.11;10953217235.8;0
RGBI;D;20180829;000000;134.09;134.39;133.96;133.96;8795157441.95;0
RGBI;D;20180830;000000;133.99;134.05;133.83;133.83;26504932255;0
RGBI;D;20180831;000000;133.94;134.71;133.76;134.05;7991042366.41;0
RGBI;D;20180903;000000;134.09;134.55;134.05;134.16;3611617962.84;0
RGBI;D;20180904;000000;134.19;134.27;133.6;133.63;31828944349;0
RGBI;D;20180905;000000;133.65;133.67;132.78;132.83;12672480846.1;0
RGBI;D;20180906;000000;132.83;132.85;131.97;131.97;30736675865.6;0
RGBI;D;20180907;000000;131.96;131.96;131.1;131.11;23242808553.8;0
RGBI;D;20180910;000000;131.14;131.22;130.34;130.52;37214720855;0
RGBI;D;20180911;000000;130.68;131.72;130.68;131.72;30421916220.7;0
RGBI;D;20180912;000000;131.79;132.92;131.79;132.92;31914574491.2;0
RGBI;D;20180913;000000;132.96;133.49;132.96;133.47;38487797119.2;0
RGBI;D;20180914;000000;133.5;133.55;132.92;133.12;17890931377.9;0
RGBI;D;20180917;000000;133.18;133.37;132.68;132.7;18519115101.8;0
RGBI;D;20180918;000000;132.77;133.18;132.77;133.17;13783004211;0
RGBI;D;20180919;000000;133.22;133.77;133.19;133.77;40675307647.1;0
RGBI;D;20180920;000000;133.78;134.32;133.78;134.06;26305085826;0
RGBI;D;20180921;000000;134.07;134.23;134.07;134.14;21921159578;0
RGBI;D;20180924;000000;134.16;134.56;134.16;134.47;26011741691.8;0
RGBI;D;20180925;000000;134.49;134.53;134.32;134.41;17476546020.4;0
RGBI;D;20180926;000000;134.41;134.52;134.39;134.41;14134751636.1;0
RGBI;D;20180927;000000;134.43;134.65;134.33;134.65;19249121998.4;0
RGBI;D;20180928;000000;134.64;135.17;134.64;135.09;13358433542.7;0
RGBI;D;20181001;000000;135.11;135.23;135.04;135.21;14441945925.9;0
RGBI;D;20181002;000000;135.22;135.42;135.2;135.36;22334699783.2;0
RGBI;D;20181003;000000;135.38;135.49;135.04;135.04;17203756807;0
RGBI;D;20181004;000000;135.04;135.16;134.25;134.25;27538967670.1;0
RGBI;D;20181005;000000;134.29;134.4;133.87;133.87;8006080348.53;0
RGBI;D;20181008;000000;133.89;133.94;133.18;133.19;11509928766.4;0
RGBI;D;20181009;000000;133.21;133.52;133.09;133.1;12452455568.1;0
RGBI;D;20181010;000000;133.15;133.37;133.11;133.34;7178163934.91;0
RGBI;D;20181011;000000;133.38;133.42;133.06;133.06;12721124189.6;0
RGBI;D;20181012;000000;133.18;133.43;133.09;133.43;18866346342.9;0
RGBI;D;20181015;000000;133.42;134.08;133.42;133.76;25855682226;0
RGBI;D;20181016;000000;133.76;134.48;133.76;134.46;15981559595.8;0
RGBI;D;20181017;000000;134.48;134.69;134.48;134.49;19826095151.9;0
RGBI;D;20181018;000000;134.51;134.54;134.31;134.31;6684262478.59;0
RGBI;D;20181019;000000;134.32;134.47;134.24;134.28;31934517514.9;0
RGBI;D;20181022;000000;134.27;134.79;134.27;134.79;25391020929;0
RGBI;D;20181023;000000;134.79;134.87;134.68;134.68;24969276215;0
RGBI;D;20181024;000000;134.67;134.71;134.42;134.46;21170813650.4;0
RGBI;D;20181025;000000;134.53;134.62;134.26;134.26;13690338992.6;0
RGBI;D;20181026;000000;134.27;134.65;134.2;134.2;14403294786;0
RGBI;D;20181029;000000;134.21;134.45;134.09;134.43;7259057672.9;0
RGBI;D;20181030;000000;134.47;134.55;134.29;134.3;11585226655.6;0
RGBI;D;20181031;000000;134.31;134.34;134.17;134.3;13670880018.5;0
RGBI;D;20181101;000000;134.31;134.4;134.25;134.25;7946008854.83;0
RGBI;D;20181102;000000;134.25;134.44;134.25;134.31;11170480749.3;0
RGBI;D;20181106;000000;134.32;134.51;134.22;134.22;3658281990.24;0
RGBI;D;20181107;000000;134.23;134.31;134.04;134.06;17471047862.6;0
RGBI;D;20181108;000000;134.09;134.1;133.46;133.47;25730928747.8;0
RGBI;D;20181109;000000;133.79;133.79;132.76;132.77;23409780923.5;0
RGBI;D;20181112;000000;132.81;132.81;132.31;132.32;15483164341.9;0
RGBI;D;20181113;000000;132.35;132.59;132;132.05;18880010825.8;0
RGBI;D;20181114;000000;132.08;132.97;131.96;132.97;32302234169.8;0
RGBI;D;20181115;000000;132.99;133.95;132.99;133.92;25904748295.4;0
RGBI;D;20181116;000000;133.93;134.12;133.68;134.04;7859593145.06;0
RGBI;D;20181119;000000;134.05;134.15;134;134;1792368487.65;0
RGBI;D;20181120;000000;134.06;134.06;133.76;133.76;9602315240.95;0
RGBI;D;20181121;000000;133.75;133.79;133.57;133.74;11454842323.9;0
RGBI;D;20181122;000000;133.77;133.96;133.77;133.82;13234981603.3;0
RGBI;D;20181123;000000;133.89;133.96;133.49;133.49;11622446969.8;0
RGBI;D;20181126;000000;133.51;133.51;132.73;132.74;14853959895.6;0
RGBI;D;20181127;000000;132.76;133.3;132.73;133.25;13286617102.9;0
RGBI;D;20181128;000000;133.3;133.37;133.19;133.27;10293498626.1;0
RGBI;D;20181129;000000;133.29;133.87;133.29;133.87;31053382072.8;0
RGBI;D;20181130;000000;133.91;134;133.84;133.95;13280828458.4;0
RGBI;D;20181203;000000;134.05;134.42;134.01;134.39;10074793158;0
RGBI;D;20181204;000000;134.4;134.5;134.29;134.3;16384621495.9;0
RGBI;D;20181205;000000;134.29;134.29;133.89;133.89;10644581822.1;0
RGBI;D;20181206;000000;133.89;133.91;133.73;133.74;5930148476.02;0
RGBI;D;20181207;000000;133.73;133.94;133.71;133.94;4704037746.4;0
RGBI;D;20181210;000000;133.94;134.23;133.94;134.08;7984605183.86;0
RGBI;D;20181211;000000;134.1;134.14;133.9;133.93;4131701235.41;0
RGBI;D;20181212;000000;133.96;134.04;133.89;133.95;5064337976.76;0
RGBI;D;20181213;000000;133.97;134.06;133.91;133.94;9187741152.24;0
RGBI;D;20181214;000000;133.84;133.94;133.81;133.81;8277113861.73;0
RGBI;D;20181217;000000;133.81;133.9;133.71;133.71;5462206202.12;0
RGBI;D;20181218;000000;133.7;133.72;133.49;133.5;14898411769.7;0
RGBI;D;20181219;000000;133.52;133.97;133.28;133.34;13566807251.5;0
RGBI;D;20181220;000000;133.33;133.84;133.33;133.83;11113808234.1;0
RGBI;D;20181221;000000;133.83;133.86;133.67;133.68;10125823330.9;0
RGBI;D;20181224;000000;133.68;133.88;133.63;133.87;7624918673.56;0
RGBI;D;20181225;000000;133.88;133.88;133.57;133.64;12386116437.8;0
RGBI;D;20181226;000000;133.65;133.85;133.65;133.77;3475681465.04;0
RGBI;D;20181227;000000;133.85;134.09;133.85;134.09;12059753205.5;0
RGBI;D;20181228;000000;134.23;134.38;134.14;134.18;11671516534.7;0
RGBI;D;20181229;000000;134.18;134.39;134.18;134.31;815556993.06;0
RGBI;D;20190103;000000;134.31;134.54;134.31;134.41;9970629025.74;0
RGBI;D;20190104;000000;134.4;134.54;134.38;134.52;78402477.2;0
RGBI;D;20190108;000000;134.52;134.6;134.49;134.59;217678609.81;0
RGBI;D;20190109;000000;134.6;135.27;134.53;135.27;22175810684.2;0
RGBI;D;20190110;000000;135.29;135.54;135.28;135.54;21854373365.1;0
RGBI;D;20190111;000000;135.54;135.96;135.53;135.94;17287260794.2;0
RGBI;D;20190114;000000;135.95;135.95;135.72;135.81;11484329489.2;0
RGBI;D;20190115;000000;135.82;136.15;135.82;136.15;18835954643;0
RGBI;D;20190116;000000;136.17;136.52;136.17;136.51;31994515308.4;0
RGBI;D;20190117;000000;136.51;136.58;136.32;136.32;17337432744.8;0
RGBI;D;20190118;000000;136.32;136.4;136.28;136.4;16724392515.1;0
RGBI;D;20190121;000000;136.38;136.49;136.38;136.46;7750689037.43;0
RGBI;D;20190122;000000;136.46;136.52;136.27;136.28;9880260050.85;0
RGBI;D;20190123;000000;136.3;136.46;136.25;136.26;20647143386.2;0
RGBI;D;20190124;000000;136.26;136.44;136.26;136.44;22448797611.6;0
RGBI;D;20190125;000000;136.46;136.54;136.41;136.41;23941520511;0
RGBI;D;20190128;000000;136.4;136.4;136.28;136.29;15664150845.2;0
RGBI;D;20190129;000000;136.29;136.36;136.08;136.11;9888054547.35;0
RGBI;D;20190130;000000;136.09;136.31;136.09;136.31;27475757872.7;0
RGBI;D;20190131;000000;136.31;137.15;136.31;137.15;49246831946.7;0
RGBI;D;20190201;000000;137.08;137.21;137.08;137.12;13075936620.4;0
RGBI;D;20190204;000000;137.12;137.3;137.02;137.05;8742503245.51;0
RGBI;D;20190205;000000;137.05;137.19;136.99;137.19;8976723810.87;0
RGBI;D;20190206;000000;137.18;137.37;137.18;137.26;20426548786.4;0
RGBI;D;20190207;000000;137.26;137.27;136.97;136.97;20946753239.4;0
RGBI;D;20190208;000000;136.97;136.98;136.82;136.94;13149961123.3;0
RGBI;D;20190211;000000;136.95;137.24;136.95;136.96;21388180809.1;0
RGBI;D;20190212;000000;136.92;136.93;136.7;136.76;17606960253.7;0
RGBI;D;20190213;000000;136.76;136.8;136.56;136.56;15117797643.8;0
RGBI;D;20190214;000000;136.46;136.46;135.38;135.54;37086208454.2;0
RGBI;D;20190215;000000;135.53;136.13;135.47;136.12;37351145002;0
RGBI;D;20190218;000000;136.12;136.34;136.09;136.24;15222591493;0
RGBI;D;20190219;000000;136.34;136.4;136.07;136.07;18750159997.8;0
RGBI;D;20190220;000000;136.07;136.12;135.96;135.99;9947221820.37;0
RGBI;D;20190221;000000;135.99;136.19;135.98;136.14;13492181295.4;0
RGBI;D;20190222;000000;136.14;136.2;136.1;136.18;4671325602.77;0
RGBI;D;20190225;000000;136.18;136.46;136.17;136.45;8742735050.81;0
RGBI;D;20190226;000000;136.45;136.46;136.28;136.28;7685642474.03;0
RGBI;D;20190227;000000;136.27;136.28;136.13;136.13;13819862702.8;0
RGBI;D;20190228;000000;136.04;136.21;135.99;136.21;19465872564.6;0
RGBI;D;20190301;000000;136.22;136.4;136.22;136.4;9854846015.89;0
RGBI;D;20190304;000000;136.41;136.57;136.4;136.4;4103641179.68;0
RGBI;D;20190305;000000;136.4;136.43;136.28;136.29;11239155701.8;0
RGBI;D;20190306;000000;136.3;136.36;136.17;136.17;7524265040.47;0
RGBI;D;20190307;000000;136.16;136.24;136.15;136.24;9452102767.12;0
RGBI;D;20190311;000000;136.26;136.31;136.16;136.3;4912092410.4;0
RGBI;D;20190312;000000;136.22;136.34;136.14;136.34;8738790808.71;0
RGBI;D;20190313;000000;136.34;136.44;136.32;136.4;11744824002.9;0
RGBI;D;20190314;000000;136.44;136.5;136.4;136.41;13747606580.2;0
RGBI;D;20190315;000000;136.45;136.51;136.37;136.44;14857067642.6;0
RGBI;D;20190318;000000;136.44;136.92;136.43;136.92;19565625945;0
RGBI;D;20190319;000000;136.94;137.25;136.94;137.21;13861793684.7;0
RGBI;D;20190320;000000;137.33;137.37;136.95;137.02;12307202541;0
RGBI;D;20190321;000000;137.05;137.74;137.05;137.69;12520587179.7;0
RGBI;D;20190322;000000;137.69;137.76;137.41;137.41;11880641046.7;0
RGBI;D;20190325;000000;137.41;137.54;137.14;137.54;15280023054.3;0
RGBI;D;20190326;000000;137.58;137.64;137.51;137.53;19988543952.7;0
RGBI;D;20190327;000000;137.55;137.61;137.24;137.25;12037614833.1;0
RGBI;D;20190328;000000;137.26;137.26;136.8;136.8;17352843752.9;0
RGBI;D;20190329;000000;136.81;137.05;136.78;136.78;11548980384.4;0
RGBI;D;20190401;000000;136.79;136.9;136.47;136.47;25148880152.9;0
RGBI;D;20190402;000000;136.56;136.56;136.41;136.43;18005401251.4;0
RGBI;D;20190403;000000;136.43;136.53;136.41;136.44;26785737724.7;0
RGBI;D;20190404;000000;136.55;136.58;136.37;136.37;12020037028.7;0
RGBI;D;20190405;000000;136.38;136.61;136.38;136.61;16935217803.5;0
RGBI;D;20190408;000000;136.58;136.84;136.58;136.75;14551171513.1;0
RGBI;D;20190409;000000;136.75;137.08;136.75;137.03;19088759587.3;0
RGBI;D;20190410;000000;137.05;137.14;136.94;137.14;26655353235.8;0
RGBI;D;20190411;000000;137.14;137.37;137.13;137.36;18783494976.8;0
RGBI;D;20190412;000000;137.38;137.45;137.34;137.42;20004080536.2;0
RGBI;D;20190415;000000;137.45;137.58;137.27;137.27;11937821380.1;0
RGBI;D;20190416;000000;137.24;137.32;137.16;137.17;9636380564.85;0
RGBI;D;20190417;000000;137.17;137.3;137.14;137.27;28013047072.1;0
RGBI;D;20190418;000000;137.27;137.32;137.08;137.09;13159959171.9;0
RGBI;D;20190419;000000;137.15;137.25;137.11;137.13;707943321.91;0
RGBI;D;20190422;000000;137.11;137.24;137.09;137.14;2351640118.39;0
RGBI;D;20190423;000000;137.14;137.19;136.98;136.98;9187832816.98;0
RGBI;D;20190424;000000;136.98;137.17;136.84;136.98;12739885489;0
RGBI;D;20190425;000000;137;137.04;136.85;136.85;13108438277.2;0
RGBI;D;20190426;000000;136.91;136.97;136.83;136.97;17246752282;0
RGBI;D;20190429;000000;137;137.33;136.94;137.33;14576389359.8;0
RGBI;D;20190430;000000;137.34;137.62;137.34;137.62;5862673445.36;0
RGBI;D;20190502;000000;137.66;137.8;137.65;137.74;29619243.03;0
RGBI;D;20190503;000000;137.76;137.85;137.68;137.69;256692086.53;0
RGBI;D;20190506;000000;137.72;137.91;137.48;137.52;2227532932.97;0
RGBI;D;20190507;000000;137.51;137.59;137.49;137.57;6977646228.06;0
RGBI;D;20190508;000000;137.59;137.69;137.52;137.65;4144214422.89;0
RGBI;D;20190510;000000;137.63;137.67;137.56;137.61;192038836.83;0
RGBI;D;20190513;000000;137.61;137.61;137.48;137.55;11233251394.5;0
RGBI;D;20190514;000000;137.55;137.59;137.52;137.57;11881126382.4;0
RGBI;D;20190515;000000;137.59;137.75;137.44;137.73;29688295332.8;0
RGBI;D;20190516;000000;137.73;138.06;137.73;138.06;34345460785.6;0
RGBI;D;20190517;000000;138.07;138.3;138.07;138.29;31175704118.6;0
RGBI;D;20190520;000000;138.26;138.57;138.26;138.57;12949541460.2;0
RGBI;D;20190521;000000;138.58;138.74;138.53;138.71;17081206832.2;0
RGBI;D;20190522;000000;138.74;139.33;138.74;139.33;13891379049.9;0
RGBI;D;20190523;000000;139.36;139.46;139.13;139.13;29027258159.6;0
RGBI;D;20190524;000000;139.13;139.22;139.08;139.15;31122484898.2;0
RGBI;D;20190527;000000;139.17;139.31;139.08;139.15;2038799551.82;0
RGBI;D;20190528;000000;139.19;139.23;139.09;139.11;5122101652.79;0
RGBI;D;20190529;000000;139.13;139.14;138.93;138.93;9470361201.66;0
RGBI;D;20190530;000000;138.99;139.23;138.91;139.23;19861650256.9;0
RGBI;D;20190531;000000;139.24;139.33;139.15;139.25;18062415741.6;0
RGBI;D;20190603;000000;139.22;139.37;139.15;139.15;8059256893.84;0
RGBI;D;20190604;000000;139.17;139.38;138.95;139.38;21344184351;0
RGBI;D;20190605;000000;139.36;139.81;139.34;139.8;24194102775.6;0
RGBI;D;20190606;000000;139.8;140.13;139.72;140.13;21688400979.2;0
RGBI;D;20190607;000000;140.13;140.35;140.06;140.35;26209444025.6;0
RGBI;D;20190610;000000;140.35;140.57;140.2;140.57;6665605933.04;0
RGBI;D;20190611;000000;140.6;140.67;140.37;140.67;7129540065.48;0
RGBI;D;20190613;000000;140.7;140.85;140.54;140.56;13916096332.3;0
RGBI;D;20190614;000000;140.58;140.77;140.57;140.77;24590966944.5;0
RGBI;D;20190617;000000;140.78;141.02;140.78;141.01;16316197850.8;0
RGBI;D;20190618;000000;141.03;141.13;140.95;141.13;50304858878.9;0
RGBI;D;20190619;000000;141.22;141.81;141.22;141.81;36758641736.2;0
RGBI;D;20190620;000000;141.82;142.62;141.82;142.55;35842077080.7;0
RGBI;D;20190621;000000;142.51;142.62;142.13;142.13;51370991850.3;0
RGBI;D;20190624;000000;142.13;142.28;141.97;142.26;24999686347.7;0
RGBI;D;20190625;000000;142.3;142.5;142.3;142.31;14027871543.8;0
RGBI;D;20190626;000000;142.28;142.35;142.06;142.06;18043020560.4;0
RGBI;D;20190627;000000;142.11;142.13;142;142.02;33189087634.1;0
RGBI;D;20190628;000000;142.03;142.21;142.03;142.19;17790164633.7;0
RGBI;D;20190701;000000;142.23;142.46;142.16;142.46;9893130921.94;0
RGBI;D;20190702;000000;142.46;142.53;142.38;142.44;16427091247.5;0
RGBI;D;20190703;000000;142.43;142.46;142.34;142.39;19202971652.3;0
RGBI;D;20190704;000000;142.41;142.61;142.29;142.61;21496512506.3;0
RGBI;D;20190705;000000;142.61;142.69;142.51;142.67;5063154731.24;0
RGBI;D;20190708;000000;142.67;142.68;142.51;142.56;6898363482.01;0
RGBI;D;20190709;000000;142.65;142.78;142.65;142.69;9968588365.71;0
RGBI;D;20190710;000000;142.69;142.84;142.63;142.84;23285778541.4;0
RGBI;D;20190711;000000;142.85;143.01;142.85;142.99;17758804869.3;0
RGBI;D;20190712;000000;142.99;142.99;142.7;142.71;32271122607.9;0
RGBI;D;20190715;000000;142.7;142.79;142.64;142.66;18635707028.3;0
RGBI;D;20190716;000000;142.62;142.74;142.6;142.63;7796405847;0
RGBI;D;20190717;000000;142.63;142.75;142.59;142.64;14892481296;0
RGBI;D;20190718;000000;142.63;142.7;142.54;142.54;19338434346.9;0
RGBI;D;20190719;000000;142.53;142.66;142.46;142.66;13479468552.5;0
RGBI;D;20190722;000000;142.66;143.05;142.65;143.04;18529734730.7;0
RGBI;D;20190723;000000;143.06;143.22;142.93;143.22;18788350561;0
RGBI;D;20190724;000000;143.25;143.45;143.21;143.45;16183847324.2;0
RGBI;D;20190725;000000;143.47;143.75;143.44;143.75;24106668872.2;0
RGBI;D;20190726;000000;143.77;144.14;143.52;143.52;5871158025.98;0
RGBI;D;20190729;000000;143.45;143.52;143.17;143.23;5035262626.39;0
RGBI;D;20190730;000000;143.24;143.27;143.01;143.19;12105475926.2;0
RGBI;D;20190731;000000;143.2;143.23;143.04;143.23;22694352085.6;0
RGBI;D;20190801;000000;143.23;143.29;143.15;143.15;11872470575.1;0
RGBI;D;20190802;000000;143.15;143.16;142.52;142.52;42136245831.8;0
RGBI;D;20190805;000000;142.6;142.86;142.41;142.83;17859057470.7;0
RGBI;D;20190806;000000;142.82;143.15;142.77;143.15;21111378579.7;0
RGBI;D;20190807;000000;143.12;143.28;143.01;143.23;20055605344.8;0
RGBI;D;20190808;000000;143.21;143.47;143.19;143.37;21895321297.6;0
RGBI;D;20190809;000000;143.38;143.42;143.22;143.3;11983060523.8;0
RGBI;D;20190812;000000;143.27;143.49;143.09;143.1;10179875173.6;0
RGBI;D;20190813;000000;143.13;143.17;143.01;143.06;12196578761;0
RGBI;D;20190814;000000;143.06;143.23;143.05;143.07;21006208768.2;0
RGBI;D;20190815;000000;143.05;143.12;142.92;142.99;17438572715.4;0
RGBI;D;20190816;000000;143.03;143.14;143;143.14;4083679593.56;0
RGBI;D;20190819;000000;143.14;143.16;143.01;143.03;9308048332.66;0
RGBI;D;20190820;000000;143.04;143.21;143.03;143.21;19573221018.1;0
RGBI;D;20190821;000000;143.23;143.77;143.23;143.76;32099227719.3;0
RGBI;D;20190822;000000;143.8;143.9;143.66;143.9;37107508470.4;0
RGBI;D;20190823;000000;143.89;143.94;143.76;143.88;9313119757.33;0
RGBI;D;20190826;000000;143.86;143.9;143.59;143.84;2870590497.21;0
RGBI;D;20190827;000000;143.84;143.97;143.77;143.77;45651043830.3;0
RGBI;D;20190828;000000;143.76;143.95;143.76;143.95;31151826397.2;0
RGBI;D;20190829;000000;144.01;144.14;143.91;144.14;8501781268.76;0
RGBI;D;20190830;000000;144.14;144.52;144.08;144.51;38301588060.8;0
RGBI;D;20190902;000000;144.51;144.85;144.51;144.82;30929600786.4;0
RGBI;D;20190903;000000;144.85;144.87;144.63;144.7;40376528683.2;0
RGBI;D;20190904;000000;144.71;145.27;144.71;145.27;54457351898.2;0
RGBI;D;20190905;000000;145.28;145.42;145.12;145.2;33409353756.5;0
RGBI;D;20190906;000000;145.2;145.32;145.17;145.27;10765623399.9;0
RGBI;D;20190909;000000;145.27;145.4;145.12;145.12;8196587943.47;0
RGBI;D;20190910;000000;145.1;145.17;145.01;145.01;12051542654.9;0
RGBI;D;20190911;000000;145.01;145.27;144.98;145.02;13462836550;0
RGBI;D;20190912;000000;145.04;145.27;145.04;145.27;21336052180.9;0
RGBI;D;20190913;000000;145.28;145.37;145.17;145.34;25709344042.9;0
RGBI;D;20190916;000000;145.34;145.36;145.22;145.25;6087838577.8;0
RGBI;D;20190917;000000;145.22;145.31;144.95;144.95;19162543074.7;0
RGBI;D;20190918;000000;144.96;145.04;144.93;144.98;6926430455.36;0
RGBI;D;20190919;000000;145.02;145.21;145;145.17;27362434495.9;0
RGBI;D;20190920;000000;145.18;145.27;145.16;145.2;12294537624.8;0
RGBI;D;20190923;000000;145.2;145.28;145.13;145.14;13204595156;0
RGBI;D;20190924;000000;145.14;145.38;145.1;145.15;13367911044.3;0
RGBI;D;20190925;000000;145.15;145.15;144.99;145.1;20196879616.7;0
RGBI;D;20190926;000000;145.11;145.23;145.07;145.2;7341756996.57;0
RGBI;D;20190927;000000;145.21;145.28;145.15;145.17;4206159715.56;0
RGBI;D;20190930;000000;145.17;145.23;145.12;145.14;3148837966.23;0
RGBI;D;20191001;000000;145.14;145.19;145.09;145.11;7824510114.61;0
RGBI;D;20191002;000000;145.11;145.12;145.06;145.1;20481662869.8;0
RGBI;D;20191003;000000;145.1;145.13;145.04;145.13;10617564072.6;0
RGBI;D;20191004;000000;145.15;145.41;145.11;145.41;49077084577;0
RGBI;D;20191007;000000;145.48;146.06;145.48;146.06;35144546701.4;0
RGBI;D;20191008;000000;146.04;146.42;146.04;146.23;14408362722.8;0
RGBI;D;20191009;000000;146.3;146.51;146.14;146.35;33132852947.5;0
RGBI;D;20191010;000000;146.34;147.06;146.33;147.06;43895440354.2;0
RGBI;D;20191011;000000;147.08;147.46;147.08;147.41;24602040948.1;0
RGBI;D;20191014;000000;147.41;147.55;147.24;147.55;11569143653.7;0
RGBI;D;20191015;000000;147.55;147.74;147.52;147.64;28202970555.5;0
RGBI;D;20191016;000000;147.65;147.77;147.62;147.62;16306242687.4;0
RGBI;D;20191017;000000;147.63;147.74;147.56;147.69;34338488052.9;0
RGBI;D;20191018;000000;147.69;148.32;147.69;148.31;24982401160.5;0
RGBI;D;20191021;000000;148.42;148.77;148.42;148.77;27143252039.2;0
RGBI;D;20191022;000000;148.74;149.08;148.74;148.99;37080476730.5;0
RGBI;D;20191023;000000;149.15;149.47;149.09;149.31;29430892683.4;0
RGBI;D;20191024;000000;149.34;149.37;148.91;149.01;47225172373.3;0
RGBI;D;20191025;000000;149.01;149.51;149.01;149.51;39792733782.4;0
RGBI;D;20191028;000000;149.54;149.88;149.54;149.88;23473998836.4;0
RGBI;D;20191029;000000;149.9;149.97;149.76;149.76;26083477179.8;0
RGBI;D;20191030;000000;149.75;149.92;149.75;149.78;32963687365.3;0
RGBI;D;20191031;000000;149.79;149.99;149.41;149.41;29556147456.1;0
RGBI;D;20191101;000000;149.42;149.74;149.42;149.63;28909894031.7;0
RGBI;D;20191105;000000;149.63;150.16;149.61;150.09;20327900324.5;0
RGBI;D;20191106;000000;150.13;150.28;149.98;150.01;28474085461.4;0
RGBI;D;20191107;000000;150.02;150.15;150.02;150.12;40337977495.1;0
RGBI;D;20191108;000000;150.14;150.19;149.97;149.98;36446363610.9;0
RGBI;D;20191111;000000;150.01;150.17;149.55;149.56;13991669915.4;0
RGBI;D;20191112;000000;149.56;149.72;149.31;149.31;17449824047.1;0
RGBI;D;20191113;000000;149.31;149.56;148.92;148.93;26105535987.7;0
RGBI;D;20191114;000000;148.93;149.19;148.85;149.19;23095188405.9;0
RGBI;D;20191115;000000;149.19;149.48;149.19;149.4;15785255859;0
RGBI;D;20191118;000000;149.4;149.52;149.4;149.5;9224538317.32;0
RGBI;D;20191119;000000;149.5;149.77;149.5;149.77;36539683243.2;0
RGBI;D;20191120;000000;149.78;149.88;149.69;149.88;24599986205.3;0
RGBI;D;20191121;000000;149.8;150;149.62;149.97;17066491056.2;0
RGBI;D;20191122;000000;149.97;150.07;149.97;150.02;7998752816.28;0
RGBI;D;20191125;000000;149.99;150.14;149.87;149.87;9152225508.81;0
RGBI;D;20191126;000000;149.89;149.9;149.76;149.8;12223163077.2;0
RGBI;D;20191127;000000;149.8;150.12;149.79;149.82;11953938600;0
RGBI;D;20191128;000000;149.82;149.84;149.68;149.68;14672261650.2;0
RGBI;D;20191129;000000;149.71;149.73;149.55;149.55;14913377868.1;0
RGBI;D;20191202;000000;149.58;149.75;149.34;149.34;30086531459.3;0
RGBI;D;20191203;000000;149.34;149.52;149.34;149.5;17922310597.8;0
RGBI;D;20191204;000000;149.46;149.63;149.43;149.63;22783186313.5;0
RGBI;D;20191205;000000;149.63;149.7;149.61;149.64;12063920986.1;0
RGBI;D;20191206;000000;149.64;149.71;149.57;149.68;6649160992.99;0
RGBI;D;20191209;000000;149.7;149.77;149.63;149.68;4440742175.29;0
RGBI;D;20191210;000000;149.72;149.85;149.7;149.7;13504177358.8;0
RGBI;D;20191211;000000;149.71;149.83;149.66;149.67;13804531959.6;0
RGBI;D;20191212;000000;149.68;149.91;149.68;149.91;29586646776.6;0
RGBI;D;20191213;000000;149.91;150.32;149.91;150.18;16791204087.4;0
RGBI;D;20191216;000000;150.15;150.19;150.08;150.13;11495556483.5;0
RGBI;D;20191217;000000;150.13;150.29;150.11;150.25;18273830829.7;0
RGBI;D;20191218;000000;150.26;150.32;150.2;150.21;30439113860.6;0
RGBI;D;20191219;000000;150.21;150.25;150.05;150.05;18339767205.2;0
RGBI;D;20191220;000000;150.04;150.07;149.81;149.99;28002052148;0
RGBI;D;20191223;000000;149.99;150.14;149.98;150.01;8269611313.07;0
RGBI;D;20191224;000000;150.02;150.18;150.01;150.18;9755144635.39;0
RGBI;D;20191225;000000;150.18;150.33;150.17;150.31;7850671243.69;0
RGBI;D;20191226;000000;150.31;150.44;150.29;150.41;6971578664.39;0
RGBI;D;20191227;000000;150.42;151.01;150.42;150.45;11532770418.4;0
RGBI;D;20191230;000000;150.46;150.58;150.43;150.57;25720783034.7;0
RGBI;D;20200103;000000;150.57;150.79;150.57;150.73;194411666.06;0
RGBI;D;20200106;000000;150.73;150.82;150.63;150.63;238174768.24;0
RGBI;D;20200108;000000;150.63;150.69;150.6;150.6;104481063.66;0
RGBI;D;20200109;000000;150.59;150.81;150.57;150.69;17785036747.8;0
RGBI;D;20200110;000000;150.69;151.13;150.67;151.13;32293622205.8;0
RGBI;D;20200113;000000;151.07;151.89;150.81;151.87;23001397205.4;0
RGBI;D;20200114;000000;151.87;152.15;151.83;151.84;26310511001.7;0
RGBI;D;20200115;000000;151.87;151.92;151.57;151.57;31456439292.9;0
RGBI;D;20200116;000000;151.58;151.77;151.58;151.68;23781080720.2;0
RGBI;D;20200117;000000;151.69;151.8;151.63;151.78;18471444502.6;0
RGBI;D;20200120;000000;151.77;151.95;151.77;151.86;9016408459.77;0
RGBI;D;20200121;000000;151.87;151.93;151.7;151.72;16086704381.1;0
RGBI;D;20200122;000000;151.72;151.91;151.68;151.72;15016728848.9;0
RGBI;D;20200123;000000;151.73;151.87;151.71;151.86;16756414056.4;0
RGBI;D;20200124;000000;151.86;152.28;151.84;151.85;16847313387.7;0
RGBI;D;20200127;000000;151.83;152.08;151.41;151.41;31280931442.7;0
RGBI;D;20200128;000000;151.4;151.56;151.22;151.29;28765570052;0
RGBI;D;20200129;000000;151.29;151.56;151.29;151.47;23929055189.1;0
RGBI;D;20200130;000000;151.49;151.53;151.38;151.38;29605362121.8;0
RGBI;D;20200131;000000;151.38;151.63;151.37;151.42;27539104827.8;0
RGBI;D;20200203;000000;151.42;151.42;151.22;151.22;42218195349.3;0
RGBI;D;20200204;000000;151.23;151.42;151.12;151.42;34005798775.2;0
RGBI;D;20200205;000000;151.41;151.72;151.38;151.72;40828821465.1;0
RGBI;D;20200206;000000;151.72;152.17;151.69;151.69;32346733649.7;0
RGBI;D;20200207;000000;151.7;151.93;151.63;151.93;32589431424.3;0
RGBI;D;20200210;000000;151.93;152.12;151.93;151.99;15032148625.2;0
RGBI;D;20200211;000000;151.99;152.11;151.96;152.11;21738383634.4;0
RGBI;D;20200212;000000;152.11;152.34;152.08;152.34;54613646251.1;0
RGBI;D;20200213;000000;152.35;152.53;152.34;152.52;42033172109.4;0
RGBI;D;20200214;000000;152.52;152.76;152.51;152.76;38016149697.1;0
RGBI;D;20200217;000000;152.91;153;152.84;152.85;18417211170.7;0
RGBI;D;20200218;000000;152.86;153.12;152.69;152.8;16211094211.1;0
RGBI;D;20200219;000000;152.8;153.08;152.8;153.08;29098948306.2;0
RGBI;D;20200220;000000;153.08;153.4;153.08;153.38;26886094344;0
RGBI;D;20200221;000000;153.38;153.52;152.87;153.05;27963830546.7;0
RGBI;D;20200225;000000;153.05;153.3;152.72;152.72;22343007302.6;0
RGBI;D;20200226;000000;152.72;152.75;152.02;152.18;37241045174.8;0
RGBI;D;20200227;000000;152.19;152.2;151.73;151.73;38414721381.4;0
RGBI;D;20200228;000000;151.72;151.73;149.1;149.32;66172896080.9;0
RGBI;D;20200302;000000;149.55;150.71;149.49;150.15;49792196208.9;0
RGBI;D;20200303;000000;150.09;151.24;150.09;151.24;46895746605.3;0
RGBI;D;20200304;000000;151.29;152.61;151.29;152.61;79845411635.7;0
RGBI;D;20200305;000000;152.62;153.13;152.59;152.75;69109612364;0
RGBI;D;20200306;000000;152.76;152.76;149.9;149.9;42633783065.4;0
RGBI;D;20200310;000000;149.6;149.6;144.26;145.37;69791440221;0
RGBI;D;20200311;000000;145.48;145.91;144.91;144.91;48067771129.1;0
RGBI;D;20200312;000000;144.9;144.9;140.22;140.22;53599992611.9;0
RGBI;D;20200313;000000;140.21;140.47;139.5;140.31;53163838792.6;0
RGBI;D;20200316;000000;140.29;140.76;138.53;138.54;47036981449.2;0
RGBI;D;20200317;000000;138.53;139.52;138.42;138.63;39831203953.4;0
RGBI;D;20200318;000000;138.64;138.88;137.04;137.04;69804099192.1;0
RGBI;D;20200319;000000;137.07;137.65;136.24;137.63;42844724292.1;0
RGBI;D;20200320;000000;137.72;140.68;137.72;140.68;38903239570.1;0
RGBI;D;20200323;000000;140.75;141.03;139.84;140.79;24306372004.6;0
RGBI;D;20200324;000000;140.82;144.37;140.82;144.37;50112658050.1;0
RGBI;D;20200325;000000;144.38;145.49;144.36;144.37;37559716685.5;0
RGBI;D;20200326;000000;144.29;144.87;144.03;144.85;38159069807.1;0
RGBI;D;20200327;000000;144.94;145.85;144.9;145.75;45556706507.4;0
RGBI;D;20200330;000000;145.7;145.7;144.57;145.26;14095113032.1;0
RGBI;D;20200331;000000;145.22;146.92;145.22;146.92;22714918949.2;0
RGBI;D;20200401;000000;146.92;147.22;146.53;146.6;14118853135.1;0
RGBI;D;20200402;000000;146.62;147.41;146.42;146.44;12921749081.5;0
RGBI;D;20200403;000000;146.46;146.89;146.46;146.89;18688589070.5;0
RGBI;D;20200406;000000;146.92;147.39;146.87;147.38;11166435898.9;0
RGBI;D;20200407;000000;147.38;147.71;147.33;147.57;15755149273.2;0
RGBI;D;20200408;000000;147.54;147.55;147.21;147.37;6669839067.32;0
RGBI;D;20200409;000000;147.36;147.77;147.36;147.77;34971077584.9;0
RGBI;D;20200410;000000;147.77;148.01;147.77;147.89;19101060062.7;0
RGBI;D;20200413;000000;147.89;148.52;147.89;147.97;6792943570.41;0
RGBI;D;20200414;000000;147.98;148.1;147.95;147.96;32446047970.4;0
RGBI;D;20200415;000000;147.94;147.99;147.46;147.46;21935130544.8;0
RGBI;D;20200416;000000;147.47;148.02;147.31;148.02;40686705782;0
RGBI;D;20200417;000000;148.01;150.02;147.99;150.02;48258632623.9;0
RGBI;D;20200420;000000;150.12;151.56;150.12;151.56;17898977240.4;0
RGBI;D;20200421;000000;151.53;151.58;150.56;150.57;15534765960.8;0
RGBI;D;20200422;000000;150.58;151.23;150.56;151.23;25566986549;0
RGBI;D;20200423;000000;151.25;152.23;151.18;152.23;24162499773.6;0
RGBI;D;20200424;000000;152.23;152.78;152.17;152.78;26345063266.2;0
RGBI;D;20200427;000000;152.81;152.97;152.74;152.74;16315163287.4;0
RGBI;D;20200428;000000;152.67;152.77;152.51;152.77;17156104652;0
RGBI;D;20200429;000000;152.76;152.87;152.72;152.72;30181307907.9;0
RGBI;D;20200430;000000;152.74;152.9;152.65;152.71;25310978778.3;0
RGBI;D;20200504;000000;152.75;153.03;152.75;152.84;103852739.92;0
RGBI;D;20200505;000000;152.83;153.03;152.76;153.03;8654414858.28;0
RGBI;D;20200506;000000;152.98;153.07;152.83;152.83;15454268835.8;0
RGBI;D;20200507;000000;152.95;153.03;152.85;152.85;26065647529.9;0
RGBI;D;20200508;000000;152.87;153.43;152.85;153.43;36562675107.3;0
RGBI;D;20200512;000000;153.41;154.43;153.41;154.43;21199843576.4;0
RGBI;D;20200513;000000;154.43;154.66;154.26;154.64;28393166671.7;0
RGBI;D;20200514;000000;154.69;154.83;154.58;154.83;80416513384.9;0
RGBI;D;20200515;000000;154.74;156.31;154.74;156.31;52524045181.2;0
RGBI;D;20200518;000000;156.33;157.47;156.33;157.44;36468126472.5;0
RGBI;D;20200519;000000;157.45;157.47;157.23;157.3;29295532675.6;0
RGBI;D;20200520;000000;157.24;157.51;157;157.47;93069274995.9;0
RGBI;D;20200521;000000;157.47;157.56;157.24;157.55;53242520384.1;0
RGBI;D;20200522;000000;157.55;157.56;157.29;157.3;30157665932.2;0
RGBI;D;20200525;000000;157.3;157.5;156.73;157.31;8670753559.76;0
RGBI;D;20200526;000000;157.47;157.52;157.3;157.31;29513274813.5;0
RGBI;D;20200527;000000;157.34;157.38;156.94;156.96;41540221413.7;0
RGBI;D;20200528;000000;156.92;156.94;156.79;156.82;32512493769.5;0
RGBI;D;20200529;000000;156.83;156.99;156.83;156.91;38381629492.8;0
RGBI;D;20200601;000000;156.89;157.2;156.77;157.11;59043478607.3;0
RGBI;D;20200602;000000;157.13;157.37;156.97;157.21;29129010313;0
RGBI;D;20200603;000000;157.18;157.21;156.96;157.02;29975025518.9;0
RGBI;D;20200604;000000;157.03;157.08;156.27;156.28;39719088133.2;0
RGBI;D;20200605;000000;156.32;156.52;155.95;156.01;55753345910.6;0
RGBI;D;20200608;000000;156.02;156.05;155.72;155.82;28238208432.2;0
RGBI;D;20200609;000000;155.82;155.82;155.26;155.75;29230726003.4;0
RGBI;D;20200610;000000;155.77;156.41;155.77;156.34;18695645538.9;0
RGBI;D;20200611;000000;156.34;156.37;156.05;156.26;30813419310.8;0
RGBI;D;20200615;000000;156.26;156.27;155.84;156.15;19406827190.6;0
RGBI;D;20200616;000000;156.09;156.56;155.93;156.56;28899302148.7;0
RGBI;D;20200617;000000;156.52;156.86;156.29;156.85;22901168513.8;0
RGBI;D;20200618;000000;156.84;157.04;156.81;157.04;26537119099.3;0
RGBI;D;20200619;000000;156.97;157.49;156.97;157.44;32666580881.7;0
RGBI;D;20200622;000000;157.42;157.42;156.9;156.9;11718983675.4;0
RGBI;D;20200623;000000;156.91;157.08;156.66;156.69;11436238193;0
RGBI;D;20200625;000000;156.7;156.76;156.15;156.15;31120458215.5;0
RGBI;D;20200626;000000;156.16;156.35;155.94;156.24;15255115682;0
RGBI;D;20200629;000000;156.24;156.33;156.12;156.12;22112102184.5;0
RGBI;D;20200630;000000;156.18;156.24;155.08;155.08;61790306589.3;0
RGBI;D;20200702;000000;155.09;155.41;155.09;155.21;33749874801.6;0
RGBI;D;20200703;000000;155.24;155.26;154.32;154.32;25335359890;0
RGBI;D;20200706;000000;154.28;154.47;154.03;154.08;22168687643.3;0
RGBI;D;20200707;000000;154.04;154.67;153.9;154.67;27442679926.7;0
RGBI;D;20200708;000000;154.66;155.2;154.66;155.2;23130179089.3;0
RGBI;D;20200709;000000;155.21;155.71;155.21;155.7;28729319149.5;0
RGBI;D;20200710;000000;155.72;155.73;155.5;155.5;7627251158.32;0
RGBI;D;20200713;000000;155.6;155.78;155.58;155.65;15955990066;0
RGBI;D;20200714;000000;155.63;155.81;155.5;155.68;17901729541;0
RGBI;D;20200715;000000;155.71;155.99;155.61;155.61;19295863196.2;0
RGBI;D;20200716;000000;155.62;155.62;155.35;155.44;20850573886.9;0
RGBI;D;20200717;000000;155.43;155.54;155.38;155.54;20221744853.4;0
RGBI;D;20200720;000000;155.55;155.75;155.52;155.74;33717520677;0
RGBI;D;20200721;000000;155.7;156.02;155.7;156.01;33128974424;0
RGBI;D;20200722;000000;156.07;156.14;156;156.01;25589374816.1;0
RGBI;D;20200723;000000;156.06;156.2;155.98;155.99;11145942932.8;0
RGBI;D;20200724;000000;155.99;156.05;155.76;155.79;14473368498.4;0
RGBI;D;20200727;000000;155.81;155.85;155.73;155.79;7679211684.31;0
RGBI;D;20200728;000000;155.79;155.82;155.49;155.52;14155765521.7;0
RGBI;D;20200729;000000;155.57;155.57;155.29;155.41;15061785774;0
RGBI;D;20200730;000000;155.42;155.57;154.75;154.76;13488439774.2;0
RGBI;D;20200731;000000;154.79;155.19;154.79;154.92;7365371932.54;0
RGBI;D;20200803;000000;154.97;155.36;154.97;155.19;12336504131.5;0
RGBI;D;20200804;000000;155.22;155.5;155.21;155.26;9618003332.2;0
RGBI;D;20200805;000000;155.27;155.44;155.26;155.31;13312287033;0
RGBI;D;20200806;000000;155.3;155.46;155.13;155.13;5179443278.65;0
RGBI;D;20200807;000000;155.14;155.2;155.02;155.02;9668498789.77;0
RGBI;D;20200810;000000;155.01;155.07;154.93;155.04;1848466773.26;0
RGBI;D;20200811;000000;155.04;155.13;155;155.1;4668943107.73;0
RGBI;D;20200812;000000;155.1;155.16;154.95;154.95;3451077915.08;0
RGBI;D;20200813;000000;154.95;155.01;154.79;154.79;8223209701.29;0
RGBI;D;20200814;000000;154.79;154.85;154.47;154.47;5573001039.36;0
RGBI;D;20200817;000000;154.47;154.68;153.34;153.34;15593182337.3;0
RGBI;D;20200818;000000;153.36;153.46;152.9;153.23;18504336948.2;0
RGBI;D;20200819;000000;153.25;153.86;153.24;153.86;6915879897.12;0
RGBI;D;20200820;000000;153.86;153.99;153.62;153.62;15372902138.7;0
RGBI;D;20200821;000000;153.64;153.7;153.19;153.19;11646710317.8;0
RGBI;D;20200824;000000;153.19;153.4;152.99;153.38;8085839966.78;0
RGBI;D;20200825;000000;153.55;153.76;153.2;153.26;15533981966.8;0
RGBI;D;20200826;000000;153.31;153.41;152.98;153;15280480240.4;0
RGBI;D;20200827;000000;153.04;153.43;153.04;153.41;17795381146.8;0
RGBI;D;20200828;000000;153.41;153.74;153.34;153.59;7080050535.84;0
RGBI;D;20200831;000000;153.63;153.87;153.63;153.79;17236168061.2;0
RGBI;D;20200901;000000;153.79;153.98;153.79;153.94;12143787571;0
RGBI;D;20200902;000000;153.95;154.05;153.61;153.61;17260378105.4;0
RGBI;D;20200903;000000;153.59;153.59;153;153.06;17271449991;0
RGBI;D;20200904;000000;153.05;153.23;152.98;153.23;14544479832.9;0
RGBI;D;20200907;000000;153.25;153.25;153.07;153.12;9950302086.23;0
RGBI;D;20200908;000000;153.15;153.2;152.74;152.75;17821840416.4;0
RGBI;D;20200909;000000;152.82;152.92;152.67;152.91;27994510368;0
RGBI;D;20200910;000000;152.92;153.19;152.92;153.19;31085040816.4;0
RGBI;D;20200911;000000;153.18;153.39;153.11;153.11;17264316764.9;0
RGBI;D;20200914;000000;153.14;153.17;152.99;153;16504604656.9;0
RGBI;D;20200915;000000;153.02;153.16;152.98;153.07;17682981698.5;0
RGBI;D;20200916;000000;153.09;153.31;153.05;153.06;14462070622.1;0
RGBI;D;20200917;000000;153.08;153.26;152.96;153.02;21789348860.9;0
RGBI;D;20200918;000000;153.01;153.16;152.97;152.99;5683854600.8;0
RGBI;D;20200921;000000;152.97;153.16;152.68;152.68;15503619606.7;0
RGBI;D;20200922;000000;152.69;152.88;152.37;152.41;29532111403.2;0
RGBI;D;20200923;000000;152.41;152.44;152.25;152.25;17446965822.5;0
RGBI;D;20200924;000000;152.26;152.36;152.03;152.08;21049002040.5;0
RGBI;D;20200925;000000;152.08;152.32;152.08;152.16;19975144690.5;0
RGBI;D;20200928;000000;152.16;152.17;151.93;151.98;7287649566.14;0
RGBI;D;20200929;000000;152.03;152.16;151.88;151.97;17763861513.3;0
RGBI;D;20200930;000000;152.01;152.37;152.01;152.36;28067977175.2;0
RGBI;D;20201001;000000;152.37;152.84;152.37;152.79;34673721840;0
RGBI;D;20201002;000000;152.81;152.81;152.62;152.75;28452807840;0
RGBI;D;20201005;000000;152.79;153;152.79;152.85;15584843061.3;0
RGBI;D;20201006;000000;152.85;153.08;152.8;153.08;55117127397.9;0
RGBI;D;20201007;000000;153.1;153.29;153.09;153.24;32318222858.5;0
RGBI;D;20201008;000000;153.28;153.78;153.25;153.78;32725625388.8;0
RGBI;D;20201009;000000;153.8;154;153.78;153.86;14374174698.8;0
RGBI;D;20201012;000000;153.84;154.15;153.84;153.91;4501413087.5;0
RGBI;D;20201013;000000;153.94;153.97;153.85;153.96;19311349518.33;0
RGBI;D;20201014;000000;153.98;154.04;153.91;153.91;6231769578.41;0
RGBI;D;20201015;000000;153.89;153.91;153.56;153.56;6524947893.9;0
RGBI;D;20201016;000000;153.55;153.6;153.43;153.56;8676862893.34;0
RGBI;D;20201019;000000;153.57;153.82;153.53;153.82;6608608029.35;0
RGBI;D;20201020;000000;153.83;153.92;153.75;153.78;12156500726.39;0
RGBI;D;20201021;000000;153.79;153.97;153.78;153.89;22679067962.03;0
RGBI;D;20201022;000000;153.9;154;153.8;153.8;10217940131.97;0
RGBI;D;20201023;000000;153.81;153.95;153.8;153.9;17382181339.85;0
RGBI;D;20201026;000000;153.9;153.94;153.78;153.79;30170031948.05;0
RGBI;D;20201027;000000;153.8;153.84;153.64;153.65;10154552396.07;0
RGBI;D;20201028;000000;153.61;153.64;153.17;153.17;11072235910.42;0
RGBI;D;20201029;000000;153.16;153.18;152.86;152.86;12397692722.62;0
RGBI;D;20201030;000000;152.86;152.97;152.72;152.72;11852542309.88;0
RGBI;D;20201102;000000;152.73;152.75;151.86;151.86;20875598930.54;0
RGBI;D;20201103;000000;151.77;152.2;151.77;152.09;17911995104.49;0
RGBI;D;20201105;000000;152.06;153.51;152.06;153.51;43155984209.87;0
RGBI;D;20201106;000000;153.55;153.99;153.55;153.99;25930186996.39;0
RGBI;D;20201109;000000;154;154.46;153.86;154.46;30774057016.13;0
RGBI;D;20201110;000000;154.57;154.59;154.17;154.31;23243165127.68;0
RGBI;D;20201111;000000;154.32;154.32;154.19;154.27;13344362864.85;0
RGBI;D;20201112;000000;154.26;154.31;154.16;154.26;28636524130.61;0
RGBI;D;20201113;000000;154.28;154.42;154.22;154.4;10018964127.21;0
RGBI;D;20201116;000000;154.39;154.5;154.21;154.5;8316403149.75;0
RGBI;D;20201117;000000;154.52;154.54;154.41;154.42;21890950434.18;0
RGBI;D;20201118;000000;154.4;154.44;154.15;154.15;31704403752.74;0
RGBI;D;20201119;000000;154.09;154.4;154.06;154.31;14603118286.1;0
RGBI;D;20201120;000000;154.32;154.4;154.22;154.35;6800986577.3;0
RGBI;D;20201123;000000;154.36;154.63;154.25;154.56;7709290327.46;0
RGBI;D;20201124;000000;154.36;154.41;154.33;154.35;14477131434.19;0
RGBI;D;20201125;000000;154.36;154.4;154.27;154.34;14911236854;0
RGBI;D;20201126;000000;154.33;154.35;154.16;154.2;10971882714.37;0
RGBI;D;20201127;000000;154.18;154.23;154.09;154.21;16226410323.89;0
RGBI;D;20201130;000000;154.19;154.23;154.06;154.06;4475298968.17;0
RGBI;D;20201201;000000;154.06;154.14;154.06;154.08;10427436821.22;0
RGBI;D;20201202;000000;154.09;154.16;154;154.04;14567422686.75;0
RGBI;D;20201203;000000;154.05;154.06;153.95;154.05;12681802520.22;0
RGBI;D;20201204;000000;154.16;154.23;154.1;154.13;15767685475.45;0
RGBI;D;20201207;000000;154.13;154.26;154.11;154.18;13325453179.87;0
RGBI;D;20201208;000000;154.17;154.26;154.11;154.24;37955634656.05;0
RGBI;D;20201209;000000;154.24;154.29;154.12;154.15;20684188763.64;0
RGBI;D;20201210;000000;154.09;154.2;153.97;153.98;15127627321.82;0
RGBI;D;20201211;000000;153.98;153.98;153.86;153.88;8968584598.45;0
RGBI;D;20201214;000000;153.88;153.96;153.82;153.87;14216730193.52;0
RGBI;D;20201215;000000;153.88;153.9;153.77;153.79;11450354484.62;0
RGBI;D;20201216;000000;153.78;153.9;153.69;153.73;19257893763.49;0
RGBI;D;20201217;000000;153.73;153.86;153.73;153.85;18805654500.22;0
RGBI;D;20201218;000000;153.86;153.92;153.68;153.68;7829744832.81;0
RGBI;D;20201221;000000;153.71;153.73;153.17;153.17;4304166717.92;0
RGBI;D;20201222;000000;153.16;153.16;152.96;153.02;7466746853.21;0
RGBI;D;20201223;000000;153.06;153.17;152.86;152.86;7750868391.7;0
RGBI;D;20201224;000000;152.86;153.07;152.84;152.88;11102653362.04;0
RGBI;D;20201225;000000;152.86;153.13;152.71;153.11;3725665724.69;0
RGBI;D;20201228;000000;153.12;153.12;152.87;152.93;15379168243.46;0
RGBI;D;20201229;000000;152.9;153.17;152.84;153.16;14616125996.28;0
RGBI;D;20201230;000000;153.15;153.44;153.14;153.15;12598400517.71;0
RGBI;D;20210104;000000;153.15;153.4;153.12;153.34;220180453.32;0
RGBI;D;20210105;000000;153.37;153.48;153.22;153.48;157530154.14;0
RGBI;D;20210106;000000;153.51;153.67;153.48;153.53;206710165.18;0
RGBI;D;20210108;000000;153.54;153.66;153.44;153.5;201916533.94;0
RGBI;D;20210111;000000;153.46;153.53;153;153;4251081024.6;0
RGBI;D;20210112;000000;152.99;153.03;152.68;152.74;10821189400.32;0
RGBI;D;20210113;000000;152.76;152.9;152.58;152.58;11200470967.31;0
RGBI;D;20210114;000000;152.63;152.71;152.45;152.46;17993002999.54;0
RGBI;D;20210115;000000;152.48;152.62;151.8;151.8;10452942218.1;0
RGBI;D;20210118;000000;151.77;151.95;151.56;151.57;8675744151.41;0
RGBI;D;20210119;000000;151.53;151.7;151.42;151.7;16123870286.3;0
RGBI;D;20210120;000000;151.73;151.92;151.7;151.83;14057419493.16;0
RGBI;D;20210121;000000;151.87;152.06;151.56;151.56;9654858703.01;0
RGBI;D;20210122;000000;151.56;151.64;150.92;150.92;18240267872.2;0
RGBI;D;20210125;000000;150.93;151.19;150.88;150.96;5238933791.81;0
RGBI;D;20210126;000000;150.96;151.17;150.91;151.01;14186779415.37;0
RGBI;D;20210127;000000;151.01;151.25;150.91;150.91;20280144773.66;0
RGBI;D;20210128;000000;150.92;150.96;150.62;150.76;17860603855.47;0
RGBI;D;20210129;000000;150.84;151.1;150.84;150.96;12054835418.89;0
RGBI;D;20210201;000000;150.96;151.06;150.96;151.03;10769051858.44;0
RGBI;D;20210202;000000;151.01;151.19;150.98;150.98;10528414171.35;0
RGBI;D;20210203;000000;150.97;150.98;150.55;150.59;28991396636.79;0
RGBI;D;20210204;000000;150.6;150.92;150.6;150.88;19081062045.94;0
RGBI;D;20210205;000000;150.9;151.16;150.84;151.16;31346183132.82;0
RGBI;D;20210208;000000;151.19;151.49;151.19;151.45;15893515126.74;0
RGBI;D;20210209;000000;151.44;151.47;151.02;151.02;14173006370.31;0
RGBI;D;20210210;000000;151;151.06;150.68;150.69;14317881643.58;0
RGBI;D;20210211;000000;150.69;150.84;150.24;150.24;13557280227.47;0
RGBI;D;20210212;000000;150.22;150.41;149.61;149.61;19161984865.81;0
RGBI;D;20210215;000000;149.6;149.9;149.32;149.32;14385852815.68;0
RGBI;D;20210216;000000;149.31;149.32;148.72;148.73;23599744086.38;0
RGBI;D;20210217;000000;148.74;148.74;148.22;148.56;33917103239.71;0
RGBI;D;20210218;000000;148.56;148.91;148.56;148.84;17564285070.51;0
RGBI;D;20210219;000000;148.85;148.94;148.39;148.4;17749502664.72;0
RGBI;D;20210220;000000;148.4;148.65;148.32;148.4;618144019.89;0
RGBI;D;20210222;000000;148.41;148.46;148.33;148.33;267902244.11;0
RGBI;D;20210224;000000;148.31;148.55;148.25;148.46;24752435064.62;0
RGBI;D;20210225;000000;148.49;148.49;148.05;148.05;20278520584.38;0
RGBI;D;20210226;000000;148.03;148.12;147.42;147.42;22932075832.32;0
RGBI;D;20210301;000000;147.43;147.71;147.43;147.68;6800122617.08;0
RGBI;D;20210302;000000;147.7;147.83;147.43;147.83;22206798919.51;0
RGBI;D;20210303;000000;147.85;148.27;147.85;148.26;22307294122.74;0
RGBI;D;20210304;000000;148.29;149.05;148.29;149.03;16560093046.54;0
RGBI;D;20210305;000000;149.03;149.03;148.14;148.21;12306758517.86;0
RGBI;D;20210309;000000;148.22;148.53;148.17;148.26;7135791527.07;0
RGBI;D;20210310;000000;148.28;148.51;147.89;147.89;15721578036.24;0
RGBI;D;20210311;000000;147.9;148.13;147.41;147.42;32679308989.39;0
RGBI;D;20210312;000000;147.43;147.65;147.21;147.21;22215973635.12;0
RGBI;D;20210315;000000;147.23;147.5;147.2;147.2;15706943500.16;0
RGBI;D;20210316;000000;147.21;147.29;146.97;146.98;19242669391.71;0
RGBI;D;20210317;000000;147.05;147.11;146.73;146.73;25365229523.01;0
RGBI;D;20210318;000000;146.72;146.84;146.3;146.33;34622749852.19;0
RGBI;D;20210319;000000;146.32;146.32;145.83;145.83;14824209508.73;0
RGBI;D;20210322;000000;145.83;145.84;145.3;145.3;24327083416.15;0
RGBI;D;20210323;000000;145.31;145.56;144.06;144.27;60089005237.64;0
RGBI;D;20210324;000000;144.35;144.75;144.34;144.61;29862965432.51;0
RGBI;D;20210325;000000;144.62;145.09;144.62;145.06;26163393308.5;0
RGBI;D;20210326;000000;145.1;145.77;145.1;145.75;43931404281.81;0
RGBI;D;20210329;000000;145.77;146.09;145.76;145.95;16969223809.05;0
RGBI;D;20210330;000000;145.98;146.1;145.51;145.51;16465698116.15;0
RGBI;D;20210331;000000;145.54;145.78;145.48;145.61;24404095039.04;0
RGBI;D;20210401;000000;145.62;145.89;145.38;145.38;29981067037.25;0
RGBI;D;20210402;000000;145.4;145.72;145.4;145.43;10319428405.4;0
RGBI;D;20210405;000000;145.49;145.72;145.37;145.38;7127188447.59;0
RGBI;D;20210406;000000;145.41;145.53;145.13;145.13;31438640919.94;0
RGBI;D;20210407;000000;145.12;145.12;144.06;144.07;27947577492.81;0
RGBI;D;20210408;000000;144.11;144.4;144.1;144.1;22032706781.37;0
RGBI;D;20210409;000000;144.15;144.35;143.82;143.83;25377127487.8;0
RGBI;D;20210412;000000;143.83;144.24;143.82;144.04;8499114531.71;0
RGBI;D;20210413;000000;144.02;144.36;144.02;144.04;12194106114.22;0
RGBI;D;20210414;000000;144.04;145.53;144.04;145.43;49964619704.07;0
RGBI;D;20210415;000000;145.33;145.33;144.19;144.7;57261298592.33;0
RGBI;D;20210416;000000;144.75;146.26;144.73;146.16;45523968045.68;0
RGBI;D;20210419;000000;146.18;146.34;145.47;145.53;21750281194.39;0
RGBI;D;20210420;000000;145.56;145.88;145.29;145.31;31531649086.9;0
RGBI;D;20210421;000000;145.36;145.56;145.34;145.52;28012982829.25;0
RGBI;D;20210422;000000;145.54;145.94;145.54;145.94;25499450108.77;0
RGBI;D;20210423;000000;145.97;146.24;145.97;146.02;48058141120.65;0
RGBI;D;20210426;000000;146.03;146.29;146.03;146.2;13844271377.38;0
RGBI;D;20210427;000000;146.22;146.32;145.85;145.87;11146037665.57;0
RGBI;D;20210428;000000;145.87;146.25;145.51;145.56;14808374146.83;0
RGBI;D;20210429;000000;145.61;146.18;145.59;145.85;12258920747.77;0
RGBI;D;20210430;000000;145.83;146.06;145.69;145.72;9097132238.21;0
RGBI;D;20210504;000000;145.75;145.9;145.75;145.9;6625227968.72;0
RGBI;D;20210505;000000;145.94;146.1;145.94;146;6071915317.26;0
RGBI;D;20210506;000000;146;146.18;146;146.1;7040601574.62;0
RGBI;D;20210507;000000;146.11;146.31;145.9;145.96;4262200248.92;0
RGBI;D;20210510;000000;145.96;146.24;145.96;146.2;102482115.82;0
RGBI;D;20210511;000000;146.2;146.25;145.81;145.84;16085785761.31;0
RGBI;D;20210512;000000;145.8;145.97;145.56;145.58;19118372844.52;0
RGBI;D;20210513;000000;145.71;145.9;145.09;145.14;16777136265.96;0
RGBI;D;20210514;000000;145.12;145.63;145.12;145.5;13327137577.7;0
RGBI;D;20210517;000000;145.51;145.62;145.37;145.48;13171311758.33;0
RGBI;D;20210518;000000;145.48;145.68;145.42;145.42;6329728705.19;0
RGBI;D;20210519;000000;145.43;145.59;145.3;145.3;12862461859.78;0
RGBI;D;20210520;000000;145.41;145.71;145.34;145.44;7895795466.91;0
RGBI;D;20210521;000000;145.47;145.66;145.47;145.51;17212121873.44;0
RGBI;D;20210524;000000;145.51;145.66;145.43;145.43;7247889476.14;0
RGBI;D;20210525;000000;145.42;145.65;145.32;145.33;9669887663.21;0
RGBI;D;20210526;000000;145.37;145.57;145.33;145.37;10680102006.2;0
RGBI;D;20210527;000000;145.36;145.82;145.36;145.41;15281575650.54;0
RGBI;D;20210528;000000;145.41;145.68;145.32;145.32;8675689885.03;0
RGBI;D;20210531;000000;145.35;145.44;145.21;145.21;2543023796.55;0
RGBI;D;20210601;000000;145.21;145.41;145.05;145.05;7146003085.93;0
RGBI;D;20210602;000000;145.05;145.29;145;145;35035503393.63;0
RGBI;D;20210603;000000;145;145.23;144.88;144.89;14060373888.92;0
RGBI;D;20210604;000000;144.9;145.17;144.59;144.6;15284162666.21;0
RGBI;D;20210607;000000;144.6;144.68;144.49;144.5;8250593637.67;0
RGBI;D;20210608;000000;144.5;144.8;144.1;144.1;16269808245.66;0
RGBI;D;20210609;000000;144.1;144.1;143.77;143.86;15364305716.65;0
RGBI;D;20210610;000000;143.87;144.09;143.86;144.09;14549149905.29;0
RGBI;D;20210611;000000;144.08;144.7;144.08;144.7;20836409885.79;0
RGBI;D;20210614;000000;144.7;144.89;144.64;144.71;552288884;0
RGBI;D;20210615;000000;144.73;144.83;144.51;144.51;9215475572.36;0
RGBI;D;20210616;000000;144.48;144.56;144.15;144.16;20566577240.19;0
RGBI;D;20210617;000000;144.18;144.3;144.07;144.23;26167747326.14;0
RGBI;D;20210618;000000;144.24;144.8;144.23;144.77;28770595036.92;0
RGBI;D;20210621;000000;144.77;144.83;144.59;144.59;9157626053.75;0
RGBI;D;20210622;000000;144.6;144.7;144.56;144.56;2738337270.31;0
RGBI;D;20210623;000000;144.56;144.67;144.49;144.67;19210994088.56;0
RGBI;D;20210624;000000;144.69;144.95;144.69;144.87;16284272531.49;0
RGBI;D;20210625;000000;144.88;144.95;144.73;144.76;16338390323.59;0
RGBI;D;20210628;000000;144.75;144.9;144.5;144.5;11063474192.84;0
RGBI;D;20210629;000000;144.49;144.66;144.01;144.07;35626862055.21;0
RGBI;D;20210630;000000;144.06;144.34;144;144.08;10379800548.5;0
RGBI;D;20210701;000000;144.1;144.3;144.1;144.18;16306047287.82;0
RGBI;D;20210702;000000;144.19;144.22;144.05;144.05;15675925604.36;0
RGBI;D;20210705;000000;144.04;144.21;144.03;144.15;33022109756.29;0
RGBI;D;20210706;000000;144.16;144.32;144.09;144.1;8324081470.82;0
RGBI;D;20210707;000000;144.1;144.31;144.04;144.05;31958164103.34;0
RGBI;D;20210708;000000;144.03;144.07;143.77;143.81;18401044828.18;0
RGBI;D;20210709;000000;143.84;143.97;143.8;143.96;17782615476.93;0
RGBI;D;20210712;000000;143.96;144.07;143.83;143.83;11392661007.29;0
RGBI;D;20210713;000000;143.83;144.04;143.78;143.79;8080641765.1;0
RGBI;D;20210714;000000;143.79;143.9;143.75;143.75;16554776267.18;0
RGBI;D;20210715;000000;143.74;143.97;143.74;143.94;18293861324.41;0
RGBI;D;20210716;000000;143.97;144.11;143.92;143.96;21829556099.26;0
RGBI;D;20210719;000000;143.96;143.96;143.81;143.84;9425761503.49;0
RGBI;D;20210720;000000;143.84;144.03;143.74;144.03;14183971062.17;0
RGBI;D;20210721;000000;144.04;144.52;143.99;144.51;38184573814.81;0
RGBI;D;20210722;000000;144.52;145.03;144.45;145.03;49725540260.83;0
RGBI;D;20210723;000000;145.05;145.29;145.04;145.18;41117255776.93;0
RGBI;D;20210726;000000;145.19;145.23;145.08;145.23;29751437200.7;0
RGBI;D;20210727;000000;145.24;145.48;145.04;145.48;31386421926;0
RGBI;D;20210728;000000;145.48;145.71;145.46;145.71;43736543339.36;0
RGBI;D;20210729;000000;145.67;145.81;145.66;145.71;34780936267.11;0
RGBI;D;20210730;000000;145.71;145.76;145.57;145.76;22770443195.02;0
RGBI;D;20210802;000000;145.77;145.99;145.64;145.64;21127777391.57;0
RGBI;D;20210803;000000;145.63;145.66;145.53;145.53;28152520885.51;0
RGBI;D;20210804;000000;145.54;145.55;145.3;145.31;16863781687.18;0
RGBI;D;20210805;000000;145.31;145.46;145.3;145.4;18882821794.57;0
RGBI;D;20210806;000000;145.41;145.51;145.23;145.23;20415926268.64;0
RGBI;D;20210809;000000;145.26;145.4;144.97;144.97;8683580526.85;0
RGBI;D;20210810;000000;144.98;145.01;144.87;144.87;34168041694.32;0
RGBI;D;20210811;000000;144.86;144.97;144.76;144.76;22021059208.34;0
RGBI;D;20210812;000000;144.75;144.89;144.72;144.78;23427065320.72;0
RGBI;D;20210813;000000;144.78;144.93;144.73;144.82;26169454315.09;0
RGBI;D;20210816;000000;144.83;145.22;144.81;145.22;30732847779.11;0
RGBI;D;20210817;000000;145.23;145.45;145.21;145.42;41987240767.16;0
RGBI;D;20210818;000000;145.39;145.41;145.31;145.37;16218960453.39;0
RGBI;D;20210819;000000;145.38;145.5;145.05;145.06;18819387014.17;0
RGBI;D;20210820;000000;145.08;145.46;144.99;145.06;6949522581.72;0
RGBI;D;20210823;000000;145.07;145.18;145;145;5092734847.93;0
RGBI;D;20210824;000000;145.01;145.17;144.87;144.87;10334081699.58;0
RGBI;D;20210825;000000;144.87;144.96;144.79;144.79;38098012906.71;0
RGBI;D;20210826;000000;144.79;144.9;144.49;144.49;5451960762.89;0
RGBI;D;20210827;000000;144.48;144.71;144.46;144.7;15475507646.94;0
RGBI;D;20210830;000000;144.71;144.89;144.71;144.82;5580507435.4;0
RGBI;D;20210831;000000;144.82;144.91;144.76;144.9;13133800518.02;0
RGBI;D;20210901;000000;144.9;144.96;144.84;144.92;22047601195.28;0
RGBI;D;20210902;000000;144.92;144.96;144.63;144.64;12491712685.28;0
RGBI;D;20210903;000000;144.65;144.97;144.63;144.71;16339171573.05;0
RGBI;D;20210906;000000;144.71;144.82;144.61;144.64;3761027463.08;0
RGBI;D;20210907;000000;144.64;144.65;144.48;144.48;12153694731.52;0
RGBI;D;20210908;000000;144.5;144.7;144.42;144.42;13886249362.01;0
RGBI;D;20210909;000000;144.43;144.59;144.4;144.43;4547373418.01;0
RGBI;D;20210910;000000;144.43;144.53;144.28;144.53;21040442314.08;0
RGBI;D;20210913;000000;144.53;144.71;144.53;144.61;12762894472.63;0
RGBI;D;20210914;000000;144.63;144.71;144.52;144.52;16467296881.18;0
RGBI;D;20210915;000000;144.51;144.65;144.31;144.31;13939377202.06;0
RGBI;D;20210916;000000;144.33;144.48;144.3;144.3;30086565763.16;0
RGBI;D;20210917;000000;144.31;144.56;144.19;144.19;28494661519.18;0
RGBI;D;20210920;000000;144.18;144.24;143.59;143.59;19562454335.45;0
RGBI;D;20210921;000000;143.58;143.67;143.57;143.67;9402310984.84;0
RGBI;D;20210922;000000;143.67;143.81;143.64;143.71;17726685825.21;0
RGBI;D;20210923;000000;143.7;143.76;143.26;143.28;21315899024.22;0
RGBI;D;20210924;000000;143.32;143.45;142.96;142.96;17970754729.9;0
RGBI;D;20210927;000000;142.98;143.1;142.58;142.58;22682409171.98;0
RGBI;D;20210928;000000;142.55;143.04;142.55;142.68;23568076884.57;0
RGBI;D;20210929;000000;142.7;142.77;142.66;142.77;10006673166.64;0
RGBI;D;20210930;000000;142.78;142.78;142.54;142.55;7362772649.12;0
RGBI;D;20211001;000000;142.56;142.7;142.21;142.24;14069878479.65;0
RGBI;D;20211004;000000;142.26;142.6;141.9;141.9;9415847697.32;0
RGBI;D;20211005;000000;141.9;141.96;141.1;141.1;16550844274.66;0
RGBI;D;20211006;000000;141.07;141.23;140.49;140.58;20893936624.52;0
RGBI;D;20211007;000000;140.6;141.14;140.51;141.14;13028550554.09;0
RGBI;D;20211008;000000;141.16;141.66;141.16;141.66;13176395767.03;0
RGBI;D;20211011;000000;141.67;141.76;141.59;141.59;4439232269.06;0
RGBI;D;20211012;000000;141.6;141.64;141.42;141.45;9702981723.78;0
RGBI;D;20211013;000000;141.47;141.54;141.31;141.52;15203924594.68;0
RGBI;D;20211014;000000;141.55;141.77;141.55;141.77;13567787638.43;0
RGBI;D;20211015;000000;141.77;141.94;141.71;141.8;7245234490.74;0
RGBI;D;20211018;000000;141.81;141.84;141.31;141.31;10200469615.2;0
RGBI;D;20211019;000000;141.32;141.54;141.24;141.29;11204785452.63;0
RGBI;D;20211020;000000;141.28;141.4;141.05;141.07;24399220850.39;0
RGBI;D;20211021;000000;141.08;141.21;140.67;140.67;29606926239.34;0
RGBI;D;20211022;000000;140.68;140.75;139.52;139.52;42870935960.06;0
RGBI;D;20211025;000000;139.57;139.67;138.24;138.24;52501906937.71;0
RGBI;D;20211026;000000;138.24;138.24;137.64;137.64;56644933223.12;0
RGBI;D;20211027;000000;137.68;138.23;137.57;137.84;48058162231.85;0
RGBI;D;20211028;000000;137.85;138.06;136.68;136.7;36493970794.43;0
RGBI;D;20211029;000000;136.7;136.98;136.69;136.75;31092029514.39;0
RGBI;D;20211101;000000;136.77;136.98;136.18;136.18;44034601049.72;0
RGBI;D;20211102;000000;136.19;136.33;135.92;136;36060283161.98;0
RGBI;D;20211103;000000;136.01;136.29;136.01;136.16;19097582785.71;0
RGBI;D;20211105;000000;136.17;136.43;136.13;136.15;495697279.13;0
RGBI;D;20211108;000000;136.17;136.54;136.17;136.54;11665331820.73;0
RGBI;D;20211109;000000;136.56;137.06;136.56;137.06;39736751540.71;0
RGBI;D;20211110;000000;137.08;137.58;137.08;137.55;29692331102.77;0
RGBI;D;20211111;000000;137.59;138.18;137.59;137.71;18118448817.4;0
RGBI;D;20211112;000000;137.73;137.97;137.21;137.21;13329381930.11;0
RGBI;D;20211115;000000;137.24;137.4;136.88;136.88;10011827966.1;0
RGBI;D;20211116;000000;136.84;136.84;136.29;136.29;18704985656.38;0
RGBI;D;20211117;000000;136.37;136.62;136.15;136.33;14215346342.08;0
RGBI;D;20211118;000000;136.34;136.62;135.71;135.71;19023710065.28;0
RGBI;D;20211119;000000;135.7;135.82;135.36;135.36;17486757314.76;0
RGBI;D;20211122;000000;135.35;135.41;134.21;134.21;24650625664.89;0
RGBI;D;20211123;000000;134.24;134.44;133.56;133.57;29910201817.79;0
RGBI;D;20211124;000000;133.78;134.48;133.65;134.05;32502769801.47;0
RGBI;D;20211125;000000;134.07;134.58;134.07;134.57;36056810791.65;0
RGBI;D;20211126;000000;134.55;134.86;134.18;134.42;14426237155.75;0
RGBI;D;20211129;000000;134.44;135.36;134.44;135.35;18843218156.13;0
RGBI;D;20211130;000000;135.37;135.66;135.2;135.28;16325130678.3;0
RGBI;D;20211201;000000;135.22;135.54;135.19;135.43;11892755713.02;0
RGBI;D;20211202;000000;135.51;135.73;134.81;134.95;11282395309.16;0
RGBI;D;20211203;000000;134.96;135.44;134.96;135.23;13525881359.61;0
RGBI;D;20211206;000000;135.24;135.31;134.88;134.88;28643794100.43;0
RGBI;D;20211207;000000;134.88;134.94;134.22;134.23;99963397043.59;0
RGBI;D;20211208;000000;134.31;134.82;134.31;134.38;25666293077.03;0
RGBI;D;20211209;000000;134.39;134.52;134.38;134.51;16360266182.64;0
RGBI;D;20211210;000000;134.53;134.7;134.53;134.64;21794973429.7;0
RGBI;D;20211213;000000;134.67;135.1;134.56;134.56;10944445103.53;0
RGBI;D;20211214;000000;134.52;134.52;134.16;134.25;19647793605.86;0
RGBI;D;20211215;000000;134.29;134.62;134.29;134.3;22549869909.02;0
RGBI;D;20211216;000000;134.3;134.65;134.24;134.61;22636393900.53;0
RGBI;D;20211217;000000;134.63;135.02;134.63;134.86;16472799369.38;0
RGBI;D;20211220;000000;134.89;135.65;134.89;135.46;38395011200.38;0
RGBI;D;20211221;000000;135.54;135.84;135.45;135.45;29574427482.62;0
RGBI;D;20211222;000000;135.44;135.53;135.34;135.52;31636952727.51;0
RGBI;D;20211223;000000;135.52;135.91;135.52;135.6;16202846886.23;0
RGBI;D;20211224;000000;135.6;135.89;135.6;135.65;9609855725.08;0
RGBI;D;20211227;000000;135.67;136.1;135.65;135.65;10996929552.2;0
RGBI;D;20211228;000000;135.67;136.1;135.66;135.66;12551209126.31;0
RGBI;D;20211229;000000;135.66;135.94;135.62;135.62;8572296874.97;0
RGBI;D;20211230;000000;135.63;136.1;135.62;135.77;6693622721.9;0
RGBI;D;20220103;000000;135.78;136.68;135.78;136.22;373101951.99;0
RGBI;D;20220104;000000;136.22;136.33;136.19;136.33;286420920.81;0
RGBI;D;20220105;000000;136.34;136.49;136.33;136.45;281064992.01;0
RGBI;D;20220106;000000;136.45;136.48;135.73;135.73;1337890948.45;0
RGBI;D;20220110;000000;135.73;136.26;134.91;134.91;12515536953.52;0
RGBI;D;20220111;000000;134.91;135.03;134.12;134.12;17324562392.94;0
RGBI;D;20220112;000000;134.12;134.45;133.73;133.73;11833693362.8;0
RGBI;D;20220113;000000;133.78;133.99;132.55;132.55;37465103167.62;0
RGBI;D;20220114;000000;132.52;132.52;129.93;129.95;45224962295.64;0
RGBI;D;20220117;000000;129.95;131.26;129.06;129.06;40158980843.84;0
RGBI;D;20220118;000000;129.06;129.87;128.72;128.83;30050854872.08;0
RGBI;D;20220119;000000;128.85;130.18;128.85;130.12;36883654265.13;0
RGBI;D;20220120;000000;130.2;130.74;129.69;129.81;16793922043.4;0
RGBI;D;20220121;000000;129.82;130.31;129.38;129.46;14878985743.39;0
RGBI;D;20220124;000000;129.51;129.94;127.73;127.76;35040281847.81;0
RGBI;D;20220125;000000;127.77;128.42;127.51;127.51;33788148421.36;0
RGBI;D;20220126;000000;127.61;128.02;127.14;127.31;55535200359.22;0
RGBI;D;20220127;000000;127.34;128.03;127.34;128;26608531894.82;0
RGBI;D;20220128;000000;128;129.39;128;128.83;25671162188.79;0
RGBI;D;20220131;000000;128.83;129.6;128.82;128.99;12768620922.34;0
RGBI;D;20220201;000000;128.99;129.72;128.99;129.23;23721787259.12;0
RGBI;D;20220202;000000;129.24;129.6;129.23;129.58;34314522184.9;0
RGBI;D;20220203;000000;129.58;129.88;129.27;129.34;25623410959.26;0
RGBI;D;20220204;000000;129.35;129.82;129.35;129.54;8164104022.28;0
RGBI;D;20220207;000000;129.58;129.99;129.48;129.49;15091992977.56;0
RGBI;D;20220208;000000;129.49;129.83;129.48;129.51;14826128081.83;0
RGBI;D;20220209;000000;129.54;129.95;129.54;129.56;22804993567.09;0
RGBI;D;20220210;000000;129.58;129.9;129.31;129.31;43002875160.26;0
RGBI;D;20220211;000000;129.31;129.72;127.96;127.96;27561376437.87;0
RGBI;D;20220214;000000;127.91;127.91;125.21;125.43;31628123949.02;0
RGBI;D;20220215;000000;125.48;126.54;125.38;126.52;27356125802.77;0
RGBI;D;20220216;000000;126.54;127.7;126.54;127.63;21023654317.49;0
RGBI;D;20220217;000000;127.63;127.83;126.93;127.03;37635554865.11;0
RGBI;D;20220218;000000;126.99;127.5;126.97;126.97;31468969000.84;0
RGBI;D;20220221;000000;126.97;127.2;124.33;124.33;47644155030.41;0
RGBI;D;20220222;000000;124.09;124.09;120.35;121.46;42405177316.07;0
RGBI;D;20220224;000000;121.31;121.31;104.3;104.3;27016773681.52;0
RGBI;D;20220225;000000;104.48;110.44;104.23;108.45;53555367270.08;0
RGBI;D;20220321;000000;107.97;107.97;98.21;102.45;11658783738.37;0
RGBI;D;20220322;000000;102.53;107.53;102.51;107.51;9766104935.19;0
RGBI;D;20220323;000000;107.54;108.3;106.85;106.85;7196863437.8;0
RGBI;D;20220324;000000;106.9;107.33;106.29;107.31;5745160086.22;0
RGBI;D;20220325;000000;107.52;108.61;107.52;108.16;6119614030.22;0
RGBI;D;20220328;000000;108.16;108.28;107.71;107.77;7630608050.77;0
RGBI;D;20220329;000000;107.82;109.44;107.82;109.44;8867284039.86;0
RGBI;D;20220330;000000;109.42;114.26;109.42;114.26;5944821102.96;0
RGBI;D;20220331;000000;114.32;116.97;114.32;116.97;10173048422.73;0
RGBI;D;20220401;000000;117.02;118.6;117.02;117.19;4457677743.32;0
RGBI;D;20220404;000000;117.19;118.25;115.72;115.72;5049059150.66;0
RGBI;D;20220405;000000;115.76;115.92;115.57;115.58;2269776894.84;0
RGBI;D;20220406;000000;115.58;116.01;115.26;115.26;1310907591.49;0
RGBI;D;20220407;000000;115.25;115.34;115.06;115.22;14843903862.23;0
RGBI;D;20220408;000000;115.23;119.01;115.23;119.01;7761469924.22;0
RGBI;D;20220411;000000;119.01;121.65;119;121.55;3247821257.73;0
RGBI;D;20220412;000000;121.55;121.94;121.35;121.49;7588195564.73;0
RGBI;D;20220413;000000;121.5;122.11;121.5;122.11;4833727681.33;0
RGBI;D;20220414;000000;122.25;123.06;122.25;122.87;5051401847.24;0
RGBI;D;20220415;000000;122.87;123.02;122.18;122.18;2463216109.57;0
RGBI;D;20220418;000000;122.18;123.01;122.18;123.01;9490656411.87;0
RGBI;D;20220419;000000;123.13;124.71;123.13;124.71;8389975333.06;0
RGBI;D;20220420;000000;124.73;125.7;124.72;125.7;16240374565.73;0
RGBI;D;20220421;000000;125.75;127.03;125.75;126.98;13161263597.57;0
RGBI;D;20220422;000000;126.97;127.09;126.74;126.74;6520234051.42;0
RGBI;D;20220425;000000;126.68;126.68;125.79;125.83;6086472436.88;0
RGBI;D;20220426;000000;125.84;126.3;125.5;126.26;9247555572.67;0
RGBI;D;20220427;000000;126.26;126.49;126.13;126.14;13683890475.06;0
RGBI;D;20220428;000000;126.13;126.24;125.86;125.89;24188527457.91;0
RGBI;D;20220429;000000;125.92;126.33;125.92;126.17;9468997350.42;0
RGBI;D;20220504;000000;126.16;126.18;125.7;125.7;2849948873.3;0
RGBI;D;20220505;000000;125.7;125.74;125.33;125.34;4306083593.84;0
RGBI;D;20220506;000000;125.35;125.46;125.11;125.17;1779565472.24;0
RGBI;D;20220511;000000;125.18;125.37;125.1;125.1;1938352168.95;0
RGBI;D;20220512;000000;125.1;125.17;124.92;124.92;4840188216.14;0
RGBI;D;20220513;000000;124.89;124.94;124.69;124.81;10028904398.15;0
RGBI;D;20220516;000000;124.81;125.15;124.81;125.02;22506334346.33;0
RGBI;D;20220517;000000;125.02;125.14;124.96;125.06;6626912655.77;0
RGBI;D;20220518;000000;125.06;125.13;124.91;124.95;9025504623.93;0
RGBI;D;20220519;000000;124.95;125.29;124.83;125.29;13433776389.59;0
RGBI;D;20220520;000000;125.27;125.63;125.25;125.61;9874402726.31;0
RGBI;D;20220523;000000;125.64;125.75;125.24;125.55;8878148432.73;0
RGBI;D;20220524;000000;125.56;125.62;125.42;125.58;15370265272.45;0
RGBI;D;20220525;000000;125.57;128.06;125.57;128.06;16336819836.36;0
RGBI;D;20220526;000000;128.06;129.74;128.06;129.53;4665472015.45;0
RGBI;D;20220527;000000;129.56;129.67;129.23;129.23;5361995703.77;0
RGBI;D;20220530;000000;129.23;129.25;128.95;128.97;8112819527.81;0
RGBI;D;20220531;000000;128.97;129.11;128.82;128.98;13638259802.48;0
RGBI;D;20220601;000000;128.97;130.13;128.97;130.13;16938963493.18;0
RGBI;D;20220602;000000;130.21;131.63;130.14;131.61;8504303965.98;0
RGBI;D;20220603;000000;131.64;131.9;131.42;131.71;5912049654.75;0
RGBI;D;20220606;000000;131.71;132.23;131.71;132.23;11293201945.08;0
RGBI;D;20220607;000000;132.24;132.86;132.24;132.32;7204202019.71;0
RGBI;D;20220608;000000;132.35;132.93;132.31;132.31;5099627555.31;0
RGBI;D;20220609;000000;132.34;132.73;132.32;132.71;9629234272.69;0
RGBI;D;20220610;000000;132.71;133.45;132.69;132.91;8981850164.42;0
RGBI;D;20220614;000000;132.9;132.9;132.13;132.15;7184890124.67;0
RGBI;D;20220615;000000;132.15;132.39;132.03;132.12;5641014900.27;0
RGBI;D;20220616;000000;132.12;132.81;132.12;132.81;4292059582.88;0
RGBI;D;20220617;000000;132.82;133.15;132.75;132.76;6042783177.2;0
RGBI;D;20220620;000000;132.8;133.2;132.8;132.97;7005645796.69;0
RGBI;D;20220621;000000;132.99;133.27;132.99;133.13;10465417983.61;0
RGBI;D;20220622;000000;133.14;133.44;133.14;133.2;5731355758.93;0
RGBI;D;20220623;000000;133.2;133.73;133.2;133.73;13613951943.68;0
RGBI;D;20220624;000000;133.73;134.24;133.73;134.24;6560840026.35;0
RGBI;D;20220627;000000;134.27;134.9;134.27;134.9;17496383229.73;0
RGBI;D;20220628;000000;134.91;135.26;134.91;135.1;10074174319.91;0
RGBI;D;20220629;000000;135.1;135.17;134.97;134.98;13931350016.43;0
RGBI;D;20220630;000000;134.98;134.99;134.61;134.62;10922178598.85;0
RGBI;D;20220701;000000;134.62;134.64;134.29;134.3;12219024050.86;0
RGBI;D;20220704;000000;134.29;134.36;133.74;133.74;4579347642.43;0
RGBI;D;20220705;000000;133.73;133.82;133.19;133.19;7864672828.5;0
RGBI;D;20220706;000000;133.19;133.83;133.12;133.24;4794897385.55;0
RGBI;D;20220707;000000;133.25;133.79;133.23;133.78;18442539823;0
RGBI;D;20220708;000000;133.78;134.17;133.74;133.95;7370707866.59;0
RGBI;D;20220711;000000;133.97;134.16;133.82;133.82;5102524500.95;0
RGBI;D;20220712;000000;133.83;133.91;133.56;133.56;10522742975.22;0
RGBI;D;20220713;000000;133.58;133.9;133.41;133.41;14309492319.17;0
RGBI;D;20220714;000000;133.41;133.57;133.37;133.44;11775047585.1;0
RGBI;D;20220715;000000;133.43;133.49;133.32;133.49;2643788878.26;0
RGBI;D;20220718;000000;133.48;133.63;133.32;133.32;4879464034.03;0
RGBI;D;20220719;000000;133.34;133.56;133.26;133.27;3760442265.39;0
RGBI;D;20220720;000000;133.28;133.41;133.28;133.37;11161701300.01;0
RGBI;D;20220721;000000;133.39;134.01;133.39;134.01;25666373165.64;0
RGBI;D;20220722;000000;134.02;135.5;134.02;135.5;21048037236.96;0
RGBI;D;20220725;000000;135.51;136.01;135.51;135.91;20048404322.82;0
RGBI;D;20220726;000000;135.91;136.1;135.73;135.78;15396106849.1;0
RGBI;D;20220727;000000;135.79;136;135.74;135.84;17402575854.77;0
RGBI;D;20220728;000000;135.85;136.18;135.85;135.97;12869661883.72;0
RGBI;D;20220729;000000;135.96;136.22;135.96;136.2;4603416611.38;0
RGBI;D;20220801;000000;136.2;136.41;136.2;136.23;5209165507.29;0
RGBI;D;20220802;000000;136.24;136.45;136.23;136.24;13501406357.16;0
RGBI;D;20220803;000000;136.26;136.26;136.03;136.03;11092507201.5;0
RGBI;D;20220804;000000;136.03;136.18;135.98;136.05;18440121718.52;0
RGBI;D;20220805;000000;136.06;136.27;135.94;135.94;6095483425.82;0
RGBI;D;20220808;000000;135.95;136;135.85;135.92;2861354129.07;0
RGBI;D;20220809;000000;135.93;136.13;135.93;135.95;6774634188.11;0
RGBI;D;20220810;000000;135.97;136.05;135.77;135.77;6920883939.18;0
RGBI;D;20220811;000000;135.76;135.93;135.33;135.33;5059345936.73;0
RGBI;D;20220812;000000;135.32;135.32;134.83;134.85;5367391304.81;0
RGBI;D;20220815;000000;134.84;135.19;134.84;135.14;2527812747.46;0
RGBI;D;20220816;000000;135.14;135.37;135.14;135.27;3219761610.28;0
RGBI;D;20220817;000000;135.28;135.5;135.28;135.42;4966843678.87;0
RGBI;D;20220818;000000;135.42;135.68;135.42;135.46;4399196126.62;0
RGBI;D;20220819;000000;135.47;135.58;135.24;135.24;3598316157.22;0
RGBI;D;20220822;000000;135.24;135.36;134.97;134.97;3327484299.83;0
RGBI;D;20220823;000000;134.96;135.11;134.88;134.93;7423356404.63;0
RGBI;D;20220824;000000;134.93;134.95;134.77;134.8;12921723988.19;0
RGBI;D;20220825;000000;134.8;135.04;134.8;135.02;7673966124.22;0
RGBI;D;20220826;000000;135.02;135.23;135.01;135.06;3120580453.51;0
RGBI;D;20220829;000000;135.06;135.16;135.01;135.06;6188841342.9;0
RGBI;D;20220830;000000;135.05;135.13;135.03;135.13;5530709913.43;0
RGBI;D;20220831;000000;135.13;135.19;134.9;134.96;8840839205.1;0
RGBI;D;20220901;000000;134.97;135.16;134.97;135.1;6287561811.88;0
RGBI;D;20220902;000000;135.11;135.42;135.11;135.41;12696015628.07;0
RGBI;D;20220905;000000;135.41;135.86;135.41;135.86;7444380468.83;0
RGBI;D;20220906;000000;135.88;136.11;135.88;136.07;4678377943.34;0
RGBI;D;20220907;000000;136.08;136.22;136.05;136.05;7338893119.41;0
RGBI;D;20220908;000000;136.05;136.12;135.86;135.86;5267845210.35;0
RGBI;D;20220909;000000;135.89;135.89;135.64;135.65;2589038844.36;0
RGBI;D;20220912;000000;135.65;135.83;135.64;135.8;7248159823.7;0
RGBI;D;20220913;000000;135.8;135.91;135.55;135.55;8282018133.96;0
RGBI;D;20220914;000000;135.57;135.7;135.51;135.57;7624904757.06;0
RGBI;D;20220915;000000;135.57;135.81;135.55;135.72;12005381902.85;0
RGBI;D;20220916;000000;135.73;136.13;135.73;135.73;19406906455.59;0
RGBI;D;20220919;000000;135.7;135.7;134.1;134.1;10226716090.28;0
RGBI;D;20220920;000000;134.1;134.1;132.47;132.47;24491135729.13;0
RGBI;D;20220921;000000;132.33;132.33;126.94;129.65;18051500018.51;0
RGBI;D;20220922;000000;129.64;131.6;129.64;130.44;13903669708.71;0
RGBI;D;20220923;000000;130.46;130.85;128.89;128.89;7277461211.87;0
RGBI;D;20220926;000000;128.88;128.89;125.5;125.97;7287672412.91;0
RGBI;D;20220927;000000;126.07;128.4;126.07;128.39;5073428169.56;0
RGBI;D;20220928;000000;128.43;128.85;128.21;128.21;10591423160.2;0
RGBI;D;20220929;000000;128.2;128.31;126.65;126.65;9435997501.34;0
RGBI;D;20220930;000000;126.63;126.8;125.71;125.74;5546569737.33;0
RGBI;D;20221003;000000;125.76;126.94;125.75;126.94;9921293069.66;0
RGBI;D;20221004;000000;127.01;128.61;127.01;128.43;12662326488.45;0
RGBI;D;20221005;000000;128.44;128.63;128.36;128.39;13790775890.19;0
RGBI;D;20221006;000000;128.4;128.88;128.39;128.87;9685043684.33;0
RGBI;D;20221007;000000;128.87;129;128.69;128.69;4673230323.06;0
RGBI;D;20221010;000000;128.67;128.67;127.27;127.66;5066985070.1;0
RGBI;D;20221011;000000;127.73;128.64;127.73;128.62;8190778724.17;0
RGBI;D;20221012;000000;128.68;129.21;128.68;129.07;8114878016.71;0
RGBI;D;20221013;000000;129.09;129.47;129.09;129.26;8772939595.23;0
RGBI;D;20221014;000000;129.27;129.68;129.26;129.44;7816813677.96;0
RGBI;D;20221017;000000;129.45;130.02;129.45;129.89;11911497916.78;0
RGBI;D;20221018;000000;129.89;130.3;129.89;130.09;21497962617.99;0
RGBI;D;20221019;000000;130.09;130.17;129.97;130.06;8726670931;0
RGBI;D;20221020;000000;130.08;130.36;130.08;130.35;5569488724.75;0
RGBI;D;20221021;000000;130.36;130.72;130.36;130.68;10399389927.32;0
RGBI;D;20221024;000000;130.71;131.04;130.71;130.89;10965134375.75;0
RGBI;D;20221025;000000;130.89;131.19;130.87;130.87;10197372924.14;0
RGBI;D;20221026;000000;130.89;131.06;130.81;130.81;5905474150.26;0
RGBI;D;20221027;000000;130.85;130.97;130.6;130.6;8736096751.49;0
RGBI;D;20221028;000000;130.61;130.91;130.56;130.56;7271895075.08;0
RGBI;D;20221031;000000;130.56;130.69;130.22;130.22;9534229850.53;0
RGBI;D;20221101;000000;130.22;130.59;130.16;130.16;6322533834.57;0
RGBI;D;20221102;000000;130.18;130.51;129.53;129.55;17223390609.46;0
RGBI;D;20221103;000000;129.56;129.94;129.53;129.55;6312653641.59;0
RGBI;D;20221107;000000;129.59;130.02;129.59;129.65;9014203961.87;0
RGBI;D;20221108;000000;129.64;129.83;129.07;129.07;16051372208.21;0
RGBI;D;20221109;000000;129.06;129.16;128.76;128.85;12471688823.76;0
RGBI;D;20221110;000000;128.86;129.41;128.85;129.34;12963488737.78;0
RGBI;D;20221111;000000;129.36;129.68;129.36;129.54;5393707431.23;0
RGBI;D;20221114;000000;129.55;129.79;129.48;129.5;6901173478.18;0
RGBI;D;20221115;000000;129.51;129.62;129.49;129.53;11875943214.8;0
RGBI;D;20221116;000000;129.53;129.87;129.45;129.87;16962278200.96;0
RGBI;D;20221117;000000;129.9;130.59;129.9;130.53;11350187558.15;0
RGBI;D;20221118;000000;130.53;130.53;130.41;130.53;3138886165.53;0
RGBI;D;20221121;000000;130.53;130.64;130.48;130.48;7125164890.75;0
RGBI;D;20221122;000000;130.48;130.54;130.24;130.25;9705324303.35;0
RGBI;D;20221123;000000;130.25;130.35;130.2;130.29;10841593734.88;0
RGBI;D;20221124;000000;130.29;130.58;130.29;130.56;13481236913.49;0
RGBI;D;20221125;000000;130.56;130.72;130.56;130.63;6956294262.09;0
RGBI;D;20221128;000000;130.66;130.77;130.65;130.67;6642372017.41;0
RGBI;D;20221129;000000;130.67;130.74;130.64;130.64;4275493893.6;0
RGBI;D;20221130;000000;130.62;130.74;130.56;130.6;5696003197.62;0
RGBI;D;20221201;000000;130.61;130.77;130.52;130.53;11276485973.26;0
RGBI;D;20221202;000000;130.55;130.61;130.43;130.45;11053510178.05;0
RGBI;D;20221205;000000;130.46;130.55;130.23;130.23;10044615891.14;0
RGBI;D;20221206;000000;130.24;130.28;130.1;130.17;9853029868.27;0
RGBI;D;20221207;000000;130.18;130.31;130.15;130.19;9045871328.64;0
RGBI;D;20221208;000000;130.2;130.5;130.2;130.43;8465821321.73;0
RGBI;D;20221209;000000;130.45;130.74;130.45;130.53;6243159566.29;0
RGBI;D;20221212;000000;130.54;130.74;130.49;130.49;15008214354.58;0
RGBI;D;20221213;000000;130.53;130.77;130.53;130.64;8591372710.4;0
RGBI;D;20221214;000000;130.65;130.95;130.65;130.69;6678551082.18;0
RGBI;D;20221215;000000;130.71;130.8;130.59;130.59;7387881396.77;0
RGBI;D;20221216;000000;130.59;130.97;130.59;130.6;4161244088.7;0
RGBI;D;20221219;000000;130.58;130.7;130.22;130.23;9318018848.61;0
RGBI;D;20221220;000000;130.22;130.25;130.05;130.05;6701884915.71;0
RGBI;D;20221221;000000;130.06;130.19;129.99;129.99;6165818000.78;0
RGBI;D;20221222;000000;129.99;130.18;129.99;130.16;9103677875.6;0
RGBI;D;20221223;000000;130.16;130.29;130.16;130.2;9950611922.99;0
RGBI;D;20221226;000000;130.2;130.37;130.2;130.26;10882896785.17;0
RGBI;D;20221227;000000;130.25;130.5;130.24;130.24;18187523277.7;0
RGBI;D;20221228;000000;130.24;130.27;130.08;130.12;22154413463.3;0
RGBI;D;20221229;000000;130.15;130.38;130.15;130.2;10980324981.54;0
RGBI;D;20221230;000000;130.2;130.52;130.2;130.4;6388126023.29;0
RGBI;D;20230103;000000;130.41;130.91;130.4;130.91;137407667.51;0
RGBI;D;20230104;000000;130.91;131.14;130.91;131.11;130739082.75;0
RGBI;D;20230105;000000;131.12;131.26;131.07;131.26;96675715.06;0
RGBI;D;20230106;000000;131.27;131.41;131.16;131.16;178066731.48;0
RGBI;D;20230109;000000;131.14;131.19;130.61;130.61;3669184103.39;0
RGBI;D;20230110;000000;130.63;130.82;130.46;130.46;3384903638.63;0
RGBI;D;20230111;000000;130.47;130.55;130.25;130.26;3289466623.04;0
RGBI;D;20230112;000000;130.26;130.45;130.23;130.29;5214505903.46;0
RGBI;D;20230113;000000;130.29;130.49;130.29;130.37;3939762378.64;0
RGBI;D;20230116;000000;130.38;130.5;130.31;130.31;2829524355.34;0
RGBI;D;20230117;000000;130.31;130.46;130.31;130.37;2816945536.36;0
RGBI;D;20230118;000000;130.38;130.51;130.23;130.24;2720987467.24;0
RGBI;D;20230119;000000;130.25;130.46;130.25;130.35;6646461892.68;0
RGBI;D;20230120;000000;130.36;130.54;130.27;130.27;2666166620.92;0
RGBI;D;20230123;000000;130.28;130.41;130.06;130.08;6752020241.26;0
RGBI;D;20230124;000000;130.08;130.22;130.01;130.02;4969896635.78;0
RGBI;D;20230125;000000;130.02;130.14;130.01;130.02;3205532541.87;0
RGBI;D;20230126;000000;130.02;130.12;130.02;130.12;9977703120.29;0
RGBI;D;20230127;000000;130.13;130.37;130.13;130.18;7134407399.99;0
RGBI;D;20230130;000000;130.19;130.35;130.19;130.2;3752456561.14;0
RGBI;D;20230131;000000;130.21;130.39;130.16;130.16;3728217007.04;0
RGBI;D;20230201;000000;130.17;130.28;130.14;130.16;6231759774.67;0
RGBI;D;20230202;000000;130.17;130.38;130.17;130.23;5991697002.96;0
RGBI;D;20230203;000000;130.25;130.33;130.03;130.04;6223509440.2;0
RGBI;D;20230206;000000;130.05;130.2;129.98;129.99;5522907799.19;0
RGBI;D;20230207;000000;130;130.14;130;130;5626816712.57;0
RGBI;D;20230208;000000;130.01;130.11;129.77;129.77;20719314123.43;0
RGBI;D;20230209;000000;129.78;130;129.64;129.64;13680970409.61;0
RGBI;D;20230210;000000;129.65;129.85;129.61;129.62;6261205089.85;0
RGBI;D;20230213;000000;129.62;129.75;129.16;129.16;12320205794.95;0
RGBI;D;20230214;000000;129.23;129.28;128.84;128.94;9317772626.03;0
RGBI;D;20230215;000000;128.94;129.09;128.56;128.56;14096231567.87;0
RGBI;D;20230216;000000;128.58;128.76;128.58;128.59;15212844917.53;0
RGBI;D;20230217;000000;128.6;128.68;128.52;128.52;14302390648.14;0
RGBI;D;20230220;000000;128.55;128.75;128.42;128.42;12289328276.97;0
RGBI;D;20230221;000000;128.42;128.45;128.3;128.37;5401001712.14;0
RGBI;D;20230222;000000;128.38;128.57;128.38;128.53;7531886305.13;0
RGBI;D;20230224;000000;128.53;128.91;128.53;128.9;122139333.81;0
RGBI;D;20230227;000000;128.9;128.92;128.76;128.79;4393511692.2;0
RGBI;D;20230228;000000;128.81;129.11;128.79;128.8;3102147068.38;0
RGBI;D;20230301;000000;128.81;128.96;128.81;128.84;3500738384.81;0
RGBI;D;20230302;000000;128.87;129.15;128.87;128.89;8207088906.17;0
RGBI;D;20230303;000000;128.91;129.15;128.89;129.05;3341042467.75;0
RGBI;D;20230306;000000;129.06;129.22;129.06;129.09;1923753536.03;0
RGBI;D;20230307;000000;129.07;129.26;129.05;129.23;2833094523.78;0
RGBI;D;20230309;000000;129.23;129.42;129.22;129.23;3109837226.29;0
RGBI;D;20230310;000000;129.25;129.36;129.25;129.34;3349007553.63;0
RGBI;D;20230313;000000;129.36;129.48;129.28;129.28;5553419278.52;0
RGBI;D;20230314;000000;129.28;129.4;129.2;129.2;8992353150.11;0
RGBI;D;20230315;000000;129.21;129.35;129.07;129.07;7618578522.22;0
RGBI;D;20230316;000000;129.08;129.17;129;129;8320161715.88;0
RGBI;D;20230317;000000;129.01;129.14;128.67;128.67;8030462132.37;0
RGBI;D;20230320;000000;128.67;128.87;128.6;128.62;6088256833.83;0
RGBI;D;20230321;000000;128.63;128.86;128.59;128.61;7219230601.77;0
RGBI;D;20230322;000000;128.62;128.91;128.62;128.87;11413118171.28;0
RGBI;D;20230323;000000;128.87;129;128.86;129;6701914174.42;0
RGBI;D;20230324;000000;129;129.14;129;129.13;7506053177.34;0
RGBI;D;20230327;000000;129.14;129.23;129.14;129.19;5531417725.88;0
RGBI;D;20230328;000000;129.22;129.29;129.09;129.09;13791371445.63;0
RGBI;D;20230329;000000;129.1;129.21;129.07;129.07;9400737435.52;0
RGBI;D;20230330;000000;129.07;129.22;129.07;129.08;11965221050.58;0
RGBI;D;20230331;000000;129.08;129.23;129.07;129.08;7846275180.69;0
RGBI;D;20230403;000000;129.09;129.26;129.09;129.14;2480871257.85;0
RGBI;D;20230404;000000;129.15;129.28;128.91;128.91;7132937486.26;0
RGBI;D;20230405;000000;128.91;129.07;128.84;128.84;18955409555.79;0
RGBI;D;20230406;000000;128.84;129.08;128.83;128.83;16057557755.82;0
RGBI;D;20230407;000000;128.83;128.86;128.5;128.53;19100063195.76;0
RGBI;D;20230410;000000;128.56;128.85;128.56;128.79;5992060185.85;0
RGBI;D;20230411;000000;128.8;129.02;128.8;128.83;8362553331.99;0
RGBI;D;20230412;000000;128.83;128.98;128.8;128.8;8793291175.3;0
RGBI;D;20230413;000000;128.8;128.92;128.74;128.77;5304172254.63;0
RGBI;D;20230414;000000;128.78;128.89;128.78;128.82;21636334895.23;0
RGBI;D;20230417;000000;128.82;128.93;128.82;128.86;5830901415.01;0
RGBI;D;20230418;000000;128.86;128.98;128.85;128.87;10742951888.7;0
RGBI;D;20230419;000000;128.88;128.99;128.85;128.9;9877831714.34;0
RGBI;D;20230420;000000;128.91;129.1;128.91;129.01;13617412538.45;0
RGBI;D;20230421;000000;129.01;129.09;129;129.03;6291199439.31;0
RGBI;D;20230424;000000;129.03;129.16;129.03;129.16;5023938706.53;0
RGBI;D;20230425;000000;129.17;129.23;129.13;129.15;13257703282.97;0
RGBI;D;20230426;000000;129.15;129.25;129.15;129.17;13557426054.3;0
RGBI;D;20230427;000000;129.19;129.32;129.18;129.3;16636887795.33;0
RGBI;D;20230428;000000;129.3;129.59;129.3;129.59;18963552701.63;0
RGBI;D;20230502;000000;129.61;129.88;129.61;129.71;3713736658.21;0
RGBI;D;20230503;000000;129.72;129.86;129.71;129.74;6515271697.97;0
RGBI;D;20230504;000000;129.73;129.77;129.68;129.7;7526587633.54;0
RGBI;D;20230505;000000;129.71;129.8;129.7;129.79;3366449992.4;0
RGBI;D;20230508;000000;129.8;129.9;129.79;129.83;140440007.03;0
RGBI;D;20230510;000000;129.83;129.85;129.76;129.77;5231890460.87;0
RGBI;D;20230511;000000;129.77;129.9;129.77;129.79;9603289644.95;0
RGBI;D;20230512;000000;129.8;129.88;129.69;129.69;10035876427.26;0
RGBI;D;20230515;000000;129.7;129.81;129.69;129.71;2007649361.06;0
RGBI;D;20230516;000000;129.7;129.78;129.63;129.63;3017537864.2;0
RGBI;D;20230517;000000;129.63;129.7;129.56;129.6;5925178603.77;0
RGBI;D;20230518;000000;129.61;129.73;129.61;129.7;8371850742.03;0
RGBI;D;20230519;000000;129.72;129.8;129.71;129.78;3734973659.22;0
RGBI;D;20230522;000000;129.79;129.95;129.79;129.81;4706909516.14;0
RGBI;D;20230523;000000;129.82;129.89;129.76;129.76;10870557107.85;0
RGBI;D;20230524;000000;129.76;129.84;129.74;129.78;8627498380.24;0
RGBI;D;20230525;000000;129.78;129.85;129.78;129.8;6397076921.79;0
RGBI;D;20230526;000000;129.8;129.89;129.8;129.81;7442358319.14;0
RGBI;D;20230529;000000;129.81;130.01;129.75;129.75;12632389607.38;0
RGBI;D;20230530;000000;129.75;129.85;129.72;129.72;10167056580.63;0
RGBI;D;20230531;000000;129.72;129.85;129.71;129.72;10109058341.53;0
RGBI;D;20230601;000000;129.73;129.81;129.63;129.63;5923265194.94;0
RGBI;D;20230602;000000;129.64;129.75;129.63;129.63;5588562552.4;0
RGBI;D;20230605;000000;129.65;129.75;129.61;129.61;5388963445.95;0
RGBI;D;20230606;000000;129.62;129.73;129.55;129.59;6493135360.89;0
RGBI;D;20230607;000000;129.6;129.72;129.56;129.56;5360365984.85;0
RGBI;D;20230608;000000;129.56;129.64;129.52;129.53;4398148197.48;0
RGBI;D;20230609;000000;129.53;129.62;129.51;129.51;5311451654.03;0
RGBI;D;20230613;000000;129.5;129.7;129.42;129.42;4069906044.86;0
RGBI;D;20230614;000000;129.43;129.53;129.25;129.25;7663479840.69;0
RGBI;D;20230615;000000;129.26;129.38;129.22;129.23;4784260062.16;0
RGBI;D;20230616;000000;129.23;129.52;129.22;129.29;4046864645.75;0
RGBI;D;20230619;000000;129.29;129.37;129.22;129.22;3644528755.2;0
RGBI;D;20230620;000000;129.22;129.33;129.01;129.03;6649721703.43;0
RGBI;D;20230621;000000;129.04;129.14;128.92;128.93;7374848567.79;0
RGBI;D;20230622;000000;128.94;129.03;128.87;128.87;8302397578.91;0
RGBI;D;20230623;000000;128.88;128.97;128.88;128.92;4661213483.14;0
RGBI;D;20230626;000000;128.93;128.94;128.69;128.69;7824142492.31;0
RGBI;D;20230627;000000;128.7;128.8;128.7;128.73;5531089536.22;0
RGBI;D;20230628;000000;128.73;128.86;128.69;128.7;11082887408.89;0
RGBI;D;20230629;000000;128.71;128.83;128.61;128.61;4519246365.08;0
RGBI;D;20230630;000000;128.61;128.78;128.41;128.41;9009925280.7;0
RGBI;D;20230703;000000;128.42;128.57;128.35;128.35;1510761642.69;0
RGBI;D;20230704;000000;128.35;128.48;128.27;128.27;2284421011.83;0
RGBI;D;20230705;000000;128.27;128.41;128.27;128.33;10807367109.31;0
RGBI;D;20230706;000000;128.33;128.35;128.15;128.16;12425844196.66;0
RGBI;D;20230707;000000;128.16;128.27;128.1;128.1;3686232566.05;0
RGBI;D;20230710;000000;128.11;128.22;127.9;127.9;3479054584.13;0
RGBI;D;20230711;000000;127.91;128.03;127.78;127.78;4307383409.88;0
RGBI;D;20230712;000000;127.77;127.85;127.71;127.71;4898163312.53;0
RGBI;D;20230713;000000;127.71;127.82;127.7;127.7;3190847080.92;0
RGBI;D;20230714;000000;127.7;127.84;127.58;127.58;6819479318.37;0
RGBI;D;20230717;000000;127.59;127.67;127.28;127.28;5091136136.78;0
RGBI;D;20230718;000000;127.29;127.31;127.05;127.05;7552929710.94;0
RGBI;D;20230719;000000;127.04;127.09;126.91;126.91;5779210079.29;0
RGBI;D;20230720;000000;126.93;127.06;126.93;126.97;3499794162.62;0
RGBI;D;20230721;000000;126.98;127.11;126.87;126.87;4724293341.29;0
RGBI;D;20230724;000000;126.88;127.08;126.87;126.93;6309916416.46;0
RGBI;D;20230725;000000;126.93;127.09;126.93;127.02;7082804503.29;0
RGBI;D;20230726;000000;127.04;127.26;127.04;127.11;9155295779.73;0
RGBI;D;20230727;000000;127.12;127.29;127.1;127.1;14326473770.2;0
RGBI;D;20230728;000000;127.11;127.2;126.99;126.99;5530482935.75;0
RGBI;D;20230731;000000;127;127.12;126.86;126.86;6224112174.9;0
RGBI;D;20230801;000000;126.87;127.02;126.79;126.79;2774929358.86;0
RGBI;D;20230802;000000;126.8;126.84;126.67;126.7;7274896600.02;0
RGBI;D;20230803;000000;126.74;126.85;126.54;126.54;6516191076.12;0
RGBI;D;20230804;000000;126.54;126.7;126.4;126.41;2737073818.49;0
RGBI;D;20230807;000000;126.4;126.56;126.32;126.32;3226998900.36;0
RGBI;D;20230808;000000;126.32;126.37;126.13;126.14;8490683722.87;0
RGBI;D;20230809;000000;126.13;126.16;125.74;125.74;5444630993.31;0
RGBI;D;20230810;000000;125.73;125.83;125.47;125.47;9252116429.34;0
RGBI;D;20230811;000000;125.46;125.48;125.23;125.23;6320321904.91;0
RGBI;D;20230814;000000;125.23;125.24;124.58;124.58;10134243485.25;0
RGBI;D;20230815;000000;124.56;124.56;123.63;123.8;8788210839.65;0
RGBI;D;20230816;000000;123.84;124.56;123.84;124.17;11185876196.7;0
RGBI;D;20230817;000000;124.19;124.68;124.19;124.53;15482027951.18;0
RGBI;D;20230818;000000;124.61;125.41;124.61;125;7124867078.23;0
RGBI;D;20230821;000000;125.01;125.51;125.01;125.02;11351027468.6;0
RGBI;D;20230822;000000;125.03;125.27;124.86;124.86;11618112132.16;0
RGBI;D;20230823;000000;124.86;124.99;124.64;124.64;10310433622.57;0
RGBI;D;20230824;000000;124.65;124.76;124.34;124.34;9617732037.82;0
RGBI;D;20230825;000000;124.34;124.5;124.21;124.21;5871826261.27;0
RGBI;D;20230828;000000;124.22;124.3;124.09;124.09;3565990744.84;0
RGBI;D;20230829;000000;124.09;124.15;123.97;123.97;5276291185.29;0
RGBI;D;20230830;000000;123.96;124.1;123.93;123.94;7604882531.65;0
RGBI;D;20230831;000000;123.94;124.03;123.87;123.89;4314617799.98;0
RGBI;D;20230901;000000;123.9;123.93;123.78;123.78;9342038031.51;0
RGBI;D;20230904;000000;123.78;123.86;123.51;123.53;3965078140.36;0
RGBI;D;20230905;000000;123.54;123.63;123.21;123.21;5600653718.96;0
RGBI;D;20230906;000000;123.21;123.27;122.34;122.34;11176472059.59;0
RGBI;D;20230907;000000;122.33;122.33;120.94;121.06;12970148260.88;0
RGBI;D;20230908;000000;121.11;121.49;120.48;120.48;8793529099.53;0
RGBI;D;20230911;000000;120.51;120.76;120.36;120.37;5379403717.66;0
RGBI;D;20230912;000000;120.41;120.95;120.41;120.93;10650130065.76;0
RGBI;D;20230913;000000;120.98;122.12;120.98;121.59;4525392836.45;0
RGBI;D;20230914;000000;121.61;121.72;121.02;121.02;4919806793.77;0
RGBI;D;20230915;000000;121.02;121.47;120.7;120.74;13755171534.34;0
RGBI;D;20230918;000000;120.76;121.75;120.76;121.25;7585630561.07;0
RGBI;D;20230919;000000;121.33;122;121.14;121.14;6079344207.5;0
RGBI;D;20230920;000000;121.15;121.33;120.77;120.77;4498043325.7;0
RGBI;D;20230921;000000;120.79;121.09;120.79;120.84;2680809346.98;0
RGBI;D;20230922;000000;120.86;121.17;120.68;120.7;8677789674.16;0
RGBI;D;20230925;000000;120.71;121.02;120.58;120.58;9144343960.52;0
RGBI;D;20230926;000000;120.59;120.89;120.41;120.41;6595418235.9;0
RGBI;D;20230927;000000;120.41;120.54;120.27;120.28;8126725014.02;0
RGBI;D;20230928;000000;120.28;120.38;119.7;119.7;14604741050.68;0
RGBI;D;20230929;000000;119.71;119.78;119.34;119.34;10056774046.32;0
RGBI;D;20231002;000000;119.34;119.42;118.86;118.86;6186006275.93;0
RGBI;D;20231003;000000;118.86;119.03;118.84;118.91;83884734986.6;0
RGBI;D;20231004;000000;118.9;119.09;118.6;118.6;11736869239.7;0
RGBI;D;20231005;000000;118.61;118.75;118.42;118.42;7359322891.8;0
RGBI;D;20231006;000000;118.43;118.54;118.31;118.31;7639011732.26;0
RGBI;D;20231009;000000;118.31;118.44;118.11;118.11;5070939326.65;0
RGBI;D;20231010;000000;118.1;118.16;117.95;117.95;8912687148.24;0
RGBI;D;20231011;000000;117.95;118.05;117.83;117.91;4673898995.81;0
RGBI;D;20231012;000000;117.94;119.19;117.93;118.6;14801294956.63;0
RGBI;D;20231013;000000;118.61;118.9;118.61;118.71;3329015927.91;0
RGBI;D;20231016;000000;118.73;119.15;118.73;118.92;4485533648.85;0
RGBI;D;20231017;000000;118.95;119.2;118.94;118.97;5837669104.95;0
RGBI;D;20231018;000000;118.98;119.02;118.62;118.62;5537078503.29;0
RGBI;D;20231019;000000;118.61;118.64;118.42;118.42;13085310341.83;0
RGBI;D;20231020;000000;118.43;118.56;118.43;118.46;8548460108.4;0
RGBI;D;20231023;000000;118.46;118.65;118.46;118.5;8911013327.13;0
RGBI;D;20231024;000000;118.5;118.62;118.48;118.48;12792198200.84;0
RGBI;D;20231025;000000;118.49;118.6;118.49;118.51;8424706710.58;0
RGBI;D;20231026;000000;118.52;118.69;118.49;118.49;8371450958.34;0
RGBI;D;20231027;000000;118.5;118.5;117.72;117.72;12096012226.37;0
RGBI;D;20231030;000000;117.71;117.96;117.27;117.32;13974230640.07;0
RGBI;D;20231031;000000;117.33;117.57;117.33;117.54;6830110213.15;0
RGBI;D;20231101;000000;117.55;117.81;117.42;117.81;5300953476.64;0
RGBI;D;20231102;000000;117.85;119.07;117.85;119.07;5877907707.98;0
RGBI;D;20231103;000000;119.12;120;119.12;120;7553260014.91;0
RGBI;D;20231106;000000;120.06;121.17;120.06;121.09;1370416946.76;0
RGBI;D;20231107;000000;121.08;121.22;120.39;120.39;6452428258.12;0
RGBI;D;20231108;000000;120.39;120.47;120.24;120.38;11658506739.16;0
RGBI;D;20231109;000000;120.39;121.41;120.39;121.41;9737606072.05;0
RGBI;D;20231110;000000;121.41;122.22;121.41;122.13;5438312532;0
RGBI;D;20231113;000000;122.14;122.15;121.5;121.5;4952212168.07;0
RGBI;D;20231114;000000;121.51;121.52;120.61;120.64;11153252356.59;0
RGBI;D;20231115;000000;120.66;121.14;120.66;121.14;6576857443.86;0
RGBI;D;20231116;000000;121.14;121.7;121.14;121.41;4727539539.04;0
RGBI;D;20231117;000000;121.4;121.54;121.36;121.54;5094510964.82;0
RGBI;D;20231120;000000;121.52;121.82;121.52;121.73;2337960939.52;0
RGBI;D;20231121;000000;121.75;121.95;121.73;121.95;3361775250.61;0
RGBI;D;20231122;000000;121.94;122.26;121.93;122.25;9050730519.37;0
RGBI;D;20231123;000000;122.26;122.5;122.26;122.46;5342371867.51;0
RGBI;D;20231124;000000;122.47;122.63;122.43;122.44;11959377194.14;0
RGBI;D;20231127;000000;122.44;122.45;122.23;122.3;4270687596.18;0
RGBI;D;20231128;000000;122.32;122.37;122.29;122.31;4503196581.58;0
RGBI;D;20231129;000000;122.32;122.39;122.28;122.39;9402433200.77;0
RGBI;D;20231130;000000;122.4;122.5;122.17;122.17;13225337922.6;0
RGBI;D;20231201;000000;122.16;122.26;121.93;121.93;7865517322.96;0
RGBI;D;20231204;000000;121.9;121.9;120.8;120.8;12090911594.13;0
RGBI;D;20231205;000000;120.79;120.79;120.41;120.45;7773199095.09;0
RGBI;D;20231206;000000;120.46;120.58;120.23;120.24;10739289347;0
RGBI;D;20231207;000000;120.25;120.3;120.1;120.11;10431091592.25;0
RGBI;D;20231208;000000;120.13;120.27;120.13;120.23;5176941633.61;0
RGBI;D;20231211;000000;120.26;120.4;119.88;119.93;11670387528.52;0
RGBI;D;20231212;000000;119.92;119.95;119.41;119.41;10069054777.99;0
RGBI;D;20231213;000000;119.4;119.52;119.13;119.13;15443959913.59;0
RGBI;D;20231214;000000;119.14;119.29;119.03;119.03;11742217504.98;0
RGBI;D;20231215;000000;119.03;119.28;118.99;119.04;7259061574.38;0
RGBI;D;20231218;000000;119.18;119.96;119.18;119.94;15072846665.73;0
RGBI;D;20231219;000000;120.04;120.81;120.04;120.61;9563690980.08;0
RGBI;D;20231220;000000;120.63;121.22;120.62;121.22;11577993584.74;0
RGBI;D;20231221;000000;121.24;121.69;121.24;121.66;6452347808.65;0
RGBI;D;20231222;000000;121.67;121.91;121.67;121.76;5863046140.37;0
RGBI;D;20231225;000000;121.73;122.02;121.73;121.74;11679432039.98;0
RGBI;D;20231226;000000;121.75;121.85;121.44;121.44;9212937543.15;0
RGBI;D;20231227;000000;121.45;121.48;121.03;121.24;9937441583.61;0
RGBI;D;20231228;000000;121.23;121.24;121.14;121.17;4909035283.86;0
RGBI;D;20231229;000000;121.19;121.58;121.05;121.05;5233080789.7;0
RGBI;D;20240103;000000;121.06;121.86;121.06;121.48;738650442.68;0
RGBI;D;20240104;000000;121.49;121.68;121.42;121.47;263839175.2;0
RGBI;D;20240105;000000;121.47;121.65;121.43;121.43;352108202.38;0
RGBI;D;20240108;000000;121.45;121.61;121.45;121.49;346014834.89;0
RGBI;D;20240109;000000;121.49;121.57;121.02;121.02;3261688344.7;0
RGBI;D;20240110;000000;121.02;121.17;120.75;120.75;3160383883.96;0
RGBI;D;20240111;000000;120.76;121.07;120.35;120.35;6311385630.92;0
RGBI;D;20240112;000000;120.38;120.46;119.92;119.93;10291002685.17;0
RGBI;D;20240115;000000;119.93;120.16;119.93;120.16;6355330425.81;0
RGBI;D;20240116;000000;120.17;120.44;120.17;120.26;8593120827.13;0
RGBI;D;20240117;000000;120.28;120.64;120.27;120.64;7693123851.25;0
RGBI;D;20240118;000000;120.64;121;120.64;121;16426597299.48;0
RGBI;D;20240119;000000;121.01;121.35;121.01;121.27;4786854289.79;0
RGBI;D;20240122;000000;121.28;121.49;121.25;121.25;18390361502.84;0
RGBI;D;20240123;000000;121.27;121.51;121.25;121.3;7216091844.14;0
RGBI;D;20240124;000000;121.28;121.44;121.2;121.21;4132344823.43;0
RGBI;D;20240125;000000;121.22;121.33;121.22;121.33;5389977143.15;0
RGBI;D;20240126;000000;121.34;121.44;121.34;121.42;5410917243.66;0
RGBI;D;20240129;000000;121.44;121.63;121.35;121.35;7828773289.04;0
RGBI;D;20240130;000000;121.36;121.42;121.13;121.13;18202777975.99;0
RGBI;D;20240131;000000;121.14;121.28;121.13;121.19;5146117764.99;0
RGBI;D;20240201;000000;121.2;121.36;121.04;121.04;5650038859.81;0
RGBI;D;20240202;000000;121.05;121.22;120.82;120.82;7350027655.88;0
RGBI;D;20240205;000000;120.82;120.93;120.68;120.68;5686172500.77;0
RGBI;D;20240206;000000;120.69;120.83;120.65;120.65;6745860905.25;0
RGBI;D;20240207;000000;120.65;120.76;120.63;120.65;6756085616.98;0
RGBI;D;20240208;000000;120.67;120.94;120.51;120.51;13374670479.77;0
RGBI;D;20240209;000000;120.51;120.6;120.33;120.35;8243835014.41;0
RGBI;D;20240212;000000;120.37;120.55;120.35;120.39;4613247701.44;0
RGBI;D;20240213;000000;120.41;120.63;120.41;120.43;5857383093.28;0
RGBI;D;20240214;000000;120.42;120.6;120.41;120.41;5409927780.47;0
RGBI;D;20240215;000000;120.42;120.6;120.07;120.07;9658696752.81;0
RGBI;D;20240216;000000;120.09;120.2;119.83;119.83;12295592116.23;0
RGBI;D;20240219;000000;119.84;119.86;119.52;119.53;3615814796.77;0
RGBI;D;20240220;000000;119.54;119.57;119.4;119.41;2970445164.51;0
RGBI;D;20240221;000000;119.4;119.4;119.24;119.25;3918550666.19;0
RGBI;D;20240222;000000;119.25;119.38;119.23;119.27;3213651027.09;0
RGBI;D;20240226;000000;119.29;119.64;119.29;119.3;6145820782.29;0
RGBI;D;20240227;000000;119.32;119.39;119.1;119.1;8527714947.78;0
RGBI;D;20240228;000000;119.1;119.22;119.09;119.1;8539638399.04;0
RGBI;D;20240229;000000;119.11;119.46;118.95;118.95;10957970006.22;0
RGBI;D;20240301;000000;118.96;119.27;118.96;119.04;3794622922.02;0
RGBI;D;20240304;000000;119.04;119.25;118.57;118.57;15130166989.47;0
RGBI;D;20240305;000000;118.56;118.59;118.15;118.15;9562907088.76;0
RGBI;D;20240306;000000;118.15;118.16;117.68;117.68;19458270221.45;0
RGBI;D;20240307;000000;117.68;117.75;117.44;117.44;17077939986.43;0
RGBI;D;20240311;000000;117.45;117.63;117.37;117.37;10771342751.56;0
RGBI;D;20240312;000000;117.37;117.61;117.31;117.31;11215804578.05;0
RGBI;D;20240313;000000;117.31;117.37;117.03;117.03;17845020612.95;0
RGBI;D;20240314;000000;117.03;117.14;116.69;116.69;11816537784.44;0
RGBI;D;20240315;000000;116.7;116.71;116.03;116.03;17913313661.86;0
RGBI;D;20240318;000000;116.04;116.08;115.47;115.48;19451792470.03;0
RGBI;D;20240319;000000;115.49;115.65;115.47;115.47;12150698527.49;0
RGBI;D;20240320;000000;115.48;115.59;115.21;115.21;17148818925.08;0
RGBI;D;20240321;000000;115.22;115.44;114.94;115.07;14033144872.44;0
RGBI;D;20240322;000000;115.13;115.72;115.13;115.3;4385453558.75;0
RGBI;D;20240325;000000;115.31;115.33;115.13;115.17;6345468651.59;0
RGBI;D;20240326;000000;115.17;115.46;115.17;115.28;16499035471.62;0
RGBI;D;20240327;000000;115.28;115.4;115.28;115.4;9885195115.48;0
RGBI;D;20240328;000000;115.4;115.84;115.4;115.65;12868261306.73;0
RGBI;D;20240329;000000;115.65;115.83;115.38;115.38;12461319770.94;0
RGBI;D;20240401;000000;115.41;115.59;115.23;115.23;11674493129.27;0
RGBI;D;20240402;000000;115.22;115.28;114.88;114.91;21417216879.72;0
RGBI;D;20240403;000000;114.91;115.13;114.91;114.99;5610826668.35;0
RGBI;D;20240404;000000;115;115;114.56;114.56;10083198580.56;0
RGBI;D;20240405;000000;114.58;114.79;114.37;114.37;16657702346.54;0
RGBI;D;20240408;000000;114.37;114.52;114.28;114.28;9412670481.46;0
RGBI;D;20240409;000000;114.28;114.5;114.28;114.28;8147046619.21;0
RGBI;D;20240410;000000;114.28;114.49;114.25;114.27;6568744363.81;0
RGBI;D;20240411;000000;114.27;114.54;113.9;113.9;15260216728.27;0
RGBI;D;20240412;000000;113.89;114.06;113.89;114.01;8909188366.09;0
RGBI;D;20240415;000000;114.02;114.39;114.02;114.37;10772704039.68;0
RGBI;D;20240416;000000;114.36;114.4;114.05;114.05;9565020673.48;0
RGBI;D;20240417;000000;114.06;114.16;114.06;114.15;8267769513.8;0
RGBI;D;20240418;000000;114.15;114.5;114.15;114.31;7282889762.33;0
RGBI;D;20240419;000000;114.31;114.81;114.31;114.81;24167781490.14;0
RGBI;D;20240422;000000;114.85;115.29;114.81;114.81;10712201856.87;0
RGBI;D;20240423;000000;114.81;114.96;114.56;114.57;18660442414.49;0
RGBI;D;20240424;000000;114.57;114.71;114.57;114.57;12956159225.81;0
RGBI;D;20240425;000000;114.58;114.68;114.49;114.49;6399745945.75;0
RGBI;D;20240426;000000;114.49;114.62;113.96;113.96;13740418488.07;0
RGBI;D;20240427;000000;113.94;113.96;113.76;113.81;2874873283.8;0
RGBI;D;20240429;000000;113.82;113.91;113.82;113.9;495637055.67;0
RGBI;D;20240430;000000;113.9;113.95;113.85;113.85;560285534.16;0
RGBI;D;20240502;000000;113.85;113.89;113.55;113.55;6538161947.11;0
RGBI;D;20240503;000000;113.58;113.72;113.35;113.36;3694245838.81;0
RGBI;D;20240506;000000;113.36;113.47;113.24;113.24;3904736248.32;0
RGBI;D;20240507;000000;113.25;113.36;113.19;113.19;6989340012.13;0
RGBI;D;20240508;000000;113.19;113.32;113.19;113.2;4004808913.56;0
RGBI;D;20240510;000000;113.22;113.48;113.22;113.28;441755980.33;0
RGBI;D;20240513;000000;113.29;113.44;112.69;112.69;8903120545.21;0
RGBI;D;20240514;000000;112.69;112.7;111.89;111.89;20397789527.6;0
RGBI;D;20240515;000000;111.89;111.89;111.69;111.76;18025346392.34;0
RGBI;D;20240516;000000;111.79;112.34;111.78;111.88;5520874875.5;0
RGBI;D;20240517;000000;111.88;112.03;111.7;111.75;8758044462.39;0
RGBI;D;20240520;000000;111.75;111.93;111.51;111.51;12982991749.66;0
RGBI;D;20240521;000000;111.5;111.59;111.13;111.13;12800899273.25;0
RGBI;D;20240522;000000;111.12;111.15;110.68;110.68;10927744353.61;0
RGBI;D;20240523;000000;110.68;110.81;110.15;110.15;10694827127.66;0
RGBI;D;20240524;000000;110.14;110.16;109.47;109.47;14251046871.26;0
RGBI;D;20240527;000000;109.46;109.47;108.73;108.73;24651025605.46;0
RGBI;D;20240528;000000;108.73;108.82;108.63;108.82;21319930175.79;0
RGBI;D;20240529;000000;108.85;109.14;108.66;108.66;26497984806.22;0
RGBI;D;20240530;000000;108.67;108.68;108.18;108.19;10191480468.19;0
RGBI;D;20240531;000000;108.18;108.19;107.57;107.57;4911477263.72;0
RGBI;D;20240603;000000;107.56;107.57;107.23;107.4;8554684353.18;0
RGBI;D;20240604;000000;107.44;108.6;107.44;108.6;9484456776.38;0
RGBI;D;20240605;000000;108.64;109.1;108.49;108.51;5697050160.61;0
RGBI;D;20240606;000000;108.53;109.14;108.53;108.79;8445133151.6;0
RGBI;D;20240607;000000;108.79;109.05;108.74;109.01;6433243122.06;0
RGBI;D;20240610;000000;109;109.04;108.05;108.05;10598192417.02;0
RGBI;D;20240611;000000;108.05;108.07;107.88;107.9;4919748959.44;0
RGBI;D;20240613;000000;107.87;107.88;107.52;107.54;3539170071.22;0
RGBI;D;20240614;000000;107.54;107.93;107.54;107.69;3361326280.96;0
RGBI;D;20240617;000000;107.68;107.68;106.67;106.8;7519666996.68;0
RGBI;D;20240618;000000;106.81;106.81;106.31;106.31;6860587840.15;0
RGBI;D;20240619;000000;106.3;106.32;105.77;105.77;6347677115.84;0
RGBI;D;20240620;000000;105.77;105.77;104.97;104.97;12807830817.73;0
RGBI;D;20240621;000000;105;105.27;105;105.27;5385781852.16;0
RGBI;D;20240624;000000;105.29;105.82;105.29;105.49;2687170925.33;0
RGBI;D;20240625;000000;105.5;106.29;105.5;106.28;5399048014.96;0
RGBI;D;20240626;000000;106.34;107.29;106.34;107.22;14200995984.12;0
RGBI;D;20240627;000000;107.2;107.2;105.87;106.43;6252540376.95;0
RGBI;D;20240628;000000;106.48;107.13;106.48;106.8;7158826116.67;0
RGBI;D;20240701;000000;106.78;106.81;106.44;106.44;2749967259.06;0
RGBI;D;20240702;000000;106.46;106.77;106.46;106.46;6200370146.87;0
RGBI;D;20240703;000000;106.45;106.77;106.45;106.69;2035344074.17;0
RGBI;D;20240704;000000;106.71;106.82;106.42;106.49;8069471428.75;0
RGBI;D;20240705;000000;106.34;106.34;105.71;105.71;8580114498.84;0
RGBI;D;20240708;000000;105.7;105.76;105.5;105.57;3645809718.71;0
RGBI;D;20240709;000000;105.61;105.81;105.52;105.52;3985157081.17;0
RGBI;D;20240710;000000;105.51;105.55;105.16;105.16;7893793720.04;0
RGBI;D;20240711;000000;105.15;105.26;105;105;4564103806.59;0
RGBI;D;20240712;000000;105;105.32;104.89;104.89;11489753211.7;0
RGBI;D;20240715;000000;104.89;105.04;104.2;104.2;9771705156.86;0
RGBI;D;20240716;000000;104.23;104.34;103.45;103.45;10740488178.07;0
RGBI;D;20240717;000000;103.46;103.72;102.9;102.9;10002851429.77;0
RGBI;D;20240718;000000;102.95;103.82;102.95;103.42;10216517415.87;0
RGBI;D;20240719;000000;103.45;104.76;103.45;104.38;6151687743.46;0
RGBI;D;20240722;000000;104.39;104.85;104.39;104.75;6566122235.27;0
RGBI;D;20240723;000000;104.79;105.16;104.37;104.37;6525112052.17;0
RGBI;D;20240724;000000;104.38;104.41;104.21;104.29;7660028921.2;0
RGBI;D;20240725;000000;104.32;104.88;104.32;104.57;11071298298.23;0
RGBI;D;20240726;000000;104.59;104.97;103.53;103.53;17131755302.77;0
RGBI;D;20240729;000000;103.52;103.62;102.92;102.92;10058105313.7;0
RGBI;D;20240730;000000;102.93;103.28;102.93;103.17;5636897343.24;0
RGBI;D;20240731;000000;103.19;104.07;103.19;104.07;5431807484.65;0
RGBI;D;20240801;000000;104.09;105.11;104.09;105.07;7246083770.57;0
RGBI;D;20240802;000000;105.07;105.3;105.05;105.05;5288043504.46;0
RGBI;D;20240805;000000;105.06;105.24;104.73;104.73;5843447048.92;0
RGBI;D;20240806;000000;104.72;105.01;104.71;104.99;8140180144.73;0
RGBI;D;20240807;000000;104.98;105.64;104.98;105.64;10595572655.05;0
RGBI;D;20240808;000000;105.65;107.11;105.65;107.1;14422296808.35;0
RGBI;D;20240809;000000;107.09;107.49;107.09;107.3;8452620614.82;0
RGBI;D;20240812;000000;107.29;107.6;106.89;106.96;5020749788.68;0
RGBI;D;20240813;000000;106.97;107.33;106.96;107.15;3508020358.35;0
RGBI;D;20240814;000000;107.18;107.47;107.04;107.04;3533173179;0
RGBI;D;20240815;000000;106.98;106.98;106.07;106.07;11079099267.35;0
RGBI;D;20240816;000000;106.05;106.07;105.34;105.38;4551721684;0
RGBI;D;20240819;000000;105.39;105.94;105.36;105.36;3448731636.31;0
RGBI;D;20240820;000000;105.33;105.41;105.08;105.09;7514621940.4;0
RGBI;D;20240821;000000;105.29;105.42;104.88;104.88;4596049231.81;0
RGBI;D;20240822;000000;105.18;105.21;104.92;104.92;2250754935.49;0
RGBI;D;20240823;000000;104.83;104.86;104.31;104.31;10022845933.97;0
RGBI;D;20240826;000000;104.14;104.16;103.67;103.79;5325979093.71;0
RGBI;D;20240827;000000;104.13;104.29;104.01;104.01;7224739127.07;0
RGBI;D;20240828;000000;104.16;104.17;103.72;103.72;8423193622.66;0
RGBI;D;20240829;000000;103.87;104.01;103.63;103.63;12241840896.93;0
RGBI;D;20240830;000000;103.85;103.91;103.24;103.24;9889607571.83;0
RGBI;D;20240902;000000;103.27;103.27;102.81;102.81;5029958182.78;0
RGBI;D;20240903;000000;102.71;102.75;102.6;102.7;6260389084.72;0
RGBI;D;20240904;000000;102.98;103.25;102.98;103.23;12484277682.34;0
RGBI;D;20240905;000000;104.39;104.65;104.28;104.48;13569132777.54;0
RGBI;D;20240906;000000;104.61;104.83;104.61;104.83;9885729215.37;0
RGBI;D;20240909;000000;105.42;105.43;105.03;105.03;8923635498.47;0
RGBI;D;20240910;000000;105.41;105.49;104.94;104.94;11617669628.05;0
RGBI;D;20240911;000000;104.81;104.95;104.75;104.8;9931122254.46;0
RGBI;D;20240912;000000;104.14;104.15;103.83;103.83;12316839981.06;0
RGBI;D;20240913;000000;103.97;104.15;103.27;103.28;10087016890.16;0
RGBI;D;20240916;000000;103.76;103.77;103.42;103.43;3304646327.44;0
RGBI;D;20240917;000000;103.65;103.65;103.06;103.06;8495571670.91;0
RGBI;D;20240918;000000;103.17;103.31;102.32;102.34;13878081314.49;0
RGBI;D;20240919;000000;102.74;102.8;102.15;102.15;11373507134.98;0
RGBI;D;20240920;000000;102.49;102.65;102.16;102.17;3883771819.53;0
RGBI;D;20240923;000000;102.4;102.52;102.15;102.15;10390789540.44;0
RGBI;D;20240924;000000;102.41;102.52;102.3;102.34;9182330063.91;0
RGBI;D;20240925;000000;102.48;102.56;102.48;102.49;5372549272.68;0
RGBI;D;20240926;000000;102.75;102.86;102.4;102.4;9730097990.13;0
RGBI;D;20240927;000000;102.49;102.49;101.95;101.95;10104116819.45;0
RGBI;D;20240930;000000;102.01;102.05;101.59;101.59;5262292409.56;0
RGBI;D;20241001;000000;101.72;101.8;101.23;101.23;6614575983.62;0
RGBI;D;20241002;000000;101.25;101.29;100.97;100.97;4479913769.13;0
RGBI;D;20241003;000000;100.87;100.87;100.16;100.16;9475528433.87;0
RGBI;D;20241004;000000;100.36;100.37;100.16;100.16;3605035731.13;0
RGBI;D;20241007;000000;100.28;100.28;99.67;99.67;7904259091.3;0
RGBI;D;20241008;000000;99.69;99.72;99.38;99.38;4940180897.79;0
RGBI;D;20241009;000000;99.53;99.65;99.35;99.35;2610690930.45;0
RGBI;D;20241010;000000;99.44;99.63;99.42;99.63;2975642435.05;0
RGBI;D;20241011;000000;99.84;99.99;99.84;99.93;3790794274.83;0
RGBI;D;20241014;000000;100.01;100.11;99.94;100.1;7274360833.99;0
RGBI;D;20241015;000000;100.32;100.37;100.17;100.17;4121938627.79;0
RGBI;D;20241016;000000;100.38;100.39;100.19;100.21;9446448159.3;0
RGBI;D;20241017;000000;100.28;100.42;100.14;100.14;6946780094.32;0
RGBI;D;20241018;000000;100.24;100.25;99.99;99.99;6841440636.53;0
RGBI;D;20241021;000000;100.1;100.11;99.81;99.82;6629898359.8;0
RGBI;D;20241022;000000;99.97;99.98;99.65;99.66;15036569005.56;0
RGBI;D;20241023;000000;99.73;99.76;99.49;99.51;9260869954.62;0
RGBI;D;20241024;000000;99.53;99.54;99.2;99.2;11324309433.38;0
RGBI;D;20241025;000000;99.21;99.23;98.44;98.44;8947490846.19;0
RGBI;D;20241028;000000;98.26;98.26;97.29;97.29;11506707561.64;0
RGBI;D;20241029;000000;97.2;97.27;96.86;96.87;13436382526.3;0
RGBI;D;20241030;000000;97;97.19;96.98;97.18;10622916308.23;0
RGBI;D;20241031;000000;97.27;97.27;96.37;96.37;7789066727.53;0
RGBI;D;20241101;000000;96.38;96.41;96.31;96.39;4839233031.95;0
RGBI;D;20241102;000000;96.68;96.68;96.54;96.56;2255852252.91;0
RGBI;D;20241105;000000;96.63;96.63;96.45;96.54;2790648626.47;0
RGBI;D;20241106;000000;96.81;97.28;96.81;97.28;9088095974.64;0
RGBI;D;20241107;000000;97.28;98.63;97.28;98.63;17265684806.36;0
RGBI;D;20241108;000000;99.51;99.58;99.17;99.23;3992642032.84;0
RGBI;D;20241111;000000;99.72;100.48;99.72;100.12;9900448625.78;0
RGBI;D;20241112;000000;100.14;100.16;99.48;99.74;10758867433.55;0
RGBI;D;20241113;000000;100.06;100.28;99.93;100.19;17128438274.58;0
RGBI;D;20241114;000000;100.25;100.55;100.1;100.54;7603990938.49;0
RGBI;D;20241115;000000;100.61;100.75;100.46;100.49;6264359005.77;0
RGBI;D;20241118;000000;100.63;100.63;100.09;100.18;6178671254.25;0
RGBI;D;20241119;000000;100.29;100.29;99.36;99.36;7077616474;0
RGBI;D;20241120;000000;99.29;99.35;98.96;99.33;4341265985.43;0
RGBI;D;20241121;000000;99.2;99.2;98.71;98.85;3556750864.32;0
RGBI;D;20241122;000000;99.13;99.37;99.09;99.27;4210944070.52;0
RGBI;D;20241125;000000;99.31;99.31;98.91;98.94;4729042867.91;0
RGBI;D;20241126;000000;98.89;98.89;98.64;98.76;4720273667.69;0
RGBI;D;20241127;000000;98.74;98.77;98.55;98.59;4286530305.42;0
RGBI;D;20241128;000000;98.76;98.85;98.6;98.6;3529453344.5;0
RGBI;D;20241129;000000;98.55;98.61;98.43;98.6;6488246736.58;0
RGBI;D;20241202;000000;98.78;98.79;98.67;98.75;9216911996.08;0
RGBI;D;20241203;000000;98.91;98.94;98.79;98.85;4011416852.2;0
RGBI;D;20241204;000000;98.92;99.09;98.75;98.86;10967408100.5;0
RGBI;D;20241205;000000;98.72;98.75;98.57;98.73;8707434267.35;0
RGBI;D;20241206;000000;98.9;99.01;98.9;98.94;4814542044.82;0
RGBI;D;20241209;000000;99.16;99.17;98.93;99.04;4779440923.03;0
RGBI;D;20241210;000000;99.2;99.3;99.11;99.11;2508503558.65;0
RGBI;D;20241211;000000;99.1;99.13;99.06;99.13;4623826650.81;0
RGBI;D;20241212;000000;99.09;99.12;98.87;98.87;2473916899.13;0
RGBI;D;20241213;000000;98.7;98.72;98.57;98.6;5120111893.78;0
RGBI;D;20241216;000000;98.71;98.71;98.05;98.1;3891026344.89;0
RGBI;D;20241217;000000;98.16;98.23;97.97;98.04;7089036148.66;0
RGBI;D;20241218;000000;98.14;98.3;97.96;98.3;4188439597.1;0
RGBI;D;20241219;000000;98.65;99.24;98.65;99.23;4793561996.15;0
RGBI;D;20241220;000000;99.26;102.5;99.05;102.5;30435712446.23;0
RGBI;D;20241223;000000;103.67;106.44;103.65;106.44;22882121778.58;0
RGBI;D;20241224;000000;107.52;107.57;106.74;106.75;9409601917.02;0
RGBI;D;20241225;000000;106.46;106.48;105.98;106;11765132357.42;0
RGBI;D;20241226;000000;106.34;106.47;106.27;106.37;9626669318.22;0
RGBI;D;20241227;000000;106.59;106.7;106.4;106.44;28869347489.17;0
RGBI;D;20241228;000000;106.57;106.78;106.57;106.71;24843617922.56;0
RGBI;D;20241230;000000;106.72;106.76;106.57;106.58;1505277117.55;0
RGBI;D;20250103;000000;106.83;106.97;106.55;106.55;827468732.95;0
RGBI;D;20250106;000000;106.61;106.61;106.23;106.23;461373215.18;0
RGBI;D;20250108;000000;106.38;106.39;106.22;106.23;431882964.46;0
RGBI;D;20250109;000000;106.25;106.3;105.92;105.95;6138188377.78;0
RGBI;D;20250110;000000;105.91;105.94;105.49;105.49;4726671970.22;0
RGBI;D;20250113;000000;105.63;105.69;105.54;105.58;5287674710.85;0
RGBI;D;20250114;000000;105.73;105.75;105.57;105.58;15814552784.88;0
RGBI;D;20250115;000000;105.6;105.67;105.26;105.26;6947127495.4;0
RGBI;D;20250116;000000;105.47;105.49;105.21;105.21;9571515643.72;0
RGBI;D;20250117;000000;105.26;105.35;104.78;104.78;10307781946;0
RGBI;D;20250120;000000;104.81;105.02;104.77;104.94;11605134448.95;0
RGBI;D;20250121;000000;105.03;105.11;104.79;104.79;7404111225.38;0
RGBI;D;20250122;000000;104.85;104.92;104.72;104.72;7766855621.29;0
RGBI;D;20250123;000000;104.72;104.82;104.57;104.58;9621732116.99;0
RGBI;D;20250124;000000;104.63;104.67;104.52;104.52;8166008052.13;0
RGBI;D;20250127;000000;104.57;104.73;104.01;104.01;14534247278.35;0
RGBI;D;20250128;000000;103.97;103.98;103.71;103.71;13680867956.53;0
RGBI;D;20250129;000000;103.73;103.83;103.73;103.76;24858926954.78;0
RGBI;D;20250130;000000;103.8;104.08;103.8;103.88;34812869754.2;0
RGBI;D;20250131;000000;103.86;103.97;103.58;103.59;14253698953.04;0
RGBI;D;20250203;000000;103.61;103.61;103.11;103.11;9356485616.59;0
RGBI;D;20250204;000000;103.1;103.1;102.54;102.54;10333135849.9;0
RGBI;D;20250205;000000;102.56;102.6;102.25;102.34;15162327464.13;0
RGBI;D;20250206;000000;102.62;103.71;102.62;103.12;18147782757.53;0
RGBI;D;20250207;000000;103.17;103.5;103.17;103.3;16832260510.3;0
RGBI;D;20250210;000000;103.34;103.87;103.32;103.32;23896404359.6;0
RGBI;D;20250211;000000;103.34;103.43;103.11;103.11;16693823370.5;0
RGBI;D;20250212;000000;103.14;103.42;103.14;103.41;33672381286.71;0
RGBI;D;20250213;000000;104.73;107.41;104.73;106.46;49646284661.37;0
RGBI;D;20250214;000000;107.1;108.8;106.97;106.97;36296823440.32;0
RGBI;D;20250217;000000;106.43;106.43;105.63;105.67;19833172741;0
RGBI;D;20250218;000000;105.73;106;105.73;105.8;17645050176.91;0
RGBI;D;20250219;000000;105.81;105.89;105.67;105.89;20132962325.04;0
RGBI;D;20250220;000000;105.95;106.76;105.95;106.63;23401975515.56;0
RGBI;D;20250221;000000;106.65;107.08;106.65;106.87;16420825991.07;0
RGBI;D;20250224;000000;106.86;107.03;106.78;106.78;17270290709.55;0
RGBI;D;20250225;000000;106.94;107.15;106.94;107.13;34527562709.29;0
RGBI;D;20250226;000000;107.16;107.45;107.16;107.32;37269671227.25;0
RGBI;D;20250227;000000;107.23;107.39;106.94;107.39;17155397195.21;0
RGBI;D;20250228;000000;107.43;107.7;107.43;107.54;14638984785.29;0
RGBI;D;20250303;000000;107.47;107.72;107.47;107.54;11107941153.78;0
RGBI;D;20250304;000000;107.61;108.37;107.61;108.37;28308604773.26;0
RGBI;D;20250305;000000;108.6;109.16;108.6;109.16;72291882660.67;0
RGBI;D;20250306;000000;109.28;110.11;109.28;110.06;29766287636.11;0
RGBI;D;20250307;000000;110.24;111.12;110.24;111.04;37348801783.36;0
RGBI;D;20250310;000000;111.14;111.57;111.14;111.37;20639313428.59;0
RGBI;D;20250311;000000;111.34;111.44;110.66;110.67;23365970867.61;0
RGBI;D;20250312;000000;110.67;110.91;110.34;110.91;23256461713.46;0
RGBI;D;20250313;000000;111;111.24;110.61;110.65;15687891902.78;0
RGBI;D;20250314;000000;110.74;111.42;110.74;111.41;16669742529.78;0
RGBI;D;20250317;000000;111.72;112.29;111.72;112.29;18738654189.84;0
RGBI;D;20250318;000000;112.34;112.69;112.34;112.69;36083875074.26;0
RGBI;D;20250319;000000;112.7;112.73;112.46;112.55;38514626368.39;0
RGBI;D;20250320;000000;112.73;113.32;112.73;112.79;14357107409.41;0
RGBI;D;20250321;000000;112.75;112.75;112.19;112.19;31590546635.37;0
RGBI;D;20250324;000000;112.15;112.15;111.12;111.12;11959260850.98;0
RGBI;D;20250325;000000;111.16;111.23;110.76;110.76;8491731081.44;0
RGBI;D;20250326;000000;110.82;111.32;110.64;110.64;16437935346.6;0
RGBI;D;20250327;000000;110.4;110.4;109.6;109.7;17944286922.37;0
RGBI;D;20250328;000000;109.69;109.69;109.4;109.54;30704236797.39;0
RGBI;D;20250331;000000;109.49;109.49;108.8;108.83;32452766796.74;0
RGBI;D;20250401;000000;109;109.42;109;109.23;15394060873.25;0
RGBI;D;20250402;000000;109.2;109.2;108.79;109.03;24360473818.59;0
RGBI;D;20250403;000000;109.01;109.01;108.45;108.45;12815734602.47;0
RGBI;D;20250404;000000;108.4;108.4;107.51;107.51;20500847866.55;0
RGBI;D;20250407;000000;106.62;106.62;105.65;105.86;17943685547.62;0
RGBI;D;20250408;000000;106.09;107.12;106.09;106.87;24863597703;0
RGBI;D;20250409;000000;106.88;106.94;105.76;105.76;37896899641.63;0
RGBI;D;20250410;000000;105.96;107.05;105.96;106.73;9912059807.8;0
RGBI;D;20250411;000000;107.02;107.84;107.02;107.84;11093065689.21;0
RGBI;D;20250414;000000;107.89;108.29;107.89;108.09;4169624555.75;0
RGBI;D;20250415;000000;108.11;108.31;107.94;107.94;9762652591.64;0
RGBI;D;20250416;000000;107.9;108.14;107.82;108.14;28613478285.19;0
RGBI;D;20250417;000000;108.23;108.99;108.23;108.87;15673836739.7;0
RGBI;D;20250418;000000;108.82;108.84;107.95;107.99;19006079178.6;0
RGBI;D;20250421;000000;108.13;108.64;108.13;108.33;14517944329.93;0
RGBI;D;20250422;000000;108.43;108.72;108.43;108.55;15518417334.14;0
RGBI;D;20250423;000000;108.61;108.91;108.33;108.48;23655993225.82;0
RGBI;D;20250424;000000;108.54;108.82;108.54;108.77;7604642239.43;0
RGBI;D;20250425;000000;108.85;109.23;108.85;109.08;12175383532.07;0
RGBI;D;20250428;000000;109.07;109.1;108.71;108.79;11000448069.3;0
RGBI;D;20250429;000000;108.74;108.76;108.2;108.21;17430740938.44;0
RGBI;D;20250430;000000;108.18;108.18;107.92;107.99;14716463220.77;0
RGBI;D;20250502;000000;107.97;107.97;107.51;107.52;1087071515.62;0
RGBI;D;20250505;000000;107.45;107.45;106.82;106.82;5580782313.55;0
RGBI;D;20250506;000000;106.81;106.95;106.78;106.88;7298617589.94;0
RGBI;D;20250507;000000;106.95;107.59;106.95;107.59;5670797136.42;0
RGBI;D;20250508;000000;107.68;108.59;107.68;108.57;776660191.75;0
RGBI;D;20250512;000000;108.73;109.23;108.67;108.67;15699638185.35;0
RGBI;D;20250513;000000;108.67;108.71;107.99;107.99;11928987137.42;0
RGBI;D;20250514;000000;107.98;108.09;107.79;108.09;6962284722;0
RGBI;D;20250515;000000;108.09;108.1;107.87;107.97;9238159382.65;0
RGBI;D;20250516;000000;108.02;108.24;108.02;108.15;4210924285.79;0
RGBI;D;20250519;000000;108.21;108.84;108.21;108.69;11555102450.95;0
RGBI;D;20250520;000000;108.7;108.87;108.56;108.56;14774864850.92;0
RGBI;D;20250521;000000;108.54;108.58;108.4;108.46;17499777155.09;0
RGBI;D;20250522;000000;108.49;108.7;108.49;108.59;9468707918.36;0
RGBI;D;20250523;000000;108.6;108.85;108.56;108.85;6932099719.76;0
RGBI;D;20250526;000000;108.83;108.83;108.34;108.34;20117135129.41;0
RGBI;D;20250527;000000;108.33;108.36;108.28;108.32;11586539368.71;0
RGBI;D;20250528;000000;108.33;108.58;108.33;108.58;20084107239.13;0
RGBI;D;20250529;000000;108.7;109.22;108.7;109.22;13081648262.5;0
RGBI;D;20250530;000000;109.3;109.93;109.3;109.93;19380836440.92;0
RGBI;D;20250602;000000;110.09;110.5;110.09;110.38;19702139300.3;0
RGBI;D;20250603;000000;110.62;111.18;110.62;111.18;42333234974.3;0
RGBI;D;20250604;000000;111.31;112.39;111.31;112.31;46732231185.86;0
RGBI;D;20250605;000000;112.44;112.64;112.32;112.32;19307140250.51;0
RGBI;D;20250606;000000;112.28;112.3;111.72;111.84;51105678130.12;0
RGBI;D;20250609;000000;111.54;111.54;110.38;111.18;20320265442.75;0
RGBI;D;20250610;000000;111.34;112.02;111.34;112.02;16279968106.42;0
RGBI;D;20250611;000000;112.09;112.62;112.09;112.58;11593650998.94;0
RGBI;D;20250613;000000;112.66;112.99;112.66;112.81;1395299826.76;0
RGBI;D;20250616;000000;112.79;112.79;112.39;112.39;8445832129.83;0
RGBI;D;20250617;000000;112.37;112.37;112.07;112.11;6355928747.43;0
RGBI;D;20250618;000000;112.12;112.29;112.09;112.29;68106451459.26;0
RGBI;D;20250619;000000;112.45;113.1;112.45;113.1;30167004672.01;0
RGBI;D;20250620;000000;113.15;113.38;113.15;113.34;18768538113.69;0
RGBI;D;20250623;000000;113.37;113.69;113.14;113.14;8796223009.46;0
RGBI;D;20250624;000000;113.11;113.11;112.93;113.02;12888901555.75;0
RGBI;D;20250625;000000;113.04;113.67;113.04;113.66;30473781196.35;0
RGBI;D;20250626;000000;113.73;114.13;113.73;114.07;16746060480.43;0
RGBI;D;20250627;000000;114.1;114.43;114.1;114.42;34851189710.05;0
RGBI;D;20250630;000000;114.57;115.06;114.57;115.06;34065577548.15;0
RGBI;D;20250701;000000;115.19;115.71;115.19;115.35;26331549734.84;0
RGBI;D;20250702;000000;115.37;115.5;115.18;115.36;27314467048.21;0
RGBI;D;20250703;000000;115.41;115.8;115.41;115.55;19567873261.62;0
RGBI;D;20250704;000000;115.54;115.57;115.33;115.39;20512864267.38;0
RGBI;D;20250707;000000;115.43;115.53;115.43;115.46;18381626932.99;0
RGBI;D;20250708;000000;115.43;115.43;115.27;115.31;21654665530.08;0
RGBI;D;20250709;000000;115.28;115.28;115.07;115.07;33639004070.64;0
RGBI;D;20250710;000000;115.07;115.31;115.04;115.31;21244231389.74;0
RGBI;D;20250711;000000;115.33;115.44;115.29;115.38;17811846167.24;0
RGBI;D;20250714;000000;115.32;115.32;115.1;115.27;15594708554.18;0
RGBI;D;20250715;000000;115.52;116.35;115.52;116.35;31117082798.42;0
RGBI;D;20250716;000000;116.65;117.2;116.65;117.2;29652639348.74;0
RGBI;D;20250717;000000;117.51;118.03;117.51;117.72;33881079685.55;0
RGBI;D;20250718;000000;117.77;118;117.77;117.92;16615895119.13;0
RGBI;D;20250721;000000;118.14;118.32;118.14;118.27;20632235067.48;0
RGBI;D;20250722;000000;118.03;118.03;117.66;117.79;37529336075.75;0
RGBI;D;20250723;000000;117.79;117.95;117.66;117.95;24107062853.64;0
RGBI;D;20250724;000000;118.16;118.27;117.99;118.17;42269070442.53;0
RGBI;D;20250725;000000;118.31;118.46;118.23;118.46;29958089964.04;0
RGBI;D;20250728;000000;118.51;119.29;118.51;119.15;37549274358.74;0
RGBI;D;20250729;000000;119.09;119.09;118.86;118.87;11780923670.26;0
RGBI;D;20250730;000000;118.89;119.07;118.87;119.07;13573973196.76;0
RGBI;D;20250731;000000;119.16;119.57;119.16;119.26;19496341836.19;0
RGBI;D;20250801;000000;119.23;119.23;118.99;118.99;13252418113.65;0
RGBI;D;20250804;000000;118.97;119.06;118.9;118.92;13337298888.33;0
RGBI;D;20250805;000000;118.97;119.13;118.97;119.04;21284374454.05;0
RGBI;D;20250806;000000;119.06;119.18;119;119;13347937923.69;0
RGBI;D;20250807;000000;119.08;119.78;119.08;119.77;37923193826.43;0
RGBI;D;20250808;000000;119.86;120.26;119.86;120.24;15220157072.32;0
RGBI;D;20250811;000000;120.81;121.45;120.81;121.08;14927622105.45;0
RGBI;D;20250812;000000;121.13;121.22;121.13;121.18;11919377827.88;0
RGBI;D;20250813;000000;121.24;121.29;121.08;121.08;16789916063.36;0
RGBI;D;20250814;000000;121.09;121.1;120.9;120.97;16378161833.34;0
RGBI;D;20250815;000000;121.04;121.67;121.04;121.67;17231930932.84;0
RGBI;D;20250818;000000;121.8;121.96;121.8;121.82;10989562311.66;0
RGBI;D;20250819;000000;121.93;122.3;121.93;122.27;14361769416.14;0
RGBI;D;20250820;000000;122.29;122.36;121.55;121.55;33002432930.67;0
RGBI;D;20250821;000000;121.52;121.52;120.62;120.62;19675230660.42;0
RGBI;D;20250822;000000;120.63;120.72;120.49;120.54;14045659344.27;0
RGBI;D;20250825;000000;120.75;120.98;120.52;120.52;20280654248.28;0
RGBI;D;20250826;000000;120.66;120.73;120.31;120.31;19523812051.01;0
RGBI;D;20250827;000000;120.27;120.27;119.86;119.93;14434007970.46;0
RGBI;D;20250828;000000;119.99;120.09;119.66;119.66;14371993662.74;0
RGBI;D;20250829;000000;119.66;119.66;119.02;119.06;25331592031.82;0
RGBI;D;20250901;000000;119.24;119.44;119.24;119.35;20361740389.87;0
RGBI;D;20250902;000000;119.44;119.66;119.42;119.42;12840385941.34;0
RGBI;D;20250903;000000;119.43;119.8;119.43;119.8;29989052411.91;0
RGBI;D;20250904;000000;120.4;121.44;120.4;121.05;38937312631.04;0
RGBI;D;20250905;000000;121.15;121.27;120.93;120.95;20868797550.93;0
RGBI;D;20250908;000000;121.15;121.36;121.15;121.36;31049945707.42;0
RGBI;D;20250909;000000;121.42;121.53;120.89;120.89;31993179400.4;0
RGBI;D;20250910;000000;120.83;120.83;120.47;120.48;42437142579.52;0
RGBI;D;20250911;000000;120.38;120.38;119.74;119.94;34759571376.13;0
RGBI;D;20250912;000000;119.98;120.36;119.36;119.36;50703934658.73;0
RGBI;D;20250915;000000;119.06;119.06;118.62;118.7;12274221526.03;0
RGBI;D;20250916;000000;118.78;118.89;118.36;118.36;19227222582.9;0
RGBI;D;20250917;000000;118.34;118.47;118.17;118.26;20052124765.75;0
RGBI;D;20250918;000000;118.51;118.97;118.22;118.22;16618717330.38;0
RGBI;D;20250919;000000;118.06;118.06;117.12;117.12;37997000046.8;0
RGBI;D;20250922;000000;117;117;116.62;116.89;16020974578.8;0
RGBI;D;20250923;000000;116.96;117.21;116.96;116.96;13789092508.82;0
RGBI;D;20250924;000000;116.71;116.71;116.14;116.52;21776767660.72;0
RGBI;D;20250925;000000;116.42;116.49;115.72;115.73;34293875009.67;0
RGBI;D;20250926;000000;115.76;115.95;115.67;115.78;14644096644.93;0
RGBI;D;20250929;000000;115.76;115.91;115.33;115.33;20516447994.32;0
RGBI;D;20250930;000000;115.29;115.29;114.56;114.59;19729612856.05;0
RGBI;D;20251001;000000;114.85;115.1;114.85;115.02;27407951912.29;0
RGBI;D;20251002;000000;114.89;114.9;114.25;114.33;21335355488.97;0
RGBI;D;20251003;000000;114.39;114.47;114.36;114.38;14844476256.98;0
RGBI;D;20251006;000000;114.39;114.93;114.39;114.57;11675786427.76;0
RGBI;D;20251007;000000;114.72;115.22;114.72;114.79;13598044525.19;0
RGBI;D;20251008;000000;114.81;114.89;113.95;113.95;28306549985.32;0
RGBI;D;20251009;000000;113.61;113.61;112.81;113.22;31476340770.3;0
RGBI;D;20251010;000000;113.41;114.16;113.41;113.6;8786020222.94;0
RGBI;D;20251013;000000;113.81;113.96;113.53;113.54;9812982021.78;0
RGBI;D;20251014;000000;113.49;113.49;113.23;113.3;18821186498.88;0
RGBI;D;20251015;000000;113.31;113.36;113.1;113.35;29284995250.17;0
RGBI;D;20251016;000000;113.45;114.39;113.45;114.39;47090447704.7;0
RGBI;D;20251017;000000;114.86;115.89;114.86;115.76;39895136118.85;0
RGBI;D;20251020;000000;115.87;116.41;115.57;115.57;19583976894.17;0
RGBI;D;20251021;000000;115.23;115.23;114.53;115.13;16581465842.68;0
RGBI;D;20251022;000000;115.09;115.09;114.77;114.83;27419549430.38;0
RGBI;D;20251023;000000;114.68;114.68;114.18;114.31;19369105531.74;0
RGBI;D;20251024;000000;114.52;115.1;114.52;114.7;29569631953.21;0
RGBI;D;20251027;000000;114.46;114.46;113.72;113.72;14393480878.4;0
RGBI;D;20251028;000000;113.85;114.29;113.85;114.26;13773322137.68;0
RGBI;D;20251029;000000;114.28;114.6;114.28;114.6;42402054480.9;0
RGBI;D;20251030;000000;114.8;115.83;114.8;115.81;22267192469.5;0
RGBI;D;20251031;000000;115.88;115.97;115.62;115.62;19952411212.62;0
RGBI;D;20251101;000000;115.64;115.66;115.56;115.61;3540667224.55;0
RGBI;D;20251103;000000;115.7;116.1;115.7;116.1;1020389692.67;0
RGBI;D;20251105;000000;116.12;116.13;115.94;116.09;15865369920.49;0
RGBI;D;20251106;000000;116.16;116.28;116.08;116.08;8264270719;0
RGBI;D;20251107;000000;116.12;116.34;116.12;116.16;8429810465.34;0
RGBI;D;20251110;000000;116.39;116.83;116.39;116.78;22548154427.36;0
RGBI;D;20251111;000000;116.78;117.05;116.77;117.05;29937195354.18;0
RGBI;D;20251112;000000;117.21;117.52;117.21;117.46;47617890907.17;0
RGBI;D;20251113;000000;117.52;118.1;117.52;117.96;35977952827.56;0
RGBI;D;20251114;000000;117.96;118.05;117.52;117.55;21808204091.67;0
RGBI;D;20251117;000000;117.58;117.77;117.56;117.56;6623735367.23;0
RGBI;D;20251118;000000;117.55;117.62;117.33;117.58;21604043711.15;0
RGBI;D;20251119;000000;117.58;117.59;117.38;117.54;17047302774.82;0
RGBI;D;20251120;000000;117.57;117.95;117.57;117.8;12990156888.75;0
RGBI;D;20251121;000000;117.82;118.03;117.82;117.94;15938668104.58;0
RGBI;D;20251124;000000;117.97;118.08;117.84;117.84;6895986108.28;0
RGBI;D;20251125;000000;117.86;117.91;117.67;117.67;44075341036.41;0
RGBI;D;20251126;000000;117.63;117.65;117.23;117.23;16840937979.07;0
RGBI;D;20251127;000000;117.28;117.37;116.97;116.97;15263522292.28;0
RGBI;D;20251128;000000;116.88;116.91;116.75;116.91;7869569879.81;0
RGBI;D;20251201;000000;117.1;117.29;116.87;116.89;6429441068.7;0
RGBI;D;20251202;000000;116.92;117.26;116.92;117.08;13296205871.96;0
RGBI;D;20251203;000000;117.01;117.01;116.84;116.97;62918150609.07;0
RGBI;D;20251204;000000;117.17;118.04;117.17;117.93;18639316378.39;0
RGBI;D;20251205;000000;117.96;118.42;117.96;118.42;11604022140.59;0
RGBI;D;20251208;000000;118.49;118.65;118.35;118.35;10067055808.05;0
RGBI;D;20251209;000000;118.33;118.36;118.12;118.12;9473279831.19;0
RGBI;D;20251210;000000;118.12;118.24;118.08;118.09;7259065618.34;0
RGBI;D;20251211;000000;118.11;118.7;118.11;118.68;17513931358.97;0
RGBI;D;20251212;000000;118.74;118.98;118.74;118.95;20468307001.43;0
RGBI;D;20251215;000000;118.99;119.18;118.95;118.95;19432946341.71;0
RGBI;D;20251216;000000;118.97;119.08;118.83;118.83;22452490056.69;0
RGBI;D;20251217;000000;118.84;118.92;118.77;118.77;24552995982.66;0
RGBI;D;20251218;000000;118.81;119.2;118.81;119.06;16009310620.89;0
RGBI;D;20251219;000000;119.1;119.35;118.82;118.82;18119631852.94;0
RGBI;D;20251222;000000;118.66;118.66;118.14;118.16;13718958719.81;0
RGBI;D;20251223;000000;118.14;118.14;117.95;118.02;14368139254.96;0
RGBI;D;20251224;000000;118;118.05;117.95;117.95;11513847606.88;0
RGBI;D;20251225;000000;117.89;117.89;117.25;117.27;15965685213.63;0
RGBI;D;20251226;000000;117.33;117.6;117.33;117.38;34281379491.3;0
RGBI;D;20251229;000000;117.51;117.76;117.51;117.67;14638517282.09;0
RGBI;D;20251230;000000;117.61;118.08;117.59;118.08;8860846079.32;0
RGBI;D;20260105;000000;118.16;118.35;118.16;118.35;1334335024.86;0
RGBI;D;20260106;000000;118.41;118.76;118.41;118.68;1214170471.25;0
RGBI;D;20260108;000000;118.64;118.65;118.54;118.54;619406985.35;0
RGBI;D;20260109;000000;118.55;118.61;118.49;118.49;1409444320.49;0
RGBI;D;20260112;000000;118.5;118.5;117.69;117.69;8757763305.98;0
RGBI;D;20260113;000000;117.62;117.62;116.96;116.96;10915638671.21;0
RGBI;D;20260114;000000;116.94;116.99;116.88;116.99;11805296596.3;0
RGBI;D;20260115;000000;116.87;116.87;116.47;116.6;16711205820.05;0
RGBI;D;20260116;000000;116.73;117.11;116.73;117.08;7942185642.63;0
RGBI;D;20260119;000000;117.18;117.33;117.03;117.03;7051445148.79;0
RGBI;D;20260120;000000;117.05;117.08;116.84;116.84;7745040360.41;0
RGBI;D;20260121;000000;116.85;116.9;116.71;116.72;20894815356.53;0
RGBI;D;20260122;000000;116.68;116.68;116.39;116.61;26829087999.12;0
RGBI;D;20260123;000000;116.67;116.85;116.67;116.73;9945321793.06;0
RGBI;D;20260126;000000;116.72;116.72;116.32;116.32;14837024185.75;0
RGBI;D;20260127;000000;116.33;116.38;116.26;116.28;12455521924.3;0
RGBI;D;20260128;000000;116.36;116.47;116.25;116.27;13447476782.69;0
RGBI;D;20260129;000000;116.31;116.8;116.31;116.71;13832918465.65;0
RGBI;D;20260130;000000;116.76;116.82;116.74;116.76;8839351618.95;0
RGBI;D;20260202;000000;116.73;116.73;116.58;116.59;11925721652.46;0
RGBI;D;20260203;000000;116.61;116.73;116.6;116.61;15337733374.01;0
RGBI;D;20260204;000000;116.63;116.75;116.63;116.74;19378605117.54;0
RGBI;D;20260205;000000;116.72;116.79;116.47;116.47;14033754582.47;0
RGBI;D;20260206;000000;116.47;116.53;116.17;116.17;29142664039.88;0
RGBI;D;20260209;000000;116.16;116.16;116;116.01;12306788091.09;0
RGBI;D;20260210;000000;115.99;115.99;115.56;115.56;29354819356.87;0
RGBI;D;20260211;000000;115.54;115.68;115.54;115.68;27738814428.24;0
RGBI;D;20260212;000000;115.97;116.57;115.97;116.44;37034867163.55;0
RGBI;D;20260213;000000;116.51;117.4;116.51;117.4;43205169570.64;0
RGBI;D;20260216;000000;118.18;118.65;118.18;118.24;47546554759.37;0
RGBI;D;20260217;000000;118.15;118.19;117.98;118.19;35767778089.84;0
RGBI;D;20260218;000000;118.21;118.55;118.21;118.54;34615107604.15;0
RGBI;D;20260219;000000;118.64;118.95;118.64;118.74;27657795569.15;0
RGBI;D;20260220;000000;118.74;118.75;118.45;118.45;17231573635.46;0
RGBI;D;20260224;000000;118.5;118.64;118.44;118.44;15122967638.48;0
RGBI;D;20260225;000000;118.44;118.47;118.29;118.29;16351371361.14;0
RGBI;D;20260226;000000;118.24;118.24;117.95;118;18316061955.47;0
RGBI;D;20260227;000000;117.99;118.1;117.78;118.1;15719647688.52;0
RGBI;D;20260302;000000;118.12;118.12;117.76;117.86;23923229614.63;0
RGBI;D;20260303;000000;117.92;118.16;117.92;118.08;21537407251.49;0
RGBI;D;20260304;000000;118.11;118.24;118.01;118.01;30974518019.37;0
RGBI;D;20260305;000000;118.02;118.11;117.96;117.97;17851792061.33;0
RGBI;D;20260306;000000;117.97;118.01;117.93;117.93;16826922459.51;0
RGBI;D;20260309;000000;118.03;118.2;118.03;118.2;2956328301.72;0
RGBI;D;20260310;000000;118.24;118.34;118.17;118.17;13191090381.74;0
RGBI;D;20260311;000000;118.19;118.27;118.11;118.12;34136765317.34;0
RGBI;D;20260312;000000;118.18;118.9;118.18;118.9;54243443111.61;0
RGBI;D;20260313;000000;119.11;119.86;119.11;119.86;36006876715.86;0
RGBI;D;20260316;000000;120.14;120.37;119.89;119.89;24597568840.7;0
RGBI;D;20260317;000000;119.9;119.95;119.66;119.66;45617541954.59;0
RGBI;D;20260318;000000;119.65;119.69;119.61;119.66;41418005196.96;0
RGBI;D;20260319;000000;119.68;119.77;119.49;119.49;30839675036.53;0
RGBI;D;20260320;000000;119.52;119.8;119.52;119.7;34975602295.2;0
RGBI;D;20260323;000000;119.62;119.62;119.27;119.29;13991706303.06;0
RGBI;D;20260324;000000;119.37;119.64;119.37;119.51;22196724192.59;0
RGBI;D;20260325;000000;119.54;119.65;119.52;119.56;32873485700.79;0
RGBI;D;20260326;000000;119.55;119.57;119.39;119.39;20118212777.85;0
RGBI;D;20260327;000000;119.39;119.48;119.33;119.34;60570574921.6;0
RGBI;D;20260330;000000;119.36;119.42;119.18;119.18;32094713300.65;0
RGBI;D;20260331;000000;119.19;119.25;119.16;119.16;34404444736.13;0
RGBI;D;20260401;000000;119.17;119.27;119.16;119.17;45619779515.09;0
RGBI;D;20260402;000000;119.18;119.27;119.15;119.15;35143306247.42;0
RGBI;D;20260403;000000;119.15;119.23;119.02;119.02;29925050771.14;0
RGBI;D;20260406;000000;119.05;119.18;118.97;118.97;17765797270.04;0
RGBI;D;20260407;000000;119.01;119.12;118.93;118.93;33200897158.69;0
RGBI;D;20260408;000000;118.95;119.09;118.95;119.06;26422125149.32;0
RGBI;D;20260409;000000;119.01;119.01;118.69;118.72;36224701728.63;0
RGBI;D;20260410;000000;118.78;119.18;118.78;119.15;25364421871.95;0
RGBI;D;20260413;000000;119.32;119.44;119.19;119.19;9240593482.88;0
RGBI;D;20260414;000000;119.18;119.26;118.97;118.97;21156637553.88;0
RGBI;D;20260415;000000;118.98;119.15;118.98;119.15;31720743025.51;0
RGBI;D;20260416;000000;119.58;120.17;119.58;120.05;43970101454.31;0
RGBI;D;20260417;000000;120.13;120.24;120.09;120.09;16953299409.09;0
RGBI;D;20260420;000000;120.21;120.39;120.21;120.3;29010122244.02;0
RGBI;D;20260421;000000;120.32;120.37;120.26;120.26;36109439181.22;0
RGBI;D;20260422;000000;120.28;120.75;120.28;120.75;91722115203.67;0
RGBI;D;20260423;000000;120.86;121.13;120.8;120.8;63494848995.16;0
RGBI;D;20260424;000000;120.85;120.98;119.89;119.89;75526333830.5;0
RGBI;D;20260427;000000;119.79;120.08;119.45;119.46;29851035737.96;0
RGBI;D;20260428;000000;119.47;119.51;119.3;119.35;31463226047.65;0
RGBI;D;20260429;000000;119.4;119.49;119.31;119.46;42221059225.33;0
RGBI;D;20260430;000000;119.58;119.71;119.46;119.7;35555185608.69;0
RGBI;D;20260504;000000;119.74;120.02;119.64;119.68;30041620083.85;0
RGBI;D;20260505;000000;119.77;119.77;119.46;119.48;20635080214.73;0
RGBI;D;20260506;000000;119.54;119.56;119.44;119.53;21567541580.99;0
RGBI;D;20260507;000000;119.59;119.6;119.42;119.43;33611171445.19;0
RGBI;D;20260508;000000;119.53;119.54;119.27;119.33;21286919779.67;0
RGBI;D;20260511;000000;119.52;119.79;119.46;119.79;2585585219.42;0
RGBI;D;20260512;000000;119.8;119.82;119.45;119.53;17718403741.43;0
RGBI;D;20260513;000000;119.66;119.66;119.44;119.48;20541112355.08;0
RGBI;D;20260514;000000;119.52;119.57;119.34;119.36;16520967315.08;0
RGBI;D;20260515;000000;119.43;119.5;119.31;119.45;18010714431.13;0
RGBI;D;20260518;000000;119.56;119.61;119.31;119.34;18688592428.98;0
RGBI;D;20260519;000000;119.41;119.41;119.14;119.15;15235975980.18;0
RGBI;D;20260520;000000;119.27;119.34;119.08;119.34;24942516925.95;0
RGBI;D;20260521;000000;119.45;119.45;119.3;119.34;21314948109.24;0
RGBI;D;20260522;000000;119.38;119.39;119.23;119.23;10867350548.28;0
