<TICKER>;<PER>;<DATE>;<TIME>;<OPEN>;<HIGH>;<LOW>;<CLOSE>;<VOL>;<OPENINT>
Газпрнефть;D;20030710;000000;75.68;75.68;72;73.8;396000;0
Газпрнефть;D;20030711;000000;72.85;73.35;69.52;71.2;472900;0
Газпрнефть;D;20030714;000000;71.2;73.49;70.41;73;153100;0
Газпрнефть;D;20030715;000000;77.74;77.74;50;72.5;187900;0
Газпрнефть;D;20030716;000000;74;74;65.01;65.01;233800;0
Газпрнефть;D;20030717;000000;65.1;66;60.2;60.55;306500;0
Газпрнефть;D;20030718;000000;60.88;65;60;62.55;383300;0
Газпрнефть;D;20030721;000000;64.98;65;63.01;64.5;84800;0
Газпрнефть;D;20030722;000000;65;67.5;64.12;67;178400;0
Газпрнефть;D;20030723;000000;66.8;66.8;65;65.1;170400;0
Газпрнефть;D;20030724;000000;65.2;68.91;65.2;68.78;180400;0
Газпрнефть;D;20030725;000000;68.5;75;68.21;73.15;858400;0
Газпрнефть;D;20030728;000000;73.5;75.98;72.6;72.93;802100;0
Газпрнефть;D;20030729;000000;72.95;73.5;70.5;72.45;269500;0
Газпрнефть;D;20030730;000000;72.4;73.48;72.1;73.19;176900;0
Газпрнефть;D;20030731;000000;73.6;73.6;72.78;73.1;305800;0
Газпрнефть;D;20030801;000000;70.85;70.85;64.8;64.9;1782400;0
Газпрнефть;D;20030804;000000;65.05;66.99;65.05;65.75;313500;0
Газпрнефть;D;20030805;000000;65.99;67.9;65.81;67.69;534200;0
Газпрнефть;D;20030806;000000;67.69;71.05;64.05;70.59;1013400;0
Газпрнефть;D;20030807;000000;70;72;69.9;70.55;481500;0
Газпрнефть;D;20030808;000000;70.1;72;69.22;72;213100;0
Газпрнефть;D;20030811;000000;71.95;73.55;71.9;73.44;367500;0
Газпрнефть;D;20030812;000000;73.7;74.6;72.76;74.6;224700;0
Газпрнефть;D;20030813;000000;75.01;77.15;75.01;76.8;749800;0
Газпрнефть;D;20030814;000000;77;77.4;73.8;76.32;355200;0
Газпрнефть;D;20030815;000000;76.6;78.72;76.05;78.24;307900;0
Газпрнефть;D;20030818;000000;78.19;81.5;78;80.85;495400;0
Газпрнефть;D;20030819;000000;81.49;82.49;79;80.31;561100;0
Газпрнефть;D;20030820;000000;80.5;80.5;77;78;256300;0
Газпрнефть;D;20030821;000000;78;80.6;78;79.8;147800;0
Газпрнефть;D;20030822;000000;80.45;81.84;78.01;81.05;366500;0
Газпрнефть;D;20030825;000000;81.06;82.05;80.06;81.4;203100;0
Газпрнефть;D;20030826;000000;81.4;81.84;80.11;80.35;199900;0
Газпрнефть;D;20030827;000000;80.5;81.77;79.07;80;294900;0
Газпрнефть;D;20030828;000000;80.4;81.3;79.01;80.3;114600;0
Газпрнефть;D;20030829;000000;80.8;82.2;80.5;82.1;463600;0
Газпрнефть;D;20030901;000000;82;85.91;82;85.12;321500;0
Газпрнефть;D;20030902;000000;85.01;87;84.75;86.11;226100;0
Газпрнефть;D;20030903;000000;86.3;86.7;82;83;336700;0
Газпрнефть;D;20030904;000000;83.89;85.3;82;85.1;288400;0
Газпрнефть;D;20030905;000000;85.1;87.5;84.8;85.6;305400;0
Газпрнефть;D;20030908;000000;85.2;85.4;83.52;84.2;103200;0
Газпрнефть;D;20030909;000000;84.2;84.79;83.6;83.61;166500;0
Газпрнефть;D;20030910;000000;84.12;87.4;82.6;87.19;193100;0
Газпрнефть;D;20030911;000000;86.25;88.5;84.5;84.99;420500;0
Газпрнефть;D;20030912;000000;85;85.5;84.01;84.69;193800;0
Газпрнефть;D;20030915;000000;84.98;86.8;84.98;86.8;213800;0
Газпрнефть;D;20030916;000000;87.5;87.5;85.7;87;96100;0
Газпрнефть;D;20030917;000000;87.1;87.33;84.9;85.01;90300;0
Газпрнефть;D;20030918;000000;85.04;85.68;84.55;85.1;44700;0
Газпрнефть;D;20030919;000000;85.58;85.58;83.25;84.05;204240;0
Газпрнефть;D;20030922;000000;83.61;84.95;83;83.9;28100;0
Газпрнефть;D;20030923;000000;84;87.25;84;86.99;135400;0
Газпрнефть;D;20030924;000000;86.55;88.45;86.55;88;215900;0
Газпрнефть;D;20030925;000000;88;88.3;87.51;88;96300;0
Газпрнефть;D;20030926;000000;87.5;89.8;87.06;87.85;165100;0
Газпрнефть;D;20030929;000000;88.35;89.25;84.02;89.05;244000;0
Газпрнефть;D;20030930;000000;89.11;92.4;89.11;90.7;637300;0
Газпрнефть;D;20031001;000000;88.99;93.99;88.5;92.5;338000;0
Газпрнефть;D;20031002;000000;93.2;99.1;93.2;99;474000;0
Газпрнефть;D;20031003;000000;101.98;105;95.5;97.5;858220;0
Газпрнефть;D;20031006;000000;99;99;94.5;96.4;272600;0
Газпрнефть;D;20031007;000000;96.4;97.93;96;96.53;147400;0
Газпрнефть;D;20031008;000000;97.75;99;93.71;98.35;259300;0
Газпрнефть;D;20031009;000000;98.4;100;94.75;95.1;371500;0
Газпрнефть;D;20031010;000000;95.5;96.68;93.7;94.2;199700;0
Газпрнефть;D;20031013;000000;94.2;95.5;93.56;94.5;146400;0
Газпрнефть;D;20031014;000000;94.5;97.43;94.5;94.7;303100;0
Газпрнефть;D;20031015;000000;95.5;96.5;94.01;95;57500;0
Газпрнефть;D;20031016;000000;95.48;96.75;94.51;96.6;159800;0
Газпрнефть;D;20031017;000000;96.99;97.55;95.65;96.98;110800;0
Газпрнефть;D;20031020;000000;97.97;97.97;95.62;95.62;139300;0
Газпрнефть;D;20031021;000000;95.9;95.9;90.5;91.93;354200;0
Газпрнефть;D;20031022;000000;91.02;91.02;85;85.5;261700;0
Газпрнефть;D;20031023;000000;84.01;86;84;85.1;198600;0
Газпрнефть;D;20031024;000000;85.89;87.49;85.89;86.6;40100;0
Газпрнефть;D;20031027;000000;79.51;79.51;66.55;75.55;662600;0
Газпрнефть;D;20031028;000000;75.9;79.98;73.2;75.7;630500;0
Газпрнефть;D;20031029;000000;74.98;74.98;68.31;71.35;676500;0
Газпрнефть;D;20031030;000000;71.4;71.6;61;61.99;473500;0
Газпрнефть;D;20031031;000000;60.75;65.8;60.75;65.39;738900;0
Газпрнефть;D;20031103;000000;65.99;74.47;65.05;74.47;738100;0
Газпрнефть;D;20031104;000000;74.47;79.86;71.6;74.16;428000;0
Газпрнефть;D;20031105;000000;73.5;75;69.05;70.68;383600;0
Газпрнефть;D;20031106;000000;72;72;69.01;70.14;224600;0
Газпрнефть;D;20031110;000000;70.43;70.43;69.1;69.7;109800;0
Газпрнефть;D;20031111;000000;69.5;69.79;67.01;68.67;207300;0
Газпрнефть;D;20031112;000000;67.6;68.78;65;68;148900;0
Газпрнефть;D;20031113;000000;67.8;70;67.8;70;194800;0
Газпрнефть;D;20031114;000000;70;70.5;69.28;69.28;106000;0
Газпрнефть;D;20031117;000000;69;69.01;65.7;65.7;121300;0
Газпрнефть;D;20031118;000000;66.06;66.97;61;61.08;383700;0
Газпрнефть;D;20031119;000000;60.51;60.51;56.02;59.4;354200;0
Газпрнефть;D;20031120;000000;59.98;63.4;58.7;62.99;179700;0
Газпрнефть;D;20031121;000000;63.25;65.49;62.26;65.01;332800;0
Газпрнефть;D;20031124;000000;66.45;70.71;64.03;69.3;496500;0
Газпрнефть;D;20031125;000000;69.3;70.69;67.36;69.5;354700;0
Газпрнефть;D;20031126;000000;70.38;72.8;68.75;71.32;209200;0
Газпрнефть;D;20031127;000000;71;72.4;70;72;73900;0
Газпрнефть;D;20031128;000000;72.39;73.42;67.06;69.4;411600;0
Газпрнефть;D;20031201;000000;69.9;80;68.2;73.2;613800;0
Газпрнефть;D;20031202;000000;74;76.2;72.56;74.95;548200;0
Газпрнефть;D;20031203;000000;74.54;77.75;73.5;76.22;306400;0
Газпрнефть;D;20031204;000000;73;77.4;72.6;74.7;187200;0
Газпрнефть;D;20031205;000000;75.38;75.4;73;73.58;97900;0
Газпрнефть;D;20031208;000000;70.01;74.39;70;72.7;122600;0
Газпрнефть;D;20031209;000000;73;74.92;73;73.45;212900;0
Газпрнефть;D;20031210;000000;75;77.9;74;76.9;562700;0
Газпрнефть;D;20031211;000000;76.85;77.4;75.51;76.92;251800;0
Газпрнефть;D;20031215;000000;77;79.89;76.4;79.7;280100;0
Газпрнефть;D;20031216;000000;79.26;79.92;70.2;79.9;255900;0
Газпрнефть;D;20031217;000000;79.53;79.71;77.15;79.5;268600;0
Газпрнефть;D;20031218;000000;79;82.8;78.5;82.02;255500;0
Газпрнефть;D;20031219;000000;82.2;89;82.2;85.76;853340;0
Газпрнефть;D;20031222;000000;86.89;86.89;83.93;84.8;234400;0
Газпрнефть;D;20031223;000000;80.02;85.96;80.02;83.99;158600;0
Газпрнефть;D;20031224;000000;83.11;84.88;82.5;83;53500;0
Газпрнефть;D;20031225;000000;81.51;84.61;81.51;83.85;110500;0
Газпрнефть;D;20031226;000000;83.7;85.5;83.7;85.32;29800;0
Газпрнефть;D;20031229;000000;84.62;86.3;84.22;85.3;96700;0
Газпрнефть;D;20031230;000000;85.69;85.69;82.54;83.35;40600;0
Газпрнефть;D;20040105;000000;85;85;83.6;84.45;205400;0
Газпрнефть;D;20040106;000000;84.76;84.97;80.55;81.6;526100;0
Газпрнефть;D;20040108;000000;81.42;82.9;78.1;78.68;816200;0
Газпрнефть;D;20040109;000000;78.51;81.45;78.23;81.42;844800;0
Газпрнефть;D;20040112;000000;82.45;82.5;78.5;78.71;913100;0
Газпрнефть;D;20040113;000000;79.36;79.8;78.27;78.31;277300;0
Газпрнефть;D;20040114;000000;78.6;81.5;78;81.1;312000;0
Газпрнефть;D;20040115;000000;81.02;81.6;78.51;79.29;295000;0
Газпрнефть;D;20040116;000000;79;80.2;78.51;80.14;125800;0
Газпрнефть;D;20040119;000000;79.7;80.89;79.7;80.7;175700;0
Газпрнефть;D;20040120;000000;80.05;81.69;80.05;80.7;187000;0
Газпрнефть;D;20040121;000000;81;82.14;80.72;81.68;277800;0
Газпрнефть;D;20040122;000000;81.52;82.9;80.4;82.5;297300;0
Газпрнефть;D;20040123;000000;82;88.99;81.9;87.5;1111700;0
Газпрнефть;D;20040126;000000;87;91.2;86;87.5;602700;0
Газпрнефть;D;20040127;000000;88.26;88.87;86.5;88.01;177400;0
Газпрнефть;D;20040128;000000;87.51;92.85;87.51;88.1;224500;0
Газпрнефть;D;20040129;000000;88.48;93.45;88.1;92.95;978300;0
Газпрнефть;D;20040130;000000;92.73;92.73;89.04;90.71;834500;0
Газпрнефть;D;20040202;000000;89.56;91;87.3;87.5;318000;0
Газпрнефть;D;20040203;000000;87.67;91;87;90;1036100;0
Газпрнефть;D;20040204;000000;89.99;91.43;89.51;89.75;297300;0
Газпрнефть;D;20040205;000000;89.8;90.9;88;88.5;276100;0
Газпрнефть;D;20040206;000000;87.5;89;87.5;88.99;189800;0
Газпрнефть;D;20040209;000000;88.99;88.99;88.1;88.8;121100;0
Газпрнефть;D;20040210;000000;89;91.87;89;91.85;374200;0
Газпрнефть;D;20040211;000000;91.9;95.89;90.99;95;1002200;0
Газпрнефть;D;20040212;000000;95.02;99.15;93.01;97.49;1056500;0
Газпрнефть;D;20040213;000000;97.16;97.89;94.05;94.94;616600;0
Газпрнефть;D;20040216;000000;94.76;95.39;93.67;95.28;296800;0
Газпрнефть;D;20040217;000000;89.41;97.4;89.41;96.9;371000;0
Газпрнефть;D;20040218;000000;96.91;98.45;95.72;96;442300;0
Газпрнефть;D;20040219;000000;96;96.7;94.36;95.1;225300;0
Газпрнефть;D;20040220;000000;97.2;97.2;95;95;335300;0
Газпрнефть;D;20040224;000000;96;97.2;93.5;94.7;546400;0
Газпрнефть;D;20040225;000000;95.1;96;94.52;95;187000;0
Газпрнефть;D;20040226;000000;94.8;97.5;94.8;95.7;569300;0
Газпрнефть;D;20040227;000000;95.71;97.87;95.1;97.7;257700;0
Газпрнефть;D;20040301;000000;97.7;102.24;97.41;101.39;567300;0
Газпрнефть;D;20040302;000000;101.7;104;96.45;97.3;610100;0
Газпрнефть;D;20040303;000000;94.51;94.51;90.13;93.62;1431900;0
Газпрнефть;D;20040304;000000;93.5;93.5;90.45;92.99;570100;0
Газпрнефть;D;20040305;000000;92.88;93.59;92.03;92.76;542500;0
Газпрнефть;D;20040309;000000;93.19;95.48;92;95.47;296600;0
Газпрнефть;D;20040310;000000;90.6;95.31;90.6;94.1;431100;0
Газпрнефть;D;20040311;000000;93.99;94.78;92.05;93.46;259609;0
Газпрнефть;D;20040312;000000;93.46;96.4;93.46;95.61;332200;0
Газпрнефть;D;20040315;000000;96;98.51;95.1;95.15;652900;0
Газпрнефть;D;20040316;000000;95.2;97.68;95.2;97;232800;0
Газпрнефть;D;20040317;000000;96.98;101;96.52;99.55;835300;0
Газпрнефть;D;20040318;000000;101.44;103;99.31;101.28;594300;0
Газпрнефть;D;20040319;000000;101.05;105.7;99.99;104.9;881900;0
Газпрнефть;D;20040322;000000;105;105.7;101.9;101.9;335500;0
Газпрнефть;D;20040323;000000;102.1;103;100;101.38;334700;0
Газпрнефть;D;20040324;000000;102;102.79;98;99.5;450900;0
Газпрнефть;D;20040325;000000;99.8;101.97;99;100.6;300200;0
Газпрнефть;D;20040326;000000;100.5;101.49;100;100.67;145600;0
Газпрнефть;D;20040329;000000;100.5;101.97;99.5;101.01;240600;0
Газпрнефть;D;20040330;000000;101;104.5;100.64;103.7;487700;0
Газпрнефть;D;20040331;000000;104.3;107.49;103.15;106;407400;0
Газпрнефть;D;20040401;000000;106;106.3;101.76;102.5;517008;0
Газпрнефть;D;20040402;000000;103.85;105.7;103;105;293401;0
Газпрнефть;D;20040405;000000;105.3;107.36;103.51;104.35;397100;0
Газпрнефть;D;20040406;000000;104.05;105.8;102.97;103.8;345800;0
Газпрнефть;D;20040407;000000;103.8;105.7;102.5;105.7;288900;0
Газпрнефть;D;20040408;000000;105.6;107.1;104.5;105.9;183300;0
Газпрнефть;D;20040409;000000;105.9;106.4;104;104.89;108900;0
Газпрнефть;D;20040412;000000;105.5;106.6;104.55;105.99;185100;0
Газпрнефть;D;20040413;000000;105.51;106.75;104.24;105;268400;0
Газпрнефть;D;20040414;000000;104.5;104.95;100.02;101;539500;0
Газпрнефть;D;20040415;000000;100.99;103;99;100.88;336100;0
Газпрнефть;D;20040416;000000;101.17;101.35;98;98.89;360700;0
Газпрнефть;D;20040419;000000;99.99;99.99;91.01;98.1;148100;0
Газпрнефть;D;20040420;000000;98.05;99;96.05;98.3;174200;0
Газпрнефть;D;20040421;000000;98;98.49;93.5;96.47;549600;0
Газпрнефть;D;20040422;000000;94.51;97.27;93;93.98;155100;0
Газпрнефть;D;20040423;000000;98.9;98.9;93.1;93.1;34100;0
Газпрнефть;D;20040426;000000;95;96.94;94.8;95.25;158500;0
Газпрнефть;D;20040427;000000;93.03;96;91.01;94.49;129500;0
Газпрнефть;D;20040428;000000;93.51;96;93.3;93.3;224135;0
Газпрнефть;D;20040429;000000;93;93;85;89;239200;0
Газпрнефть;D;20040430;000000;89;92.5;89;90.36;166405;0
Газпрнефть;D;20040505;000000;92.99;93;89;89.1;65800;0
Газпрнефть;D;20040506;000000;90;90;85.05;86.57;205900;0
Газпрнефть;D;20040507;000000;85;87.97;85;86.49;203100;0
Газпрнефть;D;20040511;000000;84.32;84.32;75.03;82.3;175000;0
Газпрнефть;D;20040512;000000;83;87.5;83;84.97;124700;0
Газпрнефть;D;20040513;000000;86.8;88.99;84.5;85.45;181300;0
Газпрнефть;D;20040514;000000;86;86.94;81.5;82.44;197300;0
Газпрнефть;D;20040517;000000;82.5;85.95;80.27;85.1;354800;0
Газпрнефть;D;20040518;000000;85.99;86.9;84.5;85.2;184800;0
Газпрнефть;D;20040519;000000;86.3;88.61;85.5;88.61;134500;0
Газпрнефть;D;20040520;000000;89;89;87.1;88.6;241100;0
Газпрнефть;D;20040521;000000;88.43;88.8;86.2;87.95;193500;0
Газпрнефть;D;20040524;000000;87.15;87.38;86.7;87.33;158200;0
Газпрнефть;D;20040525;000000;86.4;87.14;84.36;84.53;130500;0
Газпрнефть;D;20040526;000000;84.9;85.7;81.64;84;287900;0
Газпрнефть;D;20040527;000000;84.7;84.75;81.52;82.78;33400;0
Газпрнефть;D;20040528;000000;81;81;75;75.3;146100;0
Газпрнефть;D;20040531;000000;76.48;76.69;73.05;75;83700;0
Газпрнефть;D;20040601;000000;76.7;78.48;74;77.39;266100;0
Газпрнефть;D;20040602;000000;77.7;79.9;76;79.5;88200;0
Газпрнефть;D;20040603;000000;81;81;77;79;88700;0
Газпрнефть;D;20040604;000000;78.11;80;77.5;77.61;68800;0
Газпрнефть;D;20040607;000000;76.61;78.89;76.61;78.87;24400;0
Газпрнефть;D;20040608;000000;78.94;81.44;78.1;81.01;126600;0
Газпрнефть;D;20040609;000000;81.39;83;79.3;79.3;147100;0
Газпрнефть;D;20040610;000000;78.6;78.89;76;78;224500;0
Газпрнефть;D;20040611;000000;77.03;79.3;75.76;79;123200;0
Газпрнефть;D;20040615;000000;78.69;78.69;75;76;56600;0
Газпрнефть;D;20040616;000000;74.5;76;73.45;76;76700;0
Газпрнефть;D;20040617;000000;76;83;74.71;83;261400;0
Газпрнефть;D;20040618;000000;83;85.9;83;85.2;172000;0
Газпрнефть;D;20040621;000000;85.15;88.15;85.15;87.5;262700;0
Газпрнефть;D;20040622;000000;87.5;88;84.53;85.83;83100;0
Газпрнефть;D;20040623;000000;83.62;86;83.62;84.7;74000;0
Газпрнефть;D;20040624;000000;84.53;85.43;84.1;85.43;45200;0
Газпрнефть;D;20040625;000000;85;87.26;81.01;86.25;47900;0
Газпрнефть;D;20040628;000000;86;86.47;84.25;84.89;43600;0
Газпрнефть;D;20040629;000000;84.45;84.78;81.09;81.5;94700;0
Газпрнефть;D;20040630;000000;81.77;83.5;81;82.45;177300;0
Газпрнефть;D;20040701;000000;82.9;84.99;80.2;80.5;117000;0
Газпрнефть;D;20040702;000000;79.8;79.8;75;79.69;71100;0
Газпрнефть;D;20040705;000000;76.21;79.99;76.21;79;136100;0
Газпрнефть;D;20040706;000000;79.91;80.6;75.02;78.9;104600;0
Газпрнефть;D;20040707;000000;78.99;80.2;76.6;78.95;311800;0
Газпрнефть;D;20040708;000000;78.9;79.98;77.51;79.98;12200;0
Газпрнефть;D;20040709;000000;78;78.9;78;78;13600;0
Газпрнефть;D;20040712;000000;78.01;83.5;78;82.5;55000;0
Газпрнефть;D;20040713;000000;82.26;83.99;82.25;83;56300;0
Газпрнефть;D;20040714;000000;83.05;84.49;82;83.95;60500;0
Газпрнефть;D;20040715;000000;83;83;79.5;80.34;178500;0
Газпрнефть;D;20040716;000000;81.89;81.89;78.11;78.11;284900;0
Газпрнефть;D;20040719;000000;78.98;80;78;79.9;120400;0
Газпрнефть;D;20040720;000000;79.75;81;77;77.99;161800;0
Газпрнефть;D;20040721;000000;77.89;78.49;76.8;77.99;54000;0
Газпрнефть;D;20040722;000000;79.5;79.5;76.61;77.2;59900;0
Газпрнефть;D;20040723;000000;77.56;78.49;77;77.1;46000;0
Газпрнефть;D;20040726;000000;77.2;77.69;75.54;75.8;60100;0
Газпрнефть;D;20040727;000000;76.01;76.1;75.16;75.18;35700;0
Газпрнефть;D;20040728;000000;75.5;75.67;67;69;156400;0
Газпрнефть;D;20040729;000000;68;71;68;70;137300;0
Газпрнефть;D;20040730;000000;69.03;73.94;69.03;73.6;43000;0
Газпрнефть;D;20040802;000000;73.6;76;71.1;73.9;17200;0
Газпрнефть;D;20040803;000000;73.22;74.9;73;74.5;29600;0
Газпрнефть;D;20040804;000000;75;75.6;74.5;75.24;46800;0
Газпрнефть;D;20040805;000000;76.52;77.9;76;77.5;144200;0
Газпрнефть;D;20040806;000000;75.75;77.25;75.7;77.25;79600;0
Газпрнефть;D;20040809;000000;77.58;78;75;77.2;26400;0
Газпрнефть;D;20040810;000000;76;78.2;76;78.19;37900;0
Газпрнефть;D;20040811;000000;78.11;80;73.8;73.8;154200;0
Газпрнефть;D;20040812;000000;73.76;75.84;73.7;74.3;61200;0
Газпрнефть;D;20040813;000000;75;75;74;74.7;89900;0
Газпрнефть;D;20040816;000000;75.35;75.99;74.5;75.5;56500;0
Газпрнефть;D;20040817;000000;75;76.2;74.23;74.75;225200;0
Газпрнефть;D;20040818;000000;74.99;74.99;71.77;72.02;91000;0
Газпрнефть;D;20040819;000000;72.2;73;71.3;72.56;77100;0
Газпрнефть;D;20040820;000000;72.97;73.8;72.46;73;88000;0
Газпрнефть;D;20040823;000000;73.33;74.34;73.06;74;33600;0
Газпрнефть;D;20040824;000000;73.79;74.45;72.16;72.72;115600;0
Газпрнефть;D;20040825;000000;72.45;73.23;71.8;73;60400;0
Газпрнефть;D;20040826;000000;73.45;74.44;72.8;74.44;125000;0
Газпрнефть;D;20040827;000000;74;77.98;74;77;181200;0
Газпрнефть;D;20040830;000000;76.45;79.3;75.87;79.18;177800;0
Газпрнефть;D;20040831;000000;78.17;79.8;78.17;79.1;151700;0
Газпрнефть;D;20040901;000000;79;79.2;78.3;79;53100;0
Газпрнефть;D;20040902;000000;78.61;80.8;77;79.7;164601;0
Газпрнефть;D;20040903;000000;79.44;80.79;78.9;80.74;85000;0
Газпрнефть;D;20040906;000000;80.7;83.3;80.01;82.6;143600;0
Газпрнефть;D;20040907;000000;82.5;83;81;81.83;163200;0
Газпрнефть;D;20040908;000000;81.83;82.25;80.02;80.27;212500;0
Газпрнефть;D;20040909;000000;80.49;86.9;80.4;86.9;327020;0
Газпрнефть;D;20040910;000000;86.99;90.87;86;90.7;923900;0
Газпрнефть;D;20040913;000000;90.7;94.9;89.6;92.3;340500;0
Газпрнефть;D;20040914;000000;92;93.5;90.61;93.2;278500;0
Газпрнефть;D;20040915;000000;93.02;93.99;91.3;93.11;215200;0
Газпрнефть;D;20040916;000000;93;93.5;91.4;91.4;107400;0
Газпрнефть;D;20040917;000000;91.4;92.95;91.06;92.85;80500;0
Газпрнефть;D;20040920;000000;92.8;97.3;92.8;96.01;581119;0
Газпрнефть;D;20040921;000000;95.65;99.9;94.9;97.7;832500;0
Газпрнефть;D;20040922;000000;97.75;98.95;95.66;97.99;394826;0
Газпрнефть;D;20040923;000000;97.99;98.99;96.01;98;91662;0
Газпрнефть;D;20040924;000000;98;98.03;96.9;97.1;138800;0
Газпрнефть;D;20040927;000000;97.1;97.8;95.7;96.9;226900;0
Газпрнефть;D;20040928;000000;97.3;99.5;96.35;97.5;503200;0
Газпрнефть;D;20040929;000000;98.9;99.49;97;97.95;224300;0
Газпрнефть;D;20040930;000000;97.33;102;97.33;100;321900;0
Газпрнефть;D;20041001;000000;100.5;104.73;98.9;104.73;813800;0
Газпрнефть;D;20041004;000000;104.96;107;103.2;104.87;263400;0
Газпрнефть;D;20041005;000000;103.2;105.85;102.25;104.22;206300;0
Газпрнефть;D;20041006;000000;104.97;106;103.3;105.69;306700;0
Газпрнефть;D;20041007;000000;105.69;106.5;104;104.5;275700;0
Газпрнефть;D;20041008;000000;105.01;107.5;105;106.6;572633;0
Газпрнефть;D;20041011;000000;106.99;109.5;106.51;108.7;471200;0
Газпрнефть;D;20041012;000000;108.41;110.4;105.24;106.98;517000;0
Газпрнефть;D;20041013;000000;105.98;109.9;105.98;107.54;278200;0
Газпрнефть;D;20041014;000000;107.44;107.9;106;107.6;191300;0
Газпрнефть;D;20041015;000000;106;107.55;105.21;106.4;112121;0
Газпрнефть;D;20041018;000000;106.4;108.57;106.4;107.34;238200;0
Газпрнефть;D;20041019;000000;107.98;107.98;106;106.91;306100;0
Газпрнефть;D;20041020;000000;106.81;106.81;102.12;103.5;185000;0
Газпрнефть;D;20041021;000000;104.5;105.9;103.5;105.41;73100;0
Газпрнефть;D;20041022;000000;104.4;107;99.69;103.87;255800;0
Газпрнефть;D;20041025;000000;103.95;104.99;101;101.95;113500;0
Газпрнефть;D;20041026;000000;101.9;104.5;101.05;104.4;172500;0
Газпрнефть;D;20041027;000000;105;112.45;105;110.31;828120;0
Газпрнефть;D;20041028;000000;112.74;112.76;107;107.05;877000;0
Газпрнефть;D;20041029;000000;107.99;108.7;106.63;108.21;262200;0
Газпрнефть;D;20041101;000000;108.97;109.4;105;105.01;174100;0
Газпрнефть;D;20041102;000000;104.12;105;101.75;103;371400;0
Газпрнефть;D;20041103;000000;103.5;104.88;102;104;431900;0
Газпрнефть;D;20041104;000000;104;106.6;102.95;106.5;357500;0
Газпрнефть;D;20041105;000000;107.89;107.89;105;105.94;291700;0
Газпрнефть;D;20041109;000000;106;107.21;105;106;357500;0
Газпрнефть;D;20041110;000000;105.57;105.57;100.03;102.49;1165100;0
Газпрнефть;D;20041111;000000;102.5;103.36;96.55;97.19;1235500;0
Газпрнефть;D;20041112;000000;97.52;98.09;95.51;97.8;489000;0
Газпрнефть;D;20041115;000000;98.7;98.83;96.5;98.2;253500;0
Газпрнефть;D;20041116;000000;98.09;104;97.5;100.97;633400;0
Газпрнефть;D;20041117;000000;101;102.6;100.5;101;431000;0
Газпрнефть;D;20041118;000000;96.03;98.49;93;93.9;1782200;0
Газпрнефть;D;20041119;000000;93.7;95.3;80.33;83.4;2462800;0
Газпрнефть;D;20041122;000000;84.8;86.21;80.16;84.87;847500;0
Газпрнефть;D;20041123;000000;84.5;85.75;80.56;82.15;376900;0
Газпрнефть;D;20041124;000000;81.7;84;77.56;78.8;771000;0
Газпрнефть;D;20041125;000000;78.55;78.55;73.25;77.85;688600;0
Газпрнефть;D;20041126;000000;78;79.7;77.29;78.3;400200;0
Газпрнефть;D;20041129;000000;78.99;79.48;77.15;79;246700;0
Газпрнефть;D;20041130;000000;79;81.24;78.46;79.99;272000;0
Газпрнефть;D;20041201;000000;80;80.43;78.5;78.7;308610;0
Газпрнефть;D;20041202;000000;78.7;79.56;77;79.3;346100;0
Газпрнефть;D;20041203;000000;79.32;79.52;77.12;77.5;125400;0
Газпрнефть;D;20041206;000000;78;78;75;77.9;147000;0
Газпрнефть;D;20041207;000000;79;83.99;78.5;82.62;610400;0
Газпрнефть;D;20041208;000000;82.97;83.97;74.3;76;952500;0
Газпрнефть;D;20041209;000000;77.45;78.5;70.1;73;440800;0
Газпрнефть;D;20041210;000000;73;75.49;69.5;74.6;420700;0
Газпрнефть;D;20041214;000000;74.6;76.99;74.6;76.88;297200;0
Газпрнефть;D;20041215;000000;77;80.94;76;79.4;339600;0
Газпрнефть;D;20041216;000000;79.9;80.27;76.5;77.5;238400;0
Газпрнефть;D;20041217;000000;77.5;78.78;75.65;76.5;519000;0
Газпрнефть;D;20041220;000000;76.28;76.28;74.77;76.1;105800;0
Газпрнефть;D;20041221;000000;76.15;80.8;76.1;80;420380;0
Газпрнефть;D;20041222;000000;80.5;81.39;78.5;80.25;226400;0
Газпрнефть;D;20041223;000000;80.02;83.7;79.21;82.5;225000;0
Газпрнефть;D;20041224;000000;83;83.63;82.05;82.6;134000;0
Газпрнефть;D;20041227;000000;82.33;86.95;82.27;85.9;323300;0
Газпрнефть;D;20041228;000000;86;86.9;84.25;84.6;449400;0
Газпрнефть;D;20041229;000000;84.5;84.5;81;82.54;323100;0
Газпрнефть;D;20041230;000000;82.5;83.86;82.05;83.49;469140;0
Газпрнефть;D;20050111;000000;83.99;84.5;82;82.87;120500;0
Газпрнефть;D;20050112;000000;82.98;84.4;82.3;84.01;98200;0
Газпрнефть;D;20050113;000000;83.4;85.5;83;84.82;269700;0
Газпрнефть;D;20050114;000000;86;86.5;85.1;86.4;325000;0
Газпрнефть;D;20050117;000000;86.91;87.12;84.65;85;253500;0
Газпрнефть;D;20050118;000000;85;86.45;82.59;83;547400;0
Газпрнефть;D;20050119;000000;82.85;84.87;82.05;84.1;156900;0
Газпрнефть;D;20050120;000000;83.52;84.7;80.07;80.07;194700;0
Газпрнефть;D;20050121;000000;80.09;81.96;80.09;80.9;142800;0
Газпрнефть;D;20050124;000000;82.15;83;80.25;82.7;364200;0
Газпрнефть;D;20050125;000000;82.99;85.3;81.51;82.75;810500;0
Газпрнефть;D;20050126;000000;82.98;83.4;81;82.5;143500;0
Газпрнефть;D;20050127;000000;82.39;83;82.07;82.49;547000;0
Газпрнефть;D;20050128;000000;82.23;84.9;81.85;84.8;735800;0
Газпрнефть;D;20050131;000000;84.9;89.5;83.63;88.18;1293100;0
Газпрнефть;D;20050201;000000;80.94;89.1;79.88;88.74;367800;0
Газпрнефть;D;20050202;000000;88.5;92.47;88.01;90.15;693000;0
Газпрнефть;D;20050203;000000;90.15;90.99;88.51;89.12;647500;0
Газпрнефть;D;20050204;000000;89;89.5;86.49;88;427300;0
Газпрнефть;D;20050207;000000;88.34;90;87.19;87.19;497000;0
Газпрнефть;D;20050208;000000;87.2;90.8;86.53;90;494800;0
Газпрнефть;D;20050209;000000;90.87;91.2;87.6;88.1;1000700;0
Газпрнефть;D;20050210;000000;88.1;90.24;87;90;264200;0
Газпрнефть;D;20050211;000000;90;90;87.2;89.4;340360;0
Газпрнефть;D;20050214;000000;88.88;89.55;87.59;89.29;212100;0
Газпрнефть;D;20050215;000000;89.3;90;88;89.11;249600;0
Газпрнефть;D;20050216;000000;89.49;91.19;89;90.8;765400;0
Газпрнефть;D;20050217;000000;91;94;90.15;92.65;795400;0
Газпрнефть;D;20050218;000000;94.57;94.98;92.25;94.01;727500;0
Газпрнефть;D;20050221;000000;94;95.2;93.6;94.92;521500;0
Газпрнефть;D;20050222;000000;94.91;95.25;92.19;93.89;808900;0
Газпрнефть;D;20050224;000000;93.9;97;93.78;96.55;1136200;0
Газпрнефть;D;20050225;000000;97.35;97.47;95.15;96.49;1184400;0
Газпрнефть;D;20050228;000000;96.52;98;95.51;97.5;1095000;0
Газпрнефть;D;20050301;000000;98;98.2;96;96.6;1377200;0
Газпрнефть;D;20050302;000000;96.79;98.38;94.58;94.69;1529802;0
Газпрнефть;D;20050303;000000;94.72;96.2;94;95.5;581174;0
Газпрнефть;D;20050304;000000;96.2;96.8;95.52;96.75;657000;0
Газпрнефть;D;20050305;000000;97.15;99.9;96.1;98.77;1043400;0
Газпрнефть;D;20050309;000000;98.92;100.5;97.58;98.05;3642200;0
Газпрнефть;D;20050310;000000;98.8;98.8;93.7;94;1408100;0
Газпрнефть;D;20050311;000000;94;94.2;91.5;93.48;1067503;0
Газпрнефть;D;20050314;000000;93.5;93.5;90.2;90.5;450500;0
Газпрнефть;D;20050315;000000;90.8;93;90.26;90.75;930200;0
Газпрнефть;D;20050316;000000;91.5;91.79;87.85;87.9;1258700;0
Газпрнефть;D;20050317;000000;87.9;89.5;87.4;88.5;980700;0
Газпрнефть;D;20050318;000000;88.9;90.55;87.5;88.5;813100;0
Газпрнефть;D;20050321;000000;88.78;88.82;84.5;85.5;1122100;0
Газпрнефть;D;20050322;000000;85.01;88;83.52;87.2;1727000;0
Газпрнефть;D;20050323;000000;87;87;84.01;86.87;1429600;0
Газпрнефть;D;20050324;000000;86.85;91.6;86.5;91;1680500;0
Газпрнефть;D;20050325;000000;91.5;97;90.61;91.58;590700;0
Газпрнефть;D;20050328;000000;92;93.5;91.15;91.6;480500;0
Газпрнефть;D;20050329;000000;91.9;91.98;89.05;89.16;615700;0
Газпрнефть;D;20050330;000000;89;89;86.52;87.68;475100;0
Газпрнефть;D;20050331;000000;87.97;89.49;87.5;88.22;350700;0
Газпрнефть;D;20050401;000000;88.35;91.49;88.05;90.12;1122800;0
Газпрнефть;D;20050404;000000;90.12;91.5;88.61;89.05;823000;0
Газпрнефть;D;20050405;000000;89.08;91.45;88.31;90.66;1154900;0
Газпрнефть;D;20050406;000000;91.27;93.5;90.79;93.45;1949800;0
Газпрнефть;D;20050407;000000;93.9;94.5;92.8;93.88;1280800;0
Газпрнефть;D;20050408;000000;89.34;94.27;89.34;93.89;790000;0
Газпрнефть;D;20050411;000000;93.68;93.7;87.5;89.99;1927400;0
Газпрнефть;D;20050412;000000;89.96;90.45;88;89.5;449400;0
Газпрнефть;D;20050413;000000;90.4;90.7;88.13;88.75;596300;0
Газпрнефть;D;20050414;000000;88.64;88.7;86.2;86.45;1201300;0
Газпрнефть;D;20050415;000000;86.1;86.2;84.3;85.14;643100;0
Газпрнефть;D;20050418;000000;85;87.47;83.67;85.4;802600;0
Газпрнефть;D;20050419;000000;85.7;87.5;85.62;86.95;586000;0
Газпрнефть;D;20050420;000000;87.5;88.75;86.28;86.65;664700;0
Газпрнефть;D;20050421;000000;84.6;88.35;84.6;88.3;460400;0
Газпрнефть;D;20050422;000000;88.7;89.7;88;89.26;757500;0
Газпрнефть;D;20050425;000000;89.6;91.7;89.3;90.05;979800;0
Газпрнефть;D;20050426;000000;90.47;90.5;88.3;88.5;649700;0
Газпрнефть;D;20050427;000000;88.5;88.99;86;86.2;621000;0
Газпрнефть;D;20050428;000000;86.75;87.2;86.2;86.4;432780;0
Газпрнефть;D;20050429;000000;86.1;87.83;85.6;86.89;497440;0
Газпрнефть;D;20050503;000000;87.52;88;86.83;86.99;264892;0
Газпрнефть;D;20050504;000000;87.3;87.41;86.25;87.04;533500;0
Газпрнефть;D;20050505;000000;88;88.99;87.5;88.51;875200;0
Газпрнефть;D;20050506;000000;88.4;88.4;86.46;86.98;541200;0
Газпрнефть;D;20050511;000000;87.4;87.4;85.61;86.12;598900;0
Газпрнефть;D;20050512;000000;86;86.33;82.5;82.99;880600;0
Газпрнефть;D;20050513;000000;82.79;84.39;82.21;84;913500;0
Газпрнефть;D;20050514;000000;84.2;84.53;83.3;83.87;191800;0
Газпрнефть;D;20050516;000000;84;84.5;81.5;82.27;434300;0
Газпрнефть;D;20050517;000000;82.29;85.89;81.5;84.86;933500;0
Газпрнефть;D;20050518;000000;85.02;85.86;84.77;85.09;308200;0
Газпрнефть;D;20050519;000000;85.21;85.83;85.2;85.58;390100;0
Газпрнефть;D;20050520;000000;81.85;85.75;81.85;85.1;247900;0
Газпрнефть;D;20050523;000000;85;85.34;84.58;85;114400;0
Газпрнефть;D;20050524;000000;84.92;87.5;84.92;86.65;1534600;0
Газпрнефть;D;20050525;000000;86.3;87.69;85.1;85.6;1099400;0
Газпрнефть;D;20050526;000000;86.4;86.52;84.21;84.65;796400;0
Газпрнефть;D;20050527;000000;84.66;85.91;84.11;85.29;718000;0
Газпрнефть;D;20050530;000000;85.72;85.72;84.8;85;122100;0
Газпрнефть;D;20050531;000000;84.9;88.45;84.46;88.04;1043800;0
Газпрнефть;D;20050601;000000;88.04;88.29;86.11;86.25;682524;0
Газпрнефть;D;20050602;000000;86.97;88.22;86.81;86.9;453200;0
Газпрнефть;D;20050603;000000;85.55;87.4;85.55;87.03;118100;0
Газпрнефть;D;20050606;000000;87;87;85.61;86.45;581700;0
Газпрнефть;D;20050607;000000;86.43;87.18;85.95;87.18;533300;0
Газпрнефть;D;20050608;000000;87;87.6;86.32;86.95;328880;0
Газпрнефть;D;20050609;000000;86.52;87.17;86.21;86.55;107100;0
Газпрнефть;D;20050610;000000;86.88;87.35;86.61;86.92;198900;0
Газпрнефть;D;20050614;000000;87.99;88.85;87.3;88.65;763440;0
Газпрнефть;D;20050615;000000;88.67;90;87.51;87.51;871900;0
Газпрнефть;D;20050616;000000;88.01;88.45;86.88;87.4;826000;0
Газпрнефть;D;20050617;000000;87.7;88.5;86.79;88.5;1284900;0
Газпрнефть;D;20050620;000000;88.94;89.9;88.63;88.98;817000;0
Газпрнефть;D;20050621;000000;88.55;88.79;87.65;87.88;601300;0
Газпрнефть;D;20050622;000000;87.88;90.2;87.88;89.1;1769000;0
Газпрнефть;D;20050623;000000;89.4;89.9;88.7;89.21;898600;0
Газпрнефть;D;20050624;000000;89.21;91.18;88.4;91.1;1714400;0
Газпрнефть;D;20050627;000000;90.63;91.5;90;90.31;804300;0
Газпрнефть;D;20050628;000000;90.5;92.2;89.82;91.73;2129200;0
Газпрнефть;D;20050629;000000;91.87;93.36;91.8;92.87;1285300;0
Газпрнефть;D;20050630;000000;92.99;95.17;92.9;94.95;2976900;0
Газпрнефть;D;20050701;000000;93.78;98.48;93.78;98.29;2532400;0
Газпрнефть;D;20050704;000000;99.49;102.95;98.51;102;4147400;0
Газпрнефть;D;20050705;000000;108;108;99.8;99.93;4598000;0
Газпрнефть;D;20050706;000000;99.92;103;98.5;101.98;2936500;0
Газпрнефть;D;20050707;000000;101.9;102.7;97.1;101.17;2171200;0
Газпрнефть;D;20050708;000000;101.5;102;100.03;100.49;660400;0
Газпрнефть;D;20050711;000000;102;102.35;99.65;100;1203600;0
Газпрнефть;D;20050712;000000;99.53;99.98;97.2;98.25;1856000;0
Газпрнефть;D;20050713;000000;98.27;99.4;97.22;98.79;990900;0
Газпрнефть;D;20050714;000000;98.5;99.23;96.53;96.63;835500;0
Газпрнефть;D;20050715;000000;96.31;97.29;95.01;95.84;613700;0
Газпрнефть;D;20050718;000000;96.03;97;94.19;94.3;908800;0
Газпрнефть;D;20050719;000000;94.7;95.86;94.15;95.3;724900;0
Газпрнефть;D;20050720;000000;95.3;96.99;95.1;96.44;1320100;0
Газпрнефть;D;20050721;000000;98;99.59;97.2;97.5;3386800;0
Газпрнефть;D;20050722;000000;97.5;98;96.06;96.87;1653900;0
Газпрнефть;D;20050725;000000;96.84;96.99;94.85;95.29;1002900;0
Газпрнефть;D;20050726;000000;95.4;97.69;94.3;95.4;1936100;0
Газпрнефть;D;20050727;000000;96;100;95.8;98.4;6809900;0
Газпрнефть;D;20050728;000000;91;93.99;89.97;91;7515900;0
Газпрнефть;D;20050729;000000;91;91.7;89.2;89.92;2562700;0
Газпрнефть;D;20050801;000000;89.96;91;89.02;89.39;1296100;0
Газпрнефть;D;20050802;000000;89.4;90.23;89.4;89.66;1269100;0
Газпрнефть;D;20050803;000000;90.7;90.7;85.5;85.7;3528000;0
Газпрнефть;D;20050804;000000;85.5;88.35;85.5;88;1980800;0
Газпрнефть;D;20050805;000000;88;88.7;87.5;88.15;1428800;0
Газпрнефть;D;20050808;000000;88.48;90;88.2;89;1703700;0
Газпрнефть;D;20050809;000000;89.5;91;88.6;88.84;1977000;0
Газпрнефть;D;20050810;000000;91.14;91.14;88.22;89;1270500;0
Газпрнефть;D;20050811;000000;89.14;89.98;88.4;88.5;2146600;0
Газпрнефть;D;20050812;000000;88.7;89.5;88.38;88.68;1076400;0
Газпрнефть;D;20050815;000000;89.05;91.28;88.4;90.8;2416100;0
Газпрнефть;D;20050816;000000;91.75;97.5;91.5;96.4;6884400;0
Газпрнефть;D;20050817;000000;97;100.5;95.7;100.25;7094100;0
Газпрнефть;D;20050818;000000;102.9;105.9;99;103;11957600;0
Газпрнефть;D;20050819;000000;103;106.8;102.46;105.78;6360300;0
Газпрнефть;D;20050822;000000;106;106.49;102;103.3;5252800;0
Газпрнефть;D;20050823;000000;104.55;104.55;100.5;102.55;3411300;0
Газпрнефть;D;20050824;000000;102.55;102.99;101.6;102.29;1191200;0
Газпрнефть;D;20050825;000000;102.07;104.1;101.77;104;1366600;0
Газпрнефть;D;20050826;000000;104;104.79;103.13;103.75;1748400;0
Газпрнефть;D;20050829;000000;103.8;103.8;101.8;102.1;1245300;0
Газпрнефть;D;20050830;000000;102.11;103.43;100.9;101.01;2881900;0
Газпрнефть;D;20050831;000000;101.06;102;97.57;100;4049900;0
Газпрнефть;D;20050901;000000;99.78;100.97;99.54;99.99;2722700;0
Газпрнефть;D;20050902;000000;100;101.4;99.63;100.5;1399100;0
Газпрнефть;D;20050905;000000;100.76;101.19;99.22;99.35;1253200;0
Газпрнефть;D;20050906;000000;99.35;99.35;97.8;98.02;1543000;0
Газпрнефть;D;20050907;000000;98.3;98.5;94.25;96.5;1693900;0
Газпрнефть;D;20050908;000000;96.64;97.15;95.69;96.75;1231300;0
Газпрнефть;D;20050909;000000;97.75;99.9;96.83;99;1675300;0
Газпрнефть;D;20050912;000000;99.65;100.45;97.59;98.03;1434200;0
Газпрнефть;D;20050913;000000;98.01;98.01;95.22;95.31;1409600;0
Газпрнефть;D;20050914;000000;95.13;96.96;93.61;96.52;2390000;0
Газпрнефть;D;20050915;000000;96.65;97.49;95.5;95.81;514700;0
Газпрнефть;D;20050916;000000;95.73;98.2;95.03;97;1805000;0
Газпрнефть;D;20050919;000000;97;100.03;96.75;98.85;1949000;0
Газпрнефть;D;20050920;000000;99.97;101.01;97.76;98.55;1533700;0
Газпрнефть;D;20050921;000000;98.45;100.9;98.4;100.02;1249100;0
Газпрнефть;D;20050922;000000;99.63;101.55;99.63;99.8;1923400;0
Газпрнефть;D;20050923;000000;99.8;102.5;99.8;102.1;2485800;0
Газпрнефть;D;20050926;000000;102.05;102.05;99.65;101.22;723500;0
Газпрнефть;D;20050927;000000;101.45;118;101.45;117;22092800;0
Газпрнефть;D;20050928;000000;117.9;117.9;103.2;105.8;12973600;0
Газпрнефть;D;20050929;000000;106.2;106.77;99.9;100.12;4934000;0
Газпрнефть;D;20050930;000000;101.07;103.25;100.01;102.69;2547400;0
Газпрнефть;D;20051003;000000;103.75;104.93;101.23;103.39;2196200;0
Газпрнефть;D;20051004;000000;103.3;104.8;100.22;101.44;1994200;0
Газпрнефть;D;20051005;000000;101.54;101.54;97.61;98;2331500;0
Газпрнефть;D;20051006;000000;97.05;97.05;92.21;92.35;2741300;0
Газпрнефть;D;20051007;000000;92.43;96.75;91.11;94.3;2728500;0
Газпрнефть;D;20051010;000000;95;97.99;94.84;96.12;1343000;0
Газпрнефть;D;20051011;000000;99.48;101.25;96.1;100.5;2989200;0
Газпрнефть;D;20051012;000000;101.98;102.75;95.7;97.2;2168100;0
Газпрнефть;D;20051013;000000;96.73;96.73;93.6;95.77;1267400;0
Газпрнефть;D;20051014;000000;95.95;95.95;92.56;92.76;856600;0
Газпрнефть;D;20051017;000000;93.25;95.3;92.65;94;1393300;0
Газпрнефть;D;20051018;000000;95;95.74;94.01;94.3;605200;0
Газпрнефть;D;20051019;000000;93.5;96.68;92.03;96.55;2125000;0
Газпрнефть;D;20051020;000000;97.35;100.89;95.25;96.39;2337400;0
Газпрнефть;D;20051021;000000;93.94;96.8;93.42;94.4;1769400;0
Газпрнефть;D;20051024;000000;97.73;97.73;94.1;96.8;982100;0
Газпрнефть;D;20051025;000000;98;99.77;95.5;96.6;1181100;0
Газпрнефть;D;20051026;000000;96.7;98.75;95.85;97.8;1397400;0
Газпрнефть;D;20051027;000000;97.51;99.3;95.47;99;2726800;0
Газпрнефть;D;20051028;000000;98.3;103;98;102.5;2370600;0
Газпрнефть;D;20051031;000000;102.41;103.79;101.5;102.49;1640600;0
Газпрнефть;D;20051101;000000;102.8;102.98;100.6;101;1444400;0
Газпрнефть;D;20051102;000000;101.31;102.88;101.1;102.3;817100;0
Газпрнефть;D;20051103;000000;102.59;104.95;101.42;102.52;1207000;0
Газпрнефть;D;20051107;000000;102.5;102.51;100.28;100.5;831500;0
Газпрнефть;D;20051108;000000;100.65;101.78;98.9;100.5;2820100;0
Газпрнефть;D;20051109;000000;101.75;103.51;101;101.25;1893800;0
Газпрнефть;D;20051110;000000;101.21;102.39;99.65;100;937400;0
Газпрнефть;D;20051111;000000;99.8;103.97;99.8;102.1;1292900;0
Газпрнефть;D;20051114;000000;98;104.8;98;103.01;1297700;0
Газпрнефть;D;20051115;000000;104.75;104.75;102.6;104.01;1281700;0
Газпрнефть;D;20051116;000000;103;105.75;102.71;105.75;1066100;0
Газпрнефть;D;20051117;000000;106;108.05;105.35;106.75;1624000;0
Газпрнефть;D;20051118;000000;106.75;108.15;105.3;105.99;1170600;0
Газпрнефть;D;20051121;000000;106.5;107.38;103.9;103.9;503800;0
Газпрнефть;D;20051122;000000;100.11;105.67;100.11;105;1306600;0
Газпрнефть;D;20051123;000000;104.93;106.91;104.1;105;884300;0
Газпрнефть;D;20051124;000000;105.49;106.21;104.81;105.53;323300;0
Газпрнефть;D;20051125;000000;106;106;104.55;105.5;471500;0
Газпрнефть;D;20051128;000000;105.9;109;105.32;105.61;685400;0
Газпрнефть;D;20051129;000000;105.3;106.47;104.65;105.5;753400;0
Газпрнефть;D;20051130;000000;105.99;106.85;105.35;105.9;875700;0
Газпрнефть;D;20051201;000000;106.6;108.5;106.4;108;1883200;0
Газпрнефть;D;20051202;000000;108.5;109;105.99;106.68;648700;0
Газпрнефть;D;20051205;000000;107.48;107.8;106;106.04;404700;0
Газпрнефть;D;20051206;000000;105.86;106.8;105.06;106.04;336700;0
Газпрнефть;D;20051207;000000;106.5;107.09;106;106.54;262000;0
Газпрнефть;D;20051208;000000;106;106.22;105.01;105.75;155100;0
Газпрнефть;D;20051209;000000;106.11;107.03;106.01;106.01;214300;0
Газпрнефть;D;20051212;000000;107.12;107.24;106.25;106.5;216600;0
Газпрнефть;D;20051213;000000;106.79;106.89;105.87;106.3;119600;0
Газпрнефть;D;20051214;000000;105.9;107;105.89;106.12;931700;0
Газпрнефть;D;20051215;000000;106.73;106.95;105.81;106.01;481800;0
Газпрнефть;D;20051216;000000;105.51;106.6;105.5;106.5;584800;0
Газпрнефть;D;20051219;000000;106;114.47;106;112;7330800;0
Газпрнефть;D;20051220;000000;112;113.68;109.4;109.59;2554700;0
Газпрнефть;D;20051221;000000;110.84;111.59;109.66;110.87;715100;0
Газпрнефть;D;20051222;000000;111;111.85;109.7;110.28;792100;0
Газпрнефть;D;20051223;000000;109.98;110.75;107.5;107.75;698400;0
Газпрнефть;D;20051226;000000;108.26;108.88;107.2;108;236500;0
Газпрнефть;D;20051227;000000;108.24;108.73;106.6;107.11;660200;0
Газпрнефть;D;20051228;000000;107.46;107.59;106.02;106.75;587300;0
Газпрнефть;D;20051229;000000;106.75;108;106;106.01;388800;0
Газпрнефть;D;20051230;000000;106.49;108.49;106.3;107.51;237000;0
Газпрнефть;D;20060110;000000;108.24;112;108.24;110.9;479800;0
Газпрнефть;D;20060111;000000;112.5;112.5;109.25;110.3;830100;0
Газпрнефть;D;20060112;000000;111;113.25;110.62;111;2195300;0
Газпрнефть;D;20060113;000000;110.98;112.65;110.6;111.9;928200;0
Газпрнефть;D;20060116;000000;111.7;115.74;111.53;115.74;2324100;0
Газпрнефть;D;20060117;000000;116.25;118.94;114.05;116.9;2883300;0
Газпрнефть;D;20060118;000000;116;116.86;111;116.05;2164800;0
Газпрнефть;D;20060119;000000;114.3;123.85;113;123.59;3489500;0
Газпрнефть;D;20060120;000000;124.5;125.5;122.5;123.66;3471000;0
Газпрнефть;D;20060123;000000;122.2;126;119.01;124.77;2047600;0
Газпрнефть;D;20060124;000000;126.25;126.26;123.51;126;1858700;0
Газпрнефть;D;20060125;000000;126.7;130.01;125.01;129.88;2499900;0
Газпрнефть;D;20060126;000000;129.56;133.49;128.6;131.2;3537800;0
Газпрнефть;D;20060127;000000;132.28;135;131.1;134.95;2092600;0
Газпрнефть;D;20060130;000000;135.2;137.99;128.1;128.7;2490600;0
Газпрнефть;D;20060131;000000;128.2;131.79;123.13;124;1611700;0
Газпрнефть;D;20060201;000000;124.01;129.9;123.51;129.78;1719200;0
Газпрнефть;D;20060202;000000;130;136.7;128;135.24;2614100;0
Газпрнефть;D;20060203;000000;133.02;133.02;129.3;131;2244900;0
Газпрнефть;D;20060206;000000;132;132.99;130.91;131.79;542400;0
Газпрнефть;D;20060207;000000;131.67;131.67;128;129.5;794600;0
Газпрнефть;D;20060208;000000;129.35;130.94;127;130.94;670500;0
Газпрнефть;D;20060209;000000;131.47;134.86;130.03;132;1423400;0
Газпрнефть;D;20060210;000000;132.99;132.99;128;129.51;1057300;0
Газпрнефть;D;20060213;000000;128.5;132;128.3;130.01;389300;0
Газпрнефть;D;20060214;000000;129;131.85;127.4;128.08;731700;0
Газпрнефть;D;20060215;000000;128.05;129;126.5;127.2;845400;0
Газпрнефть;D;20060216;000000;127;128.4;126.8;127.51;625100;0
Газпрнефть;D;20060217;000000;128;132.19;127.6;130.99;1988600;0
Газпрнефть;D;20060220;000000;134.57;134.57;130.6;132.5;1203300;0
Газпрнефть;D;20060221;000000;136.52;136.52;130.3;131.45;934200;0
Газпрнефть;D;20060222;000000;131;132.46;129;132;890200;0
Газпрнефть;D;20060226;000000;133.79;136.49;132.06;135.6;1879100;0
Газпрнефть;D;20060227;000000;138.99;138.99;132.7;133.01;1587400;0
Газпрнефть;D;20060228;000000;133.25;134.96;128.05;129;1463900;0
Газпрнефть;D;20060301;000000;129.5;131.99;120.2;131.99;719100;0
Газпрнефть;D;20060302;000000;132.9;132.99;130.1;132;552400;0
Газпрнефть;D;20060303;000000;132.5;133.98;132;133.2;910300;0
Газпрнефть;D;20060306;000000;133.5;135.2;132.51;132.65;806200;0
Газпрнефть;D;20060307;000000;132;132.46;122.03;122.99;1487100;0
Газпрнефть;D;20060309;000000;121.18;124.4;118.06;123.8;1115000;0
Газпрнефть;D;20060310;000000;124;126.74;122;123.49;812100;0
Газпрнефть;D;20060313;000000;124.9;126.9;124;125.68;837100;0
Газпрнефть;D;20060314;000000;125.68;127;119.11;120;2408700;0
Газпрнефть;D;20060315;000000;120.97;122.99;119.35;122.99;806300;0
Газпрнефть;D;20060316;000000;122.58;123.35;120.15;123;453300;0
Газпрнефть;D;20060317;000000;124;126;123.3;126;1517900;0
Газпрнефть;D;20060320;000000;126.9;128;125;126.1;965400;0
Газпрнефть;D;20060321;000000;121.49;127.7;121.49;124.8;410900;0
Газпрнефть;D;20060322;000000;125;126.44;123.36;126.44;303700;0
Газпрнефть;D;20060323;000000;126.43;126.8;125.52;126.16;382700;0
Газпрнефть;D;20060324;000000;126.45;129.7;126;128.51;1224700;0
Газпрнефть;D;20060327;000000;129.08;132;127.82;129.8;662500;0
Газпрнефть;D;20060328;000000;130.9;130.9;126.01;127.06;456100;0
Газпрнефть;D;20060329;000000;127;128.4;125.5;126.38;260100;0
Газпрнефть;D;20060330;000000;127;132;126.67;131.94;688300;0
Газпрнефть;D;20060331;000000;131.9;132.49;130.26;131;451700;0
Газпрнефть;D;20060403;000000;130.05;133.99;130.05;133.35;1457600;0
Газпрнефть;D;20060404;000000;133.18;134;131.6;133.97;956100;0
Газпрнефть;D;20060405;000000;133.8;136;133.32;135.03;1035100;0
Газпрнефть;D;20060406;000000;136;136.25;133.15;133.53;390300;0
Газпрнефть;D;20060407;000000;133.77;135.54;129.2;133.7;918400;0
Газпрнефть;D;20060410;000000;135.5;136.25;132.3;135.7;540300;0
Газпрнефть;D;20060411;000000;136;137.5;133.71;134.34;1174600;0
Газпрнефть;D;20060412;000000;130;139.6;130;138.4;1013500;0
Газпрнефть;D;20060413;000000;139;145.74;134.5;142.47;1922700;0
Газпрнефть;D;20060414;000000;143.07;145.8;142.5;144;1507900;0
Газпрнефть;D;20060417;000000;144.7;146.98;143.2;146.94;997300;0
Газпрнефть;D;20060418;000000;147.2;147.95;145.5;146.5;755400;0
Газпрнефть;D;20060419;000000;147.77;150;146.06;147.71;679246;0
Газпрнефть;D;20060420;000000;147.73;149.17;143.87;147;904322;0
Газпрнефть;D;20060421;000000;148.31;148.31;143;146.45;1170060;0
Газпрнефть;D;20060424;000000;146.69;147.5;145.21;146.22;788690;0
Газпрнефть;D;20060425;000000;148.1;148.1;139.2;140.17;4991792;0
Газпрнефть;D;20060426;000000;140.2;142;138.4;138.5;6367093;0
Газпрнефть;D;20060427;000000;138.25;139.19;131.11;133;7952264;0
Газпрнефть;D;20060428;000000;133.1;139.75;133;138.45;992867;0
Газпрнефть;D;20060502;000000;139.08;143;138.5;142.88;923305;0
Газпрнефть;D;20060503;000000;142.94;145.26;141.05;142.1;1587243;0
Газпрнефть;D;20060504;000000;142.06;143;141.65;142.5;577135;0
Газпрнефть;D;20060505;000000;142.73;147.9;141.5;146.31;1258131;0
Газпрнефть;D;20060506;000000;147;147.97;142.55;144.4;1229403;0
Газпрнефть;D;20060510;000000;146.1;149.9;143;147.5;1602867;0
Газпрнефть;D;20060511;000000;147.64;151.49;143.73;148.55;1253940;0
Газпрнефть;D;20060512;000000;152.27;152.27;143.22;145.94;546568;0
Газпрнефть;D;20060515;000000;145.81;145.83;133.69;138;1127430;0
Газпрнефть;D;20060516;000000;138;143;136.65;142;2247162;0
Газпрнефть;D;20060517;000000;142.45;143.8;138.16;139;267923;0
Газпрнефть;D;20060518;000000;138;138;129;136.73;1034625;0
Газпрнефть;D;20060519;000000;136.89;138.73;132.07;134.41;374669;0
Газпрнефть;D;20060522;000000;135.5;137;116.3;124;1907646;0
Газпрнефть;D;20060523;000000;123.06;136.4;113.01;127.99;1576225;0
Газпрнефть;D;20060524;000000;130.45;130.45;116.1;120.3;1175991;0
Газпрнефть;D;20060525;000000;118.9;123.59;118.12;122.95;1280331;0
Газпрнефть;D;20060526;000000;124.99;131.8;122.51;129.99;4871616;0
Газпрнефть;D;20060529;000000;130;131;125.3;125.9;782976;0
Газпрнефть;D;20060530;000000;126.98;126.99;121.25;122.99;461511;0
Газпрнефть;D;20060531;000000;122.24;123.49;116.59;121;941213;0
Газпрнефть;D;20060601;000000;121.05;122.99;118.33;122.22;425775;0
Газпрнефть;D;20060602;000000;122.48;128.89;122.48;127.79;1242920;0
Газпрнефть;D;20060605;000000;130.03;130.03;125.01;127;1115433;0
Газпрнефть;D;20060606;000000;125.95;125.95;121;122.01;650706;0
Газпрнефть;D;20060607;000000;122.55;123.5;117.61;123.49;821862;0
Газпрнефть;D;20060608;000000;111.29;120.87;111.29;118;637873;0
Газпрнефть;D;20060609;000000;119.23;125.6;117.3;119.95;432025;0
Газпрнефть;D;20060613;000000;117.28;118.2;103.11;105;656821;0
Газпрнефть;D;20060614;000000;105;110;101.99;110;583731;0
Газпрнефть;D;20060615;000000;114.25;114.99;109;112.89;590822;0
Газпрнефть;D;20060616;000000;117;117;108.01;112.5;460400;0
Газпрнефть;D;20060619;000000;113;115.49;112.01;112.95;359508;0
Газпрнефть;D;20060620;000000;110;112.5;107.01;110.4;763813;0
Газпрнефть;D;20060621;000000;111.71;111.71;105.25;108.07;1427035;0
Газпрнефть;D;20060622;000000;109.27;112;104.5;105.52;759831;0
Газпрнефть;D;20060623;000000;105.04;106.4;103.24;104;230162;0
Газпрнефть;D;20060626;000000;104.5;108.17;102.7;103.49;396762;0
Газпрнефть;D;20060627;000000;104.25;106.8;103.14;105.81;555455;0
Газпрнефть;D;20060628;000000;107.88;115;103.2;107.9;530650;0
Газпрнефть;D;20060629;000000;109.99;110;106.9;108.45;260710;0
Газпрнефть;D;20060630;000000;110;112.63;110;111.71;1132348;0
Газпрнефть;D;20060703;000000;112.5;116.5;112;113.3;669814;0
Газпрнефть;D;20060704;000000;114.16;114.9;108.5;114;485394;0
Газпрнефть;D;20060705;000000;114;114;107;109.88;351975;0
Газпрнефть;D;20060706;000000;108.56;114.35;108.01;114;736397;0
Газпрнефть;D;20060707;000000;114.55;116;112.5;114.15;610407;0
Газпрнефть;D;20060710;000000;111.23;116;111.23;114.5;314120;0
Газпрнефть;D;20060711;000000;114.5;116.25;113.1;113.5;325421;0
Газпрнефть;D;20060712;000000;113.54;119.3;113.5;118.95;1062650;0
Газпрнефть;D;20060713;000000;118.01;122.99;113.6;116.5;1731797;0
Газпрнефть;D;20060714;000000;116.01;119.9;113.65;115;757137;0
Газпрнефть;D;20060717;000000;115;117.8;114.9;116.11;515414;0
Газпрнефть;D;20060718;000000;115.41;116.48;111.29;115.09;717205;0
Газпрнефть;D;20060719;000000;114.99;118.5;114.2;118.5;485921;0
Газпрнефть;D;20060720;000000;119.75;124.5;119.1;121.5;1415081;0
Газпрнефть;D;20060721;000000;115.75;121.5;115.75;118.85;289907;0
Газпрнефть;D;20060724;000000;124.12;124.12;118;120;291592;0
Газпрнефть;D;20060725;000000;121;122.46;118.8;119.1;640877;0
Газпрнефть;D;20060726;000000;118.95;120.4;115.95;116.33;1058777;0
Газпрнефть;D;20060727;000000;118.13;118.49;116;117.9;1569525;0
Газпрнефть;D;20060728;000000;117.97;117.97;114;115.3;1249218;0
Газпрнефть;D;20060731;000000;116;117.81;115.16;116.44;499379;0
Газпрнефть;D;20060801;000000;116.25;116.5;113.34;113.49;1492127;0
Газпрнефть;D;20060802;000000;113.96;114.72;113.25;114.4;589011;0
Газпрнефть;D;20060803;000000;114.89;115.5;113.22;114.38;760807;0
Газпрнефть;D;20060804;000000;114.88;117.02;114.02;115.3;965354;0
Газпрнефть;D;20060807;000000;115.3;116;114.25;114.81;1143330;0
Газпрнефть;D;20060808;000000;114.95;115.5;112;113.15;796506;0
Газпрнефть;D;20060809;000000;113.01;113.5;110.87;111.81;2270879;0
Газпрнефть;D;20060810;000000;111.95;112.62;110.11;111.25;828845;0
Газпрнефть;D;20060811;000000;111.25;112.5;111.05;111.9;619146;0
Газпрнефть;D;20060814;000000;112;113.4;110.98;111;764758;0
Газпрнефть;D;20060815;000000;111.93;111.93;108.6;110.76;1090804;0
Газпрнефть;D;20060816;000000;111.16;112.98;110.3;112.5;1388438;0
Газпрнефть;D;20060817;000000;112.5;115.88;111.37;114;2335649;0
Газпрнефть;D;20060818;000000;114;114.87;109.2;110.68;1108232;0
Газпрнефть;D;20060821;000000;111.06;114.47;111;113.5;1116980;0
Газпрнефть;D;20060822;000000;114.07;114.87;113.41;114.22;576734;0
Газпрнефть;D;20060823;000000;117.19;117.19;112.66;113.8;278052;0
Газпрнефть;D;20060824;000000;115.58;115.58;112.7;113.79;355606;0
Газпрнефть;D;20060825;000000;113.96;114.5;113.63;113.99;358637;0
Газпрнефть;D;20060828;000000;114.44;114.44;113.3;113.57;100614;0
Газпрнефть;D;20060829;000000;113.52;113.7;111.79;112.15;591368;0
Газпрнефть;D;20060830;000000;112.08;113.7;111.95;112.18;453789;0
Газпрнефть;D;20060831;000000;112.5;113.01;111.51;111.9;398203;0
Газпрнефть;D;20060901;000000;112.23;112.52;111.15;112.18;655499;0
Газпрнефть;D;20060904;000000;112.95;112.95;111.35;112.46;274607;0
Газпрнефть;D;20060905;000000;111.75;112.5;111.5;112.35;636412;0
Газпрнефть;D;20060906;000000;110.66;112.39;110.1;110.77;750174;0
Газпрнефть;D;20060907;000000;110.46;110.46;108;109.03;637290;0
Газпрнефть;D;20060908;000000;109.01;109.95;108.8;109.6;315337;0
Газпрнефть;D;20060911;000000;109.5;109.56;104.81;105.48;555744;0
Газпрнефть;D;20060912;000000;106.51;107.69;105.11;105.8;450395;0
Газпрнефть;D;20060913;000000;105;106.58;104.4;106.36;334134;0
Газпрнефть;D;20060914;000000;106.95;108.25;106.44;106.98;384718;0
Газпрнефть;D;20060915;000000;106.42;107;104.7;105.3;317509;0
Газпрнефть;D;20060918;000000;106;106.5;105.21;105.93;423836;0
Газпрнефть;D;20060919;000000;106.21;106.9;106;106.46;483068;0
Газпрнефть;D;20060920;000000;105;107;104.01;106.48;439022;0
Газпрнефть;D;20060921;000000;105.01;107.78;105.01;106.25;211716;0
Газпрнефть;D;20060922;000000;111.41;111.41;102;103.48;1234519;0
Газпрнефть;D;20060925;000000;102.97;102.97;92.2;96.4;2249494;0
Газпрнефть;D;20060926;000000;97.89;99.82;97.19;98.94;1054125;0
Газпрнефть;D;20060927;000000;99.95;105.03;99.02;103;1196106;0
Газпрнефть;D;20060928;000000;106.03;110.77;105.9;106.15;3307079;0
Газпрнефть;D;20060929;000000;106.35;107.01;103.2;105.5;2705922;0
Газпрнефть;D;20061002;000000;106;107.64;105.05;107.3;1147234;0
Газпрнефть;D;20061003;000000;105.75;108.55;104.06;107.48;1502973;0
Газпрнефть;D;20061004;000000;106.01;110.7;105.01;109.26;1210119;0
Газпрнефть;D;20061005;000000;111.5;113.3;109.22;111.5;2461140;0
Газпрнефть;D;20061006;000000;110.99;113.05;109.51;110.57;634076;0
Газпрнефть;D;20061009;000000;111.11;113.67;109.64;112.9;1595224;0
Газпрнефть;D;20061010;000000;112.85;113.75;112;112.77;2432155;0
Газпрнефть;D;20061011;000000;112.89;112.89;110.53;112.78;766140;0
Газпрнефть;D;20061012;000000;112.3;112.8;111.5;112.64;421540;0
Газпрнефть;D;20061013;000000;113.05;114.2;112.75;113.3;1005493;0
Газпрнефть;D;20061016;000000;113.89;114.01;112.96;113.2;646379;0
Газпрнефть;D;20061017;000000;113.97;114.25;113.02;113.36;771281;0
Газпрнефть;D;20061018;000000;113.36;113.95;113.01;113.7;401647;0
Газпрнефть;D;20061019;000000;113.65;113.65;112.51;112.71;462661;0
Газпрнефть;D;20061020;000000;113.9;113.9;110.37;111.22;1220658;0
Газпрнефть;D;20061023;000000;111.11;111.99;109.7;111.78;1067755;0
Газпрнефть;D;20061024;000000;112.2;112.2;110.07;110.86;441329;0
Газпрнефть;D;20061025;000000;111;112.12;110.4;112.12;466697;0
Газпрнефть;D;20061026;000000;113;113.76;112.3;112.7;773053;0
Газпрнефть;D;20061027;000000;113.2;113.2;111.11;112.36;384345;0
Газпрнефть;D;20061030;000000;112.75;112.75;108.5;109;605033;0
Газпрнефть;D;20061031;000000;108.73;111;108;110.85;365310;0
Газпрнефть;D;20061101;000000;110.85;112.8;110.6;112.35;406228;0
Газпрнефть;D;20061102;000000;110.98;112.5;110.23;110.98;218440;0
Газпрнефть;D;20061103;000000;111.01;112.75;110.45;112.75;307627;0
Газпрнефть;D;20061107;000000;113.75;115.2;112.8;113;1174218;0
Газпрнефть;D;20061108;000000;112.93;113.4;111.95;112.7;466574;0
Газпрнефть;D;20061109;000000;115.87;115.87;113.25;113.9;1343540;0
Газпрнефть;D;20061110;000000;113.48;114.42;112.7;113;1298509;0
Газпрнефть;D;20061113;000000;113.01;113.51;112.32;112.4;538669;0
Газпрнефть;D;20061114;000000;113.04;113.04;110.59;111;1303046;0
Газпрнефть;D;20061115;000000;111.1;113.3;110.6;112.76;1173460;0
Газпрнефть;D;20061116;000000;112;113;111;112.25;1610238;0
Газпрнефть;D;20061117;000000;111;111.35;109.07;110.66;937361;0
Газпрнефть;D;20061120;000000;110.83;111.24;107.73;108.28;1365866;0
Газпрнефть;D;20061121;000000;108.28;110.02;108.28;109.65;1152732;0
Газпрнефть;D;20061122;000000;110.67;110.69;108.5;108.67;523342;0
Газпрнефть;D;20061123;000000;108.68;109.37;108.5;109;171551;0
Газпрнефть;D;20061124;000000;106.27;110.95;106.27;109.6;1689363;0
Газпрнефть;D;20061127;000000;109.6;110.7;108.5;109.29;1043936;0
Газпрнефть;D;20061128;000000;109.19;109.5;105.26;107.01;4022562;0
Газпрнефть;D;20061129;000000;107.85;108.5;107.5;108.24;1243751;0
Газпрнефть;D;20061130;000000;108.72;108.9;107.83;108.1;1001964;0
Газпрнефть;D;20061201;000000;109.35;110.9;107.93;110;2732419;0
Газпрнефть;D;20061204;000000;111;111.68;109.82;111;1248571;0
Газпрнефть;D;20061205;000000;110.62;112.65;110.56;111.17;1517295;0
Газпрнефть;D;20061206;000000;111;112.35;111;111.95;537339;0
Газпрнефть;D;20061207;000000;111.48;112.2;111;111.29;413092;0
Газпрнефть;D;20061208;000000;111.25;111.5;110.81;111.24;299608;0
Газпрнефть;D;20061211;000000;111.11;115.5;109.85;113.35;4002395;0
Газпрнефть;D;20061212;000000;113.36;114;111.85;111.87;1235951;0
Газпрнефть;D;20061213;000000;111.77;112.1;110;111.26;1657647;0
Газпрнефть;D;20061214;000000;111.55;115.02;110.75;113.62;3892951;0
Газпрнефть;D;20061215;000000;113.89;114.43;113;114.03;1188353;0
Газпрнефть;D;20061218;000000;114.03;115.01;112.5;112.51;1375525;0
Газпрнефть;D;20061219;000000;111.98;112.41;109.34;111.2;2213069;0
Газпрнефть;D;20061220;000000;111.21;112.68;111.21;112.42;554959;0
Газпрнефть;D;20061221;000000;113;114.22;111.5;113.7;1623730;0
Газпрнефть;D;20061222;000000;113.6;115;112.99;114.7;1761866;0
Газпрнефть;D;20061225;000000;114.11;114.7;113.16;113.84;563965;0
Газпрнефть;D;20061226;000000;114.03;114.67;112.5;113.49;1022819;0
Газпрнефть;D;20061227;000000;113.01;119.15;112.5;117.37;3598262;0
Газпрнефть;D;20061228;000000;117.87;120.49;117.03;119.25;2456024;0
Газпрнефть;D;20061229;000000;118.99;120.34;118.34;119.99;817017;0
Газпрнефть;D;20070109;000000;112.36;116.8;112.36;114.68;1637547;0
Газпрнефть;D;20070110;000000;114.01;120;113;116.2;1711073;0
Газпрнефть;D;20070111;000000;116.09;117.39;113.52;116.25;1172679;0
Газпрнефть;D;20070112;000000;115.04;117.2;115.04;117.01;771015;0
Газпрнефть;D;20070115;000000;117.9;124.5;117.8;123.82;3683495;0
Газпрнефть;D;20070116;000000;123.78;126.9;121.51;123.39;7220614;0
Газпрнефть;D;20070117;000000;122.95;125.28;120.1;122.5;2498793;0
Газпрнефть;D;20070118;000000;125.02;126.97;122.6;124;1959734;0
Газпрнефть;D;20070119;000000;126.85;126.85;120.66;123.5;2322813;0
Газпрнефть;D;20070122;000000;125.01;127.01;124.21;125.2;2795344;0
Газпрнефть;D;20070123;000000;124.95;125.9;122.8;123.9;1034721;0
Газпрнефть;D;20070124;000000;125.07;125.87;121;122.1;861432;0
Газпрнефть;D;20070125;000000;123.94;123.94;121.17;121.75;1367173;0
Газпрнефть;D;20070126;000000;119.84;122;118.25;121;2436640;0
Газпрнефть;D;20070129;000000;122.01;122.01;117.67;118.25;1756695;0
Газпрнефть;D;20070130;000000;117.49;118.48;114.84;118;1732147;0
Газпрнефть;D;20070131;000000;118.5;120.12;117.5;118.33;2584246;0
Газпрнефть;D;20070201;000000;119.11;119.97;118.1;118.9;1078562;0
Газпрнефть;D;20070202;000000;117.88;119.06;92.7;117.58;665205;0
Газпрнефть;D;20070205;000000;118.3;118.5;117.21;118;575385;0
Газпрнефть;D;20070206;000000;117.58;119.1;117.3;118.88;1479816;0
Газпрнефть;D;20070207;000000;118.92;119.03;115.62;116.49;583647;0
Газпрнефть;D;20070208;000000;115.85;116.19;113.9;114.38;787096;0
Газпрнефть;D;20070209;000000;117.35;117.35;113.68;115.29;871850;0
Газпрнефть;D;20070212;000000;114.51;114.99;112;113.55;723546;0
Газпрнефть;D;20070213;000000;116.21;116.21;112.18;114.44;611713;0
Газпрнефть;D;20070214;000000;115;115;113.51;114.13;160283;0
Газпрнефть;D;20070215;000000;114.1;118.79;113.01;116.4;2080824;0
Газпрнефть;D;20070216;000000;116.26;118;116.01;118;519836;0
Газпрнефть;D;20070219;000000;118;119.35;115.52;116;703839;0
Газпрнефть;D;20070220;000000;116.01;117.46;115.18;115.5;199332;0
Газпрнефть;D;20070221;000000;116;117.33;115.55;115.99;218193;0
Газпрнефть;D;20070222;000000;117;118.8;116.2;118.3;639150;0
Газпрнефть;D;20070226;000000;118.75;119.1;116.49;116.98;1270066;0
Газпрнефть;D;20070227;000000;117;117;111.49;112.8;1321786;0
Газпрнефть;D;20070228;000000;111;111.89;105.62;110.5;788222;0
Газпрнефть;D;20070301;000000;109.93;111.41;104.21;106.96;754980;0
Газпрнефть;D;20070302;000000;106.98;107.98;101.99;104;900954;0
Газпрнефть;D;20070305;000000;99.15;101.19;95.11;101.15;580291;0
Газпрнефть;D;20070306;000000;101;103.17;100.57;101.77;866904;0
Газпрнефть;D;20070307;000000;103.1;104;101.01;102.37;361945;0
Газпрнефть;D;20070309;000000;103.79;104.69;102.52;102.9;959163;0
Газпрнефть;D;20070312;000000;104.75;104.75;101.5;102.47;682303;0
Газпрнефть;D;20070313;000000;102.49;103.9;101.09;101.84;553837;0
Газпрнефть;D;20070314;000000;98.01;101.89;96.13;100.45;1075913;0
Газпрнефть;D;20070315;000000;102.38;102.49;99.8;101.01;471567;0
Газпрнефть;D;20070316;000000;100.75;101.44;97.73;98.9;1562348;0
Газпрнефть;D;20070319;000000;100;100;98.32;99.21;1101792;0
Газпрнефть;D;20070320;000000;99.73;100;98.05;98.78;614750;0
Газпрнефть;D;20070321;000000;100.15;100.15;97.37;98.35;1132317;0
Газпрнефть;D;20070322;000000;99.8;101.78;99;100.15;2205457;0
Газпрнефть;D;20070323;000000;100.75;102.9;99.35;101.89;1833577;0
Газпрнефть;D;20070326;000000;102.68;103.88;102.5;103.28;1481266;0
Газпрнефть;D;20070327;000000;102.98;106.63;102.5;103.9;2821038;0
Газпрнефть;D;20070328;000000;104.5;106.15;103.2;105.23;1473170;0
Газпрнефть;D;20070329;000000;105.5;107.4;105.12;106.95;966895;0
Газпрнефть;D;20070330;000000;107.75;110.94;107.15;108.31;3324734;0
Газпрнефть;D;20070402;000000;111.99;111.99;107.73;108.49;1018032;0
Газпрнефть;D;20070403;000000;110.12;110.12;106.25;107.72;1237362;0
Газпрнефть;D;20070404;000000;108.5;110.99;104.65;105.15;4928696;0
Газпрнефть;D;20070405;000000;105.9;106.5;104.18;104.97;2375134;0
Газпрнефть;D;20070406;000000;105;105.99;104.3;105.3;740797;0
Газпрнефть;D;20070409;000000;107.65;107.65;104.51;104.7;1204288;0
Газпрнефть;D;20070410;000000;104.11;104.39;102.37;103.34;1609675;0
Газпрнефть;D;20070411;000000;103.51;105.24;103.34;103.46;1542015;0
Газпрнефть;D;20070412;000000;103.01;103.29;101.61;102;879427;0
Газпрнефть;D;20070413;000000;102.51;103.97;102.51;102.92;750653;0
Газпрнефть;D;20070416;000000;103.85;103.95;102.66;103.22;842603;0
Газпрнефть;D;20070417;000000;103;103;101.2;101.97;644897;0
Газпрнефть;D;20070418;000000;102;102;100.03;100.45;409074;0
Газпрнефть;D;20070419;000000;98.56;100;97.14;98.5;869460;0
Газпрнефть;D;20070420;000000;99.69;101.11;98.7;100.29;1484202;0
Газпрнефть;D;20070423;000000;101;101.49;100;100.45;2626812;0
Газпрнефть;D;20070424;000000;100.87;101.99;99.02;100.45;1060245;0
Газпрнефть;D;20070425;000000;100.01;100.61;99.02;100.1;810084;0
Газпрнефть;D;20070426;000000;100.6;100.75;98;98.4;1189275;0
Газпрнефть;D;20070427;000000;98.47;99.2;95.22;95.94;1251295;0
Газпрнефть;D;20070428;000000;96.5;97;95.52;96.95;296821;0
Газпрнефть;D;20070502;000000;96.9;96.97;95.81;96.28;154036;0
Газпрнефть;D;20070503;000000;96.89;96.89;95.1;95.35;531282;0
Газпрнефть;D;20070504;000000;96.48;96.48;95;95.41;597072;0
Газпрнефть;D;20070507;000000;95.48;95.95;94.52;95.1;217703;0
Газпрнефть;D;20070508;000000;94.62;95.46;94.14;94.46;284503;0
Газпрнефть;D;20070510;000000;94.84;94.98;93.03;93.1;407249;0
Газпрнефть;D;20070511;000000;92;92.99;91;91.89;974377;0
Газпрнефть;D;20070514;000000;93;94.9;91.51;93;783447;0
Газпрнефть;D;20070515;000000;92.38;92.92;90.97;91.72;1851295;0
Газпрнефть;D;20070516;000000;91.91;93.49;91.52;93.1;345810;0
Газпрнефть;D;20070517;000000;93.95;94.49;92.51;92.9;813688;0
Газпрнефть;D;20070518;000000;92.66;95.21;92.66;94.7;1183546;0
Газпрнефть;D;20070521;000000;95;95.98;93.51;94.25;1631371;0
Газпрнефть;D;20070522;000000;93;94.9;93;94.25;759767;0
Газпрнефть;D;20070523;000000;93.9;95.94;93.52;93.91;1144406;0
Газпрнефть;D;20070524;000000;93.01;95.45;91.1;95.22;842866;0
Газпрнефть;D;20070525;000000;93.65;99;93.6;98.86;2092683;0
Газпрнефть;D;20070528;000000;99;99.67;94.17;94.55;878790;0
Газпрнефть;D;20070529;000000;94.5;95.94;92.55;93.09;933900;0
Газпрнефть;D;20070530;000000;91.85;93.5;89.6;93.2;1201086;0
Газпрнефть;D;20070531;000000;94;95.75;93.6;95.1;550492;0
Газпрнефть;D;20070601;000000;95.8;97.59;94.55;97.4;852363;0
Газпрнефть;D;20070604;000000;96;98.7;95.56;97.17;1061585;0
Газпрнефть;D;20070605;000000;95.65;102.9;95.65;101.99;5943005;0
Газпрнефть;D;20070606;000000;102;103.99;101.47;103.19;4990411;0
Газпрнефть;D;20070607;000000;103;105.2;102.1;102.63;3384924;0
Газпрнефть;D;20070608;000000;101.5;102.6;100.5;102.25;1325205;0
Газпрнефть;D;20070609;000000;102.01;102.7;101.26;102.55;875690;0
Газпрнефть;D;20070613;000000;101.53;104.49;92.01;102.72;1061624;0
Газпрнефть;D;20070614;000000;102.72;104.56;102.67;104.23;692299;0
Газпрнефть;D;20070615;000000;105;105.49;102.3;103.78;974009;0
Газпрнефть;D;20070618;000000;106.94;106.94;103.81;104.5;2322245;0
Газпрнефть;D;20070619;000000;103.99;105.2;102.38;103.64;974127;0
Газпрнефть;D;20070620;000000;103.64;105.19;103.64;104.6;433488;0
Газпрнефть;D;20070621;000000;103.9;104.79;103.5;104.1;381958;0
Газпрнефть;D;20070622;000000;104.01;107.3;103.51;106.45;1663437;0
Газпрнефть;D;20070625;000000;104.96;106.2;104.81;105.4;434578;0
Газпрнефть;D;20070626;000000;108.3;108.3;105.1;105.37;379919;0
Газпрнефть;D;20070627;000000;105;105.3;103.33;103.33;476890;0
Газпрнефть;D;20070628;000000;104.4;104.99;102.8;103.76;601342;0
Газпрнефть;D;20070629;000000;104.5;107.2;103.88;104.28;2460612;0
Газпрнефть;D;20070702;000000;105;105.44;103.25;105;1021967;0
Газпрнефть;D;20070703;000000;105.5;107.5;105.2;106.78;1896605;0
Газпрнефть;D;20070704;000000;107;107.98;105.93;106.6;814186;0
Газпрнефть;D;20070705;000000;106.61;107.7;106.39;106.9;1269619;0
Газпрнефть;D;20070706;000000;106.98;107.98;106.3;106.89;1544572;0
Газпрнефть;D;20070709;000000;107.48;108.15;106.9;107.2;1791174;0
Газпрнефть;D;20070710;000000;107.34;107.37;105.13;105.4;416919;0
Газпрнефть;D;20070711;000000;105;106.15;104.56;105.96;377564;0
Газпрнефть;D;20070712;000000;105.98;107.21;105.98;107.19;2385388;0
Газпрнефть;D;20070713;000000;107.71;110;106.81;108.8;8115433;0
Газпрнефть;D;20070716;000000;109.27;109.27;107.5;108.07;1080022;0
Газпрнефть;D;20070717;000000;107.96;108.37;105.74;108.09;1195022;0
Газпрнефть;D;20070718;000000;107.54;109.17;106.5;108.21;3678980;0
Газпрнефть;D;20070719;000000;108.36;110.47;108.01;109.84;1312756;0
Газпрнефть;D;20070720;000000;109.95;110.7;108.77;109.6;921674;0
Газпрнефть;D;20070723;000000;108.31;111.11;108.31;110.2;854438;0
Газпрнефть;D;20070724;000000;109.98;110.39;108.12;108.12;1122925;0
Газпрнефть;D;20070725;000000;107;108.8;106.9;108.3;989082;0
Газпрнефть;D;20070726;000000;109;109.8;106.01;107.03;1171712;0
Газпрнефть;D;20070727;000000;105.5;106.5;104.34;105.32;3602251;0
Газпрнефть;D;20070730;000000;107;107;105.1;105.9;1088758;0
Газпрнефть;D;20070731;000000;105.95;108.1;105.95;106.6;540004;0
Газпрнефть;D;20070801;000000;105.88;106;103.7;104.08;1287719;0
Газпрнефть;D;20070802;000000;105;105.67;104.53;105.16;237149;0
Газпрнефть;D;20070803;000000;105.99;105.99;104.51;105.1;189864;0
Газпрнефть;D;20070806;000000;104.01;104.01;102.51;102.99;178921;0
Газпрнефть;D;20070807;000000;102.99;105;102.52;103.7;398260;0
Газпрнефть;D;20070808;000000;104.15;105.7;104.15;104.91;595882;0
Газпрнефть;D;20070809;000000;105.84;106;101.22;102.12;522083;0
Газпрнефть;D;20070810;000000;100.13;100.89;98.8;99.36;1136921;0
Газпрнефть;D;20070813;000000;100;101.22;100;100.48;767502;0
Газпрнефть;D;20070814;000000;100.1;100.5;98.97;99;852594;0
Газпрнефть;D;20070815;000000;98.72;98.8;96.7;97.4;2368547;0
Газпрнефть;D;20070816;000000;95.61;96.9;92.52;93.55;1952124;0
Газпрнефть;D;20070817;000000;93;94.94;91.65;94.79;2761593;0
Газпрнефть;D;20070820;000000;95.37;95.45;94.03;94.58;428997;0
Газпрнефть;D;20070821;000000;98.1;98.1;92.7;93.59;362527;0
Газпрнефть;D;20070822;000000;93.45;94.93;93;94.49;471761;0
Газпрнефть;D;20070823;000000;95.2;95.97;92.5;93.15;1834124;0
Газпрнефть;D;20070824;000000;93.22;94.37;92.8;93.8;407992;0
Газпрнефть;D;20070827;000000;95;95.05;93.6;94;353658;0
Газпрнефть;D;20070828;000000;94.78;94.9;93.54;94.44;419796;0
Газпрнефть;D;20070829;000000;94;94.84;93.52;94.75;212028;0
Газпрнефть;D;20070830;000000;95;96.85;94.13;94.22;585703;0
Газпрнефть;D;20070831;000000;95.08;97;94.71;96.96;744248;0
Газпрнефть;D;20070903;000000;96.93;97.45;96.4;96.8;482286;0
Газпрнефть;D;20070904;000000;97.36;97.38;96.05;96.4;503162;0
Газпрнефть;D;20070905;000000;96.81;97.54;95.5;95.65;494144;0
Газпрнефть;D;20070906;000000;95.67;96.87;95.38;96.49;330868;0
Газпрнефть;D;20070907;000000;97.31;97.31;93.52;94.4;409315;0
Газпрнефть;D;20070910;000000;94.14;94.35;93.03;94.08;364117;0
Газпрнефть;D;20070911;000000;94.51;95;93.9;94.9;157165;0
Газпрнефть;D;20070912;000000;95.11;96.01;94.4;94.9;415971;0
Газпрнефть;D;20070913;000000;95.51;96.8;94.91;96.45;139831;0
Газпрнефть;D;20070914;000000;97.49;97.62;95.48;96.9;1867427;0
Газпрнефть;D;20070917;000000;96.86;97.1;95.7;96.06;422294;0
Газпрнефть;D;20070918;000000;96.79;98.19;96.11;98.09;1437164;0
Газпрнефть;D;20070919;000000;99.99;101.28;98.66;101;2452576;0
Газпрнефть;D;20070920;000000;100.95;101;98.92;99.92;830983;0
Газпрнефть;D;20070921;000000;102.25;102.25;99.95;101.98;1230947;0
Газпрнефть;D;20070924;000000;101.99;103.9;100.54;102.8;1704505;0
Газпрнефть;D;20070925;000000;101.81;102.8;101.1;101.5;434179;0
Газпрнефть;D;20070926;000000;101.5;103.73;101.5;103.35;904783;0
Газпрнефть;D;20070927;000000;104.86;104.86;102.87;103.92;806039;0
Газпрнефть;D;20070928;000000;103.95;104.8;103.63;104.3;554436;0
Газпрнефть;D;20071001;000000;104.86;104.86;103;103.1;224411;0
Газпрнефть;D;20071002;000000;104;106.96;104;106.94;1238080;0
Газпрнефть;D;20071003;000000;105.46;107.25;104.53;104.97;1873793;0
Газпрнефть;D;20071004;000000;104.45;105.22;103.53;103.54;577198;0
Газпрнефть;D;20071005;000000;104.26;105.33;104;104.41;594145;0
Газпрнефть;D;20071008;000000;105.86;105.99;104.2;104.25;248060;0
Газпрнефть;D;20071009;000000;104.04;114.8;104.04;112.4;17023667;0
Газпрнефть;D;20071010;000000;113.5;118.01;112.5;113.19;9738638;0
Газпрнефть;D;20071011;000000;113.9;116.9;111.55;114.6;7302480;0
Газпрнефть;D;20071012;000000;113.1;116.49;111.6;116.08;4346398;0
Газпрнефть;D;20071015;000000;118.15;118.5;115.5;116.2;1909432;0
Газпрнефть;D;20071016;000000;116.2;117;114.2;114.22;1520809;0
Газпрнефть;D;20071017;000000;114.26;118.35;113.47;116.5;6123542;0
Газпрнефть;D;20071018;000000;117;117.6;114.1;114.97;1442183;0
Газпрнефть;D;20071019;000000;112.58;115.93;112.58;114.97;1157568;0
Газпрнефть;D;20071022;000000;111.81;113.68;111.61;113.2;2233047;0
Газпрнефть;D;20071023;000000;114.31;115.73;113.6;115.52;1220946;0
Газпрнефть;D;20071024;000000;115.01;117;114.65;114.94;1662252;0
Газпрнефть;D;20071025;000000;115.97;119.68;115.69;116.94;4356889;0
Газпрнефть;D;20071026;000000;118.7;119;116.5;118.67;2680318;0
Газпрнефть;D;20071029;000000;120;120.78;118.6;119.1;1597153;0
Газпрнефть;D;20071030;000000;118.84;120.64;118.05;119.4;1608806;0
Газпрнефть;D;20071031;000000;117.91;122;117.91;119.87;3171238;0
Газпрнефть;D;20071101;000000;120.94;122.75;118.75;119.79;3935381;0
Газпрнефть;D;20071102;000000;119;124;118.23;123;5011125;0
Газпрнефть;D;20071106;000000;124.28;127.35;123.74;125.89;5265291;0
Газпрнефть;D;20071107;000000;127.5;127.5;124.11;125.1;2616635;0
Газпрнефть;D;20071108;000000;123;126.18;122.09;126;2316913;0
Газпрнефть;D;20071109;000000;125.93;127.17;125;125.8;2449413;0
Газпрнефть;D;20071112;000000;124;127.5;123.2;126.64;1390337;0
Газпрнефть;D;20071113;000000;127;127.15;124.5;125.6;1303848;0
Газпрнефть;D;20071114;000000;125.61;127.98;125.61;127.89;1111605;0
Газпрнефть;D;20071115;000000;127.48;128.6;126.71;127.7;1156827;0
Газпрнефть;D;20071116;000000;125.99;128;125.11;126.21;1063340;0
Газпрнефть;D;20071119;000000;126.2;128.4;125.5;126;1940699;0
Газпрнефть;D;20071120;000000;127;127.57;125.9;127;1675304;0
Газпрнефть;D;20071121;000000;130.33;130.33;125.12;125.4;1348036;0
Газпрнефть;D;20071122;000000;126.81;126.81;122.15;123.5;1093833;0
Газпрнефть;D;20071123;000000;123.5;125;122.69;124.4;879761;0
Газпрнефть;D;20071126;000000;125.55;127.33;124.9;126.6;2833303;0
Газпрнефть;D;20071127;000000;126.04;127.18;125.24;125.8;801669;0
Газпрнефть;D;20071128;000000;129.5;129.5;125.11;125.9;744187;0
Газпрнефть;D;20071129;000000;126.15;126.79;125.94;126.5;1419278;0
Газпрнефть;D;20071130;000000;126.5;131.08;126.21;130.32;2546457;0
Газпрнефть;D;20071203;000000;130.95;137.07;129.12;133.07;4335149;0
Газпрнефть;D;20071204;000000;133.8;136.5;132.16;133.8;3142136;0
Газпрнефть;D;20071205;000000;134;136.43;133.85;135.79;2454142;0
Газпрнефть;D;20071206;000000;135.85;138.49;134;137.5;2142905;0
Газпрнефть;D;20071207;000000;141.44;141.65;137.6;140.85;3731468;0
Газпрнефть;D;20071210;000000;139;143.99;138.15;142.43;3094505;0
Газпрнефть;D;20071211;000000;143.5;145.95;142.75;143.51;2060519;0
Газпрнефть;D;20071212;000000;141.77;151.85;141.77;151;3347451;0
Газпрнефть;D;20071213;000000;151;157.79;149.5;151.05;7259171;0
Газпрнефть;D;20071214;000000;150.12;153.48;144.3;147.5;5950709;0
Газпрнефть;D;20071217;000000;146;148.7;144.31;147.51;3647872;0
Газпрнефть;D;20071218;000000;147.14;152.97;147.14;152.7;4124245;0
Газпрнефть;D;20071219;000000;152.7;157.91;149.38;156.5;11743649;0
Газпрнефть;D;20071220;000000;157.89;161.49;156.02;157.88;8020280;0
Газпрнефть;D;20071221;000000;159.01;162.3;157.25;157.9;5520065;0
Газпрнефть;D;20071224;000000;160.5;160.5;155.01;157.45;3897023;0
Газпрнефть;D;20071225;000000;157.25;158;150.35;151.18;3860766;0
Газпрнефть;D;20071226;000000;150.6;153;147.55;148.85;3429300;0
Газпрнефть;D;20071227;000000;154.12;154.12;145.26;150.3;5335696;0
Газпрнефть;D;20071228;000000;150;153.5;149.26;153;2121697;0
Газпрнефть;D;20080109;000000;154.5;159.38;153.15;156.35;2342777;0
Газпрнефть;D;20080110;000000;157.5;162.4;155.85;156;3699901;0
Газпрнефть;D;20080111;000000;156.05;156.95;152.63;153.64;1649167;0
Газпрнефть;D;20080114;000000;154;154.79;151;153.15;1774900;0
Газпрнефть;D;20080115;000000;154.15;154.49;148.66;149.7;2189844;0
Газпрнефть;D;20080116;000000;147.94;147.94;139.33;143.02;4067630;0
Газпрнефть;D;20080117;000000;140.07;148;136;146.89;4358385;0
Газпрнефть;D;20080118;000000;143.51;148.89;143.01;144;2341466;0
Газпрнефть;D;20080121;000000;143.17;143.33;130.05;130.94;1707003;0
Газпрнефть;D;20080122;000000;125;132.39;95;123;5132425;0
Газпрнефть;D;20080123;000000;129;130.47;121.25;122.06;2664376;0
Газпрнефть;D;20080124;000000;129.74;132.74;125.01;132;2136267;0
Газпрнефть;D;20080125;000000;134;141.44;133.54;139.6;3964294;0
Газпрнефть;D;20080128;000000;134.9;145;131.2;139.1;5333360;0
Газпрнефть;D;20080129;000000;144.42;145.8;141.55;142.71;2798424;0
Газпрнефть;D;20080130;000000;142.9;145.12;138.47;139.18;2586901;0
Газпрнефть;D;20080131;000000;138.75;141.75;129.3;132.23;3142666;0
Газпрнефть;D;20080201;000000;135;138.95;133.62;135.09;3335682;0
Газпрнефть;D;20080204;000000;137;139.35;131.05;131.8;1710488;0
Газпрнефть;D;20080205;000000;132.13;135;127.74;129.95;3735728;0
Газпрнефть;D;20080206;000000;125.06;130;123.48;129.51;2109932;0
Газпрнефть;D;20080207;000000;129.43;129.89;124.1;125.99;1241464;0
Газпрнефть;D;20080208;000000;126.5;128.75;121.86;124;1199190;0
Газпрнефть;D;20080211;000000;124.97;127.47;122.22;125.41;1218546;0
Газпрнефть;D;20080212;000000;126.52;129.95;126.52;129;1688729;0
Газпрнефть;D;20080213;000000;129.75;132.99;127;132.36;1852491;0
Газпрнефть;D;20080214;000000;136.01;154.28;136;142.4;8763040;0
Газпрнефть;D;20080215;000000;141.22;144.9;137.52;139.91;3255377;0
Газпрнефть;D;20080218;000000;141;143.1;140.03;142;1658470;0
Газпрнефть;D;20080219;000000;143.5;143.9;139.56;143.25;1302020;0
Газпрнефть;D;20080220;000000;142;142.42;138.5;140.01;1068051;0
Газпрнефть;D;20080221;000000;142.5;143.99;142;143.1;1762376;0
Газпрнефть;D;20080222;000000;141.5;145.49;140.6;143.6;3041822;0
Газпрнефть;D;20080226;000000;146;146;143.71;145;1142510;0
Газпрнефть;D;20080227;000000;146;146.7;142.49;142.9;2486045;0
Газпрнефть;D;20080228;000000;140.02;143;140.02;140.42;1136234;0
Газпрнефть;D;20080229;000000;140.4;150.8;139.1;150.38;6931024;0
Газпрнефть;D;20080303;000000;147.23;147.8;142.62;146.6;3491966;0
Газпрнефть;D;20080304;000000;146.6;148.99;144.44;144.72;1894007;0
Газпрнефть;D;20080305;000000;147.45;147.45;144.44;146.1;1142903;0
Газпрнефть;D;20080306;000000;147.5;148;145.27;146.51;912404;0
Газпрнефть;D;20080307;000000;144.95;145.99;142.9;145.29;811422;0
Газпрнефть;D;20080311;000000;146.05;148;144.14;147.9;2290286;0
Газпрнефть;D;20080312;000000;150;150.4;144.95;146.2;2503975;0
Газпрнефть;D;20080313;000000;145.42;145.42;142.65;143.2;993544;0
Газпрнефть;D;20080314;000000;143.95;144.98;139.7;140;1280574;0
Газпрнефть;D;20080317;000000;139;139;130.23;137.48;1113544;0
Газпрнефть;D;20080318;000000;138.25;140.69;135.3;136.98;1960978;0
Газпрнефть;D;20080319;000000;140.51;140.6;134.6;136.45;2069222;0
Газпрнефть;D;20080320;000000;134.7;136.5;131;132.2;1086002;0
Газпрнефть;D;20080321;000000;132.94;133.44;131.53;132.31;585954;0
Газпрнефть;D;20080324;000000;132.21;134.48;130.56;134.2;1151905;0
Газпрнефть;D;20080325;000000;135.37;135.37;130.1;130.3;1880228;0
Газпрнефть;D;20080326;000000;131;133.69;128.11;131.6;1546961;0
Газпрнефть;D;20080327;000000;131.99;136.21;130.27;134.47;2647279;0
Газпрнефть;D;20080328;000000;134.49;135.88;130.52;131.82;1640889;0
Газпрнефть;D;20080331;000000;132.22;132.94;129.7;132.3;968333;0
Газпрнефть;D;20080401;000000;133.01;136.35;131.89;134.3;2004925;0
Газпрнефть;D;20080402;000000;136;136;133.2;134.06;920975;0
Газпрнефть;D;20080403;000000;134.49;136;133.82;134;2832089;0
Газпрнефть;D;20080404;000000;134;134.79;133.51;134.59;452631;0
Газпрнефть;D;20080407;000000;135.9;138;134.7;136.28;2182101;0
Газпрнефть;D;20080408;000000;136;136.5;133.66;135.49;951519;0
Газпрнефть;D;20080409;000000;135;136.7;134.7;136.1;569228;0
Газпрнефть;D;20080410;000000;136.05;137;135.26;136.19;561075;0
Газпрнефть;D;20080411;000000;136.39;138.38;131.8;132.01;1663087;0
Газпрнефть;D;20080414;000000;130.86;132.84;128.81;130.15;882263;0
Газпрнефть;D;20080415;000000;132.5;132.5;130.55;131.5;1028284;0
Газпрнефть;D;20080416;000000;132.26;136;131.53;135.34;1488902;0
Газпрнефть;D;20080417;000000;136.53;137.9;134.09;134.09;1605096;0
Газпрнефть;D;20080418;000000;136.17;136.17;133.68;135;621706;0
Газпрнефть;D;20080421;000000;136.3;136.51;134.5;135.4;789473;0
Газпрнефть;D;20080422;000000;135.4;136.43;135.3;135.44;499440;0
Газпрнефть;D;20080423;000000;135.53;141.79;135.16;141.5;4072002;0
Газпрнефть;D;20080424;000000;142.56;145.93;140.42;142.9;5343750;0
Газпрнефть;D;20080425;000000;142.9;145;141.41;144.01;1727957;0
Газпрнефть;D;20080428;000000;144.5;145.97;143.05;144.51;1113342;0
Газпрнефть;D;20080429;000000;143.17;144.56;142.13;142.39;903579;0
Газпрнефть;D;20080430;000000;142.5;145.7;141.75;144.2;1674576;0
Газпрнефть;D;20080504;000000;145.25;146;143.21;144.44;471080;0
Газпрнефть;D;20080505;000000;144.07;144.47;141.01;142.79;541674;0
Газпрнефть;D;20080506;000000;142.8;146.74;142.8;146.5;3079045;0
Газпрнефть;D;20080507;000000;147.1;147.77;145.72;146.3;1737312;0
Газпрнефть;D;20080512;000000;149.4;152.88;148.77;150.1;3034154;0
Газпрнефть;D;20080513;000000;151;152.9;149.7;151.4;1879727;0
Газпрнефть;D;20080514;000000;153.5;163.99;152.23;163.6;9588568;0
Газпрнефть;D;20080515;000000;165;178;164.7;176.89;13032735;0
Газпрнефть;D;20080516;000000;171;175;167.66;170.5;6262144;0
Газпрнефть;D;20080519;000000;172.01;174.8;162.46;169.2;3329909;0
Газпрнефть;D;20080520;000000;169.09;169.5;163.3;164.55;2434439;0
Газпрнефть;D;20080521;000000;163;165.46;160.12;164;3963521;0
Газпрнефть;D;20080522;000000;165.92;170.5;162.55;164;4413787;0
Газпрнефть;D;20080523;000000;164.28;169.87;159.02;168.5;2731934;0
Газпрнефть;D;20080526;000000;168.49;170.9;166.82;170.5;2572412;0
Газпрнефть;D;20080527;000000;170.69;174.2;168.5;170;4055471;0
Газпрнефть;D;20080528;000000;168.99;169.99;166.25;169.4;1134143;0
Газпрнефть;D;20080529;000000;170.53;174.74;170.53;173.7;4055594;0
Газпрнефть;D;20080530;000000;172.85;177;170.61;176.98;2561853;0
Газпрнефть;D;20080602;000000;174.54;179.89;174.54;179.35;1952331;0
Газпрнефть;D;20080603;000000;178;182;177.1;179.64;1837415;0
Газпрнефть;D;20080604;000000;178;179.45;170.8;172.52;1957476;0
Газпрнефть;D;20080605;000000;171.85;177.9;169.49;177.9;1470324;0
Газпрнефть;D;20080606;000000;182;182.9;179.3;181.5;2094549;0
Газпрнефть;D;20080607;000000;179.94;183.89;178.55;181.1;1131759;0
Газпрнефть;D;20080609;000000;181.1;189.9;180.3;188;2111478;0
Газпрнефть;D;20080610;000000;185.87;186.94;180.33;182.18;2171423;0
Газпрнефть;D;20080611;000000;182;190.8;181.3;187.65;2697980;0
Газпрнефть;D;20080616;000000;188;190.99;186;190.1;985602;0
Газпрнефть;D;20080617;000000;189.91;189.98;188.2;189;734613;0
Газпрнефть;D;20080618;000000;189.95;190.76;187.25;187.43;1150376;0
Газпрнефть;D;20080619;000000;187.5;190.25;186.01;188.58;777883;0
Газпрнефть;D;20080620;000000;186.01;192.49;186.01;189.5;1420333;0
Газпрнефть;D;20080623;000000;189;191.69;186.5;188.93;1105263;0
Газпрнефть;D;20080624;000000;188.23;188.93;179.24;182.5;1989177;0
Газпрнефть;D;20080625;000000;181.24;186.39;180.5;181.77;927844;0
Газпрнефть;D;20080626;000000;181.04;184.9;179.51;180.94;1188457;0
Газпрнефть;D;20080627;000000;178;187.87;175.75;187.1;1576723;0
Газпрнефть;D;20080630;000000;187.13;190.99;185.37;187.98;1320697;0
Газпрнефть;D;20080701;000000;187.54;188.45;181.31;183.22;1190088;0
Газпрнефть;D;20080702;000000;184.14;188.68;182.1;187.9;1700515;0
Газпрнефть;D;20080703;000000;186.01;186.99;182.23;185.98;1228516;0
Газпрнефть;D;20080704;000000;186.06;187.69;176.56;177.3;1676633;0
Газпрнефть;D;20080707;000000;178.89;179.96;174.13;176;1256717;0
Газпрнефть;D;20080708;000000;173.3;177.82;172.3;175.3;1059929;0
Газпрнефть;D;20080709;000000;178.99;178.99;174;175;693148;0
Газпрнефть;D;20080710;000000;172.5;177.55;172.5;175.65;1130082;0
Газпрнефть;D;20080711;000000;177.53;178.44;170.6;171.2;801978;0
Газпрнефть;D;20080714;000000;172.25;183.31;171.66;182.04;813616;0
Газпрнефть;D;20080715;000000;179.04;185.6;177.01;184;1527891;0
Газпрнефть;D;20080716;000000;182.51;185.75;178.87;183.5;811754;0
Газпрнефть;D;20080717;000000;188.52;188.52;182;183.91;1046246;0
Газпрнефть;D;20080718;000000;183.46;184;179.12;180.03;418390;0
Газпрнефть;D;20080721;000000;180.03;182;174.26;181.8;986775;0
Газпрнефть;D;20080722;000000;183;185.29;178.85;179;1694539;0
Газпрнефть;D;20080723;000000;179.53;180.57;174.38;175;701012;0
Газпрнефть;D;20080724;000000;174.94;175.35;173;174.39;407569;0
Газпрнефть;D;20080725;000000;170.8;172.97;157.5;158;1476807;0
Газпрнефть;D;20080728;000000;164;169.6;153.53;154.23;724915;0
Газпрнефть;D;20080729;000000;154;157;145;145.5;1011532;0
Газпрнефть;D;20080730;000000;147.39;147.75;141.26;147;1834774;0
Газпрнефть;D;20080731;000000;149.69;152.79;145.45;148.25;1444857;0
Газпрнефть;D;20080801;000000;144.13;150;144.13;147.9;558844;0
Газпрнефть;D;20080804;000000;151.27;155.99;146.65;149.9;1411570;0
Газпрнефть;D;20080805;000000;149.45;149.45;138.8;139.8;881629;0
Газпрнефть;D;20080806;000000;142.74;142.74;135.7;139.8;727592;0
Газпрнефть;D;20080807;000000;140;142.9;138.6;139.01;676951;0
Газпрнефть;D;20080808;000000;136.25;139.77;129;130.5;724206;0
Газпрнефть;D;20080811;000000;130.5;136;121;133.69;808015;0
Газпрнефть;D;20080812;000000;133.69;139.5;132;137.6;878547;0
Газпрнефть;D;20080813;000000;137.01;139.97;133.99;135;771367;0
Газпрнефть;D;20080814;000000;134.76;139.4;134.76;137.72;449423;0
Газпрнефть;D;20080815;000000;141.29;142;136.51;140.55;294483;0
Газпрнефть;D;20080818;000000;140.95;140.95;138.7;139.6;277662;0
Газпрнефть;D;20080819;000000;137.07;137.5;130;132.15;705833;0
Газпрнефть;D;20080820;000000;132.28;135.87;131.19;132.49;443112;0
Газпрнефть;D;20080821;000000;133.27;134;130.4;131.39;782036;0
Газпрнефть;D;20080822;000000;133;133.65;128.01;128.25;454477;0
Газпрнефть;D;20080825;000000;127;127;121.3;121.8;435708;0
Газпрнефть;D;20080826;000000;118.27;121.49;115.02;118.3;977845;0
Газпрнефть;D;20080827;000000;120.1;120.88;113.4;115.67;931963;0
Газпрнефть;D;20080828;000000;116.52;119.9;111;117.7;1806108;0
Газпрнефть;D;20080829;000000;118.16;118.16;112.8;115.56;1789153;0
Газпрнефть;D;20080901;000000;115;119.53;114.42;118.56;1289646;0
Газпрнефть;D;20080902;000000;118.04;122.5;116;121.3;1094573;0
Газпрнефть;D;20080903;000000;119.75;122.34;117.44;117.99;794512;0
Газпрнефть;D;20080904;000000;117.97;121.3;116;116.02;670023;0
Газпрнефть;D;20080905;000000;113;116;107.66;115;1029234;0
Газпрнефть;D;20080908;000000;118.2;120;116;117.2;672920;0
Газпрнефть;D;20080909;000000;116;117;110;110.31;1507261;0
Газпрнефть;D;20080910;000000;107.35;113;99.2;104.01;2433514;0
Газпрнефть;D;20080911;000000;103.51;107.98;102.1;103;1680326;0
Газпрнефть;D;20080912;000000;104.1;111;103.7;110.72;589399;0
Газпрнефть;D;20080915;000000;105;110;102.01;106.75;800614;0
Газпрнефть;D;20080916;000000;103.9;105.8;96.1;98.01;2052418;0
Газпрнефть;D;20080917;000000;99.5;103.83;92.7;95;172995;0
Газпрнефть;D;20080919;000000;100;116.49;100;111.01;1448889;0
Газпрнефть;D;20080922;000000;116.28;118;104.02;115.6;1974312;0
Газпрнефть;D;20080923;000000;108.05;116.5;108.05;116.21;439964;0
Газпрнефть;D;20080924;000000;116.21;119.95;111.01;118;632956;0
Газпрнефть;D;20080925;000000;118;122.45;115.02;122.39;427059;0
Газпрнефть;D;20080926;000000;122.3;123.68;117.05;119.85;360595;0
Газпрнефть;D;20080929;000000;117.99;117.99;113.5;117.5;437075;0
Газпрнефть;D;20080930;000000;106;111.99;101;109.9;2690659;0
Газпрнефть;D;20081001;000000;112.05;117.13;106;109;1531807;0
Газпрнефть;D;20081002;000000;107.65;109;101.58;102.99;836844;0
Газпрнефть;D;20081003;000000;100.05;104.49;96.99;98;1120022;0
Газпрнефть;D;20081006;000000;93;95;77;79.5;906674;0
Газпрнефть;D;20081007;000000;85;90;68.4;73.4;1515437;0
Газпрнефть;D;20081008;000000;68.25;69.8;55;60.6;214393;0
Газпрнефть;D;20081009;000000;61.3;70.99;61.3;65;1000696;0
Газпрнефть;D;20081013;000000;64.95;67.8;56;57.2;1144628;0
Газпрнефть;D;20081014;000000;64.91;66.5;53.51;57.99;7561848;0
Газпрнефть;D;20081015;000000;55.95;56.99;51.01;52.1;1392356;0
Газпрнефть;D;20081016;000000;48.95;48.95;42.13;43.79;2304377;0
Газпрнефть;D;20081017;000000;45.06;46.85;40;43.22;1952017;0
Газпрнефть;D;20081020;000000;44.35;47.28;43.67;46.65;991675;0
Газпрнефть;D;20081021;000000;45.67;50.48;45.67;48.21;1515837;0
Газпрнефть;D;20081022;000000;46.95;47;45.1;46.24;643769;0
Газпрнефть;D;20081023;000000;44.5;46.05;43.15;45.19;784752;0
Газпрнефть;D;20081024;000000;42.31;45.2;35.02;40.15;653763;0
Газпрнефть;D;20081028;000000;40.75;43.6;38.2;42.91;414240;0
Газпрнефть;D;20081029;000000;45;49.49;44.06;48.56;1010782;0
Газпрнефть;D;20081030;000000;49.5;60.25;49.21;57;2667145;0
Газпрнефть;D;20081031;000000;55;64.5;47.92;61.4;2235063;0
Газпрнефть;D;20081101;000000;62.49;67.8;62.49;66.7;810194;0
Газпрнефть;D;20081105;000000;72.45;90;67.03;71;1690775;0
Газпрнефть;D;20081106;000000;66.6;67;60.12;62.2;1077725;0
Газпрнефть;D;20081107;000000;61;66;58.2;66;911626;0
Газпрнефть;D;20081110;000000;69;78.7;69;70;1212969;0
Газпрнефть;D;20081111;000000;66.75;69.3;58.13;59.3;882787;0
Газпрнефть;D;20081113;000000;56.37;57.29;47.22;53.56;1752269;0
Газпрнефть;D;20081114;000000;58.94;61.99;52.51;52.53;1035129;0
Газпрнефть;D;20081117;000000;55.49;55.49;48.01;49.61;1247661;0
Газпрнефть;D;20081118;000000;47.57;52.98;45.25;51.74;1042884;0
Газпрнефть;D;20081119;000000;52;52.4;47.8;50.76;784086;0
Газпрнефть;D;20081120;000000;45.07;47.85;43.41;45.49;1490568;0
Газпрнефть;D;20081121;000000;46.99;48.59;45.31;46.01;976323;0
Газпрнефть;D;20081124;000000;47;53.99;47;52.73;999335;0
Газпрнефть;D;20081125;000000;55;56.9;53.01;53.58;1127928;0
Газпрнефть;D;20081126;000000;53.59;54.88;52.01;53.71;398442;0
Газпрнефть;D;20081127;000000;55.61;58.99;54.93;56.85;1306392;0
Газпрнефть;D;20081128;000000;57.35;59.97;55.5;56.58;1007583;0
Газпрнефть;D;20081201;000000;56.3;56.35;50.33;50.53;666656;0
Газпрнефть;D;20081202;000000;48;52.85;46.15;52.48;881979;0
Газпрнефть;D;20081203;000000;52.99;55.98;50.5;53.97;419266;0
Газпрнефть;D;20081204;000000;51.04;55.25;51.04;53.63;483405;0
Газпрнефть;D;20081205;000000;51.5;53.19;50.66;50.66;367731;0
Газпрнефть;D;20081208;000000;53.5;55;51.2;54.3;3394911;0
Газпрнефть;D;20081209;000000;54.04;54.45;51.88;52.45;1393687;0
Газпрнефть;D;20081210;000000;52.9;56.05;52.6;55.75;1389500;0
Газпрнефть;D;20081211;000000;56;62.02;55.58;60.6;4006119;0
Газпрнефть;D;20081212;000000;58;65;57.9;60.66;5051199;0
Газпрнефть;D;20081215;000000;63.62;67;63.3;65.9;3824473;0
Газпрнефть;D;20081216;000000;65.11;68.85;64.65;66.8;3655923;0
Газпрнефть;D;20081217;000000;68.3;68.9;66.02;66.35;2923711;0
Газпрнефть;D;20081218;000000;65;65.1;60.6;61.69;2042213;0
Газпрнефть;D;20081219;000000;60.95;62.3;57.67;61.69;1820181;0
Газпрнефть;D;20081222;000000;62.15;64.2;60.12;62.67;1246818;0
Газпрнефть;D;20081223;000000;60.73;65.97;60.73;64.3;2046262;0
Газпрнефть;D;20081224;000000;64.45;65.75;61.2;62;1386193;0
Газпрнефть;D;20081225;000000;61.94;61.94;58.6;59.5;810921;0
Газпрнефть;D;20081226;000000;60.03;61.8;56.13;58;1046912;0
Газпрнефть;D;20081229;000000;59.46;63.25;58.6;62;2223366;0
Газпрнефть;D;20081230;000000;62;63.96;60.31;62.97;1271642;0
Газпрнефть;D;20081231;000000;63.94;63.94;59.02;62.42;247326;0
Газпрнефть;D;20090111;000000;65.4;65.9;63;64.3;818395;0
Газпрнефть;D;20090112;000000;64;67.49;63.7;65.9;1316764;0
Газпрнефть;D;20090113;000000;64.8;66.8;63.8;66.09;1342725;0
Газпрнефть;D;20090114;000000;66.75;67.93;62;62.1;2123891;0
Газпрнефть;D;20090115;000000;61.41;64.97;60.4;63.23;1891160;0
Газпрнефть;D;20090116;000000;64.94;66.25;63.51;63.77;1260825;0
Газпрнефть;D;20090119;000000;59.9;65.4;59.9;62.01;708670;0
Газпрнефть;D;20090120;000000;62.01;63;59.08;61.65;592928;0
Газпрнефть;D;20090121;000000;60;65.1;59.26;63.99;917830;0
Газпрнефть;D;20090122;000000;65.5;65.5;60.15;60.92;914528;0
Газпрнефть;D;20090123;000000;60.92;62;58.01;61;666376;0
Газпрнефть;D;20090126;000000;63.68;65;61.23;64.64;1339165;0
Газпрнефть;D;20090127;000000;65.25;67.3;63.01;65.13;1524481;0
Газпрнефть;D;20090128;000000;66;67.99;65;67.55;1036952;0
Газпрнефть;D;20090129;000000;66.6;68.75;65.61;67.61;875323;0
Газпрнефть;D;20090130;000000;67.09;75.6;66.4;73.42;2332186;0
Газпрнефть;D;20090202;000000;70.75;78;70;74.59;1852644;0
Газпрнефть;D;20090203;000000;75;76.8;74.3;75.51;655930;0
Газпрнефть;D;20090204;000000;77.24;77.24;75.15;75.91;807203;0
Газпрнефть;D;20090205;000000;75;76.3;72.12;75;878209;0
Газпрнефть;D;20090206;000000;76.03;81.98;75.62;81.39;1153055;0
Газпрнефть;D;20090209;000000;80.6;85.86;80;83.99;1345310;0
Газпрнефть;D;20090210;000000;83;88.67;81.8;88.05;1598613;0
Газпрнефть;D;20090211;000000;86;90.9;85.05;87.5;2014851;0
Газпрнефть;D;20090212;000000;87.4;87.8;83;84.09;1442887;0
Газпрнефть;D;20090213;000000;85.94;86.66;84.54;86.2;808975;0
Газпрнефть;D;20090216;000000;86.4;87.81;82.11;82.84;702055;0
Газпрнефть;D;20090217;000000;81.64;81.64;73.05;75;1035279;0
Газпрнефть;D;20090218;000000;75;76;68.39;70.89;1985069;0
Газпрнефть;D;20090219;000000;72.84;75.3;71.28;73.11;1217990;0
Газпрнефть;D;20090220;000000;73.2;75.79;71.1;71.71;929958;0
Газпрнефть;D;20090224;000000;71.46;72;66.26;70.23;1136426;0
Газпрнефть;D;20090225;000000;72;72.77;70.15;70.25;1029007;0
Газпрнефть;D;20090226;000000;71.97;80.74;71.55;80.74;2509012;0
Газпрнефть;D;20090227;000000;79;81.88;75.56;78.35;2456844;0
Газпрнефть;D;20090302;000000;76.65;78.68;74.69;75.28;1164191;0
Газпрнефть;D;20090303;000000;73;76.35;72.28;75;1537091;0
Газпрнефть;D;20090304;000000;76;79.5;75.97;78.85;1969762;0
Газпрнефть;D;20090305;000000;79.45;79.93;75.75;76.47;940991;0
Газпрнефть;D;20090306;000000;75.5;78.99;75;78.99;1117216;0
Газпрнефть;D;20090310;000000;80;86.45;79.8;86.05;3137591;0
Газпрнефть;D;20090311;000000;87.08;87.08;82.16;83.58;2507928;0
Газпрнефть;D;20090312;000000;82;82.5;78.42;80.49;1506817;0
Газпрнефть;D;20090313;000000;83.57;85.2;80.85;81.3;2027397;0
Газпрнефть;D;20090316;000000;80.56;81.79;77.52;80.98;1726445;0
Газпрнефть;D;20090317;000000;81.63;83.65;80.56;83.56;1589173;0
Газпрнефть;D;20090318;000000;84.9;85.25;80.1;80.54;1243316;0
Газпрнефть;D;20090319;000000;82;84.22;82;83.46;1550537;0
Газпрнефть;D;20090320;000000;83.75;85;81.4;84.45;1662205;0
Газпрнефть;D;20090323;000000;86.01;92;86.01;91.35;3089263;0
Газпрнефть;D;20090324;000000;93.02;93.7;84;86.36;2367659;0
Газпрнефть;D;20090325;000000;91;112;90.11;98.5;23364579;0
Газпрнефть;D;20090326;000000;102;103;92.8;93.44;5934911;0
Газпрнефть;D;20090327;000000;94.63;94.63;86.71;89;2772953;0
Газпрнефть;D;20090330;000000;86.06;86.24;80;80.89;2387455;0
Газпрнефть;D;20090331;000000;81;88.55;80.53;83.89;3897264;0
Газпрнефть;D;20090401;000000;83.65;84.49;81.03;84;1860956;0
Газпрнефть;D;20090402;000000;86.5;88.15;84.55;87.8;2968041;0
Газпрнефть;D;20090403;000000;87.65;89.36;85.75;87.2;2522325;0
Газпрнефть;D;20090406;000000;89.85;94.14;88.06;89.92;4216971;0
Газпрнефть;D;20090407;000000;91;94.85;89.34;90.7;5570465;0
Газпрнефть;D;20090408;000000;89;92;87.3;91.74;3158178;0
Газпрнефть;D;20090409;000000;93.5;95;91.6;94.03;4400611;0
Газпрнефть;D;20090410;000000;94.99;94.99;91.77;93;1381318;0
Газпрнефть;D;20090413;000000;94;94;89.08;89.09;1010510;0
Газпрнефть;D;20090414;000000;89.1;92.5;88.11;90.7;2381762;0
Газпрнефть;D;20090415;000000;89.5;93.15;88.51;93.09;2713356;0
Газпрнефть;D;20090416;000000;93.15;94.34;90.81;92.3;2201929;0
Газпрнефть;D;20090417;000000;93;93.49;92.24;92.81;1438095;0
Газпрнефть;D;20090420;000000;92.7;92.72;84.4;85.95;1778004;0
Газпрнефть;D;20090421;000000;83.96;88.44;83.96;87.07;1388174;0
Газпрнефть;D;20090422;000000;88;89.39;87.02;88.7;984249;0
Газпрнефть;D;20090423;000000;88;92.8;87.72;91.91;2259345;0
Газпрнефть;D;20090424;000000;92.22;92.38;90.4;91.03;1433573;0
Газпрнефть;D;20090427;000000;90.5;90.5;86.65;87.58;1924802;0
Газпрнефть;D;20090428;000000;87.44;87.44;84.35;85.61;1214112;0
Газпрнефть;D;20090429;000000;86;87.99;84.7;87.96;1998092;0
Газпрнефть;D;20090430;000000;89.17;90.4;87.96;88.74;2094730;0
Газпрнефть;D;20090504;000000;90.85;93.52;90.5;93.38;2489513;0
Газпрнефть;D;20090505;000000;94.3;94.3;90;92.07;1612865;0
Газпрнефть;D;20090506;000000;91;95.2;90.21;93.99;2601700;0
Газпрнефть;D;20090507;000000;95.93;99.5;95.2;95.2;3558875;0
Газпрнефть;D;20090508;000000;97;97.3;95.22;96.49;1570267;0
Газпрнефть;D;20090512;000000;95.15;101.4;95.15;99.7;4380640;0
Газпрнефть;D;20090513;000000;101.47;103.48;92.2;94.56;5639866;0
Газпрнефть;D;20090514;000000;92.79;95.5;91.15;95.48;1753289;0
Газпрнефть;D;20090515;000000;97.72;99.42;95.51;98.99;5827773;0
Газпрнефть;D;20090518;000000;93;95.88;92.52;95.68;3060462;0
Газпрнефть;D;20090519;000000;97.9;98.47;93.52;95.35;3057907;0
Газпрнефть;D;20090520;000000;95.35;101.37;94.02;100.95;5482787;0
Газпрнефть;D;20090521;000000;99.62;100;95.66;95.87;2292322;0
Газпрнефть;D;20090522;000000;96;100.79;95;99.17;2481503;0
Газпрнефть;D;20090525;000000;99.63;101.7;98.03;99.34;2218001;0
Газпрнефть;D;20090526;000000;99.26;101.01;95.8;99.37;1774426;0
Газпрнефть;D;20090527;000000;101;101.8;99.55;100.8;1460347;0
Газпрнефть;D;20090528;000000;100;104;99.16;102.8;2049066;0
Газпрнефть;D;20090529;000000;104.84;107.25;103.5;105.32;2660083;0
Газпрнефть;D;20090601;000000;108.49;109.98;106.5;109.17;2179624;0
Газпрнефть;D;20090602;000000;108.06;109;103.61;107.16;2920130;0
Газпрнефть;D;20090603;000000;107.5;108.46;102.03;104.53;2566462;0
Газпрнефть;D;20090604;000000;106;108.67;104.26;107;2385987;0
Газпрнефть;D;20090605;000000;109.5;115;107.71;110.51;1716547;0
Газпрнефть;D;20090608;000000;109.01;110.99;108.01;108.53;609648;0
Газпрнефть;D;20090609;000000;110;110.94;106;107.21;1047516;0
Газпрнефть;D;20090610;000000;107.9;110.5;107.7;109.15;1079307;0
Газпрнефть;D;20090611;000000;109.22;110.65;107.7;108.33;502820;0
Газпрнефть;D;20090615;000000;107;109;104.2;105;1204604;0
Газпрнефть;D;20090616;000000;103.89;107.5;103.89;105.7;1049721;0
Газпрнефть;D;20090617;000000;102.65;105.51;101.07;103.1;965220;0
Газпрнефть;D;20090618;000000;104.01;105.34;99.15;105.18;1583089;0
Газпрнефть;D;20090619;000000;105.88;112.5;103.03;111.05;2003414;0
Газпрнефть;D;20090622;000000;105.72;109.95;105.72;106;1378982;0
Газпрнефть;D;20090623;000000;104.17;105.5;96.4;98.19;2508700;0
Газпрнефть;D;20090624;000000;102.6;102.7;98.61;101;1577727;0
Газпрнефть;D;20090625;000000;101;101.48;91.11;100;1091882;0
Газпрнефть;D;20090626;000000;102;102.82;98.3;99.7;1337717;0
Газпрнефть;D;20090629;000000;99.55;102;98.01;102;976836;0
Газпрнефть;D;20090630;000000;103.46;105.51;97;97.99;1756218;0
Газпрнефть;D;20090701;000000;99.76;100.9;96.71;99;2895956;0
Газпрнефть;D;20090702;000000;98.05;99.74;95.8;96.9;1536865;0
Газпрнефть;D;20090703;000000;97;97.9;94.12;96.79;629268;0
Газпрнефть;D;20090706;000000;95.7;96;91.39;91.5;910053;0
Газпрнефть;D;20090707;000000;92.71;96;91.62;92.05;1147053;0
Газпрнефть;D;20090708;000000;90.11;92.39;89.5;91.22;982081;0
Газпрнефть;D;20090709;000000;91.5;92.98;87.52;88.51;972243;0
Газпрнефть;D;20090710;000000;88.97;89.75;85.35;86.87;788901;0
Газпрнефть;D;20090713;000000;85.78;89.48;83.58;87.7;842551;0
Газпрнефть;D;20090714;000000;89.56;90.3;88.39;88.85;689574;0
Газпрнефть;D;20090715;000000;89.73;93.98;89.35;92.97;1416439;0
Газпрнефть;D;20090716;000000;94.95;94.95;91.6;93.16;1158717;0
Газпрнефть;D;20090717;000000;93.14;97.29;92.77;96.31;1252798;0
Газпрнефть;D;20090720;000000;98.45;99.39;97.01;97.59;969813;0
Газпрнефть;D;20090721;000000;98.67;101;96.3;101;1330353;0
Газпрнефть;D;20090722;000000;99.1;101.33;97.95;99;615147;0
Газпрнефть;D;20090723;000000;100;102.87;99.48;102.87;714610;0
Газпрнефть;D;20090724;000000;104.42;104.8;101.41;104.52;1367956;0
Газпрнефть;D;20090727;000000;105.75;107.7;104.33;104.6;1124509;0
Газпрнефть;D;20090728;000000;105.93;107.61;103.12;107;2003026;0
Газпрнефть;D;20090729;000000;107;107.9;105;105.7;1443278;0
Газпрнефть;D;20090730;000000;105.71;108.99;105.4;108.6;2060268;0
Газпрнефть;D;20090731;000000;108.99;108.99;106.05;108.41;1216628;0
Газпрнефть;D;20090803;000000;108.99;112.3;108.99;112;1056566;0
Газпрнефть;D;20090804;000000;112;112.4;108;111;908003;0
Газпрнефть;D;20090805;000000;111.95;115;109.01;110.8;1234162;0
Газпрнефть;D;20090806;000000;111;114.74;110.5;112.57;1105452;0
Газпрнефть;D;20090807;000000;113.9;118.77;109.5;116.64;1048706;0
Газпрнефть;D;20090810;000000;116.64;116.98;114.02;114.5;1018122;0
Газпрнефть;D;20090811;000000;115.52;116.5;111.25;111.6;950929;0
Газпрнефть;D;20090812;000000;111.75;113.8;109.65;113.65;1021823;0
Газпрнефть;D;20090813;000000;114.35;117.8;114.08;115.7;807389;0
Газпрнефть;D;20090814;000000;117;122.04;116.16;117.68;1702960;0
Газпрнефть;D;20090817;000000;114.54;114.8;111.28;111.47;875228;0
Газпрнефть;D;20090818;000000;113.54;114.75;111.11;111.9;643686;0
Газпрнефть;D;20090819;000000;113;114.55;111.2;114.51;496276;0
Газпрнефть;D;20090820;000000;114.73;118.75;114.73;118.48;912789;0
Газпрнефть;D;20090821;000000;116.31;120.5;116.31;120.4;1335249;0
Газпрнефть;D;20090824;000000;121.94;122.5;118.75;120.06;1771987;0
Газпрнефть;D;20090825;000000;120.08;121.39;117.25;118.75;1613920;0
Газпрнефть;D;20090826;000000;118.11;118.75;115.12;116.95;773348;0
Газпрнефть;D;20090827;000000;115.48;117.3;112.5;113.35;544427;0
Газпрнефть;D;20090828;000000;114.99;116.03;113.5;115.2;857229;0
Газпрнефть;D;20090831;000000;113.4;114.8;113.06;114.73;367627;0
Газпрнефть;D;20090901;000000;115.5;116.99;114.17;116.1;581233;0
Газпрнефть;D;20090902;000000;113.15;114.15;110.41;111.31;566741;0
Газпрнефть;D;20090903;000000;112.78;113.9;111.14;111.9;565251;0
Газпрнефть;D;20090904;000000;112.79;115.78;110.93;111.5;833027;0
Газпрнефть;D;20090907;000000;111.88;116.35;111.6;116.3;811460;0
Газпрнефть;D;20090908;000000;116.44;121.21;115.61;120.5;1577110;0
Газпрнефть;D;20090909;000000;120;122;117.04;119.64;2199104;0
Газпрнефть;D;20090910;000000;121;123.5;118.75;122.83;1398487;0
Газпрнефть;D;20090911;000000;123.85;124.79;120.69;121;883671;0
Газпрнефть;D;20090914;000000;117.19;123.6;116.62;121.11;1267772;0
Газпрнефть;D;20090915;000000;121.14;125.7;121.14;125.7;1138463;0
Газпрнефть;D;20090916;000000;129.01;130.23;126.06;129.53;1208272;0
Газпрнефть;D;20090917;000000;130;134.8;126.26;128.21;872299;0
Газпрнефть;D;20090918;000000;128;128;124.42;125.41;713072;0
Газпрнефть;D;20090921;000000;125.51;125.75;120.14;121.41;736756;0
Газпрнефть;D;20090922;000000;122.01;125.5;122.01;125;575793;0
Газпрнефть;D;20090923;000000;125.53;126.42;123.77;125.01;1077790;0
Газпрнефть;D;20090924;000000;124.01;127.5;122;123.02;904596;0
Газпрнефть;D;20090925;000000;123;125.94;122.01;123.49;718202;0
Газпрнефть;D;20090928;000000;120.34;125.9;120.34;125.61;359876;0
Газпрнефть;D;20090929;000000;127.01;127.01;124.22;126.51;522426;0
Газпрнефть;D;20090930;000000;127.01;127.15;124.5;126.01;589255;0
Газпрнефть;D;20091001;000000;127.5;131;126.05;130.11;600787;0
Газпрнефть;D;20091002;000000;127.62;130;125.21;128.26;1242515;0
Газпрнефть;D;20091005;000000;128.18;132.38;127.76;129;1330416;0
Газпрнефть;D;20091006;000000;130.9;140.5;129.14;140.19;2784349;0
Газпрнефть;D;20091007;000000;141.25;149;140.19;143.99;2376977;0
Газпрнефть;D;20091008;000000;146.5;153.9;146.32;152.6;1620439;0
Газпрнефть;D;20091009;000000;154.2;160;148.5;157.55;2405767;0
Газпрнефть;D;20091012;000000;159;166.03;159;163.59;1579409;0
Газпрнефть;D;20091013;000000;162.37;167.98;158.22;162.2;1626153;0
Газпрнефть;D;20091014;000000;166.95;174.71;165.05;173.7;2357702;0
Газпрнефть;D;20091015;000000;180.25;189.87;171.6;171.9;4888608;0
Газпрнефть;D;20091016;000000;177;177.89;167.2;168.26;3868075;0
Газпрнефть;D;20091019;000000;171.56;172.95;168.52;170.1;1783693;0
Газпрнефть;D;20091020;000000;171.49;175.45;163.5;166;1725278;0
Газпрнефть;D;20091021;000000;167.5;168.5;157.01;166.33;1590828;0
Газпрнефть;D;20091022;000000;165;165;159;160.05;1133374;0
Газпрнефть;D;20091023;000000;162.7;163.99;157.75;158.5;998669;0
Газпрнефть;D;20091026;000000;158.5;158.5;155;156;1883107;0
Газпрнефть;D;20091027;000000;153.1;154.5;149.7;151.72;1581019;0
Газпрнефть;D;20091028;000000;151.61;152.8;145.07;147.15;1286409;0
Газпрнефть;D;20091029;000000;144;158.42;142.55;157;2413668;0
Газпрнефть;D;20091030;000000;158.42;158.7;147.68;148.88;1492288;0
Газпрнефть;D;20091102;000000;146.78;155.45;145.21;155;1193688;0
Газпрнефть;D;20091103;000000;154.82;154.82;149.4;149.95;1053628;0
Газпрнефть;D;20091105;000000;151.9;152;147.8;150;2057547;0
Газпрнефть;D;20091106;000000;146.33;151;143.74;145;1323958;0
Газпрнефть;D;20091109;000000;147.75;150.98;147.48;150.05;1422534;0
Газпрнефть;D;20091110;000000;151;152.49;148.11;150.56;1502696;0
Газпрнефть;D;20091111;000000;150.53;152.82;149.13;149.71;713253;0
Газпрнефть;D;20091112;000000;149.73;150.39;146.11;149.3;625256;0
Газпрнефть;D;20091113;000000;147.77;151.4;146.99;150.71;673748;0
Газпрнефть;D;20091116;000000;153.02;156.75;152.01;155.11;1405133;0
Газпрнефть;D;20091117;000000;156.29;157;151.5;154.2;1011578;0
Газпрнефть;D;20091118;000000;155.57;160.01;154;155.9;2718886;0
Газпрнефть;D;20091119;000000;155.15;156;152.39;153.55;749293;0
Газпрнефть;D;20091120;000000;153.83;157.4;152;155.5;1294285;0
Газпрнефть;D;20091123;000000;157.01;158.98;155.28;158.3;577371;0
Газпрнефть;D;20091124;000000;156.51;160;153.33;160;675008;0
Газпрнефть;D;20091125;000000;160;161.35;155.63;156.51;1079096;0
Газпрнефть;D;20091126;000000;155;159.14;153;155;2629223;0
Газпрнефть;D;20091127;000000;150.26;157;148;154.89;1328170;0
Газпрнефть;D;20091130;000000;158;158.57;152.54;153.39;629626;0
Газпрнефть;D;20091201;000000;153.47;159.5;153.47;159.17;986846;0
Газпрнефть;D;20091202;000000;159.3;164.5;159;161.7;1609759;0
Газпрнефть;D;20091203;000000;161;164.41;161;162.06;777062;0
Газпрнефть;D;20091204;000000;161;171;160.5;169;1587942;0
Газпрнефть;D;20091207;000000;168.78;173;165.93;170.6;1223285;0
Газпрнефть;D;20091208;000000;170.53;172.29;167.05;170.9;2083812;0
Газпрнефть;D;20091209;000000;169.01;172.77;168.99;169.99;867781;0
Газпрнефть;D;20091210;000000;167.64;172;167.13;169.6;1064690;0
Газпрнефть;D;20091211;000000;170.75;171.47;169;171.11;858056;0
Газпрнефть;D;20091214;000000;171.11;172.49;170.01;171.33;457678;0
Газпрнефть;D;20091215;000000;171.89;174.45;170.16;173.63;579409;0
Газпрнефть;D;20091216;000000;173.6;178.5;172;176;1840061;0
Газпрнефть;D;20091217;000000;175.95;175.95;168.89;169.28;1967802;0
Газпрнефть;D;20091218;000000;169.47;170.82;164.22;165.81;2172564;0
Газпрнефть;D;20091221;000000;165.81;166.99;160.32;164.4;1514189;0
Газпрнефть;D;20091222;000000;163.94;164.35;161.2;162.25;441419;0
Газпрнефть;D;20091223;000000;164;164;161.26;163.2;402892;0
Газпрнефть;D;20091224;000000;163.28;166.51;163;163.99;996671;0
Газпрнефть;D;20091225;000000;164.77;164.97;161.51;163;264763;0
Газпрнефть;D;20091228;000000;163.5;165.01;162.29;164.34;357583;0
Газпрнефть;D;20091229;000000;165.08;165.6;163.52;165.28;458453;0
Газпрнефть;D;20091230;000000;165;165.49;162.07;162.7;369800;0
Газпрнефть;D;20091231;000000;162.8;163.99;162.8;163.73;46459;0
Газпрнефть;D;20100111;000000;168.5;172.4;165.7;170.68;1400195;0
Газпрнефть;D;20100112;000000;170.68;171.95;168.24;169.6;1223343;0
Газпрнефть;D;20100113;000000;168.95;169.6;165.26;166.75;1299012;0
Газпрнефть;D;20100114;000000;167.13;167.97;165.01;167.4;726731;0
Газпрнефть;D;20100115;000000;166;168.4;165.53;166.09;1087240;0
Газпрнефть;D;20100118;000000;177.75;177.75;164.8;166.18;395837;0
Газпрнефть;D;20100119;000000;166.18;167;160.61;163.3;1012607;0
Газпрнефть;D;20100120;000000;163.23;164.1;161.53;162.02;579389;0
Газпрнефть;D;20100121;000000;163.49;163.49;160.31;161;626886;0
Газпрнефть;D;20100122;000000;159.5;159.5;154;155.35;851256;0
Газпрнефть;D;20100125;000000;154;157.95;152.5;157;740962;0
Газпрнефть;D;20100126;000000;156;157;151;151.66;525358;0
Газпрнефть;D;20100127;000000;151.13;153.24;150.01;151.6;603888;0
Газпрнефть;D;20100128;000000;152.26;156.28;150;151.29;1456278;0
Газпрнефть;D;20100129;000000;150;152.95;148.5;152.95;927653;0
Газпрнефть;D;20100201;000000;150;151.8;148.6;150.2;895483;0
Газпрнефть;D;20100202;000000;151.8;153.6;149.79;153.44;1157760;0
Газпрнефть;D;20100203;000000;155;158.29;154.02;154.5;1305472;0
Газпрнефть;D;20100204;000000;154;155.78;149;149.5;985035;0
Газпрнефть;D;20100205;000000;147.99;148;141.49;143.7;1476114;0
Газпрнефть;D;20100208;000000;141;145.5;141;142.5;971987;0
Газпрнефть;D;20100209;000000;144.03;144.49;141;142.51;550250;0
Газпрнефть;D;20100210;000000;144;145.9;141.3;142.02;428607;0
Газпрнефть;D;20100211;000000;144;144.6;141.2;142.2;356796;0
Газпрнефть;D;20100212;000000;142.48;144;136.2;136.25;650177;0
Газпрнефть;D;20100215;000000;136.25;137.89;136.04;137.44;178475;0
Газпрнефть;D;20100216;000000;138.5;142.7;138.08;142.7;815608;0
Газпрнефть;D;20100217;000000;143.02;145.3;141.8;144.55;590720;0
Газпрнефть;D;20100218;000000;144.55;144.79;141.17;142.38;755793;0
Газпрнефть;D;20100219;000000;141;143.78;138.71;142.57;477680;0
Газпрнефть;D;20100224;000000;142.65;142.65;138.26;138.9;446522;0
Газпрнефть;D;20100225;000000;139;139.11;135.25;135.8;269990;0
Газпрнефть;D;20100226;000000;138;138.4;135.76;138.25;178568;0
Газпрнефть;D;20100227;000000;138.38;140;137.25;139.72;247808;0
Газпрнефть;D;20100301;000000;140.18;142.34;136.37;140;993674;0
Газпрнефть;D;20100302;000000;140;141.7;139;140.69;396729;0
Газпрнефть;D;20100303;000000;140;143.43;139.61;143.05;391763;0
Газпрнефть;D;20100304;000000;142.47;147.99;140.73;146.38;932452;0
Газпрнефть;D;20100305;000000;146.28;148.99;145.54;148.66;703640;0
Газпрнефть;D;20100309;000000;148.68;148.7;144.99;145.73;653690;0
Газпрнефть;D;20100310;000000;145.62;146.29;140.11;140.94;1270544;0
Газпрнефть;D;20100311;000000;140.94;141.49;138.62;139.31;637404;0
Газпрнефть;D;20100312;000000;140.34;140.9;139.41;140.41;678043;0
Газпрнефть;D;20100315;000000;140;140.7;139.41;140.7;402223;0
Газпрнефть;D;20100316;000000;140.51;146.5;140.2;146.4;1111969;0
Газпрнефть;D;20100317;000000;147.01;154.43;147.01;154;2825367;0
Газпрнефть;D;20100318;000000;152;157.76;150.53;154.82;2327428;0
Газпрнефть;D;20100319;000000;155.11;162;155;159.61;4648736;0
Газпрнефть;D;20100322;000000;159.61;160;156.21;158.9;1201466;0
Газпрнефть;D;20100323;000000;159.5;161;157.23;158.06;1063702;0
Газпрнефть;D;20100324;000000;162.48;162.48;153.04;153.96;818714;0
Газпрнефть;D;20100325;000000;154;155.75;153.05;154.48;362220;0
Газпрнефть;D;20100326;000000;154.24;156.89;151.51;156.58;632527;0
Газпрнефть;D;20100329;000000;156.32;158.72;155.41;158.69;295719;0
Газпрнефть;D;20100330;000000;158.8;159.61;150.89;154.1;1020426;0
Газпрнефть;D;20100331;000000;153.98;156.48;152.6;154.01;680708;0
Газпрнефть;D;20100401;000000;154.06;159.6;154.06;158.31;1363047;0
Газпрнефть;D;20100402;000000;160;164.5;159;162.5;2057334;0
Газпрнефть;D;20100405;000000;162.98;163.88;160.11;162.65;393830;0
Газпрнефть;D;20100406;000000;162.55;167.75;161.34;167.65;1439106;0
Газпрнефть;D;20100407;000000;167.65;168.76;164.23;165.52;1213758;0
Газпрнефть;D;20100408;000000;164.6;165.22;160.21;164.41;721001;0
Газпрнефть;D;20100409;000000;165.45;168.5;165.19;167;824956;0
Газпрнефть;D;20100412;000000;168;169.49;165.9;167.55;569088;0
Газпрнефть;D;20100413;000000;165.94;168.34;165;165.77;277346;0
Газпрнефть;D;20100414;000000;168.25;169.27;165.78;169;592271;0
Газпрнефть;D;20100415;000000;169.99;170.95;167.57;170.45;588198;0
Газпрнефть;D;20100416;000000;169;170;164.16;164.65;329707;0
Газпрнефть;D;20100419;000000;159;160.86;156.83;159.4;662872;0
Газпрнефть;D;20100420;000000;158.93;162.8;158.93;161.85;375410;0
Газпрнефть;D;20100421;000000;163.31;165.1;159.99;159.99;381335;0
Газпрнефть;D;20100422;000000;159;159.8;154.51;157;822590;0
Газпрнефть;D;20100423;000000;161.25;162.57;157.5;161.74;267930;0
Газпрнефть;D;20100426;000000;163.31;164.65;161.01;163.83;423979;0
Газпрнефть;D;20100427;000000;162.58;165;159.1;161.7;286584;0
Газпрнефть;D;20100428;000000;159.79;161;156;158.6;510706;0
Газпрнефть;D;20100429;000000;159.3;160.2;157.1;160;109368;0
Газпрнефть;D;20100430;000000;160.75;161.9;157;157.6;152775;0
Газпрнефть;D;20100504;000000;157.6;161.2;152.86;154.26;680743;0
Газпрнефть;D;20100505;000000;152.51;153.89;144;148.78;392374;0
Газпрнефть;D;20100506;000000;147;148.67;141.72;143;459532;0
Газпрнефть;D;20100507;000000;140;141.49;131.7;133.13;584358;0
Газпрнефть;D;20100511;000000;143.64;143.64;135.01;138.1;462965;0
Газпрнефть;D;20100512;000000;137.88;141.5;134;141.2;2110927;0
Газпрнефть;D;20100513;000000;145.73;145.73;139;141.32;641655;0
Газпрнефть;D;20100514;000000;139.9;141.5;137.5;137.5;901999;0
Газпрнефть;D;20100517;000000;136.92;138.2;132.86;137.5;568344;0
Газпрнефть;D;20100518;000000;137;138.94;134.51;135.28;663944;0
Газпрнефть;D;20100519;000000;134;134;128.37;130.5;731091;0
Газпрнефть;D;20100520;000000;127.39;133.55;124;125.2;793616;0
Газпрнефть;D;20100521;000000;127.3;127.5;121;125.03;773371;0
Газпрнефть;D;20100524;000000;125.62;128.43;123.07;124.35;415683;0
Газпрнефть;D;20100525;000000;120.31;120.31;112;113.13;1144466;0
Газпрнефть;D;20100526;000000;113.82;117.25;101;105;4540188;0
Газпрнефть;D;20100527;000000;110.74;116.3;110.58;115.87;2540583;0
Газпрнефть;D;20100528;000000;116.89;122.37;116.81;119.52;3598846;0
Газпрнефть;D;20100531;000000;120.03;122;119.22;121.18;686360;0
Газпрнефть;D;20100601;000000;119.98;120.3;115.42;118.5;1967358;0
Газпрнефть;D;20100602;000000;116.61;122.3;115.55;121.75;1939034;0
Газпрнефть;D;20100603;000000;124.14;126.9;122.74;123.9;1794093;0
Газпрнефть;D;20100604;000000;124;125.75;119.16;120.96;1124460;0
Газпрнефть;D;20100607;000000;117.5;118.07;114.53;116;3260372;0
Газпрнефть;D;20100608;000000;117.21;117.4;113.15;114.5;1123723;0
Газпрнефть;D;20100609;000000;115;115.96;113.11;113.69;1655030;0
Газпрнефть;D;20100610;000000;114.07;117.5;113.14;117.35;1524057;0
Газпрнефть;D;20100611;000000;117.95;118.68;115;115.7;2391936;0
Газпрнефть;D;20100615;000000;116.03;122.2;115.7;122;2041484;0
Газпрнефть;D;20100616;000000;123.03;124.12;121.13;122.4;1706931;0
Газпрнефть;D;20100617;000000;122.33;129.44;121.94;125.9;2859087;0
Газпрнефть;D;20100618;000000;126.44;130.5;126;129.49;1250524;0
Газпрнефть;D;20100621;000000;131;132.79;130.8;131.4;1052806;0
Газпрнефть;D;20100622;000000;129;130.5;125.79;126.32;1631067;0
Газпрнефть;D;20100623;000000;125;127;122.6;123.8;707010;0
Газпрнефть;D;20100624;000000;124.2;125;122.69;123.37;1071695;0
Газпрнефть;D;20100625;000000;123.19;124.43;122;123.65;553552;0
Газпрнефть;D;20100628;000000;124.29;124.73;122.82;123.35;428774;0
Газпрнефть;D;20100629;000000;117.95;123;117.5;118.98;1399821;0
Газпрнефть;D;20100630;000000;119.49;120.03;116.6;118.5;834444;0
Газпрнефть;D;20100701;000000;113.58;116.96;111.01;111.41;858749;0
Газпрнефть;D;20100702;000000;109.19;114.38;109.19;113.47;875260;0
Газпрнефть;D;20100705;000000;113.47;114.39;112.85;114.35;425967;0
Газпрнефть;D;20100706;000000;114.47;120;114.47;119.99;749842;0
Газпрнефть;D;20100707;000000;119;121.75;116.82;120.7;699807;0
Газпрнефть;D;20100708;000000;123;123.4;118.2;118.78;777777;0
Газпрнефть;D;20100709;000000;119.97;120.61;117.05;118.52;231853;0
Газпрнефть;D;20100712;000000;118.31;120.1;117.54;118.51;660107;0
Газпрнефть;D;20100713;000000;118;121;117.5;120.57;532007;0
Газпрнефть;D;20100714;000000;120.76;121.9;117.35;118.5;651422;0
Газпрнефть;D;20100715;000000;118.51;119.79;115.92;116;570064;0
Газпрнефть;D;20100716;000000;115.57;117;115;116.38;583984;0
Газпрнефть;D;20100719;000000;115.99;118.2;115.76;117.35;780316;0
Газпрнефть;D;20100720;000000;117.87;118.75;116.5;118.2;306953;0
Газпрнефть;D;20100721;000000;119.63;120.7;118.27;119.99;485892;0
Газпрнефть;D;20100722;000000;118.93;121.53;118;121.5;518639;0
Газпрнефть;D;20100723;000000;121.66;122.5;120.38;121.26;510688;0
Газпрнефть;D;20100726;000000;122.45;122.75;120.3;121.98;1380077;0
Газпрнефть;D;20100727;000000;121.99;124.74;120.9;123;1102531;0
Газпрнефть;D;20100728;000000;123.56;124;120.47;120.83;447404;0
Газпрнефть;D;20100729;000000;120.08;125.78;120.08;124.93;1617606;0
Газпрнефть;D;20100730;000000;124.72;124.72;122.1;123.3;474635;0
Газпрнефть;D;20100802;000000;124.7;128.3;124.12;128;673441;0
Газпрнефть;D;20100803;000000;128.15;128.42;125.35;126.5;746381;0
Газпрнефть;D;20100804;000000;126;129.83;125.71;128.9;1037427;0
Газпрнефть;D;20100805;000000;128.5;130.5;126.6;127.45;442971;0
Газпрнефть;D;20100806;000000;127.47;129.01;125.75;126.2;231703;0
Газпрнефть;D;20100809;000000;126.32;128;126.06;126.5;355716;0
Газпрнефть;D;20100810;000000;126.05;126.05;121.11;122.79;554859;0
Газпрнефть;D;20100811;000000;120.75;123.29;120.75;121.5;679488;0
Газпрнефть;D;20100812;000000;120.29;122.4;118.3;119.82;969560;0
Газпрнефть;D;20100813;000000;121.06;121.25;118.9;119.69;355825;0
Газпрнефть;D;20100816;000000;118.81;120.86;118.8;119.51;279162;0
Газпрнефть;D;20100817;000000;119.56;121.3;119.56;121.09;435121;0
Газпрнефть;D;20100818;000000;121.18;121.2;119.22;120.06;315668;0
Газпрнефть;D;20100819;000000;120.08;122;118.28;118.4;587597;0
Газпрнефть;D;20100820;000000;118.18;118.94;116.3;116.9;604947;0
Газпрнефть;D;20100823;000000;116.66;117.4;115.72;116.73;515945;0
Газпрнефть;D;20100824;000000;116.13;116.5;113.16;114.26;510242;0
Газпрнефть;D;20100825;000000;113.94;114.93;113.08;113.49;467228;0
Газпрнефть;D;20100826;000000;114.9;115.17;113.98;114.59;547797;0
Газпрнефть;D;20100827;000000;114.57;116.72;113.8;116.49;492249;0
Газпрнефть;D;20100830;000000;117.61;118;116.11;116.79;440938;0
Газпрнефть;D;20100831;000000;116;116.39;114;115.35;794788;0
Газпрнефть;D;20100901;000000;115.81;117.14;115;116.9;695577;0
Газпрнефть;D;20100902;000000;117;117.8;116.6;117.17;823031;0
Газпрнефть;D;20100903;000000;117.28;118.87;116.7;118.38;822320;0
Газпрнефть;D;20100906;000000;119.24;119.25;118.18;119.04;571485;0
Газпрнефть;D;20100907;000000;118.37;118.37;117;118.27;435320;0
Газпрнефть;D;20100908;000000;118.45;125.99;118;125;3059346;0
Газпрнефть;D;20100909;000000;125.78;126.5;123;123.7;2265788;0
Газпрнефть;D;20100910;000000;123.58;124.99;123;123.65;598001;0
Газпрнефть;D;20100913;000000;124.25;125.3;123.31;123.31;806326;0
Газпрнефть;D;20100914;000000;123.33;123.33;121;121.6;588602;0
Газпрнефть;D;20100915;000000;122.41;122.99;120;121.39;660419;0
Газпрнефть;D;20100916;000000;121.36;122.04;119.48;120.22;862180;0
Газпрнефть;D;20100917;000000;121.5;121.89;117.7;117.71;1475443;0
Газпрнефть;D;20100920;000000;118;119.67;117.65;119;784647;0
Газпрнефть;D;20100921;000000;119.46;120.14;118.72;119.6;705395;0
Газпрнефть;D;20100922;000000;120.25;121.19;119.06;119.73;1233850;0
Газпрнефть;D;20100923;000000;119.78;120.05;118.55;119.25;361430;0
Газпрнефть;D;20100924;000000;119.1;119.27;117.99;118.5;686779;0
Газпрнефть;D;20100927;000000;118.9;119.8;117.06;117.31;1176064;0
Газпрнефть;D;20100928;000000;117.17;117.49;116.03;116.64;894283;0
Газпрнефть;D;20100929;000000;116.64;117.42;116.15;117;693685;0
Газпрнефть;D;20100930;000000;117;118.78;116.78;118.78;913134;0
Газпрнефть;D;20101001;000000;118.7;119.56;117.7;118.11;1604656;0
Газпрнефть;D;20101004;000000;118.35;121.39;118.3;120.45;1912384;0
Газпрнефть;D;20101005;000000;120.44;121.31;119.59;121.25;1207897;0
Газпрнефть;D;20101006;000000;121.5;121.68;119.59;119.78;1140480;0
Газпрнефть;D;20101007;000000;119.95;120.8;119.5;119.71;995054;0
Газпрнефть;D;20101008;000000;119.5;119.7;118;118.4;730765;0
Газпрнефть;D;20101011;000000;118.7;119.46;118.68;119.37;1075030;0
Газпрнефть;D;20101012;000000;119.06;119.19;118.24;118.9;539382;0
Газпрнефть;D;20101013;000000;119;121.25;118.98;121.19;2461512;0
Газпрнефть;D;20101014;000000;121.25;121.48;119.25;120.15;1366201;0
Газпрнефть;D;20101015;000000;120.37;120.5;119.2;119.77;623222;0
Газпрнефть;D;20101018;000000;116.17;119.94;116.17;119.67;856578;0
Газпрнефть;D;20101019;000000;119.8;121.11;118.28;118.6;1379366;0
Газпрнефть;D;20101020;000000;118;118.97;117.75;118.85;406020;0
Газпрнефть;D;20101021;000000;119.35;120.14;118.73;119.99;1203223;0
Газпрнефть;D;20101022;000000;119.98;120.14;118.38;118.39;1415210;0
Газпрнефть;D;20101025;000000;119;120.14;119;119.68;1233512;0
Газпрнефть;D;20101026;000000;119.21;120.85;119.21;120.47;1300417;0
Газпрнефть;D;20101027;000000;120;120.25;119.1;119.25;490272;0
Газпрнефть;D;20101028;000000;119.38;119.92;118.71;118.9;737023;0
Газпрнефть;D;20101029;000000;118.76;121.21;118.22;120.9;1530228;0
Газпрнефть;D;20101101;000000;121.16;122;120.5;120.6;1055185;0
Газпрнефть;D;20101102;000000;121.18;122.6;120.86;121.95;928404;0
Газпрнефть;D;20101103;000000;125.15;125.15;120.56;121.08;965275;0
Газпрнефть;D;20101108;000000;124.25;125.74;123.2;124.25;3630437;0
Газпрнефть;D;20101109;000000;124.25;127.9;124.07;127.39;3506857;0
Газпрнефть;D;20101110;000000;123.51;126.49;123.51;125.44;1145435;0
Газпрнефть;D;20101111;000000;126.21;126.9;124.76;126.27;1046187;0
Газпрнефть;D;20101112;000000;125;125.5;122;124.98;957424;0
Газпрнефть;D;20101113;000000;124.5;124.5;123.85;124;168851;0
Газпрнефть;D;20101115;000000;124.4;128.71;124.3;128.3;1877063;0
Газпрнефть;D;20101116;000000;128.11;129.6;126.55;127.87;2319446;0
Газпрнефть;D;20101117;000000;127.03;129.6;126;127;1332772;0
Газпрнефть;D;20101118;000000;127.08;128.44;126.58;127.49;480035;0
Газпрнефть;D;20101119;000000;127.5;128.02;126;127.02;543615;0
Газпрнефть;D;20101122;000000;128;129;126.5;126.69;676582;0
Газпрнефть;D;20101123;000000;125.42;127;124.89;126.97;587737;0
Газпрнефть;D;20101124;000000;127.02;127.63;125.07;126.7;536271;0
Газпрнефть;D;20101125;000000;127.08;127.6;126.09;126.87;488721;0
Газпрнефть;D;20101126;000000;126.74;126.8;124.98;125.9;466658;0
Газпрнефть;D;20101129;000000;126;126.45;123.8;124.3;1278721;0
Газпрнефть;D;20101130;000000;123.96;125.4;123.96;124.79;458145;0
Газпрнефть;D;20101201;000000;124.9;127.87;124.6;127.6;868966;0
Газпрнефть;D;20101202;000000;128.02;129.79;127.2;128.95;1502797;0
Газпрнефть;D;20101203;000000;129.23;133.3;128.25;130.91;2339608;0
Газпрнефть;D;20101206;000000;131.47;131.47;130;130.65;1283266;0
Газпрнефть;D;20101207;000000;134.09;134.9;130.99;134;2478052;0
Газпрнефть;D;20101208;000000;133.43;134.32;131.4;131.4;1278055;0
Газпрнефть;D;20101209;000000;131.66;133.77;131.52;132.07;601874;0
Газпрнефть;D;20101210;000000;132.14;132.52;130.39;132.1;559375;0
Газпрнефть;D;20101213;000000;132.45;133.3;132.07;132.19;665051;0
Газпрнефть;D;20101214;000000;132.42;132.42;130.5;130.5;448397;0
Газпрнефть;D;20101215;000000;130.6;130.97;128.38;129.64;1198082;0
Газпрнефть;D;20101216;000000;128.99;129.93;128.19;129.93;1065803;0
Газпрнефть;D;20101217;000000;129.93;130.25;128.01;128.2;1064187;0
Газпрнефть;D;20101220;000000;128.2;128.69;127.7;128.14;426379;0
Газпрнефть;D;20101221;000000;128.74;129.36;128.15;128.49;832445;0
Газпрнефть;D;20101222;000000;125.28;129.1;125.28;128.98;544830;0
Газпрнефть;D;20101223;000000;129;129.5;128.38;128.66;306060;0
Газпрнефть;D;20101224;000000;128.78;128.95;128;128.42;377189;0
Газпрнефть;D;20101227;000000;128.42;128.42;127.25;127.44;302499;0
Газпрнефть;D;20101228;000000;127.16;128.02;126.94;127.44;341717;0
Газпрнефть;D;20101229;000000;127.44;128.88;127.36;128.08;382434;0
Газпрнефть;D;20101230;000000;128.48;128.48;127.5;128.03;333429;0
Газпрнефть;D;20110111;000000;131.77;131.77;127.4;130.38;1192233;0
Газпрнефть;D;20110112;000000;130.52;134.7;130.52;134.7;2077675;0
Газпрнефть;D;20110113;000000;134.71;135.59;132.11;132.5;1613541;0
Газпрнефть;D;20110114;000000;132.5;133.05;131.61;132.95;580049;0
Газпрнефть;D;20110117;000000;133;137.9;132.36;137.18;1988015;0
Газпрнефть;D;20110118;000000;137.18;138.53;135;136.72;2197118;0
Газпрнефть;D;20110119;000000;137.53;137.8;135.37;136.55;798081;0
Газпрнефть;D;20110120;000000;135.25;135.6;134.01;134.3;955735;0
Газпрнефть;D;20110121;000000;134.55;136.3;134.03;135.33;834140;0
Газпрнефть;D;20110124;000000;136.44;136.44;130.27;132.43;1022665;0
Газпрнефть;D;20110125;000000;132.94;133.5;131.36;132.2;448580;0
Газпрнефть;D;20110126;000000;132.26;133.99;132.26;133.2;465179;0
Газпрнефть;D;20110127;000000;133.25;134.66;132.65;133.75;790564;0
Газпрнефть;D;20110128;000000;133.5;133.6;132.15;132.85;506275;0
Газпрнефть;D;20110131;000000;132.13;132.6;130.4;131.15;709236;0
Газпрнефть;D;20110201;000000;131.83;135.09;131.65;134.87;1359822;0
Газпрнефть;D;20110202;000000;136.1;138;134.63;137.34;1812660;0
Газпрнефть;D;20110203;000000;138.25;138.39;135;136.1;774801;0
Газпрнефть;D;20110204;000000;136.2;137.5;135.1;136.72;607519;0
Газпрнефть;D;20110207;000000;137.5;137.9;135.3;137.32;407830;0
Газпрнефть;D;20110208;000000;137.03;141;136.31;138.3;2259462;0
Газпрнефть;D;20110209;000000;138.45;139.79;137.7;139.4;726772;0
Газпрнефть;D;20110210;000000;139;139.39;134.25;136;758302;0
Газпрнефть;D;20110211;000000;135.98;137;134.7;135.85;666518;0
Газпрнефть;D;20110214;000000;136.71;138.32;136.31;137.8;464729;0
Газпрнефть;D;20110215;000000;137.67;138.15;136.5;137.51;471075;0
Газпрнефть;D;20110216;000000;137.51;137.85;135.82;137.19;320078;0
Газпрнефть;D;20110217;000000;137.8;139.9;137.25;139.05;852384;0
Газпрнефть;D;20110218;000000;139.06;142.2;139.06;141.52;1092125;0
Газпрнефть;D;20110221;000000;141.95;145.31;141.7;145.31;1244341;0
Газпрнефть;D;20110222;000000;145.31;156.99;144;154.77;2227656;0
Газпрнефть;D;20110224;000000;153.5;157.01;150;155.06;3476244;0
Газпрнефть;D;20110225;000000;154.55;156;150;153.62;1999639;0
Газпрнефть;D;20110228;000000;154.02;156.15;153.16;156.15;924718;0
Газпрнефть;D;20110301;000000;156.02;158;147.51;151.49;1104200;0
Газпрнефть;D;20110302;000000;150.75;154.2;149.7;150.29;605250;0
Газпрнефть;D;20110303;000000;150.53;155;150.41;152.7;738330;0
Газпрнефть;D;20110304;000000;152.62;154.88;150.67;152.58;532600;0
Газпрнефть;D;20110305;000000;155.2;155.2;152.89;154.03;172400;0
Газпрнефть;D;20110309;000000;156;157;152.37;156.03;943140;0
Газпрнефть;D;20110310;000000;156;156;148.2;150.29;793300;0
Газпрнефть;D;20110311;000000;149.05;150.5;143.06;144.39;1466150;0
Газпрнефть;D;20110314;000000;144;146.01;142;144.94;904580;0
Газпрнефть;D;20110315;000000;143.5;144.18;135;139.5;1925520;0
Газпрнефть;D;20110316;000000;140.05;147.26;139.99;144.75;1541330;0
Газпрнефть;D;20110317;000000;145.3;147.8;143.18;146.8;833140;0
Газпрнефть;D;20110318;000000;147.41;149.5;144.05;145.33;1633930;0
Газпрнефть;D;20110321;000000;146.09;152;145.19;149.27;659210;0
Газпрнефть;D;20110322;000000;149.27;150.46;146.5;149.75;533990;0
Газпрнефть;D;20110323;000000;152.2;152.2;149.44;151.5;660120;0
Газпрнефть;D;20110324;000000;151.8;152.79;149.69;150.65;520440;0
Газпрнефть;D;20110325;000000;151.01;152.55;150.04;151.5;758150;0
Газпрнефть;D;20110328;000000;152.3;152.77;150.02;151.12;369840;0
Газпрнефть;D;20110329;000000;151.01;151.33;147.12;147.94;991620;0
Газпрнефть;D;20110330;000000;149.38;149.95;147.75;148.95;1909540;0
Газпрнефть;D;20110331;000000;149.96;149.96;147.51;148.77;962220;0
Газпрнефть;D;20110401;000000;148.73;150.44;148.03;150;670150;0
Газпрнефть;D;20110404;000000;150.71;152.6;150.13;150.9;906830;0
Газпрнефть;D;20110405;000000;151.86;151.86;147.5;149.25;544450;0
Газпрнефть;D;20110406;000000;150.29;150.29;148.6;148.83;593080;0
Газпрнефть;D;20110407;000000;148.62;149.5;146.24;147.58;772030;0
Газпрнефть;D;20110408;000000;148.84;148.85;147.41;147.45;835080;0
Газпрнефть;D;20110411;000000;147.74;148;145.53;146.8;490730;0
Газпрнефть;D;20110412;000000;143.62;145.37;139.61;140.61;1032910;0
Газпрнефть;D;20110413;000000;140.61;141.79;138.4;140.36;1876090;0
Газпрнефть;D;20110414;000000;140.35;140.41;137.11;138.89;1087080;0
Газпрнефть;D;20110415;000000;138.65;140;137.39;139.3;940020;0
Газпрнефть;D;20110418;000000;138.56;140.1;135.73;136.28;902980;0
Газпрнефть;D;20110419;000000;139;139.3;136.5;138.43;807490;0
Газпрнефть;D;20110420;000000;139.53;145.62;139.53;145;1837200;0
Газпрнефть;D;20110421;000000;146.09;147.95;145.1;146.5;1185970;0
Газпрнефть;D;20110422;000000;142.84;149;142.84;148.3;554760;0
Газпрнефть;D;20110425;000000;149.73;150.99;144;146.69;2125390;0
Газпрнефть;D;20110426;000000;140;142.5;137;141.4;1656300;0
Газпрнефть;D;20110427;000000;142.45;142.6;137.1;137.99;1118620;0
Газпрнефть;D;20110428;000000;141.39;141.39;136.95;138.5;718960;0
Газпрнефть;D;20110429;000000;139.34;139.34;136.81;137.51;314650;0
Газпрнефть;D;20110503;000000;137.01;137.51;133;133.47;540450;0
Газпрнефть;D;20110504;000000;133;136.66;132.1;133.55;820170;0
Газпрнефть;D;20110505;000000;133.5;133.72;130;130.67;409890;0
Газпрнефть;D;20110506;000000;129.5;135.53;126.5;132;1238670;0
Газпрнефть;D;20110510;000000;132;132.23;130.01;130.01;497930;0
Газпрнефть;D;20110511;000000;130.68;131.75;129.25;129.47;550300;0
Газпрнефть;D;20110512;000000;129;129.21;121.97;124.58;1043570;0
Газпрнефть;D;20110513;000000;125.9;129.97;122.5;124.16;854150;0
Газпрнефть;D;20110516;000000;122.13;124.76;119.02;121.5;848130;0
Газпрнефть;D;20110517;000000;121.95;122.98;120.12;122.08;560650;0
Газпрнефть;D;20110518;000000;127.75;127.75;121.03;122.05;1219760;0
Газпрнефть;D;20110519;000000;122.28;123.77;121.57;122.24;656580;0
Газпрнефть;D;20110520;000000;122.13;124.88;119.12;120.36;878890;0
Газпрнефть;D;20110523;000000;119.95;121;116.51;117;650360;0
Газпрнефть;D;20110524;000000;117.06;119.41;117;118.49;541240;0
Газпрнефть;D;20110525;000000;118.17;119.79;116.66;119;774070;0
Газпрнефть;D;20110526;000000;121.07;121.07;117.55;118.33;530160;0
Газпрнефть;D;20110527;000000;118.92;121.77;118.33;121.75;660360;0
Газпрнефть;D;20110530;000000;122.4;123.29;121.06;122.36;324620;0
Газпрнефть;D;20110531;000000;123.49;126.1;122.65;124;1631160;0
Газпрнефть;D;20110601;000000;124;125.93;123.02;124.1;543860;0
Газпрнефть;D;20110602;000000;122.99;125;120;125;562160;0
Газпрнефть;D;20110603;000000;125;128.8;123.26;124.05;569940;0
Газпрнефть;D;20110606;000000;125.47;126.9;124.01;125.25;273830;0
Газпрнефть;D;20110607;000000;124.88;127.2;124.65;126.7;275530;0
Газпрнефть;D;20110608;000000;127.29;127.3;124.83;126.51;307220;0
Газпрнефть;D;20110609;000000;127.18;129.25;126.36;128.62;1122830;0
Газпрнефть;D;20110610;000000;129.09;129.09;127.99;128.33;534340;0
Газпрнефть;D;20110614;000000;128.08;129.6;126.81;127.94;550780;0
Газпрнефть;D;20110615;000000;127.94;128.31;124.75;124.77;1594620;0
Газпрнефть;D;20110616;000000;123.84;124.81;122.31;122.99;1084100;0
Газпрнефть;D;20110617;000000;122.79;124;119.9;123;2303670;0
Газпрнефть;D;20110620;000000;122;123;121.05;121.95;469190;0
Газпрнефть;D;20110621;000000;123.81;123.81;121.84;122.11;344760;0
Газпрнефть;D;20110622;000000;122.28;123.8;122.01;122.61;555270;0
Газпрнефть;D;20110623;000000;121.98;122.97;121.01;121.52;491870;0
Газпрнефть;D;20110624;000000;122.1;126.8;122.1;125.53;1124190;0
Газпрнефть;D;20110627;000000;124.95;126.1;123.5;126.02;478390;0
Газпрнефть;D;20110628;000000;126.13;127.8;124.7;126.3;351290;0
Газпрнефть;D;20110629;000000;127.16;129.25;126.69;128.81;561750;0
Газпрнефть;D;20110630;000000;129;131.7;127.99;131.3;1778030;0
Газпрнефть;D;20110701;000000;131.14;132.81;130.41;132;728550;0
Газпрнефть;D;20110704;000000;132.44;132.8;130;130.98;441140;0
Газпрнефть;D;20110705;000000;130.49;132.35;130.12;131.8;263960;0
Газпрнефть;D;20110706;000000;132;132.49;130.09;131.5;431120;0
Газпрнефть;D;20110707;000000;132.02;135.01;131.6;134.17;538240;0
Газпрнефть;D;20110708;000000;134.17;135.55;132.52;134.96;730720;0
Газпрнефть;D;20110711;000000;135.49;135.49;132.29;132.4;275080;0
Газпрнефть;D;20110712;000000;132.4;134.64;129.19;133.4;1122870;0
Газпрнефть;D;20110713;000000;133.35;135.45;133.34;133.52;546040;0
Газпрнефть;D;20110714;000000;133.5;138.2;132.21;138.2;879030;0
Газпрнефть;D;20110715;000000;137.7;139.9;136.2;137.76;447620;0
Газпрнефть;D;20110718;000000;137.03;138.49;136;136.74;383290;0
Газпрнефть;D;20110719;000000;136.73;138;136.65;136.65;599730;0
Газпрнефть;D;20110720;000000;136.84;138.75;121.8;137;937060;0
Газпрнефть;D;20110721;000000;138.44;139.37;133.28;139.35;940720;0
Газпрнефть;D;20110722;000000;139.63;139.63;137.77;138.01;745640;0
Газпрнефть;D;20110725;000000;138;138;136.45;137.03;389720;0
Газпрнефть;D;20110726;000000;137.03;138.48;137;138.3;412090;0
Газпрнефть;D;20110727;000000;138.02;139.18;137.01;137.39;273510;0
Газпрнефть;D;20110728;000000;137;138.5;136.34;137.88;113580;0
Газпрнефть;D;20110729;000000;137;141.87;136.47;139.39;779490;0
Газпрнефть;D;20110801;000000;140.06;141.99;139.31;140;423140;0
Газпрнефть;D;20110802;000000;139.96;140;137.51;137.8;439580;0
Газпрнефть;D;20110803;000000;136.94;136.94;130;130.06;871220;0
Газпрнефть;D;20110804;000000;131.99;133.43;125;126;1014060;0
Газпрнефть;D;20110805;000000;124;127.55;119.25;124.06;1451190;0
Газпрнефть;D;20110808;000000;121.5;124.48;116.98;117.2;810650;0
Газпрнефть;D;20110809;000000;114.94;122.8;113;119.5;1488560;0
Газпрнефть;D;20110810;000000;121.92;124.98;115.7;118.5;938800;0
Газпрнефть;D;20110811;000000;119.56;122.1;113.2;120.01;1108650;0
Газпрнефть;D;20110812;000000;122.86;124.5;120.51;124.03;854240;0
Газпрнефть;D;20110815;000000;125;128.08;123.26;128.01;1248930;0
Газпрнефть;D;20110816;000000;127.5;127.89;125.83;126.69;308920;0
Газпрнефть;D;20110817;000000;126;129.5;126;129.43;853770;0
Газпрнефть;D;20110818;000000;126.9;128.57;122.5;123.69;706760;0
Газпрнефть;D;20110819;000000;122.24;129.3;118;119.72;1046770;0
Газпрнефть;D;20110822;000000;118.23;121.8;118.23;120.88;445570;0
Газпрнефть;D;20110823;000000;122.41;123.94;118.28;120.08;622130;0
Газпрнефть;D;20110824;000000;120.51;121.9;119;121.27;957570;0
Газпрнефть;D;20110825;000000;121.27;123.1;118.77;119.31;494200;0
Газпрнефть;D;20110826;000000;120.2;121.5;118.84;121.2;486360;0
Газпрнефть;D;20110829;000000;122.59;124.84;122.38;124.58;406690;0
Газпрнефть;D;20110830;000000;124.58;126.4;123.93;124.8;425460;0
Газпрнефть;D;20110831;000000;125.59;127.84;125.11;127.11;370090;0
Газпрнефть;D;20110901;000000;127.69;129;125.09;128.35;385220;0
Газпрнефть;D;20110902;000000;128.15;128.15;125.86;127.3;243910;0
Газпрнефть;D;20110905;000000;125.1;125.8;123.14;123.31;269560;0
Газпрнефть;D;20110906;000000;123.31;124.87;121.51;123.52;292430;0
Газпрнефть;D;20110907;000000;125;127.24;124.88;127.2;383070;0
Газпрнефть;D;20110908;000000;127.47;128.5;126.02;127.39;315100;0
Газпрнефть;D;20110909;000000;130.1;130.1;123.52;124.6;528230;0
Газпрнефть;D;20110912;000000;122;127;121.18;127;522260;0
Газпрнефть;D;20110913;000000;128.5;128.98;124.64;126.33;448580;0
Газпрнефть;D;20110914;000000;125.96;127.5;124.88;125.67;307780;0
Газпрнефть;D;20110915;000000;126.02;128.47;125.31;125.5;916750;0
Газпрнефть;D;20110916;000000;126.47;127.28;123.16;125.39;394520;0
Газпрнефть;D;20110919;000000;125.14;125.25;122.05;122.99;502510;0
Газпрнефть;D;20110920;000000;122.97;125.9;122.9;124.28;329240;0
Газпрнефть;D;20110921;000000;124.94;125.74;123.26;123.62;240020;0
Газпрнефть;D;20110922;000000;122.1;123;116.5;118;1071420;0
Газпрнефть;D;20110923;000000;118;118;107.5;111.61;970070;0
Газпрнефть;D;20110926;000000;111.82;114.14;108.05;112.63;714910;0
Газпрнефть;D;20110927;000000;116.83;117;113.27;114.66;468100;0
Газпрнефть;D;20110928;000000;114.57;114.64;111.79;112.6;329690;0
Газпрнефть;D;20110929;000000;111.74;115.57;110;114.8;411910;0
Газпрнефть;D;20110930;000000;115.51;115.51;107.65;112.95;906690;0
Газпрнефть;D;20111003;000000;110.89;112.61;108.27;111.99;303170;0
Газпрнефть;D;20111004;000000;111.55;112.95;106.05;106.83;511080;0
Газпрнефть;D;20111005;000000;106.98;110.66;106.11;106.98;350660;0
Газпрнефть;D;20111006;000000;108.66;111.49;108.2;109.54;539880;0
Газпрнефть;D;20111007;000000;111;111.99;109.39;109.83;1131290;0
Газпрнефть;D;20111010;000000;114.02;114.02;110.52;111.77;806190;0
Газпрнефть;D;20111011;000000;112.45;112.45;109.64;110.79;445810;0
Газпрнефть;D;20111012;000000;110.5;114.64;110.05;114.1;697900;0
Газпрнефть;D;20111013;000000;114.5;114.64;112.25;113;542450;0
Газпрнефть;D;20111014;000000;113.48;116.02;112.89;115.9;1115430;0
Газпрнефть;D;20111017;000000;119.08;119.08;115.01;115.5;622680;0
Газпрнефть;D;20111018;000000;115.6;119.5;113;118.21;866070;0
Газпрнефть;D;20111019;000000;119.13;123.96;118.09;122.9;1051180;0
Газпрнефть;D;20111020;000000;121.6;127.3;119;126;805420;0
Газпрнефть;D;20111021;000000;126.01;127.99;125.2;127.75;381760;0
Газпрнефть;D;20111024;000000;128;129.38;127.4;128.5;888380;0
Газпрнефть;D;20111025;000000;129;129.05;125.5;128.1;754850;0
Газпрнефть;D;20111026;000000;128.34;129;127.2;128.16;311380;0
Газпрнефть;D;20111027;000000;129.15;131.39;127.5;127.9;754030;0
Газпрнефть;D;20111028;000000;129;129.6;126;127.37;368680;0
Газпрнефть;D;20111031;000000;126.8;128.47;125.16;127.88;466910;0
Газпрнефть;D;20111101;000000;126.38;126.75;124.04;125.59;369820;0
Газпрнефть;D;20111102;000000;124.34;127.25;123.83;125.91;594420;0
Газпрнефть;D;20111103;000000;125.55;127.7;122.22;127.55;267190;0
Газпрнефть;D;20111107;000000;128.26;131.96;125.7;131.94;877670;0
Газпрнефть;D;20111108;000000;132;134.6;132;133.34;1309510;0
Газпрнефть;D;20111109;000000;135;135.34;130.1;133.31;1712180;0
Газпрнефть;D;20111110;000000;131.99;135.75;131.07;133.95;542130;0
Газпрнефть;D;20111111;000000;133.5;134.52;131.96;133.96;631890;0
Газпрнефть;D;20111114;000000;134.55;136.13;134.13;135.51;531260;0
Газпрнефть;D;20111115;000000;128.68;137.14;128.68;137.13;308550;0
Газпрнефть;D;20111116;000000;136;138.28;133.31;137.51;202040;0
Газпрнефть;D;20111117;000000;137.51;138.04;132.02;133.29;433590;0
Газпрнефть;D;20111118;000000;132.98;134.2;130.01;132.85;372570;0
Газпрнефть;D;20111121;000000;132.77;132.77;130;131.4;674300;0
Газпрнефть;D;20111122;000000;129.01;134.98;129.01;133.65;577130;0
Газпрнефть;D;20111123;000000;132.07;135;131.5;134.23;317050;0
Газпрнефть;D;20111124;000000;142.46;142.46;133.31;134.61;360060;0
Газпрнефть;D;20111125;000000;134.09;135.99;130.12;135.93;406180;0
Газпрнефть;D;20111128;000000;136;139.04;135.99;139.04;366930;0
Газпрнефть;D;20111129;000000;137;139.04;136.29;138.7;813910;0
Газпрнефть;D;20111130;000000;138.5;142.45;137.03;142.45;471510;0
Газпрнефть;D;20111201;000000;141.6;142;138.7;139.5;282800;0
Газпрнефть;D;20111202;000000;138.35;140.94;137.45;139.55;384400;0
Газпрнефть;D;20111205;000000;139;140;137.64;138.69;443980;0
Газпрнефть;D;20111206;000000;138.69;138.69;136.5;138;463940;0
Газпрнефть;D;20111207;000000;138.32;141;137.01;137.98;428410;0
Газпрнефть;D;20111208;000000;139.5;140;137.24;139.21;476490;0
Газпрнефть;D;20111209;000000;137.76;139.2;132.2;137.93;630480;0
Газпрнефть;D;20111212;000000;137.53;140.03;133.9;136.28;384650;0
Газпрнефть;D;20111213;000000;135.51;137.97;130.1;134.55;367740;0
Газпрнефть;D;20111214;000000;134.5;145;132.73;134.57;585330;0
Газпрнефть;D;20111215;000000;135.38;138;132.54;136.5;237360;0
Газпрнефть;D;20111216;000000;137.93;138.8;133.47;138.28;403530;0
Газпрнефть;D;20111219;000000;136.36;139;136.36;138.4;256450;0
Газпрнефть;D;20111220;000000;137.43;141;136.52;140.74;289680;0
Газпрнефть;D;20111221;000000;141;143;139.11;141;457970;0
Газпрнефть;D;20111222;000000;140.51;144.89;140.5;144.11;667680;0
Газпрнефть;D;20111223;000000;144.53;145.75;143.21;145.39;384640;0
Газпрнефть;D;20111226;000000;145.35;145.96;140.1;142.7;198430;0
Газпрнефть;D;20111227;000000;142.87;143;141.72;142.11;107860;0
Газпрнефть;D;20111228;000000;140.64;145.88;140.27;145.3;893480;0
Газпрнефть;D;20111229;000000;145;149.87;143.49;149.5;1197710;0
Газпрнефть;D;20111230;000000;149.88;150.5;146.21;147.88;431640;0
Газпрнефть;D;20120103;000000;149.56;152.99;149.56;150.18;153740;0
Газпрнефть;D;20120104;000000;151.47;152.7;147.57;148.7;107060;0
Газпрнефть;D;20120105;000000;149.7;151.7;147.49;148.93;57650;0
Газпрнефть;D;20120106;000000;149.68;150.69;148.08;149;58380;0
Газпрнефть;D;20120109;000000;148.07;150.25;146.08;148.5;128430;0
Газпрнефть;D;20120110;000000;149.01;151.65;149.01;150.52;348460;0
Газпрнефть;D;20120111;000000;157.5;157.5;148.2;149.5;161820;0
Газпрнефть;D;20120112;000000;150;152;149;149;198500;0
Газпрнефть;D;20120113;000000;149.51;149.51;145.5;146.18;368020;0
Газпрнефть;D;20120116;000000;145.98;147.3;144.1;145.73;147130;0
Газпрнефть;D;20120117;000000;146;149.15;145.81;147.63;260340;0
Газпрнефть;D;20120118;000000;147.64;149;146.51;148.5;263570;0
Газпрнефть;D;20120119;000000;149.18;151.5;148.15;150.82;337130;0
Газпрнефть;D;20120120;000000;151.08;153;150.33;150.6;590080;0
Газпрнефть;D;20120123;000000;150.6;150.97;148.8;150.06;237970;0
Газпрнефть;D;20120124;000000;149.83;150.98;148.32;150.25;430580;0
Газпрнефть;D;20120125;000000;150.74;151.1;149.34;150.34;235480;0
Газпрнефть;D;20120126;000000;169.39;169.39;147.57;150.42;227090;0
Газпрнефть;D;20120127;000000;150;151;148.01;150.77;190700;0
Газпрнефть;D;20120130;000000;149.9;150.49;147.1;148.55;197030;0
Газпрнефть;D;20120131;000000;148.99;150.24;148.01;148.57;234960;0
Газпрнефть;D;20120201;000000;148.57;150.97;148.13;150.02;350350;0
Газпрнефть;D;20120202;000000;150.04;150.77;149.25;149.75;128320;0
Газпрнефть;D;20120203;000000;149.75;150.37;148.22;149.3;251500;0
Газпрнефть;D;20120206;000000;149.3;149.3;148;148.67;224880;0
Газпрнефть;D;20120207;000000;148.67;149.49;146.19;148.92;698860;0
Газпрнефть;D;20120208;000000;148.07;150.96;148.04;149.48;350890;0
Газпрнефть;D;20120209;000000;150;150.96;149.3;150.8;1028670;0
Газпрнефть;D;20120210;000000;150.15;152.65;145;152.15;1293900;0
Газпрнефть;D;20120213;000000;152.5;154.8;149.9;152.99;581100;0
Газпрнефть;D;20120214;000000;152.7;154.65;151.69;154.64;502620;0
Газпрнефть;D;20120215;000000;154.8;155;154.25;154.45;276120;0
Газпрнефть;D;20120216;000000;153.99;154;150.81;153.49;198870;0
Газпрнефть;D;20120217;000000;153.39;155;152.57;154.5;157190;0
Газпрнефть;D;20120220;000000;154.6;156;151.84;153.8;167840;0
Газпрнефть;D;20120221;000000;154.46;154.46;152.1;152.58;300690;0
Газпрнефть;D;20120222;000000;152.97;154;150.01;151.89;219170;0
Газпрнефть;D;20120224;000000;151.9;155.35;151.85;155.13;719190;0
Газпрнефть;D;20120227;000000;155.5;155.98;154.25;155.62;289360;0
Газпрнефть;D;20120228;000000;155.01;156.49;153.11;155.41;959560;0
Газпрнефть;D;20120229;000000;156.73;156.99;155.52;156.95;516460;0
Газпрнефть;D;20120301;000000;156.65;156.98;154.11;156.89;364280;0
Газпрнефть;D;20120302;000000;157.16;157.22;154.42;156.45;1095310;0
Газпрнефть;D;20120305;000000;152.54;157.7;152.54;156.99;385420;0
Газпрнефть;D;20120306;000000;156.5;157.18;154.79;156.59;365890;0
Газпрнефть;D;20120307;000000;155.5;159.25;154.91;159;458000;0
Газпрнефть;D;20120311;000000;159.07;162.63;159.07;162.1;287740;0
Газпрнефть;D;20120312;000000;161.1;162.45;157.05;158.12;1193600;0
Газпрнефть;D;20120313;000000;158.35;159.96;154.62;157.6;676130;0
Газпрнефть;D;20120314;000000;159.6;159.6;155.32;156.31;997370;0
Газпрнефть;D;20120315;000000;156;156.98;155.44;155.71;678430;0
Газпрнефть;D;20120316;000000;156.06;156.98;150.06;151.19;1651200;0
Газпрнефть;D;20120319;000000;151.35;158.5;151.35;157.41;1366550;0
Газпрнефть;D;20120320;000000;157.49;157.98;154.23;156.46;843410;0
Газпрнефть;D;20120321;000000;159.09;159.09;154.71;155;323460;0
Газпрнефть;D;20120322;000000;155.79;156.66;151.37;152.19;386910;0
Газпрнефть;D;20120323;000000;152.35;153;149.1;151.8;299740;0
Газпрнефть;D;20120326;000000;152;156.11;152;154.31;319280;0
Газпрнефть;D;20120327;000000;155.87;156.46;154.14;155.91;578960;0
Газпрнефть;D;20120328;000000;155;156.79;152.53;154.1;246530;0
Газпрнефть;D;20120329;000000;153.98;153.98;150.83;151;428280;0
Газпрнефть;D;20120330;000000;152.79;156.9;151.62;155.78;316430;0
Газпрнефть;D;20120402;000000;156;157.79;154.4;155.72;208910;0
Газпрнефть;D;20120403;000000;157.5;157.77;156.17;157.25;313450;0
Газпрнефть;D;20120404;000000;155.5;156.9;153.19;155.11;269830;0
Газпрнефть;D;20120405;000000;156;156.9;154.31;156.13;102080;0
Газпрнефть;D;20120406;000000;157.31;157.31;153.33;153.81;127670;0
Газпрнефть;D;20120409;000000;155.39;159.98;152.12;157.86;306360;0
Газпрнефть;D;20120410;000000;157.9;159.37;152.31;153.28;344960;0
Газпрнефть;D;20120411;000000;152.42;156.08;152.01;155.48;277440;0
Газпрнефть;D;20120412;000000;155;156.61;152.55;155.99;400570;0
Газпрнефть;D;20120413;000000;156;156.55;153.5;154.19;381950;0
Газпрнефть;D;20120416;000000;153.51;156.55;153.5;156;597070;0
Газпрнефть;D;20120417;000000;156.39;156.39;153.85;155.35;428410;0
Газпрнефть;D;20120418;000000;156.12;156.49;154.4;155.49;473750;0
Газпрнефть;D;20120419;000000;155.37;157.89;155.11;156.18;487630;0
Газпрнефть;D;20120420;000000;156.16;161;156;157.7;874390;0
Газпрнефть;D;20120423;000000;158.59;160.89;154.48;154.7;1253710;0
Газпрнефть;D;20120424;000000;155.32;156.11;152.16;155;1195460;0
Газпрнефть;D;20120425;000000;149;149;143.57;146.2;1423970;0
Газпрнефть;D;20120426;000000;146.99;146.99;137.12;137.12;935210;0
Газпрнефть;D;20120427;000000;138.06;142;133.93;142;541840;0
Газпрнефть;D;20120428;000000;142;142.35;140.4;140.76;60920;0
Газпрнефть;D;20120502;000000;141.16;144.5;138.37;138.5;527970;0
Газпрнефть;D;20120503;000000;138.65;140.29;135.05;138.35;395010;0
Газпрнефть;D;20120504;000000;138.6;138.6;131.73;133;633940;0
Газпрнефть;D;20120505;000000;133;133.65;130.01;131.76;110420;0
Газпрнефть;D;20120507;000000;130.31;131.8;128;130;148180;0
Газпрнефть;D;20120508;000000;131;137.99;130.5;134.02;232800;0
Газпрнефть;D;20120510;000000;133.3;136.1;133;133.39;281270;0
Газпрнефть;D;20120511;000000;133.2;135;130.5;134.01;256800;0
Газпрнефть;D;20120512;000000;133.16;135.77;133.13;135.55;40740;0
Газпрнефть;D;20120514;000000;135.46;137.87;130;130.1;590650;0
Газпрнефть;D;20120515;000000;132.18;132.68;130.23;131.94;740130;0
Газпрнефть;D;20120516;000000;131.18;132.56;128.38;131.51;284320;0
Газпрнефть;D;20120517;000000;131.51;133.58;128.53;130.39;1262980;0
Газпрнефть;D;20120518;000000;130.39;131.19;127.5;130;491210;0
Газпрнефть;D;20120521;000000;131;132.77;130.28;131.99;391590;0
Газпрнефть;D;20120522;000000;132.99;134.05;131.55;131.84;453610;0
Газпрнефть;D;20120523;000000;131.47;133.3;124.16;126.18;507590;0
Газпрнефть;D;20120524;000000;127.25;130;119.2;128.94;857590;0
Газпрнефть;D;20120525;000000;128;131.78;126;130.5;341660;0
Газпрнефть;D;20120528;000000;131;131.92;130.12;130.66;99570;0
Газпрнефть;D;20120529;000000;131;133;129.12;132.4;582870;0
Газпрнефть;D;20120530;000000;130.47;132.5;129;131.45;182550;0
Газпрнефть;D;20120531;000000;130.4;134.77;130.4;131.81;434660;0
Газпрнефть;D;20120601;000000;131.6;132.7;127.89;128.29;341990;0
Газпрнефть;D;20120604;000000;128.75;129.78;125.29;128.5;147030;0
Газпрнефть;D;20120605;000000;129.99;130.89;128.5;128.61;62740;0
Газпрнефть;D;20120606;000000;130;132.12;125.94;131.35;379990;0
Газпрнефть;D;20120607;000000;131.7;132.7;130.51;132.22;639700;0
Газпрнефть;D;20120608;000000;131.31;165;129.56;137.36;2009180;0
Газпрнефть;D;20120609;000000;138.51;143;135.55;136.41;218180;0
Газпрнефть;D;20120613;000000;138.15;142;136.78;140;421560;0
Газпрнефть;D;20120614;000000;140.49;142.45;137.41;140.65;414960;0
Газпрнефть;D;20120615;000000;142.7;146.74;141.56;145.43;528840;0
Газпрнефть;D;20120618;000000;145.22;150;142.58;143.39;404130;0
Газпрнефть;D;20120619;000000;143.39;144.99;141.66;142.2;456100;0
Газпрнефть;D;20120620;000000;142.3;143.33;140;141.05;366200;0
Газпрнефть;D;20120621;000000;140.98;143;139.23;142.01;523190;0
Газпрнефть;D;20120622;000000;140.02;145.76;136.45;140.71;801020;0
Газпрнефть;D;20120625;000000;140.25;145;139.21;143.02;330650;0
Газпрнефть;D;20120626;000000;144.24;148.4;139.04;146;746550;0
Газпрнефть;D;20120627;000000;148.9;148.9;143.81;145;340200;0
Газпрнефть;D;20120628;000000;145.05;146.81;143.5;145.21;616110;0
Газпрнефть;D;20120629;000000;146.96;148.25;146;147.62;463060;0
Газпрнефть;D;20120702;000000;147;150;145.91;150;236720;0
Газпрнефть;D;20120703;000000;150.11;152.75;148.03;151.01;533790;0
Газпрнефть;D;20120704;000000;150.7;151.69;149.79;151.02;139000;0
Газпрнефть;D;20120705;000000;150.01;153.49;149.16;151.67;256330;0
Газпрнефть;D;20120706;000000;151;152.5;149.46;151.72;591690;0
Газпрнефть;D;20120709;000000;151.95;154.47;150.34;151.7;423860;0
Газпрнефть;D;20120710;000000;151.39;152.31;148.05;151.4;556830;0
Газпрнефть;D;20120711;000000;147.68;151;147.68;150.51;292320;0
Газпрнефть;D;20120712;000000;150.79;156.14;149.5;154.8;319250;0
Газпрнефть;D;20120713;000000;155.31;155.8;151.9;152.19;236100;0
Газпрнефть;D;20120716;000000;152.49;152.5;150.52;152.43;114500;0
Газпрнефть;D;20120717;000000;152.6;155.68;152.35;154.9;251350;0
Газпрнефть;D;20120718;000000;154.25;155.75;154.25;155.1;86850;0
Газпрнефть;D;20120719;000000;155.38;156;153.34;155.27;189700;0
Газпрнефть;D;20120720;000000;155.27;156.3;152.18;153.05;236220;0
Газпрнефть;D;20120723;000000;152.93;152.93;149.03;150.1;311560;0
Газпрнефть;D;20120724;000000;149.99;151.56;145;148.5;313520;0
Газпрнефть;D;20120725;000000;147.63;151.4;146.21;147.23;240260;0
Газпрнефть;D;20120726;000000;147.86;151;147.01;150.21;155920;0
Газпрнефть;D;20120727;000000;149.4;154.96;149.4;154.45;265950;0
Газпрнефть;D;20120730;000000;154.48;158.5;154;157.25;299480;0
Газпрнефть;D;20120731;000000;157;158.5;153.88;154.72;518640;0
Газпрнефть;D;20120801;000000;155.7;155.7;151.5;152.34;272960;0
Газпрнефть;D;20120802;000000;152.53;154.88;150.3;150.36;241260;0
Газпрнефть;D;20120803;000000;150.36;155.2;150;154.68;150050;0
Газпрнефть;D;20120806;000000;155.15;156.28;153.53;153.81;348850;0
Газпрнефть;D;20120807;000000;154.08;155.73;153.21;154.5;176620;0
Газпрнефть;D;20120808;000000;154.48;157.43;154;154.94;84980;0
Газпрнефть;D;20120809;000000;155.02;157;154.58;155.93;126950;0
Газпрнефть;D;20120810;000000;155.83;157.13;154.4;155.67;399210;0
Газпрнефть;D;20120813;000000;155.6;156.68;155;155.13;190710;0
Газпрнефть;D;20120814;000000;155.5;156.36;153.84;155.26;232330;0
Газпрнефть;D;20120815;000000;155.05;155.05;151.5;151.7;379650;0
Газпрнефть;D;20120816;000000;152.66;153.93;150.71;151.34;155530;0
Газпрнефть;D;20120817;000000;152.82;152.89;147.81;148.55;342530;0
Газпрнефть;D;20120820;000000;150;150;148;148.86;79070;0
Газпрнефть;D;20120821;000000;149.24;153.6;149.24;151.99;221080;0
Газпрнефть;D;20120822;000000;148.63;151;148.63;149.54;111400;0
Газпрнефть;D;20120823;000000;153.07;153.07;149.44;150.1;335560;0
Газпрнефть;D;20120824;000000;149.49;150.32;148;149.77;200720;0
Газпрнефть;D;20120827;000000;149.77;150.3;147.7;148.07;120830;0
Газпрнефть;D;20120828;000000;148.07;149.15;147.94;149;104690;0
Газпрнефть;D;20120829;000000;148.82;149.9;147.21;148.05;176980;0
Газпрнефть;D;20120830;000000;148.78;149.5;146.27;149;182200;0
Газпрнефть;D;20120831;000000;148.56;151.89;148.53;151.24;403320;0
Газпрнефть;D;20120903;000000;152;152.5;151.03;152.47;217540;0
Газпрнефть;D;20120904;000000;148.14;153.45;148.14;152.41;177150;0
Газпрнефть;D;20120905;000000;152.14;153;151.1;152.05;233460;0
Газпрнефть;D;20120906;000000;151.99;155.8;151.99;153.89;233350;0
Газпрнефть;D;20120907;000000;177.25;177.25;153.96;155.88;260470;0
Газпрнефть;D;20120910;000000;155.15;156.64;152.88;154.91;247360;0
Газпрнефть;D;20120911;000000;154.91;155.98;153.8;153.81;159650;0
Газпрнефть;D;20120912;000000;154.01;155.25;152.5;152.65;381650;0
Газпрнефть;D;20120913;000000;152.61;153.98;151.24;152.7;116960;0
Газпрнефть;D;20120914;000000;155.05;156.92;153.95;156.22;780220;0
Газпрнефть;D;20120917;000000;156.01;158.44;155.5;156.01;415930;0
Газпрнефть;D;20120918;000000;162.3;162.3;153.44;155.73;250400;0
Газпрнефть;D;20120919;000000;155.75;157.29;152.01;152.6;163960;0
Газпрнефть;D;20120920;000000;152.51;153.85;149.49;151.8;151610;0
Газпрнефть;D;20120921;000000;153.01;153.8;149.57;153.31;285370;0
Газпрнефть;D;20120924;000000;151.11;153.31;149.5;150.3;245790;0
Газпрнефть;D;20120925;000000;150.99;151.88;150;150.03;125690;0
Газпрнефть;D;20120926;000000;149.99;150.57;147.81;148.42;208540;0
Газпрнефть;D;20120927;000000;149.77;151.56;148.57;151.05;112370;0
Газпрнефть;D;20120928;000000;151.74;152.7;149.99;152.67;315230;0
Газпрнефть;D;20121001;000000;151.99;154.5;151.67;154.5;177190;0
Газпрнефть;D;20121002;000000;154.45;155.02;153;154.57;180600;0
Газпрнефть;D;20121003;000000;153.9;156.42;152.51;154.62;114910;0
Газпрнефть;D;20121004;000000;154.05;155.44;154;154.37;127880;0
Газпрнефть;D;20121005;000000;154.56;155.99;154.5;154.91;122670;0
Газпрнефть;D;20121008;000000;154.92;156;152.57;155.1;90760;0
Газпрнефть;D;20121009;000000;145.26;155.6;145.26;154.43;51220;0
Газпрнефть;D;20121010;000000;154;155.1;153.12;154.75;45740;0
Газпрнефть;D;20121011;000000;154.22;155.81;153.18;155.09;97690;0
Газпрнефть;D;20121012;000000;155.99;156;153.09;154.5;283820;0
Газпрнефть;D;20121015;000000;154.56;157;152.73;156.29;172520;0
Газпрнефть;D;20121016;000000;156.5;157.33;155.59;156.25;81600;0
Газпрнефть;D;20121017;000000;155.72;159.72;155.71;158.7;186290;0
Газпрнефть;D;20121018;000000;158.61;159.9;156.13;158.5;351970;0
Газпрнефть;D;20121019;000000;158.5;158.5;156;156.12;63120;0
Газпрнефть;D;20121022;000000;156.5;158.11;154.77;156.3;126040;0
Газпрнефть;D;20121023;000000;156.98;157.39;153.08;153.75;103520;0
Газпрнефть;D;20121024;000000;154.5;156.73;153.03;155.01;134510;0
Газпрнефть;D;20121025;000000;154.78;155.44;153.1;154.2;126640;0
Газпрнефть;D;20121026;000000;154.04;155.35;153.9;154.5;135810;0
Газпрнефть;D;20121029;000000;155.32;158;154.53;155.01;69650;0
Газпрнефть;D;20121030;000000;156;157;154.5;155.42;62060;0
Газпрнефть;D;20121031;000000;155.42;156.68;148.6;153;235180;0
Газпрнефть;D;20121101;000000;152.41;156.21;150.3;155.77;200200;0
Газпрнефть;D;20121102;000000;156.05;157.55;154;156.74;333490;0
Газпрнефть;D;20121106;000000;156.7;158;155.45;155.5;57680;0
Газпрнефть;D;20121107;000000;155.52;156.45;151;151.41;113300;0
Газпрнефть;D;20121108;000000;151.97;153.8;150.5;153.21;123080;0
Газпрнефть;D;20121109;000000;154.07;156;147.01;147.13;368530;0
Газпрнефть;D;20121112;000000;148.09;150.09;144.2;148.65;714620;0
Газпрнефть;D;20121113;000000;173.58;173.58;146.22;146.71;186760;0
Газпрнефть;D;20121114;000000;147.98;147.98;142.01;142.56;305010;0
Газпрнефть;D;20121115;000000;141.79;144.63;141.51;142.6;262640;0
Газпрнефть;D;20121116;000000;142.97;147.54;142.97;143.75;233970;0
Газпрнефть;D;20121119;000000;144.99;145.8;143.33;144;171240;0
Газпрнефть;D;20121120;000000;144.1;144.4;140.94;141.04;254190;0
Газпрнефть;D;20121121;000000;141;143.58;141;143.1;261170;0
Газпрнефть;D;20121122;000000;143;145.57;142;142.03;186610;0
Газпрнефть;D;20121123;000000;142.79;142.97;141.33;141.36;126950;0
Газпрнефть;D;20121126;000000;142;142.37;137.79;139.53;165720;0
Газпрнефть;D;20121127;000000;158.92;158.92;140.1;140.51;139920;0
Газпрнефть;D;20121128;000000;140.05;142.16;138.31;138.32;137190;0
Газпрнефть;D;20121129;000000;139.45;140.44;139;139;99560;0
Газпрнефть;D;20121130;000000;138.96;141;137.51;140.71;156360;0
Газпрнефть;D;20121203;000000;142.35;143.23;138.51;142.12;397150;0
Газпрнефть;D;20121204;000000;142.5;143.26;141.87;142.01;239470;0
Газпрнефть;D;20121205;000000;142.11;144.44;142.11;142.76;254120;0
Газпрнефть;D;20121206;000000;142.8;143.69;142.8;142.85;115260;0
Газпрнефть;D;20121207;000000;142.75;143;142.4;142.59;35840;0
Газпрнефть;D;20121210;000000;142.49;143.27;141.6;141.82;107540;0
Газпрнефть;D;20121211;000000;141.91;142.8;141.5;142.15;212170;0
Газпрнефть;D;20121212;000000;142.24;146.68;142.24;146.45;329340;0
Газпрнефть;D;20121213;000000;146.98;147.91;145.82;147.69;162150;0
Газпрнефть;D;20121214;000000;147.69;149.39;147.69;148.61;189560;0
Газпрнефть;D;20121217;000000;148.69;148.7;147.02;147.94;154110;0
Газпрнефть;D;20121218;000000;148.06;149.76;146.01;147.25;633260;0
Газпрнефть;D;20121219;000000;147.99;148;145.5;145.51;448640;0
Газпрнефть;D;20121220;000000;145.5;146.73;144.61;146.5;145570;0
Газпрнефть;D;20121221;000000;146.4;146.4;142.9;143.43;339020;0
Газпрнефть;D;20121224;000000;143.97;143.97;142.67;143.05;240290;0
Газпрнефть;D;20121225;000000;143;143.44;142.5;142.66;76990;0
Газпрнефть;D;20121226;000000;142.53;144.3;142.2;143.62;1993750;0
Газпрнефть;D;20121227;000000;143.72;143.98;141.95;142.2;128790;0
Газпрнефть;D;20121228;000000;142.8;143.03;141.17;142.5;232420;0
Газпрнефть;D;20130108;000000;144.99;147.5;143.7;143.78;119650;0
Газпрнефть;D;20130109;000000;143.64;144.22;142.52;143.1;100910;0
Газпрнефть;D;20130110;000000;143.01;144.18;142;142.49;374370;0
Газпрнефть;D;20130111;000000;142.61;143.98;141.71;143.6;243260;0
Газпрнефть;D;20130114;000000;143.6;143.91;143.43;143.89;203650;0
Газпрнефть;D;20130115;000000;143.82;144.06;142.73;142.88;203930;0
Газпрнефть;D;20130116;000000;142.13;143.5;142.13;142.59;211220;0
Газпрнефть;D;20130117;000000;142.5;143.62;142.5;142.83;148740;0
Газпрнефть;D;20130118;000000;144.29;144.29;142.52;142.85;486230;0
Газпрнефть;D;20130121;000000;142.99;143.29;142.55;143.08;185450;0
Газпрнефть;D;20130122;000000;143.5;147.44;141.02;142.81;194770;0
Газпрнефть;D;20130123;000000;143;145.54;141.6;144.2;513640;0
Газпрнефть;D;20130124;000000;143.85;144.35;143.32;143.5;143490;0
Газпрнефть;D;20130125;000000;143.97;145.45;143.5;145.39;344320;0
Газпрнефть;D;20130128;000000;145.39;145.9;144.69;145.2;89700;0
Газпрнефть;D;20130129;000000;145.45;145.7;144.17;144.5;297590;0
Газпрнефть;D;20130130;000000;144.97;146.88;144.5;145.27;482150;0
Газпрнефть;D;20130131;000000;143.97;146.7;143.97;146.51;419350;0
Газпрнефть;D;20130201;000000;145.76;146.75;145.64;146.1;210730;0
Газпрнефть;D;20130204;000000;146.52;146.67;145;145;87680;0
Газпрнефть;D;20130205;000000;144.9;145.92;144.06;144.25;160780;0
Газпрнефть;D;20130206;000000;145.05;145.79;144.45;144.89;237790;0
Газпрнефть;D;20130207;000000;145.7;145.7;143.2;143.58;265660;0
Газпрнефть;D;20130208;000000;141.37;144.9;141.37;143.17;202140;0
Газпрнефть;D;20130211;000000;143.4;144.1;142.9;143.15;180230;0
Газпрнефть;D;20130212;000000;143.15;143.75;142.1;142.11;464090;0
Газпрнефть;D;20130213;000000;142.96;144.94;142.56;143.58;122270;0
Газпрнефть;D;20130214;000000;144.69;145.44;142.76;143.72;181880;0
Газпрнефть;D;20130215;000000;143.73;144.98;142.67;144;137650;0
Газпрнефть;D;20130218;000000;144;144.55;143.15;143.54;60920;0
Газпрнефть;D;20130219;000000;141.51;144.11;141.51;142.99;125620;0
Газпрнефть;D;20130220;000000;142.84;143.92;142.57;143.73;207720;0
Газпрнефть;D;20130221;000000;142.5;142.8;140.85;141.65;194570;0
Газпрнефть;D;20130222;000000;146.32;146.32;141.53;142;1191110;0
Газпрнефть;D;20130225;000000;142.74;143.7;141.55;142.69;320460;0
Газпрнефть;D;20130226;000000;141.69;142.27;141.61;142;52440;0
Газпрнефть;D;20130227;000000;142.26;142.64;140.39;140.77;163410;0
Газпрнефть;D;20130228;000000;143.87;143.87;137.57;137.77;435630;0
Газпрнефть;D;20130301;000000;138.75;138.75;136.5;136.5;264330;0
Газпрнефть;D;20130304;000000;137.03;137.03;134.7;135.3;284330;0
Газпрнефть;D;20130305;000000;135.5;138;135.35;137.5;253400;0
Газпрнефть;D;20130306;000000;139.78;139.78;137.87;138.99;174690;0
Газпрнефть;D;20130307;000000;138.51;140;138.38;139.5;89670;0
Газпрнефть;D;20130311;000000;139.79;141.58;139.79;140.85;257520;0
Газпрнефть;D;20130312;000000;140.89;141.45;139.01;140.46;342480;0
Газпрнефть;D;20130313;000000;140.47;141.3;139.93;140.69;443290;0
Газпрнефть;D;20130314;000000;140.71;141.39;140.07;140.35;67440;0
Газпрнефть;D;20130315;000000;140.3;141.8;140.01;140.26;185940;0
Газпрнефть;D;20130318;000000;140.4;140.99;137.3;137.9;160790;0
Газпрнефть;D;20130319;000000;138.5;138.9;135.14;135.15;206490;0
Газпрнефть;D;20130320;000000;135.61;136.9;135.15;136.31;153510;0
Газпрнефть;D;20130321;000000;136.7;139.5;136.01;136.79;244800;0
Газпрнефть;D;20130322;000000;136;137.29;135.57;136.17;184650;0
Газпрнефть;D;20130325;000000;137.37;137.37;132.83;134.7;401610;0
Газпрнефть;D;20130326;000000;134.4;134.9;131.2;131.7;190090;0
Газпрнефть;D;20130327;000000;135.59;135.59;129.98;130.61;439040;0
Газпрнефть;D;20130328;000000;130.1;131.93;130;130.7;185150;0
Газпрнефть;D;20130329;000000;131.93;131.93;130.7;131.65;47110;0
Газпрнефть;D;20130401;000000;131.21;131.7;130.31;131;49880;0
Газпрнефть;D;20130402;000000;131;131.74;130.68;131;59910;0
Газпрнефть;D;20130403;000000;130.56;132.99;128.3;132.18;220360;0
Газпрнефть;D;20130404;000000;130.79;132.68;130.79;131.6;229130;0
Газпрнефть;D;20130405;000000;131.27;132;129.49;130.13;161780;0
Газпрнефть;D;20130408;000000;131.39;131.39;130.5;130.7;102990;0
Газпрнефть;D;20130409;000000;131.05;132.01;130.55;131.5;83500;0
Газпрнефть;D;20130410;000000;132.01;132.3;131.5;131.95;93320;0
Газпрнефть;D;20130411;000000;134.75;134.75;129.61;130.19;151530;0
Газпрнефть;D;20130412;000000;130.47;130.5;127.5;127.63;187470;0
Газпрнефть;D;20130415;000000;127.74;130.9;121.01;128.7;948390;0
Газпрнефть;D;20130416;000000;131.05;131.99;128;130.77;771920;0
Газпрнефть;D;20130417;000000;129.6;131.96;129;131.8;366570;0
Газпрнефть;D;20130418;000000;130.65;135.59;130.5;134.39;498750;0
Газпрнефть;D;20130419;000000;135;136;133.04;133.9;446010;0
Газпрнефть;D;20130422;000000;134;137.07;133.99;134.5;762120;0
Газпрнефть;D;20130423;000000;135;136.22;133.61;134.2;800430;0
Газпрнефть;D;20130424;000000;127.06;130.1;120.84;129.76;1035230;0
Газпрнефть;D;20130425;000000;129.86;130.77;125;129;389440;0
Газпрнефть;D;20130426;000000;129.6;129.62;124.5;125.65;315920;0
Газпрнефть;D;20130429;000000;125.65;126.97;122.25;122.73;226440;0
Газпрнефть;D;20130430;000000;123;126.39;122.34;126;207190;0
Газпрнефть;D;20130502;000000;123.55;128;123.55;127.99;68440;0
Газпрнефть;D;20130503;000000;128;129.9;127.59;129.5;168500;0
Газпрнефть;D;20130506;000000;129.52;130.5;127.01;129.35;111210;0
Газпрнефть;D;20130507;000000;129.2;131.11;128.6;130.2;277150;0
Газпрнефть;D;20130508;000000;129.85;131;128.27;130.2;88250;0
Газпрнефть;D;20130510;000000;134.41;134.41;130.23;130.72;57280;0
Газпрнефть;D;20130513;000000;130.19;130.54;128.25;129.5;93580;0
Газпрнефть;D;20130514;000000;128.68;130;127.1;127.98;56290;0
Газпрнефть;D;20130515;000000;128.66;132.01;127.5;128.51;234950;0
Газпрнефть;D;20130516;000000;129.51;129.52;126.6;127;72440;0
Газпрнефть;D;20130517;000000;127.69;129;126.25;128.1;125200;0
Газпрнефть;D;20130520;000000;127.56;128.75;127.55;128.12;42880;0
Газпрнефть;D;20130521;000000;127.77;128.78;126.91;128;52040;0
Газпрнефть;D;20130522;000000;127.98;128.88;126.96;128.69;165260;0
Газпрнефть;D;20130523;000000;127.1;127.77;126.17;126.84;110630;0
Газпрнефть;D;20130524;000000;127;127.11;125.31;125.45;73000;0
Газпрнефть;D;20130527;000000;126.35;126.35;125.22;125.6;6050;0
Газпрнефть;D;20130528;000000;126.04;126.95;125.11;125.65;119690;0
Газпрнефть;D;20130529;000000;125.66;125.66;123.16;123.16;99080;0
Газпрнефть;D;20130530;000000;124.19;124.19;121;121.7;181620;0
Газпрнефть;D;20130531;000000;122.34;122.46;121;121.64;129010;0
Газпрнефть;D;20130603;000000;121;127;111;120.03;199360;0
Газпрнефть;D;20130604;000000;120.89;122.7;120.52;121.74;78120;0
Газпрнефть;D;20130605;000000;121.94;122;119.31;120.22;99560;0
Газпрнефть;D;20130606;000000;120.01;120.65;119;119.13;121840;0
Газпрнефть;D;20130607;000000;120.27;124.5;119.13;123.15;137890;0
Газпрнефть;D;20130610;000000;122.97;125;122.51;123.87;119570;0
Газпрнефть;D;20130611;000000;125.02;125.02;119;119.79;199460;0
Газпрнефть;D;20130613;000000;118.9;118.99;110.5;112.78;1832700;0
Газпрнефть;D;20130614;000000;113.07;113.8;110.22;112.54;769430;0
Газпрнефть;D;20130617;000000;112.8;114.98;112.1;112.61;465630;0
Газпрнефть;D;20130618;000000;111.55;114.8;111;114.12;553240;0
Газпрнефть;D;20130619;000000;114.05;114.9;111.5;112.19;579410;0
Газпрнефть;D;20130620;000000;111.01;113.75;110.52;113;504070;0
Газпрнефть;D;20130621;000000;112.36;119;112;114.98;719980;0
Газпрнефть;D;20130624;000000;114.99;118.98;114.07;115;442780;0
Газпрнефть;D;20130625;000000;115.72;116.83;114.74;116;440130;0
Газпрнефть;D;20130626;000000;116;119.97;115.26;117.62;422050;0
Газпрнефть;D;20130627;000000;118.04;119.89;116.61;117.19;175700;0
Газпрнефть;D;20130628;000000;116.35;117.77;116.35;117.5;326560;0
Газпрнефть;D;20130701;000000;117.51;119.16;117.17;118.25;125010;0
Газпрнефть;D;20130702;000000;118.34;119.4;118.2;118.59;205860;0
Газпрнефть;D;20130703;000000;117.8;118.79;117.39;118.15;186940;0
Газпрнефть;D;20130704;000000;118.15;118.82;117.09;118.1;194680;0
Газпрнефть;D;20130705;000000;118.37;118.95;117.38;117.88;215400;0
Газпрнефть;D;20130708;000000;117.84;118.41;117.43;117.94;113860;0
Газпрнефть;D;20130709;000000;118;118.37;116.05;116.44;169440;0
Газпрнефть;D;20130710;000000;117.07;117.3;115.01;115.88;107880;0
Газпрнефть;D;20130711;000000;116.48;117.79;116.1;117.32;247780;0
Газпрнефть;D;20130712;000000;117.97;119.1;117.01;118.74;386640;0
Газпрнефть;D;20130715;000000;121;121.1;117.61;118.47;313410;0
Газпрнефть;D;20130716;000000;118.23;118.98;117.2;118.19;379650;0
Газпрнефть;D;20130717;000000;118.12;128.27;118.12;127.83;1068960;0
Газпрнефть;D;20130718;000000;129.2;129.2;123.07;124.57;457440;0
Газпрнефть;D;20130719;000000;124.56;126.97;123.11;124.3;623910;0
Газпрнефть;D;20130722;000000;124.53;126.95;124.14;125.53;366540;0
Газпрнефть;D;20130723;000000;125.24;126.29;124.2;125;215280;0
Газпрнефть;D;20130724;000000;125;125.61;121.3;121.87;236320;0
Газпрнефть;D;20130725;000000;122.24;122.48;118.11;118.8;524050;0
Газпрнефть;D;20130726;000000;123.96;123.96;117.11;118.61;367320;0
Газпрнефть;D;20130729;000000;118.52;120.28;118;120.19;243830;0
Газпрнефть;D;20130730;000000;120.01;121.22;118.17;118.18;261010;0
Газпрнефть;D;20130731;000000;118.42;119.38;117.53;117.8;216880;0
Газпрнефть;D;20130801;000000;118.75;120.95;118.39;120.4;366100;0
Газпрнефть;D;20130802;000000;120.05;121.95;119.36;119.37;430610;0
Газпрнефть;D;20130805;000000;119.31;120.1;117.21;117.97;533680;0
Газпрнефть;D;20130806;000000;116.51;118.5;116.51;117;258360;0
Газпрнефть;D;20130807;000000;117;118;116.5;117.52;141870;0
Газпрнефть;D;20130808;000000;117.82;118.45;116.6;118.14;237700;0
Газпрнефть;D;20130809;000000;118.2;121.09;117.59;120.77;382000;0
Газпрнефть;D;20130812;000000;120.5;121.92;120.1;121.4;220880;0
Газпрнефть;D;20130813;000000;121.35;125.98;121.3;125.23;781670;0
Газпрнефть;D;20130814;000000;125.45;127.5;125.23;126.85;576410;0
Газпрнефть;D;20130815;000000;127.02;127.2;124.77;124.87;434600;0
Газпрнефть;D;20130816;000000;124.99;126.14;123.12;124.43;202800;0
Газпрнефть;D;20130819;000000;128.15;128.15;123.9;124;215600;0
Газпрнефть;D;20130820;000000;123.88;125;122.14;124.63;123010;0
Газпрнефть;D;20130821;000000;124.39;125.9;124.39;125.1;131650;0
Газпрнефть;D;20130822;000000;125.91;128.8;124.88;128.61;1081740;0
Газпрнефть;D;20130823;000000;128.8;133.4;128.55;132.24;1103420;0
Газпрнефть;D;20130826;000000;129.98;131.95;127.86;129.56;454950;0
Газпрнефть;D;20130827;000000;129.5;132.89;127.95;131.6;531400;0
Газпрнефть;D;20130828;000000;130;133;128.23;132.24;316590;0
Газпрнефть;D;20130829;000000;133.85;136.48;131.71;133.99;564420;0
Газпрнефть;D;20130830;000000;134.39;136.6;130.96;135.57;744170;0
Газпрнефть;D;20130902;000000;133.06;137.92;133;137.44;65540;0
Газпрнефть;D;20130903;000000;137.49;138.5;136.47;137.47;149170;0
Газпрнефть;D;20130904;000000;137.74;139.88;137.19;139.8;356420;0
Газпрнефть;D;20130905;000000;139.89;142.12;139.61;141.86;495650;0
Газпрнефть;D;20130906;000000;142.14;144;139.89;141.54;501180;0
Газпрнефть;D;20130909;000000;140.82;145;140.82;144.1;395480;0
Газпрнефть;D;20130910;000000;144.38;144.99;140.56;142.01;429840;0
Газпрнефть;D;20130911;000000;141.32;144.2;139.9;142;302420;0
Газпрнефть;D;20130912;000000;142.02;142.94;141.47;141.54;81560;0
Газпрнефть;D;20130913;000000;143.27;143.27;141.5;142.38;436320;0
Газпрнефть;D;20130916;000000;142.55;143.97;139.1;143.2;289210;0
Газпрнефть;D;20130917;000000;142.58;142.99;141.5;141.74;177670;0
Газпрнефть;D;20130918;000000;140.92;142.85;140.92;141.71;321490;0
Газпрнефть;D;20130919;000000;143;144.89;141.88;142.24;309230;0
Газпрнефть;D;20130920;000000;142.24;142.47;139.61;139.61;173610;0
Газпрнефть;D;20130923;000000;140.5;141;136.7;138.98;388540;0
Газпрнефть;D;20130924;000000;139.69;140.36;138.87;140.36;159740;0
Газпрнефть;D;20130925;000000;140.39;140.79;139.5;140.52;369820;0
Газпрнефть;D;20130926;000000;140.27;141.25;139.65;141.25;180130;0
Газпрнефть;D;20130927;000000;141.35;142.68;140.72;142.01;707780;0
Газпрнефть;D;20130930;000000;142.05;142.75;141.24;141.58;246790;0
Газпрнефть;D;20131001;000000;143;144.17;141.85;143.99;432500;0
Газпрнефть;D;20131002;000000;144.01;144.75;142.71;143.15;554220;0
Газпрнефть;D;20131003;000000;142.17;144.06;142.17;142.84;656040;0
Газпрнефть;D;20131004;000000;142.55;144.23;142.55;144;285040;0
Газпрнефть;D;20131007;000000;144.16;144.29;143.22;143.99;340050;0
Газпрнефть;D;20131008;000000;144.2;145.63;143.81;145.59;577410;0
Газпрнефть;D;20131009;000000;146.05;146.8;144.81;146.13;323720;0
Газпрнефть;D;20131010;000000;146.24;146.75;145.5;145.65;205840;0
Газпрнефть;D;20131011;000000;146.08;159.4;144.31;147.07;543670;0
Газпрнефть;D;20131014;000000;147.24;148.58;146.24;147.09;299280;0
Газпрнефть;D;20131015;000000;146.51;149.95;146.51;149.11;360360;0
Газпрнефть;D;20131016;000000;149.04;149.41;148.41;148.53;186290;0
Газпрнефть;D;20131017;000000;149;150.06;147.2;147.25;425580;0
Газпрнефть;D;20131018;000000;147.54;148.25;146.8;147.44;172720;0
Газпрнефть;D;20131021;000000;148;148;146.51;147.16;172430;0
Газпрнефть;D;20131022;000000;147;148.13;147;147.75;282290;0
Газпрнефть;D;20131023;000000;147.11;148.1;143.76;144.02;441320;0
Газпрнефть;D;20131024;000000;144.43;145.19;143.75;144.14;317350;0
Газпрнефть;D;20131025;000000;147.38;147.38;143.7;145.37;282800;0
Газпрнефть;D;20131028;000000;146.08;147.38;146.08;146.35;189520;0
Газпрнефть;D;20131029;000000;146.35;146.54;145.1;145.41;179920;0
Газпрнефть;D;20131030;000000;144.01;146.9;144.01;145.9;196440;0
Газпрнефть;D;20131031;000000;145.18;145.7;143.98;145.02;242840;0
Газпрнефть;D;20131101;000000;145.04;146.45;145;145.93;157680;0
Газпрнефть;D;20131105;000000;144.05;146.9;144.02;145.84;259100;0
Газпрнефть;D;20131106;000000;145.96;146.75;145.11;146.75;305760;0
Газпрнефть;D;20131107;000000;146.56;148.89;145.51;148.28;397930;0
Газпрнефть;D;20131108;000000;144.19;148.9;144.19;148.25;427160;0
Газпрнефть;D;20131111;000000;149;149.45;148;149;97810;0
Газпрнефть;D;20131112;000000;149;149.44;146.76;148.5;302530;0
Газпрнефть;D;20131113;000000;147.84;148.99;146.9;147.36;186500;0
Газпрнефть;D;20131114;000000;146.28;149.17;146.28;149.17;180380;0
Газпрнефть;D;20131115;000000;148.07;149.98;148.07;148.74;209630;0
Газпрнефть;D;20131118;000000;149.26;149.26;146.86;148.2;150990;0
Газпрнефть;D;20131119;000000;147.13;149.27;147.13;148.1;196640;0
Газпрнефть;D;20131120;000000;147.99;149.5;147.82;148.26;211900;0
Газпрнефть;D;20131121;000000;147.8;150.01;146.79;147.12;307040;0
Газпрнефть;D;20131122;000000;151.74;151.74;148.04;148.63;199300;0
Газпрнефть;D;20131125;000000;148.67;149.13;147.4;147.8;372340;0
Газпрнефть;D;20131126;000000;147.8;148.69;147.25;148.16;375250;0
Газпрнефть;D;20131127;000000;148.05;148.44;147.49;147.49;182380;0
Газпрнефть;D;20131128;000000;148.17;148.35;147.56;147.61;154570;0
Газпрнефть;D;20131129;000000;147.64;148.66;147.28;148.26;276140;0
Газпрнефть;D;20131202;000000;148.27;149.28;147.9;148.33;256670;0
Газпрнефть;D;20131203;000000;148;150;147.99;149.27;317300;0
Газпрнефть;D;20131204;000000;149.24;150.99;148.62;148.99;253290;0
Газпрнефть;D;20131205;000000;148.63;149.49;147.74;147.75;138160;0
Газпрнефть;D;20131206;000000;147.43;149.2;147.12;148.39;201610;0
Газпрнефть;D;20131209;000000;148.45;148.45;147.05;147.77;155430;0
Газпрнефть;D;20131210;000000;147.32;148.39;146.51;147.1;237800;0
Газпрнефть;D;20131211;000000;146.71;147.1;146.07;146.18;160790;0
Газпрнефть;D;20131212;000000;146.08;146.08;144.43;145.38;170160;0
Газпрнефть;D;20131213;000000;145.67;146.86;143;143.24;300930;0
Газпрнефть;D;20131216;000000;144;145.27;143.02;143.44;268250;0
Газпрнефть;D;20131217;000000;144.78;144.78;143.3;143.98;342200;0
Газпрнефть;D;20131218;000000;143.93;146.2;136.07;146;472780;0
Газпрнефть;D;20131219;000000;146.41;147.36;146.31;147.2;244280;0
Газпрнефть;D;20131220;000000;147.28;147.42;145.21;145.8;253740;0
Газпрнефть;D;20131223;000000;146.27;149.9;146.2;148.9;911410;0
Газпрнефть;D;20131224;000000;149.27;149.39;147.46;148.11;253630;0
Газпрнефть;D;20131225;000000;148.01;148.49;146.96;147.14;115710;0
Газпрнефть;D;20131226;000000;144.26;148.5;144.26;147.82;129520;0
Газпрнефть;D;20131227;000000;147.94;148.49;147.25;147.36;224340;0
Газпрнефть;D;20131230;000000;147.36;148;146.77;147.61;156250;0
Газпрнефть;D;20140106;000000;146.84;147.95;146.4;147.79;89140;0
Газпрнефть;D;20140108;000000;147.85;148.71;147.7;148.39;52010;0
Газпрнефть;D;20140109;000000;148.01;148.5;146.68;146.79;171970;0
Газпрнефть;D;20140110;000000;147;147.9;146.42;146.78;134020;0
Газпрнефть;D;20140113;000000;146.37;147.77;146.37;147.41;104020;0
Газпрнефть;D;20140114;000000;147;147.55;146.21;147.18;128140;0
Газпрнефть;D;20140115;000000;147.49;148.15;146.13;146.64;189890;0
Газпрнефть;D;20140116;000000;147.06;147.47;146.5;146.68;54240;0
Газпрнефть;D;20140117;000000;146.85;147.41;146.42;146.45;28300;0
Газпрнефть;D;20140120;000000;146.1;148.47;146;148;206290;0
Газпрнефть;D;20140121;000000;148.5;148.5;147.57;148.16;87210;0
Газпрнефть;D;20140122;000000;149.14;149.14;146.4;147;187860;0
Газпрнефть;D;20140123;000000;147.78;148.75;146.64;146.89;153060;0
Газпрнефть;D;20140124;000000;146.28;147.88;145.88;146.93;78890;0
Газпрнефть;D;20140127;000000;146.01;147.38;143.43;143.49;166080;0
Газпрнефть;D;20140128;000000;143.66;144.37;141.22;141.84;263090;0
Газпрнефть;D;20140129;000000;142.23;145.2;142.23;143.27;296780;0
Газпрнефть;D;20140130;000000;143.27;144.21;140.03;141.64;292900;0
Газпрнефть;D;20140131;000000;141.85;142.17;140.58;141.37;102700;0
Газпрнефть;D;20140203;000000;142.3;143.19;139.37;139.45;183410;0
Газпрнефть;D;20140204;000000;139.11;141.38;136.19;141.26;636720;0
Газпрнефть;D;20140205;000000;141.53;142.2;138.53;142.18;375770;0
Газпрнефть;D;20140206;000000;143.05;143.05;140.89;141.79;261670;0
Газпрнефть;D;20140207;000000;142.03;144.25;141.44;143.91;308260;0
Газпрнефть;D;20140210;000000;144.27;146.45;143.6;145.25;396480;0
Газпрнефть;D;20140211;000000;145.77;146.7;145.06;146.52;149810;0
Газпрнефть;D;20140212;000000;147.41;148.48;146.22;147.47;271330;0
Газпрнефть;D;20140213;000000;147.4;147.71;144.79;146;1039990;0
Газпрнефть;D;20140214;000000;146.06;146.97;145.93;146.6;211170;0
Газпрнефть;D;20140217;000000;147.39;148.21;146.5;146.51;134620;0
Газпрнефть;D;20140218;000000;145.77;147.13;145;145.24;386900;0
Газпрнефть;D;20140219;000000;145.98;147.5;145.31;147.5;227320;0
Газпрнефть;D;20140220;000000;146.8;147.4;144.76;145.68;871770;0
Газпрнефть;D;20140221;000000;145.61;146.81;145.61;146.81;219800;0
Газпрнефть;D;20140224;000000;147.19;148.19;145.78;146.88;203020;0
Газпрнефть;D;20140225;000000;146.06;147.48;145.16;145.38;114120;0
Газпрнефть;D;20140226;000000;145.83;146.92;145;146.08;84710;0
Газпрнефть;D;20140227;000000;146.3;146.76;141.41;144.9;259040;0
Газпрнефть;D;20140228;000000;143.49;144.52;141;142.73;168240;0
Газпрнефть;D;20140303;000000;131.78;139;128.5;129.5;771190;0
Газпрнефть;D;20140304;000000;130;140;129.99;139.31;530190;0
Газпрнефть;D;20140305;000000;139.66;141.05;136.69;139.86;199020;0
Газпрнефть;D;20140306;000000;141.13;142.5;136.43;138.2;327550;0
Газпрнефть;D;20140307;000000;139.43;142;136.74;140.54;136950;0
Газпрнефть;D;20140311;000000;141.43;143;138.12;141.7;373090;0
Газпрнефть;D;20140312;000000;141.3;145;137.83;138.26;1222450;0
Газпрнефть;D;20140313;000000;139.76;139.9;135.06;135.31;330540;0
Газпрнефть;D;20140314;000000;135.85;135.85;132.07;134.18;529260;0
Газпрнефть;D;20140317;000000;135.35;138.2;134.12;134.12;265810;0
Газпрнефть;D;20140318;000000;133.7;137.85;133.7;137.6;265720;0
Газпрнефть;D;20140319;000000;133.5;138.8;133.5;135.8;270640;0
Газпрнефть;D;20140320;000000;137.34;138.1;134.5;135.41;92890;0
Газпрнефть;D;20140321;000000;135.11;135.11;132.9;133.58;541140;0
Газпрнефть;D;20140324;000000;134.44;135.71;134;135.04;299790;0
Газпрнефть;D;20140325;000000;134.88;137.39;133.99;136.79;245840;0
Газпрнефть;D;20140326;000000;136.9;139.8;136.11;137.61;102310;0
Газпрнефть;D;20140327;000000;133.92;144.99;133.92;139.61;1193580;0
Газпрнефть;D;20140328;000000;140.58;145.21;140.39;145.14;893890;0
Газпрнефть;D;20140331;000000;145.5;145.89;143.08;143.96;97700;0
Газпрнефть;D;20140401;000000;143.98;147.77;143.1;143.2;143520;0
Газпрнефть;D;20140402;000000;139.73;144.7;139.73;141.47;134520;0
Газпрнефть;D;20140403;000000;142.27;142.88;140.08;140.75;90080;0
Газпрнефть;D;20140404;000000;141;142.5;140.11;142.48;72130;0
Газпрнефть;D;20140407;000000;140.25;142.98;137.08;137.61;239840;0
Газпрнефть;D;20140408;000000;138.38;140;136.11;139.62;127120;0
Газпрнефть;D;20140409;000000;139;142.98;139;142.98;58880;0
Газпрнефть;D;20140410;000000;142.98;145;142.25;143.65;105120;0
Газпрнефть;D;20140411;000000;142.55;142.93;140.81;142.85;105320;0
Газпрнефть;D;20140414;000000;141.82;144.39;141;142.5;149430;0
Газпрнефть;D;20140415;000000;142.82;144.5;140.22;142.79;386870;0
Газпрнефть;D;20140416;000000;142.25;144.39;141.03;142.8;258450;0
Газпрнефть;D;20140417;000000;142.74;142.8;140.2;140.61;130950;0
Газпрнефть;D;20140418;000000;141.79;145.02;141.21;141.34;277700;0
Газпрнефть;D;20140421;000000;141.27;143.47;141.13;142;57180;0
Газпрнефть;D;20140422;000000;141.88;142.98;141.1;141.51;105320;0
Газпрнефть;D;20140423;000000;141.74;142.46;141;141;59960;0
Газпрнефть;D;20140424;000000;141.12;142.54;138.03;138.7;139120;0
Газпрнефть;D;20140425;000000;138.2;138.3;135;135.39;238130;0
Газпрнефть;D;20140428;000000;134.61;136.74;134.4;135.25;650440;0
Газпрнефть;D;20140429;000000;136;136.88;133.35;133.86;194210;0
Газпрнефть;D;20140430;000000;134.79;141.68;133.04;138.52;443710;0
Газпрнефть;D;20140502;000000;137.62;139.7;136.36;138.81;31810;0
Газпрнефть;D;20140505;000000;137.71;138.62;137.66;138.58;61820;0
Газпрнефть;D;20140506;000000;132.31;139.26;132.31;137.75;339540;0
Газпрнефть;D;20140507;000000;137.1;139.85;136.62;139.59;316440;0
Газпрнефть;D;20140508;000000;139.53;141.1;139.52;140.19;234510;0
Газпрнефть;D;20140512;000000;141.27;141.7;139.6;139.6;220540;0
Газпрнефть;D;20140513;000000;140.35;142.3;139.8;140.89;313980;0
Газпрнефть;D;20140514;000000;141.04;142.39;140.54;141.92;153700;0
Газпрнефть;D;20140515;000000;141.48;142.38;140.62;141.3;69250;0
Газпрнефть;D;20140516;000000;141.3;143;140.74;141.5;121740;0
Газпрнефть;D;20140519;000000;141.75;142.81;141.51;142.26;128560;0
Газпрнефть;D;20140520;000000;142.26;143.96;141.7;142.82;169640;0
Газпрнефть;D;20140521;000000;141.83;143;141.02;141.9;388340;0
Газпрнефть;D;20140522;000000;142.37;142.55;140.61;140.7;154100;0
Газпрнефть;D;20140523;000000;140.88;141.5;140;140.15;114470;0
Газпрнефть;D;20140526;000000;140.64;141.18;140.02;140.58;139060;0
Газпрнефть;D;20140527;000000;139.77;141.1;139;139.15;138810;0
Газпрнефть;D;20140528;000000;139.61;141.4;139.01;140.13;199750;0
Газпрнефть;D;20140529;000000;140.96;141;139.52;140.03;218520;0
Газпрнефть;D;20140530;000000;140.11;141.49;139.84;140.24;160520;0
Газпрнефть;D;20140602;000000;140.04;142.63;139.85;142;501000;0
Газпрнефть;D;20140603;000000;142;147.9;142;146.51;479430;0
Газпрнефть;D;20140604;000000;146.74;150.01;146.5;150.01;424530;0
Газпрнефть;D;20140605;000000;150.51;151.5;144;148.36;281730;0
Газпрнефть;D;20140606;000000;148.52;149.5;148;148.47;58560;0
Газпрнефть;D;20140609;000000;148.07;149.49;145.53;148.92;175470;0
Газпрнефть;D;20140610;000000;148.84;149.7;148.02;149.11;52330;0
Газпрнефть;D;20140611;000000;149.01;154.99;148.9;152.5;174280;0
Газпрнефть;D;20140616;000000;152.77;153.25;151.18;153;164510;0
Газпрнефть;D;20140617;000000;153;156.99;153;155.5;142370;0
Газпрнефть;D;20140618;000000;155.99;157.5;154.37;156.69;230500;0
Газпрнефть;D;20140619;000000;156.02;157.5;152.63;153.5;356680;0
Газпрнефть;D;20140620;000000;149.03;151.85;148.21;150.61;445940;0
Газпрнефть;D;20140623;000000;149.98;152.88;148.3;151.59;159460;0
Газпрнефть;D;20140624;000000;150.45;152.25;150.45;151.18;80690;0
Газпрнефть;D;20140625;000000;151;152.99;149.01;149.23;98790;0
Газпрнефть;D;20140626;000000;149.95;150.7;146.02;147;233450;0
Газпрнефть;D;20140627;000000;146.95;148.9;146.51;147.75;92910;0
Газпрнефть;D;20140630;000000;148.73;150.5;147.98;150.5;193680;0
Газпрнефть;D;20140701;000000;152.5;152.5;148.53;149.85;128770;0
Газпрнефть;D;20140702;000000;150.39;151.88;149.6;151.41;140100;0
Газпрнефть;D;20140703;000000;151.34;152.34;148.69;148.69;182050;0
Газпрнефть;D;20140704;000000;150.79;150.99;148.8;148.85;99410;0
Газпрнефть;D;20140707;000000;150.85;152.29;149.01;151.6;63960;0
Газпрнефть;D;20140708;000000;151.8;152.8;150.7;151.58;75290;0
Газпрнефть;D;20140709;000000;151.25;151.8;147.05;147.79;116760;0
Газпрнефть;D;20140710;000000;147.9;148.99;142.51;143.15;440120;0
Газпрнефть;D;20140711;000000;143.5;145.69;142.54;144.5;65760;0
Газпрнефть;D;20140714;000000;144.97;145.28;143;143.78;104130;0
Газпрнефть;D;20140715;000000;144.19;144.64;142.14;142.75;83780;0
Газпрнефть;D;20140716;000000;143.06;143.24;141.85;142;184980;0
Газпрнефть;D;20140717;000000;141.74;141.86;139.03;139.73;78850;0
Газпрнефть;D;20140718;000000;138.93;140.87;138.14;139.7;146590;0
Газпрнефть;D;20140721;000000;139.74;140.58;138.07;138.21;227570;0
Газпрнефть;D;20140722;000000;138.33;139.63;136.51;137;287340;0
Газпрнефть;D;20140723;000000;137.47;138.29;136.01;136.46;112640;0
Газпрнефть;D;20140724;000000;136.08;137.25;136.02;136.83;39390;0
Газпрнефть;D;20140725;000000;136.09;138.49;134.37;135;155630;0
Газпрнефть;D;20140728;000000;134.95;135.58;133.06;133.32;144970;0
Газпрнефть;D;20140729;000000;133.44;134.18;131.15;132.74;160920;0
Газпрнефть;D;20140730;000000;132.4;135.49;131.66;133.55;163450;0
Газпрнефть;D;20140731;000000;133.14;134.68;132.55;133.09;129550;0
Газпрнефть;D;20140801;000000;132.62;133.11;132;133.11;101710;0
Газпрнефть;D;20140804;000000;133.27;133.89;131.79;132.54;120510;0
Газпрнефть;D;20140805;000000;132.97;133.27;131.5;132;113560;0
Газпрнефть;D;20140806;000000;133.97;133.97;129.12;129.23;299800;0
Газпрнефть;D;20140807;000000;129.08;131.01;128.05;129.2;224290;0
Газпрнефть;D;20140808;000000;129.21;131.48;129.07;129.99;143820;0
Газпрнефть;D;20140811;000000;130.83;137.87;130;134.76;417830;0
Газпрнефть;D;20140812;000000;135.38;141.19;134.55;138.22;658760;0
Газпрнефть;D;20140813;000000;138;140.5;136.06;140.19;145770;0
Газпрнефть;D;20140814;000000;140.75;141.05;138.71;140.28;195750;0
Газпрнефть;D;20140815;000000;141.1;141.47;139.5;140.73;67410;0
Газпрнефть;D;20140818;000000;140.92;141.14;140.21;140.61;87610;0
Газпрнефть;D;20140819;000000;140.92;143.5;140.5;142.4;165620;0
Газпрнефть;D;20140820;000000;142.4;147.77;142.4;146.94;230920;0
Газпрнефть;D;20140821;000000;147;148.99;146.3;146.75;271310;0
Газпрнефть;D;20140822;000000;146.28;147.99;145.21;146.46;66380;0
Газпрнефть;D;20140825;000000;146.48;146.79;145.54;146.79;37980;0
Газпрнефть;D;20140826;000000;146.73;147.99;145.34;146.16;64680;0
Газпрнефть;D;20140827;000000;146.88;147.54;146.38;147.18;31680;0
Газпрнефть;D;20140828;000000;146.1;149.17;142.13;143.18;164160;0
Газпрнефть;D;20140829;000000;142.66;142.99;139.66;141.45;91440;0
Газпрнефть;D;20140901;000000;141.95;142.83;141.03;141.87;39400;0
Газпрнефть;D;20140902;000000;141.65;143.5;140;140.76;79500;0
Газпрнефть;D;20140903;000000;140.72;146;140.57;145.85;249750;0
Газпрнефть;D;20140904;000000;145.69;147;143.8;146.97;166510;0
Газпрнефть;D;20140905;000000;145.59;147.99;144.31;147;353310;0
Газпрнефть;D;20140908;000000;146.9;147.47;142.71;143.52;375090;0
Газпрнефть;D;20140909;000000;143.57;144.84;143.4;144.17;340790;0
Газпрнефть;D;20140910;000000;144.04;146.5;143;146.1;232070;0
Газпрнефть;D;20140911;000000;146.5;146.84;144.5;144.58;220510;0
Газпрнефть;D;20140912;000000;144.41;148;143.5;147.18;167250;0
Газпрнефть;D;20140915;000000;147.16;147.25;145.3;145.63;113710;0
Газпрнефть;D;20140916;000000;145.64;146.6;144.76;146.39;207320;0
Газпрнефть;D;20140917;000000;146.19;146.19;143.09;143.69;230970;0
Газпрнефть;D;20140918;000000;143.74;144.33;142.13;143.18;280610;0
Газпрнефть;D;20140919;000000;143.38;144.15;140.73;140.73;259290;0
Газпрнефть;D;20140922;000000;141.02;142.02;140.61;141.08;91290;0
Газпрнефть;D;20140923;000000;141.76;142.23;140.8;141;66580;0
Газпрнефть;D;20140924;000000;141.11;142.25;140.9;141.96;179390;0
Газпрнефть;D;20140925;000000;142.01;142.51;141.05;141.05;52400;0
Газпрнефть;D;20140926;000000;141.04;142.18;140.92;141.4;115940;0
Газпрнефть;D;20140929;000000;142.14;144.5;141.33;142.04;222210;0
Газпрнефть;D;20140930;000000;142.08;144.2;142.08;144.2;140820;0
Газпрнефть;D;20141001;000000;144.1;144.9;143.1;144.1;67400;0
Газпрнефть;D;20141002;000000;144.1;144.4;142.5;144.2;168350;0
Газпрнефть;D;20141003;000000;140.8;146.5;140.7;145.3;262440;0
Газпрнефть;D;20141006;000000;145.8;147.9;145.5;147.6;118220;0
Газпрнефть;D;20141007;000000;147.6;148.2;145.8;147.9;81190;0
Газпрнефть;D;20141008;000000;147.9;148.4;146.4;148;91230;0
Газпрнефть;D;20141009;000000;148.5;149;145.7;146.1;142190;0
Газпрнефть;D;20141010;000000;145;146.5;144.1;145.1;105420;0
Газпрнефть;D;20141013;000000;145.2;148.8;144.5;148.7;331000;0
Газпрнефть;D;20141014;000000;148.1;149.7;148;149.2;236480;0
Газпрнефть;D;20141015;000000;150;150;148.3;148.8;498320;0
Газпрнефть;D;20141016;000000;146.1;148.3;143;143.1;204440;0
Газпрнефть;D;20141017;000000;143.1;146.4;142.6;146;208240;0
Газпрнефть;D;20141020;000000;145.8;147.1;145.5;146.1;222670;0
Газпрнефть;D;20141021;000000;145.9;146.5;143.1;144.5;497830;0
Газпрнефть;D;20141022;000000;144.3;145.5;143.8;143.9;307610;0
Газпрнефть;D;20141023;000000;143.9;146.5;143.6;146.2;273730;0
Газпрнефть;D;20141024;000000;146;147.1;145.7;146;72830;0
Газпрнефть;D;20141027;000000;146.2;148.1;146.1;147.7;140570;0
Газпрнефть;D;20141028;000000;149;150.3;147.8;150.3;1400770;0
Газпрнефть;D;20141029;000000;150.5;152.2;150.1;150.8;61020;0
Газпрнефть;D;20141030;000000;150.8;152.4;150.2;151.8;128890;0
Газпрнефть;D;20141031;000000;152.8;153;150.8;151.7;109590;0
Газпрнефть;D;20141103;000000;152.4;155.5;151.3;154.4;99980;0
Газпрнефть;D;20141105;000000;153.7;153.7;150.5;153;209090;0
Газпрнефть;D;20141106;000000;152.9;154.8;151.8;152;234150;0
Газпрнефть;D;20141107;000000;152.1;154.8;151.4;152.2;367090;0
Газпрнефть;D;20141110;000000;153.7;154.2;152.1;154;51720;0
Газпрнефть;D;20141111;000000;153.9;155;152.7;153.5;80140;0
Газпрнефть;D;20141112;000000;153.7;155.7;153.2;154.7;263030;0
Газпрнефть;D;20141113;000000;154.7;157.9;152.3;152.8;271950;0
Газпрнефть;D;20141114;000000;153.4;154.3;150.6;152.5;131140;0
Газпрнефть;D;20141117;000000;152.4;153.8;152.2;152.8;12940;0
Газпрнефть;D;20141118;000000;152.4;155.6;152.4;153.5;98990;0
Газпрнефть;D;20141119;000000;156.3;157.5;153.7;156;204980;0
Газпрнефть;D;20141120;000000;156.8;157.3;155;155;101030;0
Газпрнефть;D;20141121;000000;155;161;154.7;157;422120;0
Газпрнефть;D;20141124;000000;157.9;159.4;155.2;156.7;250320;0
Газпрнефть;D;20141125;000000;156.7;157.9;155.7;155.8;97570;0
Газпрнефть;D;20141126;000000;156;157.5;155.5;156.9;72010;0
Газпрнефть;D;20141127;000000;156.9;159.4;155.4;156.4;121360;0
Газпрнефть;D;20141128;000000;155.5;160.5;155.5;157.9;224100;0
Газпрнефть;D;20141201;000000;157.9;159.5;156.7;157.3;218550;0
Газпрнефть;D;20141202;000000;157.3;159.5;156.6;157.5;211900;0
Газпрнефть;D;20141203;000000;157.6;163.4;157.5;159.5;464910;0
Газпрнефть;D;20141204;000000;159.1;161;158.1;159.1;149330;0
Газпрнефть;D;20141205;000000;158.9;159;152.7;154;623480;0
Газпрнефть;D;20141208;000000;154;156.2;151;152.9;274010;0
Газпрнефть;D;20141209;000000;153;157.8;150.1;156.6;194900;0
Газпрнефть;D;20141210;000000;157;158.6;154;154.2;138710;0
Газпрнефть;D;20141211;000000;155.8;157.4;151.6;152.1;308880;0
Газпрнефть;D;20141212;000000;151.4;154.4;147.1;147.1;142420;0
Газпрнефть;D;20141215;000000;148.4;151.9;139.1;142.4;177710;0
Газпрнефть;D;20141216;000000;142.1;145.7;124;144;327740;0
Газпрнефть;D;20141217;000000;144;147;139.5;141.8;92800;0
Газпрнефть;D;20141218;000000;141.8;150.8;141.1;143.1;278830;0
Газпрнефть;D;20141219;000000;144.1;149.3;141.8;144.5;236680;0
Газпрнефть;D;20141222;000000;144;147.2;143;144;63630;0
Газпрнефть;D;20141223;000000;144.1;147.9;142.1;145.9;112410;0
Газпрнефть;D;20141224;000000;145.9;147.5;140.2;140.4;170880;0
Газпрнефть;D;20141225;000000;140.9;141.8;140.2;141.2;12660;0
Газпрнефть;D;20141226;000000;137.1;142.8;137.1;141.5;133920;0
Газпрнефть;D;20141229;000000;141.2;145.4;140.6;144.7;177830;0
Газпрнефть;D;20141230;000000;144.2;145.7;139.5;143;132790;0
Газпрнефть;D;20150105;000000;140.2;145.9;139.3;142;16230;0
Газпрнефть;D;20150106;000000;142.3;144.6;142.2;144.6;24970;0
Газпрнефть;D;20150108;000000;144.5;149.5;144.5;148.1;61680;0
Газпрнефть;D;20150109;000000;147.4;148.4;143.3;146.6;33980;0
Газпрнефть;D;20150112;000000;144.6;147.7;143;143.1;26650;0
Газпрнефть;D;20150113;000000;143.9;144.6;143;143.8;55780;0
Газпрнефть;D;20150114;000000;143.8;144.8;142;142.9;102450;0
Газпрнефть;D;20150115;000000;144;145.7;142;142.6;142560;0
Газпрнефть;D;20150116;000000;143;146.7;142.4;144;114890;0
Газпрнефть;D;20150119;000000;144.3;150.4;143.4;146.7;278280;0
Газпрнефть;D;20150120;000000;146.7;150.2;146.2;150.1;99800;0
Газпрнефть;D;20150121;000000;150.1;154.9;149.8;154.3;461300;0
Газпрнефть;D;20150122;000000;154.5;157.3;153.2;155.5;1449970;0
Газпрнефть;D;20150123;000000;155.5;156.5;153;153.8;620340;0
Газпрнефть;D;20150126;000000;154.2;154.6;150.5;151.3;179010;0
Газпрнефть;D;20150127;000000;150;155;148.4;152.5;217370;0
Газпрнефть;D;20150128;000000;154.5;155.7;151;151.7;318810;0
Газпрнефть;D;20150129;000000;152.1;154.7;152.1;152.9;109630;0
Газпрнефть;D;20150130;000000;150.8;158.2;150.8;156.9;457450;0
Газпрнефть;D;20150202;000000;158.2;159.4;155.7;155.9;187700;0
Газпрнефть;D;20150203;000000;155.8;158.1;155;156.9;161120;0
Газпрнефть;D;20150204;000000;158.9;161.8;155;159.2;455180;0
Газпрнефть;D;20150205;000000;159;159.1;156.6;158.5;252130;0
Газпрнефть;D;20150206;000000;158.6;163.5;158.6;160.3;1050370;0
Газпрнефть;D;20150209;000000;161.2;166;160.5;166;576040;0
Газпрнефть;D;20150210;000000;164.6;208;164.4;171;533230;0
Газпрнефть;D;20150211;000000;172.9;179;171.4;176;432400;0
Газпрнефть;D;20150212;000000;177.1;237;160.2;189;1484420;0
Газпрнефть;D;20150213;000000;191.4;197;188.1;190.5;578960;0
Газпрнефть;D;20150216;000000;191;194.8;177.1;181.5;378160;0
Газпрнефть;D;20150217;000000;181.8;189;180.2;181.1;502640;0
Газпрнефть;D;20150218;000000;181.7;185;177.8;180.8;323930;0
Газпрнефть;D;20150219;000000;180.6;181.1;172.6;175.5;253330;0
Газпрнефть;D;20150220;000000;170.8;184.2;170.8;172.4;519540;0
Газпрнефть;D;20150224;000000;170;178.5;165.2;166.6;604100;0
Газпрнефть;D;20150225;000000;167;170;164;166.5;612450;0
Газпрнефть;D;20150226;000000;168;169.7;164;168.4;617510;0
Газпрнефть;D;20150227;000000;169;175.9;169;172.6;298430;0
Газпрнефть;D;20150302;000000;172;179.9;170;171.9;708630;0
Газпрнефть;D;20150303;000000;173.2;175.9;168.5;175.1;216100;0
Газпрнефть;D;20150304;000000;175.5;178.6;172;172;332030;0
Газпрнефть;D;20150305;000000;172.6;174.6;172;172.6;208490;0
Газпрнефть;D;20150306;000000;173.7;174.5;170.1;171.2;174440;0
Газпрнефть;D;20150310;000000;170;174.8;162.1;163.8;1168540;0
Газпрнефть;D;20150311;000000;163.5;165;161;161.9;516810;0
Газпрнефть;D;20150312;000000;163.8;163.8;159.1;159.6;430710;0
Газпрнефть;D;20150313;000000;150.2;160.9;150.2;156.7;224270;0
Газпрнефть;D;20150316;000000;156.5;161.1;155.8;157;356300;0
Газпрнефть;D;20150317;000000;159.6;159.6;155.3;156.1;163760;0
Газпрнефть;D;20150318;000000;156.7;159.2;155.9;157.6;284950;0
Газпрнефть;D;20150319;000000;159;162;158.4;159.4;1031400;0
Газпрнефть;D;20150320;000000;159.9;160.5;157.8;159.7;134440;0
Газпрнефть;D;20150323;000000;160.1;160.7;157.4;157.8;60640;0
Газпрнефть;D;20150324;000000;158;158.5;155;155.9;458460;0
Газпрнефть;D;20150325;000000;156.1;158;155;155.6;141640;0
Газпрнефть;D;20150326;000000;156.1;159;154;154.9;374610;0
Газпрнефть;D;20150327;000000;155.8;157.1;154.4;155.7;107780;0
Газпрнефть;D;20150330;000000;157;157.7;156.4;157.7;115110;0
Газпрнефть;D;20150331;000000;157.4;160.7;156.8;159.5;512870;0
Газпрнефть;D;20150401;000000;159.3;160;156.2;158.8;441400;0
Газпрнефть;D;20150402;000000;159.1;159.9;156.7;157.6;379170;0
Газпрнефть;D;20150403;000000;156.6;159.8;156.6;159.1;344190;0
Газпрнефть;D;20150406;000000;159.9;161.4;159.5;160;236880;0
Газпрнефть;D;20150407;000000;164.2;164.2;157;157.8;342660;0
Газпрнефть;D;20150408;000000;158.3;158.3;153.4;154.5;588530;0
Газпрнефть;D;20150409;000000;155;155.5;152.2;153.1;461090;0
Газпрнефть;D;20150410;000000;153.9;154;148.6;151.5;533410;0
Газпрнефть;D;20150413;000000;152;153.2;151.1;152.3;219600;0
Газпрнефть;D;20150414;000000;148;152.4;148;149.2;292340;0
Газпрнефть;D;20150415;000000;149.6;150.5;146.8;149.7;805350;0
Газпрнефть;D;20150416;000000;151;151.2;145.5;147.4;629830;0
Газпрнефть;D;20150417;000000;148;148.9;145.9;147.9;422000;0
Газпрнефть;D;20150420;000000;148;148.5;146.2;146.8;356470;0
Газпрнефть;D;20150421;000000;149;151.5;147.2;148.1;471250;0
Газпрнефть;D;20150422;000000;149.4;149.5;145.2;146.8;477310;0
Газпрнефть;D;20150423;000000;147;147;142;144.2;576270;0
Газпрнефть;D;20150424;000000;145.5;146;142.2;145.2;402050;0
Газпрнефть;D;20150427;000000;145.5;147;144.9;145.6;264370;0
Газпрнефть;D;20150428;000000;145.2;147;143.6;144.5;391040;0
Газпрнефть;D;20150429;000000;145;145.9;142.3;142.9;587050;0
Газпрнефть;D;20150430;000000;142.9;145.7;142;145.7;447600;0
Газпрнефть;D;20150505;000000;145.7;147.5;144.6;145.3;487170;0
Газпрнефть;D;20150506;000000;146.4;146.7;143;143.5;537770;0
Газпрнефть;D;20150507;000000;143.5;143.6;142.2;142.8;163990;0
Газпрнефть;D;20150508;000000;143;143.9;142.5;143.3;127690;0
Газпрнефть;D;20150512;000000;148.5;148.5;142.4;144.2;601780;0
Газпрнефть;D;20150513;000000;140.2;144.1;138.8;139.8;2702590;0
Газпрнефть;D;20150514;000000;140;141.5;139.5;140.6;313480;0
Газпрнефть;D;20150515;000000;139.9;141.5;139.8;141;212570;0
Газпрнефть;D;20150518;000000;141;144.4;139.5;141.3;857330;0
Газпрнефть;D;20150519;000000;141.4;142.1;139.2;139.7;343300;0
Газпрнефть;D;20150520;000000;140.4;141.1;139.6;140.3;149860;0
Газпрнефть;D;20150521;000000;140.8;141;139.1;140;289770;0
Газпрнефть;D;20150522;000000;140;141;139;140.1;206440;0
Газпрнефть;D;20150525;000000;140.1;140.3;139.3;139.6;491150;0
Газпрнефть;D;20150526;000000;139.7;141.4;139.6;141;367830;0
Газпрнефть;D;20150527;000000;142.8;142.8;139.8;140;135330;0
Газпрнефть;D;20150528;000000;143;143;139.3;139.7;155740;0
Газпрнефть;D;20150529;000000;139.7;140.2;137.2;137.8;492110;0
Газпрнефть;D;20150601;000000;138.7;138.8;137.5;138;129820;0
Газпрнефть;D;20150602;000000;138.5;138.5;135.2;135.5;481210;0
Газпрнефть;D;20150603;000000;135.8;136.3;133.8;134.9;462820;0
Газпрнефть;D;20150604;000000;134.9;135.9;133.3;134.5;236320;0
Газпрнефть;D;20150605;000000;135.4;136.6;134.4;136.5;613510;0
Газпрнефть;D;20150608;000000;136.7;139;135.7;138;269410;0
Газпрнефть;D;20150609;000000;137.7;141.8;137.1;140.7;661900;0
Газпрнефть;D;20150610;000000;141.5;141.9;137.6;138;301430;0
Газпрнефть;D;20150611;000000;138.9;139.8;137.6;139;98630;0
Газпрнефть;D;20150615;000000;138.7;140;138;140;99670;0
Газпрнефть;D;20150616;000000;140;140.3;139;139.5;97300;0
Газпрнефть;D;20150617;000000;139.5;142.4;139.5;140.7;326950;0
Газпрнефть;D;20150618;000000;140.6;141.2;139.1;140.5;338920;0
Газпрнефть;D;20150619;000000;139.1;139.1;137.3;137.7;251890;0
Газпрнефть;D;20150622;000000;138.4;138.4;136.2;136.3;410530;0
Газпрнефть;D;20150623;000000;136.4;137.1;136;136.2;186210;0
Газпрнефть;D;20150624;000000;136.2;137;135;135.3;452720;0
Газпрнефть;D;20150625;000000;135.4;136;134.4;135.5;275460;0
Газпрнефть;D;20150626;000000;136;138.7;134.8;136.6;212810;0
Газпрнефть;D;20150629;000000;135.6;136;133.3;134;939500;0
Газпрнефть;D;20150630;000000;134;137.3;133.6;136;598320;0
Газпрнефть;D;20150701;000000;136.5;136.5;135.2;136.4;179220;0
Газпрнефть;D;20150702;000000;135.5;136.6;135;136.6;152200;0
Газпрнефть;D;20150703;000000;136.4;136.5;134.8;135.2;135100;0
Газпрнефть;D;20150706;000000;134.6;137.6;134.1;135.2;330730;0
Газпрнефть;D;20150707;000000;135.6;135.9;134.1;135;194590;0
Газпрнефть;D;20150708;000000;135.2;136.6;133.6;134.6;527850;0
Газпрнефть;D;20150709;000000;135.1;137.3;135;136.6;217530;0
Газпрнефть;D;20150710;000000;137.1;137.5;136.1;136.1;111670;0
Газпрнефть;D;20150713;000000;136.1;138.3;135.8;138;218990;0
Газпрнефть;D;20150714;000000;138;138.9;137.5;138.1;118530;0
Газпрнефть;D;20150715;000000;138.7;141.6;137.8;139.4;362170;0
Газпрнефть;D;20150716;000000;139;142.2;138.7;141.7;343860;0
Газпрнефть;D;20150717;000000;142.3;142.6;136;139.8;155390;0
Газпрнефть;D;20150720;000000;140;140.2;137.7;137.9;282930;0
Газпрнефть;D;20150721;000000;138.4;138.5;137.6;138;88280;0
Газпрнефть;D;20150722;000000;137.8;138.2;135.6;136.2;164880;0
Газпрнефть;D;20150723;000000;136.3;136.4;134.9;135.2;179370;0
Газпрнефть;D;20150724;000000;135.1;135.6;133.8;134.6;192740;0
Газпрнефть;D;20150727;000000;134.6;135;133.8;134.3;150810;0
Газпрнефть;D;20150728;000000;134.6;135.7;133.9;134.6;451240;0
Газпрнефть;D;20150729;000000;134.5;135.7;133.8;135.7;462790;0
Газпрнефть;D;20150730;000000;135.7;137;134.9;136.6;145300;0
Газпрнефть;D;20150731;000000;136.6;137.5;135.3;137.4;282770;0
Газпрнефть;D;20150803;000000;137;138;136.6;136.9;148700;0
Газпрнефть;D;20150804;000000;136.7;138.7;136.4;137.4;244610;0
Газпрнефть;D;20150805;000000;138.3;139.6;137.8;138.1;259320;0
Газпрнефть;D;20150806;000000;138.1;138.9;136.7;137.6;125660;0
Газпрнефть;D;20150807;000000;138.4;138.7;137.4;138;151440;0
Газпрнефть;D;20150810;000000;139.3;139.3;137.7;139.3;171910;0
Газпрнефть;D;20150811;000000;139.2;142;138.3;140.3;971000;0
Газпрнефть;D;20150812;000000;140.2;145.5;140.2;145.1;1115560;0
Газпрнефть;D;20150813;000000;146.1;147.9;144;145;1631660;0
Газпрнефть;D;20150814;000000;145.4;146.8;144.4;146.2;474330;0
Газпрнефть;D;20150817;000000;146.6;147;144.5;146;325010;0
Газпрнефть;D;20150818;000000;146.7;146.9;143.3;143.5;257190;0
Газпрнефть;D;20150819;000000;143.5;144.3;142.1;142.8;243690;0
Газпрнефть;D;20150820;000000;143.5;146.1;142.9;145.8;361070;0
Газпрнефть;D;20150821;000000;146;146.1;143.8;144.8;278030;0
Газпрнефть;D;20150824;000000;143.2;144.9;137.7;142;700830;0
Газпрнефть;D;20150825;000000;142;146.7;141.1;143;688560;0
Газпрнефть;D;20150826;000000;143;144.5;141.8;143.1;104190;0
Газпрнефть;D;20150827;000000;143.4;146;143.4;145.5;307080;0
Газпрнефть;D;20150828;000000;146;148.3;145.4;147.6;547350;0
Газпрнефть;D;20150831;000000;147.2;147.5;145.5;146.9;292480;0
Газпрнефть;D;20150901;000000;147.2;148;145.5;146.5;113520;0
Газпрнефть;D;20150902;000000;146;147.5;145.1;147.4;304090;0
Газпрнефть;D;20150903;000000;147.6;149.2;147.3;148.1;321030;0
Газпрнефть;D;20150904;000000;148.1;148.5;146.9;147.9;125990;0
Газпрнефть;D;20150907;000000;147.9;148.5;147.3;147.7;167530;0
Газпрнефть;D;20150908;000000;147.6;148.8;147.5;148.6;511980;0
Газпрнефть;D;20150909;000000;149;150.2;148.6;150;452610;0
Газпрнефть;D;20150910;000000;149.9;150.9;148.3;150.4;405870;0
Газпрнефть;D;20150911;000000;151.4;151.4;149.5;149.8;143170;0
Газпрнефть;D;20150914;000000;151.4;151.4;149.5;150;288670;0
Газпрнефть;D;20150915;000000;150.4;150.4;149.5;149.5;184140;0
Газпрнефть;D;20150916;000000;149.5;152.5;147.2;152.5;774890;0
Газпрнефть;D;20150917;000000;151.5;151.5;148.5;148.9;515230;0
Газпрнефть;D;20150918;000000;149.5;150.3;148.2;148.6;1097600;0
Газпрнефть;D;20150921;000000;149.5;149.5;147;147.6;377880;0
Газпрнефть;D;20150922;000000;148.2;148.3;145.5;145.8;336070;0
Газпрнефть;D;20150923;000000;146.2;146.9;144;144.7;406890;0
Газпрнефть;D;20150924;000000;145.8;146.9;144.1;146.7;409480;0
Газпрнефть;D;20150925;000000;146.9;146.9;144.5;145.5;283950;0
Газпрнефть;D;20150928;000000;145.6;147;144.3;145;364080;0
Газпрнефть;D;20150929;000000;145;146;144.6;145.2;215350;0
Газпрнефть;D;20150930;000000;145.8;147;145;145.9;194830;0
Газпрнефть;D;20151001;000000;146.5;146.7;144.7;145;518120;0
Газпрнефть;D;20151002;000000;145.2;146.9;145;146.5;523580;0
Газпрнефть;D;20151005;000000;147.1;149.2;146.6;148.6;276980;0
Газпрнефть;D;20151006;000000;148.8;150.4;148.6;149.3;506350;0
Газпрнефть;D;20151007;000000;149.4;150.8;148.5;149.5;328320;0
Газпрнефть;D;20151008;000000;150;151.8;147.8;150;619410;0
Газпрнефть;D;20151009;000000;150.9;151.8;149.7;151.4;427350;0
Газпрнефть;D;20151012;000000;151.9;152.1;149.7;150.4;305490;0
Газпрнефть;D;20151013;000000;150.6;151.6;149.8;151.6;304110;0
Газпрнефть;D;20151014;000000;151.1;152;150.8;151.9;650680;0
Газпрнефть;D;20151015;000000;147;148.8;145.7;148.2;674940;0
Газпрнефть;D;20151016;000000;148.6;148.7;146.9;147.4;203070;0
Газпрнефть;D;20151019;000000;146;147.9;146;146.2;223190;0
Газпрнефть;D;20151020;000000;146.2;148.6;144.8;147;262050;0
Газпрнефть;D;20151021;000000;146.7;147;145.1;145.2;181040;0
Газпрнефть;D;20151022;000000;145.6;145.8;144.8;145.8;75160;0
Газпрнефть;D;20151023;000000;145.9;147;145.1;146.5;192130;0
Газпрнефть;D;20151026;000000;146.5;147.5;146.1;146.7;77970;0
Газпрнефть;D;20151027;000000;146.3;148.6;144.3;147;476000;0
Газпрнефть;D;20151028;000000;147;147.5;144.2;145.5;458630;0
Газпрнефть;D;20151029;000000;145.5;146.4;144.9;145.4;158810;0
Газпрнефть;D;20151030;000000;145.4;146.2;144.9;145.7;143130;0
Газпрнефть;D;20151102;000000;145.6;146.05;144.6;145.75;79710;0
Газпрнефть;D;20151103;000000;146;147;145.35;146.4;268130;0
Газпрнефть;D;20151105;000000;146.95;147.6;145.95;147;233280;0
Газпрнефть;D;20151106;000000;147.3;147.9;145;147.1;356040;0
Газпрнефть;D;20151109;000000;147.4;147.4;145.3;145.55;95660;0
Газпрнефть;D;20151110;000000;145.95;146;144.4;145.2;116980;0
Газпрнефть;D;20151111;000000;145.15;145.9;144.8;144.9;168850;0
Газпрнефть;D;20151112;000000;145.15;145.5;144.45;144.95;86320;0
Газпрнефть;D;20151113;000000;144;144.75;143;143.3;295900;0
Газпрнефть;D;20151116;000000;143.15;145.2;143.05;144.75;392880;0
Газпрнефть;D;20151117;000000;144.8;146.1;144;146;1245060;0
Газпрнефть;D;20151118;000000;146;148.5;145;148.45;573040;0
Газпрнефть;D;20151119;000000;148.7;149.2;145.55;146.35;356150;0
Газпрнефть;D;20151120;000000;147;147.1;146;146.5;165050;0
Газпрнефть;D;20151123;000000;146.5;148.25;146;147.95;411260;0
Газпрнефть;D;20151124;000000;148.05;148.5;145.55;146.35;342900;0
Газпрнефть;D;20151125;000000;146.5;147.95;146.2;147.5;243560;0
Газпрнефть;D;20151126;000000;147.2;149.2;146.95;147.55;436070;0
Газпрнефть;D;20151127;000000;147.55;148.55;146.45;146.8;207110;0
Газпрнефть;D;20151130;000000;145.85;148.2;145.85;147.05;207990;0
Газпрнефть;D;20151201;000000;147.15;148.45;146.75;147.35;237800;0
Газпрнефть;D;20151202;000000;148.3;148.6;147.1;147.9;166800;0
Газпрнефть;D;20151203;000000;147.65;149;147.65;148.85;160530;0
Газпрнефть;D;20151204;000000;146.35;151.75;146.35;149.7;864980;0
Газпрнефть;D;20151207;000000;150.85;151.85;148;148.25;202470;0
Газпрнефть;D;20151208;000000;148.1;149.5;146.4;147.6;502860;0
Газпрнефть;D;20151209;000000;147.8;149;147.65;148.5;259570;0
Газпрнефть;D;20151210;000000;148.1;148.7;147.35;148.25;97220;0
Газпрнефть;D;20151211;000000;148;149.3;147.5;148.3;104690;0
Газпрнефть;D;20151214;000000;148.05;149.1;146.9;148.5;194740;0
Газпрнефть;D;20151215;000000;148.8;150.95;148.65;149.2;130810;0
Газпрнефть;D;20151216;000000;149.1;151;149;150;160680;0
Газпрнефть;D;20151217;000000;150;151.65;149.4;151.35;299860;0
Газпрнефть;D;20151218;000000;150.9;151.85;149.05;151.85;119460;0
Газпрнефть;D;20151221;000000;150.9;151.5;149.4;149.9;50310;0
Газпрнефть;D;20151222;000000;149.75;151.8;149.15;151;109340;0
Газпрнефть;D;20151223;000000;151.5;151.7;150.45;151.7;291030;0
Газпрнефть;D;20151224;000000;151.7;154.5;151.15;154;187560;0
Газпрнефть;D;20151225;000000;154;155.9;150.15;151.25;218340;0
Газпрнефть;D;20151228;000000;151;152.35;149.55;150.3;114490;0
Газпрнефть;D;20151229;000000;150.5;154.2;150.05;153.2;91600;0
Газпрнефть;D;20151230;000000;154.05;154.5;152.6;153.95;113860;0
Газпрнефть;D;20160104;000000;153.4;155.9;152.25;153;65150;0
Газпрнефть;D;20160105;000000;152.8;154.95;152.55;154.4;68260;0
Газпрнефть;D;20160106;000000;154;155.8;153.7;154.55;85530;0
Газпрнефть;D;20160111;000000;151.05;152.85;150.8;152.3;100000;0
Газпрнефть;D;20160112;000000;151.1;151.9;149;149.95;103960;0
Газпрнефть;D;20160113;000000;150.2;150.3;148.5;148.75;127310;0
Газпрнефть;D;20160114;000000;148.7;149.05;146.75;147.75;207450;0
Газпрнефть;D;20160115;000000;147.75;147.95;144.1;144.9;174190;0
Газпрнефть;D;20160118;000000;144;144.35;142.15;143.3;143630;0
Газпрнефть;D;20160119;000000;143.55;145.6;142.8;142.9;344780;0
Газпрнефть;D;20160120;000000;142.9;144.05;140.3;143;241020;0
Газпрнефть;D;20160121;000000;143.2;144.8;141.55;141.55;279080;0
Газпрнефть;D;20160122;000000;143.6;145.5;141.25;144.25;1020000;0
Газпрнефть;D;20160125;000000;145.45;145.8;142.8;143.75;282490;0
Газпрнефть;D;20160126;000000;143.3;146.25;141.8;144.5;458320;0
Газпрнефть;D;20160127;000000;144.7;145.2;143.85;144.9;131790;0
Газпрнефть;D;20160128;000000;144.75;145.9;143.7;145.05;793840;0
Газпрнефть;D;20160129;000000;145.7;147;145;145.75;333960;0
Газпрнефть;D;20160201;000000;145.6;145.8;144.85;145.1;95460;0
Газпрнефть;D;20160202;000000;145;146.45;144.7;145.15;208680;0
Газпрнефть;D;20160203;000000;144.5;146.85;144;144.85;178980;0
Газпрнефть;D;20160204;000000;146.75;147.4;145.8;146.75;164270;0
Газпрнефть;D;20160205;000000;146.65;148;146.35;147.9;117500;0
Газпрнефть;D;20160208;000000;147.65;148.7;146.1;147;171770;0
Газпрнефть;D;20160209;000000;147;147;145.25;145.6;77600;0
Газпрнефть;D;20160210;000000;145.25;146.35;144.6;145.25;283800;0
Газпрнефть;D;20160211;000000;146.75;146.75;143.05;143.9;223560;0
Газпрнефть;D;20160212;000000;144.75;145.05;143.65;144.3;190880;0
Газпрнефть;D;20160215;000000;145.5;146.7;145;145.5;178620;0
Газпрнефть;D;20160216;000000;145.7;146.7;144.8;144.8;206470;0
Газпрнефть;D;20160217;000000;145.3;146.4;144.9;145.9;151430;0
Газпрнефть;D;20160218;000000;146.65;147.3;146;146.9;335940;0
Газпрнефть;D;20160219;000000;146.3;147;144.9;145.25;134530;0
Газпрнефть;D;20160220;000000;145.4;145.95;144.95;145.6;61720;0
Газпрнефть;D;20160222;000000;146.8;146.8;145.15;145.45;258390;0
Газпрнефть;D;20160224;000000;144.75;145.3;144;144.2;299990;0
Газпрнефть;D;20160225;000000;144.55;145.4;144;144.55;181640;0
Газпрнефть;D;20160226;000000;145;147.75;144.65;146.2;597480;0
Газпрнефть;D;20160229;000000;146.05;148.45;145.8;148.45;263160;0
Газпрнефть;D;20160301;000000;148.45;149.35;147.1;147.7;236170;0
Газпрнефть;D;20160302;000000;148.15;149.5;145.85;146.25;304880;0
Газпрнефть;D;20160303;000000;146.6;148.6;145.3;147.75;312280;0
Газпрнефть;D;20160304;000000;147.3;148.55;145.8;146.65;502200;0
Газпрнефть;D;20160307;000000;147;148.95;146.25;148.55;328950;0
Газпрнефть;D;20160309;000000;147.2;148.75;146.6;147.5;270500;0
Газпрнефть;D;20160310;000000;147.4;147.6;146;146;211920;0
Газпрнефть;D;20160311;000000;146.45;146.65;145.05;145.05;306750;0
Газпрнефть;D;20160314;000000;145.55;145.9;145;145.55;193680;0
Газпрнефть;D;20160315;000000;145.55;146;145;145.45;169350;0
Газпрнефть;D;20160316;000000;145.7;146.2;144.85;146;456410;0
Газпрнефть;D;20160317;000000;146.7;147.4;145.1;145.5;484240;0
Газпрнефть;D;20160318;000000;145.95;147.85;145.5;145.5;1188880;0
Газпрнефть;D;20160321;000000;145.75;146.2;145.1;145.8;237110;0
Газпрнефть;D;20160322;000000;145.9;147.95;145.8;147.5;309200;0
Газпрнефть;D;20160323;000000;147.1;148.7;146.3;148.6;504090;0
Газпрнефть;D;20160324;000000;147.5;148.95;146.5;148.65;252650;0
Газпрнефть;D;20160325;000000;148.65;149;147.65;147.85;58820;0
Газпрнефть;D;20160328;000000;149.45;149.45;147;147.8;198710;0
Газпрнефть;D;20160329;000000;147.4;148.4;146.8;148;172290;0
Газпрнефть;D;20160330;000000;148.2;151.7;147.8;150.5;401890;0
Газпрнефть;D;20160331;000000;150.05;152.5;148.3;149.75;568400;0
Газпрнефть;D;20160401;000000;149.35;151;148.2;149.25;234520;0
Газпрнефть;D;20160404;000000;149.55;150.9;148.8;149.6;210330;0
Газпрнефть;D;20160405;000000;149.95;151.5;149;150.45;512640;0
Газпрнефть;D;20160406;000000;151.45;151.45;149.8;149.85;362490;0
Газпрнефть;D;20160407;000000;149.9;150.8;148.9;149;187820;0
Газпрнефть;D;20160408;000000;149;149.95;148.2;149.15;291690;0
Газпрнефть;D;20160411;000000;150.25;151.15;149.05;150.1;307580;0
Газпрнефть;D;20160412;000000;150.4;151.5;149.55;151.5;335490;0
Газпрнефть;D;20160413;000000;150.05;153.65;150.05;152;278620;0
Газпрнефть;D;20160414;000000;152.05;153.55;151.75;152.15;531270;0
Газпрнефть;D;20160415;000000;152.15;152.8;148.9;150.3;244010;0
Газпрнефть;D;20160418;000000;149.6;149.6;147.35;148.85;179960;0
Газпрнефть;D;20160419;000000;149;154.6;148.15;152.9;849480;0
Газпрнефть;D;20160420;000000;152.7;155.45;151.8;154.85;554730;0
Газпрнефть;D;20160421;000000;155;155.8;153;153.05;552500;0
Газпрнефть;D;20160422;000000;153.2;154.5;153.2;153.3;176240;0
Газпрнефть;D;20160425;000000;153.3;154.85;153.3;153.95;254350;0
Газпрнефть;D;20160426;000000;154;154.6;152.35;154.15;186510;0
Газпрнефть;D;20160427;000000;154.65;155.25;152;152.9;338840;0
Газпрнефть;D;20160428;000000;153;153.85;152.4;153.2;78400;0
Газпрнефть;D;20160429;000000;155.75;155.75;152.2;152.4;149280;0
Газпрнефть;D;20160504;000000;153.25;156.1;152.2;152.9;419510;0
Газпрнефть;D;20160505;000000;152.7;155.35;152.7;153.1;166030;0
Газпрнефть;D;20160506;000000;154.45;154.45;152.5;153.95;62020;0
Газпрнефть;D;20160510;000000;153;155.7;152.05;154.4;277440;0
Газпрнефть;D;20160511;000000;154.4;156.15;154.35;155.6;352190;0
Газпрнефть;D;20160512;000000;155.5;156;153.8;153.8;131450;0
Газпрнефть;D;20160513;000000;153.6;154.55;152.75;153.85;50580;0
Газпрнефть;D;20160516;000000;154.95;155.25;153.2;154.6;95460;0
Газпрнефть;D;20160517;000000;154.6;160;154.6;156.8;262170;0
Газпрнефть;D;20160518;000000;156.7;157.1;155.05;155.5;175230;0
Газпрнефть;D;20160519;000000;155.4;157.35;154.6;155.9;323410;0
Газпрнефть;D;20160520;000000;157.4;157.4;154.3;156.4;258930;0
Газпрнефть;D;20160523;000000;156;156.3;154.5;155;156810;0
Газпрнефть;D;20160524;000000;154.8;155.55;154.2;155;67340;0
Газпрнефть;D;20160525;000000;154.8;156.6;154.55;155.65;176010;0
Газпрнефть;D;20160526;000000;156;157.5;155.75;156.6;125270;0
Газпрнефть;D;20160527;000000;156.6;157.4;155.85;156.15;277410;0
Газпрнефть;D;20160530;000000;156.5;156.5;155.6;156.05;14680;0
Газпрнефть;D;20160531;000000;156.9;158.5;155.25;157.1;423960;0
Газпрнефть;D;20160601;000000;156.35;157.8;156.35;156.4;201320;0
Газпрнефть;D;20160602;000000;156.4;160;155.7;157.2;335420;0
Газпрнефть;D;20160603;000000;157.1;159.9;157.1;159;484410;0
Газпрнефть;D;20160606;000000;159.7;163.2;158.75;158.85;85820;0
Газпрнефть;D;20160607;000000;160.9;162.3;158.55;162;348920;0
Газпрнефть;D;20160608;000000;161.95;162.4;160.45;161.25;102740;0
Газпрнефть;D;20160609;000000;161.55;162.3;158.25;158.75;188950;0
Газпрнефть;D;20160610;000000;158.75;158.75;157;157.6;91010;0
Газпрнефть;D;20160614;000000;157.5;157.5;150;154.85;272080;0
Газпрнефть;D;20160615;000000;154.5;156.45;153.25;156.15;115070;0
Газпрнефть;D;20160616;000000;156.75;158.45;154.25;155.35;83080;0
Газпрнефть;D;20160617;000000;155.45;158.3;152.2;152.2;268160;0
Газпрнефть;D;20160620;000000;154.85;159.75;154.85;157.95;115340;0
Газпрнефть;D;20160621;000000;159.6;159.65;157.15;158.65;470750;0
Газпрнефть;D;20160622;000000;158.65;160.15;158.65;159.1;155650;0
Газпрнефть;D;20160623;000000;158;163;157.9;161.8;446950;0
Газпрнефть;D;20160624;000000;155;160.9;155;159.95;440270;0
Газпрнефть;D;20160627;000000;160;160.45;157.3;158.25;57320;0
Газпрнефть;D;20160628;000000;157.55;158.2;156.65;157;47560;0
Газпрнефть;D;20160629;000000;157.7;161.85;157.2;160.6;118420;0
Газпрнефть;D;20160630;000000;160;162;159.25;161.35;81240;0
Газпрнефть;D;20160701;000000;161.1;163.7;161;163.2;70970;0
Газпрнефть;D;20160704;000000;163.95;164;161.1;162.15;94970;0
Газпрнефть;D;20160705;000000;163.35;165.5;162.3;163.95;253060;0
Газпрнефть;D;20160706;000000;163.85;163.85;161.15;162.3;89920;0
Газпрнефть;D;20160707;000000;162.7;164.2;161.9;163.1;405210;0
Газпрнефть;D;20160708;000000;163.35;163.65;161.95;162.65;184470;0
Газпрнефть;D;20160711;000000;162.95;164.6;161.6;162.35;120520;0
Газпрнефть;D;20160712;000000;162;165.5;161.9;163.65;87630;0
Газпрнефть;D;20160713;000000;165.6;165.8;162.55;162.8;208690;0
Газпрнефть;D;20160714;000000;163.25;164.95;162;164.3;148070;0
Газпрнефть;D;20160715;000000;164.35;164.35;162.25;163.55;179290;0
Газпрнефть;D;20160718;000000;163.2;164.4;162.2;162.3;32510;0
Газпрнефть;D;20160719;000000;162.2;163.5;161.15;163;60230;0
Газпрнефть;D;20160720;000000;162;163.5;162;162.75;56660;0
Газпрнефть;D;20160721;000000;163.05;165.1;162.95;164.5;83400;0
Газпрнефть;D;20160722;000000;164.7;167.2;164.7;166.3;60810;0
Газпрнефть;D;20160725;000000;166.3;166.4;164.95;165.85;44660;0
Газпрнефть;D;20160726;000000;166.5;167;163.3;164.55;69210;0
Газпрнефть;D;20160727;000000;164.9;165.35;164.6;164.6;23550;0
Газпрнефть;D;20160728;000000;164.95;167;163.3;164.55;112040;0
Газпрнефть;D;20160729;000000;164.5;166.4;164.05;165.8;40600;0
Газпрнефть;D;20160801;000000;166;166.4;163.9;165.6;45120;0
Газпрнефть;D;20160802;000000;165;166;164.45;165.2;107210;0
Газпрнефть;D;20160803;000000;165.75;166;164.75;165.85;78490;0
Газпрнефть;D;20160804;000000;165.65;167;164.25;166.3;426870;0
Газпрнефть;D;20160805;000000;166.4;167.55;165.25;166;62570;0
Газпрнефть;D;20160808;000000;166.05;166.05;164.05;165.15;131120;0
Газпрнефть;D;20160809;000000;164.55;165.7;164.5;165;142360;0
Газпрнефть;D;20160810;000000;165.75;165.95;164.15;164.55;70010;0
Газпрнефть;D;20160811;000000;164.5;165.05;162.05;164.5;286360;0
Газпрнефть;D;20160812;000000;162.9;165.5;162.9;165;83150;0
Газпрнефть;D;20160815;000000;165;168.25;164.95;167.35;113010;0
Газпрнефть;D;20160816;000000;167.75;169.35;167.5;168.45;107470;0
Газпрнефть;D;20160817;000000;168.35;170.95;168;170.3;129150;0
Газпрнефть;D;20160818;000000;170.55;171.3;168.6;170.05;95330;0
Газпрнефть;D;20160819;000000;169.7;171.6;168.6;170.3;249130;0
Газпрнефть;D;20160822;000000;168.75;171.9;168.75;170.6;185750;0
Газпрнефть;D;20160823;000000;169.45;170.9;167.7;169.85;306410;0
Газпрнефть;D;20160824;000000;169.5;174.7;169.5;173.1;171780;0
Газпрнефть;D;20160825;000000;172.85;174.55;167.25;172.65;216870;0
Газпрнефть;D;20160826;000000;174.3;174.5;172;172.9;79920;0
Газпрнефть;D;20160829;000000;172.85;173.85;172.5;173.25;46590;0
Газпрнефть;D;20160830;000000;175;175;172.15;173.05;60630;0
Газпрнефть;D;20160831;000000;173.2;173.8;171.6;172.1;76530;0
Газпрнефть;D;20160901;000000;172.15;172.8;171.35;171.8;67180;0
Газпрнефть;D;20160902;000000;171.45;172.15;170.75;171.4;68300;0
Газпрнефть;D;20160905;000000;171.45;171.65;169.65;171.5;130430;0
Газпрнефть;D;20160906;000000;171.5;173.5;169.95;171.3;410570;0
Газпрнефть;D;20160907;000000;171.15;175;170.05;173.8;181800;0
Газпрнефть;D;20160908;000000;175.3;176.45;174.35;175.6;151410;0
Газпрнефть;D;20160909;000000;175.95;176.55;172.35;174.2;119200;0
Газпрнефть;D;20160912;000000;173;174.3;172.25;172.9;82220;0
Газпрнефть;D;20160913;000000;172.65;176;172.45;175.4;270200;0
Газпрнефть;D;20160914;000000;175.4;176.9;173.4;175.65;114580;0
Газпрнефть;D;20160915;000000;175.1;176.55;175.05;175.7;125250;0
Газпрнефть;D;20160916;000000;175.35;178.35;175.35;177.4;79680;0
Газпрнефть;D;20160919;000000;177;178.9;174.4;175.2;96250;0
Газпрнефть;D;20160920;000000;174.6;177.8;174.1;176.45;92020;0
Газпрнефть;D;20160921;000000;177.55;178.9;176;177.3;154610;0
Газпрнефть;D;20160922;000000;178.2;179.7;177.5;178.7;125970;0
Газпрнефть;D;20160923;000000;179.45;179.75;177;178.4;92540;0
Газпрнефть;D;20160926;000000;178.4;179.7;177.7;178.55;59110;0
Газпрнефть;D;20160927;000000;178.6;184.45;176.65;178.5;238880;0
Газпрнефть;D;20160928;000000;178.5;180.45;176.85;177.45;100070;0
Газпрнефть;D;20160929;000000;179.9;180.05;176;177.4;316010;0
Газпрнефть;D;20160930;000000;177.6;178.3;176.1;176.9;91420;0
Газпрнефть;D;20161003;000000;177;179.5;173.2;178.45;257170;0
Газпрнефть;D;20161004;000000;178.55;179;176.05;176.5;170740;0
Газпрнефть;D;20161005;000000;177;177;174;175.2;79880;0
Газпрнефть;D;20161006;000000;175.1;176.7;173.6;175.75;80830;0
Газпрнефть;D;20161007;000000;176.2;177.3;174.3;175.95;86580;0
Газпрнефть;D;20161010;000000;176.35;177.9;176.15;177.05;61840;0
Газпрнефть;D;20161011;000000;177.75;178.2;176.35;177.25;90500;0
Газпрнефть;D;20161012;000000;177.3;177.65;175.1;177.4;54130;0
Газпрнефть;D;20161013;000000;176.7;178.55;175.5;177.5;115960;0
Газпрнефть;D;20161014;000000;177.2;178.8;176.4;177.3;55810;0
Газпрнефть;D;20161017;000000;176;178.85;175.35;177.15;68560;0
Газпрнефть;D;20161018;000000;176.9;177.9;176.35;177.05;61120;0
Газпрнефть;D;20161019;000000;177.1;180.3;176.35;179.8;311490;0
Газпрнефть;D;20161020;000000;179.5;180.85;178.9;179.9;445620;0
Газпрнефть;D;20161021;000000;179.8;181.95;179.55;180.5;374610;0
Газпрнефть;D;20161024;000000;181.6;182.45;180.65;180.95;771390;0
Газпрнефть;D;20161025;000000;181;182;179.1;180.7;285650;0
Газпрнефть;D;20161026;000000;180.55;182.95;179.7;182.85;142820;0
Газпрнефть;D;20161027;000000;183;187.8;182.75;185.55;381070;0
Газпрнефть;D;20161028;000000;186;186.5;183.7;184.9;129430;0
Газпрнефть;D;20161031;000000;185;185;182.45;184.7;95880;0
Газпрнефть;D;20161101;000000;185;186;182.25;185.4;134570;0
Газпрнефть;D;20161102;000000;185.3;186.55;183.7;184.5;86780;0
Газпрнефть;D;20161103;000000;184.9;185.7;182.9;184.75;111210;0
Газпрнефть;D;20161107;000000;184.1;184.8;181.05;182.1;86100;0
Газпрнефть;D;20161108;000000;182.1;183.55;180.1;180.2;480260;0
Газпрнефть;D;20161109;000000;179.8;183;175.55;182.55;245680;0
Газпрнефть;D;20161110;000000;182.25;189.9;182.05;186.4;337540;0
Газпрнефть;D;20161111;000000;186.5;188;181.55;182;154460;0
Газпрнефть;D;20161114;000000;182.1;184.65;179;179.55;199410;0
Газпрнефть;D;20161115;000000;180;183.8;180;182;152290;0
Газпрнефть;D;20161116;000000;182.1;186;182.1;185;185120;0
Газпрнефть;D;20161117;000000;184.5;187;184.3;186;209970;0
Газпрнефть;D;20161118;000000;186;187.75;185.5;186.8;120820;0
Газпрнефть;D;20161121;000000;186.8;190.45;186.8;189.85;190470;0
Газпрнефть;D;20161122;000000;191;191.75;188.55;190;192960;0
Газпрнефть;D;20161123;000000;190.5;193.6;189.1;192.75;254530;0
Газпрнефть;D;20161124;000000;192.75;200;191.3;198.85;398080;0
Газпрнефть;D;20161125;000000;200.35;200.95;196;196.6;332020;0
Газпрнефть;D;20161128;000000;197.25;198.9;193;193.25;178550;0
Газпрнефть;D;20161129;000000;193.05;198.5;193.05;196.95;203480;0
Газпрнефть;D;20161130;000000;197.25;199.9;196.1;199.9;163130;0
Газпрнефть;D;20161201;000000;199.85;201.85;198.85;200.3;120630;0
Газпрнефть;D;20161202;000000;202.9;207.7;200.45;202.4;342280;0
Газпрнефть;D;20161205;000000;201.9;206.7;200.3;204;357410;0
Газпрнефть;D;20161206;000000;204;205.35;202.9;205;221780;0
Газпрнефть;D;20161207;000000;205;205.2;203;203.9;187450;0
Газпрнефть;D;20161208;000000;203.85;210.5;203.05;209.95;330020;0
Газпрнефть;D;20161209;000000;210.2;211.8;204.45;206.85;402970;0
Газпрнефть;D;20161212;000000;206.85;209.6;205.05;206.55;568750;0
Газпрнефть;D;20161213;000000;207.25;207.85;203.1;206.55;385750;0
Газпрнефть;D;20161214;000000;206.55;209.05;203.15;206.1;419760;0
Газпрнефть;D;20161215;000000;205.3;209.65;205;207.55;1150270;0
Газпрнефть;D;20161216;000000;206.8;209.55;206.8;208;356820;0
Газпрнефть;D;20161219;000000;206.8;209.5;206.8;207.85;342650;0
Газпрнефть;D;20161220;000000;206.7;211.45;203.5;209.25;402870;0
Газпрнефть;D;20161221;000000;209.35;210.95;206.6;208.9;188000;0
Газпрнефть;D;20161222;000000;207.7;209.05;205.4;208.05;208590;0
Газпрнефть;D;20161223;000000;207.3;209.85;207;208.35;93590;0
Газпрнефть;D;20161226;000000;208;209.7;206;207.05;19630;0
Газпрнефть;D;20161227;000000;207.9;209.05;207;208.6;25980;0
Газпрнефть;D;20161228;000000;209;213.75;208.25;211.7;439340;0
Газпрнефть;D;20161229;000000;210.85;215.9;210.1;214.15;251960;0
Газпрнефть;D;20161230;000000;213;218.95;213;214;168430;0
Газпрнефть;D;20170103;000000;216;228.2;214.35;222.6;177000;0
Газпрнефть;D;20170104;000000;223;233.25;221.6;232.2;445170;0
Газпрнефть;D;20170105;000000;232.95;239.9;225.35;229.1;522730;0
Газпрнефть;D;20170106;000000;231.35;236.9;225.4;228.35;192790;0
Газпрнефть;D;20170109;000000;228.9;232;225.3;228.5;122480;0
Газпрнефть;D;20170110;000000;228.5;230.25;225.6;228.7;93820;0
Газпрнефть;D;20170111;000000;228.6;230;227;228.95;239930;0
Газпрнефть;D;20170112;000000;229;232.1;228.35;230.3;242560;0
Газпрнефть;D;20170113;000000;231.45;232.25;226.6;227.3;135260;0
Газпрнефть;D;20170116;000000;228.3;228.3;225;225.3;141350;0
Газпрнефть;D;20170117;000000;225.6;229.95;225.55;226.8;141530;0
Газпрнефть;D;20170118;000000;228.05;229.55;227;227.45;95360;0
Газпрнефть;D;20170119;000000;227.15;228.65;224;225.85;110090;0
Газпрнефть;D;20170120;000000;225.05;227.6;224.9;225.9;104560;0
Газпрнефть;D;20170123;000000;224.7;227.25;220.3;220.9;82740;0
Газпрнефть;D;20170124;000000;221.9;224.55;221.8;223.3;73610;0
Газпрнефть;D;20170125;000000;224.7;225.65;223.25;224.2;102580;0
Газпрнефть;D;20170126;000000;226.2;229.7;224.45;228;175820;0
Газпрнефть;D;20170127;000000;228.15;229.7;225.2;227.3;157590;0
Газпрнефть;D;20170130;000000;227.95;229.5;226.25;226.35;62390;0
Газпрнефть;D;20170131;000000;226.6;233.35;226.6;230.7;122540;0
Газпрнефть;D;20170201;000000;231;233;227.7;230.25;96670;0
Газпрнефть;D;20170202;000000;231;233.2;230.55;231.7;57480;0
Газпрнефть;D;20170203;000000;232.9;235.9;229.9;233.95;111700;0
Газпрнефть;D;20170206;000000;233.95;234;230.2;230.8;67420;0
Газпрнефть;D;20170207;000000;231.7;233.55;230;232.25;72920;0
Газпрнефть;D;20170208;000000;232.3;233.4;231;232.15;107670;0
Газпрнефть;D;20170209;000000;233.1;233.5;228;229.85;60460;0
Газпрнефть;D;20170210;000000;230.6;231.2;227.95;229.3;81050;0
Газпрнефть;D;20170213;000000;228.8;230.75;228.2;230.15;90690;0
Газпрнефть;D;20170214;000000;231.2;232.4;225.15;226.5;68400;0
Газпрнефть;D;20170215;000000;226;233.25;221.25;230.05;165380;0
Газпрнефть;D;20170216;000000;230.2;231.9;229.15;230.25;89510;0
Газпрнефть;D;20170217;000000;230.25;234.95;230.25;233.8;443080;0
Газпрнефть;D;20170220;000000;233.9;235;231;232.85;168180;0
Газпрнефть;D;20170221;000000;233;237.85;231.4;232;140950;0
Газпрнефть;D;20170222;000000;232.85;237.4;231.6;234;174810;0
Газпрнефть;D;20170224;000000;235.95;235.95;231.75;233.2;165340;0
Газпрнефть;D;20170227;000000;233.9;234.25;228.55;229.85;226340;0
Газпрнефть;D;20170228;000000;230.2;232.6;228;229;235260;0
Газпрнефть;D;20170301;000000;229.9;230.8;222.55;224;282650;0
Газпрнефть;D;20170302;000000;225;225.95;222.7;223.15;244800;0
Газпрнефть;D;20170303;000000;223.15;223.5;213.05;218.6;387780;0
Газпрнефть;D;20170306;000000;216;220.8;216;216.45;133760;0
Газпрнефть;D;20170307;000000;217.3;217.6;199.2;203.8;1058540;0
Газпрнефть;D;20170309;000000;201.55;201.55;197.2;199.45;368310;0
Газпрнефть;D;20170310;000000;197.45;199.95;195.3;197.45;170510;0
Газпрнефть;D;20170313;000000;196.7;207.8;196;206.5;413630;0
Газпрнефть;D;20170314;000000;207.2;212.95;207.1;209.8;213430;0
Газпрнефть;D;20170315;000000;210.15;212.45;203.6;204.8;197250;0
Газпрнефть;D;20170316;000000;206.35;208.45;200.35;202;250020;0
Газпрнефть;D;20170317;000000;203.5;207;202.7;204.5;181080;0
Газпрнефть;D;20170320;000000;206.35;206.7;201.85;202.45;201780;0
Газпрнефть;D;20170321;000000;203.2;203.3;197.5;198.65;255750;0
Газпрнефть;D;20170322;000000;199;199;195;198.8;349420;0
Газпрнефть;D;20170323;000000;198.8;201.7;198.7;199.4;207700;0
Газпрнефть;D;20170324;000000;199.05;202.1;199.05;200.5;175100;0
Газпрнефть;D;20170327;000000;199.95;200;196.55;199.5;132290;0
Газпрнефть;D;20170328;000000;199.95;201.1;198;198.6;121210;0
Газпрнефть;D;20170329;000000;199.2;201.55;198.1;201.3;154220;0
Газпрнефть;D;20170330;000000;201.3;205.3;200.75;204.5;142660;0
Газпрнефть;D;20170331;000000;204;204.4;202.7;203.7;92870;0
Газпрнефть;D;20170403;000000;204.7;209;203.35;207.95;128270;0
Газпрнефть;D;20170404;000000;208;208.9;205.8;207.35;54880;0
Газпрнефть;D;20170405;000000;208.8;208.95;206.85;208.05;181010;0
Газпрнефть;D;20170406;000000;206.7;211.7;206.7;210.65;149260;0
Газпрнефть;D;20170407;000000;210.55;211.55;206.6;207.3;185520;0
Газпрнефть;D;20170410;000000;207.3;208.7;201.95;204.35;213340;0
Газпрнефть;D;20170411;000000;203.4;204.85;201.35;202.6;70850;0
Газпрнефть;D;20170412;000000;203.1;203.1;200;200.65;144590;0
Газпрнефть;D;20170413;000000;200.65;204.85;190.1;199.9;223700;0
Газпрнефть;D;20170414;000000;197.7;205.4;197.7;201.5;117350;0
Газпрнефть;D;20170417;000000;201.85;206.1;199.05;205.7;42190;0
Газпрнефть;D;20170418;000000;205.7;207.3;205;206.3;133730;0
Газпрнефть;D;20170419;000000;204.75;206.5;201.35;203.5;143270;0
Газпрнефть;D;20170420;000000;202.95;203.25;199.2;200.85;153150;0
Газпрнефть;D;20170421;000000;201.45;202.95;199.05;200.45;265350;0
Газпрнефть;D;20170424;000000;200.55;202.4;197.8;199.4;245620;0
Газпрнефть;D;20170425;000000;200.1;200.6;194.35;200;179390;0
Газпрнефть;D;20170426;000000;200.95;201.65;198.05;200.15;244270;0
Газпрнефть;D;20170427;000000;201;201;195.8;197.9;261830;0
Газпрнефть;D;20170428;000000;198;200.95;196.8;200.35;187860;0
Газпрнефть;D;20170502;000000;201.2;202.1;199.65;202;129200;0
Газпрнефть;D;20170503;000000;202.25;202.8;200.35;200.85;122130;0
Газпрнефть;D;20170504;000000;200.8;202.05;199.65;199.7;27570;0
Газпрнефть;D;20170505;000000;199.65;199.65;197;199.25;51120;0
Газпрнефть;D;20170510;000000;199.25;201.05;196.6;198.9;136270;0
Газпрнефть;D;20170511;000000;200;200;195.5;197;123790;0
Газпрнефть;D;20170512;000000;196.3;196.95;193.25;196.55;151050;0
Газпрнефть;D;20170515;000000;197;198.9;195;196.4;34590;0
Газпрнефть;D;20170516;000000;196.6;197.9;190.15;192.7;191990;0
Газпрнефть;D;20170517;000000;192.65;193.2;191.5;192.8;82270;0
Газпрнефть;D;20170518;000000;192.7;195.6;191.3;193.4;49640;0
Газпрнефть;D;20170519;000000;191.5;195.5;191.5;193.55;34590;0
Газпрнефть;D;20170522;000000;192.7;195.5;191.5;195.35;93630;0
Газпрнефть;D;20170523;000000;194.55;197.85;191.55;196.2;282840;0
Газпрнефть;D;20170524;000000;195.5;202.1;194.55;197.8;222560;0
Газпрнефть;D;20170525;000000;197.65;202.1;195.1;201.4;377170;0
Газпрнефть;D;20170526;000000;201.4;203.2;198.15;199.95;204680;0
Газпрнефть;D;20170529;000000;200.8;203.15;198.1;198.1;77560;0
Газпрнефть;D;20170530;000000;198.4;203.85;198.1;202.45;114650;0
Газпрнефть;D;20170531;000000;202.45;204.35;199.05;202;154390;0
Газпрнефть;D;20170601;000000;202.5;203.25;195.75;198;183980;0
Газпрнефть;D;20170602;000000;198.95;199.9;193.7;196;374270;0
Газпрнефть;D;20170605;000000;196;201.05;196;198.95;418130;0
Газпрнефть;D;20170606;000000;198.8;200.5;198.75;200.25;196130;0
Газпрнефть;D;20170607;000000;202;202;198.4;198.4;102870;0
Газпрнефть;D;20170608;000000;198.7;199.3;195.6;196.05;333430;0
Газпрнефть;D;20170609;000000;196.1;198.5;195.8;196.45;60890;0
Газпрнефть;D;20170613;000000;196;196.7;193.45;194.3;138710;0
Газпрнефть;D;20170614;000000;195.25;195.45;189.1;190.4;783300;0
Газпрнефть;D;20170615;000000;189.5;189.5;183.7;187;236330;0
Газпрнефть;D;20170616;000000;189.8;190.95;185;186.65;179800;0
Газпрнефть;D;20170619;000000;187.9;188.55;185;188.4;93580;0
Газпрнефть;D;20170620;000000;189;190.45;187.75;189.25;146460;0
Газпрнефть;D;20170621;000000;189.15;193.1;189.15;192;192300;0
Газпрнефть;D;20170622;000000;192.05;193.95;189.7;192.4;364590;0
Газпрнефть;D;20170623;000000;184.35;186.45;183.55;184.9;533510;0
Газпрнефть;D;20170626;000000;186.2;189.9;182.3;182.85;274340;0
Газпрнефть;D;20170627;000000;182.7;185.5;182.2;184.85;118040;0
Газпрнефть;D;20170628;000000;184.85;185.5;183.55;183.9;107040;0
Газпрнефть;D;20170629;000000;184.6;185.15;183.4;183.45;66100;0
Газпрнефть;D;20170630;000000;184.05;184.25;180.5;181.15;136410;0
Газпрнефть;D;20170703;000000;182;182.65;180.5;181.1;202010;0
Газпрнефть;D;20170704;000000;181.1;182.5;179.75;182.25;214760;0
Газпрнефть;D;20170705;000000;182.3;184;180.7;183.3;150020;0
Газпрнефть;D;20170706;000000;183.1;186.75;182.8;186.3;272030;0
Газпрнефть;D;20170707;000000;186.15;188.4;185.25;187.2;113350;0
Газпрнефть;D;20170710;000000;187.2;188.7;184.4;186.7;44410;0
Газпрнефть;D;20170711;000000;186.25;188.1;183.75;187.6;113100;0
Газпрнефть;D;20170712;000000;188;190.95;187.05;190.65;193200;0
Газпрнефть;D;20170713;000000;190.6;190.85;186.25;186.3;167130;0
Газпрнефть;D;20170714;000000;188.55;190.05;184.3;189.95;277890;0
Газпрнефть;D;20170717;000000;190.45;191.45;187.15;190.9;222920;0
Газпрнефть;D;20170718;000000;191.4;191.95;189.75;191.75;234960;0
Газпрнефть;D;20170719;000000;191.4;194.65;191.4;194.5;202120;0
Газпрнефть;D;20170720;000000;194.7;199.7;194.65;198;456180;0
Газпрнефть;D;20170721;000000;198;199.5;195.4;197.15;211600;0
Газпрнефть;D;20170724;000000;196.5;196.7;193.1;193.55;138600;0
Газпрнефть;D;20170725;000000;195.4;198;193.2;194.3;311480;0
Газпрнефть;D;20170726;000000;194.3;197.85;194.3;197.45;165510;0
Газпрнефть;D;20170727;000000;197.3;198.35;197.25;198.1;125620;0
Газпрнефть;D;20170728;000000;198.3;198.5;194.95;197.55;198760;0
Газпрнефть;D;20170731;000000;197.55;199.65;195.4;199.6;269880;0
Газпрнефть;D;20170801;000000;199.7;203.35;199.55;202.4;346840;0
Газпрнефть;D;20170802;000000;203.85;206.3;203.15;203.5;332910;0
Газпрнефть;D;20170803;000000;204.95;205.2;202.2;203.15;402340;0
Газпрнефть;D;20170804;000000;202.85;203.95;202.3;203;266790;0
Газпрнефть;D;20170807;000000;203.85;206;202.8;206;145280;0
Газпрнефть;D;20170808;000000;206;209.8;204.25;207.6;281590;0
Газпрнефть;D;20170809;000000;208.5;208.5;196.55;206;267890;0
Газпрнефть;D;20170810;000000;206;209;205.55;207.15;177260;0
Газпрнефть;D;20170811;000000;207;207;202.5;206;192420;0
Газпрнефть;D;20170814;000000;206.1;208.55;204.9;205.55;136830;0
Газпрнефть;D;20170815;000000;205.55;206.45;204.1;204.5;52390;0
Газпрнефть;D;20170816;000000;205;207.1;204.6;206.3;55340;0
Газпрнефть;D;20170817;000000;207;207.85;205.25;205.8;90600;0
Газпрнефть;D;20170818;000000;207;209.4;203.6;208.9;144730;0
Газпрнефть;D;20170821;000000;209.8;210.2;209;210.2;89450;0
Газпрнефть;D;20170822;000000;210.55;212.05;208.5;209.8;142730;0
Газпрнефть;D;20170823;000000;211.6;211.85;204.55;205.45;216720;0
Газпрнефть;D;20170824;000000;206;206.15;203;203.5;368030;0
Газпрнефть;D;20170825;000000;204;206.85;203.9;206.65;110860;0
Газпрнефть;D;20170828;000000;207.8;207.8;206.1;207.1;72340;0
Газпрнефть;D;20170829;000000;207;208;202.55;206.5;138710;0
Газпрнефть;D;20170830;000000;207.95;208;205.25;208;33080;0
Газпрнефть;D;20170831;000000;209.45;209.45;206.95;207.55;75410;0
Газпрнефть;D;20170901;000000;207.95;208.4;205.1;207.95;52140;0
Газпрнефть;D;20170904;000000;208;208;205.6;205.6;30970;0
Газпрнефть;D;20170905;000000;204.5;207;204.5;206.25;52490;0
Газпрнефть;D;20170906;000000;205.5;208.45;201.7;207.5;332830;0
Газпрнефть;D;20170907;000000;208;210.3;207.6;210.3;154320;0
Газпрнефть;D;20170908;000000;209.9;216.8;209.4;216;635170;0
Газпрнефть;D;20170911;000000;216.1;224.55;216.1;224.05;266250;0
Газпрнефть;D;20170912;000000;224.3;225;221.45;223.1;117470;0
Газпрнефть;D;20170913;000000;224.3;227.7;222.7;224.15;181800;0
Газпрнефть;D;20170914;000000;223.95;224.9;220.7;221.75;429310;0
Газпрнефть;D;20170915;000000;220.8;222.85;220.6;222.3;362350;0
Газпрнефть;D;20170918;000000;221.6;225.95;220.75;225.4;187260;0
Газпрнефть;D;20170919;000000;224.1;225.25;220.8;224.35;282360;0
Газпрнефть;D;20170920;000000;224.4;224.85;221.9;223.2;54570;0
Газпрнефть;D;20170921;000000;223.5;225.05;220.8;222.2;147480;0
Газпрнефть;D;20170922;000000;221.4;222.7;217.25;218.8;271640;0
Газпрнефть;D;20170925;000000;220.9;220.9;216.1;218.7;275920;0
Газпрнефть;D;20170926;000000;220;224.05;219.45;223.2;272020;0
Газпрнефть;D;20170927;000000;223.85;226.7;223.2;226;361380;0
Газпрнефть;D;20170928;000000;226;229.6;225;229;211810;0
Газпрнефть;D;20170929;000000;228.4;228.6;225.7;227;166220;0
Газпрнефть;D;20171002;000000;227.95;228.5;224.75;225.35;49200;0
Газпрнефть;D;20171003;000000;224.85;227;223.75;226.35;73480;0
Газпрнефть;D;20171004;000000;227.95;227.95;225.05;225.75;38790;0
Газпрнефть;D;20171005;000000;226.7;228.7;223.55;227.7;125180;0
Газпрнефть;D;20171006;000000;226;228.75;226;227;98500;0
Газпрнефть;D;20171009;000000;228.45;228.45;226.75;227.55;45670;0
Газпрнефть;D;20171010;000000;227.05;227.55;224.85;226.8;39970;0
Газпрнефть;D;20171011;000000;223.8;227.5;223.8;226.85;47940;0
Газпрнефть;D;20171012;000000;227.65;229.55;225.45;225.95;186300;0
Газпрнефть;D;20171013;000000;226.85;228.2;224.7;227.05;71350;0
Газпрнефть;D;20171016;000000;228.95;235.5;227.2;235;252210;0
Газпрнефть;D;20171017;000000;235.05;236.9;233.15;233.15;166200;0
Газпрнефть;D;20171018;000000;234.7;236.5;233.35;234.7;97420;0
Газпрнефть;D;20171019;000000;235.9;238.1;233.5;235;94130;0
Газпрнефть;D;20171020;000000;235.1;236.95;234.25;234.7;125590;0
Газпрнефть;D;20171023;000000;236.15;236.15;227.1;231.15;229510;0
Газпрнефть;D;20171024;000000;231.8;236.5;230.25;236.4;113330;0
Газпрнефть;D;20171025;000000;236.5;237.4;229.7;231.75;154380;0
Газпрнефть;D;20171026;000000;231.35;235.6;228.25;233.65;697730;0
Газпрнефть;D;20171027;000000;233.7;236;232.5;234.95;239900;0
Газпрнефть;D;20171030;000000;235.1;236.45;231.55;235.95;187960;0
Газпрнефть;D;20171031;000000;236.4;246.05;235.05;245;358410;0
Газпрнефть;D;20171101;000000;245.55;248.2;245;247.05;268660;0
Газпрнефть;D;20171102;000000;247.8;247.85;246;246;96980;0
Газпрнефть;D;20171103;000000;247.4;252.05;246.85;250.6;316160;0
Газпрнефть;D;20171107;000000;252.5;262.85;252.5;262.5;293780;0
Газпрнефть;D;20171108;000000;263.5;264.35;256.5;256.85;303430;0
Газпрнефть;D;20171109;000000;258;260.15;252.25;260.1;220810;0
Газпрнефть;D;20171110;000000;260.2;260.5;255.05;256.9;119010;0
Газпрнефть;D;20171113;000000;258;259.9;255.6;259.9;134070;0
Газпрнефть;D;20171114;000000;256.9;259.8;256;257.9;126500;0
Газпрнефть;D;20171115;000000;258.6;258.6;255.15;256.7;222030;0
Газпрнефть;D;20171116;000000;256.75;256.75;253.6;255.2;136300;0
Газпрнефть;D;20171117;000000;255.75;258.05;253.85;258.05;64080;0
Газпрнефть;D;20171120;000000;258.05;259.9;256.9;257;77960;0
Газпрнефть;D;20171121;000000;259.4;264;257.1;261.5;155450;0
Газпрнефть;D;20171122;000000;262.1;263.45;257.9;259.6;62200;0
Газпрнефть;D;20171123;000000;258.2;261.25;258.2;259.2;90180;0
Газпрнефть;D;20171124;000000;259.3;262.95;258.95;262.45;104980;0
Газпрнефть;D;20171127;000000;263;264.2;260.7;263.3;166290;0
Газпрнефть;D;20171128;000000;264;264.1;255.15;260.5;319930;0
Газпрнефть;D;20171129;000000;261.6;261.6;253.5;255.85;191540;0
Газпрнефть;D;20171130;000000;255;255;246.8;251;239940;0
Газпрнефть;D;20171201;000000;253.75;254.85;252.2;253.85;72770;0
Газпрнефть;D;20171204;000000;253.9;254.65;251.8;253.4;37000;0
Газпрнефть;D;20171205;000000;253.3;253.3;249;252.95;163390;0
Газпрнефть;D;20171206;000000;252.95;253.7;250.1;250.35;97260;0
Газпрнефть;D;20171207;000000;253.7;256.15;247.55;249.55;138980;0
Газпрнефть;D;20171208;000000;250.25;251.3;245.3;245.35;122560;0
Газпрнефть;D;20171211;000000;245.4;252.1;245.35;251.45;92400;0
Газпрнефть;D;20171212;000000;252.35;255.5;251.6;253.9;255770;0
Газпрнефть;D;20171213;000000;254.85;255.9;248.95;252.5;399380;0
Газпрнефть;D;20171214;000000;252.3;253.8;246;252;181160;0
Газпрнефть;D;20171215;000000;252.75;252.75;249.6;251;108970;0
Газпрнефть;D;20171218;000000;251.9;252.4;248.5;251;116310;0
Газпрнефть;D;20171219;000000;251.05;251.05;246.6;248;268700;0
Газпрнефть;D;20171220;000000;248;248.05;243.1;244.65;555320;0
Газпрнефть;D;20171221;000000;245.3;245.6;243.1;243.8;145590;0
Газпрнефть;D;20171222;000000;245;246.65;243.5;245.55;281390;0
Газпрнефть;D;20171225;000000;245.8;249.95;245.35;249;265840;0
Газпрнефть;D;20171226;000000;249;251.4;246.3;249.65;400660;0
Газпрнефть;D;20171227;000000;250;250.35;248.5;249.95;501280;0
Газпрнефть;D;20171228;000000;242.9;245.5;241.2;245.5;412150;0
Газпрнефть;D;20171229;000000;246.15;247.5;243.95;244.1;317700;0
Газпрнефть;D;20180103;000000;244.4;246.6;242.15;242.5;174460;0
Газпрнефть;D;20180104;000000;243.35;245.25;242.05;243.7;193550;0
Газпрнефть;D;20180105;000000;243.85;244.75;242.05;244.2;144310;0
Газпрнефть;D;20180109;000000;244.55;249.1;244.25;249.1;325810;0
Газпрнефть;D;20180110;000000;249.25;253.25;246.75;253;419770;0
Газпрнефть;D;20180111;000000;253.8;256.85;250.2;255.7;415510;0
Газпрнефть;D;20180112;000000;256.45;268.3;253.8;259.9;525850;0
Газпрнефть;D;20180115;000000;260.4;264;257.95;258.55;259790;0
Газпрнефть;D;20180116;000000;258.05;260.7;258;259.1;156400;0
Газпрнефть;D;20180117;000000;259.1;262.05;253.95;262.05;271840;0
Газпрнефть;D;20180118;000000;262;271;261.45;269.95;702940;0
Газпрнефть;D;20180119;000000;269.95;272.1;264;266.45;190510;0
Газпрнефть;D;20180122;000000;267.9;269.25;265.75;268.5;173730;0
Газпрнефть;D;20180123;000000;268.5;270.35;265;269.35;330750;0
Газпрнефть;D;20180124;000000;268.15;270.95;266.55;269;139950;0
Газпрнефть;D;20180125;000000;269.7;278.5;268.7;277.9;329410;0
Газпрнефть;D;20180126;000000;278.95;280;274;276.7;212180;0
Газпрнефть;D;20180129;000000;276.5;280;276.15;279.6;168090;0
Газпрнефть;D;20180130;000000;279.4;282.35;277.05;280.1;146910;0
Газпрнефть;D;20180131;000000;281.45;281.45;278.6;279.1;223420;0
Газпрнефть;D;20180201;000000;280.5;285.2;280.1;281.2;310400;0
Газпрнефть;D;20180202;000000;282.2;285.2;281.5;283.7;245990;0
Газпрнефть;D;20180205;000000;283.3;283.3;279.6;281.2;352110;0
Газпрнефть;D;20180206;000000;259.5;279;259.5;274;380790;0
Газпрнефть;D;20180207;000000;278.45;282.3;274.6;281.9;256220;0
Газпрнефть;D;20180208;000000;278.1;287.2;276.45;286.2;214390;0
Газпрнефть;D;20180209;000000;285;285;278.7;280.15;245180;0
Газпрнефть;D;20180212;000000;280.1;287.9;278.55;281.45;222240;0
Газпрнефть;D;20180213;000000;281.35;284.95;278.8;282.3;271940;0
Газпрнефть;D;20180214;000000;282.95;283.35;279.4;280;495710;0
Газпрнефть;D;20180215;000000;284.65;285.5;279.3;283.95;291400;0
Газпрнефть;D;20180216;000000;285;285.8;276.8;278.05;407380;0
Газпрнефть;D;20180219;000000;278.55;282.5;278.55;282.3;214080;0
Газпрнефть;D;20180220;000000;282.3;283.95;280.75;281.6;161780;0
Газпрнефть;D;20180221;000000;282.2;282.85;280.1;281.95;114380;0
Газпрнефть;D;20180222;000000;282;285;278.25;283.05;216460;0
Газпрнефть;D;20180226;000000;285;288.05;283.45;284.65;299740;0
Газпрнефть;D;20180227;000000;284.65;287;283.7;286.9;211140;0
Газпрнефть;D;20180228;000000;287.2;287.85;283.9;283.9;158290;0
Газпрнефть;D;20180301;000000;283.35;294.8;281.05;294.8;323420;0
Газпрнефть;D;20180302;000000;293.4;293.45;287.1;291.45;110140;0
Газпрнефть;D;20180305;000000;291.45;294.55;288.1;291.85;126340;0
Газпрнефть;D;20180306;000000;291.75;294.9;291.7;294.65;119570;0
Газпрнефть;D;20180307;000000;293.65;294.2;290.55;291.85;77550;0
Газпрнефть;D;20180309;000000;292.25;294.2;290.3;292.75;81910;0
Газпрнефть;D;20180312;000000;293.55;295.9;289.65;290.05;87460;0
Газпрнефть;D;20180313;000000;290.05;292.3;286;288;234870;0
Газпрнефть;D;20180314;000000;287.65;287.7;285.4;286.7;82680;0
Газпрнефть;D;20180315;000000;287.6;288;281.15;284.5;154110;0
Газпрнефть;D;20180316;000000;284;289.05;282;289.05;195730;0
Газпрнефть;D;20180319;000000;289;292.15;287.35;290.35;134920;0
Газпрнефть;D;20180320;000000;288.75;292.6;288.5;292.45;211500;0
Газпрнефть;D;20180321;000000;292.15;293.25;291.2;292.9;107640;0
Газпрнефть;D;20180322;000000;293;293.25;289;290;213750;0
Газпрнефть;D;20180323;000000;290.85;290.85;288;288;138940;0
Газпрнефть;D;20180326;000000;288;291;288;288.45;82630;0
Газпрнефть;D;20180327;000000;294;297;290.55;296.95;228130;0
Газпрнефть;D;20180328;000000;294.1;296.95;294.1;295.25;74930;0
Газпрнефть;D;20180329;000000;295;297;295;295.1;51410;0
Газпрнефть;D;20180330;000000;295.5;297;295.5;295.85;33600;0
Газпрнефть;D;20180402;000000;296.1;299.2;296.1;299.15;63610;0
Газпрнефть;D;20180403;000000;297.35;300;292.95;298.9;203920;0
Газпрнефть;D;20180404;000000;300.2;303.35;298.85;303.35;82220;0
Газпрнефть;D;20180405;000000;303.55;315.9;302.95;314;335160;0
Газпрнефть;D;20180406;000000;314;314.7;310.8;312.05;115480;0
Газпрнефть;D;20180409;000000;312.85;312.85;289.8;297.4;703430;0
Газпрнефть;D;20180410;000000;292.7;309;291.5;296.25;410510;0
Газпрнефть;D;20180411;000000;296.15;305;287;288.8;441700;0
Газпрнефть;D;20180412;000000;294.3;298.3;292.2;296.75;234730;0
Газпрнефть;D;20180413;000000;298;299.7;295.3;296.7;163720;0
Газпрнефть;D;20180416;000000;293;304;291.25;302.1;281810;0
Газпрнефть;D;20180417;000000;304;309.8;304;306.5;128730;0
Газпрнефть;D;20180418;000000;308.4;311.95;307.45;310.1;169040;0
Газпрнефть;D;20180419;000000;311;313.1;296.2;302.35;351720;0
Газпрнефть;D;20180420;000000;303;305.75;299.8;301.1;317120;0
Газпрнефть;D;20180423;000000;302.3;306.15;301.3;304.3;251920;0
Газпрнефть;D;20180424;000000;305.2;305.55;299.05;299.85;166780;0
Газпрнефть;D;20180425;000000;300;301.5;295.4;297;137740;0
Газпрнефть;D;20180426;000000;299.1;302.45;297.7;302.3;475660;0
Газпрнефть;D;20180427;000000;303.25;306.3;301.35;305;298780;0
Газпрнефть;D;20180428;000000;305.9;306.85;303.65;306;30850;0
Газпрнефть;D;20180430;000000;306.65;310.25;306.2;308.2;191720;0
Газпрнефть;D;20180502;000000;308.5;312.15;308.45;309;189580;0
Газпрнефть;D;20180503;000000;309.75;309.75;304;304.1;89440;0
Газпрнефть;D;20180504;000000;303;309;302;307.85;91640;0
Газпрнефть;D;20180507;000000;308.25;315.5;308.25;315.5;323120;0
Газпрнефть;D;20180508;000000;315;316.8;311.6;313.7;275870;0
Газпрнефть;D;20180510;000000;320;321.75;313.3;313.65;289040;0
Газпрнефть;D;20180511;000000;313.75;332.45;313.75;332.45;420320;0
Газпрнефть;D;20180514;000000;329.1;335.05;316.2;325.1;1070970;0
Газпрнефть;D;20180515;000000;325.75;328.5;324.3;326.15;356000;0
Газпрнефть;D;20180516;000000;327;329.95;324.55;329.85;166500;0
Газпрнефть;D;20180517;000000;332;332.05;322.5;323;312140;0
Газпрнефть;D;20180518;000000;323;327.5;323;325;144020;0
Газпрнефть;D;20180521;000000;326.25;328.5;326.25;327.45;156000;0
Газпрнефть;D;20180522;000000;327.5;332.45;326.1;332.45;170520;0
Газпрнефть;D;20180523;000000;332;336;329.75;333.1;215190;0
Газпрнефть;D;20180524;000000;333.1;336;331.25;332.25;107190;0
Газпрнефть;D;20180525;000000;331.7;334.9;327.8;331;182610;0
Газпрнефть;D;20180528;000000;329.5;335;327.9;331.2;49400;0
Газпрнефть;D;20180529;000000;332.35;332.4;329;329.9;37530;0
Газпрнефть;D;20180530;000000;329.5;331.35;326.4;328.95;116700;0
Газпрнефть;D;20180531;000000;327.4;328.55;318.5;321.9;121950;0
Газпрнефть;D;20180601;000000;323;323.6;313.05;318;414970;0
Газпрнефть;D;20180604;000000;320;321.95;316.7;321.7;165020;0
Газпрнефть;D;20180605;000000;322;326;321.15;326;179410;0
Газпрнефть;D;20180606;000000;328.25;328.25;325;326;96020;0
Газпрнефть;D;20180607;000000;326.65;330;326.45;327.2;73430;0
Газпрнефть;D;20180608;000000;327.75;330;325.15;326.1;85790;0
Газпрнефть;D;20180609;000000;327.5;329;326.35;327.3;25510;0
Газпрнефть;D;20180611;000000;323.7;330.35;323.7;329.75;71660;0
Газпрнефть;D;20180613;000000;328.3;329.7;320.55;322.95;140850;0
Газпрнефть;D;20180614;000000;321.7;321.7;318.05;320;152000;0
Газпрнефть;D;20180615;000000;318.4;324.65;317.95;323.55;83340;0
Газпрнефть;D;20180618;000000;320.1;323.55;320.1;322;53460;0
Газпрнефть;D;20180619;000000;320.1;324;319.4;320;59260;0
Газпрнефть;D;20180620;000000;319.2;322.45;302.35;315.1;219310;0
Газпрнефть;D;20180621;000000;314.5;314.85;305.85;314.75;374010;0
Газпрнефть;D;20180622;000000;314.9;315.9;311.45;312.4;127300;0
Газпрнефть;D;20180625;000000;309;309.2;303.35;308.95;162300;0
Газпрнефть;D;20180626;000000;306.8;309.55;304.05;309.2;163590;0
Газпрнефть;D;20180627;000000;309.5;313.75;306.55;311;150010;0
Газпрнефть;D;20180628;000000;311.75;315.25;310.1;313.6;210570;0
Газпрнефть;D;20180629;000000;312;328.95;312;324;266650;0
Газпрнефть;D;20180702;000000;321.15;328.7;321.15;323.9;191540;0
Газпрнефть;D;20180703;000000;323;332.3;323;327.8;411640;0
Газпрнефть;D;20180704;000000;329.05;334.4;324.95;334.4;261260;0
Газпрнефть;D;20180705;000000;333.2;335.1;332.15;335;133930;0
Газпрнефть;D;20180706;000000;335.3;335.35;327.1;335;285450;0
Газпрнефть;D;20180709;000000;336;339.5;334.25;339.2;229210;0
Газпрнефть;D;20180710;000000;340.4;342.5;337.95;340.3;253020;0
Газпрнефть;D;20180711;000000;341.4;342;336.55;338.45;213320;0
Газпрнефть;D;20180712;000000;339;339.5;336.75;339.2;157650;0
Газпрнефть;D;20180713;000000;339.5;340.3;338.3;340.1;102440;0
Газпрнефть;D;20180716;000000;340.35;341.9;338.25;338.95;133890;0
Газпрнефть;D;20180717;000000;338.9;339.3;334.3;338.9;120520;0
Газпрнефть;D;20180718;000000;338.8;345.7;337.25;342.1;106060;0
Газпрнефть;D;20180719;000000;341.5;344.95;336.35;338.65;157240;0
Газпрнефть;D;20180720;000000;340.4;341;337;337.75;87680;0
Газпрнефть;D;20180723;000000;337.75;340.95;337.75;340.9;203220;0
Газпрнефть;D;20180724;000000;341;341.6;333.4;334.7;107120;0
Газпрнефть;D;20180725;000000;336;336.75;329.05;330.35;204750;0
Газпрнефть;D;20180726;000000;331.9;335.7;328;329.7;123400;0
Газпрнефть;D;20180727;000000;331.25;333.45;325.6;328.9;179440;0
Газпрнефть;D;20180730;000000;329.4;331.65;320.5;325.2;189450;0
Газпрнефть;D;20180731;000000;326.75;329.3;321.45;328.2;179690;0
Газпрнефть;D;20180801;000000;328.9;335.7;325.9;333.5;174160;0
Газпрнефть;D;20180802;000000;330.9;335.5;328;328.6;86140;0
Газпрнефть;D;20180803;000000;329.5;329.5;322.1;327;110150;0
Газпрнефть;D;20180806;000000;328.2;331.5;327.5;328.3;56370;0
Газпрнефть;D;20180807;000000;329.1;332.1;328.4;329.2;83940;0
Газпрнефть;D;20180808;000000;329.8;329.9;312.5;316;393730;0
Газпрнефть;D;20180809;000000;316.1;338;312.8;329.4;403770;0
Газпрнефть;D;20180810;000000;331.9;337.6;328.4;330.6;279720;0
Газпрнефть;D;20180813;000000;327;332.8;326.2;331.6;86710;0
Газпрнефть;D;20180814;000000;332.4;332.8;327.3;330.3;66140;0
Газпрнефть;D;20180815;000000;331.4;334.5;327.5;332.2;214450;0
Газпрнефть;D;20180816;000000;333;345;331.1;342.8;369560;0
Газпрнефть;D;20180817;000000;344.1;355;335.1;336.3;292160;0
Газпрнефть;D;20180820;000000;337;339.8;332.8;336.3;132800;0
Газпрнефть;D;20180821;000000;336.1;337.2;334.3;335;109790;0
Газпрнефть;D;20180822;000000;335.6;341.1;334.2;334.3;236000;0
Газпрнефть;D;20180823;000000;334.6;337.7;330.1;330.1;194430;0
Газпрнефть;D;20180824;000000;331.5;335;327.2;330.3;314760;0
Газпрнефть;D;20180827;000000;331.9;338.5;330;338.5;93960;0
Газпрнефть;D;20180828;000000;338.6;339.4;335.5;335.5;109610;0
Газпрнефть;D;20180829;000000;336.8;343;335.7;341.2;139010;0
Газпрнефть;D;20180830;000000;340.6;342.4;336.2;338.8;158290;0
Газпрнефть;D;20180831;000000;339.5;339.5;335;335.8;67160;0
Газпрнефть;D;20180903;000000;336.7;340.4;335.9;339.9;53460;0
Газпрнефть;D;20180904;000000;340.5;342;336.1;337.2;130200;0
Газпрнефть;D;20180905;000000;337.9;337.9;332;332.5;100750;0
Газпрнефть;D;20180906;000000;332.4;335.8;330.3;331.3;243470;0
Газпрнефть;D;20180907;000000;332;332;324.4;327.8;190340;0
Газпрнефть;D;20180910;000000;327.8;334.9;327;334.1;219090;0
Газпрнефть;D;20180911;000000;334.8;336.3;320.5;324.3;536220;0
Газпрнефть;D;20180912;000000;325;328.6;316.4;323;590460;0
Газпрнефть;D;20180913;000000;320.5;325.2;317.8;323.1;482460;0
Газпрнефть;D;20180914;000000;324.8;331.1;322.3;328.7;284800;0
Газпрнефть;D;20180917;000000;331.2;333.6;327.3;331.8;231890;0
Газпрнефть;D;20180918;000000;331.7;334.2;327.8;332.2;337680;0
Газпрнефть;D;20180919;000000;333.9;338;332.7;333.4;259710;0
Газпрнефть;D;20180920;000000;335.9;338;334.1;334.7;154020;0
Газпрнефть;D;20180921;000000;336.6;338.9;333.8;335;245540;0
Газпрнефть;D;20180924;000000;339.6;345;336;343.4;254410;0
Газпрнефть;D;20180925;000000;341.8;349.9;341.8;348.8;230990;0
Газпрнефть;D;20180926;000000;348.9;359.8;348;356;554380;0
Газпрнефть;D;20180927;000000;359;360.2;351.5;358.2;474860;0
Газпрнефть;D;20180928;000000;359.8;379;355.2;370.7;526870;0
Газпрнефть;D;20181001;000000;374;384;363.1;368.6;390020;0
Газпрнефть;D;20181002;000000;370.2;379.5;366.6;367;366330;0
Газпрнефть;D;20181003;000000;368.5;378.5;367;377.6;581700;0
Газпрнефть;D;20181004;000000;380;386.9;373.9;383.8;518410;0
Газпрнефть;D;20181005;000000;385;387;372.1;385.5;339470;0
Газпрнефть;D;20181008;000000;386;391.8;383.5;384.9;307700;0
Газпрнефть;D;20181009;000000;389;404.6;388.8;395.4;467700;0
Газпрнефть;D;20181010;000000;397.8;402;387;390.8;380060;0
Газпрнефть;D;20181011;000000;382;384;375;377.7;739340;0
Газпрнефть;D;20181012;000000;377.9;387.6;377.7;386.5;194050;0
Газпрнефть;D;20181015;000000;389.2;398.9;388.8;394.2;299520;0
Газпрнефть;D;20181016;000000;394.2;398.8;393;395.6;175990;0
Газпрнефть;D;20181017;000000;399;399.3;383;383.7;199600;0
Газпрнефть;D;20181018;000000;385.9;391.6;368.7;372;357830;0
Газпрнефть;D;20181019;000000;374.9;374.9;362.7;366;326890;0
Газпрнефть;D;20181022;000000;366.5;375;362.7;367.3;249300;0
Газпрнефть;D;20181023;000000;367.5;367.5;360.2;365.1;182880;0
Газпрнефть;D;20181024;000000;367;379.4;355.7;379;279140;0
Газпрнефть;D;20181025;000000;377;377.5;362.9;372.1;308870;0
Газпрнефть;D;20181026;000000;368;371.9;366.1;369.8;211930;0
Газпрнефть;D;20181029;000000;366;378.9;366;373.3;182040;0
Газпрнефть;D;20181030;000000;377.7;382.4;374.3;378.5;175880;0
Газпрнефть;D;20181031;000000;380;387;379.5;385;238680;0
Газпрнефть;D;20181101;000000;385;388.5;382;386.5;125550;0
Газпрнефть;D;20181102;000000;387;395.7;383.8;387;444730;0
Газпрнефть;D;20181106;000000;386.5;393;375;386;520920;0
Газпрнефть;D;20181107;000000;386.6;391;381;386;285440;0
Газпрнефть;D;20181108;000000;389.9;394;389.1;389.5;345820;0
Газпрнефть;D;20181109;000000;389.2;389.2;370;377;419500;0
Газпрнефть;D;20181112;000000;380.9;384.6;374;377;175640;0
Газпрнефть;D;20181113;000000;381;389.5;375;375;692530;0
Газпрнефть;D;20181114;000000;373.5;373.5;365.2;372.2;818620;0
Газпрнефть;D;20181115;000000;370.1;377;370.1;373.5;310130;0
Газпрнефть;D;20181116;000000;377.8;384.1;376.6;377;416720;0
Газпрнефть;D;20181119;000000;379;383.5;368.3;370.6;518430;0
Газпрнефть;D;20181120;000000;370.5;374;357.5;361.8;535050;0
Газпрнефть;D;20181121;000000;358.2;369.9;356.7;363.9;538020;0
Газпрнефть;D;20181122;000000;364.3;369.2;351.7;362.8;365560;0
Газпрнефть;D;20181123;000000;359.3;361.1;345.9;351;512500;0
Газпрнефть;D;20181126;000000;352;357;340.8;345.5;427950;0
Газпрнефть;D;20181127;000000;340.4;358.8;340.4;357.6;364360;0
Газпрнефть;D;20181128;000000;357.9;365.2;357.9;364.1;343130;0
Газпрнефть;D;20181129;000000;364.5;368;356;359.1;527110;0
Газпрнефть;D;20181130;000000;358.6;365;356.5;363.2;366740;0
Газпрнефть;D;20181203;000000;367;379;367;378.2;822070;0
Газпрнефть;D;20181204;000000;379;387;378.5;385;668750;0
Газпрнефть;D;20181205;000000;383;388;375.2;382.1;410360;0
Газпрнефть;D;20181206;000000;380;392.3;376.3;380;922740;0
Газпрнефть;D;20181207;000000;380.2;385.6;377;382;709450;0
Газпрнефть;D;20181210;000000;380.8;381;371;371;572270;0
Газпрнефть;D;20181211;000000;373;376.4;361;366.7;618900;0
Газпрнефть;D;20181212;000000;367.5;370.6;363.6;365.6;330020;0
Газпрнефть;D;20181213;000000;363.6;367;361;363.8;363570;0
Газпрнефть;D;20181214;000000;363.5;370;361.2;362.8;443110;0
Газпрнефть;D;20181217;000000;362.8;368;361.2;363.1;402610;0
Газпрнефть;D;20181218;000000;361.5;362.5;352.6;354.2;752130;0
Газпрнефть;D;20181219;000000;352.1;355.2;350.7;350.7;598470;0
Газпрнефть;D;20181220;000000;350.6;351.5;346;350;585190;0
Газпрнефть;D;20181221;000000;349.5;359.5;347.7;353;541080;0
Газпрнефть;D;20181224;000000;352.8;358.6;352.8;355.4;439760;0
Газпрнефть;D;20181225;000000;353.4;355;344.9;351.5;510720;0
Газпрнефть;D;20181226;000000;350.1;359.8;349.4;359.5;807940;0
Газпрнефть;D;20181227;000000;344.6;349.2;343.6;344;842360;0
Газпрнефть;D;20181228;000000;343.6;348.4;341.2;344.1;453530;0
Газпрнефть;D;20181229;000000;344.3;347;343.6;346.7;183900;0
Газпрнефть;D;20190103;000000;344;349.4;344;345.8;184560;0
Газпрнефть;D;20190104;000000;347.8;348.6;345.5;348.5;259370;0
Газпрнефть;D;20190108;000000;349;352.9;347.1;348.8;228410;0
Газпрнефть;D;20190109;000000;349.5;353;349.5;352;258980;0
Газпрнефть;D;20190110;000000;353;356;350.3;354.8;314050;0
Газпрнефть;D;20190111;000000;354.4;359.8;354.4;357.7;413330;0
Газпрнефть;D;20190114;000000;358;358;351.7;355.7;298310;0
Газпрнефть;D;20190115;000000;356;357.8;355.1;355.4;227980;0
Газпрнефть;D;20190116;000000;355.6;356.6;348;351;1018850;0
Газпрнефть;D;20190117;000000;352.4;352.4;343.9;345;694700;0
Газпрнефть;D;20190118;000000;348;348.5;344.4;346;532390;0
Газпрнефть;D;20190121;000000;347;348.8;344;344;303600;0
Газпрнефть;D;20190122;000000;345;346.2;343;344.2;311980;0
Газпрнефть;D;20190123;000000;344;351;343.5;349.3;658820;0
Газпрнефть;D;20190124;000000;351.3;351.3;343.7;344.9;477610;0
Газпрнефть;D;20190125;000000;348.2;348.3;343;343;340000;0
Газпрнефть;D;20190128;000000;345.6;345.6;340.6;340.6;1319600;0
Газпрнефть;D;20190129;000000;340.4;343.1;328;340.6;596440;0
Газпрнефть;D;20190130;000000;341.7;346.5;339.2;345.5;584880;0
Газпрнефть;D;20190131;000000;347.2;350.4;342;342;764400;0
Газпрнефть;D;20190201;000000;343.95;345.85;342.25;345.45;483050;0
Газпрнефть;D;20190204;000000;345.95;347.5;343.5;345.15;306040;0
Газпрнефть;D;20190205;000000;345.05;346.85;343;345.7;281330;0
Газпрнефть;D;20190206;000000;345.75;346.9;344.5;345.7;184510;0
Газпрнефть;D;20190207;000000;345.55;346.3;340.4;341.95;408160;0
Газпрнефть;D;20190208;000000;341;343.8;340.5;341.2;262440;0
Газпрнефть;D;20190211;000000;343.45;344.6;341.1;341.2;275720;0
Газпрнефть;D;20190212;000000;341.75;342.85;340.65;341;288380;0
Газпрнефть;D;20190213;000000;342;342.2;338.05;339;314650;0
Газпрнефть;D;20190214;000000;336.5;344.9;333.65;343;576900;0
Газпрнефть;D;20190215;000000;345;345.1;342.3;343.4;444040;0
Газпрнефть;D;20190218;000000;343.9;345.1;342.25;343.15;396400;0
Газпрнефть;D;20190219;000000;342.8;344;337.1;337.75;243000;0
Газпрнефть;D;20190220;000000;340.45;340.95;336.2;336.8;753550;0
Газпрнефть;D;20190221;000000;338.85;343.5;334.9;335.45;926710;0
Газпрнефть;D;20190222;000000;336;337.7;335;335.9;354940;0
Газпрнефть;D;20190225;000000;336.45;337;334;334.85;533120;0
Газпрнефть;D;20190226;000000;334.8;335.5;330.6;331.25;453970;0
Газпрнефть;D;20190227;000000;331.6;334.1;326.05;327.6;709900;0
Газпрнефть;D;20190228;000000;328.25;329;322.2;327.9;478150;0
Газпрнефть;D;20190301;000000;328;332.6;328;331;500830;0
Газпрнефть;D;20190304;000000;331.45;334.95;329;334;292120;0
Газпрнефть;D;20190305;000000;333.85;334.8;328.4;332;316440;0
Газпрнефть;D;20190306;000000;333;333;330.05;332;229410;0
Газпрнефть;D;20190307;000000;332.45;332.45;328.1;329.9;245280;0
Газпрнефть;D;20190311;000000;328;330.65;324.65;325;479970;0
Газпрнефть;D;20190312;000000;326;327.45;321.7;323.15;530210;0
Газпрнефть;D;20190313;000000;324;324.9;321.1;322.5;203320;0
Газпрнефть;D;20190314;000000;323.15;324.2;317.75;318.5;544480;0
Газпрнефть;D;20190315;000000;319.35;319.45;312.15;313.8;546930;0
Газпрнефть;D;20190318;000000;314.7;319.95;313.55;318.95;509500;0
Газпрнефть;D;20190319;000000;320.85;326.45;319.05;323.7;643730;0
Газпрнефть;D;20190320;000000;323.7;329;323.15;327.75;606080;0
Газпрнефть;D;20190321;000000;327.85;333;327.85;332.55;880990;0
Газпрнефть;D;20190322;000000;332.75;333;321.9;324.1;842860;0
Газпрнефть;D;20190325;000000;323.1;328;321.7;322.55;370250;0
Газпрнефть;D;20190326;000000;322.15;324.65;320.5;322.85;181050;0
Газпрнефть;D;20190327;000000;323;324;322.45;322.45;111640;0
Газпрнефть;D;20190328;000000;321.15;323.5;317.6;319.65;348310;0
Газпрнефть;D;20190329;000000;320.4;325.5;319.55;324.25;362490;0
Газпрнефть;D;20190401;000000;323.65;327;322.95;324.65;444260;0
Газпрнефть;D;20190402;000000;324.65;326.9;323.25;325.75;187300;0
Газпрнефть;D;20190403;000000;325.1;329.25;325.1;325.85;195450;0
Газпрнефть;D;20190404;000000;325.55;326.55;321.6;324;249940;0
Газпрнефть;D;20190405;000000;323.6;327.75;322.25;325.75;232160;0
Газпрнефть;D;20190408;000000;327.6;336.75;326.55;336.75;833030;0
Газпрнефть;D;20190409;000000;337.75;342.05;337.4;340.7;1122680;0
Газпрнефть;D;20190410;000000;341;345.7;340.1;345.65;501400;0
Газпрнефть;D;20190411;000000;345.5;346;333;338.5;667820;0
Газпрнефть;D;20190412;000000;338.15;345.3;338.05;345.2;652640;0
Газпрнефть;D;20190415;000000;345.4;354.4;345.25;346.8;1120190;0
Газпрнефть;D;20190416;000000;350.2;352.25;347.55;348.35;384010;0
Газпрнефть;D;20190417;000000;350.5;350.5;349;349.45;220440;0
Газпрнефть;D;20190418;000000;349.3;349.3;345;348.4;325280;0
Газпрнефть;D;20190419;000000;349.9;352.1;346.75;348.7;206500;0
Газпрнефть;D;20190422;000000;352;357.4;347.8;354;436670;0
Газпрнефть;D;20190423;000000;357.6;362.1;355.95;361.45;981030;0
Газпрнефть;D;20190424;000000;361.5;364;356.7;360;343260;0
Газпрнефть;D;20190425;000000;360;366.65;360;365;764560;0
Газпрнефть;D;20190426;000000;364.45;366;361.1;363.8;449750;0
Газпрнефть;D;20190429;000000;365;365;361;362.9;156880;0
Газпрнефть;D;20190430;000000;362.9;364.2;355;360;681400;0
Газпрнефть;D;20190502;000000;360.2;363.7;359.05;361.7;147500;0
Газпрнефть;D;20190503;000000;363.4;365;359.2;362.7;147380;0
Газпрнефть;D;20190506;000000;357.7;361.85;357;359.3;177750;0
Газпрнефть;D;20190507;000000;359.9;359.9;351.85;356.9;249760;0
Газпрнефть;D;20190508;000000;353.2;356.5;348.1;355.05;323290;0
Газпрнефть;D;20190510;000000;351.15;357.4;345.85;349.8;469310;0
Газпрнефть;D;20190513;000000;350;354;342.55;345.25;553010;0
Газпрнефть;D;20190514;000000;345.6;351.1;342.55;350;421210;0
Газпрнефть;D;20190515;000000;350;355;344.6;348;620700;0
Газпрнефть;D;20190516;000000;348;355.3;346.45;351.8;342590;0
Газпрнефть;D;20190517;000000;348.25;355;348;349.95;327670;0
Газпрнефть;D;20190520;000000;351.4;352.6;345.5;351.7;397510;0
Газпрнефть;D;20190521;000000;352.5;369.95;351.05;367;1697470;0
Газпрнефть;D;20190522;000000;368;385;368;380;1692810;0
Газпрнефть;D;20190523;000000;380;381.95;375.5;376;680810;0
Газпрнефть;D;20190524;000000;377.8;380;372.8;375;397000;0
Газпрнефть;D;20190527;000000;377;379;371.4;374.7;267770;0
Газпрнефть;D;20190528;000000;374.7;375.35;367.3;368;725300;0
Газпрнефть;D;20190529;000000;370.35;371.25;364.15;370.5;286320;0
Газпрнефть;D;20190530;000000;372.85;380.65;372.85;374;665080;0
Газпрнефть;D;20190531;000000;372;374.25;367.55;372.6;389770;0
Газпрнефть;D;20190603;000000;371.25;374.25;366.5;370.4;1096260;0
Газпрнефть;D;20190604;000000;367.5;373.95;365.4;367;672090;0
Газпрнефть;D;20190605;000000;369.45;373.6;366.25;368.3;1110530;0
Газпрнефть;D;20190606;000000;367.05;376.2;367.05;369.5;612100;0
Газпрнефть;D;20190607;000000;372.45;374.45;367.15;369.45;627920;0
Газпрнефть;D;20190610;000000;368.75;371.95;365.75;368.1;568620;0
Газпрнефть;D;20190611;000000;369.15;379;368.05;379;965830;0
Газпрнефть;D;20190613;000000;376.3;392.3;376.3;392.3;1050750;0
Газпрнефть;D;20190614;000000;392.35;399.85;387.1;398;2272240;0
Газпрнефть;D;20190617;000000;399.95;405;397.75;400.1;734110;0
Газпрнефть;D;20190618;000000;399.3;404.25;392.15;402.2;1050420;0
Газпрнефть;D;20190619;000000;404.45;412;401.25;403.35;770120;0
Газпрнефть;D;20190620;000000;405.05;407.5;400.2;402;1337410;0
Газпрнефть;D;20190621;000000;404.5;406.9;401.1;404.9;483170;0
Газпрнефть;D;20190624;000000;405.55;408;401;402.1;470740;0
Газпрнефть;D;20190625;000000;402.9;402.9;397.2;399.05;467630;0
Газпрнефть;D;20190626;000000;400;402.3;400;401.65;382610;0
Газпрнефть;D;20190627;000000;401.05;405.25;401.05;403.9;939240;0
Газпрнефть;D;20190628;000000;398;402.4;397.2;400.95;831240;0
Газпрнефть;D;20190701;000000;403;407;401.3;403.4;902700;0
Газпрнефть;D;20190702;000000;405;412.5;404.05;411;740060;0
Газпрнефть;D;20190703;000000;410.5;415;406.8;412.05;437870;0
Газпрнефть;D;20190704;000000;412.05;414.5;409.7;412.1;333360;0
Газпрнефть;D;20190705;000000;414;414.7;409;414;453250;0
Газпрнефть;D;20190708;000000;413;415;408.1;409.9;346340;0
Газпрнефть;D;20190709;000000;410.2;413.8;410;413.3;468880;0
Газпрнефть;D;20190710;000000;413.75;419.45;413.6;416.25;673840;0
Газпрнефть;D;20190711;000000;416.25;420;410.6;414.9;583950;0
Газпрнефть;D;20190712;000000;416;416.75;405.85;411;653640;0
Газпрнефть;D;20190715;000000;415.7;415.7;408;412.9;378790;0
Газпрнефть;D;20190716;000000;410.25;411.85;408.05;409.95;710870;0
Газпрнефть;D;20190717;000000;408;411.75;405.85;408;283720;0
Газпрнефть;D;20190718;000000;406.85;406.85;401.05;403.25;565910;0
Газпрнефть;D;20190719;000000;404;405.5;401.8;402;367220;0
Газпрнефть;D;20190722;000000;406;406.95;400.3;402.6;511380;0
Газпрнефть;D;20190723;000000;404;406.45;402.75;404.65;317760;0
Газпрнефть;D;20190724;000000;405;409;404.4;408.45;1173460;0
Газпрнефть;D;20190725;000000;408.7;416.5;408.7;411.55;358880;0
Газпрнефть;D;20190726;000000;412;416.95;410.6;415;509160;0
Газпрнефть;D;20190729;000000;416;417.5;412.9;415.15;372350;0
Газпрнефть;D;20190730;000000;416.2;419.4;414;418.1;278320;0
Газпрнефть;D;20190731;000000;419;427.85;416.8;426.55;557260;0
Газпрнефть;D;20190801;000000;426;438.1;425.05;435.95;924590;0
Газпрнефть;D;20190802;000000;432.2;436.05;420;424.4;1443890;0
Газпрнефть;D;20190805;000000;421.9;425.75;417.7;418.15;487390;0
Газпрнефть;D;20190806;000000;418.15;427.85;418.15;421.2;499420;0
Газпрнефть;D;20190807;000000;421.6;424.45;418.5;422;614260;0
Газпрнефть;D;20190808;000000;423.5;428.8;417.9;422;901990;0
Газпрнефть;D;20190809;000000;423;426.3;421.1;422.5;298160;0
Газпрнефть;D;20190812;000000;424.6;426.45;422.75;425.35;197530;0
Газпрнефть;D;20190813;000000;423.65;424.25;421.1;422.6;273790;0
Газпрнефть;D;20190814;000000;424.7;426.4;420.25;422.55;537900;0
Газпрнефть;D;20190815;000000;423.6;423.95;418.25;419.2;530030;0
Газпрнефть;D;20190816;000000;419.2;423.3;414;414;588030;0
Газпрнефть;D;20190819;000000;416.2;416.75;410.1;415.65;798420;0
Газпрнефть;D;20190820;000000;416.8;417.05;412.05;416.5;333090;0
Газпрнефть;D;20190821;000000;416.95;420.7;415.95;420.2;478230;0
Газпрнефть;D;20190822;000000;419.05;420.55;414.2;414.2;357040;0
Газпрнефть;D;20190823;000000;419.7;419.7;411;418.7;437990;0
Газпрнефть;D;20190826;000000;415;420.35;415;419.6;362810;0
Газпрнефть;D;20190827;000000;420.9;423.3;415.4;417.4;419420;0
Газпрнефть;D;20190828;000000;418.05;419.4;413.4;417;574930;0
Газпрнефть;D;20190829;000000;417.25;418.9;415.35;418.2;456700;0
Газпрнефть;D;20190830;000000;418.5;419;412.4;412.5;844780;0
Газпрнефть;D;20190902;000000;412.55;416.2;412.5;414.5;370570;0
Газпрнефть;D;20190903;000000;414.5;415.85;399.15;407.4;1712970;0
Газпрнефть;D;20190904;000000;408.9;420;407.7;408.7;995620;0
Газпрнефть;D;20190905;000000;412;414.3;411.35;413.8;1035720;0
Газпрнефть;D;20190906;000000;410.85;413.9;409.8;409.9;562950;0
Газпрнефть;D;20190909;000000;413.8;414.2;410.2;410.2;450050;0
Газпрнефть;D;20190910;000000;412;412;409.9;411;270760;0
Газпрнефть;D;20190911;000000;412;415.2;410;413.4;830670;0
Газпрнефть;D;20190912;000000;413.25;417.8;413.1;416.5;830300;0
Газпрнефть;D;20190913;000000;415.4;416.4;410.35;413.95;532300;0
Газпрнефть;D;20190916;000000;419;429.45;417.5;427.3;2211550;0
Газпрнефть;D;20190917;000000;425.65;435;422;423;1334480;0
Газпрнефть;D;20190918;000000;422.7;426.15;417.55;419.1;762550;0
Газпрнефть;D;20190919;000000;419.95;419.95;415.1;415.3;748110;0
Газпрнефть;D;20190920;000000;415.3;419.2;414;416.1;461000;0
Газпрнефть;D;20190923;000000;417;418;414.05;415.05;363920;0
Газпрнефть;D;20190924;000000;417.3;419.35;415.1;418.1;436160;0
Газпрнефть;D;20190925;000000;415.5;418.9;415.45;418;673380;0
Газпрнефть;D;20190926;000000;418.5;421.7;416.55;421;517270;0
Газпрнефть;D;20190927;000000;420.55;425;418.85;423;477330;0
Газпрнефть;D;20190930;000000;423.9;426.6;420.7;423.75;364130;0
Газпрнефть;D;20191001;000000;424.7;425.2;419.8;423.1;411440;0
Газпрнефть;D;20191002;000000;423.7;423.95;416.25;418.75;646170;0
Газпрнефть;D;20191003;000000;418.1;418.6;412.65;415.6;432850;0
Газпрнефть;D;20191004;000000;415.55;419.95;410.6;413.65;691090;0
Газпрнефть;D;20191007;000000;411.5;418.5;411;417.5;580810;0
Газпрнефть;D;20191008;000000;415.3;418.4;413.3;414.9;346770;0
Газпрнефть;D;20191009;000000;414.1;418.65;413.9;416.8;580860;0
Газпрнефть;D;20191010;000000;418.5;419.5;416.4;419;208630;0
Газпрнефть;D;20191011;000000;419.95;424.5;418.5;422;637470;0
Газпрнефть;D;20191014;000000;423.9;427.3;423;425.9;667770;0
Газпрнефть;D;20191015;000000;426.2;426.6;422.45;424.9;764950;0
Газпрнефть;D;20191016;000000;424.55;428.2;424.55;428.2;1400530;0
Газпрнефть;D;20191017;000000;413;419.05;412.3;418;1655800;0
Газпрнефть;D;20191018;000000;418.9;418.9;415;415;701990;0
Газпрнефть;D;20191021;000000;416.15;416.45;414.1;414.3;544300;0
Газпрнефть;D;20191022;000000;415.95;417.25;414;415.2;489640;0
Газпрнефть;D;20191023;000000;415;415.8;413.25;415;616480;0
Газпрнефть;D;20191024;000000;415.45;417.45;414.05;416.65;818990;0
Газпрнефть;D;20191025;000000;417;417.9;415.75;417.45;628970;0
Газпрнефть;D;20191028;000000;418.5;421.15;417.45;417.45;646390;0
Газпрнефть;D;20191029;000000;416.7;418.4;412;416.85;1070930;0
Газпрнефть;D;20191030;000000;416.7;416.85;413.45;413.45;653780;0
Газпрнефть;D;20191031;000000;415;416.45;413.45;415;571090;0
Газпрнефть;D;20191101;000000;415;416.6;413.65;416.6;572380;0
Газпрнефть;D;20191105;000000;417.05;424;416.85;420.9;1299610;0
Газпрнефть;D;20191106;000000;420.55;422.4;417.55;421.8;763050;0
Газпрнефть;D;20191107;000000;422.45;424.5;419.2;421.55;961660;0
Газпрнефть;D;20191108;000000;421.85;423.45;418;420;599770;0
Газпрнефть;D;20191111;000000;420.6;424.4;419.45;423;674610;0
Газпрнефть;D;20191112;000000;423;424.45;421.5;422.1;666640;0
Газпрнефть;D;20191113;000000;420.1;423;418.5;419.35;383540;0
Газпрнефть;D;20191114;000000;418.85;421.6;416.55;417;981050;0
Газпрнефть;D;20191115;000000;417.1;423.2;417.05;420.8;461860;0
Газпрнефть;D;20191118;000000;425;426.6;417.5;423;1669650;0
Газпрнефть;D;20191119;000000;425;425.9;423.5;425.1;708290;0
Газпрнефть;D;20191120;000000;425.15;425.2;422.5;423.35;491580;0
Газпрнефть;D;20191121;000000;424.35;425;421.3;424.75;462710;0
Газпрнефть;D;20191122;000000;424.8;424.9;423.55;424.9;401000;0
Газпрнефть;D;20191125;000000;425.05;427.5;424.05;426.2;409600;0
Газпрнефть;D;20191126;000000;427;427.4;423.3;424.2;412500;0
Газпрнефть;D;20191127;000000;425.4;425.6;422;422;495820;0
Газпрнефть;D;20191128;000000;422.3;423.3;417.1;417.1;666700;0
Газпрнефть;D;20191129;000000;417.55;420.9;417.55;418.6;713580;0
Газпрнефть;D;20191202;000000;420.15;424;419.05;421;615770;0
Газпрнефть;D;20191203;000000;421;424.65;415;415;701780;0
Газпрнефть;D;20191204;000000;416.3;419.45;414.35;416.7;770730;0
Газпрнефть;D;20191205;000000;418.6;419.45;416.35;416.6;320450;0
Газпрнефть;D;20191206;000000;418;419.15;415.55;418.5;573310;0
Газпрнефть;D;20191209;000000;419.5;421.5;418.2;419.1;560720;0
Газпрнефть;D;20191210;000000;420.75;421.45;416.75;417.2;373630;0
Газпрнефть;D;20191211;000000;417.05;421.4;413.25;421;437920;0
Газпрнефть;D;20191212;000000;421.55;422.5;419.5;422.5;636060;0
Газпрнефть;D;20191213;000000;423;424.05;421.2;421.85;433920;0
Газпрнефть;D;20191216;000000;422;423.8;417.65;423.5;579460;0
Газпрнефть;D;20191217;000000;423.7;424.65;421.25;423.4;599880;0
Газпрнефть;D;20191218;000000;422.55;423.85;417.7;423.3;1172930;0
Газпрнефть;D;20191219;000000;422.8;424.3;421.4;424.1;518610;0
Газпрнефть;D;20191220;000000;424.5;424.85;418.75;422.95;438030;0
Газпрнефть;D;20191223;000000;422.95;422.95;420.95;422;409350;0
Газпрнефть;D;20191224;000000;422.85;423.25;411.5;418.8;604220;0
Газпрнефть;D;20191225;000000;418.05;421;418.05;420;227890;0
Газпрнефть;D;20191226;000000;420.55;421.3;419.7;420.85;351680;0
Газпрнефть;D;20191227;000000;421.9;422.3;420.3;421.8;321780;0
Газпрнефть;D;20191230;000000;421.15;422.2;419.6;420.15;379460;0
Газпрнефть;D;20200103;000000;422;426.8;421;425.7;606190;0
Газпрнефть;D;20200106;000000;426.1;428.95;425.55;426.65;380190;0
Газпрнефть;D;20200108;000000;426.95;434.45;426.5;432;632770;0
Газпрнефть;D;20200109;000000;432.1;434.3;427.6;432.55;672370;0
Газпрнефть;D;20200110;000000;432.6;450.9;431;446.6;2157680;0
Газпрнефть;D;20200113;000000;449.95;471.75;446;465.1;2525610;0
Газпрнефть;D;20200114;000000;465.3;478.55;451;457.6;2584770;0
Газпрнефть;D;20200115;000000;459.85;464.8;453.05;458.65;1479460;0
Газпрнефть;D;20200116;000000;462.45;466.9;460.65;465.45;1220550;0
Газпрнефть;D;20200117;000000;465.95;471;463;467.75;1754150;0
Газпрнефть;D;20200120;000000;468.65;471.4;463.25;470;773930;0
Газпрнефть;D;20200121;000000;468.1;469.85;461.3;463;609290;0
Газпрнефть;D;20200122;000000;464;466;456.25;456.25;657760;0
Газпрнефть;D;20200123;000000;452;452.8;446;450;1011790;0
Газпрнефть;D;20200124;000000;455;456.8;450.1;454;555730;0
Газпрнефть;D;20200127;000000;446.55;455.5;440.15;444;1179450;0
Газпрнефть;D;20200128;000000;444;455.15;437.75;455.15;901330;0
Газпрнефть;D;20200129;000000;455.1;460.5;453.2;457.4;649160;0
Газпрнефть;D;20200130;000000;454.85;456.95;448.5;454.15;593120;0
Газпрнефть;D;20200131;000000;455.05;459;445.15;446.45;460400;0
Газпрнефть;D;20200203;000000;441.4;446;440.6;442.8;562870;0
Газпрнефть;D;20200204;000000;446;449.65;441;445.75;557810;0
Газпрнефть;D;20200205;000000;448.5;461.7;442.3;455.25;840220;0
Газпрнефть;D;20200206;000000;460;460;448.5;450.15;472290;0
Газпрнефть;D;20200207;000000;450.05;456.3;444;444.5;775680;0
Газпрнефть;D;20200210;000000;444.5;445.65;435.3;440;923500;0
Газпрнефть;D;20200211;000000;442;458.25;439.1;455;1643050;0
Газпрнефть;D;20200212;000000;459;467;457.5;465;1466860;0
Газпрнефть;D;20200213;000000;463.5;469;458.15;460.8;958170;0
Газпрнефть;D;20200214;000000;463;467.2;456.85;459.1;616820;0
Газпрнефть;D;20200217;000000;459;462.2;454.4;458.7;760150;0
Газпрнефть;D;20200218;000000;457;459.6;450;451.05;700330;0
Газпрнефть;D;20200219;000000;454;460.1;452.05;454.7;790730;0
Газпрнефть;D;20200220;000000;458.65;461.2;456;459;494050;0
Газпрнефть;D;20200221;000000;453.7;458.95;453.7;456.8;354550;0
Газпрнефть;D;20200225;000000;447.7;451.8;441.6;442.5;1245320;0
Газпрнефть;D;20200226;000000;441.6;443.2;437.05;439.3;1753080;0
Газпрнефть;D;20200227;000000;437.3;438;421.5;430.6;1684210;0
Газпрнефть;D;20200228;000000;420;423.85;395.85;395.85;3317200;0
Газпрнефть;D;20200302;000000;410;425.3;395.05;398.7;2500560;0
Газпрнефть;D;20200303;000000;408;410;401;407.15;1565090;0
Газпрнефть;D;20200304;000000;404.3;406.65;398.95;404.55;1572140;0
Газпрнефть;D;20200305;000000;408.5;408.95;399.1;401.6;1088340;0
Газпрнефть;D;20200306;000000;396.1;399.1;373.25;375.05;3127310;0
Газпрнефть;D;20200310;000000;337.55;356.95;309;324;3983640;0
Газпрнефть;D;20200311;000000;330.45;336.75;313.1;317.75;2516620;0
Газпрнефть;D;20200312;000000;305;307.9;285.9;285.9;3063200;0
Газпрнефть;D;20200313;000000;285;303.95;279;286.6;3323700;0
Газпрнефть;D;20200316;000000;286.6;286.6;259;264;3017340;0
Газпрнефть;D;20200317;000000;264.4;289;243.7;252;2778940;0
Газпрнефть;D;20200318;000000;240;251.45;233;240;2321900;0
Газпрнефть;D;20200319;000000;245.05;270;236;269;3852200;0
Газпрнефть;D;20200320;000000;277;299.95;274.35;281.4;5172450;0
Газпрнефть;D;20200323;000000;260.1;277.8;257.05;265.5;2987260;0
Газпрнефть;D;20200324;000000;278;290;269.5;280;3212760;0
Газпрнефть;D;20200325;000000;288.8;306.95;281.1;291.5;4087200;0
Газпрнефть;D;20200326;000000;291.5;301.55;283;297.7;2288610;0
Газпрнефть;D;20200327;000000;299.95;351.95;278.7;290;3285030;0
Газпрнефть;D;20200330;000000;280.2;290.65;280;287.05;2213260;0
Газпрнефть;D;20200331;000000;295.2;305;292;305;2569160;0
Газпрнефть;D;20200401;000000;298.2;302.8;291.25;300.7;1861420;0
Газпрнефть;D;20200402;000000;315.55;325;305.5;315.5;3871760;0
Газпрнефть;D;20200403;000000;321.8;341.65;316.3;333.1;6038130;0
Газпрнефть;D;20200406;000000;342;342;335.2;339.4;3382440;0
Газпрнефть;D;20200407;000000;343.9;346.8;332.05;336.8;3000990;0
Газпрнефть;D;20200408;000000;336.8;341.4;333.7;338.9;1468480;0
Газпрнефть;D;20200409;000000;344.4;348.25;340.1;341.65;4984490;0
Газпрнефть;D;20200410;000000;341.5;342.2;327;337;1585030;0
Газпрнефть;D;20200413;000000;340;341;327.65;332.1;1686960;0
Газпрнефть;D;20200414;000000;334.5;337.6;323.7;325;2171350;0
Газпрнефть;D;20200415;000000;320;323.25;305.1;308.2;2341590;0
Газпрнефть;D;20200416;000000;307;315.95;297;304;2882240;0
Газпрнефть;D;20200417;000000;312.75;314.7;305.7;310.1;1798170;0
Газпрнефть;D;20200420;000000;307.3;312.55;306.45;310;1214400;0
Газпрнефть;D;20200421;000000;300;305.5;296.2;303.95;3125700;0
Газпрнефть;D;20200422;000000;297;317.5;296.95;316;3117000;0
Газпрнефть;D;20200423;000000;319;322.5;313.45;319.2;2146350;0
Газпрнефть;D;20200424;000000;319.7;319.7;311.1;314.35;1431630;0
Газпрнефть;D;20200427;000000;314.3;318.5;312;316;1162310;0
Газпрнефть;D;20200428;000000;321;344.9;319;321.95;4159150;0
Газпрнефть;D;20200429;000000;323.5;334.3;323.05;330.35;2828410;0
Газпрнефть;D;20200430;000000;336.9;344.5;331.05;335.45;2674650;0
Газпрнефть;D;20200504;000000;331.95;331.95;323.6;329.55;1343060;0
Газпрнефть;D;20200505;000000;335.5;336.95;331.15;334.15;1728190;0
Газпрнефть;D;20200506;000000;336.4;336.4;330.5;331.05;1753840;0
Газпрнефть;D;20200507;000000;331.7;333.65;328.5;329.85;2014020;0
Газпрнефть;D;20200508;000000;330.8;331.9;326;331.9;848920;0
Газпрнефть;D;20200512;000000;330;331.5;325;328.3;1840860;0
Газпрнефть;D;20200513;000000;325.3;326.9;322.05;322.3;1041220;0
Газпрнефть;D;20200514;000000;322;324.2;315.6;316.65;2140620;0
Газпрнефть;D;20200515;000000;321.1;323.6;318.05;320.2;1478220;0
Газпрнефть;D;20200518;000000;327;329.95;322.3;329.95;3036090;0
Газпрнефть;D;20200519;000000;330;333.1;328.05;328.05;2490450;0
Газпрнефть;D;20200520;000000;329.2;334;326.2;333.3;2895630;0
Газпрнефть;D;20200521;000000;334.1;338.3;327;328.75;2009610;0
Газпрнефть;D;20200522;000000;325.2;329;321.05;327.45;1467410;0
Газпрнефть;D;20200525;000000;326.25;333.15;326.25;332.85;940730;0
Газпрнефть;D;20200526;000000;335.3;337.3;333;334;2558150;0
Газпрнефть;D;20200527;000000;333.8;335.45;330;334;2143490;0
Газпрнефть;D;20200528;000000;334.2;337.7;332.4;336;2238480;0
Газпрнефть;D;20200529;000000;335;336;332.35;333;1735820;0
Газпрнефть;D;20200601;000000;336;339.7;334.75;337.5;1700570;0
Газпрнефть;D;20200602;000000;339.85;346;337.2;345;2765710;0
Газпрнефть;D;20200603;000000;348.85;357.65;346.55;352.4;4886630;0
Газпрнефть;D;20200604;000000;352;352;342.1;345;3182400;0
Газпрнефть;D;20200605;000000;350;353.45;346.05;351.75;3188950;0
Газпрнефть;D;20200608;000000;355.15;366;354.05;358;5508150;0
Газпрнефть;D;20200609;000000;358.6;359.95;352.5;358.2;2870500;0
Газпрнефть;D;20200610;000000;359.7;362.5;354.6;357.5;2404940;0
Газпрнефть;D;20200611;000000;355.95;355.95;348;348.8;3150800;0
Газпрнефть;D;20200615;000000;344.95;350.85;337.05;350.85;2989560;0
Газпрнефть;D;20200616;000000;355.9;360.4;354.05;355.5;3460110;0
Газпрнефть;D;20200617;000000;358;358;352;354.05;1549060;0
Газпрнефть;D;20200618;000000;354.05;355.5;349;351.9;1424420;0
Газпрнефть;D;20200619;000000;355.6;357.4;353.15;355.3;1733230;0
Газпрнефть;D;20200622;000000;356.45;357.75;353.2;354.9;2293460;0
Газпрнефть;D;20200623;000000;355;356.45;353.55;354.1;4395170;0
Газпрнефть;D;20200625;000000;333;339.85;331.1;338.85;4331840;0
Газпрнефть;D;20200626;000000;339.05;341.7;334.95;337;1420520;0
Газпрнефть;D;20200629;000000;333.95;336.25;328.85;335.55;2238380;0
Газпрнефть;D;20200630;000000;335.3;336.35;328.95;332.55;1518930;0
Газпрнефть;D;20200702;000000;333.25;335;331.05;333.2;1598620;0
Газпрнефть;D;20200703;000000;333.15;334.5;331.95;334;609560;0
Газпрнефть;D;20200706;000000;336;337.5;334.8;334.8;1157700;0
Газпрнефть;D;20200707;000000;336.5;336.5;328.5;330.55;1907970;0
Газпрнефть;D;20200708;000000;328.55;329.8;327.05;327.9;1050410;0
Газпрнефть;D;20200709;000000;328.95;329.15;322.45;322.65;1474310;0
Газпрнефть;D;20200710;000000;321.85;327.45;320;324.6;1031790;0
Газпрнефть;D;20200713;000000;325.65;328.3;322.65;325;862000;0
Газпрнефть;D;20200714;000000;323.6;325.2;317.6;321.35;1473920;0
Газпрнефть;D;20200715;000000;322.55;323.5;316.5;317.1;2527260;0
Газпрнефть;D;20200716;000000;317.75;319.9;316.65;316.65;1108660;0
Газпрнефть;D;20200717;000000;317.35;318.6;313.1;317.15;1806470;0
Газпрнефть;D;20200720;000000;317.45;320.9;316.15;317.5;1457270;0
Газпрнефть;D;20200721;000000;320;322.8;318;318;2403410;0
Газпрнефть;D;20200722;000000;319;322.95;318.5;321.8;1326400;0
Газпрнефть;D;20200723;000000;322.6;325.85;321.3;322.85;1307220;0
Газпрнефть;D;20200724;000000;321.8;323.45;319;323.3;835100;0
Газпрнефть;D;20200727;000000;323.85;324.9;321.75;323.1;882390;0
Газпрнефть;D;20200728;000000;325.1;325.1;322.25;324.85;872950;0
Газпрнефть;D;20200729;000000;323.6;326.6;322.6;325.5;866970;0
Газпрнефть;D;20200730;000000;326.4;327;320.3;320.5;873250;0
Газпрнефть;D;20200731;000000;321.15;325.4;320.8;320.8;638870;0
Газпрнефть;D;20200803;000000;321.5;322.8;316.15;318.75;2435600;0
Газпрнефть;D;20200804;000000;318.95;320.4;317;319.1;1037920;0
Газпрнефть;D;20200805;000000;320;323.8;319;322.8;1524940;0
Газпрнефть;D;20200806;000000;322.85;324.5;320;320.5;1397840;0
Газпрнефть;D;20200807;000000;320.45;322;319.4;321.3;685740;0
Газпрнефть;D;20200810;000000;322.7;323.3;320.7;322.3;602290;0
Газпрнефть;D;20200811;000000;323;326.15;321.9;325;1228070;0
Газпрнефть;D;20200812;000000;325.95;328.75;325;328.75;2484320;0
Газпрнефть;D;20200813;000000;329.25;333.3;328.75;331;2333900;0
Газпрнефть;D;20200814;000000;332.1;333.15;326.55;329.7;2010330;0
Газпрнефть;D;20200817;000000;332.1;333;327.15;327.45;1686240;0
Газпрнефть;D;20200818;000000;328.2;330.15;326.25;326.55;889700;0
Газпрнефть;D;20200819;000000;327;328.15;324.05;325.5;1924620;0
Газпрнефть;D;20200820;000000;324;324.5;318.4;319.55;2239730;0
Газпрнефть;D;20200821;000000;321.5;323.15;317.75;319.1;1440810;0
Газпрнефть;D;20200824;000000;321;322.4;319.2;320.15;1338900;0
Газпрнефть;D;20200825;000000;321.3;321.8;319.15;319.5;1053070;0
Газпрнефть;D;20200826;000000;320.95;320.95;319.2;320.7;1192350;0
Газпрнефть;D;20200827;000000;320.85;322.3;318.1;320;1237180;0
Газпрнефть;D;20200828;000000;320;320.05;317;317.55;913280;0
Газпрнефть;D;20200831;000000;318.2;320;316.55;317.95;1137740;0
Газпрнефть;D;20200901;000000;318.05;318.9;316.1;317.95;1055640;0
Газпрнефть;D;20200902;000000;317.75;318.9;313.25;313.25;1696960;0
Газпрнефть;D;20200903;000000;312.95;315.1;311.75;313.35;1236830;0
Газпрнефть;D;20200904;000000;312.95;315.9;311.2;314;622000;0
Газпрнефть;D;20200907;000000;314;314.85;311.35;313.4;593470;0
Газпрнефть;D;20200908;000000;313.75;314.6;302.7;305.3;2041660;0
Газпрнефть;D;20200909;000000;304.5;308.9;303.4;304.4;885260;0
Газпрнефть;D;20200910;000000;304.6;307.9;302.55;306.05;713830;0
Газпрнефть;D;20200911;000000;303.7;309.2;303.7;307.15;663920;0
Газпрнефть;D;20200914;000000;309.45;314.9;308.65;310.35;686020;0
Газпрнефть;D;20200915;000000;311.15;317.3;310.35;316.6;1229880;0
Газпрнефть;D;20200916;000000;317.8;319.55;312.15;314.5;1408130;0
Газпрнефть;D;20200917;000000;311.95;313.95;304.5;305.7;2923490;0
Газпрнефть;D;20200918;000000;306.8;309.05;304.15;304.95;1413900;0
Газпрнефть;D;20200921;000000;305;306.4;295.15;295.6;2041760;0
Газпрнефть;D;20200922;000000;296;299.7;295.15;295.4;1596210;0
Газпрнефть;D;20200923;000000;296.75;299.5;291;292.35;1765470;0
Газпрнефть;D;20200924;000000;292.2;297;288.5;289.65;1760680;0
Газпрнефть;D;20200925;000000;292;293.45;289.5;292.2;986150;0
Газпрнефть;D;20200928;000000;293.05;298.5;292.25;298.5;1007810;0
Газпрнефть;D;20200929;000000;299.05;302;293.6;293.6;846740;0
Газпрнефть;D;20200930;000000;293.2;295.4;292;294.85;665510;0
Газпрнефть;D;20201001;000000;295.95;295.95;292.4;293;531020;0
Газпрнефть;D;20201002;000000;291.85;291.95;287.2;289.2;995320;0
Газпрнефть;D;20201005;000000;290.5;292.4;287.4;291.7;885620;0
Газпрнефть;D;20201006;000000;292.2;297;292.15;297;932630;0
Газпрнефть;D;20201007;000000;295;295.95;287.35;288.25;1298850;0
Газпрнефть;D;20201008;000000;288.3;290.7;283.05;283.05;1229250;0
Газпрнефть;D;20201009;000000;286;288.25;283.55;286.05;578660;0
Газпрнефть;D;20201012;000000;287.2;288.85;284.2;286.3;392600;0
Газпрнефть;D;20201013;000000;286.25;287.15;281.5;283.95;825480;0
Газпрнефть;D;20201014;000000;284;285;282.15;282.25;658790;0
Газпрнефть;D;20201015;000000;283.25;283.75;277.7;278.1;1203000;0
Газпрнефть;D;20201016;000000;279.4;279.45;272.5;276.55;1108500;0
Газпрнефть;D;20201019;000000;276.55;278.8;273;273.5;833370;0
Газпрнефть;D;20201020;000000;274;277.7;270.65;277.05;1335430;0
Газпрнефть;D;20201021;000000;277.1;281.2;275.4;278.9;1443730;0
Газпрнефть;D;20201022;000000;277.7;283.6;277;283.2;748630;0
Газпрнефть;D;20201023;000000;284.75;288.4;280.5;284.65;993340;0
Газпрнефть;D;20201026;000000;282.8;284.6;279.3;280.85;682660;0
Газпрнефть;D;20201027;000000;280.7;281.85;275.85;277;522670;0
Газпрнефть;D;20201028;000000;275.55;276.1;270.45;272.5;1007310;0
Газпрнефть;D;20201029;000000;272.4;277.2;271.15;273;964630;0
Газпрнефть;D;20201030;000000;272.75;275.2;270.2;273.45;766060;0
Газпрнефть;D;20201102;000000;270.7;279.5;270.25;274;1046230;0
Газпрнефть;D;20201103;000000;276;284.2;275.4;284;1028270;0
Газпрнефть;D;20201105;000000;287.35;291.15;284.2;289;1551700;0
Газпрнефть;D;20201106;000000;287;290.85;284.05;288.1;910390;0
Газпрнефть;D;20201109;000000;290.4;300;288.5;299;2482870;0
Газпрнефть;D;20201110;000000;298;307.4;292.2;302.8;2516510;0
Газпрнефть;D;20201111;000000;305.3;312.8;305;308.6;3777040;0
Газпрнефть;D;20201112;000000;306.9;309.3;297.2;307.25;2206580;0
Газпрнефть;D;20201113;000000;304.3;308.9;302.7;308.9;1198600;0
Газпрнефть;D;20201116;000000;310.05;314.75;308.3;314.7;1845540;0
Газпрнефть;D;20201117;000000;314.5;315.5;309.2;311.55;1933310;0
Газпрнефть;D;20201118;000000;309.8;318.6;309.55;316;1829510;0
Газпрнефть;D;20201119;000000;314.85;317.1;313.65;314.6;1088550;0
Газпрнефть;D;20201120;000000;314.75;316.4;312.3;315.35;745200;0
Газпрнефть;D;20201123;000000;316.25;319.9;315.45;316.6;1160730;0
Газпрнефть;D;20201124;000000;318.15;320;315.5;320;1767500;0
Газпрнефть;D;20201125;000000;320.95;325.55;318.65;325.5;5076880;0
Газпрнефть;D;20201126;000000;325.6;327.7;319.2;322.5;1748340;0
Газпрнефть;D;20201127;000000;322;323.1;319.5;322.45;1025020;0
Газпрнефть;D;20201130;000000;320;321.3;314.4;315.8;1574390;0
Газпрнефть;D;20201201;000000;317.25;331;306.05;323.2;5984840;0
Газпрнефть;D;20201202;000000;322.7;325.2;320.4;323.55;1553110;0
Газпрнефть;D;20201203;000000;324.55;326.5;319.25;319.45;1077180;0
Газпрнефть;D;20201204;000000;322.8;325;322;322.8;1192960;0
Газпрнефть;D;20201207;000000;323.45;324.8;321.15;323.5;833410;0
Газпрнефть;D;20201208;000000;322.35;324.25;319.5;322.15;798490;0
Газпрнефть;D;20201209;000000;323;325.65;321.1;322.35;914110;0
Газпрнефть;D;20201210;000000;323;326.95;320.65;324.55;1317310;0
Газпрнефть;D;20201211;000000;325.9;328;324.55;328;1524740;0
Газпрнефть;D;20201214;000000;329.7;331.7;323.65;325.5;2243230;0
Газпрнефть;D;20201215;000000;324.5;329.6;323.05;326.45;1085310;0
Газпрнефть;D;20201216;000000;328;328.5;323.6;327.8;877250;0
Газпрнефть;D;20201217;000000;329;332.3;326.5;328;2121370;0
Газпрнефть;D;20201218;000000;328.75;328.75;322.05;324.4;1257900;0
Газпрнефть;D;20201221;000000;322.5;322.5;312.35;312.8;2329110;0
Газпрнефть;D;20201222;000000;312.55;319.3;310.05;315.75;1546490;0
Газпрнефть;D;20201223;000000;316;320.5;315.75;318.05;802830;0
Газпрнефть;D;20201224;000000;319.7;321.05;317.65;319.1;643660;0
Газпрнефть;D;20201225;000000;320.6;320.95;318.9;319;782400;0
Газпрнефть;D;20201228;000000;317.35;317.45;315;316.9;1798880;0
Газпрнефть;D;20201229;000000;316.75;318.5;316.1;317.15;644510;0
Газпрнефть;D;20201230;000000;316.2;319.2;316.2;316.95;1158420;0
Газпрнефть;D;20210104;000000;319.4;324.2;318.35;322.75;1347120;0
Газпрнефть;D;20210105;000000;322.25;324.3;319.5;323.9;872030;0
Газпрнефть;D;20210106;000000;326;329.6;324.5;326.7;2265620;0
Газпрнефть;D;20210108;000000;329.25;337;328.15;337;3128710;0
Газпрнефть;D;20210111;000000;335.15;339.15;330.85;334.3;2443970;0
Газпрнефть;D;20210112;000000;337.85;338.5;332.5;334.3;1664980;0
Газпрнефть;D;20210113;000000;336;338.5;332.7;333.75;1546720;0
Газпрнефть;D;20210114;000000;333.75;345.55;331.7;342.1;3478280;0
Газпрнефть;D;20210115;000000;342.5;349.9;339.7;341.35;3069790;0
Газпрнефть;D;20210118;000000;339.8;341.85;334.3;339.8;1266470;0
Газпрнефть;D;20210119;000000;342.35;343.75;336.75;337.3;1103940;0
Газпрнефть;D;20210120;000000;337.9;340.9;337.2;338.7;855800;0
Газпрнефть;D;20210121;000000;339.1;339.8;329.2;332.3;1998600;0
Газпрнефть;D;20210122;000000;332.25;332.25;321.85;323.5;2153580;0
Газпрнефть;D;20210125;000000;324.5;327.45;322.2;325.2;1088770;0
Газпрнефть;D;20210126;000000;324.25;327.05;321.5;325.85;900030;0
Газпрнефть;D;20210127;000000;325.85;327.7;321;322;980580;0
Газпрнефть;D;20210128;000000;321;324.1;317.1;322.2;1069490;0
Газпрнефть;D;20210129;000000;321;321.6;314.7;315.7;1792590;0
Газпрнефть;D;20210201;000000;316.9;316.95;313.15;315;1029010;0
Газпрнефть;D;20210202;000000;318;322.2;316.75;320.75;1821960;0
Газпрнефть;D;20210203;000000;320;323.9;318;318.5;1267090;0
Газпрнефть;D;20210204;000000;320.6;326.95;318.6;325.85;1934780;0
Газпрнефть;D;20210205;000000;328.2;335.05;327.55;334.95;3000300;0
Газпрнефть;D;20210208;000000;337.5;343.1;336.2;343.1;2117230;0
Газпрнефть;D;20210209;000000;345.3;347.9;337.25;339.5;2380700;0
Газпрнефть;D;20210210;000000;339.4;342.35;332.95;333;1445080;0
Газпрнефть;D;20210211;000000;333.05;336.7;327.3;331.3;2024130;0
Газпрнефть;D;20210212;000000;330.95;339;326.35;339;2057980;0
Газпрнефть;D;20210215;000000;345;345.5;339.1;344.2;2304860;0
Газпрнефть;D;20210216;000000;345;347.7;341.6;346.6;2506590;0
Газпрнефть;D;20210217;000000;346.7;353;343.5;347.65;3310600;0
Газпрнефть;D;20210218;000000;350;351.95;338.1;338.1;2217740;0
Газпрнефть;D;20210219;000000;338;342.4;333.1;338.2;1562360;0
Газпрнефть;D;20210220;000000;340;342.2;335.9;340;397670;0
Газпрнефть;D;20210222;000000;340.7;343.5;336.4;340.35;953930;0
Газпрнефть;D;20210224;000000;338.6;346.05;338.6;344;1482600;0
Газпрнефть;D;20210225;000000;345.9;349.35;345.85;348.95;2155340;0
Газпрнефть;D;20210226;000000;343.75;345.1;338.5;339;1524210;0
Газпрнефть;D;20210301;000000;342.5;345.8;340.15;343.8;875280;0
Газпрнефть;D;20210302;000000;341.15;346.7;337.7;346.7;1759410;0
Газпрнефть;D;20210303;000000;348.7;349.6;341.25;343.95;1367470;0
Газпрнефть;D;20210304;000000;343;347.4;342.05;346.9;1115290;0
Газпрнефть;D;20210305;000000;346.5;362;346.5;359.3;4842300;0
Газпрнефть;D;20210309;000000;359.3;379.7;356.2;377;5068560;0
Газпрнефть;D;20210310;000000;373.5;381.45;366.1;372.4;2745560;0
Газпрнефть;D;20210311;000000;375.7;382;373.2;378.35;2325660;0
Газпрнефть;D;20210312;000000;378.7;386.95;374.55;381.5;2650140;0
Газпрнефть;D;20210315;000000;384.8;388;377.05;384.5;2563160;0
Газпрнефть;D;20210316;000000;381.55;383.7;378;382.8;1432620;0
Газпрнефть;D;20210317;000000;383.7;383.75;372.05;373.5;1654610;0
Газпрнефть;D;20210318;000000;374.15;378.35;366.5;369.3;2470000;0
Газпрнефть;D;20210319;000000;364.75;373.45;361;369.15;2018720;0
Газпрнефть;D;20210322;000000;369.3;374.95;368.4;372.25;1023400;0
Газпрнефть;D;20210323;000000;370.25;372.35;364.55;367.5;1513500;0
Газпрнефть;D;20210324;000000;367;370.7;364.2;370.45;1549410;0
Газпрнефть;D;20210325;000000;370.45;370.9;365.15;365.2;688820;0
Газпрнефть;D;20210326;000000;368.95;375.45;368.85;371;860390;0
Газпрнефть;D;20210329;000000;370.35;376.7;369.1;372.15;1110010;0
Газпрнефть;D;20210330;000000;373;377.55;371.6;377.2;1261200;0
Газпрнефть;D;20210331;000000;377.9;378.9;369.25;370;1986990;0
Газпрнефть;D;20210401;000000;370.05;374.8;368.15;368.15;1624440;0
Газпрнефть;D;20210402;000000;371.7;375.05;371.4;371.65;561290;0
Газпрнефть;D;20210405;000000;372.25;373.95;370.85;371.85;428430;0
Газпрнефть;D;20210406;000000;371.85;371.85;364.6;365.55;1643250;0
Газпрнефть;D;20210407;000000;362.2;367.35;358.5;362.5;2174000;0
Газпрнефть;D;20210408;000000;362.95;365;361.15;364;841080;0
Газпрнефть;D;20210409;000000;363.3;363.95;353.2;355.2;1847050;0
Газпрнефть;D;20210412;000000;354.95;357.55;349;357;1107740;0
Газпрнефть;D;20210413;000000;357;359.8;350.6;354.05;1220300;0
Газпрнефть;D;20210414;000000;358.05;361;356;359;2477180;0
Газпрнефть;D;20210415;000000;355;357.4;352.15;354;2450960;0
Газпрнефть;D;20210416;000000;357;359.8;355.15;358;1615710;0
Газпрнефть;D;20210419;000000;355.55;359.3;352.5;352.85;944070;0
Газпрнефть;D;20210420;000000;353.35;358.45;350;354.5;2178600;0
Газпрнефть;D;20210421;000000;351.6;364.6;351.6;361.55;1327590;0
Газпрнефть;D;20210422;000000;361.8;362.2;355.75;358;2031700;0
Газпрнефть;D;20210423;000000;357.7;368.2;355.55;364.45;3181690;0
Газпрнефть;D;20210426;000000;365.9;365.95;359.3;365.5;1193070;0
Газпрнефть;D;20210427;000000;366;367.25;360;363;1231490;0
Газпрнефть;D;20210428;000000;363.6;363.95;356.6;356.9;1303180;0
Газпрнефть;D;20210429;000000;360;365.85;357.55;363.25;1594910;0
Газпрнефть;D;20210430;000000;363.25;365.5;358.35;361.2;1156100;0
Газпрнефть;D;20210504;000000;362.05;368.7;361.25;365;789030;0
Газпрнефть;D;20210505;000000;367.95;370;366.7;368.6;1003690;0
Газпрнефть;D;20210506;000000;367;373.8;367;370.5;1097190;0
Газпрнефть;D;20210507;000000;371.3;374.75;371.1;374.25;720590;0
Газпрнефть;D;20210510;000000;375;376;371.8;373.05;728760;0
Газпрнефть;D;20210511;000000;372.3;372.3;365.3;367.2;1187000;0
Газпрнефть;D;20210512;000000;367.95;371.65;367.2;370.5;722640;0
Газпрнефть;D;20210513;000000;369;370;363.7;370;785840;0
Газпрнефть;D;20210514;000000;370;373.1;369.1;373.1;599900;0
Газпрнефть;D;20210517;000000;373.4;374.35;369;373.2;613560;0
Газпрнефть;D;20210518;000000;375.15;377.95;373.75;377;1129950;0
Газпрнефть;D;20210519;000000;377.35;379.5;366.15;366.3;1459450;0
Газпрнефть;D;20210520;000000;367.1;370.7;360.1;365.7;999930;0
Газпрнефть;D;20210521;000000;367.1;375;366.1;373.5;832370;0
Газпрнефть;D;20210524;000000;375.15;379;371.8;378;877580;0
Газпрнефть;D;20210525;000000;379.95;381.15;375.85;377.45;1286660;0
Газпрнефть;D;20210526;000000;377.45;382.55;377.45;382.55;1233320;0
Газпрнефть;D;20210527;000000;382.4;382.4;377.15;379.35;636820;0
Газпрнефть;D;20210528;000000;380.1;384;375;379.05;1188800;0
Газпрнефть;D;20210531;000000;381.95;383.85;379;383.35;551170;0
Газпрнефть;D;20210601;000000;384;393.95;383.65;393.05;1470890;0
Газпрнефть;D;20210602;000000;393.05;402.45;392.9;399.9;2295410;0
Газпрнефть;D;20210603;000000;402;407.05;396.2;406.65;1612490;0
Газпрнефть;D;20210604;000000;406.7;414.2;403.4;412.3;2333730;0
Газпрнефть;D;20210607;000000;408.55;423.4;407.1;415.05;1984710;0
Газпрнефть;D;20210608;000000;413.7;417.65;406.55;406.55;1283410;0
Газпрнефть;D;20210609;000000;410;412.1;408.5;409;894160;0
Газпрнефть;D;20210610;000000;409;411.5;407.25;410.25;939380;0
Газпрнефть;D;20210611;000000;410.25;411;408;410;667160;0
Газпрнефть;D;20210614;000000;412.1;416.3;410;415;581730;0
Газпрнефть;D;20210615;000000;416.45;421.9;413.05;416.1;1848040;0
Газпрнефть;D;20210616;000000;417.7;426.25;417.7;424;1564360;0
Газпрнефть;D;20210617;000000;423.7;428.25;421;425.7;1017440;0
Газпрнефть;D;20210618;000000;422.3;425;419.05;420.8;1371180;0
Газпрнефть;D;20210621;000000;423.8;428.2;420.5;422.3;1002430;0
Газпрнефть;D;20210622;000000;427.6;435.75;425.15;435.75;1557400;0
Газпрнефть;D;20210623;000000;435.75;439.6;433.2;435.5;1591700;0
Газпрнефть;D;20210624;000000;428.5;431.65;425.8;430.65;1229080;0
Газпрнефть;D;20210625;000000;430;430.6;426.2;430.05;636900;0
Газпрнефть;D;20210628;000000;430;433;426.9;430;900510;0
Газпрнефть;D;20210629;000000;429;429;420.4;424.75;1379820;0
Газпрнефть;D;20210630;000000;426.35;437;418.9;434;2778200;0
Газпрнефть;D;20210701;000000;436.35;447.85;435;442.9;2328680;0
Газпрнефть;D;20210702;000000;442;450.8;439.3;447.1;2181450;0
Газпрнефть;D;20210705;000000;446;446.85;441.6;443.9;1099750;0
Газпрнефть;D;20210706;000000;445;450.95;443.25;449.9;1142270;0
Газпрнефть;D;20210707;000000;449.8;451.8;446.15;450;844500;0
Газпрнефть;D;20210708;000000;449;449.5;438.9;440.05;1215750;0
Газпрнефть;D;20210709;000000;440.05;442.45;437.1;440;984530;0
Газпрнефть;D;20210712;000000;438.85;441.1;435.05;435.05;1179960;0
Газпрнефть;D;20210713;000000;435.05;436.1;433.55;436;771670;0
Газпрнефть;D;20210714;000000;436.05;441;432.1;439.5;1138270;0
Газпрнефть;D;20210715;000000;439.6;439.6;432.25;433.9;547650;0
Газпрнефть;D;20210716;000000;433.9;433.95;428.35;428.4;536840;0
Газпрнефть;D;20210719;000000;428.4;428.6;414.1;414.75;1417980;0
Газпрнефть;D;20210720;000000;419.35;424.1;418.1;421.45;1186950;0
Газпрнефть;D;20210721;000000;423.5;429.75;419.05;420.25;964200;0
Газпрнефть;D;20210722;000000;424.35;426.75;420.35;423;439630;0
Газпрнефть;D;20210723;000000;423;425.9;421.3;421.8;438620;0
Газпрнефть;D;20210726;000000;421;422.75;414.35;421;423280;0
Газпрнефть;D;20210727;000000;419.15;424.9;417.95;422.7;549510;0
Газпрнефть;D;20210728;000000;425.95;427.5;423;426.2;374340;0
Газпрнефть;D;20210729;000000;427.15;429.95;426.2;428.45;549750;0
Газпрнефть;D;20210730;000000;426.5;426.95;423.2;425.35;608380;0
Газпрнефть;D;20210802;000000;427.4;427.65;420.75;422.35;658560;0
Газпрнефть;D;20210803;000000;424.45;426;417.95;426;791370;0
Газпрнефть;D;20210804;000000;426;428.65;421.7;424.45;542390;0
Газпрнефть;D;20210805;000000;422.4;424.3;420.1;421.65;843240;0
Газпрнефть;D;20210806;000000;422;427.9;420;427.4;919180;0
Газпрнефть;D;20210809;000000;423.1;426.5;421;421.15;679890;0
Газпрнефть;D;20210810;000000;434.05;434.05;422.8;425.7;1407880;0
Газпрнефть;D;20210811;000000;428.45;430;425.2;429.8;632170;0
Газпрнефть;D;20210812;000000;431.9;433;427.65;429.55;408880;0
Газпрнефть;D;20210813;000000;430.75;431.15;423.3;426.65;424010;0
Газпрнефть;D;20210816;000000;421.55;428.9;421.15;428.8;502970;0
Газпрнефть;D;20210817;000000;425.05;429.7;424.8;426.5;673430;0
Газпрнефть;D;20210818;000000;429.8;429.8;425.95;427.2;259030;0
Газпрнефть;D;20210819;000000;424.95;425.3;415.8;415.8;1256970;0
Газпрнефть;D;20210820;000000;418;419.65;416;417.8;443670;0
Газпрнефть;D;20210823;000000;419.85;427.2;419.5;425.5;617350;0
Газпрнефть;D;20210824;000000;427.4;427.75;423.6;423.9;737780;0
Газпрнефть;D;20210825;000000;425.9;429.65;424.1;428.05;600570;0
Газпрнефть;D;20210826;000000;428.05;432.3;420.4;420.7;958020;0
Газпрнефть;D;20210827;000000;425.3;426;421.8;425.45;310560;0
Газпрнефть;D;20210830;000000;425.6;431;425.6;429.45;668530;0
Газпрнефть;D;20210831;000000;430.1;431.7;425.1;426.1;674270;0
Газпрнефть;D;20210901;000000;428.85;430.8;426.25;430;381280;0
Газпрнефть;D;20210902;000000;430;432.2;427.2;431.7;406980;0
Газпрнефть;D;20210903;000000;430.45;438.25;429.05;438.1;821440;0
Газпрнефть;D;20210906;000000;438.1;440.95;432.95;437.2;711040;0
Газпрнефть;D;20210907;000000;435;436.65;397.85;430.65;2232920;0
Газпрнефть;D;20210908;000000;432.25;433;426.5;430.3;847210;0
Газпрнефть;D;20210909;000000;431;432.2;427.9;430.7;451410;0
Газпрнефть;D;20210910;000000;432.65;434.55;427.3;427.3;622710;0
Газпрнефть;D;20210913;000000;430.4;437.5;428.5;436.4;635470;0
Газпрнефть;D;20210914;000000;439.75;440;433.15;440;1137860;0
Газпрнефть;D;20210915;000000;440.7;459.45;439.4;458.1;3534820;0
Газпрнефть;D;20210916;000000;459.6;460;450.1;452.15;1005630;0
Газпрнефть;D;20210917;000000;452.95;458.3;449.3;454.5;1317650;0
Газпрнефть;D;20210920;000000;453.15;453.15;444.1;446.15;955540;0
Газпрнефть;D;20210921;000000;446.35;451.95;445.4;446.95;1078500;0
Газпрнефть;D;20210922;000000;449.8;455.95;449.8;455.75;945340;0
Газпрнефть;D;20210923;000000;459.25;465.45;452.6;462.5;1264400;0
Газпрнефть;D;20210924;000000;462.65;467.2;457.6;463.5;1797540;0
Газпрнефть;D;20210927;000000;465.5;473.9;464.25;473.25;1745950;0
Газпрнефть;D;20210928;000000;476;484.6;467.5;477.55;3059410;0
Газпрнефть;D;20210929;000000;474.05;484.9;470.65;481.3;1068190;0
Газпрнефть;D;20210930;000000;481.55;483.95;472;473;1334070;0
Газпрнефть;D;20211001;000000;471.35;481.35;469.7;477;860370;0
Газпрнефть;D;20211004;000000;476.95;497.95;476.95;496.6;1705710;0
Газпрнефть;D;20211005;000000;498.85;522.95;498.85;522.45;2736770;0
Газпрнефть;D;20211006;000000;523.15;531.65;508.5;510.45;3598230;0
Газпрнефть;D;20211007;000000;511.3;516.75;489.5;515;3317960;0
Газпрнефть;D;20211008;000000;524.7;527.8;510.1;514;1639990;0
Газпрнефть;D;20211011;000000;519.5;524.35;513.65;515.95;1624970;0
Газпрнефть;D;20211012;000000;512.55;518.8;508.65;513.6;1156460;0
Газпрнефть;D;20211013;000000;516;516.1;501.3;508.5;1317000;0
Газпрнефть;D;20211014;000000;510.5;515.7;505.95;505.95;681660;0
Газпрнефть;D;20211015;000000;511;519;507.15;519;1147010;0
Газпрнефть;D;20211018;000000;520;525.95;514.7;525;1498040;0
Газпрнефть;D;20211019;000000;525.85;525.85;516.25;516.25;935420;0
Газпрнефть;D;20211020;000000;517;520.5;512.05;520.5;606490;0
Газпрнефть;D;20211021;000000;517.15;520;512.6;518.75;613010;0
Газпрнефть;D;20211022;000000;517.2;519.5;510.5;513.8;671480;0
Газпрнефть;D;20211025;000000;515;521.75;510.9;518.5;817520;0
Газпрнефть;D;20211026;000000;519;524.65;514.7;519.15;698440;0
Газпрнефть;D;20211027;000000;515;519.05;508.95;514.7;674320;0
Газпрнефть;D;20211028;000000;510.15;514.45;504.4;513.1;1202610;0
Газпрнефть;D;20211029;000000;513.1;513.1;505;505;716880;0
Газпрнефть;D;20211101;000000;504;515.6;495.9;510.1;831700;0
Газпрнефть;D;20211102;000000;509.8;515.6;502.1;503.05;788430;0
Газпрнефть;D;20211103;000000;503;503.7;490.8;490.85;891930;0
Газпрнефть;D;20211105;000000;492.85;498.95;485.9;498.3;971860;0
Газпрнефть;D;20211108;000000;500.05;505.5;498.55;502.85;805080;0
Газпрнефть;D;20211109;000000;499.1;507.5;491.15;492;698730;0
Газпрнефть;D;20211110;000000;493;503.15;493;501.5;815140;0
Газпрнефть;D;20211111;000000;499.05;501.35;492.55;501.35;785370;0
Газпрнефть;D;20211112;000000;501.35;502.3;489.3;500;803890;0
Газпрнефть;D;20211115;000000;498.45;524;493.75;515.1;1415970;0
Газпрнефть;D;20211116;000000;522;529.9;511.15;519.15;1765670;0
Газпрнефть;D;20211117;000000;518.05;528.2;515.35;525.65;981440;0
Газпрнефть;D;20211118;000000;523.05;524.9;517.2;518.85;1400220;0
Газпрнефть;D;20211119;000000;520;524.5;501;501.1;1674540;0
Газпрнефть;D;20211122;000000;498.9;504.45;481.15;491.5;2506790;0
Газпрнефть;D;20211123;000000;486.6;512;481;509.5;2209450;0
Газпрнефть;D;20211124;000000;513;520.95;502.85;505.45;1589970;0
Газпрнефть;D;20211125;000000;506.75;515;496;503.95;1158340;0
Газпрнефть;D;20211126;000000;497.7;501.85;490.3;491.9;1701770;0
Газпрнефть;D;20211129;000000;495.7;509;494.8;500.25;1426350;0
Газпрнефть;D;20211130;000000;499;503.5;495.65;498;903120;0
Газпрнефть;D;20211201;000000;501.2;520.85;500.05;515;2103770;0
Газпрнефть;D;20211202;000000;517.85;526;512.5;518.25;1155770;0
Газпрнефть;D;20211203;000000;520.2;532;520.2;526;1994160;0
Газпрнефть;D;20211206;000000;530;533.95;509.8;522.95;1208110;0
Газпрнефть;D;20211207;000000;523.55;536.55;517.7;525.5;1399340;0
Газпрнефть;D;20211208;000000;529;532.75;519.65;522.8;941930;0
Газпрнефть;D;20211209;000000;523.5;528;517.05;523.2;704510;0
Газпрнефть;D;20211210;000000;520.3;522.55;516.1;518.9;556720;0
Газпрнефть;D;20211213;000000;520.15;524.2;511.65;512.1;757860;0
Газпрнефть;D;20211214;000000;508;519;494.05;509;867380;0
Газпрнефть;D;20211215;000000;513.35;528.75;513.35;520;1043160;0
Газпрнефть;D;20211216;000000;526;537.25;524.25;535.85;1326280;0
Газпрнефть;D;20211217;000000;534.85;539;530.15;534.4;1295930;0
Газпрнефть;D;20211220;000000;530.95;539.7;526.8;535.4;1393080;0
Газпрнефть;D;20211221;000000;539.8;544.4;534.5;543.9;1642790;0
Газпрнефть;D;20211222;000000;543.95;547.7;540.15;545.95;1832290;0
Газпрнефть;D;20211223;000000;546.5;557;546.45;551.5;2186240;0
Газпрнефть;D;20211224;000000;552;563.75;546;562;2093100;0
Газпрнефть;D;20211227;000000;523;529;520;526.25;2509620;0
Газпрнефть;D;20211228;000000;527.15;541.25;527.15;540.7;2129660;0
Газпрнефть;D;20211229;000000;542.5;545.95;530.8;539;1148430;0
Газпрнефть;D;20211230;000000;538.1;546;534.7;544.8;1426260;0
Газпрнефть;D;20220103;000000;546.15;551.5;530.3;536.5;1484130;0
Газпрнефть;D;20220104;000000;538.5;545.05;533.45;545.05;1131090;0
Газпрнефть;D;20220105;000000;543;545.65;538.75;540.5;520930;0
Газпрнефть;D;20220106;000000;540.95;542.3;534;537.9;698320;0
Газпрнефть;D;20220110;000000;540.4;546.15;532.55;534.5;1146120;0
Газпрнефть;D;20220111;000000;534.05;540.9;533.1;537.05;615410;0
Газпрнефть;D;20220112;000000;537.75;545.25;530.95;540.35;1121130;0
Газпрнефть;D;20220113;000000;540.3;544.9;535;535.3;1038120;0
Газпрнефть;D;20220114;000000;536;540.95;516;526.25;1690450;0
Газпрнефть;D;20220117;000000;530;535.9;520;522.7;1844170;0
Газпрнефть;D;20220118;000000;520.05;523.35;493;503;2104340;0
Газпрнефть;D;20220119;000000;500;518.7;479.8;499.95;2330730;0
Газпрнефть;D;20220120;000000;517;523.95;503.05;510;1312500;0
Газпрнефть;D;20220121;000000;505.1;512.6;494;501.6;1393190;0
Газпрнефть;D;20220124;000000;503.05;503.05;466.1;477.6;2318470;0
Газпрнефть;D;20220125;000000;495;495;476.05;480.15;1531370;0
Газпрнефть;D;20220126;000000;485.45;498.75;481.35;487.7;1109270;0
Газпрнефть;D;20220127;000000;487.7;519.4;482.9;506.9;2617710;0
Газпрнефть;D;20220128;000000;512.05;517.05;502.5;505.8;1050020;0
Газпрнефть;D;20220131;000000;511.85;514.2;500.05;500.25;692610;0
Газпрнефть;D;20220201;000000;500.95;513.6;496.35;510.8;1126930;0
Газпрнефть;D;20220202;000000;510.8;515.35;498.2;512.05;1369230;0
Газпрнефть;D;20220203;000000;505.7;510.25;495.55;502;1005620;0
Газпрнефть;D;20220204;000000;505;513.75;498.5;500.5;1594870;0
Газпрнефть;D;20220207;000000;506.3;510;497;507.65;939220;0
Газпрнефть;D;20220208;000000;507.5;515.6;503.55;515.6;1210080;0
Газпрнефть;D;20220209;000000;519;523.3;517.15;520.9;755410;0
Газпрнефть;D;20220210;000000;520.9;534.7;517;532.3;1177830;0
Газпрнефть;D;20220211;000000;528.8;532.25;520.7;531.3;1169020;0
Газпрнефть;D;20220214;000000;521;528.9;500.5;504.85;3178100;0
Газпрнефть;D;20220215;000000;512;527.7;509.2;521.15;2030680;0
Газпрнефть;D;20220216;000000;527;530.4;518.1;525.15;1003870;0
Газпрнефть;D;20220217;000000;524.15;524.15;507.55;511;1282260;0
Газпрнефть;D;20220218;000000;514.95;518.15;488.55;505.35;1266160;0
Газпрнефть;D;20220221;000000;510.5;515.95;450.05;453.15;3993380;0
Газпрнефть;D;20220222;000000;436.95;508;409.05;477.4;3533010;0
Газпрнефть;D;20220224;000000;432.1;432.1;308.8;350;1968780;0
Газпрнефть;D;20220225;000000;377;467.65;377;400.45;929240;0
Газпрнефть;D;20220328;000000;440.5;473.95;362;389;844393;0
Газпрнефть;D;20220329;000000;389.2;409.9;369;398;351968;0
Газпрнефть;D;20220330;000000;399.6;427;398;422;333044;0
Газпрнефть;D;20220331;000000;422;449;420.05;447.9;430594;0
Газпрнефть;D;20220401;000000;450.75;467.9;410;431.7;946870;0
Газпрнефть;D;20220404;000000;439.65;441;412;434;456667;0
Газпрнефть;D;20220405;000000;435.6;439.9;410.6;412.55;775140;0
Газпрнефть;D;20220406;000000;411;438.95;400.05;430.05;497391;0
Газпрнефть;D;20220407;000000;428.75;439;420;430.1;418579;0
Газпрнефть;D;20220408;000000;430.15;438.35;430.1;437.3;360428;0
Газпрнефть;D;20220411;000000;437;439.85;423;424;459907;0
Газпрнефть;D;20220412;000000;424.75;429.15;410;428.1;381062;0
Газпрнефть;D;20220413;000000;429;434.45;420;425;139157;0
Газпрнефть;D;20220414;000000;421.05;426.9;403.1;404.55;196202;0
Газпрнефть;D;20220415;000000;404.55;423.95;400.6;423.95;267331;0
Газпрнефть;D;20220418;000000;420;420;403.1;403.1;263695;0
Газпрнефть;D;20220419;000000;404;407.7;375;384.8;1408751;0
Газпрнефть;D;20220420;000000;387.9;402.8;371.6;401.75;522881;0
Газпрнефть;D;20220421;000000;400.75;402.85;382.05;384.7;205912;0
Газпрнефть;D;20220422;000000;383.55;398;380;388.65;195728;0
Газпрнефть;D;20220425;000000;394;394;376.05;379.45;151752;0
Газпрнефть;D;20220426;000000;382;399.6;379.9;399.6;255730;0
Газпрнефть;D;20220427;000000;399.6;410;392.05;402.5;217550;0
Газпрнефть;D;20220428;000000;407;414.6;403.15;408.8;305186;0
Газпрнефть;D;20220429;000000;411.25;418;400;417;243298;0
Газпрнефть;D;20220504;000000;416.9;419.4;401.05;408.9;182023;0
Газпрнефть;D;20220505;000000;408.1;413.9;405;408;102786;0
Газпрнефть;D;20220506;000000;407;407;391.75;394.7;272455;0
Газпрнефть;D;20220511;000000;394.7;397.9;390;396.9;191593;0
Газпрнефть;D;20220512;000000;393.95;396.55;380;383.05;151307;0
Газпрнефть;D;20220513;000000;383.8;386.15;380;380;96881;0
Газпрнефть;D;20220516;000000;381.95;394.75;381.95;394.75;288927;0
Газпрнефть;D;20220517;000000;394.75;407;393.75;398.05;344155;0
Газпрнефть;D;20220518;000000;403;438.8;403;430;967881;0
Газпрнефть;D;20220519;000000;445.5;457.2;412.4;418;752451;0
Газпрнефть;D;20220520;000000;420.6;423.5;401;407;302587;0
Газпрнефть;D;20220523;000000;408;410.55;390.05;399.5;350777;0
Газпрнефть;D;20220524;000000;399.75;401.75;388;395.45;292318;0
Газпрнефть;D;20220525;000000;399.9;405.9;392.6;397.7;225179;0
Газпрнефть;D;20220526;000000;397.7;407.9;396;401.65;292687;0
Газпрнефть;D;20220527;000000;406.85;422.7;402.15;414.55;489572;0
Газпрнефть;D;20220530;000000;420;422.3;416;420.2;505834;0
Газпрнефть;D;20220531;000000;420.65;420.65;412.9;419.45;168093;0
Газпрнефть;D;20220601;000000;417;418;411.5;411.7;136421;0
Газпрнефть;D;20220602;000000;413.95;414;395;410.1;406373;0
Газпрнефть;D;20220603;000000;410;420;406.05;412;421813;0
Газпрнефть;D;20220606;000000;411.5;411.8;408.4;409.7;172433;0
Газпрнефть;D;20220607;000000;408.45;409;397;408.7;412838;0
Газпрнефть;D;20220608;000000;410;432.9;405.8;430;852431;0
Газпрнефть;D;20220609;000000;432;444;428.15;432.1;546366;0
Газпрнефть;D;20220610;000000;430.8;438;423;427.5;436325;0
Газпрнефть;D;20220614;000000;422.4;437;418.2;434.65;394542;0
Газпрнефть;D;20220615;000000;434.05;435.2;428.85;431.2;171399;0
Газпрнефть;D;20220616;000000;435.5;443;432.25;443;390848;0
Газпрнефть;D;20220617;000000;443.4;449.85;440;444;428928;0
Газпрнефть;D;20220620;000000;447.8;452.5;437;452.5;308131;0
Газпрнефть;D;20220621;000000;454.95;457.5;439;444.05;395272;0
Газпрнефть;D;20220622;000000;440.7;443;425.5;426.25;411958;0
Газпрнефть;D;20220623;000000;429.8;438.45;413.75;416;886511;0
Газпрнефть;D;20220624;000000;419.2;424.45;417.95;419.75;259514;0
Газпрнефть;D;20220627;000000;420.3;431;418.45;426.9;456970;0
Газпрнефть;D;20220628;000000;431;433.2;412.7;414.5;873394;0
Газпрнефть;D;20220629;000000;415;416.5;401;411.05;537634;0
Газпрнефть;D;20220630;000000;412.3;418.8;391;396.2;616619;0
Газпрнефть;D;20220701;000000;393.2;414.65;393.2;395.05;497161;0
Газпрнефть;D;20220704;000000;398.1;408.2;398.1;400.85;300920;0
Газпрнефть;D;20220705;000000;403.9;403.9;391.7;397;465422;0
Газпрнефть;D;20220706;000000;397.5;402;394.05;397.35;467215;0
Газпрнефть;D;20220707;000000;383;390;379.55;387.95;632029;0
Газпрнефть;D;20220708;000000;388;391.75;385;390.3;248299;0
Газпрнефть;D;20220711;000000;390.3;390.3;384;385.3;255167;0
Газпрнефть;D;20220712;000000;385.3;387.2;375.25;382;311867;0
Газпрнефть;D;20220713;000000;382;383.95;367.35;369.6;267392;0
Газпрнефть;D;20220714;000000;368.9;373.05;360;365;323198;0
Газпрнефть;D;20220715;000000;364.9;385;361;380;238696;0
Газпрнефть;D;20220718;000000;385;385;370.1;370.1;165274;0
Газпрнефть;D;20220719;000000;371.5;375;365;367.7;190738;0
Газпрнефть;D;20220720;000000;368.85;371.5;367;371;97372;0
Газпрнефть;D;20220721;000000;371.45;373.35;356;357.95;292860;0
Газпрнефть;D;20220722;000000;359;368;357.75;364;375945;0
Газпрнефть;D;20220725;000000;363;368;361.05;361.05;220874;0
Газпрнефть;D;20220726;000000;362;383;361.65;381.4;548253;0
Газпрнефть;D;20220727;000000;383.2;394.5;378.7;386;618716;0
Газпрнефть;D;20220728;000000;388;388;380.1;385;278435;0
Газпрнефть;D;20220729;000000;385.5;386.95;378.15;381.95;375164;0
Газпрнефть;D;20220801;000000;380.8;390;380;383;347627;0
Газпрнефть;D;20220802;000000;385.3;389;378;386;296858;0
Газпрнефть;D;20220803;000000;385;387;380.1;383.7;121262;0
Газпрнефть;D;20220804;000000;385;385;378;378;194785;0
Газпрнефть;D;20220805;000000;379.35;381.45;368;373;374836;0
Газпрнефть;D;20220808;000000;380.95;382.8;373.7;375;149952;0
Газпрнефть;D;20220809;000000;376;382;373.3;381;147192;0
Газпрнефть;D;20220810;000000;381.1;388.95;381.05;388.95;201667;0
Газпрнефть;D;20220811;000000;388.05;394.85;385.75;387.05;253044;0
Газпрнефть;D;20220812;000000;387.05;391.8;375.3;382.7;345075;0
Газпрнефть;D;20220815;000000;384;389.9;380.5;389.9;217767;0
Газпрнефть;D;20220816;000000;389.9;402;388.75;398.2;521606;0
Газпрнефть;D;20220817;000000;398.5;403.2;394.6;394.6;266424;0
Газпрнефть;D;20220818;000000;394.6;400.75;393.05;400.5;212810;0
Газпрнефть;D;20220819;000000;400;404.55;396.05;403.8;188972;0
Газпрнефть;D;20220822;000000;403.3;408;400.8;407.95;199978;0
Газпрнефть;D;20220823;000000;407.95;411.7;405.15;406.7;172611;0
Газпрнефть;D;20220824;000000;406.8;408.95;401.65;403.9;175648;0
Газпрнефть;D;20220825;000000;403.1;407.75;400.1;400.1;196218;0
Газпрнефть;D;20220826;000000;400.15;407.95;398.1;407.95;181201;0
Газпрнефть;D;20220829;000000;406.45;409.95;405.35;407.5;207268;0
Газпрнефть;D;20220830;000000;409.9;418.9;406;406.5;387555;0
Газпрнефть;D;20220831;000000;417.45;433.95;412;420.05;961191;0
Газпрнефть;D;20220901;000000;423.4;429;411.3;412.1;447433;0
Газпрнефть;D;20220902;000000;413.5;433;412.45;423.05;664953;0
Газпрнефть;D;20220905;000000;425.7;440;420.6;437;430378;0
Газпрнефть;D;20220906;000000;442.1;442.1;415;433;564909;0
Газпрнефть;D;20220907;000000;431;432;423;423;423949;0
Газпрнефть;D;20220908;000000;422;427.85;420.4;426.85;236520;0
Газпрнефть;D;20220909;000000;429;440;424;429.15;754498;0
Газпрнефть;D;20220912;000000;430;434.65;427.1;433.9;243371;0
Газпрнефть;D;20220913;000000;433.9;439.2;432.5;433.2;306985;0
Газпрнефть;D;20220914;000000;433.2;433.2;423.65;428.85;246682;0
Газпрнефть;D;20220915;000000;429.85;439.95;428.85;439.95;240746;0
Газпрнефть;D;20220916;000000;439.8;443.4;431.05;436.7;388362;0
Газпрнефть;D;20220919;000000;435.35;436;427;430;295941;0
Газпрнефть;D;20220920;000000;431;431;375.15;394.9;1452966;0
Газпрнефть;D;20220921;000000;364.8;394.9;350;371;730700;0
Газпрнефть;D;20220922;000000;371.25;394.9;371.25;385.5;531358;0
Газпрнефть;D;20220923;000000;384.3;388.9;360;365.1;504244;0
Газпрнефть;D;20220926;000000;362.8;362.8;321;345.5;1075267;0
Газпрнефть;D;20220927;000000;347.7;368.95;336.65;340;704917;0
Газпрнефть;D;20220928;000000;344;347.15;331;345.95;318092;0
Газпрнефть;D;20220929;000000;346.2;349.7;331.85;335.55;259679;0
Газпрнефть;D;20220930;000000;336.9;348.9;328.1;338.8;538290;0
Газпрнефть;D;20221003;000000;343;364.75;341.85;362.5;353173;0
Газпрнефть;D;20221004;000000;365;374.25;352.45;362;386239;0
Газпрнефть;D;20221005;000000;361.85;372;352.05;358.55;432589;0
Газпрнефть;D;20221006;000000;359.5;370.95;359.35;368;398361;0
Газпрнефть;D;20221007;000000;369;369.9;347.5;350.65;223959;0
Газпрнефть;D;20221010;000000;329;361.65;327;359.2;342667;0
Газпрнефть;D;20221011;000000;361.95;370.95;359;363.8;305434;0
Газпрнефть;D;20221012;000000;365.8;374.9;364;365.25;243583;0
Газпрнефть;D;20221013;000000;367.5;382.95;365.25;376.3;447889;0
Газпрнефть;D;20221014;000000;378.85;382;372.55;377.85;260021;0
Газпрнефть;D;20221017;000000;378.8;389;376.45;387.55;241272;0
Газпрнефть;D;20221018;000000;391.55;392.6;382;388.9;263879;0
Газпрнефть;D;20221019;000000;383.8;388.7;378.2;385;271914;0
Газпрнефть;D;20221020;000000;386.5;396.8;385.05;390;286291;0
Газпрнефть;D;20221021;000000;391;397.05;387.05;396.15;160168;0
Газпрнефть;D;20221024;000000;402.8;406.3;395;406.3;225237;0
Газпрнефть;D;20221025;000000;408.8;417.65;404.8;416.45;352152;0
Газпрнефть;D;20221026;000000;415;415;408.5;415;298599;0
Газпрнефть;D;20221027;000000;417;421.6;415.2;420.2;270523;0
Газпрнефть;D;20221028;000000;418.95;435;415;430.5;396090;0
Газпрнефть;D;20221031;000000;430.5;434;424.35;430.5;652528;0
Газпрнефть;D;20221101;000000;430.5;440;430.5;437.1;821009;0
Газпрнефть;D;20221102;000000;436.05;448.05;434.05;441.5;1225027;0
Газпрнефть;D;20221103;000000;439.2;446.55;434.15;445.95;935790;0
Газпрнефть;D;20221107;000000;447.9;450.45;444.5;448.4;512236;0
Газпрнефть;D;20221108;000000;450.15;452.5;436;446;477785;0
Газпрнефть;D;20221109;000000;446;449.9;437.05;437.05;430749;0
Газпрнефть;D;20221110;000000;437.05;448;437;445.3;569139;0
Газпрнефть;D;20221111;000000;448;460.45;445.05;455.55;1432449;0
Газпрнефть;D;20221114;000000;460.7;460.75;445.15;458.2;1044455;0
Газпрнефть;D;20221115;000000;458.6;459;447.15;448.5;646216;0
Газпрнефть;D;20221116;000000;446;472;441.8;463.05;3801676;0
Газпрнефть;D;20221117;000000;465.8;468.6;458.2;460;1297064;0
Газпрнефть;D;20221118;000000;460;462.15;456.2;459.45;680905;0
Газпрнефть;D;20221121;000000;459.95;460.4;447.6;450;900830;0
Газпрнефть;D;20221122;000000;453;460;452;460;695436;0
Газпрнефть;D;20221123;000000;460.2;470.95;458.5;464;943384;0
Газпрнефть;D;20221124;000000;465.75;468;462.5;464.3;367871;0
Газпрнефть;D;20221125;000000;465.4;466;462.95;465.5;248560;0
Газпрнефть;D;20221128;000000;462.5;465.75;460.05;465;528877;0
Газпрнефть;D;20221129;000000;466;468.5;464;465.3;373016;0
Газпрнефть;D;20221130;000000;465.55;467.7;461.9;467.7;216899;0
Газпрнефть;D;20221201;000000;467.95;470.65;465;469;451960;0
Газпрнефть;D;20221202;000000;468;469.45;464;469.45;418574;0
Газпрнефть;D;20221205;000000;468.6;477.95;465.65;475.5;556296;0
Газпрнефть;D;20221206;000000;475.4;479.9;472.1;479.9;459163;0
Газпрнефть;D;20221207;000000;478.45;479.85;474.4;477.5;406211;0
Газпрнефть;D;20221208;000000;477.5;478.45;473.85;475.25;316565;0
Газпрнефть;D;20221209;000000;475.25;475.8;470.2;471.35;334500;0
Газпрнефть;D;20221212;000000;471.9;479.1;468;475;525411;0
Газпрнефть;D;20221213;000000;475;476.55;470;472.8;399403;0
Газпрнефть;D;20221214;000000;472.8;473.75;463.2;465.35;578767;0
Газпрнефть;D;20221215;000000;464;466.8;458.25;463.25;538187;0
Газпрнефть;D;20221216;000000;463;469.55;455;464.95;574132;0
Газпрнефть;D;20221219;000000;466.55;467.65;460.35;461;530842;0
Газпрнефть;D;20221220;000000;461.1;476.75;461.1;474.9;946798;0
Газпрнефть;D;20221221;000000;476.05;494.4;474.9;482.5;1565119;0
Газпрнефть;D;20221222;000000;484.85;492.85;484.05;491.85;854623;0
Газпрнефть;D;20221223;000000;491.8;497;490;496.1;759349;0
Газпрнефть;D;20221226;000000;499.85;512.85;495.85;505;1933227;0
Газпрнефть;D;20221227;000000;505;507.5;501.1;503.4;1434241;0
Газпрнефть;D;20221228;000000;503;514.85;501;514.8;2518840;0
Газпрнефть;D;20221229;000000;463.35;463.35;446.1;459.75;4044220;0
Газпрнефть;D;20221230;000000;457.7;459.5;456.15;459.5;520767;0
Газпрнефть;D;20230104;000000;457.4;457.55;455.1;456.2;426749;0
Газпрнефть;D;20230105;000000;456.2;456.8;454.3;455;235328;0
Газпрнефть;D;20230106;000000;455;455.65;453.1;454.55;137264;0
Газпрнефть;D;20230109;000000;454.05;456.9;453.25;454.65;288919;0
Газпрнефть;D;20230110;000000;454.8;455.9;453.4;454.5;200839;0
Газпрнефть;D;20230111;000000;453.65;455.95;453.6;455.45;275689;0
Газпрнефть;D;20230112;000000;454.8;458.85;453.65;453.65;324259;0
Газпрнефть;D;20230113;000000;454.2;455.5;450.25;452.6;341190;0
Газпрнефть;D;20230116;000000;451.5;454.25;447.35;452.05;510801;0
Газпрнефть;D;20230117;000000;451;451.4;446.5;446.5;339687;0
Газпрнефть;D;20230118;000000;446;450.45;444.05;446.85;394734;0
Газпрнефть;D;20230119;000000;448.45;448.95;442.5;442.55;216007;0
Газпрнефть;D;20230120;000000;442.55;444.1;435.25;436;633365;0
Газпрнефть;D;20230123;000000;438.05;446.6;436;445.5;505027;0
Газпрнефть;D;20230124;000000;447.55;449.95;441.6;441.6;410324;0
Газпрнефть;D;20230125;000000;441.6;445.95;437.1;444.3;260960;0
Газпрнефть;D;20230126;000000;445.4;448.75;442.8;448.5;474960;0
Газпрнефть;D;20230127;000000;448.5;450;446.1;447;181481;0
Газпрнефть;D;20230130;000000;448.4;451.15;443.35;444.75;272983;0
Газпрнефть;D;20230131;000000;443.8;445.8;440.25;441;312860;0
Газпрнефть;D;20230201;000000;440.95;443.95;440;442;334099;0
Газпрнефть;D;20230202;000000;442.85;445.9;441.5;442.9;302484;0
Газпрнефть;D;20230203;000000;442.8;442.8;434;440.55;778626;0
Газпрнефть;D;20230206;000000;437.65;446;435.5;440.9;633747;0
Газпрнефть;D;20230207;000000;442.5;445.15;441.05;442.75;322691;0
Газпрнефть;D;20230208;000000;444.9;450;442.05;442.65;806046;0
Газпрнефть;D;20230209;000000;444.4;444.85;438;438.5;591769;0
Газпрнефть;D;20230210;000000;438;438;429.1;430.6;1065143;0
Газпрнефть;D;20230213;000000;434.2;435.55;430;431.05;501712;0
Газпрнефть;D;20230214;000000;430.5;432.5;417.5;417.5;647972;0
Газпрнефть;D;20230215;000000;417.6;426.95;410.1;415;888121;0
Газпрнефть;D;20230216;000000;415.3;425.45;415;415;336360;0
Газпрнефть;D;20230217;000000;415.05;421.5;413.3;421.2;366227;0
Газпрнефть;D;20230220;000000;424.1;424.7;414.35;419.3;449478;0
Газпрнефть;D;20230221;000000;421.5;427.2;418;420.9;634607;0
Газпрнефть;D;20230222;000000;421;421.7;411.25;413.5;956043;0
Газпрнефть;D;20230224;000000;414.5;414.5;408.2;409.2;721768;0
Газпрнефть;D;20230227;000000;408.4;417.2;407.9;416.7;652509;0
Газпрнефть;D;20230228;000000;420.8;428.8;417.45;425.85;921552;0
Газпрнефть;D;20230301;000000;429.5;435;426.85;432.4;839926;0
Газпрнефть;D;20230302;000000;433.9;436.5;417.6;422.7;1032819;0
Газпрнефть;D;20230303;000000;420.2;429.6;420.2;429;415439;0
Газпрнефть;D;20230306;000000;433.25;438.75;431.8;434.5;597356;0
Газпрнефть;D;20230307;000000;435;441.8;434.7;437.55;724775;0
Газпрнефть;D;20230309;000000;439.95;442.1;426;439.7;733416;0
Газпрнефть;D;20230310;000000;437.45;442.65;435.25;441.3;430845;0
Газпрнефть;D;20230313;000000;442.35;444.85;437.1;438.9;509573;0
Газпрнефть;D;20230314;000000;437.6;443.5;432.6;439.55;598472;0
Газпрнефть;D;20230315;000000;440;443.3;435.5;437.65;342948;0
Газпрнефть;D;20230316;000000;438.8;444.15;434.8;444;476979;0
Газпрнефть;D;20230317;000000;445;453;443.6;453;869513;0
Газпрнефть;D;20230320;000000;456.9;463.1;451.55;460.35;953844;0
Газпрнефть;D;20230321;000000;463.8;464.6;451.7;455.4;698554;0
Газпрнефть;D;20230322;000000;455;457;447;450.85;474368;0
Газпрнефть;D;20230323;000000;450.6;458.3;449.2;456.85;374675;0
Газпрнефть;D;20230324;000000;455.55;462.5;455.2;459.85;284358;0
Газпрнефть;D;20230327;000000;461.45;469;460.1;468.15;590487;0
Газпрнефть;D;20230328;000000;469.2;469.6;463.3;467;407039;0
Газпрнефть;D;20230329;000000;466;473.2;463.25;470.65;529828;0
Газпрнефть;D;20230330;000000;470.65;477.7;468.55;477;415205;0
Газпрнефть;D;20230331;000000;478;478.05;469.5;475.15;518904;0
Газпрнефть;D;20230403;000000;482.95;492.35;480;488.15;1388445;0
Газпрнефть;D;20230404;000000;488.05;490.4;479.25;481.15;887909;0
Газпрнефть;D;20230405;000000;482.5;486.6;476.3;485.65;414059;0
Газпрнефть;D;20230406;000000;486.7;488.5;471.05;482;558426;0
Газпрнефть;D;20230407;000000;482;488.35;472.7;486.6;649582;0
Газпрнефть;D;20230410;000000;487.7;490.2;484.3;489.2;341103;0
Газпрнефть;D;20230411;000000;490.2;491.45;480.5;482.9;480038;0
Газпрнефть;D;20230412;000000;485;489.6;482;486.3;264317;0
Газпрнефть;D;20230413;000000;487.25;487.25;481.25;485.2;234100;0
Газпрнефть;D;20230414;000000;485.95;495;482;493.55;307601;0
Газпрнефть;D;20230417;000000;496;500;495.2;498.45;456352;0
Газпрнефть;D;20230418;000000;498.45;501.6;496.1;498.8;356719;0
Газпрнефть;D;20230419;000000;496.2;501.8;496;496.75;407836;0
Газпрнефть;D;20230420;000000;494;501.45;490.1;499;395447;0
Газпрнефть;D;20230421;000000;500.45;506.05;500;505.4;560228;0
Газпрнефть;D;20230424;000000;505.5;509.6;501.05;508.5;385895;0
Газпрнефть;D;20230425;000000;508.5;509.55;505.05;506;203530;0
Газпрнефть;D;20230426;000000;507.5;509.35;502.2;505.05;314421;0
Газпрнефть;D;20230427;000000;504.9;509.15;503.7;506.95;216335;0
Газпрнефть;D;20230428;000000;506.25;507.7;495.7;501.1;388779;0
Газпрнефть;D;20230502;000000;500.9;501.85;478.55;489.35;507670;0
Газпрнефть;D;20230503;000000;488.25;488.35;470;472;727269;0
Газпрнефть;D;20230504;000000;472;476.75;461;470.9;432983;0
Газпрнефть;D;20230505;000000;471.1;480.15;465.55;476;352319;0
Газпрнефть;D;20230508;000000;478.95;480.1;474.6;475.95;101129;0
Газпрнефть;D;20230510;000000;476.25;498.95;473.65;494.35;507339;0
Газпрнефть;D;20230511;000000;497;507.55;484.3;497.8;801562;0
Газпрнефть;D;20230512;000000;497.85;503.65;494;498.9;250313;0
Газпрнефть;D;20230515;000000;499;512.05;499;512.05;603984;0
Газпрнефть;D;20230516;000000;514.9;521.45;510;520.45;576323;0
Газпрнефть;D;20230517;000000;521;523.25;513.75;519.15;376722;0
Газпрнефть;D;20230518;000000;519;549.2;516.4;548.35;1566241;0
Газпрнефть;D;20230519;000000;548.6;550;537.7;550;973048;0
Газпрнефть;D;20230522;000000;558;564.5;523.3;540.3;4910279;0
Газпрнефть;D;20230523;000000;543;579.45;510.4;512.7;7079650;0
Газпрнефть;D;20230524;000000;512.7;520.6;506.8;515.65;1236503;0
Газпрнефть;D;20230525;000000;518.6;520.4;511;518.8;554296;0
Газпрнефть;D;20230526;000000;518.8;521.5;511.45;512.4;758406;0
Газпрнефть;D;20230529;000000;513;520;512;517;708822;0
Газпрнефть;D;20230530;000000;515.8;516.9;509;510.2;490756;0
Газпрнефть;D;20230531;000000;509;517;502;515.2;599532;0
Газпрнефть;D;20230601;000000;516;520.8;515.15;517.7;498154;0
Газпрнефть;D;20230602;000000;519;519.6;514.15;518.45;314912;0
Газпрнефть;D;20230605;000000;520.1;530;509.8;512;1199276;0
Газпрнефть;D;20230606;000000;512.05;518.9;501;515.9;562239;0
Газпрнефть;D;20230607;000000;518.5;524.45;508.9;514.5;395427;0
Газпрнефть;D;20230608;000000;514.5;517.95;508;514.55;255287;0
Газпрнефть;D;20230609;000000;514.55;519.85;513.85;516.7;180338;0
Газпрнефть;D;20230613;000000;516.7;530;516.35;527.7;491468;0
Газпрнефть;D;20230614;000000;530.55;532.45;523.15;527.05;415490;0
Газпрнефть;D;20230615;000000;527.2;532.45;524.45;529.55;329810;0
Газпрнефть;D;20230616;000000;531.6;531.8;525;527;193413;0
Газпрнефть;D;20230619;000000;527;528.4;520.55;524.85;212329;0
Газпрнефть;D;20230620;000000;522.9;530.25;521.35;528.1;326181;0
Газпрнефть;D;20230621;000000;530;540;528.6;533.5;598145;0
Газпрнефть;D;20230622;000000;534;534;522.3;526.15;290493;0
Газпрнефть;D;20230623;000000;526.05;529.3;510.2;513.95;590054;0
Газпрнефть;D;20230626;000000;516;525;507.05;517.95;443456;0
Газпрнефть;D;20230627;000000;520;527.25;518.05;523.15;356227;0
Газпрнефть;D;20230628;000000;527.4;527.7;522.05;523.35;187510;0
Газпрнефть;D;20230629;000000;525;527.95;520;526.6;238098;0
Газпрнефть;D;20230630;000000;526.6;530.15;521.7;527.95;301032;0
Газпрнефть;D;20230703;000000;529.55;535;521.7;523.55;445581;0
Газпрнефть;D;20230704;000000;525.2;528.25;519.15;521.3;308613;0
Газпрнефть;D;20230705;000000;522;524.9;516.45;518.85;522671;0
Газпрнефть;D;20230706;000000;518.85;524.5;516.45;519.5;763180;0
Газпрнефть;D;20230707;000000;507.75;520.2;507.75;518.3;602900;0
Газпрнефть;D;20230710;000000;520;525.65;513.35;524.55;339618;0
Газпрнефть;D;20230711;000000;524.55;531.65;524;530.15;382206;0
Газпрнефть;D;20230712;000000;530.75;533.2;526.05;529.1;516680;0
Газпрнефть;D;20230713;000000;530;530.6;521.1;525.25;375165;0
Газпрнефть;D;20230714;000000;525.95;531.55;523.95;529.9;369947;0
Газпрнефть;D;20230717;000000;527;530.9;527;530;196615;0
Газпрнефть;D;20230718;000000;531.5;540;530.8;539.85;549893;0
Газпрнефть;D;20230719;000000;540;551.8;533.65;539.6;861486;0
Газпрнефть;D;20230720;000000;541.4;541.4;530;530.15;412505;0
Газпрнефть;D;20230721;000000;530;534.75;525.35;534.3;437877;0
Газпрнефть;D;20230724;000000;533.8;536;529.1;533.15;394977;0
Газпрнефть;D;20230725;000000;534.95;546.65;533;541.2;477912;0
Газпрнефть;D;20230726;000000;541.3;544;534.4;541.85;511535;0
Газпрнефть;D;20230727;000000;543.1;550.9;539.55;545.8;491758;0
Газпрнефть;D;20230728;000000;546.65;555;543.75;549.5;478393;0
Газпрнефть;D;20230731;000000;554.2;578.75;554;574.25;1503775;0
Газпрнефть;D;20230801;000000;576.2;592.05;571.15;585.05;1010389;0
Газпрнефть;D;20230802;000000;585.15;589.25;576.5;582.65;821919;0
Газпрнефть;D;20230803;000000;584.4;587.9;580.4;585.5;561052;0
Газпрнефть;D;20230804;000000;588.2;606;570;579.9;1955641;0
Газпрнефть;D;20230807;000000;585;596;573.3;583.8;835359;0
Газпрнефть;D;20230808;000000;583.8;590;570.5;588.05;603073;0
Газпрнефть;D;20230809;000000;588.7;591.95;579;587.6;486535;0
Газпрнефть;D;20230810;000000;590.2;619;582;614;1514652;0
Газпрнефть;D;20230811;000000;614;633.5;609.8;630.15;1463070;0
Газпрнефть;D;20230814;000000;634.6;665.95;615;638;3836117;0
Газпрнефть;D;20230815;000000;630.5;657;630;644.1;1291009;0
Газпрнефть;D;20230816;000000;647.6;647.6;620;635;1502865;0
Газпрнефть;D;20230817;000000;638;646.95;624.3;637.45;947418;0
Газпрнефть;D;20230818;000000;634.45;645.9;626.3;643.9;611868;0
Газпрнефть;D;20230821;000000;647;671;647;669.45;1357867;0
Газпрнефть;D;20230822;000000;672.9;677.45;660;668.9;1107757;0
Газпрнефть;D;20230823;000000;666.95;669.05;631.3;645.5;1584446;0
Газпрнефть;D;20230824;000000;645.3;654.8;642;652.4;619127;0
Газпрнефть;D;20230825;000000;652.4;664;646.4;660.95;690273;0
Газпрнефть;D;20230828;000000;663.6;667.4;655;661.1;525463;0
Газпрнефть;D;20230829;000000;663.5;663.5;652.15;655.75;518358;0
Газпрнефть;D;20230830;000000;657;657;643.4;652.95;619797;0
Газпрнефть;D;20230831;000000;654.95;654.95;648.2;651.75;335329;0
Газпрнефть;D;20230901;000000;651.5;663.35;651.05;661.4;489057;0
Газпрнефть;D;20230904;000000;663;666.95;654.8;666.95;574866;0
Газпрнефть;D;20230905;000000;667;680;660;671.25;954086;0
Газпрнефть;D;20230906;000000;671.3;676.3;664.05;671.9;438125;0
Газпрнефть;D;20230907;000000;671.9;676.4;647.4;657.4;1138111;0
Газпрнефть;D;20230908;000000;657.4;659.5;632.55;646.5;901595;0
Газпрнефть;D;20230911;000000;645;664;638;652;802565;0
Газпрнефть;D;20230912;000000;652;670;652;668.95;789336;0
Газпрнефть;D;20230913;000000;668.95;681.5;658.2;662.35;932626;0
Газпрнефть;D;20230914;000000;665.2;668;645.5;658.45;624738;0
Газпрнефть;D;20230915;000000;658.15;699;652.1;677.85;498295;0
Газпрнефть;D;20230918;000000;679.7;693.7;673.8;677.35;509053;0
Газпрнефть;D;20230919;000000;676.9;676.9;657.05;664.35;639223;0
Газпрнефть;D;20230920;000000;662.5;679.75;644.35;669.65;1626824;0
Газпрнефть;D;20230921;000000;669;669;646.55;647.45;1019824;0
Газпрнефть;D;20230922;000000;649.45;665.7;636;660.6;669034;0
Газпрнефть;D;20230925;000000;663.95;664.45;653.1;660.45;205023;0
Газпрнефть;D;20230926;000000;660.25;666.6;649.7;663.5;385889;0
Газпрнефть;D;20230927;000000;669.8;673.5;665.5;670.95;338670;0
Газпрнефть;D;20230928;000000;670.5;690;666.85;689.4;639915;0
Газпрнефть;D;20230929;000000;689.4;725;682.2;717.4;2200619;0
Газпрнефть;D;20231002;000000;722.1;729;703.05;713.5;1844603;0
Газпрнефть;D;20231003;000000;711;727.8;704.4;723.95;844002;0
Газпрнефть;D;20231004;000000;723.9;729.7;700.1;702.8;998116;0
Газпрнефть;D;20231005;000000;704.45;721.95;694;712;1050597;0
Газпрнефть;D;20231006;000000;718.1;720;707.05;718.7;648277;0
Газпрнефть;D;20231009;000000;723.45;735.9;721;733.9;990541;0
Газпрнефть;D;20231010;000000;733.85;736.6;727.65;734.25;610890;0
Газпрнефть;D;20231011;000000;736;749.95;721.65;727;1251615;0
Газпрнефть;D;20231012;000000;727;739.25;722.45;734;837610;0
Газпрнефть;D;20231013;000000;734.4;748.3;731;747.45;591390;0
Газпрнефть;D;20231016;000000;746.2;767.9;746.2;767.7;997022;0
Газпрнефть;D;20231017;000000;767.7;769.8;755.05;766;890264;0
Газпрнефть;D;20231018;000000;769.4;792;767;789.85;2089874;0
Газпрнефть;D;20231019;000000;789.5;799.9;781;798;1122872;0
Газпрнефть;D;20231020;000000;798;810.95;788;806;1180893;0
Газпрнефть;D;20231023;000000;808;808.25;793.1;795.15;749974;0
Газпрнефть;D;20231024;000000;795.2;795.2;785;790.2;450749;0
Газпрнефть;D;20231025;000000;788.05;805;781.35;796.2;771453;0
Газпрнефть;D;20231026;000000;796.2;804.85;779.1;785.6;661392;0
Газпрнефть;D;20231027;000000;786.25;803;780.65;799.9;753384;0
Газпрнефть;D;20231030;000000;799.8;799.9;791.85;793.3;395674;0
Газпрнефть;D;20231031;000000;791.5;799.9;775.05;797.3;921436;0
Газпрнефть;D;20231101;000000;796.95;820;795.25;819.8;1930277;0
Газпрнефть;D;20231102;000000;820;830.3;808.4;813;2071884;0
Газпрнефть;D;20231103;000000;812.9;820;805.15;818.55;896176;0
Газпрнефть;D;20231106;000000;822.5;826.7;817.55;825.7;354920;0
Газпрнефть;D;20231107;000000;826.1;842.75;823;832.75;1208363;0
Газпрнефть;D;20231108;000000;832.75;834.8;811.5;815.95;1942119;0
Газпрнефть;D;20231109;000000;815.95;864.45;808.1;858.7;7989855;0
Газпрнефть;D;20231110;000000;863;867;846.25;857.4;3278016;0
Газпрнефть;D;20231113;000000;857.9;872.85;852.3;861.95;2070382;0
Газпрнефть;D;20231114;000000;860;861.9;851.4;855.1;1216242;0
Газпрнефть;D;20231115;000000;854.9;859.7;851.1;857;898879;0
Газпрнефть;D;20231116;000000;856.1;856.1;838.3;841.1;1054765;0
Газпрнефть;D;20231117;000000;838.05;853.05;829;848.15;1211252;0
Газпрнефть;D;20231120;000000;851;861.5;848.3;854.8;826142;0
Газпрнефть;D;20231121;000000;854.75;856.1;844.95;849.1;725858;0
Газпрнефть;D;20231122;000000;849.3;860.9;846.1;860.7;1423997;0
Газпрнефть;D;20231123;000000;861;869.95;860.95;866.95;923487;0
Газпрнефть;D;20231124;000000;866.95;879.65;863;870.2;990958;0
Газпрнефть;D;20231127;000000;874;876;868.55;872.95;751239;0
Газпрнефть;D;20231128;000000;872.95;876.5;864;871.3;870732;0
Газпрнефть;D;20231129;000000;871.3;871.3;863.2;867.7;432480;0
Газпрнефть;D;20231130;000000;869.6;879;865;875.1;720228;0
Газпрнефть;D;20231201;000000;877.75;877.8;866.3;870.7;520439;0
Газпрнефть;D;20231204;000000;867;869.9;858.2;861.1;636410;0
Газпрнефть;D;20231205;000000;860.75;870.95;855;866.95;588325;0
Газпрнефть;D;20231206;000000;869.9;869.9;856.25;861.8;566727;0
Газпрнефть;D;20231207;000000;861.85;862.95;849.15;851.3;948903;0
Газпрнефть;D;20231208;000000;852;859.4;850.1;857;516897;0
Газпрнефть;D;20231211;000000;857.05;863;850.8;856.1;866206;0
Газпрнефть;D;20231212;000000;854;858.7;843;846.4;723757;0
Газпрнефть;D;20231213;000000;845;850.05;837.05;841;736948;0
Газпрнефть;D;20231214;000000;841.1;843;825.6;826.85;1094743;0
Газпрнефть;D;20231215;000000;826.85;856.1;825.6;853.7;1278225;0
Газпрнефть;D;20231218;000000;859;874.85;858;874.7;1560648;0
Газпрнефть;D;20231219;000000;875;882.75;870;881.9;1358174;0
Газпрнефть;D;20231220;000000;883.55;909.2;881.15;908.5;2130807;0
Газпрнефть;D;20231221;000000;910;921.4;903.4;913.8;1925609;0
Газпрнефть;D;20231222;000000;915.1;917.8;905.2;912.3;1277190;0
Газпрнефть;D;20231225;000000;908.3;915.75;907.1;913.45;1648872;0
Газпрнефть;D;20231226;000000;909;935.6;909;934.25;4074149;0
Газпрнефть;D;20231227;000000;854.95;873.1;851.35;857.05;6294912;0
Газпрнефть;D;20231228;000000;857.05;858;836.7;839.95;2254955;0
Газпрнефть;D;20231229;000000;839;851.9;828.55;847.65;1822474;0
Газпрнефть;D;20240103;000000;849.35;854;841;848.1;632043;0
Газпрнефть;D;20240104;000000;848;850.95;841.7;843.5;333825;0
Газпрнефть;D;20240105;000000;843.5;845.55;840.5;842.6;313163;0
Газпрнефть;D;20240108;000000;840;841.9;830.2;832.45;676437;0
Газпрнефть;D;20240109;000000;832.4;841.75;826.1;836.6;931511;0
Газпрнефть;D;20240110;000000;836.7;862.2;836.7;857.4;1535952;0
Газпрнефть;D;20240111;000000;857.4;868.7;851;853.8;1161835;0
Газпрнефть;D;20240112;000000;857.95;863;847.35;851;843153;0
Газпрнефть;D;20240115;000000;851.95;856;847.9;852.9;575092;0
Газпрнефть;D;20240116;000000;852.9;853.35;839;842.6;631567;0
Газпрнефть;D;20240117;000000;843.15;856.05;839.9;854.3;449777;0
Газпрнефть;D;20240118;000000;855;858;843;845.95;439412;0
Газпрнефть;D;20240119;000000;846;848.4;837.6;844;593868;0
Газпрнефть;D;20240122;000000;844.4;847.65;835.05;840.2;625474;0
Газпрнефть;D;20240123;000000;840.6;840.9;830.45;831.8;697693;0
Газпрнефть;D;20240124;000000;830.3;836.75;808.2;813.6;1533152;0
Газпрнефть;D;20240125;000000;815.25;816.6;797;807.75;1750707;0
Газпрнефть;D;20240126;000000;807.8;819.9;806.3;816.85;839559;0
Газпрнефть;D;20240129;000000;822.8;836.95;821;823.8;1158688;0
Газпрнефть;D;20240130;000000;824;825.25;817.65;823.65;528240;0
Газпрнефть;D;20240131;000000;824.85;824.85;816;817.5;517509;0
Газпрнефть;D;20240201;000000;818;824.25;815.95;818.2;569999;0
Газпрнефть;D;20240202;000000;820.1;821;813.6;818;469497;0
Газпрнефть;D;20240205;000000;820;836.1;811.35;835.05;916606;0
Газпрнефть;D;20240206;000000;835.1;846.85;832.6;837.4;933778;0
Газпрнефть;D;20240207;000000;838.45;840.6;830.9;831.9;483776;0
Газпрнефть;D;20240208;000000;831.4;840.5;822.6;828.25;680401;0
Газпрнефть;D;20240209;000000;828.5;835.55;823;824.7;350717;0
Газпрнефть;D;20240212;000000;825.4;834.8;819.1;828.45;494095;0
Газпрнефть;D;20240213;000000;829.2;833.75;826.05;829.8;250050;0
Газпрнефть;D;20240214;000000;830;834.85;820.25;821.6;458518;0
Газпрнефть;D;20240215;000000;825.7;825.7;812.3;817.1;705758;0
Газпрнефть;D;20240216;000000;817.1;822.5;814.5;816.7;557750;0
Газпрнефть;D;20240219;000000;814.6;817.9;808.25;809.55;594488;0
Газпрнефть;D;20240220;000000;809.65;815;800;809.1;1105898;0
Газпрнефть;D;20240221;000000;805.6;808.85;785;791.1;1469998;0
Газпрнефть;D;20240222;000000;791.1;796.7;780;790.2;679106;0
Газпрнефть;D;20240226;000000;792.7;811.55;792.7;809.65;624901;0
Газпрнефть;D;20240227;000000;812.75;812.75;793.65;801.05;478940;0
Газпрнефть;D;20240228;000000;802.35;803.15;790;791.4;575295;0
Газпрнефть;D;20240229;000000;791.4;806.65;790.35;800.5;499679;0
Газпрнефть;D;20240301;000000;800.4;817.85;792.9;817.45;743174;0
Газпрнефть;D;20240304;000000;817.45;832.4;817.45;826.25;1154618;0
Газпрнефть;D;20240305;000000;827;836.35;823.8;831.05;909108;0
Газпрнефть;D;20240306;000000;831.05;835.8;823.75;826.2;555791;0
Газпрнефть;D;20240307;000000;825;832.5;825;829.8;417395;0
Газпрнефть;D;20240311;000000;832.05;835.5;828.4;830.7;526366;0
Газпрнефть;D;20240312;000000;832;832.6;820.05;822;797455;0
Газпрнефть;D;20240313;000000;822;825.7;815;815.85;555313;0
Газпрнефть;D;20240314;000000;815.85;820;806.25;810.8;939944;0
Газпрнефть;D;20240315;000000;811;814.9;804.35;811.9;592051;0
Газпрнефть;D;20240318;000000;812.1;818.65;808.25;813.4;407528;0
Газпрнефть;D;20240319;000000;813.45;818.05;767.75;778.25;4701329;0
Газпрнефть;D;20240320;000000;780;783.4;748.1;753.35;9209989;0
Газпрнефть;D;20240321;000000;755.7;763.5;750.15;754.6;2570959;0
Газпрнефть;D;20240322;000000;756.8;756.8;733.9;737.95;2791107;0
Газпрнефть;D;20240325;000000;737;748.2;735.05;746.4;1623316;0
Газпрнефть;D;20240326;000000;747;748.35;737.25;741.45;1206385;0
Газпрнефть;D;20240327;000000;741.8;745.75;726.3;729.1;2111190;0
Газпрнефть;D;20240328;000000;729.5;737.7;722.55;727.4;2044350;0
Газпрнефть;D;20240329;000000;729.95;744.85;729.25;741.8;2195678;0
Газпрнефть;D;20240401;000000;746.7;752;743.2;751.3;1809651;0
Газпрнефть;D;20240402;000000;754.2;757;746.95;756.9;1207877;0
Газпрнефть;D;20240403;000000;757.5;761;745;760.95;1711028;0
Газпрнефть;D;20240404;000000;760.95;779.8;759.5;776.6;2391879;0
Газпрнефть;D;20240405;000000;776.6;777.45;763.55;764.5;2015364;0
Газпрнефть;D;20240408;000000;765;771.65;761;762.45;1004994;0
Газпрнефть;D;20240409;000000;762.45;764.65;745.65;755.3;1614421;0
Газпрнефть;D;20240410;000000;755.3;776.3;754.2;774.75;1361970;0
Газпрнефть;D;20240411;000000;772.75;776;766.55;767.25;890616;0
Газпрнефть;D;20240412;000000;768;772.5;764.25;772.05;911676;0
Газпрнефть;D;20240415;000000;772.9;784.4;770;775.1;1492816;0
Газпрнефть;D;20240416;000000;776.35;787.3;772.2;786.8;1004976;0
Газпрнефть;D;20240417;000000;787.45;788.9;771;771.3;851397;0
Газпрнефть;D;20240418;000000;771.3;772;756.1;762.65;1263098;0
Газпрнефть;D;20240419;000000;765.9;769;755.5;757.85;1020786;0
Газпрнефть;D;20240422;000000;757.7;759;748.2;753;1025024;0
Газпрнефть;D;20240423;000000;753.95;763.65;750.15;751.45;1007640;0
Газпрнефть;D;20240424;000000;752.7;755.5;747;750.95;566913;0
Газпрнефть;D;20240425;000000;750.95;757.65;750;751.3;260407;0
Газпрнефть;D;20240426;000000;751.5;755.9;749.2;750;399899;0
Газпрнефть;D;20240427;000000;750.05;752.05;748.05;749.25;445290;0
Газпрнефть;D;20240429;000000;748.55;752.2;748.55;750.4;175973;0
Газпрнефть;D;20240430;000000;750.5;750.7;744.3;748.55;204302;0
Газпрнефть;D;20240502;000000;748.6;750.5;744.4;745.8;370634;0
Газпрнефть;D;20240503;000000;744.15;745.25;738.75;739.8;525444;0
Газпрнефть;D;20240506;000000;739.8;741.4;733.5;735.6;561733;0
Газпрнефть;D;20240507;000000;735.6;745.1;735.6;738.4;396933;0
Газпрнефть;D;20240508;000000;738.65;751.7;737.1;748.9;516595;0
Газпрнефть;D;20240510;000000;750;757.55;749.95;751;271749;0
Газпрнефть;D;20240513;000000;749;753.55;745;747.8;376030;0
Газпрнефть;D;20240514;000000;747.8;751.6;739.3;740.25;614893;0
Газпрнефть;D;20240515;000000;740.25;759.95;738.15;757.6;905791;0
Газпрнефть;D;20240516;000000;757.7;766;757.7;764.8;931026;0
Газпрнефть;D;20240517;000000;765.1;770;753.5;762.8;827319;0
Газпрнефть;D;20240520;000000;762.8;768;750;752.05;932360;0
Газпрнефть;D;20240521;000000;758;764.95;745.05;751.8;1801929;0
Газпрнефть;D;20240522;000000;751.8;758.75;746.4;748.65;874100;0
Газпрнефть;D;20240523;000000;749.7;752;740.7;742.85;680815;0
Газпрнефть;D;20240524;000000;742.95;744.4;722.3;729.2;817853;0
Газпрнефть;D;20240527;000000;726.6;729.1;705.15;710.55;1259588;0
Газпрнефть;D;20240528;000000;709.85;726.4;691.1;718.2;1692690;0
Газпрнефть;D;20240529;000000;718.2;720.65;697;707.1;1670045;0
Газпрнефть;D;20240530;000000;707.1;712.5;692.8;696.45;627618;0
Газпрнефть;D;20240531;000000;692.2;698.9;666.25;676.15;1708109;0
Газпрнефть;D;20240603;000000;676.15;689.7;646.95;672.7;2431962;0
Газпрнефть;D;20240604;000000;672.7;682;630.1;674.15;4858509;0
Газпрнефть;D;20240605;000000;675;699.85;670;690.9;2107885;0
Газпрнефть;D;20240606;000000;696.9;707;685.8;705;844704;0
Газпрнефть;D;20240607;000000;706.5;732.9;703.1;725.7;2581249;0
Газпрнефть;D;20240610;000000;730;734.8;712.8;717.8;1501006;0
Газпрнефть;D;20240611;000000;715;732.45;708;731.8;1237209;0
Газпрнефть;D;20240613;000000;695;742.05;665.2;738.4;1630734;0
Газпрнефть;D;20240614;000000;738.8;744.35;721;733.4;1193855;0
Газпрнефть;D;20240617;000000;734;736.5;722;726.05;854504;0
Газпрнефть;D;20240618;000000;725;727.65;701.15;703;718414;0
Газпрнефть;D;20240619;000000;700.7;715;685;696.7;1340234;0
Газпрнефть;D;20240620;000000;697.1;713.75;680.9;710.3;776488;0
Газпрнефть;D;20240621;000000;711.2;713.5;697.25;699.2;359693;0
Газпрнефть;D;20240624;000000;700;703.4;686;686.4;444969;0
Газпрнефть;D;20240625;000000;686.5;705.2;684.35;703.2;619929;0
Газпрнефть;D;20240626;000000;703.2;710.7;691.55;700.45;683036;0
Газпрнефть;D;20240627;000000;701;704.35;695.7;698.75;612987;0
Газпрнефть;D;20240628;000000;699.7;702.4;691.35;693.3;658462;0
Газпрнефть;D;20240701;000000;695.8;717.8;694.5;705;1023486;0
Газпрнефть;D;20240702;000000;707.8;710.8;696.75;700.6;1352281;0
Газпрнефть;D;20240703;000000;700.6;702.45;694.4;695.1;525185;0
Газпрнефть;D;20240704;000000;695;697.55;684.05;687.6;820200;0
Газпрнефть;D;20240705;000000;687.6;692.75;684.95;689;1144089;0
Газпрнефть;D;20240708;000000;679;684.2;671.3;671.3;1194071;0
Газпрнефть;D;20240709;000000;671.3;672.5;654;656.8;1034069;0
Газпрнефть;D;20240710;000000;656;658.8;631;634.9;1502065;0
Газпрнефть;D;20240711;000000;634.9;656.8;634.9;652;2378478;0
Газпрнефть;D;20240712;000000;652;671.05;646.85;655.3;2456433;0
Газпрнефть;D;20240715;000000;656;662;635.2;642;1369350;0
Газпрнефть;D;20240716;000000;644.1;650.1;634;649.7;1371483;0
Газпрнефть;D;20240717;000000;652.25;662;641;652.9;1118046;0
Газпрнефть;D;20240718;000000;652.85;668.5;646.65;666.2;1347777;0
Газпрнефть;D;20240719;000000;667;683;662.85;683;1387519;0
Газпрнефть;D;20240722;000000;692.95;697.4;683.75;695.35;1248138;0
Газпрнефть;D;20240723;000000;696.25;696.35;685.35;691.9;704625;0
Газпрнефть;D;20240724;000000;694.95;702;689.5;699.85;984544;0
Газпрнефть;D;20240725;000000;699.7;712.5;699.7;705.35;1393729;0
Газпрнефть;D;20240726;000000;705.3;709.2;684;684.4;1878322;0
Газпрнефть;D;20240729;000000;679.65;683.6;665.05;671.4;1154077;0
Газпрнефть;D;20240730;000000;669.8;678.9;665.6;676.8;755963;0
Газпрнефть;D;20240731;000000;678;686.55;677.05;684.85;704194;0
Газпрнефть;D;20240801;000000;685.95;686;677.2;677.6;519004;0
Газпрнефть;D;20240802;000000;677.05;679;662.5;677;885163;0
Газпрнефть;D;20240805;000000;667;673.25;647.65;658.05;1576226;0
Газпрнефть;D;20240806;000000;661.5;672.8;659.1;672.65;806488;0
Газпрнефть;D;20240807;000000;674;677.5;662.15;674.1;892629;0
Газпрнефть;D;20240808;000000;677;684.45;668;672;521263;0
Газпрнефть;D;20240809;000000;672;674.95;667.05;668.8;308975;0
Газпрнефть;D;20240812;000000;668.8;680;660.5;680;457699;0
Газпрнефть;D;20240813;000000;680;691.2;680;685.7;799843;0
Газпрнефть;D;20240814;000000;689.2;696;678;682.55;818114;0
Газпрнефть;D;20240815;000000;685.65;685.65;675;677.1;388125;0
Газпрнефть;D;20240816;000000;679.8;679.8;667;671.4;372331;0
Газпрнефть;D;20240819;000000;671.4;674;661.45;665.7;660119;0
Газпрнефть;D;20240820;000000;666.95;669.5;652;654.65;985736;0
Газпрнефть;D;20240821;000000;654.65;662.25;649;657.5;628482;0
Газпрнефть;D;20240822;000000;660.45;667.4;637.45;644.45;980531;0
Газпрнефть;D;20240823;000000;644.45;649.85;620;640;2045362;0
Газпрнефть;D;20240826;000000;663;676.4;640.3;676.4;2001776;0
Газпрнефть;D;20240827;000000;686;695.1;665;676;4026689;0
Газпрнефть;D;20240828;000000;671.5;679.6;660.35;675.35;1646909;0
Газпрнефть;D;20240829;000000;675.35;678.35;663;671;800971;0
Газпрнефть;D;20240830;000000;671;673.3;648;656.2;916527;0
Газпрнефть;D;20240902;000000;654.85;656.2;631.9;641.95;1881453;0
Газпрнефть;D;20240903;000000;641.9;655;629;640.9;1732820;0
Газпрнефть;D;20240904;000000;639;657.4;636.7;654.7;998863;0
Газпрнефть;D;20240905;000000;658.9;666.35;650;659.55;1221986;0
Газпрнефть;D;20240906;000000;658.6;663.95;655;661.25;1048554;0
Газпрнефть;D;20240909;000000;661.6;673.45;661.6;672;1508573;0
Газпрнефть;D;20240910;000000;673.2;680.5;658.05;662.7;1394400;0
Газпрнефть;D;20240911;000000;663.1;672;660.15;662;706081;0
Газпрнефть;D;20240912;000000;664.5;667.9;655.45;667.9;755481;0
Газпрнефть;D;20240913;000000;667.85;680.2;648.2;675.5;1956366;0
Газпрнефть;D;20240916;000000;682.45;692.2;682.45;688.65;1614614;0
Газпрнефть;D;20240917;000000;691.5;707.35;686.1;706;1580719;0
Газпрнефть;D;20240918;000000;708.5;709.35;699.2;703.55;883037;0
Газпрнефть;D;20240919;000000;703.7;706.3;697;704.9;964731;0
Газпрнефть;D;20240920;000000;704.9;725;704.9;724.2;1737466;0
Газпрнефть;D;20240923;000000;729;736.3;726.25;730.5;1401310;0
Газпрнефть;D;20240924;000000;730.55;733.95;710;717.25;2840550;0
Газпрнефть;D;20240925;000000;717.55;721.9;703.55;708;1901230;0
Газпрнефть;D;20240926;000000;707.85;714.85;701.1;706.45;1358754;0
Газпрнефть;D;20240927;000000;707.3;712;704;708.3;1649295;0
Газпрнефть;D;20240930;000000;711.7;714.75;701.65;701.9;2408176;0
Газпрнефть;D;20241001;000000;701.2;709.9;682.1;707.55;4457599;0
Газпрнефть;D;20241002;000000;710.1;713.35;692;698;2396955;0
Газпрнефть;D;20241003;000000;697;704.35;688.75;700.2;2925573;0
Газпрнефть;D;20241004;000000;701;707.7;697.4;702.7;1664207;0
Газпрнефть;D;20241007;000000;705;707.6;695.1;700.45;1881957;0
Газпрнефть;D;20241008;000000;700;709.45;697.5;704;1775288;0
Газпрнефть;D;20241009;000000;704.1;707.1;696.1;702;1702375;0
Газпрнефть;D;20241010;000000;702.5;704.05;697.8;700.05;1335683;0
Газпрнефть;D;20241011;000000;700.75;702.2;695.25;697.15;2911069;0
Газпрнефть;D;20241014;000000;650.85;654.2;645.05;652.1;3464047;0
Газпрнефть;D;20241015;000000;652.2;652.25;642.1;646.4;1672667;0
Газпрнефть;D;20241016;000000;646.4;651.85;644.8;647.75;1345900;0
Газпрнефть;D;20241017;000000;648;649.5;632.4;635.65;929881;0
Газпрнефть;D;20241018;000000;635.6;635.6;627;630.65;761495;0
Газпрнефть;D;20241021;000000;631.05;634.5;627;629.6;794105;0
Газпрнефть;D;20241022;000000;630.65;631.15;616.55;617.85;1280017;0
Газпрнефть;D;20241023;000000;618.1;618.8;602;602.5;1566329;0
Газпрнефть;D;20241024;000000;602.5;618.4;602.1;614.1;1312981;0
Газпрнефть;D;20241025;000000;615.05;616.9;590;594.8;1607535;0
Газпрнефть;D;20241028;000000;586;586;568;570.6;2387701;0
Газпрнефть;D;20241029;000000;573;577.95;561.8;576.05;1592295;0
Газпрнефть;D;20241030;000000;576.5;582.3;566.7;568.75;1062103;0
Газпрнефть;D;20241031;000000;568.75;574.65;556.05;559.6;1202108;0
Газпрнефть;D;20241101;000000;560;564.45;544.2;549.4;2750315;0
Газпрнефть;D;20241102;000000;550.95;550.95;544;548.35;1311335;0
Газпрнефть;D;20241105;000000;550.05;554.8;544.45;550.3;1367915;0
Газпрнефть;D;20241106;000000;558.95;576.15;545.5;553.55;3601304;0
Газпрнефть;D;20241107;000000;552.9;567.25;550.15;566.8;2483573;0
Газпрнефть;D;20241108;000000;569;577.8;565;577.1;2801189;0
Газпрнефть;D;20241111;000000;580;588.65;580;583.3;1894813;0
Газпрнефть;D;20241112;000000;584.85;585.25;570.75;577.6;1204895;0
Газпрнефть;D;20241113;000000;577;580.75;561.35;566.2;1207849;0
Газпрнефть;D;20241114;000000;566.2;570.3;559;560.9;1050205;0
Газпрнефть;D;20241115;000000;559;571.65;554.2;571.05;811118;0
Газпрнефть;D;20241118;000000;559;566.9;555;558.4;830723;0
Газпрнефть;D;20241119;000000;560.15;560.15;538.25;548.2;1570258;0
Газпрнефть;D;20241120;000000;548;553.95;533.35;535.05;1268213;0
Газпрнефть;D;20241121;000000;535;541.95;525;539.3;1935739;0
Газпрнефть;D;20241122;000000;539.95;544.7;525.9;531.8;1424141;0
Газпрнефть;D;20241125;000000;532.45;535.75;518.8;521.05;1202285;0
Газпрнефть;D;20241126;000000;521.05;528;515.3;527;2405430;0
Газпрнефть;D;20241127;000000;528.05;541.8;519.6;541.35;3089573;0
Газпрнефть;D;20241128;000000;541.35;549.3;537.1;542.15;1671731;0
Газпрнефть;D;20241129;000000;542.15;558.15;541;556.2;880056;0
Газпрнефть;D;20241202;000000;561.05;572.2;560.15;564.5;1205498;0
Газпрнефть;D;20241203;000000;564.5;572;551.4;562.6;2433967;0
Газпрнефть;D;20241204;000000;563;565.8;535;539.5;1941294;0
Газпрнефть;D;20241205;000000;541.7;558.5;534.2;553.9;1420970;0
Газпрнефть;D;20241206;000000;553.9;562.2;547.85;559.25;775425;0
Газпрнефть;D;20241209;000000;563;571.5;560.1;567.15;1000532;0
Газпрнефть;D;20241210;000000;569.05;569.05;555.7;557.45;947795;0
Газпрнефть;D;20241211;000000;557.4;566.2;549.05;564.95;837360;0
Газпрнефть;D;20241212;000000;566.35;566.6;548.6;548.6;652446;0
Газпрнефть;D;20241213;000000;548.9;557;546.95;552.4;701939;0
Газпрнефть;D;20241216;000000;552;554.85;532.55;537.2;1107479;0
Газпрнефть;D;20241217;000000;537.2;542.75;529.95;541.5;980398;0
Газпрнефть;D;20241218;000000;542;547.9;531.05;544.9;924731;0
Газпрнефть;D;20241219;000000;546;549;538;542.4;979845;0
Газпрнефть;D;20241220;000000;542.4;583;536.1;574.1;3250110;0
Газпрнефть;D;20241223;000000;580.2;601.2;579;600;2854854;0
Газпрнефть;D;20241224;000000;600;620;591.15;617.55;2469336;0
Газпрнефть;D;20241225;000000;616;629;602.55;624.5;2144112;0
Газпрнефть;D;20241226;000000;624.3;629.4;616;617.6;1219529;0
Газпрнефть;D;20241227;000000;618.95;624.95;611.05;621;1053717;0
Газпрнефть;D;20241228;000000;619.1;636;619.1;631.15;1058633;0
Газпрнефть;D;20241230;000000;634.85;666.5;634;657.7;1553087;0
Газпрнефть;D;20250103;000000;659;660.65;630.45;631.9;862791;0
Газпрнефть;D;20250106;000000;630.3;636.6;619;624.1;690922;0
Газпрнефть;D;20250108;000000;624.85;629;618.2;620.9;480220;0
Газпрнефть;D;20250109;000000;620.9;622.95;591.65;593.75;2044253;0
Газпрнефть;D;20250110;000000;596.25;620;560;602.8;15028116;0
Газпрнефть;D;20250113;000000;603.05;609;581;584.1;4466123;0
Газпрнефть;D;20250114;000000;584.1;599.95;577;595.9;2403193;0
Газпрнефть;D;20250115;000000;594;610;591.1;607;2834791;0
Газпрнефть;D;20250116;000000;609.35;615.55;603.35;611.95;1877013;0
Газпрнефть;D;20250117;000000;611.95;617.5;606.25;611.6;1626545;0
Газпрнефть;D;20250120;000000;617;620;601;605.95;1861575;0
Газпрнефть;D;20250121;000000;606;615;596.3;613.9;969848;0
Газпрнефть;D;20250122;000000;612.85;631.5;607.15;621;2176277;0
Газпрнефть;D;20250123;000000;621.6;624.75;611.05;619.7;964100;0
Газпрнефть;D;20250124;000000;620;625.75;611.05;615.25;1030498;0
Газпрнефть;D;20250127;000000;609.15;617.65;601.15;603.2;955652;0
Газпрнефть;D;20250128;000000;603.55;624.5;598.45;622.25;989212;0
Газпрнефть;D;20250129;000000;622.5;625.6;610.6;616.35;1111222;0
Газпрнефть;D;20250130;000000;618.7;630;611.8;629.65;778117;0
Газпрнефть;D;20250131;000000;630.9;639;613.15;618;1796945;0
Газпрнефть;D;20250203;000000;617;618.75;611.45;615;618698;0
Газпрнефть;D;20250204;000000;617;623.7;606;608.9;946775;0
Газпрнефть;D;20250205;000000;611.1;624.95;603;624.25;1217892;0
Газпрнефть;D;20250206;000000;624.25;628;614.05;617.95;952749;0
Газпрнефть;D;20250207;000000;617.95;620.45;606;608.75;1242138;0
Газпрнефть;D;20250210;000000;615.1;615.4;606;607.95;1917690;0
Газпрнефть;D;20250211;000000;609.45;617.5;601.1;616.3;2005280;0
Газпрнефть;D;20250212;000000;618.1;662.1;614;658.2;4766453;0
Газпрнефть;D;20250213;000000;662.5;665.3;629;633.95;3633340;0
Газпрнефть;D;20250214;000000;640;648.45;612;624.3;4950072;0
Газпрнефть;D;20250217;000000;635;648.7;628.15;648.5;3263280;0
Газпрнефть;D;20250218;000000;645.9;655;632.55;637.95;2177129;0
Газпрнефть;D;20250219;000000;642.4;649;634;644;829852;0
Газпрнефть;D;20250220;000000;644.65;661.85;642.7;657.65;1541595;0
Газпрнефть;D;20250221;000000;658;673;645.6;659.2;2991601;0
Газпрнефть;D;20250224;000000;655.8;665;646.2;656;1675279;0
Газпрнефть;D;20250225;000000;657.5;676;650.05;668.55;3258007;0
Газпрнефть;D;20250226;000000;666.7;673.7;645;649;2330537;0
Газпрнефть;D;20250227;000000;649;656;631.9;637.65;1684249;0
Газпрнефть;D;20250228;000000;638;648;625;642.95;1548939;0
Газпрнефть;D;20250303;000000;643.1;645;614.45;628;1818277;0
Газпрнефть;D;20250304;000000;631.35;642;619.2;627.2;2472473;0
Газпрнефть;D;20250305;000000;627.8;630.25;615.9;617.55;1761397;0
Газпрнефть;D;20250306;000000;616.1;625.95;610.45;612.8;1162087;0
Газпрнефть;D;20250307;000000;612.8;618.9;607;610.65;1022208;0
Газпрнефть;D;20250310;000000;612.65;616.85;603.05;604.65;1159906;0
Газпрнефть;D;20250311;000000;605;614;595.05;607.45;1305864;0
Газпрнефть;D;20250312;000000;609.55;611.9;600;606.1;784484;0
Газпрнефть;D;20250313;000000;607.45;611.45;596;605.7;1151738;0
Газпрнефть;D;20250314;000000;603.9;608;600.25;605.95;848547;0
Газпрнефть;D;20250317;000000;610;627.95;609.9;624.5;1476909;0
Газпрнефть;D;20250318;000000;625.9;637.6;618;619.2;1930013;0
Газпрнефть;D;20250319;000000;619.2;631.3;618;627.9;644330;0
Газпрнефть;D;20250320;000000;629;633.9;621.75;626.25;860752;0
Газпрнефть;D;20250321;000000;626.2;628.85;621;623.65;465941;0
Газпрнефть;D;20250324;000000;625;627;607.5;610.7;879709;0
Газпрнефть;D;20250325;000000;613.15;616.5;603.5;611.4;844209;0
Газпрнефть;D;20250326;000000;612;617.3;603.7;608.6;481198;0
Газпрнефть;D;20250327;000000;611.75;611.75;598.2;598.2;682345;0
Газпрнефть;D;20250328;000000;599;599.4;574.5;580.05;2050361;0
Газпрнефть;D;20250331;000000;580.05;595.15;562.65;578.65;1738785;0
Газпрнефть;D;20250401;000000;579;593.1;571.2;583.45;1325000;0
Газпрнефть;D;20250402;000000;577;586.25;568.8;577.8;1135226;0
Газпрнефть;D;20250403;000000;577.9;582.9;562.8;569.25;1035515;0
Газпрнефть;D;20250404;000000;572.5;573.35;540;543.45;1985081;0
Газпрнефть;D;20250407;000000;541.8;553.2;509.05;537;3874959;0
Газпрнефть;D;20250408;000000;537;550.75;521.85;524.35;976955;0
Газпрнефть;D;20250409;000000;524.35;549.45;510;548.5;1954470;0
Газпрнефть;D;20250410;000000;548.5;557.45;534.3;544.05;1419182;0
Газпрнефть;D;20250411;000000;544.05;556.9;538.05;544.45;1394108;0
Газпрнефть;D;20250414;000000;547;556.45;541;545.5;884826;0
Газпрнефть;D;20250415;000000;548.3;550.7;538;540.25;541459;0
Газпрнефть;D;20250416;000000;539.65;554;535;552.65;1006025;0
Газпрнефть;D;20250417;000000;553.2;562.05;542.5;558.75;1233160;0
Газпрнефть;D;20250418;000000;553.9;560;545;549.5;598357;0
Газпрнефть;D;20250421;000000;551.6;561;551.3;557.95;460221;0
Газпрнефть;D;20250422;000000;558.25;567.95;552.3;564.7;852857;0
Газпрнефть;D;20250423;000000;564.95;586.25;554;572.95;1809608;0
Газпрнефть;D;20250424;000000;572.9;580.6;564.3;567.1;1022786;0
Газпрнефть;D;20250425;000000;567.8;580.9;567.8;578;824770;0
Газпрнефть;D;20250428;000000;580;593.95;575.65;580.6;1397703;0
Газпрнефть;D;20250429;000000;582.75;583.55;561.75;561.75;685324;0
Газпрнефть;D;20250430;000000;564.4;564.5;545.1;561.05;1162231;0
Газпрнефть;D;20250502;000000;561.75;562.65;539;539.85;358537;0
Газпрнефть;D;20250505;000000;542.6;552.5;521.05;528.25;1963892;0
Газпрнефть;D;20250506;000000;528.3;536.35;520.15;529.95;999300;0
Газпрнефть;D;20250507;000000;532.75;541.4;528.15;537.65;536297;0
Газпрнефть;D;20250508;000000;537.7;548.8;537.7;543.75;303663;0
Газпрнефть;D;20250512;000000;545.15;562.45;540.1;556.85;583122;0
Газпрнефть;D;20250513;000000;558.7;559.25;551.9;554.05;222354;0
Газпрнефть;D;20250514;000000;554.05;558.25;542.15;544.25;675996;0
Газпрнефть;D;20250515;000000;542.05;552.2;538.4;541.65;460732;0
Газпрнефть;D;20250516;000000;541.75;544.65;532.7;544.5;572421;0
Газпрнефть;D;20250519;000000;544.3;555.85;537.9;539.3;672879;0
Газпрнефть;D;20250520;000000;541.45;542.25;533.4;536.95;546151;0
Газпрнефть;D;20250521;000000;538.55;545.5;533.5;535.35;725095;0
Газпрнефть;D;20250522;000000;535.65;536;522;522.2;829756;0
Газпрнефть;D;20250523;000000;523.5;524.2;512;514.15;857819;0
Газпрнефть;D;20250526;000000;514.55;516.95;500.3;510.7;2572935;0
Газпрнефть;D;20250527;000000;511;523.1;503;522.1;833002;0
Газпрнефть;D;20250528;000000;525.6;535.4;520.15;529.25;937018;0
Газпрнефть;D;20250529;000000;530;531.65;520.3;520.85;770167;0
Газпрнефть;D;20250530;000000;520.85;529.85;518.05;526.55;231258;0
Газпрнефть;D;20250602;000000;529.15;539.45;512.05;533.4;743404;0
Газпрнефть;D;20250603;000000;533.35;544.45;533.35;541;543596;0
Газпрнефть;D;20250604;000000;542;547.6;536.25;541.2;592935;0
Газпрнефть;D;20250605;000000;541.25;552;540.55;546.25;556799;0
Газпрнефть;D;20250606;000000;547.55;552.95;536.3;537.3;560255;0
Газпрнефть;D;20250609;000000;541.35;545;522.3;526.2;973470;0
Газпрнефть;D;20250610;000000;528.65;528.8;508.2;515.15;783229;0
Газпрнефть;D;20250611;000000;516.95;521.3;512.65;520.55;309498;0
Газпрнефть;D;20250613;000000;531.05;543.7;529.8;541.05;1087789;0
Газпрнефть;D;20250616;000000;545.4;556.5;527.8;532.5;2306134;0
Газпрнефть;D;20250617;000000;533.85;543.55;530.7;543.2;989354;0
Газпрнефть;D;20250618;000000;545.5;545.85;534.75;540.6;579834;0
Газпрнефть;D;20250619;000000;541;542.5;535.25;538.65;356637;0
Газпрнефть;D;20250620;000000;538.4;538.95;530.55;532.35;299217;0
Газпрнефть;D;20250623;000000;544;546.9;525.85;527.65;1164556;0
Газпрнефть;D;20250624;000000;527.65;532.55;523;529.45;468781;0
Газпрнефть;D;20250625;000000;530.05;535.4;529.7;531.65;301162;0
Газпрнефть;D;20250626;000000;532.85;543;531.5;538.4;626196;0
Газпрнефть;D;20250627;000000;538.7;542.8;535.65;540.15;659241;0
Газпрнефть;D;20250630;000000;541.55;546;537.7;542.45;453714;0
Газпрнефть;D;20250701;000000;542.8;548.55;538.15;539.65;809696;0
Газпрнефть;D;20250702;000000;539.2;542.5;532;536.2;375524;0
Газпрнефть;D;20250703;000000;536;542.35;534.9;535.05;512434;0
Газпрнефть;D;20250704;000000;535.05;535.95;528.7;529.5;356432;0
Газпрнефть;D;20250707;000000;531.05;531.05;521.3;525.45;816393;0
Газпрнефть;D;20250708;000000;501.75;513.2;501.75;507.5;1498038;0
Газпрнефть;D;20250709;000000;507.5;510.55;500;501.55;953781;0
Газпрнефть;D;20250710;000000;501.55;504.95;495;499.8;709727;0
Газпрнефть;D;20250711;000000;500;500.75;492.05;494.6;779473;0
Газпрнефть;D;20250714;000000;494.55;507;485;503.7;1309466;0
Газпрнефть;D;20250715;000000;503.7;506.8;501.4;502.5;289673;0
Газпрнефть;D;20250716;000000;502.5;510;497.9;508.9;656785;0
Газпрнефть;D;20250717;000000;509.3;514.85;504.1;505;480879;0
Газпрнефть;D;20250718;000000;505;510.8;499.4;508.95;1006696;0
Газпрнефть;D;20250721;000000;508.4;523.1;508.4;517.4;1236864;0
Газпрнефть;D;20250722;000000;517.95;523;515.25;521.4;588640;0
Газпрнефть;D;20250723;000000;521.65;528.5;517;519.85;924537;0
Газпрнефть;D;20250724;000000;520.2;523.55;517;519.15;567344;0
Газпрнефть;D;20250725;000000;519.85;521.85;510.3;512.3;466775;0
Газпрнефть;D;20250728;000000;512.8;515.55;503.4;505.9;725198;0
Газпрнефть;D;20250729;000000;505.85;510;504.4;506.75;468036;0
Газпрнефть;D;20250730;000000;506.85;511.45;502.05;504.25;421230;0
Газпрнефть;D;20250731;000000;504.3;507.55;502.1;505.35;200887;0
Газпрнефть;D;20250801;000000;505.35;510;503.8;506.05;215523;0
Газпрнефть;D;20250804;000000;507.1;514.15;504.15;513.95;798541;0
Газпрнефть;D;20250805;000000;513.95;519.75;509.05;518.55;1209671;0
Газпрнефть;D;20250806;000000;518.4;533.4;510.25;527.1;1359732;0
Газпрнефть;D;20250807;000000;525.9;536.9;522;529.3;1007684;0
Газпрнефть;D;20250808;000000;530;537.45;523;533.55;1032227;0
Газпрнефть;D;20250811;000000;538.4;548.9;534.45;542.3;1577019;0
Газпрнефть;D;20250812;000000;542.35;550;536.4;546.45;675786;0
Газпрнефть;D;20250813;000000;547;547.85;538.85;542.5;695256;0
Газпрнефть;D;20250814;000000;542.8;548.7;540;548.55;775769;0
Газпрнефть;D;20250815;000000;549.9;553.3;545;548.1;995544;0
Газпрнефть;D;20250818;000000;537.65;555;531.4;551.25;1150787;0
Газпрнефть;D;20250819;000000;551.25;553;540.85;541.85;445907;0
Газпрнефть;D;20250820;000000;541.05;548.7;541.05;542.9;601186;0
Газпрнефть;D;20250821;000000;543.5;544.45;529.95;534.75;753646;0
Газпрнефть;D;20250822;000000;534.8;540;532.5;537.7;300072;0
Газпрнефть;D;20250825;000000;539;541.25;524.65;529.95;752472;0
Газпрнефть;D;20250826;000000;529.95;535;526.05;529.85;302222;0
Газпрнефть;D;20250827;000000;530.85;533.7;522;531.85;1298169;0
Газпрнефть;D;20250828;000000;532.95;533;525;527.85;469123;0
Газпрнефть;D;20250829;000000;528;532.3;525;529.25;349929;0
Газпрнефть;D;20250901;000000;528;532.7;520;522.05;874838;0
Газпрнефть;D;20250902;000000;522.2;524.1;511;517.7;678290;0
Газпрнефть;D;20250903;000000;517.8;519.65;513.4;517.7;518947;0
Газпрнефть;D;20250904;000000;518.1;522.65;517.25;520.15;256945;0
Газпрнефть;D;20250905;000000;521.5;526.3;520;522.5;434409;0
Газпрнефть;D;20250908;000000;523.15;539.1;522;534.95;974429;0
Газпрнефть;D;20250909;000000;534.95;536.85;527.8;531.1;678148;0
Газпрнефть;D;20250910;000000;531.5;532.3;526.2;527;600492;0
Газпрнефть;D;20250911;000000;527;531.4;525;529.6;307011;0
Газпрнефть;D;20250912;000000;530.8;532.5;515.4;517.65;495962;0
Газпрнефть;D;20250915;000000;519.5;522;513.85;515.4;309242;0
Газпрнефть;D;20250916;000000;515.4;523.8;511.4;513.55;452075;0
Газпрнефть;D;20250917;000000;513.55;517;509;514.4;570204;0
Газпрнефть;D;20250918;000000;515.55;519.4;511.2;512.5;287154;0
Газпрнефть;D;20250919;000000;512.5;515;502.55;503;593369;0
Газпрнефть;D;20250922;000000;503.05;504.9;487.15;495.6;1442741;0
Газпрнефть;D;20250923;000000;497.8;506;490.45;493;670063;0
Газпрнефть;D;20250924;000000;494;502.6;487.25;499.85;472412;0
Газпрнефть;D;20250925;000000;499.7;502.9;494.4;497.8;372500;0
Газпрнефть;D;20250926;000000;499.15;505;493.1;504.75;520683;0
Газпрнефть;D;20250929;000000;504.05;508.6;496.6;500.1;750012;0
Газпрнефть;D;20250930;000000;500.1;509;495.05;499.1;648931;0
Газпрнефть;D;20251001;000000;498;506.8;495;497.9;938404;0
Газпрнефть;D;20251002;000000;497.05;498.9;488;491;1266667;0
Газпрнефть;D;20251003;000000;490.1;497.2;486.3;490;738246;0
Газпрнефть;D;20251006;000000;491.8;505;486.55;504.5;1571958;0
Газпрнефть;D;20251007;000000;504.4;506.4;501.3;505.35;500934;0
Газпрнефть;D;20251008;000000;505.35;508.8;493;500.05;835080;0
Газпрнефть;D;20251009;000000;500.05;505;486.25;501.5;1593596;0
Газпрнефть;D;20251010;000000;501;507.5;498.5;501;1818922;0
Газпрнефть;D;20251013;000000;489;492.7;475.15;477.45;1753944;0
Газпрнефть;D;20251014;000000;476.5;478.5;460.45;466;1130669;0
Газпрнефть;D;20251015;000000;467;475.8;459;469.3;1073866;0
Газпрнефть;D;20251016;000000;469.05;497.2;465.1;495.3;1390797;0
Газпрнефть;D;20251017;000000;497;498;486.3;487.95;551893;0
Газпрнефть;D;20251020;000000;490;501.5;487.85;498.95;921316;0
Газпрнефть;D;20251021;000000;499.25;500.55;485;492.3;991528;0
Газпрнефть;D;20251022;000000;492.3;496;478.25;482.35;681453;0
Газпрнефть;D;20251023;000000;478;487.15;469.3;485.55;859804;0
Газпрнефть;D;20251024;000000;486.5;489.8;473.55;475.55;615978;0
Газпрнефть;D;20251027;000000;475;476.35;452;459.9;1312130;0
Газпрнефть;D;20251028;000000;459.9;465.7;455;460.5;559339;0
Газпрнефть;D;20251029;000000;461;468.55;456.55;457.65;661234;0
Газпрнефть;D;20251030;000000;458.4;476.2;455.45;471.55;894510;0
Газпрнефть;D;20251031;000000;471.7;473.9;467.65;473.65;464028;0
Газпрнефть;D;20251101;000000;473.65;476;469.1;470.75;168630;0
Газпрнефть;D;20251103;000000;471.8;477.75;471.65;473.4;174739;0
Газпрнефть;D;20251105;000000;472.45;476.45;470.4;474.5;276447;0
Газпрнефть;D;20251106;000000;475;476.9;467.5;470.55;432889;0
Газпрнефть;D;20251107;000000;468.1;498.65;468.1;480.05;716341;0
Газпрнефть;D;20251110;000000;481.05;484.85;472.05;472.65;611570;0
Газпрнефть;D;20251111;000000;473.25;474.55;470.4;472.85;376559;0
Газпрнефть;D;20251112;000000;473.1;473.8;465.9;468.1;341964;0
Газпрнефть;D;20251113;000000;469;471.1;461.8;467.75;467404;0
Газпрнефть;D;20251114;000000;467.05;471.1;465.1;470.8;592107;0
Газпрнефть;D;20251117;000000;472;481;466;466.2;662511;0
Газпрнефть;D;20251118;000000;466.05;479.5;463.8;475.1;461235;0
Газпрнефть;D;20251119;000000;474.6;489.6;467.15;481.95;1308968;0
Газпрнефть;D;20251120;000000;481.95;502.6;478.6;502.5;1807070;0
Газпрнефть;D;20251121;000000;502.5;505;489.5;495.15;872642;0
Газпрнефть;D;20251124;000000;496.15;504.5;487.95;493.1;524740;0
Газпрнефть;D;20251125;000000;493.5;504.3;486.7;501.55;539762;0
Газпрнефть;D;20251126;000000;501.15;502.25;495.25;495.95;261943;0
Газпрнефть;D;20251127;000000;496.85;499.35;480.5;485.7;1116265;0
Газпрнефть;D;20251128;000000;486.6;493.65;483.55;491;412923;0
Газпрнефть;D;20251201;000000;492;498;487.2;495.45;561306;0
Газпрнефть;D;20251202;000000;495.6;496.5;486.2;491.4;283201;0
Газпрнефть;D;20251203;000000;487.5;489.95;482;488;237356;0
Газпрнефть;D;20251204;000000;488;491.65;483.65;484;343485;0
Газпрнефть;D;20251205;000000;484.95;494;483.95;488.95;428869;0
Газпрнефть;D;20251208;000000;488.5;494.35;480;483.5;640088;0
Газпрнефть;D;20251209;000000;484.45;491.95;481.05;489;483490;0
Газпрнефть;D;20251210;000000;490;491.8;487.25;489.55;193756;0
Газпрнефть;D;20251211;000000;490.55;503;489.6;498.05;974066;0
Газпрнефть;D;20251212;000000;499.75;501.45;488.45;488.45;563364;0
Газпрнефть;D;20251215;000000;490.1;498.65;486.9;497.9;523592;0
Газпрнефть;D;20251216;000000;498;503;492;499.05;998142;0
Газпрнефть;D;20251217;000000;499.4;502.6;496.5;499.9;542748;0
Газпрнефть;D;20251218;000000;499.95;502;496;497.9;465471;0
Газпрнефть;D;20251219;000000;497.9;512.5;494.15;506;2228317;0
Газпрнефть;D;20251222;000000;505.65;515;493.1;494.75;784123;0
Газпрнефть;D;20251223;000000;494.75;497.25;488.2;489.3;351919;0
Газпрнефть;D;20251224;000000;490.3;490.75;485.3;487.55;344419;0
Газпрнефть;D;20251225;000000;487.5;488.5;481;482.1;289472;0
Газпрнефть;D;20251226;000000;483;489;483;489;307307;0
Газпрнефть;D;20251229;000000;489.1;498.25;487.6;489.9;1153032;0
Газпрнефть;D;20251230;000000;490.9;494.8;487;488.65;285050;0
Газпрнефть;D;20260105;000000;489.25;489.85;481.5;483.75;308212;0
Газпрнефть;D;20260106;000000;483.3;486.95;482.5;482.5;139844;0
Газпрнефть;D;20260108;000000;480.5;483;471.4;474.85;331477;0
Газпрнефть;D;20260109;000000;474.85;480.8;474.85;479.85;183542;0
Газпрнефть;D;20260112;000000;479.85;486.35;478.95;480.65;290893;0
Газпрнефть;D;20260113;000000;481.6;483.55;478.3;479.15;463803;0
Газпрнефть;D;20260114;000000;479.15;485.65;477.5;481.4;464361;0
Газпрнефть;D;20260115;000000;480.3;488.55;480.15;484.55;447304;0
Газпрнефть;D;20260116;000000;487.15;489.55;484.6;486;259908;0
Газпрнефть;D;20260119;000000;486.7;495.75;484.4;494;870719;0
Газпрнефть;D;20260120;000000;493.5;497.55;490.2;492.75;311756;0
Газпрнефть;D;20260121;000000;493.05;500.9;490.6;497.5;454246;0
Газпрнефть;D;20260122;000000;499.15;506.95;493.3;497.9;840356;0
Газпрнефть;D;20260123;000000;496.95;501.4;494.15;499.95;326625;0
Газпрнефть;D;20260126;000000;499.7;506.6;494;498.9;854422;0
Газпрнефть;D;20260127;000000;499;512.7;499;508.45;830533;0
Газпрнефть;D;20260128;000000;510;512.9;503;503.85;505707;0
Газпрнефть;D;20260129;000000;503.9;517.25;502.95;509.15;1011173;0
Газпрнефть;D;20260130;000000;510.85;510.85;499.6;504.1;710628;0
Газпрнефть;D;20260202;000000;502.95;507.85;497.95;504.6;507022;0
Газпрнефть;D;20260203;000000;504.6;509.1;503.3;506.95;273035;0
Газпрнефть;D;20260204;000000;507;510;502;507.3;305631;0
Газпрнефть;D;20260205;000000;507.5;507.5;497.95;497.95;399657;0
Газпрнефть;D;20260206;000000;498.95;501;494.05;497.3;593208;0
Газпрнефть;D;20260209;000000;497.25;500;487.55;491.2;362882;0
Газпрнефть;D;20260210;000000;491.05;496.25;489.55;492.1;217775;0
Газпрнефть;D;20260211;000000;492.1;495.7;487.15;490.6;653350;0
Газпрнефть;D;20260212;000000;490.55;495.9;490;491.8;341701;0
Газпрнефть;D;20260213;000000;493.5;495.5;489.55;491.8;313510;0
Газпрнефть;D;20260216;000000;491.8;504.8;491.8;503.2;831058;0
Газпрнефть;D;20260217;000000;502.2;505;499.25;501.05;322177;0
Газпрнефть;D;20260218;000000;501.05;502;495.5;500.6;458959;0
Газпрнефть;D;20260219;000000;501.6;506.75;500;501.9;422498;0
Газпрнефть;D;20260220;000000;503.65;509.5;499.95;507.35;400691;0
Газпрнефть;D;20260224;000000;506.1;510.55;501.05;501.5;583350;0
Газпрнефть;D;20260225;000000;501.5;505.5;498.45;505.1;407595;0
Газпрнефть;D;20260226;000000;505.35;506.2;502.1;503.65;160957;0
Газпрнефть;D;20260227;000000;503.65;507.9;500.2;506.5;378149;0
Газпрнефть;D;20260302;000000;507.5;537.9;507.5;535;5756675;0
Газпрнефть;D;20260303;000000;537;545.45;520.25;522;3578559;0
Газпрнефть;D;20260304;000000;523.15;529.5;518.05;519.2;1319362;0
Газпрнефть;D;20260305;000000;520.3;532;520.3;530;1008599;0
Газпрнефть;D;20260306;000000;529.3;542.85;526.5;538;1945198;0
Газпрнефть;D;20260309;000000;560;587.5;545.9;547.75;3499827;0
Газпрнефть;D;20260310;000000;551.2;553.95;530.15;540.15;2014103;0
Газпрнефть;D;20260311;000000;539.4;545.3;535.3;543.05;923983;0
Газпрнефть;D;20260312;000000;551;554.45;544.2;548.35;952192;0
Газпрнефть;D;20260313;000000;549.1;551;540.6;543.9;764071;0
Газпрнефть;D;20260316;000000;544.6;553;535.5;543.5;1373204;0
Газпрнефть;D;20260317;000000;546.9;551.1;541.8;545.4;676487;0
Газпрнефть;D;20260318;000000;545;560;539;558.5;2093849;0
Газпрнефть;D;20260319;000000;560.75;565;552;553.5;1849674;0
Газпрнефть;D;20260320;000000;555;560;548.25;556.95;968534;0
Газпрнефть;D;20260323;000000;559.8;563;532.55;543.95;2026585;0
Газпрнефть;D;20260324;000000;543.2;548.15;538.1;542.55;692133;0
Газпрнефть;D;20260325;000000;539;545.7;537.65;543.85;587424;0
Газпрнефть;D;20260326;000000;543.85;548.05;539;542.15;784854;0
Газпрнефть;D;20260327;000000;539.25;546.45;528.75;534.1;998891;0
Газпрнефть;D;20260330;000000;532.45;542.35;530.1;537.5;523749;0
Газпрнефть;D;20260331;000000;537.8;538;524.1;526.6;755127;0
Газпрнефть;D;20260401;000000;527.35;528.75;520;523.55;599085;0
Газпрнефть;D;20260402;000000;525.95;534.5;525;532;583661;0
Газпрнефть;D;20260403;000000;533.9;535.75;530;532.55;384849;0
Газпрнефть;D;20260406;000000;532.45;540;527.05;534.65;1026404;0
Газпрнефть;D;20260407;000000;533.3;547;533.3;539.35;1099548;0
Газпрнефть;D;20260408;000000;524.5;533;518.65;533;1673873;0
Газпрнефть;D;20260409;000000;534;537.3;525.6;530.35;751834;0
Газпрнефть;D;20260410;000000;531;534.9;523.5;524.75;467428;0
Газпрнефть;D;20260413;000000;524.8;545;521.5;526;1251912;0
Газпрнефть;D;20260414;000000;526;531;522;522.1;481745;0
Газпрнефть;D;20260415;000000;522;525.9;519;525.9;521655;0
Газпрнефть;D;20260416;000000;525;528.8;521.05;522.9;395085;0
Газпрнефть;D;20260417;000000;523.9;527.05;503;511.35;1058136;0
