<TICKER>;<PER>;<DATE>;<TIME>;<OPEN>;<HIGH>;<LOW>;<CLOSE>;<VOL>;<OPENINT>
TATNP;D;20020108;000000;11.43;11.9;11.2;11.4;57100;0
TATNP;D;20020109;000000;11.65;11.8;10.9;11.72;1154300;0
TATNP;D;20020110;000000;11.19;12.05;11.19;12.05;1514900;0
TATNP;D;20020111;000000;11.8;12.7;11.75;12.45;316700;0
TATNP;D;20020114;000000;12.99;12.99;11.66;11.66;108100;0
TATNP;D;20020115;000000;11.4;11.98;11.21;11.98;149100;0
TATNP;D;20020116;000000;11.95;12.3;11.5;11.9;178800;0
TATNP;D;20020117;000000;11.55;12.45;9;11.95;1215200;0
TATNP;D;20020118;000000;12.1;12.19;11.05;12.18;1790600;0
TATNP;D;20020121;000000;11.5;12.18;11.5;12;36100;0
TATNP;D;20020122;000000;12;12.32;12;12.3;167700;0
TATNP;D;20020123;000000;12.3;12.55;12.02;12.02;1724200;0
TATNP;D;20020124;000000;12.12;12.48;11.6;11.6;230200;0
TATNP;D;20020125;000000;11;12;9;11.25;2403200;0
TATNP;D;20020128;000000;11.85;11.85;11;11.46;14700;0
TATNP;D;20020129;000000;11.9;15;11.5;11.81;1716300;0
TATNP;D;20020130;000000;11.85;11.85;11.51;11.58;21600;0
TATNP;D;20020131;000000;11.7;11.8;11.55;11.77;19100;0
TATNP;D;20020201;000000;11.6;11.8;11.5;11.5;234200;0
TATNP;D;20020204;000000;11.5;11.55;11.3;11.55;6900;0
TATNP;D;20020205;000000;11.5;11.5;11.4;11.45;11700;0
TATNP;D;20020206;000000;11.65;11.88;11.65;11.85;123100;0
TATNP;D;20020207;000000;12.2;12.2;11.75;11.85;165000;0
TATNP;D;20020208;000000;11.71;11.98;11.71;11.85;88300;0
TATNP;D;20020211;000000;11.75;11.83;11.75;11.83;37700;0
TATNP;D;20020212;000000;12.3;12.3;11.98;12;197000;0
TATNP;D;20020213;000000;12.1;12.1;11.99;12.05;64300;0
TATNP;D;20020214;000000;11.96;12.24;11.96;12.11;72100;0
TATNP;D;20020215;000000;12.1;12.9;12.1;12.42;237500;0
TATNP;D;20020218;000000;12.35;12.78;12.35;12.55;27700;0
TATNP;D;20020219;000000;12.55;12.55;12.25;12.26;54200;0
TATNP;D;20020220;000000;12.19;12.34;12.1;12.19;54600;0
TATNP;D;20020221;000000;12.29;12.5;12.2;12.3;22200;0
TATNP;D;20020222;000000;12.49;12.56;12.4;12.4;22900;0
TATNP;D;20020226;000000;12.5;12.8;12.1;12.3;67100;0
TATNP;D;20020227;000000;12.49;12.49;12.12;12.2;55400;0
TATNP;D;20020228;000000;12.1;12.34;12.1;12.3;24000;0
TATNP;D;20020301;000000;12.45;12.85;12.2;12.85;308300;0
TATNP;D;20020304;000000;12.99;16;12.82;12.82;288700;0
TATNP;D;20020305;000000;13.1;13.1;12.5;12.95;215700;0
TATNP;D;20020306;000000;13;13;12.71;12.8;54800;0
TATNP;D;20020307;000000;13.1;13.1;12.76;12.95;80600;0
TATNP;D;20020311;000000;13;13.35;12.86;13.2;281600;0
TATNP;D;20020312;000000;13.3;14.12;13.3;13.5;276600;0
TATNP;D;20020313;000000;13.5;14.55;13.5;14.35;747100;0
TATNP;D;20020314;000000;14.4;14.65;14.31;14.55;585900;0
TATNP;D;20020315;000000;14.5;14.75;14.5;14.6;475600;0
TATNP;D;20020318;000000;14.7;15.2;14.5;14.68;331800;0
TATNP;D;20020319;000000;14.4;14.4;14;14.26;147200;0
TATNP;D;20020320;000000;14.1;14.3;14;14;212200;0
TATNP;D;20020321;000000;14;14.2;13.9;14.19;247500;0
TATNP;D;20020322;000000;14.54;14.6;14.2;14.25;144200;0
TATNP;D;20020325;000000;14.11;14.79;14.11;14.42;635700;0
TATNP;D;20020326;000000;14.79;16.8;14.79;15;517700;0
TATNP;D;20020327;000000;14.93;15.2;14.93;15.1;330500;0
TATNP;D;20020328;000000;15.39;15.78;15.35;15.77;497000;0
TATNP;D;20020329;000000;15.61;16.75;15.6;15.9;387100;0
TATNP;D;20020401;000000;16;16;15.71;15.97;133600;0
TATNP;D;20020402;000000;15.36;15.4;15.11;15.18;107800;0
TATNP;D;20020403;000000;15.26;15.45;15.05;15.45;174900;0
TATNP;D;20020404;000000;15.22;15.4;15.14;15.17;123700;0
TATNP;D;20020405;000000;15.25;15.3;15.03;15.03;66800;0
TATNP;D;20020408;000000;15.2;15.6;14.96;15.6;279200;0
TATNP;D;20020409;000000;15.56;15.94;15.56;15.9;536600;0
TATNP;D;20020410;000000;15.74;15.95;15.7;15.84;147300;0
TATNP;D;20020411;000000;15.89;15.89;15.35;15.84;206600;0
TATNP;D;20020412;000000;15.7;16.79;15.7;16;480500;0
TATNP;D;20020415;000000;16.1;16.14;15.76;16.1;312600;0
TATNP;D;20020416;000000;16.2;16.3;15.9;16;273600;0
TATNP;D;20020417;000000;16.25;16.29;16.01;16.18;304900;0
TATNP;D;20020418;000000;16.09;16.5;16.09;16.49;483600;0
TATNP;D;20020419;000000;16.5;16.86;16.42;16.86;645300;0
TATNP;D;20020422;000000;17;17.08;16.51;16.63;245200;0
TATNP;D;20020423;000000;16.41;16.9;16.25;16.7;218800;0
TATNP;D;20020424;000000;16.7;17.1;16.7;17.09;366700;0
TATNP;D;20020425;000000;17;17.44;17;17.37;701100;0
TATNP;D;20020426;000000;17.49;18.3;17.49;18.05;454500;0
TATNP;D;20020427;000000;18;19.69;18;18.98;746400;0
TATNP;D;20020429;000000;19.49;19.5;18.72;18.98;272000;0
TATNP;D;20020430;000000;19.04;19.09;18.6;18.76;95000;0
TATNP;D;20020506;000000;19.14;19.14;17.93;18.8;116500;0
TATNP;D;20020507;000000;18.41;18.8;17.05;17.7;190100;0
TATNP;D;20020508;000000;17.6;18.6;17.6;18.49;314700;0
TATNP;D;20020513;000000;16.25;17.9;16.25;17.25;124900;0
TATNP;D;20020514;000000;20.62;20.62;17.3;17.76;404500;0
TATNP;D;20020515;000000;17.99;18.5;17.87;18.22;424000;0
TATNP;D;20020516;000000;18;18.97;18;18.64;1046000;0
TATNP;D;20020517;000000;18.88;19;18.7;18.7;218200;0
TATNP;D;20020518;000000;18.9;18.98;18.65;18.8;85600;0
TATNP;D;20020520;000000;18.85;19.35;18.75;19.2;749900;0
TATNP;D;20020521;000000;19;19.5;18.8;18.88;216000;0
TATNP;D;20020522;000000;18.8;18.8;18;18.17;222400;0
TATNP;D;20020523;000000;18.4;18.78;18.01;18.18;439500;0
TATNP;D;20020524;000000;18;18;17.5;17.79;171700;0
TATNP;D;20020527;000000;21.24;21.24;17.51;17.7;115400;0
TATNP;D;20020528;000000;17.99;17.99;16.9;17.15;152600;0
TATNP;D;20020529;000000;16.8;17;16.15;16.15;156700;0
TATNP;D;20020530;000000;16.49;16.5;15.3;16;140600;0
TATNP;D;20020531;000000;15.5;16;15.2;15.9;60200;0
TATNP;D;20020603;000000;16;16;15.51;15.51;84700;0
TATNP;D;20020604;000000;15.52;15.52;15.17;15.2;49200;0
TATNP;D;20020605;000000;16;16;15.01;15.84;139700;0
TATNP;D;20020606;000000;15.8;16;15.75;16;38300;0
TATNP;D;20020607;000000;16;16;15.26;15.84;20500;0
TATNP;D;20020610;000000;15.6;16;15.6;15.68;209600;0
TATNP;D;20020611;000000;16.45;16.45;15.61;15.97;158200;0
TATNP;D;20020613;000000;15.7;16.3;15.7;15.7;192000;0
TATNP;D;20020614;000000;15.8;15.8;15.11;15.45;129400;0
TATNP;D;20020617;000000;15.93;15.93;15.11;15.12;61400;0
TATNP;D;20020618;000000;15.12;15.39;14.71;14.99;144400;0
TATNP;D;20020619;000000;15.3;15.3;13.95;14.25;61400;0
TATNP;D;20020620;000000;13.9;14.2;13.31;13.85;162500;0
TATNP;D;20020621;000000;13.7;14.69;13.14;14.43;191800;0
TATNP;D;20020624;000000;13.9;14.47;13.75;14.2;83700;0
TATNP;D;20020625;000000;14.25;14.25;14;14.1;161400;0
TATNP;D;20020626;000000;14.2;14.2;13.4;13.67;55700;0
TATNP;D;20020627;000000;13.98;13.98;13.46;13.77;81100;0
TATNP;D;20020628;000000;13.88;14.18;13.5;13.85;50600;0
TATNP;D;20020701;000000;13.8;14.19;13.55;14.18;258900;0
TATNP;D;20020702;000000;13.89;14;13.63;13.65;109400;0
TATNP;D;20020703;000000;13.7;13.98;13.5;13.95;70100;0
TATNP;D;20020704;000000;14.1;14.33;13.96;14.06;82200;0
TATNP;D;20020705;000000;14;14.5;14;14.4;311600;0
TATNP;D;20020708;000000;13.72;14.5;13.72;14.35;56300;0
TATNP;D;20020709;000000;13.64;14.3;13.64;14.1;36100;0
TATNP;D;20020710;000000;14.19;14.19;7.7;14.09;140900;0
TATNP;D;20020711;000000;14.28;14.28;13.76;14;7600;0
TATNP;D;20020712;000000;14.19;14.19;13.8;13.85;12400;0
TATNP;D;20020715;000000;13.67;13.94;13.67;13.7;21900;0
TATNP;D;20020716;000000;13.5;13.7;13.36;13.5;37600;0
TATNP;D;20020717;000000;13.5;14.1;13.2;14.05;87900;0
TATNP;D;20020718;000000;14;14.18;13.96;14;37900;0
TATNP;D;20020719;000000;13.9;13.9;13.5;13.6;28200;0
TATNP;D;20020722;000000;13.54;13.54;13.2;13.4;29200;0
TATNP;D;20020723;000000;13.34;13.4;12.91;13.4;45400;0
TATNP;D;20020724;000000;13.01;13.22;12.53;12.56;51400;0
TATNP;D;20020725;000000;12.9;13.17;12.51;13;41400;0
TATNP;D;20020726;000000;12.9;12.9;12.39;12.8;11500;0
TATNP;D;20020729;000000;13.15;13.15;12.24;12.99;24700;0
TATNP;D;20020730;000000;13;13.4;12.61;12.61;8600;0
TATNP;D;20020731;000000;12.98;12.98;12.1;12.2;9300;0
TATNP;D;20020801;000000;12.7;12.7;12.21;12.4;5900;0
TATNP;D;20020802;000000;13;13;12.05;12.4;54800;0
TATNP;D;20020805;000000;12.75;12.75;11.81;12;51600;0
TATNP;D;20020806;000000;12.13;12.13;11.47;12;74600;0
TATNP;D;20020807;000000;12.3;12.3;11.8;11.99;25000;0
TATNP;D;20020808;000000;11.41;12.09;11.41;12;41000;0
TATNP;D;20020809;000000;12.07;12.07;11.64;11.94;3300;0
TATNP;D;20020812;000000;12.02;12.02;11.8;11.8;6400;0
TATNP;D;20020813;000000;12;12.38;11.88;12.09;41800;0
TATNP;D;20020814;000000;12;12.35;11.99;12.35;110800;0
TATNP;D;20020815;000000;12.25;12.5;12.1;12.28;75700;0
TATNP;D;20020816;000000;12.36;12.36;12.1;12.25;20000;0
TATNP;D;20020819;000000;12.29;12.68;12.06;12.48;61500;0
TATNP;D;20020820;000000;12.78;12.78;12.12;12.3;122000;0
TATNP;D;20020821;000000;12.34;12.69;12.21;12.51;156400;0
TATNP;D;20020822;000000;12.74;13.12;12.67;12.8;149600;0
TATNP;D;20020823;000000;12.94;12.94;12.57;12.65;47600;0
TATNP;D;20020826;000000;12.73;12.77;12.6;12.65;23100;0
TATNP;D;20020827;000000;12.84;12.89;12.56;12.85;61900;0
TATNP;D;20020828;000000;12.65;12.75;12.56;12.65;93300;0
TATNP;D;20020829;000000;12.68;12.68;12.25;12.47;56700;0
TATNP;D;20020830;000000;12.58;12.79;12.31;12.73;151700;0
TATNP;D;20020902;000000;12.69;12.69;12.36;12.45;16200;0
TATNP;D;20020903;000000;12.59;12.59;12.3;12.47;13000;0
TATNP;D;20020904;000000;12.44;12.68;12.06;12.68;110900;0
TATNP;D;20020905;000000;12.6;12.99;12.6;12.6;72000;0
TATNP;D;20020906;000000;12.85;13.08;12.5;13.04;130300;0
TATNP;D;20020909;000000;13.17;13.45;13.01;13.4;277500;0
TATNP;D;20020910;000000;13.6;14.43;13.5;14.3;750500;0
TATNP;D;20020911;000000;14.3;14.48;14.04;14.47;295400;0
TATNP;D;20020912;000000;14.46;14.78;14.17;14.4;537200;0
TATNP;D;20020913;000000;14.2;14.47;14.1;14.1;43500;0
TATNP;D;20020916;000000;14.3;14.66;14.17;14.59;119300;0
TATNP;D;20020917;000000;14.6;15;14.42;14.42;349100;0
TATNP;D;20020918;000000;14.25;14.3;13.77;14.26;251200;0
TATNP;D;20020919;000000;14.06;14.31;13.95;14.2;163300;0
TATNP;D;20020920;000000;14.02;14.4;13.95;14.35;236500;0
TATNP;D;20020923;000000;14.23;14.59;14.11;14.3;256200;0
TATNP;D;20020924;000000;14.2;14.29;14.1;14.29;112300;0
TATNP;D;20020925;000000;14.2;14.4;14.13;14.25;149900;0
TATNP;D;20020926;000000;14.35;14.65;14.25;14.3;185200;0
TATNP;D;20020927;000000;14.01;14.4;13.01;14.13;40100;0
TATNP;D;20020930;000000;14.1;14.15;14;14;22100;0
TATNP;D;20021001;000000;13.81;14.25;13.81;14.15;255900;0
TATNP;D;20021002;000000;14.35;14.4;14.07;14.17;223400;0
TATNP;D;20021003;000000;14.22;14.6;14.22;14.55;442600;0
TATNP;D;20021004;000000;14.4;14.56;14.32;14.45;73400;0
TATNP;D;20021007;000000;14.26;14.57;14.2;14.49;331300;0
TATNP;D;20021008;000000;14.37;14.74;14.3;14.35;121700;0
TATNP;D;20021009;000000;14.3;14.3;14.02;14.02;40500;0
TATNP;D;20021010;000000;14.2;14.23;14.03;14.23;40900;0
TATNP;D;20021011;000000;14.2;14.38;14.2;14.26;34200;0
TATNP;D;20021014;000000;14.36;14.36;14.05;14.05;10400;0
TATNP;D;20021015;000000;14.28;14.69;14.28;14.63;310600;0
TATNP;D;20021016;000000;14.4;15;14.4;14.82;540900;0
TATNP;D;20021017;000000;14.85;15.12;14.85;14.95;304500;0
TATNP;D;20021018;000000;15.1;15.25;14.7;14.75;276200;0
TATNP;D;20021021;000000;14.6;14.8;14.6;14.61;46300;0
TATNP;D;20021022;000000;14.79;14.79;14.5;14.68;82100;0
TATNP;D;20021023;000000;14.5;14.98;14.5;14.86;248600;0
TATNP;D;20021024;000000;14.7;15;14.65;14.65;156700;0
TATNP;D;20021025;000000;14.65;14.75;14.55;14.75;65400;0
TATNP;D;20021028;000000;14.8;15.2;14.67;15.1;280300;0
TATNP;D;20021029;000000;15.17;15.3;14.86;14.86;350700;0
TATNP;D;20021030;000000;14.89;15.3;14.65;15.25;289200;0
TATNP;D;20021031;000000;15.05;15.9;14.99;15.45;486400;0
TATNP;D;20021101;000000;15.35;15.5;15.01;15.1;124600;0
TATNP;D;20021104;000000;15.2;15.47;14.85;14.85;77600;0
TATNP;D;20021105;000000;15;15.34;14.75;15;198200;0
TATNP;D;20021106;000000;14.73;15;14.6;15;136200;0
TATNP;D;20021110;000000;14.65;14.98;14.35;14.7;214700;0
TATNP;D;20021111;000000;14.7;15;14.5;14.98;275100;0
TATNP;D;20021112;000000;14.95;15.03;14.8;14.92;170100;0
TATNP;D;20021113;000000;14.95;14.97;14.75;14.82;119500;0
TATNP;D;20021114;000000;14.85;14.93;14.62;14.7;238400;0
TATNP;D;20021115;000000;14.62;14.84;14.6;14.7;254900;0
TATNP;D;20021118;000000;14.81;14.99;14.7;14.8;152600;0
TATNP;D;20021119;000000;14.71;14.79;14.62;14.79;29000;0
TATNP;D;20021120;000000;14.6;14.71;14.6;14.6;20300;0
TATNP;D;20021121;000000;14.6;14.72;14.51;14.72;75100;0
TATNP;D;20021122;000000;14.76;14.79;14.58;14.69;43600;0
TATNP;D;20021125;000000;14.6;14.69;14.5;14.6;21200;0
TATNP;D;20021126;000000;14.5;14.68;14.46;14.52;29400;0
TATNP;D;20021127;000000;14.53;14.55;14.45;14.53;70900;0
TATNP;D;20021128;000000;14.53;14.6;14.45;14.58;7500;0
TATNP;D;20021129;000000;14.6;14.69;14.59;14.66;40200;0
TATNP;D;20021202;000000;14.5;14.9;14.5;14.78;207400;0
TATNP;D;20021203;000000;14.6;14.61;14.5;14.61;38000;0
TATNP;D;20021204;000000;14.4;14.49;14.22;14.3;107800;0
TATNP;D;20021205;000000;14.38;14.45;14.17;14.25;55700;0
TATNP;D;20021206;000000;14.23;14.34;14.15;14.16;16900;0
TATNP;D;20021209;000000;14.02;14.2;14.02;14.15;55200;0
TATNP;D;20021210;000000;14.08;14.08;13.92;13.92;317300;0
TATNP;D;20021211;000000;13.9;14.07;13.8;13.93;87100;0
TATNP;D;20021215;000000;13.95;14.04;13.71;14.03;43500;0
TATNP;D;20021216;000000;13.9;14.06;13.9;14.06;46800;0
TATNP;D;20021217;000000;14;14.25;13.96;14.1;542000;0
TATNP;D;20021218;000000;14.07;14.19;13.92;14;60100;0
TATNP;D;20021219;000000;13.99;14.25;13.5;14.12;558400;0
TATNP;D;20021220;000000;14.2;14.29;13.5;14.08;59400;0
TATNP;D;20021223;000000;13.85;14.08;13.85;13.94;60600;0
TATNP;D;20021224;000000;13.91;14.14;13.8;14.13;175700;0
TATNP;D;20021225;000000;14.05;14.59;14;14.53;300200;0
TATNP;D;20021226;000000;14.3;14.5;14.25;14.4;70300;0
TATNP;D;20021227;000000;14.2;14.48;14.2;14.3;84100;0
TATNP;D;20021230;000000;14.4;14.48;14.11;14.46;198100;0
TATNP;D;20021231;000000;14.46;14.46;14.03;14.03;29300;0
TATNP;D;20030104;000000;14.48;14.7;14.35;14.67;70900;0
TATNP;D;20030105;000000;14.27;14.7;14.27;14.5;14300;0
TATNP;D;20030108;000000;14.68;14.68;14.25;14.54;137600;0
TATNP;D;20030109;000000;14.5;14.75;14.5;14.75;144600;0
TATNP;D;20030110;000000;14.8;14.8;14.46;14.49;193100;0
TATNP;D;20030113;000000;14.65;14.65;14.4;14.4;36900;0
TATNP;D;20030114;000000;14.54;14.54;14.3;14.4;44300;0
TATNP;D;20030115;000000;14.3;14.4;14.3;14.34;27600;0
TATNP;D;20030116;000000;14.3;14.31;14.14;14.2;67000;0
TATNP;D;20030117;000000;14.2;14.3;13.94;14.01;247900;0
TATNP;D;20030120;000000;14.28;14.3;14.16;14.2;15800;0
TATNP;D;20030121;000000;14.35;14.35;13.63;13.85;257300;0
TATNP;D;20030122;000000;14.2;14.2;13.6;13.83;258900;0
TATNP;D;20030123;000000;14;14;13.7;13.89;76300;0
TATNP;D;20030124;000000;13.99;14.08;13.8;14;109300;0
TATNP;D;20030127;000000;14.02;14.05;13.8;13.98;141000;0
TATNP;D;20030128;000000;14.03;14.18;13.96;14;224700;0
TATNP;D;20030129;000000;14.15;14.15;13.9;14.03;72700;0
TATNP;D;20030130;000000;13.92;14.53;13.92;14.4;664200;0
TATNP;D;20030131;000000;14.4;14.4;14.21;14.25;375400;0
TATNP;D;20030203;000000;14.3;14.45;14.3;14.39;207500;0
TATNP;D;20030204;000000;14.3;14.48;14.15;14.2;566200;0
TATNP;D;20030205;000000;14.19;14.35;14.14;14.3;94400;0
TATNP;D;20030206;000000;14.3;14.41;14.25;14.26;113100;0
TATNP;D;20030207;000000;14.48;14.48;14.28;14.28;128300;0
TATNP;D;20030210;000000;14.34;14.49;14.3;14.3;39500;0
TATNP;D;20030211;000000;14.43;14.68;14.35;14.68;589900;0
TATNP;D;20030212;000000;14.68;14.85;14.52;14.69;339000;0
TATNP;D;20030213;000000;14.75;14.96;14.45;14.88;260200;0
TATNP;D;20030214;000000;14.97;15.2;14.82;15.07;491000;0
TATNP;D;20030217;000000;15.19;15.2;15.06;15.08;135200;0
TATNP;D;20030218;000000;15.13;15.2;15.04;15.1;477500;0
TATNP;D;20030219;000000;14.97;15.15;14.97;15.15;397300;0
TATNP;D;20030220;000000;15.42;15.42;15.02;15.22;452500;0
TATNP;D;20030221;000000;15.33;15.41;15.24;15.29;554600;0
TATNP;D;20030225;000000;15.34;15.5;15.25;15.3;538000;0
TATNP;D;20030226;000000;15.27;15.4;15.27;15.31;232600;0
TATNP;D;20030227;000000;15.3;15.44;15.3;15.44;627600;0
TATNP;D;20030228;000000;15.41;15.56;15.38;15.45;951900;0
TATNP;D;20030303;000000;15.5;15.62;15.41;15.62;335000;0
TATNP;D;20030304;000000;15.66;15.66;15.4;15.53;82300;0
TATNP;D;20030305;000000;15.5;15.94;15.45;15.92;307000;0
TATNP;D;20030306;000000;15.95;16.57;15.9;16.57;509400;0
TATNP;D;20030307;000000;16.81;17.36;16.6;17.15;707600;0
TATNP;D;20030311;000000;16.95;16.95;16.35;16.45;162200;0
TATNP;D;20030312;000000;16.88;16.89;16.2;16.2;276700;0
TATNP;D;20030313;000000;16.25;16.4;16.1;16.22;164500;0
TATNP;D;20030314;000000;16.2;16.2;15.8;15.9;92400;0
TATNP;D;20030317;000000;15.82;15.95;15;15.25;210000;0
TATNP;D;20030318;000000;15.2;15.4;14.71;15;345800;0
TATNP;D;20030319;000000;15.08;15.35;15;15.15;308500;0
TATNP;D;20030320;000000;15.1;15.28;15.05;15.11;100400;0
TATNP;D;20030321;000000;15.25;15.5;15.11;15.5;158700;0
TATNP;D;20030324;000000;15.59;15.59;14.94;14.94;161400;0
TATNP;D;20030325;000000;15.2;15.2;15.01;15.1;58100;0
TATNP;D;20030326;000000;15.06;15.14;14.94;15.1;93200;0
TATNP;D;20030327;000000;15.02;15.18;15;15.09;209600;0
TATNP;D;20030328;000000;15.1;15.1;14.9;15.02;65100;0
TATNP;D;20030331;000000;15.11;15.11;14.75;14.79;180500;0
TATNP;D;20030401;000000;15;15;14.88;14.88;50800;0
TATNP;D;20030402;000000;15;15.2;14.89;15.2;321200;0
TATNP;D;20030403;000000;15.1;15.15;14.87;14.9;98600;0
TATNP;D;20030404;000000;14.95;14.99;14.86;14.9;65800;0
TATNP;D;20030407;000000;15;15;14.9;14.9;75800;0
TATNP;D;20030408;000000;14.95;15.07;14.9;15.04;97000;0
TATNP;D;20030409;000000;14.85;15.04;14.85;14.9;97000;0
TATNP;D;20030410;000000;14.89;15;14.89;14.92;73500;0
TATNP;D;20030411;000000;15.02;15.25;15;15.16;451600;0
TATNP;D;20030414;000000;15.18;15.39;15.18;15.36;197900;0
TATNP;D;20030415;000000;15.5;15.88;15.38;15.83;501600;0
TATNP;D;20030416;000000;16;16;15.56;15.8;207300;0
TATNP;D;20030417;000000;15.7;15.8;15.63;15.75;96100;0
TATNP;D;20030418;000000;15.8;16.5;15.74;16.3;983700;0
TATNP;D;20030421;000000;16.4;16.97;16.11;16.3;623500;0
TATNP;D;20030422;000000;16.3;16.47;16.02;16.2;128700;0
TATNP;D;20030423;000000;16.43;16.43;15.98;16.2;194000;0
TATNP;D;20030424;000000;16.08;16.3;15.99;16.18;274500;0
TATNP;D;20030425;000000;16.11;16.15;15.95;16;114100;0
TATNP;D;20030428;000000;15.99;16.29;15.9;16.19;452500;0
TATNP;D;20030429;000000;16.32;16.4;16;16;124600;0
TATNP;D;20030430;000000;15.85;16.08;15.77;15.99;263700;0
TATNP;D;20030505;000000;16.03;16.44;15.82;16.16;253500;0
TATNP;D;20030506;000000;16.2;16.39;16.11;16.39;235400;0
TATNP;D;20030507;000000;16.3;16.89;16.2;16.59;722600;0
TATNP;D;20030508;000000;16.5;16.6;16.32;16.48;678100;0
TATNP;D;20030512;000000;15.95;16;15.7;15.9;539200;0
TATNP;D;20030513;000000;15.57;15.98;15.3;15.42;619900;0
TATNP;D;20030514;000000;15.42;15.45;15.24;15.34;203800;0
TATNP;D;20030515;000000;15.35;15.8;15.31;15.5;489800;0
TATNP;D;20030516;000000;15.75;16;15.35;15.8;477900;0
TATNP;D;20030519;000000;15.6;16.15;15.6;15.89;417800;0
TATNP;D;20030520;000000;15.99;15.99;15.43;15.55;253000;0
TATNP;D;20030521;000000;15.55;15.7;15.27;15.55;420800;0
TATNP;D;20030522;000000;15.58;15.9;15.53;15.89;538700;0
TATNP;D;20030523;000000;17.12;17.12;15.65;16.2;1362600;0
TATNP;D;20030526;000000;16.3;16.9;16;16.8;1694300;0
TATNP;D;20030527;000000;17;17.3;16.45;16.6;469900;0
TATNP;D;20030528;000000;16.8;16.8;16.47;16.65;462000;0
TATNP;D;20030529;000000;16.15;16.6;16.1;16.26;432500;0
TATNP;D;20030530;000000;16.05;16.54;15.9;15.97;511100;0
TATNP;D;20030602;000000;15.8;16.1;15.76;15.95;276800;0
TATNP;D;20030603;000000;17.3;17.3;15.87;16.36;415400;0
TATNP;D;20030604;000000;16.35;16.5;16.26;16.47;524600;0
TATNP;D;20030605;000000;15.21;16.7;15.21;16.08;866700;0
TATNP;D;20030606;000000;16.73;16.73;15.85;16.38;476500;0
TATNP;D;20030609;000000;16.02;16.55;16.01;16.37;192300;0
TATNP;D;20030610;000000;16.11;16.25;15.82;15.82;481400;0
TATNP;D;20030611;000000;14.81;16.05;14.81;16.03;245000;0
TATNP;D;20030616;000000;16.1;17;16.1;16.74;1745400;0
TATNP;D;20030617;000000;16.99;16.99;16.5;16.85;1242800;0
TATNP;D;20030618;000000;16.89;17.03;16.22;16.48;994100;0
TATNP;D;20030619;000000;16.26;16.4;15.82;15.95;355400;0
TATNP;D;20030620;000000;15.95;16.08;15.56;15.94;325500;0
TATNP;D;20030621;000000;15.9;16.1;15.12;15.25;505400;0
TATNP;D;20030623;000000;15.4;15.68;15.4;15.5;259200;0
TATNP;D;20030624;000000;15.59;15.59;15.3;15.36;90400;0
TATNP;D;20030625;000000;15.3;15.78;15.21;15.75;332800;0
TATNP;D;20030626;000000;15.86;15.86;15.36;15.44;218000;0
TATNP;D;20030627;000000;15.36;15.5;14.9;15.38;535100;0
TATNP;D;20030630;000000;15.37;15.4;15.25;15.37;22900;0
TATNP;D;20030701;000000;15.45;15.45;15.08;15.11;337700;0
TATNP;D;20030702;000000;15.03;15.3;15.02;15.18;233200;0
TATNP;D;20030703;000000;15.03;15.48;15;15.48;269600;0
TATNP;D;20030704;000000;15.48;15.5;15.3;15.4;106400;0
TATNP;D;20030707;000000;15.35;15.54;15.32;15.35;277200;0
TATNP;D;20030708;000000;15.41;15.41;15.21;15.21;406300;0
TATNP;D;20030709;000000;15.16;15.2;14.75;14.86;489900;0
TATNP;D;20030710;000000;14.81;15;14.55;14.55;271900;0
TATNP;D;20030711;000000;14.46;14.6;14.16;14.4;442800;0
TATNP;D;20030714;000000;14.3;14.64;14.3;14.55;144300;0
TATNP;D;20030715;000000;14.55;14.66;14.31;14.58;67500;0
TATNP;D;20030716;000000;14.45;14.5;13.86;14;246300;0
TATNP;D;20030717;000000;13.9;14;13.56;13.89;294200;0
TATNP;D;20030718;000000;13.9;14.15;13.65;14;315800;0
TATNP;D;20030721;000000;13.81;14.1;13.81;14;76600;0
TATNP;D;20030722;000000;14;14.1;13.82;14.05;64000;0
TATNP;D;20030723;000000;14;14.08;13.95;13.96;77700;0
TATNP;D;20030724;000000;14.05;14.12;14;14.12;41200;0
TATNP;D;20030725;000000;14.05;14.38;14.05;14.2;54900;0
TATNP;D;20030728;000000;14.2;14.2;14;14.05;189200;0
TATNP;D;20030729;000000;14;14.05;13.81;13.86;242800;0
TATNP;D;20030730;000000;14;14.04;13.9;13.95;14600;0
TATNP;D;20030731;000000;13.93;14.1;13.93;14.09;116200;0
TATNP;D;20030801;000000;14.01;14.01;13.81;13.92;106600;0
TATNP;D;20030804;000000;13.95;14;13.85;13.86;25900;0
TATNP;D;20030805;000000;13.9;13.94;13.8;13.93;36600;0
TATNP;D;20030806;000000;13.83;13.95;13.83;13.95;27300;0
TATNP;D;20030807;000000;13.9;13.95;13.83;13.94;26900;0
TATNP;D;20030808;000000;13.9;14;13.9;14;25100;0
TATNP;D;20030811;000000;14;14.17;14;14.17;51500;0
TATNP;D;20030812;000000;14.17;14.45;14.12;14.39;171800;0
TATNP;D;20030813;000000;14.36;14.6;14.32;14.4;149600;0
TATNP;D;20030814;000000;14.4;14.59;14.35;14.48;77700;0
TATNP;D;20030815;000000;14.43;14.7;14.42;14.7;236800;0
TATNP;D;20030818;000000;14.7;15.45;14.7;15.45;434800;0
TATNP;D;20030819;000000;15.46;15.5;15.2;15.22;439900;0
TATNP;D;20030820;000000;15.15;15.32;14.65;15.2;420900;0
TATNP;D;20030821;000000;15.22;15.65;15.22;15.64;247100;0
TATNP;D;20030822;000000;15.61;15.92;15.5;15.9;393300;0
TATNP;D;20030825;000000;15.5;16;15.5;15.9;212500;0
TATNP;D;20030826;000000;15.9;15.98;15.26;15.68;280000;0
TATNP;D;20030827;000000;15.6;16.1;15.6;15.94;174900;0
TATNP;D;20030828;000000;16;16.75;15.9;16.57;1112500;0
TATNP;D;20030829;000000;16.57;17.67;16.57;17.5;1416900;0
TATNP;D;20030901;000000;17.31;17.75;17.3;17.31;539400;0
TATNP;D;20030902;000000;17.15;17.65;17.13;17.5;562300;0
TATNP;D;20030903;000000;17.45;17.64;16.9;17.19;466200;0
TATNP;D;20030904;000000;17.1;17.45;17;17.35;567900;0
TATNP;D;20030905;000000;17.35;17.35;16.9;17.02;155300;0
TATNP;D;20030908;000000;17.2;17.2;17;17.01;133000;0
TATNP;D;20030909;000000;17.15;17.45;17.15;17.21;206200;0
TATNP;D;20030910;000000;17.06;17.29;16.9;17.29;128300;0
TATNP;D;20030911;000000;17.36;17.4;17.1;17.28;63016;0
TATNP;D;20030912;000000;17.01;17.23;17;17.23;151300;0
TATNP;D;20030915;000000;17.28;17.4;17.16;17.35;113700;0
TATNP;D;20030916;000000;17.18;17.65;17.18;17.4;353100;0
TATNP;D;20030917;000000;17.65;17.7;17.35;17.56;465400;0
TATNP;D;20030918;000000;17.5;17.65;17.5;17.5;149700;0
TATNP;D;20030919;000000;17.24;17.4;17;17.22;241900;0
TATNP;D;20030922;000000;17.05;17.05;16.9;16.95;50800;0
TATNP;D;20030923;000000;16.94;17.45;16.85;17.24;100100;0
TATNP;D;20030924;000000;17.23;17.45;17.1;17.3;62500;0
TATNP;D;20030925;000000;17.3;17.95;17.3;17.8;522600;0
TATNP;D;20030926;000000;17.9;17.9;17.62;17.85;66900;0
TATNP;D;20030929;000000;17.63;18.15;17.5;18.1;416100;0
TATNP;D;20030930;000000;18.1;18.2;17.6;18;407600;0
TATNP;D;20031001;000000;17.87;18.8;17.75;18.59;433800;0
TATNP;D;20031002;000000;18.63;19;18.5;18.94;369300;0
TATNP;D;20031003;000000;19.05;19.45;18.65;18.7;611900;0
TATNP;D;20031006;000000;18.9;19.3;18.67;19.01;185800;0
TATNP;D;20031007;000000;19.1;19.62;19.05;19.12;261800;0
TATNP;D;20031008;000000;19.5;19.98;18.9;19.98;360100;0
TATNP;D;20031009;000000;20;20.3;19.52;19.7;333100;0
TATNP;D;20031010;000000;19.6;19.95;19.15;19.5;401700;0
TATNP;D;20031013;000000;19.65;19.75;19.5;19.75;65100;0
TATNP;D;20031014;000000;19.77;20.28;19.77;19.8;330000;0
TATNP;D;20031015;000000;19.99;19.99;19.48;19.6;170300;0
TATNP;D;20031016;000000;19.98;20.15;19.5;20.15;372800;0
TATNP;D;20031017;000000;20.2;21.5;20.15;21.3;847400;0
TATNP;D;20031020;000000;21.5;22.66;21.2;22;686800;0
TATNP;D;20031021;000000;22.2;22.2;20.11;20.74;419700;0
TATNP;D;20031022;000000;20.21;20.6;19.32;19.32;447400;0
TATNP;D;20031023;000000;19.14;19.7;19.14;19.45;23200;0
TATNP;D;20031024;000000;19.45;19.8;19.45;19.5;187300;0
TATNP;D;20031027;000000;18;18.88;16.7;18.19;226100;0
TATNP;D;20031028;000000;18.15;19;17.85;18.41;332300;0
TATNP;D;20031029;000000;18.11;18.88;17.7;18.11;266900;0
TATNP;D;20031030;000000;18;18;16.65;17;437000;0
TATNP;D;20031031;000000;16.65;17.5;16.65;17.34;210200;0
TATNP;D;20031103;000000;17.69;18.2;17.4;18.2;303700;0
TATNP;D;20031104;000000;18.26;18.44;17.8;17.8;165900;0
TATNP;D;20031105;000000;17.81;18;17.6;17.82;82700;0
TATNP;D;20031106;000000;17.7;17.89;17.27;17.89;49500;0
TATNP;D;20031110;000000;17.8;17.9;17.6;17.61;23500;0
TATNP;D;20031111;000000;17.74;17.74;17.4;17.4;34900;0
TATNP;D;20031112;000000;17.5;17.5;17;17.09;87900;0
TATNP;D;20031113;000000;17.02;17.1;16.66;16.8;349000;0
TATNP;D;20031114;000000;16.7;16.93;16.51;16.75;45000;0
TATNP;D;20031117;000000;16.7;16.8;16.56;16.8;108400;0
TATNP;D;20031118;000000;16.61;16.61;15.87;15.87;87400;0
TATNP;D;20031119;000000;15.31;16.2;15.31;16;82900;0
TATNP;D;20031120;000000;16.3;16.3;15.69;16;331000;0
TATNP;D;20031121;000000;15.97;16.14;15.8;16.14;145600;0
TATNP;D;20031124;000000;16.1;16.3;15.98;16.1;105700;0
TATNP;D;20031125;000000;16.19;16.2;16.01;16.2;167300;0
TATNP;D;20031126;000000;16.35;16.67;16.34;16.4;234700;0
TATNP;D;20031127;000000;16.64;16.64;16.12;16.54;179900;0
TATNP;D;20031128;000000;16.3;16.74;16.2;16.42;147400;0
TATNP;D;20031201;000000;16.5;16.87;16.35;16.86;145700;0
TATNP;D;20031202;000000;17.09;17.46;17;17.32;211200;0
TATNP;D;20031203;000000;17.3;17.5;17.16;17.5;203500;0
TATNP;D;20031204;000000;17.55;17.55;17;17.01;202600;0
TATNP;D;20031205;000000;17.04;17.4;16.8;17.35;292000;0
TATNP;D;20031208;000000;17;17.23;16.8;16.82;340700;0
TATNP;D;20031209;000000;16.95;17.04;16.4;16.89;628700;0
TATNP;D;20031210;000000;17;17.2;16.71;16.76;394100;0
TATNP;D;20031211;000000;16.9;16.9;16.6;16.75;101500;0
TATNP;D;20031215;000000;16.74;16.95;16.72;16.75;125100;0
TATNP;D;20031216;000000;15.95;16.98;15.95;16.62;117900;0
TATNP;D;20031217;000000;16.6;16.68;16.23;16.27;43800;0
TATNP;D;20031218;000000;16.4;16.52;16.31;16.5;133400;0
TATNP;D;20031219;000000;16.7;16.95;16.5;16.64;567400;0
TATNP;D;20031222;000000;16.7;16.9;16.59;16.78;956800;0
TATNP;D;20031223;000000;16.8;16.85;16.56;16.62;251600;0
TATNP;D;20031224;000000;16.6;16.72;16.54;16.58;157600;0
TATNP;D;20031225;000000;16.6;16.8;16.57;16.8;168100;0
TATNP;D;20031226;000000;16.99;17;16.75;16.8;138800;0
TATNP;D;20031229;000000;16.8;16.93;16.76;16.86;176900;0
TATNP;D;20031230;000000;16.8;16.92;16.66;16.68;227100;0
TATNP;D;20040105;000000;16.85;17.49;16.81;17.49;386400;0
TATNP;D;20040106;000000;17.58;17.65;17.2;17.57;287900;0
TATNP;D;20040108;000000;17.5;17.55;17.32;17.32;102300;0
TATNP;D;20040109;000000;17.96;17.96;17.37;17.94;336900;0
TATNP;D;20040112;000000;17.85;18.27;17.6;17.6;618300;0
TATNP;D;20040113;000000;17.8;17.95;17.6;17.7;394400;0
TATNP;D;20040114;000000;17.8;17.85;17.47;17.76;346200;0
TATNP;D;20040115;000000;17.73;17.73;17;17.02;425700;0
TATNP;D;20040116;000000;16.85;17.27;16.85;17.03;128500;0
TATNP;D;20040119;000000;17.25;17.29;17.01;17.23;256500;0
TATNP;D;20040120;000000;17.24;17.39;17.2;17.29;227400;0
TATNP;D;20040121;000000;17.42;17.75;17.41;17.61;1021100;0
TATNP;D;20040122;000000;17.8;17.95;17.45;17.95;532200;0
TATNP;D;20040123;000000;17.9;19.1;17.79;19.04;1590700;0
TATNP;D;20040126;000000;19.09;19.49;18.75;18.86;1452500;0
TATNP;D;20040127;000000;18.8;18.95;18.5;18.94;559400;0
TATNP;D;20040128;000000;19;19.39;18.65;18.77;1076800;0
TATNP;D;20040129;000000;18.77;19.1;18.51;19.02;444050;0
TATNP;D;20040130;000000;18.9;18.9;18.35;18.54;312300;0
TATNP;D;20040202;000000;18.5;18.5;18.11;18.11;77100;0
TATNP;D;20040203;000000;18.1;18.85;18.1;18.7;322600;0
TATNP;D;20040204;000000;18.7;19.15;18.6;18.87;527300;0
TATNP;D;20040205;000000;18.8;19.1;18.41;18.55;456600;0
TATNP;D;20040206;000000;18.35;18.7;18.12;18.66;270900;0
TATNP;D;20040209;000000;18.4;19.89;18.4;19.38;581914;0
TATNP;D;20040210;000000;19.49;19.69;19.1;19.25;515800;0
TATNP;D;20040211;000000;19.21;19.4;19.1;19.36;231100;0
TATNP;D;20040212;000000;19.36;19.9;19.36;19.83;859700;0
TATNP;D;20040213;000000;19.8;20.12;19.7;19.94;693400;0
TATNP;D;20040216;000000;19.94;20.16;19.76;20;283300;0
TATNP;D;20040217;000000;19.88;20.49;19.8;20.12;814400;0
TATNP;D;20040218;000000;20.12;20.38;19.91;20.06;419100;0
TATNP;D;20040219;000000;20.19;20.3;19.83;20;612550;0
TATNP;D;20040220;000000;19.82;20.35;19.82;20;414700;0
TATNP;D;20040224;000000;20.19;20.4;19.65;19.99;576600;0
TATNP;D;20040225;000000;20;20.4;20;20.3;486400;0
TATNP;D;20040226;000000;20.55;20.99;20.15;20.83;1086300;0
TATNP;D;20040227;000000;20.83;21.29;20.75;21.29;1146700;0
TATNP;D;20040301;000000;21.5;21.9;21.15;21.65;492000;0
TATNP;D;20040302;000000;21.75;21.85;21.02;21.14;298800;0
TATNP;D;20040303;000000;21;21;20.11;20.2;321200;0
TATNP;D;20040304;000000;20.07;21.2;20.05;21;521500;0
TATNP;D;20040305;000000;21.15;21.23;20.6;21.13;336600;0
TATNP;D;20040309;000000;21.18;21.69;21;21.23;387300;0
TATNP;D;20040310;000000;21.2;21.44;20.65;20.65;282900;0
TATNP;D;20040311;000000;20.6;20.6;19.87;20;415600;0
TATNP;D;20040312;000000;19.8;20.45;19.7;20.09;301800;0
TATNP;D;20040315;000000;20.1;20.4;19.92;20;236100;0
TATNP;D;20040316;000000;20.18;20.4;20;20.32;242100;0
TATNP;D;20040317;000000;20.4;21.34;20.4;21.26;608500;0
TATNP;D;20040318;000000;21.32;21.54;21.1;21.27;560200;0
TATNP;D;20040319;000000;21.22;21.5;21;21.31;919100;0
TATNP;D;20040322;000000;21.4;21.54;21.1;21.17;1467000;0
TATNP;D;20040323;000000;21.17;21.5;21.1;21.2;330600;0
TATNP;D;20040324;000000;21.4;21.44;20.84;21;230800;0
TATNP;D;20040325;000000;21;21.35;21;21.2;273400;0
TATNP;D;20040326;000000;21.02;21.35;21.02;21.28;187200;0
TATNP;D;20040329;000000;21.05;21.4;21;21.4;498100;0
TATNP;D;20040330;000000;21.42;21.54;21.18;21.3;490700;0
TATNP;D;20040331;000000;21.4;21.89;21.35;21.65;1875300;0
TATNP;D;20040401;000000;21.95;22.08;21.76;22.04;1188600;0
TATNP;D;20040402;000000;22.05;22.5;21.6;22.42;1795000;0
TATNP;D;20040405;000000;22.6;23.09;22.22;22.98;1067500;0
TATNP;D;20040406;000000;23.1;23.1;22.05;22.1;1165400;0
TATNP;D;20040407;000000;22.29;23.09;22.1;23.05;767000;0
TATNP;D;20040408;000000;22.95;23.45;22.42;23.44;968400;0
TATNP;D;20040409;000000;23.5;23.8;23.3;23.74;753300;0
TATNP;D;20040412;000000;23.5;24;23.5;23.7;558200;0
TATNP;D;20040413;000000;23.8;23.85;22.92;23.18;706300;0
TATNP;D;20040414;000000;22.88;23.07;22.5;22.6;607200;0
TATNP;D;20040415;000000;22.75;22.9;22.37;22.77;470200;0
TATNP;D;20040416;000000;22.85;23.05;22.5;22.73;546300;0
TATNP;D;20040419;000000;22.87;22.9;22.07;22.78;399000;0
TATNP;D;20040420;000000;22.71;23.14;22.6;23;354900;0
TATNP;D;20040421;000000;22.9;22.94;22.2;22.7;506000;0
TATNP;D;20040422;000000;22.6;22.75;22.2;22.32;191100;0
TATNP;D;20040423;000000;22.3;22.5;22.05;22.3;439100;0
TATNP;D;20040426;000000;22.4;22.75;22.3;22.5;579000;0
TATNP;D;20040427;000000;22.5;22.67;22.31;22.65;522300;0
TATNP;D;20040428;000000;22.4;22.8;22.1;22.35;337150;0
TATNP;D;20040429;000000;22.3;22.39;20.31;20.79;1096200;0
TATNP;D;20040430;000000;21.1;21.25;20.1;20.6;313500;0
TATNP;D;20040505;000000;21.2;22;21.2;21.65;237600;0
TATNP;D;20040506;000000;21.8;21.8;21.45;21.6;341600;0
TATNP;D;20040507;000000;21.6;21.6;20.6;21.17;459800;0
TATNP;D;20040511;000000;20.06;20.06;19.07;19.2;545200;0
TATNP;D;20040512;000000;19.3;19.79;19.25;19.3;126200;0
TATNP;D;20040513;000000;19.35;19.6;19.2;19.37;225600;0
TATNP;D;20040514;000000;19.4;19.4;18.8;19;280900;0
TATNP;D;20040517;000000;19.1;20.2;18.12;20;240300;0
TATNP;D;20040518;000000;20.32;20.32;19.75;20.1;54700;0
TATNP;D;20040519;000000;20.3;20.62;20.1;20.44;749600;0
TATNP;D;20040520;000000;20.24;20.4;20.02;20.24;21609;0
TATNP;D;20040521;000000;20.05;20.56;20.05;20.5;204700;0
TATNP;D;20040524;000000;20.31;21;20.3;21;184700;0
TATNP;D;20040525;000000;21;21;20.1;20.1;135300;0
TATNP;D;20040526;000000;20.3;20.65;20.1;20.64;371500;0
TATNP;D;20040527;000000;20.64;20.89;20.4;20.5;400200;0
TATNP;D;20040528;000000;20.25;20.5;19.03;19.35;367800;0
TATNP;D;20040531;000000;19.5;19.99;19.13;19.97;148700;0
TATNP;D;20040601;000000;19.5;19.5;18.96;19.01;115900;0
TATNP;D;20040602;000000;19.21;19.69;19;19.36;735000;0
TATNP;D;20040603;000000;19.9;19.9;19.01;19.38;295700;0
TATNP;D;20040604;000000;19.38;19.6;19.12;19.12;197900;0
TATNP;D;20040607;000000;19.3;19.46;19.1;19.15;19300;0
TATNP;D;20040608;000000;19.2;19.39;19.16;19.36;48900;0
TATNP;D;20040609;000000;19.3;19.4;19.1;19.1;84600;0
TATNP;D;20040610;000000;19;19;18.02;18.68;155800;0
TATNP;D;20040611;000000;18.69;18.79;18.4;18.5;31600;0
TATNP;D;20040615;000000;18.21;18.9;17.9;18.85;197100;0
TATNP;D;20040616;000000;18.03;18.8;18.01;18.03;216300;0
TATNP;D;20040617;000000;18.09;19;18.09;19;64200;0
TATNP;D;20040618;000000;19.2;19.39;18.5;19;217300;0
TATNP;D;20040621;000000;19.1;19.42;19.1;19.24;75300;0
TATNP;D;20040622;000000;19.02;19.02;18.55;18.85;143900;0
TATNP;D;20040623;000000;18.94;18.94;18.5;18.6;68900;0
TATNP;D;20040624;000000;18.79;18.88;18.65;18.8;12400;0
TATNP;D;20040625;000000;18.89;18.9;18.64;18.64;18000;0
TATNP;D;20040628;000000;18.4;18.49;18.2;18.49;47600;0
TATNP;D;20040629;000000;18.28;18.44;17.92;18.3;143800;0
TATNP;D;20040630;000000;18.4;18.88;18.2;18.65;250200;0
TATNP;D;20040701;000000;18.95;19.09;17.77;17.8;544600;0
TATNP;D;20040702;000000;17.41;17.7;16.9;17.3;663500;0
TATNP;D;20040705;000000;17.01;17.36;16.8;17.1;280700;0
TATNP;D;20040706;000000;17;17.28;16.92;17.13;81700;0
TATNP;D;20040707;000000;17.2;17.2;16.81;16.9;56000;0
TATNP;D;20040708;000000;17;17.09;16.26;16.7;238400;0
TATNP;D;20040709;000000;16.75;16.78;16.41;16.61;162200;0
TATNP;D;20040712;000000;16.41;16.9;16.3;16.85;154600;0
TATNP;D;20040713;000000;16.8;17.09;16.8;17;174900;0
TATNP;D;20040714;000000;17.1;17.12;16.63;16.8;502500;0
TATNP;D;20040715;000000;16.8;16.95;16.66;16.8;237800;0
TATNP;D;20040716;000000;16.75;17.07;16.61;17.05;135800;0
TATNP;D;20040719;000000;17.06;17.35;17.05;17.35;89500;0
TATNP;D;20040720;000000;17.25;17.4;16.81;16.81;168800;0
TATNP;D;20040721;000000;16.95;16.95;16.4;16.55;84200;0
TATNP;D;20040722;000000;16.54;16.55;16.05;16.35;121500;0
TATNP;D;20040723;000000;16.25;16.35;16.1;16.35;88100;0
TATNP;D;20040726;000000;16.55;16.55;15.9;16;196600;0
TATNP;D;20040727;000000;15.9;16;15.8;16;118100;0
TATNP;D;20040728;000000;16.7;16.7;15.3;15.4;185100;0
TATNP;D;20040729;000000;15.7;15.7;15.5;15.7;51400;0
TATNP;D;20040730;000000;15.72;16.05;15.72;16.05;57600;0
TATNP;D;20040802;000000;16.05;16.12;16;16;24000;0
TATNP;D;20040803;000000;15.99;16.89;15.99;16.74;372100;0
TATNP;D;20040804;000000;16.8;17.05;16.73;16.99;134100;0
TATNP;D;20040805;000000;17.1;17.27;16.9;17.14;215600;0
TATNP;D;20040806;000000;17;17.24;16.8;17.1;153900;0
TATNP;D;20040809;000000;17.3;17.4;17.13;17.35;91500;0
TATNP;D;20040810;000000;17.24;17.45;16.92;17.2;45200;0
TATNP;D;20040811;000000;17.01;17.29;16.6;16.6;170100;0
TATNP;D;20040812;000000;16.41;17.3;16.4;17.1;570000;0
TATNP;D;20040813;000000;17.15;18.2;17;18.12;450700;0
TATNP;D;20040816;000000;17.8;18.4;17.7;18.3;81200;0
TATNP;D;20040817;000000;18.4;19.25;18.3;18.6;509400;0
TATNP;D;20040818;000000;18.5;18.9;18.21;18.5;186500;0
TATNP;D;20040819;000000;18.31;18.74;18.31;18.74;138000;0
TATNP;D;20040820;000000;18.74;19;18.67;18.9;282200;0
TATNP;D;20040823;000000;18.75;18.75;18.21;18.5;152300;0
TATNP;D;20040824;000000;18.4;18.7;18.21;18.42;131800;0
TATNP;D;20040825;000000;18.31;18.79;18.3;18.78;53100;0
TATNP;D;20040826;000000;18.9;19;18.65;18.87;70700;0
TATNP;D;20040827;000000;18.68;19;18.68;18.99;75300;0
TATNP;D;20040830;000000;18.99;19.1;18.8;18.94;37300;0
TATNP;D;20040831;000000;18.7;19.5;18.7;19;296500;0
TATNP;D;20040901;000000;18.99;19.15;18.75;19.15;138700;0
TATNP;D;20040902;000000;19.2;19.45;18.89;19.4;431100;0
TATNP;D;20040903;000000;19.52;19.9;19.11;19.8;329300;0
TATNP;D;20040906;000000;19.78;19.85;19.4;19.85;113800;0
TATNP;D;20040907;000000;19.65;19.88;19.36;19.52;201300;0
TATNP;D;20040908;000000;19.57;19.97;19.5;19.9;771600;0
TATNP;D;20040909;000000;19.81;20.3;19.6;20.25;376000;0
TATNP;D;20040910;000000;20.25;20.7;20.01;20.6;492000;0
TATNP;D;20040913;000000;20.75;21.3;20.65;21.05;514500;0
TATNP;D;20040914;000000;20.62;20.95;20;20.95;553800;0
TATNP;D;20040915;000000;21.1;21.65;20.71;21.5;1054600;0
TATNP;D;20040916;000000;21.3;21.5;21;21.09;301100;0
TATNP;D;20040917;000000;20.82;21.7;20.5;21.7;778900;0
TATNP;D;20040920;000000;21.64;22.1;21.3;22.04;232800;0
TATNP;D;20040921;000000;22.1;23.95;22.1;23.81;1973500;0
TATNP;D;20040922;000000;23.5;23.79;22.22;22.49;927200;0
TATNP;D;20040923;000000;22.5;22.58;22.13;22.57;371600;0
TATNP;D;20040924;000000;22.5;22.79;22.14;22.2;414600;0
TATNP;D;20040927;000000;22.19;22.4;21.65;21.99;450100;0
TATNP;D;20040928;000000;21.81;22.59;21.71;22.59;506100;0
TATNP;D;20040929;000000;22.92;23.2;22.6;23.02;690300;0
TATNP;D;20040930;000000;23.09;23.35;22.6;22.98;842800;0
TATNP;D;20041001;000000;22.62;22.93;21.93;22.71;978400;0
TATNP;D;20041004;000000;22.73;23.73;22.7;23.32;1703600;0
TATNP;D;20041005;000000;23.8;25.1;23.05;25.03;2355200;0
TATNP;D;20041006;000000;25.15;27;25.15;26.5;2321800;0
TATNP;D;20041007;000000;26.51;26.65;26;26.11;1354100;0
TATNP;D;20041008;000000;27.38;27.38;25.95;25.95;550700;0
TATNP;D;20041011;000000;25.75;26;25.75;25.83;251500;0
TATNP;D;20041012;000000;25.75;25.95;24.02;24.02;640800;0
TATNP;D;20041013;000000;24.03;25.8;24.03;24.99;1220700;0
TATNP;D;20041014;000000;24.95;24.95;24.3;24.68;212500;0
TATNP;D;20041015;000000;24.05;24.98;23.06;24.98;189100;0
TATNP;D;20041018;000000;25;25.1;24.8;24.95;161300;0
TATNP;D;20041019;000000;24.63;25.08;24.63;24.8;112400;0
TATNP;D;20041020;000000;24.9;25;23.9;24;63300;0
TATNP;D;20041021;000000;24;24;23.01;23.75;97800;0
TATNP;D;20041022;000000;24.15;25.25;23.99;25.25;342900;0
TATNP;D;20041025;000000;25.09;25.1;24.3;24.3;376100;0
TATNP;D;20041026;000000;24.3;24.5;24.1;24.2;567000;0
TATNP;D;20041027;000000;24.47;24.89;24;24.2;324000;0
TATNP;D;20041028;000000;24.49;24.49;21.52;23.12;1738700;0
TATNP;D;20041029;000000;23;23.47;22.8;23.47;131600;0
TATNP;D;20041101;000000;23.3;23.86;23.23;23.27;110400;0
TATNP;D;20041102;000000;23.2;23.2;22.21;22.51;200400;0
TATNP;D;20041103;000000;23.15;23.15;22.5;22.85;157700;0
TATNP;D;20041104;000000;22.9;23.13;22.65;23.09;119900;0
TATNP;D;20041105;000000;23.02;23.46;23;23.28;50500;0
TATNP;D;20041109;000000;23.21;23.6;23.2;23.2;158100;0
TATNP;D;20041110;000000;23.37;23.5;22.92;23.25;157600;0
TATNP;D;20041111;000000;23.49;23.5;23.11;23.2;278500;0
TATNP;D;20041112;000000;23.2;23.4;22.85;23.21;487200;0
TATNP;D;20041115;000000;23.31;23.58;23.12;23.25;137200;0
TATNP;D;20041116;000000;23.2;23.5;23.01;23.36;192500;0
TATNP;D;20041117;000000;23.44;23.99;23.44;23.7;213200;0
TATNP;D;20041118;000000;23.57;24.08;23.56;24.04;385100;0
TATNP;D;20041119;000000;24.2;24.2;23;23.44;273600;0
TATNP;D;20041122;000000;23;23.35;23;23.02;356500;0
TATNP;D;20041123;000000;23.05;23.05;22.61;22.8;898300;0
TATNP;D;20041124;000000;22.99;22.99;22.22;22.73;222700;0
TATNP;D;20041125;000000;22.22;22.22;21.5;21.68;520300;0
TATNP;D;20041126;000000;21.65;22.29;21.5;21.6;448800;0
TATNP;D;20041129;000000;21.51;21.99;21.51;21.63;172200;0
TATNP;D;20041130;000000;21.8;21.8;21.25;21.25;359900;0
TATNP;D;20041201;000000;21.2;21.3;19.8;20.2;401500;0
TATNP;D;20041202;000000;20.11;20.8;20;20.68;98600;0
TATNP;D;20041203;000000;20.5;20.5;20;20;42300;0
TATNP;D;20041206;000000;19.91;21.8;19.8;21.75;40300;0
TATNP;D;20041207;000000;21.74;22;21.1;21.5;214400;0
TATNP;D;20041208;000000;21.5;21.75;20;20.41;398300;0
TATNP;D;20041209;000000;20.94;22;18.7;19.3;458000;0
TATNP;D;20041210;000000;19.4;19.98;18.5;19.1;270700;0
TATNP;D;20041214;000000;19.43;19.9;19.27;19.74;179100;0
TATNP;D;20041215;000000;19.82;19.82;19.25;19.3;201100;0
TATNP;D;20041216;000000;19.37;19.37;19.11;19.3;100300;0
TATNP;D;20041217;000000;19.1;19.2;18.12;18.59;191900;0
TATNP;D;20041220;000000;18.65;18.65;17.97;18.35;437000;0
TATNP;D;20041221;000000;18.61;19.18;18.4;19.08;489900;0
TATNP;D;20041222;000000;19.14;19.4;18.66;18.89;724200;0
TATNP;D;20041223;000000;19;19.75;19;19.61;438000;0
TATNP;D;20041224;000000;19.4;20.15;19.15;20.1;261800;0
TATNP;D;20041227;000000;20.15;20.7;20;20.65;169700;0
TATNP;D;20041228;000000;20.5;20.98;20.43;20.94;145800;0
TATNP;D;20041229;000000;20.75;21.5;20.62;21.25;314100;0
TATNP;D;20041230;000000;21.01;21.89;20.85;21.75;507500;0
TATNP;D;20050111;000000;21.11;21.87;20.6;21.7;116300;0
TATNP;D;20050112;000000;20.51;21.9;20.51;21.5;145100;0
TATNP;D;20050113;000000;21.23;21.29;20.5;20.72;182100;0
TATNP;D;20050114;000000;20.7;21.21;20.7;20.93;84500;0
TATNP;D;20050117;000000;21.2;22;21.2;21.51;232800;0
TATNP;D;20050118;000000;21.6;21.96;21;21.3;131600;0
TATNP;D;20050119;000000;21.35;21.89;21.3;21.68;136600;0
TATNP;D;20050120;000000;21.96;22.49;21.82;21.9;342300;0
TATNP;D;20050121;000000;21.9;22;21.57;21.95;122900;0
TATNP;D;20050124;000000;22.69;22.69;21.1;22.14;143600;0
TATNP;D;20050125;000000;22.33;22.6;22.17;22.6;493100;0
TATNP;D;20050126;000000;22.5;22.6;22.36;22.49;120500;0
TATNP;D;20050127;000000;22.5;22.79;22.27;22.78;107000;0
TATNP;D;20050128;000000;22.78;23.7;22.24;23.7;354000;0
TATNP;D;20050131;000000;23.65;24.68;23.5;24;769800;0
TATNP;D;20050201;000000;24.3;24.5;23.8;24.5;337200;0
TATNP;D;20050202;000000;24.5;24.99;24.32;24.85;230100;0
TATNP;D;20050203;000000;24.81;25;24.2;24.42;526500;0
TATNP;D;20050204;000000;24.15;24.45;24.05;24.4;246382;0
TATNP;D;20050207;000000;24.5;24.79;24.1;24.3;242700;0
TATNP;D;20050208;000000;23.57;24.6;23.57;24.6;192900;0
TATNP;D;20050209;000000;24.6;24.99;24.2;24.2;452000;0
TATNP;D;20050210;000000;24.13;24.28;23.5;24.24;322700;0
TATNP;D;20050211;000000;24.15;24.3;23.8;24.2;37400;0
TATNP;D;20050214;000000;24;24.05;23.7;23.7;22500;0
TATNP;D;20050215;000000;23.3;23.99;23.25;23.85;236100;0
TATNP;D;20050216;000000;23.99;24.4;23.95;24.3;145700;0
TATNP;D;20050217;000000;24.36;24.6;24.29;24.6;186800;0
TATNP;D;20050218;000000;24.71;24.95;24.45;24.84;190200;0
TATNP;D;20050221;000000;24.86;24.86;24.58;24.85;290700;0
TATNP;D;20050222;000000;24.85;25;24.65;24.65;237400;0
TATNP;D;20050224;000000;24.7;25.42;24.7;25.17;403900;0
TATNP;D;20050225;000000;25.57;25.83;25;25.5;396600;0
TATNP;D;20050228;000000;25.27;26.09;25.11;25.8;521700;0
TATNP;D;20050301;000000;25.7;25.7;24.52;25.28;845200;0
TATNP;D;20050302;000000;25.33;26;25.11;25.44;956700;0
TATNP;D;20050303;000000;25.33;25.61;24.75;25.49;317900;0
TATNP;D;20050304;000000;25.4;26.3;25.4;26.3;278200;0
TATNP;D;20050305;000000;26.3;26.5;26.06;26.3;169000;0
TATNP;D;20050309;000000;26.29;26.75;25.81;26.25;597400;0
TATNP;D;20050310;000000;26.2;26.35;25.4;25.65;174600;0
TATNP;D;20050311;000000;25.65;25.86;25.1;25.79;273800;0
TATNP;D;20050314;000000;25.38;25.86;24.73;25;336100;0
TATNP;D;20050315;000000;25.02;27.2;25.02;26.86;1514600;0
TATNP;D;20050316;000000;27.1;27.3;26.21;26.32;962700;0
TATNP;D;20050317;000000;26.49;26.5;26;26.34;75500;0
TATNP;D;20050318;000000;26.9;27.2;26.46;27.09;314200;0
TATNP;D;20050321;000000;27.4;27.4;26.5;26.86;543200;0
TATNP;D;20050322;000000;26.85;26.99;26.21;26.69;240800;0
TATNP;D;20050323;000000;26.72;26.72;25.7;26;139600;0
TATNP;D;20050324;000000;26;26.8;26;26.58;350700;0
TATNP;D;20050325;000000;26.65;26.8;26.4;26.5;345400;0
TATNP;D;20050328;000000;26.78;26.78;26.35;26.6;169900;0
TATNP;D;20050329;000000;26.35;26.55;26.24;26.55;274600;0
TATNP;D;20050330;000000;26.54;26.6;25.6;26;269100;0
TATNP;D;20050331;000000;26.05;26.44;25.75;26;536500;0
TATNP;D;20050401;000000;26.07;26.24;25.85;26.1;331700;0
TATNP;D;20050404;000000;26.4;27.3;26.21;26.95;907900;0
TATNP;D;20050405;000000;26.95;27.3;26.87;27.2;318200;0
TATNP;D;20050406;000000;27.3;27.7;27.17;27.7;224700;0
TATNP;D;20050407;000000;27.7;27.95;27;27.44;204011;0
TATNP;D;20050408;000000;27.4;28.1;26.92;27.9;421800;0
TATNP;D;20050411;000000;28.08;28.08;26.58;27.29;743800;0
TATNP;D;20050412;000000;27.24;27.5;26.7;27.18;29800;0
TATNP;D;20050413;000000;27.2;27.55;27.08;27.1;113100;0
TATNP;D;20050414;000000;26.81;27.4;26.5;27.1;89200;0
TATNP;D;20050415;000000;27;27;26.5;26.73;153501;0
TATNP;D;20050418;000000;26.51;26.51;25.9;26;405200;0
TATNP;D;20050419;000000;25.93;26.16;25.93;26.03;258800;0
TATNP;D;20050420;000000;26.05;27.05;26.05;26.95;637600;0
TATNP;D;20050421;000000;26.46;27.4;26.46;27.35;191337;0
TATNP;D;20050422;000000;27.37;27.6;27.1;27.1;272000;0
TATNP;D;20050425;000000;27.17;27.5;26.85;27.01;292000;0
TATNP;D;20050426;000000;27.05;27.35;26.21;26.21;360900;0
TATNP;D;20050427;000000;26.28;26.53;25.9;26.49;364700;0
TATNP;D;20050428;000000;26.45;26.48;25.81;25.98;264900;0
TATNP;D;20050429;000000;25.75;25.75;25.01;25.5;165100;0
TATNP;D;20050503;000000;25.83;25.83;25.15;25.15;92300;0
TATNP;D;20050504;000000;25.3;25.36;25;25.15;226100;0
TATNP;D;20050505;000000;25.35;25.69;25.2;25.38;291600;0
TATNP;D;20050506;000000;25.5;25.5;24.51;25.25;161200;0
TATNP;D;20050511;000000;25.24;25.24;24.5;24.8;31600;0
TATNP;D;20050512;000000;24.36;25.11;24;24.88;219900;0
TATNP;D;20050513;000000;24.5;24.5;23.5;24;413400;0
TATNP;D;20050514;000000;24;24.3;23.71;23.97;150400;0
TATNP;D;20050516;000000;23.75;23.89;23.4;23.5;53900;0
TATNP;D;20050517;000000;23.7;24.4;23.04;24.25;842200;0
TATNP;D;20050518;000000;24.24;24.78;24.02;24.58;107200;0
TATNP;D;20050519;000000;24.45;24.99;24.4;24.4;71400;0
TATNP;D;20050520;000000;24.44;24.44;23.95;24.2;116200;0
TATNP;D;20050523;000000;24.3;24.3;23.75;23.75;45000;0
TATNP;D;20050524;000000;24.09;24.86;24.05;24.85;141700;0
TATNP;D;20050525;000000;24.8;24.85;24.25;24.35;307100;0
TATNP;D;20050526;000000;24.3;24.69;24.25;24.54;116100;0
TATNP;D;20050527;000000;24.93;25.49;24.67;25.15;145800;0
TATNP;D;20050530;000000;25.3;25.3;24.54;24.76;201700;0
TATNP;D;20050531;000000;24.75;25.15;24.65;25.05;368300;0
TATNP;D;20050601;000000;25;25.28;24.72;24.9;744600;0
TATNP;D;20050602;000000;25.04;25.37;24.97;24.97;708600;0
TATNP;D;20050603;000000;24.9;25.6;24.71;25.25;302100;0
TATNP;D;20050606;000000;25.55;25.99;25.25;25.75;688800;0
TATNP;D;20050607;000000;25.75;26.3;25.56;26.2;402000;0
TATNP;D;20050608;000000;26.4;26.8;26.3;26.69;431400;0
TATNP;D;20050609;000000;26.5;26.64;26.2;26.53;224900;0
TATNP;D;20050610;000000;26.07;26.7;26.07;26.45;202200;0
TATNP;D;20050614;000000;26.5;26.75;26.3;26.6;136500;0
TATNP;D;20050615;000000;26.61;26.73;26.15;26.6;158500;0
TATNP;D;20050616;000000;26.71;27;26.52;26.85;503200;0
TATNP;D;20050617;000000;26.99;27.15;26.5;27.01;319500;0
TATNP;D;20050620;000000;27.02;27.47;26.8;26.96;151200;0
TATNP;D;20050621;000000;26.79;26.79;26.5;26.75;110000;0
TATNP;D;20050622;000000;26.75;27.43;26.75;27.25;339900;0
TATNP;D;20050623;000000;27.25;27.25;26.96;27.15;101500;0
TATNP;D;20050624;000000;27.12;27.12;26.95;27;41300;0
TATNP;D;20050627;000000;27;27.55;27;27.45;729200;0
TATNP;D;20050628;000000;27.1;27.5;27.1;27.1;772200;0
TATNP;D;20050629;000000;27.33;27.65;27.1;27.5;729100;0
TATNP;D;20050630;000000;27.7;28;27.5;28;530800;0
TATNP;D;20050701;000000;27.92;29.55;27.92;29.47;1282100;0
TATNP;D;20050704;000000;29.49;30.26;29.17;29.8;639400;0
TATNP;D;20050705;000000;29.99;30.17;29.1;29.9;580100;0
TATNP;D;20050706;000000;29.9;31.65;29.61;31.5;921600;0
TATNP;D;20050707;000000;31.5;32.9;30.5;32.5;1248100;0
TATNP;D;20050708;000000;32.85;34.3;32.8;34;377800;0
TATNP;D;20050711;000000;33.75;34.2;32.7;33.25;207100;0
TATNP;D;20050712;000000;33;33.5;32.34;32.5;414600;0
TATNP;D;20050713;000000;32.38;33;32.2;32.7;195900;0
TATNP;D;20050714;000000;32.8;32.8;31.62;31.94;189800;0
TATNP;D;20050715;000000;31.62;31.62;30.75;31.39;164500;0
TATNP;D;20050718;000000;30.9;31.5;30.76;31;149600;0
TATNP;D;20050719;000000;31;32.4;30.8;32.38;310200;0
TATNP;D;20050720;000000;32.4;33.72;32.2;33.55;398700;0
TATNP;D;20050721;000000;33.32;33.79;32.53;32.72;267400;0
TATNP;D;20050722;000000;33.3;33.76;32.2;33.2;88500;0
TATNP;D;20050725;000000;33.25;35.5;33.25;35.2;508600;0
TATNP;D;20050726;000000;35.24;37;34.8;36;343500;0
TATNP;D;20050727;000000;35.65;38;35.6;37.12;190900;0
TATNP;D;20050728;000000;37.98;38.44;37.2;38.1;243300;0
TATNP;D;20050729;000000;38.89;38.9;37.25;37.5;160400;0
TATNP;D;20050801;000000;37;37.8;36.51;37.8;91900;0
TATNP;D;20050802;000000;38.5;38.6;37.5;37.8;458500;0
TATNP;D;20050803;000000;38.39;38.4;35.51;36.99;275500;0
TATNP;D;20050804;000000;38.24;38.24;36;37.89;383800;0
TATNP;D;20050805;000000;38;39;37.56;37.8;355100;0
TATNP;D;20050808;000000;37.83;38.2;37.18;37.75;61900;0
TATNP;D;20050809;000000;38.13;38.5;37.76;37.8;169200;0
TATNP;D;20050810;000000;38.05;38.95;37.9;38.2;432700;0
TATNP;D;20050811;000000;38.35;38.7;37.03;37.1;134500;0
TATNP;D;20050812;000000;37.15;40.49;37;39.7;1206000;0
TATNP;D;20050815;000000;39.72;40.6;39.47;39.8;232900;0
TATNP;D;20050816;000000;40;42.74;40;42.74;545900;0
TATNP;D;20050817;000000;42.69;45.3;42.15;43.8;653300;0
TATNP;D;20050818;000000;43.4;43.69;41.6;42.35;420000;0
TATNP;D;20050819;000000;42.33;43;41.4;42.9;98100;0
TATNP;D;20050822;000000;43.39;43.8;42.2;42.5;263400;0
TATNP;D;20050823;000000;43;44;41.31;43.5;702600;0
TATNP;D;20050824;000000;43.65;43.65;42.55;43;1230200;0
TATNP;D;20050825;000000;43.01;43.3;42;43.3;251700;0
TATNP;D;20050826;000000;43.25;44.31;43.25;43.35;1232400;0
TATNP;D;20050829;000000;43.5;43.79;43.2;43.55;144400;0
TATNP;D;20050830;000000;43.95;46.78;43.94;46.08;1203300;0
TATNP;D;20050831;000000;46.1;46.8;45.2;46.1;354800;0
TATNP;D;20050901;000000;46.15;46.79;45.05;45.65;282500;0
TATNP;D;20050902;000000;46;47.9;45.54;47.1;632300;0
TATNP;D;20050905;000000;47.95;48;46.81;47;106200;0
TATNP;D;20050906;000000;47.57;47.57;44.68;45.4;444100;0
TATNP;D;20050907;000000;45.38;45.4;42.8;43.48;756800;0
TATNP;D;20050908;000000;43.77;44.82;43.23;44.32;954400;0
TATNP;D;20050909;000000;44.68;46.99;44.68;46.7;772300;0
TATNP;D;20050912;000000;46.71;47.18;45.5;46.25;336800;0
TATNP;D;20050913;000000;45.46;46.4;45;45.18;352900;0
TATNP;D;20050914;000000;45;45;44.06;44.6;220900;0
TATNP;D;20050915;000000;45;45.93;45;45.9;278300;0
TATNP;D;20050916;000000;45.41;47.47;45.3;46.33;507500;0
TATNP;D;20050919;000000;46.5;48.45;43.7;48;680800;0
TATNP;D;20050920;000000;48.59;51.6;48.59;49.4;692400;0
TATNP;D;20050921;000000;48.75;50.35;47.93;50.2;372500;0
TATNP;D;20050922;000000;50.78;51.01;49.8;50.9;250800;0
TATNP;D;20050923;000000;50.4;51.47;50.02;51;191900;0
TATNP;D;20050926;000000;49.51;50;49;49.24;211500;0
TATNP;D;20050927;000000;49.55;50.98;49.55;50.89;217500;0
TATNP;D;20050928;000000;50.7;52.5;50.62;52;407600;0
TATNP;D;20050929;000000;51.95;52.29;51.01;51.51;107100;0
TATNP;D;20050930;000000;51.88;55.88;51.7;55.3;1143900;0
TATNP;D;20051003;000000;56.9;63.4;55.85;63.33;639100;0
TATNP;D;20051004;000000;64.25;71.85;64.25;64.3;1251700;0
TATNP;D;20051005;000000;62.41;62.41;55;58;570900;0
TATNP;D;20051006;000000;57.95;57.99;53.15;56.89;785300;0
TATNP;D;20051007;000000;55.05;58.5;53.4;57.1;477100;0
TATNP;D;20051010;000000;57.5;61;57.5;58.99;282100;0
TATNP;D;20051011;000000;58.99;60.5;58;59.4;540900;0
TATNP;D;20051012;000000;60.06;65;54.05;55.4;614300;0
TATNP;D;20051013;000000;55.32;55.32;52.2;53.68;401300;0
TATNP;D;20051014;000000;53.1;53.25;48.84;49.5;1136600;0
TATNP;D;20051017;000000;50.89;53;48.8;50.9;323900;0
TATNP;D;20051018;000000;51.86;51.94;50.4;51;131700;0
TATNP;D;20051019;000000;50.38;50.38;48;49.41;102600;0
TATNP;D;20051020;000000;49.7;51.3;49.4;50.05;206600;0
TATNP;D;20051021;000000;47.6;51.7;47.6;51.2;337400;0
TATNP;D;20051024;000000;51.7;54.5;51.7;53.85;743900;0
TATNP;D;20051025;000000;54.98;55.38;52.11;52.8;446600;0
TATNP;D;20051026;000000;53.05;54.85;52.61;53.49;410900;0
TATNP;D;20051027;000000;52.05;54;49.43;51;199400;0
TATNP;D;20051028;000000;51;52.3;50.99;51.8;59200;0
TATNP;D;20051031;000000;51.8;53.9;51.8;53.9;381100;0
TATNP;D;20051101;000000;53.07;54.37;52.6;52.6;386300;0
TATNP;D;20051102;000000;52.6;57.39;52.6;57.01;1154300;0
TATNP;D;20051103;000000;57.9;60.39;57.01;59.15;589100;0
TATNP;D;20051107;000000;58.03;59;57.1;57.8;124100;0
TATNP;D;20051108;000000;56.82;57.68;55.3;56.45;219800;0
TATNP;D;20051109;000000;56.84;59.97;56.65;57.7;272600;0
TATNP;D;20051110;000000;59;60;57.15;57.7;298900;0
TATNP;D;20051111;000000;57;57.69;56.35;57.55;157400;0
TATNP;D;20051114;000000;56.86;59.4;56.56;59.27;110900;0
TATNP;D;20051115;000000;59.25;59.5;57.5;57.82;113900;0
TATNP;D;20051116;000000;59.65;59.65;56.91;59;164000;0
TATNP;D;20051117;000000;59.5;62.55;58.6;61.5;461300;0
TATNP;D;20051118;000000;61.39;61.94;58.73;61.2;308900;0
TATNP;D;20051121;000000;61.55;62.89;60.2;60.89;312800;0
TATNP;D;20051122;000000;61.49;62;60;60.31;179800;0
TATNP;D;20051123;000000;61.3;61.3;59.51;59.8;78900;0
TATNP;D;20051124;000000;59.56;61.49;59.56;60.89;97100;0
TATNP;D;20051125;000000;60.84;61.56;59.75;61.4;258800;0
TATNP;D;20051128;000000;61.42;62.89;61.42;61.51;78000;0
TATNP;D;20051129;000000;60.28;61.19;59.8;60.51;442400;0
TATNP;D;20051130;000000;60.42;62.37;60.15;60.6;312300;0
TATNP;D;20051201;000000;62;62.2;61;61.98;455000;0
TATNP;D;20051202;000000;62.5;63;61.2;62.05;396200;0
TATNP;D;20051205;000000;62.1;64.88;62.1;62.95;548000;0
TATNP;D;20051206;000000;63.06;63.8;61.8;62.5;105700;0
TATNP;D;20051207;000000;62.98;63.44;62.1;62.46;124900;0
TATNP;D;20051208;000000;62.2;62.2;60.12;61.22;166900;0
TATNP;D;20051209;000000;62.18;63;61.71;62;91700;0
TATNP;D;20051212;000000;61.66;62.48;61.5;62.18;69300;0
TATNP;D;20051213;000000;62.93;62.93;61.8;61.81;43200;0
TATNP;D;20051214;000000;61.55;62.4;61.25;61.9;105800;0
TATNP;D;20051215;000000;61.15;62.3;61.15;61.65;130700;0
TATNP;D;20051216;000000;61.5;62.19;61.4;61.89;77100;0
TATNP;D;20051219;000000;61.99;62.1;61.3;61.55;70100;0
TATNP;D;20051220;000000;60.81;61.8;60.5;61;113700;0
TATNP;D;20051221;000000;61.23;62;60.57;61.5;260600;0
TATNP;D;20051222;000000;62;62.1;61.25;61.5;119600;0
TATNP;D;20051223;000000;61.6;61.84;60.5;61.44;327300;0
TATNP;D;20051226;000000;61;61.29;60.5;61;146500;0
TATNP;D;20051227;000000;61;61.5;60.65;61;98700;0
TATNP;D;20051228;000000;60.5;60.95;58.53;60.36;160900;0
TATNP;D;20051229;000000;60.36;60.85;59.85;60;185500;0
TATNP;D;20051230;000000;60.5;67.9;60;62.99;448200;0
TATNP;D;20060110;000000;66.7;68;64;66.8;293700;0
TATNP;D;20060111;000000;66.9;67.25;65.2;65.5;579500;0
TATNP;D;20060112;000000;66.44;72.9;66.44;70.5;1114300;0
TATNP;D;20060113;000000;70.5;73.46;68.61;72.15;555200;0
TATNP;D;20060116;000000;72.5;75.3;72.1;75;312400;0
TATNP;D;20060117;000000;75;79;71.94;74;393700;0
TATNP;D;20060118;000000;72;74.65;70.61;73.9;297600;0
TATNP;D;20060119;000000;74;76.29;72.22;76;232400;0
TATNP;D;20060120;000000;79.35;79.8;76.52;78.8;538500;0
TATNP;D;20060123;000000;78;79;76.2;76.2;485300;0
TATNP;D;20060124;000000;77.2;77.69;75.5;76.28;173400;0
TATNP;D;20060125;000000;76.31;77.75;75;77;298000;0
TATNP;D;20060126;000000;76.9;77;76.1;76.1;53000;0
TATNP;D;20060127;000000;77.49;79.75;77.48;78.62;720600;0
TATNP;D;20060130;000000;80;80.71;76.1;78.3;1379200;0
TATNP;D;20060131;000000;78.3;80;77.5;78.5;807900;0
TATNP;D;20060201;000000;80.34;82.76;76.61;82.76;463700;0
TATNP;D;20060202;000000;82.9;86.84;81.7;84.85;610600;0
TATNP;D;20060203;000000;83.12;84;80.9;82.32;364900;0
TATNP;D;20060206;000000;82.27;87;82.27;86.5;673800;0
TATNP;D;20060207;000000;87.26;87.46;85;85.23;220000;0
TATNP;D;20060208;000000;84.06;85;81.5;84.5;185500;0
TATNP;D;20060209;000000;84.5;87;84.5;87;184400;0
TATNP;D;20060210;000000;87.79;87.79;85;85;833800;0
TATNP;D;20060213;000000;84;85.5;82.5;82.82;208100;0
TATNP;D;20060214;000000;82.3;83;80;80.7;161100;0
TATNP;D;20060215;000000;81.37;83.3;80.8;82.5;223100;0
TATNP;D;20060216;000000;82.26;83.34;81.4;82.99;117300;0
TATNP;D;20060217;000000;83;85.97;83;85.5;217000;0
TATNP;D;20060220;000000;85.55;92.97;85.55;92;1417900;0
TATNP;D;20060221;000000;92.9;92.9;87;89.5;545500;0
TATNP;D;20060222;000000;89.5;91.65;88;90.51;294400;0
TATNP;D;20060226;000000;90.8;101;90.8;98;846300;0
TATNP;D;20060227;000000;97.5;98.4;94.5;96.1;1132600;0
TATNP;D;20060228;000000;96.1;101.8;91;93.8;1354700;0
TATNP;D;20060301;000000;93.65;99;91.8;96.7;1164700;0
TATNP;D;20060302;000000;96.1;108.88;96.1;104;2781800;0
TATNP;D;20060303;000000;104.74;110.2;101.4;107;858100;0
TATNP;D;20060306;000000;102.65;108.89;102.65;106;484500;0
TATNP;D;20060307;000000;103;105;94.5;95.69;1183800;0
TATNP;D;20060309;000000;90.47;95.01;90.03;93.55;1402100;0
TATNP;D;20060310;000000;94.4;94.9;88.6;89.9;561300;0
TATNP;D;20060313;000000;92.07;93;90;92.2;381900;0
TATNP;D;20060314;000000;94.9;94.9;86;88.98;453300;0
TATNP;D;20060315;000000;90.31;90.5;85.5;87.8;265900;0
TATNP;D;20060316;000000;87.7;90;84;87.9;260500;0
TATNP;D;20060317;000000;87.8;93.4;87.8;93;303400;0
TATNP;D;20060320;000000;94.7;98;93;94;574700;0
TATNP;D;20060321;000000;93.5;94.5;90.7;93.47;136300;0
TATNP;D;20060322;000000;94;94;91;93.59;246200;0
TATNP;D;20060323;000000;93.9;95.2;93.75;95.19;271100;0
TATNP;D;20060324;000000;95.19;95.5;91;92.98;535500;0
TATNP;D;20060327;000000;92.05;93.5;90.04;90.71;215300;0
TATNP;D;20060328;000000;91.5;91.5;90;90.45;289200;0
TATNP;D;20060329;000000;91.7;91.7;85.24;87;427700;0
TATNP;D;20060330;000000;87.99;89.7;87;88.34;686400;0
TATNP;D;20060331;000000;88.47;89;87.56;87.63;238600;0
TATNP;D;20060403;000000;87;89.75;87;89.73;352600;0
TATNP;D;20060404;000000;90.2;90.49;88.1;88.46;165700;0
TATNP;D;20060405;000000;88.45;89.4;88.15;89;157600;0
TATNP;D;20060406;000000;89.4;91.67;88.91;90.45;413200;0
TATNP;D;20060407;000000;91.2;91.5;89;91.2;552900;0
TATNP;D;20060410;000000;91.2;91.5;89;91.02;261000;0
TATNP;D;20060411;000000;92.1;95;91.19;91.61;1104700;0
TATNP;D;20060412;000000;91.65;92.93;89.77;92;259300;0
TATNP;D;20060413;000000;92.5;93.89;91.02;91.02;336600;0
TATNP;D;20060414;000000;91.98;92.99;91.03;92.5;144400;0
TATNP;D;20060417;000000;96.18;96.18;92.5;95.01;919900;0
TATNP;D;20060418;000000;97.5;99;94.6;95;770600;0
TATNP;D;20060419;000000;95.84;98.5;94;95.65;552695;0
TATNP;D;20060420;000000;96.08;97;94.3;94.51;641828;0
TATNP;D;20060421;000000;94.52;94.58;93.21;94.3;352352;0
TATNP;D;20060424;000000;95.21;95.77;93.65;94.38;522343;0
TATNP;D;20060425;000000;94;95.09;93.71;94.15;418373;0
TATNP;D;20060426;000000;94.15;94.67;93.36;94.4;389091;0
TATNP;D;20060427;000000;94.9;95.4;90.04;91.47;209950;0
TATNP;D;20060428;000000;90;93.78;90;92.6;339834;0
TATNP;D;20060502;000000;93.89;95.1;93;94.35;454068;0
TATNP;D;20060503;000000;94.8;96.09;94.2;94.8;495280;0
TATNP;D;20060504;000000;94.05;95.57;93.5;94.88;148218;0
TATNP;D;20060505;000000;94;95.93;93.99;95.93;409187;0
TATNP;D;20060506;000000;93.01;96.49;93.01;95.7;63126;0
TATNP;D;20060510;000000;97.13;97.25;95.03;95.4;352362;0
TATNP;D;20060511;000000;93.77;95.93;91.27;93.89;251353;0
TATNP;D;20060512;000000;91.1;94.87;91.1;92.9;68495;0
TATNP;D;20060515;000000;91;91;83.01;84.1;179078;0
TATNP;D;20060516;000000;85;85;77.01;83.9;152601;0
TATNP;D;20060517;000000;84.1;86;79.01;79.01;183527;0
TATNP;D;20060518;000000;78.05;80.5;71;78.77;132610;0
TATNP;D;20060519;000000;83.97;94.99;76;76;91676;0
TATNP;D;20060522;000000;79.97;79.97;70.01;72;470083;0
TATNP;D;20060523;000000;70.05;78;68.01;78;378105;0
TATNP;D;20060524;000000;78.01;78.99;73.65;74.99;160156;0
TATNP;D;20060525;000000;74.01;81.96;72.2;81.96;283533;0
TATNP;D;20060526;000000;83.99;88;81.11;85;313455;0
TATNP;D;20060529;000000;88;88;80.12;81.5;254055;0
TATNP;D;20060530;000000;81.9;82.7;79.42;81;64008;0
TATNP;D;20060531;000000;78.1;81.8;77.6;79.5;61849;0
TATNP;D;20060601;000000;79.49;82.99;79;80.4;48822;0
TATNP;D;20060602;000000;81;85.89;81;85.01;588784;0
TATNP;D;20060605;000000;86.25;86.85;81.17;82.99;151254;0
TATNP;D;20060606;000000;82.15;83.97;77.52;79.99;143304;0
TATNP;D;20060607;000000;79.99;80.45;75.66;77;181267;0
TATNP;D;20060608;000000;77;78.7;73.01;73.55;195951;0
TATNP;D;20060609;000000;71.71;74.96;71;72.01;87350;0
TATNP;D;20060613;000000;70.01;71;63;64.5;134363;0
TATNP;D;20060614;000000;63.2;69;62.7;67;242698;0
TATNP;D;20060615;000000;68.04;74.98;67;72.8;151732;0
TATNP;D;20060616;000000;75;75;68.01;70.4;127742;0
TATNP;D;20060619;000000;68.06;71;68.06;70.84;44121;0
TATNP;D;20060620;000000;69.91;70.9;65.02;70.44;35805;0
TATNP;D;20060621;000000;71.99;73;64.6;68.9;240532;0
TATNP;D;20060622;000000;70.7;70.7;66;66.1;255069;0
TATNP;D;20060623;000000;65;67.98;65;66;141739;0
TATNP;D;20060626;000000;67.87;69;59.71;62.75;200969;0
TATNP;D;20060627;000000;63.85;65.5;62.5;65.5;228593;0
TATNP;D;20060628;000000;65;68.5;63.21;65.51;386533;0
TATNP;D;20060629;000000;65.88;68.5;64.12;66.75;233357;0
TATNP;D;20060630;000000;68.26;79.49;68.26;70.16;346761;0
TATNP;D;20060703;000000;70.99;76.47;70.99;74.49;704078;0
TATNP;D;20060704;000000;76.25;76.5;72.5;74.25;792647;0
TATNP;D;20060705;000000;74.15;75;66.1;67.15;539462;0
TATNP;D;20060706;000000;67.59;70.1;67.54;69.47;660227;0
TATNP;D;20060707;000000;69.88;71.43;68.1;69.4;502776;0
TATNP;D;20060710;000000;69;69.86;68.4;69.73;73325;0
TATNP;D;20060711;000000;69.73;70.45;68.7;69.4;326413;0
TATNP;D;20060712;000000;70.09;71.45;69.68;70.88;572446;0
TATNP;D;20060713;000000;73.24;73.24;68.72;69.48;817767;0
TATNP;D;20060714;000000;67.35;71.14;67.35;70.17;129618;0
TATNP;D;20060717;000000;68.53;70.52;68.34;69.48;50531;0
TATNP;D;20060718;000000;68.13;69.69;67;69;55270;0
TATNP;D;20060719;000000;68.4;72;68.01;71;143809;0
TATNP;D;20060720;000000;72.05;74;71.7;71.91;335993;0
TATNP;D;20060721;000000;71.75;72.17;70.05;71.24;115174;0
TATNP;D;20060724;000000;71.3;72.6;70.1;72.6;151882;0
TATNP;D;20060725;000000;74.03;75.9;73;73.98;683177;0
TATNP;D;20060726;000000;73.03;75.7;72.5;74.64;372164;0
TATNP;D;20060727;000000;75;75.7;73.75;75.43;572814;0
TATNP;D;20060728;000000;75.93;75.93;74;74.9;161029;0
TATNP;D;20060731;000000;75.5;75.5;73.52;73.95;352131;0
TATNP;D;20060801;000000;74;75.19;73.01;73.92;581813;0
TATNP;D;20060802;000000;73.9;74.7;73.17;74.5;229713;0
TATNP;D;20060803;000000;74.6;75.9;74;74.71;362226;0
TATNP;D;20060804;000000;75.3;78;74.85;78;962461;0
TATNP;D;20060807;000000;77.95;77.95;76;77.89;112416;0
TATNP;D;20060808;000000;78.15;78.21;76;76.36;149045;0
TATNP;D;20060809;000000;76.5;78.4;75.66;77.9;299758;0
TATNP;D;20060810;000000;78;78;76.8;76.99;181696;0
TATNP;D;20060811;000000;77;78.99;76.7;78;358862;0
TATNP;D;20060814;000000;78.49;80.8;78;78.25;537256;0
TATNP;D;20060815;000000;78.52;80.44;77.22;79.99;905042;0
TATNP;D;20060816;000000;81;89.5;80.32;88.29;3281971;0
TATNP;D;20060817;000000;89.05;90.2;85.5;89;676780;0
TATNP;D;20060818;000000;89;90.98;82.23;85;854697;0
TATNP;D;20060821;000000;85.11;87.38;83;86.1;347852;0
TATNP;D;20060822;000000;86.5;87.4;84.25;86.2;900412;0
TATNP;D;20060823;000000;86.1;87.8;85.2;87.4;436603;0
TATNP;D;20060824;000000;86.35;89.3;85.75;86.31;271420;0
TATNP;D;20060825;000000;86.76;88;86.09;87.01;81628;0
TATNP;D;20060828;000000;87.4;87.4;83.56;84.83;169689;0
TATNP;D;20060829;000000;84.02;87;83.01;85.37;273519;0
TATNP;D;20060830;000000;85.99;86.43;84.22;84.22;60111;0
TATNP;D;20060831;000000;86;87;84.08;85.3;46498;0
TATNP;D;20060901;000000;84.51;85.29;82;82.7;154673;0
TATNP;D;20060904;000000;84.99;85;82.5;84.5;71447;0
TATNP;D;20060905;000000;83.23;87.45;83.23;87.37;95147;0
TATNP;D;20060906;000000;87.19;87.37;83;83.7;77448;0
TATNP;D;20060907;000000;83.35;83.35;77.02;78.4;415279;0
TATNP;D;20060908;000000;78.7;78.95;77.05;77.49;53773;0
TATNP;D;20060911;000000;76.11;76.11;70;70.85;501495;0
TATNP;D;20060912;000000;71.99;72.88;70.35;72.18;247511;0
TATNP;D;20060913;000000;71.7;73.51;70.17;73.45;112239;0
TATNP;D;20060914;000000;74.2;77.3;73.31;74.94;455566;0
TATNP;D;20060915;000000;72;75.6;71.65;73.7;78373;0
TATNP;D;20060918;000000;75.84;75.85;73.5;74.35;87521;0
TATNP;D;20060919;000000;75.39;75.97;74.11;74.89;49748;0
TATNP;D;20060920;000000;73.95;74.3;72;73.75;39494;0
TATNP;D;20060921;000000;73.85;73.85;72;72.93;48256;0
TATNP;D;20060922;000000;72.93;72.93;69.11;69.58;165336;0
TATNP;D;20060925;000000;68.61;68.61;65.17;67.75;144309;0
TATNP;D;20060926;000000;69.98;70.85;68.62;70.01;168910;0
TATNP;D;20060927;000000;70.85;73.51;70.05;72.5;178458;0
TATNP;D;20060928;000000;74;74.59;69.11;74.3;171374;0
TATNP;D;20060929;000000;74;74.2;72.25;72.25;237281;0
TATNP;D;20061002;000000;72.99;73.49;69;71.26;284429;0
TATNP;D;20061003;000000;70.04;70.97;68.07;68.98;195195;0
TATNP;D;20061004;000000;66;69.95;66;69.89;244309;0
TATNP;D;20061005;000000;71;72;69;71.01;438625;0
TATNP;D;20061006;000000;71.2;71.2;69.5;70.2;156392;0
TATNP;D;20061009;000000;70.27;72.78;68.05;72;936073;0
TATNP;D;20061010;000000;72.4;72.45;70.2;70.87;322954;0
TATNP;D;20061011;000000;70.01;71.59;69.56;71.59;211118;0
TATNP;D;20061012;000000;70.59;72.4;70.33;71;204308;0
TATNP;D;20061013;000000;71.15;71.8;71;71.75;673588;0
TATNP;D;20061016;000000;72;72.49;71.5;71.99;311633;0
TATNP;D;20061017;000000;71.75;72.8;70.8;71;346332;0
TATNP;D;20061018;000000;72;72.3;70.51;72.1;313681;0
TATNP;D;20061019;000000;72;72.19;71.4;72.1;388537;0
TATNP;D;20061020;000000;72.37;72.5;70;70.53;577065;0
TATNP;D;20061023;000000;70.05;70.68;69.75;70.16;93348;0
TATNP;D;20061024;000000;70.4;70.89;70;70.55;63071;0
TATNP;D;20061025;000000;71.1;72;70.02;71.51;124347;0
TATNP;D;20061026;000000;72.45;72.51;71;71.43;521794;0
TATNP;D;20061027;000000;71.22;71.5;70.56;71.39;120797;0
TATNP;D;20061030;000000;71.41;71.49;69.5;69.99;315390;0
TATNP;D;20061031;000000;70.45;71.5;69.1;71.01;217389;0
TATNP;D;20061101;000000;71.02;71.83;70.9;71.5;141812;0
TATNP;D;20061102;000000;71.78;71.78;70.05;70.5;94570;0
TATNP;D;20061103;000000;70.18;71.3;70.18;71.2;73577;0
TATNP;D;20061107;000000;71.3;72.5;71.29;71.7;437522;0
TATNP;D;20061108;000000;71.61;72.09;70.7;70.94;36125;0
TATNP;D;20061109;000000;71.9;76.47;71.56;75.71;1606488;0
TATNP;D;20061110;000000;76.04;76.45;72.95;75.5;1037925;0
TATNP;D;20061113;000000;75;76.97;74.3;75.34;537295;0
TATNP;D;20061114;000000;74.81;76.36;74.7;74.9;525012;0
TATNP;D;20061115;000000;75;80;74.71;79.6;1362511;0
TATNP;D;20061116;000000;79.6;81;79;79.8;562347;0
TATNP;D;20061117;000000;81.15;81.15;75.51;78.63;410209;0
TATNP;D;20061120;000000;77.79;78.4;76;76;138972;0
TATNP;D;20061121;000000;76.77;78.49;76;78.4;272549;0
TATNP;D;20061122;000000;79.2;80;69.99;76.05;1567180;0
TATNP;D;20061123;000000;76.05;77.45;75.62;76.4;160531;0
TATNP;D;20061124;000000;75.61;77.98;75.1;77.4;302518;0
TATNP;D;20061127;000000;77.95;78;76.9;77.29;172185;0
TATNP;D;20061128;000000;76.99;77.5;76;76.4;395827;0
TATNP;D;20061129;000000;77.61;78.5;76.63;78.4;436631;0
TATNP;D;20061130;000000;79.48;79.9;77.01;77.4;322256;0
TATNP;D;20061201;000000;77.4;77.8;76.5;77.4;121212;0
TATNP;D;20061204;000000;77.77;78.2;77.3;77.35;225597;0
TATNP;D;20061205;000000;77.55;78.8;77.13;78.24;428503;0
TATNP;D;20061206;000000;77.51;78.7;77.3;78.56;415193;0
TATNP;D;20061207;000000;78.6;78.96;77.6;77.65;284904;0
TATNP;D;20061208;000000;77.99;78.3;77.14;77.99;126022;0
TATNP;D;20061211;000000;77.99;78;76.6;77.02;195543;0
TATNP;D;20061212;000000;77.02;77.02;76.2;76.45;101623;0
TATNP;D;20061213;000000;76.45;77.2;74.5;77;322683;0
TATNP;D;20061214;000000;73.5;77.8;73.5;77;178300;0
TATNP;D;20061215;000000;77.81;77.81;76.61;77.5;117724;0
TATNP;D;20061218;000000;77.5;77.79;76.27;76.5;336142;0
TATNP;D;20061219;000000;76.5;77.3;74.5;75.88;798135;0
TATNP;D;20061220;000000;76.3;76.96;75.86;76;316394;0
TATNP;D;20061221;000000;76.37;77.6;75.02;77.4;306566;0
TATNP;D;20061222;000000;77.6;78.5;76.35;76.86;251676;0
TATNP;D;20061225;000000;76.87;77;76;76.69;117336;0
TATNP;D;20061226;000000;76.54;76.7;75.5;75.73;331484;0
TATNP;D;20061227;000000;75.81;77.47;75.5;77;340080;0
TATNP;D;20061228;000000;77.43;78.28;76.53;76.98;371221;0
TATNP;D;20061229;000000;77.01;77.99;76.8;77.31;56650;0
TATNP;D;20070109;000000;76.58;76.58;71.53;72.01;879055;0
TATNP;D;20070110;000000;71.67;73.22;71.5;72.99;165745;0
TATNP;D;20070111;000000;72.75;75.36;72.2;73.19;180566;0
TATNP;D;20070112;000000;72.51;73.6;72.15;72.22;52009;0
TATNP;D;20070115;000000;75.24;75.24;73.07;74.41;166703;0
TATNP;D;20070116;000000;74.9;74.9;72.5;72.5;266798;0
TATNP;D;20070117;000000;72.1;73;70.05;71.28;415201;0
TATNP;D;20070118;000000;71.39;73.93;70.6;72.3;421668;0
TATNP;D;20070119;000000;71.55;73.44;71.08;73.44;132740;0
TATNP;D;20070122;000000;73.47;74.22;72.9;73.41;285380;0
TATNP;D;20070123;000000;73.41;73.41;71.65;72;201925;0
TATNP;D;20070124;000000;72.94;73.82;71.7;71.7;385020;0
TATNP;D;20070125;000000;72.02;73.19;71.83;72.84;174337;0
TATNP;D;20070126;000000;71.9;72.7;71.6;72.49;87909;0
TATNP;D;20070129;000000;72.77;73;71.22;71.97;273168;0
TATNP;D;20070130;000000;71.97;71.97;71.01;71.71;75887;0
TATNP;D;20070131;000000;73.89;73.89;71.24;71.67;416032;0
TATNP;D;20070201;000000;73.85;73.85;72.01;72.7;179501;0
TATNP;D;20070202;000000;72.76;73;71.51;71.85;328133;0
TATNP;D;20070205;000000;73.35;73.35;71.66;72.37;474512;0
TATNP;D;20070206;000000;72.5;73.8;72.3;73.2;821350;0
TATNP;D;20070207;000000;73.21;73.98;72.55;73.5;264967;0
TATNP;D;20070208;000000;73.21;73.21;71.4;72;1009702;0
TATNP;D;20070209;000000;72.4;73.01;71.5;72.3;74418;0
TATNP;D;20070212;000000;72;72.09;71.09;71.22;169496;0
TATNP;D;20070213;000000;71;71.45;68.13;71.39;333653;0
TATNP;D;20070214;000000;72;72.49;71.15;71.59;57492;0
TATNP;D;20070215;000000;71.8;71.99;70.98;70.98;334375;0
TATNP;D;20070216;000000;71.5;71.5;70.56;70.85;91955;0
TATNP;D;20070219;000000;71.01;71.51;70.79;70.79;321669;0
TATNP;D;20070220;000000;71;71;69.51;69.51;295132;0
TATNP;D;20070221;000000;66.31;70.45;66.31;69.94;84615;0
TATNP;D;20070222;000000;70.75;72;70.05;71.6;548077;0
TATNP;D;20070226;000000;73;73.4;72;72.62;628026;0
TATNP;D;20070227;000000;72.62;72.62;70.02;71.29;368045;0
TATNP;D;20070228;000000;69.4;70;66.16;68.8;502121;0
TATNP;D;20070301;000000;68.8;75.6;64;66.5;773444;0
TATNP;D;20070302;000000;66.55;69.5;65.49;69.38;261861;0
TATNP;D;20070305;000000;67;67;58;64.25;718297;0
TATNP;D;20070306;000000;64.61;67.9;64.49;66.45;116268;0
TATNP;D;20070307;000000;67.51;71.5;66.5;67.98;160407;0
TATNP;D;20070309;000000;69.46;70;67.01;70;290283;0
TATNP;D;20070312;000000;70;71.3;68.2;68.85;597742;0
TATNP;D;20070313;000000;68.97;69.69;68;69.14;304667;0
TATNP;D;20070314;000000;67.5;67.5;65.2;65.99;587724;0
TATNP;D;20070315;000000;66.99;71;66.41;68.99;1009023;0
TATNP;D;20070316;000000;68.1;70.19;68.02;69.5;637517;0
TATNP;D;20070319;000000;70.9;71.09;69.04;70.45;258640;0
TATNP;D;20070320;000000;70.47;70.47;69;69.49;186780;0
TATNP;D;20070321;000000;69.73;70.25;69;69.97;83610;0
TATNP;D;20070322;000000;71.1;72;70.15;70.7;667141;0
TATNP;D;20070323;000000;70.79;72.5;70.3;72;574327;0
TATNP;D;20070326;000000;71.57;73.7;71.57;73.67;885491;0
TATNP;D;20070327;000000;73.59;73.59;72.1;72.89;707271;0
TATNP;D;20070328;000000;72.54;75.45;72.4;74.21;1237974;0
TATNP;D;20070329;000000;74.49;75.89;74.03;75.67;977132;0
TATNP;D;20070330;000000;77;77;75;75.75;571518;0
TATNP;D;20070402;000000;74.5;75.56;74.36;75.2;171723;0
TATNP;D;20070403;000000;75;75.5;73.37;73.96;266252;0
TATNP;D;20070404;000000;71.7;76;71.7;74.79;429690;0
TATNP;D;20070405;000000;74.11;77.58;74.1;77.3;526008;0
TATNP;D;20070406;000000;77.23;78.88;76.27;78.35;596891;0
TATNP;D;20070409;000000;78.76;79;77.62;77.9;362004;0
TATNP;D;20070410;000000;77.67;77.67;76.06;77.1;147074;0
TATNP;D;20070411;000000;77.01;79.4;77.01;77.56;416828;0
TATNP;D;20070412;000000;77.49;77.52;75.5;75.9;707088;0
TATNP;D;20070413;000000;77.2;77.39;75.9;76.88;481094;0
TATNP;D;20070416;000000;77.38;78.88;76.41;77.02;281332;0
TATNP;D;20070417;000000;77;77.35;76;76.99;1094360;0
TATNP;D;20070418;000000;72.71;77.45;72.71;75.74;706824;0
TATNP;D;20070419;000000;74.85;75.5;73.56;75.1;239343;0
TATNP;D;20070420;000000;75.49;78.5;75.01;78.45;684906;0
TATNP;D;20070423;000000;78.43;79.45;77.5;77.51;128331;0
TATNP;D;20070424;000000;78.02;79.4;77;78.77;801847;0
TATNP;D;20070425;000000;77.37;78.5;76.61;77.99;870939;0
TATNP;D;20070426;000000;79.45;79.45;76.98;78;484759;0
TATNP;D;20070427;000000;77.7;77.76;75;75.5;577056;0
TATNP;D;20070428;000000;75.63;76.99;75.63;76.05;74157;0
TATNP;D;20070502;000000;76.78;79.6;76.78;78;563122;0
TATNP;D;20070503;000000;79.24;79.9;78.47;78.92;758986;0
TATNP;D;20070504;000000;79.38;79.38;78;78.98;502715;0
TATNP;D;20070507;000000;79.15;79.5;78.4;78.77;214067;0
TATNP;D;20070508;000000;78.71;79.34;77.5;78.4;180883;0
TATNP;D;20070510;000000;78.7;79.19;77.9;78;644929;0
TATNP;D;20070511;000000;78;78;76.4;77.59;729299;0
TATNP;D;20070514;000000;76.76;76.76;72.55;73.75;704947;0
TATNP;D;20070515;000000;73.45;73.45;69.28;69.98;850492;0
TATNP;D;20070516;000000;70.05;70.77;69.37;70;484918;0
TATNP;D;20070517;000000;71.38;71.38;68.8;69.14;292088;0
TATNP;D;20070518;000000;69.95;70.09;69.43;69.63;81936;0
TATNP;D;20070521;000000;71.21;71.21;69.77;70.22;114183;0
TATNP;D;20070522;000000;70.22;70.52;68.91;70.52;314674;0
TATNP;D;20070523;000000;70.45;70.45;68.01;68.75;343523;0
TATNP;D;20070524;000000;68.02;68.2;63.55;68;493151;0
TATNP;D;20070525;000000;66.22;68.45;66.22;67.9;73106;0
TATNP;D;20070528;000000;67.52;67.98;66.05;66.32;167263;0
TATNP;D;20070529;000000;66.84;66.84;64.5;64.7;305104;0
TATNP;D;20070530;000000;63.98;64.5;62.99;64.13;374177;0
TATNP;D;20070531;000000;64.4;65.3;64.14;65;1732896;0
TATNP;D;20070601;000000;67.45;67.45;64;65.5;5134997;0
TATNP;D;20070604;000000;65.5;65.65;64.55;65.31;288100;0
TATNP;D;20070605;000000;65.6;66.4;65.31;66.35;823935;0
TATNP;D;20070606;000000;66.77;66.85;65.3;65.7;20788;0
TATNP;D;20070607;000000;66.12;66.4;65.34;65.5;165318;0
TATNP;D;20070608;000000;65.3;65.4;64.17;65.4;73357;0
TATNP;D;20070609;000000;65.1;65.75;64.66;65.61;38993;0
TATNP;D;20070613;000000;64.73;66.54;64.5;66.54;255927;0
TATNP;D;20070614;000000;66.7;67.45;66.57;67.33;475662;0
TATNP;D;20070615;000000;67.42;68.3;66.8;67.3;573955;0
TATNP;D;20070618;000000;67.63;68.19;66.82;67.7;629516;0
TATNP;D;20070619;000000;67.96;68.31;67.31;67.97;273342;0
TATNP;D;20070620;000000;67.89;68.85;67.7;68.65;299263;0
TATNP;D;20070621;000000;68.33;68.4;67.75;67.8;291788;0
TATNP;D;20070622;000000;67.8;68;66.7;68;131879;0
TATNP;D;20070625;000000;67.06;67.89;66.12;67.65;330380;0
TATNP;D;20070626;000000;67.69;67.73;67.39;67.59;55597;0
TATNP;D;20070627;000000;66.8;67.32;66.8;67.32;140146;0
TATNP;D;20070628;000000;67.16;68.8;67.16;67.45;216319;0
TATNP;D;20070629;000000;67.3;68;67.26;67.71;146887;0
TATNP;D;20070702;000000;67.8;68.9;66.65;68.7;99755;0
TATNP;D;20070703;000000;68.99;70.5;68.99;70.5;494364;0
TATNP;D;20070704;000000;73.35;73.35;70.25;71.2;58222;0
TATNP;D;20070705;000000;69;72.76;69;72.32;657099;0
TATNP;D;20070706;000000;72.5;72.87;71.89;72.2;240386;0
TATNP;D;20070709;000000;72.31;74;72.31;73.96;247897;0
TATNP;D;20070710;000000;73.35;73.5;72.06;72.71;197461;0
TATNP;D;20070711;000000;72.98;73.5;72.53;73.2;217645;0
TATNP;D;20070712;000000;73.24;76.7;73.24;76.65;591461;0
TATNP;D;20070713;000000;77.1;78.48;75.32;75.99;437021;0
TATNP;D;20070716;000000;76.39;76.39;75;76.09;284983;0
TATNP;D;20070717;000000;76.04;76.04;74.2;75.35;265177;0
TATNP;D;20070718;000000;74.95;75.35;73.27;73.4;240924;0
TATNP;D;20070719;000000;73.9;75.79;73.9;75.64;666292;0
TATNP;D;20070720;000000;75.6;76.9;74.51;74.71;195545;0
TATNP;D;20070723;000000;73.8;75.9;73.8;75.46;99439;0
TATNP;D;20070724;000000;76.85;76.85;74;74.22;253623;0
TATNP;D;20070725;000000;73.5;74.01;70.05;74;324866;0
TATNP;D;20070726;000000;74.6;74.8;72.15;72.15;161066;0
TATNP;D;20070727;000000;70.73;74.9;70.73;72.8;212743;0
TATNP;D;20070730;000000;73;74.5;72.06;72.5;147235;0
TATNP;D;20070731;000000;72.7;74.4;72.7;74.1;66551;0
TATNP;D;20070801;000000;73.85;75.69;72.41;73.7;693187;0
TATNP;D;20070802;000000;75.67;75.68;74;75;31412;0
TATNP;D;20070803;000000;75.1;75.3;74.15;74.35;103317;0
TATNP;D;20070806;000000;74.6;74.6;73;73.4;17520;0
TATNP;D;20070807;000000;73.02;75;72.13;74.5;85801;0
TATNP;D;20070808;000000;74.55;75.98;74.55;75.98;106942;0
TATNP;D;20070809;000000;76.01;76.4;73.03;73.16;180410;0
TATNP;D;20070810;000000;72.7;73.47;71.2;72.7;78371;0
TATNP;D;20070813;000000;73.04;75.7;73;75.5;96366;0
TATNP;D;20070814;000000;75.1;76.9;74.7;76;110766;0
TATNP;D;20070815;000000;75.7;75.7;73.12;74.7;54414;0
TATNP;D;20070816;000000;73.21;73.98;71;72;109146;0
TATNP;D;20070817;000000;71;75;69.8;72.97;222025;0
TATNP;D;20070820;000000;73.05;73.5;71.5;71.5;64799;0
TATNP;D;20070821;000000;71.35;71.8;69.7;71.4;91839;0
TATNP;D;20070822;000000;71.08;72.12;70.98;72.1;176857;0
TATNP;D;20070823;000000;72.96;72.97;71.07;71.51;112018;0
TATNP;D;20070824;000000;71.99;72.5;70.99;71.02;30571;0
TATNP;D;20070827;000000;71.7;73;71.01;71.56;36247;0
TATNP;D;20070828;000000;70.04;71.29;70.03;70.8;100407;0
TATNP;D;20070829;000000;70.36;71.99;69.8;71.99;95326;0
TATNP;D;20070830;000000;71.45;72.28;70.25;70.31;61578;0
TATNP;D;20070831;000000;71.58;71.98;70.61;71.5;54813;0
TATNP;D;20070903;000000;71.01;71.75;70.7;71.49;66334;0
TATNP;D;20070904;000000;71.45;71.45;70.41;70.51;43122;0
TATNP;D;20070905;000000;70.98;70.99;70.21;70.68;96511;0
TATNP;D;20070906;000000;70.5;71.48;70.5;71.11;169924;0
TATNP;D;20070907;000000;71;71.18;69.75;70.98;115836;0
TATNP;D;20070910;000000;69.8;70.69;69.8;70.2;22256;0
TATNP;D;20070911;000000;70.64;70.85;70.01;70.5;27838;0
TATNP;D;20070912;000000;70.94;70.95;68.72;69;78815;0
TATNP;D;20070913;000000;69.11;69.87;68.6;69.83;73548;0
TATNP;D;20070914;000000;69.83;70.49;69.3;69.9;76977;0
TATNP;D;20070917;000000;69.4;69.7;69.01;69.2;15719;0
TATNP;D;20070918;000000;69.39;70;69.3;70;71393;0
TATNP;D;20070919;000000;70.65;71.55;70.33;71.27;143970;0
TATNP;D;20070920;000000;71.27;71.27;69.73;70.45;56220;0
TATNP;D;20070921;000000;70.59;71.8;70.09;71.67;311907;0
TATNP;D;20070924;000000;71.99;72.75;70.6;72;192432;0
TATNP;D;20070925;000000;71.03;72;71;71;202701;0
TATNP;D;20070926;000000;71.99;74.97;71.95;73.98;393154;0
TATNP;D;20070927;000000;74;74.89;73.3;74.8;290248;0
TATNP;D;20070928;000000;74.67;75.17;74.15;74.95;214687;0
TATNP;D;20071001;000000;74.7;74.72;73;73.5;103244;0
TATNP;D;20071002;000000;74.1;75.09;73.2;75;120520;0
TATNP;D;20071003;000000;78.33;78.33;74.01;75.25;340819;0
TATNP;D;20071004;000000;77.75;77.75;74.38;75;165722;0
TATNP;D;20071005;000000;75.7;78.5;74.89;76.59;493339;0
TATNP;D;20071008;000000;75.79;76.87;75.7;75.99;137673;0
TATNP;D;20071009;000000;75.54;76.6;75.1;76.6;192140;0
TATNP;D;20071010;000000;76.89;76.89;76;76.46;324062;0
TATNP;D;20071011;000000;75.15;77.34;75.15;77.01;419863;0
TATNP;D;20071012;000000;77.02;77.3;75.02;77;310656;0
TATNP;D;20071015;000000;80.35;80.35;76.66;78;460512;0
TATNP;D;20071016;000000;78;78.69;77;78;118966;0
TATNP;D;20071017;000000;78;78.2;77;77.99;112895;0
TATNP;D;20071018;000000;80.59;80.59;77.5;77.99;388416;0
TATNP;D;20071019;000000;77.98;78.34;76.2;77.5;27623;0
TATNP;D;20071022;000000;76.75;76.75;73.31;75.99;155390;0
TATNP;D;20071023;000000;76;77.3;74.31;77;110476;0
TATNP;D;20071024;000000;77.1;77.1;75.7;76.51;37890;0
TATNP;D;20071025;000000;76.99;77.9;76.51;77.08;151710;0
TATNP;D;20071026;000000;81.25;81.25;76.87;79.97;912094;0
TATNP;D;20071029;000000;80.65;81.9;79.6;80;1090624;0
TATNP;D;20071030;000000;83.1;83.1;79;79.97;251828;0
TATNP;D;20071031;000000;79.1;80.43;79.01;80.19;361497;0
TATNP;D;20071101;000000;80.5;80.78;77.99;79;389602;0
TATNP;D;20071102;000000;78.7;79.99;77.11;78.9;444876;0
TATNP;D;20071106;000000;78.9;81.2;78.89;80.51;570653;0
TATNP;D;20071107;000000;80.52;81.5;79.1;80.5;488938;0
TATNP;D;20071108;000000;80.5;81.27;79.16;80.73;348475;0
TATNP;D;20071109;000000;80.7;81.5;78.5;79;83500;0
TATNP;D;20071112;000000;79;79.7;78;78.5;112742;0
TATNP;D;20071113;000000;78.5;79;77.75;78.37;78136;0
TATNP;D;20071114;000000;78.99;78.99;76;78.5;197439;0
TATNP;D;20071115;000000;78.5;79.94;77.22;78.79;55077;0
TATNP;D;20071116;000000;77.98;77.99;76.7;77.35;51042;0
TATNP;D;20071119;000000;77.14;77.94;76;76.5;68400;0
TATNP;D;20071120;000000;76.9;77.44;75.66;76.95;71297;0
TATNP;D;20071121;000000;76.4;77.3;75.84;75.84;64774;0
TATNP;D;20071122;000000;76.96;76.98;75.09;75.73;18543;0
TATNP;D;20071123;000000;76.15;76.46;75;76;39547;0
TATNP;D;20071126;000000;76.4;77.95;76.05;77.67;152297;0
TATNP;D;20071127;000000;77.21;77.29;76.06;76.65;93770;0
TATNP;D;20071128;000000;76.8;77.68;76.13;77.48;71845;0
TATNP;D;20071129;000000;77.85;78.4;76.56;77.83;98854;0
TATNP;D;20071130;000000;78.67;78.67;77.13;78.65;189564;0
TATNP;D;20071203;000000;78.69;79;77.93;78.3;73565;0
TATNP;D;20071204;000000;78.3;78.98;77.99;78.39;102911;0
TATNP;D;20071205;000000;78.31;79.99;77.4;79.22;172690;0
TATNP;D;20071206;000000;79.3;79.98;78.7;78.85;355812;0
TATNP;D;20071207;000000;79.2;79.6;78.9;78.96;57296;0
TATNP;D;20071210;000000;78.56;80.34;77.99;80.29;266577;0
TATNP;D;20071211;000000;80.29;81.6;80.15;81.5;524729;0
TATNP;D;20071212;000000;80;81.38;80;81.35;109164;0
TATNP;D;20071213;000000;83.3;83.3;80.07;80.65;171009;0
TATNP;D;20071214;000000;80.65;80.65;79.49;79.49;382195;0
TATNP;D;20071217;000000;79.5;79.78;76.08;79.49;78620;0
TATNP;D;20071218;000000;79.76;80.68;78.7;79.44;49233;0
TATNP;D;20071219;000000;79.79;79.99;78.3;79.49;85031;0
TATNP;D;20071220;000000;79.03;80.02;79.02;79.4;66039;0
TATNP;D;20071221;000000;79.99;80;78.64;79.55;95006;0
TATNP;D;20071224;000000;80;81.39;80;81;510161;0
TATNP;D;20071225;000000;81.25;81.8;80.5;81.55;751061;0
TATNP;D;20071226;000000;81.07;83.5;80.55;83.01;393574;0
TATNP;D;20071227;000000;83.49;84;82;83.4;250405;0
TATNP;D;20071228;000000;82.03;87;81.1;87;1035316;0
TATNP;D;20080109;000000;83.71;88.2;83.71;85;115120;0
TATNP;D;20080110;000000;84.96;86;84.51;85.79;112922;0
TATNP;D;20080111;000000;84.61;87.1;84.61;85.8;34370;0
TATNP;D;20080114;000000;84.53;86.92;84.52;85.85;44113;0
TATNP;D;20080115;000000;85.85;86.39;84.99;85;65642;0
TATNP;D;20080116;000000;85;85;79;80.49;445144;0
TATNP;D;20080117;000000;79.16;80.98;77.77;79.4;85233;0
TATNP;D;20080118;000000;79.4;79.4;77.2;78.97;98928;0
TATNP;D;20080121;000000;78.96;78.97;73;74.3;140660;0
TATNP;D;20080122;000000;72.11;73.87;61;70.5;318732;0
TATNP;D;20080123;000000;72.98;73.88;67.55;67.55;71008;0
TATNP;D;20080124;000000;69.32;72.37;68;70.54;179633;0
TATNP;D;20080125;000000;72;73.73;71.2;73.5;32168;0
TATNP;D;20080128;000000;71.98;71.98;69;70.01;71796;0
TATNP;D;20080129;000000;72;75.42;70.5;71.1;50057;0
TATNP;D;20080130;000000;71;71;69.81;69.94;42862;0
TATNP;D;20080131;000000;69.82;70.3;66.9;67.79;76543;0
TATNP;D;20080201;000000;68.45;71.71;68.01;70.19;72255;0
TATNP;D;20080204;000000;71.18;71.98;70.04;70.19;25103;0
TATNP;D;20080205;000000;69.9;71.5;69.06;69.99;42317;0
TATNP;D;20080206;000000;69.01;69.96;67.31;69.08;145483;0
TATNP;D;20080207;000000;68.81;69.39;65;66.5;206462;0
TATNP;D;20080208;000000;66.98;67.26;65.12;66;388573;0
TATNP;D;20080211;000000;66.2;68.94;65.5;68;42221;0
TATNP;D;20080212;000000;68;70;68;69.2;233458;0
TATNP;D;20080213;000000;69.4;70;68;70;78253;0
TATNP;D;20080214;000000;73;73;70.05;70.98;100321;0
TATNP;D;20080215;000000;69.52;71.35;69.16;70.77;266682;0
TATNP;D;20080218;000000;70.8;72.85;70.3;72.85;267966;0
TATNP;D;20080219;000000;72.07;73.96;72.06;73.7;163773;0
TATNP;D;20080220;000000;72.77;74.3;72.47;72.83;177826;0
TATNP;D;20080221;000000;74.94;76;74.25;75.5;96086;0
TATNP;D;20080222;000000;73.82;76.5;73.11;75;116251;0
TATNP;D;20080226;000000;78.23;78.23;75.16;76.77;102106;0
TATNP;D;20080227;000000;77.16;77.4;74.68;76.44;755418;0
TATNP;D;20080228;000000;76;78.86;75.05;78.8;223345;0
TATNP;D;20080229;000000;77.11;79.15;76.98;78.2;171088;0
TATNP;D;20080303;000000;75.06;79;60.1;76;601490;0
TATNP;D;20080304;000000;76.5;78.28;76;78;104519;0
TATNP;D;20080305;000000;77.13;77.54;76.38;76.99;56301;0
TATNP;D;20080306;000000;77.54;79.1;77.25;78.03;191506;0
TATNP;D;20080307;000000;78.25;78.25;75.11;76.45;255688;0
TATNP;D;20080311;000000;76;78;75.5;77.96;541767;0
TATNP;D;20080312;000000;77.9;78.49;76.5;77.7;82669;0
TATNP;D;20080313;000000;76.6;78.95;75.51;76.47;157895;0
TATNP;D;20080314;000000;77;78.49;76.8;78;227594;0
TATNP;D;20080317;000000;76.5;76.55;73.18;74.88;102820;0
TATNP;D;20080318;000000;73.01;76;73.01;75.99;25715;0
TATNP;D;20080319;000000;76.51;76.83;75.3;75.61;172711;0
TATNP;D;20080320;000000;75.26;75.26;73.51;74.1;295990;0
TATNP;D;20080321;000000;74.88;74.88;73.7;73.8;181886;0
TATNP;D;20080324;000000;73.99;74.6;73.97;74.5;194095;0
TATNP;D;20080325;000000;73.77;76.53;73.51;76;318649;0
TATNP;D;20080326;000000;76.7;77.36;75.32;76.44;170030;0
TATNP;D;20080327;000000;76.4;78.3;76;77.12;192820;0
TATNP;D;20080328;000000;77.79;78.5;76;78.5;142719;0
TATNP;D;20080331;000000;76.17;82.01;76.17;79.2;1207119;0
TATNP;D;20080401;000000;79.01;81.98;78;79.63;94521;0
TATNP;D;20080402;000000;80.29;80.5;79.05;79.71;271041;0
TATNP;D;20080403;000000;81.7;81.7;78;78;46628;0
TATNP;D;20080404;000000;77;78.63;77;78.63;149206;0
TATNP;D;20080407;000000;78.8;81;78.37;81;142633;0
TATNP;D;20080408;000000;79.42;80.99;79.4;80.99;98362;0
TATNP;D;20080409;000000;80.01;83.9;80;83.15;219886;0
TATNP;D;20080410;000000;82.5;84.06;81.85;83.85;471759;0
TATNP;D;20080411;000000;83;83.99;79.01;80.2;607126;0
TATNP;D;20080414;000000;79.1;81;79.1;80.87;392406;0
TATNP;D;20080415;000000;80;82.85;79.89;81.2;875159;0
TATNP;D;20080416;000000;82.49;82.49;80.51;81.74;486576;0
TATNP;D;20080417;000000;81.5;81.5;80.7;81;132669;0
TATNP;D;20080418;000000;80.99;82.69;80.36;81.33;595679;0
TATNP;D;20080421;000000;82.49;82.49;81.4;81.5;346028;0
TATNP;D;20080422;000000;81.5;82.8;80.71;81.5;282705;0
TATNP;D;20080423;000000;81;82.6;79;82.6;812144;0
TATNP;D;20080424;000000;81.99;81.99;80.45;81;84797;0
TATNP;D;20080425;000000;81;81.81;80.31;81.77;204543;0
TATNP;D;20080428;000000;81.89;84.94;81.89;84.7;812311;0
TATNP;D;20080429;000000;85;85.47;83.51;83.55;478594;0
TATNP;D;20080430;000000;83.6;83.78;82.22;82.5;467376;0
TATNP;D;20080504;000000;83;84.78;83;84.4;80220;0
TATNP;D;20080505;000000;84.55;84.55;83.54;84;326141;0
TATNP;D;20080506;000000;84.07;84.99;83.77;84.8;863196;0
TATNP;D;20080507;000000;85;86.5;84.83;86.47;1131298;0
TATNP;D;20080512;000000;86.8;88.6;83.16;87.05;1650528;0
TATNP;D;20080513;000000;87;87;83;86;846088;0
TATNP;D;20080514;000000;86;87.3;85.25;87.21;814803;0
TATNP;D;20080515;000000;87;91;85.99;89.7;1444976;0
TATNP;D;20080516;000000;89.7;89.99;89.04;89.5;219217;0
TATNP;D;20080519;000000;89.43;89.6;87.73;89.58;236469;0
TATNP;D;20080520;000000;89;89;86.37;88;345551;0
TATNP;D;20080521;000000;87.02;89.87;86.81;89.11;243191;0
TATNP;D;20080522;000000;88.63;91;88.23;91;418031;0
TATNP;D;20080523;000000;90.02;91;89;90.55;272917;0
TATNP;D;20080526;000000;90.55;90.85;89.12;90.3;348482;0
TATNP;D;20080527;000000;90.14;90.47;89.35;89.5;160786;0
TATNP;D;20080528;000000;88.99;89.35;87.05;89.2;110582;0
TATNP;D;20080529;000000;90;91.98;89.57;90.34;267468;0
TATNP;D;20080530;000000;89.3;90.5;88.25;90;71772;0
TATNP;D;20080602;000000;89.04;90;88;88.1;38811;0
TATNP;D;20080603;000000;88.1;88.47;87.32;87.71;45244;0
TATNP;D;20080604;000000;87.71;87.71;84.98;85.3;282386;0
TATNP;D;20080605;000000;85;86.8;85;86.69;136154;0
TATNP;D;20080606;000000;86.8;87.15;86.02;86.76;125058;0
TATNP;D;20080607;000000;86.94;90.9;85.02;85.4;25604;0
TATNP;D;20080609;000000;85.4;86.4;84.62;85.22;16392;0
TATNP;D;20080610;000000;85;86.93;84.2;86.7;122751;0
TATNP;D;20080611;000000;86;87.1;86;87;177187;0
TATNP;D;20080616;000000;86;86.88;85.3;85.4;46812;0
TATNP;D;20080617;000000;85.45;88.37;85.45;88.37;225878;0
TATNP;D;20080618;000000;88.2;89;87;89;118912;0
TATNP;D;20080619;000000;89.14;90.66;89;90.47;354269;0
TATNP;D;20080620;000000;90;90.75;89.11;90;267756;0
TATNP;D;20080623;000000;90;90.04;88.02;89;91990;0
TATNP;D;20080624;000000;89.69;90;87;87.5;545708;0
TATNP;D;20080625;000000;88;90;88;89.3;129501;0
TATNP;D;20080626;000000;89.4;89.5;86.01;86.51;88187;0
TATNP;D;20080627;000000;86.04;87.37;85;87;16956;0
TATNP;D;20080630;000000;87.5;90;84.99;85.5;269564;0
TATNP;D;20080701;000000;86;86.82;79.02;80.6;75571;0
TATNP;D;20080702;000000;80.56;82.28;80.08;81.49;304660;0
TATNP;D;20080703;000000;80.39;85;79.49;80.89;80953;0
TATNP;D;20080704;000000;80.12;80.74;78.39;79.14;24241;0
TATNP;D;20080707;000000;78.61;79.54;78.03;79.5;46937;0
TATNP;D;20080708;000000;78.99;79;78.03;78.03;69021;0
TATNP;D;20080709;000000;78;81;76.06;79;71034;0
TATNP;D;20080710;000000;78.08;80.99;75.05;80.48;113440;0
TATNP;D;20080711;000000;81.3;81.94;79.99;80;54260;0
TATNP;D;20080714;000000;80.38;80.62;78.5;79.5;88404;0
TATNP;D;20080715;000000;78.4;79.48;76.03;77.2;59242;0
TATNP;D;20080716;000000;76.03;77.46;74.55;75.69;96469;0
TATNP;D;20080717;000000;76.79;77.3;75.55;77.3;36269;0
TATNP;D;20080718;000000;76.02;77.28;75.6;76;36257;0
TATNP;D;20080721;000000;76.5;76.5;74.05;75.25;33522;0
TATNP;D;20080722;000000;74.36;74.58;73.3;74.11;58570;0
TATNP;D;20080723;000000;74.18;74.95;73.07;74.6;182570;0
TATNP;D;20080724;000000;73.37;73.69;72.75;73.41;96403;0
TATNP;D;20080725;000000;72.72;72.98;68.35;70.97;20761;0
TATNP;D;20080728;000000;71;71.84;70;70;58731;0
TATNP;D;20080729;000000;68.5;70.5;63.22;68.5;40401;0
TATNP;D;20080730;000000;68.54;70.25;68.52;70.25;10678;0
TATNP;D;20080731;000000;70.95;71;69.02;70.79;146516;0
TATNP;D;20080801;000000;70.47;71.47;68.1;70.11;16161;0
TATNP;D;20080804;000000;68.64;70.2;68.2;69.5;24038;0
TATNP;D;20080805;000000;68.31;68.55;66.04;66.5;208384;0
TATNP;D;20080806;000000;66;68.5;66;68.5;151000;0
TATNP;D;20080807;000000;69.8;72.93;69.5;72;213679;0
TATNP;D;20080808;000000;72;72.64;67;67;433043;0
TATNP;D;20080811;000000;69.62;69.62;66;68.8;13731;0
TATNP;D;20080812;000000;68.99;70;68.5;69.5;47178;0
TATNP;D;20080813;000000;68.7;70.69;67.5;67.98;44604;0
TATNP;D;20080814;000000;68.1;68.76;67.54;68.72;175797;0
TATNP;D;20080815;000000;68.01;69.5;67.6;69.5;36709;0
TATNP;D;20080818;000000;70.7;71;68.16;71;34405;0
TATNP;D;20080819;000000;69.78;70;65.01;68.5;116979;0
TATNP;D;20080820;000000;68.06;69.7;68;69;82117;0
TATNP;D;20080821;000000;69.48;69.97;67.7;69.9;18786;0
TATNP;D;20080822;000000;69.4;70.5;68;68;12054;0
TATNP;D;20080825;000000;68;68;64;64.3;246991;0
TATNP;D;20080826;000000;63.3;63.99;59;62;72361;0
TATNP;D;20080827;000000;63.93;64.99;62;62.52;67836;0
TATNP;D;20080828;000000;63.67;65;62.99;65;31049;0
TATNP;D;20080829;000000;64.04;65.43;64;64.31;10951;0
TATNP;D;20080901;000000;64.23;66.1;64.23;64.8;425866;0
TATNP;D;20080902;000000;65.21;65.23;63;63.98;44705;0
TATNP;D;20080903;000000;63;64;62;62.5;248966;0
TATNP;D;20080904;000000;61.8;62.9;61;61.5;49127;0
TATNP;D;20080905;000000;61.5;61.5;56.5;58.61;56901;0
TATNP;D;20080908;000000;61;61.7;59.5;60;30531;0
TATNP;D;20080909;000000;60.01;60.01;55.9;55.9;22158;0
TATNP;D;20080910;000000;55.32;57;52.42;57;20025;0
TATNP;D;20080911;000000;55.4;58;55.25;56.99;49235;0
TATNP;D;20080912;000000;56.97;57.91;54.99;56;310443;0
TATNP;D;20080915;000000;55;57.52;52.62;52.62;20746;0
TATNP;D;20080916;000000;52.3;52.76;40;41.99;61584;0
TATNP;D;20080919;000000;47;52.99;43;51;166729;0
TATNP;D;20080922;000000;53.05;54.5;48;51.77;286783;0
TATNP;D;20080923;000000;50.03;53.9;49;50.95;208468;0
TATNP;D;20080924;000000;52.93;52.97;47;50.29;40229;0
TATNP;D;20080925;000000;50;51;48.78;49.48;45748;0
TATNP;D;20080926;000000;49.99;51.5;48.16;49.97;98518;0
TATNP;D;20080929;000000;50.01;50.87;47.13;47.18;340753;0
TATNP;D;20080930;000000;46.3;48;40.01;47.45;375577;0
TATNP;D;20081001;000000;48.99;49.5;45;46.89;80763;0
TATNP;D;20081002;000000;45.22;46;43;45.46;93330;0
TATNP;D;20081003;000000;44;45.97;41.2;45.8;53782;0
TATNP;D;20081006;000000;44;44;36.25;36.25;236571;0
TATNP;D;20081007;000000;36.24;38.8;34;35;125908;0
TATNP;D;20081008;000000;33.01;33.01;30.91;31.99;206173;0
TATNP;D;20081009;000000;34.49;34.49;30.53;32.89;294089;0
TATNP;D;20081013;000000;33.99;35.8;24.51;25.87;1422820;0
TATNP;D;20081014;000000;27.02;28.99;27.02;27.51;15191;0
TATNP;D;20081015;000000;28;28;24;24;648362;0
TATNP;D;20081016;000000;23.5;23.5;19.01;19.35;703392;0
TATNP;D;20081017;000000;20.7;20.7;17.4;18.15;403442;0
TATNP;D;20081020;000000;19;19.98;17.95;18.15;558514;0
TATNP;D;20081021;000000;18.96;19.78;18.6;18.9;391290;0
TATNP;D;20081022;000000;18.56;19.49;18.2;18.82;253179;0
TATNP;D;20081023;000000;19.03;19.17;17.52;18.26;152628;0
TATNP;D;20081024;000000;17.68;18.38;16.45;17;309121;0
TATNP;D;20081028;000000;17.5;18.14;17.09;17.5;579137;0
TATNP;D;20081029;000000;18.75;18.98;17.06;18.98;337273;0
TATNP;D;20081030;000000;19.5;22.06;19.05;21.5;364219;0
TATNP;D;20081031;000000;22.04;22.58;19.9;22.58;298017;0
TATNP;D;20081101;000000;22.99;26.86;22.99;24.97;547287;0
TATNP;D;20081105;000000;27.12;30;25;25;340969;0
TATNP;D;20081106;000000;23.71;26;21.99;24.58;538648;0
TATNP;D;20081107;000000;22.31;25.5;22.3;25.29;104593;0
TATNP;D;20081110;000000;25.74;28;25.74;26.3;360376;0
TATNP;D;20081111;000000;25.3;26;23.85;23.85;148452;0
TATNP;D;20081113;000000;23.48;23.95;20.45;21.8;148751;0
TATNP;D;20081114;000000;25.55;25.55;22.5;23.01;167897;0
TATNP;D;20081117;000000;23;23.8;22.01;22.8;52982;0
TATNP;D;20081118;000000;22.99;23.95;21.32;23.1;175203;0
TATNP;D;20081119;000000;22.99;22.99;21.16;22.13;126445;0
TATNP;D;20081120;000000;20;21;19.22;20.01;104559;0
TATNP;D;20081121;000000;20.87;20.87;19.28;19.5;153051;0
TATNP;D;20081124;000000;20.03;21.37;19.3;20.61;539141;0
TATNP;D;20081125;000000;21.82;24;20.31;20.93;259237;0
TATNP;D;20081126;000000;20.49;21;20.1;20.59;94695;0
TATNP;D;20081127;000000;21.42;22.2;20.32;21.4;142920;0
TATNP;D;20081128;000000;21.45;21.65;20.85;20.86;63655;0
TATNP;D;20081201;000000;20.22;21.28;19.06;20.42;35087;0
TATNP;D;20081202;000000;19.2;21.34;18.07;21;190890;0
TATNP;D;20081203;000000;20.01;20.95;19.65;20.74;218021;0
TATNP;D;20081204;000000;19.6;20.95;19.6;20.03;73340;0
TATNP;D;20081205;000000;20.72;20.72;19.65;19.65;40445;0
TATNP;D;20081208;000000;20.54;20.77;19.82;20.7;254944;0
TATNP;D;20081209;000000;20.85;21.3;20.04;20.22;136709;0
TATNP;D;20081210;000000;21;21.2;20.32;20.99;304933;0
TATNP;D;20081211;000000;21.18;21.99;20.76;21.99;335667;0
TATNP;D;20081212;000000;21.69;21.69;20.23;20.78;462978;0
TATNP;D;20081215;000000;21;22.1;21;21.79;147017;0
TATNP;D;20081216;000000;21.65;22.7;21.21;22.33;171403;0
TATNP;D;20081217;000000;22.5;22.74;21.65;21.9;108875;0
TATNP;D;20081218;000000;21.99;21.99;20.55;20.6;463932;0
TATNP;D;20081219;000000;20.45;20.79;20.1;20.64;357551;0
TATNP;D;20081222;000000;20.7;20.86;20.31;20.66;143303;0
TATNP;D;20081223;000000;20.06;21.55;20.06;21.4;235281;0
TATNP;D;20081224;000000;21.42;22.46;20.63;20.63;161425;0
TATNP;D;20081225;000000;20.59;20.76;20.09;20.25;52638;0
TATNP;D;20081226;000000;20.16;20.29;19.88;20.29;106061;0
TATNP;D;20081229;000000;20.94;20.95;20;20.25;330654;0
TATNP;D;20081230;000000;20.22;20.48;20.07;20.23;69681;0
TATNP;D;20081231;000000;20.34;20.89;20.23;20.35;39427;0
TATNP;D;20090111;000000;20.4;20.89;20.2;20.37;278766;0
TATNP;D;20090112;000000;20.28;20.81;20.28;20.7;123416;0
TATNP;D;20090113;000000;20.37;20.99;20.3;20.85;87204;0
TATNP;D;20090114;000000;21.37;22.19;20.86;21;668317;0
TATNP;D;20090115;000000;20.34;21.69;20.34;21;305502;0
TATNP;D;20090116;000000;21.94;22.43;21.17;21.31;335600;0
TATNP;D;20090119;000000;21.01;22.4;21;21.4;180446;0
TATNP;D;20090120;000000;21.45;21.45;20.02;20.83;105065;0
TATNP;D;20090121;000000;20.59;22.99;20.5;22.5;224375;0
TATNP;D;20090122;000000;22.5;22.92;21.56;22;51005;0
TATNP;D;20090123;000000;22.09;22.38;21;21.45;95073;0
TATNP;D;20090126;000000;22.02;24.79;21.11;23.33;257982;0
TATNP;D;20090127;000000;22.8;25.84;22.51;24.15;582471;0
TATNP;D;20090128;000000;24.1;26.7;24.1;25.39;430542;0
TATNP;D;20090129;000000;25.08;26.79;24.53;25.76;171986;0
TATNP;D;20090130;000000;25.48;29.8;24.71;26.63;233354;0
TATNP;D;20090202;000000;25.24;28.85;25.23;27.7;673683;0
TATNP;D;20090203;000000;28.06;29.98;27.65;29.2;350968;0
TATNP;D;20090204;000000;29.42;30.2;28.38;29;186450;0
TATNP;D;20090205;000000;30;31.99;25.01;29.5;784667;0
TATNP;D;20090206;000000;31;32.9;29.6;31.99;306723;0
TATNP;D;20090209;000000;33.38;33.6;31.1;32.25;645507;0
TATNP;D;20090210;000000;32;33.5;32;33.07;486930;0
TATNP;D;20090211;000000;32.9;33;31.62;32.82;253467;0
TATNP;D;20090212;000000;32.9;33.18;31.25;32.51;268803;0
TATNP;D;20090213;000000;32.95;33.4;32.23;32.77;408872;0
TATNP;D;20090216;000000;33;33.09;32.12;32.44;136169;0
TATNP;D;20090217;000000;32.59;32.89;30.4;30.96;122707;0
TATNP;D;20090218;000000;31.49;31.49;28.53;29.8;97834;0
TATNP;D;20090219;000000;30.4;32.47;30;30.37;99166;0
TATNP;D;20090220;000000;30.78;30.78;29;29.62;112124;0
TATNP;D;20090224;000000;29.5;29.99;29.01;29.67;22561;0
TATNP;D;20090225;000000;30.48;30.98;29.5;29.83;55105;0
TATNP;D;20090226;000000;30.24;32.97;29.55;32.97;353452;0
TATNP;D;20090227;000000;32.99;33.49;31.2;32.5;341197;0
TATNP;D;20090302;000000;31.51;32.49;31.43;31.94;31530;0
TATNP;D;20090303;000000;31.64;31.95;31.3;31.5;92664;0
TATNP;D;20090304;000000;31.89;32.4;31.7;32.22;143391;0
TATNP;D;20090305;000000;32.6;33.47;30.14;31.11;330065;0
TATNP;D;20090306;000000;31.06;32.18;30.63;31.68;219145;0
TATNP;D;20090310;000000;32.35;34.95;31.76;34.2;777181;0
TATNP;D;20090311;000000;34.2;34.9;32.72;32.97;526069;0
TATNP;D;20090312;000000;33;33.39;31.24;31.69;264421;0
TATNP;D;20090313;000000;33.08;33.89;31.27;31.4;502617;0
TATNP;D;20090316;000000;31.44;31.75;30.9;31.24;206041;0
TATNP;D;20090317;000000;32.95;32.95;30.06;30.85;979292;0
TATNP;D;20090318;000000;31.36;32.2;29.98;30;528106;0
TATNP;D;20090319;000000;31.98;31.98;29.99;30.11;724080;0
TATNP;D;20090320;000000;30.1;31.8;28.57;31.5;1193628;0
TATNP;D;20090323;000000;31.2;32.7;31.2;32.45;1133432;0
TATNP;D;20090324;000000;32.7;32.9;31.5;31.98;324434;0
TATNP;D;20090325;000000;31.7;34.74;31.27;33.5;876740;0
TATNP;D;20090326;000000;33.53;33.99;32.02;32.65;600116;0
TATNP;D;20090327;000000;32.88;33;31.7;32.08;177349;0
TATNP;D;20090330;000000;31.81;31.81;30.88;31.09;113443;0
TATNP;D;20090331;000000;30.63;31.7;30.61;31.65;159437;0
TATNP;D;20090401;000000;31.73;31.76;31;31.24;208626;0
TATNP;D;20090402;000000;31.53;32.4;31.5;32.24;412264;0
TATNP;D;20090403;000000;32.49;32.69;31.75;32.2;352224;0
TATNP;D;20090406;000000;33.03;33.5;32.31;32.59;399863;0
TATNP;D;20090407;000000;33;33.8;32;32.6;326831;0
TATNP;D;20090408;000000;32.23;33.38;31.77;32.95;106158;0
TATNP;D;20090409;000000;33;34.49;33;34.39;720232;0
TATNP;D;20090410;000000;34.39;38.19;33.82;37.2;1314331;0
TATNP;D;20090413;000000;36.27;39;35.52;36;592834;0
TATNP;D;20090414;000000;37.21;38.11;35.66;37.6;318534;0
TATNP;D;20090415;000000;35.7;38.53;35.7;37.33;308213;0
TATNP;D;20090416;000000;37;38.5;37;37.9;1134098;0
TATNP;D;20090417;000000;38.18;39.6;37.3;38.89;867123;0
TATNP;D;20090420;000000;38.9;39.48;37.29;37.29;380778;0
TATNP;D;20090421;000000;34.75;38.46;34.75;36.89;253391;0
TATNP;D;20090422;000000;37.12;37.79;37;37.75;108777;0
TATNP;D;20090423;000000;37.89;38.7;37.63;38.5;180234;0
TATNP;D;20090424;000000;38.51;39.43;38;39;196845;0
TATNP;D;20090427;000000;38.01;39.41;38;38.53;126011;0
TATNP;D;20090428;000000;38.5;39.34;37.15;39.25;300359;0
TATNP;D;20090429;000000;39.68;43.5;39.68;42.75;1175963;0
TATNP;D;20090430;000000;42.99;44.39;42.75;43.6;585093;0
TATNP;D;20090504;000000;44;46.69;43.8;44.79;1491802;0
TATNP;D;20090505;000000;45;45.7;44.35;45.1;908715;0
TATNP;D;20090506;000000;44.4;46.29;44;45.5;1234724;0
TATNP;D;20090507;000000;46.5;47.5;43.17;45.6;2268507;0
TATNP;D;20090508;000000;46.78;47.14;46;47.13;1426224;0
TATNP;D;20090512;000000;45.28;45.98;41;45.7;2265888;0
TATNP;D;20090513;000000;45.68;46.5;41.16;41.66;1861126;0
TATNP;D;20090514;000000;40.17;41.13;39.17;40.1;926004;0
TATNP;D;20090515;000000;40.87;43.5;40.3;40.6;592772;0
TATNP;D;20090518;000000;39.36;41.23;39.22;41.22;167477;0
TATNP;D;20090519;000000;41.95;43;40;41.25;475510;0
TATNP;D;20090520;000000;40.1;43;40.1;42.5;468076;0
TATNP;D;20090521;000000;44.82;44.82;40.8;40.8;217942;0
TATNP;D;20090522;000000;40.8;42.38;40.8;42;612320;0
TATNP;D;20090525;000000;42.37;42.8;40.86;41.58;76242;0
TATNP;D;20090526;000000;41.41;41.8;39.52;40.53;190574;0
TATNP;D;20090527;000000;41.62;42.03;40.77;40.98;152410;0
TATNP;D;20090528;000000;40.89;42.4;40;41.39;173750;0
TATNP;D;20090529;000000;42;43.2;42;43.2;970968;0
TATNP;D;20090601;000000;45.5;46.9;44.46;46;1365332;0
TATNP;D;20090602;000000;46.42;46.99;44.22;44.3;451707;0
TATNP;D;20090603;000000;44.98;44.99;42;42.02;451585;0
TATNP;D;20090604;000000;42;43.15;40.23;42.38;217816;0
TATNP;D;20090605;000000;43;44.01;41.95;42.16;324510;0
TATNP;D;20090608;000000;42.69;42.69;40.85;41.88;103716;0
TATNP;D;20090609;000000;41.92;42.22;41.52;42;210782;0
TATNP;D;20090610;000000;42.99;44.83;42.99;43.96;361538;0
TATNP;D;20090611;000000;43.64;46;41.44;44.88;207617;0
TATNP;D;20090615;000000;44.1;44.1;42.71;43.28;107263;0
TATNP;D;20090616;000000;43.25;43.9;42.25;43.49;202173;0
TATNP;D;20090617;000000;42.97;43.99;41.4;41.5;368462;0
TATNP;D;20090618;000000;41.88;41.89;39.43;40.33;456937;0
TATNP;D;20090619;000000;41;41.45;39.7;40.21;59789;0
TATNP;D;20090622;000000;40.01;40.01;36.5;36.79;138650;0
TATNP;D;20090623;000000;36;36.7;33;36;314306;0
TATNP;D;20090624;000000;36.99;39;36.77;38.6;73362;0
TATNP;D;20090625;000000;38.6;39.5;37.31;37.69;98667;0
TATNP;D;20090626;000000;38.26;38.84;37;37.05;238944;0
TATNP;D;20090629;000000;36.96;39.5;36.27;38.91;374762;0
TATNP;D;20090630;000000;38.8;40.45;37.7;37.76;306779;0
TATNP;D;20090701;000000;37.98;39;37.98;38.65;104050;0
TATNP;D;20090702;000000;39.54;39.54;37.55;37.68;91953;0
TATNP;D;20090703;000000;37.98;38;36.99;37.67;63176;0
TATNP;D;20090706;000000;37.75;38.49;36;36.12;238511;0
TATNP;D;20090707;000000;36.95;37.35;36.55;36.6;189488;0
TATNP;D;20090708;000000;36.15;36.75;35.7;36.15;72792;0
TATNP;D;20090709;000000;36.5;36.5;35.61;36.16;96428;0
TATNP;D;20090710;000000;36.2;36.2;34.01;34.1;147747;0
TATNP;D;20090713;000000;34.2;35.48;33.34;34.99;145378;0
TATNP;D;20090714;000000;35.5;37.25;35.5;36.56;120752;0
TATNP;D;20090715;000000;35.66;38.3;35.66;38.3;607438;0
TATNP;D;20090716;000000;39.2;39.2;36.73;37.5;633882;0
TATNP;D;20090717;000000;37.99;38.6;37.51;38.26;224875;0
TATNP;D;20090720;000000;39.43;39.43;37.96;38;252873;0
TATNP;D;20090721;000000;38.01;39.05;37.65;38.21;203384;0
TATNP;D;20090722;000000;38.49;38.78;36.75;37.49;220536;0
TATNP;D;20090723;000000;37.59;39.15;37.01;39.11;341452;0
TATNP;D;20090724;000000;39.6;39.6;38.53;39.4;223434;0
TATNP;D;20090727;000000;39.52;40.27;39.52;40.05;218218;0
TATNP;D;20090728;000000;41.18;41.18;39.25;39.6;143148;0
TATNP;D;20090729;000000;39.6;39.77;38.71;38.75;127304;0
TATNP;D;20090730;000000;38;42.09;38;42;453199;0
TATNP;D;20090731;000000;41.81;42.21;41.01;42.2;187030;0
TATNP;D;20090803;000000;42.36;43.45;42.36;43.45;135535;0
TATNP;D;20090804;000000;43.1;43.1;42.5;42.9;79211;0
TATNP;D;20090805;000000;43;44;42.05;42.05;285695;0
TATNP;D;20090806;000000;42.06;43;42.06;42.07;111153;0
TATNP;D;20090807;000000;42.08;43.2;41.5;42.55;69004;0
TATNP;D;20090810;000000;42.95;43.5;41.81;42.35;34136;0
TATNP;D;20090811;000000;42.88;43.2;42;42.01;170610;0
TATNP;D;20090812;000000;41.62;42.97;40.5;42.94;162388;0
TATNP;D;20090813;000000;42.97;43.5;42;42.63;337595;0
TATNP;D;20090814;000000;42.43;42.98;42;42.21;68096;0
TATNP;D;20090817;000000;42.01;42.01;40.31;41.59;82497;0
TATNP;D;20090818;000000;40.8;42.3;40.6;41.63;28270;0
TATNP;D;20090819;000000;41.63;41.88;40.25;40.92;35235;0
TATNP;D;20090820;000000;40.97;42.24;40.92;42.24;73721;0
TATNP;D;20090821;000000;42.04;44.19;41.06;43.9;328062;0
TATNP;D;20090824;000000;43.98;44.9;43.35;44.11;184350;0
TATNP;D;20090825;000000;43.23;44.99;43.23;44.02;204984;0
TATNP;D;20090826;000000;44;44.5;43.34;43.67;47141;0
TATNP;D;20090827;000000;43.3;44;42.01;43.42;62906;0
TATNP;D;20090828;000000;44;44.38;43.6;44.01;175042;0
TATNP;D;20090831;000000;43.7;43.9;43.02;43.69;51840;0
TATNP;D;20090901;000000;43.99;45.45;43.43;45;198805;0
TATNP;D;20090902;000000;45;45;42.11;43.45;108867;0
TATNP;D;20090903;000000;43.07;44.56;43.04;43.93;95932;0
TATNP;D;20090904;000000;43.93;44.5;43.23;43.6;132516;0
TATNP;D;20090907;000000;44;44.79;43.74;44.5;85931;0
TATNP;D;20090908;000000;44.45;45.87;44.31;45.54;230572;0
TATNP;D;20090909;000000;45.17;45.75;44.51;45.32;363775;0
TATNP;D;20090910;000000;46.2;46.2;44.5;44.87;760233;0
TATNP;D;20090911;000000;45;45.2;44.53;44.99;724360;0
TATNP;D;20090914;000000;45.97;45.97;43.64;44.8;131705;0
TATNP;D;20090915;000000;44.87;45.75;44.7;45.5;248570;0
TATNP;D;20090916;000000;45.56;46.5;45.33;46.11;560962;0
TATNP;D;20090917;000000;46.42;46.5;45.61;45.99;194121;0
TATNP;D;20090918;000000;45.77;45.98;44.85;45.45;488125;0
TATNP;D;20090921;000000;45.4;45.77;44.5;44.59;273757;0
TATNP;D;20090922;000000;44.58;45.64;44.58;45.64;141796;0
TATNP;D;20090923;000000;45.2;46.57;45.2;45.8;447087;0
TATNP;D;20090924;000000;45.68;45.99;44.9;45.36;159782;0
TATNP;D;20090925;000000;45.36;45.89;43.87;45.78;376642;0
TATNP;D;20090928;000000;45.15;45.99;44.1;45.88;51670;0
TATNP;D;20090929;000000;47.09;47.09;45.15;46.05;157084;0
TATNP;D;20090930;000000;46.1;46.95;45.85;46;170113;0
TATNP;D;20091001;000000;46.01;47.6;46;46.57;161373;0
TATNP;D;20091002;000000;46.29;46.57;44.8;45.84;260173;0
TATNP;D;20091005;000000;45.5;47.4;45.5;45.9;66525;0
TATNP;D;20091006;000000;46.78;47.98;46.6;47.76;340451;0
TATNP;D;20091007;000000;47.98;50.49;47.98;48.8;313000;0
TATNP;D;20091008;000000;49.44;51;49.44;50.5;195952;0
TATNP;D;20091009;000000;50.99;51.55;49.81;50.99;146476;0
TATNP;D;20091012;000000;51.2;54.99;51.2;53.7;469028;0
TATNP;D;20091013;000000;52.7;53.98;51.3;52.6;171425;0
TATNP;D;20091014;000000;52.68;53.99;52.68;53;196273;0
TATNP;D;20091015;000000;54.66;54.66;52.99;53.75;303833;0
TATNP;D;20091016;000000;54.18;55.45;53.1;54;478670;0
TATNP;D;20091019;000000;53.99;57.99;53.99;56;894934;0
TATNP;D;20091020;000000;56.01;57.99;55.73;57.01;498621;0
TATNP;D;20091021;000000;56.57;57.8;55.33;57.5;739466;0
TATNP;D;20091022;000000;56.93;57.89;56.79;56.85;80915;0
TATNP;D;20091023;000000;57.48;57.9;57.03;57.5;261110;0
TATNP;D;20091026;000000;57.4;57.9;56.01;57.25;1413658;0
TATNP;D;20091027;000000;57.01;57.45;56.01;57.45;301163;0
TATNP;D;20091028;000000;56.52;57.55;54.5;55.99;846819;0
TATNP;D;20091029;000000;55.98;56.38;53.1;55.92;423604;0
TATNP;D;20091030;000000;56;56.49;55.5;55.85;165217;0
TATNP;D;20091102;000000;54.9;57;54.45;57;114677;0
TATNP;D;20091103;000000;56.56;57.73;55.45;55.88;119572;0
TATNP;D;20091105;000000;55.34;57.5;54.39;57.5;145169;0
TATNP;D;20091106;000000;57.48;58.95;56.1;56.26;304276;0
TATNP;D;20091109;000000;56.9;58.79;56.8;57.96;70426;0
TATNP;D;20091110;000000;53.73;60.7;53.73;60.59;208186;0
TATNP;D;20091111;000000;60.59;63;60.5;60.62;187818;0
TATNP;D;20091112;000000;61.47;62.08;60.51;60.7;125803;0
TATNP;D;20091113;000000;61.01;62;59.02;61.27;150015;0
TATNP;D;20091116;000000;61.69;63.24;61.6;63.01;340830;0
TATNP;D;20091117;000000;63.98;63.98;61.78;62.68;137798;0
TATNP;D;20091118;000000;63.35;65;62.75;64.99;275238;0
TATNP;D;20091119;000000;63.37;66.5;63;63.3;196112;0
TATNP;D;20091120;000000;63.3;64.13;62.3;63.2;209007;0
TATNP;D;20091123;000000;63.57;64.5;63.57;64.37;94226;0
TATNP;D;20091124;000000;64.5;65.01;63.2;64.99;180414;0
TATNP;D;20091125;000000;67.12;67.12;64.1;65;116508;0
TATNP;D;20091126;000000;64.21;66;63.33;64.74;111698;0
TATNP;D;20091127;000000;63.69;67.25;55.13;64.8;459343;0
TATNP;D;20091130;000000;65;66.89;63.82;64.92;116605;0
TATNP;D;20091201;000000;65.46;66.21;64.75;66.09;117404;0
TATNP;D;20091202;000000;66.4;67;66;66.3;60086;0
TATNP;D;20091203;000000;66;66.99;65.2;65.6;100298;0
TATNP;D;20091204;000000;65.49;66.99;65.05;66.92;50039;0
TATNP;D;20091207;000000;66.91;67.6;66.3;67.5;41154;0
TATNP;D;20091208;000000;66.45;71.65;66.45;68.44;198423;0
TATNP;D;20091209;000000;68.98;69.9;68.01;68.2;168694;0
TATNP;D;20091210;000000;69;69.89;67.38;68.45;162908;0
TATNP;D;20091211;000000;68.8;68.95;67.5;67.8;57330;0
TATNP;D;20091214;000000;67.8;68.87;67.5;68.39;129474;0
TATNP;D;20091215;000000;69;69;68;68.5;69476;0
TATNP;D;20091216;000000;69.21;70;67.89;69.9;200537;0
TATNP;D;20091217;000000;69.7;70.15;68.02;69.49;363891;0
TATNP;D;20091218;000000;69.48;70.28;68.12;68.85;90162;0
TATNP;D;20091221;000000;69;69.4;67.52;68.5;233814;0
TATNP;D;20091222;000000;68.2;68.45;67.5;68;63704;0
TATNP;D;20091223;000000;67.8;68.55;67.1;68;68536;0
TATNP;D;20091224;000000;68;69.8;68;68.53;480628;0
TATNP;D;20091225;000000;68.99;70.45;68.99;70.4;193741;0
TATNP;D;20091228;000000;70.88;73.73;70.11;71.84;414853;0
TATNP;D;20091229;000000;72;72.4;70.79;72.34;77589;0
TATNP;D;20091230;000000;70.64;73.5;70.64;73;217071;0
TATNP;D;20091231;000000;73.32;78.55;73.32;76.35;276735;0
TATNP;D;20100111;000000;78.9;82.9;77.1;79.4;223966;0
TATNP;D;20100112;000000;79.4;81.45;78.33;80.32;144071;0
TATNP;D;20100113;000000;80.32;80.89;77.93;80.89;156737;0
TATNP;D;20100114;000000;80.9;80.97;79.11;79.85;151699;0
TATNP;D;20100115;000000;79.88;80.6;78.45;79.97;206466;0
TATNP;D;20100118;000000;79.01;80.24;79.01;80.09;53316;0
TATNP;D;20100119;000000;80.1;80.4;79.01;79.9;101739;0
TATNP;D;20100120;000000;80.25;80.45;78.5;78.5;198720;0
TATNP;D;20100121;000000;78.51;79.65;77.92;77.92;65952;0
TATNP;D;20100122;000000;77;77.52;75.57;76.3;159178;0
TATNP;D;20100125;000000;76.15;76.81;75.07;76.41;81253;0
TATNP;D;20100126;000000;76;76.98;74.79;76.5;271007;0
TATNP;D;20100127;000000;76.3;79;75.51;76;253238;0
TATNP;D;20100128;000000;77;78.49;75.84;76.6;176537;0
TATNP;D;20100129;000000;76;76.97;75.05;76.7;63986;0
TATNP;D;20100201;000000;76.5;76.5;75.71;76.48;34781;0
TATNP;D;20100202;000000;77.05;77.47;75.93;76.78;298750;0
TATNP;D;20100203;000000;77.29;77.77;76.55;76.65;147417;0
TATNP;D;20100204;000000;76.48;77.15;73.91;73.97;127466;0
TATNP;D;20100205;000000;71.5;73.95;69.9;70.49;519120;0
TATNP;D;20100208;000000;72.61;72.61;65;67.5;289626;0
TATNP;D;20100209;000000;67.5;69.78;67.35;69.78;232452;0
TATNP;D;20100210;000000;70.94;71.49;69.27;69.42;180628;0
TATNP;D;20100211;000000;70.28;71.9;69.89;70.35;188174;0
TATNP;D;20100212;000000;70.68;71.42;70;70.89;61671;0
TATNP;D;20100215;000000;70.88;71;69.54;70.4;65778;0
TATNP;D;20100216;000000;71;73.53;71;73.5;115170;0
TATNP;D;20100217;000000;73.94;74.95;73.7;74.18;85665;0
TATNP;D;20100218;000000;73.47;74.82;73.47;74.81;55523;0
TATNP;D;20100219;000000;74.41;76;73.36;75.61;64286;0
TATNP;D;20100224;000000;76.47;79.77;73.59;78.75;337611;0
TATNP;D;20100225;000000;78.77;79.14;77.5;78.65;460632;0
TATNP;D;20100226;000000;79.86;85;78.74;82.98;393821;0
TATNP;D;20100227;000000;82.98;84.38;82.3;82.95;81310;0
TATNP;D;20100301;000000;83.1;83.7;81.71;83.17;148043;0
TATNP;D;20100302;000000;75.35;84.5;75.35;82.6;154612;0
TATNP;D;20100303;000000;83.2;84.7;81.9;84.11;168933;0
TATNP;D;20100304;000000;83.91;88.29;83.2;85.94;438399;0
TATNP;D;20100305;000000;86.46;88.55;85.99;88;174989;0
TATNP;D;20100309;000000;87.7;88;86.66;86.67;135251;0
TATNP;D;20100310;000000;83.17;87.86;83.17;86;166385;0
TATNP;D;20100311;000000;86.5;87.99;85.2;86.49;128417;0
TATNP;D;20100312;000000;85;88.31;85;87.76;183335;0
TATNP;D;20100315;000000;87.25;87.25;85.9;86.45;72651;0
TATNP;D;20100316;000000;86.45;86.65;84.75;86.4;469423;0
TATNP;D;20100317;000000;86.77;87.67;86.54;87.21;463416;0
TATNP;D;20100318;000000;87;87.49;86.06;86.7;216346;0
TATNP;D;20100319;000000;86.7;87.43;86.2;86.85;496212;0
TATNP;D;20100322;000000;86.32;86.97;85;86.05;287669;0
TATNP;D;20100323;000000;86.51;86.51;84.51;85.37;295635;0
TATNP;D;20100324;000000;85.9;85.9;84.7;84.83;65462;0
TATNP;D;20100325;000000;84.7;85;83.92;84.91;136709;0
TATNP;D;20100326;000000;84.5;85.2;84.23;84.87;79797;0
TATNP;D;20100329;000000;84.87;86.36;84.87;86.27;114360;0
TATNP;D;20100330;000000;86.39;86.95;85.56;86.11;178852;0
TATNP;D;20100331;000000;85.84;86.75;85;86.75;345118;0
TATNP;D;20100401;000000;86.77;87.31;85.85;86.71;188929;0
TATNP;D;20100402;000000;87.27;87.9;86.63;87.17;172671;0
TATNP;D;20100405;000000;87.42;90.67;87.42;89.7;348609;0
TATNP;D;20100406;000000;89.6;90.49;88.98;89.5;306859;0
TATNP;D;20100407;000000;89.01;90.29;87.56;88.41;117091;0
TATNP;D;20100408;000000;88.46;88.97;87.52;88.85;102576;0
TATNP;D;20100409;000000;88.5;90.1;88.5;88.62;276798;0
TATNP;D;20100412;000000;89.2;89.99;88.5;89.53;349244;0
TATNP;D;20100413;000000;89.77;92;88.58;89.98;347009;0
TATNP;D;20100414;000000;90.87;94.99;90.57;94.8;1572581;0
TATNP;D;20100415;000000;95;96;93.01;95;1668904;0
TATNP;D;20100416;000000;94.41;94.41;92.68;92.99;335764;0
TATNP;D;20100419;000000;91.67;92;87;90.4;474975;0
TATNP;D;20100420;000000;90.47;92.98;90.44;91.45;243790;0
TATNP;D;20100421;000000;91.61;92.8;91.15;92.36;138914;0
TATNP;D;20100422;000000;92.01;92.45;88.77;88.77;382945;0
TATNP;D;20100423;000000;88.79;91.4;87.78;91.16;324257;0
TATNP;D;20100426;000000;92.41;92.58;90.5;91.7;169944;0
TATNP;D;20100427;000000;90.51;91.48;89.21;90.44;129494;0
TATNP;D;20100428;000000;89.48;90;86.6;88.18;534199;0
TATNP;D;20100429;000000;88.5;91.75;88.01;91.6;750507;0
TATNP;D;20100430;000000;92.9;94.35;91;92;957382;0
TATNP;D;20100504;000000;92.5;94.55;90.7;90.9;731078;0
TATNP;D;20100505;000000;93.7;93.7;88.8;90.37;1019973;0
TATNP;D;20100506;000000;90.37;91.44;88.9;91.29;826303;0
TATNP;D;20100507;000000;88;91;83.7;85.5;1647794;0
TATNP;D;20100511;000000;86.45;86.45;75.15;76;2429481;0
TATNP;D;20100512;000000;75.52;77.9;73.11;76.3;1389737;0
TATNP;D;20100513;000000;76.98;77.56;74.02;74.97;375055;0
TATNP;D;20100514;000000;74.03;74.5;71.77;72.38;574846;0
TATNP;D;20100517;000000;69.25;73;69.04;71.72;321645;0
TATNP;D;20100518;000000;72.29;73.4;71.33;72.99;149513;0
TATNP;D;20100519;000000;71.89;71.89;69.5;70.45;363244;0
TATNP;D;20100520;000000;70.98;71.35;64.23;64.59;705038;0
TATNP;D;20100521;000000;65.49;67.69;61.97;66.68;650653;0
TATNP;D;20100524;000000;67.79;68.99;66.51;67.5;220218;0
TATNP;D;20100525;000000;66.91;66.91;62.89;63.35;118623;0
TATNP;D;20100526;000000;67.24;79.79;64.58;67.51;632290;0
TATNP;D;20100527;000000;65.57;70.25;65.57;70.15;425382;0
TATNP;D;20100528;000000;70.18;71.47;69.1;70.2;306134;0
TATNP;D;20100531;000000;70.54;72.5;70.03;72.48;142147;0
TATNP;D;20100601;000000;72.48;72.48;70.4;71.97;65712;0
TATNP;D;20100602;000000;70.65;72.36;69.2;72;89719;0
TATNP;D;20100603;000000;72.59;75;72.16;72.3;157872;0
TATNP;D;20100604;000000;72.5;73.7;69.99;71.61;149878;0
TATNP;D;20100607;000000;70.15;70.15;68;69.97;190073;0
TATNP;D;20100608;000000;70;71;68.91;68.91;75447;0
TATNP;D;20100609;000000;69.45;70.25;69.1;69.97;144561;0
TATNP;D;20100610;000000;70.27;71.74;69.01;70.98;365127;0
TATNP;D;20100611;000000;71.74;71.74;70;70.9;371474;0
TATNP;D;20100615;000000;71.14;71.73;70.54;71.6;218758;0
TATNP;D;20100616;000000;71.88;72;70.9;71.5;223594;0
TATNP;D;20100617;000000;69.41;71.93;69.41;70.94;171509;0
TATNP;D;20100618;000000;72;72.2;70.81;72;345080;0
TATNP;D;20100621;000000;74.64;74.64;72.29;73.31;336762;0
TATNP;D;20100622;000000;73.31;73.31;71.01;72.2;116646;0
TATNP;D;20100623;000000;72.5;72.95;71.38;71.78;43491;0
TATNP;D;20100624;000000;72.17;72.2;71;71.12;107211;0
TATNP;D;20100625;000000;71.11;71.95;70.5;71;41903;0
TATNP;D;20100628;000000;71.77;71.98;70.79;71.46;48346;0
TATNP;D;20100629;000000;70.82;71;67.24;68.2;103606;0
TATNP;D;20100630;000000;69.29;69.78;67.53;68.76;128035;0
TATNP;D;20100701;000000;68.48;68.5;64.33;66.5;439788;0
TATNP;D;20100702;000000;67.37;67.57;65.7;66.86;169803;0
TATNP;D;20100705;000000;67.66;67.67;65.97;66;160275;0
TATNP;D;20100706;000000;66.78;68.49;66.47;68.35;529352;0
TATNP;D;20100707;000000;67.38;68;66.5;67.89;154376;0
TATNP;D;20100708;000000;68.53;69.34;67.38;67.88;132404;0
TATNP;D;20100709;000000;68.75;68.75;66.22;67.35;152034;0
TATNP;D;20100712;000000;67.85;68.28;67.01;68.13;53312;0
TATNP;D;20100713;000000;67.59;68.99;67.59;68.4;64184;0
TATNP;D;20100714;000000;68.9;69.8;67.59;68.45;48984;0
TATNP;D;20100715;000000;68.45;69.39;68.15;68.48;52667;0
TATNP;D;20100716;000000;68.99;69.36;68.3;68.93;122024;0
TATNP;D;20100719;000000;68.35;70.5;68.26;70.25;299641;0
TATNP;D;20100720;000000;71;72.27;70.7;71.77;683811;0
TATNP;D;20100721;000000;71.81;72.22;71.01;71.25;86588;0
TATNP;D;20100722;000000;70.8;72;70.77;71.87;158663;0
TATNP;D;20100723;000000;72.24;72.24;71.2;71.96;44496;0
TATNP;D;20100726;000000;72.2;72.2;71.2;71.82;64232;0
TATNP;D;20100727;000000;71.7;73.15;71.5;72.94;117925;0
TATNP;D;20100728;000000;73.29;73.36;71.92;72.01;110746;0
TATNP;D;20100729;000000;72.01;73.97;71.83;73;313536;0
TATNP;D;20100730;000000;72.55;73.46;72.34;72.77;74896;0
TATNP;D;20100802;000000;72.42;74.75;72.42;74.45;165655;0
TATNP;D;20100803;000000;74.55;74.55;73.33;73.81;27319;0
TATNP;D;20100804;000000;73.95;75.28;73.61;74.99;308532;0
TATNP;D;20100805;000000;75.11;75.88;74.19;74.34;159065;0
TATNP;D;20100806;000000;74.02;74.88;73.55;73.7;98163;0
TATNP;D;20100809;000000;74.5;74.86;73.84;74.61;266147;0
TATNP;D;20100810;000000;74.61;74.65;72.84;73.29;143247;0
TATNP;D;20100811;000000;73.27;73.28;71.92;71.94;44719;0
TATNP;D;20100812;000000;71.96;71.96;70.51;70.94;107049;0
TATNP;D;20100813;000000;71.5;73.5;68.2;69.58;1731197;0
TATNP;D;20100816;000000;69.51;69.89;68.53;69.6;71169;0
TATNP;D;20100817;000000;69.51;70.24;69.41;70.24;112583;0
TATNP;D;20100818;000000;70;70.65;69.7;70;32402;0
TATNP;D;20100819;000000;70.27;70.55;69.51;69.79;106827;0
TATNP;D;20100820;000000;69.95;70;69.38;69.52;150305;0
TATNP;D;20100823;000000;69.51;70.13;69.42;69.97;12978;0
TATNP;D;20100824;000000;69.81;69.81;68.5;68.55;298704;0
TATNP;D;20100825;000000;69.42;69.42;68.39;68.75;61228;0
TATNP;D;20100826;000000;69.69;70.23;69.01;69.48;251463;0
TATNP;D;20100827;000000;69.51;69.85;69;69.54;493295;0
TATNP;D;20100830;000000;69.61;70.39;69.6;70;51117;0
TATNP;D;20100831;000000;70;70;69.16;69.99;103306;0
TATNP;D;20100901;000000;69.9;70.75;69.7;70.61;164370;0
TATNP;D;20100902;000000;70.5;70.87;70.26;70.5;110316;0
TATNP;D;20100903;000000;70.75;70.99;70.26;70.45;195320;0
TATNP;D;20100906;000000;70.51;71.2;70.51;70.87;79126;0
TATNP;D;20100907;000000;72.08;72.08;70.6;71.16;201953;0
TATNP;D;20100908;000000;70.98;71.94;70.25;71.64;145621;0
TATNP;D;20100909;000000;73.58;73.58;71.5;72.47;232873;0
TATNP;D;20100910;000000;72.47;73;71.85;72.42;117903;0
TATNP;D;20100913;000000;72.7;73;72.4;72.74;300692;0
TATNP;D;20100914;000000;72.15;72.9;72.15;72.9;208877;0
TATNP;D;20100915;000000;72.52;73.45;72.51;73.23;233755;0
TATNP;D;20100916;000000;73.44;73.44;72.35;72.89;222082;0
TATNP;D;20100917;000000;72.2;73.29;72.2;72.5;36488;0
TATNP;D;20100920;000000;72.32;72.8;72.3;72.68;55595;0
TATNP;D;20100921;000000;76.49;76.49;72.43;73.67;293036;0
TATNP;D;20100922;000000;73.69;74.36;73.23;73.25;543792;0
TATNP;D;20100923;000000;73.99;73.99;72.55;73;106943;0
TATNP;D;20100924;000000;73;73.49;72.52;73.49;118292;0
TATNP;D;20100927;000000;73.83;74.01;72.77;72.97;134598;0
TATNP;D;20100928;000000;76.99;76.99;72;73.5;117856;0
TATNP;D;20100929;000000;73.54;73.7;73.3;73.55;218925;0
TATNP;D;20100930;000000;73.3;74.5;73.3;74;186677;0
TATNP;D;20101001;000000;73.99;76.24;73.98;75;524645;0
TATNP;D;20101004;000000;75.23;78.49;75.02;77.45;779385;0
TATNP;D;20101005;000000;77.33;78.18;76.86;77.41;451908;0
TATNP;D;20101006;000000;77.41;78.05;76.55;76.55;95104;0
TATNP;D;20101007;000000;76.98;78.07;76.98;77.45;224685;0
TATNP;D;20101008;000000;77.24;77.58;76.8;77.23;80987;0
TATNP;D;20101011;000000;77.5;78;76.91;77.87;112191;0
TATNP;D;20101012;000000;77.76;77.76;76.66;76.99;157582;0
TATNP;D;20101013;000000;77.74;78.7;77.29;78;414802;0
TATNP;D;20101014;000000;78.51;78.91;77.33;77.52;163611;0
TATNP;D;20101015;000000;77.51;78.18;76.77;77;317896;0
TATNP;D;20101018;000000;77;77.79;77;77.6;119608;0
TATNP;D;20101019;000000;77.61;77.61;76.66;76.66;126130;0
TATNP;D;20101020;000000;76.66;77.27;76.5;76.85;58599;0
TATNP;D;20101021;000000;76.62;77.68;76.47;77.08;188404;0
TATNP;D;20101022;000000;77.1;77.53;76.47;76.88;157245;0
TATNP;D;20101025;000000;77.32;77.68;76.85;77;115009;0
TATNP;D;20101026;000000;76.99;77.42;76.56;76.9;66928;0
TATNP;D;20101027;000000;73.7;76.94;73.7;76.01;67550;0
TATNP;D;20101028;000000;75.88;76.87;75.06;75.3;145255;0
TATNP;D;20101029;000000;75.5;76.4;75.5;76.1;138423;0
TATNP;D;20101101;000000;76.47;77.09;75.99;76.56;124780;0
TATNP;D;20101102;000000;76.13;76.79;75.9;76.39;99147;0
TATNP;D;20101103;000000;76.45;76.55;75.77;76;77107;0
TATNP;D;20101108;000000;76.94;77.28;76.23;76.49;117518;0
TATNP;D;20101109;000000;76.26;77.06;76.26;76.5;222894;0
TATNP;D;20101110;000000;76.4;76.67;76.05;76.37;46072;0
TATNP;D;20101111;000000;76.99;77.37;76.33;76.37;245380;0
TATNP;D;20101112;000000;76.34;77.2;75.88;77;246607;0
TATNP;D;20101113;000000;74.35;77.19;74.35;76.7;69082;0
TATNP;D;20101115;000000;77.3;77.77;76.53;77.46;230668;0
TATNP;D;20101116;000000;77.48;77.48;76.33;76.65;138680;0
TATNP;D;20101117;000000;76.33;76.96;76.01;76.66;11885;0
TATNP;D;20101118;000000;76.78;77.32;76.67;77.2;64141;0
TATNP;D;20101119;000000;77.04;77.7;77.02;77.65;172375;0
TATNP;D;20101122;000000;77.82;78.8;77.33;77.77;722115;0
TATNP;D;20101123;000000;77.66;78.04;77.33;77.45;74460;0
TATNP;D;20101124;000000;77.69;78.08;77.33;77.92;127726;0
TATNP;D;20101125;000000;77.92;78.87;77.92;78.01;117959;0
TATNP;D;20101126;000000;78.37;78.75;77.77;77.8;25102;0
TATNP;D;20101129;000000;78.23;78.48;75.75;76.65;477068;0
TATNP;D;20101130;000000;78.1;78.1;76.22;77.74;280497;0
TATNP;D;20101201;000000;77.99;78.5;77.2;78.2;473180;0
TATNP;D;20101202;000000;78.57;78.85;78;78.7;462648;0
TATNP;D;20101203;000000;78.77;78.96;78.48;78.54;273049;0
TATNP;D;20101206;000000;78.78;79.67;78.56;79.49;274351;0
TATNP;D;20101207;000000;79.49;81.69;79.49;80.84;476696;0
TATNP;D;20101208;000000;80.5;80.85;79.97;80.22;371629;0
TATNP;D;20101209;000000;80.77;81.69;80;80.79;339083;0
TATNP;D;20101210;000000;80.62;82.5;80.5;82.31;193854;0
TATNP;D;20101213;000000;84.52;85;82.5;83.04;474714;0
TATNP;D;20101214;000000;83.93;83.93;82.55;82.79;248270;0
TATNP;D;20101215;000000;82.76;84.46;82.62;83.75;442960;0
TATNP;D;20101216;000000;83.39;84;82.76;83.26;159715;0
TATNP;D;20101217;000000;83.1;84.57;82.85;83.98;479856;0
TATNP;D;20101220;000000;83.95;84.39;82.67;83.45;403697;0
TATNP;D;20101221;000000;84.36;84.7;82.7;83.72;438133;0
TATNP;D;20101222;000000;83.72;83.74;83;83.32;191733;0
TATNP;D;20101223;000000;83.69;83.87;83.01;83.39;122984;0
TATNP;D;20101224;000000;83.06;83.49;82.94;83;104276;0
TATNP;D;20101227;000000;82.82;84;82.51;83.25;103648;0
TATNP;D;20101228;000000;83.27;83.93;83.01;83.47;119212;0
TATNP;D;20101229;000000;83.25;87.6;83;84.9;926128;0
TATNP;D;20101230;000000;84.36;86.99;83.99;86.65;459622;0
TATNP;D;20110111;000000;88.57;89.87;84.53;88.85;1231413;0
TATNP;D;20110112;000000;89;89.55;87.46;89.29;438145;0
TATNP;D;20110113;000000;87.91;89.72;87.81;89.1;585777;0
TATNP;D;20110114;000000;89.04;89.4;88.8;89.3;177056;0
TATNP;D;20110117;000000;89.07;91.43;89.05;91.43;297852;0
TATNP;D;20110118;000000;90.32;92.2;89.61;90.4;427720;0
TATNP;D;20110119;000000;90.7;91.43;90.2;90.86;777981;0
TATNP;D;20110120;000000;89.96;90.4;89.3;89.8;522746;0
TATNP;D;20110121;000000;89.77;93.92;89.64;93.37;722660;0
TATNP;D;20110124;000000;92.01;92.95;90.44;91.5;466481;0
TATNP;D;20110125;000000;92.18;95;91;93;933270;0
TATNP;D;20110126;000000;94;94;92.1;92.83;259280;0
TATNP;D;20110127;000000;92.51;94.94;92.5;94.5;441778;0
TATNP;D;20110128;000000;94.11;95.48;94.1;95;404470;0
TATNP;D;20110131;000000;94.11;95.15;93.55;95.15;199534;0
TATNP;D;20110201;000000;95.3;96.64;94.49;96.3;355763;0
TATNP;D;20110202;000000;96.98;98.5;96.49;98;1088019;0
TATNP;D;20110203;000000;98;101.15;97.99;100.12;890392;0
TATNP;D;20110204;000000;100.83;103.41;99.5;103.4;694617;0
TATNP;D;20110207;000000;103.09;105.24;102.26;104.55;637784;0
TATNP;D;20110208;000000;102.61;104.55;100.05;101;493890;0
TATNP;D;20110209;000000;100.2;101.87;98.88;100;384033;0
TATNP;D;20110210;000000;100;101;96.1;99.46;366003;0
TATNP;D;20110211;000000;98.45;100.4;96.02;99.83;284856;0
TATNP;D;20110214;000000;100.4;101.9;99.05;100.98;91233;0
TATNP;D;20110215;000000;101.23;101.23;99.91;100.5;81904;0
TATNP;D;20110216;000000;101.24;101.4;99.22;100.9;155604;0
TATNP;D;20110217;000000;100.95;104;100;102.29;699734;0
TATNP;D;20110218;000000;102;103.56;101.54;102.77;321664;0
TATNP;D;20110221;000000;102.99;102.99;101.12;101.97;125425;0
TATNP;D;20110222;000000;101.97;101.97;100.01;100.98;178553;0
TATNP;D;20110224;000000;100.98;103.4;100.03;102.48;396958;0
TATNP;D;20110225;000000;102.52;103.67;101.2;102.29;124534;0
TATNP;D;20110228;000000;102.36;104.73;101.9;102.21;165683;0
TATNP;D;20110301;000000;103.5;103.89;103;103.35;228720;0
TATNP;D;20110302;000000;103.35;103.4;101.5;102.35;67890;0
TATNP;D;20110303;000000;102;103.41;102;103;220280;0
TATNP;D;20110304;000000;103.25;103.76;102.02;103.41;617720;0
TATNP;D;20110305;000000;102.54;103.5;102.29;103.5;127030;0
TATNP;D;20110309;000000;102.77;134.41;102.77;114.99;5696100;0
TATNP;D;20110310;000000;114.99;114.99;106.94;107.49;1156910;0
TATNP;D;20110311;000000;107.5;107.5;103.94;104.94;628850;0
TATNP;D;20110314;000000;103.73;106.65;103.47;104;474150;0
TATNP;D;20110315;000000;102.64;104.5;99.35;100.01;858970;0
TATNP;D;20110316;000000;100.51;101.9;99.53;99.6;514440;0
TATNP;D;20110317;000000;100;104.95;99.6;101.8;577820;0
TATNP;D;20110318;000000;102.45;102.85;101.2;101.4;76840;0
TATNP;D;20110321;000000;102.33;102.4;99.7;100.6;370450;0
TATNP;D;20110322;000000;101;101;99.21;99.77;170540;0
TATNP;D;20110323;000000;99.55;103;99.3;101.98;526590;0
TATNP;D;20110324;000000;102.1;102.98;101;101.75;291480;0
TATNP;D;20110325;000000;102;103.88;101.62;103.65;632250;0
TATNP;D;20110328;000000;103.6;103.6;102.6;103.36;186610;0
TATNP;D;20110329;000000;102.9;102.9;101.7;102.59;178520;0
TATNP;D;20110330;000000;103.2;103.2;102.02;102.55;118060;0
TATNP;D;20110331;000000;102.5;104.57;102.5;104.39;957230;0
TATNP;D;20110401;000000;104.66;107.73;103.65;107.68;722420;0
TATNP;D;20110404;000000;108;109.32;106;107.6;1109700;0
TATNP;D;20110405;000000;108.77;108.77;106.19;107.05;199340;0
TATNP;D;20110406;000000;107;112.99;106.6;112.2;818170;0
TATNP;D;20110407;000000;110.53;114.4;110.53;113.62;970700;0
TATNP;D;20110408;000000;112;114.45;112;113.52;250950;0
TATNP;D;20110411;000000;112.45;113.29;110.5;111.8;293440;0
TATNP;D;20110412;000000;108.38;111.8;108.38;108.87;443790;0
TATNP;D;20110413;000000;109.28;109.28;106;108.18;422310;0
TATNP;D;20110414;000000;107.06;108.32;105.6;106.01;189130;0
TATNP;D;20110415;000000;106.01;107.38;105.98;107;180410;0
TATNP;D;20110418;000000;107;107.38;103.5;105.2;400180;0
TATNP;D;20110419;000000;105.24;105.95;102.02;105.95;553710;0
TATNP;D;20110420;000000;106.01;106.5;104.12;105.17;426430;0
TATNP;D;20110421;000000;106.35;108;104.1;104.5;382980;0
TATNP;D;20110422;000000;105.14;105.95;104.75;105.95;163190;0
TATNP;D;20110425;000000;105.02;106.77;104;104.64;350200;0
TATNP;D;20110426;000000;104.32;104.6;103.26;103.75;165330;0
TATNP;D;20110427;000000;103.71;105.5;103.27;105.47;269570;0
TATNP;D;20110428;000000;106.75;107.27;104.77;105.49;751150;0
TATNP;D;20110429;000000;105.08;105.86;104.9;105.8;204300;0
TATNP;D;20110503;000000;101.71;106.98;101.71;105;529430;0
TATNP;D;20110504;000000;104.93;106.43;97.26;98.01;711660;0
TATNP;D;20110505;000000;97.5;102.4;95.75;97.89;567440;0
TATNP;D;20110506;000000;97.89;101.69;96.5;99.85;718050;0
TATNP;D;20110510;000000;94.99;95.99;92.99;93;986980;0
TATNP;D;20110511;000000;94.75;94.97;90.07;92.35;609020;0
TATNP;D;20110512;000000;91.39;91.9;88.36;88.6;489170;0
TATNP;D;20110513;000000;89.05;90.88;87.08;87.51;148170;0
TATNP;D;20110516;000000;86.85;88.25;86.36;88.03;80150;0
TATNP;D;20110517;000000;88.25;89.5;85.02;85.4;198160;0
TATNP;D;20110518;000000;87.24;87.24;84.82;85.25;123780;0
TATNP;D;20110519;000000;86.39;86.94;84.15;85.6;142180;0
TATNP;D;20110520;000000;85.91;86.3;84.4;85.18;300900;0
TATNP;D;20110523;000000;84.85;85.87;80.53;81.5;600270;0
TATNP;D;20110524;000000;81.99;82.6;81;81.2;532010;0
TATNP;D;20110525;000000;80.55;82.97;80;82.5;723530;0
TATNP;D;20110526;000000;83.77;83.77;81.22;82;350890;0
TATNP;D;20110527;000000;82.25;82.64;81.12;82.3;438110;0
TATNP;D;20110530;000000;82.93;82.93;81.63;82.27;175850;0
TATNP;D;20110531;000000;82.61;83.7;82.02;82.56;770820;0
TATNP;D;20110601;000000;82.8;83.85;82.25;82.52;402430;0
TATNP;D;20110602;000000;81;82.02;80.95;81.5;199690;0
TATNP;D;20110603;000000;81.75;84.21;81.11;82.8;634020;0
TATNP;D;20110606;000000;83;84.21;82.85;83.5;184340;0
TATNP;D;20110607;000000;83.55;84.42;82.89;84.42;255180;0
TATNP;D;20110608;000000;84;85.69;83.83;85.3;129750;0
TATNP;D;20110609;000000;85.35;88.01;85.35;88;198800;0
TATNP;D;20110610;000000;87.8;88.7;87.03;88;169140;0
TATNP;D;20110614;000000;87.8;88.98;87.69;88.46;145010;0
TATNP;D;20110615;000000;88.48;89.04;86.62;87;301500;0
TATNP;D;20110616;000000;86.39;86.59;85.07;86.59;233210;0
TATNP;D;20110617;000000;86.3;86.57;85.05;85.26;172470;0
TATNP;D;20110620;000000;85.26;86.2;84.25;84.77;41450;0
TATNP;D;20110621;000000;87.01;87.01;84.25;86.35;150010;0
TATNP;D;20110622;000000;86.43;86.96;84.95;85.55;185170;0
TATNP;D;20110623;000000;85.34;85.34;83.05;83.38;231010;0
TATNP;D;20110624;000000;84.37;85.5;83.26;85.42;273280;0
TATNP;D;20110627;000000;84.39;85.67;84.32;84.83;26950;0
TATNP;D;20110628;000000;85.39;87;84.84;86.48;47510;0
TATNP;D;20110629;000000;87.59;90.51;87.13;90.37;276810;0
TATNP;D;20110630;000000;90.3;90.3;89.25;90.27;77550;0
TATNP;D;20110701;000000;90.65;95;90;91.49;214330;0
TATNP;D;20110704;000000;92.39;92.8;90.74;92.01;130440;0
TATNP;D;20110705;000000;92.01;94.98;91;94.04;360510;0
TATNP;D;20110706;000000;94.51;97.14;93.61;96.15;377130;0
TATNP;D;20110707;000000;97.49;97.55;95;96.42;215070;0
TATNP;D;20110708;000000;95.98;99.01;95.09;96.8;501380;0
TATNP;D;20110711;000000;96.25;96.51;93.15;95.4;178360;0
TATNP;D;20110712;000000;94.5;95;92.01;93.4;131150;0
TATNP;D;20110713;000000;93.81;95.39;92.61;95.39;159050;0
TATNP;D;20110714;000000;94.06;96.6;94.06;95.05;165300;0
TATNP;D;20110715;000000;93.71;95.7;92.84;94.21;109760;0
TATNP;D;20110718;000000;93.86;94.59;93.13;93.16;114820;0
TATNP;D;20110719;000000;94.16;94.16;92.71;93;42540;0
TATNP;D;20110720;000000;93.07;96.4;93.07;96.4;559810;0
TATNP;D;20110721;000000;97;98.45;95.62;96.69;103420;0
TATNP;D;20110722;000000;96.51;97.5;95.97;97.5;258880;0
TATNP;D;20110725;000000;97.5;97.6;96.11;96.89;119330;0
TATNP;D;20110726;000000;96.66;97.42;96.01;96.7;104120;0
TATNP;D;20110727;000000;96.99;97.01;95.97;95.97;144950;0
TATNP;D;20110728;000000;95.5;96.4;93.02;94.88;171340;0
TATNP;D;20110729;000000;94.68;95.99;93.49;95.33;243150;0
TATNP;D;20110801;000000;95.25;96.99;95;95;211660;0
TATNP;D;20110802;000000;95.2;95.2;93.81;94.02;157010;0
TATNP;D;20110803;000000;94.01;94.01;90.03;91.24;256390;0
TATNP;D;20110804;000000;89.27;92.29;89.27;90.38;135560;0
TATNP;D;20110805;000000;88;89.9;84.16;89.31;236130;0
TATNP;D;20110808;000000;87.07;88.13;82.13;83.2;500360;0
TATNP;D;20110809;000000;83.22;83.64;76.2;81.49;470900;0
TATNP;D;20110810;000000;82.73;83.51;78.9;79.78;350630;0
TATNP;D;20110811;000000;81.99;82.24;77.2;81.78;336870;0
TATNP;D;20110812;000000;81.38;84.57;81.38;84.48;233460;0
TATNP;D;20110815;000000;84.59;88.9;84.59;88.9;639550;0
TATNP;D;20110816;000000;88;88.03;86.24;86.5;361730;0
TATNP;D;20110817;000000;87.79;88.55;86.98;88.55;390770;0
TATNP;D;20110818;000000;87;88.5;85.47;87.5;724200;0
TATNP;D;20110819;000000;85.4;86.77;83.63;85;475470;0
TATNP;D;20110822;000000;84.68;85.68;84.51;85.06;114890;0
TATNP;D;20110823;000000;85.28;87.46;84.51;84.89;259500;0
TATNP;D;20110824;000000;85.3;85.99;83.84;84;237080;0
TATNP;D;20110825;000000;84.9;86.5;80.77;81.84;762710;0
TATNP;D;20110826;000000;82;82.45;80.19;81.4;200100;0
TATNP;D;20110829;000000;81.91;83;81.5;82.84;822880;0
TATNP;D;20110830;000000;82.7;83.5;81.71;82.52;161550;0
TATNP;D;20110831;000000;83.12;84.89;82.76;84.17;747860;0
TATNP;D;20110901;000000;84.01;84.95;83.8;84.94;195600;0
TATNP;D;20110902;000000;84.95;85.17;83.46;84.16;250190;0
TATNP;D;20110905;000000;83.4;85.03;82;83.58;92230;0
TATNP;D;20110906;000000;83.49;85.4;82.52;84;331350;0
TATNP;D;20110907;000000;85.26;86.7;84.53;86.45;409780;0
TATNP;D;20110908;000000;86.8;87.12;85.52;86.89;267950;0
TATNP;D;20110909;000000;86.49;86.98;85.27;86.02;148530;0
TATNP;D;20110912;000000;85.17;86.87;82.25;83.54;528150;0
TATNP;D;20110913;000000;82.55;84.73;82.02;83.26;119850;0
TATNP;D;20110914;000000;83.26;84.25;82.62;84.25;179500;0
TATNP;D;20110915;000000;85.15;86.68;84.04;86.43;169160;0
TATNP;D;20110916;000000;84.99;87;84.11;85.35;275100;0
TATNP;D;20110919;000000;84.48;85.15;83.5;85;135230;0
TATNP;D;20110920;000000;84.6;86.4;84.51;86;513790;0
TATNP;D;20110921;000000;86.5;86.73;85.2;85.51;66700;0
TATNP;D;20110922;000000;84.01;84.85;79.18;79.5;538770;0
TATNP;D;20110923;000000;79.5;80.22;73.05;74.65;297780;0
TATNP;D;20110926;000000;74.11;79.6;71.2;77.2;437620;0
TATNP;D;20110927;000000;79;81.7;77.47;78.36;405370;0
TATNP;D;20110928;000000;78.08;79;76.7;77.45;202410;0
TATNP;D;20110929;000000;76.73;78.87;74;78;355890;0
TATNP;D;20110930;000000;79.3;79.3;74.53;75.26;231370;0
TATNP;D;20111003;000000;74.31;76.3;73.5;74.77;367380;0
TATNP;D;20111004;000000;74.82;75;71.5;71.61;428970;0
TATNP;D;20111005;000000;74;74.71;70.99;71.5;517510;0
TATNP;D;20111006;000000;74.97;74.97;72.53;73.85;286160;0
TATNP;D;20111007;000000;74.8;76.19;74.04;74.86;412830;0
TATNP;D;20111010;000000;75.99;76.77;74.61;75.98;290270;0
TATNP;D;20111011;000000;76.51;76.76;75.01;75.45;57720;0
TATNP;D;20111012;000000;75.79;77.8;75;76.8;397990;0
TATNP;D;20111013;000000;76.99;77.72;75.05;75.1;164730;0
TATNP;D;20111014;000000;75.88;78.73;75.25;78;388100;0
TATNP;D;20111017;000000;79;81.33;77.99;78.03;536390;0
TATNP;D;20111018;000000;77.99;79.22;77.19;78.57;178950;0
TATNP;D;20111019;000000;79.37;79.88;78.5;78.75;98730;0
TATNP;D;20111020;000000;78.2;78.76;77.09;78.39;61220;0
TATNP;D;20111021;000000;78.23;80.73;78.22;80.5;259630;0
TATNP;D;20111024;000000;80.19;83.99;80.04;80.97;213730;0
TATNP;D;20111025;000000;81.68;81.87;80.19;80.79;149270;0
TATNP;D;20111026;000000;81;82.99;79.99;81.51;358840;0
TATNP;D;20111027;000000;82.3;83.5;81.2;81.99;255750;0
TATNP;D;20111028;000000;82.15;84;81.97;83.9;423580;0
TATNP;D;20111031;000000;82.81;84.76;82.6;84.1;278010;0
TATNP;D;20111101;000000;83.27;84.38;82.31;82.5;405890;0
TATNP;D;20111102;000000;82.37;85.29;82.01;85.19;357470;0
TATNP;D;20111103;000000;84.55;87.77;84.02;87.31;470160;0
TATNP;D;20111107;000000;87.3;88.1;86;88.1;304100;0
TATNP;D;20111108;000000;87.18;91.3;87.1;90.97;588120;0
TATNP;D;20111109;000000;90.78;91.6;88.05;89.7;1525430;0
TATNP;D;20111110;000000;87.71;93;86.58;92.86;914150;0
TATNP;D;20111111;000000;93.22;94;92.01;93.58;388230;0
TATNP;D;20111114;000000;94.2;95.2;93.88;94.49;255180;0
TATNP;D;20111115;000000;94.5;94.89;93;94;218530;0
TATNP;D;20111116;000000;93.17;98.5;93.16;95.56;258070;0
TATNP;D;20111117;000000;95.4;99;95.4;97.21;833120;0
TATNP;D;20111118;000000;96.58;96.58;94.25;95.01;143090;0
TATNP;D;20111121;000000;93.23;95.79;92.53;93.01;320390;0
TATNP;D;20111122;000000;93.98;98;93.69;97.29;245160;0
TATNP;D;20111123;000000;95.01;96.37;94.65;96;208490;0
TATNP;D;20111124;000000;96.04;97;95.59;96.78;102650;0
TATNP;D;20111125;000000;96.5;96.5;93.68;94;309220;0
TATNP;D;20111128;000000;96;96.95;93.7;96.94;428290;0
TATNP;D;20111129;000000;96.95;96.95;94.23;95;194200;0
TATNP;D;20111130;000000;94.42;97;93.99;97;543130;0
TATNP;D;20111201;000000;97;99;96.16;97.32;582450;0
TATNP;D;20111202;000000;97.98;97.98;95.56;95.56;948850;0
TATNP;D;20111205;000000;95.79;96;92.99;94.25;1201930;0
TATNP;D;20111206;000000;93.91;95;91.91;92;721110;0
TATNP;D;20111207;000000;91.74;94.67;90.3;91.3;441210;0
TATNP;D;20111208;000000;92.83;93.67;91.49;92;423480;0
TATNP;D;20111209;000000;90.68;92.5;86.71;90.65;168780;0
TATNP;D;20111212;000000;92.11;92.11;88.59;88.86;254120;0
TATNP;D;20111213;000000;88.8;90.89;87.52;90.87;334600;0
TATNP;D;20111214;000000;90.9;92.38;90.12;90.12;897980;0
TATNP;D;20111215;000000;90.25;91.91;89.64;90.99;271720;0
TATNP;D;20111216;000000;91.7;93.77;90.65;90.99;52280;0
TATNP;D;20111219;000000;91;92.5;90;91.99;303340;0
TATNP;D;20111220;000000;92.28;92.28;90.45;91.85;68940;0
TATNP;D;20111221;000000;91.85;92.89;91.13;91.22;77710;0
TATNP;D;20111222;000000;91.01;91.75;88.59;89.89;989550;0
TATNP;D;20111223;000000;90.64;91.99;88.75;88.85;109440;0
TATNP;D;20111226;000000;89.94;89.94;88.38;88.7;83730;0
TATNP;D;20111227;000000;89.11;89.12;88;88.7;118710;0
TATNP;D;20111228;000000;89.83;91.01;88;88.55;474740;0
TATNP;D;20111229;000000;87.97;89;87.75;88.08;595270;0
TATNP;D;20111230;000000;88.88;89;87.72;88.02;473970;0
TATNP;D;20120103;000000;88;93.34;87.99;92.48;223480;0
TATNP;D;20120104;000000;91.53;92.47;90.1;92;73120;0
TATNP;D;20120105;000000;92.06;95.06;91.86;91.91;147880;0
TATNP;D;20120106;000000;91.81;93.07;91.75;91.82;17150;0
TATNP;D;20120109;000000;92.02;93.01;92.02;92.11;11650;0
TATNP;D;20120110;000000;92.28;93.93;91.82;92.12;354940;0
TATNP;D;20120111;000000;92.23;92.59;90.71;91.35;924240;0
TATNP;D;20120112;000000;93.8;93.8;90.52;92;337300;0
TATNP;D;20120113;000000;91.01;92.99;91.01;92.44;191120;0
TATNP;D;20120116;000000;93.16;93.16;91.51;92.51;28710;0
TATNP;D;20120117;000000;92.96;94.9;92.08;94.88;381560;0
TATNP;D;20120118;000000;94.69;97;94.3;96.78;511820;0
TATNP;D;20120119;000000;95.12;98;95.12;96.25;219320;0
TATNP;D;20120120;000000;96.36;97.8;96.09;96.47;198300;0
TATNP;D;20120123;000000;96.96;96.99;96.01;96.14;146760;0
TATNP;D;20120124;000000;96.23;97.33;96;97.14;132330;0
TATNP;D;20120125;000000;97.48;100.15;96.56;98.06;672370;0
TATNP;D;20120126;000000;99.37;100.89;98.12;98.88;446500;0
TATNP;D;20120127;000000;98.02;99.67;98.01;99.27;331160;0
TATNP;D;20120130;000000;99.79;99.79;97.59;98;106420;0
TATNP;D;20120131;000000;98.33;99.2;98.07;99;172810;0
TATNP;D;20120201;000000;98.52;100.6;98.52;99.45;1013870;0
TATNP;D;20120202;000000;99.01;99.96;98.59;99;59450;0
TATNP;D;20120203;000000;98.6;99.59;96.41;98.67;125720;0
TATNP;D;20120206;000000;99.29;100.98;98.5;98.61;297890;0
TATNP;D;20120207;000000;99.19;99.79;97.5;98.44;257580;0
TATNP;D;20120208;000000;98.88;99.1;98;99.1;204540;0
TATNP;D;20120209;000000;99.15;99.5;97.58;98.8;158350;0
TATNP;D;20120210;000000;98.16;98.21;97;97;512630;0
TATNP;D;20120213;000000;97.2;98.77;97.2;98;634690;0
TATNP;D;20120214;000000;98.7;100;98.39;98.39;843710;0
TATNP;D;20120215;000000;99.47;99.47;98.38;99.09;276920;0
TATNP;D;20120216;000000;98.4;99.2;97.61;99;400090;0
TATNP;D;20120217;000000;99.01;99.66;98.65;98.7;432030;0
TATNP;D;20120220;000000;99.6;100;98.55;98.99;143760;0
TATNP;D;20120221;000000;98.65;100.84;97.9;100;811290;0
TATNP;D;20120222;000000;100.49;101.5;99.4;100.41;1067580;0
TATNP;D;20120224;000000;101.48;102;99.83;101.81;451630;0
TATNP;D;20120227;000000;101.25;103.57;100.41;101.93;539780;0
TATNP;D;20120228;000000;102.95;102.95;101.51;101.55;829670;0
TATNP;D;20120229;000000;101.98;103.33;101.54;103.33;350300;0
TATNP;D;20120301;000000;102.5;102.5;102;102.44;50630;0
TATNP;D;20120302;000000;102.61;102.89;101.9;102.04;155920;0
TATNP;D;20120305;000000;102.71;103.3;101.01;102.57;195310;0
TATNP;D;20120306;000000;99.57;104;99.57;100.8;578930;0
TATNP;D;20120307;000000;100.4;102.38;100.38;101.32;288560;0
TATNP;D;20120311;000000;102.65;103.32;101.94;102.53;111100;0
TATNP;D;20120312;000000;102.19;102.89;102.05;102.49;108400;0
TATNP;D;20120313;000000;102.87;102.96;101.76;102.7;389690;0
TATNP;D;20120314;000000;102.88;103.57;102.13;103.57;475340;0
TATNP;D;20120315;000000;103.4;104.9;102.68;104.5;557820;0
TATNP;D;20120316;000000;103.49;105.08;103.06;104.65;263460;0
TATNP;D;20120319;000000;104;105.2;101.84;103.2;382950;0
TATNP;D;20120320;000000;102.62;103.3;100.5;101.5;623110;0
TATNP;D;20120321;000000;101.93;101.94;99.6;101.25;1023530;0
TATNP;D;20120322;000000;100.99;101.5;99.85;100.03;305510;0
TATNP;D;20120323;000000;101.18;101.49;99.73;101.48;185640;0
TATNP;D;20120326;000000;101.71;102.4;101.03;102.29;859300;0
TATNP;D;20120327;000000;100.5;104;100.5;101.95;604630;0
TATNP;D;20120328;000000;101.95;101.95;100.38;101.53;193690;0
TATNP;D;20120329;000000;100.96;101.49;98.83;100.99;231530;0
TATNP;D;20120330;000000;101.49;101.7;100.06;101.4;91080;0
TATNP;D;20120402;000000;101.21;101.79;100.79;101.43;210820;0
TATNP;D;20120403;000000;101.58;102.39;100.81;101.95;440340;0
TATNP;D;20120404;000000;101.07;101.65;100.53;100.53;242170;0
TATNP;D;20120405;000000;100.52;101.35;99.66;101.25;149220;0
TATNP;D;20120406;000000;101.49;101.49;100.08;100.46;34890;0
TATNP;D;20120409;000000;100.4;100.8;99.8;100.8;161250;0
TATNP;D;20120410;000000;100.02;100.75;100;100.1;85460;0
TATNP;D;20120411;000000;94;99.95;94;99.6;78590;0
TATNP;D;20120412;000000;99.06;99.88;98.83;99.3;261380;0
TATNP;D;20120413;000000;99.13;100.35;98.94;99.49;239830;0
TATNP;D;20120416;000000;98.51;99.92;98.51;99.18;261600;0
TATNP;D;20120417;000000;99.01;99.5;98.25;98.6;312080;0
TATNP;D;20120418;000000;99.1;99.11;97.29;97.44;524670;0
TATNP;D;20120419;000000;98.15;98.15;97.02;97.4;425660;0
TATNP;D;20120420;000000;97.2;97.79;94.21;95.86;394640;0
TATNP;D;20120423;000000;96.5;96.55;94.74;94.9;155940;0
TATNP;D;20120424;000000;95.11;95.11;94.3;94.6;190180;0
TATNP;D;20120425;000000;94.8;96.54;94.28;95.15;57960;0
TATNP;D;20120426;000000;95.06;95.69;94.08;95.2;105700;0
TATNP;D;20120427;000000;95.2;95.79;94.14;94.98;36400;0
TATNP;D;20120428;000000;95.74;95.74;94.62;95.23;42050;0
TATNP;D;20120502;000000;96;97.99;94.75;94.75;211530;0
TATNP;D;20120503;000000;93.31;95.39;93.31;94.15;146820;0
TATNP;D;20120504;000000;94.43;94.45;92.14;92.15;364400;0
TATNP;D;20120505;000000;93.23;93.23;91.18;92.02;118130;0
TATNP;D;20120507;000000;91.21;93.98;87.6;93.15;32380;0
TATNP;D;20120508;000000;93.89;93.89;91.63;91.98;17340;0
TATNP;D;20120510;000000;94.3;94.3;92.1;93.91;304590;0
TATNP;D;20120511;000000;92.64;93.86;91.75;91.9;164860;0
TATNP;D;20120512;000000;92;92.5;91.9;92.49;105600;0
TATNP;D;20120514;000000;92.47;92.55;87.07;89.1;575400;0
TATNP;D;20120515;000000;78.09;84.1;78.09;80.19;1374220;0
TATNP;D;20120516;000000;79.03;79.03;77.27;77.94;395130;0
TATNP;D;20120517;000000;77.94;78.5;75.52;76.01;343130;0
TATNP;D;20120518;000000;73.97;75.83;73.97;74.06;558280;0
TATNP;D;20120521;000000;74.51;75.67;74;74.99;351990;0
TATNP;D;20120522;000000;82;82;75.57;75.67;146460;0
TATNP;D;20120523;000000;75.07;76.5;74.01;74.65;869220;0
TATNP;D;20120524;000000;74.61;76.99;74.61;76.99;163680;0
TATNP;D;20120525;000000;76.2;78.96;76.2;78.96;110920;0
TATNP;D;20120528;000000;79;79.99;78.98;79.88;80600;0
TATNP;D;20120529;000000;80.94;84.33;78.53;84.32;327280;0
TATNP;D;20120530;000000;84.3;87.47;81.37;82.81;185070;0
TATNP;D;20120531;000000;82.12;83.8;80.47;82.11;238070;0
TATNP;D;20120601;000000;84.49;84.97;78.61;80.42;187730;0
TATNP;D;20120604;000000;79;83;79;82.99;94020;0
TATNP;D;20120605;000000;82.58;84.59;82.58;83.35;544210;0
TATNP;D;20120606;000000;83.32;85.79;83.23;85.46;39720;0
TATNP;D;20120607;000000;85.16;86;82.98;83.1;436950;0
TATNP;D;20120608;000000;83.21;83.64;82.33;83.3;516400;0
TATNP;D;20120609;000000;83.34;83.7;83.33;83.7;14940;0
TATNP;D;20120613;000000;83.72;84.53;83;83;649670;0
TATNP;D;20120614;000000;82.07;83;82;82.8;162790;0
TATNP;D;20120615;000000;83.6;85.49;81.51;85;439380;0
TATNP;D;20120618;000000;85.95;87.01;85;85.5;352560;0
TATNP;D;20120619;000000;85.49;86.44;85.05;85.8;61450;0
TATNP;D;20120620;000000;85;85.98;84.28;85;263520;0
TATNP;D;20120621;000000;83.16;85.5;83.03;84.8;174530;0
TATNP;D;20120622;000000;83.06;84.99;83.06;84.37;254090;0
TATNP;D;20120625;000000;84.97;84.97;82.37;82.48;218480;0
TATNP;D;20120626;000000;82.6;83;82.59;82.95;17610;0
TATNP;D;20120627;000000;84.38;84.38;82.41;84;71880;0
TATNP;D;20120628;000000;84.91;84.91;82.5;82.5;74390;0
TATNP;D;20120629;000000;84.69;84.7;83;84.47;617640;0
TATNP;D;20120702;000000;84.5;86.9;84.11;85.13;236530;0
TATNP;D;20120703;000000;84.99;86.88;84.98;86.88;180110;0
TATNP;D;20120704;000000;86.56;88.9;85.8;88.9;224420;0
TATNP;D;20120705;000000;88.05;90.4;87.38;90.18;399770;0
TATNP;D;20120706;000000;90;91;89.3;89.49;476130;0
TATNP;D;20120709;000000;89.34;90.24;88.59;89;71020;0
TATNP;D;20120710;000000;89.01;90.21;88.3;89.99;207370;0
TATNP;D;20120711;000000;88.97;89.97;88.35;88.5;37550;0
TATNP;D;20120712;000000;88.08;89.52;87.57;88.45;92780;0
TATNP;D;20120713;000000;88.52;92.41;88.52;92.01;219380;0
TATNP;D;20120716;000000;92.41;92.48;90.37;91.19;73850;0
TATNP;D;20120717;000000;91.67;92.15;90.5;91.8;121130;0
TATNP;D;20120718;000000;91.77;92.62;91.77;92.01;168060;0
TATNP;D;20120719;000000;92.89;94;90.99;93.92;193520;0
TATNP;D;20120720;000000;92.62;93.75;91.62;92.7;605100;0
TATNP;D;20120723;000000;92.99;92.99;90.25;90.71;269690;0
TATNP;D;20120724;000000;90.71;90.99;89.77;90.89;114140;0
TATNP;D;20120725;000000;90.49;92;90.48;91.59;45260;0
TATNP;D;20120726;000000;91.99;92;90.05;91;107140;0
TATNP;D;20120727;000000;91.9;96;90.8;95;507160;0
TATNP;D;20120730;000000;95.5;96;93.34;94.44;115660;0
TATNP;D;20120731;000000;93.83;94;92.62;93.12;180100;0
TATNP;D;20120801;000000;87.26;94.3;87.26;93.1;143630;0
TATNP;D;20120802;000000;92.69;93.79;91.98;92.49;157420;0
TATNP;D;20120803;000000;92.27;95;92;95;71510;0
TATNP;D;20120806;000000;95.6;95.7;93.77;95.7;275690;0
TATNP;D;20120807;000000;95.27;98.48;93.84;98.1;964110;0
TATNP;D;20120808;000000;97.28;98.57;97;97.15;392730;0
TATNP;D;20120809;000000;96.96;98.57;96.02;98.47;405620;0
TATNP;D;20120810;000000;98.05;98.4;96.8;97.69;65400;0
TATNP;D;20120813;000000;89.82;98.49;89.82;97.72;23990;0
TATNP;D;20120814;000000;97.59;97.59;95.73;96.79;70010;0
TATNP;D;20120815;000000;96.54;97.36;95.16;95.43;65960;0
TATNP;D;20120816;000000;96.42;96.42;95.01;95.85;21280;0
TATNP;D;20120817;000000;96.74;96.74;94.1;94.5;33580;0
TATNP;D;20120820;000000;94.68;94.7;94.32;94.36;14910;0
TATNP;D;20120821;000000;94.35;95.82;94.17;95.33;35930;0
TATNP;D;20120822;000000;94.51;96.62;93;96.5;167540;0
TATNP;D;20120823;000000;96.47;97.34;96;96.48;127060;0
TATNP;D;20120824;000000;95.6;98.61;95.6;98.5;137730;0
TATNP;D;20120827;000000;98.5;99.45;98.05;99.01;130930;0
TATNP;D;20120828;000000;98.86;100.38;97.81;100.36;257440;0
TATNP;D;20120829;000000;100.22;101.11;100.2;100.97;271980;0
TATNP;D;20120830;000000;101;101.72;100.45;101.2;117120;0
TATNP;D;20120831;000000;101.19;101.88;97.02;99.01;93180;0
TATNP;D;20120903;000000;99.99;100.21;99.12;99.94;26570;0
TATNP;D;20120904;000000;99.1;100.09;99;99.88;20490;0
TATNP;D;20120905;000000;99.97;99.98;98.7;99;364390;0
TATNP;D;20120906;000000;98.84;102.3;98.84;102.3;704900;0
TATNP;D;20120907;000000;102.9;103.7;101.75;103.7;212030;0
TATNP;D;20120910;000000;102.55;105.2;102.54;105.19;379410;0
TATNP;D;20120911;000000;103.45;104.94;101.16;104.5;70680;0
TATNP;D;20120912;000000;105;105.49;104;104;469400;0
TATNP;D;20120913;000000;103.76;104.63;103.32;103.5;50970;0
TATNP;D;20120914;000000;105.5;109;104.99;105.85;207350;0
TATNP;D;20120917;000000;105.6;106.61;105.59;105.99;639660;0
TATNP;D;20120918;000000;105;105.49;104.02;104.25;25840;0
TATNP;D;20120919;000000;104.39;105.26;104;104;41180;0
TATNP;D;20120920;000000;105.66;105.66;101.38;103.54;118580;0
TATNP;D;20120921;000000;103.1;105.1;102.98;103.75;61600;0
TATNP;D;20120924;000000;104.01;106.24;104;106.23;192200;0
TATNP;D;20120925;000000;105.99;106;103.6;105.06;64030;0
TATNP;D;20120926;000000;104.94;104.94;101.5;102.7;67370;0
TATNP;D;20120927;000000;103.19;104.77;103;103.83;27750;0
TATNP;D;20120928;000000;98.57;105.97;98.57;104.1;27710;0
TATNP;D;20121001;000000;104;105;104;105;35150;0
TATNP;D;20121002;000000;104.32;105.5;102.55;104.78;32460;0
TATNP;D;20121003;000000;104.18;104.4;102.52;103.99;768250;0
TATNP;D;20121004;000000;104.76;104.76;101;101.41;53680;0
TATNP;D;20121005;000000;102.81;103.51;99.49;101;42870;0
TATNP;D;20121008;000000;102.01;102.52;99.09;100;77750;0
TATNP;D;20121009;000000;100.48;100.96;99.22;100;53690;0
TATNP;D;20121010;000000;99.5;100.98;98.78;99.96;86210;0
TATNP;D;20121011;000000;98.99;100;98.99;99.7;14160;0
TATNP;D;20121012;000000;101.61;101.62;97.81;98.08;56960;0
TATNP;D;20121015;000000;98.99;100;98;98.45;49970;0
TATNP;D;20121016;000000;99.49;99.49;97.03;98.75;115730;0
TATNP;D;20121017;000000;99;102.95;98.75;102.29;228900;0
TATNP;D;20121018;000000;101.56;103.95;100;101;116250;0
TATNP;D;20121019;000000;99.24;101;99.24;99.53;26680;0
TATNP;D;20121022;000000;99.55;101.86;99.05;100.69;52370;0
TATNP;D;20121023;000000;99.99;102.5;99.61;101.71;202530;0
TATNP;D;20121024;000000;101.28;102.99;100.06;102.99;40240;0
TATNP;D;20121025;000000;102.99;102.99;102;102.61;195190;0
TATNP;D;20121026;000000;103.15;103.5;100.5;102;399550;0
TATNP;D;20121029;000000;101.95;102.7;101.18;102;36220;0
TATNP;D;20121030;000000;102.87;103.9;101.6;103.9;93060;0
TATNP;D;20121031;000000;103.5;103.5;101;102.16;538990;0
TATNP;D;20121101;000000;102.12;103.25;100.68;102.03;137530;0
TATNP;D;20121102;000000;102.03;103.43;101.27;102.51;584990;0
TATNP;D;20121106;000000;102.05;104.09;101.01;104;54770;0
TATNP;D;20121107;000000;104;104.7;102.75;102.76;18330;0
TATNP;D;20121108;000000;102.05;103.5;101.51;102.1;97070;0
TATNP;D;20121109;000000;101.6;102.5;101.6;102.27;44110;0
TATNP;D;20121112;000000;103.2;103.29;101.07;102.6;35230;0
TATNP;D;20121113;000000;103.01;103.39;99.21;100.8;106000;0
TATNP;D;20121114;000000;100.51;102.69;100.5;101.98;187350;0
TATNP;D;20121115;000000;101.17;103.49;101.17;103.1;214220;0
TATNP;D;20121116;000000;102.56;103.84;102.56;103.4;37290;0
TATNP;D;20121119;000000;102.91;103;101.55;101.55;30040;0
TATNP;D;20121120;000000;102.58;102.58;100.19;101.41;61860;0
TATNP;D;20121121;000000;101.77;102.49;100.69;101.34;29030;0
TATNP;D;20121122;000000;101.19;102.49;101.19;102.48;10320;0
TATNP;D;20121123;000000;102.99;102.99;101.74;102.85;54470;0
TATNP;D;20121126;000000;102.48;102.9;101.11;102.4;152480;0
TATNP;D;20121127;000000;102.5;106;101.99;102.2;933950;0
TATNP;D;20121128;000000;102.51;103.24;102.49;103;140660;0
TATNP;D;20121129;000000;104.28;105;102.52;104.5;147360;0
TATNP;D;20121130;000000;104.99;105.98;103.67;104.29;123250;0
TATNP;D;20121203;000000;105.38;105.38;103.01;104.75;61920;0
TATNP;D;20121204;000000;104.5;106.72;104.5;106;119850;0
TATNP;D;20121205;000000;107.41;107.99;106.15;107;620250;0
TATNP;D;20121206;000000;107.94;108.35;106;107.53;428780;0
TATNP;D;20121207;000000;107.97;108.3;105.1;106.8;242400;0
TATNP;D;20121210;000000;107.24;107.24;105.65;106.01;109320;0
TATNP;D;20121211;000000;105.52;106.4;105.52;106.33;159450;0
TATNP;D;20121212;000000;106.3;107.39;106.29;106.81;207020;0
TATNP;D;20121213;000000;107.48;107.99;106.7;107.07;136740;0
TATNP;D;20121214;000000;107.77;107.98;106.92;107.5;139800;0
TATNP;D;20121217;000000;107.98;107.98;105.17;105.7;235030;0
TATNP;D;20121218;000000;106.37;108.89;106.11;106.51;237220;0
TATNP;D;20121219;000000;106.62;107.4;106.04;106.3;62990;0
TATNP;D;20121220;000000;106.99;106.99;106.01;106.11;407710;0
TATNP;D;20121221;000000;106.61;108.98;105.06;106.68;919830;0
TATNP;D;20121224;000000;106.94;108;103.3;106.63;639670;0
TATNP;D;20121225;000000;100.82;107.96;100.82;105.3;256270;0
TATNP;D;20121226;000000;106;106.96;105.01;106.8;126820;0
TATNP;D;20121227;000000;106.8;107;105.8;106;248500;0
TATNP;D;20121228;000000;106.36;106.69;104.54;106.05;158810;0
TATNP;D;20130108;000000;106.6;108.05;101.01;107.99;160050;0
TATNP;D;20130109;000000;107.13;108;106.98;107.5;110890;0
TATNP;D;20130110;000000;106.95;107.1;105.4;105.4;353370;0
TATNP;D;20130111;000000;106.45;106.45;104.88;105.55;282850;0
TATNP;D;20130114;000000;105.48;106.6;105.48;105.98;155670;0
TATNP;D;20130115;000000;106.73;106.73;105;105.01;433450;0
TATNP;D;20130116;000000;105.01;105.4;105.01;105.11;208870;0
TATNP;D;20130117;000000;105.12;105.5;104.88;104.95;244320;0
TATNP;D;20130118;000000;105.11;106.3;105.05;106;330060;0
TATNP;D;20130121;000000;105.8;105.86;105.14;105.6;256250;0
TATNP;D;20130122;000000;105.28;106;105.27;105.5;284490;0
TATNP;D;20130123;000000;105.57;106.55;105.3;105.7;107550;0
TATNP;D;20130124;000000;105.6;106.35;105.22;106.1;104040;0
TATNP;D;20130125;000000;106.27;106.55;105.5;106.11;86120;0
TATNP;D;20130128;000000;106.5;107.98;106.02;107.7;353720;0
TATNP;D;20130129;000000;106.53;107.99;106.52;106.66;210680;0
TATNP;D;20130130;000000;106.7;107.6;106.26;106.26;111120;0
TATNP;D;20130131;000000;106.26;107.25;105.75;106.6;129600;0
TATNP;D;20130201;000000;106.88;106.89;106.05;106.2;229910;0
TATNP;D;20130204;000000;105.67;107.63;105.67;106.51;232480;0
TATNP;D;20130205;000000;107.85;107.85;106.54;107.14;290460;0
TATNP;D;20130206;000000;107.49;107.63;106.28;106.89;150010;0
TATNP;D;20130207;000000;106.86;107.5;106.25;107.34;171220;0
TATNP;D;20130208;000000;106.73;107.58;106.5;107.57;323180;0
TATNP;D;20130211;000000;107.4;108.98;107.02;107.81;436990;0
TATNP;D;20130212;000000;107.79;109.99;107.02;108;454110;0
TATNP;D;20130213;000000;108;109.1;107.68;109;464830;0
TATNP;D;20130214;000000;103.73;109.7;103.73;109.7;345830;0
TATNP;D;20130215;000000;109.36;111.98;108.97;111.68;977970;0
TATNP;D;20130218;000000;111.7;113;111.38;111.85;142090;0
TATNP;D;20130219;000000;111.76;112.8;111.76;112.8;344630;0
TATNP;D;20130220;000000;112.22;112.93;111;111;219790;0
TATNP;D;20130221;000000;109.97;110.97;109.04;110.01;449660;0
TATNP;D;20130222;000000;110.39;113;110.26;111;252480;0
TATNP;D;20130225;000000;111;111;110.12;110.4;124730;0
TATNP;D;20130226;000000;110.2;110.59;109.58;110.05;150320;0
TATNP;D;20130227;000000;110.17;110.17;107.06;107.25;181270;0
TATNP;D;20130228;000000;108.03;108.9;107.8;108;101480;0
TATNP;D;20130301;000000;107.52;108.5;106.85;107.75;176240;0
TATNP;D;20130304;000000;107.9;109.48;107.12;108.5;97760;0
TATNP;D;20130305;000000;108.99;109.86;108.3;109.17;136810;0
TATNP;D;20130306;000000;109.01;112;109;111.18;178240;0
TATNP;D;20130307;000000;111.96;111.99;110.01;111.76;129420;0
TATNP;D;20130311;000000;111.99;112.25;111;112;58630;0
TATNP;D;20130312;000000;111.73;111.99;111.22;111.5;69950;0
TATNP;D;20130313;000000;111.02;111.99;111;111.99;158790;0
TATNP;D;20130314;000000;111.5;112.25;110.51;111.56;233960;0
TATNP;D;20130315;000000;111.7;111.98;111;111;118940;0
TATNP;D;20130318;000000;110.61;110.61;106.9;108.4;226330;0
TATNP;D;20130319;000000;108.02;108.67;107.5;107.7;52470;0
TATNP;D;20130320;000000;107.66;108.2;106.91;107.98;111800;0
TATNP;D;20130321;000000;108.2;109;107.29;109;87830;0
TATNP;D;20130322;000000;108.59;108.59;105.98;105.99;115620;0
TATNP;D;20130325;000000;107.25;107.75;105.1;105.26;144770;0
TATNP;D;20130326;000000;106.28;107.5;106;106;352610;0
TATNP;D;20130327;000000;106.56;107.24;106.07;107;414340;0
TATNP;D;20130328;000000;106.65;107.75;106.09;107.65;279530;0
TATNP;D;20130329;000000;107.3;108.95;107;108.95;119640;0
TATNP;D;20130401;000000;108.26;109.88;108;109.08;84060;0
TATNP;D;20130402;000000;109.11;110.88;108;108.06;211370;0
TATNP;D;20130403;000000;108.59;109.2;108.05;108.15;80270;0
TATNP;D;20130404;000000;108.87;109.25;104.3;106.51;296340;0
TATNP;D;20130405;000000;106.28;108.45;106.06;107.24;111190;0
TATNP;D;20130408;000000;107.39;107.98;106.1;106.1;111860;0
TATNP;D;20130409;000000;108.6;108.6;106.1;106.16;162680;0
TATNP;D;20130410;000000;106.2;108;106.02;107.36;653780;0
TATNP;D;20130411;000000;107.35;108.7;106.06;106.2;326300;0
TATNP;D;20130412;000000;106.85;106.88;104.05;104.05;147270;0
TATNP;D;20130415;000000;104.05;104.05;99;100;432960;0
TATNP;D;20130416;000000;100;100.2;99;99.03;162420;0
TATNP;D;20130417;000000;99.99;99.99;97.5;98.5;478470;0
TATNP;D;20130418;000000;98.5;100.5;98.5;99.06;268710;0
TATNP;D;20130419;000000;100;100.07;98.73;99.85;393810;0
TATNP;D;20130422;000000;98.88;100.25;98.04;98.8;120860;0
TATNP;D;20130423;000000;99.6;100.3;98.5;98.51;298420;0
TATNP;D;20130424;000000;99.74;102.74;99.1;102.73;251900;0
TATNP;D;20130425;000000;102.73;104.5;102.6;103.6;146400;0
TATNP;D;20130426;000000;102.87;104.64;102.85;104.3;49390;0
TATNP;D;20130429;000000;104;106;103.21;103.83;189080;0
TATNP;D;20130430;000000;103.79;104.89;102.94;104.5;615420;0
TATNP;D;20130502;000000;105.35;105.49;104.25;104.4;17880;0
TATNP;D;20130503;000000;105.49;106;103.98;106;178370;0
TATNP;D;20130506;000000;106;106;103.59;104.6;294250;0
TATNP;D;20130507;000000;105.3;106.86;105;106.47;269880;0
TATNP;D;20130508;000000;104.65;106.98;104.65;105.5;224810;0
TATNP;D;20130510;000000;106.25;107.25;106;106.82;80180;0
TATNP;D;20130513;000000;106.98;107.45;104;104.49;968210;0
TATNP;D;20130514;000000;99.01;99.99;95.5;98.01;519770;0
TATNP;D;20130515;000000;98;98.78;97;97;105940;0
TATNP;D;20130516;000000;97.11;98.24;96.05;96.25;120570;0
TATNP;D;20130517;000000;96.1;99.99;96;99.12;105390;0
TATNP;D;20130520;000000;99;99.98;98.01;98.7;113950;0
TATNP;D;20130521;000000;98.22;99.48;97.51;99.28;88330;0
TATNP;D;20130522;000000;98.75;101;98.26;100.94;164630;0
TATNP;D;20130523;000000;99.4;100;96.06;98;215750;0
TATNP;D;20130524;000000;98;98;96.5;96.53;105730;0
TATNP;D;20130527;000000;96.51;96.98;95.97;96;316150;0
TATNP;D;20130528;000000;96.92;96.98;96;96.92;153190;0
TATNP;D;20130529;000000;96.5;96.5;95.41;95.97;69590;0
TATNP;D;20130530;000000;95.58;96.24;94;95.21;94230;0
TATNP;D;20130531;000000;96.25;96.25;94.95;95;299320;0
TATNP;D;20130603;000000;94.01;94.81;91.49;92.39;350750;0
TATNP;D;20130604;000000;92.68;93.6;92;92.02;244800;0
TATNP;D;20130605;000000;92.25;93;90.25;91.53;291450;0
TATNP;D;20130606;000000;91.96;91.96;89.5;89.75;472170;0
TATNP;D;20130607;000000;90.05;91;89.53;90.3;236600;0
TATNP;D;20130610;000000;91;91.59;90.02;91;85370;0
TATNP;D;20130611;000000;90.69;91.2;89.01;90.5;2576370;0
TATNP;D;20130613;000000;90.5;90.5;89;89.51;211060;0
TATNP;D;20130614;000000;89.56;92.99;89.26;92;139760;0
TATNP;D;20130617;000000;92.99;95.99;91.48;95.99;636050;0
TATNP;D;20130618;000000;95.75;96.4;94.92;96.15;1112790;0
TATNP;D;20130619;000000;96.05;96.23;93.52;95.99;312800;0
TATNP;D;20130620;000000;95.2;95.4;91.89;93;715120;0
TATNP;D;20130621;000000;92.99;94.49;92.65;93;88750;0
TATNP;D;20130624;000000;94.16;94.16;92.75;93.4;161580;0
TATNP;D;20130625;000000;93.97;96.49;93.9;95.7;143130;0
TATNP;D;20130626;000000;94.95;96.26;94.52;95;113420;0
TATNP;D;20130627;000000;95.99;95.99;94.51;94.54;37840;0
TATNP;D;20130628;000000;93.21;96.93;93.21;95.99;243490;0
TATNP;D;20130701;000000;96.5;96.79;95.5;96.11;239780;0
TATNP;D;20130702;000000;95.48;97;95.02;96.9;182870;0
TATNP;D;20130703;000000;96.85;96.9;95.42;96.12;151030;0
TATNP;D;20130704;000000;96.49;96.5;95.4;95.5;53210;0
TATNP;D;20130705;000000;96.73;96.73;95.65;96.07;250940;0
TATNP;D;20130708;000000;95.7;98.1;95.58;97.5;857550;0
TATNP;D;20130709;000000;97.79;98.3;96.99;97.23;191290;0
TATNP;D;20130710;000000;96.81;97.25;96.81;97.1;138580;0
TATNP;D;20130711;000000;97.25;98.79;97;97.63;478400;0
TATNP;D;20130712;000000;97.98;99;97.11;98;486000;0
TATNP;D;20130715;000000;97.99;98.94;97.59;97.96;167160;0
TATNP;D;20130716;000000;97.58;99.49;97.58;98.69;107490;0
TATNP;D;20130717;000000;99;99.89;98.31;99.89;172300;0
TATNP;D;20130718;000000;99.89;100.29;98.54;98.6;354840;0
TATNP;D;20130719;000000;98.52;99.99;96.34;98.33;133920;0
TATNP;D;20130722;000000;99.36;99.72;98.07;99.36;60460;0
TATNP;D;20130723;000000;99.12;100.51;98.97;100;310420;0
TATNP;D;20130724;000000;100.01;100.31;96.9;98.9;244900;0
TATNP;D;20130725;000000;98.5;99.68;98.49;99.18;88920;0
TATNP;D;20130726;000000;99.51;99.87;98.79;99.69;98000;0
TATNP;D;20130729;000000;99.78;101.5;99.36;100.4;104200;0
TATNP;D;20130730;000000;100.97;101.95;100;100.45;137340;0
TATNP;D;20130731;000000;99.98;101;99.38;99.9;155410;0
TATNP;D;20130801;000000;100.45;101.97;100.25;101;150920;0
TATNP;D;20130802;000000;101.67;102.69;100.51;102.5;752560;0
TATNP;D;20130805;000000;102.34;103.23;102.01;102.95;36350;0
TATNP;D;20130806;000000;102.99;103.25;102.13;103.13;841580;0
TATNP;D;20130807;000000;102.04;103.48;102.04;102.87;145150;0
TATNP;D;20130808;000000;103.49;103.49;102.27;102.86;932070;0
TATNP;D;20130809;000000;103.24;103.25;102.79;103.12;150070;0
TATNP;D;20130812;000000;103.24;103.24;102.3;103.09;58900;0
TATNP;D;20130813;000000;103.09;103.89;102.88;103.8;110010;0
TATNP;D;20130814;000000;103.97;104.37;103.13;103.5;40510;0
TATNP;D;20130815;000000;103.02;103.8;103;103.52;49800;0
TATNP;D;20130816;000000;103.8;103.8;101.53;102.98;133500;0
TATNP;D;20130819;000000;102.29;104.25;101.51;102.95;427850;0
TATNP;D;20130820;000000;102.71;103.24;102.35;103;137020;0
TATNP;D;20130821;000000;103.35;104.25;102.47;103.03;372800;0
TATNP;D;20130822;000000;102.5;104.99;102.02;104.95;343880;0
TATNP;D;20130823;000000;104.13;104.48;103.51;104.48;12470;0
TATNP;D;20130826;000000;103.72;104.87;103.02;103.4;19620;0
TATNP;D;20130827;000000;103.5;104;101.95;102.95;95840;0
TATNP;D;20130828;000000;102.78;104;101.82;104;252230;0
TATNP;D;20130829;000000;104;104;102.62;103.44;45820;0
TATNP;D;20130830;000000;102.78;105.25;102.78;103.91;148350;0
TATNP;D;20130902;000000;104.25;105.48;103.1;104.24;259010;0
TATNP;D;20130903;000000;104.87;105.49;103.5;105.3;327960;0
TATNP;D;20130904;000000;105.3;105.75;103.58;105.51;62670;0
TATNP;D;20130905;000000;105.73;108.23;104.02;107.99;364890;0
TATNP;D;20130906;000000;107;109.5;106.51;107.8;162810;0
TATNP;D;20130909;000000;108.5;109.99;107.11;109.5;104040;0
TATNP;D;20130910;000000;109.74;109.74;107.92;109;297680;0
TATNP;D;20130911;000000;109;109;107.8;108.89;139240;0
TATNP;D;20130912;000000;108.35;109.15;105.02;109.14;335020;0
TATNP;D;20130913;000000;109.13;109.49;108.55;109;278970;0
TATNP;D;20130916;000000;109;109.87;108.11;109.09;745250;0
TATNP;D;20130917;000000;108.8;109.05;108.38;109;1203930;0
TATNP;D;20130918;000000;109.79;109.79;107.22;108.51;587200;0
TATNP;D;20130919;000000;125.95;125.95;108.52;111.01;786340;0
TATNP;D;20130920;000000;112.58;112.58;110.7;111.4;119840;0
TATNP;D;20130923;000000;112.84;112.84;109.51;110.4;262580;0
TATNP;D;20130924;000000;109.78;110.98;109.22;110.1;123850;0
TATNP;D;20130925;000000;109.67;110.7;109.67;110.5;347390;0
TATNP;D;20130926;000000;110.93;111.97;110.19;111.47;153070;0
TATNP;D;20130927;000000;111.08;111.49;110.51;111.25;36250;0
TATNP;D;20130930;000000;110.99;112;110.4;110.64;200690;0
TATNP;D;20131001;000000;110.83;111.96;110.7;110.79;63830;0
TATNP;D;20131002;000000;111.88;111.9;109.99;110.27;271260;0
TATNP;D;20131003;000000;110.01;114;110;112.51;657190;0
TATNP;D;20131004;000000;112.01;113.2;111.78;113;152080;0
TATNP;D;20131007;000000;112.9;113.75;112.71;113.26;145440;0
TATNP;D;20131008;000000;113.79;114;79.5;114;178240;0
TATNP;D;20131009;000000;114.57;114.57;112.97;114.3;71760;0
TATNP;D;20131010;000000;114.23;114.67;113.59;114.5;91610;0
TATNP;D;20131011;000000;114.77;114.94;113.99;114.55;104640;0
TATNP;D;20131014;000000;114.7;114.9;113;114.51;161710;0
TATNP;D;20131015;000000;115;119.25;115;119.25;147710;0
TATNP;D;20131016;000000;117.99;118.49;115.1;116.6;67330;0
TATNP;D;20131017;000000;117.8;117.8;115.33;115.51;39520;0
TATNP;D;20131018;000000;115.51;117.97;114.66;117.2;82850;0
TATNP;D;20131021;000000;134.34;134.34;115.99;116.46;32690;0
TATNP;D;20131022;000000;116.24;117.65;116;117.21;130150;0
TATNP;D;20131023;000000;117.51;117.63;115.23;115.3;91980;0
TATNP;D;20131024;000000;115.48;116.55;115;115.4;39370;0
TATNP;D;20131025;000000;115.4;116.2;115.25;115.41;90450;0
TATNP;D;20131028;000000;116;117;115.55;116.51;347450;0
TATNP;D;20131029;000000;115.47;117.68;115.45;116.5;150090;0
TATNP;D;20131030;000000;116.99;118;116.07;117.5;145710;0
TATNP;D;20131031;000000;116.51;118.32;116.41;118;110660;0
TATNP;D;20131101;000000;118.44;119.25;118;118.87;164500;0
TATNP;D;20131105;000000;118.01;118.57;117.12;118.57;52130;0
TATNP;D;20131106;000000;117.73;119.02;117.55;118.31;279200;0
TATNP;D;20131107;000000;117.57;119.73;117.51;118.8;85700;0
TATNP;D;20131108;000000;119.5;119.5;117.06;117.8;237600;0
TATNP;D;20131111;000000;118.06;118.5;116.99;117.12;101100;0
TATNP;D;20131112;000000;117.07;118.17;116.93;118.17;49600;0
TATNP;D;20131113;000000;117;118.11;114.51;114.8;180940;0
TATNP;D;20131114;000000;114.9;116.72;114.9;115.65;295060;0
TATNP;D;20131115;000000;116.01;116.52;115.45;115.94;31720;0
TATNP;D;20131118;000000;115.42;117.66;115.19;117.31;429460;0
TATNP;D;20131119;000000;117.68;119.38;117.13;119.38;90050;0
TATNP;D;20131120;000000;119;119.4;117.16;118.25;59410;0
TATNP;D;20131121;000000;118.3;119.7;117.47;119.49;227120;0
TATNP;D;20131122;000000;119.79;120.5;118.32;119.32;69610;0
TATNP;D;20131125;000000;120;122.7;119.5;119.53;160260;0
TATNP;D;20131126;000000;120.75;120.97;117.9;119.21;143550;0
TATNP;D;20131127;000000;118.56;120.27;118;119;597780;0
TATNP;D;20131128;000000;119.16;119.5;118.7;118.7;16840;0
TATNP;D;20131129;000000;118.11;119.33;115.59;117.39;95160;0
TATNP;D;20131202;000000;89.13;117.99;89.13;115.32;199420;0
TATNP;D;20131203;000000;115.02;116.48;112.15;115;272630;0
TATNP;D;20131204;000000;114.52;115.81;113.58;114.3;893810;0
TATNP;D;20131205;000000;114.99;115.69;111.25;112.29;360720;0
TATNP;D;20131206;000000;112.75;114.95;111.89;114.95;137550;0
TATNP;D;20131209;000000;114.26;116.2;114.02;116.2;103250;0
TATNP;D;20131210;000000;116.25;116.51;114.49;116.39;131860;0
TATNP;D;20131211;000000;116.3;116.8;115;116.75;88750;0
TATNP;D;20131212;000000;115.49;116.75;115.01;116;241660;0
TATNP;D;20131213;000000;116.75;116.79;115.29;115.9;95320;0
TATNP;D;20131216;000000;115.88;116.9;115.51;116;647090;0
TATNP;D;20131217;000000;116;116.9;115.25;116;919190;0
TATNP;D;20131218;000000;116.5;118.29;115.42;117.2;267370;0
TATNP;D;20131219;000000;118.29;118.29;115.84;116.99;722430;0
TATNP;D;20131220;000000;117.09;117.75;116;116.67;280850;0
TATNP;D;20131223;000000;117.75;119.75;116.5;119.49;146910;0
TATNP;D;20131224;000000;119.04;119.44;117.97;117.97;116840;0
TATNP;D;20131225;000000;118.46;119.17;118;119;37190;0
TATNP;D;20131226;000000;117.96;119.55;117.95;119.19;413070;0
TATNP;D;20131227;000000;118.29;121.16;118.29;120.89;72380;0
TATNP;D;20131230;000000;119.49;122;119.11;121.7;57780;0
TATNP;D;20140106;000000;122.25;122.9;116.75;116.75;147610;0
TATNP;D;20140108;000000;117.23;117.99;116.01;116.03;56800;0
TATNP;D;20140109;000000;116.4;117.47;116;117.21;336820;0
TATNP;D;20140110;000000;117.21;121.27;115.75;120;281200;0
TATNP;D;20140113;000000;119.59;126.69;119.44;124.7;784380;0
TATNP;D;20140114;000000;123.9;127.75;122.99;125.65;593050;0
TATNP;D;20140115;000000;126.33;127.34;125.5;126.74;529250;0
TATNP;D;20140116;000000;126.1;126.61;120.45;121.32;195180;0
TATNP;D;20140117;000000;121.01;125.93;120.71;122.03;99060;0
TATNP;D;20140120;000000;121.9;123.9;121.5;123.37;75690;0
TATNP;D;20140121;000000;123.01;124;122.5;122.88;110200;0
TATNP;D;20140122;000000;122.54;122.96;121;122.5;114450;0
TATNP;D;20140123;000000;122.5;125;122;124.18;184730;0
TATNP;D;20140124;000000;122.97;125;121.35;125;101640;0
TATNP;D;20140127;000000;123.84;126;123;124.5;157220;0
TATNP;D;20140128;000000;123.26;124.77;122.47;123;151780;0
TATNP;D;20140129;000000;123;124.7;122.43;122.53;190560;0
TATNP;D;20140130;000000;122.98;123.98;121.52;123;107030;0
TATNP;D;20140131;000000;122.49;124;122.01;122.5;565900;0
TATNP;D;20140203;000000;123.75;124.33;122;122.43;73600;0
TATNP;D;20140204;000000;122.43;122.95;120.02;121;84030;0
TATNP;D;20140205;000000;120.75;121.64;119.1;120;320530;0
TATNP;D;20140206;000000;120.48;122;119.38;121.97;435790;0
TATNP;D;20140207;000000;122;123.12;120.35;120.35;262310;0
TATNP;D;20140210;000000;121.29;122;120.55;121.76;257000;0
TATNP;D;20140211;000000;121.34;122.62;121.13;121.73;44020;0
TATNP;D;20140212;000000;122.73;124.39;121.85;124.2;65750;0
TATNP;D;20140213;000000;123.55;125.94;122.25;125.02;221400;0
TATNP;D;20140214;000000;124.99;127.24;124.99;126.6;346290;0
TATNP;D;20140217;000000;127.25;128;123.02;123.48;990690;0
TATNP;D;20140218;000000;123.5;125.49;123.03;123.11;328820;0
TATNP;D;20140219;000000;123;123.98;121.3;122.5;1375000;0
TATNP;D;20140220;000000;121.59;123.51;121.5;123.11;66140;0
TATNP;D;20140221;000000;123.75;125.29;122.56;124.85;1535900;0
TATNP;D;20140224;000000;124;125.75;124;125.4;56730;0
TATNP;D;20140225;000000;125.77;125.79;124.5;125.2;153160;0
TATNP;D;20140226;000000;125.01;126.37;124.35;125.52;294980;0
TATNP;D;20140227;000000;125.52;127.5;125.2;127.49;227720;0
TATNP;D;20140228;000000;127;127.8;126.01;127.32;278060;0
TATNP;D;20140303;000000;123.01;124.45;110.25;116.47;566190;0
TATNP;D;20140304;000000;117.15;123.49;116.8;122.19;529100;0
TATNP;D;20140305;000000;122.5;124;119.1;121.02;84770;0
TATNP;D;20140306;000000;122.19;122.75;118.51;120.8;42670;0
TATNP;D;20140307;000000;118.76;127.5;118.76;121.99;258660;0
TATNP;D;20140311;000000;121.52;121.52;118.26;118.84;450580;0
TATNP;D;20140312;000000;119.01;119.01;116.41;116.41;64750;0
TATNP;D;20140313;000000;117.75;118;116.06;117;880710;0
TATNP;D;20140314;000000;116.02;116.03;112.33;112.76;164070;0
TATNP;D;20140317;000000;114.1;116.25;112.98;115.18;278100;0
TATNP;D;20140318;000000;116;117.66;115.51;117;232800;0
TATNP;D;20140319;000000;117.02;118;113.12;114.92;134100;0
TATNP;D;20140320;000000;114.39;115.17;113.4;114.52;51420;0
TATNP;D;20140321;000000;113.55;115.48;112.82;114.44;195520;0
TATNP;D;20140324;000000;115.58;116.25;114.63;115.29;71680;0
TATNP;D;20140325;000000;115.56;115.99;113.81;115.06;71240;0
TATNP;D;20140326;000000;114.75;115.62;114.31;115.12;718600;0
TATNP;D;20140327;000000;115.01;115.43;114.01;114.97;71160;0
TATNP;D;20140328;000000;115.25;115.68;114.7;115;58930;0
TATNP;D;20140331;000000;115;116;115;115.86;402540;0
TATNP;D;20140401;000000;116.24;116.73;115.61;116.24;159320;0
TATNP;D;20140402;000000;116.16;116.41;115.02;115.99;107700;0
TATNP;D;20140403;000000;116.4;116.99;115.75;116.85;171060;0
TATNP;D;20140404;000000;116.36;118.51;116.34;118.25;142910;0
TATNP;D;20140407;000000;117.5;117.54;115.22;116;152360;0
TATNP;D;20140408;000000;116.7;120.29;115.6;120;397900;0
TATNP;D;20140409;000000;119.83;122.45;118.2;119.91;143430;0
TATNP;D;20140410;000000;119.91;122.11;118.96;122;113130;0
TATNP;D;20140411;000000;120.51;122.03;120;121.8;146710;0
TATNP;D;20140414;000000;120.51;121.49;116.21;120;65900;0
TATNP;D;20140415;000000;121;122.25;119.3;119.36;826910;0
TATNP;D;20140416;000000;119.4;120;116.99;118.85;118650;0
TATNP;D;20140417;000000;120;121;118.5;121;182960;0
TATNP;D;20140418;000000;124.55;126.01;122.06;124.11;698070;0
TATNP;D;20140421;000000;123.64;124.75;123.25;123.26;50850;0
TATNP;D;20140422;000000;123.03;123.16;121.34;121.5;40700;0
TATNP;D;20140423;000000;121.31;121.49;120.6;121.15;444250;0
TATNP;D;20140424;000000;121;121.95;119.1;119.1;321310;0
TATNP;D;20140425;000000;119;124.9;118.5;120.9;107430;0
TATNP;D;20140428;000000;120.7;124;119.51;121.5;236190;0
TATNP;D;20140429;000000;122.99;123.97;120.17;121.68;155880;0
TATNP;D;20140430;000000;121.99;123.83;121.58;121.86;21800;0
TATNP;D;20140502;000000;122.77;123.48;122.3;123.47;69800;0
TATNP;D;20140505;000000;122.99;123.5;121.07;122.75;25670;0
TATNP;D;20140506;000000;122.88;122.9;121.03;122.89;19960;0
TATNP;D;20140507;000000;122.87;125.29;122.17;125.2;91760;0
TATNP;D;20140508;000000;125.98;125.99;122.78;124.28;51640;0
TATNP;D;20140512;000000;127;127;124;124.94;24330;0
TATNP;D;20140513;000000;125.99;126;124.79;124.81;23010;0
TATNP;D;20140514;000000;124.81;125.31;123.3;125.3;29740;0
TATNP;D;20140515;000000;125;125.76;122.22;124;189200;0
TATNP;D;20140516;000000;123.39;124.94;122.1;124.52;70020;0
TATNP;D;20140519;000000;124.12;125.31;123.62;124.6;57140;0
TATNP;D;20140520;000000;124.92;125.93;123.84;125.85;110730;0
TATNP;D;20140521;000000;125.49;127.26;125.49;126.49;695510;0
TATNP;D;20140522;000000;126.04;126.04;125.5;125.79;47970;0
TATNP;D;20140523;000000;125.52;126.35;125.5;126;66490;0
TATNP;D;20140526;000000;126.42;126.7;125.5;125.82;52070;0
TATNP;D;20140527;000000;126.36;126.36;125.1;125.5;179110;0
TATNP;D;20140528;000000;125.01;126.28;125;125.5;23060;0
TATNP;D;20140529;000000;125.99;128.45;125.99;128.01;119450;0
TATNP;D;20140530;000000;128.03;128.03;125.5;126;237720;0
TATNP;D;20140602;000000;125.72;127.29;125.65;126.95;71600;0
TATNP;D;20140603;000000;126.41;127.11;124.32;125;76170;0
TATNP;D;20140604;000000;125;125.87;123.62;124.38;143900;0
TATNP;D;20140605;000000;123.7;125;123.66;124.4;74870;0
TATNP;D;20140606;000000;124.09;124.85;123.51;124.43;75340;0
TATNP;D;20140609;000000;124.3;125;123.61;124.56;109670;0
TATNP;D;20140610;000000;123.74;124.49;123.64;123.8;87460;0
TATNP;D;20140611;000000;123.72;125.2;123.47;125;411100;0
TATNP;D;20140616;000000;125.01;127;123.53;125.49;930400;0
TATNP;D;20140617;000000;125.37;127.88;124.63;127.87;165610;0
TATNP;D;20140618;000000;127.86;129.28;126.36;129.25;201580;0
TATNP;D;20140619;000000;129.02;129.85;128.25;128.25;56750;0
TATNP;D;20140620;000000;128.25;129;128;128.5;32570;0
TATNP;D;20140623;000000;128.5;129.71;128.5;129.12;22250;0
TATNP;D;20140624;000000;128.52;130.86;128.52;130.36;70060;0
TATNP;D;20140625;000000;129.95;131.64;129.95;130.32;32270;0
TATNP;D;20140626;000000;130.19;131.97;129.46;130;279170;0
TATNP;D;20140627;000000;129.99;130.98;129.99;130.98;182850;0
TATNP;D;20140630;000000;130.7;131.51;130.33;131.5;147260;0
TATNP;D;20140701;000000;130.96;132.49;130.96;132.01;25740;0
TATNP;D;20140702;000000;132.01;132.75;131.75;132.39;47880;0
TATNP;D;20140703;000000;132.35;137.98;132;136.23;161050;0
TATNP;D;20140704;000000;134.95;137.77;134.73;135;34170;0
TATNP;D;20140707;000000;135.98;136.5;134.76;136.06;41390;0
TATNP;D;20140708;000000;136.95;137.49;136;136.18;131070;0
TATNP;D;20140709;000000;136;136.75;135.99;136.5;362460;0
TATNP;D;20140710;000000;136.32;136.78;135.49;135.75;102370;0
TATNP;D;20140711;000000;135.63;136.1;135;136;56090;0
TATNP;D;20140714;000000;135.9;136.18;132.6;133.51;575230;0
TATNP;D;20140715;000000;128.18;128.18;125;128;121180;0
TATNP;D;20140716;000000;127.99;129.85;127.03;129;120570;0
TATNP;D;20140717;000000;128.51;129.55;127.55;128.53;366060;0
TATNP;D;20140718;000000;140.17;140.17;121;129.88;91940;0
TATNP;D;20140721;000000;129.88;129.88;127;127;214580;0
TATNP;D;20140722;000000;128.76;130.4;127.08;130.1;104600;0
TATNP;D;20140723;000000;127.88;131.48;127.88;130.7;71050;0
TATNP;D;20140724;000000;132.2;132.75;128.28;132.66;60100;0
TATNP;D;20140725;000000;132.65;132.65;131.01;131.01;20050;0
TATNP;D;20140728;000000;128.13;132;126.85;128.46;100130;0
TATNP;D;20140729;000000;130.56;133.42;127.1;132.1;48150;0
TATNP;D;20140730;000000;132.18;134.16;131.99;132.03;59010;0
TATNP;D;20140731;000000;132.04;133;131.29;131.31;262230;0
TATNP;D;20140801;000000;131.3;131.3;126.32;127.74;118950;0
TATNP;D;20140804;000000;127.76;130;127.53;129.99;33320;0
TATNP;D;20140805;000000;129.07;130.2;127.73;129.5;94010;0
TATNP;D;20140806;000000;129.49;130.24;127.02;129;55870;0
TATNP;D;20140807;000000;128.31;128.98;126.8;127.9;85040;0
TATNP;D;20140808;000000;127.9;129.84;127.17;127.7;45960;0
TATNP;D;20140811;000000;128.6;129.07;126.05;128.26;121360;0
TATNP;D;20140812;000000;127.74;128.5;126.23;128;800020;0
TATNP;D;20140813;000000;128;129.09;127.55;128;1499050;0
TATNP;D;20140814;000000;127.3;133.51;127.29;132;234790;0
TATNP;D;20140815;000000;131.62;135;129.57;134.43;230100;0
TATNP;D;20140818;000000;133.12;137;130.4;134.5;42260;0
TATNP;D;20140819;000000;134.39;135.6;133.73;134.44;25160;0
TATNP;D;20140820;000000;134.92;136.9;133.8;136.9;88670;0
TATNP;D;20140821;000000;137.05;137.6;136.39;137.12;41120;0
TATNP;D;20140822;000000;137.15;142.49;134.25;142.49;78760;0
TATNP;D;20140825;000000;139.5;142;138.5;138.72;35610;0
TATNP;D;20140826;000000;139.21;144.4;138.72;141.9;240820;0
TATNP;D;20140827;000000;141.9;143.85;140.65;141.96;7680;0
TATNP;D;20140828;000000;140.95;143.51;138.11;141;246480;0
TATNP;D;20140829;000000;141.92;150;137.7;137.8;100650;0
TATNP;D;20140901;000000;138.03;138.74;136.3;136.75;32610;0
TATNP;D;20140902;000000;136.96;139.93;134.11;138.88;167560;0
TATNP;D;20140903;000000;137.3;141.98;137.3;139.53;55580;0
TATNP;D;20140904;000000;139.99;141.35;139.98;140.32;40290;0
TATNP;D;20140905;000000;140.95;143.44;139.91;143.44;45360;0
TATNP;D;20140908;000000;143.22;143.35;119.57;141;122270;0
TATNP;D;20140909;000000;141.59;142.5;140.09;140.09;26860;0
TATNP;D;20140910;000000;139.76;144.8;139.14;143.68;58850;0
TATNP;D;20140911;000000;143.68;144.4;140.04;140.7;158360;0
TATNP;D;20140912;000000;140.86;141.65;139.09;139.61;34140;0
TATNP;D;20140915;000000;139.01;140.18;137.2;138;222780;0
TATNP;D;20140916;000000;138.11;139.88;137.03;139.88;149520;0
TATNP;D;20140917;000000;139.37;140.96;136.3;137;486740;0
TATNP;D;20140918;000000;139.4;140.98;136.41;137;72140;0
TATNP;D;20140919;000000;136.7;143.99;136.51;142.65;455580;0
TATNP;D;20140922;000000;142.65;142.65;138;139.7;108690;0
TATNP;D;20140923;000000;137.7;142.44;137.7;141.47;308590;0
TATNP;D;20140924;000000;141.5;146.98;141.5;146.98;101240;0
TATNP;D;20140925;000000;147;148.99;143.5;143.5;138250;0
TATNP;D;20140926;000000;144.04;144.97;142.04;144.56;80320;0
TATNP;D;20140929;000000;144.94;147.41;140.3;145;205230;0
TATNP;D;20140930;000000;145.01;146;143.2;144.02;23840;0
TATNP;D;20141001;000000;143.4;148.5;141.8;147;72520;0
TATNP;D;20141002;000000;145.1;145.4;141.2;143.5;98930;0
TATNP;D;20141003;000000;142.9;148;142.4;147.4;66100;0
TATNP;D;20141006;000000;146.4;149.9;146.4;148;37790;0
TATNP;D;20141007;000000;148;149.5;146;147;14580;0
TATNP;D;20141008;000000;147;147.7;144;147;120480;0
TATNP;D;20141009;000000;147.2;147.5;143.3;144;34510;0
TATNP;D;20141010;000000;142.4;143.3;139.2;140.3;86590;0
TATNP;D;20141013;000000;141.5;146;140.1;146;264860;0
TATNP;D;20141014;000000;143.5;146.2;143;143;49660;0
TATNP;D;20141015;000000;143.9;143.9;139.8;140.1;55900;0
TATNP;D;20141016;000000;141.1;142;135.6;136;43520;0
TATNP;D;20141017;000000;138.4;141.2;136.7;137;79980;0
TATNP;D;20141020;000000;139.8;139.8;132.3;132.7;144190;0
TATNP;D;20141021;000000;132.2;132.5;130.3;131.1;444920;0
TATNP;D;20141022;000000;131.8;133;131.5;132;118130;0
TATNP;D;20141023;000000;131.7;132.2;130.4;131.2;36140;0
TATNP;D;20141024;000000;131.9;133;130.7;132.6;275080;0
TATNP;D;20141027;000000;133.2;138;132.9;136.3;118650;0
TATNP;D;20141028;000000;135.4;140.8;135.4;137.5;166990;0
TATNP;D;20141029;000000;138.2;139.2;136.3;139.2;175200;0
TATNP;D;20141030;000000;139.5;141.8;136.5;138.5;295160;0
TATNP;D;20141031;000000;139.6;145.7;138;144.3;253940;0
TATNP;D;20141103;000000;143.9;146.7;143.2;145.8;90870;0
TATNP;D;20141105;000000;144;147.4;140.2;145.2;177800;0
TATNP;D;20141106;000000;146.9;148;145.2;148;211070;0
TATNP;D;20141107;000000;147;149.7;144.2;148.4;694000;0
TATNP;D;20141110;000000;147.4;150.5;147.1;147.8;126760;0
TATNP;D;20141111;000000;148.2;148.6;146.9;147.8;32680;0
TATNP;D;20141112;000000;147.6;153.4;147.2;152;218600;0
TATNP;D;20141113;000000;152.9;153.2;144.5;145.1;590730;0
TATNP;D;20141114;000000;142.9;146.8;142.9;144.9;174800;0
TATNP;D;20141117;000000;145.9;146.1;144.7;145.4;435520;0
TATNP;D;20141118;000000;145.2;147.5;143.2;146.2;47370;0
TATNP;D;20141119;000000;146.4;146.8;143.6;146;89670;0
TATNP;D;20141120;000000;147;150;145.3;147.9;59470;0
TATNP;D;20141121;000000;147.5;149;146.3;147.9;39060;0
TATNP;D;20141124;000000;148;148.7;145.8;147.8;35360;0
TATNP;D;20141125;000000;146.3;148;146.2;147.3;72050;0
TATNP;D;20141126;000000;148.4;151.6;143.1;146.6;220450;0
TATNP;D;20141127;000000;147.3;151;147.3;149;175910;0
TATNP;D;20141128;000000;150;150;146.9;147.3;52080;0
TATNP;D;20141201;000000;146.9;150.2;143.2;149.3;342010;0
TATNP;D;20141202;000000;149.7;151.3;146.8;148.9;76480;0
TATNP;D;20141203;000000;148.5;149.4;146;148.4;246520;0
TATNP;D;20141204;000000;148.4;149.9;146.5;147.7;145910;0
TATNP;D;20141205;000000;146.6;149.4;143.6;145;131160;0
TATNP;D;20141208;000000;145;148.1;140.4;140.4;169700;0
TATNP;D;20141209;000000;139.6;144.9;137.5;141.2;56190;0
TATNP;D;20141210;000000;144.7;147.3;143;145;565940;0
TATNP;D;20141211;000000;142.8;145.4;142.1;144;97890;0
TATNP;D;20141212;000000;143.9;145.3;141.2;142;137270;0
TATNP;D;20141215;000000;144.9;144.9;134.8;134.8;90210;0
TATNP;D;20141216;000000;134.5;137;116.5;129.8;446060;0
TATNP;D;20141217;000000;130.5;132;120.1;126.4;573450;0
TATNP;D;20141218;000000;127.6;137;126.9;133;84970;0
TATNP;D;20141219;000000;134.9;137;127.3;127.7;123940;0
TATNP;D;20141222;000000;129.9;133;128;130.9;56230;0
TATNP;D;20141223;000000;131.8;132.1;130;130.5;29000;0
TATNP;D;20141224;000000;131.6;132;125.7;129.1;87970;0
TATNP;D;20141225;000000;131.2;133.7;127.4;133.7;20520;0
TATNP;D;20141226;000000;130.5;136;130.5;136;36780;0
TATNP;D;20141229;000000;134.9;137.5;133.1;135.8;104760;0
TATNP;D;20141230;000000;134.8;135.6;131.1;134.1;172670;0
TATNP;D;20150105;000000;132;136.8;130.7;134.7;30710;0
TATNP;D;20150106;000000;136.3;137.8;133.7;135.3;21730;0
TATNP;D;20150108;000000;134.1;136.9;134.1;136;110990;0
TATNP;D;20150109;000000;135.5;135.5;132.8;134.5;52790;0
TATNP;D;20150112;000000;134.6;135.1;133;133.3;14960;0
TATNP;D;20150113;000000;134.3;134.6;130.7;133.8;55700;0
TATNP;D;20150114;000000;132.8;135.5;131.8;132.2;325070;0
TATNP;D;20150115;000000;133.5;138.5;133;137.5;373570;0
TATNP;D;20150116;000000;137;138;135.3;137.3;198910;0
TATNP;D;20150119;000000;137;138;135.3;136.7;382940;0
TATNP;D;20150120;000000;136.9;138;133.4;137.4;1060630;0
TATNP;D;20150121;000000;137.5;140.9;136.7;140.9;95010;0
TATNP;D;20150122;000000;141;151.1;139.9;150.9;789950;0
TATNP;D;20150123;000000;150.1;152.5;149;151.8;238210;0
TATNP;D;20150126;000000;151.1;151.1;143.5;150;155900;0
TATNP;D;20150127;000000;149.1;153.8;143.7;148;162570;0
TATNP;D;20150128;000000;149.3;160.9;148.1;154.2;385130;0
TATNP;D;20150129;000000;154.5;159.4;153.9;155.2;63960;0
TATNP;D;20150130;000000;156.3;157.7;153.7;157.7;134050;0
TATNP;D;20150202;000000;159;164.7;156.1;161;159160;0
TATNP;D;20150203;000000;161.7;164;160.4;163.4;71590;0
TATNP;D;20150204;000000;163.5;169.8;158.3;164.9;91100;0
TATNP;D;20150205;000000;162.5;173;159.9;171.5;75500;0
TATNP;D;20150206;000000;171.2;183.9;171.1;181.8;429650;0
TATNP;D;20150209;000000;182.3;189.9;175.2;184;249800;0
TATNP;D;20150210;000000;184.8;189.5;180;183.8;135410;0
TATNP;D;20150211;000000;186;188.9;181.6;183.7;124960;0
TATNP;D;20150212;000000;187.8;192;181.8;185.9;217910;0
TATNP;D;20150213;000000;189.9;190;183.6;185;101190;0
TATNP;D;20150216;000000;184;187.9;175;176.8;70770;0
TATNP;D;20150217;000000;179.2;182.2;171.5;173.4;162410;0
TATNP;D;20150218;000000;174.1;177.5;173;177.5;265490;0
TATNP;D;20150219;000000;177.5;180.9;174.9;179.4;337680;0
TATNP;D;20150220;000000;181;181.2;177.2;178;62180;0
TATNP;D;20150224;000000;175.1;181.3;175.1;181.3;99780;0
TATNP;D;20150225;000000;180.1;181.5;173.1;174;280920;0
TATNP;D;20150226;000000;175.2;179.1;169.8;170.9;206340;0
TATNP;D;20150227;000000;169.9;170.3;165.5;168.6;150450;0
TATNP;D;20150302;000000;168.6;170.9;166.9;169.8;85080;0
TATNP;D;20150303;000000;169.2;177;167.2;176;126790;0
TATNP;D;20150304;000000;175.1;181;173.5;175.9;130290;0
TATNP;D;20150305;000000;175;177.9;170.4;171;109010;0
TATNP;D;20150306;000000;172.2;172.2;163.1;163.9;100800;0
TATNP;D;20150310;000000;163.8;164;159;160.5;44910;0
TATNP;D;20150311;000000;160.5;163.7;160;162.1;123950;0
TATNP;D;20150312;000000;163;165.7;160.8;164.9;306450;0
TATNP;D;20150313;000000;164.5;165.4;161;162.8;136620;0
TATNP;D;20150316;000000;162.8;162.9;156.4;156.4;129590;0
TATNP;D;20150317;000000;158.3;160.6;156.4;156.5;58860;0
TATNP;D;20150318;000000;156.8;165;155.3;165;114080;0
TATNP;D;20150319;000000;167;169.5;160.8;163;114580;0
TATNP;D;20150320;000000;161.8;166.1;161.3;164.7;78310;0
TATNP;D;20150323;000000;166;166.9;162.4;164;56920;0
TATNP;D;20150324;000000;163.4;164.8;160.4;164.5;75850;0
TATNP;D;20150325;000000;164.5;167.5;162.2;165.1;128320;0
TATNP;D;20150326;000000;166.6;168.5;160.2;160.6;63380;0
TATNP;D;20150327;000000;163.1;163.6;156.8;160.3;154410;0
TATNP;D;20150330;000000;159.6;169.4;159.6;168.8;100640;0
TATNP;D;20150331;000000;168.1;169.3;165.7;165.7;84180;0
TATNP;D;20150401;000000;165.6;171.5;165.6;169.6;113000;0
TATNP;D;20150402;000000;169.6;170;163.9;166.8;480400;0
TATNP;D;20150403;000000;166.8;168;165.3;165.9;38530;0
TATNP;D;20150406;000000;165.9;170;165.2;166.6;78930;0
TATNP;D;20150407;000000;169.4;169.4;163.5;164;249780;0
TATNP;D;20150408;000000;164.9;167.6;164.5;167.4;179990;0
TATNP;D;20150409;000000;166.3;167.4;164.5;164.5;256500;0
TATNP;D;20150410;000000;165.4;167;161;161.9;159240;0
TATNP;D;20150413;000000;163;167.9;162.3;165;129320;0
TATNP;D;20150414;000000;165.1;165.8;162.2;164.3;64090;0
TATNP;D;20150415;000000;164;166.2;163.1;166;158860;0
TATNP;D;20150416;000000;166;168.8;163.3;168;259580;0
TATNP;D;20150417;000000;169;169.6;163.8;164;100510;0
TATNP;D;20150420;000000;164.7;166;163.6;166;60350;0
TATNP;D;20150421;000000;170.2;170.2;164.5;165.8;108420;0
TATNP;D;20150422;000000;166;167.9;163;165.8;78510;0
TATNP;D;20150423;000000;166;167.5;162.3;165.4;148190;0
TATNP;D;20150424;000000;164.1;166.3;162.8;165.3;150380;0
TATNP;D;20150427;000000;165.2;171.4;165.2;169.6;124580;0
TATNP;D;20150428;000000;170;170.6;166.6;167.9;112580;0
TATNP;D;20150429;000000;167.9;170.6;163.7;167.2;107570;0
TATNP;D;20150430;000000;165.5;168.3;165.4;167;122750;0
TATNP;D;20150505;000000;168.6;169.3;165.5;166.5;198000;0
TATNP;D;20150506;000000;168.1;168.1;165;166.5;384760;0
TATNP;D;20150507;000000;165.4;166;164;165.5;112670;0
TATNP;D;20150508;000000;165.2;167.1;164;166.5;226010;0
TATNP;D;20150512;000000;171.3;171.3;165.4;166.5;200660;0
TATNP;D;20150513;000000;166.6;167;165.7;166;28600;0
TATNP;D;20150514;000000;166.5;167.7;163.2;163.2;78860;0
TATNP;D;20150515;000000;169.6;169.6;162.1;163.9;30840;0
TATNP;D;20150518;000000;164.7;166;162;162.2;159410;0
TATNP;D;20150519;000000;157.5;163.8;157.5;160.9;288920;0
TATNP;D;20150520;000000;160.2;161.4;158.8;160.6;62640;0
TATNP;D;20150521;000000;161;161.6;159.6;160.7;147780;0
TATNP;D;20150522;000000;160.5;161.6;159.5;160.9;107600;0
TATNP;D;20150525;000000;160.6;160.6;157.6;158.1;187730;0
TATNP;D;20150526;000000;158.9;159.7;155.6;156.9;95770;0
TATNP;D;20150527;000000;157;160;154.7;158.3;123110;0
TATNP;D;20150528;000000;158.9;162.9;158.8;160.1;117870;0
TATNP;D;20150529;000000;161.4;162.5;155;155;85540;0
TATNP;D;20150601;000000;155;159;155;157.1;36550;0
TATNP;D;20150602;000000;157.4;158.9;157.3;158.1;144980;0
TATNP;D;20150603;000000;158.1;158.7;153.6;153.7;92260;0
TATNP;D;20150604;000000;155.6;157.9;154.1;155;60120;0
TATNP;D;20150605;000000;156.1;157.3;154.9;156.6;50230;0
TATNP;D;20150608;000000;157;157.2;154.9;156;45320;0
TATNP;D;20150609;000000;156;156.5;155.1;155.2;76300;0
TATNP;D;20150610;000000;155.2;156.9;154.5;155.9;54160;0
TATNP;D;20150611;000000;154.8;155.6;152.4;152.4;260460;0
TATNP;D;20150615;000000;154.1;154.1;152;152.5;215780;0
TATNP;D;20150616;000000;152.7;153.9;152.3;152.4;171160;0
TATNP;D;20150617;000000;152.9;155.8;151.4;155.8;306870;0
TATNP;D;20150618;000000;155.9;158.1;155;157;79180;0
TATNP;D;20150619;000000;157.9;157.9;154;154;19350;0
TATNP;D;20150622;000000;155.6;157.5;155;156.3;124590;0
TATNP;D;20150623;000000;157.9;158.3;156;158.1;53330;0
TATNP;D;20150624;000000;157.6;158.9;156.5;157.5;31900;0
TATNP;D;20150625;000000;157.8;159;157;157.3;42070;0
TATNP;D;20150626;000000;158.6;158.9;155.4;157.5;17520;0
TATNP;D;20150629;000000;157.4;158.3;156.7;157.6;13980;0
TATNP;D;20150630;000000;157.6;158.9;156;156.1;257400;0
TATNP;D;20150701;000000;156.9;158;156.3;157.7;32050;0
TATNP;D;20150702;000000;158.7;159.6;156.5;159.4;69370;0
TATNP;D;20150703;000000;159.5;159.7;156.8;157.9;23380;0
TATNP;D;20150706;000000;157.4;159.6;157;158.8;23330;0
TATNP;D;20150707;000000;158.8;160.4;157.9;158.6;28880;0
TATNP;D;20150708;000000;158.3;158.3;154.1;157.9;157230;0
TATNP;D;20150709;000000;158;160;157.8;158.9;49060;0
TATNP;D;20150710;000000;159.8;160.6;157.4;159.7;111750;0
TATNP;D;20150713;000000;159.9;164;159.8;162;194890;0
TATNP;D;20150714;000000;152.8;155.7;152;154.6;181590;0
TATNP;D;20150715;000000;155;156;150;154.9;67270;0
TATNP;D;20150716;000000;153.1;154.8;153.1;153.9;31130;0
TATNP;D;20150717;000000;154.5;155.4;153;153;10490;0
TATNP;D;20150720;000000;152.5;154;152.5;153.8;125330;0
TATNP;D;20150721;000000;154;156.2;153.4;156.2;120710;0
TATNP;D;20150722;000000;155.9;158.5;155.8;158;254990;0
TATNP;D;20150723;000000;157.6;159;153.2;158.8;209620;0
TATNP;D;20150724;000000;157.9;158.4;152.5;152.5;46550;0
TATNP;D;20150727;000000;154;155.4;153;154.7;70770;0
TATNP;D;20150728;000000;154.7;156.7;154.6;155.5;70610;0
TATNP;D;20150729;000000;155.9;157.2;154.7;156.1;135850;0
TATNP;D;20150730;000000;156.1;160;154.7;159;46520;0
TATNP;D;20150731;000000;158.7;162.9;156.7;162.4;89390;0
TATNP;D;20150803;000000;162.1;163.9;159.3;160;84620;0
TATNP;D;20150804;000000;160;161.3;159.6;160.4;135670;0
TATNP;D;20150805;000000;160.5;165.8;159.5;165.4;288830;0
TATNP;D;20150806;000000;165.9;167.9;161.5;164;218360;0
TATNP;D;20150807;000000;163.3;165;161.9;163.7;35460;0
TATNP;D;20150810;000000;156.3;165.6;155.1;163.5;221050;0
TATNP;D;20150811;000000;164.1;168.5;163.9;166;448480;0
TATNP;D;20150812;000000;165.6;167.6;162.8;167.1;156370;0
TATNP;D;20150813;000000;168;169.3;167.6;168;66730;0
TATNP;D;20150814;000000;168.5;171.1;168;169.5;94240;0
TATNP;D;20150817;000000;170;170;168;169.8;68690;0
TATNP;D;20150818;000000;170.2;170.6;166.1;170;127340;0
TATNP;D;20150819;000000;169.8;170.1;164;164.6;79160;0
TATNP;D;20150820;000000;164.6;166.8;163.7;165;36870;0
TATNP;D;20150821;000000;165;165;161.9;162.1;159510;0
TATNP;D;20150824;000000;161.8;162.3;156.7;160;358950;0
TATNP;D;20150825;000000;159.9;164.2;158.8;161.5;53210;0
TATNP;D;20150826;000000;161;162.1;156.2;161.1;71310;0
TATNP;D;20150827;000000;162.9;169.5;161.8;168.8;183670;0
TATNP;D;20150828;000000;169.8;174.8;166;174.7;416720;0
TATNP;D;20150831;000000;175;175;171.8;174;283700;0
TATNP;D;20150901;000000;175;175.6;172.3;174.7;134930;0
TATNP;D;20150902;000000;174;179.7;170.5;176.9;145050;0
TATNP;D;20150903;000000;176.9;186.4;172.2;181;615460;0
TATNP;D;20150904;000000;179.3;180.9;177.3;178.4;65470;0
TATNP;D;20150907;000000;179.1;180.9;178.3;179.1;78800;0
TATNP;D;20150908;000000;179.9;185;178.4;179.4;74010;0
TATNP;D;20150909;000000;179.4;182;178.8;180.1;156250;0
TATNP;D;20150910;000000;175.6;181.8;175.1;181;200610;0
TATNP;D;20150911;000000;181.9;181.9;180;180;36370;0
TATNP;D;20150914;000000;179.9;181.8;178.4;180;90830;0
TATNP;D;20150915;000000;179.5;180.9;179;180.8;104080;0
TATNP;D;20150916;000000;181.1;181.8;179;179.3;59140;0
TATNP;D;20150917;000000;180.9;181.9;178.9;180;178740;0
TATNP;D;20150918;000000;180;187.2;180;185;4619320;0
TATNP;D;20150921;000000;187;187;177.7;179.4;608280;0
TATNP;D;20150922;000000;180;180;170.6;171.3;200350;0
TATNP;D;20150923;000000;171.7;172.5;168;168.6;126980;0
TATNP;D;20150924;000000;168.4;175.9;165.5;171.5;73140;0
TATNP;D;20150925;000000;172.2;172.2;170.4;172.2;21540;0
TATNP;D;20150928;000000;171.9;172.3;169.1;170;51510;0
TATNP;D;20150929;000000;170;172.5;170;171;186400;0
TATNP;D;20150930;000000;171.2;172.5;169.3;172;162820;0
TATNP;D;20151001;000000;172;174.2;170.8;172.8;235700;0
TATNP;D;20151002;000000;172.7;175.3;171.9;172.1;39900;0
TATNP;D;20151005;000000;175;175;172.2;174.8;148560;0
TATNP;D;20151006;000000;176;177.7;173.1;175;58380;0
TATNP;D;20151007;000000;175;176.8;173;174.5;43210;0
TATNP;D;20151008;000000;173;177.1;172.3;175.5;259890;0
TATNP;D;20151009;000000;174.2;180.4;174.2;178;111430;0
TATNP;D;20151012;000000;173.2;179.9;171.3;172.9;302570;0
TATNP;D;20151013;000000;171.8;176.1;170.1;173.8;99130;0
TATNP;D;20151014;000000;173.1;175.3;172.4;172.9;107340;0
TATNP;D;20151015;000000;173.9;175.3;173;173.1;95370;0
TATNP;D;20151016;000000;173;174.7;170.1;172.1;127810;0
TATNP;D;20151019;000000;174.7;174.7;170.5;173.6;203390;0
TATNP;D;20151020;000000;170.6;175.5;170.5;173.8;140880;0
TATNP;D;20151021;000000;173;174.6;172.3;174;82350;0
TATNP;D;20151022;000000;174.2;174.4;172;174.4;42040;0
TATNP;D;20151023;000000;174.5;179.4;174.5;174.9;41110;0
TATNP;D;20151026;000000;175.8;178.7;175.6;178.1;59610;0
TATNP;D;20151027;000000;178.2;183.8;176.4;183.7;44900;0
TATNP;D;20151028;000000;183.3;183.5;182;182.9;35030;0
TATNP;D;20151029;000000;182.7;182.7;178.9;180;99300;0
TATNP;D;20151030;000000;179.7;181;179.7;180.9;51390;0
TATNP;D;20151102;000000;181.4;182.7;180;182.3;44650;0
TATNP;D;20151103;000000;182.8;185.4;182;184.8;158330;0
TATNP;D;20151105;000000;186.4;187;182.3;186.8;131170;0
TATNP;D;20151106;000000;187.7;190.8;187.5;188.5;181780;0
TATNP;D;20151109;000000;189.7;196.5;189.4;196.5;95380;0
TATNP;D;20151110;000000;195.6;196.3;190.1;191.8;166290;0
TATNP;D;20151111;000000;191.4;194.7;189.8;191.7;145300;0
TATNP;D;20151112;000000;191.8;192;190.1;191.3;124860;0
TATNP;D;20151113;000000;190.8;190.8;187.5;189.5;60120;0
TATNP;D;20151116;000000;190.2;191.6;186.5;189.6;66400;0
TATNP;D;20151117;000000;190.4;192.5;190.2;192.4;91730;0
TATNP;D;20151118;000000;192.1;195;191.4;191.4;107910;0
TATNP;D;20151119;000000;193;197.9;192.1;193.6;75500;0
TATNP;D;20151120;000000;194.5;198.5;193.7;196;78020;0
TATNP;D;20151123;000000;198.4;205;195.1;203.9;103560;0
TATNP;D;20151124;000000;202.4;204.1;197.1;199.3;348900;0
TATNP;D;20151125;000000;198.8;201.7;198.8;200.7;70100;0
TATNP;D;20151126;000000;201.2;202;199.1;199.1;73990;0
TATNP;D;20151127;000000;198.9;200.8;194.2;195.8;62940;0
TATNP;D;20151130;000000;195.4;196.8;192.7;193.5;290830;0
TATNP;D;20151201;000000;193.2;194.1;189.6;190;148660;0
TATNP;D;20151202;000000;191.4;193;189.8;193;263080;0
TATNP;D;20151203;000000;193.2;194;190.2;192.5;13610;0
TATNP;D;20151204;000000;193.3;194.8;189;192.8;79460;0
TATNP;D;20151207;000000;193.5;194.4;189.1;192.4;227930;0
TATNP;D;20151208;000000;193.7;197.4;182.7;187.8;226780;0
TATNP;D;20151209;000000;187.6;188.7;182.5;183.4;144630;0
TATNP;D;20151210;000000;183.6;183.6;180.1;180.8;214370;0
TATNP;D;20151211;000000;180.7;182.2;180;180.7;217910;0
TATNP;D;20151214;000000;180;180;178.1;178.8;34380;0
TATNP;D;20151215;000000;180;184.5;179.1;184.5;120280;0
TATNP;D;20151216;000000;185.1;188.7;183.5;187.5;67720;0
TATNP;D;20151217;000000;191.8;191.8;182;185.3;164970;0
TATNP;D;20151218;000000;187;188.7;184.5;187;185820;0
TATNP;D;20151221;000000;187;188.9;187;187.6;51940;0
TATNP;D;20151222;000000;187.6;190;187;187.5;35000;0
TATNP;D;20151223;000000;188.4;189.4;187.5;188;16390;0
TATNP;D;20151224;000000;189;190.9;187.4;188.3;24120;0
TATNP;D;20151225;000000;187.5;193;187.5;187.9;48880;0
TATNP;D;20151228;000000;188.2;189.6;187;187.4;38860;0
TATNP;D;20151229;000000;188.3;194.8;187.9;193.6;52670;0
TATNP;D;20151230;000000;194.6;201.7;192;199.1;231380;0
TATNP;D;20160104;000000;204;204;198.2;200.5;143490;0
TATNP;D;20160105;000000;200;201;194.2;200;52000;0
TATNP;D;20160106;000000;202.7;203.2;196.1;198.5;14850;0
TATNP;D;20160111;000000;196;197;193.3;195.8;59300;0
TATNP;D;20160112;000000;194.6;195;192.1;193;37720;0
TATNP;D;20160113;000000;193.4;193.9;189;189;18650;0
TATNP;D;20160114;000000;188.8;189.7;186.2;187.7;40380;0
TATNP;D;20160115;000000;187.8;189.7;181;184.6;60470;0
TATNP;D;20160118;000000;180;186.9;180;186;35040;0
TATNP;D;20160119;000000;187.3;189.7;185;186;53440;0
TATNP;D;20160120;000000;185.2;186.3;183;183.4;75270;0
TATNP;D;20160121;000000;185.2;186.5;182.6;182.6;46220;0
TATNP;D;20160122;000000;185.3;189.9;183.6;186.3;228100;0
TATNP;D;20160125;000000;187.1;190;185.2;190;50570;0
TATNP;D;20160126;000000;187.7;189.6;185.5;186;38430;0
TATNP;D;20160127;000000;186;187.8;185;187.8;9600;0
TATNP;D;20160128;000000;187.5;187.5;182.5;182.5;341550;0
TATNP;D;20160129;000000;184.3;186.7;184;184.9;324990;0
TATNP;D;20160201;000000;186;187.7;184.3;186.3;78770;0
TATNP;D;20160202;000000;185.3;186.9;182.7;183.1;128750;0
TATNP;D;20160203;000000;182.7;186;182.7;183.8;118660;0
TATNP;D;20160204;000000;184.6;190.9;184.6;190.5;213080;0
TATNP;D;20160205;000000;189.7;189.8;186;186.9;53060;0
TATNP;D;20160208;000000;187.2;190;183.4;183.7;62320;0
TATNP;D;20160209;000000;184.5;186.2;181.3;183.1;43590;0
TATNP;D;20160210;000000;182.9;185;178.1;180.7;294020;0
TATNP;D;20160211;000000;180.5;180.5;175.1;176;112960;0
TATNP;D;20160212;000000;176.1;179;175.3;177.4;312110;0
TATNP;D;20160215;000000;179;179.4;177.5;178.3;171200;0
TATNP;D;20160216;000000;179;180.8;178.1;180.7;119590;0
TATNP;D;20160217;000000;181;184.2;179.2;182.9;152870;0
TATNP;D;20160218;000000;183.9;184.6;182.5;183.7;106070;0
TATNP;D;20160219;000000;182.1;185;181.7;183.4;254540;0
TATNP;D;20160220;000000;184.2;184.2;182.2;183.1;6680;0
TATNP;D;20160222;000000;182.7;186.4;182.7;185.3;68870;0
TATNP;D;20160224;000000;184.4;186;181.8;185;122030;0
TATNP;D;20160225;000000;185.8;186.7;182.2;185;40990;0
TATNP;D;20160226;000000;185.3;186.7;182.8;182.8;43660;0
TATNP;D;20160229;000000;182.9;186;182;186;56460;0
TATNP;D;20160301;000000;186.7;189.3;185;189.3;52770;0
TATNP;D;20160302;000000;189.5;191;187.8;190;73000;0
TATNP;D;20160303;000000;190.5;195;190.2;194.6;79640;0
TATNP;D;20160304;000000;195.1;196.1;193.7;195;99340;0
TATNP;D;20160307;000000;195.1;197.5;194.9;196.5;43240;0
TATNP;D;20160309;000000;195;198.3;193.1;197;188660;0
TATNP;D;20160310;000000;195;200.1;194.4;198.1;262010;0
TATNP;D;20160311;000000;198;199.8;196.9;199.8;33980;0
TATNP;D;20160314;000000;200.6;200.6;195.5;196.8;23320;0
TATNP;D;20160315;000000;197.5;198.2;194.6;198.2;164570;0
TATNP;D;20160316;000000;198.4;201.7;196.8;200.6;193270;0
TATNP;D;20160317;000000;201.5;203.6;197;198;133110;0
TATNP;D;20160318;000000;198.8;204.5;197.2;203;316920;0
TATNP;D;20160321;000000;202.6;204.4;201.5;201.5;124420;0
TATNP;D;20160322;000000;201.9;202.2;196.2;198.3;95720;0
TATNP;D;20160323;000000;197.5;199.8;196;197.3;26780;0
TATNP;D;20160324;000000;198.1;204.1;195.8;203;376250;0
TATNP;D;20160325;000000;203.6;203.6;200.5;200.6;33080;0
TATNP;D;20160328;000000;203.5;203.5;199.8;201.3;24400;0
TATNP;D;20160329;000000;201.3;203.7;199.8;201;51120;0
TATNP;D;20160330;000000;202.4;204.1;199.6;202.9;215780;0
TATNP;D;20160331;000000;200.3;203.4;197.1;203.4;244290;0
TATNP;D;20160401;000000;200.5;200.5;196.3;199.5;73310;0
TATNP;D;20160404;000000;199.9;199.9;196.1;197.8;64410;0
TATNP;D;20160405;000000;197.1;198.2;194;195.9;107280;0
TATNP;D;20160406;000000;196.8;199.1;194.1;198.2;29070;0
TATNP;D;20160407;000000;198.7;200.8;196.7;198;69790;0
TATNP;D;20160408;000000;199.4;199.4;197.9;199;13370;0
TATNP;D;20160411;000000;199.5;204.4;198.6;204.4;152100;0
TATNP;D;20160412;000000;204;205.3;199.8;200;85040;0
TATNP;D;20160413;000000;202.9;203.5;199.4;201.5;37010;0
TATNP;D;20160414;000000;195.2;201.4;190.1;195;189310;0
TATNP;D;20160415;000000;193.1;200;193.1;196.8;45430;0
TATNP;D;20160418;000000;192.3;196.7;192.2;196.7;95740;0
TATNP;D;20160419;000000;195;200.8;195;197.8;60350;0
TATNP;D;20160420;000000;195.1;198.6;193.3;198.6;71600;0
TATNP;D;20160421;000000;195.2;200;193.2;196.4;94760;0
TATNP;D;20160422;000000;196;198.9;195;198.7;145370;0
TATNP;D;20160425;000000;196;200;196;199.8;37210;0
TATNP;D;20160426;000000;195.3;199.9;195.3;197.9;50150;0
TATNP;D;20160427;000000;199.9;199.9;193.2;194.4;161260;0
TATNP;D;20160428;000000;195.1;195.1;192.1;193;99110;0
TATNP;D;20160429;000000;194.5;196.3;190.6;192;135220;0
TATNP;D;20160504;000000;192;192;182.1;184.5;188950;0
TATNP;D;20160505;000000;184.3;185.5;182.6;183.5;157960;0
TATNP;D;20160506;000000;184.8;184.8;182;183;70970;0
TATNP;D;20160510;000000;183.2;186;182.6;186;96460;0
TATNP;D;20160511;000000;186;187.7;183.4;183.9;78400;0
TATNP;D;20160512;000000;184.7;186.6;183.5;184.8;119720;0
TATNP;D;20160513;000000;184.7;186.4;183.7;186.3;18830;0
TATNP;D;20160516;000000;186.3;187.1;183.2;183.5;60090;0
TATNP;D;20160517;000000;184;187;181.6;184;157170;0
TATNP;D;20160518;000000;183.6;185;183;184.1;42510;0
TATNP;D;20160519;000000;184;184.2;181.1;182.1;163950;0
TATNP;D;20160520;000000;182.4;182.4;178.2;178.2;95030;0
TATNP;D;20160523;000000;179.5;179.5;176.4;177;170680;0
TATNP;D;20160524;000000;179;179;175;176.6;59160;0
TATNP;D;20160525;000000;176.8;178;175.1;175.1;121290;0
TATNP;D;20160526;000000;176.9;179;175.5;176.2;114560;0
TATNP;D;20160527;000000;177;177.2;174.5;175.3;116870;0
TATNP;D;20160530;000000;175.9;176.7;173.5;175.5;128260;0
TATNP;D;20160531;000000;173.9;175.9;171;171.9;110290;0
TATNP;D;20160601;000000;172.2;173.8;170.7;173.5;85800;0
TATNP;D;20160602;000000;174.5;175.8;171.3;175.5;190840;0
TATNP;D;20160603;000000;175.8;176.9;174.3;175.2;362610;0
TATNP;D;20160606;000000;175.8;178.9;175.8;177.8;65760;0
TATNP;D;20160607;000000;177.7;182.2;177.7;180.3;696050;0
TATNP;D;20160608;000000;181.4;184;177.6;179.5;53370;0
TATNP;D;20160609;000000;181.4;181.4;175.4;175.8;52600;0
TATNP;D;20160610;000000;175.9;176.6;172;173.1;122810;0
TATNP;D;20160614;000000;173;175.4;170.1;175.4;104850;0
TATNP;D;20160615;000000;174.8;175.5;171.7;172.3;62330;0
TATNP;D;20160616;000000;172.7;173.4;170;173.4;66130;0
TATNP;D;20160617;000000;173;177.5;172.5;177.5;72470;0
TATNP;D;20160620;000000;176.9;177.2;175.3;176.3;68170;0
TATNP;D;20160621;000000;175.3;178.5;175.2;176.2;203000;0
TATNP;D;20160622;000000;177.5;178;175.6;175.6;39850;0
TATNP;D;20160623;000000;175.3;177.9;174.8;177.5;44430;0
TATNP;D;20160624;000000;172.5;176.9;170.9;174.7;105950;0
TATNP;D;20160627;000000;174.8;176.1;172.5;172.5;71600;0
TATNP;D;20160628;000000;174.7;176;173.7;175.2;25560;0
TATNP;D;20160629;000000;175.3;177.6;175.2;176.9;62390;0
TATNP;D;20160630;000000;178.6;178.6;175.6;176.5;66490;0
TATNP;D;20160701;000000;177;178.7;176.4;178.4;104670;0
TATNP;D;20160704;000000;178.8;179.7;177.3;178.3;67360;0
TATNP;D;20160705;000000;178.1;178.3;176.2;176.4;90100;0
TATNP;D;20160706;000000;177.5;177.7;175.6;177.2;250630;0
TATNP;D;20160707;000000;168.3;171.6;168.1;170.7;471640;0
TATNP;D;20160708;000000;170.4;170.6;168.5;169.8;125520;0
TATNP;D;20160711;000000;169;170.2;168.8;169.9;168150;0
TATNP;D;20160712;000000;170;171;165.2;170.2;667850;0
TATNP;D;20160713;000000;169.4;170;166;166;149140;0
TATNP;D;20160714;000000;168;168;165.6;167.3;81860;0
TATNP;D;20160715;000000;167.6;169;165.7;168.4;141490;0
TATNP;D;20160718;000000;168.4;169.6;165.5;166.8;201370;0
TATNP;D;20160719;000000;166.8;167.6;164.2;164.8;109220;0
TATNP;D;20160720;000000;164.9;165.6;163.3;164.4;126580;0
TATNP;D;20160721;000000;164.9;165;160.9;160.9;306040;0
TATNP;D;20160722;000000;161;161.4;158.7;159.5;480570;0
TATNP;D;20160725;000000;159.5;162.8;159.4;162.6;366630;0
TATNP;D;20160726;000000;163;165;162.6;164.6;117770;0
TATNP;D;20160727;000000;164.2;167.3;164;165.9;319500;0
TATNP;D;20160728;000000;163;167.1;163;166.6;43220;0
TATNP;D;20160729;000000;166.8;169.2;165.7;169;288260;0
TATNP;D;20160801;000000;169.5;171.5;169.1;171.3;495350;0
TATNP;D;20160802;000000;171;172.4;169.2;170.9;495280;0
TATNP;D;20160803;000000;171.4;171.4;168.1;168.6;169070;0
TATNP;D;20160804;000000;169.2;170.8;169;169.7;248070;0
TATNP;D;20160805;000000;170.6;172;169.5;171.9;276590;0
TATNP;D;20160808;000000;172.2;173.2;171.7;172.5;89370;0
TATNP;D;20160809;000000;172;172.8;171.2;171.7;58530;0
TATNP;D;20160810;000000;172.7;172.8;170;171.7;94580;0
TATNP;D;20160811;000000;171.8;172;170.1;171.5;47810;0
TATNP;D;20160812;000000;170.5;175.9;170.5;174.1;162600;0
TATNP;D;20160815;000000;176;177.5;173.6;175.1;65130;0
TATNP;D;20160816;000000;174.9;176.4;173.9;175;75310;0
TATNP;D;20160817;000000;175;176.2;171.4;172.7;295960;0
TATNP;D;20160818;000000;173.1;175.4;172.6;174.9;104570;0
TATNP;D;20160819;000000;175.5;175.6;174.5;175.5;117710;0
TATNP;D;20160822;000000;175.1;177;173;174.9;417160;0
TATNP;D;20160823;000000;175.4;175.6;174;174.4;29410;0
TATNP;D;20160824;000000;175;177.1;173.7;174.6;157150;0
TATNP;D;20160825;000000;175;175.3;171.8;174;95570;0
TATNP;D;20160826;000000;174.2;175.3;173.2;174.7;43540;0
TATNP;D;20160829;000000;172.9;174;172;173.7;19480;0
TATNP;D;20160830;000000;174.1;174.8;173.2;174.2;16360;0
TATNP;D;20160831;000000;174.4;176.7;173.1;175;202850;0
TATNP;D;20160901;000000;175.9;178.7;174.8;177;123470;0
TATNP;D;20160902;000000;177.3;178.1;176;178.1;49820;0
TATNP;D;20160905;000000;178.1;180.7;177.8;180;70850;0
TATNP;D;20160906;000000;180.8;183.4;178.9;180.5;522790;0
TATNP;D;20160907;000000;182.7;182.7;179.9;180.8;46220;0
TATNP;D;20160908;000000;182;182;130.8;178.6;114240;0
TATNP;D;20160909;000000;178.6;178.6;176.8;177.5;102210;0
TATNP;D;20160912;000000;179;179;176;177.2;34590;0
TATNP;D;20160913;000000;177.9;179;175.5;178.1;156560;0
TATNP;D;20160914;000000;179.6;179.6;177;177.5;107490;0
TATNP;D;20160915;000000;178.9;179.3;175.9;176.2;419110;0
TATNP;D;20160916;000000;175.3;180.6;175;180.6;84360;0
TATNP;D;20160919;000000;179.6;179.6;175.5;176;138900;0
TATNP;D;20160920;000000;175.9;176;173.5;175.7;77580;0
TATNP;D;20160921;000000;176.8;176.8;174.4;174.7;114630;0
TATNP;D;20160922;000000;174.5;176.2;174.3;176;18390;0
TATNP;D;20160923;000000;176.4;177.5;175.1;177.2;91740;0
TATNP;D;20160926;000000;177;177.7;176.5;177;40220;0
TATNP;D;20160927;000000;176.8;178.1;175.6;178;355990;0
TATNP;D;20160928;000000;177.3;179.6;177.1;179;16190;0
TATNP;D;20160929;000000;179.2;182.6;179.2;182.4;68470;0
TATNP;D;20160930;000000;181.3;182.9;180.7;181.9;51390;0
TATNP;D;20161003;000000;182.9;182.9;179.2;180.7;29590;0
TATNP;D;20161004;000000;181.5;181.5;180.3;181.2;15450;0
TATNP;D;20161005;000000;181.8;182.3;179.9;182;201470;0
TATNP;D;20161006;000000;181.6;184.3;181.3;184;46050;0
TATNP;D;20161007;000000;183.8;188.4;183.1;188.2;83380;0
TATNP;D;20161010;000000;188.3;190.5;184.3;190.5;169440;0
TATNP;D;20161011;000000;188.3;190.4;180.1;189.9;114960;0
TATNP;D;20161012;000000;189.2;190.8;188;188.9;79060;0
TATNP;D;20161013;000000;189.8;189.9;186.1;186.1;19460;0
TATNP;D;20161014;000000;186.5;192.1;185.1;192.1;92520;0
TATNP;D;20161017;000000;192;193.4;189.2;190.3;53150;0
TATNP;D;20161018;000000;191.5;191.5;187.4;190;36130;0
TATNP;D;20161019;000000;190.3;190.3;187.6;189.1;36190;0
TATNP;D;20161020;000000;188.4;190.2;187.3;189.7;35910;0
TATNP;D;20161021;000000;190.3;191.8;188.2;190.9;51000;0
TATNP;D;20161024;000000;190.2;191.8;190;191.6;26810;0
TATNP;D;20161025;000000;192.9;196.2;192;196;115510;0
TATNP;D;20161026;000000;195.6;196;191;193.9;40900;0
TATNP;D;20161027;000000;190.8;195.6;190.8;195;44180;0
TATNP;D;20161028;000000;195.5;198;194.8;196.9;277890;0
TATNP;D;20161031;000000;197.5;203;195;203;131040;0
TATNP;D;20161101;000000;202.5;206.2;197.6;204.1;258210;0
TATNP;D;20161102;000000;204.2;205;198;198;244650;0
TATNP;D;20161103;000000;199.9;199.9;196.9;196.9;105380;0
TATNP;D;20161107;000000;199;199.7;195.8;197;177180;0
TATNP;D;20161108;000000;198.9;199.3;186.7;194.7;212230;0
TATNP;D;20161109;000000;194;199.6;192.7;197.8;383590;0
TATNP;D;20161110;000000;199.5;204.3;196.3;197.9;965920;0
TATNP;D;20161111;000000;197.7;199.7;191;191;224340;0
TATNP;D;20161114;000000;191;196;190.9;193.8;181380;0
TATNP;D;20161115;000000;196;197.7;191;195.8;55590;0
TATNP;D;20161116;000000;195.8;198.7;194;197.7;546150;0
TATNP;D;20161117;000000;198.2;204.8;194.9;203.1;409560;0
TATNP;D;20161118;000000;204.9;206.3;199;200;161360;0
TATNP;D;20161121;000000;200;201;198;201;251200;0
TATNP;D;20161122;000000;201;203;200;200.5;108610;0
TATNP;D;20161123;000000;199.9;206.4;199.8;206;288910;0
TATNP;D;20161124;000000;206;208;201;202.3;464060;0
TATNP;D;20161125;000000;204.8;204.8;200.3;203.5;91760;0
TATNP;D;20161128;000000;203.1;203.1;200;201;37430;0
TATNP;D;20161129;000000;201.6;203.9;199.2;201.1;91870;0
TATNP;D;20161130;000000;202.2;206.4;200;200.3;267440;0
TATNP;D;20161201;000000;203.1;206.7;202;205.4;97560;0
TATNP;D;20161202;000000;206.3;208.4;204.7;206.7;103690;0
TATNP;D;20161205;000000;205.4;214.8;205.2;214.8;159460;0
TATNP;D;20161206;000000;215;219.9;210.6;217.6;130900;0
TATNP;D;20161207;000000;219.9;224.2;217.7;223;275100;0
TATNP;D;20161208;000000;223;229.2;217.2;223.8;171210;0
TATNP;D;20161209;000000;225.9;227;221.6;224.9;370840;0
TATNP;D;20161212;000000;231;233;222;224.2;604330;0
TATNP;D;20161213;000000;222.2;233.3;222.2;232.8;415960;0
TATNP;D;20161214;000000;232.4;235;229.7;231.3;124980;0
TATNP;D;20161215;000000;231.9;231.9;226.3;229.9;292370;0
TATNP;D;20161216;000000;231.7;231.7;227;231.2;89020;0
TATNP;D;20161219;000000;230.5;232.6;227.1;228;73920;0
TATNP;D;20161220;000000;228.2;229.3;224.1;229;122720;0
TATNP;D;20161221;000000;229.9;229.9;225;225.4;149890;0
TATNP;D;20161222;000000;223.1;226.3;218.9;220.2;185440;0
TATNP;D;20161223;000000;221.4;224;218.2;222.7;69620;0
TATNP;D;20161226;000000;224.8;224.8;220;220.5;25160;0
TATNP;D;20161227;000000;222.8;224.2;220;222.3;57200;0
TATNP;D;20161228;000000;221.6;230.1;221.6;229.4;94020;0
TATNP;D;20161229;000000;227;231.5;226.7;230.4;26820;0
TATNP;D;20161230;000000;232.7;235.2;225.5;235;154210;0
TATNP;D;20170103;000000;235;246.7;235;244.1;196480;0
TATNP;D;20170104;000000;246;246;242.3;244;60310;0
TATNP;D;20170105;000000;245.7;245.9;233.6;235.8;47540;0
TATNP;D;20170106;000000;235.8;239.5;231.8;233.3;78670;0
TATNP;D;20170109;000000;233.6;239;233.6;235.3;21040;0
TATNP;D;20170110;000000;236.4;239.6;236.1;238.6;36580;0
TATNP;D;20170111;000000;238.4;239.8;235.5;237.9;63760;0
TATNP;D;20170112;000000;240.2;243.3;236.1;238.9;97390;0
TATNP;D;20170113;000000;239.8;243.8;236.4;236.8;88820;0
TATNP;D;20170116;000000;238;238;232.1;236;35350;0
TATNP;D;20170117;000000;235.9;236.5;233.6;234.5;96570;0
TATNP;D;20170118;000000;235;235;230;231.5;139090;0
TATNP;D;20170119;000000;233.8;233.8;219.5;225;345850;0
TATNP;D;20170120;000000;226;226;218.3;221.5;348480;0
TATNP;D;20170123;000000;220.1;220.7;214.5;217.2;91010;0
TATNP;D;20170124;000000;217.9;221.6;217.5;219.6;134910;0
TATNP;D;20170125;000000;220.3;221.2;216.7;218.8;30500;0
TATNP;D;20170126;000000;220;227.4;219.3;227;275440;0
TATNP;D;20170127;000000;227.7;230.4;225;228.4;91950;0
TATNP;D;20170130;000000;228.4;229;224.5;227;100910;0
TATNP;D;20170131;000000;226.2;227.1;224;225.5;99650;0
TATNP;D;20170201;000000;225.9;227.7;224.5;227;44740;0
TATNP;D;20170202;000000;227.8;228.4;224.9;227.3;269260;0
TATNP;D;20170203;000000;227.8;228.5;225.3;228;94770;0
TATNP;D;20170206;000000;228;229.1;225.8;227.4;70670;0
TATNP;D;20170207;000000;227.3;227.3;225.9;226.6;38410;0
TATNP;D;20170208;000000;227;228.6;225;227.6;54870;0
TATNP;D;20170209;000000;228.9;229.8;224.9;227.3;60020;0
TATNP;D;20170210;000000;227.7;227.7;223.1;224.8;94360;0
TATNP;D;20170213;000000;223.4;225.5;221;221.4;134050;0
TATNP;D;20170214;000000;221.7;224.3;221.1;222;229790;0
TATNP;D;20170215;000000;222.5;223.4;219;222.4;264250;0
TATNP;D;20170216;000000;222.4;223.3;220.4;221.5;94050;0
TATNP;D;20170217;000000;222.3;226.8;219.9;222;174980;0
TATNP;D;20170220;000000;223;223;217.7;219.4;470500;0
TATNP;D;20170221;000000;220.2;220.5;217.9;219.5;69410;0
TATNP;D;20170222;000000;217.7;224.3;217.7;221.8;251970;0
TATNP;D;20170224;000000;222.1;225.7;220.4;223.9;243180;0
TATNP;D;20170227;000000;225.2;227.8;218;218.9;68440;0
TATNP;D;20170228;000000;217.7;219.7;212;212;96290;0
TATNP;D;20170301;000000;213.8;219.6;211.4;213.9;192400;0
TATNP;D;20170302;000000;214.3;221.6;214.3;220.6;44550;0
TATNP;D;20170303;000000;220;223.6;219.5;221.5;57850;0
TATNP;D;20170306;000000;220;225;220;222.1;52180;0
TATNP;D;20170307;000000;221.3;221.3;212.6;213.6;23970;0
TATNP;D;20170309;000000;210;213.3;205;205.1;59330;0
TATNP;D;20170310;000000;205.9;209.6;202.4;203.5;83850;0
TATNP;D;20170313;000000;204.2;213;202.3;208.2;260330;0
TATNP;D;20170314;000000;208.4;211.3;204;205.9;72170;0
TATNP;D;20170315;000000;206;209.6;202.1;202.4;39210;0
TATNP;D;20170316;000000;202.4;208.6;202.4;205.1;232720;0
TATNP;D;20170317;000000;205.9;214.3;204.7;214.3;122230;0
TATNP;D;20170320;000000;214;216.7;210;211.4;62420;0
TATNP;D;20170321;000000;211.4;214;208.6;210.7;24840;0
TATNP;D;20170322;000000;208;211.2;204.8;206;167000;0
TATNP;D;20170323;000000;207.8;208.8;204.3;205;48260;0
TATNP;D;20170324;000000;205.6;207;202;205.7;60100;0
TATNP;D;20170327;000000;205.3;206.8;203.1;205.9;131240;0
TATNP;D;20170328;000000;206.7;210.3;203.8;210.3;40050;0
TATNP;D;20170329;000000;209;210;206.7;208.3;38550;0
TATNP;D;20170330;000000;208.3;210.4;204.5;206.5;108000;0
TATNP;D;20170331;000000;206;206.2;204.2;204.2;35390;0
TATNP;D;20170403;000000;203.9;206;203.3;205.4;37530;0
TATNP;D;20170404;000000;205.3;206.3;201.3;203.2;118350;0
TATNP;D;20170405;000000;203.2;208.7;202.6;208.7;82250;0
TATNP;D;20170406;000000;207.4;218.8;206.8;218.4;169820;0
TATNP;D;20170407;000000;217.9;217.9;211.8;214;262290;0
TATNP;D;20170410;000000;214;214;208.8;210;226830;0
TATNP;D;20170411;000000;208.9;211.7;208.9;210.5;290420;0
TATNP;D;20170412;000000;210.5;213.8;209;209.1;367210;0
TATNP;D;20170413;000000;211;211.4;205.7;209.6;63660;0
TATNP;D;20170414;000000;209.3;210.3;207.8;208.3;31350;0
TATNP;D;20170417;000000;208.3;210.3;207.7;209.2;155540;0
TATNP;D;20170418;000000;210.2;210.2;206.5;208;160410;0
TATNP;D;20170419;000000;205.8;209.6;205.8;207.8;528910;0
TATNP;D;20170420;000000;207.6;208;205.7;207.8;143930;0
TATNP;D;20170421;000000;207.8;209.2;206.5;207.7;392180;0
TATNP;D;20170424;000000;208;209.4;206.8;208;134710;0
TATNP;D;20170425;000000;209.7;211.3;206.8;208.5;97560;0
TATNP;D;20170426;000000;208.7;212.3;206.8;212;232390;0
TATNP;D;20170427;000000;212.4;238.8;211.1;237;328750;0
TATNP;D;20170428;000000;237.1;246.1;237.1;238.1;267240;0
TATNP;D;20170502;000000;243;243;238.2;239.6;84660;0
TATNP;D;20170503;000000;241.7;241.7;234.1;236.7;132450;0
TATNP;D;20170504;000000;236;246.7;236;245;186580;0
TATNP;D;20170505;000000;247;253;242.9;249.9;275660;0
TATNP;D;20170510;000000;247;252.5;246.8;251.5;85930;0
TATNP;D;20170511;000000;249;265;249;262;99320;0
TATNP;D;20170512;000000;255;283.4;255;269.3;334940;0
TATNP;D;20170515;000000;270;273.4;264.8;268.8;81040;0
TATNP;D;20170516;000000;270.4;270.4;263;268.6;209880;0
TATNP;D;20170517;000000;268.1;270.3;263.4;269.3;212120;0
TATNP;D;20170518;000000;269.1;276.4;267;272.8;121280;0
TATNP;D;20170519;000000;272.8;274.8;269.5;271.7;126140;0
TATNP;D;20170522;000000;271.7;272.8;263.9;266;43030;0
TATNP;D;20170523;000000;264.2;271.2;264.1;270.4;31980;0
TATNP;D;20170524;000000;272.2;272.8;266.5;269.9;32170;0
TATNP;D;20170525;000000;271.8;284;267.3;277.6;209810;0
TATNP;D;20170526;000000;276.5;282.5;274.4;279.8;285390;0
TATNP;D;20170529;000000;279.6;286.3;278.6;286;148890;0
TATNP;D;20170530;000000;288.4;294;283.1;293.1;222860;0
TATNP;D;20170531;000000;293;303.5;291.5;298.9;313830;0
TATNP;D;20170601;000000;296;302.9;277.9;279;237340;0
TATNP;D;20170602;000000;279;282.4;271.4;280.4;108910;0
TATNP;D;20170605;000000;281.7;285.7;278.8;279.5;75580;0
TATNP;D;20170606;000000;280.2;280.2;273.4;273.7;30410;0
TATNP;D;20170607;000000;272;275.7;265.7;269.6;102930;0
TATNP;D;20170608;000000;274.4;275.3;266.3;267;62730;0
TATNP;D;20170609;000000;265.6;269.5;265;265;151890;0
TATNP;D;20170613;000000;265;270;264.4;266.3;74650;0
TATNP;D;20170614;000000;270.6;272.3;260.5;262.1;153520;0
TATNP;D;20170615;000000;261.7;264.4;254.7;260;314020;0
TATNP;D;20170616;000000;262.5;273.3;256.4;272;1093010;0
TATNP;D;20170619;000000;271.4;275.7;267.1;270;144280;0
TATNP;D;20170620;000000;272;276.5;270.4;273.2;104060;0
TATNP;D;20170621;000000;278.3;278.3;268;268;76740;0
TATNP;D;20170622;000000;268.5;270.8;267.5;270.2;43960;0
TATNP;D;20170623;000000;270.2;272.8;269.9;271.1;55740;0
TATNP;D;20170626;000000;274.7;274.8;271;273;161230;0
TATNP;D;20170627;000000;273.2;273.5;271;271.6;54640;0
TATNP;D;20170628;000000;272.1;274.1;270.4;273.9;122620;0
TATNP;D;20170629;000000;274.2;274.4;273.2;274.1;114900;0
TATNP;D;20170630;000000;274.1;274.9;271.1;273.4;80310;0
TATNP;D;20170703;000000;274.2;279.8;273.4;279.6;247670;0
TATNP;D;20170704;000000;279;284.9;277.9;284;327860;0
TATNP;D;20170705;000000;284.5;292;284;288;258560;0
TATNP;D;20170706;000000;266;272.2;263;269;327840;0
TATNP;D;20170707;000000;268.9;269;264;267;87560;0
TATNP;D;20170710;000000;269;269;263.5;265;46380;0
TATNP;D;20170711;000000;265;266.8;261.2;263.2;115270;0
TATNP;D;20170712;000000;264.6;268.4;261.9;264.5;192700;0
TATNP;D;20170713;000000;264.5;266.1;261.5;263.4;87360;0
TATNP;D;20170714;000000;261.1;265.9;261.1;264.2;272100;0
TATNP;D;20170717;000000;264.4;266.2;264.4;265;219440;0
TATNP;D;20170718;000000;265.7;271.1;265.1;270;253520;0
TATNP;D;20170719;000000;271.7;273.7;269.7;272.7;144270;0
TATNP;D;20170720;000000;273.2;274.1;269.5;270.1;126990;0
TATNP;D;20170721;000000;270.1;271.6;267.4;269.4;79400;0
TATNP;D;20170724;000000;271.7;271.9;266.5;269.8;166370;0
TATNP;D;20170725;000000;270.8;271.5;262.9;263.9;123650;0
TATNP;D;20170726;000000;263.9;268.5;263.9;265.3;101570;0
TATNP;D;20170727;000000;265.3;272.2;265.3;269;191420;0
TATNP;D;20170728;000000;270;270;262.8;263;267740;0
TATNP;D;20170731;000000;263;267.3;263;264.5;171830;0
TATNP;D;20170801;000000;264.5;268.5;263.9;267.3;72460;0
TATNP;D;20170802;000000;267.2;267.9;265.5;267;45760;0
TATNP;D;20170803;000000;266.1;267.6;265.8;267;66050;0
TATNP;D;20170804;000000;265.8;267.2;264;264;141200;0
TATNP;D;20170807;000000;265.5;268.5;265.5;268;78660;0
TATNP;D;20170808;000000;268.5;279.9;268.5;279;158130;0
TATNP;D;20170809;000000;278.8;279.3;273;274.1;49830;0
TATNP;D;20170810;000000;274.1;279.8;274.1;275.3;73200;0
TATNP;D;20170811;000000;270.6;274.9;270.6;272.7;385630;0
TATNP;D;20170814;000000;276.9;276.9;273.1;274.2;42750;0
TATNP;D;20170815;000000;276.6;276.6;273.5;275.4;19090;0
TATNP;D;20170816;000000;275.3;276.4;274;274;25920;0
TATNP;D;20170817;000000;273.8;275.8;272.7;273.7;34040;0
TATNP;D;20170818;000000;273.7;276.1;273;275;41560;0
TATNP;D;20170821;000000;276.4;277.3;273.5;273.7;50190;0
TATNP;D;20170822;000000;274.1;276.3;273.5;273.9;36290;0
TATNP;D;20170823;000000;275.1;276;273.4;274;72110;0
TATNP;D;20170824;000000;275;276;273.5;275.3;28800;0
TATNP;D;20170825;000000;276;279.7;275;276.3;65010;0
TATNP;D;20170828;000000;272.6;278.3;272;273.7;185510;0
TATNP;D;20170829;000000;273.3;275.9;269.6;275.4;113990;0
TATNP;D;20170830;000000;275.4;277.7;271.5;271.6;125680;0
TATNP;D;20170831;000000;273.3;274;267.6;270;195720;0
TATNP;D;20170901;000000;268;271;265;265;217930;0
TATNP;D;20170904;000000;264.7;265.7;261.7;262;216840;0
TATNP;D;20170905;000000;261.3;263.5;259.2;259.8;243290;0
TATNP;D;20170906;000000;259.8;264.4;258.5;264.1;198800;0
TATNP;D;20170907;000000;264.9;265.9;263.1;263.1;79010;0
TATNP;D;20170908;000000;263.2;270;263.2;270;125420;0
TATNP;D;20170911;000000;270.1;271;267.7;270.1;155700;0
TATNP;D;20170912;000000;270.6;271.4;267.3;270.9;52040;0
TATNP;D;20170913;000000;270.3;273;269.7;272;75420;0
TATNP;D;20170914;000000;272.6;278.3;271.1;276.9;143610;0
TATNP;D;20170915;000000;275.6;278;273.8;276;260440;0
TATNP;D;20170918;000000;275;286.4;275;285.2;434570;0
TATNP;D;20170919;000000;286;286.7;284.2;286.6;94790;0
TATNP;D;20170920;000000;286.6;290.3;284.9;289.9;63550;0
TATNP;D;20170921;000000;288.5;297;288.5;295;187560;0
TATNP;D;20170922;000000;291.1;293;288.3;291.8;69230;0
TATNP;D;20170925;000000;291.8;293.5;290.8;293;148990;0
TATNP;D;20170926;000000;293.7;293.7;290.5;290.5;86510;0
TATNP;D;20170927;000000;290.5;292.1;281.2;291.8;91160;0
TATNP;D;20170928;000000;290.1;291.1;287.6;290.5;49510;0
TATNP;D;20170929;000000;287.1;290.6;287.1;289.1;50650;0
TATNP;D;20171002;000000;289.1;291.4;286.4;289.9;122760;0
TATNP;D;20171003;000000;289.5;292;289.4;291.4;52620;0
TATNP;D;20171004;000000;292.6;293.2;290.5;293;97480;0
TATNP;D;20171005;000000;292.8;296.6;291.1;296.5;103630;0
TATNP;D;20171006;000000;296.8;302.9;296.7;301.5;147780;0
TATNP;D;20171009;000000;302.4;304.8;296.5;300.5;86680;0
TATNP;D;20171010;000000;301.9;302.8;297.9;300.9;108250;0
TATNP;D;20171011;000000;300.8;307;300.8;307;42940;0
TATNP;D;20171012;000000;308.1;308.4;303;304.4;47630;0
TATNP;D;20171013;000000;302.3;309;302.3;308;71240;0
TATNP;D;20171016;000000;308.9;313.5;306.8;313.5;146160;0
TATNP;D;20171017;000000;312.2;315.1;308.2;308.8;86450;0
TATNP;D;20171018;000000;308.8;309.6;306.2;308.4;47130;0
TATNP;D;20171019;000000;307.1;307.7;302.6;304.7;268520;0
TATNP;D;20171020;000000;306.5;309.5;303;306.3;49390;0
TATNP;D;20171023;000000;306.3;308.6;306;307.8;27970;0
TATNP;D;20171024;000000;308.8;308.8;305;307.5;38850;0
TATNP;D;20171025;000000;306.8;308.7;301.8;301.8;219680;0
TATNP;D;20171026;000000;302.1;303.9;296.1;300;77370;0
TATNP;D;20171027;000000;300;308.9;299;308.9;204170;0
TATNP;D;20171030;000000;309;313.5;307.3;311.7;146040;0
TATNP;D;20171031;000000;313.1;319.8;313.1;316.8;199980;0
TATNP;D;20171101;000000;316.8;319.8;315.6;318.6;78070;0
TATNP;D;20171102;000000;320.1;320.1;315.1;317.1;66890;0
TATNP;D;20171103;000000;317.5;325.5;317.5;324;88340;0
TATNP;D;20171107;000000;344;363.9;331;359.6;559270;0
TATNP;D;20171108;000000;362.6;368.1;349;353.1;510310;0
TATNP;D;20171109;000000;353.1;358;353;353.5;350040;0
TATNP;D;20171110;000000;354;354.9;349.9;350;135630;0
TATNP;D;20171113;000000;350;357.7;350;353.3;166300;0
TATNP;D;20171114;000000;354.8;356.2;351.4;353;112070;0
TATNP;D;20171115;000000;353;353;344.2;345.1;166450;0
TATNP;D;20171116;000000;345.1;349;340.1;341;137910;0
TATNP;D;20171117;000000;341.3;345.1;338;343.3;108940;0
TATNP;D;20171120;000000;343;346.8;342.5;345.2;68920;0
TATNP;D;20171121;000000;345.5;358;345.4;354.5;218520;0
TATNP;D;20171122;000000;356.8;360.6;355;355.6;154710;0
TATNP;D;20171123;000000;360;360;352.2;356;125320;0
TATNP;D;20171124;000000;358.5;359.7;351.2;352;203170;0
TATNP;D;20171127;000000;354.9;356.4;347.7;349.6;124730;0
TATNP;D;20171128;000000;351.4;351.5;344.7;346.6;107030;0
TATNP;D;20171129;000000;345.7;347.9;341.2;341.8;124580;0
TATNP;D;20171130;000000;344.4;353.9;341;353.9;182320;0
TATNP;D;20171201;000000;349;355.1;345.2;353.6;272600;0
TATNP;D;20171204;000000;353.8;377;352;369.8;540250;0
TATNP;D;20171205;000000;373.8;379.6;368.6;371.6;404190;0
TATNP;D;20171206;000000;372;383.4;372;380.6;265670;0
TATNP;D;20171207;000000;385.2;385.2;374.5;381;227430;0
TATNP;D;20171208;000000;381;381.8;375.4;375.6;222610;0
TATNP;D;20171211;000000;375.8;384;375.8;383.4;184750;0
TATNP;D;20171212;000000;383.7;398.2;383.7;394;485770;0
TATNP;D;20171213;000000;395.7;395.7;390;390;230010;0
TATNP;D;20171214;000000;390;393.9;380.1;383.1;208030;0
TATNP;D;20171215;000000;385.8;395;380.1;395;401480;0
TATNP;D;20171218;000000;392.2;395.7;390;392.6;296180;0
TATNP;D;20171219;000000;392.6;395.5;383.1;391.5;197130;0
TATNP;D;20171220;000000;391.5;392.9;385;390;277070;0
TATNP;D;20171221;000000;355;369.9;353.9;367.9;335880;0
TATNP;D;20171222;000000;367.9;369;363.3;368;283720;0
TATNP;D;20171225;000000;364.2;368.7;353.3;361.1;117210;0
TATNP;D;20171226;000000;361.1;363.6;348.9;359.5;298640;0
TATNP;D;20171227;000000;358;374;357.4;369.8;222910;0
TATNP;D;20171228;000000;369.9;370.5;365.3;369.9;189370;0
TATNP;D;20171229;000000;367.3;371.2;364.4;365;140020;0
TATNP;D;20180103;000000;366;368;360.6;367.7;103030;0
TATNP;D;20180104;000000;369.5;369.6;362.5;368.7;195560;0
TATNP;D;20180105;000000;367.1;373.7;367.1;371.8;120770;0
TATNP;D;20180109;000000;373.9;380.6;371.2;380.2;143560;0
TATNP;D;20180110;000000;382.5;382.5;376;382;134710;0
TATNP;D;20180111;000000;382;398;380.3;391.7;322820;0
TATNP;D;20180112;000000;392.9;394.3;385.9;391.6;132680;0
TATNP;D;20180115;000000;391.6;397.2;388.4;389.5;100290;0
TATNP;D;20180116;000000;391.6;393;388.7;392;76280;0
TATNP;D;20180117;000000;389.5;399.3;387.7;397.6;317920;0
TATNP;D;20180118;000000;398;422.4;398;417.5;399930;0
TATNP;D;20180119;000000;416;432.3;404.4;409.3;446180;0
TATNP;D;20180122;000000;407;416.9;407;415.1;349400;0
TATNP;D;20180123;000000;423.6;423.6;410.1;414.6;252790;0
TATNP;D;20180124;000000;411.6;416;408;410;246690;0
TATNP;D;20180125;000000;414.1;417.9;410.5;413.3;276250;0
TATNP;D;20180126;000000;413.2;413.9;411.5;412.5;154320;0
TATNP;D;20180129;000000;412.9;418.8;409.5;412.6;92600;0
TATNP;D;20180130;000000;408.5;414.9;402.6;407.5;173340;0
TATNP;D;20180131;000000;407;413.7;405.2;409;225620;0
TATNP;D;20180201;000000;406.7;415.5;406.7;410;113660;0
TATNP;D;20180202;000000;410.1;412.6;410.1;411;89690;0
TATNP;D;20180205;000000;409.2;411;407;408.4;131280;0
TATNP;D;20180206;000000;390;404;390;402.5;400290;0
TATNP;D;20180207;000000;403;410.2;400;405;320130;0
TATNP;D;20180208;000000;405;406;395.1;395.3;226430;0
TATNP;D;20180209;000000;391.2;392;386.5;388.9;242850;0
TATNP;D;20180212;000000;391.1;395.9;387.1;390;99630;0
TATNP;D;20180213;000000;392;392.8;388;390.2;96990;0
TATNP;D;20180214;000000;390;392;387.6;389;170450;0
TATNP;D;20180215;000000;391.6;397.5;390;396.6;245580;0
TATNP;D;20180216;000000;396.6;401.2;396.6;400.1;212440;0
TATNP;D;20180219;000000;401;406.9;398.6;402.2;51620;0
TATNP;D;20180220;000000;400.2;414.9;400.2;414.8;175070;0
TATNP;D;20180221;000000;414;415.2;406;411.5;202970;0
TATNP;D;20180222;000000;445.3;445.3;408.9;418.1;130060;0
TATNP;D;20180226;000000;426;430;422;425.2;144280;0
TATNP;D;20180227;000000;427.1;427.1;418;419.5;96370;0
TATNP;D;20180228;000000;419.5;422.8;400;402.8;193970;0
TATNP;D;20180301;000000;404.1;408.6;403;406.8;185020;0
TATNP;D;20180302;000000;406.6;408;398.9;408;118710;0
TATNP;D;20180305;000000;409.4;413.9;406.5;407;80640;0
TATNP;D;20180306;000000;408.8;418.7;406;417.4;125160;0
TATNP;D;20180307;000000;415.6;417.6;406.1;408;229810;0
TATNP;D;20180309;000000;406.3;412.3;406.3;410.2;114520;0
TATNP;D;20180312;000000;411.7;422.3;411.7;419.6;99700;0
TATNP;D;20180313;000000;419.9;424;416.1;420;103670;0
TATNP;D;20180314;000000;419.7;419.7;411.1;411.1;92690;0
TATNP;D;20180315;000000;413.7;415.5;407.6;415.3;135930;0
TATNP;D;20180316;000000;412.6;415.2;393.5;393.5;1646420;0
TATNP;D;20180319;000000;399.9;406.5;398;402.5;473850;0
TATNP;D;20180320;000000;402.5;406.4;401;406.4;205010;0
TATNP;D;20180321;000000;407.2;412.9;405.8;411.4;197920;0
TATNP;D;20180322;000000;412.2;413.4;409.3;410.4;115920;0
TATNP;D;20180323;000000;410;410;404.2;405.8;143170;0
TATNP;D;20180326;000000;408.7;413.5;405;413;191260;0
TATNP;D;20180327;000000;411.5;415.6;408.5;414;146240;0
TATNP;D;20180328;000000;413.7;416.8;410;413.1;285380;0
TATNP;D;20180329;000000;415.5;415.5;410.5;413;159900;0
TATNP;D;20180330;000000;413;416;412;416;50460;0
TATNP;D;20180402;000000;416;427;414.1;424.7;248560;0
TATNP;D;20180403;000000;421.3;426.7;420.2;420.2;206450;0
TATNP;D;20180404;000000;421.9;423.9;417.3;422.2;98640;0
TATNP;D;20180405;000000;422.2;426.1;420.1;424.2;112720;0
TATNP;D;20180406;000000;425;425;421.7;424.9;77920;0
TATNP;D;20180409;000000;422.8;422.8;408.3;410.3;649880;0
TATNP;D;20180410;000000;410;424.5;403.7;422.3;415460;0
TATNP;D;20180411;000000;422;428;416;418.5;226770;0
TATNP;D;20180412;000000;424.9;424.9;414.1;424.9;230650;0
TATNP;D;20180413;000000;425;440;421.4;430.2;377050;0
TATNP;D;20180416;000000;421;450;421;450;540670;0
TATNP;D;20180417;000000;451.5;455;432;432.6;363340;0
TATNP;D;20180418;000000;432.8;437.8;428.5;430.2;276660;0
TATNP;D;20180419;000000;434.6;435.5;421.6;430;480060;0
TATNP;D;20180420;000000;430;438;429.3;437.6;170020;0
TATNP;D;20180423;000000;438;449.2;437.9;444.6;192470;0
TATNP;D;20180424;000000;447.9;453.5;444.3;453;102360;0
TATNP;D;20180425;000000;451.8;461;447;460;166140;0
TATNP;D;20180426;000000;461.3;476.7;458.6;476.7;266110;0
TATNP;D;20180427;000000;476.7;479.7;461.8;466.9;184560;0
TATNP;D;20180428;000000;464.3;469.7;462.8;464.4;21980;0
TATNP;D;20180430;000000;466;475.5;462.4;475.5;99200;0
TATNP;D;20180502;000000;474.5;480.8;466.8;473.7;135430;0
TATNP;D;20180503;000000;474.7;474.7;458.5;458.5;246480;0
TATNP;D;20180504;000000;461.6;467.4;458.6;465.7;209150;0
TATNP;D;20180507;000000;466;472;461.4;461.6;106200;0
TATNP;D;20180508;000000;461.6;467.7;460.5;462.8;119550;0
TATNP;D;20180510;000000;473.4;479.4;466.1;478.2;226540;0
TATNP;D;20180511;000000;470.5;489.6;470.5;486.5;165230;0
TATNP;D;20180514;000000;489.5;501.9;487.1;500.1;377270;0
TATNP;D;20180515;000000;500.1;509.2;491.1;495.3;291590;0
TATNP;D;20180516;000000;494.7;501.9;492.2;500;140140;0
TATNP;D;20180517;000000;500;501.9;491.3;495;141840;0
TATNP;D;20180518;000000;495;500.5;492.2;500.1;127260;0
TATNP;D;20180521;000000;501.5;504.4;485;485;167150;0
TATNP;D;20180522;000000;489.8;496.4;483;493.9;129530;0
TATNP;D;20180523;000000;488.7;491.9;485;485;68690;0
TATNP;D;20180524;000000;486.9;490;476.1;480.3;140580;0
TATNP;D;20180525;000000;480.3;483.8;471.2;474.9;184400;0
TATNP;D;20180528;000000;472.5;473.4;465;469;85110;0
TATNP;D;20180529;000000;471.9;472.5;459.1;461.3;297120;0
TATNP;D;20180530;000000;461.5;469.7;433.3;467.5;264320;0
TATNP;D;20180531;000000;469;469;451.1;458;473620;0
TATNP;D;20180601;000000;458;466.5;458;461.5;112160;0
TATNP;D;20180604;000000;463.6;468.5;463.2;464.6;87530;0
TATNP;D;20180605;000000;463.4;465.9;462.9;463;59620;0
TATNP;D;20180606;000000;462;467;455.5;455.9;93950;0
TATNP;D;20180607;000000;457;465.3;456.8;461.6;294780;0
TATNP;D;20180608;000000;461.6;465.2;459.3;463.5;237990;0
TATNP;D;20180609;000000;465.8;466;457.1;464.7;16420;0
TATNP;D;20180611;000000;466.9;466.9;460.1;463.6;24690;0
TATNP;D;20180613;000000;466;468.7;462.4;465;165840;0
TATNP;D;20180614;000000;463;471.8;462.1;465.7;206110;0
TATNP;D;20180615;000000;468.1;483.5;467.2;483.5;502570;0
TATNP;D;20180618;000000;477.4;480.9;477.4;479;298280;0
TATNP;D;20180619;000000;479.9;483;462.3;462.7;310200;0
TATNP;D;20180620;000000;463.6;475.1;463.6;473;247580;0
TATNP;D;20180621;000000;470;476.4;469.9;474;302580;0
TATNP;D;20180622;000000;470.3;477.5;466.4;466.4;312140;0
TATNP;D;20180625;000000;466.4;474.9;460.7;470;143390;0
TATNP;D;20180626;000000;470;472.6;454.4;457.8;328370;0
TATNP;D;20180627;000000;456.5;466.7;456.1;466.7;267440;0
TATNP;D;20180628;000000;465.7;465.7;456.9;460;222580;0
TATNP;D;20180629;000000;460;465.1;455.3;465.1;183020;0
TATNP;D;20180702;000000;463.2;464.2;457.5;458.2;254740;0
TATNP;D;20180703;000000;458;462.6;456.2;457;315830;0
TATNP;D;20180704;000000;457.1;461.2;456.5;458.4;172240;0
TATNP;D;20180705;000000;450.5;456.7;447.2;454.5;334030;0
TATNP;D;20180706;000000;456.7;463.6;453;460.6;106740;0
TATNP;D;20180709;000000;460.7;471;460.7;467.1;153510;0
TATNP;D;20180710;000000;468;481.8;467.9;473.6;291000;0
TATNP;D;20180711;000000;473;483.9;468.8;480.3;218640;0
TATNP;D;20180712;000000;480.5;480.7;477;478.6;138870;0
TATNP;D;20180713;000000;481.6;482.8;475.6;477;152320;0
TATNP;D;20180716;000000;477;483.3;474.3;480.4;244220;0
TATNP;D;20180717;000000;482.6;482.6;475.6;482.3;124780;0
TATNP;D;20180718;000000;482.3;488;481;484;224690;0
TATNP;D;20180719;000000;483.6;490;481.4;485.1;125330;0
TATNP;D;20180720;000000;484;488.4;478.6;478.6;341850;0
TATNP;D;20180723;000000;478.6;483.8;475.9;481.2;148910;0
TATNP;D;20180724;000000;484.9;486;480.5;483.5;104970;0
TATNP;D;20180725;000000;480.3;483;478.3;479.1;136860;0
TATNP;D;20180726;000000;482.4;486.6;476.9;481.3;83480;0
TATNP;D;20180727;000000;480;486;476.1;477;170270;0
TATNP;D;20180730;000000;477;482.5;475;481.2;97810;0
TATNP;D;20180731;000000;482;485.3;481.1;482;67690;0
TATNP;D;20180801;000000;482.1;486.8;479.9;483.2;124800;0
TATNP;D;20180802;000000;487;488.4;482.5;484;139760;0
TATNP;D;20180803;000000;485.5;496.2;482.9;494.1;109350;0
TATNP;D;20180806;000000;495;508.5;495;500.1;184840;0
TATNP;D;20180807;000000;505.5;505.5;499.3;502.8;79860;0
TATNP;D;20180808;000000;501;504.9;495;501;222550;0
TATNP;D;20180809;000000;501;503.8;498;503;198370;0
TATNP;D;20180810;000000;500;506.1;496.4;501.5;169200;0
TATNP;D;20180813;000000;503.9;512.4;499;501.8;440710;0
TATNP;D;20180814;000000;507;510;501.7;506.5;298750;0
TATNP;D;20180815;000000;506.6;508.6;498.1;499.7;244350;0
TATNP;D;20180816;000000;502.3;503.4;495.5;499.9;100600;0
TATNP;D;20180817;000000;496.8;504.4;492.2;501.4;114460;0
TATNP;D;20180820;000000;504.3;508.5;501.9;503;56510;0
TATNP;D;20180821;000000;504.6;506.4;500;505.9;58900;0
TATNP;D;20180822;000000;507.5;510;500.1;500.1;159050;0
TATNP;D;20180823;000000;500.5;506;500;500.2;166000;0
TATNP;D;20180824;000000;501.7;506;500;503;113880;0
TATNP;D;20180827;000000;503;505.5;502.4;504.7;84180;0
TATNP;D;20180828;000000;508.8;517.6;506.9;516;244460;0
TATNP;D;20180829;000000;518.9;537;516.1;536;390760;0
TATNP;D;20180830;000000;539;546.9;536;539;234750;0
TATNP;D;20180831;000000;539.1;541.5;524.7;526;270530;0
TATNP;D;20180903;000000;530.9;535.9;528.1;533.1;137630;0
TATNP;D;20180904;000000;530;538.5;530;534;192300;0
TATNP;D;20180905;000000;532.5;537.7;531.5;535;198670;0
TATNP;D;20180906;000000;536.5;536.8;530;530;228310;0
TATNP;D;20180907;000000;531.7;532.5;515.1;524.4;505750;0
TATNP;D;20180910;000000;528.7;536.2;526.7;536;297620;0
TATNP;D;20180911;000000;540.3;542;529.8;534;291910;0
TATNP;D;20180912;000000;536.9;538.2;524.8;524.8;378040;0
TATNP;D;20180913;000000;528.1;530.5;520.1;525.8;349220;0
TATNP;D;20180914;000000;527.5;527.5;516.6;525.5;423830;0
TATNP;D;20180917;000000;525.8;529.9;524;525.5;215200;0
TATNP;D;20180918;000000;529.9;531.6;521.4;527.2;224060;0
TATNP;D;20180919;000000;527.3;546.7;527.3;539.5;628680;0
TATNP;D;20180920;000000;540;555;540;544.2;505330;0
TATNP;D;20180921;000000;547.5;554.2;543.6;544.9;291310;0
TATNP;D;20180924;000000;547.5;551;530.1;533.3;512190;0
TATNP;D;20180925;000000;537.4;551.4;531.7;547;656030;0
TATNP;D;20180926;000000;551.7;555.5;549.7;553.2;440980;0
TATNP;D;20180927;000000;552.5;565;550.1;563.2;365800;0
TATNP;D;20180928;000000;566.9;577.8;558.5;575;525420;0
TATNP;D;20181001;000000;575.1;589.7;562.5;576.3;839310;0
TATNP;D;20181002;000000;582.2;582.9;570;571.5;290490;0
TATNP;D;20181003;000000;571;589.5;571;586.9;745550;0
TATNP;D;20181004;000000;589.8;593.5;575;579.6;1219200;0
TATNP;D;20181005;000000;580;583;575;577.6;312300;0
TATNP;D;20181008;000000;577.6;596.6;576.2;589.9;566420;0
TATNP;D;20181009;000000;593;597.3;581.7;588.3;677460;0
TATNP;D;20181010;000000;585;588.5;575.8;578;664520;0
TATNP;D;20181011;000000;545;567.4;538.6;560.2;849180;0
TATNP;D;20181012;000000;554.4;571.2;554.4;565;343450;0
TATNP;D;20181015;000000;569;569.2;555;562;427140;0
TATNP;D;20181016;000000;562;565.5;554.3;555;285130;0
TATNP;D;20181017;000000;557.8;561;545.8;550;209790;0
TATNP;D;20181018;000000;547;553.8;546.6;550;137100;0
TATNP;D;20181019;000000;550.2;554.8;547.5;549.6;105000;0
TATNP;D;20181022;000000;550.9;553;546.5;551;150050;0
TATNP;D;20181023;000000;549.9;562;536;555.9;458820;0
TATNP;D;20181024;000000;559;560.1;548.6;550.1;186270;0
TATNP;D;20181025;000000;546.4;549;542.4;548.5;160100;0
TATNP;D;20181026;000000;548.6;551.3;527.1;532.2;212340;0
TATNP;D;20181029;000000;538.1;538.1;521.4;527;167970;0
TATNP;D;20181030;000000;527;528.9;512.5;517;404470;0
TATNP;D;20181031;000000;517.2;530;517.1;526;298890;0
TATNP;D;20181101;000000;526.1;529.1;520.2;526;246270;0
TATNP;D;20181102;000000;528;530;524.2;527;243780;0
TATNP;D;20181106;000000;528;541.8;490.7;537.6;555240;0
TATNP;D;20181107;000000;540.6;543.7;537;543;207440;0
TATNP;D;20181108;000000;547.9;559.2;545.5;556;399890;0
TATNP;D;20181109;000000;556;558.7;545.1;553.2;203280;0
TATNP;D;20181112;000000;554.1;568.5;550.5;562.8;357640;0
TATNP;D;20181113;000000;565.7;567.8;555.8;559.5;479680;0
TATNP;D;20181114;000000;556;558.5;543.7;548;209780;0
TATNP;D;20181115;000000;549.8;552.9;545.4;546.2;204550;0
TATNP;D;20181116;000000;548.1;551.5;540;541.1;201790;0
TATNP;D;20181119;000000;541.2;550.3;541.2;546.4;164760;0
TATNP;D;20181120;000000;546.4;549;529.1;532.4;257400;0
TATNP;D;20181121;000000;532.2;534.4;523.7;523.7;350230;0
TATNP;D;20181122;000000;527.8;527.9;520;520;245400;0
TATNP;D;20181123;000000;520;522.5;501;503;431700;0
TATNP;D;20181126;000000;503.8;509.7;470.6;492.8;551630;0
TATNP;D;20181127;000000;493;503.5;491.9;498;284120;0
TATNP;D;20181128;000000;500.9;514.1;499.6;512;332650;0
TATNP;D;20181129;000000;510;520;505.9;512.8;274610;0
TATNP;D;20181130;000000;515.7;515.7;506.5;508.1;160580;0
TATNP;D;20181203;000000;515.8;539.4;514;533.5;473920;0
TATNP;D;20181204;000000;533.7;549;530.1;548.5;379870;0
TATNP;D;20181205;000000;542.8;558.7;535.3;555.3;315770;0
TATNP;D;20181206;000000;555.3;561.5;544.8;554.9;437730;0
TATNP;D;20181207;000000;551.9;557.5;542.7;554;554360;0
TATNP;D;20181210;000000;546;555.8;546;549;134210;0
TATNP;D;20181211;000000;549.9;550;537.5;540.3;191000;0
TATNP;D;20181212;000000;538.4;541.9;530.6;530.9;119790;0
TATNP;D;20181213;000000;530.3;534.8;516.2;520;196550;0
TATNP;D;20181214;000000;520;523.5;513.1;518;153020;0
TATNP;D;20181217;000000;518.3;526.6;517.2;518;136030;0
TATNP;D;20181218;000000;517;517;504.7;511;269700;0
TATNP;D;20181219;000000;506.9;509.9;496.2;500;473650;0
TATNP;D;20181220;000000;496.7;497.6;489.2;495;281680;0
TATNP;D;20181221;000000;492.1;497.5;480.4;488;418050;0
TATNP;D;20181224;000000;488.4;489.4;474.1;477.4;318980;0
TATNP;D;20181225;000000;473;474;461;472;246260;0
TATNP;D;20181226;000000;472;494.9;470;490.1;242160;0
TATNP;D;20181227;000000;495.1;507.3;495;496;380800;0
TATNP;D;20181228;000000;501.9;514.4;500.1;510.6;298080;0
TATNP;D;20181229;000000;512.9;522.9;512.4;522;152090;0
TATNP;D;20190103;000000;522;524.4;518;521.9;171680;0
TATNP;D;20190104;000000;522.3;523.2;513.7;519;322960;0
TATNP;D;20190108;000000;500.1;506;498.4;505.9;232760;0
TATNP;D;20190109;000000;507;508.4;500.1;506;262450;0
TATNP;D;20190110;000000;506;510.9;501.5;510.8;253070;0
TATNP;D;20190111;000000;510;511.9;505;505.8;303280;0
TATNP;D;20190114;000000;505;508.8;503.1;508.8;120520;0
TATNP;D;20190115;000000;508.9;512.3;506.8;511.8;253460;0
TATNP;D;20190116;000000;512.2;516.6;509;514.1;161340;0
TATNP;D;20190117;000000;510;519.3;510;519;191370;0
TATNP;D;20190118;000000;519.4;530.2;516;528.4;280010;0
TATNP;D;20190121;000000;529.9;532.8;523.8;525;169710;0
TATNP;D;20190122;000000;525;527.5;521.5;524.2;229290;0
TATNP;D;20190123;000000;524;552;521.8;549.1;578410;0
TATNP;D;20190124;000000;545.5;552.6;542.8;545.9;324670;0
TATNP;D;20190125;000000;546;553.5;546;552;493910;0
TATNP;D;20190128;000000;552;553.7;546.6;547.5;185600;0
TATNP;D;20190129;000000;547.5;552;546.2;550;417710;0
TATNP;D;20190130;000000;550;560.7;549.5;558;495340;0
TATNP;D;20190131;000000;558;571;558;569;579040;0
TATNP;D;20190201;000000;563.5;566.8;555.1;557.5;194650;0
TATNP;D;20190204;000000;560.4;565.6;553.6;563.7;219870;0
TATNP;D;20190205;000000;564.8;569.6;562;565.2;266440;0
TATNP;D;20190206;000000;567;569.2;560.1;564;109600;0
TATNP;D;20190207;000000;561.5;571;557.7;563.8;259500;0
TATNP;D;20190208;000000;558.4;565.3;557.1;564.4;198670;0
TATNP;D;20190211;000000;565;566.4;558.9;562.3;176640;0
TATNP;D;20190212;000000;562.2;564.9;558.7;560.8;111260;0
TATNP;D;20190213;000000;561.1;563.4;546.6;549;246090;0
TATNP;D;20190214;000000;544.8;561.3;542.7;555.4;353630;0
TATNP;D;20190215;000000;555.8;563;555.8;563;294500;0
TATNP;D;20190218;000000;564.5;568.7;555.4;560.9;139160;0
TATNP;D;20190219;000000;563.8;564.9;559.1;560.9;62170;0
TATNP;D;20190220;000000;562.3;565;558.8;565;225820;0
TATNP;D;20190221;000000;565.1;568.1;562.6;562.8;108320;0
TATNP;D;20190222;000000;558.3;566.5;558.3;563;130820;0
TATNP;D;20190225;000000;565;565;556;558.8;152720;0
TATNP;D;20190226;000000;551.1;557.9;551;555.3;165810;0
TATNP;D;20190227;000000;554.2;560.5;545.7;547.7;329980;0
TATNP;D;20190228;000000;549.9;553.8;547;548.5;97580;0
TATNP;D;20190301;000000;546;551;546;548;88050;0
TATNP;D;20190304;000000;548;552;546.9;549.7;84490;0
TATNP;D;20190305;000000;547.1;548.6;543.8;547;139010;0
TATNP;D;20190306;000000;544.1;550.9;544.1;549.8;72270;0
TATNP;D;20190307;000000;550.6;551;543;543;79140;0
TATNP;D;20190311;000000;542.7;545.5;535.1;542;171470;0
TATNP;D;20190312;000000;546;546;527.5;529;299840;0
TATNP;D;20190313;000000;530.5;532.4;517;524.6;284860;0
TATNP;D;20190314;000000;528.3;533;522.2;531;565370;0
TATNP;D;20190315;000000;530.9;537.5;530;530;356050;0
TATNP;D;20190318;000000;535.1;543.6;529.5;540.9;248390;0
TATNP;D;20190319;000000;540;553.7;539.6;550.2;473180;0
TATNP;D;20190320;000000;550.1;563.2;550.1;562.3;387290;0
TATNP;D;20190321;000000;563.7;569;550.3;550.8;349760;0
TATNP;D;20190322;000000;555;560.2;545.1;545.2;522810;0
TATNP;D;20190325;000000;545.5;548.3;541.2;544;155630;0
TATNP;D;20190326;000000;544.2;556;543.9;552.4;306370;0
TATNP;D;20190327;000000;556.7;561;546.1;546.1;262870;0
TATNP;D;20190328;000000;546.1;553.9;546.1;553;289040;0
TATNP;D;20190329;000000;554.5;566.3;553;557.8;962400;0
TATNP;D;20190401;000000;561.7;563;556.2;556.6;272860;0
TATNP;D;20190402;000000;556.7;559.6;554;555;278750;0
TATNP;D;20190403;000000;555;559.4;554.5;555.9;137400;0
TATNP;D;20190404;000000;556;556.7;546.7;547.1;184360;0
TATNP;D;20190405;000000;547.4;555;547.4;555;103730;0
TATNP;D;20190408;000000;551;578.7;551;574.5;450850;0
TATNP;D;20190409;000000;575;578;571.5;575.8;165430;0
TATNP;D;20190410;000000;575.8;586.1;575.5;583.3;546240;0
TATNP;D;20190411;000000;587.4;587.9;577.9;585;191210;0
TATNP;D;20190412;000000;585;592.8;580.4;588;316910;0
TATNP;D;20190415;000000;590.7;591.8;581.1;588.6;184260;0
TATNP;D;20190416;000000;589.7;590.7;576;582.8;196960;0
TATNP;D;20190417;000000;585.4;587.9;578.9;579;84670;0
TATNP;D;20190418;000000;579;580.9;571.1;574;115190;0
TATNP;D;20190419;000000;575.7;579;574.6;578.2;23660;0
TATNP;D;20190422;000000;580;586.5;580;586.5;73550;0
TATNP;D;20190423;000000;588;588;580.1;581.8;100670;0
TATNP;D;20190424;000000;585;585;573.4;574.1;134150;0
TATNP;D;20190425;000000;583.9;583.9;572.3;580.9;202980;0
TATNP;D;20190426;000000;582;630.8;577.9;620;1159510;0
TATNP;D;20190429;000000;623;629.2;614.6;623;425710;0
TATNP;D;20190430;000000;616.8;635.7;616.8;634.6;495400;0
TATNP;D;20190502;000000;634.5;637.4;628.3;634.9;91780;0
TATNP;D;20190503;000000;637;648;634.9;645.4;217510;0
TATNP;D;20190506;000000;641.1;646.3;636.8;641.3;340700;0
TATNP;D;20190507;000000;640.3;649;632;634;338880;0
TATNP;D;20190508;000000;637.7;643;615;619.3;610940;0
TATNP;D;20190510;000000;614.1;624;600.1;603.1;224390;0
TATNP;D;20190513;000000;603;610.8;588.6;593;329770;0
TATNP;D;20190514;000000;594.2;618;591.5;600;686580;0
TATNP;D;20190515;000000;603;606.2;586;593.8;326110;0
TATNP;D;20190516;000000;595;599.3;575.6;579.2;561110;0
TATNP;D;20190517;000000;582.9;584.5;571.3;573;890350;0
TATNP;D;20190520;000000;575;579.6;560;568.7;418430;0
TATNP;D;20190521;000000;573;575;568.3;574;796560;0
TATNP;D;20190522;000000;574;601.3;571.7;600;1155300;0
TATNP;D;20190523;000000;598.9;599.7;579;583;1051210;0
TATNP;D;20190524;000000;585;591.7;578.7;579;895430;0
TATNP;D;20190527;000000;585;585.7;573.4;576;250870;0
TATNP;D;20190528;000000;578;582.3;569.1;575;666380;0
TATNP;D;20190529;000000;577.3;580;573.7;577.3;696960;0
TATNP;D;20190530;000000;580;597.6;578;593;1195820;0
TATNP;D;20190531;000000;590;592.7;583.4;584.4;562020;0
TATNP;D;20190603;000000;583.9;586.8;579.2;584.9;737360;0
TATNP;D;20190604;000000;585;604;582.7;603.1;754330;0
TATNP;D;20190605;000000;603;605;588.5;591.5;362400;0
TATNP;D;20190606;000000;595.9;597.9;590.6;594.8;255490;0
TATNP;D;20190607;000000;600;606.6;595.2;595.2;681300;0
TATNP;D;20190610;000000;597;602;597;600.4;301950;0
TATNP;D;20190611;000000;601;610;596.9;608.4;526890;0
TATNP;D;20190613;000000;607.7;621.5;601.8;621.4;444370;0
TATNP;D;20190614;000000;622.7;632.4;618.3;626;443050;0
TATNP;D;20190617;000000;625.6;630;622;623;166490;0
TATNP;D;20190618;000000;626;628.4;603.4;621.7;269900;0
TATNP;D;20190619;000000;628.7;631.9;618.6;620;244370;0
TATNP;D;20190620;000000;626.8;633.4;623;633.1;335070;0
TATNP;D;20190621;000000;633.5;639;629.4;629.4;494800;0
TATNP;D;20190624;000000;635;640;632;635.1;301230;0
TATNP;D;20190625;000000;634.5;638.7;627.6;630.8;162590;0
TATNP;D;20190626;000000;637;639.8;630.7;634.8;339710;0
TATNP;D;20190627;000000;639.8;641.9;637;638.3;327510;0
TATNP;D;20190628;000000;639;642;636.2;636.2;208740;0
TATNP;D;20190701;000000;639.9;643.9;637.6;643.9;243500;0
TATNP;D;20190702;000000;644;649;643.1;648.3;473050;0
TATNP;D;20190703;000000;647.7;666;645.5;664.5;1101630;0
TATNP;D;20190704;000000;637.5;658;635.2;656.1;1329930;0
TATNP;D;20190705;000000;656.1;661.9;645.4;651.4;571430;0
TATNP;D;20190708;000000;650.1;650.7;642;646.9;401260;0
TATNP;D;20190709;000000;640.6;650;628;635;789340;0
TATNP;D;20190710;000000;636.8;638.9;629;630.5;308890;0
TATNP;D;20190711;000000;633.8;634.3;620;623.8;395060;0
TATNP;D;20190712;000000;622.7;628;611.8;619.3;456550;0
TATNP;D;20190715;000000;622.9;625.9;611.1;611.1;419270;0
TATNP;D;20190716;000000;615;631.3;610.2;625.8;515790;0
TATNP;D;20190717;000000;627;637;625.1;627;1164940;0
TATNP;D;20190718;000000;627.5;632.1;621.7;625.9;381950;0
TATNP;D;20190719;000000;632.8;638;629;636;585850;0
TATNP;D;20190722;000000;637.5;642;628;633.6;379910;0
TATNP;D;20190723;000000;634.5;639.1;630.4;639.1;520060;0
TATNP;D;20190724;000000;639.9;646;637.7;642.9;1101320;0
TATNP;D;20190725;000000;640;651;636.8;644;1082730;0
TATNP;D;20190726;000000;648;650;641;649.9;735260;0
TATNP;D;20190729;000000;650;675;648.3;675;819580;0
TATNP;D;20190730;000000;679;690.7;660.7;663;907360;0
TATNP;D;20190731;000000;666;680.5;666;674.1;905450;0
TATNP;D;20190801;000000;674;678;665;665;697130;0
TATNP;D;20190802;000000;663.7;673.5;652.1;672.8;743150;0
TATNP;D;20190805;000000;671.9;672;655;661.3;698380;0
TATNP;D;20190806;000000;673;676;662.7;663.7;997350;0
TATNP;D;20190807;000000;664;666.6;652.8;660;484500;0
TATNP;D;20190808;000000;660.5;665.6;660.3;661;242820;0
TATNP;D;20190809;000000;663.9;663.9;651;658;404160;0
TATNP;D;20190812;000000;653.8;660;651.5;652;249400;0
TATNP;D;20190813;000000;652;653.6;635.9;649;820130;0
TATNP;D;20190814;000000;651;653.1;635;642.3;373830;0
TATNP;D;20190815;000000;638;644.2;628.3;632;506160;0
TATNP;D;20190816;000000;633.9;637;614.5;615;1185860;0
TATNP;D;20190819;000000;621.8;630.3;617.5;622.9;954690;0
TATNP;D;20190820;000000;625.4;630.3;624;625.9;566630;0
TATNP;D;20190821;000000;627.9;630.5;624.5;625;542580;0
TATNP;D;20190822;000000;625;627.8;621;625.9;458880;0
TATNP;D;20190823;000000;628.5;634.7;626.9;630;632630;0
TATNP;D;20190826;000000;626.1;631.1;624;629.6;402800;0
TATNP;D;20190827;000000;630.1;631.6;623.2;629;486820;0
TATNP;D;20190828;000000;629.5;639.4;629.1;630;812000;0
TATNP;D;20190829;000000;632;635.7;628.4;630.5;663720;0
TATNP;D;20190830;000000;634;635.8;630.5;635;552860;0
TATNP;D;20190902;000000;638.6;646;635.1;641.3;797833;0
TATNP;D;20190903;000000;641.4;645.8;639.7;641.2;670088;0
TATNP;D;20190904;000000;643.7;650.8;642.3;650.5;705383;0
TATNP;D;20190905;000000;652;658.9;652;658.6;475774;0
TATNP;D;20190906;000000;659.5;671.8;653.1;670;816372;0
TATNP;D;20190909;000000;672.3;676.6;670.7;671.5;680318;0
TATNP;D;20190910;000000;672;675;661.8;671.3;522278;0
TATNP;D;20190911;000000;671.3;676.4;668;672.2;504324;0
TATNP;D;20190912;000000;675.4;675.4;666.1;669.5;549684;0
TATNP;D;20190913;000000;666.8;670.2;657.3;661.2;629348;0
TATNP;D;20190916;000000;678;679.9;666.2;679.9;1104367;0
TATNP;D;20190917;000000;680;684.7;670.1;672.4;784368;0
TATNP;D;20190918;000000;672.4;682;670.2;676.6;391103;0
TATNP;D;20190919;000000;676;680.9;673;680;511097;0
TATNP;D;20190920;000000;679.9;680.4;668.5;668.5;921564;0
TATNP;D;20190923;000000;673.5;679.9;670.2;677.1;917877;0
TATNP;D;20190924;000000;675.2;677.8;668.5;675.6;707765;0
TATNP;D;20190925;000000;673.8;673.8;661.1;667;1448952;0
TATNP;D;20190926;000000;630;634.9;624;631.9;1541144;0
TATNP;D;20190927;000000;633.5;644.8;633.5;638.8;1454142;0
TATNP;D;20190930;000000;639.9;640;624.1;626.7;828728;0
TATNP;D;20191001;000000;627;629.9;619;622.4;620113;0
TATNP;D;20191002;000000;622.4;625.4;615;615;365065;0
TATNP;D;20191003;000000;616;618.3;604;612.1;552522;0
TATNP;D;20191004;000000;616.6;624.3;613.5;618;668200;0
TATNP;D;20191007;000000;621.9;638.9;618;637.5;820985;0
TATNP;D;20191008;000000;639;644.1;629.1;630;430350;0
TATNP;D;20191009;000000;630;638.2;629.3;635.8;346803;0
TATNP;D;20191010;000000;635.8;639;631.1;634;289200;0
TATNP;D;20191011;000000;635.5;636;631.4;632;479206;0
TATNP;D;20191014;000000;634;635;629.1;629.1;281855;0
TATNP;D;20191015;000000;629.3;630.9;621;629.2;512903;0
TATNP;D;20191016;000000;629.5;632.6;626.3;630;316784;0
TATNP;D;20191017;000000;630;631.3;627.3;627.9;335205;0
TATNP;D;20191018;000000;628;631.4;627.7;629;159905;0
TATNP;D;20191021;000000;631.6;632.5;629.5;631.5;328362;0
TATNP;D;20191022;000000;632.4;645.2;632.4;643.5;566684;0
TATNP;D;20191023;000000;643;654;640.5;650.5;789004;0
TATNP;D;20191024;000000;651.5;658.2;651.5;658;789410;0
TATNP;D;20191025;000000;658;661.7;641.1;660;1046958;0
TATNP;D;20191028;000000;661;664.8;652;656.4;446800;0
TATNP;D;20191029;000000;654.9;658.4;647.1;650.8;647392;0
TATNP;D;20191030;000000;650.5;659.6;649.5;657.5;533198;0
TATNP;D;20191031;000000;658.2;664;652.8;659;779470;0
TATNP;D;20191101;000000;657.2;661.5;653.4;656.3;251671;0
TATNP;D;20191105;000000;658;666.5;656;661.6;650602;0
TATNP;D;20191106;000000;661.7;666.4;659.1;659.5;704402;0
TATNP;D;20191107;000000;661;669.9;656.6;669.9;492007;0
TATNP;D;20191108;000000;668;673.8;665.1;671.7;661119;0
TATNP;D;20191111;000000;670;672.8;667.1;669.4;230916;0
TATNP;D;20191112;000000;669.8;673.8;664.2;667.9;319084;0
TATNP;D;20191113;000000;670;671.7;663.4;665;205535;0
TATNP;D;20191114;000000;673;675;668.1;672;504898;0
TATNP;D;20191115;000000;673.6;674.3;669.6;670.7;455386;0
TATNP;D;20191118;000000;670.2;673.9;665.6;672.4;519634;0
TATNP;D;20191119;000000;670.1;677;670.1;676;458934;0
TATNP;D;20191120;000000;675.9;678.1;671.1;676.6;309412;0
TATNP;D;20191121;000000;674.4;676.3;672.1;675;131727;0
TATNP;D;20191122;000000;675;679.8;674.2;679.5;235471;0
TATNP;D;20191125;000000;680;686.5;677.6;686.3;505022;0
TATNP;D;20191126;000000;684;691.6;681;690.8;802912;0
TATNP;D;20191127;000000;690.8;695.8;683;690;641994;0
TATNP;D;20191128;000000;688;693.5;682.9;682.9;323238;0
TATNP;D;20191129;000000;689.7;689.9;682.3;689.9;245560;0
TATNP;D;20191202;000000;689.1;695;685.8;693.5;445667;0
TATNP;D;20191203;000000;693;696;688.4;691.1;383498;0
TATNP;D;20191204;000000;694;694.8;682;682.7;713918;0
TATNP;D;20191205;000000;684.3;691;683.4;690;540738;0
TATNP;D;20191206;000000;691.8;695.3;689.5;695.3;325524;0
TATNP;D;20191209;000000;695.7;708;694.8;708;477682;0
TATNP;D;20191210;000000;707.8;709.9;697;708.9;593761;0
TATNP;D;20191211;000000;706.2;720.6;705.1;720;519978;0
TATNP;D;20191212;000000;720.2;730;720;724.2;530431;0
TATNP;D;20191213;000000;729.8;738.8;726.6;738.5;469037;0
TATNP;D;20191216;000000;738.5;750;736;743.3;1008425;0
TATNP;D;20191217;000000;747.9;749.7;732.5;735.6;628345;0
TATNP;D;20191218;000000;738.1;738.4;727.6;738.2;334469;0
TATNP;D;20191219;000000;738.2;743.6;734.2;734.3;333023;0
TATNP;D;20191220;000000;739;740.9;734.2;740.9;482916;0
TATNP;D;20191223;000000;741;745.2;738.5;744;316240;0
TATNP;D;20191224;000000;746.5;746.5;735.5;739.8;289996;0
TATNP;D;20191225;000000;740;745.5;738.1;744.1;346604;0
TATNP;D;20191226;000000;747.5;752.9;741.7;752.9;606392;0
TATNP;D;20191227;000000;730;746.6;725.4;739;996901;0
TATNP;D;20191230;000000;742.7;744;733.6;734;370953;0
TATNP;D;20200103;000000;744;744;731.1;734;544608;0
TATNP;D;20200106;000000;736.1;739.4;734.5;736.3;213930;0
TATNP;D;20200108;000000;738;749.4;735.1;749.1;467733;0
TATNP;D;20200109;000000;747.2;827;742;769.9;1026960;0
TATNP;D;20200110;000000;769;785.8;766.1;773.5;906030;0
TATNP;D;20200113;000000;774.4;788.5;758.8;761.4;1118648;0
TATNP;D;20200114;000000;765;770.8;761.1;766.9;552067;0
TATNP;D;20200115;000000;768.8;768.8;750.5;760;756288;0
TATNP;D;20200116;000000;759;764.9;756.2;761;420337;0
TATNP;D;20200117;000000;760.8;765;758.5;763.7;410282;0
TATNP;D;20200120;000000;767.5;785;764.7;777.5;532013;0
TATNP;D;20200121;000000;775.2;800;766.4;767.2;433088;0
TATNP;D;20200122;000000;768.6;774;755.5;758.3;563484;0
TATNP;D;20200123;000000;756.7;756.7;721.1;743.8;523123;0
TATNP;D;20200124;000000;744;750.9;733.1;734.5;489402;0
TATNP;D;20200127;000000;721.2;729;715;715.4;599950;0
TATNP;D;20200128;000000;716.5;726.7;709.4;721.4;717155;0
TATNP;D;20200129;000000;725.1;739.9;724.1;729.4;797330;0
TATNP;D;20200130;000000;729.4;733.8;720.8;723;318909;0
TATNP;D;20200131;000000;730;733;716.9;716.9;486200;0
TATNP;D;20200203;000000;715.1;715.1;703.8;707.9;685631;0
TATNP;D;20200204;000000;713.9;728.2;706.5;720;1052563;0
TATNP;D;20200205;000000;720.9;733.3;714;729.5;957240;0
TATNP;D;20200206;000000;734;739;721.5;724;508807;0
TATNP;D;20200207;000000;725;728.4;715.5;722.6;495518;0
TATNP;D;20200210;000000;720;723;711.4;715;424067;0
TATNP;D;20200211;000000;722.4;734.5;719;734.5;638049;0
TATNP;D;20200212;000000;734.7;748.3;731.8;748.3;1042592;0
TATNP;D;20200213;000000;742.2;743.8;736.4;741;763421;0
TATNP;D;20200214;000000;742.8;746.7;735.1;742;533522;0
TATNP;D;20200217;000000;744.5;744.5;738.5;739.2;229329;0
TATNP;D;20200218;000000;739;741;724.7;725.5;463103;0
TATNP;D;20200219;000000;730;738.7;727.4;736;556725;0
TATNP;D;20200220;000000;738.5;740.9;734.2;734.3;365952;0
TATNP;D;20200221;000000;732;733.1;725.3;726;437227;0
TATNP;D;20200225;000000;716;724.9;695;695;1543616;0
TATNP;D;20200226;000000;690;709.8;688.1;705;1576539;0
TATNP;D;20200227;000000;695.1;701.7;680.8;681.3;1116325;0
TATNP;D;20200228;000000;665;671.1;645.2;660.8;2215925;0
TATNP;D;20200302;000000;681.5;685;655.4;661.1;1721358;0
TATNP;D;20200303;000000;676.5;683.9;670;676;904042;0
TATNP;D;20200304;000000;676;683.6;661;678;803902;0
TATNP;D;20200305;000000;683.1;689.9;672.8;679.7;717619;0
TATNP;D;20200306;000000;674.9;676;645.9;650.1;959029;0
TATNP;D;20200310;000000;585.1;603;521.6;527;4144391;0
TATNP;D;20200311;000000;549.5;549.5;516.3;523.5;2197570;0
TATNP;D;20200312;000000;505;506.2;451;456;2780876;0
TATNP;D;20200313;000000;460;492.1;454.1;455.5;3403104;0
TATNP;D;20200316;000000;440;448.9;407.5;425.8;3135743;0
TATNP;D;20200317;000000;425.8;435.3;387.5;404.3;3219546;0
TATNP;D;20200318;000000;396;410;360.3;365.5;3912374;0
TATNP;D;20200319;000000;370;412;355;410.3;3964764;0
TATNP;D;20200320;000000;440.3;499.4;440.3;469.5;5326816;0
TATNP;D;20200323;000000;450.1;494.4;432;465.2;3340976;0
TATNP;D;20200324;000000;511.7;546.7;500.2;517.7;2535958;0
TATNP;D;20200325;000000;544;552.1;486;510.1;3639904;0
TATNP;D;20200326;000000;510;528.2;492.8;527;1540796;0
TATNP;D;20200327;000000;524.6;526;487.8;503;1738741;0
TATNP;D;20200330;000000;494;494.9;415.6;487;1506835;0
TATNP;D;20200331;000000;511.2;530.6;503.1;520.5;3455687;0
TATNP;D;20200401;000000;506;520.8;488.2;516;1956601;0
TATNP;D;20200402;000000;540;562;527;554;3502641;0
TATNP;D;20200403;000000;557;582.8;550.7;567.5;2557380;0
TATNP;D;20200406;000000;576.5;589;563;566.4;1468704;0
TATNP;D;20200407;000000;573.1;580;542.3;548.6;2314745;0
TATNP;D;20200408;000000;557.5;561.8;542.2;555.4;947964;0
TATNP;D;20200409;000000;564.3;578.7;558.1;572;1767375;0
TATNP;D;20200410;000000;567.9;569.8;555.6;567;522937;0
TATNP;D;20200413;000000;563;567;541.1;542.2;1098464;0
TATNP;D;20200414;000000;549;558.7;521;521.2;1367597;0
TATNP;D;20200415;000000;517.2;521;481.6;485;2018585;0
TATNP;D;20200416;000000;490;503.8;469.6;484;1832068;0
TATNP;D;20200417;000000;499;500;490.5;494;1440437;0
TATNP;D;20200420;000000;489.8;502.9;451.2;461;3427402;0
TATNP;D;20200421;000000;450;451;430.1;446;3698658;0
TATNP;D;20200422;000000;434.5;480.4;433;474;3706914;0
TATNP;D;20200423;000000;486;495;475.8;493;2064060;0
TATNP;D;20200424;000000;489.9;491.3;474.4;481;1498178;0
TATNP;D;20200427;000000;480;487;473.4;480.1;714326;0
TATNP;D;20200428;000000;477;497;475;487;1715262;0
TATNP;D;20200429;000000;488;521.4;486;520;2183043;0
TATNP;D;20200430;000000;524.8;541;504.4;514.1;2797628;0
TATNP;D;20200504;000000;508;513.8;494.6;507;1005931;0
TATNP;D;20200505;000000;517.1;523.4;508;515;1255158;0
TATNP;D;20200506;000000;515.2;517.6;504;507.7;973281;0
TATNP;D;20200507;000000;509.9;515.6;506;510.7;625322;0
TATNP;D;20200508;000000;513.7;521.2;508.6;519;634521;0
TATNP;D;20200512;000000;519;523.4;513.3;520.4;1026660;0
TATNP;D;20200513;000000;517.7;517.7;494.1;494.1;1437821;0
TATNP;D;20200514;000000;495;503;487.9;495.6;874105;0
TATNP;D;20200515;000000;502.1;510.5;496;496;908029;0
TATNP;D;20200518;000000;508.9;521.9;506.2;520;1091816;0
TATNP;D;20200519;000000;522;526.7;513.8;516.6;812143;0
TATNP;D;20200520;000000;519.5;530.3;511;529.1;1521231;0
TATNP;D;20200521;000000;533;537.5;508;511.2;1338893;0
TATNP;D;20200522;000000;504.9;517;501.6;510.9;746058;0
TATNP;D;20200525;000000;514.1;519.3;511.9;515.6;438652;0
TATNP;D;20200526;000000;520.8;534.9;520.1;528;1117406;0
TATNP;D;20200527;000000;528;536;515.5;519.1;1163651;0
TATNP;D;20200528;000000;525.3;531.5;519.4;529.7;701197;0
TATNP;D;20200529;000000;528.7;528.7;509;509;1542453;0
TATNP;D;20200601;000000;518.9;534.3;517.4;520.8;831550;0
TATNP;D;20200602;000000;527;528.7;521.6;526;844828;0
TATNP;D;20200603;000000;530;553.3;528;544.9;2343088;0
TATNP;D;20200604;000000;547;547;534.7;540;1762134;0
TATNP;D;20200605;000000;544.5;552.1;541.4;550.8;1388385;0
TATNP;D;20200608;000000;552.8;575.4;552.2;561.8;1581016;0
TATNP;D;20200609;000000;562;575;553.4;575;1043656;0
TATNP;D;20200610;000000;570;579.6;566.8;579;954995;0
TATNP;D;20200611;000000;570.2;572.3;555.7;566.3;912156;0
TATNP;D;20200615;000000;552.6;566.6;541.4;563.6;779866;0
TATNP;D;20200616;000000;568.5;575.1;556.4;560.5;842240;0
TATNP;D;20200617;000000;560.6;570;551;551;686586;0
TATNP;D;20200618;000000;550.8;561.3;541.5;557.7;748734;0
TATNP;D;20200619;000000;567.5;570.6;556.6;563.7;1011478;0
TATNP;D;20200622;000000;562.7;569.8;545.7;567.3;741151;0
TATNP;D;20200623;000000;568;570.5;561.1;562.4;542168;0
TATNP;D;20200625;000000;554.9;560.1;550.2;559.7;530749;0
TATNP;D;20200626;000000;557.6;560.4;547.2;548;432643;0
TATNP;D;20200629;000000;549.9;551.1;541;549.7;325176;0
TATNP;D;20200630;000000;550;551.3;538.4;539.9;591426;0
TATNP;D;20200702;000000;545.1;551;542.1;550;358181;0
TATNP;D;20200703;000000;550.4;558.9;546.5;555;413015;0
TATNP;D;20200706;000000;558.9;563.8;548;551.5;801361;0
TATNP;D;20200707;000000;546.8;555;542.6;550.5;292669;0
TATNP;D;20200708;000000;553.5;553.5;542.5;546.5;458021;0
TATNP;D;20200709;000000;548.8;548.8;533.1;538;638016;0
TATNP;D;20200710;000000;533;540;527.5;538.7;644793;0
TATNP;D;20200713;000000;539.9;544;522.2;523.6;662457;0
TATNP;D;20200714;000000;523.5;525.2;510.5;524.1;798712;0
TATNP;D;20200715;000000;528;534.5;525.4;532.9;432144;0
TATNP;D;20200716;000000;529;533.7;527.5;528.8;375836;0
TATNP;D;20200717;000000;531.9;531.9;523.4;529.3;308993;0
TATNP;D;20200720;000000;528.9;539;522.8;537.9;412778;0
TATNP;D;20200721;000000;538;544;536.7;539.5;547811;0
TATNP;D;20200722;000000;540.9;541.7;534;540.7;421330;0
TATNP;D;20200723;000000;544;544.7;528.8;537;354195;0
TATNP;D;20200724;000000;537.9;540.9;530;538;271545;0
TATNP;D;20200727;000000;538;541.2;536.6;538.4;274323;0
TATNP;D;20200728;000000;539.2;540.8;536;536.9;187154;0
TATNP;D;20200729;000000;536.5;542.1;536.4;542;354275;0
TATNP;D;20200730;000000;539;542.2;535;538.8;351313;0
TATNP;D;20200731;000000;539.5;541.1;533.8;537.5;292158;0
TATNP;D;20200803;000000;537.2;537.2;526;529.3;641516;0
TATNP;D;20200804;000000;529.8;531;522.5;528.3;502282;0
TATNP;D;20200805;000000;530.2;541.2;527.6;537.7;658450;0
TATNP;D;20200806;000000;538;541.2;534;540;396141;0
TATNP;D;20200807;000000;538.8;540;535.4;538;209260;0
TATNP;D;20200810;000000;538;543.6;537.5;543.2;297858;0
TATNP;D;20200811;000000;543.4;572.7;543.2;564.8;1218370;0
TATNP;D;20200812;000000;573;589.2;562.5;584.2;1035123;0
TATNP;D;20200813;000000;580.2;589.6;576.1;580;660814;0
TATNP;D;20200814;000000;581.9;584.4;573.7;583.3;364061;0
TATNP;D;20200817;000000;586.9;588.3;574.9;578.4;729411;0
TATNP;D;20200818;000000;574.2;585;572.1;573.6;506434;0
TATNP;D;20200819;000000;576.5;576.5;566.8;571.3;328427;0
TATNP;D;20200820;000000;570;572.3;548.6;557.6;670275;0
TATNP;D;20200821;000000;558.1;561.2;541;548;556669;0
TATNP;D;20200824;000000;551;556.8;544.7;548;732600;0
TATNP;D;20200825;000000;548.5;553;543;548;403049;0
TATNP;D;20200826;000000;548;551;542.6;549.5;531272;0
TATNP;D;20200827;000000;551;551.9;540.2;543.5;278355;0
TATNP;D;20200828;000000;544.5;544.9;538.1;541.7;422067;0
TATNP;D;20200831;000000;541.8;544.5;527.2;532.7;1223502;0
TATNP;D;20200901;000000;532.1;535.4;525.6;531.2;579782;0
TATNP;D;20200902;000000;530.8;539.2;527.3;529.1;690936;0
TATNP;D;20200903;000000;530.3;531.1;512.4;516.2;851129;0
TATNP;D;20200904;000000;514.5;526.1;512.2;524.1;610253;0
TATNP;D;20200907;000000;520.2;524.2;517.3;521;377002;0
TATNP;D;20200908;000000;521.4;521.4;508;514.7;575925;0
TATNP;D;20200909;000000;511.8;521.1;510.4;517;449617;0
TATNP;D;20200910;000000;520;523.4;512;520;759405;0
TATNP;D;20200911;000000;521.9;527.9;519.7;523.8;614204;0
TATNP;D;20200914;000000;527.4;533.9;524.7;529.6;431992;0
TATNP;D;20200915;000000;528;539.4;527.2;539.1;643761;0
TATNP;D;20200916;000000;539.9;544;492.2;515.5;4324218;0
TATNP;D;20200917;000000;509.3;513;498.1;503.8;2122383;0
TATNP;D;20200918;000000;504;507.4;495;498.1;1361283;0
TATNP;D;20200921;000000;496.3;497.2;467.4;474.4;2403214;0
TATNP;D;20200922;000000;470.4;475.9;457.8;466.9;2063548;0
TATNP;D;20200923;000000;465;466.3;451.2;452.3;1651977;0
TATNP;D;20200924;000000;453;454.5;440;451.1;2618736;0
TATNP;D;20200925;000000;454.5;454.5;436.2;447.9;1392954;0
TATNP;D;20200928;000000;447.9;456.8;440;453.5;2408281;0
TATNP;D;20200929;000000;454.1;457;442.4;445.8;1432916;0
TATNP;D;20200930;000000;445.6;448.4;442.5;443.6;1319004;0
TATNP;D;20201001;000000;446;446.6;437;438.5;1287180;0
TATNP;D;20201002;000000;436;436.7;432.1;434.5;1022243;0
TATNP;D;20201005;000000;438.7;457.9;436.3;457.3;1306630;0
TATNP;D;20201006;000000;456.8;468.8;453.5;456.9;1819839;0
TATNP;D;20201007;000000;462.6;462.9;449;456.2;1467788;0
TATNP;D;20201008;000000;456.6;460;450.8;454;890317;0
TATNP;D;20201009;000000;445;449.9;438.8;443.3;912137;0
TATNP;D;20201012;000000;442.6;444;437.1;438;791872;0
TATNP;D;20201013;000000;438.5;439.1;430.1;430.4;1036381;0
TATNP;D;20201014;000000;432.6;433.9;423.7;428.5;1510379;0
TATNP;D;20201015;000000;427.6;428.4;415.6;417.8;1965024;0
TATNP;D;20201016;000000;418.4;418.7;408;408.8;2208042;0
TATNP;D;20201019;000000;410.1;412.8;400;400.2;1136422;0
TATNP;D;20201020;000000;401;404;390.1;402.6;3441161;0
TATNP;D;20201021;000000;402.6;410.5;398.6;400.8;1911296;0
TATNP;D;20201022;000000;399.7;405.7;395.6;405.3;1767608;0
TATNP;D;20201023;000000;405.2;419.6;403;417.2;1598328;0
TATNP;D;20201026;000000;411.1;416.6;407.4;410.2;988119;0
TATNP;D;20201027;000000;412.8;412.9;401.7;404.3;1026922;0
TATNP;D;20201028;000000;401.2;403.7;385.3;388.1;2275720;0
TATNP;D;20201029;000000;391;394.9;383.4;393.4;1206985;0
TATNP;D;20201030;000000;391.9;402;384.2;397.6;1352059;0
TATNP;D;20201102;000000;395;405;390.6;404.8;839213;0
TATNP;D;20201103;000000;404.3;414.8;403.5;413.6;1265859;0
TATNP;D;20201105;000000;421;433.7;414.4;428.2;2432610;0
TATNP;D;20201106;000000;428;431.9;423;428.8;1545934;0
TATNP;D;20201109;000000;432.4;463.6;429;453;4142375;0
TATNP;D;20201110;000000;453;477;446.1;470.4;3590306;0
TATNP;D;20201111;000000;475;494.1;474;476.2;3658693;0
TATNP;D;20201112;000000;483.3;493.9;467.6;473.9;2503036;0
TATNP;D;20201113;000000;471.9;480;466.8;479.4;1142187;0
TATNP;D;20201116;000000;485.3;488.9;479;485.2;1483974;0
TATNP;D;20201117;000000;485;485.6;469.5;477.6;1119544;0
TATNP;D;20201118;000000;477;487.9;473.6;481.2;801236;0
TATNP;D;20201119;000000;481.8;483.8;477.8;479.6;589147;0
TATNP;D;20201120;000000;478.4;483.9;475.8;482.9;481712;0
TATNP;D;20201123;000000;484.5;495.5;477.3;485.5;1737723;0
TATNP;D;20201124;000000;488.8;492.7;481.3;492.1;1011885;0
TATNP;D;20201125;000000;492.7;503.8;488.6;502.8;1750548;0
TATNP;D;20201126;000000;503;506.9;493;494.1;1260806;0
TATNP;D;20201127;000000;494.9;497.2;466.8;481.2;2839248;0
TATNP;D;20201130;000000;471.1;477.5;462.4;469;1923472;0
TATNP;D;20201201;000000;470;474.5;468.4;472;1090705;0
TATNP;D;20201202;000000;472;483.8;467.8;482.7;925666;0
TATNP;D;20201203;000000;481;482.7;470.3;474;856733;0
TATNP;D;20201204;000000;478.9;486.9;476.8;481.4;1261605;0
TATNP;D;20201207;000000;480.1;482.1;472.5;474.5;874494;0
TATNP;D;20201208;000000;474;475.3;463;468.9;1252485;0
TATNP;D;20201209;000000;468;475.3;464;466;922519;0
TATNP;D;20201210;000000;466.3;478.5;464.2;475.4;1200914;0
TATNP;D;20201211;000000;475.1;482.7;474.3;479;1283887;0
TATNP;D;20201214;000000;483;489.8;480.5;483.9;1746247;0
TATNP;D;20201215;000000;483.3;486.9;478;485.5;671970;0
TATNP;D;20201216;000000;483;486.1;472.1;478;761090;0
TATNP;D;20201217;000000;479.9;484.5;478.1;479.4;773099;0
TATNP;D;20201218;000000;478.9;479.2;472.3;473.4;489269;0
TATNP;D;20201221;000000;469.6;469.7;451.9;464.1;1617110;0
TATNP;D;20201222;000000;458.4;469.1;458.4;464.6;696214;0
TATNP;D;20201223;000000;462.4;470.6;462.3;468.2;457962;0
TATNP;D;20201224;000000;467.7;470.8;467;468;369399;0
TATNP;D;20201225;000000;468.6;469.5;466.6;468.5;243282;0
TATNP;D;20201228;000000;469.8;471;467;468.5;786668;0
TATNP;D;20201229;000000;467.9;472.8;467.9;470.5;503483;0
TATNP;D;20201230;000000;472.3;478.3;470.5;475.7;729206;0
TATNP;D;20210104;000000;480;484;472.3;476.5;990697;0
TATNP;D;20210105;000000;477.3;485.6;474.1;485.6;737938;0
TATNP;D;20210106;000000;486.1;489;478.9;482.5;1298649;0
TATNP;D;20210108;000000;485.9;492.4;485.7;491.3;2670225;0
TATNP;D;20210111;000000;488;496.3;483.5;489;2020021;0
TATNP;D;20210112;000000;489.6;496.9;489.1;494.7;1194655;0
TATNP;D;20210113;000000;498.9;508.6;497.7;503.5;2048691;0
TATNP;D;20210114;000000;505.7;513.4;500;513.4;1192453;0
TATNP;D;20210115;000000;511;514.6;497.8;500.3;1900194;0
TATNP;D;20210118;000000;498.8;498.8;490.4;496.4;878197;0
TATNP;D;20210119;000000;498.5;502.9;491.2;494.7;659817;0
TATNP;D;20210120;000000;495.1;499.3;493.5;495;451344;0
TATNP;D;20210121;000000;494.1;496.4;480.7;481.7;996151;0
TATNP;D;20210122;000000;480.1;480.1;467.5;470.6;1460112;0
TATNP;D;20210125;000000;473.9;476.2;470.6;473.8;1045036;0
TATNP;D;20210126;000000;473;473.2;469.1;471.6;900153;0
TATNP;D;20210127;000000;473;476.3;467;469;1166898;0
TATNP;D;20210128;000000;468.8;469.7;461.7;468.6;1260993;0
TATNP;D;20210129;000000;467.4;467.4;456.2;457;1163564;0
TATNP;D;20210201;000000;461.1;461.4;453.4;461.3;935969;0
TATNP;D;20210202;000000;461.8;469.1;459.4;463.5;1457053;0
TATNP;D;20210203;000000;465;472.5;461.3;469.3;994015;0
TATNP;D;20210204;000000;470;470.4;464.5;469.7;942723;0
TATNP;D;20210205;000000;471;481;470.4;480;2377071;0
TATNP;D;20210208;000000;480.8;496.2;480.8;496;1703391;0
TATNP;D;20210209;000000;499;503.2;486.1;493;1807241;0
TATNP;D;20210210;000000;495;495;483.4;485.8;792549;0
TATNP;D;20210211;000000;486;487.8;480.1;480.5;557186;0
TATNP;D;20210212;000000;482.4;489.8;469.5;489.3;1273037;0
TATNP;D;20210215;000000;496.2;499.6;490.1;497.6;922793;0
TATNP;D;20210216;000000;499;499.6;493.5;497;911402;0
TATNP;D;20210217;000000;497;502;486.1;496.6;1083328;0
TATNP;D;20210218;000000;497.5;497.8;480.9;481.9;896587;0
TATNP;D;20210219;000000;480.2;495.8;476;491.1;1018441;0
TATNP;D;20210220;000000;493.9;494.4;489.3;492.9;211839;0
TATNP;D;20210222;000000;493.5;494.9;486.4;492.3;573613;0
TATNP;D;20210224;000000;489.5;505;487.3;500.9;1387640;0
TATNP;D;20210225;000000;503.2;511.8;500;500.1;1580450;0
TATNP;D;20210226;000000;498.3;501.9;488.3;491.8;1236487;0
TATNP;D;20210301;000000;498;498.5;491.6;494.7;615674;0
TATNP;D;20210302;000000;491;502;491;498;728037;0
TATNP;D;20210303;000000;501;508.8;500;501.9;1041881;0
TATNP;D;20210304;000000;503;512;496;500.4;1436715;0
TATNP;D;20210305;000000;504.6;526.7;501.6;525.3;2581203;0
TATNP;D;20210309;000000;522.9;560.9;521;555.8;3041968;0
TATNP;D;20210310;000000;553.3;565;540;556.9;2015597;0
TATNP;D;20210311;000000;560;567.2;556.5;566.6;1363108;0
TATNP;D;20210312;000000;566.6;574.7;562.1;570.4;1015260;0
TATNP;D;20210315;000000;572;584.6;571.6;579;1312130;0
TATNP;D;20210316;000000;578.7;578.7;561.1;567.1;1144990;0
TATNP;D;20210317;000000;568.5;571.9;554.2;565.6;994538;0
TATNP;D;20210318;000000;563;569.1;538;543.3;1244673;0
TATNP;D;20210319;000000;544;561.1;536.2;557.6;1734107;0
TATNP;D;20210322;000000;557;561.9;551.6;559.6;795261;0
TATNP;D;20210323;000000;559;561.3;546.5;548.2;1093634;0
TATNP;D;20210324;000000;554;569;551.7;564.6;1252757;0
TATNP;D;20210325;000000;561.2;567.5;549;557.4;812873;0
TATNP;D;20210326;000000;560;567.9;560;566.8;502424;0
TATNP;D;20210329;000000;564.6;567.5;559;562.8;629933;0
TATNP;D;20210330;000000;562.8;566.1;556.2;560.5;439576;0
TATNP;D;20210331;000000;564.8;564.8;555.3;558.3;362367;0
TATNP;D;20210401;000000;559.2;575.6;558.2;569.2;977973;0
TATNP;D;20210402;000000;569.2;574.1;566.2;569.1;490617;0
TATNP;D;20210405;000000;570.6;570.6;558.1;561.6;329080;0
TATNP;D;20210406;000000;561;563.6;548.7;550.4;660696;0
TATNP;D;20210407;000000;550;554.6;541.5;552.3;711749;0
TATNP;D;20210408;000000;552;554.4;544.1;548.1;428012;0
TATNP;D;20210409;000000;545.8;546.7;527.1;534.4;1040305;0
TATNP;D;20210412;000000;534;538.8;520;535.2;1608456;0
TATNP;D;20210413;000000;535;538.7;528;537.4;704450;0
TATNP;D;20210414;000000;539;553.6;533.8;548.7;1055070;0
TATNP;D;20210415;000000;544.3;552;539;551.4;735584;0
TATNP;D;20210416;000000;552.3;556.5;544.4;550.5;614196;0
TATNP;D;20210419;000000;550.6;550.6;541;543.9;349843;0
TATNP;D;20210420;000000;547;550;529.6;536.7;814504;0
TATNP;D;20210421;000000;537.8;540.8;529.2;537.1;562200;0
TATNP;D;20210422;000000;535.2;536.4;526.4;529.6;1336945;0
TATNP;D;20210423;000000;530.8;534.8;528.5;531.2;440836;0
TATNP;D;20210426;000000;531;533.7;524.7;530;910500;0
TATNP;D;20210427;000000;530;533.1;526.1;530.6;898478;0
TATNP;D;20210428;000000;529;529;486.5;496.6;4595309;0
TATNP;D;20210429;000000;496.8;498.5;456.8;461.1;12171364;0
TATNP;D;20210430;000000;461;469.7;458;469.1;2043116;0
TATNP;D;20210504;000000;470;481.8;469.3;478.3;1633649;0
TATNP;D;20210505;000000;478.4;480.3;474.1;477.4;1114226;0
TATNP;D;20210506;000000;478.4;482.7;476.5;482.1;1367814;0
TATNP;D;20210507;000000;482.6;483.4;476;480.8;1203283;0
TATNP;D;20210510;000000;480.8;487;477.7;482.7;647155;0
TATNP;D;20210511;000000;482;482.8;474.6;481.8;783145;0
TATNP;D;20210512;000000;481.8;484.1;478.3;478.6;531984;0
TATNP;D;20210513;000000;481.4;481.4;471.6;475;1063882;0
TATNP;D;20210514;000000;475.9;475.9;465.7;472.3;1002928;0
TATNP;D;20210517;000000;473;476.5;467.9;476;510178;0
TATNP;D;20210518;000000;476.4;481;474;475.4;967995;0
TATNP;D;20210519;000000;475.8;477.3;462.6;467.9;1323153;0
TATNP;D;20210520;000000;468.4;468.9;456.6;460.4;1553229;0
TATNP;D;20210521;000000;460.6;468.3;456.1;465.6;1142411;0
TATNP;D;20210524;000000;466.2;471.7;465.7;469.4;571858;0
TATNP;D;20210525;000000;470;470.7;462.5;466.4;678551;0
TATNP;D;20210526;000000;467.3;470.3;464.3;467.8;511949;0
TATNP;D;20210527;000000;467.7;467.7;461.5;466.3;711310;0
TATNP;D;20210528;000000;466.5;471;466.2;468.7;685846;0
TATNP;D;20210531;000000;469;478.6;468.9;477.5;1322537;0
TATNP;D;20210601;000000;479.8;485.7;478;484.6;1218747;0
TATNP;D;20210602;000000;485.2;496.4;484.1;496.2;1685241;0
TATNP;D;20210603;000000;497.4;499.6;489.8;495;1705877;0
TATNP;D;20210604;000000;497;497.4;491.3;495;701277;0
TATNP;D;20210607;000000;494.9;498;491.7;495.5;987004;0
TATNP;D;20210608;000000;496;497;492.7;496.2;580721;0
TATNP;D;20210609;000000;496.5;500.9;495.3;499.1;1048277;0
TATNP;D;20210610;000000;497.8;504.3;496.7;500.7;1036202;0
TATNP;D;20210611;000000;502;505.8;496;500.1;778360;0
TATNP;D;20210614;000000;501;509.4;499.5;508.1;707132;0
TATNP;D;20210615;000000;509.7;515.4;508.1;513;1187467;0
TATNP;D;20210616;000000;514.2;520.4;512.2;515.4;1100961;0
TATNP;D;20210617;000000;512.6;520.5;503.2;509.5;1702531;0
TATNP;D;20210618;000000;509.5;512.7;498.2;504;1748484;0
TATNP;D;20210621;000000;503.5;511.5;496.5;511;890885;0
TATNP;D;20210622;000000;512;514.9;507;511.6;561712;0
TATNP;D;20210623;000000;516;517.1;510.2;511.7;645876;0
TATNP;D;20210624;000000;512.4;512.5;504.1;506.1;496449;0
TATNP;D;20210625;000000;506.1;511.7;504.7;507.8;751548;0
TATNP;D;20210628;000000;508.5;511.7;501;502.1;600207;0
TATNP;D;20210629;000000;500;503.7;487.3;495.9;1013525;0
TATNP;D;20210630;000000;496.8;504.2;488.6;502;805337;0
TATNP;D;20210701;000000;502;510;499.1;505.7;1197236;0
TATNP;D;20210702;000000;505;508.6;503.1;506.7;493115;0
TATNP;D;20210705;000000;507;511.4;504.7;508.5;644937;0
TATNP;D;20210706;000000;509.4;512.8;505;505.7;1543580;0
TATNP;D;20210707;000000;506;511.9;501.7;503.9;1113879;0
TATNP;D;20210708;000000;493.9;493.9;482.6;489.1;1214171;0
TATNP;D;20210709;000000;489.7;490.9;483.1;486.4;503419;0
TATNP;D;20210712;000000;487.8;488.7;482.4;484.7;500390;0
TATNP;D;20210713;000000;484.7;487.1;483.4;486.2;312822;0
TATNP;D;20210714;000000;486.2;486.9;481.1;481.7;555037;0
TATNP;D;20210715;000000;481.4;482.3;462.2;465.4;1831984;0
TATNP;D;20210716;000000;464.3;474.3;460.9;465.5;1982427;0
TATNP;D;20210719;000000;465;465.6;450;454.3;2068359;0
TATNP;D;20210720;000000;455;457.6;445.5;454.6;1299033;0
TATNP;D;20210721;000000;453;461.4;449.7;460.2;1810435;0
TATNP;D;20210722;000000;461.4;461.4;454.6;459;924434;0
TATNP;D;20210723;000000;459;462.5;455.1;457;786774;0
TATNP;D;20210726;000000;455;458.8;446.5;458;868909;0
TATNP;D;20210727;000000;458;458.4;452.2;453.3;1129282;0
TATNP;D;20210728;000000;454;461;453.8;460.9;989636;0
TATNP;D;20210729;000000;463.7;465.6;460;464.8;718152;0
TATNP;D;20210730;000000;462.8;463.3;453;456.1;1307991;0
TATNP;D;20210802;000000;458;463.2;456.8;460.7;876574;0
TATNP;D;20210803;000000;461.7;463.7;454.1;459.6;882198;0
TATNP;D;20210804;000000;459.6;460.7;456;457.3;644490;0
TATNP;D;20210805;000000;457;465.1;453.7;465;997811;0
TATNP;D;20210806;000000;466;468;458.7;461.1;585553;0
TATNP;D;20210809;000000;459.6;460.9;455;460;610549;0
TATNP;D;20210810;000000;461.3;465.6;458.5;465.4;556477;0
TATNP;D;20210811;000000;468;468;459.6;463.9;708774;0
TATNP;D;20210812;000000;463.9;466.5;463.2;465.5;551955;0
TATNP;D;20210813;000000;466.3;466.9;463.8;465.9;397884;0
TATNP;D;20210816;000000;464;465;461.4;464.6;458554;0
TATNP;D;20210817;000000;463.3;470.5;462.5;469;617940;0
TATNP;D;20210818;000000;470.3;471.4;463.5;464;434969;0
TATNP;D;20210819;000000;462.5;464;455.5;459.3;980911;0
TATNP;D;20210820;000000;458.7;460.3;456.3;458.9;775259;0
TATNP;D;20210823;000000;461;471.3;461;470.9;1118178;0
TATNP;D;20210824;000000;472.5;478.5;469.7;477.6;2120221;0
TATNP;D;20210825;000000;477.5;482.8;475.6;482.5;1229116;0
TATNP;D;20210826;000000;470.5;472.6;458.4;460.8;2540755;0
TATNP;D;20210827;000000;462.6;462.7;454.5;458.7;1499447;0
TATNP;D;20210830;000000;459.4;462.9;458.5;459.9;864066;0
TATNP;D;20210831;000000;460;462.1;456.5;457.3;995564;0
TATNP;D;20210901;000000;457.5;463;453.9;461.5;1329772;0
TATNP;D;20210902;000000;461.8;461.9;457.3;458.6;833828;0
TATNP;D;20210903;000000;461.1;461.1;457.5;458.6;518380;0
TATNP;D;20210906;000000;458.6;459.5;454.4;456.5;775282;0
TATNP;D;20210907;000000;456.5;457;448;450;1752286;0
TATNP;D;20210908;000000;450;452.3;443.3;450.5;1893015;0
TATNP;D;20210909;000000;450.5;452.7;446.2;449;980712;0
TATNP;D;20210910;000000;450.2;452.1;445.3;446.9;1181887;0
TATNP;D;20210913;000000;448.2;454.8;447.3;454.7;1925377;0
TATNP;D;20210914;000000;454.5;467.6;454.5;462.8;2530384;0
TATNP;D;20210915;000000;464;475;462.7;473.9;1920571;0
TATNP;D;20210916;000000;473;477;467.9;470.5;1602642;0
TATNP;D;20210917;000000;470.5;471.4;463.6;468.5;1202540;0
TATNP;D;20210920;000000;465;465.9;454.4;456.5;1062989;0
TATNP;D;20210921;000000;458.6;464.3;457.5;460.3;1013771;0
TATNP;D;20210922;000000;463.5;472;463;470;1072258;0
TATNP;D;20210923;000000;471.2;473.2;466.2;472;993316;0
TATNP;D;20210924;000000;472;472;465.3;467.9;735912;0
TATNP;D;20210927;000000;472.8;488.7;470;487.8;2905697;0
TATNP;D;20210928;000000;490.4;496.4;481;481.4;3367515;0
TATNP;D;20210929;000000;480;485.8;475.2;480.8;1731689;0
TATNP;D;20210930;000000;481.5;485;479.1;484;915233;0
TATNP;D;20211001;000000;482.6;490;479.8;489.9;1001006;0
TATNP;D;20211004;000000;490.1;498.2;487.8;494.8;1433255;0
TATNP;D;20211005;000000;497;530;495.9;528.9;4402810;0
TATNP;D;20211006;000000;530.6;537.4;508.6;519.9;3201760;0
TATNP;D;20211007;000000;519.7;524.8;506.8;522.9;1975385;0
TATNP;D;20211008;000000;527.6;529.3;522.9;525.5;2356961;0
TATNP;D;20211011;000000;513;522.6;512.1;518;1892817;0
TATNP;D;20211012;000000;517.6;531.2;515.1;526.1;1582673;0
TATNP;D;20211013;000000;526.3;530.4;509.2;519.6;1441454;0
TATNP;D;20211014;000000;521.2;524.4;515.8;518.2;741472;0
TATNP;D;20211015;000000;519.8;527.5;515.2;524.6;920625;0
TATNP;D;20211018;000000;525.9;528;521.2;523;496429;0
TATNP;D;20211019;000000;525;525.7;519.2;525.7;1022713;0
TATNP;D;20211020;000000;524.6;533.6;522.5;532;1161453;0
TATNP;D;20211021;000000;529.8;531.6;512.7;516;916531;0
TATNP;D;20211022;000000;514.6;522.9;513.1;515.9;490317;0
TATNP;D;20211025;000000;517;526.5;514.6;523.5;1007521;0
TATNP;D;20211026;000000;523.2;525.6;517;517.5;549700;0
TATNP;D;20211027;000000;517;518;501.2;502.7;982072;0
TATNP;D;20211028;000000;499.2;504.3;483.1;503.4;1694455;0
TATNP;D;20211029;000000;502.9;502.9;485.1;489.3;1729752;0
TATNP;D;20211101;000000;489.7;503.2;486.8;500.1;868102;0
TATNP;D;20211102;000000;501;508.4;489;494.5;894393;0
TATNP;D;20211103;000000;490;492.7;481.5;487.7;840207;0
TATNP;D;20211105;000000;485.7;492.7;481.9;489.5;1058567;0
TATNP;D;20211108;000000;495.5;500.4;491.1;497.2;932500;0
TATNP;D;20211109;000000;497.2;501.7;486.9;492.5;677620;0
TATNP;D;20211110;000000;492.8;499.4;485.3;487;859149;0
TATNP;D;20211111;000000;488.3;494.7;487;490.5;992446;0
TATNP;D;20211112;000000;491;491;479;482.9;1272053;0
TATNP;D;20211115;000000;482;486.4;477;480;961258;0
TATNP;D;20211116;000000;482.6;486.2;479.9;483.1;904526;0
TATNP;D;20211117;000000;483.1;484.5;474.1;476.9;1005516;0
TATNP;D;20211118;000000;475.1;475.6;463.5;467.1;1876737;0
TATNP;D;20211119;000000;471;471;451.5;455.3;1567730;0
TATNP;D;20211122;000000;455.3;460.7;443.7;449.8;2412232;0
TATNP;D;20211123;000000;452.2;456.7;443.9;454.7;2149983;0
TATNP;D;20211124;000000;459;459;447.9;456.4;1621254;0
TATNP;D;20211125;000000;457.8;459.8;449.1;451.4;1348179;0
TATNP;D;20211126;000000;442;444.1;428.1;428.5;2582131;0
TATNP;D;20211129;000000;434;444.8;434;438.4;1201349;0
TATNP;D;20211130;000000;434.9;442.9;428.7;439.3;1392639;0
TATNP;D;20211201;000000;441.1;451.6;437;440;1731248;0
TATNP;D;20211202;000000;441.1;461;441.1;460.9;2565276;0
TATNP;D;20211203;000000;458.9;460.6;441.4;447.4;2873293;0
TATNP;D;20211206;000000;448;453.8;436;445;894632;0
TATNP;D;20211207;000000;446.3;453.6;443.2;450.8;1536334;0
TATNP;D;20211208;000000;450.7;454.4;442.2;447.1;1100562;0
TATNP;D;20211209;000000;448.9;451.7;443.2;446.9;793386;0
TATNP;D;20211210;000000;447.4;447.4;436.5;440;682671;0
TATNP;D;20211213;000000;444.9;451;416.9;418.3;1626620;0
TATNP;D;20211214;000000;418;427;393.3;426.6;1441598;0
TATNP;D;20211215;000000;426.8;439.5;422.4;438.9;906685;0
TATNP;D;20211216;000000;439.2;446.4;435.1;443.2;1696193;0
TATNP;D;20211217;000000;445.8;449.2;440;449;1141729;0
TATNP;D;20211220;000000;440.5;448.2;437;444.8;1392485;0
TATNP;D;20211221;000000;447.8;450.5;441.6;446.6;857832;0
TATNP;D;20211222;000000;446;454.1;444.2;450.4;1041601;0
TATNP;D;20211223;000000;450.3;453.9;443.1;445.5;624234;0
TATNP;D;20211224;000000;445.3;446.8;437.9;446.1;550292;0
TATNP;D;20211227;000000;446;452;445.1;451.9;617700;0
TATNP;D;20211228;000000;451.4;459.7;450.9;455.7;1082884;0
TATNP;D;20211229;000000;456.1;459.4;451.9;456.4;535477;0
TATNP;D;20211230;000000;459.6;463;454.8;462.8;801160;0
TATNP;D;20220103;000000;462.8;472.5;462;472.1;1095427;0
TATNP;D;20220104;000000;472.1;474.4;470.1;473.8;644373;0
TATNP;D;20220105;000000;473.8;475.1;452.3;453;1556375;0
TATNP;D;20220106;000000;447.8;459.8;442.5;459;1606970;0
TATNP;D;20220107;000000;0;0;0;0;0;0
TATNP;D;20220110;000000;457.8;465.7;456.1;460;1476203;0
TATNP;D;20220111;000000;461.5;468;456.6;466.4;966287;0
TATNP;D;20220112;000000;467.5;470.6;462.5;469.1;1513299;0
TATNP;D;20220113;000000;467.4;472.3;448.8;453.9;1166482;0
TATNP;D;20220114;000000;453.9;459.4;439.1;452.7;1592358;0
TATNP;D;20220117;000000;452.7;459.8;445.2;451.9;1132662;0
TATNP;D;20220118;000000;451.9;455;425.5;433.8;1637787;0
TATNP;D;20220119;000000;432.4;456.8;419.1;449;2139181;0
TATNP;D;20220120;000000;449.6;458.1;438.1;439.1;1392413;0
TATNP;D;20220121;000000;437.9;443.2;431.5;433.9;1775095;0
TATNP;D;20220124;000000;436;439.2;394.5;414.7;3304360;0
TATNP;D;20220125;000000;414.8;421.8;402;418.8;3100285;0
TATNP;D;20220126;000000;419.9;427;412;414;2417256;0
TATNP;D;20220127;000000;413.5;440.3;410.3;431.9;1634237;0
TATNP;D;20220128;000000;430.8;449.7;430.8;447.8;1985343;0
TATNP;D;20220131;000000;447.8;456.2;447.1;453.5;1735682;0
TATNP;D;20220201;000000;452.2;454.3;441.8;445;1058363;0
TATNP;D;20220202;000000;444.8;448.5;438.6;442.5;1104291;0
TATNP;D;20220203;000000;441.2;442.4;433.4;437.6;598340;0
TATNP;D;20220204;000000;441;450;436.6;445;1362090;0
TATNP;D;20220207;000000;445;449.1;436.7;442.8;511305;0
TATNP;D;20220208;000000;441.4;449.4;440.4;448.1;666835;0
TATNP;D;20220209;000000;449.8;458.5;448;456.4;1009735;0
TATNP;D;20220210;000000;457.3;457.5;448.5;449.5;709567;0
TATNP;D;20220211;000000;450.1;450.6;430;432.8;1063036;0
TATNP;D;20220214;000000;432.8;442.5;427.5;433.9;1374554;0
TATNP;D;20220215;000000;435;451;434;450.7;1064496;0
TATNP;D;20220216;000000;450.7;458.9;448.5;455.1;1083330;0
TATNP;D;20220217;000000;454.7;454.7;440.6;441.5;1421898;0
TATNP;D;20220218;000000;442.9;452.4;431.2;433.3;2030602;0
TATNP;D;20220221;000000;432.9;442.8;370.9;372.9;3371663;0
TATNP;D;20220222;000000;370.2;402.2;338;399.6;4295712;0
TATNP;D;20220223;000000;0;0;0;0;0;0
TATNP;D;20220224;000000;360.9;369.8;203;273.6;3119229;0
TATNP;D;20220225;000000;260.7;340;260.7;313.1;1443056;0
TATNP;D;20220228;000000;0;0;0;0;0;0
TATNP;D;20220301;000000;0;0;0;0;0;0
TATNP;D;20220302;000000;0;0;0;0;0;0
TATNP;D;20220303;000000;0;0;0;0;0;0
TATNP;D;20220304;000000;0;0;0;0;0;0
TATNP;D;20220309;000000;0;0;0;0;0;0
TATNP;D;20220310;000000;0;0;0;0;0;0
TATNP;D;20220311;000000;0;0;0;0;0;0
TATNP;D;20220314;000000;0;0;0;0;0;0
TATNP;D;20220315;000000;0;0;0;0;0;0
TATNP;D;20220316;000000;0;0;0;0;0;0
TATNP;D;20220317;000000;0;0;0;0;0;0
TATNP;D;20220318;000000;0;0;0;0;0;0
TATNP;D;20220321;000000;0;0;0;0;0;0
TATNP;D;20220322;000000;0;0;0;0;0;0
TATNP;D;20220323;000000;0;0;0;0;0;0
TATNP;D;20220324;000000;313;369.9;300.4;329;1767605;0
TATNP;D;20220325;000000;349;349;315;318.5;605574;0
TATNP;D;20220328;000000;326;327;303;318;569398;0
TATNP;D;20220329;000000;321.8;344;313;336.7;1188152;0
TATNP;D;20220330;000000;336.9;356.4;330.1;351.8;894241;0
TATNP;D;20220331;000000;352;365.5;351.8;356.3;991269;0
TATNP;D;20220401;000000;356;379.7;355.6;368.1;921728;0
TATNP;D;20220404;000000;368;374;353.7;363.8;341489;0
TATNP;D;20220405;000000;368.8;368.9;340;353.9;273206;0
TATNP;D;20220406;000000;352;355.6;335.8;347;201633;0
TATNP;D;20220407;000000;349;350.2;340;342;317310;0
TATNP;D;20220408;000000;343;346.5;336;339.2;232662;0
TATNP;D;20220411;000000;339.2;346.7;338.1;340.2;167301;0
TATNP;D;20220412;000000;340.2;343.5;335.6;342.5;264974;0
TATNP;D;20220413;000000;344;346.4;342.1;343.1;92383;0
TATNP;D;20220414;000000;343.2;346.5;329;332.1;290705;0
TATNP;D;20220415;000000;333.6;333.6;316.5;327.9;223060;0
TATNP;D;20220418;000000;331.9;331.9;317.3;319.2;106028;0
TATNP;D;20220419;000000;320.5;320.5;297.6;308.1;570028;0
TATNP;D;20220420;000000;308.1;325;301.2;315.1;276896;0
TATNP;D;20220421;000000;314.3;320.4;303.7;308.6;194786;0
TATNP;D;20220422;000000;310;317.7;301.2;310.4;163195;0
TATNP;D;20220425;000000;311.7;322;303.4;319.2;269530;0
TATNP;D;20220426;000000;320.5;346.3;316.4;346.3;567383;0
TATNP;D;20220427;000000;340;348.9;340;343.9;402364;0
TATNP;D;20220428;000000;345;352.2;343.4;343.4;377126;0
TATNP;D;20220429;000000;343.5;359;338.8;357;431341;0
TATNP;D;20220504;000000;353.3;361.2;344;344.6;258805;0
TATNP;D;20220505;000000;348.9;353;342;343.8;163873;0
TATNP;D;20220506;000000;343.4;346.7;333;338.2;141757;0
TATNP;D;20220511;000000;341.9;351.4;338.5;345;217241;0
TATNP;D;20220512;000000;341;345.7;325;330;333053;0
TATNP;D;20220513;000000;330;335.1;324.4;334.8;177242;0
TATNP;D;20220516;000000;331;344.8;328.4;340.8;332578;0
TATNP;D;20220517;000000;344;358;341.9;355;373458;0
TATNP;D;20220518;000000;358.9;369.9;356.5;365;369600;0
TATNP;D;20220519;000000;365;368.6;356.7;364;288220;0
TATNP;D;20220520;000000;365.1;368.7;353.1;366.8;492408;0
TATNP;D;20220523;000000;374;374.4;337.6;338.1;873704;0
TATNP;D;20220524;000000;340;341;323;334.5;392024;0
TATNP;D;20220525;000000;335.9;345.8;333.3;345.8;247976;0
TATNP;D;20220526;000000;346.8;360;342.8;354.4;352634;0
TATNP;D;20220527;000000;355;365;353.9;362.5;267514;0
TATNP;D;20220530;000000;365.1;370.1;360.2;362.9;214901;0
TATNP;D;20220531;000000;359.9;359.9;352;353.2;136915;0
TATNP;D;20220601;000000;352.3;364.3;350;356.4;253354;0
TATNP;D;20220602;000000;358.3;359.3;350.6;354;136049;0
TATNP;D;20220603;000000;355.7;356;340.7;347.8;240950;0
TATNP;D;20220606;000000;350.5;350.8;344.6;346;147367;0
TATNP;D;20220607;000000;346;349.8;343;349.8;208600;0
TATNP;D;20220608;000000;350;359.2;346;359;225374;0
TATNP;D;20220609;000000;359.4;360.7;352.7;357.3;142120;0
TATNP;D;20220610;000000;353;366.8;353;364.9;218741;0
TATNP;D;20220614;000000;364.8;366;358.4;365;185147;0
TATNP;D;20220615;000000;363;373.9;361.2;370;326959;0
TATNP;D;20220616;000000;371;392.5;371;389.1;449385;0
TATNP;D;20220617;000000;390;394;389.4;391.9;314350;0
TATNP;D;20220620;000000;393.2;416.2;391;416;629420;0
TATNP;D;20220621;000000;416;416;400.4;406.9;480408;0
TATNP;D;20220622;000000;406.9;407.2;389.2;401.6;467444;0
TATNP;D;20220623;000000;403.9;407;395.2;406.4;323745;0
TATNP;D;20220624;000000;406.4;417.9;402.6;405.9;351257;0
TATNP;D;20220627;000000;408.4;410;403.3;410;159648;0
TATNP;D;20220628;000000;412;413.8;404.1;404.5;120128;0
TATNP;D;20220629;000000;404.5;405;392.2;402.1;275872;0
TATNP;D;20220630;000000;403.8;405.1;383.1;398.9;440081;0
TATNP;D;20220701;000000;383.4;404.8;380;380;370757;0
TATNP;D;20220704;000000;387.2;391;381.6;383;232335;0
TATNP;D;20220705;000000;389;389;379.4;382.5;215091;0
TATNP;D;20220706;000000;382;388.7;381.6;383.8;233731;0
TATNP;D;20220707;000000;366;373;365.2;365.3;299263;0
TATNP;D;20220708;000000;365.3;368.9;357.9;361.9;132929;0
TATNP;D;20220711;000000;360;362.9;355.5;355.9;272045;0
TATNP;D;20220712;000000;355.9;355.9;341.3;347.4;225232;0
TATNP;D;20220713;000000;349;352.4;333.4;340.9;225789;0
TATNP;D;20220714;000000;340;347;330.5;332.8;260841;0
TATNP;D;20220715;000000;333.1;358.5;330;347;242894;0
TATNP;D;20220718;000000;345.9;352.7;342.2;348.2;151264;0
TATNP;D;20220719;000000;348.5;350;338.7;342;129647;0
TATNP;D;20220720;000000;342.2;346.6;340.3;344.2;123405;0
TATNP;D;20220721;000000;344.3;344.3;334.4;341.3;140377;0
TATNP;D;20220722;000000;341.9;347;340.2;344;137009;0
TATNP;D;20220725;000000;344;349.8;337.8;346;113049;0
TATNP;D;20220726;000000;349;358.5;346.1;358.3;194200;0
TATNP;D;20220727;000000;358.8;371;355;366.5;244537;0
TATNP;D;20220728;000000;370.4;374.9;364.8;370.3;352511;0
TATNP;D;20220729;000000;370.8;377.6;367;376.1;120804;0
TATNP;D;20220801;000000;378.4;379.8;372;374.8;372852;0
TATNP;D;20220802;000000;379.8;379.8;369.4;371.1;506647;0
TATNP;D;20220803;000000;371;376.3;371;374;201444;0
TATNP;D;20220804;000000;374;374.9;370.6;374;122199;0
TATNP;D;20220805;000000;373.5;374.5;359.1;362.1;353735;0
TATNP;D;20220808;000000;370;374.4;365.5;366.1;294660;0
TATNP;D;20220809;000000;366.1;395.3;362.8;394.1;738970;0
TATNP;D;20220810;000000;398.9;404.1;395.1;400;585524;0
TATNP;D;20220811;000000;400.4;403.9;396;398.3;224440;0
TATNP;D;20220812;000000;397.3;405.2;391.3;405.1;225740;0
TATNP;D;20220815;000000;405.1;408.5;380.9;396.7;1472706;0
TATNP;D;20220816;000000;430.2;435;412.2;416;1220828;0
TATNP;D;20220817;000000;418.8;419;411.4;414;257855;0
TATNP;D;20220818;000000;413.9;415.4;410.1;415;167314;0
TATNP;D;20220819;000000;413.8;415.7;408.4;409.2;170940;0
TATNP;D;20220822;000000;409.2;414.4;406.6;414;165278;0
TATNP;D;20220823;000000;415;416.9;414.1;415.9;166899;0
TATNP;D;20220824;000000;416;417.8;412.3;414.9;130723;0
TATNP;D;20220825;000000;414.6;416.1;412.7;412.9;137525;0
TATNP;D;20220826;000000;412;415;412;415;102435;0
TATNP;D;20220829;000000;419.9;419.9;415.9;418;234495;0
TATNP;D;20220830;000000;419;427.9;418.1;418.9;331606;0
TATNP;D;20220831;000000;418.9;425.1;416;418;306124;0
TATNP;D;20220901;000000;419;420.5;413.1;415;305902;0
TATNP;D;20220902;000000;415.3;421.9;413.5;418.4;386176;0
TATNP;D;20220905;000000;420.1;420.1;414.1;418;303926;0
TATNP;D;20220906;000000;419;419.7;405.5;410.9;333207;0
TATNP;D;20220907;000000;410.9;415.6;407.3;410;215055;0
TATNP;D;20220908;000000;410;412.7;406.8;408;184007;0
TATNP;D;20220909;000000;409;410;402.2;408.3;301932;0
TATNP;D;20220912;000000;408.9;418.8;406.1;415.8;314700;0
TATNP;D;20220913;000000;415.9;417.5;410.8;413.7;158421;0
TATNP;D;20220914;000000;413.6;413.6;407;413;203845;0
TATNP;D;20220915;000000;413.1;416.8;410;414;169187;0
TATNP;D;20220916;000000;414.5;415.4;410.5;412.9;177263;0
TATNP;D;20220919;000000;412.2;414.8;408.5;412.9;196802;0
TATNP;D;20220920;000000;411.2;412.7;375;385;1093334;0
TATNP;D;20220921;000000;355;379.1;351;361;839313;0
TATNP;D;20220922;000000;365.5;394.9;363;386;985369;0
TATNP;D;20220923;000000;386.8;386.8;363.5;370.1;544335;0
TATNP;D;20220926;000000;368;368;331.1;340.9;1158889;0
TATNP;D;20220927;000000;343.1;351.5;337.6;349.8;716030;0
TATNP;D;20220928;000000;347.3;354.7;340.1;349;493258;0
TATNP;D;20220929;000000;349.9;350;339;344.2;324013;0
TATNP;D;20220930;000000;344.2;361.2;335.7;356.2;498395;0
TATNP;D;20221003;000000;360;373.6;353.6;372.5;371979;0
TATNP;D;20221004;000000;373.7;373.9;362;371;246755;0
TATNP;D;20221005;000000;371.6;373;363.3;369.7;546597;0
TATNP;D;20221006;000000;370;375.9;366.5;373.4;434337;0
TATNP;D;20221007;000000;374;374;352;354.9;1029778;0
TATNP;D;20221010;000000;324;335;321;333.6;936619;0
TATNP;D;20221011;000000;332;340.3;330.6;339.4;531791;0
TATNP;D;20221012;000000;340.8;340.8;333.2;335;230828;0
TATNP;D;20221013;000000;339.4;339.4;331.6;334.3;231475;0
TATNP;D;20221014;000000;335.9;336.8;333.2;334.3;168731;0
TATNP;D;20221017;000000;335.2;346;334.2;344.7;346726;0
TATNP;D;20221018;000000;345.2;351.1;337.1;339.5;387566;0
TATNP;D;20221019;000000;339;341.8;333;338.5;171277;0
TATNP;D;20221020;000000;339.6;342.9;336.5;339;183313;0
TATNP;D;20221021;000000;339.6;342.9;335.8;342.7;177148;0
TATNP;D;20221024;000000;342.7;348;342;348;176828;0
TATNP;D;20221025;000000;348.2;357.8;346.8;357.4;265890;0
TATNP;D;20221026;000000;355.1;360.9;352.3;358.7;364205;0
TATNP;D;20221027;000000;359.1;363;357.9;361.5;222479;0
TATNP;D;20221028;000000;361;365.3;356.7;363.5;258532;0
TATNP;D;20221031;000000;365;368;360.9;366.5;184445;0
TATNP;D;20221101;000000;366.1;371.2;366.1;370;164305;0
TATNP;D;20221102;000000;370;377.9;365.4;370.6;426754;0
TATNP;D;20221103;000000;370.6;373.8;366.6;372.3;178264;0
TATNP;D;20221107;000000;373.9;381.8;373.9;380.5;285023;0
TATNP;D;20221108;000000;381.9;381.9;373.7;377.3;215465;0
TATNP;D;20221109;000000;377.3;384;367.5;372.8;427703;0
TATNP;D;20221110;000000;372.8;378.7;372.8;375;316130;0
TATNP;D;20221111;000000;376;376;369;370.8;435369;0
TATNP;D;20221114;000000;371;371.3;368.2;369.9;362219;0
TATNP;D;20221115;000000;371.1;371.1;351;365.5;462637;0
TATNP;D;20221116;000000;369;369;364.1;367;459648;0
TATNP;D;20221117;000000;367.9;367.9;356;357.6;904094;0
TATNP;D;20221118;000000;358.9;358.9;354.4;355.9;224686;0
TATNP;D;20221121;000000;357.6;357.7;347.6;352.4;328086;0
TATNP;D;20221122;000000;352.4;356;349.2;353.1;178312;0
TATNP;D;20221123;000000;353.1;357.9;348.1;354.2;282527;0
TATNP;D;20221124;000000;354.6;356.3;352;354.4;113898;0
TATNP;D;20221125;000000;354.4;357.5;351.1;355.5;109038;0
TATNP;D;20221128;000000;352.1;354;349.7;353.1;159601;0
TATNP;D;20221129;000000;353.5;354.7;350.8;353.4;87993;0
TATNP;D;20221130;000000;352.3;353.5;351.3;352.7;83959;0
TATNP;D;20221201;000000;353.5;353.5;347.6;351;265495;0
TATNP;D;20221202;000000;348.9;351.4;348;350.7;146885;0
TATNP;D;20221205;000000;350.7;356.8;346.2;353;430161;0
TATNP;D;20221206;000000;353.8;355.7;349;349.5;171753;0
TATNP;D;20221207;000000;350.9;350.9;347;348.8;363352;0
TATNP;D;20221208;000000;349.4;349.8;346;347.8;126702;0
TATNP;D;20221209;000000;347.1;350.8;346.5;348.6;148465;0
TATNP;D;20221212;000000;350.4;350.4;346.2;347.5;104559;0
TATNP;D;20221213;000000;347.5;347.5;343.9;346.9;173882;0
TATNP;D;20221214;000000;347;347;342;343.2;181149;0
TATNP;D;20221215;000000;344;344.2;337.5;338.8;168769;0
TATNP;D;20221216;000000;340;342.7;335.6;342;142439;0
TATNP;D;20221219;000000;342;342.4;337.1;338.5;250582;0
TATNP;D;20221220;000000;339.6;345.6;336.7;343.7;326208;0
TATNP;D;20221221;000000;343.8;346.9;340;341.8;290070;0
TATNP;D;20221222;000000;342.6;346.3;340.3;342.2;272534;0
TATNP;D;20221223;000000;339.5;341;338.1;339.9;255827;0
TATNP;D;20221226;000000;341.9;342.8;339;341.5;471852;0
TATNP;D;20221227;000000;342.2;343.5;340.2;341.3;333611;0
TATNP;D;20221228;000000;342.4;342.4;337.4;340;351954;0
TATNP;D;20221229;000000;340.9;341;338.9;340.1;231548;0
TATNP;D;20221230;000000;341.1;343.8;338;341.4;245411;0
TATNP;D;20230103;000000;344.7;345.7;342.6;344.9;165850;0
TATNP;D;20230104;000000;345.5;346.4;344.2;345.5;149273;0
TATNP;D;20230105;000000;345.6;345.8;341.3;344.3;187731;0
TATNP;D;20230106;000000;344.4;345;341.8;344.3;231702;0
TATNP;D;20230109;000000;338;340;338;339.3;320575;0
TATNP;D;20230110;000000;339.4;339.4;335.3;336.7;282174;0
TATNP;D;20230111;000000;335.7;338;334.4;337.1;469928;0
TATNP;D;20230112;000000;337.1;338.4;336.2;337.5;107312;0
TATNP;D;20230113;000000;337.5;339.4;337;338.7;137646;0
TATNP;D;20230116;000000;339.2;340.5;339;339.4;160104;0
TATNP;D;20230117;000000;340;340;336.2;337.1;140759;0
TATNP;D;20230118;000000;337.1;338.8;335.4;336.5;148376;0
TATNP;D;20230119;000000;337.6;337.6;332.5;333.7;320865;0
TATNP;D;20230120;000000;334.1;334.1;331.1;332.2;190203;0
TATNP;D;20230123;000000;331.3;334.2;331.3;333.4;225544;0
TATNP;D;20230124;000000;333.9;334.1;331.6;332.4;155976;0
TATNP;D;20230125;000000;331.5;332.3;328.8;330.5;316428;0
TATNP;D;20230126;000000;330.6;331.2;326.1;327.2;382977;0
TATNP;D;20230127;000000;326.4;327.6;323.8;327;379527;0
TATNP;D;20230130;000000;327.7;328.7;325.6;327.3;296233;0
TATNP;D;20230131;000000;327;328.9;325.1;326.8;364374;0
TATNP;D;20230201;000000;326.9;327.7;323.9;324.7;609939;0
TATNP;D;20230202;000000;324.9;324.9;321.5;322;596056;0
TATNP;D;20230203;000000;321.9;322.2;319.3;321.7;505265;0
TATNP;D;20230206;000000;321.7;323.7;321;323.2;473219;0
TATNP;D;20230207;000000;323.2;324.6;321.8;322.6;431657;0
TATNP;D;20230208;000000;322.7;324.9;322;324.8;429889;0
TATNP;D;20230209;000000;325.8;327.9;324;324.6;392053;0
TATNP;D;20230210;000000;325;325.8;322;323.4;249735;0
TATNP;D;20230213;000000;323.4;329;323.4;326.3;665995;0
TATNP;D;20230214;000000;326.3;328.5;321;325.6;429499;0
TATNP;D;20230215;000000;325;325;312.1;314.5;798363;0
TATNP;D;20230216;000000;315.8;319.9;314;317.3;243286;0
TATNP;D;20230217;000000;317.9;319.8;315.1;319;271723;0
TATNP;D;20230220;000000;319;319.5;315.5;317.1;283575;0
TATNP;D;20230221;000000;318;323.8;318;320.6;426791;0
TATNP;D;20230222;000000;320.6;321.7;319.2;319.7;114463;0
TATNP;D;20230224;000000;320.6;320.6;317.6;319.6;119575;0
TATNP;D;20230227;000000;319;323.5;316.3;322.9;249450;0
TATNP;D;20230228;000000;323.9;334.2;321.8;332.2;732746;0
TATNP;D;20230301;000000;333.3;339.6;329.3;337.9;771247;0
TATNP;D;20230302;000000;336.6;341.8;330.3;332.2;951899;0
TATNP;D;20230303;000000;332.9;337.8;331.1;337.4;238602;0
TATNP;D;20230306;000000;338.6;340.7;336.9;339;323878;0
TATNP;D;20230307;000000;342;342;335.8;336.4;351029;0
TATNP;D;20230309;000000;337;337;334.1;335.4;161573;0
TATNP;D;20230310;000000;335.2;335.9;332.6;333.9;293305;0
TATNP;D;20230313;000000;334.5;335;329;333;489853;0
TATNP;D;20230314;000000;332.8;338.7;331.1;336.6;355276;0
TATNP;D;20230315;000000;337.6;339.9;330.5;334.6;378160;0
TATNP;D;20230316;000000;334;336.3;330.5;335.6;366084;0
TATNP;D;20230317;000000;335;346.1;335;345.1;886760;0
TATNP;D;20230320;000000;347.5;355;345;354.5;756640;0
TATNP;D;20230321;000000;355;357;346.3;351.1;457340;0
TATNP;D;20230322;000000;351.1;353.1;350;350.7;215940;0
TATNP;D;20230323;000000;350.7;352.7;348;350;333419;0
TATNP;D;20230324;000000;350;352.8;348.3;351.4;237936;0
TATNP;D;20230327;000000;353;365;352.7;363.3;591793;0
TATNP;D;20230328;000000;363.3;366;359.7;364.7;617057;0
TATNP;D;20230329;000000;366.1;367.1;361.6;365.3;554284;0
TATNP;D;20230330;000000;366.4;374.8;363.1;371.2;602044;0
TATNP;D;20230331;000000;372.3;372.3;363.8;369.5;532354;0
TATNP;D;20230403;000000;380;381.2;375.2;379.5;637406;0
TATNP;D;20230404;000000;380;380.8;375.1;375.5;418869;0
TATNP;D;20230405;000000;375.1;382.1;370;380.4;540383;0
TATNP;D;20230406;000000;381;386.2;380.5;385.4;570943;0
TATNP;D;20230407;000000;386.6;397.5;385.4;394.2;592470;0
TATNP;D;20230410;000000;396.1;401.7;395.1;397.6;513009;0
TATNP;D;20230411;000000;399.9;399.9;388.9;391.5;456521;0
TATNP;D;20230412;000000;390.5;395.2;386;394;277130;0
TATNP;D;20230413;000000;395.7;396.5;391.1;393.6;234140;0
TATNP;D;20230414;000000;395;395;390.2;393.3;203312;0
TATNP;D;20230417;000000;394.9;399.2;393.3;398.3;497622;0
TATNP;D;20230418;000000;399.7;401.3;395;400.5;349943;0
TATNP;D;20230419;000000;399.5;401.2;392;394.7;631898;0
TATNP;D;20230420;000000;395;409;392;407.9;1131621;0
TATNP;D;20230421;000000;409;409.6;404.1;406.7;409053;0
TATNP;D;20230424;000000;405.7;416.6;405;412.5;568245;0
TATNP;D;20230425;000000;414;414;408.3;410.3;411008;0
TATNP;D;20230426;000000;411.4;412;408.4;409;294595;0
TATNP;D;20230427;000000;411.5;420.6;409;413.9;864557;0
TATNP;D;20230428;000000;414.1;415.4;405;406.5;453252;0
TATNP;D;20230502;000000;409;410;396;399.4;487929;0
TATNP;D;20230503;000000;398;398.4;381;384.3;782164;0
TATNP;D;20230504;000000;384;393;383.2;390.1;388887;0
TATNP;D;20230505;000000;390.1;390.8;383.2;385.5;314361;0
TATNP;D;20230508;000000;387;396.8;385;392.4;254167;0
TATNP;D;20230510;000000;393.6;405.3;392.5;404.5;351191;0
TATNP;D;20230511;000000;404.6;410.7;395;401.3;517190;0
TATNP;D;20230512;000000;402;405.4;399.3;403.1;232700;0
TATNP;D;20230515;000000;404.8;408.1;404.7;408;353649;0
TATNP;D;20230516;000000;408.9;411.3;407.6;410.2;221680;0
TATNP;D;20230517;000000;411;411.5;407;408.3;131736;0
TATNP;D;20230518;000000;409.5;416.7;406.5;415.1;449897;0
TATNP;D;20230519;000000;415.6;415.6;410.4;413;218950;0
TATNP;D;20230522;000000;414.7;420.3;413.3;418.2;411857;0
TATNP;D;20230523;000000;418.5;428.9;416.1;427.4;374242;0
TATNP;D;20230524;000000;428;431.7;426.1;429.3;338913;0
TATNP;D;20230525;000000;430;431;423.4;427.7;284872;0
TATNP;D;20230526;000000;428.8;432.8;426;431;217170;0
TATNP;D;20230529;000000;435;443.8;433.5;443.1;427625;0
TATNP;D;20230530;000000;443.5;448.3;434;440.1;768553;0
TATNP;D;20230531;000000;440;445.7;436;444.3;336028;0
TATNP;D;20230601;000000;445.7;452.8;444.5;450;505135;0
TATNP;D;20230602;000000;451.5;461.6;450.3;461.5;471601;0
TATNP;D;20230605;000000;468.5;485.5;465.2;472.5;1658015;0
TATNP;D;20230606;000000;472.5;478;460.4;474.1;780647;0
TATNP;D;20230607;000000;475;476;468.1;470.3;336775;0
TATNP;D;20230608;000000;471.5;474.7;469.2;470.1;247960;0
TATNP;D;20230609;000000;471;473.3;469.2;472.9;194325;0
TATNP;D;20230613;000000;479.5;481.2;473;480.4;503758;0
TATNP;D;20230614;000000;481.1;489;481;488.8;748520;0
TATNP;D;20230615;000000;490.8;510;488.3;509;1238594;0
TATNP;D;20230616;000000;510;518.5;502.6;507.1;1108048;0
TATNP;D;20230619;000000;505.1;506.9;499.8;502.2;960228;0
TATNP;D;20230620;000000;500.4;502.8;494.3;501.2;730700;0
TATNP;D;20230621;000000;502;502;497.5;499.7;295974;0
TATNP;D;20230622;000000;501;506.2;496.6;501.7;502083;0
TATNP;D;20230623;000000;503;504.5;487;495.9;642719;0
TATNP;D;20230626;000000;500;503;486.6;496.5;535899;0
TATNP;D;20230627;000000;496.1;499.8;492.8;496.5;501674;0
TATNP;D;20230628;000000;495.3;501.1;495.3;498.1;307882;0
TATNP;D;20230629;000000;498.1;505.7;496.5;504.3;643571;0
TATNP;D;20230630;000000;504.3;505;500.2;501.5;689832;0
TATNP;D;20230703;000000;500.1;503.1;495.3;498;755615;0
TATNP;D;20230704;000000;499.5;499.5;488.4;491.6;630902;0
TATNP;D;20230705;000000;491.6;500.7;491.6;498;513613;0
TATNP;D;20230706;000000;499.5;499.5;494.7;495;542663;0
TATNP;D;20230707;000000;493.6;496;490;493.9;965557;0
TATNP;D;20230710;000000;472.2;487.7;470.3;484.6;1372242;0
TATNP;D;20230711;000000;486.7;490;483.9;487.6;394348;0
TATNP;D;20230712;000000;488.6;494;486.4;491.3;408748;0
TATNP;D;20230713;000000;491.5;498.5;490;492.6;384201;0
TATNP;D;20230714;000000;492;493.5;490.4;492.3;163511;0
TATNP;D;20230717;000000;491.5;495.2;490;492.3;370782;0
TATNP;D;20230718;000000;491.5;495.8;491;494.7;457965;0
TATNP;D;20230719;000000;493.7;496.5;492;492.7;239191;0
TATNP;D;20230720;000000;493.4;493.4;483.2;485.7;425500;0
TATNP;D;20230721;000000;484.9;492.8;484.9;492.4;251579;0
TATNP;D;20230724;000000;493;497.6;491.1;497.4;341641;0
TATNP;D;20230725;000000;498.5;507.9;497.2;505.6;573821;0
TATNP;D;20230726;000000;506.8;508.9;497.2;501.7;696217;0
TATNP;D;20230727;000000;502.1;506;500.4;504.1;418398;0
TATNP;D;20230728;000000;504.3;511;501.8;509.6;605927;0
TATNP;D;20230731;000000;513.2;516.8;510.9;515.5;620182;0
TATNP;D;20230801;000000;517;519.3;509;516;603121;0
TATNP;D;20230802;000000;516.8;527.6;512.2;523.8;1557084;0
TATNP;D;20230803;000000;525;530.8;519.1;530.8;784298;0
TATNP;D;20230804;000000;529.1;548;513.1;525.1;1918406;0
TATNP;D;20230807;000000;530.2;550;528.2;539.2;1496680;0
TATNP;D;20230808;000000;539.5;545.9;525.2;542.1;748197;0
TATNP;D;20230809;000000;540.7;549.7;540.7;548.6;592280;0
TATNP;D;20230810;000000;550;556.3;550;553.8;734858;0
TATNP;D;20230811;000000;555;560;551;559.9;566898;0
TATNP;D;20230814;000000;568;585.5;555;564.8;2516592;0
TATNP;D;20230815;000000;564;580;550.2;564.2;1980984;0
TATNP;D;20230816;000000;565.5;573.3;548;556.5;1279348;0
TATNP;D;20230817;000000;559.6;563.7;551.1;559.8;512470;0
TATNP;D;20230818;000000;561.4;567.9;554;567.6;555667;0
TATNP;D;20230821;000000;573;577.5;568.1;573.9;664881;0
TATNP;D;20230822;000000;574;580;570;579.4;820717;0
TATNP;D;20230823;000000;581.1;586.9;563.7;567.4;839773;0
TATNP;D;20230824;000000;569.2;577.6;567.5;574.6;333249;0
TATNP;D;20230825;000000;576.3;580.8;571.8;579.6;424142;0
TATNP;D;20230828;000000;580.6;584.8;580.1;582.3;502645;0
TATNP;D;20230829;000000;582.4;587.9;580.6;584.6;571495;0
TATNP;D;20230830;000000;586;590;584.2;587;667332;0
TATNP;D;20230831;000000;588.2;590.7;578.2;584.6;873381;0
TATNP;D;20230901;000000;584.9;587.1;581.4;586.5;345647;0
TATNP;D;20230904;000000;587;592.9;587;592.7;548323;0
TATNP;D;20230905;000000;592.9;599.6;591;598.4;722485;0
TATNP;D;20230906;000000;599.6;601.6;596.5;600.6;551077;0
TATNP;D;20230907;000000;602.4;606.4;575.6;590.9;1523204;0
TATNP;D;20230908;000000;591;595;580;586.1;645228;0
TATNP;D;20230911;000000;585.5;597.4;581;582.5;678369;0
TATNP;D;20230912;000000;581.4;594.7;576.4;594.6;513015;0
TATNP;D;20230913;000000;596.4;597;590.9;592.3;330773;0
TATNP;D;20230914;000000;592.1;595.6;583;589.3;588187;0
TATNP;D;20230915;000000;589;598;587.9;596.4;499513;0
TATNP;D;20230918;000000;600;606;598.7;604.6;678853;0
TATNP;D;20230919;000000;605;608;595.1;599.8;939461;0
TATNP;D;20230920;000000;600;604;587.5;600.4;858759;0
TATNP;D;20230921;000000;600;603.4;586.3;588;742014;0
TATNP;D;20230922;000000;588;598.1;581.5;597.3;539346;0
TATNP;D;20230925;000000;593.1;597.8;588.1;594.3;275088;0
TATNP;D;20230926;000000;595;596;586;593;351470;0
TATNP;D;20230927;000000;592.3;602.2;592.3;602.1;393961;0
TATNP;D;20230928;000000;603.3;609;600.5;608.8;517394;0
TATNP;D;20230929;000000;609.9;617.5;603.3;614.3;722437;0
TATNP;D;20231002;000000;618.3;630;618.3;629.2;735622;0
TATNP;D;20231003;000000;629.3;637.5;622.1;634.5;932040;0
TATNP;D;20231004;000000;638.7;640.7;633;633.7;888382;0
TATNP;D;20231005;000000;635.8;638.7;627.7;633.7;422436;0
TATNP;D;20231006;000000;635.2;639.8;630.8;638.1;461585;0
TATNP;D;20231009;000000;641;646.5;639.1;644.3;868171;0
TATNP;D;20231010;000000;643.5;649.7;639;649.6;894666;0
TATNP;D;20231011;000000;624.6;633.4;616.7;618.7;2030447;0
TATNP;D;20231012;000000;617;623.7;607.8;619;880242;0
TATNP;D;20231013;000000;620.8;630;614;629.6;622096;0
TATNP;D;20231016;000000;633.3;637.5;626.8;630.2;699703;0
TATNP;D;20231017;000000;630.2;632;625.2;629;467349;0
TATNP;D;20231018;000000;629.5;636;625;630.7;761711;0
TATNP;D;20231019;000000;632;632;622.7;628;624389;0
TATNP;D;20231020;000000;630;630;623;625.1;378059;0
TATNP;D;20231023;000000;625;627.2;621;621.8;313861;0
TATNP;D;20231024;000000;621.8;622.3;615.5;620;257505;0
TATNP;D;20231025;000000;619.4;621.9;615.1;619.1;389255;0
TATNP;D;20231026;000000;620.8;623.5;613;613.8;347731;0
TATNP;D;20231027;000000;614.7;619;611;617.4;377009;0
TATNP;D;20231030;000000;618.8;619.8;612.5;615.8;300332;0
TATNP;D;20231031;000000;616.8;616.8;595.5;599.5;1062590;0
TATNP;D;20231101;000000;601.5;604;592;599.4;602263;0
TATNP;D;20231102;000000;600.6;602.5;590.1;594.2;479739;0
TATNP;D;20231103;000000;596.7;596.7;586;588.7;520001;0
TATNP;D;20231106;000000;588.9;602.3;588.1;601.2;363367;0
TATNP;D;20231107;000000;600;601.8;596;598.8;294059;0
TATNP;D;20231108;000000;599;611;597;607.3;522499;0
TATNP;D;20231109;000000;607.2;608.8;601.6;604.2;255931;0
TATNP;D;20231110;000000;606.8;609.7;604;609.1;240570;0
TATNP;D;20231113;000000;609.5;613.6;605.8;608;331232;0
TATNP;D;20231114;000000;608.5;615;601.2;609.9;684072;0
TATNP;D;20231115;000000;609.9;614.6;607;609.6;405251;0
TATNP;D;20231116;000000;609.5;611.8;594.6;598.9;601787;0
TATNP;D;20231117;000000;599.7;618.3;598.7;615;976608;0
TATNP;D;20231120;000000;617;617.9;612.1;614.8;397149;0
TATNP;D;20231121;000000;614.6;631.4;609.6;629.5;1395433;0
TATNP;D;20231122;000000;632.8;642;630;638.8;902869;0
TATNP;D;20231123;000000;640.9;644;636.1;639.7;510994;0
TATNP;D;20231124;000000;640.5;649;640.2;647.9;624153;0
TATNP;D;20231127;000000;646.5;648;635.1;638.4;493255;0
TATNP;D;20231128;000000;636.9;642.7;630;639.2;349382;0
TATNP;D;20231129;000000;641;643.1;635.7;637.4;254299;0
TATNP;D;20231130;000000;637.7;640.8;633.4;635.8;273744;0
TATNP;D;20231201;000000;637.5;637.7;626.1;629.7;287589;0
TATNP;D;20231204;000000;626.4;628.1;617;620.6;416637;0
TATNP;D;20231205;000000;620.5;635.6;619.3;632.9;289728;0
TATNP;D;20231206;000000;632.9;635;618.8;621.4;292323;0
TATNP;D;20231207;000000;621.4;632.2;618;624;365319;0
TATNP;D;20231208;000000;626;632.5;624;632.4;173870;0
TATNP;D;20231211;000000;633;633;620.1;622.3;238992;0
TATNP;D;20231212;000000;622.3;628.4;616.1;621.6;346670;0
TATNP;D;20231213;000000;621;627.4;618.1;625.6;147484;0
TATNP;D;20231214;000000;628.7;628.7;613.4;615.1;178212;0
TATNP;D;20231215;000000;615;633.9;615;633.2;375590;0
TATNP;D;20231218;000000;636.3;643.9;635.7;641.7;348147;0
TATNP;D;20231219;000000;641.7;654.3;638.9;653;759005;0
TATNP;D;20231220;000000;654;660.7;652.3;658.6;418364;0
TATNP;D;20231221;000000;660.6;660.6;648.2;656.5;439628;0
TATNP;D;20231222;000000;659;665.1;656.5;660.9;344131;0
TATNP;D;20231225;000000;657.7;676.7;657.7;676.2;646318;0
TATNP;D;20231226;000000;678;694.2;674.3;692.9;621427;0
TATNP;D;20231227;000000;693.1;723.3;693;719.9;1256852;0
TATNP;D;20231228;000000;715.8;719.4;702.4;709;804340;0
TATNP;D;20231229;000000;708.9;710.6;700.1;707.9;476440;0
TATNP;D;20240103;000000;710;721.1;710;720.7;314084;0
TATNP;D;20240104;000000;720.3;727.5;720.3;725.9;265413;0
TATNP;D;20240105;000000;730;730;720.8;724.7;286117;0
TATNP;D;20240108;000000;724.5;724.5;717.2;720.4;967233;0
TATNP;D;20240109;000000;691.5;693.3;682;686.5;1729287;0
TATNP;D;20240110;000000;687;699.8;686;694.9;740038;0
TATNP;D;20240111;000000;695;697;689.1;692.9;513276;0
TATNP;D;20240112;000000;695.7;704.6;693.9;698.6;785108;0
TATNP;D;20240115;000000;698.9;701.7;696.2;699;386283;0
TATNP;D;20240116;000000;699.6;699.7;695.7;697;508492;0
TATNP;D;20240117;000000;696.8;698.7;693.1;697.1;301896;0
TATNP;D;20240118;000000;697.1;698.9;695.8;696.5;202731;0
TATNP;D;20240119;000000;698.8;698.8;687.1;691.2;276066;0
TATNP;D;20240122;000000;691.9;694.7;690.4;692.5;189622;0
TATNP;D;20240123;000000;693.5;695;688.1;693.5;285315;0
TATNP;D;20240124;000000;692.6;695.8;690;690.5;163777;0
TATNP;D;20240125;000000;691.5;692.1;687;689;242736;0
TATNP;D;20240126;000000;691.1;693.6;687.6;692.6;265515;0
TATNP;D;20240129;000000;694.8;699.2;692.4;694.6;361918;0
TATNP;D;20240130;000000;694.8;696.7;690.2;691.9;220682;0
TATNP;D;20240131;000000;694;704.1;692.2;702;591767;0
TATNP;D;20240201;000000;704.5;709.7;701.1;704.9;704876;0
TATNP;D;20240202;000000;706;709.8;702.3;706;286102;0
TATNP;D;20240205;000000;706;712;706;707.8;298932;0
TATNP;D;20240206;000000;709.9;710.9;706.9;709.2;115884;0
TATNP;D;20240207;000000;709.2;714.9;709.2;712.4;405465;0
TATNP;D;20240208;000000;713.4;715.9;702.3;707.1;345518;0
TATNP;D;20240209;000000;705;713.7;704.6;711.3;254705;0
TATNP;D;20240212;000000;712;714.4;702.1;710.3;316451;0
TATNP;D;20240213;000000;710.5;714;709.5;710;236095;0
TATNP;D;20240214;000000;711.4;711.8;705.2;706.1;243971;0
TATNP;D;20240215;000000;706.1;710.1;702.7;707.8;249432;0
TATNP;D;20240216;000000;708.8;709.8;706.1;707.1;253893;0
TATNP;D;20240219;000000;707.5;707.6;697.4;700.3;498658;0
TATNP;D;20240220;000000;703;703;689;689.2;334696;0
TATNP;D;20240221;000000;689;692;676.2;684.5;507792;0
TATNP;D;20240222;000000;682.8;695.8;680.5;690.9;236475;0
TATNP;D;20240226;000000;693.6;702.7;692.7;698.6;338194;0
TATNP;D;20240227;000000;698.6;699;689;691.2;313477;0
TATNP;D;20240228;000000;691.1;698.8;689.9;694.8;249183;0
TATNP;D;20240229;000000;694.8;714.7;692.4;709.4;473812;0
TATNP;D;20240301;000000;709.5;714.9;706.6;713.8;368643;0
TATNP;D;20240304;000000;715.7;726.2;714.8;724.2;843589;0
TATNP;D;20240305;000000;724.2;728;719.4;724.9;356596;0
TATNP;D;20240306;000000;726;739;722.8;735.3;508458;0
TATNP;D;20240307;000000;735.3;743.8;730.4;738.8;441665;0
TATNP;D;20240311;000000;740;746.4;738;742.5;428946;0
TATNP;D;20240312;000000;742.5;745;738.3;743.7;320651;0
TATNP;D;20240313;000000;742.8;753;735.2;737.7;927281;0
TATNP;D;20240314;000000;738.2;747;735.8;744.8;596269;0
TATNP;D;20240315;000000;745.2;748.8;720.1;723.9;1404353;0
TATNP;D;20240318;000000;721.6;726.8;711.9;713.5;1492977;0
TATNP;D;20240319;000000;715.9;721.6;696.8;703.3;1180582;0
TATNP;D;20240320;000000;703.3;706.4;678.2;696.2;2470143;0
TATNP;D;20240321;000000;697.5;703.9;691.1;701.7;579174;0
TATNP;D;20240322;000000;704;708.9;687.2;690;759922;0
TATNP;D;20240325;000000;690.2;696.1;677.3;686.5;920811;0
TATNP;D;20240326;000000;686.5;694.6;682.1;692.4;1066081;0
TATNP;D;20240327;000000;694;697.5;687.2;691.8;1120281;0
TATNP;D;20240328;000000;691.6;692.5;683.2;686.7;1193636;0
TATNP;D;20240329;000000;686.7;697.3;685.4;694.1;526496;0
TATNP;D;20240401;000000;696;712.7;696;711.1;564232;0
TATNP;D;20240402;000000;711;715.1;705;710.3;446411;0
TATNP;D;20240403;000000;712.3;712.3;701.7;707;549118;0
TATNP;D;20240404;000000;707.3;717;706;710.4;543374;0
TATNP;D;20240405;000000;711.3;712.7;707.4;710.7;314608;0
TATNP;D;20240408;000000;710.8;713;708.3;712.2;424639;0
TATNP;D;20240409;000000;712;715.3;703.2;707;425047;0
TATNP;D;20240410;000000;705.6;712.1;701.1;710.7;344175;0
TATNP;D;20240411;000000;710;712.6;708.5;709.5;325935;0
TATNP;D;20240412;000000;711.7;724;708.2;716.9;511578;0
TATNP;D;20240415;000000;719;741.8;718.3;738.3;945477;0
TATNP;D;20240416;000000;740;740.8;723.1;727.7;826352;0
TATNP;D;20240417;000000;730.2;739.8;712.7;719;1102000;0
TATNP;D;20240418;000000;719;721.2;708.5;714.3;543062;0
TATNP;D;20240419;000000;715;723.9;712.2;719.1;978077;0
TATNP;D;20240422;000000;718.7;722.3;710.2;715.5;1144821;0
TATNP;D;20240423;000000;717.7;731;716;722.3;1414591;0
TATNP;D;20240424;000000;722.4;726;716.3;720.5;484564;0
TATNP;D;20240425;000000;719;723.7;715;721.6;393328;0
TATNP;D;20240426;000000;721.6;723.5;715.5;717.9;333679;0
TATNP;D;20240427;000000;718.5;722;717.2;719.9;176872;0
TATNP;D;20240429;000000;719;721.9;718.2;720.8;108030;0
TATNP;D;20240430;000000;720.8;722.2;717.3;718.2;80035;0
TATNP;D;20240502;000000;717.7;723.1;716.4;719.3;284428;0
TATNP;D;20240503;000000;720.9;720.9;716.3;716.9;269739;0
TATNP;D;20240506;000000;716.6;717.5;709.5;714.5;418832;0
TATNP;D;20240507;000000;716.9;719.3;713.2;715.2;318291;0
TATNP;D;20240508;000000;715.3;722.9;715;721.2;228435;0
TATNP;D;20240510;000000;722.9;738.2;722.9;725.6;162614;0
TATNP;D;20240513;000000;727;733.3;725.1;728;265236;0
TATNP;D;20240514;000000;729.2;729.7;723.1;726.1;350041;0
TATNP;D;20240515;000000;726.3;741.4;726.1;736.3;753236;0
TATNP;D;20240516;000000;735.4;748.6;734.1;747.7;888101;0
TATNP;D;20240517;000000;748.7;749;738.4;743;342711;0
TATNP;D;20240520;000000;743.2;745.9;728;732.2;263769;0
TATNP;D;20240521;000000;733.5;736.2;720.8;728.7;859294;0
TATNP;D;20240522;000000;731.2;742.2;729;739.2;298286;0
TATNP;D;20240523;000000;741.6;741.6;733.1;737;275563;0
TATNP;D;20240524;000000;737.2;739.1;713.7;723.3;1141277;0
TATNP;D;20240527;000000;724;725.3;702.6;706.1;621520;0
TATNP;D;20240528;000000;706;720.5;700;705.9;642001;0
TATNP;D;20240529;000000;706.9;712.5;702.9;712;587271;0
TATNP;D;20240530;000000;714.4;716.8;691.8;696;831492;0
TATNP;D;20240531;000000;696.1;700;680.1;680.8;770271;0
TATNP;D;20240603;000000;678.3;688.5;663.6;675.9;991321;0
TATNP;D;20240604;000000;676;685.4;664.4;684;871449;0
TATNP;D;20240605;000000;684;693.6;676.5;680.1;467817;0
TATNP;D;20240606;000000;682.7;685.5;674;680.5;465358;0
TATNP;D;20240607;000000;680.5;693.1;671;681.8;1814884;0
TATNP;D;20240610;000000;684.4;688.7;674.5;676.6;409771;0
TATNP;D;20240611;000000;678.6;682;669.1;680;640418;0
TATNP;D;20240613;000000;662;679;616;665.4;1587183;0
TATNP;D;20240614;000000;667.6;684.5;659.9;682.4;484884;0
TATNP;D;20240617;000000;683.1;685.4;673.2;676.8;276077;0
TATNP;D;20240618;000000;676.8;679.1;663.4;667.3;464541;0
TATNP;D;20240619;000000;667.3;670;623.5;636.1;1743772;0
TATNP;D;20240620;000000;636.1;670.6;630.1;666.4;2823227;0
TATNP;D;20240621;000000;668.5;676;663;666.9;290384;0
TATNP;D;20240624;000000;667;673.3;659.1;662.2;201651;0
TATNP;D;20240625;000000;662.3;679.6;656.8;676.1;478173;0
TATNP;D;20240626;000000;676.3;689.8;671;688.5;603075;0
TATNP;D;20240627;000000;690;690;675.9;682.9;592538;0
TATNP;D;20240628;000000;685.5;687.8;680.5;683.4;222314;0
TATNP;D;20240701;000000;685;691.2;684;690.5;270272;0
TATNP;D;20240702;000000;691.2;692.2;687.2;691.3;324549;0
TATNP;D;20240703;000000;691.3;693.2;685;685.2;230162;0
TATNP;D;20240704;000000;684.1;687.7;670.7;676.7;235982;0
TATNP;D;20240705;000000;676.9;678.8;664;667.2;631659;0
TATNP;D;20240708;000000;667.2;675;664.6;673.9;1103958;0
TATNP;D;20240709;000000;653.1;655.2;633;639.1;1039719;0
TATNP;D;20240710;000000;638.6;645.3;607.3;613;980399;0
TATNP;D;20240711;000000;613;639.4;613;635;998688;0
TATNP;D;20240712;000000;636;649.6;627.4;639.7;603934;0
TATNP;D;20240715;000000;640;642.8;623.3;626.7;515932;0
TATNP;D;20240716;000000;626.1;645.8;625.5;637.4;1021405;0
TATNP;D;20240717;000000;641;641;629;632.3;737264;0
TATNP;D;20240718;000000;631.1;640.5;627;639.6;462094;0
TATNP;D;20240719;000000;639.6;645.1;637;643.2;295921;0
TATNP;D;20240722;000000;645;656.8;644;651.1;538109;0
TATNP;D;20240723;000000;652.6;653;644.8;651.4;198015;0
TATNP;D;20240724;000000;651.4;655.9;648.4;655;243082;0
TATNP;D;20240725;000000;657;664.9;644.6;651.5;426687;0
TATNP;D;20240726;000000;654;657.7;639.1;643.2;691515;0
TATNP;D;20240729;000000;643;644.8;630.1;635.6;714417;0
TATNP;D;20240730;000000;634.2;642.4;629;634;493079;0
TATNP;D;20240731;000000;636.4;637.5;620.1;625.7;587359;0
TATNP;D;20240801;000000;624.8;629.7;618;618.6;408408;0
TATNP;D;20240802;000000;619.9;620.4;604.2;607.7;600646;0
TATNP;D;20240805;000000;604;604;590.9;594.4;868264;0
TATNP;D;20240806;000000;597.9;605.9;592;594.2;517286;0
TATNP;D;20240807;000000;595;613;586.7;612.9;662322;0
TATNP;D;20240808;000000;612.5;614.7;597.5;600.6;473124;0
TATNP;D;20240809;000000;600.5;609;592.2;597.9;328879;0
TATNP;D;20240812;000000;597.9;601.8;592.1;598.9;355396;0
TATNP;D;20240813;000000;599;609.7;596.3;605.9;614269;0
TATNP;D;20240814;000000;606.2;622.9;601.4;613;1231085;0
TATNP;D;20240815;000000;614.7;617.2;607.9;608.3;476952;0
TATNP;D;20240816;000000;608.3;611.1;598.1;600.3;532982;0
TATNP;D;20240819;000000;602;606;587.7;591;472322;0
TATNP;D;20240820;000000;592;599.1;577.5;586.8;773073;0
TATNP;D;20240821;000000;586.8;604;586.8;601.4;749468;0
TATNP;D;20240822;000000;602.1;606;593.8;596.8;451159;0
TATNP;D;20240823;000000;597;603;584.2;592.9;688182;0
TATNP;D;20240826;000000;599.9;611.4;597.4;605.8;642381;0
TATNP;D;20240827;000000;605.8;612.9;604.3;607.4;351148;0
TATNP;D;20240828;000000;607;609.4;594.9;601.6;423245;0
TATNP;D;20240829;000000;602;604.9;594.2;596.7;362134;0
TATNP;D;20240830;000000;596.8;599.8;585;587.4;421057;0
TATNP;D;20240902;000000;587;587;554.1;562.6;1074011;0
TATNP;D;20240903;000000;560.2;572.1;552.2;559;852373;0
TATNP;D;20240904;000000;560.2;576.3;557.6;576.1;430554;0
TATNP;D;20240905;000000;582.4;584.9;571.3;574.4;526297;0
TATNP;D;20240906;000000;576;588.4;572.6;586.7;472852;0
TATNP;D;20240909;000000;589;605.5;588.3;604.9;445849;0
TATNP;D;20240910;000000;607.1;607.7;589;593.4;403006;0
TATNP;D;20240911;000000;593.5;595.4;584.3;587.9;279219;0
TATNP;D;20240912;000000;586;590.6;578.2;587.1;402022;0
TATNP;D;20240913;000000;587.9;602.6;577;601.7;588846;0
TATNP;D;20240916;000000;603.9;620.3;602.4;617.9;513232;0
TATNP;D;20240917;000000;621.4;632;610.5;629;688396;0
TATNP;D;20240918;000000;629.6;631.2;618;621.6;472103;0
TATNP;D;20240919;000000;619.9;626.1;613.8;619.7;597142;0
TATNP;D;20240920;000000;620.9;630.5;620.3;628.3;555090;0
TATNP;D;20240923;000000;630.7;645.7;630.7;639.2;592773;0
TATNP;D;20240924;000000;644.9;644.9;632.4;640.3;397714;0
TATNP;D;20240925;000000;640.4;646;632.7;637.8;632741;0
TATNP;D;20240926;000000;637.8;642.7;633;635.1;573237;0
TATNP;D;20240927;000000;637.4;640.9;635.3;639.3;439010;0
TATNP;D;20240930;000000;642.6;646.9;637.1;639.6;408709;0
TATNP;D;20241001;000000;639.6;644.6;633.8;642.2;422955;0
TATNP;D;20241002;000000;643.2;663.4;638.4;648.5;1766929;0
TATNP;D;20241003;000000;648.9;651.8;634.4;644.1;1180312;0
TATNP;D;20241004;000000;645;654.5;643.6;653.9;728510;0
TATNP;D;20241007;000000;656.8;660;650.1;660;835796;0
TATNP;D;20241008;000000;625;629.5;618;621.1;1141549;0
TATNP;D;20241009;000000;621;621;606.1;609.8;529269;0
TATNP;D;20241010;000000;611;617.5;608.3;615.7;319800;0
TATNP;D;20241011;000000;616.8;617.2;608.8;611.2;281685;0
TATNP;D;20241014;000000;607.1;611.1;601;609;659943;0
TATNP;D;20241015;000000;608.7;610.9;602.1;607.1;624213;0
TATNP;D;20241016;000000;607;609.5;593.8;601.2;483066;0
TATNP;D;20241017;000000;601.3;601.7;591.1;592.2;315183;0
TATNP;D;20241018;000000;592.2;595.8;589.1;594.2;611085;0
TATNP;D;20241021;000000;595;596.4;590.1;593.5;339764;0
TATNP;D;20241022;000000;593.5;599.3;589.9;591.2;365926;0
TATNP;D;20241023;000000;591.2;593;583.5;586.3;364479;0
TATNP;D;20241024;000000;587.3;587.3;575.1;584.4;502910;0
TATNP;D;20241025;000000;584.5;588.5;571;571.3;897419;0
TATNP;D;20241028;000000;569.9;571.9;539.1;541.8;1267439;0
TATNP;D;20241029;000000;538.4;553.4;538.4;546;747529;0
TATNP;D;20241030;000000;547.2;550.2;537.1;537.9;619677;0
TATNP;D;20241031;000000;538;544.7;529.4;535.6;591084;0
TATNP;D;20241101;000000;535.6;544;531.8;535.1;455855;0
TATNP;D;20241102;000000;535.8;549.7;535.1;549.5;273481;0
TATNP;D;20241105;000000;550.9;557.2;548.1;548.1;473856;0
TATNP;D;20241106;000000;570;580.4;559;568;772269;0
TATNP;D;20241107;000000;570;579.2;557.1;577.3;612633;0
TATNP;D;20241108;000000;580;593.9;571.6;593.4;814381;0
TATNP;D;20241111;000000;598.2;603.4;589;592.5;754907;0
TATNP;D;20241112;000000;591.5;598.6;586.3;592.8;482078;0
TATNP;D;20241113;000000;593.1;598.2;581.1;581.9;598371;0
TATNP;D;20241114;000000;581.8;587.2;561.3;568.5;1023530;0
TATNP;D;20241115;000000;567.5;577.3;565.1;575.4;365772;0
TATNP;D;20241118;000000;567;569.8;555.1;561.4;823122;0
TATNP;D;20241119;000000;561.5;563.8;540.1;544.9;758804;0
TATNP;D;20241120;000000;545.2;555;532.3;536.9;822012;0
TATNP;D;20241121;000000;540;543.1;526.1;542.9;774974;0
TATNP;D;20241122;000000;542.5;545.9;533.1;540.8;710199;0
TATNP;D;20241125;000000;541.3;543.1;512.6;515.9;1016233;0
TATNP;D;20241126;000000;515.9;518.5;498.7;506.1;963016;0
TATNP;D;20241127;000000;506.1;519.6;498.2;518.2;973279;0
TATNP;D;20241128;000000;521;538.7;509.3;534;979628;0
TATNP;D;20241129;000000;534;548.2;530.6;542.7;832591;0
TATNP;D;20241202;000000;545.1;555.8;544.1;548.2;380407;0
TATNP;D;20241203;000000;548.5;550.4;533;536.2;471160;0
TATNP;D;20241204;000000;536.1;547.5;518.4;520.6;540596;0
TATNP;D;20241205;000000;520.1;553.9;519.7;547.3;956039;0
TATNP;D;20241206;000000;547;564.8;544.5;557.6;720755;0
TATNP;D;20241209;000000;558.6;574;558.6;565.5;534400;0
TATNP;D;20241210;000000;564.7;565.5;554.2;560.5;635502;0
TATNP;D;20241211;000000;561.4;568.2;558.6;568;494132;0
TATNP;D;20241212;000000;568.9;576.9;551.1;553.2;602057;0
TATNP;D;20241213;000000;551.9;566.8;549;562.7;380796;0
TATNP;D;20241216;000000;561.6;564.5;542.7;543.9;571198;0
TATNP;D;20241217;000000;544.9;559;544.1;553.7;484690;0
TATNP;D;20241218;000000;553.7;567.7;553;564.8;504396;0
TATNP;D;20241219;000000;565;575;557;563.4;1198388;0
TATNP;D;20241220;000000;563.4;603.3;561.5;601.3;1326191;0
TATNP;D;20241223;000000;605.7;637.4;604.9;633.2;1097573;0
TATNP;D;20241224;000000;634.5;636.3;619.7;624.6;514302;0
TATNP;D;20241225;000000;622.4;632.7;616.7;628.5;408965;0
TATNP;D;20241226;000000;628.8;635;625.9;630.5;891152;0
TATNP;D;20241227;000000;631;634.4;627.2;633;426671;0
TATNP;D;20241228;000000;633;650;633;647.5;470521;0
TATNP;D;20241230;000000;650;688.5;649.9;680.3;743020;0
TATNP;D;20250103;000000;686.9;686.9;653.6;658.3;532518;0
TATNP;D;20250106;000000;657.8;660;647.8;656.3;379511;0
TATNP;D;20250108;000000;640.3;649.9;640.3;645.5;409652;0
TATNP;D;20250109;000000;645.4;649.8;624;624.3;463225;0
TATNP;D;20250110;000000;624.3;654.5;622;644.2;678166;0
TATNP;D;20250113;000000;649;659;645.1;652.6;918758;0
TATNP;D;20250114;000000;652.6;656;645.5;650;660590;0
TATNP;D;20250115;000000;652;652.7;636.5;652.4;569740;0
TATNP;D;20250116;000000;653;662;651.9;658.4;583130;0
TATNP;D;20250117;000000;658.4;666.6;651.9;659.2;537978;0
TATNP;D;20250120;000000;661;665.8;655;657.5;532741;0
TATNP;D;20250121;000000;657.5;663.7;656;662.5;254511;0
TATNP;D;20250122;000000;663;672.6;656.5;663.4;510692;0
TATNP;D;20250123;000000;664.9;671.3;660.6;668.4;405004;0
TATNP;D;20250124;000000;670.5;670.5;662.1;666.3;283576;0
TATNP;D;20250127;000000;668;668;653;656.3;383950;0
TATNP;D;20250128;000000;656;670.5;650.3;664.9;719019;0
TATNP;D;20250129;000000;664.9;670;660.9;664;351615;0
TATNP;D;20250130;000000;664.9;672;663;671.9;346685;0
TATNP;D;20250131;000000;672.1;676.6;662.7;667;421361;0
TATNP;D;20250203;000000;666;670.5;660.3;667.7;250900;0
TATNP;D;20250204;000000;667.7;674;665;667.4;252801;0
TATNP;D;20250205;000000;667.4;669.9;656.1;668.5;422146;0
TATNP;D;20250206;000000;668.6;674;661.6;673.7;381049;0
TATNP;D;20250207;000000;673.5;682;667.9;674.4;290650;0
TATNP;D;20250210;000000;674.4;683.5;674.4;676.6;259699;0
TATNP;D;20250211;000000;676.6;681.8;674.6;679.4;218977;0
TATNP;D;20250212;000000;680.4;720.5;677;718;1078533;0
TATNP;D;20250213;000000;720;743;691.9;700.9;1069336;0
TATNP;D;20250214;000000;701;713.6;682.4;693.9;1302142;0
TATNP;D;20250217;000000;700;719.6;690.2;716.5;541521;0
TATNP;D;20250218;000000;717;720;701;705.3;661081;0
TATNP;D;20250219;000000;707;719;703;713.6;425203;0
TATNP;D;20250220;000000;714;719.3;708.1;714.1;298536;0
TATNP;D;20250221;000000;714.1;727;712.8;722.6;456256;0
TATNP;D;20250224;000000;722.6;726;699.2;714;1232052;0
TATNP;D;20250225;000000;714.6;721;710.1;715.1;1009103;0
TATNP;D;20250226;000000;715.3;718;686.9;692.3;1118623;0
TATNP;D;20250227;000000;690.3;697.5;670.5;674.1;859480;0
TATNP;D;20250228;000000;677;701.4;668.1;694.2;731328;0
TATNP;D;20250303;000000;700.3;704.7;665.6;676.3;1281309;0
TATNP;D;20250304;000000;676.3;683.5;666.5;680.4;913572;0
TATNP;D;20250305;000000;680.4;683.2;672.1;675.7;997736;0
TATNP;D;20250306;000000;675;679;660;662.1;693825;0
TATNP;D;20250307;000000;664.8;669.2;647;658.3;523681;0
TATNP;D;20250310;000000;659;664;649;650.7;356155;0
TATNP;D;20250311;000000;651.9;656.5;641.6;653.2;603592;0
TATNP;D;20250312;000000;654.2;655;641;649.5;486538;0
TATNP;D;20250313;000000;652;669.3;643.2;657.6;1149409;0
TATNP;D;20250314;000000;657;671;649.1;668.2;839605;0
TATNP;D;20250317;000000;670.4;682.5;663;670;1020325;0
TATNP;D;20250318;000000;672.5;672.5;655;661.7;736219;0
TATNP;D;20250319;000000;661;666.1;655.4;661.2;401038;0
TATNP;D;20250320;000000;661.3;665.8;647.1;656.2;936347;0
TATNP;D;20250321;000000;656.2;661;650.1;654.1;328605;0
TATNP;D;20250324;000000;654.2;655.7;641.1;645.8;737462;0
TATNP;D;20250325;000000;645.8;657.5;639.9;655.2;451826;0
TATNP;D;20250326;000000;655.2;671.5;649.7;651.8;679033;0
TATNP;D;20250327;000000;653.7;656;645.4;649;349328;0
TATNP;D;20250328;000000;653;657.7;637;642.5;1124738;0
TATNP;D;20250331;000000;642.6;648.6;623.4;628.6;1445039;0
TATNP;D;20250401;000000;632.7;634.7;614.7;615;510911;0
TATNP;D;20250402;000000;616.3;630.3;608.7;628.2;663940;0
TATNP;D;20250403;000000;628.2;636.6;612.3;618.4;1269149;0
TATNP;D;20250404;000000;619;629.1;595;598.8;1016449;0
TATNP;D;20250407;000000;596.8;618;571.1;611.8;2376016;0
TATNP;D;20250408;000000;612.1;629.5;594.1;598.2;1040674;0
TATNP;D;20250409;000000;598;610.2;576;608.1;1627503;0
TATNP;D;20250410;000000;609;634.6;604;630.2;1752278;0
TATNP;D;20250411;000000;633.3;655;630.4;651.9;772879;0
TATNP;D;20250414;000000;655.6;661;640.3;648.6;476660;0
TATNP;D;20250415;000000;648.6;649.7;638.6;646.2;254795;0
TATNP;D;20250416;000000;644.3;655;638.5;648;355890;0
TATNP;D;20250417;000000;650;659.8;642.7;656.9;324555;0
TATNP;D;20250418;000000;650.7;658;643.2;653.5;389886;0
TATNP;D;20250421;000000;656.9;672;653.2;669.3;523812;0
TATNP;D;20250422;000000;670;677;666;673.6;413163;0
TATNP;D;20250423;000000;676;676;659;666.6;401313;0
TATNP;D;20250424;000000;666;668.8;660;662.5;232791;0
TATNP;D;20250425;000000;664.3;681;662.8;680.5;398253;0
TATNP;D;20250428;000000;680.9;692.2;671.8;683.6;615235;0
TATNP;D;20250429;000000;685;688.9;668.3;680;556852;0
TATNP;D;20250430;000000;680.1;683.9;665;672.7;415860;0
TATNP;D;20250502;000000;672.7;672.9;657.2;661.7;279090;0
TATNP;D;20250505;000000;662.2;667.9;640.4;645.2;478442;0
TATNP;D;20250506;000000;646;656.7;641.3;645.4;541166;0
TATNP;D;20250507;000000;646.3;658.5;642.2;652.4;430735;0
TATNP;D;20250508;000000;652;659.9;650.2;655.5;128192;0
TATNP;D;20250512;000000;660;682.7;659;677.1;419829;0
TATNP;D;20250513;000000;677.3;680;671.2;675;267286;0
TATNP;D;20250514;000000;675.8;679.8;666;666.6;269622;0
TATNP;D;20250515;000000;669.2;670;652.4;659.8;414640;0
TATNP;D;20250516;000000;659.8;674;650.1;663.4;421059;0
TATNP;D;20250519;000000;664.9;675.2;661.1;664.9;502812;0
TATNP;D;20250520;000000;667;667.8;650.1;653.4;348248;0
TATNP;D;20250521;000000;655.1;658.9;649;649.1;284906;0
TATNP;D;20250522;000000;649.1;658.4;640;651.7;599028;0
TATNP;D;20250523;000000;650.5;663.2;650.5;657.9;478493;0
TATNP;D;20250526;000000;658.8;659.2;644.4;649.7;358126;0
TATNP;D;20250527;000000;649.7;656.7;636.5;652.8;472955;0
TATNP;D;20250528;000000;653;665.8;653;665.6;612165;0
TATNP;D;20250529;000000;664.7;679.6;659.3;668.3;902175;0
TATNP;D;20250530;000000;668.1;679.7;663.6;677;858870;0
TATNP;D;20250602;000000;632.4;638.7;615;627.6;1464019;0
TATNP;D;20250603;000000;628;638.5;628;638;518264;0
TATNP;D;20250604;000000;637.1;641.5;633.5;635.3;388963;0
TATNP;D;20250605;000000;634.3;639.9;634.3;637.2;231666;0
TATNP;D;20250606;000000;637.2;658;629.2;629.3;737762;0
TATNP;D;20250609;000000;633.7;634;614.5;624.7;405434;0
TATNP;D;20250610;000000;625.9;628.4;596.5;599.3;912302;0
TATNP;D;20250611;000000;602.5;610.1;597.9;603.6;453331;0
TATNP;D;20250613;000000;614;628.8;606.3;628.3;486378;0
TATNP;D;20250616;000000;628.8;646.6;610.2;613.8;1155472;0
TATNP;D;20250617;000000;614.9;630;612;627.8;387883;0
TATNP;D;20250618;000000;627.9;633.3;623.5;626;321279;0
TATNP;D;20250619;000000;627.8;627.9;618;623.3;516753;0
TATNP;D;20250620;000000;625.1;626.6;615;621.1;315572;0
TATNP;D;20250623;000000;629;629.7;613.8;615.5;394054;0
TATNP;D;20250624;000000;615;617.9;604.2;616.7;365694;0
TATNP;D;20250625;000000;617;625.8;610.5;621.1;359951;0
TATNP;D;20250626;000000;621.1;624.8;619;620.8;159807;0
TATNP;D;20250627;000000;621;630.8;616.4;629;437502;0
TATNP;D;20250630;000000;629.9;633.4;625.5;629.9;380579;0
TATNP;D;20250701;000000;629.9;631.6;617;619.1;385123;0
TATNP;D;20250702;000000;620.7;621.8;613.6;616.6;330419;0
TATNP;D;20250703;000000;617;622.6;612.1;612.5;301139;0
TATNP;D;20250704;000000;612.6;624.1;607.2;618.5;382841;0
TATNP;D;20250707;000000;618;620.8;611.5;613.3;228417;0
TATNP;D;20250708;000000;613.3;617.7;601.1;603.5;525284;0
TATNP;D;20250709;000000;604;607;583;587;934056;0
TATNP;D;20250710;000000;587.2;603.6;585.5;600.8;463314;0
TATNP;D;20250711;000000;601;601;574.1;579;860702;0
TATNP;D;20250714;000000;580.1;605.2;568;596.3;728473;0
TATNP;D;20250715;000000;597;600.1;593.3;595.1;293065;0
TATNP;D;20250716;000000;595.1;607;592.6;602.2;328158;0
TATNP;D;20250717;000000;602.2;607.1;598.5;600.8;290099;0
TATNP;D;20250718;000000;600;628;599;627.6;673065;0
TATNP;D;20250721;000000;627.6;636.3;621.6;628;486119;0
TATNP;D;20250722;000000;625;632.3;620.2;631.4;208185;0
TATNP;D;20250723;000000;631.4;638;631.4;633.7;299039;0
TATNP;D;20250724;000000;632.3;638.8;629;633.2;191511;0
TATNP;D;20250725;000000;633.3;637.9;620.2;628.6;482877;0
TATNP;D;20250728;000000;629.1;632.6;616.2;621.3;388272;0
TATNP;D;20250729;000000;622.7;623.7;608;610.3;548015;0
TATNP;D;20250730;000000;612.6;615.4;605.5;609;364135;0
TATNP;D;20250731;000000;609.5;611.8;601.4;608.1;443523;0
TATNP;D;20250801;000000;608.8;612.8;605.5;610.6;323575;0
TATNP;D;20250804;000000;610.6;624;610.6;623.4;446305;0
TATNP;D;20250805;000000;622.5;630;620.5;629.1;283221;0
TATNP;D;20250806;000000;630;662.5;614;643.1;1098859;0
TATNP;D;20250807;000000;643;664.4;638.7;659.1;1129885;0
TATNP;D;20250808;000000;659.5;690.6;652.2;686.3;1486759;0
TATNP;D;20250811;000000;687;700;682.8;686.8;1219180;0
TATNP;D;20250812;000000;685.6;696.5;681.3;688.8;715858;0
TATNP;D;20250813;000000;690;692.4;669.9;674.1;871208;0
TATNP;D;20250814;000000;674.1;692.7;668.2;688.7;882575;0
TATNP;D;20250815;000000;688.8;691;684.2;689.9;465046;0
TATNP;D;20250818;000000;685;685.1;658;668.4;1292047;0
TATNP;D;20250819;000000;670;675.6;660.3;660.5;700033;0
TATNP;D;20250820;000000;659;664.4;653.1;656;338431;0
TATNP;D;20250821;000000;655.2;661;638.8;643.2;494763;0
TATNP;D;20250822;000000;643.2;646.3;631.2;636.5;709087;0
TATNP;D;20250825;000000;636.5;640.3;624.1;630.2;362038;0
TATNP;D;20250826;000000;630.5;636.7;622;626.1;398569;0
TATNP;D;20250827;000000;627.4;627.5;618;623.1;472689;0
TATNP;D;20250828;000000;622.3;622.8;610.1;611.6;436090;0
TATNP;D;20250829;000000;612;619;608.4;617.7;532734;0
TATNP;D;20250901;000000;618.5;625.9;614.5;616;336394;0
TATNP;D;20250902;000000;616.2;617.9;606.4;613.2;334460;0
TATNP;D;20250903;000000;614;622.1;608;618.9;324597;0
TATNP;D;20250904;000000;618.9;621.3;613.5;619.9;208470;0
TATNP;D;20250905;000000;619.9;627.7;617;624.9;379710;0
TATNP;D;20250908;000000;625.1;626.8;614.2;618.9;535297;0
TATNP;D;20250909;000000;618.3;623.3;617;620.1;337452;0
TATNP;D;20250910;000000;620.1;622.5;617;617;257733;0
TATNP;D;20250911;000000;617;622.8;616;620.1;252964;0
TATNP;D;20250912;000000;621;622.5;607.3;613;542730;0
TATNP;D;20250915;000000;611.8;614;604.1;607;408101;0
TATNP;D;20250916;000000;607.6;609.9;597.4;602.2;384212;0
TATNP;D;20250917;000000;602.2;603.5;595.1;600.6;278557;0
TATNP;D;20250918;000000;600.6;602.3;588.3;590.6;565687;0
TATNP;D;20250919;000000;591.7;593.7;587.5;588.2;315611;0
TATNP;D;20250922;000000;588.8;592.7;575.3;590.5;623113;0
TATNP;D;20250923;000000;590.5;591.4;574.7;578.7;470090;0
TATNP;D;20250924;000000;580;594.5;571;590.1;381225;0
TATNP;D;20250925;000000;590.1;598.5;589.1;590.9;324580;0
TATNP;D;20250926;000000;590.9;609.5;587;606.6;631023;0
TATNP;D;20250929;000000;606.8;609.8;592.1;595.1;641006;0
TATNP;D;20250930;000000;595.1;599.2;584.5;590;499800;0
TATNP;D;20251001;000000;592;594.7;575.2;578.4;588268;0
TATNP;D;20251002;000000;578.4;582;562;562.8;632863;0
TATNP;D;20251003;000000;562.8;569;545.5;546.8;635159;0
TATNP;D;20251006;000000;549.5;556.7;535.6;555;983763;0
TATNP;D;20251007;000000;555.9;568;551.2;567.9;648733;0
TATNP;D;20251008;000000;567.9;569.7;540.6;547.4;545042;0
TATNP;D;20251009;000000;548.8;574.9;538.7;571.7;768195;0
TATNP;D;20251010;000000;573.8;577.9;550;551.9;586235;0
TATNP;D;20251013;000000;553;565.8;548.9;562;844234;0
TATNP;D;20251014;000000;543.5;543.7;524.3;525.2;845313;0
TATNP;D;20251015;000000;526.2;528.5;508.2;509.7;1090750;0
TATNP;D;20251016;000000;510.2;549.8;502.6;546.5;1497020;0
TATNP;D;20251017;000000;543.1;565.4;542.7;562.9;732733;0
TATNP;D;20251020;000000;565;573;559.6;562.9;418412;0
TATNP;D;20251021;000000;562.9;569.6;530.6;555.1;897204;0
TATNP;D;20251022;000000;555;555;526.6;540.2;518789;0
TATNP;D;20251023;000000;532.1;539.8;518.9;524.5;533355;0
TATNP;D;20251024;000000;526.2;532.8;512;516.5;408036;0
TATNP;D;20251027;000000;518.3;520.7;484.5;485.1;947292;0
TATNP;D;20251028;000000;485.5;495.7;477.8;493.7;681203;0
TATNP;D;20251029;000000;496.5;511.8;491;507.8;709103;0
TATNP;D;20251030;000000;509.3;517.2;503.1;513.7;414897;0
TATNP;D;20251031;000000;513.9;518.7;495.5;501.8;439472;0
TATNP;D;20251101;000000;501.8;511.5;499.4;508.9;155461;0
TATNP;D;20251103;000000;512;525.8;510.6;523.6;406154;0
TATNP;D;20251105;000000;523.1;525.6;515.8;519.3;481165;0
TATNP;D;20251106;000000;519.3;521.7;512.3;513.7;242570;0
TATNP;D;20251107;000000;513.5;532.4;511.4;530.6;403358;0
TATNP;D;20251110;000000;530.6;537.6;525.3;526.3;337155;0
TATNP;D;20251111;000000;527.5;531.9;518;530;424645;0
TATNP;D;20251112;000000;531.8;531.8;518;521.9;286695;0
TATNP;D;20251113;000000;522;523.1;517;519.5;229527;0
TATNP;D;20251114;000000;519.8;521.5;515.1;517.1;187933;0
TATNP;D;20251117;000000;517.1;519.3;510;512;349752;0
TATNP;D;20251118;000000;514.8;537;510.2;531.2;899421;0
TATNP;D;20251119;000000;530.2;569;526.6;559.8;1418012;0
TATNP;D;20251120;000000;559.8;606.8;555.9;590.2;1412668;0
TATNP;D;20251121;000000;590.3;595;570.6;590.9;913315;0
TATNP;D;20251124;000000;591;594.9;561.3;562.9;949918;0
TATNP;D;20251125;000000;565.4;570.1;553.3;564.9;685008;0
TATNP;D;20251126;000000;564.9;566.6;551;552;551422;0
TATNP;D;20251127;000000;552.5;559;536.3;537;720669;0
TATNP;D;20251128;000000;537.3;563.7;536.3;561;944733;0
TATNP;D;20251201;000000;560.2;566.6;552.6;555.4;784008;0
TATNP;D;20251202;000000;555.4;560;550.4;556;270147;0
TATNP;D;20251203;000000;551;552;542.1;549.7;386009;0
TATNP;D;20251204;000000;552.1;554.9;546.4;548.4;185282;0
TATNP;D;20251205;000000;548.6;570.5;548.4;566.2;580707;0
TATNP;D;20251208;000000;564.9;571;550.6;552.9;510636;0
TATNP;D;20251209;000000;553;568.9;549.3;561.9;563228;0
TATNP;D;20251210;000000;563.7;564.4;557.7;559.7;238132;0
TATNP;D;20251211;000000;558.3;571.4;558.3;566.9;418407;0
TATNP;D;20251212;000000;564.2;573;554;555.2;538968;0
TATNP;D;20251215;000000;556.5;567.2;554.4;564.7;471525;0
TATNP;D;20251216;000000;564.7;568.8;560;566.3;300360;0
TATNP;D;20251217;000000;567;569;553.6;559.9;413906;0
TATNP;D;20251218;000000;562.9;565.5;543.5;550.3;717415;0
TATNP;D;20251219;000000;550.4;557.8;543.6;547.4;691721;0
TATNP;D;20251222;000000;549.9;550.4;531;534.8;641359;0
TATNP;D;20251223;000000;535.4;537.4;531;534.3;373889;0
TATNP;D;20251224;000000;535.4;536.8;530.2;531.2;248463;0
TATNP;D;20251225;000000;532.1;532.8;523.8;529.4;350514;0
TATNP;D;20251226;000000;529;541.7;528.8;541;386693;0
TATNP;D;20251229;000000;541.1;549;528;528.8;845649;0
TATNP;D;20251230;000000;530.9;541.9;529.1;541.9;452633;0
TATNP;D;20260105;000000;541.8;542.7;530.8;540.7;252466;0
TATNP;D;20260106;000000;541.5;543.5;535.2;537.5;198558;0
TATNP;D;20260108;000000;536.8;536.9;531.8;533;294379;0
TATNP;D;20260109;000000;525.9;527.7;524.1;527;172978;0
TATNP;D;20260112;000000;527.5;529;520.9;522.3;317594;0
TATNP;D;20260113;000000;523;524;509.9;514.1;369083;0
TATNP;D;20260114;000000;514.4;526.5;508;521.1;537640;0
TATNP;D;20260115;000000;521.1;529;520.6;527.9;290124;0
TATNP;D;20260116;000000;527.9;530.8;524.4;528;227758;0
TATNP;D;20260119;000000;531.4;531.4;524.6;526.3;339514;0
TATNP;D;20260120;000000;526.8;527.7;519.5;523;212714;0
TATNP;D;20260121;000000;523.1;537.2;519.2;535.4;402556;0
TATNP;D;20260122;000000;533.1;541.4;528.5;534.9;501278;0
TATNP;D;20260123;000000;535;540;529.4;536.3;224794;0
TATNP;D;20260126;000000;536.9;539.3;527.4;529.5;573190;0
TATNP;D;20260127;000000;529.5;538.5;528.5;537.5;388058;0
TATNP;D;20260128;000000;537.7;546.8;537.1;541.8;575663;0
TATNP;D;20260129;000000;540.4;557.6;540.4;549.1;1081891;0
TATNP;D;20260130;000000;549.2;552.7;540.8;545.3;340323;0
TATNP;D;20260202;000000;548;551.8;535.3;541.4;414819;0
TATNP;D;20260203;000000;541.4;542.8;535.6;539.2;259961;0
TATNP;D;20260204;000000;539.2;547;535.6;538.6;434792;0
TATNP;D;20260205;000000;538.9;542.2;528.3;534.4;479388;0
TATNP;D;20260206;000000;534.3;536.5;529.3;530;242589;0
TATNP;D;20260209;000000;531.1;533;521.2;524.8;256578;0
TATNP;D;20260210;000000;524.9;526.6;516.3;518.2;443150;0
TATNP;D;20260211;000000;519.8;525.6;516.7;521.3;363009;0
TATNP;D;20260212;000000;523;532;520.3;522.2;378969;0
TATNP;D;20260213;000000;522.1;526.4;519.5;523.8;414401;0
TATNP;D;20260216;000000;524;527.7;521;522.8;251989;0
TATNP;D;20260217;000000;522.8;527;521.9;523.8;285451;0
TATNP;D;20260218;000000;524.4;524.9;518.3;523.5;298020;0
TATNP;D;20260219;000000;523.6;525.9;516.9;517;441514;0
TATNP;D;20260220;000000;518.9;520;514.3;518.2;234877;0
TATNP;D;20260224;000000;518.5;521.9;514.6;515.8;418411;0
TATNP;D;20260225;000000;516.5;518.6;514.3;517.8;225059;0
TATNP;D;20260226;000000;521.5;521.5;514;515.8;327080;0
TATNP;D;20260227;000000;515.8;520.5;514.9;519.5;273941;0
TATNP;D;20260302;000000;521;574.4;520.5;572.1;3258759;0
TATNP;D;20260303;000000;575.6;610.6;571.7;581.8;4917232;0
TATNP;D;20260304;000000;582.4;595.5;565.1;568.9;1724498;0
TATNP;D;20260305;000000;572;589.1;569;582.5;1242647;0
TATNP;D;20260306;000000;584.2;601.9;578.9;599.3;1579333;0
TATNP;D;20260309;000000;622.4;651.1;597.1;600.1;3176649;0
TATNP;D;20260310;000000;602.8;609;580;592.4;2085994;0
TATNP;D;20260311;000000;588.9;592;580.3;586.9;704263;0
TATNP;D;20260312;000000;601;603.2;589.2;595.5;866353;0
TATNP;D;20260313;000000;597.1;597.2;585.6;591;697796;0
TATNP;D;20260316;000000;591.7;599;588.3;589.1;925791;0
TATNP;D;20260317;000000;589.3;594;586.3;587;277816;0
TATNP;D;20260318;000000;586;598;581;593.6;786062;0
TATNP;D;20260319;000000;597.7;614.4;594.4;602;1586561;0
TATNP;D;20260320;000000;601.5;610.6;598.4;609.9;803633;0
TATNP;D;20260323;000000;610;618.1;593.7;597.1;1165719;0
TATNP;D;20260324;000000;601;606;592.6;598.2;490771;0
TATNP;D;20260325;000000;599.3;601.5;594.1;599.1;482524;0
TATNP;D;20260326;000000;600.5;608.4;598.6;604.6;684214;0
TATNP;D;20260327;000000;603.5;616.4;599.7;613;1049571;0
TATNP;D;20260330;000000;612.9;616.2;603;613;835060;0
TATNP;D;20260331;000000;613;614.7;594.6;595.9;744072;0
TATNP;D;20260401;000000;596.1;599.5;581.1;587.7;631090;0
TATNP;D;20260402;000000;590.9;596.6;586;591.7;648756;0
TATNP;D;20260403;000000;592.5;594.6;582.2;588.5;322750;0
TATNP;D;20260406;000000;588.7;590;576.7;588;471940;0
TATNP;D;20260407;000000;588;599;584.9;590.2;521797;0
TATNP;D;20260408;000000;567.9;575.9;561.3;574.9;674328;0
TATNP;D;20260409;000000;575.5;581.3;567.7;570;501914;0
TATNP;D;20260410;000000;570;571.9;558.2;560.2;287884;0
TATNP;D;20260413;000000;560.3;590;557;562;736192;0
TATNP;D;20260414;000000;562;568.2;545;551.8;651798;0
TATNP;D;20260415;000000;553;557.2;541.9;552.7;488794;0
TATNP;D;20260416;000000;552;557.8;546.4;549.6;479151;0
TATNP;D;20260417;000000;550.6;556.5;530;535.2;1206727;0
TATNP;D;20260420;000000;538.5;554.9;538.4;546.3;765107;0
TATNP;D;20260421;000000;548.8;556.4;542.8;553.7;380897;0
TATNP;D;20260422;000000;552.5;561;550.2;560.4;284826;0
TATNP;D;20260423;000000;559.4;567;559.4;563.3;377583;0
TATNP;D;20260424;000000;565;567.2;551.8;557.7;339597;0
TATNP;D;20260427;000000;556.8;569.8;552.6;569.8;431543;0
TATNP;D;20260428;000000;569.5;579.4;563.6;565.2;1070321;0
TATNP;D;20260429;000000;564.5;569.7;546.1;547.6;932000;0
TATNP;D;20260430;000000;548.5;555.4;542.4;549.5;477603;0
TATNP;D;20260504;000000;550;550.4;533.2;545.9;556216;0
TATNP;D;20260505;000000;545.9;551;537.1;549;289331;0
TATNP;D;20260506;000000;550;550.2;532;536.8;390393;0
TATNP;D;20260507;000000;536.8;539.5;531;534.9;243078;0
TATNP;D;20260508;000000;534.9;546.6;531.9;544;203556;0
TATNP;D;20260511;000000;546;552.4;545.2;549.3;138493;0
TATNP;D;20260512;000000;549.3;568;546.3;564.7;401073;0
TATNP;D;20260513;000000;564.7;577.6;560.1;571.9;452392;0
TATNP;D;20260514;000000;571.1;581;568;571.5;638509;0
TATNP;D;20260515;000000;574.9;578.8;568.4;574;292669;0
TATNP;D;20260518;000000;574;589;568.6;586.9;593316;0
TATNP;D;20260519;000000;587;592.9;586;586.9;271484;0
TATNP;D;20260520;000000;586.5;591.1;571.2;579.8;562228;0
TATNP;D;20260521;000000;579.8;598;569.2;589.3;949917;0
TATNP;D;20260522;000000;588.9;597.2;579.3;583.6;293728;0
