event_id,tag_code
010b3557-f400-4d4b-8cdc-f750db7d59db,SANCTIONS
0115d475-7400-4ee5-9aee-9e7f4025f912,SANCTIONS
017f1eba-7c00-4bed-8a0c-e5ee2c76f009,SANCTIONS
017f2b9a-7200-4fca-a35a-c68140153c96,SANCTIONS
017f5c86-fc00-47eb-8988-aeb8b647cc14,SANCTIONS
017fbe5f-7000-4aa7-b4d4-3688dbe73a96,SANCTIONS
01808c5d-f000-4f60-85eb-0aa34a373e1a,SANCTIONS
01819302-7400-4bdb-8219-df4aec4b9fc7,SANCTIONS
0182df2c-7200-4a21-96e5-597baa799d81,SANCTIONS
01845ed6-7800-41fd-af56-a56104072a56,SANCTIONS
0185cc79-fc00-46ca-8a45-fd3c3a0342f8,SANCTIONS
0187b08f-7400-42c0-86b2-cb3b9c32c53a,SANCTIONS
018aad4f-f200-4fd7-b70e-c8542739fc0b,SANCTIONS
018d242a-f800-4853-a1e8-f733ad482572,SANCTIONS
018f0d66-fc00-41c3-be76-62cafd51bfeb,SANCTIONS
0191fab4-7600-4bfb-9b0b-997c8ce2e296,SANCTIONS
01947422-7a00-4043-9d7c-aa926dba1f1a,SANCTIONS
0195fe18-f800-410c-867b-a750ba85bf86,SANCTIONS
01977b2f-f000-49e3-9ed4-560b05defbc0,SANCTIONS
0198ffff-f200-4b06-8255-6eef2a87d975,SANCTIONS
010b3557-f400-4ade-9d7d-9e5e0558d163,SANCTIONS
0115d475-7400-49e8-bc69-cf1695cd9f16,SANCTIONS
017f1eba-7c00-4a09-b0ae-7fb048f2376a,SANCTIONS
017f2b9a-7200-4e6e-bd82-9da51f575bd3,SANCTIONS
017f5c86-fc00-4bda-b58f-dc6b1ea4dc81,SANCTIONS
017fbe5f-7000-43f6-b297-6ac26c2b21f3,SANCTIONS
01808c5d-f000-4a32-b589-5e71ec54e94b,SANCTIONS
01819302-7400-4b2a-966f-0b2829f35a0a,SANCTIONS
0182df2c-7200-4454-9b9f-fc96608eb0ce,SANCTIONS
01845ed6-7800-48d7-bd6a-3dece3d0483b,SANCTIONS
0185cc79-fc00-4dd1-9323-96318a82560e,SANCTIONS
0187b08f-7400-4774-b919-830c6f641dd7,SANCTIONS
018aad4f-f200-4824-8c3d-fdb306b3cfc2,SANCTIONS
018d242a-f800-4915-bf9f-1d36c52da154,SANCTIONS
018f0d66-fc00-4134-a4b5-e15d388232fb,SANCTIONS
0191fab4-7600-410f-b214-75eace184a18,SANCTIONS
01947422-7a00-41e9-aeb7-7d854b4d0927,SANCTIONS
0195fe18-f800-4303-b001-aa9c19d2b32e,SANCTIONS
01977b2f-f000-479c-8ff7-76606befb17d,SANCTIONS
0198ffff-f200-4230-9132-341d52df8b13,SANCTIONS
651f13af-ecd8-5d44-84c0-b008eae0d29e,AFLT
651f13af-ecd8-5d44-84c0-b008eae0d29e,DIVIDEND_ANNOUNCEMENT
5793f1d1-8ebd-5cd9-b30e-f7808b89f871,AFLT
5793f1d1-8ebd-5cd9-b30e-f7808b89f871,DIVIDEND_PAYMENT
9cfe9bd0-f005-56d7-9aaa-20422cbcd905,AFLT
9cfe9bd0-f005-56d7-9aaa-20422cbcd905,DIVIDEND_ANNOUNCEMENT
b483d85a-f2f9-58d8-b866-766599044ddc,AFLT
b483d85a-f2f9-58d8-b866-766599044ddc,DIVIDEND_PAYMENT
37b9593c-383d-5c9c-b86d-2d5094264b4a,AFLT
37b9593c-383d-5c9c-b86d-2d5094264b4a,DIVIDEND_ANNOUNCEMENT
49c54072-e0e2-5df4-b47b-ff010dc93c81,AFLT
49c54072-e0e2-5df4-b47b-ff010dc93c81,DIVIDEND_PAYMENT
724a7db9-cfa8-5062-ac51-a943cad89155,AFLT
724a7db9-cfa8-5062-ac51-a943cad89155,DIVIDEND_ANNOUNCEMENT
961e2e99-08b0-5651-adb4-7248ed3350ff,AFLT
961e2e99-08b0-5651-adb4-7248ed3350ff,DIVIDEND_PAYMENT
5248077c-04ca-56b5-931e-643341cf532e,AFLT
5248077c-04ca-56b5-931e-643341cf532e,DIVIDEND_ANNOUNCEMENT
c6a47887-888f-5746-aadf-92e15783f2b0,AFLT
c6a47887-888f-5746-aadf-92e15783f2b0,DIVIDEND_PAYMENT
7eb4f044-9268-5d31-befb-0467e7f4f7e3,AFLT
7eb4f044-9268-5d31-befb-0467e7f4f7e3,DIVIDEND_ANNOUNCEMENT
7064d690-6238-52e5-b4c4-e6b9ff37a2b8,AFLT
7064d690-6238-52e5-b4c4-e6b9ff37a2b8,DIVIDEND_PAYMENT
25ac88b8-4aff-533d-9477-9c76dd36ff1b,AFLT
25ac88b8-4aff-533d-9477-9c76dd36ff1b,DIVIDEND_ANNOUNCEMENT
7ecfea71-ea9a-5053-80e3-28d9fac88cb7,AFLT
7ecfea71-ea9a-5053-80e3-28d9fac88cb7,DIVIDEND_PAYMENT
737b8533-2ceb-569b-8053-a5be580940d8,AFLT
737b8533-2ceb-569b-8053-a5be580940d8,DIVIDEND_ANNOUNCEMENT
9da06aa2-cde6-5fcb-aa5b-4a5b4ce7e96a,AFLT
9da06aa2-cde6-5fcb-aa5b-4a5b4ce7e96a,DIVIDEND_PAYMENT
da5e3357-c3ac-505a-b244-864d91dc73ef,AFLT
da5e3357-c3ac-505a-b244-864d91dc73ef,DIVIDEND_ANNOUNCEMENT
6bc10149-dd22-5c36-815b-dd728b906e94,AFLT
6bc10149-dd22-5c36-815b-dd728b906e94,DIVIDEND_PAYMENT
561a5e02-fff8-57fd-9a96-bd96339eabb4,AFLT
561a5e02-fff8-57fd-9a96-bd96339eabb4,DIVIDEND_ANNOUNCEMENT
7d367e34-5156-5547-b9ff-b7b2dc02647e,AFLT
7d367e34-5156-5547-b9ff-b7b2dc02647e,DIVIDEND_PAYMENT
022726c0-ea39-5566-9028-3a0678fe3cb0,AFLT
022726c0-ea39-5566-9028-3a0678fe3cb0,DIVIDEND_ANNOUNCEMENT
bd85c17b-8aaf-5c70-9b33-d3ca46cf28fd,AFLT
bd85c17b-8aaf-5c70-9b33-d3ca46cf28fd,DIVIDEND_PAYMENT
cb3d9e11-b716-57d4-afd7-f9acded3240e,AFLT
cb3d9e11-b716-57d4-afd7-f9acded3240e,DIVIDEND_ANNOUNCEMENT
70c4de73-b39d-5bfd-b09e-5fc9a0633c6b,AFLT
70c4de73-b39d-5bfd-b09e-5fc9a0633c6b,DIVIDEND_PAYMENT
2e6cde8b-5c4e-59aa-9b83-0db6c23475ab,AFLT
2e6cde8b-5c4e-59aa-9b83-0db6c23475ab,DIVIDEND_ANNOUNCEMENT
76bce378-9007-5391-82ad-ea0ae246206b,AFLT
76bce378-9007-5391-82ad-ea0ae246206b,DIVIDEND_PAYMENT
2d8e965a-3f10-50b5-91d4-0fd730528236,AFLT
2d8e965a-3f10-50b5-91d4-0fd730528236,DIVIDEND_ANNOUNCEMENT
e1198ebb-eb9d-5f48-90dd-200aa97b6d3e,AFLT
e1198ebb-eb9d-5f48-90dd-200aa97b6d3e,DIVIDEND_PAYMENT
f997b69d-3422-5a43-9971-f7b2b013629a,AFLT
f997b69d-3422-5a43-9971-f7b2b013629a,DIVIDEND_ANNOUNCEMENT
9b29a1c8-1fc1-5c1a-8004-a9ee1384747b,AFLT
9b29a1c8-1fc1-5c1a-8004-a9ee1384747b,DIVIDEND_PAYMENT
c0867a00-48e2-590a-9bb5-ce8b0684a91e,AFLT
c0867a00-48e2-590a-9bb5-ce8b0684a91e,DIVIDEND_ANNOUNCEMENT
7dcae3d7-3178-5de3-b883-20829a9826db,AFLT
7dcae3d7-3178-5de3-b883-20829a9826db,DIVIDEND_PAYMENT
d9c6d4d0-632b-5e84-a161-63fceda1bc1a,AFLT
d9c6d4d0-632b-5e84-a161-63fceda1bc1a,DIVIDEND_ANNOUNCEMENT
8494f1b9-317a-5b95-b402-f1fb3489c1c2,AFLT
8494f1b9-317a-5b95-b402-f1fb3489c1c2,DIVIDEND_PAYMENT
6643e8b4-4c2a-54c6-aba4-6896e9000b15,AFLT
6643e8b4-4c2a-54c6-aba4-6896e9000b15,DIVIDEND_ANNOUNCEMENT
bc29243a-8479-585f-bdae-b08457484cce,AFLT
bc29243a-8479-585f-bdae-b08457484cce,DIVIDEND_PAYMENT
51d3971b-a991-502d-8d76-f6366edca75d,AFLT
51d3971b-a991-502d-8d76-f6366edca75d,DIVIDEND_ANNOUNCEMENT
5a8c4ee6-1eeb-5244-913f-65efc79fa77b,AFLT
5a8c4ee6-1eeb-5244-913f-65efc79fa77b,DIVIDEND_PAYMENT
c4e18e5e-0dab-5911-98d5-0d435c8195b4,ALRS
c4e18e5e-0dab-5911-98d5-0d435c8195b4,DIVIDEND_ANNOUNCEMENT
c3b89720-cf16-5302-812b-9271991c9223,ALRS
c3b89720-cf16-5302-812b-9271991c9223,DIVIDEND_PAYMENT
eeb2f052-273c-5189-9019-f0af2d845c8d,ALRS
eeb2f052-273c-5189-9019-f0af2d845c8d,DIVIDEND_ANNOUNCEMENT
9277d51f-73e7-5c79-a23d-ef217c060099,ALRS
9277d51f-73e7-5c79-a23d-ef217c060099,DIVIDEND_PAYMENT
fe15a82f-1940-56b2-a8bb-aafb593c3fb1,ALRS
fe15a82f-1940-56b2-a8bb-aafb593c3fb1,DIVIDEND_ANNOUNCEMENT
dfc19c3a-39dc-5871-9528-cc9ed3876dff,ALRS
dfc19c3a-39dc-5871-9528-cc9ed3876dff,DIVIDEND_PAYMENT
18796d56-aeac-5a90-850b-eb6ce7b192f8,ALRS
18796d56-aeac-5a90-850b-eb6ce7b192f8,DIVIDEND_ANNOUNCEMENT
280ce16a-4b14-5b75-875b-a0174e0bb2cb,ALRS
280ce16a-4b14-5b75-875b-a0174e0bb2cb,DIVIDEND_PAYMENT
a7fd2c12-1194-58d6-9c4f-072336618c00,ALRS
a7fd2c12-1194-58d6-9c4f-072336618c00,DIVIDEND_ANNOUNCEMENT
443eb2b3-c4e6-5cb4-a517-841db1ffd971,ALRS
443eb2b3-c4e6-5cb4-a517-841db1ffd971,DIVIDEND_PAYMENT
039a4284-8d39-56f0-ae29-7c6014c54f4f,ALRS
039a4284-8d39-56f0-ae29-7c6014c54f4f,DIVIDEND_ANNOUNCEMENT
76756421-f96f-5773-bb52-a1c43c6664bc,ALRS
76756421-f96f-5773-bb52-a1c43c6664bc,DIVIDEND_PAYMENT
b1aa1f70-4dff-5891-aa83-383ca5e13938,ALRS
b1aa1f70-4dff-5891-aa83-383ca5e13938,DIVIDEND_ANNOUNCEMENT
01c58279-9739-5ac0-a506-f589b0a36253,ALRS
01c58279-9739-5ac0-a506-f589b0a36253,DIVIDEND_PAYMENT
a0cae523-f273-54d1-ac33-0f81f425a9c9,ALRS
a0cae523-f273-54d1-ac33-0f81f425a9c9,DIVIDEND_ANNOUNCEMENT
6456fe5d-1160-524a-a58b-3a8a8bd2e3a9,ALRS
6456fe5d-1160-524a-a58b-3a8a8bd2e3a9,DIVIDEND_PAYMENT
5f844924-49b3-5fe3-ab54-2dfa1c496bd5,ALRS
5f844924-49b3-5fe3-ab54-2dfa1c496bd5,DIVIDEND_ANNOUNCEMENT
2106b43c-9195-59e6-8f14-e757bcbf38ed,ALRS
2106b43c-9195-59e6-8f14-e757bcbf38ed,DIVIDEND_PAYMENT
782cf1a5-d8a9-59c7-85af-fcd88b9438ad,ALRS
782cf1a5-d8a9-59c7-85af-fcd88b9438ad,DIVIDEND_ANNOUNCEMENT
bdb19a2f-471f-5b83-b8a4-1e0479b5d82a,ALRS
bdb19a2f-471f-5b83-b8a4-1e0479b5d82a,DIVIDEND_PAYMENT
0922d0f4-0c84-55fe-a42a-0015673852a2,ALRS
0922d0f4-0c84-55fe-a42a-0015673852a2,DIVIDEND_ANNOUNCEMENT
23bb8a22-82cd-5234-9216-7a286319cc54,ALRS
23bb8a22-82cd-5234-9216-7a286319cc54,DIVIDEND_PAYMENT
3af240e8-a38f-5f8c-b937-802931fad22c,ALRS
3af240e8-a38f-5f8c-b937-802931fad22c,DIVIDEND_ANNOUNCEMENT
e5c1ee9f-265f-5915-8bd0-be52767aa836,ALRS
e5c1ee9f-265f-5915-8bd0-be52767aa836,DIVIDEND_PAYMENT
3f81eb34-32b4-51d0-9a12-f06065e13a2e,ALRS
3f81eb34-32b4-51d0-9a12-f06065e13a2e,DIVIDEND_ANNOUNCEMENT
98ffa4ef-af80-508b-84b7-8c9b59fd36c0,ALRS
98ffa4ef-af80-508b-84b7-8c9b59fd36c0,DIVIDEND_PAYMENT
ac845e5c-e98a-593a-a373-647d8930998b,ALRS
ac845e5c-e98a-593a-a373-647d8930998b,DIVIDEND_ANNOUNCEMENT
3014caea-6a3c-532c-9b6f-0ba54cf058d8,ALRS
3014caea-6a3c-532c-9b6f-0ba54cf058d8,DIVIDEND_PAYMENT
6dfa020f-660b-57e8-a73d-f60a920715b6,ALRS
6dfa020f-660b-57e8-a73d-f60a920715b6,DIVIDEND_ANNOUNCEMENT
24b7a018-a314-5b01-8a90-df2cf0c7c704,ALRS
24b7a018-a314-5b01-8a90-df2cf0c7c704,DIVIDEND_PAYMENT
fc954460-1e72-5d2c-852d-21df9754cd46,ALRS
fc954460-1e72-5d2c-852d-21df9754cd46,DIVIDEND_ANNOUNCEMENT
7a1f729b-942e-5ad5-b6ac-b672b6ba8b96,ALRS
7a1f729b-942e-5ad5-b6ac-b672b6ba8b96,DIVIDEND_PAYMENT
3949ad56-2dfa-52cb-92a0-fcb6eab80d8b,CBOM
3949ad56-2dfa-52cb-92a0-fcb6eab80d8b,DIVIDEND_ANNOUNCEMENT
2574c4ec-dbf1-5df4-85a5-369e7e3c0157,CBOM
2574c4ec-dbf1-5df4-85a5-369e7e3c0157,DIVIDEND_PAYMENT
6751c7cb-1aa9-58f9-985a-ae7133f61843,CHMF
6751c7cb-1aa9-58f9-985a-ae7133f61843,DIVIDEND_ANNOUNCEMENT
16d95e55-f972-524d-a692-e538dfbb000f,CHMF
16d95e55-f972-524d-a692-e538dfbb000f,DIVIDEND_PAYMENT
81501a17-e38d-5576-85d2-df756dd85a02,CHMF
81501a17-e38d-5576-85d2-df756dd85a02,DIVIDEND_ANNOUNCEMENT
d0f18cc9-adc8-5792-b6bd-da4d4bb94a0d,CHMF
d0f18cc9-adc8-5792-b6bd-da4d4bb94a0d,DIVIDEND_PAYMENT
f6932b75-4732-5910-bb8c-8ddcda5d3f49,CHMF
f6932b75-4732-5910-bb8c-8ddcda5d3f49,DIVIDEND_ANNOUNCEMENT
a13c4856-2236-5975-bfa1-4a2bf920570d,CHMF
a13c4856-2236-5975-bfa1-4a2bf920570d,DIVIDEND_PAYMENT
0fd51aa4-1447-5cf6-ac65-29f1b23b209e,CHMF
0fd51aa4-1447-5cf6-ac65-29f1b23b209e,DIVIDEND_ANNOUNCEMENT
95af39bf-660a-5a76-8499-d4fd996096db,CHMF
95af39bf-660a-5a76-8499-d4fd996096db,DIVIDEND_PAYMENT
09be698e-33ef-57ea-bdbc-719f035ad348,CHMF
09be698e-33ef-57ea-bdbc-719f035ad348,DIVIDEND_ANNOUNCEMENT
a802f384-7c2d-5b64-917a-61089763b42c,CHMF
a802f384-7c2d-5b64-917a-61089763b42c,DIVIDEND_PAYMENT
4f565fa6-0150-5547-8c51-18af7717f3bd,CHMF
4f565fa6-0150-5547-8c51-18af7717f3bd,DIVIDEND_ANNOUNCEMENT
05134e45-935f-5882-b80d-8cee3216a62f,CHMF
05134e45-935f-5882-b80d-8cee3216a62f,DIVIDEND_PAYMENT
66379a79-9f6b-5735-93f0-a65a54bd4009,CHMF
66379a79-9f6b-5735-93f0-a65a54bd4009,DIVIDEND_ANNOUNCEMENT
cebe12d8-d7cc-561d-80f3-070758f1f3ad,CHMF
cebe12d8-d7cc-561d-80f3-070758f1f3ad,DIVIDEND_PAYMENT
dc399a10-272e-5ef3-aae1-c91041308796,CHMF
dc399a10-272e-5ef3-aae1-c91041308796,DIVIDEND_ANNOUNCEMENT
38b4d4d9-ac84-5ca6-98f9-485e8b5816ae,CHMF
38b4d4d9-ac84-5ca6-98f9-485e8b5816ae,DIVIDEND_PAYMENT
4bdcc4f7-8e3a-5976-a971-f3b6e47b8986,CHMF
4bdcc4f7-8e3a-5976-a971-f3b6e47b8986,DIVIDEND_ANNOUNCEMENT
63e18ae1-468b-51be-addb-af6817a8a720,CHMF
63e18ae1-468b-51be-addb-af6817a8a720,DIVIDEND_PAYMENT
de33e74c-0273-5097-9fba-d6500a4b2cc3,CHMF
de33e74c-0273-5097-9fba-d6500a4b2cc3,DIVIDEND_ANNOUNCEMENT
19eb5e2c-e579-56a4-86d6-0db847d39192,CHMF
19eb5e2c-e579-56a4-86d6-0db847d39192,DIVIDEND_PAYMENT
1b53ca65-16cb-5f45-8953-f7dfee84a447,CHMF
1b53ca65-16cb-5f45-8953-f7dfee84a447,DIVIDEND_ANNOUNCEMENT
895bdd6f-4fec-5673-9b28-3604b825540f,CHMF
895bdd6f-4fec-5673-9b28-3604b825540f,DIVIDEND_PAYMENT
c8e49d93-cb59-5047-ad9d-94f8d1d8344a,CHMF
c8e49d93-cb59-5047-ad9d-94f8d1d8344a,DIVIDEND_ANNOUNCEMENT
7015cf14-b2f3-543a-a768-c53114a0a902,CHMF
7015cf14-b2f3-543a-a768-c53114a0a902,DIVIDEND_PAYMENT
9438e3f0-8881-5f82-9764-f9dea6407720,CHMF
9438e3f0-8881-5f82-9764-f9dea6407720,DIVIDEND_ANNOUNCEMENT
ee03d0e7-8c51-51fe-b8c2-e8a729803715,CHMF
ee03d0e7-8c51-51fe-b8c2-e8a729803715,DIVIDEND_PAYMENT
bfad33da-f4ba-5c73-b0ec-a5d18ae25eec,CHMF
bfad33da-f4ba-5c73-b0ec-a5d18ae25eec,DIVIDEND_ANNOUNCEMENT
1f3c4085-3ccc-5067-b8a5-3544422a44ab,CHMF
1f3c4085-3ccc-5067-b8a5-3544422a44ab,DIVIDEND_PAYMENT
9be9c62c-cb49-5270-83f9-90eb3a7c5c1b,CHMF
9be9c62c-cb49-5270-83f9-90eb3a7c5c1b,DIVIDEND_ANNOUNCEMENT
357a802b-9eef-51d0-80ff-fd12ab0bfe26,CHMF
357a802b-9eef-51d0-80ff-fd12ab0bfe26,DIVIDEND_PAYMENT
9b3d46fa-f619-536c-9e4e-3cf8c10d0509,CHMF
9b3d46fa-f619-536c-9e4e-3cf8c10d0509,DIVIDEND_ANNOUNCEMENT
aedeb877-b5aa-58f2-80c8-9ee996897c0b,CHMF
aedeb877-b5aa-58f2-80c8-9ee996897c0b,DIVIDEND_ANNOUNCEMENT
816b72e1-ccf3-54f2-8ee2-a790a48343af,CHMF
816b72e1-ccf3-54f2-8ee2-a790a48343af,DIVIDEND_PAYMENT
87425dcd-281c-5c3b-a307-f59f47944742,CHMF
87425dcd-281c-5c3b-a307-f59f47944742,DIVIDEND_ANNOUNCEMENT
9ef953b6-a7b7-50d7-b3fa-2811bf75866d,CHMF
9ef953b6-a7b7-50d7-b3fa-2811bf75866d,DIVIDEND_ANNOUNCEMENT
dfa46f0d-6a2f-5a0c-a8ee-9a4e37646593,CHMF
dfa46f0d-6a2f-5a0c-a8ee-9a4e37646593,DIVIDEND_PAYMENT
c70bbe59-0786-51b8-b533-a4f0b288c539,CHMF
c70bbe59-0786-51b8-b533-a4f0b288c539,DIVIDEND_ANNOUNCEMENT
c24c8b00-faea-58c3-83f7-0c4114b3c165,CHMF
c24c8b00-faea-58c3-83f7-0c4114b3c165,DIVIDEND_PAYMENT
3093f110-e9eb-58c0-a748-25bd0733fa56,CHMF
3093f110-e9eb-58c0-a748-25bd0733fa56,DIVIDEND_ANNOUNCEMENT
7abdeb76-cc6b-5f37-8a3a-5fdf81befc51,CHMF
7abdeb76-cc6b-5f37-8a3a-5fdf81befc51,DIVIDEND_PAYMENT
cad5185a-25c8-5353-a1db-b17ace859fef,CHMF
cad5185a-25c8-5353-a1db-b17ace859fef,DIVIDEND_ANNOUNCEMENT
fbcd34dc-f453-51bc-95b5-7d292ed7b4e7,CHMF
fbcd34dc-f453-51bc-95b5-7d292ed7b4e7,DIVIDEND_PAYMENT
0e17f0b7-c43e-5229-99fd-733c32a9451b,CHMF
0e17f0b7-c43e-5229-99fd-733c32a9451b,DIVIDEND_ANNOUNCEMENT
b555dd25-6a06-58d7-b44f-e6203654499c,CHMF
b555dd25-6a06-58d7-b44f-e6203654499c,DIVIDEND_ANNOUNCEMENT
910fed2d-1a7c-52ab-9e0e-8e44b4c2461d,CHMF
910fed2d-1a7c-52ab-9e0e-8e44b4c2461d,DIVIDEND_PAYMENT
b13f9593-2489-5f2c-9c93-d7487eba7eee,CHMF
b13f9593-2489-5f2c-9c93-d7487eba7eee,DIVIDEND_ANNOUNCEMENT
8fd88d55-c31c-5780-aa30-5606eb63af45,CHMF
8fd88d55-c31c-5780-aa30-5606eb63af45,DIVIDEND_PAYMENT
aee8b404-edda-5052-a0fe-a6dabc74c385,CHMF
aee8b404-edda-5052-a0fe-a6dabc74c385,DIVIDEND_ANNOUNCEMENT
5e4424a5-81bd-5dfb-a59b-5e32ee9fa068,CHMF
5e4424a5-81bd-5dfb-a59b-5e32ee9fa068,DIVIDEND_PAYMENT
e637736f-1831-5b49-84de-55391e48ac38,CHMF
e637736f-1831-5b49-84de-55391e48ac38,DIVIDEND_ANNOUNCEMENT
03dfe0e1-d57b-57b2-8758-93678d07f3e6,CHMF
03dfe0e1-d57b-57b2-8758-93678d07f3e6,DIVIDEND_PAYMENT
d6afde33-76d6-505b-9ec8-c729297adb6d,CHMF
d6afde33-76d6-505b-9ec8-c729297adb6d,DIVIDEND_ANNOUNCEMENT
388aa7dd-6974-5ee2-8657-05a5df4c2575,CHMF
388aa7dd-6974-5ee2-8657-05a5df4c2575,DIVIDEND_PAYMENT
96e32fa6-deb7-52b9-8f39-f15c32ff798c,CHMF
96e32fa6-deb7-52b9-8f39-f15c32ff798c,DIVIDEND_ANNOUNCEMENT
78c0ada3-dd73-5f7e-af84-4722be33f64b,CHMF
78c0ada3-dd73-5f7e-af84-4722be33f64b,DIVIDEND_PAYMENT
8d0d8c0c-fe6f-57b9-a97e-4b36fb66c573,CHMF
8d0d8c0c-fe6f-57b9-a97e-4b36fb66c573,DIVIDEND_ANNOUNCEMENT
6b99f44f-d614-5274-ad9a-8ea3df108b55,CHMF
6b99f44f-d614-5274-ad9a-8ea3df108b55,DIVIDEND_PAYMENT
f079d7fa-42be-5f17-b451-cb64ce63e6be,CHMF
f079d7fa-42be-5f17-b451-cb64ce63e6be,DIVIDEND_ANNOUNCEMENT
99f17595-d35b-509d-a755-1d13367c948f,CHMF
99f17595-d35b-509d-a755-1d13367c948f,DIVIDEND_PAYMENT
45eeb7f3-4663-5c14-bf03-56ffe13708fe,CHMF
45eeb7f3-4663-5c14-bf03-56ffe13708fe,DIVIDEND_ANNOUNCEMENT
b475f221-e711-5341-911f-671a6434b101,CHMF
b475f221-e711-5341-911f-671a6434b101,DIVIDEND_PAYMENT
5031a0f1-af72-5aa8-9a5c-adf6f699791c,CHMF
5031a0f1-af72-5aa8-9a5c-adf6f699791c,DIVIDEND_ANNOUNCEMENT
8069f382-14ad-587f-8ab6-87135106dc42,CHMF
8069f382-14ad-587f-8ab6-87135106dc42,DIVIDEND_ANNOUNCEMENT
87d645d9-e71c-508f-9286-0d36479bfeb5,CHMF
87d645d9-e71c-508f-9286-0d36479bfeb5,DIVIDEND_ANNOUNCEMENT
d16974e6-3045-5a8b-be81-24241b35aaaa,CHMF
d16974e6-3045-5a8b-be81-24241b35aaaa,DIVIDEND_ANNOUNCEMENT
5eebbc3b-193e-5c3f-b3cf-25bd00eadc98,CHMF
5eebbc3b-193e-5c3f-b3cf-25bd00eadc98,DIVIDEND_PAYMENT
a4709826-030b-5d65-beb3-9edc163a4686,CHMF
a4709826-030b-5d65-beb3-9edc163a4686,DIVIDEND_ANNOUNCEMENT
fe3e17bd-84d9-5c43-8e41-21c883b412c7,CHMF
fe3e17bd-84d9-5c43-8e41-21c883b412c7,DIVIDEND_PAYMENT
a62495b0-dd86-5368-9c3f-6fac435e6ce4,CHMF
a62495b0-dd86-5368-9c3f-6fac435e6ce4,DIVIDEND_ANNOUNCEMENT
488395f4-ffb3-5bcc-b351-8cb395019be0,CHMF
488395f4-ffb3-5bcc-b351-8cb395019be0,DIVIDEND_PAYMENT
609e68d1-5a92-5083-a2c4-57e399158ee6,CHMF
609e68d1-5a92-5083-a2c4-57e399158ee6,DIVIDEND_ANNOUNCEMENT
8c2e38a8-77ae-5b32-b26a-87b77f5ffbb2,CHMF
8c2e38a8-77ae-5b32-b26a-87b77f5ffbb2,DIVIDEND_PAYMENT
965c5d55-0b80-58d5-b076-d4cd76cabf17,CHMF
965c5d55-0b80-58d5-b076-d4cd76cabf17,DIVIDEND_ANNOUNCEMENT
d98f7411-a60e-5c96-962c-d31c6335dad6,CHMF
d98f7411-a60e-5c96-962c-d31c6335dad6,DIVIDEND_PAYMENT
32792a29-d65c-5eff-8009-97f2994b53aa,CHMF
32792a29-d65c-5eff-8009-97f2994b53aa,DIVIDEND_ANNOUNCEMENT
6a62b371-53b1-5465-8504-515019654d05,CHMF
6a62b371-53b1-5465-8504-515019654d05,DIVIDEND_ANNOUNCEMENT
0c4d1a21-f251-57e1-b13e-ff004fd7f9bf,CHMF
0c4d1a21-f251-57e1-b13e-ff004fd7f9bf,DIVIDEND_ANNOUNCEMENT
7846f8c1-c202-52b5-a053-78d30fd896db,CHMF
7846f8c1-c202-52b5-a053-78d30fd896db,DIVIDEND_PAYMENT
92ffcaa9-c67c-5649-9065-32526069be6f,CHMF
92ffcaa9-c67c-5649-9065-32526069be6f,DIVIDEND_ANNOUNCEMENT
776f73f8-e224-5b36-9006-9b970f6dedba,CHMF
776f73f8-e224-5b36-9006-9b970f6dedba,DIVIDEND_PAYMENT
196f7e19-ebf1-5d56-ac2e-410cd385be50,CHMF
196f7e19-ebf1-5d56-ac2e-410cd385be50,DIVIDEND_ANNOUNCEMENT
92d8b153-beff-5625-8a53-d32b7b86b3be,CHMF
92d8b153-beff-5625-8a53-d32b7b86b3be,DIVIDEND_PAYMENT
9fbeb2fa-ca37-51f0-a28b-0c45e71c1073,CHMF
9fbeb2fa-ca37-51f0-a28b-0c45e71c1073,DIVIDEND_ANNOUNCEMENT
b8dc5a98-6a64-502a-8685-b4ff0cbe88e8,CHMF
b8dc5a98-6a64-502a-8685-b4ff0cbe88e8,DIVIDEND_PAYMENT
f09c3550-ed71-53f4-aef6-49d51f784a8a,CHMF
f09c3550-ed71-53f4-aef6-49d51f784a8a,DIVIDEND_ANNOUNCEMENT
1fcca80d-ac91-523b-beae-37018190a936,CHMF
1fcca80d-ac91-523b-beae-37018190a936,DIVIDEND_ANNOUNCEMENT
57efd3d5-3359-5d23-886c-c5a2acbcab8c,CHMF
57efd3d5-3359-5d23-886c-c5a2acbcab8c,DIVIDEND_PAYMENT
49369ded-f055-53b2-9998-00a26f5f597b,CHMF
49369ded-f055-53b2-9998-00a26f5f597b,DIVIDEND_ANNOUNCEMENT
b93d62b2-9d5c-51a7-9d61-496a98d14bf7,CHMF
b93d62b2-9d5c-51a7-9d61-496a98d14bf7,DIVIDEND_PAYMENT
03fbad67-761f-5075-99d3-949a71a7740e,CHMF
03fbad67-761f-5075-99d3-949a71a7740e,DIVIDEND_ANNOUNCEMENT
d45f6f71-7372-5bf2-82d0-587f338322c0,CHMF
d45f6f71-7372-5bf2-82d0-587f338322c0,DIVIDEND_PAYMENT
d4aba020-0d62-57c8-bf30-a57e19a0d96d,CHMF
d4aba020-0d62-57c8-bf30-a57e19a0d96d,DIVIDEND_ANNOUNCEMENT
3e9bbb42-59a4-52d7-b478-f60b8d931960,CHMF
3e9bbb42-59a4-52d7-b478-f60b8d931960,DIVIDEND_PAYMENT
0ee99d35-aa4e-5bc2-8aa5-d40368b79362,CHMF
0ee99d35-aa4e-5bc2-8aa5-d40368b79362,DIVIDEND_ANNOUNCEMENT
2741eaa1-95d9-56e7-8b45-e4807bf24ec4,CHMF
2741eaa1-95d9-56e7-8b45-e4807bf24ec4,DIVIDEND_PAYMENT
2249f12a-9e6a-5afc-bde4-04a27a0b9a57,CHMF
2249f12a-9e6a-5afc-bde4-04a27a0b9a57,DIVIDEND_ANNOUNCEMENT
12c51c12-1e37-5ece-92d0-87f58a3ec218,CHMF
12c51c12-1e37-5ece-92d0-87f58a3ec218,DIVIDEND_PAYMENT
d5a73dea-663a-5fcf-bbe6-3c49ea0436d0,CHMF
d5a73dea-663a-5fcf-bbe6-3c49ea0436d0,DIVIDEND_ANNOUNCEMENT
6fd7659f-556f-5edc-99f4-df84ef447eb5,CHMF
6fd7659f-556f-5edc-99f4-df84ef447eb5,DIVIDEND_PAYMENT
f1c0e5a6-2aac-5a90-922c-10958432b400,CHMF
f1c0e5a6-2aac-5a90-922c-10958432b400,DIVIDEND_ANNOUNCEMENT
fbc2d148-877b-5cbe-b132-ae06cc0a2b43,CHMF
fbc2d148-877b-5cbe-b132-ae06cc0a2b43,DIVIDEND_PAYMENT
ed59d9a9-47f4-5bbd-9816-a8e6384669b2,CHMF
ed59d9a9-47f4-5bbd-9816-a8e6384669b2,DIVIDEND_ANNOUNCEMENT
cab44d8e-d06f-5760-8e26-3a83e8f29aaa,CHMF
cab44d8e-d06f-5760-8e26-3a83e8f29aaa,DIVIDEND_ANNOUNCEMENT
20a9cfca-0fb4-5178-846a-9a3d821080a9,CHMF
20a9cfca-0fb4-5178-846a-9a3d821080a9,DIVIDEND_PAYMENT
946dc7dd-b81a-5dbc-8207-d0160cb3686e,CHMF
946dc7dd-b81a-5dbc-8207-d0160cb3686e,DIVIDEND_ANNOUNCEMENT
cfad1519-315b-566f-aaf9-d50e487d1f31,CHMF
cfad1519-315b-566f-aaf9-d50e487d1f31,DIVIDEND_PAYMENT
2b73a133-b50c-5e47-ae53-0daad663d5f9,CHMF
2b73a133-b50c-5e47-ae53-0daad663d5f9,DIVIDEND_ANNOUNCEMENT
0d06ba55-4146-5a30-935c-d2d0e571ccea,CHMF
0d06ba55-4146-5a30-935c-d2d0e571ccea,DIVIDEND_ANNOUNCEMENT
3f804da4-0d1e-5471-a63b-7ed1a8c353cc,CHMF
3f804da4-0d1e-5471-a63b-7ed1a8c353cc,DIVIDEND_ANNOUNCEMENT
93c0be92-a997-5dc1-83cd-abf8db895961,CHMF
93c0be92-a997-5dc1-83cd-abf8db895961,DIVIDEND_PAYMENT
19cdf7b5-7318-5a63-8d65-9153e9229f20,CHMF
19cdf7b5-7318-5a63-8d65-9153e9229f20,DIVIDEND_ANNOUNCEMENT
6b48a70d-f8d9-5bac-8ab8-6f2d2296c154,CHMF
6b48a70d-f8d9-5bac-8ab8-6f2d2296c154,DIVIDEND_PAYMENT
01f72d5c-aa71-5028-803d-7db903dd25f7,FEES
01f72d5c-aa71-5028-803d-7db903dd25f7,DIVIDEND_ANNOUNCEMENT
cf1991e2-bdc3-54ed-ba50-23e067d13903,FEES
cf1991e2-bdc3-54ed-ba50-23e067d13903,DIVIDEND_PAYMENT
ac83b3d3-115f-545d-ad62-914f99f40e67,FEES
ac83b3d3-115f-545d-ad62-914f99f40e67,DIVIDEND_ANNOUNCEMENT
9827867d-1e1c-53dc-b882-c109bb4a99ae,FEES
9827867d-1e1c-53dc-b882-c109bb4a99ae,DIVIDEND_PAYMENT
a39d8037-7ec1-5f62-894c-0c01211894a9,FEES
a39d8037-7ec1-5f62-894c-0c01211894a9,DIVIDEND_ANNOUNCEMENT
81fd45a1-3207-5acd-9ba9-d302cae2d0bd,FEES
81fd45a1-3207-5acd-9ba9-d302cae2d0bd,DIVIDEND_PAYMENT
8f16edb3-0f1a-5444-9aa8-c7500ab864ee,FEES
8f16edb3-0f1a-5444-9aa8-c7500ab864ee,DIVIDEND_ANNOUNCEMENT
65e52cc4-1b53-52fd-baab-a5981d5aaca2,FEES
65e52cc4-1b53-52fd-baab-a5981d5aaca2,DIVIDEND_PAYMENT
8a2ca665-448c-59b8-93c7-d1b48c0679f8,FEES
8a2ca665-448c-59b8-93c7-d1b48c0679f8,DIVIDEND_ANNOUNCEMENT
a0c9e651-cb17-53ff-b96c-911f87f6e9a5,FEES
a0c9e651-cb17-53ff-b96c-911f87f6e9a5,DIVIDEND_PAYMENT
ef73f0c0-9ec9-5a4d-960d-ed9de3a59d4b,FEES
ef73f0c0-9ec9-5a4d-960d-ed9de3a59d4b,DIVIDEND_ANNOUNCEMENT
a359f916-b2aa-5263-8f8d-f83228598622,FEES
a359f916-b2aa-5263-8f8d-f83228598622,DIVIDEND_PAYMENT
683fb483-47bd-535a-a917-17ec539c107a,FEES
683fb483-47bd-535a-a917-17ec539c107a,DIVIDEND_ANNOUNCEMENT
b36656ad-3a87-553c-8b92-12e082428d09,FEES
b36656ad-3a87-553c-8b92-12e082428d09,DIVIDEND_PAYMENT
fe368e16-b1cf-50be-9ee4-71c40be48cad,FEES
fe368e16-b1cf-50be-9ee4-71c40be48cad,DIVIDEND_ANNOUNCEMENT
26397528-eab8-5aa3-bc36-988d4b31a73d,FEES
26397528-eab8-5aa3-bc36-988d4b31a73d,DIVIDEND_PAYMENT
92cf8e62-af8d-5b35-80f5-f5523be84eed,FEES
92cf8e62-af8d-5b35-80f5-f5523be84eed,DIVIDEND_ANNOUNCEMENT
9f0a2ca1-5acd-53c7-b431-dce368457103,FEES
9f0a2ca1-5acd-53c7-b431-dce368457103,DIVIDEND_PAYMENT
9726d7d2-fdbf-5879-b742-2df7e9846c60,FEES
9726d7d2-fdbf-5879-b742-2df7e9846c60,DIVIDEND_ANNOUNCEMENT
54184a51-27f9-5933-bbf2-d79ddb377a39,FEES
54184a51-27f9-5933-bbf2-d79ddb377a39,DIVIDEND_PAYMENT
f76392e7-ccb3-5fb4-9315-6d882409d769,FLOT
f76392e7-ccb3-5fb4-9315-6d882409d769,DIVIDEND_ANNOUNCEMENT
ad2ce539-962f-5390-9671-bca02655a8ae,FLOT
ad2ce539-962f-5390-9671-bca02655a8ae,DIVIDEND_PAYMENT
38f7469d-c2c3-569a-b84a-6cd930f47998,FLOT
38f7469d-c2c3-569a-b84a-6cd930f47998,DIVIDEND_ANNOUNCEMENT
3e1d2e8e-2b27-50dd-b0ed-4e86fcd4d5bd,FLOT
3e1d2e8e-2b27-50dd-b0ed-4e86fcd4d5bd,DIVIDEND_PAYMENT
bcbffd4a-0ac5-5969-bda0-aab2352fa2aa,FLOT
bcbffd4a-0ac5-5969-bda0-aab2352fa2aa,DIVIDEND_ANNOUNCEMENT
d8bcdd02-3abc-56e5-9922-6fde0417449f,FLOT
d8bcdd02-3abc-56e5-9922-6fde0417449f,DIVIDEND_PAYMENT
f753d730-cfff-5322-987b-e002df336683,FLOT
f753d730-cfff-5322-987b-e002df336683,DIVIDEND_ANNOUNCEMENT
0e9b754b-8308-5136-8e28-695db3174f7d,FLOT
0e9b754b-8308-5136-8e28-695db3174f7d,DIVIDEND_PAYMENT
bcc26708-d641-5241-b96b-7cb45eac1668,GAZP
bcc26708-d641-5241-b96b-7cb45eac1668,DIVIDEND_ANNOUNCEMENT
0ff2728b-098e-54a5-9781-73e78130fa91,GAZP
0ff2728b-098e-54a5-9781-73e78130fa91,DIVIDEND_PAYMENT
8c626203-216b-5764-981a-d9d39a78fc10,GAZP
8c626203-216b-5764-981a-d9d39a78fc10,DIVIDEND_ANNOUNCEMENT
21354eb9-2dfa-5058-a19f-e19f1ffa5e40,GAZP
21354eb9-2dfa-5058-a19f-e19f1ffa5e40,DIVIDEND_PAYMENT
2a75543c-8e6c-52d8-a4c0-c95b3373934a,GAZP
2a75543c-8e6c-52d8-a4c0-c95b3373934a,DIVIDEND_ANNOUNCEMENT
58988e13-23ce-582d-9a5c-36c757a62658,GAZP
58988e13-23ce-582d-9a5c-36c757a62658,DIVIDEND_PAYMENT
e28dfd3f-c6ae-540f-bf73-38e677326f62,GAZP
e28dfd3f-c6ae-540f-bf73-38e677326f62,DIVIDEND_ANNOUNCEMENT
416b97ad-9a59-5926-a85a-b5310678c471,GAZP
416b97ad-9a59-5926-a85a-b5310678c471,DIVIDEND_PAYMENT
ff607745-221d-5cb1-a9ba-d848bd1d5a96,GAZP
ff607745-221d-5cb1-a9ba-d848bd1d5a96,DIVIDEND_ANNOUNCEMENT
1130e2c1-136e-52bf-aba0-020c5631e4b5,GAZP
1130e2c1-136e-52bf-aba0-020c5631e4b5,DIVIDEND_PAYMENT
c2e1bdc9-7d41-5c66-a7b5-f726828545fa,GAZP
c2e1bdc9-7d41-5c66-a7b5-f726828545fa,DIVIDEND_ANNOUNCEMENT
817dfd93-8acd-56da-9804-c91e1adc1a64,GAZP
817dfd93-8acd-56da-9804-c91e1adc1a64,DIVIDEND_PAYMENT
70fceeef-61eb-57cd-869a-4f517fccd8ca,GAZP
70fceeef-61eb-57cd-869a-4f517fccd8ca,DIVIDEND_ANNOUNCEMENT
affb5385-726f-5f3d-9a8f-6be0787ca858,GAZP
affb5385-726f-5f3d-9a8f-6be0787ca858,DIVIDEND_PAYMENT
7233fa3d-43d9-58b6-b938-1db37dc68280,GAZP
7233fa3d-43d9-58b6-b938-1db37dc68280,DIVIDEND_ANNOUNCEMENT
53ce54fc-ee33-5b0d-9151-3dffe4f8cdb6,GAZP
53ce54fc-ee33-5b0d-9151-3dffe4f8cdb6,DIVIDEND_PAYMENT
23fb8851-87fe-52c6-9eb7-b10aa1bc0dbd,GAZP
23fb8851-87fe-52c6-9eb7-b10aa1bc0dbd,DIVIDEND_ANNOUNCEMENT
a45778d9-c877-5515-9419-bf047741002b,GAZP
a45778d9-c877-5515-9419-bf047741002b,DIVIDEND_PAYMENT
d76820b8-6d06-5d93-89b7-4e4005349f0f,GAZP
d76820b8-6d06-5d93-89b7-4e4005349f0f,DIVIDEND_ANNOUNCEMENT
38046665-dce3-5fa3-ba80-2178b846c3da,GAZP
38046665-dce3-5fa3-ba80-2178b846c3da,DIVIDEND_PAYMENT
f91d4618-41a8-52ed-846f-ff574acbe5d2,GAZP
f91d4618-41a8-52ed-846f-ff574acbe5d2,DIVIDEND_ANNOUNCEMENT
c380fd3b-a8d5-5df1-8098-e626d32aae51,GAZP
c380fd3b-a8d5-5df1-8098-e626d32aae51,DIVIDEND_PAYMENT
7bf875a5-4ada-547f-9fec-7066177054ee,GAZP
7bf875a5-4ada-547f-9fec-7066177054ee,DIVIDEND_ANNOUNCEMENT
7fcb9f12-36b1-5fc2-8336-0d988c360da2,GAZP
7fcb9f12-36b1-5fc2-8336-0d988c360da2,DIVIDEND_PAYMENT
d06d0272-3845-50af-9a4c-de0b4c52d172,GAZP
d06d0272-3845-50af-9a4c-de0b4c52d172,DIVIDEND_ANNOUNCEMENT
5aaf8f45-525d-5cab-945c-6efa4f94df9c,GAZP
5aaf8f45-525d-5cab-945c-6efa4f94df9c,DIVIDEND_PAYMENT
9000f2cc-4a87-54a1-89a8-a4eb2510cb40,GAZP
9000f2cc-4a87-54a1-89a8-a4eb2510cb40,DIVIDEND_ANNOUNCEMENT
4b4057ec-f91c-5a1d-8bc5-b4f4b4ced065,GAZP
4b4057ec-f91c-5a1d-8bc5-b4f4b4ced065,DIVIDEND_PAYMENT
baee3ba6-4fa4-5734-832c-16a78609e75e,GAZP
baee3ba6-4fa4-5734-832c-16a78609e75e,DIVIDEND_ANNOUNCEMENT
39c808d9-dff2-5e2f-9a68-37a9f92bfea9,GAZP
39c808d9-dff2-5e2f-9a68-37a9f92bfea9,DIVIDEND_PAYMENT
c5b7f80c-58f7-504f-a6df-f1f8242c800c,GAZP
c5b7f80c-58f7-504f-a6df-f1f8242c800c,DIVIDEND_ANNOUNCEMENT
f610b815-df4f-519c-ba8d-f2bea66d2ef2,GAZP
f610b815-df4f-519c-ba8d-f2bea66d2ef2,DIVIDEND_PAYMENT
c8a1f16b-a035-531e-9280-f8fb406f5daa,GAZP
c8a1f16b-a035-531e-9280-f8fb406f5daa,DIVIDEND_ANNOUNCEMENT
44946701-9efc-5ff2-ab8a-f3ebf05f0050,GAZP
44946701-9efc-5ff2-ab8a-f3ebf05f0050,DIVIDEND_PAYMENT
8359cb57-831c-57bb-a562-ab115371e1ad,GCHE
8359cb57-831c-57bb-a562-ab115371e1ad,DIVIDEND_ANNOUNCEMENT
e50d286c-957e-5276-b506-975cb7adec44,GCHE
e50d286c-957e-5276-b506-975cb7adec44,DIVIDEND_PAYMENT
be9ca43f-645f-572f-83ec-feb53db0fd20,GCHE
be9ca43f-645f-572f-83ec-feb53db0fd20,DIVIDEND_ANNOUNCEMENT
c793febf-f50e-584c-956f-6183154d18be,GCHE
c793febf-f50e-584c-956f-6183154d18be,DIVIDEND_PAYMENT
692c7980-556b-5144-adb0-b3017cbeec32,GCHE
692c7980-556b-5144-adb0-b3017cbeec32,DIVIDEND_ANNOUNCEMENT
beb098c3-bcc1-5283-930f-1cc093bb9d59,GCHE
beb098c3-bcc1-5283-930f-1cc093bb9d59,DIVIDEND_PAYMENT
f927fdcd-4508-5807-950b-d9faee2bb892,GCHE
f927fdcd-4508-5807-950b-d9faee2bb892,DIVIDEND_ANNOUNCEMENT
432792f7-243b-59ec-b7dc-4515f3ef8007,GCHE
432792f7-243b-59ec-b7dc-4515f3ef8007,DIVIDEND_PAYMENT
a84b4aa6-1f69-5185-aceb-193ec9933e31,GCHE
a84b4aa6-1f69-5185-aceb-193ec9933e31,DIVIDEND_ANNOUNCEMENT
0e9a61aa-5897-5fd8-9ac5-aa7570a58e8f,GCHE
0e9a61aa-5897-5fd8-9ac5-aa7570a58e8f,DIVIDEND_ANNOUNCEMENT
90225dfb-adef-56bb-84b8-ebd5d7bbfd7b,GCHE
90225dfb-adef-56bb-84b8-ebd5d7bbfd7b,DIVIDEND_PAYMENT
19b75486-ac32-5852-be2e-e3cbd448c637,GCHE
19b75486-ac32-5852-be2e-e3cbd448c637,DIVIDEND_ANNOUNCEMENT
ff7673b8-4570-5e01-80ae-eeedfd70927c,GCHE
ff7673b8-4570-5e01-80ae-eeedfd70927c,DIVIDEND_PAYMENT
62ed8c07-c269-5546-ba3b-e61d98e116a6,GCHE
62ed8c07-c269-5546-ba3b-e61d98e116a6,DIVIDEND_ANNOUNCEMENT
72fe2332-334b-5b80-9604-256dfc01c526,GCHE
72fe2332-334b-5b80-9604-256dfc01c526,DIVIDEND_PAYMENT
624efdfc-c9d6-56d0-aa4e-3adb202f9ebd,GCHE
624efdfc-c9d6-56d0-aa4e-3adb202f9ebd,DIVIDEND_ANNOUNCEMENT
e624f36f-df7a-5f23-9f30-26846f3bdb85,GCHE
e624f36f-df7a-5f23-9f30-26846f3bdb85,DIVIDEND_PAYMENT
602c25e7-164f-53cf-bfb0-05b2e301391c,GCHE
602c25e7-164f-53cf-bfb0-05b2e301391c,DIVIDEND_ANNOUNCEMENT
9639998b-4c06-5664-8092-39a8eb403696,GCHE
9639998b-4c06-5664-8092-39a8eb403696,DIVIDEND_PAYMENT
2b02c281-3da2-55c4-a5d8-b97e66bf2049,GCHE
2b02c281-3da2-55c4-a5d8-b97e66bf2049,DIVIDEND_ANNOUNCEMENT
fe38a430-9ad9-5637-b8ab-f5a975fb8dbd,GCHE
fe38a430-9ad9-5637-b8ab-f5a975fb8dbd,DIVIDEND_PAYMENT
0ac9efee-b59e-5380-b927-80a3d81ee0f9,GCHE
0ac9efee-b59e-5380-b927-80a3d81ee0f9,DIVIDEND_ANNOUNCEMENT
49f76915-640d-5217-9877-f639098ba7a8,GCHE
49f76915-640d-5217-9877-f639098ba7a8,DIVIDEND_PAYMENT
4f9ae4c6-f4dd-5084-824e-ee94902ef9de,GCHE
4f9ae4c6-f4dd-5084-824e-ee94902ef9de,DIVIDEND_ANNOUNCEMENT
c628e418-ad12-592b-a5e2-cecd490fc509,GCHE
c628e418-ad12-592b-a5e2-cecd490fc509,DIVIDEND_PAYMENT
d4e82d6a-8e9e-5616-9604-1144ce69d063,GCHE
d4e82d6a-8e9e-5616-9604-1144ce69d063,DIVIDEND_ANNOUNCEMENT
fcc19f3c-f006-58f3-a463-ac4c5ef30b45,GCHE
fcc19f3c-f006-58f3-a463-ac4c5ef30b45,DIVIDEND_PAYMENT
183fb4c1-134f-53b2-9633-14daede863bf,GCHE
183fb4c1-134f-53b2-9633-14daede863bf,DIVIDEND_ANNOUNCEMENT
03083159-8125-51d7-8e05-1e65195c40a6,GCHE
03083159-8125-51d7-8e05-1e65195c40a6,DIVIDEND_PAYMENT
c11f7456-1936-5530-ac01-146f6b24d1b9,GCHE
c11f7456-1936-5530-ac01-146f6b24d1b9,DIVIDEND_ANNOUNCEMENT
56a91e17-b2d7-5b36-9f07-bbb5416a6f08,GCHE
56a91e17-b2d7-5b36-9f07-bbb5416a6f08,DIVIDEND_PAYMENT
701eb12e-22e0-571d-b821-a5b4586892b6,GCHE
701eb12e-22e0-571d-b821-a5b4586892b6,DIVIDEND_ANNOUNCEMENT
f652464f-dc2f-56a2-9aba-722aefb4acb8,GCHE
f652464f-dc2f-56a2-9aba-722aefb4acb8,DIVIDEND_PAYMENT
dbb9482b-e9e9-5858-bc88-a167c15e3e66,GCHE
dbb9482b-e9e9-5858-bc88-a167c15e3e66,DIVIDEND_ANNOUNCEMENT
9b5ed85e-b7cf-5f9a-b8bb-56012c5e288a,GCHE
9b5ed85e-b7cf-5f9a-b8bb-56012c5e288a,DIVIDEND_PAYMENT
f380fd1c-68a6-5a5a-b0b5-1974a1c371c1,GCHE
f380fd1c-68a6-5a5a-b0b5-1974a1c371c1,DIVIDEND_ANNOUNCEMENT
3b902756-e77d-5308-aa69-b6bcd47d8f32,GCHE
3b902756-e77d-5308-aa69-b6bcd47d8f32,DIVIDEND_PAYMENT
8759c1bd-3374-5d74-86a3-c9db282e55a3,GCHE
8759c1bd-3374-5d74-86a3-c9db282e55a3,DIVIDEND_ANNOUNCEMENT
c57ec6cb-fc7b-580f-a620-a8437dc89b76,GCHE
c57ec6cb-fc7b-580f-a620-a8437dc89b76,DIVIDEND_PAYMENT
5e0e9a26-115c-503b-bb36-417aba9a9b79,GCHE
5e0e9a26-115c-503b-bb36-417aba9a9b79,DIVIDEND_ANNOUNCEMENT
e5ac416d-d50e-5ee5-9e79-fce1ae5adaa4,GCHE
e5ac416d-d50e-5ee5-9e79-fce1ae5adaa4,DIVIDEND_PAYMENT
7ea5c563-75ee-5e3f-adb7-769288f9990c,GMKN
7ea5c563-75ee-5e3f-adb7-769288f9990c,DIVIDEND_ANNOUNCEMENT
3b0c8eee-d05f-5b8d-a857-0f3800ddc01c,GMKN
3b0c8eee-d05f-5b8d-a857-0f3800ddc01c,DIVIDEND_PAYMENT
68791e71-c073-5ec8-853d-300913cf67a5,GMKN
68791e71-c073-5ec8-853d-300913cf67a5,DIVIDEND_ANNOUNCEMENT
cad46682-1bee-586a-8450-a18a95f6ca75,GMKN
cad46682-1bee-586a-8450-a18a95f6ca75,DIVIDEND_PAYMENT
a734968a-830d-5285-b9c7-e2d10f78ccdf,GMKN
a734968a-830d-5285-b9c7-e2d10f78ccdf,DIVIDEND_ANNOUNCEMENT
9c70053f-9f7e-5955-9dc3-fd6e8da34e1c,GMKN
9c70053f-9f7e-5955-9dc3-fd6e8da34e1c,DIVIDEND_PAYMENT
2590ef17-fde8-5e3c-b141-544cd90c95c8,GMKN
2590ef17-fde8-5e3c-b141-544cd90c95c8,DIVIDEND_ANNOUNCEMENT
d2e8dcc8-bc50-5631-8e14-ac2f0271ced5,GMKN
d2e8dcc8-bc50-5631-8e14-ac2f0271ced5,DIVIDEND_PAYMENT
995bc32b-dabb-5986-9ad9-3bd60382eb7f,GMKN
995bc32b-dabb-5986-9ad9-3bd60382eb7f,DIVIDEND_ANNOUNCEMENT
3822c3d8-ab40-52b8-93c9-4610742002c7,GMKN
3822c3d8-ab40-52b8-93c9-4610742002c7,DIVIDEND_PAYMENT
ed3a6b16-7fc3-5003-80f5-5ba048b0cce1,GMKN
ed3a6b16-7fc3-5003-80f5-5ba048b0cce1,DIVIDEND_ANNOUNCEMENT
0f84b7b6-b0cf-564f-b1bd-5329ff739bbc,GMKN
0f84b7b6-b0cf-564f-b1bd-5329ff739bbc,DIVIDEND_PAYMENT
5ef7179a-c7b6-5d89-b6ec-c34082709210,GMKN
5ef7179a-c7b6-5d89-b6ec-c34082709210,DIVIDEND_ANNOUNCEMENT
5b42105d-4e63-569c-b237-f4d5ac01f9fc,GMKN
5b42105d-4e63-569c-b237-f4d5ac01f9fc,DIVIDEND_PAYMENT
8fc929a3-08a3-52a6-b2d7-1278d17488bd,GMKN
8fc929a3-08a3-52a6-b2d7-1278d17488bd,DIVIDEND_ANNOUNCEMENT
cad8fefb-6aa7-5fab-9761-41ceac6124e6,GMKN
cad8fefb-6aa7-5fab-9761-41ceac6124e6,DIVIDEND_PAYMENT
04ef008c-1c37-521e-94ed-2e0ad906fac1,GMKN
04ef008c-1c37-521e-94ed-2e0ad906fac1,DIVIDEND_ANNOUNCEMENT
25442b77-44cf-5f82-8fdb-547d0a735237,GMKN
25442b77-44cf-5f82-8fdb-547d0a735237,DIVIDEND_PAYMENT
872b45df-acb4-596f-afa7-65209a0c3686,GMKN
872b45df-acb4-596f-afa7-65209a0c3686,DIVIDEND_ANNOUNCEMENT
2c45e938-a724-5e0f-9a09-ed73ea0333b9,GMKN
2c45e938-a724-5e0f-9a09-ed73ea0333b9,DIVIDEND_PAYMENT
ba9e2695-a923-5b56-a7bf-559a1ec8d622,GMKN
ba9e2695-a923-5b56-a7bf-559a1ec8d622,DIVIDEND_ANNOUNCEMENT
e45201b2-f07f-5395-a74f-8b8c5518f4b3,GMKN
e45201b2-f07f-5395-a74f-8b8c5518f4b3,DIVIDEND_PAYMENT
fc1d1bda-29d0-51c6-bb68-976bb6917172,GMKN
fc1d1bda-29d0-51c6-bb68-976bb6917172,DIVIDEND_ANNOUNCEMENT
f2642998-b432-5605-a1a2-c8c47b7df9e5,GMKN
f2642998-b432-5605-a1a2-c8c47b7df9e5,DIVIDEND_PAYMENT
e2f5312f-d461-5371-810e-5a5d9cefc7bd,GMKN
e2f5312f-d461-5371-810e-5a5d9cefc7bd,DIVIDEND_ANNOUNCEMENT
e961f622-4853-5c7a-bc08-67828100ad4b,GMKN
e961f622-4853-5c7a-bc08-67828100ad4b,DIVIDEND_PAYMENT
15aeeb56-29d2-5dd1-b93e-6ac4069e9500,GMKN
15aeeb56-29d2-5dd1-b93e-6ac4069e9500,DIVIDEND_ANNOUNCEMENT
992ec6f9-d36c-5ac2-9c08-4e1a7606e6e9,GMKN
992ec6f9-d36c-5ac2-9c08-4e1a7606e6e9,DIVIDEND_PAYMENT
a4045220-2da5-5a7a-b57a-37a7b13838e4,GMKN
a4045220-2da5-5a7a-b57a-37a7b13838e4,DIVIDEND_ANNOUNCEMENT
c8ed1bc3-efa8-5d1b-ba26-13b4eff3dc80,GMKN
c8ed1bc3-efa8-5d1b-ba26-13b4eff3dc80,DIVIDEND_PAYMENT
24d79e1d-2fdc-52b1-a3c2-15bbd5191c63,GMKN
24d79e1d-2fdc-52b1-a3c2-15bbd5191c63,DIVIDEND_ANNOUNCEMENT
ad7bc5c5-dd87-54e1-9daa-0ab1e11ff2bb,GMKN
ad7bc5c5-dd87-54e1-9daa-0ab1e11ff2bb,DIVIDEND_PAYMENT
7254a415-1d23-5b29-949a-484d9f959c86,GMKN
7254a415-1d23-5b29-949a-484d9f959c86,DIVIDEND_ANNOUNCEMENT
2274380e-7d5c-55ea-92d9-b9f05d335fc5,GMKN
2274380e-7d5c-55ea-92d9-b9f05d335fc5,DIVIDEND_PAYMENT
9aea14b6-654b-5fa9-ab9b-f6288ec11311,GMKN
9aea14b6-654b-5fa9-ab9b-f6288ec11311,DIVIDEND_ANNOUNCEMENT
c812619a-0f86-513e-938e-ef0cd7d7e579,GMKN
c812619a-0f86-513e-938e-ef0cd7d7e579,DIVIDEND_PAYMENT
3a310e19-5568-59da-a595-6cc5a1d717f2,GMKN
3a310e19-5568-59da-a595-6cc5a1d717f2,DIVIDEND_ANNOUNCEMENT
0b060ca5-3648-5778-a7b0-8ab08c9a9afa,GMKN
0b060ca5-3648-5778-a7b0-8ab08c9a9afa,DIVIDEND_PAYMENT
001b25a1-4e79-52a6-96d1-d5129592938f,GMKN
001b25a1-4e79-52a6-96d1-d5129592938f,DIVIDEND_ANNOUNCEMENT
01e4d01a-6c2d-5cf7-92f5-10a0a6273bfd,GMKN
01e4d01a-6c2d-5cf7-92f5-10a0a6273bfd,DIVIDEND_PAYMENT
3b601e8a-93cc-58ce-8bea-b65e9b809e17,GMKN
3b601e8a-93cc-58ce-8bea-b65e9b809e17,DIVIDEND_ANNOUNCEMENT
efa82666-c5d9-59f1-80a4-2e638eff0226,GMKN
efa82666-c5d9-59f1-80a4-2e638eff0226,DIVIDEND_PAYMENT
78f0c9d0-6ca7-5a70-906e-42801124a22c,GMKN
78f0c9d0-6ca7-5a70-906e-42801124a22c,DIVIDEND_ANNOUNCEMENT
01ffd0d7-0f7d-5b4b-98f7-efbcb5a0c33a,GMKN
01ffd0d7-0f7d-5b4b-98f7-efbcb5a0c33a,DIVIDEND_PAYMENT
9879561b-d9e2-5c81-ae82-5c21445c0e1e,GMKN
9879561b-d9e2-5c81-ae82-5c21445c0e1e,DIVIDEND_ANNOUNCEMENT
37e445f8-8300-5bf1-8fe6-d86f12e68c82,GMKN
37e445f8-8300-5bf1-8fe6-d86f12e68c82,DIVIDEND_PAYMENT
026ed97e-0c26-5b74-b550-85b1a581f014,GMKN
026ed97e-0c26-5b74-b550-85b1a581f014,DIVIDEND_ANNOUNCEMENT
34b01a40-dbd0-5608-a3a9-63768b0afcae,GMKN
34b01a40-dbd0-5608-a3a9-63768b0afcae,DIVIDEND_PAYMENT
b0030c08-1612-5d2e-880b-674d0f9a27b8,GMKN
b0030c08-1612-5d2e-880b-674d0f9a27b8,DIVIDEND_ANNOUNCEMENT
b4dec163-1b9e-560c-ae9b-b39cd102d605,GMKN
b4dec163-1b9e-560c-ae9b-b39cd102d605,DIVIDEND_PAYMENT
ff552a78-a069-5131-b2af-d180e2794bb3,GMKN
ff552a78-a069-5131-b2af-d180e2794bb3,DIVIDEND_ANNOUNCEMENT
8a7b30b5-ca7c-57c3-abea-c5685556b1da,GMKN
8a7b30b5-ca7c-57c3-abea-c5685556b1da,DIVIDEND_PAYMENT
bb5574d0-7a32-54b5-ac47-b24cf9691c4b,GMKN
bb5574d0-7a32-54b5-ac47-b24cf9691c4b,DIVIDEND_ANNOUNCEMENT
6de217a7-683b-516f-8367-49b2dbefd268,GMKN
6de217a7-683b-516f-8367-49b2dbefd268,DIVIDEND_PAYMENT
688e1672-440a-51bc-ba65-20074849ccd3,GMKN
688e1672-440a-51bc-ba65-20074849ccd3,DIVIDEND_ANNOUNCEMENT
50a24102-5365-55da-a017-1b25c8b7554d,GMKN
50a24102-5365-55da-a017-1b25c8b7554d,DIVIDEND_PAYMENT
bc9194dc-0be8-54d8-a416-1c888b87eec7,GMKN
bc9194dc-0be8-54d8-a416-1c888b87eec7,DIVIDEND_ANNOUNCEMENT
d5db7d0a-48fb-5380-b4d7-c32dce73b979,GMKN
d5db7d0a-48fb-5380-b4d7-c32dce73b979,DIVIDEND_PAYMENT
872aa37f-71d7-5a0d-b8bc-86771da4ad8d,GMKN
872aa37f-71d7-5a0d-b8bc-86771da4ad8d,DIVIDEND_ANNOUNCEMENT
27106a0c-f782-5498-a401-d6d5574a4ab0,GMKN
27106a0c-f782-5498-a401-d6d5574a4ab0,DIVIDEND_PAYMENT
1a7eb008-dd5b-5f3b-8a3a-03bfa619c226,GMKN
1a7eb008-dd5b-5f3b-8a3a-03bfa619c226,DIVIDEND_ANNOUNCEMENT
a7088aff-da3e-5e65-862c-976d33299beb,GMKN
a7088aff-da3e-5e65-862c-976d33299beb,DIVIDEND_PAYMENT
6fc051a3-a23a-5af6-bc7e-74dbaf2a9cf1,GMKN
6fc051a3-a23a-5af6-bc7e-74dbaf2a9cf1,DIVIDEND_ANNOUNCEMENT
7cd33b6c-d749-52ca-aa4e-17aa3337106d,GMKN
7cd33b6c-d749-52ca-aa4e-17aa3337106d,DIVIDEND_PAYMENT
3b035d4d-9dc0-593d-994a-8ea00ca9248f,GMKN
3b035d4d-9dc0-593d-994a-8ea00ca9248f,DIVIDEND_ANNOUNCEMENT
10a5db41-bf42-5a73-b552-610455da9a10,GMKN
10a5db41-bf42-5a73-b552-610455da9a10,DIVIDEND_PAYMENT
95605e61-5f17-5681-835c-bef96a9405cd,HYDR
95605e61-5f17-5681-835c-bef96a9405cd,DIVIDEND_ANNOUNCEMENT
2d406911-bbfb-5436-b95d-270abb8aa6ed,HYDR
2d406911-bbfb-5436-b95d-270abb8aa6ed,DIVIDEND_PAYMENT
3e1187a0-ce67-5bb2-9201-321729fb37c0,HYDR
3e1187a0-ce67-5bb2-9201-321729fb37c0,DIVIDEND_ANNOUNCEMENT
0afe1aa7-435b-5c29-ac40-49d9c35205f2,HYDR
0afe1aa7-435b-5c29-ac40-49d9c35205f2,DIVIDEND_PAYMENT
f93ede37-5a42-5734-80f9-c8fe9ac54e0e,HYDR
f93ede37-5a42-5734-80f9-c8fe9ac54e0e,DIVIDEND_ANNOUNCEMENT
f74ab9ca-bcf6-58ba-85c1-00a44d4b2953,HYDR
f74ab9ca-bcf6-58ba-85c1-00a44d4b2953,DIVIDEND_PAYMENT
ca50a1ad-d873-55cb-adc9-bda022b29997,HYDR
ca50a1ad-d873-55cb-adc9-bda022b29997,DIVIDEND_ANNOUNCEMENT
a6b9bca6-0da1-5012-9328-a256f535292a,HYDR
a6b9bca6-0da1-5012-9328-a256f535292a,DIVIDEND_PAYMENT
e4ff69f5-6606-5cc6-999b-65b9dad7041e,HYDR
e4ff69f5-6606-5cc6-999b-65b9dad7041e,DIVIDEND_ANNOUNCEMENT
360321a3-cd07-5b60-a11e-03827c2ddf35,HYDR
360321a3-cd07-5b60-a11e-03827c2ddf35,DIVIDEND_PAYMENT
4c3445a9-925f-5f7a-bfc5-c58215a3e190,HYDR
4c3445a9-925f-5f7a-bfc5-c58215a3e190,DIVIDEND_ANNOUNCEMENT
0fa1e8e0-8061-5711-85ec-57456104e369,HYDR
0fa1e8e0-8061-5711-85ec-57456104e369,DIVIDEND_PAYMENT
3af5087f-81fb-58c1-b056-adbac1692add,HYDR
3af5087f-81fb-58c1-b056-adbac1692add,DIVIDEND_ANNOUNCEMENT
9206840d-d6d0-57eb-9a74-37fd0bedbaa9,HYDR
9206840d-d6d0-57eb-9a74-37fd0bedbaa9,DIVIDEND_PAYMENT
c5d3970e-c7fb-5d18-a2a6-0f7a978e5530,HYDR
c5d3970e-c7fb-5d18-a2a6-0f7a978e5530,DIVIDEND_ANNOUNCEMENT
63fc0443-17c5-5c5b-8301-e6728c6a5100,HYDR
63fc0443-17c5-5c5b-8301-e6728c6a5100,DIVIDEND_PAYMENT
7708028f-13a5-5651-81f3-f8ca713f9c20,HYDR
7708028f-13a5-5651-81f3-f8ca713f9c20,DIVIDEND_ANNOUNCEMENT
add61009-26b7-5906-be9d-48c021df6b4b,HYDR
add61009-26b7-5906-be9d-48c021df6b4b,DIVIDEND_PAYMENT
15168065-8528-5cf9-ac86-1c8cb3a538ba,HYDR
15168065-8528-5cf9-ac86-1c8cb3a538ba,DIVIDEND_ANNOUNCEMENT
b2e21dde-0e22-53ae-9978-b896d8fa1d62,HYDR
b2e21dde-0e22-53ae-9978-b896d8fa1d62,DIVIDEND_PAYMENT
f12ff7d1-7c9c-5e82-b1ff-889521c0018e,HYDR
f12ff7d1-7c9c-5e82-b1ff-889521c0018e,DIVIDEND_ANNOUNCEMENT
d2ab99b9-0d23-5baa-8946-11cb234adbe8,HYDR
d2ab99b9-0d23-5baa-8946-11cb234adbe8,DIVIDEND_PAYMENT
cf5d494d-ac8b-5013-bd2d-c1efd9fea2e7,HYDR
cf5d494d-ac8b-5013-bd2d-c1efd9fea2e7,DIVIDEND_ANNOUNCEMENT
64053291-dc51-5a21-b53c-65c4844d41c1,HYDR
64053291-dc51-5a21-b53c-65c4844d41c1,DIVIDEND_PAYMENT
55c3fffe-e4dc-50bd-9bfb-6b315dd5a2e7,HYDR
55c3fffe-e4dc-50bd-9bfb-6b315dd5a2e7,DIVIDEND_ANNOUNCEMENT
f02dc88a-b464-56be-91c8-2a369f837829,HYDR
f02dc88a-b464-56be-91c8-2a369f837829,DIVIDEND_PAYMENT
7ddce723-0452-5d3e-82e3-e24ee7889594,IRAO
7ddce723-0452-5d3e-82e3-e24ee7889594,DIVIDEND_ANNOUNCEMENT
8e0238e7-8c42-5046-b6df-89273cde8f94,IRAO
8e0238e7-8c42-5046-b6df-89273cde8f94,DIVIDEND_PAYMENT
a24b8f83-363e-5e41-ba76-5b43d55cf243,IRAO
a24b8f83-363e-5e41-ba76-5b43d55cf243,DIVIDEND_ANNOUNCEMENT
c5e8c40a-e090-5af0-8597-7c423b3ad7ae,IRAO
c5e8c40a-e090-5af0-8597-7c423b3ad7ae,DIVIDEND_PAYMENT
f323aa34-a359-5dd9-b3d1-dedc22c30117,IRAO
f323aa34-a359-5dd9-b3d1-dedc22c30117,DIVIDEND_ANNOUNCEMENT
205e3f9c-fdf2-5d5b-8a47-c7f22c620faa,IRAO
205e3f9c-fdf2-5d5b-8a47-c7f22c620faa,DIVIDEND_PAYMENT
555b4107-8c10-54f9-a636-e211bbec100e,IRAO
555b4107-8c10-54f9-a636-e211bbec100e,DIVIDEND_ANNOUNCEMENT
f2365f15-ccd3-5c6a-86a9-d8b082494dbd,IRAO
f2365f15-ccd3-5c6a-86a9-d8b082494dbd,DIVIDEND_PAYMENT
92b3a679-3d09-58b0-a26d-1e9431fccd05,IRAO
92b3a679-3d09-58b0-a26d-1e9431fccd05,DIVIDEND_ANNOUNCEMENT
a246dac4-5a98-520e-b8b3-dba57c496029,IRAO
a246dac4-5a98-520e-b8b3-dba57c496029,DIVIDEND_PAYMENT
eed0fb02-50c9-5577-9b3e-c80a80154ebc,IRAO
eed0fb02-50c9-5577-9b3e-c80a80154ebc,DIVIDEND_ANNOUNCEMENT
d4835878-0929-58aa-8af1-d34dda845066,IRAO
d4835878-0929-58aa-8af1-d34dda845066,DIVIDEND_PAYMENT
8f78bde3-3a4e-54f0-85d9-8252e4ca91b3,IRAO
8f78bde3-3a4e-54f0-85d9-8252e4ca91b3,DIVIDEND_ANNOUNCEMENT
bcad2868-1b24-550a-af87-ee0b2ac023a0,IRAO
bcad2868-1b24-550a-af87-ee0b2ac023a0,DIVIDEND_PAYMENT
0e29024d-1402-5240-91f2-ab95f78542be,IRAO
0e29024d-1402-5240-91f2-ab95f78542be,DIVIDEND_ANNOUNCEMENT
cb5e0abd-551d-57b8-8742-f0fe4f2ca1a5,IRAO
cb5e0abd-551d-57b8-8742-f0fe4f2ca1a5,DIVIDEND_PAYMENT
364a596c-1aa4-5abb-be5c-aebc6b147580,IRAO
364a596c-1aa4-5abb-be5c-aebc6b147580,DIVIDEND_ANNOUNCEMENT
3d26daaf-b1da-5aeb-a4a6-776e51e5ed03,IRAO
3d26daaf-b1da-5aeb-a4a6-776e51e5ed03,DIVIDEND_PAYMENT
c5e9790b-8d66-5ea4-947a-7c7582854035,IRAO
c5e9790b-8d66-5ea4-947a-7c7582854035,DIVIDEND_ANNOUNCEMENT
dbefb76a-7c22-5b68-bce6-3e1c0c0585cd,IRAO
dbefb76a-7c22-5b68-bce6-3e1c0c0585cd,DIVIDEND_PAYMENT
3589e1d6-3030-5107-bd5a-98cca78c8b40,IRAO
3589e1d6-3030-5107-bd5a-98cca78c8b40,DIVIDEND_ANNOUNCEMENT
6d936f16-fe25-5075-beea-90120ecdcf28,IRAO
6d936f16-fe25-5075-beea-90120ecdcf28,DIVIDEND_PAYMENT
34763b8e-02f5-51d2-ac22-48b5b628d48a,IRAO
34763b8e-02f5-51d2-ac22-48b5b628d48a,DIVIDEND_ANNOUNCEMENT
d0609599-d722-5aef-afa5-76a12e2460bd,IRAO
d0609599-d722-5aef-afa5-76a12e2460bd,DIVIDEND_PAYMENT
794d763d-64b6-512b-b87a-1ede04c51ebe,LKOH
794d763d-64b6-512b-b87a-1ede04c51ebe,DIVIDEND_ANNOUNCEMENT
fc8430bf-d33d-5116-b33d-4979d84910a5,LKOH
fc8430bf-d33d-5116-b33d-4979d84910a5,DIVIDEND_PAYMENT
04e4a264-b1db-589a-b234-6910edc397c3,LKOH
04e4a264-b1db-589a-b234-6910edc397c3,DIVIDEND_ANNOUNCEMENT
cbdf3a6a-fc78-5e84-9b93-1457fe96894f,LKOH
cbdf3a6a-fc78-5e84-9b93-1457fe96894f,DIVIDEND_PAYMENT
dea80a63-0b74-5ea6-b067-c8b938ecd747,LKOH
dea80a63-0b74-5ea6-b067-c8b938ecd747,DIVIDEND_ANNOUNCEMENT
05790f3e-1d41-57ec-b83f-1df791e0b57c,LKOH
05790f3e-1d41-57ec-b83f-1df791e0b57c,DIVIDEND_PAYMENT
8aa017ae-518e-57e9-8af7-67b7f0b7ef6c,LKOH
8aa017ae-518e-57e9-8af7-67b7f0b7ef6c,DIVIDEND_ANNOUNCEMENT
2baedd9b-b629-5f7a-ac16-3d6c38f7de65,LKOH
2baedd9b-b629-5f7a-ac16-3d6c38f7de65,DIVIDEND_PAYMENT
e6b4ff6f-263c-5a80-858d-5e255175d6ae,LKOH
e6b4ff6f-263c-5a80-858d-5e255175d6ae,DIVIDEND_ANNOUNCEMENT
5f5b0432-fe24-57fb-8bb8-f197a3c758d7,LKOH
5f5b0432-fe24-57fb-8bb8-f197a3c758d7,DIVIDEND_PAYMENT
cb8c0ab5-7a78-5e42-b4cc-57dd2c8dd55a,LKOH
cb8c0ab5-7a78-5e42-b4cc-57dd2c8dd55a,DIVIDEND_ANNOUNCEMENT
f93b4c05-d419-5a17-80ef-8a0bbde50bce,LKOH
f93b4c05-d419-5a17-80ef-8a0bbde50bce,DIVIDEND_PAYMENT
7b9cceba-7f6e-5c7e-b8ec-d19992a749bc,LKOH
7b9cceba-7f6e-5c7e-b8ec-d19992a749bc,DIVIDEND_ANNOUNCEMENT
3ad0c4e4-cb74-5b12-8189-fe9260378ffc,LKOH
3ad0c4e4-cb74-5b12-8189-fe9260378ffc,DIVIDEND_PAYMENT
4066b5d0-a33c-5161-947f-a492792ba854,LKOH
4066b5d0-a33c-5161-947f-a492792ba854,DIVIDEND_ANNOUNCEMENT
362b239b-90bc-56ec-a46c-b800019526e3,LKOH
362b239b-90bc-56ec-a46c-b800019526e3,DIVIDEND_PAYMENT
3522edfb-ea30-5fa7-90a4-7d2b3d0f1c8f,LKOH
3522edfb-ea30-5fa7-90a4-7d2b3d0f1c8f,DIVIDEND_ANNOUNCEMENT
bca8ded9-ad45-5e23-b53c-556da3c1c6d5,LKOH
bca8ded9-ad45-5e23-b53c-556da3c1c6d5,DIVIDEND_PAYMENT
643dc748-f933-5883-8118-0a20ce37f61d,LKOH
643dc748-f933-5883-8118-0a20ce37f61d,DIVIDEND_ANNOUNCEMENT
ad67c5b5-f8e2-532b-9947-4958818019e6,LKOH
ad67c5b5-f8e2-532b-9947-4958818019e6,DIVIDEND_PAYMENT
60de7e80-a526-57a0-a4d5-17b5d6a853c8,LKOH
60de7e80-a526-57a0-a4d5-17b5d6a853c8,DIVIDEND_ANNOUNCEMENT
8552103d-a6e4-5840-b60a-ddd93572d554,LKOH
8552103d-a6e4-5840-b60a-ddd93572d554,DIVIDEND_PAYMENT
4b83baa6-d51d-59e0-9157-1dbdb700d1eb,LKOH
4b83baa6-d51d-59e0-9157-1dbdb700d1eb,DIVIDEND_ANNOUNCEMENT
617a37da-4b21-5905-84f7-fda8962640a5,LKOH
617a37da-4b21-5905-84f7-fda8962640a5,DIVIDEND_PAYMENT
9f60b834-f80a-55ea-9e92-b824fc64f8db,LKOH
9f60b834-f80a-55ea-9e92-b824fc64f8db,DIVIDEND_ANNOUNCEMENT
7667d3f7-89ec-5976-8e66-ce29cf461a11,LKOH
7667d3f7-89ec-5976-8e66-ce29cf461a11,DIVIDEND_PAYMENT
33257b76-88c1-5bb3-a865-5c0118176123,LKOH
33257b76-88c1-5bb3-a865-5c0118176123,DIVIDEND_ANNOUNCEMENT
d5b361cf-1e3f-5e0a-8d41-afa9bfe925f3,LKOH
d5b361cf-1e3f-5e0a-8d41-afa9bfe925f3,DIVIDEND_PAYMENT
80090f1c-0276-5173-9011-ce6eb2cc939f,LKOH
80090f1c-0276-5173-9011-ce6eb2cc939f,DIVIDEND_ANNOUNCEMENT
1c5ab505-2d1f-5dfe-a889-fe5f2f05ceb8,LKOH
1c5ab505-2d1f-5dfe-a889-fe5f2f05ceb8,DIVIDEND_PAYMENT
d456c1db-41f1-5823-b03a-9bea74771864,LKOH
d456c1db-41f1-5823-b03a-9bea74771864,DIVIDEND_ANNOUNCEMENT
8de12c8a-f708-542d-b17b-6a3aaf5d8b5b,LKOH
8de12c8a-f708-542d-b17b-6a3aaf5d8b5b,DIVIDEND_PAYMENT
4851f968-71ee-564e-b6a5-4b43038a4fe3,LKOH
4851f968-71ee-564e-b6a5-4b43038a4fe3,DIVIDEND_ANNOUNCEMENT
4e2ccebf-60e5-593a-8379-86bb8d92513c,LKOH
4e2ccebf-60e5-593a-8379-86bb8d92513c,DIVIDEND_PAYMENT
06e95a03-ec6f-557a-bcc0-7306dc7424c3,LKOH
06e95a03-ec6f-557a-bcc0-7306dc7424c3,DIVIDEND_ANNOUNCEMENT
f2b10998-bf33-5f3a-8bf6-9851d3680899,LKOH
f2b10998-bf33-5f3a-8bf6-9851d3680899,DIVIDEND_PAYMENT
5dbcbfdd-4b42-5b84-81e4-4cda745e8f32,LKOH
5dbcbfdd-4b42-5b84-81e4-4cda745e8f32,DIVIDEND_ANNOUNCEMENT
1d0c272c-bdd5-5683-b4aa-237f87f5fa44,LKOH
1d0c272c-bdd5-5683-b4aa-237f87f5fa44,DIVIDEND_PAYMENT
75bad08d-751f-5426-9d2f-264719c98a7e,LKOH
75bad08d-751f-5426-9d2f-264719c98a7e,DIVIDEND_ANNOUNCEMENT
01a3d9fb-6a61-56cc-aec5-0a91c321646e,LKOH
01a3d9fb-6a61-56cc-aec5-0a91c321646e,DIVIDEND_PAYMENT
fe240bc6-9d21-5d6d-b057-57a27da0b17a,LKOH
fe240bc6-9d21-5d6d-b057-57a27da0b17a,DIVIDEND_ANNOUNCEMENT
d4094759-1216-5d58-b19a-b3ad8a4a8fef,LKOH
d4094759-1216-5d58-b19a-b3ad8a4a8fef,DIVIDEND_PAYMENT
e08ed738-54c3-5452-8cc6-1e210bc8a59d,LKOH
e08ed738-54c3-5452-8cc6-1e210bc8a59d,DIVIDEND_ANNOUNCEMENT
0c65350a-ac17-5f0d-9f80-533af04246bd,LKOH
0c65350a-ac17-5f0d-9f80-533af04246bd,DIVIDEND_PAYMENT
f3eeb5cb-3fb0-570f-aaea-5aa0f774a5d8,LKOH
f3eeb5cb-3fb0-570f-aaea-5aa0f774a5d8,DIVIDEND_ANNOUNCEMENT
94752931-dd5a-5a21-96dc-1d34ea3a7c21,LKOH
94752931-dd5a-5a21-96dc-1d34ea3a7c21,DIVIDEND_PAYMENT
356168ea-d1f6-54f1-ae9f-b45971ce70d6,LKOH
356168ea-d1f6-54f1-ae9f-b45971ce70d6,DIVIDEND_ANNOUNCEMENT
ed96adc7-ad8f-5ffd-9ae7-df5e3dcc1bb9,LKOH
ed96adc7-ad8f-5ffd-9ae7-df5e3dcc1bb9,DIVIDEND_PAYMENT
8a5fea59-f785-5d6d-8a43-e0fd8a31e7a3,LKOH
8a5fea59-f785-5d6d-8a43-e0fd8a31e7a3,DIVIDEND_ANNOUNCEMENT
f420c03c-c76f-5e14-a475-2ceba2356492,LKOH
f420c03c-c76f-5e14-a475-2ceba2356492,DIVIDEND_PAYMENT
6c6cdb19-9e1e-5239-abf8-c56e1f566057,LKOH
6c6cdb19-9e1e-5239-abf8-c56e1f566057,DIVIDEND_ANNOUNCEMENT
0cb2a5d8-c0cd-5f2e-9474-c40e63658470,LKOH
0cb2a5d8-c0cd-5f2e-9474-c40e63658470,DIVIDEND_PAYMENT
0d2a0e26-a267-5208-93a0-ffa6bbe888b4,LKOH
0d2a0e26-a267-5208-93a0-ffa6bbe888b4,DIVIDEND_ANNOUNCEMENT
faec3c33-39a6-5c5b-8bd9-3d2442f3e21a,LKOH
faec3c33-39a6-5c5b-8bd9-3d2442f3e21a,DIVIDEND_PAYMENT
e24572d9-6f70-5e52-9b75-166b01991229,LKOH
e24572d9-6f70-5e52-9b75-166b01991229,DIVIDEND_ANNOUNCEMENT
8154c54f-eb96-5d8a-a017-f914b6442782,LKOH
8154c54f-eb96-5d8a-a017-f914b6442782,DIVIDEND_PAYMENT
d2bcef18-0c47-553c-9ebc-76a92517b890,LKOH
d2bcef18-0c47-553c-9ebc-76a92517b890,DIVIDEND_ANNOUNCEMENT
3648a02c-1a0f-5652-856d-629389cd0390,LKOH
3648a02c-1a0f-5652-856d-629389cd0390,DIVIDEND_PAYMENT
cc7dbaa3-e356-5d82-a0c7-1526403dcb5a,LKOH
cc7dbaa3-e356-5d82-a0c7-1526403dcb5a,DIVIDEND_ANNOUNCEMENT
ca18d50a-bc03-54b6-9423-e73117f66e53,LKOH
ca18d50a-bc03-54b6-9423-e73117f66e53,DIVIDEND_PAYMENT
ad05a895-e4bf-5906-87be-6a71632e8a11,LKOH
ad05a895-e4bf-5906-87be-6a71632e8a11,DIVIDEND_ANNOUNCEMENT
7b148b0b-89cd-548f-9578-a17edb57507f,LKOH
7b148b0b-89cd-548f-9578-a17edb57507f,DIVIDEND_PAYMENT
dd3ad4d8-dab5-5cd1-9f8d-2411aece82e8,LKOH
dd3ad4d8-dab5-5cd1-9f8d-2411aece82e8,DIVIDEND_ANNOUNCEMENT
ba93205c-82ee-5b11-b2d5-087be58f4c22,LKOH
ba93205c-82ee-5b11-b2d5-087be58f4c22,DIVIDEND_PAYMENT
af21576d-5942-5dc9-a6ce-b8f01410ed32,LKOH
af21576d-5942-5dc9-a6ce-b8f01410ed32,DIVIDEND_ANNOUNCEMENT
2660776d-8274-5547-9541-ff93c0976bc7,LKOH
2660776d-8274-5547-9541-ff93c0976bc7,DIVIDEND_PAYMENT
e4f26659-5acf-54c7-8181-7ea6e865ca2d,LKOH
e4f26659-5acf-54c7-8181-7ea6e865ca2d,DIVIDEND_ANNOUNCEMENT
ad9e648b-0ccf-56e8-b273-1286922684ae,LKOH
ad9e648b-0ccf-56e8-b273-1286922684ae,DIVIDEND_PAYMENT
d84dd4ff-0750-5623-81dc-e1fc9ec4291c,LKOH
d84dd4ff-0750-5623-81dc-e1fc9ec4291c,DIVIDEND_ANNOUNCEMENT
e7a4c337-acf9-5724-9e35-88da53a2f66f,LKOH
e7a4c337-acf9-5724-9e35-88da53a2f66f,DIVIDEND_PAYMENT
354884a9-51ac-51df-92ba-9b2718754663,LKOH
354884a9-51ac-51df-92ba-9b2718754663,DIVIDEND_ANNOUNCEMENT
849262ca-b5d0-594f-a487-d03fc7d51ab5,LKOH
849262ca-b5d0-594f-a487-d03fc7d51ab5,DIVIDEND_PAYMENT
2b1ee430-9c91-553f-8618-7d25f369e4d3,LKOH
2b1ee430-9c91-553f-8618-7d25f369e4d3,DIVIDEND_ANNOUNCEMENT
99c2377a-0924-5b17-8b85-dc909ef3e0c1,LKOH
99c2377a-0924-5b17-8b85-dc909ef3e0c1,DIVIDEND_PAYMENT
cdaf3a88-7767-5c11-a930-d30d4ea3c806,LKOH
cdaf3a88-7767-5c11-a930-d30d4ea3c806,DIVIDEND_ANNOUNCEMENT
41439f8f-7af2-586e-a06f-a99ed53847e3,LKOH
41439f8f-7af2-586e-a06f-a99ed53847e3,DIVIDEND_ANNOUNCEMENT
96036a86-3331-5012-8d98-0285f9d20867,LKOH
96036a86-3331-5012-8d98-0285f9d20867,DIVIDEND_PAYMENT
f3ba5035-e70a-5012-b060-d2a3a13213b0,LKOH
f3ba5035-e70a-5012-b060-d2a3a13213b0,DIVIDEND_ANNOUNCEMENT
d4ff510a-f8f8-5cae-b497-a5b4b5c41f30,LKOH
d4ff510a-f8f8-5cae-b497-a5b4b5c41f30,DIVIDEND_PAYMENT
20a0c655-dde0-5b6b-9df0-ca6a56aa696f,LSRG
20a0c655-dde0-5b6b-9df0-ca6a56aa696f,DIVIDEND_ANNOUNCEMENT
00387c6a-1353-5e9a-ba86-607b33486212,LSRG
00387c6a-1353-5e9a-ba86-607b33486212,DIVIDEND_PAYMENT
f82782db-d57f-5357-a07a-4616e95c106a,LSRG
f82782db-d57f-5357-a07a-4616e95c106a,DIVIDEND_ANNOUNCEMENT
35d37b88-929f-5634-bc48-5f3d90b2a7d7,LSRG
35d37b88-929f-5634-bc48-5f3d90b2a7d7,DIVIDEND_PAYMENT
3956310d-afe3-5c36-8f64-0f71f69b89b3,LSRG
3956310d-afe3-5c36-8f64-0f71f69b89b3,DIVIDEND_ANNOUNCEMENT
cb4e228c-a06c-5950-a1a9-a7c86ae6006c,LSRG
cb4e228c-a06c-5950-a1a9-a7c86ae6006c,DIVIDEND_PAYMENT
c0c3848f-70f3-5669-a473-4399b7646e8a,LSRG
c0c3848f-70f3-5669-a473-4399b7646e8a,DIVIDEND_ANNOUNCEMENT
9ceb3751-5d68-5e36-a3bd-20c5897ee91e,LSRG
9ceb3751-5d68-5e36-a3bd-20c5897ee91e,DIVIDEND_PAYMENT
e470c3d1-1f45-512b-bc3b-e1b815ae7f75,LSRG
e470c3d1-1f45-512b-bc3b-e1b815ae7f75,DIVIDEND_ANNOUNCEMENT
b91a5891-b5e1-5e39-9348-3cd6cc36c39c,LSRG
b91a5891-b5e1-5e39-9348-3cd6cc36c39c,DIVIDEND_PAYMENT
8400ec7d-743d-5243-a9d2-a9fa2acfb256,LSRG
8400ec7d-743d-5243-a9d2-a9fa2acfb256,DIVIDEND_ANNOUNCEMENT
d2b2fdf6-6238-5318-8cb1-e22a2a3b49f9,LSRG
d2b2fdf6-6238-5318-8cb1-e22a2a3b49f9,DIVIDEND_PAYMENT
182f3bd1-33ae-5a8e-9631-0378e62124e5,LSRG
182f3bd1-33ae-5a8e-9631-0378e62124e5,DIVIDEND_ANNOUNCEMENT
b1a5bf97-46b4-5e09-b563-3e51d18a4ecc,LSRG
b1a5bf97-46b4-5e09-b563-3e51d18a4ecc,DIVIDEND_PAYMENT
e8c12850-e2d9-55ef-ba00-c6b8c16d8698,LSRG
e8c12850-e2d9-55ef-ba00-c6b8c16d8698,DIVIDEND_ANNOUNCEMENT
f2a0a74e-0a97-5290-be68-f2e01408446e,LSRG
f2a0a74e-0a97-5290-be68-f2e01408446e,DIVIDEND_PAYMENT
fa8d0e9e-3be5-595b-bd7a-0f26759940b7,LSRG
fa8d0e9e-3be5-595b-bd7a-0f26759940b7,DIVIDEND_ANNOUNCEMENT
986c2ba3-4c9e-57e3-ba00-1ee9444abbfb,LSRG
986c2ba3-4c9e-57e3-ba00-1ee9444abbfb,DIVIDEND_PAYMENT
823ac96f-d603-5041-96e0-8099b0a30d7f,LSRG
823ac96f-d603-5041-96e0-8099b0a30d7f,DIVIDEND_ANNOUNCEMENT
e8ce9bb3-ad4e-5c78-8bf3-072dd89e7768,LSRG
e8ce9bb3-ad4e-5c78-8bf3-072dd89e7768,DIVIDEND_PAYMENT
84b64bab-6aa2-5f5a-8d03-8c9de12a1154,LSRG
84b64bab-6aa2-5f5a-8d03-8c9de12a1154,DIVIDEND_ANNOUNCEMENT
b15b86d1-9387-5240-af1e-01cac112d8e4,LSRG
b15b86d1-9387-5240-af1e-01cac112d8e4,DIVIDEND_PAYMENT
66ee9a1c-288d-535f-827d-d8a77797564c,LSRG
66ee9a1c-288d-535f-827d-d8a77797564c,DIVIDEND_ANNOUNCEMENT
216cceb6-c0f6-5267-854f-6a31ef88c849,LSRG
216cceb6-c0f6-5267-854f-6a31ef88c849,DIVIDEND_PAYMENT
7f6e16ee-0389-5dc5-bf11-ee171cde352e,LSRG
7f6e16ee-0389-5dc5-bf11-ee171cde352e,DIVIDEND_ANNOUNCEMENT
d2094868-66d2-5992-b981-dbf264e58e16,LSRG
d2094868-66d2-5992-b981-dbf264e58e16,DIVIDEND_PAYMENT
9a6934cb-bd82-57be-b976-19ed5a4dd044,LSRG
9a6934cb-bd82-57be-b976-19ed5a4dd044,DIVIDEND_ANNOUNCEMENT
d0b06c8c-d9ed-5eef-a6ec-5332fe0bd4f5,LSRG
d0b06c8c-d9ed-5eef-a6ec-5332fe0bd4f5,DIVIDEND_PAYMENT
7ae9e636-dbf0-54bf-8fda-62f6b98972ed,LSRG
7ae9e636-dbf0-54bf-8fda-62f6b98972ed,DIVIDEND_ANNOUNCEMENT
a307e049-2104-581b-a9e9-19cec1a90d17,LSRG
a307e049-2104-581b-a9e9-19cec1a90d17,DIVIDEND_PAYMENT
267a137b-73fc-5717-8d13-d66627ebbf57,MAGN
267a137b-73fc-5717-8d13-d66627ebbf57,DIVIDEND_ANNOUNCEMENT
907bcf3f-79be-505f-bb88-44673de68432,MAGN
907bcf3f-79be-505f-bb88-44673de68432,DIVIDEND_PAYMENT
80b026f9-0f10-50a6-a688-f5bd7045dbc6,MAGN
80b026f9-0f10-50a6-a688-f5bd7045dbc6,DIVIDEND_ANNOUNCEMENT
96dd959f-72aa-5759-9a66-e9d28654084e,MAGN
96dd959f-72aa-5759-9a66-e9d28654084e,DIVIDEND_PAYMENT
34a3d290-786e-5b2a-8a36-27bf29030723,MAGN
34a3d290-786e-5b2a-8a36-27bf29030723,DIVIDEND_ANNOUNCEMENT
52b8f8bd-a4ec-5dcb-a310-86023507fc64,MAGN
52b8f8bd-a4ec-5dcb-a310-86023507fc64,DIVIDEND_PAYMENT
57dda067-927f-5439-aa6d-9d79f7284871,MAGN
57dda067-927f-5439-aa6d-9d79f7284871,DIVIDEND_ANNOUNCEMENT
8a906798-f30d-5c41-9c2d-82241a97b24d,MAGN
8a906798-f30d-5c41-9c2d-82241a97b24d,DIVIDEND_PAYMENT
78e15ef4-c116-597f-b5b4-2288e76e8ec5,MAGN
78e15ef4-c116-597f-b5b4-2288e76e8ec5,DIVIDEND_ANNOUNCEMENT
8bac8377-ff40-5cde-bcbd-d3474ab91463,MAGN
8bac8377-ff40-5cde-bcbd-d3474ab91463,DIVIDEND_PAYMENT
60d7f381-3700-5668-b7ee-441ff8bbbce8,MAGN
60d7f381-3700-5668-b7ee-441ff8bbbce8,DIVIDEND_ANNOUNCEMENT
701c2cd8-a81f-5e28-b583-61597fed48f8,MAGN
701c2cd8-a81f-5e28-b583-61597fed48f8,DIVIDEND_PAYMENT
0b20daf7-4268-56ee-86a6-a67810f6ad1b,MAGN
0b20daf7-4268-56ee-86a6-a67810f6ad1b,DIVIDEND_ANNOUNCEMENT
3ef01972-014e-5e45-bb4c-c9ca2b9a69c2,MAGN
3ef01972-014e-5e45-bb4c-c9ca2b9a69c2,DIVIDEND_PAYMENT
95248d2d-e354-52c1-9c46-01377cb99e74,MAGN
95248d2d-e354-52c1-9c46-01377cb99e74,DIVIDEND_ANNOUNCEMENT
4c7734b5-3a10-515e-9a02-0a5640855d42,MAGN
4c7734b5-3a10-515e-9a02-0a5640855d42,DIVIDEND_PAYMENT
448ad8b6-df7d-5be9-96b5-90448e968660,MAGN
448ad8b6-df7d-5be9-96b5-90448e968660,DIVIDEND_ANNOUNCEMENT
bad2faba-62f1-5ffc-a8ef-dc9de0ececa9,MAGN
bad2faba-62f1-5ffc-a8ef-dc9de0ececa9,DIVIDEND_PAYMENT
027af459-4006-52c0-be99-44d0269e7124,MAGN
027af459-4006-52c0-be99-44d0269e7124,DIVIDEND_ANNOUNCEMENT
933acc93-1e97-50e2-8f65-a03d9cb2bb6a,MAGN
933acc93-1e97-50e2-8f65-a03d9cb2bb6a,DIVIDEND_PAYMENT
872142ef-6739-55a8-b8f1-a0ed823f3e7d,MAGN
872142ef-6739-55a8-b8f1-a0ed823f3e7d,DIVIDEND_ANNOUNCEMENT
126afd21-18f8-54b0-a125-25617d45a697,MAGN
126afd21-18f8-54b0-a125-25617d45a697,DIVIDEND_PAYMENT
b4a510df-9dc4-5531-9628-9fd9a951171b,MAGN
b4a510df-9dc4-5531-9628-9fd9a951171b,DIVIDEND_ANNOUNCEMENT
58ca79a0-d3ff-5ec3-ab68-d2985c5842d2,MAGN
58ca79a0-d3ff-5ec3-ab68-d2985c5842d2,DIVIDEND_PAYMENT
b01d7c67-775d-5379-8bce-ce1ebc8ba56a,MAGN
b01d7c67-775d-5379-8bce-ce1ebc8ba56a,DIVIDEND_ANNOUNCEMENT
e9d74748-c0b5-5374-9e95-bcbb6beabd31,MAGN
e9d74748-c0b5-5374-9e95-bcbb6beabd31,DIVIDEND_PAYMENT
847f9477-4477-5f08-a554-8d529bc875be,MAGN
847f9477-4477-5f08-a554-8d529bc875be,DIVIDEND_ANNOUNCEMENT
9b3e4b00-4ee9-5776-8c9d-fd783f23128f,MAGN
9b3e4b00-4ee9-5776-8c9d-fd783f23128f,DIVIDEND_PAYMENT
b467fd1b-32a4-5a6f-acbe-78126e20f087,MAGN
b467fd1b-32a4-5a6f-acbe-78126e20f087,DIVIDEND_ANNOUNCEMENT
49f3a16b-b51f-5883-aa60-480645be0f0b,MAGN
49f3a16b-b51f-5883-aa60-480645be0f0b,DIVIDEND_PAYMENT
4f24c0fe-0475-516a-a341-538b0122638c,MAGN
4f24c0fe-0475-516a-a341-538b0122638c,DIVIDEND_ANNOUNCEMENT
1c1a9367-7ab0-5a3d-a346-59ed3d8af6fb,MAGN
1c1a9367-7ab0-5a3d-a346-59ed3d8af6fb,DIVIDEND_PAYMENT
31b73ec6-e95c-58f0-abad-d01dd07087f5,MAGN
31b73ec6-e95c-58f0-abad-d01dd07087f5,DIVIDEND_ANNOUNCEMENT
e0c0893f-40dc-5f73-9d13-74d8fbf9ae43,MAGN
e0c0893f-40dc-5f73-9d13-74d8fbf9ae43,DIVIDEND_ANNOUNCEMENT
83ac9c6e-2c8b-5ff0-b405-c7e70d98cd54,MAGN
83ac9c6e-2c8b-5ff0-b405-c7e70d98cd54,DIVIDEND_PAYMENT
39c2304e-3720-5a35-9deb-148f6e3e2e26,MAGN
39c2304e-3720-5a35-9deb-148f6e3e2e26,DIVIDEND_ANNOUNCEMENT
eaf6a671-3a9b-5b89-ad5c-89f9e18655cd,MAGN
eaf6a671-3a9b-5b89-ad5c-89f9e18655cd,DIVIDEND_PAYMENT
f4f39c1b-572d-5e35-8a5f-4c03d3a900a9,MAGN
f4f39c1b-572d-5e35-8a5f-4c03d3a900a9,DIVIDEND_ANNOUNCEMENT
755eb323-4343-57dc-aa23-98c8c3b8fcea,MAGN
755eb323-4343-57dc-aa23-98c8c3b8fcea,DIVIDEND_PAYMENT
655f5628-3799-5943-b267-939b5f16fbd8,MAGN
655f5628-3799-5943-b267-939b5f16fbd8,DIVIDEND_ANNOUNCEMENT
ddcbf1a2-cbf6-58be-8a8d-e8203e05b262,MAGN
ddcbf1a2-cbf6-58be-8a8d-e8203e05b262,DIVIDEND_PAYMENT
965c3b15-64fd-5501-ab97-8a03d41fda7f,MAGN
965c3b15-64fd-5501-ab97-8a03d41fda7f,DIVIDEND_ANNOUNCEMENT
eac54167-4daf-50a7-97bf-b324197ab3c3,MAGN
eac54167-4daf-50a7-97bf-b324197ab3c3,DIVIDEND_ANNOUNCEMENT
9134de1e-2601-573b-ac06-0fccaa9c8bc6,MAGN
9134de1e-2601-573b-ac06-0fccaa9c8bc6,DIVIDEND_PAYMENT
912baacf-4d0c-59b8-8e24-b2d4d9ddeded,MAGN
912baacf-4d0c-59b8-8e24-b2d4d9ddeded,DIVIDEND_ANNOUNCEMENT
8f86701f-7368-530e-8c8c-92a0a589f0aa,MAGN
8f86701f-7368-530e-8c8c-92a0a589f0aa,DIVIDEND_PAYMENT
40150e05-5823-58bd-9e0e-61f2b72f4904,MAGN
40150e05-5823-58bd-9e0e-61f2b72f4904,DIVIDEND_ANNOUNCEMENT
463462bd-0d41-5972-8f54-ace913b99c4b,MAGN
463462bd-0d41-5972-8f54-ace913b99c4b,DIVIDEND_PAYMENT
750652c9-46e0-5a6b-87c0-ea28f0652f73,MAGN
750652c9-46e0-5a6b-87c0-ea28f0652f73,DIVIDEND_ANNOUNCEMENT
fd2dd9b4-68db-595d-a815-1031cbf1b1e5,MAGN
fd2dd9b4-68db-595d-a815-1031cbf1b1e5,DIVIDEND_PAYMENT
68c9f5e5-6ae9-58e7-b89b-1de646c50b82,MAGN
68c9f5e5-6ae9-58e7-b89b-1de646c50b82,DIVIDEND_ANNOUNCEMENT
a2b413a8-f8d1-5b6b-bc9f-67c4274e52a3,MAGN
a2b413a8-f8d1-5b6b-bc9f-67c4274e52a3,DIVIDEND_PAYMENT
575c40d2-1ff5-578b-8ce4-e0943ee0be23,MAGN
575c40d2-1ff5-578b-8ce4-e0943ee0be23,DIVIDEND_ANNOUNCEMENT
f8e085bb-d81b-5f6b-b244-758be56758ea,MAGN
f8e085bb-d81b-5f6b-b244-758be56758ea,DIVIDEND_PAYMENT
6864ff52-c16b-559c-8a89-02f3f710d752,MAGN
6864ff52-c16b-559c-8a89-02f3f710d752,DIVIDEND_ANNOUNCEMENT
034d791d-c087-5b4b-a034-f7b11a5b7421,MAGN
034d791d-c087-5b4b-a034-f7b11a5b7421,DIVIDEND_PAYMENT
ce9662fe-ed96-5caa-8c64-3084ff5a769a,MAGN
ce9662fe-ed96-5caa-8c64-3084ff5a769a,DIVIDEND_ANNOUNCEMENT
8cd61302-78e7-5530-b04a-cb48e70166da,MAGN
8cd61302-78e7-5530-b04a-cb48e70166da,DIVIDEND_PAYMENT
fafaa070-75c9-592a-b5ad-e95688311b5a,MAGN
fafaa070-75c9-592a-b5ad-e95688311b5a,DIVIDEND_ANNOUNCEMENT
1e8b9c3c-62af-595a-b6f6-781291846503,MAGN
1e8b9c3c-62af-595a-b6f6-781291846503,DIVIDEND_PAYMENT
96fb6dd0-57bb-5e7c-9da2-376497193579,MAGN
96fb6dd0-57bb-5e7c-9da2-376497193579,DIVIDEND_ANNOUNCEMENT
2e087a3e-88b3-50e0-af1f-3af4a3b6089b,MAGN
2e087a3e-88b3-50e0-af1f-3af4a3b6089b,DIVIDEND_PAYMENT
c30fc547-a99e-52c4-a29e-8e534190d87c,MAGN
c30fc547-a99e-52c4-a29e-8e534190d87c,DIVIDEND_ANNOUNCEMENT
270634d1-3ffe-5856-abb4-253790da227b,MAGN
270634d1-3ffe-5856-abb4-253790da227b,DIVIDEND_PAYMENT
2de5244b-83ad-5684-8d0f-ed558c3d26c8,MAGN
2de5244b-83ad-5684-8d0f-ed558c3d26c8,DIVIDEND_ANNOUNCEMENT
f96ffed8-88a7-54ea-8eeb-c7685e087ae9,MAGN
f96ffed8-88a7-54ea-8eeb-c7685e087ae9,DIVIDEND_PAYMENT
57756e5c-5a40-50c3-a8c0-484f67e2dc41,MAGN
57756e5c-5a40-50c3-a8c0-484f67e2dc41,DIVIDEND_ANNOUNCEMENT
cf11220b-e0bd-5dd4-80e3-2adf6e61d746,MAGN
cf11220b-e0bd-5dd4-80e3-2adf6e61d746,DIVIDEND_PAYMENT
f5289eaf-8ca0-5e48-b82a-60435a5cc0df,MAGN
f5289eaf-8ca0-5e48-b82a-60435a5cc0df,DIVIDEND_ANNOUNCEMENT
01893302-bd6e-532e-99e1-66974710af88,MAGN
01893302-bd6e-532e-99e1-66974710af88,DIVIDEND_PAYMENT
6c16b01e-23a7-5f6b-8c9d-ad03b890d743,MGNT
6c16b01e-23a7-5f6b-8c9d-ad03b890d743,DIVIDEND_ANNOUNCEMENT
f2b314be-021a-5e13-be8d-9d1263462bd0,MGNT
f2b314be-021a-5e13-be8d-9d1263462bd0,DIVIDEND_PAYMENT
3aa8bbbe-b954-56e1-b7ec-6af4b662d99c,MGNT
3aa8bbbe-b954-56e1-b7ec-6af4b662d99c,DIVIDEND_ANNOUNCEMENT
47bf88f1-a86a-596e-85fe-539c3a8b7510,MGNT
47bf88f1-a86a-596e-85fe-539c3a8b7510,DIVIDEND_PAYMENT
27b79883-cd59-5668-95d3-87a304365faa,MGNT
27b79883-cd59-5668-95d3-87a304365faa,DIVIDEND_ANNOUNCEMENT
3815ceb6-e97f-59b0-9208-aade2b5b0a69,MGNT
3815ceb6-e97f-59b0-9208-aade2b5b0a69,DIVIDEND_PAYMENT
e7f1568a-a754-5c79-8641-0cddabf43f97,MGNT
e7f1568a-a754-5c79-8641-0cddabf43f97,DIVIDEND_ANNOUNCEMENT
93dcb7f5-2f43-589e-8711-2d6989b62f35,MGNT
93dcb7f5-2f43-589e-8711-2d6989b62f35,DIVIDEND_PAYMENT
4c323fe3-1d6c-5be4-a6d5-19d9c0220de4,MGNT
4c323fe3-1d6c-5be4-a6d5-19d9c0220de4,DIVIDEND_ANNOUNCEMENT
1d3782d2-5feb-592a-847d-976c9021c9d7,MGNT
1d3782d2-5feb-592a-847d-976c9021c9d7,DIVIDEND_PAYMENT
5389e6af-ebd7-5a60-9624-6802a1073a1c,MGNT
5389e6af-ebd7-5a60-9624-6802a1073a1c,DIVIDEND_ANNOUNCEMENT
dd8ed06a-c52e-5231-a6e0-6152c578cdf6,MGNT
dd8ed06a-c52e-5231-a6e0-6152c578cdf6,DIVIDEND_PAYMENT
bb5c4963-86ac-5ed7-8367-52ec750a9156,MGNT
bb5c4963-86ac-5ed7-8367-52ec750a9156,DIVIDEND_ANNOUNCEMENT
82bc5c10-250c-5a72-9af5-c05014bf5483,MGNT
82bc5c10-250c-5a72-9af5-c05014bf5483,DIVIDEND_PAYMENT
fd5847b1-d5b8-5927-841a-4b560310f8c3,MGNT
fd5847b1-d5b8-5927-841a-4b560310f8c3,DIVIDEND_ANNOUNCEMENT
edadc5d9-adcc-5517-8178-51325326143b,MGNT
edadc5d9-adcc-5517-8178-51325326143b,DIVIDEND_PAYMENT
40d08064-7abb-5bad-b0b2-feeb935e2388,MGNT
40d08064-7abb-5bad-b0b2-feeb935e2388,DIVIDEND_ANNOUNCEMENT
2aea5e23-4405-594c-a2c0-2e29e6710cf6,MGNT
2aea5e23-4405-594c-a2c0-2e29e6710cf6,DIVIDEND_PAYMENT
7e023534-556e-54bd-80c2-88e7b21d6418,MGNT
7e023534-556e-54bd-80c2-88e7b21d6418,DIVIDEND_ANNOUNCEMENT
0ddc46f0-def0-51fa-a3e1-8e0e1e2f5ece,MGNT
0ddc46f0-def0-51fa-a3e1-8e0e1e2f5ece,DIVIDEND_PAYMENT
75c2dff6-5c73-5cd2-9f4c-5616b4953425,MGNT
75c2dff6-5c73-5cd2-9f4c-5616b4953425,DIVIDEND_ANNOUNCEMENT
c0ce27b0-1647-517d-8dad-e851fc3c69e6,MGNT
c0ce27b0-1647-517d-8dad-e851fc3c69e6,DIVIDEND_PAYMENT
b22962bd-d1b4-5ed1-9c4f-81126a371e7c,MGNT
b22962bd-d1b4-5ed1-9c4f-81126a371e7c,DIVIDEND_ANNOUNCEMENT
0b84bb9c-5220-50e4-bba0-75cf3dd7ecf9,MGNT
0b84bb9c-5220-50e4-bba0-75cf3dd7ecf9,DIVIDEND_PAYMENT
84fa0685-1373-5155-9e84-ff958e7ab54f,MGNT
84fa0685-1373-5155-9e84-ff958e7ab54f,DIVIDEND_ANNOUNCEMENT
4b389bc2-bc43-5824-95ea-1901e7cb9feb,MGNT
4b389bc2-bc43-5824-95ea-1901e7cb9feb,DIVIDEND_PAYMENT
3d62e947-d32d-5060-99f5-d5c88f5f100a,MGNT
3d62e947-d32d-5060-99f5-d5c88f5f100a,DIVIDEND_ANNOUNCEMENT
e6d4ad5c-580c-56f1-bb01-4b4f54c769a1,MGNT
e6d4ad5c-580c-56f1-bb01-4b4f54c769a1,DIVIDEND_PAYMENT
db55b5cc-dee0-5f51-879c-9b7e77f69177,MGNT
db55b5cc-dee0-5f51-879c-9b7e77f69177,DIVIDEND_ANNOUNCEMENT
7180fe5d-56ef-5438-9e5b-4632600c258c,MGNT
7180fe5d-56ef-5438-9e5b-4632600c258c,DIVIDEND_PAYMENT
8720dc8f-c2f3-5f85-9558-5a08bd0b1cda,MGNT
8720dc8f-c2f3-5f85-9558-5a08bd0b1cda,DIVIDEND_ANNOUNCEMENT
373a683f-b427-562c-bedc-8d8c9c5d679b,MGNT
373a683f-b427-562c-bedc-8d8c9c5d679b,DIVIDEND_PAYMENT
fa1e2848-6902-5238-904f-ad1160cf9b71,MGNT
fa1e2848-6902-5238-904f-ad1160cf9b71,DIVIDEND_ANNOUNCEMENT
1786a209-4675-5bc6-a344-76ce16b3ca56,MGNT
1786a209-4675-5bc6-a344-76ce16b3ca56,DIVIDEND_PAYMENT
67dc8599-fb9f-5278-81a5-4c2716147e7b,MGNT
67dc8599-fb9f-5278-81a5-4c2716147e7b,DIVIDEND_ANNOUNCEMENT
19954103-5abc-5cc0-90d0-6c2b2c141256,MGNT
19954103-5abc-5cc0-90d0-6c2b2c141256,DIVIDEND_PAYMENT
de7e7e81-1876-52fb-9228-5b50dd69f25a,MGNT
de7e7e81-1876-52fb-9228-5b50dd69f25a,DIVIDEND_ANNOUNCEMENT
f1c7ef83-c384-5811-b477-ba4fdfdfa5df,MGNT
f1c7ef83-c384-5811-b477-ba4fdfdfa5df,DIVIDEND_PAYMENT
d5a3480b-eba7-5422-b59b-cdcd5a9b0676,MGNT
d5a3480b-eba7-5422-b59b-cdcd5a9b0676,DIVIDEND_ANNOUNCEMENT
82888e99-6aa7-5995-9fd3-adb9d111f3b4,MGNT
82888e99-6aa7-5995-9fd3-adb9d111f3b4,DIVIDEND_PAYMENT
d71d512c-bb50-5db6-a711-1b61d859bcc4,MGNT
d71d512c-bb50-5db6-a711-1b61d859bcc4,DIVIDEND_ANNOUNCEMENT
5f2497fb-595e-5ef6-aa1e-0a0f1666b0ed,MGNT
5f2497fb-595e-5ef6-aa1e-0a0f1666b0ed,DIVIDEND_PAYMENT
a42d6ffd-a2f3-520d-ac9d-5793712643bf,MGNT
a42d6ffd-a2f3-520d-ac9d-5793712643bf,DIVIDEND_ANNOUNCEMENT
f73ea559-5e7c-513d-b682-271cdbbbdcc2,MGNT
f73ea559-5e7c-513d-b682-271cdbbbdcc2,DIVIDEND_PAYMENT
1766edae-00e2-5296-b58d-19fd05830cf1,MGNT
1766edae-00e2-5296-b58d-19fd05830cf1,DIVIDEND_ANNOUNCEMENT
5b6c3dce-dcba-513a-b927-735692c094dc,MGNT
5b6c3dce-dcba-513a-b927-735692c094dc,DIVIDEND_PAYMENT
463eabd9-3464-5698-b68c-9cbed4d4006b,MGNT
463eabd9-3464-5698-b68c-9cbed4d4006b,DIVIDEND_ANNOUNCEMENT
908f71fc-faa1-5e5d-afd4-eeb55da6bdaa,MGNT
908f71fc-faa1-5e5d-afd4-eeb55da6bdaa,DIVIDEND_ANNOUNCEMENT
ca2a25b3-c29a-5c42-b0f0-c064bc4a2634,MGNT
ca2a25b3-c29a-5c42-b0f0-c064bc4a2634,DIVIDEND_PAYMENT
92d0ea08-3aef-5cc8-8325-a548be5b7510,MGNT
92d0ea08-3aef-5cc8-8325-a548be5b7510,DIVIDEND_ANNOUNCEMENT
56f10cf6-8113-5fd7-8871-6299f215f9e6,MGNT
56f10cf6-8113-5fd7-8871-6299f215f9e6,DIVIDEND_PAYMENT
6272a677-8560-5bb3-9ff7-89924b3c2536,MGNT
6272a677-8560-5bb3-9ff7-89924b3c2536,DIVIDEND_ANNOUNCEMENT
f47c7414-5673-5fb1-ad89-9e779512cca9,MGNT
f47c7414-5673-5fb1-ad89-9e779512cca9,DIVIDEND_PAYMENT
a5276874-980f-5405-b56e-a0b10cca1e6a,MGNT
a5276874-980f-5405-b56e-a0b10cca1e6a,DIVIDEND_ANNOUNCEMENT
db941948-b4d0-58d7-8213-edce3374e65c,MGNT
db941948-b4d0-58d7-8213-edce3374e65c,DIVIDEND_PAYMENT
d67e592b-7871-5634-a73d-8b6ac5d33f81,MGNT
d67e592b-7871-5634-a73d-8b6ac5d33f81,DIVIDEND_ANNOUNCEMENT
c2682fd1-1de4-571e-9847-8a714cfea75d,MGNT
c2682fd1-1de4-571e-9847-8a714cfea75d,DIVIDEND_PAYMENT
2b626ed5-f19b-5b16-b3eb-f1d4e265f038,MOEX
2b626ed5-f19b-5b16-b3eb-f1d4e265f038,DIVIDEND_ANNOUNCEMENT
8b9fa4b2-f5ea-5284-9ebc-614ae2b1282c,MOEX
8b9fa4b2-f5ea-5284-9ebc-614ae2b1282c,DIVIDEND_PAYMENT
38f024c9-3d87-5973-8863-43e0459a8909,MOEX
38f024c9-3d87-5973-8863-43e0459a8909,DIVIDEND_ANNOUNCEMENT
c02da220-897d-5b14-bed2-adb087f92f74,MOEX
c02da220-897d-5b14-bed2-adb087f92f74,DIVIDEND_PAYMENT
15b0e565-07a9-522a-b7e4-9cdcfbff355f,MOEX
15b0e565-07a9-522a-b7e4-9cdcfbff355f,DIVIDEND_ANNOUNCEMENT
7a3e0f67-3420-5d63-99cc-64ec849210ed,MOEX
7a3e0f67-3420-5d63-99cc-64ec849210ed,DIVIDEND_PAYMENT
321d8e05-0d56-524a-8a3a-2b1d9fbed5ae,MOEX
321d8e05-0d56-524a-8a3a-2b1d9fbed5ae,DIVIDEND_ANNOUNCEMENT
76693f97-668e-5117-8428-eb5dfc203932,MOEX
76693f97-668e-5117-8428-eb5dfc203932,DIVIDEND_PAYMENT
e68a8809-a091-5796-a78d-f958c0100ba7,MOEX
e68a8809-a091-5796-a78d-f958c0100ba7,DIVIDEND_ANNOUNCEMENT
bcb35384-7755-59c9-ad66-97f00db75bd1,MOEX
bcb35384-7755-59c9-ad66-97f00db75bd1,DIVIDEND_PAYMENT
e0a2049d-728f-5f97-8dd3-7f6f96ebc0f5,MOEX
e0a2049d-728f-5f97-8dd3-7f6f96ebc0f5,DIVIDEND_ANNOUNCEMENT
f815f11a-9e50-51ed-bad3-87804fcd525a,MOEX
f815f11a-9e50-51ed-bad3-87804fcd525a,DIVIDEND_PAYMENT
3d41cae5-8dd4-5130-aa1b-8acce6f43551,MOEX
3d41cae5-8dd4-5130-aa1b-8acce6f43551,DIVIDEND_ANNOUNCEMENT
ee1c2897-9f9e-5586-a823-965baaff2e6e,MOEX
ee1c2897-9f9e-5586-a823-965baaff2e6e,DIVIDEND_PAYMENT
98b5a00e-d3b9-57a8-9384-637351aeffd5,MOEX
98b5a00e-d3b9-57a8-9384-637351aeffd5,DIVIDEND_ANNOUNCEMENT
b0ca5fe2-d04a-5fc5-a993-be1e7c320dc8,MOEX
b0ca5fe2-d04a-5fc5-a993-be1e7c320dc8,DIVIDEND_PAYMENT
f4daaf47-7094-5db0-bf82-24a91dd53d14,MOEX
f4daaf47-7094-5db0-bf82-24a91dd53d14,DIVIDEND_ANNOUNCEMENT
cb81f654-4c30-52ca-9812-af97f28c689b,MOEX
cb81f654-4c30-52ca-9812-af97f28c689b,DIVIDEND_PAYMENT
7abb779b-37f4-5788-ba1d-3a63edf46af0,MOEX
7abb779b-37f4-5788-ba1d-3a63edf46af0,DIVIDEND_ANNOUNCEMENT
310f9bc5-633a-5abe-aee8-cdd7763a5869,MOEX
310f9bc5-633a-5abe-aee8-cdd7763a5869,DIVIDEND_PAYMENT
8545c48b-e473-590e-9e0f-01cd0d1d6f2b,MOEX
8545c48b-e473-590e-9e0f-01cd0d1d6f2b,DIVIDEND_ANNOUNCEMENT
1fe439d0-0d02-5cbf-8f48-e75bb72d5a62,MOEX
1fe439d0-0d02-5cbf-8f48-e75bb72d5a62,DIVIDEND_PAYMENT
971e903e-0967-5c56-ac0d-68519e17fd6a,MOEX
971e903e-0967-5c56-ac0d-68519e17fd6a,DIVIDEND_ANNOUNCEMENT
39d4e04b-2554-549d-91cf-f87f54f0a2fa,MOEX
39d4e04b-2554-549d-91cf-f87f54f0a2fa,DIVIDEND_PAYMENT
da1e46a1-dd86-58c3-abf5-831fa8993703,MOEX
da1e46a1-dd86-58c3-abf5-831fa8993703,DIVIDEND_ANNOUNCEMENT
57901953-2855-5839-b6fe-081b380644b8,MOEX
57901953-2855-5839-b6fe-081b380644b8,DIVIDEND_PAYMENT
e6a9a302-7a04-5ea6-b76f-547c32c00ca6,MTLR
e6a9a302-7a04-5ea6-b76f-547c32c00ca6,DIVIDEND_ANNOUNCEMENT
0918c968-8669-50df-bc7b-e88b0906c6bb,MTLR
0918c968-8669-50df-bc7b-e88b0906c6bb,DIVIDEND_PAYMENT
db3e9286-ca7e-5f0d-af59-3f3c29179362,MTLR
db3e9286-ca7e-5f0d-af59-3f3c29179362,DIVIDEND_ANNOUNCEMENT
e22fb921-c3d3-5935-ba4c-e0feef3850e0,MTLR
e22fb921-c3d3-5935-ba4c-e0feef3850e0,DIVIDEND_PAYMENT
69dd7896-e645-522b-8c61-dca32a1b83ba,MTLR
69dd7896-e645-522b-8c61-dca32a1b83ba,DIVIDEND_ANNOUNCEMENT
d1b311c5-7b66-553b-af02-ff277d7589c0,MTLR
d1b311c5-7b66-553b-af02-ff277d7589c0,DIVIDEND_PAYMENT
220f97fa-88af-555a-a7df-89bb35e666c4,MTLR
220f97fa-88af-555a-a7df-89bb35e666c4,DIVIDEND_ANNOUNCEMENT
7d328013-411e-58bd-a489-140144dbc1a5,MTLR
7d328013-411e-58bd-a489-140144dbc1a5,DIVIDEND_PAYMENT
17384150-a5bf-5f75-bf3b-588aa1db4523,MTLRP
17384150-a5bf-5f75-bf3b-588aa1db4523,DIVIDEND_ANNOUNCEMENT
e9ccf5f3-11ea-5c1e-a3fb-a43a6744fb09,MTLRP
e9ccf5f3-11ea-5c1e-a3fb-a43a6744fb09,DIVIDEND_PAYMENT
9b315bd8-5f30-507d-8181-23c7241a5732,MTLRP
9b315bd8-5f30-507d-8181-23c7241a5732,DIVIDEND_ANNOUNCEMENT
3dd567cc-9a69-53a7-929b-c51ce779b167,MTLRP
3dd567cc-9a69-53a7-929b-c51ce779b167,DIVIDEND_PAYMENT
6f5ad4e8-3d02-5d1e-a071-7214c346d8e4,MTLRP
6f5ad4e8-3d02-5d1e-a071-7214c346d8e4,DIVIDEND_ANNOUNCEMENT
1d5e8ecb-4ba7-513c-8508-9cbf9d113d11,MTLRP
1d5e8ecb-4ba7-513c-8508-9cbf9d113d11,DIVIDEND_PAYMENT
1189c93a-b4a1-59d2-b053-bfc89380755d,MTLRP
1189c93a-b4a1-59d2-b053-bfc89380755d,DIVIDEND_ANNOUNCEMENT
57226447-c1b4-53c0-8fe4-59060ea7b8b3,MTLRP
57226447-c1b4-53c0-8fe4-59060ea7b8b3,DIVIDEND_PAYMENT
58caea1d-3938-557f-ad3b-a6ec1dd04640,MTLRP
58caea1d-3938-557f-ad3b-a6ec1dd04640,DIVIDEND_ANNOUNCEMENT
e8602dfe-8aa8-5ea1-9b70-ad6f44e15770,MTLRP
e8602dfe-8aa8-5ea1-9b70-ad6f44e15770,DIVIDEND_PAYMENT
e8c1300b-67d2-50c7-ab24-ec15702e865f,MTLRP
e8c1300b-67d2-50c7-ab24-ec15702e865f,DIVIDEND_ANNOUNCEMENT
2b2d37d7-38ae-530b-98fd-a9c884f4652d,MTLRP
2b2d37d7-38ae-530b-98fd-a9c884f4652d,DIVIDEND_PAYMENT
cff923ba-a30e-5295-ae4d-897c63ee7c74,MTLRP
cff923ba-a30e-5295-ae4d-897c63ee7c74,DIVIDEND_ANNOUNCEMENT
1b9888ab-07a4-5361-86e4-e9d4c5e37d0c,MTLRP
1b9888ab-07a4-5361-86e4-e9d4c5e37d0c,DIVIDEND_PAYMENT
47f973d5-b963-53ec-8571-c6f22ad5750e,MTLRP
47f973d5-b963-53ec-8571-c6f22ad5750e,DIVIDEND_ANNOUNCEMENT
d9421af0-6952-523f-b089-f9696369889c,MTLRP
d9421af0-6952-523f-b089-f9696369889c,DIVIDEND_PAYMENT
4ae38ae9-8fec-5c50-a016-9af62f7c7a7e,MTLRP
4ae38ae9-8fec-5c50-a016-9af62f7c7a7e,DIVIDEND_ANNOUNCEMENT
553f13ed-2b50-552e-89a0-6eb517e8d941,MTLRP
553f13ed-2b50-552e-89a0-6eb517e8d941,DIVIDEND_PAYMENT
62a885c3-afeb-53a6-9723-47046b670857,MTLRP
62a885c3-afeb-53a6-9723-47046b670857,DIVIDEND_ANNOUNCEMENT
53ebc9cf-57d0-5a88-85e6-a96fa869433f,MTLRP
53ebc9cf-57d0-5a88-85e6-a96fa869433f,DIVIDEND_PAYMENT
95f6e194-527f-56d7-a74b-3fcb74c93c18,MTLRP
95f6e194-527f-56d7-a74b-3fcb74c93c18,DIVIDEND_ANNOUNCEMENT
fff184d3-c22d-5cef-897e-a4c76687266a,MTLRP
fff184d3-c22d-5cef-897e-a4c76687266a,DIVIDEND_PAYMENT
f9108a6e-1152-5fea-8c37-bbf4d3843d90,MTSS
f9108a6e-1152-5fea-8c37-bbf4d3843d90,DIVIDEND_ANNOUNCEMENT
a55d2dcd-4e42-5fa9-889d-c36dbe117c99,MTSS
a55d2dcd-4e42-5fa9-889d-c36dbe117c99,DIVIDEND_PAYMENT
ed703868-79a8-5fc1-8077-8caf5e663ac6,MTSS
ed703868-79a8-5fc1-8077-8caf5e663ac6,DIVIDEND_ANNOUNCEMENT
af96ca16-2ad8-5488-976d-a2f42da02175,MTSS
af96ca16-2ad8-5488-976d-a2f42da02175,DIVIDEND_PAYMENT
e9c489c6-f66b-5ab1-97b0-bc5ef4147efa,MTSS
e9c489c6-f66b-5ab1-97b0-bc5ef4147efa,DIVIDEND_ANNOUNCEMENT
d0da0d45-c569-57d8-8bec-ae2be3c46585,MTSS
d0da0d45-c569-57d8-8bec-ae2be3c46585,DIVIDEND_PAYMENT
53926b84-c432-558c-9d87-5d607954afd7,MTSS
53926b84-c432-558c-9d87-5d607954afd7,DIVIDEND_ANNOUNCEMENT
189147a5-05aa-55fc-a431-0d0c71cc0481,MTSS
189147a5-05aa-55fc-a431-0d0c71cc0481,DIVIDEND_PAYMENT
cad0f45a-f968-5718-821a-b393acc76920,MTSS
cad0f45a-f968-5718-821a-b393acc76920,DIVIDEND_ANNOUNCEMENT
f43ebcb0-7a29-5dfe-a1df-d81aa54c451f,MTSS
f43ebcb0-7a29-5dfe-a1df-d81aa54c451f,DIVIDEND_PAYMENT
2908e429-b99c-5c04-9d6a-d6fecd53d80c,MTSS
2908e429-b99c-5c04-9d6a-d6fecd53d80c,DIVIDEND_ANNOUNCEMENT
fe59a1fa-20ec-5ea9-9133-fbd925a18d88,MTSS
fe59a1fa-20ec-5ea9-9133-fbd925a18d88,DIVIDEND_PAYMENT
1365d5d5-30b8-5db4-9773-1cf23ca4ef4b,MTSS
1365d5d5-30b8-5db4-9773-1cf23ca4ef4b,DIVIDEND_ANNOUNCEMENT
1a80e7e2-793c-5b9a-9daa-54a4e0c62bcb,MTSS
1a80e7e2-793c-5b9a-9daa-54a4e0c62bcb,DIVIDEND_PAYMENT
a0077c66-a2e8-5ae6-bb82-301dd059a886,MTSS
a0077c66-a2e8-5ae6-bb82-301dd059a886,DIVIDEND_ANNOUNCEMENT
4080ec02-8034-58bf-92ac-3f8c9146a0bd,MTSS
4080ec02-8034-58bf-92ac-3f8c9146a0bd,DIVIDEND_PAYMENT
b1fb349b-4946-5055-a3ae-e425b9998d7e,MTSS
b1fb349b-4946-5055-a3ae-e425b9998d7e,DIVIDEND_ANNOUNCEMENT
964a03bb-ffc4-541c-b812-a35ef954f8f8,MTSS
964a03bb-ffc4-541c-b812-a35ef954f8f8,DIVIDEND_PAYMENT
4f8359f4-17b4-51c7-8843-ddb6a59d5e89,MTSS
4f8359f4-17b4-51c7-8843-ddb6a59d5e89,DIVIDEND_ANNOUNCEMENT
0f93cb25-ca6a-525e-91fa-654af89b86d3,MTSS
0f93cb25-ca6a-525e-91fa-654af89b86d3,DIVIDEND_PAYMENT
e3fc09a7-d0d9-56e4-a927-9a44d7e3e93f,MTSS
e3fc09a7-d0d9-56e4-a927-9a44d7e3e93f,DIVIDEND_ANNOUNCEMENT
b2a48774-b682-5bba-accc-a940952587f8,MTSS
b2a48774-b682-5bba-accc-a940952587f8,DIVIDEND_PAYMENT
265043b3-bb08-543d-a778-e1d0fb843fcf,MTSS
265043b3-bb08-543d-a778-e1d0fb843fcf,DIVIDEND_ANNOUNCEMENT
bddfa20f-02a6-51f6-8942-7eeee82a4b1b,MTSS
bddfa20f-02a6-51f6-8942-7eeee82a4b1b,DIVIDEND_PAYMENT
e2fbec0c-eed2-58f3-af6f-a29482ee33d5,MTSS
e2fbec0c-eed2-58f3-af6f-a29482ee33d5,DIVIDEND_ANNOUNCEMENT
e1ea39c2-bd90-5792-925c-41c8edf9a62f,MTSS
e1ea39c2-bd90-5792-925c-41c8edf9a62f,DIVIDEND_PAYMENT
3f929633-3a98-5395-826c-7f85f4e0cb2b,MTSS
3f929633-3a98-5395-826c-7f85f4e0cb2b,DIVIDEND_ANNOUNCEMENT
07231333-d273-5445-bb20-3b31431276c9,MTSS
07231333-d273-5445-bb20-3b31431276c9,DIVIDEND_PAYMENT
6745b524-f8ba-5ae3-b3c7-2ab75c8e7478,MTSS
6745b524-f8ba-5ae3-b3c7-2ab75c8e7478,DIVIDEND_ANNOUNCEMENT
ea6fa043-8226-53ad-b8bd-d050f16b8846,MTSS
ea6fa043-8226-53ad-b8bd-d050f16b8846,DIVIDEND_PAYMENT
ef817d6e-e4be-591d-a02e-ba164034d8d6,MTSS
ef817d6e-e4be-591d-a02e-ba164034d8d6,DIVIDEND_ANNOUNCEMENT
51974585-d5ee-59c4-a958-6f27e2731e67,MTSS
51974585-d5ee-59c4-a958-6f27e2731e67,DIVIDEND_PAYMENT
6ca2099e-128a-59a5-a109-cd3b030f4b18,MTSS
6ca2099e-128a-59a5-a109-cd3b030f4b18,DIVIDEND_ANNOUNCEMENT
2115f777-90a8-596f-b08b-c2981ef81aed,MTSS
2115f777-90a8-596f-b08b-c2981ef81aed,DIVIDEND_PAYMENT
072c99b8-082c-5cd2-9c1f-7b44a1000dd1,MTSS
072c99b8-082c-5cd2-9c1f-7b44a1000dd1,DIVIDEND_ANNOUNCEMENT
d25b792d-6118-5581-89fb-47abdfb248bc,MTSS
d25b792d-6118-5581-89fb-47abdfb248bc,DIVIDEND_PAYMENT
ebe7b36d-2879-558d-b2e9-f7a9ce35823b,MTSS
ebe7b36d-2879-558d-b2e9-f7a9ce35823b,DIVIDEND_ANNOUNCEMENT
005120b3-ba7c-574d-846d-3bdb93b2c120,MTSS
005120b3-ba7c-574d-846d-3bdb93b2c120,DIVIDEND_PAYMENT
78df5de6-fdf6-57b1-9a7f-b1aca27ecc8b,MTSS
78df5de6-fdf6-57b1-9a7f-b1aca27ecc8b,DIVIDEND_ANNOUNCEMENT
56749400-fbfc-5b5c-846f-44643b6f9a06,MTSS
56749400-fbfc-5b5c-846f-44643b6f9a06,DIVIDEND_PAYMENT
278d17fc-d169-5ba8-8a8c-9849797e1706,MTSS
278d17fc-d169-5ba8-8a8c-9849797e1706,DIVIDEND_ANNOUNCEMENT
eda3b513-67e4-533c-a31e-e3ae2b11553c,MTSS
eda3b513-67e4-533c-a31e-e3ae2b11553c,DIVIDEND_PAYMENT
0e462c45-bf42-5ad0-b629-d9dc531e8e7f,MTSS
0e462c45-bf42-5ad0-b629-d9dc531e8e7f,DIVIDEND_ANNOUNCEMENT
756700ca-52f5-594b-b3ec-bc2a8fd15d80,MTSS
756700ca-52f5-594b-b3ec-bc2a8fd15d80,DIVIDEND_PAYMENT
26ec483e-1e1d-5bb2-859a-74b65269a320,MTSS
26ec483e-1e1d-5bb2-859a-74b65269a320,DIVIDEND_ANNOUNCEMENT
acded01b-408f-5007-96ad-18613ac42350,MTSS
acded01b-408f-5007-96ad-18613ac42350,DIVIDEND_PAYMENT
2817467e-d31a-547d-bd9e-795f79d374d8,MTSS
2817467e-d31a-547d-bd9e-795f79d374d8,DIVIDEND_ANNOUNCEMENT
616dfd14-837b-5ca7-8767-8d71821a203e,MTSS
616dfd14-837b-5ca7-8767-8d71821a203e,DIVIDEND_PAYMENT
af276d4a-d40b-5ff3-8787-4d2d5858e8db,MTSS
af276d4a-d40b-5ff3-8787-4d2d5858e8db,DIVIDEND_ANNOUNCEMENT
86cf35b3-a1b3-55c5-93d8-269dfcaa03d6,MTSS
86cf35b3-a1b3-55c5-93d8-269dfcaa03d6,DIVIDEND_PAYMENT
398a465b-54d2-5959-913b-176efffc7784,MTSS
398a465b-54d2-5959-913b-176efffc7784,DIVIDEND_ANNOUNCEMENT
89aeb6b2-bbaa-5e0a-9c80-e34ea911e236,MTSS
89aeb6b2-bbaa-5e0a-9c80-e34ea911e236,DIVIDEND_PAYMENT
a07a06ea-8284-5f01-b046-14552a6803c3,MTSS
a07a06ea-8284-5f01-b046-14552a6803c3,DIVIDEND_ANNOUNCEMENT
692e8bc0-27e3-5b8c-98d4-40537ccfa3bd,MTSS
692e8bc0-27e3-5b8c-98d4-40537ccfa3bd,DIVIDEND_PAYMENT
925c4ab4-48ca-58cb-a32e-c9a66a4c9721,MTSS
925c4ab4-48ca-58cb-a32e-c9a66a4c9721,DIVIDEND_ANNOUNCEMENT
67cb373e-79c2-53ad-967e-68d641a73ebf,MTSS
67cb373e-79c2-53ad-967e-68d641a73ebf,DIVIDEND_PAYMENT
86195f79-07b8-5681-aefe-7f1e58ee0383,MTSS
86195f79-07b8-5681-aefe-7f1e58ee0383,DIVIDEND_ANNOUNCEMENT
0c26a245-267a-51ca-ba0a-c5208d80cdbb,MTSS
0c26a245-267a-51ca-ba0a-c5208d80cdbb,DIVIDEND_PAYMENT
47a26543-0990-5907-af83-86d6a086b624,MTSS
47a26543-0990-5907-af83-86d6a086b624,DIVIDEND_ANNOUNCEMENT
ec4bf88c-bc08-5002-8e83-39fe5a441bb3,MTSS
ec4bf88c-bc08-5002-8e83-39fe5a441bb3,DIVIDEND_PAYMENT
e3d7f739-418e-52db-acf0-9fe5768a0d12,MTSS
e3d7f739-418e-52db-acf0-9fe5768a0d12,DIVIDEND_ANNOUNCEMENT
1425a752-2ca6-53ec-a6f3-54fe8370776f,MTSS
1425a752-2ca6-53ec-a6f3-54fe8370776f,DIVIDEND_PAYMENT
d68c02f5-2169-5b78-b983-84c4fd5c7b8d,MTSS
d68c02f5-2169-5b78-b983-84c4fd5c7b8d,DIVIDEND_ANNOUNCEMENT
03aa3994-9bd6-56c1-ba28-00961f802ae3,MTSS
03aa3994-9bd6-56c1-ba28-00961f802ae3,DIVIDEND_PAYMENT
c02d8100-1a1f-5411-b26e-554974b47b79,MVID
c02d8100-1a1f-5411-b26e-554974b47b79,DIVIDEND_ANNOUNCEMENT
a9e89baa-7d16-5521-bb57-70a56f0579e4,MVID
a9e89baa-7d16-5521-bb57-70a56f0579e4,DIVIDEND_PAYMENT
52e5d6e9-c464-5a79-ac30-6a170ba68cdf,MVID
52e5d6e9-c464-5a79-ac30-6a170ba68cdf,DIVIDEND_ANNOUNCEMENT
222ecdc5-dc19-5bc2-bec0-2000cae36e14,MVID
222ecdc5-dc19-5bc2-bec0-2000cae36e14,DIVIDEND_PAYMENT
aecc8efc-0f85-5a09-b0e6-ce2f6a3b1344,MVID
aecc8efc-0f85-5a09-b0e6-ce2f6a3b1344,DIVIDEND_ANNOUNCEMENT
215d67cc-1dca-522c-9e80-d422dbdc5da3,MVID
215d67cc-1dca-522c-9e80-d422dbdc5da3,DIVIDEND_PAYMENT
7bbcfc32-7883-54f6-89a5-185a3c122558,MVID
7bbcfc32-7883-54f6-89a5-185a3c122558,DIVIDEND_ANNOUNCEMENT
ecc33b05-9c1e-5472-9354-fd51c84e9920,MVID
ecc33b05-9c1e-5472-9354-fd51c84e9920,DIVIDEND_PAYMENT
49b4e560-6616-5206-883c-26c6d2dead1e,MVID
49b4e560-6616-5206-883c-26c6d2dead1e,DIVIDEND_ANNOUNCEMENT
1dedcf17-b884-526e-b621-9fa50c72a5eb,MVID
1dedcf17-b884-526e-b621-9fa50c72a5eb,DIVIDEND_PAYMENT
2b612347-b912-517f-8c99-84ac465ee6b1,MVID
2b612347-b912-517f-8c99-84ac465ee6b1,DIVIDEND_ANNOUNCEMENT
ec315ac8-274c-56d3-8e5c-052781f278da,MVID
ec315ac8-274c-56d3-8e5c-052781f278da,DIVIDEND_PAYMENT
d4c1a0ca-8897-5d68-ae67-318fae333f6d,MVID
d4c1a0ca-8897-5d68-ae67-318fae333f6d,DIVIDEND_ANNOUNCEMENT
dccf9850-ec60-5e8d-ab20-a73b7d9d5cf6,MVID
dccf9850-ec60-5e8d-ab20-a73b7d9d5cf6,DIVIDEND_PAYMENT
25e713f4-6e23-5d54-b65e-6515a890e2ec,MVID
25e713f4-6e23-5d54-b65e-6515a890e2ec,DIVIDEND_ANNOUNCEMENT
77861791-47c6-54d9-ab3e-8c18f388f810,MVID
77861791-47c6-54d9-ab3e-8c18f388f810,DIVIDEND_PAYMENT
63deaf22-a332-5aab-8d84-7299ff2fba27,MVID
63deaf22-a332-5aab-8d84-7299ff2fba27,DIVIDEND_ANNOUNCEMENT
a6543129-3a30-5dfd-a264-45423f0af2b7,MVID
a6543129-3a30-5dfd-a264-45423f0af2b7,DIVIDEND_PAYMENT
418a510a-b795-5247-8859-46d55ef4ea6c,MVID
418a510a-b795-5247-8859-46d55ef4ea6c,DIVIDEND_ANNOUNCEMENT
a7d450ba-3018-5fcb-ba57-9f38a87c5884,MVID
a7d450ba-3018-5fcb-ba57-9f38a87c5884,DIVIDEND_PAYMENT
30b5f09c-3ec8-5294-a119-8d506385c7bb,MVID
30b5f09c-3ec8-5294-a119-8d506385c7bb,DIVIDEND_ANNOUNCEMENT
2044a2d6-4ae2-5d62-be87-b9f312ddd931,MVID
2044a2d6-4ae2-5d62-be87-b9f312ddd931,DIVIDEND_PAYMENT
15531315-88ad-5707-9f35-25b6ad932563,MVID
15531315-88ad-5707-9f35-25b6ad932563,DIVIDEND_ANNOUNCEMENT
f829a767-bc63-5030-9045-4e7c99fb0c7c,MVID
f829a767-bc63-5030-9045-4e7c99fb0c7c,DIVIDEND_PAYMENT
1ffac737-2f4f-5d9b-b650-1fd74b315c27,MVID
1ffac737-2f4f-5d9b-b650-1fd74b315c27,DIVIDEND_ANNOUNCEMENT
c3ebf370-e1d3-57ac-9b0b-c28c3d03f6e8,MVID
c3ebf370-e1d3-57ac-9b0b-c28c3d03f6e8,DIVIDEND_PAYMENT
607d96af-4b81-57fa-be0e-c51b27b0fe03,NKNC
607d96af-4b81-57fa-be0e-c51b27b0fe03,DIVIDEND_ANNOUNCEMENT
f150f458-1f80-5f63-aa53-93ccccb921e8,NKNC
f150f458-1f80-5f63-aa53-93ccccb921e8,DIVIDEND_PAYMENT
d00208a5-96bd-5713-a1e5-6a51613a8515,NKNC
d00208a5-96bd-5713-a1e5-6a51613a8515,DIVIDEND_ANNOUNCEMENT
396f5313-5df8-5544-94af-22d4a94924d8,NKNC
396f5313-5df8-5544-94af-22d4a94924d8,DIVIDEND_PAYMENT
ff064d48-dd27-5437-9b19-2007b982c486,NKNC
ff064d48-dd27-5437-9b19-2007b982c486,DIVIDEND_ANNOUNCEMENT
3cf0248c-498f-5231-83b0-3e08ad762b6e,NKNC
3cf0248c-498f-5231-83b0-3e08ad762b6e,DIVIDEND_PAYMENT
2520d51c-0e39-515d-8b3f-f566978ba206,NKNC
2520d51c-0e39-515d-8b3f-f566978ba206,DIVIDEND_ANNOUNCEMENT
fddfac2a-1d22-5518-b5c7-a40ddbf16a4d,NKNC
fddfac2a-1d22-5518-b5c7-a40ddbf16a4d,DIVIDEND_PAYMENT
b11ce06e-22fb-5b52-8546-ca53e065b950,NKNC
b11ce06e-22fb-5b52-8546-ca53e065b950,DIVIDEND_ANNOUNCEMENT
64674db3-a674-5517-aacf-4b5172acea40,NKNC
64674db3-a674-5517-aacf-4b5172acea40,DIVIDEND_PAYMENT
201ab8ce-f7ad-5bcd-b0f1-d5349db212d3,NKNC
201ab8ce-f7ad-5bcd-b0f1-d5349db212d3,DIVIDEND_ANNOUNCEMENT
7fd87a72-4d90-5ffa-8f3f-449471446db6,NKNC
7fd87a72-4d90-5ffa-8f3f-449471446db6,DIVIDEND_PAYMENT
64823896-6625-50f7-b852-50aae43c06e0,NKNC
64823896-6625-50f7-b852-50aae43c06e0,DIVIDEND_ANNOUNCEMENT
7a816b2c-a0e2-5cf6-a259-b7a757ee3920,NKNC
7a816b2c-a0e2-5cf6-a259-b7a757ee3920,DIVIDEND_PAYMENT
a498df71-b014-5d0a-849c-5ff05d9e6aef,NKNC
a498df71-b014-5d0a-849c-5ff05d9e6aef,DIVIDEND_ANNOUNCEMENT
da5156cf-a657-5759-b250-4bc5f5674489,NKNC
da5156cf-a657-5759-b250-4bc5f5674489,DIVIDEND_PAYMENT
b94f3654-6926-584d-835c-b01fcfb2971b,NKNC
b94f3654-6926-584d-835c-b01fcfb2971b,DIVIDEND_ANNOUNCEMENT
29f2cffb-3621-556f-b395-32a30b52ce5c,NKNC
29f2cffb-3621-556f-b395-32a30b52ce5c,DIVIDEND_PAYMENT
93349ace-6644-536e-ac0f-f74cf14ba35a,NKNC
93349ace-6644-536e-ac0f-f74cf14ba35a,DIVIDEND_ANNOUNCEMENT
283df150-3d6a-552b-ac76-0c2a0b1dcd11,NKNC
283df150-3d6a-552b-ac76-0c2a0b1dcd11,DIVIDEND_PAYMENT
12c8161c-16f7-58f4-80e5-fb71a38ff75d,NKNC
12c8161c-16f7-58f4-80e5-fb71a38ff75d,DIVIDEND_ANNOUNCEMENT
6806174e-14ea-5662-ad8d-a648d42e25a8,NKNC
6806174e-14ea-5662-ad8d-a648d42e25a8,DIVIDEND_PAYMENT
f88e4bdd-0d8d-5fe8-abce-635ba46663f2,NKNC
f88e4bdd-0d8d-5fe8-abce-635ba46663f2,DIVIDEND_ANNOUNCEMENT
77c7938a-dece-5e92-a169-e42fded37cae,NKNC
77c7938a-dece-5e92-a169-e42fded37cae,DIVIDEND_PAYMENT
f990debc-0507-5b80-9354-968265e67009,NKNC
f990debc-0507-5b80-9354-968265e67009,DIVIDEND_ANNOUNCEMENT
4e1a06b7-b75b-5a50-9de9-efef7429738d,NKNC
4e1a06b7-b75b-5a50-9de9-efef7429738d,DIVIDEND_PAYMENT
df2847a7-5881-5960-96bf-0dcd4a56da89,NKNC
df2847a7-5881-5960-96bf-0dcd4a56da89,DIVIDEND_ANNOUNCEMENT
35319ead-0d99-55b3-8830-e7c590c2d5d1,NKNC
35319ead-0d99-55b3-8830-e7c590c2d5d1,DIVIDEND_PAYMENT
1800d956-5267-5529-b405-b2213e33989b,NKNC
1800d956-5267-5529-b405-b2213e33989b,DIVIDEND_ANNOUNCEMENT
0f6366f4-283a-5ae9-8836-7788aaa51f8d,NKNC
0f6366f4-283a-5ae9-8836-7788aaa51f8d,DIVIDEND_PAYMENT
6e10aa0e-f8af-5699-9e3f-88718d89f1b7,NKNC
6e10aa0e-f8af-5699-9e3f-88718d89f1b7,DIVIDEND_ANNOUNCEMENT
b400e289-b5d9-5069-8158-6d290e93f02c,NKNC
b400e289-b5d9-5069-8158-6d290e93f02c,DIVIDEND_PAYMENT
5bcd901b-3a03-53c2-a20f-f0b66c259bed,NKNCP
5bcd901b-3a03-53c2-a20f-f0b66c259bed,DIVIDEND_ANNOUNCEMENT
701632f6-d0f2-55c9-815d-7b309c24d127,NKNCP
701632f6-d0f2-55c9-815d-7b309c24d127,DIVIDEND_PAYMENT
800580e3-1aed-5a27-9cac-756546e57551,NKNCP
800580e3-1aed-5a27-9cac-756546e57551,DIVIDEND_ANNOUNCEMENT
8344a218-10fb-5a42-88d4-e66426b5f753,NKNCP
8344a218-10fb-5a42-88d4-e66426b5f753,DIVIDEND_PAYMENT
753f4fe8-4569-52ea-957a-f331c6c5600d,NKNCP
753f4fe8-4569-52ea-957a-f331c6c5600d,DIVIDEND_ANNOUNCEMENT
4b01de2e-9ad4-500b-9641-35c6e6c75bfe,NKNCP
4b01de2e-9ad4-500b-9641-35c6e6c75bfe,DIVIDEND_PAYMENT
a5ad7f8c-da6d-5ade-8e3c-5305aec76238,NKNCP
a5ad7f8c-da6d-5ade-8e3c-5305aec76238,DIVIDEND_ANNOUNCEMENT
cee8fad7-8432-5c0e-bc4b-1ab4eb170010,NKNCP
cee8fad7-8432-5c0e-bc4b-1ab4eb170010,DIVIDEND_PAYMENT
0e23e517-a34d-5499-9248-94a5fe85fe98,NKNCP
0e23e517-a34d-5499-9248-94a5fe85fe98,DIVIDEND_ANNOUNCEMENT
09d42318-14a5-5a43-921d-d2ae13c4871b,NKNCP
09d42318-14a5-5a43-921d-d2ae13c4871b,DIVIDEND_PAYMENT
492e0937-781b-5b56-9039-981b8ea56478,NKNCP
492e0937-781b-5b56-9039-981b8ea56478,DIVIDEND_ANNOUNCEMENT
7cd0e829-cd74-5d6d-af6b-3e385e344a4a,NKNCP
7cd0e829-cd74-5d6d-af6b-3e385e344a4a,DIVIDEND_PAYMENT
5b2ebadf-707d-5e7e-b888-ae15f986b28f,NKNCP
5b2ebadf-707d-5e7e-b888-ae15f986b28f,DIVIDEND_ANNOUNCEMENT
b19c38b3-16bf-5a8c-97e8-5ff250e06c7a,NKNCP
b19c38b3-16bf-5a8c-97e8-5ff250e06c7a,DIVIDEND_PAYMENT
f84063ac-027c-55bb-b1ea-c004db230b83,NKNCP
f84063ac-027c-55bb-b1ea-c004db230b83,DIVIDEND_ANNOUNCEMENT
ffadac41-b0b8-5fca-88b1-f303268df3d4,NKNCP
ffadac41-b0b8-5fca-88b1-f303268df3d4,DIVIDEND_PAYMENT
410ed564-ad9b-5df6-9f4c-d3728a313cf3,NKNCP
410ed564-ad9b-5df6-9f4c-d3728a313cf3,DIVIDEND_ANNOUNCEMENT
18888a91-d65e-509e-aecf-0601a1eadc87,NKNCP
18888a91-d65e-509e-aecf-0601a1eadc87,DIVIDEND_PAYMENT
492d8857-2ee1-57e3-b11b-3c3f5cd8d8be,NKNCP
492d8857-2ee1-57e3-b11b-3c3f5cd8d8be,DIVIDEND_ANNOUNCEMENT
a8694018-27ac-55d7-ac9a-04ef3c136567,NKNCP
a8694018-27ac-55d7-ac9a-04ef3c136567,DIVIDEND_PAYMENT
67dbd538-1e1b-5004-b9ea-b24bacfd0ef8,NKNCP
67dbd538-1e1b-5004-b9ea-b24bacfd0ef8,DIVIDEND_ANNOUNCEMENT
574b97b6-baa4-5185-8992-23e51db4935a,NKNCP
574b97b6-baa4-5185-8992-23e51db4935a,DIVIDEND_PAYMENT
7a2a2058-ebeb-58d1-83ae-3ef516bf7c6a,NKNCP
7a2a2058-ebeb-58d1-83ae-3ef516bf7c6a,DIVIDEND_ANNOUNCEMENT
b09810fc-3ef0-54c4-b5c6-c89981fbb434,NKNCP
b09810fc-3ef0-54c4-b5c6-c89981fbb434,DIVIDEND_PAYMENT
a5ef241c-f385-5c1c-8c62-41de9596404c,NKNCP
a5ef241c-f385-5c1c-8c62-41de9596404c,DIVIDEND_ANNOUNCEMENT
64fe3651-e835-51f0-956f-21ad5109e149,NKNCP
64fe3651-e835-51f0-956f-21ad5109e149,DIVIDEND_PAYMENT
0c18eac5-beb8-59d5-8a19-097c1661fda0,NKNCP
0c18eac5-beb8-59d5-8a19-097c1661fda0,DIVIDEND_ANNOUNCEMENT
897c84ee-7f9c-5fa9-9d71-9de584ac989a,NKNCP
897c84ee-7f9c-5fa9-9d71-9de584ac989a,DIVIDEND_PAYMENT
74fcca69-b1a0-5131-8399-c67ff28541ac,NKNCP
74fcca69-b1a0-5131-8399-c67ff28541ac,DIVIDEND_ANNOUNCEMENT
5bd784a7-c367-591f-a6c1-b7b52a1a522c,NKNCP
5bd784a7-c367-591f-a6c1-b7b52a1a522c,DIVIDEND_PAYMENT
bb8dd172-3229-5892-88b1-e679efc84bbf,NKNCP
bb8dd172-3229-5892-88b1-e679efc84bbf,DIVIDEND_ANNOUNCEMENT
e8cb64dd-7afc-5fb4-9b28-e864ea1943b6,NKNCP
e8cb64dd-7afc-5fb4-9b28-e864ea1943b6,DIVIDEND_PAYMENT
14635dd1-b840-5b4c-9206-996fb21ffb1b,NKNCP
14635dd1-b840-5b4c-9206-996fb21ffb1b,DIVIDEND_ANNOUNCEMENT
5bf06db3-2adf-5acf-9df6-e8074581a9de,NKNCP
5bf06db3-2adf-5acf-9df6-e8074581a9de,DIVIDEND_PAYMENT
835afd51-b533-5f05-93a6-3440428dd51e,NLMK
835afd51-b533-5f05-93a6-3440428dd51e,DIVIDEND_ANNOUNCEMENT
fc683053-c417-5fb7-a3a5-bb95793d3ec7,NLMK
fc683053-c417-5fb7-a3a5-bb95793d3ec7,DIVIDEND_PAYMENT
a98e2b9f-4dd6-579f-96de-f61ace991179,NLMK
a98e2b9f-4dd6-579f-96de-f61ace991179,DIVIDEND_ANNOUNCEMENT
37390221-8dc3-5ee1-8db5-1f9695850dc7,NLMK
37390221-8dc3-5ee1-8db5-1f9695850dc7,DIVIDEND_PAYMENT
366a604e-d9f3-5f42-9cc1-2fd47c053c5a,NLMK
366a604e-d9f3-5f42-9cc1-2fd47c053c5a,DIVIDEND_ANNOUNCEMENT
fbd0abf3-4852-50b6-95a2-389727156231,NLMK
fbd0abf3-4852-50b6-95a2-389727156231,DIVIDEND_PAYMENT
b1eab4de-c1de-5e3d-8a89-89496f228dd1,NLMK
b1eab4de-c1de-5e3d-8a89-89496f228dd1,DIVIDEND_ANNOUNCEMENT
52025809-ceb6-539b-949e-060e2cd74e63,NLMK
52025809-ceb6-539b-949e-060e2cd74e63,DIVIDEND_PAYMENT
8fa4265b-430c-5f4e-8507-91279e2fec41,NLMK
8fa4265b-430c-5f4e-8507-91279e2fec41,DIVIDEND_ANNOUNCEMENT
1d100d5f-b9cc-57ed-8cde-a2fd5d5a2137,NLMK
1d100d5f-b9cc-57ed-8cde-a2fd5d5a2137,DIVIDEND_PAYMENT
c67d5043-0a1e-5519-b751-4c8fb17245e3,NLMK
c67d5043-0a1e-5519-b751-4c8fb17245e3,DIVIDEND_ANNOUNCEMENT
e6789355-03e2-5f1d-82ec-9d5bf6989451,NLMK
e6789355-03e2-5f1d-82ec-9d5bf6989451,DIVIDEND_PAYMENT
d7aee264-d18b-5774-90e4-fd91c08ac09e,NLMK
d7aee264-d18b-5774-90e4-fd91c08ac09e,DIVIDEND_ANNOUNCEMENT
b1fba175-a013-5cbe-bb9a-35c4ec93883e,NLMK
b1fba175-a013-5cbe-bb9a-35c4ec93883e,DIVIDEND_PAYMENT
3e0c32d6-b1f5-52f3-b478-49b56bc6aba0,NLMK
3e0c32d6-b1f5-52f3-b478-49b56bc6aba0,DIVIDEND_ANNOUNCEMENT
70eb00e2-413d-5d9f-8ce8-27fe3751d561,NLMK
70eb00e2-413d-5d9f-8ce8-27fe3751d561,DIVIDEND_PAYMENT
a0d50f14-f5b0-56d6-90a1-9518479fb65d,NLMK
a0d50f14-f5b0-56d6-90a1-9518479fb65d,DIVIDEND_ANNOUNCEMENT
0ef81ed0-fc4f-50bf-9a38-45d0a0b694b5,NLMK
0ef81ed0-fc4f-50bf-9a38-45d0a0b694b5,DIVIDEND_PAYMENT
ac85a9f0-ccb3-553a-8881-b8d015e5c62e,NLMK
ac85a9f0-ccb3-553a-8881-b8d015e5c62e,DIVIDEND_ANNOUNCEMENT
04e3b35c-9b54-5eaa-8046-b1ae1f2f7cbe,NLMK
04e3b35c-9b54-5eaa-8046-b1ae1f2f7cbe,DIVIDEND_PAYMENT
21b8ffd7-27c6-5639-a804-70538020b094,NLMK
21b8ffd7-27c6-5639-a804-70538020b094,DIVIDEND_ANNOUNCEMENT
5287bad2-7a92-5281-9bd5-b938cfd18bfd,NLMK
5287bad2-7a92-5281-9bd5-b938cfd18bfd,DIVIDEND_PAYMENT
43030b38-de8d-5300-bf4a-abdbd5c2642b,NLMK
43030b38-de8d-5300-bf4a-abdbd5c2642b,DIVIDEND_ANNOUNCEMENT
00dcf860-f856-527a-99cd-a51555cbec5b,NLMK
00dcf860-f856-527a-99cd-a51555cbec5b,DIVIDEND_PAYMENT
5ca083d7-5a4b-5c1f-a381-f4c41fe45640,NLMK
5ca083d7-5a4b-5c1f-a381-f4c41fe45640,DIVIDEND_ANNOUNCEMENT
d5b3b8dc-8dd3-5b1a-a010-6c33d5a7c45f,NLMK
d5b3b8dc-8dd3-5b1a-a010-6c33d5a7c45f,DIVIDEND_PAYMENT
6b90e6f1-a9ae-50ed-8e73-16d294107033,NLMK
6b90e6f1-a9ae-50ed-8e73-16d294107033,DIVIDEND_ANNOUNCEMENT
b3244d00-1571-576e-b369-827af2e8adf4,NLMK
b3244d00-1571-576e-b369-827af2e8adf4,DIVIDEND_PAYMENT
b0331407-aaef-509c-b953-2d7bdb1a289f,NLMK
b0331407-aaef-509c-b953-2d7bdb1a289f,DIVIDEND_ANNOUNCEMENT
d41ea0e5-decb-5904-8af0-ab00d5747df5,NLMK
d41ea0e5-decb-5904-8af0-ab00d5747df5,DIVIDEND_PAYMENT
7515c45f-9471-5df5-ac46-e5cdfa38de36,NLMK
7515c45f-9471-5df5-ac46-e5cdfa38de36,DIVIDEND_ANNOUNCEMENT
e2b27213-532a-5a27-85fc-6c04e4115bd4,NLMK
e2b27213-532a-5a27-85fc-6c04e4115bd4,DIVIDEND_PAYMENT
18cfce1d-ac59-5ae5-9d7d-b707677c5ac8,NLMK
18cfce1d-ac59-5ae5-9d7d-b707677c5ac8,DIVIDEND_ANNOUNCEMENT
3c94a6a9-45e1-595d-817e-d100c5729dce,NLMK
3c94a6a9-45e1-595d-817e-d100c5729dce,DIVIDEND_PAYMENT
721c1ff0-aae9-5322-98d0-dfb0a72d1f2d,NLMK
721c1ff0-aae9-5322-98d0-dfb0a72d1f2d,DIVIDEND_ANNOUNCEMENT
d788a806-9d53-555f-a965-c8c37347439f,NLMK
d788a806-9d53-555f-a965-c8c37347439f,DIVIDEND_PAYMENT
9ec5a55d-27f2-5f1d-9c16-c09f50f8e22e,NLMK
9ec5a55d-27f2-5f1d-9c16-c09f50f8e22e,DIVIDEND_ANNOUNCEMENT
90c9149b-d090-547a-b267-42d767d09bc2,NLMK
90c9149b-d090-547a-b267-42d767d09bc2,DIVIDEND_PAYMENT
305b6643-6767-57c9-9771-d59ef5416348,NLMK
305b6643-6767-57c9-9771-d59ef5416348,DIVIDEND_ANNOUNCEMENT
251f9c31-0703-5126-bf56-5a175d2b7010,NLMK
251f9c31-0703-5126-bf56-5a175d2b7010,DIVIDEND_PAYMENT
79c915e9-a6eb-52c1-8bb5-2921e2d13275,NLMK
79c915e9-a6eb-52c1-8bb5-2921e2d13275,DIVIDEND_ANNOUNCEMENT
59ae20e5-c4ca-5230-adfe-50344e264c5d,NLMK
59ae20e5-c4ca-5230-adfe-50344e264c5d,DIVIDEND_PAYMENT
211f8ee2-dfcd-5370-ac4a-1d6afccfcefb,NLMK
211f8ee2-dfcd-5370-ac4a-1d6afccfcefb,DIVIDEND_ANNOUNCEMENT
f6ab18d8-e78a-5f10-98d3-340636a4b94f,NLMK
f6ab18d8-e78a-5f10-98d3-340636a4b94f,DIVIDEND_PAYMENT
77189fd5-397d-5b81-ab1c-191f47994473,NLMK
77189fd5-397d-5b81-ab1c-191f47994473,DIVIDEND_ANNOUNCEMENT
f418af8a-a22c-560a-bf16-43a9b351c88f,NLMK
f418af8a-a22c-560a-bf16-43a9b351c88f,DIVIDEND_PAYMENT
456bfafc-f795-5e53-9357-e4aa8591436b,NLMK
456bfafc-f795-5e53-9357-e4aa8591436b,DIVIDEND_ANNOUNCEMENT
9d792d6e-6118-50dd-9e94-a4fa8eafbf84,NLMK
9d792d6e-6118-50dd-9e94-a4fa8eafbf84,DIVIDEND_PAYMENT
0f5dcf64-b49a-5c11-ab0e-90f6ca5c6f19,NLMK
0f5dcf64-b49a-5c11-ab0e-90f6ca5c6f19,DIVIDEND_ANNOUNCEMENT
aeb464d1-3863-5ca2-ad4b-3d7145eda294,NLMK
aeb464d1-3863-5ca2-ad4b-3d7145eda294,DIVIDEND_PAYMENT
48598fad-b789-5942-972b-1f981110fc56,NLMK
48598fad-b789-5942-972b-1f981110fc56,DIVIDEND_ANNOUNCEMENT
c2e8b197-fcc5-5ade-a970-8820e4d3bd18,NLMK
c2e8b197-fcc5-5ade-a970-8820e4d3bd18,DIVIDEND_PAYMENT
a733fc36-d730-5eb3-92be-479a54e40c15,NLMK
a733fc36-d730-5eb3-92be-479a54e40c15,DIVIDEND_ANNOUNCEMENT
5beb4f25-dfe0-540f-aa33-f6ad87f0dad1,NLMK
5beb4f25-dfe0-540f-aa33-f6ad87f0dad1,DIVIDEND_PAYMENT
6eb56759-1d13-594a-a091-ff52c2af227f,NLMK
6eb56759-1d13-594a-a091-ff52c2af227f,DIVIDEND_ANNOUNCEMENT
63f5e804-5eb7-55b7-8025-1c86b13f5a54,NLMK
63f5e804-5eb7-55b7-8025-1c86b13f5a54,DIVIDEND_PAYMENT
83168991-ab84-5d34-ba71-742b6175c231,NLMK
83168991-ab84-5d34-ba71-742b6175c231,DIVIDEND_ANNOUNCEMENT
0fa550fd-ee0e-5fdd-9775-0ff881c6d0d3,NLMK
0fa550fd-ee0e-5fdd-9775-0ff881c6d0d3,DIVIDEND_PAYMENT
81e1e4d1-7b13-55e9-995b-2f2b358625ee,NLMK
81e1e4d1-7b13-55e9-995b-2f2b358625ee,DIVIDEND_ANNOUNCEMENT
e082e8db-8cf3-54fb-b576-86e94cc1cba1,NLMK
e082e8db-8cf3-54fb-b576-86e94cc1cba1,DIVIDEND_PAYMENT
3b8db257-7f0e-548c-ab79-defd385885d5,NLMK
3b8db257-7f0e-548c-ab79-defd385885d5,DIVIDEND_ANNOUNCEMENT
2abb2412-06e7-5330-ba97-be525de08923,NLMK
2abb2412-06e7-5330-ba97-be525de08923,DIVIDEND_PAYMENT
aa3f1904-7529-5c41-ba26-73932448a383,NLMK
aa3f1904-7529-5c41-ba26-73932448a383,DIVIDEND_ANNOUNCEMENT
4075decb-6bbf-5aec-9e3b-a3c6dc1dee77,NLMK
4075decb-6bbf-5aec-9e3b-a3c6dc1dee77,DIVIDEND_PAYMENT
96e6c7c7-ce20-51ae-aff6-a86e0ba0f24c,NLMK
96e6c7c7-ce20-51ae-aff6-a86e0ba0f24c,DIVIDEND_ANNOUNCEMENT
ab32e7f0-46a8-5eee-a73f-0afd881e5c17,NLMK
ab32e7f0-46a8-5eee-a73f-0afd881e5c17,DIVIDEND_PAYMENT
56232865-f2b1-5cd2-a14a-a37a3cca8c7e,NLMK
56232865-f2b1-5cd2-a14a-a37a3cca8c7e,DIVIDEND_ANNOUNCEMENT
7fdad444-bd2e-5d51-8477-686a4d83c505,NLMK
7fdad444-bd2e-5d51-8477-686a4d83c505,DIVIDEND_PAYMENT
f6d0bf4a-c175-5560-89ab-f3711b910251,NLMK
f6d0bf4a-c175-5560-89ab-f3711b910251,DIVIDEND_ANNOUNCEMENT
328c421d-0343-5997-9bf5-a65a8ed09af5,NLMK
328c421d-0343-5997-9bf5-a65a8ed09af5,DIVIDEND_ANNOUNCEMENT
44b7f37e-4b3a-501f-a728-21ed3db664f6,NLMK
44b7f37e-4b3a-501f-a728-21ed3db664f6,DIVIDEND_PAYMENT
ca2be2ba-edf8-5131-ae64-a14f6a09fa2a,NLMK
ca2be2ba-edf8-5131-ae64-a14f6a09fa2a,DIVIDEND_ANNOUNCEMENT
f9fb9ee7-bcd1-5c10-a701-6737db2f14d2,NLMK
f9fb9ee7-bcd1-5c10-a701-6737db2f14d2,DIVIDEND_ANNOUNCEMENT
d7c0842a-334d-5e25-92eb-a08b71ff81f5,NLMK
d7c0842a-334d-5e25-92eb-a08b71ff81f5,DIVIDEND_PAYMENT
3d59a6d9-ae15-50d4-844f-77f62ede0756,NLMK
3d59a6d9-ae15-50d4-844f-77f62ede0756,DIVIDEND_ANNOUNCEMENT
b28225af-263b-5255-b73b-94e6c8bb4f3a,NLMK
b28225af-263b-5255-b73b-94e6c8bb4f3a,DIVIDEND_PAYMENT
918c2257-5ac5-5b4a-805a-bf4a8c5bde96,NLMK
918c2257-5ac5-5b4a-805a-bf4a8c5bde96,DIVIDEND_ANNOUNCEMENT
2240042c-8673-5c10-87f5-5f553ddd73dd,NLMK
2240042c-8673-5c10-87f5-5f553ddd73dd,DIVIDEND_PAYMENT
717bc7c8-3767-50eb-87cf-32355cf00a7b,NVTK
717bc7c8-3767-50eb-87cf-32355cf00a7b,DIVIDEND_ANNOUNCEMENT
95e66f74-1235-52e1-a74f-cb186aa1b43b,NVTK
95e66f74-1235-52e1-a74f-cb186aa1b43b,DIVIDEND_PAYMENT
cf1fcf8a-fc56-5a91-93d2-932f03b5d06b,NVTK
cf1fcf8a-fc56-5a91-93d2-932f03b5d06b,DIVIDEND_ANNOUNCEMENT
69bed146-5d55-5d13-940f-f12b80850adb,NVTK
69bed146-5d55-5d13-940f-f12b80850adb,DIVIDEND_PAYMENT
284a9a09-98a1-5202-bed8-a105a08378b0,NVTK
284a9a09-98a1-5202-bed8-a105a08378b0,DIVIDEND_ANNOUNCEMENT
d13a7a43-311d-5440-a17c-5e13121e9e43,NVTK
d13a7a43-311d-5440-a17c-5e13121e9e43,DIVIDEND_PAYMENT
271cbbbe-5850-5f9e-9941-2c8010e93282,NVTK
271cbbbe-5850-5f9e-9941-2c8010e93282,DIVIDEND_ANNOUNCEMENT
ab665616-2133-5919-93f6-2aaa9a078256,NVTK
ab665616-2133-5919-93f6-2aaa9a078256,DIVIDEND_PAYMENT
8556dbe4-6a97-5301-ae5f-f63dc34100f0,NVTK
8556dbe4-6a97-5301-ae5f-f63dc34100f0,DIVIDEND_ANNOUNCEMENT
5804deee-31c3-5038-9bdb-6398e2751b0f,NVTK
5804deee-31c3-5038-9bdb-6398e2751b0f,DIVIDEND_PAYMENT
b6eb2b94-0462-5145-93ed-45960341df67,NVTK
b6eb2b94-0462-5145-93ed-45960341df67,DIVIDEND_ANNOUNCEMENT
78b5d954-b37b-5767-a0fe-240c68d99277,NVTK
78b5d954-b37b-5767-a0fe-240c68d99277,DIVIDEND_PAYMENT
ad48c095-e834-5166-a422-1ad3665c63be,NVTK
ad48c095-e834-5166-a422-1ad3665c63be,DIVIDEND_ANNOUNCEMENT
1ccc3266-b902-525d-a702-92bfba75c879,NVTK
1ccc3266-b902-525d-a702-92bfba75c879,DIVIDEND_PAYMENT
d15f9a72-9be1-58fd-ab1c-73069454f7e8,NVTK
d15f9a72-9be1-58fd-ab1c-73069454f7e8,DIVIDEND_ANNOUNCEMENT
7eb1335c-ee26-5f7f-b9b7-8bbd81a9b68e,NVTK
7eb1335c-ee26-5f7f-b9b7-8bbd81a9b68e,DIVIDEND_PAYMENT
fb5400d1-fc54-512a-8ecc-77c2921b27c4,NVTK
fb5400d1-fc54-512a-8ecc-77c2921b27c4,DIVIDEND_ANNOUNCEMENT
99bde461-e28d-5079-9c3c-a372e9dff762,NVTK
99bde461-e28d-5079-9c3c-a372e9dff762,DIVIDEND_PAYMENT
dece578f-d4c4-562e-8f42-77f9fb479a8d,NVTK
dece578f-d4c4-562e-8f42-77f9fb479a8d,DIVIDEND_ANNOUNCEMENT
8179c9dc-abac-564b-9fda-95aeaaffa85a,NVTK
8179c9dc-abac-564b-9fda-95aeaaffa85a,DIVIDEND_PAYMENT
ccfed82f-88e5-538f-85f7-cc034f842ec4,NVTK
ccfed82f-88e5-538f-85f7-cc034f842ec4,DIVIDEND_ANNOUNCEMENT
34a8c7de-e4cb-5d32-ac70-e2817ff0bc94,NVTK
34a8c7de-e4cb-5d32-ac70-e2817ff0bc94,DIVIDEND_PAYMENT
0a9b2349-f621-53cc-9554-0969e95d417a,NVTK
0a9b2349-f621-53cc-9554-0969e95d417a,DIVIDEND_ANNOUNCEMENT
00413e5c-6b2e-5775-82d0-2dc8bfe2fc5b,NVTK
00413e5c-6b2e-5775-82d0-2dc8bfe2fc5b,DIVIDEND_PAYMENT
577e07bb-6ef5-5168-81b4-c78de17623a7,NVTK
577e07bb-6ef5-5168-81b4-c78de17623a7,DIVIDEND_ANNOUNCEMENT
f42d6c2f-965b-5a62-a0d5-62bfbe1ab7a3,NVTK
f42d6c2f-965b-5a62-a0d5-62bfbe1ab7a3,DIVIDEND_PAYMENT
7c461d48-eec5-504b-adc7-ef9c8f2ebd1d,NVTK
7c461d48-eec5-504b-adc7-ef9c8f2ebd1d,DIVIDEND_ANNOUNCEMENT
4c6a085c-4bc3-54d5-bb50-a009147a4b7f,NVTK
4c6a085c-4bc3-54d5-bb50-a009147a4b7f,DIVIDEND_PAYMENT
5ba2d22c-59f9-575a-bd60-eec339f5effa,NVTK
5ba2d22c-59f9-575a-bd60-eec339f5effa,DIVIDEND_ANNOUNCEMENT
b9348379-6a16-59af-ad7f-336d63c14642,NVTK
b9348379-6a16-59af-ad7f-336d63c14642,DIVIDEND_PAYMENT
4347bad3-303f-58d7-8d78-5e980368effc,NVTK
4347bad3-303f-58d7-8d78-5e980368effc,DIVIDEND_ANNOUNCEMENT
a7f00902-c45f-5a64-8b03-dc22aebb24a6,NVTK
a7f00902-c45f-5a64-8b03-dc22aebb24a6,DIVIDEND_PAYMENT
ff8101ef-2607-526f-bb30-9ac087f26c00,NVTK
ff8101ef-2607-526f-bb30-9ac087f26c00,DIVIDEND_ANNOUNCEMENT
40917add-f693-5467-929e-5ded09231eaf,NVTK
40917add-f693-5467-929e-5ded09231eaf,DIVIDEND_PAYMENT
2cbd2376-7ef7-5c37-95e6-c96ca53a74cd,NVTK
2cbd2376-7ef7-5c37-95e6-c96ca53a74cd,DIVIDEND_ANNOUNCEMENT
78376341-c79a-5fc9-9edb-5703dd445c50,NVTK
78376341-c79a-5fc9-9edb-5703dd445c50,DIVIDEND_PAYMENT
199a8055-c2c6-51e5-8a00-18e9f103cbf8,NVTK
199a8055-c2c6-51e5-8a00-18e9f103cbf8,DIVIDEND_ANNOUNCEMENT
9b68baa1-8435-5b26-bc9d-15f15e39541a,NVTK
9b68baa1-8435-5b26-bc9d-15f15e39541a,DIVIDEND_PAYMENT
ffbc23bc-f374-531d-b766-3499d7abc969,NVTK
ffbc23bc-f374-531d-b766-3499d7abc969,DIVIDEND_ANNOUNCEMENT
08d408af-677c-55f9-b327-dc88f94f0c40,NVTK
08d408af-677c-55f9-b327-dc88f94f0c40,DIVIDEND_PAYMENT
b20622e6-7735-56fb-bae7-8c2a1f60fff3,NVTK
b20622e6-7735-56fb-bae7-8c2a1f60fff3,DIVIDEND_ANNOUNCEMENT
226d0da7-9882-536a-a7c1-59116625beca,NVTK
226d0da7-9882-536a-a7c1-59116625beca,DIVIDEND_PAYMENT
5dbef39e-776a-5fe3-8de6-c8bec970a34f,NVTK
5dbef39e-776a-5fe3-8de6-c8bec970a34f,DIVIDEND_ANNOUNCEMENT
14274ff9-654d-5e16-823d-dd3a8ca3f3f3,NVTK
14274ff9-654d-5e16-823d-dd3a8ca3f3f3,DIVIDEND_PAYMENT
276d5556-4c66-5048-8c58-a90eb1d9c635,NVTK
276d5556-4c66-5048-8c58-a90eb1d9c635,DIVIDEND_ANNOUNCEMENT
6ddbc0d3-f843-55fe-9a4b-362b1d8bf030,NVTK
6ddbc0d3-f843-55fe-9a4b-362b1d8bf030,DIVIDEND_PAYMENT
0c77479e-11f1-5c54-9c73-2bc37c39b793,NVTK
0c77479e-11f1-5c54-9c73-2bc37c39b793,DIVIDEND_ANNOUNCEMENT
5daab19d-d052-54a9-a6db-9862bfb6435e,NVTK
5daab19d-d052-54a9-a6db-9862bfb6435e,DIVIDEND_PAYMENT
74453353-4084-50f1-a875-67418ef7764a,NVTK
74453353-4084-50f1-a875-67418ef7764a,DIVIDEND_ANNOUNCEMENT
671300a1-1a11-5b9c-a784-fe68c461fb19,NVTK
671300a1-1a11-5b9c-a784-fe68c461fb19,DIVIDEND_PAYMENT
1d7f2bfa-b0ed-5455-9939-0d4684915bea,NVTK
1d7f2bfa-b0ed-5455-9939-0d4684915bea,DIVIDEND_ANNOUNCEMENT
c1b493b2-7541-5cf7-bf28-9a2580ca40be,NVTK
c1b493b2-7541-5cf7-bf28-9a2580ca40be,DIVIDEND_PAYMENT
8756fcda-bc11-5ef5-a9fd-a1899ea016fe,NVTK
8756fcda-bc11-5ef5-a9fd-a1899ea016fe,DIVIDEND_ANNOUNCEMENT
4842f49c-d364-5200-9aaa-bb3b48d5a7ff,NVTK
4842f49c-d364-5200-9aaa-bb3b48d5a7ff,DIVIDEND_PAYMENT
f3d95c5f-df3b-5971-8df1-c6bcccfd24ba,NVTK
f3d95c5f-df3b-5971-8df1-c6bcccfd24ba,DIVIDEND_ANNOUNCEMENT
42a14570-eff3-51c5-8625-1b91b39b1e07,NVTK
42a14570-eff3-51c5-8625-1b91b39b1e07,DIVIDEND_PAYMENT
51634c7e-f43c-5dc3-aacb-82be70ddb8c1,NVTK
51634c7e-f43c-5dc3-aacb-82be70ddb8c1,DIVIDEND_ANNOUNCEMENT
01d9ee74-d32a-5aae-8ca4-b26b31915500,NVTK
01d9ee74-d32a-5aae-8ca4-b26b31915500,DIVIDEND_PAYMENT
8f767c12-7b5a-5c22-9148-501969447a48,NVTK
8f767c12-7b5a-5c22-9148-501969447a48,DIVIDEND_ANNOUNCEMENT
30db6b1f-6638-5df4-9914-0a8163bf6192,NVTK
30db6b1f-6638-5df4-9914-0a8163bf6192,DIVIDEND_PAYMENT
bdc3e7fa-7754-51fe-81a9-173e545a93f4,NVTK
bdc3e7fa-7754-51fe-81a9-173e545a93f4,DIVIDEND_ANNOUNCEMENT
72709fc0-a885-5b39-82bc-57bb3f577035,NVTK
72709fc0-a885-5b39-82bc-57bb3f577035,DIVIDEND_PAYMENT
4f8c64e1-de5e-5cb1-89fe-f031854c765a,NVTK
4f8c64e1-de5e-5cb1-89fe-f031854c765a,DIVIDEND_ANNOUNCEMENT
6855f9d3-9c9c-58f3-a747-b898ae8ca3c0,NVTK
6855f9d3-9c9c-58f3-a747-b898ae8ca3c0,DIVIDEND_PAYMENT
fa36b423-032e-5504-ba62-7f1d79b5edf7,NVTK
fa36b423-032e-5504-ba62-7f1d79b5edf7,DIVIDEND_ANNOUNCEMENT
cd952f6b-304f-5778-a4f2-e26670c0f0c8,NVTK
cd952f6b-304f-5778-a4f2-e26670c0f0c8,DIVIDEND_PAYMENT
883d1a83-500a-500b-a64a-99a310b4d255,NVTK
883d1a83-500a-500b-a64a-99a310b4d255,DIVIDEND_ANNOUNCEMENT
3bbb65be-ad80-5337-aea0-d6aa7468e709,NVTK
3bbb65be-ad80-5337-aea0-d6aa7468e709,DIVIDEND_PAYMENT
e671c00b-5d46-5dc2-a979-e40f8226c9a4,NVTK
e671c00b-5d46-5dc2-a979-e40f8226c9a4,DIVIDEND_ANNOUNCEMENT
53b893f9-8914-52b3-a353-59bcd1d1f374,NVTK
53b893f9-8914-52b3-a353-59bcd1d1f374,DIVIDEND_PAYMENT
7ee92b90-fcf3-5cd3-861c-f22595dab448,NVTK
7ee92b90-fcf3-5cd3-861c-f22595dab448,DIVIDEND_ANNOUNCEMENT
f5928326-576c-5757-8693-36f4b28a52eb,NVTK
f5928326-576c-5757-8693-36f4b28a52eb,DIVIDEND_PAYMENT
c79b97fe-7d6d-5abd-bbaf-c2264b6efc6d,NVTK
c79b97fe-7d6d-5abd-bbaf-c2264b6efc6d,DIVIDEND_ANNOUNCEMENT
837d349f-84a6-5be3-8086-4a206caf0ec7,NVTK
837d349f-84a6-5be3-8086-4a206caf0ec7,DIVIDEND_PAYMENT
2a1fa650-da90-5007-bf62-0dadfc099587,NVTK
2a1fa650-da90-5007-bf62-0dadfc099587,DIVIDEND_ANNOUNCEMENT
9a70d722-3915-553c-b8a5-e319a300ae40,NVTK
9a70d722-3915-553c-b8a5-e319a300ae40,DIVIDEND_PAYMENT
ad6c15f6-b858-53f7-bbc8-8a60d66a07d0,NVTK
ad6c15f6-b858-53f7-bbc8-8a60d66a07d0,DIVIDEND_ANNOUNCEMENT
1f035315-11cf-56aa-96f0-d34364ac28e1,NVTK
1f035315-11cf-56aa-96f0-d34364ac28e1,DIVIDEND_PAYMENT
a17405de-3857-5248-9919-bdbfcc40d1c5,NVTK
a17405de-3857-5248-9919-bdbfcc40d1c5,DIVIDEND_ANNOUNCEMENT
baeaf5e0-9a61-500c-80b5-5a94ed1a694e,NVTK
baeaf5e0-9a61-500c-80b5-5a94ed1a694e,DIVIDEND_PAYMENT
3cb5204e-8ccb-58dc-bd32-160392ea1fbe,NVTK
3cb5204e-8ccb-58dc-bd32-160392ea1fbe,DIVIDEND_ANNOUNCEMENT
aeba6d5a-ca82-5f82-9ef7-deae4db0c359,NVTK
aeba6d5a-ca82-5f82-9ef7-deae4db0c359,DIVIDEND_PAYMENT
6179bd2d-3d62-5511-a8f8-2364793882d5,NVTK
6179bd2d-3d62-5511-a8f8-2364793882d5,DIVIDEND_ANNOUNCEMENT
52e0171d-1fe9-58df-b24b-3ab3617b04b6,NVTK
52e0171d-1fe9-58df-b24b-3ab3617b04b6,DIVIDEND_PAYMENT
ae9a5ec6-6a51-5fee-b6dd-d7f183429df3,NVTK
ae9a5ec6-6a51-5fee-b6dd-d7f183429df3,DIVIDEND_ANNOUNCEMENT
62fdd20f-7372-52d9-9997-8703cf545615,NVTK
62fdd20f-7372-52d9-9997-8703cf545615,DIVIDEND_PAYMENT
ac8bdd6c-90cc-547f-a755-39b3e606be06,NVTK
ac8bdd6c-90cc-547f-a755-39b3e606be06,DIVIDEND_ANNOUNCEMENT
320332e8-e836-5497-9cf4-4baa14a21961,NVTK
320332e8-e836-5497-9cf4-4baa14a21961,DIVIDEND_PAYMENT
a3fe69a1-46f2-5cb8-85bd-3d5943633053,NVTK
a3fe69a1-46f2-5cb8-85bd-3d5943633053,DIVIDEND_ANNOUNCEMENT
67d2a01f-5ba7-5077-a53d-9b4060658522,NVTK
67d2a01f-5ba7-5077-a53d-9b4060658522,DIVIDEND_PAYMENT
e9157bd7-f4f4-5b90-bc3b-eba134ca8881,OZON
e9157bd7-f4f4-5b90-bc3b-eba134ca8881,DIVIDEND_ANNOUNCEMENT
6c8b6e8c-7453-51cc-907c-1e6729362d40,OZON
6c8b6e8c-7453-51cc-907c-1e6729362d40,DIVIDEND_PAYMENT
929b52b1-c296-51d8-b43e-ce6889217c3d,PHOR
929b52b1-c296-51d8-b43e-ce6889217c3d,DIVIDEND_ANNOUNCEMENT
0a9a42cc-2177-5f38-b987-eec5e02612d7,PHOR
0a9a42cc-2177-5f38-b987-eec5e02612d7,DIVIDEND_PAYMENT
44414a77-3d6e-5dd2-a7f0-9e85499d252c,PHOR
44414a77-3d6e-5dd2-a7f0-9e85499d252c,DIVIDEND_ANNOUNCEMENT
123149ac-6869-5960-af80-fec39b21062c,PHOR
123149ac-6869-5960-af80-fec39b21062c,DIVIDEND_PAYMENT
6e6150f5-3379-5162-9e54-a525e14584ac,PHOR
6e6150f5-3379-5162-9e54-a525e14584ac,DIVIDEND_ANNOUNCEMENT
5262013d-6d56-5e99-a0b7-6708bfc20ba1,PHOR
5262013d-6d56-5e99-a0b7-6708bfc20ba1,DIVIDEND_PAYMENT
3d82eeec-6ddc-5d5c-b813-850edb30f628,PHOR
3d82eeec-6ddc-5d5c-b813-850edb30f628,DIVIDEND_ANNOUNCEMENT
c98d0a6b-f1d0-57ee-9c8a-64ce390da9a5,PHOR
c98d0a6b-f1d0-57ee-9c8a-64ce390da9a5,DIVIDEND_PAYMENT
1a9e8263-3ca8-5ee7-a906-b18544e2d5d4,PHOR
1a9e8263-3ca8-5ee7-a906-b18544e2d5d4,DIVIDEND_ANNOUNCEMENT
b4f7e984-645d-564b-8436-7fd576b930d0,PHOR
b4f7e984-645d-564b-8436-7fd576b930d0,DIVIDEND_PAYMENT
6a271574-11de-58e6-b3ac-b9c06793c675,PHOR
6a271574-11de-58e6-b3ac-b9c06793c675,DIVIDEND_ANNOUNCEMENT
8cdc5179-182a-5789-8217-267ef942722a,PHOR
8cdc5179-182a-5789-8217-267ef942722a,DIVIDEND_PAYMENT
3d1afee7-b723-5df6-82b9-1c7b6e779396,PHOR
3d1afee7-b723-5df6-82b9-1c7b6e779396,DIVIDEND_ANNOUNCEMENT
69c3ffd0-af9b-5c1a-a258-160c98263b69,PHOR
69c3ffd0-af9b-5c1a-a258-160c98263b69,DIVIDEND_PAYMENT
7f074a23-0ded-57fc-80bb-30c515f4714a,PHOR
7f074a23-0ded-57fc-80bb-30c515f4714a,DIVIDEND_ANNOUNCEMENT
730c9ecc-de8a-5567-b9f9-0335d2711d72,PHOR
730c9ecc-de8a-5567-b9f9-0335d2711d72,DIVIDEND_PAYMENT
f746685a-1176-5060-aeb3-92f95dea7c44,PHOR
f746685a-1176-5060-aeb3-92f95dea7c44,DIVIDEND_ANNOUNCEMENT
79b817fd-ddb5-594d-9fba-b4dd292167d2,PHOR
79b817fd-ddb5-594d-9fba-b4dd292167d2,DIVIDEND_PAYMENT
ccf0810c-5700-580e-bc3b-1c159371973c,PHOR
ccf0810c-5700-580e-bc3b-1c159371973c,DIVIDEND_ANNOUNCEMENT
fee76cdb-f51e-597d-aa22-0c7fcdef36df,PHOR
fee76cdb-f51e-597d-aa22-0c7fcdef36df,DIVIDEND_PAYMENT
8068f3e4-e69a-5863-bfa3-391c05e2fac4,PHOR
8068f3e4-e69a-5863-bfa3-391c05e2fac4,DIVIDEND_ANNOUNCEMENT
594b36fb-19d8-5073-83f1-755edc896fa9,PHOR
594b36fb-19d8-5073-83f1-755edc896fa9,DIVIDEND_PAYMENT
92c0263b-ea4c-5059-9d1a-6d5a52333593,PHOR
92c0263b-ea4c-5059-9d1a-6d5a52333593,DIVIDEND_ANNOUNCEMENT
737c1e72-f77c-561b-942b-789734e34a55,PHOR
737c1e72-f77c-561b-942b-789734e34a55,DIVIDEND_PAYMENT
fa85a38a-ec7b-5ba6-9d47-f164211d40b7,PHOR
fa85a38a-ec7b-5ba6-9d47-f164211d40b7,DIVIDEND_ANNOUNCEMENT
8a219919-9403-5d5e-9873-9f90bacf4ea1,PHOR
8a219919-9403-5d5e-9873-9f90bacf4ea1,DIVIDEND_PAYMENT
98186ea2-e678-5ef7-80fb-74c7598cd573,PHOR
98186ea2-e678-5ef7-80fb-74c7598cd573,DIVIDEND_ANNOUNCEMENT
d56ce398-1fec-5bc2-b3f9-7950c8bcc348,PHOR
d56ce398-1fec-5bc2-b3f9-7950c8bcc348,DIVIDEND_PAYMENT
9b547236-7b5a-5dbc-84a3-29d132d03258,PHOR
9b547236-7b5a-5dbc-84a3-29d132d03258,DIVIDEND_ANNOUNCEMENT
a2f322e4-5263-5487-92f7-3cfa7dc6e8fc,PHOR
a2f322e4-5263-5487-92f7-3cfa7dc6e8fc,DIVIDEND_PAYMENT
4c800b39-58d5-56f2-b923-5fefc5566452,PHOR
4c800b39-58d5-56f2-b923-5fefc5566452,DIVIDEND_ANNOUNCEMENT
fd7f6218-3b3d-5890-be3c-959e232bc16a,PHOR
fd7f6218-3b3d-5890-be3c-959e232bc16a,DIVIDEND_PAYMENT
9540d68c-9932-53c0-b972-d66fc26a3f22,PHOR
9540d68c-9932-53c0-b972-d66fc26a3f22,DIVIDEND_ANNOUNCEMENT
1c0a47a0-4a3b-5aeb-9452-07856ae24a1a,PHOR
1c0a47a0-4a3b-5aeb-9452-07856ae24a1a,DIVIDEND_PAYMENT
9488800f-f271-5e35-8844-d9b212f9b00b,PHOR
9488800f-f271-5e35-8844-d9b212f9b00b,DIVIDEND_ANNOUNCEMENT
700efc3e-6a2c-5b55-a495-197ff66f8416,PHOR
700efc3e-6a2c-5b55-a495-197ff66f8416,DIVIDEND_PAYMENT
81d8c1b9-3c56-581b-8d64-d805d5570b53,PHOR
81d8c1b9-3c56-581b-8d64-d805d5570b53,DIVIDEND_ANNOUNCEMENT
5e5355c4-c5d3-5e96-97e5-069f6611f3e6,PHOR
5e5355c4-c5d3-5e96-97e5-069f6611f3e6,DIVIDEND_PAYMENT
862b0010-e236-5f5e-82a8-4a2875bee937,PHOR
862b0010-e236-5f5e-82a8-4a2875bee937,DIVIDEND_ANNOUNCEMENT
f5e6f441-3a71-50d2-b075-2010417cab7f,PHOR
f5e6f441-3a71-50d2-b075-2010417cab7f,DIVIDEND_PAYMENT
620f1620-247c-5c87-bf70-d35d628ac1ce,PHOR
620f1620-247c-5c87-bf70-d35d628ac1ce,DIVIDEND_ANNOUNCEMENT
c46ceeb5-0d53-5b80-87f0-5839c1d9b9ed,PHOR
c46ceeb5-0d53-5b80-87f0-5839c1d9b9ed,DIVIDEND_PAYMENT
d5f8b499-7093-57f8-87e2-758f408f1162,PHOR
d5f8b499-7093-57f8-87e2-758f408f1162,DIVIDEND_ANNOUNCEMENT
39564f85-3a7d-5b93-9b77-d43c36cfb834,PHOR
39564f85-3a7d-5b93-9b77-d43c36cfb834,DIVIDEND_PAYMENT
00be64ce-26ee-5d12-b821-b4b0bae357ab,PHOR
00be64ce-26ee-5d12-b821-b4b0bae357ab,DIVIDEND_ANNOUNCEMENT
c82d99f3-66d8-5afd-ae34-4d313dfe5558,PHOR
c82d99f3-66d8-5afd-ae34-4d313dfe5558,DIVIDEND_PAYMENT
7dac0527-c091-555d-bb48-45af893f5f06,PHOR
7dac0527-c091-555d-bb48-45af893f5f06,DIVIDEND_ANNOUNCEMENT
deb9b817-6bf4-58fd-a81d-99146c749440,PHOR
deb9b817-6bf4-58fd-a81d-99146c749440,DIVIDEND_PAYMENT
e71d5a0d-4bf7-5029-904b-a3234cd31f39,PHOR
e71d5a0d-4bf7-5029-904b-a3234cd31f39,DIVIDEND_ANNOUNCEMENT
58190e90-3350-5292-a41c-02b937f21e14,PHOR
58190e90-3350-5292-a41c-02b937f21e14,DIVIDEND_PAYMENT
7b52c1de-0b90-59ec-b9d8-04b998464442,PHOR
7b52c1de-0b90-59ec-b9d8-04b998464442,DIVIDEND_ANNOUNCEMENT
beae0139-2e36-553d-9c6e-ce5b08a520a4,PHOR
beae0139-2e36-553d-9c6e-ce5b08a520a4,DIVIDEND_PAYMENT
462ec852-6240-54d9-8524-7cd5212d8cc3,PHOR
462ec852-6240-54d9-8524-7cd5212d8cc3,DIVIDEND_ANNOUNCEMENT
9f424d4b-0042-5731-b95a-6d545fcfbddb,PHOR
9f424d4b-0042-5731-b95a-6d545fcfbddb,DIVIDEND_PAYMENT
5dd933ff-6a37-5923-aa55-92c7af9ce94b,PHOR
5dd933ff-6a37-5923-aa55-92c7af9ce94b,DIVIDEND_ANNOUNCEMENT
9a8cdbca-857f-5c70-b7b6-67307b43f134,PHOR
9a8cdbca-857f-5c70-b7b6-67307b43f134,DIVIDEND_PAYMENT
4c6618f3-90ab-5006-9553-ebae8eb2bd6c,PHOR
4c6618f3-90ab-5006-9553-ebae8eb2bd6c,DIVIDEND_ANNOUNCEMENT
dc5bb380-a0d0-58bd-90d0-b910deafe2a0,PHOR
dc5bb380-a0d0-58bd-90d0-b910deafe2a0,DIVIDEND_PAYMENT
b52ad561-7049-5311-a4b8-d4742ac77d17,PHOR
b52ad561-7049-5311-a4b8-d4742ac77d17,DIVIDEND_ANNOUNCEMENT
24810a10-d9ba-572b-bb6c-a82feb50e05a,PHOR
24810a10-d9ba-572b-bb6c-a82feb50e05a,DIVIDEND_PAYMENT
d3a69a38-b26f-52ea-b66c-6328910b6ad0,PHOR
d3a69a38-b26f-52ea-b66c-6328910b6ad0,DIVIDEND_ANNOUNCEMENT
7a889df6-e212-55e9-aca8-b83059747e7d,PHOR
7a889df6-e212-55e9-aca8-b83059747e7d,DIVIDEND_PAYMENT
86d22303-d908-526e-92ab-4d97cba07dee,PHOR
86d22303-d908-526e-92ab-4d97cba07dee,DIVIDEND_ANNOUNCEMENT
10c0d4f9-e7ad-5816-b228-1603f79bafc0,PHOR
10c0d4f9-e7ad-5816-b228-1603f79bafc0,DIVIDEND_PAYMENT
d19f6188-fb87-5124-914f-91920142e84c,PHOR
d19f6188-fb87-5124-914f-91920142e84c,DIVIDEND_ANNOUNCEMENT
0faa8595-b1d2-53b5-82a8-6334f2d78373,PHOR
0faa8595-b1d2-53b5-82a8-6334f2d78373,DIVIDEND_PAYMENT
995b4754-56fe-5ab9-99c0-21bb80f35f61,PHOR
995b4754-56fe-5ab9-99c0-21bb80f35f61,DIVIDEND_ANNOUNCEMENT
66673e11-4a09-5b56-811c-510cf1a389ab,PHOR
66673e11-4a09-5b56-811c-510cf1a389ab,DIVIDEND_PAYMENT
25f30aa1-e59c-5484-8ad5-44369441adfd,PHOR
25f30aa1-e59c-5484-8ad5-44369441adfd,DIVIDEND_ANNOUNCEMENT
091b602e-4197-558e-9e3e-42b5e512c4df,PHOR
091b602e-4197-558e-9e3e-42b5e512c4df,DIVIDEND_PAYMENT
7c7da48d-df98-58d4-b423-f86eddb9aebe,PHOR
7c7da48d-df98-58d4-b423-f86eddb9aebe,DIVIDEND_ANNOUNCEMENT
d86c091c-2cb4-5f84-94c1-eee6b17643d2,PHOR
d86c091c-2cb4-5f84-94c1-eee6b17643d2,DIVIDEND_PAYMENT
de527427-1408-58ec-bd24-45a25dc74b6b,PHOR
de527427-1408-58ec-bd24-45a25dc74b6b,DIVIDEND_ANNOUNCEMENT
fef9d0f0-b44e-545e-8800-f4e805f2ccb1,PHOR
fef9d0f0-b44e-545e-8800-f4e805f2ccb1,DIVIDEND_PAYMENT
a430c810-53d6-5795-b794-9006b9a5427a,PHOR
a430c810-53d6-5795-b794-9006b9a5427a,DIVIDEND_ANNOUNCEMENT
70c8bbe6-efed-55c3-8f66-eec47b1e494d,PHOR
70c8bbe6-efed-55c3-8f66-eec47b1e494d,DIVIDEND_PAYMENT
cd57df48-6a36-5e13-9ffe-d18119daf8a6,PHOR
cd57df48-6a36-5e13-9ffe-d18119daf8a6,DIVIDEND_ANNOUNCEMENT
9557df85-f592-5197-a3d7-26bca1909151,PHOR
9557df85-f592-5197-a3d7-26bca1909151,DIVIDEND_PAYMENT
8795921c-7a0c-5198-99e0-c7c3e73c9f1e,PHOR
8795921c-7a0c-5198-99e0-c7c3e73c9f1e,DIVIDEND_ANNOUNCEMENT
5c07eecc-c32c-5fae-899b-21912ed3b84c,PHOR
5c07eecc-c32c-5fae-899b-21912ed3b84c,DIVIDEND_PAYMENT
08619212-9d43-5a3e-ab64-fe2e63614200,PHOR
08619212-9d43-5a3e-ab64-fe2e63614200,DIVIDEND_ANNOUNCEMENT
db825ee5-8f7d-5463-af70-1b79105c8b56,PHOR
db825ee5-8f7d-5463-af70-1b79105c8b56,DIVIDEND_PAYMENT
33c2a97d-d49f-5dd5-9749-1c56748f6562,PHOR
33c2a97d-d49f-5dd5-9749-1c56748f6562,DIVIDEND_ANNOUNCEMENT
7a187e18-18e6-5acf-a48e-5e48c1be008d,PHOR
7a187e18-18e6-5acf-a48e-5e48c1be008d,DIVIDEND_PAYMENT
607d548f-46ef-54e7-9de8-3c6c6f6efee3,PHOR
607d548f-46ef-54e7-9de8-3c6c6f6efee3,DIVIDEND_ANNOUNCEMENT
8d35c0ed-d696-57a8-a185-ab8f8a4f822b,PHOR
8d35c0ed-d696-57a8-a185-ab8f8a4f822b,DIVIDEND_PAYMENT
95f1643d-7d02-5833-bf27-621fc8bfbc46,PHOR
95f1643d-7d02-5833-bf27-621fc8bfbc46,DIVIDEND_ANNOUNCEMENT
df0a4f53-63b2-51b5-8ada-855acb8037bb,PHOR
df0a4f53-63b2-51b5-8ada-855acb8037bb,DIVIDEND_PAYMENT
4d476eac-7b6a-55f2-9007-ae6ab13c0539,PHOR
4d476eac-7b6a-55f2-9007-ae6ab13c0539,DIVIDEND_ANNOUNCEMENT
bfa298c6-a6d6-5529-a8ef-e44ac0224027,PHOR
bfa298c6-a6d6-5529-a8ef-e44ac0224027,DIVIDEND_PAYMENT
cf8fa07d-ea91-5649-98f6-0b16e55a7e41,PHOR
cf8fa07d-ea91-5649-98f6-0b16e55a7e41,DIVIDEND_ANNOUNCEMENT
c6d7ad2d-d1fc-5313-b496-adb701363f69,PHOR
c6d7ad2d-d1fc-5313-b496-adb701363f69,DIVIDEND_PAYMENT
62c0a825-5e8e-5860-b413-39cce48ff4e3,PHOR
62c0a825-5e8e-5860-b413-39cce48ff4e3,DIVIDEND_ANNOUNCEMENT
bfed3694-6dfd-5f5d-868c-4ee5673e864a,PHOR
bfed3694-6dfd-5f5d-868c-4ee5673e864a,DIVIDEND_PAYMENT
87423f1b-14fa-5369-85fb-474bfffc367d,PIKK
87423f1b-14fa-5369-85fb-474bfffc367d,DIVIDEND_ANNOUNCEMENT
64f1a591-5727-53f2-8a25-fbde3b7dd57d,PIKK
64f1a591-5727-53f2-8a25-fbde3b7dd57d,DIVIDEND_PAYMENT
158b2c4b-e9f5-5c45-97bb-c4320aa0594b,PIKK
158b2c4b-e9f5-5c45-97bb-c4320aa0594b,DIVIDEND_ANNOUNCEMENT
77b0b81b-d266-5dd3-9caf-b24e57b68b67,PIKK
77b0b81b-d266-5dd3-9caf-b24e57b68b67,DIVIDEND_PAYMENT
761c3c83-4a39-5d66-a7bc-200ea00d53c4,PIKK
761c3c83-4a39-5d66-a7bc-200ea00d53c4,DIVIDEND_ANNOUNCEMENT
642a76ce-70aa-5063-8967-9c50b88403ed,PIKK
642a76ce-70aa-5063-8967-9c50b88403ed,DIVIDEND_PAYMENT
786e1562-106c-5a43-adda-8ec58fb88a88,PIKK
786e1562-106c-5a43-adda-8ec58fb88a88,DIVIDEND_ANNOUNCEMENT
50f14616-3c51-5991-94f9-abe5a87f1eaf,PIKK
50f14616-3c51-5991-94f9-abe5a87f1eaf,DIVIDEND_PAYMENT
73a9da41-1b90-5661-9983-b12598f5b21a,PIKK
73a9da41-1b90-5661-9983-b12598f5b21a,DIVIDEND_ANNOUNCEMENT
aeb4ab11-39bf-58a1-bede-3deef8e9787b,PIKK
aeb4ab11-39bf-58a1-bede-3deef8e9787b,DIVIDEND_PAYMENT
767b2c06-1ae4-576a-89cc-0c6f7bd47d2f,PLZL
767b2c06-1ae4-576a-89cc-0c6f7bd47d2f,DIVIDEND_ANNOUNCEMENT
08e70428-6b14-52e5-a9f8-2dcc4795ce7f,PLZL
08e70428-6b14-52e5-a9f8-2dcc4795ce7f,DIVIDEND_PAYMENT
d5483ffb-3a63-51a7-9ffe-86b07bcb7c8e,PLZL
d5483ffb-3a63-51a7-9ffe-86b07bcb7c8e,DIVIDEND_ANNOUNCEMENT
2d78a94e-7352-50ea-ba17-1e3879b2a8d8,PLZL
2d78a94e-7352-50ea-ba17-1e3879b2a8d8,DIVIDEND_PAYMENT
71e72636-28bf-5e03-b177-e96706ccf25f,PLZL
71e72636-28bf-5e03-b177-e96706ccf25f,DIVIDEND_ANNOUNCEMENT
4740abe3-497c-5887-833b-4fe35fff0736,PLZL
4740abe3-497c-5887-833b-4fe35fff0736,DIVIDEND_PAYMENT
fd742fb1-8073-5500-b8b6-f021b2105d54,PLZL
fd742fb1-8073-5500-b8b6-f021b2105d54,DIVIDEND_ANNOUNCEMENT
03d06413-f6e7-5300-bc52-6653586d762c,PLZL
03d06413-f6e7-5300-bc52-6653586d762c,DIVIDEND_PAYMENT
dfe5703e-a517-575d-9895-3c98a6ab0f3d,PLZL
dfe5703e-a517-575d-9895-3c98a6ab0f3d,DIVIDEND_ANNOUNCEMENT
f8618e70-5860-5a55-a7c4-1ce9cca14151,PLZL
f8618e70-5860-5a55-a7c4-1ce9cca14151,DIVIDEND_PAYMENT
477131db-9145-5c2d-9fc8-95d784ae5e68,PLZL
477131db-9145-5c2d-9fc8-95d784ae5e68,DIVIDEND_ANNOUNCEMENT
7f743800-a8b9-5f71-9584-3be11e2791e7,PLZL
7f743800-a8b9-5f71-9584-3be11e2791e7,DIVIDEND_PAYMENT
f441c138-0597-569a-834d-ec2db5b9f3a1,PLZL
f441c138-0597-569a-834d-ec2db5b9f3a1,DIVIDEND_ANNOUNCEMENT
d54c9628-1e03-5abf-b068-14a64d5d4654,PLZL
d54c9628-1e03-5abf-b068-14a64d5d4654,DIVIDEND_PAYMENT
054be475-ca4d-563c-a6ec-901c6866100d,PLZL
054be475-ca4d-563c-a6ec-901c6866100d,DIVIDEND_ANNOUNCEMENT
2a727ba6-a939-584b-ba32-5119df940209,PLZL
2a727ba6-a939-584b-ba32-5119df940209,DIVIDEND_PAYMENT
49fb686d-9723-5bab-a498-979bf9836d32,PLZL
49fb686d-9723-5bab-a498-979bf9836d32,DIVIDEND_ANNOUNCEMENT
0a4be417-d843-502c-b643-0fb4602a7014,PLZL
0a4be417-d843-502c-b643-0fb4602a7014,DIVIDEND_PAYMENT
c6d0ec1a-bd1b-5290-a894-ae8baed99322,PLZL
c6d0ec1a-bd1b-5290-a894-ae8baed99322,DIVIDEND_ANNOUNCEMENT
2dc3aab5-c94c-5e9b-b030-a6e3dc104ea5,PLZL
2dc3aab5-c94c-5e9b-b030-a6e3dc104ea5,DIVIDEND_PAYMENT
7e1c4a56-6c3f-56fb-9572-dc2ea7c0cc76,PLZL
7e1c4a56-6c3f-56fb-9572-dc2ea7c0cc76,DIVIDEND_ANNOUNCEMENT
52e0fe99-6391-531f-8447-8dd3dada5818,PLZL
52e0fe99-6391-531f-8447-8dd3dada5818,DIVIDEND_PAYMENT
a90cd563-91b8-5797-8a49-565dc80cf526,PLZL
a90cd563-91b8-5797-8a49-565dc80cf526,DIVIDEND_ANNOUNCEMENT
83fed3e9-27e5-5050-ac93-1b2660e3d2d1,PLZL
83fed3e9-27e5-5050-ac93-1b2660e3d2d1,DIVIDEND_PAYMENT
1f68be05-2f27-5155-9842-dd6e22a7eea4,PLZL
1f68be05-2f27-5155-9842-dd6e22a7eea4,DIVIDEND_ANNOUNCEMENT
ea484320-2b6e-5a0f-8bc8-b8b473363fb7,PLZL
ea484320-2b6e-5a0f-8bc8-b8b473363fb7,DIVIDEND_PAYMENT
ec3943b6-95d8-5313-8e19-1580d39667e1,PLZL
ec3943b6-95d8-5313-8e19-1580d39667e1,DIVIDEND_ANNOUNCEMENT
c16ba35c-a5ea-57e8-a846-36cd22438704,PLZL
c16ba35c-a5ea-57e8-a846-36cd22438704,DIVIDEND_PAYMENT
508ab9e4-d60a-5d39-a12f-b891660ab139,PLZL
508ab9e4-d60a-5d39-a12f-b891660ab139,DIVIDEND_ANNOUNCEMENT
ac9359d5-bb02-5d67-922e-478d161fa10b,PLZL
ac9359d5-bb02-5d67-922e-478d161fa10b,DIVIDEND_PAYMENT
18115e35-a65b-51e3-a312-0da5b7ad3bdb,PLZL
18115e35-a65b-51e3-a312-0da5b7ad3bdb,DIVIDEND_ANNOUNCEMENT
e7f64ef5-8e3d-5a7a-ae49-d7356287f7c6,PLZL
e7f64ef5-8e3d-5a7a-ae49-d7356287f7c6,DIVIDEND_PAYMENT
a8125076-4e4d-5a66-adff-799623f23977,PLZL
a8125076-4e4d-5a66-adff-799623f23977,DIVIDEND_ANNOUNCEMENT
c6a2dfb6-be8c-5afa-9c01-23a403b57985,PLZL
c6a2dfb6-be8c-5afa-9c01-23a403b57985,DIVIDEND_PAYMENT
c134fac1-9364-573e-9d8f-8c709353baa5,PLZL
c134fac1-9364-573e-9d8f-8c709353baa5,DIVIDEND_ANNOUNCEMENT
355f4aaa-1217-50d3-818c-29a0c11702be,PLZL
355f4aaa-1217-50d3-818c-29a0c11702be,DIVIDEND_PAYMENT
e7b0e7f3-c994-5bed-b520-202aedf02666,PLZL
e7b0e7f3-c994-5bed-b520-202aedf02666,DIVIDEND_ANNOUNCEMENT
8b48eb29-70d8-5b0e-9771-ae5b63224c5d,PLZL
8b48eb29-70d8-5b0e-9771-ae5b63224c5d,DIVIDEND_PAYMENT
ad923a9e-a01c-57bb-9715-c3d1302d6115,PLZL
ad923a9e-a01c-57bb-9715-c3d1302d6115,DIVIDEND_ANNOUNCEMENT
48944b83-ddde-5f57-a49c-66b651575e4e,PLZL
48944b83-ddde-5f57-a49c-66b651575e4e,DIVIDEND_PAYMENT
57af45bb-81f4-527c-a362-400c0c7c6750,PLZL
57af45bb-81f4-527c-a362-400c0c7c6750,DIVIDEND_ANNOUNCEMENT
9be51783-cb7b-5bb1-a2e7-86b1347e1f30,PLZL
9be51783-cb7b-5bb1-a2e7-86b1347e1f30,DIVIDEND_PAYMENT
09ba5aef-034d-55b8-99a1-9149b41fd38b,PLZL
09ba5aef-034d-55b8-99a1-9149b41fd38b,DIVIDEND_ANNOUNCEMENT
efdf451e-199f-56c2-9817-8ca439c91083,PLZL
efdf451e-199f-56c2-9817-8ca439c91083,DIVIDEND_PAYMENT
c12953b6-87ef-5789-8463-868c615465e7,PLZL
c12953b6-87ef-5789-8463-868c615465e7,DIVIDEND_ANNOUNCEMENT
c981f25a-52fd-59a4-9ad2-3c2320ba6865,PLZL
c981f25a-52fd-59a4-9ad2-3c2320ba6865,DIVIDEND_PAYMENT
f46f3a81-6870-54bb-a5f8-d234250213a0,RASP
f46f3a81-6870-54bb-a5f8-d234250213a0,DIVIDEND_ANNOUNCEMENT
5ef06890-81d9-5937-8f3c-6ef2e3e23af9,RASP
5ef06890-81d9-5937-8f3c-6ef2e3e23af9,DIVIDEND_PAYMENT
4a337d0d-98a0-59ad-95a4-7a15a62d93d9,RASP
4a337d0d-98a0-59ad-95a4-7a15a62d93d9,DIVIDEND_ANNOUNCEMENT
2fea8777-91d3-55b4-b7b3-37be926994ef,RASP
2fea8777-91d3-55b4-b7b3-37be926994ef,DIVIDEND_PAYMENT
8d7457e7-5474-5ba8-b8d9-9e86447e5317,RASP
8d7457e7-5474-5ba8-b8d9-9e86447e5317,DIVIDEND_ANNOUNCEMENT
fed8f933-7428-5208-9f11-e2884a20fc60,RASP
fed8f933-7428-5208-9f11-e2884a20fc60,DIVIDEND_PAYMENT
d1f6f422-47cf-54ef-88b1-782942efc03b,RASP
d1f6f422-47cf-54ef-88b1-782942efc03b,DIVIDEND_ANNOUNCEMENT
af7a687f-c3f2-5428-a289-0c85eac9d4a3,RASP
af7a687f-c3f2-5428-a289-0c85eac9d4a3,DIVIDEND_PAYMENT
b078c785-519a-5118-a4eb-ce6af4545c97,RASP
b078c785-519a-5118-a4eb-ce6af4545c97,DIVIDEND_ANNOUNCEMENT
00c3906c-6ea3-50eb-9cfd-15f7d21bd7cf,RASP
00c3906c-6ea3-50eb-9cfd-15f7d21bd7cf,DIVIDEND_PAYMENT
7473e48d-5ed1-5989-b518-7f05e3e9a9ed,RASP
7473e48d-5ed1-5989-b518-7f05e3e9a9ed,DIVIDEND_ANNOUNCEMENT
44045068-bede-510d-acda-c1722295cf13,RASP
44045068-bede-510d-acda-c1722295cf13,DIVIDEND_PAYMENT
b27bf292-c10b-576e-8ca0-92efca6e0190,RASP
b27bf292-c10b-576e-8ca0-92efca6e0190,DIVIDEND_ANNOUNCEMENT
e388c8a0-8037-5bac-84e6-742cb25c035f,RASP
e388c8a0-8037-5bac-84e6-742cb25c035f,DIVIDEND_PAYMENT
85ab9e8e-fd7d-58d8-9a0a-b53d9281690e,RASP
85ab9e8e-fd7d-58d8-9a0a-b53d9281690e,DIVIDEND_ANNOUNCEMENT
ba27f79c-096c-5a47-8b54-b9a26d6653c7,RASP
ba27f79c-096c-5a47-8b54-b9a26d6653c7,DIVIDEND_PAYMENT
15b1ff30-1761-5c9b-8b12-badaab836d3c,RASP
15b1ff30-1761-5c9b-8b12-badaab836d3c,DIVIDEND_ANNOUNCEMENT
6707af67-789d-52d8-95cb-25fffb375706,RASP
6707af67-789d-52d8-95cb-25fffb375706,DIVIDEND_PAYMENT
f5f3c71f-1ad6-586b-9d94-ad4c2b3b2619,RASP
f5f3c71f-1ad6-586b-9d94-ad4c2b3b2619,DIVIDEND_ANNOUNCEMENT
873ee947-0460-5bed-aeb6-1ca065d76c64,RASP
873ee947-0460-5bed-aeb6-1ca065d76c64,DIVIDEND_PAYMENT
e3656394-2c11-51c9-a6ff-f9a2eec081e0,RASP
e3656394-2c11-51c9-a6ff-f9a2eec081e0,DIVIDEND_ANNOUNCEMENT
0027d573-f02b-5ce2-9b81-1816733c0542,RASP
0027d573-f02b-5ce2-9b81-1816733c0542,DIVIDEND_PAYMENT
e0ec8c49-c463-5d30-be69-0d204886ecb7,RASP
e0ec8c49-c463-5d30-be69-0d204886ecb7,DIVIDEND_ANNOUNCEMENT
99fe0533-ddce-58d7-870e-1ff49ede4e98,RASP
99fe0533-ddce-58d7-870e-1ff49ede4e98,DIVIDEND_PAYMENT
eeb4318d-0ef3-5f42-a6af-32ec62ca8b14,RENI
eeb4318d-0ef3-5f42-a6af-32ec62ca8b14,DIVIDEND_ANNOUNCEMENT
e4f2d6bc-6952-5cf9-ba3c-74bbc880f485,RENI
e4f2d6bc-6952-5cf9-ba3c-74bbc880f485,DIVIDEND_PAYMENT
777e7b6a-bbd1-5e42-aa7e-822596a1f643,RENI
777e7b6a-bbd1-5e42-aa7e-822596a1f643,DIVIDEND_ANNOUNCEMENT
0a917b1c-e9c9-5cc3-8a77-46a6c13f5cbe,RENI
0a917b1c-e9c9-5cc3-8a77-46a6c13f5cbe,DIVIDEND_PAYMENT
4b87ac77-9de8-5a5f-8920-bcd24032bd60,RENI
4b87ac77-9de8-5a5f-8920-bcd24032bd60,DIVIDEND_ANNOUNCEMENT
f465d446-f02b-5f5f-99e0-3d24c64f4e98,RENI
f465d446-f02b-5f5f-99e0-3d24c64f4e98,DIVIDEND_PAYMENT
b71c8c8e-9371-5416-8c62-70748b7d87ca,RENI
b71c8c8e-9371-5416-8c62-70748b7d87ca,DIVIDEND_ANNOUNCEMENT
2f254b58-c5df-5a5e-ac3f-768e784b60b8,RENI
2f254b58-c5df-5a5e-ac3f-768e784b60b8,DIVIDEND_PAYMENT
f973e7f8-0b3a-5196-9a6f-e2fb73d6917e,RENI
f973e7f8-0b3a-5196-9a6f-e2fb73d6917e,DIVIDEND_ANNOUNCEMENT
2d8102ca-6d9a-57fa-b7a4-c232a2b4de9c,RENI
2d8102ca-6d9a-57fa-b7a4-c232a2b4de9c,DIVIDEND_PAYMENT
2615cb57-ff82-52a2-b596-7ecd94d4f93f,ROSN
2615cb57-ff82-52a2-b596-7ecd94d4f93f,DIVIDEND_ANNOUNCEMENT
7987aa59-05bc-5890-8036-4f8d3e9ab71b,ROSN
7987aa59-05bc-5890-8036-4f8d3e9ab71b,DIVIDEND_PAYMENT
1d759e3f-ed72-5d36-a133-5934a711982b,ROSN
1d759e3f-ed72-5d36-a133-5934a711982b,DIVIDEND_ANNOUNCEMENT
c01a619f-9e28-5f42-a041-4f2a1af9be4d,ROSN
c01a619f-9e28-5f42-a041-4f2a1af9be4d,DIVIDEND_PAYMENT
1dc8323d-401b-5ce8-ae68-e547b4b65a44,ROSN
1dc8323d-401b-5ce8-ae68-e547b4b65a44,DIVIDEND_ANNOUNCEMENT
b79b547c-994e-5a79-ae55-af12c0a4e709,ROSN
b79b547c-994e-5a79-ae55-af12c0a4e709,DIVIDEND_PAYMENT
d08bfe73-f9ed-5a04-b414-773483ff1ba7,ROSN
d08bfe73-f9ed-5a04-b414-773483ff1ba7,DIVIDEND_ANNOUNCEMENT
3f196046-75aa-52e6-a078-a58c38403d68,ROSN
3f196046-75aa-52e6-a078-a58c38403d68,DIVIDEND_PAYMENT
c7ee5960-bbf7-5ef2-b20d-00372fc1140d,ROSN
c7ee5960-bbf7-5ef2-b20d-00372fc1140d,DIVIDEND_ANNOUNCEMENT
696edc5d-9e0a-577c-b138-9c69c0cff25a,ROSN
696edc5d-9e0a-577c-b138-9c69c0cff25a,DIVIDEND_PAYMENT
74f874e8-3c43-5ce0-b198-d51b7acf38a4,ROSN
74f874e8-3c43-5ce0-b198-d51b7acf38a4,DIVIDEND_ANNOUNCEMENT
e597246b-f5d6-5327-a0ed-0d3043207d4f,ROSN
e597246b-f5d6-5327-a0ed-0d3043207d4f,DIVIDEND_PAYMENT
994141a7-e5a3-5d44-89aa-29b8b8e6bf1b,ROSN
994141a7-e5a3-5d44-89aa-29b8b8e6bf1b,DIVIDEND_ANNOUNCEMENT
ccc364a6-de0a-5e5d-afe5-c835b9dff880,ROSN
ccc364a6-de0a-5e5d-afe5-c835b9dff880,DIVIDEND_PAYMENT
626debac-9996-59d0-996e-02b0f6888ff1,ROSN
626debac-9996-59d0-996e-02b0f6888ff1,DIVIDEND_ANNOUNCEMENT
2bf4c833-cd39-5635-9ec1-bc07e479a810,ROSN
2bf4c833-cd39-5635-9ec1-bc07e479a810,DIVIDEND_PAYMENT
d22e3f5a-45f0-5584-9326-1e723ede7747,ROSN
d22e3f5a-45f0-5584-9326-1e723ede7747,DIVIDEND_ANNOUNCEMENT
8c48cb57-c760-5c8a-9aa3-2e5c3e28fc39,ROSN
8c48cb57-c760-5c8a-9aa3-2e5c3e28fc39,DIVIDEND_PAYMENT
97cd95c6-c423-591d-8dc1-939523a4bcce,ROSN
97cd95c6-c423-591d-8dc1-939523a4bcce,DIVIDEND_ANNOUNCEMENT
298779f0-d2ae-5a1f-9788-5336a4372c80,ROSN
298779f0-d2ae-5a1f-9788-5336a4372c80,DIVIDEND_PAYMENT
f105c7d1-5293-5aa1-ab11-a8a18b3de9bd,ROSN
f105c7d1-5293-5aa1-ab11-a8a18b3de9bd,DIVIDEND_ANNOUNCEMENT
44a0750d-be78-54ba-9f87-18a88fa0fb34,ROSN
44a0750d-be78-54ba-9f87-18a88fa0fb34,DIVIDEND_PAYMENT
f9bd86a7-0fa8-54c6-af4c-68138f743368,ROSN
f9bd86a7-0fa8-54c6-af4c-68138f743368,DIVIDEND_ANNOUNCEMENT
5c33db8f-2f1d-5ede-a82e-3e561ac1ea39,ROSN
5c33db8f-2f1d-5ede-a82e-3e561ac1ea39,DIVIDEND_PAYMENT
8e85885d-aaad-58ac-a4ba-ccb1c5d5f28e,ROSN
8e85885d-aaad-58ac-a4ba-ccb1c5d5f28e,DIVIDEND_ANNOUNCEMENT
6cc2e24e-4822-5e86-b819-b14fb86c9a36,ROSN
6cc2e24e-4822-5e86-b819-b14fb86c9a36,DIVIDEND_PAYMENT
fad17849-be2b-5488-bcd8-bba9d1ae330d,ROSN
fad17849-be2b-5488-bcd8-bba9d1ae330d,DIVIDEND_ANNOUNCEMENT
e8cf5cd8-fa86-551c-8291-e271bd8af0a0,ROSN
e8cf5cd8-fa86-551c-8291-e271bd8af0a0,DIVIDEND_PAYMENT
27a7fadc-aa04-56e6-b8bb-e5702b0ea1cd,ROSN
27a7fadc-aa04-56e6-b8bb-e5702b0ea1cd,DIVIDEND_ANNOUNCEMENT
ab295781-5460-5746-affa-3b3f9512538e,ROSN
ab295781-5460-5746-affa-3b3f9512538e,DIVIDEND_PAYMENT
2a8c89a9-c032-5c16-9e68-2e37a27d5a14,ROSN
2a8c89a9-c032-5c16-9e68-2e37a27d5a14,DIVIDEND_ANNOUNCEMENT
c0655efd-22af-569a-9025-d87e43ebc3e8,ROSN
c0655efd-22af-569a-9025-d87e43ebc3e8,DIVIDEND_PAYMENT
2dc05e80-d5fb-57a1-8121-7d20b15e93b7,ROSN
2dc05e80-d5fb-57a1-8121-7d20b15e93b7,DIVIDEND_ANNOUNCEMENT
be5b4679-fd5b-56cb-b232-d093727f0687,ROSN
be5b4679-fd5b-56cb-b232-d093727f0687,DIVIDEND_PAYMENT
280e748a-c735-5bfe-b4f5-425fa47bde32,ROSN
280e748a-c735-5bfe-b4f5-425fa47bde32,DIVIDEND_ANNOUNCEMENT
f357f2aa-ac8b-5406-a385-6e19621ae991,ROSN
f357f2aa-ac8b-5406-a385-6e19621ae991,DIVIDEND_PAYMENT
735109fa-0d2a-5902-8593-87f389a0d9c4,ROSN
735109fa-0d2a-5902-8593-87f389a0d9c4,DIVIDEND_ANNOUNCEMENT
8948d238-d9bc-52e1-a741-501267135446,ROSN
8948d238-d9bc-52e1-a741-501267135446,DIVIDEND_PAYMENT
e7538848-0fa8-5979-961b-22bd0d662852,ROSN
e7538848-0fa8-5979-961b-22bd0d662852,DIVIDEND_ANNOUNCEMENT
0d381b20-4937-5802-b5c4-e81b9f766ce8,ROSN
0d381b20-4937-5802-b5c4-e81b9f766ce8,DIVIDEND_PAYMENT
fa7d9f9e-b4b3-50df-b747-2ac3a55aaeaf,ROSN
fa7d9f9e-b4b3-50df-b747-2ac3a55aaeaf,DIVIDEND_ANNOUNCEMENT
bbbc81c7-ccef-5ece-b683-ba0428501d2c,ROSN
bbbc81c7-ccef-5ece-b683-ba0428501d2c,DIVIDEND_PAYMENT
715dab84-e2a3-51b5-b4fc-b31ed1887b84,ROSN
715dab84-e2a3-51b5-b4fc-b31ed1887b84,DIVIDEND_ANNOUNCEMENT
02090802-54ee-5df3-819a-06c05b37e75f,ROSN
02090802-54ee-5df3-819a-06c05b37e75f,DIVIDEND_PAYMENT
4eef2ab0-8740-56d5-8975-cfd3878ecba3,ROSN
4eef2ab0-8740-56d5-8975-cfd3878ecba3,DIVIDEND_ANNOUNCEMENT
d20de7e8-737d-53f0-9fe3-685a8f3414ae,ROSN
d20de7e8-737d-53f0-9fe3-685a8f3414ae,DIVIDEND_PAYMENT
7e1f2c58-8311-5536-9997-0d40eacd4d6f,ROSN
7e1f2c58-8311-5536-9997-0d40eacd4d6f,DIVIDEND_ANNOUNCEMENT
ba717fca-db33-5f62-adbe-becc174ac4b3,ROSN
ba717fca-db33-5f62-adbe-becc174ac4b3,DIVIDEND_PAYMENT
e4cbebf6-07a9-5225-90bd-35606fc81ddb,ROSN
e4cbebf6-07a9-5225-90bd-35606fc81ddb,DIVIDEND_ANNOUNCEMENT
15cf050e-1cf5-53d2-8a1a-2209b3db0051,ROSN
15cf050e-1cf5-53d2-8a1a-2209b3db0051,DIVIDEND_PAYMENT
fe7417b2-e7d0-59e3-9a62-e15ddc21088c,ROSN
fe7417b2-e7d0-59e3-9a62-e15ddc21088c,DIVIDEND_ANNOUNCEMENT
57955a3d-88a5-56c8-9861-d8e5bff88bc5,ROSN
57955a3d-88a5-56c8-9861-d8e5bff88bc5,DIVIDEND_PAYMENT
1ba1941d-585b-5f7a-8887-26ac248c424f,ROSN
1ba1941d-585b-5f7a-8887-26ac248c424f,DIVIDEND_ANNOUNCEMENT
ce345897-d8d3-5844-84ea-b19bcaac8ba4,ROSN
ce345897-d8d3-5844-84ea-b19bcaac8ba4,DIVIDEND_PAYMENT
ed3739eb-a84b-56b0-a96c-dca8f39679b7,ROSN
ed3739eb-a84b-56b0-a96c-dca8f39679b7,DIVIDEND_ANNOUNCEMENT
0afe544b-2f59-5ec9-ac0c-bbfec78c7b35,ROSN
0afe544b-2f59-5ec9-ac0c-bbfec78c7b35,DIVIDEND_PAYMENT
6ce93b2e-69ad-519e-a503-ce548a81457a,RTKM
6ce93b2e-69ad-519e-a503-ce548a81457a,DIVIDEND_ANNOUNCEMENT
b1472b28-b6ce-5f5c-bc46-138b41d31ee8,RTKM
b1472b28-b6ce-5f5c-bc46-138b41d31ee8,DIVIDEND_PAYMENT
a0698737-26fd-591f-bd6a-903032531748,RTKM
a0698737-26fd-591f-bd6a-903032531748,DIVIDEND_ANNOUNCEMENT
4ac9628d-9e8a-5e6d-9a41-580e029bea4f,RTKM
4ac9628d-9e8a-5e6d-9a41-580e029bea4f,DIVIDEND_PAYMENT
28fbb194-97b1-5186-9630-35587e99bbad,RTKM
28fbb194-97b1-5186-9630-35587e99bbad,DIVIDEND_ANNOUNCEMENT
6cbcc8c1-78a0-5249-bc44-125489ebea2d,RTKM
6cbcc8c1-78a0-5249-bc44-125489ebea2d,DIVIDEND_PAYMENT
6bea85d5-96bd-5d5d-9c5b-18b3fb8399eb,RTKM
6bea85d5-96bd-5d5d-9c5b-18b3fb8399eb,DIVIDEND_ANNOUNCEMENT
77aaab31-976d-5335-887c-2ae01b81f627,RTKM
77aaab31-976d-5335-887c-2ae01b81f627,DIVIDEND_PAYMENT
cb043ea1-b415-53da-9e33-0b04c281de20,RTKM
cb043ea1-b415-53da-9e33-0b04c281de20,DIVIDEND_ANNOUNCEMENT
f8679c82-cb40-550b-95e3-846a919dca72,RTKM
f8679c82-cb40-550b-95e3-846a919dca72,DIVIDEND_PAYMENT
30f3eaf7-cf75-59e7-9c97-a1f3e9666d80,RTKM
30f3eaf7-cf75-59e7-9c97-a1f3e9666d80,DIVIDEND_ANNOUNCEMENT
dea019ae-7202-53a4-942e-cf67c03d94ab,RTKM
dea019ae-7202-53a4-942e-cf67c03d94ab,DIVIDEND_PAYMENT
6eeb996d-fd0a-5069-9157-d91b15500884,RTKM
6eeb996d-fd0a-5069-9157-d91b15500884,DIVIDEND_ANNOUNCEMENT
d08ccd75-b5e8-5507-be93-a8080eb6b64b,RTKM
d08ccd75-b5e8-5507-be93-a8080eb6b64b,DIVIDEND_PAYMENT
fa084316-b21d-5a80-9a83-8339cca1e453,RTKM
fa084316-b21d-5a80-9a83-8339cca1e453,DIVIDEND_ANNOUNCEMENT
96f922dc-5516-5d35-81e8-2bb85d54e93d,RTKM
96f922dc-5516-5d35-81e8-2bb85d54e93d,DIVIDEND_PAYMENT
a2d84de3-7e18-5837-bf1c-0e6cd5200c51,RTKM
a2d84de3-7e18-5837-bf1c-0e6cd5200c51,DIVIDEND_ANNOUNCEMENT
36809056-bbdf-5849-ab05-3cf1c2d33c83,RTKM
36809056-bbdf-5849-ab05-3cf1c2d33c83,DIVIDEND_PAYMENT
20faa5af-bd6c-5d76-b738-c60d84d56d35,RTKM
20faa5af-bd6c-5d76-b738-c60d84d56d35,DIVIDEND_ANNOUNCEMENT
6cb2f705-34bb-5d20-8999-7e8f16bfe2cc,RTKM
6cb2f705-34bb-5d20-8999-7e8f16bfe2cc,DIVIDEND_PAYMENT
b8c0c72d-e275-5998-af0e-0c6004f1e0d3,RTKM
b8c0c72d-e275-5998-af0e-0c6004f1e0d3,DIVIDEND_ANNOUNCEMENT
0b52fdc6-1cc0-5051-9399-f27609fba2ad,RTKM
0b52fdc6-1cc0-5051-9399-f27609fba2ad,DIVIDEND_PAYMENT
0f943626-3c9a-5562-89e1-0f5d7a2270c2,RTKM
0f943626-3c9a-5562-89e1-0f5d7a2270c2,DIVIDEND_ANNOUNCEMENT
b0e1a628-de95-52e8-be36-831c6ddf9d7e,RTKM
b0e1a628-de95-52e8-be36-831c6ddf9d7e,DIVIDEND_PAYMENT
06652aff-d19f-55d4-a80a-e37318aa622d,RTKM
06652aff-d19f-55d4-a80a-e37318aa622d,DIVIDEND_ANNOUNCEMENT
8c204d4d-c0f6-5abe-b7b9-a28f6bba5364,RTKM
8c204d4d-c0f6-5abe-b7b9-a28f6bba5364,DIVIDEND_PAYMENT
55a8a46a-5ad6-5689-bcf7-db9cde2cebe2,RTKM
55a8a46a-5ad6-5689-bcf7-db9cde2cebe2,DIVIDEND_ANNOUNCEMENT
d13631f1-ee4e-5992-af4d-e6cbf9bf48f4,RTKM
d13631f1-ee4e-5992-af4d-e6cbf9bf48f4,DIVIDEND_PAYMENT
32c38438-f011-5b2c-9c02-122ca2940876,RTKM
32c38438-f011-5b2c-9c02-122ca2940876,DIVIDEND_ANNOUNCEMENT
61525d7a-0125-52d1-97c2-19d8b28c0949,RTKM
61525d7a-0125-52d1-97c2-19d8b28c0949,DIVIDEND_PAYMENT
32217fe8-a413-5c11-bdbe-0fb0d4b2a573,RTKM
32217fe8-a413-5c11-bdbe-0fb0d4b2a573,DIVIDEND_ANNOUNCEMENT
b1fda89a-a657-5877-9b03-ff4a1e943089,RTKM
b1fda89a-a657-5877-9b03-ff4a1e943089,DIVIDEND_PAYMENT
a7e6db8f-bae4-5e44-9d37-2f8fc4352d77,RTKM
a7e6db8f-bae4-5e44-9d37-2f8fc4352d77,DIVIDEND_ANNOUNCEMENT
82d67ce0-66f6-546e-8978-1eed7fbe67ea,RTKM
82d67ce0-66f6-546e-8978-1eed7fbe67ea,DIVIDEND_PAYMENT
da4644d6-c9e9-5eff-9e00-0fc13d700615,RTKM
da4644d6-c9e9-5eff-9e00-0fc13d700615,DIVIDEND_ANNOUNCEMENT
2b3753b6-98cf-55c2-8c55-8501afa2e009,RTKM
2b3753b6-98cf-55c2-8c55-8501afa2e009,DIVIDEND_PAYMENT
af7c87aa-90c1-5b42-9975-4fddb914de23,RTKM
af7c87aa-90c1-5b42-9975-4fddb914de23,DIVIDEND_ANNOUNCEMENT
35887b4c-36b0-567b-8972-d43497749a17,RTKM
35887b4c-36b0-567b-8972-d43497749a17,DIVIDEND_PAYMENT
9f3859c9-fa4e-5147-860a-9f2b380a759f,RTKM
9f3859c9-fa4e-5147-860a-9f2b380a759f,DIVIDEND_ANNOUNCEMENT
5e734f4d-cbcb-568e-a98c-28e4c8468193,RTKM
5e734f4d-cbcb-568e-a98c-28e4c8468193,DIVIDEND_PAYMENT
64499cdd-4926-5f4c-b10a-518383b1c8d6,RTKM
64499cdd-4926-5f4c-b10a-518383b1c8d6,DIVIDEND_ANNOUNCEMENT
f73a40f6-0a51-53cf-bcf8-62bc64bb41b7,RTKM
f73a40f6-0a51-53cf-bcf8-62bc64bb41b7,DIVIDEND_PAYMENT
bddc9125-111a-5302-a828-2535ce4e9f39,RTKM
bddc9125-111a-5302-a828-2535ce4e9f39,DIVIDEND_ANNOUNCEMENT
dea53c08-b5fb-50b7-9b3c-c33af8fb0d31,RTKM
dea53c08-b5fb-50b7-9b3c-c33af8fb0d31,DIVIDEND_PAYMENT
3d3b5aab-407b-5bdb-b9a9-fd4d0a65e4d7,RTKM
3d3b5aab-407b-5bdb-b9a9-fd4d0a65e4d7,DIVIDEND_ANNOUNCEMENT
e5f3006a-7bb4-5edd-a3cc-c9b019490064,RTKM
e5f3006a-7bb4-5edd-a3cc-c9b019490064,DIVIDEND_PAYMENT
88e2a51f-47b0-5e96-931c-766f0573012f,RTKM
88e2a51f-47b0-5e96-931c-766f0573012f,DIVIDEND_ANNOUNCEMENT
2bc60397-166f-5f15-a23c-aa5a8477dd84,RTKM
2bc60397-166f-5f15-a23c-aa5a8477dd84,DIVIDEND_PAYMENT
bcdfad80-953f-5203-8e81-7e8a00e1a0d8,RTKM
bcdfad80-953f-5203-8e81-7e8a00e1a0d8,DIVIDEND_ANNOUNCEMENT
a857a717-a2fb-5e51-bad7-8340d8d42f7c,RTKM
a857a717-a2fb-5e51-bad7-8340d8d42f7c,DIVIDEND_PAYMENT
16aafcdb-5fff-5cdc-a596-bb8691265979,RTKM
16aafcdb-5fff-5cdc-a596-bb8691265979,DIVIDEND_ANNOUNCEMENT
a0c1f2e4-03d5-59ae-b942-27260d07f374,RTKM
a0c1f2e4-03d5-59ae-b942-27260d07f374,DIVIDEND_PAYMENT
0ff8affe-bf32-5b79-b59b-c2cd2fea6a93,RTKM
0ff8affe-bf32-5b79-b59b-c2cd2fea6a93,DIVIDEND_ANNOUNCEMENT
7984a0a7-3783-5a3c-9010-ea2d6a3582fe,RTKM
7984a0a7-3783-5a3c-9010-ea2d6a3582fe,DIVIDEND_PAYMENT
b4ada84c-a66e-5823-8b0e-7c99485966f6,RTKMP
b4ada84c-a66e-5823-8b0e-7c99485966f6,DIVIDEND_ANNOUNCEMENT
285ce8b2-c024-5168-8ab3-21bcc15e8a97,RTKMP
285ce8b2-c024-5168-8ab3-21bcc15e8a97,DIVIDEND_PAYMENT
e8b53dec-a8c0-5bee-94c5-bb598477432e,RTKMP
e8b53dec-a8c0-5bee-94c5-bb598477432e,DIVIDEND_ANNOUNCEMENT
a35070b8-9393-58f3-b408-216c80144c40,RTKMP
a35070b8-9393-58f3-b408-216c80144c40,DIVIDEND_PAYMENT
eb05389a-26da-52eb-bc91-f85265cee0af,RTKMP
eb05389a-26da-52eb-bc91-f85265cee0af,DIVIDEND_ANNOUNCEMENT
43315ac8-7923-5469-b581-0435cda1eab6,RTKMP
43315ac8-7923-5469-b581-0435cda1eab6,DIVIDEND_PAYMENT
86cc86f8-b9a7-5cfa-8691-02f9ef4df6cc,RTKMP
86cc86f8-b9a7-5cfa-8691-02f9ef4df6cc,DIVIDEND_ANNOUNCEMENT
d4d127ab-4605-56a8-b1f9-aa9d17f0301b,RTKMP
d4d127ab-4605-56a8-b1f9-aa9d17f0301b,DIVIDEND_PAYMENT
ae5f2ff6-e46a-5bb7-8998-c5ce3dc0f491,RTKMP
ae5f2ff6-e46a-5bb7-8998-c5ce3dc0f491,DIVIDEND_ANNOUNCEMENT
9bcc9a5f-75ef-5f3c-8a05-5c4b4bd12f39,RTKMP
9bcc9a5f-75ef-5f3c-8a05-5c4b4bd12f39,DIVIDEND_PAYMENT
ff29e4bb-6b39-522f-a54d-cc30e1b8c48a,RTKMP
ff29e4bb-6b39-522f-a54d-cc30e1b8c48a,DIVIDEND_ANNOUNCEMENT
22f33e33-6ff7-5f1f-a396-4f344bee69be,RTKMP
22f33e33-6ff7-5f1f-a396-4f344bee69be,DIVIDEND_PAYMENT
08987181-093d-541c-95b6-3e46299e2dbd,RTKMP
08987181-093d-541c-95b6-3e46299e2dbd,DIVIDEND_ANNOUNCEMENT
9f6859cf-9c9d-59fb-9f72-32a2d6901674,RTKMP
9f6859cf-9c9d-59fb-9f72-32a2d6901674,DIVIDEND_PAYMENT
1b13809c-90d1-5a3a-9337-e994820e7b12,RTKMP
1b13809c-90d1-5a3a-9337-e994820e7b12,DIVIDEND_ANNOUNCEMENT
2be3c493-081c-572e-b8b1-97110930a574,RTKMP
2be3c493-081c-572e-b8b1-97110930a574,DIVIDEND_PAYMENT
66e1acf4-7ab4-54b1-8470-ecf22b6b558c,RTKMP
66e1acf4-7ab4-54b1-8470-ecf22b6b558c,DIVIDEND_ANNOUNCEMENT
f11e1d72-4113-5f70-a65d-6df2453f860c,RTKMP
f11e1d72-4113-5f70-a65d-6df2453f860c,DIVIDEND_PAYMENT
69141357-d235-5724-9dae-8db63f9bd797,RTKMP
69141357-d235-5724-9dae-8db63f9bd797,DIVIDEND_ANNOUNCEMENT
99ab0f0d-84ac-5312-8bcc-92bdd7622ca4,RTKMP
99ab0f0d-84ac-5312-8bcc-92bdd7622ca4,DIVIDEND_PAYMENT
2edc5ba0-9877-5d1d-9395-cad208d73ff0,RTKMP
2edc5ba0-9877-5d1d-9395-cad208d73ff0,DIVIDEND_ANNOUNCEMENT
6bf32ff5-d083-5d8f-86b9-1a57e4a279d0,RTKMP
6bf32ff5-d083-5d8f-86b9-1a57e4a279d0,DIVIDEND_PAYMENT
5db7606a-b2e6-577f-83f3-8c07e6ca72cf,RTKMP
5db7606a-b2e6-577f-83f3-8c07e6ca72cf,DIVIDEND_ANNOUNCEMENT
4f8aec69-77d0-5d63-b39e-3bc8fcc307ae,RTKMP
4f8aec69-77d0-5d63-b39e-3bc8fcc307ae,DIVIDEND_PAYMENT
436d52c8-a8e8-55c6-8f49-e3a8b9c280fb,RTKMP
436d52c8-a8e8-55c6-8f49-e3a8b9c280fb,DIVIDEND_ANNOUNCEMENT
ef359a96-daa9-5953-85f7-d5c2d1b71dec,RTKMP
ef359a96-daa9-5953-85f7-d5c2d1b71dec,DIVIDEND_PAYMENT
60275453-6bcf-5b94-b7ae-4998aadcb069,RTKMP
60275453-6bcf-5b94-b7ae-4998aadcb069,DIVIDEND_ANNOUNCEMENT
5f64c6f9-f3b4-54fa-8166-30fbdb1256fa,RTKMP
5f64c6f9-f3b4-54fa-8166-30fbdb1256fa,DIVIDEND_PAYMENT
cfbdef36-c03d-54f4-87c5-723289e6cf78,RTKMP
cfbdef36-c03d-54f4-87c5-723289e6cf78,DIVIDEND_ANNOUNCEMENT
84361a95-7820-5c78-a0af-ce85858eec51,RTKMP
84361a95-7820-5c78-a0af-ce85858eec51,DIVIDEND_PAYMENT
f0d87429-c997-5950-8fa9-35fa14563699,RTKMP
f0d87429-c997-5950-8fa9-35fa14563699,DIVIDEND_ANNOUNCEMENT
0985bf10-a393-5638-8817-b0c82dbddfca,RTKMP
0985bf10-a393-5638-8817-b0c82dbddfca,DIVIDEND_PAYMENT
e166fbd1-ee88-5a93-b08d-41a2148164cc,RTKMP
e166fbd1-ee88-5a93-b08d-41a2148164cc,DIVIDEND_ANNOUNCEMENT
5821d27d-d322-5ae7-9c71-56963d2d4146,RTKMP
5821d27d-d322-5ae7-9c71-56963d2d4146,DIVIDEND_PAYMENT
de1321f1-5e74-5aeb-87c5-fbd24caf8abd,RTKMP
de1321f1-5e74-5aeb-87c5-fbd24caf8abd,DIVIDEND_ANNOUNCEMENT
f21f9fa5-2aa7-51ac-878c-4e4cb3a82ea9,RTKMP
f21f9fa5-2aa7-51ac-878c-4e4cb3a82ea9,DIVIDEND_PAYMENT
34b4e0fa-d664-579e-a1b5-f3783904dc9f,RTKMP
34b4e0fa-d664-579e-a1b5-f3783904dc9f,DIVIDEND_ANNOUNCEMENT
39016b37-7f18-577d-a7e7-dbd7abfd8f99,RTKMP
39016b37-7f18-577d-a7e7-dbd7abfd8f99,DIVIDEND_PAYMENT
bc5a7468-ede2-50b6-92d0-d2903c74ba09,RTKMP
bc5a7468-ede2-50b6-92d0-d2903c74ba09,DIVIDEND_ANNOUNCEMENT
0a916fe0-41cf-522f-968f-c041e7f632e4,RTKMP
0a916fe0-41cf-522f-968f-c041e7f632e4,DIVIDEND_PAYMENT
616fa59e-f494-5333-9b15-b80092d5b325,RTKMP
616fa59e-f494-5333-9b15-b80092d5b325,DIVIDEND_ANNOUNCEMENT
d2c15281-84cc-5890-83ba-2a413028e2c0,RTKMP
d2c15281-84cc-5890-83ba-2a413028e2c0,DIVIDEND_PAYMENT
bca41f00-3c74-58fb-88b5-acc25dad1888,RTKMP
bca41f00-3c74-58fb-88b5-acc25dad1888,DIVIDEND_ANNOUNCEMENT
af8ff1e2-dab6-5eaa-9ba6-0381f04d4eb2,RTKMP
af8ff1e2-dab6-5eaa-9ba6-0381f04d4eb2,DIVIDEND_PAYMENT
531eab2d-df64-55eb-8b7c-308a99da2f5b,RTKMP
531eab2d-df64-55eb-8b7c-308a99da2f5b,DIVIDEND_ANNOUNCEMENT
fcb9dfa1-af11-5eb3-a72a-94b59f36f52c,RTKMP
fcb9dfa1-af11-5eb3-a72a-94b59f36f52c,DIVIDEND_PAYMENT
f67d5169-b29c-5f32-80c6-916702827178,RTKMP
f67d5169-b29c-5f32-80c6-916702827178,DIVIDEND_ANNOUNCEMENT
3652acf2-6c4b-58ee-b211-905020bfb77d,RTKMP
3652acf2-6c4b-58ee-b211-905020bfb77d,DIVIDEND_PAYMENT
03980543-3cff-53ba-a921-3b5a3859eb41,RTKMP
03980543-3cff-53ba-a921-3b5a3859eb41,DIVIDEND_ANNOUNCEMENT
9b0c7574-e86d-5405-a678-283156366c08,RTKMP
9b0c7574-e86d-5405-a678-283156366c08,DIVIDEND_PAYMENT
a9619471-a8ca-5d0d-a77d-addd778db325,RTKMP
a9619471-a8ca-5d0d-a77d-addd778db325,DIVIDEND_ANNOUNCEMENT
99234892-8588-5d4b-a392-dec881a5a292,RTKMP
99234892-8588-5d4b-a392-dec881a5a292,DIVIDEND_PAYMENT
63c537d8-b206-5106-b714-5cb0609bb397,RTKMP
63c537d8-b206-5106-b714-5cb0609bb397,DIVIDEND_ANNOUNCEMENT
3bb41df9-111c-56a0-a359-cdfce1ffe831,RTKMP
3bb41df9-111c-56a0-a359-cdfce1ffe831,DIVIDEND_PAYMENT
37d85c47-af62-565c-9d89-fde89eb053b5,RTKMP
37d85c47-af62-565c-9d89-fde89eb053b5,DIVIDEND_ANNOUNCEMENT
deed5e65-959a-5cd5-8a1c-2dd9e894f211,RTKMP
deed5e65-959a-5cd5-8a1c-2dd9e894f211,DIVIDEND_PAYMENT
cf074473-6e85-5c46-96cb-82a74f1c479a,RUAL
cf074473-6e85-5c46-96cb-82a74f1c479a,DIVIDEND_ANNOUNCEMENT
c56eba51-546b-5356-b140-586ee432bc54,RUAL
c56eba51-546b-5356-b140-586ee432bc54,DIVIDEND_PAYMENT
dc45a787-16ef-52ec-aa9e-1ded40f3be32,RUAL
dc45a787-16ef-52ec-aa9e-1ded40f3be32,DIVIDEND_ANNOUNCEMENT
2f327afe-e53d-5b34-85c1-8d484a605fa6,RUAL
2f327afe-e53d-5b34-85c1-8d484a605fa6,DIVIDEND_PAYMENT
b9a1756c-58b8-574f-9ffb-471926b6c01a,RUAL
b9a1756c-58b8-574f-9ffb-471926b6c01a,DIVIDEND_ANNOUNCEMENT
e0de56b5-d56f-5e5e-98bf-c9eada61d304,RUAL
e0de56b5-d56f-5e5e-98bf-c9eada61d304,DIVIDEND_PAYMENT
fb11f18e-8973-5d51-9d6c-a04521b1f4c2,RUAL
fb11f18e-8973-5d51-9d6c-a04521b1f4c2,DIVIDEND_ANNOUNCEMENT
fd7f36cf-50b8-5ab3-83d1-573a35c1cf9c,RUAL
fd7f36cf-50b8-5ab3-83d1-573a35c1cf9c,DIVIDEND_PAYMENT
04250cd8-cd89-5dff-b429-c2a239023a25,SBER
04250cd8-cd89-5dff-b429-c2a239023a25,DIVIDEND_ANNOUNCEMENT
5cf1d27e-56f9-5a3d-9d49-ce365456e369,SBER
5cf1d27e-56f9-5a3d-9d49-ce365456e369,DIVIDEND_PAYMENT
fbceb177-223a-5479-ad86-fd950020915f,SBER
fbceb177-223a-5479-ad86-fd950020915f,DIVIDEND_ANNOUNCEMENT
bd7de312-b3ea-5b60-92e1-7e60d153fcf9,SBER
bd7de312-b3ea-5b60-92e1-7e60d153fcf9,DIVIDEND_PAYMENT
97409893-2853-5a9b-b3f1-89d3ef28e93a,SBER
97409893-2853-5a9b-b3f1-89d3ef28e93a,DIVIDEND_ANNOUNCEMENT
9a664d80-c888-5f32-834d-50813fc6a348,SBER
9a664d80-c888-5f32-834d-50813fc6a348,DIVIDEND_PAYMENT
b60268f9-5c6d-5228-a85b-6a1b99b0293b,SBER
b60268f9-5c6d-5228-a85b-6a1b99b0293b,DIVIDEND_ANNOUNCEMENT
4cf7c6ac-6f7a-5740-b6bf-7c51992aa8c2,SBER
4cf7c6ac-6f7a-5740-b6bf-7c51992aa8c2,DIVIDEND_PAYMENT
d0fc8023-e72f-5304-b83c-9fceacaa5cff,SBER
d0fc8023-e72f-5304-b83c-9fceacaa5cff,DIVIDEND_ANNOUNCEMENT
09ba94dc-da63-5d0d-8576-29520147ee87,SBER
09ba94dc-da63-5d0d-8576-29520147ee87,DIVIDEND_PAYMENT
6565602a-0ce6-506b-9c5d-7ff8053ea649,SBER
6565602a-0ce6-506b-9c5d-7ff8053ea649,DIVIDEND_ANNOUNCEMENT
e1c317a9-ddcd-5580-9081-7b191aba8837,SBER
e1c317a9-ddcd-5580-9081-7b191aba8837,DIVIDEND_PAYMENT
52ba7963-9d46-54fd-a4b3-d91227fb5868,SBER
52ba7963-9d46-54fd-a4b3-d91227fb5868,DIVIDEND_ANNOUNCEMENT
97a75d49-af52-5680-8260-eda18eb10e77,SBER
97a75d49-af52-5680-8260-eda18eb10e77,DIVIDEND_PAYMENT
d9e5ce30-1630-55de-b486-7ed39f4a7290,SBER
d9e5ce30-1630-55de-b486-7ed39f4a7290,DIVIDEND_ANNOUNCEMENT
57a576a8-dda2-5faf-9551-afbf851f3a7d,SBER
57a576a8-dda2-5faf-9551-afbf851f3a7d,DIVIDEND_PAYMENT
7f6b9e2f-19a9-5eb6-95f3-5dcf0fd736da,SBER
7f6b9e2f-19a9-5eb6-95f3-5dcf0fd736da,DIVIDEND_ANNOUNCEMENT
eb754e44-2da5-5682-937d-e170cb8a7f43,SBER
eb754e44-2da5-5682-937d-e170cb8a7f43,DIVIDEND_PAYMENT
f96dfd0d-33b6-50de-86af-4a977383bd49,SBER
f96dfd0d-33b6-50de-86af-4a977383bd49,DIVIDEND_ANNOUNCEMENT
f23b6646-fc5f-55e5-8437-61a44ae9ecfd,SBER
f23b6646-fc5f-55e5-8437-61a44ae9ecfd,DIVIDEND_PAYMENT
5e6db793-aa34-5cbb-b76a-ad88752dde6a,SBER
5e6db793-aa34-5cbb-b76a-ad88752dde6a,DIVIDEND_ANNOUNCEMENT
ad5a6cff-3b3e-5252-95b0-0ef069880d27,SBER
ad5a6cff-3b3e-5252-95b0-0ef069880d27,DIVIDEND_PAYMENT
e71b3676-09ed-5bd8-a303-d892b87b1520,SBER
e71b3676-09ed-5bd8-a303-d892b87b1520,DIVIDEND_ANNOUNCEMENT
68394c9b-cd80-5972-a378-25857744f3dd,SBER
68394c9b-cd80-5972-a378-25857744f3dd,DIVIDEND_PAYMENT
974c927a-b1f6-5aee-997b-08c59a46f273,SBER
974c927a-b1f6-5aee-997b-08c59a46f273,DIVIDEND_ANNOUNCEMENT
aadda823-9965-5627-b058-1aed31eaace2,SBER
aadda823-9965-5627-b058-1aed31eaace2,DIVIDEND_PAYMENT
7dad3b9c-320a-5335-a434-11c1faeaa8f5,SBER
7dad3b9c-320a-5335-a434-11c1faeaa8f5,DIVIDEND_ANNOUNCEMENT
ed246b1b-a545-5fc1-be33-74133770dbfd,SBER
ed246b1b-a545-5fc1-be33-74133770dbfd,DIVIDEND_PAYMENT
1304c9f1-3b90-5c3d-9a56-059824e796b4,SBER
1304c9f1-3b90-5c3d-9a56-059824e796b4,DIVIDEND_ANNOUNCEMENT
ef50ed5d-dcc1-53bc-b8fd-db2ff067932b,SBER
ef50ed5d-dcc1-53bc-b8fd-db2ff067932b,DIVIDEND_PAYMENT
da4410ae-6056-584d-943a-178992995c8c,SBER
da4410ae-6056-584d-943a-178992995c8c,DIVIDEND_ANNOUNCEMENT
9e77350a-e95f-595c-89ff-74c0ec5c3cf3,SBER
9e77350a-e95f-595c-89ff-74c0ec5c3cf3,DIVIDEND_PAYMENT
5baa4811-80ae-5517-9761-2f033d4fd2b7,SBER
5baa4811-80ae-5517-9761-2f033d4fd2b7,DIVIDEND_ANNOUNCEMENT
ce38d3e8-edaa-5d0a-a391-59ed03148d54,SBER
ce38d3e8-edaa-5d0a-a391-59ed03148d54,DIVIDEND_PAYMENT
e3d33ea8-4db0-58f6-9f63-fb0859c2774e,SBER
e3d33ea8-4db0-58f6-9f63-fb0859c2774e,DIVIDEND_ANNOUNCEMENT
0643f793-7b89-581e-87ae-6bc09ab3133c,SBER
0643f793-7b89-581e-87ae-6bc09ab3133c,DIVIDEND_PAYMENT
f9ff6362-d6cc-53ee-ac2c-6f85c774644e,SBER
f9ff6362-d6cc-53ee-ac2c-6f85c774644e,DIVIDEND_ANNOUNCEMENT
d3c9a739-dfaf-5aa0-b5d5-8362fa97f35e,SBER
d3c9a739-dfaf-5aa0-b5d5-8362fa97f35e,DIVIDEND_PAYMENT
5fe024a9-ba8a-5bd5-ab98-3523f236761b,SBER
5fe024a9-ba8a-5bd5-ab98-3523f236761b,DIVIDEND_ANNOUNCEMENT
5a676efc-458a-5338-93b9-2a71be436abe,SBER
5a676efc-458a-5338-93b9-2a71be436abe,DIVIDEND_PAYMENT
0dc0a90d-63fe-5408-9d2e-ea9e9daeb752,SBER
0dc0a90d-63fe-5408-9d2e-ea9e9daeb752,DIVIDEND_ANNOUNCEMENT
002f0f4b-508c-54ff-8422-622c30b4a2d1,SBER
002f0f4b-508c-54ff-8422-622c30b4a2d1,DIVIDEND_PAYMENT
ac5f0835-d925-5a5b-9b1f-8e2d206e7f10,SBER
ac5f0835-d925-5a5b-9b1f-8e2d206e7f10,DIVIDEND_ANNOUNCEMENT
0f04f51f-27cb-5266-ad7c-96909f7cadb6,SBER
0f04f51f-27cb-5266-ad7c-96909f7cadb6,DIVIDEND_PAYMENT
3cd8f37e-d06f-58bd-a1d3-35ce2bf30921,SBER
3cd8f37e-d06f-58bd-a1d3-35ce2bf30921,DIVIDEND_ANNOUNCEMENT
973bc03a-a462-5828-bd79-9c4bdd200227,SBER
973bc03a-a462-5828-bd79-9c4bdd200227,DIVIDEND_PAYMENT
dfac62ab-d738-5438-9b5a-32c2eab58ab1,SBER
dfac62ab-d738-5438-9b5a-32c2eab58ab1,DIVIDEND_ANNOUNCEMENT
ab300ab3-cd2e-5977-aa80-efd6c2b0eae3,SBER
ab300ab3-cd2e-5977-aa80-efd6c2b0eae3,DIVIDEND_PAYMENT
c8fbfa43-3e36-5779-9a67-c396b16fb399,SBER
c8fbfa43-3e36-5779-9a67-c396b16fb399,DIVIDEND_ANNOUNCEMENT
941f2920-6d20-54e7-9711-ebdcbf3db648,SBER
941f2920-6d20-54e7-9711-ebdcbf3db648,DIVIDEND_PAYMENT
c71a92d7-61b2-5bd3-a620-df9d8279eb23,SELG
c71a92d7-61b2-5bd3-a620-df9d8279eb23,DIVIDEND_ANNOUNCEMENT
5cbf8c69-924b-54f9-8ae3-b1b882342bcd,SELG
5cbf8c69-924b-54f9-8ae3-b1b882342bcd,DIVIDEND_PAYMENT
3de5f57a-1ebd-529a-81b1-9dc69619aeea,SELG
3de5f57a-1ebd-529a-81b1-9dc69619aeea,DIVIDEND_ANNOUNCEMENT
9d20cbc9-9d1e-58af-8821-994e2fa1ac74,SELG
9d20cbc9-9d1e-58af-8821-994e2fa1ac74,DIVIDEND_PAYMENT
09df3682-d78f-5215-8063-e3ec19aafaca,SELG
09df3682-d78f-5215-8063-e3ec19aafaca,DIVIDEND_ANNOUNCEMENT
8ce9921d-9817-53d3-80be-ae3100091961,SELG
8ce9921d-9817-53d3-80be-ae3100091961,DIVIDEND_PAYMENT
847ef610-1dc7-5039-bf80-523c48651f98,SELG
847ef610-1dc7-5039-bf80-523c48651f98,DIVIDEND_ANNOUNCEMENT
8e87b27e-287a-5157-b5ed-0a83aee5dccd,SELG
8e87b27e-287a-5157-b5ed-0a83aee5dccd,DIVIDEND_PAYMENT
7faa1f92-d7f5-5cdc-bd26-b96dd3a27d31,SELG
7faa1f92-d7f5-5cdc-bd26-b96dd3a27d31,DIVIDEND_ANNOUNCEMENT
990b4e3e-5de6-5e0c-9377-bbf310a3f44e,SELG
990b4e3e-5de6-5e0c-9377-bbf310a3f44e,DIVIDEND_PAYMENT
2e767f98-0107-5c1a-bf3f-ec917f821410,SELG
2e767f98-0107-5c1a-bf3f-ec917f821410,DIVIDEND_ANNOUNCEMENT
a6f2b26d-b58e-5e1b-9626-9b159ad21629,SELG
a6f2b26d-b58e-5e1b-9626-9b159ad21629,DIVIDEND_PAYMENT
9e64308d-ae01-5554-98b6-9a63ef14fe38,SELG
9e64308d-ae01-5554-98b6-9a63ef14fe38,DIVIDEND_ANNOUNCEMENT
ec0a4ef5-bc68-5fad-8218-986db3f8a1b7,SELG
ec0a4ef5-bc68-5fad-8218-986db3f8a1b7,DIVIDEND_PAYMENT
517e2da6-769b-5106-a768-dce0b613291b,SELG
517e2da6-769b-5106-a768-dce0b613291b,DIVIDEND_ANNOUNCEMENT
dc501508-aad5-5ed5-a79c-9c8ca1534e39,SELG
dc501508-aad5-5ed5-a79c-9c8ca1534e39,DIVIDEND_PAYMENT
85709153-b245-5f46-a9dc-a196d565ae3c,SELG
85709153-b245-5f46-a9dc-a196d565ae3c,DIVIDEND_ANNOUNCEMENT
0ab6d664-0895-5d69-b387-2a2c719bd3b3,SELG
0ab6d664-0895-5d69-b387-2a2c719bd3b3,DIVIDEND_PAYMENT
e597dc52-d73a-5069-b82d-fca597d15d42,SGZH
e597dc52-d73a-5069-b82d-fca597d15d42,DIVIDEND_ANNOUNCEMENT
894cd9d8-090e-5195-b898-748d1af87bb1,SGZH
894cd9d8-090e-5195-b898-748d1af87bb1,DIVIDEND_PAYMENT
67348238-885c-5e98-91f1-a5106a3a6a39,SGZH
67348238-885c-5e98-91f1-a5106a3a6a39,DIVIDEND_ANNOUNCEMENT
b580825f-6475-56bd-a7f8-1db2f7fb72fc,SGZH
b580825f-6475-56bd-a7f8-1db2f7fb72fc,DIVIDEND_PAYMENT
f43255c2-eb23-55ce-ad0a-b70654224034,SIBN
f43255c2-eb23-55ce-ad0a-b70654224034,DIVIDEND_ANNOUNCEMENT
20413893-6cfc-5416-a60f-dee92f494bbc,SIBN
20413893-6cfc-5416-a60f-dee92f494bbc,DIVIDEND_PAYMENT
53a48c95-5052-576a-8d6c-1fdf371570f7,SIBN
53a48c95-5052-576a-8d6c-1fdf371570f7,DIVIDEND_ANNOUNCEMENT
68a8d456-c731-5c79-aef6-9aeae042cb37,SIBN
68a8d456-c731-5c79-aef6-9aeae042cb37,DIVIDEND_PAYMENT
ee7d2d40-dc86-56a5-9745-205d50630f3c,SIBN
ee7d2d40-dc86-56a5-9745-205d50630f3c,DIVIDEND_ANNOUNCEMENT
bc768eea-83a1-5751-b38f-60700852d7d9,SIBN
bc768eea-83a1-5751-b38f-60700852d7d9,DIVIDEND_PAYMENT
38ab495d-c582-5c35-966d-6a13f1ca4109,SIBN
38ab495d-c582-5c35-966d-6a13f1ca4109,DIVIDEND_ANNOUNCEMENT
25c79bc1-51c6-582c-9a89-a4930468f88e,SIBN
25c79bc1-51c6-582c-9a89-a4930468f88e,DIVIDEND_PAYMENT
b1527e45-c4c6-52ff-8231-4a2c7e8dfb5d,SIBN
b1527e45-c4c6-52ff-8231-4a2c7e8dfb5d,DIVIDEND_ANNOUNCEMENT
ce22cbb0-e798-505e-b097-4d64c571801b,SIBN
ce22cbb0-e798-505e-b097-4d64c571801b,DIVIDEND_PAYMENT
67fa1a36-bdb7-5ad7-9b9b-47ce839d248c,SIBN
67fa1a36-bdb7-5ad7-9b9b-47ce839d248c,DIVIDEND_ANNOUNCEMENT
33faab1e-7bbc-5cfb-aac7-866417d7b2c6,SIBN
33faab1e-7bbc-5cfb-aac7-866417d7b2c6,DIVIDEND_PAYMENT
65e3ad77-181e-57de-95d0-871bf3560ccb,SIBN
65e3ad77-181e-57de-95d0-871bf3560ccb,DIVIDEND_ANNOUNCEMENT
f6f92bca-bbcd-5bf9-b06b-39aa92fc36d8,SIBN
f6f92bca-bbcd-5bf9-b06b-39aa92fc36d8,DIVIDEND_PAYMENT
57d344e8-c626-5894-acd7-285172a80910,SIBN
57d344e8-c626-5894-acd7-285172a80910,DIVIDEND_ANNOUNCEMENT
b03ba396-cd6c-5746-863a-fa18c6931b76,SIBN
b03ba396-cd6c-5746-863a-fa18c6931b76,DIVIDEND_PAYMENT
598b4569-7922-52d0-9703-0e15d5a01ee6,SIBN
598b4569-7922-52d0-9703-0e15d5a01ee6,DIVIDEND_ANNOUNCEMENT
98d0aab8-5d4d-57f7-8044-10b223fdf5be,SIBN
98d0aab8-5d4d-57f7-8044-10b223fdf5be,DIVIDEND_PAYMENT
8a0eccac-3f32-5186-9e81-deec8d5811c4,SIBN
8a0eccac-3f32-5186-9e81-deec8d5811c4,DIVIDEND_ANNOUNCEMENT
6dc9eecb-4141-5148-a1f9-b7f2490c4a3b,SIBN
6dc9eecb-4141-5148-a1f9-b7f2490c4a3b,DIVIDEND_PAYMENT
cc2efcf1-616e-595e-9eba-70d4e5d4faa8,SIBN
cc2efcf1-616e-595e-9eba-70d4e5d4faa8,DIVIDEND_ANNOUNCEMENT
df203f37-9a73-5288-8f34-a1fa24d392b4,SIBN
df203f37-9a73-5288-8f34-a1fa24d392b4,DIVIDEND_PAYMENT
8b44de08-a8be-5a74-b2c4-5a6d80edcae9,SIBN
8b44de08-a8be-5a74-b2c4-5a6d80edcae9,DIVIDEND_ANNOUNCEMENT
a0497017-8de3-527f-8778-2126f64aebaf,SIBN
a0497017-8de3-527f-8778-2126f64aebaf,DIVIDEND_PAYMENT
42702ac6-0be2-50ea-a26e-e2edaac9fd85,SIBN
42702ac6-0be2-50ea-a26e-e2edaac9fd85,DIVIDEND_ANNOUNCEMENT
8e914c16-1017-512b-b417-81930de74f94,SIBN
8e914c16-1017-512b-b417-81930de74f94,DIVIDEND_PAYMENT
0fbf4d18-bfa8-5d52-941f-e63b7cc78346,SIBN
0fbf4d18-bfa8-5d52-941f-e63b7cc78346,DIVIDEND_ANNOUNCEMENT
5297f956-cd0f-5620-9a51-1138c420eb96,SIBN
5297f956-cd0f-5620-9a51-1138c420eb96,DIVIDEND_PAYMENT
8b9e20b2-a229-5a1a-b0b6-7318b873da1e,SIBN
8b9e20b2-a229-5a1a-b0b6-7318b873da1e,DIVIDEND_ANNOUNCEMENT
635648f1-b8e6-5c15-a538-18c44d370716,SIBN
635648f1-b8e6-5c15-a538-18c44d370716,DIVIDEND_PAYMENT
81ca3445-9ab3-5a33-a1ce-eeb50b4555bb,SIBN
81ca3445-9ab3-5a33-a1ce-eeb50b4555bb,DIVIDEND_ANNOUNCEMENT
cdd1f801-1be3-5c27-a62e-c9b723d52f97,SIBN
cdd1f801-1be3-5c27-a62e-c9b723d52f97,DIVIDEND_PAYMENT
41ac6737-1b29-5965-b80b-18fcd1a6f065,SIBN
41ac6737-1b29-5965-b80b-18fcd1a6f065,DIVIDEND_ANNOUNCEMENT
8f775aac-c03c-5821-a342-eb6d2d5ea0ad,SIBN
8f775aac-c03c-5821-a342-eb6d2d5ea0ad,DIVIDEND_PAYMENT
6ebbb414-2362-583e-a7c2-6b7886d67f5c,SIBN
6ebbb414-2362-583e-a7c2-6b7886d67f5c,DIVIDEND_ANNOUNCEMENT
4e00c823-1f72-519a-802d-d91615c60542,SIBN
4e00c823-1f72-519a-802d-d91615c60542,DIVIDEND_PAYMENT
b4b817be-a6db-585a-bde4-1ebab51b0685,SIBN
b4b817be-a6db-585a-bde4-1ebab51b0685,DIVIDEND_ANNOUNCEMENT
0645e0fe-bb46-5299-a7ae-aa4c3435cc67,SIBN
0645e0fe-bb46-5299-a7ae-aa4c3435cc67,DIVIDEND_PAYMENT
b8e3ca50-8d3f-54bf-b295-82c86409e3aa,SIBN
b8e3ca50-8d3f-54bf-b295-82c86409e3aa,DIVIDEND_ANNOUNCEMENT
e2540787-96f2-5f55-8920-21f6c7f52fd8,SIBN
e2540787-96f2-5f55-8920-21f6c7f52fd8,DIVIDEND_PAYMENT
7bfa1f5b-82fb-5a5d-9b10-14e464de8cd8,SIBN
7bfa1f5b-82fb-5a5d-9b10-14e464de8cd8,DIVIDEND_ANNOUNCEMENT
818a300d-8103-5ebc-827e-06208fd72cbd,SIBN
818a300d-8103-5ebc-827e-06208fd72cbd,DIVIDEND_PAYMENT
c7fe6918-a042-59c2-b414-baf1b3f0a831,SIBN
c7fe6918-a042-59c2-b414-baf1b3f0a831,DIVIDEND_ANNOUNCEMENT
b591ae4d-f433-597d-8492-2d534e425bfa,SIBN
b591ae4d-f433-597d-8492-2d534e425bfa,DIVIDEND_PAYMENT
bb04183f-0e4a-56be-8e4f-d4209fc5c1af,SIBN
bb04183f-0e4a-56be-8e4f-d4209fc5c1af,DIVIDEND_ANNOUNCEMENT
7d0c37ea-7e90-51d5-8f69-b2b68c844187,SIBN
7d0c37ea-7e90-51d5-8f69-b2b68c844187,DIVIDEND_PAYMENT
1dbce1fe-06f7-5b5d-9022-589ef7a56ae5,SIBN
1dbce1fe-06f7-5b5d-9022-589ef7a56ae5,DIVIDEND_ANNOUNCEMENT
ce202a2b-8e1f-5d24-a46d-aeb4589e6ced,SIBN
ce202a2b-8e1f-5d24-a46d-aeb4589e6ced,DIVIDEND_PAYMENT
0e503b45-2671-5823-8bd7-d7de3d0be2c9,SIBN
0e503b45-2671-5823-8bd7-d7de3d0be2c9,DIVIDEND_ANNOUNCEMENT
0b2135ad-41ad-52c8-b039-760ef192dbbc,SIBN
0b2135ad-41ad-52c8-b039-760ef192dbbc,DIVIDEND_PAYMENT
11251442-9b1a-5d7b-adf2-002156c959e2,SIBN
11251442-9b1a-5d7b-adf2-002156c959e2,DIVIDEND_ANNOUNCEMENT
76f9f7a5-85fb-5f7f-b40d-ef3d28713a53,SIBN
76f9f7a5-85fb-5f7f-b40d-ef3d28713a53,DIVIDEND_PAYMENT
05caf327-3d9b-5a48-8169-165ede345d80,SIBN
05caf327-3d9b-5a48-8169-165ede345d80,DIVIDEND_ANNOUNCEMENT
eda53821-8e7a-5f34-bb14-ef6373b53b29,SIBN
eda53821-8e7a-5f34-bb14-ef6373b53b29,DIVIDEND_PAYMENT
c221543c-50ad-595a-bdd4-b725441aefcf,SIBN
c221543c-50ad-595a-bdd4-b725441aefcf,DIVIDEND_ANNOUNCEMENT
e321677a-b30e-5ca8-8d3d-9f92279e69bb,SIBN
e321677a-b30e-5ca8-8d3d-9f92279e69bb,DIVIDEND_PAYMENT
31c22c2a-7647-55e7-9e6e-427090a2e198,SIBN
31c22c2a-7647-55e7-9e6e-427090a2e198,DIVIDEND_ANNOUNCEMENT
331ccc88-398b-5b40-9ce3-9374b9842a79,SIBN
331ccc88-398b-5b40-9ce3-9374b9842a79,DIVIDEND_PAYMENT
aeba322a-3b24-509b-a9eb-75bf3e00124b,SIBN
aeba322a-3b24-509b-a9eb-75bf3e00124b,DIVIDEND_ANNOUNCEMENT
36ab206d-1ba4-519a-998f-860e214a040d,SIBN
36ab206d-1ba4-519a-998f-860e214a040d,DIVIDEND_PAYMENT
76762b98-159a-5b4b-937b-641c5f42cad8,SIBN
76762b98-159a-5b4b-937b-641c5f42cad8,DIVIDEND_ANNOUNCEMENT
ce3d85b4-eb9c-53ba-8a22-136688d1fa66,SIBN
ce3d85b4-eb9c-53ba-8a22-136688d1fa66,DIVIDEND_PAYMENT
26e39cb9-83d0-56d4-895d-c71b9e50443c,SIBN
26e39cb9-83d0-56d4-895d-c71b9e50443c,DIVIDEND_ANNOUNCEMENT
7a5b52b4-46de-5277-a1f4-ce9f7e7412be,SIBN
7a5b52b4-46de-5277-a1f4-ce9f7e7412be,DIVIDEND_PAYMENT
34577ead-89d8-5ef0-9f92-5e77fc2b44d0,SIBN
34577ead-89d8-5ef0-9f92-5e77fc2b44d0,DIVIDEND_ANNOUNCEMENT
c05482b6-796c-5f7e-94a2-cc1d210a3dc9,SIBN
c05482b6-796c-5f7e-94a2-cc1d210a3dc9,DIVIDEND_PAYMENT
a3aaf8d9-35ac-5ebe-9a7c-74dfe5fb4f27,SIBN
a3aaf8d9-35ac-5ebe-9a7c-74dfe5fb4f27,DIVIDEND_ANNOUNCEMENT
24d48c5a-f8a6-5b5a-b114-c904003b957d,SIBN
24d48c5a-f8a6-5b5a-b114-c904003b957d,DIVIDEND_PAYMENT
0a3812a5-5c8c-5f39-bd01-c044f2414eb5,SIBN
0a3812a5-5c8c-5f39-bd01-c044f2414eb5,DIVIDEND_ANNOUNCEMENT
b72c0121-a1ec-581c-ad82-92848c3ef53e,SIBN
b72c0121-a1ec-581c-ad82-92848c3ef53e,DIVIDEND_PAYMENT
d87fc748-e150-563e-8ab1-3a3413da010e,SIBN
d87fc748-e150-563e-8ab1-3a3413da010e,DIVIDEND_ANNOUNCEMENT
32709210-9790-5888-8870-9b31043e04d1,SIBN
32709210-9790-5888-8870-9b31043e04d1,DIVIDEND_PAYMENT
2027b2d0-b62a-5aa4-a3fd-c06e992f5537,SIBN
2027b2d0-b62a-5aa4-a3fd-c06e992f5537,DIVIDEND_ANNOUNCEMENT
f6b1ec84-1f40-5d67-8240-26199b614340,SIBN
f6b1ec84-1f40-5d67-8240-26199b614340,DIVIDEND_PAYMENT
49478f83-dbc9-572a-b4ef-b4f8d8f75639,SIBN
49478f83-dbc9-572a-b4ef-b4f8d8f75639,DIVIDEND_ANNOUNCEMENT
dba532b1-373d-5646-94d1-50b62183e2e6,SIBN
dba532b1-373d-5646-94d1-50b62183e2e6,DIVIDEND_PAYMENT
d9f7ece5-b74f-5a3f-a337-37cc06a4dd6f,SMLT
d9f7ece5-b74f-5a3f-a337-37cc06a4dd6f,DIVIDEND_ANNOUNCEMENT
9b54f75c-59eb-50f0-8bec-1bb77fa616a8,SMLT
9b54f75c-59eb-50f0-8bec-1bb77fa616a8,DIVIDEND_PAYMENT
6af68bfe-329e-5ce1-914c-742d9567211b,SMLT
6af68bfe-329e-5ce1-914c-742d9567211b,DIVIDEND_ANNOUNCEMENT
f7155198-09df-5f69-9bc4-d470ae8b6d96,SMLT
f7155198-09df-5f69-9bc4-d470ae8b6d96,DIVIDEND_PAYMENT
e6b6f57a-a964-5dec-bfa1-3db9f559af55,SMLT
e6b6f57a-a964-5dec-bfa1-3db9f559af55,DIVIDEND_ANNOUNCEMENT
ab848d1d-e0e2-5db2-a9cb-da29640ca988,SMLT
ab848d1d-e0e2-5db2-a9cb-da29640ca988,DIVIDEND_PAYMENT
bc2e1bb6-c708-5743-85d0-9e89a5edae31,SMLT
bc2e1bb6-c708-5743-85d0-9e89a5edae31,DIVIDEND_ANNOUNCEMENT
b55ce997-507b-55d5-9b34-386cbac3f49d,SMLT
b55ce997-507b-55d5-9b34-386cbac3f49d,DIVIDEND_PAYMENT
db475552-0291-5c81-b773-23a379beca6f,SNGSP
db475552-0291-5c81-b773-23a379beca6f,DIVIDEND_ANNOUNCEMENT
73929dc8-ee29-598a-bb4d-1b4af14132a6,SNGSP
73929dc8-ee29-598a-bb4d-1b4af14132a6,DIVIDEND_PAYMENT
397344d3-468d-5a4b-a999-1887c2585881,SNGSP
397344d3-468d-5a4b-a999-1887c2585881,DIVIDEND_ANNOUNCEMENT
71a9274f-d0cc-5bdf-adce-f0fd9e1d553c,SNGSP
71a9274f-d0cc-5bdf-adce-f0fd9e1d553c,DIVIDEND_PAYMENT
21f4b6b6-60d6-53b6-9834-1f3ff9e2a8c2,SNGSP
21f4b6b6-60d6-53b6-9834-1f3ff9e2a8c2,DIVIDEND_ANNOUNCEMENT
890670b2-e3ae-5c71-8b13-0c099049edd5,SNGSP
890670b2-e3ae-5c71-8b13-0c099049edd5,DIVIDEND_PAYMENT
9a201462-f224-5e8a-a5ea-40f1c264963e,SNGSP
9a201462-f224-5e8a-a5ea-40f1c264963e,DIVIDEND_ANNOUNCEMENT
93d9c722-a61b-546e-b8e2-24d7844db715,SNGSP
93d9c722-a61b-546e-b8e2-24d7844db715,DIVIDEND_PAYMENT
194a7117-4bea-5acf-8fd0-92d148a945b8,SNGSP
194a7117-4bea-5acf-8fd0-92d148a945b8,DIVIDEND_ANNOUNCEMENT
0e5811b6-a033-5ed5-8d48-ac3f2a6dcf1a,SNGSP
0e5811b6-a033-5ed5-8d48-ac3f2a6dcf1a,DIVIDEND_PAYMENT
e3ad7667-2609-507c-b9c8-107e43af7ec2,SNGSP
e3ad7667-2609-507c-b9c8-107e43af7ec2,DIVIDEND_ANNOUNCEMENT
2c3c376e-c933-5d35-98ae-4ffac8150bfc,SNGSP
2c3c376e-c933-5d35-98ae-4ffac8150bfc,DIVIDEND_PAYMENT
65384e9b-0d0b-5a06-a01d-83c917a33025,SNGSP
65384e9b-0d0b-5a06-a01d-83c917a33025,DIVIDEND_ANNOUNCEMENT
6f8c3765-f39b-5850-afee-94681e49f6e6,SNGSP
6f8c3765-f39b-5850-afee-94681e49f6e6,DIVIDEND_PAYMENT
85fe857d-2e9c-524d-8376-e40db1795571,SNGSP
85fe857d-2e9c-524d-8376-e40db1795571,DIVIDEND_ANNOUNCEMENT
764f0cc7-b37c-5898-8c71-9fb0107b9f84,SNGSP
764f0cc7-b37c-5898-8c71-9fb0107b9f84,DIVIDEND_PAYMENT
9753985e-7b0e-500b-a2b0-de31d6d72bbc,SNGSP
9753985e-7b0e-500b-a2b0-de31d6d72bbc,DIVIDEND_ANNOUNCEMENT
fe41a2e1-1bc4-5615-9e78-30ca93c22c6c,SNGSP
fe41a2e1-1bc4-5615-9e78-30ca93c22c6c,DIVIDEND_PAYMENT
15f2d0ed-1919-5109-b0da-49e8287aec11,SNGSP
15f2d0ed-1919-5109-b0da-49e8287aec11,DIVIDEND_ANNOUNCEMENT
47ccb104-4329-52dc-ad58-083bbf3a4c54,SNGSP
47ccb104-4329-52dc-ad58-083bbf3a4c54,DIVIDEND_PAYMENT
93fa2ead-c3d7-5bcb-bcd9-9b0cd6aaa1b0,SNGSP
93fa2ead-c3d7-5bcb-bcd9-9b0cd6aaa1b0,DIVIDEND_ANNOUNCEMENT
1b0e1f95-9ff8-5416-a7cd-85ef643acc13,SNGSP
1b0e1f95-9ff8-5416-a7cd-85ef643acc13,DIVIDEND_PAYMENT
8e8337ef-df3a-5b35-b04c-e7ec433e2d4b,SNGSP
8e8337ef-df3a-5b35-b04c-e7ec433e2d4b,DIVIDEND_ANNOUNCEMENT
fb54a48e-6f59-597e-b4fd-856eba6086f5,SNGSP
fb54a48e-6f59-597e-b4fd-856eba6086f5,DIVIDEND_PAYMENT
65130dbc-0c8b-5a79-9aff-c15d0be19c2b,SNGSP
65130dbc-0c8b-5a79-9aff-c15d0be19c2b,DIVIDEND_ANNOUNCEMENT
66916f66-a50d-5992-9578-6c1e2d0edaea,SNGSP
66916f66-a50d-5992-9578-6c1e2d0edaea,DIVIDEND_PAYMENT
98ce8d97-0dfd-5bde-84ca-5187d8557c7d,SNGSP
98ce8d97-0dfd-5bde-84ca-5187d8557c7d,DIVIDEND_ANNOUNCEMENT
28741f77-a495-5c0f-8b29-31220c6d302c,SNGSP
28741f77-a495-5c0f-8b29-31220c6d302c,DIVIDEND_PAYMENT
4e828d46-974b-50d8-8a7a-5a59f26774c9,SNGSP
4e828d46-974b-50d8-8a7a-5a59f26774c9,DIVIDEND_ANNOUNCEMENT
02af039a-2715-52d5-82bf-dfc2470515d9,SNGSP
02af039a-2715-52d5-82bf-dfc2470515d9,DIVIDEND_PAYMENT
8e7f9627-2c3f-5b39-ad4f-12f0bc6e6e78,SNGSP
8e7f9627-2c3f-5b39-ad4f-12f0bc6e6e78,DIVIDEND_ANNOUNCEMENT
fa4252fe-fdd5-5222-a9e7-28af52e76019,SNGSP
fa4252fe-fdd5-5222-a9e7-28af52e76019,DIVIDEND_PAYMENT
1e2adaae-d4ae-5043-8e03-f972eb5ee00a,SNGSP
1e2adaae-d4ae-5043-8e03-f972eb5ee00a,DIVIDEND_ANNOUNCEMENT
cf602bf4-4f84-5f9b-9810-b46cfcd344e3,SNGSP
cf602bf4-4f84-5f9b-9810-b46cfcd344e3,DIVIDEND_PAYMENT
04db3670-4e83-523c-87ac-7a1197dd1e0f,SNGSP
04db3670-4e83-523c-87ac-7a1197dd1e0f,DIVIDEND_ANNOUNCEMENT
8df02786-b5cc-5dda-8b8a-138d226780e6,SNGSP
8df02786-b5cc-5dda-8b8a-138d226780e6,DIVIDEND_PAYMENT
59ea56d9-b07a-5d63-bdb6-913ce4ae9e62,SNGSP
59ea56d9-b07a-5d63-bdb6-913ce4ae9e62,DIVIDEND_ANNOUNCEMENT
b43b1338-b312-5215-81f5-02fe29b61aa3,SNGSP
b43b1338-b312-5215-81f5-02fe29b61aa3,DIVIDEND_PAYMENT
7fc536e7-fdaf-5b08-9db5-10dde9b481ca,SNGSP
7fc536e7-fdaf-5b08-9db5-10dde9b481ca,DIVIDEND_ANNOUNCEMENT
d3eaccb1-89a9-5b70-89c4-3aec22e00cc2,SNGSP
d3eaccb1-89a9-5b70-89c4-3aec22e00cc2,DIVIDEND_PAYMENT
2ab90b20-b587-5004-8af2-e06fdfac8289,SNGSP
2ab90b20-b587-5004-8af2-e06fdfac8289,DIVIDEND_ANNOUNCEMENT
5a553747-92c1-56ac-839c-7d1ab8787e94,SNGSP
5a553747-92c1-56ac-839c-7d1ab8787e94,DIVIDEND_PAYMENT
9ae7b388-1943-5bea-84ce-48e2647caecd,SNGSP
9ae7b388-1943-5bea-84ce-48e2647caecd,DIVIDEND_ANNOUNCEMENT
f00f1470-c277-5ff9-847f-dc571ead4cf7,SNGSP
f00f1470-c277-5ff9-847f-dc571ead4cf7,DIVIDEND_PAYMENT
5873ba10-b268-5b1f-bbaf-93db3d099444,SNGSP
5873ba10-b268-5b1f-bbaf-93db3d099444,DIVIDEND_ANNOUNCEMENT
e397fd0f-d9a0-5a8c-8a00-aea3c5ef70f7,SNGSP
e397fd0f-d9a0-5a8c-8a00-aea3c5ef70f7,DIVIDEND_PAYMENT
21e59b00-a538-5747-adb7-cf578e095d56,SNGSP
21e59b00-a538-5747-adb7-cf578e095d56,DIVIDEND_ANNOUNCEMENT
4c31aaad-b5a5-5504-a8ae-7597558d624a,SNGSP
4c31aaad-b5a5-5504-a8ae-7597558d624a,DIVIDEND_PAYMENT
0fca3242-6c3a-5c1a-a4e5-538d336ae72d,SNGSP
0fca3242-6c3a-5c1a-a4e5-538d336ae72d,DIVIDEND_ANNOUNCEMENT
def35982-ac25-58ee-b7d6-0ab6c002cc95,SNGSP
def35982-ac25-58ee-b7d6-0ab6c002cc95,DIVIDEND_PAYMENT
9f349dc2-061b-560a-96ae-741474a466db,SNGSP
9f349dc2-061b-560a-96ae-741474a466db,DIVIDEND_ANNOUNCEMENT
c1bd577f-48e1-5e29-8bbb-bea9314e68af,SNGSP
c1bd577f-48e1-5e29-8bbb-bea9314e68af,DIVIDEND_PAYMENT
2e151afd-c1dc-55f2-bb60-8017c2e1b2fd,SVCB
2e151afd-c1dc-55f2-bb60-8017c2e1b2fd,DIVIDEND_ANNOUNCEMENT
feae5e9a-1023-58ca-bb8f-eef54eb1db90,SVCB
feae5e9a-1023-58ca-bb8f-eef54eb1db90,DIVIDEND_PAYMENT
3b7b6c4e-c228-5fce-b7bc-884325bf374b,SVCB
3b7b6c4e-c228-5fce-b7bc-884325bf374b,DIVIDEND_ANNOUNCEMENT
dc7b3486-e556-533a-8c11-eefc21872cd4,SVCB
dc7b3486-e556-533a-8c11-eefc21872cd4,DIVIDEND_PAYMENT
9f213b0c-2908-53d8-a232-57bc9a33f2c9,TATN
9f213b0c-2908-53d8-a232-57bc9a33f2c9,DIVIDEND_ANNOUNCEMENT
e85f9a3e-293f-5862-9562-00040aeec81e,TATN
e85f9a3e-293f-5862-9562-00040aeec81e,DIVIDEND_PAYMENT
91ceb460-d471-5fef-94f1-cc1507f0f0b5,TATN
91ceb460-d471-5fef-94f1-cc1507f0f0b5,DIVIDEND_ANNOUNCEMENT
e2d6d480-9d5f-50e1-a490-b52061495360,TATN
e2d6d480-9d5f-50e1-a490-b52061495360,DIVIDEND_PAYMENT
32866119-0d3c-55ed-8fc9-fc3405463af2,TATN
32866119-0d3c-55ed-8fc9-fc3405463af2,DIVIDEND_ANNOUNCEMENT
405a17c7-5b11-53fa-887a-f02923f61368,TATN
405a17c7-5b11-53fa-887a-f02923f61368,DIVIDEND_PAYMENT
b218d029-625d-5670-98ae-c2366af939af,TATN
b218d029-625d-5670-98ae-c2366af939af,DIVIDEND_ANNOUNCEMENT
9b9d043f-4f07-5ccc-ba1c-9e329cbad44b,TATN
9b9d043f-4f07-5ccc-ba1c-9e329cbad44b,DIVIDEND_PAYMENT
7eb131f4-fb9e-51a4-b788-4a2e9e563e16,TATN
7eb131f4-fb9e-51a4-b788-4a2e9e563e16,DIVIDEND_ANNOUNCEMENT
6134c8cd-dab8-527d-ac74-9005bc658e0b,TATN
6134c8cd-dab8-527d-ac74-9005bc658e0b,DIVIDEND_PAYMENT
8105622a-6067-5004-85a5-110ee070f02d,TATN
8105622a-6067-5004-85a5-110ee070f02d,DIVIDEND_ANNOUNCEMENT
c040f930-19fd-50eb-b041-f3f8635394cd,TATN
c040f930-19fd-50eb-b041-f3f8635394cd,DIVIDEND_PAYMENT
6c0eda67-fc38-5ae6-ae58-f6c6293a05e0,TATN
6c0eda67-fc38-5ae6-ae58-f6c6293a05e0,DIVIDEND_ANNOUNCEMENT
ea22b085-5731-595d-a55e-1d25b86285e0,TATN
ea22b085-5731-595d-a55e-1d25b86285e0,DIVIDEND_PAYMENT
32568dda-3530-590f-9b41-4eb41b8e8cd6,TATN
32568dda-3530-590f-9b41-4eb41b8e8cd6,DIVIDEND_ANNOUNCEMENT
f5fecbab-dcc7-565a-b08e-8c0fc7b497fc,TATN
f5fecbab-dcc7-565a-b08e-8c0fc7b497fc,DIVIDEND_PAYMENT
f67e7ca5-7c1a-5f85-bf95-6be2e5bce799,TATN
f67e7ca5-7c1a-5f85-bf95-6be2e5bce799,DIVIDEND_ANNOUNCEMENT
1c9d65d3-1f6e-55f4-a2d7-94f94a65a154,TATN
1c9d65d3-1f6e-55f4-a2d7-94f94a65a154,DIVIDEND_PAYMENT
691d5249-972f-574c-a7ed-831872a227e6,TATN
691d5249-972f-574c-a7ed-831872a227e6,DIVIDEND_ANNOUNCEMENT
9a9aa018-ff45-5b8b-afc8-eb25c8ba4ce5,TATN
9a9aa018-ff45-5b8b-afc8-eb25c8ba4ce5,DIVIDEND_PAYMENT
e356f654-3b1e-56aa-add4-cc925b9c8c68,TATN
e356f654-3b1e-56aa-add4-cc925b9c8c68,DIVIDEND_ANNOUNCEMENT
ba3ff591-b204-5ec2-8ef9-490aa0894f94,TATN
ba3ff591-b204-5ec2-8ef9-490aa0894f94,DIVIDEND_PAYMENT
5e53ee77-4d49-5c25-b10c-9ef8a7fa35a7,TATN
5e53ee77-4d49-5c25-b10c-9ef8a7fa35a7,DIVIDEND_ANNOUNCEMENT
68e3e524-ac0e-5ff5-95f9-6b8f16c6298d,TATN
68e3e524-ac0e-5ff5-95f9-6b8f16c6298d,DIVIDEND_PAYMENT
e1559ea8-d1fb-559f-9719-703c17debdf4,TATN
e1559ea8-d1fb-559f-9719-703c17debdf4,DIVIDEND_ANNOUNCEMENT
52cccc40-41db-5178-ab0f-9aa239fe70b2,TATN
52cccc40-41db-5178-ab0f-9aa239fe70b2,DIVIDEND_PAYMENT
83ddd504-6576-5e42-b9bc-af9bce97f23e,TATN
83ddd504-6576-5e42-b9bc-af9bce97f23e,DIVIDEND_ANNOUNCEMENT
c8635f3b-5b11-522d-b3c5-cbfc3804a821,TATN
c8635f3b-5b11-522d-b3c5-cbfc3804a821,DIVIDEND_PAYMENT
7267c37e-0137-50a9-992b-2aa1a8c07543,TATN
7267c37e-0137-50a9-992b-2aa1a8c07543,DIVIDEND_ANNOUNCEMENT
a77a191c-74cf-5a8a-938c-d951d555777d,TATN
a77a191c-74cf-5a8a-938c-d951d555777d,DIVIDEND_PAYMENT
9ffe8bbc-1df9-557b-a941-aa91df660b70,TATN
9ffe8bbc-1df9-557b-a941-aa91df660b70,DIVIDEND_ANNOUNCEMENT
88b7e07b-e9eb-52c5-99e5-06e6d6f62876,TATN
88b7e07b-e9eb-52c5-99e5-06e6d6f62876,DIVIDEND_PAYMENT
6d30f6a8-cc39-5f06-8181-f47831a0ae38,TATN
6d30f6a8-cc39-5f06-8181-f47831a0ae38,DIVIDEND_ANNOUNCEMENT
ffa572af-cc6c-5921-a2d4-8ca9c9ef2436,TATN
ffa572af-cc6c-5921-a2d4-8ca9c9ef2436,DIVIDEND_PAYMENT
551a4e1d-27dc-513e-810a-e5c14e1653b9,TATN
551a4e1d-27dc-513e-810a-e5c14e1653b9,DIVIDEND_ANNOUNCEMENT
57d3bb2f-b7ac-57da-b709-4a94adbcff7b,TATN
57d3bb2f-b7ac-57da-b709-4a94adbcff7b,DIVIDEND_PAYMENT
8c7a5114-2599-5ef2-84b8-a57c97b71e8c,TATN
8c7a5114-2599-5ef2-84b8-a57c97b71e8c,DIVIDEND_ANNOUNCEMENT
c59fd74e-dd3f-5a16-8b08-360ead8eabd3,TATN
c59fd74e-dd3f-5a16-8b08-360ead8eabd3,DIVIDEND_PAYMENT
9a8178ae-fe84-58e4-bc32-3b814eb89f53,TATN
9a8178ae-fe84-58e4-bc32-3b814eb89f53,DIVIDEND_ANNOUNCEMENT
cf976115-32d1-51e9-a05c-3e507c9db299,TATN
cf976115-32d1-51e9-a05c-3e507c9db299,DIVIDEND_PAYMENT
bf1f773e-d342-512f-b47b-684726198982,TATN
bf1f773e-d342-512f-b47b-684726198982,DIVIDEND_ANNOUNCEMENT
d3919089-9bb5-53a5-b350-687081569496,TATN
d3919089-9bb5-53a5-b350-687081569496,DIVIDEND_PAYMENT
f75e43c3-4d3e-5b3a-99a7-ab1501413c4c,TATN
f75e43c3-4d3e-5b3a-99a7-ab1501413c4c,DIVIDEND_ANNOUNCEMENT
f39f9a6e-988e-54d5-b9c0-349b44c37ee6,TATN
f39f9a6e-988e-54d5-b9c0-349b44c37ee6,DIVIDEND_PAYMENT
c52ca8c7-cbcf-5983-9cba-bf5b3680de23,TATN
c52ca8c7-cbcf-5983-9cba-bf5b3680de23,DIVIDEND_ANNOUNCEMENT
e0182f57-3478-50ef-ae18-176a3b4da451,TATN
e0182f57-3478-50ef-ae18-176a3b4da451,DIVIDEND_PAYMENT
a2143655-7cbb-5242-a070-e35ca95f3cf3,TATN
a2143655-7cbb-5242-a070-e35ca95f3cf3,DIVIDEND_ANNOUNCEMENT
dc5f12c0-b3d3-552c-9939-784a4b6ad08f,TATN
dc5f12c0-b3d3-552c-9939-784a4b6ad08f,DIVIDEND_PAYMENT
01d3eb8a-3267-5fb5-9014-93d817b42ed5,TATN
01d3eb8a-3267-5fb5-9014-93d817b42ed5,DIVIDEND_ANNOUNCEMENT
468e99cc-ef3e-570f-a64e-888f887310f8,TATN
468e99cc-ef3e-570f-a64e-888f887310f8,DIVIDEND_PAYMENT
faf45f6c-9cb7-55f4-919c-2edf7f8a3e8e,TATN
faf45f6c-9cb7-55f4-919c-2edf7f8a3e8e,DIVIDEND_ANNOUNCEMENT
d26af9a3-2fbe-5afa-a077-5edb177e6c85,TATN
d26af9a3-2fbe-5afa-a077-5edb177e6c85,DIVIDEND_PAYMENT
8d688dd2-40b3-511e-8bdc-5a1d4d70fb46,TATN
8d688dd2-40b3-511e-8bdc-5a1d4d70fb46,DIVIDEND_ANNOUNCEMENT
506ea7d5-d1ac-5d90-ac07-3bb31f3316c0,TATN
506ea7d5-d1ac-5d90-ac07-3bb31f3316c0,DIVIDEND_PAYMENT
b7d82938-0e6b-54e0-a55d-bd996b0d0298,TATN
b7d82938-0e6b-54e0-a55d-bd996b0d0298,DIVIDEND_ANNOUNCEMENT
51c06e9f-197b-5716-8904-8a72ddc7b2d5,TATN
51c06e9f-197b-5716-8904-8a72ddc7b2d5,DIVIDEND_PAYMENT
b85af62c-d9d3-5d1c-9e6a-a08d45d17310,TATN
b85af62c-d9d3-5d1c-9e6a-a08d45d17310,DIVIDEND_ANNOUNCEMENT
bab5c10d-5f98-5e7f-b210-9dd44e673fa5,TATN
bab5c10d-5f98-5e7f-b210-9dd44e673fa5,DIVIDEND_PAYMENT
e6db0bf7-6d01-5b54-afd3-e22eb1883479,TATN
e6db0bf7-6d01-5b54-afd3-e22eb1883479,DIVIDEND_ANNOUNCEMENT
f9bdcec6-f3a7-56fe-8701-138c0aca3497,TATN
f9bdcec6-f3a7-56fe-8701-138c0aca3497,DIVIDEND_PAYMENT
7c19cfcf-7528-532f-ab6c-38eeef62131c,TATN
7c19cfcf-7528-532f-ab6c-38eeef62131c,DIVIDEND_ANNOUNCEMENT
ff21cab3-44a7-514a-a63c-36543c419e28,TATN
ff21cab3-44a7-514a-a63c-36543c419e28,DIVIDEND_PAYMENT
71339ab2-bd1d-5c51-977c-844faeed0220,TATN
71339ab2-bd1d-5c51-977c-844faeed0220,DIVIDEND_ANNOUNCEMENT
660b3795-c2f7-5134-b971-c0fee41fd430,TATN
660b3795-c2f7-5134-b971-c0fee41fd430,DIVIDEND_PAYMENT
a51e1ee8-a971-5eaa-a431-a6a09a99b1ac,TATN
a51e1ee8-a971-5eaa-a431-a6a09a99b1ac,DIVIDEND_ANNOUNCEMENT
450a8960-edfa-5cd6-9c4e-8f6c8f301d44,TATN
450a8960-edfa-5cd6-9c4e-8f6c8f301d44,DIVIDEND_PAYMENT
66252c5b-150f-5503-8d6b-2b385d07d090,TATN
66252c5b-150f-5503-8d6b-2b385d07d090,DIVIDEND_ANNOUNCEMENT
777fe3dd-97a6-55c0-a733-ab795aba6e33,TATN
777fe3dd-97a6-55c0-a733-ab795aba6e33,DIVIDEND_PAYMENT
9da8e550-01e7-5516-b673-bd27edb99fb6,TATN
9da8e550-01e7-5516-b673-bd27edb99fb6,DIVIDEND_ANNOUNCEMENT
6242cb47-42d6-52ba-b987-3b3613d25dab,TATN
6242cb47-42d6-52ba-b987-3b3613d25dab,DIVIDEND_PAYMENT
1ff91ba1-c1c7-523d-aa12-43053972dafe,TATN
1ff91ba1-c1c7-523d-aa12-43053972dafe,DIVIDEND_ANNOUNCEMENT
5152f504-9fda-5522-ae30-a500db504711,TATN
5152f504-9fda-5522-ae30-a500db504711,DIVIDEND_PAYMENT
c2934151-f5e0-510b-994f-8cecb3a34ef9,TATN
c2934151-f5e0-510b-994f-8cecb3a34ef9,DIVIDEND_ANNOUNCEMENT
7df61d97-a28f-573d-b182-6512151cfaf1,TATN
7df61d97-a28f-573d-b182-6512151cfaf1,DIVIDEND_PAYMENT
e045132a-e1e9-5777-94ef-59ae2bc7ffb4,TATN
e045132a-e1e9-5777-94ef-59ae2bc7ffb4,DIVIDEND_ANNOUNCEMENT
956f0bfc-464a-5b4c-be10-88f87f5d7b20,TATN
956f0bfc-464a-5b4c-be10-88f87f5d7b20,DIVIDEND_PAYMENT
c53ab20d-d6a7-555f-befa-b9ea8eae1def,TATNP
c53ab20d-d6a7-555f-befa-b9ea8eae1def,DIVIDEND_ANNOUNCEMENT
3b205a31-09f2-5aff-bf4f-5d74c354a46b,TATNP
3b205a31-09f2-5aff-bf4f-5d74c354a46b,DIVIDEND_PAYMENT
3b38216b-a521-5c47-9a27-a1c0558534eb,TATNP
3b38216b-a521-5c47-9a27-a1c0558534eb,DIVIDEND_ANNOUNCEMENT
da0979d4-0871-5b80-9f9b-844589fc1131,TATNP
da0979d4-0871-5b80-9f9b-844589fc1131,DIVIDEND_PAYMENT
27c58ae7-d550-513a-9245-424e9a700c5b,TATNP
27c58ae7-d550-513a-9245-424e9a700c5b,DIVIDEND_ANNOUNCEMENT
a11dde42-80b4-516e-a839-50d4bd9cbfa1,TATNP
a11dde42-80b4-516e-a839-50d4bd9cbfa1,DIVIDEND_PAYMENT
17e946b3-5f62-5b55-bc35-05814cf506ba,TATNP
17e946b3-5f62-5b55-bc35-05814cf506ba,DIVIDEND_ANNOUNCEMENT
09d81429-78fb-581b-a1b3-8d937f0b9047,TATNP
09d81429-78fb-581b-a1b3-8d937f0b9047,DIVIDEND_PAYMENT
2d4e1429-43a3-577c-9cc9-b8edf45eb847,TATNP
2d4e1429-43a3-577c-9cc9-b8edf45eb847,DIVIDEND_ANNOUNCEMENT
d260503a-f3e7-5e1b-a390-f7cf3af9131c,TATNP
d260503a-f3e7-5e1b-a390-f7cf3af9131c,DIVIDEND_PAYMENT
c7505969-b914-5494-9b5f-a9d89857aa5c,TATNP
c7505969-b914-5494-9b5f-a9d89857aa5c,DIVIDEND_ANNOUNCEMENT
39d317de-b65e-59fe-b623-25fa42ed4e13,TATNP
39d317de-b65e-59fe-b623-25fa42ed4e13,DIVIDEND_PAYMENT
9d5b23d9-edfd-5c82-a506-a440b42483b1,TATNP
9d5b23d9-edfd-5c82-a506-a440b42483b1,DIVIDEND_ANNOUNCEMENT
d8031ac3-499f-527d-9823-0c8d80fd4a6d,TATNP
d8031ac3-499f-527d-9823-0c8d80fd4a6d,DIVIDEND_PAYMENT
81360657-fa0e-51aa-b40d-6d25ab24e69f,TATNP
81360657-fa0e-51aa-b40d-6d25ab24e69f,DIVIDEND_ANNOUNCEMENT
d969a7c7-3168-5da1-84b8-2807e4378a8c,TATNP
d969a7c7-3168-5da1-84b8-2807e4378a8c,DIVIDEND_PAYMENT
abd76169-8a04-5fda-8cfe-19602e37e505,TATNP
abd76169-8a04-5fda-8cfe-19602e37e505,DIVIDEND_ANNOUNCEMENT
5c9ac2ec-5d49-5bff-a393-99233a10f3c9,TATNP
5c9ac2ec-5d49-5bff-a393-99233a10f3c9,DIVIDEND_PAYMENT
74d02707-efc8-5471-bd1f-bcc350eb14fb,TATNP
74d02707-efc8-5471-bd1f-bcc350eb14fb,DIVIDEND_ANNOUNCEMENT
1a89369b-d4c3-51e0-a3a8-8ed20ed01e47,TATNP
1a89369b-d4c3-51e0-a3a8-8ed20ed01e47,DIVIDEND_PAYMENT
b7eb122b-f79e-5dd9-a604-c51d818d7e14,TATNP
b7eb122b-f79e-5dd9-a604-c51d818d7e14,DIVIDEND_ANNOUNCEMENT
cfbb5ddb-528a-5eff-9e60-6a646521d08e,TATNP
cfbb5ddb-528a-5eff-9e60-6a646521d08e,DIVIDEND_PAYMENT
36cb7651-9ac4-5ee3-ada1-2f757fd42c33,TATNP
36cb7651-9ac4-5ee3-ada1-2f757fd42c33,DIVIDEND_ANNOUNCEMENT
8a10d5f2-7feb-50ba-ba84-8d9cd52cbe58,TATNP
8a10d5f2-7feb-50ba-ba84-8d9cd52cbe58,DIVIDEND_PAYMENT
6ea748b1-e99f-53a6-8dfb-248ced8fbb97,TATNP
6ea748b1-e99f-53a6-8dfb-248ced8fbb97,DIVIDEND_ANNOUNCEMENT
1ceca75a-e41a-5890-a387-f464791a00d9,TATNP
1ceca75a-e41a-5890-a387-f464791a00d9,DIVIDEND_PAYMENT
a6360784-2f4c-57e4-9816-2235e93449c1,TATNP
a6360784-2f4c-57e4-9816-2235e93449c1,DIVIDEND_ANNOUNCEMENT
4a260348-8fd4-5aa2-841a-55e8f79f75f2,TATNP
4a260348-8fd4-5aa2-841a-55e8f79f75f2,DIVIDEND_PAYMENT
3e2feff1-8288-5c77-ac19-4dcd8c328c1f,TATNP
3e2feff1-8288-5c77-ac19-4dcd8c328c1f,DIVIDEND_ANNOUNCEMENT
5aeb081f-eab5-5390-a063-fbe426f350ed,TATNP
5aeb081f-eab5-5390-a063-fbe426f350ed,DIVIDEND_PAYMENT
ee83ca94-7ed0-5692-a570-ee7cd14561f7,TATNP
ee83ca94-7ed0-5692-a570-ee7cd14561f7,DIVIDEND_ANNOUNCEMENT
437b1873-bd4b-5e83-8bda-9e53227d49b4,TATNP
437b1873-bd4b-5e83-8bda-9e53227d49b4,DIVIDEND_PAYMENT
6cc1d1d8-efdb-5998-89c1-c2160d98b05f,TATNP
6cc1d1d8-efdb-5998-89c1-c2160d98b05f,DIVIDEND_ANNOUNCEMENT
206a87fa-70e8-5cd8-bfe8-46c22ae5db17,TATNP
206a87fa-70e8-5cd8-bfe8-46c22ae5db17,DIVIDEND_PAYMENT
56d211c2-44b6-557d-8783-d1a699e33acc,TATNP
56d211c2-44b6-557d-8783-d1a699e33acc,DIVIDEND_ANNOUNCEMENT
c72f9b10-574f-50c5-b9bb-78127dd9fdba,TATNP
c72f9b10-574f-50c5-b9bb-78127dd9fdba,DIVIDEND_PAYMENT
8b0a8a69-c791-54e0-80ad-20fe0a1e2f89,TATNP
8b0a8a69-c791-54e0-80ad-20fe0a1e2f89,DIVIDEND_ANNOUNCEMENT
ffe11109-b61f-57ab-9b59-f8ea8da765c4,TATNP
ffe11109-b61f-57ab-9b59-f8ea8da765c4,DIVIDEND_PAYMENT
218ed395-5621-5636-81b2-6455c15c9a3c,TATNP
218ed395-5621-5636-81b2-6455c15c9a3c,DIVIDEND_ANNOUNCEMENT
af41dd93-d49c-590b-b87f-2523e74dff61,TATNP
af41dd93-d49c-590b-b87f-2523e74dff61,DIVIDEND_PAYMENT
81d61897-f996-5d5e-8b57-c0a9e9c55901,TATNP
81d61897-f996-5d5e-8b57-c0a9e9c55901,DIVIDEND_ANNOUNCEMENT
1e797c8d-ac0f-5988-8acf-a4c720b9860e,TATNP
1e797c8d-ac0f-5988-8acf-a4c720b9860e,DIVIDEND_PAYMENT
58f735b5-9e5e-55c9-95e5-df70a6763751,TATNP
58f735b5-9e5e-55c9-95e5-df70a6763751,DIVIDEND_ANNOUNCEMENT
2981779b-e304-5e3e-95ff-487f8aaaf9c8,TATNP
2981779b-e304-5e3e-95ff-487f8aaaf9c8,DIVIDEND_PAYMENT
a896bbe3-0c1b-565b-8719-80cb0bef28fd,TATNP
a896bbe3-0c1b-565b-8719-80cb0bef28fd,DIVIDEND_ANNOUNCEMENT
d13d4f1e-2ce2-5bcc-869d-5c9528c62352,TATNP
d13d4f1e-2ce2-5bcc-869d-5c9528c62352,DIVIDEND_PAYMENT
1da4a77d-3b7c-599f-bee0-772b18789145,TATNP
1da4a77d-3b7c-599f-bee0-772b18789145,DIVIDEND_ANNOUNCEMENT
ac5d084c-d6d5-5934-97c8-95a3e49986b2,TATNP
ac5d084c-d6d5-5934-97c8-95a3e49986b2,DIVIDEND_PAYMENT
7d1ee206-21ee-58fb-8e93-3e21afdbf74a,TATNP
7d1ee206-21ee-58fb-8e93-3e21afdbf74a,DIVIDEND_ANNOUNCEMENT
7e119873-9f3e-5987-8213-1dc815e38b46,TATNP
7e119873-9f3e-5987-8213-1dc815e38b46,DIVIDEND_PAYMENT
2a13c1fd-9d05-5642-9304-ee9c06918343,TATNP
2a13c1fd-9d05-5642-9304-ee9c06918343,DIVIDEND_ANNOUNCEMENT
619e23b4-0cf9-5933-8924-80e5ee6d1751,TATNP
619e23b4-0cf9-5933-8924-80e5ee6d1751,DIVIDEND_PAYMENT
cd0ffd38-e811-58dc-a635-feb8d000e2d5,TATNP
cd0ffd38-e811-58dc-a635-feb8d000e2d5,DIVIDEND_ANNOUNCEMENT
36117768-c3bd-5a50-87b4-62016bc7e76b,TATNP
36117768-c3bd-5a50-87b4-62016bc7e76b,DIVIDEND_PAYMENT
efe931c1-65eb-53e1-a1f5-c0842655f2cd,TATNP
efe931c1-65eb-53e1-a1f5-c0842655f2cd,DIVIDEND_ANNOUNCEMENT
5232d47b-2d5f-5a51-9a1e-93a87ff9897d,TATNP
5232d47b-2d5f-5a51-9a1e-93a87ff9897d,DIVIDEND_PAYMENT
47efc611-b916-5f7f-80de-1bbe963d8664,TATNP
47efc611-b916-5f7f-80de-1bbe963d8664,DIVIDEND_ANNOUNCEMENT
ac85686e-489f-5d84-bc7c-9786310ed734,TATNP
ac85686e-489f-5d84-bc7c-9786310ed734,DIVIDEND_PAYMENT
a11605ed-e3bb-5f47-ab6b-bb746a9c8bb7,TATNP
a11605ed-e3bb-5f47-ab6b-bb746a9c8bb7,DIVIDEND_ANNOUNCEMENT
16497f64-043b-5d60-bf70-51dda4b8c67d,TATNP
16497f64-043b-5d60-bf70-51dda4b8c67d,DIVIDEND_PAYMENT
279e5b90-aaef-5bbe-90f4-71c75b17b094,TATNP
279e5b90-aaef-5bbe-90f4-71c75b17b094,DIVIDEND_ANNOUNCEMENT
0917a768-b4c1-564b-9903-d5b9fd340e59,TATNP
0917a768-b4c1-564b-9903-d5b9fd340e59,DIVIDEND_PAYMENT
dc39b2c0-46ab-5c26-a6be-85be8b34a05b,TATNP
dc39b2c0-46ab-5c26-a6be-85be8b34a05b,DIVIDEND_ANNOUNCEMENT
d6b0ffd7-2fe3-55b4-aee9-37a4231f3287,TATNP
d6b0ffd7-2fe3-55b4-aee9-37a4231f3287,DIVIDEND_PAYMENT
bec1815a-8595-51da-91cb-f0e6ecea1bc8,TATNP
bec1815a-8595-51da-91cb-f0e6ecea1bc8,DIVIDEND_ANNOUNCEMENT
e658cda4-8237-5ef9-adcd-4ba67d63ff49,TATNP
e658cda4-8237-5ef9-adcd-4ba67d63ff49,DIVIDEND_PAYMENT
e8914d22-f880-5c31-b1ba-a6ec96da046a,TATNP
e8914d22-f880-5c31-b1ba-a6ec96da046a,DIVIDEND_ANNOUNCEMENT
8ff93a2c-8620-5b24-acea-19e878d9d699,TATNP
8ff93a2c-8620-5b24-acea-19e878d9d699,DIVIDEND_PAYMENT
2dd698f3-98ce-57b7-9c5a-51090adfc987,TATNP
2dd698f3-98ce-57b7-9c5a-51090adfc987,DIVIDEND_ANNOUNCEMENT
46f44ede-d9e4-5de9-8545-b892eeb5d5e6,TATNP
46f44ede-d9e4-5de9-8545-b892eeb5d5e6,DIVIDEND_PAYMENT
e9bb18f7-edda-58ba-9f5e-b3e054266235,TATNP
e9bb18f7-edda-58ba-9f5e-b3e054266235,DIVIDEND_ANNOUNCEMENT
c5baaf56-468b-57c4-8f27-3f8bda298341,TATNP
c5baaf56-468b-57c4-8f27-3f8bda298341,DIVIDEND_PAYMENT
37e7beb9-e8c3-5a86-993d-9acfee57e115,TATNP
37e7beb9-e8c3-5a86-993d-9acfee57e115,DIVIDEND_ANNOUNCEMENT
e00b720d-e73a-5308-a625-837108428c17,TATNP
e00b720d-e73a-5308-a625-837108428c17,DIVIDEND_PAYMENT
3e9ab426-6167-5e2c-b0da-74bdfee7e7d0,TATNP
3e9ab426-6167-5e2c-b0da-74bdfee7e7d0,DIVIDEND_ANNOUNCEMENT
ea5b55bf-cef7-5db2-b75b-e8b3f6564903,TATNP
ea5b55bf-cef7-5db2-b75b-e8b3f6564903,DIVIDEND_PAYMENT
4e6f355b-0d44-5afc-bb91-f2ca999c4a40,TRMK
4e6f355b-0d44-5afc-bb91-f2ca999c4a40,DIVIDEND_ANNOUNCEMENT
839d8c24-2fdc-56ab-9575-83df6fc4b8cb,TRMK
839d8c24-2fdc-56ab-9575-83df6fc4b8cb,DIVIDEND_PAYMENT
6f29c9a9-e137-5056-9684-f3e3b80927d2,TRMK
6f29c9a9-e137-5056-9684-f3e3b80927d2,DIVIDEND_ANNOUNCEMENT
fba7b123-ca2d-5821-a994-38eb0a7d644b,TRMK
fba7b123-ca2d-5821-a994-38eb0a7d644b,DIVIDEND_PAYMENT
73259acb-2225-5aaf-8e85-422715a17ef8,TRMK
73259acb-2225-5aaf-8e85-422715a17ef8,DIVIDEND_ANNOUNCEMENT
9bd5552c-c39b-5d73-9352-17e64b4ba28e,TRMK
9bd5552c-c39b-5d73-9352-17e64b4ba28e,DIVIDEND_PAYMENT
31c0ff3b-9114-5f1d-8360-f3d2b34f882d,TRMK
31c0ff3b-9114-5f1d-8360-f3d2b34f882d,DIVIDEND_ANNOUNCEMENT
cee20c84-c398-51ef-9f2e-933adf9c4f78,TRMK
cee20c84-c398-51ef-9f2e-933adf9c4f78,DIVIDEND_PAYMENT
2f7a3488-fadf-531a-a60d-5e55eca200c8,TRMK
2f7a3488-fadf-531a-a60d-5e55eca200c8,DIVIDEND_ANNOUNCEMENT
66dd093c-0944-5b41-b5c1-4ce20b3c0498,TRMK
66dd093c-0944-5b41-b5c1-4ce20b3c0498,DIVIDEND_PAYMENT
784b4a70-cd91-5c41-8bb4-413972ce714b,TRMK
784b4a70-cd91-5c41-8bb4-413972ce714b,DIVIDEND_ANNOUNCEMENT
8e1f65d5-5f22-57b2-96d8-636589d034c6,TRMK
8e1f65d5-5f22-57b2-96d8-636589d034c6,DIVIDEND_PAYMENT
fc46cffb-6ba3-54fe-940f-7c4042d0e345,TRMK
fc46cffb-6ba3-54fe-940f-7c4042d0e345,DIVIDEND_ANNOUNCEMENT
c58ff4e6-cc5c-59e5-bc37-2883f4ed57e9,TRMK
c58ff4e6-cc5c-59e5-bc37-2883f4ed57e9,DIVIDEND_PAYMENT
17d21ce5-dd3d-5f79-b412-e8ed6c793031,TRMK
17d21ce5-dd3d-5f79-b412-e8ed6c793031,DIVIDEND_ANNOUNCEMENT
fc1e511a-0473-515c-a94f-13eddd5f8872,TRMK
fc1e511a-0473-515c-a94f-13eddd5f8872,DIVIDEND_PAYMENT
e75e4a2b-8dfb-5037-a4fc-9fc6e97ecc38,TRMK
e75e4a2b-8dfb-5037-a4fc-9fc6e97ecc38,DIVIDEND_ANNOUNCEMENT
935540b5-68fc-5ff6-9f63-9898d98667dd,TRMK
935540b5-68fc-5ff6-9f63-9898d98667dd,DIVIDEND_PAYMENT
8ba942af-474b-599f-832b-a86b9745e78c,TRMK
8ba942af-474b-599f-832b-a86b9745e78c,DIVIDEND_ANNOUNCEMENT
9bedca2a-db91-5974-b466-61806584f72d,TRMK
9bedca2a-db91-5974-b466-61806584f72d,DIVIDEND_PAYMENT
31978612-4cdd-529b-b9f8-0db3cd9d8168,TRMK
31978612-4cdd-529b-b9f8-0db3cd9d8168,DIVIDEND_ANNOUNCEMENT
062da7ce-c5a0-5a0a-98bb-879f58ac4b0b,TRMK
062da7ce-c5a0-5a0a-98bb-879f58ac4b0b,DIVIDEND_PAYMENT
9c8b9443-4f28-5f0d-be22-e01857a90c1a,TRMK
9c8b9443-4f28-5f0d-be22-e01857a90c1a,DIVIDEND_ANNOUNCEMENT
c974b5e5-6abe-5bb3-9370-2ac2c8ee17ed,TRMK
c974b5e5-6abe-5bb3-9370-2ac2c8ee17ed,DIVIDEND_PAYMENT
3480295f-cbd7-5f2e-b1c4-e4aedccd2566,TRMK
3480295f-cbd7-5f2e-b1c4-e4aedccd2566,DIVIDEND_ANNOUNCEMENT
f26c46a1-eb91-5514-a0c1-41259d3cdfa1,TRMK
f26c46a1-eb91-5514-a0c1-41259d3cdfa1,DIVIDEND_PAYMENT
186032c7-911f-5e48-910f-2b25666e0da0,TRMK
186032c7-911f-5e48-910f-2b25666e0da0,DIVIDEND_ANNOUNCEMENT
142ebd8a-324f-5fd7-b08d-cf23df41ca75,TRMK
142ebd8a-324f-5fd7-b08d-cf23df41ca75,DIVIDEND_PAYMENT
b3158c07-ec92-52b5-9171-3c66d292784e,TRMK
b3158c07-ec92-52b5-9171-3c66d292784e,DIVIDEND_ANNOUNCEMENT
83327226-6acb-51a1-a29c-fdff9a3e2d0a,TRMK
83327226-6acb-51a1-a29c-fdff9a3e2d0a,DIVIDEND_PAYMENT
5f729e7e-7e0e-5ca5-992d-291a82e5e747,TRMK
5f729e7e-7e0e-5ca5-992d-291a82e5e747,DIVIDEND_ANNOUNCEMENT
b36cbe47-6bb2-55f1-933c-1fc20b8730ce,TRMK
b36cbe47-6bb2-55f1-933c-1fc20b8730ce,DIVIDEND_PAYMENT
b0bb1d9a-5d0a-5fde-8f99-dc550a55f18b,TRMK
b0bb1d9a-5d0a-5fde-8f99-dc550a55f18b,DIVIDEND_ANNOUNCEMENT
1897d0be-71b6-5416-a31e-343d104d60f7,TRMK
1897d0be-71b6-5416-a31e-343d104d60f7,DIVIDEND_PAYMENT
31c63d0d-2aa5-5300-91bc-1b92e61da405,TRMK
31c63d0d-2aa5-5300-91bc-1b92e61da405,DIVIDEND_ANNOUNCEMENT
2ab6ded0-598d-5dc1-8453-2f65b34470b8,TRMK
2ab6ded0-598d-5dc1-8453-2f65b34470b8,DIVIDEND_PAYMENT
e665a1d1-a6ad-54d2-a1f4-ed475cb1322d,TRMK
e665a1d1-a6ad-54d2-a1f4-ed475cb1322d,DIVIDEND_ANNOUNCEMENT
089e5923-2ed1-590e-a1f9-6abcef9a3ea4,TRMK
089e5923-2ed1-590e-a1f9-6abcef9a3ea4,DIVIDEND_PAYMENT
955e8625-7bb2-5a8c-898a-a01b42578ecc,TRMK
955e8625-7bb2-5a8c-898a-a01b42578ecc,DIVIDEND_ANNOUNCEMENT
fe6aaa29-82cb-50eb-b135-1ed91ec943ac,TRMK
fe6aaa29-82cb-50eb-b135-1ed91ec943ac,DIVIDEND_PAYMENT
c3af6ecd-3882-5c11-a34f-9237f79fe6e5,TRMK
c3af6ecd-3882-5c11-a34f-9237f79fe6e5,DIVIDEND_ANNOUNCEMENT
d2422279-a218-5bed-b207-96315af88ea7,TRMK
d2422279-a218-5bed-b207-96315af88ea7,DIVIDEND_PAYMENT
9187d0af-6653-5a51-a646-7ac9ec89205b,TRMK
9187d0af-6653-5a51-a646-7ac9ec89205b,DIVIDEND_ANNOUNCEMENT
3cd715ec-1f97-534c-a180-e707a0fa494f,TRMK
3cd715ec-1f97-534c-a180-e707a0fa494f,DIVIDEND_PAYMENT
9a7bf5b5-821e-5ae4-8b40-17ff51bb0e5b,TRMK
9a7bf5b5-821e-5ae4-8b40-17ff51bb0e5b,DIVIDEND_ANNOUNCEMENT
48d1ce45-804b-5915-bc9e-23e04f8a24f9,TRMK
48d1ce45-804b-5915-bc9e-23e04f8a24f9,DIVIDEND_PAYMENT
ee974fe6-d4f3-545f-9f15-6a5ff330129c,TRMK
ee974fe6-d4f3-545f-9f15-6a5ff330129c,DIVIDEND_ANNOUNCEMENT
d20d4f20-3623-5c25-b69a-bfd23c4706f3,TRMK
d20d4f20-3623-5c25-b69a-bfd23c4706f3,DIVIDEND_PAYMENT
830c6a64-b17d-5a77-abe6-a182dff2ceba,TRMK
830c6a64-b17d-5a77-abe6-a182dff2ceba,DIVIDEND_ANNOUNCEMENT
acba3ec4-ecff-5bc8-8b38-9dc2ec983cdc,TRMK
acba3ec4-ecff-5bc8-8b38-9dc2ec983cdc,DIVIDEND_PAYMENT
5901b87a-8a52-5e09-be4e-986d9245fed7,TRMK
5901b87a-8a52-5e09-be4e-986d9245fed7,DIVIDEND_ANNOUNCEMENT
89eb3343-3e9b-51f2-b534-b1f39b7654c5,TRMK
89eb3343-3e9b-51f2-b534-b1f39b7654c5,DIVIDEND_PAYMENT
b3ff1499-fec6-5cef-a3ff-00058af75b0e,TRNFP
b3ff1499-fec6-5cef-a3ff-00058af75b0e,DIVIDEND_ANNOUNCEMENT
b5f7dc46-2865-594d-8058-137c68eef882,TRNFP
b5f7dc46-2865-594d-8058-137c68eef882,DIVIDEND_PAYMENT
ea2ba78b-31f3-59fb-ad3a-2021aef77209,TRNFP
ea2ba78b-31f3-59fb-ad3a-2021aef77209,DIVIDEND_ANNOUNCEMENT
fb1017d6-9ed6-5983-9aee-2d3cc4bc1ced,TRNFP
fb1017d6-9ed6-5983-9aee-2d3cc4bc1ced,DIVIDEND_PAYMENT
fd69f184-98dc-5b5c-b73a-6cf8d58b4e56,TRNFP
fd69f184-98dc-5b5c-b73a-6cf8d58b4e56,DIVIDEND_ANNOUNCEMENT
50279602-89f1-5888-8539-fe8433998f5b,TRNFP
50279602-89f1-5888-8539-fe8433998f5b,DIVIDEND_PAYMENT
90e13cea-7b47-5161-a464-e3987b7a90e1,TRNFP
90e13cea-7b47-5161-a464-e3987b7a90e1,DIVIDEND_ANNOUNCEMENT
1038483e-52ab-520d-9741-2ab77cb13c3a,TRNFP
1038483e-52ab-520d-9741-2ab77cb13c3a,DIVIDEND_PAYMENT
4d9a545e-0eef-57fa-a1fc-0e33aef0cf3c,TRNFP
4d9a545e-0eef-57fa-a1fc-0e33aef0cf3c,DIVIDEND_ANNOUNCEMENT
da08d6a1-af39-51c1-be0e-809587c9df19,TRNFP
da08d6a1-af39-51c1-be0e-809587c9df19,DIVIDEND_PAYMENT
834b30b8-d41b-564e-9c49-7bf23dacf567,TRNFP
834b30b8-d41b-564e-9c49-7bf23dacf567,DIVIDEND_ANNOUNCEMENT
f6449064-03af-53ae-bf52-acf69ed2ed2b,TRNFP
f6449064-03af-53ae-bf52-acf69ed2ed2b,DIVIDEND_PAYMENT
7dc7a2de-e97e-5d1a-92f0-6af91300c589,TRNFP
7dc7a2de-e97e-5d1a-92f0-6af91300c589,DIVIDEND_ANNOUNCEMENT
42fd461e-d696-5555-9142-f2b152fdfe7f,TRNFP
42fd461e-d696-5555-9142-f2b152fdfe7f,DIVIDEND_PAYMENT
4ff9c224-29af-57d8-a881-3380855f617a,TRNFP
4ff9c224-29af-57d8-a881-3380855f617a,DIVIDEND_ANNOUNCEMENT
e6e3876d-3714-5d1d-b6d7-96ab6c06b02a,TRNFP
e6e3876d-3714-5d1d-b6d7-96ab6c06b02a,DIVIDEND_PAYMENT
3970641e-2a94-5473-9ec7-23b851cfa9c9,TRNFP
3970641e-2a94-5473-9ec7-23b851cfa9c9,DIVIDEND_ANNOUNCEMENT
f7d35377-736d-51ec-a8ac-f4c24cbe4db1,TRNFP
f7d35377-736d-51ec-a8ac-f4c24cbe4db1,DIVIDEND_PAYMENT
28364b08-b6b1-5d6f-b4e1-d8fb8602ff7d,TRNFP
28364b08-b6b1-5d6f-b4e1-d8fb8602ff7d,DIVIDEND_ANNOUNCEMENT
8d25adcc-7d76-52cf-be7b-f0535f15c979,TRNFP
8d25adcc-7d76-52cf-be7b-f0535f15c979,DIVIDEND_PAYMENT
56e8f13a-54bd-5c8c-824b-653ce7ad2d8e,TRNFP
56e8f13a-54bd-5c8c-824b-653ce7ad2d8e,DIVIDEND_ANNOUNCEMENT
805d8693-6eb5-55e3-9d5b-3edbb51f03b5,TRNFP
805d8693-6eb5-55e3-9d5b-3edbb51f03b5,DIVIDEND_PAYMENT
a41aefb5-fd9c-5ea3-a12f-3c17e09b2bb0,TRNFP
a41aefb5-fd9c-5ea3-a12f-3c17e09b2bb0,DIVIDEND_ANNOUNCEMENT
38b43aec-65be-5a3e-8745-0b49ce6bef5a,TRNFP
38b43aec-65be-5a3e-8745-0b49ce6bef5a,DIVIDEND_PAYMENT
5709c040-0496-5d26-87cb-1a22b1090dce,TRNFP
5709c040-0496-5d26-87cb-1a22b1090dce,DIVIDEND_ANNOUNCEMENT
626247e2-8519-576d-8574-8c1f0b461020,TRNFP
626247e2-8519-576d-8574-8c1f0b461020,DIVIDEND_PAYMENT
a4fd67c2-04cf-5de5-8280-f5251b375f0d,TRNFP
a4fd67c2-04cf-5de5-8280-f5251b375f0d,DIVIDEND_ANNOUNCEMENT
cb282816-2ff8-5743-b618-0e857119aed9,TRNFP
cb282816-2ff8-5743-b618-0e857119aed9,DIVIDEND_PAYMENT
202a7e3d-d50b-5ef1-9389-6a7f98e54dde,TRNFP
202a7e3d-d50b-5ef1-9389-6a7f98e54dde,DIVIDEND_ANNOUNCEMENT
e8a6a319-06b4-5465-9fc6-b3396112eedb,TRNFP
e8a6a319-06b4-5465-9fc6-b3396112eedb,DIVIDEND_PAYMENT
5a383b30-0a52-5e1c-ab3a-0877eed8fae0,TRNFP
5a383b30-0a52-5e1c-ab3a-0877eed8fae0,DIVIDEND_ANNOUNCEMENT
296666bc-e541-5a7b-aab8-82b880f747d9,TRNFP
296666bc-e541-5a7b-aab8-82b880f747d9,DIVIDEND_PAYMENT
d0178a89-08ca-5115-948a-22fd6e968ebd,TRNFP
d0178a89-08ca-5115-948a-22fd6e968ebd,DIVIDEND_ANNOUNCEMENT
89e91b3f-5701-5a99-b635-18b99857c5d5,TRNFP
89e91b3f-5701-5a99-b635-18b99857c5d5,DIVIDEND_PAYMENT
e7cb6443-71ec-567c-ba30-e7a756b9ddde,TRNFP
e7cb6443-71ec-567c-ba30-e7a756b9ddde,DIVIDEND_ANNOUNCEMENT
90c717c7-a9a8-54d4-a8f0-527fe6c8cef2,TRNFP
90c717c7-a9a8-54d4-a8f0-527fe6c8cef2,DIVIDEND_PAYMENT
6db331f7-dcbe-599a-850b-b08698ee6279,TRNFP
6db331f7-dcbe-599a-850b-b08698ee6279,DIVIDEND_ANNOUNCEMENT
7717f54f-8984-595c-a719-beaa8411e98e,TRNFP
7717f54f-8984-595c-a719-beaa8411e98e,DIVIDEND_PAYMENT
49b19150-4d61-5089-9590-f71a63e8c133,TRNFP
49b19150-4d61-5089-9590-f71a63e8c133,DIVIDEND_ANNOUNCEMENT
185eb536-16c8-56cb-b798-1ed506ed12df,TRNFP
185eb536-16c8-56cb-b798-1ed506ed12df,DIVIDEND_PAYMENT
ace62f60-db64-5a68-8c8e-40cf103ee497,TRNFP
ace62f60-db64-5a68-8c8e-40cf103ee497,DIVIDEND_ANNOUNCEMENT
f606dc19-bd67-54a6-aef4-798ba070a9e1,TRNFP
f606dc19-bd67-54a6-aef4-798ba070a9e1,DIVIDEND_PAYMENT
4195f909-5803-5ae7-aae4-745138b2cdc2,TRNFP
4195f909-5803-5ae7-aae4-745138b2cdc2,DIVIDEND_ANNOUNCEMENT
45e9fda6-9403-5ef2-b8d9-172482ca8f3b,TRNFP
45e9fda6-9403-5ef2-b8d9-172482ca8f3b,DIVIDEND_PAYMENT
e188a7e2-4d98-5169-b1b7-aa412bf56e08,TRNFP
e188a7e2-4d98-5169-b1b7-aa412bf56e08,DIVIDEND_ANNOUNCEMENT
4fab0aee-4c6e-5a3b-a87f-bb5c87223ac6,TRNFP
4fab0aee-4c6e-5a3b-a87f-bb5c87223ac6,DIVIDEND_PAYMENT
726f46f1-dbd5-5e39-9630-c2f49e3419fa,TRNFP
726f46f1-dbd5-5e39-9630-c2f49e3419fa,DIVIDEND_ANNOUNCEMENT
e82eb8df-07e1-5e2e-b027-9769c64a545d,TRNFP
e82eb8df-07e1-5e2e-b027-9769c64a545d,DIVIDEND_PAYMENT
e030c402-bf51-5554-a4c3-4f4a33c2c7c7,TRNFP
e030c402-bf51-5554-a4c3-4f4a33c2c7c7,DIVIDEND_ANNOUNCEMENT
92307879-7f56-59a6-9c55-d3e3cb5b86e2,TRNFP
92307879-7f56-59a6-9c55-d3e3cb5b86e2,DIVIDEND_PAYMENT
848f0aff-b4ce-52c3-9872-c5c817c06d46,UPRO
848f0aff-b4ce-52c3-9872-c5c817c06d46,DIVIDEND_ANNOUNCEMENT
2ae4e8b3-ee87-5e83-8bfe-192eeb0662e6,UPRO
2ae4e8b3-ee87-5e83-8bfe-192eeb0662e6,DIVIDEND_PAYMENT
d9aa3bf5-1535-532b-9a5d-b5e115181456,UPRO
d9aa3bf5-1535-532b-9a5d-b5e115181456,DIVIDEND_ANNOUNCEMENT
9282d6d0-d830-5c58-9646-da8563a5c8fb,UPRO
9282d6d0-d830-5c58-9646-da8563a5c8fb,DIVIDEND_PAYMENT
b3ed19c5-f0ec-5009-bfee-3173b850a4a4,UPRO
b3ed19c5-f0ec-5009-bfee-3173b850a4a4,DIVIDEND_ANNOUNCEMENT
a2b4c760-69c2-5505-a7d0-e014d3defcc9,UPRO
a2b4c760-69c2-5505-a7d0-e014d3defcc9,DIVIDEND_PAYMENT
9ead7806-4f09-5e53-b36b-758597b7faa9,UPRO
9ead7806-4f09-5e53-b36b-758597b7faa9,DIVIDEND_ANNOUNCEMENT
9e5bdcb5-7aa1-56eb-a35f-3dd44708578a,UPRO
9e5bdcb5-7aa1-56eb-a35f-3dd44708578a,DIVIDEND_PAYMENT
6367c79b-74b7-5d66-9c1e-e4bad34fac8b,UPRO
6367c79b-74b7-5d66-9c1e-e4bad34fac8b,DIVIDEND_ANNOUNCEMENT
17283df5-069c-5a9a-b5a3-af9d6669bf8e,UPRO
17283df5-069c-5a9a-b5a3-af9d6669bf8e,DIVIDEND_PAYMENT
d6d487d1-de96-5c39-a4ca-62a57d6ca834,UPRO
d6d487d1-de96-5c39-a4ca-62a57d6ca834,DIVIDEND_ANNOUNCEMENT
0bd51b5b-c283-570d-83d1-1a5c19376a9d,UPRO
0bd51b5b-c283-570d-83d1-1a5c19376a9d,DIVIDEND_PAYMENT
2c87e56e-1ff7-58a1-981f-6df291ffc322,UPRO
2c87e56e-1ff7-58a1-981f-6df291ffc322,DIVIDEND_ANNOUNCEMENT
e4111ebc-2f91-53ee-90a1-ee87b24a4597,UPRO
e4111ebc-2f91-53ee-90a1-ee87b24a4597,DIVIDEND_PAYMENT
01ac3f99-cddb-5a34-89ab-db469727d0f9,UPRO
01ac3f99-cddb-5a34-89ab-db469727d0f9,DIVIDEND_ANNOUNCEMENT
e3ede633-2d78-525f-bff0-75c9f657b2d9,UPRO
e3ede633-2d78-525f-bff0-75c9f657b2d9,DIVIDEND_PAYMENT
9ae7f175-71f2-5d95-b0cb-568ff95764a5,UPRO
9ae7f175-71f2-5d95-b0cb-568ff95764a5,DIVIDEND_ANNOUNCEMENT
4a518576-03b5-5855-8da1-952e5a438c63,UPRO
4a518576-03b5-5855-8da1-952e5a438c63,DIVIDEND_PAYMENT
d8b4e9a1-0121-5af8-82c6-48c09179573c,UPRO
d8b4e9a1-0121-5af8-82c6-48c09179573c,DIVIDEND_ANNOUNCEMENT
c2f2f850-3f02-5647-bc0b-7a9941f9fe69,UPRO
c2f2f850-3f02-5647-bc0b-7a9941f9fe69,DIVIDEND_PAYMENT
bf654706-bd6b-5090-9f1d-4e1f98d1e002,UPRO
bf654706-bd6b-5090-9f1d-4e1f98d1e002,DIVIDEND_ANNOUNCEMENT
36ebec09-f3fe-5066-9f5c-3161bce7f112,UPRO
36ebec09-f3fe-5066-9f5c-3161bce7f112,DIVIDEND_PAYMENT
5782698c-9268-51f4-b937-205539aec5a4,UPRO
5782698c-9268-51f4-b937-205539aec5a4,DIVIDEND_ANNOUNCEMENT
37899edf-7bb3-5adb-aa51-ac0e9f0be89c,UPRO
37899edf-7bb3-5adb-aa51-ac0e9f0be89c,DIVIDEND_PAYMENT
03fe9752-aa45-5209-966e-c7739dbc1b42,UPRO
03fe9752-aa45-5209-966e-c7739dbc1b42,DIVIDEND_ANNOUNCEMENT
e986ff40-3cd5-5de8-a17b-97919ccaac42,UPRO
e986ff40-3cd5-5de8-a17b-97919ccaac42,DIVIDEND_PAYMENT
24ee7e60-0e21-537c-975b-b88a7ed17ddb,UPRO
24ee7e60-0e21-537c-975b-b88a7ed17ddb,DIVIDEND_ANNOUNCEMENT
b3947858-74f3-5ab4-8f3c-09d16e5059da,UPRO
b3947858-74f3-5ab4-8f3c-09d16e5059da,DIVIDEND_PAYMENT
4a812b50-4f9b-582e-8898-e360a77b9afd,UPRO
4a812b50-4f9b-582e-8898-e360a77b9afd,DIVIDEND_ANNOUNCEMENT
59aeac87-f0fc-5728-bed5-9f9cbbdde1cf,UPRO
59aeac87-f0fc-5728-bed5-9f9cbbdde1cf,DIVIDEND_PAYMENT
4e1565d4-dd42-564a-b6eb-018232c39825,UPRO
4e1565d4-dd42-564a-b6eb-018232c39825,DIVIDEND_ANNOUNCEMENT
db8a4829-4a30-54ac-996d-a084c89da91a,UPRO
db8a4829-4a30-54ac-996d-a084c89da91a,DIVIDEND_PAYMENT
a46b49bf-8f1f-572d-b2bb-4f8265a97155,VTBR
a46b49bf-8f1f-572d-b2bb-4f8265a97155,DIVIDEND_ANNOUNCEMENT
ceebe3b6-9832-540d-bb03-71807e0c146a,VTBR
ceebe3b6-9832-540d-bb03-71807e0c146a,DIVIDEND_PAYMENT
b2230407-17ff-5afe-90c9-975d9f364319,VTBR
b2230407-17ff-5afe-90c9-975d9f364319,DIVIDEND_ANNOUNCEMENT
3f3dac71-5f00-53ed-808f-6e85eed2fd0b,VTBR
3f3dac71-5f00-53ed-808f-6e85eed2fd0b,DIVIDEND_PAYMENT
fd7bfb7e-5144-5fca-a5ae-9052a8174d5e,VTBR
fd7bfb7e-5144-5fca-a5ae-9052a8174d5e,DIVIDEND_ANNOUNCEMENT
f761c79f-ade7-5da1-a509-6e5f28e4e4cc,VTBR
f761c79f-ade7-5da1-a509-6e5f28e4e4cc,DIVIDEND_PAYMENT
0edc889e-aaa8-5c90-bd8f-889bd37be926,VTBR
0edc889e-aaa8-5c90-bd8f-889bd37be926,DIVIDEND_ANNOUNCEMENT
9aded799-1731-5dfa-bd60-ebb3b020adf6,VTBR
9aded799-1731-5dfa-bd60-ebb3b020adf6,DIVIDEND_PAYMENT
eddd0b6a-3c7e-5d8e-8eef-1f3d6ba8bc85,VTBR
eddd0b6a-3c7e-5d8e-8eef-1f3d6ba8bc85,DIVIDEND_ANNOUNCEMENT
36c7dd14-a39d-5d6f-8342-625bdd1946e4,VTBR
36c7dd14-a39d-5d6f-8342-625bdd1946e4,DIVIDEND_PAYMENT
f5bfc4eb-a75e-5ef1-a98c-8448317cbb35,VTBR
f5bfc4eb-a75e-5ef1-a98c-8448317cbb35,DIVIDEND_ANNOUNCEMENT
4d3e0532-f729-5568-9773-95344b7693cc,VTBR
4d3e0532-f729-5568-9773-95344b7693cc,DIVIDEND_PAYMENT
55fbac55-8c61-5b7b-82c4-8e0c6daa441b,VTBR
55fbac55-8c61-5b7b-82c4-8e0c6daa441b,DIVIDEND_ANNOUNCEMENT
490cea0e-d301-51db-b4f3-b813a9569b1b,VTBR
490cea0e-d301-51db-b4f3-b813a9569b1b,DIVIDEND_PAYMENT
49738647-a2ae-580e-b846-d4834e4b32a8,VTBR
49738647-a2ae-580e-b846-d4834e4b32a8,DIVIDEND_ANNOUNCEMENT
ca642c70-8301-5d1a-90d4-b60a35645d71,VTBR
ca642c70-8301-5d1a-90d4-b60a35645d71,DIVIDEND_PAYMENT
26b861dd-b738-56e0-8f48-97a234abc5c4,VTBR
26b861dd-b738-56e0-8f48-97a234abc5c4,DIVIDEND_ANNOUNCEMENT
6e80f636-0c9d-5882-b5c9-6d23678e9c36,VTBR
6e80f636-0c9d-5882-b5c9-6d23678e9c36,DIVIDEND_PAYMENT
785ad25b-6250-5d26-b666-58a20792f1fd,VTBR
785ad25b-6250-5d26-b666-58a20792f1fd,DIVIDEND_ANNOUNCEMENT
847a064a-06cf-5dd9-a239-fdf06fc17613,VTBR
847a064a-06cf-5dd9-a239-fdf06fc17613,DIVIDEND_PAYMENT
cc4a6fe3-bb2c-58d8-86ed-0f6dadfa207b,VTBR
cc4a6fe3-bb2c-58d8-86ed-0f6dadfa207b,DIVIDEND_ANNOUNCEMENT
c320dc88-b769-5033-894e-ac34507fcfee,VTBR
c320dc88-b769-5033-894e-ac34507fcfee,DIVIDEND_PAYMENT
37f327b5-0aa7-568c-9770-ed0281a49b0f,VTBR
37f327b5-0aa7-568c-9770-ed0281a49b0f,DIVIDEND_ANNOUNCEMENT
840e4fac-710d-53ba-93cb-eb8474ad0ba0,VTBR
840e4fac-710d-53ba-93cb-eb8474ad0ba0,DIVIDEND_PAYMENT
ab5cceee-9055-50c1-a5fe-19dd2f4b4132,VTBR
ab5cceee-9055-50c1-a5fe-19dd2f4b4132,DIVIDEND_ANNOUNCEMENT
eb2afded-de36-57df-9617-03570147df97,VTBR
eb2afded-de36-57df-9617-03570147df97,DIVIDEND_PAYMENT
a89818c8-0c63-58dd-a966-45be27fc7b44,VTBR
a89818c8-0c63-58dd-a966-45be27fc7b44,DIVIDEND_ANNOUNCEMENT
f50193ab-8182-5190-9834-7d62084efef9,VTBR
f50193ab-8182-5190-9834-7d62084efef9,DIVIDEND_PAYMENT
b3623c2b-ead6-58f2-8664-c1f95258dbb5,VTBR
b3623c2b-ead6-58f2-8664-c1f95258dbb5,DIVIDEND_ANNOUNCEMENT
b5466382-b484-552a-b009-25c2975e9dfc,VTBR
b5466382-b484-552a-b009-25c2975e9dfc,DIVIDEND_PAYMENT
97e71cc1-e383-583d-a280-bce6887bf039,VTBR
97e71cc1-e383-583d-a280-bce6887bf039,DIVIDEND_ANNOUNCEMENT
94278a15-17d6-5a60-b69c-694b1caf9ce5,VTBR
94278a15-17d6-5a60-b69c-694b1caf9ce5,DIVIDEND_PAYMENT
acb7437a-0d7f-5b2e-ac2e-a02f79c0bb96,YDEX
acb7437a-0d7f-5b2e-ac2e-a02f79c0bb96,DIVIDEND_ANNOUNCEMENT
be8fa8fd-35f7-514c-a542-12eead3e6842,YDEX
be8fa8fd-35f7-514c-a542-12eead3e6842,DIVIDEND_PAYMENT
9f6d1bcd-896c-5a43-a4d1-fa5bc2952bae,YDEX
9f6d1bcd-896c-5a43-a4d1-fa5bc2952bae,DIVIDEND_ANNOUNCEMENT
65804d16-0006-5002-b1cb-8e8d3c17884d,YDEX
65804d16-0006-5002-b1cb-8e8d3c17884d,DIVIDEND_PAYMENT
a333411d-6758-5ce9-b27a-f945ee028654,YDEX
a333411d-6758-5ce9-b27a-f945ee028654,DIVIDEND_ANNOUNCEMENT
9e0ff522-34e8-58aa-8866-da6ec0d7e456,YDEX
9e0ff522-34e8-58aa-8866-da6ec0d7e456,DIVIDEND_PAYMENT
