id,date_start,date_end,event
00dc6acf-fc00-4055-bec0-76cdfa15ddf6,2000-01-01,,Деноминация белорусского рубля;
00dc6acf-fc00-4122-ab64-cdc14edaf980,2000-01-01,,"В связи с «проблемой-2000», в Иране объявлен нерабочий день;"
00dc6acf-fc00-4865-87e5-ed4168d72a97,2000-01-01,,"Вступление в силу закона в Великобритании, согласно которому вес всех продуктов, имеющихся в продаже, обозначается в метрической системе, а не в традиционных для страны унциях и фунтах."
00dc6ff6-7800-43ae-ac8e-b2b8989debc2,2000-01-02,,"крушение украинского сухогруза типа «река-море» «Тикси» (порт приписки Николаев, под флагом Камбоджи) с грузом зерна на борту на траверсе мыса Джубга около Туапсе. Во время шторма судно разломилось пополам, экипажу удалось высадиться на плоты. Один человек погиб."
00dc751c-7400-4aa0-a97f-4141d66267a2,2000-01-03,,"Обстрел из гранатомёта территории российского посольства в Ливане, Бейрут;"
00dc751c-7400-4d1d-b6e6-3425e78b75e3,2000-01-03,,"Победа коалиции социал-демократов-социал-либералов, вместе с блоком из четырёх других партий (во главе с Крестьянской партией) на парламентских выборах в Хорватии, набравших две трети голосов в парламенте, что в дальнейшем позволило изменить конституцию и превратить республику из полу-президентской в парламентскую."
00dc8edc-7000-4181-9a2a-ecfd8574f667,2000-01-08,,первая Рождественская литургия в Храме Христа Спасителя. Литургию отслужил Патриарх Московский и всея Руси Алексий II.
00dc9402-fc00-4d01-83c6-63d8c9bf5e81,2000-01-09,,"Переизбрание Ислама Каримова президентом Республики Узбекистан (91,9 % голосов избирателей);"
00dc9402-fc00-452f-a5a0-b00546efbeb8,2000-01-09,,"Проведение в трёх субъектах России повторных выборов глав регионов. Губернатором Московской области избран генерал Борис Громов («Отечество»)(48 %); губернатором Тверской области переизбран Владимир Платов («Единство»)(46,5 %); губернатором Новосибирской области избран мэр Новосибирска Виктор Толоконский (44,3 %);"
00dc9402-fc00-4264-bcdb-2e7e46d26d75,2000-01-09,,"Вторая чеченская война: прорыв боевиков в Шали и Аргун. Контроль федеральных сил над Шали был восстановлен 11 января, над Аргуном — 13 января."
00dc9928-f800-46b1-9b34-d41a1cd4f3f8,2000-01-10,,Крушение авиалайнера «Saab 340» авиакомпании «Crossair» у деревни Нассенвиль в Нидерхасли (Швейцария). Погибли все находившиеся на его борту 10 человек — 7 пассажиров и 3 члена экипажа;
00dc9928-f800-4fe5-9cf5-9c1c37f0d35d,2000-01-10,,"Демонстрация более 100 000 израильтян против возвращения Голанских высот в Тель-Авиве, Сирия;"
00dc9928-f800-41a0-9a59-fadb935b126b,2000-01-10,,Объявление компаний «AOL» и «Time Warner» о планах слияния с компанией «AOL Time Warner».
00dca89b-fc00-4127-8019-d50f4cddeae0,2000-01-13,,вынесение приговора членам одной из самых жестоких ОПГ новейшей криминальной истории России — «Слоновской ОПГ».
00dcadc2-7800-4028-ab7e-5be95d207620,2000-01-14,,на пост президента Гватемалы назначен Альфонсо Портильо Кабрера.
00dcb2e8-f400-4988-a96e-f5e13e9a94a6,2000-01-15,,"убийство сербского военного и политического деятеля, участника Югославских войн Желько Ражнатовича в холле белградского отеля «Интерконтиненталь»."
00dcb80f-7000-43d2-9c6c-41c99958a668,2000-01-16,,Первый тур президентских выборов в Финляндии;
00dcb80f-7000-4932-af46-bfff753e95b1,2000-01-16,,Во 2-м туре президентских выборов в Чили избран кандидат от Коалиции партий за демократию Рикардо Лагос (51 % голосов избирателей).
00dcbd35-7c00-4237-a490-e18917975a22,2000-01-17,,лидер афганского движения «Талибан» мулла Мухаммед Омар сообщил о признании Чечни независимым государством. Это стало первым и единственным признанием суверенитета Чечни.
00dcc25b-f800-4410-a5f0-312d5c0678b4,2000-01-18,,"в 8:43 жители канадской территории Юкон, части Аляски и Северо-Западных территорий видели вхождение в атмосферу Земли метеорита массой более 150 тонн и диаметром около 5 метров. Его обломки упали в районе озера Тагиш и были разбросаны на территории длиной 16 км и шириной 3 км. Позже было собрано около пятисот осколков метеорита. Изучением метеорита занимались учёные университета Калгари, университета Западного Онтарио и NASA (по своему составу он относится к H-хондритам)."
00dcdeae-f200-4181-9be2-c8e797482e4d,2000-01-20,2000-01-27,проведение в Таджикистане переписи населения.
00dcd1ce-fc00-443d-b1b4-526ebe8f3933,2000-01-21,,"начало народных волнений в Эквадоре, перешедших в военный переворот и свержение президента Хамиля Мауада. 22 января вице-президент Густаво Нобоа Бехарано был приведён к президентской присяге."
00dcee21-f600-4fb6-9841-b0302d6cfece,2000-01-21,2000-02-01,"раскол Верховной Рады Украины, при котором большинство (255 депутатов) переходят в группу «Украинский дом», избрание председателем Верховной Рады Украины Ивана Плюща."
00dce141-f000-42f1-8302-e85bed7c6e6b,2000-01-24,,"Победа в первом туре Степана Месича на президентских выборах в Хорватии (56,01 %);"
00dce141-f000-4e72-9e3c-5299bb033f64,2000-01-24,,Захват больницы в западном Таиланде десятью бирманскими мятежниками из движения «Армия Бога» (до 2000 заложников). На следующий день силы безопасности Таиланда взяли больницу штурмом.
00dce141-f000-4127-bf3c-a838dc908a2f,2000-01-24,,В ночь с 25 на 26 января — крушение поезда на Веребьинском обходе главного хода Октябрьской железной дороги в результате столкновения пассажирского поезда с грузовым.
00dceb8e-f800-4ba2-8d61-f9252f5fc341,2000-01-26,,"вступление в силу Договора о создании Союзного государства, подписанного президентами Российской Федерации и Беларуси 8 декабря 1999 года. Первое заседание Высшего Государственного совета Союзного государства в Москве."
00dcf0b5-7400-4b66-9751-e44841c226ad,2000-01-27,,назначение Ивицы Рачана новым премьер-министром Хорватии.
00dd0028-7800-4acb-860a-237f25ab074f,2000-01-30,,"Катастрофа A310 под Абиджаном, погибло 169 человек;"
00dd0028-7800-4d88-8f65-514933d7af66,2000-01-30,,"Выброс в Дунай более 100 тыс. кубометров тяжёлых металлов на заводе румыно-австралийской компании «Аурул». В результате аварии было выловлено более 100 тонн мёртвой рыбы, а катастрофу окрестили «вторым Чернобылем»."
00dd054e-7400-4585-92c1-4de7e1b57cff,2000-01-31,,"падение авиалайнера «McDonnell Douglas MD-83» авиакомпании «Alaska Airlines» рейса AS 261 по маршруту Пуэрто-Вальярта—Сан-Франциско—Сиэтл при подлёте к Сан-Франциско в 4,5 километрах от побережья острова Анакапа (Калифорния). Погибли все находившиеся на его борту 88 человек — 83 пассажира и 5 членов экипажа."
00dd2434-fc00-4eec-9109-59e5ce8cbca6,2000-02-06,,"Штурм Национального автономного университета Мексики полицией и арест более 600 студентов, забаррикадировавшихся там после девяти месяцев противостояния, возникшего из-за решения руководства университета поднять плату за обучение. Пострадавших нет;"
00dd2434-fc00-46e2-8d70-9479c2c84b32,2000-02-06,,"Избрание во втором туре президентских выборов в Финляндии президентом социал-демократа Тарья Халонен (51,6 % голосов);"
00dd2434-fc00-4752-b395-f4ac9aec4b22,2000-02-06,,Вторая чеченская война: Взятие Грозного российской армией. Объявление исполняющего обязанности Президента РФ Владимира Путина о завершении операции по освобождению Грозного;
00dd2434-fc00-4129-b743-d3889f1fe447,2000-02-06,,"Железнодорожная авария ночного экспресса Амстердам-Базель под Кёльном. 9 погибших, 149 раненых."
00dd295a-f800-46f0-bb9b-02c7f7099f81,2000-02-07,,"Взрыв трёх зарядов (каждый мощностью около 400 граммов тротила) в центре Душанбе (Таджикистан) недалеко от здания государственного налогового комитета, между гостиницей «Авесто» (где размещается российское посольство) и культурным центром Кохи Вахдат, а также у жилого многоэтажного дома в центре города;"
00dd295a-f800-4440-bf6f-37f89c618fe5,2000-02-07,,Убийство министра обороны Союзной Республики Югославии Павле Булатовича в ресторане футбольного клуба «Рад» в Белграде. Стрелявший находился вблизи футбольного стадиона;
00dd295a-f800-4b5a-baa0-811eabc76b99,2000-02-07,,"Победа Степана Месича во втором туре президентских выборов в Хорватии (56,01 % голосов)."
00dd2e81-7400-4598-bf78-13ef55117cfc,2000-02-08,,Взрыв жилого дома по улице Артёмовской в Хабаровске. Погибло 13 человек
00dd2e81-7400-4d31-a484-afe0bff1db54,2000-02-08,,Победа Константиноса Стефанопулоса на президентских выборах в Греции.
00dd3df4-7800-4ec5-a4db-50a78c231e73,2000-02-11,,"97-й старт «STS-99» по программе «Спейс шаттл». 14-й полёт шаттла «Индевор». Экипаж — Кевин Крегель, Доминик Гори, Герхард Тиле (Германия), Джанет Каванди, Дженис Восс, Мамору Мори (Япония). Основная задача полёта — радиолокационная топографическая."
00dd45ad-f200-47cf-ac45-1ba2d9c1f79d,2000-02-12,2000-02-13,"в Зимбабве граждане на референдуме отказываются от представленной правительством новой конституции, которая дала бы президенту Мугабе возможность выставлять свою кандидатуру на 2 следующих срока и давал правительству право забирать без всякой компенсации фермы у белых фермеров и передавать их чёрным фермерам в рамках земельной реформы."
00dd4841-7000-4d2a-a354-29f8a5aca7a6,2000-02-13,,образование серьёзных торнадо и гроз на юго-западе штата Джорджия (США). Минимум 22 погибших и 100 раненых.
00dd57b4-7400-4aec-ae75-1f8f291040af,2000-02-16,,"крушение грузового самолёта «Douglas DC-8-71F» компании «Emery Worldwide» вблизи Ранчо-Кордова (Калифорния, США). Погибло 3 человека."
00dd6200-fc00-4261-8c45-a54ad8775fbd,2000-02-16,2000-02-20,проведение зимних Игр Доброй воли в Лейк-Плэсиде.
00dd5cda-f000-4628-8539-8559763f984f,2000-02-17,,выход «Microsoft Windows 2000».
00dd6200-fc00-4995-a2b2-3c80fa546802,2000-02-18,,Назначение Владимира Ермошина премьер-министром Республики Беларусь.
00dd6200-fc00-4606-a203-5b8816ed393c,2000-02-18,,В первом туре парламентских выборов в Иране большой перевес в парламенте получают сторонники президента Мохаммада Хатами.
00dd6c4d-f400-45ee-a988-eae08e5f7413,2000-02-20,,проведение первого тура парламентских выборов в Кыргызстане.
00dd769a-7c00-4913-9488-14b7a950beab,2000-02-22,,Отмена смертной казни на Украине;
00dd769a-7c00-42c4-a5b5-ee020d2767d6,2000-02-22,,Открытие Центра культурных связей с Россией в Туркменском государственном университете имени Махтумкули.
00dd88a0-fe00-4973-9d48-9f6fc56f4550,2000-02-22,2000-02-29,"Вторая чеченская война: Сражение за Шатой: Взятие федеральными войсками Шатой. А. Масхадов, Хаттаб и Ш. Басаев снова ушли из окружения. Первый заместитель командующего объединённой группировкой федеральных сил генерал-полковник Геннадий Трошев объявил об окончании полномасштабной войсковой операции в Чечне."
00dd7bc0-f800-49c7-8cc4-17d7e6443358,2000-02-23,,нападение на генконсульство РФ в Познани (Польша).
00dd860d-7000-4b7a-b499-6e6f7d15d7c8,2000-02-25,,убийство Виктории Климби в Лондоне. Восьмилетняя ивуарийская девочка подверглась пыткам и была убита собственными опекунами. Публичное расследование её смерти стало поводом для серьёзных изменений в политике по защите детей в Великобритании.
00dd905a-7800-49a3-9de8-7b67e254f110,2000-02-27,,проведение первого тура парламентских выборов в Таджикистане.
00dd9d3a-7e00-4661-ba10-c8d5e6bc7803,2000-02-29,2000-03-01,Вторая чеченская война: гибель 6-й роты 2-го батальона 104-го парашютно-десантного полка 76-й дивизии ВДВ в бою за высоту 776.
00dd528d-f800-49d7-8ab0-521ebe8936e2,2000-02-01,2000-02-29,"возникновение сильных наводнений, вызванных проливными дождями, в Мозамбике. Погибло более 700 человек."
00dd9fcd-7c00-4135-8994-6765bf71ed21,2000-03-01,,Вступление Хорхе Батлье Ибаньес на пост президента Уругвая;
00dd9fcd-7c00-4dd5-a3ba-0bf89e88b882,2000-03-01,,Вступление в силу новой Конституции Финляндии.
00dda4f3-f800-4850-86db-2ff1ec0c1780,2000-03-02,,Вторая чеченская война: большие потери Сергиево-Посадского ОМОНа (22 убито и более 30 ранено) в результате «дружественного огня».
00ddaf40-7000-4041-8451-1b2c03ae48fb,2000-03-04,,"Sony выпустила игровую приставку 6-го поколения «PlayStation 2», ставшую наиболее быстро продаваемой и самой популярной игровой консолью в истории."
00ddb466-fc00-4b64-ba34-b994c228863c,2000-03-05,,британские учёные впервые в мире провели успешную операцию по клонированию свиней.
00dddb06-7e00-4327-a363-cc4a22a340fa,2000-03-05,2000-03-20,Вторая чеченская война: Село Комсомольское освобождено от боевиков федеральными войсками.
00ddc3d9-f000-41d0-9892-c34c70768597,2000-03-08,,в результате столкновения двух поездов токийского метро на линии «Хибия» близ станции «Нака-Мэгуро» погибли 5 и ранены 63 человека.
00ddc900-7c00-4a16-b8be-7613185b41db,2000-03-09,,в результате авиационной катастрофы близ Шереметьево погибли журналист Артём Боровик и мультимиллионер Зия Бажаев.
00ddd34c-f400-4d95-bc2a-3c51f50368f0,2000-03-11,,"Состоялся учредительный съезд РОСДП, председателем партии стал экс-президент СССР Михаил Горбачёв;"
00ddd34c-f400-487c-9b0a-4104f9fb1074,2000-03-11,,При взрыве в шахте «Баракова» в Краснодоне погиб 81 шахтёр. Самые тяжёлые последствия от аварии на Украине за 20 лет.
00ddd873-7000-4347-af5e-7ad8bfc0847e,2000-03-12,,"Вторая чеченская война: в посёлке Новогрозненский сотрудниками ФСБ захвачен и доставлен в Москву террорист Салман Радуев, впоследствии осуждённый к пожизненному лишению свободы и скончавшийся в местах заключения;"
00ddd873-7000-4a53-805f-8cbaa460741c,2000-03-12,,В Таджикистане состоялся второй тур парламентских выборов. Народно-демократическая партия Таджикистана Президента Эмомали Рахмона одержала победу;
00ddd873-7000-4b14-88a4-3309a88bbcc3,2000-03-12,,"В Кыргызстане состоялся второй тур парламентских выборов. Наибольшее количество голосов получили партия коммунистов Кыргызстана, пропрезидентская Демократическая партия женщин Кыргызстана и Союз демократических сил, объединяющий Социал-демократическую партию Кыргызстана, партию экономического возрождения и партию Биримдык;"
00ddd873-7000-48d8-a423-4ba8a936a9ea,2000-03-12,,"На парламентских выборах в Испании победу одержала правая Народная партия, получив 44,52 % голосов и 183 из 350 мест в Конгрессе депутатов, Хосе Мария Аснар остался на посту премьер-министра."
00dde7e6-7400-4013-9783-07c9758e4051,2000-03-15,,"в Минске прошло массовое шествие — «Марш Свободы» в защиту независимости, прав человека и демократии Беларуси, а также против углубления российско-белорусской интеграции."
00ddf232-fc00-48aa-80d9-7af386f78146,2000-03-17,,в округе Канунгу (Уганда) члены религиозной секты «Восстановление десяти господних заповедей» совершили акцию массового самосожжения: погибло около 600 человек.
00ddf759-7800-4869-aadb-ed827ce4e777,2000-03-18,,"на президентских выборах на Тайване победил Чэнь Шуйбянь (Демократическая прогрессивная партия, 39,3 % голосов)."
00de06cc-7c00-4ead-b9bc-e0cd76466364,2000-03-21,,"убийство православного священника в Эвенкии: 27-летний преступник Руслан Любецкий убил иеромонаха Григория (Яковлева) самодельным шилом, отрезал ему голову перочинным ножом и поместил её на церковный алтарь."
00de163f-f000-47d6-9d19-98835bf78113,2000-03-24,,"в Женеве (Швейцария) на конференции ООН по разоружению Россия выступила с инициативой подписать международный договор, запрещающий испытание, размещение и использование в космосе любых систем вооружений."
00de1b65-fc00-4a4d-ac92-0a25264d3d1a,2000-03-25,,начало Первого Всероссийского фестиваля японской анимации в Воронеже.
00de208c-7800-45cc-adfb-36424901dd6f,2000-03-26,,Выборы президента России. Абсолютное большинство голосов в первом туре набрал В. В. Путин
00de208c-7800-462a-90c7-b59d1c6ad936,2000-03-26,,"В семи субъектах России прошли выборы глав регионов, в двух субъектах прошли референдумы. Губернатором Кировской области переизбран Владимир Сергеенков (58,3 %); губернатором Мурманской области переизбран Юрий Евдокимов (86,7 %); губернатором Саратовской области переизбран Дмитрий Аяцков (67,3 %); губернатором Еврейской автономной области переизбран Николай Волков (56,7 %); в Ханты-Мансийском автономном округе переизбран Александр Филипенко (90,8 %); в Ямало-Ненецком автономном округе переизбран Юрий Неелов (87,9 %). На референдуме в Карелии большинство проголосовало за введение поста главы Республики и превращении парламента в однопалатный; на референдум в Удмуртской Республике большинство проголосовало за введение поста президента"
00de208c-7800-475f-878f-c1925beda6ab,2000-03-26,,В Женеве состоялась встреча президента США Билла Клинтона и президента Сирии Хафеза Асада. В ходе 4-часовых переговоров не удалось достичь соглашения о возобновлении израильско-сирийских переговоров.
00de2fff-7c00-4e4e-b9a5-d3728ec68a3f,2000-03-29,,Вторая чеченская война: гибель подразделения пермского ОМОНа у селения Джани-Ведено. Погибло более 40 человек.
00de3a4c-7400-4f5a-a2e3-7d04b10d8640,2000-03-31,,в Эстонии прошла перепись населения.
00de3f72-7000-413d-83c8-21bff83b5fb8,2000-04-01,,В США прошла перепись населения;
00de3f72-7000-421d-8636-14e29540ef89,2000-04-01,,Премьер-министр Японии Кэйдзо Обути перенёс инсульт и впал в кому.
00de4ee5-7400-4bff-9cd4-289044005b85,2000-04-04,,Старт космического корабля «Союз ТМ-30». Экипаж — С. В. Залётин и А. Ю. Калери
00de4ee5-7400-4d1d-b88b-966cd39c1260,2000-04-04,,Федеральный суд США признал корпорацию «Майкрософт» виновной в нарушении антимонопольного законодательства.
00de540b-f000-4c15-87dd-a770820d9a3f,2000-04-05,,премьер-министром Японии избран Ёсиро Мори.
00de5e58-f800-4015-b4ed-156ad88f2adc,2000-04-07,,"вооружённые силы США нанесли ракетно-бомбовый удар по населённым пунктам Ирака, в результате погибли 14 человек и 19 получили ранения."
00de637e-f400-498c-9704-b83f6cd4c2b0,2000-04-08,,"в Боснии и Герцеговине прошли муниципальные выборы. Умеренные силы победили националистов только в мусульманских городах. В большинстве хорватских районов одержало победу националистическое Хорватское демократическое сообщество, а в Республике Сербской — радикальная Сербская демократическая партия."
00de68a5-7000-4482-8aed-511cf8a52c10,2000-04-09,,"Эдуард Шеварднадзе переизбран президентом Республики Грузия, получив более 82 % голосов избирателей, принявших участие в выборах;"
00de68a5-7000-48ee-9ed8-de565bca5fd1,2000-04-09,,"На президентских выборах в Перу Альберто Фухимори получил 49,9 % голосов и вышел во 2-й тур, ведущий кандидат оппозиции — лидер блока «Возможное Перу» Алехандро Толедо — 40,2 %. Правительственный блок «Перу-2000» получил 52 места в парламенте из 120. Оппозиция обвинила власти в подтасовке, А. Толедо призвал к демонстрациям и маршам протеста, которые были разогнаны силой;"
00de68a5-7000-40e0-bda2-b82f935c4fc2,2000-04-09,,"На парламентских выборах в Греции победило правящее Всегреческое социалистическое движение (43,79 % голосов, 158 из 300 мест в парламенте), правительство в третий раз возглавил Костас Симитис."
00de7818-7400-4ad7-b9b6-88a90aada4f2,2000-04-12,,"Российская космическая корпорация «Энергия» продала американской компании «Space Hub» эксклюзивные права на использование архива кинодокументов, который содержал информацию обо всех космических исследованиях и программах, осуществлённых СССР, а затем Россией."
00de7d3e-f000-45cb-ad5d-d5591af171b3,2000-04-13,,"Россия и Германия подписали договор о проведении обмена произведениями искусства, вывезенными обеими сторонами во время Второй мировой войны."
00de8265-7c00-4246-8b1d-cfbaf05d581e,2000-04-14,,"Государственная Дума РФ приняла решение о ратификации российско-американского договора СНВ-2, предполагавшего дальнейшее сокращение стратегических наступательных вооружений обеих стран"
00de8265-7c00-4262-a957-b59e69d46900,2000-04-14,,На первой большой демонстрации оппозиции в 2000 году около 100 000 человек в Белграде протестуют против президента Слободана Милошевича и выступают за досрочные выборы.
00de8cb1-f400-4a96-9efb-a7d49fd2dd42,2000-04-16,,"Состоялся всеукраинский референдум. Более 80 % избирателей, принявших участие в голосовании, высказались за создание двухпалатного парламента, сокращение числа депутатов с 450 до 300, ликвидацию депутатской неприкосновенности, право Президента досрочно прекращать полномочия Верховной рады, если последняя в течение одного месяца не сможет сформировать парламентское большинство или в течение трёх месяцев не сможет утвердить подготовленный и представленный в установленном порядке Кабинетом Министров проект государственного бюджета. Однако решения референдума так и не были воплощены в жизнь;"
00de96fe-7c00-405e-b170-0767d40a5b57,2000-04-18,,Владимир Путин высказался против создания в США национальной системы ПРО.
00de9c24-f800-4acc-af9c-c2ba4f661ac9,2000-04-19,,"На острове Самар при заходе на посадку в аэропорт Давао потерпел катастрофу «Boeing 737-2H4» компании Air Philippines, в результате погиб 131 человек. Крупнейшая авиакатастрофа на Филиппинах;"
00de9c24-f800-4336-b473-66959273f62f,2000-04-19,,В Центральной Румынии открыто крупнейшее в Европе месторождение золота.
00dea14b-7400-49f1-ad6e-c1f0e18561bb,2000-04-20,,попадание ракеты в жилой дом в Броварах. Погибли 3 человека.
00dea671-f000-48ee-b3a7-4c1b06d376da,2000-04-21,,Госдума России ратифицировала договор о полном прекращении ядерных испытаний;
00dea671-f000-4f1f-a3e9-0a191a78711f,2000-04-21,,Президент РФ В. Путин утвердил Военную доктрину Российской Федерации
00dea671-f000-49a7-bb7b-854a4a1057ee,2000-04-21,,В США вступил в силу закон COPPA.
00deb0be-7800-42ca-85d9-491748aab3ca,2000-04-23,,"Вторая чеченская война: нападение на колонну 51-го парашютно-десантного полка Тульской дивизии ВДВ и ВОП 66-го полка оперативного назначения ВВ у селения Сержень-Юрт. Потери российских военнослужащих: 16 убитых, 7 раненых, 7 единиц техники."
00deb5e4-f400-44d5-af0a-c47267b420b0,2000-04-24,,"во время учений Черноморского флота ВМФ РФ учебная крылатая ракета попала в украинское пассажирское судно «Верещагин» (1 человек ранен). Позже пароходство Украины полностью признало свою вину, так как не оповестило суда об этих учениях и их районе."
00dec031-7c00-4d81-881c-c8d16e9aa19a,2000-04-26,,"Президент Украины Леонид Кучма заявил, что Чернобыльская АЭС будет закрыта до конца 2000 года;"
00dec031-7c00-4cf6-8730-3078f89fd5c2,2000-04-26,,В Москве выставлены на обозрение останки Гитлера (фрагмент черепа с пулевым отверстием).
00deca7e-7400-463d-9f30-96d738bcc9bb,2000-04-28,,"Турция, Азербайджан и Грузия заключили договор о строительстве нефтепровода для транспортировки каспийской нефти в обход России."
00decfa4-7000-47ba-b3ea-b8ddf6c9c80f,2000-04-29,,Германия передала России фрагменты «Янтарной комнаты».
00ded4ca-fc00-493d-a109-cfea58e6b2e6,2000-04-30,,Папа Римский Иоанн Павел II причислил блаженную сестру Фаустину Ковальскую к лику святых католической церкви.
00dee43d-f000-4e58-8e08-6920e266e2e4,2000-05-03,,Лондонская и Франкфуртская фондовые биржи объявили о слиянии и создании крупнейшей в мире биржи с акциями на сумму около 4 триллионов долларов.
00deee8a-f800-44f6-bbf4-1053d5eb8a60,2000-05-05,,Президентом Турции избран Ахмет Сезер;
00deee8a-f800-422b-b2ab-e27f3ac179ee,2000-05-05,,Ущерб от нового компьютерного вируса «I love you» составил только в Северной Америке миллиард долларов.
00def3b0-f400-4ff6-8c01-75ad4ef5a9b0,2000-05-06,,Россия принята в Международную торговую палату.
00def8d7-7000-4263-8db9-05f5f5a28381,2000-05-07,,инаугурация президента России Владимира Владимировича Путина.
00df0d70-f000-4480-a2b2-3ecf9da7944e,2000-05-11,,"Сотрудники Генпрокуратуры, ФСБ и ФСНП России произвели обыски в центральных офисах холдинга Владимира Гусинского «Медиа-Мост» в связи с уголовным делом, возбуждённым в отношении холдинга 26 апреля по статьям 137 (нарушение неприкосновенности частной жизни), 138 (нарушение тайны переписки) и 181 (незаконное получение и разглашение сведений, составляющих коммерческую или банковскую тайну) Уголовного кодекса РФ"
00df0d70-f000-4664-9ce6-e0ec0086a877,2000-05-11,,Георгий Арсенишвили стал государственным министром Грузии.
00df1297-7c00-4978-8aff-279ec4447473,2000-05-12,,Андраник Маргарян стал премьер-министром Армении.
00df17bd-7800-4184-a122-898a4db25d8e,2000-05-13,,"Президент России Владимир Путин подписал указ № 849 «О полномочном представителе Президента Российской Федерации в федеральном округе», согласно которому в России были созданы федеральные округа;"
00df17bd-7800-497c-81e3-2b35e8542edf,2000-05-13,,В Стокгольме (Швеция) состоялся 45-й Конкурс Песни Евровидение 2000.
00df17bd-7800-4e1e-aa93-9ebe3fa63efe,2000-05-13,,"В городе Энсхеде, Нидерланды, произошёл взрыв на складе фейерверков, в результате чего погибло 23 человека."
00df1ce3-f400-4f67-8492-61542de84de0,2000-05-14,,На выборах губернатора Санкт-Петербурга Владимир Яковлев переизбран на второй срок
00df1ce3-f400-4c83-bbfb-310dbd797b4c,2000-05-14,,"В Эфиопии состоялся первый тур всеобщих выборов, вторых по счёту многопартийных выборов в истории страны."
00df220a-7000-43c3-b349-4325435280e9,2000-05-15,,9 человек ранено в Ираке в результате бомбардировок американской и британской авиацией
00df220a-7000-447f-8c01-bd3855c6fbba,2000-05-15,,Прекратила свою деятельность Миссия наблюдателей ООН в Таджикистане.
00df2730-fc00-4a1e-99f6-9d22136e9669,2000-05-16,,В США испытано новое лекарство от алкоголизма;
00df2730-fc00-4270-8cb9-d822097e0098,2000-05-16,,Ахмет Сезер стал президентом Турции;
00df2730-fc00-4b44-a4da-878b11c0a3c5,2000-05-16,,Иполито Мехия избран президентом Доминиканской Республики.
00df2c56-f800-41f5-9d7b-5c27eff1e933,2000-05-17,,премьер-министром России утверждён Михаил Касьянов.
00df317d-7400-497c-a23f-5f77a2ea295b,2000-05-18,,1 человек погиб и 4 получили ранения в результате бомбардировки авиацией США и Великобритании территории Ирака.
00df36a3-f000-4cee-9050-0c8637f11e6c,2000-05-19,,"98-й старт («STS-101») по программе Спейс Шаттл. 21-й полёт шаттла Атлантис. Экипаж — Джеймс Халселл, Скотт Хоровитц, Сьюзан Хелмс, Юрий Усачёв (Россия), Джеймс Восс, Мэри Уэбер, Джеффри Уильямс."
00df3bc9-fc00-4c57-9de1-74d37f5fb862,2000-05-20,,"указом президента России утверждены направления налоговой реформы, предусматривавшие снижение общего налогового бремени, создание справедливой и нейтральной по отношению к экономическим решениям налоговой системы, её упрощение, улучшение налогового администрирования и повышение уровня собираемости налогов."
00df40f0-7800-4f1f-9ac2-9b6d54d089b5,2000-05-21,,в Швейцарии на референдуме большинство жителей проголосовали за расширение отношений с Европейским союзом.
00df5063-7c00-4fc3-9310-07bd1d181b7e,2000-05-24,,"Государственная дума РФ приняла поправку, запрещающую пропаганду наркотиков и способов их приготовления"
00df5063-7c00-419e-86ab-89fff51b8f3d,2000-05-24,,"Завершение вывода израильских войск из Ливана. Израиль выполнил, таким образом, резолюцию № 425 Совета Безопасности ООН от 1978 г., требовавшую вывода израильских сил из Ливана."
00df5589-f800-4e8e-bafb-6dbe8c815c81,2000-05-25,,Завершение вооружённого конфликта между Эфиопией и Эритреей за контроль над спорными пограничными территориями;
00df5589-f800-4e8a-b07e-4e52820d81e8,2000-05-25,,"На всеобщих выборах в Суринаме победили действующий президент Рональд Венетиан (47,5 % голосов) и левоцентристский блок партий «Новый фронт за демократию и развитие» (33 места из 51 в парламенте)."
00df5ab0-7400-43a6-b89a-6fe8d88a24a2,2000-05-26,,"парламент Кыргызстана проголосовал за переименование страны. Отныне официальное наименование государства — «Кыргызская Республика». За это решение высказалось 42 депутата, против — 2."
00df5fd6-f000-4967-9e1f-8d4edcb634de,2000-05-27,,Министерство связи Туркменистана отозвало лицензии у всех частных провайдеров интернета в республике;
00df5fd6-f000-4c63-bc1b-a5170f931468,2000-05-27,,"В Китае католический священник получил шесть лет тюрьмы за издание Библии и других религиозных книг. Обвинили его в незаконных публикациях и тайном проповедовании католицизма. В китайской конституции упомянут принцип свободы вероисповедания, но посещать можно лишь одобренные государством церкви."
00df64fc-fc00-4fdd-818b-fdcfa4673ed9,2000-05-28,,"Альберто Фухимори переизбран президентом Перу. Оппозиция не признала выборы и ответила новыми маршами протеста, в которых участвовали сотни тысяч людей. Полиция жестоко подавляла выступления. В ходе столкновений сотни людей были ранены и арестованы."
00df6f49-f400-4103-9d91-ab2309241824,2000-05-30,,президент Кыргызстана А. Акаев подписал закон о придании русскому языку официального статуса.
00df746f-f000-498b-91d5-90b691fbd852,2000-05-31,,"в 7:05 утра в Волгограде на проспекте Жукова при прохождении отряда военнослужащих произошёл взрыв. Взрывчатка была закреплена на дереве на высоте 1,3 м. В качестве начинки использовались два килограмма тротила и куски толстой проволоки. Бомба сработала по сигналу с пульта дистанционного управления. Один человек погиб, 15 ранены."
00df7ebc-f800-4fe1-a6aa-c9c4ce7b7d38,2000-06-02,,"президент Украины Л. Кучма «категорически запретил несанкционированный отбор газа из транзитной трубы и его выделение неплатёжеспособным потребителям до юридического урегулирования вопроса долга с российской стороной» — то есть официально признал неконтролируемые хищения газа, которые до этого отрицались."
00df9356-7800-4403-8a63-780cb2bb4a75,2000-06-06,,президентом Венгрии избран Ференц Мадл.
00df987c-7400-42a3-aa6a-ef0014b50456,2000-06-07,,"Вторая чеченская война: в селе Алхан-Юрт (Чечня) двое террористов-смертников взорвали гружённый взрывчаткой грузовик вблизи здания милиции. Одной из смертниц была родственница Мовсара Бараева, позднее захватившего в 2002 здание театрального центра на Дубровке (Москва). Погибли двое милиционеров, пятеро были ранены"
00df987c-7400-4e12-9556-4c5ae1073a7b,2000-06-07,,"Убит Любиша Савич, бывший командир Первой биелинской легкопехотной гвардейской бригады «пантеры» республики Сербской."
00dfa7ef-f800-45ab-9c1f-cc3a73a83242,2000-06-10,,"президент Сирии Хафез Асад скончался от сердечного приступа, спустя месяц преемником стал его сын Башар Асад."
00dfb23c-7000-4300-8468-6404efb191b7,2000-06-12,,Главой администрации Чеченской Республики назначен Ахмат Кадыров;
00dfb23c-7000-4286-9c76-057be0b26b63,2000-06-12,,"Захват заложников в автобусе в Рио-де-Жанейро. Преступление имело огромный резонанс, поскольку произошло в присутствии большого числа свидетелей и представителей прессы (велась трансляция в прямом эфире), а также ввиду крайне неудачных действий полиции."
00dfb762-fc00-4f72-8753-247931b4aacf,2000-06-13,,"в Москве Генеральной прокуратурой РФ как подозреваемый в мошенничестве задержан Владимир Гусинский. По утверждению Гусинского (косвенного подтверждённому решением ЕСПЧ), он был выпущен в обмен на подписание некого документа («протокол № 6») с министром печати Михаилом Лесиным. По этому соглашению Гусинский должен был продать свой холдинг «Медиа-Мост» ОАО «Газпром» по установленной последним цене. «Медиа-Мост» отказался подчиниться соглашению."
00dfbc88-f800-483f-8e64-0ccff73def74,2000-06-14,,Грузия вступила в ВТО.
00dfc6d5-f000-4006-8d0f-33922d4117e4,2000-06-16,,"Достижение соглашения между КНДР и Южной Кореей, согласно которому последняя обязалась оказать помощь первой в сумме 6 млрд евро;"
00dfc6d5-f000-4b14-8973-7c3d4b9c4192,2000-06-16,,"Приземление космического корабля «Союз ТМ-30». Экипаж посадки — С. В. Залётин, А. Ю. Калери."
00dfcbfc-7c00-460f-b145-7ac776e23209,2000-06-17,,"около 10 часов утра по лондонскому времени вышел из строя главный компьютер Национальной авиадиспетчерской службы, находящейся неподалёку от аэропорта Хитроу. В результате на территории Великобритании остановлено воздушное сообщение."
00dfd122-7800-4d75-a2a9-09ca67a0fac9,2000-06-18,,на выборах в Национальное Собрание Нагорного Карабаха победила Демократическая партия Арцаха.
00dfe095-7c00-4598-942b-7f35b107ac6e,2000-06-21,,"парламент Шотландии отменил статью 28 закона о местном самоуправлении, вступившего в силу 24 мая 1988 года и запрещавшего «пропаганду гомосексуализма». На остальных территориях Великобритании статья была отменена почти через три с половиной года."
00dfeae2-7400-4e19-a409-219345d25c54,2000-06-23,,"принятие Директивы 2000/36/ЕС: нормативного акта, которым регулируется порядок производства продуктов, содержащих какао, и шоколадных изделий, предназначенных для потребления людьми."
00e009c8-7c00-4734-af1b-d89ecb9f380e,2000-06-29,,Близ острова Сулавеси потерпел крушение индонезийский паром «Кахая Бахари» (англ. «Cahaya Bahari»); погибло 492 человека;
00e009c8-7c00-41ab-b1aa-cac91dcd9105,2000-06-29,,Угандийский референдум по многопартийности.
00e01415-7400-4b36-a917-93f41be75d26,2000-07-01,,В США разрешено заверять финансовые документы электронной подписью;
00e01415-7400-4bab-9653-547083cd6a55,2000-07-01,,Открыт Эресуннский мост — мост-тоннель между Швецией и Данией.
00e0193b-7000-4bd4-8ec2-bd8b5e571f19,2000-07-02,,Вторая чеченская война: в результате серии терактов с использованием заминированных грузовиков погибло более 30 милиционеров и военнослужащих федеральных сил;
00e0193b-7000-44f3-908a-70acb15c502b,2000-07-02,,На досрочных выборах губернатора Самарской области в первом туре победил губернатор в отставке Константин Титов (СПС) (53 %)
00e0193b-7000-4755-931d-dec6c3152ff6,2000-07-02,,"На всеобщих выборах в Мексике впервые с 1929 года избран представитель не Институционно-рабочей партии, а правой Партии национального действия — Висенте Фокс, получивший 42,5 % голосов."
00e01e61-fc00-4fd7-8f78-007285c88945,2000-07-03,,"ликвидирована Судебная палата по информационным спорам — независимый квазисудебный орган. Предлогом ликвидации послужила «оптимизация президентской администрации», хотя палата в неё не входила."
00e02388-7800-4077-92be-76106a8a3b28,2000-07-04,,"авария Ту-154 в Салониках, никто из находившихся на борту 94 человек (86 пассажиров и 8 членов экипажа) не пострадал."
00e03d47-f400-40ea-a36a-05e7c9eafbe6,2000-07-09,,"взрыв на городском рынке Владикавказа (Северная Осетия). В результате теракта 6 человек погибли, 18 ранены."
00e05707-f000-4b30-9e06-83910da2ece7,2000-07-09,2000-07-19,"в Эммитсбурге и Балтиморе (США) состоялась восьмая пленарная сессия Смешанной международной комиссии по богословскому диалогу, её темой стало обсуждение вопроса «Экклесиологические и канонические предпосылки униатства»."
00e0426e-7000-4a18-8d93-f1a58d2fd9c0,2000-07-10,,"при попытке незаконной врезки в нефтепровод в южной Нигерии произошёл взрыв, в результате которого погибло более 250 жителей деревни."
00e06ba1-7000-4fa0-8ed2-98619cd8dc5e,2000-07-11,2000-07-25,"в Кэмп-Дэвиде прошли переговоры по инициативе и при посредничестве президента США Билла Клинтона, между премьер-министром Израиля Эхудом Бараком и председателем ПНА Ясиром Арафатом об окончательном урегулировании палестино-израильского конфликта. Завершились неудачей."
00e05707-f000-4b4f-8b81-423f4094fbd1,2000-07-14,,мощная солнечная вспышка вызвала на Земле геомагнитный шторм.
00e06154-7800-422d-b723-f315790bab87,2000-07-16,,принято решение об увеличении числа доменов интернета.
00e06ba1-7000-4fd1-be4a-2d5e50068880,2000-07-17,2000-07-19,"визит В. В. Путина в КНР. Была принята Пекинская декларация Российской Федерации и Китайской Народной Республики, а также Совместное заявление Президента Российской Федерации и Председателя Китайской Народной Республики по вопросам противоракетной обороны."
00e0803a-f000-4554-84fb-9f6fbfb54f24,2000-07-21,2000-07-23,очередной саммит «Группы восьми» прошёл на Окинаве (Япония).
00e08fad-f400-4137-a10e-dd166cdce610,2000-07-25,,"катастрофа сверхзвукового авиалайнера «Конкорд» при вылете из парижского аэропорта «Шарль де Голль». Погибли все находившиеся на борту 109 человек (100 пассажиров и 9 членов экипажа), а также 4 человека на земле."
00e09f20-f800-4149-8675-a6227eb65c0d,2000-07-28,,Начала вещание российская радиостанция Love Radio;
00e09f20-f800-48bf-92bb-acd3df43ff4b,2000-07-28,,"Массовые протесты, переросшие в беспорядки, в столице Перу Лиме в день вступления Альберто Фухимори в третий президентский срок (в ноябре 2000 года он ушёл в отставку и покинул страну)."
00e0a447-7400-4183-b8cd-4493d7e4381d,2000-07-29,,взорвана последняя штольня Семипалатинского полигона в Казахстане.
00e0a96d-f000-47ff-8579-03244a3fd054,2000-07-30,,"В Венесуэле проведены всеобщие и региональные выборы, президентом страны переизбран Уго Чавес (59,76 % голосов);"
00e0a96d-f000-4a9c-978b-7378d5a143bb,2000-07-30,,"На президентских выборах в Израиле победил Моше Кацав (52,5 % голосов)."
00e0c853-f800-47a7-838f-2d6547060dc6,2000-08-05,,"Принят закон «О порядке формирования Совета Федерации». Ранее, 29 июля, в соответствии с этим были внесены поправки в закон «Об общих принципах организации законодательных (представительных) и исполнительных органов государственной власти субъектов РФ», а 4 августа — в закон «Об общих принципах организации местного самоуправления в РФ»."
00e0c853-f800-4d78-8321-fa0ef5d3a384,2000-08-05,,"В. В. Путин подписал вторую часть Налогового кодекса, по которому вводилась единая 13-процентная ставка подоходного налога."
00e0d7c6-fc00-4dde-b5e5-419412a95d6f,2000-08-08,,"Взрыв в Москве в подземном переходе у станции метро «Пушкинская». 13 человек погибло, 118 ранено."
00e0d7c6-fc00-4d1b-af6c-9c8050d0e478,2000-08-08,,"Учёные Великобритании, США и Италии официально объявили о начале опытов по клонированию человека."
00e0e213-7400-47a0-bd67-fbf86c6fbcec,2000-08-10,,Совет Безопасности ООН принял резолюцию № 1315 по созданию Специального суда по Сьерра-Леоне.
00e0ec60-7c00-48cf-a622-8d15c907fa85,2000-08-12,,В Баренцевом море потерпела катастрофу атомная подводная лодка «Курск»;
00e0ec60-7c00-4018-8d07-1f1abe41832b,2000-08-12,,В результате бомбардировки авиацией США и Великобритании гражданских объектов на юге Ирака погибло несколько человек.
00e0f186-f800-4461-a46b-7b7245ade99a,2000-08-13,,в Москве в храме Христа Спасителя открылся юбилейный архиерейский собор Русской Православной Церкви.
00e0f6ac-f400-42de-993d-cb810279aff7,2000-08-14,,царь Николай II канонизирован Синодом РПЦ.
00e1061f-f800-4272-9d0b-f38d2de162dc,2000-08-17,,"на первом этаже рижского универмага Centrs произошли два мощных взрыва, количество пострадавших составило около 30 человек, одна женщина умерла от полученных ранений."
00e12506-7000-4d7c-b89a-cdd24c20d672,2000-08-23,,"Самолёт Airbus A320-212 авиакомпании Gulf Air упал в Персидский залив, погибли 143 человека."
00e12506-7000-4a3b-a731-6200f8ee7c3b,2000-08-23,,"Официальнй день траура в России по погибшим на АПЛ ""Курск""."
00e1399f-f000-4e08-954f-44447bb0bf3e,2000-08-27,,Пожар на Останкинской телебашне в Москве. Телевещание в Москве и Московской области полностью нормализовалось только к сентябрю 2001 года;
00e1399f-f000-43b8-a80d-7fada059697a,2000-08-27,,Али Бенфлис назначен премьер-министром Алжира.
00e13ec5-fc00-4c6b-b844-5c5aa1921449,2000-08-28,,"Россия и Союзная Республика Югославия подписали соглашение о свободной торговле. Югославия стала первой из стран дальнего зарубежья, с которой Россия подписала соглашение о свободной торговле."
00e14e39-7000-4ae4-b040-413c09b164d6,2000-08-31,,"во втором туре всеобщих выборов в Эфиопии победу одержала правящая коалиция РДФЭН, завоевавшая почти 90 % мест в Палате народных представителей."
00e1535f-7c00-437b-9b96-04cd891123fc,2000-09-01,,"В. В. Путин учредил Государственный совет, в который вошли главы всех субъектов РФ."
00e15dac-7400-4d36-8a4e-d51974859a19,2000-09-03,,создана украинская поп-группа ВИА Гра.
00e1776b-f000-4871-9ae7-f399b2d369c2,2000-09-08,,Албания принята в ВТО
00e1776b-f000-4fbc-bff7-2653f501404f,2000-09-08,,"99-й старт по программе Спейс Шаттл (STS-106). 22-й полёт шаттла Атлантис. Экипаж — Терренс Уилкатт, Скотт Олтман, Дэниел Бёрбэнк, Эдвард Лу, Ричард Мастраккио, Юрий Маленченко (Россия), Борис Моруков (Россия);"
00e1776b-f000-4779-8b78-7b140ea733c9,2000-09-08,,Резолюцией № A/RES/52/2 Генеральной Ассамблеи ООН принята Декларация тысячелетия Организации Объединённых Наций.
00e17c92-7c00-40ae-bfa5-74c27a809059,2000-09-09,,принята Доктрина информационной безопасности России.
00e181b8-f800-4009-a601-8c63758e0966,2000-09-10,,из-за гиперинфляции отменено хождение эквадорского сукре. Единственным платёжным средством страны стал доллар США. С апреля сукре постепенно начал заменяться долларом.
00e1912b-fc00-4c07-8914-c9bf8fe2a99d,2000-09-13,,Стив Джобс представил на Apple Expo в Париже первую Mac OS X Public Beta.
00e19652-7800-4110-8322-8a0ca90093df,2000-09-14,,Корпорация Microsoft выпустила операционную систему Windows Millennium Edition;
00e19652-7800-43fa-8660-9aee7d148b6c,2000-09-14,,"Подложенная в машину бомба взорвалась у входа в здание фондовой биржи в Джакарте (Индонезия) и вызвала цепь взрывов соседних автомобилей, погибло 15 человек."
00e19b78-7400-4575-ae85-19fe8e253025,2000-09-15,,"состоялась церемония открытия XXVII летних Олимпийских игр в Сиднее, Австралия."
00e1a09e-f000-4379-b41b-67c6eae16139,2000-09-16,,на международной авиакосмической выставке в Киеве во время показательного полёта разбился Як-52 под управлением первого заместителя главы МИД Украины генерал-полковника Леонида Бородича.
00e1a5c5-7c00-4a1a-a6d8-13b48ab33285,2000-09-17,,убит украинский журналист Георгий Гонгадзе. Его обезглавленное тело было найдено 2 ноября в Таращанском лесу примерно в 100 километрах от Киева.
00e1aaeb-7800-48ea-908d-0712bcfa3f08,2000-09-18,,"принята Директива 2000/53/ЕС, нацеленная на ограничение использования четырёх основных тяжёлых металлов (кадмия, свинца, ртути, шестивалентного хрома) в машинах."
00e1b011-f400-4d21-9b98-c6bd28a88ee4,2000-09-19,,"попытка поджога Рейхстага в Берлине. 22-летний немец на своём автомобиле «Volkswagen Golf» попытался сквозь стеклянные витрины прорваться внутрь здания, однако машина застряла. Позже выяснилось, что она была облита со всех сторон бензином."
00e1b538-7000-4a4e-909f-5fb474e1ad8c,2000-09-20,,"власти Тайваня арестовали 25-летнего Чэн Инь-Хао, создателя компьютерного вируса CIH («ЧИХ»), названного по инициалам автора. Этот вирус также известен как «Чернобыль», так как одна из его версий активируется 26 апреля, в годовщину аварии на АЭС."
00e1c9d1-f000-4a8c-ad25-5de778e4bb32,2000-09-24,,"Состоялись парламентские и президентские выборы в Югославии и местные выборы в Сербии и Косово. Объявлено, что Воислав Коштуница получил поддержку 48,96 % избирателей, Слободан Милошевич — 38,62, Томислав Николич — 5,79 %. Избирком объявил, что ни один кандидат не набрал минимального количества голосов, и необходимо провести второй раунд. Однако после многочисленных активных протестов 10 октября были оглашены иные цифры — 50,24 %, 37,15 % и 5,88 % соответственно"
00e1c9d1-f000-4296-8c7d-a5c2172e8520,2000-09-24,,"Во Франции прошёл конституционный референдум по вопросу о сокращении президентского срока с 7 до 5 лет. При относительно невысокой явке (30,2 %) подавляющее большинство избирателей (73,2 %) высказалось за сокращение срока правления."
00e1d41e-7800-4707-acf5-cd6881c37ec9,2000-09-26,,"открылся новый веб-сайт правительства США, объединивший 20 тыс. правительственных сайтов (содержит около 27 миллионов веб-страниц)."
00e1d944-f400-4626-bc2b-229584d05da1,2000-09-27,,"На перекрёстке Нецарим в секторе Газа взорвались два заряда взрывчатки. В результате теракта был тяжело ранен солдат бригады «Гивати», сопровождавший конвой гражданских машин (28 сентября он скончался). Начало интифады Аль-Аксы;"
00e1d944-f400-4558-bc34-c1c72c58c1ce,2000-09-27,,Рядом с островом Парос в Эгейском море греческий паром «Экспресс-Самина» натолкнулся на скалы и за несколько минут затонул. В результате кораблекрушения погиб 81 человек.
00e1de6b-7000-4508-81c0-0e620115ed01,2000-09-28,,"Израильский премьер Эхуд Барак впервые признал возможность раздела Иерусалима — в случае если Западная часть города остаётся столицей Израиля, а Восточная — станет столицей Палестинского государства. В этот же день лидер оппозиционной партии «Ликуд» Ариэль Шарон под охраной сотен полицейских посетил Храмовую гору. После его ухода собравшиеся на горе палестинцы стали закидывать камнями израильских полицейских;"
00e1de6b-7000-435b-9b25-35c9c8343b7d,2000-09-28,,На общенациональном референдуме датчане проголосовали против введения евро;
00e1de6b-7000-4f6b-b332-1a812b6a10b4,2000-09-28,,"Хорватскими СМИ опубликовано открытое письмо, подписанное двенадцатью генералами вооружённых сил Хорватии. Авторы обвиняли правительство, ведущих политиков и СМИ страны в попытке криминализировать события и действия войны в Хорватии 1991—1995 годов, а также в неподобающем обращении с ветеранами той войны. На следующий день, 29 сентября, президент Хорватии Степан Месич отправил в отставку семерых генералов-подписантов, что привело к скандалу в хорватской политике."
00e1f304-f000-4c6c-b9ee-244c987085c4,2000-09-29,2000-10-05,"«бульдозерная революция» в Югославии, приведшая к отставке Слободана Милошевича."
00e1edde-7400-4961-aea6-65bf864ecbe6,2000-10-01,,Прошла церемония закрытия XXVII летних Олимпийских игр;
00e1edde-7400-445e-867a-6492a4acd31a,2000-10-01,,В Нидерландах легализована проституция.
00e1fabe-7a00-4c71-94fb-17123a5b7dfb,2000-10-02,2000-10-05,"состоялся государственный визит президента РФ В. В. Путина в Индию. В ходе визита была подписана Декларация о стратегическом партнёрстве между Российской Федерацией и Индией, заключено 17 соглашений в различных областях. Достигнута договорённость о ежегодном проведении российско-индийских встреч на высшем уровне."
00e2079d-f000-4c5d-a3cd-b2bd54a147b1,2000-10-06,,"в 16:03-16:05 в Пятигорске и Невинномысске одновременно прогремели четыре взрыва. Первый взрыв произошёл на автобусной остановке на улице Гагарина рядом с администрацией Невинномысска, второй — на Казачьем рынке Невинномысска, третий и четвёртый взрывы произошли на платформе железнодорожного вокзала в Пятигорске. В результате терактов 4 человека погибли, 20 ранены."
00e211ea-f800-48ab-8175-a09da46da1b4,2000-10-08,,На парламентских выборах в Литве большинство получил Союз либералов Литвы в союзе с двумя мелкими партиями;
00e211ea-f800-4759-8390-f7b0e933f346,2000-10-08,,"На президентских выборах в Польше победу одержал действующий президент Александр Квасьневский (53,9 % голосов)."
00e21c37-7000-4c46-835a-f4fac75330fc,2000-10-10,,"в Астане (Казахстан) президентами Беларуси, Казахстана, Кыргызстана, России и Таджикистана подписан Договор об учреждении Евразийского экономического сообщества (ЕврАзЭС)."
00e2215d-fc00-42f3-83e6-a9bfa6f78ca5,2000-10-11,,"100-й старт по программе Спейс Шаттл (STS-92). 28-й полёт шаттла Дискавери. Экипаж — Брайан Даффи, Памела Мелрой, Лерой Чиао, Уильям МакАртур, Питер Уайсофф, Майкл Лопес-Алегриа, Коити Ваката."
00e22684-7800-4b83-b28e-da155576c535,2000-10-12,,Линчевание в Рамалле — убийство двух израильских нестроевых резервистов арабской толпой в городе Рамалла в начале интифады Аль-Акса;
00e22684-7800-4c1f-bd76-113655263ec7,2000-10-12,,"Атака на американский эсминец USS Cole (DDG-67) в порту Адена (Йемен). Нападение совершили смертники, взорвав рядом с кораблём моторный катер, начинённый несколькими сотнями килограмм взрывчатки. 17 членов экипажа погибли, 39 ранены."
00e22baa-7400-45b5-a717-9f3fa15ccc47,2000-10-13,,массовое отравление метанолом в Сальвадоре. 122 человека погибли.
00e235f7-7c00-4153-afd1-1b2bbc54d474,2000-10-15,,"На парламентских выборах в Словении победила Либеральная демократия Словении, получившая 34 из 90 мест в парламенте. Лидер партии Янез Дрновшек вернулся на пост премьер-министра страны;"
00e235f7-7c00-4b2c-848e-b8a9151f9491,2000-10-15,,"Состоялись выборы в Палату представителей Национального собрания Республики Беларусь, которые бойкотировались оппозиционными партиями;"
00e235f7-7c00-4e4a-9adc-555d0c47be2f,2000-10-15,,"На первых выборах президента в последней (не считая Дагестана) парламентской республике России, Удмуртии, победил председатель Госсовета Александр Волков (37,8 %)(«Отечество», поддержан левой оппозицией)."
00e23b1d-f800-4fe5-a9fb-dec1ce87a8e3,2000-10-16,,"Президент Грузии Эдуард Шеварднадзе заявил, что его страна имеет право на долю собственности бывшего Советского Союза. После развала СССР в 1991 году Россия взяла на себя долговые обязательства советских республик, включая Грузию, в обмен на их доли в советских активах (таких как алмазо- и золоторезервы), а также собственность за рубежом. Однако грузинская сторона заявляла, что парламент Грузии никогда не ратифицировал эту сделку;"
00e23b1d-f800-432e-a8b6-b16b724b0a99,2000-10-16,,Марш миллиона семей в Вашингтоне (США).
00e24043-f400-4c54-b526-a249b0d34a8e,2000-10-17,,"железнодорожная катастрофа в Хатфилде (Великобритания), 4 человека погибли, более 70 ранены."
00e24a90-fc00-4ce5-95fa-a5571159454b,2000-10-19,,2 сотрудника личной охраны Ясира Арафата погибли в результате взрыва в штаб-квартире палестинской службы безопасности в Вифлееме. Ещё 10 получили ранения.
00e25a03-f000-4f1d-bdea-02b4873a2bca,2000-10-22,,Движение Талибан запретило населению Афганистана заниматься спортом по вечерам;
00e25a03-f000-4856-a440-63e79aac48f2,2000-10-22,,"Губернатор Сахалинской области Игорь Фархутдинов (поддержан Единством, Отечеством и Яблоком) переизбран на свой пост, набрав около 60 %; в Курской области назначено повторное голосование."
00e25f2a-7c00-422f-b788-0b5610275623,2000-10-23,,"Китайские археологи обнаружили музей музыкальных инструментов, который был создан 2 тысячи лет назад, в эпоху династии Хань;"
00e25f2a-7c00-4ea8-80e2-58fe61895164,2000-10-23,,"Президент США Билл Клинтон подписал указ о выделении 58 млрд долл. на установление национального стандарта употребления алкоголя за рулём. Согласно документу, теперь в крови водителя может содержаться не более чем 0,08 % алкоголя."
00e26450-7800-4724-963f-dd9460d5c477,2000-10-24,,после двух недель напряжённых переговоров сербский парламент утвердил формирование переходного правительства под руководством социалиста Миломира Минича на период до выборов 23 декабря.
00e26976-f400-42b1-852c-94aebd2e007d,2000-10-25,,"катастрофа Ил-18 под Батуми, погибли 84 человека."
00e27e10-7400-4f41-8fbf-74c06ba5f4a4,2000-10-29,,Аскар Акаев переизбран президентом Республики Кыргызстан на третий срок;
00e27e10-7400-4158-974e-9f8f56461ed3,2000-10-29,,"В Читинской области и Агинском Бурятском автономном округе переизбраны губернаторы Равиль Гениатулин (поддержан НПСР)(57 %) и Баир Жамсуев (поддержан НПСР и Отечеством)(89,3 %) соответственно"
00e27e10-7400-4787-b6d3-981095064758,2000-10-29,,В Будённовске на конечной остановке взорвано маршрутное такси. Пострадал водитель.
00e28336-f000-4ccb-98dd-70b66f96fbd4,2000-10-30,,"введение национальной валюты, «сомони», в Республике Таджикистан."
00e2885c-fc00-4eba-847f-5831e1036b9a,2000-10-31,,"Старт космического корабля Союз ТМ-31 с первым экипажем МКС на борту. Экипаж старта — Ю. П. Гидзенко, С. К. Крикалёв и У. Шеперд (США);"
00e2885c-fc00-4be3-9caa-0d54e811e54a,2000-10-31,,"В аэропорту имени Чан Кайши при взлёте разбился Boeing 747 компании Singapore Airlines, погибли 83 из 179 человек на борту."
00e28d83-7800-494e-913d-76732a2df451,2000-11-01,,Союзная Республика Югославия принята в ООН.
00e29cf6-7c00-4ca6-9d5a-46713e7b5a07,2000-11-04,,в Югославии сформировано правительство во главе с Зораном Жижичем.
00e2a21c-f800-420c-91da-71b26e202e2e,2000-11-05,,В Магаданской и Курской областях на выборах губернаторов победили Александр Михайлов и Валентин Цветков соответственно; в Калининградской области назначено повторное голосование
00e2a21c-f800-4665-a528-37cc26fa4c3c,2000-11-05,,В Азербайджане прошёл первый тур парламентских выборов.
00e2ac69-7000-4b2a-bb06-9fc6f957a305,2000-11-07,,на президентских выборах в США победил Джордж Буш-младший.
00e2c102-f000-4ce6-b9e3-cbad1d0c2d7d,2000-11-11,,В результате возгорания поезда-фуникулёра на австрийском горнолыжном курорте Капрун погибли 155 человек;
00e2c102-f000-4fdb-9f73-3dbc09c0ad97,2000-11-11,,"Захват российского самолёта Ту-154 чеченским террористом во время рейса Махачкала—Москва. Угрожая привести в действие взрывное устройство, он потребовал лететь в Израиль. После приземления на израильской военной базе Увда террорист сдался властям и позже был выдан России"
00e2c102-f000-401e-b2fc-7027f3b60904,2000-11-11,,Прошли парламентские выборы в Боснии и Герцеговине;
00e2c102-f000-4bd2-972b-2e870c96607b,2000-11-11,,Референдум в Словакии.
00e2c629-7c00-40ae-bf64-c6ee5d25d590,2000-11-12,,"Участники саммита глав 56 исламских государств в Катаре договорились о дальнейшей поддержке палестинцев в борьбе против Израиля. Кроме того, было принято решение обратиться ко всем мусульманским государствам с предложением заморозить все отношения с Израилем;"
00e2c629-7c00-4b69-b94c-fcbd03c7dffc,2000-11-12,,Вице-губернатор Калужской области Анатолий Артамонов победил на губернаторских выборах в Калужской области; Евгений Михайлов переизбран губернатором Псковской области.
00e2cb4f-f800-4140-8841-afdba53f6e13,2000-11-13,,"президент РФ В. В. Путин выступил с заявлением, в котором предложил в будущем снизить уровень ядерных боезапасов России и США до 1500 единиц с каждой стороны."
00e2dac2-fc00-4c5c-8e35-6f937cc061a2,2000-11-16,,"Билл Клинтон стал первым президентом США, посетившим Вьетнам после окончания вьетнамской войны."
00e2dfe9-7800-4142-9190-2f779a602658,2000-11-17,,"президент Украины Леонид Кучма на встрече со студентами Института международных отношений КНУ заявил, что Украина никогда не будет ядерным государством."
00e2ea35-f000-4b65-9b69-5a8237c7a80c,2000-11-19,,"Перуанский президент Альберто Фухимори, находясь в Токио, заявил о своей отставке и что он на «долгое время» останется в Японии. 22 ноября Валентин Паниагуа стал и. о. президента Перу;"
00e2ea35-f000-425c-a8dc-82f9961e4d0e,2000-11-19,,Адмирал Владимир Егоров избран губернатором Калининградской области; Валерий Малеев переизбран губернатором Усть-Ордынского Бурятского автономного округа.
00e303f5-fc00-4173-8597-942edee8999b,2000-11-24,,неудачная попытка вооружённого переворота в Камбодже: Бойцы за свободу Камбоджи под руководством Ясит Чхуна и Ричарда Кири Кима атаковали правительственные здания и телецентр в Пномпене. Акция подавлена правительственными силами.
00e30e42-7400-48a8-a22b-c911233e8982,2000-11-26,,"На всеобщих выборах в Румынии правоцентристская коалиция потерпела сокрушительное поражение (26,37 % против 36,61 % у левоцентристов);"
00e30e42-7400-4d92-ab8b-09bf74ba8c02,2000-11-26,,Губернатор Курганской области Олег Богомолов вышел во второй тур губернаторских выборов.
00e31368-f000-46be-be05-5b54b59aefc5,2000-11-27,,"На канадских федеральных выборах вновь победила либеральная партия, её лидер Жан Кретьен остался на посту премьер-министра;"
00e31368-f000-4a9c-aebf-7f5798a404c9,2000-11-27,,"В Норвегии состоялось открытие Лердальского тоннеля длиной 24,5 км. Тоннель стал самым длинным автомобильным тоннелем в мире."
00e3188e-fc00-40fa-8ae4-7df4040bc93f,2000-11-28,,"лидер Социалистической партии Украины Александр Мороз обнародовал в украинских СМИ аудиозапись, на которой были записаны разговоры президента Леонида Кучмы, главы администрации президента Владимира Литвина и министра внутренних дел Украины Юрия Кравченко, касающиеся исчезновения журналиста Георгия Гонгадзе (так называемый «кассетный скандал»)."
00e32802-7000-4234-bd82-d6d6fbd0b87c,2000-12-01,,"101-й старт (STS-97) по программе Спейс Шаттл. 15-й полёт шаттла Индевор. Экипаж — Брент Джетт, Майкл Блумфилд, Джозеф Таннер, Марк Гарно (Канада), Карлос Норьега."
00e3324e-f800-4d3c-8252-7ab016a8082f,2000-12-03,,"В десяти субъектах России прошли выборы глав регионов. В Краснодарском крае, Астраханской и Пермской областях, Корякском автономном округе были выбраны губернаторы; в Республике Марий Эл, Ставропольском крае, Архангельской, Ивановской, Камчатской и Рязанской областях и Коми-Пермяцком автономном округе назначено повторное голосование"
00e3324e-f800-4075-9cb2-93324091d24c,2000-12-03,,В Венесуэле проведён референдум о выборности руководства профсоюзов.
00e341c1-fc00-4b1a-878a-617b8b4b950c,2000-12-06,,Застрелен глава городской администрации города Мурома Владимирской области Пётр Кауров;
00e341c1-fc00-4c0e-be05-ac885c3dd816,2000-12-06,,Открыт ливерморий — химический элемент с атомным номером 116.
00e34c0e-f400-4f9f-9e89-6eabf0048d2a,2000-12-08,,"В городе Пятигорске (Ставропольский край) в районе Верхнего рынка одновременно были взорваны два автомобиля. В результате терактов погибли 4 человека, 45 ранены"
00e34c0e-f400-49e0-9621-a47815410ee8,2000-12-08,,Проведён последний успешный сеанс связи с космическим аппаратом «Пионер-6» в честь 35-летия его запуска.
00e35134-f000-4994-86aa-d05f62ba8314,2000-12-09,,премьер-министр Израиля Эхуд Барак подал в отставку.
00e3565b-7c00-4c60-be11-5d19c258db5c,2000-12-10,,"Бывший президент Ион Илиеску одержал победу во втором туре президентских выборов в Румынии (66,83 %);"
00e3565b-7c00-4ff9-8190-54e70cc507a5,2000-12-10,,"Прошли выборы в Верховный Совет Приднестровья, большинство мест получили независимые кандидаты;"
00e3565b-7c00-4281-accb-b1a84f905e2c,2000-12-10,,В пяти субъектах России прошли выборы глав регионов. Переизбраны губернаторы Брянской области Юрий Лодкин (32 %); Владимирской области Николай Виноградов (65 %); Курганской области Олег Богомолов (51 %) и Хабаровского края Виктор Ишаев (88 %); в Костромской области назначено повторное голосование.
00e35b81-f800-4a68-8ef4-487ff07f83b9,2000-12-11,,в США началась регулярная эксплуатация высокоскоростных поездов «Acela Express».
00e372ae-7600-44d5-b047-a8266e64f399,2000-12-14,2000-12-17,"состоялся официальный визит В. В. Путина на Кубу. По итогам переговоров, подписано совместное заявление и ряд соглашений, регулирующих правовые и экономические аспекты двусторонних отношений."
00e3701b-7800-4671-9bf4-5bfe925e7966,2000-12-15,,"Остановлен 3-й реактор Чернобыльской АЭС, электростанция окончательно закрылась;"
00e3701b-7800-40be-a159-32fd7783db69,2000-12-15,,"В Киеве состоялся первый протест в рамках акции «Украина без Кучмы». Его участники требовали отставки президента страны Леонида Кучмы, с которым связывалось убийство оппозиционного журналиста Георгия Гонгадзе в сентябре. В акции приняли участие 24 политические партии и общественные организации."
00e37a67-f000-4ef6-bafe-bf7234c43904,2000-12-17,,"в семи субъектах России прошли повторные выборы глав регионов. Губернатором Ставропольского края переизбран Александр Черногоров (56,5 %); губернатором Архангельской области переизбран Анатолий Ефремов (58,5 %); губернатором Ивановской области избран Владимир Тихонов (62,3 %); губернатором Камчатской области избран Михаил Машковцев (46,2 %); губернатором Рязанской области переизбран Вячеслав Любимов (65,1 %); президентом Республики Марий Эл избран Леонид Маркелов (57,9 %); губернатором Коми-Пермяцкого автономного округа избран Геннадий Савельев (44,2 %)."
00e384b4-f800-4441-8dcb-192c99057b2e,2000-12-19,,"Вторая чеченская война: осуществлена попытка подрыва здания комендатуры Ленинского района (Грозный, Чечня);"
00e384b4-f800-4bcb-8624-f42611a17711,2000-12-19,,"Европейский консорциум «Airbus» дал официальный старт строительству Airbus A380, ставшего самым большим в мире пассажирским самолётом;"
00e384b4-f800-43cd-b959-067a5a7cea93,2000-12-19,,"Совет Безопасности ООН принял резолюцию № 1333, вводящую запрет на продажу оружия и авиасообщение с режимом талибов в Афганистане, оказывающим поддержку международному терроризму."
00e389da-f400-4e25-8adf-7324f0a1a0b1,2000-12-20,,"парламент Великобритании одобрил клонирование, но исключительно в медицинских целях."
00e38f01-7000-4356-b6f3-01ccc529abbd,2000-12-21,,"Нидерланды стали первой в мире страной, узаконившей однополые браки."
00e3994d-f800-4c83-bfd9-caa40abb100a,2000-12-23,,"на парламентских выборах в Сербии так же, как и в СРЮ, победила коалиция оппозиционных партий, получившая 64,1 % голосов (176 депутатских мандатов), социалистов поддержали 13,8 % избирателей (37 мест), Сербскую радикальную партию — 8,6 % (23 места), Партию сербского единства убитого незадолго до этого Ж. Ражнатовича-Аркана — 5,3 % (14 мест)."
00e39e74-7400-457a-b2d4-de22ead213dc,2000-12-24,,"В семи субъектах России прошли выборы глав регионов. Председателем правительства Республики Хакасия переизбран Алексей Лебедь (72,3 %); губернатором Волгоградской области переизбран Николай Максюта (36,52 %); губернатором Воронежской области избран Владимир Кулаков (59,9 %); губернатором Костромской области переизбран Виктор Шершунов (63 %); губернатором Ульяновской области избран генерал Владимир Шаманов (56,3 %); губернатором Челябинской области переизбран Пётр Сумин (58,7 %); губернатором Чукотки избран депутат Госдумы Роман Абрамович (90,6 %)"
00e39e74-7400-4b2f-8c62-f75f83d68269,2000-12-24,,В Индонезии совершён ряд нападений на церкви и священнослужителей с применением взрывных устройств; 18 человек погибли. Ответственность за теракты взяла на себя группировка «Джемаа Исламия».
00e3a39a-f000-4652-b56e-6ec752cf3bde,2000-12-25,,"конституционными законами России утверждены государственный флаг (триколор), герб (двуглавый орёл) и гимн (на музыку А. Александрова)."
00e37541-7400-4a66-bde7-08e03d9fd134,2000-12-01,2000-12-31,кризис на Чешском телевидении: спорное назначение Иржи Годача генеральным директором и его попытка приватизировать общественное телевидение привело к войне за эфирное время и началу массовой цензуры на телевидении.
00e3c7a7-7400-4e07-b55e-710d2089dae4,2001-01-01,,Греция стала 12-й страной в Еврозоне.
00e3e68d-7c00-47bd-92cb-e67b1914892e,2001-01-07,,"Во втором туре парламентских выборов в Азербайджане победу одержала партия «Новый Азербайджан», которая завоевала 75 из 125 мест."
00e3e68d-7c00-4f69-a8b9-e4e38379ee85,2001-01-07,,В Гане впервые с 1979 года происходит мирная передача власти. Она произошла когда Джон Куфуор принял присягу в качестве Президента Ганы.
00e3e68d-7c00-4dfc-8aec-c456928d2597,2001-01-07,,Сенегальский конституционный референдум.
00e3f0da-7400-46ec-81fa-9469a2edc7ff,2001-01-09,,"В Пакистане в провинции Синд близ города Котри сошёл с рельсов следовавший из Пешавара пассажирский поезд. Погибли более 15 человек, травмы получили порядка 200 человек."
00e3f0da-7400-4e96-9897-2ffe6cf6e277,2001-01-09,,"Apple Inc. запустили iTunes, программное обеспечение которое выполняет функции медиаплеера и медиа библиотеки."
00e3f600-7000-4fb2-aaa2-8bc1b6f20873,2001-01-10,,первый выход в свет Википедии как части «Нупедии». Через 5 дней Википедия становится самостоятельным сайтом.
00e40573-f400-4f5f-81dd-bbdc283ff900,2001-01-13,,землетрясение в Сальвадоре.
00e40a99-f000-415e-93d3-134b4f3a1fa2,2001-01-14,,"начался второй этап акции «Украина без Кучмы», который длился до 1 марта. Всё это время на Крещатике и Майдане Независимости проводились массовые акции протеста, митинги и манифестации. 1 марта палаточный городок на Крещатике был ликвидирован силовыми подразделениями."
00e40fc0-7c00-43e1-899b-1caf2d3167ad,2001-01-15,,"начал работу первый раздел «Википедии», wiki-энциклопедии со свободно редактируемым и распространяемым содержимым."
00e414e6-f800-4581-9ede-4466b233bd97,2001-01-16,,"убийство Лорана-Дезире Кабилы: президент Демократической Республики Конго был застрелен в своём офисе во дворце Мраморного дворца в Киншасе во времена Второй Конголезской войны и был доставлен в Хараре, столицу Зимбабве на лечение. Про его смерть сообщили спустя 2 дня после покушения хоть он и умер в тот день, после его смерти его заменил его сын Жозеф Кабила."
00e414e6-f800-437e-b697-6a1f213c5a0b,2001-01-16,,Диагностирован последний задокументированный случай вспышки лихорадки Эболы в Уганде 2000—2001.
00e41a0c-f400-4dff-bfa6-efc067abeef2,2001-01-17,,"евреи, пережившие Холокост, добились компенсации от властей Австрии за имущество, конфискованное в период правления нацистов."
00e421c6-7e00-4aef-b65e-263504f223b6,2001-01-17,2001-01-20,"Вторая народная революция на Филиппинах, свержение Джозефа Эстрады. Преемницей стала вице-президент Глория Макапагал-Арройо."
00e42459-fc00-4c02-9fd3-15cc9efb8612,2001-01-19,,В Бельгии разрешено употребление и хранение марихуаны.
00e42459-fc00-42d6-982f-d6a100c4a9fa,2001-01-19,,Юлия Тимошенко освобождена от должности вице-премьера Украины в связи с привлечением её к уголовной ответственности.
00e42459-fc00-485a-a089-5f35999dff19,2001-01-19,,Отключены сервера первого в мире мессенджера PowWow.
00e42980-7800-4ec0-8ae4-8d28df310002,2001-01-20,,"в США прекращение полномочий президента Билла Клинтона, инаугурация Джорджа Буша-младшего. Это событие сопровождалось акциями протеста тех, кто был против прихода к власти кандидата республиканцев, получившего меньшее количество голосов избирателей, чем его соперник Альберт Гор, но признанного победителем решением Верховного суда."
00e433cc-f000-4f00-af14-57563ad04d34,2001-01-22,,начало войны в Македонии (продолжалась до 12 ноября).
00e438f3-7c00-498e-b92b-84736ecbe00f,2001-01-23,,Групповое самосожжение на площади Тяньаньмэнь.
00e438f3-7c00-404b-9e15-1df47bb8564c,2001-01-23,,Попытка угона рейса 448.
00e438f3-7c00-443b-a7d3-229e29233328,2001-01-23,,"Международный трибунал по бывшей Югославии повторно выдал ордер на арест Слободана Милошевича, Милана Мулутиновича, Николы Саиновича, Драголюба Оянича и Владко Стойльковича."
00e4433f-f400-4744-b341-26e6b7c64cf3,2001-01-25,,Армения и Азербайджан стали полноправными членами Совета Европы.
00e44866-7000-41c4-a6aa-9cda41777315,2001-01-26,,"в Индии в штате Гуджарат произошло землетрясение магнитудой 7,6. По различным оценкам, погибло от 14 до 20 тысяч человек, разрушено около 400 тысяч зданий."
00e46225-fc00-4825-a0e3-6466f1383d11,2001-01-31,,в небе Японии едва не столкнулись два авиалайнера компании Japan Airlines.
00e47be5-f800-4356-8176-d4b6e0c9b236,2001-02-05,,в Москве в 18:50 произошёл взрыв на станции метро «Белорусская-кольцевая».
00e4810c-7400-4c07-af7c-8e9326e73a3e,2001-02-06,,Партия «Ликуд» во главе с Ариэлем Шароном выиграла парламентские выборы в Израиле.
00e4810c-7400-4703-8480-7b116e20ee37,2001-02-06,,Папа Римский Иоанн Павел II избрал святого Исидора Севильского покровителем Интернета.
00e48632-f000-4633-b9cc-046483ab0598,2001-02-07,,"102-й старт (STS-98) по программе Спейс Шаттл. 23-й полёт шаттла Атлантис. Экипаж — Кеннет Кокрелл, Марк Ролански, Роберт Курбим, Марша Айвинс, Томас Джоунс. Доставка модуля «Дестини» для МКС."
00e48b58-fc00-49e9-a0d3-07065fef69f3,2001-02-08,,Узбекистан и Мьянма установили дипломатические отношения.
00e4907f-7800-40f0-9113-3b858d5677e6,2001-02-09,,премьер-министром Таиланда стал Таксин Чиннават.
00e495a5-f400-48d1-a66f-16bfdacdf317,2001-02-09,2001-02-11,парламентские выборы в Лихтенштейне. Прогрессивная гражданская партия получила 13 и 25 мест в Ландтаге .
00e4a518-f800-4939-bfc2-a06a75a346d9,2001-02-13,,"столкновение пригородного поезда с автопоездом на переезде участка Белоостров — Дибуны. Погиб 1 пассажир, 10 получили ранения ."
00e4aa3f-7400-4e96-8993-63984588af6d,2001-02-14,,первая в истории посадка космического аппарата на астероид: завершивший свою космическую миссию аппарат «NEAR Shoemaker» приземлился на астероид 433 Эрос .
00e4acd2-7200-4085-a898-d0b35d1a58a4,2001-02-14,2001-02-15,"в Бахрейне в ходе референдума подавляющее большинство избирателей проголосовало за демократические реформы. 98,4 % избирателей одобрили национальную хартию, предусматривающую преобразование Эмирата в конституционную монархию с парламентом."
00e4b48b-fc00-4b5e-9412-eacf0f72557a,2001-02-16,,"в Приштине (Косово) произошёл теракт — подрыв автобуса «Ниш-экспресс». Погибли 12 человек, 22 пострадали."
00e4bed8-7400-4a39-9cbe-cc78941f733f,2001-02-18,,"арестован Роберт Ханссен, высокопоставленный сотрудник ФБР, работавший на Москву."
00e4c3fe-f000-42b9-bb99-fa5e92b50ae0,2001-02-19,,начало трансляции телеигры «Кто хочет стать миллионером?» на телеканале ОРТ .
00e4c925-7c00-46bb-b5a1-33a39286db9f,2001-02-20,,"состоялся всенародный референдум, на котором были одобрены поправки к Конституции, направленные на укрепление личной власти президента Йеменской Республики. Срок его полномочий увеличился до 7 лет (ранее — пять) ."
00e4d371-f400-4692-ac91-4809bf5777c5,2001-02-22,,по приказу лидера и исполненный участниками организованного преступного сообщества «Общак» совершён поджог кафе «Чародейка» в городе Комсомольск-на-Амуре .
00e4e2e4-f800-4b1f-b438-b2795191cc9c,2001-02-25,,"парламентские выборы в Молдове, победу в них одержала Партия коммунистов, получившая 50,07 % голосов, 71 мест в парламенте (из 101) и возможность формировать правительство и избрать президента страны ."
00e4e80b-7400-4e26-bdbf-cbd6dcd230a9,2001-02-26,,"подписан Ниццкий договор, который внёс изменения в Маастрихтский договор (или Договор о Европейском союзе), а также Римский договор (или Договор о создании Европейского сообщества). Этот договор стал следующим шагом в процессе дальнейшего реформирования Евросоюза. Он содержал статьи и декларации, протоколы и прочие приложения ."
00e4f258-7c00-4c1f-a112-5c7b51fcb8f1,2001-02-28,,"в Великобритании близ города Шелби произошло столкновение пассажирского и грузового поездов. Погибли 10 человек, 82 пострадали."
00e4f77e-7800-4d82-bd1b-54aa331e8855,2001-03-01,,Введён полномасштабный визовый режим между Россией и Грузией.
00e4f77e-7800-41a0-a11d-b4ec683cddde,2001-03-01,,В Болгарии прошла перепись населения.
00e506f1-7c00-463f-b47d-0f4610b94e36,2001-03-04,,В Афганистане талибы начали разрушение древних гигантских статуй Будды. В течение нескольких дней две статуи были разрушены полностью.
00e506f1-7c00-425c-b2e7-4009b3483a68,2001-03-04,,Большинство жителей Швейцарии проголосовали против присоединения страны к Европейскому союзу.
00e506f1-7c00-48e7-b05d-fb73c4806c9e,2001-03-04,,"Боевики Подлинной Ирландской республиканской армии заложили бомбу в автомобиль около телецентра Би-би-си, расположенного на Вуд-Лэйн в Уайт-Сити, в Западном Лондоне. В результате взрыва пострадал один человек."
00e51664-f000-417c-bce9-40616dae2eba,2001-03-07,,Ариэль Шарон избран на пост главы правительства Израиля.
00e51b8a-fc00-461b-8044-a198987b2074,2001-03-08,,"103-й старт (STS-102) по программе Спейс Шаттл. 29-й полёт шаттла Дискавери. Экипаж — Джеймс Уэзерби, Джеймс Келли, Эндрю Томас, Пол Ричардс, Джеймс Восс, Сьюзан Хэлмс, Юрий Усачёв(Россия)."
00e520b1-7800-4fea-95ac-2fc182217b7c,2001-03-09,,"в день рождения Т. Шевченко у его памятника в Киеве состоялась очередная демонстрация «Украина без Кучмы», а несколько её членов были задержаны правоохранительными органами. Сразу после этого большинство митингующих отправились в Киевское управление МВД с требованием освободить задержанных возле парка Шевченко. Завершилось шествие возле администрации президента на ул. Банковой массовыми столкновениями между участниками акции и отрядами «Беркута». Демонстрации «УБК» продолжались до апреля."
00e52afe-7000-4ef6-a689-7ee5332023ca,2001-03-11,,"Вторая чеченская война: на 2186-м километре Северо-кавказской железной дороги был подорван грузовой состав, следовавший по маршруту Гудермес — Хасавюрт. С рельсов сошла треть вагонов, разрушены железнодорожные пути."
00e53024-7c00-4d99-bf41-a07e7b143cc5,2001-03-12,,Йовери Кагута Мусевени переизбран президентом Уганды.
00e5354a-f800-497c-a1fc-882ed99008b3,2001-03-13,,"реактивный истребитель США типа FA-18 «Hornet» во время тренировочного полёта над Кувейтом случайно сбросил бомбу. Взрывное устройство сработало на учебном полигоне базы США, погибли пять военнослужащих США и один из Новой Зеландии."
00e5422a-fe00-4bc6-af95-35a7c559c906,2001-03-15,2001-03-16,"три чеченских террориста захватили в Стамбуле (Турция) 174 заложника на борту самолёта Ту-154 «Внуковских авиалиний», вылетавшего в Москву. Лайнер приземлился в Саудовской Аравии, где в результате штурма заложники были освобождены. Стюардесса и один террорист были убиты при штурме, двое задержаны и осуждены на 6 и 4 года тюрьмы."
00e544bd-fc00-4700-a736-26c71156634f,2001-03-16,,В результате серии взрывов в нескольких хлопковых заводов в северной китайском городе Шицзячжуан примерно 108 человек погибли.
00e544bd-fc00-4b7c-98b0-baefe985b436,2001-03-16,,"После слушаний в Гаагском суде принят вердикт, по которому Хаварские острова отошли Бахрейну, а отмели Фашт ад-Дибаль были переданы Катару."
00e568ca-7000-44e2-aec0-f03c384f4196,2001-03-23,,российская космическая станция «Мир» затоплена в Тихом океане рядом с Нанди (Фиджи).
00e56df0-fc00-4d7a-a586-1eb4e32d2a7c,2001-03-24,,Компания «Apple Computers» выпустила операционную систему «Mac OS X» (10 версию операционной системы «Mac OS»).
00e56df0-fc00-4792-a0ec-0b09bed184bd,2001-03-24,,"Теракт в Минеральных Водах. В результате теракта погиб 21 человек, около 100 ранены."
00e591fd-7000-4780-9145-a0c1e7bfc564,2001-03-31,,"на Пушкинской площади прошёл митинг в защиту свободы слова и телекомпании НТВ, организованный партией «Яблоко», СПС и Союзом журналистов России. В нём приняли участие 20 тыс. человек."
00e59723-fc00-46d4-95a9-29cafc381840,2001-04-01,,В Нидерландах заключены первые в мире однополые браки.
00e59723-fc00-488f-82cc-4a04c7d22861,2001-04-01,,Бывший президент Югославии Слободан Милошевич арестован на своей вилле в белградском районе Дединье в ходе полицейской спецоперации.
00e59723-fc00-4529-be8c-6df6808a6548,2001-04-01,,"Над территорией китайского острова Хайнань произошло воздушное столкновение радиоразведывательного самолёта ВМС США EP-3E ARIES II и истребителя Народно-освободительной армии КНР Shenyang J-8. В результате инцидента самолёт США получил крупные повреждения и был вынужден приземлиться, а экипаж в количестве 24 человек сдаться. Китайский истребитель потерпел крушение, пилот погиб. Данное происшествие существенно осложнило отношения двух стран."
00e59c49-f800-4173-9a84-ed0b7b0e10e0,2001-04-02,,в Москве открылся VIII Всеславянский съезд (продолжался до 4 апреля).
00e5a696-f000-406f-ba70-af84d70b5466,2001-04-04,,парламент Молдовы избрал Владимира Воронина президентом республики (7 апреля вступил в должность).
00e5abbc-fc00-4d75-bcf9-22bfb8e02e49,2001-04-05,,Отмар Хаслер сменил на посту премьер-министра Лихтенштейна Марио Фрика.
00e5caa3-7400-4b3d-8c7d-d4ae0889d2e7,2001-04-06,2001-04-16,в Литве прошла перепись населения .
00e5b609-f400-47ac-b7a9-8e8539381b2f,2001-04-07,,"сводным отрядом «Альфа» ФСБ РФ, Горноалтайским СОБР, на Алтае, в подозрении к подготовке вооружённого восстания в республике Казахстан, был арестован Эдуард Лимонов ."
00e5bb30-7000-4944-84e9-1fe5aad2c2c9,2001-04-08,,"в первом туре президентских выборах в Перу победу одержал Алехандро Толедо от партии Возможное Перу, а его партия получила большинство в Конгрессе ."
00e5caa3-7400-45bf-9973-0225d18e7d5c,2001-04-09,2001-04-13,в Цинциннати произошли массовые беспорядки в связи с убийством 19-летнего афроамериканца белым полицейским .
00e5caa3-7400-4cfb-82b5-fa42c8a3bd6e,2001-04-11,,"во время футбольного матча между командами «Орландо Пайретс» и «Кайзер Чифс» на стадионе «Эллис Парк» в городе Йоханнесбурге произошла массовая давка, в которой погибли 43 человека."
00e5da16-7800-43d6-ad46-13b67b8bea78,2001-04-14,,силовой захват телекомпании «НТВ» представителями одного из акционеров компании «Газпром».
00e5eeaf-f800-40d9-b15c-c4b930c29a80,2001-04-16,2001-04-20,"между Индией и Бангладеш произошёл пограничный конфликт, в ходе которого погибли десятки человек."
00e5f3d6-7400-4feb-97dd-9b743c6c5353,2001-04-19,,"104-й старт (STS-100) по программе Спейс Шаттл. 16-й полёт шаттла Индевор. Экипаж — Кент Роминджер, Джеффри Эшби, Крис Хэдфилд (Канада), Джон Филипс, Скот Паразински, Умберто Гуидони (Италия), Юрий Лончаков (Россия)."
00e5f3d6-7400-453e-bd1e-232f01dc2632,2001-04-19,,Вотумом доверия парламента Молдовы Василий Тарлев был избран на должность премьер-министра.
00e5f8fc-7000-4e0e-845d-33acfe51e216,2001-04-20,,Китай исключает гомосексуальность из списка психических заболеваний.
00e6086f-7400-4d57-bd52-45c1f70337fb,2001-04-23,,компания «Intel» представила новый процессор «Pentium 4» .
00e617e2-f800-4b3a-907d-2624e06690b7,2001-04-26,,Верховная рада Украины выразила недоверие правительству Виктора Ющенко и президент принял его отставку.
00e617e2-f800-42b4-a84f-3e9dc71335c3,2001-04-26,,Премьер-министр Японии Ёсиро Мори подал в отставку. На посту премьера его сменил Дзюнъитиро Коидзуми .
00e6222f-7000-426b-b3ba-43d2adfb304b,2001-04-28,,"старт космического корабля Союз ТМ-32. Экипаж старта — Т. А. Мусабаев, Ю. М. Батурин и Деннис Тито (США) — первый космический турист ."
00e62755-fc00-4847-93dc-72b9cb202098,2001-04-29,,"Госдума России приняла во втором чтении законопроект, разрешающий ввоз в Россию облучённого ядерного топлива."
00e62755-fc00-42d0-a080-ca2f1d8733f6,2001-04-29,,В Великобритании прошла перепись населения.
00e62755-fc00-4483-af71-e3a1bdea0d0d,2001-04-29,,Май — в Донецке установлена точная копия Царь-пушки .
00e64115-7800-4824-8297-c0d6b31bef03,2001-05-04,,"американская актриса, фотомодель и певица Бонни Ли Бакли была убита выстрелом в голову. Первоначально в её убийстве был обвинён супруг Бакли актёр Роберт Блейк, однако 16 марта 2005 года он был признан невиновным. Убийство осталось нераскрытым."
00e64b62-7000-44e1-97d3-792ae4c1c242,2001-05-06,,"приземление корабля Союз ТМ-31. Экипаж посадки — Т. А. Мусабаев, Ю. М. Батурин и Д. Тито (США)."
00e65ad5-7400-4d31-83f5-4af2c5407cd6,2001-05-09,,на футбольном стадионе в Аккре (Гана) в давке погибли 126 человек.
00e66521-fc00-4e4f-9013-df365a94d506,2001-05-11,,анонсировано создание раздела «Википедии» на русском языке.
00e66a48-7800-40fe-80be-52fd361ea163,2001-05-12,,в Копенгагене состоялся 46-й международном музыкальном конкурсе песни «Евровидение». Победу одержал дуэт из Эстонии Танель Падар и Дэйв Бентон.
00e66f6e-f400-45ac-b9fe-59382685cd46,2001-05-13,,парламентские выборы в Италии привели к победе крупнейшей итальянской правоцентристской коалиции — Дом свобод.
00e679bb-7c00-4175-bd40-9d2342b4b2c5,2001-05-15,,В Санкт-Петербурге закрыт Варшавский вокзал .
00e679bb-7c00-4b44-8f24-8da29e2d4571,2001-05-15,,"Инцидент с CSX 8888, в результате которого неуправляемый поезд проследовал 66 миль (106 км) по штату Огайо."
00e6937b-7800-42a5-ae7d-a05960c4c9c1,2001-05-20,,на президентских выборах в Монголии на второй срок был переизбран Нацагийн Багабанди от Монгольской народно-революционной партии .
00e6a814-f800-4247-9e17-f2f8ec63cf52,2001-05-24,,В русской Википедии появилась первая статья.
00e6a814-f800-421d-a1d6-053e65f8f2b6,2001-05-24,,"На свадьбе в Иерусалиме обрушился потолок, 25 человек погибли."
00e6ad3a-f400-4662-9ebc-56939de2ecf7,2001-05-25,,в Грузии вспыхнул мятеж Национальной гвардии.
00e6c1d4-7400-4a6c-8db6-cf90f57bedb3,2001-05-29,,премьер-министром Украины стал Анатолий Кинах.
00e6c6fa-f000-47c9-928a-f50dd653cd75,2001-05-30,,неизвестные бросили гранату РГД-5 на территорию Посольства России в Минске.
00e6cc21-7c00-4809-a29c-c296b104700d,2001-05-31,,Литва вступила в ВТО.
00e6d147-7800-42cd-93bd-b5d44c200737,2001-06-01,,"В Тель-Авиве террорист-камикадзе взорвал себя у входа в кафе «Дольфи», погиб 21 человек, большая часть из которых — дети в возрасте от 14 до 17 лет, в основном выходцы из Советского Союза."
00e6d147-7800-4b9a-819d-0f9a005136b5,2001-06-01,,"В Югославии завершились боевые действие между войсками Союзной Республики Югославия (ВС и полиция) и незаконным вооружённым формированием «Армия освобождения Прешево, Медведжи и Буяноваца»."
00e6d147-7800-4200-9bba-294e15c8b11f,2001-06-01,,"Массовое убийство королевской семьи Непала, произошедшее в королевском дворце Нараянхити, резиденции непальских монархов."
00e6db94-7000-4c9d-91e0-fd5d2823e1b5,2001-06-03,,Алехандро Толедо избран президентом Перу.
00e6e5e0-f800-43ab-94dd-b883a68b675f,2001-06-05,,"во Франции одобрен законопроект, который даёт возможность государству контролировать деятельность религиозных сект."
00e6f02d-f000-4623-859c-0f910285ada2,2001-06-07,,"Парламентские выборы в Великобритании, вторая подряд победа лейбористов."
00e6f02d-f000-4cd1-8503-6c2b308b5dd4,2001-06-07,,Узбекистан и Коста-Рика установили дипломатические отношения.
00e6f553-fc00-4eeb-b537-1efbb8fd8ffd,2001-06-08,,"В начальной школе Икэда, элитном учебном заведении при Педагогическом университете Осаки, бывший школьный уборщик Мамору Такума совершил массовое убийство."
00e6f553-fc00-484b-8ab7-4b41acde713b,2001-06-08,,Мохаммад Хатами переизбран президентом Ирана.
00e6ffa0-f400-4490-af94-36dbc5f09a31,2001-06-10,,"парламентские выборы в Сан-Марино, Христианско-демократическая партия осталась крупнейшей партией парламента, сохранив 25 из 60 мест. Явка составила 74 %."
00e704c7-7000-4fe5-8072-2d05980b894e,2001-06-11,,председателем Совета министров Италии вновь стал Сильвио Берлускони.
00e71960-f000-47d7-ab79-e0afc385fd55,2001-06-15,,"лидерами Китая, России, Казахстана, Таджикистана, Киргизии и Узбекистана основана Шанхайская организация сотрудничества."
00e723ad-7800-43fa-ace4-964d3bcf5c89,2001-06-17,,"«Национальное движение Симеона II» выиграла парламентские выборы в Болгарии и последний царь Болгарии Симеон II возглавил правительство (оно также включало членов ДПС и БСП, однако не имело официальной поддержки социалистов)."
00e73320-7c00-41bd-a13f-f5273055612e,2001-06-20,,произошёл крупный пожар на армейских складах недалеко от села Гусиное Озеро.
00e73846-f800-4640-9caa-28575946e7be,2001-06-21,,состоялось полное солнечное затмение.
00e73d6d-7400-4b1b-88ee-d16e5097a755,2001-06-22,,в Воронежской области при выполнении авиационно-химических работ потерпел катастрофу самолёт Авиатика-МАИ-890. Пилот погиб.
00e74293-7000-452d-949d-51d0def84dfd,2001-06-23,,"произошло крупное землетрясение в Перу магнитудой 8,4. Погибли более 240 человек (70 пропавших без вести), было ранено 2,4 тысячи человек, разрушено 22,4 тысячи домов."
00e74f73-7600-4151-9714-96d8cca9b8d1,2001-06-25,2001-06-26,Вторая чеченская война: Нападение боевиков на Ханкалу.
00e75c53-7c00-4a46-b3f5-f6a961fffea3,2001-06-28,,Слободан Милошевич по решению Зорана Джинджича тайно выдан Международному трибуналу по бывшей Югославии по обвинению в военных преступлениях.
00e770ec-fc00-4cc8-9472-7fd4ca88b153,2001-07-02,,"Роберт Тулс стал первым человеком, которому имплантировали портативное искусственное сердце. С этим сердцем Тулс прожил 151 день (ум. 30 ноября 2001)."
00e77612-f800-4a5b-8ebd-c6e280639218,2001-07-03,,Слободан Милошевич впервые предстал перед трибуналом.
00e77b39-7400-4e90-99bb-6f8c13696b80,2001-07-04,,в Иркутске самолёт Ту-154 потерпел авиакатастрофу. Погибли все 145 человек.
00e79f45-f800-483a-a2ce-1d0fa402c5b4,2001-07-11,,"принят закон о политических партиях, вносящий изменения в избирательное законодательство и направленный на ликвидацию партий с малой численностью членов."
00e7a46c-7400-4a35-91bb-551980f61f37,2001-07-12,,"105-й старт (STS-104) по программе Спейс Шаттл. 24-й полёт шаттла Атлантис. Экипаж — Стивен Линдсей, Чарлз Хобо, Майкл Гернхардт, Джанет Каванди, Джеймс Рейли."
00e7a992-f000-4958-b7d7-a5bc822fe49b,2001-07-13,,Пекин объявлен столицей летних Олимпийских игр 2008 года.
00e7b905-f400-4435-a125-3ed1dd266032,2001-07-16,,"Президентом России Владимиром Путиным и председателем КНР Цзян Цзэминем подписан российско-китайский договор о добрососедстве, дружбе и сотрудничестве, рассчитанный на 20 лет."
00e7b905-f400-4175-bc29-686a5201a9b6,2001-07-16,,"Российский гражданин Дмитрий Скляров арестован сотрудниками ФБР и заключён в тюрьму за имевшее место нарушение закона Соединённых Штатов Америки об авторском праве (1998 г.), написав для Элкомсофт программное обеспечение."
00e7c352-7c00-4d4a-9606-1f9ac515f0ca,2001-07-18,,Владимир Путин провёл в Кремле первую крупную пресс-конференцию для российских и зарубежных корреспондентов.
00e7d2c5-7000-49e5-99d6-78edda6f9d71,2001-07-20,2001-07-22,"на саммите «Группы восьми» в Генуе при активном участии России предпринят ряд практических шагов, нацеленных на решение задач по обеспечению устойчивого развития человечества в условиях глобализации, включая аспекты борьбы с бедностью и преодоления разрыва между высокоразвитыми и развивающимися государствами."
00e7ec85-7c00-4008-af52-1b2f7659a82b,2001-07-21,2001-07-31,от ливней в Пакистане погибло по меньшей мере 200 человек.
00e881dd-f800-40cb-97d2-fb35f2f5581f,2001-07-25,2001-09-23,Красный дождь в Керале.
00e7ec85-7c00-495d-aae7-2a2e2b201e32,2001-07-26,,Молдова вступила в ВТО.
00e7f1ab-f800-44a7-b394-184902a83d06,2001-07-27,,в России принято решение о запрете на 5 лет клонирования человеческих существ.
00e7f6d1-f400-4020-9748-73d7ca35478f,2001-07-28,,Алехандро Толедо приведён к присяге в качестве нового президента Перу.
00e80645-7800-4706-a8a1-efc15dac4782,2001-07-31,,"в районе Невинномысска (Ставропольский край) чеченец Султан-Саид Идиев захватил автобус, в котором находились 40 человек. Террорист был вооружён гранатой и автоматом, он требовал освободить заключённых, которые в 1994 году захватили самолёт в Махачкале. В ходе штурма террорист был уничтожен. Один заложник был ранен в результате взрыва шумовой гранаты, применённой спецназом."
00e80b6b-7400-4f05-a39c-df43804c7457,2001-08-01,,в Германии вступил в силу закон о зарегистрированных гражданских партнёрствах.
00e815b8-7c00-4023-aa53-2c6525aeec66,2001-08-03,,"боевики Подлинной Ирландской республиканской армии взорвали автомобиль, в котором находилась бомба мощностью 45 кг в тротиловом эквиваленте, на Илинг-Бродвей в Западном Лондоне. В результате взрыва пострадали семь человек."
00e8252b-7000-4134-8f41-40db2eeb8467,2001-08-06,,президент Боливии Уго Бансер Суарес ушёл в отставку в связи с проблемами со здоровьем. Преемником стал вице-президент Хорхе Кирога.
00e84411-7800-4f08-9a3f-0d1fa179f503,2001-08-08,2001-08-16,в Алжире (Алжир) прошёл XV Всемирный фестиваль молодёжи и студентов.
00e8349e-7400-41f3-a702-dc55dfe49a3a,2001-08-09,,военные во главе с Мохамедом Бакаром (Mohamed Bacar) захватили власть на острове Анжуан (Коморские Острова).
00e839c4-f000-4118-ac5f-7251a51e6834,2001-08-10,,"106-й старт (STS-105) по программе Спейс Шаттл. 30-й полёт шаттла Дискавери. Экипаж: Скотт Хоровиц, Фредерик Стеркоу, Патрик Форрестер, Даниэль Барри, Фрэнк Калбертсон, Владимир Дежуров (Россия), Михаил Тюрин (Россия)."
00e84937-f400-42d3-b8c1-6efe05d5d2d6,2001-08-13,,"в Анголе сошёл с рельсов пассажирский поезд. Причина — сработавшее взрывное устройство. Погибли 412 человек, пропали без вести 259 человек."
00e862f7-f000-4d77-a301-8a5f708bcf58,2001-08-18,,74 человека погибли при пожаре в гостинице в Маниле.
00e8681d-fc00-4bee-8e32-f90cba93fdd1,2001-08-19,,"В Астрахани на самом крупном астраханском рынке «Кировский» примерно в 16.20 прогремел мощный взрыв, в результате которого 8 человек погибли и около 60 получили ранения различной тяжести."
00e8681d-fc00-43d6-94cc-4cff43324d50,2001-08-19,,"При взрыве в донецкой шахте 50 шахтёров погибли, более 20 тяжело ранены."
00e881dd-f800-431d-9e38-8d4ed935016e,2001-08-24,,Airbus A330-200 авиакомпании Air Transat из-за утечки топлива совершил самое длинное планирование среди реактивных самолётов.
00e89150-fc00-4f16-a7ae-8d52beb83596,2001-08-27,,Узбекистан и Парагвай установили дипломатические отношения.
00e8b55d-7000-4839-acf4-6a26733931f5,2001-08-28,2001-09-09,в Брисбене прошли игры Доброй воли.
00e89b9d-7400-4a3a-8457-ea4f1037f92a,2001-08-29,,обнаружен человеческий ген долголетия.
00e8ab10-f800-429b-9a73-4881aa427fcd,2001-09-01,,"На Украине вступил в силу новый Уголовный кодекс, в котором высшая мера наказания заменена пожизненным заключением."
00e8ab10-f800-4aa4-a369-dae5c432d0c2,2001-09-01,,"Пуск Юнусабадской линии Ташкентского метрополитена, первой, построенной в Узбекистане за годы независимости."
00e8bfa9-f800-400f-a430-05c476c35a46,2001-09-05,,"трое пожизненных заключённых — Анатолий Куликов, Владимир Железогло, Борис Безотечество — совершили побег из Бутырской тюрьмы."
00e8d443-7800-4e56-9a15-221b95657aa8,2001-09-09,,Александр Лукашенко переизбран президентом Беларуси на второй срок.
00e8d443-7800-4290-84bb-7e44d4fcbf75,2001-09-09,,В Бадахшане (Северный Афганистан) в результате покушения совершённого проникшими под видом журналистов двумя террористами-смертниками получил тяжёлые ранения и в тот же день скончался военный лидер Северного альянса Ахмад Шах Масуд.
00e8d443-7800-4305-842e-e6df01cb38aa,2001-09-09,,"В 01:46:40 по Гринвичу часы отсчитали миллиардную секунду эры Unix, которая началась в полночь 1 января 1970 года — именно с этого момента Unix-системы отсчитывают «внутреннее» время."
00e8d6d6-f600-4d64-8c6c-c2ae7b4ce2b3,2001-09-09,2001-09-10,"в результате массового отравления на западе Эстонии 68 человек погибли, 40 человек стали инвалидами II степени (в связи с потерей зрения и/или острого поражения мозга и нервной системы) и 3 человека получили инвалидность I степени."
00e8d969-f400-4ef1-9a51-4e0839d59668,2001-09-10,,"Совет Безопасности ООН единогласно принял резолюцию № 1367, которой постановил прекратить действие санкции против Югославии."
00e8de90-7000-48c8-9416-5c2c3d89ef20,2001-09-11,,"произошла крупнейшая террористическая атака в Соединённых Штатах Америки. Был уничтожен Всемирный торговый центр, погибло порядка трёх тысяч человек, в Пентагоне пострадало левое наружное крыло, погибло 125 человек. Начало Войны против терроризма."
00e8e3b6-7c00-4d7e-bbe6-e79c18d620c5,2001-09-12,,"на экстренной сессии Совета НАТО генсек альянса лорд Дж. Робертсон заявил о введении в действие (впервые в истории Североатлантического блока) ст. 5 Вашингтонского договора о создании НАТО. Статья предусматривает коллективную оборону для всех государств блока в случае нападения на одну из стран-участниц. Этот шаг явился прямым следствием происшедших накануне событий, связанных с террористической атакой на Нью-Йорк и Вашингтон."
00e8fd76-7800-401f-9f6a-fb81a815a568,2001-09-17,,"Вторая чеченская война: в Грозном сбит вертолёт с военной комиссией Генерального Штаба, погибли 13 человек."
00e90009-7600-4fc1-8637-e325cd67eead,2001-09-17,2001-09-18,"Вторая чеченская война: нападение боевиков на Гудермес: нападение отбито, в результате применения ракетного комплекса Точка-У уничтожена группа более чем в 100 человек."
00e9120f-f800-46fc-83aa-a8dafc59ad02,2001-09-21,,"Авиалайнер Ил-86 авиакомпании «Аэрофлот — Российские авиалинии» совершал рейс SU521 по маршруту Москва — Дубай, но, заходя на посадку в аэропорту Дубая, по вине экипажа совершил жёсткую посадку «на брюхо». Все находившиеся на его борту 322 человека (307 пассажиров и 15 членов экипажа) выжили."
00e9120f-f800-41ea-a39b-05bbea6863ce,2001-09-21,,Коллегия выборщиков выбрала Арнольда Рюйтеля президентом Эстонии.
00e9120f-f800-4ea8-a19b-2b01f803b8ae,2001-09-21,,В результате взрыва на химическом заводе во французском городе Тулуза около 29 человек погибли.
00e91c5c-7000-4b08-b289-224b7711d220,2001-09-23,,"коалиция СДЛС и Унии труда победила на парламентских выборах в Польше, получив (41,04 %) голосов, 216 из 460 мест в Сейме и 75 из 100 — в Сенате."
00e92182-fc00-4c69-a084-d6297b5884b9,2001-09-24,,"македонский парламент одобряет 15 поправок в Конституцию, которые дают албанскому меньшинству больше прав."
00e92415-fa00-48d8-b5e1-173aa4209d34,2001-09-24,2001-09-25,"Погос Погосян, знакомый с президентом Армении Робертом Кочаряном, обратился к нему в ереванском кафе со словами «Привет, Роб», чем вызвал гнев Кочаряна. После этого Погосян был избит до смерти президентской охраной. Наказание понёс лишь один из телохранителей Кочаряна, приговорённый к условному тюремному сроку."
00e930f5-f000-4e87-aa0c-d64a4af3cbee,2001-09-27,,Правительство Норвегии учредило премию за математические исследования — Абелевскую премию.
00e930f5-f000-43b7-bf96-5cf8009d3b60,2001-09-27,,Стрельба в парламенте швейцарского кантона Цуг. Вооружённый автоматом и пистолетом мужчина в полицейской форме расстрелял 14 человек — депутатов и членов местного правительства. Спустя несколько минут после начала атаки он бросил в людей гранату. 18 человек получили ранения.
00e9361c-7c00-4b86-b226-2042bd538ca0,2001-09-28,,Совет Безопасности ООН принял резолюцию № 1372 о борьбе с терроризмом.
00e93b42-f800-42ad-aad2-2db12aabe4e2,2001-09-29,,гражданам России разрешено открывать счета в иностранных банках.
00e9458f-7000-4bbe-96fb-288b0a77536a,2001-10-01,,В Бангладеш оппозиционные партии победили на парламентских выборах.
00e9458f-7000-4d0f-9ec5-f43432de1393,2001-10-01,,Г. Новицкий назначен исполняющим обязанности премьер-министра Республики Беларусь. 10 октября утверждён в должности.
00e94fdc-7800-4fa8-9ccc-e0ad082c1c58,2001-10-03,,"Владимир Путин встретился с генсеком НАТО Джорджем Робертсоном и заявил, что РФ готова строить с НАТО партнёрские отношения."
00e95502-7400-4e8a-bdb1-0c5f04432b3b,2001-10-04,,"ракета, запущенная с крымского полигона в ходе учений ПВО Украины, сбила пассажирский самолёт «Ту-154» российской авиакомпании «Сибирь». В результате погибли 78 человек — граждане России и Израиля."
00e9790e-f800-4a50-be8c-60a92bababfa,2001-10-04,2001-10-18,нападение грузинских боевиков под руководством Эмзара Квициани при поддержке чеченских боевиков полевого командира Руслана Гелаева в Кодорском ущелье в ходе грузино-абхазского конфликта.
00e96475-7800-4dc2-ab01-50a2038fc28d,2001-10-07,,США начали военную операцию в Афганистане.
00e9699b-f400-4c68-aeab-75efd1cf6317,2001-10-08,,"Авиалайнер McDonnell Douglas MD-87 авиакомпании Scandinavian Airlines System (SAS) (рейс SK 686 Милан—Копенгаген), едва оторвавшись от взлётной полосы, столкнулся с частным самолётом Cessna 525A CitationJet CJ2 (рейс по маршруту Милан—Париж). «Сессна» полностью разрушилась, а MD-87 проскользил по ВПП и врезался в ангар. В результате столкновения погибли все 114 человек на борту обоих самолётов (110 на MD-87 и 4 на «Сессне») и 4 человека на земле."
00e9699b-f400-4916-8c79-16933630d797,2001-10-08,,Арнольд Рюйтель официально вступил в должность президента Эстонской Республики.
00e9699b-f400-4ef7-91ff-2706dc120605,2001-10-08,,Гырма Уольде-Гиоргис Лука избран парламентом Эфиопии президентом страны.
00e9790e-f800-4fd0-9ac4-28ad0056f5da,2001-10-11,,"Polaroid начала свою первую процедуру банкротства. В течение года после этого большая часть бизнеса Polaroid была продана компании Imaging Corporation, принадлежавшей Bank One."
00e98881-fc00-4193-9e8d-8cbf6698ce32,2001-10-14,,оппозиционные перонисты одержали победу на парламентских выборах в Аргентине.
00e997f5-7000-481a-a054-9e55e7d38080,2001-10-17,,В иерусалимской гостинице «Хаят» боевиками НФОП застрелен министр туризма Израиля Рехаваам Зеэви. В этот день он был намерен покинуть коалицию Шарона в знак протеста против частичного вывода войск из Хеврона.
00e997f5-7000-405e-806e-d7b9624e147e,2001-10-17,,Владимир Путин объявил о закрытии с 1 января 2002 года российской военно-морской базы в Камрани во Вьетнаме и выводе радиоэлектронного центра из Лурдеса на Кубе.
00e99d1b-7c00-4a25-a590-14fbb9d2b71e,2001-10-18,,"президент Гамбии Яйя Джамме переизбран на 2-й срок, получив чуть более 50 % голосов. В ходе предвыборной кампании наблюдалось насилие со стороны полиции по отношению к сторонникам оппозиции."
00e9a241-f800-4588-aa1d-7c1528d58567,2001-10-19,,В первом туре парламентских выборов в Мавритании победу одержала Республиканская партия за демократию и обновление президента Маауйя ульд Сиди Ахмед Тайя.
00e9a241-f800-4de1-8959-7b51b0ea11fb,2001-10-19,,Хьель Магне Бунневик занял пост премьер-министра Норвегии.
00e9a241-f800-455d-adba-29a74be64348,2001-10-19,,Премьер-министром Польши стал Лешек Миллер.
00e9ac8e-f000-473f-a235-78577e6e8d47,2001-10-21,,"старт космического корабля Союз ТМ-33. Экипаж старта — В. М. Афанасьев, К. М. Козеев и К. Эньере (Франция)."
00e9b6db-7800-4487-acf6-ce0557d65003,2001-10-23,,представлено первое поколение плеера iPod.
00e9c127-f000-470e-a266-a8a82e0dfa39,2001-10-25,,Компания «Microsoft» выпустила операционную систему «Windows XP».
00e9c127-f000-4420-9299-280faffda2d1,2001-10-25,,Владимир Путин подписал Земельный кодекс.
00e9c64e-7c00-47c9-a842-608d59d46930,2001-10-26,,"Во втором туре парламентских выборов в Мавритании победу вновь одержала Республиканская партия за демократию и обновление, получившая 64 места. Союз демократических сил бойкотировал выборы."
00e9c64e-7c00-4978-9c69-ad575ee9e3d3,2001-10-26,,"Джордж Буш подписал «Патриотический акт», давший правоохранительным органам страны широкие полномочия в борьбе с терроризмом."
00e9cb74-f800-464c-9eb7-9c87f5b98c62,2001-10-27,,вышло в эфир первое российское реалити-шоу «За стеклом».
00e9dae7-fc00-43c9-be69-df3177ae5be6,2001-10-30,,вступил в силу Земельный кодекс Российской Федерации.
00e9e00e-7800-4bf4-a4b8-55aeda987b0b,2001-10-31,,"Приземление корабля Союз ТМ-32. Экипаж посадки — В. М. Афанасьев, К. М. Козеев и К. Эньере (Франция)."
00e9e00e-7800-44ac-8e67-0c38d1ac79b3,2001-10-31,,"Поезд TGV, следовавший из Парижа в Ирун, сошёл с рельсов на скорости 130 км/ч рядом с местечком Дакс на Юго-западе Франции. Все десять вагонов сошли с рельсов, задний головной вагон перевернулся. Причиной аварии стал сломанный рельс."
00ea041a-fc00-43c6-bbdd-c476a995f9ec,2001-11-07,,авиакомпания Sabena признана банкротом.
00ea2300-f400-42c2-9453-0cdf729cf9d3,2001-11-09,2001-11-17,"в Югославии вспыхнул бунт Подразделения по специальным операциям, причиной которой была неприязнь руководства подразделения к новым властям во главе с премьер-министром Зораном Джинджичем, а поводом стал арест двух сербских военных и их выдача Гаагскому трибуналу. Впоследствии бунт прекращён, но противостояние между Джинджичем и антизападной оппозицией обострилось. Бунт стал предшественником серьёзных политических потрясений, одним из которых стало убийство Джинджича в 2003 году."
00ea138d-f000-427d-9569-1a1aae08be80,2001-11-10,,В Австралии консервативная коалиция премьер-министра Джона Говарда победила в третий раз подряд на парламентских выборах.
00ea138d-f000-4e0f-98a8-d842049accad,2001-11-10,,"Во Владикавказе на вещевом рынке «Фаллой» взорвалась заложенная террористами бомба с таймером. В результате взрыва погибли 6 человек, 60 получили ранения."
00ea18b4-7c00-4743-b3d0-63e47b2fab05,2001-11-11,,На президентских выборах в Болгарии Георгий Пырванов одержал победу в первом туре.
00ea18b4-7c00-48cb-88c4-884535342096,2001-11-11,,Гвинейский конституционный референдум.
00ea1dda-7800-4a96-b3a1-4dcba392409d,2001-11-12,,авиакатастрофа самолёта «Airbus A300» прямо над нью-йоркским районом Куинс. Погибло 265 человек.
00ea2300-f400-4058-b9ac-175223186121,2001-11-13,,силы Северного альянса вошли в столицу Афганистана — Кабул.
00ea2827-7000-4787-abea-7e7d6e22c784,2001-11-14,,"в 20.25 МСК в Благовещенске произошёл взрыв ректификационной колонки бродильного цеха спиртзавода. Загорелось и разрушилось 4-этажное кирпичное здание, построенное в 1904. Погибли 3 человека."
00ea379a-7400-4bf0-b294-8de06a689034,2001-11-17,,"бывший президент Исламского государства Афганистан Бурхануддин Раббани вернулся в Кабул спустя пять лет после того, как был смещён движением «Талибан»."
00ea3cc0-f000-4cae-9731-2e341a2eb600,2001-11-18,,на втором туре президентских выборах в Болгарии Георгий Пырванов избран президентом страны.
00ea41e6-fc00-45de-9be8-34530544bf50,2001-11-19,,"катастрофа Ил-18 под Калязином, 27 погибших. Пассажирская эксплуатация Ил-18 в России запрещена."
00ea470d-7800-431f-9645-e09dc8fc9db3,2001-11-20,,на парламентских выборах в Дании Либеральная партия (Венстре) Андерса Фога Расмуссена одержала победу.
00ea5ba6-f800-4735-82a8-23315e0eb20c,2001-11-24,,Официально зарегистрирована Социал-демократическая партия России.
00ea5ba6-f800-4afd-9b82-6b169015431d,2001-11-24,,"Авиалайнер Avro 146-RJ100 Regional Jet авиакомпании Crossair, совершавший рейс LX3597 по маршруту Берлин—Цюрих, разбился при заходе на посадку в аэропорту Клотен. Из находившихся на его борту 33 человек (28 пассажиров и 5 членов экипажа) погибло 24, 9 выжили, получив ранения."
00ea7040-7800-4b80-82fc-7479dff0d929,2001-11-25,2001-12-01,"восстание пленных талибов, содержавшихся силами «Северного альянса» в старинной крепости Кала-и Джанги в 17 километрах к юго-западу от Мазари-Шарифа."
00ea6b19-fc00-422c-8d05-ad15d974243b,2001-11-27,,В Косово состоялись первые парламентские выборы.
00ea6b19-fc00-4be3-be21-52d69c7a66d9,2001-11-27,,Андерс Фог Расмуссен избран премьер-министром Дании.
00ea9c06-7600-4676-8631-a619e9d64f75,2001-11-27,2001-12-16,в Афганистане проведена наземная операции против укреплённого района Тора-Бора.
00ea7566-f400-40d1-ad40-70b8662a371d,2001-11-29,,"Вторая чеченская война: женщина-смертница (вдова погибшего боевика) подорвала себя на центральной площади Урус-Мартана (Чечня), когда там находился комендант района генерал-майор Гейдар Гаджиев. Гаджиев погиб, трое охранников ранены."
00ea7fb3-7c00-47dc-8875-d1a7208084b1,2001-12-01,,официально создана партия Единая Россия.
00ea876c-f600-4ed6-aada-598dc1be73e6,2001-12-02,2001-12-03,в Аргентине введены жёсткие ограничения на снятие наличных денег с банковских счетов — $250 в неделю.
00ea944c-fc00-46ba-b4ea-e860157b594c,2001-12-05,,"107-й старт (STS-108) по программе Спейс Шаттл. 17-й полёт шаттла Индевор. Экипаж — Доминик Гори, Марк Келли, Даниел Тани, Линда Годвин, Юрий Онуфриенко (Россия), Даниел Бёрш, Карл Уолз."
00ea944c-fc00-4b60-8208-77522bfb7c7a,2001-12-05,,На Боннской конференции афганских политических деятелей Хамид Карзай был поставлен во главе переходной администрации Афганистана.
00eaab79-7a00-47dc-a529-4b3b9b9e94dd,2001-12-05,2001-12-14,на Украине прошла перепись населения.
00ea9e99-7400-4acb-b25c-e13c41270d57,2001-12-07,,последний оплот талибов Кандагар взят войсками Северного альянса.
00eaa8e6-7c00-486d-8e90-14f99f5f4a0d,2001-12-09,,"столкновение трёх грузовых поездов на станции Гонжа (Забайкальская железная дорога, Амурская область). Грузовой поезд столкнулся со стоявшим на станции другим грузовым, из-за чего у последнего четыре хвостовых вагона сошли с рельсов и упали на соседний путь, где через несколько минут в них врезался третий поезд. В результате катастрофы погибли два человека."
00eab332-f400-4c8d-80c8-ee28f02b598f,2001-12-11,,Китай вступил в ВТО.
00eabd7f-fc00-44b7-b8b2-17e5dfb607f6,2001-12-13,,"Взрыв индийского парламента, в организации которого подозревались пакистанские вооружённые формирования. Это стало причиной нового противостояния на индо-пакистанской границе."
00eabd7f-fc00-4e6f-91c7-6d72bbc6e4dd,2001-12-13,,Президент США Джордж Буш официально уведомил Россию о выходе США из российско-американского Договора о противоракетной обороне от 1972 года. Путин назвал решение Буша ошибочным.
00eaccf2-f000-4ef1-9e24-b545de3bdf56,2001-12-16,,на парламентских выборах в Чили левоцентристская коалиция президента Рикардо Лагоса одержала победу.
00ead73f-7800-4853-aaba-1313185c4551,2001-12-18,,"сильный пожар в соборе Святого Иоанна Богослова, расположенном в Нью-Йорке в верхней части Манхэттена."
00eadc65-f400-45e2-a8c9-1ff79f25590e,2001-12-19,,премьер-министр Эстонии Март Лаар объявил перед парламентом о своей отставке 8 января 2002 года. Он таким образом отреагировал на угрозы распада его правоцентристской коалиции.
00eae18c-7000-4e66-8368-835269b542dc,2001-12-20,,"в соответствии с резолюцией № 1386 Совета Безопасности ООН были созданы Международные силы по поддержанию безопасности, действующий на территории Афганистана."
00eae6b2-7c00-48b3-a01d-54caaa1bd4d9,2001-12-21,,после несколько дней беспорядков и массовых протестов аргентинский президент Фернандо де ла Руа ушёл в отставку.
00eaebd8-f800-4258-9796-e38a11100061,2001-12-22,,Глава афганского переходного правительства Хамид Карзай принял власть в стране из рук президента Исламского государства Афганистан Бурхануддина Раббани.
00eaebd8-f800-4b09-b0f4-a81cbc14d7e5,2001-12-22,,Британский террорист Ричард Рид неудачно попытался подорвать рейс 63 American Airlines.
00eaf0ff-7400-45fe-af80-c50ac7000f74,2001-12-23,,аргентинская палата представителей назначила перониста Адольфо Родригеса Саа и. о. президента.
00eafb4b-fc00-47ab-9b66-67a096f721f5,2001-12-25,,Салман Радуев был признан Верховным судом Дагестана виновным в тяжких преступлениях и приговорён к пожизненному заключению.
00eafb4b-fc00-4a1d-b683-786bf2192f8c,2001-12-25,,При столкновении двух переполненных пассажирских поездов на острове Ява около 55 человек погибли.
00eb1a32-7400-4413-8dbd-9cb8069badc1,2001-12-31,,прекращение поддержки Windows 1.0x.
00eb1f58-7000-4ae5-b711-9f0dbc15631f,2002-01-01,,На территории Европейского союза введена в наличных расчётах единая валюта — евро.
00eb1f58-7000-4bf5-95b9-7b39a11f2f28,2002-01-01,,В России введён налог на добычу полезных ископаемых.
00eb1f58-7000-4b22-9fbe-1d938e31e5f0,2002-01-01,,В России вступил в силу закон «О государственном пенсионном обеспечении в Российской Федерации».
00eb1f58-7000-4dbc-bc9d-ecd4079a1577,2002-01-01,,Леви Мванаваса вступил в должность президента Замбии (до 29 июня 2008 года).
00eb1f58-7000-4c21-80cb-5eaea1d3d44f,2002-01-01,,Майкл Блумберг вступил в должность мэра Нью-Йорка (до 31 декабря 2013 года).
00eb1f58-7000-43af-841b-108bfc2aae1c,2002-01-01,,Каспар Филлигер вступил в должность президента Швейцарии (до 31 декабря 2002 года).
00eb1f58-7000-4b86-affc-9268971c3608,2002-01-01,,Испания стала Председателем Совета Европейского союза (до 30 июня 2002 года).
00eb1f58-7000-4e5d-9fc2-d5ef8981f1f7,2002-01-01,,Председательство в G8 перешло к Канаде (до 1 января 2003 года).
00eb1f58-7000-4395-9a06-ec6c0ed28f33,2002-01-01,,Тайвань стал членом Всемирной торговой организации.
00eb247e-fc00-4560-83bc-bdd9db99adf9,2002-01-02,,Эдуардо Дуальде избран парламентом временным президентом Аргентины (до 25 мая 2003 года).
00eb3e3e-f800-45db-86b8-8a86e3faf4ce,2002-01-07,,принята новая конституция Комор. Название государства изменено с «Федеральная Исламская Республика Коморские Острова» на «Союз Коморских Островов».
00eb488b-7000-4194-a23b-88ce1ddbbd1c,2002-01-09,,Война в Афганистане: самолёт KC-130R «Геркулес» морской пехоты США столкнулся с горой при посадке на авиабазе Шамси в Белуджистане (Пакистан). 7 человек погибли.
00eb4db1-fc00-4aef-86d3-931df4cb266c,2002-01-10,,Энрике Боланьос вступил в должность президента Никарагуа (до 10 января 2007 года).
00eb52d7-f800-47a8-ba24-f13e66332562,2002-01-11,,Первые задержанные прибыли в американскую тюрьму на базе в Гуантанамо. Тюрьма впоследствии получила известность из-за пыток и издевательств над заключёнными.
00eb57fe-7400-40a1-9e43-8de3f1da96a1,2002-01-12,,Португалия стала председателем ОБСЕ.
00eb5d24-f000-4472-90ba-b4a4d6f526ed,2002-01-13,,"В России состоялись выборы глав Республики Адыгея и Кабардино-Балкарской республики. Президентом Адыгеи избран Хазрет Совмен (68,89 % голосов при явке 62,83 %), президентом Кабардино-Балкарии переизбран Валерий Коков (87,18 % голосов при явке 85,87 %)."
00eb5d24-f000-497d-a77b-cd7e7d68cd75,2002-01-13,,Инцидент с солёным кренделем: во время просмотра по телевизору матча по американскому футболу в Белом доме президент США Джордж Буш подавился солёным кренделем и на несколько секунд потерял сознание. Случившееся получило широкий общественный резонанс.
00eb71be-7000-4c96-a9ee-c739f3f8c458,2002-01-14,2002-01-20,в Лозанне состоялся чемпионат Европы по фигурному катанию. Победу в общекомандном зачёте одержала сборная России.
00eb624b-7c00-4eef-bb3f-8738f1d38b3c,2002-01-14,,"аварийная посадка Ту-204 в Омске, пострадавших нет."
00eb6771-7800-4ba9-8d60-d0b8a9d474c2,2002-01-15,,В провинции Хунань (на юго-востоке Китая) в результате взрыва на шахте погибли 25 человек.
00eb6771-7800-4c3e-9db2-7da6227e3dcf,2002-01-15,,Ирландец Пэт Кокс занял пост Председателя Европейского парламента (до 20 июля 2004 года).
00eb6771-7800-4a22-a430-23d7eedec99e,2002-01-15,,В Тулузе свой первый полёт совершил пассажирский самолёт Airbus A318.
00eb6c97-f400-4d83-8039-7c4010b3e58b,2002-01-16,,Совет Безопасности ООН единогласно проголосовал за наложение санкций на экстремистскую организацию Аль-Каида и движение Талибан.
00eb6c97-f400-4811-a410-a408c325dcef,2002-01-16,,"Под Джокьякартой потерпел катастрофу Boeing 737 компании Garuda Indonesia, в результате которой 1 человек погиб."
00eb71be-7000-4f53-89fd-9b6bda7b7a52,2002-01-17,,"Гражданская война в Колумбии: ультраправые боевики совершили массовое убийство жителей деревни Ченке. 26 человек было убито, сама деревня сожжена."
00eb76e4-7c00-4f16-a7fc-c03f54cdd87b,2002-01-18,,"Вторая чеченская война: в Махачкале подорван грузовик с военнослужащими Внутренних Войск России. 8 человек погибли, 10 получили ранения."
00eb7c0a-f800-4fb2-852d-0f85d5878658,2002-01-19,,"Война в Афганистане: вертолёт CH-53E «Супер Стэллион» Корпуса морской пехоты США потерпел катастрофу из-за отказа двигателей в районе Кабула. 2 человека погибли, 5 получили ранения."
00ebbc6a-7600-4acd-ac49-cea844e9c25e,2002-01-19,2002-02-13,"в Мали состоялся 23-й Кубок африканских наций по футболу. Победу одержала сборная Камеруна, второе место заняла сборная Сенегала, третье — сборная Нигерии."
00eb8657-f000-42ce-8974-0c4b6bf20d67,2002-01-21,,Хамада Мади занял пост временного президента Комор (до 26 мая 2002 года) .
00eb8657-f000-47f1-9949-78c97749f8ff,2002-01-21,,Вошла в оборот купюра номиналом в 20 000 белорусских рублей.
00eb8b7d-fc00-4d7b-9718-07e68f86cd50,2002-01-22,,По решению суда прекращено вещание телеканала ТВ-6.
00eb8b7d-fc00-410e-9375-a93ba0e8ff10,2002-01-22,,Георгий Пырванов вступил в должность президента Болгарии (до 22 января 2012 года).
00ebb21d-fe00-4f35-980c-bda84fe9617d,2002-01-25,2002-02-03,"в Швеции прошёл 5-й чемпионат Европы по гандболу среди мужчин. Победу одержала сборная Швеции, второе место заняла Германия, третье — Дания."
00eba2aa-fa00-4c8a-9328-c98f7fe4c3c6,2002-01-26,2002-01-27,в Москве состоялась международная конференция по глобальным проблемам всемирной истории.
00eba53d-f800-43b1-b7ae-ef6db9db1f85,2002-01-27,,Вторая чеченская война: в Шелковском районе Чечни сбит вертолёт Ми-8. В числе погибших — заместитель министра внутренних дел РФ генерал-лейтенант Михаил Рудченко и командующий группировкой внутренних войск МВД в Чечне генерал-майор Николай Горидов.
00eba53d-f800-473e-be77-b3e1368768fb,2002-01-27,,"В Узбекистане прошёл конституционный референдум, по итогам которого 91 % голосов избирателей было отдано за продление срока президентских полномочий Ислама Каримова с 5 до 7 лет и за введение двухпалатного парламента. Явка составила 92 %."
00eba53d-f800-4d53-8417-bfd737c5bbcb,2002-01-27,,"В России состоялись выборы президента Северной Осетии. Главой региона переизбран Александр Дзасохов (56,05 % голосов при явке 60,12 %)."
00eba53d-f800-4a8e-9adb-8a0f209d4ab6,2002-01-27,,"Арабо-израильский конфликт: в Иерусалиме террористка-смертница привела в действие взрывное устройство, начинённое гвоздями. 2 человека погибли, 120 получили ранения."
00eba53d-f800-47a7-9cfb-8a584b10ea41,2002-01-27,,Взрыв военных складов в Лагосе (Нигерия). Погибли более тысячи человек.
00ebaa64-7400-4865-b8ac-bf705112c3bb,2002-01-28,,В провинции Хэбэй (на севере Китая) на угольной шахте произошло два взрыва. 27 человек погибли.
00ebaa64-7400-4eb6-9677-8f479d3b41a7,2002-01-28,,"В районе Ипьялеса (Колумбия) потерпел катастрофу Boeing 727—134 компании TAME, в результате чего погибли 94 человека."
00ebaa64-7400-474d-be41-1517d5eeab20,2002-01-28,,Вторая чеченская война: в районе Дышне-Ведено подбит вертолёт Ми-8 ВС РФ. После аварийной посадки вертолёт сгорел. 3 человека получили ранения.
00ebaa64-7400-49f6-ad3c-ec21f478fcad,2002-01-28,,Война в Афганистане: вертолёт CH-47D «Чинук» разбился при посадке в окрестностях города Хост. 16 человек получили ранения.
00ebaa64-7400-4f76-a8ae-fd6fc9e2a0eb,2002-01-28,,Имангали Тасмагамбетов вступил в должность премьер-министра Казахстана (до 11 июня 2003 года).
00ebaa64-7400-4cf2-b93e-90b4565b2d1d,2002-01-28,,Сийм Каллас занял пост премьер-министра Эстонии (до 10 апреля 2003 года).
00ebaa64-7400-420e-acbe-fc329e456777,2002-01-28,,Рикардо Мадуро Хоэст вступил в должность президента Гондураса (до 28 января 2006 года).
00ebbefd-f400-45ab-8991-98f3c6bc70a0,2002-02-01,,Вступил в силу новый Трудовой кодекс Российской Федерации.
00ebbefd-f400-48af-8344-de7d680ab6eb,2002-02-01,,В результате взрыва бензовоза в нигерийском городе Окене (штат Коги) погиб 51 человек.
00ebbefd-f400-4760-afa3-7af8c241941a,2002-02-01,,Юй Сикунь назначен председателем правительства Тайваня (до 1 февраля 2005 года).
00ebbefd-f400-4478-96ee-e433bc9ecd16,2002-02-01,,"В Карачи (Пакистан) убит ранее похищенный американский журналист, шеф южноазиатского бюро газеты «The Wall Street Journal», Дэниел Перл."
00ebc94a-7c00-49a9-8b19-e47a0a73a720,2002-02-03,,"В Коста-Рике прошли всеобщие выборы: первый тур президентских выборов и выборы в парламент. Большинство мест в парламенте получил Социально-христианский союз. Во второй тур президентских выборов вышли Абель Пачеко (38,6 %) и Роландо Арайя Монге (31,1 %)."
00ebc94a-7c00-443e-ba01-e1dcf60388b0,2002-02-03,,Вторая чеченская война: вертолёт Ми-24В ФПС России сбит чеченскими боевиками в районе Тусхорой. 3 человека погибли.
00ebd8bd-7000-464b-a412-3c8175e40d32,2002-02-06,,в результате взрыва на угольной шахте в Шлёнском воеводстве (Польша) погибли 10 человек.
00ebf510-7a00-4287-87e4-d3f2efab9591,2002-02-06,2002-02-17,52-й Берлинский международный кинофестиваль. Награду за лучший фильм («Золотой медведь») получили историческая драма Пола Гринграсса «Кровавое воскресенье» и аниме-фильм Хаяо Миядзаки «Унесённые призраками».
00ebdde3-fc00-4a54-ad52-2d2a0a845d40,2002-02-07,,"Вторая чеченская война: вертолёт Ми-8 военно-воздушных сил России упал после взлёта в Ханкале. Погибли 7 человек, 3 получили ранения."
00ebe30a-7800-4907-882c-82b3d7bc947d,2002-02-08,,Вторая гражданская война в Либерии: президент Либерии Чарльз Тейлор ввёл в стране чрезвычайное положение (отменено в сентябре).
00ebe30a-7800-4825-b8e9-31c8d6f8428d,2002-02-08,,Окончание гражданской войны в Алжире.
00ec0c3c-f800-40d6-8f5f-cef08fe6c6d6,2002-02-08,2002-02-24,в Солт-Лейк-Сити прошли XIX зимние Олимпийские игры. Победу в неофициальном командном зачёте одержала сборная Норвегии.
00ebed56-f000-4c60-b013-7d82cfe7f41b,2002-02-10,,в России вступил в силу закон «О лицензировании отдельных видов деятельности».
00ebf27d-7c00-41ff-80bb-ad2d6faa8e61,2002-02-11,,В Нигерии в результате взрыва бензовоза в южном округе Огун погибли около 30 человек.
00ebf27d-7c00-4bc1-82d9-48df219bf1ad,2002-02-11,,"Папа Римский Иоанн Павел II, несмотря на протест Московского Патриархата и череду антикатолических митингов, преобразовал 4 апостольские администратуры в России в полноценные епархии (Архиепархия Матери Божией в Москве, Преображенская епархия в Новосибирске, Епархия Святого Иосифа в Иркутске, Епархия Святого Климента в Саратове)."
00ebf7a3-7800-4e0b-8bb4-2027d591b1e1,2002-02-12,,Под Хорремабадом потерпел катастрофу самолёт Ту-154 авиакомпании Iran Air Tours. Погибли все находившиеся на борту 119 человек.
00ebf7a3-7800-4500-a854-77fd2a4f0503,2002-02-12,,В Гааге начался судебный процесс над бывшим президентом Югославии Слободаном Милошевичем.
00ebfcc9-f400-46af-8056-8e380e7ade82,2002-02-13,,Война в Афганистане: самолёт MC-130Р «Комбат Шедоу» ВВС США разбился в отдалённом районе на востоке Афганистана. 8 человек получили ранения.
00ec01f0-7000-456b-91b2-4c9c292594d8,2002-02-14,,Эмират Бахрейн провозглашён королевством.
00ec01f0-7000-4878-8f50-eb375d8e7eb3,2002-02-14,,Бериз Белкич занял пост Председателя Президиума Боснии и Герцеговины (до 28 октября 2002 года).
00ec0716-fc00-42db-b485-41aa0ee488cd,2002-02-15,,Ангиди Четтьяр занял пост и. о. президента Маврикия (до 18 февраля 2002 года).
00ec1689-f000-49bd-84c5-7e24a5f21015,2002-02-18,,Ариранга Пиллай занял пост и. о. президента Маврикия (до 25 февраля 2002 года).
00ec1baf-fc00-4a81-ad1e-fc2b1e600567,2002-02-19,,самолёт Су-24 ВС РФ потерпел катастрофу во время учебно-тренировочного полёта под Псковом. Оба лётчика погибли.
00ec20d6-7800-49ea-9b41-362c96e24ecd,2002-02-20,,"Возгорание вагонов пассажирского поезда Каир — Луксор. Сгорело 7 вагонов. Погибли более 383 человек, несколько сотен получили ранения."
00ec20d6-7800-442e-9c62-2cf54db80719,2002-02-20,,Таджикистан присоединился к программе НАТО «Партнёрство во имя мира».
00ec25fc-f400-49e2-9510-4b0bb3606162,2002-02-21,,"самолёт Ан-26 упал при заходе на посадку под Архангельском. 17 человек погибли, 3 получили ранения."
00ec2b23-7000-4ce3-a61f-c34de696cf5c,2002-02-22,,В ангольской провинции Мошико в бою с правительственными войсками убит лидер УНИТА Жонас Савимби.
00ec2b23-7000-43bb-b55f-ce13e54e3c7e,2002-02-22,,Пандели Майко назначен председателем Совета министров Албании (до 31 июля 2002 года).
00ec356f-f800-4c57-b6b6-1563cc80d39a,2002-02-24,,"парламентские выборы в Лаосе. НРПЛ одержала победу, получив все 109 мест. Явка избирателей составила 99,9 %."
00ec3a96-7400-4a36-a396-06e8dd21f45f,2002-02-25,,парламент избрал Карла Оффмана президентом Маврикия (до 1 октября 2003 года).
00ec3fbc-f000-4706-b5c9-52f97db96de2,2002-02-26,,Жак Юг Силла назначен на пост премьер-министра Мадагаскара (до 20 января 2007 года).
00ec44e2-fc00-49b5-855f-9ae133e74329,2002-02-27,,Указом № 245 Президента РФ Владимира Путина учреждён орден «За морские заслуги».
00ec44e2-fc00-4f4a-b0c0-3fdcbb2a2c62,2002-02-27,,В Лос-Анджелесе состоялась 44-я церемония вручения премий «Грэмми».
00ec44e2-fc00-4af4-aecb-536f7bd3344d,2002-02-27,,Февраль—Март — серия межрелигиозных столкновений между радикальными индуистами и мусульманами в индийском штате Гуджарат. Наиболее ожесточённые столкновения произошли в Ахмадабаде.
00ec4f2f-f400-4cb2-b0d2-6fc7724a62be,2002-03-01,,"108-й старт (STS-109) по программе Спейс Шаттл. 27-й полёт шаттла Колумбия. Экипаж: Скотт Олтман, Дуэйн Кэри, Джон Грансфелд, Нэнси Кэрри, Ричард Линнехан, Джеймс Ньюман, Майкл Массимино. Четвёртая экспедиция по обслуживанию космического телескопа «Хаббл»."
00ec4f2f-f400-49d1-96a5-fca786d701f2,2002-03-01,,В Финляндии легализованы однополые браки.
00ec7d88-f000-49dc-975e-e8a130dab726,2002-03-02,2002-03-18,Война в Афганистане: силами международной коалиции во главе с США в Афганистане против «Аль-Каиды» проведена операция «Анаконда».
00ec5ea2-f800-4a29-9ab0-83596f6c5c6e,2002-03-04,,"Состоялось учредительное собрание Национальной академии кинематографических искусств и наук, учреждена премия академии — «Золотой орёл»."
00ec5ea2-f800-4098-b914-edfe979521ad,2002-03-04,,Байрам Реджепи вступил в должность премьер-министра Косово (до 3 декабря 2004 года).
00ec5ea2-f800-4eeb-b473-7dcd12a327c0,2002-03-04,,Война в Афганистане: вертолёт MH-47E «Чинук» полка специальных операций Армии США попал под обстрел с земли и совершил вынужденную посадку на востоке Афганистана. 7 человек погибли.
00ec68ef-7000-49ed-aa3e-ae9ce1c48e16,2002-03-06,,в результате взрыва на каменоломне индийского города Вемулавада (штат Андхра-Прадеш) 10 человек погибли и около 10 получили ранения.
00ec6e15-fc00-417a-bf76-f598555971cb,2002-03-07,,самолёт AV-8B «Харриер» II Корпуса морской пехоты США упал в море в районе Сан-Диего. Пилот катапультировался.
00ec733c-7800-4751-844c-f7c691b75a5f,2002-03-08,,Война в Афганистане: самолёт F-14А «Томкэт» ВМС США во время ночной посадки на борт авианосца «John C. Stennis» упал в воды Аравийского моря. Оба пилота катапультировались.
00ec87d5-f800-42c1-88b4-faf624ed25c6,2002-03-12,,"Арабо-израильский конфликт: Совет безопасности ООН принял Резолюцию 1397 в поддержку «идеи о регионе, в котором два государства, Израиль и Палестина, живут как соседи с безопасными и признанными границами». Первая предложенная США резолюция, в которой говорилось о палестинской государственности."
00ec9748-fc00-4bca-9f50-4d31ae89d8a0,2002-03-15,,Ивон Нептун назначен на пост премьер-министра Гаити (до 12 марта 2004 года).
00ec9748-fc00-4693-9e4c-ea03ec090708,2002-03-15,,Драган Микеревич занял пост председателя Совета Министров Боснии и Герцеговины (до 23 декабря 2002 года).
00ec9748-fc00-428b-b8e9-80f263cb367e,2002-03-15,,Постановлением Правительства Республики Казахстан № 310 создано ЗАО «Казахстанские железные дороги».
00ec99db-fa00-454a-ba9f-e98510a27fc9,2002-03-15,2002-03-16,в Херенвене (Нидерланды) состоялся чемпионат мира по конькобежному спорту в классическом многоборье. Победы одержали Йохем Эйтдехаге (Нидерланды) у мужчин и Анни Фризингер (Германия) у женщин.
00ec9c6e-f800-4e7e-b7a9-fd6a08b9d460,2002-03-16,,Вторая конголезская война: после ожесточённых боёв повстанцы из ДКД захватили город Молиро на побережье озера Танганьика.
00ecb108-7800-4f60-bbce-744f4324ecca,2002-03-16,2002-03-24,в Нагано состоялся чемпионат мира по фигурному катанию. Победу в общекомандном зачёте одержала сборная России.
00eca195-7400-4112-86eb-9fc68d667d83,2002-03-17,,"Расстрел демонстрации в селе Аксы, Джалал-Абадской области Кыргызстана, протестовавшей против передачи части киргизских территорий Китаю."
00eca195-7400-4f96-84c4-b89f40bb6bf9,2002-03-17,,"В России состоялись выборы Председателя Правительства Республики Тыва. Главой региона переизбран Шериг-оол Ооржак (65,52 голосов при явке 53,54 %)."
00eca195-7400-46bc-bd24-3a6ed85abe05,2002-03-17,,"В Португалии состоялись парламентские выборы. Победу одержала Социал-демократическая партия (40.21 % голосов избирателей, 105 мест в Ассамблее Республики). Второе место заняла Социалистическая партия (37.79 % голосов, 96 мест). По итогам выборов была сформирована правящая коалиция Социал-демократической и Народной партий."
00eca6bb-f000-4ce7-be53-3439ecd17380,2002-03-18,,Модибо Кейта назначен на пост премьер-министра Мали (до 9 июня 2002 года).
00eca6bb-f000-434e-bd79-f43e5a0455dc,2002-03-18,,Война в Афганистане: вертолёт MH-53M «Пэйв Лоу IV» Армии США разбился во время посадки в районе Тарин Ковт в провинции Урузган в условиях плохой видимости. 3 человека получили ранения.
00ecbde8-7e00-4496-a6b5-17d1198577d7,2002-03-18,2002-03-27,в Румынии прошла перепись населения.
00ecabe2-7c00-46c2-ae0b-98660d28f999,2002-03-19,,Зимбабве приостановила участие в Содружестве наций (окончательно вышла из Содружества 7 декабря 2003 года).
00ecb108-7800-490f-bb5a-028baf86509e,2002-03-20,,Вторая чеченская война: в результате спецоперации ФСБ уничтожен террорист Хаттаб.
00ecb108-7800-436c-b80c-7e17ca64e611,2002-03-20,,"Арабо-израильский конфликт: в результате взрыва автобуса Тель-Авив — Назарет террористом-смертником 6 человек погибли, более 30 получили ранения."
00ecb108-7800-4800-93fa-75655cf89333,2002-03-20,,Сергей Игнатьев назначен главой Центрального банка России (до 24 июня 2013 года).
00ecb62e-f400-414e-9c02-d85d27096a45,2002-03-21,,с космодрома Байконур осуществлён запуск ракеты-носителя Союз-У с транспортным грузовом космическим кораблём Прогресс М1-8. Экспедиция по снабжению МКС (сведён с орбиты 25 июня).
00ecb62e-f400-47f1-a08c-2bdd78793468,2002-03-21,,24 или 25 марта — на одном из крупнейших сирийских заводов по производству боеприпасов в городе Хомс произошёл взрыв. 35 человек погибли.
00ecc5a1-f800-400c-8d91-88aa774e096d,2002-03-24,,в Лос-Анджелесе состоялась 74-я церемония вручения наград премии «Оскар» за заслуги в области кинематографа за 2001 год. Лучшим фильмом стала драма «Игры разума».
00eccac8-7400-48f9-8987-b55f822929f3,2002-03-25,,В результате сильного землетрясения в Афганистане погибли около 1000 человек.
00eccac8-7400-4ad6-a73f-ada4d3872fd3,2002-03-25,,Австралийскими учёными обнаружен ген эпилепсии.
00eccfee-f000-4999-8e94-9b1b4258edaf,2002-03-26,,самолёт Су-27 ВС РФ упал из-за отказа двигателей в 40 км от Владивостока. Лётчик катапультировался.
00ecd514-fc00-4cbc-8e02-e91bf4d1ee76,2002-03-27,,"Арабо-израильский конфликт: террористический акт в отеле «Парк» города Натания (Израиль): в результате взрыва, устроенного террористом-смертником, 30 человек погибли, 140 получили ранения."
00ecd7a8-7a00-4943-b99a-ea7f2d937bed,2002-03-27,2002-03-28,В Бейруте состоялся 14-й саммит Лиги арабских государств.
00ecda3b-7800-48a0-925b-2f97389b6a3b,2002-03-28,,Габриэл Арканжу да Кошта назначен на пост премьер-министра Сан-Томе и Принсипи (до 7 октября 2002 года).
00ecdf61-f400-41f0-80b4-44c1ff246547,2002-03-29,,"Арабо-израильский конфликт: израильские войска введены в палестинский город Рамаллах, начата осада резиденции Ясира Арафата."
00ece9ae-7c00-470b-a8cd-722e52370537,2002-03-31,,"на Украине состоялись парламентские выборы. Большинство мест в Верховной раде получил Блок Виктора Ющенко «Наша Украина», второе место заняла Коммунистическая партия Украины, третье — Блок партий «За единую Украину!»."
00ece9ae-7c00-4055-bb62-9f64ad874ece,2002-03-31,,"Арабо-израильский конфликт: в одном из кафе-ресторанов Хайфы произошёл взрыв, устроенный террористом-смертником. 15 человек погибли, десятки получили ранения."
00eceed4-f800-4534-8e5a-c68a0dbfc1cc,2002-04-01,,В результате взрыва на шахте в китайской провинции Хэнань погибли 22 человека.
00eceed4-f800-4860-939e-76b71fce4b9f,2002-04-01,,Антонио Вольпинари и Джованни Уголини вступили в должность капитанов-регентов Сан-Марино (до 1 октября 2002 года).
00ecf3fb-7400-427e-9969-6901e89d9d8b,2002-04-02,,в России на телеканале ОРТ состоялась премьера телеигры «Русская Рулетка» (ведущий — Валдис Пельш) (выходила до 6 августа 2004 года).
00ed0dba-f000-4f37-93c2-a55cdd61b16f,2002-04-02,2002-04-12,Арабо-израильский конфликт: Армия обороны Израиля в ходе операции «Защитная стена» заняли лагерь беженцев Дженин. Арабы оказали ожесточённое сопротивление. Обе стороны потеряли примерно 70 человек убитыми.
00ecf921-7000-4443-af5d-e3678ce67acc,2002-04-03,,на аэродроме Запорожья во время испытательного полёта разбился самолёт Су-25 ВС Украины. Пилот погиб.
00ecfe47-fc00-424d-ba61-75bf4948bc6d,2002-04-04,,подписан Меморандум о взаимопонимании между правительством Анголы и руководством УНИТА. Формальное окончание ангольской гражданской войны.
00ed0894-f400-40b7-a3f2-0e6e476a3993,2002-04-06,,Жозе Мануэл Дурау Баррозу занял пост премьер-министра Португалии (до 17 июля 2004 года).
00ed0dba-f000-4c8a-be96-ba8a6b96911b,2002-04-07,,"Во втором туре президентских выборов в Коста-Рике победил Абель Пачеко (58,0 % голосов), опередивший Роландо Арайу Монге (42,0 % голосов)."
00ed0dba-f000-436d-8233-0fb416be69fc,2002-04-07,,"В России состоялись выборы Президента Республики Ингушетия. Во второй тур вышли Алихан Амирханов (33,09 % голосов) и Мурат Зязиков (19,11 %). Явка составила 67,65 %."
00ed0dba-f000-4e78-82eb-a0101d6ea2d5,2002-04-07,,"В результате взрыва бомбы в колумбийском городе Вильявисенсио 10 человек погибли, 25 получили ранения."
00ed12e1-7c00-4f3a-a319-fa72ba6c2234,2002-04-08,,"109-й старт (STS-110) по программе Спейс Шаттл. 25-й полёт шаттла Атлантис. Экипаж — Майкл Блумфилд, Стефен Фрик, Джерри Росс, Стивен Смит, Еллен Очоа, Ли Морин, Рекс Вальхайм. Джерри Росс — первый астронавт, совершивший седьмой космический полёт."
00ed1a9a-f600-4327-90f5-123a08aa9f3d,2002-04-09,2002-04-10,"в Веймаре состоялись 5-е российско-германские межгосударственные консультации. Основные темы: экономическое и культурное сотрудничество, развитие отношений России с ЕС."
00ed1d2d-f400-4f34-b0e6-e75df403c75c,2002-04-10,,"В результате взрыва газа на шахте в городе Цзиси северо-восточной китайской провинции Хэйлунцзян 24 человека погибли, 38 получили ранения."
00ed1d2d-f400-41ef-b993-37efb1b5cfb5,2002-04-10,,Война в Афганистане: вертолёт AH-64A «Апач» Армии США разбился к северо-востоку от Кандагара по техническим причинам. 2 человека получили ранения.
00ed2254-7000-4c67-a1e3-7f5f9f0a23aa,2002-04-11,,"террорист-смертник взорвал бомбу в синагоге Эль-Гриба в Тунисе, погибли 22 человека (14 немецких туристов, 5 тунисцев, 2 француза и террорист-смертник)."
00ed277a-fc00-4409-99bb-382c34614835,2002-04-12,,"Арабо-израильский конфликт: в результате взрыва на автобусной остановке в Иерусалиме, устроенном террористкой-смертницей, 6 человек погибли, 62 получили ранения."
00ed2a0d-fa00-4fc8-a93b-73620169513c,2002-04-12,2002-04-13,"в Венесуэле совершена попытка государственного переворота. Свергнут президент Уго Чавес, распущены парламент и Верховный суд. Временным президентом стал Педро Кармона. На следующий день Чавес восстановлен в должности, а Кармона арестован."
00ed31c7-7400-4337-981c-d6b7073fe230,2002-04-14,,"В России состоялись выборы глав Липецкой и Пензенской областей. Губернатором Липецкой области переизбран Олег Королёв (73,06 % при явке в 42,88 %). Губернатором Пензенской области переизбран Василий Бочкарёв (45,45 % при явке 53,43 %)."
00ed31c7-7400-45a2-8a65-64b9b2c96bb7,2002-04-14,,"Вторая чеченская война: в Ведено подорван МТЛ-Б вооружённых сил Российской Федерации. 6 военнослужащих погибли, 4 получили ранения."
00ed31c7-7400-4216-aea0-183853b09d53,2002-04-14,,На Коморах состоялись президентские выборы. Победу одержал Азали Ассумани (75 % голосов избирателей).
00ed36ed-f000-4c97-8505-c9a0164e57f3,2002-04-15,,В Пусане при заходе на посадку врезался в гору и разрушился самолёт Boeing 767 авиакомпании Air China. 129 человек погибли.
00ed36ed-f000-4810-acf2-59db1f13901c,2002-04-15,,"Армения, Бруней и Буркина-Фасо установили дипломатические отношения."
00ed3c14-7c00-4677-9d00-a28a471b829e,2002-04-16,,Россия и Чехия подписали соглашение о поставках военной продукции в счёт частичного погашения задолженности бывшего СССР.
00ed4660-f400-4ab7-8159-9dae0afc3264,2002-04-18,,Вторая чеченская война: в своём Послании Федеральному Собранию Владимир Путин заявил о завершении военной стадии конфликта в Чечне.
00ed55d3-f800-41b5-8610-a5338b9a15a6,2002-04-21,,"во Франции прошёл первый тур президентских выборов. Во второй тур вышли Жак Ширак (19,88 % голосов) и Жан-Мари Ле Пен (16,86 %)."
00ed6a6d-7800-4fc1-bfb3-59d9b9fa785f,2002-04-22,2002-04-28,в Анталье (Турция) состоялся 81-й чемпионат Европы по тяжёлой атлетике. Победу в общекомандном зачёте одержала Болгария.
00ed6020-f000-4aba-9405-597036946cd3,2002-04-23,,в России указом президента России создан АО «Концерн ПВО Алмаз-Антей».
00ed62b3-fe00-4b5f-a6cd-1a7ee850437e,2002-04-23,2002-04-24,В Ашхабаде состоялся 1-й саммит глав прикаспийских государств. В рамках саммита 23 апреля подписан новый «Договор о дружбе и сотрудничестве между Россией и Туркменистаном».
00ed6546-fc00-43eb-979e-7ec2b22eae63,2002-04-24,,Босния и Герцеговина вступила в Совет Европы.
00ed6a6d-7800-4107-8380-628fa0b3ca02,2002-04-25,,"Старт космического корабля Союз ТМ-34, последний полёт корабля модификации ТМ. Экипаж старта — Юрий Гидзенко, Роберто Виттори (Италия) и Марк Шаттлуорт (ЮАР). Шаттлуорт — первый астронавт из ЮАР."
00ed6a6d-7800-43dd-b6a0-2867fba2a9fd,2002-04-25,,"В Тбилиси произошло землетрясение магнитудой 6. 5 человек погибли, разрушено множество зданий."
00ed6f93-f400-4995-83c3-711f44044aa0,2002-04-26,,"Массовое убийство в гимназии Гутенберг (Эрфурт, Германия): бывший ученик гимназии Роберт Штайнхойзер убил 16 человек и покончил с собой."
00ed6f93-f400-48f6-8c9d-8ab4b41346ca,2002-04-26,,В результате взрыва в мечети пакистанского города Бхаккар погибли 11 человек.
00ed9633-7600-41a3-a572-e5fb26b1b791,2002-04-26,2002-05-11,"в Швеции состоялся 66-й чемпионат мира по хоккею с шайбой. Победу одержала сборная Словакии, второе место заняла сборная России, третье — сборная Швеции."
00ed74ba-7000-4574-9ffe-20c4f8920d07,2002-04-27,,«Республиканская партия Российской Федерации (РПРФ)» преобразована в «Республиканскую партию России» (сопредседатели партии — Борис Фёдоров и Владимир Лысенко).
00ed79e0-7c00-41d3-af09-77c992632626,2002-04-28,,"У входа на Центральный рынок Владикавказа (Северная Осетия) прогремел взрыв. Мощность взрывного устройства составила 500 граммов в тротиловом эквиваленте. В результате теракта 9 человек погибли, 46 ранены."
00ed79e0-7c00-411e-9101-64e486d2aa18,2002-04-28,,"У села Ермаковское (Красноярский край) разбился вертолёт Ми-8. 8 человек, в том числе губернатор Красноярского края Александр Лебедь, погибли."
00ed79e0-7c00-465d-adfd-b3f5fcd28582,2002-04-28,,"В России состоялись выборы глав Республики Ингушетия (второй тур), Республики Карелия и Республики Бурятия. Президентом Республики Ингушетия избран Мурат Зязиков (53,13 %); его соперник Алихан Амирханов набрал 43,19 % (при явке 65,72 %). Главой Республики Карелия переизбран Сергей Катанандов (53,45 % голосов при явке 50,36 %). Главой Республики Бурятия переизбран Леонид Потапов (68,79 % при явке 53,77 %)."
00ed79e0-7c00-4489-b014-2e4eb0f1843f,2002-04-28,,В Мали состоялся первый тур президентских выборов. Во второй тур вышли Амаду Тумани Туре (28.71 % голосов избирателей) и Сумаила Сиссе (21.31 % голосов).
00ed7f06-f800-4249-8ee3-a759225e8053,2002-04-29,,"Вторая чеченская война: в Веденском районе разбился Су-25 ВС РФ, пилот погиб."
00ed7f06-f800-4549-8928-b59ee658006a,2002-04-29,,В городе Обнинске навсегда остановлен реактор первой в мире атомной электростанции
00ed842d-7400-4320-bb23-0710aed8892e,2002-04-30,,.
00ed842d-7400-42c4-a075-910421a6308d,2002-04-30,,"В Пакистане состоялся референдум о назначении Первеза Мушаррафа президентом страны сроком на пять лет. Назначение одобрило 97,97 % избирателей. Явка составила 56,1 %."
00ed842d-7400-4e69-ab38-64fab66ffe2f,2002-04-30,,Компания Sun Microsystems выпустила 1-ю версию бесплатного офисного пакета OpenOffice.org.
00ed8953-f000-4f69-a66b-e31c4498fba3,2002-05-01,,Янг Вивиан вступил в должность премьер-министра Ниуэ (до 19 июня 2008 года).
00ed8e79-fc00-4d7f-bd66-ace39e80849c,2002-05-02,,в Вануату состоялись парламентские выборы. Премьер-министром в результате создания парламентской коалиции остался представитель партии Вануаку Эдвард Натапеи.
00ed93a0-7800-4d5e-b599-f6614ccec100,2002-05-03,,Перри Кристи занял пост премьер-министра Багамских островов (до 4 мая 2007 года).
00ed93a0-7800-4279-85a6-43bb8b7fac54,2002-05-03,,В Камрани подписан акт о передаче одноимённой российской военной базы Вьетнаму (4 мая базу покинули последние российские военнослужащие).
00ed98c6-f400-42da-9bb9-4443f0afc3cd,2002-05-04,,в пригороде Кано потерпел катастрофу BAC 1-11-525FT компании EAS Airlines. 149 человек погибли.
00ed9dec-f000-4490-9200-4c9e1581008e,2002-05-05,,"Во Франции прошёл второй тур президентских выборов. Победу одержал Жак Ширак (82,21 % голосов). Его соперник Жан-Мари Ле Пен набрал 17,79 %. Явка составила 79,71 %."
00ed9dec-f000-42a3-9446-8d77ad6c5501,2002-05-05,,"Приземление корабля Союз ТМ-33. Экипаж посадки — Ю. П. Гидзенко, Р. Виттори (Италия) и М. Шаттлуорт (ЮАР)."
00eda313-7c00-489b-989d-454a7191d7f3,2002-05-06,,Марк Равалуманана вступил в должность президента Мадагаскара(до 17 марта 2009 года).
00eda313-7c00-4dd2-a694-f968c3e52677,2002-05-06,,Жан-Пьер Раффарен занял пост премьер-министра Франции (до 31 мая 2005 года).
00eda839-f800-45af-87e9-146e1da6fb48,2002-05-07,,ЗАО «Северо-Западный GSM» преобразован в ОАО «МегаФон».
00eda839-f800-48af-8ab4-e1dab25750b0,2002-05-07,,Под Далянем разбился авиалайнер McDonnell Douglas MD-82 авиакомпании China Northern Airlines. Все находившиеся на борту 112 человек погибли.
00eda839-f800-4f25-a78f-4c1230f23b66,2002-05-07,,"Арабо-израильский конфликт: В результате взрыва в бильярдной израильского города Ришон погибли 16 человек, 60 получили ранения."
00eda839-f800-464b-bc7d-24718eeb7113,2002-05-07,,Вертолёт Ми-8 Минобороны РФ разбился на Алтае. 11 человек погибли.
00edad60-7400-41b2-bf27-df8773b95626,2002-05-08,,"Террористический акт в Карачи. Целью атаки стали французские граждане, работавшие в Карачи по контракту. 13 человек погибли, 40 получили ранения."
00edad60-7400-4b25-8e86-8ad1b01acd12,2002-05-08,,Абель Пачеко вступил в должность президента Коста-Рики (до 8 мая 2006 года).
00edaff3-7200-4ce2-9c34-1a93dd32871d,2002-05-08,2002-05-09,в Ужгороде состоялся IX Всеславянский собор.
00edb286-7000-4d4f-9279-e38cda725513,2002-05-09,,"Вторая чеченская война: в Каспийске во время парада Победы произошёл теракт, в результате которого погибли 45 человек, более 100 получили ранения."
00edc1f9-7400-47a1-8559-cc63046150cb,2002-05-12,,"В Мали состоялся второй тур президентских выборов. Победу одержал Амаду Тумани Туре (64.35 % голосов избирателей). Его соперник Сумаила Сиссе набрал 35,65 % голосов."
00edc1f9-7400-4192-998f-eb85e6e528f9,2002-05-12,,На космодроме Байконур произошло обрушение крыши монтажно-испытательного корпуса на площадке № 112. 8 человек погибли. Так же был полностью разрушен единственный летавший в космос космический корабль «Буран».
00edcc46-7c00-4eee-88f7-fcc77d048dad,2002-05-14,,"ДКБ преобразована в полноценную международную организацию — Организацию договора о коллективной безопасности (ОДКБ). В неё вошли Россия, Армения, Белоруссия, Казахстан, Кыргызстан, Таджикистан и Узбекистан."
00edcc46-7c00-4c77-836e-8e41edffd4cf,2002-05-14,,"Бойня в Кисангани — после попытки неудачного восстания в городе Кисангани (ДР Конго) были убиты около 200 человек (солдаты РКД, полицейские и мирные граждане)."
00edd16c-f800-4a54-a9bb-4dfe2e79a9c8,2002-05-15,,"В Нидерландах состоялись парламентские выборы. Победу одержала партия «Христианско-демократический призыв» (27.9 % голосов избирателей, 43 места в парламенте)."
00edd16c-f800-4b03-91cf-885101aad94b,2002-05-15,,В Глазго состоялся финальный матч Лиги чемпионов УЕФА по футболу. Мадридский «Реал» обыграл леверкузенский «Байер» со счётом 2:1.
00edd16c-f800-4fc5-9b6a-10279cd8b680,2002-05-15,,"В Индии в 350 км к востоку от города Нью-Дели сошёл с рельсов пассажирский поезд. 10 человек погибли, около 100 получили ранения."
00ededbf-f200-491a-b580-b58f0c2cb6e9,2002-05-15,2002-05-26,состоялся 55-й Каннский кинофестиваль. Награду за лучший фильм («Золотая пальмовая ветвь») получила историческая драма Романа Полански «Пианист».
00ede605-f800-4d7e-9ec0-69aee8527ed6,2002-05-19,,"В России прошли выборы губернатора Смоленской области. Главой региона избран Виктор Маслов (40,51 % голосов), опередивший действующего губернатора Александр Прохоров (34,40 %). Явка составила 40,04 %."
00ede605-f800-4569-a95c-30834e8ec6a8,2002-05-19,,На телеканале Fox была показана последняя серия культового американского телесериала «Секретные материалы».
00edeb2c-7400-4e87-8972-fd4720486a73,2002-05-20,,Восточный Тимор провозгласил независимость от Индонезии.
00edeb2c-7400-4b67-b0ed-ecf5b0c338aa,2002-05-20,,Шанана Гусман вступил в должность президента Восточного Тимора (до 20 мая 2007 года).
00edeb2c-7400-47bd-beea-633126faec9f,2002-05-20,,"Установлены дипломатические отношение между Восточным Тимором, Россией и США."
00edf579-7c00-43e7-add9-975db92637c8,2002-05-22,,Николай Танаев назначен и. о. премьер-министра Кыргызстана (с 30 мая — премьер министр; до 25 марта 2005 года).
00edffc5-f400-4148-877f-a54c660560fd,2002-05-24,,"в Москве между Россией и США подписан договор о сокращении стратегических наступательных потенциалов. Условия договора ограничивают количество ядерных боеголовок, стоящих на боевом дежурстве, до 1700—2200 для каждой из сторон (вступил в силу 1 июня 2003 года после совместной ратификации Россией и США)."
00ee04ec-7000-4fac-83b7-ff6e6a4e54d4,2002-05-25,,"Катастрофа Boeing 747 над Тайваньским проливом: Boeing 747-209B авиакомпании China Airlines упал в Тайваньский пролив. Погибли все 225 человек, находившиеся его на борту."
00ee04ec-7000-4770-8462-af181659c11b,2002-05-25,,В Таллине состоялся 47-й конкурс песни Евровидение. Победу одержала исполнительница Marie N из Латвии.
00ee04ec-7000-4f64-89de-e62b68eb1a5f,2002-05-25,,"В Мозамбике сошёл с рельсов пассажирский поезд. 195 человек погибли, около 160 получили ранения."
00ee0a12-7c00-4504-844f-65364a42539a,2002-05-26,,"Состоялись президентские выборы в Колумбии. Победу одержал Альваро Урибе Велес, набравший 54 % голосов."
00ee0a12-7c00-4466-9124-5e34c1a2f3da,2002-05-26,,Азали Ассумани вступил в должность президента Комор (до 26 мая 2006 года).
00ee0f38-f800-4132-93b4-ba48f854aa45,2002-05-27,,Венгерский парламент избрал Петера Медьеши премьер-министром страны (до 29 сентября 2004 года).
00ee0f38-f800-4745-a15a-80dae42221bf,2002-05-27,,Пэдди Эшдаун назначен Верховным представителем ООН по Боснии и Герцеговине (до 31 января 2006 года).
00ee145f-7400-421b-a8de-78943585efed,2002-05-28,,"главы государств-членов НАТО и Россия подписали Римскую декларацию, которая определила новый формат отношений России и НАТО. Создан Совет Россия-НАТО."
00ee1985-f000-4a8c-8a2c-b60b6db75e0e,2002-05-29,,в Сан-Хуане (Пуэрто-Рико) состоялся 51-й ежегодный конкурс красоты «Мисс Вселенная». Победу одержала представительница России Оксана Фёдорова (23 сентября Фёдорова отказалась от титула).
00ee1eab-fc00-4fa0-ad8c-a120880436cb,2002-05-30,,вышел последний номер «Общей газеты» (издавалась с августа 1991 года).
00ee23d2-7800-40cd-910d-6addea457fe9,2002-05-31,,Узбекистан и Ангола установили дипломатические отношения.
00ee7111-fc00-432c-856a-082889b6493a,2002-05-31,2002-06-30,"состоялся чемпионат мира по футболу — 2002, который впервые проходил в Азии, одновременно в Японии и Южной Корее. Победу одержала сборная Бразилии, второе место заняла сборная Германии, третье — сборная Турции."
00ee35d8-fa00-439b-ae30-4742b0f6f081,2002-06-03,2002-06-04,в Алма-Ате состоялась 1-я встреча глав государств и правительств стран-участниц Совещания по взаимодействию и мерам доверия в Азии. По итогам встречи были приняты «Алма-атинский Акт» и «Декларация об устранении терроризма и содействии диалогу между цивилизациям».
00ee3d92-7400-42b1-958f-1de07db36e19,2002-06-05,,"110-й старт (STS-111) по программе Спейс Шаттл. 18-й полёт шаттла Индевор. Экипаж — Кеннет Кокрелл, Пол Локхарт, Франклин Чанг-Диаз, Филип Перин (Франция), Валерий Корзун (Россия), Пегги Уитсон, Сергей Трещёв (Россия). Франклин Чанг-Диаз — второй астронавт, совершивший седьмой космический полёт."
00ee42b8-7000-4890-8b06-c1d322d09308,2002-06-06,,над Средиземным морем между побережьем Ливии и греческим островом Крит произошёл взрыв астероида. Мощность взрыва составила 26 килотонн в тротиловом эквиваленте. Никто не пострадал.
00ee47de-fc00-460a-a5c1-f5b7fd1ae682,2002-06-07,,В Санкт-Петербурге состоялась встреча глав государств-членов ШОС. Подписаны «Декларация глав государств — членов ШОС» и «Хартия ШОС» (базовый уставной документ).
00ee4d05-7800-456c-9508-e56832cb5d6f,2002-06-08,,Амаду Тумани Туре вступил в должность президента Мали (до 22 марта 2012 года).
00ee522b-f400-4c7a-8e8b-1556d675fc68,2002-06-09,,"Беспорядки на Манежной площади в Москве, учинённые футбольными фанатами из-за проигрыша сборной России на чемпионате мира."
00ee522b-f400-4b64-848f-c7fcfcec224e,2002-06-09,,"Во Франции состоялся первый тур парламентских выборов. Умеренные правые силы (Союз за президентское большинство), поддерживающие президента Жака Ширака, получили подавляющее большинство голосов."
00ee522b-f400-4fc5-9644-fe7d26a5a38e,2002-06-09,,Ахмед Мохаммед Аг Амани назначен на пост премьер-министра Мали (до 29 апреля 2004 года).
00ee5751-f000-4193-8660-75e935bf5967,2002-06-10,,"В Лос-Анджелесе состоялась 28-я церемония вручения наград премии «Сатурн» за заслуги в области фантастики, фэнтези и фильмов ужасов. Лучшим научно-фантастическим фильмом стал «Искусственный разум» Стивена Спилберга, лучшим фильмом-фэнтези — «Властелин колец: Братство Кольца» Питера Джексона, лучшим фильмом ужасов — «Другие» Алехандро Аменабара."
00ee619e-f800-4387-b058-18a0804f4308,2002-06-12,,В Лиссабоне состоялась международная конференция ОБСЕ. Принят заключительный документ «Предотвращение терроризма и борьба с ним» с оценкой роли международных и региональных организаций в противодействии терроризму.
00ee619e-f800-401c-9d44-d65ea25d3f47,2002-06-12,,Харун Кабади вступил в должность премьер-министра Чада (до 24 июня 2003 года).
00ee66c4-f400-430e-9449-6c75e4a9f416,2002-06-13,,США в одностороннем порядке вышли из Договора о противоракетной обороне от 1972 года.
00ee66c4-f400-4e83-adc6-d757eac625ef,2002-06-13,,"Война в Афганистане: самолёт MC-130H «Комбат Тэлон II» ВВС США разбился вскоре после взлёта в провинции Пактия. 3 человека погибли, 7 получили ранения."
00ee6e7e-7e00-4045-bb7e-261994b9c1a1,2002-06-14,2002-06-15,"парламентские выборы в Чехии: чешская социал-демократическая партия удержала власть в стране, получив 70 мест в Палате депутатов из 200."
00ee7638-7800-4e83-b664-85850e10fcba,2002-06-16,,"во Франции состоялся второй тур парламентских выборов. Умеренные правые силы (Союз за президентское большинство), поддерживающие президента Жака Ширака, получили 399 мест в Национальном собрании Франции."
00eea491-7400-4ed6-86ad-d99c715baa1e,2002-06-18,2002-07-02,"разрушительное наводнение на юге России (Ставропольский и Краснодарский края, Кабардино-Балкарская и Карачаево-Черкесская республики): 114 человек погибли, произошли аварии на нескольких дамбах по реке Кубань. Под угрозой затопления оказался город Краснодар."
00ee8ad1-7800-46f4-907c-ed920413b0e3,2002-06-20,,самолёт Л-39 ВС РФ потерпел катастрофу в Борисоглебске. Пилот погиб.
00ee8ff7-f400-48f3-a391-3f2d5f55b5e7,2002-06-21,,Бадруддоза Чоудхури подал в отставку с поста президента Бангладеш. И. о. президента назначен спикер парламента Джамируддин Сиркар (до 6 сентября 2002 года).
00eea724-7200-4b70-88bf-281d9c3605a6,2002-06-21,2002-06-30,состоялся 24-й Московский международный кинофестиваль. Награду за лучший фильм («Золотой Георгий») получила драма братьев Тавиани «Воскресение».
00ee951e-7000-4d76-b89a-2a2777d7ee65,2002-06-22,,"в Западном Иране произошло землетрясение магнитудой 6,5, погибли более 260 человек."
00ee9f6a-f800-4145-b070-5924eac04696,2002-06-24,,"в Танзании произошло столкновение пассажирского и грузового поездов. 281 человек погиб, около 900 получили ранения."
00eea9b7-f000-4fb3-8af8-605cabd15d36,2002-06-26,,С космодрома Байконур осуществлён запуск ракеты-носителя Союз-У с транспортным грузовым космическим кораблём Прогресс М-46. Экспедиция по снабжению МКС (сведён с орбиты 14 октября).
00eea9b7-f000-471b-9616-aeea53327b8e,2002-06-26,,Венесуэлец Альваро Сильва Кальдерон вступил в должность Генерального секретаря ОПЕК (до 31 декабря 2003 года).
00eeac4a-fe00-4e1a-a1e0-c86bbe074bb6,2002-06-26,2002-06-27,"в Кананаскисе (провинция Альберта, Канада) состоялся 28-й саммит «Большой восьмёрки»."
00eeaedd-fc00-4d9d-9677-d0f36fe36546,2002-06-27,,"компания Ford объявила об отзыве более 250 000 минивэнов Ford Windstar из-за проблемы в тормозной системе. Параллельно с этим, южнокорейская компания Hyundai отозвала более 145 000 седанов модели Hyundai Sonata из-за дефекта боковых подушек безопасности."
00eeb404-7800-42e6-b3e5-06ef37d3edc0,2002-06-28,,Государственная Дума России приняла закон «Об альтернативной гражданской службе».
00eeb404-7800-423e-abb1-32d18850f500,2002-06-28,,Война в Афганистане: в результате взрыва на оружейном складе на юге Афганистана в городе Спин-Болдак погибли не менее 10 человек.
00eeb92a-f400-4792-ab87-8982cc86833d,2002-06-29,,Коффи Сама вступил в должность премьер-министра Того (до 9 июня 2006 года).
00eeb92a-f400-402f-ba79-e7133279d053,2002-06-29,,Образована «Российская партия жизни» (лидер — Сергей Миронов).
00eeb92a-f400-452d-9e5e-9aa138503b58,2002-06-29,,Недалеко от острова Ёнпхёндо в Жёлтом море два патрульных катера Северной Кореи пересекли Северную разграничительную линию и завязали бой с катерами береговой охраны Южной Кореи.
00eeb92a-f400-451b-a33b-030c0f1806ec,2002-06-29,,В ночь с 30 июня на понедельник 1 июля — в Твери в результате предположительно разбойного нападения смертельно ранен известный исполнитель русского шансона Михаил Круг (1 июля Круг скончался в Тверской городской больнице).
00eec377-7c00-4187-a9d5-2b4702eddfb3,2002-07-01,,"В воздушном пространстве Германии столкнулись пассажирский Ту-154 авиакомпании «Башкирские авиалинии» и грузовой «Боинг-757-200PF» компании DHL. Погибли все находившиеся на борту обоих самолётов (71 человек, в том числе 52 ребёнка)."
00eec377-7c00-4b34-93c1-c0c8c19840d8,2002-07-01,,Вступил в действие новый уголовно-процессуальный кодекс (УПК) Российской Федерации.
00eec377-7c00-4f0d-88d4-a9a05b5c840f,2002-07-01,,Дания стала Председателем Совета Европейского союза (до 31 декабря 2002 года).
00eec89d-f800-4433-b849-49c7819f5e91,2002-07-02,,американец Стив Фоссетт завершил первое в мире кругосветное путешествие на воздушном шаре.
00eeecaa-7c00-4523-8a79-a243e4fb448b,2002-07-02,2002-07-16,в финском Лахти состоялся 48-й чемпионат мира по стрельбе. Победу в общекомандном зачёте одержала сборная России.
00eed810-fc00-4a9c-a285-0abed74de70d,2002-07-05,,"в результате взрыва на рынке Ларба, расположенном около Алжира, 29 человек погибли, 37 ранены."
00eee25d-f400-4f72-8412-bafedbfb758d,2002-07-07,,В Палестине введена в действие временная конституция.
00eee25d-f400-47bb-b7a5-123e7ded11aa,2002-07-07,,Во время традиционного бега быков по улицам испанского города Памплона были ранены шесть человек.
00eeecaa-7c00-4e9a-a4d6-ed07b4e2f825,2002-07-09,,"Организация Африканского Единства (ОАЕ), объединяющая 53 государства Африки, официально преобразована в Африканский союз."
00eeecaa-7c00-4ead-b2fa-bc713440225a,2002-07-09,,Во Всеволожске (Ленинградская область) состоялось официальное открытие первого российского завода компании Ford Motor Company.
00eef1d0-f800-4f2e-b26d-a1a452072faa,2002-07-10,,Президент Украины Леонид Кучма подписал указ об интеграции Украины в НАТО.
00eef1d0-f800-4dfd-b8f6-476c4b7b7a0e,2002-07-10,,Международная группа учёных обнаружила в пустыне Чада череп доисторического предка человека возрастом 7 миллионов лет.
00eef6f7-7400-4026-953c-8e9e3644fac6,2002-07-11,,"премьер-министром Республики Корея впервые в истории существования этого государства стала женщина: южнокорейский президент Ким Дэ Чжун назначил на пост и. о. главы правительства Чан Сан (до 31 июля 2002 года) и, кроме того, произвёл смену руководства в шести министерствах."
00eefc1d-7000-4440-a538-8e8986f8be9a,2002-07-12,,"С российской атомной подводной лодки К-44 «Рязань» из подводного положения запущен экспериментальный космический аппарат «Демонстратор-2», предназначенный для доставки на землю грузов с космической орбиты."
00eefc1d-7000-4a88-98ad-8d80b92fe377,2002-07-12,,"Конфликт вокруг острова Перехиль: марокканские военные высадились на испанском необитаемом островке Перехиль, около Сеуты, и водрузили два флага Марокко (18 июля марокканцы вытеснены с острова, 20 июля восстановлен статус-кво)."
00eefc1d-7000-445d-ae78-7d883c32de86,2002-07-12,,Владимир Шпидла вступил в должность премьер-министра Чехии (до 19 июля 2004 года).
00eefc1d-7000-4d57-8d5c-5d768bdea72f,2002-07-12,,Директива 2002/58/ЕС
00ef1349-fe00-44f1-9fd4-f451b52a22e1,2002-07-12,2002-07-21,в Перми состоялся 34-й чемпионат Европы по боксу. Победу в общекомандном зачёте одержала Россия.
00ef066a-7800-4110-b44f-a7b776706d81,2002-07-14,,на Украине образована первая епархия римско-католической церкви.
00ef0b90-7400-4b12-aff5-98f461446d04,2002-07-15,,"Македонский парламент утвердил новую инструкцию, в соответствии с которой албанский язык вводится в качестве второго официального языка во время работы парламента."
00ef0b90-7400-4114-a86a-70b6c55c7870,2002-07-15,,Армения и Тунис установили дипломатические отношения.
00ef15dd-7c00-4215-800d-4124b5eb2743,2002-07-17,,в северо-западной китайской провинции Ганьсу археологи обнаружили гигантскую сеть пещер. Она протянулась на расстояние более 50 километров среди отвесных скал по обе стороны реки Цзинхэ и насчитывает 512 пещер и 5 колодцев.
00ef1b03-f800-48f8-b511-9eaf05d2b1ad,2002-07-18,,"в Индии состоялись президентские выборы. Победу одержал 77-летний учёный Абдул Калам, опередивший Лакшми Сахгала."
00ef2550-7000-45db-aad6-5cd0be4b86f0,2002-07-20,,"Вторая чеченская война: при перелёте из Северной Осетии в Ингушетию потерпел катастрофу, врезавшись в гору, вертолёт МИ-8. Все находившиеся на его борту 12 человек погибли."
00ef2550-7000-4552-8fc8-465a511f3783,2002-07-20,,"Вторая конголезская война: В Претории (ЮАР) между президентом Демократической Республики Конго Жозефом Кабилой и руандийским президентом-тутси Полем Кагаме подписано мирное соглашение, предусматривающее вывод 20-тысячного контингента руандийской армии, официальное признание организаций тутси на территории Конго (RCD & MLC) и разоружение вооружённых формирований хуту."
00ef2a76-fc00-4cba-a027-3af4b5b8e9e2,2002-07-21,,"в результате взрыва на шахте «Юбилейная» в Первомайске Днепропетровской области (Украина) 6 человек погибли, 14 получили ранения."
00ef2f9c-f800-479b-bece-f93b8cf9d469,2002-07-22,,"В США объявлено о самом крупном за всю историю страны банкротстве: эта процедура была запущена в отношении телекоммуникационной компании «WorldCom», авуары которой насчитывали более 100 млрд долларов."
00ef2f9c-f800-45b4-85ef-c99e0ed6b43e,2002-07-22,,Приостановила свою деятельность первая в мире онлайновая радиостанция KPIG: у неё не нашлось денег на авторские отчисления.
00ef2f9c-f800-4ffb-8e30-cb7bf7cc7a91,2002-07-22,,Ян Петер Балкененде занял пост премьер-министра Нидерландов (до 14 октября 2010 года).
00ef34c3-7400-468d-960a-f6f8b814ef74,2002-07-23,,президент США Джордж Буш подписал указ о создании на территории гор Юкка в штате Невада могильника для радиоактивных отходов.
00ef728f-f400-4286-b0ff-651f43143ec1,2002-07-24,2002-08-15,в США состоялись крупномасштабные военные учения «Millennium Challenge 2002» («Вызов Тысячелетия 2002»). Эти учения считаются самыми крупнобюджетными в американской военной истории (250 миллионов долларов).
00ef39e9-f000-4303-8517-b6896fd1b8a2,2002-07-24,,В России принят закон «Об обороте сельскохозяйственных земель».
00ef39e9-f000-467c-8adf-7f3e1e20d511,2002-07-24,,Национальная ассамблея избрала на должность президента Албании Альфреда Мойсиу (до 24 июля 2007 года).
00ef3f10-7c00-4350-9240-2c98254d5aa6,2002-07-25,,Абдул Калам вступил в должность президента Индии (до 25 июля 2007 года).
00ef3f10-7c00-4800-a49a-56c5f039502e,2002-07-25,,В России принят закон «О противодействии экстремистской деятельности».
00ef4436-7800-4efc-97c7-a4d907ec0003,2002-07-26,,в результате взрыва метана на угольной шахте на юге Китая погибли 18 человек.
00ef495c-f400-4c67-8b27-7addc5f07f39,2002-07-27,,"Авиакатастрофа на авиашоу во Львове, самая крупная в истории мировых авиашоу: в результате падения Су-27 на зрителей по официальным данным погибли 77 человек."
00ef495c-f400-400c-9b56-46a2a76b588d,2002-07-27,,"При раскопках на юге Албании британским археологам удалось обнаружить шахматную фигуру, датируемую VI веком: эта находка свидетельствует, что европейцы начали играть в шахматы не в XII веке, как считалось прежде, а значительно раньше."
00ef4e83-7000-4fa4-b2bb-a665bf846df2,2002-07-28,,Рядом с аэропортом «Шереметьево» через 2 минуты после взлёта разбился самолёт Ил-86 RA-86060 авиакомпании «Пулково». 14 человек погибли.
00ef4e83-7000-4a24-888d-b6d55105ac91,2002-07-28,,Вьетнам и Восточный Тимор установили дипломатические отношения.
00ef58cf-f800-4839-b0b4-14e69d4a42f3,2002-07-30,,"в США произошло крушение поезда, следовавшего по маршруту Чикаго — Вашингтон: пассажирский поезд сошёл с рельсов в Кенсингтоне (штат Мэриленд), примерно в 15 км к северу от американской столицы. 97 человек получили ранения."
00ef5df6-7400-47dd-a05c-dc4b646dba3f,2002-07-31,,Фатос Нано назначен председателем Совета министров Албании (до 1 сентября 2005 года).
00ef5df6-7400-4cd4-b82d-eee6c529d165,2002-07-31,,В Донецкой области (Украина) на шахте имени Засядько произошёл взрыв. 19 человек погибли.
00ef5df6-7400-43c2-b00e-a8cc134c925f,2002-07-31,,"Компании «IBM» и «PricewaterhouseCoopers» объявили о достигнутом соглашении по переходу «PwC Consulting» — дочерней фирмы «PwC», специализирующейся на предоставлении консалтинговых услуг и сервисов — в собственность «IBM»."
00ef6842-fc00-4b8d-ae0a-2b869c171f13,2002-07-31,2002-08-04,в Юрмале (Латвия) состоялся 1-й Международный конкурс молодых исполнителей популярной музыки «Новая волна».
00ef6842-fc00-445f-ac88-8d35f5c5336c,2002-08-02,,Сауфату Сопоанга вступил в должность премьер-министра Тувалу (до 27 августа 2004 года).
00ef6d69-7800-4ff6-a385-9be6917be884,2002-08-03,,"парламент Турции проголосовал за пакет реформ, готовящих страну к вступлению в ЕС: отменена смертная казнь в мирное время, разрешена критика вооружённых сил страны, запрещена контрабанда людей и человеческих органов, смягчён запрет на использование курдского языка."
00ef728f-f400-4b5b-8c7b-82b7c0f22d1d,2002-08-04,,"США объявили о выделении Уругваю полуторамиллиардного кредита, предназначенного для спасения финансовой системы, оказавшейся на грани дефолта."
00ef77b6-7000-4a33-8eae-d70e03d4f633,2002-08-05,,Майкл Томас Сомаре вступил в должность премьер-министра Папуа — Новой Гвинеи (до 2 августа 2011 года).
00ef7cdc-7c00-447d-963a-dd2829dbb0cb,2002-08-06,,Хакеры взломали компьютерную сеть министерства обороны Японии.
00ef7cdc-7c00-4d1d-a157-eb4fb4e3a4d0,2002-08-06,,"Апелляционный суд США постановил, что СМИ имеют право на полный доступ и запечатление процедуры приведения в исполнения смертной казни в штате Калифорния."
00ef7cdc-7c00-4692-ab95-8531b7e27456,2002-08-06,,Гонсало Санчес де Лосада вступил в должность президента Боливии (до 17 октября 2003 года).
00ef7cdc-7c00-4fdb-b25f-387b12391dba,2002-08-06,,"Вторая чеченская война: в Шатое перед зданием комендатуры подорвался на фугасе ГАЗ-66 с военнослужащими: 10 человек погибли, 7 ранено."
00ef89bc-7200-4053-a5cc-8fbe323f17a4,2002-08-06,2002-08-11,в Мюнхене состоялся 18-й чемпионат Европы по лёгкой атлетике. Победу в общекомандном зачёте одержала сборная России.
00ef8202-f800-4b74-92bc-d780c79df380,2002-08-07,,Альваро Урибе Велес вступил в должность президента Колумбии (до 7 августа 2010 года).
00ef8c4f-7000-4545-9f8f-1ec68dcbd13f,2002-08-09,,Чан Дэ Хван назначен и. о. премьер-министра Южной Кореи (до 10 сентября 2002 года).
00ef8c4f-7000-43c8-8d58-e2ff40a59db1,2002-08-09,,Война в Афганистане: в результате взрыва бомбы в Джелалабаде (Афганистан) погибли 12 человек.
00ef9bc2-f400-4367-8cb4-ae68fee1b97b,2002-08-12,,самолёт Л-29 упал на лётное поле при выполнении учебно-тренировочного полёта в районе Мичуринска. Экипаж катапультировался.
00efa0e8-f000-4cdc-817a-07f10e1d8749,2002-08-13,,Война в Афганистане: вертолёт AH-64A «Апач» Армии США разбился по техническим причинам во время полёта к югу от Кабула. 2 человека получили ранения.
00efa60f-7c00-4f35-864e-b9bddb8888ed,2002-08-14,,Кинзанг Дорджи вступил в должность премьер-министра Бутана (до 30 августа 2003 года).
00efbfcf-7800-4d3e-ab28-4531e6e289e5,2002-08-19,,Вторая чеченская война: в Чечне около военной базы Ханкала из ПЗРК «Игла» был сбит военно-транспортный вертолёт Ми-26. 127 человек погибли. Самая крупная в мире катастрофа с участием вертолёта по количеству жертв.
00efc4f5-7400-4be1-a339-93317a17ff27,2002-08-20,,"корпорация «General Motors» объявила об отзыве 700 000 автомобилей, произведённых в 2000 году: в пикапах и микроавтобусах «Chevrolet» и «GMC» были выявлены неполадки в подушках безопасности."
00efca1b-f000-47b7-892b-f693c9391eda,2002-08-21,,В Москве убит депутат Госдумы РФ от партии «Либеральная Россия» Владимир Головлёв.
00efca1b-f000-4e77-98d7-eedfd3a49a0a,2002-08-21,,В пустыне на севере штата Аризона прошли успешные испытания прототипов марсохода «Spirit».
00efcf42-7c00-4feb-9ccb-8437cf73b420,2002-08-22,,"Столица Австралии Канберра стала первым городом страны, где узаконены аборты."
00efcf42-7c00-4071-80ee-0956de24cf01,2002-08-22,,Власти Таиланда запретили использовать слонов для передвижения по городским улицам.
00efcf42-7c00-48bd-a566-c3f87b2bc0e1,2002-08-22,,"Остров Норфолк объявил себя зоной, свободной от мобильных телефонов (запрет на пользование мобильными телефонами действовал на острове до апреля 2007 года)."
00efcf42-7c00-4d35-a04d-36b800ee21ae,2002-08-22,,"В результате взрыва газа в общежитии города Когалым (Ханты-Мансийский АО) 8 человек погибли, 1 ранен."
00efcf42-7c00-42ba-881e-806d3ae48a23,2002-08-22,,"В Непале самолёт De Havilland Canada DHC-6 Twin Otter 300 авиакомпании «Shangri-La Air», следовавший рейсом Джомсом — Покхара, врезался в гору. 18 человек погибли."
00efd98e-f400-4326-99a3-bcd6d7674e8e,2002-08-24,,"на конституционном референдуме в Азербайджане принят ряд поправок в основной закон, связанных в том числе с реформированием избирательной системы и структуры власти."
00efe3db-fc00-4240-b1ab-e5f928eaaf35,2002-08-26,,РТР сменило название телеканала «Россия».
00efe3db-fc00-459f-bf9d-c8f156c41c37,2002-08-26,,Парламент Грузии принял решение о выходе страны из состава СНГ и полном выводе военных баз и миротворческих сил с грузинской территории.
00efe3db-fc00-4b58-8864-465d51d01e24,2002-08-26,,Вторая чеченская война: в Шали уничтожен известный полевой командир Асламбек Абдулхаджиев.
00efee28-7400-4071-bfe1-783614ecab4e,2002-08-28,,Тео-Бен Гурираб назначен на пост премьер-министра Намибии (до 21 марта 2005 года).
00f007e8-7000-4e8a-b041-bbf8bfa6a282,2002-08-28,2002-09-07,состоялся 59-й международный венецианский кинофестиваль. Награду за лучший фильм («Золотой лев») получила драма Питера Маллана «Сёстры Магдалины».
00f00d0e-7c00-4391-9d4d-8aa2a6044251,2002-08-29,2002-09-08,"в Индианаполисе состоялся 14-й чемпионат мира по баскетболу среди мужчин. Победу одержала сборная Югославии. Второе место заняла сборная Аргентины, третье — сборная Германии."
00eff874-fc00-4ceb-b5d2-1d77d152b728,2002-08-30,,Под Хабаровском открыт мост через Амурскую протоку длиной 750 метров.
00eff874-fc00-4541-942b-a1a753182a92,2002-08-30,,"Генри Купрашвили в древнегрузинском военно-тренировочном стиле, связанный в четырёх местах по рукам и ногам, первым в истории человечества переплыл пролив Дарданеллы, проплыв 12 километров за 3 часа и 15 минут."
00f021a7-fc00-4a0a-b61d-3380e345c4a9,2002-08-30,2002-09-15,"в Германии состоялся 14-й чемпионат мира по волейболу среди женщин. Победу одержала сборная Италии, второе место заняла сборная США, третье — сборная России."
00effd9b-7800-46fe-83bb-84ab1f802765,2002-08-31,,Вторая чеченская война: в районе села Бешил-Ирзу из ПЗРК сбит вертолёт Ми-24П ВС РФ. Оба члена экипажа погибли.
00efb05b-f400-4923-b7d2-1c6e6a1da9df,2002-08-01,2002-08-31,"в Европе произошло крупнейшее за последние 100 лет наводнение: сильнее всего пострадали Чехия, Австрия, Германия, Словакия, Польша, Венгрия, Румыния и Хорватия."
00f002c1-f400-4472-9c46-9ee4b4b465b1,2002-09-01,,Вступил в силу новый Арбитражный процессуальный кодекс Российской Федерации.
00f002c1-f400-4f2c-bb22-832aefba14f7,2002-09-01,,Супачаи Панитчпакди вступил в должность Генерального директора Всемирной торговой организации (до 1 сентября 2005 года).
00f007e8-7000-4a17-9ad6-ed1e07671fb8,2002-09-02,,ОРТ и ОРТ-Международное сменили названия на «Первый канал» и «Первый канал. Всемирная сеть».
00f007e8-7000-422a-baef-748244d8906b,2002-09-02,,У берегов Индонезии произошло землетрясение магнитудой до 7. Погибли около 50 человек.
00f00d0e-7c00-4241-a66d-e3015dacaa9a,2002-09-03,,"Вторая чеченская война: в окрестностях Шали на радиоуправляемом фугасе подорвался КамАЗ с милиционерами. 8 человек погибли, 11 получили ранения."
00f01234-f800-4f35-94ff-dd36ccd5f5cf,2002-09-04,,"в результате взрыва на угольной шахте в китайской провинции Хунань 33 человека погибли, 6 пропали без вести."
00f0175b-7400-4e7e-8387-bc1993696432,2002-09-05,,Распоряжением Правительства России создано ФГУП «Почта России».
00f0175b-7400-4460-92de-2e27d46cd5da,2002-09-05,,Война в Афганистане: в результате взрыва бомбы в Кабуле погибли 22 человека.
00f01c81-f000-41c1-b86d-9a9280845d88,2002-09-06,,Вторая чеченская война: 3 милицейских УАЗа попали в засаду под Итум-Кали. В перестрелке погибли 6 и ранены 4 милиционера.
00f01c81-f000-43b8-89f6-24af77441d18,2002-09-06,,Яджуддин Ахмед вступил в должность президента Бангладеш (до 12 февраля 2009 года).
00f026ce-7800-44cb-bb8d-6772bd1ea14c,2002-09-08,,"Международный валютный фонд одобрил выделение Бразилии займа в размере $30,4 миллиарда долларов с целью предотвращения спада экономики этой страны."
00f026ce-7800-438d-95f7-a0f9c5f334df,2002-09-08,,"В России состоялся первый тур выборов губернатора Красноярского края. Во второй тур вышли Александр Усс (27,26 % голосов избирателей) и Александр Хлопонин (25,25 %). Явка составила 47,20 %."
00f02bf4-f400-4857-b230-ca7350bfb33f,2002-09-09,,самолёт F-16C Block 30J «Файтинг Фалкон» ВВС США разбился в штате Нью-Мексико. Пилот погиб.
00f0311a-f000-4cf0-9cf5-f91f835c1ab5,2002-09-10,,Ким Сок Су назначен на пост премьер-министра Южной Кореи (до 26 февраля 2003 года).
00f0311a-f000-4675-8f9a-34257fe0329f,2002-09-10,,Швейцария принята в члены ООН.
00f0311a-f000-473f-929b-954ab1fad57c,2002-09-10,,"В индийском штате Бихар упал с моста в реку Дхаве пассажирский поезд. 118 человек погибли, около 150 получили ранения."
00f03b67-f800-4a18-af1a-57cfa16a195d,2002-09-12,,"Суд греческого города Салоники признал антиконституционным запрет, наложенный греческим правительством на компьютерные игры."
00f03b67-f800-496b-98f5-8fb77bf77d22,2002-09-12,,"Президент США Джордж Буш объявил о намерении Соединённых Штатов снова стать членом ЮНЕСКО, из состава которой они вышли 18 лет назад (США восстановлены в ЮНЕСКО 29 сентября 2003 года)."
00f045b4-7000-495c-bed7-1ef2cb6633f1,2002-09-14,,Австралия и Бутан установили дипломатические отношения.
00f06207-7a00-4150-bf56-288fa4fd10c7,2002-09-14,2002-09-25,"в Китае состоялся 14-й чемпионат мира по баскетболу среди женщин. Победу одержала сборная США, второе место заняла сборная России, третье — сборная Австралии."
00f04ada-fc00-414c-a0d8-4e65bd01aabe,2002-09-15,,"В Македонии состоялись парламентские выборы. Больше всего мест в Собрании получил блок левых партий «Вместе для Македонии» (41,58 % голосов, 60 мест). Второе место занял блок правых партий ВМРО-ДПМНЕ и ЛПМ (25,02 % голосов, 33 места)."
00f04ada-fc00-4c35-a07e-b6488a190655,2002-09-15,,"В Швеции состоялись парламентские выборы. Победу одержала шведская Социал-демократическая Рабочая Партия (40,0 % голосов избирателей, 144 места в риксдаге). Второе место заняла Умеренная коалиционная партия (14,9 % голосов, 58 мест). В итоге коалиция левых партий получила в парламенте 191 место из 349, у правоцентристского блока осталось 158 мест."
00f05001-7800-43e4-ae96-78aec10caa60,2002-09-16,,в Абилине (штат Техас) была задушена 22-летняя журналистка и телеведущая Дженнифер Серво. Убийца не найден. Это убийство получило широкий резонанс в американском обществе.
00f05527-7400-41c9-98d1-58eb12b14ad1,2002-09-17,,Россия и Сент-Винсент и Гренадины установили дипломатические отношения.
00f05527-7400-4030-b292-a553df2ca75d,2002-09-17,,Украина и Гондурас установили дипломатические отношения.
00f05a4d-f000-4863-843a-347a3ef2a083,2002-09-18,,в результате взрыва грузовика с газовыми баллонами в центре индийского города Атхур (штат Тамилнад) погибли 14 человек.
00f05f74-7c00-4631-ba83-b5d160adf0f5,2002-09-19,,"Солдаты, уволенные из армии по подозрению в нелояльности властям, начали наступление на Абиджан. Начало гражданской войны в Кот-д’Ивуаре."
00f05f74-7c00-4b68-9bf1-472f090279bb,2002-09-19,,"Вертолёт Ми-24 ВС РФ, выполнявший учебно-тренировочный полёт, упал в районе деревни Верхняя Вырка (Калужская область). 3 человека погибли."
00f0649a-f800-43e5-8306-f1674c5a9832,2002-09-20,,"На Кармадонское ущелье в Северной Осетии сошёл ледник Колка. 19 человек погибли, 106 пропали без вести. Среди пропавших — съёмочная группа фильма «Связной» Сергея Бодрова-младшего."
00f0649a-f800-40e0-8d14-792c10b177b4,2002-09-20,,Сингапур и Бутан установили дипломатические отношения.
00f0672d-f600-48a4-b4c7-e7abf8b0a81b,2002-09-20,2002-09-21,"парламентские выборы в Словакии. По итогам выборов партии Словацкий демократический и христианский союз (15,1 % голосов, 28 мест в Народной Раде), Христианско-демократическое движение (8,3 %, 15 мест), Альянс новых граждан (8,0 %, 15 мест) и Партия венгерской коалиции (11,2 %, 20 мест) сформировали правящую коалицию. Премьер-министром страны остался Микулаш Дзуринда. Явка на выборах составила 70,07 %."
00f06ee7-7000-4bb6-a1c9-62ada1664acd,2002-09-22,,"Парламентские выборы в Германии: «красно-зелёная коалиция» СДПГ (38,5 % голосов, 251 место в бундестаге) и «зелёных» (8,6 %, 55 мест) во главе с Герхардом Шрёдером осталась у власти."
00f06ee7-7000-4cbf-ad2c-b2a1f2389441,2002-09-22,,"В России состоялся второй тур выборов губернатора Красноярского края. Победу одержал Александр Хлопонин (48,07 % голосов избирателей). Его соперник Александр Усс набрал 41,83 %. Явка составила 46,08 %."
00f0740d-fc00-4e61-b557-477f3d1b1d29,2002-09-23,,в Бельгии вступил в силу закон об эвтаназии.
00f07933-f800-4951-bafb-7a1b75597d5c,2002-09-23,2002-09-25,"Вторая чеченская война: рейд боевиков на Ингушетию: около 300 чеченских боевиков вторглись с территории Грузии на территорию Ингушетии. В результате боестолкновения с частями ВС РФ у села Галашки 76 боевиков были убиты, 5 взяты в плен. Потери российской армии составили 12 человек убитыми и 17 ранеными, также из ПЗРК был сбит 1 вертолёт Ми-24 и подбито 2 БТРа."
00f07e5a-7400-47aa-a943-83b2070dd280,2002-09-25,,В районе посёлков Мама и Витимский Мамско-Чуйского района Иркутской области упал Витимский болид.
00f07e5a-7400-44a8-a1ea-635b26826ac6,2002-09-25,,С космодрома Байконур осуществлён запуск ракеты-носителя Союз-ФГ с транспортным грузовом космическим кораблём Прогресс М1-9. Экспедиция по снабжению МКС (сведён с орбиты 1 февраля 2003 года).
00f08380-f000-4201-a590-0e37bf128ff9,2002-09-26,,у берегов Гамбии затонул сенегальский пассажирский паром «Джула». 1863 человека погибли.
00f088a7-7c00-4575-a230-2d3d4aeda546,2002-09-27,,Вторая чеченская война: в центре Махачкалы убит начальника Управления по борьбе с экстремизмом и уголовным терроризмом МВД Дагестана Ахвердилав Акилов.
00f088a7-7c00-416d-9c9f-dc84bc505ae7,2002-09-27,,"На 57-й Генеральной Ассамблее ООН состоялись выборы новых непостоянных членов Совета безопасности ООН. Новыми непостоянными членами на 2 года избраны Ангола, Пакистан, Чили, Германия и Испания. Свою работу в Совбезе они начали с 1 января 2003 года."
00f088a7-7c00-40e3-bcc4-0dc4b9331935,2002-09-27,,Восточный Тимор принят в члены ООН.
00f088a7-7c00-472f-b48a-555fd856d4a6,2002-09-27,,"В пакистанской провинции Белуджистан упали с моста восемь вагонов пассажирского поезда. 16 человек погибли, около 70 получили ранения."
00f0b46d-7a00-4ef9-a337-50fc9e4117c5,2002-09-28,2002-10-13,"в Аргентине состоялся 15-й чемпионат мира по волейболу сред мужчин. Победу одержала сборная Бразилии, второе место заняла сборная России, третье — сборная Франции."
00f0b993-7600-400e-97ee-ee8436d79564,2002-09-29,2002-10-14,"в Пусане (Южная Корея) состоялись XIV Азиатские игры. Победу в общекомандном зачёте одержал Китай, второе место заняла Южная Корея, третье — Япония."
00f09d40-7c00-4461-9b47-28a541f9307c,2002-10-01,,Мауро Кьяруцци и Джузеппе Морганти вступили в должность капитанов-регентов Сан-Марино (до 1 апреля 2003 года).
00f0a266-f800-4af9-822c-b936205c18b9,2002-10-02,,"в результате взрыва нефтепровода на юге Нигерии 20 человек погибли, десятки получили ранения."
00f0b1d9-fc00-4ff1-9448-07801e23087f,2002-10-05,,"В Латвии состоялись парламентские выборы. Больше всего мест в Сейме получила партия «Новое время» (23,9 % голосов избирателей, 26 мест). Второе место заняла партия «За права человека в единой Латвии» (19,0 % голосов, 25 мест), третье — «Народная партия» (16,6 % голосов, 20 мест)."
00f0b1d9-fc00-4f92-a9e7-1d461bc1c6e2,2002-10-05,,Американский суд приговорил российского хакера Василия Горшкова к трём годам лишения свободы и возмещению убытков в размере 690 000 долларов.
00f0b1d9-fc00-4b54-8f1b-13b2bc36f6e4,2002-10-05,,"Состоялись выборы в Президиум Боснии и Герцеговины. Членами Президиума избраны Драган Чович (от хорватов), Мирко Шарович (от сербов) и Сулейман Тихич (от боснийцев)."
00f0bc26-f400-4693-96eb-fef16e5503c1,2002-10-07,,"111-й старт (STS-112) по программе Спейс Шаттл. 26-й полёт шаттла Атлантис. Экипаж — Джеффри Эшби, Памелла Мелрой, Дэвид Вулф, Пирс Селлерс, Сандра Магнус, Фёдор Юрчихин (Россия)."
00f0bc26-f400-404d-8ce5-ff81bbffb3a0,2002-10-07,,Мария даш Невеш назначен на пост премьер-министра Сан-Томе и Принсипи (до 18 сентября 2004 года).
00f0bc26-f400-4395-801b-bdc25ce585f2,2002-10-07,,В Кишинёве состоялось заседание Совета глав государств СНГ.
00f0c673-7c00-470b-8a61-93653affc099,2002-10-09,,"Инцидент с Boeing 747 над Беринговым морем: у самолёта Boeing 747-451 авиакомпании Northwest Airlines, совершавшего рейс из Детройта в Нариту, внезапно заклинило вертикальный хвостовой стабилизатор. Экипаж смог благополучно посадить самолёт в Анкоридже (штат Аляска), жертв не было."
00f0c673-7c00-44b5-aa5c-513800ec23a5,2002-10-09,,Дрис Жетту назначен премьер-министром Марокко (до 15 октября 2007 года).
00f0c673-7c00-4a2c-a08f-e3bc7018eb43,2002-10-09,,Военный министр Израиля Биньямин Бен-Элиэзер отдал приказ ликвидировать ряд еврейских поселений на Западном берегу реки Иордан.
00f0d879-fe00-4fb2-a55c-f2db965913ec,2002-10-09,2002-10-16,в России прошла перепись населения.
00f0cb99-f800-4c85-96ed-4bc4437a5512,2002-10-10,,Вторая чеченская война: в Грозном взорвано здание Заводского РОВД. Погибли 25 человек.
00f0cb99-f800-4aa6-a7bf-600b8acd2d1e,2002-10-10,,"Конгресс США принял резолюцию, разрешившую ведение боевых действий против Ирака."
00f0d0c0-7400-4775-b74a-d8ad9c4db20f,2002-10-11,,Локендра Бахадур Чанд вступил в должность премьер-министра Непала (до 5 июня 2003 года).
00f0d0c0-7400-4c7c-9aa4-747bf9cf4590,2002-10-11,,"В результате взрыва бомбы в универмаге финского города Вантаа 7 человек погибли, 10 получили ранения."
00f0d5e6-7000-40c3-86e8-83bd73b48df4,2002-10-12,,"в результате трёх взрывов в ночном клубе на острове Бали (Индонезия) погибли по меньшей мере 182 человека, пострадали 300. Большинство погибших — иностранные туристы."
00f0e033-7800-43cf-9de2-22afa4714894,2002-10-14,,православие объявлено в Грузии официальной государственной религией.
00f0e559-f400-40b4-8c54-b8363bf72349,2002-10-15,,"В Ираке состоялся референдум по вопросу продления президентских полномочий Саддама Хусейна. По официальным данным, 100 % избирателей проголосовали за продление полномочий Хусейна сроком на 7 лет."
00f0e559-f400-4d27-a478-64115db8ea7c,2002-10-15,,Обанкротилась американская компания-разработчик и изготовитель графических процессоров трёхмерной графики и видеокарт 3dfx Interactive.
00f0efa6-7c00-484f-8cfc-33c4d67b5a12,2002-10-17,,"Вторая чеченская война: в районе Комсомольского разбился вертолёт Ми-8МТВ-2 МВД России: он зацепился за линию электропередач, уклоняясь от обстрела с земли. 3 человека погибли."
00f0efa6-7c00-47bb-ae2b-247839c12a70,2002-10-17,,"Вторая чеченская война: вертолёт Ми-8 ВС РФ упал в реку Терек. 1 человек погиб, 4 получили ранения, 2 пропали без вести."
00f0efa6-7c00-48f3-b459-b5689b012e25,2002-10-17,,"В филиппинском городе Замбоанга в торговом центре произошёл взрыв бомбы. 3 человека погибли, 55 получили ранения."
00f0f4cc-f800-4145-b95a-f252ce751c2e,2002-10-18,,В центре Москвы убит губернатор Магаданской области Валентин Цветков.
00f0f4cc-f800-4162-b221-852961be1ff9,2002-10-18,,Хорватия и Камерун установили дипломатические отношения.
00f0f4cc-f800-4b66-ae8a-77dc4ce19d9b,2002-10-18,,"Вертолёт Ми-26 Федеральной пограничной службы России потерпел катастрофу на Камчатке. 2 человека погибли, 4 получили ранения."
00f0f9f2-f400-4f33-bba3-8ea471327f8e,2002-10-19,,"Взрыв ресторана «Макдоналдс» в Москве, устроенный чеченскими террористами: 1 человек погиб, 8 получили ранения."
00f0f9f2-f400-489f-85b1-081b46226d37,2002-10-19,,Жители Ирландии на референдуме проголосовали за вступление в Евросоюз 10 новых государств («за» проголосовали 60 % избирателей).
00f0f9f2-f400-408d-bf82-9245a45fa8cc,2002-10-19,,Открыт Копенгагенский метрополитен.
00f1043f-fc00-4f10-90b5-401be79190ea,2002-10-21,,"Арабо-израильский конфликт: в населённом пункте Пардес-Хана на севере Израиля взорван пассажирский автобус. 16 человек погибли, около 45 получили ранения."
00f10966-7800-433f-8bc3-84d8f43382bf,2002-10-22,,"В России состоялся первый тур выборов президента Калмыкии. Во второй тур вышли действующий глава региона Кирсан Илюмжинов(47,06 % голосов избирателей) и Баатр Шонджиев (13,61 % голосов). Явка составила 66,87 %."
00f10966-7800-4c52-80f9-d229b50788a3,2002-10-22,,"Европейская комиссия рекомендовала принять в Евросоюз 10 стран: Венгрию, Кипр, Литву, Латвию, Мальту, Польшу, Словакию, Словению, Чехию и Эстонию."
00f10e8c-7400-4651-bcb0-85d3a7f26046,2002-10-23,,в таиландском городе Чианг-Рай убит лидер лаосских повстанцев-хмонгов Па Као Хэ.
00f1111f-f200-4fc8-84c4-e8ccd77ffd20,2002-10-23,2002-10-24,в Туркестане состоялся 2-й Всемирный курултай казахов.
00f11645-fe00-4d5d-9ee4-3ff988b15dfe,2002-10-23,2002-10-26,"захват заложников в театральном центре на Дубровке в Москве: группа вооружённых боевиков захватила и удерживала заложников из числа зрителей мюзикла «Норд-Ост» в здании Дома культуры ОАО «Московский подшипник». В результате операции по освобождению заложников были уничтожены все террористы, при этом погибли и 130 человек из числа заложников, более 700 получили ранения."
00f113b2-f000-4d86-b415-2b4da5e2e0d3,2002-10-24,,Ливия заявляла о выходе из состава Лиги арабских государств (решение о выходе было отозвано 16 января 2003 года).
00f113b2-f000-4b02-9f36-b5135e0547d4,2002-10-24,,"Совет Безопасности ООН единогласно принял резолюцию № 1440, осуждающую захват заложников в Москве."
00f1449f-7a00-4ec0-b2c2-aba689d3abc0,2002-10-25,2002-11-11,в городе Блед (Словения) состоялась 35-я шахматная олимпиада. Победы одержали: сборная России (среди мужчин) и сборная Китая (среди женщин).
00f12325-f400-43db-ab59-a8d84f84322c,2002-10-27,,"В России состоялся второй тур выборов президента Калмыкии. Победу одержал действующий глава региона Кирсан Илюмжинов (57,21 % % голосов избирателей). Его соперник Баатр Шонджиев набрал 38,04 % голосов. Явка составила 68,69 %."
00f12325-f400-46b3-a97e-67ffc320ed4d,2002-10-27,,"В Бразилии состоялись президентские выборы. Победу одержал Луис Инасиу Лула да Силва (61.3 % голосов избирателей; вступил в должность 1 января 2003 года; до 1 января 2011 года). Второе место занял Жозе Серра (38.7 % голосов). явка составила 82,3 %."
00f1284c-7000-41c1-a67a-31af83be11ea,2002-10-28,,В результате взрыва бомбы в индийском штате Западная Бенгалия погибли 14 человек.
00f1284c-7000-44fa-9e20-1617163e8a4d,2002-10-28,,Мирко Шарович занял пост Председателя Президиума Боснии и Герцеговины (до 2 апреля 2003 года).
00f12d72-fc00-4b02-814e-473476752807,2002-10-29,,Вторая чеченская война: вертолёт Ми-8МТ МВД России сбит в районе Ханкалы. 4 человека погибли.
00f13298-f800-43f3-ab7e-2a6c1b9315c1,2002-10-30,,У подъезда своего дома убит мэр Таганрога Сергей Шило.
00f13298-f800-4bf2-bf8b-98b29b676109,2002-10-30,,"Старт космического корабля Союз ТМА-1. Экипаж старта — Ю. В. Лончаков, С. В. Залётин и Франк Де Винне (Бельгия)."
00f13298-f800-4224-ae63-91bd7712c19e,2002-10-30,,Октябрь
00f13298-f800-4707-a469-73c7b00711a9,2002-10-30,,Обанкротилась французская компания-разработчик и издатель компьютерных игр Cryo Interactive.
00f13298-f800-4c08-b72c-3f0c15858169,2002-10-30,,"По обвинению в коррупции и уклонению от налогов в Китае арестовано несколько крупнейших бизнесменов страны (Ян Бинь, Лю Сяоцин, Гаю Юн). Исполнительный директор крупнейшей в Китае автомобильной кампании Ян Жун бежал из страны."
00f13ce5-f000-491d-994f-aea104c36e32,2002-11-01,,Бранко Црвенковский вступил в должность премьер-министра Македонии (до 12 мая 2004 года).
00f14732-7800-417c-be4f-1ec054314c2e,2002-11-03,,Вторая чеченская война: вертолёт Ми-8МТ ВС РФ был сбит из ПЗРК возле Ханкалы. 9 человек погибли.
00f14732-7800-4e23-8e6e-c227a62c1bd3,2002-11-03,,"Землетрясение в национальном парке Денали (Аляска, Соединённые Штаты Америки) магнитудой 7,9 Mw — крупнейшее по силе землетрясение за последние 150 лет."
00f14732-7800-4ec4-b19e-91c4f2bcad8a,2002-11-03,,Лидер победившей на парламентских выборах в Турции «Партии справедливости и развития» Реджеп Эрдоган получил право сформировать новое правительство. Бывшая правящая партия — «Демократическая» — по результатам этих выборов не получила в парламенте ни одного места.
00f14c58-f400-4c72-9e57-72714433f822,2002-11-04,,Идрисса Сек назначен на пост премьер-министра Сенегала (до 21 апреля 2004 года).
00f1517f-7000-4144-afcb-75c21923968d,2002-11-05,,Эйнарс Репше занял пост премьер-министра Латвии (до 9 марта 2004 года).
00f1517f-7000-4181-9974-e12a865cc320,2002-11-05,,КНДР и Восточный Тимор установили дипломатические отношения.
00f15bcb-f800-428c-b703-843a31b3a290,2002-11-07,,"В Гибралтаре состоялся референдум по вопросу совместного суверенитета Великобритании и Испании над островом. Против высказались 98,48 % избирателей. Явка составила 87,9 %."
00f15bcb-f800-4b55-8faf-13c64299cfc2,2002-11-07,,В Редмонде (штат Вашингтон) в штаб-квартире Microsoft официально представлена аппаратно-программная платформа для планшетных компьютеров Microsoft Tablet PC. Начало эры планшетных компьютеров.
00f172f8-7600-4a2a-a531-196e3c05d334,2002-11-08,2002-11-15,в Пекине состоялся XVI Всекитайский съезд Коммунистической партии Китая.
00f16b3e-fc00-4928-b549-5e5ed839d627,2002-11-10,,"приземление корабля Союз ТМ-34. Экипаж посадки — Ю. В. Лончаков, С. В. Залётин и Франк Де Винне (Бельгия)."
00f16b3e-fc00-4fe3-ba92-e4eae1bcf681,2002-11-10,,"Арабо-израильский конфликт: Два арабских террориста ворвались в кибуц Мецер на машине и расстреляли 5 человек, в том числе двое детей 4 и 5 лет, 3 человека ранены."
00f16b3e-fc00-4d60-8f2e-1a5b17cf5601,2002-11-10,,в Словении прошёл первый тур президентских выборов.
00f17065-7800-49ee-b0ad-cca0c9eebfc9,2002-11-11,,В Санкт-Петербурге на Балтийском вокзале произошла авария: электропоезд без машиниста вылетел на перрон. В результате происшествия погибли 4 и ранены 9 человек.
00f17065-7800-48eb-bd44-dff19d485f64,2002-11-11,,Вторая чеченская война: вертолёт Ми-24 потерпел аварию в районе Ханкалы и сгорел. Пострадавших нет.
00f17065-7800-4f7f-9000-effb57f2828c,2002-11-11,,В Брюсселе состоялся 10-й по счёту саммит Россия — ЕС. Главные темы саммита: вопрос о пересечении жителями Калининградской области польской и литовской границ после вступления этих стран в ЕС и ситуация в Чечне.
00f17fd8-7c00-45e3-abee-5a0aa9d65780,2002-11-14,,Аргентина объявила дефолт по кредитам Всемирного банка.
00f184fe-f800-43e2-8922-012e81ba2c9d,2002-11-15,,Ху Цзиньтао сменил Цзян Цзэминя в должности Генерального секретаря ЦК КПК (до 15 ноября 2012 года).
00f184fe-f800-4d5b-beb2-9570805b8ea9,2002-11-15,,В ЮАР (провинция Квазулу-Натал) в результате крупной автокатастрофы (столкновение микроавтобуса с трейлером) погибли 18 человек.
00f18f4b-7000-40d3-aa57-5be5ebb35029,2002-11-17,,Во Владикавказе в непосредственной близости от республиканского стадиона «Спартак» произошли два взрыва. Пострадавших нет.
00f18f4b-7000-4f5a-adca-19fdc352ef02,2002-11-17,,Марио Пиреш занял пост премьер-министра Гвинеи-Бисау (до 14 сентября 2003 года).
00f19471-fc00-4791-ba2e-20eb3f871207,2002-11-18,,Абдулла Гюль занял пост премьер-министра Турции (до 14 марта 2003 года).
00f1a90b-7c00-414e-a821-be6bf90806fa,2002-11-18,2002-11-26,в Варшаве состоялся чемпионат мира по тяжёлой атлетике. Победу в общекомандном зачёте одержал Китай.
00f19998-7800-4c0f-b620-7765026c876d,2002-11-19,,"танкер «Престиж», перевозящий 73 000 тонн мазута, разломился надвое в 250 км от северо-западного побережья Испании. В море вылилось более 5 тысяч тонн мазута."
00f1a90b-7c00-4b57-9a9f-57fcd2e84709,2002-11-20,2002-11-24,в Дебрецене (Венгрия) состоялся 36-й чемпионат мира по спортивной гимнастике. Победу в общекомандном зачёте одержала Румыния.
00f1a3e4-f000-40a1-b2c5-d628fe0cbc29,2002-11-21,,"Верховная рада Украины дала согласие на назначение на пост премьер-министра Виктора Януковича, кандидатура которого была предложена президентом (до 5 января 2005 года)."
00f1a3e4-f000-4832-97a0-8a2f9e3c213c,2002-11-21,,"Арабо-израильский конфликт: в результате взрыва в рейсовом автобусе в Иерусалиме, устроенном террористом-смертником, 10 человек погибли и около 40 получили ранения."
00f1a3e4-f000-4d7a-97a3-4cd3346359bd,2002-11-21,,В результате взрыва на хлебозаводе в алжирском городе Себду погибли 10 человек.
00f1a677-fe00-4773-8fe4-06343254cbac,2002-11-21,2002-11-22,"в Праге состоялся саммит стран-членов НАТО. По его итогам предложение присоединиться к альянсу в 2004 году получили Болгария, Эстония, Латвия, Литва, Румыния, Словакия и Словения."
00f1a90b-7c00-4989-9b56-15f2b9c7e223,2002-11-22,,"всем лицам, временно пребывающим на территорию России, начата выдача миграционных карт."
00f1ae31-f800-4901-8f12-7f3700f29b50,2002-11-23,,Зафарулла Хан Джамали назначен на пост премьер-министра Пакистана (до 26 июня 2004 года).
00f1b357-f400-4e41-a397-96a2ffb0c6e4,2002-11-24,,"112-й старт (STS-113) по программе Спейс Шаттл. 19-й полёт шаттла Индевор. Экипаж — Джеймс Уэзерби, Пол Локхарт, Майкл Лопес-Алегрия, Джон Херрингтон, Кеннет Боуэрсокс, Николай Бударин (Россия), Доналд Петтит."
00f1b357-f400-43cd-b335-cc45806ceed9,2002-11-24,,"В Австрии состоялись внеочередные парламентские выборы. По их итогам вновь была сформирована коалиция Австрийской партии свободы (10,01 % голосов избирателей, 18 мест в Национальном совете) и Австрийской народной партии (42,30 % голосов, 79 мест)."
00f1b87e-7000-44a1-bbd5-9ee91909e0ad,2002-11-25,,кортеж туркменского президента Сапармурата Ниязова был обстрелян в центре Ашхабада. Несколько человек ранено. Сам Ниязов не пострадал.
00f1c7f1-7400-4884-b2ec-24e4fe1b5c72,2002-11-28,,в результате взрыва в гостинице в кенийском городе Момбаса погибли 15 человек.
00f1cd17-f000-4156-bdfb-f8239f6766ef,2002-11-29,,Геннадий Гагулия назначен премьер-министром Абхазии (до 22 апреля 2003 года).
00f1cd17-f000-4dd3-b715-e48085358dfb,2002-11-29,,Ноябрь — обанкротилась армянская компания-производитель автомобилей ЕрАЗ.
00f1d764-7800-49ec-a5bc-bd93a2bb5e43,2002-12-01,,"во втором туре президентских выборов в Словении премьер-министр Янез Дрновшек получил 56,6 % голосов и был избран президентом страны."
00f1dc8a-f400-4ba2-97e3-003b14263605,2002-12-01,2002-12-03,состоялся 2-й официальный визит Президента России Владимира Путина в Китай. Основная тема визита: борьба с терроризмом. По итогам визита подписан ряд межгосударственных соглашений.
00f1e6d7-7c00-4e36-b7d3-d96d9255d18f,2002-12-04,,В Махачкале убит депутат Народного Собрания Дагестана Салам Магомедов.
00f1e6d7-7c00-40fe-a355-27c92cac4998,2002-12-04,,"Полное солнечное затмение (максимальная фаза 1,0244), лучше всего было видно на юге Африки и Австралии, а также в Индийском океане."
00f1ebfd-f800-440f-a1ce-15810b946a5e,2002-12-05,,"Парламент Грузии принял постановление о налогообложении российских военных баз в Ахалкалаки, Батуми и штаба группы российских войск."
00f1f124-7400-4b9d-a220-48f3fde22819,2002-12-06,,Фернанду да Пьедаде Диаш душ Сантуш вступил в должность премьер-министра Анголы (до 30 сентября 2008 года).
00f20850-f200-4eb9-a8ea-37dac5c946c3,2002-12-06,2002-12-15,"в Дании состоялся 5-й чемпионат Европы по гандболу среди женщин. Победу одержала сборная Дании, второе место заняла сборная Норвегии, третье — сборная Франции."
00f1f64a-f000-4a8b-ae6e-ac0b344929a8,2002-12-07,,в Лондоне состоялся 52-й ежегодный конкурс красоты «Мисс Мира». Победу одержала представительница Турции Азра Акин.
00f205bd-f400-44ce-a5e3-d8efdd6ce6ed,2002-12-10,,авиация США и Великобритании нанесла бомбовые удары по мобильной ракетной системе ПРО «земля-воздух» к югу от иракского города Аль-Амарах.
00f20ae4-7000-4356-97d8-e34531d3d241,2002-12-11,,"в результате схода селя в курортной зоне индонезийской провинции Восточная Ява 22 человека погибли, 4 получили ранения."
00f21a57-7400-40ca-94e2-ebd2b35ae610,2002-12-14,,Ханс Эноксен назначен на пост премьер-министра Гренландии (до 12 июня 2009 года).
00f224a3-fc00-40df-abd9-832d67d66009,2002-12-16,,в результате взрыва бензовоза в штате Аква-Ибом на юго-востоке Нигерии погибли около 30 человек.
00f224a3-fc00-4b08-9040-f42f776e9283,2002-12-16,,сотрудники МНБ Туркменистана вторглись на территорию посольства Узбекистана в Ашхабаде.
00f229ca-7800-4de2-a8e1-35b4d2febce1,2002-12-17,,Сергей Тигипко назначен главой Национального банка Украины (до 16 декабря 2004 года).
00f23416-f000-4cef-b311-6ae67eebf218,2002-12-19,,"В Южной Кореи состоялись президентские выборы. Победу одержал Но Му Хён (48,9 % голосов избирателей; вступил в должность президента 25 февраля 2003 года). Второе место занял Ли Хве Чхан (46,58 % голосов)."
00f23416-f000-477d-be5a-f47aaba9f2bd,2002-12-19,,Антон Роп занял пост премьер-министра Словении (до 9 ноября 2004 года).
00f23416-f000-43b6-ab20-d96642affe07,2002-12-19,,Самолёт Су-35 разбился из-за неисправности бортовой аппаратуры в 80 км от подмосковного Раменского. Пилот катапультировался.
00f23416-f000-4ee2-85a2-f469ebf65b06,2002-12-19,,"На реке Пара (Бразилия) возле устья Амазонки затонул паром «Сан Луиз». 7 человек погибли, от 50 до 80 пропали без вести."
00f2393d-7c00-4220-92c9-6fec198c6096,2002-12-20,,вошла в оборот купюра номиналом 50 000 белорусских рублей.
00f23e63-f800-482d-8fc9-ead368276605,2002-12-21,,Война в Афганистане: вертолёт CH-53GS «Си Стэллион» Сухопутных войск Германии разбился на окраине Кабула во время патрулирования местности. 7 человек погибли.
00f24389-f400-49f9-8b97-5e0d473d3ea1,2002-12-22,,"В Черногории состоялись президентские выборы. Больше всех голосов получил премьер-министр Филип Вуянович (83,65 % голосов избирателей), однако из-за низкой явки (45,87 % при необходимой явке не менее 50 %) выборы были признаны недействительными."
00f24389-f400-4c9c-a82c-1e23a4782f62,2002-12-22,,"В Литве состоялся первый тур президентских выборов. Во второй тур вышли Валдас Адамкус (35,53 % голосов избирателей) и Роландас Паксас (19,66 % голосов)."
00f24389-f400-4ddf-852c-52f4b1dfa1eb,2002-12-22,,Янез Дрновшек вступил в должность президента Словакии (до 23 декабря 2007 года).
00f248b0-7000-4208-b50d-2fd1c9317854,2002-12-23,,Аднан Терзич занял пост председателя Совета Министров Боснии и Герцеговины (до 11 января 2007 года).
00f24dd6-fc00-4c90-9a20-5eea1dd77ac6,2002-12-24,,"В результате взрыва бомбы в филиппинском городе Дату-Пьян 13 человек погибли, 12 получили ранения."
00f24dd6-fc00-4f99-b466-879956ad5696,2002-12-24,,Вертолёт международных сил по поддержанию мира в Боснии и Герцеговине врезался в ЛЭП в 70 километрах от Сараево. 3 человека получили ранения.
00f252fd-7800-47c0-9b3c-e84f1277997a,2002-12-25,,открыт метрополитен Дели.
00f25823-7400-4c5d-b154-953ce22ebc09,2002-12-26,,"в результате взрыва пиротехники на рынке в Бишкеке 5 человек погибли, около 40 получили ранения)."
00f25d49-f000-4b11-b09f-ef1c23a77b34,2002-12-27,,"Вторая чеченская война: взорвано здание правительства Чеченской Республики (Грозный). На территорию комплекса прорвались «КамАЗ» и «УАЗ», гружённые взрывчаткой. 71 человек погиб, 640 ранены."
00f26796-7800-4a8d-9523-8daadd47f8ed,2002-12-29,,Наташа Мичич заняла должность и. о. президента Сербии (до 4 февраля 2004 года).
00f26cbc-f400-421f-a4ef-100cdecf4f7a,2002-12-30,,Мваи Кибаки вступил в должность президента Кении (до 9 апреля 2013 года).
00f271e3-7000-4f1f-90ae-83d574088cbb,2002-12-31,,В России завершили вещание телеканалы «Fox Kids» и «Fox Kids Play».
00f271e3-7000-4903-b757-fb32a3c4f210,2002-12-31,,Дора Бакоянни вступила в должность мэра Афин (избрана 22 октября) (до 23 февраля 2006 года). Первая женщина-мэр Афин.
00f27709-fc00-4461-862b-955212330d49,2003-01-01,,Луис Игнасиу Лула да Силва сменил Фернанду Энрики Кардозу в должности президента Бразилии.
00f28ba2-fc00-4126-9edc-9af95519a41d,2003-01-05,,Президентом Литвы избран Роландас Паксас.
00f29b16-7000-41a5-b0a8-9bc728200bb3,2003-01-08,,"Авиалайнер «Beechcraft 1900D» авиакомпании «Air Midwest» сразу после взлёта потерял управление и рухнул на аэродром. Погибли все находящиеся на борту 19 пассажиров и 2 пилота, а также был ранен один человек на земле."
00f29b16-7000-4dbe-a2e4-122ba3ef5252,2003-01-08,,Катастрофа авиалайнера «Avro RJ100» в Диярбакыре
00f2a03c-7c00-4a24-9ed5-989e41dc4a1c,2003-01-09,,"самолёт «Fokker F28-1000 Fellowship» перуанской авиакомпании TANS Perú потерпел катастрофу на подлёте к аэропорту вблизи Чачапояс, Перу. Никто из сорока шести пассажиров и членов экипажа на борту Fokker F28 не выжил."
00f2a562-f800-4773-97a8-2f2aab4e88df,2003-01-10,,"в Джибути прошли парламентские выборы. Это стали первые выборы, в которых число политических партий не было ограничено четырьмя. Тем не менее победу вновь одержала правящая коалиция Союз за президентское большинство (UMP), которая получила все 65 мест Национальной ассамблеи."
00f2a562-f800-427e-88b4-f553678e74b8,2003-01-10,,Пхеньян выходит из договора о нераспространении ядерного оружия и официально разрывает договор с МАГАТЭ.
00f2aa89-7400-4af6-8859-b65367c95775,2003-01-11,,губернатор штата Иллинойс (США) помиловал 150 осуждённых на высшую меру наказания — всех заключённых-смертников Иллинойса.
00f2c448-f000-4686-afb6-47f5d3ee213c,2003-01-16,,"113-й старт (STS-107) по программе «Спейс Шаттл». 28-й полёт шаттла Колумбия. Экипаж — Рик Хасбанд, Уильям МакКул, Майкл Андерсон, Калпана Чавла, Дэвид Браун, Лорел Кларк, Илан Рамон."
00f2d3bc-7400-4ce6-8ef9-ac0b0219609c,2003-01-19,,на Кубе прошли выборы в Национальную ассамблею. Ассамблея была расширена до 608 членов.
00f2e32f-7800-46bc-9fe0-10f30d9c79e2,2003-01-22,,"в Нидерландах состоялись внеочередные парламентские выборы, принёсшие победу правящей партии Христианско-демократический призыв."
00f2e855-7400-4b69-bb2e-08933accd862,2003-01-23,,"получен последний сигнал от «Пионера-10» (беспилотного космического аппарата НАСА, предназначенного, главным образом, для изучения Юпитера)."
00f30215-7000-48c0-8468-dae05b0b26bc,2003-01-28,,"на внеочередных выборах в парламент Израиля уверенную победу одержала партия «Ликуд», возглавляемая Ариэлем Шароном. В итоге «Ликуд» сформировал коалиционное правительство с партиями «Шинуй» «Исраэль ба-Алия» и «Ихуд леуми», а Ариэль Шарон сохранил за собой пост премьер-министра Израиля."
00f31188-7400-4886-8c2e-2cbfa283ecb2,2003-01-31,,легализация однополых браков в Бельгии.
00f316ae-f000-4ca6-afbf-e5f004d91403,2003-02-01,,Катастрофа космического шаттла «Колумбия». Корабль разрушился при заходе на посадку; все семеро членов экипажа погибли.
00f316ae-f000-4ddb-9081-6060df5ece89,2003-02-01,,Телеканал «ТНТ» сменил тематику передач на «реалити-шоу» и развлекательные программы.
00f316ae-f000-49a8-b11d-59dee4773720,2003-02-01,,Вступил в действие Гражданский процессуальный кодекс РФ.
00f316ae-f000-445f-9357-79da4475e4a7,2003-02-01,,"Вступил в силу Ниццкий договор, внёсший изменения в Маастрихтский договор (или Договор о Европейском союзе), а также в Римский договор (или Договор о создании Европейского сообщества). Ниццкий договор реформировал институциональную структуру Европейского союза для расширения на восток, то есть способствовал задаче, которая была изначально поставлена Амстердамским договором, но не была решена на текущий момент."
00f316ae-f000-44b4-9188-3109a45f4b60,2003-02-01,,"В Зимбабве, близ города Камбазуман, произошло столкновение пассажирского и грузового поездов. Погибли порядка сорока человек."
00f31bd5-7c00-40a4-aa02-38992cf578c0,2003-02-02,,"в Кыргызстане по результатам референдума были одобрены поправки к Конституции, а президент Аскар Акаев получил возможность оставаться в должности до 2005 года."
00f32621-f400-4801-bda8-9e941fe72708,2003-02-04,,образовано Государственное Сообщество Сербии и Черногории — вместо Союзной Республики Югославии (СРЮ).
00f32b48-7000-4cbc-9cd6-de2a1f089ef5,2003-02-05,,Армения вступила в ВТО.
00f33fe1-f000-4ec3-97f8-651afd7e3978,2003-02-09,,"Филип Вуянович набрал абсолютное большинство голосов на президентских выборах в Черногории, однако выборы были признаны недействительными, так как по избирательному закону участие должно было быть не менее 50 %, а явка на прошедших выборах составила лишь 46,64 %. Более того, явка оказалась даже меньше, чем на предыдущих выборах в декабре 2002 года, которые также были признаны недействительными. Низкая явка объяснялась плохой погодой, бойкотом оппозиции и общим разочарованием избирателей из-за того, что пост президента рассматривался как чисто церемониальный. После повторных проваленных выборов существовало два решения проблемы: отмена минимально необходимой явки и непрямые выборы президента в парламенте. К следующим выборам в мае минимальная явка была отменена."
00f359a1-7c00-4ca7-bd5e-9a4cfea2d880,2003-02-14,,"Воиславу Шешелю предъявлено обвинение Международным трибуналом по бывшей Югославии. 24 февраля он сам является в Гаагу, дабы доказать свою невиновность и несправедливость суда по отношению к сербам."
00f35ec7-f800-4c4c-be5c-069df0c706a8,2003-02-15,,"Скоординированный общемировой день протеста против готовившегося вторжения коалиции, возглавляемой США, в Ирак. Демонстрации, проведённые в этот день, были частью протестов против Иракской войны, которые начались в 2002 году."
00f35ec7-f800-412b-9ceb-4295d720e15a,2003-02-15,,Убийство Крейга Зоргера.
00f363ee-7400-4afe-9ef6-b314a02200e4,2003-02-16,,Тассос Пападопулос избран президентом Кипра.
00f36e3a-fc00-48a7-b8eb-955d5c07816c,2003-02-18,,произошёл пожар в метро города Тэгу (Южная Корея).
00f37361-7800-4245-b671-d07b8cfa94ac,2003-02-19,,"Под Керманом потерпел катастрофу «Ил-76МД», принадлежавший Корпусу стражей Исламской революции, в результате чего погибли 275 человек. Это крупнейшая авиакатастрофа в истории вооружённых сил Ирана."
00f37361-7800-4f78-943b-e46f88d8a6c2,2003-02-19,,Роберт Кочарян одержал победу в первом туре президентских выборов в Армении.
00f37887-f400-42b7-8aa6-de6077b87704,2003-02-20,,"в городе Уэст-Уорике штата Род-Айленд в клубе «Station» произошёл пожар, унёсший жизни ста человек."
00f39247-7000-444c-9c60-efe89a41e62d,2003-02-25,,Но Му Хён вступил в должность президента Республики Корея.
00f3ac07-7c00-4c41-a629-d73713f5377f,2003-03-02,,парламентские выборы в Эстонии выиграли Центристская партия Эстонии и партия «Res Publica».
00f3bb7a-7000-47e2-a180-999f3758120a,2003-03-05,,Роберт Кочарян переизбран на посту президента Армении.
00f3c0a0-fc00-45b0-8504-42f3d439e354,2003-03-06,,при взлёте из аэропорта города Таманрассет (Алжир) потерпел крушение самолёт «Boeing 737—200 Алжирских авиалиний». «Боинг» упал вблизи аэродрома в каменистой местности и разрушился. 99 человек погибли.
00f3c5c6-f800-4bb3-be91-264df441fdb4,2003-03-07,,Светозара Маровича избрали президентом Государственного Союза Сербии и Черногории. Согласно конституционной хартии он одновременно стал премьер-министром.
00f3caed-7400-4f38-8055-0c6ebfe2f4d3,2003-03-08,,студенты парижской Политехнической школы совершили в Зале Ла-Верна первый в мире подземный полёт на воздушном шаре.
00f3da60-7800-4a03-a9af-ce7abd954049,2003-03-11,,в России на базе упраздняемой Федеральной службы налоговой полиции РФ создаётся Государственный комитет РФ по контролю за оборотом наркотических средств и психотропных веществ (Госнаркоконтроль России).
00f3df86-f400-4cad-a09d-0548bb762dff,2003-03-12,,"в центре Белграда убит премьер-министр Сербии Зоран Джинджич, известный как сторонник «тесного сотрудничества» с Гаагским трибуналом. В частности именно по приказу З. Джинджича был арестован (а затем и выдан Гаагскому трибуналу) Слободан Милошевич. И. о. премьер-министра стал Небойша Чович."
00f3e9d3-7c00-41bb-aa3a-de46f85f97ad,2003-03-14,,Реджеп Тайип Эрдоган возглавил правительство Турции.
00f3e9d3-7c00-483a-82c9-fc63c9f92750,2003-03-14,,Конституционный референдум в Лихтенштейне
00f3eef9-f800-493b-bc0c-28408f74f5f8,2003-03-15,,Ху Цзиньтао занял пост Председателя КНР (до 14 марта 2013 г.).
00f3f420-7400-4f01-9d4b-c94b63245672,2003-03-16,,"В Финляндии победителем парламентских выборов стала центристская партия «Финляндский центр» во главе с Аннели Яаттеэнмяки, которая обогнала на выборах Социал-демократическую партию Финляндии (СДП), став самой крупной партией в парламенте. Выборы были проведены в соответствии с методом д’Ондта по партийным спискам при пропорциональном представительстве, где в каждом избирательном округе проголосовали непосредственно за отдельного кандидата, но каждый голос также получила партия выигравшего кандидата. Это ещё раз вызвало критику со стороны некоторых избирателей, которые считали, что их голоса помогли кандидатам, которых они не хотели бы видеть у власти, из-за различий между кандидатами от одной партии. Тем не менее, в Финляндии по этому методу проходят выборы с самого начала парламентской истории страны в её нынешнем виде — с 1950 года — и, в то время как большинство людей устраивает нынешняя система, она вряд ли будет изменена."
00f3f420-7400-4fbe-a001-7ba7476299ce,2003-03-16,,Вэнь Цзябао занял пост Премьера Госсовета КНР (до 15 марта 2013 г.).
00f3f946-f000-435b-86d4-29b9a1da6522,2003-03-17,,и. о. премьер-министра Сербии стал Жарко Корач.
00f3fe6c-fc00-40c5-bad7-ddf0ac7d3db6,2003-03-18,,Спутником «SOHO» впервые были засняты два одновременных протуберанца с противоположных сторон диска Солнца.
00f3fe6c-fc00-4f1f-9e90-cb04dc00df74,2003-03-18,,Зоран Живкович стал во главе сербского правительства.
00f408b9-f400-4352-8aab-b4572a9b3ab0,2003-03-20,,вторжение в Ирак войск международной коалиции во главе с США с целью свержения режима Саддама Хусейна.
00f41d53-7400-404c-8db8-0a2f89768b2e,2003-03-24,,взвешена дальняя чёрная дыра.
00f42cc6-7800-422b-adda-b14694279a85,2003-03-27,,танковое сражение британских и иракских войск в окрестностях Басры. Иракские войска потеряли 14 танков.
00f43c39-7c00-4dc9-87a6-766bd246ef48,2003-03-30,,"на парламентских выборах в Бенине победу одержало проправительственное «Президентское движение», поддерживавшее президента Матьё Кереку, которое получило 52 из 83-х мест парламента."
00f450d2-fc00-4856-b864-6f44ad18c2d4,2003-04-03,,Сербия и Черногория вступила в Совет Европы.
00f46045-f000-43c3-9e59-f5b00a84a8f5,2003-04-06,,Британские войска вошли в Басру.
00f46045-f000-40cb-908c-692108befdd2,2003-04-06,,"Близ города Фаллуджа автоколонна с российскими дипломатами и журналистами, направлявшаяся в Дамаск, обстреляна неизвестными."
00f46fb8-f400-43e7-81c8-25f3bfa0d2a2,2003-04-09,,Войска коалиции заняли Багдад. США объявили о взятии Багдада и свержении Саддама Хусейна.
00f46fb8-f400-4e9f-bd0b-ad5b3f8035b9,2003-04-09,,В центре Багдада сброшена с постамента статуя Саддама Хусейна.
00f474df-7000-4e44-8f77-001e0d453aef,2003-04-10,,Войска коалиции заняли Киркук.
00f474df-7000-455a-bdde-e39f099bf63b,2003-04-10,,Юхан Партс стал премьер-министром Эстонии.
00f47a05-7c00-4c8e-b1a6-0cd20b1cc8d6,2003-04-11,,Войска коалиции заняли Мосул.
00f47a05-7c00-4ae5-85c4-b36a64ffd83a,2003-04-11,,Поджог казино «Паллада» (Петропавловск-Камчатский). 7 погибших.
00f47c98-fa00-4fe1-aab4-14619e7190cf,2003-04-11,2003-04-12,"состоялся рабочий визит Герхарда Шрёдера (канцлер Германии) в Санкт-Петербург, во время которого ему было присвоено звание Почётного доктора."
00f47f2b-f800-4952-bb1b-6d39c06cbb68,2003-04-12,,"на Мальте прошли всеобщие парламентские выборы. В результате победу одержала Националистическая партия, получившая 35 из 65 мест парламента. Лидер партии Эдвард Фенек Адами вновь стал премьер-министром страны."
00f49132-7a00-4ff4-ad77-9fba736b321b,2003-04-15,2003-04-16,"I форум приграничных регионов Казахстана и России (Омск, Россия)."
00f498eb-f400-40b1-a41b-ce04648b2162,2003-04-17,,Аннели Яаттеэнмяки стала премьер-министром Финляндии.
00f498eb-f400-4fc7-a09f-cf3dcf25aa2c,2003-04-17,,Войска коалиции подавили последний очаг сопротивления под Багдадом.
00f4bcf8-7800-44b8-aba4-42c036367007,2003-04-24,,выход Windows Server 2003.
00f4c744-f000-45e5-9198-cb6417c4af06,2003-04-26,,старт космического корабля «Союз ТМА-2». Экипаж старта — Юрий Маленченко и Эдвард Цзан Лу (США).
00f4cc6b-7c00-4148-85af-f51e6ed48065,2003-04-27,,на выборах в Палату Представителей Йемена Всеобщий народный конгресс Йемена набрал 58 % голосов избирателей и занял 238 мест из 301.
00f4e104-fc00-48cb-b9d2-11c595dffe07,2003-05-01,,Джордж Буш объявил об окончании основных боевых действий в Ираке.
00f4e104-fc00-4b13-b70c-321cd2f08d34,2003-05-01,,"В Монголии началась приватизация земли. В соответствии с принятым парламентом страны законом, каждая монгольская семья, проживающая в городе, может получить бесплатно 0,07 га земли."
00f4eb51-7400-4c6d-a579-cb2ef4a36070,2003-05-03,,парламентские выборы в Науру.
00f4f077-f000-4538-a8d8-558511db41bb,2003-05-04,,"приземление корабля «Союз ТМА-1». Экипаж посадки — Николай Бударин, Кеннет Бауэрсокс (США) и Доналд Петтит (США)."
00f4f59e-7c00-4bc5-b1a3-6a6fe51e1b6a,2003-05-05,,Ахмед Уяхья возглавил правительство Алжира.
00f511f1-7600-4904-bcd9-26036cec7ca2,2003-05-10,2003-05-11,в Литве состоялся референдум о вступлении в ЕС. В голосовании приняло участие более 60 % процентов зарегистрированных избирателей и более 90 % из них высказались в поддержку вступления Литвы в Евросоюз.
00f51484-7400-4cc8-be85-7a338ab07572,2003-05-11,,"в Черногории прошли президентские выборы, третьи за полгода. Выборы в декабре 2002 года и в феврале 2003 года оказались недействительными из-за низкой явки избирателей: по закону явка должна была составлять не менее 50 %, чтобы результаты были действительны. К этим выборам правило о минимальном 50%-м участии было отменено. В результате выборов президентом Черногории был избран Филип Вуянович, получивший 64,2 % голосов, который сильно опередил соперников и в предыдущих выборах."
00f519aa-f000-4f27-8aa8-96aea5b0f98e,2003-05-12,,"Вторая чеченская война: гружёный взрывчаткой «КамАЗ», управляемый женщиной-смертницей, взорвался у здания Надтеречного районного отдела УФСБ. Погибло более 60 человек, более 200 ранено."
00f530d7-7e00-4ee0-a735-fd1e508014e2,2003-05-16,2003-05-17,"в Словакии состоялся референдум о вступлении в ЕС. В голосовании приняло участие более 52,15 % процентов зарегистрированных избирателей и более 90 % из них высказались в поддержку вступления Словакии в Евросоюз."
00f542dd-f000-4c1f-8880-de4b108b1c28,2003-05-20,,первый полёт частного управляемого космического корабля «SpaceShipOne».
00f55776-f000-4852-ac8a-0a137de2b99f,2003-05-24,,Открыты станции Киевского метрополитена «Житомирская» и «Академгородок».
00f55776-f000-4558-be55-4fd183e7aa3e,2003-05-24,,В Риге (Латвия) прошёл 48-й конкурс Евровидение.
00f55c9d-7c00-4602-9d52-948163f9fced,2003-05-25,,"В результате прошедших выборов в парламент Армении Республиканской партии удалось не только сохранить, но по сравнению с 1999 г. увеличить число своих депутатов в парламенте. На референдуме были отвергнуты поправки к конституции, предусматривающие изменение полномочий парламента."
00f55c9d-7c00-40b2-8813-0d039095846e,2003-05-25,,В Молдавии состоялся первый тур всеобщих местных выборов.
00f561c3-f800-41e3-b3a1-4473df0ccf76,2003-05-26,,"Катастрофа самолёта «Як-42» под Трабзоном, погибло 75 человек: 62 испанских военнослужащих и 13 членов экипажа."
00f57136-fc00-48eb-980b-6b0f67f7545d,2003-05-27,2003-05-31,праздновалось 300-летие Санкт-Петербурга.
00f57136-fc00-44c0-9e5e-49e303154fd2,2003-05-29,,объединение «Радио Ретро» и «Радио Ностальжи» в новую станцию «Ретро FM» (Россия).
00f57b83-7400-433b-841b-7919725801b0,2003-05-31,,официальное открытие воссозданной Янтарной комнаты при участии Владимира Путина и Герхарда Шрёдера.
00f5a4b6-7400-4eaf-b4dd-88daea1c6490,2003-06-08,,"в Молдавии состоялся второй тур всеобщих местных выборов. По всей территории Молдавии процент явки избирателей составил 58,68 %, а в Кишинёве 45,43 %, что достаточно для признания выборов состоявшимися. На выборах были избраны районные и муниципальные, городские и сельские советы, а также 1295 примаров."
00f5be76-7000-4b3d-ab60-a1a5567f5742,2003-06-13,,Даниал Ахметов утверждён парламентом Республики Казахстан на посту премьер-министра Казахстана.
00f5c109-7e00-4e81-bf20-12bc718985ed,2003-06-13,2003-06-14,в Чехии состоялся референдум о вступлении в ЕС. Более 77 % избирателей поддержало членство в ЕС.
00f5c8c2-f800-4d6d-b3a7-b96159454a22,2003-06-15,,открыт Ладожский вокзал в Санкт-Петербурге.
00f5cde9-7400-4fdc-8477-017c1af5dc19,2003-06-16,,Александр Беглов стал и. о. губернатора Санкт-Петербурга.
00f5cde9-7400-49b8-a6d4-be64b9436ddd,2003-06-16,,Абед Хамид Махмуд арестован в районе Тикрита.
00f5d30f-f000-44a6-9712-85642b2655e6,2003-06-17,,"в Иордании прошли парламентские выборы, это были четвёртые выборы после политической либерализации 1989 года. Явка составила 58,8 % от 2 325 496 зарегистрированных избирателей. Большинство в Народном собрании получили наиболее влиятельные племенные представители."
00f5e282-f400-4e6a-a666-8119db9b06f2,2003-06-20,,создан фонд Викимедиа.
00f5eccf-7c00-4280-850d-e68df4f58e94,2003-06-22,,Телеканал «ТВС» по приказу Министерства печати и массовых коммуникаций прекратил вещание. В 00:25 на частотах «ТВС» начал вещать федеральный канал «Спорт».
00f5eccf-7c00-4494-8373-6e75a1aed949,2003-06-22,,"В Таджикистане состоялся конституционный референдум об удаление 65-й статьи Конституции, которая ограничивала полномочия президента одним сроком. Изменения утверждены 93 % избирателей, при явке 96 %."
00f5f71c-7400-47b8-b6b4-cb2ec78571f1,2003-06-24,,правительство Финляндии возглавил Матти Ванханен.
00f5fc42-7000-4e11-9f75-b02ddf7167c9,2003-06-25,,Канада и Бутан установили дипломатические отношение.
00f60168-fc00-4d01-bd86-0a0ba835d76a,2003-06-26,,"Верховный суд США постановил, что запрет гомосексуальных отношений противоречит Конституции страны."
00f6204e-f400-4680-86df-78d11a6006f8,2003-07-02,,В рамках «дела ЮКОСа» арестован председатель совета директоров МФО «Менатеп» Платон Лебедев.
00f6204e-f400-4b25-bfb2-208f82a22db8,2003-07-02,,"В Индии, в пригороде столицы штата Андхра-Прадеш, города Хайдерабадана, локомотив и два первых вагона сошли с рельсов. Погибло более 10 человек."
00f62fc2-7800-4718-adb9-81bace9984df,2003-07-05,,"теракт в Москве на рок-фестивале «Крылья». В результате взрывов погибли 15 человек, 60 ранены."
00f63f35-7c00-4421-9fd0-91071999cd8b,2003-07-08,,"катастрофа Boeing 737 под Порт-Суданом, погибли 117 человек. Это крупнейшая авиационная катастрофа в истории Судана."
00f64981-f400-4635-9b10-900c8dfa1908,2003-07-10,,Сергей Сидорский стал исполняющим обязанности премьер-министра Республики Беларусь. 26 декабря утверждён в должность.
00f64ea8-7000-4e7a-8540-ad278d85348b,2003-07-11,,"во Франции вместо общепринятого англицизма e-mail, означающего электронную почту, решено использовать канадское слово courriel. Такое решение в рамках борьбы за чистоту языка приняла государственная комиссия."
00f653ce-fc00-45ba-9f21-5fbf07260e9a,2003-07-12,,Директор ЦРУ Джордж Тенет взял на себя ответственность за включение фальшивых данных об Ираке в январское выступление президента Джорджа Буша перед конгрессом. Он назвал «ошибкой» включение несоответствовавших действительности данных о попытках Ирака приобрести уран в Африке.
00f653ce-fc00-4ed7-babb-00cbfcfbfa13,2003-07-12,,Канада легализовала марихуану.
00f66867-fc00-40a7-8ca5-faa9d3d332a5,2003-07-16,,"в Сан-Томе и Принсипи майором Фернанду Перейра и его сторонниками осуществлён государственный переворот. Через два дня, после переговоров с делегацией представителей различных международных организаций, прибывших в столицу Сан-Томе, мятежники добровольно сложили оружие и к власти вернулся президент Менезеш."
00f68227-f800-4b9f-9fba-636b1474b84e,2003-07-21,,торнадо разрушил большую часть виадука Кинзу (США).
00f6874e-7400-46eb-99a2-e830b1a7f32e,2003-07-22,,убийство сыновей Саддама Хусейна Кусея и Удея.
00f6bacd-fc00-4ec6-a674-fdd4d064e317,2003-08-01,,"в Северной Осетии взорвано здание Моздокского госпиталя. Погибли 50 человек, более 60 — ранены."
00f6c51a-7400-4e7f-b385-1422ec182c1e,2003-08-03,,"в КНДР прошли выборы в Верховное народное собрание. 687 депутатов было выбрано в Верховное народное собрание, 26650 депутатов были выбраны в городские, окружные и провинциальные народные собрания. Все кандидаты были членами трёх партий, входящих в Единый демократический отечественный фронт. Выборы прошли на безальтернативной основе. Явка составила 99,9 %, и ЕДОФ получил 100 % голосов."
00f6ca40-f000-4bfb-9808-6f337355f746,2003-08-04,,Ильхам Алиев назначен премьер-министром Азербайджана.
00f6cf67-7c00-4b11-810a-8ff6f210af0d,2003-08-05,,"взрыв в гостинице Марриот, Джакарта, погибли 12 человек, ранены 150."
00f6ee4d-7400-46ca-b7cb-6574fe071959,2003-08-11,,НАТО принимает командование международными миротворческими силами в Афганистане.
00f6fdc0-7800-4308-8985-33c58eeb1de4,2003-08-14,,Сбой электросети США и Канады.
00f6fdc0-7800-4163-8d94-ea79a4f3e530,2003-08-14,,"В Косово албанские боевики расстреляли маленьких детей, игравших на берегу реки."
00f71780-7400-4604-adfa-75dd686b7c25,2003-08-19,,"взрыв у штаб-квартиры ООН в Багдаде привёл к гибели 22 сотрудников, включая спецпредставителя генерального секретаря ООН Сержиу Виейра ди Меллу. ООН вывела свой персонал из Ирака. Группа представителей ООН возобновила свою деятельность в стране лишь через год."
00f71ca6-f000-4c40-b9c7-f2b2dcb35da7,2003-08-20,,"в Камчатской области в районе вулкана Опала вертолёт Ми-8 с 17-ю пассажирами и тремя членами экипажа на борту потерпел крушение, потеряв управление в результате соударения лопастей несущего винта с хвостовой балкой и разрушения конструкции вертолёта. Погибли все находившиеся на борту 20 человек, в основном руководители различного уровня из администрации Сахалинской области. Среди погибших — губернатор Сахалинской области Игорь Фархутдинов."
00f726f3-7800-4638-bdba-930cfba6864b,2003-08-22,,"на космодроме Алкантара от взрыва третьей ракеты VLS-1 (V03) погиб 21 человек, свыше 20 получили ранения."
00f73666-7c00-40a0-809c-72ae4cf5b2fc,2003-08-25,,Поль Кагаме избран президентом Руанды.
00f73b8c-f800-4d08-a2b6-59613986f9a6,2003-08-26,,"вышел первый номер российского журнала «Мир фантастики», награждённого некоторым числом премий."
00f745d9-7000-4b65-81f7-ed56a1a2f9b8,2003-08-28,,Казахстан и Ливан установили дипломатические отношение.
00f745d9-7000-4212-aacf-c738116ddcd2,2003-08-28,,Авария в энергосистеме в Великобритании.
00f74aff-fc00-41d2-a40b-e0a33864fb1b,2003-08-29,,"в Алма-Ате подписана Алма-Атинская декларация развивающихся стран, не имеющих выхода к морю по поддержке Алматинской программы действий."
00f75026-7800-4dfe-9a2e-bdba9c1240b9,2003-08-30,,российская атомная подводная лодка К-159 — затонула ночью вблизи острова Кильдин во время буксировки из бухты Гремиха для утилизации. Погибло 9 человек.
00f75a72-f000-4a81-9e55-440efa4a308e,2003-09-01,,власти Ливии согласились выплатить компенсации семьям погибших в результате взрыва на борту авиалайнера французской авиакомпании UTA в 1989 году.
00f764bf-f800-4e8c-a4a9-d951e8201af8,2003-09-03,,"подрыв электропоезда Кисловодск — Минеральные Воды на перегоне Подкумок — Белый уголь. Дистанционно управляемые взрывные устройства были заложены на железнодорожном полотне на расстоянии 6 метров друг от друга. Взрывы были инициированы устройством, которое было прикреплено террористами к днищу вагона поезда. Суммарная мощность взрывов составила 15 кг в тротиловом эквиваленте. В результате теракта 7 человек погибли, около 80 ранены. По данным следствия, заказчиком теракта являлся чеченский террорист Доку Умаров."
00f77959-7800-4243-bff0-44fc32a313c4,2003-09-07,,состоялся первый тур выборов губернатора Свердловской области.
00f788cc-7c00-4ef8-ad97-82f2b001d6e4,2003-09-10,,"в супермаркете в центре Стокгольма на министра иностранных дел Швеции Анну Линд совершено покушение. Нападавший нанёс ей несколько ударов ножом, после чего скрылся. Линд доставлена в Каролинскую больницу, где врачи на протяжении нескольких часов боролись за её жизнь. Однако ранним утром 11 сентября она скончалась от полученных травм."
00f788cc-7c00-4805-886d-1584e2dfa29f,2003-09-10,,Мухаммед Наджи аль-Отари возглавил правительство Сирии.
00f79d65-fc00-4a7e-b6f6-7cd2fd46f1c1,2003-09-14,,В Швеции состоялся необязательный референдум по введению евро. Референдум потерпел неудачу.
00f79d65-fc00-4b8e-b770-5ed1390c29e1,2003-09-14,,"В Эстонии состоялся референдум с целью определить, следует ли Эстонии присоединиться к Европейскому союзу (ЕС). Чуть более двух третей избирателей поддержали предложение."
00f7b1fe-fc00-40b7-9e6b-41e4f2509346,2003-09-18,,"при выполнении испытательного полёта после ремонта двигателя произошла катастрофа самолёта Ту-160, он разбился при заходе на посадку, в 40 км от ВПП аэродрома вблизи города Энгельс. 4 человек погибли."
00f7b725-7800-4764-8003-2b1f418f2ef6,2003-09-19,,на встрече министров образования европейских государств в Берлине Россия официально вступила в Болонский процесс — единое европейское пространство высшего образования.
00f7bc4b-f400-44a1-a9c8-d22fd20bd701,2003-09-20,,"в Латвии состоялся референдум о вступлении в ЕС, на котором 66,97 % граждан страны проголосовали за присоединение к Евросоюзу. Против членства Латвии в ЕС были 32,26 % участников референдума."
00f7c172-7000-4d90-a4ee-01e6709d215a,2003-09-21,,"Эдуард Россель избран губернатором Свердловской области во втором туре, состоялся первый тур выборов губернатора Санкт-Петербурга."
00f7e058-7800-4e45-a59a-eafa007ce7fc,2003-09-27,,"в 15:33 по московскому времени произошёл первый толчок Чуйского землетрясения (Алтайские горы, Россия)."
00f7e57e-f400-4cbb-a67a-327f6498e11e,2003-09-28,,"аварийное отключение электроэнергии затронуло всю территорию Италии, за исключением островов Сардиния и Эльба, на 12 часов, а также часть Швейцарии в районе Женевы на 3 часа. Это событие затронуло 56 миллионов человек, став самым крупным обесточиванием в серии аварийных отключений электроэнергии в 2003 году. Также это было самое серьёзное нарушение энергоснабжения в Италии за 70 лет."
00f7eaa4-f000-4742-b003-8da9d908f978,2003-09-29,,Россия установила дипломатические отношения с Сент-Китсом и Невисом.
00f8098b-7800-4737-a142-3cca5a88f33e,2003-10-05,,"президентом Чеченской Республики избран Ахмат Кадыров, губернатором Санкт-Петербурга избрана Валентина Матвиенко."
00f81e24-f800-4982-b00f-c5b1a83657de,2003-10-09,,попытка заговора сотрудников ФСБ с целью покушения на Владимира Путина.
00f8234a-f400-4cd5-a4e7-96ba99880294,2003-10-10,,Джордж Буш объявил о создании Комиссии по содействию свободной Кубе.
00f82d97-fc00-4b9f-83d4-043a86edf4b5,2003-10-12,,Открылась Циньшэньская ВСМ — первая китайская высокоскоростная железнодорожная магистраль.
00f82d97-fc00-40d3-9a24-0d1bff612426,2003-10-12,,"Михаэль Шумахер стал первым в истории гонок «Формула-1» 6-кратным чемпионом мира, побив рекорд по количеству чемпионских титулов (5)Хуана-Мануэля Фанхио, державшийся с 1957 года (рекорд был не только непревзойдённым, но и неповторённым — вторым 5-кратным чемпионом стал сам Шумахер в предыдущем, 2002 году)."
00f83d0a-f000-4585-a3fe-38c123d77a46,2003-10-15,,Старт Шэньчжоу-5. Экипаж — Ян Ливэй. Продолжительность полёта — 21 час. Это первый самостоятельный пилотируемый космический полёт Китая.
00f83d0a-f000-493c-b391-bb6ffe3a56f8,2003-10-15,,"На президентских выборах в Азербайджане победил Ильхам Алиев, сын Гейдара Алиева."
00f84757-7800-44ff-a6cc-0e4cbb97cc5d,2003-10-17,,"на Мальдивах прошли президентские выборы в форме референдума, так как Парламентом был предложен только один кандидат. Действующий президент Момун Абдул Гаюм был переизбран в шестой раз на пост, набрав 90 %. Эти выборы стали последними успешными выборами для Гаюма."
00f84c7d-f400-4d2f-85ef-2fa0623d56b1,2003-10-18,,"старт космического корабля Союз ТМА-3. Экипаж старта — Александр Калери, Майкл Фоул (США) и Педро Дуке (Испания)."
00f851a4-7000-48e4-b19b-c072b5f1cc57,2003-10-19,,Парламентские выборы на Аландских островах
00f851a4-7000-44d0-9866-9a56c99ff767,2003-10-19,,"Парламентские выборы в Швейцарии привели к значительному усилению правой евроскептической и антииммиграционной Швейцарской народной партии. Усилили своё влияние левые Социал-демократическая и Зелёная партии, в то время как центристские и право-центристские Христианско-демократическая и Свободная демократическая партии существенно ослабили своё влияние."
00f8663d-f000-4dc4-a3a4-86a9d24fe1f3,2003-10-23,,авария на шахте Капитальная-Западная в Ростовской области.
00f86b63-fc00-48db-a171-8cc6a41e7828,2003-10-24,,установлены дипломатические отношение между Арменией и Гайаной.
00f8708a-7800-4cfd-b79b-13c075af9e36,2003-10-25,,Михаил Ходорковский арестован в новосибирском аэропорту «Толмачёво» по обвинению в хищениях и неуплате налогов.
00f8708a-7800-4524-b63a-4be1ac7211b7,2003-10-25,,Фейсал аль-Файез возглавил правительство Иордании.
00f87ad7-7000-4209-a547-91ccf0c97bbb,2003-10-27,,"взрывы прогремели в центральных районах Багдада у штаб-квартиры Красного Креста, здания министерства промышленности и полицейского участка. Для атак террористы использовали начинённые взрывчаткой автомобили. 35 человек погибли, более 200 получили ранения."
00f87ffd-7c00-4111-a1a6-73e71413c80e,2003-10-28,,"приземление корабля Союз ТМА-2. Экипаж посадки — Юрий Маленченко, Эдвард Цзан Лу (США) и Педро Дуке (Испания)."
00f88f70-7000-4243-a9cf-fd6050962e86,2003-10-31,,Махатхир Мохамад ушёл в отставку с поста премьер-министра Малайзии. Он возглавлял страну более 22 лет. Абдулла Ахмад Бадави стал новым премьер-министром.
00f899bd-7800-4de5-872a-c558b0887b4c,2003-11-02,,"в Грузии парламентские выборы по официальным данным завершились победой Эдуарда Шеварднадзе и его союзников, но оглашённые результаты не были признаны международными наблюдателями и противниками Шеварднадзе. Параллельно прошёл конституционный референдум о сокращении количество мест в следующем парламенте Грузии с 235 до 150. Почти 90 % проголосовали за."
00f93bf5-7a00-4d69-8a6c-05c7b4d2b301,2003-11-02,2004-01-04,"2004 — «революция роз» в Грузии. Отставка президента Эдуарда Шеварднадзе и государственного министра (главы правительства) А. Х. Джорбенадзе. И. о. президента стала председатель Парламента Грузии Нино Бурджанадзе, а новым государственным министром был назначен Зураб Жвания."
00f8a409-f000-4d46-ab49-df3968d96373,2003-11-04,,Артур Расизаде назначен премьер-министром Азербайджана.
00f8a409-f000-4c5c-9e46-04c1b1d71aea,2003-11-04,,Директива 2003/88/ЕС.
00f8d789-7800-469c-96c7-2c6c18c5adbf,2003-11-14,,установлены дипломатические отношение между Арменией и Того.
00f8ec22-f800-447c-bf0c-b73716344cfe,2003-11-18,,"Верховный суд Массачусетса посчитал неправомерным лишение права на брак представителей сексменьшинств. Массачусетс стал первым штатом в Америке, признавшим брак между геями."
00f8ec22-f800-4a50-af95-39687c316b6a,2003-11-18,,Установлены дипломатические отношение между Арменией и Андоррой.
00f8f149-7400-4b11-bd42-3a6e09d69820,2003-11-19,,Майкл Джексон арестован по подозрению в изнасиловании несовершеннолетнего.
00f8f66f-f000-4aa0-b097-a9b382bb81f4,2003-11-20,,"в центре Стамбула произошёл тройной террористический акт — у здания британского банка, у британского консульства и недалеко от здания израильского дипломатического представительства. Погибли 28 человек, 450 человек получили ранения. А незадолго до этого, 15 ноября, произошли два террористических акта — взрывы возле двух стамбульских синагог. Тогда 25 человек были убиты и более 300 ранено."
00f900bc-7800-46ce-8cee-c5201ae64b3d,2003-11-22,,"сразу после вылета из Багдадского аэропорта грузовой самолёт Airbus A300B4-203F компании DHL был поражён зенитной ракетой, выпущенной из ПЗРК. Попадание ракеты повредило консоль и механизацию крыла, что вызвало утечку топлива, а также произошла потеря гидравлики и как следствие потеря управления. Экипаж смог посадить самолёт в аэропорту Багдада, никто не пострадал."
00f905e2-f400-4b54-a1c2-65f6fd851ffd,2003-11-23,,начало конфликта между властями Автономной республикой Аджария (под управлением Аслана Абашидзе) и официальными грузинскими властями Тбилиси.
00f905e2-f400-4ce4-bf17-0461d9b58666,2003-11-23,,Парламентские выборы в Хорватии принесли победу партии Хорватское демократическое содружество.
00f90b09-7000-434a-bf00-13bbf5d62508,2003-11-24,,"пожар в общежитии РУДН, где проживали иностранные студенты. При пожаре погибли 44 человека, более 180 пострадали. Среди погибших и пострадавших были студенты из Китая, Вьетнама, Перу, Эквадора, Эфиопии, Анголы, Марокко, Ливана, Малайзии и других стран."
00f91a7c-7400-439a-b7a5-014a4de8139b,2003-11-27,,"на Гренаде прошли парламентские выборы на которых были избраны 15 депутатов Палаты представителей. Новая национальная партия (ННП) получила меньшее число мест, чем на предыдущих выборах, но тем не менее обеспечила себе большинство в парламенте. Лидер ННП Кит Митчелл в 3-й раз стал премьер-министром страны. Участие составило 57,7 %."
00f92f15-f400-41fc-8d9c-5fbed17b9633,2003-12-01,,Женевская инициатива.
00f943af-7400-4adc-805a-e1482e35c7b0,2003-12-05,,"В Ставропольском крае взорван вагон пригородного электропоезда Кисловодск — Минеральные Воды, подъезжавшего к станции Ессентуки. Погибли 44 человека, 156 ранены. По данным следствия, теракт совершила смертница из террористической группировки Басаева «Риядус-Салихийн»."
00f943af-7400-45bc-9b57-187e977210ce,2003-12-05,,"Открыт самый длинный (более 15 км) в России Северо-Муйский тоннель, спрямивший 54 км участок Байкало-Амурской магистрали, движение на котором было опасным из-за многочисленных крутых серпантинов и высоких виадуков."
00f94dfb-fc00-43a5-ba33-c5cfe8eb36d6,2003-12-07,,"На выборах в Государственную думу четвёртого созыва пятипроцентный барьер при пропорциональных выборах половины депутатов преодолели 4 списка: «Единая Россия», КПРФ, ЛДПР и «Родина»."
00f94dfb-fc00-4fbc-b9a6-d3d256026ac4,2003-12-07,,"Юрий Лужков и Валерий Шанцев переизбраны на посту мэра и вице-мэра Москвы, Алексей Якуничев переизбран главой Вологды, а в Екатеринбурге состоялся первый тур выборов главы города."
00f95848-7400-4e67-ad34-04190df47a76,2003-12-09,,"у отеля «Националь» в Москве террористка-смертница привела в действие взрывное устройство. Погибли 6 человек, в том числе сотрудницы ФНС РФ Инна Гизоева и Татьяна Комарова, 14 человек ранено."
00f967bb-f800-40e6-b3db-2609d6a182b1,2003-12-12,,Шавкат Мирзиёев назначен премьер-министром Узбекистана.
00f967bb-f800-40bf-9d13-81c07f0a5279,2003-12-12,,Пол Мартин стал премьер-министром Канады.
00f96ce1-f400-4fa0-968a-41a8ce23368c,2003-12-13,,в районе города Тикрита арестован Саддам Хусейн.
00f9772e-fc00-453a-984f-22087ec2c7a2,2003-12-15,,"Королевской бутанской армией предпринята военная операция против базировавшихся в Бутане вооружённых отрядов ассамских мятежников, закончившаяся выдворением мятежников с территории Бутана обратно в Индию."
00fa384d-7600-423b-8805-7299cf05c90a,2003-12-15,2004-02-28,2004 — Вторая чеченская война (начало): Рейд на Дагестан отряда под командованием Руслана Гелаева.
00f99614-f400-42ca-9ccc-b5a0207bf686,2003-12-21,,Аркадий Чернецкий переизбран главой Екатеринбурга.
00f9a061-7c00-4fe1-9569-f5c8afef7eab,2003-12-23,,Иво Санадер стал премьер-министром Хорватии.
00f9aaae-7400-4c52-9eba-ceaa9dbc2f41,2003-12-25,,"катастрофа «Boeing 727» в Котону, погиб как минимум 141 человек. Крупнейшая авиакатастрофа на территории Бенина."
00f9afd4-f000-4781-a6b3-0bc3a3ea5bc5,2003-12-26,,в результате землетрясения погибли более 41 тыс. жителей иранского города Бама.
00f9ba21-7800-4ed3-9f68-d173cc284c64,2003-12-28,,"в Сербии прошли досрочные парламентские выборы. Хотя больше всех голосов набрали радикалы Томислава Николича, но находясь в изоляции они не имели шансов получить власть. В борьбу за право сформировать правительство включились три основные реформистские партии, ранее входившие в коалицию Демократической оппозиции Сербии. Только на второй сессии в феврале удалось выбрать нового главу Скупщины. Им стал Драган Маршичанин, представитель демократов Коштуницы, кандидатуру которого поддержали депутаты от G17+, Сербского движения обновления, «Новой Сербии» и социалистов. В середине февраля лидер Демократической партии Сербии Воислав Коштуница получил мандат на формирование нового правительства Сербии. Ему удалось достичь коалиционного соглашения с G17+, Сербским движением обновления и партией «Новая Сербия», заручившись поддержкой 109 депутатов. Так как для получения парламентского большинства требовалось 126 мест из 250, Коштунице требовалась поддержка социалистов, чтобы сформировать новое правительство. Ему удалось договориться о том, что депутаты Соцпартии будут поддерживать правительство в парламенте, хотя и не получат министерские посты. 3 марта 2004 года новое сербское правительство во главе с Коштуницей пришло к власти."
00f9d907-7000-489b-b66d-176cc8779a97,2004-01-03,,катастрофа Boeing 737 под Шарм-эш-Шейхом.
00f9de2d-fc00-4c67-bcd4-aeaa4b2d8418,2004-01-04,,Лидер партии Единое национальное движение и бывший министр юстиции Михаил Саакашвили одержал победу на президентских выборах в Грузии.
00f9de2d-fc00-4a0d-ae36-3fed68295fb6,2004-01-04,,Марсоход «Спирит» (MER-A) успешно спустился на поверхность Марса.
00f9f034-7e00-4464-9b0e-eaaaa37de226,2004-01-05,2004-01-10,профессиональный женский теннисный турнир Uncle Tobys Hardcourts 2004.
00f9f2c7-7c00-4d3b-8122-8d6ad9ef3046,2004-01-05,2004-01-11,"19-й розыгрыш ежегодного международного женского профессионального теннисного турнира ASB Classic, проводящегося ежегодно в новозеландском Окленде в рамках 4-й категории WTA Тура."
00f9f2c7-7c00-4bbb-acd9-d1a578da6bd6,2004-01-08,,прошла церемония «крещения» морского суперлайнера «Queen Mary 2».
00fa023a-7000-40ac-b285-c10a6c1c6359,2004-01-11,,"инцидент с поездом № 1908, в ходе которого, из-за психического расстройства машиниста, тяжёлый грузовой поезд весом 5175 тонн проехал ряд станций, несмотря на запрещающие показания светофоров. Остановили его лишь путём отключения электроэнергии."
00fa0c87-7800-4cbb-b9c4-1d7ddba3ce12,2004-01-13,,"Як-40 Узбекских авиалиний выполнял внутренний пассажирский рейс из Термеза, но при посадке в Ташкенте приземлился за пределами взлётно-посадочной полосы, после чего врезался в строения и разрушился, при этом погибли 37 человек. Крупнейшая авиационная катастрофа в Узбекистане с 1991 года."
00fa2b6d-7000-425e-bf4b-265fd5ae262b,2004-01-19,,на кинофестивале Sundance Film Festival состоялась премьера фильма ужасов «Пила: Игра на выживание».
00fa6e5f-fc00-4b5b-bf57-e291d1bdb30c,2004-02-01,,во время хаджа в Мекке погиб 251 паломник.
00fa78ac-f400-4b27-82c1-1ecd34b2fb9e,2004-02-03,,"состоялся VIII Всемирный Русский Народный Собор, посвящённый теме «Россия и православный мир»."
00fa7dd2-f000-4f29-93dd-f742a9caf3c2,2004-02-04,,начало работы крупнейшей в мире социальной сети Facebook.
00fa881f-f800-4bca-9cd2-a69277218557,2004-02-06,,"в 8:32 на перегоне между станциями Автозаводская — Павелецкая в сторону центра в Московском метрополитене произошёл террористический акт, в результате которого погибли 42 человека и свыше 250 получили ранения."
00fa9792-fc00-4fe0-9e40-4f0e7642f74b,2004-02-09,,в Санкт-Петербурге совершено убийство восьмилетней таджикской девочки Хуршеды Султоновой. Преступление вызвало глубокий общественный резонанс. Вся история получила в СМИ название «Убийство таджикской девочки».
00fab152-f800-4cdd-a07f-ba45494e9a76,2004-02-14,,обрушение крыши в московском аквапарке «Трансвааль-парк». Погибли 28 человек.
00fac0c5-fc00-4b41-a644-00f16fd8e4ca,2004-02-17,,должность государственного министра Грузии переименована в должность премьер-министра Грузии. После переименования главой грузинского правительства остался Зураб Жвания.
00fac5eb-f800-42d2-8afd-087a6242216b,2004-02-18,,"в селе Хайям под Нишапуром (Иран) взорвался железнодорожный состав, в результате чего погибли около 300 человек, среди которых несколько крупных политиков."
00fae4d2-7000-4974-b371-ae646e63174b,2004-02-24,,Президент России Владимир Путин отправил в отставку правительство Михаила Касьянова. 5 марта председателем правительства был назначен Михаил Фрадков.
00faef1e-f800-4572-b154-e4cdbfb0615d,2004-02-26,,в авиакатастрофе погиб президент Македонии Борис Трайковский.
00faf96b-f000-43f8-8b41-5e18db5227e1,2004-02-28,,в ходе перестрелки с пограничниками смертельно ранен полевой командир чеченских террористов Руслан Гелаев.
00fafe91-fc00-406d-bc00-76749b38e87a,2004-02-29,,"после свержения Жан-Бертрана Аристида к присяге в качестве временного президента Гаити приведён Бонифас Александр, главный судья Верховного суда Гаити."
00fb3211-f400-4117-a8d5-6f731cc89b3b,2004-03-10,,компания Kodak подала иск в суд на Sony за нарушение патентов на цифровые камеры Kodak.
00fb3737-f000-4b3f-9f89-718087875981,2004-03-11,,серия терактов на железной дороге в Мадриде. Погибло 193 человека.
00fb3c5e-7c00-4aac-ad89-e7ee0ec7e347,2004-03-12,,"Россия стала первой страной в мире, которая признала киберспорт официальным видом спорта по распоряжению главы Госкомспорта России Вячеслава Фетисова."
00fb46aa-f400-4c9a-abc2-9129c972efa4,2004-03-14,,выборы президента Российской Федерации. Победил Владимир Путин.
00fb50f7-fc00-48dd-b9f1-15b301bca8e3,2004-03-16,,взрыв жилого дома в Архангельске.
00fb58b1-7600-4790-b308-e34d381b5bd2,2004-03-17,2004-03-18,Беспорядки в Косове.
00fb7a2a-fc00-4d27-b3ed-235c3de1369d,2004-03-24,,"датский художник Марко Эваристти нарисовал айсберг красным в Гренландии, потратив 2952 литра краски"
00fb7f50-f800-4350-8dfc-77d6d8a19981,2004-03-25,,Владимир Путин подписал федеральный конституционный закон об образовании нового субъекта Российской Федерации в результате объединения Пермской области и Коми-Пермяцкого АО.
00fb8ec3-fc00-42f2-a547-1fbd15b97d6a,2004-03-28,,"в Грузии прошли новые парламентские выборы, на которых лидировала партия «Национальное движение — демократы»."
00fb93ea-7800-44bf-b091-bc917e37bc12,2004-03-29,,"Болгария, Румыния, Словакия, Словения, Латвия, Литва и Эстония вступили в НАТО."
00fba35d-7c00-43a0-8b2f-518ab3706631,2004-04-01,,Федеральным управлением авиации США была выдана самая первая в мире лицензия для осуществления полётов на орбиту — для частного управляемого космического корабля «SpaceShipOne»
00fba35d-7c00-4d21-a016-6edb5c461f45,2004-04-01,,Открылась почта Gmail от Google
00fbb2d0-f000-4895-ad40-f74085177b09,2004-04-04,,"начало восстания шиитов против оккупационных сил в Ираке, под руководством исламской организацией «Армия Махди». Начало первой битвы за Фаллуджу."
00fbdc03-7000-47c6-b135-aaf996a56395,2004-04-12,,"состоялся первый в истории матч по рашболу (Индия, город Калькутта)."
00fc000f-f400-4fe3-89bf-6b107f915006,2004-04-19,,"старт космического корабля Союз ТМА-4. Экипаж старта — Г. И. Падалка, Майкл Финк (США) и А. Кёйперс (Нидерланды)."
00fc0f82-f800-4ba7-a738-5989efa8e092,2004-04-22,,в результате столкновения двух поездов и последовавшего взрыва в уезде Йончхон (КНДР) погибло не менее 150 человек.
00fc1ef6-7c00-432f-bc56-b7097670332e,2004-04-25,,"состоялись выборы Федерального президента Австрийской Республики, победу на которых одержал кандидат от Социал-демократической партии Австрии (СПА) Хайнц Фишер."
00fc38b5-f800-4996-8f97-4d9b7c9b61a2,2004-04-30,,"Приземление корабля Союз ТМА-3. Экипаж посадки — Александр Калери, Майкл Фоул (США) и Андре Кёйперс (Нидерланды)."
00fc38b5-f800-486b-9859-86c2204f2223,2004-04-30,,"Итальянский парламент принял спорный закон о средствах массовой информации, позволяющий премьер-министру Сильвио Берлускони, крупнейшему медиа-магнату страны, контролировать 90 процентов итальянских телеканалов и приобретать в собственность новые печатные издания и радиостанции. Критики закона назвали ситуацию «концом свободы информации»."
00fc38b5-f800-45e4-8f38-2e6407fdfdbc,2004-04-30,,"Сенат США утвердил запрет для властей штатов и местных администраций на налогообложение услуг по предоставлению доступа в Интернет. Как выразился один из поддержавших законопроект конгрессменов, «Интернет — это уникальное богатство и всеобщее достояние, и оно не должно подвергаться многочисленным дискриминирующим налогам»."
00fc3ddc-7400-41fb-87bf-18013622e1bf,2004-05-01,,"Венгрия, Кипр, Латвия, Литва, Мальта, Польша, Словакия, Словения, Чехия и Эстония вошли в состав Европейского союза."
00fc4302-f000-4612-b381-57194d1a912b,2004-05-02,,"памятник советскому солдату с девочкой на руках вернулся в Трептов-парк. Осенью 2003 года памятник был разобран и увезён на реставрацию. Капитальный ремонт 40-тонной фигуры длился полгода и обошёлся немецкой казне в 1,5 млн евро."
00fc5275-f400-4f85-8a21-c252f43f2815,2004-05-05,,"Аслан Абашидзе подал в отставку с поста главы Аджарии, а на следующий день в Батуми прибыл самолёт с руководителем Совета безопасности РФ Игорем Ивановым, который в тот же день вывез Абашидзе в Москву. Аджарский кризис завершился полным подчинением республики властям Грузии."
00fc579c-7000-4ac8-88eb-8035409b578c,2004-05-06,,"в результате взрывов в селе Новобогдановка на Украине погибли 5 человек, повреждены здания в Новобогдановке и окрестных сёлах, было приостановлено железнодорожное и автомобильное сообщение на близлежащих трассах."
00fc5cc2-7c00-41e3-a449-1afd889f59eb,2004-05-07,,Владимир Путин повторно вступил в должность президента.
00fc670f-7400-4f5b-8ca1-4cc36fe73623,2004-05-09,,"Вторая чеченская война: во время празднования 59-й годовщины Дня Победы в Грозном на трибуне стадиона, на котором проходил парад, сработало взрывное устройство. Согласно официальным данным, 7 человек погибли, более 50 получили ранения. В результате теракта погиб президент Чечни Ахмад Кадыров."
00fc715b-fc00-4d32-adcd-4f2887227661,2004-05-11,,"на телеканале ТНТ стартовало самое длительное реалити-шоу «Дом-2», занесённое в книгу рекордов Гиннесса 5 марта 2011 года."
00fc8b1b-f800-424a-9e5a-8745d07e9cf1,2004-05-16,,первое место на 49-м международном музыкальном конкурсе «Евровидение» заняла украинская певица Руслана Лыжичко.
00fc9568-7000-4270-a8ca-8d001fa4f3e5,2004-05-18,,принят Закон Республики Беларусь от 18 мая 2004 года № 288-З «О государственных наградах Республики Беларусь».
00fcd85a-fc00-4dcb-a3e8-92f0ebbcfaf1,2004-05-31,,"впервые церемония вручения Притцкеровской премии состоялась в России, в здании Эрмитажного театра в Санкт-Петербурге. Заха Хадид стала первой женщиной-архитектором, награждённой этой премией."
00fcecf4-7c00-43f3-82a2-febc33fd66ae,2004-06-04,,"«Война Марвина Химейера». После длительного конфликта с компанией Mountain Park по поводу территории, на которой находилась его мастерская, оборудовал бульдозер Komatsu D 355A бронёй и разрушил 13 административных зданий."
00fcecf4-7c00-4083-bb56-f953ee6f6f4a,2004-06-04,,"Взрыв бомбы на рынке в Самаре. 10 погибших, 59 — ранено. По данным следственных органов, организатором теракта является бывший курсант Ростовского военного училища Павел Косолапов, а исполнителем преступления — житель Казахстана Еркингали Тайжанов. Последний был задержан правоохранительными органами на территории Казахстана и повесился в тюрьме."
00fcf21a-f800-41b9-a724-0c6154a9f15c,2004-06-05,,"Анастасия Мыскина, победив в Открытом чемпионате Франции по теннису, стала первой российской теннисисткой, выигравшей турнир Большого шлема."
00fcf21a-f800-4737-b332-688718d7e2e5,2004-06-05,,В США умер 40-й президент Рональд Рейган.
00fd4ecd-7000-41de-97d2-0bdb6b48b3ed,2004-06-12,2004-07-04,"чемпионат Европы по футболу, прошедший в Португалии. Победителем стала сборная Греции."
00fd1b4d-f800-4c6d-9508-3adfccaf656a,2004-06-13,,выборы в Европарламент Европейского союза. Победу одержал блок консервативных партий (более 250 голосов). На втором месте блок социалистических партий (около 200 голосов). Также выбраны представители других политических групп.
00fd2074-7400-4003-b5eb-c64ca36757de,2004-06-14,,на островах Кораллового моря провозглашено Королевство геев и лесбиянок.
00fd2fe7-7800-4156-b96f-4cd4a3936956,2004-06-17,,сразу две исследовательские группы независимо друг от друга впервые осуществили квантовую телепортацию атомов.
00fd4480-f800-4d78-ad29-4bda52440012,2004-06-21,,первый в мире частный управляемый суборбитальный космический корабль «SpaceShipOne» впервые вышел в космос.
00fd4713-f600-423d-bcb9-08236185c4c4,2004-06-21,2004-06-22,Вторая чеченская война: вооружённое нападение чеченских и ингушских боевиков на Ингушетию.
00fd688d-7c00-4d8e-81d1-e13fe507f997,2004-06-28,,передача власти в Ираке от Временной администрации международных оккупационных сил временному иракскому правительству.
00fd6db3-7800-4195-a264-f402e9dadf52,2004-06-29,,катастрофа Ми-8 в Сьерра-Леоне. Погибли 24 человека.
00fd7800-7000-4ff2-829f-0e84a6ac48e1,2004-07-01,,"Космический аппарат Кассини-Гюйгенс после 7 лет путешествия достиг системы Сатурна и приступил к исследованию колец, спутников и магнитосферы Сатурна."
00fd7800-7000-44a2-9c09-5f27ea5876f0,2004-07-01,,Первое заседание Иракского Верховного Трибунала. Саддам Хусейн и 11 его ближайших соратников предстали перед судом.
00fd7800-7000-4bf3-9a98-ade4d9ccb2e3,2004-07-01,,В России начал вещание телеканал «Русский Иллюзион».
00fd824c-f800-4503-8472-332d31e4a061,2004-07-03,,17-летняя россиянка Мария Шарапова первая из россиян выиграла турнир в Уимблдоне.
00fd824c-f800-48b7-8e4c-ecba1838d206,2004-07-03,,В Бангкоке открылась первая линия метро.
00fd8773-7400-4f9a-a0f1-af64884d40cf,2004-07-04,,В португальском городе Лиссабон сыгран финал чемпионата Европы по футболу между сборными Португалии и Греции. Сборная Греции победила со счётом 1:0.
00fd8c99-f000-4a8f-8681-ee086b08ec90,2004-07-05,,Австралия и Таиланд подписали соглашение о свободной торговле.
00fd91bf-fc00-4bf2-9068-756c49e34a45,2004-07-06,,Скончался Федеральный президент Австрии Томас Клестиль. Он не дожил ровно одного дня до сдачи полномочий своему преемнику на этом посту — избранному в апреле Хайнцу Фишеру.
00fd9c0c-f400-47ea-9b3c-bf0c321d5587,2004-07-08,,Хайнц Фишер приведён к присяге в качестве Федерального президента Австрийской Республики.
00fd9c0c-f400-40d7-8fd5-194657fdbd4e,2004-07-08,,Мексика и Венесуэла стали ассоциированными членами Меркосур.
00fda133-7000-4bf5-adcf-142d7a03c327,2004-07-09,,в Москве убит американский журналист Пол Хлебников.
00fdd4b2-f800-4e0f-9298-c4256b25b9df,2004-07-19,,"взрыв на автобусной остановке в Воронеже. 1 человек погиб, 7 пострадали."
00fddeff-7000-4954-9e67-a49d6fb00b45,2004-07-21,,"на 17-й конференции по общей теории относительности и гравитации в Дублине, Ирландия, астрофизик Стивен Хокинг в своём докладе продемонстрировал решение проблемы исчезновения информации в чёрной дыре, почти 30 лет остававшейся нерешённой."
00fdf398-f000-4b79-a572-8ff39895df85,2004-07-25,,Лэнс Армстронг выиграл Тур-де-Франс шестой раз подряд.
00fdf8bf-7c00-4418-b02e-392342d5d377,2004-07-26,,новый взрыв в Воронеже. 1 пострадавший.
00fe127e-f800-4fc3-bb6c-5e3b3f787973,2004-07-31,,Valve Software закрыла последний сервер WON.
00fe127e-f800-4f2e-adff-b9b86fba3bc2,2004-07-31,,Папа римский Иоанн Павел II призвал своих кардиналов и епископов во всём мире активно выступить против идеологии радикального феминизма.
00fe21f1-fc00-4622-b23e-84c9c69d3305,2004-08-03,,с базы ВВС США «Мыс Канаверал» запущен космический зонд MESSENGER.
00fe2c3e-f400-4725-8339-0a402e695ef0,2004-08-05,,В Хельсинки в тринадцатый раз прошла крупнейшая в мире демопати Assembly.
00fe2c3e-f400-4982-a064-456998b520ba,2004-08-05,,Катастрофа Ми-8 в Тюменской области. 15 погибших.
00fe3bb1-f800-4262-8aa4-43c9db4005d5,2004-08-08,,спецоперация израильской армии на юге сектора Газа в ходе которой военные при поддержке бронетехники и боевых вертолётов вошли в город.
00fe4b24-fc00-45d7-9ba0-54f2303d4027,2004-08-11,,"британская организация HFEA разрешила британским учёным клонировать человеческие эмбрионы для медицинских исследований, первыми в стране начали клонирование специалисты из университета Ньюкасла."
00fe7ea4-7400-4cf1-be59-69ff3d53fdc5,2004-08-13,2004-08-29,летние Олимпийские игры в Афинах (Греция).
00fe7ea4-7400-4b2d-acb4-38dfebaa4bb4,2004-08-21,,Вторая чеченская война: 400 боевиков атаковали Грозный.
00fe8e17-f800-4433-8e44-d2d40acf4590,2004-08-24,,"практически одновременно, примерно в 22:56 по московскому времени, в России произошли катастрофы двух пассажирских самолётов: Ту-154Б2 авиакомпании «Сибирь», направлявшегося из аэропорта Домодедово (Москва) в Сочи (разбился в Ростовской области, погиб 51 человек), и Ту-134а авиакомпании «Волга-Авиаэкспресс», направлявшегося из аэропорта Домодедово (Москва) в Волгоград (разбился в Тульской области, погибло 42 человека). Расследованием установлено, что на обоих самолётах совершены теракты женщинами-смертницами."
00feb224-7c00-4103-9d3a-800f3dff68a6,2004-08-31,,"Теракт у станции метро «Рижская» (Москва). В ходе приведения в действие террористкой-смертницей взрывного устройства, погибли 10 человек (включая нападавшую), 51 получили ранения."
00feb74a-7800-4d47-b59c-d9e750988d7b,2004-09-01,,боевики захватили здание школы в городе Беслане (Северная Осетия).
00febc70-f400-42e1-96d8-43d0f5259af4,2004-09-02,,"Иракская война: ВВС США нанесли авиаудар по Эль-Фаллудже, в результате были жертвы среди мирного населения."
00febc70-f400-4523-92dc-e6642f226fde,2004-09-02,,Международный трибунал по бывшей Югославии не разрешил экс-президенту страны Слободану Милошевичу самому защищать себя в суде и назначил двух адвокатов.
00fec197-7000-4918-bdda-c0abdcf270e4,2004-09-03,,Окончание событий в Беслане: взрыв зала с заложниками.
00fed630-f000-43ce-86d8-514697197c48,2004-09-07,,"в Москве, Владикавказе, Сочи, Омске, Петербурге и Екатеринбурге прошли траурные митинги «Россия против террора» в память жертв трагедии в Беслане."
00fee07d-7800-496a-adaa-aefba8f3ca09,2004-09-09,,Космический зонд «Генезис» с образцами частиц солнечного ветра на борту совершил неудачную посадку.
00fee07d-7800-4600-8cd0-706602d0bc9e,2004-09-09,,Теракт у австралийского посольства в Джакарте
00fee5a3-f400-48cb-adfd-673aad791166,2004-09-10,,"Кассини-Гюйгенс обнаружил новое кольцо Сатурна, шириной 300 км, оно расположено между кольцами A и F."
00feeaca-7000-4964-bd2a-3b4f300747c8,2004-09-11,,"крушение вертолёта «Чинук» в северной части Эгейского моря, близ полуострова Халкидики. Погибли 17 человек, в том числе Патриарх Александрийский и всей Африки Пётр VII."
00ff1e49-f800-44bb-892b-9fab5c958049,2004-09-21,,начало работ по строительству самого высокого в мире здания — Бурдж-Халифы.
00ff613c-7400-4fff-9e3d-6e2177219b0b,2004-10-04,,Успешно совершил второй и последний зачётный полёт первый в мире частный космический корабль «SpaceShipOne»
00ff613c-7400-48bb-9e58-49ba32f055ca,2004-10-04,,"Начинается Всемирная неделя космоса, она отмечает тот вклад, который вносит космическая наука и техника в улучшение благосостояния человека."
00ff6b88-fc00-4e04-8a7d-97beae1b1fdb,2004-10-06,,"спущен на воду вертолётоносец «Мистраль», первый в одноимённой серии."
00ff70af-7800-4fd0-a522-68981d687a06,2004-10-07,,"террористическая атака на египетские курорты в районе Синайского полуострова. Первый взрыв прогремел в ночь на 8 октября в отеле Hilton в городе Таба. Рухнула часть стены, начался сильный пожар. Через два часа после этого происшествия в туристических комплексах в местечках Рас-эс-Сатан и Мухайамат-эт-Тарабин произошли ещё два взрыва. Четвёртое взрывное устройство сработало в курортном городе Нувейба к югу от Табы. Всего в результате атак погибли 34 человека, 171 получили ранения."
00ff7afc-7000-47e9-9f14-74b6dc968bd6,2004-10-09,,в Афганистане прошли первые после свержения первого режима талибов президентские выборы. Победу одержал Хамид Карзай.
00ff94bb-fc00-4d9d-a1b2-4fcbb205f471,2004-10-14,,"Старт космического корабля Союз ТМА-5. Экипаж старта — С. Ш. Шарипов, Ю. Г. Шаргин и Лерой Чиао (США)."
00ff94bb-fc00-4e8d-9622-9bcb05fc3cdb,2004-10-14,,"Президент России Владимир Путин и председатель КНР Ху Цзиньтао подписали дополнение к соглашению о российско-китайской государственной границе, согласно которому годом позже была произведена демаркация."
00ffa42e-f000-4c5b-8637-1320a5e71caa,2004-10-17,,"в Белоруссии состоялся референдум, отменивший положения конституции, которые запрещали гражданину страны занимать пост президента более двух раз подряд."
00ffb3a2-7400-492d-a3c1-cf9e0bbf0c2a,2004-10-20,,Первый релиз операционной системы Ubuntu.
00ffb3a2-7400-43e6-9a1c-78f298ef6f2e,2004-10-20,,Белорусская журналистка Вероника Черкасова была убита в собственной квартире в Минске. Убийца нанёс около 20 ножевых ранений. Убийство осталось нераскрытым.
00ffb3a2-7400-4056-b522-6099caf88dbd,2004-10-20,,Сусило Бамбанг Юдойоно стал новым президентом Индонезии.
00ffc315-7800-47a0-a92c-4dada7337e46,2004-10-23,,Бразилия отправила в космос свою первую ракету.
00ffc83b-7400-4d79-be1b-cbe0ec79fc0b,2004-10-24,,"приземление корабля Союз ТМА-4. Экипаж посадки — Г. И. Падалка, Ю. Г. Шаргин и Майкл Финк (США)."
00ffec47-f800-4236-8c85-bed2a4bd2b8f,2004-10-31,,президентские выборы на Украине. Во второй тур выборов вышли Виктор Ющенко и Виктор Янукович.
00fff694-f000-40fe-9244-6983f79ac051,2004-11-02,,Президентские выборы в США: действующий президент Джордж Буш против сенатора Джона Керри. Победу одержал Джордж Буш.
00fff694-f000-46ef-b310-2fc2547cb8e6,2004-11-02,,"Убит Тео ван Гог, кинорежиссёр, телепродюсер, публицист и актёр."
010000e1-7800-4656-9e8b-a07d36967335,2004-11-04,,Президент России Владимир Путин подписал закон «О ратификации Киотского протокола к Рамочной конвенции ООН об изменении климата». Киотский протокол вступил в силу 16 февраля 2005 года.
010000e1-7800-40c2-ad35-8a21814f25fe,2004-11-04,,"Баррозу, Жозе Мануэль, новый председатель Еврокомиссии, огласил новый список кандидатов в еврокомиссары. Прежний список вызвал множество нареканий и был отозван."
01001fc7-f000-48ed-be77-a1a4f6c2c399,2004-11-10,,"объявлены официальные результаты первого тура президентских выборов на Украине. Победителем стал лидер оппозиции Виктор Ющенко, набравший 39,87 % голосов. Виктор Янукович получил 39,32 %."
010024ed-fc00-48c1-8adf-169ddc26de6e,2004-11-11,,врачи официально констатировали смерть Ясира Арафата.
01002f3a-f400-4dd7-a83f-56fdc5a69392,2004-11-13,,в Ираке коалиционные войска захватили Фаллуджу — центр вооружённого суннитского сопротивления новым иракским властям и многонациональным силам.
01005347-7800-419e-8498-39c06cc1feaa,2004-11-20,,с космодрома Мыс Канаверал с помощью ракеты-носителя Дельта-2 7320-10 запущена орбитальная обсерватория Swift.
0100586d-f400-4e7d-af99-c27bb911baf1,2004-11-21,,Первая попытка второго тура выборов президента Украины: экс — премьер-министр Виктор Янукович (49 %) против Виктора Ющенко (46 %).
0100586d-f400-4185-818a-8b2f05d78e80,2004-11-21,,Вышла первая ревизия консоли Nintendo DS.
01005b00-f200-4476-b35c-c76588153466,2004-11-21,2004-11-22,саммит организации Азиатско-Тихоокеанское экономическое сотрудничество в Сантьяго (Чили).
01006027-7e00-4f02-ae44-e0db99c16836,2004-11-22,2004-11-23,"в Шарм-эш-Шейхе (Египет) прошла международная конференция по Ираку. В ней участвовали главы МИД 20 стран, а также представители нескольких международных организаций. На повестке дня — обсуждение текущей ситуации в Ираке и послевоенного обустройства этой страны."
01005d93-f000-4257-9da6-e83adacf471f,2004-11-22,,началась «Оранжевая революция» на Украине.
0100bf6c-f400-48cc-818b-b9ac2b19c05a,2004-12-11,,"президент России В. Путин подписал закон, меняющий систему избрания глав субъектов Федерации. Ранее закон был принят Государственной Думой 3 декабря 2004 года и одобрен Советом Федерации 8 декабря 2004 года."
0100e89f-f400-4f20-98d9-71f4b7c7042b,2004-12-19,,"на аукцион выставлен «Юганскнефтегаз», главное нефтедобывающее подразделение «ЮКОСа», изъятое государством у осуждённого М. Ходорковского. Победила никому до тех пор не известная компания «Байкалфинансгруп», купив почти 77 % акций."
01010785-fc00-4463-99de-2502a8d6c90d,2004-12-25,,зонд «Гюйгенс» отделился от космического аппарата «Кассини» и отправился к Титану.
01010cac-7800-4c33-aeb8-f5bcc1d80aee,2004-12-26,,Крупнейшее землетрясение в Индийском океане у берегов Юго-Восточной Азии. В результате цунами погибли около 230 тысяч человек.
01010cac-7800-42ec-bddd-9f2f6fe3e514,2004-12-26,,"Образовавшиеся в результате данного землетрясения гигантские волны дошли до юго-западного побережья Шри-Ланки, где уничтожили находящийся близ побережья переполненный пассажирский поезд. Погибли около 1700 человек — крупнейшая железнодорожная катастрофа в истории."
01010cac-7800-49b7-a5c0-1bd85fb4f328,2004-12-26,,По результатам третьего тура президентских выборов новым президентом Украины стал лидер оппозиции Виктор Ющенко.
01010cac-7800-4d43-b60a-7a0a6b2eacfd,2004-12-26,,Прогресс-М51 пристыковался к МКС. В случае неудачи миссии из-за нехватки запасов продовольствия пришлось бы эвакуировать экипаж станции.
01011c1f-7c00-4a67-a939-f0e707a322ea,2004-12-29,,президент Аргентины Нестор Киршнер подписал указ об образовании национальной нефтяной компании Enarsa.
0101266b-f400-40d2-8d08-048162e94f33,2004-12-31,,"в автокатастрофе двухэтажного туристического автобуса «Неоплан», следовавшего по маршруту Москва—Рига, погибли 9 человек."
01012b92-7000-4ad6-8e89-df0a5467e801,2005-01-01,,"в России вступил в силу закон о монетизации льгот. Это вызвало акции протеста в Москве, Санкт-Петербурге, Самаре и ряде других городов страны."
01012b92-7000-412a-bf7d-3162a3175d60,2005-01-01,,Джинна Гис вернулась домой из больницы и официально стала первым человеком пережившим бешенство без вакцинации.
010130b8-fc00-4d97-99bf-46864f47604c,2005-01-02,,в Хорватии прошёл первый тур президентских выборов.
010135de-f800-42e5-9c5f-a3b69c80d8c4,2005-01-03,,террористами убит губернатор Багдада Али аль-Хаидри.
0101402b-f000-490b-a1db-315ac23793fc,2005-01-05,,открытие самой массивной известной карликовой планеты в Солнечной системе под названием Эрида. Была открыта группой под руководством Майкла Брауна благодаря изображениям полученных 21 октября 2003 года в Паломарской обсерватории.
010154c5-7000-43d8-8832-8d5d18ee1ef5,2005-01-09,,Махмуд Аббас избран председателем палестинской национальной администрации.
010154c5-7000-4a1b-af9d-b847b9a6f3b9,2005-01-09,,Завершение Второй Гражданской войны в Судане спустя 21 год после её начала и подписание Найвашского соглашения и последующий референдум спустя 6 лет давший независимость Южному Судану.
01016438-7400-4aac-afbc-bcb2e6827633,2005-01-12,,"старт зонда «Deep Impact», запущенного с мыса Канаверал, цель миссии которого — протаранить специальным снарядом ядро кометы Темпеля 1."
0101695e-f000-4c11-99f0-3392ac237f6c,2005-01-13,,"в Эвенкийском автономном округе разбился самолёт Ан-2 рейсом Ванавара — Тура. На борту находились 9 человек, в том числе и заместитель губернатора ЭАО Иван Сафронов. Погибли все 9 человек."
01016e84-fc00-4066-ab6a-baa661eaf3d3,2005-01-14,,"космический аппарат Huygens совершил посадку на поверхность Титана, самого большого спутника Сатурна."
010178d1-f400-4e9e-b72c-9f41b7345aa1,2005-01-16,,"во втором туре президентских выборов в Хорватии победу одержал Степан Месич, набравший 66 % голосов."
0101831e-7c00-42c4-aa8c-e96f1ed8413b,2005-01-18,,"на сайте Vip.lenta.ru опубликована большая статья Сергея Рублёва «На пути к абсолютному знанию», посвящённая Википедии.."
01018d6b-7400-4c44-8658-035a104ef2a2,2005-01-20,,Джордж Буш (младший) вступил в должность президента США на второй срок.
01018d6b-7400-41b1-91c4-19049267836f,2005-01-20,,Наблюдение самого интенсивного события солнечной частицы в истории.
010197b7-fc00-4ce7-bdce-e8d0dd231f28,2005-01-22,,"министр иностранных дел Северной Кореи Ким Ке Гван объявил, что КНДР является ядерной державой."
01019cde-7800-4126-bcff-29e466590bf6,2005-01-23,,В. А. Ющенко принял присягу и вступил на пост президента Украины.
0101a72a-f000-4d7e-8dec-db3c71279119,2005-01-25,,"в Сатаре, что в 300 км от индийского Мумбая, в результате давки во время паломничества индуистов погибли 257 человек."
0101ac51-7c00-4c01-95ca-366811f1e654,2005-01-26,,на западе Ирака разбился американский вертолёт CH-53. Погиб 31 военнослужащий США.
0101c0ea-fc00-4f49-9f74-3edbc3b7d5a2,2005-01-30,,первые парламентские выборы в Ираке после свержения Социалистической партии Ирака (Баас) возглавляемой Саддамом Хуссейном.
0101cb37-7400-4aed-bbfc-70985fccbf91,2005-02-01,,была основана южнокорейская звукозаписывающая развлекательная компания «Big Hit Entertainment».
0101d584-7c00-4459-b5f9-8400cd1bec8a,2005-02-03,,"под Кабулом разбился Boeing 737—200 компании Kam Air, погибли 104 человека. Крупнейшая авиакатастрофа в Афганистане."
0101ea1d-fc00-4d5a-80a8-a904351d56df,2005-02-07,,Вышел указ президента Азербайджана Ильхама Алиева о деноминации маната.
0101ea1d-fc00-49a6-bf26-65d5ba724afa,2005-02-07,,Эллен Макартур (Великобритания) установила новый мировой рекорд по кругосветному плаванию в одиночку на парусном тримаране — 71 сутки 14 часов 18 минут и 33 секунды. Она была в пути с 28 ноября 2004 года.
0101f990-f000-48f9-897f-f1045ea3b694,2005-02-10,,"Корейская Народно-Демократическая Республика объявила, что она обладает ядерным оружием."
01020e2a-7000-403f-ae41-4df99ec58507,2005-02-14,,"Погиб ливанский политический деятель Рафик Харири, начало массовых акций протеста за вывод сирийских войск с территории Ливана. По аналогии с цветными революциями на постсоветском пространстве акции получили название «революция кедров» (или «кедровая революция»)."
01020e2a-7000-4ec9-918c-2d08c3409fb2,2005-02-14,,"Стив Чен, Чад Хёрли и Джавед Карим основали в США видеохостинг «YouTube»."
01021876-f800-499b-8c33-043676dcebea,2005-02-16,,"вступил в силу Киотский протокол, без поддержки США и Австралии."
010222c3-f000-4c22-8fcb-1a89b5f9bf8e,2005-02-16,2005-02-20,"Чемпионат Европы по биатлону 2005 (Новосибирск, Россия)."
01025643-7800-47b1-b878-048e058a3d9e,2005-02-28,,"в Голливуде прошла церемония вручения премий Оскар. Пять золотых статуэток получил фильм «Авиатор», четыре Оскара — фильм «Девушка на миллион долларов» с Клинтом Иствудом."
01025b69-7400-4422-906a-bf0b82197187,2005-03-01,,сбор средств в фонд «Викимедиа» завершён. За 12 дней удалось собрать 94 649 долларов.
0102608f-f000-4d29-81a0-41449098beb1,2005-03-02,,лунный зонд «SMART-1» вышел на рабочую орбиту.
01026adc-f800-45d4-86e5-219e0b973c69,2005-03-04,,"миллионер Стив Фоссетт облетел вокруг Земли на самолёте за 67 часов без дозаправки, тем самым побив мировой рекорд."
01027f75-f800-44b6-b4f6-4b3f80d4892e,2005-03-08,,Вторая чеченская война: ликвидирован президент Ичкерии Аслан Масхадов.
0102849c-7400-4eb5-af72-804d110e07e7,2005-03-09,,"Президенту Польши Александру Квасьневскому присвоено звание почётного доктора (honoris causa) Вильнюсского университета за заслуги в расширении стратегического партнёрства Литвы и Польши, в содействии укреплению взаимного доверия литовского и польского народов и развитию научных связей высших школ Литвы и Польши."
01029e5c-7000-47ec-9f0f-fbe05e97b61b,2005-03-14,,"почти 1 млн человек собрались в Бейруте на оппозиционный митинг, спустя месяц после смерти премьер-министра Рафика Харири. Это самый крупный митинг за всю историю Ливана."
0102a8a8-f800-4f1b-adc7-c75bd51aa272,2005-03-16,,"катастрофа Ан-24 в посёлке Варандей. Погибло 28, ранено 24."
0102c268-f400-4a80-834a-dafaa397caf5,2005-03-21,,массовое убийство в школе Ред-Лейка.
0102d1db-f800-493a-8d8a-ceba73465c8a,2005-03-24,,Кризис власти в Кыргызстане достиг своего пика. 15 тысячам митингующих удалось штурмом взять здание на центральной площади Бишкека «Ала-Тоо». Президент Аскар Акаев бежал. Эти события были названы «Тюльпановой революцией». Она стала третьей «цветной революцией» на постсоветском пространстве.
0102e675-7800-46e1-92e3-25dcea95e200,2005-03-28,,"вынесен обвинительный приговор Таганского райсуда города Москвы (федеральный судья Владимир Прощенко) против руководителя Сахаровского центра Юрия Самодурова, организовавшего выставку «Осторожно, религия!»."
01030034-f400-4230-95bf-f32b1b8ed070,2005-04-02,,в Санкт-Петербурге открылась новая станция метрополитена «Комендантский проспект».
0103055b-7000-447a-9430-8903c90431f7,2005-04-03,,совершено вооружённое нападение на тюрьму Абу-Грейб (Ирак). Ответственность за атаку взяла на себя исламистская организация «Аль-Каида».
01030fa8-7800-4240-9206-49012d1e9bb2,2005-04-05,,Аскар Акаев сложил с себя полномочия президента Кыргызстана.
010314ce-7400-41a1-b994-2f01217255f4,2005-04-06,,Президентом Ирака избран бывший лидер курдских повстанцев Джалал Талабани; вице-президентами — шиит Адель Абдул Махди и суннит Гази Аль-Явар.
010338da-f800-4ef1-9803-7ef49190aaec,2005-04-13,,"Сенат США одобрил кандидатуру Майкла Гриффина на посту главы NASA, ранее участвовавшего в программе СОИ («звёздные войны»). Голосование было проведено на день раньше запланированного срока по инициативе сенаторов."
01034327-f000-4490-868c-ae6e4743fb3c,2005-04-15,,"Старт космического корабля Союз ТМА-6. Экипаж старта — С. К. Крикалёв, Дж. Филлипс (США) и Р. Виттори (Италия)."
01034327-f000-4be9-988b-4c5a1ac43d7b,2005-04-15,,"Компания «Microsoft» объявила о том, что в настоящее время ведётся работа над тем, чтобы информацию в «Encarta» смог редактировать практически любой желающий."
01034d74-7800-43cc-915e-536c7eaeee5e,2005-04-17,,"В Красноярском крае, в Таймырском и Эвенкийском автономных округах прошёл референдум по объединению в единый субъект РФ с 2007 года."
01034d74-7800-4b9b-96ba-414057053a68,2005-04-17,,Российский пилотируемый космический корабль «Союз ТМА-6» с космонавтами 11-й основной экспедиции и итальянским астронавтом на борту пристыковался в 6 часов 20 минут (московское летнее время) к Международной космической станции.
0103529a-f400-4b45-8332-4a907d38d2e8,2005-04-18,,"Компания Adobe Systems приобрела Macromedia Inc. за $3,4 млрд."
010357c1-7000-4d06-a5cd-ae9548b1667e,2005-04-19,,глава Конгрегации по вопросам вероучения Йозеф Алоиз Ратцингер избран новым папой римским под именем Бенедикт XVI.
01035ce7-7c00-41d5-930e-3c074cf6a6e0,2005-04-20,,Итальянский премьер-министр Сильвио Берлускони вручил прошение о своей отставке итальянскому президенту Карло Чампи.
01035ce7-7c00-4680-a775-e83847cb1f11,2005-04-20,,"В Тегеранском аэропорту «Мехрабад» совершил аварийную посадку самолёт Боинг-707. 3 человека погибли и десятки получили ранения. Во время совершения посадки при соприкосновении со взлётно-посадочной полосой разорвалась и загорелась резина шасси, загорелся левый двигатель, сам самолёт выехал с полосы посадки в сторону близлежащей речки, сильно пострадал корпус авиалайнера."
0103620d-f800-40d6-be81-b7eeb6ace25a,2005-04-21,,В провинции Гуджарат недалеко от г. Барода (Индия) пассажирский поезд столкнулся с товарным составом. Десятки жертв.
0103620d-f800-403a-8812-1bb0e9af6f1a,2005-04-21,,"В Ираке сбит транспортный вертолёт Ми-8. Все девять человек (три члена экипажа и шесть гражданских пассажиров), находившихся на его борту, погибли. Вертолёт, направлявшийся на север от Багдада, сбит реактивной гранатой."
0103620d-f800-477d-8498-735c20c1292c,2005-04-21,,"В рамках саммита министров иностранных дел стран НАТО, проходящего с 20 апреля в Вильнюсе, Россия и НАТО подписали Соглашение о статусе войск."
0103620d-f800-4587-817c-fd7f1f4d5d17,2005-04-21,,Компания AMD начала поставки двухъядерных процессоров Opteron.
01036c5a-f000-4e2a-8bb3-c6079c6b540a,2005-04-23,,Премьера Comedy Club на ТНТ.
01036c5a-f000-4aa4-b6ca-fc8083fbd3a3,2005-04-23,,Появляется самое первое видео на YouTube.
010376a7-7800-46cf-8ff8-fcfb35ac2ea4,2005-04-25,,В 2 часа 08 минут (московское летнее время) совершил посадку космический корабль «Союз ТМА-5» с международным экипажем на борту.
010376a7-7800-4dbf-9261-865e4a0eab1f,2005-04-25,,"Крушение в Амагасаки: из-за превышения скорости пригородный поезд сошёл с рельс и врезался в жилой дом, погибли 107 человек."
01038b40-f800-4dd4-b797-80c19301fe6f,2005-04-29,,"в Пекин на встречу с вождём Коммунистической партии Китая Ху Цзиньтао прибыл Лянь Чжань, лидер тайваньской партии Гоминьдан."
01039ab3-fc00-4c67-97ef-b1ea4c53f230,2005-05-02,,у побережья Гондураса потерпел аварию самолёт президента страны Рикардо Мадуро. Обошлось без жертв.
01039fda-7800-45e5-be81-a23f276ad720,2005-05-03,,"взрыв на военном складе Афганистана (деревня Башгах, провинция Баглан, 125 км от Кабула). 28 человек погибли, более 70 получили ранения."
0103a500-7400-4c05-bba7-6164fe80fe60,2005-05-04,,браузер Firefox скачан более 50 млн раз.
0103aa26-f000-46fb-8654-84b8d039a65c,2005-05-05,,Выборы в парламент Великобритании в третий раз подряд выиграла Лейбористская партия.
0103aa26-f000-437f-8043-88c6b20c9d9c,2005-05-05,,В американском городе Нью-Йорк недалеко от британского посольства взорвались две самодельные бомбы.
0103aa26-f000-4437-b096-823c454bd3c1,2005-05-05,,"Конгресс США выделяет средства «на поддержку демократии» на Украине (60 млн долл.) и в Белоруссии (5 млн долл.). За выделение средств проголосовали 368 конгрессменов, против — 58."
0103aa26-f000-4a2a-9a03-c6ef34bb7308,2005-05-05,,Узбекистан заявляет о выходе из ГУУАМ.
0103aa26-f000-4fb9-aca2-07130706d2b0,2005-05-05,,Футбольный клуб ЦСКА (Москва) вышел в финал Кубка УЕФА.
0103bec0-7000-402e-94fe-2eb4701714aa,2005-05-09,,торжественные мероприятия в честь 60-летия Победы в Великой Отечественной войне.
0103c3e6-fc00-4d71-a935-37c9b9573ade,2005-05-10,,В Москве прошёл саммит Россия-ЕС.
0103d359-f000-4caa-bfd3-289fe1b9d652,2005-05-13,,"Вооружённый мятеж в Узбекистане: захвачена тюрьма города Андижан, на свободе оказались более 4000 заключённых."
0103dda6-7800-46c0-a8fd-c375869fa9cf,2005-05-15,,Чехия становится чемпионом мира по хоккею 2005 года. В финальном матче команда Чехии выиграла у команды Канады со счётом 3:0.
0103e2cc-f400-464d-8be9-7587918cbdee,2005-05-15,2005-05-17,"II форум приграничных регионов Казахстана и России (Челябинск, Россия)."
0103e7f3-7000-46ea-a991-2c5591dfb757,2005-05-17,,В Киеве состоялось официальное открытие фестиваля «Евровидения».
0103e7f3-7000-4f04-9451-c27d7dc18e29,2005-05-17,,Начало судебного процесса над террористом Нурпашой Кулаевым.
0103ed19-7c00-4fce-8c40-2f44d3ae6daa,2005-05-18,,"Владимир Путин подписал закон, согласно которому выборы в Госдуму будут проходить только по пропорциональной системе и места в парламенте получают партии, преодолевшие 7-процентный барьер."
0103ed19-7c00-4d02-bef8-5bbc923314c1,2005-05-18,,Лиссабон. Финал Кубка УЕФА 2004/2005. ЦСКА (Москва) — «Спортинг» (Лиссабон) 3:1. Российский клуб впервые (если не учитывать трофеи клубов СССР) в истории выиграл европейский турнир.
0103ed19-7c00-468d-8452-0b612c5a7f67,2005-05-18,,"Получена первая партия упрощённого варианта микропроцессоров «Эльбрус 2000» (известных также как Е2K) под названием E3М. Этот микропроцессор разработан в ЗАО «МЦСТ» по передовой, не имеющей аналогов, архитектуре EPIC (архитектура явного параллелизма)."
01041126-7000-477b-a86a-3f265f188162,2005-05-25,,"Авария в энергосистеме в Москве. Произошло крупномасштабное отключение электричества на юге Москвы, а также в 25 городах Подмосковья, в Тульской области, Калужской области. На некоторых особо опасных производствах произошли аварии."
01041126-7000-4975-9428-1b00be9f4f9c,2005-05-25,,"Стамбул. Финал Лиги Чемпионов 2004/2005. «Ливерпуль», пропустив к перерыву три безответных мяча от «Милана», во втором тайме сумел отыграться и одержал победу в серии пенальти (3:3 в основное и добавленное время, 3:2 по пенальти)."
01041126-7000-46a9-8931-abaa35d5bf57,2005-05-25,,Вступил в эксплуатацию нефтепровод Баку-Тбилиси-Джейхан.
0104164c-7c00-41d6-9827-be3d94d223e8,2005-05-26,,Впервые в истории вертолёт достиг самой высокой точки планеты — вершины горы Эверест и совершил посадку на этом «пике мира». За штурвалом вертолёта компании «Еврокоптер» находился французский пилот Дидье Дельсаль.
010425bf-7000-49f1-a9b1-9cddea7a6e9c,2005-05-29,,на референдуме во Франции большинство проголосовало против Европейской конституции.
0104300c-7800-4e1e-b466-7f213850559c,2005-05-31,,В Москве завершился самый громкий судебный процесс пост-советской истории России. Руководители и совладельцы нефтяной компании ЮКОС Михаил Ходорковский и Платон Лебедев осуждены на девять лет лишения свободы в колонии общего режима.
01043532-f400-4ea6-bcde-da4968608397,2005-06-01,,"В Бишкеке (Кыргызстан) толпа взяла штурмом здание Верховного суда, но вскоре протестующие покинули здание через чёрный ход."
01043532-f400-435a-ad68-f8ea21c74b7d,2005-06-01,,Премьер-министром Франции стал Доминик де Вильпен.
01043a58-f000-41d3-ba04-82f8c46f0e4e,2005-06-02,,более 60 % проголосовавших на референдуме в Нидерландах высказались против Европейской конституции.
010449cb-f400-4109-a098-4234d27f72d1,2005-06-05,,Швейцарцы в ходе референдума одобрили присоединение к Шенгенскому соглашению.
01045418-fc00-4ee9-9cfc-47ab83628b9e,2005-06-07,,"Новым главой Республики Северная Осетия — Алания Таймураз Мамсуров. Предложенная президентом России, его кандидатура была утверждена местным парламентом единогласно."
0104638b-f000-4ca0-ad1d-413b6b2fa0b8,2005-06-10,,в Хабаровске создана духовная семинария — высшее учебное заведение Московского Патриархата для подготовки священнослужителей.
01047825-7000-4ee0-8d60-6cd86ccc22a9,2005-06-14,,"на Олимпийском стадионе в Афинах, ямайский спринтер Асафа Пауэлл (Asafa Powell) установил новый мировой рекорд в беге на 100 метров — 9,77 сек. Пауэлл превзошёл рекорд американца Тима Монтгомери (Tim Montgomery) на одну сотую секунды."
01048271-f800-4bc3-b8b9-16d0e44c971e,2005-06-16,,"после оглашения выводов комиссии по служебной этике о конфликте служебных и частных интересов в деятельности министра экономики Литвы Виктора Успасских, лидера Трудовой партии, он заявил об уходе в отставку."
0104c03e-7800-4e07-84a5-c07b723ceabd,2005-06-28,,"В газете «Известия» было опубликовано «Обращение деятелей культуры, науки, представителей общественности в связи с приговором, вынесенным бывшим руководителям НК ЮКОС» с осуждением попыток придать политический характер приговору суда по делу ЮКОСа."
0104c03e-7800-45e1-95d9-3f633147f9d3,2005-06-28,,Франция заявила о грядущем строительстве термоядерного реактора в устье Роны.
0104df24-7000-46f0-a292-a2fee4379394,2005-07-04,,в 05:45 UTC снаряд экспедиции Deep Impact произвёл столкновение с кометой Темпеля 1.
0104e971-7800-4779-9162-e59e88176294,2005-07-06,,"в 15:45 МСК в рамках 117-й сессии Международного олимпийского комитета (МОК) в Сингапуре объявлено, что Лондон примет XXX Олимпиаду в 2012."
0104ee97-7400-4d96-a3f3-340bf5a48329,2005-07-07,,в столице Великобритании Лондоне произошла серия взрывов в вагонах метро и городских автобусах. Жертвами террористического акта стали 56 человек.
0104f12a-f200-4dd1-a282-456574f496e8,2005-07-07,2005-07-08,в шотландском городе Глениглс (Gleneagles) состоялась ежегодная встреча руководителей восьми ведущих стран мира (Саммит G8). В повестке дня — обсуждение:
0104f12a-f200-4a33-ba11-bc7ad45def68,2005-07-07,2005-07-08,"проблем, связанных с ростом цен на нефть"
0104f12a-f200-46a6-9058-8a015ca75f9d,2005-07-07,2005-07-08,"вопросов, связанных с изменением климата из-за возрастающего выброса в атмосферу промышленных газов"
0104f12a-f200-4a8b-a3e2-b4acfe274a0f,2005-07-07,2005-07-08,проблемы долгов беднейших стран мира.
010517ca-7400-4059-826b-bb9314693c79,2005-07-15,,вошла в оборот купюра номиналом в 100 000 белорусских рублей.
01051cf0-f000-48b8-a492-11299466ac09,2005-07-16,,"в окрестностях Малабо (Экваториальная Гвинея) потерпел катастрофу Ан-24Б компании Equatorial Express Airlines, в результате чего погибли 60 человек."
01053bd6-f800-415b-b963-16e8791cb04e,2005-07-22,,"Майкрософт дала название новой версии своей операционной системы — «Windows Vista», ранее известной под кодовым названием Longhorn."
010540fd-7400-40b0-bc7e-81b810020695,2005-07-23,,"В курортном египетском городе Шарм-эш-Шейх, популярном среди иностранных туристов, произошло три взрыва в местах скопления туристов, в результате чего погибло более 80 и ранено около 200 человек. Ответственность за акцию взяла на себя исламистская группировка Аль-Каида, теракт признан крупнейшим в новейшей истории Египта."
010540fd-7400-4648-b356-2bbc94307a69,2005-07-23,,"Россиянка Елена Исинбаева установила новый рекорд по прыжкам в высоту с шестом, преодолев высоту 5 метров."
01054623-f000-4827-a9e1-5cb61e808c6c,2005-07-24,,"Лэнс Армстронг стал первым гонщиком, выигрывавшим велогонку Тур де Франс на протяжении 7 лет подряд."
01054623-f000-4194-8380-a69d30badc2c,2005-07-24,,В Москве убит руководитель «Центра американского английского» 35-летний Вардан Кушнир. В рунете он был известен как самый крупный спамер.
01055070-7800-45bc-9f6d-6464f582124f,2005-07-26,,"114-й старт (STS-114) по программе Спейс Шаттл. 31-й полёт шаттла Дискавери. Экипаж — Эйлен Коллинз, Джеймс Келли, Стефен Робинсон, Эндрю Томас, Уэнди Лоуренс, Чарльз Камарда, Соити Ногути (Япония)."
01055fe3-7c00-4dfd-8234-fd9db5c5ce69,2005-07-29,,"объявлено об открытии трёх новых крупных объектов пояса Койпера, один из которых (Эрида) превышает по размерам Плутон."
01056f56-7000-4e84-98c4-a74bf61ec535,2005-08-01,,Основан Внешторгбанк-24 (с 2006 года ВТБ-24).
01056f56-7000-4fb6-8942-415e537581e8,2005-08-01,,Скончался король Саудовской Аравии Фахд ибн Абдель Азиз ас-Сауд. Престол занял его брат Абдулла.
0105747c-fc00-4c8e-a77b-b3c679ac93ac,2005-08-02,,"в международном аэропорту Пирсон (Торонто) потерпел аварию Airbus А340. Пострадали 43 пассажира, погибших нет."
01057ec9-f400-4e71-b69b-087e68626d40,2005-08-04,,Во Франкфурте-на-Майне открылась первая международная конференция Wikimania 2005. Конференция завершилась 8 августа.
01057ec9-f400-4094-9a1f-900386505e85,2005-08-04,,В 100 км от Петропавловска-Камчатского затонул СГА «АС-28» типа «Приз» Тихоокеанского флота России с 7 военными моряками на борту. 7 августа моряки были спасены.
010583ef-f000-4559-abb2-effaabf2328f,2005-08-05,,Борис Березовский продал «Независимую газету» помощнику главы Минэкономразвития Константину Ремчукову.
01058916-7c00-4fb9-b4e8-cc9ebdeb21df,2005-08-06,,"Катастрофа ATR 72 возле Палермо, 16 погибших."
0105a2d6-7800-45ac-9e93-3ce131068769,2005-08-07,2005-08-15,в Каракасе (Венесуэла) прошёл XVI Всемирный фестиваль молодёжи и студентов.
01059362-f400-42a5-ade1-20b67f6f4db2,2005-08-08,,Иран возобновил программу обогащения урана и отказался от переговоров с ЕС. Начало эскалации кризиса вокруг иранской ядерной программы.
01059362-f400-49b5-9179-62d050176a6b,2005-08-08,,Валерий Шанцев наделён полномочиями губернатора Нижегородской области.
01059889-7000-4960-8354-37072b90a0da,2005-08-09,,"В 16 часов 12 минут (мск), на базе ВВС США Эдвардс (Калифорния), успешно приземлился Спейс Шаттл «Дискавери» (STS-114)."
01059889-7000-4f1a-a339-968ef2bdf4dc,2005-08-09,,"В связи с нарушениями, допущенными при реализации гуманитарной программы помощи Ираку «Нефть в обмен на продовольствие» лишён дипломатической неприкосновенности и арестован российский дипломат Александр Яковлев. По всем трём пунктам обвинения он признал себя виновным и был отпущен под залог в размере 400 тыс. долларов и подписку о невыезде."
0105b249-7c00-4c49-9140-c9707a4dae80,2005-08-14,,"в 40 км от Афин разбился пассажирский самолёт Боинг-737 компании Helios Airways. Самолёт столкнулся с горой, экипаж (6 человек) и все пассажиры (115 человек) погибли."
0105b76f-7800-4f40-b41d-2714f84e478c,2005-08-15,,"В Хельсинки завершился 10-й чемпионат мира по лёгкой атлетике, наибольшее количество медалей завоевали представители США."
0105bc95-f400-46ca-9e2d-9c1ad0e0abec,2005-08-16,,Российский космонавт Сергей Крикалёв превзошёл рекорд суммарной продолжительности пребывания в космосе.
0105bc95-f400-4323-b92c-ff762ab57669,2005-08-16,,"На территории Венесуэлы во время урагана разбился самолёт McDonnell Douglas MD-82 колумбийской авиакомпании West Caribbean Airways, погибли 160 человек."
0105c1bc-7000-455c-bd9c-2a11e41a9212,2005-08-17,,"Израиль объявил о выводе своих поселений из сектора Газа для реализации плана «одностороннего размежевания» с палестинцами. Впоследствии, несмотря на ненасильственное сопротивление поселенцев, они были эвакуированы, а поселения (за исключением синагог) — уничтожены с помощью строительной техники."
0105c6e2-fc00-4ec0-83b0-e39665923416,2005-08-18,,"в Астраханской области произошли калмыцко-чеченские межэтнические столкновения, начавшиеся с осквернения чеченцами памятника, установленного погибшему в ходе Второй Чеченской войны военнослужащему"
0105e0a2-7800-4455-b690-be6ff9d55bda,2005-08-23,,"под Пукальпой потерпел катастрофу Boeing 737—222 Advanced компании TANS Perú, погибли 40 из 98 человек на борту."
0105f53b-f800-46e9-834c-0129ac5c2365,2005-08-23,2005-08-31,"Ураган «Катрина», один из наиболее разрушительных ураганов в истории США. Особенно сильно пострадал Новый Орлеан и его окрестности, которые оказались затоплены. Точное количество жертв на начало сентября неизвестно, но количество пропавших без вести оценивается в цифру около 30 тыс. человек."
0105f015-7c00-4ebc-a795-067e36be8cb7,2005-08-26,,Саммит глав СНГ в Казани.
0105f015-7c00-424d-b744-a79171c91ef3,2005-08-26,,"Состоялся футбольный матч за Суперкубок УЕФА между ФК ЦСКА (Москва, Россия) и ФК Ливерпуль (Англия). Ливерпуль выиграл со счётом 3:1 после дополнительного времени."
010609d5-7800-4a0b-b74e-b69291dfd46f,2005-08-31,,в Багдаде во время религиозных мероприятий на мосту через реку Тигр вспыхнула паника. Из-за слуха о террористах-самоубийцах в давке погибли более 1000 человек.
01060efb-f400-4c05-8c3f-d9691421a269,2005-09-01,,включение в эфир новой радиостанции Юмор FM в Москве на частоте 88.7 FM.
01062395-7400-4800-b8f0-20b8d88204bb,2005-09-05,,"катастрофа Boeing 737 в Медане (Индонезия). 149 жертв, в том числе 49 на земле."
01063308-7800-4ef9-8743-6457841244fb,2005-09-08,,Президент Украины Виктор Ющенко отправил в отставку правительство Юлии Тимошенко и секретаря Совета национальной безопасности и обороны Петра Порошенко. Председателем правительства назначен Юрий Ехануров.
01066687-f000-4246-a083-8a8b58542314,2005-09-14,2005-09-22,взрывы в Витебске (2005). Ранены 52 человека
01066161-7400-4482-9031-23905a40f325,2005-09-17,,выход студийного альбома Playing the Angel группы Depeche Mode.
01066687-f000-4422-b9cc-12515489fece,2005-09-18,,"Парламентские выборы в Германии, формирование «большой коалиции» во главе с Ангелой Меркель."
01068801-7600-43b1-980d-d6a3e511195b,2005-09-19,2005-09-30,прошла первая всероссийская ежегодная благотворительная кампания «Сухая попа».
010675fa-f400-442c-9c16-76194a4ebe7e,2005-09-21,,аварийная посадка A320 в Лос-Анджелесе. Погибших и пострадавших нет.
01068a94-7400-4f3b-9246-12db7b9e8eae,2005-09-25,,"прошли парламентские выборы в Польше. Победила партия Ярослава Качиньского «Право и Справедливость» (пол. Prawo i Sprawiedliwość) с результатом 26,99 %, на втором месте «Гражданская Платформа» (пол. Platforma Obywatelska) Дональда Туска — 24,14 %, затем «Самооборона» Анджея Леппера — 11,41 %."
0106a97a-7c00-461d-9538-fc49932aa2ca,2005-10-01,,старт космического корабля Союз ТМА-7 с международным экипажем.
0106b3c7-7400-42f9-b2ea-1b05d1fecb6c,2005-10-03,,"Солнечное затмение. Кольцеобразное затмение наблюдалось на территории Португалии, Испании, стран северной Африки. На территории европейской части России затмение было частичным. В Москве затмение началось в 12:50 и окончилось в 14:28, максимум в 13:39, фаза 0,18. Таблицу времён затмения по городам России можно посмотреть здесь: ."
0106b8ed-7000-434a-89a1-4bb7915b00a0,2005-10-04,,"Нобелевскую премию по физике за 2005 год получили: Рой Глаубер (англ. Roy J Glauber)(Гарвардский Университет, США) за развитие основ квантовой оптики; Теодор Хенш (нем. Theodor Wolfgang Hänsch)(Макс Планк Институт квантовой оптики, Германия) и Джон Холл (англ. John Hall) (Университет Колорадо, США) за вклад в развитие сверх точной лазерной спектроскопии."
0106cd86-f000-474c-864a-90caef4c0794,2005-10-08,,"в Пакистане произошло землетрясение с магнитудой 7,6 по шкале Рихтера. Оно стало самым сильным за всё время сейсмических наблюдений в Южной Азии. По официальным данным, погибли более 73 тысячи человек, в их числе 17 тысяч детей. По некоторым оценкам, число погибших составило более 100 тысяч человек. Более трёх миллионов пакистанцев остались без крова."
0106d2ad-7c00-4903-821f-ebbad08ee4ea,2005-10-09,,в Польше состоялся первый тур президентских выборов. Во второй тур вышли Дональд Туск из правоцентристской «Гражданской платформы» и Лех Качинский от националистической партии «Право и справедливость».
0106dcf9-f400-4bc2-8572-15c1c5792895,2005-10-11,,приземлился космический корабль «Союз ТМА-6» с международным экипажем.
0106e220-7000-4721-aa35-f12bd1639e7a,2005-10-12,,"старт Шэньчжоу-6 (Китай). Экипаж — Фэй Цзюньлун, Не Хайшэн. Продолжительность полёта — 4 дня 19 часов."
0106e746-fc00-4c60-b09b-4898b887df9f,2005-10-13,,"Чеченские боевики совершили нападение на Нальчик. Атака была подавлена только на следующий день. В результате боевых действий погибло 47 человек, в том числе 35 сотрудников правоохранительных органов."
0106e746-fc00-46dd-b580-25af0935a371,2005-10-13,,Лауреатом Нобелевской премии по литературе за 2005 стал английский писатель и драматург Гарольд Пинтер.
0106e746-fc00-4169-9e14-fc278ea23031,2005-10-13,,"Сыграв в предпоследнем туре Чемпионата мира по шахматам вничью с Рустамом Касымджановым, болгарский гроссмейстер Веселин Топалов набрал 9,5 очков и стал недосягаем для соперников."
0106f6b9-f000-4483-bf32-d822f1a77f90,2005-10-16,,«Шэньчжоу-6» успешно приземлился.
0107062c-f400-4bd9-9c4d-53130c268fab,2005-10-19,,начало судебного процесса над Саддамом Хусейном и рядом его сподвижников.
01071079-fc00-47a3-84fc-6668c950c739,2005-10-21,,анти-христианский бунт в Египте.
0107159f-f800-48e6-9d01-9ba9970d45f6,2005-10-22,,"катастрофа Boeing 737 в Лагосе, 117 погибших."
01071ac6-7400-4eae-89a4-ff32659f3e9f,2005-10-23,,"второй тур президентских выборов в Польше, победа Леха Качиньского."
01073486-7000-4bde-b787-eaa44088a755,2005-10-28,,"начало массовых беспорядков во Франции, которые продолжались несколько недель."
010743f9-7400-4afc-bab2-8292645c2812,2005-10-31,,"в США активно обсуждалась «проблема» религии для науки. Учёные недовольны тем, что в учебниках по биологии планируется одновременно с изложением теории Дарвина указывать на то, что она не является установленным фактом."
010743f9-7400-4646-a43a-0309c5670dcf,2005-10-31,,Н
0107491f-f000-49d0-b75d-509acae26fe3,2005-11-01,,Начал работу русскоязычный раздел Викиновостей.
0107491f-f000-4108-8f39-1bd2f41d5c5f,2005-11-01,,"С полигона Капустин Яр в Астраханской области проведён успешный испытательный пуск ракеты «Тополь-М» с новой головной частью. Этот запуск стал шестым в рамках испытания системы, создаваемой для противоракетной обороны."
01075892-f400-40a6-9a89-7a4d482a2c05,2005-11-04,,в Москве прошёл «Русский Марш».
010762df-7c00-4494-a594-2cf8a8c33f38,2005-11-06,,столица Мьянмы перенесена в Нейпьидо.
01077252-7000-4379-8b6e-5864e4dd6724,2005-11-09,,с космодрома Байконур успешно стартовала ракета-носитель «Союз-ФГ» с межпланетной станцией «Венера Экспресс».
0107b01e-f000-4fa0-a2c0-38b48f3251e6,2005-11-21,,Генеральная Ассамблея ООН на 60-й сессии приняла без голосования резолюцию № 60/7 «Память о Холокосте».
0107d951-f000-4683-8699-0c68f87da6b8,2005-11-29,,центральная избирательная комиссия Украины зарегистрировала инициативные группы для проведения референдума по вопросам вступления страны в НАТО и ЕЭП.
0107e39e-7800-470f-97ec-c56defb84526,2005-12-01,,"образован новый регион России — Пермский край, в результате слияния Пермской области и Коми-Пермяцкого автономного округа в соответствии с результатами референдума, проведённого в 2004 году."
0107e8c4-f400-418c-a10a-8a16f1e8ed3d,2005-12-02,,"американская национальная лаборатория им. Лоуренса в Ливерморе запатентовала беспилотный аппарат, приводимый в движение двигателем Стирлинга. Инженеры полагают, что силовая установка со стирлингом позволит разведывательному самолёту находиться в воздухе неограниченно долго."
0107f311-7c00-46a6-b9de-9aa9f81717d1,2005-12-04,,"в Москве прошли выборы в Московскую городскую думу. В итоге в Мосгордуме оказались 28 представителей «Единой России», 4 — КПРФ, 3 — «Яблока»."
0107f311-7c00-4a8c-98c9-4f0efc11e304,2005-12-04,,"прошли президентские выборы в Казахстане, на которых был переизбран действующий президент Нурсултан Назарбаев."
010807aa-fc00-43fa-8396-6bb1078f3cac,2005-12-08,,"Президент Ирана Махмуд Ахмадинежад начал серию выступлений против Израиля, ставя под сомнение существование Холокоста и вообще право на существование Израиля на карте мира. Такая позиция вызвала бурю протеста на Западе."
010807aa-fc00-4e77-a80e-564537eb8057,2005-12-08,,"Государства—участники Женевских конвенций приняли Третий дополнительный протокол, устанавливающий дополнительную эмблему — красный кристалл. Дополнительным протоколом III была принята эмблема, лишённая какого-либо религиозного, культурного или политического значения; которая обладает таким же правовым статусом, как и красный крест и красный полумесяц, и может быть использована на тех же условиях."
010807aa-fc00-4fd9-8d5b-071698eec911,2005-12-08,,Последний день эксплуатации паровозов в Китае. На Цзитунской железной дороге были потушены последние паровозные котлы.
010807aa-fc00-4641-97e4-39de49c553fc,2005-12-08,,При посадке в чикагском аэропорту Мидуэй самолёт Boeing 737-7H4 компании Southwest Airlines выкатился с полосы на шоссе. Погиб 1 человек.
01080cd1-7800-46c4-877d-c428e462d42e,2005-12-09,,последний день эксплуатации знаменитых лондонских двухэтажных автобусов — «Рутмастеров».
010811f7-f400-4088-93f6-8a05fd70a995,2005-12-10,,авиакатастрофа McDonnell Douglas DC-9 в Нигерии. Погибли 108 человек
01082bb7-7000-4976-80a3-e36502be7761,2005-12-15,,выборы в Совет представителей Ирака.
01084050-f000-41c7-87d0-faf4822c7f76,2005-12-19,,Grumman G-73T Turbine Mallard разбился при взлёте в Майами.
01088343-7c00-4eec-968b-f76d065e0d12,2006-01-01,,Муниципальная реформа в РФ.
01088343-7c00-4039-873e-d6c265381723,2006-01-01,,Деноминация азербайджанского маната в 5000 раз.
01088343-7c00-4841-8935-10331c8440d1,2006-01-01,,"ОАО Газпром отключил Украину от российского газа в связи с тем, что не была достигнута договорённость о цене на поставляемый на Украину газ."
01088343-7c00-4dfe-a148-4cc41b3c923f,2006-01-01,,В США появился новый консолидированный город Хелена — Уэст-Хелена образованный при слиянии двух городов Арканзаса — Хелены и Западной (Уэст) Хелены.
0108bbe9-7000-4b27-93cc-74b4c92f4388,2006-01-12,,"в давке в Мекке, начавшейся во время церемонии «побивания дьявола», погибли 364 паломника и более 300 были ранены."
0108cb5c-7400-4450-8620-8ad1cb7ddf30,2006-01-15,,"прошёл второй тур президентских выбор в Чили (первый состоялся 15 декабря 2005 года), в результате которых победу одержала Мишель Бачелет."
0108dff5-f400-4b73-b73b-2c27d666e864,2006-01-19,,"с космодрома Канаверал с помощью ракеты-носителя Атлас V запущена американская АМС New Horizons, предназначенная для исследования Плутона."
0108f9b5-f000-4f5d-8b5e-d16802adf5a6,2006-01-24,,из Космического центра Танэгасима с помощью ракеты-носителя H-IIA запущен спутник ДЗЗ ALOS.
0108fedc-7c00-456b-a12e-0c9461c9e5cf,2006-01-25,,"в Палестинской автономии прошли парламентские выборы. Победила радикальная исламская группировка «Хамас», которая получила 74 из 132 мест в парламенте. Правящая партия «Фатх» — всего 45 мест."
010922e8-f000-4ec0-86c7-de30de5450e9,2006-02-01,,президент США Дж. Буш декларировал необходимость быть независимым от импортной нефти.
01092d35-7800-47aa-8b58-3a6c2911a406,2006-02-03,,массовые протесты в исламском мире против публикации карикатур на пророка Мухаммеда (Карикатурный скандал 2005—2006 годов).
01093782-7000-4305-87e5-a4e30170b045,2006-02-05,,"президент Ирана приказал возобновить обогащение урана. Это вызвало негативную реакцию в мире. Лидеры США в ответ на это объявили, что «любые средства» в отношении Ирана «должны рассматриваться»."
010946f5-7400-4134-988f-2954b282c1bd,2006-02-08,,Израиль объявил о готовности отказаться от Иудеи и Самарии. Поводом для этого являлось желание отделиться от палестинцев после победы на выборах в ПНА экстремистской группировки «Хамас».
01095141-fc00-42ec-841e-36f885b2608b,2006-02-10,,в Турине (Италия) начались ХХ зимние Олимпийские игры (завершились 26 февраля).
01099434-7800-4997-8426-65f5ba87eb91,2006-02-23,,обрушение Басманного рынка (Москва). 68 погибших.
0109b840-fc00-42ce-b350-2e826bb9ded9,2006-03-02,,Индия и США подписали Соглашение о сотрудничестве в области использования ядерной энергии. Индия стала членом ядерного клуба — получила доступ к иностранным ядерным технологиям.
0109e69a-7800-4f20-83f9-76c6d68b32f1,2006-03-11,,"в гаагской тюрьме умер бывший президент Союзной Республики Югославии Слободан Милошевич. Вскрытие установило, что причина смерти — инфаркт миокарда."
0109ebc0-f400-461a-9519-6794e45bd050,2006-03-12,,в России прошёл первый Единый день голосования.
010a005a-7400-4cdf-a5ff-24884ac761b3,2006-03-16,,Запуск канала Матч! Премьер.
010a0fcd-7800-4315-9ba0-283311923c4f,2006-03-19,,состоялись третьи по счёту выборы президента Беларуси. Победу одержал действующий президент Александр Лукашенко. Сопровождались протестами.
010a2eb3-7000-41b6-b3f8-a9681b9882ff,2006-03-25,,в культурном центре в районе Капитол-Хилл в Сиэтле убиты семь человек.
010a33d9-fc00-4420-bb25-59a88970cc95,2006-03-26,,"На Украине прошли выборы в Верховную Раду, областные и местные советы, а также выборы глав городов (см. Региональные выборы на Украине (2006))."
010a33d9-fc00-478d-a3e3-0bb9ac39d3e8,2006-03-26,,Начало работы социальной сети Одноклассники.
010a4873-7c00-4a02-a6e2-6250a89a6074,2006-03-30,,"Премьер-министр Франции Доминик де Вильпен заявил о своей «полной готовности» внести «некоторые изменения» в текст закона о контракте первого найма. Этот закон вызвал массовые волнения во Франции. «Сложившаяся ситуация является неприемлемой, она несправедлива, её можно назвать даже отчаянной», — отметил Д. де Вильпен. На 4 апреля 2006 года уже назначены очередные манифестации и забастовки. Новый закон о первоначальном найме вызвал недовольство не только среди молодёжи. За его отмену выступает подавляющее число французов (83 %). Лишь 12 % респондентов ответили, что поддерживают принятие закона в том виде, в котором он сформулирован в настоящее время. Порядка 5 % респондентов затруднились ответить."
010a4873-7c00-478f-b704-2723eb0f2c84,2006-03-30,,"Старт космического корабля Союз ТМА-8. Экипаж старта — П. В. Виноградов, Д. Уильямс (США) и М. Понтис (Бразилия)."
010a95b2-7000-4c18-8904-ca8397d1702f,2006-04-04,2006-04-24,"массовые демонстрации в Катманду и других городах Непала. Протестующие выступали за отмену монархии и установление парламентской республики в стране. Против демонстрантов в столице полицией было применено оружие, что повлекло многочисленные жертвы."
010a6c7f-f000-4315-a1fd-7b702864611b,2006-04-06,,"США объявили о планах по созданию к 2015 году мегацентра производства ядерного оружия, способного производить до 125 ядерных боезарядов в год."
010a6c7f-f000-4778-99cc-ccb7f442de29,2006-04-06,,"В Москве задержан сектант Григорий Грабовой. Он известен в связи с событиями в Беслане. Тогда Грабовой объявил себя мессией и за деньги предлагал воскресить погибших детей. Его действия расцениваются как мошенничество, так как деньги он собрал, а «работу» не выполнил."
010a76cc-7800-40d7-a64a-e8abaabf048e,2006-04-08,,"приземление космического корабля Союз ТМА-7. Экипаж посадки — В. И. Токарев, У. МакАртур (США) и М. Понтис (Бразилия)."
010a7bf2-f400-4c38-99f1-4fb9c220df7a,2006-04-09,,1-й тур парламентских выборов в Венгрии.
010a8119-7000-4583-8399-fa52c2f7f09f,2006-04-10,,во Франции отменён скандальный закон о трудоустройстве. Президент Франции Жак Ширак под давлением со стороны студентов и профсоюзных движений согласился заменить принятую редакцию «договора первого найма» на другой законопроект.
010ac40b-fc00-482f-81b3-8e2266c19922,2006-04-23,,"2-й тур парламентских выборов в Венгрии, социал-демократы Ференца Дьюрчаня удержались у власти."
010ace58-7400-4d32-b343-358d7e28f3a9,2006-04-25,,Иран заявил о готовности предоставить ядерные технологии в распоряжение других стран.
010ad8a5-7c00-4a11-b28f-9f03c530a84d,2006-04-27,,открыт астероид 2006 HZ51.
010af264-f800-4ea9-9b04-81216aee82f9,2006-05-02,,президент Боливии Эво Моралес объявил о национализации нефтегазовой отрасли страны.
010af78b-7400-4946-8cde-5abf97db3b4d,2006-05-03,,"в 2.15 по московскому времени в районе Сочи разбился пассажирский самолёт А-320 армянской авиакомпании «Армавиа», выполнявший рейс Ереван—Сочи. Все 113 человек, находившиеся на борту, погибли. Самолёт, выполняя заход на посадку в сложных метеоусловиях, упал в море."
010b1b97-f800-46e3-a030-bfeab9f1e351,2006-05-10,,в США на АЭС от облучения пострадали более 100 рабочих.
010b20be-7400-4e28-a68e-b5d6fb697782,2006-05-11,,на Сахалине разбился вертолёт Ми-14 в Охотском море. 1 человек погиб.
010b3031-7800-41f9-865b-a45966a71412,2006-05-14,,"после победы на президентских выборах на Гаити Рене Преваля, временный президент Бонифас Александр ушёл в отставку."
010b3557-f400-4d4b-8cdc-f750db7d59db,2006-05-15,,США ввели санкции против Венесуэлы «за недостаточное сотрудничество в борьбе с терроризмом». Было принято решение ввести эмбарго на экспорт вооружений в Венесуэлу.
010b3557-f400-4894-9ac7-00eedcf1c32b,2006-05-15,,"США приняли решение исключить Ливию из списка стран, поддерживающих террористические организации, и возобновить с ней нормальные дипломатические отношения. Это решение стало кульминацией начавшегося тремя годами ранее процесса возвращения Ливии к нормальным отношениям с мировым сообществом. Так, Ливия добровольно отказалась от продолжения ядерной военной программы. В списке стран спонсоров терроризма, составленного Госдепом США, были также Иран, Куба, Северная Корея, Судан, Сирия."
010b7d70-fc00-4b74-9437-7b0fcb7b6811,2006-05-29,,"в Кабуле американская военная колонна наехала на несколько легковых машин. Пять афганцев погибли на месте. Американские солдаты открыли огонь по безоружной толпе и количество жертв достигло 20. Возмущённая толпа двинулась с места трагедии в центр Кабула, по пути поджигая машины, нападая на полицейские блокпосты, разбивая окна и в зданиях иностранных организаций. Сотрудников посольства США срочно эвакуировали в расположение войск (в Кабуле 23000 американских военнослужащих). В город введены танки."
010b949d-7a00-46bb-ae6a-0e09c216ca8c,2006-06-02,2006-06-03,парламентские выборы в Чехии.
010b9730-7800-460a-99bb-151ae1806a97,2006-06-03,,Распад Югославии: провозглашение независимости Черногории от Государственного Союза Сербии и Черногории.
010ba17d-7000-4f26-af6a-9499e6c3fbdb,2006-06-05,,Распад Югославии: провозглашение независимости Сербии от Государственного Союза Сербии и Черногории.
010ba6a3-7c00-4417-921f-f2eac85f1607,2006-06-06,,"дата, сочетание цифр которой (6.6.06) можно представить в виде числа зверя (666), что вызвало серию публикаций в прессе по всему миру. В этот же день на большие экраны вышел ремейк фильма «Омен» (в российском кинопрокате получивший название «Омен 666»)."
010bb616-f000-4cf1-8a4f-37397b27fa85,2006-06-09,,открытие чемпионата мира по футболу в Германии.
010bd4fc-f800-4a66-be0b-8647a603e9be,2006-06-15,,глава корпорации «Microsoft» Билл Гейтс заявил о своём намерении с июля 2008 года уйти с поста Председателя совета директоров компании.
010bdf49-7000-4c7a-9dcb-9ca9021ad6cc,2006-06-17,,"парламентские выборы в Словакии, формирование коалиции социал-демократической партии Курс — социальная демократия, популистского Движения за демократическую Словакию и националистической Словацкой национальной партии."
010c2762-7800-40b9-94c8-a3a8457c4eb5,2006-07-01,,начало информационного вещания телеканала «Вести».
010c2c88-f400-4ca7-8f61-f2cf7c47f0b1,2006-07-02,,на президентских выборах в Мексике победил Фелипе Кальдерон.
010c31af-7000-4cbf-821c-86b3a3dd7707,2006-07-03,,астероид 2004 XP14 пролетел на расстоянии 432 308 километров от поверхности Земли.
010c36d5-fc00-45a6-83e1-3fb155db7a1d,2006-07-04,,"115-й старт (STS-121) по программе Спейс Шаттл. 32-й полёт шаттла Дискавери. Экипаж — Стивен Линдсей, Марк Келли, Майкл Фоссум, Пирс Селлерс, Лиза Новак, Стефани Уилсон, Томас Райтер (Германия)."
010c5095-7800-4364-9528-ab6be1a081c3,2006-07-09,,В Иркутске разбился Airbus A310 авиакомпании Сибирь. Погибли 125 человек.
010c5095-7800-4d55-9c98-7b73cff91e34,2006-07-09,,"Закрытие чемпионата мира по футболу в Германии; сборная Италии, победив французов в серии послематчевых пенальти, стала чемпионом мира."
010c55bb-f400-4845-a586-99ae9f8541f2,2006-07-10,,Вторая чеченская война: в Ингушетии уничтожен в результате спецоперации (по другим данным — погиб из-за неосторожного обращения со взрывчаткой) один из лидеров террористов Шамиль Басаев.
010c5ae2-7000-4c3f-b32d-a7578af717ef,2006-07-11,,Майкрософт прекратила поддержку ОС Windows 98 и Windows Me.
010c6008-7c00-4459-9ca5-4654a3be151e,2006-07-12,,начало войны Израиля с Ливаном.
010c74a1-fc00-451d-a582-48e8ad3b0630,2006-07-15,2006-07-17,в Санкт-Петербурге состоялся саммит глав стран «Большой восьмёрки».
010cbcba-f400-4103-8c58-189668cfff8c,2006-07-30,,"трагедия в Кане: разрушение трёхэтажного жилого дома в Ливане в результате израильской бомбардировки, унёсшее жизни 28 мирных жителей."
010cc1e1-7000-4bed-a550-91db36bb2f01,2006-07-31,,вошла в обращение купюра номиналом в 5000 рублей.
010ceb14-7000-4d21-868a-d67f35a9f503,2006-08-08,,"в Буйнакске (Дагестан) на пути следования автомобиля прокурора Буйнакска Битара Битарова была взорвана припаркованная у обочины автомашина. Битаров скончался в больнице. Через час после взрыва из Махачкалы в Буйнакск выехал глава МВД Республики Дагестан Адильгерей Магомедтагиров. В районе селения Талги на дороге сработали два взрывных устройства, раздались автоматные очереди. Магомедтагиров находился в бронированном автомобиле и поэтому не пострадал. Двое сопровождавших его милиционеров погибли, ещё один получил ранения. Бандитам удалось скрыться с места покушения."
010d28e0-7000-4eb6-b2ca-ca17b562b427,2006-08-20,,в результате бандитского нападения ранен посол Российской Федерации в Кении Валерий Егошкин.
010d2e06-fc00-4a91-be3f-2838c254f007,2006-08-21,,взрыв на Черкизовском рынке в Москве.
010d332d-7800-4c4c-9cf7-688a88d80fc5,2006-08-22,,"в 10 км юго-западнее Торецка (Донецкая область, Украина) потерпел крушение рейс 612 Пулковских авиалиний, следовавший из Анапы в Санкт-Петербург."
010d3d79-f000-4dc5-9199-1bcd1a6355ce,2006-08-24,,С Плутона сняли статус девятой планеты Солнечной системы и присвоили статус карликовой планеты.
010d3d79-f000-46d7-8fef-7482036da560,2006-08-24,,Иран официально отказался от предложений международных посредников остановить программу обогащения урана в обмен на экономические льготы.
010d4cec-f400-4e7c-b0b7-c769cf67751d,2006-08-27,,"в Лексингтоне (Кентукки) при взлёте разбился самолёт Bombardier CRJ-100ER компании Comair, погибли 49 человек."
010d6186-7400-4ecb-8ffc-6381d31ee7e4,2006-08-01,2006-09-30,массовые беспорядки в Кондопоге (Россия).
010d66ac-f000-4ba8-8ab0-e8ad3dee9441,2006-09-01,,"в аэропорту Мешхеда произошла катастрофа самолёта Ту-154М компании Iran Air Tours, погибли 28 человек."
010d7b46-7000-4dd4-b2ab-49a508a797a5,2006-09-05,,"трое арестантов, вооружённые обрезками арматуры, ворвались в кабинет руководства СИЗО на Капотне и взяли в заложники начальника следственного изолятора и 14 сотрудников учреждения. Главным требованием захватчиков был пересмотр их уголовных дел: двое нападавших были осуждены на 25 лет за убийство, ещё один — на 9 лет за разбой."
010d806c-fc00-4a90-94b2-6580e1461b3f,2006-09-06,,"при нахождении на полигоне в Баренцевом море с 505-м экипажем на борту, на атомной подлодке Северного флота «Даниил Московский» возник пожар в электромеханическом отсеке. Сработала аварийная защита, реакторы остановились, мичман Шабанов и матрос контрактной службы Этюев, первыми вступившие в борьбу с огнём, получили смертельное отравление угарным газом. Их эвакуировали на подошедшее спасательное судно, но спасти уже не смогли. Пожар был ликвидирован и лодка при помощи надводных судов была отбуксирована на базу в Видяево."
010d8fdf-f000-4023-95b4-42c51bf799c6,2006-09-09,,"116-й старт (STS-115) по программе Спейс Шаттл. 27-й полёт шаттла Атлантис. Экипаж — Джетт Брент, Кристофер Фергюсон, Джозеф Таннер, Дэниел Бёрбэнк, Хайдемари Стефанишин-Пайпер, Стивен МакЛейн (Канада)."
010da1e5-f200-4008-ac11-613ed7971dff,2006-09-12,2006-09-13,"II Съезд лидеров мировых и традиционных религий (Астана, Казахстан)."
010dbe38-fc00-44d5-9368-2785952f3d1f,2006-09-18,,"старт Союз ТМА-9 с четырнадцатой экспедицией МКС. Экипаж старта — М. В. Тюрин, М. Лопес-Алегриа (Испания-США) и А. Ансари (Иран-США) — первая женщина — космическая туристка."
010dcdab-f000-49a4-a3f2-eaf748e97882,2006-09-21,,конфликт России и Японии вокруг проекта «Сахалин-2».??
010dd2d2-7c00-45e1-8357-d034d6d4f059,2006-09-22,,с космодрома Утиноура с помощью ракеты-носителя M-V запущен японский научный спутник Hinode для исследования в области физики Солнца.
010df1b8-7400-4a44-bcd2-4daeff3f684a,2006-09-28,,"В Санкт-Петербурге прошла церемония перезахоронения праха императрицы Марии Фёдоровны, матери последнего русского императора Николая II. Было исполнено её желание быть похороненной рядом с мужем Александром III в Великокняжеской усыпальнице Петропавловской крепости."
010df6de-f000-4051-97fe-ab0b51468362,2006-09-29,,"Приземление космического корабля Союз ТМА-8. Экипаж посадки — П. В. Виноградов, Д. Уильямс (США) и А. Ансари (Иран-США)."
010df6de-f000-4e06-a386-b1635a2b96c7,2006-09-29,,"Над Амазонией столкнулись самолёты Boeing 737-8EH бразильской авиакомпании Gol Transportes Aéreos и частный самолёт Embraer EMB-135BJ Legacy 600 авиакомпании ExcelAire, погибли 154 человека. На тот момент это была крупнейшая авиакатастрофа в Бразилии и в истории Boeing 737."
010e0651-f400-4ee5-b9ef-4415b04ddd21,2006-10-02,,Грузия освободила арестованных российских офицеров.
010e0651-f400-47a5-a0d0-e62ebb8c1fdb,2006-10-02,,Нобелевская премия по медицине за 2006 год присуждена Эндрю Файеру и Крейгу Мелло.
010e0b78-7000-499b-8d18-0ac1a06d5f8e,2006-10-03,,нобелевская премия по физике за 2006 год присуждена Джону Мэтеру и Джорджу Смуту.
010e0e0b-7e00-405f-850b-a43d7cb83f8f,2006-10-03,2006-10-04,"III форум приграничных регионов Казахстана и России (Уральск, Казахстан)."
010e109e-fc00-4956-b6e8-f4ad7dab510f,2006-10-04,,Москва получила право на проведение Финала Лиги чемпионов УЕФА сезона 2007/2008. 21 мая 2008 года в финальном матче турнира встретились английские команды «Манчестер Юнайтед» и «Челси».
010e109e-fc00-4bfb-af43-1e364c7082d1,2006-10-04,,Нобелевская премия по химии за 2006 год присуждена Роджеру Корнбергу.
010e2011-f000-4cfc-8630-616210f66624,2006-10-07,,в Москве в подъезде своего дома убита обозреватель «Новой газеты» журналист Анна Политковская.
010e2538-7c00-4748-95e6-3c25789499af,2006-10-08,,второй Единый день голосования.
010e2a5e-7800-46f5-9ba8-eeebb9a890c0,2006-10-09,,первое испытание Северной Кореей ядерного оружия.
010e2f84-f400-4d01-919c-fcff93a5dd20,2006-10-10,,Начало работы социальной сети ВКонтакте.
010e2f84-f400-4fe6-977e-da3b7fb9b4fe,2006-10-10,,Президент РФ Владимир Путин и федеральный канцлер ФРГ Ангела Меркель открыли в Дрездене памятник Фёдору Михайловичу Достоевскому работы народного художника России Александра Рукавишникова.
010e2f84-f400-433f-b25c-b99fad96685f,2006-10-10,,"При посадке в норвежском аэропорту Стур произошла катастрофа самолёта BAe 146 компании Atlantic Airways, погибли 4 человека."
010e34ab-7000-48e6-ae01-9baed7079457,2006-10-11,,русская Википедия стала самой цитируемой энциклопедией в Рунете.
010e39d1-7c00-4bf1-98bb-cd0baedae466,2006-10-12,,"в дом в Нью-Йорке врезался самолёт, в котором находился бейсболист Кори Лайдл."
010e3ef7-f800-4f8a-9b45-9a816d75ce45,2006-10-13,,"россиянин Владимир Крамник был провозглашён абсолютным чемпионом мира по шахматам после победы в матче над болгарином Веселином Топаловым. Этим был положен конец расколу шахматного мира, произошедшему за 13 лет до этого (в 1993)."
010e4944-f000-4f3f-8bda-cd8a1a8e8025,2006-10-15,,создана террористическая организация «Исламское государство».
010e5391-7800-4992-a4c5-47965ffc85dc,2006-10-17,,официально подтверждено получение 118-го элемента.
010e6d51-7400-4670-ac47-5aa314b11a16,2006-10-22,,немецкий гонщик Михаэль Шумахер завершил профессиональную карьеру.
010e779d-fc00-4dc3-9ba4-6db08d65b64b,2006-10-24,,Внешторгбанк и Внешторгбанк 24 были переименованы в ВТБ и ВТБ-24.
010e779d-fc00-4802-a2ea-4c52a62a4728,2006-10-24,,Российский нападающий «Баффало Сейбрз» Максим Афиногенов признан лучшим игроком недели в НХЛ.
010e779d-fc00-4211-8772-d94c7098a3ad,2006-10-24,,Стартовал очередной сезон баскетбольной Евролиги 2006/2007.
010e9683-f400-488d-82ba-8dd3bf4ea744,2006-10-30,,российский нападающий «Атланта Трэшерз» Илья Ковальчук признан лучшим игроком недели в НХЛ.
010e9baa-7000-448a-9e4c-edae7a3bec03,2006-10-31,,в Японии стартовал женский чемпионат мира по волейболу.
010eb56a-7c00-45b9-8407-12026e59c020,2006-11-05,,"Саддам Хусейн, Аввад Хамид аль-Бандар и Барзан Ибрагим ат-Тикрити приговорены Иракским трибуналом к смертной казни через повешение."
010ec4dd-7000-4c73-b92d-30bd7eec0902,2006-11-08,,Microsoft официально завершила разработку ОС Windows Vista и передала её своим «Золотым партнёрам».
010ed450-7400-4f5b-86de-1a698e76f848,2006-11-11,,в продажу на территории Японии поступила игровая консоль PlayStation 3.
010efd83-7400-47aa-a949-ec61d53d6155,2006-11-19,,начало продаж игровой приставки Nintendo Wii на территории США.
010f69a8-f000-4a06-8043-c3b6497666cc,2006-12-10,,"117-й старт (STS-116) по программе Спейс Шаттл. 33-й полёт шаттла Дискавери. Экипаж — Марк Полански, Уильям Офелейн, Роберт Курбим, Николас Патрик, Джоан Хиггинботэм, Кристер Фуглесанг (Швеция), Сунита Уильямс."
010fd0a7-f000-4afa-8755-846be1fa80eb,2006-12-30,,казнён экс-президент Ирака Саддам Хусейн.
010fd5ce-7c00-46fa-af6f-c8f4c95b5b70,2006-12-31,,Беларусь и «Газпром» договорились о поставках газа по более высокой цене
010fdaf4-f800-4397-ba88-54846d18dbec,2007-01-01,,"Красноярский край, Таймырский (Долгано-Ненецкий) и Эвенкийский автономные округа объединились в единый субъект Российской Федерации — Красноярский край."
010fdaf4-f800-46dd-ab79-92f8131aab4c,2007-01-01,,Закон 255-ФЗ от 29.12.2006 отменил больничный лист по уходу за здоровым ребёнком.
010fdaf4-f800-40d3-8e47-8930599ba5c7,2007-01-01,,Словения ввела евро.
010fdaf4-f800-4c00-b780-23e5e6f64ec5,2007-01-01,,"Болгария и Румыния вступили в Европейский союз. Болгарский, ирландский и румынский стали официальными языками ЕС (присоединяясь к 20 другим языкам)."
010fdaf4-f800-474e-ab44-8f89e8c26ba3,2007-01-01,,Пан Ги Мун стал Генеральным секретарём ООН.
010fdaf4-f800-435f-9222-14ac5d0ee408,2007-01-01,,"Авиакатастрофа в Индонезии. Самолёт Boeing 737, принадлежавший компании «Adam Air» (рейс Джакарта — Сурабая — Манадо), упал в Яванское море. Погибли все находившиеся на его борту 102 человека — 96 пассажиров и 6 членов экипажа."
010fdaf4-f800-462a-b615-077cbd87a5df,2007-01-01,,Ангола вступила в ОПЕК.
010fdaf4-f800-4f6e-9a6c-4b0a2967e8ae,2007-01-01,,Война в Сомали: силы Союза исламских судов оставили свой последний укреплённый пункт Кисмайо и отступили к границе с Кенией.
010fdaf4-f800-41c0-b6b2-c9e751b82370,2007-01-01,,Вступил в силу Закон о полномочиях общественной палаты Абхазии.
01101b54-7600-4819-9775-2ebd7f33a751,2007-01-06,2007-01-21,ралли Дакар 2007.
01100427-7800-48c8-96ce-892929ea3a62,2007-01-09,,компания Apple представила первое поколение смартфона iPhone.
01100e74-7000-49b0-8492-4293d72b9bdb,2007-01-11,,"Вьетнам вступил в ВТО, став 150-м членом этой организации."
0110230d-f000-4029-bf93-d3f44a34b9a0,2007-01-15,,повешены единоутробный брат Саддама Хусейна и глава военной разведки Ирака Барзан Ибрагим ат-Тикрити и председатель революционного суда Ирака Аввад Хамид аль-Бандар.
01103280-f400-4555-8d0f-e4bcb776d4af,2007-01-17,2007-01-19,ураган «Кирилл» прошёл над большей частью Европы.
0110704d-7400-428a-af8f-46fdd46ebd69,2007-01-30,,операционная система Windows Vista официально поступила в продажу в России.
01108a0c-f000-4f7d-bc6a-c78daa69b7da,2007-02-04,,в Санкт-Петербурге у вестибюля станции метро «Владимирская» произошёл взрыв.
01109ea6-7000-48e3-851f-4fbd640a627d,2007-02-08,,танцор фламенко и цыганский активист Хоакин Кортес стал послом цыган в Европейском союзе.
0110a8f2-f800-4c64-a10c-dd04e9bc7f53,2007-02-10,,президент России В. В. Путин произнёс «Мюнхенскую речь».
0110bd8c-7800-4802-a7d3-14b5d09ba3d8,2007-02-14,,Гурбангулы Бердымухамедов вступил в должность Президента Туркменистана.
0110d225-f800-4001-8f8f-9244f273998a,2007-02-18,,взрыв ресторана «Макдоналдс» в Санкт-Петербурге.
0110e198-fc00-4be4-abc8-1fe8bcd1c3f3,2007-02-21,,премьер-министр Италии Романо Проди подал в отставку.
01110acb-fc00-48f3-85f5-884f10b71366,2007-03-01,,начало Второй Московской биеннале современного искусства. Она продлилась до 1 апреля.
01110ff2-7800-44b6-850a-0f5484e761ff,2007-03-02,,Рамзан Кадыров утверждён парламентом Чеченской Республики на посту президента республики. Его кандидатура была внесена президентом России 1 марта.
01115d31-fc00-4d5c-8acd-e0816056d145,2007-03-17,,"при заходе на посадку в Самарский аэропорт Курумоч потерпел крушение самолёт Ту-134, погибли 6 человек."
01116257-f800-4798-8b49-fd40b1896616,2007-03-18,,"запуск системы оплаты общественного транспорта PASMO в Токио, Япония."
0111677e-7400-4a3c-b45b-c64bfd2b93af,2007-03-19,,"взрыв метана на угольной шахте «Ульяновская» в Кемеровской области. Спасено 93 человека, число погибших составило 110 человек."
01117c17-f400-4373-ab9d-96e568b80698,2007-03-23,,"в Сомали сбит белорусский самолёт Ил-76ТД, 11 погибших."
011190b1-7400-4cb5-8cfe-7638b1788c04,2007-03-27,,"подписан договор «О государственной границе между Россией и Латвией». Латвия отказалась от территориальных претензий относительно Пыталовского района Псковской области, входившего до Второй мировой войны в состав латвийской области Латгале."
0111af97-7c00-4c8e-9b67-88ec74dee674,2007-04-02,,президент Украины Виктор Ющенко издал указ о роспуске Верховной Рады. Коалиция отказалась признавать указ.
0111b4bd-f800-4101-850d-7d60a7a8cbd2,2007-04-03,,"во Франции электропоездом TGV POS был установлен мировой рекорд скорости — 578,8 км/ч."
0111b9e4-7400-4316-ae4e-d57fc0fb9765,2007-04-04,,Серж Саргсян стал премьер-министром Армении.
0111bf0a-7000-4081-ab74-2a6c7df91ef5,2007-04-05,,у берегов острова Тира затонул круизный лайнер «Sea Diamond».
0111c957-7800-4199-9e4b-53ca4e2cd974,2007-04-07,,"старт космического корабля Союз ТМА-10. Экипаж старта — Ф. Н. Юрчихин, О. В. Котов и Ч. Шимоньи (Венгрия-США)."
0111f7b0-7400-4499-b40e-d2d9b7df9040,2007-04-16,,"Чо Сын Хи совершил массовый расстрел в Политехническом институте штата Виргиния, выпускником которого он являлся. Убив 32 и ранив ещё 25 человек, он покончил с собой выстрелом в голову."
01121170-7000-4794-aab7-36924218bc57,2007-04-21,,"приземление космического корабля Союз ТМА-9. Экипаж посадки — М. В. Тюрин, М. Лопес-Алегриа (Испания-США) и Ч. Шимоньи (Венгрия-США)."
01121bbc-f800-4580-8c2f-f939be8a6693,2007-04-23,,с индийского космодрома Шрихарикота с помощью ракеты-носителя PSLV-C8 запущен итальянский астрономический спутник AGILE.
011220e3-7400-480c-b375-3ca3b4d0821b,2007-04-24,,открытие планеты Глизе 581c.
01123056-7800-4470-ade9-c428a003d129,2007-04-27,,В Эстонии перенесён памятник советскому воину-освободителю Бронзовый солдат.
01123056-7800-4315-9d57-df9902319c4c,2007-04-27,,В Москве и Мытищах стартовал ежегодный чемпионат мира по хоккею с шайбой. Он продлился до 13 мая.
01125989-7800-478b-bf98-5deab3a82dee,2007-05-05,,"в Дуале произошла катастрофа самолёта Boeing 737—800 компании Kenya Airways, погибли 114 человек. Крупнейшая авиакатастрофа в Камеруне."
01127d95-fc00-46af-b5c0-b683d59f9cbd,2007-05-12,,финал песенного конкурса Евровидение 2007 в Хельсинки (Финляндия).
01128d08-f000-4f6d-be91-c4680ed7ac8a,2007-05-15,,выход из строя значительной части сети IP японского оператора NTT. В результате миллионы пользователей в большей части Восточной Японии потеряли связь на 7 часов.
01129755-7800-4c0e-b6c3-3a14cdc7ce39,2007-05-17,,"в московском Храме Христа Спасителя Патриарх Московский и всея Руси Алексий II и Первоиерарх РПЦЗ митрополит Восточно-Американский и Нью-Йоркский Лавр подписали «Акт о каноническом общении», документ, положивший конец разделению между Русской Зарубежной Церковью и Московским Патриархатом."
01129c7b-f400-4772-95d0-d4739623c449,2007-05-18,,"саммит Россия — ЕС (Самара, Россия)."
0112abee-f800-4c75-9260-417c3865ac24,2007-05-21,,"на всемирно известном клипере «Катти Сарк» произошёл пожар, серьёзно повредивший корабль."
0112bb61-fc00-45a6-a878-3a2d94dff666,2007-05-24,,"авария на шахте «Юбилейная» в Новокузнецке, в результате которой погибло 39 человек."
0112cffb-7c00-4242-bedb-b63ecb9cf3c0,2007-05-28,,всероссийский форум «Здоровье и табак».
0112da48-7400-4489-907e-e2559f1c2756,2007-05-30,,"Совет Безопасности ООН учредил Специальный трибунал по Ливану, для уголовного преследования виновных в убийстве премьер-министра страны Рафика Харири."
011308a1-7000-455d-96d6-bcc6b9a81979,2007-06-08,,"118-й старт (STS-117) по программе Спейс шаттл. 28-й полёт шаттла Атлантис. Экипаж — Фредерик Стеркоу, Ли Аршамбо, Джеймс Рейли, Стивен Свэнсон, Патрик Форрестер, Джон Оливас, Клейтон Андерсон. Продолжение строительства Международной космической станции."
011308a1-7000-4d3d-9f12-9888b455a8e9,2007-06-08,,«Game Jam» — конкурс обучающих игр для ноутбука ХО (One Laptop Per Child).
011312ee-7800-4531-ab2c-4f29dd9a9279,2007-06-10,,в Москве открылся XIII Международный конкурс имени П. И. Чайковского.
01132cad-f400-4e36-809d-51f712b90622,2007-06-15,,с космодрома Байконур с помощью ракеты-носителя Днепр запущен немецкий спутник TerraSAR-X.
0113602d-7c00-43a7-91b0-e8ea913598dc,2007-06-25,,"Авария на шахте «Комсомольская» в Воркуте. 11 человек погибли, двое пострадали."
0113602d-7c00-4402-9f35-2526038309db,2007-06-25,,"Катастрофа Ан-24 под Сиануквилем, 22 погибших."
01139640-7200-4479-a2c3-c4a24535bbd3,2007-06-26,2007-07-15,в Венесуэле прошёл 42-й Кубок Америки по футболу.
01136553-f800-464f-b068-a4f43b789dc9,2007-06-26,,открылся первый частный телеканал в Абхазии «Абаза ТВ»
011374c6-fc00-471b-8e0d-025e07ae0500,2007-06-29,,Опубликована окончательная версия GPLv3.
011374c6-fc00-4129-ad80-d31f63d2c4ad,2007-06-29,,Началась продажа первого поколения смартфона iPhone.
01137f13-f400-472b-95ea-744120f64047,2007-07-01,,Камчатская область и Корякский автономный округ объединились в Камчатский край.
01138e86-f800-4ecb-b2be-a22c5b024816,2007-07-04,,на сессии МОК в Гватемале Сочи выбран местом проведения XXII зимних Олимпийских игр 2014 года.
01139df9-fc00-488f-83b2-3053e75f2b7a,2007-07-07,,состоялся международный музыкальный фестиваль Live Earth с целью привлечения внимания к проблеме глобального потепления.
0113b7b9-f800-498a-84e8-912064c8769d,2007-07-12,,Багдадский авиаудар.
0113d179-7400-4f02-ae1a-a801478e504f,2007-07-17,,катастрофа A320 в Сан-Паулу — крупнейшая в Бразилии (199 погибших).
0113e0ec-7800-487e-9a27-01227360ffef,2007-07-20,,Первое заседание Общественной палаты Абхазии.
0113e612-f400-468f-bbb7-5373eb58229a,2007-07-21,,"поступила в продажу последняя, седьмая книга о Гарри Поттере — «Гарри Поттер и Дары Смерти» (англ. Harry Potter and the Deathly Hallows)."
0114146c-7000-481a-bbce-35d4dc03bfc1,2007-07-30,,основан сборник интернет-мемов Lurkmore.ru
01141992-7c00-448a-aec9-e9641c3fef56,2007-07-31,,в Дубае основана RERA (Real Estate Regulatory Authority — орган по регулированию сектора недвижимости Дубая).
01141eb8-f800-456a-9896-e38a6adcf54e,2007-08-01,,"обрушение восьмиполосного одноарочного моста I-35W через реку Миссисипи в Миннеаполисе (США). 13 человек погибли, более 100 получили ранения, около 30 числятся пропавшими без вести."
011423df-7400-43fc-bbc6-30e91551b28a,2007-08-02,,"на глубоководных обитаемых аппаратах Мир впервые в мире было достигнуто дно Северного Ледовитого океана на северном полюсе, где был размещён Российский флаг и капсула с посланием будущим поколениям."
01142e2b-fc00-4741-ac6b-92fff1d77dbc,2007-08-04,,"с космодрома Канаверал с помощью ракеты-носителя Дельта-2 запущена американская АМС Phoenix, предназначенная для исследования Марса."
011442c5-7c00-448e-b05e-8d15522bf522,2007-08-08,,"119-й старт (STS-118) по программе Спейс шаттл. 20-й полёт шаттла Индевор. Экипаж — Скотт Келли, Чарльз Хобо, Давид Уильямс (Канада), Барбара Морган, Ричард Мастраккио, Трейси Колдуэлл, Алвин Дрю. Продолжение строительства Международной космической станции."
011447eb-f800-475e-adcc-4218ee15f0df,2007-08-09,,катастрофа DHC-6 на Муреа.
01145c85-7800-4da3-b596-8d3b730e9d0c,2007-08-13,,авария поезда «Невский экспресс». Официальная версия — теракт. Ранено 60 человек
011461ab-7400-41f0-b9f7-69bcc371eec6,2007-08-14,,с помощью европейской РН Ариан 5ECA с космодрома Куру во Французской Гвиане был осуществлён запуск двух телекоммуникационных спутников — американского SpaceWay F3 и японского BSat-3a.
0114b17e-7600-46c0-9b93-ebfcf98a9ed7,2007-08-29,2007-08-30,инцидент с ядерными боезарядами в ВВС США.
0114b937-f000-484f-86b0-62cfda856ca8,2007-08-31,,"Официальный отчёт о расследовании обстоятельств гибели принцессы Дианы, приуроченный к 10-летию трагедии."
0114b937-f000-4bb9-b2ca-5f32f4209600,2007-08-31,,Официальный выпуск вокалоида Хацунэ Мику.
0114be5d-fc00-4d6b-941f-6180ec624360,2007-09-01,,ВГТРК создала ТВ канал Бибигон.
0114ecb7-7800-4bb9-9082-64678c1e7718,2007-09-10,,началось строительство Центра Гейдара Алиева.
0114f703-f000-4985-993f-cea220cbd51e,2007-09-12,,Правительство Михаила Фрадкова ушло в отставку.
0114fc2a-7c00-48d6-a76a-1e24bc788d03,2007-09-13,,"закончился приём заявок на проведение Летних Олимпийских игр 2016 года. Заявки подали Баку, Токио, Доха, Мадрид, Прага, Чикаго и Рио-де-Жанейро."
01150150-f800-4877-8550-11a3daeb8c55,2007-09-14,,Новым премьер-министром России назначен Виктор Зубков.
01150150-f800-4ac6-9efe-b6305c2a2205,2007-09-14,,"С космодрома Танегасима с помощью ракеты-носителя H-IIA запущена японская АМС Кагуя, предназначенная для исследования Луны."
01150b9d-7000-48d4-afd4-14589e3d6bde,2007-09-16,,"Мужская сборная России по баскетболу одержала победу в чемпионате Европы по баскетболу, переиграв в финальном матче сборную Испании со счётом 60:59."
01150b9d-7000-4931-87b4-8020b0b46928,2007-09-16,,Катастрофа MD-82 в Пхукете.
011539f6-fc00-497a-ade0-459dd5e5e21b,2007-09-25,,"Старт Шэньчжоу-7 (Китай). Экипаж — Чжай Чжиган, Цзян Хайпэн, Лю Бомин. Продолжительность полёта — 2 дня 20 часов. Первый выход в открытый космос китайского космонавта."
011539f6-fc00-47f0-bc19-40240ca61788,2007-09-25,,"В Нижневартовске открыт памятник татарскому поэту, Герою Советского Союза, участнику Великой Отечественной войны Мусе Джалилю."
01154443-7400-4b9a-8578-f1dc80f0f5d8,2007-09-27,,"с космодрома Канаверал с помощью ракеты-носителя Дельта-2 запущена американская АМС Dawn (Рассвет), предназначенная для исследования астероидов Веста и Церера."
011553b6-7800-45d2-857f-152a5643f3c9,2007-09-30,,досрочные выборы в Верховную Раду Украины. По их результатам с незначительным преимуществом побеждает коалиция БЮТ-НУНС.
0115684f-f800-40df-aeac-6bda040ca336,2007-10-04,,катастрофа Ан-26 под Киншасой. 52 погибших (21 в самолёте + 31 на земле).
01156ae2-f600-4f62-a015-fcd7655f7f01,2007-10-03,2007-10-06,"IV форум приграничных регионов Казахстана и России (Новосибирск, Россия)."
0115729c-f000-4278-b1a7-39608fbce64a,2007-10-06,,Михаил Фрадков назначен директором Службы внешней разведки (СВР) РФ.
011577c2-fc00-48c7-8f08-940574b68f45,2007-10-07,,Вторая чеченская война: Докой Умаровым упразднена Ичкерия и провозглашён Имарат Кавказ.
01158735-f000-4fff-81eb-40bf7121bf34,2007-10-10,,"старт космического корабля Союз ТМА-11. Экипаж старта — Ю. И. Маленченко, П. Уитсон (США) и Шейх Музафар Шукор (Малайзия)."
0115a61c-7800-46cb-bae2-4f8fe01fa5ba,2007-10-12,2007-10-20,в Вашингтоне состоялся 3-й Solar Decathlon.
011596a9-7400-42ad-b3ad-cad9924c6e11,2007-10-13,,В продажу поступила 7-я книга о Гарри Поттере (русский перевод).
011596a9-7400-4f79-abe4-25f39818dbb2,2007-10-13,,Взрыв газа в жилом доме в Днепропетровске (Украина). Погибли 23 человека.
0115b068-f000-40eb-8be0-d95082b075d4,2007-10-18,,"Беназир Бхутто вернулась в Пакистан после 8 лет вынужденной ссылки. В Карачи во время следования её кортежа произошёл теракт — в толпе встречающих её сторонников прогремело два взрыва. Погибло более 130 человек, около 500 ранены."
0115bfdb-f400-433d-9da6-28af0b092faf,2007-10-21,,"приземление космического корабля Союз ТМА-10. Экипаж посадки — Ф. Н. Юрчихин, О. В. Котов и Шейх Музафар Шукор (Малайзия)."
0115ca28-fc00-4ba7-a596-77962fde1aca,2007-10-23,,"120-й старт (STS-120) по программе Спейс шаттл. 34-й полёт шаттла Дискавери. Экипаж — Памела Мелрой, Джордж Замка, Скотт Паразински, Дуглас Уилок, Стефани Уилсон, Паоло Несполи (Италия), Дэниел Тани."
0115ca28-fc00-42ca-b148-e56e1cda3674,2007-10-23,,"Взрыв в маршрутном такси в Дагестане, произведённый террористкой-смертницей, 1 человек погиб и 8 получили ранения."
0115cf4e-f800-4a9b-a340-6ad97e4396b1,2007-10-24,,"с космодрома Сичан с помощью ракеты-носителя Чанчжэн-3А запущена китайская АМС Чанъэ-1, предназначенная для исследования Луны."
0115d475-7400-4ee5-9aee-9e7f4025f912,2007-10-25,,США ввели дополнительные финансовые санкции против Ирана. Американским предпринимателям и частным лицам были запрещены даже опосредованные связи с контролируемыми министерством обороны Ирана более чем 20 иранскими банками и компаниями.
0115d99b-f000-48d2-a076-0b8a1ca0c5a3,2007-10-26,,"саммит Россия — ЕС (Мафра, Португалия)."
0115e3e8-7800-4b95-aa3d-39bd6d2d75d0,2007-10-28,,"выборы президента и членов Национального Конгресса в Аргентине. Кристина Фернандес Киршнер, супруга бывшего президента страны Нестора Киршнера, победила на президентских выборах."
0115f35b-7c00-4390-a7ec-5dd0a273a6e4,2007-10-31,,"взрыв автобуса в Тольятти, 8 человек погибло, более 50 ранено. Основная версия произошедшего — неосторожное обращение со взрывчаткой."
0115fda8-7400-4a1a-a741-63f5d5ae5cae,2007-11-02,,учебный барк Паллада отправился в кругосветное плавание.
011602ce-f000-49e4-a2f8-a470ebbe193f,2007-11-03,,президент и главнокомандующий Вооружённых сил Пакистана Первез Мушарраф ввёл в стране чрезвычайное положение и приостановил действие конституции. Официальной причиной стала активизация талибов на северо-западе страны. В Исламабад введены армейские подразделения. Приостановлена деятельность судебной системы страны — её заменил военный трибунал.
01161768-7000-4a3f-b313-3b7e3e9f546f,2007-11-07,,после 5 дней выступлений оппозиции в Грузии Михаил Саакашвили ввёл в стране чрезвычайное положение и обвинил Россию во вмешательстве во внутренние дела Грузии. МИД Грузии объявил персонами нон грата трёх российских дипломатов и отозвал посла Грузии в России для проведения консультаций.
011626db-7400-406c-863b-3edba8d63cc7,2007-11-10,,"в Пензе открыт памятник пензенским милиционерам, первый и единственный памятник в России, увековечивший участкового милиционера."
01162c01-7000-4e51-88a6-3b0bdc3750da,2007-11-11,,"выиграв у подмосковного «Сатурна», петербургский «Зенит» впервые становится чемпионом России по футболу."
01163b74-f400-4106-9a27-20156deda2ef,2007-11-14,,с помощью европейской ракеты-носителя Ариан 5ECA с космодрома Куру во Французской Гвиане был осуществлён запуск бразильского телекоммуникационного спутника Star One C1 и британского военного спутника связи Skynet 5B.
0116500d-f400-4a49-8068-c9662209edb9,2007-11-18,,"в Донецке (Украина) на шахте им. А. Ф. Засядько произошла самая крупная катастрофа на украинских угольных шахтах после обретения независимости в 1991 году — погиб 101 шахтёр. Через две недели, 1 декабря 2007, на том же горизонте произошёл второй взрыв — 52 горняка пострадали; на следующий день — 2 декабря 2007 — погибли 5 горноспасателей, занимавшихся ликвидацией последствий аварии."
0116500d-f400-49c7-b59b-75e599deb031,2007-11-18,,с помощью ракеты-носителя «Протон-М»/Бриз-М с космодрома Байконур был осуществлён запуск шведского телекоммуникационного спутника Сириус 4.
011664a7-7400-4e24-8508-a790450ebda9,2007-11-22,,"взрыв в пассажирском автобусе «Икарус», следовавшем из Пятигорска (Ставропольский край) во Владикавказ (Северная Осетия). Погибли 5 человек, 13 получили ранения. Мощность взрывного устройства составила 300 граммов в тротиловом эквиваленте."
01166ef4-7c00-4c4b-96ac-2050e7e8063b,2007-11-24,,беспорядки в Ингушетии. В ходе беспорядков арестовано около 100 человек.
0116838d-fc00-4bfe-bf11-e18cee2bf6c5,2007-11-26,2007-11-30,"30-я международная конференция Международного движения Красного Креста и Красного Полумесяца (Женева, Швейцария)."
01168dda-7400-4aea-bf90-f38764b37f2c,2007-11-30,,"катастрофа MD-83 под Ыспартой, 57 погибших."
01169826-fc00-4f14-a6e3-1008160464bf,2007-12-02,,Выборы в Государственную Думу Федерального Собрания Российской Федерации 5-го созыва. Четвёртый Единый день голосования в регионах.
0116bc33-f000-47e9-873a-35ff506e486d,2007-12-09,,"В киевском аэропорту Жуляны произошла авиакатастрофа, погибли 5 человек."
0116bc33-f000-49e4-9b0a-90c7dc02ad6b,2007-12-09,,"Взрыв в автобусе на автовокзале в Невинномысске (Ставропольский край), следовавшем рейсом из Пятигорска в Ставрополь. Погибли 2 человека, 14 получили ранения."
0116c159-fc00-4465-a8da-2b7deb5e4989,2007-12-10,,Дмитрий Медведев выдвинут кандидатом в Президенты РФ от «Единой России».
0116ff26-7c00-4c78-9830-1296b3bb1745,2007-12-22,,французская ракета-носитель Ариан 5 вывела на орбиту первый в истории африканский спутник.
0117044c-f800-4531-b227-f72708f6490f,2007-12-23,,Ислам Каримов переизбран на пост президента Республики Узбекистан.
01170972-f400-4681-8eb9-3823dd2daf58,2007-12-24,,состоялись первые торги Сибирского Аукционного Дома.
011718e5-f800-4412-a831-8eea367e2f49,2007-12-27,,"в Пакистане в городе Равалпинди произошёл теракт, в результате которого погибла Беназир Бхутто и ещё более 20 человек."
011732a5-f400-4506-a29f-aa53c0656aca,2008-01-01,,"Мальта, Кипр и Акротири и Декелия вошли в еврозону (ввели евро)."
011732a5-f400-41c3-8bb3-004f1180668b,2008-01-01,,председателем Евросоюза становится Словения.
01174218-f800-4c3d-8aeb-faf41c3f9f75,2008-01-04,,"из-за политической международной напряжённости и убийства 4 французских туристов 24 декабря 2007 года, Ралли «Дакар-2008» отменены."
0117473f-7400-4902-8b6b-df1fb2c3591c,2008-01-05,,президентские выборы в Грузии.
0117518b-fc00-4b8f-b28e-b447ea718fbd,2008-01-07,,"В этот День Православного Рождества впервые Арбатско-Покровская линия Московского метрополитена(синяя ветка) заработала наконец в режиме полноценного диаметра. Всю первую половину дня поезда по этой линии уже прямиком ходили от «Щёлковской» до «Молодёжной». Позже со второй половины дня так же вновь заработала станция «Крылатское», переданная в состав Арбатско-Покровской линии, а так же новая станция «Строгино»."
01177598-7000-4e79-b450-59bb242ce9cd,2008-01-14,,"зонд «MESSENGER» делает первый пролёт вблизи Меркурия, на орбиту же вокруг планеты он выйдет только 18 марта 2011 года."
0117947e-f800-47f4-ab7f-bb08aeccb54c,2008-01-20,,1-й тур президентских выборов в Сербии.???
0117ae3e-7400-4370-8b77-465725c66ac9,2008-01-23,2008-01-27,"в швейцарском Давосе состоялся Всемирный экономический форум, на котором, в частности, было официально признано, что мировая экономика переживает финансовый кризис."
0117d771-7400-45d5-9161-ace1010064df,2008-02-02,,в магазине одежды «Lane Bryant» в Тинли-Парке произошла кровавая бойня.???
0117dc97-f000-48b2-ac0a-9ae6fa7cc971,2008-02-03,,2-й тур президентских выборов в Сербии.???
0117dc97-f000-4e07-a4d7-526b1b661252,2008-02-02,2008-02-04,в Чаде вторая попытка повстанцев захватить столицу после 2006 года.
0117e6e4-7800-4501-b1f7-a683b5b40b22,2008-02-05,,вступление Украины в ВТО.
0117e6e4-7800-463a-82e3-5c7a4c3df58c,2008-02-05,,«Супер-вторник». День выборов делегатов на партийные съезды в США.
0117f131-7000-46f3-af8f-4b3c6bb6ecf1,2008-02-07,,"121-й старт (STS-122) по программе Спейс Шаттл. 29-й полёт шаттла Атлантис. Экипаж — Стивен Фрик, Алан Пойндекстер, Рекс Уолхайм, Стэнли Лав (Stanley Love), Леланд Мелвин, Ханс Шлегель (Германия), Леопольд Эйартц (Франция). Продолжение строительства Международной космической станции."
011824b0-f800-41a5-87b4-d7041b2f910b,2008-02-17,,провозглашение в одностороннем порядке независимости автономного края Косово и Метохия от Сербии.
01182efd-7000-400d-95a1-04de6fd60584,2008-02-19,,Фидель Кастро подал в отставку с постов главы Госсовета и главнокомандующего армией Кубы.
01182efd-7000-4c59-8617-eff2639b9756,2008-02-19,,выборы третьего президента Республики Армения.
0118394a-7800-4077-a0ce-c2fac67bac09,2008-02-21,,"демонстрации в Белграде против провозглашения независимости Косово, окончившиеся массовыми беспорядками, погромами посольств стран, которые признали независимость Косово."
0118394a-7800-4c8a-8c19-fae179b91818,2008-02-21,,Вооружённые силы Турции начали сухопутную операцию на севере Ирака против курдских боевиков
01186cc9-f000-408f-a460-13091e994fb3,2008-03-02,,прошли выборы третьего президента Российской Федерации. Победил Дмитрий Анатольевич Медведев. Пятый Единый день голосования в регионах России
01188baf-f800-445f-a816-33554e69de9c,2008-03-08,,визит в Москву федерального канцлера Германии Ангелы Меркель.
011890d6-7400-4153-ab71-ba37b7f06c0a,2008-03-09,,ЕКА запустило первый грузовой корабль ATV (Automated Transfer Vehicle) под названием «Жюль Верн» с космодрома Куру (Французская Гвиана).
011895fc-f000-4b13-abdf-f118eb161b5e,2008-03-10,,"ИСРП одержала победу на парламентских выборах в Испании. ИСРП получила 168 мест в парламенте, её основной соперник — консервативная Народная партия получила 154 места. Оставшиеся места (всего в парламенте 350 места) поделили между собой ещё восемь партий, в основном региональные."
011895fc-f000-4477-be7e-69e3bd3b86b5,2008-03-10,,"в Сербии разразился новый политический кризис — в отставку подало правительство Воислава Коштуницы. Из-за различия в подходе к процессу евроинтеграции распалась коалиция, которая фактически находилась у власти со времени падения режима Слободана Милошевича в октябре 2000 года."
01189b22-fc00-44c2-ba36-71b3174d1330,2008-03-11,,"122-й старт (STS-123) по программе Спейс Шаттл. 21-й полёт шаттла Индевор. Экипаж — Доминик Гори, Грегори Джонсон, Ричард Линнехан, Роберт Бенкен, Майкл Фореман, Такао Дои (Япония), Гаррет Рейсман. Продолжение строительства Международной космической станции."
0118ba09-7400-45a0-b7b3-d7e70113f2d3,2008-03-17,,"масштабные уличные столкновения в городе Косовска-Митровица между войсками НАТО и ООН, с одной стороны, и мирными жителями — с другой. В столкновении были ранены десятки международных полицейских ООН и военнослужащих KFOR, в том числе 22 поляка и 21 украинец. Один украинский миротворец умер в больнице."
0118c455-fc00-445e-a475-13f2e8751b69,2008-03-19,,запуск в МГУ имени Ломоносова самого мощного в России суперкомпьютера «СКИФ МГУ».
0118c97c-7800-4eae-801f-1dfad70d08d5,2008-03-20,,подписан договор между Россией и Израилем об отмене визового режима.
0118d3c8-f000-4ffd-bd60-a8acd5a25a58,2008-03-22,,президентские выборы на Тайване. Победил 57-летний Ма Инцзю.
0118d8ef-7c00-4717-99b5-25073b9a435e,2008-03-23,,палестинские группировки ФАТХ и ХАМАС подписали договор о перемирии в Сане (Йемен).
0118de15-f800-44f7-b902-4c8b0c8b9b32,2008-03-24,,новый премьер-министр Пакистана — Сайед Юсаф Раза Гилани от партии Беназир Бхутто.
0118fcfb-f000-4adb-b4e3-2cca0491682d,2008-03-30,,"9 новых стран Шенгенской зоны (Венгрия, Словения, Словакия, Чехия, Польша, Мальта, Латвия, Литва, Эстония) окончательно вступили в безвизовое пространство, отменив пограничный контроль в аэропортах."
0118fcfb-f000-4ade-9234-e2b7af20e762,2008-03-30,,Объединение регионов России: Читинская область и Агинский Бурятский автономный округ объединились в новый субъект РФ — Забайкальский край.
01190748-7800-4167-b8e7-2f4468a508ac,2008-04-01,,Почтовые службы Швеции и Дании подписали письмо о намерении совершить слияние. Главный офис планируется разместить в Стокгольме.
0119262e-f000-4c49-b679-a85aa128f5d2,2008-04-07,,"Мэр Парижа Бертран Деланоэ отменил церемонию передачи олимпийского огня, из-за постоянных атак активистов организаций, протестующих против подавлений народных выступлений в Тибете."
01192b54-fc00-4fcc-8d55-3807b43e8744,2008-04-08,,"старт космического корабля Союз ТМА-12. Экипаж старта — С. А. Волков, О. Д. Кононенко и Йи Сойон (Ли Со Ён) (Южная Корея)."
011935a1-f400-4b76-831c-8c01d589e655,2008-04-10,,"Европейский парламент призвал лидеров Европейского союза бойкотировать церемонию открытия Олимпийских игр в Пекине в том случае, если Китай не начнёт переговоры с Далай-ламой по ситуации в Тибете."
01194a3b-7400-49e4-b959-e1f23ae5097d,2008-04-14,,Лидер коалиции «Народ свободы» Сильвио Берлускони в третий раз стал премьер-министром Италии. Основная борьба на выборах происходила между ним и главой Демократической партии Вальтером Вельтрони.
011959ae-7800-4fdd-9218-56b3a373c633,2008-04-17,,Владимир Путин в ходе большой зарубежной поездки встретился с Сильвио Берлускони.
01195ed4-f400-4097-a225-69b28f9dcf0b,2008-04-18,,"Докеры контейнерного терминала южноафриканского порта Дурбан, члены Satawu отказались осуществлять разгрузку прибывшего из Китая судна «An Yue Jiang» с 77 тоннами оружия для Зимбабве на борту."
011963fa-f000-4606-a7f8-e40599cc1a4f,2008-04-19,,"«Союз ТМА-11» успешно совершил посадку, но по баллистической траектории в результате чего космонавты, Юрий Маленченко, Пегги Уитсон (США) и Йи Сойон (Южная Корея) испытали 9-кратные перегрузки."
01196921-7c00-4faf-9cae-0ffca1964baf,2008-04-20,,"По сообщению посольства России в Бишкеке, офицеры подверглись вооружённому нападению со стороны сотрудников местного МВД. Представители министерства утверждали, что местные правоохранительные органы были спровоцированы неадекватным поведением задержанных."
01196e47-f800-48ea-8aa9-300f75dbf4da,2008-04-21,,В Багдаде ракета поразила штаб политической партии Высший исламский совет Ирака.
01197894-7000-4722-aa32-58a4ecf44648,2008-04-23,,Дания эвакуировала свои посольства из Афганистана и Алжира из-за карикатурного скандала.
01197dba-fc00-4b76-a492-b888bfb50d69,2008-04-24,,"Маоистская коммунистическая партия Непала по итогам выборов заняла вдвое больше мест, чем следующая за ней по популярности партия."
01198807-7400-497a-8b51-7c619ac2fc4b,2008-04-26,,"После роспуска парламента 18 апреля, в Науру прошли выборы."
01199254-7c00-451b-b37c-1e45ada937e5,2008-04-28,,"Торнадо пронеслись через центральную и юго-восточную Вирджинию, при этом они ранили больше 200 человек и разрушили множество зданий."
0119b13a-7400-4c71-815e-e76128ce9560,2008-05-04,,"ПБК ЦСКА, победив со счётом 91-77 тель-авивский «Маккаби», стал 6-кратным чемпионом Евролиги."
0119c0ad-7800-4c0e-92f2-5b343423e9a2,2008-05-07,,инаугурация в Москве третьего президента Российской Федерации Медведева Дмитрия Анатольевича.
0119c5d3-f400-42cf-88f8-a14ce7d95682,2008-05-08,,утверждение кандидатуры Владимира Путина на пост премьер-министра России.
0119cafa-7000-40a9-955b-43717aeef678,2008-05-09,,63-я годовщина Победы в Великой Отечественной войне. После семнадцатилетнего перерыва в параде на Красной площади применялась тяжёлая военная техника.
0119d020-7c00-4a27-89ea-27d68a58b3f3,2008-05-10,,"активизировался крупнейший вулкан Европы — Этна. Последнее крупное извержение было в 2001 году, а также незначительное в ноябре 2007 года."
0119d546-f800-4e3e-8517-d4e2705fe120,2008-05-11,,досрочные парламентские выборы в Сербии. Победу одержал проевропейский блок «За европейскую Сербию» Бориса Тадича.
0119da6d-7400-4bc4-9e5b-53e5cbbf40ce,2008-05-12,,"сильное землетрясение магнитудой 8 в Китае с эпицентром в уезде Вэньчуань юго-западной провинции Сычуань. От стихии также пострадали провинция Шэньси, Гуанси, город центрального подчинения Чунцин."
0119e4b9-fc00-46ec-aeb5-3fa46e2d86af,2008-05-14,,"в Манчестере прошёл финальный матч Кубка УЕФА по футболу 2007—2008, в котором сыграли санкт-петербургский «Зенит» и шотландский «Рейнджерс». Зенит победил со счётом 2:0."
0119f953-7c00-401a-b0a2-b4f75f7097b7,2008-05-18,,Россия завоевала золото на 72-м Чемпионате мира по хоккею с шайбой в Канаде.
0119fe79-f800-440d-b4ef-f931b25cfd65,2008-05-19,,"Русская Википедия, обогнав шведскую, вышла в первую десятку Википедий по объёму."
0119fe79-f800-41ad-825f-d431a5816f89,2008-05-19,,"Башня Бурдж-Халифа, обогнав Варшавскую Радиомачту, стала самым большим строением, когда-либо существовавшим на Земле."
011a08c6-7000-46f6-903f-3026edcad0ad,2008-05-21,,"в Москве на стадионе «Лужники» прошёл финал Лиги чемпионов 2007—2008, в котором сыграли два английских клуба — «Манчестер Юнайтед» и «Челси». Победителем стал клуб «Манчестер Юнайтед», победив противника в послематчевой серии пенальти."
011a1839-f400-4b26-b08f-1e175539212e,2008-05-24,,"в Белграде состоялся финал конкурса песни «Евровидение», на котором впервые победил представитель России Дима Билан с песней «Believe»."
011a1d5f-f000-4c5e-8d47-2a3ecdf7b7af,2008-05-25,,Парламент Ливана избрал Мишеля Сулеймана президентом Ливанской Республики.
011a1d5f-f000-43e4-b22f-be99bb382f85,2008-05-25,,Космический аппарат «Феникс» совершил посадку на поверхность Марса.
011a27ac-f800-41f4-9be3-121383a8ab71,2008-05-27,,"израильский шекель и мексиканский песо вошли в список свободно конвертируемых валют, используемых при расчётах в международной межбанковской системе CLS."
011a2cd2-f400-4be7-a5e6-0cf0ea690fef,2008-05-28,,"Непал отменил монархию, существовавшую около 240 лет, и объявил о переходе к Федеративной Демократической Республике."
011a3c46-7800-48ac-9fe6-43ea19d0af51,2008-05-31,,Казань (Россия) выбрана столицей летней Универсиады 2013 года.
011a3c46-7800-4288-a772-206c7da3ff52,2008-05-31,,"123-й старт (STS-124) по программе Спейс Шаттл. 35-й полёт шаттла Дискавери. Экипаж — Марк Келли, Кеннет Хэм, Карен Ниберг, Рональд Гаран, Майкл Фоссум, Акихико Хосидэ (Япония), Грег Шамитофф. Продолжение строительства Международной космической станции — доставлена главная часть японского модуля Kibo."
011a416c-7400-48bd-a98f-8183e9f9279d,2008-06-01,,международные авиакассы перешли на электронные билеты.
011a4bb9-7c00-422a-9ac5-86b0bb21f8be,2008-06-03,,В Риме началась конференция «Всемирная продовольственная безопасность и глобальные вызовы в свете изменения климата и развития биоэнергетики» (фактически — продовольственный саммит ООН).
011a50df-7800-4eb1-ab2b-8b935aa78d96,2008-06-04,,"В ходе предварительных выборов кандидатом в президенты США от Демократической партии был избран Барак Обама. Хиллари Клинтон, проигравшая голосование, объявила, что намерена баллотироваться в вице-президенты."
011a6052-fc00-4cbf-aeb4-a99f1f622e99,2008-06-06,2008-06-08,XII Петербургский международный экономический форум.
011a6052-fc00-4e93-a97d-f42f2c3b4c4b,2008-06-07,,Открытие чемпионата Европы по футболу — Евро-2008 в Австрии и Швейцарии.
011a7f38-f400-4dd7-a0c6-4059d58ec1fa,2008-06-13,,снят с производства iPhone 2G.
011a845f-7000-4cdd-b39f-c693c126a4dc,2008-06-14,,В Севастополе открыт памятник гетману Сагайдачному.
011a8985-7c00-4f01-ac21-69b70be4566f,2008-06-15,,В Севастополе открыт памятник императрице Екатерине II.
011a98f8-f000-4bbf-ae17-49b0497bc1fe,2008-06-18,,Победа сборной России над сборной Швеции со счётом 2:0 на чемпионате Европы по футболу. Впервые за 20 лет россияне вышли в четвертьфинал крупного футбольного турнира на уровне сборных.
011aa345-7800-40d2-902d-72961bc1106c,2008-06-20,,"Сборная Турции впервые в истории выходит в полуфинал чемпионата Европы по футболу. В четвертьфинале повержены хорваты: 0:0 — в основное время, 1:1 — после овертайма и 3:1 — в послематчевых пенальти. В связи с этим — беспорядки в Боснии и Герцеговине: один человек погиб."
011aa86b-f400-48ad-84c4-df7fab0d66f9,2008-06-21,,Победа сборной России в четвертьфинале чемпионата Европы по футболу против Голландии со счётом 3:1. Россия выходит в полуфинал.
011ac22b-7000-4f05-9cc9-eb4c858c2f6f,2008-06-26,,На чемпионате Европы по футболу сборная России проигрывает в полуфинале сборной Испании со счётом 0:3. Игра состоялась в Вене на стадионе Эрнст Хаппель.
011ac22b-7000-4bdd-b650-26b113f1cc5e,2008-06-26,,В Ханты-Мансийске (Россия) стартовал саммит Россия-ЕС. В нём впервые принял участие новый президент России Дмитрий Медведев.
011acc78-7800-4129-819c-9405d56338aa,2008-06-28,,Специальная комиссия обнаружила останки первого президента Афганистана Мухаммеда Дауда в одном из массовых захоронений в районе тюрьмы Пули-Чархи к востоку от Кабула.
011ad19e-7400-4409-8460-34b13a0ed85c,2008-06-29,,"Финал Евро-2008. Матч Германия — Испания. Сборная Испании одержала победу со счётом 1:0, став тем самым двукратным чемпионом Европы."
011ae111-f800-4a0a-b338-64c8da73d039,2008-07-02,,"Ингрид Бетанкур (бывший кандидат в президенты страны, гражданка Колумбии и Франции по браку) освобождена, по прошествии шести лет, из плена ФАРК вместе с 14 другими заложниками посредством спецоперации колумбийской армии."
011ae637-f400-4159-8839-9a58f7a47a1a,2008-07-03,,"Рижский окружной суд, спустя 5 лет тюремного заключения, признал Владимира Абеля (Линдермана) невиновным по делу о хранении взрывчатки у себя дома. Владимир Абель официально объявляется бывшим политзаключённым, а его дело — сфабрикованным."
011ae637-f400-4482-a036-7eaee8790c28,2008-07-03,,Президент России принял прошение об отставке губернатора Чукотки Романа Абрамовича.
011ae637-f400-4341-941c-7edbd634f811,2008-07-03,,На складе боеприпасов в столице Болгарии Софии произошла серия взрывов снарядов.
011af5aa-f800-4e50-87f0-6c56660b0554,2008-07-06,,Казахстан отметил 10-летие переноса столицы из Алма-Аты в Астану.
011afad1-7400-4525-954f-6ae17bc3675c,2008-07-07,,"В Японии, на острове Хоккайдо, стартовал саммит стран Большой восьмёрки. Он стал первым для президента России Дмитрия Медведева и последним для президента США Джорджа Буша."
011afff7-f000-48dd-9748-db379a4f2c62,2008-07-08,,Чешская республика стала 18-м членом Европейского космического агентства.
011b0f6a-f400-44e3-8ad3-b507ae579480,2008-07-11,,"В продажу поступил iPhone 3G на территории 22 стран, в том числе в Соединённых Штатах, Канаде, Великобритании, Франции, Германии и Японии."
011b1edd-f800-4033-a30a-2c7a4d503c94,2008-07-14,,В городе Нячанг (Вьетнам) состоялся конкурс красоты «Мисс Вселенная 2008». Победила участница из Венесуэлы.
011b2404-7400-4507-adfb-f01a9ab37857,2008-07-15,,"Курс доллара по отношению к евро упал до исторического минимума — 1,6038 долл./евро."
011b4810-f800-42bc-93bf-9f408100e827,2008-07-22,,Арестован бывший лидер боснийских сербов Радован Караджич.
011b5783-fc00-4dfc-b8d8-4f413f0cfac5,2008-07-25,,"Большое наводнение, вызванное сильными дождями на Украине, затопило много посёлков, многие мосты были разрушены. От наводнения погиб 21 человек. Наводнением затопило города Тирасполь (Молдавия) и Черновцы (Украина)."
011b9550-7c00-455d-a962-18f36cfb7a32,2008-08-06,,В Мавритании совершён военный переворот.
011b9a76-7800-4168-a950-68e4de58919f,2008-08-07,,В зоне грузино-южноосетинского конфликта на фоне грузино-российского кризиса начались активные боевые действия. В краткосрочной войне на стороне Южной Осетии и Абхазии официально выступала Россия.
011b9a76-7800-48a5-89a6-59544044bd87,2008-08-07,,В Пекине открылись XXIX летние Олимпийские игры.
011baf0f-f800-4fa2-86b8-0da46ec88020,2008-08-11,,В Москве президент России Дмитрий Медведев и президент Франции Николя Саркози выработали шесть принципов урегулирования ситуации вокруг Южной Осетии и Абхазии.
011bdd69-7400-42fe-889e-02bb746633e5,2008-08-20,,"В Мадриде потерпел крушение пассажирский самолёт McDonnell Douglas MD-82. Из 172 человек, находившихся на борту, 154 человека погибло."
011bf202-f400-4276-bb2f-c786d21721d9,2008-08-24,,состоялось закрытие XXIX Олимпийских игр в Пекине.
011bfc4f-7c00-486b-a2e9-fef3a597acf8,2008-08-26,,Президент России Д. А. Медведев подписал указ о признании независимости Абхазии и Южной Осетии.
011c0175-f800-4182-b545-92f4c0e93303,2008-08-27,,Пожар на складе боеприпасов в городе Лозовая (Украина).
011c0bc2-7000-45e4-882b-8b9031ee5016,2008-08-29,,Состоялся матч за Суперкубок УЕФА в Монако между английским «Манчестер Юнайтед» и российским «Зенитом». Со счётом 2:1 победу одержал «Зенит».
011c10e8-fc00-4eee-a409-5e7e9c556e05,2008-08-30,,"Новое землетрясение магнитудой 5,7 баллов по шкале Рихтера произошло в китайской провинции Сычуань."
011c498e-f000-415a-983f-3d85cbe62e44,2008-09-10,,"на Большом адронном коллайдере, который создан Европейской организацией ядерных исследований (CERN) близ Женевы, прошёл первый пробный эксперимент по разгону пучка протонов."
011c53db-7800-4549-ba83-9fd7d7da9d1b,2008-09-12,,крупная железнодорожная катастрофа в Калифорнии: столкнулись пассажирский поезд компании «Метролинк» и товарный состав.
011c5e28-7000-469e-a496-26839cf976b4,2008-09-14,,В Перми потерпел катастрофу пассажирский самолёт Боинг-737.
011c5e28-7000-4726-ba94-dc463433fbe8,2008-09-14,,В Днепропетровске (Украина) открыт футбольный стадион «Днепр».
011c77e7-fc00-4d2b-bd2e-4dcb88591f0b,2008-09-19,,Авария на Большом адронном коллайдере.
011c77e7-fc00-442b-b54c-d7997c0fba59,2008-09-19,,Создан интернет-мем «Trollface».
011c8c81-7c00-4652-a66f-f8c8fee8b329,2008-09-23,,подписана «Декларация о сотрудничестве между секретариатами НАТО и ООН». Декларацию подписали Яап де Хооп Схеффер и Пан Ги Мун.
011ca641-7800-44a3-b6ab-ec42e093e241,2008-09-28,,парламентские выборы в Белоруссии.
011cd49a-7400-474d-a80f-bd1da59b45d3,2008-10-07,,"Центральный банк Исландии сообщил, что Россия согласилась предоставить Исландии финансовую помощь в виде ссуды размером в 4 миллиарда евро."
011cdee7-7c00-4f74-b0aa-be16e056c246,2008-10-09,,"Управление по финансовому надзору Исландии взяло под свой контроль три крупнейших банка страны, Kaupþing banki, Landsbanki Íslands, Glitnir banki."
011ce933-f400-4ef5-9091-b7c8879f313c,2008-10-11,,в Пензе открыт первый в России и мире памятник великому русскому историку Василию Ключевскому.
011cee5a-7000-47d6-8f1e-97b02f5a383a,2008-10-12,,"старт космического корабля Союз ТМА-13. Экипаж старта — Юрий Лончаков, М. Финк (США) и Р. Гэрриот (США)."
011cfdcd-7400-461c-8dc0-4b2e1ac3ee22,2008-10-15,,"В Азербайджане прошли президентские выборы, победителем которых стал Ильхам Алиев."
011d2c26-f000-4be3-bb6b-b3ada667d1e2,2008-10-24,,"приземление космического корабля Союз ТМА-12. Экипаж посадки — С. А. Волков, О. Д. Кононенко и Р. Гэрриот (США)."
011d5033-7400-4e83-8d9d-fb75e08113bc,2008-10-31,,Сатоси Накамото опубликовал концепцию (whitepaper) децентрализованной платёжной системы Биткойн.
011d5559-7000-4851-96a5-012353a74203,2008-11-01,,"На стадионе Лужники в матче 27-го тура ЦСКА vs ФК Спартак Москва команда домочадцев одержала победу 0:1, прервав беспроигрышную серию ЦСКА в матчах со Спартаком. Последний раз до этого Спартак обыграл ЦСКА 31 марта 2001 года, а начиная с 18 июля 2001 года (матч, сыгранный вничью) победить соперника не мог."
011d5a7f-fc00-4505-888c-946c85a111b9,2008-11-02,,"В Сан-Паулу завершился 59-й чемпионат мира по автогонкам в классе Формула-1. Чемпионом мира стал 23-летний темнокожий британец Льюис Хэмилтон (Макларен). Фелипе Масса (Феррари) выиграл Гран-при Бразилии, но стал лишь вице-чемпионом. Скудерия Феррари в 16-й раз выиграла Кубок конструкторов."
011d5fa6-7800-4962-832d-e7e6a0c4ba89,2008-11-03,,Промежуточные парламентские выборы Грузии.
011d64cc-7400-4a15-bbbc-2e3cf6db517f,2008-11-04,,Барак Обама победил на президентских выборах в США и стал первым темнокожим президентом США за всю 232-летнюю историю их существования.
011d69f2-f000-4922-b276-f9e46307c76c,2008-11-05,,Состоялось первое послание третьего президента РФ Дмитрия Медведева Федеральному собранию.
011d6f19-7c00-47fb-b795-8cf237a73f40,2008-11-06,,В Бутане коронован пятый король 28-летний Джигме Кхесар Намгьял Вангчук.
011d7965-f400-4a02-9e87-2b6f16cb17ba,2008-11-08,,"Во время ходовых испытаний АПЛ К-152 «Нерпа» произошла авария, в результате которой погибло 20 человек."
011d9325-f000-46ee-888e-a322c4e41ede,2008-11-13,,В 16:50 мск сомалийскими пиратами обстрелян из гранатомётов и автоматов российский теплоход «Капитан Маслов».
011d9d72-7800-4662-a132-6add0b13a8f8,2008-11-15,,"124-й старт (STS-126) по программе Спейс Шаттл. 22-й полёт шаттла Индевор. Экипаж — Кристофер Фергюсон, Эрик Боу, Стевен Бовен, Хайдема́ри Стефани́шин-Па́йпер, Доналд Петтит, Роберт Кимбро, Сандра Магнус. Продолжение строительства Международной космической станции."
011da298-f400-4c33-971c-c504605cc873,2008-11-16,,"Создана российская политическая партия Правое дело путём слияния ряда партий, декларирующих либеральную направленность."
011dcbcb-f400-4c7d-803f-32bb1122fce3,2008-11-24,,В Венесуэле состоялись региональные выборы. Победила партия Уго Чавеса (ЕСПВ).
011dcbcb-f400-4fd0-9677-0d3a20435a6f,2008-11-24,,Хиллари Клинтон согласилась занять пост Государственного секретаря США.
011dddd1-f600-42d9-92b4-1733637be49b,2008-11-26,2008-11-29,"Серия терактов в индийском городе Мумбаи. Погибло 175, ранено 293 человека."
011de065-7400-41ad-9192-e34aa2b04386,2008-11-28,,Нападающий московского ЦСКА Вагнер Лав мнением наставников клубов российской премьер-лиги избран лучшим игроком сезона 2008.
011defd8-7800-4ccd-87bf-b7fb00c5d705,2008-12-01,,Состоялись совместные российско-венесуэльские военно-морские учения.
011defd8-7800-46a9-906f-66ddf6383465,2008-12-01,,В парламентских выборах в Румынии большинство голосов набрала Социал-демократическая партия.
011e0471-f800-4fa4-856f-ccfb92194b89,2008-12-05,,Скончался патриарх Московский и всея Руси Алексий II.
011e287e-7c00-4189-8efe-35cb15f33c51,2008-12-12,,"Швейцария в рамках Шенгенского соглашения отменяет персональный пограничный контроль, отныне для поездки в Швейцарию не нужна отдельная виза."
011e287e-7c00-4f90-949d-07f934dad371,2008-12-12,,Выход Windows Server 2008.
011e2da4-7800-472a-83c8-e991360bf181,2008-12-13,,"На 58-м конкурсе красоты «Мисс Мира», финал которого прошёл в Йоханнесбурге (ЮАР) победила россиянка Ксения Сухинова."
011e2da4-7800-4c3f-8f29-b46f9da4a20d,2008-12-13,,Создано Объединённое демократическое движение «Солидарность».
011e3d17-fc00-4e64-9070-f3895be2e5ea,2008-12-16,,"Автобус с российскими туристами из Санкт-Петербурга упал в пропасть близ израильского города Эйлат. Представители санкт-петербургских туристических компаний направлялись из аэропорта Овда в одну из эйлатских гостиниц. Расследование показало, что водитель автобуса грубо нарушил правила: на опасном участке пошёл на обгон другого автобуса, превысил скорость и не справился с управлением. По данным Министерства Туризма Израиля, в катастрофе погибло 24 гражданина России; по данным Российского посольства в Израиле, погибло 30 россиян."
011e4764-7400-4821-b163-ffcbc8021f59,2008-12-18,,В США выдана лицензия первому в мире частному космодрому. С него в 2010 году Virgin Galactic будет осуществлять суборбитальные полёты.
011e51b0-fc00-43d7-8bce-3d9a3b62e0b9,2008-12-20,,"Открыт участок Фрунзенского радиуса Петербургского метрополитена с двумя станциями «Звенигородская» (без собственного выхода на поверхность) и «Волковская», с образованием Фрунзенско-Приморской линии. Ввод в эксплуатацию станции «Спасская» (без собственного выхода на поверхность) Правобережной линии и открытие сквозного движения «Волковская» — «Комендантский проспект» перенесены на январь 2009 года."
011e56d7-7800-44ed-8be2-d678b34be1a9,2008-12-21,,В США Virgin Galactic провела лётные испытания самолёта-носителя системы суборбитальных полётов.
011e664a-7c00-415e-a41c-f10a8bbc82f7,2008-12-24,,Взрыв 5-этажного дома в Евпатории (Украина).
011e75bd-f000-4033-8e28-690b0afb4bc9,2008-12-27,,Началась антитеррористическая военная операция израильской армии против Хамас в секторе Газа. Кодовое название операции — «Литой свинец».
011e8f7d-7c00-4651-803d-2f2029d4b376,2009-01-01,,В 10:00 по московскому времени Газпром прекратил поставки газа на Украину в полном объёме. (Подробнее см. Газовый конфликт между Россией и Украиной 2008—2009 года).
011e8f7d-7c00-4217-a489-918bc32d44fe,2009-01-01,,"Австрия, Япония, Уганда, Мексика и Турция получают места в Совете Безопасности ООН."
011e8f7d-7c00-4a7c-879a-06c97ed9fd86,2009-01-01,,"Асунсьон — столица Парагвая, получила статус Американской культурной столицы, а Вильнюс и Линц — статус Европейских культурных столиц."
011e8f7d-7c00-4bb6-abb2-55c852585017,2009-01-01,,Единый госэкзамен стал обязательным во всей России.
011e8f7d-7c00-4eb3-9305-c4336a225f53,2009-01-01,,Словакия перешла на евро и стала 16-м членом еврозоны.
011e8f7d-7c00-49b4-9168-161075583193,2009-01-01,,Чехия стала Государством-председателем Совета Европейского союза.
011e8f7d-7c00-47ee-a6fa-8c4e0fe18d6e,2009-01-01,,Великобритания запретила продажу ламп накаливания мощностью более 60 Вт. Лампы накаливания исчезнут из торговой сети ЕС к сентябрю 2012 года.
011e99ca-7400-42e5-8b4e-6ef8e40b4f1a,2009-01-03,,Армия обороны Израиля начала сухопутную часть операции «Литой свинец».
011e99ca-7400-47bd-a8b7-99a573389247,2009-01-03,,Атака Израиля вызвала взрыв в жилой части сектора Газа (12 января 2009)
011e99ca-7400-40a7-9ef0-92c0dcf76b56,2009-01-03,,В Буэнос-Айресе стартовало ралли «Дакар-2009».
011eb8b0-7c00-4d54-a773-4d7460cdcb8c,2009-01-09,,"на Алтае потерпел катастрофу вертолёт Ми-171 компании «Газпромавиа», погибли 7 из 11 человек на борту, в том числе — Александр Косопкин — полномочный представитель Президента РФ в Государственной думе и Сергей Ливишин — сотрудник аппарата Госдумы РФ."
011ec2fc-f400-44e4-a263-b0fa71ad0d6d,2009-01-11,,прошла 66-я церемония вручения кинопремии «Золотой глобус».
011ecd49-fc00-406d-960e-7b03d4033a64,2009-01-13,,"эфиопские вооружённые силы покинули Сомали, где последние два года пытались поддерживать порядок."
011ed796-7400-4897-8215-8b5ff8b6241c,2009-01-15,,"Airbus A320, следовавший рейсом 1549 авиакомпании US Airways, совершил аварийную посадку на воду реки Гудзон в Нью-Йорке. 0 погибших, 83 ранено"
011ed796-7400-423f-abe9-08353e951bdb,2009-01-15,,Официальная церемония открытия Международного года астрономии.
011ee709-7800-499c-88ac-d9fd5794e93d,2009-01-18,,"Израиль в одностороннем порядке прекратил боевые действия в секторе Газа, где начиная с 27 декабря 2008 года проходила израильская военная операция «Литой свинец»."
011eec2f-f400-4e1b-9725-9f818fc05ee7,2009-01-19,,разрешён газовый конфликт между Россией и Украиной.
011ef156-7000-45a5-93d9-1d67be070c4b,2009-01-20,,инаугурация президента США Барака Обамы.
011efba2-f800-40d2-8b0a-8d7ebfc2486d,2009-01-22,,"Барак Обама подписывает приказ о закрытии в течение года лагеря для интернированных в заливе Гуантанамо, где содержались неграждане, которым были предъявлены обвинения в терроризме."
011efba2-f800-4595-b4b0-4a25ad5ada4b,2009-01-22,,Конголезский повстанческий лидер Лоран Нкунда захвачен руандскими вооружёнными силами — в ходе попытки пересечь границу Руанды.
011f00c9-7400-454e-8653-adc260291ba0,2009-01-23,,"с космодрома Танегасима запущен на околоземную орбиту спутник «Ibuki», первый в мире спутник для определения содержания парниковых газов в атмосфере Земли."
011f103c-7800-4c6c-978f-78221c68e201,2009-01-25,2009-01-27,внеочередной Архиерейский собор Русской православной церкви. Поместный собор Русской православной церкви избрал нового Патриарха Московского и всея Руси. Им стал Кирилл.
011f103c-7800-47a5-9416-51dbdaa96e09,2009-01-26,,"Первое слушание Международным Уголовным Судом по делу бывшего лидера Конголезского патриотического союза Томаса Любанги прошло успешно. Ему предъявлены обвинения в привлечении молодых солдат к грабежам, убийствам и изнасилованиям."
011f103c-7800-473a-b33c-2e8211a5e859,2009-01-26,,Создано Международное агентство по возобновляемым источникам энергии.
011f1a89-7000-46c9-999c-7871326ccece,2009-01-28,,"открытие Ежегодного Всемирного экономического форума в Давосе, Швейцария."
011f24d5-f800-46c0-bd75-13cc4af2be30,2009-01-30,,С космодрома Плесецк с помощью ракеты-носителя Циклон-3 запущен российский космический аппарат Коронас-Фотон.
011f24d5-f800-4771-a4bc-11d18a365619,2009-01-30,,"Финансовый кризис 2008 года в Исландии: Крах исландского правительства и банковской системы, премьер-министр Гейр Хилмар немедленно уходит в отставку."
011f29fc-7400-4af7-96e0-9a4bce8fe7d9,2009-01-31,,Старт турнира Кубок Легенд в Москве.
011f29fc-7400-47a3-add5-9737bae23eda,2009-01-31,,В Ираке прошли выборы в местные органы власти
011f2f22-7000-46f4-94c1-83bb9d3b2770,2009-02-01,,интронизация новоизбранного Патриарха Московского и всея Руси Кирилла.
011f396f-7800-4444-a2e3-ead877d3c58a,2009-02-03,,в честь 30-й годовщины Иранской революции запущен первый иранский искусственный спутник Земли «Омид».
011f3e95-f400-4f83-8114-fe17c3c1e464,2009-02-04,,в столице Мадагаскара Антананариву по меньшей мере 28 человек погибли и более 200 получили ранения в результате обстрела полицейскими оппозиционной демонстрации против действующего президента Марка Раваломанану.
011f5d7b-fc00-4cff-9df8-9cfb83cc2fbd,2009-02-10,,в Израиле прошли внеочередные выборы в Кнессет.
011f5d7b-fc00-4ece-bdc6-ceec358a6bf8,2009-02-10,,первое в истории столкновение американского и российского спутников.
011f9b47-fc00-43e3-b902-c6cfcb78fca1,2009-02-22,,в Голливуде состоялась церемония вручения кинопремии «Оскар» за 2008 год. Лучшим фильмом года признан «Миллионер из трущоб».
011faabb-7000-46ce-9193-d238ee84cf3c,2009-02-25,,"авиалайнер Boeing 737-8F2 авиакомпании Turkish Airlines, упал в Амстердаме при заходе на посадку."
011faabb-7000-4bd3-8914-7cc762d16c19,2009-02-25,,"до 81 человека выросло число жертв бунта пограничников в Бангладеш, вспыхнувшего 25 февраля в столице страны Дакке."
011fbf54-f000-4d6c-8b10-5b2f397cb8b3,2009-03-01,,"китайский лунный зонд «Чанъэ-1» закончил программу исследований, и был уничтожен путём жёсткой посадки на лунную поверхность. Одной из задач спутника было построение трёхмерной топографической карты Луны."
011fde3a-f800-4528-8dbf-9f9ce1c32c08,2009-03-07,,открыта станция метро «Спасская» Петербургского метрополитена.
011fde3a-f800-4da1-9f72-80ac20a51ab4,2009-03-07,,с мыса Канаверал стартовал космический телескоп «Кеплер» предназначенный для поиска внеземной жизни.
011fe887-7000-4a85-8e5b-725eeb2b88c7,2009-03-09,,президент США Барак Обама снял все ограничения на проведение исследований стволовых клеток эмбриона человека.
0120076d-f800-4d99-9d12-a844485aae50,2009-03-15,,"125-й старт (STS-119) по программе Спейс Шаттл. 36-й полет шаттла Дискавери. Экипаж — Ли Аршамбо, Тони Антонелли, Джон Филлипс, Стив Свэнсон, Джозеф Акаба, Ричард Арнольд, Коити Ваката (Япония). Продолжение строительства Международной космической станции. Шаттл вернулся 28 марта."
01202b7a-7c00-4daf-b9ca-f9556f640594,2009-03-22,,первый тур президентских выборов в Республике Македонии.
01204013-7c00-4d7d-a213-6072b27cf221,2009-03-26,,"запуск космического корабля «Союз ТМА-14» к МКС. Экипаж старта — Г. И. Падалка, М. Баррат (США) и Ч. Шимоньи (Венгрия-США)."
01204f86-f000-4ff2-adf8-37076c9b1742,2009-03-29,,парламентские выборы в Черногории.
01204013-7c00-48c9-90c6-fcfcba73db37,2009-03-26,,"указом президента Украины В. А. Ющенко для награждения граждан, внёсших значительный вклад в возрождение национальных культурно-художественных, военно-исторического наследия, заслуг в деле государственного строительства, благотворительности и другой деятельности, учреждён орден «Крест Ивана Мазепы» (см. Без точных дат 1940 год)."
01205ef9-f400-4d31-b338-dd4bc25a3d44,2009-04-01,,Албания и Хорватия присоединились к НАТО.
01206420-7000-4c56-9921-459cf802ec2b,2009-04-02,,Лондонский саммит G-20
01206bd9-fa00-4de6-978d-8cca7226ad4d,2009-04-03,2009-04-04,"юбилейный саммит НАТО в Страсбурге, Келе и Баден-Бадене."
01207393-7400-4ad3-9ed6-55c44aeb6aef,2009-04-05,,КНДР попыталась запустить ИСЗ «Кванмёнсон-2» (спутник упал в Тихий океан).
01207393-7400-4913-824f-8c5b74677966,2009-04-05,,парламентские выборы в Молдове.
01207393-7400-4e5d-984a-d4379f767709,2009-04-05,,второй тур президентских выборов в Республике Македонии.
01207ddf-fc00-4217-a71f-e337193d0626,2009-04-07,,Массовые беспорядки в Кишинёве.
01207ddf-fc00-4992-b77d-c378ad71104d,2009-04-07,,"Верховный суд Перу приговорил экс-президента страны Альберто Фухимори к 25 годам тюремного заключения, после того как он был признан виновным в нарушениях прав человека."
01208306-7800-46c2-b4a3-be9c076ff8fb,2009-04-08,,приземление космического корабля Союз ТМА-13 с международным экипажем на борту.
0120979f-f800-4d0c-8c03-b191fb20f9f5,2009-04-12,,правительство Зимбабве объявило о приостановлении выпуска своей национальной валюты — доллара Зимбабве. Выпущенные купюры будут действительны до 30 июня 2009 года.
0120a1ec-7000-4af2-9e47-9f92f6902ac5,2009-04-14,,телеканал Планета Спорт прекращает своё вещание выпуском новостей Вести-спорт.
0120ac39-7800-4a23-b682-dd53447de2af,2009-04-16,,"в Чечне отменён режим «контртеррористической операции», действовавший с 1999 года."
0120b685-f000-413d-99ca-d135003198b0,2009-04-18,,парламент Сомали принял решение о введении на территории страны шариата.
0120bbac-7c00-436f-a2d2-8ad553ccd1fa,2009-04-19,,празднование православной Пасхи.
0120c0d2-7800-4ec3-9e45-0a485414b139,2009-04-20,,выход альбома Sounds Of The Universe группы Depeche Mode.
0120c5f8-f400-4e21-b4db-05fbe880f696,2009-04-21,,ЮНЕСКО запустило Всемирную цифровую библиотеку.
0120e4de-fc00-428d-8ff9-c951c6c5c072,2009-04-27,,майор полиции открыл огонь по людям в московском супермаркете.
0120f452-7000-4816-823d-f0335e42ec5d,2009-04-30,,массовое убийство в Азербайджанской государственной нефтяной академии.
0120f452-7000-4c07-8a20-74a68c1040a0,2009-04-30,,В Мексике началась вспышка свиного гриппа.
012103c5-7400-4c39-af68-d2738c39dd99,2009-05-03,,"на очередных президентских выборах в Панаме победу одержал представитель оппозиционной партии, 57-летний владелец сети супермаркетов Рикардо Мартинелли. Действующий президент Мартин Торрихос не мог участвовать в выборах ввиду того, что конституция ограничивает период президентства одним сроком."
01212cf8-7400-42a5-b845-eec667a39bf7,2009-05-11,,126-й старт (STS-125) по программе Спейс Шаттл с международным экипажем на борту. 30-й полет шаттла Атлантис. Пятый полёт к телескопу «Хаббл».
012146b7-f000-4b62-9797-3aea0318d7aa,2009-05-16,,представитель Норвегии Александр Рыбак победил на конкурсе песни Евровидение в Москве.
01214bde-7c00-489b-930b-7d970515b5ba,2009-05-17,,В парламент Кувейта впервые избраны женщины.
01214bde-7c00-4dd6-8440-0de3bebde277,2009-05-17,,Президентом Литвы избрана Даля Грибаускайте.
01215104-f800-412e-a2cc-73ee8232d082,2009-05-18,,гражданская война на Шри-Ланке объявлена оконченной.
01215b51-7000-4332-aa0a-72bd70031f06,2009-05-20,,финал Кубка УЕФА в Стамбуле. Победитель — донецкий «Шахтёр».
01217511-7c00-404e-8ba4-9b11e2e39f58,2009-05-25,,"КНДР провела второе (возможно, третье) ядерное испытание в своей истории."
01217a37-7800-4f99-9af4-4481d590f149,2009-05-26,,президент Нигера Мамаду Танджа подписал указ о роспуске Национального собрания.
01217f5d-f400-4e55-980d-485148ed87cf,2009-05-27,,запуск космического корабля «Союз ТМА-15» с международным экипажем на борту к МКС.
01217f5d-f400-44a8-a4a3-5e6292251f14,2009-05-27,,Финал Лиги Чемпионов УЕФА в Риме. Победитель — «Барселона».
0121991d-f000-4522-ae2e-04c79125a682,2009-06-01,,катастрофа Airbus A330 над Атлантическим океаном. Погибло 228 человек.
0121b04a-7e00-4cdf-8d83-9f0bad9fa291,2009-06-04,2009-06-07,выборы в Европарламент.
0121bd2a-7400-45dd-bf3d-354a24442186,2009-06-08,,"умер Омар Бонго, президент Габона в течение 42 лет."
0121bd2a-7400-4828-a7a7-c3fa9989e459,2009-06-08,,молочная война — обострение отношений между Беларусью и Россией 8 июня 2009 года в связи с молочным экспортом.
0121cc9d-7800-48f0-9418-575654a3eca7,2009-06-11,,впервые за 40 лет ВОЗ объявила о всемирной пандемии свиного гриппа.
0121d1c3-f400-4630-9994-34b067ce2fc9,2009-06-12,,президентские выборы в Иране.
0121d1c3-f400-4420-b95c-3ea35c7494f1,2009-06-12,,США перешли с аналогового телевидения на цифровое.
0121d6e9-f000-475c-a28b-61431f67e78c,2009-06-13,,массовые беспорядки в Иране.
0121e3c9-f600-41c3-bc35-ffb75ff5887c,2009-06-15,2009-06-16,"саммиты ШОС и БРИК в Екатеринбурге, Россия."
01220543-7c00-4aa6-bd39-f7d21189f883,2009-06-15,2009-06-29,чемпионат Европы по футболу среди молодёжных команд.
0121f5d0-7800-45e3-91a9-3ad9109340cd,2009-06-19,,запуск Lunar Reconnaissance Orbiter.
01220543-7c00-4893-9431-386e7324843b,2009-06-22,,покушение на президента Ингушетии Юнус-бека Евкурова.
012214b6-7000-4708-a91d-2cac432278c3,2009-06-25,,Майкл Джексон скончался в результате передозировки препаратами (пропофола).
01222429-7400-473f-92da-f9f181c16da5,2009-06-28,,военный переворот в Гондурасе.
0122339c-7800-4207-bccd-5dbfff956908,2009-07-01,,Швеция стала государством-председателем Совета Европейского союза.
0122339c-7800-4277-b3c5-e031b1056517,2009-07-01,,в России разрешена деятельность игорных заведений только в специальных игорных зонах.
01224835-f800-4580-b0d2-95ecab8b9f59,2009-07-05,,"китайские солдаты оружием подавили акцию протеста уйгуров в г. Урумчи, были убитые и раненые."
01224fef-7200-46f8-8c7f-806d31d05fb2,2009-07-06,2009-07-07,визит президента США Барака Обамы в Россию.
01225ccf-7800-43df-b2ee-e018d555eafd,2009-07-08,2009-07-10,"саммит G8 в Л’Акуиле, Италия."
01227bb5-7000-4110-a7b3-0d70fb40e253,2009-07-15,,"127-й старт (STS-127) по программе Спейс Шаттл. 23-й полёт шаттла Индевор. Экипаж — Марк Полански, Даглас Хёрли, Дэвид Вулф, Жюли Пайетт (Канада), Кристофер Кэссиди, Томас Маршбёрн, Тимоти Копра. Продолжение строительства Международной космической станции доставка «Внешней экспериментальной платформы» (JEM EF)."
0122b981-f000-416a-9118-16a025eb5b63,2009-07-21,2009-08-02,Чемпионат Европы по футболу 2009 (юноши до 19 лет).
0122a4e8-7000-4ccd-b5f1-14a35c73a7f0,2009-07-23,,досрочные президентские выборы в Кыргызстане.
0122c3ce-7800-45ef-860a-08addd788bc6,2009-07-29,,досрочные парламентские выборы в Молдове.
0122d341-7c00-4dbe-812a-31a52724eb18,2009-08-01,,генеральным секретарём НАТО стал Андерс Фог Расмуссен.
01231634-7800-4c64-bdb2-623b63d98306,2009-08-14,,на стратегической российской подлодке К-496 «Борисоглебск» проекта 667БДР спущен Андреевский флаг.
012325a7-7c00-41f2-a240-4aa98895efb4,2009-08-17,,теракт в Назрани. 25 человек погибло и 136 получили ранения различной степени тяжести.
012325a7-7c00-46c0-a3bc-d45ed02684da,2009-08-17,,"техногенная катастрофа на Саяно-Шушенской ГЭС, погибло 75 человек, ранено более 15."
012337ad-7e00-4344-a21e-0bb63f05412e,2009-08-18,2009-08-23,в Жуковском прошёл IX Международный авиационно-космический салон (МАКС).
0123351a-7000-443a-a364-db7e8e66123d,2009-08-20,,в Исламской Республике Афганистан прошли вторые в истории страны президентские выборы. Победу одержал Хамид Карзай.
01235400-7800-4a3f-b16e-37e323e63972,2009-08-26,,запущен самый высокогорный газопровод «Дзуарикау — Цхинвал».
012349b3-f000-4477-9b7d-37e4fbfb0105,2009-08-24,,миссия шаттла «Дискавери» к МКС.
01235e4d-7000-453c-a5b5-b336e1f930a3,2009-08-28,,матч за Суперкубок УЕФА по футболу в Монако между «Барселоной» и «Шахтёром». Закончился со счётом 1:0.
01236373-fc00-4e4f-b611-24e7379e1ce2,2009-08-29,,открытие в Донецке стадиона класса «элит» Донбасс-Арена.
01236373-fc00-4de3-8b14-eacf7dd06aaa,2009-08-29,,"128-й старт по программе Спейс Шаттл. 37-й полёт шаттла Дискавери. Экипаж — Фредерик Стеркоу, Кевин Форд, Патрик Форрестер, Джон Оливас, Хосе Эрнандес, Кристер Фуглесанг (Швеция), Николь Стотт. Продолжение строительства Международной космической станции."
012372e6-f000-40f9-89e9-8b28b5133df7,2009-09-01,,в Евросоюзе запрещена продажа ламп накаливания мощностью 100 ватт.
0123ebec-7200-4abb-a2e9-b298ee0d4f4c,2009-09-24,2009-09-25,саммит G20.
0123f8cb-f800-4f2e-b78f-05917928ca70,2009-09-27,,очередные выборы в германский Бундестаг.
0123f8cb-f800-4e65-b16b-c8b0f5618924,2009-09-27,,парламентские выборы в Португалии.
0124083f-7c00-407c-ac9d-6f8bd3dad97c,2009-09-30,,"запуск космического корабля «Союз ТМА-16» к МКС. Экипаж старта — Максим Сураев, Джеффри Уильямс (США) и Ги Лалиберте (Канада)."
0124128b-f400-449e-bbcf-b73de29c52d9,2009-10-02,,на повторном референдуме в Ирландии ратифицирован Лиссабонский договор.
0124128b-f400-401e-86cc-ef3e7a8f1dc2,2009-10-02,,Рио-де-Жанейро выбран местом проведения XXXI Летних Олимпийских игр.
012417b2-7000-4111-8b37-fa3876a83f19,2009-10-03,,создан Тю́ркский сове́т
01243698-7800-40b3-8425-677eb31e1ea8,2009-10-09,,Бараку Обаме присудили Нобелевскую премию мира.
012440e5-7000-40b0-904f-d34ecff927b4,2009-10-11,,"приземление космического корабля Союз ТМА-14. Экипаж посадки — Г. И. Падалка, Майкл Баррат (США) и Г. Лалиберте (Канада)."
012440e5-7000-484d-a340-598ca53665a7,2009-10-11,,"единый день голосования в России. Выборы в законодательные органы ряда регионов, а также мэров ряда областных центров и других органов местного самоуправления."
01246a17-f000-48d4-8b89-f7f81e7994bd,2009-10-14,2009-10-24,в Беларуси прошла перепись населения.
0124798a-f400-4813-8a93-101c1f225056,2009-10-22,,начало розничных продаж операционной системы Windows 7
01249871-7c00-4367-9742-f210f31c0080,2009-10-28,,первый тестовый запуск ракеты-носителя «Арес-1».
0124b757-7400-466c-b5d5-94569a5310b7,2009-11-03,,президент Чехии Вацлав Клаус подписал Лиссабонский договор.
0124cbf0-f400-4d6d-b9e8-6b9797b2e4df,2009-11-07,,"по инициативе Русского общевоинского союза группа российских антикоммунистических организаций (РОВС, Российский имперский союз-орден, Санкт-Петербургская группа Народно-трудового союза российских солидаристов, историко-просветительский клуб «Вчера и сегодня») обратилась в Европейский парламент и ОБСЕ с предложением объявить 7 ноября Международным днём памяти жертв коммунизма."
0124cbf0-f400-41bb-ad79-cc97a32bef97,2009-11-07,,13 и 23 ноября — взрывы боеприпасов в ФГУП «31-й арсенал МО РФ» ВМФ в Ульяновске.
0124fa49-f000-4090-bed5-d8d02a534f99,2009-11-16,,"129-й старт (STS-129) по программе Спейс Шаттл. 31-й полёт шаттла Атлантис. Экипаж — Чарльз Хобо, Барри Уилмор, Майкл Форман, Роберт Сэтчер, Рэндолф Брезник, Леланд Мелвин. Продолжение строительства МКС."
01250496-f800-4d66-9189-c41190077c9e,2009-11-18,,определились все участники чемпионата мира по футболу 2010 года в ЮАР.
012509bd-7400-439e-836b-c7eca5774e20,2009-11-19,,"Херман ван Ромпёй избран первым постоянным председателем Европейского совета, Кэтрин Эштон — высоким представителем ЕС по иностранным делам и политике безопасности."
01251930-7800-4535-9297-9396b83155b2,2009-11-22,,президентские выборы в Румынии (первый тур).
012532ef-f400-48de-bbc4-00433304ca3f,2009-11-27,,"в результате совершённого исламскими террористами теракта произошло крушение поезда «Невский экспресс». Погибли 28 человек, ещё 95 пострадали."
01254789-7400-45ba-95e9-a1cdd58363b6,2009-12-01,,"приземление космического корабля Союз ТМА-15. Экипаж посадки — Р. Ю. Романенко, Ф. де Винне (Бельгия) и Р. Тёрск (Канада)."
01254789-7400-4326-a029-c933748a1a95,2009-12-01,,вступил в силу Лиссабонский договор о реформе Европейского союза.
01255c22-f400-4bbc-a43b-de2c0afc73b9,2009-12-05,,пожар в ночном клубе «Хромая лошадь» в Перми. Погибли 158 человек.
012556fc-7800-4eb9-b5f9-f86d85c44b7f,2009-12-04,,в Кейптауне состоялась жеребьёвка финалистов чемпионата мира по футболу 2010.
01255c22-f400-4665-a193-320b57b1dba8,2009-12-05,,"городам Архангельск, Козельск и Псков Указом Президента Российской Федерации присвоены звания Город воинской славы."
0125666f-7c00-44aa-ac2b-4ff999805e1a,2009-12-07,,в Копенгагене начала работу конференция по изменению климата.
01257875-fe00-442a-9f47-581da4a9a079,2009-12-10,2009-12-11,"на заседании на Мадейре УЕФА принято окончательное решение по городам Украины, которые будут принимать Чемпионат Европы по футболу 2012."
01257b08-fc00-4c3a-b1de-fd39c8892c20,2009-12-11,,"представлена игровая видеоприставка Uzebox, которую может спаять самостоятельно любой радиолюбитель."
0125802f-7800-485c-b084-801917874b84,2009-12-12,,президентские выборы в Абхазии.
01259f15-7000-422f-9d5a-77e7d13a8ad7,2009-12-18,,началась регулярная эксплуатация высокоскоростного электропоезда «Сапсан» по маршруту Москва — Санкт-Петербург.
0125a962-7800-41c7-9319-10f341780bd7,2009-12-20,,"запуск космического корабля «Союз ТМА-17» к МКС. Экипаж старта — Олег Котов, Тимоти Кример (США) и Соити Ногути (Япония)."
0125c848-7000-49fd-9a0c-1229a1c9c949,2009-12-26,,"открытие станций «Мякинино», «Волоколамская» и «Митино» Арбатско-Покровской линии Московского метрополитена."
0125c848-7000-43de-ae71-ac5ec868d3d2,2009-12-26,,открытие станции «Горьковская» после ремонта и открытие наземного вестибюля станции «Звенигородская» Петербургского метрополитена.
0125cd6e-fc00-41c4-98dd-2e7962f29995,2009-12-27,,президентские выборы в Хорватии (первый тур).
0125e72e-7800-42f6-ba41-65f991a89fab,2010-01-01,,"Вступил в силу Таможенный союз России, Беларуси и Казахстана."
0125e72e-7800-4962-8f0f-ab6c1b8f4003,2010-01-01,,Испания стала государством-председателем Совета Европейского союза.
0125e72e-7800-4033-860b-34b7ef60c2ad,2010-01-01,,Введение в обращение сукре — единой валюты некоторых стран Латинской Америки для взаимных расчётов в безналичной форме.
0125e72e-7800-4fa3-9483-621bd896fd91,2010-01-01,,"Телеканалы ВГТРК Россия, Спорт, Культура и Вести переименованы в Россия-1, Россия-2, Россия-К и Россия-24 соответственно."
0125ec54-f400-4f6d-92cd-1e8bf6ab8f85,2010-01-02,,закрыта на ремонт станция Октябрьская Кольцевой линии Московского метрополитена.
0125f17b-7000-429d-92c1-bcae77a8daac,2010-01-03,,в Буэнос-Айресе стартовало ралли «Дакар-2010».
0125f6a1-fc00-4c1e-b77c-c0894d0cd777,2010-01-04,,"в Дубае сдана в эксплуатацию башня Бурдж-Халифа — небоскрёб, с 19 мая 2008 года — самое высокое когда-либо существовавшее сооружение в мире. Высота — 828 метров (163 этажа)."
01261587-f400-436f-8249-40b27be057c6,2010-01-10,,в Российской Федерации введён новый вид уголовного наказания — «ограничение свободы».
01261fd4-7c00-43c6-a095-98208dbd168c,2010-01-12,,землетрясение на Гаити.
01262f47-f000-44c8-b3c1-daadc52bdfba,2010-01-15,,Владимир Торлопов покинул пост главы Республики Коми.
01263994-7800-4183-a239-081fa81493ab,2010-01-17,,первый тур Президентских выборов на Украине.
012643e0-f000-4b38-bbec-535ce941e37b,2010-01-19,,"по указу президента Дмитрия Медведева был образован новый Северо-Кавказский федеральный округ, отделён от Южного федерального округа с центром в Пятигорске."
01265354-7400-4bc3-a571-a65f5e27261c,2010-01-22,,экипаж Международной космической станции получил прямой доступ в Интернет.
01267760-f800-42c5-8b79-e17f911647a6,2010-01-29,,в Комсомольске-на-Амуре совершил первый полёт российский истребитель пятого поколения Су-57.
01267c86-f400-4973-b7b6-7f82e7b8050d,2010-01-30,,в Калининграде состоялся крупнейший в России с 1990-х годов митинг протеста против действия властей.
0126a5b9-f400-451b-b406-9edf8372660b,2010-02-07,,В Варшаве (Польша) прошла жеребьёвка отборочного турнира Чемпионата Европы по футболу 2012.
0126a5b9-f400-4683-8061-b70e1e767e29,2010-02-07,,На Украине прошёл второй тур Президентских выборов.
0126aae0-7000-4757-9316-f7411e3afbfa,2010-02-08,,"130-й старт (STS-130) по программе Спейс Шаттл. 24-й полёт шаттла Индевор. Экипаж — Джордж Замка, Терри Вёртс, Роберт Бенкен, Николас Патрик, Кэтрин Хайр, Стивен Робинсон. Продолжение строительства Международной космической станции."
0126b006-7c00-4db5-9573-cb0ae87ab4f8,2010-02-09,,утверждение Европарламентом нового состава Европейской комиссии.
0126b52c-f800-45c5-9183-bd1db7d06fa8,2010-02-10,,на предолимпийской сессии в Ванкувере (Канада) выбраны столицы Летних юношеских Олимпийских игр 2014 года и Зимних Юношеских Олимпийских игр 2016 года.
0126bf79-f000-49ba-906f-3c625d7d72c5,2010-02-12,,С космодрома Байконур стартовала ракета-носитель «Протон-М» с американским телекоммуникационным спутником «Intelsat 16».
0126bf79-f000-4e4f-a1c6-9eddf600f972,2010-02-12,,На стадионе Би-Си Плэйс в Ванкувере (Канада) прошла церемония открытия Зимних Олимпийских игр 2010.
0126bf79-f000-493d-ab9a-3f8f18bfbeb2,2010-02-12,,"В Афганистане началась Операция «Моштарак», крупнейшая с начала введения войск НАТО в 2001 году."
0126c9c6-7800-41b6-8931-6a30546f53df,2010-02-14,,наступление Нового года по китайскому календарю.
0126ceec-f400-46d9-b5b1-e9e95bb427f2,2010-02-15,,"в России отменяется обязательная сертификация пищевой и парфюмерно-косметической продукции, а также посуды."
0126e386-7400-455b-b621-fd04f80b17f5,2010-02-19,,"Международный союз теоретической и прикладной химии официально утвердил название 112-го химического элемента. Учёные Института тяжёлых ионов (Дармштадт, Германия) предложили для 112-го элемента название «коперниций» (Copernicium, Cn) в честь Николая Коперника."
0126f81f-f400-4d9e-a875-f4d53bc296c8,2010-02-23,,запуск «Международного торгового центра eBay» на русском языке.
0127026c-7c00-4119-b4bd-2da4e4baed77,2010-02-25,,инаугурация четвёртого Президента Украины Виктора Януковича.
01270cb8-f400-437f-8f1e-57f01843b581,2010-02-27,,мощное землетрясение в Чили; погибло более восьмисот человек.
012711df-7000-4419-a22b-c070165aaac1,2010-02-28,,на стадионе Би-Си Плэйс в Ванкувере (Канада) прошла церемония закрытия Зимних Олимпийских игр. Произошла передача Олимпийского флага от Ванкувера столице Зимних Олимпийских игр 2014 Сочи.
012735eb-f400-4786-8f0a-2dfb9e0ba046,2010-03-07,,в Ираке прошли выборы в Совет представителей.
01274038-fc00-420d-acf5-881dffd081fe,2010-03-09,,"в Лондоне состоялась премьера нового мюзикла Эндрю Ллойда Уэббера, сиквела мюзикла «Призрак Оперы» — «Любовь не умрёт никогда»."
01276e91-f800-45c6-828b-38d1195370bf,2010-03-18,,"приземление космического корабля Союз ТМА-16. Экипаж посадки — Максим Сураев, Джеффри Уильямс (США)."
01276e91-f800-41c9-9501-7dc49efb5627,2010-03-18,,Математический институт Клэя объявил о присуждении Григорию Перельману премии в размере 1 млн долларов США за доказательство гипотезы Пуанкаре. Это первое в истории присуждение премии за решение одной из Проблем тысячелетия.
012778de-f000-4f2c-84eb-6a7fc50222a3,2010-03-20,,с космодрома Байконур стартовала ракета-носитель «Протон-М» с американским спутником связи «EchoStar-14».
01277e04-fc00-4acf-9a27-b0ecedfd4c7a,2010-03-21,,извержение вулкана Эйяфьядлайёкюдль.
01278851-f400-410e-b69d-6f26198e7d73,2010-03-23,,Президент США Барак Обама подписал «Закон о доступном здравоохранении для Америки».
0127929e-7c00-46ca-b398-05ff6f0275b5,2010-03-25,,Рустам Минниханов принёс присягу и официально вступил в должность президента Республики Татарстан.
0127a737-fc00-43ab-b850-2d964d4b75e5,2010-03-29,,"два террористических акта в московском метро, погиб 41 человек."
0127bbd1-7c00-4d48-806a-b252a43f301d,2010-04-02,,"с космодрома Байконур стартовала ракета «Союз-ФГ» с транспортным пилотируемым кораблём «Союз ТМА-18». Экипаж старта — Александр Скворцов, Михаил Корниенко и Трейси Колдуэлл (США)."
0127c0f7-f800-4277-816f-b6b4e3b8621b,2010-04-03,,В США поступил в продажу первый в мире планшетный ноутбук iPad от Apple.
0127c0f7-f800-474f-8a1e-8069d9cf3d4f,2010-04-03,,В Британии начал работу первый в Европе 3D-телеканал.
0127cb44-7000-45ab-b26d-b329f1426a53,2010-04-05,,"131-й старт (STS-131) по программе Спейс Шаттл. 38-й полёт шаттла Дискавери. Экипаж — Алан Пойндекстер, Джеймс Даттон, Ричард Мастраккио, Клейтон Андерсон, Дороти Меткалф-Линденбургер, Стефани Уилсон, Наоко Ямадзаки (Япония). Продолжение строительства Международной космической станции."
0127d2fd-fa00-44f1-9f0e-907f5ade74ec,2010-04-06,2010-04-07,"массовые беспорядки в Кыргызстане, приведшие к отставке правительства."
0127dab7-7400-4582-bda1-f5a4d1f11202,2010-04-08,,Первый в мире самолёт на солнечных элементах совершил первый тестовый полёт.
0127dab7-7400-4e0d-a63b-c5ae436aafbf,2010-04-08,,Президент России Дмитрий Медведев и президент США Барак Обама в Праге подписали Договор о сокращении стратегических наступательных вооружений сроком на 10 лет.
0127dfdd-f000-4223-a458-2b0a5c428458,2010-04-09,,в Кыргызстане появилось народное правительство.
0127e504-7c00-4694-8db3-e61cec42416e,2010-04-10,,"произошла авиакатастрофа под Смоленском. В авиакатастрофе погибли президент Польши Лех Качиньский с супругой, глава Генштаба Польши Франтишек Гонгор, глава Национального банка Польши Славомир Скшипек и др."
0127f99d-7c00-4678-9dee-d9da010cfce3,2010-04-14,,"землетрясение магнитудой до 7,1 в Китае. Погибли 2039 человек, пропали без вести 195 человек, 12 315 человек получили ранения и более 100 тысяч остались без крова."
0128135d-7800-42c9-ad9c-74eae97425f6,2010-04-19,,"землетрясение в Афганистан магнитудой 5,3. 11 погибших, более 70 раненых."
01281883-f400-4638-aacb-72f01c87bc75,2010-04-20,,взрыв нефтяной платформы «Deepwater Horizon». Одна из крупнейших техногенных катастроф в мировой истории по негативному влиянию на экологическую обстановку.
012822d0-7c00-48cc-80f7-88068ba10ab3,2010-04-22,,с мыса Канаверал проведён испытательный запуск орбитального самолёта Boeing X-37B (приземлился 3 декабря).
01282d1d-7400-495b-b17b-8f899ad2af88,2010-04-24,,с космодрома Байконур стартовала ракета-носитель «Протон-М» с разгонным блоком «Бриз-М» и американским телекоммуникационным спутником «AMC-4Р».
01283c90-7800-4f98-b3d0-4d8dfe788cfc,2010-04-27,,парламенты России и Украины ратифицировали соглашение по поводу продления срока пребывания Черноморского флота ВМФ России в Крыму до 2042 года.
012841b6-f400-44d6-bd77-9b34d25b693b,2010-04-28,,пуск ракеты-носителя «Союз-У» с грузовым транспортным кораблём «Прогресс М-05М» к МКС.
01285129-f800-4da4-9297-f9ce8ed94cef,2010-05-01,,"Взрывы в Сомали. 2 взрыва прогремели в мечети Абдалла Шидейе, 39 погибших и около 70 пострадавших."
012a285f-7a00-44b5-9da7-3cde7493cec8,2010-05-01,2010-10-31,"всемирная выставка Expo 2010 (Шанхай, Китай)."
01289942-f000-4ae7-8c01-aa8531e23480,2010-05-07,2010-05-23,74-й чемпионат мира по хоккею с шайбой (Германия).
012877c9-7a00-4816-b90e-35c443c50162,2010-05-08,2010-05-09,взрывы на шахте «Распадская».
012884a9-7000-4969-90be-9f61ca293f1e,2010-05-11,,"на Спасской и Никольской башнях Московского Кремля обнаружены древние надвратные иконы, считавшиеся утраченными."
012889cf-fc00-4793-a09c-7f940b64d155,2010-05-12,,"Катастрофа Airbus A330 в Триполи (Ливия), погибли 103 человека. Единственный выживший — восьмилетний ребёнок из Нидерландов."
012889cf-fc00-4a06-81b9-51e18b7616f1,2010-05-12,,В Гамбурге (Германия) прошёл финал первого розыгрыша Лиги Европы УЕФА. Победу одержал клуб Атлетико Мадрид.
012889cf-fc00-4469-a713-8d772cd422aa,2010-05-12,,В России начали работу два первых в Интернете национальных кириллических домена .рф — сайты президент.рф и правительство.рф.
0128941c-7400-468d-ad7b-1fddacf641c3,2010-05-14,,Массовые беспорядки в Таиланде. В результате столкновений 10 человек были убиты и не менее 125 ранены.
0128941c-7400-46ec-ac9c-2a07fe177d28,2010-05-14,,"132-й старт (STS-132) по программе Спейс Шаттл. 32-й полёт шаттла Атлантис. Экипаж — Кеннет Хэм, Тони Антонелли, Майкл Гуд, Пирс Селлерс, Стивен Боуэн, Гаррет Рейсман. Продолжение строительства Международной космической станции."
0128941c-7400-4320-b2b5-20db728741f7,2010-05-14,,Основание компании Supercell.
01289942-f000-45ef-851b-5324efd8844d,2010-05-15,,состоялись акции протеста во многих городах России против платного основного образования.
01289e68-fc00-4803-b0e7-6aa93ce9d1ce,2010-05-16,,в Японии робот I-Fairy впервые в мире провёл официальную свадебную церемонию.
0128bd4f-7400-494a-b6cc-4d050f799721,2010-05-22,,"Катастрофа лайнера Boeing 737 в Мангалоре (Индия). Погибли 158 человек, выжили 8 человек, один из них скончался по дороге в больницу."
0128bd4f-7400-461d-b656-42a1448055f5,2010-05-22,,С космодрома Куру во Французской Гвиане европейский концерн Arianespace запустил ракету Ариан-5.
0128bd4f-7400-4d71-9f2e-ec4ca7b4c950,2010-05-22,,Останки астронома и католического священника Николая Коперника перезахоронены в кафедральном соборе Фромборка (Польша).
0128bd4f-7400-4eef-8603-f75179595499,2010-05-22,,В Мадриде (Испания) состоялся Финал Лиги чемпионов УЕФА. Победу одержал миланский Интер.
0128c275-f000-4bc2-a5ae-087fbdfdfc52,2010-05-23,,в Кёльне (Германия) состоялся финал 74-го чемпионата мира по хоккею с шайбой. Победу одержала сборная Чехии.
0128ccc2-7800-4cf6-988e-b4bfcb85a6b2,2010-05-25,,в результате падения туристического автобуса в Турции погибли 16 российских туристов. Ещё 25 россиян получили травмы.
0128d1e8-f400-4665-a110-928f1ec0b948,2010-05-26,,Шаттл «Атлантис» совершил посадку на космодроме на мысе Канаверал.
0128dc35-7c00-4b36-893e-847b582d22be,2010-05-28,,"Крушение поезда в Индии, погибли 100 человек и ещё более 160 получили ранения."
0128dc35-7c00-4d35-8e0e-9b6df4a98ba0,2010-05-28,,"В Лахоре (Пакистан) боевики захватили две мечети, погибли более 80 человек, более 100 ранены."
0128e15b-f800-460c-b75c-0b8e4d71900e,2010-05-29,,в Осло (Норвегия) прошёл финал Конкурса песни Евровидение 2010. Победу одержала представительница Германии Лена Майер-Ландрут.
0128e682-7400-4a3c-a601-4b161ccf4c75,2010-05-30,,в России прошёл финал национального отборочного конкурса Детское Евровидение 2010. Россию представит дуэт «Волшебный Микрофон» с песней «Boy & Girl».
0128eba8-7000-49be-b2b5-49e162b8dba7,2010-05-31,,"Израиль атаковал шесть судов международной «Флотилии свободы», шедшей с гуманитарным грузом в направлении Сектора Газа. В результате последовавших событий были убиты 9 и ранены 30 пассажиров корабля «Мави Мармара», ранения также получили 10—15 израильских солдат."
0128f5f5-7800-4583-8d79-905ad83b08d2,2010-06-02,,"приземление космического корабля Союз ТМА-17. Экипаж посадки — Олег Котов, Тимоти Кример (США) и Соити Ногути (Япония)."
0128fb1b-7400-473d-824f-1c02cfb71375,2010-06-03,,стартовал основной этап проекта Марс-500 — серия экспериментов по длительной изоляции экипажа в условиях специально созданного наземного экспериментального комплекса.
01290568-7c00-4cff-9889-c912d5c9d6fa,2010-06-05,,"специалисты НАСА предположили, что американская автоматическая межпланетная станция Кассини обнаружила на спутнике Сатурна Титане признаки жизни."
01291f27-f800-4944-b22c-eed76da232b2,2010-06-10,,Вспыхнули межэтнические столкновения между киргизами и узбеками на юге Кыргызстана. Погибли более 420 человек.
0129718d-f800-4e47-a168-a9ab64c0ad4c,2010-06-11,2010-07-11,чемпионат мира по футболу 2010 (Южно-Африканская Республика).
01292e9b-7c00-4516-9dd5-b6379a6403d3,2010-06-13,,"Японский космический аппарат Хаябуса успешно доставил на Землю капсулу, возможно, с пробой грунта астероида Итокава."
01292e9b-7c00-4031-ae3e-ba099cd67a0f,2010-06-13,,В Бельгии прошли внеочередные выборы обеих палат Парламента.
01293e0e-7000-44b0-a422-f6daae7d9cfe,2010-06-15,2010-06-17,"международная выставка Electronic Entertainment Expo (Лос-Анджелес, США)."
01293e0e-7000-4928-9eaf-cc4d699d00a0,2010-06-16,,"российский пилотируемый космический корабль «Союз ТМА-19» выведен на околоземную орбиту. Экипаж старта — Фёдор Юрчихин, Дуглас Уилок (США) и Шеннон Уокер (США). 100-й полёт к международной космической станции."
0129485a-f800-424a-b58d-75290fa1a94e,2010-06-17,2010-06-19,"Петербургский международный экономический форум (Санкт-Петербург, Россия)."
01294d81-7400-443c-b308-5b784a6c056f,2010-06-19,,открыты станции Достоевская и Марьина Роща Люблинско-Дмитровской линии Московского метрополитена.
01295cf4-7800-4705-91e4-ba71b4982499,2010-06-21,2010-06-23,"первые Олимпийские игры роботов-андроидов 2010 (Харбин, Китай)."
0129621a-f400-416c-a2c7-411d25c9ddcc,2010-06-23,,"В Испании скоростной поезд врезался в переходивших через железнодорожные пути. Погибли 12 человек, 13 ранены."
0129621a-f400-454a-b5cf-f1c67dba59be,2010-06-23,,Госдепартамент США включил лидера чеченских боевиков Доку Умарова в список международных террористов.
012976b4-7400-47eb-8780-a8db41cac6d2,2010-06-27,,"Президенты Македонии, Албании, Черногории и Косова подписали соглашение о создании зоны свободной торговли."
012976b4-7400-4016-bef9-afec140c7cec,2010-06-27,,"Для грузоперевозчиков открыт крупнейший аэропорт мира Al Maktoum International в Дубае, для пассажирских лайнеров аэропорт откроется в марте 2011 года."
01298100-fc00-4d3e-8bd5-f8efb15d8637,2010-06-27,2010-07-01,"I Международный кинофестиваль экшн-фильмов «Astana» (Астана, Казахстан)."
01298627-7800-4f3c-ae04-12abca38e8e1,2010-06-30,,на внеочередных выборах президентом Германии избран Кристиан Вульф.
0129f4df-f200-4714-8906-81a58a9e963b,2010-06-01,2010-09-10,аномальная жара и пожары в России.
01298b4d-f400-4bb1-a7f2-423f2fcee1b6,2010-07-01,,"Вступил в действие Таможенный кодекс Таможенного союза России, Беларуси и Казахстана."
01298b4d-f400-4929-902b-7c476ce8e043,2010-07-01,,Бельгия стала государством-председателем Совета Европейского союза.
0129959a-7c00-49bd-b2a0-5a84ab8a814d,2010-07-03,,"Вступила в должность Президента Кыргызской Республики переходного периода Роза Отунбаева, став первой в СНГ женщиной-президентом."
0129959a-7c00-40c4-a9f0-1fe4ebd39e43,2010-07-03,,Открытие гоночной трассы «Нижегородское кольцо».
01299ac0-f800-4193-bb23-a1778c253068,2010-07-04,,на досрочных выборах президента Польши победу одержал Бронислав Коморовский.
0129becd-7c00-47cb-9a22-d7f4eb51f1e0,2010-07-11,,в ЮАР завершился чемпионат мира по футболу. Чемпионом стала сборная Испании.
0129f773-7000-4063-91bf-4eb8bbdef57f,2010-07-19,2010-07-25,международное авиашоу Фарнборо 2010.
0129f24c-f400-4756-a668-b8184b38b9d4,2010-07-21,,"Террористический акт на Баксанской ГЭС (Кабардино-Балкария, Россия). Повреждены два гидрогенератора, два охранника погибли."
0129f24c-f400-494b-9479-383febfde59a,2010-07-21,,Президент США Барак Обама подписал Закон о финансовой реформе.
0129f773-7000-4cdb-9c37-df1b5290d6c2,2010-07-22,,Международный суд ООН в Гааге подтвердил законность одностороннего провозглашения независимости Республики Косово от Сербии.
012a1e12-f200-452a-a130-de90440bdbc3,2010-07-27,2010-08-01,"чемпионат Европы по лёгкой атлетике (Барселона, Испания)."
012a4745-f200-4ff5-8816-614efe0c78ae,2010-08-06,2010-08-07,парад планет.
012a594b-f400-408f-84e0-b17b520336f2,2010-08-10,,запуск русской версии всемирно известного телеканала Disney Channel вместо канала Jetix.
012a5e72-7000-45c5-bc9a-2d29404e567a,2010-08-11,,первый финал Кубка Либертадорес. Мексиканская «Гвадалахара» на своём поле уступила бразильскому «Интернасьоналу» 1:2.
012a6de5-7400-4cff-a9f3-1978962ad0b9,2010-08-14,,запуск российского телеканала Спорт 1 (ВГТРК).
012a8ccb-7c00-4284-a7d8-90232b204ce4,2010-08-14,2010-08-26,Летние юношеские Олимпийские игры (Сингапур).
012a730b-f000-4c8f-ad12-38202e0550eb,2010-08-15,,в России введён временный запрет на экспорт зерна по причине аномальной жары.
012a827e-f400-4481-91c5-55a3a5659593,2010-08-18,,ответный финал Кубка Либертадорес 2011. На Бейра-Рио «Интернасьонал» обыграл «Гвадалахару» со счётом 3:2 и во второй раз стал победителем турнира.
012ac04b-7400-4dba-9a19-36a1764f1617,2010-08-30,,"в центре Братиславы 50-летний мужчина застрелил 8 человек, 13 ранены."
012ac571-7000-4098-879b-057e89af0b31,2010-08-31,,президент США Барак Обама официально объявил о завершении военной операции в Ираке.
012aca97-fc00-4749-835d-6c9cd3e2a6d9,2010-09-01,,в ЕС запрещена продажа ламп накаливания мощностью 75 Вт.
012acfbe-7800-4f6e-8d1e-d58e4be7bb70,2010-09-02,,с космодрома Байконур стартовала ракета-носитель класса Протон-М с тремя спутниками Глонасс-М.
012ae6ea-f600-4e13-9cdb-55fb91d986d8,2010-09-06,2010-09-07,"VII Форум межрегионального сотрудничества Казахстана и России (Усть-Каменогорск, Казахстан)."
012af3ca-fc00-413e-b31a-1010cf20da44,2010-09-09,,террористический акт во Владикавказе (Россия). Убиты 18 человек и ранены 202 человека.
012b17d7-7000-4fc6-a74c-ff628f524787,2010-09-16,,ЕС подписал договор о создании зоны свободной торговли с Южной Кореей.
012b1f90-fa00-4b24-ad8a-22e0e7637e81,2010-09-17,2010-09-18,"в Душанбе (Таджикистан) состоялся музыкальный фестиваль «Небо Содружества», который объединил молодых эстрадных звёзд из стран СНГ и Грузии."
012b2223-f800-4eda-bb50-28ea7ccb0596,2010-09-18,,Казахстан впервые в истории прошёл в Мировую группу Кубка Дэвиса.
012b36bd-7800-43f3-8447-52499c34c9c5,2010-09-20,2010-09-24,в Калуге проходил XXI съезд Всероссийского Физиологического общества им. И. П. Павлова.
012b36bd-7800-4e9b-a2b0-39819ed32ca4,2010-09-22,,в Израиле вступил в силу закон о гражданском браке для нерелигиозных граждан.
012b410a-7000-4c31-b136-a0a0f0b04882,2010-09-24,,в Харькове (Украина) открылся 17-й Международный музыкальный фестиваль «Харьковские ассамблеи»—2010.
012b4630-7c00-4dac-96c9-ed39b5e4fa75,2010-09-25,,"приземление космического корабля Союз ТМА-18. Экипаж посадки — Александр Скворцов, Михаил Корниенко и Трейси Колдуэлл (США)."
012b507d-7400-4c5f-9539-9bcd302626cc,2010-09-27,,президент Косово Фатмир Сейдиу покинул свой пост.
012b55a3-f000-42d8-a408-ee0a7b65b902,2010-09-28,,мэр Москвы Юрий Лужков отправлен в отставку «в связи с утратой доверия Президента РФ».
012b55a3-f000-4280-b969-ec3eb83599d4,2010-09-28,,"в Пхеньяне во время партконференции, генеральным секретарём Трудовой партии Кореи переизбран Ким Чен Ир."
012b6516-f400-4948-b1ba-6a040fd871f1,2010-10-01,,Конституционный суд Украины признал незаконной конституционную реформу 2004 года. Украина вернулась к президентско-парламентской форме правления.
012b6a3c-f000-47c1-aa55-710ef6002e50,2010-10-02,,"в Латвии состоялись выборы в однопалатный парламент — Сейм. Победу одержало объединение «Единство», которое возглавляет премьер-министр страны Валдис Домбровскис."
012b83fc-fc00-4e74-a418-508e107615d8,2010-10-07,,"Роскосмос запустил с космодрома Байконур Союз «Союз ТМА-01М» с модернизированной системой управления. Экипаж старта — Александр Калери, Олег Скрипочка и Скотт Келли (США)."
012b936f-f000-49fe-a45e-8a8bb7be3355,2010-10-10,,Десятый Единый день голосования в России.
012b936f-f000-4030-8cfa-4ecdcb7e3332,2010-10-10,,Начало трансляции популярного мультсериала My Little Pony.
012b936f-f000-4fd5-8ecc-e8dfab1a3678,2010-10-10,,Роспуск Нидерландских Антильских островов.
012ba809-7000-40d1-80a2-66b181d9e052,2010-10-14,,с космодрома Байконур стартовала ракета-носитель «Протон-М» с разгонным блоком «Бриз-М» и американским телекоммуникационным спутником «Sirius XM-5».
012bc45c-7a00-45af-b459-178bc2bafff8,2010-10-14,2010-10-25,Всероссийская перепись населения.
012bad2f-fc00-40e8-8a1c-db5558bd6fe8,2010-10-15,,в России начал работу первый в СНГ 3D-телеканал.
012bcc15-f400-4731-ac48-f467c043aea9,2010-10-21,,Сергей Собянин официально вступил в должность мэра Москвы.
012bcc15-f400-4f32-b4e8-6079492d15c9,2010-10-21,,Изменён флаг Республики Союза Мьянма.
012be0af-7400-4f85-a2c3-4087966df4c0,2010-10-25,,"землетрясение магнитудой 7,7 возле островов Ментавай к западу от Суматры в Индонезии, вызвавшее волну цунами, унесло жизни как минимум 413 человек, ещё 298 человек пропали без вести."
012bfa6f-7000-4bc3-8f52-d3e05489b93e,2010-10-30,,в городе Санья (КНР) состоялся конкурс красоты Мисс Мира 2010.
012bff95-7c00-49a7-9f7d-31c0127a04a2,2010-10-31,,состоялись местные выборы на Украине.
012bff95-7c00-46f4-be77-dbca5ae9066c,2010-10-31,,"Эпидемия холеры в Гаити, жертвами эпидемии стали около 330 человек."
012c142e-fc00-47c8-b5ee-cc5f39d63d36,2010-11-04,,"Президент РФ Дмитрий Медведев подписал Указы о присвоении Владивостоку, Тихвину, Твери почётного звания «Город воинской славы»."
012c3ace-7e00-4277-ad0f-38fcd979937d,2010-11-11,2010-11-12,"5-й саммит Группы двадцати (Сеул, Южная Корея)."
012c5721-7800-4384-af69-a56ae5495ecb,2010-11-17,,Казахстан и США объявили о «безопасном закрытии» промышленного ядерного реактора БН-350 в городе Актау (Казахстан).
012c6401-7e00-4787-a52d-0b69c4150bb2,2010-11-19,2010-11-20,саммит НАТО в Лиссабоне (Португалия).
012c6694-fc00-4c75-b52d-bcb6fb538d8f,2010-11-20,,в Минске (Беларусь) прошёл Детский конкурс песни Евровидение 2010. Победу одержал представитель Армении Владимир Арзуманян.
012c7607-f000-4812-bed7-b90f7a316d8b,2010-11-23,,вооружённый конфликт между КНДР и Южной Кореей.
012c8054-7800-4a5a-a01d-02304e61a693,2010-11-24,2010-11-26,протест в Лондоне и Риме школьников и студентов против реформы образования и повышения платы за образование.
012c857a-f400-4cca-9e73-ab9c40727799,2010-11-26,,"приземление космического корабля Союз ТМА-19. Экипаж посадки — Фёдор Юрчихин, Дуглас Уилок (США) и Шеннон Уокер (США)."
012c8fc7-7c00-4ab8-a94c-ec5720d65e21,2010-11-28,,парламентские выборы в Республике Молдова.
012ca1cd-fe00-4e65-9f16-bf834723c8a4,2010-12-01,2010-12-02,саммит ОБСЕ в Астане (Казахстан).
012ca460-fc00-4829-ad65-e8e6da56e70f,2010-12-02,,в Цюрихе (Швейцария) прошло объявление стран-хозяек чемпионатов мира по футболу 2018 года — России и 2022 года — Катара.
012ca460-fc00-44c8-a65f-0d43b3e55a61,2010-12-02,,образовалась украинская поп-группа Время и Стекло.
012cc347-7400-4c6e-9c8f-67153cbcb2b3,2010-12-08,,"пожар в тюрьме (Сантьяго, Чили), погиб 81 человек."
012cd2ba-7800-4c6c-b1b1-bb65a709fee3,2010-12-11,,"в Москве на Манежной площади состоялся митинг молодёжи, которая протестовала против коррупции в правоохранительных органах и требовала наказания виновных в убийстве Егора Свиридова. Митинг перерос в массовые беспорядки."
012cd7e0-7400-406e-8f0a-51265a1ebb9d,2010-12-12,,в Косове прошли парламентские выборы. Большинство голосов получила Демократическая партия Косово во главе с премьер-министром Хашимом Тачи.
012ce753-f800-4f33-9776-36ac60b211e9,2010-12-15,,В Махачкале (Россия) прошёл Съезд народов Дагестана.
012ce753-f800-434b-a23d-64242f615ef1,2010-12-15,,"Роскосмос запустил с космодрома Байконур Союз ТМА-20. Экипаж старта — Дмитрий Кондратьев, Катерина Коулман (США) и Паоло Несполи (Италия)."
012cfbec-f800-41db-bda4-74e7a9ce2964,2010-12-19,,"в Беларуси прошли президентские выборы. Действующий президент Александр Лукашенко переизбран, получив 79,67 % голосов. Оппозиция провела митинг у Дома Правительства в Минске, перешедший, по мнению состоявшегося вскоре суда, в массовые беспорядки."
012d0b60-7c00-4159-8362-d52cb33d0198,2010-12-22,,Совет Безопасности ООН учредил Международный остаточный механизм для уголовных трибуналов.
012d0b60-7c00-49a8-a050-d26346a4165f,2010-12-22,,Сенат США ратифицировал Договор с Россией о сокращении наступательных вооружений.
012d3492-fc00-4b49-ba5f-b31957407b6e,2010-12-30,,открыты станция «Обводный канал» Петербургского метрополитена и станция Козья слобода Казанского метрополитена
012d3edf-f400-495f-b050-b2f9df756927,2011-01-01,,"Эстония перешла на евро, став 17-м членом еврозоны."
012d3edf-f400-4c76-8179-fb7c6bbe4e86,2011-01-01,,Венгрия стала государством-председателем Совета Европейского союза.
012d3edf-f400-4f88-8531-dc51cc8e6e03,2011-01-01,,"Специальные муниципалитеты Нидерландов: Бонайре, Синт-Эстатиус и Саба (Карибские Нидерланды) перешли с антильского гульдена на доллар США."
012d3edf-f400-499e-b9b3-cd9f090d3910,2011-01-01,,Литва стала государством-председателем ОБСЕ.
012d3edf-f400-438f-87d1-9edb245d1b6a,2011-01-01,,В России запрещена продажа ламп накаливания мощностью 100 ватт и более.
012d3edf-f400-41e0-94cb-e7499992f22e,2011-01-01,,Дилма Русеф вступила в должность президента Бразилии (первая женщина-президент в истории страны).
012d3edf-f400-48b5-be50-10f6c3f80f6e,2011-01-01,,"Взрыв в коптской церкви в Александрии (Египет). Погибли 23 человека, ранены 97 человек."
012d3edf-f400-4662-8809-ef6a30691dbf,2011-01-01,,"В Сургуте (Россия) при взлёте загорелся и взорвался самолёт Ту-154. 3 человека погибли, 44 пострадали."
012d4406-7000-48a1-acfb-e56031494a92,2011-01-02,,"в Чили произошло землетрясение магнитудой 6,5. Жертв и разрушений нет."
012d5dc5-fc00-437b-a0a8-8ac468e44d37,2011-01-07,,в Омске прошёл XX Рождественский марафон.
012d62ec-7800-4eec-9c59-8194c6be5b31,2011-01-08,,"в городе Тусон (США) во время выступления перед избирателями совершено покушение на члена Палаты представителей США от штата Аризона Габриэль Гиффордс, которая с тяжёлым ранением головы доставлена в госпиталь. Погибли 6, ранены 14 человек."
012d6812-f400-42cc-bb73-0a9df7e43b74,2011-01-09,,В Российской Федерации запрещена покупка иностранцами земель на приграничных территориях.
012d6812-f400-4fc9-97f5-8ff40ddf0762,2011-01-09,,В результате авиакатастрофы в Иране погибли 77 и ранены 26 человек.
012d7785-f800-4154-ab08-a70c9d75a088,2011-01-09,2011-01-15,референдум в Южном Судане о независимости от Судана.
012d6d38-f000-451d-8153-a24954a2cc87,2011-01-10,,Южная Осетия полностью запретила хождение на своей территории грузинского лари.
012d8465-7e00-43b6-a22a-6ccb21a08659,2011-01-13,2011-01-16,"9-й международный фестиваль духовной музыки «Серебряные колокола» (Даугавпилс, Латвия)."
012d81d2-7000-44aa-83a4-4eb6164eaa48,2011-01-14,,"Парламент Казахстана принял решение о проведении референдума о продлении полномочий президента страны Нурсултана Назарбаева до 2020 года, вопреки его указу об отклонении данного предложения."
012d81d2-7000-4b6d-af17-dd6a929b3905,2011-01-14,,Государственный переворот в Тунисе. В результате волнений в Тунисе президент Туниса Зин эль-Абидин Бен Али бежал из страны.
012d8c1f-7800-4920-95d5-3f1005183f4d,2011-01-16,,"российская команда «КАМАЗ-мастер» в десятый раз стала победительницей ралли Дакар 2011 (Буэнос-Айрес, Аргентина)."
012d9145-7400-42d4-9b75-82e3594c7353,2011-01-17,,президент Казахстана Нурсултан Назарбаев не подписал поправки в конституцию о проведении референдума по продлению его полномочий до 2020 года и направил их на рассмотрение в Конституционный совет.
012d9b92-7c00-40ac-b142-13b517d65858,2011-01-19,,"Землетрясение магнитудой 7,4 произошло на юго-западе Пакистана."
012d9b92-7c00-4c7c-b1a5-8cdb2a3b8846,2011-01-19,,В России впервые возбуждено уголовное дело в отношении интернет-пользователя по факту нарушения авторских прав.
012da0b8-7800-4c1f-8c46-4a8058bb4733,2011-01-20,,"в городе Макеевка (Донецкая область, Украина) произошло несколько взрывов. Пострадавших нет."
012da5de-f400-493a-9578-41c68f43c7ee,2011-01-21,,Александр Лукашенко официально вступил в должность президента Республики Беларусь в четвёртый раз.
012da5de-f400-4602-af35-56e679f61c28,2011-01-21,,Массовое убийство в Ставрополе.
012db02b-fc00-4b24-a176-fcff238f269e,2011-01-23,,На президентских выборах в Португалии победил действующий глава государства Анибал Каваку Силва.
012db02b-fc00-4f8d-9cd4-576db62d0fb5,2011-01-23,,"На юге Пакистана пассажирский автобус столкнулся с бензовозом. Погибли 32 человека, 9 пострадали."
012db551-f800-440a-8783-7740f60d5674,2011-01-24,,"в результате теракта в аэропорту Домодедово погибли 37, ранены 180 человек."
012dba78-7400-49e2-8e3e-5e6e3251539c,2011-01-25,,Государственная дума России окончательно ратифицировала договор об СНВ-3.
012dba78-7400-4cfe-9e53-c45dbed7c720,2011-01-25,,Начало массовых антиправительственных выступлений в Египте против режима Хосни Мубарака.
012dc9eb-7800-43ce-8ee6-50d04b7da87d,2011-01-26,2011-01-30,"41-й Всемирный экономический форум (Давос, Швейцария)."
012dde84-f800-4fe4-af06-121330c1c3cb,2011-01-27,2011-02-06,"25-я зимняя Универсиада (Эрзурум, Турция)."
012dc9eb-7800-4b83-ac73-50f5c9c72f27,2011-01-28,,Государственная дума России приняла закон «О полиции».
012dcf11-f400-42ba-b4c3-8482f684f480,2011-01-29,,в результате волнений в Египте мародёры уничтожили две мумии египетских фараонов и пытались разгромить редчайшую коллекцию египетских древностей в национальном музее в центре Каира.
012dd438-7000-4c89-8aa9-11192365dadf,2011-01-30,,"США призвали своих граждан покинуть Египет «быстро, насколько возможно»."
012de63e-7200-4e4d-98f0-a4cfaffd0332,2011-01-30,2011-02-06,"VII Зимние Азиатские игры (Азиада-2011) (Астана, Казахстан)."
012dd95e-7c00-4ebc-8d20-e1c327cacbe0,2011-01-31,,"Конституционный совет Республики Казахстан, рассмотрев обращение президента страны, признал незаконным проведение референдума по продлению его полномочий до 2020 года. Нурсултан Назарбаев согласился с этим решением и предложил провести досрочные президентские выборы."
012dde84-f800-4a27-9e4c-384833c5c3a3,2011-02-01,,в Екатеринбурге в день 80-летия со дня рождения первого президента России состоялось открытие памятника Борису Ельцину.
012de8d1-f000-4a7e-be20-b392133da7f3,2011-02-02,2011-02-04,"Архиерейский собор Русской православной церкви (Храм Христа Спасителя, Москва, Россия)."
012de8d1-f000-4dc2-863b-872a172babc7,2011-02-03,,"президент РФ Дмитрий Медведев упразднил Федеральную службу по надзору за соблюдением законодательства в области охраны культурного наследия, подписав соответствующий указ."
012df31e-7800-491f-8e1a-f344b7b9eaf7,2011-02-05,,вступил в силу договор об СНВ-3.
012df844-f400-4a38-9ad8-ee97c3ea4e19,2011-02-06,,"В Арлингтоне (штат Техас, США) прошёл Супербоул XLV."
012dfd6a-f000-4e7b-a09c-58de4a610e63,2011-02-07,,Президент Судана Омар аль-Башир признал независимость Южного Судана.
012dfd6a-f000-4fc0-bc01-223f5595af03,2011-02-07,,Президент РФ Дмитрий Медведев подписал федеральный закон «О полиции».
012e0291-7c00-4bd3-809a-3b93beac069e,2011-02-08,,Президент РФ Дмитрий Медведев объявил об отмене в России перехода на «зимнее время».
012e07b7-f800-44ef-8e5d-02e181825c28,2011-02-09,,отмена визового режима между Украиной и Израилем.
012e1204-7000-4fae-b5ef-c663444bf4d4,2011-02-09,2011-02-13,"международный авиационно-космический салон Aero India (Аэро Индия) (Бангалор, Индия)."
012e0cde-7400-40aa-b5fe-282d7ef07c6c,2011-02-10,,"пожар на складе ООО «Кама-Трейд» в Перми, в результате которого 18 человек погибли, двое ранены, 1 — спасся."
012e1204-7000-48a9-82e7-29d425d0e15f,2011-02-11,,президент Египта Хосни Мубарак покинул свой пост.
012e1c51-7800-4f55-96d0-2b47984edb7b,2011-02-13,,В Чаде прошли парламентские выборы.
012e1c51-7800-459c-9957-015e72806c0b,2011-02-13,,Высший совет Вооружённых сил Египта отменил действие конституции в стране и распустил обе палаты парламента.
012e269d-f000-4e9d-80a0-126688c38823,2011-02-15,,"Американский межпланетный зонд Stardust-NeXT совершил пролёт вблизи поверхности кометы Tempel 1, минимальное расстояние до небесного тела составляло 181 км."
012e269d-f000-4865-aa94-a77cf47f13d8,2011-02-15,,Начало гражданской войны в Ливии между сторонниками и противниками Муамара Каддафи.
012e30ea-f800-4b0b-8ce0-b6f1ad13661a,2011-02-17,,"Во Вьетнаме затонуло судно с иностранными туристами. Погибли 11 человек, из них две гражданки России."
012e30ea-f800-4fef-b55f-32ea3996f623,2011-02-17,,Дмитрий Медведев встретился с папой римским Бенедиктом XVI.
012e30ea-f800-4ebb-bc69-36649f385790,2011-02-17,,В Кыргызстане появился пик Владимира Путина.
012e3610-f400-46a2-9b5a-080c17932995,2011-02-18,,"В Кабардино-Балкарии обстрелян автобус с московскими туристами. Трое туристов погибли, двое ранены."
012e3610-f400-4e05-98f9-80ce71a2458f,2011-02-18,,Южно-Африканская Республика официально присоединилась к группе развивающихся государств БРИК.
012e405d-fc00-4ef1-94ac-178f9f2cb0f9,2011-02-20,,В городе Хаапсалу (Эстония) произошёл пожар в детском доме для инвалидов. Погибли 10 детей.
012e4aaa-7400-4349-8d8c-4cb73879a387,2011-02-22,,Перу и Ливия расторгли дипломатические отношения в связи с беспорядками в Ливии.
012e4aaa-7400-4e46-a889-732c45fe1fe2,2011-02-22,,"В результате разрушительного землетрясения в Крайстчерче (Новая Зеландия) магнитудой 6,3 погибли 166 человек, 122 — пропали без вести."
012e4fd0-f000-48f0-a724-e9be5c5464ec,2011-02-23,,"президент России Дмитрий Медведев вручил мэрам городов Тихвин, Тверь и Владивосток грамоты о присвоении звания Город воинской славы."
012e54f7-7c00-48e7-a244-498f057c8404,2011-02-24,,"133-й старт (STS-133) по программе Спейс Шаттл. 39-й полёт шаттла Дискавери. Экипаж — Стивен Линдси, Эрик Боу, Элвин Дрю, Майкл Барратт, Стивен Боуэн, Николь Стотт. Продолжение строительства Международной космической станции. Последний полёт шаттла Дискавери."
012e54f7-7c00-4a68-9056-2bd59ea5f000,2011-02-24,,Крупнейший аэропорт мира Аль-Мактум в Дубае открыт для пассажирских лайнеров.
012e646a-7000-4de7-aad5-41ec8f304bfa,2011-02-27,,в Лос-Анджелесе (США) состоялась 83-я церемония вручения премий Оскар. Лучшим фильмом года Американская киноакадемия признала картину «Король говорит!».
012e6990-7c00-4705-8ece-5d1dc2cbf148,2011-02-28,,"в Японии завершился первый в мире марафонский забег, участие в котором принимали роботы."
012e6eb6-f800-4aed-9aa9-a49681fc6695,2011-03-01,,В России вступил в силу закон «О полиции».
012e6eb6-f800-4b3c-8fad-53198268ef0a,2011-03-01,,В России начали действовать водительские права международного образца.
012e6eb6-f800-4c4d-b85d-9608e2568b56,2011-03-01,,"Упрощён визовый режим между Грузией и ЕС (кроме Дании, Великобритании и Ирландии)."
012e7e29-fc00-46f6-9e17-9428d96958d9,2011-03-04,,"президентом Торгово-промышленной палаты России избран Сергей Катырин после того, как 21 февраля её предыдущий президент Евгений Примаков объявил о своей отставке и об отказе от переизбрания на новый срок."
012e8876-f400-45da-863d-00620e3c0ed1,2011-03-06,,"В Эстонии прошли парламентские выборы. Победу одержала Партия реформ, которую возглавляет премьер-министр Эстонии Андрус Ансип."
012e8876-f400-43d6-8453-9d42696ae808,2011-03-06,,В Техасе (США) прошли крупные митинги за независимость штата.
012e8d9d-7000-4c47-9184-6d8c2a8da99d,2011-03-07,,Президент России Дмитрий Медведев подписал закон о либерализации уголовного законодательства.
012e8d9d-7000-4723-89f6-f59c04f847ef,2011-03-07,,В столице Анголы Луанде разогнана антиправительственная демонстрация во главе с рэпером Иконокластой.
012e97e9-f800-4230-b857-5f42fb2d5e2f,2011-03-09,,"Официально введён в эксплуатацию суперкомпьютер, построенный в РФЯЦ-ВНИИЭФ — самый мощный, на сегодняшний день, суперкомпьютер в России."
012e97e9-f800-450a-b469-53a4e42b0233,2011-03-09,,"Шатл «Дискавери» завершил свою 27-летнюю карьеру, совершив успешное приземление в космическом центре имени Кеннеди во Флориде."
012ea236-7000-448f-a49f-5a1751bab8b3,2011-03-11,,"землетрясение магнитудой от 9,0 до 9,1 произошло у северо-восточного побережья Японии. Землетрясение вызвало разрушительное цунами в Японии. Высота волны достигала 10 м. Произошли сбои в работе нескольких ядерных реакторов. 15 597 погибших, 5694 раненых, 4980 пропавших без вести (на 20 июля). Экономический ущерб, по приблизительной оценке, составил до 309 млрд USD."
012ea75c-fc00-4d8b-9711-955907d5688a,2011-03-12,,"на японской АЭС «Фукусима-1», пострадавшей в результате землетрясения, произошёл взрыв. Уровень радиации возле станции превысил норму в 20 раз."
012eac83-7800-4b4a-b45d-5792906f31b3,2011-03-13,,Единый день голосования (Россия).
012eac83-7800-425a-9151-1957bdf7754a,2011-03-13,,Колумбия отменила визовый режим для граждан России.
012eb1a9-f400-47e1-8f37-da213849a849,2011-03-14,,в Бахрейн прибыли больше тысячи военнослужащих из Саудовской Аравии и полицейские силы из ОАЭ.
012eb6cf-f000-4ab3-97c9-12a147d1574d,2011-03-15,,На АЭС Фукусима I произошли взрывы во втором и четвёртом энергоблоках. На четвёртом энергоблоке пожар.
012eb6cf-f000-4faa-8565-6e923b964ec9,2011-03-15,,Начало гражданской войны в Сирии.
012ebbf6-7c00-467b-8ccd-99fad8b37bf5,2011-03-16,,"приземление космического корабля Союз ТМА-01М. Экипаж посадки — Александр Калери, Олег Скрипочка и Скотт Келли (США)."
012ec642-f400-4645-aa50-3e93b34e2092,2011-03-18,,Автоматическая межпланетная станция MESSENGER вышла на орбиту Меркурия.
012ec642-f400-4191-859c-c40f45c74f5b,2011-03-18,,Автоматическая межпланетная станция New Horizons пересекла орбиту Урана после пятилетнего путешествия.
012ecb69-7000-42f1-abbb-9c6cd33c88d4,2011-03-19,,В Египте прошёл референдум по внесению изменений в Конституцию. Большинство египтян поддержало поправки к конституции.
012ecb69-7000-41f7-a0c6-c30f5fd44c95,2011-03-19,,"Военно-воздушные силы Франции, Великобритании и США начали бомбардировки районов Ливии, находящихся под контролем сторонников Каддафи."
012ed08f-fc00-47ef-a552-2529e84bc2db,2011-03-20,,в Гаити прошёл второй тур президентских выборов. Новым президентом Гаити стал Мишель Мартейи.
012edadc-7400-458a-90d6-0843832344db,2011-03-22,,"реактивный истребитель ВВС Нигерии F-7 потерпел крушение в международном аэропорту Малам Амину Кано в Кано. Пилот погиб, аэропорт для совершения полётов был закрыт."
012ee002-f000-4beb-a960-4518037a80cb,2011-03-23,,"теракт в Иерусалиме, погиб 1 человек и 35 ранены."
012ee529-7c00-45c7-8458-d208cfa06821,2011-03-24,,"землетрясение в Мьянме магнитудой 7. Погибло около 60 человек, ранены не менее 90."
012ee7bc-7a00-4bd5-8d14-4eae9d7eac02,2011-03-24,2011-03-25,саммит ЕС.
012ef49c-7000-42e9-844c-bfbc218ec75c,2011-03-27,,Россия и Беларусь перешли на постоянное летнее время.
012ef9c2-fc00-4ed8-8a6a-fecdd43cd80a,2011-03-28,,бывший президент Египта Хосни Мубарак заключён под домашний арест.
012f0e5b-fc00-47a2-9a24-d6e8e44939f9,2011-04-01,,на границе России и Беларуси отменён транспортный контроль. Его перенесли на внешний контур границ Таможенного союза.
012f18a8-f400-4af7-9afa-cc1a2a171e79,2011-04-03,,На внеочередных выборах президента Казахстана Нурсултан Назарбаев переизбран на четвёртый срок.
012f18a8-f400-4f30-93d4-f8a1141714c7,2011-04-03,,В России вступили в силу новые правила регистрации автомобилей.
012f1dcf-7000-47e6-8ead-447fd00802a4,2011-04-04,,В столице ДРК городе Киншасе произошла авиакатастрофа самолёта «CRJ-100». Погибли 32 человека.
012f1dcf-7000-4868-afe5-21c7525a6b3c,2011-04-04,,Землетрясение в Индонезии магнитудой около 7.
012f22f5-7c00-454e-b920-e3eb373a0609,2011-04-05,,"с космодрома Байконур запущен космический корабль Союз ТМА-21 «Юрий Гагарин». Экипаж старта — Андрей Борисенко, Александр Самокутяев и Рональд Гаран (США)."
012f2d42-7400-4d49-9a40-161cee9629a8,2011-04-07,,Атифете Яхьяга избрана президентом Республики Косово (первая женщина-президент в истории Косово).
012f41db-f400-4773-8aa3-25e5c8e49f3c,2011-04-11,,"Экс-президент Кот-д’Ивуара Лоран Гбагбо, отказавшийся признать поражение на выборах, захвачен французским спецназом и передан представителям избранного кандидата Алассана Уаттара."
012f41db-f400-49d3-a018-3c96a0cd25e5,2011-04-11,,"В Минске произошёл взрыв в метро на станции «Октябрьская», погибли 15 человек, пострадали 204 человека."
012f4701-f000-4b84-9e07-e11be6368a14,2011-04-12,,международное празднование 50-й годовщины полёта человека в космос.
012f5675-7400-4a76-9c3a-56f0e36affc0,2011-04-15,,"в Москве прошла конференция, на которой между представителями Роскосмоса и НАСА обсуждена возможность создания космического корабля с ядерной энергетической установкой."
012f5b9b-7000-43d6-9005-68ae411ba429,2011-04-16,,Вступил в силу безвизовый режим между Россией и Турцией.
012f60c1-fc00-48d2-84bc-132d23205e17,2011-04-17,,Парламентские выборы в Финляндии. Победу одержала партия Национальная коалиция.
012f60c1-fc00-4dc7-b587-fcd8b6e1a538,2011-04-17,,VI-й съезд Коммунистической партии Кубы принял решение о серьёзных политических и экономических реформах в стране.
012f60c1-fc00-4158-8d13-7dae3d8081e1,2011-04-17,,на телеканале HBO состоялась премьера сериала «Игра престолов».
012f6b0e-7400-4ff8-ab07-2f78b39d9f8b,2011-04-19,,"В Сирии принят закон об отмене чрезвычайного положения, действовавшего в стране почти полвека, и упразднён государственный суд безопасности."
012f6b0e-7400-401e-b8d5-4c5b9d0d5b38,2011-04-19,,"На VI съезде Компартии Кубы Фидель Кастро оставил пост Первого секретаря ЦК партии, новым Первым секретарём избран Рауль Кастро."
012f9967-f000-4b98-92fa-11a8efff821d,2011-04-25,2011-05-01,"чемпионат мира по фигурному катанию (Москва, Россия)."
012fc7c0-fc00-48ad-86bf-364e3d6d82d4,2011-04-29,2011-05-15,"чемпионат мира по хоккею с шайбой (Братислава, Кошице; Словакия). Чемпионом стала сборная Финляндии."
012fae01-7000-4af1-9779-15c8e9564068,2011-05-02,,В результате спецоперации в Пакистане уничтожен глава террористической сети Аль-Каида Усама бен Ладен.
012fae01-7000-40e3-9db5-a4d61b765f2e,2011-05-02,,Парламентские выборы в Канаде. Правящая Консервативная партия получила абсолютное большинство мест в парламенте.
012fb5ba-fa00-46b4-9b10-55d6a566a202,2011-05-03,2011-05-04,"IV Астанинский экономический форум (Астана, Казахстан)."
012fc7c0-fc00-4623-942d-7ad27607e533,2011-05-07,,"Городам Старый Оскол, Колпино и Анапа присвоено почётное звание Город воинской славы."
012fc7c0-fc00-4154-84ef-c4ee763de0ff,2011-05-07,,Нападение радикальных исламистов на церковь Мари-Мина в Египте. Погибли 12 человек и 232 ранены.
012fe180-f800-463a-a778-a24bb2976f4c,2011-05-10,2011-05-14,"конкурс песни «Евровидение 2011» (Дюссельдорф, Германия). Победителем стал дуэт Ell & Nikki из Азербайджана."
012ff0f3-fc00-44ed-8a25-a498230cbd9a,2011-05-15,,"завершился 75-й чемпионат мира по хоккею с шайбой, победу одержала сборная Финляндии."
012ff61a-7800-407b-9d36-070bf0a32879,2011-05-16,,"134-й старт (STS-134) по программе Спейс Шаттл. 25-й полёт шаттла Индевор. Экипаж — Марк Келли, Грегори Джонсон, Эндрю Фьюстел, Майкл Финк, Грегори Шамитофф, Роберто Виттори (Италия). Продолжение строительства Международной космической станции. Последний полёт шаттла Индевор."
012ffb40-f400-45ca-a462-028cd508d601,2011-05-17,,"Теракт в ДКНБ в Актобе, Казахстан. Погиб 1 человек, пострадало 2 полицейских."
01300d46-f600-42fd-83f0-d69889aff6cd,2011-05-20,2011-05-21,"ежегодное заседание ЕБРР (Астана, Казахстан)."
01301f4d-7800-47b2-9e50-131b7df024df,2011-05-24,,Дмитрий Медведев подписал указ о создании Агентства по защите интеллектуальной собственности.
01301f4d-7800-4513-b259-be7e2de670f3,2011-05-24,,"приземление космического корабля Союз ТМА-20. Экипаж посадки — Дмитрий Кондратьев, Катерина Коулман (США) и Паоло Несполи (Италия)."
013033e6-7800-4a45-9062-abcd5a984205,2011-05-28,,президент Латвии Валдис Затлерс инициировал роспуск парламента.
01304359-fc00-41ec-a6de-124a49db24db,2011-05-31,,в Москве открыт памятник поэту Иосифу Бродскому.
0130487f-f800-45e3-8341-cce2782d34da,2011-06-01,,открылась 54-я Венецианская биеннале (по 27 ноября).
013052cc-f000-43fd-9711-8972d2a87c93,2011-06-03,,"Взрывы на военном складе в селе Пугачёво (Удмуртия, Россия). Пострадало около 3000 домов и квартир, госпитализированы 48 человек."
013052cc-f000-4d82-b1a3-796a3e35f864,2011-06-03,,Выборы президента Латвии. Новым президентом избран Андрис Берзиньш.
01305d19-7800-47e7-8037-3049c9091fb9,2011-06-05,,Досрочные парламентские выборы в Португалии. Победила оппозиционная Социал-демократическая партия. Премьер-министр Жозе Сократеш подал в отставку.
01305d19-7800-4f56-b20b-4ff616434c16,2011-06-05,,В Перу прошёл второй тур президентских выборов. Победил левый кандидат Ольянта Умала.
0130623f-f400-4a14-9f6f-94aaab8ac4aa,2011-06-06,,в России указом президента Дмитрия Медведева учреждён день русского языка.
01306c8c-7c00-431e-9bda-56596dd03aa2,2011-06-07,2011-06-09,"7-й Всемирный исламский экономический форум (Астана, Казахстан)."
01306c8c-7c00-46fc-b326-c75688ee4154,2011-06-08,,В Беларуси начались акции «молчаливого» протеста.
01306c8c-7c00-48c8-b98e-b685001137ae,2011-06-08,,"Роскосмос запустил с космодрома Байконур Союз ТМА-02М. Экипаж старта — Сергей Волков, Майкл Фоссум (США) и Сатоси Фурукава (Япония)."
01306c8c-7c00-45c7-aea7-bb4113a790dd,2011-06-08,,Тестирование готовности интернета к переходу с сетевого протокола IPv4 на IPv6.
01306c8c-7c00-444c-a5ed-4e35410ae12a,2011-06-08,,"Европарламент проголосовал за вхождение Румынии и Болгарии в Шенгенскую зону, но Нидерланды заблокировали это решение, отложив рассмотрение до 2012 года."
01307445-f600-47ba-949f-29ef1fec6138,2011-06-09,2011-06-10,"двусторонний саммит Россия — Евросоюз (Нижний Новгород, Россия)."
01308125-fc00-4306-b848-e1b8de787668,2011-06-12,,Парламентские выборы в Турции. Победу одержала правящая Партия справедливости и развития.
01308125-fc00-4cb0-91c7-370928a4ee05,2011-06-12,,Король Испании Хуан Карлос I удостоен Государственной премии Российской Федерации.
01308125-fc00-4afe-bd77-e0f6fbb82c37,2011-06-12,,Беларусь ограничила вывоз ряда товаров за границы республики.
0130b9cb-f000-4b2a-b61e-700962dfbe10,2011-06-14,2011-07-02,"XIV Международный конкурс имени П. И. Чайковского (Москва, Россия)."
01309098-f000-4dd7-8109-db164c3b5e14,2011-06-15,,"В Астане открылся юбилейный саммит ШОС, приуроченный к 10-летию Организации."
01309098-f000-4d0c-9aa2-bce557133213,2011-06-15,,Албания отменила визовый режим для граждан Украины.
01309ae5-f800-4ace-a319-6c60aa2e23ec,2011-06-16,2011-06-18,Петербургский международный экономический форум.
0130aa58-fc00-48e0-a77d-291703dcbb6b,2011-06-20,,"под Петрозаводском разбился пассажирский самолёт Ту-134. 47 человек погибли, 5 выжили."
0130b9cb-f000-4525-b870-d80bae447c2d,2011-06-20,2011-06-26,международный Парижский авиасалон Ле Бурже.
0130af7f-7800-4c4c-a518-599b9ba6590d,2011-06-21,,вступило в силу соглашение о безвизовых поездках между Россией и Перу.
0130b4a5-7400-4b5b-8982-a72a0e89a8f8,2011-06-22,,в Минске милиция разогнала акцию «молчаливого» протеста.
0130d0f8-7e00-48b6-94c8-ae7c0e286f63,2011-06-23,2011-07-02,"33-й Московский международный кинофестиваль (Москва, Россия)."
0130c418-f800-47bc-8b76-b2aaf7977f4e,2011-06-25,,"XXII Всероссийский Олимпийский день, посвящённый 100-летию создания Российского Олимпийского комитета."
0130c93e-f400-4668-9323-577f5038f437,2011-06-26,,премьер-министром Вануату снова стал Сато Килман.
0130d38b-fc00-40f5-866d-7a1b14e78628,2011-06-28,,Казахстан стал председателем Организации Исламская конференция.
0130e2fe-f000-4c94-b437-3cdb7a5b5445,2011-07-01,,Польша стала государством-председателем Совета Европейского союза.
0130e2fe-f000-464b-8caa-18b5ca027fee,2011-07-01,,"Таможенный союз Беларуси, Казахстана и России открыл внутренние границы."
0130ed4b-7800-469a-a719-888761f94e5c,2011-07-01,2011-07-05,"II Международный кинофестиваль экшн-фильмов «Astana» (Астана, Казахстан)."
0130ed4b-7800-4346-b7c5-05711d317dfa,2011-07-03,,"На парламентских выборах в Таиланде победу одержала оппозиционная партия Пхыа Тхаи во главе с премьер-министром Йинглак Чиннават, сестрой бывшего премьера Таксин Чиннавата."
0130ed4b-7800-4027-8cea-93ba689061cd,2011-07-03,,Женская сборная России по баскетболу одержала победу на чемпионате Европы в Польше.
0130f798-7000-468e-84dd-969610b0ba27,2011-07-05,,Международный валютный фонд возглавила бывший министр финансов Франции Кристин Лагард.
0130f798-7000-4e63-a959-1183876d435f,2011-07-05,,"Парламент Грузии принял Акт об экономической свободе, фиксировавший экономические достижения реформ."
0130fcbe-7c00-4848-ac7e-c822ae282af6,2011-07-06,,столицей Зимних Олимпийских игр 2018 года объявлен южнокорейский город Пхёнчхан.
013101e4-f800-4e18-8b14-ee0dd61bbd1c,2011-07-07,,Парламент Украины принял решение о повышении пенсионного возраста с 1 января 2012 года для женщин с 55 до 60 лет и для мужчин — государственных служащих с 60 до 62 лет.
013101e4-f800-4638-9cf6-37fad0b9d901,2011-07-07,,Пожар на военном складе в Абадане (Туркменистан).
0131070b-7400-4d5b-bebd-1f37db114b78,2011-07-08,,"135-й старт (STS-135) по программе Спейс Шаттл. 33-й полёт шаттла Атлантис. Экипаж — Кристофер Фергюсон, Даглас Хёрли, Сандра Магнус, Рекс Уолхайм. Продолжение строительства Международной космической станции. Этот старт шаттла Атлантис — последний по программе Спейс Шаттл. Посадка 21 июля 2011 года."
0131070b-7400-40b8-921e-35175632c489,2011-07-08,,"Авиакатастрофа пассажирского самолёта Boeing-727 в Демократической Республике Конго. Погибли 127 человек, 51 удалось спасти."
01310c31-f000-4186-adba-87cf7e512189,2011-07-09,,Южный Судан стал независимым государством со столицей в Джубе.
01311157-fc00-43b6-9517-a9ecac839387,2011-07-10,,"На Волге затонул теплоход «Булгария». Погибли 122 человека, спасено 79 человек."
01311157-fc00-4b59-902b-1d3bd393f7f3,2011-07-10,,"По меньшей мере, 35 человек погибли, 150 — получили ранения в результате схода с рельсов 14 вагонов железнодорожного экспресса маршрутом Хаора — Калка в округе Фатехпур северного индийского штата Уттар-Прадеш."
0131167e-7800-4aa2-8548-d8e4622c2256,2011-07-11,,"в Томской области на Обь совершил аварийную посадку самолёт Ан-24, 7 человек погибли."
01311ba4-f400-4c5c-81bc-084bab2259ac,2011-07-12,,Нептун сделал ровно один оборот с момента его открытия.
013125f1-7c00-4865-8a7d-301ee836d909,2011-07-14,,Южный Судан принят в члены ООН в качестве 193-го члена.
013125f1-7c00-4b0c-b5f9-0eabcc797c08,2011-07-14,,В Лондоне открыт памятник Юрию Гагарину.
0131303e-7400-4232-8405-cc4d2557ca0d,2011-07-16,,с космодрома Байконур произведён запуск второго казахстанского космического спутника КазСат-2.
013156dd-f600-46bf-8d81-a4ad397b1428,2011-07-16,2011-07-31,"чемпионат мира по водным видам спорта (Шанхай, Китай)."
01313a8a-fc00-4784-8948-badd485eb1e7,2011-07-18,,Роскосмос запустил с космодрома Байконур космическую обсерваторию «Радиоастрон».
013149fd-f000-4248-a147-2809d0af68ca,2011-07-21,,"на мысе Канаверал (США) совершил посадку последний космический челнок «Атлантис», завершив 30-летнюю программу «Спейс шаттл»."
01314f24-7c00-4db9-ab5b-515d39ab9447,2011-07-22,,"теракты в Норвегии. В результате взрыва в Осло около здания норвежского правительства 8 человек погибли, десятки ранены. В результате нападения на молодёжный лагерь на острове Утёйа погибли 68 и десятки получили ранения."
0131544a-f800-42f0-a582-848baf53c1fb,2011-07-23,,"В Латвии прошёл референдум о досрочном роспуске парламента. 94,3 % участников референдума выразили недоверие парламенту."
0131544a-f800-4294-ad00-19f01435af2c,2011-07-23,,Скончалась британская певица Эми Уайнхаус.
0131544a-f800-47bd-bc0c-8956f3ba2071,2011-07-23,,"43 человека погибли, 211 — ранены в результате падения двух вагонов скоростного пассажирского экспресса с 30-метрового моста в городе Вэньчжоу восточной китайской провинции Чжэцзян."
013168e4-7800-46a5-94e5-4b0b14b3996c,2011-07-24,2011-07-30,"XVIII Международный ботанический конгресс (Мельбурн, Австралия)."
01315970-f400-44b7-b9b5-a9bf0ea14080,2011-07-24,,Япония перешла с аналогового телевидения на цифровое.
013163bd-fc00-45ae-8dbc-88d79f036381,2011-07-26,,"в Марокко разбился военно-транспортный самолёт Lockheed C-130 Hercules ВВС Марокко, погибли 78 человек, трое ранены."
01317330-f000-49eb-989b-4cbc47a0198f,2011-07-26,2011-08-01,"10-й конкурс молодых исполнителей популярной музыки «Новая волна» (Юрмала, Латвия)."
0131973d-7400-49cd-8c5b-079e7bef32ca,2011-08-05,,НАСА запустило автоматической межпланетной станции «Юнона» для исследования Юпитера.
01319c63-f000-47f1-86ca-5f460cce108f,2011-08-06,,начало массовых беспорядков в Великобритании.
0131d79c-f200-43a1-a4c8-e04926c49852,2011-08-12,2011-08-23,"XXVI летняя универсиада (Шэньчжэнь, Китай). Победу одержали хозяева — сборная Китая."
0131dcc3-7e00-44f0-a5e1-36b41bbbb41b,2011-08-16,2011-08-21,"X Международный авиационно-космический салон МАКС-2011 (Жуковский, Россия)."
0131df56-7c00-4a76-a2cc-9453c7fa8fb5,2011-08-19,,выборы в сенат Казахстана (верхняя палата парламента).
0131f916-7800-4dff-8bb7-da24972cfe4c,2011-08-20,2011-08-28,"VII международный фестиваль короткометражного кино и анимации Open Cinema-2011 (Санкт-Петербург, Россия)."
01320362-f000-4d47-b532-ae5b9b9ddbda,2011-08-26,,внеочередные выборы президента Абхазии. Победу одержал Александр Анкваб.
01321d22-fc00-4ab8-b604-71ce9746f634,2011-08-27,2011-09-04,"чемпионат мира по лёгкой атлетике (Тэгу, Республика Корея). Первое место в пятый раз подряд с 2003 года заняла сборная США."
013212d5-f400-47ed-a729-39f6145cafcc,2011-08-29,,парламент Эстонии избрал на второй срок действующего президента страны Тоомаса Хендрика Ильвеса.
013217fc-7000-405e-8fd8-bca0b759c0e3,2011-08-30,,"министр финансов Ёсихико Нода, лидер правящей Демократической партии, избран премьер-министром Японии."
01321d22-fc00-4695-8cbe-d9e3963d8339,2011-08-31,,Канада перешла на цифровое телевизионное вещание.
013236e2-7800-4a32-a907-d788f366f00b,2011-08-31,2011-09-10,68-й Венецианский кинофестиваль. Приз «Золотой лев» получил фильм Александра Сокурова «Фауст».
0132276f-7400-4218-8e23-c96c3958985c,2011-09-02,,"21 человек погиб в авиакатастрофе самолёта CASA 212, принадлежащего ВВС Чили, вблизи островов Хуан-Фернандес."
01322c95-f000-4a44-9943-c3d10416ae76,2011-09-03,,в Душанбе (Таджикистан) прошёл саммит глав государств СНГ.
01323c08-f400-4e16-a37e-4a1d24606cb7,2011-09-06,,"Состоялось назначение трёх новых полпредов президента РФ: Олега Говоруна в ЦФО, Николая Винниченко в СЗФО, Евгения Куйвашева в УФО."
01323c08-f400-4924-98b5-f6abf3c2cf72,2011-09-06,,Состоялась торжественная церемония начала введения в эксплуатацию первой нитки газопровода «Северный поток».
0132412f-7000-4db5-ab22-87898d696557,2011-09-07,,"под Ярославлем разбился самолёт Як-42 с хоккейной командой «Локомотив». Погибли 44 человека, 1 выжил."
01324e0f-7600-4166-88db-cdd81cb69313,2011-09-08,2011-09-11,чемпионат мира по ралли (Австралия).
0132bcc7-f000-4a61-ae59-8c6a2dad3adc,2011-09-09,2011-10-23,"седьмой чемпионат мира по регби (Окленд, Новая Зеландия). Победу одержала сборная Новой Зеландии."
013250a2-7400-4114-b06b-b0f1d8f08145,2011-09-10,,Массовые беспорядки в Египте. Было совершено нападение на израильское посольство.
013250a2-7400-40a3-b17b-75d601b58fbc,2011-09-10,,Крушение парома в районе Занзибара. Погибли 192 человека.
013255c8-f000-4681-9b0d-4dfe21153dca,2011-09-11,,открытие мемориала 11 сентября
0132653b-f400-4114-a145-f8c2cafe636f,2011-09-14,,в Республике Беларусь отменены ограничения по курсообразованию национальной валюты.
01326a62-7000-43ea-9845-bfb76f8fc369,2011-09-15,,на парламентских выборах в Дании победили партии «Красного блока». Премьер-министром страны впервые стала женщина — Хелле Торнинг-Шмитт.
01326f88-7c00-4f50-b538-0f2bb65f00ea,2011-09-16,,"приземление космического корабля Союз ТМА-21. Экипаж посадки — Андрей Борисенко, Александр Самокутяев и Рональд Гаран (США)."
013274ae-f800-4b99-a76b-4f8e56161504,2011-09-17,,внеочередные выборы сейма Латвии. Победила партия «Центр согласия».
01328e6e-f400-4dec-b95d-5ff9ac729d09,2011-09-19,2011-09-25,"XXXI чемпионат мира по художественной гимнастике (Монпелье, Франция). Победу одержала сборная России."
01329de1-f800-4378-848f-6eed41926c6b,2011-09-25,,женщинам Саудовской Аравии предоставлены избирательные права.
0132c1ee-7c00-435f-a6c6-80258b67503e,2011-09-26,2011-10-08,"16-й чемпионат мира по боксу (Баку, Азербайджан). Победу одержала сборная Украины."
0132b27b-7800-49f1-b1b9-ef59bf987f88,2011-09-29,,"в Китае запущена космическая лаборатория «Тяньгун-1» — первый модуль, необходимый для строительства будущей китайской космической станции."
0132b27b-7800-436a-9d78-f3b611e555bd,2011-09-29,,Без точных дат
0132b27b-7800-4f6e-9a6d-4e03a05f67bc,2011-09-29,,"VIII Форум межрегионального сотрудничества Казахстана и России (Астрахань, Россия)."
0132f56d-f400-4317-8f39-b82afa6a438e,2011-10-08,2011-10-16,"XLIII чемпионат мира по спортивной гимнастике (Токио, Япония). Первое общекомандное место заняла сборная Китая."
0132e5fa-f000-4ac8-85e7-b75d4ac36dc9,2011-10-09,,Парламентские выборы в Польше. Победу одержала правящая партия «Гражданская платформа» во главе с премьер-министром Дональдом Туском.
0132e5fa-f000-474a-8541-d290dbb51f2f,2011-10-09,,Поль Бийя переизбран на пост президента Камеруна на шестой срок
0132f047-7800-436b-9a35-e7c1c4cf8dfd,2011-10-11,,запущен сайт Duolingo
0132fd27-7e00-4850-a19d-12ae3fc3d5fb,2011-10-11,2011-10-16,"чемпионат мира по фехтованию (Катания, Италия). Первое общекомандное место заняла сборная Италии."
01331c0d-7600-4779-a53b-bf2591d6e926,2011-10-12,2011-10-27,55-й Лондонский кинофестиваль.
013323c6-f000-416c-a320-a0a21c9e5859,2011-10-21,,впервые с космодрома Куру (Французская Гвиана) стартовала российская ракета-носитель Союз-СТБ.
01332e13-f800-459a-8aac-e28378e81cb7,2011-10-23,,Первый тур президентских выборов в Болгарии.
01332e13-f800-46fa-bf2e-73283813d364,2011-10-23,,"Разрушительное землетрясение магнитудой 7,2, произошедшее на востоке Турции, привело к гибели, по меньшей мере, 600 человек."
01332e13-f800-402d-852f-6687c31a9cbd,2011-10-23,,Выборы президента Аргентины. Победу одержала действующий президент Кристина Фернандес де Киршнер.
01332e13-f800-4845-beac-5813b2e58227,2011-10-23,,Первые свободные выборы в Национальный учредительный совет Туниса. Победу одержала исламистская Партия возрождения.
013342ad-7800-4805-89d2-08e394788adf,2011-10-27,,выборы президента Ирландии. Победу одержал Майкл Хиггинс.
013347d3-7400-44f7-a793-4843fe8be6bd,2011-10-28,,в Москве открылся после реконструкции Большой театр.
01335220-7c00-4285-99d1-0331b08a20d4,2011-10-30,,Президентские выборы в Кыргызстане. Победу одержал Алмазбек Атамбаев.
01335220-7c00-40dd-8e3c-b8a26315a70c,2011-10-30,,Второй тур президентских выборов в Болгарии. Победу одержал Росен Плевнелиев.
01335746-f800-4af1-9109-0b46e01b0c05,2011-10-31,,"Согласно расчётам Фонда народонаселения ООН, на Земле родился семимиллиардный житель."
01335746-f800-4b53-913d-381ea9a5a18c,2011-10-31,,Государство Палестина стало членом ЮНЕСКО.
01335c6c-f400-4110-9029-784dd11381c2,2011-11-01,,старт Шэньчжоу-8 (Китай). Экипаж — беспилотный. Проведено 2 стыковки в автоматическом режиме с орбитальной станцией Тяньгун-1. Посадка 17 ноября.
0133694c-fa00-492c-8efb-bd7e790de4d3,2011-11-03,2011-11-04,"6-й саммит Группы двадцати (Канны, Франция)."
01336bdf-f800-40d9-b226-1745e938ab04,2011-11-04,,"города Ковров, Ломоносов, Таганрог и Петропавловск-Камчатский удостоены почётного звания Город воинской славы."
0133859f-f400-4105-a126-f3ae040e8a45,2011-11-05,2011-11-13,"чемпионат мира по тяжёлой атлетике (Париж, Франция). Победу одержала сборная Китая."
0133762c-f000-4cb0-86f2-7ab13e9fb67b,2011-11-06,,Президентские и парламентские выборы в Никарагуа. Победу одержал действующий президент Даниэль Ортега.
0133762c-f000-4e5f-8f06-0983a5c644ae,2011-11-06,,"Президентские выборы в Гватемале. По предварительным данным, победу одержал Отто Перес Молина."
01337b53-7c00-4b64-9db5-b548e696c186,2011-11-07,,премьер-министр Греции Георгиос Папандреу подал в отставку.
01338079-7800-4349-94cd-cfd277c33288,2011-11-08,,запущена первая нитка газопровода «Северный поток».
0133859f-f400-4e27-b3af-83c58e5708b4,2011-11-09,,"на расстоянии 325,1 тыс. км от центра Земли пролетел 400-метровый астероид 2005 YU55."
01338fec-7c00-431f-b4fd-2fae2c2459a5,2011-11-11,,Новым премьер-министром Греции стал Лукас Пападимос.
01338fec-7c00-4d6e-a1d9-b180f01edc4e,2011-11-11,,Объявлены семь новых чудес природы.
01339512-f800-4531-aa62-b5afba56f972,2011-11-12,,премьер-министр Италии Сильвио Берлускони ушёл в отставку.
013397a6-7600-4611-981f-e33c2c90da7d,2011-11-12,2011-11-13,"саммит АТЭС (Гонолулу, США)."
01339a39-7400-4519-a6b5-58a88b0ca968,2011-11-13,,Выборы президента Южной Осетии и референдум о государственном статусе русского языка. Во второй тур вышли бывший министр образования Алла Джиоева и министр по чрезвычайным ситуациям Анатолий Бибилов.
01339a39-7400-4bd7-be60-295db9ae31a6,2011-11-13,,Новым премьер-министром Италии утверждён Марио Монти.
01339f5f-f000-4444-bf38-c86c5f9368ea,2011-11-14,,"с космодрома Байконур запущен Союз ТМА-22 к МКС. Экипаж старта — Антон Шкаплеров, Анатолий Иванишин, Дэниел Бёрбэнк (США). Последний запуск корабля модификации ТМА."
0133a485-fc00-4942-9f1c-b5cdb5b4b1e4,2011-11-15,,президент Казахстана Нурсултан Назарбаев объявил о роспуске мажилиса и назначил досрочные выборы парламента.
0133b3f9-7000-4b99-9468-9473889b2a73,2011-11-18,,"подписан договор о создании Евразийского экономического пространства между Россией, Беларусью и Казахстаном."
0133be45-f800-4ca0-bc7f-c562de0a82d7,2011-11-20,,досрочные выборы в парламент Испании. Победу одержала оппозиционная Народная партия.
0133c36c-7400-40d7-a9eb-878353af7dcd,2011-11-21,,правительство Египта во главе с премьер-министром Эссамом Шарафом подало в отставку.
0133c892-7000-406d-9305-790c5b3e2fed,2011-11-22,,"приземление космического корабля Союз ТМА-02М. Экипаж посадки — Сергей Волков, Майкл Фоссум (США) и Сатоси Фурукава (Япония)."
0133d805-f400-4b9a-adab-a6ffa37bdd04,2011-11-25,,с космодрома Байконур запущена ракета-носитель класса Протон-М с китайским спутником связи АзиаСат-7.
0133e252-7c00-4668-9bda-eee693b1e586,2011-11-27,,"Второй тур выборов президента Южной Осетии. По предварительным данным, победу одержала Алла Джиоева."
0133e252-7c00-4ffa-b7ea-91566774c635,2011-11-27,,Премьер-министром Йемена стал лидер оппозиции Мухаммад Басиндва.
0133e778-f800-43ed-9e45-e3d64c182463,2011-11-28,,"выборы президента Демократической Республики Конго. По предварительным данным, победу одержал действующий президент Жозеф Кабила."
0133ec9e-f400-488c-84a5-26a91788363b,2011-11-29,,Верховный суд Южной Осетии признал результаты президентских выборов в республике недействительными.
0133f6eb-fc00-49c7-ad9c-f17222f858b4,2011-12-01,,На Украине началось телевещание в формате HDTV.
0133f6eb-fc00-4002-95c3-61defe0c7d10,2011-12-01,,Алмазбек Атамбаев вступил в должность президента Кыргызстана.
0133f6eb-fc00-4ef7-8102-d9496cdaf603,2011-12-01,,Открыт Алматинский метрополитен (Казахстан).
01340138-7400-4766-9079-efa99589e06e,2011-12-03,,"9-й детский конкурс песни Евровидение (Ереван, Армения). Победила группа Candy из Грузии."
0134065e-f000-40be-ab55-359ec7c87b2c,2011-12-04,,Выборы в Государственную думу Федерального собрания Российской Федерации VI созыва.
0134065e-f000-41c2-b1a9-e814d5113a3b,2011-12-04,,В России начались протесты против фальсификации результатов выборов в Государственную думу РФ.
0134065e-f000-4af8-a31b-949717aa7cc0,2011-12-04,,"Парламентские выборы в Словении. Большинство голосов получила оппозиционная партия «Позитивная Словения», с бывшим премьер-министром страны Янезом Янша во главе."
0134065e-f000-421b-a2c7-d082163cad35,2011-12-04,,Парламентские выборы в Хорватии.
013410ab-7800-48ca-a46b-9f0618c4141e,2011-12-06,,премьер-министром Бельгии утверждён лидер Социалистической партии Элио ди Рупо.
013415d1-f400-4d86-bba8-8639561ded85,2011-12-07,,премьер-министр Египта Камаль аль-Ганзури получил президентские полномочия.
013434b7-fc00-4d01-bfbd-d59fa0994dad,2011-12-08,2011-12-18,клубный чемпионат мира по футболу (Япония).
0134201e-fc00-44d6-8e1d-a1ca50342f96,2011-12-09,,"введена в эксплуатацию Мойнакская ГЭС (Казахстан), первая высоконапорная гидроэлектростанция СНГ."
01342544-f800-4ea4-9f51-5b394cbfe34f,2011-12-10,,В России и за рубежом прошли акции протеста против итогов выборов в Государственную думу Федерального собрания Российской Федерации VI созыва России.
01342544-f800-463d-a959-61fbfe1e7624,2011-12-10,,Президент Южной Осетии Эдуард Кокойты подал в отставку. Обязанности президента возложены на премьер-министра Вадима Бровцева.
01342a6b-7400-4d86-9169-d90f781ac5da,2011-12-11,,выборы президента Приднестровской Молдавской Республики. Второй тур выборов назначен на 25 декабря.
01342f91-f000-47ec-9eea-8d11728adfbe,2011-12-12,,введён в строй 4-й энергоблок Калининской атомной станции (Россия).
013439de-7800-4dff-8efe-385f26e776fe,2011-12-14,,подписано соглашение о безвизовом пересечении границ между Калининградской областью и Польшей.
0134442b-7000-477b-95a9-5c999aa2eaca,2011-12-16,,Подписан протокол о вступлении России во Всемирную торговую организацию.
0134442b-7000-401e-b0a3-57971d4ade24,2011-12-16,,Выборы президента Молдовы.
0134442b-7000-493f-a158-64caaa50e721,2011-12-16,,"Беспорядки в казахстанском городе Жанаозен: подожжены административные здания, погибли 14 человек."
01344951-7c00-40ec-86c4-ccfaa50829aa,2011-12-17,,с космодрома Куру во Французской Гвиане запущена российская ракета-носитель класса Союз-СТА с шестью спутниками на борту.
01344951-7c00-40ef-9318-8253fafc839f,2011-12-17,,"Скончался Великий руководитель КНДР Ким Чен Ир. Должность перешла к Ким Чен Ыну, как к Высшему руководителю КНДР. К Ким Чен Ыну также перешли титулы Верховного главнокомандующего Корейской народной армии."
01344e77-f800-4cd9-8718-741dfe705c87,2011-12-18,,последние войска США покинули территорию Ирака.
01345dea-fc00-4882-8404-6d1f2bdea41b,2011-12-21,,"старт космического корабля Союз ТМА-03М. Экипаж старта — Олег Кононенко, Андре Кёйперс (Нидерланды) и Доналд Петтит (США)."
01347284-7c00-477f-9a9d-804c7db8bfa6,2011-12-25,,второй тур выборов президента Приднестровской Молдавской Республики. Президентом избран Евгений Шевчук.
0134871d-fc00-4707-87c4-bb6626db79c3,2011-12-29,,"Ким Чен Ын официально объявлен верховным вождём КНДР, главой партии и главнокомандующим Корейской народной армии."
0134871d-fc00-418e-9da8-924cda47b1b7,2011-12-29,,"Парламентские выборы на Ямайке. По предварительным данным, победила оппозиционная Народная национальная партия. Премьер-министром Ямайки стала Поршия Симпсон-Миллер."
0134916a-7400-40a0-aaa3-04d8d7866bff,2011-12-31,,начало переписи населения в Эстонии.
01349690-f000-4478-87fd-591156acba58,2012-01-01,,"На территории России, Беларуси и Казахстана создано Единое экономическое пространство."
01349690-f000-4fbb-8873-098a09c13f8e,2012-01-01,,В России завершено преобразование милиции в полицию.
01349690-f000-42f9-b08d-c2ecd60b44df,2012-01-01,,Председательство в Евросоюзе перешло к Дании.
01349690-f000-40bf-9e74-24c951f05cf2,2012-01-01,,Ирландия стала председателем ОБСЕ.
01349690-f000-408f-80d1-f9b6f4ce596d,2012-01-01,,В России вступили в силу новые правила прохождения техосмотра автомобилей.
01349690-f000-47fc-bde1-8aa8d2b93f6c,2012-01-01,,Вступила в силу новая конституция Венгрии.
0134d45d-7000-40e6-8663-c6f05a3930c4,2012-01-13,,"круизный лайнер «Costa Concordia», на борту которого находились 4234 человека, потерпел крушение у берегов Италии. Погибли 30 человек, двое пропали без вести."
0134eb89-fe00-40ad-9cce-4efcb607deb8,2012-01-13,2012-01-22,"I Зимние юношеские Олимпийские игры (Инсбрук, Австрия). Победу одержала сборная Германии."
0134d983-7c00-49d6-9f45-c25d615b186f,2012-01-14,,президентские выборы на Тайване. Победу одержал действующий президент Ма Инцзю.
0134dea9-f800-4323-8403-55017bc297fd,2012-01-15,,"досрочные выборы мажилиса Казахстана. Победу одержала Народно-демократическая партия «Нур Отан», набрав 80,99 % голосов."
0134e8f6-f000-4ad4-ab03-a6b264a41162,2012-01-17,,Мартин Шульц избран главой Европарламента.
0134fd90-7000-4253-abd4-8db9c33e3efd,2012-01-21,,в Египте опубликованы окончательные результаты парламентских выборов. Победу одержала партия «Братья-мусульмане».
013502b6-7c00-4f47-9f74-56aeb4340b4c,2012-01-22,,Президентские выборы в Финляндии.
013502b6-7c00-4f67-ba8a-247e6be951b4,2012-01-22,,"В Хорватии прошёл референдум, на котором большинство проголосовало за вступление страны в Европейский союз."
013507dc-f800-43c4-9a90-77561c94d58e,2012-01-23,,Евросоюз ввёл эмбарго на импорт иранской нефти.
0135174f-fc00-4101-bac9-73ad719f1d08,2012-01-23,2012-01-29,"чемпионат Европы по фигурному катанию (Шеффилд, Великобритания)."
01350d03-7400-42c3-ad27-9284ee51fdf7,2012-01-24,,"в Египте отменён режим чрезвычайного положения, действовавший более 30 лет."
01351c76-7800-47ff-a61a-fe347d8c0357,2012-01-25,2012-01-29,"Всемирный экономический форум (Давос, Швейцария)."
013538c9-7200-451b-8c82-e8f2930f6863,2012-01-29,2012-02-05,"32-й чемпионат мира по хоккею с мячом (Алма-Ата, Казахстан)."
0135b988-7e00-4f1e-98e8-47572928f028,2012-01-30,2012-03-25,тестовые соревнования накануне Олимпийских Игр в Сочи.
0135310f-f800-4f33-a48b-64fb337d2f2b,2012-01-31,,"астероид Эрос пролетел на расстоянии приблизительно 26,8 млн километров от Земли."
01353635-f400-4bf5-a447-304be6a25c35,2012-02-01,,"трагедия на стадионе в Порт-Саиде (Египет). Погибли 74 человека, ранены порядка 300, в стране объявлен трёхдневный траур."
01353b5c-7000-47c1-807e-9d4b0178250d,2012-02-02,,"крушение парома MV Rabaul Queen c 350 пассажирами у берегов Папуа — Новой Гвинеи. Спасены 238 пассажиров, более 100 объявлены пропавшими без вести."
013545a9-7800-4669-a3c7-68612aca9f61,2012-02-04,,в России состоялись акции протеста против фальсификации результатов выборов в Государственную думу и выборов Президента России.
01354acf-7400-4556-bf30-2310bd8d8bdf,2012-02-05,,второй тур выборов президента Финляндии. Победу одержал Саули Ниинисте.
0135551c-7c00-44f5-9a25-53a46f93af2e,2012-02-07,,президент Мальдивской Республики Мохамед Нашид подал в отставку на фоне массовых беспорядков и волнений в стране.
01356edb-f800-44f3-b5ec-e82f945f18f2,2012-02-12,,президентские выборы в Туркменистане. Победу одержал Гурбангулы Бердымухамедов.
0135889b-f400-49a9-98c0-f35dfcc7d9b3,2012-02-17,,президент Федеративной Республики Германии Кристиан Вульф подал в отставку.
01359fc8-7200-4063-93bf-dd6ceb8c0785,2012-02-17,2012-02-26,58-й чемпионат мира по бобслею и 22-й чемпионат мира по скелетону.
01359055-7e00-4dbf-acf1-668abaad09f7,2012-02-18,2012-02-19,"чемпионат мира по конькобежному спорту (Москва, Россия)."
01359d35-7400-4e89-a740-0566ab22ccd4,2012-02-21,,Панк-молебен группы Pussy Riot в храме Христа Спасителя.
01359d35-7400-41e6-8096-434c12a7b655,2012-02-21,,Досрочные выборы президента Йемена. Избран бывший вице-президент Абд Раббо Мансур аль-Хади.
0135a25b-f000-4388-9c79-6e9695c1db73,2012-02-22,,"крушение поезда в Аргентине. Погибло 49 человек, около 600 ранено."
0135b6f4-f000-4d11-ac0f-712a03c511cd,2012-02-26,,референдум по принятию новой конституции Сирии.
0135c668-7400-4dc1-acc4-90fdac75766b,2012-02-29,,Грузия ввела в одностороннем порядке безвизовый режим для граждан России.
0135e027-f000-45b9-94fe-074e278593a4,2012-03-01,2012-03-09,"чемпионат мира по горнолыжному спорту среди юниоров (Роккарасо, Италия)."
0135e54e-7c00-4374-a72e-499eae67e048,2012-03-01,2012-03-11,"чемпионат мира по биатлону (Рупольдинг, Германия)."
0135ed07-f600-407d-87ad-b58b1ff2ed03,2012-03-01,2012-03-14,"13-й чемпионат Европы по шахматам среди женщин (Газиантеп, Турция). Победу одержала Валентина Гунина (Россия)."
0135d0b4-fc00-4dc8-a7cf-d0a61a4484fd,2012-03-02,,парламентские выборы в Иране.
0135db01-7400-4f9f-9022-2970f866618a,2012-03-04,,выборы Президента России. Победу одержал Владимир Путин.
0135f22e-7200-4d25-a708-acc0977f4f1b,2012-03-06,2012-03-11,"чемпионат Европы по вольной, греко-римской и женской борьбе (Белград, Сербия). Победу одержала сборная России."
0135ea74-f800-4367-a179-dd9a64d3b4e0,2012-03-07,,в Сан-Франциско компания Apple представила свой новый планшет iPad 3.
0135f9e7-fc00-4797-9275-55c10bf858d8,2012-03-10,,Парламентские выборы в Абхазии.
0135f9e7-fc00-4f5e-a442-b1fa360a142a,2012-03-10,,"Досрочные парламентские выборы в Словакии. По предварительным данным, лидирует социал-демократическая партия Smer-SD."
0136095a-f000-45a0-bf3b-5e67e5471f4f,2012-03-13,,114 человек погибли и 61 пропали без вести в результате крушения парома «Шариатпур-1» в юго-восточной части Бангладеш на реке Мегхна.
013618cd-f400-4b77-befe-35845698d8ef,2012-03-16,,выборы президента Молдовы. Президентом избран кандидат от правящей коалиции «Альянс за европейскую интеграцию» Николай Тимофти.
0136328d-f000-44eb-ae43-2105de4be0f2,2012-03-17,2012-03-25,"чемпионат мира по кёрлингу (Летбридж, Канада)."
0136231a-7c00-427d-a904-a0e5e1dd99fb,2012-03-18,,выборы президента Федеративной Республики Германии. Избран Йоахим Гаук.
01362840-f800-41f7-bd92-8f5f6ee0ccab,2012-03-19,,"обстрел еврейской школы в Тулузе, погибли 4 человека, из них — 3 детей, один подросток тяжело ранен."
013637b3-fc00-4a19-ab95-a15376ba6153,2012-03-22,,антиправительственный мятеж в Мали. Объявлено об отстранении от власти президента Амаду Тумани Туре.
01363cda-7800-4a29-a7da-3f35340a45de,2012-03-23,,вступил в должность президент Молдовы Николай Тимофти.
01364200-f400-4659-bfdf-c468dc0652ab,2012-03-24,,второй тур парламентских выборов в Абхазии.
01364727-7000-4248-a629-951fba771c7e,2012-03-25,,"Повторные выборы президента Южной Осетии в связи с тем, что результаты второго тура выборов 27 ноября 2011 года признаны недействительными. Во второй тур вышли глава КГБ Южной Осетии Леонид Тибилов и уполномоченный по правам человека Южной Осетии Давид Санакоев."
01364727-7000-43cd-bdb5-626be4fcba20,2012-03-25,,Выборы президента Сенегала. Победу одержал лидер оппозиционной партии «Альянс за республику» Маки Саль.
01365bc0-7000-4f25-a05d-3bd51529f0bc,2012-03-26,2012-04-01,"чемпионат мира по фигурному катанию (Ницца, Франция)."
0136660d-7800-42d4-b8a6-57c80e82dbc1,2012-03-31,,Китай с космодрома Сичан запустил телекоммуникационный спутник APSTAR-7.
01367059-f000-447e-bfb3-603e2fdcc749,2012-04-02,,"Крушение самолёта ATR-72 авиакомпании UTair в Тюменской области. Погибли 33 человека, 12 выжили."
01367059-f000-4af1-9166-402332c302e1,2012-04-02,,Президент Венгрии Пал Шмитт подал в отставку.
01367aa6-f800-4cd2-9c71-baac37f12ed7,2012-04-04,,Вступил в силу закон Российской Федерации об упрощении процедуры регистрации политических партий.
01367aa6-f800-42b9-82c6-0b11ed17ff2b,2012-04-04,,Президент Сербии Борис Тадич подал в отставку.
01367aa6-f800-485d-bebb-97768c79fc14,2012-04-04,,NASA ракетой-носителем Delta IV запустило разведывательный спутник NROL-25.
013684f3-7000-4a94-a7f2-4f8f748c25ff,2012-04-06,,восставшие в Мали туареги объявили о создании на севере страны независимого государства Азавад.
01369eb3-7c00-4d0e-b660-61a5826ac5fb,2012-04-06,2012-04-16,"чемпионат Европы по тяжёлой атлетике (Анталья, Турция). Победу одержала сборная России."
01368a19-fc00-4cac-9c6f-3e77924a270e,2012-04-07,,президентом Малави впервые избрана женщина — вице-президент страны Джойс Банда.
01368f40-7800-49b0-b408-ae9d97c71570,2012-04-08,,второй тур выборов президента Южной Осетии. Победу одержал председатель КГБ Южной Осетии Леонид Тибилов.
01369eb3-7c00-4cbf-a74b-a150824a8e17,2012-04-11,,WWE впервые прибыло с хаус-шоу (не транслируется по ТВ) в Москву. Данное мероприятие посетили более 8 тысяч человек.
01369eb3-7c00-4bb7-a5d1-7667443f4370,2012-04-11,,"Ким Чен Иру присвоено звание Вечного генерального секретаря ЦК ТПК — звание, которое даётся всем умершим главам КНДР."
0136a3d9-7800-4f74-9a75-1974f923d4c5,2012-04-12,,Военный переворот в Гвинее-Бисау.
0136a3d9-7800-475f-92b0-17e91bfa96a6,2012-04-12,,Временно исполняющим обязанности президента Мали назначен глава Национального собрания Дионкунда Траоре.
0136a8ff-f400-40bb-b29e-40ae66088c9a,2012-04-13,,"чемпионат мира по фехтованию (Киев, Украина)."
0136b872-f800-430c-9272-7a9c89691652,2012-04-16,,главой Всемирного банка избран Джим Ён Ким.
0136c7e5-fc00-4463-93dc-bb885dd286ad,2012-04-19,,вступил в должность президент Южной Осетии Леонид Тибилов.
0136cd0c-7800-4b27-a3a8-73a82b6a7222,2012-04-20,,C космодрома Байконур стартовала ракета Союз-У с транспортным грузовым кораблём Прогресс М-15М.
0136cd0c-7800-4eec-8090-b8953baa1a7a,2012-04-20,,Катастрофа самолёта Boeing-737 в Пакистане. Все 127 пассажиров и членов экипажа погибли.
0136d759-7000-4cf9-bb67-57f265b28b1a,2012-04-22,,первый тур выборов президента Франции. Во второй тур вышли лидер Социалистической партии Франсуа Олланд и действующий президент Николя Саркози.
0136e1a5-f800-4a93-83f8-e0673c38996a,2012-04-24,,"ракета-носитель Протон-М, стартовав с космодрома Байконур, вывела на орбиту коммуникационный спутник ЯСат-1Б."
0136e6cc-7400-44fe-9a38-e81a46f5126b,2012-04-25,,"Государственная дума России приняла закон, возвращающий прямые выборы губернаторов."
0136ebf2-f000-4ddd-9d53-f4f8dfd72296,2012-04-26,,индийская ракета-носитель вывела на орбиту спутник дистанционного зондирования Земли Risat-1.
0136f3ac-7a00-4ddf-9d61-f54b3156b3e1,2012-04-26,2012-04-29,"чемпионат Европы по дзюдо (Челябинск, Россия). В мужском командном зачёте победу одержала сборная Грузии, в женском — сборная России."
0136f118-fc00-4ae7-9534-ca1ef834e310,2012-04-27,,"Посадка пилотируемого транспортного корабля Союз ТМА-22. Экипаж посадки — Антон Шкаплеров, Анатолий Иванишин и Дэниел Бёрбэнк (США)."
0136f118-fc00-4799-a720-970e8f50f889,2012-04-27,,Серия взрывов в Днепропетровске (Украина). Пострадали 29 человек.
0137008b-f000-43e6-a7bf-321fbbcf5903,2012-04-30,,"в Индии на реке Брахмапутра затонул паром, на котором находилось около 350 человек. 103 человека погибли, около 100 — пропали без вести, около 150 человек удалось спасти."
013705b2-7c00-4744-a4a0-57f9dcb0bfe9,2012-05-01,,столкновения в Мали между сторонниками свергнутого президента Амаду Тумани Туре и захватившей власть в стране военной хунтой. Не менее 14 человек погибли и около 40 ранены.
01370ad8-f800-4762-bd87-09c0d4ed19fd,2012-05-02,,Янош Адер избран новым президентом Венгрии.
01370fff-7400-48ec-b069-8fef736c6212,2012-05-03,,"двойной теракт в Махачкале. Погибли от 12 до 14 человек, ранено около 120. В республике объявлен день траура."
01373e58-7000-459b-9b32-276df85c0f9f,2012-05-04,2012-05-20,"чемпионат мира по хоккею с шайбой (Финляндия, Швеция). Победу одержала сборная России."
01371f72-7800-46fc-a1fc-fcff863f8e0e,2012-05-06,,Досрочные парламентские выборы в Греции. Победу одержала правящая коалиция «Новая демократия».
01371f72-7800-4d05-bd50-7e1a279e54ad,2012-05-06,,Парламентские выборы в Армении. Победу одержала правящая Республиканская партия Армении во главе с действующим президентом Сержем Саргсяном.
01371f72-7800-48fb-88df-5ffe2de77690,2012-05-06,,Президентские и парламентские выборы в Сербии. Во второй тур вышли действующий президент Борис Тадич и лидер Сербской прогрессивной партии Томислав Николич.
01371f72-7800-40c2-81df-30ba9febeee4,2012-05-06,,Второй тур выборов президента Франции. Победу одержал лидер Социалистической партии Франсуа Олланд.
01371f72-7800-4427-a3c9-b3b2c083d54b,2012-05-06,,Накануне инаугурации В. В. Путина в центре Москвы была одна из самых крупных протестных акций под названием «Марш миллионов».
01372498-7400-4eee-a4bb-3f7872813fc1,2012-05-07,,Завершение срока третьего президента России Дмитрия Медведева.
01372498-7400-4319-9b73-7d009f5b8e0f,2012-05-07,,Инаугурация четвёртого президента России Владимира Путина.
01372498-7400-450b-a22b-187e4ac18b6a,2012-05-07,,Парламентские выборы в Сирии.
01372498-7400-469a-9b0f-3e68e6e69ed5,2012-05-07,,Городам Малоярославцу и Можайску присвоено звание Город воинской славы.
0137340b-f800-4fd8-a918-04db107f69bd,2012-05-07,2012-05-13,"чемпионат мира по современному пятиборью (Рим, Италия)."
013729be-f000-442d-bb42-f282dbcb12cf,2012-05-08,,Государственная Дума утвердила Дмитрия Медведева на пост Премьер-министра России.
01372ee5-7c00-4e2b-994f-f6fe48e3e795,2012-05-09,,в Индонезии во время демонстрационного полёта врезался в гору самолёт Sukhoi Superjet 100. Погибли все находившиеся на борту 48 человек.
0137340b-f800-46b0-85fc-819a7b766f07,2012-05-10,,парламентские выборы в Алжире. Победу одержала правящая коалиция Фронт национального освобождения.
01376a1e-7e00-402a-a94d-29e9b0157179,2012-05-10,2012-05-31,матч на первенство мира по шахматам по версии ФИДЕ между Борисом Гельфандом и Вишванатаном Анандом. Победу одержал Вишванатан Ананд.
01374dcb-7400-4671-8f0b-0b4ae388810d,2012-05-15,,"С космодрома Байконур стартовал пилотируемый корабль Союз ТМА-04М. Экипаж старта — Геннадий Падалка, Сергей Ревин и Джозеф Акаба (США)."
01374dcb-7400-4ec0-a8a1-61815106b714,2012-05-15,,Вступил в должность президент Франции Франсуа Олланд.
01375aab-7a00-4f98-ab1a-dd7ec56d94da,2012-05-15,2012-05-20,"чемпионат Европы по прыжкам в воду (Эйндховен, Голландия). Победу одержала сборная Украины."
01376f44-fa00-48df-be91-b4571443f171,2012-05-16,2012-05-27,65-й Каннский кинофестиваль.
01375818-7c00-4ade-bfa6-eba230e4ab4d,2012-05-17,,с космодрома Байконур стартовала ракета-носитель Протон-М с канадским спутником связи Nimiq-6.
01375fd1-f600-4606-ab87-5581193b3176,2012-05-18,2012-05-19,"саммит G8 (Кэмп-Дэвид, США)."
01376264-f400-4efd-a42a-1926a429fdcf,2012-05-19,,началось пронесение Олимпийского огня по Великобритании и Северной Ирландии в преддверии летних Олимпийских игр в Лондоне.
0137746b-7600-448c-8e0c-9b4edce1c445,2012-05-19,2012-05-26,"57-й международный конкурс песни «Евровидение 2012» (Баку, Азербайджан). Победителем стала Лорин из Швеции с песней Euphoria."
0137678b-7000-4a04-a315-3b623a5bd378,2012-05-20,,Второй тур выборов президента Сербии. Победу одержал Томислав Николич.
0137678b-7000-4a50-b81e-6febe27ebbd7,2012-05-20,,"Землетрясение на Севере Италии магнитудой 6,0. 7 человек погибли и более 50 пострадали. Многим историческим зданиям нанесён урон."
01376cb1-7c00-4135-bc82-dc2a872251e8,2012-05-21,,сторонники главы военной хунты капитана Амаду Саного захватили президентский дворец в Мали и потребовали отставки временного президента страны Дионкунды Траоре.
01377c24-f000-4b23-88d7-ef1a5dff326b,2012-05-21,2012-05-27,"чемпионат Европы по плаванию (Дебрецен, Венгрия)."
013771d7-f800-486a-9c38-78877aa18803,2012-05-22,,"космическая компания SpaceX осуществила старт ракеты-носителя Falcon-9 с кораблём-капсулой Dragon к МКС. Это первый частный коммерческий аппарат, идущий на стыковку со станцией."
013776fe-7400-4422-a2ed-7d3012858f7f,2012-05-22,2012-05-24,"V Астанинский экономический форум (Астана, Казахстан)."
01377991-7200-4b3e-af36-add92d117b59,2012-05-23,2012-05-24,выборы президента Египта. Во второй тур вышли лидер движения «Братья-мусульмане» Мухаммед Мурси и бывший премьер-министр Ахмед Шафик.
01379d9d-f600-47ca-940e-3148b2b1b30a,2012-05-24,2012-06-06,"первый трансконтинентальный перелёт самолёта Solar Impulse, работающего на солнечных батареях."
013790be-7000-41de-a516-e28b35357189,2012-05-28,,инцидент на погранпосту Арканкерген в Казахстане.
013795e4-7c00-44a2-b7af-f0513244ff25,2012-05-29,,"повторное землетрясение на севере Италии магнитудой 5,8. Погибли 20 человек. Многим историческим зданиям нанесён урон."
01379b0a-f800-4a00-a1f3-b46e6504d202,2012-05-30,,"Северная Корея внесла поправку в конституцию, где она объявила себя ядерной державой, а также изменила название конституции на «Конституцию Ким Ир Сена — Ким Чен Ира»."
01379d9d-f600-43d0-a95f-566d2015639b,2012-05-30,2012-05-31,"IV Съезд лидеров мировых и традиционных религий (Астана, Казахстан)."
0137a557-7000-4e77-9ed0-94713c1d02f1,2012-06-01,,Окончательно отменено чрезвычайное положение в Египте.
0137a557-7000-49c8-b678-8319e3f58eae,2012-06-01,,В России вступил в силу закон о выборах губернаторов.
0137aa7d-fc00-41c3-a17e-e780599f9af2,2012-06-01,2012-06-03,"28-й чемпионат Европы по художественной гимнастике (Нижний Новгород, Россия)."
0137b237-7600-4d5e-895e-091d059a0b5d,2012-06-03,2012-06-04,"29-й саммит Россия — ЕС (Стрельна, Ленинградская область)."
0137bf17-7c00-4203-9523-02297b824869,2012-06-06,,"Прохождение Венеры по диску Солнца — малый парад планет с участием Венеры, Земли и Солнца. Следующее такое событие ожидается в 2117 году."
0137bf17-7c00-44a8-b0dc-569988345913,2012-06-06,,Всемирный запуск интернет-протокола IPv6.
0138049d-7600-4819-8e5b-e54215f1600b,2012-06-08,2012-07-01,"14-й чемпионат Европы по футболу (Польша, Украина). Чемпионом стала сборная Испании."
0137e323-f000-437d-ad89-79d57c0e1289,2012-06-13,,НАСА запустило космический гамма-телескоп NuSTAR.
0137e84a-7c00-4a21-a970-006b12d93b28,2012-06-14,,конституционный суд Египта признал недействительными результаты состоявшихся в конце 2011 — начале 2012 года парламентских выборов.
0137fa50-7e00-4295-ae97-ed598bbff539,2012-06-15,2012-06-20,"чемпионат Европы по фехтованию (Леньяно, Италия)."
0137f296-f400-4022-9d40-a0b216e5a1dc,2012-06-16,,"старт Шэньчжоу-9 (Китай). Экипаж — Цзин Хайпэн, Лю Ван и Лю Ян — первая женщина-тайконавт. Стыковка с орбитальной станцией Тяньгун-1. Посадка 29 июня."
0137f52a-7200-4fe2-995d-ac2d5a151073,2012-06-16,2012-06-17,"второй тур выборов президента Египта. Кандидат от исламского движения «Братья-мусульмане» Мухаммед Мурси победил, набрав 52 % голосов."
0137f7bd-7000-4d1c-8082-222925ac8217,2012-06-17,,Второй тур парламентских выборов во Франции. Абсолютное большинство мест в нижней палате парламента получила Социалистическая партия.
0137f7bd-7000-423d-8332-73d47d8f897a,2012-06-17,,"Досрочные парламентские выборы в Греции. По предварительным данным, лидирует партия «Новая демократия»."
0137ff76-fa00-444e-adaf-7673b08cb7b0,2012-06-18,2012-06-19,"саммит G20 (Лос-Кабос, Мексика)."
01380209-f800-4e3d-bca0-330375084971,2012-06-19,,верховный суд Пакистана лишил должности премьер-министра страны Юсуфа Реза Гилани.
01380730-7400-4acc-a3dd-f0fda606b0f8,2012-06-20,,лидер правоцентристской партии «Новая демократия» Антонис Самарас стал новым премьер-министром Греции.
0138117c-fc00-4b70-84b4-65a240df721d,2012-06-21,2012-06-23,"XVI Петербургский международный экономический форум (Санкт-Петербург, Россия)."
01382383-7e00-4cfb-a1d6-d7b79580df24,2012-06-21,2012-06-30,34-й Московский международный кинофестиваль.
0138117c-fc00-4455-9708-5437b439023e,2012-06-22,,Раджа Первез Ашраф стал новым премьер-министром Пакистана.
0138117c-fc00-499b-b2cd-658f7e855472,2012-06-22,,Парламент Парагвая объявил импичмент президенту страны Фернандо Луго. Обязанности президента возложены на вице-президента Федерико Франко.
013816a3-7800-4e0f-b06d-a6bb65038b90,2012-06-23,,В России задержан Серийный убийца Михаил Попков
01383589-f000-4e5b-be5f-47c88b74b39f,2012-06-27,2012-07-01,"чемпионат Европы по лёгкой атлетике (Хельсинки, Финляндия)."
01383aaf-fc00-4244-80f1-6e83f3131733,2012-06-30,,Вступил в должность президент Египта Мухаммед Мурси.
01383aaf-fc00-45e3-a6a3-d82216dbae01,2012-06-30,,В Мали боевики исламистской группировки Ансар ад-дин уничтожили мавзолей Сиди Махмуда в городе Томбукту.
01383aaf-fc00-46be-95ef-553c9d4a16db,2012-06-30,,Президент Исландии Оулавюр Рагнар Гримссон переизбран на пятый срок.
01387355-f000-4dd5-b21c-a1ebab6e6cfb,2012-06-30,2012-07-22,международная велогонка серии Тур де Франс.
01383fd6-7800-4769-8cf1-66b692dd8e2f,2012-07-01,,"Президентские и парламентские выборы в Мексике. По предварительным данным, лидирует кандидат в президенты от оппозиционной Институционно-революционной партии Энрике Пенья Ньето."
01383fd6-7800-4bea-afcb-638f984114dc,2012-07-01,,"Территория Москвы увеличилась почти в 2,5 раза — со 107 тыс. га до 255 тыс. га за счёт присоединения части территории Московской области."
01383fd6-7800-4270-9b47-8723b30fa29f,2012-07-01,,Французская сеть Minitel прекратила своё существование из-за вытеснения Интернетом.
01383fd6-7800-4956-a4ae-a29cb56aef95,2012-07-01,,"Приземление корабля Союз ТМА-03М. Экипаж посадки — Олег Кононенко, Андре Кёйперс (Нидерланды) и Доналд Петтит (США)."
013844fc-f400-4f44-8e12-dd71523251bc,2012-07-02,,открытие моста на остров Русский во Владивостоке.
01384a22-f000-41a3-9569-ec3a375b5cd8,2012-07-03,,запуск 8-го энергоблока Экибастузской ГРЭС-1 (Казахстан).
01384f49-7c00-418f-8f09-227cf814d90d,2012-07-04,,"официально введена в эксплуатацию крупнейшая в мире ГЭС «Санься» (Китай), общей мощностью 22,4 млн кВт."
01385996-7400-453e-aca2-a9627b9e28ee,2012-07-06,,парламент Румынии объявил импичмент президенту страны Траяну Бэсеску.
01385ebc-7000-47b2-9a6f-050b3aa2632b,2012-07-07,,Парламентские выборы в Ливии. Победу одержала либеральная коалиция Альянс национальных сил (АНС).
01385ebc-7000-4e5b-a58d-b63e566bcb95,2012-07-07,,Наводнение в Краснодарском крае (Россия). Погиб 171 человек. Объявлен день траура.
013863e2-fc00-4355-be46-b21fc1df7580,2012-07-08,,президент Египта Мухаммед Мурси отменил решение о роспуске Народного собрания страны.
01386909-7800-4bf9-aa26-a510cdf3ce02,2012-07-09,,Конституционный суд Египта денонсировал решение президента Мухаммеда Мурси об отмене роспуска парламента страны.
01386909-7800-40e9-9b43-3f19ef3f3a73,2012-07-09,,С космодрома Байконур стартовала ракета-носитель Протон-М со спутником Сириус-5.
01386e2f-7400-4915-9c15-72217dd917ae,2012-07-10,,Государственная дума России ратифицировала договор о присоединении России ко Всемирной торговой организации.
0138855c-7200-4604-88ed-a327ed0d8f2d,2012-07-14,2012-07-15,"состоялось официальное открытие подмосковной гоночной трассы «Moscow Raceway», на которой прошло первое мероприятие — этап Мировой серии Рено."
013887ef-7000-4687-9262-e509edea55b6,2012-07-15,,"с космодрома Байконур стартовал транспортный пилотируемый корабль Союз ТМА-05М. Экипаж старта — Юрий Маленченко, Сунита Уильямс (США) и Акихико Хосидэ (Япония)."
01389762-7400-4cbc-bcf0-90b35fc8fc84,2012-07-18,,Ким Чен Ын назначен маршалом КНДР.
01389c88-f000-4d92-83a8-e0bb6ac0ce71,2012-07-19,,Выборы президента Нагорного Карабаха. Победу одержал действующий президент Бако Саакян.
01389c88-f000-4065-9fcd-66e6db34e1fd,2012-07-19,,"Крушение парома у берегов Занзибара. Погибло 62 человека, 80 пропали без вести, спасено 145."
01389c88-f000-4964-b84b-03675878d4cb,2012-07-19,,Выборы президента Индии. Избран Пранаб Мукерджи.
0138a6d5-7800-4a53-9328-0c43cbd08262,2012-07-21,,c космодрома Ёсинобу к МКС стартовал японский грузовик HTV-3.
0138abfb-f400-4f39-84b1-2ea4a2b0cda0,2012-07-22,,с космодрома Байконур запущена ракета Союз с блоком из пяти космических аппаратов.
0138b648-7c00-4af2-a586-acb044b99382,2012-07-24,,в связи с кончиной президента Ганы Джона Атты Милса к присяге приведён вице-президент страны Джон Драмани Махама.
0138c328-7200-474e-9b70-57899a5c82d6,2012-07-24,2012-07-29,"11-й международный конкурс молодых исполнителей популярной музыки «Новая волна» (Юрмала, Латвия)."
0138eeee-7000-4951-a26d-4c7a7c8a35c5,2012-07-27,2012-08-12,"30-е летние Олимпийские игры (Лондон, Великобритания)."
0138d52e-f400-488e-ada6-3cba340f9e3a,2012-07-30,,начато строительство атомной подводной лодки «Князь Владимир».
0138df7b-7c00-4834-a551-9708037d0336,2012-08-01,,старт с космодрома Байконур транспортного грузового корабля Прогресс М-16М.
0138f93b-7800-40c5-87ac-b078e14db695,2012-08-06,,косморобот Curiosity совершил посадку на Марс в районе кратера Гейла.
013912fa-f400-4ae2-9bd0-00abe0775655,2012-08-11,,"по северо-западу Ирана прокатилась серия землетрясений магнитудой 6,3—6,4, в результате которой погибли 308 человек и 3037 — получили ранения."
01391821-7000-4a4c-9875-d3d4eade602e,2012-08-12,,закрытие летних Олимпийских игр 2012 в Лондоне.
013931e1-7c00-4f89-bf2d-9dec3258131d,2012-08-17,,суд приговорил участниц панк-группы Pussy Riot к двум годам лишения свободы
01393c2d-f400-4e13-bb87-de4c5209815b,2012-08-19,,"авиакатастрофа в Судане, в результате которой погибли 32 представителя политической и военной элиты страны."
01394ba0-f800-4b9c-a0b7-4482dcd5e54e,2012-08-22,,официальное вступление России в ВТО. Россия стала 156-м членом этой организации.
0139603a-7800-40eb-b7e8-fefb3ca5e73a,2012-08-26,,в турецком городе Стамбул и столице Азербайджана Баку прошли массовые митинги в память о жертвах Ходжалинской резни
01396560-f400-41a1-9e6c-7500dff962d2,2012-08-27,,парламент Румынии принял решение о возвращении Траяна Бэсеску на пост президента страны.
0139896d-7800-4808-81e2-ddfbf15768b5,2012-08-27,2012-09-10,"Всемирная шахматная олимпиада (Стамбул, Турция). У мужчин победу одержала сборная Армении, у женщин — сборная России."
01396a87-7000-4afd-a3db-8c5609defcbe,2012-08-28,,из храма Святой Великомученицы Екатерины в Санкт-Петербурге украдены мощи Александра Невского и Николая Чудотворца.
0139896d-7800-4bc4-85b1-70023de5b0d4,2012-08-29,2012-09-08,69-й Венецианский кинофестиваль.
01398c00-7600-4eb8-ad82-92712096e0a5,2012-08-29,2012-09-09,XIV летние Паралимпийские игры в Лондоне (Великобритания).
013974d3-f800-4509-bb74-565f9c59bed5,2012-08-30,,запуск спутников Van Allen Probes для изучения воздействия солнечной радиации на магнитосферу Земли.
01397f20-f000-45a3-9d08-aae35b15ad56,2012-09-01,,телевизионные каналы России начали показывать Ограничение по возрасту для защиты детей.
0139964d-7e00-4793-8f76-22f80954c79f,2012-09-02,2012-09-09,Саммит АТЭС во Владивостоке.
0139a853-7000-4592-ab48-8f0f4e7da110,2012-09-09,,вступило в силу соглашение об упрощении визового режима между Российской Федерацией и Соединёнными Штатами Америки.
0139ad79-fc00-44b4-9dec-bb9f8872d524,2012-09-10,,президентом Сомали избран Хасан Шейх Махмуд.
0139b2a0-7800-4f3e-8089-1b3e2f15e4e5,2012-09-11,,в Барселоне (Каталония) прошла многотысячная акция с требованием предоставления независимости от Испании.
0139b7c6-7400-4c85-a829-0765e8a9aadb,2012-09-12,,"досрочные парламентские выборы в Нидерландах. По предварительным данным, лидирует правящая Народная партия за свободу и демократию."
0139c213-7c00-4008-b110-7c87fbdc6835,2012-09-14,,"исчерпание запасов IPv4-адресов RIPE NCC, регионального интернет-регистратора Европы."
0139c213-7c00-484a-b229-6606844e041e,2012-09-14,,"на расстоянии 2,84 млн км от Земли пролетел астероид 2012 QG42 размером примерно в полкилометра."
0139d186-7000-4fc1-9bb2-d67448724837,2012-09-17,,"приземление космического корабля Союз ТМА-04М. Экипаж приземления — Геннадий Падалка, Сергей Ревин и гражданин США Джозеф Акаба."
0139e38c-f200-4fd7-83e8-6f6925958b01,2012-09-18,2012-09-23,"чемпионат мира по летнему биатлону (Уфа, Россия)."
0139f06c-7800-4d53-a6ed-6f2fc9e032ee,2012-09-23,,выборы в парламент Беларуси.
013a199f-7800-4a42-82ec-fbd3d756a26f,2012-10-01,,парламентские выборы в Грузии. Победу одержала оппозиционная коалиция «Грузинская мечта».
013a23ec-7000-4a76-846b-6363ed2966ca,2012-10-03,,"Турецко-сирийский конфликт. Турецкая сторона открыла огонь по сирийской территории в ответ на инцидент на границе, где в результате падения артиллерийских снарядов погибли пять человек."
013a3885-7000-435b-a284-672545cd09fb,2012-10-07,,выборы президента Венесуэлы. Победу одержал Уго Чавес.
013a3dab-fc00-4ea1-9e3f-f7d08a08f2ed,2012-10-08,,введена в строй вторая ветка газопровода «Северный поток».
013a5c91-f400-486c-9704-367ecdb55723,2012-10-14,,Единый день голосования в России.
013a5c91-f400-47b2-bd90-2956d3138402,2012-10-14,,Парламентские выборы в Литве.
013a8aeb-7000-445b-9a4d-ff9fedbb922d,2012-10-23,,космический корабль Союз ТМА-06М стартовал к МКС со стартовой площадки № 31.
013aa4aa-fc00-4ee3-873c-c239cd4322db,2012-10-28,,парламентские выборы на Украине.
013aaef7-f400-4bbd-9b96-3489c56d2693,2012-10-30,,"Ураган «Сэнди» достиг побережья США, убытки от разрушений нанесённых ураганом могут достигнуть от 10 до 20 млрд. $."
013ab41e-7000-4827-b020-9cac9cffd9fc,2012-10-31,,главный штаб Военно-морского флота России переехал в Санкт-Петербург.
013acddd-fc00-4e54-a0e7-cb45d39d677d,2012-11-05,,городу Хабаровск присвоено звание Город воинской славы.
013ad304-7800-47d4-9a40-67430a2c027a,2012-11-06,,Президентские выборы в США 2012 года. Победу одержал президент Барак Обама.
013ad82a-f400-47d6-855e-bb89a14fabd7,2012-11-07,,"в Гватемале произошло сильное землетрясение магнитудой 7,4. Погибли 52 человека."
013aecc4-7400-4154-ab44-6323a6d57665,2012-11-11,,выборы президента Словении. Во второй тур вышли действующий президент Данило Тюрк и бывший премьер-министр Борут Пахор.
013b22d6-fa00-4575-943f-2d2c50c12411,2012-11-11,2012-12-02,"чемпионат мира по шахматам среди женщин (Ханты-Мансийск, Россия)."
013b15f6-f400-4218-a3cc-b5e29d36009f,2012-11-19,,совершил посадку спускаемый аппарат корабля Союз ТМА-05М с экипажем 33-й длительной экспедиции на Международную космическую станцию.
013b4976-7c00-4b2f-8c97-036d6e56f0ca,2012-11-29,,Генеральная ассамблея ООН признала Палестину государством — наблюдателем ООН.
013b53c3-7400-4b8c-8c1f-1a3f90344259,2012-12-01,,Россия возглавила G20.
013b53c3-7400-4252-8834-3a5c39597f9a,2012-12-01,,"Детский конкурс Евровидение (Амстердам, Нидерланды). Победу одержала Анастасия Петрик (Украина)."
013b53c3-7400-4c4b-b085-72806cb4a2b5,2012-12-01,,Вступил в должность президент Мексики Энрике Пенья Ньето.
013b58e9-f000-46bf-8e69-2ec0237b6209,2012-12-02,,второй тур выборов президента Словении. Победу одержал бывший премьер-министр страны Борут Пахор.
013b6336-7800-4156-8d2e-73ec8c950d9f,2012-12-04,,"на остров Минданао на юге Филиппин обрушился тайфун «Пабло». 1020 человек погибли, 844 пропали без вести."
013b72a9-7c00-4d27-94b2-fd095c26c4c1,2012-12-07,,начало строительства газопровода «Южный поток».
013b7cf6-7400-4d23-8a73-cee2f4ded427,2012-12-09,,парламентские выборы в Румынии.
013b96b5-f000-47fa-863c-34c1b5a49467,2012-12-14,,В Китае построена самая протяжённая в мире скоростная железнодорожная магистраль Пекин — Гуанчжоу.
013b96b5-f000-41a5-93fc-93374fa70ad9,2012-12-14,,"Массовое убийство в начальной школе «Сэнди-Хук» (Коннектикут, США)."
013b9bdc-7c00-4aa1-a973-456c3720828d,2012-12-15,,Франция полностью вывела войска из Афганистана.
013ba102-f800-41a1-89e6-564d673ee999,2012-12-16,,парламентские выборы в Японии. Победу одержала Либерально-демократическая партия.
013ba628-f400-4c3c-90ef-e1c4485eb391,2012-12-17,,Воронеж обрёл статус города с миллионным населением.
013bb075-fc00-4548-9ec9-2b625391e528,2012-12-19,,Выборы президента Южной Кореи. Победу одержала Пак Кын Хе — первая в истории страны женщина-президент.
013bb075-fc00-45f0-a233-c8ff077b5cff,2012-12-19,,Космический корабль Союз ТМА-07М стартовал к МКС со стартовой площадки № 1
013bb075-fc00-42d4-b7b8-03b37db6c8ec,2012-12-19,,Узбекистан вышел из ОДКБ.
013bbac2-7400-4c00-abd8-a25cf02c27ff,2012-12-21,,Начало нового бактуна и эпохи Шестого Солнца в календаре майя. Очередное ожидание конца света — глобального катаклизма или фундаментальной трансформации мира.
013bbac2-7400-4be5-8f3a-a6624536c8fc,2012-12-21,,Премьер-министр Италии Марио Монти подал в отставку.
013bbfe8-f000-440a-9b6b-1ef5eb6c3621,2012-12-22,,Президент Италии Джорджо Наполитано объявил о роспуске парламента страны.
013bbfe8-f000-4542-ae8f-31ba3a153638,2012-12-22,,После реконструкции вновь запущена Баксанская ГЭС (Кабардино-Балкария).
013bbfe8-f000-48dc-9237-70a5dd2b804a,2012-12-22,,"Венгрия приняла поправку в конституцию, запрещающую продажу земли иностранным гражданам."
013bee41-fc00-438f-b1b6-1d4ec60c512a,2012-12-26,2013-01-05,"молодёжный чемпионат мира по хоккею c шайбой (Уфа, Россия)."
013be91b-f000-4127-9554-7f3f7f823c0d,2012-12-30,,спущен на воду атомный подводный крейсер «Владимир Мономах».
013bf368-7800-440d-b6a8-4d122c4e54e8,2013-01-01,,"Во всех регионах России начато внедрение универсальной электронной карты, в которой совмещены практически все документы, в том числе паспорт, водительское удостоверение, СНИЛС, медицинский полис, проездной билет, а также банковская карта."
013bf368-7800-4d00-82f6-06236db77071,2013-01-01,,Украина стала председателем ОБСЕ.
013bf368-7800-4285-9b9c-628098d52d57,2013-01-01,,"В России вступил в силу закон, запрещающий американским гражданам усыновление российских детей («Закон Димы Яковлева»)."
013c0801-f800-43e6-b92b-1d889be5d63e,2013-01-05,,"в связи с реализацией ноябрьского решения Генассамблеи ООН о повышении статуса до государства-наблюдателя при организации, издан указ председателя Палестинской национальной администрации (ПНА) Махмуда Аббаса, предписывающий впредь использовать в официальных целях вместо ПНА — исключительно название Государство Палестина; себя М. Аббас распорядился называть президентом государства. США, Израиль, Норвегия, Швеция и Испания это решение не признали."
013c1c9b-7800-4873-a548-5e9e785c9726,2013-01-09,,Парламент Ливии принял решение об изменении названия государства с Ливийской Арабской Джамахирии на Государство Ливия.
013c1c9b-7800-4101-9df9-e9e258f5b79e,2013-01-09,,"Апофис сблизился с Землёй на расстояние 14,46 млн км."
013c26e7-f000-4952-a08a-823adfe4bd19,2013-01-11,,"в Мали в связи с боевыми действиями введено чрезвычайное положение, также в страну по просьбе её правительства введены французские войска."
013c297b-7e00-40f3-9fb0-9382e34ea0cb,2013-01-11,2013-01-12,выборы президента Чехии. Во второй тур вышли Милош Земан и Карел Шварценберг.
013c3134-f800-4226-9b4a-a75a52932237,2013-01-13,,"в Пакистане начался «Марш миллионов»: в Исламабад отправились тысячи митингующих под руководством теолога Тахира Кадри с требованием реформ избирательной системы, смены власти и искоренения «существующей в стране коррупционной феодальной системы»."
013c365b-7400-49a1-9e2b-9dd6c7373a76,2013-01-14,,отменены выездные визы для выезда за границу граждан Кубы.
013c40a7-fc00-4b60-8881-9316ea0dfc9c,2013-01-16,,захват террористами многочисленных заложников на нефтегазовом комплексе компании BP в Алжире в знак протеста против французской военной операции в Мали.
013c5541-7c00-4d91-927e-bfb04e1a2260,2013-01-20,,Барак Обама вступил в должность президента США на второй срок.
013c5f8d-f400-4633-abee-0ae168ae9e25,2013-01-22,,парламентские выборы в Израиле. Большинство (31) голосов получил предвыборный блок партий Ликуд и Наш дом — Израиль во главе с действующим премьер-министром Биньямином Нетаньяху.
013c64b4-7000-4234-9068-58d913032fe6,2013-01-23,,Досрочные парламентские выборы в Иордании.
013c64b4-7000-4a5a-8920-4d95c20b2c7d,2013-01-23,,Парламент Каталонии принял декларацию о государственном суверенитете региона и праве нации на самоопределение.
013c6f00-f800-4a81-b941-5ac665873691,2013-01-23,2013-01-27,"всемирный экономический форум (Давос, Швейцария)."
013c8107-7a00-4841-a948-9e5f271f69d8,2013-01-23,2013-02-03,33-й чемпионат мира по хоккею с мячом (Швеция и Норвегия). Победителем стала сборная России.
013c7194-7600-4932-b3a5-5d2f4bb9dcd0,2013-01-25,2013-01-26,второй тур выборов президента Чехии. Победу одержал Милош Земан.
013c794d-f000-472d-907e-57285437907d,2013-01-27,,"пожар в ночном клубе «Kiss» в бразильском городе Санта-Мария штата Риу-Гранди-ду-Сул, 236 человек погибли."
013c9fed-7200-48bc-ba34-4e99caa17513,2013-02-02,2013-02-05,"Архиерейский собор Русской православной церкви (Москва, Россия)."
013c9d5a-7400-40a3-b68a-fdd409a62990,2013-02-03,,парламентские выборы на Кубе.
013cb1f3-f400-47bc-977e-9b401972e3f3,2013-02-07,,запуск первого азербайджанского искусственного спутника AzerSat-1.
013cb1f3-f400-4f98-b976-41934d5d8edc,2013-02-07,,"автокатастрофа в Замбии, погибли 51 человек, ещё 28 человек получили травмы."
013ccbb3-7000-4701-bbf0-707085f71cee,2013-02-07,2013-02-17,63-й Берлинский международный кинофестиваль.
013ccbb3-7000-44f9-81b0-2dfc2bffaa94,2013-02-07,2013-02-17,В Нове-Место (Чехия) прошёл чемпионат мира по биатлону.
013cc166-f800-4525-b18f-ae08cf8de38c,2013-02-10,,парламентские выборы в Монако. Победу одержала оппозиционная коалиция Горизонт Монако.
013ccbb3-7000-412e-96cc-56ebf3722f3b,2013-02-12,,"КНДР провела третьи со времён объявления себя ядерной державой ядерные испытания, осуществив ядерный взрыв на глубине 1 км, вопреки конвенциям и резолюциям ООН."
013cdb26-f400-4ff5-8e1d-2b2d357cd751,2013-02-15,,"в Челябинской области упал Челябинский метеорит. Пострадало 1615 человек, никто не погиб."
013ce573-7c00-4f5c-8bf5-de2b4ed1c3b4,2013-02-17,,Президентские выборы на Кипре. Во второй тур вышли Никос Анастасиадис и Ставрос Малас.
013ce573-7c00-4171-b75a-35f7498e1dae,2013-02-17,,Выборы президента Эквадора. Победу одержал действующий президент Рафаэль Корреа.
013cea99-f800-4f59-8cc4-bc78c76e776b,2013-02-18,,выборы президента Армении. Победу одержал кандидат Серж Саргсян.
013cf4e6-7000-49fa-8d3c-21ab889ae91f,2013-02-20,,премьер-министр Болгарии Бойко Борисов объявил об отставке правительства из-за массовых акций протеста в связи с повышением цен на электричество и отопление.
013d1139-7a00-451c-9840-07f6370b094f,2013-02-20,2013-03-03,"чемпионат мира по лыжным видам спорта (Валь-ди-Фьемме, Италия)."
013d097f-f000-4ea1-9593-1e4bc719baf5,2013-02-24,,Новым Патриархом Болгарским избран Неофит.
013d097f-f000-40bf-999e-88650ec86b28,2013-02-24,,Парламентские выборы в Италии.
013d097f-f000-4a02-bab6-0906e541a155,2013-02-24,,Второй тур выборов президента Республики Кипр. Победу одержал Никос Анастасиадис.
013d0ea6-7c00-4c82-a12e-0bcdf3f7a856,2013-02-25,,вступила в должность президент Южной Кореи Пак Кын Хе.
013d1e19-7000-4268-8da8-89a506e59049,2013-02-28,,завершился понтификат папы римского Бенедикта XVI.
013d2865-f800-4f92-8bae-6685ba743a69,2013-03-02,,Таджикистан вступил во Всемирную торговую организацию.
013d32b2-f000-45b5-95c6-522a4991e3b3,2013-03-04,,выборы президента Кении. Победил вице-премьер страны Ухуру Кениата.
013d37d8-fc00-42e7-9731-57052ebfbcfb,2013-03-05,,"в полном составе отправлено в отставку правительство Молдовы, представлявшее Альянс «За европейскую интеграцию»."
013d474c-7000-4ec3-8062-cd8679825f2d,2013-03-08,,Николас Мадуро принял присягу в качестве временно исполняющего обязанности президента Венесуэлы до выборов нового президента вместо скончавшегося Уго Чавеса.
013d474c-7000-4b1f-977b-b794ea371325,2013-03-08,,Милош Земан вступил в должность президента Чехии.
013d474c-7000-4b45-8053-e206148241ec,2013-03-08,,Корейская Народно-Демократическая Республика расторгла договор о ненападении с Корейской республикой.
013d4c72-7c00-40d1-874b-021998101bcf,2013-03-09,,Парламентские выборы на Мальте.
013d4c72-7c00-49c3-9b09-0629dffd6b99,2013-03-09,,"В Пакистанском городе Лахор произошли столкновения местных христиан с полицией. Причиной столкновений является конфликт между общинами христиан и мусульман, начавшийся с оскорбления христианами пророка Мухаммеда, в ответ мусульмане сожгли дома христиан."
013d542b-f600-48c0-a04f-3fc213c6c338,2013-03-10,2013-03-11,референдум по статусу Фолклендских островов.
013d6632-7800-4a19-a4ed-dcbe17ee0808,2013-03-11,2013-03-17,"чемпионат мира по фигурному катанию (Лондон, Канада)."
013d610b-fc00-4674-b05e-7013641b005d,2013-03-13,,В чилийской пустыне Атакама запущен самый мощный телескоп на планете.
013d610b-fc00-42b1-a09a-a93c6c7cf932,2013-03-13,,"Новым папой римским избран Хорхе Марио Бергольо, взявший имя Франциск."
013d6632-7800-4cb7-83ee-0b8f1b51c586,2013-03-14,,новым председателем КНР избран Си Цзиньпин.
013d707e-f000-468b-990a-de8b3b3ed724,2013-03-16,,космический корабль с международным экипажем Союз ТМА-06М совершил посадку в казахстанской степи.
013d7ff2-7400-4b50-a757-56cc885014df,2013-03-19,,интронизация папы римского Франциска.
013d948b-7400-470f-8a35-2d843ff29012,2013-03-23,,антиправительственный мятеж в Центральноафриканской Республике с требованием отставки президента страны Франсуа Бозизе.
013da924-f400-4c4b-b7ab-802668b550fe,2013-03-27,,"в Китае 20 уйгуров осуждены по обвинению в терроризме и призывах к отделению Синьцзяна — региона, в котором мусульманский народ уйгуры, подвергающиеся в Китае преследованию за свои религиозные убеждения, составляют большинство"
013db371-fc00-4a13-9618-948d2584031b,2013-03-29,,"старт космического корабля Союз ТМА-08М к международной космической станции. Экипаж: Павел Виноградов, Александр Мисуркин (оба Россия), Кристофер Кэссиди (США)."
013dbdbe-7400-496f-984c-e1f91caeb5b8,2013-03-31,,глава повстанцев в Центральноафриканской Республике Мишель Джотодия провозгласил себя президентом страны и объявил о формировании временного правительства.
013dd77e-7000-41b0-921f-c9a8fd840e34,2013-04-05,,в результате драки между мусульманами и буддистами в иммиграционном центре в Индонезии погибли 8 человек
013ddca4-7c00-4d58-9b8a-0bd2bfda03e4,2013-04-06,,в Египте в результате столкновений между христианами и мусульманами погибли 5 человек
013de1ca-f800-4392-bd98-b4cfd33f3991,2013-04-07,,"президентские выборы в Черногории. По предварительным результатам, победу одержал действующий президент Филип Вуянович."
013dec17-f000-4d4a-854e-a7414422ed29,2013-04-09,,"Землетрясение в иранской провинции Бушир магнитудой 6,3. Погибли 37 человек, около 850 получили ранения."
013dec17-f000-4e1d-9ec9-c6d84216e587,2013-04-09,,"В сербской деревне Велика-Иванча местный житель Любиша Богданович убил 13 своих родственников, среди которых были шесть мужчин, шесть женщин и один двухгодовалый ребёнок, и покончил с собой."
013dec17-f000-4a29-a97e-75388c012a71,2013-04-09,,Сенат Франции легализовал однополые браки
013e05d7-7c00-40f1-aa68-0d6b5080dbde,2013-04-14,,"Выборы президента Венесуэлы. Победу одержал Николас Мадуро, однако сторонники оппозиционного кандидата Энрике Каприлеса не признали результаты выборов."
013e05d7-7c00-44f1-b945-635ff115d16c,2013-04-14,,В Испании состоялась многотысячная демонстрация с требованием упразднения монархии и введения республиканской формы правления.
013e0afd-f800-4576-9c40-c6c41f9628fc,2013-04-15,,"в Бостоне (США) на финише Бостонского марафона прогремели два взрыва. 3 человека погибли, 282 человека ранены. Теракт был организован чеченцами братьями Царнаевыми."
013e1024-7400-4bb9-8b88-3f0feab5e46a,2013-04-16,,"Движение за освобождение дельты Нигера заявило, что развернёт «террористическую войну», чтобы «защитить христианство» в Нигерии от атак исламской группировки Боко Харам."
013e24bd-f400-4793-827d-1a710910b8aa,2013-04-20,,"Мощное землетрясение магнитудой 7 произошло в китайской провинции Сычуань. Более 200 человек погибли, более 11 тысяч ранены."
013e24bd-f400-4607-959d-fb55ad5d06c1,2013-04-20,,Джорджо Наполитано стал первым в истории Италии переизбранным президентом.
013e29e3-f000-42a5-a74a-b667887c2d67,2013-04-21,,парламентские и президентские выборы в Парагвае. Президентом Парагвая избран Орасио Картес.
013e3956-f400-420a-a22e-5dcbc2e4fc00,2013-04-24,,в Саваре (Бангладеш) обрушилось 8-этажное здание. Погибли 1127 человек.
013e43a3-fc00-42ce-afd3-6c207d4a11cf,2013-04-26,,по обвинению в коррупции арестован президент Боснии и Герцеговины Живко Будимир.
013e48ca-7800-4807-a22b-879cfc8f5703,2013-04-27,,парламентские выборы в Исландии.
013e583d-7c00-4d14-96c7-5d7349a1392b,2013-04-30,,королева Нидерландов Беатрикс отреклась от престола в пользу сына принца Виллема-Александра.
013e90e3-7000-4f6f-8290-1765ceb0dc2a,2013-05-03,2013-05-19,"77-й чемпионат мира по хоккею с шайбой (Стокгольм, Швеция и Хельсинки, Финляндия). Сборная Швеции выиграла чемпионат мира в девятый раз."
013e71fc-f800-4400-a0e7-597b07bc2de5,2013-05-05,,парламентские выборы и выборы ассамблей 12 штатов в Малайзии. Победу одержала правящая коалиция Национальный фронт.
013e7c49-f000-4cea-90c4-383bbfa147ef,2013-05-07,,"c космодрома Куру (Французская Гвиана) запущена европейская лёгкая ракета-носитель Вега с европейским спутником земли Проба-В, вьетнамским спутником VNREDSat-1 и первым эстонским космическим аппаратом ESTCube-1."
013e8bbc-f400-47f8-8292-242bde36da19,2013-05-10,,"в Нью-Йорке на месте Всемирного торгового центра, разрушенного в результате террористических актов 11 сентября 2001 года, завершено строительство здания Башни Свободы, ставшей самым высоким зданием в Западном полушарии."
013e90e3-7000-43b8-8208-e3868816bc11,2013-05-11,,парламентские выборы в Пакистане. Победу одержала партия Пакистанская мусульманская лига.
013e9609-7c00-4e9e-8d32-03cfbc19b63a,2013-05-12,,досрочные парламентские выборы в Болгарии. Большинство мест получила правящая партия ГЕРБ.
013ea056-7400-4303-882f-f3b594fea0bc,2013-05-14,,"космический корабль Союз ТМА-07М совершил посадку в казахстанской степи. Экипаж посадки Роман Романенко, Томас Маршбёрн, Кристофер Хэдфилд."
013eaaa2-fc00-4388-b77b-b3f76ef5f732,2013-05-14,2013-05-18,"58-й Конкурс песни Евровидение (Мальмё, Швеция). Победу одержала датская певица Эммили де Форест."
013ec1cf-7a00-444f-8952-04210445b10f,2013-05-15,2013-05-26,"66-й Каннский кинофестиваль (Канны, Франция)."
013eaaa2-fc00-4821-8c22-8460ffccf359,2013-05-16,,Армения стала председателем Комитета министров Совета Европы.
013ec989-7400-4a63-acbf-88972eacb223,2013-05-22,,"в столице Великобритании Лондоне два местных члена мусульманской общины нигерийского происхождения показательно убили военного барабанщика Ли Ригби. После убийства один из исламистов потребовал, чтобы прохожие сняли его на камеры своих мобильных телефонов. Не смыв кровь с рук и держа в них холодное оружие, он заявил: «Око за око, зуб за зуб. Вы думаете, что после этого Дэвид Кэмерон выйдет защищать вас, думаете, когда мы возьмёмся за оружие, он пострадает? Нет, страдать будут обычные люди — как вы и ваши дети. Мир наступит только после того, как ваше правительство выведет войска…». Это событие привело к всплеску исламофобских настроений в стране и спровоцировало серию атак ультраправых на мусульман."
013ed3d5-fc00-4814-abff-e5088542a132,2013-05-24,,"в Охотском море произошло землетрясение магнитудой 6,9 на глубине свыше 600 км. Отголоски этого землетрясения ощущались на большей части России."
013eed95-f800-4630-bc78-afee3f7e35d4,2013-05-29,,"старт космического корабля Союз ТМА-09М к международной космической станции. Экипаж Фёдор Юрчихин (Россия), Карен Найберг (США), Лука Пармитано (Италия)."
013ef7e2-7000-47bc-9b26-e3344bad32c5,2013-05-31,,В Турции начались массовые протесты с требованием отставки правительства страны.
013efd08-fc00-4ef0-bc61-49cd6d37d6db,2013-06-01,,"Монархическая партия России назначила Карла Эмиха Лейнингенского принявшего православие, и имя «Николай Кириллович» главой Дома Романовых и императором Романовской империи под именем «Николая III»."
0140c238-7c00-414a-8ab9-b5d8829ccd28,2013-06-01,2013-11-24,55-я Венецианская биеннале.
013f022e-f800-42b8-b566-9185955438be,2013-06-02,,Конституционный суд Египта признал незаконной конституцию страны и распустил верхнюю палату парламента.
013f11a2-7c00-4b77-bbd6-ae777ef9dea0,2013-06-05,,премьер-министром Пакистана в четвёртый раз утверждён лидер правящей партии Пакистанская мусульманская лига Наваз Шариф.
013f2115-7000-4ff1-a920-ef76f8efa354,2013-06-08,,парламентские выборы в Науру.
013f3088-7400-434a-aeaf-9593af41b320,2013-06-11,,"С космодрома Цзюцюань запущен китайский космический корабль Шэньчжоу-10. В составе экипажа Чжан Сяогуан, Не Хайшэн и женщина-космонавт Ван Япин."
013f3088-7400-4fe4-8b44-ce1b91e301cd,2013-06-11,,Парламент Науру избрал президентом страны композитора Барона Дивавеси Вака.
013f3ffb-7800-404e-a3d9-54e4c19352f2,2013-06-14,,выборы президента Ирана. Победу одержал Хасан Рухани.
013f4a48-7000-491d-9153-5b0a98e943de,2013-06-16,,конституционный суд Кувейта принял решение о роспуске парламента страны и проведении досрочных парламентских выборов.
013f5201-fa00-4aff-886c-453ce1e2aead,2013-06-17,2013-06-18,"саммит G8 (Лох-Эрн, Великобритания)."
013f5ee1-7000-4ae4-852a-1f33984567c1,2013-06-17,2013-06-23,"50-й Международный авиационно-космический салон Paris Ais Show 2013 (Ле Бурже, Франция)."
013f760e-7e00-49d7-b8f4-d602eb888605,2013-06-20,2013-06-29,35-й Московский международный кинофестиваль.
013f6407-fc00-4a5e-8210-4fae5ec05d6d,2013-06-21,,в Индии после продолжительных дождей наступило разрушительное наводнение с человеческими жертвами.
013f6e54-f400-42c2-8404-bac93cbeebec,2013-06-23,,парламентские выборы в Албании. Победу одержала оппозиционная Социалистическая партия Албании.
013f78a1-7c00-48ca-9e9e-e49b84cc99ae,2013-06-25,,Эмиром Катара стал Тамим бин Хамад Аль Тани после отречения своего отца.
013f78a1-7c00-4adc-82d2-04356de5e50b,2013-06-25,,Иржи Руснок назначен премьер-министром Чехии.
013f7dc7-f800-4936-8d55-caa7eae0a121,2013-06-26,,"Китайский космический корабль Шэньчжоу-10 с экипажем тайконавтов Чжан Сяогуан, Не Хайшэн и Ван Япин совершил посадку."
013f7dc7-f800-4206-a4c7-ef92bd69e598,2013-06-26,,Президентские выборы в Монголии. Победил действующий президент Цахиагийн Элбегдорж.
013f7dc7-f800-4c57-8995-09e3d8bc15e3,2013-06-26,,Парламент Австралии во второй раз избрал премьер-министром Кевина Радда.
013f82ed-f400-4c8f-9a1f-27213a95ad77,2013-06-27,,"в США запущен спутник IRIS, предназначенный для изучения Солнца в инфракрасном диапазоне."
013f9787-7400-47f2-a98c-cbcb43359472,2013-07-01,,Хорватия присоединилась к ЕС.
013f9787-7400-437c-aaa2-241b3e63b166,2013-07-01,,"В Турции прошли выборы председателя Великого национального собрания, победу одержал кандидат от правящей партии справедливости и развития Джемиль Чичек."
013fa1d4-7c00-4ce9-8627-3b38da9afb84,2013-07-03,,"в Египте произошёл государственный переворот, президент Мухаммед Мурси арестован. Исполнять обязанности президента стал председатель Верховного суда Адли Мансур."
013fcd9a-7a00-45ca-80f3-341762e15545,2013-07-06,2013-07-17,"XXVII Всеми́рная ле́тняя Универсиа́да (Казань, Россия)"
013fc5e0-f000-4890-8067-073f3a86b5d6,2013-07-07,2013-07-13,в российском городе Пугачёв (Саратовская область) начались массовые беспорядки после убийства выходцами из Чечни местного жителя.
013fc0ba-7400-42f4-b4b9-106bc70991ec,2013-07-09,,Хазем Аль-Баблауи назначен новым премьер-министром Египта. Мохаммед эль-Барадеи стал вице-президентом Египта.
013fc5e0-f000-4de3-873c-67491a17f847,2013-07-10,,Председателем Правительства Приднестровской Молдавской Республики стала Татьяна Михайловна Туранская.
013fe4c6-f800-4239-8e52-1290be16d03d,2013-07-12,2013-07-20,"IV Одесский международный кинофестиваль (Одесса, Украина)."
013fd553-f400-4cbc-9df1-28592756b917,2013-07-13,,парламентские выборы в Бутане. Победу впервые одержала оппозиционная Народно-демократическая партия Бутана.
01401d6c-fc00-46a2-b6ac-6de640d8f70a,2013-07-19,2013-08-04,"15-й чемпионат мира по водным видам спорта (Барселона, Испания)."
013ffe86-f400-4211-ba22-b2adcb0e4d32,2013-07-21,,"король Бельгии Альберт II отрёкся от престола в пользу сына Филиппа, который принёс присягу и стал седьмым королём Бельгии."
014003ac-f000-4f01-b720-c5196d9bce12,2013-07-22,,Польша перешла на цифровое телевещание.
014015b3-7200-40c5-878c-d42be3a0de9c,2013-07-23,2013-07-28,"12-й международный конкурс молодых исполнителей популярной музыки «Новая волна» (Юрмала, Латвия)."
01400df9-f800-404e-bfd5-79ffe395a1d8,2013-07-24,,"железнодорожная катастрофа в Сантьяго-де-Компостела. Погибли 80 человек, 178 ранены."
01401846-7000-461c-a0d1-cc3942299227,2013-07-26,,"в результате столкновений между сторонниками и противниками свергнутого президента Египта Мухаммеда Мурси, представляющего исламскую организацию «Братья-мусульмане», погибли 80 человек, почти 800 получили ранения."
01402293-7800-48cb-bcf4-b8d2f6622851,2013-07-28,,Президентские выборы в Мали.
01402293-7800-4e7b-ae83-cdbae1989af7,2013-07-28,,Парламентские выборы в Камбодже. Победу одержала Народная партия Камбоджи.
01402cdf-f000-42a4-8521-582465e08217,2013-07-30,,президентские выборы в Пакистане. Президентом избран Мамнун Хусейн.
01403206-7c00-43c7-b218-28fe6a0e4cf1,2013-07-31,,президентские выборы в Зимбабве. Победу одержал действующий президент Роберт Мугабе.
0140372c-f800-4bc8-b40f-5f0aa08c9ac9,2013-08-01,,В РФ вступил в силу «Антипиратский закон».
0140372c-f800-492c-8fd0-8ac75d44d270,2013-08-01,,Началось отключение аналогового телевещания в Беларуси.
01404179-7000-474d-ba79-338f2a5a0510,2013-08-03,,вступил в должность президент Ирана Хасан Рухани.
0140469f-fc00-4a55-b664-593b52dfde58,2013-08-04,,"пограничные регионы Афганистана и Пакистана подверглись затоплению из-за ливней. Больше 160 человек погибли в результате наводнения, несколько тысяч людей остались без крова."
01405b39-7c00-4123-8549-a37f4d063fe9,2013-08-05,2013-08-11,"чемпионат мира по бадминтону (Гуанчжоу, КНР)."
01404bc5-f800-4ad0-9bf9-085bbbaffb99,2013-08-05,,премьер-министром Тувалу стал Энеле Сопоага.
01405dcc-7a00-462f-928e-a2e5cea92723,2013-08-05,2013-08-12,"чемпионат мира по фехтованию (Будапешт, Венгрия)."
01407a1f-7400-461a-a5b8-8af4214c3734,2013-08-10,2013-08-18,XIV чемпионат мира по лёгкой атлетике (Москва).
01406aac-7000-42ea-a278-6125e3c3a0e9,2013-08-11,,второй тур президентских выборов в Мали. По предварительным данным победу одержал Ибрагим Бубакар Кейта.
01407a1f-7400-44b1-b008-22dd832d8727,2013-08-14,,"в результате жёсткого разгона совершившими переворот военными сторонников законно избранного президента Египта Мохаммеда Мурси погиб 421 человек, число пострадавших превысило 3500 человек."
01407f45-f000-43cf-9945-4832a0182f0a,2013-08-15,,вступление в должность президента Парагвая Орасио Картеса.
0140ad9e-fc00-4617-b113-22de8f63d8c9,2013-08-21,2013-08-27,чемпионат мира по современному пятиборью (Тайвань).
0140ad9e-fc00-4a0e-9c93-5b93ac49f3d4,2013-08-24,,более 100 человек погибли в результате наводнений в России и Китае.
0140b2c5-7800-4e34-91d2-9e83623d3584,2013-08-25,,в результате применения находящимся у власти в Сирии правительством Асада химического оружия против оппозиции погибли около 400 человек.
0140c4cb-7a00-4595-bd67-5e6d146f8999,2013-08-25,2013-09-01,"чемпионат мира по академической гребле (Чхунджу, Республика Корея)."
0140c75e-f800-4987-aadf-6f37060502ab,2013-08-26,2013-09-01,"чемпионат мира по дзюдо (Рио-де-Жанейро, Бразилия)."
0140c9f1-f600-49fe-8b1c-eeabce15b130,2013-08-27,2013-09-01,"Чемпионат мира по гребле на байдарках и каноэ (Дуйсбург, Германия)."
0140c9f1-f600-475c-8763-857593cb04ab,2013-08-27,2013-09-01,"XXXII чемпионат мира по художественной гимнастике (Киев, Украина)."
0140c238-7c00-4acb-8852-e25192ecc98b,2013-08-28,,президент Чехии Милош Земан объявил о роспуске парламента страны.
0140cc84-f400-45b3-939a-fd946fcadf59,2013-08-30,,c космодрома Куру (Французская Гвиана) запущен первый искусственный спутник Земли Катара «Сухейль-1».
0140d1ab-7000-4b33-b515-1ea21453bfef,2013-08-31,,совершено покушение на премьер-министра Йемена Мухаммада Басиндву.
0140d6d1-fc00-473f-b8cc-47a255ae817e,2013-09-01,,премьер-министром Сенегала стала Аминату Туре.
0140e644-f000-4c01-863e-f49813de4192,2013-09-04,,вступил в должность президент Мали Ибрагим Бубакар Кейта.
0140f091-7800-4843-9a5b-10d23bf3b3be,2013-09-06,,премьер-министром Мали стал Умар Ли.
0140f5b7-f400-4ddd-a38a-9830411b33bc,2013-09-07,,"Парламентские выборы в Австралии. По предварительным данным, победу одержала оппозиционная коалиция."
0140f5b7-f400-4310-ae49-9f2d0b7c752d,2013-09-07,,Президентские выборы на Мальдивах.
0140f5b7-f400-4469-ae6b-ed7e12e3c55c,2013-09-07,,Международный олимпийский комитет выбрал во второй раз Токио столицей Летних Олимпийских игр 2020 года.
0140fade-7000-4f58-8aea-2e51da8052fc,2013-09-08,,Вступил в должность президент Пакистана Мамнун Хусейн.
0140fade-7000-4c51-be58-ba13155510a3,2013-09-08,,Единый день голосования в России.
0140fade-7000-40e7-b2d4-8f6881f6ed89,2013-09-08,,Борис Немцов вступает в должность депутата Ярославской областной думы.
01410004-fc00-443c-8a3d-ca35dd2badce,2013-09-09,,Парламентские выборы в Норвегии. Победу одержала коалиция правых партий.
01410004-fc00-43a2-bfd9-7bb3f4e42434,2013-09-09,,"В Гватемале рейсовый автобус сорвался в пропасть; 43 человека погибли, десятки травмированных."
0141052a-f800-49ae-900e-063f27223656,2013-09-10,,"В Иране столкнулись и загорелись два автобуса; погибли 44 человека, более 40 ранены."
0141052a-f800-4a2b-9f41-010464b58a86,2013-09-10,,Председателем Международного олимпийского комитета избран Томас Бах.
01410a51-7400-4e03-90b8-734b39a4e3d9,2013-09-11,,"космический корабль Союз ТМА-08М совершил посадку в казахстанской степи. Экипаж посадки Павел Виноградов, Александр Мисуркин, Кристофер Кэссиди."
01412937-7c00-4bd2-830f-9c5341755410,2013-09-16,2013-09-18,"парламентские выборы в Руанде. По предварительным данным, победу в них одержала правящая партия Руандийский патриотический фронт."
01413384-7400-4702-8546-933c54e164e7,2013-09-16,2013-09-22,"чемпионат мира по вольной борьбе (Венгрия, Будапешт)."
014138aa-f000-45e3-ba60-9f8da7e98eca,2013-09-16,2013-09-24,"чемпионат мира по стендовой стрельбе (Перу, Лима)."
01412e5d-f800-4ba5-a09c-cafd275a91ee,2013-09-18,,вступил в должность премьер-министр Австралии Тони Эбботт.
01413384-7400-432f-a7ff-3df691f5c0b2,2013-09-19,,"в Мексике от наводнения погибли 80 человек, пострадали более миллиона."
014138aa-f000-4e42-bd2d-04c80f819267,2013-09-20,,Парламентские выборы в Свазиленде.
014138aa-f000-4d83-a4d9-9e19ac1d1624,2013-09-20,,В Йемене совершена серия террористических актов. Погибли 56 сотрудников силовых структур.
01413dd0-fc00-404f-afaf-870986711741,2013-09-21,,В Эдинбурге прошёл многотысячный марш в поддержку выхода Шотландии из состава Великобритании.
01413dd0-fc00-4246-9947-a44118bb5ddc,2013-09-21,,В Кении боевики сомалийской группировки Аш-Шабаб захватили заложников в торговом центре в Найроби. Погибли около 67 граждан разных государств.
01413dd0-fc00-44d7-abbc-0344082a199a,2013-09-21,,"В Ираке (Багдад и Байджи) совершена серия террористических актов. Погибли более 75 человек, ранено около 150 жителей."
014142f7-7800-4878-b37f-9ecad7cb783d,2013-09-22,,"Парламентские выборы в Германии. Победу одержала правящая коалиция ХДС/ХСС, в парламент вошла в том числе немецкая турчанка Джемиле Юсуф, которая стала первой мусульманкой, избранной в парламент от ХДС."
014142f7-7800-412e-9f6d-d49f266da170,2013-09-22,,"В Пакистане произошёл террористический акт у христианской церкви. Погибли 78 христиан, ранено более 100."
01414d43-f000-47e9-be85-c1bf0f869228,2013-09-24,,Пущена в эксплуатацию Няганская ГРЭС.
01414d43-f000-4930-91e7-d3b7d7518ff0,2013-09-24,,"В округе Аваран в горной провинции Белуджистан в Пакистане произошло мощное землетрясение магнитудой 7,8. Погибли не менее 208 человек, 373 получили ранения, десятки пропали без вести."
01415790-f800-4012-9da1-8cafeeeff132,2013-09-26,,старт космического корабля Союз ТМА-10М с международным экипажем к международной космической станции.
01415cb7-7400-4eda-ad13-1711a4d5cc36,2013-09-27,,при обрушение дома в Мумбаи (Индия) погибли более 50 человек.
014161dd-7000-4604-8099-dafc08525b2a,2013-09-28,,парламентские выборы в Гвинее. Победу одержала правящая Объединение гвинейского народа.
01416703-fc00-4d46-aa14-fff4ae136408,2013-09-29,,В Нигерии исламистские боевики в штате Йобе застрелили около 50 студентов.
01416703-fc00-4fc4-b6e7-27e748ac1c47,2013-09-29,,Парламентские выборы в Австрии. По предварительным данным победу одерживает правящая коалиция Социал-демократическая партия Австрии и Австрийская народная партия.
01416c2a-7800-4153-b967-0797095a59d2,2013-09-30,,Парламентские выборы в Камеруне.
01416c2a-7800-48ee-ade8-92ad89125b26,2013-09-30,,В результате серии взрывов в столице Ирака Багдаде погибли более 50 человек.
01417b9d-7c00-47b9-a464-4e0f929c85b0,2013-09-30,2013-10-06,"чемпионат мира по спортивной гимнастике (Бельгия, Антверпен)."
01417b9d-7c00-49eb-b345-e55013720ff9,2013-10-03,,"у берегов Лампедузы (Италия) перевернулось судно с мигрантами из Восточной Африки, 92 человека погибли, около 250 числятся пропавшими без вести."
014185e9-f400-4127-90b0-abce91b2028c,2013-10-05,,"в Ираке прошла серия терактов в разных городах. Погибли 66 человек, ранено более 100."
01419036-fc00-497e-97c8-ba7674c32d6f,2013-10-07,,новым президентом Эфиопии избран Мулату Тешоме.
014192c9-fa00-4b83-8e3a-1ae1357a2966,2013-10-07,2013-10-08,саммит АТЭС на Бали (Индонезия).
01419a83-7400-4fc8-a7ed-4fe890b2e601,2013-10-09,,выборы президента Азербайджана. Победу одержал действующий президент Ильхам Алиев.
0141a4d0-7c00-4b12-8a6d-7e8d032713b3,2013-10-11,,"У берегов Лампедузы (Италия) затонуло судно с беженцами из Африки, погибли около 50 человек."
0141a4d0-7c00-4c54-96c4-7f08c6c13678,2013-10-11,,"На реке Нигер в Мали затонуло судно с сотнями людей на борту. Погибли 30 человек, более 150 пропало без вести."
0141a9f6-7800-4945-a034-a4c91a25f98f,2013-10-12,,около 50 человек погибли в результате ДТП в Перу.
0141af1c-f400-42fd-907d-fd170a593591,2013-10-13,,более 60 человек погибли и несколько десятков пострадали на религиозном празднике в Индии.
0141d096-7a00-46c0-b333-d2d83dc320d7,2013-10-13,2013-10-26,17-й чемпионат мира по боксу в Алматы (Казахстан).
0141b969-7c00-4c31-b9f9-e14bca4f0906,2013-10-15,,"в результате землетрясения на Филиппинах погибли более 90 человек, ранены около 150, есть разрушения."
0141be8f-f800-4c5c-ada1-faa805631221,2013-10-16,,"пассажирский самолёт авиакомпании «Lao Airlines», выполнявший рейс из лаосской столицы Вьентьяна в город Паксе, при заходе на посадку упал в реку Меконг, 49 человек погибли."
0141d329-7800-4fb8-a428-bd511dff46b0,2013-10-20,,Парламентские выборы в Люксембурге.
0141d329-7800-4109-9ec0-a77ac29b6f05,2013-10-20,,"В Ираке прошла серия терактов, погибли около 90 человек."
0141e52f-fa00-470b-add7-9375d741aecf,2013-10-20,2013-10-27,"чемпионат мира по тяжёлой атлетике (Вроцлав, (Польша)."
0141ece9-7400-41cc-946c-3acfef365157,2013-10-25,,президентские выборы на Мадагаскаре.
0141ef7c-7200-499f-b0ab-aab35e026bae,2013-10-25,2013-10-26,досрочные парламентские выборы в Чехии. По предварительным данным победу одержала Чешская социал-демократическая партия.
0141f735-fc00-4c18-a3c4-4b95981fcfd9,2013-10-27,,Президентские выборы в Грузии. Победу одержал представитель партии Грузинская мечта — Демократическая Грузия Георгий Маргвелашвили.
0141f735-fc00-4dbd-9163-7698f39ed9bc,2013-10-27,,Парламентские выборы в Аргентине.
0141fc5c-7800-480b-ab6c-bac00b6e87d1,2013-10-28,,"на востоке Индии произошло наводнение в штатах Андхра-Прадеш, Западная Бенгалия и Орисса. Погибли 50 человек, пострадали около 1 млн жителей."
0142258f-7800-47af-a38f-ce3d7682501a,2013-11-05,,запуск индийского космического аппарата Mangalyaan для изучения Марса.
01422ab5-7400-4326-966b-c7022b1c678b,2013-11-06,,"президентские выборы в Таджикистане. По предварительным данным ЦИК победу в очередной раз одержал действующий президент Эмомали Рахмон, находящийся у власти более 20 лет."
014265ee-f600-453a-9ac4-62a905ddf8c8,2013-11-07,2013-11-28,в Ченнаи (Индия) матч на первенство мира по шахматам по версии ФИДЕ между Вишванатаном Анандом и Магнусом Карлсеном.
01423a28-7800-44c2-8621-89916984f40c,2013-11-09,,"На Филиппинах в результате тайфуна Йоланда погибли 5560 человек, ущерб оценивается в 787 миллионов долларов."
01423a28-7800-4248-8b02-c61d1afc8842,2013-11-09,,Повторные президентские выборы на Мальдивах.
01423f4e-f400-4245-aa30-8eccde610968,2013-11-10,,в Сомали от урагана погибли около 300 человек.
014241e2-7200-4e22-9798-fe910b72eb8e,2013-11-10,2013-11-11,"X Форум межрегионального сотрудничества Казахстана и России (Екатеринбург, Россия)."
01424475-7000-4754-a280-d4010d5ab251,2013-11-11,,космический корабль с международным экипажем Союз ТМА-09М совершил посадку в казахстанской степи.
01425e34-fc00-4f3f-af2e-12794818a12e,2013-11-16,,Второй тур президентских выборов на Мальдивах. Победу одержал Абдулла Ямин.
0142635b-7800-447e-a950-3d54ef816ee5,2013-11-17,,Вступил в должность президент Грузии Георгий Маргвелашвили.
0142635b-7800-461d-84e1-ac7e0c55f7d4,2013-11-17,,Вступила в силу новая Конституция Грузии.
0142635b-7800-4f01-8e7c-5a2c996d8761,2013-11-17,,Президентские и парламентские выборы в Чили.
0142635b-7800-4cb5-b986-93bd2b82689b,2013-11-17,,Вступил в должность новый президент Мальдив Абдулла Ямин.
0142635b-7800-4ec3-8ff7-e75f4592fb8b,2013-11-17,,"В Казани при заходе на посадку потерпел катастрофу Boeing 737, 44 пассажира и 6 членов экипажа погибли."
01426881-f400-4493-a92d-7fd367b8de28,2013-11-18,,Запуск автоматической межпланетной станции MAVEN к Марсу для исследования его атмосферы.
01426881-f400-4f6d-83fb-9c398b1b2586,2013-11-18,,Новым премьер-министром Грузии стал Ираклий Гарибашвили.
01426da8-7000-427f-be29-d127bca1fe19,2013-11-19,,парламентские выборы в Непале.
014277f4-f800-4ea5-b323-c151066e0e6c,2013-11-21,,В Риге в результате обрушения торгового центра Maxima погибли 54 человека.
014277f4-f800-40b8-ab59-0b9d62096e70,2013-11-21,,На Украине начались массовые акции протеста как реакция на решение Кабинета министров Украины о приостановлении процесса подготовки к подписанию соглашения об ассоциации между Украиной и Евросоюзом.
01428241-f000-4b33-a2d7-f3a825c103e0,2013-11-22,2013-11-24,"чемпионат мира по самбо (Санкт-Петербург, Россия)."
01427d1b-7400-45e2-8883-d793337e7f39,2013-11-22,,Новым чемпионом мира по шахматам стал Магнус Карлсен (Норвегия).
01427d1b-7400-47c5-8a0d-541bfed51db1,2013-11-22,,"В КНР произошёл взрыв на нефтепроводе, погибли 52 человека."
01428767-fc00-4264-9562-6925032477c8,2013-11-24,,Парламентские выборы в Мали.
01428767-fc00-4289-ba68-21cbeec9e32b,2013-11-24,,"Президентские и парламентские выборы в Гондурасе. По предварительным данным, президентом страны избран Хуан Орландо Эрнандес."
0142a64e-7400-43ad-9a99-8c7e2850fe14,2013-11-30,,в Киеве (Украина) прошёл 11-й Детский конкурс песни Евровидение. Победу одержала представительница Мальты Гайя Кауки.
0142ab74-7000-47e2-9259-8bb97cae9393,2013-12-01,,Китай с космодрома Сичан запустил к Луне космический зонд Чанъэ-3 с луноходом.
0142b5c1-7800-488a-ac79-5af19a43af08,2013-12-03,,началась вспышка болезни Эбола: в результате 28 640 человек заразились и 11 315 погибло.
0142bae7-7400-4825-8c7f-0534f4322f4d,2013-12-04,,премьер-министром Люксембурга стал Ксавье Беттель.
0142c534-7c00-4bd3-badf-5bbc1dd82288,2013-12-06,,"в результате столкновений между мусульманами и христианами, произошедшими в столице Центральноафриканской Республики Банги (начавшихся с 4 декабря) погибли около 300 человек."
0142f8b3-f400-458e-aead-c1cbb101ce5e,2013-12-11,2013-12-21,XXVI зимняя Универсиада в Трентино (Италия).
0142ee67-7c00-4bb9-bab3-9bf9e2daf6dd,2013-12-14,,спускаемый аппарат китайской миссии Чанъэ-3 с планетоходом Юйту доставлен на поверхность Луны.
0142f38d-7800-4f97-ba34-058c72b0e447,2013-12-15,,Парламентские выборы в Туркменистане.
0142f38d-7800-4b6d-9c05-6d5021b28cd0,2013-12-15,,Второй тур президентских выборов в Чили. По предварительным данным победу одержала бывший президент Чили Мишель Бачелет.
0142f38d-7800-4ebf-b72c-51981e8ccfd1,2013-12-15,,В сирийском городе Алеппо в результате бомбардировки кварталов города правительством Асада погибли 83 человека.
0142fdda-7000-46b1-90f2-ffcbeaa333fd,2013-12-17,,"начало коррупционного скандала в Турции, в ходе которого 52 человека были арестованы по подозрению в совершении целого ряда финансово-экономических преступлений. Среди арестованных были сыновья министров Эрдогана Байрактара, Муаммера Гюлера и Зафера Чаглаяна все трое министров 25 декабря подали в отставку."
01430826-f800-4784-9474-81a2152eae63,2013-12-19,,на орбиту выведен космический телескоп Gaia.
01430d4d-7400-4fac-afc4-31bcafbc5999,2013-12-20,,второй тур президентских выборов и парламентские выборы на Мадагаскаре. Победу одержал Эри Раджаонаримампианина.
01431273-f000-4ed0-b4cd-c0b1268b03a9,2013-12-21,,"Второй тур парламентских выборов в Мавритании, победу одержала партия «Союз за Республику»."
01431273-f000-4d44-9abe-abf34e1240d9,2013-12-21,,В турецком городе Эскишехир прошёл финал конкурса Тюрквидение-2013. Победителем стал представитель Азербайджана Фарид Гасанов с песней «Yaşa» («Живи») на азербайджанском языке.
01433159-f800-4f11-92d3-300d3c1ce1e8,2013-12-27,,"Мария Лейерстам из Великобритании стала первым человеком, достигшим Южного полюса на велосипеде."
014340cc-fc00-495f-ba1f-8286ea67bb07,2013-12-30,,"в Демократической Республике Конго совершена неудавшаяся попытка государственного переворота, убиты около 40 боевиков."
014345f3-7800-4e1f-8367-03df86f3b848,2013-12-31,,в Краснодаре завершена эксплуатация последнего в мире троллейбусного поезда изобретателя Владимира Веклича.
01434b19-f400-4eab-bb6c-136eb335cbe7,2014-01-01,,"Латвия перешла на евро, став 18-м членом еврозоны."
01434b19-f400-48e8-9a97-7da1dec7dc94,2014-01-01,,Греция стала председательствовать в Совете Европейского союза.
01434b19-f400-45ad-a124-6f3bb8700ef1,2014-01-01,,Россия стала председательствовать в G8.
01434b19-f400-4dde-9ff3-fc0828ba2e8a,2014-01-01,,Новым президентом Швейцарии стал Дидье Буркхальтер.
01435566-7c00-4c88-9d19-30de91f9a8e9,2014-01-03,,в провинции Анбар (Ирак) в результате вооружённых столкновений погибли более 100 человек.
01435fb2-f400-42fa-a06a-3400ce94d0cf,2014-01-05,,парламентские выборы в Бангладеш.
01439858-f800-43e1-a189-964704328662,2014-01-16,,"Верховная Рада Украины по инициативе В. Януковича приняла «законы 16 января», позже критикуемые оппозицией (большинство из этих законов вскоре были отменены)."
0143a7cb-fc00-4b4f-a89f-c4f7f922b049,2014-01-19,,"на Филиппинах в результате наводнения погибли 40 человек, 5 жителей пропало без вести, 160 тысяч лишились крова."
0143acf2-7800-4b8c-97e7-76e3d7ddb833,2014-01-20,,"Катрин Самба-Панза избрана президентом ЦАР, став первой женщиной главой государства в истории страны."
0143acf2-7800-47f7-a98e-597acc8485e3,2014-01-20,,Катрин Самба-Панза
0143b73f-7000-4dd8-a14c-473b11445436,2014-01-22,,Лаймдота Страуюма стала премьер-министром Латвии.
0143c6b2-7400-44e6-a047-2240e27de8b7,2014-01-25,,в должность президента Мадагаскара вступил Эри Раджаонаримампианина.
0143ddde-f200-45bb-85f2-f86ead667265,2014-01-26,2014-02-02,"34-й чемпионат мира по хоккею с мячом (Иркутск и Шелехов, Россия). Победу одержала сборная России."
0143d0fe-fc00-4736-8ff1-19032c0bd530,2014-01-27,,в должность президента Гондураса вступил Хуан Орландо Эрнандес.
0143d625-7800-48e9-9486-a7983143cc9c,2014-01-28,,исполняющим обязанности премьер-министра Украины стал Сергей Арбузов. Сменил на этом посту Николая Азарова.
0143db4b-f400-48de-a223-9d2c40165853,2014-01-29,,новым премьер-министром Чехии стал Богуслав Соботка.
0143e071-f000-4ee5-be1e-c07caf9aec10,2014-01-30,,"учёные Гарвардского университета (Harvard University) совместно с компанией MITRE Corporation создали первый в мире нанопроцессор, который получил название nanoFSM."
0143e071-f000-49d4-a9b0-c23e0d53f59e,2014-01-30,,Основная статья: Февраль 2014 года
0143efe5-7400-4c09-8104-1ab4171e61c3,2014-02-02,,Парламентские выборы в Таиланде. По решению Конституционного суда выборы объявлены недействительными.
0143efe5-7400-4879-9046-a091edef39bc,2014-02-02,,Всеобщие выборы в Коста-Рике.
0143efe5-7400-4871-b05a-48491556e90a,2014-02-02,,Президентские выборы в Сальвадоре (1 тур).
0143f50b-7000-4b6c-9421-ee124444d494,2014-02-03,,Стрельба в школе № 263 города Москвы.
0143f50b-7000-4d1f-839c-48c20896f4f8,2014-02-03,,В городе Бода (ЦАР) в результате религиозных столкновений погибли 75 человек.
01441e3e-7000-4002-be4f-459ae8323852,2014-02-06,2014-02-16,64-й Берлинский кинофестиваль.
014432d7-f000-4d0b-96a7-70afbcdd50ed,2014-02-07,2014-02-23,"XXII зимние Олимпийские игры (Сочи, Россия)."
01440ecb-7c00-43eb-b297-95f34d857d51,2014-02-08,,в Мексике с начала года от свиного гриппа погибли более 400 человек.
01444a04-7e00-4dd5-ad5c-696f3bc2dbc3,2014-02-18,2014-02-21,"во время новых столкновений оппозиции с милицией в центре Киева погибли 77 человек, 16 из которых сотрудники правоохранительных органов."
014456e4-7400-41f1-8491-58fdffe0dafe,2014-02-22,,Маттео Ренци стал премьер-министром Италии.
014456e4-7400-46dc-abed-a58b3b216b34,2014-02-22,,Верховная Рада приняла постановление о самоустранении президента Украины Виктора Януковича от исполнения конституционных обязанностей и назначила досрочные выборы президента на 25 мая 2014 года.
01445c0a-f000-40d0-847a-433556cf5fd7,2014-02-23,,обязанности президента Украины возложены на Александра Турчинова.
014475ca-7c00-4408-8a73-70fc0407e9b0,2014-02-26,2014-03-02,чемпионат мира по велотреку в Колумбии.
014470a4-7000-4d37-8c23-7d43fd83c8b6,2014-02-27,,"начало активной фазы российской аннексии Крыма. Верховная Рада Украины утвердила новый кабинет министров. Премьер-министром стал Арсений Яценюк, сменив исполняющего обязанности Сергея Арбузова."
014470a4-7000-43a8-bc7b-63f12ff21589,2014-02-27,,Основная статья: Март 2014 года
01447af0-f800-4b3a-b1b5-e007147db83f,2014-03-01,,Совет Федерации удовлетворил просьбу президента России Владимира Путина об использовании Вооружённых Сил РФ на территории Украины до «нормализации общественно-политической обстановки в этой стране».
01448f8a-7800-4038-99ba-79b92ca4f1e8,2014-03-05,,Венесуэла разорвала дипломатические отношения с Панамой в связи с реакцией Панамы на события в Венесуэле (2014).
0144b103-7e00-4cf8-a298-64fbc742327f,2014-03-07,2014-03-16,"XI Зимние Паралимпийские игры (Сочи, Россия)."
01449efd-7c00-44da-b015-41be86e66f71,2014-03-08,,в Малайзии при пролёте над Южно-Китайским морем пропал с экранов радаров самолёт Boeing 777—200 авиакомпании Malaysia Airlines c 227 пассажирами и 12 членами экипажа на борту.
0144a423-f800-4555-8bbb-b24ad01abc18,2014-03-09,,Парламентские выборы в КНДР.
0144a423-f800-4814-83ea-80c477aebc96,2014-03-09,,Второй тур президентских выборов в Сальвадоре.
0144a423-f800-48c6-9c3c-83178ac83901,2014-03-09,,Парламентские выборы в Колумбии.
0144ae70-7000-4133-8c7d-a67aa20a7e0f,2014-03-11,,Космический корабль Союз ТМА-10М совершил посадку в Казахстане.
0144ae70-7000-4430-911c-c58a469c7b5f,2014-03-11,,Парламент Крыма принял декларацию о независимости от Украины.
0144ae70-7000-4942-bc79-85b262d0b8f3,2014-03-11,,Вступила в должность президент Чили Мишель Бачелет.
0144c309-f000-458c-8fe8-493fc6c2c6b2,2014-03-14,2014-03-16,чемпионат мира по шорт-треку в Канаде (Монреаль).
0144c309-f000-4e25-ac27-1e88eb999d34,2014-03-15,,Верховная Рада Украины объявила о роспуске парламента Крыма.
0144c309-f000-465c-81ee-b7ba2656f84d,2014-03-15,,"Президентские выборы в Словакии. Во второй тур вышли премьер-министр Роберт Фицо и предприниматель, самовыдвиженец Андрей Киска."
0144c830-7c00-46de-92c6-7b13c1adc95f,2014-03-16,,"Россия провела референдум о статусе Крыма в Автономной Республике Крым и в Севастополе. По официальным результатам референдума 96,77 % избирателей Автономной Республики Крым и 95,6 % избирателей Севастополя высказались за аннексию Крыма Россией."
0144c830-7c00-490c-9d65-d15444f7d808,2014-03-16,,"Парламентские выборы в Сербии. По предварительным данным, победу одержала Сербская прогрессивная партия."
0144d510-7200-45d2-808d-31063e63d3a4,2014-03-16,2014-03-21,референдум в области Венеция по вопросу о выходе из состава Италии. 89 % избирателей проголосовало за независимость.
0144cd56-7800-426c-bea2-e8be6d7cb389,2014-03-17,,Российский рубль официально провозглашён валютой в Крыму наряду с украинской гривной.
0144cd56-7800-43b5-8a8e-e90542a6b2b9,2014-03-17,,Президент России Владимир Путин подписал указ о признании независимости Крыма.
0144d27c-f400-454f-a137-14eea4bd45f4,2014-03-18,,аннексия Крыма Российской Федерацией. В Кремле подписан договор о принятии Крыма и Севастополя в состав России.
0144d7a3-7000-4b05-bd67-c6ba178e4ee2,2014-03-19,,Украина заявила о намерении покинуть СНГ.
0144e1ef-f800-4873-a98f-2c9bea1ecc8e,2014-03-21,,"Совет Федерации России ратифицировал договор об аннексии Крыма Россией и одобрил Федеральный конституционный закон об образовании новых субъектов Российской Федерации — Крыма и Севастополя. После подписания Президентом России Владимиром Путиным соответствующих законов и их опубликования, они вступили в силу."
0144e716-7400-4e49-948e-ab8dad5686c5,2014-03-22,,Парламентские выборы на Мальдивах.
0144fbaf-f400-46b2-a15b-502d1e4967f2,2014-03-26,,Старт космического корабля Союз ТМА-12М к международной космической станции.
0144fbaf-f400-4e46-b92e-c689c32628ab,2014-03-26,,Премьер-министром Эстонии стал Таави Рыйвас.
014505fc-7c00-496d-85af-5639904e8bf6,2014-03-26,2014-03-30,"чемпионат мира по фигурному катанию (Сайтама, Япония)."
01450b22-f800-438b-9c10-84a9a8b65d9b,2014-03-29,,второй тур выборов президента Словакии. Победу одержал самовыдвиженец Андрей Киска.
0145156f-f000-4b79-9931-f2baed5db345,2014-03-31,,"премьер-министр Франции Жан-Марк Эро отправлен в отставку, на этот пост назначен Мануэль Вальс."
01451fbc-7800-4f8d-a1f7-00536e7cb582,2014-04-02,,премьер-министром Казахстана стал Карим Масимов.
014524e2-f400-4bc8-b4d4-6d3eccacc3b7,2014-04-03,,Жоомарт Оторбаев утверждён новым премьер-министром Кыргызстана.
01452f2f-7c00-4ff1-b85d-4a5d475ddde4,2014-04-05,,Выборы президента Афганистана. Победителем был признан Ашраф Гани.
01452f2f-7c00-49aa-a13a-17a58a47e5a8,2014-04-05,,Президент Мали Ибрагим Бубакар Кейта сменил главу правительства. Вместо Умара Ли этот пост занял Муса Мара.
01453455-f800-497f-9245-c91bee590875,2014-04-06,,"Парламентские выборы в Венгрии, правящая партия ФИДЕС сохранила большинство в парламенте."
01453455-f800-4c68-852b-e69cf96efa6d,2014-04-06,,"В Коста-Рике состоялся второй тур президентских выборов, победу одержал Луис Гильермо Солис."
0145397c-7400-4937-9adb-a5b2ad813002,2014-04-07,,в Донецке и Луганске начались сепаратистское движения. В Донецке провозглашена Донецкая Народная Республика. Началась Война в Донбассе.
0145939b-7e00-4a68-bc8e-c787aa0c934d,2014-04-07,2014-05-12,парламентские выборы в Индии. Победу одержала оппозиционная партия Бхаратия джаната парти.
01453ea2-7000-48b4-9236-615c4bd46b51,2014-04-08,,корпорация Microsoft прекратила расширенную поддержку ОС Windows XP.
014543c8-fc00-4a6b-a1b4-de2a65d6959c,2014-04-09,,Парламентские выборы в Индонезии.
01454e15-7400-4992-b0b7-03203b3ceeec,2014-04-11,,парламент Республики Крым принял новую Конституцию в связи с аннексией полуострова Россией.
01455862-7c00-4e94-8e2f-5248830ff792,2014-04-13,,"Президентские выборы в Македонии. По предварительным данным, лидирует действующий президент Георге Иванов."
01455862-7c00-4a77-9a99-1b38c6fce202,2014-04-13,,Президентские и парламентские выборы в Гвинее-Бисау. Парламентские выборы выиграла партия ПАИГК.
01455862-7c00-48bf-ae3b-984f86a05ad5,2014-04-13,,В Нигерии около 60 жителей страны погибли в результате нападения боевиков Боко Харам.
01455862-7c00-4186-91f1-e704d9f6ea2b,2014-04-13,,Премьер-министром Армении стал Овик Абрамян.
01455d88-f800-4b79-b564-aa5e8c62e2ef,2014-04-14,,"в столице Нигерии Абудже более 70 жителей страны погибли в результате нападения боевиков Боко Харам на автовокзал, 124 получили ранения."
014567d5-7000-4a6c-8768-4843076e33c5,2014-04-16,,"крушение парома «Севоль» у юго-западного побережья Южной Кореи. Из 476 человек, находившихся на борту, спасти удалось лишь 172."
01456cfb-fc00-485a-8294-913b913a3fdd,2014-04-17,,"президентские выборы в Алжире. По предварительным данным, победил нынешний президент Абдельазиз Бутефлика."
01457221-f800-49a7-b86f-82a35825f69e,2014-04-18,,В США произведён запуск к МКС частного многоразового космического корабля Dragon.
01457221-f800-49af-bdee-0c2ba329534c,2014-04-18,,"На ледопаде Кхумбу (гора Джомолунгма, Непал) сошла лавина, 16 человек погибли, 9 ранены."
01458be1-f400-4825-8d3f-1decdfd52fce,2014-04-23,,президентские выборы в Ливане.
0145962e-7c00-49f4-8f38-a9bd0179bb3c,2014-04-25,,"в Афганистане в результате наводнения на севере и северо-западе погибли более 100 жителей и тысяча голов домашнего скота, пострадали поля с сельскохозяйственными культурами."
0145a07b-7400-46f4-a227-41801a7a65a2,2014-04-27,,Президентские (2-й тур) и досрочные парламентские выборы в Македонии. Победу одержала правящая партия Внутренняя македонская революционная организация — Демократическая партия македонского национального единства. Президентом переизбран Георге Иванов.
0145a07b-7400-4744-8404-1575f6f530d6,2014-04-27,,Новым премьер-министром Сербии стал Александр Вучич.
0145a07b-7400-4cbd-a3f8-5422ad83d2a3,2014-04-27,,Вооружённый конфликт на востоке Украины: Провозглашена Луганская Народная Республика.
0145a5a1-f000-4fd7-bbf6-b5ae9c7e9b70,2014-04-28,,с космодрома Байконур произведён запуск третьего казахстанского космического спутника KazSat-3.
0145afee-7800-4187-9dce-21036c60401e,2014-04-30,,Парламентские выборы в Ираке.
0145afee-7800-447f-8fb3-2264a31fdc07,2014-04-30,,С космодрома Куру во Французской Гвиане произведён запуск первого казахстанского спутника космической системы дистанционного зондирования Земли KazEOSat-1.
0145b514-f400-4042-aa7b-b69ede65b477,2014-05-01,,"в Мариуполе пророссийские силы захватили здания СБУ, прокуратуры и МВД."
0145ba3b-7000-4913-beeb-57ce76e26cef,2014-05-02,,"Вооружённый конфликт на востоке Украины: В Одессе (Украина) произошли столкновения сторонников и противников украинских властей, погибли по официальным данным 46 человек, 48 пропали без вести. По неофициальным данным, погибли 116 человек, среди которых есть несовершеннолетние."
0145ba3b-7000-4f7a-a10d-af4817699dce,2014-05-02,,"В Афганистане в провинции Бадахшан произошёл селевой оползень, погибли более 250 жителей, пропали без вести около 2500 человек."
0145ba3b-7000-422c-a07d-42181ad4f7d6,2014-05-02,,Россия созвала экстренное заседание Совбеза ООН из-за ситуации в Славянске.
0145c487-f800-47aa-a082-83ce41ee8dea,2014-05-04,,Премьер-министром Ливии избран Ахмед Майтыг.
0145c487-f800-404e-9804-a197bd2bb133,2014-05-04,,"Президентские и парламентские выборы в Панаме. По предварительным данным, победу одержал Хуан Карлос Варела."
0145d921-7800-49a4-8c6d-45de89f0fe4e,2014-05-06,2014-05-10,"песенный конкурс Евровидение (Копенгаген, Дания). Победу одержал австрийский певец Томас Нойвирт, выступивший под псевдонимом Кончита Вурст."
0145d3fa-fc00-46bd-be30-201017c35e39,2014-05-07,,Парламентские выборы в ЮАР.
0145d3fa-fc00-4f3d-9c5e-e31fa128772c,2014-05-07,,Конституционный суд Таиланда отправил в отставку премьер-министра Йинглак Чиннават. Премьер-министром Таиланда стал Ниваттхумронг Бунсонгпайсан.
0145d3fa-fc00-4bf3-a189-e10596e041ee,2014-05-07,,"Нападение боевиков на город Гамбору на северо-востоке Нигерии, более 300 человек убиты, десятки ранены."
0145d921-7800-4c90-b1e3-16c500bebce7,2014-05-08,,вступил в должность президент Коста-Рики Луис Гильермо Солис.
0146077a-7400-4532-ac41-299b9b4ab3c8,2014-05-09,2014-05-25,"78-й чемпионат мира по хоккею с шайбой (Минск, Белоруссия) Победу одержала сборная России."
0145e894-7c00-4c5b-ac94-0408884e1765,2014-05-11,,"Президентские выборы в Литве. По предварительным данным, лидирует действующий президент Даля Грибаускайте."
0145e894-7c00-4d5a-a225-ea0c5e3fbbe6,2014-05-11,,Вооружённый конфликт на востоке Украины: Пророссийские силы провели референдумы в Донецкой и Луганской областях Украины.
0145edba-f800-4b56-a8af-89ffe02b3f38,2014-05-12,,провозглашена независимость Донецкой Народной Республики и подано прошение о принятии её в состав Российской Федерации.
01460f33-fe00-4009-9d9f-f0f0b827a539,2014-05-12,2014-05-25,перепись населения в Республике Молдова.
0145f2e0-f400-4462-bb60-5996541ab81b,2014-05-13,,"в результате взрыва и последующего за ним обвала на турецкой шахте, расположенной в провинции Маниса, погиб 301 человек, 485 спасены."
0146145a-7a00-4383-a3fc-46493989246d,2014-05-14,2014-05-25,67-й Международный Каннский кинофестиваль.
0145f807-7000-43bf-b7a8-b875edca7e7f,2014-05-14,,"космический корабль Союз ТМА-11М совершил посадку в Казахстане, Экипаж посадки: Михаил Тюрин (ФКА), Ричард Мастраккио (НАСА) и Коити Ваката (JAXA)."
0145fd2d-fc00-4edf-885e-e9700a09ccf6,2014-05-15,,"у берегов Бангладеш затонул пассажирский паром, 52 человека погибли, более 50 пропали без вести, 75 спасены."
01460ca0-f000-464e-b0c6-ab76e89c28d3,2014-05-18,,второй тур президентских выборов в Гвинее-Бисау. Победу одержал Жозе Мариу Ваш.
014616ed-7800-4ff8-8947-408040f74dbd,2014-05-20,,"В результате столкновения грузового и пассажирского поездов в Наро-Фоминском районе Подмосковья 6 человек погибли, около 30 пострадали."
014616ed-7800-40f7-8677-f7eae6fe670b,2014-05-20,,Выборы президента Малави.
0146213a-7000-4155-ac68-3bae3d6eea59,2014-05-22,,"военный переворот в Таиланде. В стране объявлено чрезвычайное положение, власть перешла в руки Комитета по защите национальной безопасности во главе с генералом Праютом Чан-Оча."
014628f3-fa00-49ee-b6a0-24aa3e6678af,2014-05-22,2014-05-25,выборы в Европарламент.
01462b86-f800-4091-80ca-e2afd11b5b2c,2014-05-24,,Вооружённый конфликт на востоке Украины: самопровозглашаемые Донецкая и Луганская республики объявили о создании Союза народных республик с названием Новороссия.
01462b86-f800-4d57-9a27-eace21c0811e,2014-05-24,,"Президент Малави Джойс Банда аннулировала итоги президентских выборов в этой стране, в которых победил Питер Мутарика."
014630ad-7400-46f9-81be-9929cf6faa89,2014-05-25,,Досрочные выборы президента Украины. Победу одержал Пётр Порошенко.
014630ad-7400-4927-92a7-f934c2cadfcd,2014-05-25,,Парламентские выборы в Бельгии.
014630ad-7400-49a3-9a26-6e4cac2e455f,2014-05-25,,Второй тур выборов президента Литвы. Победу одержала действующий президент Даля Грибаускайте.
014630ad-7400-4fcb-b343-434b088486f8,2014-05-25,,Выборы президента Колумбии.
01463866-fe00-46bd-8118-0bfc12cef95e,2014-05-26,2014-05-27,выборы президента Египта. По предварительным данным победу одержал Абдул Ас-Сиси.
014635d3-f000-4657-948a-36d88f618f0a,2014-05-26,,Премьер-министр Индии Нарендра Моди вступил в должность.
014635d3-f000-4cd7-8a7c-b87d39552692,2014-05-26,,"Секретарь Совета национальной безопасности и обороны Украины Андрей Парубий заявил, что страна начинает процесс выхода из СНГ."
01463af9-fc00-45b7-8f53-8f5358324f46,2014-05-27,,в Абхазии оппозиция во главе с Раулем Хаджимба захватила президентский дворец и объявила о взятии власти в республике.
01464020-7800-4948-9c29-a87545f2ba61,2014-05-28,,старт космического корабля Союз ТМА-13М к международной космической станции.
01464546-f400-43f2-887a-4770bbab6066,2014-05-29,,в Астане (Казахстан) подписан договор о создании Евразийского экономического союза.
0146739f-f000-41d2-aa12-971f4c5a3e7f,2014-05-31,2014-06-14,"чемпионат мира по хоккею на траве среди женщин в Гааге (Нидерланды), чемпионам стали хоккеистки Нидерландов."
01467633-7e00-4dea-a932-6524299e242c,2014-05-31,2014-06-15,"чемпионат мира по хоккею на траве среди мужчин в Гааге (Нидерланды), чемпионам стали хоккеисты Австралии."
01464f93-7c00-4a65-8e83-2dc210ba8c8e,2014-05-31,,Исполняющим обязанности президента Абхазии назначен спикер парламента Валерий Бганба.
01464f93-7c00-4989-a031-3da1e93663dc,2014-05-31,,Президентом Малави стал Питер Мутарика.
014654b9-f800-4184-a2cc-6986eaccf85a,2014-06-01,,В Республике Крым и Севастополе российский рубль стал единственной официальной валютой.
014654b9-f800-4873-9ec1-47a3af76d58c,2014-06-01,,Президент Абхазии Александр Анкваб подал в отставку.
014654b9-f800-46d8-8e86-29b076b31a38,2014-06-01,,Президент Словении Борут Пахор распустил парламент страны.
014654b9-f800-4ee3-a92a-c3616a6e470d,2014-06-01,,В Сальвадоре вступил в должность новый президент Сальвадор Санчес Серен.
014659e0-7400-4e57-806c-b90593fdf296,2014-06-02,,Массовые митинги в Испании с требованием упразднения монархии и введения республиканской формы правления.
014659e0-7400-4ee3-95da-1792ffcd456e,2014-06-02,,Исполняющим обязанности премьер-министра Абхазии стал Владимир Делба.
014659e0-7400-4941-8bb5-706344c6d622,2014-06-02,,В Индии образован новый штат — Телингана.
01465f06-f000-423b-b56b-a3a8ec9a6e59,2014-06-03,,выборы президента Сирии. Победу одержал действующий президент Башар Асад.
0146739f-f000-4790-9590-890af643aeb3,2014-06-07,,Вступил в должность президент Украины Пётр Порошенко.
0146739f-f000-4f61-b8c6-6ee3b49f9774,2014-06-07,,"Более 100 человек погибли на севере Афганистана в результате оползней. Ранены более 100 человек, десятки домов разрушены."
014826c9-7e00-4529-9d41-911868c396bf,2014-06-07,2014-11-23,14-я Венецианская архитектурная биеннале.
014678c6-7c00-4944-ac3e-3bcd1ce37a71,2014-06-08,,Вступил в должность президент Египта Абдель Фаттах Ас-Сиси.
014678c6-7c00-491f-9491-758c16de588a,2014-06-08,,Парламентские выборы в Южной Осетии.
014678c6-7c00-41a7-94d6-94270d46dda5,2014-06-08,,Досрочные парламентские выборы в Косове.
01468313-7400-40d1-b817-9b18d0915d42,2014-06-10,,выборы президента Израиля. Президентом избран Реувен Ривлин.
01468839-7000-4135-9c89-d313ffe520c9,2014-06-11,,"Луганский аэропорт прекратил любую деятельность, из-за боёв за него."
0146dd32-7e00-44ce-bf93-b277bc80bb3a,2014-06-12,2014-07-13,XX чемпионат мира по футболу (Бразилия). Чемпионами мира в четвёртый раз стала сборная Германии.
014697ac-7400-479a-9bc0-2cbdfa9b59c6,2014-06-14,,второй тур выборов президента Афганистана.
01469cd2-f000-47e2-91eb-ae29df2268ae,2014-06-15,,Вступил в должность президент Словакии Андрей Киска.
01469cd2-f000-414c-af13-c5a4232c783e,2014-06-15,,Второй тур выборов президента Колумбии. Победу одержал действующий президент Хуан Мануэль Сантос Кальдерон.
0146ac45-f400-4bd5-a79b-2f9bb62b6d99,2014-06-18,,от престола отрёкся король Испании Хуан Карлос I после 39 лет правления.
0146b16c-7000-4862-ac41-374b920885d3,2014-06-19,,коронация нового короля Испании Филиппа VI.
0146c898-fe00-4036-81f6-33092f529e7b,2014-06-19,2014-06-28,36-й Московский международный кинофестиваль.
0146b692-fc00-43ae-a1e0-b983d85e61b5,2014-06-20,,С космодрома Ясный (Россия) произведён запуск второго казахстанского спутника космической системы дистанционного зондирования Земли KazEOSat-2.
0146b692-fc00-4f37-aa38-505755dfd825,2014-06-20,,В Чили началось строительство самого большого телескопа в мире.
0146bbb8-f800-44f9-b58a-ae12b23c6a92,2014-06-21,,Президентские выборы в Мавритании. Победу одержал действующий президент Мохаммед Ульд Абдель-Азиз.
0146cb2c-7c00-4668-a4d4-fb7087c88d00,2014-06-24,,премьер-министром Финляндии стал Александр Стубб.
0146d052-7800-4260-bb40-0334f24035cd,2014-06-25,,Совет Федерации удовлетворил просьбу президента России Владимира Путина об отзыве права использования Вооружённых Сил РФ на территории Украины.
0146d052-7800-4b3f-b590-f06db2a1f4e1,2014-06-25,,Выборы в Палату представителей Ливии.
0146e4eb-f800-493f-85c1-b52704340d07,2014-06-29,,"боевики ИГИЛ объявили об упразднении границы Ирака и Сирии, крахе системы Сайкска-Пико и эпохи колониализма на Ближнем Востоке, и провозгласили себя Халифатом."
0146ef38-f000-4fe3-a38b-cdfdfae358ae,2014-07-01,,Государственная дума России приняла закон о введении в России постоянного зимнего времени.
0146ef38-f000-487e-a90e-5ee61eb14ee4,2014-07-01,,Вступил в должность новый президент Панамы Хуан Карлос Варела Родригес.
0146f985-7800-4a71-84ab-b98165efc044,2014-07-03,,стартовавшая с космодрома «Плесецк» ракета-носитель «Рокот» вывела на орбиту три спутника связи «Гонец-М».
0147186b-7000-4114-9c61-84889829ad5a,2014-07-09,,С космодрома «Плесецк» запущена ракета-носитель «Ангара-1.2ПП».
0147186b-7000-4add-b4e4-7c5e21e5f548,2014-07-09,,"В Индонезии прошли Президентские выборы, по предварительным данным победу на них одержал Джоко Видодо."
01472d04-f000-44b2-a4a4-d490edb7604a,2014-07-13,,внеочередные парламентские выборы в Словении. Победу одержала Партия Миро Церара.
01473751-f800-46f0-b8c2-81aa4e4f3452,2014-07-15,,"в результате крушения поезда в Московском метро погибли 24 человека, более 200 ранены."
01474beb-7800-4071-ae55-ee3e597c0464,2014-07-15,2014-07-23,"чемпионат мира по фехтованию (Казань, Россия)."
0147419e-7000-4f8c-90ec-a648222f1a7e,2014-07-17,,"война на Донбассе: подконтрольные России силы сбили над Украиной самолёт малайзийской авиакомпании Malaysia Airlines Boeing 777, совершавший рейс Амстердам — Куала-Лумпур. Все находившиеся на борту люди (298 человек) погибли."
014765aa-f400-4364-b005-09f26e95b36f,2014-07-24,,вступил в должность президент Израиля Реувен Ривлин.
01478490-fc00-448e-9565-78735147ff68,2014-07-30,,"в округе Пуна штата Махараштра в Индии сошёл оползень, погибли более 70 человек."
0147b057-7a00-4aeb-9725-18ff3f48c95b,2014-08-01,2014-08-14,"шахматная олимпиада (Тромсё, Норвегия)."
0147b810-f400-4f53-9ec3-a57b1ab52e78,2014-08-01,2014-08-17,женский чемпионат мира по регби во Франции. Победу одержала сборная Англия.
0147a89d-f000-4e96-8f41-18f57010d41d,2014-08-06,,"распущен парламент Болгарии, служебное правительство Болгарии возглавил Георги Близнашки."
0147b2ea-7800-4594-ab7d-90b3ca02ca7d,2014-08-06,2014-08-10,"чемпионат мира по гребле на байдарках и каноэ (Москва, Россия)."
0147b810-f400-47c2-8fd5-2903bfa4eaae,2014-08-09,,"беспорядки в Фергюсоне (США). Причиной стал инцидент, в котором безоружный чернокожий Майкл Браун был застрелен белокожим местным полицейским Дарреллом Уилсоном во время попытки ареста."
0147b810-f400-4d36-a773-19f9082a11f6,2014-08-09,,Реджеп Эрдоган
0147bd36-f000-4af7-a7f1-92b6c8492502,2014-08-10,,Первые всенародные президентские выборы в Турции. Победу одержал действующий премьер-министр Тайип Эрдоган.
0147bd36-f000-41d4-baf5-64893d8e85db,2014-08-10,,"В Иране при взлёте разбился пассажирский самолёт IrAn-140, погибли 39 человек."
0147fb03-7000-45c2-9955-97dca89d16ab,2014-08-16,2014-08-28,"II Летние юношеские Олимпийские игры (Нанкин, Китай)."
0147fd96-7e00-4b71-99d1-9ced31750fbc,2014-08-21,2014-08-24,"Чемпионат мира по летнему биатлону (Тюмень, Россия)."
0147fb03-7000-4b4b-b45e-d83948c06f10,2014-08-22,,"около 170 человек погибли в Средиземном море, в результате крушения судна с беженцами из Сомали, Ливии и Эретрии."
0148054f-f800-4322-8e26-fb2463500a03,2014-08-24,,досрочные выборы президента Абхазии. Победу одержал Рауль Хаджимба.
01481756-7a00-4fbd-8249-7ed5f2691171,2014-08-24,2014-08-31,чемпионат мира по академической гребле в Амстердаме (Нидерланды).
01480a76-7400-4139-b5ff-25738e4b7234,2014-08-25,,Президент Украины Пётр Порошенко объявил о роспуске Верховной Рады.
01480a76-7400-4022-a388-11606dba0028,2014-08-25,,"Космический аппарат «Новые горизонты», направляющийся к Плутону, пересёк орбиту Нептуна."
014819e9-7800-4cb9-b36b-45d274cd3913,2014-08-25,2014-08-31,чемпионат мира по дзюдо в Челябинске (Россия).
01482e82-f800-4044-b1f9-cf294c6adce3,2014-08-27,2014-09-06,71-й Венецианский кинофестиваль.
014819e9-7800-46d2-bdd0-af94ad32fe43,2014-08-28,,вступил в должность президента Турции Реджеп Эрдоган; и. о. премьер-министра Турции стал Ахмет Давутоглу.
01482436-7000-4836-a4b7-87c3d44124c7,2014-08-30,,военный переворот в Лесото. Премьер-министр Томас Табане бежал из страны.
01484ad5-f200-434c-8156-1fc9eae3ba61,2014-08-30,2014-09-14,Чемпионат мира по баскетболу в Испании. Чемпионами мира стали баскетболисты США.
01485cdc-7400-4daf-84ac-75cf10590b8a,2014-08-30,2014-09-21,Чемпионат мира по волейболу в Польше.
0148431c-7800-40ea-8a6a-0da5507c2ad8,2014-09-05,,Вооружённый конфликт на востоке Украины: подписан Минский протокол о прекращении огня между Украиной и подконтрольной России ДНР.
01484842-f400-42e9-b865-ec222b60b9a0,2014-09-06,,в результате сильнейших муссонных дождей в Пакистане и Индии погибли более 230 человек.
01486c4f-7800-41b2-bf56-1372ea94a3be,2014-09-06,2014-09-20,чемпионат мира по стрельбе в Гранаде (Испания).
01486202-7000-42a9-afbe-35018d015b95,2014-09-08,2014-09-14,чемпионат мира по борьбе в Ташкенте (Узбекистан).
01486495-fe00-4508-a947-44235256c1d9,2014-09-09,2014-09-14,Всемирные игры кочевников в Чолпон-Ате (Кыргызстан).
01486202-7000-42c2-aef0-178cbb416c13,2014-09-11,,"космический корабль Союз ТМА-12М совершил посадку в Казахстане, Экипаж посадки: Александр Скворцов, Олег Артемьев (оба ФКА) и Стивен Суонсон (НАСА)."
01487175-f400-4b19-bceb-e2fd42cebcdd,2014-09-14,,Более 400 человек погибли в результате наводнений в Индии и Пакистане.
01487175-f400-4b0a-9db4-270f08ac2872,2014-09-14,,Единый день голосования в России.
01487175-f400-4fa7-b083-dd55e8abdfee,2014-09-14,,Парламентские выборы в Швеции. По предварительным итогам победу одержала оппозиционная Социал-демократическая партия Швеции.
0148769b-f000-4302-8f9b-4c74f4b95b4e,2014-09-15,,в Тоскане умер глава Дома Романовых князь Николай Романович. Новым главой Дома Романовых стал его брат князь Димитрий Романович.
014880e8-f800-4349-abe9-78e856174e09,2014-09-17,,"парламентские выборы в Фиджи, победу одержала партия Фиджи-Ферст во главе с лидером и временным премьер-министром Фиджи Фрэнком Баинимарем."
0148860e-f400-4d21-9e8d-8a2ac45a9865,2014-09-18,,референдум о независимости Шотландии от Великобритании. По результатам референдума Шотландия осталась в составе Великобритании.
0148905b-fc00-4614-944b-fb12b24a71f8,2014-09-20,,парламентские выборы в Новой Зеландии. Победу одержала правящая Национальная партия.
01489582-7800-4f0f-b42f-13bbd504c599,2014-09-21,,победителем выборов президента Афганистана утверждён Ашраф Гани Ахмадзай.
01489aa8-7400-4db8-9b14-fa983873453f,2014-09-22,,Премьер-министром Польши стала женщина Эва Копач.
01489aa8-7400-4c41-a088-72fdc7ca9354,2014-09-22,,Президентом Вануату стал Балдвин Лонсдейл.
0148aa1b-7800-4274-9cf3-a2d912689bd8,2014-09-22,2014-09-28,чемпионат мира по художественной гимнастике в Измире (Турция).
0148d0bb-7a00-48a4-95e2-b6b3fa0f4852,2014-09-23,2014-10-12,чемпионат мира по волейболу среди женщин в Италии.
0148aa1b-7800-4c6a-b2ce-08444691c8b1,2014-09-25,,вступил в должность президент Абхазии Рауль Хаджимба.
0148af41-f400-4e7b-abb2-8741f89a3fbe,2014-09-26,,старт космического корабля Союз ТМА-14М к Международной космической станции с экипажем в составе россиян Александра Самокутяева и Елены Серовой и американца Барри Уилмора.
0148c901-f000-40dc-b3e4-552debb0dd7c,2014-09-27,2014-10-05,чемпионат мира по баскетболу среди женщин в Турции.
0148beb4-f800-413f-8b7c-7e422626805e,2014-09-29,,В должность президент Афганистана вступил Ашраф Гани Ахмадзай; премьер-министром Афганистана стал Абдулла Абдулла.
0148beb4-f800-4129-9563-605595a1d4e5,2014-09-29,,Новым премьер-министром Абхазии стал Беслан Бутба.
0148c148-7600-42b8-bff1-1df1a6af6a5d,2014-09-29,2014-09-30,"XI Форум межрегионального сотрудничества Казахстана и России (Атырау, Казахстан)."
0148d34e-7800-489c-b53b-29c6f7652ecf,2014-10-03,,Вступил в должность премьер-министр Швеции Челль Стефан Лёвен.
0148d34e-7800-499b-8743-4810343f9893,2014-10-03,,"Утверждена награда Герой Донецкой Народной Республики, первым награждённым стал Министр обороны подконтрольной России ДНР, Владимир Кононов."
0148ea7a-f600-41d6-b3f3-1e055f6ff203,2014-10-03,2014-10-12,"чемпионат мира по спортивной гимнастике (Нанкин, Китай)."
0148d874-f400-4c2b-8ccd-cec5ec36534c,2014-10-04,,парламентские выборы в Латвии. Лидирует оппозиционная партия «Согласие».
0148dd9b-7000-4f27-a8dc-3a07ec668064,2014-10-05,,Внеочередные парламентские выборы в Болгарии. Победу одержала оппозиционная партия ГЕРБ.
0148dd9b-7000-4401-85e0-b15db91538a1,2014-10-05,,Парламентские и президентские выборы в Бразилии.
0148f234-f000-4a9b-8e85-07c3a8ca1dae,2014-10-09,,Государственный совет Крыма избрал главой республики Сергея Аксёнова.
0148fc81-7800-443a-ac42-632c60c8f6eb,2014-10-11,,вступил в должность премьер-министр Бельгии Шарль Мишель.
014901a7-f400-498b-af7f-b78fd26ae08a,2014-10-12,,Парламентские и президентские выборы в Боснии и Герцеговине.
014901a7-f400-464c-a23f-37793babe4b7,2014-10-12,,Парламентские и президентские выборы в Боливии. По предварительным данным победу в президентских выборах одержал нынешний президент Эво Моралес.
014906cd-f000-4384-b83d-a29570a20278,2014-10-13,,Краматорск становится областным центром Донецкой области.
01492847-7600-4311-956f-7d59d73e302f,2014-10-14,2014-10-25,перепись населения в Республике Крым и Севастополе.
0149111a-f800-49fe-a90f-d4c300ccfb4c,2014-10-15,,парламентские и президентские выборы в Мозамбике. По предварительным данным президентом страны избран Филипе Ниуссе (партия ФРЕЛИМО).
01492ada-7400-4a3b-afe4-2746f42f2976,2014-10-20,,в должность президента Индонезии вступил Джоко Видодо.
01493f73-f400-4c7e-80af-34cafce5d3b3,2014-10-24,,парламентские выборы в Ботсване.
0149449a-7000-477b-9711-e49b7523d4a8,2014-10-25,,на Синае (Египет) в результате терактов погибли 33 египетских военнослужащих.
014949c0-fc00-4bc2-b241-d19f74cbcac4,2014-10-26,,Досрочные выборы парламента Украины.
014949c0-fc00-4bb8-bb60-bdd3e7acfaae,2014-10-26,,Второй тур президентских выборов в Бразилии. Победу одержала действующий президент Дилма Русеф.
014949c0-fc00-405e-a109-b4100f913ab8,2014-10-26,,Парламентские и президентские выборы в Уругвае.
014949c0-fc00-4d43-8c04-13fb46945ed2,2014-10-26,,Парламентские выборы в Тунисе.
014949c0-fc00-4c88-82f5-42cb6f50db2c,2014-10-26,,США и Великобритания завершили вывод войск из Афганистана.
014949c0-fc00-4593-96e4-f3e4fe231acf,2014-10-26,,В России введено постоянное зимнее время.
01495e5a-7c00-4385-b3f6-ff1428ea035e,2014-10-30,,президент Буркина-Фасо Блез Компаоре объявил чрезвычайное положение в стране в связи с попыткой антиправительственного мятежа. В стране распущен парламент.
01496380-7800-49e7-abf1-7c93a6aaf573,2014-10-31,,президент Буркина-Фасо Блез Компаоре подал в отставку. Исполняющим обязанности президента страны стал командующий вооружёнными силами Набере Оноре Траоре.
014968a6-f400-41f8-81a3-b588b336bb23,2014-11-01,,исполняющий обязанности президента Буркина-Фасо Набере Оноре Траоре отказался от власти. Исполняющим обязанности президента и премьер-министром провозгласил себя начальник охраны президента Исаак Зиада.
01496dcd-7000-49ec-812c-ee4f08b5288d,2014-11-02,,"Всеобщие выборы в подконтрольных России Донецкой и Луганской Народных Республиках. В ДНР победил Александр Захарченко, в ЛНР победил Игорь Плотницкий."
01496dcd-7000-482c-9503-09379b65b3b7,2014-11-02,,Президентские выборы в Румынии. Во второй тур вышли действующий премьер-министр Виктор Понта и мэр Сибиу Клаус Йоханнис.
01497819-f800-47fb-a660-89102e578848,2014-11-04,,Вступили в должность глава подконтрольной России ДНР Александр Захарченко и глава подконтрольной России ЛНР Игорь Плотницкий.
01497819-f800-40d1-86e5-db533160cdb0,2014-11-04,,Выборы в конгресс США.
0149a14c-f800-4f4f-b9f3-2b2a314289aa,2014-11-05,2014-11-19,перепись населения Грузии.
0149878c-fc00-4a39-978b-e8b7ebff6d2e,2014-11-07,,премьер-министром Болгарии стал лидер партии ГЕРБ Бойко Борисов.
0149bd9f-f200-4383-a989-d8a110b158e0,2014-11-07,2014-11-28,"матч за звание чемпиона мира по шахматам (Сочи, Россия). Победу одержал Магнус Карлсен."
0149a14c-f800-4b75-b770-689c70817a50,2014-11-08,2014-11-16,"чемпионат мира по тяжёлой атлетике (Алма-Ата, Казахстан)."
014991d9-f400-4a24-9642-0ea335a1ff01,2014-11-09,,по результатам опроса 2 миллиона жителей Каталонии высказались за независимость от Испании.
01499700-7000-4ea0-b00a-35ac782cf760,2014-11-10,,"космический корабль Союз ТМА-13М совершил посадку в Казахстане (Аркалык), Экипаж посадки: Максим Сураев (ФКА), Рид Уайсмен (НАСА) и Александер Герст (ЕКА)."
01499993-7e00-4a0b-93f0-64a297652440,2014-11-10,2014-11-11,"саммит АТЭС (Пекин, Китай)."
0149a14c-f800-40b3-a19a-0bcd26c326b8,2014-11-12,,"Пуском последнего гидроагрегата завершилось восстановление Саяно-Шушенской ГЭС, на которой более пяти лет назад произошла техногенная катастрофа."
0149a14c-f800-4de9-b48b-e068625d7d95,2014-11-12,,Спускаемый аппарат «Филы» (ЕКА) совершил посадку на комету Чурюмова — Герасименко. Первая мягкая посадка на комету в истории.
0149a14c-f800-4f3a-8eec-503e28fdc950,2014-11-12,,"Компания Триколор ТВ, агентство Спутник Логистик и бренд GS Group создал первый планшетный компьютер, предназначенный для просмотра Триколор ТВ."
0149a673-7400-4dda-89d8-f3242e1e75f2,2014-11-13,,вышло пятое дополнение к компьютерной онлайн-игре World of Warcraft под названием Warlords of Draenor.
0149b352-fa00-4edf-be5b-e53320a18417,2014-11-15,2014-11-16,саммит G-20 в Брисбене (Австралия).
0149b0bf-fc00-47ce-b739-9dc9cb6445a1,2014-11-15,,12-й детский конкурс песни Евровидение (Мальта). Победу одержал исполнитель из Италии Винченцо Кантьелло.
0149b5e6-7800-4b52-b4cc-42743754f4c6,2014-11-16,,второй тур президентских выборов в Румынии. Победу одержал мэр города Сибиу Клаус Йоханнис.
0149bb0c-f400-4b32-9f76-66114043d02a,2014-11-17,,временным президентом Буркина-Фасо стал Мишель Кафандо.
0149c032-f000-43d9-8c8d-6b7b3365b09e,2014-11-18,,авария на руднике и образование провала в Соликамске.
0149d4cc-7000-4ade-8483-7d3f9bf89e7d,2014-11-20,2014-11-24,чемпионат мира по самбо в Нарита (Япония).
0149cfa5-f400-4131-ba4d-131c525c5605,2014-11-21,,Премьер-министр Японии Синдзо Абэ объявил о роспуске парламента и назначил досрочные парламентские выборы.
0149cfa5-f400-4e9d-820c-6a0ee9191563,2014-11-21,,Премьер-министром Монголии стал Чимэдийн Сайханбилэг.
0149d9f2-fc00-4d54-86fc-3ad9146abf50,2014-11-23,,выборы президента Туниса.
0149df19-7800-45e0-b2bc-9fbe0528298f,2014-11-24,,"космический корабль Союз ТМА-15М стартовал к международной космической станции. Экипаж в составе Антона Шкаплерова, Саманты Кристофоретти и Терри Вёртса."
0149f3b2-7800-497f-bd27-93d20094dd0f,2014-11-28,,"Президентские и парламентские выборы в Намибии. По предварительным данным в парламентских выборах победу одержала правящая партия СВАПО, а действующий премьер-министр страны Хаге Готтфрид Гейнгоб избран президентом Намибии."
0149f3b2-7800-49a2-9e4c-f4fb707e9bad,2014-11-28,,"В нигерийском городе Кано произошёл теракт, погибли 120 человек."
0149f8d8-f400-4524-a8a0-afdbe3736b96,2014-11-29,,повторные выборы в парламент Бахрейна.
0149fdff-7000-48f3-8016-f0f1c323c8a3,2014-11-30,,"Парламентские выборы в Молдавии. По предварительным данным, лидирует Партия социалистов Республики Молдова."
0149fdff-7000-4c6d-9465-33824ab5b38c,2014-11-30,,Второй тур президентских выборов в Уругвае. Победу одержал Табаре Васкес.
014a152b-fe00-4432-8efb-9c60f451e680,2014-12-01,2014-12-08,"Вооружённый конфликт на востоке Украины: Народная милиция ДНР в ходе ожесточённых боёв, взяла под свой контроль старый терминал аэропорта «Донецк»."
014a1298-f000-496c-946c-7d39ce17162d,2014-12-04,,нападение боевиков на Грозный (Россия). Погибли 14 полицейских и 36 ранены.
014a17be-fc00-44c6-a3af-d59abee8204b,2014-12-05,,первый беспилотный испытательный полёт частично многоразового пилотируемого космического корабля Орион.
014a4618-7800-446f-8e9e-a433d3579270,2014-12-14,,выборы в нижнюю палату парламента Японии. Правящий блок в составе Либерально-демократической партии под руководством премьер-министра Японии Синдзо Абэ и партии Комэйто получили две трети депутатских мандатов.
014a5064-f000-4a35-a88c-a6344aff7704,2014-12-16,,"После обвального падения курса рубля по отношению к доллару США и евро, в России начался валютный кризис, вызвавший впоследствии новый финансово-экономический кризис в стране."
014a5064-f000-4f07-9434-992cc33b2703,2014-12-16,,"Боевики Талибан совершили захват школы в Пешаваре (Пакистан), погибли более 140 человек."
014a6a24-fc00-48fa-8591-d11957acc42d,2014-12-21,,Парламентские выборы в Узбекистане.
014a6a24-fc00-410b-ad80-98b17602f56a,2014-12-21,,В должность президента Румынии вступил Клаус Йоханнис
014a6a24-fc00-47a4-a97f-04b1ab795166,2014-12-21,,Второй тур президентских выборов в Тунисе. Президентом Туниса избран Беджи Каид Эс-Себси.
014a890a-f400-44f5-a90e-eb84ca24bec8,2014-12-27,,новым Председателем Совета Министров Белоруссии стал Андрей Кобяков.
014a8e31-7000-4d30-8f93-a4adbc02af61,2014-12-28,,Индонезийский авиалайнер Airbus A320 компании AirAsia потерпел катастрофу в Яванском море.
014a8e31-7000-4e34-937a-d130a068daec,2014-12-28,,Выборы президента Хорватии. Во второй тур вышли действующий президент Иво Йосипович и лидер партии Хорватское демократическое содружество Колинда Грабар-Китарович.
014a8e31-7000-42ac-9cc7-210a01708504,2014-12-28,,"В результате пожара на итальянском пароме MS Norman Atlantic в Адриатическом море погибли 13 человек, 98 пропали без вести."
014a9357-fc00-481f-a8d8-c83d448a7baa,2014-12-29,,"в Греции распущен парламент, назначены досрочные выборы."
014a987d-f800-4b93-b8ca-321c4b0451ae,2014-12-30,,Новым премьер-министром Королевства Тонга стал Акилиси Похива.
014a987d-f800-4df8-8a97-e880491cb879,2014-12-30,,На Филиппинах в результате наводнения погибли 53 человека.
014a9da4-7400-4589-ad28-67710b792d7f,2014-12-31,,вступил в должность президент Туниса Беджи Каид Эс-Себси.
014aa2ca-f000-4d7a-866c-c1e5a0c8e6e7,2015-01-01,,В Австрии проведена оценка численности населения в ночь с 31 декабря 2014 года на 1 января 2015 года.
014aa2ca-f000-4450-9fd6-b65cda455221,2015-01-01,,"Литва перешла на евро, став 19-м членом еврозоны."
014aa2ca-f000-4183-b859-cbb3fe3d18ce,2015-01-01,,Вступил в действие договор о создании Евразийского экономического союза.
014aa2ca-f000-4ca9-a37e-234441503a33,2015-01-01,,Завершился переходный период в Крыму.
014aa2ca-f000-4921-afd8-d086b2000343,2015-01-01,,"Граждане государств СНГ, за исключением стран, входящих в Таможенный союз, ЕЭП и Украины, могут въезжать на территорию Российской Федерации только по заграничным паспортам."
014abc8a-7c00-425e-9eef-1ae485670a5a,2015-01-06,,россиянка Диана Рамазанова совершила теракт в полицейском участке турецкого города Стамбул. 1 погибший и 1 ранен
014ac1b0-f800-440d-88a9-54cf5512588e,2015-01-07,,"исламские террористы совершили нападение на расположенную в Париже редакцию журнала «Шарли Эбдо», в котором ранее были опубликованы карикатуры на пророка Мухаммеда."
014ac6d7-7400-40c5-b895-34647ea44489,2015-01-08,,выборы президента Шри-Ланки. Победу одержал генеральный секретарь оппозиционной Партии свободы Маитрипала Сирисена.
014ad64a-7800-44e0-aa2f-0e30045378fe,2015-01-11,,"второй тур выборов президента Хорватии. Победу одержала кандидат от оппозиционной партии «Хорватское демократическое содружество» Колинда Грабар-Китарович, получив 50,42 % голосов избирателей."
014ae5bd-7c00-4a1b-bcf2-d3a29797f381,2015-01-14,,президент Италии Джорджо Наполитано подал в отставку.
014b04a3-f400-4ece-b76a-5b972a657231,2015-01-20,,выборы президента Замбии. Победу одержал кандидат от правящей партии «Патриотический фронт» Эдгар Лунгу.
014b0ef0-7c00-4116-9dc7-b24d2407d70a,2015-01-22,,президент Йемена Абд Раббо Мансур Хади подал в отставку.
014b1416-f800-4a2f-8e47-1e834ca4d4a4,2015-01-23,,"скончался король Саудовской Аравии Абдуллах Аль Сауд, новым королём стал его брат Салман ибн Абдул-Азиз Аль Сауд."
014b2dd6-7400-49f5-8343-2d94d43b0758,2015-01-24,2015-02-01,"XXVII зимняя Универсиада (1 часть, Штребке-Плесо и Осрблье, Словакия)."
014b2389-fc00-4d81-949d-88494739f40f,2015-01-26,,новым премьер-министром Греции стал лидер партии СИРИЗА Алексис Ципрас.
014b3823-7c00-4966-b3de-d0266e5548ce,2015-01-30,,в Москве в здании ИНИОН РАН произошёл пожар.
014b3d49-7800-4c8b-88e1-4ce48be2805d,2015-01-31,,"Избран новый президент Италии, им стал Серджо Маттарелла."
014b3d49-7800-4952-9def-b076ef035437,2015-01-31,,"Старт исследовательской миссии SMAP, предназначенной для измерения влажности почвы Земли."
014b690f-f600-4797-a826-11e377c0028a,2015-02-02,2015-02-15,в Вэйле и Бивер-Крике (США) состоялся чемпионат мира по горнолыжному спорту.
014b4cbc-fc00-45d6-9c36-56d3563f1e5b,2015-02-03,,в должность президента Италии вступил Серджо Маттарелла.
014b51e2-f800-4fb5-ad3d-846af3b969de,2015-02-04,,"на Тайване недалеко от столицы Тайбэй потерпел крушение самолёт ATR 72-600 авиакомпании TransAsia. Из 58 находившихся на борту 43 человека погибли, 15 пострадали."
014b6ba2-f400-42fc-82ce-5363e14f9576,2015-02-04,2015-02-14,"XXVII зимняя Универсиада (2 часть, Гранада, Испания)."
014b70c9-7000-48f9-911a-8854d7524361,2015-02-05,2015-02-15,65-й Берлинский международный кинофестиваль.
014b5c2f-f000-4d26-adae-3659fdee32cb,2015-02-06,,восставшие в Йемене хуситы захватили власть в стране и объявили о роспуске парламента. Исполнять обязанности президента Йемена стал Мухаммед Али аль-Хути.
014b7882-fa00-41bd-a421-66583b30b7a5,2015-02-11,2015-02-12,"вооружённый конфликт на востоке Украины: в Минске (Белоруссия) состоялась встреча президентов и представителей МИД Германии, России, Украины и Франции. Принята Декларация по Донбассу и разработаны шаги по имплементации Минского соглашения."
014b82cf-7200-4b03-a857-81f37c97a4a2,2015-02-12,2015-02-15,в Херенвене (Нидерланды) состоялся чемпионат мира по конькобежному спорту.
014b8562-f000-4118-8624-504a3fc1868d,2015-02-14,,в результате стрельбы в Копенгагене (Дания) погибли 3 и ранены 5 человек.
014b87f5-fe00-497a-80ad-498eab86e111,2015-02-14,2015-02-15,в Сигулде (Латвия) состоялся чемпионат мира по санному спорту.
014b8a88-fc00-43c2-b5ea-4af4a04e47d8,2015-02-15,,вступила в должность президент Хорватии Колинда Грабар-Китарович.
014b99fb-f000-4402-841f-52e1431be1a5,2015-02-18,,Президентские выборы в Греции. Президентом избран Прокопис Павлопулос.
014b99fb-f000-408c-b6b8-878dae78170c,2015-02-18,,Премьер-министром Молдовы стал Кирилл Габурич.
014b9f22-7c00-42c6-bb02-658451e2c54b,2015-02-19,,"египетские войска вошли на территорию Ливии и начали наступление на город Дерна, ранее захваченный боевиками ИГ."
014bb8e2-7800-447a-936e-d7748cb82792,2015-02-19,2015-03-01,"чемпионат мира по лыжным видам спорта (Фалун, Швеция)."
014bdcee-fc00-4492-88d3-d7f8144adaab,2015-02-26,2015-03-08,"чемпионат мира по бобслею и скелетону (Винтерберге, Германия)."
014bc855-7c00-414b-bef5-5b65c5ff6c2e,2015-02-27,,"в Москве убит оппозиционный политик, сопредседатель Республиканской партии России — Партии народной свободы Борис Немцов."
014bcd7b-f800-4414-90a3-83f1f59e368a,2015-02-28,,парламентские выборы в Лесото.
014bd00e-f600-4063-add8-d23e875866c5,2015-02-28,2015-03-01,"46-й чемпионат мира по конькобежному спорту в спринтерском многоборье (Астана, Казахстан)."
014bd2a1-f400-4039-9bd2-051cc3215aee,2015-03-01,,Парламентские выборы в Эстонии. Выборы выиграла Партия реформ.
014bd2a1-f400-41ad-919f-fc791f4cde10,2015-03-01,,Парламентские выборы в Таджикистане. Лишь НДП преодолела пятипроцентный барьер.
014bd2a1-f400-41c2-a748-9df86a003071,2015-03-01,,Табаре Васкес вступил в должность президента Уругвая.
014be214-f800-43f2-9353-3fede0f6e9b5,2015-03-04,,авария на шахте имени Засядько в Донецке. Погибли 34 шахтёра.
014be73b-7400-4563-91c1-34329ac7bec6,2015-03-05,,космический аппарат Dawn достиг Цереры и перешёл на круговую орбиту вокруг этой карликовой планеты.
014c00fb-7000-4251-9504-8c4c7e391ea9,2015-03-05,2015-03-15,"чемпионат мира по биатлону (Контиолахти, Финляндия)."
014bf188-7c00-4eb5-b78d-c7eb8d3d3ceb,2015-03-07,,премьер-министром Лесото вновь стал Бетуэль Пакалита Мосисили.
014c0621-7c00-40ca-8828-13532f1b8c3d,2015-03-11,,"в Казани (Россия) в здании крупного торгового центра произошёл пожар. 19 человек погибли, более 60 пострадали."
014c0b47-f800-457f-bbc9-37d58911d8e6,2015-03-12,,"Экипаж корабля Союз ТМА-14М в составе Елены Серовой, Александра Самокутяева и Барри Вилмора вернулся с МКС на Землю."
014c0b47-f800-4ce7-a8a0-1a530b8b32c2,2015-03-12,,Исландия отозвала заявку на членство страны в Евросоюзе.
014c106e-7400-48af-8b9d-3a7b56bef575,2015-03-13,,в должность президента Греции вступил Прокопис Павлопулос.
014c1594-f000-4b2f-8f7f-18d30afdc814,2015-03-13,2015-03-15,"чемпионат мира по шорт-треку (Москва, Россия). Чемпионами мира стали нидерландский конькобежец Шинки Кнегт и южнокорейская конькобежка Чхве Мин Джон."
014c1aba-fc00-4cf0-a95b-902b2daad8d4,2015-03-15,,"закрыт магазин приложений Nokia, он заменён Opera Store."
014c5887-7c00-43f3-a701-e6f2037dd5e5,2015-03-16,2015-04-07,"чемпионат мира по шахматам среди женщин (Сочи, Россия)."
014c2507-f400-4e8f-bb10-72ba34038a7c,2015-03-17,,досрочные парламентские выборы в Израиле. Победу одержала правящая партия Ликуд.
014c2a2e-7000-468d-a2f7-15927a456f9c,2015-03-18,,"в результате нападения террористов на музей Бардо, находящийся в столице Туниса, погибли 24 человека."
014c2f54-7c00-40f0-857c-d4d58e9f4ffd,2015-03-19,,убийство Фархунды Маликзаде.
014c347a-f800-4978-869c-866aa3273e58,2015-03-20,,Новым премьер-министром Абхазии назначен Артур Миквабия.
014c347a-f800-45c3-99df-cf518af98351,2015-03-20,,"В Сане (Йемен) террористы-смертники взорвали две мечети. Количество погибших составило по меньшей мере 137 человек, раненых — 357. Ответственность за взрывы взяло на себя ИГ."
014c347a-f800-49a0-8df5-05a92fe5afb3,2015-03-20,,Солнечное затмение которое можно было наблюдать на севере Атлантического океана и в Арктике.
014c39a1-7400-48fc-8149-42d603e92bc2,2015-03-21,,президентом Намибии стал глава правительства Хаге Гейнгоб; на посту премьер-министра его сменила Саара Куугонгельва-Амадхила.
014c5360-f000-406e-85f4-4b47fc9bd6b0,2015-03-23,2015-03-29,"чемпионат мира по фигурному катанию (Шанхай, КНР)."
014c4914-7800-4db5-8bda-f6284f1f483c,2015-03-24,,на юге Франции разбился пассажирский самолёт A320. Погибли все 150 человек.
014c5887-7c00-409a-adea-40c164cce594,2015-03-27,,"с космодрома Байконур стартовал космический корабль Союз ТМА-16М для годичного пребывания в космосе. Состав экипажа — Геннадий Падалка, Михаил Корниенко и Скотт Келли."
014c5dad-f800-4569-9e30-f241c31e3409,2015-03-28,,всеобщие выборы в Нигерии. Победу одержал Мохаммаду Бухари.
014c62d3-f400-4fe5-8976-8794ec5f9166,2015-03-29,,выборы президента Узбекистана. Президентом страны избран действующий президент Ислам Каримов.
014c74da-7600-4120-8b2f-cb738160aae9,2015-03-29,2015-04-05,"35-й чемпионат мира по хоккею с мячом (Хабаровск, Россия)."
014c776d-7400-49fc-b6f8-0968d1db5c07,2015-04-02,,"(4:12 по сахалинскому времени, 1 апреля в 21:12 по московскому времени) большой автономный траулер «Дальний Восток» затонул в акватории Охотского моря в 300 километрах от Магадана. По данным МЧС, экипаж судна — 132 человека. На борту находились 78 россиян и 54 иностранца. 62 человека погибли, 7 пропали без вести."
014c776d-7400-4002-8cd5-6eaf20b71eba,2015-04-02,,Боевики группировки «Аль-Шабааб» совершили атаку на университет в кенийском городе Гарисса. Погибли 148 человек.
014c86e0-7800-4912-8913-041feaa9e05d,2015-04-05,,после ремонта и модернизации вновь запущен Большой адронный коллайдер.
014c8c06-f400-4995-8628-6c0e57b11907,2015-04-06,,"указами президента России Владимира Путина городам Старая Русса, Грозный, Гатчина, Петрозаводск и Феодосия присвоено почётное звание «Город воинской славы»."
014caaec-fc00-4607-9ecd-0df5ba5c9319,2015-04-12,,"в результате крупных пожаров в Хакасии, возникших в степных регионах, сгорели более 1200 домов в 42 населённых пунктах, погибли 36 человек, около 5 тысяч человек остались без жилья. В республике введён режим чрезвычайной ситуации. На 13 апреля все пожары ликвидированы."
014cb539-f400-44f5-abb1-d2a810af6881,2015-04-14,,"в результате кораблекрушения в Средиземном море судна, на котором перевозились из Ливии в Италию 550 нелегальных мигрантов, погибли 400 человек, среди них много детей."
014ccef9-f000-4db4-8e35-9ba059c53823,2015-04-19,,Парламентские выборы в Финляндии. Победу одержала оппозиционная партия «Финляндский центр».
014ccef9-f000-4530-a092-51947022bdc4,2015-04-19,,"В Средиземном море к северу от Ливии затонуло рыболовное судно, удалось спасти 28 человек, погибли 24 человека. В Управлении Верховного комиссара ООН по делам беженцев заявили, что погибли 800 человек."
014ceddf-f800-4961-8a64-09e04b84133b,2015-04-25,,"в Балтиморе (США) в связи с гибелью афроамериканца Фредди Грея, который был убит полицией, начались демонстрации и столкновения демонстрантов с полицией, в городе был введён комендантский час."
014cf599-7200-4090-b3d6-1e26ac3345fc,2015-04-25,2015-04-28,"землетрясения в Непале магнитудой до 7,8 Mw. В Непале погибли 8699 человек, 22 489 ранены, пострадали 8 млн человек. В Индии 69 человек погибли и около 270 ранены. В Китае 25 погибших, 117 раненых."
014cf306-7400-4a52-8511-2de04e4032bf,2015-04-26,,Президентские выборы в Казахстане. Победил действующий президент Нурсултан Назарбаев.
014cf306-7400-4860-b791-dd26869f94a7,2015-04-26,,Второй тур президентских выборов в Северном Кипре. Победу одержал Мустафа Акынджи.
014cf82c-7000-4e52-9715-fb79502ea983,2015-04-27,,американская компания SpaceX запустила в космос первый туркменский спутник.
014d079f-7400-4288-8d83-bba322a85916,2015-04-30,,вступление Мустафы Акынджи в должность президента Северного Кипра.
014d35f8-f000-4262-b298-5b0b1c19ccae,2015-05-01,2015-05-17,"79-й чемпионат мира по хоккею с шайбой (Прага и Острава, Чехия). Победу одержала сборная Канады."
014ee3fb-f200-4023-a59d-517d675cfa04,2015-05-01,2015-10-31,"международная выставка EXPO-2015 (Милан, Италия)."
014d1712-f800-4900-a239-cd8e5a0b5a0d,2015-05-03,,парламентские выборы в непризнанной Нагорно-Карабахской Республике. Победила правящая партия «Свободная Родина».
014d2bab-f800-4331-a40e-aaabdd2b9c19,2015-05-07,,парламентские выборы в Великобритании. Победу одержала правящая Консервативная партия.
014d30d2-7400-4c39-ace9-a18616103f83,2015-05-08,,Кыргызстан присоединился к Евразийскому экономическому союзу.
014d3b1f-7c00-4ed2-9e07-e9626f905152,2015-05-10,,выборы президента Польши. Во второй тур вышли президент Польши Бронислав Коморовский и кандидат от оппозиционной партии «Закон и справедливость» Анджей Дуда.
014d4045-7800-44bb-98c5-70e9a79cc644,2015-05-11,,парламентские выборы в Гайане. Победу одержала оппозиционная коалиция Партнёрство за национальное единство и альянс за перемены во главе с Дэвидом Грейнджером.
014d456b-f400-4e9b-a328-e7c6d85e83bd,2015-05-12,,"в Непале и Индии произошло повторное землетрясение магнитудой 7,4. В Непале погибли 117 человек, ещё 1926 пострадали; в Индии погибли 17 человек, ещё один человек погиб на территории Китая."
014d66e5-7a00-4a35-86f2-861cfdc2fb1e,2015-05-13,2015-05-24,68-й Каннский кинофестиваль. «Золотой пальмовой ветвью» награждён французский фильм «Дипан» режиссёра Жака Одиара.
014d5a05-7400-47fc-80c6-81882685b0da,2015-05-16,,В должность президента Гайаны вступил Дэвид Грейнджер.
014d5a05-7400-41ac-b6b2-ae93923277c8,2015-05-16,,"Исламское государство захватило Рамади, фактически установив контроль над всей провинцией Анбар. Иракское правительство признало потерю."
014d73c5-7000-4784-8478-b14d79bf28d5,2015-05-19,2015-05-23,юбилейный 60-й песенный конкурс Евровидение (Австрия). Победу одержал Монс Сельмерлёв (Швеция) с песней «Heroes».
014d8338-7400-4932-b4d8-a8297e200989,2015-05-24,,второй тур выборов президента Польши. Победу одержал Анджей Дуда.
014d92ab-7800-4625-85a3-26c9de62cb9e,2015-05-27,,"в Цюрихе (Швейцария) взяты под стражу несколько высокопоставленных чиновников ФИФА, среди которых вице-президенты ФИФА Джеффри Уэбб и Эухенио Фигередо, бывший член исполкома ФИФА Джек Уорнер, а также Эдуардо Ли, Хулио Роча, Костас Таккас, Рафаэль Эскевель, Хосе Мария Марин и Николас Леос."
014d97d1-f400-4438-aaa0-7eb381342914,2015-05-28,,приведён к присяге новый премьер-министр Финляндии Юха Сипиля.
014d9cf7-f000-4c9d-94eb-3d270189bc49,2015-05-29,,в должность президента Нигерии вступил Мохаммаду Бухари.
014dac6a-f400-4e24-992b-1e4951dc7435,2015-06-01,,"в Китае на реке Янцзы из-за смерча в течение двух минут затонул теплоход «Дунфанчжисин» с туристами. На борту находились 458 человек, спасены 12, погибли 442 человека."
014db6b7-fc00-4e3f-a65f-7569095c88bb,2015-06-03,,выборы президента Латвии. Избран министр обороны Латвии Раймондс Вейонис.
014dc104-7400-49c1-95b8-7a87aae7dee8,2015-06-05,,"13-я ежегодная церемония награждения национальной премии в области популярной музыки Муз-ТВ (Астана, Казахстан)."
014dc104-7400-4038-abbd-d9d4a1614edc,2015-06-05,,В должность президента Маврикия вступила Амина Гуриб-Факим.
014dcb51-7c00-426b-853c-be1b1b1131ef,2015-06-07,,"парламентские выборы в Турции. По предварительным данным, лидирует Партия справедливости и развития."
014dcde4-7a00-427c-be10-3847082491f9,2015-06-07,2015-06-08,"саммит G7 в замке Эльмау (Бавария, Германия)."
014ddd57-7e00-4948-b4cb-dfa0672af6b4,2015-06-10,2015-06-11,"V Съезд лидеров мировых и традиционных религий (Астана, Казахстан)."
014ddfea-fc00-40a6-9f5c-ed2e4b1546de,2015-06-11,,"экипаж космического корабля Союз ТМА-15М в составе Антона Шкаплерова, Саманты Кристофоретти и Терри Вёртса вернулся с МКС на Землю."
014e0e43-f800-4ccc-869c-cf00fbf2d930,2015-06-12,2015-06-28,"первые Европейские игры (Баку, Азербайджан)."
014e22dd-7800-4e6d-9c9b-3d827fdf2ab5,2015-06-15,2015-07-03,"XV международный конкурс имени П. И. Чайковского (Москва, Россия)."
014e03f7-7000-498f-89cd-274fd7f528fb,2015-06-18,,Парламентские выборы в Дании.
014e091d-7c00-4aff-ba13-08117aa4bb1a,2015-06-18,2015-06-20,XIX Петербургский международный экономический форум.
014e1b23-fe00-401b-9a40-5195251a8ec9,2015-06-19,2015-06-26,37-й Московский международный кинофестиваль.
014e1890-f000-41e1-ad05-17ef54d7ea78,2015-06-22,,Казахстан вступил во Всемирную торговую организацию.
014e2d29-f000-49d0-be59-bae2b4c7f63c,2015-06-26,,"1-й Международный форум архитекторов и градостроителей (Астана, Казахстан)."
014e2d29-f000-424e-a7e2-ba39167d3769,2015-06-26,,"I международный фестиваль боевых искусств (Астана, Казахстан)."
014e3c9d-7400-42c1-89fd-b5f45e501fb6,2015-06-29,,Приведён к присяге новый премьер-министр Дании Ларс Лёкке Расмуссен.
014e3c9d-7400-4890-8e75-24b9568af30a,2015-06-29,,Парламентские выборы в Бурунди.
014e4c10-7800-43b7-903d-752eb46e92a6,2015-06-29,2015-07-05,"чемпионат мира по современному пятиборью (Берлин, Германия)."
014e41c3-7000-4d8a-a845-7c4f85249b90,2015-06-30,,"военно-транспортный самолёт Lockheed C-130 Hercules упал на отель в индонезийском городе Медан, 141 человек погиб."
014e4c10-7800-4d73-8fde-a59557616630,2015-07-02,,на Филиппинах перевернулся паром со 173 пассажирами. Более 30 человек погибли.
014e6d89-7e00-4379-b67b-1d1c7153582e,2015-07-03,2015-07-14,"XXVIII летняя Универсиада (Кванджу, Южная Корея)."
014e8f02-f400-4da0-acfb-00923b9b6e55,2015-07-04,2015-07-26,102-я веломногодневка Тур де Франс. Гонка стартовала в голландском Утрехте и закончилась традиционным этапом на Елисейских Полях в Париже. Победу одержал представитель команды Sky Team Крис Фрум.
014e5b83-7c00-4404-96b2-91913a398003,2015-07-05,,"прошёл Референдум в Греции по финансовой политике, в результате которого 61,31 процента проголосовавших выбрали ответ «НЕТ»; ответ «ДА» дали 38,69 %."
014e6d89-7e00-4285-ae25-75ca2ce2804e,2015-07-08,2015-07-09,"VII саммит БРИКС (Уфа, Россия)."
014e72af-fa00-4689-ae04-75add9487104,2015-07-09,2015-07-10,"20-я встреча глав государств-членов ШОС (Уфа, Россия)."
014e9429-7000-4933-8c81-c6506745c7f1,2015-07-13,2015-07-19,чемпионат мира по фехтованию в Москве (Россия).
014e89dc-7800-4c75-b7fa-8bdca49c5757,2015-07-14,,космический аппарат НАСА «Новые горизонты» прошёл мимо Плутона.
014ea109-7600-4be5-96f3-e32f3b53805e,2015-07-15,2015-07-22,чемпионат мира по подводному плаванию в Яньтай (КНР).
014ea8c2-f000-49ff-b4b5-c305daa86ba2,2015-07-20,,"В Суруче (Турция) совершён теракт. Погибли 32 человека, 104 человека получили ранения."
014ea8c2-f000-46c8-b683-8a437a1b51b1,2015-07-20,,Официально восстановлены дипломатические отношения между США и Кубой.
014eade8-fc00-4d8d-8f46-319765099c5a,2015-07-21,,президентские выборы в Бурунди. Победу одержал действующий президент Пьер Нкурунзиза.
014eb835-f400-4936-9ff5-9d7dd0fcea2c,2015-07-23,,"запуск пилотируемого космического корабля «Союз ТМА-17М» с экипажем в составе Олега Кононенко, Кимия Юи и Челла Линдгрена (США). Состоялась стыковка корабля с МКС."
014ee68e-f000-4454-a75a-aa40972f6bc1,2015-07-24,2015-08-09,"16-й Чемпионат мира по водным видам спорта (Казань, Россия)."
014ed71b-fc00-4a5c-b3bc-1e71a715c241,2015-07-29,,компания «Microsoft» выпустила операционную систему «Windows 10».
014edc42-7800-40a6-adc1-727dc5cdcb55,2015-07-30,,"запущена сеть криптоплатформы «Ethereum», ставшая впоследствии крупнейшей альтернативой биткойну."
014edc42-7800-4d4a-ba3f-4a3d3e946a96,2015-07-30,,новым премьер-министром Молдовы стал Валериу Стрелец.
014ee168-f400-4192-8506-73b3e904e2a0,2015-07-31,,Международный олимпийский комитет утвердил столицей Зимних Олимпийских игр 2022 года город Пекин (КНР).
014ef0db-f800-45f1-8974-e9ae77a01e45,2015-08-03,,истребитель МиГ-23 САВВС упал на рынок в городе Эриха (Сирия). Погибли 33 человека и более 150 получили ранения.
014efb28-7000-49f7-b424-634944b04651,2015-08-05,,в Индии на мосту через реку Мачак сошли с рельсов два поезда. Погибли 30 человек.
014f004e-fc00-4dd2-849e-fc4fe3dc35da,2015-08-06,,В должность президента Польши вступил Анджей Дуда.
014f004e-fc00-4e4a-8852-d3b5a4c4297f,2015-08-06,,Открытие нового Суэцкого канала в Египте.
014f0fc1-f000-42ae-80f9-4dbe19050593,2015-08-09,,парламентские выборы в Республике Гаити.
014f1f34-f400-450a-b238-0ab433cb22ae,2015-08-12,,Кыргызстан официально стал полноправным членом ЕАЭС.
014f26ee-7e00-4f3d-84ca-252894f5028c,2015-08-12,2015-08-15,"взрывы на складе горючих веществ в Тяньцзине (Китай). Ранены около 800 человек, погибли 173 человека, в том числе 21 пожарный. 95 человек пропали без вести. Мощность двух взрывов составила 3 и 21 тонну в тротиловом эквиваленте."
014f245b-7000-4116-92ae-587086fd4496,2015-08-13,,"в результате теракта на рынке Багдада (Ирак) погибло более 80 мирных жителей, около 200 человек ранены."
014f33ce-7400-4875-b245-618a18efa9ba,2015-08-16,,катастрофа самолёта компании Trigana Air Service в Индонезии. Погибли 49 пассажиров и 5 членов экипажа.
014f38f4-f000-44a7-8d69-7033724ede8a,2015-08-17,,Парламентские выборы в Шри-Ланке. Победу одержала правящая коалиция.
014f38f4-f000-46f8-b3ca-df1be15805da,2015-08-17,,В столице Таиланда Бангкоке произошёл теракт. Погибли 19 и ранены 123 человека.
014f674d-fc00-4c1e-b7e1-807ac74c4ed2,2015-08-22,2015-08-30,чемпионат мира по лёгкой атлетике в Пекине (КНР).
014f6c74-7800-4362-a6ec-ee15282adf3c,2015-08-24,2015-08-30,"30-й чемпионат мира по дзюдо (Астана, Казахстан)."
014f6c74-7800-4dd9-a5aa-ec3c7431436c,2015-08-27,,премьер-министром Греции впервые стала женщина Василика Тану-Христофилу.
014f88c7-7200-41aa-839b-f9805dd06555,2015-09-01,2015-09-02,"в Венгрии прошли протесты нелегальных мигрантов, требующих предоставить им поезда в Германию."
014f8b5a-7000-4065-bcd9-6e9716791ba3,2015-09-02,,ракета-носитель «Союз-ФГ» с транспортным пилотируемым кораблём Союз ТМА-18М стартовала с космодрома Байконур с международным экипажем.
014fa51a-7c00-4779-8f10-22632cd19375,2015-09-02,2015-09-12,72-й Венецианский кинофестиваль.
014f9080-fc00-4179-8e79-117dbac089d4,2015-09-03,,"суд Гватемалы выдал ордер на арест президента страны Отто Переса Молины, обвиняемого в создании коррупционной сети; президент подал в отставку и был заключён под арест. Исполнять обязанности президента назначен вице-президент Алехандро Мальдонадо Агирре."
014f9ff3-f000-495c-a73c-6972934f2b21,2015-09-06,,Президентские и парламентские выборы в Гватемале. Во второй тур прошли кандидат правонационалистической партии FCN актёр Джимми Моралес и правоцентрист Мануэль Бальдисон.
014f9ff3-f000-43ba-a96e-d861258701be,2015-09-06,,Антиправительственные выступления в Молдавии с требованием отставки президента и избрания нового главы государства и правительства.
014fb48d-7000-4de6-a0fd-62e57a238815,2015-09-07,2015-09-13,"чемпионат мира по художественной гимнастике (Штутгарт, Германия)."
014fb9b3-fc00-4102-86be-bac2005e4575,2015-09-07,2015-09-15,"Чемпионат мира по борьбе 2015 (Лас-Вегас, США)."
014fa51a-7c00-4001-a509-66b83bf6f52e,2015-09-07,,"парламентские выборы в Тринидаде и Тобаго. По предварительным данным, победу одержала оппозиционная партия."
014faf66-f400-4929-9041-e86570c41330,2015-09-09,,в должность премьер-министра Тринидада и Тобаго вступил Кит Роули.
014fb9b3-fc00-49d6-865c-04c1fff9cfa7,2015-09-11,,В результате падения строительного крана на мечеть аль-Харам в Мекке (Саудовская Аравия) погибло 107 человек; ранены и пострадало более 120 человек.
014fb9b3-fc00-4147-9c49-9a47ad8fef1c,2015-09-11,,Парламентские выборы в Сингапуре. Победу одержала правящая партия Народное действие.
014fbed9-f800-4219-a261-28876b351469,2015-09-12,,при взрыве в ресторане в индийском городе Петлавад (Мадхья-Прадеш) погибло более 100 человек.
014fc400-7400-4cc2-918c-126b77b912fd,2015-09-13,,единый день голосования в России.
014fce4d-7c00-4b1a-89a5-d8421fe66206,2015-09-15,,в должность премьер-министра Австралии вступил Малкольм Тернбулл.
014fd373-7800-4979-8d92-d371038a859d,2015-09-16,,"XII Форум межрегионального сотрудничества Казахстана и России (Сочи, Россия)."
014fd373-7800-4dfe-b083-af5fc05e6443,2015-09-16,,В ходе военного переворота арестованы и. о. президента Буркина-Фасо Мишель Кафандо и все члены правительства вместе с премьер-министром Исааком Зиды.
014fd899-f400-4fa5-96e5-70900b5b0b18,2015-09-17,,"после военного переворота в Буркина-Фасо страну возглавил Председатель Совета национальной демократии, им стал Жильбер Дьендере."
01504c78-fa00-4e79-aca5-fc26cb94bbe0,2015-09-18,2015-10-31,чемпионат мира по регби (Великобритания). Победу одержала сборная Новой Зеландии.
014fe2e6-7c00-484a-b475-38e66d1fbd74,2015-09-19,,"празднование 2000-летия города Дербента (Дагестан, Россия)."
014fe80c-f800-408f-a9fb-7a170cd89acd,2015-09-20,,внеочередные парламентские выборы в Греции. Победу одержала бывшая правящая партия СИРИЗА
014fed33-7400-4760-bd3d-fa4393ca81d0,2015-09-21,,премьер-министром Греции вновь стал лидер партии СИРИЗА Алексис Ципрас
014ff77f-fc00-4b5c-b05e-434f0993a6ac,2015-09-23,,смещённое правительство Исаака Зиды и и. о. президента Буркина-Фасо Мишель Кафандо вернулись к власти.
014ffca6-7800-4a1e-930b-17b3653ae1a4,2015-09-24,,"в результате давки в долине Мина близ Мекки (Саудовская Аравия) погибли 717 исламских паломников, 863 человека пострадали."
015006f3-7000-4fad-b346-0d15c6222b7e,2015-09-26,,Папа Франциск завершает тур по Нью-Йорку с мессой в саду Мэдисон Сквер
0150113f-f800-49b2-b6e8-bcb49a69fbe0,2015-09-28,,специалисты НАСА обнаружили доказательства наличия на Марсе потоков солёной воды.
01501b8c-7000-4dc0-8f4e-388aa8cbbb9e,2015-09-30,,Россия нанесла первый авиаудар по позициям ИГ в Сирии.
015020b2-fc00-4534-aeed-fd820c1897c7,2015-10-01,,в Дагестане (Россия) введена в эксплуатацию Гоцатлинская ГЭС.
01503025-f000-4932-af59-e181eaa55b60,2015-10-04,,"Парламентские выборы в Кыргызстане. По предварительным данным, лидирует президентская Социал-демократическая партия."
01503025-f000-49ae-b39f-17c5bc5531de,2015-10-04,,Парламентские выборы в Португалии. Победу одержала правящая Социал-демократическая партия.
01503025-f000-4a68-bfd7-f21377bf01df,2015-10-04,,"В Гватемале произошёл оползень, погибло не менее 131 человека."
0150354c-7c00-42ec-a27c-da6e0718b061,2015-10-05,,"США, Япония и ещё 10 стран (Австралия, Бруней, Вьетнам, Канада, Малайзия, Мексика, Новая Зеландия, Перу, Сингапур, Чили), вместе представляющих 40 % глобальной экономики, договорились о заключении крупнейшего за последние два десятилетия торгового пакта — Транстихоокеанского партнёрства."
01504f0c-7800-4923-9ec2-214a3bd44334,2015-10-05,2015-10-15,"18-й чемпионат мира по боксу (Доха, Катар)."
01504f0c-7800-4dbc-8400-4efa2a2c68c2,2015-10-10,,"в Анкаре (Турция) совершён террористический акт. Погибли 95 человек, ранены 246 человек."
01505432-7400-4d09-9290-2454908b1d48,2015-10-11,,"Президентские выборы в Белоруссии. Победу одержал действующий президент Александр Лукашенко, набрав 83,49 процента голосов избирателей."
01505432-7400-4cf3-900d-fc03d59573ab,2015-10-11,,Выборы президента Гвинеи. Победу одержал действующий президент Альфа Конде.
01505958-f000-4210-b0a5-9b3f0076cdca,2015-10-12,,вступил в должность премьер-министр Непала коммунист Кхадга Прасад Шарма Оли.
01505e7f-7c00-4acd-9ae6-ce20cbb69c8f,2015-10-13,,"опубликован отчёт о крушении MH17. Председатель Совбеза Нидерландов Тьиббе Йустра заявил, что самолёт был сбит ракетой серии 9М38."
0150783e-f800-4553-b77b-129715b5fda9,2015-10-18,,парламентские выборы в Швейцарии. Победу одержала правоконсервативная Швейцарская народная партия.
01507ad2-7600-4691-8d35-5e565bd44729,2015-10-18,2015-10-19,парламентские выборы в Египте (1-й тур).
01507d65-7400-42d3-a3c3-d5cead74a7fd,2015-10-19,,парламентские выборы в Канаде. Победу одержала оппозиционная Либеральная партия.
01508cd8-7800-4b4b-b648-a0588262db25,2015-10-21,2015-10-23,"первый форум малого и среднего бизнеса стран-участниц ШОС и БРИКС (Уфа, Россия)."
015091fe-f400-4203-9c1f-6ad875263be5,2015-10-23,,Испания вывела войска из Афганистана.
0150a92b-7200-4466-ad1f-efd62f773055,2015-10-23,2015-11-01,в Глазго (Великобритания) прошёл Чемпионат мира по спортивной гимнастике.
01509c4b-7c00-41c9-b6fd-ff2ad115f756,2015-10-25,,Президентские выборы в Республике Гаити.
01509c4b-7c00-4337-980e-886c9461bd3d,2015-10-25,,Парламентские выборы в Польше. Победу одержала оппозиционная партия «Закон и справедливость».
01509c4b-7c00-4524-9b56-94deceb0c6c0,2015-10-25,,Второй тур президентских выборов в Гватемале. Победу одержал Джимми Моралес.
01509c4b-7c00-48b0-bc77-63af38674ef4,2015-10-25,,Президентские выборы в Кот-д’Ивуаре. Победу одержал действующий президент Алассан Уаттара.
01509c4b-7c00-4ad4-8d0a-a88949caf9f3,2015-10-25,,Первый тур всеобщих выборов в Аргентине. Во второй тур вышли кандидат от правящей партии Даниэль Сиоли и кандидат от оппозиции Маурисио Макри.
01509c4b-7c00-49e2-bf04-e60f77ff7af2,2015-10-25,,Всеобщие выборы в Танзании. Победу одержал представитель правящей партии Джон Магуфули.
01509c4b-7c00-4658-b132-b8cc7a965061,2015-10-25,,Парламентские выборы в Омане.
0150a171-f800-422c-ba5b-5dcdffd620bb,2015-10-26,,"землетрясение в Афганистане и Пакистане магнитудой 7,5. В Афганистане погибло 33 человека и около 200 ранены, в Пакистане погибло около 228 человек и 1000 ранены."
0150abbe-f000-4ec2-a26b-56feed9257d8,2015-10-28,,вступила в должность президент Непала Бидхья Деви Бхандари.
0150b60b-7800-4cf6-b78a-32f598055462,2015-10-30,,"Взрыв и пожар в ночном клубе Colectiv в Бухаресте (Румыния). Погибли 64 человека, 186 ранены."
0150b60b-7800-4229-913e-463da5b1159b,2015-10-30,,Исполняющим обязанности премьер-министра Молдовы стал Георгий Брега.
0150bb31-f400-4d46-b54a-dc5af4400508,2015-10-31,,самолёт Airbus A321 российской авиакомпании «Когалымавиа» разбился после взрыва бомбы на борту над Синайским полуостровом. Все находившиеся на борту 224 человека погибли.
0150c057-f000-4fdd-8692-0c9324b43084,2015-11-01,,Парламентские выборы в Азербайджане.
0150c057-f000-4df4-9ef9-10f7e9879d84,2015-11-01,,"Досрочные парламентские выборы в Турции. По предварительным данным, лидирует правящая Партия справедливости и развития."
0150cfcb-7400-48b6-9220-2177ad191f6f,2015-11-04,,новым премьер-министром Канады стал Джастин Трюдо.
0150d4f1-7000-4083-a94f-0d20223cd4b0,2015-11-05,,Исполняющим обязанности премьер-министра Румынии стал Сорин Кымпяну.
0150d4f1-7000-4d7d-a218-ae009913133a,2015-11-05,,В должность президента Танзании вступил Джон Магуфули.
0150e464-7400-4e6b-bde4-d8e19ec35e41,2015-11-08,,Парламентские выборы в Мьянме. Оппозиционная Национальная лига за демократию получила 70 % голосов избирателей.
0150e464-7400-4e38-9bfb-516df2ba61df,2015-11-08,,Парламентские выборы в Хорватии.
0150e98a-f000-4c1c-85c5-adf9575f5dd1,2015-11-09,,парламент Каталонии одобрил резолюцию о независимости автономной области.
0150f8fd-f400-4a10-85eb-3ed1a14ad211,2015-11-12,,"Теракты в шиитском районе Бейрута. Погибли 43, ранены 239 человек."
0150fe24-7000-4aa8-a414-f1812b7dc0cc,2015-11-13,,"серия терактов в Париже (Франция). Погибли 130 человек, ранен 351 человек."
0151034a-fc00-4de7-b129-0d964e695ab8,2015-11-14,,"во Франции недалеко от Страсбурга во время тестовой поездки загорелся, сошёл с рельсов и съехал в реку скоростной поезд TGV. Погибли 10 человек, 60 человек пострадало."
01510b04-7600-4330-9d72-549b0b6f4c63,2015-11-15,2015-11-16,саммит G-20 в Анталье (Турция).
01510d97-7400-4864-8721-d141826b7448,2015-11-16,,В должность премьер-министра Польши вступила Беата Шидло.
01510d97-7400-4489-8228-8ce049e8cffc,2015-11-16,,В Ботсване найден алмаз массой 1111 карат — крупнейший за последние сто лет и второй по величине за всю историю добычи алмазов в мире.
015112bd-f000-4276-a0b3-76679258e1ac,2015-11-17,,в должность премьер-министра Румынии вступил Дачиан Чолош.
01511a77-7a00-4ea4-909a-5f2cf395a45d,2015-11-18,2015-11-19,"саммит АТЭС (Манила, Филиппины)."
0151395d-7200-4061-890f-df55e2bf2d87,2015-11-20,2015-11-29,"чемпионат мира по тяжёлой атлетике (Хьюстон, США)."
01512230-f400-4788-bc79-c1262e16b759,2015-11-20,,"боевики, выкрикивая исламистские лозунги, напали на отель в столице Мали Бамако, взяв 170 человек в заложники. Погиб 21 человек, из них 6 граждан России."
01512757-7000-48d8-bb2d-f181706fe77d,2015-11-21,,"детский конкурс Евровидение (София, Болгария)."
01512c7d-7c00-4ae6-9e45-d97ff3b2d4f0,2015-11-22,,Второй тур президентских выборов в Аргентине. Победу одержал кандидат от оппозиции Маурисио Макри.
01512c7d-7c00-4bd2-93da-d33f83c0c8b1,2015-11-22,,"В Мьянме произошёл оползень, погибли более 90 человек."
01512f10-fa00-477f-b115-f22014360ab8,2015-11-22,2015-11-23,второй тур парламентских выборов в Египте.
015136ca-7400-4404-8d2b-e01115520c0b,2015-11-24,,"Президент Турции Эрдоган заявил, что турецкие военные сбили над Сирией российский самолёт Су-24 в связи с нарушением воздушного пространства Турции. В российском Минобороны утверждают, что самолёт летел исключительно над территорией Сирии."
015136ca-7400-4534-b2e1-285b3b80de27,2015-11-24,,В должность премьер-министра Португалии вступил Антониу Кошта.
0151508a-7000-41fa-b420-9b9353b16eb4,2015-11-29,,Парламентские выборы в Приднестровье.
0151508a-7000-42db-9d69-171757856889,2015-11-29,,Всеобщие выборы в Буркина-Фасо. Президентом Буркина-Фасо избран Рок Марк Кристиан Каборе.
01515ffd-7400-467e-8118-ed14f8bd4b27,2015-12-02,,Запущен энергомост в Крым.
01515ffd-7400-4f70-8cf8-0493422f86e5,2015-12-02,,Конституционный суд Испании аннулировал резолюцию парламента Каталонии о провозглашении независимости.
01516523-7000-45c5-b039-33c85f9e7a28,2015-12-03,,"референдум в Дании о оговорках, предусмотренных Эдинбургским соглашением о членстве Дании в ЕС."
01517496-f400-4e9c-808b-0fdbbab46fad,2015-12-06,,Парламентские выборы в Венесуэле.
01517496-f400-41cb-a558-eef6991cf549,2015-12-06,,"Конституционный референдум в Армении о переходе от президентской к парламентской форме правления. За парламентскую форму правления проголосовали 63,35 % избирателей."
0151892f-f400-4e8e-a51f-1da6ca5a86a9,2015-12-10,,На экспериментальном термоядерном реакторе Wendelstein 7-X получена тестовая плазма.
0151892f-f400-4d10-8b45-e62d3aa9d681,2015-12-10,,Вступил в должность новый президент Аргентины Маурисио Макри.
01518e56-7000-4556-9ddb-c9647198e4d1,2015-12-11,,"на Землю вернулся экипаж Союз ТМА-17М в составе Олега Кононенко (Россия), Кимия Юи (Япония) и Челла Линдгрена (США)."
0151a2ef-f000-4d83-98a6-538b8b0c4f3d,2015-12-15,,"Корабль Союз ТМА-19М запущен с экипажем в составе Юрий Маленченко, Тимоти Копра и Тимоти Пик."
0151a2ef-f000-4f03-bde4-01ae48508d7c,2015-12-15,,Начат выпуск карт национальной платёжной системы «Мир».
0151bcaf-fc00-4947-8ba9-0501e983ede7,2015-12-20,,"всеобщие выборы в Испании. Правящая консервативная Народная партия премьера Испании Мариано Рахоя победила, однако не удержала большинство мест в парламенте и была вынуждена формировать коалицию."
0151c6fc-7400-4b5a-a13f-88b5540967e3,2015-12-22,,"В США опубликованы рассекреченные списки целей массированного ядерного удара США по СССР, странам Восточного блока и Китаю 1959 года."
0151c6fc-7400-4dde-a160-6a56b386e8d3,2015-12-22,,"После запуска на орбиту 11 спутников Orbcomm-G2, первая ступень ракеты-носителя Falcon 9 FT впервые в истории космонавтики успешно приземлилась на площадку Посадочной зоны 1."
0151eb08-f800-445e-a0e8-cb5d13b09bcf,2015-12-29,,в должность президента Буркина-Фасо вступил Рок Марк Кристиан Каборе.
0151f02f-7400-4fec-8a43-aeb5fd53d2d2,2015-12-30,,Всеобщие выборы в Центральноафриканской Республике.
0151f02f-7400-4e35-9a20-6f8780307132,2015-12-30,,В должность премьер-министра Грузии вступил Георгий Квирикашвили.
0151f555-f000-4c6c-9c88-715e63dc814f,2015-12-31,,упразднение Международного трибунала по Руанде
0151fa7b-fc00-47e1-b5ed-72db8489cd3a,2016-01-01,,Вступило в силу Соглашение о свободной торговле между Украиной и Европейским союзом.
0151ffa2-7800-4f8f-905a-b4e19266e3ca,2016-01-02,,"в Саудовской Аравии казнён проповедник Нимр ан-Нимр и ещё 46 человек; Иран осудил казнь, в Бахрейне начались массовые протесты."
015204c8-f400-427b-aeab-4349d6a00e83,2016-01-03,,Саудовская Аравия разорвала дипломатические отношения с Ираном.
015209ee-f000-41aa-8f31-3457ea52833f,2016-01-04,,Бахрейн и Судан разорвали дипломатические отношения с Ираном.
01520f15-7c00-4efb-9da6-72fc4caf1547,2016-01-05,,"Руководство Германии признало, что в новогоднюю ночь в Кёльне около 90 женщин подверглось попыткам ограбления и сексуальным домогательствам со стороны толпы мужчин, возможно арабского или африканского происхождения. Подобные происшествия происходили также в Гамбурге и Штутгарте."
01520f15-7c00-416e-87be-6a62aa769a8b,2016-01-05,,В Белоруссии начались протесты против президентского указа № 222.
0152143b-f800-489e-b304-3971de4f05d0,2016-01-06,,"КНДР объявила об успешном испытании водородной бомбы. Службы сейсмического контроля Китая, Японии, США и Южной Кореи зафиксировали землетрясение магнитудой от 4 до 5."
015228d5-7800-446f-80fa-60644d79839b,2016-01-10,,в Лос-Анджелесе прошла 73-я церемония вручения наград «Золотой глобус». Лучшими фильмами были названы «Выживший» и «Марсианин».
01523d6e-f800-4798-9f9d-ce6d40923843,2016-01-14,,Всемирная организация здравоохранения официально заявила об окончании эпидемии Эболы.
01524294-f400-4869-891a-d8cb94a1f069,2016-01-15,,Джимми Моралес вступил в должность президента Гватемалы.
01524294-f400-4181-a5c0-3d0cd07c4035,2016-01-15,,На должность премьер-министра Македонии назначен Эмил Димитриев.
01524528-7200-4d7e-b11d-894d05b2d957,2016-01-15,2016-01-16,в столице Буркина-Фасо Уагадугу группой боевиков были совершены террористические акты. Погибли более 25 человек.
015247bb-7000-4550-8d62-c2a0a1803475,2016-01-16,,парламентские и президентские выборы на Тайване. Президентом избрана представитель оппозиции Цай Инвэнь.
01525c54-f000-4605-b15c-8d481cccdb60,2016-01-20,,В должность премьер-министра Молдовы вступил Павел Филип.
01525c54-f000-42f2-8abd-ad84de27925c,2016-01-20,,Сотрудники Калифорнийского технологического института Майкл Браун и Константин Батыгин объявили об открытии в солнечной системе новой планеты.
015266a1-7800-46d4-9557-89b9b4780625,2016-01-22,,в должности премьер-министра Хорватии утверждён Тихомир Орешкович.
015270ee-7000-482a-aa52-fe532a56cb7b,2016-01-24,,Выборы президента Португалии. Победу одержал Марселу Ребелу ди Соза.
015270ee-7000-4a34-b51c-6355fe09a6b5,2016-01-24,,Протестующие в Кишинёве выдвинули ультиматум властям Молдавии.
01528587-f000-46b4-860f-7d38be2d7b31,2016-01-28,,Бывший президент Кот-д’Ивуара Лоран Гбагбо предстал перед Международным уголовным судом в Гааге по обвинению в преступлениях против человечества.
01528587-f000-405c-b3de-308d2f844c7a,2016-01-28,,Всемирная организация здравоохранения объявила о вспышке вируса Зика.
01528aad-fc00-4061-84b3-c2a5f902fa13,2016-01-29,,в Молдавии предложили провести референдум о выборах президента.
0152b907-7800-4d7a-8508-d56b279a9d16,2016-01-31,2016-02-14,"36-й чемпионат мира по хоккею с мячом (Ульяновск, Димитровград, Россия)."
0152b907-7800-4d21-ad21-dbc113d84475,2016-02-07,,КНДР осуществила запуск ракеты-носителя с искусственным спутником Земли «Кванменсон-4».
0152dfa6-fa00-41f8-89ed-92b16bf00399,2016-02-08,2016-02-21,"чемпионат мира по бобслею и скелетону (Игльс, Австрия)."
0152dfa6-fa00-44c2-9452-458adac0b08a,2016-02-08,2016-02-21,8 — многотысячные протесты мусульманок Боснии против запрета ношения хиджаба.
0152d2c6-f400-474d-bc12-6c3908047b1b,2016-02-10,2016-02-14,"чемпионат мира по конькобежному спорту на отдельных дистанциях (Коломна, Россия)."
0152cda0-f800-43b5-9389-964ec35ed816,2016-02-11,,Новым премьер-министром Латвии стал Марис Кучинскис.
0152cda0-f800-4ff1-852a-e2e37c2323b8,2016-02-11,,Учёные коллабораций LIGO и VIRGO объявили об экспериментальном открытии 14 сентября 2015 года предсказанных Эйнштейном гравитационных волн.
0152d2c6-f400-421a-a7ea-a1246dfb72a1,2016-02-12,,на Кубе состоялась встреча Папы Римского Франциска и Патриарха Московского и всея Руси Кирилла.
0152e9f3-f200-4959-a77b-4ed0120a7cd2,2016-02-12,2016-02-21,II Зимние юношеские Олимпийские игры в Лиллехаммере (Норвегия).
0152dd13-fc00-4000-b092-065a9693992e,2016-02-14,,второй тур президентских выборов в ЦАР. Победу одержал бывший премьер-министр ЦАР Фостен-Арканж Туадера.
0152e760-7400-41c9-bd05-37e8bef928dc,2016-02-16,,"во Флориде в окрестностях залива Пенсакола были найдены следы первого испанского поселения на территории современных США, основанного в 1559 году конкистадором Тристаном де Луна-и-Арельяно."
0152f1ad-7c00-4fbc-b3a8-7ad5b257f25e,2016-02-18,,всеобщие выборы в Уганде. Действующий президент Уганды Йовери Мусевени переизбран на очередной пятилетний срок.
01530120-7000-4224-bcf9-b15560788a1c,2016-02-21,,Первый тур президентских выборов в Нигере.
01530120-7000-4677-b9c9-ec527798b7de,2016-02-21,,Президентские выборы на Коморах (первый тур).
01530646-fc00-48a9-b0e3-a6c37a934760,2016-02-22,,Россия и США подписали проект соглашения о введении режима прекращения огня в Сирии с 27 февраля.
015315b9-f000-496e-b74d-a91f4765884e,2016-02-25,,"на расположенной в посёлке Северный шахте «Северная» компании «Воркутауголь» зафиксирован горный удар. В аварии погибли 36 человек, среди которых как шахтёры, так и спасатели."
01531adf-fc00-406e-93b3-8e6379b5350b,2016-02-26,,Парламентские выборы в Иране (первый тур).
01531adf-fc00-44f3-b77e-5e362405de52,2016-02-26,,Парламентские выборы в Ирландии.
01532299-f600-4c2a-b0de-e4f0d9fa5ac9,2016-02-27,2016-02-28,"чемпионат мира по конькобежному спорту в спринтерском многоборье (Сеул, Южная Корея)."
0153252c-f400-401a-a24b-d348b273c4fe,2016-02-28,,"в Лос-Анджелесе прошла 88-я церемония вручения наград «Оскар». В актёрских номинациях победили Леонардо Ди Каприо («Выживший») и Бри Ларсон («Комната»), а лучшим фильмом признан «В центре внимания» Томаса Маккарти."
0153349f-f800-42d5-8d60-d28dea860491,2016-03-02,,"экипаж МКС в составе Скотта Келли, Михаила Корниенко и Сергея Волкова вернулся на Землю."
01535385-f000-480d-8315-b63b93224f07,2016-03-03,2016-03-13,"чемпионат мира по биатлону (Хольменколлен, Норвегия)."
01534412-fc00-4e39-b79b-660efb79b9e4,2016-03-05,,парламентские выборы в Словакии.
015346a6-7a00-48f8-9bb2-a879a148d6c5,2016-03-05,2016-03-06,"чемпионат мира по конькобежному спорту в классическом многоборье (Берлин, Германия)."
01534939-7800-4099-af2e-53a2dfa9f053,2016-03-06,,первый тур президентских выборов в Бенине. Во второй тур вышли: действующий премьер-министр Лионель Зинсу и независимый кандидат Патрис Талон.
015358ac-7c00-4b32-9fd2-fd8bc6b1e1dd,2016-03-09,,в должность президента Португалии вступил Марселу Ребелу Ди Соза.
015362f9-7400-4e9b-82ef-e714080e9b8a,2016-03-11,,вступил в должность президент Кирибати Танети Маамау.
0153681f-7000-41ee-8766-6afe702f2efd,2016-03-11,2016-03-13,"чемпионат мира по шорт-треку (Сеул, Южная Корея)."
0153726c-7800-4e29-894d-380532088df9,2016-03-14,,В рамках программы «Аврора» с космодрома Байконур запущена марсианская орбитальная станция «ЭкзоМарс» для поиска следов жизни.
0153726c-7800-4978-a035-b9943b418416,2016-03-14,,Парламент Мьянмы избрал президентом страны Тхин Чжо.
01537792-7400-4129-a54a-f31d921a746c,2016-03-15,,Россия начала вывод воинской группировки из Сирии.
01538c2b-f400-4ada-97db-1748cddfe2bb,2016-03-19,,"Запущен космический корабль «Союз ТМА-20М» с экипажем в составе: Алексей Овчинин, Олег Скрипочка, Джеффри Уильямс."
01538c2b-f400-4fba-b16d-3eebbad05eb4,2016-03-19,,В результате крушения Boeing 737 в Ростове-на-Дону погибли 62 человека.
01539152-7000-480b-b690-b9eab85ad914,2016-03-20,,Внеочередные парламентские выборы в Казахстане.
01539152-7000-40a5-aa5f-6998f82451d9,2016-03-20,,Президентские выборы в Конго. Действующий президент Дени Сассу-Нгессо переизбран на новый семилетний срок.
01539152-7000-4afc-866c-fea0183a2e3b,2016-03-20,,Парламентские выборы в Лаосе.
01539152-7000-4ac5-b695-e792cc4a0cca,2016-03-20,,Президентские выборы в Бенине (второй тур). Победу одержал независимый кандидат Патрис Талон.
01539152-7000-4b52-80cb-6840a348109d,2016-03-20,,Второй тур президентских выборов в Нигере.
01539b9e-f800-466f-ab04-be478c532902,2016-03-22,,"взрывы в брюссельском аэропорту и брюссельском метрополитене на станции Малбек. Погибли 38 человек (35 жертв, 3 преступника), более 340 ранены. Ответственность за произошедшее взяла на себя организация «Исламское государство»."
0153b038-7800-4151-b7ce-e1c34dc27a72,2016-03-26,,сирийская армия освободила Пальмиру от террористов ИГИЛ.
0153b55e-f400-4893-a8f5-ce6323431d67,2016-03-27,,"в Лахоре (Пакистан, провинция Пенджаб) террорист-смертник подорвал себя. Погибли 72 человека, свыше 300 ранены."
0153c9f8-7400-4c0f-bab3-ba670d373a70,2016-03-28,2016-04-03,"чемпионат мира по фигурному катанию (Бостон, США)."
0153c4d1-f800-41f3-9333-56b7b42c8c2c,2016-03-30,,В должность президента ЦАР вступил Фостен-Арканж Туадера.
0153c4d1-f800-4c36-89aa-213488fda31d,2016-03-30,,В должность президента Мьянмы вступил Тхин Чжо.
0153c9f8-7400-43ad-80d6-d30a4905f22a,2016-03-31,,во Франции началось социальное движение Ночное стояние.
0153d444-fc00-491a-ad60-88975e86f382,2016-04-02,,Столкновения в Нагорном Карабахе между вооружёнными силами Армении и непризнанной Нагорно-Карабахской Республики (НКР) с одной стороны и Азербайджана.
0153d444-fc00-4b7d-a648-9ca811b4666a,2016-04-02,,Генерал Чан Дай Куанг утверждён новым президентом Вьетнама на сессии парламента.
0153f32b-7400-4511-a39f-a24e24736b5f,2016-04-08,,президентские выборы в Джибути. Действующий президент Исмаил Омар Гелле переизбран на новый срок.
0153f32b-7400-4414-b0d7-442d12b4a038,2016-04-08,,"в рамках миссии SpaceX CRS-8, первая ступень ракеты Falcon 9 FT впервые в истории ракетостроения успешно приземлилась на морскую платформу «Of Course I Still Love You»."
0153fd77-fc00-4e8e-a6b0-d03a24c86433,2016-04-10,,президентские выборы на Коморах (второй тур). Победу одержал Азали Ассумани.
01540cea-f000-4927-9469-3b437dc98584,2016-04-13,,Выборы в Национальное собрание в Южной Корее. Победу одержала оппозиционная партия Новый политический альянс за демократию.
01540cea-f000-44cd-a8ae-c91150e3057f,2016-04-13,,Парламентские выборы в Сирии.
015419ca-f600-4623-923b-530de873f79e,2016-04-14,2016-04-17,"в Японии на острове Кюсю произошли землетрясения магнитудой от 6,5 до 7,3 Mw. 49 человек погибли, 11 пропали без вести, ранены около 1100 человек."
01541c5d-f400-4aa8-820e-6c327928ccd4,2016-04-16,,"в Эквадоре произошло землетрясение магнитудой 7,8 Mw. Погибли 660 человек, 32 пропали без вести, 51 376 ранены."
01542bd1-7800-4620-a0fc-42741cc79875,2016-04-19,,"Бои под Майорском: На северных окраинах Горловки произошли столкновения ВС Украины и ВС ДНР. Потери Украины — 3 военнослужащих погибло, двое ранено. Потери сепаратистов неизвестны."
01544590-f400-4454-805b-fd88d2e68bcb,2016-04-24,,"Внеочередные парламентские выборы в Сербии. По предварительным данным, победу одержала Сербская прогрессивная партия."
01544590-f400-478b-a8dc-47fe0002b1b3,2016-04-24,,Президентские выборы в Австрии.
01544590-f400-495f-8c30-d4a94cbe7601,2016-04-24,,Президентские выборы в Экваториальной Гвинее.
01545a2a-7400-49ab-9470-b6a3ae845abb,2016-04-28,,"в 05:01 мск со строящегося космодрома «Восточный» в Амурской области состоялся первый успешный пуск ракеты-носителя «Союз-2.1а» с космическими аппаратами «Ломоносов», «Аист-2Д» и «СамСат-218»."
01545f50-f000-44a1-b984-4e9f1d0b1cf0,2016-04-29,,парламентские выборы в Иране (второй тур).
0154ac90-7400-4886-9040-5d1e38375a47,2016-05-06,2016-05-22,"чемпионат мира по хоккею с шайбой (Москва, Санкт-Петербург, Россия). Чемпионом мира стала сборная Канады."
015492d0-7800-4eb6-9a65-5492863f1841,2016-05-09,,"всеобщие выборы на Филиппинах. По предварительным данным, на пост президента лидирует Родриго Дутерте."
0154a243-7c00-4b12-9a21-8a28e03e39f1,2016-05-10,2016-05-14,"61-й конкурс песни «Евровидение» (Стокгольм, Швеция). Победу одержала Джамала (Украина) с песней «1944»."
0154a243-7c00-4506-bb83-881d488e75d0,2016-05-12,,"парламент Бразилии начал процедуру импичмента против президента Дилмы Русеф, отстранив её от должности на шесть месяцев. Исполняющим обязанности президента стал Мишел Мигель Элиас Темер Лулиа."
0154bc03-7800-49b2-b5d8-6ed58307f65a,2016-05-17,,новым федеральным канцлером Австрии стал Кристиан Керн.
0154c64f-f000-4cb7-bff8-4b40c7a019cf,2016-05-19,,над Средиземным морем произошло крушение Airbus A320 рейса MS804 Париж — Каир. Погибло 66 человек
0154c64f-f000-41ba-aa2f-088cdc010d53,2016-05-19,,Верховная рада Украины в рамках процесса декоммунизации переименовала город Днепропетровск в Днепр. Решение вступило в силу 3 июня.
0154c8e2-fe00-40fe-998d-7b09ba561882,2016-05-19,2016-05-20,3-й Саммит Россия—АСЕАН в Сочи (Россия).
0154dae9-7000-4e9d-9331-2ac568c00ca1,2016-05-19,2016-05-27,"чемпионат мира по боксу среди женщин (Астана, Казахстан)."
0154d5c2-f400-44d7-99e9-7fc8ed65653a,2016-05-22,,Парламентские выборы в Республике Кипр.
0154d5c2-f400-4eeb-bfaf-026e05dfd7a0,2016-05-22,,Конституционный референдум в Таджикистане о бессрочных полномочиях президента Эмомали Рахмона.
0154d5c2-f400-43d5-a286-162ec491785a,2016-05-22,,Второй тур выборов президента Австрии. Победу одержал кандидат от Партии зелёных Александр ван дер Беллен. Незадолго до вступления в должность результаты выборов были аннулированы.
0154d5c2-f400-4930-8896-0405341c7486,2016-05-22,,Выборы в Национальное собрание Вьетнама.
0154ea5c-7400-410e-8cbb-16a35aa8d707,2016-05-26,,Азали Ассумани вступил в должность президента Комор.
0154ecef-f200-4c18-9f76-cdcd18a65b44,2016-05-26,2016-05-27,"саммит G7 (Токио, Япония)."
01551ddb-fc00-4986-b3b7-3002340156f0,2016-06-05,,"В городе Актобе (Казахстан) произошёл захват оружейных магазинов и воинской части. В результате перестрелки 7 человек погибли, 38 человек ранены, 13 террористов были уничтожены."
01551ddb-fc00-4844-8235-ef5d5f1e6232,2016-06-05,,Второй тур президентских выборов в Перу. Победу одержал Педро Кучински.
015541e8-7000-4609-8073-a935e8587bea,2016-06-12,,Массовое убийство в гей-клубе в Орландо стало крупнейшим по числу жертв. 49 погибших 50 ранено
015560ce-f800-45fc-936c-7758226f32bb,2016-06-18,,"Экипаж МКС в составе Юрия Маленченко, Тимоти Копра и Тимоти Пика вернулся с МКС на Землю."
015560ce-f800-480c-9dad-3388fb3e26ed,2016-06-18,,Гибель 14 школьников на Сямозере (Карелия).
01557d21-f200-4f50-83bd-55537a88916c,2016-06-20,2016-06-27,Православный собор на греческом острове Крит (Собор части Поместных Православных церквей).
01557a8e-7400-4527-9ecf-d57cc1326ede,2016-06-23,,референдум о членстве Великобритании в Европейском союзе. Победу одержали сторонники выхода.
01557d21-f200-4603-86c9-209b9ef14a5a,2016-06-23,2016-06-24,встреча глав государств-членов ШОС в Ташкенте.
01558c94-f600-46df-a991-a7a7f1749397,2016-06-23,2016-06-30,38-й Московский международный кинофестиваль.
015584db-7c00-440d-a00b-cccd827d484d,2016-06-25,,выборы президента Исландии. Победу одержал Гудни Йоханнессон.
01558a01-7800-4818-80a8-c6c119fdd7d8,2016-06-26,,досрочные парламентские выборы в Испании. Победу одержала ведущая Народная партия.
0155944e-7000-40dc-bb62-dcdcebd642e2,2016-06-28,,произошёл теракт в аэропорту имени Ататюрка в крупнейшем европейском городе Стамбул (Турция). Погибло более 40 человек.
01559974-fc00-496f-b9f1-c48186e976b2,2016-06-29,,парламентские выборы в Монголии. В Великий государственный хурал с огромным преимуществом победила оппозиционная Монгольская народная партия.
01559974-fc00-4cba-a2d5-4f4074fb3a6b,2016-06-29,,"создан Государственный совет КНДР, председателем назначен вождь Северной Кореи Ким Чен Ын."
01559e9a-f800-43b5-bde2-f10125b30a2d,2016-06-30,,в должность президента Филиппин вступил Родриго Дутерте Роа.
0155a3c1-7400-451d-9df4-2a4c28102a5e,2016-07-01,,деноминация белорусского рубля.
015617a0-7a00-4d46-b5a7-21febaa6f41e,2016-07-01,2016-08-15,всероссийская сельскохозяйственная перепись.
0155a8e7-f000-49ef-ac47-45f1cd9d71b0,2016-07-02,,"парламентские выборы в Австралии, которые не выявили победителя."
0155ae0d-fc00-4ea7-9345-a9ec9db45736,2016-07-03,,в результате двух взрывов в столице Ирака Багдаде погибли около 300 человек.
0155b334-7800-46d5-bddc-c0d846d29b1a,2016-07-04,,"автоматическая межпланетная станция НАСА «Юнона», запущенная 5 августа 2011 года, вышла на полярную орбиту Юпитера для изучения магнитного поля планеты."
0155c2a7-7c00-4511-82d5-54ded804cdcb,2016-07-07,,"стартовал пилотируемый космический корабль «Союз МС-01» с экипажем в составе: Анатолия Иванишина, Такую Ониси, Кэтлин Рубенс. Через два дня космонавты приступили к работе на МКС."
0155c7cd-f800-4e9d-9c41-ac32f9e736ca,2016-07-08,,В Сирии погиб российский экипаж боевого вертолёта Ми-25 в составе: Ряфагать Хабибулин и Евгений Долгин. Командованием российские военные лётчики представлены к государственным наградам.
0155c7cd-f800-43a9-b309-004f3810a31b,2016-07-08,,"В Джубе (Южный Судан) произошли массовые беспорядки, в ходе которых погибли более 270 человек."
0155ca60-f600-4b10-b730-7d454f3237bd,2016-07-08,2016-07-09,саммит NATO в Варшаве (Польша).
0155e18d-f400-4412-b616-c624ac310129,2016-07-13,,премьер-министр Великобритании Дэвид Кэмерон ушёл в отставку. Премьер-министром Великобритании назначена Тереза Мэй.
0155e6b3-f000-4882-86d0-295bb3ef66b3,2016-07-14,,"в Ницце (Франция) во время празднования Дня взятия Бастилии террорист на большегрузном автомобиле протаранил толпы людей, погибли 85 человек, около 200 получили ранения."
0155ee6d-7a00-4dd3-938e-e7353cf718ef,2016-07-15,2016-07-16,"в Турции произошла неудачная попытка госпереворота; погибли 294, ранены 1440 человек."
0155f100-f800-468b-9aa2-01aa60fcd017,2016-07-16,,для пресечения трансляции интервью находящегося в США подозреваемого в причастности к попытке госпереворота в Турции религиозного лидера Фатуллаха Гюлена временно прекращено вещание азербайджанского телеканала ANS (Azerbaijan News Services).
0155f627-7400-47c1-96be-2bb3212e531c,2016-07-17,,состоялся первый тур президентских выборов в Сан-Томе и Принсипи.
0156150d-7c00-4eed-b8b7-1a422327cb15,2016-07-23,,"Российский путешественник Фёдор Конюхов установил рекорд скорости кругосветного перелёта на воздушном шаре, совершив его чуть более чем за 11 дней, и побил рекорд американца Стива Фоссета, облетевшего мир на воздушном шаре за 13 дней."
0156150d-7c00-4de1-b529-fcf19503774a,2016-07-23,,"В Кабуле (Афганистан) во время митинга прогремел взрыв, погибли около 80 человек."
01561a33-f800-4eba-bbf0-24b00cb9ac98,2016-07-24,,в результате наводнения в провинциях Хэбэй и Хэнань (КНР) погибли более 150 человек.
015629a6-fc00-4ae4-85f7-2988637aeba5,2016-07-27,,"в Киеве завершился Всеукраинский Крестный ход мира, любви и молитвы за Украину, который начался в Святогорской лавре на востоке страны 3 июля, а на западе Украины — 9 июля в Почаевской лавре."
01562ecc-f800-4522-b99d-734ca4dabd51,2016-07-28,,Крымский федеральный округ вошёл в состав Южного федерального округа России.
01562ecc-f800-4ede-862e-d47be4888f34,2016-07-28,,В должность президента Перу вступил Педро Пабло Кучински.
01568132-f800-4249-b08e-902e6ed1796b,2016-08-05,2016-08-21,"XXXI летние Олимпийские игры (Рио-де-Жанейро, Бразилия)."
0156624c-f000-4ea4-8dde-08d85160ed9a,2016-08-07,,по результатам референдума принята новая конституция Таиланда.
01567c0c-7c00-4a64-a6fb-d26206a61499,2016-08-12,,"в Таиланде прогремели не менее 14 взрывов, погибли 4 человека, 27 ранены."
01568132-f800-4993-83d8-5a05312b3f3b,2016-08-13,,в Демократической Республике Конго в результате массового убийства в городе Бени погибло более 45 человек.
0156b9d8-fc00-4913-8ed2-9495ddc8f8a7,2016-08-24,,"в итальянской провинции Риети произошло землетрясение, погибли более 250 человек."
0156c94b-f000-45c0-bbf4-dc7a03bf5413,2016-08-27,,новым премьер-министром в Тунисе стал Юсеф Чахед.
0156d398-7800-4d09-b0f9-aa51532155e7,2016-08-29,,"теракт в йеменском городе Аден, жертвами которого стало более 65 человек."
0156dde5-7000-4061-864a-25abbc9e30d5,2016-08-31,,в Бразилии объявлен импичмент президенту Дилме Руссефф. Обязанности президента страны возложены на Мишела Темера.
01570484-f200-4306-b81b-3684e82209bf,2016-09-01,2016-09-14,42-я Всемирная шахматная олимпиада в Баку (Азербайджан).
0156e831-f800-4b2a-9937-869bb5e8a819,2016-09-02,,скончался Президент Республики Узбекистан Ислам Абдуганиевич Каримов.
0156eac5-7600-443e-b185-ead6373e3e71,2016-09-02,2016-09-03,"Восточный экономический форум (Владивосток, Россия)."
0156fa38-7a00-4761-a76d-5ff971d60264,2016-09-03,2016-09-08,"вторые Всемирные игры кочевников (Чолпон-Ата, Кыргызстан)."
0156f27e-f000-4d1f-92d0-413577fc64e8,2016-09-04,,поджог телеканала «Интер» в Киеве.
0156f511-fe00-4328-b536-e6958135ae87,2016-09-04,2016-09-05,"саммит G20 (Ханчжоу, КНР)."
015701f1-f400-4b27-87ba-0dd9d2769d51,2016-09-07,,"экипаж корабля Союз ТМА-20М в составе Алексея Овчинина, Олега Скрипочки и Джеффри Уильямса вернулся с МКС на Землю."
01571e44-fe00-48f1-b945-c809558bd352,2016-09-07,2016-09-18,"Паралимпийские игры (Рио-де-Жанейро, Бразилия)."
01570718-7000-46d3-aea3-67d9d0fc67b4,2016-09-08,,премьер-министром Казахстана стал Бакытжан Сагинтаев.
01571164-f800-40a8-bee1-7210719e785a,2016-09-10,,открытие в Москве пассажирского движения по Малому кольцу Московской железной дороги.
0157168b-7400-4a7d-b59f-383456033b6f,2016-09-11,,парламентские выборы в Белоруссии.
015720d7-fc00-464e-9131-575658ff0600,2016-09-13,,премьер-министром Армении стал Карен Карапетян.
01572b24-f400-47bf-85de-bacbcd67dd77,2016-09-15,,в КНР запущена очередная космическая станция «Тяньгун-2».
0157304a-f000-4b06-8d39-13868b4ab6c3,2016-09-16,,саммит СНГ в Бишкеке.
0157597d-f000-4c2f-8bc3-f8f0643a76e3,2016-09-17,2016-10-01,"Кубок мира по хоккею с шайбой (Торонто, Канада)."
01573a97-f800-4197-924f-97e59373deff,2016-09-18,,"выборы в Государственную думу Российской Федерации, единый день голосования в России."
01575ea4-7c00-47d3-84fe-6a36303831ef,2016-09-25,,в Китае введён в эксплуатацию крупнейший в мире радиотелескоп с заполненной апертурой FAST.
015763ca-f800-4c32-beaa-5a93b52057ea,2016-09-26,,Референдум по изменению конституции Азербайджана.
015763ca-f800-4304-9ebd-3f74e25c0704,2016-09-26,,Подписан договор о прекращении огня между правительством Колумбии и повстанцами. Фактическое завершение гражданской войны в Колумбии.
015775d0-fa00-44fd-bd71-b28f22ddfca3,2016-09-27,2016-10-02,"чемпионат мира по стрельбе из лука в поле (Дублин, Ирландия)."
01577d8a-7400-45d7-a2b2-f2e9fd870a55,2016-10-01,,прекращение выдачи внутренних бумажных паспортов на Украине и выдача только ID-карточек.
015787d7-7c00-42f8-8adb-48b65c04d17e,2016-10-03,,президентские выборы в Эстонии. На пост президента избрана Керсти Кальюлайд.
01578a6a-7a00-443e-a73f-2b5832b83a29,2016-10-03,2016-10-04,"XIII Форум межрегионального сотрудничества Казахстана и России (Астана, Казахстан)."
01579c70-7c00-427a-880c-510f51d3f646,2016-10-07,,парламентские выборы в Марокко. Победу одержала умеренная исламистская Партия справедливости и развития.
0157a196-f800-4b4a-a14d-51d98f315801,2016-10-08,,"парламентские выборы в Грузии. Большинство голосов набрала Грузинская мечта — Демократическая Грузия, второй по количеству голосов стала партия «Единое национальное движение»."
0157a6bd-7400-4955-82b7-d0e7724845d3,2016-10-09,,парламентские выборы в Литве.
0157bb56-f400-490a-98ce-32df2cba3b72,2016-10-13,,скончался корольТаиланда Рама IX Пхумипон Адульядет.
0157c5a3-7c00-467c-85d0-d13cecfa0589,2016-10-15,,Впервые был официально реализован Windows Server 2016
0157cac9-f800-4fcc-844a-9b9172081a26,2016-10-16,,"Парламентские выборы в Черногории. По предварительным данным, победу одержала правящая Демократическая партия социалистов."
0157cac9-f800-4ffd-a17d-3a6995984e41,2016-10-16,,Эмир Кувейта распустил парламент страны.
0157cac9-f800-4bbf-9275-76140379077a,2016-10-16,,Пилотируемый космический корабль КНР «Шэньчжоу-11» с двумя тайкунавтами на борту Цзин Хайпэн и Чэнь Дун успешно запущен. Через два дня корабль состыковался со станцией «Тяньгун-2» и тайкунавты приступили к работе.
0157da3c-fc00-42a7-b57c-6a805b30b243,2016-10-19,,"C космодрома Байконур произведён пуск ракеты-носителя «Союз-ФГ» с пилотируемым кораблём «Союз МС-02» в составе Сергея Рыжикова, Андрея Борисенко (Россия) и Роберта Кимбро (США). Через два дня корабль состыковался с «МКС» и космонавты приступили к работе на станции."
0157da3c-fc00-4acf-9c25-37b526ef6155,2016-10-19,,В должность премьер-министра Хорватии вступил Андрей Пленкович.
0157da3c-fc00-4e05-8de4-73b4ec231fca,2016-10-19,,В Берлине состоялось заседание Нормандской четвёрки.
01580dbc-7400-4d73-b856-0c565387926c,2016-10-29,,досрочные парламентские выборы в Исландии.
015812e2-f000-4567-9edb-fe3490b0086d,2016-10-30,,"Транспортный пилотируемый корабль «Союз МС-01», отстыковался от Международной космической станции, экипаж в составе Анатолия Иванишина, Такуя Ониси и Кэтлин Рубинс приземлился в спускаемом аппарате."
015812e2-f000-4119-afa9-c6f50144225d,2016-10-30,,Выборы президента Молдавии. Во второй тур вышли лидер партии социалистов Игорь Додон и кандидат от правой оппозиции Майя Санду.
01581809-7c00-4b78-977d-0a36bd8ee1ef,2016-10-31,,президентские выборы в Ливане. Президентом избран Мишель Аун.
015831c8-f800-4d42-8452-eb90641e0f0a,2016-11-05,,в Сеуле прошла манифестация с требованием отставки президента Южной Кореи Пак Кын Хе.
015836ef-7400-4544-83ed-703527fa2ec2,2016-11-06,,1-й тур президентских выборов в Болгарии. Во второй тур вышли оппозиционный кандидат Румен Радев и кандидат от правящей партии ГЕРБ Цецка Цачева.
015836ef-7400-4b8a-8b8e-730007ef8f09,2016-11-06,,Всеобщие выборы в Никарагуа. Президентом страны избран действующий президент Даниэль Ортега.
0158413b-fc00-44f0-a27d-bba2ddc7eb38,2016-11-08,,"выборы президента, всех членов Палаты представителей и трети сенаторов США. На президентских выборах победу одержал республиканец Дональд Трамп."
0158819b-7a00-44c8-a4de-ffec5f49ce9f,2016-11-11,2016-11-30,"матч за звание чемпиона мира по шахматам между действующим чемпионом мира Магнусом Карлсеном (Норвегия) и претендентом Сергеем Карякиным (Россия) (Нью-Йорк, США). Магнус Карлсен отстоял титул чемпиона мира."
01585afb-f800-4f3b-bb6e-e7c4815040f2,2016-11-13,,Второй тур выборов президента Молдавии. Победу одержал лидер социалистов Игорь Додон.
01585afb-f800-4750-9038-d23d7fe27052,2016-11-13,,2-й тур президентских выборов в Болгарии. Победу одержал лидер социалистов Румен Радев.
01586f95-7800-45a2-bb8a-0a4d143d4644,2016-11-17,,"с космодрома Байконур запущен космический корабль «Союз МС-03» с экипажем в составе Олега Новицкого, Тома Песке и Пегги Уитсон."
01587f08-7c00-4a60-8f39-9df74fff34c0,2016-11-20,,президентские выборы в Республике Гаити. Победу одержал представитель правящей партии Жовенель Моиз.
01589dee-7400-4cb1-ab8c-84d77a4dca85,2016-11-26,,новым премьер-министром Эстонии стал Юри Ратас.
0158a83b-7c00-457a-ba69-0986afd470e1,2016-11-28,,"в Колумбии разбился самолёт с футболистами бразильской команды Шапекоэнсе. Погибли 76 человек, 5 человек ранены."
0158b7ae-7000-45dd-b92d-add0e95a52e8,2016-12-01,,президентские выборы в Гамбии; победу одержал оппозиционный кандидат Адама Бэрроу.
0158ba41-7e00-4cb1-866b-8b6d2cd58222,2016-12-01,2016-12-02,"второй форум малого и среднего бизнеса стран-участниц ШОС и БРИКС (Уфа, Россия)."
0158c721-7400-42a1-8dd1-a33b9d985314,2016-12-04,,Внеочередные президентские выборы в Узбекистане. Новым президентом страны стал Шавкат Мирзиёев.
0158c721-7400-4359-b47f-6f1081137b74,2016-12-04,,III тур президентских выборов в Австрии. Победу одержал кандидат от Партии зелёных Александр ван дер Беллен.
0158c721-7400-4545-9fbf-9210b2bef5a8,2016-12-04,,Конституционный референдум в Италии.
0158d16e-7c00-4107-b92e-1fd4d5a8b5bb,2016-12-06,,новым премьер-министром Франции стал Бернар Казнёв.
0158de4d-f200-471b-86d6-81996ab89e40,2016-12-06,2016-12-11,"чемпионат мира по плаванию на короткой воде (Уинсор, Канада)."
0158e607-7c00-4026-aaf3-e7642bd99c70,2016-12-10,,"в центре Стамбула (Турция) произошло два взрыва, в результате которых погибли 44 человека, ранено около 200."
0158eb2d-f800-468d-9074-7906122e8b3b,2016-12-11,,Выборы президента Приднестровья. Победу одержал спикер парламента Вадим Красносельский.
0158eb2d-f800-4244-9fff-3c7015fdbe98,2016-12-11,,Референдум по изменению конституции Кыргызстана.
0158eb2d-f800-4810-8f52-27a6f1bd14fa,2016-12-11,,"В результате взрыва внутри коптского собора в Каире погибли 28 человек, 70 человек получили ранения."
0158eb2d-f800-4356-91cc-71d5a75dc1ee,2016-12-11,,Досрочные парламентские выборы в Македонии.
0158eb2d-f800-4fe5-8fc8-8ed1439984db,2016-12-11,,"Парламентские выборы в Румынии. По предварительным данным, победу одержала Социал-демократическая партия."
0158eb2d-f800-4201-b4bc-7c948e37ca82,2016-12-11,,"В результате взрыва в Могадишо (Сомали) погибли 29 человек, 48 человек пострадало."
0158f054-7400-4baf-abfc-ca29d6eefc4f,2016-12-12,,Новым премьер-министром Новой Зеландии стал Билл Инглиш.
0158f054-7400-41b0-9dbe-80376ea924b4,2016-12-12,,Новым председателем совета министров Италии стал Паоло Джентилони.
0158f57a-f000-483c-8e5a-7c4b14ba1985,2016-12-13,,в должность вступил новый Верховный правитель Малайзии Мухаммад V Фарис Петра.
0158faa0-fc00-4b5d-9ef2-af684bfa4452,2016-12-14,,В должность президента Узбекистана вступил премьер-министр страны Шавкат Мирзиёев.
0158faa0-fc00-46e8-9d2e-423027b3cecf,2016-12-14,,Новым премьер-министром Узбекистана стал Абдулла Арипов.
015911cd-fa00-45bc-8f97-de78fc1ff7c5,2016-12-14,2016-12-23,в результате протестов в Демократической Республике Конго погибли более 40 человек.
015904ed-f400-437a-bd9d-67136e2b885e,2016-12-16,,вступил в должность новый президент Приднестровья Вадим Красносельский. Пост премьер-министра Приднестровья занял Александр Мартынов.
01590f3a-7c00-4d80-9f1b-39d443d58726,2016-12-18,,19-летняя представительница Пуэрто-Рико Стефани дель Валье стала победительницей конкурса Мисс мира 2016.
01591460-f800-4b7b-80c4-40a29d431510,2016-12-19,,"Теракт в Берлине (Германия). Грузовик врезался в толпу на Рождественской ярмарке в Западном Берлине. Погибли 12 человек, 53 получили ранения. Ответственность за нападение взяла на себя группировка «Исламское государство»."
01591460-f800-4729-a189-daab314cf441,2016-12-19,,В Анкаре (Турция) застрелен чрезвычайный и полномочный посол Российской Федерации в Турции Андрей Карлов.
015928fa-7800-4f53-b69b-c3c8750a5928,2016-12-23,,в должность президента Молдовы вступил Игорь Додон.
01593346-f000-4eeb-af68-0e16203a5807,2016-12-25,,"после взлёта из аэропорта Сочи (Россия) потерпел катастрофу самолёт ТУ-154. Погибли 92 человека, включая 84 пассажиров и 8 членов экипажа. Среди погибших были артисты Дважды Краснознамённого ансамбля песни и пляски Российской Армии имени А. В. Александрова, общественный деятель Елизавета Глинка и журналисты."
01595753-7400-4a0c-9685-1ea6cef373ed,2017-01-01,,Вступил в должность 9-й генеральный секретарь ООН Антониу Гутерреш.
01595753-7400-4ff6-a4d7-c33beecf655c,2017-01-01,,Кыргызстан ввёл в обращение новые банкноты.
01595753-7400-4701-8214-f961e52671bf,2017-01-01,,"В результате нападения на ночной клуб «Reina» в Стамбуле в новогоднюю ночь погибли 39 человек, 69 человек получили ранения."
01595753-7400-44fd-9ce8-b403d8f45587,2017-01-01,,Дорис Лойтхард вступила в должность президента Швейцарии.
015966c6-7800-4a1d-9806-c6fdbf23a1fd,2017-01-04,,новым главой правительства Румынии стал Сорин Гриндяну.
01597639-fc00-4e8e-91f3-2e2f73f121cf,2017-01-07,,вступил в должность президент Ганы Нана Акуфо-Аддо.
015985ac-f000-4d0e-95c3-0b7e78d2ca38,2017-01-10,,"в результате двойного теракта возле зданий парламента Афганистана в Кабуле погибли около 50 человек, ранены около 45."
0159b92c-7800-4136-ad7d-607834d274f3,2017-01-11,2017-01-29,чемпионат мира по гандболу во Франции.
0159a492-f800-43f9-b38f-b39a4b90577c,2017-01-16,,в Бишкеке (Кыргызстан) грузовой самолёт Boeing-747 рухнул на посёлок Дача-Суу. Погибли 37 человек.
0159aedf-f000-46a3-9c85-71705400e4b8,2017-01-18,,ЦРУ обнародовало рассекреченные документы о холодной войне и НЛО.
0159aedf-f000-4552-b6ed-68d8435110c1,2017-01-18,,"В итальянских областях Лацио, Абруцци и Марке в течение нескольких часов произошли четыре сильных землетрясения магнитудой до 5,7. 29 человек погибли под завалами после схода снежной лавины на отель «Ригопьяно» в области Абруцци."
0159e785-7400-456e-af70-aeda0e854c50,2017-01-18,2017-02-09,протесты в Румынии.
0159b92c-7800-48f5-8cd2-1bf6dc8ba3d9,2017-01-20,,Дональд Трамп вступил в должность президента США на один четырёхлетний срок с завершением президентства Барака Обамы.
0159be52-f400-479d-9837-99f6d462ec89,2017-01-21,,"Яйя Джамме согласился оставить пост президента Гамбии, в должность вступил Адама Бэрроу."
0159c378-f000-4689-9f9e-8366de80bf2f,2017-01-22,,"Саммит министров сельского хозяйства G20 в Берлине, Германия."
0159c378-f000-4cd1-99cb-92a31a6a36fe,2017-01-22,,Румен Радев вступил в должность президента Болгарии.
0159ecab-f000-44b9-b36d-67663f42887a,2017-01-24,2017-02-05,чемпионат мира по хоккею с мячом в Швеции.
0159d812-7000-4f35-9940-92425b7df22b,2017-01-26,,Александр Ван дер Беллен вступил в должность президента Австрии.
0159dd38-fc00-4497-ab62-8db68471c4ec,2017-01-27,,близ города Рутшуру (ДР Конго) потерпели крушение два вертолёта Ми-24.
015a0145-7000-4361-8151-5a9bf9a53364,2017-01-29,2017-02-08,"зимняя Универсиада (Алма-Ата, Казахстан)."
015a15de-f000-4f83-bdb6-c699e8741e45,2017-02-07,,В американском штате Калифорния после сильных дождей началось разрушение самой высокой в США плотины на озере Оровилл. В Калифорнии объявлена эвакуация населения. Под угрозой — почти 200 тысяч человек.
015a15de-f000-44a2-bac4-6df74377555a,2017-02-07,,Жовенель Моиз вступил в должность президента Гаити.
015a1b05-7c00-47ba-99a0-8d42032eda97,2017-02-08,,президентские выборы в Сомали. Избран Мохамед Абдуллахи Мохамед.
015a2f9e-7c00-4905-804e-73dfa3349428,2017-02-12,,Президентские выборы в Туркменистане. Президентом в третий раз избран Гурбангулы Бердымухамедов.
015a2f9e-7c00-42b4-b5d9-e8b6012dc37e,2017-02-12,,Президентские выборы в Германии. Избран Франк-Вальтер Штайнмайер.
015a34c4-f800-4aee-955c-901a6530b5b6,2017-02-13,,Вынужденная отставка Майкла Флинна с поста советника президента США по национальной безопасности.
015a34c4-f800-4256-bff8-42bb9fadc3b6,2017-02-13,,"Убийство Ким Чен Нама в Куала-Лумпуре, вызвавшее острый кризис в отношениях Малайзии с КНДР."
015a65b1-7200-4567-819e-af884bc1447e,2017-02-19,2017-02-26,"VIII Зимние Азиатские игры в Саппоро, Япония."
015a7cdd-f000-4a68-9579-c156b3d635f0,2017-02-27,,энергоблок № 6 Нововоронежской АЭС-2 введён в промышленную эксплуатацию.
015aa0ea-7400-4fcd-86d5-046d44092c37,2017-03-06,,митрополит Феогност включён в Собор Московских святителей.
015ab583-f400-4c9e-8875-b2621a607da3,2017-03-10,,Конституционный суд Южной Кореи утвердил импичмент президента Пак Кын Хе.
015abfd0-fc00-451b-98c6-7e85c0e18588,2017-03-12,,парламентские выборы в Абхазии (первый тур).
015ac4f6-f800-4212-b0bf-a96216b49e52,2017-03-13,,парламент Венгрии переизбрал на второй срок президента Яноша Адера.
015acf43-f000-4900-890e-f11ebb02c72d,2017-03-15,,парламентские выборы в Нидерландах.
015ae3dd-7000-4900-82cf-8e7ce7ef73a4,2017-03-19,,Франк-Вальтер Штайнмайер вступил в должность президента Германии.
015af350-7400-4f72-9bf0-61b957353b2d,2017-03-22,,теракт на Вестминстерском мосту в Лондоне. Автомобиль наехал на людей 5 погибших 50 раненных. Террористическая организация «Исламское государство» взяла на себя ответственность за случившееся.
015b07e9-f400-4a16-b1f9-5dc65f7b5d75,2017-03-26,,Парламентские выборы в Абхазии (второй тур).
015b07e9-f400-4664-9c7e-534cb5d29ad2,2017-03-26,,"Парламентские выборы в Болгарии. По предварительным данным, победу одержала партия ГЕРБ."
015b07e9-f400-47a4-865a-555fb818334b,2017-03-26,,"Акции протеста против коррупции в высших эшелонах российской власти, прошедшие в десятках городов России."
015b21a9-7000-407b-ba28-251ce7ec202e,2017-03-29,2017-04-02,чемпионат мира по фигурному катанию (Финляндия).
015b2bf6-7800-457c-9117-9b82a390ef49,2017-04-02,,Парламентские выборы в Армении. Большинство голосов набрали Республиканская партия и блок «Царукян».
015b2bf6-7800-4051-a536-ac440800af3f,2017-04-02,,Президентские выборы в Сербии. Победу одержал действующий премьер-министр Александр Вучич.
015b2bf6-7800-4147-9583-a855d2e5b093,2017-04-02,,Второй тур выборов президента Эквадора. Победу одержал представитель правящего левого блока Альянс гордой и независимой родины Ленин Морено.
015b311c-7400-4cec-81ee-0b06d59ba9cd,2017-04-03,,"теракт в Петербургском метрополитене. Погибли 16 человек, 87 ранены."
015b3642-f000-44f8-a244-058a12e72d49,2017-04-04,,"поражение населения химическими отравляющими веществами в сирийском городе Хан-Шейхун (провинция Идлиб). Погибли 74 человека, ранены 557 человек."
015b45b5-f400-410a-9544-48281c31bc39,2017-04-07,,"авиаудар крылатыми ракетами «Томагавк» по сирийской авиабазе «Эш-Шайрат» в провинции Хомс, нанесённый после химической атаки в Идлибе."
015b5002-fc00-4802-8680-5033c55576f1,2017-04-09,,президентские выборы и конституционный референдум в Южной Осетии. На выборах президента победу одержал Анатолий Бибилов.
015b5528-f800-4445-b91e-07aef76ebfb4,2017-04-10,,"на Землю вернулся экипаж космического корабля Союз МС-02 в составе Сергея Рыжикова, Андрея Борисенко и Роберта Кимбро."
015b5a4f-7400-484b-b0a0-4f9a20032695,2017-04-11,,прекращена поддержка обновлений операционной системы Windows Vista.
015b740f-7000-4a05-bb1b-6c06e3c52edd,2017-04-16,,конституционный референдум в Турции о переходе от парламентской формы правления к президентской республике.
015b88a8-f000-47d6-86a0-ec767b18ee5a,2017-04-20,,запуск на МКС космического корабля Союз МС-04 с экипажем в составе Фёдора Юрчихина (Россия) и Джека Фишера (США).
015b8dce-fc00-4e8f-8b73-2d4cd40fb7ac,2017-04-21,,Анатолий Бибилов вступил в должность президента Южной Осетии.
015b981b-f400-47fe-94c5-b41b84ffe020,2017-04-23,,первый тур президентских выборов во Франции. Во второй тур вышли Эмманюэль Макрон (партия Вперёд!) и Марин Ле Пен (Национальный Фронт).
015bb701-fc00-4a64-98a9-f93e0e1f06f1,2017-04-29,,на Кубе разбился военно-транспортный самолёт Ан-26. Погибли 39 человек (по официальной информации властей Кубы — 8 человек).
015bff1a-f400-41a3-a83f-46cb88369892,2017-05-05,2017-05-21,чемпионат мира по хоккею с шайбой (Германия и Франция). Чемпионом стала Сборная Швеции. Сборная России стала бронзовым призёром.
015be034-fc00-4734-b04d-2fd9c0e2eaea,2017-05-07,,президентские выборы во Франции (второй тур). Победу одержал Эмманюэль Макрон.
015bea81-7400-4823-ad28-a4b5cd744976,2017-05-09,,Президентские выборы в Южной Корее. Избранный президентом Мун Чжэ Ин вступил в должность.
015bf4ce-7c00-4084-ad20-3e804977b126,2017-05-09,2017-05-13,"62-й конкурс песни «Евровидение» (Киев, Украина). Победителем стал певец из Португалии Сальвадор Собрал, второе место занял Кристиан Костов, представлявший на конкурсе Болгарию."
015c13b4-7400-4002-bf8c-c7e30991ef06,2017-05-12,2017-05-22,"Исламские игры солидарности 2017 (Баку, Азербайджан)."
015c0441-7000-4ebe-a517-9fb54748851b,2017-05-14,,Эмманюэль Макрон вступил в должность президента Франции.
015c1e00-fc00-4244-8b59-03f9d5f3a594,2017-05-19,,выборы президента Ирана. Победу одержал Хасан Рухани.
015c2327-7800-42ea-970c-e7d088ae1106,2017-05-19,2017-05-21,"чемпионат Европы по художественной гимнастике (Будапешт, Венгрия)."
015c2d74-7000-450e-8809-f3c23b2c10c4,2017-05-22,,"взрыв в Манчестере (Великобритания) на стадионе «Манчестер Арена». Бомбу привёл в действие террорист-смертник. Погибли 23 человека, 120 получили ранения."
015c44a0-fe00-4853-bf68-0fa54527889f,2017-05-26,2017-05-27,саммит G7 в Италии.
015c4c5a-7800-4209-8ad8-fece33e9c3a9,2017-05-28,,"наводнение и оползни в Шри-Ланке. Погибли 177 человек, 109 пропали без вести."
015c5180-f400-48dd-b05d-c21c20264786,2017-05-29,,"ураган в Москве и Подмосковье. Погибли 18 человек, более 170 получили ранения."
015c661a-7400-4677-86b4-95f2c1e444e3,2017-06-02,,экипаж МКС в составе Олега Новицкого и Томы Песке вернулся с МКС на Землю.
015c6b40-7000-41ea-bfde-182463f6b39b,2017-06-03,,"Теракт в Лондоне. В результате серии нападений в центре города погибли 8 человек, десятки ранены."
015c6b40-7000-46c5-bba5-7a861ec8f308,2017-06-03,,Парламентские выборы в Лесото. Партия бывшего премьер-министра Тома Табане получила 48 из 120 мест.
015c758d-7800-4bfa-bd0c-c23d00f2424a,2017-06-05,,"Бахрейн, Саудовская Аравия, Объединённые Арабские Эмираты, Египет, Йемен, Ливия и Мальдивы разорвали дипломатические отношения с Катаром."
015c7fd9-f000-43a0-8cc0-a07b55271e65,2017-06-07,,"двойной теракт в Тегеране (Иран) в здании парламента и в мавзолее Хомейни. Погибли 12 человек, 42 ранены. Ответственность за теракт взяла на себя террористическая группировка «Исламское государство»."
015c8500-7c00-486c-802c-ed3a6e615448,2017-06-08,,"досрочные парламентские выборы в Великобритании. Победу одержала Консервативная партия, потеряв большинство в парламенте."
015d7c31-7c00-48b4-8f84-c303e43607d0,2017-06-10,2017-09-10,"международная специализированная выставка Expo 2017 (Астана, Казахстан)."
015c9473-7000-45cb-bb5b-e95849151fd6,2017-06-11,,Парламентские выборы во Франции (1-й тур).
015c9473-7000-4430-ad54-cf3684f2be39,2017-06-11,,Референдум о статусе Пуэрто-Рико. На пятом референдуме о вхождении в качестве штата в состав США вхождение поддержали 97 % участников при явке 23 %.
015c9473-7000-456e-8a80-ca4cd7890163,2017-06-11,,"Начал действовать безвизовый режим между Украиной и ЕС в части туристических поездок на территории Шенгенской зоны, за исключением Великобритании и Ирландии."
015c9999-fc00-4b17-9801-39a23f502465,2017-06-12,,"массовые акции протеста против коррупции в высших эшелонах российской власти, прошедшие в десятках городов России."
015ca3e6-7400-473c-9b38-419a1c01130f,2017-06-14,,в результате пожара в здании Grenfell Tower в Лондоне погибли и пропали без вести 79 человек.
015ca90c-f000-49b7-8f2f-879d3f2bcfa3,2017-06-15,,был отменён платный роуминг для граждан на территории Евросоюза.
015cc2cc-7c00-4c71-b993-d208496c1604,2017-06-17,2017-06-23,"лесной пожар в Педроган-Гранде (Португалия), крупнейший по числу жертв и по площади в новейшей истории Португалии. 64 погибших."
015cd9f9-7a00-4c4b-86d7-95e7efb40ed3,2017-06-17,2017-07-02,Кубок конфедераций FIFA (Россия). Победу одержала сборная Германии.
015cb87f-f400-4022-97ee-8da590d41eda,2017-06-18,,"парламентские выборы во Франции (2-й тур). Победу одержало движение «Вперёд, Республика!»."
015cdc8c-7800-4612-ac5f-5e58e3c55928,2017-06-25,,"парламентские выборы в Албании. По предварительным данным Социалистическая партия, возглавляемая премьер-министром страны Эди Рамой, заняла 74 из 140 мест в парламенте."
015ce1b2-f400-409a-9bf6-d533bf305a2d,2017-06-26,,президентские выборы в Монголии (1-й тур). Во второй тур прошли кандидат от Демократической партии Халтмаагийн Баттулга и лидер Монгольской народной партии Миеэгомбын Энхболд.
015d1a58-f800-4905-99e8-547b53acef26,2017-07-07,,президентские выборы в Монголии (2-й тур). Победу одержал кандидат Демократической партии Халтмаагийн Баттулга.
015d1ceb-f600-4b34-a3a5-0c85704ebf4a,2017-07-07,2017-07-08,"саммит G20 (Гамбург, Германия)."
015d29cb-fc00-49c1-a8e2-ab24a50676dd,2017-07-10,,Мосул (Ирак) освобождён от боевиков террористической группировки «Исламское государство».
015d29cb-fc00-4e04-8c1c-827bab72bb09,2017-07-10,,"С авиабазы Черри-Пойнт в Хавлоке вылетел самолёт-топливозаправщик, который взорвался над Лефлором."
015d6797-fc00-4267-aec9-7d2dd5c2120f,2017-07-14,2017-07-30,"17-й чемпионат мира по водным видам спорта (Будапешт, Венгрия)."
015d48b1-f400-425b-a478-9558cc410e4b,2017-07-16,,референдум в Венесуэле.
015d4dd8-7000-404f-8363-c69f77ad714a,2017-07-17,,президентские выборы в Индии. Победу одержал кандидат от Бхаратия джаната парти Рам Натх Ковинд.
015d7ec4-fa00-4b60-bba1-1113f38bf108,2017-07-24,2017-07-29,"XIX Международный ботанический конгресс (Шэньчжэнь, Китайская Народная Республика)."
015d867e-7400-44c4-86f7-08cb07c5eb66,2017-07-28,,"старт космического корабля Союз МС-05 в составе экипажа Сергея Рязанского, Рэндолфа Брезника и Паоло Несполи с космодрома Байконур."
015da03d-f000-4d6e-90dc-aa17ed8bd3ba,2017-08-02,,"президент США Дональд Трамп подписал законопроект CAATSA, законодательно закрепляющий и расширяющий санкции против России, Ирана и КНДР."
015daa8a-f800-4790-acb2-8c57ab6518d0,2017-08-04,,"президентские выборы в Руанде. Президент Руанды Поль Кагаме, находящийся у власти с 2000 года, переизбран на новый срок. За него отдали свои голоса 99 % избирателей."
015dc1b7-7600-4fad-bff4-d143b387ca29,2017-08-04,2017-08-13,"чемпионат мира по лёгкой атлетике (Лондон, Великобритания)."
015dbf24-7800-446a-af5e-f29d2bf74432,2017-08-08,,всеобщие выборы в Кении. Президентом страны вновь избран Ухуру Кениата.
015dd12a-7a00-4238-9e9d-1d91eeec2c5c,2017-08-11,2017-08-12,"марш «Объединённых правых» в городе Шарлотсвилл (штат Вирджиния, США)."
015ded7d-7400-4451-9c93-af240063354f,2017-08-17,,"теракты в Барселоне и Камбрильсе (Испания). Погибли 16 человек, более 120 получили ранения."
015e141d-7600-4a80-8cff-458da2086896,2017-08-19,2017-08-30,"летняя Универсиада (Тайбэй, Тайвань)."
015e0216-f400-4205-8a86-a4f973a7ef66,2017-08-21,,пожар в Ростове-на-Дону.
015e073d-7000-4cbe-aee4-c2281dbf642f,2017-08-22,,Всемирный день растительного молока (англ. World Plant Milk Day).
015e1bd6-f000-4531-bc36-cf65d13ce217,2017-08-26,,"Сильнейший с 2005 года ураган Харви обрушился на Техас, США."
015e1bd6-f000-4f3f-b44c-f0e7ff891009,2017-08-26,,"В боксёрском PPV поединке в полусреднем весе между Флойдом Мейвезером и Конором Макгрегором победу одержал Флойд Мейвезер, непобеждённый американский боксёр-профессионал (50 побед в 50 боях), самый высокооплачиваемый боксёр в истории профессионального бокса."
015e2b49-f400-4ad8-a671-fbe7c0c0dffb,2017-08-29,,"в ходе ракетных испытаний КНДР ракета Хвасон-12 пролетела над островом Хоккайдо, Япония."
015e3596-7c00-4a81-84d2-e323065a757e,2017-08-31,,"США потребовали закрыть генконсульство РФ в Сан-Франциско в течение двух дней, до 2 сентября."
015e4509-7000-4339-ab9a-23fb2a73dcb4,2017-09-03,,"На Землю вернулся экипаж МКС в составе Фёдора Юрчихина, Джека Фишера и Пегги Уитсон."
015e4509-7000-429c-86bd-42af7983528f,2017-09-03,,КНДР провела шестое ядерное испытание.
015e6915-f400-4c03-a1ca-22f62db12ddd,2017-09-10,,единый день голосования в России.
015e6e3c-7000-49fd-b8d2-877ff149ba8b,2017-09-11,,парламентские выборы в Норвегии. Правящая консервативная партия получила 88 мандатов в 169-местном парламенте. Премьер-министром осталась Эрна Сульберг.
015e7889-7800-4213-814f-d3bb61ec14ee,2017-09-13,,Выборы президента Сингапура. Президентом страны впервые стала женщина — Халима Якоб.
015e7889-7800-48e0-b823-a9907662981f,2017-09-13,,Международный олимпийский комитет наделил Париж (Франция) и Лос-Анджелес (США) правом принять летние Олимпийские игры 2024 года и летние Олимпийские игры 2028 года соответственно.
015e82d5-f000-499b-965b-13ec0cbf9345,2017-09-15,,"космический аппарат «Кассини», после изучения Сатурна и его системы в течение 13 лет, уничтожен путём погружения в атмосферу Сатурна."
015ea6e2-7400-441d-802a-9a15beec3919,2017-09-17,2017-09-27,"V Азиатские игры в помещениях (Ашхабад, Туркменистан)."
015e976f-7000-41f4-9292-3781de636c63,2017-09-19,,"землетрясение в Мексике магнитудой 7,1 Mw в 49 км к юго-западу от мексиканского города Пуэбла-де-Сарагоса и в 100 км от столицы Мехико. Погибли 370 человек и более 6000 получили ранения."
015eac08-f000-4130-93ab-6740e5a5b3d9,2017-09-23,,парламентские выборы в Новой Зеландии. Победу одержала Национальная партия.
015eb12e-fc00-4d95-9e30-d787d5430ae1,2017-09-24,,парламентские выборы в Германии.
015eb655-7800-4dd7-b99a-44c84a1030ee,2017-09-25,,руководство Иракского Курдистана провело референдум о независимости.
015eb655-7800-4ec8-b083-aa7032e5a829,2017-09-25,,Apple представила свою операционную систему MacOS High Sierra.
015ed53b-f000-4e32-8140-fd2daab4399c,2017-10-01,,Референдум о независимости Каталонии.
015ed53b-f000-40e6-9462-02353948e29e,2017-10-01,,Стрельба в Лас-Вегасе.
015f0394-fc00-490e-bfc1-4a946d32c5bf,2017-10-10,,всеобщие выборы в Либерии (первый тур президентских выборов).
015f0de1-7400-4915-a536-93c122f38a81,2017-10-12,,США и Израиль объявили о намерении выйти из ЮНЕСКО.
015f0de1-7400-4ce3-accd-1b4eed024d9e,2017-10-12,,Власти США сняли государственный флаг России со здания генконсульства РФ в Сан-Франциско и торгового представительства России в Вашингтоне.
015f0de1-7400-487c-8396-08999f8a05cb,2017-10-12,,"Беспилотник США в Ракке в ходе атаки ликвидировал террористку Салли Джонс («Белую вдову»), воевавшую на стороне террористической организации «Исламское государство» в Сирии."
015f182e-7c00-49f9-baa9-cb99d1b7fbdd,2017-10-14,,"в столице Сомали Могадишо произошли серии терактов, погибли более 350 человек."
015f2cc7-fc00-4b85-b6c4-b46d10ca9159,2017-10-14,2017-10-22,"XIX Всемирный фестиваль молодёжи и студентов (Сочи, Россия)."
015f1d54-f800-47e5-b6df-15b6749af586,2017-10-15,,Выборы президента Кыргызстана. Победу одержал кандидат от социал-демократической партии Сооронбай Жээнбеков.
015f1d54-f800-4a24-acba-f534cf08004f,2017-10-15,,Досрочные парламентские выборы в Австрии.
015f227a-f400-4e9b-ac37-70f09f66274a,2017-10-16,,"Правительственные войска Ирака начали операцию в Иракском Курдистане, заняв Киркук."
015f227a-f400-423b-a5c7-fc053e37a4db,2017-10-16,,Тропический ураган «Офелия» достиг берегов Европы.
015f39a7-f200-4964-bc8f-01d3af406a10,2017-10-20,2017-10-21,парламентские выборы в Чехии.
015f4161-7c00-4b79-8b84-29bd287e6b8c,2017-10-22,,Президентские выборы в Словении.
015f4161-7c00-460d-b363-eafaa834a43f,2017-10-22,,Парламентские выборы в Японии. Победу одержала коалиция Либерально-демократической партии и партии «Комэйто».
015f5b20-f800-4734-84ce-fb7650b531e8,2017-10-27,,президент Казахстана подписал указ о переходе казахского языка с кириллицы на латинскую графику.
015f6047-7400-4b44-b1b6-0d571cf94422,2017-10-27,2017-10-29,"VII Международный форум сёги (Китакюсю, Япония)."
015f6fba-7800-4b65-af6d-5f035f916da3,2017-10-31,,"теракт в Нью-Йорке. Выходец из Узбекистана Сайфулла Саипов, управляя пикапом врезался в школьный автобус. Погибли 8 человек, по крайней мере 12 получили ранения"
015f7a07-7000-445a-945a-8ab48192605c,2017-11-02,,на Суматре открыли новый вид орангутана.
015f93c6-fc00-497a-985c-9a787043ad4e,2017-11-07,,"в день 100-летия Октябрьской революции 1917 года вскрыто послание, адресованное коммунистам 21 века. Послание хранилось за табличкой, прикреплённой на здании бывшего предприятия военной электроники «Муссон» (ныне ТРЦ «Муссон») в Севастополе. Аналоги послания были вскрыты и в других городах бывшего СССР (например, капсула в стеле у монумента «Росток» в Пензе)."
015f9b80-7600-4e98-b81e-11344844021c,2017-11-08,2017-11-09,"XIV межрегиональный экономический форум Россия — Казахстан (Челябинск, Россия)."
015f9e13-f400-4e1e-987a-18d9c89069d9,2017-11-09,,взрыв жилого дома в Ижевске.
015f9e13-f400-485f-90be-89b5288d575e,2017-11-08,2017-11-10,"саммит АТЭС (Дананг, Вьетнам)."
015fad86-f800-404d-8e5b-ab89f05d1f02,2017-11-12,,землетрясение в Иране.
015fb2ac-f400-4304-bb94-304106eddf47,2017-11-13,,президентом Словении переизбран Борут Пахор.
015fb7d3-7000-4024-8688-7616db19ba20,2017-11-14,,"в Зимбабве произошёл военный госпереворот, президент страны Роберт Мугабе был помещён под домашний арест."
015fbcf9-fc00-411d-8ab4-754e0768c3a7,2017-11-15,,"в Хабаровском крае России при заходе на посадку разбился пассажирский самолёт L-410, следовавший из Хабаровска в Нелькан."
015fd193-7c00-41fc-93be-bb8bc3a9bfc4,2017-11-19,,выборы президента Чили. В первом туре лидирует бывший президент страны Себастьян Пиньера.
015fdbdf-f400-46a7-8c2d-a48f2cb37bac,2017-11-21,,"ушёл в отставку президент Зимбабве Роберт Мугабе, фактически отстранённый от власти военными после госпереворота."
015feb52-f800-441e-a756-a684c676a36c,2017-11-24,,вступил в должность новый президент Зимбабве Эммерсон Мнангагва.
015ff079-7400-41a4-a3df-4cb578629c26,2017-11-25,,глава ЛНР Игорь Плотницкий ушёл в отставку. Исполняющим обязанности главы республики стал Леонид Пасечник.
0160291f-7800-40ef-8d7a-dfb94b4da593,2017-12-06,,Соединённые Штаты Америки официально признали Иерусалим столицей Израиля.
016042df-7400-4315-b361-09cc27afc2ea,2017-12-11,,введён в эксплуатацию железнодорожный сектор Журавка — Миллерово (в обход Украины).
01605252-7800-4e73-b030-5a0907e71c31,2017-12-14,,"экипаж корабля Союз МС-05 в составе Сергея Рязанского, Рэндольфа Брезника и Паоло Несполи вернулся с МКС на Землю."
016061c5-7c00-4175-b7d3-a8c2ce64e69c,2017-12-17,,Второй тур выборов президента Чили. Победу одержал бывший президент страны Себастьян Пиньера.
016061c5-7c00-47e6-9d9c-168c66515336,2017-12-17,,"Запуск космического корабля Союз МС-07 экипаж в составе Антон Шкаплеров, Скотт Тингл и Норисигэ Канаи."
0160765e-fc00-411a-b7bb-25f34e78b02a,2017-12-21,,в Гааге прошла церемония закрытия Международного трибунала по бывшей Югославии.
0160901e-7800-4294-b10c-d655861f51a1,2017-12-26,,второй тур президентских выборов в Либерии. Победу одержал Джордж Веа.
0160af04-f000-4d5e-bf86-99e1979103e7,2018-01-01,,В должность президента Швейцарии вступил Ален Берсе.
0160af04-f000-4362-bd09-22efae7de0cb,2018-01-01,,Россия начала председательство в ЕАЭС.
0160af04-f000-4087-9b99-57f90c41b497,2018-01-01,,Болгария начала председательство в Евросоюзе.
0160af04-f000-4063-9865-d13bc0fae3be,2018-01-01,,В Казахстане начнётся повышение пенсионного возраста для женского населения.
0160b42a-fc00-493c-ad82-9269029be889,2018-01-02,,Конституционный суд Молдовы принял решение временно приостановить полномочия президента Игоря Додона на время подписания указа об утверждении кандидатур министров и вице-премьеров.
0160b951-7800-4050-9496-e096742b5b85,2018-01-03,,из-за урагана «Элеонор» в Европе обесточено более 200 тыс. домов.
0160c39e-7000-467c-b916-bd310e303f1d,2018-01-05,,Конституционный суд Молдовы вновь принял решение временно приостановить полномочия президента Молдовы Игоря Додона на время подписания закона о запрете трансляции СМИ из России.
0160d311-7400-49f9-9569-04ff3dba74d3,2018-01-08,,в должность вступила генерал-губернатор Барбадоса Сандра Мейсон.
0160e284-7800-45a5-a690-7a5817988633,2018-01-09,2018-01-13,Чемпионат мира по хоккею с мячом среди женщин в Чэндэ (КНР). Победу одержала сборная Швеции.
0160e7aa-f400-4dfd-8530-92f3cef0c7c9,2018-01-12,,в должность вступил генерал-губернатор Сент-Люсии Невилл Сенак.
0160ea3d-f200-4509-b747-6a3093661751,2018-01-12,2018-01-13,первый тур президентских выборов в Чехии. Во второй тур вышли действующий президент Милош Земан и Иржи Драгош.
0160f71d-f800-41b8-a5e2-2e4ab4425b54,2018-01-15,,нападение на школу в Перми (15 пострадавших).
0160fc43-f400-41b6-9b78-6a118ad31c20,2018-01-16,,"один из лидеров косовских сербов, глава движения «Свобода, демократия, правда» Оливер Иванович убит в Косовска-Митровице (Северное Косово)."
01610bb7-7800-450e-b264-f920d2afb4b5,2018-01-19,,"нападение на школу под Улан-Удэ, 7 человек пострадали (включая нападавшего)."
016110dd-7400-4f91-99e4-ab35a3ffd12e,2018-01-20,,Вооружённые силы Южной Осетии вошли в состав Вооружённых сил Российской Федерации.
01611b2a-7c00-4449-b369-5c71a626e106,2018-01-22,,в должность вступил президент Либерии Джордж Веа.
016134e9-f800-4d69-993b-a55464a5fa5c,2018-01-26,2018-01-28,второй тур президентских выборов в Чехии. Победу одержал Милош Земан.
01613a10-7400-4f2e-8a8f-c981111cffc5,2018-01-28,,Президентские выборы в Финляндии.
01613a10-7400-404e-ab1a-204400c82ab0,2018-01-28,,Всероссийская «забастовка избирателей» (причиной стал недопуск оппозиционера Алексея Навального к регистрации кандидатом на президентских выборах из-за непогашённой уголовной судимости).
01614c16-f600-47a0-92a6-0f8c768b8cff,2018-01-28,2018-02-04,Чемпионат мира по хоккею с мячом 2018 в Хабаровске (Россия) и Харбине (Китай).
01614ea9-f400-4501-99e1-6b25d3085db0,2018-02-01,,Запуск с космодрома «Восточный» ракеты-носителя «Союз-2.1а». Выведено два космических аппарата «Канопус-В».
01614ea9-f400-4b25-9ba8-99e7035a0ce9,2018-02-01,,"Вслед за Кувейтом, Катаром и Объединёнными Арабскими Эмиратами, Иордания разорвала дипломатические отношения с Северной Кореей."
016153d0-7000-4b63-b85c-c276b0ef6845,2018-02-02,,"США представили новую ядерную доктрину со времён Холодной войны, в которой отмечены главные страны, представляющие ядерную угрозу. В список ввели Россию, Китай, Иран и Северную Корею."
01616869-f000-4738-ad16-2c1a3f51529d,2018-02-06,,Состоялся первый тестовый полёт американской ракеты-носителя тяжёлого класса Falcon Heavy.
01616869-f000-4098-97cd-1130d03290a6,2018-02-06,,"В результате землетрясения на Тайване погибли 12 человек, ещё 277 получили повреждения."
0161a10f-7400-4673-9692-a3a8078e0630,2018-02-09,2018-02-25,"Зимние Олимпийские игры 2018 (Пхёнчхан, Республика Корея)."
01618229-7c00-4fbb-9d31-eda8bf6782c3,2018-02-11,,"самолёт Ан-148, выполнявший рейс из Москвы в Орск, разбился в Подмосковье. На борту самолёта находилось 65 пассажиров и шесть членов экипажа, все они погибли."
0161919c-7000-4e5b-a6da-a897cce56661,2018-02-14,,"Президент ЮАР Джейкоб Зума подал в отставку, из-за обвинений в коррупции."
0161919c-7000-478f-bd98-4248f775136d,2018-02-14,,"Стрельба в средней школе Марджори Стоунман Дуглас, погибло 17 человек, 14 госпитализированы."
016196c2-fc00-4701-92e6-d2ab5a1c399d,2018-02-15,,Избран новый президент ЮАР Сирил Рамафоса.
016196c2-fc00-487b-8fe5-372ebb4cc3e1,2018-02-15,,"Произошло частное солнечное затмение, которое можно было увидеть в Антарктиде и Южной Америке."
01619be9-7800-45dc-bb23-f9cddb0aa5e1,2018-02-16,,"землетрясение в Мексике магнитудой 7,2 балла. Погибли 14 человек, около 1 млн домов остались без электроэнергии."
0161a635-f000-4be6-ac31-92f5a16a46f0,2018-02-18,,"самолёт ATR 72-200, выполнявший рейс из Тегерана в Ясудж, врезался в гору Динар в горной системе Загрос под городом Семиром в остане Исфахан. Погибли все находившиеся на борту: 60 пассажиров и шесть членов экипажа."
0161ca42-7400-4c70-9643-b6d8c31a6193,2018-02-25,,"землетрясение в Папуа-Новой Гвинее магнитудой 7,5 баллов. Погиб 31 человек, ещё более 300 получили ранения."
0161e402-7000-4cdc-8d84-292c532310fc,2018-03-02,,"парламент Армении избрал президентом бывшего премьер-министра Армена Саркисяна (Саркисян стал первым президентом Армении, выбранным голосованием в парламенте, согласно принятым по результатам референдума 2015 года поправкам к Конституции страны)."
0161ee4e-f800-4ff1-8d77-fec135323d2a,2018-03-04,,Парламентские выборы в Италии.
0161ee4e-f800-477d-b00b-ddc45a7429bc,2018-03-04,,"Инцидент с отравлением бывшего британского разведчика Сергея Скрипаля и его дочери Юлии Скрипаль в городе Солсбери, приведший к геополитическому разрыву дипломатических отношений между Россией и Великобританией."
0161f89b-f000-4afc-839b-3f6165d66e96,2018-03-06,,авиакатастрофа Ан-26 ВВС РФ вблизи аэродрома Хмеймим; все 39 человек на борту погибли.
0162080e-f400-4a9b-b4e6-eca13ef7e281,2018-03-09,,запуск из Гвианского космического центра ракеты-носителя «Союз-СТ-Б» с космическим аппаратом O3b F4.
01621f3b-7200-4421-974b-bb94b89953b3,2018-03-09,2018-03-18,"Зимние Паралимпийские игры 2018 (Пхёнчхан, Республика Корея)."
0162125b-7c00-4e84-8853-344b202225c5,2018-03-11,,в должность президента Чили вступил Себастьян Пиньера (также был президентом страны в 2010—2014 годах).
01623667-f000-4cb5-836b-8ceddcd65765,2018-03-18,,выборы президента России; победу одержал действующий президент Владимир Путин.
01623667-f000-48a6-a9e1-266a9b028349,2018-03-18,,Выборы президента России. Результаты Владимира Путина по федеральным субъектам
01623b8e-7c00-4989-ac34-9546a3186d2d,2018-03-19,,в должность президента Тринидада и Тобаго вступила Пола-Мэй Уикс.
016245da-f400-4bb9-a106-16df7e401cfb,2018-03-21,,запуск с космодрома «Байконур» транспортного пилотируемого корабля «Союз МС-08».
01625a74-7400-4d6f-a41f-d593874f1259,2018-03-25,,"пожар в торговом центре «Зимняя вишня» в Кемерово, 60 погибших."
016264c1-7c00-48d9-a763-8a517021e9af,2018-03-26,2018-03-28,президентские выборы в Египте.
0162aa46-f600-4e81-9c0f-14f8c57ba000,2018-04-04,2018-04-15,"Игры Содружества (Голд-Кост, Австралия)."
0162a28d-7c00-42d0-8481-2a675a37b3eb,2018-04-08,,всеобщие выборы в Венгрии.
0162a7b3-f800-4369-bd7d-69b3977fbcbe,2018-04-09,,Армен Саркисян вступил в должность президента Армении.
0162b200-f000-4da0-85d5-bcf8a9be3571,2018-04-11,,Президентские выборы в Азербайджане; победу одержал действующий президент Ильхам Алиев.
0162b200-f000-4e3c-af72-a79d2f234fe3,2018-04-11,,"Катастрофа Ил-76 под Буфариком, ставшая крупнейшей в истории Алжира; погибли 257 человек."
0162fcac-f600-4ef9-b617-df2f21cc32c4,2018-04-13,2018-05-08,Бархатная революция в Армении.
0162c173-f400-4cca-9b3b-b07b0effe0a9,2018-04-14,,"серия ракетных ударов коалиции США, Великобритании и Франции по ряду военных и гражданских объектов в Сирии, совершённый как ответ на возможную химическую атаку, совершённую в городе Дума в Восточной Гуте."
0162c699-f000-403d-b288-37bdc939ae7e,2018-04-15,,"президентские выборы в Черногории, победу одержал Филип Вуянович."
0162f4f3-7c00-4212-be2e-e6f982911d5f,2018-04-19,2018-04-29,чемпионат мира по хоккею с шайбой среди юниорских команд 2018 в Челябинске и Магнитогорске (Россия).
0162db33-7000-494c-9609-91f9583284c9,2018-04-19,,глава Госсовета Кубы Рауль Кастро ушёл в отставку; новым главой государства стал Мигель Диас-Канель.
0162efcc-f000-4e2e-abff-c65272ee3f4e,2018-04-23,,премьер-министр Серж Саргсян подал в отставку.
01630466-7000-4fc5-92a8-c331da08da1a,2018-04-27,,саммит лидеров Северной и Южной Корей в пограничном пункте переговоров Пханмунджом.
0163234c-7800-43e8-a25b-cfe7475083d2,2018-04-30,2018-05-06,чемпионат Европы по спортивной борьбе 2018 в Каспийске (Россия).
016351a5-f400-4e91-86e3-9ec66a4dafea,2018-05-04,2018-05-20,чемпионат мира по хоккею с шайбой 2018 в Копенгагене и Хернинге (Дания).
01632d99-7000-41ca-abd8-347b264d3a4f,2018-05-05,,НАСА США отправила на Марс миссию InSight.
016332bf-7c00-4fcf-8216-c49715eb5048,2018-05-06,,парламентские выборы в Ливане.
016337e5-f800-4af0-9a2e-820963500f38,2018-05-07,,Владимир Путин повторно вступил в должность президента.
01633d0c-7400-436d-a372-dbbb6e085f63,2018-05-08,,Никол Пашинян избран премьер-министром Армении.
01634758-fc00-40b1-972e-629445301138,2018-05-08,2018-05-12,"Евровидение-2018 (Лиссабон, Португалия). Победу одержала израильская певица Нетта Барзилай."
01635bf2-7c00-4e6e-bfd8-e6d27111a68b,2018-05-14,,открылось посольство США в Иерусалиме.
0163663f-7400-42c7-a129-1dac25244daa,2018-05-16,,открытие Крымского моста (для движения легковых автомобилей и общественного транспорта).
0163663f-7400-488a-9927-4f4eb4b1209f,2018-05-16,,Открытие Крымского моста (для автомобильного движения)
01636b65-7000-45d0-8080-b0ed89de6f08,2018-05-17,,Джина Хаспел стала первой в истории женщиной-главой ЦРУ США.
01636b65-7000-41db-aa5f-c9ffbd44fb28,2018-05-17,,"В Китае впервые испытали коммерческую девятиметровую ракету OS-X компании OneSpace, способную доставлять до 800 кг полезного груза на высоту 800 км над поверхностью Земли."
0163708b-fc00-41b5-be0e-71cc3d2af729,2018-05-18,,катастрофа Boeing 737 в Гаване.
016375b2-7800-4c87-8fa9-a3950b19916e,2018-05-19,,состоялась свадьба принца Гарри и Меган Маркл в Великобритании.
01637ad8-f400-4d28-9065-fb20877bda49,2018-05-20,,в должность президента Черногории вступил Мило Джуканович (также был президентом в 1998—2002 годах).
01638f71-f400-44e1-9f01-a8826a8220e7,2018-05-24,,КНДР демонтировала ядерный полигон Пунгери.
016399be-fc00-4ce8-9d42-117bbe35188b,2018-05-26,,состоялась вторая встреча лидеров Северной и Южной Корей.
0163b8a4-f400-4e4d-b3fa-62b966c244cc,2018-06-01,,Россия возглавила Совет Безопасности ООН.
0163c2f1-fc00-418a-a61b-0db30773c5cb,2018-06-03,,досрочные парламентские выборы в Словении.
0163f14a-f800-4f3b-b81b-e2bb9e543c88,2018-06-12,,первая в истории встреча лидеров США и КНДР в Сингапуре.
01644b6a-7200-420f-b86a-710384d57168,2018-06-14,2018-07-15,"чемпионат мира по футболу (Россия). Чемпионами мира во второй раз стала сборная Франции, обыграв в финале сборную Хорватии."
01642f17-7800-4fc5-8996-1900c2396479,2018-06-24,,Президентские и парламентские выборы в Турции. Победу одержали действующий президент Реджеп Тайип Эрдоган и возглавляемая им Партия справедливости и развития.
01642f17-7800-4cd0-8623-c2e647d5c723,2018-06-24,,В Саудовской Аравии официально вступил в силу королевский указ о снятии запрета на вождение автомобиля женщинам.
01643963-f000-49cf-ac5e-dd56fc6f3b7c,2018-06-26,,"в южнокорейском аэропорту Кимпхо столкнулись два самолёта, в результате столкновения никто не пострадал."
016490ef-fc00-4aa5-a5ef-dd7bb093637e,2018-07-13,,в Австралии и Антарктиде наблюдалось частное солнечное затмение
0164a063-7000-419e-9891-aff588619599,2018-07-16,,состоялась первая полноформатная встреча между президентом России Владимиром Путиным и президентом США Дональдом Трампом в столице Финляндии Хельсинки.
0164d3e2-f800-4a39-8870-4d8d30938dc5,2018-07-25,2018-07-27,в ЮАР состоялся X саммит БРИКС.
0164fd15-7800-4922-9a67-445156f297d7,2018-08-03,,президент России Владимир Путин подписал закон о повышении с 1 января 2019 года НДС с 18 % до 20 %.
01652648-7800-4716-999d-c38f784e187e,2018-08-11,,частичное солнечное затмение.
01652b6e-f400-4087-b95c-e2f91d70633e,2018-08-12,,НАСА запустило солнечный зонд «Паркер» для изучения внешней короны Солнца и солнечного ветра.
016535bb-7c00-47f3-bec3-b64894b7d084,2018-08-14,,"обрушение моста Понте-Моранди в Генуе, Италия."
016570f4-fe00-42a9-b497-eea63c73e1e8,2018-08-18,2018-09-02,"Летние Азиатские игры (Джакарта и Палембанг, Индонезия)."
0165a707-7400-4799-9608-7cb4107f327d,2018-09-02,2018-09-08,Всемирные игры кочевников.
0165b154-7c00-4059-b680-f2af3f965958,2018-09-07,,"Константинопольский патриархат вмешался в церковную ситуацию на Украине: патриарх Варфоломей отправил на Украину двоих экзархов, де-факто запустив процесс создания на Украине автокефальной церкви на основе «Киевского патриархата». РПЦ расценила эти действия как раскол Православной церкви."
0165bba0-f400-442c-9ef6-faad9cd06c8b,2018-09-09,,Единый день голосования в России.
0165bba0-f400-449d-8688-df131a97d879,2018-09-09,,Парламентские выборы в Швеции.
0165dfad-7800-49db-946f-ca360b679dfa,2018-09-16,,второй тур выборов губернатора Приморского края; результаты выборов в результате признаны недействительными и были отменены в связи с допущенными во время выборов фальсификациями.
0165e4d3-f400-487e-9f82-95cc97dee08e,2018-09-17,,катастрофа Ил-20 в Сирии. Все 15 членов экипажа погибли.
0166064c-fa00-4b4a-b887-0ce557a6d78b,2018-09-20,2018-09-27,чемпионат мира по дзюдо в Баку (Азербайджан).
01662533-7200-4f63-b875-dc65f452673c,2018-09-23,2018-10-06,Всемирная шахматная олимпиада 2018 года в Батуми (Грузия).
01661d79-f800-485b-a57c-afb4287594e7,2018-09-28,,"Землетрясение и цунами на Сулавеси, Индонезия. По меньшей мере 4340 человек погибло и 10 679 человек получили ранения."
01661d79-f800-44cf-849f-161a810ca0f0,2018-09-28,,Энергоблок № 4 Ростовской АЭС введён в промышленную эксплуатацию.
016627c6-7000-4dd4-ab58-528a2469bc0b,2018-09-30,,"референдум в Македонии об одобрении договора с Грецией о переименовании республики ради вступления в Европейский союз и НАТО; в итоге, несмотря на подавляющее количество проголосовавших за соглашение (из тех, кто пришёл на участки), референдум признан несостоявшимся в связи с низкой явкой."
01662cec-fc00-411d-822a-de255d4ad8f8,2018-10-01,,"открыто движение большегрузных автомобилей (разрешённая максимальная масса которых превышает 3,5 тонны) по Крымскому мосту в оба направления."
01663213-7800-41fa-a742-a6f6983eaa81,2018-10-02,,"убийство журналиста Джамаля Хашогги в консульстве Саудовской Аравии в Стамбуле, вызвавшее рост напряжённости в отношениях Саудовской Аравии с Турцией, США и другими странами."
01663739-7400-4e0e-a897-350552d70194,2018-10-03,,Аркадий Дворкович избран президентом Международной шахматной федерации (ФИДЕ).
01663739-7400-455e-865e-2457348005df,2018-10-03,,"Президент России Владимир Путин подписал Федеральный закон о внесении изменений в пенсионное законодательство, среди которых — повышение пенсионного возраста."
01666592-f000-4b23-9afe-c869ea08dd88,2018-10-06,2018-10-18,"III Летние юношеские Олимпийские игры (Буэнос-Айрес, Аргентина)."
016646ac-7800-4820-8123-4113f54d8ed3,2018-10-06,,"бой между Хабибом Нурмагомедовым и Конором Макгрегором на турнире по смешанным единоборствам UFC 229 в Парадайсе, штат Невада, на котором Нурмагомедов одержал победу и защитил титул чемпиона UFC в легковой весовой категории."
01664bd2-f400-4c01-9713-bc6222214fdb,2018-10-07,,всеобщие выборы в Бразилии; во второй тур выборов вышли кандидаты в президенты Бразилии Жаир Болсонару и Фернанду Аддад.
0166606c-7400-446e-9637-fd77336a2060,2018-10-11,,Авария пилотируемого космического корабля «Союз МС-10» во время запуска с космодрома «Байконур»; космонавт Алексей Овчинин и астронавт Тайлер Хейг не пострадали.
0166606c-7400-4dee-bce8-8586b0e70269,2018-10-11,,"Синод Константинопольского патриархата официально объявил о начале предоставления автокефалии православной церкви на Украине, в частности, сняв наложенную Русской православной церковью анафему на лидеров канонически непризнанных «Киевского патриархата» и УАПЦ Филарета и Макарий, отменив решение от 1696 года по присоединению Киевской митрополии к Московскому патриархату и восстановив тем самым свою ставропигию."
01667505-f400-448e-9f26-b7953c31e14d,2018-10-15,,"разрыв евхаристического общения Русской православной церкви с Константинопольским патриархатом: на первом за пределами России заседании Священного синода, прошедшем в Минске, Русская православная церковь полностью прекратила евхаристическое общение с Константинопольским патриархатом в ответ на действия КПЦ по предоставлению автокефалии православной церкви на Украине."
01667a2c-7000-4335-8327-7b73cbf5daa0,2018-10-16,,"завершение основных строительных работ и разрешение на ввод эксплуатацию «Лахта-центра» — самого высокого небоскрёба в России и Европе, официальной штаб-квартиры «Газпром нефти»."
01667f52-7c00-4b00-ac40-45a4455bfa50,2018-10-17,,"массовое убийство в Керченском политехническом колледже; 21 человек (включая убийцу) убит, более 50 раненых."
01668ec5-f000-4408-9c0b-46bdef81261d,2018-10-20,,с космодрома Куру во французской Гвиане стартовала ракета-носитель Ariane 5 с совместной космической автоматической миссии BepiColombo Европейского космического агентства (EKA) и Японского агентства аэрокосмических исследований (JAXA) BepiColombo по изучению Меркурия.
01669e38-f400-41da-baf5-e4c609e0d05e,2018-10-23,,генеральный секретарь ЦК КПВ Нгуен Фу Чонг избран Президентом Вьетнама.
0166a885-7c00-4e24-bf5d-71e0711acea0,2018-10-25,,"Сахле-Ворк Зевде избрана Президентом Эфиопии, став первой женщиной на этом посту в истории."
0166b7f8-7000-40ab-968f-72861f729691,2018-10-28,,Первый тур президентских выборов в Грузии; во второй тур вышли Саломе Зурабишвили и Григол Вашадзе.
0166b7f8-7000-4465-8c30-11de8ae08b7d,2018-10-28,,Второй тур выборов Президента Бразилии; победу одержал ультраправый кандидат Жаир Болсонару.
0166bd1e-fc00-49be-9157-032568ce89f3,2018-10-29,,авиакатастрофа Boeing 737 авиакомпании Lion Air в районе Джакарты; 189 погибших.
0166c76b-7400-4da6-8019-d1064c92ba0f,2018-10-31,,"в индийском штате Гуджарат состоялось открытие Статуи Единства (статуи Валлабхаи Пателя), самой большой статуи в мире."
0166dc04-f400-4a73-8a67-2e7835866f31,2018-11-04,,референдум о независимости Новой Каледонии. Большинство проголосовало против.
0166e651-fc00-41bb-b6e3-75ccc28f5cec,2018-11-06,,промежуточные выборы сенаторов США.
0166f331-f200-4633-932d-b7352a798199,2018-11-08,2018-11-09,"XV Форум межрегионального сотрудничества Казахстана и России (Петропавловск, Казахстан)."
0167482a-7000-4582-a968-c546df664be4,2018-11-25,,инцидент в Керченском проливе.
0167579d-f400-4902-92b6-53a8bcee8775,2018-11-28,,"второй тур президентских выборов в Грузии, победу одержала Саломе Зурабишвили, ставшая первой в истории Грузии женщиной на посту президента и вместе с тем ставшая последним всенародно избранным президентом Грузии."
01678889-fe00-4643-9a01-ea597b6250c5,2018-11-29,2018-12-16,чемпионат Европы по гандболу среди женщин (Франция).
01676710-f800-4783-b5c3-acde2aebce60,2018-12-01,,Лопес Обрадор официально вступил в должность президента Мексики.
0167715d-7000-4958-9d85-a3a6d85b313f,2018-12-03,,президент Молдовы Игорь Додон временно отстранён от должности.
0167a4dc-f800-40ac-ae3d-dc3ccc47102c,2018-12-13,,"в Анкаре сошёл с рельсов скоростной поезд, погибли 9 человек, 46 пострадали."
0167af29-f000-497b-93b2-5e4dba7327cc,2018-12-15,,"раскол православной церкви: в Софийском соборе Киева прошёл объединительный собор с участием неканонических Киевского патриархата и УАПЦ, а также президента Украины Петра Порошенко, на котором объявили о создании новой Православной церкви Украины, подконтрольной Константинопольскому патриархату; каноническая УПЦ МП и Русская православная церковь отказались признавать новообразованную церковь и не принимали участие в соборе."
0167b44f-fc00-45e7-8e00-0151d641920c,2018-12-16,,в Телави состоялась торжественная церемония вступления в должность президента Грузии Саломе Зурабишвили.
0167d336-7400-41d4-b8e8-736d314362e4,2018-12-22,,"цунами в Зондском проливе, вызванное извержением вулкана Анак-Кракатау; 437 человек погибли."
0167fc69-7400-4a0c-afc9-89c7d5944200,2018-12-30,,всеобщие выборы в Демократической Республике Конго.
0168018f-7000-43f6-a890-4d7171500160,2018-12-31,,"обрушение подъезда жилого дома в Магнитогорске, спровоцированное взрывом бытового газа. Погибло 39 человек."
016806b5-fc00-4ece-9377-1431d1649dfa,2019-01-01,,Вступило в силу решение США о выходе из ЮНЕСКО;
016806b5-fc00-43fc-a0ef-80a77f082088,2019-01-01,,Вступило в силу решение Конституционного суда Австрии об отмене законодательных ограничений на регистрацию однополых браков;
016806b5-fc00-4cd5-8bcf-6c993d06ce85,2019-01-01,,Межпланетный зонд NASA New Horizons успешно пролетел мимо объекта пояса Койпера Аррокот (Ультима Туле);
016806b5-fc00-48d8-9245-1c38d5249c47,2019-01-01,,Катар приостановил членство в Организации стран — экспортёров нефти.
01681102-7400-4f4e-bb5b-98b64d994eeb,2019-01-03,,впервые в истории человечества китайская беспилотная станция «Чанъэ-4» совершила мягкую посадку на обратной стороне Луны.
01681b4f-7c00-46aa-922c-dcc36cd35716,2019-01-04,2019-01-06,"Раскол Православной церкви: Константинопольский патриарх Варфоломей подписал томос об автокефалии Православной церкви Украины, узаконив тем самым Предоставление автокефалии православной церкви на Украине; данное решение не признали и осудили Русская православная церковь и ряд других поместных православных церквей, в частности, Сербская православная церковь."
016860d5-7600-40dc-84fd-95912eb55efc,2019-01-05,2019-02-01,в ОАЭ прошёл 17-й Кубок Азии по футболу. Победила сборная Катара.
01682075-f800-4800-9596-9756e27cc06c,2019-01-06,,король Малайзии Мухаммад V отрёкся от престола. Исполняющим обязанности верховного правителя страны стал султан штата Перак Назрин Муизуддин Шах.
016849a8-7800-461f-8b10-f4bbcee1a4ce,2019-01-14,,при посадке в пригороде Тегерана военный грузовой самолёт Boeing 707 выкатился за пределы взлётно-посадочной полосы и врезался в стену. При крушении погибли 15 из 16 членов экипажа.
01685e41-f800-4a66-aa72-81a63534fde2,2019-01-18,,в результате взрыва и пожара на трубопроводе в мексиканском штате Идальго погибло 114 человек.
01686368-7400-4846-ae43-d8dd03230051,2019-01-19,,"в башкирском городе Сибай началась бесплатная раздача защитных масок и активированного угля для борьбы с окутавшим город смогом и загрязнением воздуха, вследствие которого в воздухе ощущается запах серы. Причиной тяжёлой экологической ситуации в городе в целом и держащегося с ноября 2017 года смога в частности предположительно является тление руды в карьере по добычи меди, работы на котором были остановлены в 2003 году."
0168688e-f000-4a53-8638-4728ae81a80b,2019-01-20,,в результате нападения исламистов в Мали погибли 8 миротворцев ООН.
01687d28-7000-4276-93f3-73067fb28e55,2019-01-21,2019-01-27,чемпионат Европы по фигурному катанию в Минске.
01687801-f400-434e-9c27-5aac275f8dcb,2019-01-23,,"кризис в Венесуэле: Хуан Гуайдо провозгласил себя исполняющим обязанности президента Венесуэлы; это решение поддержали США, ряд стран Латинской Америки (Группа Лимы) и Европы, действующую законную власть в лице президента Венесуэлы Николаса Мадуро, напротив, поддержали Россия, Боливия, Мексика, Сирия, Турция и Иран."
01687d28-7000-4a7b-a8c2-6f3302dca9a0,2019-01-24,,"В должность президента Демократической Республики Конго вступил Феликс Чисекеди. Таким образом, в ДРК впервые за 18 лет сменилась власть;"
01687d28-7000-4fe9-87ac-c3667011e926,2019-01-24,,Оболонский районный суд Киева заочно приговорил к 13 годам лишения свободы бывшего президента Украины Виктора Януковича по статьям о государственной измене и пособничестве в изменении границы страны и ведении войны.
0168824e-7c00-46c0-a4c3-21681dba07de,2019-01-25,,в Москве открылась первая выставка современного православного искусства.
01688c9b-7400-49fb-af9f-4c41bc409703,2019-01-27,,в результате организованного исламистами террористического акта в христианском соборе Богоматери Кармельской в филиппинском городе Холо погибли 18 человек.
01689c0e-7800-4d66-9451-654cda78fd26,2019-01-30,,в Санкт-Петербурге установлены православные терминалы для сбора пожертвований на лечение тяжелобольных детей.
0168a134-f400-4ec9-93c4-c8e4965cd8bb,2019-01-31,,новым королём Малайзии стал султан штата Паханг Абдулла II.
0168a65a-f000-4c9b-be69-b0034a93a23c,2019-02-01,,президент Всемирного банка Джим Ён Ким ушёл в отставку. Пост президента Всемирного банка заняла Кристалина Георгиева.
0168ab81-7c00-4218-bb9c-3c404dc50e7a,2019-02-02,,США приостановили действие Договора о ликвидации ракет средней и меньшей дальности (ДРСМД). Россия ответила симметрично.
0168b0a7-f800-48dd-8872-2cc78743da37,2019-02-03,,"в результате выборов президентом Сальвадора 53 % голосов избирателей избран Найиб Букеле. Явка избирателей составила 51,9 %."
0168d4b4-7c00-4674-9ba3-9c6bd7be3d68,2019-02-10,,"в башкирском городе Сибай, где с ноября 2017 года держится смог, зафиксировано превышение предельно допустимой концентрации диоксида серы в 23 раза."
0168df00-f400-407f-943a-68ce904a1549,2019-02-12,,"В силу вступило соглашение между Грецией и Македонией об официальном переименовании последней в Республику Северная Македония, что положило конец спору, длившемуся с 1991 года, и открыло возможность Северной Македонии вступить в НАТО и Европейский союз;"
0168df00-f400-432f-ac72-5a59444739b2,2019-02-12,,ГД РФ приняла в первом чтении внесённый сенатором Андреем Клишасом законопроект об изоляции российского сегмента сети Интернет.
0168e94d-fc00-432f-af69-cec235bdc2c3,2019-02-14,,"в результате атаки исламистов на кортеж с индийскими полицейскими в индийском штате Джамму и Кашмир (спорная территория Кашмир); 41 человек погиб. Впоследствии, этот теракт спровоцировал эскалацию индо-пакистанского противостояния в Кашмире."
01691280-7c00-4f30-8dfe-a6360ca6ec95,2019-02-22,,"Президент Судана Омар аль-Башир ввёл чрезвычайное положение в стране и распустил правительство, после продолжающихся третий месяц протестов."
01691ccd-7400-4982-b2f1-1ae6a2c1f376,2019-02-24,,"В результате парламентских выборов в Молдавии после подсчёта 100 % бюллетеней социалисты набирают 31,15 %, блок ACUM набрал 26,84 %, правящая сейчас Демпартия — 23,268 % голосов, Партия «ШОР» — 8,32 %. Остальные партии не сумели преодолеть избирательный порог в 6 %;"
01691ccd-7400-48ee-9765-dab2c95635bc,2019-02-24,,"В ходе референдума 90,6 % жителей Кубы проголосовали за утверждение новой конституции. Явка составила 84,4 % от списка избирателей;"
01692719-fc00-4ff2-a956-1bde6b221fe9,2019-02-26,,Папа Римский Франциск временно отстранил признанного виновным в насилии над детьми австралийского кардинала Джорджа Пелла от служения и от выполнения всех своих обязанностей;
01692719-fc00-4bf0-80cf-db4b898b161b,2019-02-26,,"Состоялось заседание Священного Синода Русской православной церкви, на котором были произведены ряд должностных перестановок."
0169368c-f000-4f0a-9ea8-1e655ae0fdd6,2019-03-01,,до 800 тысяч человек приняли участие в протестах по всей стране против выдвижения президента Алжира Абдель Бутефлика на пятый срок.
01693bb3-7c00-453e-8f2e-55f53854a3d0,2019-03-02,,Запуск нового федерального общероссийского спортивного телеканала «Матч! Страна».
01695573-7800-404c-9d95-7dbb3ddf6cb0,2019-03-07,,Депутаты Государственной думы Российской Федерации одобрили в третьем чтении законопроекты о блокировке фейковых новостей и наказании за проявление неуважения к власти в интернете.
01695a99-7400-4b45-9959-1af8ea651b58,2019-03-08,,"более 1 млн человек вышли на улицы городов Алжира, Орана, Константина, требуя от действующего 82-летнего президента Абдель Азиза Бутефлики не выдвигать свою кандидатуру на пятый срок."
016964e6-7c00-427c-a6ff-4e042798437c,2019-03-10,,"Boeing 737 MAX авиакомпании Ethiopian Airlines, на борту которого находились 157 человек, включая восьмерых членов экипажа, потерпел крушение недалеко от эфиопского города Дэбрэ-Зэйт; Погибло 157 человек. Катастрофа привела к массовому отказу авиакомпаний по всему миру от эксплуатации самолётов данного типа."
01697ea5-f800-4c2a-80a3-212eafa5d533,2019-03-15,,"в Новой Зеландии в результате стрельбы в мечетях города Крайстчерч погиб 51 человек, 40 ранены."
016988f2-f000-4560-87e1-d5380a8df711,2019-03-17,,на трассе «Альберт Парк» в Мельбурне состоялся первый этап «Формулы-1» 2019 сезона Гран-при Австралии.
01698e19-7c00-42b9-a15d-d96f7466b649,2019-03-18,,"в Утрехте совершён террористический акт. 37-летний турок расстрелял 10 пассажиров трамвая, из которых 4 погибли."
0169933f-7800-492d-b15f-3e64add21d7b,2019-03-19,,"президент Казахстана Нурсултан Назарбаев объявил об уходе в отставку. На должность президента был назначен Касым-Жомарт Токаев. Таким образом, в Казахстане впервые после обретения независимости сменился президент."
0169a7d8-f800-4a12-b484-f25ad510f7f1,2019-03-23,,"«Сирийские демократические силы» объявили об освобождении от террористов из «Исламского государства» сирийского Багуза — города, который считался последним оплотом ИГ на территории Сирии;"
0169a7d8-f800-42c6-85de-0fe88b693c72,2019-03-23,,Президент Казахстана Касым-Жомарт Токаев подписал указ о переименовании Астаны в Нур-Султан.
0169acff-7400-4dd7-8e93-a9ee11716d67,2019-03-24,,в столице Индонезии Джакарте открылась первая линия метрополитена.
0169b225-f000-4227-94c9-ba33fda331f9,2019-03-25,,президент США Дональд Трамп подписал декларацию о признании США суверенитета Израиля над Голанскими высотами.
0169b74b-fc00-484e-92cb-1183dd181710,2019-03-26,,в Ингушетии возобновились протесты. Митинг в Магасе объявлен бессрочным.
0169cbe5-7c00-460c-9bc2-afa7f4375d0b,2019-03-30,,"второй тур президентских выборов в Словакии, победу одержала Зузана Чапутова, которая стала первой в истории Словакии женщиной на посту президента."
0169d10b-f800-4138-96e8-e3f18cf836db,2019-03-31,,На Международном автодроме Бахрейна состоялся второй этап «Формулы-1» 2019 сезона Гран-при Бахрейна;
0169d10b-f800-4579-9551-bc676d7a3e7e,2019-03-31,,"В Турции прошли муниципальные выборы, по итогам которых на посты глав крупнейших городов страны — Анкары, Измира и Стамбула, были избраны представители оппозиционной республиканской народной партии."
0169d10b-f800-4bb3-88df-968aa27f9d32,2019-03-31,,Пьюдипай выпустил песню «Congratulations».
0169e07e-fc00-4a03-b064-17df5a128460,2019-04-03,,"Начался судебный процесс над бывшим премьер-министром Малайзии Наджибом Разаком, обвиняемым в краже 700 миллионов долларов из инвестиционного фонда 1MDB;"
0169e07e-fc00-40cd-8430-8498b0db6099,2019-04-03,,"В Брунее принят новый уголовный кодекс, нормы которого основаны на законах шариата. В частности, новым кодексом предусмотрены такие наказания, как отрубание рук за кражи (для лиц, достигших 15 лет), забивание камнями за прелюбодеяние, гомосексуализм и анальный секс, а также битьё плетью и тюремное заключение за внебрачный секс."
0169f518-7c00-4f60-8c21-5a3541951cea,2019-04-07,,В Архангельске прошла несанкционированная властями акция протеста (марш и митинг) против строительства на станции «Шиес» полигона для мусора из Москвы;
0169f518-7c00-4de7-a7b0-e6a63f0939da,2019-04-07,,"В столице Судана Хартуме прошли организованные местными профсоюзами многотысячные акции протеста с призывом отставки президента Омара аль-Башира, правящего страной более 20 лет. Одной из мер борьбы с протестующими, помимо попыток их разгона, стало отключение интернета. Поводом для непрекращающихся с декабря 2018 года протестов послужило повышение цен на топливо и продукты питания."
016a09b1-fc00-40f1-a174-251d8a2ee972,2019-04-08,2019-04-14,"чемпионат Европы по борьбе (Бухарест, Румыния)."
016a048b-7000-4e83-871e-f2d6823e0264,2019-04-10,,астрофизики получили первые в истории фотографии чёрной дыры.
016a09b1-fc00-4af7-8517-3d9a5a2b8ba8,2019-04-11,,"В Судане произошёл военный переворот, в ходе которого президент Судана Омар аль-Башир, который правил страной 30 лет, отстранён от власти и был помещён под домашний арест после многомесячных протестов;"
016a09b1-fc00-4807-8502-967ec97c8e9a,2019-04-11,,Депутаты ГД РФ приняли во втором чтении законопроект о «суверенном интернете».
016a0ed8-7800-4fb9-8241-0651424f3865,2019-04-12,,Великобритания и Еврокомиссия согласовали отсрочку выхода Великобритании из ЕС (Brexit) до 31 октября.
016a1e4b-7c00-4416-8454-8a2c79566af6,2019-04-15,,крупный пожар в соборе Парижской Богоматери.
016a2897-f400-4271-8bcd-3c0cd646cb09,2019-04-17,,"бывший президент Перу Алан Гарсия покончил с собой, когда полицейские прибыли в его дом в Лиме, столице страны, чтобы задержать в рамках расследования дела о коррупции."
016a3d31-7400-44d7-929b-a00d69b8e11e,2019-04-21,,"Второй тур президентских выборов на Украине; по итогам выборов победу одержал Владимир Зеленский, а действующий президент Пётр Порошенко признал поражение;"
016a3d31-7400-4427-b87a-e866e9ca079b,2019-04-21,,"На католическую Пасху в Шри-Ланке исламские террористы совершили террористическую атаку: в разных частях страны, включая столицу Шри-Ланки город Коломбо, прогремели 8 взрывов; жертвами стали 269 человек, более 500 человек были ранены."
016a477d-fc00-4bf0-a8b2-84d21aea77c0,2019-04-23,,"Министерство внутренних дел Саудовской Аравии заявило, что в стране казнены 37 человек, подозревавшихся в терроризме — это самая массовая казнь в Саудовской Аравии за последние три года. Все казнённые, как сообщается, были шиитами, а признания, данные ими, были получены под пытками."
016a5c17-7c00-451f-9cd0-561ff6d69042,2019-04-26,2019-04-28,Кубок мира по художественной гимнастике.
016a613d-f800-4a52-9c2e-f1b9f4fa85cc,2019-04-28,,"Парламентские выборы в Испании, победу одержала правящая ИСРП;"
016a613d-f800-4f34-a2c1-3ee44aa1c500,2019-04-28,,В Баку состоялся четвёртый этап «Формулы-1» 2019 сезона Гран-при Азербайджана.
016a70b0-fc00-49b0-a06c-4d13fa501046,2019-05-01,,Состоялась церемония восшествия на престол императора Японии Нарухито.
016a70b0-fc00-4163-90b3-2933ab2ab133,2019-05-01,,Президент России Владимир Путин подписал закон о «суверенном интернете».
016a854a-7c00-46bb-a4fa-639168a8c6bd,2019-05-05,,Катастрофа SSJ 100 в аэропорту Шереметьево в Москве; погиб 41 человек;
016a854a-7c00-44f8-9725-8566d6427479,2019-05-05,,Президентские выборы в Северной Македонии. Победу одержал Стево Пендаровский.
016a94bd-7000-44d2-aef1-b71f09cc7239,2019-05-08,,"Парламентские выборы в ЮАР. Большинство голосов (57,5 %) получила правящая партия «Африканский национальный конгресс»."
016ac83c-f800-498a-a776-2c4000133612,2019-05-10,2019-05-26,Чемпионат мира по хоккею с шайбой 2019 в Братиславе и Кошице. Победила сборная Финляндии.
016abdf0-7000-420b-a979-55407f593524,2019-05-14,2019-05-18,"конкурс песни Евровидение-2019 (Тель-Авив, Израиль). Победил певец из Нидерландов Дункан Лоуренс."
016ac5a9-fa00-4f0d-a7bd-ea28553fa322,2019-05-16,2019-05-19,"Чемпионат Европы по художественной гимнастике 2019 в Баку, Азербайджан."
016ad289-f000-4a18-a0f2-6f0021d945f8,2019-05-20,,Владимир Зеленский вступил в должность президента Украины.
016ad7b0-7c00-461a-b0db-3f5b2fed2c46,2019-05-21,,Появилась Windows Server 2019.
016ae9b6-7e00-4649-9d8f-24a7e231f86f,2019-05-23,2019-05-26,выборы в Европарламент.
016af16f-f800-4bbb-99db-69ac0d10371e,2019-05-26,,Второй тур президентских выборов в Литве. Победу одержал Гитанас Науседа.
016b00e2-fc00-4b0e-8023-d96c01d45261,2019-05-29,,Президентские выборы в Латвии. Победу одержал Эгил Левит;
016b00e2-fc00-459b-9512-42d16557c11b,2019-05-29,,Финал Лиги Европы УЕФА 2019 состоялся на Бакинском олимпийском стадионе.
016b1056-7000-4043-8141-c2349156d931,2019-06-01,,Финал Лиги чемпионов УЕФА 2019 состоялся на мадридском стадионе «Ванда Метрополитано».
016b3462-f400-41f0-9702-36472b8a164e,2019-06-07,2019-06-09,WWDC в Калифорнии.
016b3988-f000-4940-9d8d-f6ed3f5141d6,2019-06-09,,внеочередные президентские выборы в Казахстане. Победу одержал действующий президент Касым-Жомарт Токаев.
016b48fb-f400-4972-a01a-bc48e2e0e0ce,2019-06-12,,в должность президента Казахстана вступил Касым-Жомарт Токаев.
016b81a1-f800-496b-a7b9-cf591d7e2f51,2019-06-23,,в ходе повторных выборов мэра Стамбула победил кандидат от оппозиционной Народно-республиканской партии Экрем Имамоглу.
016b86c8-7400-4e29-a3dc-c40583acd67d,2019-06-24,,"Взрывы в городе Арыс, Туркестанская область Республики Казахстан; более 70 человек пострадали;"
016b86c8-7400-47ec-aa7e-78aa8d8d2ff3,2019-06-24,,Бывший министр обороны Мухаммед ульд аш-Шейх аль-Газуани победил на президентских выборах в Мавритании.
016b9b61-f400-45c3-80c3-3cbf5ed7546c,2019-06-28,,"в городе Тулун Иркутской области из-за проливных дождей прорвало дамбу. Погибли 26 человек. Повреждено более 3 тысяч домов. Федеральная трасса Р-255 «Сибирь» на протяжении шести километров оказалась затоплена. Затоплено 13 населённых пунктов, включая город Тулун."
016b8e81-fe00-4c61-9dd2-9b9436bad5a6,2019-06-21,2019-06-30,в столице Белоруссии Минске прошли II Европейские игры. Сборная России заняла первое место в общем медальном зачёте.
016ba5ae-7c00-4e7e-8b8c-054e9ebe4826,2019-06-30,,в Баку (Азербайджан) состоялось открытие 43-й сессии Комитета всемирного наследия ЮНЕСКО.
016bc9ba-f000-4696-beb8-6bee14bd9d7f,2019-07-07,,на досрочных парламентских выборах в Греции победу одержала партия Новая демократия.
016c0260-f400-4468-891f-7876790e3cf3,2019-07-18,,в результате умышленного поджога произошёл пожар в здании японской студии Kyoto Animation; погибли 36 человек.
016c11d3-f800-4ee2-971a-ad93013192ad,2019-07-21,,"внеочередные парламентские выборы на Украине. На выборах победила партия «Слуга народа» президента Владимира Зеленского, набрав 43,16 % голосов избирателей и 254 места в Верховной Раде."
016c2147-7c00-4d90-a7a4-e7cf44b0e485,2019-07-24,,Борис Джонсон вступил в должность премьер-министра Великобритании.
016c4a79-fc00-40e6-8f41-b351b076b530,2019-08-01,,датский полярный исследовательский институт Polar Portal сообщает о большом всплеске потерь льда в Гренландии: 4 миллиарда тонн растаяли за один день и 177 гигатонн в июле.
016c4fa0-7800-4200-ab25-0f7d6cf24f1e,2019-08-02,,"США официально выходят из Договора о ядерных силах средней дальности, заключённого с СССР в 1987 году."
016c54c6-f400-44ab-9f15-f76eaff7ddf6,2019-08-03,,"стрельба в магазине Walmart в Эль-Пасо, штат Техас, США, в результате которой погибли 22 человека и ещё 24 получили ранения."
016c59ed-7000-4c82-a99b-e3c83db91e36,2019-08-04,,"взрыв в Каире: автомобиль врезался в три других автомобиля, вызвав взрыв у Национального института рака Египта в Каире, убив по меньшей мере 20 человек и ранив 47 других."
016c5f13-7c00-48d4-abe3-a1f0ddc7e2b5,2019-08-05,,"Индия отменяет статью 370 конституции, которая даёт управляемому Индией Кашмиру особый статус;"
016c5f13-7c00-4b2a-a294-df18f2a23463,2019-08-05,,На фоне продолжающихся протестов в Гонконге проходят первые с 1967 года всеобщие забастовки подобного рода.
016c6960-7400-4bd1-9448-72714db26730,2019-08-07,,"Сингапурская конвенция о посредничестве, также известная как Конвенция ООН о международных соглашениях об урегулировании споров, возникающих в результате посредничества, вступает в силу с момента её ратификации 46 странами. Государства, ратифицировавшие договор, должны будут обеспечить, чтобы международные соглашения об урегулировании коммерческих споров выполнялись их судами."
016c78d3-7800-4449-ad2e-b794769303f4,2019-08-10,,"прошёл массовый митинг оппозиции на проспекте Академика Сахарова в Москве. Митингующие протестовали против решения ЦИК, которая не приняла заявку на вступление в кандидаты Мосгордумы Любови Соболь. Это уже третий митинг оппозиции."
016ce4f8-f400-4b9b-9c7e-26e5cf96a5b6,2019-08-31,,объявлен дефолт по государственному долгу Аргентины.
016cef45-7c00-47a1-bd50-828ebba949f7,2019-09-02,,премьер-министр Грузии Мамука Бахтадзе ушёл в отставку.
016d0e2b-f400-4750-bca5-3c213f8613fc,2019-09-08,,единый день голосования в России.???
016d41ab-7c00-4df4-a187-d1c8ef8cde8f,2019-09-14,2019-09-22,"Чемпионат мира по борьбе (Астана, Казахстан)."
016d2d11-fc00-49ff-ac2a-e47fc6d4e7dd,2019-09-14,,беспилотниками совершенно нападение на завод первичной переработки нефти в Абкайке и нефтеперерабатывающий завод на месторождении Хурайс. Ответственность на себя взяли хуситы.
016d443e-7a00-48fa-b929-434c84e7e3c7,2019-09-16,2019-09-21,стратегические командно-штабные учения (СКШУ) Центр-2019.
016d4bf7-f400-4e3d-80ae-270f7c6fbe79,2019-09-20,,выбран губернатор Челябинской области Алексей Леонидович Текслер.
016d7a51-7000-4aee-b92d-bf856c632443,2019-09-29,,досрочные парламентские выборы в Австрии.???
016d849d-f800-4ac8-a2ab-5081d837dc20,2019-10-01,,В Ираке начались массовые протесты;???
016d849d-f800-425e-a0a0-4b3ff2db4727,2019-10-01,,"В столице Ирана Тегеране задержана российская журналистка Юлия Юзик, наиболее известная как автор книги о чеченских террористках-смертницах «Невесты Аллаха»;"
016d849d-f800-41b9-9a80-a93757f81774,2019-10-01,,Турция начала военную операцию «Источник мира» на территории Сирии.
016dc790-f400-4d67-a356-34adec24867b,2019-10-14,,"Начало протестных акций в Гвинее, против поправки к конституции, позволяющей президенту переизбираться на третий срок;"
016dc790-f400-4a79-9dc1-d76768b60718,2019-10-14,,"Начало протестных акций в Каталонии, вызванных репрессиями в отношении лидеров каталонских сепаратистов;"
016dc790-f400-464b-8cbf-f9b03febd17f,2019-10-14,,"Начало протестов в Чили, вызванных подорожанием цен на метро."
016dd703-f800-4a74-b37e-6eb4e725e0fc,2019-10-17,,начало массовых протестов в Ливане.
016ddc29-f400-4928-bc4f-e01990ec90dc,2019-10-18,,в Исламской Республике Афганистан в результате теракта в мечети во время пятничной молитвы погибли более 60 человек.
016df0c3-7400-420f-bf29-b85b8ec22b4e,2019-10-22,,"Британская «невеста джихада» Шамима Бегум заявила, что намерена опротестовать в суде лишение её гражданства Великобритании."
016e055c-f400-4fb2-a22d-35e47a1b65fd,2019-10-26,,в результате спецоперации американских военных был убит лидер ИГ Абу Бакр аль-Багдади.
016e1f1c-f000-4bef-8aee-b0686900f604,2019-10-31,,"в Турции освобождён из тюрьмы турецкий политик Эрен Эрдем, который был обвинён в терроризме после публикации документов о связях турецкого правительства с ИГ."
016e2442-fc00-418e-a90d-98a22122ae3c,2019-11-01,,В России вступил в силу Закон о «суверенном интернете»;
016e2442-fc00-4199-b7ad-efec4dab4a2d,2019-11-01,,"Верховный суд России удовлетворил иск минюста, ликвидировав правозащитную организацию «За права человека»."
016e2969-7800-4ec9-a7ab-68d0a114e62a,2019-11-02,,"Сборная ЮАР по регби выиграла чемпионат мира в Японии, победив сборную Англии со счётом 32:12;"
016e2969-7800-46ed-8b52-2ec0a916f220,2019-11-02,,"Монголия депортировала 758 граждан КНР, задержанных в Улан-Баторе по подозрению в совершении киберпреступлений с использованием более тысячи высокопроизводительных компьютеров и 10 тысяч мобильных телефонов."
016e2e8f-f400-4f64-9265-c8458ba79d02,2019-11-03,,Видение Саудовской Аравии 2030: Совет директоров Управления по рынку капитала Саудовской Аравии утвердил заявку национальной нефтяной компании Saudi Aramco (крупнейшая нефтяная компания в мире) на проведение первичного размещения части своих акций;
016e2e8f-f400-4d82-874c-57dcd913a241,2019-11-03,,В столице Республики Башкортостан городе Уфа совершён поджог мечети «Хамза».
016e3e02-f800-42d0-8e6e-30ad83c3d104,2019-11-06,,Афганские исламисты атаковали заставу на таджикско-узбекской границе;
016e3e02-f800-4260-817d-42ffd448fcd1,2019-11-06,,"Мосгорсуд удовлетворил иск минюста, ликвидировав НКО «Центр содействия коренным малочисленным народам Севера»;"
016e3e02-f800-4c07-bc01-a7bcbde6af18,2019-11-06,,"В Гонконге совершено нападение на политика Юниуса Хо, поддерживавшего жёсткие меры по борьбе с протестующими."
016e4329-7400-4bab-b4a8-36e2c891a19d,2019-11-07,,исследователи из фармацевтической компании Abbott Laboratories впервые с 2000 года выявили новый штамм вируса иммунодефицита человека.
016e484f-f000-41c0-8227-3b17efd489ba,2019-11-08,,"министр внутренних дел Турции Сулейман Сойлу заявил, что 11 ноября Турция начнёт экстрадицию арестованных боевиков Исламского государства в страны их происхождения."
016e529c-7800-49eb-be86-cea5f7ef13c9,2019-11-10,,"Президент Боливии Эво Моралес заявил о проведении повторных президентских выборов на фоне протестов, начавшихся из-за результатов выборов, прошедших менее месяца назад;"
016e529c-7800-4d67-8e13-e369d59723c8,2019-11-10,,Во Франции уроженец Чечни приговорён к 10 годам тюремного заключения за участие в боевых действиях на территории Сирии;
016e529c-7800-468b-9734-a67ad7be58a1,2019-11-10,,"В Испании прошли парламентские выборы, большинство голосов набрала испанская социалистическая рабочая партия."
016e57c2-f400-417a-95b3-b3a17cc6f6a1,2019-11-11,,полиция Гонконга применила против протестующих боевое оружие.
016e5ce8-f000-4bda-8335-35c34caa65f1,2019-11-12,,Началось сильнейшее с 1966 года наводнение в Венеции;
016e5ce8-f000-46ce-9b90-38fbb398cdc5,2019-11-12,,"Белит Онай избран мэром Ганновера, он стал первым этническим турком, избранным главой крупного города Германии;"
016e5ce8-f000-4cf0-a1b3-5b7feabdb10e,2019-11-12,,По меньшей мере 26 человек погибли в различных районах Бангладеш из-за циклона «Булбул».
016e620f-7c00-4336-be75-929eddda3ce1,2019-11-13,,зонд Хаябуса-2 отправился с астероида Рюгу на Землю.
016e6735-f800-4ed3-8914-6fea738eb22b,2019-11-14,,Студент Амурского колледжа строительства и ЖКХ в Благовещенске устроил стрельбу в учебном заведении и покончил с собой;
016e6735-f800-497d-8e60-567fb5a6635e,2019-11-14,,"Временный президент Боливии Жанин Аньес назначила 11 министров, которые составят основу переходного правительства страны, призванного провести новые всеобщие выборы."
016e7182-7000-4984-89a4-2dcd165002f9,2019-11-16,,Автоматическая межпланетная станция японского аэрокосмического агентства JAXA «Хаябуса-2» покинула орбиту вокруг астероида Рюгу и взяла курс на Землю.
016e76a8-fc00-4c54-bab7-c94b9b5a9b04,2019-11-17,,"Правительство Ирана, пытаясь подавить протесты, отключило в стране интернет и мобильную связь;"
016e76a8-fc00-4316-8602-444c7ef319a3,2019-11-17,,"В Элисте прошёл митинг против назначения главой города Дмитрия Трапезникова, ранее входившего в руководство «Донецкой республики»;"
016e76a8-fc00-4f9c-bfa8-52642f06f3ea,2019-11-17,,В Германии прошёл митинг против вывоза ядерных отходов в Россию.
016e76a8-fc00-4e81-8c9a-d08a9273d24b,2019-11-17,,Начало пандемии COVID-19.
016e7bcf-7800-44d6-82c6-845770443dec,2019-11-18,,Кайл Буш выиграл гонку Ford EcoBoost 400 в Хомстеде и во второй раз стал чемпионом Кубка NASCAR;
016e7bcf-7800-4e8e-a472-8ccb1c638c73,2019-11-18,,Россия передала захваченные в Керченском проливе корабли (катера «Никополь» и «Бердянск» и буксир «Яны Капу») Украине;
016e7bcf-7800-40c8-a9e7-8f44c616d213,2019-11-18,,"Стало известно, что суд признал погибшим сотрудника ЧВК «Вагнер» Григория Цуркану, осенью 2017 года попавшего в плен бойцам сирийской оппозиции."
016e80f5-7400-452b-b175-dbd9466beb4b,2019-11-19,,"Правление Сбербанка одобрило продажу «золотой акции» «Яндекса», купленной в августе 2009 года, головной компании «Яндекса» Yandex N.V.. Несколько дней ранее были одобрены изменения в структуру правления «Яндекса», которые включают в себя создание семейного траста, расширение прав «Золотой акции», а также её передачу «Фонду общественных интересов», который будет управляться советом директоров. После реформы правления акции «Яндекса» выросли на 10 %, частично отыграв падение на 15 %, ставшее следствием рассмотрения в ГД РФ законопроекта, ограничивавшего долю иностранного капитала в «значимых интернет-компаниях»;"
016e80f5-7400-4709-84a0-c5be2a61df2a,2019-11-19,,"ГД РФ приняла во втором чтении законопроект, который позволит признавать «иностранными агентами» физических лиц, если они «распространяют» (в том числе репостят) информационные материалы, участвуют в их создании или получают финансирование из-за рубежа."
016e861b-f000-4574-af00-7aec1b9207f2,2019-11-20,,"Синдзо Абэ установил рекорд по длительности пребывания на посту премьер-министра Японии за всю историю страны, сместив с первого места Таро Кацуру, который возглавлял кабмин в начале прошлого века;"
016e861b-f000-41b9-b57a-97055e4270bf,2019-11-20,,"Американская радиостанция Hal Turner Radio Show сообщила о том, что в Южно-Китайском море на глубине 50 метров произошёл подводный ядерный взрыв мощностью от 10 до 20 килотонн в тротиловом эквиваленте."
016e8b42-7c00-4d20-ac7c-f56dfe62ea4e,2019-11-21,,В Москве открыли Московские центральные диаметры;
016e8b42-7c00-40d4-9804-185c27610088,2019-11-21,,Госдума РФ приняла законы о признании физических лиц «иностранных агентах» и обязательной предустановке российского ПО на технически сложные товары.
016e958e-f400-4e71-9811-16d8b68f4b99,2019-11-23,,В Париже и ряде других городов Франции прошли митинги против домашнего насилия;
016e958e-f400-4784-b450-253dccef45c6,2019-11-23,,В городе Москве православные активисты провели митинг против принятия закона о домашнем насилии;
016e958e-f400-46d5-b490-4304dc3f51f1,2019-11-23,,Состоялся референдум о независимости Бугенвиля от Папуа — Новой Гвинеи.
016e9ab5-7000-42fc-94ad-871f643e08c2,2019-11-24,,Бывший мэр Нью-Йорка и мультимиллиардер Майкл Блумберг официально объявил о решении участвовать в борьбе за выдвижение кандидатом в президенты США от Демократической партии;
016e9ab5-7000-47ef-a795-39d139890a43,2019-11-24,,"В Гонконге прошли местные выборы, победу на них одержали демократические партии, пропекинские кандидаты получили 60 мест из 452."
016ea501-f800-47f5-88d2-31956ff9c545,2019-11-26,,"землетрясение магнитудой 6,4 в Албании, погиб 51 человек."
016eaa28-7400-4bae-8007-ff0e3eeef8bd,2019-11-27,,Депутаты Европарламента утвердили новый состав Еврокомиссии во главе с Урсулой фон дер Ляйен;
016eaa28-7400-47d8-98ea-10a8ec7ede45,2019-11-27,,Была открыта M-11 — платная скоростная автомагистраль между Санкт-Петербургом и Москвой.
016ecba1-fa00-4a69-9264-49f1d4a628f0,2019-11-30,2019-12-07,завершилось Евровидение Азия 2019.
016ed881-f000-4ebf-b635-1d26bd9fe4c8,2019-12-06,,пожар в Одесском колледже экономики. Погибло 16 человек.
016ee2ce-7800-40ce-b9ef-e4f9d63696c7,2019-12-08,,"началась пандемия коронавируса SARS-CoV-2, вызывающего COVID-19."
016ee7f4-f400-4ee8-99f9-dca24aeac894,2019-12-09,,"Решение ВАДА по которому Россия была лишена права участия в соревнованиях на 4 года, права на принятие мировых соревнований;"
016ee7f4-f400-4683-b1b8-53fc94a76f54,2019-12-09,,"В Париже прошёл саммит Нормандской четвёрки: Германии, Франции, России и Украины, по итогам которого территориям Донецкой и Луганской областей, находящимся под контролем самопровозглашённых ДНР и ЛНР продлевается статус «особого региона», и разводятся силы ещё в трёх населённых пунктах. Также прошли двусторонние встречи."
016f164d-f000-4af5-8ee4-196c05085524,2019-12-18,,"с космодрома Куру с при помощи ракеты-носителя «Союз» запущен космический телескоп «Хеопс», предназначенный для поиска и изучения экзопланет."
016f3a5a-7400-4707-9d62-5058da8bf040,2019-12-25,,состоялось открытие железнодорожной части Крымского моста через Керченский пролив.
016f44a7-7c00-447b-8985-18a54b7849f4,2019-12-27,,"авиакатастрофа Fokker 100 близ Алма-Аты, 13 погибших и 52 пострадавших. Самолёт принадлежит компании Bek Air."
016f49cd-7800-4e6e-aded-4d047c6fed2b,2019-12-28,,теракт в Могадишо унёс жизни свыше 90 человек.
016f5940-fc00-4266-bead-32c2c8a61b2e,2019-12-31,,Нападение на посольство США в Багдаде;
016f5940-fc00-4986-9a39-f3ebaab8b653,2019-12-31,,Зарегистрированы первые случаи заболевания COVID-19
016f5e66-f800-4e78-a7b7-238e2ef96cc8,2020-01-01,,"Во Франции вступил в силу запрет на производство и импорт продуктов питания, содержащих пищевой краситель Е171 (диоксид титана);"
016f5e66-f800-4926-859d-ab93c5c6b6ea,2020-01-01,,Хорватия возглавляет председательство в Европейском Союзе.
016f5e66-f800-4fcc-b3f8-ed9ab5bfdcf6,2020-01-01,,"Наводнения обрушились на Джакарту, Индонезия, в результате чего погибло 66 человек. Это было самое сильное наводнение в Джакарте за последние 10 лет."
016f638d-7400-41c6-b92c-ca01b42314b8,2020-01-02,,королевские военно-воздушные силы Австралии и военно морской флот направляются в Новый Южный Уэльс и Викторию для оказания помощи в проведении массовой эвакуации во время сезона лесных пожаров в Австралии 2019—2020 годах.
016f68b3-f000-4486-84dc-1bc925b64d3f,2020-01-03,,"генерал КСИР Касем Сулеймани был убит в ходе ракетного удара США по аэропорту Багдада. А также был убит глава Сил народной мобилизации Абу Махди аль-Мухандис При обстреле погибло десять человек, более десяти пострадали. В Пентагоне сообщили, что приказ об уничтожении генерала был отдан лично президентом США Дональдом Трампом. Бывший командующий КСИР, секретарь Совета целесообразности Ирана Мохсен Резайи отреагировал на гибель генерала обещанием жестокой мести США."
016f7300-7800-4b24-be8e-0ec0464eccca,2020-01-05,,"Иран вышел из последней ядерной сделки, заключённой в 2015 году."
016f7300-7800-43e2-ac9e-1b4552436a34,2020-01-05,,Президент Турции Реджеп Тайип Эрдоган объявляет о развертывании турецких войск в Ливии от имени поддерживаемого Организацией Объединённых Наций Правительства национального согласия.
016f7300-7800-4db0-9fcd-13976edab100,2020-01-05,,"Кандидат от оппозиционной Социал-демократической партии Хорватии, бывший премьер-министр Зоран Миланович победил во втором туре выборов президента страны."
016f7300-7800-4939-b99c-ae5a3b0b744a,2020-01-05,,Луис Парра утверждён на должности спикера Национальной ассамблеи Венесуэлы.
016f7d4d-7000-4184-ae93-29e7a39c8233,2020-01-07,,"Парламент Ирана назвал Пентагон террористической организацией, а также всех командиров, агентов и иных лиц, причастных к смерти генерала Касема Сулеймани. Фактически вся армия США была объявлена парламентом Ирана «террористической организацией»."
016f7d4d-7000-4a56-8e49-c7b541e3bffd,2020-01-07,,"На похороны Касема Сулеймани приехало около 800 тысяч человек, в результате чего возникла массовая давка, в которой погибло 56 человек."
016f8273-7c00-413a-994b-c94e5379a1a9,2020-01-08,,"В Иране был сбит пассажирский самолёт Boeing 737-800 авиакомпании Международные авиалинии Украины, летевший из Тегерана в Киев рейсом PS 752, все находившиеся 176 человек на борту погибли. Ответственность за катастрофу взял на себя Иран."
016f8273-7c00-4e49-951a-a3632b380ffd,2020-01-08,,"Несколько военных объектов США на территории Ирака атакованы Корпусом стражей исламской революции (КСИР) Ирана. Корпус стражей исламской революции взял на себя ответственность за удар по американской авиабазе в Ираке, уточнив, что это месть за убийство американскими военными генерала Касема Сулеймани."
016f8273-7c00-49fe-928c-e1d194bfb0f1,2020-01-08,,Президент России Владимир Путин и президент Турции Реджеп Эрдоган открыли «Турецкий поток».
016f8799-f800-41b5-9be9-8a7d080b43ec,2020-01-09,,В Абхазии начались акции протеста оппозиции с требованием отставки президента Рауля Хаджимбы.
016f8799-f800-406a-b689-11b64176e53d,2020-01-09,,Нью-Йоркским подростком обнаружена редкая циркумбинарная планета под названием TOI 1338-b.
016f8799-f800-4b83-8822-6b11e5cc01c5,2020-01-09,,Боевики Исламского Государства в Большой Сахаре напали на нигерийскую военную базу в Чинагодраре убив по меньшей мере 89 нигерийских солдат.
016f8cc0-7400-4520-b983-f606e1586c08,2020-01-10,,Верховный суд Абхазии отменил итоги выборов президента и обязал ЦИК провести новые выборы;
016f8cc0-7400-4d70-bbe0-599063774bb8,2020-01-10,,"Султан Омана Кабус бен Саид скончался бездетным после 49 лет правления, его преемником стал Хейсам бен Тарик."
016fa3ec-f200-4066-88aa-004ef87f2845,2020-01-10,2020-01-19,в Лозанне (Швейцария) прошли III Зимние юношеские Олимпийские игры.
016f91e6-f000-4fc3-9cc7-d54cf2fa5c8e,2020-01-11,,Началось распространение COVID-19;
016f91e6-f000-41b3-830a-ab1cc120621e,2020-01-11,,Цай Инвэнь была избрана президентом Китайской Республики.
016f970c-fc00-4af4-8f2c-3bc2968a1c23,2020-01-12,,"На Филиппинах, в 80 километрах от Манилы, извержение вулкана Тааль. Пепел был выброшен на высоту 1 километр. Временно приостановлена работа международного аэропорта Манилы."
016f970c-fc00-46ee-abb2-ae6e2848c407,2020-01-12,,Президент Абхазии Рауль Хаджимба объявил о своей отставке.
016f9c33-7800-4510-8857-9297384d9fd0,2020-01-13,,Исполняющим обязанности президента Абхазии назначен Валерий Бганба;
016f9c33-7800-4d36-8bde-cf9bcaf732b5,2020-01-13,,"Вулкан Тааль, начавший извергаться одним днём ранее, в 3:20 утра по местному времени начал извергать фонтан лавы. Власти Филиппин предупреждают о возможном начале более сильного извержения. Эвакуированы 80 тысяч человек в радиусе 14 километров."
016fa159-f400-4b3f-bb33-54a3ce5e5a4e,2020-01-14,,прекращена поддержка обновлений операционной системы Windows 7 (для корпоративных пользователей продлена до января 2023 года).
016fa67f-f000-4072-bcf9-c7ff705c5b7e,2020-01-15,,Правительство России во главе с Дмитрием Медведевым ушло в отставку;
016fa67f-f000-4ac9-bcc2-2fc4918755c1,2020-01-15,,США и Китай подписали торговую сделку «Фаза — 1».
016faba6-7c00-43c5-8196-0ce897da43a7,2020-01-16,,Владимир Путин подписал указ о назначении председателем правительства Михаила Мишустина.
016fbb19-7000-4818-a8fe-833be07253f2,2020-01-19,,Конференция по Ливии в Берлине;
016fbb19-7000-48e3-95f0-37af32dc8d9a,2020-01-19,,Россия и Турция завершили сделку по ЗРК С-400.
016fc03f-fc00-476b-be07-9297636cbb0e,2020-01-20,,Владимир Путин освободил от должности генпрокурора Юрия Чайку и внёс в Совет Федерации кандидатуру Игоря Краснова на должность Генерального прокурора РФ;
016fc03f-fc00-4b0e-b225-18701006fc19,2020-01-20,,Правительство Узбекистана ушло в отставку.
016fc566-7800-4eea-99c6-f0439d300f54,2020-01-21,,в России было окончательно сформировано новое правительство во главе с председателем Михаилом Мишустиным. США и Евросоюз назвали это событие в СМИ «российской перестройкой» (по аналогии с советской «перестройкой» Михаила Горбачёва).
016fca8c-7400-4d77-b2a4-972f26ce670e,2020-01-22,,"президентские выборы в Греции. Победу одержала Катерина Сакелларопулу, ставшая первой в истории Греции женщиной, избранной на пост президента."
016fcfb2-f000-419e-802d-47f628116798,2020-01-23,,обе палаты парламента Великобритании утвердили законопроект о Brexit. Закон подписала королева Великобритании Елизавета II.
016fd4d9-7c00-47a1-8efb-f2c48c8c72c9,2020-01-24,,Главы Европейского совета и Европейской комиссии подписали соглашение о Brexit.
016fd4d9-7c00-4334-b470-c973bb7665b3,2020-01-24,,"Землетрясение на востоке Турции рядом с городом Элязыгом магнитудой 6,8. Погиб 41 человек, более 1000 человек ранены и десятки остаются под завалами разрушенных домов. 42 человека удалось вызволить из под завалов."
016fdf25-f400-4318-a99f-8744997b78e5,2020-01-26,,досрочные парламентские выборы в Перу.
016fe972-fc00-40fe-ba8e-32b62aad0d68,2020-01-28,,китайский город Тяньцзинь с населением более 15 млн человек вводит военное положение в связи с вспышкой коронавируса 2019-nCoV.
016fee98-f800-4db4-990a-0f02ce305e72,2020-01-29,,из-за сильнейших ливней в Бразилии начались многочисленные паводки в результате которых погибли 64 человека. Свыше 30 тысяч людей остались без жилья. Ущерб может достигнуть $125 млн.
016ff8e5-f000-4181-959a-22b4f9328919,2020-01-31,,Великобритания вышла из ЕС (Brexit);
016ff8e5-f000-4a69-987d-ce1c1b316968,2020-01-31,,"ВОЗ признала вспышку коронавируса чрезвычайной ситуацией в области общественного здравоохранения, имеющей международное значение. Случаи заражения были впервые зафиксированы в России, Италии и Великобритании;"
016ff8e5-f000-47c7-bf4e-595b33cac942,2020-01-31,,В Санкт-Петербурге во время проведения работ по демонтажу Спортивно-концертного комплекса произошло незапланированное обрушение крыши и стен здания. В результате происшествия погиб один человек.
017012a5-7c00-4412-94db-2da55f1fb612,2020-02-05,,"В Турции 41 человек погиб, 53 человека были ранены в результате схода лавины в провинции Ван;"
017012a5-7c00-42b6-a7ab-5f196c35944d,2020-02-05,,Жёсткая посадка Boeing 737 авиакомпании Pegasus Airlines в Стамбуле по причине плохих погодных условий. Самолёт разломился на 3 части. На борту находились 177 пассажиров и 6 членов экипажа. 3 человека погибли;
017012a5-7c00-4ae7-8556-df02e51212a6,2020-02-05,,Президент США Дональд Трамп был признан невиновным Конгрессом США по обвинению в злоупотреблении властью. Дело об импичменте Трампа было закрыто.
017017cb-f800-4f55-8467-4fd41cacc5b4,2020-02-06,,"в Италии в провинции Лоди скоростной поезд Милан — Болонья сошёл с рельсов. В результате катастрофы погибли 2 человека, ранены 30 человек."
01701cf2-7400-4015-8023-5f25544842b7,2020-02-07,,"Банк России принял решение снизить ключевую ставку на 25 б. п., до 6,00 % годовых;"
01701cf2-7400-4434-89a1-5642e8f03222,2020-02-07,,"В Кордайском районе Жамбылской области на юге Казахстана произошли межэтнические столкновения между казахами и дунганами. По утверждению властей, поводом стал бытовой конфликт. Всего в результате столкновений погибли 11 человек, ещё 185 вынуждены были обратиться за медицинской помощью. Свыше 23 тыс. жителей (в основном дунган) бежали на территорию соседнего Кыргызстана, несколько тысяч дунган, из числа оставшихся в Казахстане, укрылись в мечетях, пограничных заставах. Сожжено 39 жилых домов, 20 коммерческих объектов и 47 единиц автотранспорта; по предварительным данным материальный ущерб составил 1,7 млрд тенге. Всего пострадало 778 семей местных жителей."
01702218-f000-4b5c-bcae-a915950a5a86,2020-02-08,,"На северо-востоке Таиланда солдат устроил стрельбу. Погибли 30 человек, 63 ранены;"
01702218-f000-4bb9-8c6e-146181c6f3f5,2020-02-08,,"В Ирландии в ходе парламентских выборов большинство голосов получила оппозиционная партия «Фианна фойл» и взяла 38 из 160 депутатских мандатов, вслед за ней с разницей в один мандат идёт национал-республиканская партия «Шинн Фейн», правящая в стране консервативная партия «Фине гэл» получила 35 мандатов избирателей."
0170273e-fc00-4307-98bc-284cb68a4710,2020-02-09,,В результате внеочередных парламентских выборов в Азербайджане победу одержала Правящая партия «Ени Азербайджан»;
0170273e-fc00-4384-b46c-939cbb83072a,2020-02-09,,Парламентские выборы в Камеруне.
01703bd8-7c00-41b1-9cdc-151468f5aed4,2020-02-09,2020-02-17,"на Европу обрушились два урагана «Киара» и «Деннис», в результате которых погибли 7 человек и более 138 тысяч домов остались без электричества."
01703bd8-7c00-4dca-a84d-d7f6f01782b4,2020-02-10,2020-02-16,чемпионат Европы по борьбе в Риме (Италия).
01705abe-f400-4940-aa2e-92951026f2dd,2020-02-19,,"гражданин Германии Тобиас Ратьен, опасавшийся замещения коренного населения Германии мигрантами из чуждых стран, совершил нападение на 2 кальянные, после чего покончил с собой. Из 9 человек убитых Ратеном в кальянных, лишь у 3 имелось гражданство Германии и ни один из 9 не был этническим немцем."
0170650b-7c00-4ba1-8923-688fc139f7d9,2020-02-21,,парламентские выборы в Иране.
01706a31-f800-4d38-ae44-3a459994417f,2020-02-22,,президентские выборы в Того.
017083f1-7400-483e-8d96-a71cb37f5c62,2020-02-27,,"на заводе пивоваренной компании Molson Coors в городе Милуоки американского штата Висконсин произошла стрельба. В результате погибли семь человек, включая стрелявшего."
01708e3e-7c00-4a14-bf10-3f51446339da,2020-02-29,,США и террористическая организация «Талибан» подписали мирное соглашение о прекращении войны в Афганистане.
01709364-7800-4a2f-bece-b95a61d7e9d9,2020-03-01,,Парламентские выборы в Таджикистане;
01709364-7800-46c5-8e15-a6a6e3f037db,2020-03-01,,Общественный транспорт в Люксембурге стал бесплатным;
01709364-7800-451a-a035-f175eb137f3a,2020-03-01,,Мухиддин Яссин стал новым премьер-министром Малайзии.
0170988a-f400-4a6b-96ac-83a3f0d00692,2020-03-02,,Парламентские выборы в Гайане;
0170988a-f400-47e2-95ca-faea4671b0a7,2020-03-02,,Повторные парламентские выборы в Израиле.
01709db1-7000-416c-9796-b81b8a5d9344,2020-03-03,,"на американский город Нашвилл, штат Теннесси, и его окрестности, обрушился сильнейший торнадо. Полностью уничтожены 45 построек, погибли 25 человек, пятьдесят тысяч людей остались без электричества."
0170a2d7-fc00-4d06-8a8f-32bf83de7207,2020-03-04,,Верховная рада Украины отправила в отставку премьер-министра Украины Алексея Гончарука и проголосовала за кандидатуру Дениса Шмыгаля в качестве нового премьер-министра страны.
0170a7fd-f800-4029-a030-e4049b8259c8,2020-03-05,,Верховная Рада Украины отправила в отставку генпрокурора Руслана Рябошапку;
0170a7fd-f800-452d-b6d7-21ffeadc414a,2020-03-05,,Британская авиакомпания Flybe объявила о своём банкротстве. К прекращению деятельности компании привёл распространяющийся в мире коронавирус.
0170b24a-f000-4aa1-93f7-7d8458a06c15,2020-03-07,,Сделка России и ОПЕК об ограничении добычи нефти развалилась. В результате этого дневное падение цены на нефть в пятницу составило 9 %;
0170b24a-f000-4695-b8ff-6d6f3be86098,2020-03-07,,Открытие регулярного пригородного железнодорожного сообщения Керчи с Анапой;
0170b24a-f000-4f0c-991e-4c672a8c10cc,2020-03-07,,"В Китае, в провинции Фуцзянь, обрушилось шестиэтажное здание отеля, где были изолированы люди с подозрением на коронавирус. Погибли 29 человек;"
0170b24a-f000-4a4c-bdf6-5790a7a617c8,2020-03-07,,Ливан объявил дефолт по евробондам.
0170bc97-7800-4bc7-bdc0-b65dff808787,2020-03-09,,"Цена на нефть марки Brent опустилась ниже $35 долларов за баррель, дневное падение цены более 20 %, это крупнейшее падение цен на нефть со времён войны в Персидском заливе. Нефтяные котировки ушли ниже цены отсечения для российского бюджета по бюджетному правилу;"
0170bc97-7800-45ad-9e23-b30f5e9aac97,2020-03-09,,В Нидерландах начался суд по делу о крушении Boeing MH17.
0170bc97-7800-4d18-8562-0ea9eae42498,2020-03-09,,Инаугурация президента Афганистана Ашрафа Гани.
0170c6e4-7000-47fd-9580-71e6b8ae8f7a,2020-03-11,,"Всемирная организация здравоохранения (ВОЗ) считает, что нынешняя вспышка в мире болезни, вызванной коронавирусом нового типа, является пандемией."
0170cc0a-7c00-42af-9e43-5149623cd5a2,2020-03-12,,"основные американские индексы обрушились почти на 10 процентов (S&P 500 — минус 9,51 процента, у NASDAQ — минус 9,43 процента, у Dow Jones — минус 9,99 процента). Такой показатель стал худшим с 1987 года."
0170d130-f800-4edc-b2e5-5cf70dd5e200,2020-03-13,,состоялась торжественная церемония вступления в должность президента Греции Катерины Сакелларопулу.
0170d657-7400-47bc-b957-ddd25270823e,2020-03-14,,США ввели чрезвычайное положение.
0170e0a3-fc00-49ac-a2ac-9f7c8f56557e,2020-03-16,,"Ключевые индексы фондового рынка США потеряли примерно 12—13 % стоимости по итогам торговой сессии на Нью-Йоркской фондовой бирже на фоне опасений, касающихся распространения нового коронавируса. Это крупнейший обвал котировок с октября 1987 года;"
0170e0a3-fc00-4ca3-9056-309a2d8820fb,2020-03-16,,"Стоимость нефти Brent обновила очередной минимум с февраля 2016 года. Цена майских фьючерсов на Brent уменьшается на 12,05 %, до 29,77 доллара за баррель, WTI — на 10,4 %, до 28,7 доллара."
0170e5ca-7800-49b4-b76d-267fb3692710,2020-03-17,,Евросоюз из-за коронавируса COVID-19 закрывает внешние границы сообщества на 30 дней;
0170e5ca-7800-40db-a417-e3bc4780f5c0,2020-03-17,,УЕФА и КОНМЕБОЛ решили перенести на 2021 год из-за пандемии коронавируса чемпионат Европы по футболу и Кубок Америки.
0170eaf0-f400-4a9f-ad79-b63f4dded6ed,2020-03-18,,"Россия из-за пандемии коронавируса COVID-19 ограничивает въезд для иностранцев. Авиасообщение закрылось со всеми странами ЕС, а также Швейцарией и Норвегией;"
0170eaf0-f400-470c-b67e-cf47b87a26bd,2020-03-18,,Цена барреля нефти марки Brent впервые с сентября 2003 года опустилась ниже $26;
0170eaf0-f400-48ed-8e0a-e226534cfca0,2020-03-18,,"По итогам дня индекс РТС упал более, чем на 10 %, индекс Московской биржи понизился более, чем на 5 %;"
0170eaf0-f400-4562-84c0-5781d48dd1be,2020-03-18,,"EBU официально отменил конкурс Евровидение-2020 в связи с пандемией COVID-19, что стало первым случаем отмены конкурса за всю его историю."
0170f53d-7c00-4a5d-b294-6c3742a452fb,2020-03-20,,Банк России сохранил ключевую ставку на уровне 6 % годовых;
0170f53d-7c00-40cb-b0cd-2cb8772e94c3,2020-03-20,,Северная Македония вступила в НАТО.
0170ff8a-7400-4d2b-9fe6-f14c955781e2,2020-03-22,,Президентом Абхазии избран кандидат от оппозиции Аслан Бжания;
0170ff8a-7400-46b0-bf4f-286ead91d189,2020-03-22,,"В Хорватии произошли два мощных землетрясения магнитудой 5,3. Эпицентр находился в 7 км от г. Загреба на глубине 10 км. Есть разрушение построек, погиб 1 человек;"
0170ff8a-7400-4e46-bd05-136fab6f2d48,2020-03-22,,Парламентские выборы в Гвинее.
017109d6-fc00-4ac6-a759-0a7bc2d551de,2020-03-24,,Совместная элонгация планет Меркурия и Венеры;
017109d6-fc00-4279-80c7-a69a3098ec9a,2020-03-24,,"Международный олимпийский комитет объявил о переносе летних Олимпийских игр на 2021 год в связи с пандемией COVID-19, а 30 марта оргкомитет Олимпиады в Токио объявил, что Игры пройдут с 23 июля по 8 августа 2021 года."
01710efd-7800-41da-9d19-8066e6220e43,2020-03-25,,произошло крушение самолёта Су-27 Минобороны России над акваторией Чёрного моря в 50 км от Феодосии. Пилот пропал без вести.
01711423-7400-454a-b281-c545da0ad712,2020-03-26,,При взрыве баллона с газом в жилом доме в Магнитогорске погибли два человека;
01711423-7400-4aa4-82a2-a709001ca2c4,2020-03-26,,Экстренный «виртуальный» саммит G20 в связи с пандемией COVID-19.
01711949-f000-4698-9a14-174e90fcfd8b,2020-03-27,,"Российские авиакомпании прекратили полёты за рубеж из российских аэропортов, за исключением рейсов для вывоза российских граждан и отдельных случаев по решениям правительства;"
01711949-f000-4d33-b49e-6690c9053386,2020-03-27,,Глава МВФ Кристалина Георгиева заявила о начале мировой рецессии;
01711949-f000-41e4-97c7-c8f7ceda1f5f,2020-03-27,,"Российская нефть Urals опустилась ниже 19 долларов за баррель, что является минимальной ценой с 2002 года;"
01711949-f000-4274-a27f-9cb71cefbff4,2020-03-27,,"В Иране из-за распространения фейков новостей о способах лечения коронавируса погибли 300 человек, включая детей от отравления метанолом."
01711e70-7c00-4aaa-b50c-82fe3fe1f870,2020-03-28,,правительства России и Украины для эвакуации своих граждан совместно воспользовались спецпоездом «Москва — Киев».
01712396-f800-4996-aeb4-517c02fed74d,2020-03-29,,"легкомоторный самолёт авиакомпании Lion Air Inc. разбился на взлёте из столицы Филиппин Манилы, 8 человек погибли."
01712de3-7000-46e2-86e5-95673cdb1880,2020-03-31,,Цена российской экспортной нефти Urals в Северо-Западной Европе подешевела до $13 за баррель — это минимальный уровень с марта 1999 года;
01712de3-7000-4413-a4b0-d664703b5f3c,2020-03-31,,Взрыв бытового газа в многоквартирном жилом доме в городе Зеленогорске. Погиб один человек.
0171427c-f000-45fa-8d53-3b468e228010,2020-04-04,,Массовый расстрел в посёлке Елатьма Касимовского района Рязанской области. Пять человек погибли;
0171427c-f000-4c7b-b976-5cd655cd5240,2020-04-04,,В результате взрыва газа в пятиэтажном жилом доме в городе Орехово-Зуево погибли три человека.
01715c3c-7c00-405e-ab58-99c534ae089d,2020-04-09,,состоялся успешный пуск космического корабля Союз МС-16 к МКС.
01716162-f800-45d7-a564-e00da38c47dc,2020-04-10,,страны ОПЕК согласились снизить добычу на 10 млн баррелей в день.
0171856f-7c00-499d-878a-d8619ad5bc6d,2020-04-17,,Рустам Эмомали был избран председателем Национального совета Высшего собрания Республики Таджикистан;
0171856f-7c00-471f-b4ca-1adf2dd43b36,2020-04-17,,Произошло успешное приземление космического корабля Союз МС-15 в степях Казахстана.
017194e2-7000-44a4-843e-d7247bc4870d,2020-04-20,,в результате стрельбы в Портапике и близлежащих населённых пунктах Новой Шотландии погибли 23 человека.
0171a455-f400-4404-abae-ff0dedddcfb6,2020-04-23,,президент Абхазии Аслан Бжания вступил в должность.
0171c33b-fc00-454e-8804-cf11809c5f43,2020-04-29,,на расстоянии в 6 млн километров от Земли пролетел астероид «1998 OR2».
0171d2ae-f000-442c-8b9f-2800e2ba4c0c,2020-05-02,,президент Казахстана Касым-Жомарт Токаев отправил в отставку спикера Сената Даригу Назарбаеву.
0171d7d5-7c00-42e1-a84a-1e310b2d3e26,2020-05-03,,"спецслужбы Австралии, Новой Зеландии, Канады, Великобритании и США обвинили КНР в сокрытии настоящих данных о происхождении коронавируса."
0171e221-f400-423e-b6a4-a1960210ec48,2020-05-05,,в ОАЭ в городе Шарджа загорелся 48-этажный небоскрёб Abbco Tower.
0171f194-f800-49a0-9fe5-4ee730a73c2f,2020-05-08,,российский подводный аппарат «Витязь-Д» погрузился на дно Марианской впадины (10028 м).
0171f6bb-7400-40b5-8c6d-a5dba48b13e4,2020-05-09,,"в честь 75-летия победы в Великой Отечественной войне президент Беларуси Александр Лукашенко провёл парад Победы в Минске, несмотря на опасность пандемии коронавируса."
0171fbe1-f000-43cf-abc5-c0159cb2497a,2020-05-10,,"иранский фрегат Jamaran во время учений случайно потопил ракетой Noor дружественный катер недалеко от порта Яск (южная провинция Хормозган в Иране), примерно в 1270 километрах от юго-востока Тегерана."
01720107-fc00-47b0-9e47-783c6efa319f,2020-05-11,,при пожаре в хосписе в Красногорске погибли 11 человек.
01721ac7-f800-4599-baea-0089d5b23b80,2020-05-16,,"прошло шоу Евровидение: Europe Shine a Light, которое заменило собой «Евровидение-2020», отменённое из-за пандемии COVID-19."
01723487-f400-41b3-9e90-16c5e028ff90,2020-05-21,,на Индию и Бангладеш обрушился суперциклон Амфан. Погибли 84 человека.
017239ad-f000-406e-a8ec-1b78349dd6ac,2020-05-22,,катастрофа пассажирского Airbus A320 под Карачи.
01724921-7400-4c95-a5e2-db99aa1be6d9,2020-05-25,,"в Миннеаполисе (США) во время ареста погиб афроамериканец Джордж Флойд после того, как полицейский Дерек Шовин прижал его шею коленом к асфальту."
01724e47-7000-4a40-9650-dde3c892c961,2020-05-26,,"начались антирасистские протесты в США, спровоцированные убийством Джорджа Флойда."
01725dba-7400-4829-a979-f277a83d07e3,2020-05-29,,утечка дизельного топлива в Норильске.
017262e0-f000-47a3-9da3-a42061262da6,2020-05-30,,в США состоялся первый пилотируемый запуск космического корабля Dragon 2 с Космического центра Кеннеди в рамках миссии Demo-2.
01726d2d-f800-4314-838a-4194d15eac12,2020-06-01,,произошла новая вспышка вируса Эбола в Конго.
0172a5d3-7c00-4510-87aa-c94df84fef89,2020-06-12,,Дональд Трамп заявил о прекращении вмешательства США в военные конфликты других стран.
0172ba6c-fc00-4f4c-8b7d-f5fba13d1896,2020-06-16,,КНДР уничтожила межкорейский терминал связи на границе с Южной Кореей;
0172ba6c-fc00-4b34-a99d-e831fae2eb30,2020-06-16,,Вооружённый пограничный конфликт между Индией и КНР. Погибло с обеих сторон несколько десятков человек.
0172c4b9-f400-4e4d-b933-dfc82418c427,2020-06-18,,Роскомнадзор разблокировал мессенджер Telegram на территории России.
0172d953-7400-4d80-86d2-e86c5dc08a34,2020-06-22,,в Сербии Сербская прогрессивная партия президента Александра Вучича победила на парламентских выборах.
0172e39f-fc00-4854-b4c6-ec8cc83e780f,2020-06-24,,"в России состоялся парад Победы, который перенесли с 9 мая из-за пандемии коронавируса."
01730285-f400-496d-b6b3-19bfe92aeaa3,2020-06-30,,Владимир Путин и Александр Лукашенко открыли Ржевский мемориал.
017307ac-7000-4566-84c1-0c689809f49f,2020-07-01,,Открылось грузовое железнодорожное движение по Крымскому мосту через Керченский пролив;
017307ac-7000-46bb-b3ea-0a1fcbd7af69,2020-07-01,,В России вступил в силу закон о предустановке российского ПО на смартфоны;
017307ac-7000-41ee-abd8-b7f84ac8ccfb,2020-07-01,,"Произошла новая вспышка бубонной чумы в Монголии. 3 случая были выявлены на территории Монголии, один — на территории КНР;"
017307ac-7000-4295-8acb-28d27a8bfbef,2020-07-01,,Прошёл основной день Всероссийского голосования по поправкам в Конституцию России. В ходе голосования поправки к Конституции были одобрены большинством граждан России.
01730cd2-fc00-4469-b302-9bf9ce3fa67a,2020-07-02,,"в Мьянме в результате оползня на месте добычи нефрита погибло более 170 человек, ещё 100 человек пропали без вести."
017330df-7000-48b8-ade3-b8827257cf12,2020-07-09,,в России был совершён арест губернатора Хабаровского края Сергея Фургала.
01733605-fc00-4486-ab50-50fbca51f9be,2020-07-10,,после ареста губернатора Сергея Фургала начались протесты в Хабаровском крае (Россия).
01734052-7400-4a70-8ee1-4e304fa677a8,2020-07-12,,"начались вооружённые столкновения на границе Армении и Азербайджана, в результате чего со стороны Азербайджана было потеряно около 15 человек, со стороны Армении до 10."
017354eb-f400-4161-9feb-24d09c5b79ed,2020-07-16,,президент Суринама Чан Сантохи вступил в свою должность.
01735f38-7c00-45ce-a9ce-c5cdd27f9b63,2020-07-18,,произошёл пожар в Соборе Петра и Павла во Франции.
01736985-7400-46ae-8e91-16f78327c4e3,2020-07-20,,Объединённые Арабские Эмираты запустили космический аппарат «Аль-Амаль» на Марс с японского космодрома «Танэгасима».
01736eab-f000-487e-80a4-e7906bbb72a5,2020-07-21,,захват заложников в автобусе в Луцке (Украина).
017378f8-7800-446d-a9bb-2d9be41ec3a8,2020-07-23,,запуск китайской автоматической межпланетной станции «Тяньвэнь-1» на Марс.
01739d04-fc00-44d0-9f92-012ccd9e3a85,2020-07-30,,состоялся запуск американской межпланетной станции «Марс-2020».
0173a22b-7800-416e-a3f1-ca0ab51450ba,2020-07-31,,председатель КНР Си Цзиньпин официально заявил о начале эксплуатации глобальной навигационной спутниковой системы «Бэйдоу-3».
0173ac77-f000-4315-b222-1ec1be068e07,2020-08-02,,приводнение космического корабля Dragon 2 в Мексиканском заливе в рамках миссии Demo-2.
0173b6c4-f800-4cb3-b7db-2268c4aa537f,2020-08-04,,"в порту города Бейрута прогремели взрывы. Погибли 210 человек, ещё около 7000 человек были ранены."
0173c637-fc00-4f14-a532-d739d2546a6b,2020-08-07,,крушение самолёта Boeing 737-8NG авиакомпании Air India при посадке в индийском городе Кожикоде. Погибло 20 человек.
0173d084-7400-476a-87a5-a58000bd8989,2020-08-09,,президентские выборы в Беларуси. Президент Республики Беларусь Александр Лукашенко был переизбран на шестой срок. Начались длительные массовые акции протеста.
0173ef6a-7c00-4e68-a197-64a996450eea,2020-08-15,,в результате обрушения галереи углеподачи на шахте «Воргашорская» компании «Воркутауголь» погибли 4 горняка.
0174092a-7800-4958-a33a-b15156d11194,2020-08-20,,"российский оппозиционный политик Алексей Навальный госпитализирован в Омскую больницу с отравлением, откуда позже был перевезён в Германию."
0174189d-7c00-4cbf-9cc8-cd396195c8c8,2020-08-23,,премьер-министр Финляндии Санна Марин была единогласно избрана председательницей Социал-демократической партии.
0174325d-7800-4b36-bd41-a6f91da76fef,2020-08-28,,премьер-министр Японии Синдзо Абэ ушёл в отставку по состоянию здоровья.
01743ca9-f000-4017-a713-2021d5ce9325,2020-08-30,,Демократическая партия социалистов одержала победу на парламентских выборах в Черногории.
017441d0-7c00-47b2-ac4e-90ecc1710c1c,2020-08-31,,"в столице ОАЭ Абу-Даби произошёл взрыв в кафе, погибли 2 человека."
01744c1c-f400-44c3-bcd3-f853d2bbe672,2020-09-02,,"канцлер Германии Ангела Меркель подтвердила, что российский политик Алексей Навальный был отравлен веществом из группы «Новичок»."
01745669-fc00-4fc4-a351-339847d55965,2020-09-04,,"президент Сербии Александр Вучич посетил США, где при посредничестве Дональда Трампа заключил соглашение об экономическом сотрудничестве с Республикой Косово."
01745b90-7800-4aab-9003-028b39f99cbf,2020-09-04,2020-09-06,этап чемпионата мира по ралли впервые прошёл в постсоветской стране (Эстонии).
017484c2-f800-40b0-986c-2095ed20b26f,2020-09-13,,в России прошёл единый день голосования.
01749435-fc00-4f14-826a-a663456a24f3,2020-09-16,,Ёсихидэ Суга был избран премьер-министром Японии.
0174adf5-f800-4009-b095-4ed7f5efc344,2020-09-21,,компания Microsoft приобрела американскую компанию ZeniMax Media.
0174c28f-7800-4691-97c3-efdc1b2beb2c,2020-09-25,,крушение самолёта Ан-26 ВВС Украины под городом Чугуевом. Погибли 26 человек.
0174c7b5-f400-46c1-9771-73b7b94ea838,2020-09-26,,премьер-министр Ливана Мустафа Адиб ушёл в отставку.
0174ccdb-f000-4ea9-bbf4-45a0662e3984,2020-09-27,,начало Второй Карабахской войны.
0174e175-7000-4f63-95a7-2303b4684ecb,2020-10-01,,"президент США Дональд Трамп, президент России Владимир Путин и президент Франции Эммануэль Макрон сделали совместное заявление по конфликту в Нагорном Карабахе."
0174f60e-f000-469a-a4d6-39db06b77945,2020-10-05,,на фоне оглашения результатов парламентских выборов в Кыргызстане началась революция.
0174fb35-7c00-41ac-9cf5-5fa58cd1e4a6,2020-10-06,,в Московском метро был введён в эксплуатацию поезд «Москва-2020».
0175005b-f800-4704-8cba-f5fdc66454e5,2020-10-07,,в Греции ультраправая партия «Золотая заря» официально была признана преступной организацией.
01750fce-fc00-4ef6-9094-d507b2e479ef,2020-10-10,,Армения и Азербайджан согласовали прекращение огня по конфликту в Нагорном Карабахе.
017514f4-f800-4ad5-a08c-eddeea6f7d76,2020-10-11,,в Таджикистане состоялись президентские выборы. Президент Таджикистана Эмомали Рахмон был переизбран на очередной срок.
01752468-7c00-4328-b8d8-7154d1e11576,2020-10-14,,состоялся запуск российского космического корабля Союз МС-17 с космодрома «Байконур».
0175298e-7800-4ceb-938d-b4b4d0d73a0e,2020-10-15,,президент Кыргызстана Сооронбай Жээнбеков ушёл в отставку.
01752eb4-f400-4e14-a733-68391de7f5fa,2020-10-16,,во Франции произошло убийство Самюэля Пати.
01754874-f000-4bdb-944d-b5aeb9e2d0f0,2020-10-21,,американский зонд OSIRIS-REx собрал образцы грунта с астероида Бенну.
01754d9a-fc00-47dc-8ebb-a1bfcf5b9cb4,2020-10-22,,российский космический корабль Союз МС-16 вернулся на Землю.
017571a7-7000-45ee-90ff-3c73cc8923cb,2020-10-29,,"в Ницце произошёл теракт в католическом соборе Нотр-Дам-де-Нис. Погибло 3 человеко, 1 ранен"
017576cd-fc00-4aa2-8b1c-cf7004cafa2b,2020-10-30,,"на западе Турции произошло землетрясение магнитудой от 6,6 до 6,9. Эпицентр находился в Эгейском море в 17 км от района Сеферихисар в Измире. Число погибших превысило 100 человек."
01757bf4-7800-42ad-9e2f-b9b28ebf5467,2020-10-31,,состоялись президентские выборы в Кот-д’Ивуаре.
0175811a-f400-4aab-a2bc-ec7793571ac2,2020-11-01,,состоялся первый тур президентских выборов в Молдове.
01758640-f000-4c85-9f1a-599424271471,2020-11-02,,"в Вене произошли теракты. 5 человек погибли, 23 получили ранения."
01758b67-7c00-43c4-bd07-013970140044,2020-11-03,,состоялись президентские выборы в США. Победу одержал Джо Байден.
0175908d-f800-4678-b2f6-5a525add89b0,2020-11-04,,начало войны в Тыграе.
0175aa4d-7400-4f1f-ba80-3a9348c76928,2020-11-09,,Азербайджан сбил на территории Армении вертолёт Ми-24 ВВС России. Два члена экипажа погибли. Азербайджан официально принёс России свои извинения.
0175af73-f000-47d1-a88e-b0cd63f40a75,2020-11-10,,Армения и Азербайджан подписали заявление о прекращении огня. Армения передала Азербайджану территории в Нагорном Карабахе.
0175c933-fc00-4ee2-b134-b88521b03458,2020-11-15,,Состоялся второй тур президентских выборов в Молдове. Победу одержала Майя Санду;
0175c933-fc00-4c26-ab31-b59bd70d8b65,2020-11-15,,Исполняющий обязанности президента Перу Мануэль Мерино ушёл в отставку.
0175e2f3-7800-4807-9838-22274d305155,2020-11-20,,Агдамский район полностью перешёл под контроль армии Азербайджана.
0175ed40-7000-450a-9adf-764f6c18d8bd,2020-11-22,,США вышли из Договора по открытому небу.
0175f266-7c00-4cfd-9abe-5e2fbe9a16fb,2020-11-23,,Китай запустил аппарат Чанъэ-5 на Луну.
0175fcb3-7400-40b1-95d6-80b5460c0ffa,2020-11-25,,Кельбаджарский район полностью перешёл под контроль армии Азербайджана.
0176114c-f400-4fcd-aefe-cf0b3e380a46,2020-11-29,,Детское Евровидение — 2020 в Польше.
01761b99-7c00-4865-ba68-c78a1ccf935e,2020-12-01,,Лачинский район полностью перешёл под контроль армии Азербайджана.
01763032-fc00-4085-b9ee-023c55801f9e,2020-12-05,,японский зонд Хаябуса-2 вернулся с астероида Рюгу на Землю.
017668d8-f000-4551-9492-a0a43de1464a,2020-12-10,2020-12-22,чемпионат мира по спортивной борьбе в Сербии.
01764f18-f400-4510-a4f4-6adc689705c7,2020-12-11,,Узбекистан и Куба стали наблюдателями ЕАЭС
01765e8b-f800-4c7f-b3ca-1cbfffcc313c,2020-12-14,,состоялся первый полёт российского самолёта МС-21 с двигателями ПД-14.
01766dff-7c00-4a3a-8df4-cc680bea0f7f,2020-12-17,,в России состоялась пресс-конференция Владимира Путина.
0176920b-f000-46b6-98fe-b16ae65840d4,2020-12-24,,Майя Санду вступила в должность президента Молдовы.
0176a6a5-7000-4d71-b064-f0e6dcd3ace9,2020-12-28,,Волгоград перешёл на московское время.
0176abcb-7c00-41ca-aeb7-c2a00698dbc1,2020-12-29,,в результате землетрясения в Петрине (Хорватия) погибли семь человек.
0176b618-7400-40ea-b77f-03d32dfbd7fe,2020-12-31,,завершение показа реалити-шоу Дом-2 на телеканале ТНТ.
0176bb3e-7000-471b-9d8d-54774322e79f,2021-01-01,,Запрет использования пластиковых пакетов в магазинах в крупных городах КНР;
0176bb3e-7000-4865-9d17-6044a5df280f,2021-01-01,,Вступление в силу Африканской континентальной зоны свободной торговли;
0176bb3e-7000-4f67-86ad-3a52d85bd377,2021-01-01,,Прекращение выдачи бумажных трудовых книжек в Российской Федерации;
0176bb3e-7000-4a1d-83a4-4e333386ce41,2021-01-01,,Начало поставки компанией «Газпром» природного газа в Сербию и Боснию и Герцеговину по новому маршруту;
0176bb3e-7000-467b-8b44-8a5efc9c9684,2021-01-01,,"Увеличение пенсионного возраста в Беларуси на 6 месяцев (до 62,5 лет для мужчин и до 57,5 лет для женщин);"
0176bb3e-7000-4e8b-8377-e99c92c2adc9,2021-01-01,,Полный выход Великобритании из Европейского союза;
0176bb3e-7000-474b-a5c2-02a4d4338b17,2021-01-01,,Снижение экспортных пошлин на нефть и нефтепродукты в Беларуси;
0176bb3e-7000-4abd-a3f0-64668a1c6e79,2021-01-01,,Запрет экспорта одноразового неразлагающегося пластика в Европе.
0176bb3e-7000-4b6f-9d29-05b327dfbd56,2021-01-01,,Сенат США преодолел вето Дональда Трампа на законопроект с санкциями против «Северного потока — 2».
0176c064-fc00-43ba-a307-387230ed9b49,2021-01-02,,Откладывание Пентагоном полномасштабного производства истребителей «F-35» на неопределённый срок;
0176c064-fc00-4734-bb8f-62b6b584ceed,2021-01-02,,Отказ норвежской компанией «DNV GL» в сертификации газопровода «Северный поток — 2» в связи с угрозами санкций США;
0176c064-fc00-4e34-8ead-e8d0dc4bc925,2021-01-02,,"Президент Казахстана Касым-Жомарт Токаев подписал закон, направленный на отмену смертной казни в республике."
0176c58b-7800-435a-8547-63a1b15ab426,2021-01-03,,Проведение в годовщину убийства Касема Сулеймани многотысячных митингов в Багдаде и Тегеране;
0176c58b-7800-40ca-8546-9e456ac293e5,2021-01-03,,Принятие Папой римским отставки главы белорусских католиков Тадеуша Кондрусевича;
0176cab1-f400-4a4a-9fd1-ca7e4a6cc9c9,2021-01-04,,Отказ Министерством просвещения Российской Федерации от введения обязательного ЕГЭ по иностранному языку;
0176cab1-f400-4919-a195-688154665e6f,2021-01-04,,Возобновление обогащения урана Ираном на уровне 20 % на ядерном полигоне Фордо;
0176cab1-f400-4c58-8e44-7d54056de31e,2021-01-04,,Открытие границы Катара и Саудовской Аравии;
0176cab1-f400-4157-bdd5-0f6f82f18b29,2021-01-04,,"Лондонский суд постановил, что Джулиан Ассанж не может быть экстрадирован в США;"
0176cab1-f400-412d-95c5-31a3566891dc,2021-01-04,,Введение в Великобритании третьего национального локдауна (объявлено Борисом Джонсоном);
0176cab1-f400-46c6-bddb-1cb03a900fdc,2021-01-04,,Получение компанией «Tesla» разрешения на импорт автомобилей в Израиль.
0176cfd7-f000-482b-b084-fcc5d597607d,2021-01-05,,"принятие Иранским парламентом закона, обязывающего правительство уничтожить Израиль к 2041 году."
0176d4fe-7c00-443e-b87a-ffef1364e671,2021-01-06,,"захват здания Конгресса США сторонниками Дональда Трампа в Вашингтоне (округ Колумбия), с целью отвергнуть официальные результаты президентских выборов 2020 года и поддержать требование Трампа к вице-президенту Майку Пенсу и Конгрессу не признавать победу Джо Байдена на выборах 2020 года. Во время штурма погибли 5 человек."
0176da24-f800-4304-8c26-cf97629738c9,2021-01-07,,Джозеф Байден избран Конгрессом США новым президентом США.
0176df4a-f400-417b-a3ff-8c5ad27c75d7,2021-01-08,,социальная сеть «Twitter» заблокировала аккаунт Дональда Трампа.
0176e471-7000-41c3-98cb-6ba019836b97,2021-01-09,,крушение Boeing 737 авиакомпании «Sriwijaya Air» в Яванском море.
0176e997-fc00-4fe7-9450-b2e79b4bc939,2021-01-10,,Проведение президентских выборов и конституционного референдума в Кыргызстане;
0176e997-fc00-43b6-9242-8e2653b0cffd,2021-01-10,,Проведение парламентских выборов в Казахстане.
0176f3e4-7400-471f-bbd1-a01d4db0c4ec,2021-01-12,,полное отключение разработчиком функций «Adobe Flash Player».
0176f90a-f000-4f43-b43b-ce09d97c8d5b,2021-01-13,,"палата представителей США проголосовала за импичмент Дональда Трампа за подстрекание к «вооружённому восстанию против Америки». Тем самым Трамп стал первым президентом в истории страны, которому дважды объявили импичмент."
0176fe31-7c00-4a68-b411-4e987f91bd3f,2021-01-14,,проведение всеобщих выборов в Уганде.
01770357-7800-4b8d-892f-45ed3836456d,2021-01-15,,Выход России из «Договора по открытому небу»;
01770357-7800-45c2-96b3-1027f035169c,2021-01-15,,Википедии исполнилось 20 лет;
01770357-7800-41a6-94c3-032218c3c162,2021-01-15,,Уход Правительства Нидерландов в отставку.
01771d17-7400-4c73-8b20-cbce38b99156,2021-01-20,,вступление Джо Байдена в должность президента США.
01772c8a-7800-4ea9-bf62-32d5909780c3,2021-01-23,,проведение протестов в поддержку Алексея Навального в российских городах.
017731b0-f400-41ff-8fb8-1534ba4d7139,2021-01-24,,переизбрание Марселу Ребелу де Соуза на пост президента Португалии на второй срок.
01773bfd-7c00-4dcf-8afc-fe226f358f82,2021-01-26,,количество подтверждённых случаев заболевания COVID-19 в мире превысило 100 миллионов человек.
0177464a-7400-4824-b9b2-1291346c5b71,2021-01-28,,вступление Садыра Жапарова в должность президента Кыргызстана.
01774b70-f000-4d95-89db-9a0d1ac40fef,2021-01-29,,"подписание президентом России Владимиром Путиным закона о ратификации соглашения, продлевающего на пять лет действие «СНВ-3»."
01775ae3-f400-42d2-a9f8-f4e76ef426c7,2021-02-01,,"объявление вооружёнными силами Мьянмы чрезвычайного положения. Задержание президента Мьянмы Вин Мьина, а также государственного советника Мьянмы и лидера правящей Национальной лиги за демократию Аун Сан Су Чжи."
01776009-f000-4711-9feb-022c69466f69,2021-02-02,,"Джефф Безос заявил об уходе с поста директора «Amazon» в третьем квартале текущего года, предложив в качестве нового директора Эндрю Джесси."
01776530-7c00-4cbd-aba1-d4bbf2befb83,2021-02-03,,"Канада стала первой страной в мире, объявившей «Proud Boys» террористической организацией."
01778416-7400-496f-b15e-84c46abfee19,2021-02-09,,"успешный выход межпланетной станции «Аль-Амаль» («Надежда»), созданной в Объединённых Арабских Эмиратах, на орбиту Марса."
017798af-f400-49c1-8d58-23a3cef82d14,2021-02-13,,вступление Марио Драги в должность председателя Совета министров Италии. Окончание правительственного кризиса в стране.
0177b26f-f000-45d3-a7c3-d2a979532f6a,2021-02-18,,посадка марсохода «Персевирэнс» на Марс.
0177dba2-f000-4fd1-a997-2f1e1d0f0c5c,2021-02-26,,"американские ВВС по приказу президента Джо Байдена нанесли серию авиаударов по территории Сирии. Целью ударов стали склады, принадлежащие группировке «Катаиб Хезболла» и некоторым другим, которые поддерживает Иран."
0177ffaf-7400-4c0f-b925-a1b3f65da168,2021-03-05,,"Молдова стала первой страной в Европе, которая получила вакцины против коронавируса через инициативу «COVAX»."
017809fb-fc00-402f-8eea-795d1050253b,2021-03-07,,"на референдуме в Швейцарии более 51 % проголосовавших одобрили общенациональный запрет на ношение бурки. Швейцария стала 7-й страной в Европе, которая запретила ношение бурки, после Австрии, Дании, Франции, Бельгии, Латвии и Болгарии."
01783855-7800-4fd3-bd11-e1c67adb9710,2021-03-15,2021-03-17,проведение парламентских выборов в Палату представителей в Нидерландах.
01785c61-fc00-4aa8-9f12-87e747ca41ec,2021-03-23,,Проведение досрочных парламентских выборов в Израиле;
01785c61-fc00-4b21-af04-a94e35aaa930,2021-03-23,,Авария контейнеровоза «Ever Given» в Суэцком канале.
01788aba-f800-4178-9c26-d73e155943f8,2021-04-01,,"после правительственного кризиса в Словакии, премьер-министром в стране назначен Эдуард Хегер."
01788fe1-7400-4f58-9bf0-eb324c54e6e4,2021-04-02,,в уезде Хуалянь на Тайване после столкновения с автокраном сошёл с рельсов пассажирский поезд. Погиб 51 человек.
01789a2d-fc00-4a55-9892-0551e157d398,2021-04-04,,избрание парламентом Вьетнама президента страны Нгуен Суан Фука.
0178b3ed-f800-4f49-9f44-7852f58e8e81,2021-04-09,,"смерть принца Филиппа, консорта Елизаветы II."
0178be3a-7000-4c70-8903-757d601f585f,2021-04-11,,Проведение референдума по вопросу смены конституции Кыргызстана;
0178be3a-7000-4965-ac27-e67e4c085bda,2021-04-11,,Проведение президентских и парламентских выборов в Перу;
0178be3a-7000-480d-8ecb-b07bd133824b,2021-04-11,,Проведение президентских выборов в Чаде.
0178d2d3-f000-4015-8a57-b20e3cfaee36,2021-04-15,,суд в Париже заочно приговорил белоруса Юрия Сушкина и ивуарийцев Патриса Уея и Анжелу Маглуара Гнандуйе Аттуали к пожизненному заключению за убийство французских военных в Кот-д’Ивуаре.
0178e246-f400-4226-ae20-de3b5bba87bc,2021-04-18,,Рауль Кастро покинул пост первого секретаря Коммунистической партии Кубы.
0178ec93-fc00-49da-aedb-5b452a3197a4,2021-04-20,,президент Чада Идрис Деби скончался в больнице после ранения в результате нападения отряда повстанцев на правительственные войска.
0178f1b9-f800-425a-9a94-bad024e96608,2021-04-21,,Проведение протестных акций в российских городах в поддержку Алексея Навального;
0178f1b9-f800-437f-aff3-391746e12cb8,2021-04-21,,Исчезновение индонезийской подводной лодки «KRI Nanggala (402)» в 95 км к северу от Бали. 24 апреля обломки лодки были обнаружены. Все 53 члена экипажа объявлены погибшими.
0178f6e0-7400-4248-8de9-e41a3e814a59,2021-04-22,,количество применённых вакцин против COVID-19 во всём мире составило 973 378 158.
01790653-7800-4715-a25d-fc282d52ef30,2021-04-25,,"премьер-министр Армении Никол Пашинян подал в техническую отставку для проведения внеочередных выборов, при этом продолжив выполнять обязанности премьера в полном объёме."
01791aec-f800-4d6d-ab49-36f17c478da5,2021-04-29,,Пограничный конфликт между Кыргызстаном и Таджикистаном;
01791aec-f800-422a-9a66-bf1c820b4325,2021-04-29,,Китай запустил базовый модуль собственной космической орбитальной станции «Тяньгун».
01792013-7400-49f4-af9e-878cf0827754,2021-04-30,,в результате давки в Израиле погибло 45 человек.
01792f86-7800-4150-b7f1-f8d97eea2d07,2021-05-03,,обрушение эстакады метро в Мехико. Погибли 26 человек.
017939d3-7000-4171-8706-a682c9c7aba6,2021-05-05,,начало гражданской войны в Мьянме.
01793ef9-7c00-4b3b-9a0a-02279210d917,2021-05-06,,"конфликт, возникший из-за выселения нескольких арабских семей из домов, привёл в последующем к израильско-палестинскому кризису и вооружённым столкновениям между Израилем и ХАМАС."
01794946-7400-4544-853a-2f824057a522,2021-05-08,,"взрыв бомбы возле школы в Кабуле (Исламская Республика Афганистан), в результате которого погибло не менее 85 человек и ещё 147 получили ранения."
017958b9-7800-46fa-96f4-8e1f9e965743,2021-05-11,,"стрельба в школе № 175 в Казани. Погибли 9 человек, 23 человека были госпитализированы."
01798712-7400-4e8e-a12c-5ab92ab41602,2021-05-18,2021-05-22,"65-й конкурс песни «Евровидение» (Роттердам, Нидерланды)."
017981ec-7800-426c-bec7-bb02b7d60f58,2021-05-19,,катастрофа «Як-130» в Барановичах.
01799685-7800-489f-8422-9df6d13e8188,2021-05-23,,"Обрушение канатной дороги на горе Моттароне в Италии, в результате которого погибло 14 человек;"
01799685-7800-4175-ac09-c97c5e2d0a48,2021-05-23,,Инцидент с посадкой «Boeing 737» в Минске.
0179a5f8-fc00-4dd0-b04c-706e9e17d139,2021-05-26,,президентские выборы в Сирии.
0179ca05-7000-4fd8-b315-d2befa096f91,2021-06-02,,избрание Ицхака Герцога президентом Израиля.
0179de9e-f000-43e9-ba77-87cde73835df,2021-06-06,,второй тур президентских выборов в Перу.
0179ee11-f400-4949-85ec-b7acf8b27514,2021-06-09,,Проведение президентских выборов в Монголии.
0179ee11-f400-4645-b0ac-e287aada4687,2021-06-09,,Арест российского видеоблогера Юрия Хованского (дело Хованского).
0179f337-f000-41d5-a981-59639d021b77,2021-06-10,,"кольцеобразное солнечное затмение на территориях Канады, Гренландии и Сибири."
017a459d-f000-4f5e-9123-96afebbef8d9,2021-06-11,2021-07-11,Чемпионат Европы по футболу 2020.
017a02ab-7400-40f2-bbfb-5997a9fedc97,2021-06-13,,отставка правительства Биньямина Нетаньяху в Израиле. Новым премьер-министром назначен Нафтали Бенет.
017a121e-7800-426b-bcd2-f9725006fd9d,2021-06-16,,Саммит Россия — США в Женеве. Первая встреча Джо Байдена и Владимира Путина на постах президента США и России.
017a2191-7c00-4b46-8db6-5af4b297ed20,2021-06-19,,Избрание Ибрагима Раиси президентом Ирана по итогам выборов.
017a2191-7c00-47a9-af69-755c4afd64f4,2021-06-19,,"Катастрофа «L-410» в Кемеровской области: 5 погибли, 14 пострадали."
017a26b7-f800-4f6e-a051-4e70e2048289,2021-06-20,,досрочных парламентских выборов в Армении. Победу одержала партия Никола Пашиняна — «Гражданский договор».
017a3b50-f800-48ec-9aa8-437d8f3eb985,2021-06-24,,Компания «Microsoft» представила «Windows 11»;
017a3b50-f800-4d0a-a7d2-0307ba77c7bd,2021-06-24,,Обрушение многоэтажного жилого дома Майами. Погибли 98 человек.
017a5f5d-7c00-442e-8ce8-b906d92cca07,2021-07-01,,столетие Коммунистической партии Китая.
017a69aa-7400-4a55-a740-91a61eae860c,2021-07-03,,полный запрет использования одноразового неразлагающегося пластика в Европе.
017a73f6-fc00-4768-b126-927471c01159,2021-07-05,,началась закладка атомохода Лидер.
017a791d-7800-4fd8-8702-050ae3fb8dc9,2021-07-06,,крушение самолёта «Ан-26» на Камчатке. Погибли все 28 человек на борту.
017a7e43-f400-4302-8d5a-ed30c8511f8d,2021-07-07,,Убийство президента Гаити Жовенеля Моиза при нападении на его резиденцию;
017a7e43-f400-4ce7-968b-09d4e90329fb,2021-07-07,,Инаугурация президента Израиля Ицхака Герцога.
017a92dd-7400-4dfe-a3d4-1730c9310847,2021-07-11,,Проведение досрочных парламентских выборов в Молдове. Победу одержала партия Майи Санду — «Действие и солидарность»;
017a92dd-7400-449b-bd3c-597f8bec6a1d,2021-07-11,,Совершение суборбитального полёта британским миллиардером Ричардом Брэнсоном на ракетоплане собственной компании «Virgin Galactic»;
017a92dd-7400-42d1-a80c-82100fd44651,2021-07-11,,Начало массовых протестных акций на Кубе;
017a92dd-7400-4d03-800d-fcc5e320b02d,2021-07-11,,Проведение досрочных парламентских выборов в Болгарии.
017a9803-7000-4b06-9786-67ff094119f8,2021-07-12,,"начало серьёзных наводнений в Западной и Центральной Европе, приведших к гибели более 200 человек. Основной ущерб коснулся Германии."
017aa250-7800-484b-8c90-90e99ec9d0e4,2021-07-14,,вызов властями ОАЭ искусственных дождей и наводнений.
017ab1c3-7c00-4aa9-ab61-7dca7002e71e,2021-07-17,,Первый полёт китайского многоразового суборбитального космического корабля;
017ab1c3-7c00-4d61-a5ab-428f4d50b68e,2021-07-17,,Проведение многочисленных протестных акций в Иране на фоне сильнейшей за 50 лет засухи.
017ac136-7000-488b-9e0c-9c3ff83ea972,2021-07-20,,первый пилотируемый суборбитальный полёт многоразового космического корабля «New Shepard» компании «Blue Origin» c экипажем из четырёх человек.
017ac65c-fc00-48f6-8a77-d9c34974327b,2021-07-21,,запуск модуля «Наука» на МКС.
017af9dc-7400-4f44-92b7-ed1aa9019109,2021-07-23,2021-08-08,"проведение Летних Олимпийских игр 2020 в Токио, перенесённые с 2020 года из-за пандемии «COVID-19»."
017ae01c-7800-4d6b-b8e9-a7fdf4b42c21,2021-07-26,,сведение российского модуля «Пирс» международной космической станции с орбиты и его дальнейшее затопление в Тихом океане.
017aea69-7000-4e9e-b48f-1417b02f278a,2021-07-28,,вступление Педро Кастильо в должность президента Перу.
017af9dc-7400-41d6-9d8a-b1aa8ed3a02f,2021-07-31,,крушение истребителя «Су-35» над Охотским морем. Пилот катапультировался и остался жив.
017b094f-7800-4458-a39b-92cbb9f97b6c,2021-08-03,,"смерч в Тверской области: 3 человека погибли, 15 пострадали."
017b18c2-7c00-43d8-87da-8b541146bbcd,2021-08-06,,утверждение правительства Натальи Гаврилицы в Молдове.
017b3282-7800-42bf-bf37-d6b2d0bf9155,2021-08-11,,"установлен новый температурный рекорд для континентальной Европы — + 48,8 °C (119,8 °F). Рекорд зафиксирован метеорологической станцией в г. Сиракузы на о. Сицилия, Италия."
017b37a8-f400-4672-85f4-a4fef3da75fa,2021-08-12,,"взрыв автобуса в Воронеже: 2 человека погибли, 26 пострадали."
017b3cce-f000-4d1f-8c83-fcda4e102ff6,2021-08-13,,захват второго по величине города в Афганистане — Кандагара исламистским движением «Талибан».
017b41f5-7c00-4d3f-89f7-2b672728ab82,2021-08-14,,Крушение самолёта «Бе-200» в Турции: погибли 8 человек;
017b41f5-7c00-4fe0-a979-3b120499fa08,2021-08-14,,Землетрясение в Гаити. Погибло 1297 человек.
017b471b-f800-4609-9a60-f0f12e5f7554,2021-08-15,,падение Кабула и передача власти в Афганистане представителям исламистского движения «Талибан». Создание переходного правительства. Ликвидация Исламской Республики Афганистан.
017b5168-7000-439e-b6b8-73fd02c935f7,2021-08-17,,провозглашение себя и. о. президентом Афганистана бывшим вице-президентом Исламской Республики Афганистан Амрулла Салехом. Начало формирования Панджшерского сопротивления для борьбы с талибами.
017b5bb5-7800-4ad0-8430-ceb89895d363,2021-08-19,,провозглашение талибами Исламского Эмирата Афганистан.
017b945b-7c00-4cdf-8ccb-4d665ceb8d33,2021-08-24,2021-09-05,проведение Летних Паралимпийских игр 2020 в Токио.
017b7fc1-fc00-4e36-9b21-2039678ebae3,2021-08-26,,"теракт в аэропорту Кабула, в результате которого погибли 183, из которых 13 — американские военнослужащие, обеспечивающие эвакуацию людей из Афганистана."
017b9981-7800-4dfa-84ed-dd8d86ccca01,2021-08-31,,проведение президентских выборов в Эстонии. Победу одержал Алар Карис.
017ba3ce-7000-4716-a266-cdb4ed3c59c1,2021-09-02,,официальный выход «Windows Server 2022».
017bb341-7400-4a86-8d6d-e0f2993d1525,2021-09-05,,военный переворот в Гвинее.
017bb867-f000-4c04-b84f-0af3ff364676,2021-09-06,,захват провинции Панджшера талибами.
017bc2b4-7800-4b36-8d99-08b56b2b367c,2021-09-08,,Утверждение Сальвадором биткойна в качестве национальной валюты;
017bc2b4-7800-4b51-ba05-6e013c13a52d,2021-09-08,,"Взрыв газа в многоквартирном доме в Ногинске. Погибло 7 человек, 22 пострадали."
017bc2b4-7800-406e-bb2b-df7c67243ebc,2021-09-08,,В Норильске (Красноярский край) во время межведомственных учений по защите Арктической зоны от ЧС погиб глава МЧС России Евгений Зиничев
017bdc74-7400-43a4-a2cb-59376bf5ed20,2021-09-13,,проведение парламентских выборов в Норвегии. Победу одержала оппозиционная «Рабочая партия». Правящая «Консервативная партия» заняла второе место.
017be6c0-fc00-4759-8420-de10ab9b034b,2021-09-15,,"создание трёхстороннего военного альянса «AUKUS» между Австралией, Великобританией и США."
017bfb5a-7c00-470b-99dc-33d139d5212a,2021-09-19,,"извержение вулкана Кумбре-Вьеха на острове Пальма (Канарские острова, Испания)."
017bf633-f000-4e3c-9eff-2596a1ffc296,2021-09-17,2021-09-19,проведение выборов в Государственную думу. Единый день голосования в России.
017c0080-f800-4fae-9748-a58c381d4836,2021-09-20,,"Массовое убийство в Пермском государственном университете. Погибло 6 человек, 43 пострадали;"
017c0080-f800-4940-920b-5fc48147fc69,2021-09-20,,"Проведение всемирного конгресса по пчеловодству Международной федерации пчеловодческих ассоциаций Апимондии (Уфа, Республика Башкортостан, Россия);"
017c0080-f800-4c96-a29f-b2579bd8276f,2021-09-20,,Проведение парламентских выборов в Канаде. Победу одержала партия Джастина Трюдо — «Либеральная партия».
017c1a40-7400-4a50-8c20-f52969e1606c,2021-09-25,,"проведение парламентских выборов в Исландии. Победу одержала «Партия независимости», набравшая более 24 % голосов."
017c1f66-f000-43ca-9bac-23bc9049d7a9,2021-09-26,,"Проведение референдума в Швейцарии о легализации однополых браков, которые были одобрены большинством граждан."
017c1f66-f000-4e94-8eb7-cb49e693ab3a,2021-09-26,,Проведение очередных парламентских выборов в Германии. Победу одержала «Социал-демократическая партия». Правящий консервативный блок «ХДС/ХСС» занял второе место.
017c29b3-7800-47af-b9ad-faca07f131b6,2021-09-28,,"Ликвидация «зон, свободных от ЛГБТ» в Польше;"
017c29b3-7800-4051-af57-bb79be23fdd5,2021-09-28,,Перестрелка гражданина Республики Беларусь с органами КГБ при проверке дома и граждан по делу об экстремизме. 1 сотрудник КГБ и стрелявший убиты.
017c3926-fc00-462d-9c02-4a78c21ab13c,2021-10-01,,проведение Всемирной выставки 2020 в Дубае (ОАЭ).
017c3e4c-f800-47a4-a8be-2838f17dc693,2021-10-02,,проведение в Грузии первого тура местных выборов.
017c4373-7400-4717-a6c4-c9c235ce88bd,2021-10-03,,публикация организацией «CPI» документов «Архив Пандоры».
017c4899-f000-4e52-80fa-fd70bca165b4,2021-10-04,,Отставка премьер-министра Японии Ёсихидэ Суга. Новым премьер-министром Японии назначен Фумио Кисида;
017c4899-f000-4dba-a5c0-5d222fea50ac,2021-10-04,,"Крупнейший с 2007 года сбой в самых распространённых социальных сетях и мессенджерах («WhatsApp», «Facebook», «Amazon», «Twitter», «Google», «TikTok», «Instagram» и «ВКонтакте»)."
017c4dbf-fc00-4c17-aa01-6664c76f1965,2021-10-05,,Выход первой версии «Windows 11».
017c4dbf-fc00-4e9e-b7b7-f6e1aeb3814a,2021-10-05,,Запуск космического корабля «Союз МС-19» для отправки на МКС команды Первого канала для съёмок фильма «Вызов».
017c4dbf-fc00-4b40-9322-24d3a436dc38,2021-10-05,,"Суд Сан-Франциско обязал компанию Tesla выплатить бывшему работнику завода компании во Фримонте (Калифорния) Оуэну Диасу 136,9 млн долларов по причине расовой дискриминации. Сумма стала крупнейшей суммой, присуждённой за расовую дискриминацию в истории."
017c52e6-7800-42b9-9ae9-a685b29a74cf,2021-10-06,,одобрение ВОЗ первой вакцины против малярии.
017c580c-f400-4735-89ba-ec7cf01a91ce,2021-10-07,,Крупное землетрясение в Пакистане. Погибло 23 человека;
017c580c-f400-408c-8065-841c331ec7de,2021-10-07,,Отставка Дмитрия Разумкова с поста председателя Верховной рады. Его преемником стал Руслан Стефанчук;
017c580c-f400-4e19-b285-51b0c6583234,2021-10-07,,Присуждение Нобелевской премии по литературе танзанийцу Абдулразаку Гурна «за бескомпромиссное и сострадательное погружение в последствия колониализма и судьбу беженцев в пропасти между культурами и континентами».
017c5d33-7000-4047-82a1-2c9666c3cfdd,2021-10-08,,Обрушение жилого дома в Батуми (Грузия). Погибло 9 человек;
017c5d33-7000-4e9f-bece-63c35e008c6a,2021-10-08,,"Теракт в мечети Кундуза (Исламский Эмират Афганистан). Погибшие	150, ранены 143"
017c6259-7c00-47f1-b1a1-e56c60346d66,2021-10-09,,Проведение парламентских выборах в Чехии. Победа правоцентристской коалиции «SPOLU». Правящее движение премьер-министра Андрея Бабиша «ANO 2011» потерпело поражение.
017c6259-7c00-41c0-97f8-006d7636d64c,2021-10-09,,Отставка австрийского федерального канцлера Себастьяна Курца.
017c677f-f800-403c-a695-817b340ce7a1,2021-10-10,,Крушение самолёта «L-410» в Татарстане. Погибло 17 человек;
017c677f-f800-498e-bb00-f89ee277fb41,2021-10-10,,Победа сборной Франции по футболу в Лиге наций УЕФА. Сборная обыграла в финале сборную Испании.
017c76f2-fc00-4342-86b9-db85f5492d40,2021-10-13,,"массовое убийство в Конгсберге, Норвегия."
017c7c19-7800-4e7c-832a-3863c5e51803,2021-10-14,,остановка всех рейсов компанией «Alitalia» в связи с её банкротством.
017cd112-7600-48a2-9ea4-c8dbb997d8e1,2021-10-15,2021-11-15,проведение в России основного этапа переписи населения.
017c9aff-7000-4705-9adf-10927a090017,2021-10-20,,Присуждение Европарламентом премии Сахарова Алексею Навальному;
017c9aff-7000-4e38-895a-0083b514bb17,2021-10-20,,Объявление в России недели выходных с 30 октября по 7 ноября (в некоторых регионах с 23 октября и возможным продлением после 7 ноября) из-за обострившейся ситуации с распространением «COVID-19» на территории России.
017ca54c-7800-47be-b8c8-d8551d5e981d,2021-10-22,,взрыв на пороховом заводе в Рязанской области. Погибло 17 человек.
017caf98-f000-4d02-9c2e-40ee46db712c,2021-10-24,,"переизбрание 64-летнего Шавката Мирзиёева, в связи с получением около 80 % голосов избирателей."
017cb4bf-7c00-4d82-a7c4-90cebad8adab,2021-10-25,,начало военных переворотов в Судане.
017cb9e5-f800-467f-8a17-a4910e882212,2021-10-26,,"Выпуск компанией Джеффа Безоса «Blue Origin» пресс-релиза, в котором компания сообщила о планах строительства орбитальной станции «Орбитальный риф»;"
017cb9e5-f800-4ee7-8fa9-37e5e44d7c2a,2021-10-26,,"Открытие президентами Азербайджана и Турции Ильхамом Алиевым и Реджепом Тайипом Эрдоганом международного аэропорта в городе Физули, который до осени 2020 года находился под контролем непризнанной Нагорно-Карабахской Республики;"
017cb9e5-f800-4bb1-9211-96dadeb4a27e,2021-10-26,,Отставка Ангелы Меркель с поста канцлера Германии. Однако Ангела Меркель продолжила исполнять обязанности до избрания нового канцлера;
017cb9e5-f800-451f-86f3-43f7f605aaff,2021-10-26,,Выдача первого в стране гендерно-нейтрального паспорта Госдепартаментом США.
017cce7e-f800-4df5-9e28-0f24c6c42609,2021-10-30,,Проведение в Грузии второго тура местных выборов;
017cce7e-f800-4a63-87bb-80ecd6ece137,2021-10-30,,Открытие двухдневного саммита «группы двадцати» в Риме.
017cd3a5-7400-4af7-98a9-9a6187c6e9a1,2021-10-31,,Победа «Либерально-демократической партии» во главе с премьер-министром Фумио Кисидой на парламентских выборах в Японии.
017cd3a5-7400-44d9-b1f7-be38b3ff1708,2021-10-31,,"Проведение конференции ООН по изменению климата в Глазго, ранее отложенной из-за пандемии «COVID-19»."
017cd8cb-f000-4143-a350-03ff17f0b8ac,2021-11-01,,Приостановка Россией работы своего постпредства при НАТО;
017cd8cb-f000-4a62-b19d-2b0e902a9ea1,2021-11-01,,Количество умерших от COVID-19 в мире превысило 5 млн человек.
017ce318-7800-4a7d-bc7c-761cb000d866,2021-11-03,,Крушение самолёта «Ан-12» под Иркутском. Погибли все находившиеся на его борту 9 человек
017ce318-7800-434d-ab4e-42ab639fdb25,2021-11-03,,Проведение выборов мэра в Нью-Йорке. Победу одержал демократ Эрик Адамс;
017ced65-7000-4fe9-aac8-ee9f259faddf,2021-11-05,,"давка на Astroworld Festival. 10 человек погибло, 25 были госпитализированы."
017d1bbe-7c00-455c-9d40-3a9992a0b4de,2021-11-14,,проведение президентских и парламентских выборов в Болгарии. Победу одержала либеральная партия «Продолжаем перемены».
017d3fca-f000-4522-8ece-441cd56bf411,2021-11-21,,Проведение в Болгарии второго тура президентских выборов. Фаворитом стал действующий президент Румен Радев;
017d3fca-f000-4bb1-9720-dd26378098ed,2021-11-21,,"Массовое убийство в Уокешо. Подозреваемый въехал на внедорожнике в толпу людей. 5 человек погибло, не менее 48 ранены;"
017d3fca-f000-4173-bb1c-4a173e201865,2021-11-21,,Первый тур президентских выборов в Чили.
017d4a17-f800-43c6-8335-0b02c5fa9a09,2021-11-23,,при пожаре в туристическом автобусе в Болгарии погибли 45 человек.
017d4f3d-f400-4b1d-abfa-4e4cefb50ed7,2021-11-24,,уход в отставку Стефана Лёвена. Новым премьер-министром Швеции назначена Магдалена Андерссон.
017d5464-7000-4aae-9cc1-f2aed498c741,2021-11-25,,"взрыв на шахте «Листвяжная», в результате которого погиб 51 человек."
017d63d7-7400-426c-8881-31511ceee2cd,2021-11-28,,Проведение парламентских выборов в Кыргызстане.
017d63d7-7400-4cb3-a537-3d3406eda68f,2021-11-28,,В Калифорнии умер глава Дома Романовых Андрей Андреевич Романов. Новым главой Дома Романовых стал его старший сын Алексей.
017d6e24-7c00-4a18-8004-3ff9faf0b981,2021-11-30,,становление Барбадоса республикой.
017d734a-7800-45d8-8a83-0ecaa501951e,2021-12-01,,столкновения между Ираном и талибами.
017da1a3-f400-4a6e-8a4a-fc91580391cc,2021-12-01,2021-12-19,проведение чемпионата мира по гандболу среди женщин в Испании.
017d82bd-fc00-4cb5-8fbd-6305988e019e,2021-12-04,,полное солнечное затмение на территории Антарктиды.
017d87e3-f800-4108-848b-3d1cc95922ac,2021-12-05,,землетрясение на острове Ява в Индонезии.
017d9230-f000-4155-b822-dfc90dbfb88b,2021-12-07,,"стрельба в многофункциональном центре на юго-востоке Москвы, в результате которой погибло 2 человека, 4 ранены."
017d9756-fc00-4a16-a1cb-217f467603b0,2021-12-08,,Ангела Меркель окончательно сложила свои полномочия. Новым федеральным канцлером Германии был назначен Олаф Шольц.
017da436-f200-438e-b1b9-47dcf486f844,2021-12-10,2021-12-11,"разрушительные торнадо в США, в результате которых погибло более 100 человек."
017dabf0-7c00-4786-8f88-54dbdd59b193,2021-12-12,,проведение президентских выборов в Приднестровье.
017db116-f800-47c5-bbbf-c95ec3d56d7a,2021-12-13,,"взрыв у гимназии Введенского Владычного монастыря в Серпухове, в результате которого 13 человек получили ранения."
017dcffc-f000-4d97-9c4a-71efc3bf3729,2021-12-19,,Проведение 19-й конкурса «Детское Евровидение 2021».
017dcffc-f000-4f9b-b3de-f34550d24fe0,2021-12-19,,"Второй тур президентских выборов в Чили. Победу одержал кандидат от коалиции «Одобряю достоинство» — Габриэль Борич, став самым молодым избранным президентом в истории страны."
017deee3-7800-4c44-993f-7b9c6ab1c718,2021-12-25,,запуск космического телескопа «Джеймс Уэбб».
017e037c-f800-4ded-84d6-b3b25bca4b70,2021-12-29,,окончательная отмена смертной казни в Казахстане.
017e12ef-fc00-47d0-97c6-66a76d41e25b,2022-01-01,,Вступление в России в силу федерального закона о приземлении иностранных IT-компаний.
017e12ef-fc00-4f94-bf26-147adce6fa00,2022-01-01,,Вступление в силу 11 версии Международной классификации болезней (МКБ-11).
017e12ef-fc00-4716-aab0-ddb3c2b5df2d,2022-01-01,,Вступление в РФ в силу запрета на экспорт необработанного круглого леса и запущена цифровая информационная система отслеживания оборота сырья.
017e12ef-fc00-421c-8bf6-105427ee82d0,2022-01-01,,Полное снятие в КНР ограничений на инвестиции иностранного капитала в местный автопром.
017e12ef-fc00-400d-9666-57eadbe25cd7,2022-01-01,,Вступление Иньяцио Кассиса в должность президента Швейцарии.
017e1815-f800-4d50-8159-6351c4d012e4,2022-01-02,,начало протестных акций в Казахстане против повышения цен на газ.
017e1d3c-7400-4086-ba9c-274f4a0c3ede,2022-01-03,,"принятие совместного заявления против ядерной войны лидерами России, Китая, США, Великобритании и Франции."
017e2262-f000-40a7-8021-a50f45ddff86,2022-01-04,,окончание поддержки компанией «BlackBerry» своих продуктов.
017e2789-7c00-449f-814e-bacbdb16e0b6,2022-01-05,,Уход правительства Аскара Мамина в отставку в связи с массовыми протестами в Казахстане. Исполняющим обязанности премьер-министра назначен Алихан Смаилов.
017e2789-7c00-4e6e-8761-da259cd213c7,2022-01-05,,"Введение чрезвычайного положения в Мангистауской и Алматинской области, в Алма-Ате и Нур-Султане. Позднее было объявлено, что чрезвычайное положение введено на всей территории Казахстана."
017e2789-7c00-47bb-ba02-4e8aeea98348,2022-01-05,,Смещение Нурсултана Назарбаева с поста председателя Совета безопасности.
017e2789-7c00-4808-9742-591867a70f91,2022-01-05,,Покушение на премьер-министра Гаити Ариэля Анри.
017e2caf-7800-44ab-8fe7-7e78c5f9f949,2022-01-06,,введение ОДКБ миротворческих войск в Казахстан с целью стабилизации обстановки в стране.
017e31d5-f400-4ae9-8255-f331a411d3ce,2022-01-07,,Число заражённых COVID-19 в мире превысило 300 млн человек.
017e31d5-f400-4261-a9b4-4f5bf11cbbc1,2022-01-07,,В США впервые в мире Дэвиду Беннетту провели ксенотрансплантацию генетически модифицированного сердца свиньи.
017e50bb-fc00-4a2b-bfe2-83155cba6b5d,2022-01-13,,принц Эндрю лишён титулов и звания Его Королевское Высочество.
017e55e2-7800-4e7b-8543-cd75876325b0,2022-01-14,,начало извержения вулкана Хунга-Тонга-Хунга-Хаапай.
017e602f-7000-4df7-be5f-393e7cdf005a,2022-01-16,,проведение конституционного референдума в Сербии.
017e6a7b-f800-4d6c-84ab-2b436ffe0029,2022-01-18,,"компания Microsoft объявляет о своём намерении приобрести Activision Blizzard за 68,7 млрд $. Сделка стала крупнейшим на тот момент приобретением компании."
017e6fa2-7400-4d73-a2a6-62a1c4ef2a70,2022-01-19,,полный вывод войск ОДКБ из Казахстана.
017e74c8-7000-4ef7-a798-bbd0ae12365d,2022-01-20,,"формирование тропического шторма Ана. Позже шторм обрушился на Мадагаскар, Малави и Мозамбик, унеся жизни 88 человек."
017e7f15-7800-42d0-8166-e10013b5929c,2022-01-22,,начало протестных акций «Конвой Свободы» в Канаде против вакцинных паспортов.
017e843b-f400-40b0-8835-d64ad7c24359,2022-01-23,,президент Армении Армен Саркисян ушёл в отставку.
017e9641-f600-4466-a887-8044fabd4acb,2022-01-24,2022-01-29,проведение президентских выборов в Италии. Переизбран действующий президент Серджо Маттарелла.
017e8961-f000-4981-87e3-fe055ae3ed51,2022-01-24,,президент Буркина-Фасо Рок Марк Кристиан Каборе был задержан военными в результате военного переворота.
017e98d4-f400-40c0-bf70-01f62b00685f,2022-01-27,,"король Саудовской Аравии Салман подписал указ о Дне основания государства, который будет ежегодно отмечаться 22 февраля."
017e9dfb-7000-42e8-b947-e748b96514dc,2022-01-28,,Касым-Жомарт Токаев избран главой партии «Нур Отан» вместо Нурсултана Назарбаева.
017eb294-f000-4962-bad5-2be1fd90f646,2022-02-01,,в Казахстане был отправлен в отставку председатель парламента Нурлан Нигматулин.
017ebce1-7800-4972-ac3c-89bb34a1ddd4,2022-02-03,,в результате спецоперации США в Идлибе был убит лидер ИГИЛ Абу Ибрагим аль-Кураши.
017eeb3a-f400-4be2-aca9-ff6113758c4b,2022-02-04,2022-02-20,Зимние Олимпийские игры в Пекине.
017ec72e-7000-4f6a-a9fd-2efcc9a491ff,2022-02-05,,циклон Батсирай унёс жизни в общей сложности 111 человек на Мадагаскаре.
017ecc54-fc00-4a98-b184-a49b68a7c169,2022-02-06,,всеобщие выборы в Коста-Рике.
017edbc7-f000-4e71-aeff-1bb808f3e46e,2022-02-09,,число заражённых COVID-19 в мире превысило 400 млн человек.
017ee0ed-fc00-4c15-b0f0-3c2f9f5659d9,2022-02-10,,в одной из средних школ американского города Буффало в штате Нью-Йорк произошла стрельба. Были ранены два человека.
017ee614-7800-43f4-ba0b-4f1c94dc3175,2022-02-11,,в Италии произошло извержение вулкана Этна.
017ef061-7000-4850-801d-aec471a85ddc,2022-02-13,,Франк-Вальтер Штайнмайер был переизбран президентом на выборах в Германии.
017ef587-7c00-4ea0-9eb0-6ce7d86b000a,2022-02-14,,"Формирование шторма Юнис, который позже обрушился на ряд европейских государств, причинив ущерб в размере $1,5 млрд и унеся жизни 17 человек."
017ef587-7c00-42e3-bb32-505d7030ddad,2022-02-14,,"В Великобритании запущена климатическая компания Just Stop Oil, целью которой является запрет на использование ископаемых видов топлива."
017effd4-7400-4d1d-a020-3b736ad3bf0c,2022-02-16,,президентом Украины Владимиром Зеленским был подписан указ об учреждении Дня единения.
017f0a20-fc00-4110-b822-6b4913524644,2022-02-18,,"начата массовая эвакуация населения отдельных территорий Донецкой и Луганской областей, неподконтрольных Украине, на территорию России."
017f1993-f000-4334-b8e0-b9c2531ae408,2022-02-21,,признание Россией Донецкой и Луганской Народных Республик.
017f1eba-7c00-4bed-8a0c-e5ee2c76f009,2022-02-21,2022-02-23,Принятие первого пакета санкций против России.
017f2907-7400-4365-abd3-0fd8e39495b4,2022-02-24,,Начало вторжения России на Украину.
017f2907-7400-49a0-a159-7112940327d3,2022-02-24,,Украина объявила о разрыве дипломатических отношений с Россией.
017f2b9a-7200-4fca-a35a-c68140153c96,2022-02-24,2022-02-25,Принятие второго пакета санкций против России.
017f2e2d-7000-42b0-9b6f-049b3a48ca95,2022-02-25,,Вторжение России на Украину: президент Украины Владимир Зеленский объявил о всеобщей мобилизации.
017f2e2d-7000-47a8-a580-91358fba51ca,2022-02-25,,Микронезия разорвала дипломатические отношения с Россией.
017f2e2d-7000-461d-8dee-508c751775ef,2022-02-25,,Совет Европы приостановил членство России в организации из-за вторжения на Украину.
017f85b9-7c00-4609-9363-d214c9dd52b7,2022-02-26,2022-03-30,рельсовая война в Беларуси.
017f5c86-fc00-47eb-8988-aeb8b647cc14,2022-02-26,2022-03-14,Принятие третьего пакета санкций против России.
017f387a-7800-4729-af8a-4f0e87fde8e7,2022-02-27,,референдум о принятии изменений в конституцию страны в Беларуси.
017f3da0-7400-42e1-9622-129c7cf36d80,2022-02-28,,Владимир Зеленский подписал заявку на принятие Украины в ЕС.
017f42c6-f000-4f43-a750-c9167fd0af2c,2022-03-01,,правящая партия Казахстана Нур Отан переименована в Аманат.
017f4d13-f800-4d8d-a9c9-feae8b187016,2022-03-03,,Молдова подала заявку на вступление в Евросоюз.
017f4d13-f800-4c3d-b1a2-cae24536d1ec,2022-03-03,,Грузия подала заявку на вступление в Евросоюз.
017f5239-f400-4464-98ec-8f88d5c90c5c,2022-03-04,,"теракт в Пешаваре; 63 погибших, около 200 раненых."
017f66d3-7400-44f9-88f9-7855316c3c19,2022-03-08,,Компания «Макдоналдс» объявила о прекращении работы в России из-за вторжения на Украину.
017f6bf9-f000-41fc-b309-d6f0c7cb6080,2022-03-09,,Президентские выборы в Южной Корее. Победу одержал Юн Сок Ёль.
017f6bf9-f000-4354-88f6-93bc7e4f5d83,2022-03-09,,"Исследователи объявили о том, что они обнаружили в Антарктике судно «Эндьюранс», которое затонуло в 1915 году во время экспедиции Эрнеста Шеклтона."
017f7120-7c00-46e9-a161-284700f90bef,2022-03-10,,Каталин Новак была избрана президентом Венгрии.
017f7646-7800-4de3-b34a-6d76e4303c0c,2022-03-11,,Габриэль Борич вступил в должность президента Чили.
017f7b6c-f400-47f8-a7d3-fa405e37fd27,2022-03-12,,президентские выборы в Туркменистане. Победу одержал Сердар Бердымухамедов.
017f8093-7000-4ee9-baa3-4c270ab45aa2,2022-03-13,,Ваагн Хачатурян вступил в должность президента Армении.
017f8adf-f800-405a-9f1d-3d52343e8723,2022-03-15,,начались протесты на Шри-Ланке.
017fbe5f-7000-4aa7-b4d4-3688dbe73a96,2022-03-15,2022-04-04,Принятие четвертого пакета санкций против России.
017f9006-7400-4d76-912c-cde725058409,2022-03-16,,на северо-востоке Японии произошло землетрясение.
017f9a52-fc00-42fb-8836-2a192ca5e8f9,2022-03-18,,Совет Европы официально исключил Российскую Федерацию из организации.
017f9a52-fc00-46e6-9c51-242afe4948fa,2022-03-18,,В Турции через пролив Дарданеллы открыт самый длинный подвесной мост в мире «Чанаккале-1915».
017f9a52-fc00-4e8a-bf5d-3695e6748109,2022-03-18,,Окончание боёв за Николаев. Отступление российской армии от города.
017fa9c6-7000-442e-9c1c-40f4b8f3ef66,2022-03-21,,катастрофа Boeing 737 в Тэнсяне (Китай). Погибли все 132 человека на борту.
017fb939-7400-494c-bf8a-38be3becf7ec,2022-03-24,,Азербайджанские вооружённые силы пересекли линию соприкосновения в Нагорном Карабахе и вошли в село Парух.
017fb939-7400-42cc-8d87-4b35a3ea1088,2022-03-24,,В Брюсселе состоялся внеочередной саммит НАТО.
017fbe5f-7000-41cb-9450-df13258caafb,2022-03-25,,посвящение России Непорочному сердцу Марии.
017fcdd2-f400-41bb-b2eb-35dbe99a71b3,2022-03-28,,Начались протесты в Перу.
017fcdd2-f400-417e-85a7-e5f59223488a,2022-03-28,,ОПЗЖ прекратила свою деятельность на территории Украины.
017fdd45-f800-4568-b21b-5f3a191baed9,2022-03-31,,"около берегов Новой Каледонии произошло землетрясение магнитудой 7,1 балла."
017fe792-7000-4425-ae4a-ec690c9534df,2022-04-02,,вторжение России на Украину: окончание битвы за Киев. Отступление российской армии с севера Украины.
017fecb8-fc00-4dbc-9351-ec7e0425dd35,2022-04-03,,Парламентские выборы в Венгрии.
017fecb8-fc00-496b-b949-d3ccf3b0e0ea,2022-04-03,,Президентские и парламентские выборы в Сербии.
017ff705-7400-4a40-9e1d-beffbff352de,2022-04-05,,выход Unreal Engine 5.
01808c5d-f000-4f60-85eb-0aa34a373e1a,2022-04-05,2022-06-02,Принятие пятого пакета санкций против России.
017ffc2b-f000-482b-93c9-46926ed97603,2022-04-06,,"Российская армия полностью покинула Киевскую, Житомирскую, Черниговскую и Сумскую области."
017ffc2b-f000-4506-9338-68d123d41a03,2022-04-06,,Умер председатель ЛДПР — Владимир Жириновский.
01800152-7c00-4214-b98b-6a1d17e31912,2022-04-07,,Генеральная Ассамблея ООН приостановила членство Российской Федерации в Совете по правам человека при ООН.
01800678-7800-4d0e-9abb-3d534c230115,2022-04-08,,"ракетный удар по вокзалу Краматорска. Погибло 61 человек, более 110 ранены. Атака является одной из самых смертоносных за всё время вторжения России на Украину."
018010c5-7000-4db3-8545-f87d282b2241,2022-04-10,,Первый тур президентских выборов в Южной Осетии.
018010c5-7000-4794-80c3-5d9bde933603,2022-04-10,,Первый тур президентских выборов во Франции.
01802038-7400-4535-9c3f-2804cf0ca954,2022-04-13,,число заражённых коронавирусом превысило 500 млн человек.
0180255e-f000-458a-8601-ad7e3da0ea45,2022-04-14,,вторжение России на Украину: гибель крейсера «Москва» Черноморского флота в результате украинского ракетного удара.
018034d1-f400-45c2-9e60-d9008c5eab40,2022-04-17,,Турция начала военную операцию на севере Ирака.
0180496b-7400-49c5-93f0-4b8a69a21035,2022-04-21,,выход Teardown (видеоигра).
01804e91-f000-404d-a1dc-d485ee8ab821,2022-04-22,,"в Нигерии произошёл взрыв на нелегальном нефтеперерабатывающем заводе, в результате которого погибло 110 человек."
018058de-7800-4c32-a5e7-2cc445b1514c,2022-04-24,,Второй тур президентских выборов во Франции. Победу одержал Эмманюэль Макрон.
018058de-7800-410f-8cb1-d3d4450fe91b,2022-04-24,,Парламентские выборы в Словении. Победу одержала оппозиционная либеральная партия «Свобода».
01806851-7c00-4f12-b2ed-d80efa8920ec,2022-04-27,,"произошли взрывы в Приднестровье. Были повреждены объекты военной инфраструктуры, произошли обстрелы посёлка Маяк, здания госбезопасности и военного аэродрома в Тирасполе, а также взорваны вышки, транслирующие российские каналы."
01807cea-fc00-4852-a1f8-aaee5c67030f,2022-05-01,,в Армении начались протесты против уступок по Карабаху.
0180a0f7-7000-4c53-a113-cb33622f5880,2022-05-08,,Выборы главы администрации Гонконга.
0180a0f7-7000-4e5c-b6ef-462ba491731a,2022-05-08,,Второй тур президентских выборов в Южной Осетии.
0180a61d-fc00-49bf-804b-c3339873154a,2022-05-09,,Премьер-министр Шри-Ланки Махинда Раджапакса уходит в отставку в результате массовых протестов против его правительства по всей стране. Через 3 дня его сменил Ранил Викрамасингхе.
0180a61d-fc00-4d63-8a44-b44f00e71ac7,2022-05-09,,Джо Байден подписал закон о ленд-лизе Украине.
0180a61d-fc00-4804-afaa-aab44b5c5c30,2022-05-09,,Президентские выборы на Филиппинах.
0180b590-f000-484a-b494-6f6ba5bbbef1,2022-05-10,2022-05-14,"проведение 66-го конкурса песни «Евровидение» в Турине, Италия."
0180b06a-7400-4858-a663-fbe42399c0cf,2022-05-11,,начался суд над бывшим губернатором Хабаровского края Сергеем Фургалом.
0180e3e9-fc00-4a04-87dc-3dc3d6a26e96,2022-05-13,2022-05-29,проведение чемпионата мира по хоккею с шайбой в Хельсинки и Тампере (Финляндия).
0180bfdd-7800-4d10-b80e-f808d57c9d99,2022-05-14,,Президентом ОАЭ стал наследный принц Мухаммад ибн Заид Аль Нахайян.
0180bfdd-7800-492e-8eaa-6b618485ba57,2022-05-14,,Вторжение России на Украину: окончание боёв за Харьков. Победа ВСУ.
0180d476-f800-4b6e-85fa-dab905590fa2,2022-05-18,,Финляндия и Швеция официально подали заявки на вступление в НАТО.
0180dec3-f000-4b69-a63f-b5e93bdd9754,2022-05-20,,"вторжение России на Украину: окончание боёв за Мариуполь, город перешел под контроль ВС РФ и подразделений ДНР."
0180e3e9-fc00-422d-89c2-c8e756eced21,2022-05-21,,парламентские выборы в Австралии.
0180f35d-7000-4968-8017-346b17d66525,2022-05-24,,премьер-министр Венгрии Виктор Орбан объявил о введении в стране чрезвычайного положения с 25 мая.
0180fda9-f800-42e1-81fd-58da5b8d9c4d,2022-05-26,,правительство Приднестровья ушло в отставку.
018102d0-7400-4fe7-b8fb-2d83d32696ca,2022-05-27,,Собор Украинской православной церкви.
01819302-7400-4bdb-8219-df4aec4b9fc7,2022-06-03,2022-07-15,Принятие шестого пакета санкций против России.
01813129-7000-43e5-baaa-f91f40a80fc7,2022-06-05,,Конституционный референдум в Казахстане.
01813129-7000-4279-8b34-3cc3fae57344,2022-06-05,,"По меньшей мере 50 человек погибли в результате стрельбы и взрыва бомбы в Ово, Нигерия."
0181409c-7400-4769-92a1-eed55db5e788,2022-06-08,,"В Казахстане были образованы три новые области: Улытауская, Абайская и Жетысуская."
0181409c-7400-4e8b-bf8d-362fab4be0fd,2022-06-08,,В Казахстане был отменён титул Елбасы.
0181500f-7800-43e4-a18d-6380f6ab136d,2022-06-11,,"президент РФ Владимир Путин подписал закон о неисполнении решений ЕСПЧ, принятых в отношении России после 15 марта 2022 года."
01815535-f400-4610-b393-59babb77cbcc,2022-06-12,,Первый тур парламентских выборов во Франции.
01815535-f400-4bd8-9cb0-ef64b763a95b,2022-06-12,,В Москве открылись рестораны «Вкусно — и точка» на месте бывших «Макдоналдсов».
01815f82-fc00-49f6-a403-cb78d7f51ac6,2022-06-14,,"Канада и Дания закончили территориальный спор за остров Ханс. Страны договорились о разделе острова: 40 % Канаде, 60 % Дании."
018164a8-f800-421f-afb9-8ac0887317f3,2022-06-15,,Microsoft прекратила поддержку Internet Explorer.
0181741b-fc00-42f4-a19d-58b203cd3c23,2022-06-18,,Литва ограничила транзит в Калининград.
01817942-7800-4795-8921-e0843f589ce6,2022-06-19,,"Второй тур парламентских выборов во Франции, на которых победила либеральная коалиция «Граждане вместе» Эмманюэля Макрона."
01817942-7800-46d9-b972-b608f545ebef,2022-06-19,,Президентские выборы в Колумбии. Победу одержал социалист Густаво Петро.
018188b5-7c00-4e68-9993-a7760018a695,2022-06-22,,"землетрясение в Афганистане. Не менее 1000 человек погибли, и 1500 получили ранения."
01818ddb-f800-419f-bf62-3df45ada2632,2022-06-23,,Украина и Молдова получили статус кандидатов в ЕС.
01819828-f000-47a6-8cd7-262b29801809,2022-06-25,,"В ночном клубе города Осло произошла стрельба. Погибло 2 человека, 21 человек получил ранения."
01819828-f000-4dc3-b699-25824f2a41b9,2022-06-25,,Вторжение России на Украину: окончание боёв за Северодонецк. Город перешел под контроль ВС РФ и подразделений ЛНР.
01819d4e-fc00-4d36-bbdd-8bc3f0c8f83d,2022-06-26,,в Германии прошёл саммит G7.
0181af55-7e00-4b24-8246-60ff3fd6e4c3,2022-06-29,2022-06-30,проведение саммита НАТО в Мадриде.
0181acc1-f000-40c1-9bdf-358d5f05d8ae,2022-06-29,,Сирия объявила о решении признать независимость ДНР и ЛНР.
0181b1e8-7c00-4aaf-aeef-b323319b8bc7,2022-06-30,,"Вторжение России на Украину: окончание боёв за остров Змеиный, победа ВСУ."
0181b1e8-7c00-4828-8fa6-33a8d599b4da,2022-06-30,,В индийском штате Манипур произошёл крупный оползень.
0181b1e8-7c00-4b02-b5b1-aea78312e5d6,2022-06-30,,"Польша закончила строительство стены на границе с Беларусью, протяжённость которой составила 186,25 километров."
0181b1e8-7c00-448e-8999-181fbb3a5c6a,2022-06-30,,Украина разорвала дипломатические отношения с Сирией.
0181b70e-f800-4f3c-b2c1-b2ae0f7d6b34,2022-07-01,,в Каракалпакстане начались протесты против поправок в конституцию. Позже узбекские власти решили отказаться от планов по лишению Каракалпакстана автономии.
0181c15b-7000-45c3-b295-0d9854824d16,2022-07-03,,Вторжение России на Украину: окончание боёв за Лисичанск. Город перешел под контроль ВС РФ и подразделений ЛНР.
0181c15b-7000-426c-9b42-e0af7ff7c423,2022-07-03,,"В автономии Каракалпакстан, Узбекистан, был введён режим чрезвычайного положения."
0181d5f4-f000-4171-bc1b-3ccaa0b63875,2022-07-07,,"Борис Джонсон заявил, что уходит с поста премьер-министра Великобритании."
0181db1b-7c00-4166-9648-e4f7b8091b90,2022-07-08,,убит бывший премьер-министр Японии Синдзо Абэ.
0181e041-f800-464a-8803-2c3dd1e1eb18,2022-07-09,,протестующие в Шри-Ланке ворвались в резиденцию президента Готабайи Раджапаксы. Президент бежал из страны.
0181f4da-f800-4f78-8e29-099114599098,2022-07-13,,Президент Шри-Ланки Готабая Раджапакса ушёл в отставку.
0181f4da-f800-4951-9cbd-e425db82b405,2022-07-13,,Корейская Народно-Демократическая Республика признала ДНР и ЛНР.
0181f4da-f800-46c0-a3ad-3ede0a295e9b,2022-07-13,,Украина разорвала дипломатические отношения с КНДР.
0181f4da-f800-4aa0-8ce6-4514f314da58,2022-07-13,,"Басманный суд арестовал Илью Яшина по обвинению, о распространении фейков."
0182044e-7c00-4a99-ab4d-e483704c36b1,2022-07-16,,авиакатастрофа Ан-12БК под Кавалой. Погибло 8 человек.
018218e7-7c00-44fe-b989-8b0769086711,2022-07-20,,Сирия разорвала дипломатические отношения с Украиной.
0182df2c-7200-4a21-96e5-597baa799d81,2022-07-21,2022-10-04,Принятие седьмого пакета санкций против России.
0182285a-f000-4700-880d-e791c68708d0,2022-07-23,,"наводнение в Сочи, погиб 1 человек."
01822d80-fc00-4c83-9b14-7d90c9537f4f,2022-07-24,,извержение стратовулкана Сакурадзима в Японии.
018232a7-7800-48e5-840f-a01321daebd5,2022-07-25,,Драупади Мурму вступила в должность президента Индии.
01823cf4-7000-4456-b99c-f812d82a2430,2022-07-27,,"на Филиппинах произошло землетрясение в 7 баллов по шкале Рихтера, 10 человек погибло, 375 ранено."
01825e6d-7600-4ffe-8cbf-9e92cc6b3ca1,2022-07-28,2022-08-08,"Игры Содружества в Бирмингеме, Англия."
0182518d-7000-4f5e-bc31-778af9b91053,2022-07-31,,США ликвидировали лидера Аль-Каиды Аймана аз-Завахири в Афганистане.
0182518d-7000-4f4b-86c1-f09b842319b6,2022-07-31,,Сербско-косовский кризис.
018256b3-fc00-4d1a-8e5b-b8d93a050a4b,2022-08-01,,Начало столкновений в Нагорном Карабахе между Азербайджаном и армянскими силами.
018256b3-fc00-4483-86a0-458db0e6018c,2022-08-01,,Начало боёв за Бахмут.
01825bda-7800-47ab-9272-f1f0fdb7f3fd,2022-08-02,,"В России запретили деятельность украинского батальона «Азов», объявив его террористической организацией."
01825bda-7800-4c49-8dd3-4e6b1c6c88a3,2022-08-02,,Визит Нэнси Пелоси на Тайвань. Мобилизация армии Китая.
01826b4d-7c00-4883-a354-d93255cbefe0,2022-08-05,,Израиль начал операцию «Рассвет» против группировки «Исламский джихад».
01827599-f400-4e08-af12-30c2e7bb5365,2022-08-07,,Израиль и ПИД договорились о перемирии.
01827fe6-fc00-4f22-bf25-8bf9ab8959c0,2022-08-09,,президентские выборы в Кении.
01828f59-f000-4071-9fd7-cf4057dbbdc0,2022-08-12,,нападение на британско-американского писателя Салмана Рушди.
018299a6-7800-4138-9fa9-e7e2a0f5d28c,2022-08-14,,в ТЦ «Сурмалу» в Ереване прогремел мощный взрыв.
0182d24c-7c00-4d09-8fe6-61ffc7849019,2022-08-25,,Лачын с прилегающими сёлами вернулся под контроль армии Азербайджана.
0182dc99-7400-4490-b3e5-badfe9211cc5,2022-08-27,,число заражений коронавирусом превысило 600 млн человек.
0182ec0c-7800-425a-8ed7-5ef000fb4328,2022-08-30,,умер последний президент СССР — Михаил Горбачёв.
0182f658-f000-4408-86a5-6eb02c818f9a,2022-09-01,,неудачное покушение на действующего вице-президента Аргентины Кристину Фернандес де Киршнер.
018305cc-7400-454f-a631-07bdbce8f237,2022-09-04,,посол США в России Джон Салливан завершил свою работу и покинул Москву.
01830af2-7000-4d95-a026-62087d495a7f,2022-09-05,,Новым премьер-министром Великобритании объявлена Лиз Трасс.
01830af2-7000-468e-9196-1cbc7e82d518,2022-09-05,,"Взрыв у входа в консульский отдел посольства России в Кабуле. Погибло не менее 8 человек, включая двух сотрудников посольства."
018312ab-fa00-40cb-9334-924e325f4a1b,2022-09-05,2022-09-08,Восточный экономический форум во Владивостоке.
01831a65-7400-4fb4-93e4-1ab4fae31666,2022-09-08,,Смерть королевы Великобритании Елизаветы II. Новым британским монархом стал Карл III.
01831a65-7400-4042-a29c-263283fb5118,2022-09-08,,ВСУ освободили Балаклею.
018324b2-7c00-4931-a5e0-5651fcb38be2,2022-09-10,,ВСУ освободили Изюм и Купянск.
018329d8-f800-41f6-b414-98f882abeed4,2022-09-11,,Парламентские выборы в Швеции: победа правоцентристского блока.
018329d8-f800-4675-b271-0758a2a77349,2022-09-11,,Единый день голосования в России.
018329d8-f800-4e6e-93ec-6d30617e9f93,2022-09-11,,Работа Запорожской АЭС полностью остановлена.
01833425-7000-45e2-861c-fafa9a23d296,2022-09-13,,начало крупномасштабных столкновений между Арменией и Азербайджаном.
0183394b-fc00-40ac-9e16-7398f06920f1,2022-09-14,,начало боевых столкновений между Кыргызстаном и Таджикистаном.
01834105-7600-47f4-96f7-9a9b04e6fddd,2022-09-15,2022-09-16,саммит ШОС в Самарканде.
01834398-7400-40ad-b1bc-816e48e8cad6,2022-09-16,,Россия вышла из Европейской Конвенции по защите прав человека.
01834398-7400-4a93-82d1-e6292c338ad3,2022-09-16,,Начались протесты в Иране.
018348be-f000-456c-a3f5-083a0bed04d7,2022-09-17,,Нур-Султан был снова переименован в Астану.
01835d58-7000-4f2a-afce-c705260b386f,2022-09-21,,В России объявлена мобилизация.
01835d58-7000-4e37-a515-fb7786129139,2022-09-21,,В России прошли антивоенные митинги против мобилизации.
0183627e-7c00-4d61-a8d4-6d8eeb2c981f,2022-09-22,,в Казахстане был отменён день первого президента.
018371f1-f000-464e-83d5-b72522a1bdd6,2022-09-23,2022-09-27,"проведение фиктивных референдумов с целью аннексии Россией оккупированных территорий Донецкой, Запорожской, Луганской и Херсонской областей Украины."
018371f1-f000-48c5-8717-23d663179fe9,2022-09-25,,"Референдум на Кубе по поправкам к Семейному кодексу, которые узаконивают однополые браки, расширяют права женщин, а также усиливают защиту детей и пожилых людей."
018371f1-f000-4cb6-b4c3-577ba0daf287,2022-09-25,,Парламентские выборы в Италии. Победу одержала правая партия Братья Италии.
01837717-fc00-4583-a7dc-4cd04185733c,2022-09-26,,"Массовое убийство в ижевской школе № 88 — погибли 19 человек, включая напавшего."
01837717-fc00-46f2-9a48-6d54aaa3569a,2022-09-26,,Авария на «Северных потоках».
01838164-f400-437c-905c-7005776a0115,2022-09-28,,полное отключение электроэнергии на территории Кубы из-за урагана «Ян».
01838bb1-7c00-4ef8-9173-5966a9666cc8,2022-09-30,,"Аннексия Россией оккупированных территорий Украины Донецкой, Луганской, Запорожской и Херсонской областей."
01838bb1-7c00-4333-9873-ff465dd00f17,2022-09-30,,Украина подала заявку на вступление в НАТО.
01838bb1-7c00-4f93-95bd-933a6a75d4da,2022-09-30,,Военный переворот в Буркина-Фасо.
018390d7-f800-4d52-bc98-9b8344ddab48,2022-10-01,,Никарагуа разорвала дипломатические отношения с Нидерландами.
018390d7-f800-494d-856b-38b8e67d3411,2022-10-01,,ВСУ освободили Лиман.
018390d7-f800-4777-988d-291ec2ee588b,2022-10-01,,Парламентские выборы в Латвии.
018390d7-f800-4349-8ea6-a44365cefd01,2022-10-01,,"В результате давки на футбольном стадионе в Индонезии погибли 182 человека, ещё не менее 309 человек пострадали."
0183de17-7c00-41a8-acea-ba995a2ce049,2022-10-02,2022-10-30,проведение всеобщих выборов в Бразилии. Победу одержал Луис Инасиу Лула да Силва.
0183a04a-fc00-4d26-8ab1-7795de7da193,2022-10-04,,"КНДР запустила в сторону Японского моря баллистическую ракету, пролетевшую, вероятно, над территорией Японии."
0183aa97-f400-4326-82e9-ceb5327fcd2d,2022-10-06,,"в результате стрельбы в таиландском детском центре погибло не менее 36 человек, в том числе 24 ребёнка."
01845ed6-7800-41fd-af56-a56104072a56,2022-10-06,2022-12-15,Принятие 8 пакета санкций против России.
0183b4e4-7c00-43ad-ab1f-293ec076f857,2022-10-08,,взрыв на Крымском мосту и обрушение части полотна автодороги вследствие подрыва грузового автомобиля.
0183bf30-f400-4872-bf98-f381da08f9ac,2022-10-10,,массированные ракетные удары по объектам гражданской инфраструктуры в крупнейших городах Украины.
0183d3ca-7400-4633-a09e-06c7ece92bb7,2022-10-14,,взрыв на шахте в Бартыне на севере Турции: 41 человек погиб. Всего на момент взрыва под землёй находилось 115 человек.
0183d8f0-f000-4bf6-a079-e4de81b0f96b,2022-10-15,,"двое солдат уроженцев Таджикистана открыли стрельбу на полигоне в Белгородской области. Погибли 11 человек, 15 ранены."
0183ed8a-7000-4633-bb0a-923078b7a3bc,2022-10-16,2022-10-22,"в Пекине прошёл XX-й съезд КПК, который избрал руководство Коммунистической партии Китая, в том числе её генерального секретаря."
0183e33d-7800-40ec-8776-44e6797d2181,2022-10-17,,Шведский риксдаг избрал лидера Умеренной коалиционной партии Ульфа Кристерссона премьер-министром страны.
0183e33d-7800-484e-94c6-0d7d259e080e,2022-10-17,,"В Ейске потерпел крушение Су-34, упав на девятиэтажный дом. Погибло 15 человек, ранено — 19."
0183e863-f400-4e51-a594-be67ae974736,2022-10-18,,Верховная рада Украины признала Чеченскую Республику Ичкерия.
0183f2b0-fc00-439d-9f35-037aa0f3d9a7,2022-10-20,,Лиз Трасс заявила об уходе с поста премьер-министра Великобритании.
0183f2b0-fc00-4698-8b1a-0538c797696a,2022-10-20,,"Указом президента Российской Федерации Владимира Путина на оккупированных, а затем аннексированных Россией территориях Луганской, Донецкой, Херсонской и Запорожской областях введено военное положение."
0183f2b0-fc00-44b7-96d5-297247f22bf2,2022-10-20,,Упразднение Ростуризма.
0183fcfd-7400-4b9a-afa5-de52df6b431d,2022-10-22,,лидер партии «Братья Италии» Джорджа Мелони стала премьер-министром Италии.
0183fcfd-7400-4589-ac62-74b21aa9214f,2022-10-22,,россиянин Ислам Махачев стал чемпионом UFC в лёгком весе.
01840223-f000-40ec-94c3-6bd9031a778f,2022-10-23,,"в Иркутске потерпел крушение Су-30, упав на двухэтажный дом. Погибли два пилота."
01840c70-7800-458f-930e-a4ed0895a790,2022-10-25,,Лидер Консервативной партии Великобритании Риши Сунак назначен премьер-министром Великобритании.
01840c70-7800-4307-a080-2d0293211fc2,2022-10-25,,"Солнечное затмение на территории Европы, Ближнего Востока, Центральной Азии, Западной Сибири и северо-востоке Африки."
01841196-f400-4cf8-8477-517cb8cfaf59,2022-10-26,,"массовое убийство в Ширазе. Погибло около 15 человек, больше 40 человек ранены."
01841be3-7c00-4856-af6a-2dbe697b5b37,2022-10-28,,Илон Маск приобрёл «Twitter» за $44 млрд.
01842109-f800-4732-a386-eb256d758479,2022-10-29,,Давка на праздновании Хэллоуина в Сеуле. Погибли 156 человек.
01842109-f800-4ca2-aa86-328c25401912,2022-10-29,,"Два заминированных автомобиля взорвались у здания Минобразования Сомали в Могадишо. Не менее 100 человек погибли, 300 пострадали."
01842630-7400-42c0-a156-787ee04c02f8,2022-10-30,,"обрушение моста в Морви, погибло не меньше 141 человек."
0184307c-fc00-4717-bdb8-58432e24aa28,2022-11-01,,на парламентских выборах в Израиле победу одержала партия Ликуд во главе с бывшим премьер-министром страны Биньямином Нетаньяху.
01843310-7a00-4e25-aec3-060872f50e19,2022-11-01,2022-11-02,31-й саммит Лиги арабских государств.
018435a3-7800-42ae-819f-3abc4454202d,2022-11-02,,окончание войны в Тыграе.
01843ac9-f400-44c5-b018-19bbc7f1c735,2022-11-03,,неудачное покушение на бывшего премьер-министра Пакистана Имрана Хана.
01844516-7c00-4c4e-a624-29802ae06b00,2022-11-05,,пожар в кафе «Полигон» в Костроме. Погибли 15 человек.
01844a3c-f800-453e-82e2-475a3a013a0f,2022-11-06,,в Танзании на озере Виктория разбился самолёт ATR-42. Из 43 человек погибли 19 человек.
01846922-f000-432c-8199-baa39b17c052,2022-11-06,2022-11-18,Конференция ООН по изменению климата 2022.
01845489-7000-4a83-8206-0c2bde42fb86,2022-11-08,,выборы в Палату представителей США и выборы в Сенат США.
018459af-fc00-4374-9c22-e3183de5373e,2022-11-09,,министр обороны России Шойгу приказал войскам отступить с правого берега Днепра на левый.
01845ed6-7800-4c58-aea8-f562f1abb4fb,2022-11-10,,ВСУ освободили Снигирёвку.
018463fc-7400-4931-af6a-052c366a1bf4,2022-11-11,,Взрыв на Антоновском мосту в Херсоне.
018463fc-7400-4546-a7e4-de5ec62f1751,2022-11-11,,Завершение переброски войск ВС РФ на левый берег Днепра.
018463fc-7400-4e9f-9d86-dac2b1e3dada,2022-11-11,,ВСУ освободили Херсон и Берислав.
01847895-f400-4c7f-9066-076155a041e5,2022-11-15,,Население Земли достигло 8 миллиардов человек.
01847895-f400-4fa4-82dc-27199146ec16,2022-11-15,,"Массированный ракетный обстрел Украины, крупнейший с начала российского вторжения, привёл к отключению электроэнергии у 10 миллионов украинцев."
01847895-f400-4d8f-988e-374f60e3070d,2022-11-15,,Инцидент с упавшей ракетой в польском Пшеводуве.
01847b29-7200-4203-9ab3-a5425f63b263,2022-11-15,2022-11-16,Саммит G-20
01847dbc-7000-4faa-9c5a-72e950df1a9e,2022-11-16,,старт ракеты-носителя SLS с космическим кораблём Орион в рамках миссии Артемида-1.
01849255-f000-4447-9f01-20712c8fd764,2022-11-20,,внеочередные президентские выборы в Казахстане. Победу одержал действующий президент Казахстана Касым-Жомарт Токаев.
0184da6e-f800-4b71-a1c0-0208f355259a,2022-11-20,2022-12-18,чемпионат мира по футболу в Катаре. Победу одержала сборная Аргентины.
0184a1c8-f400-4d58-ac65-c2c7a52b41b7,2022-11-23,,начало протестов против локдауна COVID-19 в Китае.
0184c5d5-7800-4636-b6fa-3ddc553e4e41,2022-11-30,,запуск ChatGPT.
0184df95-7400-4c26-b88d-a945d0ae76ba,2022-12-05,,"Страны G7, ЕС и Австралия ввели потолок цен на российскую нефть в размере $60 за баррель."
0184df95-7400-4b01-8200-e92db9d07ead,2022-12-05,,Украинские беспилотники атаковали российские аэродромы «Энгельс» в Саратовской области и «Дягилево» в Рязанской области.
0184e9e1-fc00-43fb-a65a-7ba9445b4f02,2022-12-07,,"политический кризис в Перу: после неудачной попытки роспуска парламента отстранён от власти и арестован президент Педро Кастильо, его место заняла вице-президент Дина Болуарте, ставшая первой женщиной на высшем посту в стране."
0184ef08-7800-4908-b948-8cb2e226f380,2022-12-08,,обмен Виктора Бута на Бритни Грайнер.
0184fe7b-7c00-4a6a-a2ba-9f91fbc727d2,2022-12-11,,проведение 20-го конкурса «Детское Евровидение 2022».
018503a1-f800-4fda-8d6e-731f0557b02d,2022-12-12,,"Наводнение в Киншасе, в результате которого погиб 141 человек."
018503a1-f800-4020-a607-3209ad9d34ed,2022-12-12,,Начало блокады Нагорного Карабаха Азербайджаном.
01850dee-7000-40f0-8cb2-7b852d187110,2022-12-14,,телеканал «Disney» прекратил вещание в России. На территории РФ его место в эфире занял телеканал «Солнце».
0185183b-7800-46e9-af1a-47fd325069f0,2022-12-16,,Кыргызстан получил выход к морю через порт в Абу-Даби.
0185cc79-fc00-46ca-8a45-fd3c3a0342f8,2022-12-16,2023-02-24,Принят 9 пакет санкций против России.
01852287-f000-400e-bdee-0f8d4a317f19,2022-12-18,,"финал чемпионата мира по футболу 2022: сборная Аргентины выиграла Кубок мира, обыграв сборную Франции со счётом 3:3 (4:2 по пенальти). Киллиан Мбаппе сделал хет-трик в ворота Аргентины, Лионель Месси — дубль в ворота Франции."
0185416d-f800-443c-a84b-8ca20c3275d9,2022-12-24,,пожар в частном доме престарелых в Кемерове. Погибли 22 человека.
01854bba-f000-43db-b28b-03a4959ac948,2022-12-26,,повторная атака украинскими беспилотниками российского аэродрома «Энгельс». Погибли три человека.
01855b2d-f400-4770-a9fd-10533ec21cb5,2022-12-29,,В Одессе демонтирован Памятник Екатерине II.
01855b2d-f400-4e3f-9423-eb0a1ce35e52,2022-12-29,,"В возрасте 82 лет умер Пеле, трёхкратный чемпион мира в составе сборной Бразилии по футболу."
0185657a-7c00-4430-bbd1-525d4af729cb,2022-12-31,,Ракетный удар ВСУ по Макеевке.
0185657a-7c00-4388-b6e3-fd32091f4faf,2022-12-31,,Председатель КНР Си Цзиньпин торжественно объявил о завершении строительства Китайской космической станции.
01856aa0-f800-44e6-8b08-74f2537def95,2023-01-01,,"Вступление Хорватии в Шенгенскую зону и её переход на евро, став 20-м членом Еврозоны."
01856aa0-f800-48cf-ab36-395c98429685,2023-01-01,,Вступление Луиса Инасиу Лулы да Силвы в должность президента Бразилии.
01856aa0-f800-4634-87d1-eb84ff8b8ca4,2023-01-01,,"В Казахстане вместо Конституционного совета был восстановлен Конституционный суд, упразднённый в 1995 году."
01858460-f400-47c4-9768-5888f71ee3fb,2023-01-06,,Кевин Маккарти избран спикером Палаты представителей США.
01858ead-7c00-4f99-8469-a8227b87089f,2023-01-08,,"штурм сторонниками бывшего президента Бразилии Жаира Болсонару зданий Национального конгресса, Федерального верховного суда и президентского дворца Планалту."
018598fa-7400-4f8d-a8d6-0d1e2391102c,2023-01-10,,"остановка платной поддержки ОС «Windows 7» и Windows Server 2008/R2, также прекращение расширенной поддержки «Windows 8.1» и «Windows RT» компанией Microsoft."
0185a86d-7800-4f93-9322-4a2d6634e139,2023-01-13,,вторжение России на Украину: бои за Соледар завершились взятием города Россией.
0185ab00-7600-4c40-9609-4246ebcef3f6,2023-01-13,2023-01-14,проведение первого тура президентских выборов в Чехии.
0185ad93-7400-4d8d-9667-e00efe425668,2023-01-14,,"в результате попавшей в жилой дом ракеты после ракетного удара в Днепре погибли не менее 46 человек, более 80 ранены."
0185b2b9-f000-4d72-9c3a-c6d4550eee69,2023-01-15,,самолёт ATR 72 разбился при заходе на посадку в Покхаре (Непал). Погибли все 72 человека на борту.
0185bd06-f800-4bac-ac9e-e5ea302bef9d,2023-01-17,,В Нагорном Карабахе была введена талонная система.
0185bd06-f800-4256-8cd2-7a36e668e532,2023-01-17,,Президент Вьетнама Нгуен Суан Фук объявил о своей отставке. Обязанности президента стала исполнять Во Тхи Ань Суан.
0185c22c-f400-42a1-8446-82cedef01957,2023-01-18,,"в результате крушения вертолёта Super Puma в Броварах. Погибли 14 человек, включая руководство МВД Украины, 25 ранены."
0185c753-7000-4956-b774-883e19684135,2023-01-19,,Президент Казахстана Касым-Жомарт Токаев распустил нижнюю палату Парламента и назначил досрочные парламентские выборы на 19 марта 2023 года.
0185c753-7000-4f16-8292-758428faa71b,2023-01-19,,Начало протестов против пенсионной реформы во Франции.
0185d19f-f800-45e8-bfaa-a92df2b35bf9,2023-01-21,,"стрельба в Монтерей-Парке (США). Погибли 10 человек, ещё 10 получили ранения."
0185e639-7800-4e6e-8e5e-dd12406ed879,2023-01-25,,в России ликвидирована старейшая правозащитная организация Московская Хельсинкская группа.
0185f319-7e00-4f07-83e6-853835300e74,2023-01-27,2023-01-28,"проведение второго тура президентских выборов в Чехии. Избрание независимого кандидата, генерала армии в отставке Петра Павела."
0185fad2-f800-4b11-94bf-4ce2dd17f996,2023-01-29,,атака беспилотников на стратегические объекты Ирана.
0185fff9-7400-4c6e-af57-b6986b3f2bb0,2023-01-30,,"теракт в Пешаваре, совершённый террористом-смертником. Погибло 84 человека, ранено более 200 человек."
01862405-f800-4b99-a0fc-baa3a75bccc1,2023-02-01,2023-02-11,Клубный чемпионат мира по футболу 2022 в Марокко.
01861492-f400-49eb-a0d7-b257be9434a8,2023-02-02,2023-02-04,инцидент с китайским аэростатом.
01862405-f800-4587-bef9-3fa13a9c4630,2023-02-06,,"В Татарстане должность президента была переименована в глава республики — раис. Таким образом, Татарстан стал последней республикой в России, где была ликвидирована президентская должность."
01862405-f800-49f1-97f3-c11323427afe,2023-02-06,,"Мощное землетрясение в Турции, Сирии, Ливане, сильные и слабые землетрясения в других странах в разных частях света. Погибло более 52 000 человек, более 122 000 человек получили ранения различной тяжести."
01863378-fc00-4d43-82cc-e4837211b74a,2023-02-09,,взрыв газа в жилом доме на улице Линейной в Новосибирске. Погибли 15 человек.
0186525e-f400-44b8-9c40-f211b983364e,2023-02-15,,экс-президент Казахстана Нурсултан Назарбаев лишён всех привилегий и статуса лидера нации («елбасы»).
0187b08f-7400-42c0-86b2-cb3b9c32c53a,2023-02-25,2023-06-21,Принятие 10 пакета санкций против России.
0187b08f-7400-4277-bc0c-8abaee589772,2023-02-25,2023-06-21,Разрушенный город Кахраманмараш после землетрясения
018661d2-7800-41f2-821b-4d716aa76a08,2023-02-17,2023-02-19,59-я Мюнхенская конференция по безопасности.
01867145-7c00-40b8-960d-889b4e3eaaa2,2023-02-21,,Россия приостанавливает участие в Договоре о стратегических наступательных вооружениях (СНВ-III).
018685de-fc00-4a28-935d-90c67597fda7,2023-02-25,,парламентские и президентские выборы в Нигерии.
01868b04-f800-4e38-a2f4-a70c5a07807a,2023-02-26,,крушение лодки с мигрантами в Калабрии. В результате крушения погибли не менее 94 человек.
01869551-f000-47a1-8da5-2da437365086,2023-02-28,,на Кипре вступил в должность президента Никос Христодулидис.
01869a77-fc00-4066-a1f4-d2300a44a9e3,2023-03-01,,В России вступили в силу правила эвакуации при ЧС.
01869a77-fc00-4f16-a892-1cbc03deb2ef,2023-03-01,,Полный запуск московской Большой кольцевой линии метрополитена.
01869a77-fc00-41f5-b47c-4ea63e82f241,2023-03-01,,Столкновение поездов в Греции. Погибли 57 человек.
01869f9e-7800-40d8-bd62-dbb0538f6f34,2023-03-02,,Парламент Вьетнама избрал президентом страны Во Ван Тхыонга.
01869f9e-7800-4ef0-bcd1-3ab9e24986b3,2023-03-02,,Рейд Русского добровольческого корпуса на сёла Сушаны и Любечане в Брянской области.
0186a4c4-f400-4de6-a52f-38d6dc328576,2023-03-03,,столицей оккупированной Россией части Запорожской области официально стал Мелитополь.
0186af11-7c00-4bcb-8c77-ce9538efbbbe,2023-03-05,,парламентские выборы в Эстонии. Победу одержала правящая либеральная Партия реформ.
0186b95e-7400-47ff-a0ed-39dcbf6e9ab8,2023-03-07,,в Тбилиси и по всей Грузии прошли акции протеста против закона об иноагентах.
0186c3aa-fc00-4f09-a1af-386f59455f91,2023-03-09,,Стрельба в центре Свидетелей Иеговы в Гамбурге. Погибло 8 человек.
0186c3aa-fc00-4221-b45e-7b3b94acfd60,2023-03-09,,В Чехии вступил в должность президента Петр Павел.
0186c8d1-7800-4904-9d7e-9e5cf23ae59f,2023-03-10,,В Китае переизбрали Си Цзиньпина.
0186c8d1-7800-4a4c-841b-105fcd4b0226,2023-03-10,,Саудовская Аравия и Иран восстановили дипломатические отношения.
0186cdf7-f400-438b-b668-51bf4bdb573d,2023-03-11,,в Китае избрали нового премьер-министра Ли Цян.
0186dd6a-f800-406e-adce-b5b482d66f5f,2023-03-14,,инцидент с американским беспилотником над Чёрным морем.
0186e7b7-7000-44f9-84db-da29ebad8b48,2023-03-16,,парламент Молдовы принял закон об изменении названия государственного языка Молдовы с молдавского на румынский язык.
0186f204-7800-417d-9f8c-baee54949883,2023-03-18,,в Беларуси создана правящая партия Белая Русь.
0186f72a-7400-466a-a684-3dc55f7b901d,2023-03-19,,проведение досрочных парламентских выборов в Казахстане. Победу одержала партия Аманат.
01872583-f000-41a4-9cb7-320da24dba8a,2023-03-28,,Парад планет: пять планет выстроились в ровную линию.
01872fd0-7800-4a66-96cd-ff76fa6dd84b,2023-03-30,,Арест американского журналиста Эвана Гершковича по обвинению в «шпионаже».
01872fd0-7800-4bcf-ae05-f4741e3b7cff,2023-03-30,,"Впервые в американской истории большое жюри Нью-Йорка предъявило бывшему президенту США Дональду Трампу обвинение, связанное с выплатой денег за молчание порноактрисе Сторми Дэниэлс незадолго до выборов 2016 года."
01873f43-7c00-4b15-8514-10844d08045f,2023-04-02,,Выборы президента Черногории. Победу одержал Яков Милатович.
01873f43-7c00-4dd8-b882-bc5bdb437af2,2023-04-02,,Парламентские выборы в Болгарии.
01873f43-7c00-4d46-90b6-4c494117b25b,2023-04-02,,Парламентские выборы в Финляндии.
01873f43-7c00-4d74-98f1-3af5a8b7d82b,2023-04-02,,"Террористический акт в кафе Санкт-Петербурга, в результате которого погиб военный корреспондент и пропагандист Владлен Татарский."
01874990-7400-400f-b010-653cb68748f6,2023-04-04,,Финляндия вступила в НАТО.
01874990-7400-4054-aafa-1424027516d1,2023-04-04,,Арестован бывший президент США Дональд Трамп.
01876d9c-f800-4796-b853-61a296c81095,2023-04-11,,Гражданская война в Мьянме: в деревне Пазичжи более 100 человек убиты ВВС Мьянмы во время празднования открытия административного офиса Народных сил обороны.
01876d9c-f800-4832-88e0-1e3b9f19f21d,2023-04-11,,"В Италии объявлен режим чрезвычайной ситуации из-за миграционного кризиса, связанного с наплывом нелегальных мигрантов. Срок действия режима ЧС составит полгода."
01877d0f-fc00-425d-9a88-31a50da74a0f,2023-04-14,,"запуск Европейским космическим агентством космического аппарата «JUICE», предназначенного для исследования спутников Юпитера."
01878236-7800-4c62-a187-1c5f9a8121b0,2023-04-15,,Завершение атомной электрогенерации в Германии.
01878236-7800-4fd1-a8c2-3268a7390773,2023-04-15,,В Судане вспыхнули бои между Суданскими вооружёнными силами и военизированными Силами быстрого реагирования (СБР). СБР захватили международный аэропорт Хартума и президентский дворец в Хартуме.
018791a9-7c00-48cb-9776-1729c81158ec,2023-04-18,,"Пожар в частной больнице Пекина. Погибли 29 человек, 39 пострадали."
018791a9-7c00-4f65-b66e-ef5b17e3baa9,2023-04-18,,В Минске на месте бывших McDonald’s открыли рестораны быстрого питания Mak.by.
018796cf-f800-4f93-b442-7558182e1402,2023-04-19,,"по меньшей мере 90 человек погибло и 322 ранено в результате давки во время благотворительного мероприятия Рамадан в Сане, Йемен."
0187b5b5-f000-47a3-bc56-2bf29d4cd972,2023-04-25,,в Москве открылся первый ресторан Rostic’s после ухода KFC.
0187ca4f-7000-4af4-acd4-544d3374f6d2,2023-04-29,,в Японии сняли все ограничения по коронавирусу.
0187cf75-fc00-462e-91b8-da5b9043ec1b,2023-04-30,,Всеобщие выборы в Парагвае. Победу одержал Сантьяго Пенья от Партии Колорадо.
0187cf75-fc00-4069-a647-86a59eaceeb6,2023-04-30,,Первый тур выборов башкана в Гагаузии.
0187d49b-f800-4d1e-9de7-0053c83c7bcf,2023-05-01,,подрыв грузовых вагонов на железнодорожной станции Унеча Брянской области.
0187d9c2-7400-4246-9f66-a7ea120d9098,2023-05-02,,Гильдия сценаристов США начала забастовку
0187dee8-f000-4b30-af05-a5657b5e5a63,2023-05-03,,Атака БПЛА на Московский Кремль.
0187dee8-f000-4594-9d2e-3ebecd95a170,2023-05-03,,"В результате стрельбы в начальной школе Белграда погибло 9 человек, 6 ранено."
0187e935-7800-4150-81aa-7c34fec6acef,2023-05-05,,"ВОЗ объявила об окончании пандемии COVID-19 и отмене чрезвычайной ситуации в области здравоохранения, введённой в январе 2020 года."
0187ee5b-f400-4c1e-ac9d-0851216e1d41,2023-05-06,,Коронация Карла III и Камиллы как короля и королевы Соединённого Королевства и других королевств Содружества в Вестминстерском аббатстве в Лондоне.
0187ee5b-f400-4696-bd51-c1677edc0543,2023-05-06,,"В Нижнем Новгороде взорвана машина Захара Прилепина, в результате чего Прилепин ранен, а водитель погиб."
0187f382-7000-4421-8b5a-deb66dd58557,2023-05-07,,Сирия повторно принята в Лигу Арабских государств после приостановки с 2011 года.
0187f382-7000-4a3f-b8d1-eeffdaa4ba53,2023-05-07,,Япония приравняла коронавирус к категории сезонного гриппа.
0188081b-f000-442e-aaf3-4f181c52e940,2023-05-09,2023-05-13,"проведён 67-й конкурс песни «Евровидение» в Ливерпуле, Великобритания."
0188081b-f000-489e-b3c5-cd30ecc4e5c4,2023-05-11,,парламент Молдовы проголосовал за выход из соглашения о работе телеканала Мир.
01883674-fc00-457a-9783-76ba1f46be79,2023-05-12,2023-05-28,чемпионат мира по хоккею с шайбой.
0188178e-f400-41a5-bc3c-4d183cb4ec9e,2023-05-14,,Проведены парламентские и первый тур президентских выборов в Турции.
0188178e-f400-4cfb-ab11-8bb75dfcf1d6,2023-05-14,,Всеобщие парламентские выборы в Таиланде. Победу одержала оппозиционная прогрессивистская антивоенная партия Движение вперёд.
0188178e-f400-4d4a-91d2-41721e52a58f,2023-05-14,,Второй тур выборов башкана в Гагаузии. Победу одержала Евгения Гуцул.
01883b9b-7800-4e20-bff0-196a1b3e4b84,2023-05-21,,вторжение России на Украину: Россия заявила об оккупации города Бахмута.
01884354-f200-4659-ba76-1a422ee96ec0,2023-05-22,2023-05-23,бои в Белгородской области. Введение режима контртеррористической операции на территории области. Повторный рейд прошёл 1-5 июня.
01884da1-7a00-44c0-ab88-40b3e18c443f,2023-05-24,2023-05-25,"прошёл II-й Евразийский экономический форум в Москве, на котором также прошло очередное заседание Высшего Евразийского экономического совета стран-участниц ЕАЭС."
0188555a-f400-4ce0-b19e-75b757d7b212,2023-05-26,,российская ракета разрушила больницу в Днепре. Пострадали более 30 человек.
01885fa7-fc00-4fc3-8f73-f289828ad8e0,2023-05-28,,"второй тур выборов президента Турции. Эрдоган побеждает Кылычдароглу с 52,18 % голосов и выигрывает третий срок на посту президента."
018864cd-f800-4abb-bbd3-edc9bf3df858,2023-05-29,,президент России Владимир Путин подписал закон о денонсации ДОВСЕ.
018869f4-7400-454b-acb5-8925c0543fef,2023-05-30,,Атака БПЛА на Новомосковский административный округ и Профсоюзную улицу в Москве.
018869f4-7400-4bbe-b068-6d2a1aa93ac9,2023-05-30,,Стоимость акций производителя чипов Nvidia на фондовом рынке достигла 1 трлн долл.
01886f1a-f000-43a5-8e85-62b769b78047,2023-05-31,,президентские выборы в Латвии. Избран Эдгар Ринкевич.
01887967-7800-4231-bb2d-342d4b6c91a2,2023-06-02,,"столкновение поездов в Индии, погибло 294 человека и более 1000 получили ранения."
01888e00-f800-4f89-847f-601b25a862b2,2023-06-06,,подрыв Каховской ГЭС; подтопление ряда населённых пунктов на правом и левом берегах Днепра и эвакуация их жителей.
0188cbcd-7800-47e5-b310-277639ccde1b,2023-06-18,,крушение батискафа «Титан».
0188d0f3-f400-4e0d-b025-0112d6294802,2023-06-19,,в Молдове решением Конституционного суда была запрещена пророссийская партия Шор.
0188d619-f000-4e09-aa36-0a232bccd6a9,2023-06-20,,Правительство Санны Марин ушло в отставку. Новым премьер-министром Финляндии стал Петтери Орпо.
0188d619-f000-4a59-b4a6-c5d27d4bd8d0,2023-06-20,,"Эстония стала первой страной на постсоветском пространстве, узаконившей однополые браки."
0188e58c-f400-43dd-ac14-5378dc64f293,2023-06-23,,объявлено об обнаружении 137 очагов чумы в 17 регионах Монголии.
0188e820-7200-4b5d-9c82-4c8efeeb5897,2023-06-23,2023-06-24,"Мятеж, организованный ЧВК «Вагнер». В ходе мятежа «вагнеровцами» был захвачен Ростов-на-Дону, а также убито 15 военных ВС РФ."
0188e820-7200-4ec5-9f0b-affc2920a83e,2023-06-23,2023-06-24,"Введение режима контртеррористической операции в Москве, Московской и Воронежской областях."
018aad4f-f200-4fd7-b70e-c8542739fc0b,2023-06-23,2023-12-17,Принятие 11 пакета санкций против России.
0188fa26-7400-4800-ad9d-6cc1b4f23753,2023-06-27,,убийство подростка арабского происхождения в Нантере спровоцировало массовые беспорядки.
01891e32-f800-4846-ac0e-160add3e1ba1,2023-07-04,,в Чечне избиты журналистка Елена Милашина и адвокат Александр Немов.
0189287f-f000-4198-8bb0-597b62c08706,2023-07-06,,"средняя температура на Земле достигла нового рекорда — 17,23 градуса."
018937f2-f400-446e-b498-f6eeca5c4269,2023-07-09,,досрочные выборы президента Узбекистана. Победу одержал действующий президент Шавкат Мирзиёев.
0189423f-7c00-4373-aada-5355c48ee266,2023-07-11,,закончилась расширенная поддержка Windows Embedded 8 и Windows Embedded 8.1.
018944d2-fa00-4abb-a090-fd78085253af,2023-07-11,2023-07-12,Саммит НАТО в Вильнюсе.
018951b2-f000-4657-8a4c-c34cb4bea847,2023-07-14,,началась забастовка Гильдии киноактёров США. В забастовке принимают участие 160 000 актёров.
01896125-f400-42e9-a0cb-be1822895e59,2023-07-17,,второй взрыв на Крымском мосту.
0189664b-f000-4f97-92cc-d07bc52e6e72,2023-07-18,,«Вояджер-2» обогнал «Пионера-10» как второй по расстоянию от Солнца космический аппарат.
0189800b-fc00-4a87-a278-a79b668dff1e,2023-07-23,,досрочные парламентские выборы в Испании.
01898f7e-f000-4d0f-befd-2b5ecabea193,2023-07-26,,военный переворот в Нигере. Захвачена резиденция президента Мохамеда Базума.
018994a5-7c00-45a3-be90-e3e924c40def,2023-07-27,,президент Нигера Мохамед Базум отстранён от власти.
018999cb-f800-4ee3-b191-d8ebf1b096bb,2023-07-28,,взрыв ракеты в Таганроге. Пострадали 22 человека.
01899ef1-f400-4dc6-9452-0d33be8abdd9,2023-07-29,,"ураган в Поволжье: погибли 10 человек, 76 ранены."
0189a93e-fc00-4d7a-a572-e1c181c99aa4,2023-07-31,,"в Великобритании выявлен новый штамм коронавируса EG.5.1 (Eris), субвариант омикрона, что сразу привело к повторному закрытию нескольких городов Великобритании на карантин."
0189bdd8-7c00-4bba-9f11-b51a6dce39e5,2023-08-04,,число пользователей платных подписок Apple достигло одного миллиарда.
0189c824-f400-4cdf-953e-519112178808,2023-08-06,,"сильное землетрясение в Китае магнитудой 5,5 на границе провинции Шаньдун и Хэбэй."
0189d797-f800-42f9-8144-f327e33bbcca,2023-08-09,,Вступил в силу запрет ввоза японских автомобилей в Россию.
0189d797-f800-4ca8-8f66-af475c856438,2023-08-09,,Убит кандидат в президенты Эквадора Фернандо Вильявисенсио.
0189d797-f800-42b5-9183-518fed1c121f,2023-08-09,,"Взрыв на территории Загорского оптико-механического завода: погиб 1 человек, 8 пропали без вести, более 80 пострадали. Повреждены 92 многоквартирных дома, 30 частных и садовых домов, суд, 2 школы, спорткомплекс, 13 магазинов и 3 производственно-складских помещения."
0189d797-f800-4002-b4e4-b7e6527e85d2,2023-08-09,,Президент Пакистана распустил парламент страны.
0189f157-f400-49ac-8d7a-b20d0d6a6e38,2023-08-14,,"Взрыв на автозаправочной станции в Махачкале. Погибли 37 человек, около 100 пострадали."
0189f157-f400-44ae-a499-1a567d1b5fbf,2023-08-14,,В Эквадоре убит лидер оппозиционного движения «Гражданская революция» Педро Брионес.
0189f67e-7000-4e8f-80d2-59b839eae6da,2023-08-15,,наводнение в Приморском крае.
0189fba4-7c00-4630-86cb-4e557b2b8b9b,2023-08-16,,"государственный долг Италии достиг 2,9 триллиона евро, что составило исторический максимум."
018a1a8a-f400-4913-8825-e08dc0547699,2023-08-22,,XV саммит БРИКС в ЮАР.
018a1fb0-f000-40d6-9664-2c18eb051788,2023-08-23,,Всеобщие выборы в Зимбабве.
018a1fb0-f000-4cc8-8559-c2f83d4d85d5,2023-08-23,,"Индийский «Чандраян-3» стал первым космическим аппаратом, совершившим посадку вблизи южного полюса Луны."
018a1fb0-f000-43f8-8536-f13ccd486a8c,2023-08-23,,Катастрофа Embraer Legacy 600 под Куженкином. Гибель руководителей ЧВК «Вагнер» Евгения Пригожина и Дмитрия Уткина.
018a43bd-7400-4d7a-ba17-fa8d797964e8,2023-08-30,,военный переворот в Габоне. Свергнут президент Али Бонго Ондимба. Президентом Габона назначен генерал Брис Олиги Нгема.
018a4e0a-7c00-41fd-8a00-9a53f842e1c9,2023-09-01,,вступил в силу запрет аренды электросамокатов в Париже.
018a7216-f000-42a3-8cf6-34ab6ac1d61f,2023-09-08,,землетрясение в Марокко. Погибло более 2000 человек.
018a773c-fc00-4cd8-bbdd-3ba005019b57,2023-09-09,,на 18-м саммите G20 в Нью-Дели Африканский союз был объявлен 21-м постоянным членом G20.
018a79d0-7a00-4585-bee0-7de93479d1af,2023-09-09,2023-09-10,саммит глав государств G20 в Нью-Дели (Индия).
018a7c63-7800-4bde-ab0b-d4aae9aae2fd,2023-09-10,,Единый день голосования в России.
018a7c63-7800-4313-87b5-177a4f63cb4f,2023-09-10,,"Шторм «Даниэль», средиземноморский тропический циклон, который обрушился на Ливию. В результате более 7 тыс. человек погибло, а ещё 9 тыс. пропало без вести."
018a8bd6-7c00-4c8b-9299-c4ceb3a1c80c,2023-09-13,,визит Ким Чен Ына в Россию.
018aad4f-f200-4706-9578-83494a27e581,2023-09-19,2023-09-20,столкновения в Нагорном Карабахе. По итогам однодневного военного конфликта НКР согласилась расформировать собственные вооружённые силы и прекратить своё существование. Поражение НКР привело к массовому исходу армян из Нагорного Карабаха.
018aafe2-f000-4129-93fe-8000acce1223,2023-09-20,,"взрыв газа в многоквартирном доме в Балашихе. Погибли 7 человек, 20 пострадали."
018aba2f-f800-4662-a6a5-b93a5e310c64,2023-09-22,,ракетный удар по штабу Черноморского флота ВМФ России.
018ac47c-7000-4eec-9551-97ba692a1f0b,2023-09-24,,состоялось возвращение американской межпланетной станции «OSIRIS-REx» к Земле после миссии к астероиду (101955) Бенну и сбрасывание капсулы с грунтом на Землю.
018ac9a2-fc00-473e-b108-df62dee30e2d,2023-09-25,,"взрыв на топливном складе в Нагорном Карабахе. Погибли 170 человек, 300 пострадали."
018ad915-f000-4f69-998a-c8edd8224285,2023-09-28,,Глава НКР Самвел Шахраманян подписал указ о прекращении существования Нагорно-Карабахской Республики с 1 января 2024 года.
018ae362-f800-48ff-bc08-208119ab48cf,2023-09-30,,"парламентские выборы в Словакии. Партия «Курс — социальная демократия» под руководством бывшего премьер-министра Роберта Фицо получает большинство мест в Национальном совете, и эта победа вызвала международную критику из-за её предполагаемой русофилии."
018af2d5-fc00-4a82-965f-6cc33b931ff2,2023-10-03,,Ратификация Арменией Римского статута Международного уголовного суда.
018af2d5-fc00-434a-a6bd-868256dd9ba8,2023-10-03,,Палата представителей США впервые в американской истории отправила спикера Кевина Маккарти в отставку.
018b076f-7c00-4ccc-bf92-16cc267c1b12,2023-10-07,,Землетрясения в Герате (2023).
018b076f-7c00-41a5-9641-ec7caf82a544,2023-10-07,,Вторжение ХАМАС в Израиль. В ответ на проникновение боевиков Израиль начал операцию «Железные мечи». В стране были объявлены чрезвычайное положение и всеобщая мобилизация.
018b0c95-7800-447c-b17f-72b599e6b735,2023-10-08,,Израиль объявил о переходе в состояние войны впервые с 1973 года. В этот же день начались протесты против вторжения ХАМАСа и войны в Израиле.
018b11bb-f400-46cd-9880-a5d6fc30a0f8,2023-10-09,,Министр обороны Израиля Йоав Галант объявил полную блокаду сектора Газа.
018b16e2-7000-4973-9a52-3f8c6cc2450d,2023-10-10,,завершение расширенной поддержки «Windows Server 2012» и «Windows Server 2012 R2».
018b30a1-fc00-42c8-8375-dff6b1ec632b,2023-10-15,,Парламентские выборы в Польше.
018b30a1-fc00-43fd-acdc-7bb8540bcba4,2023-10-15,,Выборы президента в Эквадоре. Победу одержал Даниэль Нобоа.
018b35c8-7800-4f7c-9a67-88ba7ebda953,2023-10-16,,"стрельба в Брюсселе, двое шведских футбольных болельщиков были убиты и один получил ранения."
018b54ae-7000-4b74-ada6-c92ed329e8df,2023-10-22,,Парламентские и президентские выборы в Аргентине.
018b54ae-7000-4b6c-8c52-d1df03684910,2023-10-22,,Парламентские выборы в Швейцарии. Швейцарская народная партия сохраняет своё большинство в Национальном совете.
018b6421-f400-41f3-9979-df3197b25bf0,2023-10-25,,Майк Джонсон избран спикером Палаты представителей США.
018b6e6e-7c00-466c-a23a-3a33c156a160,2023-10-27,,Израиль начал крупномасштабное наземное наступление на севере сектора Газы.
018b7394-f800-4cd2-a992-9654c483057e,2023-10-28,,пожар на шахте имени Костенко в Карагандинской области (Казахстан). Погибли 46 человек.
018b78ba-f400-43a3-95e5-5d1041df555f,2023-10-29,,антисемитские беспорядки в махачкалинском аэропорту Уйташ.
018b882e-7800-4ede-9433-224d86237a83,2023-11-01,,президент Сербии Александр Вучич объявил о роспуске парламента.
018b97a1-7c00-478c-b0e1-9c5ab03aea2a,2023-11-04,,"землетрясение в Непале магнитудой 6,4. Погибло 128 человек, более сотни ранены."
018bb687-7400-4997-9f26-4932ac8b1877,2023-11-10,,президент Португалии Марселу Ребелу де Соуза распустил парламент.
018bd56d-7c00-491f-ab16-6df731d70250,2023-11-16,,саммит США—КНР в Сан-Франциско.
018be4e0-f000-4483-8739-6a01fa7cf67e,2023-11-19,,второй тур президентских выборов в Аргентине. Победу одержал Хавьер Милей.
018bf453-f400-4ef1-8a28-7bd4599db8fa,2023-11-22,,всеобщие выборы в Нидерландах. Победу одержала правая партия Свободы.
018bf979-f000-4bdb-94c1-16e78fa643da,2023-11-23,,"массовые беспорядки в Дублине (Ирландия), вызванные нападением алжирского эмигранта на школьников."
018c08ed-7400-40ee-9cd7-28d6e69424d0,2023-11-26,,"детское «Евровидение — 2023» прошло в Ницце, Франция. Победила Зои Клозюр из Франции."
018c3c6c-fc00-4fc9-a627-e8ef4a08fd2a,2023-11-30,2023-12-12,28-я Конференция ООН по изменению климата.
018c1d86-7400-4272-a093-fe93d4c7f102,2023-11-30,,"Бразилия объявляет, что присоединится к ОПЕК+ на заседании организации для обсуждения стратегии добычи нефти в 2024 году."
018c22ac-f000-4aa6-a78f-fcda19e4a43c,2023-12-01,,парламентские выборы в Нидерландах выиграла Партия свободы.
018c2cf9-f800-45d8-8edd-d8205565a9db,2023-12-03,,"гайанско-венесуэльский кризис: Венесуэла голосует за аннексию спорной территории Гуаяна-Эсекиба, которая в настоящее время находится под контролем соседней Гайаны, и включение этой территории в состав Венесуэлы в качестве нового государства."
018c3c6c-fc00-49e1-9e1f-270efd3942fc,2023-12-06,,"президент Венесуэлы Николас Мадуро начал реализацию плана аннексии богатого нефтью региона Гуаяна-Эсекиба, который принадлежит соседней Гайане."
018c4192-f800-43d9-b581-a0b42b90738f,2023-12-07,,"стрельба в гимназии № 5 в Брянске, погибло два человека (в том числе нападавшая) и пятеро ранены."
018c46b9-7400-4ebd-95a7-21aae066ccdc,2023-12-08,,президент В. В. Путин объявил на церемонии награждения о своём желании баллотироваться в президенты на выборах.
018c5106-7c00-4fac-b338-4283b5cf0410,2023-12-10,,инаугурация избранного президента Аргентины Хавьера Милея.
018c562c-7800-4ed9-8ed9-654faebff25b,2023-12-10,2023-12-12,президентские выборы в Египте. Избран Абдель Фаттах Ас-Сиси.
018c7512-f000-42c0-a163-62174a0c010e,2023-12-17,,внеочередные выборы в Народную скупщину (парламент) Сербии.
018c7a38-fc00-481d-aade-9fbd64dffba7,2023-12-18,,В ответ на участившиеся нападения хуситов на международные морские суда США и коалиция из 20 стран начали операцию «Страж процветания» в Красном море.
018c7a38-fc00-4598-9e49-bdbaf7360728,2023-12-18,,Землетрясение в Китае в провинциях Ганьсу и Цинхай. Погибло по меньшей мере 118 человек.
018c7f5f-7800-4145-95cc-7f29a88a313b,2023-12-19,,начало акции протеста оппозиции в Сербии.
018d242a-f800-4853-a1e8-f733ad482572,2023-12-18,2024-02-22,Принят 12 пакет санкций против России.
018c89ac-7000-4cf0-bde2-71648605b3d3,2023-12-21,,Ангола объявила о выходе из ОПЕК.
018c89ac-7000-4e7f-b484-75f8ac4c347e,2023-12-21,,"Стрельба на философском факультете Карлова университета в Праге, Чехия. 15 человек погибли (включая стрелка) и 24 ранены."
018c9e45-7000-43e9-a53a-045823026469,2023-12-25,,вторжение России на Украину: бои за Марьинку завершились взятием города Россией.
018ca5fe-fa00-4248-997c-a3e7a2dec6d9,2023-12-26,2023-12-27,акции протеста оппозиции в Абхазии в связи с передачей в собственность России государственной дачи в Пицунде.
018cb2de-f000-486e-8c48-f1f8bd4255bc,2023-12-29,,"вторжение России на Украину: Вооружённые силы РФ обстреляли украинские города самой крупной с начала войны волной беспилотников и ракет в ходе ночного штурма, убив по меньшей мере 39 человек и ранив ещё по меньшей мере 160 человек."
018cb805-7c00-4ce6-8814-d584ac83826a,2023-12-30,,"Вооружённые силы Украины атаковали Белгород, в результате чего погибли 25 человек, ещё 109 получили ранения."
018cc251-f400-4607-aafb-9140524b2b13,2024-01-01,,Окончательная интеграция Нагорного Карабаха в состав Азербайджана. Упразднение Республики Арцах.
018cc251-f400-4eb2-8e94-61a06ec3aa93,2024-01-01,,Вступление Бразилии в ОПЕК+.
018cc251-f400-44a7-bc7e-d9b2377aa430,2024-01-01,,"Вступление Египта, Ирана, ОАЭ, Саудовской Аравии (де-факто) и Эфиопии в состав БРИКС."
018cc251-f400-459b-95a3-83b0ed2e8167,2024-01-01,,"Серия землетрясений в Японии магнитудой до 7,6. Погибли 232 человека."
018cc251-f400-445a-b2b0-66777112f0e6,2024-01-01,,"Эфиопия объявляет о заключении соглашения с Сомалилендом об использовании порта Бербера. Эфиопия также заявляет, что в конечном итоге признаёт независимость Сомалиленда, став первой страной, сделавшей это."
018cc778-7000-449f-8ad0-ce25472b9daf,2024-01-02,,"В Республике Корея за три месяца до парламентских выборов совершено покушение на лидера оппозиции Ли Чжэ Мёна, в ходе которого он получил ножевое ранение шеи."
018cc778-7000-403a-9334-c98645ccead3,2024-01-02,,"При столкновении пассажирского Airbus A350 с DHC-8-315 Dash 8 береговой охраны Японии на ВПП в аэропорту Токио погибли 5 человек, 18 пострадали. Все 379 человек на борту A350 спасены."
018cc778-7000-4f14-8258-df90acff272c,2024-01-02,,Всеобщие выборы на Маршалловых островах: Законодательное собрание Маршалловых Островов избирает Хильду Хайне президентом на второй срок подряд во время своей первой сессии после всеобщих выборов.
018ccc9e-fc00-4d5f-8531-8d451f7ce54f,2024-01-03,,"теракт на кладбище в Кермане (Иран). В результате двух взрывов погибли не менее 94 человек, более 170 получили ранения. Ответственность за теракт взяло на себя афганское отделение «Исламского государства»."
018ce138-7c00-462b-a9fe-c3240ddf8ea8,2024-01-07,,"парламентские выборы в Бангладеш. Партия Лига Авами, возглавляемая действующей Шейх Хасиной, побеждает на четвёртый срок подряд на фоне протестов оппозиционных партий и значительного снижения явки избирателей."
018ce65e-7800-444c-928b-9fd9d175aca7,2024-01-08,,"запуск коммерческого лунного посадочного модуля Peregrine, произведённого компанией Astrobotic Technology. Запуск осуществлялся с помощью новой ракеты-носитель Vulcan."
018ceb84-f400-436a-bbc1-8d6dafe975fe,2024-01-09,,президент Эквадора Даниэль Нобоа ввёл чрезвычайное положение в стране после побега из тюрьмы строгого режима одного из лидеров наркокартеля «Лос Чонерос» и начала вооружённых столкновений между правительством и наркокартелями.
018cf5d1-fc00-4a81-a5fa-5b0897219180,2024-01-11,,"беспорядки начались по всей Папуа — Новой Гвинее после того, как предполагаемая ошибка округления привела к сокращению заработной платы сотрудникам полиции и солдатам."
018cfaf7-f800-4e09-b376-c6198a4c5ab0,2024-01-12,,США и Великобритания нанесли серию авиаударов по Йемену.
018d001e-7400-4add-9a2f-4c164a2575e4,2024-01-13,,президентские выборы на Тайване: Лай Циндэ из правящей Демократической прогрессивной партии побеждает с 40 % голосов.
018d0544-f000-42e9-82b0-964ab94eeba0,2024-01-14,,Отречение от престола датской королевы Маргрете II. Новым королём Дании стал Фредерик X.
018d0544-f000-4e64-9b4f-ce822ed3fe99,2024-01-14,,"Президентские выборы на Коморских островах: на фоне бойкота оппозиции действующий президент Азали Ассумани побеждает на переизбрании, набрав 62,9 % голосов при явке всего 16,3 % избирателей."
018d1224-f600-4a26-929a-9b5eb59550d3,2024-01-15,2024-01-18,протесты в Башкортостане (Россия).
018d0a6a-fc00-4720-8aff-4ed0f036b1e5,2024-01-15,,"после краткого политического кризиса, последовавшего за выборами 2023 года, Бернардо Аревало вступил в должность 52-го президента Гватемалы."
018d1f04-7c00-4111-ae42-64ac5df79307,2024-01-19,,"Япония становится пятой страной, совершившей мягкую посадку на Луну в рамках миссии SLIM."
018d339d-fc00-4698-8203-2f3c9335ddd2,2024-01-23,,"землетрясение в Акчи магнитудой до 7,1 баллов. Эпицентр находился в Синьцзяне (Китай). Погибли 3 человека, 74 получили ранения."
018d38c4-7800-4064-8414-ca9c6e325890,2024-01-24,,сбит российский Ил-76 в Белгородской области.
018d4310-f000-4f53-8f2d-18456759d8fc,2024-01-26,,"парламентские выборы в Тувалу. Каусеа Натано, действующий премьер-министр Тувалу, проигрывает переизбрание в парламент. Месяц спустя Фелети Тео был избран премьер-министром."
018d4d5d-f800-493e-9772-dff7e225d3c6,2024-01-28,,"Буркина-Фасо, Мали и Нигер вышли из ЭКОВАС."
018d4d5d-f800-418e-941c-447221c62254,2024-01-28,,Президентские выборы в Финляндии.
018d5cd0-fc00-4b16-bc85-b20c9e6670cc,2024-01-31,,"вступление на престол избранного короля Малайзии Ибрагима Исмаила, который также является султаном Джохора."
018d671d-7400-40e3-a178-5e85280306fa,2024-02-02,,крупная авария на ТЭЦ Бишкека.
018d6c43-f000-44be-a94a-79a35d54cf7d,2024-02-03,,в результате удара по Лисичанску погибли министр чрезвычайных ситуаций аннексированной Россией ЛНР Алексей Потелещенко и два депутата местной оккупационной администрации. Россия заявила о 28 погибших.
018d716a-7c00-4aad-baf4-a62e66c6cb0c,2024-02-04,,"Президент Намибии Хаге Гейнгоб умер в возрасте 82 лет, и его преемником стал вице-президент Нанголо Мбумба."
018d716a-7c00-4c03-b538-fe99c783e5f0,2024-02-04,,"Всеобщие выборы в Сальвадоре. Действующий президент Найиб Букеле победил на выборах, набрав более 80 % голосов, став первым президентом, переизбранным в Сальвадоре с 1944 года."
018d7bb6-f400-449c-a1d2-ea9fa7c6fa94,2024-02-06,,Президент России Владимир Путин дал интервью американскому политическому обозревателю Такеру Карлсону. Данное интервью стало первым интервью Путина западному журналисту с момента вторжения России на Украину.
018d7bb6-f400-4365-90b6-66c20fac6aad,2024-02-06,,"В результате крушения вертолёта в озере Ранко, погиб Себастьян Пиньера, бывший президент Чили."
018d80dd-7000-46bc-91a4-679c40ded536,2024-02-07,,"проведение внеочередных президентских выборов в Азербайджане. Действующий президент Ильхам Алиев переизбран на пятый срок, набрав 92,12 % голосов."
018d8603-fc00-4221-a862-959ae5d21f25,2024-02-08,,"Парламентские выборы в Пакистане. Независимые политики, большинство из которых являются членами запрещённой политической партии «Движение за справедливость», получают большинство мест в Национальной ассамблее."
018d8603-fc00-4ee9-acf6-b584a3df272d,2024-02-08,,Бывший президент Бразилии Жаир Болсонару арестован по обвинению в попытке государственного переворота в рамках операции «Время истины».
018d9050-7400-4e77-a854-fb444bdd76fb,2024-02-10,,президент Венгрии Каталин Новак подала в отставку. Исполнять обязанности президента стал Ласло Кёвер.
018d9576-f000-49ff-abfb-681412c8145a,2024-02-11,,второй тур выборов президента Финляндии. Победу одержал Александр Стубб.
018daa10-7000-4ed0-a79f-564e16a93518,2024-02-12,2024-02-18,"Чемпионат Европы по борьбе 2024 (Бухарест, Румыния)."
018da4e9-f400-4565-bd71-75d7895afaf1,2024-02-14,,проведение президентских выборов в Индонезии.
018daa10-7000-4720-ab4d-35daaced81c8,2024-02-15,,"обстрел Белгорода. Погибло 7 человек, 20 пострадало."
018daf36-7c00-45d9-a47f-5786e068e9eb,2024-02-16,,в Харпе скончался российский оппозиционер Алексей Навальный.
018db45c-f800-467d-8c30-fa6994c079b8,2024-02-17,,вторжение России на Украину: бои за Авдеевку завершились взятием города Россией.
018dce1c-f400-4e3d-bdd4-6181314b8156,2024-02-22,,"посадочный модуль Nova-C американской компании Intuitive Machines становится первым коммерческим аппаратом, совершившим посадку на Луну."
018dd343-7000-4e4c-9990-ffe1495a813f,2024-02-23,,Армения де-факто заморозила своё участие в ОДКБ.
018f0d66-fc00-41c3-be76-62cafd51bfeb,2024-02-23,2024-06-24,Принят 13 пакет санкций против России.
018ddd8f-f800-4948-9c66-0ec560c2b676,2024-02-25,,Единый день голосования в Беларуси.
018de2b6-7400-4556-9d53-157882dc2024,2024-02-26,,президентские выборы в Венгрии. Избран Тамаш Шуйок.
018e042f-7a00-41cb-b434-4f0fd606aa15,2024-02-29,2024-03-07,проведение российского Всемирного фестиваля молодёжи.
018df74f-f400-4229-b361-66e60976ecc1,2024-03-01,,Переход Казахстана на единый часовой пояс.
018df74f-f400-4d21-aa39-9ff60ee31473,2024-03-01,,Парламентские выборы в Иране.
018df74f-f400-47e7-b214-7fbd3f16c522,2024-03-01,,Наводнение в Бразилии. Погибло около 40 человек.
018df74f-f400-4a08-b922-657d7fc3f7af,2024-03-01,,Похороны Алексея Навального.
018df74f-f400-429e-b26f-eb2e1fd696b7,2024-03-01,,Александр Стубб вступил в должность президента Финляндии.
018e1635-fc00-4c32-b847-637dd9d2f183,2024-03-07,,Вступление Швеции в НАТО.
018e1635-fc00-4875-88cb-26717a241bc7,2024-03-07,,"287 учеников похищены боевиками из государственной школы в штате Кадуна, Нигерия."
018e2082-7400-4aea-b08d-82b9faa47f51,2024-03-09,,президентом Пакистана избран Асиф Али Зардари.
018e25a8-f000-4c99-81b8-2a0b418858f2,2024-03-10,,Проведение досрочных парламентских выборов в Португалии. СДП получает множество мест и формирует правительство меньшинства на фоне поражений действующей Социалистической партии и значительных успехов правой партии Chega.
018e25a8-f000-438f-947d-da757387dc6f,2024-03-10,,Вступил в должность президент Венгрии Тамаш Шуйок.
018e2ff5-7800-4462-af90-79b397f03a4d,2024-03-12,,"временный президент и премьер-министр Гаити Ариэль Анри объявляет о своей предстоящей отставке с обоих постов на фоне продолжающегося кризиса, отмеченного бандитскими разборками* в стране. Власть временно перейдёт к переходному президентскому совету."
018e4722-7600-47db-b61d-e4c3a367b866,2024-03-12,2024-03-21,"«Русский добровольческий корпус» и другие проукраинские группировки признанные террористическими на территории РФ совершили мартовский рейд в Белгородскоую и Курскую области, по результатам которого погибло 16 человек среди мирного населения, и ещё 98 были ранены."
018e448e-f800-4ad0-bc36-20f66873256e,2024-03-15,2024-03-17,проведение президентских выборов в России. Победу одержал Владимир Путин.
018e49b5-7400-4cad-b784-ffd43de17923,2024-03-17,,проведение протестной акции «Полдень против Путина».
018e5928-7800-40fe-909c-bff47aa5388a,2024-03-20,,Прабово Субианто избран президентом Индонезии.
018e6375-7000-4a80-9ec6-1bef83a35e80,2024-03-22,,"Массированный ракетный обстрел Украины, самый масштабный с начала войны, привёл к значительным разрушениям и приостановке работы ДнепроГЭС и отключениям света в ряде городов, включая Харьков."
018e6375-7000-41bc-acb3-99476d61491c,2024-03-22,,"По меньшей мере 145 человек погибли в результате теракта в «Крокус Сити Холле» в Красногорске, Россия."
018e689b-7c00-4c31-9ba7-862cb88196b3,2024-03-23,,проведение выборов президента Словакии. Во второй тур вышли Петер Пеллегрини и Иван Корчок.
018e6dc1-f800-4f1a-b9b2-563689c5a35f,2024-03-24,,"президентские выборы в Сенегале. Бассиру Диомай Фай избран президентом после того, как его партия и её бывший кандидат Усман Сонко были дисквалифицированы."
018e91ce-7c00-49cb-ab5b-af4e64333079,2024-03-31,,Болгария и Румыния становятся членами Шенгенской зоны по морским и воздушным путям.
018ea141-7000-4713-bad1-bf7feb9a21f3,2024-04-03,,"серия землетрясений на Тайване магнитудой 7,4 и 6,5 балла. 18 погибших 1,147 раненых"
018ea667-fc00-44c1-98b2-9f04e92d40b8,2024-04-04,,парламентские выборы в Кувейте.
018eab8e-7800-4717-a595-277fc304205c,2024-04-05,,"Эквадорская полиция совершает рейд в мексиканском посольстве в Кито с целью ареста бывшего вице-президента Хорхе Гласа, которому Мексика предоставила политическое убежище. Эти действия нарушают Венскую конвенцию о дипломатических сношениях, и правительства Мексики и Никарагуа разрывают дипломатические отношения с Эквадором."
018eab8e-7800-41b5-971a-ff4de447ad6d,2024-04-05,,"Прорыв дамбы в Орске, который привёл к затоплению города. Жителей эвакуируют."
018eb0b4-7400-4323-95e6-4c26b8023502,2024-04-06,,второй тур выборов президента Словакии. Победу одержал Петер Пеллегрини.
018ebb01-7c00-406d-b9b1-cb75549f298b,2024-04-08,,"полное солнечное затмение было видно в Мексике, центральной части США, Восточной Канаде."
018ec54d-f400-474e-9985-1d5f5af7d2fe,2024-04-10,,"Парламентские выборы в Республике Корея. Демократическая партия Тобуро и Демократический альянс получают 176 мест, в то время как партия «Сила народа» и партия народного будущего, к которой принадлежит президент Юн Сок Ёль, получает только 108 мест."
018ec54d-f400-4292-b745-e96172e5defc,2024-04-10,,Катастрофическое наводнение в Оренбурге. Уровень воды Урала превысил отметку 1000 сантиметров (10 метров).
018eca74-7000-4647-aa91-e39aea6a9490,2024-04-11,,российские удары по Трипольской ТЭС и по Сумской ТЭЦ.
018ed4c0-f800-4c3a-83d0-5bf974793769,2024-04-13,,"Иран нанёс ответные удары по Израилю, после израильского авиаудара по иранскому консульству в Дамаске в начале месяца."
018edf0d-f000-4a09-84ab-937aa552980d,2024-04-15,,акция протеста у парламента Грузии против принятия закона об иноагентах.
018ee434-7c00-4408-88f8-c6af5ede2160,2024-04-16,,наводнение в Объединённых Арабских Эмиратах.
018ee95a-7800-4724-96e5-ee8e4316fbd0,2024-04-17,,Начался вывод российских миротворцев из Нагорного Карабаха.
018ee95a-7800-41df-9f98-bc300733c0e4,2024-04-17,,Парламентские выборы в Хорватии. Коалиция действующего премьер-министра Андрея Пленковича «Хорватское демократическое содружество» получает большинство мест.
018ee95a-7800-4200-b2af-72a87834f96c,2024-04-17,,Парламентские выборы на Соломоновых Островах.
018ef3a7-7000-4394-9419-e5d8678e72a4,2024-04-19,,Израиль нанёс авиаудары по Ирану в ответ на ракетную и беспилотную атаку Ирана на Израиль ранее 13 апреля.
018f625f-fa00-4be0-b82b-5c0f46f56460,2024-04-19,2024-06-01,парламентские выборы в Индии.
018ef8cd-7c00-4e15-a3a1-406b982e7da7,2024-04-20,,новая акция протеста в Грузии в связи с принятием закона об иноагентах.
018efdf3-f800-4001-bc5c-d82fbb8ea25f,2024-04-21,,парламентские выборы на Мальдивах.
018f0d66-fc00-4e93-b9ad-8be421dbc305,2024-04-24,,президентские выборы в Северной Македонии.
018f460c-f000-45e3-8681-32e15cbc95ec,2024-05-05,,всеобщие выборы в Панаме. Избран Хосе Рауль Мулино.
018f4b33-7c00-4da5-a836-9cca6990291d,2024-05-06,,президентские выборы в Чаде.
018f5059-f800-4f62-a7b2-b9d4ca1e5477,2024-05-07,,инаугурация избранного президента Российской Федерации Владимира Путина.
018f5aa6-7000-4814-9b34-0577bb48efdf,2024-05-07,2024-05-11,проведение 68-го конкурса песни «Евровидение» в Швеции.
018f557f-f400-4eb4-8aab-bbe14d8d17a4,2024-05-08,,"На выборах в Северной Македонии партия евроскептиков ВМРО-ДПМНЕ одерживает убедительную победу на парламентских выборах, а её кандидат в президенты Гордана Силяновская-Давкова избирается первой женщиной-президентом страны во втором туре президентских выборов."
018f557f-f400-4428-862b-117961a74063,2024-05-08,,Наводнение в Бразилии.
018f557f-f400-41d1-9b1c-cdfe1a5cea63,2024-05-08,,"Введены режимы ЧС в нескольких регионах России, из-за заморозков."
018f5aa6-7000-449f-a8eb-f1d963ccf2ef,2024-05-09,,"многотысячный митинг в Армении с требованием отставки премьер-министра Никола Пашиняна, причиной акции протеста стали уступки страной ряда территорий Азербайджану."
018f5fcc-fc00-4886-8991-fa01b63a426f,2024-05-10,,"Падение автобуса в реку Мойку в Санкт-Петербурге. 7 человек погибли, 2 выжили."
018f5fcc-fc00-475a-9db1-80837a2e27de,2024-05-10,,Вторжение России на Украину: российские войска начали наступление в Харьковской области.
018f5fcc-fc00-4e14-a229-e34fb3faf809,2024-05-10,,Наводнение в Афганистане. Погибли около 300 человек.
018f5fcc-fc00-4dbe-aa23-b98ca62b60ea,2024-05-10,,Эмир Кувейта Мишааль аль-Ахмед аль-Джабер ас-Сабах распустил парламент и приостановил действие ряда положений Конституции.
018f88ff-fc00-4829-a202-67bf9785648f,2024-05-10,2024-05-26,Чемпионат мира по хоккею с шайбой 2024.
018f6a19-7400-4f24-8dd7-dfa7510068e7,2024-05-12,,Проведение президентских выборов в Литве.
018f6a19-7400-41f6-bed1-c1b046656d04,2024-05-12,,"Обрушение подъезда в Белгороде. Погибло 17 человек, 27 пострадавших."
018f798c-7800-4333-bc13-d68b63ed739e,2024-05-15,,"Ли Сяньлуна, занимающего пост премьер-министра Сингапура с 2004 года, сменил на посту премьер-министра бывший заместитель премьер-министра Лоуренс Вонг в преддверии следующих всеобщих выборов в 2025 году."
018f798c-7800-4b39-a310-3afaff7b4931,2024-05-15,,Покушение на премьер-министра Словакии Роберта Фицо.
018f8e25-f800-4fe1-8d73-9ca65f968aa2,2024-05-19,,Всеобщие выборы в Доминиканской Республике. Победу одержал действующий президент Луис Абинадер.
018f8e25-f800-4360-9941-9ccf61550714,2024-05-19,,"На границе Ирана и Азербайджана разбился вертолёт с президентом Ирана Ибрахимом Раиси, министром иностранных дел Ирана Хосейном Амиром Абдоллахияном и другими высокопоставленными лицами Ирана. Все пассажиры погибли."
018f8e25-f800-40dd-9118-8903eebc4f36,2024-05-19,,"Попытка государственного переворота в Демократической Республике Конго, которую, как сообщалось, возглавил Кристиан Маланга, привела к беспорядкам в Киншасе. Правительственные войска быстро вмешались, арестовав лидеров переворота и, как сообщалось, восстановив спокойствие."
018f934c-7400-489e-97db-7fdfc1058352,2024-05-20,,"Главный прокурор Международного уголовного суда добивается выдачи ордеров на арест премьер-министра Израиля Биньямина Нетаньяху, министра обороны Израиля Йоава Галанта и лидеров ХАМАС в Газе Яхьи Синвара, Исмаила Хании и Мухаммада Дейфа по обвинению в военных преступлениях."
018fa7e5-f400-4f61-9fb7-208a9148dbb8,2024-05-24,,в результате оползня в Папуа — Новой Гвинее погибло более 2000 человек.
018fb232-7c00-4090-9679-f6eb0a8dab62,2024-05-26,,Второй тур президентских выборов в Литве. Победу одержал действующий президент Гитанас Науседа.
018fb232-7c00-4cbe-8423-ebc4ccb8770a,2024-05-26,,Акция протеста в Армении с требованием отставки Никола Пашиняна.
018fb4c5-fa00-4ac7-9440-f0ec49c9cf51,2024-05-26,2024-05-27,визит Владимира Путина в Узбекистан.
018fc1a5-f000-4d98-a3b1-e67d9bfb35ce,2024-05-29,,Парламентские выборы в ЮАР. Впервые в демократической истории Южной Африки партии АНК не удалось набрать большинство голосов.
018fc1a5-f000-4ba5-93ba-2ff5827bba07,2024-05-29,,Парламентские выборы на Мадагаскаре завершились победой правящей пропрезидентской партии.
018fd118-f400-4a68-a9f5-3647e20ed946,2024-06-01,,"Парламентские выборы в Индии 2024 года, начавшиеся 19 апреля, завершаются."
018fd118-f400-419a-b0a5-a726332b5b5a,2024-06-01,,Президентские выборы в Исландии. Победу одержала Хадла Тоумасдоуттир.
01901931-fc00-4bda-9396-0d3ec2908049,2024-06-01,2024-06-29,чемпионат мира по крикету среди мужчин T20 2024 года проводится совместно Вест-Индией и США.
018fd63e-f000-4357-8543-9b08e4050ab9,2024-06-02,,всеобщие выборы в Мексике. Клаудия Шейнбаум была избрана первой женщиной-президентом Мексики.
018fdb65-7c00-4b59-9cf6-75841cf73c5d,2024-06-03,,вступил в силу принятый в Грузии Закон об иноагентах.
018fe5b2-7400-4ce0-87a2-967065fc4575,2024-06-05,,Олег Кононенко первым в мире провёл в космосе 1000 суток суммарно.
018fe5b2-7400-4d45-a572-520b8f965432,2024-06-05,,Премьер-министр Индии Нарендра Моди подал в отставку в преддверии формирования нового кабинета.
018fe5b2-7400-4994-8713-b73abaceecb7,2024-06-05,,В США состоялся первый пилотируемый запуск космического корабля Starliner в рамках миссии Boe-CFT.
018fe5b2-7400-47dd-bc73-868b2357e707,2024-06-05,,«Тинькофф Банк» сменил название на «Т-Банк».
018fead8-7000-4412-b1ab-cc5ef4300863,2024-06-06,,"Столкновение двух трамваев в Кемерово, в результате которого 1 человек погиб и 146 пострадали."
018fead8-7000-4b77-86e5-005dff16b1ff,2024-06-06,,"Столкновение поездов в Чехии. Погибли 4 человека, 34 получили ранения."
018ff291-fa00-4273-af34-9ba1d09bf96c,2024-06-06,2024-06-09,"проведение выборов в Европейский парламент. ЕНП, возглавляемая действующим председателем Еврокомиссии Урсулой фон дер Ляйен, сохраняет свой статус крупнейшей фракции в парламенте на фоне усиления позиций групп ECR и ID."
018feffe-fc00-447d-9f29-bfede1ab2c36,2024-06-07,,нападение на премьер-министра Дании Метте Фредериксен.
018ffa4b-7400-4553-a890-8cd3a86f8543,2024-06-09,,"Парламентские выборы в Бельгии. Новый фламандский альянс остаётся крупнейшей партией в Палате представителей, в то время как Open VLD, партия уходящего премьер-министра Александра Де Кро, теряет места."
018ffa4b-7400-4013-ae64-8dc70f1b3171,2024-06-09,,"Парламентские выборы в Болгарии. ГЕРБ-СДС показала лучшие результаты, набрав 25 % голосов и 68 мест, но не получила большинства в Национальном собрании."
018ffa4b-7400-42a7-8075-12c7bc5d691c,2024-06-09,,"Парламентские выборы в Сан-Марино. Альянс Демократия и свобода, во главе с PDCS, получает большинство в Большом и Генеральном совете."
018ffa4b-7400-468c-8f6d-48dfd3da8ec1,2024-06-09,,Парламентские выборы в Южной Осетии.
018fff71-f000-42cf-8c0f-17704a1b3ead,2024-06-10,,"в авиакатастрофе близ Чикангавы, Малави, погибли девять человек, включая вице-президента Малави Саулоса Чилиму."
0190237e-7400-47c9-8141-f5495776d4f2,2024-06-11,2024-06-23,"в Казани прошли Игры БРИКС с участием спортсменов из стран, входящих в эту организацию."
019009be-f800-48c4-9d4b-1de260968160,2024-06-12,,завершение вывода российских миротворцев из Нагорного Карабаха.
0190140b-7000-42c7-893a-0da364d06ee2,2024-06-13,2024-06-15,50-й саммит G7 в Италии.
0190614a-f400-4d13-bd51-66c6f9604699,2024-06-14,2024-07-14,Чемпионат Европы по футболу 2024 в Германии.
01901bc4-fa00-4a90-b5f6-ef0f925ac965,2024-06-15,2024-06-16,в Швейцарии прошла мирная конференция по Украине.
01901e57-f800-48ca-9dc8-8b4d61ceff01,2024-06-16,,захват заложников в СИЗО Ростова-на-Дону.
01904264-7c00-43a0-af21-8b8bec8551f3,2024-06-23,,"Украинская ракета сбита над аннексированным Россией Севастополем. Пострадали 153 человека. 4 человека, в том числе два ребёнка, погибли."
01904264-7c00-4fd3-bb0d-a6b3347afd09,2024-06-23,,"Нападения на синагоги и церкви Дагестана. Атаке подверглись города Махачкала и Дербент, погибло 22 человека, пострадали 46."
0190478a-f800-433b-b22c-9ded463dab9e,2024-06-24,,пожар в здании бывшего НИИ «Платан» в городе Фрязино. Погибло 8 человек.
0191fab4-7600-4bfb-9b0b-997c8ce2e296,2024-06-24,2024-12-10,Принятие 14 пакета санкций против России.
01904cb1-7400-4e58-9622-6dd27d3524cd,2024-06-25,,"Массовые беспорядки в Кении, вызванные решением правительства о повышении налогов."
01904cb1-7400-4186-9c2d-e444cb38a939,2024-06-25,,Международный уголовный суд выдал ордер на арест Сергея Шойгу и Валерия Герасимова.
019051d7-f000-4a3b-9f2a-1280bc208e72,2024-06-26,,"неудавшаяся попытка государственного переворота в Ла-Пасе, Боливия, во главе с бывшим главнокомандующим Хуаном Хосе Суньигой."
019056fd-fc00-4d00-a76e-ef0c7fe4ef9c,2024-06-27,,дебаты кандидатов в президенты США Джо Байдена и Дональда Трампа.
01905c24-7800-4ac4-8626-36d102f53d0d,2024-06-28,,Президентские выборы в Иране. Прошли во второй тур Масуд Пезешкиан и Саид Джалили.
01905c24-7800-4912-b899-94848c73b579,2024-06-28,,Парламентские выборы в Монголии. Монгольская народная партия получает меньшее число мест в Великом государственном хурале на фоне успехов Демократической партии.
0190614a-f400-470b-8088-4212760b0ce9,2024-06-29,,президентские выборы в Мавритании. Действующий президент Мухаммед ульд аш-Шейх аль-Газуани переизбран на второй срок.
01907877-7200-4f86-ba73-42a8b66c6f87,2024-06-30,2024-07-07,"парламентские выборы во Франции. Левый «Новый народный фронт» получает большинство мест в Национальном собрании, опередив правого «Национального объединения», одержавшее победу в первом туре, но не набрав большинства."
019075e4-7400-4651-bc2a-2e7abb74a836,2024-07-03,,Россия приостановила членство в ПА ОБСЕ.
01907b0a-7000-483e-ac20-fd6eb2c1c46a,2024-07-04,,"парламентские выборы в Великобритании. Победу одержала Лейбористская партия, и Кир Стармер стал новым премьер-министром Великобритании."
01908030-fc00-4eeb-8f71-6e212301d595,2024-07-05,,второй тур президентских выборов в Иране. Победу одержал Масуд Пезешкиан.
01908fa3-f000-41a8-b60a-a1f83f0a59f1,2024-07-08,,"вторжение России в Украину: в результате российского массированного ракетного обстрела Украины погибли 42 человека, ранены 170."
019099f0-f800-4fa5-bc54-ac2b27d99bfb,2024-07-09,2024-07-11,Саммит НАТО в США.
019094ca-7c00-4fa5-ab50-9fde7eeea9ef,2024-07-09,,руководство Евросоюза приняло решение о приостановлении процесса вхождения Грузии в эту организацию.
0190a43d-7000-49c7-a4b9-c399ed7dd64b,2024-07-12,,Катастрофа SSJ 100 под Коломной. Погибли все находившиеся на его борту 3 члена экипажа.
0190a43d-7000-4af0-8fe5-22505f59c109,2024-07-12,,Инаугурация президента Литвы Гитанаса Науседы.
0190a963-fc00-4d55-a686-6d7c77e7b004,2024-07-13,,"Покушение на Дональда Трампа в Пенсильвании. Сам Трамп ранен, стрелок и ещё один человек убиты."
0190a963-fc00-4d9b-8bac-daf8135aaed1,2024-07-13,,"В результате ракетного удара Израиля, по вилле семьи Саламе, убит лидер ХАМАС Мухаммад Дейф."
0190b3b0-7400-4867-81b3-569d4be01d8d,2024-07-15,,парламентские выборы в Сирии.
0190bb69-fe00-41c6-b9d7-0cf378f0a16f,2024-07-15,2024-07-18,национальный съезд Республиканской партии.
0190b643-f200-44e2-870d-f9a66d08413d,2024-07-15,2024-07-16,президентские выборы в Руанде. Действующий президент Поль Кагаме переизбран на четвёртый срок.
0190c849-f400-45ce-a171-f0a27bdd33cf,2024-07-19,,сбой в работе Windows.
0190d296-fc00-4ea3-bb4d-7c7f9650a980,2024-07-21,,Джо Байден объявил о выходе из президентской гонки.
0190e209-f000-49ed-b745-8cdd6545aa17,2024-07-21,2024-07-27,проведение XX Международного ботанического конгресса в Мадриде (Испания).
0190d7bc-f800-4ac1-9a94-32adfa8be5b2,2024-07-22,,в Московском зоопарке в возрасте 30 лет умер сетчатый жираф Самсон Гамлетович Ленинградов.
01911589-7800-4eba-881f-10ecbd0d6485,2024-07-26,2024-08-11,летние Олимпийские игры 2024 прошли в Париже.
0190f6a3-7000-4308-9167-6fa0e3e3e889,2024-07-28,,"президентские выборы в Венесуэле. Действующий президент Николас Мадуро объявил о победе над кандидатом от оппозиции Эдмундо Гонсалесом Уррутиа на фоне предполагаемых нарушений, в результате чего многие южноамериканские государства отказались признавать результаты выборов или приостановили дипломатические отношения с правительством Мадуро."
0190fbc9-7c00-4083-b50b-0c993aa266d3,2024-07-29,,"Межплеменной конфликт в Пакистане. Погибло 35 человек, около 100 пострадали."
0190fbc9-7c00-45c0-ad2c-35205caa7c56,2024-07-29,,В Венесуэле начались акции протеста в связи с переизбранием Николаса Мадуро на пост президента страны.
0190fbc9-7c00-4359-8676-43d677ba2133,2024-07-29,,"Массовое убийство в Саутпорте. Погибло 3 девочки, 10 человек пострадало. Начало протестов в Великобритании."
019100ef-f800-4791-9390-9fdef95ea274,2024-07-30,,инаугурация президента Ирана Масуда Пезешкиана.
01910616-7400-40fb-9131-1056bb986f8c,2024-07-31,,в Иране убит лидер ХАМАС Исмаил Хания.
01910b3c-f000-45e4-8bb4-c372ae49e575,2024-08-01,,Обмен заключёнными между Россией и странами Запада.
01910b3c-f000-46d2-93b8-7bb013ca71a2,2024-08-01,,"В Нижнем Тагиле произошёл взрыв в жилом доме. Погибли 11 человек, 26 пострадали."
01911aaf-f400-4c22-8eed-8441de6992c9,2024-08-04,,антиправительственные протесты в Бангладеш. В результате столкновения протестующих с полицией погибло по меньшей мере 300 человек.
01911fd5-f000-4f85-a624-cf31c91787c5,2024-08-05,,премьер-министр Бангладеш Шейх Хасина подала в отставку и бежала из страны. Командующий армией страны Вакер-Уз-Заман объявил о создании временного правительства.
019124fc-7c00-45e4-be2f-d21404b5fbc1,2024-08-06,,начало боёв в Курской области.
01912f49-7400-40f1-b196-9c6a518eaf6d,2024-08-08,,ВСУ оккупировали Суджу.
0191346f-7000-4f48-80ca-be10c870972d,2024-08-09,,"катастрофа ATR 72 под Сан-Паулу: самолёт ATR 72 авиакомпании Voepass Linhas Aéreas разбился недалеко от Виньеду, Сан-Паулу, Бразилия, погибли все 62 человека, находившиеся на борту."
01914e2f-7c00-4766-ba34-9e583a3b8da8,2024-08-14,,"Всемирная организация здравоохранения (ВОЗ) второй раз за два года объявляет эпидемию оспы чрезвычайной ситуацией в области общественного здравоохранения, имеющей международное значение, после распространения вируса в африканских странах."
01914e2f-7c00-4137-a6da-51d7056e177f,2024-08-14,,"Конституционный суд Таиланда отстранил премьер-министра Сеттху Тхависина от должности за незаконное назначение в свой кабинет министра, который был приговорён к тюремному заключению."
01915b0f-7200-47fe-a270-75b5e6ce2269,2024-08-14,2024-08-19,парламентские выборы в Кирибати.
01916fa8-f200-465e-bcff-26fe6e9ca993,2024-08-19,2024-08-22,съезд Демократической партии в США.
01917c88-7800-40fb-ada6-7bce1dfccdbb,2024-08-23,,захват заложников в ИК-19 в Суровикино.
019181ae-f400-44d2-ae45-1c34de87a5b5,2024-08-24,,Арест создателя ВК и Telegram Павла Дурова во Франции.
019181ae-f400-4169-947e-a852dade1f24,2024-08-24,,"В результате нападения боевиков в Буркина-Фасо погибло от 100 до 200 человек, не менее 140 ранены."
01918bfb-7c00-45e8-aeac-0a33f240a895,2024-08-26,,"крушение истребителя F-16 на Украине, после которого Владимир Зеленский освободил Николая Олещука от должности командующего ВВС Украины."
0191b29b-7e00-4792-bdf7-e2d6983eeb9f,2024-08-28,2024-09-08,"летние Паралимпийские игры 2024 прошли в Париже, Франция."
0191aae1-f400-49b7-badf-d267464fc0c7,2024-09-01,,досрочные парламентские выборы в Азербайджане.
0191b52e-7c00-4c02-b850-7fd6a3c1e36a,2024-09-03,,"вторжение России в Украину: российские войска нанесли ракетный удар по Полтаве, в результате которого погибли 53 человека, 298 получили ранения."
0191ba54-f800-46e4-8df4-650df5b6bf2d,2024-09-04,,российский мобильный оператор Tele2 провёл ребрендинг и сменил название на t2.
0191c9c7-fc00-4f5f-87c9-b749eac215eb,2024-09-07,,президентские выборы в Алжире. Действующий президент Абдельмаджид Теббун переизбран на второй срок.
0191ceee-7800-4850-b44d-729d769a2d33,2024-09-08,,Единый день голосования в России.
0191d93a-f000-46cb-b66d-3d0f9cae0116,2024-09-10,,дебаты кандидатов в президенты США Камалы Харрис и Дональда Трампа.
0191de61-7c00-4a1e-859b-c94bd6697734,2024-09-11,,установлен рекорд по числу людей в космосе. После запуска «Союз МС-26» на околоземной орбите одновременно находится 19 человек.
0191fd47-7400-49ee-bdb8-d99e33d72012,2024-09-17,,в Грузии принят закон о запрете «пропаганды ЛГБТ» и трансгендерного перехода.
0191ffda-f200-4ac3-a9c4-a5ee055e2fa5,2024-09-17,2024-09-18,взрывы в Ливане в результате детонации пейджеров и раций. 37 человек погибли и более 3000 получили ранения.
0192026d-f000-4d45-ad7e-ff0587ff484f,2024-09-18,,количество статей в Русской Википедии достигло 2 миллиона.
01920794-7c00-4b60-af87-4376a6125276,2024-09-19,,"в странах Европы и США зафиксировано появление нового штамма коронавируса XEC, в результате чего некоторые города США и Европы снова закрылись на карантин."
019211e0-f400-4942-96a1-a1eab3032d2b,2024-09-21,,"президентские выборы в Шри-Ланке. Анура Кумара Диссанаяке избран президентом Шри-Ланки, и впервые в истории Шри-Ланки был проведён второй тур подсчёта голосов."
019230c6-fc00-4891-83a3-15030b9317e7,2024-09-27,,Взрыв на автозаправке в Дагестане. Погибли 13 человек и 11 пострадали.
019230c6-fc00-4a9d-be39-910780f4ce72,2024-09-27,,"Израильским авиаударом уничтожено почти всё высшее руководство «Хезболлы», включая её лидера Хасана Насраллу."
01923b13-f400-49b7-a486-36cb1b184bc0,2024-09-29,,парламентские выборы в Австрии.
0192403a-7000-407c-bbd8-f5818f64265f,2024-09-30,,"Великобритания становится первой страной G7, которая постепенно отказывается от угольной энергетики в пользу производства электроэнергии после 142 лет использования этого источника энергии."
01924560-7c00-4c83-bfdd-c38a7e0c7605,2024-10-01,,Начало вторжения Израиля в Ливан.
01924560-7c00-493c-aec0-26f85b0062f1,2024-10-01,,Иран запустил 201 баллистическую ракету в сторону Израиля в ответ на ликвидацию Хасана Насраллы.
01924560-7c00-4732-a487-686b8cb663c8,2024-10-01,,Вторжение России на Украину: бои за Угледар завершились взятием города Россией.
01925f20-7800-4660-a50a-1337e9334890,2024-10-06,,Референдум о строительстве АЭС в Казахстане.
01925f20-7800-43b0-93fd-248773bc737b,2024-10-06,,Президентские выборы в Тунисе. Действующий президент Каис Саид переизбран на второй срок.
0192696c-f000-47b6-b331-1f1b507cdafb,2024-10-08,,блокировка мессенджера Discord в России.
01926e93-7c00-4493-a4f2-cac2b62d968c,2024-10-09,,Блокировка мессенджера Discord в Турции.
01926e93-7c00-41ba-80b4-fd5935542d58,2024-10-09,,"Всеобщие выборы в Мозамбике. Даниэл Шапу избран президентом, а правящая партия ФРЕЛИМО сохраняет большинство в Ассамблее Республики."
019273b9-f800-4209-a5c2-99bfd1a28b51,2024-10-10,,"российская армия развернула наступление в Кореневском, Суджанском и Глушковском районах Курской области, часть которых была в августе оккупирована украинскими войсками."
01927e06-7000-473c-860e-9c4971375e3c,2024-10-12,,взрыв на АЗС в Грозном.
0192832c-fc00-405c-ba11-76b2842ac7d9,2024-10-13,,Первый тур парламентских выборов в Литве.
0192832c-fc00-4ead-84d1-8f8c8d3396da,2024-10-13,,"Компания SpaceX впервые успешно вернула на стартовую площадку первую ступень сверхтяжёлой ракеты-носителя Starship, самой большой и мощной из когда-либо запущенных ракет."
01928853-7800-4789-9fbd-45e16c507cd7,2024-10-14,,запуск космического аппарата Europa Clipper к орбите Юпитера. Миссия направлена для изучения воды на спутнике Европа.
0192929f-f000-4133-a471-cd995ccc26c0,2024-10-16,,"Яхья Синвар, лидер ХАМАС, убит в перестрелке с израильскими военными в Рафахе."
0192a739-7000-4a06-a1e8-8be7fa4dc668,2024-10-20,,президентские выборы в Молдове и референдум о вхождении страны в Евросоюз.
0192ac5f-fc00-4bfb-8490-7030f7a3498b,2024-10-21,,Президентом Вьетнама стал генерал Лыонг Кыонг.
0192ac5f-fc00-4259-b459-fa86e71448cd,2024-10-21,,Бывший президент Албании Илир Мета задержан по обвинению в коррупции.
0192b6ac-7400-4d18-84ff-828b4de53f32,2024-10-22,2024-10-24,"саммит глав государств БРИКС в Казани, Татарстан."
0192c61f-7800-4ce4-be88-a7fbb80f2dc1,2024-10-26,,проведение парламентских выборов в Грузии.
0192cb45-f400-450f-9038-2c1e1510e721,2024-10-27,,Всеобщие выборы в Уругвае.
0192cb45-f400-41a7-b5a9-5adad520f84c,2024-10-27,,Второй тур парламентских выборов в Литве.
0192cb45-f400-4a40-9ce9-68859c43727d,2024-10-27,,"Парламентские выборы в Японии. Правящая ЛДП впервые с 2009 года теряет парламентское большинство, но по-прежнему получает большинство мест. КДП добилась своего лучшего результата в истории партии."
0192cb45-f400-4e9b-91e5-110ce5962e51,2024-10-27,,Парламентские выборы в Болгарии.
0192cb45-f400-45e6-9392-63f1363e5f97,2024-10-27,,Парламентские выборы в Узбекистане.
0192d825-fa00-44dd-a931-fb13b92f40bd,2024-10-28,2024-10-31,чемпионат мира по борьбе в Тиране (Албания).
0192d06c-7000-4271-9699-bcbc208f14a2,2024-10-28,,в Грузии начались протесты после парламентских выборов.
0192dab8-f800-4919-be3a-d72f3e118f03,2024-10-30,,"Парламентские выборы в Ботсване. Правящая партия ДПБ отстранена от власти, что положило конец 58-летнему непрерывному правлению. Дума Боко из партии UDC избран президентом Ботсваны."
0192dab8-f800-4375-b610-2b72afb45a7b,2024-10-30,,"Испания переживает сильнейшее наводнение за последние полвека, в результате которого более 200 человек погибли, а многие пропали без вести, поскольку за восемь часов выпала годовая норма осадков."
0192e505-f000-4f4b-81ab-414310e25f6e,2024-11-01,,обрушение козырька на вокзале в Нови-Саде (Сербия). Погибло 14 человек.
0192ea2b-fc00-4f6e-9370-643fcb7a924d,2024-11-02,,Риши Сунак ушёл с поста лидера Консервативной партии Великобритании. Новым лидером стала Кеми Баденок.
0192ef52-7800-4f1b-a4a3-5517734ffe05,2024-11-03,,состоялся второй тур президентских выборов в Молдове. Действующий президент Майя Санду переизбрана на второй срок.
0192f478-f400-4921-9a4c-d516ef4d83cf,2024-11-04,,прекращена поддержка Paint 3D.
0192f99f-7000-46ed-81e4-8b7069e2f7bc,2024-11-05,,"Президентские выборы в США. Победу одержал Дональд Трамп, став первым президентом после перерыва со времён Гровера Кливленда в 1892 году."
0192f99f-7000-40be-a73e-91406fa86530,2024-11-05,,Всеобщие выборы в Палау. Действующий президент Сурангел Уиппс — младший переизбран на второй срок.
0193135e-fc00-44f0-834f-2110f063cd55,2024-11-10,,"парламентские выборы на Маврикии. Избирательный альянс действующего премьер-министра Правинда Джагнота «Лепеп» потерпел поражение от альянса лидера оппозиции и бывшего премьер-министра Навинчандра Рамгулама, при этом последний занимает все места, кроме двух."
01931885-7800-4ebd-9e74-27ba5d4eb006,2024-11-11,,массовые акции протеста в Абхазии в связи с арестом ряда депутатов от оппозиции.
019322d1-f000-4713-9d22-5786b63f2124,2024-11-13,,Президентские выборы в Сомалиленде. Абдирахман Мохамед Абдуллахи избран президентом.
019322d1-f000-4e8b-8411-0f2b5aef7c8b,2024-11-13,,Состоялась встреча Дональда Трампа и Джо Байдена в Белом доме для обсуждения вопросов передачи власти по результатам выборов президента США 2024 года.
019327f8-7c00-4e97-992b-78d7bfb8ed0a,2024-11-14,,парламентские выборы в Шри-Ланке. Коалиция «Национальная народная власть» президента Ануры Кумары Диссанаяке получает квалифицированное большинство в парламенте Шри-Ланки 17-го созыва.
01932d1e-f800-4675-8e20-918ef7c7aeb7,2024-11-15,,протестующими в Абхазии захвачено здание парламента республики.
01933244-f400-442f-ad43-3a85c0883e33,2024-11-16,,"конституционный референдум в Габоне. По официальным данным, за принятие новой конституции проголосовали не менее 90 % граждан страны."
0193376b-7000-4cda-98e5-d476f83d71d9,2024-11-17,,парламентские выборы в Сенегале. Партия президента Бассиру Диомая Фая PASTEF получает абсолютное большинство в Национальной ассамблее.
01933f24-fa00-492e-9f09-d61b9b2ecf85,2024-11-18,2024-11-19,саммит государств Большой двадцатки прошёл в Рио-де-Жанейро.
019341b8-7800-439d-918a-7a350c150ccf,2024-11-19,,президент Абхазии Аслан Бжания подал в отставку. Обязанности президента исполняет Бадра Гунба.
01934c04-f000-4e18-b2da-fbc66b77a41c,2024-11-21,,Россия нанесла гиперзвуковой ракетный удар по Днепру.
01934c04-f000-4a02-8b35-d2e1b778398f,2024-11-21,,"Международный уголовный суд выдал ордера на арест премьер-министра Биньямина Нетаньяху, экс-министра обороны Израиля Йоава Галанта и военного лидера ХАМАС Мухаммада Дейфа по обвинению в военных преступлениях, совершённых во время войны между Израилем и ХАМАСОМ."
01935b77-f400-4475-924f-32cf430977c0,2024-11-24,,Президентские выборы в Румынии. Во второй тур прошли Кэлин Джорджеску и Елена Ласкони.
01935b77-f400-4f4e-b134-16d12f49a673,2024-11-24,,Второй тур президентских выборов в Уругвае. Президентом избран кандидат от левой оппозиции Яманду Орси.
019365c4-fc00-445a-a08a-6c0314c6f472,2024-11-26,,Акция протеста в Пакистане с требованием об освобождении премьер-министра Имрана Хана.
019365c4-fc00-4923-af3a-82a623e41d81,2024-11-26,,"Премьер-министр Израиля Биньямин Нетаньяху объявил о заключении соглашения о прекращении огня, направленного на прекращение боевых действий с «Хезболлой» в Ливане."
01936aea-f800-4800-992c-0b039fe3db18,2024-11-27,,Всеобщие выборы в Намибии. Нетумбо Нанди-Ндайтва из партии СВАПО избрана первой женщиной-президентом Намибии.
01936aea-f800-498b-8e06-9c30a52d8def,2024-11-27,,Атака боевиков организации Джебхат ан-Нусра на правительственные войска в Сирии.
01937011-7400-4652-b28a-9ecc0f36473a,2024-11-28,,Грузия приостановила переговоры о вступлении в ЕС до 2028 года.
01937537-f000-4576-a9c0-47502b40a917,2024-11-29,,"парламентские выборы в Ирландии. Правоцентристская партия «Фианна Файл» остаётся крупнейшей партией в Дойл Эрене, увеличив число своих мест до 48."
01937a5d-fc00-4d24-a5e3-78dd4d5d9218,2024-11-30,,"Парламентские выборы в Исландии. Оппозиционная партия «Социал-демократический альянс» получает 15 мест в Альтинге, а действующая Партия независимости — 14 мест. Однако ни одна из партий не получила большинства."
01937a5d-fc00-452a-bd43-666685a34803,2024-11-30,,Повстанцы в Сирии захватили город Алеппо.
01937a5d-fc00-4cc7-ba86-309da983b548,2024-11-30,,"Митинги в Грузии с требованием роспуска парламента и назначения новых выборов, а также против отмены курса Грузии на евроинтеграцию."
01937a5d-fc00-4943-bd09-f08b3a8c7dc1,2024-11-30,,Митинги в Валенсии с требованием отставки правительства из-за недавних наводнений в регионе.
01937f84-7800-4b00-8a40-2a0ab9de3f20,2024-12-01,,"парламентские выборы в Румынии. Действующая Национальная коалиция за Румынию получает большинство голосов, а крайне правые партии добиваются существенного успеха."
019389d1-7000-4088-a0a3-f4cab3856ef2,2024-12-03,,В Южной Корее объявлено военное положение.
019389d1-7000-43d3-8936-7339c3e66110,2024-12-03,,Парламент Абхазии проголосовал против ратификации договора с Россией об инвестициях.
019389d1-7000-4ad1-8ae4-92606473bb82,2024-12-03,,Падение астероида над Якутией.
01938ef7-7c00-4c20-8cc6-c1e447448d2c,2024-12-04,,"политический кризис во Франции. Мишель Барнье стал первым премьер-министром Франции, получившим вотум недоверия, со времён Жоржа Помпиду в 1962 году."
0193941d-f800-4fed-b1ad-d28c3ebc8820,2024-12-05,,землетрясение на севере Калифорнии (США) магнитудой 7 баллов.
01939944-7400-4557-a000-097891a09d38,2024-12-06,,Конституционный суд Румынии аннулировал итоги первого тура президентских выборов на фоне обвинений во вмешательстве России после неожиданного выхода пророссийского кандидата Кэлина Джорджеску во второй тур.
01939e6a-f000-44c9-94c8-173745ac338d,2024-12-07,,Всеобщие выборы в Гане. Джон Махама из NDC избран президентом на второй срок с перерывом.
01939e6a-f000-491b-98a7-aed241288a55,2024-12-07,,"После пятилетней реставрации открылся Собор Парижской Богоматери, пострадавший от пожара в апреле 2019 года."
01939e6a-f000-4e80-b58b-fd512d436508,2024-12-07,,Массовая акция протеста в Южной Корее с требованием отставки президента Юн Сок Ёля.
0193a390-fc00-469f-b093-767e0e183b1c,2024-12-08,,В ходе боёв столица Сирии Дамаск была захвачена антиправительственными силами.
0193a390-fc00-4157-9073-37a457133125,2024-12-08,,"Президент Сирии Башар Асад покинул страну, что ознаменовало прекращение существования Сирийской Арабской Республики и падение династии Асадов, правившей 53 года. Сирийская оппозиция начала формирование переходного правительства."
0193a390-fc00-4649-91f6-cd4486d98802,2024-12-08,,"Израиль, посчитав недействительным соглашение о разделении сил между Израилем и Сирией, ввёл войска в буферную зону между странами-подписантами."
0193b303-f000-458a-bb65-d39a1f44b017,2024-12-11,,президентом Швейцарии избрана Карин Келлер-Зуттер.
0193bd50-f800-4b57-a5ec-cf9aaee1ac58,2024-12-13,,блокировка мессенджера Viber в России.
0193c277-7400-491c-aa6d-44c3c929f576,2024-12-14,,Парламент Грузии выбрал президента. Им стал Михаил Кавелашвили.
0193c277-7400-4068-954c-48fd9d55783c,2024-12-14,,Парламент Южной Кореи объявил импичмент президенту Юну Сок Ёлю. Исполнять обязанности президента стал Хан Док Су.
0193c79d-7000-462f-82ed-95993a74359a,2024-12-15,,разлив мазута в Керченском проливе из-за разрушения двух российских танкеров в шторм
01947422-7a00-4043-9d7c-aa926dba1f1a,2024-12-16,2025-02-19,Принятие 15 пакета санкций против России.
0193d1ea-7800-4edf-9bfc-f8e977d01fdb,2024-12-17,,"Взрыв на Рязанском проспекте в Москве: украинскими спецслужбами ликвидирован начальник войск радиационной, химической и биологической защиты ВС РФ Игорь Кириллов."
0193d1ea-7800-4c13-bd31-347cf2d0e667,2024-12-17,,"Землетрясение в Вануату магнитудой 7,3 или 7,4 балла."
0193d1ea-7800-433c-9194-f8fc142bd3db,2024-12-17,,Коллегия выборщиков утвердила победу Дональда Трампа на президентских выборах в США.
0193d710-7400-4194-a7db-e8da9b7b3bd4,2024-12-18,,"столкновение поездов в Мурманской области. Погибли два человека, около 30 пострадали."
0193dc36-f000-4e25-8e14-66afd0dbada1,2024-12-19,,"в Абхазии произошла стрельба в парламенте во время обсуждения законопроекта о запрете майнинга, пострадали два депутата, один из них скончался."
0193e15d-7c00-4cf1-bafa-00481c95df41,2024-12-20,,"На рождественской ярмарке в Магдебурге (Германия) автомобиль въехал в толпу пешеходов, в результате чего пять человек погибли, 205 получили ранения."
0193e15d-7c00-4f5a-9714-9d41a96a4712,2024-12-20,,"Король Дании Фредерик X утвердил новый герб страны, из-за слов Дональда Трампа о покупке Гренландии."
0193f5f6-fc00-4de2-bfd6-46cb3bbcaa81,2024-12-24,,вступила в должность президент Молдовы Майя Санду.
0193fb1c-f800-40cd-8b7e-5bec1c9542a2,2024-12-25,,"катастрофа Embraer E190 в аэропорту Актау, Казахстан. 29 из 67 человек, находившихся на борту, выжили в авиакатастрофе."
01940569-f000-41d6-8ea2-49ff65b75a0c,2024-12-27,,"Депутаты объявили импичмент исполняющему обязанности президента Южной Кореи Хан Док Су за то, что не принял два законопроекта, связанных с судебными разбирательствами президента Юн Сок Ёля. Его сменил заместитель премьер-министра Чхве Сан Мок."
01940569-f000-42eb-909c-3025832ec8c6,2024-12-27,,Президент ФРГ Франк-Вальтер Штайнмайер распустил парламент и назначил досрочные парламентские выборы.
01940fb6-7800-4325-a9ab-16033876bb08,2024-12-29,,Авиакатастрофа в Южной Корее. Погибло 179 человек.
01940fb6-7800-464b-a99f-89992cdadbdf,2024-12-29,,Президентские выборы в Хорватии.
01940fb6-7800-4e49-b340-c11d64419231,2024-12-29,,Инаугурация избранного президента Грузии.
01940fb6-7800-48cf-a420-06f51189c3a5,2024-12-29,,В возрасте 100 лет скончался 39-й президент США и лауреат Нобелевской премии мира — Джимми Картер. Картер стал самым долгоживущим президентом США и единственным который дожил до 100 лет. Государственные похороны прошли 9 января 2025 года.
019414dc-f400-4005-b3b3-c4da01fbaf6d,2024-12-30,,в Маскате (Оман) скончался последний султан Занзибара Джамшид ибн Абдулла.
01941f29-7c00-4128-802f-bf95a388a495,2025-01-01,,Болгария и Румыния стали полноправными членами Шенгенской зоны.
01941f29-7c00-45d7-a4f5-405e6f2270da,2025-01-01,,Польша принимает председательство в Совете Европейского Союза после Венгрии.
01941f29-7c00-4f45-b6dd-7e76f7df8730,2025-01-01,,"Лихтенштейн стал 37-й страной, легализовавшей однополые браки."
01941f29-7c00-42a6-83fc-10c30de4908a,2025-01-01,,"Украина прекратила транспортировку российского газа через территорию страны после истечения пятилетнего транзитного соглашения, а также стала государством-участником Международного уголовного суда."
01941f29-7c00-41f9-bf86-c47436c17ae4,2025-01-01,,"Теракт в Новом Орлеане. Погибли 15 человек (включая напавшего), пострадали 45."
01941f29-7c00-4a0a-ba0f-dbda0799871a,2025-01-01,,"14 человек погибли и ещё четверо получили ранения в результате стрельбы в Цетине, Черногория."
01941f29-7c00-4c9f-8eaa-f45beb17eb4f,2025-01-01,,Стрельба в ночном клубе Amazura в Нью-Йорке.
01941f29-7c00-43de-b3cf-0d81832675d5,2025-01-01,,Энергетический кризис в Приднестровье.
0194244f-f800-4118-8113-63267c3a0dd5,2025-01-02,,начало вспышки метапневмовируса человека (hMPV) в Китае.
01942976-7400-4b87-9dff-b383257a4c12,2025-01-03,,В Китае введена в строй крупнейшая в мире гидроаккумулирующая электростанция «Фэннин».
01942976-7400-4250-acb5-95842d34086c,2025-01-03,,"В Сеуле не смогли арестовать бывшего президента Юн Сок Ёля, следователи вошли в резиденцию президента страны, чтобы исполнить ордер на его арест, однако охрана главы государства воспрепятствовала им."
01942e9c-f000-4a89-9e37-083a0ee6586c,2025-01-04,,канцлер Австрии Карл Нехаммер объявил о своей отставке.
019433c2-fc00-4960-9333-0e6ed0b662d2,2025-01-05,,"ВСУ начали наступление в Большесолдатском районе Курской области, начав бои за Бердин."
019438e9-7800-4fbf-bdcc-3eb6824b54e0,2025-01-06,,Премьер-министр Канады Джастин Трюдо объявил о своей отставке.
019438e9-7800-4997-93cb-e703a6dc6012,2025-01-06,,Индонезия стала десятым членом БРИКС.
019438e9-7800-4ab9-bed0-5ff53cc4832d,2025-01-06,,Конгресс США утвердил победу Дональда Трампа.
01943e0f-f400-4d50-b3ce-eee44d4c981b,2025-01-07,,"Лесные пожары в Южной Калифорнии, накрывшие 16,000 га."
01943e0f-f400-4fc4-9a9d-f777cdf0d36e,2025-01-07,,"В результате землетрясения магнитудой 7,1 в Тибетском автономном районе на юго-западе Китая погибли по меньшей мере 126 человек, ещё 338 получили ранения."
01944336-7000-4b5e-812b-344c72bf1093,2025-01-08,,боевики в Чаде атаковали президентский дворец. Погибло 19 человек.
0194485c-7c00-4ede-ad68-9a09189b4e83,2025-01-09,,"Парламент Ливана избрал генерала Жозефа Ауна президентом Ливана, положив конец вакууму власти, который длился более двух лет."
0194485c-7c00-413c-bb03-8a9bd4a80b89,2025-01-09,,"В Вашингтоне прошли государственные похороны Джимми Картера, бывшего президента США, который скончался 29 декабря 2024 года. На церемонии присутствовали все пять ныне живущих президентов США. В связи с этим в стране был объявлен национальный траур."
01944d82-f800-4132-9b67-67b0cd13299e,2025-01-10,,Действующий президент Венесуэлы Николас Мадуро принял присягу в качестве президента на третий срок на фоне продолжающегося кризиса после спорных выборов в стране.
01944d82-f800-47a1-bbe7-2639c1872688,2025-01-10,,"Европейская служба по изменению климата Коперник сообщила, что 2024 год стал самым жарким годом в истории и первым календарным годом, в котором была преодолена символическая отметка в 1,5 °C глобального потепления."
019452a9-7400-41c1-8a9a-a473694f477a,2025-01-11,,массовые антиправительственные акции протеста в Монголии.
019457cf-7000-41ba-a656-5b0c37ad8b60,2025-01-12,,второй тур президентских выборов в Хорватии. На второй срок переизбран президент страны Зоран Миланович.
01945cf5-fc00-48fa-8919-14f60fc5b512,2025-01-13,,"в Индии началось 45-дневное празднование фестиваля Маха Кумбха Мела, проводимого раз в 144 года."
01949308-f200-4cd1-8759-63dfbce1a8fc,2025-01-14,2025-02-02,"Чемпионат мира по гандболу среди мужчин 2025 прошёл в Хорватии, Дании и Норвегии."
0194621c-7800-40f0-9169-d5ee7e6e6736,2025-01-14,,Сумма экономического ущерба от лесных пожаров в Калифорнии достигла $275 млрд.
0194621c-7800-42fa-86b9-a43ce045241a,2025-01-14,,Президент США Джо Байден исключил Кубу из списка государств — спонсоров терроризма в обмен на освобождение 553 кубинских политических заключённых.
01946742-f400-481f-84c4-cfede7ec9b1f,2025-01-15,,В Республике Корея со второй попытки был задержан отстранённый в результате импичмента президент Юн Сок Ёль.
01946742-f400-4492-b399-f928644ebb32,2025-01-15,,Израиль и ХАМАС заключили соглашение о возвращении заложников и поэтапном прекращении войны в Газе.
01946c68-f000-497c-97a4-5029e6b09b70,2025-01-16,,парламентские выборы в Вануату.
0194718f-7c00-4dea-82b6-88fb45551e99,2025-01-17,,Кабинет министров Израиля ратифицировал соглашение с ХАМАС. После одобрения этого решения Верховным судом Израиля соглашение начнёт действовать 19 января 2025 года.
019476b5-f800-449a-9834-1078443199f8,2025-01-18,,"в Тегеране убиты 2 шариатских судьи, один из которых, Али Разини, входил в Совет экспертов, а второй, Мохаммад Мокисех, ранее работал в Верховном суде Ирана. Стрелок покончил с собой."
01947bdb-f400-455d-8558-dbd719f1df71,2025-01-19,,Социальная сеть TikTok и другие продукты ByteDance прекратили свою работу в США. На следующий день TikTok возобновил свою работу в США после заявления Дональда Трампа.
01947bdb-f400-46a4-abd0-a7be97022184,2025-01-19,,Вступило в силу соглашение между Израилем и ХАМАС о прекращении огня в секторе Газа.
01948102-7000-4fd8-af34-8864d843998d,2025-01-20,,инаугурация 47-го президента США Дональда Трампа.
01948628-fc00-40fe-a11e-71378c0766ae,2025-01-21,,78 человек погибли в результате пожара в отеле на популярном лыжном курорте Карталкая в Турции.
01948b4f-7800-4664-9dbe-ed87042aaf22,2025-01-22,,"Йеменские хуситы отпустили всех 25 членов экипажа японского судна Galaxy Leader, державшихся ими в заложниках с ноября 2023 года, в качестве жеста поддержки соглашения о прекращении огня между Израилем и ХАМАС."
01949075-7400-4e08-a986-365adaade46e,2025-01-23,,"Таиланд стал 38-й страной и первой в Юго-Восточной Азии, легализовавшей однополые браки."
0194959b-f000-4721-8330-2535dfd5ee58,2025-01-24,,массовые многотысячные антиправительственные акции протеста в Словакии.
01949ac2-7c00-475a-80e6-90bf83d84c10,2025-01-25,,Первый тур президентских выборов в Греции.
01949ac2-7c00-4ca7-be64-7a80bb9842ee,2025-01-25,,Демократическая Республика Конго и Руанда разорвали дипломатические отношения.
01949fe8-7800-4c32-8930-b1e74f779535,2025-01-26,,Президентские выборы в Беларуси. Победу одержал действующий президент Александр Лукашенко.
01949fe8-7800-407c-a841-bfaf72572b5b,2025-01-26,,Повстанческая группировка M23 захватила город Гома — административный центр провинции Северное Киву на востоке ДР Конго.
0194a50e-f400-421f-9fec-4d1b0dbca77f,2025-01-27,,"появление новой модели чат-бота китайского стартапа DeepSeek вызвало серьёзные потрясения на мировом фондовом рынке, в частности, в технологическом секторе. Чиповый гигант Nvidia теряет около 600 миллиардов долларов своей стоимости, что является самым большим падением для одной компании в истории фондового рынка США."
0194aa35-7000-4c43-a0ef-2856734e1709,2025-01-28,,Стрелки «Часов Судного дня» перевели на секунду вперёд.
0194aa35-7000-4f5f-889b-5c77d5d91a0c,2025-01-28,,"Премьер-министр Сербии Милош Вучевич подал в отставку на фоне протестов после обрушения навеса на железнодорожной станции в Нови-Саде, а также после нескольких инцидентов, в которых члены Сербской прогрессивной партии нападали на студентов в Нови-Саде. Он остаётся исполняющим обязанности до тех пор, пока Народная скупщина не примет его отставку."
0194aa35-7000-47b1-b61e-6e77f9e4bd9d,2025-01-28,,"Президент США Дональд Трамп подписал несколько указов, касающихся вооружённых сил США, в том числе о создании американского аналога израильской системы противоракетной обороны «Железный купол»."
0194af5b-fc00-4384-9187-599765ecbd26,2025-01-29,,Парламентская делегация Грузии приостановила работу в ПАСЕ.
0194af5b-fc00-4f82-a574-2158192d81e3,2025-01-29,,Авиакатастрофа в Вашингтоне из-за столкновения самолёта Bombardier CRJ700 с вертолётом Sikorsky UH-60 Black Hawk над рекой Потомак. В результате столкновения погибли все 67 пассажиров на борту.
0194af5b-fc00-4bae-9275-36d970d5c5b0,2025-01-29,,Ахмед аш-Шараа был объявлен президентом Сирии на переходный период.
0194af5b-fc00-42e3-bfd5-9b0e04551ca5,2025-01-29,,"Американский истребитель F-35 разбился на Аляске. Пилот выжил, преждевременно катапультировшись."
0194b481-f800-4dda-9ad3-53faf3f383e2,2025-01-30,,"Даниэль Ортега провёл в Никарагуа реформу конституции, официально утвердив в стране двоевластие, и сделал свою жену Росарио Мурильо сопрезидентом. Никарагуа была провозглашена социалистической республикой."
0194b9a8-7400-4356-bf1a-7a778b129f2f,2025-01-31,,Проведение второго тура президентских выборов в Греции.
0194b9a8-7400-4be1-b832-49a3cb0f20e8,2025-01-31,,"Катастрофа медицинского транспортного самолёта Learjet 55 в Филадельфии. В результате все 6 человек на борту погибли. На земле погиб один человек, 24 пострадали."
0194bece-f000-4403-a2cb-06a06be674a5,2025-02-01,,"США вводят 25 % тарифы на товары из Мексики и Канады, а также 10 % тариф на товары из Китая. В ответ Китай вводит 15 % тариф на уголь и сжиженный газ из США."
0194c3f4-fc00-4a7e-a58e-fab047e39a31,2025-02-02,,в Гоме убиты 773 человека в результате столкновений с повстанческой группировкой М23 в ходе конфликта ДР Конго и Руанды.
0194c91b-7800-4342-82c6-3df35cf44592,2025-02-03,,"взрыв в ЖК «Алые Паруса» в Москве. Погибли два человека, включая основателя батальона «АрБат» Армена Саркисяна, четверо ранены."
0194ce41-f400-4e54-8bd8-cfbddf2825a4,2025-02-04,,"Стрельба в школе в городе Эребру в Швеции. Погибли 11 человек, включая напавшего, 15 ранены."
0194ce41-f400-40dd-a0ec-34aa4b142e5e,2025-02-04,,"Президент США Дональд Трамп на встрече с премьером-министром Израиля Биньямином Нетаньяху заявил, что Соединённые Штаты готовы взять под свой контроль сектор Газа и что США будет отвечать за восстановление Газы."
0194d368-7000-4dad-bb5c-d7b8a3db54f1,2025-02-05,,Палата представителей Филиппин объявила импичмент вице-президенту страны Саре Дутерте.
0194d368-7000-405b-b143-232079f50c9a,2025-02-05,,Президент Аргентины Хавьер Милей распорядился о выходе страны из ВОЗ.
0194d368-7000-45a4-83cb-1ce28bbdaa67,2025-02-05,,Израиль вышел из Совета ООН по правам человека.
0194d88e-7c00-45f1-bbf6-54d73e69bcf7,2025-02-06,,проведение третьего тура президентских выборов в Греции.
0194ddb4-f800-4e8e-84a1-babb3fe05763,2025-02-07,,"Состоялась встреча президента США Дональда Трампа и премьер-министра Японии Сигэру Исибы, обсудили укрепление сотрудничества между США и Японией как в экономической сфере, так и в сфере безопасности для обеспечения мира и стабильности в Индо-Тихоокеанском регионе."
0194ddb4-f800-4048-806e-79e7b4a41ff4,2025-02-07,,4 человека погибли в столкновениях на границе Сирии и Ливана.
0194e2db-7400-4b01-adbc-8b3a1c428d79,2025-02-08,,"Литва, Латвия и Эстония отсоединились от БРЭЛЛ."
0194e801-f000-4686-a2b6-0e925017de4c,2025-02-09,,Всеобщие выборы в Эквадоре.
0194e801-f000-4e89-b111-ca8d7ef5d116,2025-02-09,,Парламентские выборы в Лихтенштейне.
0194e801-f000-4fb9-be69-aa2ec6513db0,2025-02-09,,Парламентские выборы в Косове.
0194e801-f000-4912-b2d5-962bf78e9acf,2025-02-09,,"Литва, Латвия, Эстония подключились (в 14:05 по местному времени) к синхронной континентальной Европейской системе."
0194ed27-fc00-4fce-a0e3-2da0f0d939d5,2025-02-10,,"в Гватемале автобус упал с моста в реку, в результате чего погибли по меньшей мере 56 человек и ещё 9 получили ранения."
0194f24e-7800-4c8f-bb55-d35ac24d613f,2025-02-11,,"Состоялась церемония восшествия на престол принца Рахима аль-Хуссаини в качестве 50-го имама низаритского исмаилизма Ага-хан V, сменившего своего покойного отца Ага-хан IV."
0194f24e-7800-47b6-8058-18f81957b89a,2025-02-11,,"Спецпосланник Трампа Стив Уиткофф провёл переговоры в Москве, в ходе которых было достигнуто соглашение об освобождении Марка Фогеля в обмен на освобождение Александра Винника."
0194f24e-7800-411d-81db-a7475c7a24eb,2025-02-11,,"Трамп встретился с королём Иордании Абдаллой II, обсуждали будущее сектора Газы."
0194f774-f400-445d-8a6a-96dc16d10b64,2025-02-12,,Парламент Армении принял в первом чтении законопроект «О процессе вступления Республики Армения в Европейский Союз».
0194f774-f400-4c42-b37c-8228d58e7cc1,2025-02-12,,Проведение финального четвёртого тура президентских выборов в Греции. Константинос Тасулас избран президентом.
0194f774-f400-4f62-9387-9eb2205cbb2a,2025-02-12,,Президент Румынии Клаус Йоханнес ушёл в отставку. Обязанности президента на период до выборов взял на себя председатель Сената Румынии Илие Боложан.
0194f774-f400-4723-9e18-2aa7bbb7bad6,2025-02-12,,"Состоялся телефонный разговор Трампа и Путина, обсуждали перспективы завершения войны, затем состоялся телефонный разговор с Зеленским, обсуждали то же самое. Это был первый прямой обмен мнениями между лидерами России и США с февраля 2022 года."
0194fc9a-f000-40be-86db-50ee728580b2,2025-02-13,,"В Мюнхене (Германия) в результате наезда на толпу участников митинга профсоюзной организации ver.di погибли, как минимум, двое человек, и более 30 пострадали."
0194fc9a-f000-4b6b-8321-e34874370590,2025-02-13,,"В Тайчжуне (Тайвань) в результате взрыва газа в универмаге Shin Kong Mitsukoshi погибли, как минимум, 4 человека и более 30 получили ранения."
0194fc9a-f000-4a5a-94f8-19608b8d32d3,2025-02-13,,"Состоялась встреча президента США Дональда Трампа и премьер-министра Индии Нарендры Моди, обсудили укрепление американо-индийских отношений."
019506e7-f800-45b5-8f4b-3635c97e568d,2025-02-14,2025-02-16,в Мюнхене (Германия) прошла 61-я ежегодная международная конференция по безопасности.
019501c1-7c00-4e17-9884-1bbb3341597c,2025-02-14,,"Новый безопасный конфайнмент ЧАЭС был повреждён ударом беспилотника. Внутренняя защитная оболочка реактора не пострадала, к повышению радиационного фона это не привело."
019506e7-f800-449e-a433-f7561417a62e,2025-02-15,,досрочные президентские выборы в Абхазии. Во второй тур вышли Бадра Гунба и Адгур Ардзинба.
01950c0e-7400-4e31-8841-3679b9d60cc7,2025-02-16,,ХАМАС согласился передать власть в секторе Газа Палестинской национальной администрации.
01951134-7000-48d3-865b-93a00beff5d5,2025-02-17,,"Пассажирский самолёт Bombardier CRJ900LR авиакомпании Delta Airlines перевернулся при посадке в международном аэропорту Торонто, пострадал 21 человек, трое получили тяжёлые ранения."
01951134-7000-44d4-9df8-2fd04549841b,2025-02-17,,"В Париже по инициативе президента Франции Эмманюэля Макрона состоялся экстренный саммит для обсуждения политики обороны, вторжения России на Украину и возможных мирных договорённостей об его окончании."
0195165a-fc00-4469-a752-d69827607232,2025-02-18,,В Эр-Рияде (Саудовская Аравия) прошли российско-американские переговоры о достижении мира на Украине.
0195165a-fc00-40a1-b4ca-91a1e84d6733,2025-02-18,,"Совместная британско-египетская группа объявила об открытии гробницы Тутмоса II — первой королевской гробницы, обнаруженной после гробницы Тутанхамона в 1922 году."
019549da-7400-42e4-bdb1-1303cb2e9225,2025-02-19,2025-03-09,Кубок чемпионов ICC 2025 проходит в Пакистане и Дубае.
01951b81-7800-4cfb-bc7b-db2465f4f59e,2025-02-19,,Microsoft представила квантовый чип Majorana 1. Этот чип стал результатом 17 лет исследований в области майорановских фермионов и топологических кубитов.
019520a7-7400-442e-93a3-e1c95eaad60c,2025-02-20,,"в трёх припаркованных автобусах в Бат-Яме (Израиль) произошли взрывы, ещё в двух других обнаружена взрывчатка. Пострадавших нет, так как взрывы произошли рано утром и в автобусах не было людей."
01952af4-7c00-4aeb-8db6-64e44cafa22d,2025-02-22,,"в Мюлузе (Франция) произошло ножевое нападение, в результате чего 1 человек погиб и 5 получили ранения, в том числе 2 полицейских."
0195301a-f800-4086-a392-123e04f8d802,2025-02-23,,в Германии прошли досрочные парламентские выборы. Победу одержала партия «ХДС» во главе с Фридрихом Мерцем со значительным отрывом.
0195fe18-f800-410c-867b-a750ba85bf86,2025-02-24,2025-05-13,Принятие 16 пакета санкций против России.
01953a67-7000-43ae-b75c-fd5525211d7d,2025-02-25,,"самолёт ВВС Судана Ан-26 разбился в жилом районе Омдурмана, в результате катастрофы погибло не менее 46 человек."
019544b3-f800-4825-9e86-269c280a56f0,2025-02-27,,"Космический аппарат компании Intuitive Machines готовится совершить историческую посадку ближе к южному полюсу Луны, чем любой предыдущий аппарат."
019544b3-f800-45fa-b7aa-c10f217a8983,2025-02-27,,"В Стамбуле прошли российско-американские переговоры, в ходе которых были определены первые шаги к стабилизации работы дипмиссий."
019549da-7400-4096-8f8e-2a9d478a2386,2025-02-28,,"в Белом доме состоялась встреча президента США Дональда Трампа и президента Украины Владимира Зеленского, обсуждали возможность заключения перемирия между Украиной и Россией, а также сделку по полезным ископаемым, встреча была прервана досрочно, сделка не состоялась."
01954f00-f000-4d7c-b3e1-13f69007ddfd,2025-03-01,,Второй тур досрочных президентских выборов в Абхазии. Победу одержал Бадра Гунба.
01954f00-f000-481f-8a42-14fdad6f3b14,2025-03-01,,Российские войска возобновили наступление в Сумской области.
01954f00-f000-408f-920a-b1f58adf55b5,2025-03-01,,"В префектуре Иватэ на северо-востоке Японии продолжается борьба с лесным пожаром, который охватил более 1200 гектаров. Это крупнейший пожар в регионе за последние 30 лет. Правительство мобилизовало силы самообороны для помощи местным пожарным в сдерживании огня."
01954f00-f000-4a30-90ae-feabe32e2d39,2025-03-01,,"Вооружённое нападение на избирательный участок в Абхазии, двое ранены."
01955427-7c00-42a9-83ff-52b0e28a732a,2025-03-02,,Парламентские выборы в Таджикистане.
01955427-7c00-41a6-8070-15a423c74c7f,2025-03-02,,Космический аппарат Blue Ghost американской компании Firefly Aerospace совершил мягкую посадку на Луну.
0195639a-7000-4f6d-b293-ac97eb65141d,2025-03-05,,ВС РФ начали широкомасштабное контрнаступление в Курской области.
01956de6-f800-4442-82ba-911dfcc3bbb3,2025-03-07,,В США впервые за 15 лет произошла смертная казнь через расстрел.
01956de6-f800-4a65-822a-8c9b08b080c2,2025-03-07,,"В Сирии продолжаются столкновения между правительственными силами и сторонниками бывшего президента Башара Асада. По данным за 7 марта, в провинциях Латакия и Тартус погибло не менее 70 человек. Это стало крупнейшей акцией протеста против нового правительства Сирии после свержения Асада в декабре."
0195730d-7400-457a-b938-5239a15a4437,2025-03-08,,в Республике Корея был освобождён из под стражи отстранённый в результате импичмента президент Юн Сок Ёль.
01958a39-f200-4753-a934-e34d60292caf,2025-03-08,2025-03-17,"Всемирные зимние специальные Олимпийские игры 2025 прошли в Турине, Италия."
01957833-f000-4e63-99c7-68df9da858db,2025-03-09,,Марк Карни назначен лидером Либеральной партии Канады и премьер-министром Канады.
01958280-7800-4b81-bd30-f348e7d7f01e,2025-03-11,,Парламентские выборы в Гренландии.
01958280-7800-4318-b434-147920b5d0a7,2025-03-11,,"На Филиппинах арестован бывший президент Родриго Дутерте после того, как Международный уголовный суд выдал ему ордер на арест за преступления против человечества."
01958280-7800-47b6-92f4-f6768a69aa87,2025-03-11,,В Джидде (Саудовская Аравия) прошли переговоры между делегациями Украины и США.
01958280-7800-4b38-8e2b-07d54e7aaad7,2025-03-11,,Нападение боевиков на поезд в Пакистане. Погиб 21 пассажир.
019587a6-f400-453c-8643-c00fbd7f6a37,2025-03-12,,ВС РФ освободили город Суджа в Курской области.
019587a6-f400-4943-a9d4-59b361e6d74f,2025-03-12,,Парламентские выборы в Белизе.
01958ccd-7000-436f-96dd-e95f32bbc805,2025-03-13,,инаугурация президента Греции Константиноса Тасуласа.
019591f3-7c00-47f1-828f-699451984c95,2025-03-14,,вступил в должность избранный премьер-министр Канады Марк Карни.
01959719-f800-4c34-8524-47fde359207a,2025-03-15,,несколько самолётов ВКС РФ вошли в опознавательную зону ПВО Южной Кореи.
01959c40-7400-4c5c-8734-04ebc4bd68d6,2025-03-16,,пожар в ночном клубе «Pulse» в Кочани (Северная Македония). Погибли 59 человек.
0195a166-7000-4727-bc55-035dc516305b,2025-03-17,,Стюарт Янг сменил Кита Роули на посту премьер-министра Тринидада и Тобаго.
0195a68c-fc00-4f10-83f9-82be2d04ce88,2025-03-18,,Израиль возобновил удары по сектору Газа после двух месяцев перемирия.
0195a68c-fc00-4ba1-9ac9-0841338c42a0,2025-03-18,,Прошли телефонные переговоры между президентом РФ Владимиром Путиным и президентом США Дональдом Трампом.
0195abb3-7800-48ea-8dc2-a146ec53cbaf,2025-03-19,,задержан главный оппонент Эрдогана на выборах Экрем Имамоглу. Задержание произошло в Стамбуле по обвинению в коррупции и связях с террористами. Начались массовые протесты в Турции.
0195b5ff-f000-4e7e-98a6-6b36a3855675,2025-03-21,,Парламентские выборы на Кюрасао.
0195b5ff-f000-4c1a-ac4f-14625c448e5c,2025-03-21,,Атакована газоизмерительная станция «Суджа».
0195bb26-7c00-4946-b65a-e125d7828182,2025-03-22,,в США полиция нашла мёртвой бывшего прокурора штата Виргиния Джессику Абер.
0195c572-f400-4a74-ba16-4dedba3743b2,2025-03-24,,Хан Док Су по решению Конституционного суда снова стал исполняющим обязанности президента Республики Корея.
0195ca99-7000-4394-b2c4-f81cfd59251c,2025-03-25,,Вступил в должность президент Беларуси Александр Лукашенко.
0195ca99-7000-4bba-a065-85e5aadbe9b5,2025-03-25,,В Молдове была задержана глава Гагаузии Евгения Гуцул.
0195cfbf-fc00-4091-9eda-44180af9a25a,2025-03-26,,"в Южной Корее в результате лесных пожаров был уничтожен буддийский монастырь Гоунса, которому насчитывалось около 1300 лет. Монастырь, расположенный в уезде Ыйсон провинции Кёнсан-Пукто, был основан в 681 году монахом Силла. Некоторые национальные сокровища, такие как каменная статуя Будды IX века, удалось спасти заранее, переместив их в безопасное место."
0195d4e6-7800-49d3-ba6d-e1e7be65ed42,2025-03-27,,крушение батискафа «Синдбад» в Египте.
0195da0c-7400-45f5-97c0-f8cff6d871e4,2025-03-28,,"В центральной части Мьянмы произошло мощное землетрясение магнитудой 7,7. Эпицентр находился вблизи города Сикайн на глубине 10 км. Через 12 минут был зафиксирован повторный толчок магнитудой 6,4. Подземные толчки ощущались в Бангкоке (Таиланд)."
0195da0c-7400-4c78-8325-0ccdfbad8057,2025-03-28,,Президентские выборы в Того.
0195df32-f000-4955-a7d2-39986786ef54,2025-03-29,,Госдепартамент США принял решение о ликвидации USAID.
0195e459-7c00-40e7-9b3f-9f4f85c07754,2025-03-30,,землетрясение магнитудой 7 баллов произошло в Тонга.
0195f3cc-7000-490c-ad66-bd847765b403,2025-04-02,,Вступил в должность избранный президент частично признанной Республики Абхазия Бадра Гунба.
0195f3cc-7000-4da0-891b-a003ad82e4b0,2025-04-02,,"Президент США Дональд Трамп объявил о введении новых импортных тарифов, назвав этот день «Днём освобождения». Меры включают 10 % пошлину на все импортируемые товары, с более высокими ставками для отдельных стран."
0195fe18-f800-4034-9d50-d01ff4b48f5d,2025-04-04,,Конституционный суд Республики Корея утвердил импичмент президента Юн Сок Ёля.
0195fe18-f800-4d0e-a911-247dee8e9b29,2025-04-04,,"Вторжение России на Украину: ВС РФ нанесли ракетный удар по жилому микрорайону в Кривом Роге. 20 человек погибли, в том числе 9 детей, и 75 получили ранения."
0196033f-7400-4556-8609-d4a6ad144af0,2025-04-05,,в США прошли многотысячные протесты под общим названием «Руки прочь!» против политики Дональда Трампа и Илона Маска.
01960865-f000-416f-ae7a-5eeaabb42067,2025-04-06,,"российский хоккеист Александр Овечкин забил 895-ю шайбу в регулярных матчах НХЛ и стал лучшим бомбардиром в истории лиги, побив рекорд канадца Уэйна Гретцки."
01960d8b-fc00-41a5-a602-d466e678cbb2,2025-04-07,,празднование 100-летия со дня преставления святителя Тихона.
019612b2-7800-4d6f-848f-bdd6fecd92bb,2025-04-08,,"обрушение крыши ночного клуба Jet Set в Санто-Доминго, Доминиканская Республика. Погибли 226 человек, 200 получили ранения."
01961cff-7000-496d-9bb5-3559bc794194,2025-04-10,,"вертолёт Bell 206, на борту которого находились 6 испанских туристов, упал в реку Гудзон неподалёку от Нью-Йорка. Все находившиеся на борту погибли."
01962c72-7400-43aa-b7fa-82467051807d,2025-04-13,,Открытие Всемирной выставки 2025 в Осаке.
01962c72-7400-4390-a002-e51fd5eb7def,2025-04-13,,"Вторжение России на Украину: ВС РФ нанесли ракетный удар по Сумам, в результате чего погибли 35 человек, в том числе двое детей, и 117 получили ранения."
01964b58-7c00-4ef3-9327-a87d1bf4a7b8,2025-04-19,,"президент России Владимир Путин объявил о введении пасхального перемирия на линии боевых действий в Украине. Согласно заявлению, российские войска должны прекратить все боевые действия с 18:00 19 апреля до 00:00 21 апреля."
019655a5-7400-41c2-b842-4fc6c4b3c81b,2025-04-21,,Папа римский Франциск скончался в возрасте 88 лет.
019655a5-7400-435b-8b1a-cddecf3ad788,2025-04-21,,На границе с Россией задержан лидер абхазской оппозиции и бывший кандидат на пост президента Абхазии Адгур Ардзинба.
01965acb-7000-488d-a9ac-33684edf75d9,2025-04-22,,"близ района Пахалгама (Джамму и Кашмир, Индия) произошёл теракт, террористы открыли огонь по туристам, в результате чего погибли 26 человек, 17 человек получили ранения."
01965ff1-fc00-4261-9331-0d53dd419317,2025-04-23,,"в Стамбуле (Турция) произошло землетрясение магнитудой 6,2. Более 150 человек пострадали."
01966f64-f000-4856-b424-187e5943b96f,2025-04-26,,"Взрыв в порту города Бендер-Аббас в Иране. Погибло 46 человек, пострадало около 1 400 человек."
01966f64-f000-435d-9def-52e99584d667,2025-04-26,,Россия объявила о полном освобождении Курской области от вооружённых сил Украины.
01966f64-f000-48a5-be67-89bd94c51fba,2025-04-26,,В Риме при участии множества мировых лидеров и большом стечении народа прошла церемония похорон папы римского Франциска.
0196748b-7c00-4c49-a112-6f113f4e9259,2025-04-27,,автомобиль въехал в толпу во время фестиваля в Ванкувере. Погибло 11 человек.
019679b1-f800-49c0-a0fb-5bf073c178c8,2025-04-28,,Парламентские выборы в Канаде. Либеральная партия Канады под руководством Марка Карни одержала победу.
019679b1-f800-4c7c-a1d5-612d9e679a93,2025-04-28,,"Масштабное отключение электроэнергии произошло на юге Франции, в Испании и Португалии."
01967ed7-f400-4152-9727-5a4218124c4a,2025-04-29,,Боестолкновения на границе Индии и Пакистана.
01967ed7-f400-4e76-817f-78defd52e531,2025-04-29,,"Пожар в ресторане в Ляонине, Китай. 22 человека погибли и еще трое получили ранения"
019683fe-7000-4a89-bfa2-2358b3dae686,2025-04-30,,Парламентские выборы на Каймановых Островах.
019683fe-7000-4624-b54e-347614cba157,2025-04-30,,США и Украина подписали соглашение по полезным ископаемым.
01969371-7400-4126-9bfb-1ad8e7dedcbe,2025-05-03,,Парламентские выборы в Австралии. Победу одержали правящие лейбористы.
01969371-7400-4e04-bc5d-858ba2d388a2,2025-05-03,,Парламентские выборы в Сингапуре. Победу одержала правящая партия «Народное действие».
01969897-f000-4ca4-bd4b-fb6f227c5f6c,2025-05-04,,президентские выборы в Румынии. Во второй тур вышли Джордже Симион и Никушор Дан.
01969dbe-7c00-4f10-baf3-a38662c0307e,2025-05-05,,прекращение работы и закрытие социальной сети Skype.
0196a2e4-7800-44d6-8f3a-e35a87d61944,2025-05-06,,Нанесение Индией серии ракетных ударов по Пакистану в рамках операции «Синдур».
0196a2e4-7800-4136-bf7f-a4ac4608bd7e,2025-05-06,,Отставка Олафа Шольца. Новым федеральным канцлером Германии стал Фридрих Мерц.
0196a80a-f400-4865-952b-598dfd81bb52,2025-05-07,,начало конклава в Риме (выборы 267-го папы римского).
0196ad31-7000-47f0-bebd-f5612fc58e17,2025-05-08,,"конклав избрал папой римским американца Роберта Превоста, взявшего имя Лев XIV."
0196b257-7c00-4292-9f28-16aa81c8054b,2025-05-09,,празднование 80-летия победы в Великой Отечественной войне.
0196db8a-7c00-4d7b-a962-9e0d690de777,2025-05-09,2025-05-25,"Чемпионат мира по хоккею с шайбой 2025 проходит в Стокгольме, Швеция, и Хернинге, Дания."
0196b77d-f800-47b1-822d-9ef58b7b00ea,2025-05-10,,Пакистан объявил о начале операции «Нерушимая стена» против Индии и нанёс по ней серию ракетных ударов.
0196bca4-7400-443d-a404-1c019b52f59c,2025-05-11,,"парламентские выборы в Албании. Действующая Социалистическая партия во главе с Эди Рамой победила на переизбрании, сохранив большинство в правительстве."
0196c1ca-f000-45c4-85ba-1d2c7bcff378,2025-05-12,,Всеобщие выборы в Филиппинах.
0196c1ca-f000-4d3d-bc09-eb1b699b0bcf,2025-05-12,,Рабочая партия Курдистана объявила о самороспуске.
0196d13d-f400-49cf-a2e3-1ab5dfed345e,2025-05-13,2025-05-17,проведение 69-го конкурса песни «Евровидение» в Базеле (Швейцария).
0196d664-7000-471e-879f-a5191faf0e29,2025-05-16,,в Стамбуле прошли переговоры между делегациями России и Украины об урегулировании ситуации между двумя странами.
0196e0b0-f800-4661-a7d4-15353469543e,2025-05-18,,Первый тур президентских выборов в Польше. Во второй тур прошли кандидат от «Гражданской платформы» Рафал Тшасковский и кандидат от партии «Право и справедливость» Кароль Навроцкий.
0196e0b0-f800-4098-8940-dba7934cc9f7,2025-05-18,,Второй тур выборов президента Румынии. Победу одержал Никушор Дан.
0196e0b0-f800-45fa-951f-fe3b82ec121f,2025-05-18,,В Ватикане прошла церемония интронизации папы римского Льва XIV.
0196e0b0-f800-4808-9159-972eb12aff86,2025-05-18,,Внеочередные парламентские выборы в Португалии.
01977b2f-f000-49e3-9ed4-560b05defbc0,2025-05-20,2025-07-15,Принятие 17 Пакет Санкций против России.
019704bd-7c00-490a-a4c9-5dcc6810cbcd,2025-05-25,,Парламентские выборы в Суринаме.
019704bd-7c00-42e4-94c2-8fef5e5fb9aa,2025-05-25,,Парламентские выборы в Венесуэле.
019709e3-f800-4f33-afc9-cc9942402b55,2025-05-26,,Никушор Дан вступил в должность президента Румынии.
01971430-7000-49b7-bb52-91f74b1f6f02,2025-05-28,,массовое убийство в Байкальске (Иркутская область).
01972636-f200-4c78-88dd-4eea75484b5a,2025-05-31,2025-06-01,"серия крушений поездов под Брянском и Курском в результате обрушения железнодорожных мостов. Погибло 7 человек, более 120 пострадали."
019728c9-f000-4821-9d43-c213b5ebb02b,2025-06-01,,Празднование 1700-летия первого Вселенского Собора.
019728c9-f000-4893-95db-c20175ecdb36,2025-06-01,,Второй тур выборов президента Польши. Победу одержал Кароль Навроцкий.
019728c9-f000-44e0-b2a8-955e527969dc,2025-06-01,,"Операция «Паутина» — массовая атака Украины на российские военные аэродромы «Дягилево», «Оленья», «Иваново» и «Белая»."
01972df0-7c00-4865-8dab-c3774af2c92c,2025-06-02,,в Стамбуле прошёл второй тур прямых российско-украинских переговоров.
01973316-7800-4170-9a75-07e0bd73f69d,2025-06-03,,президентские выборы в Южной Корее. Победу одержал Ли Чжэ Мён.
0197383c-f400-4ef5-86d3-affa7b191729,2025-06-04,,"Дональд Трамп подписал новый закон, который запрещает въезд на территорию США гражданским лицам из 19 стран мира (12 — с полным запретом, 7 — с частичным запретом)."
01974289-fc00-40a9-bd1a-5d915c8c58fd,2025-06-06,,"протесты в Лос-Анджелесе после того, как Иммиграционная и таможенная полиция США вошла в несколько городских районов, чтобы арестовать нелегальных иммигрантов."
01975722-fc00-4650-add2-17786ae4f666,2025-06-10,,"стрельба в школе в городе Грац (Австрия): 11 человек погибли, 30 получили ранения."
0197616f-f400-4cdc-b011-7c63509f23ae,2025-06-12,,крушение Boeing 787 под Ахмадабадом в Индии. Самолёт упал на здание общежития. На борту находилось 242 человека. Выжил лишь один человек.
01976696-7000-4a05-af69-bae768b6a42b,2025-06-13,,Израиль нанёс серию ракетных ударов по Ирану в рамках военной операции «Народ как лев».
0197b8fb-f000-4e0e-8485-f9d6caa1aa5b,2025-06-15,2025-07-13,Клубный чемпионат мира по футболу 2025 проходит в США.
01977609-7400-4d2f-9573-fc0b1fd13c29,2025-06-15,2025-06-17,51-й саммит G7 в Канаде.
019794ef-7c00-4f42-8f82-15dbcc71a645,2025-06-22,,США нанесли удары по ядерным объектам в Иране.
019794ef-7c00-421e-b477-77fb32cf6c7c,2025-06-22,,"Нападение исламистских боевиков на храм святого Илии в Дамаске. Погибло 25 человек, 63 пострадало."
01979a15-f800-4cd8-b6b2-a2504b8adf4a,2025-06-23,,"Иран нанёс ракетные удары по американским военным базам в Катаре и Ираке в ответ на авиаудары США, совершённые накануне."
0197a1cf-7200-4fca-b3d7-320004a1bd3e,2025-06-24,2025-06-25,саммит НАТО в Нидерландах.
01979f3c-7400-432a-a610-a481e9e78fb4,2025-06-24,,Дональд Трамп объявил перемирие между Ираном и Израилем.
0197aeaf-7800-4d1d-bcba-05e6f9ef95e4,2025-06-27,,Руанда и Демократическая Республика Конго подписали соглашение о мирном урегулировании конфликта на востоке Демократической Республики Конго.
0197b3d5-7400-4584-b112-3c3ac87ac51c,2025-06-28,,акции протеста в Сербии.
0197df9b-f200-4e46-8c0e-8fba3f167a03,2025-06-30,2025-07-13,Уимблдонский турнир 2025.
0197c348-f800-4231-8848-7089a51c9c16,2025-07-01,,Конституционный суд Таиланда приостановил полномочия премьер-министра Пхэтхонгтхан Чиннавата из-за скандала с утечкой телефонного разговора. Временным главой правительства назначен Сурия Чунгрунгрыангкит.
0197cd95-7000-412c-b3ff-abc71991d3f3,2025-07-03,,Произошёл массовый сбой во «ВКонтакте».
0197cd95-7000-4392-9453-4242d82f648c,2025-07-03,,Россия официально признала Исламский Эмират Афганистан.
0197da75-7600-4ef8-88eb-6bc84ae94ed8,2025-07-05,2025-07-06,"в Техасе (США) произошло внезапное наводнение из-за проливных дождей, погибли не менее 145 человек."
0197df9b-f200-44e8-bea2-a1cac4f0e221,2025-07-06,2025-07-07,саммит БРИКС в Рио-де-Жанейро (Бразилия).
0197dd08-7400-4c30-a64e-46141b729d93,2025-07-06,,в ОАЭ была запущена программа «золотых виз».
0197e22e-f000-47b7-a5c2-9ef6bafd5f73,2025-07-07,,министр транспорта Российской Федерации Роман Старовойт застрелился в Подмосковье.
01983201-7200-4aaa-adad-31f47d197795,2025-07-11,2025-08-03,Чемпионат мира по водным видам спорта 2025 в Сингапуре.
01980114-f800-402a-8458-9ef253ffc84b,2025-07-13,,столкновения на юге Сирии.
01981087-fc00-4a1b-b41b-d8ee5be069e3,2025-07-16,,израильская авиация нанесла удары по президентскому дворцу и Генеральному штабу Сирии в Дамаске.
01982cda-f600-4a09-b660-6cb70a97c615,2025-07-16,2025-07-27,в Германии проходит Всемирная летняя Универсиада.
0198131b-7a00-430d-84a8-3d9f28e72ab7,2025-07-16,2025-07-17,Денис Шмыгаль покинул пост премьер-министра Украины; новым главой правительства назначена Юлия Свириденко.
0198ffff-f200-4b06-8255-6eef2a87d975,2025-07-18,2025-10-15,Принятие 18 Пакет санкций против России.
01981ffb-7000-40a0-9cc1-5ff0c182a719,2025-07-19,,"в бухте Халонг (Вьетнам) во время шторма затонуло судно, погибли не менее 37 человек."
01982a47-f800-4e19-9bf9-aca541631b84,2025-07-21,,"в Бангладеш военный самолёт упал на территорию школьного кампуса, погибли 32 человека."
01982f6e-7400-4bdb-b722-d887f8480b9e,2025-07-22,,"в Киеве, во Львове и Одессе протестующие вышли против лишения НАБУ и САП независимого статуса."
019839ba-fc00-4cea-8adb-af527f62f4c6,2025-07-24,,Пассажирский самолёт Ан-24 разбился вблизи аэропорта Тынды (Амурская область). Все 48 человек на борту погибли.
019839ba-fc00-4d9e-aeae-137ead489a2c,2025-07-24,,Вооружённый конфликт на границе Таиланда и Камбоджи.
01983ee1-7800-45a2-8f6c-1b22d6f964d5,2025-07-25,,Введено военное положение в восьми провинциях Таиланда на границе с Камбоджей.
01983ee1-7800-4b6c-a6fe-9e47c56bcee9,2025-07-25,,"Взрыв газа в жилом доме в Саратове, погибли семь человек."
0198492d-f000-456c-a578-801a84109fcc,2025-07-27,,нападение боевиков на посёлок Команда и христианскую церковь в Демократической Республике Конго.
019858a0-f400-4e68-b5f6-255aee69cd04,2025-07-30,,"у берегов Камчатки произошло мощное землетрясение магнитудой 8,8, вызвавшее угрозу цунами. Данное землетрясение стало сильнейшим с 1952 года на территории Камчатского края и Сахалинской области."
01985dc7-7000-43b0-a490-12a185846a20,2025-07-31,,"в результате российского удара по Киеву погиб 31 человек, среди них — пять детей. 159 пострадали."
019862ed-fc00-4861-ad00-36356252075b,2025-08-01,,Apple продала трёхмиллиардный смартфон.
019862ed-fc00-4911-9e8a-8382f830c292,2025-08-01,,Экс-президент Колумбии Альваро Урибе Велес приговорён решением суда к 12 годам тюремного заключения.
01986d3a-7400-485d-8f1d-812c619890f5,2025-08-03,,"у берегов Йемена перевернулась лодка с мигрантами из Эфиопии, погибли не менее 68 человек, более 70 пропали без вести."
01987cad-7800-4795-8c31-7432427a99d3,2025-08-06,,Кароль Навроцкий вступил в должность президента Польши.
019886fa-7000-4b25-b037-0ed84ded2b6f,2025-08-08,,"в Белом доме (Вашингтон, США) президенты Азербайджана и Армении Ильхам Алиев и Никол Пашинян подписали мирное соглашение о прекращении боевых действий при посредничестве президента США Дональда Трампа."
0198ab06-f400-4ece-9ea6-e178ee55ae6f,2025-08-15,,На Аляске прошли переговоры между Владимиром Путиным и Дональдом Трампом о ситуации на Украине.
0198ab06-f400-4aa9-a6cc-a29104536395,2025-08-15,,Серия наводнений в Индии и Пакистане из-за сильных проливных дождей. Погибли более 650 человек.
0198ab06-f400-4e56-9b3e-7fad056017a5,2025-08-15,,"Взрыв на заводе «Эластик» в Рязанской области. Погибло 28 человек, 164 пострадали."
0198b553-7c00-4ff4-b330-9d6503c03bd3,2025-08-17,,всеобщие выборы в Боливии.
0198ba79-f800-4be4-b6b3-eaeef86e86cb,2025-08-18,,в Белом доме состоялась встреча президентов США и Украины — Дональда Трампа и Владимира Зеленского.
01992bc5-f000-407c-ad24-96a35954428f,2025-08-22,2025-09-27,Чемпионат мира по регби среди женщин 2025 проходит в Англии.
0198e8d3-7400-44be-a822-25d92f5864c6,2025-08-27,,"землетрясение в Дагестане. Сила подземных толчков достигала от 5,4 до 6 баллов."
0198edf9-7000-44a9-92eb-045efd412df5,2025-08-28,,"В результате российского удара по Киеву погибли 23 человека, в том числе четверо детей, 63 человека получили ранения."
0198edf9-7000-4044-9b9d-36ef6e9c9dd9,2025-08-28,,"Израильская авиация нанесла авиаудар по столице Йемена Сане, в результате чего погибли премьер-министр правительства хуситов Ахмед ар-Рахави и несколько членов его кабинета."
0198f846-7800-4734-b545-785b69e878e9,2025-08-30,,На Украине убит экс-спикер Верховной Рады Андрей Парубий.
0198f846-7800-4871-b8d0-0611f6d27c8e,2025-08-30,,Массовые беспорядки в Индонезии.
0198fd6c-7400-434e-9db6-09f106a54e21,2025-08-31,,"в Афганистане произошло землетрясение магнитудой 6,0. Погибли более 800 человек."
01990cdf-f800-4d9e-953d-21500cdb71dc,2025-09-03,,Парад Победы в Пекине в честь 80-летия победы над милитаристской Японией.
01990cdf-f800-422d-822e-5c8aff632e9b,2025-09-03,,Сход с рельсов фуникулёра в Лиссабоне. Погибли 15 человек.
01991499-7200-4b80-8a63-752689715665,2025-09-03,2025-09-06,X Восточный экономический форум во Владивостоке.
01991c52-fc00-492b-bd8b-d9367b99c471,2025-09-06,,завершился первый этап вывода американских войск из Ирака.
0199269f-7400-4aba-9671-e8d47b9bcd16,2025-09-08,,парламентские выборы в Норвегии.
01992bc5-f000-4c72-acca-1f155a39a4c5,2025-09-09,,В Нью-Йорке открылась восьмидесятая сессия Генеральной Ассамблеи ООН.
01992bc5-f000-48ef-b432-c686a21fa64d,2025-09-09,,"Антиправительственные акции протеста в Непале. Подожжены здания Парламента и Верховного Суда. Погибли 22 человека, несколько сотен получили ранения. Премьер-министр страны Кхадга Прасад Шарма Оли и ряд членов правительства подали в отставку."
01992bc5-f000-489e-8847-996b2834cc1f,2025-09-09,,Армия обороны Израиля нанесла удар по офису ХАМАСа в Катаре.
019930ec-7c00-4dec-a801-77c0123d39c2,2025-09-10,,убийство политического активиста Чарли Кирка во время выступления перед студентами Университета долины Юта.
01993dcb-f200-4ec7-a42e-1e7cf1945610,2025-09-11,2025-09-14,турнир по Dota 2 The International 2025.
0199646b-f400-477f-af54-df77c7459de8,2025-09-12,2025-09-28,Чемпионат мира по волейболу среди мужчин 2025 в Пасае и Кесон-Сити на Филиппинах.
01993b38-f400-483e-bb47-d7850fcf75cc,2025-09-12,,бывший президент Бразилии Жаир Болсонару приговорён решением суда к 27 годам и 3 месяцам тюремного заключения.
019954f8-f000-4717-92f1-7f3b4b7ce274,2025-09-13,2025-09-21,"Чемпионат мира по лёгкой атлетике 2025 в Токио, Япония."
01994585-7c00-4c35-91b1-a98f4b14ce0d,2025-09-14,,единый день голосования в России.
01994fd2-7400-4332-9f5b-a95d87a88009,2025-09-16,,всеобщие выборы в Малави.
01995a1e-fc00-42db-9627-ee5dfe740f57,2025-09-18,,"на Камчатке зафиксировано землетрясение магнитудой 7,2."
0199646b-f400-47ff-bfe7-cf3d10687798,2025-09-20,,проведение конкурса песни «Интервидение» в Москве. Победу одержал вьетнамский певец Дык Фук.
019973de-f800-4540-88c9-d9369d487b21,2025-09-23,,"Международный уголовный суд представил подтверждение обвинений в преступлениях против человечности, совершённых бывшим президентом Филиппин Родриго Дутерте."
01997e2b-7000-4b2b-b7d6-4a385a5b6932,2025-09-25,,Парламент Кыргызстана объявил о самороспуске.
01997e2b-7000-40e9-bc39-335f12f553d6,2025-09-25,,Бывший президент Франции Николя Саркози приговорён к 5 годам тюремного заключения.
